{"type": "FeatureCollection", "name": "council-land-use-actions", "features": [{"type": "Feature", "geometry": {"type": "Point", "coordinates": [-80.023546, 40.455601]}, "properties": {"matter_id": 4482, "file_number": "2000-0312", "matter_type": "Resolution", "action_category": "conditional_use", "action_subtype": "cu_use_approval", "residential_relevance": "non_residential", "title": "Resolution approving a Conditional Use exception under Section 911.04.A.64 of the Pittsburgh Code, Title Nine, Zoning, Article V, Chapter 911 to the Manchester Youth Development Center for authorization to construct a 3-story and basement extension to the western side, a 2-story extension to the front, and interior renovations to the existing charter school building located at 1214 - 1232 Liverpool Street; with two temporary trailers to be replaced by surface parking located on property between Decatur and North Franklin Streets and identified as lots numbered 124, 124A, 125, 126, 128, 128A and 128B all in Block No. 22-L in the Allegheny County Lot and Block System; all on property zoned \"RM-3\" Residential Multi-Unit, Moderate Density District, 21st Ward.", "intro_date": "2000-03-21", "status_legistar": "Passed Finally", "status": "adopted", "final_action": "Passed pursuant to Case Law", "final_action_date": "2000-05-02", "passed_date": "2000-05-02", "mayor_signed_date": "", "days_intro_to_final": 42, "passed_pursuant_to_case_law": true, "public_hearing_held_date": "2000-04-19", "referred_to_planning_commission_in_history": true, "vote_action": "Passed pursuant to Case Law", "vote_date": "2000-05-02", "votes_aye": "", "votes_nay": "", "votes_abstain": "", "votes_absent_or_other": "", "votes_other_detail": "", "vote_source": "votes_endpoint_http_500", "from_districts": "", "to_districts": "", "from_to_pairs": "", "multi_unit_code_change_today": "", "byright_ceiling_effect_today": "", "cu_district_zoned": "RM-3", "housing_typology": "", "units_stated": "", "beds_or_residents_stated": "", "addresses": "1214 - 1232 Liverpool Street", "parcels": "", "legistar_api_url": "https://webapi.legistar.com/v1/pittsburgh/matters/4482", "legistar_web_url": "https://pittsburgh.legistar.com/gateway.aspx?M=F&ID=5B18E1A5-90E8-44F6-8415-6D9F4A5DF0CF", "geocode_method": "census_geocoder_onelineaddress", "geocode_detail": "input '1214 - 1232 Liverpool Street, Pittsburgh, PA' -> '1232 LIVERPOOL ST, PITTSBURGH, PA, 15233'", "parcels_matched": "", "as_of": "2026-09-26"}}, {"type": "Feature", "geometry": {"type": "Point", "coordinates": [-80.038932, 40.479513]}, "properties": {"matter_id": 5615, "file_number": "2000-0852", "matter_type": "Resolution", "action_category": "conditional_use", "action_subtype": "cu_use_approval", "residential_relevance": "non_residential", "title": "Resolution approving a Conditional Use exception under Section 911.04.A.64 of the Pittsburgh Code, Title Nine, Zoning, Article V, Chapter 911 to the Board of Public Education of Pittsburgh for authorization to construct a two-story extension to Rooney Middle School with gymnasium, locker rooms, and classrooms located at 3530 Fleming Avenue on property zoned \"RT-2\" Residential Two-Unit, Low Density District, 27th Ward.", "intro_date": "2000-08-29", "status_legistar": "Passed Finally", "status": "adopted", "final_action": "Passed pursuant to Case Law", "final_action_date": "2000-11-20", "passed_date": "2000-11-20", "mayor_signed_date": "", "days_intro_to_final": 83, "passed_pursuant_to_case_law": true, "public_hearing_held_date": "2000-11-09", "referred_to_planning_commission_in_history": false, "vote_action": "Passed pursuant to Case Law", "vote_date": "2000-11-20", "votes_aye": "", "votes_nay": "", "votes_abstain": "", "votes_absent_or_other": "", "votes_other_detail": "", "vote_source": "votes_endpoint_http_500", "from_districts": "", "to_districts": "", "from_to_pairs": "", "multi_unit_code_change_today": "", "byright_ceiling_effect_today": "", "cu_district_zoned": "RT-2", "housing_typology": "", "units_stated": "", "beds_or_residents_stated": "", "addresses": "3530 Fleming Avenue", "parcels": "", "legistar_api_url": "https://webapi.legistar.com/v1/pittsburgh/matters/5615", "legistar_web_url": "https://pittsburgh.legistar.com/gateway.aspx?M=F&ID=A88E6781-CAC7-45EC-98BD-61E1E6B6B3D9", "geocode_method": "census_geocoder_onelineaddress", "geocode_detail": "input '3530 Fleming Avenue, Pittsburgh, PA' -> '3530 FLEMING AVE, PITTSBURGH, PA, 15212'", "parcels_matched": "", "as_of": "2026-09-26"}}, {"type": "Feature", "geometry": {"type": "Point", "coordinates": [-79.901905, 40.479392]}, "properties": {"matter_id": 4102, "file_number": "2001-1235", "matter_type": "Resolution", "action_category": "conditional_use", "action_subtype": "cu_use_approval", "residential_relevance": "non_residential", "title": "Resolution approving a Conditional Use Exception under Section 911.04.A.13(b) of the Pittsburgh Code, Title Nine, Zoning, Article V, Chapter 911, for authorization to construct two 350 ft. and one 300 ft. communication tower for AM radio transmission each with a 7 ft. by 7 ft. electronic equipment building at its base and a 900 sq. ft. maintenance building on property located at 7155 Highland Drive, zoned \"EMI\" Education/Medical Institution District and \"PO\" Park and Open Space District, 12th Ward.", "intro_date": "2000-12-19", "status_legistar": "Passed Finally", "status": "adopted", "final_action": "Passed pursuant to Case Law", "final_action_date": "2001-03-13", "passed_date": "2001-03-13", "mayor_signed_date": "", "days_intro_to_final": 84, "passed_pursuant_to_case_law": true, "public_hearing_held_date": "", "referred_to_planning_commission_in_history": true, "vote_action": "Passed pursuant to Case Law", "vote_date": "2001-03-13", "votes_aye": "", "votes_nay": "", "votes_abstain": "", "votes_absent_or_other": "", "votes_other_detail": "", "vote_source": "votes_endpoint_http_500", "from_districts": "", "to_districts": "", "from_to_pairs": "", "multi_unit_code_change_today": "", "byright_ceiling_effect_today": "", "cu_district_zoned": "EMI", "housing_typology": "", "units_stated": "", "beds_or_residents_stated": "", "addresses": "7155 Highland Drive", "parcels": "", "legistar_api_url": "https://webapi.legistar.com/v1/pittsburgh/matters/4102", "legistar_web_url": "https://pittsburgh.legistar.com/gateway.aspx?M=F&ID=4668DFF8-5FC9-4BD3-A995-FBD5AAC5296E", "geocode_method": "census_geocoder_onelineaddress", "geocode_detail": "input '7155 Highland Drive, Pittsburgh, PA' -> '7155 HIGHLAND DR, PITTSBURGH, PA, 15206'", "parcels_matched": "", "as_of": "2026-09-26"}}, {"type": "Feature", "geometry": {"type": "Point", "coordinates": [-79.919107, 40.463334]}, "properties": {"matter_id": 3590, "file_number": "2001-1361", "matter_type": "Ordinance", "action_category": "map_amendment", "action_subtype": "area_wide_remap", "residential_relevance": "area_wide_remap_mixed", "title": "An Ordinance amending the Pittsburgh Zoning Code, Title Nine, Zoning, Article 1, Chapter 902, Section 902.03, Zoning District Maps No. 11 and 16 by changing various zoning district classifications in the East Liberty community in accord with the Pittsburgh Neighborhood Remapping Project relative to the City's new Urban Zoning Code.", "intro_date": "2001-02-06", "status_legistar": "Passed Finally", "status": "adopted", "final_action": "Passed Finally", "final_action_date": "2001-04-09", "passed_date": "2001-04-09", "mayor_signed_date": "2001-04-20", "days_intro_to_final": 62, "passed_pursuant_to_case_law": false, "public_hearing_held_date": "2001-03-29", "referred_to_planning_commission_in_history": false, "vote_action": "Passed Finally", "vote_date": "2001-04-09", "votes_aye": "", "votes_nay": "", "votes_abstain": "", "votes_absent_or_other": "", "votes_other_detail": "", "vote_source": "votes_endpoint_http_500", "from_districts": "LNC|UNC|NDI|RT-2|RM-3|P|RM-4|UI|AP|CP", "to_districts": "UI|RM-3|RT-3|H|RSA-4|RT-4|EMI|RP|HC|UNC", "from_to_pairs": "", "multi_unit_code_change_today": "", "byright_ceiling_effect_today": "", "cu_district_zoned": "", "housing_typology": "", "units_stated": "", "beds_or_residents_stated": "", "addresses": "", "parcels": "83-S-192|125-K-250|83-L-316|83-G-316", "legistar_api_url": "https://webapi.legistar.com/v1/pittsburgh/matters/3590", "legistar_web_url": "https://pittsburgh.legistar.com/gateway.aspx?M=F&ID=950B22C9-3C02-424C-BFDF-5F2E43227FFC", "geocode_method": "allegheny_parcel_centroid", "geocode_detail": "1 of 4 parcel ids matched MAPBLOCKLOT", "parcels_matched": "83-S-192", "as_of": "2026-09-26"}}, {"type": "Feature", "geometry": {"type": "Point", "coordinates": [-79.942416, 40.446637]}, "properties": {"matter_id": 380, "file_number": "2001-1917", "matter_type": "Resolution", "action_category": "conditional_use", "action_subtype": "cu_use_approval", "residential_relevance": "group_quarters_use", "title": "Resolution approving a Conditional Use exception under Section 911.04.A.23 of the Pittsburgh Code, Title Nine, Zoning, Article V, Chapter 911 to Carnegie-Mellon University for authorization to construct a 5-story dormitory to house 250 students located at 1030 Morewood Avenue on property zoned \"EMI\" Educational-Medical Institution District, 14th Ward.", "intro_date": "2001-06-26", "status_legistar": "Passed Finally", "status": "adopted", "final_action": "Passed pursuant to Case Law", "final_action_date": "2001-09-04", "passed_date": "2001-09-18", "mayor_signed_date": "", "days_intro_to_final": 84, "passed_pursuant_to_case_law": true, "public_hearing_held_date": "2001-07-25", "referred_to_planning_commission_in_history": false, "vote_action": "Passed pursuant to Case Law", "vote_date": "2001-09-04", "votes_aye": 9, "votes_nay": 0, "votes_abstain": 0, "votes_absent_or_other": 0, "votes_other_detail": "", "vote_source": "eventitems/8410/votes", "from_districts": "", "to_districts": "", "from_to_pairs": "", "multi_unit_code_change_today": "", "byright_ceiling_effect_today": "", "cu_district_zoned": "EMI", "housing_typology": "student_housing_dormitory", "units_stated": "", "beds_or_residents_stated": "250", "addresses": "1030 Morewood Avenue", "parcels": "", "legistar_api_url": "https://webapi.legistar.com/v1/pittsburgh/matters/380", "legistar_web_url": "https://pittsburgh.legistar.com/gateway.aspx?M=F&ID=A614CE16-8358-43FB-8750-ED417872E7E3", "geocode_method": "census_geocoder_onelineaddress", "geocode_detail": "input '1030 Morewood Avenue, Pittsburgh, PA' -> '1030 MOREWOOD AVE, PITTSBURGH, PA, 15213'", "parcels_matched": "", "as_of": "2026-09-26"}}, {"type": "Feature", "geometry": {"type": "Point", "coordinates": [-79.963642, 40.441089]}, "properties": {"matter_id": 421, "file_number": "2001-1953", "matter_type": "Resolution", "action_category": "conditional_use", "action_subtype": "cu_use_approval", "residential_relevance": "non_residential", "title": "Resolution approving the Project Area Master Plan dated August 27, 2001 and a Conditional Use exception under Section 911.04.A.29 of the Pittsburgh Code, Title Nine, Zoning, Article V, Chapter 911 to UPMC Health System for authorization to construct a helipad on the roof of the new five-story Children's Hospital to be located on property bounded by Fifth Avenue, Darragh Street, Terrace Street and the rear property lines of properties located along the easterly side of Chesterfield Road on property zoned \"EMI\" Education/Medical Institution District, 4th Ward.", "intro_date": "2001-07-10", "status_legistar": "Passed Finally", "status": "adopted", "final_action": "Passed pursuant to Case Law", "final_action_date": "2001-09-25", "passed_date": "", "mayor_signed_date": "", "days_intro_to_final": "", "passed_pursuant_to_case_law": true, "public_hearing_held_date": "", "referred_to_planning_commission_in_history": true, "vote_action": "Passed pursuant to Case Law", "vote_date": "2001-09-25", "votes_aye": 8, "votes_nay": 0, "votes_abstain": 0, "votes_absent_or_other": 1, "votes_other_detail": "Absent=1", "vote_source": "eventitems/10011/votes", "from_districts": "", "to_districts": "", "from_to_pairs": "", "multi_unit_code_change_today": "", "byright_ceiling_effect_today": "", "cu_district_zoned": "EMI", "housing_typology": "", "units_stated": "", "beds_or_residents_stated": "", "addresses": "3418 Terrace Street", "parcels": "", "legistar_api_url": "https://webapi.legistar.com/v1/pittsburgh/matters/421", "legistar_web_url": "https://pittsburgh.legistar.com/gateway.aspx?M=F&ID=7C52EEB9-A49D-41F6-BA82-034EC1CC285A", "geocode_method": "census_geocoder_onelineaddress", "geocode_detail": "input '3418 Terrace Street, Pittsburgh, PA' -> '3418 TERRACE ST, PITTSBURGH, PA, 15213'", "parcels_matched": "", "as_of": "2026-09-26"}}, {"type": "Feature", "geometry": {"type": "Point", "coordinates": [-79.923674, 40.447997]}, "properties": {"matter_id": 641, "file_number": "2001-2136", "matter_type": "Resolution", "action_category": "conditional_use", "action_subtype": "cu_use_approval", "residential_relevance": "non_residential", "title": "Resolution approving a conditional Use exception under Section 993.01(a)A(9) of the Pittsburgh Code, Title Nine, Zoning, Chapter 993 to Chatham College for authorization to provide a total of 109 parking spaces in three separate parking areas identified as the Berry lot, the Rea/Laughlin lot and the Beatty lot located on the Campus of Chatham College at 1035 Woodland Road on property zoned \"RM-M\" Residential Multi-Unit, Moderate Density District, 14th Ward.", "intro_date": "2001-09-25", "status_legistar": "Passed Finally", "status": "adopted", "final_action": "Returned Unsigned", "final_action_date": "2001-10-30", "passed_date": "2001-10-30", "mayor_signed_date": "", "days_intro_to_final": 35, "passed_pursuant_to_case_law": false, "public_hearing_held_date": "2001-10-17", "referred_to_planning_commission_in_history": false, "vote_action": "Passed Finally", "vote_date": "2001-10-30", "votes_aye": 9, "votes_nay": 0, "votes_abstain": 0, "votes_absent_or_other": 0, "votes_other_detail": "", "vote_source": "eventitems/11749/votes", "from_districts": "", "to_districts": "", "from_to_pairs": "", "multi_unit_code_change_today": "", "byright_ceiling_effect_today": "", "cu_district_zoned": "RM-M", "housing_typology": "", "units_stated": "", "beds_or_residents_stated": "", "addresses": "1035 Woodland Road", "parcels": "", "legistar_api_url": "https://webapi.legistar.com/v1/pittsburgh/matters/641", "legistar_web_url": "https://pittsburgh.legistar.com/gateway.aspx?M=F&ID=EF347DF6-6C61-4AC6-9C6D-CEB46A64ECF9", "geocode_method": "census_geocoder_onelineaddress", "geocode_detail": "input '1035 Woodland Road, Pittsburgh, PA' -> '1035 WOODLAND RD, PITTSBURGH, PA, 15232'", "parcels_matched": "", "as_of": "2026-09-26"}}, {"type": "Feature", "geometry": {"type": "Point", "coordinates": [-79.923674, 40.447997]}, "properties": {"matter_id": 642, "file_number": "2001-2137", "matter_type": "Resolution", "action_category": "conditional_use", "action_subtype": "cu_use_approval", "residential_relevance": "non_residential", "title": "Resolution approving a Conditional Use exception under Section 993.01(a)A(9) of the Pittsburgh Code, Title Nine, Zoning, Chapter 993 to Chatham College for authorization to construct a two-story gymnasium building with four levels including 2 levels below grade, along with a new 80-space parking lot located east of Woodland Road, to be located on the Campus of Chatham College at 1035 Woodland Road on property zoned \"RM-M\" Residential Multi-Unit, Moderate Density District, 14th Ward; and to modify Certified Conditional Use No. 242 by relocating the dividing chain in the parking lot identified as the Library/Theater Lot so as to create a 135-space parking facility and prohibit valet parking in that lot upon completion of the 80-space parking facility.", "intro_date": "2001-09-25", "status_legistar": "Passed Finally", "status": "adopted", "final_action": "Passed Finally", "final_action_date": "2001-10-30", "passed_date": "2001-10-30", "mayor_signed_date": "", "days_intro_to_final": 35, "passed_pursuant_to_case_law": false, "public_hearing_held_date": "2001-10-17", "referred_to_planning_commission_in_history": false, "vote_action": "Passed Finally", "vote_date": "2001-10-30", "votes_aye": 9, "votes_nay": 0, "votes_abstain": 0, "votes_absent_or_other": 0, "votes_other_detail": "", "vote_source": "eventitems/11750/votes", "from_districts": "", "to_districts": "", "from_to_pairs": "", "multi_unit_code_change_today": "", "byright_ceiling_effect_today": "", "cu_district_zoned": "RM-M", "housing_typology": "", "units_stated": "", "beds_or_residents_stated": "", "addresses": "1035 Woodland Road", "parcels": "", "legistar_api_url": "https://webapi.legistar.com/v1/pittsburgh/matters/642", "legistar_web_url": "https://pittsburgh.legistar.com/gateway.aspx?M=F&ID=53CC30F7-3BA6-451F-BB08-26C7C86DD710", "geocode_method": "census_geocoder_onelineaddress", "geocode_detail": "input '1035 Woodland Road, Pittsburgh, PA' -> '1035 WOODLAND RD, PITTSBURGH, PA, 15232'", "parcels_matched": "", "as_of": "2026-09-26"}}, {"type": "Feature", "geometry": {"type": "Point", "coordinates": [-79.893972, 40.45277]}, "properties": {"matter_id": 664, "file_number": "2001-2156", "matter_type": "Resolution", "action_category": "conditional_use", "action_subtype": "cu_use_approval", "residential_relevance": "non_residential", "title": "Resolution approving a Conditional Use exception under Section 911.04.A.64 of the Pittsburgh Code, Title Nine, Zoning, Chapter 911 to the Board of Public Education of Pittsburgh for authorization to construct a 2-story elementary school for kindergarten through fifth grade and a maximum of 300 students to be located on a site at 7400 Tioga Street on property zoned \"R1A-M\", Residential Single-Unit Attached, Moderate Density District, 13th Ward.", "intro_date": "2001-10-02", "status_legistar": "Passed Finally", "status": "adopted", "final_action": "Passed Finally", "final_action_date": "2001-12-18", "passed_date": "2002-01-04", "mayor_signed_date": "", "days_intro_to_final": 94, "passed_pursuant_to_case_law": false, "public_hearing_held_date": "2001-11-07", "referred_to_planning_commission_in_history": false, "vote_action": "Passed Finally", "vote_date": "2001-12-18", "votes_aye": 9, "votes_nay": 0, "votes_abstain": 0, "votes_absent_or_other": 0, "votes_other_detail": "", "vote_source": "eventitems/15529/votes", "from_districts": "", "to_districts": "", "from_to_pairs": "", "multi_unit_code_change_today": "", "byright_ceiling_effect_today": "", "cu_district_zoned": "R1A-M", "housing_typology": "", "units_stated": "", "beds_or_residents_stated": "300", "addresses": "7400 Tioga Street", "parcels": "", "legistar_api_url": "https://webapi.legistar.com/v1/pittsburgh/matters/664", "legistar_web_url": "https://pittsburgh.legistar.com/gateway.aspx?M=F&ID=20067E07-F92B-4772-A2D1-DA10199B07AE", "geocode_method": "census_geocoder_onelineaddress", "geocode_detail": "input '7400 Tioga Street, Pittsburgh, PA' -> '7400 TIOGA ST, PITTSBURGH, PA, 15208'", "parcels_matched": "", "as_of": "2026-09-26"}}, {"type": "Feature", "geometry": {"type": "Point", "coordinates": [-79.918274, 40.462808]}, "properties": {"matter_id": 1269, "file_number": "2002-0229", "matter_type": "Resolution", "action_category": "conditional_use", "action_subtype": "cu_use_approval", "residential_relevance": "non_residential", "title": "Resolution approving a Conditional Use exception under Section 911.04.A.64 of the Pittsburgh Code, Title Nine, Zoning, Article V, Chapter 911 to Everlasting Covenant Church, for authorization to occupy an existing 4-story structure as an elementary charter school for grades K thru 5 and to construct a 4-story extension on the westerly side of the structure, with parking for 49 automobiles, on property located at 130 Larimer Avenue and zoned \"RM-M\" Residential Multi-Unit Moderate Density, 11th Ward.", "intro_date": "2002-03-05", "status_legistar": "Passed Finally", "status": "adopted", "final_action": "Passed pursuant to Case Law", "final_action_date": "2002-05-28", "passed_date": "2002-05-28", "mayor_signed_date": "", "days_intro_to_final": 84, "passed_pursuant_to_case_law": true, "public_hearing_held_date": "2002-04-30", "referred_to_planning_commission_in_history": false, "vote_action": "Passed pursuant to Case Law", "vote_date": "2002-05-28", "votes_aye": 6, "votes_nay": 1, "votes_abstain": 0, "votes_absent_or_other": 2, "votes_other_detail": "Absent=2", "vote_source": "eventitems/25475/votes", "from_districts": "", "to_districts": "", "from_to_pairs": "", "multi_unit_code_change_today": "", "byright_ceiling_effect_today": "", "cu_district_zoned": "RM-M", "housing_typology": "", "units_stated": "", "beds_or_residents_stated": "", "addresses": "130 Larimer Avenue", "parcels": "", "legistar_api_url": "https://webapi.legistar.com/v1/pittsburgh/matters/1269", "legistar_web_url": "https://pittsburgh.legistar.com/gateway.aspx?M=F&ID=6A1B442A-C01E-44E4-94CD-2845FCAF23CB", "geocode_method": "census_geocoder_onelineaddress", "geocode_detail": "input '130 Larimer Avenue, Pittsburgh, PA' -> '130 LARIMER AVE, PITTSBURGH, PA, 15206'", "parcels_matched": "", "as_of": "2026-09-26"}}, {"type": "Feature", "geometry": {"type": "Point", "coordinates": [-79.913427, 40.369873]}, "properties": {"matter_id": 1331, "file_number": "2002-0289", "matter_type": "Resolution", "action_category": "conditional_use", "action_subtype": "cu_use_approval", "residential_relevance": "non_residential", "title": "Resolution approving a Conditional Use exception under Section 911.04.A.64 of the Pittsburgh Code, Title Nine, Zoning, Chapter 911 to the Board of Public Education of Pittsburgh for authorization to construct a 2-story extension to Mifflin Elementary School with renovations to the existing structure located at 1290 Mifflin Road on property zoned \"R1D-L\" Residential Single Unit Detached, Low Density District, 31st Ward.", "intro_date": "2002-03-19", "status_legistar": "Passed Finally", "status": "adopted", "final_action": "Passed pursuant to Case Law", "final_action_date": "2002-05-20", "passed_date": "2002-06-03", "mayor_signed_date": "", "days_intro_to_final": 76, "passed_pursuant_to_case_law": true, "public_hearing_held_date": "", "referred_to_planning_commission_in_history": false, "vote_action": "Passed pursuant to Case Law", "vote_date": "2002-05-20", "votes_aye": 8, "votes_nay": 0, "votes_abstain": 0, "votes_absent_or_other": 1, "votes_other_detail": "Absent=1", "vote_source": "eventitems/25030/votes", "from_districts": "", "to_districts": "", "from_to_pairs": "", "multi_unit_code_change_today": "", "byright_ceiling_effect_today": "", "cu_district_zoned": "R1D-L", "housing_typology": "", "units_stated": "", "beds_or_residents_stated": "", "addresses": "1290 Mifflin Road", "parcels": "", "legistar_api_url": "https://webapi.legistar.com/v1/pittsburgh/matters/1331", "legistar_web_url": "https://pittsburgh.legistar.com/gateway.aspx?M=F&ID=79C4DF52-4D66-4EBE-B7A6-92DF3087C555", "geocode_method": "census_geocoder_onelineaddress", "geocode_detail": "input '1290 Mifflin Road, Pittsburgh, PA' -> '1290 MIFFLIN RD, PITTSBURGH, PA, 15207'", "parcels_matched": "", "as_of": "2026-09-26"}}, {"type": "Feature", "geometry": {"type": "Point", "coordinates": [-79.951445, 40.43618]}, "properties": {"matter_id": 1361, "file_number": "2002-0318", "matter_type": "Ordinance", "action_category": "map_amendment", "action_subtype": "area_wide_remap", "residential_relevance": "area_wide_remap_mixed", "title": "Ordinance amending the Pittsburgh Zoning Code, Title Nine, Zoning, Article 1, Chapter 902, Section 902.03, Zoning District Maps No. 11 and 12 by changing various zoning district classifications in the Oakland community in accord with the Pittsburgh Neighborhood Remapping Project relative to the City's new Urban Zoning Code.", "intro_date": "2002-03-26", "status_legistar": "Passed Finally", "status": "adopted", "final_action": "Passed Finally, As Amended", "final_action_date": "2002-06-04", "passed_date": "2002-06-14", "mayor_signed_date": "2002-06-14", "days_intro_to_final": 80, "passed_pursuant_to_case_law": false, "public_hearing_held_date": "2002-05-16", "referred_to_planning_commission_in_history": false, "vote_action": "Passed Finally, As Amended", "vote_date": "2002-06-04", "votes_aye": 9, "votes_nay": 0, "votes_abstain": 0, "votes_absent_or_other": 0, "votes_other_detail": "", "vote_source": "eventitems/25851/votes", "from_districts": "P|RM-M|RM-VH|UNC|UI|LNC|RM-H|EMI|R2-L|NDI|HC|R1D-L", "to_districts": "H|UI|RM-M|OPR-B|RM-VH|R1A-H|EMI|P|R2-H|R1A-VH|OPR-D|R3-M|RM-H|OPR-A|OPR-C|R2-VH|R1D-VL", "from_to_pairs": "", "multi_unit_code_change_today": "", "byright_ceiling_effect_today": "", "cu_district_zoned": "", "housing_typology": "", "units_stated": "", "beds_or_residents_stated": "", "addresses": "", "parcels": "28-M-138|28-S-175", "legistar_api_url": "https://webapi.legistar.com/v1/pittsburgh/matters/1361", "legistar_web_url": "https://pittsburgh.legistar.com/gateway.aspx?M=F&ID=AA5BD713-C6ED-4A7A-961F-4C98DE418748", "geocode_method": "allegheny_parcel_centroid", "geocode_detail": "1 of 2 parcel ids matched MAPBLOCKLOT", "parcels_matched": "28-M-138", "as_of": "2026-09-26"}}, {"type": "Feature", "geometry": {"type": "Point", "coordinates": [-79.929294, 40.465924]}, "properties": {"matter_id": 1660, "file_number": "2002-0608", "matter_type": "Resolution", "action_category": "conditional_use", "action_subtype": "cu_use_approval", "residential_relevance": "non_residential", "title": "Resolution approving a Conditional Use exception under Section 911.04.A.64 of the Pittsburgh Code, Title Nine, Zoning, Chapter 911 to the Urban League of Pittsburgh, Inc. for authorization to renovate and expand an existing charter elementary school for up to 240 students located at 327 North Negley Avenue on property zoned \"RM-M\" Residential Multi-Unit, Moderate Density District, 11th Ward.", "intro_date": "2002-06-04", "status_legistar": "Passed Finally", "status": "adopted", "final_action": "Passed pursuant to Case Law", "final_action_date": "2002-07-30", "passed_date": "2002-08-08", "mayor_signed_date": "", "days_intro_to_final": 65, "passed_pursuant_to_case_law": true, "public_hearing_held_date": "2002-07-23", "referred_to_planning_commission_in_history": false, "vote_action": "Passed pursuant to Case Law", "vote_date": "2002-07-30", "votes_aye": 8, "votes_nay": 0, "votes_abstain": 0, "votes_absent_or_other": 1, "votes_other_detail": "Absent=1", "vote_source": "eventitems/28466/votes", "from_districts": "", "to_districts": "", "from_to_pairs": "", "multi_unit_code_change_today": "", "byright_ceiling_effect_today": "", "cu_district_zoned": "RM-M", "housing_typology": "", "units_stated": "", "beds_or_residents_stated": "240", "addresses": "327 North Negley Avenue", "parcels": "", "legistar_api_url": "https://webapi.legistar.com/v1/pittsburgh/matters/1660", "legistar_web_url": "https://pittsburgh.legistar.com/gateway.aspx?M=F&ID=A4778813-DF46-4EA2-8026-162C419BDF9C", "geocode_method": "census_geocoder_onelineaddress", "geocode_detail": "input '327 North Negley Avenue, Pittsburgh, PA' -> '327 N NEGLEY AVE, PITTSBURGH, PA, 15206'", "parcels_matched": "", "as_of": "2026-09-26"}}, {"type": "Feature", "geometry": {"type": "Point", "coordinates": [-79.949702, 40.44826]}, "properties": {"matter_id": 1900, "file_number": "2002-0828", "matter_type": "Resolution", "action_category": "conditional_use", "action_subtype": "cu_use_approval", "residential_relevance": "non_residential", "title": "Resolution approving a Conditional Use exception under Section 911.04.A.64 of the Pittsburgh Code, Title Nine, Zoning, Chapter 911 to the Catholic Diocese of Pittsburgh for authorization to demolish a portion of an existing secondary school and construct 2 new extensions for a gymnasium, auditorium and chapel with 18 additional parking stalls for Oakland Catholic High School located at 144 North Craig Street on property zoned \"RM-H\" Residential Multi-Unit, High Density District, 4th Ward.", "intro_date": "2002-09-03", "status_legistar": "Passed Finally", "status": "adopted", "final_action": "Passed Finally", "final_action_date": "2002-11-12", "passed_date": "2002-11-22", "mayor_signed_date": "2002-11-22", "days_intro_to_final": 80, "passed_pursuant_to_case_law": false, "public_hearing_held_date": "2002-10-30", "referred_to_planning_commission_in_history": false, "vote_action": "Passed Finally", "vote_date": "2002-11-12", "votes_aye": 7, "votes_nay": 0, "votes_abstain": 0, "votes_absent_or_other": 2, "votes_other_detail": "Absent=1; Recused=1", "vote_source": "eventitems/33083/votes", "from_districts": "", "to_districts": "", "from_to_pairs": "", "multi_unit_code_change_today": "", "byright_ceiling_effect_today": "", "cu_district_zoned": "RM-H", "housing_typology": "", "units_stated": "", "beds_or_residents_stated": "", "addresses": "144 North Craig Street", "parcels": "", "legistar_api_url": "https://webapi.legistar.com/v1/pittsburgh/matters/1900", "legistar_web_url": "https://pittsburgh.legistar.com/gateway.aspx?M=F&ID=C794FB0C-3596-49C9-89B7-2C6BFB56A6C4", "geocode_method": "census_geocoder_onelineaddress", "geocode_detail": "input '144 North Craig Street, Pittsburgh, PA' -> '144 N CRAIG ST, PITTSBURGH, PA, 15213'", "parcels_matched": "", "as_of": "2026-09-26"}}, {"type": "Feature", "geometry": {"type": "Point", "coordinates": [-79.9316, 40.452975]}, "properties": {"matter_id": 2033, "file_number": "2002-0953", "matter_type": "Resolution", "action_category": "conditional_use", "action_subtype": "cu_use_approval", "residential_relevance": "non_residential", "title": "Resolution approving a Conditional Use exception under Section 911.04.A.9 of the Pittsburgh Code, Title Nine, Zoning, Chapter 911 to Appletree Too, LLC for authorization to use the existing structure located at 714 South Negley Avenue as a bed and breakfast facility with a maximum of 8 guest rooms and nine parking stalls on property zoned \"RM-M\" Residential Multi-Unit, Moderate Density District, 7th Ward.", "intro_date": "2002-10-08", "status_legistar": "Passed Finally", "status": "adopted", "final_action": "Passed pursuant to Case Law", "final_action_date": "2002-11-25", "passed_date": "2002-12-04", "mayor_signed_date": "", "days_intro_to_final": 57, "passed_pursuant_to_case_law": true, "public_hearing_held_date": "2002-11-13", "referred_to_planning_commission_in_history": true, "vote_action": "Passed pursuant to Case Law", "vote_date": "2002-11-25", "votes_aye": 7, "votes_nay": 0, "votes_abstain": 0, "votes_absent_or_other": 2, "votes_other_detail": "Absent=2", "vote_source": "eventitems/33856/votes", "from_districts": "", "to_districts": "", "from_to_pairs": "", "multi_unit_code_change_today": "", "byright_ceiling_effect_today": "", "cu_district_zoned": "RM-M", "housing_typology": "", "units_stated": "", "beds_or_residents_stated": "", "addresses": "714 South Negley Avenue", "parcels": "", "legistar_api_url": "https://webapi.legistar.com/v1/pittsburgh/matters/2033", "legistar_web_url": "https://pittsburgh.legistar.com/gateway.aspx?M=F&ID=5B4B678A-6593-46E0-BCF8-B888089D95A3", "geocode_method": "census_geocoder_onelineaddress", "geocode_detail": "input '714 South Negley Avenue, Pittsburgh, PA' -> '714 S NEGLEY AVE, PITTSBURGH, PA, 15232'", "parcels_matched": "", "as_of": "2026-09-26"}}, {"type": "Feature", "geometry": {"type": "Point", "coordinates": [-79.864861, 40.443955]}, "properties": {"matter_id": 2275, "file_number": "2002-1160", "matter_type": "Resolution", "action_category": "conditional_use", "action_subtype": "cu_use_approval", "residential_relevance": "non_residential", "title": "Resolution approving a Conditional Use exception under Section 911.04.A.1 of the Pittsburgh Code, Title Nine, Zoning, Chapter 911 to John Wargo for authorization to occupy a portion of the first floor of an existing 2-story structure as an adult cabaret with an existing bar/restaurant to remain, located at 1807 Penn Avenue on property zoned \"UI\" Urban Industrial District, 2nd Ward.", "intro_date": "2002-12-03", "status_legistar": "Passed Finally", "status": "adopted", "final_action": "Passed Finally", "final_action_date": "2003-02-11", "passed_date": "2003-02-11", "mayor_signed_date": "", "days_intro_to_final": 70, "passed_pursuant_to_case_law": false, "public_hearing_held_date": "2003-01-29", "referred_to_planning_commission_in_history": false, "vote_action": "Passed Finally", "vote_date": "2003-02-11", "votes_aye": 5, "votes_nay": 3, "votes_abstain": 0, "votes_absent_or_other": 0, "votes_other_detail": "", "vote_source": "eventitems/37443/votes", "from_districts": "", "to_districts": "", "from_to_pairs": "", "multi_unit_code_change_today": "", "byright_ceiling_effect_today": "", "cu_district_zoned": "UI", "housing_typology": "", "units_stated": "", "beds_or_residents_stated": "", "addresses": "1807 Penn Avenue", "parcels": "", "legistar_api_url": "https://webapi.legistar.com/v1/pittsburgh/matters/2275", "legistar_web_url": "https://pittsburgh.legistar.com/gateway.aspx?M=F&ID=D823348A-9B34-4843-8A6C-FEB2EA1AB2CF", "geocode_method": "census_geocoder_onelineaddress", "geocode_detail": "input '1807 Penn Avenue, Pittsburgh, PA' -> '1807 PENN AVE, PITTSBURGH, PA, 15221'", "parcels_matched": "", "as_of": "2026-09-26"}}, {"type": "Feature", "geometry": {"type": "Point", "coordinates": [-79.942855, 40.464447]}, "properties": {"matter_id": 3025, "file_number": "2003-1862", "matter_type": "Resolution", "action_category": "conditional_use", "action_subtype": "cu_use_approval", "residential_relevance": "non_residential", "title": "Resolution approving a Conditional Use Exception under Section 911.04.A.64 of the Pittsburgh Code, Title Nine, Zoning, Article V, Chapters 911, to the Waldorf School of Pittsburgh for authorization to renovate and occupy a 3-story main structure and 4 accessory structures as an elementary school with a maximum of 180 students, and 65 parking stalls located at 201 South Winebiddle Street on property located \"R2-L\" Residential Two-Unit Low Density District, 8th Ward.", "intro_date": "2003-05-19", "status_legistar": "Passed Finally", "status": "adopted", "final_action": "Passed pursuant to Case Law", "final_action_date": "2003-06-17", "passed_date": "2003-06-17", "mayor_signed_date": "", "days_intro_to_final": 29, "passed_pursuant_to_case_law": true, "public_hearing_held_date": "2003-06-16", "referred_to_planning_commission_in_history": false, "vote_action": "Passed pursuant to Case Law", "vote_date": "2003-06-17", "votes_aye": 9, "votes_nay": 0, "votes_abstain": 0, "votes_absent_or_other": 0, "votes_other_detail": "", "vote_source": "eventitems/45730/votes", "from_districts": "", "to_districts": "", "from_to_pairs": "", "multi_unit_code_change_today": "", "byright_ceiling_effect_today": "", "cu_district_zoned": "", "housing_typology": "", "units_stated": "", "beds_or_residents_stated": "180", "addresses": "201 South Winebiddle Street", "parcels": "", "legistar_api_url": "https://webapi.legistar.com/v1/pittsburgh/matters/3025", "legistar_web_url": "https://pittsburgh.legistar.com/gateway.aspx?M=F&ID=8D3B11D9-C518-435F-924B-88877F6BE314", "geocode_method": "census_geocoder_onelineaddress", "geocode_detail": "input '201 South Winebiddle Street, Pittsburgh, PA' -> '201 S WINEBIDDLE ST, PITTSBURGH, PA, 15224'", "parcels_matched": "", "as_of": "2026-09-26"}}, {"type": "Feature", "geometry": {"type": "Point", "coordinates": [-79.895844, 40.490602]}, "properties": {"matter_id": 3179, "file_number": "2003-2004", "matter_type": "Ordinance", "action_category": "map_amendment", "action_subtype": "site_rezoning", "residential_relevance": "no_change_in_residential_ceiling", "title": "Ordinance amending the Pittsburgh Code, Title Nine, Zoning, Article III, Chapter 902, Section 902.03.A, Zoning District Map No. 15 by changing from \"PO\" Park and Open Space to \"EMI\" Educational/Medical Institutional District all that certain property identified as lot and block numbers 171-A-310, 171-A-320 and 171-E-150, 12th Ward, City of Pittsburgh.", "intro_date": "2003-06-17", "status_legistar": "Passed Finally", "status": "adopted", "final_action": "Passed Finally", "final_action_date": "2003-09-23", "passed_date": "2003-09-23", "mayor_signed_date": "2003-10-01", "days_intro_to_final": 98, "passed_pursuant_to_case_law": false, "public_hearing_held_date": "2003-09-10", "referred_to_planning_commission_in_history": false, "vote_action": "Passed Finally", "vote_date": "2003-09-23", "votes_aye": 9, "votes_nay": 0, "votes_abstain": 0, "votes_absent_or_other": 0, "votes_other_detail": "", "vote_source": "eventitems/52322/votes", "from_districts": "P", "to_districts": "EMI", "from_to_pairs": "P>EMI", "multi_unit_code_change_today": "->A", "byright_ceiling_effect_today": "same_residential_ceiling", "cu_district_zoned": "", "housing_typology": "", "units_stated": "", "beds_or_residents_stated": "", "addresses": "", "parcels": "171-A-310|171-A-320|171-E-150", "legistar_api_url": "https://webapi.legistar.com/v1/pittsburgh/matters/3179", "legistar_web_url": "https://pittsburgh.legistar.com/gateway.aspx?M=F&ID=E4026B67-C5AB-4ADC-90AB-FDC6F3BD1AE6", "geocode_method": "allegheny_parcel_centroid_mean", "geocode_detail": "3 of 3 parcel ids matched MAPBLOCKLOT", "parcels_matched": "171-A-310|171-E-150|171-A-320", "as_of": "2026-09-26"}}, {"type": "Feature", "geometry": {"type": "Point", "coordinates": [-79.935219, 40.456558]}, "properties": {"matter_id": 3557, "file_number": "2003-2143", "matter_type": "Ordinance", "action_category": "map_amendment", "action_subtype": "site_rezoning", "residential_relevance": "unclear_special_district", "title": "Ordinance amending the Pittsburgh Code, Title Nine, Zoning, Article III, Chapter 902, Section 902.03.A, Zoning District Map No. 11 by changing from \"RM-H\" Residential Multi-Unit High Density and \"LNC\" Local Neighborhood Commercial to \"AP\" Residential/Commercial Planned Unit Development all that certain property identified as lot and block numbers 51-M-136, 51-M-259 and 51-M-259A in the Allegheny County Block and Lot System, 7th Ward. (Council District 8)", "intro_date": "2003-07-22", "status_legistar": "Passed Finally", "status": "adopted", "final_action": "Passed Finally", "final_action_date": "2003-11-10", "passed_date": "2003-11-10", "mayor_signed_date": "2003-11-24", "days_intro_to_final": 111, "passed_pursuant_to_case_law": false, "public_hearing_held_date": "2003-10-30", "referred_to_planning_commission_in_history": false, "vote_action": "Passed Finally", "vote_date": "2003-11-10", "votes_aye": 8, "votes_nay": 0, "votes_abstain": 0, "votes_absent_or_other": 1, "votes_other_detail": "Absent=1", "vote_source": "eventitems/55310/votes", "from_districts": "RM-H|LNC", "to_districts": "AP|CP", "from_to_pairs": "RM-H>AP|RM-H>CP|LNC>AP|LNC>CP", "multi_unit_code_change_today": "P>?|P>?|P>?|P>?", "byright_ceiling_effect_today": "involves_district_not_in_911_02", "cu_district_zoned": "", "housing_typology": "", "units_stated": "", "beds_or_residents_stated": "", "addresses": "", "parcels": "51-M-136|51-M-259", "legistar_api_url": "https://webapi.legistar.com/v1/pittsburgh/matters/3557", "legistar_web_url": "https://pittsburgh.legistar.com/gateway.aspx?M=F&ID=3AE9FE8E-F18C-47A5-8105-B71A466C016E", "geocode_method": "allegheny_parcel_centroid", "geocode_detail": "1 of 2 parcel ids matched MAPBLOCKLOT", "parcels_matched": "51-M-136", "as_of": "2026-09-26"}}, {"type": "Feature", "geometry": {"type": "Point", "coordinates": [-79.918274, 40.462808]}, "properties": {"matter_id": 3558, "file_number": "2003-2144", "matter_type": "Resolution", "action_category": "conditional_use", "action_subtype": "cu_other_or_procedural", "residential_relevance": "non_residential", "title": "Resolution renewing Resolution No. 385/2002, entitled, \"approving a Conditional Use Application to Everlasting Covenant Church to occupy an existing 4-story structure as an elementary charter school for grades K thru 5 and to construct a 4-story extension on property located at 130 Larimer Avenue and zoned \"RM-M\" Residential Multi-Unit Moderate Density, 11th Ward.\" The purpose of this renewal is due to the delay of construction within the one year permitted timeframe in conformance with the Pittsburgh Code, Title Nine, Zoning, Section 922.06I.", "intro_date": "2003-07-22", "status_legistar": "Passed Finally", "status": "adopted", "final_action": "Passed Finally", "final_action_date": "2003-09-09", "passed_date": "2003-09-09", "mayor_signed_date": "", "days_intro_to_final": 49, "passed_pursuant_to_case_law": true, "public_hearing_held_date": "", "referred_to_planning_commission_in_history": false, "vote_action": "Passed Finally", "vote_date": "2003-09-09", "votes_aye": "", "votes_nay": "", "votes_abstain": "", "votes_absent_or_other": "", "votes_other_detail": "", "vote_source": "votes_endpoint_http_500", "from_districts": "", "to_districts": "", "from_to_pairs": "", "multi_unit_code_change_today": "", "byright_ceiling_effect_today": "", "cu_district_zoned": "RM-M", "housing_typology": "", "units_stated": "", "beds_or_residents_stated": "", "addresses": "130 Larimer Avenue", "parcels": "", "legistar_api_url": "https://webapi.legistar.com/v1/pittsburgh/matters/3558", "legistar_web_url": "https://pittsburgh.legistar.com/gateway.aspx?M=F&ID=EB9D1148-576F-4E8D-BA96-F15DC46AD2EB", "geocode_method": "census_geocoder_onelineaddress", "geocode_detail": "input '130 Larimer Avenue, Pittsburgh, PA' -> '130 LARIMER AVE, PITTSBURGH, PA, 15206'", "parcels_matched": "", "as_of": "2026-09-26"}}, {"type": "Feature", "geometry": {"type": "Point", "coordinates": [-80.017505, 40.437637]}, "properties": {"matter_id": 5333, "file_number": "2004-0153", "matter_type": "Ordinance", "action_category": "map_amendment", "action_subtype": "site_rezoning", "residential_relevance": "unclear_special_district", "title": "An Ordinance amending the Pittsburgh Code, Title Nine, Zoning, Article III, Chapter 902, Section 902.03.A, Zoning District Map No. 7 by changing from \"GPR-B\" Grandview Public Realm Subdistrict B to \"GPR-C\" Grandview Public Realm Subdistrict C certain property identified as 1106-1108 Grandview Avenue having 49.98 ft. of frontage on the northerly side of Grandview Avenue being Block No. 6-M, Lots 21 & 22 in the Allegheny County block and lot system, 19th ward.", "intro_date": "2004-03-09", "status_legistar": "Passed Finally", "status": "adopted", "final_action": "Passed Finally", "final_action_date": "2004-04-26", "passed_date": "2004-04-26", "mayor_signed_date": "2004-04-29", "days_intro_to_final": 48, "passed_pursuant_to_case_law": false, "public_hearing_held_date": "2004-04-14", "referred_to_planning_commission_in_history": false, "vote_action": "Passed Finally", "vote_date": "2004-04-26", "votes_aye": 7, "votes_nay": 1, "votes_abstain": 0, "votes_absent_or_other": 1, "votes_other_detail": "Recused=1", "vote_source": "eventitems/67037/votes", "from_districts": "GPR-B", "to_districts": "GPR-C", "from_to_pairs": "GPR-B>GPR-C", "multi_unit_code_change_today": "?>?", "byright_ceiling_effect_today": "involves_district_not_in_911_02", "cu_district_zoned": "", "housing_typology": "", "units_stated": "", "beds_or_residents_stated": "", "addresses": "1106-1108 Grandview Avenue", "parcels": "6-M-21", "legistar_api_url": "https://webapi.legistar.com/v1/pittsburgh/matters/5333", "legistar_web_url": "https://pittsburgh.legistar.com/gateway.aspx?M=F&ID=244D3132-07AC-42AF-8C8F-67259A8CACBF", "geocode_method": "allegheny_parcel_centroid", "geocode_detail": "1 of 1 parcel ids matched MAPBLOCKLOT", "parcels_matched": "6-M-21", "as_of": "2026-09-26"}}, {"type": "Feature", "geometry": {"type": "Point", "coordinates": [-79.945893, 40.453344]}, "properties": {"matter_id": 6127, "file_number": "2004-0538", "matter_type": "Ordinance", "action_category": "map_amendment", "action_subtype": "site_rezoning", "residential_relevance": "reduces_housing_byright", "title": "Ordinance amending certain portions of the Pittsburgh Code of Ordinances, Title Nine, Zoning, Chapter 902.03 (Zoning Map) to change the Zoning Classification of the following properties from R2-L (Residential Two-Unit, Low Density) to R1D-L (Residential Single-Unit Detached, Low Density) all certain properties on Morehead Place, Shadyside. (Public Hearing Held Feburary 15, 2005)", "intro_date": "2004-07-13", "status_legistar": "Passed Finally", "status": "adopted", "final_action": "Passed Finally", "final_action_date": "2005-02-22", "passed_date": "2005-02-22", "mayor_signed_date": "2005-03-02", "days_intro_to_final": 224, "passed_pursuant_to_case_law": false, "public_hearing_held_date": "2005-02-15", "referred_to_planning_commission_in_history": true, "vote_action": "Passed Finally", "vote_date": "2005-02-22", "votes_aye": 9, "votes_nay": 0, "votes_abstain": 0, "votes_absent_or_other": 0, "votes_other_detail": "", "vote_source": "eventitems/78881/votes", "from_districts": "R2-L", "to_districts": "R1D-L", "from_to_pairs": "R2-L>R1D-L", "multi_unit_code_change_today": "->-", "byright_ceiling_effect_today": "decreases_byright_residential_ceiling", "cu_district_zoned": "", "housing_typology": "", "units_stated": "", "beds_or_residents_stated": "", "addresses": "572 Moorhead Place|568 Moorhead Place|571 Moorhead Place|577 Moorhead Place|576 Moorhead Place|580 Moorhead Place|586 Moorhead Place|5225 Ellsworth Avenue|581 Moorhead Place|591 Moorhead Place|587 Moorhead Place|570 Moorhead Place|573 Moorhead Place", "parcels": "51-R-46|51-R-55|51-R-57|52-C-109|52-C-108|52-C-105|52-C-98|52-C-114|52-C-122|22-C-117|51-R-50|51-R-56", "legistar_api_url": "https://webapi.legistar.com/v1/pittsburgh/matters/6127", "legistar_web_url": "https://pittsburgh.legistar.com/gateway.aspx?M=F&ID=59B289FD-6A2A-43EE-B278-8132C6D82CF7", "geocode_method": "allegheny_parcel_centroid_mean", "geocode_detail": "12 of 12 parcel ids matched MAPBLOCKLOT", "parcels_matched": "52-C-108|51-R-46|51-R-56|51-R-55|52-C-109|52-C-98|52-C-114|51-R-57|52-C-122|22-C-117|51-R-50|52-C-105", "as_of": "2026-09-26"}}, {"type": "Feature", "geometry": {"type": "Point", "coordinates": [-79.924125, 40.458732]}, "properties": {"matter_id": 6183, "file_number": "2004-0593", "matter_type": "Ordinance", "action_category": "map_amendment", "action_subtype": "site_rezoning", "residential_relevance": "no_change_in_residential_ceiling", "title": "Ordinance amending the Pittsburgh Zoning Map by changing from RM-M/Residential Multi-Unit, Moderate Density to RM-H/Residential Multi-Unit, High Density certain property identified as Block and Lot #84-G-049 in Allegheny Block and Lot system, located between Carron and Yardley Ways along Ellsworth Avenue, 7th Ward, City of Pittsburgh.", "intro_date": "2004-08-03", "status_legistar": "TABLED", "status": "tabled", "final_action": "TABLED", "final_action_date": "2005-01-05", "passed_date": "", "mayor_signed_date": "", "days_intro_to_final": 155, "passed_pursuant_to_case_law": false, "public_hearing_held_date": "2005-01-04", "referred_to_planning_commission_in_history": false, "vote_action": "", "vote_date": "", "votes_aye": "", "votes_nay": "", "votes_abstain": "", "votes_absent_or_other": "", "votes_other_detail": "", "vote_source": "", "from_districts": "RM-M", "to_districts": "RM-H", "from_to_pairs": "RM-M>RM-H", "multi_unit_code_change_today": "P>P", "byright_ceiling_effect_today": "same_residential_ceiling", "cu_district_zoned": "", "housing_typology": "", "units_stated": "", "beds_or_residents_stated": "", "addresses": "", "parcels": "84-G-049", "legistar_api_url": "https://webapi.legistar.com/v1/pittsburgh/matters/6183", "legistar_web_url": "https://pittsburgh.legistar.com/gateway.aspx?M=F&ID=897F02FC-9955-429E-8463-2A396B473276", "geocode_method": "allegheny_parcel_centroid", "geocode_detail": "1 of 1 parcel ids matched MAPBLOCKLOT", "parcels_matched": "84-G-49", "as_of": "2026-09-26"}}, {"type": "Feature", "geometry": {"type": "Point", "coordinates": [-80.009666, 40.430407]}, "properties": {"matter_id": 6184, "file_number": "2004-0594", "matter_type": "Ordinance", "action_category": "map_amendment", "action_subtype": "site_rezoning", "residential_relevance": "enables_more_housing_byright", "title": "Ordinance amending the Pittsburgh Zoning Map by changing from R2-L/Residential Two-Unit, Low Density to LNC/Local Neighborhood Commercial certain property identified as Block and Lot #4-F-127 in Allegheny Block and Lot system, 161 Virginia Avenue, 19th Ward, City of Pittsburgh. (Public Hearing held on Nov. 19, 2004)", "intro_date": "2004-08-03", "status_legistar": "Veto was Sustained", "status": "failed", "final_action": "Overridden", "final_action_date": "2005-02-08", "passed_date": "2005-01-25", "mayor_signed_date": "", "days_intro_to_final": 189, "passed_pursuant_to_case_law": false, "public_hearing_held_date": "2004-11-19", "referred_to_planning_commission_in_history": false, "vote_action": "Overridden", "vote_date": "2005-02-08", "votes_aye": 5, "votes_nay": 4, "votes_abstain": 0, "votes_absent_or_other": 0, "votes_other_detail": "", "vote_source": "eventitems/128144/votes", "from_districts": "R2-L", "to_districts": "LNC", "from_to_pairs": "R2-L>LNC", "multi_unit_code_change_today": "->P", "byright_ceiling_effect_today": "increases_byright_residential_ceiling", "cu_district_zoned": "", "housing_typology": "", "units_stated": "", "beds_or_residents_stated": "", "addresses": "161 Virginia Avenue", "parcels": "4-F-127", "legistar_api_url": "https://webapi.legistar.com/v1/pittsburgh/matters/6184", "legistar_web_url": "https://pittsburgh.legistar.com/gateway.aspx?M=F&ID=CDB48A81-5283-4888-B5B6-987DFCAC9630", "geocode_method": "allegheny_parcel_centroid", "geocode_detail": "1 of 1 parcel ids matched MAPBLOCKLOT", "parcels_matched": "4-F-127", "as_of": "2026-09-26"}}, {"type": "Feature", "geometry": {"type": "Point", "coordinates": [-80.019305, 40.449578]}, "properties": {"matter_id": 6219, "file_number": "2004-0627", "matter_type": "Ordinance", "action_category": "map_amendment", "action_subtype": "area_wide_remap", "residential_relevance": "area_wide_remap_mixed", "title": "Ordinance amending the Pittsburgh Code, Title Nine, Zoning, Chapters 902.03 Zoning District Maps #6 and #7 by changing various zoning district classifications in the Chateau and NORTH SHORE neighborhoods in accordance with the Map Pittsburgh project relative to the City's Urban Zoning Code, Wards 21, 22, 23 and 27.", "intro_date": "2004-08-31", "status_legistar": "Passed Finally", "status": "adopted", "final_action": "Signed by the Mayor", "final_action_date": "2004-11-12", "passed_date": "2004-11-01", "mayor_signed_date": "2004-11-12", "days_intro_to_final": 62, "passed_pursuant_to_case_law": false, "public_hearing_held_date": "2004-10-20", "referred_to_planning_commission_in_history": false, "vote_action": "", "vote_date": "", "votes_aye": "", "votes_nay": "", "votes_abstain": "", "votes_absent_or_other": "", "votes_other_detail": "", "vote_source": "", "from_districts": "GI|LNC|UI", "to_districts": "UI|UNC|NDI|P", "from_to_pairs": "", "multi_unit_code_change_today": "", "byright_ceiling_effect_today": "", "cu_district_zoned": "", "housing_typology": "", "units_stated": "", "beds_or_residents_stated": "", "addresses": "", "parcels": "7-B-100|7-B-183|7-G-032|7-F-090|7-H-333|8-E-092|8-E-249|8-F-20|8-J-030|8-B-150|8-G-150|9-E-225|8-G-208|9-A-265", "legistar_api_url": "https://webapi.legistar.com/v1/pittsburgh/matters/6219", "legistar_web_url": "https://pittsburgh.legistar.com/gateway.aspx?M=F&ID=CB2079B3-CA2D-471D-85D0-FD612370B830", "geocode_method": "allegheny_parcel_centroid_mean", "geocode_detail": "6 of 14 parcel ids matched MAPBLOCKLOT", "parcels_matched": "7-B-100|8-B-150|8-F-20|7-G-32|7-F-90|8-J-30", "as_of": "2026-09-26"}}, {"type": "Feature", "geometry": {"type": "Point", "coordinates": [-79.904483, 40.446805]}, "properties": {"matter_id": 6220, "file_number": "2004-0628", "matter_type": "Resolution", "action_category": "conditional_use", "action_subtype": "cu_use_approval", "residential_relevance": "non_residential", "title": "Resolution approving a Conditional Use under Section 911.04.A.64 of the Pittsburgh Code, Title Nine, Zoning, Article V Chapter 911 as amended to the Board of Public Education of Pittsburgh for authorization to construct a 2-story extension to the easterly side of Sterrett Classical Academy with classrooms, gymnasium, cafeteria and library at 7100 Reynolds Street on property zoned \"R1D-L\" Residential Single Unit Detached Low Density District, 14th ward.", "intro_date": "2004-08-31", "status_legistar": "Passed Finally", "status": "adopted", "final_action": "Passed Finally, As Amended", "final_action_date": "2004-11-01", "passed_date": "2004-11-01", "mayor_signed_date": "2004-11-12", "days_intro_to_final": 62, "passed_pursuant_to_case_law": false, "public_hearing_held_date": "2004-10-13", "referred_to_planning_commission_in_history": false, "vote_action": "Passed Finally, As Amended", "vote_date": "2004-11-01", "votes_aye": 8, "votes_nay": 0, "votes_abstain": 0, "votes_absent_or_other": 1, "votes_other_detail": "Absent=1", "vote_source": "eventitems/74782/votes", "from_districts": "", "to_districts": "", "from_to_pairs": "", "multi_unit_code_change_today": "", "byright_ceiling_effect_today": "", "cu_district_zoned": "R1D-L", "housing_typology": "", "units_stated": "", "beds_or_residents_stated": "", "addresses": "7100 Reynolds Street", "parcels": "", "legistar_api_url": "https://webapi.legistar.com/v1/pittsburgh/matters/6220", "legistar_web_url": "https://pittsburgh.legistar.com/gateway.aspx?M=F&ID=F921505D-C125-42F5-9AC6-3EE18D462D5E", "geocode_method": "census_geocoder_onelineaddress", "geocode_detail": "input '7100 Reynolds Street, Pittsburgh, PA' -> '7100 REYNOLDS ST, PITTSBURGH, PA, 15208'", "parcels_matched": "", "as_of": "2026-09-26"}}, {"type": "Feature", "geometry": {"type": "Point", "coordinates": [-80.008853, 40.4526]}, "properties": {"matter_id": 6228, "file_number": "2004-0636", "matter_type": "Resolution", "action_category": "conditional_use", "action_subtype": "cu_use_approval", "residential_relevance": "residential_use", "title": "Approving a Conditional Use under Section 911.04.A.41 of the Pittsburgh Code, Title Nine, Zoning, Article V Chapter 911 as amended to Gwen's Girls, Inc. for authorization to occupy an existing convent structure as a multi-suite residential (limited) facility and treatment program for up to 16 adolescent girls at 720 Arch Street on property zoned \"RM-H\" Residential Multi-Unit High Density District, 22nd ward.", "intro_date": "2004-08-31", "status_legistar": "Passed Finally", "status": "adopted", "final_action": "Passed pursuant to Case Law", "final_action_date": "2004-10-22", "passed_date": "2004-10-12", "mayor_signed_date": "", "days_intro_to_final": 42, "passed_pursuant_to_case_law": true, "public_hearing_held_date": "2004-09-29", "referred_to_planning_commission_in_history": false, "vote_action": "Passed pursuant to Case Law", "vote_date": "2004-10-22", "votes_aye": "", "votes_nay": "", "votes_abstain": "", "votes_absent_or_other": "", "votes_other_detail": "", "vote_source": "votes_endpoint_http_500", "from_districts": "", "to_districts": "", "from_to_pairs": "", "multi_unit_code_change_today": "", "byright_ceiling_effect_today": "", "cu_district_zoned": "RM-H", "housing_typology": "multi_suite_residential", "units_stated": "", "beds_or_residents_stated": "16", "addresses": "720 Arch Street", "parcels": "", "legistar_api_url": "https://webapi.legistar.com/v1/pittsburgh/matters/6228", "legistar_web_url": "https://pittsburgh.legistar.com/gateway.aspx?M=F&ID=1F089589-9A35-4654-AD2D-0AB4C6EAD96F", "geocode_method": "census_geocoder_onelineaddress", "geocode_detail": "input '720 Arch Street, Pittsburgh, PA' -> '720 ARCH ST, PITTSBURGH, PA, 15212'", "parcels_matched": "", "as_of": "2026-09-26"}}, {"type": "Feature", "geometry": {"type": "Point", "coordinates": [-79.937491, 40.464086]}, "properties": {"matter_id": 6456, "file_number": "2004-0740", "matter_type": "Ordinance", "action_category": "map_amendment", "action_subtype": "site_rezoning", "residential_relevance": "reduces_housing_byright", "title": "Ordinance amending the Pittsburgh Code, Title Nine, Zoning Article III, Section 902.03.A - Zoning Map #11 by changing from R2-M/Residential Two-Unit, Moderate Density and LNC/Local Neighborhood Commercial to EMI / Educational-Medical institute certain property roughly bounded by penn Avenue, South Aiken Avenue, and Coral Street, Block and Lot #50-R-055 in Allegheny Block and Lot system, 8th Ward, City of Pittsburgh.", "intro_date": "2004-10-13", "status_legistar": "Passed Finally", "status": "adopted", "final_action": "Passed Finally", "final_action_date": "2004-11-22", "passed_date": "2004-11-22", "mayor_signed_date": "2004-12-02", "days_intro_to_final": 40, "passed_pursuant_to_case_law": false, "public_hearing_held_date": "2004-11-16", "referred_to_planning_commission_in_history": false, "vote_action": "Passed Finally", "vote_date": "2004-11-22", "votes_aye": 8, "votes_nay": 0, "votes_abstain": 0, "votes_absent_or_other": 1, "votes_other_detail": "Absent=1", "vote_source": "eventitems/75384/votes", "from_districts": "R2-M|LNC", "to_districts": "EMI", "from_to_pairs": "R2-M>EMI|LNC>EMI", "multi_unit_code_change_today": "->A|P>A", "byright_ceiling_effect_today": "decreases_byright_residential_ceiling", "cu_district_zoned": "", "housing_typology": "", "units_stated": "", "beds_or_residents_stated": "", "addresses": "", "parcels": "50-R-055", "legistar_api_url": "https://webapi.legistar.com/v1/pittsburgh/matters/6456", "legistar_web_url": "https://pittsburgh.legistar.com/gateway.aspx?M=F&ID=1FD092A0-F76B-4B14-B9C2-072770727C50", "geocode_method": "allegheny_parcel_centroid", "geocode_detail": "1 of 1 parcel ids matched MAPBLOCKLOT", "parcels_matched": "50-R-55", "as_of": "2026-09-26"}}, {"type": "Feature", "geometry": {"type": "Point", "coordinates": [-79.943061, 40.451164]}, "properties": {"matter_id": 6460, "file_number": "2004-0744", "matter_type": "Resolution", "action_category": "conditional_use", "action_subtype": "cu_use_approval", "residential_relevance": "non_residential", "title": "Resolution approving a Conditional Use under Section 911.04.A.64 of the Pittsburgh Code, Title Nine, Zoning, Article V Chapter 911 as amended to Winchester Thurston School for authorization to construct a 3-story secondary school and renovate the existing building and grounds located at 555 Morewood Avenue for grades kindergarten through 8 and with 97 parking stalls on property zoned \"R2-L\" Residential Two-Unit Low Density District, 7th ward.", "intro_date": "2004-10-19", "status_legistar": "Passed Finally", "status": "adopted", "final_action": "Passed pursuant to Case Law", "final_action_date": "2005-02-15", "passed_date": "2005-02-15", "mayor_signed_date": "", "days_intro_to_final": 119, "passed_pursuant_to_case_law": true, "public_hearing_held_date": "2005-02-01", "referred_to_planning_commission_in_history": false, "vote_action": "Passed pursuant to Case Law", "vote_date": "2005-02-15", "votes_aye": "", "votes_nay": "", "votes_abstain": "", "votes_absent_or_other": "", "votes_other_detail": "", "vote_source": "votes_endpoint_http_500", "from_districts": "", "to_districts": "", "from_to_pairs": "", "multi_unit_code_change_today": "", "byright_ceiling_effect_today": "", "cu_district_zoned": "R2-L", "housing_typology": "", "units_stated": "", "beds_or_residents_stated": "", "addresses": "555 Morewood Avenue", "parcels": "", "legistar_api_url": "https://webapi.legistar.com/v1/pittsburgh/matters/6460", "legistar_web_url": "https://pittsburgh.legistar.com/gateway.aspx?M=F&ID=5115E006-8DE7-4011-BEC5-474FC70223F9", "geocode_method": "census_geocoder_onelineaddress", "geocode_detail": "input '555 Morewood Avenue, Pittsburgh, PA' -> '555 MOREWOOD AVE, PITTSBURGH, PA, 15213'", "parcels_matched": "", "as_of": "2026-09-26"}}, {"type": "Feature", "geometry": {"type": "Point", "coordinates": [-79.9346, 40.480593]}, "properties": {"matter_id": 6676, "file_number": "2004-0845", "matter_type": "Resolution", "action_category": "conditional_use", "action_subtype": "cu_use_approval", "residential_relevance": "non_residential", "title": "Resolution approving a Conditional Use under Section 911.04.A.64 of the Pittsburgh Code, Title Nine, Zoning, Article V Chapter 911 to the Board of Public Education for authorization to renovate Sunnyside Elementary School and to erect two 1-story extensions to the school totaling 26,800 sq. ft. on property located at 4801 Stanton Avenue and zoned \"R1D-L\" Residential Single Unit Detached Low Density District, 10th ward.", "intro_date": "2004-11-22", "status_legistar": "Passed Finally", "status": "adopted", "final_action": "Passed pursuant to Case Law", "final_action_date": "2005-01-25", "passed_date": "2005-01-25", "mayor_signed_date": "", "days_intro_to_final": 64, "passed_pursuant_to_case_law": true, "public_hearing_held_date": "2005-01-12", "referred_to_planning_commission_in_history": false, "vote_action": "Passed pursuant to Case Law", "vote_date": "2005-01-25", "votes_aye": "", "votes_nay": "", "votes_abstain": "", "votes_absent_or_other": "", "votes_other_detail": "", "vote_source": "votes_endpoint_http_500", "from_districts": "", "to_districts": "", "from_to_pairs": "", "multi_unit_code_change_today": "", "byright_ceiling_effect_today": "", "cu_district_zoned": "R1D-L", "housing_typology": "", "units_stated": "", "beds_or_residents_stated": "", "addresses": "4801 Stanton Avenue", "parcels": "", "legistar_api_url": "https://webapi.legistar.com/v1/pittsburgh/matters/6676", "legistar_web_url": "https://pittsburgh.legistar.com/gateway.aspx?M=F&ID=30600228-9F90-4CD5-847C-2A0E303134B9", "geocode_method": "census_geocoder_onelineaddress", "geocode_detail": "input '4801 Stanton Avenue, Pittsburgh, PA' -> '4801 STANTON AVE, PITTSBURGH, PA, 15201'", "parcels_matched": "", "as_of": "2026-09-26"}}, {"type": "Feature", "geometry": {"type": "Point", "coordinates": [-79.94703, 40.453749]}, "properties": {"matter_id": 6886, "file_number": "2005-0994", "matter_type": "Ordinance", "action_category": "map_amendment", "action_subtype": "site_rezoning", "residential_relevance": "no_change_in_residential_ceiling", "title": "Ordinance amending the Pittsburgh Code, Title Nine, Zoning Article III, Section 902.03 - Zoning Map by changing from RM-H/Residential Multi-Unit, High Density to LNC/Local Neighborhood Commercial certain properties having frontage along the north side of Centre Avenue east of Millvale Avenue and identified as Block and Lots #51-N-223, -225 and -227 in Allegheny Block and Lot system, 8th Ward, City of Pittsburgh.", "intro_date": "2005-01-25", "status_legistar": "Passed Finally", "status": "adopted", "final_action": "Passed Finally", "final_action_date": "2005-03-22", "passed_date": "2005-03-22", "mayor_signed_date": "2005-04-04", "days_intro_to_final": 56, "passed_pursuant_to_case_law": false, "public_hearing_held_date": "2005-03-10", "referred_to_planning_commission_in_history": false, "vote_action": "Passed Finally", "vote_date": "2005-03-22", "votes_aye": 7, "votes_nay": 0, "votes_abstain": 0, "votes_absent_or_other": 2, "votes_other_detail": "Absent=2", "vote_source": "eventitems/79840/votes", "from_districts": "RM-H", "to_districts": "LNC", "from_to_pairs": "RM-H>LNC", "multi_unit_code_change_today": "P>P", "byright_ceiling_effect_today": "same_residential_ceiling", "cu_district_zoned": "", "housing_typology": "", "units_stated": "", "beds_or_residents_stated": "", "addresses": "", "parcels": "51-N-223", "legistar_api_url": "https://webapi.legistar.com/v1/pittsburgh/matters/6886", "legistar_web_url": "https://pittsburgh.legistar.com/gateway.aspx?M=F&ID=F68034B9-78CA-458A-B069-06ED1A55F207", "geocode_method": "allegheny_parcel_centroid", "geocode_detail": "1 of 1 parcel ids matched MAPBLOCKLOT", "parcels_matched": "51-N-223", "as_of": "2026-09-26"}}, {"type": "Feature", "geometry": {"type": "Point", "coordinates": [-80.007616, 40.495551]}, "properties": {"matter_id": 6887, "file_number": "2005-0995", "matter_type": "Ordinance", "action_category": "map_amendment", "action_subtype": "site_rezoning", "residential_relevance": "unclear_special_district", "title": "Ordinance amending the Pittsburgh Code, Title Nine, Zoning Article III, Section 902.03 - Zoning Map by changing from RP/Residential Planned Unit Development to CP/Commercial Planned Unit Development certain properties southwest of the intersection of Evergreen Road and Ivory Avenue and identified as Block and Lots #163-K-059, -060, -150, -151, -170 and -248 and Block and Lot #163-L-005 in Allegheny Block and Lot system, 26th Ward, City of Pittsburgh.", "intro_date": "2005-01-25", "status_legistar": "Passed Finally", "status": "adopted", "final_action": "Passed Finally", "final_action_date": "2005-03-22", "passed_date": "2005-03-22", "mayor_signed_date": "2005-04-04", "days_intro_to_final": 56, "passed_pursuant_to_case_law": false, "public_hearing_held_date": "2005-03-09", "referred_to_planning_commission_in_history": false, "vote_action": "Passed Finally", "vote_date": "2005-03-22", "votes_aye": 7, "votes_nay": 0, "votes_abstain": 0, "votes_absent_or_other": 2, "votes_other_detail": "Absent=2", "vote_source": "eventitems/79841/votes", "from_districts": "RP", "to_districts": "CP", "from_to_pairs": "RP>CP", "multi_unit_code_change_today": "?>?", "byright_ceiling_effect_today": "involves_district_not_in_911_02", "cu_district_zoned": "", "housing_typology": "", "units_stated": "", "beds_or_residents_stated": "", "addresses": "", "parcels": "163-K-059|163-L-005", "legistar_api_url": "https://webapi.legistar.com/v1/pittsburgh/matters/6887", "legistar_web_url": "https://pittsburgh.legistar.com/gateway.aspx?M=F&ID=2C4772BB-1346-41EA-A3E9-C01568BE78FB", "geocode_method": "allegheny_parcel_centroid", "geocode_detail": "1 of 2 parcel ids matched MAPBLOCKLOT", "parcels_matched": "163-K-59", "as_of": "2026-09-26"}}, {"type": "Feature", "geometry": {"type": "Point", "coordinates": [-80.009666, 40.430407]}, "properties": {"matter_id": 6967, "file_number": "2005-1037", "matter_type": "Veto Message", "action_category": "map_amendment", "action_subtype": "site_rezoning", "residential_relevance": "enables_more_housing_byright", "title": "Communication from Mayor Tom Murphy submitting a Veto of Council Bill 2004-0594 entitled, an Ordinance amending the Pittsburgh Zoning Map by changing from R2-L/Residential Two Unit, Low Density to LNC/Local Neighborhood Commercial certain property identified as Block and Lot #4-F-127 in Allegheny Block and Lot property at 161 Virginnia Avenue in the 19th Ward.", "intro_date": "2005-02-08", "status_legistar": "Read, Received and Filed", "status": "filed_not_action", "final_action": "Read, Received and Filed", "final_action_date": "2005-02-08", "passed_date": "2005-02-08", "mayor_signed_date": "", "days_intro_to_final": "", "passed_pursuant_to_case_law": false, "public_hearing_held_date": "", "referred_to_planning_commission_in_history": false, "vote_action": "", "vote_date": "", "votes_aye": "", "votes_nay": "", "votes_abstain": "", "votes_absent_or_other": "", "votes_other_detail": "", "vote_source": "", "from_districts": "R2-L", "to_districts": "LNC", "from_to_pairs": "R2-L>LNC", "multi_unit_code_change_today": "->P", "byright_ceiling_effect_today": "increases_byright_residential_ceiling", "cu_district_zoned": "", "housing_typology": "", "units_stated": "", "beds_or_residents_stated": "", "addresses": "161 Virginnia Avenue", "parcels": "4-F-127", "legistar_api_url": "https://webapi.legistar.com/v1/pittsburgh/matters/6967", "legistar_web_url": "https://pittsburgh.legistar.com/gateway.aspx?M=F&ID=D49FC2D3-C5CE-4935-B4A3-98C5EF05F4B4", "geocode_method": "allegheny_parcel_centroid", "geocode_detail": "1 of 1 parcel ids matched MAPBLOCKLOT", "parcels_matched": "4-F-127", "as_of": "2026-09-26"}}, {"type": "Feature", "geometry": {"type": "Point", "coordinates": [-79.98187, 40.421759]}, "properties": {"matter_id": 7146, "file_number": "2005-1172", "matter_type": "Ordinance", "action_category": "map_amendment", "action_subtype": "area_wide_remap", "residential_relevance": "area_wide_remap_mixed", "title": "An Ordinance amending the Pittsburgh Zoning Code, Title Nine, Article One, Chapter 902 Section 902.03, Zoning District Maps No. 7, 8 and 13 by changing various zoning district classifications in the SOUTH SIDE SLOPES neighborhood in accord with Map Pittsburgh: Zoning for your Neighborhood, the city's zoning re-mapping project relative to the city's new Urban Zoning Code.", "intro_date": "2005-03-15", "status_legistar": "Passed Finally", "status": "adopted", "final_action": "Passed Finally", "final_action_date": "2005-05-10", "passed_date": "2005-05-10", "mayor_signed_date": "2005-05-16", "days_intro_to_final": 56, "passed_pursuant_to_case_law": false, "public_hearing_held_date": "2005-04-27", "referred_to_planning_commission_in_history": false, "vote_action": "Passed Finally", "vote_date": "2005-05-10", "votes_aye": 6, "votes_nay": 0, "votes_abstain": 0, "votes_absent_or_other": 2, "votes_other_detail": "Out of Room=2", "vote_source": "eventitems/81651/votes", "from_districts": "P|RM-M|LNC|R2-L|UI", "to_districts": "H|R1D-VH|RM-M|R2-M|R1D-H|P|R1A-VH|UI", "from_to_pairs": "", "multi_unit_code_change_today": "", "byright_ceiling_effect_today": "", "cu_district_zoned": "", "housing_typology": "", "units_stated": "", "beds_or_residents_stated": "", "addresses": "", "parcels": "3-L-400|3-S-228|3-S-218|12-N-360|12-P-67|12-N-98|12-N-101|12-N-107|3-S-164|14-D-290|13-A-123|13-A-63|13-E-158|13-E-124|13-E-108|13-E-101|13-E-100|13-E-97|13-E-94|13-E-86|13-E-57|13-E-51|13-E-38|13-E-34|13-E-31|13-E-19|13-E-17|13-E-16|13-E-13|13-E-12|14-H-500|14-H-204|14-M-3|14-H-61|14-H-64|14-H-122|13-A-124|13-A-125|14-D-168|14-D-169|14-D-167|14-D-71|14-C-218|14-C-145|14-D-70|14-D-165|13-A-126|14-H-121|14-H-67|14-H-65|14-L-268|14-M-37|14-M-38|14-M-42|14-M-45|14-M-48|14-M-51|14-M-54|14-M-61|14-M-63|14-M-66|14-M-69|14-M-71|14-M-73|14-M-76|14-M-78|13-J-57|13-J-56|13-J-52|13-J-51|13-J-50|13-J-47|13-J-46|13-J-45|13-J-44|13-J-43|13-J-42|13-J-42-A|13-J-41|13-J-9|13-J-6|13-J-1|13-F-12|13-F-18|13-K-304|13-A-266|12-N-105-1|12-N-105|12-N-103|12-N-102|12-P-113|12-P-114|13-A-62|13-A-57|13-A-56|13-A-134|13-A-267|13-A-268|13-A-270|12-N-276|12-N-275|12-N-274|13-B-49|12-P-163|12-R-116|12-R-117|12-R-118|12-R-120|12-R-123|12-R-122-A|12-R-134|13-C-353|12-C-352|13-C-351|13-C-348|13-C-343|13-C-342|13-C-341|13-C-51|13-C-54|13-C-56|13-C-121-A|13-C-128|13-C-130|13-C-131|13-C-133|13-C-134|13-C-136|13-C-137|13-C-138|13-C-140|13-D-87|13-D-84|13-D-170|13-H-349|30-A-12|30-A-35|30-A-23|30-E-3|13-H-146|13-L-101|13-L-99|13-L-97|13-L-96|13-L-93|13-L-46|13-L-47|13-L-48|13-L-49|13-L-50|13-L-51|13-L-52|13-L-53|13-L-22|13-L-26|13-G-9|13-G-10|13-G-11|13-G-12|12-R-225|12-R-203|12-R-183|12-R-175|12-R-176|12-R-136|12-R-155-A|12-R-155|12-R-154|12-R-150|12-R-149|12-R-148|12-R-147|12-R-146|12-R-145|12-R-144-A|12-R-144|12-R-143|12-R-141|12-R-140|13-C-1|12-R-106|12-R-107|12-R-108|12-R-98|12-S-240|13-D-306|13-D-30|30-A-158|30-A-118|30-E-283|30-E-267|30-J-36|30-J-45|13-H-147|13-H-268|13-D-172|13-D-173|13-D-85|13-C-87|13-D-89|13-D-90|13-D-91|13-D-92|13-C-142|13-C-111|13-C-112|13-C-113|13-C-114|13-C-115|13-C-115-1|13-C-116|13-C-117|13-C-118|13-C-119|13-C-121|13-C-344|13-C-345|13-C-346|13-C-352|13-C-354|13-C-359|13-G-32|13-C-407|13-C-410|13-D-330|13-D-304|30-E-268|30-E-282|30-A-117|30-A-315", "legistar_api_url": "https://webapi.legistar.com/v1/pittsburgh/matters/7146", "legistar_web_url": "https://pittsburgh.legistar.com/gateway.aspx?M=F&ID=8DF4DB3E-61D7-4B15-A219-A9B488F00B21", "geocode_method": "allegheny_parcel_centroid_mean", "geocode_detail": "23 of 25 parcel ids matched MAPBLOCKLOT (only first 25 queried)", "parcels_matched": "13-E-51|13-E-31|12-N-101|13-A-123|13-E-124|13-E-108|3-L-400|13-A-63|13-E-34|3-S-218|13-E-38|13-E-97|13-E-101|12-N-98|3-S-164|13-E-94|14-D-290|13-E-86|13-E-57|13-E-158|3-S-228|13-E-100|12-N-107", "as_of": "2026-09-26"}}, {"type": "Feature", "geometry": {"type": "Point", "coordinates": [-79.944134, 40.418438]}, "properties": {"matter_id": 7147, "file_number": "2005-1173", "matter_type": "Ordinance", "action_category": "map_amendment", "action_subtype": "area_wide_remap", "residential_relevance": "area_wide_remap_mixed", "title": "Ordinance amending the Pittsburgh Zoning Code, Title Nine, Zoning, Article 1, Chapter 902, Section 902.03, Zoning District Maps No. 12 and 13 by changing various zoning district classifications in the HAZELWOOD neighborhood in accord with Map Pittsburgh: Zoning for your Neighborhood, the city's zoning remapping project relative to the city's new Urban Zoning Code.", "intro_date": "2005-03-15", "status_legistar": "Passed Finally", "status": "adopted", "final_action": "Passed Finally", "final_action_date": "2005-05-10", "passed_date": "2005-05-10", "mayor_signed_date": "2005-05-16", "days_intro_to_final": 56, "passed_pursuant_to_case_law": false, "public_hearing_held_date": "2005-04-27", "referred_to_planning_commission_in_history": false, "vote_action": "Passed Finally", "vote_date": "2005-05-10", "votes_aye": 6, "votes_nay": 0, "votes_abstain": 0, "votes_absent_or_other": 2, "votes_other_detail": "Out of Room=2", "vote_source": "eventitems/81652/votes", "from_districts": "P|R1D-L|RM-M|R2-L|UI|LNC|GI", "to_districts": "H|R1D-M|NDI|R1D-H|LNC|R1A-H|R1A-VH|UI", "from_to_pairs": "", "multi_unit_code_change_today": "", "byright_ceiling_effect_today": "", "cu_district_zoned": "", "housing_typology": "", "units_stated": "", "beds_or_residents_stated": "", "addresses": "", "parcels": "55-A-330|55-J-300|55-E-186|55-E-190|55-E-192|55-E-193|55-E-197|55-E-199|55-E-201|55-E-244|55-E-245|55-K-100|55-K-174|55-K-177|55-K-310|55-K-311|55-K-316|55-K-317|55-K-318|55-K-319|55-K-320|55-P-338|55-P-360|55-R-10|55-R-74|55-R-58|55-R-56|55-R-54|55-R-50|55-R-106|55-R-120|56-C-334|56-B-128|56-B-126|56-B-180|56-B-172|56-B-170|56-B-165|56-B-162|56-B-159|56-B-135|56-B-41|55-P-144|55-P-146|55-P-148|55-J-184|55-J-113|55-E-90|55-E-45|55-A-349|30-D-68|29-S-210|55-G-281|55-G-280|55-G-283|55-G-282-1|55-G-282-2|55-L-244|55-L-248|55-L-249|55-L-250|55-L-260|55-L-258|55-L-208-3|55-L-259|55-L-273|55-L-271|55-L-304|55-K-384|55-L-157|55-L-179|55-L-112|55-R-220|55-R-94|55-R-62|55-R-39|55-P-349|55-P-339|55-F-59|55-F-52|55-K-96|55-E-246|55-H-255|55-H-296|55-R-236|55-L-54|55-L-255|55-L-159|55-L-304-1|55-G-284|55-G-279|55-M-188|55-S-276|55-R-182|55-H-299|55-H-257|55-S-194|55-S-182|55-S-200|55-S-232|55-M-306|56-G-272|56-G-266|56-G-258|56-L-380|56-L-369|56-L-368|56-G-109|56-D-117|455-R-145|55-S-259|55-S-261|55-S-263|55-S-267|55-M-216|55-M-266|55-M-291|55-S-248|55-S-198|55-S-196|55-S-160|55-E-75|55-E-80|55-J-83|55-J-169|55-J-165|55-J-164|55-P-60|55-P-58|55-P-57|56-B-220|56-C-350|56-C-353|56-D-118|56-C-57|56-C-274|56-F-258|56-F-230|56-F-335|56-F-338|56-F-264|56-F-263|56-G-1|56-G-4|56-G-5|56-G-6|56-G-7|56-G-8|56-G-9|56-G-10|56-C-257|56-C-256|56-C-239|56-C-238|56-C-236|56-C-235|56-C-234|56-C-233|56-C-232|56-C-230|56-C-229|56-C-228|56-C-226|56-C-225|56-C-224|56-C-223|56-C-222|56-C-220|56-C-221|56-C-56|56-G-95|56-F-195|56-F-231|56-G-116|56-G-118|56-G-119|56-G-120|56-L-366|56-L-365|56-L-210|56-K-192|56-K-239|56-K-274|56-F-140|56-J-45|56-J-47|56-J-48|56-J-49|56-K-43|56-K-44|56-K-45|56-P-89|56-N-62|56-N-101|56-M-4|56-M-21|56-S-29|56-S-45|56-S-28|56-S-27|56-M-22|56-S-3|56-S-4|56-S-5|56-S-6|56-S-7|56-S-25|56-S-47|56-S-48|56-S-49|56-S-50|56-S-54|57-C-393|57-C-378|57-D-1|57-D-6|57-D-8|57-D-12|57-D-13|57-D-14|57-D-29|57-D-30|57-D-50|57-G-146|57-G-144|57-G-142|57-G-135|57-G-128|57-B-165|57-B-175|57-G-193|57-G-195|57-B-96", "legistar_api_url": "https://webapi.legistar.com/v1/pittsburgh/matters/7147", "legistar_web_url": "https://pittsburgh.legistar.com/gateway.aspx?M=F&ID=71840CBA-18E9-400F-B3E3-8473B3765CF1", "geocode_method": "allegheny_parcel_centroid_mean", "geocode_detail": "23 of 25 parcel ids matched MAPBLOCKLOT (only first 25 queried)", "parcels_matched": "55-K-100|55-R-10|55-K-310|55-E-190|55-E-201|55-E-199|55-E-193|55-E-186|55-K-317|55-K-174|55-E-192|55-E-245|55-K-320|55-J-300|55-A-330|55-K-177|55-E-244|55-K-311|55-K-316|55-K-318|55-K-319|55-E-197|55-R-74", "as_of": "2026-09-26"}}, {"type": "Feature", "geometry": {"type": "Point", "coordinates": [-80.033217, 40.436383]}, "properties": {"matter_id": 7253, "file_number": "2005-1249", "matter_type": "Ordinance", "action_category": "map_amendment", "action_subtype": "area_wide_remap", "residential_relevance": "area_wide_remap_mixed", "title": "Ordinance amending the Pittsburgh Zoning Code, Title Nine, Article One, Chapter 902 Section 902.03, Zoning District Maps No. 3 and 7 by changing various zoning district classifications in the WEST END neighborhood in accord with Map Pittsburgh: Zoning for your Neighborhood, the city's zoning re-mapping project relative to the city's new Urban Zoning Code.", "intro_date": "2005-04-12", "status_legistar": "Passed Finally", "status": "adopted", "final_action": "Passed Finally", "final_action_date": "2005-06-14", "passed_date": "2005-06-14", "mayor_signed_date": "2005-06-21", "days_intro_to_final": 63, "passed_pursuant_to_case_law": false, "public_hearing_held_date": "2005-06-01", "referred_to_planning_commission_in_history": false, "vote_action": "Passed Finally", "vote_date": "2005-06-14", "votes_aye": 7, "votes_nay": 0, "votes_abstain": 1, "votes_absent_or_other": 1, "votes_other_detail": "Absent=1", "vote_source": "eventitems/83536/votes", "from_districts": "P|UI|LNC|RM-M", "to_districts": "LNC|H|R1D-VH", "from_to_pairs": "", "multi_unit_code_change_today": "", "byright_ceiling_effect_today": "", "cu_district_zoned": "", "housing_typology": "", "units_stated": "", "beds_or_residents_stated": "", "addresses": "", "parcels": "6-A-143|19-H-269|19-M-114|19-M-112|19-M-110|19-M-151|19-M-105|19-M-104|19-M-103|19-M-102|19-M-101|19-M-100|19-S-195|5-A-80|5-A-54|5-A-4|6-N-100|19-M-98|19-M-146|6-A-86|6-A-35|19-M-38|19-M-36|19-M-35|19-M-34|19-M-33|19-M-81|19-M-31|19-M-30|19-M-29|19-M-28|19-M-27|19-M-26|19-M-16|19-M-15|19-M-14|19-M-12|19-M-10", "legistar_api_url": "https://webapi.legistar.com/v1/pittsburgh/matters/7253", "legistar_web_url": "https://pittsburgh.legistar.com/gateway.aspx?M=F&ID=EAD99ECE-F1A8-4277-8AAB-2DD14010FCA7", "geocode_method": "allegheny_parcel_centroid_mean", "geocode_detail": "22 of 25 parcel ids matched MAPBLOCKLOT (only first 25 queried)", "parcels_matched": "19-M-105|6-N-100|19-M-35|5-A-4|19-M-112|5-A-54|19-M-101|19-M-110|19-M-103|19-M-38|19-M-114|19-M-151|19-M-36|19-M-100|5-A-80|19-M-146|19-M-98|19-M-104|19-M-102|19-M-34|6-A-143|19-H-269", "as_of": "2026-09-26"}}, {"type": "Feature", "geometry": {"type": "Point", "coordinates": [-79.996866, 40.465279]}, "properties": {"matter_id": 7255, "file_number": "2005-1251", "matter_type": "Ordinance", "action_category": "map_amendment", "action_subtype": "area_wide_remap", "residential_relevance": "area_wide_remap_mixed", "title": "Ordinance amending the Pittsburgh Zoning Code, Title Nine, Article One, Chapter 902 Section 902.03, Zoning District Map No. 6 by changing various zoning district classifications in the SPRING HILL neighborhood in accord with Map Pittsburgh: Zoning for your Neighborhood, the city's zoning re-mapping project relative to the city's new Urban Zoning Code.", "intro_date": "2005-04-12", "status_legistar": "Passed Finally", "status": "adopted", "final_action": "Passed Finally", "final_action_date": "2005-06-14", "passed_date": "2005-06-14", "mayor_signed_date": "2005-06-21", "days_intro_to_final": 63, "passed_pursuant_to_case_law": false, "public_hearing_held_date": "2005-06-01", "referred_to_planning_commission_in_history": false, "vote_action": "Passed Finally", "vote_date": "2005-06-14", "votes_aye": 7, "votes_nay": 0, "votes_abstain": 1, "votes_absent_or_other": 1, "votes_other_detail": "Absent=1", "vote_source": "eventitems/83538/votes", "from_districts": "NDI|R2-L|RM-M|R1D-L|P|LNC", "to_districts": "H|R1D-M|R1D-L|R1A-H|LNC|R1D-H", "from_to_pairs": "", "multi_unit_code_change_today": "", "byright_ceiling_effect_today": "", "cu_district_zoned": "", "housing_typology": "", "units_stated": "", "beds_or_residents_stated": "", "addresses": "", "parcels": "24-E-36|24-E-77-A|24-E-77-B|24-E-314|24-E-344|24-B-161|24-B-181|24-B-183|24-B-59|24-A-348|24-A-349|24-A-352|47-N-305|47-N-268|47-A-321|47-E-218|47-E-92|47-E-89|47-E-88|47-E-87|47-E-86|47-E-85|47-E-84|47-E-82|47-A-110|47-A-146|47-B-106|47-B-61|78-N-220|78-N-8|77-S-262|77-S-187|77-S-34|77-S-264|47-K-44|47-P-66|24-B-145|24-B-160|24-B-61|24-B-60|47-E-361|47-E-360|47-E-362|47-E-359|47-J-359|47-J-358|47-J-357|47-J-356|47-J-355|47-J-354|47-J-353|47-K-157|47-K-161|47-K-163|47-K-166|47-K-167|47-K-168|47-K-170|47-K-172|47-K-7|47-K-8|47-K-9|47-K-11|47-K-12|47-P-17|47-P-18|47-P-19|47-P-25|47-P-160|47-P-158|47-P-109|47-K-67|47-K-66|47-K-65|47-K-62|47-K-61|47-K-60|47-K-58|47-K-57|47-K-50|47-K-50-A|47-K-49|47-K-48|47-A-81|47-A-77|47-A-98|47-C-121|47-C-124|47-C-128|47-C-129|47-C-131|47-C-150|47-C-148|47-G-135|47-G-216|47-G-209|47-G-201|47-G-176|47-G-173|47-L-93|47-L-112|47-L-47|47-L-44|47-L-43|47-F-140|47-F-154|47-F-157|47-F-159|47-F-161|47-F-163|47-F-168|47-K-193|47-L-45|47-K-6|47-R-66|47-R-42|47-P-65|47-R-36|47-R-69|47-R-71|24-C-80|24-C-79|24-C-78|24-C-77|24-C-76|24-C-75|24-C-74|24-C-73|24-C-72|24-C-70|24-C-69|24-C-68|24-C-65|24-C-64|24-C-63|24-C-62|24-C-61|24-C-60|24-C-59|24-C-58|24-C-54|24-C-48|24-B-349|47-R-297|47-R-185|47-R-183|47-R-181|47-R-179|47-R-177|47-R-175|47-R-173|47-R-171|47-R-169|47-R-165|47-R-160|47-R-152|47-G-330|47-G-290|47-G-270|47-G-250|47-G-195|47-H-86|47-L-200|47-L-220|48-M-95|47-R-151|47-R-280|47-R-244|47-R-237|47-G-185|47-G-312", "legistar_api_url": "https://webapi.legistar.com/v1/pittsburgh/matters/7255", "legistar_web_url": "https://pittsburgh.legistar.com/gateway.aspx?M=F&ID=8A73F420-9962-4614-A55C-89369830B06D", "geocode_method": "allegheny_parcel_centroid_mean", "geocode_detail": "21 of 25 parcel ids matched MAPBLOCKLOT (only first 25 queried)", "parcels_matched": "47-N-268|47-E-89|47-A-110|47-E-84|47-E-88|24-A-348|24-B-59|47-E-82|24-A-352|47-E-218|24-B-181|24-A-349|47-A-321|24-E-344|24-B-183|24-B-161|47-E-87|47-E-85|47-E-92|47-E-86|47-N-305", "as_of": "2026-09-26"}}, {"type": "Feature", "geometry": {"type": "Point", "coordinates": [-79.951269, 40.451614]}, "properties": {"matter_id": 7337, "file_number": "2005-1314", "matter_type": "Ordinance", "action_category": "map_amendment", "action_subtype": "area_wide_remap", "residential_relevance": "area_wide_remap_mixed", "title": "Ordinance amending the Pittsburgh Zoning Code, Title Nine, Article One, Chapter 902 Section 902.03, and Zoning District Map No's 11 and 12 by changing various zoning district classifications in the North Oakland, Bloomfield, Friendship, Shadyside and East Liberty neighborhoods as a function of the Baum - Centre Corridor Planning Initiative.", "intro_date": "2005-05-03", "status_legistar": "Passed Finally", "status": "adopted", "final_action": "Passed Finally", "final_action_date": "2005-06-21", "passed_date": "2005-06-21", "mayor_signed_date": "2005-06-29", "days_intro_to_final": 49, "passed_pursuant_to_case_law": false, "public_hearing_held_date": "2005-06-07", "referred_to_planning_commission_in_history": false, "vote_action": "Passed Finally", "vote_date": "2005-06-21", "votes_aye": 7, "votes_nay": 0, "votes_abstain": 0, "votes_absent_or_other": 2, "votes_other_detail": "Absent=2", "vote_source": "eventitems/83703/votes", "from_districts": "H|P|UI|RM-H|LNC|RM-M|R1A-VH|RM-VH|UNC", "to_districts": "UI|H|LNC|RM-M|UNC|EMI|R1A-VH|RM-VH|P", "from_to_pairs": "", "multi_unit_code_change_today": "", "byright_ceiling_effect_today": "", "cu_district_zoned": "", "housing_typology": "", "units_stated": "", "beds_or_residents_stated": "", "addresses": "", "parcels": "16-L-68|28-L-70|26-M-160|26-S-275|51-N-182|51-N-192|51-N-218|51-N-223|51-N-225|51-N-227|51-N-229|51-N-231|51-N-233|51-N-237|51-N-239|51-N-254|51-N-260|51-N-284|51-N-294|51-N-300|52-A-8|52-A-13|52-A-20|51-N-69|51-N-71|51-N-80|51-N-91|51-N-94|51-N-99|51-N-102|51-N-105|51-J-108|51-J-238|51-K-180|51-K-267|51-K-262-1|51-P-178|51-P-172|51-P-9|51-N-118|51-N-122|51-N-129|51-N-130|51-N-133|51-N-135|51-N-137|51-N-145|51-N-151|51-N-153|51-N-164|26-S-300|26-S-300-1|26-S-282|26-S-280|51-K-146|51-K-73|51-L-262|51-L-252|51-L-227|51-G-159|51-L-198|51-M-68-M|51-M-76|51-M-77|51-M-78|51-M-79|51-M-80|51-M-81|51-M-82|51-L-35|51-L-1|51-K-306|51-L-109|51-L-108|51-L-104|51-L-100|51-L-95|51-L-88|51-R-150|51-P-200|51-P-45|51-P-268|51-M-138|51-M-146|51-M-223|51-M-84|51-H-268|51-M-120|84-E-36|84-G-110|84-E-282|51-H-285|84-E-165", "legistar_api_url": "https://webapi.legistar.com/v1/pittsburgh/matters/7337", "legistar_web_url": "https://pittsburgh.legistar.com/gateway.aspx?M=F&ID=F72D08CD-4698-413B-90DD-F65F2457F69B", "geocode_method": "allegheny_parcel_centroid_mean", "geocode_detail": "19 of 25 parcel ids matched MAPBLOCKLOT (only first 25 queried)", "parcels_matched": "51-N-233|51-N-182|16-L-68|51-N-192|51-N-229|52-A-20|51-N-69|51-N-254|51-N-223|51-N-300|51-N-231|51-N-239|51-N-284|51-N-294|52-A-13|52-A-8|51-N-237|51-N-260|26-M-160", "as_of": "2026-09-26"}}, {"type": "Feature", "geometry": {"type": "Point", "coordinates": [-80.004411, 40.42306]}, "properties": {"matter_id": 7568, "file_number": "2005-1510", "matter_type": "Resolution", "action_category": "conditional_use", "action_subtype": "cu_use_approval", "residential_relevance": "residential_use", "title": "Resolution approving a Conditional Use under the Pittsburgh Code, Title Nine - Zoning, Article V, Section 909.02.D.6(a)(1) to the Pittsburgh Board of Public Education or its designee for authorization to operate a Housing for the Elderly facility on property to be zoned RP / Residential Planned Unit Development bounded by Eureka St, Harwood St, Secane Ave and Ruth St and identified as Block and Lot #15-C-220 in Allegheny Block and Lot system, 18th Ward, City of Pittsburgh district.", "intro_date": "2005-06-28", "status_legistar": "Passed Finally", "status": "adopted", "final_action": "Passed pursuant to Case Law", "final_action_date": "2005-08-18", "passed_date": "2005-08-08", "mayor_signed_date": "", "days_intro_to_final": 41, "passed_pursuant_to_case_law": true, "public_hearing_held_date": "2005-07-28", "referred_to_planning_commission_in_history": false, "vote_action": "Passed pursuant to Case Law", "vote_date": "2005-08-18", "votes_aye": "", "votes_nay": "", "votes_abstain": "", "votes_absent_or_other": "", "votes_other_detail": "", "vote_source": "votes_endpoint_http_500", "from_districts": "", "to_districts": "", "from_to_pairs": "", "multi_unit_code_change_today": "", "byright_ceiling_effect_today": "", "cu_district_zoned": "RP", "housing_typology": "senior_elderly", "units_stated": "", "beds_or_residents_stated": "", "addresses": "", "parcels": "15-C-220", "legistar_api_url": "https://webapi.legistar.com/v1/pittsburgh/matters/7568", "legistar_web_url": "https://pittsburgh.legistar.com/gateway.aspx?M=F&ID=86FC5A97-D662-45DC-865B-A893EE4D6CC3", "geocode_method": "allegheny_parcel_centroid", "geocode_detail": "1 of 1 parcel ids matched MAPBLOCKLOT", "parcels_matched": "15-C-220", "as_of": "2026-09-26"}}, {"type": "Feature", "geometry": {"type": "Point", "coordinates": [-80.004411, 40.42306]}, "properties": {"matter_id": 7569, "file_number": "2005-1511", "matter_type": "Ordinance", "action_category": "map_amendment", "action_subtype": "site_rezoning", "residential_relevance": "unclear_special_district", "title": "Ordinance amending the Pittsburgh Code, Title Nine, Zoning Article III, Section 902.03 - Zoning Map by changing from RM-M / Residential Multi-Unit, Moderate Density to RP/Residential Planned Unit Development certain property bounded by Eureka St, Harwood St, Secane Ave and Ruth St and identified as Block and Lot #15-C-220 in Allegheny Block and Lot system, 18th Ward, City of Pittsburgh.", "intro_date": "2005-06-28", "status_legistar": "Passed Finally", "status": "adopted", "final_action": "Passed Finally", "final_action_date": "2005-08-08", "passed_date": "2005-08-08", "mayor_signed_date": "2005-08-18", "days_intro_to_final": 41, "passed_pursuant_to_case_law": false, "public_hearing_held_date": "2005-07-28", "referred_to_planning_commission_in_history": false, "vote_action": "Passed Finally", "vote_date": "2005-08-08", "votes_aye": 8, "votes_nay": 0, "votes_abstain": 0, "votes_absent_or_other": 1, "votes_other_detail": "Absent=1", "vote_source": "eventitems/85117/votes", "from_districts": "RM-M", "to_districts": "RP", "from_to_pairs": "RM-M>RP", "multi_unit_code_change_today": "P>?", "byright_ceiling_effect_today": "involves_district_not_in_911_02", "cu_district_zoned": "", "housing_typology": "", "units_stated": "", "beds_or_residents_stated": "", "addresses": "", "parcels": "15-C-220", "legistar_api_url": "https://webapi.legistar.com/v1/pittsburgh/matters/7569", "legistar_web_url": "https://pittsburgh.legistar.com/gateway.aspx?M=F&ID=83BD59F9-D724-40BF-B118-6C1A80746336", "geocode_method": "allegheny_parcel_centroid", "geocode_detail": "1 of 1 parcel ids matched MAPBLOCKLOT", "parcels_matched": "15-C-220", "as_of": "2026-09-26"}}, {"type": "Feature", "geometry": {"type": "Point", "coordinates": [-79.979949, 40.410133]}, "properties": {"matter_id": 7571, "file_number": "2005-1513", "matter_type": "Ordinance", "action_category": "map_amendment", "action_subtype": "area_wide_remap", "residential_relevance": "area_wide_remap_mixed", "title": "Ordinance amending the Pittsburgh Zoning Code, Title Nine, Article One, Chapter 902 Section 902.03, Zoning District Map Nos. 8 and 13 by changing various zoning district classifications in the MOUNT OLIVER (MT. OLIVER) neighborhood in accord with Map Pittsburgh: Zoning for your Neighborhood, the city's zoning re-mapping project relative to the city's new Urban Zoning Code.", "intro_date": "2005-06-28", "status_legistar": "Passed Finally", "status": "adopted", "final_action": "Passed Finally", "final_action_date": "2005-08-08", "passed_date": "2005-08-08", "mayor_signed_date": "2005-08-18", "days_intro_to_final": 41, "passed_pursuant_to_case_law": false, "public_hearing_held_date": "2005-07-28", "referred_to_planning_commission_in_history": false, "vote_action": "Passed Finally", "vote_date": "2005-08-08", "votes_aye": 8, "votes_nay": 0, "votes_abstain": 0, "votes_absent_or_other": 1, "votes_other_detail": "Absent=1", "vote_source": "eventitems/85119/votes", "from_districts": "LNC|R2-L|P", "to_districts": "R1D-M|H", "from_to_pairs": "", "multi_unit_code_change_today": "", "byright_ceiling_effect_today": "", "cu_district_zoned": "", "housing_typology": "", "units_stated": "", "beds_or_residents_stated": "", "addresses": "", "parcels": "13-N-245|23-A-41|32-E-159|32-J-279|32-J-248|32-A-42|32-A-43|13-N-244|32-J-151|32-J-209|32-J-246", "legistar_api_url": "https://webapi.legistar.com/v1/pittsburgh/matters/7571", "legistar_web_url": "https://pittsburgh.legistar.com/gateway.aspx?M=F&ID=C8E4A89C-5FEC-4673-9A88-9C92BEB99631", "geocode_method": "allegheny_parcel_centroid_mean", "geocode_detail": "8 of 11 parcel ids matched MAPBLOCKLOT", "parcels_matched": "32-A-42|32-J-246|32-J-209|32-E-159|13-N-245|32-J-151|13-N-244|32-J-279", "as_of": "2026-09-26"}}, {"type": "Feature", "geometry": {"type": "Point", "coordinates": [-79.895642, 40.436339]}, "properties": {"matter_id": 7572, "file_number": "2005-1514", "matter_type": "Ordinance", "action_category": "map_amendment", "action_subtype": "area_wide_remap", "residential_relevance": "area_wide_remap_mixed", "title": "Ordinance amending the Pittsburgh Zoning Code, Title Nine, Article One, Chapter 902 Section 902.03, Zoning District Map No. 17 by changing various zoning district classifications in the REGENT SQUARE neighborhood in accord with Map Pittsburgh: Zoning for your Neighborhood, the city's zoning re-mapping project relative to the city's new Urban Zoning Code.", "intro_date": "2005-06-28", "status_legistar": "Passed Finally", "status": "adopted", "final_action": "Passed Finally", "final_action_date": "2005-08-08", "passed_date": "2005-08-08", "mayor_signed_date": "2005-08-18", "days_intro_to_final": 41, "passed_pursuant_to_case_law": false, "public_hearing_held_date": "2005-07-28", "referred_to_planning_commission_in_history": false, "vote_action": "Passed Finally", "vote_date": "2005-08-08", "votes_aye": 8, "votes_nay": 0, "votes_abstain": 0, "votes_absent_or_other": 1, "votes_other_detail": "Absent=1", "vote_source": "eventitems/85120/votes", "from_districts": "RM-M|R2-L|R1D-L", "to_districts": "R1A-H|RM-M|R1D-M", "from_to_pairs": "", "multi_unit_code_change_today": "", "byright_ceiling_effect_today": "", "cu_district_zoned": "", "housing_typology": "", "units_stated": "", "beds_or_residents_stated": "", "addresses": "", "parcels": "176-F-62|176-F-63|176-F-64|176-F-65|176-K-58|176-K-59|176-J-15|176-J-13|176-K-310|176-K-311|176-K-312|176-J-178|176-J-174|176-J-172|176-J-170|176-J-186|176-J-137|176-J-2|176-J-3|176-J-4|176-N-24|176-N-23|176-N-73|176-N-74|176-N-75|176-N-88|176-N-87|177-A-3|177-A-5|177-A-45|177-A-39|177-A-37|177-A-38|177-A-80|177-A-108|177-A-107|177-A-106|177-A-105|177-E-248|177-E-251|177-E-222|177-E-220|177-E-218|177-E-216|177-E-175|177-E-178|177-E-180|177-E-182|177-A-140|176-N-219|177-E-98|177-E-97|177-J-42|177-J-40|177-J-20", "legistar_api_url": "https://webapi.legistar.com/v1/pittsburgh/matters/7572", "legistar_web_url": "https://pittsburgh.legistar.com/gateway.aspx?M=F&ID=2F6EB5DA-7C0A-4732-83C7-5FB086FBA8EF", "geocode_method": "allegheny_parcel_centroid_mean", "geocode_detail": "23 of 25 parcel ids matched MAPBLOCKLOT (only first 25 queried)", "parcels_matched": "176-N-74|176-J-137|176-K-59|176-J-4|176-N-73|176-N-75|176-N-24|176-J-15|176-K-311|176-F-63|176-K-312|176-F-62|176-J-178|176-J-172|176-J-174|176-J-186|176-K-58|176-N-23|176-F-64|176-J-13|176-F-65|176-K-310|176-J-170", "as_of": "2026-09-26"}}, {"type": "Feature", "geometry": {"type": "Point", "coordinates": [-79.978277, 40.449585]}, "properties": {"matter_id": 7811, "file_number": "2005-1742", "matter_type": "Ordinance", "action_category": "map_amendment", "action_subtype": "site_rezoning", "residential_relevance": "unclear_special_district", "title": "Ordinance amending the Pittsburgh Code, Title Nine, Zoning Article III, Section 902.03 - Zoning Map by changing from RM-M / Residential Multiple-Unit, Moderate Density and PO / Parks and Open Space to RP / Residential Planned Unit Development certain property bounded by Bedford Avenue, lot 10-E-390 in Allegheny Block and Lot system, an unnamed way, lot 10-B-090 in Allegheny Block and Lot system, and lot 10-F-198 in Allegheny Block and Lot system, 5th Ward, City of Pittsburgh.", "intro_date": "2005-10-04", "status_legistar": "Passed Finally", "status": "adopted", "final_action": "Passed Finally", "final_action_date": "2005-11-21", "passed_date": "2005-11-21", "mayor_signed_date": "2005-12-02", "days_intro_to_final": 48, "passed_pursuant_to_case_law": false, "public_hearing_held_date": "2005-11-15", "referred_to_planning_commission_in_history": false, "vote_action": "Passed Finally", "vote_date": "2005-11-21", "votes_aye": 9, "votes_nay": 0, "votes_abstain": 0, "votes_absent_or_other": 0, "votes_other_detail": "", "vote_source": "eventitems/88226/votes", "from_districts": "RM-M|P", "to_districts": "RP", "from_to_pairs": "RM-M>RP|P>RP", "multi_unit_code_change_today": "P>?|->?", "byright_ceiling_effect_today": "involves_district_not_in_911_02", "cu_district_zoned": "", "housing_typology": "", "units_stated": "", "beds_or_residents_stated": "", "addresses": "", "parcels": "10-E-390|10-B-090|10-F-198", "legistar_api_url": "https://webapi.legistar.com/v1/pittsburgh/matters/7811", "legistar_web_url": "https://pittsburgh.legistar.com/gateway.aspx?M=F&ID=6893DC7F-0B35-4E28-98C6-A0C4EC98E8B4", "geocode_method": "allegheny_parcel_centroid", "geocode_detail": "1 of 3 parcel ids matched MAPBLOCKLOT", "parcels_matched": "10-F-198", "as_of": "2026-09-26"}}, {"type": "Feature", "geometry": {"type": "Point", "coordinates": [-79.994182, 40.435176]}, "properties": {"matter_id": 7900, "file_number": "2005-1827", "matter_type": "Ordinance", "action_category": "map_amendment", "action_subtype": "site_rezoning", "residential_relevance": "unclear_special_district", "title": "Ordinance amending the Pittsburgh Code, Title Nine, Zoning Article III, Section 902.03 - Zoning Map by changing from UI / Urban Industrial to SP-3 / Specially Planed District #3: Public Safety Complex certain property located at 704 Second Ave, also known as lot 2-P-122 in the Allegheny Block and Lot system, 1st Ward, City of Pittsburgh.", "intro_date": "2005-11-01", "status_legistar": "Passed Finally", "status": "adopted", "final_action": "Passed Finally", "final_action_date": "2005-12-06", "passed_date": "2005-12-06", "mayor_signed_date": "2005-12-14", "days_intro_to_final": 35, "passed_pursuant_to_case_law": false, "public_hearing_held_date": "2005-11-29", "referred_to_planning_commission_in_history": false, "vote_action": "Passed Finally", "vote_date": "2005-12-06", "votes_aye": 9, "votes_nay": 0, "votes_abstain": 0, "votes_absent_or_other": 0, "votes_other_detail": "", "vote_source": "eventitems/89143/votes", "from_districts": "UI", "to_districts": "SP-3", "from_to_pairs": "UI>SP-3", "multi_unit_code_change_today": "S>?", "byright_ceiling_effect_today": "involves_district_not_in_911_02", "cu_district_zoned": "", "housing_typology": "", "units_stated": "", "beds_or_residents_stated": "", "addresses": "704 Second Ave", "parcels": "2-P-122", "legistar_api_url": "https://webapi.legistar.com/v1/pittsburgh/matters/7900", "legistar_web_url": "https://pittsburgh.legistar.com/gateway.aspx?M=F&ID=3E30238E-4B53-4F7F-BDEE-9399C3407100", "geocode_method": "allegheny_parcel_centroid", "geocode_detail": "1 of 1 parcel ids matched MAPBLOCKLOT", "parcels_matched": "2-P-122", "as_of": "2026-09-26"}}, {"type": "Feature", "geometry": {"type": "Point", "coordinates": [-79.904483, 40.446805]}, "properties": {"matter_id": 7922, "file_number": "2005-1849", "matter_type": "Resolution", "action_category": "conditional_use", "action_subtype": "cu_use_approval", "residential_relevance": "non_residential", "title": "Resolution renewing an approved Conditional Use application, Resolution No. 542/2004, entitled, approving a Conditional Use under Section 911.04.A.64 of the Pittsburgh Code, Title Nine, Zoning, Article V Chapter 911 as amended, to the Board of Public Education of Pittsburgh for authorization to construct a 2-story extension to the easterly side of Sterrett Classical Academy with classrooms, gymnasium, cafeteria and library at 7100 Reynolds Street on property zoned \u201cR1D-L\u201d Residential Single Unit Detached Low Density District, 14th Ward.\u201d in accordance with guidelines set forth in Section 922.06.I.3, Renewal in the Event of Lapse.", "intro_date": "2005-11-07", "status_legistar": "Passed Finally", "status": "adopted", "final_action": "Passed Finally", "final_action_date": "2005-11-14", "passed_date": "2005-11-14", "mayor_signed_date": "2005-11-22", "days_intro_to_final": 7, "passed_pursuant_to_case_law": false, "public_hearing_held_date": "", "referred_to_planning_commission_in_history": false, "vote_action": "Passed Finally", "vote_date": "2005-11-14", "votes_aye": 9, "votes_nay": 0, "votes_abstain": 0, "votes_absent_or_other": 0, "votes_other_detail": "", "vote_source": "eventitems/87725/votes", "from_districts": "", "to_districts": "", "from_to_pairs": "", "multi_unit_code_change_today": "", "byright_ceiling_effect_today": "", "cu_district_zoned": "R1D-L", "housing_typology": "", "units_stated": "", "beds_or_residents_stated": "", "addresses": "7100 Reynolds Street", "parcels": "", "legistar_api_url": "https://webapi.legistar.com/v1/pittsburgh/matters/7922", "legistar_web_url": "https://pittsburgh.legistar.com/gateway.aspx?M=F&ID=BBCDEE37-F41D-4894-9A9B-6361EDBD747C", "geocode_method": "census_geocoder_onelineaddress", "geocode_detail": "input '7100 Reynolds Street, Pittsburgh, PA' -> '7100 REYNOLDS ST, PITTSBURGH, PA, 15208'", "parcels_matched": "", "as_of": "2026-09-26"}}, {"type": "Feature", "geometry": {"type": "Point", "coordinates": [-79.963043, 40.464005]}, "properties": {"matter_id": 7943, "file_number": "2005-1870", "matter_type": "Ordinance", "action_category": "map_amendment", "action_subtype": "area_wide_remap", "residential_relevance": "area_wide_remap_mixed", "title": "Ordinance amending the Pittsburgh Zoning Code, Title Nine, Article One, Section 902.03, Zoning District Maps No.10 and 11 of the Pittsburgh Code are hereby amended so as to change the following zoning district classifications by changing various zoning district classifications in the Lawrenceville neighborhood, 6th, 9th and 10th Wards.", "intro_date": "2005-11-14", "status_legistar": "Passed Finally", "status": "adopted", "final_action": "Passed Finally", "final_action_date": "2005-12-19", "passed_date": "2005-12-19", "mayor_signed_date": "2005-12-29", "days_intro_to_final": 35, "passed_pursuant_to_case_law": false, "public_hearing_held_date": "2005-12-13", "referred_to_planning_commission_in_history": false, "vote_action": "Passed Finally", "vote_date": "2005-12-19", "votes_aye": 9, "votes_nay": 0, "votes_abstain": 0, "votes_absent_or_other": 0, "votes_other_detail": "", "vote_source": "eventitems/89983/votes", "from_districts": "UI|P|RM-M|R1A-M|LNC|GI|R2-L", "to_districts": "R1A-H|H|P|UI|LNC|RM-M|R1A-VH|EMI|R1D-H", "from_to_pairs": "", "multi_unit_code_change_today": "", "byright_ceiling_effect_today": "", "cu_district_zoned": "", "housing_typology": "", "units_stated": "", "beds_or_residents_stated": "", "addresses": "", "parcels": "26-A-102|26-B-176|26-B-182|26-B-85|26-A-99|49-P-385|49-P-274|49-P-284|26-A-76|49-P-380|26-B-90|49-P-27|49-N-280|49-N-147|49-N-126|48-S-296|49-P-29|49-N-229|49-N-239|49-K-11|49-E-245|49-L-246|49-L-233|45-H-10|49-C-229|80-P-192|49-J-302|49-J-221|49-J-207|49-C-158|49-C-276|25-D-218|48-S-284|48-S-258|49-J-306|49-J-79|49-J-70|49-J-62|49-L-293|49-G-200|49-L-235|49-L-294|81-E-58|81-E-78|120-N-120|120-N-55|120-J-300|48-M-44|49-B-60|49-E-170-2|120-J-190|80-N-18|80-N-16|80-K-70|80-K-113|80-K-110|80-N-166|80-N-79|49-A-165|49-E-170-1|49-E-170-3|48-H-25|48-M-45", "legistar_api_url": "https://webapi.legistar.com/v1/pittsburgh/matters/7943", "legistar_web_url": "https://pittsburgh.legistar.com/gateway.aspx?M=F&ID=D4791465-F033-4FE9-A88C-819BC47E2B11", "geocode_method": "allegheny_parcel_centroid_mean", "geocode_detail": "24 of 25 parcel ids matched MAPBLOCKLOT (only first 25 queried)", "parcels_matched": "49-N-147|26-B-182|26-B-85|26-B-176|49-E-245|49-P-385|26-A-102|49-P-27|49-P-29|49-P-380|49-N-229|26-A-99|26-B-90|45-H-10|48-S-296|49-N-280|49-L-246|49-N-239|26-A-76|49-C-229|49-P-274|49-P-284|49-K-11|49-L-233", "as_of": "2026-09-26"}}, {"type": "Feature", "geometry": {"type": "Point", "coordinates": [-79.914634, 40.433281]}, "properties": {"matter_id": 7947, "file_number": "2005-1874", "matter_type": "Resolution", "action_category": "conditional_use", "action_subtype": "cu_use_approval", "residential_relevance": "non_residential", "title": "Resolution approving a Conditional Use exception under the Pittsburgh Code, Title Nine, Zoning, Article V, Chapter 911, Section 911.04.A.64 to the Board of Public Education for authorization to expand Colfax Elementary School by installation of two modular structures with two classrooms each for use on a temporary basis from the fall of 2005 until the fall of 2007, located at 2332 Beechwood Boulevard on property zoned \u201cR2-L\u201d, Residential Two-Unit, Low Density District, 14th Ward.", "intro_date": "2005-11-14", "status_legistar": "Died due to expiration of legislative council session", "status": "expired_end_of_session", "final_action": "Held in Committee", "final_action_date": "2005-12-14", "passed_date": "2005-12-31", "mayor_signed_date": "", "days_intro_to_final": 30, "passed_pursuant_to_case_law": false, "public_hearing_held_date": "2005-12-07", "referred_to_planning_commission_in_history": false, "vote_action": "", "vote_date": "", "votes_aye": "", "votes_nay": "", "votes_abstain": "", "votes_absent_or_other": "", "votes_other_detail": "", "vote_source": "", "from_districts": "", "to_districts": "", "from_to_pairs": "", "multi_unit_code_change_today": "", "byright_ceiling_effect_today": "", "cu_district_zoned": "R2-L", "housing_typology": "", "units_stated": "", "beds_or_residents_stated": "", "addresses": "2332 Beechwood Boulevard", "parcels": "", "legistar_api_url": "https://webapi.legistar.com/v1/pittsburgh/matters/7947", "legistar_web_url": "https://pittsburgh.legistar.com/gateway.aspx?M=F&ID=24BA6371-D9A5-4BB6-AF2D-3F45BDDAD875", "geocode_method": "census_geocoder_onelineaddress", "geocode_detail": "input '2332 Beechwood Boulevard, Pittsburgh, PA' -> '2332 BEECHWOOD BLVD, PITTSBURGH, PA, 15217'", "parcels_matched": "", "as_of": "2026-09-26"}}, {"type": "Feature", "geometry": {"type": "Point", "coordinates": [-79.926138, 40.4284]}, "properties": {"matter_id": 8001, "file_number": "2005-1922", "matter_type": "Ordinance", "action_category": "map_amendment", "action_subtype": "site_rezoning", "residential_relevance": "no_change_in_residential_ceiling", "title": "Ordinance amending certain portions of the Pittsburgh Code of Ordinances, Title Nine, Zoning, Chapter 902.03 (Zoning Map) to change the Zoning Classification from RM-M / Residential Multi-Unit, Moderate Density to LNC / Local Neighborhood Commercial all certain properties bounded by Maeburn Rd, Morrowfield Ave, Block and Lot #87-K-033 in the Allegheny County block and lot system, Forward Ave, and Block and Lots #87-F324 and -320 in the aforesaid system, 14th Ward.", "intro_date": "2005-11-21", "status_legistar": "Died due to expiration of legislative council session", "status": "expired_end_of_session", "final_action": "Referred for Report and Recommendation", "final_action_date": "2005-12-05", "passed_date": "2005-12-31", "mayor_signed_date": "", "days_intro_to_final": 14, "passed_pursuant_to_case_law": false, "public_hearing_held_date": "", "referred_to_planning_commission_in_history": true, "vote_action": "", "vote_date": "", "votes_aye": "", "votes_nay": "", "votes_abstain": "", "votes_absent_or_other": "", "votes_other_detail": "", "vote_source": "", "from_districts": "RM-M", "to_districts": "LNC", "from_to_pairs": "RM-M>LNC", "multi_unit_code_change_today": "P>P", "byright_ceiling_effect_today": "same_residential_ceiling", "cu_district_zoned": "", "housing_typology": "", "units_stated": "", "beds_or_residents_stated": "", "addresses": "", "parcels": "87-K-033", "legistar_api_url": "https://webapi.legistar.com/v1/pittsburgh/matters/8001", "legistar_web_url": "https://pittsburgh.legistar.com/gateway.aspx?M=F&ID=E563DE8F-15FC-493E-8FFA-B07B7DC402D6", "geocode_method": "allegheny_parcel_centroid", "geocode_detail": "1 of 1 parcel ids matched MAPBLOCKLOT", "parcels_matched": "87-K-33", "as_of": "2026-09-26"}}, {"type": "Feature", "geometry": {"type": "Point", "coordinates": [-79.926138, 40.4284]}, "properties": {"matter_id": 8136, "file_number": "2006-0033", "matter_type": "Resolution", "action_category": "map_amendment", "action_subtype": "site_rezoning", "residential_relevance": "no_change_in_residential_ceiling", "title": "Ordinance Amending certain portions of the Pittsburgh Code of Ordinances, Title Nine, Zoning, Chapter 902.03 (Zoning Map) to change the Zoning Classification from RM-M / Residential Multi-Unit, Moderate Density to LNC / Local Neighborhood Commercial all certain properties bounded by Maeburn Rd, Morrowfield Ave, Block and Lot #87-K-033 in the Allegheny County block and lot system, Forward Ave, and Block and Lots #87-F324 and -320 in the aforesaid system, 14th Ward.", "intro_date": "2006-01-17", "status_legistar": "Passed Finally", "status": "adopted", "final_action": "Passed Finally", "final_action_date": "2006-07-11", "passed_date": "2006-07-11", "mayor_signed_date": "2006-07-18", "days_intro_to_final": 175, "passed_pursuant_to_case_law": false, "public_hearing_held_date": "2006-06-29", "referred_to_planning_commission_in_history": false, "vote_action": "Passed Finally", "vote_date": "2006-07-11", "votes_aye": 8, "votes_nay": 0, "votes_abstain": 0, "votes_absent_or_other": 1, "votes_other_detail": "Absent=1", "vote_source": "eventitems/96650/votes", "from_districts": "RM-M", "to_districts": "LNC", "from_to_pairs": "RM-M>LNC", "multi_unit_code_change_today": "P>P", "byright_ceiling_effect_today": "same_residential_ceiling", "cu_district_zoned": "", "housing_typology": "", "units_stated": "", "beds_or_residents_stated": "", "addresses": "", "parcels": "87-K-033", "legistar_api_url": "https://webapi.legistar.com/v1/pittsburgh/matters/8136", "legistar_web_url": "https://pittsburgh.legistar.com/gateway.aspx?M=F&ID=90B90E1C-01D9-41BB-A688-720893FA41C3", "geocode_method": "allegheny_parcel_centroid", "geocode_detail": "1 of 1 parcel ids matched MAPBLOCKLOT", "parcels_matched": "87-K-33", "as_of": "2026-09-26"}}, {"type": "Feature", "geometry": {"type": "Point", "coordinates": [-79.957784, 40.428856]}, "properties": {"matter_id": 8146, "file_number": "2006-0042", "matter_type": "Ordinance", "action_category": "map_amendment", "action_subtype": "text_amendment_other", "residential_relevance": "not_a_map_change", "title": "Ordinance amending the Pittsburgh Code, Title Nine, Zoning Map by changing zoning district boundaries by extending the SP-1 district beyond the Hot Metal Bridge, and amending the Pittsburgh Code, Title Nine, Zoning amending text for the SP-1 / Pittsburgh Technology Center district.", "intro_date": "2006-01-24", "status_legistar": "Passed Finally", "status": "adopted", "final_action": "Passed Finally", "final_action_date": "2006-03-20", "passed_date": "2006-03-20", "mayor_signed_date": "2006-03-30", "days_intro_to_final": 55, "passed_pursuant_to_case_law": false, "public_hearing_held_date": "2006-03-08", "referred_to_planning_commission_in_history": false, "vote_action": "Passed Finally", "vote_date": "2006-03-20", "votes_aye": 7, "votes_nay": 0, "votes_abstain": 0, "votes_absent_or_other": 1, "votes_other_detail": "Absent=1", "vote_source": "eventitems/92835/votes", "from_districts": "GI", "to_districts": "SP-1", "from_to_pairs": "", "multi_unit_code_change_today": "", "byright_ceiling_effect_today": "", "cu_district_zoned": "", "housing_typology": "", "units_stated": "", "beds_or_residents_stated": "", "addresses": "", "parcels": "029-G-0092", "legistar_api_url": "https://webapi.legistar.com/v1/pittsburgh/matters/8146", "legistar_web_url": "https://pittsburgh.legistar.com/gateway.aspx?M=F&ID=2AD75EE1-A776-4363-AD26-E736F587629B", "geocode_method": "allegheny_parcel_centroid", "geocode_detail": "1 of 1 parcel ids matched MAPBLOCKLOT", "parcels_matched": "29-G-92", "as_of": "2026-09-26"}}, {"type": "Feature", "geometry": {"type": "Point", "coordinates": [-79.998159, 40.437106]}, "properties": {"matter_id": 8163, "file_number": "2006-0058", "matter_type": "Resolution", "action_category": "conditional_use", "action_subtype": "cu_use_approval", "residential_relevance": "non_residential", "title": "Resolution approving a Conditional Use under the Pittsburgh Code, Title Nine, Zoning, Articles IV Chapter 910 Section 910.01.D.2 (b) to Romel L. Nicholas Lessee on behalf of Lamar Advertising Company, Owner, for authorization to install an Electronic Message Sign on the existing structure located at 200 Grant Street/503 Court Place on property zoned GT-B, Golden Triangle Subdistrict B, 1st Ward.", "intro_date": "2006-01-31", "status_legistar": "Passed Finally", "status": "adopted", "final_action": "Passed Finally", "final_action_date": "2006-03-28", "passed_date": "2006-03-28", "mayor_signed_date": "2006-04-05", "days_intro_to_final": 56, "passed_pursuant_to_case_law": false, "public_hearing_held_date": "2006-03-15", "referred_to_planning_commission_in_history": false, "vote_action": "Passed Finally", "vote_date": "2006-03-28", "votes_aye": 7, "votes_nay": 0, "votes_abstain": 1, "votes_absent_or_other": 1, "votes_other_detail": "Absent=1", "vote_source": "eventitems/93074/votes", "from_districts": "", "to_districts": "", "from_to_pairs": "", "multi_unit_code_change_today": "", "byright_ceiling_effect_today": "", "cu_district_zoned": "GT-B", "housing_typology": "", "units_stated": "", "beds_or_residents_stated": "", "addresses": "200 Grant Street", "parcels": "", "legistar_api_url": "https://webapi.legistar.com/v1/pittsburgh/matters/8163", "legistar_web_url": "https://pittsburgh.legistar.com/gateway.aspx?M=F&ID=ACC890EB-018E-43FD-B1FC-28D17B00C207", "geocode_method": "census_geocoder_onelineaddress", "geocode_detail": "input '200 Grant Street, Pittsburgh, PA' -> '200 GRANT ST, PITTSBURGH, PA, 15219'", "parcels_matched": "", "as_of": "2026-09-26"}}, {"type": "Feature", "geometry": {"type": "Point", "coordinates": [-80.008642, 40.458715]}, "properties": {"matter_id": 8164, "file_number": "2006-0059", "matter_type": "Ordinance", "action_category": "map_amendment", "action_subtype": "site_rezoning", "residential_relevance": "unclear_special_district", "title": "Ordinance amending the Pittsburgh Code, Title Nine, Zoning Article III, Section 902.03 - Zoning Map by changing from R1A-VH / Residential Single Unit Attached, Very High Density, RM-M / Residential Multiple-Unit, Moderate Density and LNC / Local Neighborhood Commercial to RP / Residential Planned Unit Development all certain property bounded by Carrington St, lots 23-F-201 and 23-F-202 in Allegheny Block and Lot system, Alpine Ave, lot 23-F-358 in Allegheny Block and Lot system, Boer Way, Charlick Way, Sampsonia Way, Federal St N, Hemlock St, Hazlip Way, Henderson St and Federal St N, 25th Ward, City of Pittsburgh. (Federal Hill)", "intro_date": "2006-01-31", "status_legistar": "Passed Finally", "status": "adopted", "final_action": "Passed Finally", "final_action_date": "2006-03-28", "passed_date": "2006-03-28", "mayor_signed_date": "2006-04-05", "days_intro_to_final": 56, "passed_pursuant_to_case_law": false, "public_hearing_held_date": "2006-03-15", "referred_to_planning_commission_in_history": false, "vote_action": "Passed Finally", "vote_date": "2006-03-28", "votes_aye": 7, "votes_nay": 0, "votes_abstain": 1, "votes_absent_or_other": 1, "votes_other_detail": "Absent=1", "vote_source": "eventitems/93075/votes", "from_districts": "R1A-VH|RM-M|LNC", "to_districts": "RP", "from_to_pairs": "R1A-VH>RP|RM-M>RP|LNC>RP", "multi_unit_code_change_today": "->?|P>?|P>?", "byright_ceiling_effect_today": "involves_district_not_in_911_02", "cu_district_zoned": "", "housing_typology": "", "units_stated": "", "beds_or_residents_stated": "", "addresses": "", "parcels": "23-F-201|23-F-202|23-F-358", "legistar_api_url": "https://webapi.legistar.com/v1/pittsburgh/matters/8164", "legistar_web_url": "https://pittsburgh.legistar.com/gateway.aspx?M=F&ID=7CFDE4F4-5CF3-4861-9E6C-2D2305E7F48D", "geocode_method": "allegheny_parcel_centroid_mean", "geocode_detail": "3 of 3 parcel ids matched MAPBLOCKLOT", "parcels_matched": "23-F-202|23-F-358|23-F-201", "as_of": "2026-09-26"}}, {"type": "Feature", "geometry": {"type": "Point", "coordinates": [-79.967875, 40.399314]}, "properties": {"matter_id": 8280, "file_number": "2006-0173", "matter_type": "Resolution", "action_category": "conditional_use", "action_subtype": "cu_use_approval", "residential_relevance": "non_residential", "title": "Resolution (denying) approving a Conditional Use exception under the Pittsburgh Code, Title Nine, Zoning, Article V, Chapter 911, Section 911.04.A.22 to Michael Facchiano Contracting on behalf of Community Specialists Corporation, property owner, for authorization to place approximately 88,000 cubic yards of fill on property located at 900 Agnew Road, zoned \"UI\", Urban Industrial District, 31st Ward.", "intro_date": "2006-03-07", "status_legistar": "Passed Finally", "status": "adopted", "final_action": "Passed Finally", "final_action_date": "2006-05-09", "passed_date": "2006-05-09", "mayor_signed_date": "2006-05-17", "days_intro_to_final": 63, "passed_pursuant_to_case_law": false, "public_hearing_held_date": "2006-04-25", "referred_to_planning_commission_in_history": false, "vote_action": "Passed Finally", "vote_date": "2006-05-09", "votes_aye": 8, "votes_nay": 1, "votes_abstain": 0, "votes_absent_or_other": 0, "votes_other_detail": "", "vote_source": "eventitems/94498/votes", "from_districts": "", "to_districts": "", "from_to_pairs": "", "multi_unit_code_change_today": "", "byright_ceiling_effect_today": "", "cu_district_zoned": "UI", "housing_typology": "", "units_stated": "", "beds_or_residents_stated": "", "addresses": "900 Agnew Road", "parcels": "", "legistar_api_url": "https://webapi.legistar.com/v1/pittsburgh/matters/8280", "legistar_web_url": "https://pittsburgh.legistar.com/gateway.aspx?M=F&ID=93896ACC-CF56-4BB8-8D44-6BF3AC749665", "geocode_method": "census_geocoder_onelineaddress", "geocode_detail": "input '900 Agnew Road, Pittsburgh, PA' -> '900 AGNEW RD, PITTSBURGH, PA, 15227'", "parcels_matched": "", "as_of": "2026-09-26"}}, {"type": "Feature", "geometry": {"type": "Point", "coordinates": [-79.914634, 40.433281]}, "properties": {"matter_id": 8406, "file_number": "2006-0293", "matter_type": "Resolution", "action_category": "conditional_use", "action_subtype": "cu_use_approval", "residential_relevance": "non_residential", "title": "Resolution approving a Conditional Use under the Pittsburgh Code, Title Nine, Zoning, Articles IV Chapter 911 Section 911.04.A.64 to Pittsburgh Public Schools Facilities Division for authorization to install a third modular classroom building on a temporary basis to the rear of Colfax Spanish Academy/Elementary School located at 2332 Beechwood Boulevard on property zoned R2-L, Residential Two-Unit, Low Density District, 14th Ward.", "intro_date": "2006-04-11", "status_legistar": "Passed Finally", "status": "adopted", "final_action": "Passed Finally", "final_action_date": "2006-05-09", "passed_date": "2006-05-09", "mayor_signed_date": "2006-05-17", "days_intro_to_final": 28, "passed_pursuant_to_case_law": false, "public_hearing_held_date": "2006-05-01", "referred_to_planning_commission_in_history": false, "vote_action": "Passed Finally", "vote_date": "2006-05-09", "votes_aye": 9, "votes_nay": 0, "votes_abstain": 0, "votes_absent_or_other": 0, "votes_other_detail": "", "vote_source": "eventitems/94499/votes", "from_districts": "", "to_districts": "", "from_to_pairs": "", "multi_unit_code_change_today": "", "byright_ceiling_effect_today": "", "cu_district_zoned": "R2-L", "housing_typology": "", "units_stated": "", "beds_or_residents_stated": "", "addresses": "2332 Beechwood Boulevard", "parcels": "", "legistar_api_url": "https://webapi.legistar.com/v1/pittsburgh/matters/8406", "legistar_web_url": "https://pittsburgh.legistar.com/gateway.aspx?M=F&ID=F5CD9B37-90E3-4346-A8BA-6780F3FFA69A", "geocode_method": "census_geocoder_onelineaddress", "geocode_detail": "input '2332 Beechwood Boulevard, Pittsburgh, PA' -> '2332 BEECHWOOD BLVD, PITTSBURGH, PA, 15217'", "parcels_matched": "", "as_of": "2026-09-26"}}, {"type": "Feature", "geometry": {"type": "Point", "coordinates": [-79.914634, 40.433281]}, "properties": {"matter_id": 8407, "file_number": "2006-0294", "matter_type": "Resolution", "action_category": "conditional_use", "action_subtype": "cu_use_approval", "residential_relevance": "non_residential", "title": "Resolution approving a Conditional Use under the Pittsburgh Code, Title Nine, Zoning, Articles IV Chapter 911 Section 911.04.A.64 to Pittsburgh Public Schools Facilities Division for authorization to construct a two-story extension for a gymnasium, cafeteria and classrooms to the rear of Colfax Spanish Academy/Elementary School located at 2332 Beechwood Boulevard on property zoned R2-L, Residential Two-Unit, Low Density District, 14th Ward.", "intro_date": "2006-04-11", "status_legistar": "Passed Finally", "status": "adopted", "final_action": "Passed Finally", "final_action_date": "2006-05-09", "passed_date": "2006-05-09", "mayor_signed_date": "2006-05-17", "days_intro_to_final": 28, "passed_pursuant_to_case_law": false, "public_hearing_held_date": "2006-05-01", "referred_to_planning_commission_in_history": false, "vote_action": "Passed Finally", "vote_date": "2006-05-09", "votes_aye": 9, "votes_nay": 0, "votes_abstain": 0, "votes_absent_or_other": 0, "votes_other_detail": "", "vote_source": "eventitems/94500/votes", "from_districts": "", "to_districts": "", "from_to_pairs": "", "multi_unit_code_change_today": "", "byright_ceiling_effect_today": "", "cu_district_zoned": "R2-L", "housing_typology": "", "units_stated": "", "beds_or_residents_stated": "", "addresses": "2332 Beechwood Boulevard", "parcels": "", "legistar_api_url": "https://webapi.legistar.com/v1/pittsburgh/matters/8407", "legistar_web_url": "https://pittsburgh.legistar.com/gateway.aspx?M=F&ID=9A6A1A33-50BD-4979-A332-E0B65A2AF32A", "geocode_method": "census_geocoder_onelineaddress", "geocode_detail": "input '2332 Beechwood Boulevard, Pittsburgh, PA' -> '2332 BEECHWOOD BLVD, PITTSBURGH, PA, 15217'", "parcels_matched": "", "as_of": "2026-09-26"}}, {"type": "Feature", "geometry": {"type": "Point", "coordinates": [-80.015433, 40.451062]}, "properties": {"matter_id": 8502, "file_number": "2006-0390", "matter_type": "Ordinance", "action_category": "map_amendment", "action_subtype": "area_wide_remap", "residential_relevance": "area_wide_remap_mixed", "title": "Ordinance amending the Pittsburgh Zoning Code, Title Nine, Article One, Chapter 902 Section 902.03, Zoning District Map Nos. 6 & 7 by changing various zoning district classifications in the ALLEGHENY WEST neighborhood in accord with Map Pittsburgh: Zoning for your Neighborhood, the city's zoning re-mapping project relative to the city's new Urban Zoning Code.", "intro_date": "2006-05-09", "status_legistar": "Passed Finally", "status": "adopted", "final_action": "Passed Finally", "final_action_date": "2006-08-07", "passed_date": "2006-08-07", "mayor_signed_date": "2006-08-10", "days_intro_to_final": 90, "passed_pursuant_to_case_law": false, "public_hearing_held_date": "2006-06-21", "referred_to_planning_commission_in_history": false, "vote_action": "Passed Finally", "vote_date": "2006-08-07", "votes_aye": 9, "votes_nay": 0, "votes_abstain": 0, "votes_absent_or_other": 0, "votes_other_detail": "", "vote_source": "eventitems/97742/votes", "from_districts": "RM-M|UI|LNC|RM-H|NDI", "to_districts": "R1A-H|NDI|RM-M|LNC|NDO|EMI|P", "from_to_pairs": "", "multi_unit_code_change_today": "", "byright_ceiling_effect_today": "", "cu_district_zoned": "", "housing_typology": "", "units_stated": "", "beds_or_residents_stated": "", "addresses": "", "parcels": "22-S-144|8-A-7|8-A-9|8-A-14|8-A-53|7-D-305|7-H-25|7-D-239|8-E-185|8-F-20|8-F-13|8-F-500|8-E-500|7-H-502|7-H-339|7-H-335|7-H-332", "legistar_api_url": "https://webapi.legistar.com/v1/pittsburgh/matters/8502", "legistar_web_url": "https://pittsburgh.legistar.com/gateway.aspx?M=F&ID=99963825-3BD3-4362-AB06-754FD6FF786E", "geocode_method": "allegheny_parcel_centroid_mean", "geocode_detail": "13 of 17 parcel ids matched MAPBLOCKLOT", "parcels_matched": "7-D-239|7-D-305|8-E-185|7-H-25|7-H-339|8-F-20|8-F-13|8-A-14|8-A-53|8-A-7|8-A-9|22-S-144|7-H-335", "as_of": "2026-09-26"}}, {"type": "Feature", "geometry": {"type": "Point", "coordinates": [-80.038361, 40.445704]}, "properties": {"matter_id": 8503, "file_number": "2006-0391", "matter_type": "Ordinance", "action_category": "map_amendment", "action_subtype": "area_wide_remap", "residential_relevance": "area_wide_remap_mixed", "title": "Ordinance amending the Pittsburgh Zoning Code, Title Nine, Article One, Chapter 902 Section 902.03, Zoning District Map Nos. 3 & 7 by changing various zoning district classifications in the ELLIOTT neighborhood in accord with Map Pittsburgh: Zoning for your Neighborhood, the city's zoning re-mapping project relative to the city's new Urban Zoning Code.", "intro_date": "2006-05-09", "status_legistar": "Passed Finally", "status": "adopted", "final_action": "Passed Finally", "final_action_date": "2006-07-05", "passed_date": "2006-07-05", "mayor_signed_date": "2006-07-06", "days_intro_to_final": 57, "passed_pursuant_to_case_law": false, "public_hearing_held_date": "2006-06-21", "referred_to_planning_commission_in_history": false, "vote_action": "Passed Finally", "vote_date": "2006-07-05", "votes_aye": 8, "votes_nay": 0, "votes_abstain": 0, "votes_absent_or_other": 1, "votes_other_detail": "Absent=1", "vote_source": "eventitems/96502/votes", "from_districts": "P|UI|R2-L|LNC|RM-M", "to_districts": "UI|H|P|R1D-L|R1D-H|R1D-M|R1A-M|R2-H|R1A-H", "from_to_pairs": "", "multi_unit_code_change_today": "", "byright_ceiling_effect_today": "", "cu_district_zoned": "", "housing_typology": "", "units_stated": "", "beds_or_residents_stated": "", "addresses": "", "parcels": "20-B-107|20-B-123|20-B-122|20-B-120|20-B-118|20-B-116|20-B-52|20-B-111|20-B-97|20-B-92|20-B-82|20-C-90|7-J-50|7-P-75-1|19-D-148|19-C-323|19-C-330|19-H-122|19-H-121|19-H-123|19-H-125|19-H-127|19-H-128|19-H-129|19-H-78|19-H-83|19-H-151|19-H-156|19-H-158|19-G-292|19-G-342|19-G-340|19-G-339|19-G-336|19-G-355|19-G-356|19-G-357|19-G-358|19-G-366-1|19-G-366|19-G-318|19-G-272|19-G-206|19-L-81|19-F-142|19-K-2|19-K-4|19-K-6|19-K-11|19-K-15|19-L-46|19-L-48|19-L-49|19-L-41|19-G-11|19-G-56|19-G-148|19-B-129|19-C-366|19-C-365|19-C-280|19-C-198|19-C-139|19-C-115|19-C-64|19-C-62|19-C-61|19-C-60|19-C-59|19-C-57|19-C-32|19-C-9|19-C-1|20-R-334|20-R-294|20-R-267|20-S-73|20-S-102|20-S-100|20-S-97|20-S-94|20-S-134|20-S-262|20-S-120|20-S-207|7-N-219|7-N-253|7-N-238|7-J-15|7-J-14|7-J-26|7-J-12|7-J-10|7-J-36|7-J-20-2|21-K-66|20-C-37|20-C-48|20-C-64|20-H-23|20-M-12|20-S-192|7-J-30|7-J-28|7-N-214|7-N-243|7-J-24|7-J-22|7-N-241|7-N-239|7-N-228|7-N-217|20-M-46|20-M-48|20-M-54|20-G-98|20-C-33|20-G-85|20-G-79|20-G-133|20-G-185|20-G-188|20-G-190|20-G-195|20-G-64|20-L-63|20-L-61|20-L-59|20-L-89|20-L-91|20-L-93|20-L-94|20-L-95|20-L-100|20-L-99|20-L-32|20-K-147|20-K-114|20-K-95|20-K-126|20-K-129|20-K-131|20-K-133|20-K-135|20-K-136|20-K-137|20-K-138|20-K-139|20-K-140|20-K-141|20-K-142|20-K-207|20-K-225|20-K-228|20-K-229|20-K-231|20-K-234|19-K-235|20-K-236|20-K-238|20-K-239|20-K-240|20-F-84|20-F-138|20-F-140|20-F-148|20-F-110|20-F-54|20-F-61|20-F-63|20-F-66|20-F-68|20-F-41|20-C-29|20-G-97|20-G-106|20-G-134|20-G-165|20-G-208|20-G-258|20-L-75|20-L-84|20-G-206|20-G-182|20-G-89|20-G-24|20-F-33|20-F-31|20-F-30|20-F-52|20-B-145|20-F-168|20-F-190|20-K-182|20-K-241|20-K-186|20-K-191|20-K-195|20-K-198|20-K-199|20-K-201|20-K-202|20-K-180|20-F-259|20-F-25|20-B-124|20-B-88|20-B-86|20-H-24|20-H-22|20-H-20|2-M-4|2-M-5|2-M-6|2-M-7|2-M-8|2-M-9|2-M-10|2-M-11|20-R-293|19-C-40|19-C-44|19-C-37|19-C-35|20-L-268|20-L-250|20-L-232|20-G-262|20-H-6|20-R-103|20-M-59|20-M-94|20-S-87|20-S-86|20-S-85|20-S-80|20-S-77|20-S-75|20-S-187|20-S-169|20-S-164|20-S-137|20-S-147|20-S-149|20-S-155|20-S-181|20-S-185|20-P-83|20-P-290|20-K-148|20-L-30|19-C-225|19-C-243|19-B-2|20-P-198|20-R-99|20-R-98|20-R-97|20-R-96|19-C-166|19-C-158|19-C-143|19-C-195|19-C-196|19-C-278|19-B-77|19-B-78|19-B-92|19-C-244|19-C-224|19-B-53|19-B-96|19-B-155|19-G-150|19-G-54|19-G-15|19-L-43|19-L-45|19-G-25|19-G-33|19-F-98|19-F-110|19-F-111|19-F-113|19-F-122|19-F-127|19-F-136|19-E-99|19-E-101|9-E-103|19-E-104|19-E-106|19-E-110|19-H-36|19-H-62|19-L-83|19-G-199|19-G-198|19-G-274|19-G-317|19-G-315|19-G-313|19-G-311|19-G-307|19-G-305|19-G-304|19-H-21|19-H-26|19-H-33|19-H-118|19-H-114|19-H-104|19-H-100|19-H-97|19-H-96|19-H-91|19-E-214", "legistar_api_url": "https://webapi.legistar.com/v1/pittsburgh/matters/8503", "legistar_web_url": "https://pittsburgh.legistar.com/gateway.aspx?M=F&ID=6F2A53BD-EA99-491B-87F3-155477C44DD5", "geocode_method": "allegheny_parcel_centroid_mean", "geocode_detail": "23 of 25 parcel ids matched MAPBLOCKLOT (only first 25 queried)", "parcels_matched": "19-C-330|19-H-122|7-J-50|19-H-129|20-B-118|19-H-123|20-B-107|20-B-123|20-B-97|19-H-128|20-C-90|20-B-122|19-H-125|20-B-116|19-D-148|19-H-78|19-H-121|20-B-120|20-B-111|19-H-127|20-B-92|7-P-75-0-1|19-C-323", "as_of": "2026-09-26"}}, {"type": "Feature", "geometry": {"type": "Point", "coordinates": [-79.894578, 40.446499]}, "properties": {"matter_id": 8547, "file_number": "2006-0435", "matter_type": "Ordinance", "action_category": "map_amendment", "action_subtype": "site_rezoning", "residential_relevance": "enables_more_housing_byright", "title": "Ordinance amending the Pittsburgh Code, Title Nine, Zoning, Article I, Section 902.03 Zoning Map, by changing from R2-L, Residential Two-Unit Low Density District to LNC, Local Neighborhood Commercial District, property located at 103 South Braddock Avenue and identified in the Allegheny County Block and Lot System as Block No.175-K, Lot Number 24; and a 15 foot portion of property parallel to the northerly property line of the property located at 100 East End Avenue and identified in the aforesaid system as Block No. 175-K, Lot No. 41; and the residentially zoned portion of property located at 7600 Penn Avenue and identified in the aforesaid system as Block No. 175-K, Lot No. 26; 14th Ward.", "intro_date": "2006-05-23", "status_legistar": "Passed Finally", "status": "adopted", "final_action": "Passed Finally", "final_action_date": "2006-12-27", "passed_date": "2006-12-27", "mayor_signed_date": "2007-01-10", "days_intro_to_final": 218, "passed_pursuant_to_case_law": false, "public_hearing_held_date": "2006-06-28", "referred_to_planning_commission_in_history": false, "vote_action": "Passed Finally", "vote_date": "2006-12-27", "votes_aye": 8, "votes_nay": 0, "votes_abstain": 0, "votes_absent_or_other": 1, "votes_other_detail": "Absent=1", "vote_source": "eventitems/102222/votes", "from_districts": "R2-L", "to_districts": "LNC", "from_to_pairs": "R2-L>LNC", "multi_unit_code_change_today": "->P", "byright_ceiling_effect_today": "increases_byright_residential_ceiling", "cu_district_zoned": "", "housing_typology": "", "units_stated": "", "beds_or_residents_stated": "", "addresses": "103 South Braddock Avenue|100 East End Avenue|7600 Penn Avenue", "parcels": "175-K-24|175-K-41|175-K-26", "legistar_api_url": "https://webapi.legistar.com/v1/pittsburgh/matters/8547", "legistar_web_url": "https://pittsburgh.legistar.com/gateway.aspx?M=F&ID=CDEDBC03-E9B3-4320-897E-FAAB08EE6954", "geocode_method": "allegheny_parcel_centroid_mean", "geocode_detail": "2 of 3 parcel ids matched MAPBLOCKLOT", "parcels_matched": "175-K-26|175-K-41", "as_of": "2026-09-26"}}, {"type": "Feature", "geometry": {"type": "Point", "coordinates": [-79.979825, 40.408773]}, "properties": {"matter_id": 8684, "file_number": "2006-0563", "matter_type": "Resolution", "action_category": "conditional_use", "action_subtype": "cu_use_approval", "residential_relevance": "non_residential", "title": "Resolution approving a Conditional Use under the Pittsburgh Code, Title Nine, Zoning, Article V, Chapter 911, Section 911.04.A.64 to Pittsburgh Public Schools Facilities Division for authorization to install two temporary modular structures for classroom use on the site of Philip Murray Elementary School located at 800 Rectenwald Street on property zoned R1D-M, Residential Single-Unit, Moderate Density District, 16th Ward.", "intro_date": "2006-07-05", "status_legistar": "Passed Finally", "status": "adopted", "final_action": "Passed Finally", "final_action_date": "2006-08-07", "passed_date": "2006-08-07", "mayor_signed_date": "2006-08-10", "days_intro_to_final": 33, "passed_pursuant_to_case_law": false, "public_hearing_held_date": "2006-08-01", "referred_to_planning_commission_in_history": false, "vote_action": "Passed Finally", "vote_date": "2006-08-07", "votes_aye": 9, "votes_nay": 0, "votes_abstain": 0, "votes_absent_or_other": 0, "votes_other_detail": "", "vote_source": "eventitems/97743/votes", "from_districts": "", "to_districts": "", "from_to_pairs": "", "multi_unit_code_change_today": "", "byright_ceiling_effect_today": "", "cu_district_zoned": "R1D-M", "housing_typology": "", "units_stated": "", "beds_or_residents_stated": "", "addresses": "800 Rectenwald Street", "parcels": "", "legistar_api_url": "https://webapi.legistar.com/v1/pittsburgh/matters/8684", "legistar_web_url": "https://pittsburgh.legistar.com/gateway.aspx?M=F&ID=9C5442B9-9CD2-498F-BF95-F453BD3447AE", "geocode_method": "census_geocoder_onelineaddress", "geocode_detail": "input '800 Rectenwald Street, Pittsburgh, PA' -> '800 RECTENWALD ST, PITTSBURGH, PA, 15210'", "parcels_matched": "", "as_of": "2026-09-26"}}, {"type": "Feature", "geometry": {"type": "Point", "coordinates": [-79.942028, 40.430101]}, "properties": {"matter_id": 8769, "file_number": "2006-0645", "matter_type": "Ordinance", "action_category": "map_amendment", "action_subtype": "area_wide_remap", "residential_relevance": "area_wide_remap_mixed", "title": "Ordinance amending the Pittsburgh Zoning Code, Title Nine, Article One, Chapter 902 Section 902.03, Zoning District Map Nos. 12 and 13 by changing various zoning district classifications in the GREENFIELD neighborhood in accord with Map Pittsburgh: Zoning for your Neighborhood, the city's zoning re-mapping project relative to the city's new Urban Zoning Code.", "intro_date": "2006-07-25", "status_legistar": "Passed Finally", "status": "adopted", "final_action": "Passed Finally", "final_action_date": "2006-10-03", "passed_date": "2006-10-03", "mayor_signed_date": "2006-10-11", "days_intro_to_final": 70, "passed_pursuant_to_case_law": false, "public_hearing_held_date": "2006-09-19", "referred_to_planning_commission_in_history": false, "vote_action": "Passed Finally", "vote_date": "2006-10-03", "votes_aye": 8, "votes_nay": 0, "votes_abstain": 0, "votes_absent_or_other": 0, "votes_other_detail": "", "vote_source": "eventitems/99305/votes", "from_districts": "R2-L|P|RM-M|LNC|R1D-L", "to_districts": "R1D-H|H|NDI|P|RM-M|LNC|R1A-M|R2-M|R1D-M|R1A-H", "from_to_pairs": "", "multi_unit_code_change_today": "", "byright_ceiling_effect_today": "", "cu_district_zoned": "", "housing_typology": "", "units_stated": "", "beds_or_residents_stated": "", "addresses": "", "parcels": "54-F-185|54-F-183|54-F-179|54-F-178|54-F-177|54-F-176|54-F-175|54-F-173|54-F-172|54-F-171|54-F-170|54-F-169|54-F-168|54-F-167|54-F-165|54-F-162|54-F-161|54-F-160|54-F-159|54-F-158|54-G-3|54-G-4|54-G-5|54-G-6|54-G-7|54-G-8|54-G-9|54-G-14|54-G-30|54-K-264|54-K-255|54-J-188|54-J-189|54-J-190|54-J-191|54-J-192|54-J-196|54-J-197|54-J-198|54-J-199|54-J-201|54-J-202|54-J-203|54-N-316|54-N-275|54-N-140|54-N-142|54-N-199|54-N-198|54-N-197|54-N-195|54-N-193|54-N-191|54-N-189|54-N-187|54-N-186|54-N-184|54-N-182|54-N-181|54-N-270|54-N-240|54-N-143|54-J-26|54-J-28|54-J-30|54-J-34|54-J-35|54-J-37|54-J-38|54-J-39|54-J-44|54-K-230|54-K-126|54-L-174|54-L-184|54-J-210|54-J-214|54-J-218|54-J-220|54-J-222|54-J-223|54-J-224|54-J-225|54-J-226|54-J-227|54-J-169|54-K-276|54-K-280|54-G-48|54-H-30|54-L-236|54-F-6|54-L-176|54-K-140|54-K-249|54-K-248|54-K-242|54-J-241|54-J-242|54-J-243|54-J-244|54-J-245|54-J-247|54-J-284|54-J-283|54-J-282|54-J-281|54-J-279|54-J-320|54-J-335|54-J-334|54-J-332|54-J-331|54-J-327|54-J-274|54-L-152|54-L-247|54-L-260|54-L-262|54-L-263|54-L-264|54-L-266|54-L-269|54-L-270|54-M-302|54-M-303|54-M-304|54-M-306|54-M-307|54-M-308|54-M-310|54-M-312|54-M-313|54-M-316|54-M-314|54-M-322|54-M-324|54-M-326|54-M-328|54-M-331|54-H-18|54-H-1|54-H-8|54-H-11|54-H-14|54-H-17|87-J-90|87-J-92|87-J-94|87-J-96|87-J-98|87-J-99|54-M-247|54-M-245-A|54-M-243|54-M-241|54-M-242|54-M-242-A|54-M-244|54-M-245|54-M-237|54-M-238|54-L-924|54-M-253|54-M-171|54-M-167|54-M-166|54-M-165|54-M-164|87-J-110|87-J-109|87-J-111|87-J-112|87-J-113|87-J-114|87-J-115|87-J-116|87-J-117|87-J-118|87-J-119|87-J-121|87-J-122|87-J-123|87-J-124|87-J-125|87-J-126|87-J-127|87-J-128|87-J-129|87-J-130|87-J-131|87-J-132|87-J-133|87-J-134|87-J-135|87-J-136|87-J-137|87-J-138|87-J-139|87-J-140|87-J-141|87-J-142|87-J-143|87-K-281|87-K-280|87-K-278|87-K-277|54-M-152|54-M-151|54-M-150|54-M-149|54-M-147|54-M-145|54-M-144|54-M-142|54-M-140|54-M-139|54-M-136|54-M-135|54-M-133|54-M-131|54-M-129|54-M-127|54-M-123|54-M-122|54-L-290|54-L-291|54-L-292|54-L-293|54-L-293-A|54-R-296|54-H-20|87-P-155|87-P-154|87-P-153|87-P-152|87-P-151|87-P-149|87-P-147|87-P-145|87-P-143|87-P-144|87-P-142|87-P-141|87-P-140|87-P-138|87-P-136|87-P-133|87-P-131|87-P-128|88-B-140|88-B-138|88-B-137|88-B-134|88-F-95|88-F-97|88-F-101|88-F-103|88-F-105|88-F-73|88-F-71|88-F-69|88-F-67|88-F-65|88-F-63|88-F-60|88-F-57|88-B-78|88-B-777|88-B-76|88-B-74|88-B-72|88-B-70|88-B-68|88-B-67|88-B-64|88-B-63|88-B-62|88-B-61|88-B-60|88-B-59|88-B-56|88-B-48|88-B-44|88-B-42|87-P-42|88-A-282|88-A-283|88-A-284|88-A-285|88-A-286|88-A-287|88-A-291|87-N-135|87-N-136|87-N-137|87-N-138|87-N-139|87-N-132|87-N-155|87-N-150|87-N-151|87-N-152|87-N-153|87-N-225|87-N-242|87-J-146|87-J-147|87-J-148|87-J-149|87-J-151|87-J-152|87-J-154|87-K-276|87-K-260|87-K-257|87-K-254|87-K-251|87-K-248|87-K-246|87-K-244|87-J-22|87-J-24|87-J-26|87-J-28|87-J-30|87-J-32|87-J-34|87-J-35|87-J-40|87-J-41|87-J-42|87-J-48|87-J-51|87-J-53|87-J-55|87-J-57|87-J-60|87-J-62|87-J-64|87-J-66|87-J-68|87-J-69|87-J-71|87-J-73|87-J-75|87-J-78|87-J-81|87-J-82|87-J-85|87-J-86|87-J-88|54-H-22|87-E-236|87-E-238|87-E-240|87-E-242|87-E-244|87-E-247|87-E-248|87-P-178|88-F-126|88-F-132|88-F-133|88-F-134|88-F-135|88-F-137|88-F-94|88-F-93|88-B-132|88-B-133|88-B-146|88-B-144|87-P-157|87-P-159|87-P-160|87-P-161|87-P-163|87-P-164|87-P-165|87-P-166|87-P-167|87-P-168|87-P-169|87-P-170|87-P-171|87-P-173|87-P-174|87-P-175|87-P-176|87-N-131|87-N-59|88-A-306|88-A-332|88-E-376|88-E-335|88-E-150|86-A-13|54-M-107|54-M-104|54-M-102|54-M-101|54-M-100|54-M-99|54-M-98|54-M-96|54-M-94|54-M-95|54-M-93|54-M-92|54-M-91|54-M-90|54-M-88|54-M-85|54-M-82|54-M-81|54-M-80|54-M-78|54-M-77|54-M-76|54-M-73|54-M-71|54-M-69|54-M-68|54-M-66|87-J-156|87-J-244|87-N-219|87-N-156|88-A-82|88-E-317|88-E-248|88-E-250|88-E-256|88-E-258|88-E-264|88-E-265|88-E-266|88-E-269|88-E-270|88-E-272|88-E-205|88-E-203|88-E-198|54-P-77|55-B-315|55-B-317|55-B-318|55-C-3|55-C-4|55-C-6|55-C-9|54-R-182|54-R-184|54-R-186|54-R-188|54-R-190|55-C-200|55-C-204|55-C-206|55-C-208|55-D-7|55-D-8|55-D-9|54-S-32|55-A-191|55-A-190|55-A-189|55-A-187|55-A-185|54-N-202|54-N-203|54-N-204|54-N-206|54-N-210|54-N-211|54-N-212|54-N-213|54-N-214|54-N-215|54-N-226|54-N-225|54-N-221|54-N-219|54-P-291|54-P-292|54-P-294|54-P-295|54-P-298|54-P-296|54-P-212|54-P-215|54-P-217|54-P-240|54-P-210|54-P-168|54-P-158|54-P-156|54-P-116|54-P-106|54-R-260|54-R-161|54-R-90|54-R-89|54-R-88|54-R-87|54-R-86|54-R-85|54-R-84|54-P-79|54-P-80|54-P-81|54-P-82|54-P-241", "legistar_api_url": "https://webapi.legistar.com/v1/pittsburgh/matters/8769", "legistar_web_url": "https://pittsburgh.legistar.com/gateway.aspx?M=F&ID=1743F621-CBD1-4D2E-B3EA-21341CD21A58", "geocode_method": "allegheny_parcel_centroid_mean", "geocode_detail": "24 of 25 parcel ids matched MAPBLOCKLOT (only first 25 queried)", "parcels_matched": "54-G-6|54-G-5|54-F-161|54-G-3|54-F-170|54-F-167|54-F-158|54-F-173|54-F-178|54-F-160|54-F-179|54-F-176|54-F-183|54-F-169|54-F-185|54-F-165|54-F-159|54-F-172|54-G-7|54-F-175|54-F-171|54-F-177|54-F-162|54-G-4", "as_of": "2026-09-26"}}, {"type": "Feature", "geometry": {"type": "Point", "coordinates": [-80.015408, 40.472525]}, "properties": {"matter_id": 8770, "file_number": "2006-0646", "matter_type": "Ordinance", "action_category": "map_amendment", "action_subtype": "area_wide_remap", "residential_relevance": "area_wide_remap_mixed", "title": "Ordinance amending the Pittsburgh Zoning Code, Title Nine, Article One, Chapter 902 Section 902.03, Zoning District Map No. 6 by changing various zoning district classifications in the PERRY SOUTH neighborhood in accord with Map Pittsburgh: Zoning for your Neighborhood, the city's zoning re-mapping project relative to the city's new Urban Zoning Code.", "intro_date": "2006-07-25", "status_legistar": "Passed Finally", "status": "adopted", "final_action": "Passed Finally", "final_action_date": "2006-10-03", "passed_date": "2006-10-03", "mayor_signed_date": "2006-10-11", "days_intro_to_final": 70, "passed_pursuant_to_case_law": false, "public_hearing_held_date": "2006-09-19", "referred_to_planning_commission_in_history": false, "vote_action": "Passed Finally", "vote_date": "2006-10-03", "votes_aye": 8, "votes_nay": 0, "votes_abstain": 0, "votes_absent_or_other": 0, "votes_other_detail": "", "vote_source": "eventitems/99306/votes", "from_districts": "R2-L|P|RM-M|RP", "to_districts": "H|R1D-H|RM-M|LNC|EMI|R1A-VH|P|R1A-H", "from_to_pairs": "", "multi_unit_code_change_today": "", "byright_ceiling_effect_today": "", "cu_district_zoned": "", "housing_typology": "", "units_stated": "", "beds_or_residents_stated": "", "addresses": "", "parcels": "77-J-336|76-S-30|76-S-43|76-S-74|76-S-76|76-S-82|76-S-60|76-S-58|76-S-56|76-S-48|76-S-47|76-S-1|77-K-148|77-P-275|46-B-129|46-A-84|46-A-282|46-A-280|46-A-279|46-A-278|46-A-276|46-A-272|46-A-270|46-A-266|46-A-265|46-A-264|46-A-263|76-A-86|77-N-15|77-N-16|77-N-17|77-N-18|77-N-20|77-N-22|77-N-23|77-N-25|77-N-27|77-N-29|77-N-30|77-N-34|77-N-36|76-S-28|46-L-187|46-L-143|46-B-43|46-B-44|46-B-45|46-B-47|46-B-48|46-B-49|46-B-50|46-B-205|46-B-236|77-K-247|77-K-146|46-B-184|46-B-128|46-B-182|46-B-180|46-B-179|46-B-112|46-B-82|46-B-84|46-B-103|45-D-151|45-D-62|45-H-82|45-D-41|46-A-310|45-H-198|45-H-19|45-H-20|45-H-21|45-H-24|45-H-26|45-H-28|45-G-21|45-G-20|45-G-16|45-G-13|45-G-12|45-G-10|45-G-8|45-G-7|45-G-6|45-G-3|45-G-1|46-E-46|46-E-47|46-E-48|46-E-49|46-E-50|46-E-51|46-E-23|53-B-53-A|23-B-52|46-B-289|46-F-28|46-E-208|46-E-206|46-E-204|46-E-196|46-E-195|46-E-193|46-E-192|46-E-191|46-E-190|46-E-189|46-E-188|46-E-187|46-E-186|46-E-185|46-E-184|46-E-183|46-J-272|46-F-165|46-E-254|46-B-102|46-L-141|46-L-140|46-L-198|46-L-194|46-L-192|46-L-189|46-P-179|46-P-169|46-P-157|46-P-155|46-P-7|46-N-240|46-N-241|46-N-197|46-N-198|46-N-179|23-A-288|23-A-280|46-N-346|23-A-69|23-A-57|46-E-171|46-E-172|46-E-173|46-E-176|46-E-131|46-B-136|45-R-140|45-R-104|45-R-106|45-L-41|45-L-12|45-L-24|45-L-23|45-L-22|45-L-18|45-L-19|45-L-16|45-L-34|45-L-38|45-L-39|45-L-44|45-L-45|45-L-46|45-L-47|45-L-48|45-L-49|45-L-50|45-L-51|45-L-52|45-M-20|45-M-19|45-H-204|45-H-194|45-H-187|46-E-133|46-E-135|45-E-170|22-D-378|22-D-380|23-A-59|23-A-60|23-A-63|23-A-62|23-A-64|23-A-65|23-A-66|23-A-165|23-A-275|23-B-103|46-P-101|46-P-205|46-P-204|46-P-203|46-P-202|46-P-201|46-P-200|46-P-199|46-P-197|46-P-196|46-P-194|23-A-12|22-D-323|22-D-324|23-D-325|23-D-331|45-L-11|46-S-266|45-M-426|45-M-428|45-M-430|45-M-432|45-M-434|45-S-96|45-S-94|45-S-92|45-S-90|45-S-110|45-S-134|45-S-135|45-S-136|45-S-137|45-S-138|45-S-139|45-S-140|45-S-141|45-S-143|45-S-144|45-S-145|45-S-146|45-S-150|45-S-1|22-D-223|22-D-220|22-D-219|22-D-218|22-D-217|22-D-216-A|22-D-216|22-D-212|22-D-11|22-D-210|23-A-340", "legistar_api_url": "https://webapi.legistar.com/v1/pittsburgh/matters/8770", "legistar_web_url": "https://pittsburgh.legistar.com/gateway.aspx?M=F&ID=C8C3611A-D0DD-4FB9-8CF3-F63D656D167F", "geocode_method": "allegheny_parcel_centroid_mean", "geocode_detail": "25 of 25 parcel ids matched MAPBLOCKLOT (only first 25 queried)", "parcels_matched": "76-S-47|46-A-266|77-K-148|76-S-76|46-A-280|76-S-74|77-J-336|77-P-275|76-S-56|46-A-279|76-S-43|46-A-265|46-B-129|46-A-278|46-A-276|46-A-272|76-S-48|76-S-1|76-S-58|76-S-30|46-A-84|76-S-60|76-S-82|46-A-270|46-A-282", "as_of": "2026-09-26"}}, {"type": "Feature", "geometry": {"type": "Point", "coordinates": [-80.04622, 40.485244]}, "properties": {"matter_id": 8771, "file_number": "2006-0647", "matter_type": "Ordinance", "action_category": "map_amendment", "action_subtype": "area_wide_remap", "residential_relevance": "area_wide_remap_mixed", "title": "Ordinance amending the Pittsburgh Zoning Code, Title Nine, Article One, Chapter 902 Section 902.03, Zoning District Map Nos. 1, 2, 5 & 6 by changing various zoning district classifications in the BRIGHTON HEIGHTS neighborhood in accord with Map Pittsburgh: Zoning for your Neighborhood, the city's zoning re-mapping project relative to the city's new Urban Zoning Code.", "intro_date": "2006-07-25", "status_legistar": "Passed Finally", "status": "adopted", "final_action": "Passed Finally", "final_action_date": "2006-10-03", "passed_date": "2006-10-03", "mayor_signed_date": "2006-10-11", "days_intro_to_final": 70, "passed_pursuant_to_case_law": false, "public_hearing_held_date": "2006-09-20", "referred_to_planning_commission_in_history": false, "vote_action": "Passed Finally", "vote_date": "2006-10-03", "votes_aye": 8, "votes_nay": 0, "votes_abstain": 0, "votes_absent_or_other": 0, "votes_other_detail": "", "vote_source": "eventitems/99307/votes", "from_districts": "P|UI|R2-L|RP|R1D-L|LNC|RM-M", "to_districts": "GI|H|R1D-M|P|NDO|R2-M|LNC|R1A-H|RM-M", "from_to_pairs": "", "multi_unit_code_change_today": "", "byright_ceiling_effect_today": "", "cu_district_zoned": "", "housing_typology": "", "units_stated": "", "beds_or_residents_stated": "", "addresses": "", "parcels": "44-C-325-900|75-B-2|75-B-63|75-B-58|75-A-21|75-A-38|75-A-40|75-A-41|114-N-200|75-A-2|113-M-10|113-M-11|114-J-250|114-J-182|114-E-5|114-E-1|114-F-284|114-F-286|114-F-287|114-F-291|114-F-293|114-F-295|114-F-299|114-F-303|114-F-306|114-F-307|114-F-311|114-F-315|114-F-317|114-F-319|114-F-322|114-F-326|114-F-330|114-F-350|114-B-17|114-B-60|114-C-51|114-C-42|114-C-36|114-C-33|114-C-32|114-C-28|114-C-24|114-C-22|114-C-20|114-C-18|114-C-16|114-C-14|114-D-188|114-D-186|114-D-155|114-D-70|114-D-69|114-D-31|114-D-36|114-D-38|114-D-40|114-D-42|114-D-44|115-A-222|115-A-224|115-A-225|115-A-226|115-A-231|115-A-232|115-A-233|115-A-234|115-A-238|115-A-244|115-A-245|115-A-247|115-A-252|115-B-355|115-B-335|115-P-213|115-P-207|115-P-222|115-K-133|115-K-136|115-K-143|115-P-230|115-K-113|115-K-111|115-K-109|115-K-107|115-K-105|115-K-103|115-K-101|115-K-93|115-K-78|115-K-60|115-F-175|115-F-221|115-F-211-1|115-B-294|115-B-312|115-E-273|115-E-192|115-E-188|115-E-106|115-E-100|115-E-91|115-E-81|115-E-82|115-E-74|115-E-69|115-E-68|114-H-365|114-D-152|114-H-198|114-H-197|114-H-196|114-H-188|114-H-101|114-H-100|114-H-96|114-H-93|114-H-91|114-H-89|114-H-87|114-H-85|114-H-76|114-C-110|114-C-116|114-K-43|114-J-227|114-J-231|114-J-235|114-J-77|114-J-66|114-N-250|114-N-254|114-N-257|75-B-95|75-B-134|75-F-45|75-F-50|75-F-65|114-N-224|114-N-226|114-N-251|114-J-20|114-J-22|114-J-24|114-K-8|114-K-9|114-K-12|114-P-306|114-P-308|114-P-310|114-P-312|114-P-314|114-P-316|114-P-318|114-P-320|114-P-322|114-P-361|114-R-42|114-R-32|114-L-158|114-L-152|114-L-151|114-L-149|114-L-146|114-L-142|114-K-313|114-K-316|114-K-139|114-K-140|114-K-144|114-K-147|114-K-149|114-K-148|114-K-153|114-K-155|114-B-14|114-B-36|114-B-40|114-B-58|114-C-145|114-C-143|114-C-141|114-C-139|114-C-137|114-C-135|114-C-130|114-C-108|114-H-70|114-M-120|114-M-55|114-G-118|114-G-120|114-G-126|114-L-228|114-L-224|114-L-339|114-L-344|114-L-345|114-L-347|114-L-349|114-L-351|114-L-353|114-M-2|114-M-4|114-M-6|114-M-8|114-M-10|114-M-12|114-M-14|114-M-16|114-S-124|114-S-134|115-J-114|115-J-113|115-J-110|115-J-182|115-J-180|115-J-178|115-J-176|115-J-170|115-J-168|115-J-166|115-J-162|115-J-250|115-N-337|115-N-339|115-N-343|115-N-345|115-N-347|115-N-349|115-P-44|115-P-46|115-P-48|115-P-50|115-P-52|115-P-54|115-P-55|115-P-56|115-P-58|115-P-60|115-P-62|115-P-64|115-P-81|76-B-207|76-B-210|76-B-217|76-B-219|76-B-221|76-B-228|76-B-260|76-A-134|76-A-135|76-A-136|76-A-139|76-A-140|76-A-141|76-A-142|76-A-143|76-A-146|76-A-148|76-E-122|76-E-121|76-E-120|76-E-86|76-E-84-1|76-E-84|76-E-115|76-E-129|76-A-192|76-A-193|76-A-199|76-A-200|76-A-201|76-A-202|76-A-203|76-A-204|76-A-216|76-A-250|76-E-218|76-E-215|76-E-213|76-E-210|75-H-304|75-H-303|75-H-284|75-H-282|75-H-278|75-H-276|75-H-273|75-H-271|75-H-270|75-H-269|75-H-266|75-H-264|75-H-262|75-H-260|75-H-258|75-M-215|75-H-123|75-H-80|75-H-62|75-H-60|75-G-304|75-G-309|75-C-320|75-C-65|75-C-66|75-C-68|75-C-70|75-C-72|75-C-274|75-C-282|75-C-280|75-C-282-B|75-C-282-A|75-C-282-C|75-C-219|75-C-212|75-C-142|75-C-104|75-C-102|75-C-99|114-P-105|75-D-197|115-J-228|114-K-158|114-K-32|114-K-322|114-K-328|114-L-176|114-L-173|114-L-167|114-L-166|114-L-161|114-R-30|114-R-26|114-K-187|114-K-188|114-K-189|114-K-190|114-K-191|114-K-192|114-K-193|114-K-194|114-K-195|114-K-196|114-K-200|114-K-202|114-M-61|114-M-65|114-M-122|114-M-129|114-M-141|114-M-144-A|114-M-145-A|114-M-146|114-M-147|114-M-149|114-M-288|114-M-289|114-M-290|114-M-94|114-M-102|114-M-83|114-M-22|114-M-24|114-M-26|114-M-27|114-M-28|114-M-30|114-M-32|114-M-33|114-M-34|114-M-35|114-M-36|114-M-37|114-M-38|114-M-39|114-M-40|114-M-46|114-M-85|114-M-294|114-S-120|75-B-131|114-P-126|114-P-125|114-P-124|114-P-123|114-P-122|75-B-320|75-B-302|75-B-301|75-B-300|75-B-310|75-C-17|75-C-24|75-C-30|75-C-114|75-B-309|75-B-307|75-B-305|75-B-292|75-B-293|75-B-294|75-B-297|75-F-76|75-F-75|75-F-74|75-F-56|75-F-55|75-F-54|75-F-40|75-C-375|75-F-77|75-G-53|75-C-323|75-C-325|75-G-320|75-G-330|75-G-328|75-G-317|75-G-316|75-G-315|75-G-313|75-G-311|75-G-300|75-G-299|75-G-298|75-G-297|75-G-296|75-G-295|75-H-58|75-H-71|75-H-69|75-H-68|75-L-275|75-L-270|75-M-24|75-G-79|75-L-51|75-M-23|75-L-314|75-M-83|75-M-88|75-M-216|75-H-328|75-H-326|75-H-324|75-H-322|75-H-320|75-H-318|75-H-316|75-H-314|75-H-312|75-H-310|76-E-318|76-E-316|76-E-304|76-A-246|76-A-220|76-A-222|76-A-223|76-A-185|76-E-204|76-E-202|76-E-198|76-F-5|76-B-215|76-B-230|76-B-201|76-B-203|76-B-205|115-P-110|115-P-136|115-P-140|115-P-143|115-P-144|115-P-160|115-P-159|76-J-58|76-E-54|76-J-32|76-E-260|76-E-284|76-E-282|76-E-280|75-H-330|75-M-218|76-E-261|76-J-2|76-J-4", "legistar_api_url": "https://webapi.legistar.com/v1/pittsburgh/matters/8771", "legistar_web_url": "https://pittsburgh.legistar.com/gateway.aspx?M=F&ID=E6DD4370-B9FF-4268-980C-B915B2CA70E6", "geocode_method": "allegheny_parcel_centroid_mean", "geocode_detail": "19 of 25 parcel ids matched MAPBLOCKLOT (only first 25 queried)", "parcels_matched": "114-F-295|75-B-63|114-F-284|114-J-250|114-E-5|113-M-10|114-F-299|113-M-11|114-J-182|114-E-1|114-F-303|114-F-291|75-A-41|75-A-21|114-F-293|75-B-58|114-N-200|114-F-287|75-A-2", "as_of": "2026-09-26"}}, {"type": "Feature", "geometry": {"type": "Point", "coordinates": [-79.981528, 40.437091]}, "properties": {"matter_id": 8793, "file_number": "2006-0669", "matter_type": "Ordinance", "action_category": "map_amendment", "action_subtype": "area_wide_remap", "residential_relevance": "area_wide_remap_mixed", "title": "Ordinance amending the Pittsburgh Zoning Code, Title Nine, Article One, Chapter 902 Section 902.03, Zoning District Map Nos. 7 & 12 by changing various zoning district classifications in the UPTOWN (BLUFFf) neighborhood in accord with Map Pittsburgh: Zoning for your Neighborhood, the city's zoning re-mapping project relative to the city's new Urban Zoning Code.", "intro_date": "2006-08-01", "status_legistar": "Passed Finally", "status": "adopted", "final_action": "Passed Finally", "final_action_date": "2006-10-03", "passed_date": "2006-10-03", "mayor_signed_date": "2006-10-11", "days_intro_to_final": 63, "passed_pursuant_to_case_law": false, "public_hearing_held_date": "2006-09-20", "referred_to_planning_commission_in_history": false, "vote_action": "Passed Finally", "vote_date": "2006-10-03", "votes_aye": 8, "votes_nay": 0, "votes_abstain": 0, "votes_absent_or_other": 0, "votes_other_detail": "", "vote_source": "eventitems/99308/votes", "from_districts": "R2-L|UI|LNC", "to_districts": "UNC|LNC|R1A-H|NDI", "from_to_pairs": "", "multi_unit_code_change_today": "", "byright_ceiling_effect_today": "", "cu_district_zoned": "", "housing_typology": "", "units_stated": "", "beds_or_residents_stated": "", "addresses": "", "parcels": "2-M-182|2-M-181|2-M-195|2-M-194|2-M-193|2-M-192|11-J-91|2-M-173|2-M-167|11-J-111|11-J-112|11-J-229|11-J-228|11-J-227|11-J-226|11-J-225|11-J-265|11-J-273|11-J-185|11-J-89|11-J-188|11-J-248|11-J-239|11-J-238|11-J-234|11-J-230|11-J-120-2|11-K-199|11-K-198|11-K-271|11-L-164|11-L-163|11-L-162|11-L-161|11-L-160|11-L-159|11-L-158|11-L-157|11-L-156|11-L-155|11-K-261|11-K-201|11-K-200", "legistar_api_url": "https://webapi.legistar.com/v1/pittsburgh/matters/8793", "legistar_web_url": "https://pittsburgh.legistar.com/gateway.aspx?M=F&ID=BE2655C6-1901-4D5B-AEDF-85E9F9ABE3C4", "geocode_method": "allegheny_parcel_centroid_mean", "geocode_detail": "25 of 25 parcel ids matched MAPBLOCKLOT (only first 25 queried)", "parcels_matched": "11-J-112|11-J-111|2-M-192|11-J-188|11-J-226|11-J-89|11-J-229|11-J-265|11-J-228|2-M-181|11-J-239|2-M-193|2-M-167|2-M-173|2-M-194|2-M-195|11-J-234|11-J-227|11-J-248|11-J-238|11-J-225|2-M-182|11-J-273|11-J-91|11-J-185", "as_of": "2026-09-26"}}, {"type": "Feature", "geometry": {"type": "Point", "coordinates": [-79.950384, 40.464981]}, "properties": {"matter_id": 8845, "file_number": "2006-0719", "matter_type": "Ordinance", "action_category": "map_amendment", "action_subtype": "area_wide_remap", "residential_relevance": "area_wide_remap_mixed", "title": "Ordinance amending the Pittsburgh Zoning Code, Title Nine, Article One, Chapter 902 Section 902.03, Zoning District Maps Nos. 11 and 12 by changing various zoning district classifications in the BLOOMFIELD neighborhood in accord with Map Pittsburgh: Zoning for your Neighborhood, the city's zoning re-mapping project relative to the city's new Urban Zoning Code.", "intro_date": "2006-09-05", "status_legistar": "Passed Finally", "status": "adopted", "final_action": "Passed Finally", "final_action_date": "2006-10-24", "passed_date": "2006-10-24", "mayor_signed_date": "2006-10-31", "days_intro_to_final": 49, "passed_pursuant_to_case_law": false, "public_hearing_held_date": "2006-10-17", "referred_to_planning_commission_in_history": false, "vote_action": "Passed Finally", "vote_date": "2006-10-24", "votes_aye": 7, "votes_nay": 0, "votes_abstain": 0, "votes_absent_or_other": 1, "votes_other_detail": "Absent=1", "vote_source": "eventitems/99845/votes", "from_districts": "R2-M|RM-M|LNC|UI|R1A-M|R2-L|P", "to_districts": "LNC|R1A-VH|R1A-H|NDI|R2-M|R3-M|P|R1D-M|RM-M|EMI|R2-VH|R2-H|H", "from_to_pairs": "", "multi_unit_code_change_today": "", "byright_ceiling_effect_today": "", "cu_district_zoned": "", "housing_typology": "", "units_stated": "", "beds_or_residents_stated": "", "addresses": "", "parcels": "50-S-282|50-S-283-A|50-S-253|49-M-134|49-M-125|49-M-319|49-M-282|49-M-289|49-M-290|49-M-290-A|49-M-291|49-M-292|49-M-293|49-M-294|49-M-295|49-M-296-B|49-M-296-A|49-M-297|49-M-298|49-M-300|49-M-302|49-S-1|49-S-3|49-R-191|50-P-5|50-P-30|50-P-90|50-P-89|50-P-87|50-P-86|50-P-85|50-P-84|50-P-50-A|50-P-2|50-P-1|50-N-138|50-N-98|40-S-137|49-S-95|49-S-89|49-S-92-A|49-S-21|49-M-288|49-S-8|49-S-4|49-S-398|50-R-254|50-R-259|50-R-261|50-R-93|50-R-95|50-R-97|50-R-99|50-R-101|50-R-103|50-R-105|51-C-280|51-C-278|51-D-1|51-B-295|50-P-269|50-P-268|50-P-266|50-P-264|50-P-259|50-P-264-A|50-P-174|50-P-144|50-P-81|50-P-83|50-P-142|50-P-138|50-P-136|50-P-134|50-P-132|50-P-91|50-P-29|50-P-7|51-D-15|51-G-245|51-S-237|51-G-182|51-G-159|51-L-239|51-G-66|51-G-68|51-G-70|51-G-72|51-G-74|51-G-76|51-F-328|51-C-17|51-C-109|51-C-107|50-N-340|51-C-74|51-C-16|51-C-12|51-F-293|51-F-247|51-F-218|51-B-105|51-B-103|51-B-102|51-B-101|51-B-52|51-B-94|51-B-93|51-B-91|51-B-90|51-B-138|51-B-150|50-P-51|50-P-52|51-B-88|51-B-92|51-B-59|51-B-58|51-B-53|51-B-51|51-B-50|51-B-49|51-B-47|51-B-107|51-B-109|51-B-111|51-B-112|51-F-210|51-F-207|51-F-206|51-F-205|51-F-204|51-F-202|26-D-274|25-G-137|26-D-138|26-D-139|26-D-273|26-D-276|26-D-325|51-A-7|51-A-19|51-A-35-A|51-A-35|51-A-58|51-A-54|51-A-53|51-A-42|51-A-43|51-A-45|51-A-48|51-A-50|51-A-51|51-E-86|51-E-87|51-E-88|51-E-90|26-H-161|26-D-62|26-D-66|26-D-65|26-D-64|26-C-255|26-C-257|26-C-317|26-C-318|26-C-319|26-C-320|26-D-17|26-D-17-A|26-D-18|26-D-18-A|26-D-19|49-S-343-G|49-S-350-G|49-S-361|49-S-366-1|49-S-388|26-D-11|49-S-353|51-E-223|51-E-179|51-J-229|51-J-227|51-J-226|51-J-225|51-E-177|51-E-176|51-E-146|51-E-148|51-E-170|51-E-169|51-E-168|51-E-166|51-E-164|51-E-163|51-E-162|51-E-160|51-E-114|51-E-113|51-E-112|51-E-111|51-E-110|26-H-154|51-E-85|51-E-52|51-E-41|51-A-60|51-F-14|51-F-13|51-F-12|51-F-11|51-F-10|51-F-9|51-F-40|51-F-38|51-F-36|51-F-35|51-F-105|51-F-120|51-K-93|51-K-92|51-K-91|51-K-90|51-K-89|51-K-88|51-K-156|51-K-158|51-K-160|51-K-162|51-K-164|51-K-166|51-K-167|51-K-169|51-K-172|51-K-193|51-E-224|51-K-138|26-M-212|26-M-265|26-M-263|26-M-261|26-M-259|26-M-257|26-M-255|26-M-253|26-M-251|26-M-249|26-M-247|26-M-245|26-M-243|26-M-241|26-M-239|51-J-193|51-J-190|51-J-189|51-J-183|51-J-181-1|51-J-178|51-J-177|51-J-176|51-J-175|51-J-174|51-J-172|51-J-137|51-J-135|51-J-133|51-J-131|51-J-129|51-J-127|51-J-126|51-J-125|51-J-124|51-J-122|51-J-120|51-J-118|51-J-116|51-J-114|51-J-112|51-J-110|51-J-98|51-N-99|51-N-89|51-N-85|51-N-65|26-M-275|26-M-273|26-M-271|27-M-269|26-C-243|26-C-248|26-C-250|26-H-160|51-E-115|26-H-160-1|26-H-49-1|26-H-50-1|26-H-51-1|26-H-52-1|26-H-53-1|26-H-55-1|26-H-56-1|26-H-57-1|26-H-58-1|26-H-59-1|26-H-60-1|26-H-62|26-H-28|26-H-18|26-H-14|26-H-13|26-H-11|26-H-89|26-H-91|26-H-92|26-G-254|26-G-253|26-G-252|26-G-250|26-G-248|26-G-247|26-G-246|26-G-244|26-G-243|26-G-241|26-C-75|26-C-82|26-C-84|26-C-87|26-C-241|26-M-160|26-M-258|26-M-155|26-M-154|26-M-153|26-M-152|26-M-277|26-M-2-1|26-M-2-2|51-J-190-1|51-J-187-1|51-J-183-1|51-J-167|51-J-155|51-J-177-4|51-J-178-1|51-J-181-2|51-J-183-2|51-J-187-2", "legistar_api_url": "https://webapi.legistar.com/v1/pittsburgh/matters/8845", "legistar_web_url": "https://pittsburgh.legistar.com/gateway.aspx?M=F&ID=6C754C49-78DC-4233-A88D-49F74012C98B", "geocode_method": "allegheny_parcel_centroid_mean", "geocode_detail": "25 of 25 parcel ids matched MAPBLOCKLOT (only first 25 queried)", "parcels_matched": "49-M-302|49-M-298|49-M-125|49-S-3|50-P-5|49-M-282|49-M-294|49-M-291|49-M-292|49-M-300|49-M-293|49-M-295|49-M-296-B|49-M-297|49-M-296-A|50-S-282|49-R-191|50-S-283-A|49-M-289|49-M-319|49-M-290|49-M-290-A|50-S-253|49-M-134|49-S-1", "as_of": "2026-09-26"}}, {"type": "Feature", "geometry": {"type": "Point", "coordinates": [-80.024171, 40.454289]}, "properties": {"matter_id": 8844, "file_number": "2006-0720", "matter_type": "Ordinance", "action_category": "map_amendment", "action_subtype": "area_wide_remap", "residential_relevance": "area_wide_remap_mixed", "title": "Ordinance amending the Pittsburgh Zoning Code, Title Nine, Article One, Chapter 902 Section 902.03, Zoning District Maps Nos. 6 and 7 by changing various zoning district classifications in the MANCHESTER neighborhood in accord with Map Pittsburgh: Zoning for your Neighborhood, the city's zoning re-mapping project relative to the city's new Urban Zoning Code.", "intro_date": "2006-09-05", "status_legistar": "Passed Finally", "status": "adopted", "final_action": "Passed Finally", "final_action_date": "2006-10-24", "passed_date": "2006-10-24", "mayor_signed_date": "2006-10-31", "days_intro_to_final": 49, "passed_pursuant_to_case_law": false, "public_hearing_held_date": "2006-10-17", "referred_to_planning_commission_in_history": false, "vote_action": "Passed Finally", "vote_date": "2006-10-24", "votes_aye": 7, "votes_nay": 0, "votes_abstain": 0, "votes_absent_or_other": 1, "votes_other_detail": "Absent=1", "vote_source": "eventitems/99844/votes", "from_districts": "RM-M|UI|LNC", "to_districts": "UI|R1A-VH|P|R2-H|R1A-H|R1D-M|RM-M", "from_to_pairs": "", "multi_unit_code_change_today": "", "byright_ceiling_effect_today": "", "cu_district_zoned": "", "housing_typology": "", "units_stated": "", "beds_or_residents_stated": "", "addresses": "", "parcels": "22-E-348|22-E-358|22-A-138|22-E-359|22-E-347|22-E-343|22-F-42|22-F-216|22-K-500|22-F-170|7-C-134|22-R-65|22-R-67|22-R-68|22-R-69|22-R-71|22-R-72|7-B-144|7-B-145|7-B-146|7-B-147|7-B-148|7-B-149|7-B-150|7-B-140|7-B-141|7-C-152|7-C-151|7-C-150|7-C-149|7-C-148|7-C-147|7-B-139|22-R-306|22-R-304|22-R-302|21-S-22|22-R-70|22-S-11|22-S-7|22-R-55|22-R-54|22-R-52|22-R-50|7-D-76|7-D-75|7-D-74|7-D-73|7-D-72", "legistar_api_url": "https://webapi.legistar.com/v1/pittsburgh/matters/8844", "legistar_web_url": "https://pittsburgh.legistar.com/gateway.aspx?M=F&ID=557611A9-89C8-4B3C-B1E3-FE6665EC62E8", "geocode_method": "allegheny_parcel_centroid_mean", "geocode_detail": "20 of 25 parcel ids matched MAPBLOCKLOT (only first 25 queried)", "parcels_matched": "22-R-68|7-B-146|22-F-170|7-B-145|22-F-42|7-B-144|22-E-343|7-B-150|7-C-134|22-R-69|22-R-65|7-B-148|7-B-149|22-F-216|7-B-147|22-R-67|7-B-140|22-R-72|22-R-71|22-A-138", "as_of": "2026-09-26"}}, {"type": "Feature", "geometry": {"type": "Point", "coordinates": [-80.044723, 40.451662]}, "properties": {"matter_id": 8847, "file_number": "2006-0721", "matter_type": "Ordinance", "action_category": "map_amendment", "action_subtype": "area_wide_remap", "residential_relevance": "area_wide_remap_mixed", "title": "Ordinance amending the Pittsburgh Zoning Code, Title Nine, Article One, Chapter 902 Section 902.03, Zoning District Maps Nos. 2, 3, and 7 by changing various zoning district classifications in the SHERADEN neighborhood in accord with Map Pittsburgh: Zoning for your Neighborhood, the city's zoning re-mapping project relative to the city's new Urban Zoning Code.", "intro_date": "2006-09-05", "status_legistar": "Passed Finally", "status": "adopted", "final_action": "Passed Finally", "final_action_date": "2006-10-24", "passed_date": "2006-10-24", "mayor_signed_date": "2006-10-31", "days_intro_to_final": 49, "passed_pursuant_to_case_law": false, "public_hearing_held_date": "2006-10-17", "referred_to_planning_commission_in_history": false, "vote_action": "Passed Finally", "vote_date": "2006-10-24", "votes_aye": 7, "votes_nay": 0, "votes_abstain": 0, "votes_absent_or_other": 1, "votes_other_detail": "Absent=1", "vote_source": "eventitems/99846/votes", "from_districts": "P|R2-L|RM-M|LNC|RP|UI", "to_districts": "H|P|RM-M|R1D-H|UI|R2-M|LNC|R1D-M", "from_to_pairs": "", "multi_unit_code_change_today": "", "byright_ceiling_effect_today": "", "cu_district_zoned": "", "housing_typology": "", "units_stated": "", "beds_or_residents_stated": "", "addresses": "", "parcels": "21-K-66|21-P-242|21-P-280-2|21-K-243|12-K-244|21-K-245|21-K-246|21-K-247|20-B-34|20-A-20|20-A-19|20-A-18|20-A-17|20-A-14|20-A-11|20-A-8|20-A-3|20-A-2|20-A-1|41-D-357|41-D-256|41-D-355|41-D-351|41-D-350|42-S-96|42-S-97|42-S-98|42-S-99|42-S-100|42-S-106|42-H-179|42-H-115|42-H-118|42-H-120|42-H-172|42-H-88|42-H-44|42-G-69|42-G-178|42-G-279|42-G-282|42-G-293|42-G-313|42-G-312|42-G-311|42-G-310|42-F-200|42-F-209|42-F-210|42-F-211|42-B-300|71-D-2|42-A-10|42-F-206|42-F-207|42-F-208|42-F-204|42-F-203|42-F-202|42-G-314|42-G-322|42-G-323|42-G-280|42-K-52|42-K-55|42-K-72|42-K-35|42-K-123|42-K-111|42-K-130|42-K-131|42-K-137|42-K-161|42-K-175|42-F-2|42-E-16|42-E-13|71-H-147|71-M-302|71-M-310|71-M-316|71-J-28|71-J-24|42-J-38|71-M-342|42-N-320|70-D-64|70-D-48|71-S-320|42-N-49|42-N-14|71-S-353|71-S-250|71-M-280|71-M-263|71-M-267|71-M-285|42-E-300|42-H-37|42-H-46|42-H-50|42-H-85|42-H-123|42-H-166|42-H-167|42-H-170|42-H-171|42-H-176|12-N-34|42-S-93|42-S-92|42-S-91|42-S-90|42-S-68|42-S-67|42-S-84|42-S-21|42-S-19|42-S-18|42-S-17|42-S-14|42-S-13|42-S-12|42-S-11|42-S-10|42-R-315|42-L-295|42-L-299|42-L-282|42-L-281|42-L-279|42-L-278|42-L-277|42-L-276|42-L-275|42-L-274|42-L-273|42-L-271|42-L-269|42-L-266|42-L-264|42-L-262|42-L-258|42-L-256|42-G-363|42-G-362|42-G-359|42-G-257|42-G-255|42-G-352|42-G-351|42-G-350|42-G-349|42-G-348|42-G-330|42-G-332|42-G-341|42-R-325|20-B-32|20-B-260|20-B-300|42-K-64|42-K-57|42-P-42-1|42-K-250-1|42-L-310|42-L-313|42-L-313-1|42-R-4|42-R-41|42-R-39|42-R-37|42-R-35|42-R-44|42-R-31|42-R-27|42-R-16|42-R-15|42-R-13|42-R-10|42-R-9|42-R-8|42-R-5|42-P-119|42-P-118|42-P-116|42-P-115|42-P-111|42-P-107|42-P-138|42-P-136|42-P-27|42-L-108|42-K-107|42-K-106|42-K-103|42-K-102|42-K-99|42-K-97|42-R-272|41-B-104|41-B-8|41-B-6|41-B-2|41-A-334|41-A-330|41-A-326|41-A-310|42-N-255-A|42-N-259|41-A-79|41-A-105|42-N-306|42-N-275|42-N-274|42-N-250|42-N-249|42-N-233|42-N-222|42-N-209|42-P-233|42-P-264|42-P-265|42-P-266|42-P-268|42-R-253|42-S-30|42-S-48|42-S-60|42-P-155-1|42-R-123|42-R-22|42-R-45|41-A-68|41-A-63|42-E-140|42-E-180|42-E-213|42-E-212|42-E-280|42-F-5|42-F-6|42-K-184|42-K-183|42-K-178|42-K-177|42-K-159|42-K-139|42-K-172|42-P-26|42-N-224|42-N-231|71-M-348|42-J-99|42-J-40|42-J-22|42-J-5|42-J-3|71-M-305|42-E-10|42-E-9|71-M-222|71-M-297|71-S-302|71-S-310|71-S-254|71-S-248|70-D-45|70-D-67|70-D-113|70-D-116|70-D-116-A|70-D-117|70-D-117-A|70-D-118|41-A-78|42-N-261|41-A-59|41-A-308|41-A-254|41-B-36|41-B-32|41-B-30|41-B-27|41-B-25|41-B-26|41-B-48|41-E-39|41-E-37|41-E-38|41-E-41|41-E-42|41-E-43|41-E-44|41-E-45|41-E-47|41-E-48|41-E-49|71-S-45|71-S-41|71-S-39|71-S-35|71-S-32", "legistar_api_url": "https://webapi.legistar.com/v1/pittsburgh/matters/8847", "legistar_web_url": "https://pittsburgh.legistar.com/gateway.aspx?M=F&ID=FC2B7917-7AF1-46CB-95C6-0E9AD0C3B2C0", "geocode_method": "allegheny_parcel_centroid_mean", "geocode_detail": "19 of 25 parcel ids matched MAPBLOCKLOT (only first 25 queried)", "parcels_matched": "20-A-11|20-A-20|20-A-2|21-K-66|21-P-242|41-D-357|20-A-18|41-D-350|20-A-1|20-A-3|20-A-19|20-A-8|20-A-14|20-A-17|12-K-244|42-S-96|41-D-355|21-P-280-0-2|41-D-351", "as_of": "2026-09-26"}}, {"type": "Feature", "geometry": {"type": "Point", "coordinates": [-80.006857, 40.450761]}, "properties": {"matter_id": 9002, "file_number": "2006-0874", "matter_type": "Ordinance", "action_category": "map_amendment", "action_subtype": "area_wide_remap", "residential_relevance": "area_wide_remap_mixed", "title": "Ordinance amending the Pittsburgh Zoning Code, Title Nine, Article One, Chapter 902 Section 902.03, Zoning District Maps Nos. 6 and 7 by changing various zoning district classifications in the ALLEGHENY CENTER neighborhood in accord with Map Pittsburgh: Zoning for your Neighborhood, the city's zoning re-mapping project relative to the city's new Urban Zoning Code.", "intro_date": "2006-10-24", "status_legistar": "Passed Finally", "status": "adopted", "final_action": "Passed Finally", "final_action_date": "2006-12-18", "passed_date": "2006-12-18", "mayor_signed_date": "2006-12-22", "days_intro_to_final": 55, "passed_pursuant_to_case_law": false, "public_hearing_held_date": "2006-12-06", "referred_to_planning_commission_in_history": false, "vote_action": "Passed Finally", "vote_date": "2006-12-18", "votes_aye": 9, "votes_nay": 0, "votes_abstain": 0, "votes_absent_or_other": 0, "votes_other_detail": "", "vote_source": "eventitems/102076/votes", "from_districts": "RM-H|RP|UNC|CP", "to_districts": "P|UNC", "from_to_pairs": "", "multi_unit_code_change_today": "", "byright_ceiling_effect_today": "", "cu_district_zoned": "", "housing_typology": "", "units_stated": "", "beds_or_residents_stated": "", "addresses": "", "parcels": "8-C-260|23-R-220|8-C-514|8-C-515|8-C-145|8-C-150|8-C-518|23-P-90|23-R-80|8-D-50|8-D-20|8-G-208-9|8-G-320|8-G-300|5-C-26|8-B-100", "legistar_api_url": "https://webapi.legistar.com/v1/pittsburgh/matters/9002", "legistar_web_url": "https://pittsburgh.legistar.com/gateway.aspx?M=F&ID=1344BF80-9086-4D26-B237-C5F2669D3928", "geocode_method": "allegheny_parcel_centroid_mean", "geocode_detail": "14 of 16 parcel ids matched MAPBLOCKLOT", "parcels_matched": "8-G-300|8-G-208-9|8-C-514|8-C-145|8-G-320|5-C-26|23-R-80|8-B-100|8-C-150|23-R-220|23-P-90|8-D-50|8-C-518|8-C-515", "as_of": "2026-09-26"}}, {"type": "Feature", "geometry": {"type": "Point", "coordinates": [-79.91006, 40.468269]}, "properties": {"matter_id": 9003, "file_number": "2006-0875", "matter_type": "Ordinance", "action_category": "map_amendment", "action_subtype": "area_wide_remap", "residential_relevance": "area_wide_remap_mixed", "title": "Ordinance amending the Pittsburgh Zoning Code, Title Nine, Article One, Chapter 902 Section 902.03, Zoning District Map No. 16 by changing various zoning district classifications in the Larimer neighborhood in accord with Map Pittsburgh: Zoning for your Neighborhood, the city's zoning re-mapping project relative to the city's new Urban Zoning Code.", "intro_date": "2006-10-24", "status_legistar": "Passed Finally", "status": "adopted", "final_action": "Passed Finally", "final_action_date": "2007-01-23", "passed_date": "2007-01-23", "mayor_signed_date": "2007-01-29", "days_intro_to_final": 91, "passed_pursuant_to_case_law": false, "public_hearing_held_date": "2007-01-10", "referred_to_planning_commission_in_history": false, "vote_action": "Passed Finally", "vote_date": "2007-01-23", "votes_aye": 9, "votes_nay": 0, "votes_abstain": 0, "votes_absent_or_other": 0, "votes_other_detail": "", "vote_source": "eventitems/102934/votes", "from_districts": "RP|P|RM-M|LNC|UI", "to_districts": "RM-H|H|R1D-H|R2-H|P|LNC|R1A-H|UI|R1D-M|EMI", "from_to_pairs": "", "multi_unit_code_change_today": "", "byright_ceiling_effect_today": "", "cu_district_zoned": "", "housing_typology": "", "units_stated": "", "beds_or_residents_stated": "", "addresses": "", "parcels": "83-S-335|124-F-248|124-F-243|124-F-242|124-F-241|124-F-240|124-F-239|124-F-238|124-F-237|124-F-236|124-F-235|124-F-234|124-F-233|124-F-232|124-F-230|124-F-229|124-F-227|124-F-226|124-F-225|124-F-224|124-F-223|124-F-222|124-F-221|124-F-220|124-F-219|124-F-218|124-F-217|124-F-216|124-F-215|124-F-214|124-K-16|124-K-17|124-K-318|124-K-316|124-K-210|124-K-257|124-K-262|124-K-285|124-K-288|124-K-290|124-K-292|124-P-244|124-K-245|124-K-247|124-K-248|124-P-249|124-P-250|124-P-251|124-P-252|124-P-253|124-R-74|124-R-75|124-R-76|124-R-89|124-R-91|124-R-92|124-R-93|124-R-94|124-R-95|124-R-96|124-R-97|124-R-99|124-R-104|124-R-106|124-R-108|124-R-112|124-R-114|124-R-116|124-R-118|124-K-266|124-K-253|124-K-208|124-J-66|124-J-30|124-J-29|124-J-83|124-J-80|124-J-79|124-J-78|124-J-76|124-J-75|124-J-74|124-J-73|124-J-72|124-J-71|124-J-70|124-J-69|124-J-68|124-J-67|124-J-126|124-J-161|124-J-160|124-J-139|124-J-169|124-J-162|124-J-224|124-J-215|124-K-55|124-J-187|124-J-186|124-J-184|124-J-155|124-J-154|124-J-153|124-J-146|83-S-308|83-S-291|83-S-286|124-J-322|124-K-56|124-J-355|124-J-350|124-J-217|83-S-282|83-S-293|124-N-35|124-N-46|124-N-45|124-N-44|124-N-43|125-A-345|124-J-264|124-J-271|124-J-293|124-P-78-A|124-P-80|124-P-79-C|124-N-266|124-J-358|124-K-206|124-K-251|123-K-287|125-A-209|124-N-268|124-P-98|124-P-99|124-P-100|124-P-101|124-P-102|124-P-103|124-P-104|124-P-105|124-P-106|124-P-107|124-P-108|124-P-109|125-A-332|125-A-331|125-A-502|125-A-345-1|125-A-315|125-A-210|125-A-123|125-A-49|125-A-45|125-A-50|125-B-228|125-A-104|125-F-330|125-F-320|125-F-303|125-F-191|125-F-66|125-F-54|125-F-17|125-E-114-1|125-E-112|125-E-111|125-E-110|125-E-109|125-A-94|125-A-99|125-F-329|125-B-365|125-B-234|125-A-118|125-A-117|125-A-116|125-A-133|125-F-280|124-R-130|124-R-122|124-R-153|124-R-155|124-R-157|124-R-160|124-R-164|124-R-165|124-L-350|124-K-350|124-K-360|124-K-358|124-K-351|124-K-347|124-K-340|124-K-339|124-K-336|124-K-331|124-K-330|124-F-292|124-F-300", "legistar_api_url": "https://webapi.legistar.com/v1/pittsburgh/matters/9003", "legistar_web_url": "https://pittsburgh.legistar.com/gateway.aspx?M=F&ID=F6EDA8D4-FEB3-4101-A01A-DF5EFF76D867", "geocode_method": "allegheny_parcel_centroid_mean", "geocode_detail": "25 of 25 parcel ids matched MAPBLOCKLOT (only first 25 queried)", "parcels_matched": "124-F-226|124-F-234|124-F-235|124-F-236|124-F-248|124-F-243|124-F-219|124-F-238|124-F-233|124-F-224|124-F-242|83-S-335|124-F-222|124-F-237|124-F-229|124-F-241|124-F-239|124-F-230|124-F-221|124-F-240|124-F-223|124-F-227|124-F-232|124-F-225|124-F-220", "as_of": "2026-09-26"}}, {"type": "Feature", "geometry": {"type": "Point", "coordinates": [-79.992451, 40.390687]}, "properties": {"matter_id": 9247, "file_number": "2007-1102", "matter_type": "Ordinance", "action_category": "map_amendment", "action_subtype": "area_wide_remap", "residential_relevance": "area_wide_remap_mixed", "title": "Ordinance amending the Pittsburgh Zoning Code, Title Nine, Article One, Chapter 902 Section 902.03, Zoning District Map No. 9 by changing various zoning district classifications in the OVERBOOK neighborhood in accord with Map Pittsburgh: Zoning for your Neighborhood, the city's zoning re-mapping project relative to the city's new Urban Zoning Code.", "intro_date": "2007-01-16", "status_legistar": "Passed Finally", "status": "adopted", "final_action": "Passed Finally", "final_action_date": "2007-03-13", "passed_date": "2007-03-13", "mayor_signed_date": "2007-03-15", "days_intro_to_final": 56, "passed_pursuant_to_case_law": false, "public_hearing_held_date": "2007-02-27", "referred_to_planning_commission_in_history": false, "vote_action": "Passed Finally", "vote_date": "2007-03-13", "votes_aye": 8, "votes_nay": 0, "votes_abstain": 0, "votes_absent_or_other": 1, "votes_other_detail": "Out of Room=1", "vote_source": "eventitems/104678/votes", "from_districts": "R1D-L|P|LNC|NDI|R2-L|UI|RP", "to_districts": "R1D-H|HC|LNC|NDI|R1D-L|P|R1D-M|H", "from_to_pairs": "", "multi_unit_code_change_today": "", "byright_ceiling_effect_today": "", "cu_district_zoned": "", "housing_typology": "", "units_stated": "", "beds_or_residents_stated": "", "addresses": "", "parcels": "95-A-254|95-A-335|95-B-209|95-B-210|95-B-212|95-F-263|95-F-259|95-F-257|95-F-255|95-F-209|95-F-234|95-F-233|95-F-230|95-F-228|95-F-227|95-F-224|95-F-226|95-F-223|95-K-298|95-K-299|95-K-300|95-K-302|95-K-305|95-K-306|95-K-309|95-K-312|95-K-314|95-K-315|95-K-317|95-K-318|95-K-319|138-B-100|138-B-174|138-B-186|138-B-245|138-F-192|138-F-193|138-F-195|138-F-196|138-F-197|138-F-200|138-F-201|138-F-202|138-F-203|138-F-204|138-F-206|138-F-207|138-F-208|138-F-209|138-F-210|138-F-117|138-F-110|138-F-146|138-F-188|138-F-150|138-K-141|138-K-144|138-F-102|138-F-97|138-F-94|138-F-91|138-F-89|138-F-87|138-F-85|138-F-77|138-F-72|138-B-291|138-B-134|138-B-136|138-B-139|138-B-48|95-P-71|95-P-31|95-J-40|95-K-111|95-K-69|95-J-20|95-J-21|95-J-22|95-J-23|95-J-24|95-J-25|95-J-26|95-J-27|95-J-28|95-J-29|95-J-85|95-E-78|95-E-81-B|95-E-81-A|95-E-83|95-E-84|95-E-85|95-E-88|95-E-90|95-E-90-A|95-E-92|95-E-95|95-E-97|95-E-100|95-A-210|95-A-211|95-A-213|95-A-214|95-A-222|95-A-223|95-A-226|95-A-230|95-A-233|95-A-236|95-A-238|95-A-241|95-A-242|95-A-243|95-A-246|95-A-247|95-A-248|95-A-250|95-A-251|95-A-252|60-N-136|60-N-137|60-N-139|60-N-140|60-N-141|60-N-120|60-N-124|60-N-129|60-N-130|60-N-134|95-A-166|95-A-169|95-A-171|95-A-172|95-A-173|95-A-174|95-A-175|95-A-177|95-A-179|95-A-182|95-A-183|95-A-184|95-A-186|95-A-189|95-A-195|95-A-197|95-A-200|95-A-202|95-E-103|95-E-105|95-E-106|95-E-107|95-E-108|95-E-93|95-E-91|95-E-116|95-E-82|95-E-81|95-E-119|95-E-140|95-J-125|95-J-120|95-J-65|95-J-32|95-J-39|95-N-360|138-A-188|138-A-190|138-A-199|138-A-201|138-E-30|139-M-122|139-M-121|139-M-118|139-M-117|139-M-116|139-M-175|139-R-101|139-R-120|139-R-109-2|139-R-108|139-R-107|139-R-106|139-L-12|139-L-15|139-M-100|139-H-100|138-A-71|139-A-100|95-A-130|138-E-137|138-K-61|138-G-181|138-G-173|138-G-183|138-G-159|138-G-151|38-L-23|138-M-50|138-L-180-1|138-M-60|138-L-139|138-L-137|138-K-180|138-K-166|138-K-169|138-K-173|138-K-177|138-K-178|138-F-119|138-F-136|138-F-143|138-F-145|138-F-152|138-F-153|138-F-151|138-F-160|138-F-165|138-C-252|138-C-254|138-B-90|138-G-184|138-G-205|138-M-1|138-L-50|138-L-40|138-L-30|138-L-6|138-G-140|138-H-160|138-H-159|96-M-196|96-M-202|138-N-95|138-J-179|138-J-144|138-J-35|138-J-32|139-M-342|138-J-1|138-M-226|138-M-221|138-M-217|139-M-200|139-M-189|139-M-187|139-M-184|139-M-145|139-M-133|139-M-176|139-M-177|139-M-182|139-M-134|139-S-150|139-S-152|139-S-154|139-S-156|139-S-160|139-S-162|139-S-171|139-S-169|139-S-115|139-S-244|139-S-242|139-S-260|139-S-163|139-S-265|139-S-248|190-D-26|190-D-20|190-D-17|190-D-12|190-D-10|190-D-9|190-C-8|190-C-9|190-C-10|190-C-12|190-C-13|190-C-16|139-R-74|139-M-370|96-L-20|96-L-22|96-L-24|96-L-26|96-L-28|96-L-30|96-L-32|96-L-34|96-M-252|96-M-246|95-J-284|95-J-279|95-J-276|95-J-275|95-J-274|95-J-264|95-J-250|95-N-295|95-N-265|138-A-122|138-A-187|138-A-162|138-A-161|138-A-67|139-H-120|139-H-122|139-H-123|139-H-127|129-H-135|139-H-137|139-H-139|139-H-141|139-H-144|139-H-147|139-H-150|139-H-153|139-H-157|139-H-165|139-H-167|139-H-169|139-H-4|139-H-6|139-H-7|139-H-8|139-D-65|139-D-66|139-D-67|139-D-69|139-D-91|139-D-93|139-D-95|139-D-100|139-D-102|139-C-7|96-R-200|139-C-12|139-C-13|139-C-14|139-C-15|139-C-18|139-D-28|139-D-29|139-D-90|139-D-72|139-D-48|139-D-17|139-D-24|139-D-21|139-D-27|139-C-28|139-C-356|139-C-353|139-C-350", "legistar_api_url": "https://webapi.legistar.com/v1/pittsburgh/matters/9247", "legistar_web_url": "https://pittsburgh.legistar.com/gateway.aspx?M=F&ID=D50FAC3A-91E7-4370-934A-46C26A29ED80", "geocode_method": "allegheny_parcel_centroid_mean", "geocode_detail": "24 of 25 parcel ids matched MAPBLOCKLOT (only first 25 queried)", "parcels_matched": "95-F-263|95-K-302|95-F-259|95-F-223|95-B-209|95-A-335|95-F-209|95-F-230|95-B-212|95-K-300|95-K-299|95-K-309|95-K-305|95-F-227|95-B-210|95-K-306|95-F-255|95-F-233|95-A-254|95-F-234|95-F-257|95-K-298|95-F-228|95-F-226", "as_of": "2026-09-26"}}, {"type": "Feature", "geometry": {"type": "Point", "coordinates": [-80.004575, 40.477766]}, "properties": {"matter_id": 9337, "file_number": "2007-1186", "matter_type": "Ordinance", "action_category": "map_amendment", "action_subtype": "area_wide_remap", "residential_relevance": "area_wide_remap_mixed", "title": "Ordinance amending the Pittsburgh Zoning Code, Title Nine, Article One, Chapter 902 Section 902.03, Zoning District Map Nos. 5 & 6 by changing various zoning district classifications in the NORTHVIEW HEIGHTS neighborhood in accord with Map Pittsburgh: Zoning for your Neighborhood, the city's zoning re-mapping project relative to the city's new Urban Zoning Code.", "intro_date": "2007-02-13", "status_legistar": "Died due to expiration of legislative council session", "status": "expired_end_of_session", "final_action": "Died due to expiration of legislative term", "final_action_date": "2007-12-31", "passed_date": "2007-12-31", "mayor_signed_date": "", "days_intro_to_final": 321, "passed_pursuant_to_case_law": false, "public_hearing_held_date": "2007-04-10", "referred_to_planning_commission_in_history": true, "vote_action": "", "vote_date": "", "votes_aye": "", "votes_nay": "", "votes_abstain": "", "votes_absent_or_other": "", "votes_other_detail": "", "vote_source": "", "from_districts": "R2-L|NDI|R1D-L|P|LNC", "to_districts": "H|NDI|RM-H", "from_to_pairs": "", "multi_unit_code_change_today": "", "byright_ceiling_effect_today": "", "cu_district_zoned": "", "housing_typology": "", "units_stated": "", "beds_or_residents_stated": "", "addresses": "", "parcels": "116-R-125|116-R-28|77-C-62|77-C-76|77-C-115|77-L-135|77-L-136|77-L-137|77-L-158|77-L-160|77-L-216|77-M-1|77-M-45|77-M-43|77-L-2856|77-R-362|77-L-225|77-G-150|77-C-275|77-C-245|77-C-242|77-C-200|77-C-228|77-C-198|77-G-250|77-G-200|77-G-220|77-G-131|77-G-130|77-G-129|77-G-132|77-D-46", "legistar_api_url": "https://webapi.legistar.com/v1/pittsburgh/matters/9337", "legistar_web_url": "https://pittsburgh.legistar.com/gateway.aspx?M=F&ID=9298737F-EBAC-49F9-A8A5-F41EC8404DB5", "geocode_method": "allegheny_parcel_centroid_mean", "geocode_detail": "16 of 25 parcel ids matched MAPBLOCKLOT (only first 25 queried)", "parcels_matched": "77-L-136|77-M-45|77-M-1|77-M-43|77-L-158|77-L-216|77-L-225|77-C-76|77-C-245|77-C-62|77-L-137|77-L-160|77-L-135|116-R-125|77-G-250|77-G-150", "as_of": "2026-09-26"}}, {"type": "Feature", "geometry": {"type": "Point", "coordinates": [-79.929411, 40.407264]}, "properties": {"matter_id": 9346, "file_number": "2007-1195", "matter_type": "Ordinance", "action_category": "map_amendment", "action_subtype": "area_wide_remap", "residential_relevance": "area_wide_remap_mixed", "title": "Ordinance Amending the Pittsburgh Zoning Code, Title Nine, Article One, Chapter 902 Section 902.03, Zoning District Map Nos. 13 & 18 by changing various zoning district classifications in the GLEN HAZEL neighborhood in accord with Map Pittsburgh: Zoning for your Neighborhood, the city's zoning re-mapping project relative to the city's new Urban Zoning Code.", "intro_date": "2007-02-20", "status_legistar": "Died due to expiration of legislative council session", "status": "expired_end_of_session", "final_action": "Died due to expiration of legislative term", "final_action_date": "2007-12-31", "passed_date": "2007-12-31", "mayor_signed_date": "", "days_intro_to_final": 314, "passed_pursuant_to_case_law": false, "public_hearing_held_date": "2007-04-10", "referred_to_planning_commission_in_history": true, "vote_action": "", "vote_date": "", "votes_aye": "", "votes_nay": "", "votes_abstain": "", "votes_absent_or_other": "", "votes_other_detail": "", "vote_source": "", "from_districts": "P|RM-M|AP", "to_districts": "H|RM-H|R1D-L|EMI|R1A-H|UI", "from_to_pairs": "", "multi_unit_code_change_today": "", "byright_ceiling_effect_today": "", "cu_district_zoned": "", "housing_typology": "", "units_stated": "", "beds_or_residents_stated": "", "addresses": "", "parcels": "57-H-110|56-S-60|56-S-75|56-S-80|56-M-250|89-J-20|89-J-30|89-N-10|89-N-12|89-N-14|89-K-130|89-K-120|89-F-180|89-F-176|89-F-170|89-F-165|89-F-160|89-K-156|89-K-140|57-H-100|89-K-9|89-K-7|89-K-5|89-K-3|89-K-17|89-P-19|89-P-21|89-P-25|89-N-25|89-J-125|57-G-342|57-G-341|57-H-9|57-H-10|57-H-11|57-H-7|57-H-5|57-H-8|57-H-25|57-G-366|57-G-999|57-B-300", "legistar_api_url": "https://webapi.legistar.com/v1/pittsburgh/matters/9346", "legistar_web_url": "https://pittsburgh.legistar.com/gateway.aspx?M=F&ID=4721E755-94A3-4E11-A9C9-9EC4C778D63D", "geocode_method": "allegheny_parcel_centroid_mean", "geocode_detail": "21 of 25 parcel ids matched MAPBLOCKLOT (only first 25 queried)", "parcels_matched": "89-J-30|56-S-60|89-N-12|89-K-5|89-F-180|56-S-80|57-H-100|89-N-10|89-F-160|56-M-250|89-K-140|89-N-14|89-K-9|56-S-75|89-K-120|89-K-7|89-K-130|89-F-165|89-J-20|89-K-3|89-F-170", "as_of": "2026-09-26"}}, {"type": "Feature", "geometry": {"type": "Point", "coordinates": [-79.927367, 40.482341]}, "properties": {"matter_id": 9347, "file_number": "2007-1196", "matter_type": "Ordinance", "action_category": "map_amendment", "action_subtype": "area_wide_remap", "residential_relevance": "area_wide_remap_mixed", "title": "Ordinance Amending the Pittsburgh Zoning Code, Title Nine, Article One, Chapter 902 Section 902.03, Zoning District Map Nos. 10, 11, 15 and 16 by changing various zoning district classifications in the MORNINGSIDE neighborhood in accord with Map Pittsburgh: Zoning for your Neighborhood, the city's zoning re-mapping project relative to the city's new Urban Zoning Code.", "intro_date": "2007-02-20", "status_legistar": "Passed Finally", "status": "adopted", "final_action": "Passed Finally", "final_action_date": "2007-04-24", "passed_date": "2007-04-25", "mayor_signed_date": "2007-05-03", "days_intro_to_final": 64, "passed_pursuant_to_case_law": false, "public_hearing_held_date": "2007-04-10", "referred_to_planning_commission_in_history": false, "vote_action": "Passed Finally", "vote_date": "2007-04-24", "votes_aye": 9, "votes_nay": 0, "votes_abstain": 0, "votes_absent_or_other": 0, "votes_other_detail": "", "vote_source": "eventitems/106456/votes", "from_districts": "R3-L|R2-L|P|RM-M", "to_districts": "R3-M|R2-M|R1D-H|P|LNC|GI|H|R2-H|R1A-H", "from_to_pairs": "", "multi_unit_code_change_today": "", "byright_ceiling_effect_today": "", "cu_district_zoned": "", "housing_typology": "", "units_stated": "", "beds_or_residents_stated": "", "addresses": "", "parcels": "121-P-9|121-K-243|121-P-99|121-P-98|121-P-101|121-P-103|121-P-104|121-P-107|121-P-150|121-P-182|121-P-164|121-P-188|121-P-159|121-P-131|82-B-33|82-B-35|82-B-36|82-B-37|82-B-39|82-B-41|82-B-43|82-B-74|82-F-32|82-E-320|82-K-47|82-B-53|82-B-45|82-B-133|82-B-125|121-P-200|121-L-128|121-L-129|121-G-190|82-H-1|121-K-79|121-F-302|121-F-305|121-F-306|121-K-166|121-K-156|121-A-77|121-A-73|121-A-200|121-D-24|80-C-250-9|121-H-100|121-H-106|121-H-200-9|121-A-71|121-A-66|121-A-64|121-A-62|121-A-60|121-A-59|121-A-58|121-A-57|121-A-56|121-A-54|121-A-53|121-A-51|121-A-50|121-B-106|121-B-105|121-B-104|121-B-103|121-B-92|121-B-89|121-B-82|121-B-80|121-B-77|121-B-76|121-B-75|121-B-66|121-B-63|121-B-55|121-B-52|121-B-51|121-B-50|121-F-2|121-F-4|121-F-5|121-G-12|121-G-13|121-G-17|121-G-19|121-G-20|121-G-22|121-G-24|121-G-25|121-G-26|121-F-19|121-F-82|121-F-83|121-F-84|121-F-85|121-F-86|121-F-86-A|121-F-86-B|121-F-91|121-G-129|121-G-127|121-G-204|121-G-31|121-G-32|121-G-34|121-G-33|121-G-35|121-G-37|121-G-38|121-G-39|121-G-43|121-G-44|121-G-45|121-G-48|121-G-114|121-G-115|121-G-116|121-G-117|121-G-118|121-G-119|121-G-120|121-G-122|121-G-123|121-G-124|121-G-125|121-F-9|121-F-10|121-F-11|121-F-13|121-F-14|121-F-17|121-G-52|121-G-53|121-G-55|121-G-56|121-G-57|121-G-58|121-G-59|121-G-62|121-G-65|121-H-48|121-H-49|121-H-52|121-H-57|121-H-61|121-P-30|121-P-10|121-F-276|121-F-282|121-K-69|121-F-308|121-K-68|121-K-102|121-K-157|121-K-227|121-K-258|121-K-255|121-K-254|121-K-248|121-K-250|121-K-249|121-K-247|121-K-246|121-K-245|121-P-89|121-P-88|121-G-312|121-G-319|121-L-160|121-L-159|121-L-157|121-L-158|121-L-157-A|121-L-156|121-L-155|121-L-153|121-L-152|121-L-151|121-L-150|121-L-149|121-L-148|121-L-147|121-L-146|121-L-145|121-L-144|121-L-142|121-L-140|121-L-138|121-L-127-1|121-L-127|121-L-125|121-L-124|121-L-123|121-L-122|121-L-120|121-L-119|121-L-117|121-L-115|121-L-113|121-L-111|121-L-110|121-L-109|121-L-107|121-L-105|121-R-4|121-R-1|121-P-254|121-P-253|121-P-250|121-K-290|121-K-213|121-K-183", "legistar_api_url": "https://webapi.legistar.com/v1/pittsburgh/matters/9347", "legistar_web_url": "https://pittsburgh.legistar.com/gateway.aspx?M=F&ID=5A95FD55-DFC7-4E34-8C34-ABDC599E675F", "geocode_method": "allegheny_parcel_centroid_mean", "geocode_detail": "20 of 25 parcel ids matched MAPBLOCKLOT (only first 25 queried)", "parcels_matched": "82-F-32|121-P-131|82-B-33|121-P-9|121-P-99|82-B-36|82-B-37|82-B-39|121-P-104|121-K-243|82-B-41|121-P-164|121-P-103|82-B-74|121-P-150|82-B-35|121-P-101|82-B-43|121-P-107|121-P-98", "as_of": "2026-09-26"}}, {"type": "Feature", "geometry": {"type": "Point", "coordinates": [-79.931682, 40.461715]}, "properties": {"matter_id": 9631, "file_number": "2007-1452", "matter_type": "Resolution", "action_category": "conditional_use", "action_subtype": "cu_use_approval", "residential_relevance": "non_residential", "title": "Resolution approving a Conditional Use under the Pittsburgh Code, Title Nine, Zoning, Article V, Chapter 911, Section 911.04.A.64 to Craig Academy for authorization to demolish the existing structure and construct a three-story, 55,000 sq. ft. building for use as school for grades 1 through 12 with a maximum of 155 students located at 215 South Negley Avenue, and with a total of 70 parking stalls on property zoned R3-M, Residential Three -Unit, Moderate Density District, 8th Ward.", "intro_date": "2007-05-14", "status_legistar": "Passed Finally", "status": "adopted", "final_action": "Passed Finally", "final_action_date": "2007-07-02", "passed_date": "2007-07-02", "mayor_signed_date": "2007-07-11", "days_intro_to_final": 49, "passed_pursuant_to_case_law": false, "public_hearing_held_date": "2007-06-20", "referred_to_planning_commission_in_history": false, "vote_action": "Passed Finally", "vote_date": "2007-07-02", "votes_aye": 9, "votes_nay": 0, "votes_abstain": 0, "votes_absent_or_other": 0, "votes_other_detail": "", "vote_source": "eventitems/108930/votes", "from_districts": "", "to_districts": "", "from_to_pairs": "", "multi_unit_code_change_today": "", "byright_ceiling_effect_today": "", "cu_district_zoned": "R3-M", "housing_typology": "", "units_stated": "", "beds_or_residents_stated": "155", "addresses": "215 South Negley Avenue", "parcels": "", "legistar_api_url": "https://webapi.legistar.com/v1/pittsburgh/matters/9631", "legistar_web_url": "https://pittsburgh.legistar.com/gateway.aspx?M=F&ID=0B854DBF-5010-428D-AF1F-8B452B4C894C", "geocode_method": "census_geocoder_onelineaddress", "geocode_detail": "input '215 South Negley Avenue, Pittsburgh, PA' -> '215 S NEGLEY AVE, PITTSBURGH, PA, 15206'", "parcels_matched": "", "as_of": "2026-09-26"}}, {"type": "Feature", "geometry": {"type": "Point", "coordinates": [-80.075946, 40.415643]}, "properties": {"matter_id": 9658, "file_number": "2007-1478", "matter_type": "Ordinance", "action_category": "map_amendment", "action_subtype": "site_rezoning", "residential_relevance": "enables_more_housing_byright", "title": "Ordinance amending the Pittsburgh Code, Title Nine, Zoning, Article I, Section 902.03 Zoning Map, by changing from R2-L, Residential Two-Unit Low Density District to NDI, Neighborhood Industrial District, certain property bounded by Idlewood Avenue; the City of Pittsburgh Boundary Line; Ade Way; and Block No. 67-P, Lot No. 168 in the Allegheny County Block and Lot System; 28th Ward.", "intro_date": "2007-05-22", "status_legistar": "Passed Finally", "status": "adopted", "final_action": "Passed Finally", "final_action_date": "2007-06-26", "passed_date": "2007-06-26", "mayor_signed_date": "2007-07-05", "days_intro_to_final": 35, "passed_pursuant_to_case_law": false, "public_hearing_held_date": "2007-06-13", "referred_to_planning_commission_in_history": false, "vote_action": "Passed Finally", "vote_date": "2007-06-26", "votes_aye": 8, "votes_nay": 0, "votes_abstain": 0, "votes_absent_or_other": 1, "votes_other_detail": "Absent=1", "vote_source": "eventitems/108720/votes", "from_districts": "R2-L", "to_districts": "NDI", "from_to_pairs": "R2-L>NDI", "multi_unit_code_change_today": "->P", "byright_ceiling_effect_today": "increases_byright_residential_ceiling", "cu_district_zoned": "", "housing_typology": "", "units_stated": "", "beds_or_residents_stated": "", "addresses": "", "parcels": "67-P-168", "legistar_api_url": "https://webapi.legistar.com/v1/pittsburgh/matters/9658", "legistar_web_url": "https://pittsburgh.legistar.com/gateway.aspx?M=F&ID=AD639C87-DB6A-42A1-98E2-C9C5A3A0E2F6", "geocode_method": "allegheny_parcel_centroid", "geocode_detail": "1 of 1 parcel ids matched MAPBLOCKLOT", "parcels_matched": "67-P-168", "as_of": "2026-09-26"}}, {"type": "Feature", "geometry": {"type": "Point", "coordinates": [-79.961462, 40.459522]}, "properties": {"matter_id": 9790, "file_number": "2007-1603", "matter_type": "Ordinance", "action_category": "map_amendment", "action_subtype": "area_wide_remap", "residential_relevance": "area_wide_remap_mixed", "title": "Ordinance amending the Pittsburgh Zoning Code, Title Nine, Article One, Chapter 902 Section 902.03, Zoning, District Map No. 11 by changing various zoning district classifications in the POLISH HILL neighborhood in accord with Map Pittsburgh: Zoning for your Neighborhood, the city's zoning re-mapping project relative to the city's new Urban Zoning Code.", "intro_date": "2007-07-10", "status_legistar": "Passed Finally", "status": "adopted", "final_action": "Passed Finally", "final_action_date": "2007-10-02", "passed_date": "2007-10-02", "mayor_signed_date": "2007-10-12", "days_intro_to_final": 84, "passed_pursuant_to_case_law": false, "public_hearing_held_date": "2007-09-19", "referred_to_planning_commission_in_history": false, "vote_action": "Passed Finally", "vote_date": "2007-10-02", "votes_aye": 9, "votes_nay": 0, "votes_abstain": 0, "votes_absent_or_other": 0, "votes_other_detail": "", "vote_source": "eventitems/111749/votes", "from_districts": "P|RM-M|R2-L|UI|RP", "to_districts": "UI|H|P|R2-H|UNC|LNC", "from_to_pairs": "", "multi_unit_code_change_today": "", "byright_ceiling_effect_today": "", "cu_district_zoned": "", "housing_typology": "", "units_stated": "", "beds_or_residents_stated": "", "addresses": "", "parcels": "25-L-100|26-E-23|25-P-160-1|26-G-238|26-F-79|26-F-192|26-F-83|26-F-84|26-B-332|26-B-271|26-B-267|26-B-266|26-B-265|26-B-264|26-F-17|26-F-19|26-F-20|26-F-21|26-F-23|26-F-26|26-E-224|26-E-226|26-E-227|26-E-228|26-E-229|26-E-231|26-E-232|26-E-233|26-E-234|26-E-235|26-E-236|26-E-53|26-E-46|26-G-131|26-G-129|26-G-128|26-G-127|26-G-126|26-G-125|26-G-124|26-G-123|26-G-122|26-G-118|26-F-74|26-F-76|26-F-77|26-F-78|26-G-113|26-G-112|26-G-111|26-G-110|26-G-109|26-G-108|26-G-107|26-G-107-1|26-G-105|26-G-104|26-F-201|26-F-277|26-F-316|26-F-202|26-F-206|26-F-209|26-F-210|26-F-211|25-H-105|25-H-106|25-H-107|25-H-109|25-H-110|25-H-111|25-H-113|25-H-112|25-M-55|25-M-56|25-M-57|25-H-119|25-H-120|25-H-121|25-H-122|25-H-123|25-H-125|25-H-126|25-H-127|25-H-129|25-H-191|25-H-193|25-H-189|26-E-12|26-E-13|26-E-14|26-E-15|26-E-16|26-E-18|26-E-20|26-E-21|26-E-70|26-E-69|26-E-65|26-E-63|26-E-61|26-E-60|26-E-56|26-E-237|26-E-274|26-E-272|26-E-271|26-F-39|26-F-40|26-F-41|26-F-42|26-F-43|26-F-44|26-F-45|26-F-46|26-F-47|26-F-48|26-F-49|26-F-50|26-F-51|26-F-53|26-F-56|26-F-59|26-F-61|26-F-63|26-F-64|26-F-65|26-F-66|26-F-67|26-F-68|26-F-69|26-F-70|26-F-71|26-B-335|26-B-334|26-F-88|26-F-191|25-M-271|25-M-268|25-M-233|25-M-235|25-M-215|26-J-37|26-E-38|26-E-6|25-M-80|25-M-72|25-M-66|25-M-9|25-H-60|25-R-106-1|25-M-70|25-M-81|26-E-8|26-E-36|26-J-44|25-M-219|25-M-234", "legistar_api_url": "https://webapi.legistar.com/v1/pittsburgh/matters/9790", "legistar_web_url": "https://pittsburgh.legistar.com/gateway.aspx?M=F&ID=8128F79B-3D41-47B7-ABE4-7EC6F56674E9", "geocode_method": "allegheny_parcel_centroid_mean", "geocode_detail": "23 of 25 parcel ids matched MAPBLOCKLOT (only first 25 queried)", "parcels_matched": "26-E-224|26-B-332|26-B-267|26-E-229|26-B-266|26-B-264|26-B-271|26-B-265|26-F-19|26-F-21|26-F-79|25-P-160-0-1|26-E-226|26-G-238|26-F-26|26-F-23|26-F-20|26-F-17|26-E-227|26-E-23|26-F-84|26-F-83|26-E-228", "as_of": "2026-09-26"}}, {"type": "Feature", "geometry": {"type": "Point", "coordinates": [-79.981509, 40.446946]}, "properties": {"matter_id": 9791, "file_number": "2007-1604", "matter_type": "Resolution", "action_category": "conditional_use", "action_subtype": "cu_use_approval", "residential_relevance": "non_residential", "title": "Resolution approving a Conditional Use under the Pittsburgh Code, Title Nine, Zoning, Article V, Chapter 911, Section 911.04.A.64 to Pittsburgh Public Schools Facilities Division for authorization to construct a one-story, 17,000 sq. ft. extension on the westerly side of Miller African - Centered Academy located at 2055 Bedford Avenue on property zoned RM-M, Residential Multi -Unit, Moderate Density District, 5th Ward.", "intro_date": "2007-07-10", "status_legistar": "Approved", "status": "adopted", "final_action": "Passed Finally", "final_action_date": "2007-08-13", "passed_date": "2007-08-13", "mayor_signed_date": "", "days_intro_to_final": 34, "passed_pursuant_to_case_law": false, "public_hearing_held_date": "2007-08-02", "referred_to_planning_commission_in_history": false, "vote_action": "Passed Finally", "vote_date": "2007-08-13", "votes_aye": "", "votes_nay": "", "votes_abstain": "", "votes_absent_or_other": "", "votes_other_detail": "", "vote_source": "votes_endpoint_http_500", "from_districts": "", "to_districts": "", "from_to_pairs": "", "multi_unit_code_change_today": "", "byright_ceiling_effect_today": "", "cu_district_zoned": "RM-M", "housing_typology": "", "units_stated": "", "beds_or_residents_stated": "", "addresses": "2055 Bedford Avenue", "parcels": "", "legistar_api_url": "https://webapi.legistar.com/v1/pittsburgh/matters/9791", "legistar_web_url": "https://pittsburgh.legistar.com/gateway.aspx?M=F&ID=1917D309-DA56-4CF8-9B10-34DBF4CD7771", "geocode_method": "census_geocoder_onelineaddress", "geocode_detail": "input '2055 Bedford Avenue, Pittsburgh, PA' -> '2055 BEDFORD AVE, PITTSBURGH, PA, 15219'", "parcels_matched": "", "as_of": "2026-09-26"}}, {"type": "Feature", "geometry": {"type": "Point", "coordinates": [-79.962756, 40.448936]}, "properties": {"matter_id": 9792, "file_number": "2007-1605", "matter_type": "Resolution", "action_category": "conditional_use", "action_subtype": "cu_use_approval", "residential_relevance": "non_residential", "title": "Resolution approving a Conditional Use under the Pittsburgh Code, Title Nine, Zoning, Article V, Chapter 911, Section 911.04.A.64 to Pittsburgh Public Schools Facilities Division for authorization to construct a three-story, 45,000 sq. ft. extension and interior renovations to Milliones Middle School located at 3117 Centre Avenue on property zoned R2-L, Residential Two -Unit, Low Density District, 5th Ward.", "intro_date": "2007-07-10", "status_legistar": "Approved", "status": "adopted", "final_action": "Passed Finally", "final_action_date": "2007-08-13", "passed_date": "2007-08-13", "mayor_signed_date": "", "days_intro_to_final": 34, "passed_pursuant_to_case_law": false, "public_hearing_held_date": "2007-08-02", "referred_to_planning_commission_in_history": false, "vote_action": "Passed Finally", "vote_date": "2007-08-13", "votes_aye": "", "votes_nay": "", "votes_abstain": "", "votes_absent_or_other": "", "votes_other_detail": "", "vote_source": "votes_endpoint_http_500", "from_districts": "", "to_districts": "", "from_to_pairs": "", "multi_unit_code_change_today": "", "byright_ceiling_effect_today": "", "cu_district_zoned": "R2-L", "housing_typology": "", "units_stated": "", "beds_or_residents_stated": "", "addresses": "3117 Centre Avenue", "parcels": "", "legistar_api_url": "https://webapi.legistar.com/v1/pittsburgh/matters/9792", "legistar_web_url": "https://pittsburgh.legistar.com/gateway.aspx?M=F&ID=FB3E5B8D-365C-49D0-818A-DD05148526CE", "geocode_method": "census_geocoder_onelineaddress", "geocode_detail": "input '3117 Centre Avenue, Pittsburgh, PA' -> '3117 CENTRE AVE, PITTSBURGH, PA, 15219'", "parcels_matched": "", "as_of": "2026-09-26"}}, {"type": "Feature", "geometry": {"type": "Point", "coordinates": [-80.042785, 40.455575]}, "properties": {"matter_id": 9908, "file_number": "2007-1720", "matter_type": "Ordinance", "action_category": "map_amendment", "action_subtype": "area_wide_remap", "residential_relevance": "area_wide_remap_mixed", "title": "Ordinance amending the Pittsburgh Zoning Code, Title Nine, Article One, Chapter 902 Section 902.03, Zoning District Map Nos. 2 and 6 by changing various zoning district classifications in the ESPLEN neighborhood in accord with Map Pittsburgh: Zoning for your Neighborhood, the city's zoning re-mapping project relative to the city's new Urban Zoning Code.", "intro_date": "2007-09-07", "status_legistar": "Passed Finally", "status": "adopted", "final_action": "Passed Finally", "final_action_date": "2007-10-30", "passed_date": "2007-10-30", "mayor_signed_date": "2007-11-15", "days_intro_to_final": 53, "passed_pursuant_to_case_law": false, "public_hearing_held_date": "2007-10-18", "referred_to_planning_commission_in_history": false, "vote_action": "Passed Finally", "vote_date": "2007-10-30", "votes_aye": 9, "votes_nay": 0, "votes_abstain": 0, "votes_absent_or_other": 0, "votes_other_detail": "", "vote_source": "eventitems/112888/votes", "from_districts": "GI|RM-M|P|UI", "to_districts": "P|UI|R1D-H", "from_to_pairs": "", "multi_unit_code_change_today": "", "byright_ceiling_effect_today": "", "cu_district_zoned": "", "housing_typology": "", "units_stated": "", "beds_or_residents_stated": "", "addresses": "", "parcels": "43-S-19|43-S-50|7-J-50|43-R-110|21-R-18|21-R-20|21-R-22|21-R-5|21-R-4|21-R-1|21-P-254|21-P-257|21-P-259|21-P-260|21-P-261|21-P-263|21-P-265-2|21-P-266|21-P-267|21-P-268|21-P-270|21-P-271|21-P-272|21-P-273|21-K-62|21-K-60-2|21-K-59|21-K-58|21-K-56|21-K-55|21-K-54|21-K-52|21-K-50-1|21-K-49|21-K-47-2|21-K-46-2|21-K-43|21-K-40|21-K-39|21-K-38|21-K-37|21-K-36|21-K-29-2|21-K-27|21-K-26-2|21-K-24|21-K-22|21-K-20|21-K-15|42-C-191|43-R-225|43-R-214|43-R-188|21-E-15|21-E-1|42-H-370|42-D-185|42-D-188-2|42-D-207|42-D-209|42-D-223|42-D-240|42-D-226|42-D-227|42-D-228|42-D-229|42-D-230|42-D-246|42-D-247|42-D-233|42-D-234|42-D-250|42-D-251|42-D-252|42-D-253|42-D-254|42-D-255|42-D-257|42-D-258|42-C-101|42-C-151|42-C-163|42-C-213", "legistar_api_url": "https://webapi.legistar.com/v1/pittsburgh/matters/9908", "legistar_web_url": "https://pittsburgh.legistar.com/gateway.aspx?M=F&ID=6D968FE5-C4E6-4A79-B421-E51D700E8A24", "geocode_method": "allegheny_parcel_centroid_mean", "geocode_detail": "25 of 25 parcel ids matched MAPBLOCKLOT (only first 25 queried)", "parcels_matched": "21-P-268|21-P-273|43-R-110|7-J-50|21-R-5|21-P-271|21-P-267|21-P-266|21-P-263|43-S-19|21-R-4|21-K-62|21-P-272|21-P-261|21-P-259|21-P-260|21-P-265-0-2|21-P-270|21-R-20|21-R-1|43-S-50|21-P-254|21-R-22|21-P-257|21-R-18", "as_of": "2026-09-26"}}, {"type": "Feature", "geometry": {"type": "Point", "coordinates": [-79.939449, 40.449694]}, "properties": {"matter_id": 10364, "file_number": "2008-0101", "matter_type": "Ordinance", "action_category": "map_amendment", "action_subtype": "area_wide_remap", "residential_relevance": "area_wide_remap_mixed", "title": "Ordinance amending the Pittsburgh Zoning Code, Title Nine, Article One, Chapter 902 Section 902.03, Zoning District Map Nos. 11, 12, 16 and 17 by changing various zoning district classifications in the SHADYSIDE neighborhood in accord with Map Pittsburgh: Zoning for your Neighborhood, the city's zoning re-mapping project relative to the city's new Urban Zoning Code.", "intro_date": "2008-02-05", "status_legistar": "Passed Finally", "status": "adopted", "final_action": "Passed Finally, As Amended", "final_action_date": "2008-04-01", "passed_date": "2008-04-01", "mayor_signed_date": "2008-04-28", "days_intro_to_final": 56, "passed_pursuant_to_case_law": false, "public_hearing_held_date": "2008-03-18", "referred_to_planning_commission_in_history": false, "vote_action": "Passed Finally, As Amended", "vote_date": "2008-04-01", "votes_aye": 9, "votes_nay": 0, "votes_abstain": 0, "votes_absent_or_other": 0, "votes_other_detail": "", "vote_source": "eventitems/119044/votes", "from_districts": "R1D-VL|RM-M|R2-L|R1D-L|UI", "to_districts": "RM-M|R1D-VL|R1D-L|RM-H|R2-M|LNC|R1A-H|R1A-VH", "from_to_pairs": "", "multi_unit_code_change_today": "", "byright_ceiling_effect_today": "", "cu_district_zoned": "", "housing_typology": "", "units_stated": "", "beds_or_residents_stated": "", "addresses": "", "parcels": "52-A-183-101|52-K-27|52-F-60|52-K-314|52-K-312|52-K-310|52-G-56|52-G-57|52-G-106|52-G-100|52-H-93|52-H-95|52-H-97|52-A-94|52-B-19|52-B-28|52-B-170|52-B-204|52-H-220|52-H-248|52-H-245|52-H-301|52-H-276|52-H-281|52-H-283|52-H-284|52-H-253|52-H-211|52-H-212|52-H-216|52-H-218|51-P-162|51-P-160|51-P-156|51-P-152|51-P-150|51-P-148|52-B-79|52-B-91|52-B-95|52-B-53|52-B-58|52-B-59|52-B-60|52-B-61|52-B-62|52-B-65|51-P-127|51-P-300|51-B-98-100|52-C-315|52-C-317|52-C-319|52-C-322|52-C-325|52-C-329|52-C-126|52-C-128|85-A-103|85-A-106|85-A-107|85-A-108|85-A-112|85-A-113|85-A-114|85-A-115|52-H-1|52-D-170|52-D-303|85-A-70|85-A-52|52-D-379|52-D-378|52-D-359|52-D-329|52-D-302|52-D-257|52-D-155|52-D-93|52-D-13-1|52-D-12|52-D-10|52-D-8|52-H-332|52-H-331|52-H-330|52-H-329|52-C-131|52-C-133|51-R-62|51-R-106|51-R-352|51-R-106-1|51-M-280|51-M-282|51-M-283|51-M-284|51-S-79|51-S-78|51-S-76|51-S-75|51-S-82|51-S-83|51-S-179|51-S-180|51-S-184|51-S-183|84-K-8|84-J-82|84-J-131|51-M-325|51-M-332|51-M-333|51-M-334|51-M-335|51-M-336|51-M-304|84-J-42-E|84-J-42-D|84-J-42-C|84-J-42-B|84-J-42-A|84-J-42|84-J-41-A|84-J-40|84-J-106|84-J-105|84-J-115|84-J-107|84-J-137|85-B-81|85-B-123|85-B-124|85-B-125|85-B-126|85-B-146|85-B-147|85-B-148|85-B-149|85-B-150|85-B-170|85-B-171|85-B-173|85-B-172|85-B-177|84-P-81|84-P-69|84-N-288|84-N-291|84-N-302|84-N-303|84-N-303-1|84-N-305|84-N-311|84-P-18|84-P-19|84-P-21|84-P-23|84-P-28|84-P-194|84-P-193|84-P-192|84-P-191|84-P-190|84-P-188|84-P-187|84-P-186|84-F-325|84-K-4|84-J-267|84-J-68|84-J-67|84-J-65|85-A-220|85-A-281|85-E-64|85-E-66|85-E-68|85-E-70|85-E-72|85-E-74|84-L-22|84-L-14|84-L-30|84-G-34|84-R-3|84-R-5|84-L-276|84-L-215|84-R-198|84-R-181|84-R-154|84-R-156|84-R-158|84-R-160|84-R-168|84-R-116|84-R-115|84-R-110|84-R-108|84-R-106|84-R-104|84-R-102|84-R-67|84-R-55|84-R-54|84-R-53|84-R-52|84-R-51|84-P-303|84-M-204|84-L-2|84-L-8|84-L-10|84-L-13|84-L-44|84-G-192|84-L-116|84-L-126|84-L-148|84-L-174|84-L-192|84-R-290|84-S-45|84-S-44|84-S-36|84-S-38|84-R-296|84-R-299|84-R-323|84-R-326|84-R-185|84-R-189|84-R-196|84-M-72|84-M-42|84-M-11|84-M-12|84-L-170|84-L-171|84-L-172|84-L-173|84-L-151|84-L-104-6330|84-L-111|84-L-114|84-L-82|84-G-250|84-S-152|84-S-141|84-S-131|84-S-130|84-S-129|84-S-118|84-S-74|84-S-75|84-S-76|84-S-77|84-S-18|84-S-24|84-S-25|84-M-330|84-M-326|84-M-325|84-M-300|84-M-10|84-M-8|84-S-40|84-S-41-1|84-R-293|84-S-52|84-R-333|84-R-332|84-R-331|84-R-329|84-S-148", "legistar_api_url": "https://webapi.legistar.com/v1/pittsburgh/matters/10364", "legistar_web_url": "https://pittsburgh.legistar.com/gateway.aspx?M=F&ID=8B3C500D-DE03-471F-8E60-C118608ACA7C", "geocode_method": "allegheny_parcel_centroid_mean", "geocode_detail": "20 of 25 parcel ids matched MAPBLOCKLOT (only first 25 queried)", "parcels_matched": "52-B-170|52-H-276|52-H-93|52-G-106|52-H-283|52-H-95|52-H-97|52-G-57|52-H-281|52-B-19|52-G-56|52-H-301|52-B-204|52-A-94|52-A-183-101|52-F-60|52-H-248|52-G-100|52-B-28|52-H-220", "as_of": "2026-09-26"}}, {"type": "Feature", "geometry": {"type": "Point", "coordinates": [-79.984808, 40.388168]}, "properties": {"matter_id": 10895, "file_number": "2008-0578", "matter_type": "Resolution", "action_category": "conditional_use", "action_subtype": "cu_use_approval", "residential_relevance": "non_residential", "title": "Resolution approving a Conditional Use under the Pittsburgh Code, Title Nine, Zoning, Article V, Chapter 911, Section 911.04.A.64 to the Board of Public Education, School District of Pittsburgh for authorization to construct a three-story, 43,000 sq. ft. extension and interior renovations to Concord Elementary School located at 2350 Brownsville Rd. on property zoned R1D-L, Residential Single -Unit Detached Low Density District, 29th Ward.", "intro_date": "2008-07-08", "status_legistar": "Passed Finally", "status": "adopted", "final_action": "Passed Finally", "final_action_date": "2008-08-12", "passed_date": "2008-08-12", "mayor_signed_date": "2008-08-21", "days_intro_to_final": 35, "passed_pursuant_to_case_law": false, "public_hearing_held_date": "2008-08-05", "referred_to_planning_commission_in_history": false, "vote_action": "Passed Finally", "vote_date": "2008-08-12", "votes_aye": 8, "votes_nay": 0, "votes_abstain": 0, "votes_absent_or_other": 1, "votes_other_detail": "Absent=1", "vote_source": "eventitems/123978/votes", "from_districts": "", "to_districts": "", "from_to_pairs": "", "multi_unit_code_change_today": "", "byright_ceiling_effect_today": "", "cu_district_zoned": "R1D-L", "housing_typology": "", "units_stated": "", "beds_or_residents_stated": "", "addresses": "2350 Brownsville Rd.", "parcels": "", "legistar_api_url": "https://webapi.legistar.com/v1/pittsburgh/matters/10895", "legistar_web_url": "https://pittsburgh.legistar.com/gateway.aspx?M=F&ID=4215B5FC-8F8C-4753-A38F-548D3A8A780C", "geocode_method": "census_geocoder_onelineaddress", "geocode_detail": "input '2350 Brownsville Rd., Pittsburgh, PA' -> '2350 BROWNSVILLE RD, PITTSBURGH, PA, 15210'", "parcels_matched": "", "as_of": "2026-09-26"}}, {"type": "Feature", "geometry": {"type": "Point", "coordinates": [-79.87055, 40.439774]}, "properties": {"matter_id": 11189, "file_number": "2008-0859", "matter_type": "Resolution", "action_category": "conditional_use", "action_subtype": "cu_use_approval", "residential_relevance": "group_quarters_use", "title": "Resolution approving a Conditional Use exception under the Pittsburgh Code, Title Nine, Zoning, Article V, Chapter 911, Section 911.04.A.94 to the North Shore Community Alliance, owner, for authorization to occupy an existing two-story structure located at 1439 North Franklin Avenue as a Custodial Care Facility for nonviolent female offenders with children, on property zoned \"R2-H\", Residential Two-Unit High Density District, 21st Ward.", "intro_date": "2008-10-28", "status_legistar": "Passed Finally", "status": "adopted", "final_action": "Returned Unsigned", "final_action_date": "2009-02-18", "passed_date": "2009-01-13", "mayor_signed_date": "", "days_intro_to_final": 77, "passed_pursuant_to_case_law": false, "public_hearing_held_date": "2008-12-11", "referred_to_planning_commission_in_history": false, "vote_action": "Passed Finally", "vote_date": "2009-01-13", "votes_aye": 8, "votes_nay": 0, "votes_abstain": 0, "votes_absent_or_other": 0, "votes_other_detail": "", "vote_source": "eventitems/128126/votes", "from_districts": "", "to_districts": "", "from_to_pairs": "", "multi_unit_code_change_today": "", "byright_ceiling_effect_today": "", "cu_district_zoned": "R2-H", "housing_typology": "custodial_care_group_residential", "units_stated": "", "beds_or_residents_stated": "", "addresses": "1439 North Franklin Avenue", "parcels": "", "legistar_api_url": "https://webapi.legistar.com/v1/pittsburgh/matters/11189", "legistar_web_url": "https://pittsburgh.legistar.com/gateway.aspx?M=F&ID=1DA4919B-BBC1-41EB-B91D-2811CC7FD4FF", "geocode_method": "census_geocoder_onelineaddress", "geocode_detail": "input '1439 North Franklin Avenue, Pittsburgh, PA' -> '1439 FRANKLIN AVE, PITTSBURGH, PA, 15221'", "parcels_matched": "", "as_of": "2026-09-26"}}, {"type": "Feature", "geometry": {"type": "Point", "coordinates": [-80.035231, 40.426359]}, "properties": {"matter_id": 11233, "file_number": "2008-0899", "matter_type": "Ordinance", "action_category": "map_amendment", "action_subtype": "site_rezoning", "residential_relevance": "unclear_special_district", "title": "Ordinance amending the Pittsburgh Code, Title Nine, Zoning, Article I, Section 902.03 Zoning Map, by changing from R1D-L, Residential Single - Unit Detached, Low Density District and P, Parks District to RP, Residential Planned Unit Development District, all that certain property identified as Block Number 18 - M, Lot Number 35 in the Allegheny County Block and Lot System, 20th Ward. (City Vista Project)", "intro_date": "2008-11-10", "status_legistar": "Withdrawn", "status": "withdrawn", "final_action": "Withdrawn", "final_action_date": "2009-05-21", "passed_date": "2009-05-21", "mayor_signed_date": "", "days_intro_to_final": 192, "passed_pursuant_to_case_law": false, "public_hearing_held_date": "2009-01-27", "referred_to_planning_commission_in_history": false, "vote_action": "", "vote_date": "", "votes_aye": "", "votes_nay": "", "votes_abstain": "", "votes_absent_or_other": "", "votes_other_detail": "", "vote_source": "", "from_districts": "R1D-L|P", "to_districts": "RP", "from_to_pairs": "R1D-L>RP|P>RP", "multi_unit_code_change_today": "->?|->?", "byright_ceiling_effect_today": "involves_district_not_in_911_02", "cu_district_zoned": "", "housing_typology": "", "units_stated": "", "beds_or_residents_stated": "", "addresses": "", "parcels": "18-M-35", "legistar_api_url": "https://webapi.legistar.com/v1/pittsburgh/matters/11233", "legistar_web_url": "https://pittsburgh.legistar.com/gateway.aspx?M=F&ID=A14954BE-06DC-49CB-9CE3-AF5B4AC90B95", "geocode_method": "allegheny_parcel_centroid", "geocode_detail": "1 of 1 parcel ids matched MAPBLOCKLOT", "parcels_matched": "18-M-35", "as_of": "2026-09-26"}}, {"type": "Feature", "geometry": {"type": "Point", "coordinates": [-79.975804, 40.428421]}, "properties": {"matter_id": 11234, "file_number": "2008-0900", "matter_type": "Resolution", "action_category": "conditional_use", "action_subtype": "cu_use_approval", "residential_relevance": "non_residential", "title": "Resolution approving a Conditional Use exception under the Pittsburgh Code, Title Nine, Zoning, Article V, Chapter 911, Section 911.04.A.99 to Najib and Nasra Aboud, property owner, for authorization to occupy an existing structure located at 2126 East Carson Street as a Restaurant with Liquor License, on property zoned \u201cLNC\u201d, Local Neighborhood Commercial District, 16th Ward.", "intro_date": "2008-11-10", "status_legistar": "Defeated", "status": "failed", "final_action": "Passed Finally", "final_action_date": "2008-12-30", "passed_date": "2008-12-30", "mayor_signed_date": "", "days_intro_to_final": 50, "passed_pursuant_to_case_law": false, "public_hearing_held_date": "2008-12-15", "referred_to_planning_commission_in_history": false, "vote_action": "Passed Finally", "vote_date": "2008-12-30", "votes_aye": 0, "votes_nay": 8, "votes_abstain": 0, "votes_absent_or_other": 0, "votes_other_detail": "", "vote_source": "eventitems/127856/votes", "from_districts": "", "to_districts": "", "from_to_pairs": "", "multi_unit_code_change_today": "", "byright_ceiling_effect_today": "", "cu_district_zoned": "LNC", "housing_typology": "", "units_stated": "", "beds_or_residents_stated": "", "addresses": "2126 East Carson Street", "parcels": "", "legistar_api_url": "https://webapi.legistar.com/v1/pittsburgh/matters/11234", "legistar_web_url": "https://pittsburgh.legistar.com/gateway.aspx?M=F&ID=5F80B8D0-4841-4784-8764-EA0B77D791AA", "geocode_method": "census_geocoder_onelineaddress", "geocode_detail": "input '2126 East Carson Street, Pittsburgh, PA' -> '2126 E CARSON ST, PITTSBURGH, PA, 15203'", "parcels_matched": "", "as_of": "2026-09-26"}}, {"type": "Feature", "geometry": {"type": "Point", "coordinates": [-79.927184, 40.486154]}, "properties": {"matter_id": 11396, "file_number": "2009-1050", "matter_type": "Ordinance", "action_category": "map_amendment", "action_subtype": "site_rezoning", "residential_relevance": "enables_more_housing_byright", "title": "Ordinance amending the Pittsburgh Code, Title Nine, Zoning, Article I, Section 902.03 Zoning Map, by changing from R1A-H, Single Unit Residential Attached High Density District to LNC, Local Neighborhood Commercial District, certain property identified as Block No. 121-K, Lot No. 69, in the Allegheny County Block and Lot System; 10th Ward.", "intro_date": "2009-01-22", "status_legistar": "Passed Finally", "status": "adopted", "final_action": "Passed Finally", "final_action_date": "2009-04-21", "passed_date": "2009-04-21", "mayor_signed_date": "2009-04-24", "days_intro_to_final": 89, "passed_pursuant_to_case_law": false, "public_hearing_held_date": "2009-04-07", "referred_to_planning_commission_in_history": false, "vote_action": "Passed Finally", "vote_date": "2009-04-21", "votes_aye": 9, "votes_nay": 0, "votes_abstain": 0, "votes_absent_or_other": 0, "votes_other_detail": "", "vote_source": "eventitems/132587/votes", "from_districts": "R1A-H", "to_districts": "LNC", "from_to_pairs": "R1A-H>LNC", "multi_unit_code_change_today": "->P", "byright_ceiling_effect_today": "increases_byright_residential_ceiling", "cu_district_zoned": "", "housing_typology": "", "units_stated": "", "beds_or_residents_stated": "", "addresses": "", "parcels": "121-K-69", "legistar_api_url": "https://webapi.legistar.com/v1/pittsburgh/matters/11396", "legistar_web_url": "https://pittsburgh.legistar.com/gateway.aspx?M=F&ID=58AC9D44-DDAB-4F6D-B062-ECD30FF91935", "geocode_method": "allegheny_parcel_centroid", "geocode_detail": "1 of 1 parcel ids matched MAPBLOCKLOT", "parcels_matched": "121-K-69", "as_of": "2026-09-26"}}, {"type": "Feature", "geometry": {"type": "Point", "coordinates": [-80.016438, 40.493326]}, "properties": {"matter_id": 11431, "file_number": "2009-1081", "matter_type": "Ordinance", "action_category": "map_amendment", "action_subtype": "area_wide_remap", "residential_relevance": "area_wide_remap_mixed", "title": "Ordinance amending the Pittsburgh Zoning Code, Title Nine, Article One, Chapter 902 Section 902.03, Zoning District Maps Nos. 5 and 6 by changing various zoning district classifications in the PERRY NORTH neighborhood in accord with Map Pittsburgh: Zoning for your Neighborhood, the city's zoning re-mapping project relative to the city's new Urban Zoning Code.", "intro_date": "2009-02-03", "status_legistar": "Passed Finally", "status": "adopted", "final_action": "Passed Finally", "final_action_date": "2009-06-09", "passed_date": "2009-06-09", "mayor_signed_date": "2009-06-12", "days_intro_to_final": 126, "passed_pursuant_to_case_law": false, "public_hearing_held_date": "2009-05-27", "referred_to_planning_commission_in_history": false, "vote_action": "Passed Finally", "vote_date": "2009-06-09", "votes_aye": 8, "votes_nay": 0, "votes_abstain": 0, "votes_absent_or_other": 1, "votes_other_detail": "Absent=1", "vote_source": "eventitems/134907/votes", "from_districts": "R1D-L|R2-L|P|LNC", "to_districts": "P|H|R1D-M|LNC|R1D-L", "from_to_pairs": "", "multi_unit_code_change_today": "", "byright_ceiling_effect_today": "", "cu_district_zoned": "", "housing_typology": "", "units_stated": "", "beds_or_residents_stated": "", "addresses": "", "parcels": "162-M-244|162-M-278|162-S-90|162-S-92|162-S-75|162-S-79|162-S-81|162-S-84|162-S-86|162-S-88|162-S-94|163-J-140|163-J-300|163-J-219|163-N-15|163-N-94|163-N-137|163-N-140|163-N-142|163-N-150|163-N-158|163-N-256|163-N-254|162-H-197|162-M-325|163-E-5|163-E-8|163-E-12|163-J-130|77-E-2|77-E-5|77-E-7|77-E-10|77-E-13|77-E-16|77-E-31|77-E-34|77-E-37|77-J-251|77-J-252|77-J-254|77-J-256|77-J-258|77-J-259|77-J-260|77-J-261|77-J-262|77-J-263|77-J-265|77-J-266|77-J-268|77-J-268-1|77-J-270|77-J-274|77-J-280|77-J-281|77-J-286|77-E-53|77-E-40|77-E-42|77-E-44|77-E-52|77-E-57|77-E-58|77-J-118|77-J-148|77-J-150|77-J-152|77-J-154|77-J-156|77-J-160|77-J-162|77-J-164|77-J-166|77-J-168|77-J-170|77-J-176|77-J-182|77-J-219|77-J-221|77-J-224|77-J-226|77-J-230|77-J-233|115-C-281|116-N-58|116-N-60|116-N-62|116-N-67|116-N-69|116-N-71|116-N-73|116-N-75|116-N-77|116-N-79|116-N-81|116-N-82|116-N-84|116-N-87|116-N-89|77-A-64|77-A-65|77-A-67|77-A-69|77-A-71|77-A-73|77-A-78|77-A-83|77-A-86|77-A-88|77-A-89|77-A-94|77-A-96|77-A-114|77-A-116|77-A-118|77-B-65|77-B-66|77-B-68|77-F-16|77-F-19|77-F-2|77-F-6|77-F-10|77-F-13|115-H-217|115-H-219|115-H-220|115-H-221|115-H-223|115-M-82|115-M-86|115-M-88|115-M-94|115-M-97|115-M-101|115-M-105|115-M-108|115-M-112|115-M-116|115-M-120|115-S-50|116-J-37|116-J-40|116-J-44|116-J-141|116-J-143|116-J-145|116-J-147|116-J-148|116-J-153|116-J-228|116-J-229|116-J-230|116-J-231|116-J-232|116-J-233|116-J-234|116-J-235|116-J-236|116-J-237|116-J-238|116-J-239|116-J-240|116-J-242|116-J-244|116-J-246|116-J-248|116-J-250|162-L-2|162-L-4|162-L-6|162-M-52|162-M-54|162-M-55|162-M-58|162-M-60|162-M-62|162-M-64|162-M-66|162-M-68|162-R-19|162-R-21|162-R-22|162-R-24|162-R-25|162-R-26|162-R-28|116-P-107|116-P-109|116-P-114|116-P-163|116-P-165|116-P-168|116-P-170|116-P-175|116-P-177|116-P-179|116-P-181|116-P-185|116-P-188|116-P-190|77-B-138|77-B-139|77-B-129|77-B-131|77-B-133|77-B-135|77-B-137|77-B-141|77-B-143|77-B-145|77-B-147|77-B-148|77-B-158|77-B-160|77-B-164|77-B-166|77-F-110|77-F-112|77-F-114|77-F-116|77-F-118|77-F-121|77-F-123|77-F-125|77-F-127|77-F-129|77-F-131|77-F-133|77-F-135|77-F-137|77-F-139|77-F-141|77-F-143|77-F-148|77-F-151|77-F-154|77-F-157|77-F-160|77-F-164|77-F-168|77-F-68|77-F-253|77-F-254|77-K-24|77-F-217|77-F-218|77-F-219|77-F-221|77-F-222|77-F-223|77-F-224|77-F-225|77-F-226|77-F-227|77-F-229|77-F-230|77-F-270|77-F-272|77-F-276|77-F-278|77-F-284|115-H-233|116-J-47|116-J-49|115-B-46|115-B-50|115-B-52|115-B-63|115-B-66|115-B-68|115-B-70|115-C-2|115-C-4|162-R-127|162-R-129|162-R-136|162-R-187|162-R-188|162-R-189|162-R-190|162-R-193|162-R-199|162-R-200|162-R-201|115-B-57|115-C-34|115-C-37|115-C-6|115-C-9|115-C-11|115-C-87|115-C-91|115-C-93|115-C-94|115-C-96|115-B-77|115-C-134|115-B-131|115-B-132|115-B-133|115-B-134|115-C-63|115-C-64|115-C-65|115-C-66|115-C-68|115-C-70|115-C-72|115-C-74|115-C-76|115-C-78|115-C-80|115-C-82|115-C-84|115-C-144|115-C-146|115-C-147|115-C-148|115-C-149|115-C-150|115-C-151|115-C-152|115-G-10|115-G-13|115-G-15-A|115-G-17|162-R-170|162-R-171|162-R-172|162-R-175|162-R-179|162-R-181|162-R-182|162-R-183|162-R-208|115-C-25|115-C-138|115-C-139|115-C-140|115-C-141|115-C-142|115-G-3|115-G-6|115-G-7|115-G-8|115-G-15|162-K-354|162-K-355|162-K-42|162-K-45|162-K-49|162-K-51|162-K-54|162-K-55|162-K-57|162-K-61|162-K-64|162-K-68|162-K-70|162-K-72|162-K-75|162-K-77|162-K-202|162-K-204|162-K-208|162-K-210|162-K-211|162-K-212|162-K-242|162-K-244|162-K-246|162-K-250|162-K-252|162-K-254|162-K-346|162-K-348|162-K-350|162-K-352|162-K-356|162-K-360|162-K-364|162-K-366|162-K-368|162-L-36|162-L-39|162-L-41|162-L-43|162-R-35|162-R-36|162-R-37|162-R-38|162-R-39|162-R-40|162-R-41|162-R-42|162-R-43|162-R-44|162-R-45|162-R-46|162-R-54|162-R-55|162-R-57|162-R-58|162-R-60|162-R-61|162-R-62|162-R-63|162-R-64|162-R-65|162-R-149|162-R-152|162-R-154|162-R-156|162-R-159|162-R-162|162-R-166|162-K-200|162-K-205|162-K-262|115-H-7|116-F-45|116-A-269|116-A-289|116-J-157|163-P-7|116-J-51|116-K-342|116-J-114|115-H-18|116-F-84|116-E-209|163-N-40|116-E-219|77-K-1|77-E-105|115-H-41|115-G-43|115-G-45|115-G-48|116-E-318|116-J-33|163-N-206|115-H-234|115-H-296|116-J-285|116-J-286|116-J-289|116-J-290|116-J-294|116-J-295|116-J-297|116-J-299|116-J-301|116-J-303|116-J-326|116-J-327|116-J-329|116-J-330|116-J-331|116-J-332|116-J-333|116-J-336|116-J-376|116-K-247|116-K-247-A|116-K-248|116-K-249|116-K-251|116-K-253|116-K-255|116-K-256|116-K-257|116-K-258|116-K-258-A|116-K-258-B|162-R-214|116-J-377|116-J-380|116-J-382|116-P-160|77-B-324|115-B-1|115-B-6|115-B-27|115-B-32|115-B-35|115-B-151|115-B-156|115-B-157|115-B-159|162-P-105|162-P-145|116-K-320|116-K-322|116-K-344|163-N-52|163-N-60|162-P-149|162-P-150|162-P-152|162-P-153|115-B-3|115-B-4|115-B-5|115-B-24|162-P-84|162-P-85|162-P-86|162-P-87|162-P-89|162-R-90|162-P-97|162-P-98|162-P-99|162-P-100|162-P-103|162-P-104|162-P-106|162-P-107|116-K-95|162-K-39|162-K-40|162-K-41|162-P-2|162-P-3|162-P-4|162-R-52|162-R-53|76-L-26|115-B-71|115-B-118|115-B-128|115-B-130|115-B-136|115-B-137|115-B-138|115-B-146|115-C-97|115-C-103|162-K-14|162-K-16|162-K-19|162-K-20|162-K-21|162-P-37|162-P-40|162-P-43|162-P-49|162-P-51|162-P-52|162-P-54|162-P-57|162-P-58|162-P-60|162-P-61|162-P-62|162-P-65|162-P-69|162-P-70|162-P-155|162-P-175|162-P-177|162-P-178|162-P-179|162-P-181|162-P-182|162-P-183|162-P-184|162-P-232|162-P-233|162-P-234|162-R-81|162-R-84|162-R-85|162-R-87|115-C-99|115-C-101|115-B-9|115-B-11|115-B-12|115-B-13|115-B-16|115-B-18|115-B-19|115-B-20|162-P-73|162-P-74|162-P-75|162-P-77|115-D-315|115-D-316|115-D-317|115-D-318|115-D-319|115-H-269|115-G-40|115-G-41|162-R-118|162-R-119|162-R-121|162-R-139|162-R-141|162-R-142|162-R-143|162-R-144|162-R-145|162-R-148|115-H-131|115-H-135|115-B-120|115-B-121|115-B-122|115-B-123|115-B-125|115-B-37|115-B-38|115-B-39|115-B-48|115-B-54|115-B-65|77-K-30|77-K-32|77-K-33|77-K-34|77-K-35|77-K-85|77-K-97|116-K-3|116-K-5|116-K-7|116-K-11|116-P-206|116-P-209|116-P-211|116-P-219|116-P-221|116-P-230|77-B-204|77-B-197|77-B-199|77-B-253|77-B-255|77-B-263|77-F-176|77-F-179|116-K-32|116-K-71|116-K-38|116-K-39|116-K-41|116-P-242|116-P-247|77-B-174|77-B-176|77-B-178|77-B-182|116-P-246|77-B-170|77-B-172|77-B-351|77-B-352|77-B-353|77-F-353|77-F-203|77-F-206|116-E-323|116-F-112|116-J-91|116-J-93|116-J-95|116-J-99|116-J-103|116-J-104|116-J-105|116-J-106|116-K-323|116-K-329|116-J-175|116-J-177|116-J-178|116-J-180|116-J-188|116-K-264|116-K-293|116-K-310|116-A-30|116-A-32|116-A-34|116-A-36|116-A-42|116-A-44|116-A-46|116-A-52|116-B-2|116-A-41|116-B-15|116-B-16|116-B-17|116-B-19|116-B-22|116-B-24|116-B-25|116-B-29|116-B-32|116-F-2|116-F-8|116-F-9|163-N-241|163-N-252|163-N-217|163-N-235|115-B-217|115-B-220|115-B-221|115-B-224|115-B-227|115-B-222|115-B-229|115-B-230|115-B-232|115-B-234|115-B-236|115-B-238|115-B-240|115-B-241|115-B-242|115-B-245|115-B-249|115-B-252|162-P-269|162-P-270|162-S-205|116-P-193|116-P-195|116-P-201|116-P-204|116-P-223|116-P-224|116-P-224-A|116-P-225|116-P-225-A|116-P-226|116-P-228|77-B-205|77-B-169|77-B-187|77-B-189|77-B-190|77-B-191|77-B-192|77-B-193|77-B-193-A|77-B-193-B|77-B-194|77-B-195|77-B-206|77-B-209|77-B-210|77-B-212|77-B-213|77-B-214|77-B-214-A|77-B-217|77-B-218|77-F-187|77-F-189|77-F-190|77-F-191|77-F-192|77-F-193|77-F-194|77-F-196|77-F-198|77-F-200|77-F-207|77-F-211|77-F-213|77-F-244|77-F-246|77-F-248|77-F-249|77-F-250|77-F-251|77-F-252|77-F-256|77-F-261|77-F-264|77-K-43|77-K-45|77-K-53|77-K-42|77-K-69|77-K-76|77-K-78|77-K-80|77-K-81|77-K-82|77-K-84|162-M-290|162-M-294|115-B-177|162-K-370|116-J-306|116-J-307|116-J-308|116-J-309|116-J-310|116-J-311|116-J-313|116-J-315|116-J-318|116-J-319|116-J-320|116-J-321|116-J-323|116-J-324|116-K-25|116-K-27|116-K-29|116-K-30|116-K-31|116-K-259|116-J-268|116-J-271|116-J-272|116-J-273|116-J-274|116-J-275|116-J-276|116-J-277|116-J-279|116-J-281|116-J-283|116-J-284|116-E-224|116-J-384|116-J-386|116-J-391|116-J-392|116-K-1|115-H-43|115-H-45|116-E-160|116-E-164|116-E-169|116-E-174|116-E-176|116-E-178|116-E-180|116-E-182|116-E-184|116-E-186|116-E-188|116-E-190|116-E-191|116-E-192|116-E-194|116-E-196|116-E-198|116-E-206|116-E-189|116-E-222|116-E-223|116-E-225|116-E-226|116-E-240|116-E-242|116-E-244|116-E-246|116-E-250|116-E-253|116-E-255|116-E-258|116-E-261|116-E-262|116-E-265|116-E-266|116-E-268|116-E-278|116-E-295|116-E-297|116-E-299|116-E-309|116-E-319|116-E-321|116-J-108|116-J-109|116-J-111|116-J-113|116-A-1|116-B-44|116-B-48|116-B-54|163-P-1|116-A-152|163-N-215|163-P-24|115-H-310|115-H-311|115-H-235|115-H-239|115-H-298|115-H-303|115-H-305|115-H-309|115-H-312|115-H-314|115-H-319|115-H-320|115-H-321|115-H-323|115-H-326|115-H-328|115-C-192|115-C-194|115-C-196|115-C-198|115-C-200|115-C-202|115-C-205|115-C-207|115-C-209|115-C-210|115-C-211|115-C-212|115-C-214|115-C-215|115-C-216|115-C-217|115-C-218|115-C-219|115-C-221|115-C-222|115-C-224|115-C-226|115-C-228|115-H-36|115-H-17|162-R-219", "legistar_api_url": "https://webapi.legistar.com/v1/pittsburgh/matters/11431", "legistar_web_url": "https://pittsburgh.legistar.com/gateway.aspx?M=F&ID=312B3421-7637-41C2-B1B3-FA9158EB6462", "geocode_method": "allegheny_parcel_centroid_mean", "geocode_detail": "25 of 25 parcel ids matched MAPBLOCKLOT (only first 25 queried)", "parcels_matched": "162-S-84|163-J-219|162-S-79|162-S-86|163-J-300|163-N-137|162-M-278|163-J-140|162-S-81|163-N-158|162-S-92|163-N-142|162-S-90|162-S-88|163-N-140|162-M-325|163-N-254|163-N-256|163-N-150|162-S-94|163-N-94|162-M-244|162-H-197|163-N-15|162-S-75", "as_of": "2026-09-26"}}, {"type": "Feature", "geometry": {"type": "Point", "coordinates": [-80.008205, 40.427795]}, "properties": {"matter_id": 11689, "file_number": "2009-1322", "matter_type": "Ordinance", "action_category": "map_amendment", "action_subtype": "area_wide_remap", "residential_relevance": "area_wide_remap_mixed", "title": "Ordinance amending the Pittsburgh Zoning Code, Title Nine, Article One, Chapter 902 Section 902.03, Zoning District Map [No. 29] by changing various zoning district classifications in the MOUNT WASHINGTON ((MT. WASHINGTON) neighborhood in accord with Map Pittsburgh: Zoning for your Neighborhood, the city's zoning re-mapping project relative to the city's new Urban Zoning Code.", "intro_date": "2009-04-21", "status_legistar": "Passed Finally", "status": "adopted", "final_action": "Passed Finally", "final_action_date": "2009-06-23", "passed_date": "2009-06-23", "mayor_signed_date": "2009-06-26", "days_intro_to_final": 63, "passed_pursuant_to_case_law": false, "public_hearing_held_date": "2009-06-10", "referred_to_planning_commission_in_history": false, "vote_action": "Passed Finally", "vote_date": "2009-06-23", "votes_aye": 9, "votes_nay": 0, "votes_abstain": 0, "votes_absent_or_other": 0, "votes_other_detail": "", "vote_source": "eventitems/135365/votes", "from_districts": "RM-M|R2-L|LNC|P|R1D-L|UI|NDI|RP", "to_districts": "R1D-H|R1D-M|RM-M|P|UI|LNC|R2-H", "from_to_pairs": "", "multi_unit_code_change_today": "", "byright_ceiling_effect_today": "", "cu_district_zoned": "", "housing_typology": "", "units_stated": "", "beds_or_residents_stated": "", "addresses": "", "parcels": "1-N-52|6-M-109|6-M-152|6-M-175|5-H-78|4-R-7|4-R-9|4-R-11|4-R-12|4-L-74|4-L-79|4-L-80|4-L-81|4-L-82|4-L-85|4-L-86|4-L-87|4-L-88|4-L-93|4-L-94|4-L-121|4-L-268|4-M-146|4-M-148|4-M-149|4-M-150|4-M-152|4-M-154|4-M-156|4-M-164|4-M-218|4-M-222|4-M-223|3-J-108|3-J-110|15-C-202|15-C-23|15-C-21|15-C-17|15-C-26|15-C-25|15-C-87|15-C-89|15-C-85|15-C-84|15-F-111|15-F-107|15-F-104|15-F-103|15-J-133|15-J-136|15-J-142|15-J-150|15-J-152|15-A-50|4-N-198|4-N-200|4-N-202|4-N-240|4-N-190|4-N-169|4-N-170|4-N-171|4-N-173-1|4-N-174|4-N-172|4-N-176|4-N-175|4-P-98|4-P-101|15-J-11|15-E-3|15-E-5|15-E-6|15-E-8|15-E-9|15-E-15|15-E-20|15-E-29|15-E-27|15-E-26|15-E-33|15-E-37|4-M-196|4-M-197|4-M-198|4-M-199|4-M-200|4-M-201|4-M-202|4-M-203|4-M-204|4-M-205|4-M-206|4-M-207|4-M-208|14-A-100|14-A-101|14-A-168|14-A-169|14-A-170|14-A-171|14-A-174|14-A-173|14-A-172|15-J-128|15-N-75|15-J-130|5-S-130|5-S-125|5-S-100|5-M-60|5-M-65|15-P-147|15-P-145|15-P-140|15-P-119|15-J-300|4-A-5|4-A-3|4-A-7|4-A-9|4-N-57|15-P-146|15-F-176|15-F-175|4-L-228|4-L-230|4-L-231-A|4-L-231-B|4-L-231-C|4-L-224|4-L-220|4-L-218|4-L-216|4-L-214|4-L-132|4-G-136|4-G-152|4-G-500|4-G-160|4-G-141|4-L-150|4-L-159|4-L-160|4-C-84|4-G-254|4-G-256|4-G-258|4-G-259|4-H-120|4-P-108|4-P-109|4-P-111|4-P-112|4-P-133|4-P-180|4-G-9|4-G-137|4-G-135|4-G-134|4-L-164|4-L-163|4-L-157|4-L-156|4-L-148|4-L-146|4-L-144|4-L-143|4-L-67|4-L-166|4-L-141|4-L-46-1|4-L-46|4-L-36|4-L-34|4-L-32|4-L-30|4-L-28|4-L-14|4-L-12|4-L-11|4-G-93|4-G-107|4-G-108|4-G-111|4-G-119|4-G-120|4-G-127|4-C-41|4-C-40|4-G-135-1|4-G-228|4-G-230|4-G-223|4-G-222|4-G-221|4-G-220|4-G-219|4-G-218|4-G-217|4-G-170|4-G-167|4-G-162|4-G-216|4-G-215|4-G-213|4-G-212|4-G-210|4-G-209|4-G-207|4-G-206|4-G-203|4-G-200|4-G-197|4-F-239|4-G-87|4-B-137|4-B-143|4-B-144|4-B-147|4-B-145|4-F-306|4-F-303|4-F-350|4-F-282|4-B-209|4-F-312|4-C-26-1|4-B-256-2|4-B-246|4-B-204|4-B-191-1|4-B-194|4-B-193|4-B-192|4-B-191|4-B-190|4-B-188|4-B-186|4-B-123|4-B-124|4-B-105|4-B-98|1-P-25|1-P-6|4-A-239|4-A-231-1|4-A-230|4-P-164|15-B-29|15-B-102|4-K-336|4-K-293|4-L-68|4-L-70|4-K-344|4-K-343|4-K-347|4-K-348|4-K-353|4-K-354|4-K-356|4-K-358|4-K-362|4-K-366|4-K-368|4-L-7|4-K-249|4-K-248|4-F-242|4-F-243|4-F-244|4-F-245|4-F-246|4-F-247|4-F-248|4-F-255|4-F-257|4-F-196|4-F-221|4-K-94|4-K-93|4-K-92|4-K-91|4-K-90|4-K-89|4-K-88|4-K-87|4-K-86|4-K-82|4-K-81|4-P-134|4-P-182|4-P-50|4-P-49|4-P-47|4-P-46|4-P-45|4-P-44|4-P-43|4-P-42|4-P-38|4-P-37|4-P-36|4-P-34|4-N-124|4-N-126|4-N-128|4-N-129|4-N-130|4-P-93|4-P-92|4-P-90|4-P-89|4-P-87|4-P-86|4-K-68|4-K-85|4-K-66|4-K-100|4-K-101|4-K-99|4-K-98|4-K-97|4-K-96|4-F-79|4-F-86|4-F-220|4-F-194|4-F-140|4-F-145|4-F-147|4-F-146|4-F-156|4-F-116|4-F-101|4-F-78|4-F-85|4-K-166|4-P-25|4-P-23|4-P-20|4-P-19|4-P-18|4-P-17|4-N-121|4-N-120|4-N-119|4-N-118|4-N-117|4-N-116|4-N-140|4-N-141|4-N-142|4-N-143-A|4-N-144|4-N-145|4-N-146|4-N-113|4-N-112|4-N-111|4-J-88|4-E-90|4-E-88|4-F-127|4-F-129|4-F-131|4-F-132|4-F-133|4-F-134|4-F-136|4-F-137|4-F-138|4-E-48|4-E-47|4-E-45|4-E-38|4-E-36|4-E-35|4-E-34|4-E-33|4-E-30|4-A-305|4-A-294|4-A-293|4-A-291|4-A-289|4-A-286|4-A-4|1-N-121|1-N-194|1-N-222|1-N-268|1-N-299|4-M-174|3-J-90|3-J-98|3-J-100|3-J-101|3-J-104|3-J-106|14-A-165|14-A-164|14-A-102|15-D-10|15-D-9|15-D-8|15-D-6|15-D-5|15-D-4|15-D-3|15-D-2|15-D-1|15-C-216|15-C-192|15-C-173|15-C-325|15-C-16|15-C-29|15-C-51|15-C-57|15-C-90|15-B-147|15-B-145|15-B-143|15-F-68|15-F-69|15-F-71|15-F-74|15-F-76|15-F-81|15-F-86|15-F-88|15-F-318|15-F-96|15-F-97|15-F-98|15-F-99|15-F-100|15-F-101|15-F-102|15-J-125|15-J-18|15-J-20|15-E-36|15-A-66|15-A-63|15-A-61|15-A-59|15-A-57|15-A-55|15-A-54|15-A-53|15-A-52|15-A-51|4-P-104|15-B-28|15-B-100|15-B-114|4-R-14|4-L-103|4-L-113|4-L-119|4-L-272|4-L-274|4-L-255", "legistar_api_url": "https://webapi.legistar.com/v1/pittsburgh/matters/11689", "legistar_web_url": "https://pittsburgh.legistar.com/gateway.aspx?M=F&ID=303164F7-191E-4498-9E21-B98857E75C76", "geocode_method": "allegheny_parcel_centroid_mean", "geocode_detail": "24 of 25 parcel ids matched MAPBLOCKLOT (only first 25 queried)", "parcels_matched": "4-L-74|4-L-94|4-L-81|4-L-87|4-M-148|4-M-149|4-L-80|4-R-9|4-L-121|4-R-7|4-L-82|1-N-52|4-L-268|4-L-88|4-R-11|4-L-93|6-M-152|6-M-175|4-M-146|4-L-79|4-L-85|5-H-78|4-L-86|4-R-12", "as_of": "2026-09-26"}}, {"type": "Feature", "geometry": {"type": "Point", "coordinates": [-80.0241, 40.428032]}, "properties": {"matter_id": 11690, "file_number": "2009-1323", "matter_type": "Ordinance", "action_category": "map_amendment", "action_subtype": "area_wide_remap", "residential_relevance": "area_wide_remap_mixed", "title": "Ordinance amending the Pittsburgh Zoning Code, Title Nine, Article One, Chapter 902 Section 902.03, Zoning District Map No. 29 by changing various zoning district classifications in the DUQUESNE HEIGHTS neighborhood in accord with Map Pittsburgh: Zoning for your Neighborhood, the city's zoning re-mapping project relative to the city's new Urban Zoning Code.", "intro_date": "2009-04-21", "status_legistar": "Passed Finally", "status": "adopted", "final_action": "Passed Finally", "final_action_date": "2009-06-23", "passed_date": "2009-06-23", "mayor_signed_date": "2009-06-26", "days_intro_to_final": 63, "passed_pursuant_to_case_law": false, "public_hearing_held_date": "2009-06-10", "referred_to_planning_commission_in_history": false, "vote_action": "Passed Finally", "vote_date": "2009-06-23", "votes_aye": 9, "votes_nay": 0, "votes_abstain": 0, "votes_absent_or_other": 0, "votes_other_detail": "", "vote_source": "eventitems/135366/votes", "from_districts": "NDI|R2-L|UI|P|RM-M", "to_districts": "UI|P|GPR-C|LNC|R1D-M|R1A-H|RM-M", "from_to_pairs": "", "multi_unit_code_change_today": "", "byright_ceiling_effect_today": "", "cu_district_zoned": "", "housing_typology": "", "units_stated": "", "beds_or_residents_stated": "", "addresses": "", "parcels": "5-L-110|5-F-44|5-F-43|5-F-42|5-F-39|5-F-34|5-F-30|5-K-3|5-K-7|5-K-9|5-K-12|5-K-14|5-K-16|5-K-18|5-K-20|5-K-21|5-K-23|5-L-159|5-L-206|5-L-191|5-L-186|5-G-299|5-G-297|5-G-296|5-G-292|5-G-290|5-G-287|5-G-289|5-H-5|5-H-4|5-G-25|5-G-26|5-G-27|5-G-32|5-L-37|5-L-35|5-L-33|5-L-28|5-G-34|5-G-43|5-G-49|5-G-51|5-G-129|5-G-56|5-G-107|6-R-169|6-R-164|6-R-162|6-R-149|6-R-160|6-R-159|6-R-158|6-R-157|6-R-145|6-P-128|6-P-126|5-B-35|5-B-34|5-B-32|5-B-30|5-B-29|5-B-28|5-B-25|6-P-116|6-P-124|6-K-108|6-P-225|6-K-22|6-K-24|6-J-299|6-J-300|6-J-50|6-F-30|6-E-260|6-E-256|6-J-6|6-E-250|6-E-178|6-E-175|6-A-255|6-H-31|6-H-33|6-F-180|6-F-186|6-K-216|6-K-220|6-K-180|6-K-182|6-K-184|6-K-185|6-K-186|6-K-176|6-K-190|6-K-116|6-K-101|6-K-23|6-K-25|6-F-47|6-F-45|6-F-42|6-F-89|6-F-91|6-F-176|6-F-214|6-F-188|6-F-134|6-F-112|6-F-60|6-F-49|6-F-28|6-E-274|6-E-272|6-E-270|6-E-266|6-E-264|6-E-262|6-E-246|6-E-245|6-E-244|6-E-243|6-E-242|6-E-241|6-E-240|6-E-238|6-E-237|6-E-236|6-E-234|6-E-233|6-E-229|6-E-227|6-E-226|6-E-225|6-E-224|6-E-221|6-E-280|6-E-150|6-F-7|6-F-9|6-B-52|6-B-121|6-B-124|6-B-136|6-B-140|6-B-142|6-B-150|6-B-153|6-F-167|6-F-243|6-G-7|6-G-8|6-G-9|6-G-14|6-G-24|6-F-284|6-P-11|6-K-292|6-P-22|6-P-24|6-P-26|6-P-185|6-P-180|6-R-32|6-R-90|6-R-74|6-R-30|6-P-108|6-P-115|6-P-57|6-P-20|6-G-94|6-G-69|6-G-65|6-G-66|6-G-63|6-G-62|6-G-53|6-G-197|6-G-218|6-G-219|5-H-78|6-R-222|5-C-181|5-C-3|5-C-4|5-C-5|6-R-243|6-R-246|6-R-247|5-G-126|6-R-355|6-R-358|6-R-362|6-R-363|6-R-364|6-L-353|6-L-352|6-L-351|6-L-350|6-L-349|6-L-348|6-L-347|6-L-346|6-M-281|6-M-282|6-M-283|6-M-284|6-M-285|6-M-287|6-M-290|6-M-296|6-M-300|6-M-304|6-M-236|6-M-198|5-H-44|5-H-14|5-G-61|5-C-144|5-C-138|6-R-248-1|6-R-173|6-R-181|6-R-183|6-R-184|6-R-185|6-L-240|6-L-274|6-L-334|6-L-333|6-L-332|6-L-331|6-L-329|6-L-342|6-L-344|6-L-345|6-L-322|6-L-321|6-L-320|6-L-319|6-L-318|6-L-316|6-L-315|6-L-314|6-L-312|6-L-309|6-L-307|6-R-278|6-R-280|6-R-282|6-R-284|6-S-21|6-S-49|6-S-72|6-S-114", "legistar_api_url": "https://webapi.legistar.com/v1/pittsburgh/matters/11690", "legistar_web_url": "https://pittsburgh.legistar.com/gateway.aspx?M=F&ID=14553A4F-FF59-4CBC-8F6A-3958518FE8B1", "geocode_method": "allegheny_parcel_centroid_mean", "geocode_detail": "21 of 25 parcel ids matched MAPBLOCKLOT (only first 25 queried)", "parcels_matched": "5-G-299|5-L-206|5-K-7|5-K-18|5-K-3|5-K-9|5-G-296|5-G-297|5-K-21|5-L-186|5-K-20|5-L-159|5-K-23|5-K-16|5-K-12|5-F-44|5-K-14|5-F-30|5-L-110|5-L-191|5-G-292", "as_of": "2026-09-26"}}, {"type": "Feature", "geometry": {"type": "Point", "coordinates": [-80.035231, 40.426359]}, "properties": {"matter_id": 11643, "file_number": "2009-05-12", "matter_type": "Post Agenda", "action_category": "map_amendment", "action_subtype": "site_rezoning", "residential_relevance": "unclear_special_district", "title": "Discussion regarding Bill No. 2008-0899; Ordinance amending the Pittsburgh Code, Title Nine, Zoning, Article I, Section 902.03 Zoning Map, by changing from R1D-L, Residential Single - Unit Detached, Low Density District and P, Parks District to RP, Residential Planned Unit Development District, all that certain property identified as Block Number 18 - M, Lot Number 35 in the Allegheny County Block and Lot System, 20th Ward. (City Vista Project)", "intro_date": "2009-05-12", "status_legistar": "Meeting Held", "status": "filed_not_action", "final_action": "", "final_action_date": "", "passed_date": "2009-05-12", "mayor_signed_date": "", "days_intro_to_final": "", "passed_pursuant_to_case_law": false, "public_hearing_held_date": "", "referred_to_planning_commission_in_history": false, "vote_action": "", "vote_date": "", "votes_aye": "", "votes_nay": "", "votes_abstain": "", "votes_absent_or_other": "", "votes_other_detail": "", "vote_source": "", "from_districts": "R1D-L|P", "to_districts": "RP", "from_to_pairs": "R1D-L>RP|P>RP", "multi_unit_code_change_today": "->?|->?", "byright_ceiling_effect_today": "involves_district_not_in_911_02", "cu_district_zoned": "", "housing_typology": "", "units_stated": "", "beds_or_residents_stated": "", "addresses": "", "parcels": "18-M-35", "legistar_api_url": "https://webapi.legistar.com/v1/pittsburgh/matters/11643", "legistar_web_url": "https://pittsburgh.legistar.com/gateway.aspx?M=F&ID=F3D57E44-9C40-4410-BD4F-00301BA75FFF", "geocode_method": "allegheny_parcel_centroid", "geocode_detail": "1 of 1 parcel ids matched MAPBLOCKLOT", "parcels_matched": "18-M-35", "as_of": "2026-09-26"}}, {"type": "Feature", "geometry": {"type": "Point", "coordinates": [-80.023333, 40.442242]}, "properties": {"matter_id": 12072, "file_number": "2009-1693", "matter_type": "Resolution", "action_category": "conditional_use", "action_subtype": "cu_use_approval", "residential_relevance": "non_residential", "title": "Resolution To consider a Conditional Use exception under the Pittsburgh Code, Title Nine, Zoning, Article V, Chapter 911, Section 911.04.A.1 to Sonnynick, Inc., property owner, for authorization to occupy an existing structure located at 1635 West Carson Street for Adult Entertainment, on property zoned \"UI\", Urban Industrial District, 19th Ward.", "intro_date": "2009-08-03", "status_legistar": "Died due to expiration of legislative council session", "status": "expired_end_of_session", "final_action": "Died due to expiration of legislative term", "final_action_date": "2010-01-01", "passed_date": "2009-12-31", "mayor_signed_date": "", "days_intro_to_final": 151, "passed_pursuant_to_case_law": false, "public_hearing_held_date": "", "referred_to_planning_commission_in_history": false, "vote_action": "", "vote_date": "", "votes_aye": "", "votes_nay": "", "votes_abstain": "", "votes_absent_or_other": "", "votes_other_detail": "", "vote_source": "", "from_districts": "", "to_districts": "", "from_to_pairs": "", "multi_unit_code_change_today": "", "byright_ceiling_effect_today": "", "cu_district_zoned": "UI", "housing_typology": "", "units_stated": "", "beds_or_residents_stated": "", "addresses": "1635 West Carson Street", "parcels": "", "legistar_api_url": "https://webapi.legistar.com/v1/pittsburgh/matters/12072", "legistar_web_url": "https://pittsburgh.legistar.com/gateway.aspx?M=F&ID=A3391CD3-5E2B-4E89-AFAD-278A94E7B531", "geocode_method": "census_geocoder_onelineaddress", "geocode_detail": "input '1635 West Carson Street, Pittsburgh, PA' -> '1635 W CARSON ST, PITTSBURGH, PA, 15219'", "parcels_matched": "", "as_of": "2026-09-26"}}, {"type": "Feature", "geometry": {"type": "Point", "coordinates": [-80.007756, 40.48731]}, "properties": {"matter_id": 12348, "file_number": "2009-1954", "matter_type": "Ordinance", "action_category": "map_amendment", "action_subtype": "area_wide_remap", "residential_relevance": "area_wide_remap_mixed", "title": "Ordinance amending the Pittsburgh Zoning Code, Title Nine, Article One, Chapter 902 Section 902.03, Zoning District Map No. 5 by changing various zoning district classifications in the Summer Hill neighborhood in accord with Map Pittsburgh: Zoning for your Neighborhood, the city's zoning re-mapping project relative to the city's new Urban Zoning Code.", "intro_date": "2009-11-17", "status_legistar": "Passed Finally", "status": "adopted", "final_action": "Passed Finally", "final_action_date": "2010-02-02", "passed_date": "2010-02-02", "mayor_signed_date": "2010-02-15", "days_intro_to_final": 77, "passed_pursuant_to_case_law": false, "public_hearing_held_date": "", "referred_to_planning_commission_in_history": false, "vote_action": "Passed Finally", "vote_date": "2010-02-02", "votes_aye": 9, "votes_nay": 0, "votes_abstain": 0, "votes_absent_or_other": 0, "votes_other_detail": "", "vote_source": "eventitems/143968/votes", "from_districts": "P|R1D-L|R2-L|RM-M|LNC|UI", "to_districts": "H|R1D-VL|R1D-M|LNC|R2-M|R1D-L|NDO", "from_to_pairs": "", "multi_unit_code_change_today": "", "byright_ceiling_effect_today": "", "cu_district_zoned": "", "housing_typology": "", "units_stated": "", "beds_or_residents_stated": "", "addresses": "", "parcels": "116-F-224|116-F-227|116-F-232|116-G-153|116-G-155|116-F-316|116-F-317|116-G-1|116-B-200|163-P-180|116-L-62|116-L-65|116-G-172|116-L-3|116-R-285|116-R-298|116-R-300|116-R-316|116-R-324|116-F-259|116-F-262|116-F-264|116-F-267|116-F-276|116-C-152|163-P-100|163-R-20|163-R-1|163-P-302|163-P-299|163-P-298|163-R-32|163-P-296|163-L-27|163-L-31|163-L-23|163-L-24|163-K-64|163-L-92|163-L-35|163-L-37|163-L-38|163-L-40|163-L-61|116-C-200|116-C-153|163-L-154|163-L-70|163-L-64|163-L-73|163-L-68|163-L-66|163-L-63|162-D-29|163-E-200|163-E-186|163-E-188|163-E-190|163-E-194|163-E-196|116-L-219|116-L-247|116-R-212|116-G-284|116-G-288|116-G-290|116-G-44|116-G-56|116-C-23|116-C-27|116-G-4|116-C-113|116-L-130|116-L-140|116-L-149|116-L-151|116-L-90|116-G-201|116-G-210|116-G-250|116-B-350|116-L-270|116-L-271|116-L-272|116-L-273|116-L-275|116-C-5|116-C-17|116-G-33|116-G-34|116-G-35|116-G-42|116-G-58|116-G-78|116-L-92|116-L-107|116-G-121|116-G-123|163-G-56|163-B-1|163-B-8|163-B-80|163-E-201|163-E-293|116-L-109|163-G-48|163-G-50|163-K-59|163-L-60|116-G-149|116-P-362|116-P-155|163-P-93|116-F-244|163-K-240|163-K-247|163-K-250|116-K-147|116-K-223|116-K-203|116-K-205|116-K-213|163-L-158", "legistar_api_url": "https://webapi.legistar.com/v1/pittsburgh/matters/12348", "legistar_web_url": "https://pittsburgh.legistar.com/gateway.aspx?M=F&ID=9EA4FD5E-AAB9-47FE-936E-7B50532B8F65", "geocode_method": "allegheny_parcel_centroid_mean", "geocode_detail": "25 of 25 parcel ids matched MAPBLOCKLOT (only first 25 queried)", "parcels_matched": "116-F-259|116-R-316|116-F-267|116-G-153|116-R-300|116-F-227|116-L-3|116-L-65|116-F-264|116-F-316|116-F-317|163-P-180|116-G-172|116-G-155|116-F-276|116-R-324|116-B-200|116-F-224|116-G-1|116-L-62|116-F-232|116-F-262|116-R-298|116-C-152|116-R-285", "as_of": "2026-09-26"}}, {"type": "Feature", "geometry": {"type": "Point", "coordinates": [-80.005526, 40.431074]}, "properties": {"matter_id": 12434, "file_number": "2009-2039", "matter_type": "Ordinance", "action_category": "map_amendment", "action_subtype": "site_rezoning", "residential_relevance": "unclear_special_district", "title": "Ordinance amending the Pittsburgh Code, Title Nine, Zoning, Article I, Section 902.03 Zoning Map, by changing from GPR-C, Grandview Public Realm Subdistrict C; LNC, Local Neighborhood Commercial District; and R2-H, Residential Two-Unit High Density District to AP, Residential/Commercial Planned Unit Development District, certain property roughly bounded by Grandview Avenue, Wyoming Street, East Sycamore Street, and consisting of 25 contiguous lots in the Allegheny County Block and Lot System and totaling 3.94 acres ; 18th and 19th Wards.", "intro_date": "2009-12-08", "status_legistar": "Passed Finally", "status": "adopted", "final_action": "Passed Finally", "final_action_date": "2010-02-02", "passed_date": "2010-02-02", "mayor_signed_date": "2010-02-15", "days_intro_to_final": 56, "passed_pursuant_to_case_law": false, "public_hearing_held_date": "", "referred_to_planning_commission_in_history": false, "vote_action": "Passed Finally", "vote_date": "2010-02-02", "votes_aye": 9, "votes_nay": 0, "votes_abstain": 0, "votes_absent_or_other": 0, "votes_other_detail": "", "vote_source": "eventitems/143969/votes", "from_districts": "GPR-C|LNC|R2-H", "to_districts": "AP|CP", "from_to_pairs": "GPR-C>AP|GPR-C>CP|LNC>AP|LNC>CP|R2-H>AP|R2-H>CP", "multi_unit_code_change_today": "?>?|?>?|P>?|P>?|->?|->?", "byright_ceiling_effect_today": "involves_district_not_in_911_02", "cu_district_zoned": "", "housing_typology": "", "units_stated": "", "beds_or_residents_stated": "", "addresses": "", "parcels": "4-C-70", "legistar_api_url": "https://webapi.legistar.com/v1/pittsburgh/matters/12434", "legistar_web_url": "https://pittsburgh.legistar.com/gateway.aspx?M=F&ID=07DDA966-AE95-4C9C-8033-45A222310D93", "geocode_method": "allegheny_parcel_centroid", "geocode_detail": "1 of 1 parcel ids matched MAPBLOCKLOT", "parcels_matched": "4-C-70", "as_of": "2026-09-26"}}, {"type": "Feature", "geometry": {"type": "Point", "coordinates": [-79.954114, 40.43992]}, "properties": {"matter_id": 12730, "file_number": "2010-0210", "matter_type": "Ordinance", "action_category": "map_amendment", "action_subtype": "site_rezoning", "residential_relevance": "reduces_housing_byright", "title": "Ordinance amending the Pittsburgh Code, Title Nine, Zoning, Article I, Section 902.03 Zoning Map, by changing from RM-H, Residential Multi-Unit High Density District to EMI, Educational/Medical Institution District, all that certain property identified as Block Number 28 - G, Lot Number 320 in the Allegheny County Block and Lot System, 4th Ward.", "intro_date": "2010-03-09", "status_legistar": "Passed Finally", "status": "adopted", "final_action": "Passed Finally", "final_action_date": "2010-05-20", "passed_date": "2010-05-20", "mayor_signed_date": "2010-06-01", "days_intro_to_final": 72, "passed_pursuant_to_case_law": false, "public_hearing_held_date": "2010-05-06", "referred_to_planning_commission_in_history": false, "vote_action": "Passed Finally", "vote_date": "2010-05-20", "votes_aye": 9, "votes_nay": 0, "votes_abstain": 0, "votes_absent_or_other": 0, "votes_other_detail": "", "vote_source": "eventitems/151821/votes", "from_districts": "RM-H", "to_districts": "EMI", "from_to_pairs": "RM-H>EMI", "multi_unit_code_change_today": "P>A", "byright_ceiling_effect_today": "decreases_byright_residential_ceiling", "cu_district_zoned": "", "housing_typology": "", "units_stated": "", "beds_or_residents_stated": "", "addresses": "", "parcels": "28-G-320", "legistar_api_url": "https://webapi.legistar.com/v1/pittsburgh/matters/12730", "legistar_web_url": "https://pittsburgh.legistar.com/gateway.aspx?M=F&ID=D430800C-0C29-42F9-AE98-712255F2741A", "geocode_method": "allegheny_parcel_centroid", "geocode_detail": "1 of 1 parcel ids matched MAPBLOCKLOT", "parcels_matched": "28-G-320", "as_of": "2026-09-26"}}, {"type": "Feature", "geometry": {"type": "Point", "coordinates": [-79.946661, 40.478752]}, "properties": {"matter_id": 12791, "file_number": "2010-0262", "matter_type": "Ordinance", "action_category": "map_amendment", "action_subtype": "area_wide_remap", "residential_relevance": "area_wide_remap_mixed", "title": "Ordinance amending the Pittsburgh Zoning Code, Title Nine, Article One, Chapter 902 Section 902.03, Zoning District Maps Nos. 10, 11, and 15 by changing various zoning district classifications in the Stanton Heights neighborhood in accord with Map Pittsburgh: Zoning for your Neighborhood, the city's zoning re-mapping project relative to the city's new Urban Zoning Code.", "intro_date": "2010-03-29", "status_legistar": "Passed Finally", "status": "adopted", "final_action": "Passed Finally", "final_action_date": "2010-06-15", "passed_date": "2010-06-15", "mayor_signed_date": "2010-06-21", "days_intro_to_final": 78, "passed_pursuant_to_case_law": false, "public_hearing_held_date": "2010-06-01", "referred_to_planning_commission_in_history": false, "vote_action": "Passed Finally", "vote_date": "2010-06-15", "votes_aye": 9, "votes_nay": 0, "votes_abstain": 0, "votes_absent_or_other": 0, "votes_other_detail": "", "vote_source": "eventitems/153997/votes", "from_districts": "R2-L|LNC|UI|P", "to_districts": "R1D-L|RM-L|H", "from_to_pairs": "", "multi_unit_code_change_today": "", "byright_ceiling_effect_today": "", "cu_district_zoned": "", "housing_typology": "", "units_stated": "", "beds_or_residents_stated": "", "addresses": "", "parcels": "81-E-141|81-E-143|81-E-145|81-E-146|81-E-148|81-E-149|81-E-150|81-E-151|81-E-152|81-E-153|81-E-153-A|81-E-154|81-E-155|81-E-157|81-E-160|81-E-162|81-E-165|81-E-167|81-E-140|81-E-138|81-E-137|81-E-136|81-E-135|81-E-133|81-E-132|81-E-130|81-E-127|81-E-125|81-E-123|81-E-120|81-E-119|81-A-283|81-A-285|81-A-287|81-A-289|81-A-292|81-A-294|81-A-297|81-A-299|81-A-300|81-A-301|81-A-263|81-A-261|81-A-258|81-A-255|81-A-253|81-A-252|81-A-250|81-A-248|81-A-246|81-A-1|81-A-47|81-A-49|81-A-309|81-A-307|81-A-305|81-A-304|81-A-52|81-A-51|81-A-312|81-A-314|81-A-315|81-A-316|81-A-318|81-A-319|81-A-321|81-A-322|81-A-323|81-A-324|81-A-325|81-B-110|81-B-108|81-B-107|81-B-106|81-B-105|81-B-104|81-B-101|81-B-100|81-B-95|81-B-94|81-B-93|81-B-92|81-B-85|81-B-86|81-B-87|81-B-88|81-B-90|81-B-83|81-B-81|81-B-79|81-B-78|81-B-76|81-B-75|81-B-74|81-B-72|81-B-70|81-B-69|81-B-68|81-B-66|81-B-64|81-B-63|81-B-62|81-B-60|81-B-57|81-B-54|81-B-53|81-B-45|81-B-44|81-B-42|81-B-41|81-B-40|81-B-37|81-B-36|81-B-33|81-B-32|81-B-31|81-B-30|81-B-28|81-B-27|81-B-25|81-B-24|81-B-23|81-B-21|81-B-20|81-B-17|81-B-14|81-B-13|81-B-11|81-B-6|81-B-4|81-R-307|81-R-308|81-R-309|81-R-310|81-R-311|81-R-312|81-R-313|81-R-306|81-R-305|81-R-304|81-R-303|81-R-302|81-S-150|81-M-329|81-M-327|81-M-326|81-M-325|81-M-324|81-M-323|81-M-322|81-M-318|81-M-317|81-M-316|81-M-315|81-M-314|81-M-313|81-M-312|81-M-311|81-M-310|81-M-309|81-M-308|81-M-307|81-M-306|81-M-305|81-M-304|81-M-303|81-M-302|81-M-301|81-M-300|81-M-299|81-L-148|81-L-147|81-L-146|81-L-145|81-L-144|81-L-143|81-L-142|81-L-141|81-L-140|81-L-139|81-L-138|81-L-137|81-L-136|81-L-135|81-L-183|81-L-182|81-L-180|81-L-179|81-L-178|81-L-177|81-S-188|83-A-6|50-D-300|81-S-65|81-M-150|121-J-288-A|121-J-287|121-J-286|121-J-285|121-J-275|121-J-284|121-J-283|121-J-282|121-J-281|121-N-165|121-N-164|121-N-163|121-N-162|121-N-161|121-N-160|121-N-159|121-N-158|121-N-157|121-N-156|121-N-155|121-N-154|121-N-153|121-N-152|121-N-151|121-N-149|121-N-135|121-N-136|121-N-137|121-N-138|121-N-139|121-N-140|121-N-141|121-N-142|121-N-143|121-N-144|121-N-147|121-N-121|82-J-60|82-J-58|82-J-57|82-J-55|82-J-54|82-J-52|82-J-51|82-J-45|82-E-46|82-E-48|82-E-47|82-E-44|82-E-45|82-E-50-1|82-E-50|82-E-58|82-E-60|82-E-62|82-E-65|82-E-67|82-E-69|82-E-71|82-E-14|82-E-12|82-E-10|82-E-8|82-E-6|82-E-5|82-E-3|82-E-2|82-A-75|82-A-74|82-A-73|82-A-72|82-A-71|82-A-70|82-A-69|82-A-68|82-A-67|82-A-66|82-A-65|82-A-64|82-A-63|82-A-60|82-A-59|82-A-58|82-A-57|82-A-56|82-A-55|82-A-54|82-A-53|82-A-52|82-A-51|82-A-50|82-A-49|82-A-46|82-A-48|82-A-47|120-G-98|120-G-100|121-F-114|121-F-115|121-F-116|121-F-118|121-F-119|121-F-121|121-F-122|121-F-123|121-F-124|121-F-126|121-F-127|121-F-128|121-F-129|121-F-131|121-F-135|121-F-137|121-F-140|121-F-144|121-F-143|121-F-146|121-F-173|121-F-177|121-F-179|121-F-193|121-F-190|121-E-206|121-E-85|121-E-86|121-E-88|121-E-91|121-E-94|121-E-78|121-E-101|121-E-1-2|121-E-98|121-E-36|121-E-40|121-E-43|121-E-44|121-E-45|121-E-46|121-E-47|121-E-48|121-E-50|121-E-66|121-E-62|121-E-58|121-E-57|121-E-56|121-E-55|121-E-51|121-E-130|120-H-101|120-H-104|120-H-105|120-H-106|120-H-107|120-H-109|120-H-115|120-H-117|120-H-118|120-H-120|120-H-122|120-H-94|120-H-92|120-H-90|120-H-88|120-H-85|120-H-84|120-H-83|120-H-82|120-H-81|120-H-80|120-H-78|120-H-76|120-H-45|120-H-46|120-H-47|120-H-48|120-H-54|120-H-56|120-H-58|120-H-60|120-H-137|120-H-69|120-G-31|120-G-32|120-G-35|120-G-8|120-G-45|120-G-55|120-G-101|120-G-103|120-G-107|120-L-242|120-L-5|120-L-6|120-L-7|120-L-8|120-L-9|120-L-10|120-L-11|120-L-12|120-L-13|120-L-14|120-L-15|120-L-16|120-L-36|120-L-34|120-L-28|120-L-26|120-L-25|120-L-24|120-L-54|120-L-56|120-L-62|120-L-65|120-L-72|120-L-17|120-K-200|120-K-203|120-K-65|120-K-47|120-K-44|120-K-8|120-K-42|120-K-10|120-K-12|120-K-38|120-K-40|120-K-11|120-K-13|120-K-16|120-K-35|120-K-22|120-J-210|120-J-216|120-P-260|120-P-240|120-P-231|120-P-230|120-P-84|120-P-98|120-P-99|120-P-100|120-P-101|120-P-106|120-P-107|120-P-229|120-P-226|120-P-197|120-P-88|120-P-102|120-P-104|120-P-105|120-P-110|120-P-111|120-P-222|120-P-213|120-P-210|120-P-195|120-P-170|120-P-169|120-P-168|120-P-167|120-P-166|120-P-165|120-P-161|120-P-159|120-P-157|120-P-155", "legistar_api_url": "https://webapi.legistar.com/v1/pittsburgh/matters/12791", "legistar_web_url": "https://pittsburgh.legistar.com/gateway.aspx?M=F&ID=968B2C6B-B262-48A2-98AF-8B3DDAA64A07", "geocode_method": "allegheny_parcel_centroid_mean", "geocode_detail": "25 of 25 parcel ids matched MAPBLOCKLOT (only first 25 queried)", "parcels_matched": "81-E-155|81-E-162|81-E-151|81-E-133|81-E-160|81-E-137|81-E-153|81-E-157|81-E-150|81-E-145|81-E-143|81-E-154|81-E-153-A|81-E-167|81-E-138|81-E-132|81-E-140|81-E-149|81-E-148|81-E-135|81-E-165|81-E-136|81-E-141|81-E-152|81-E-146", "as_of": "2026-09-26"}}, {"type": "Feature", "geometry": {"type": "Point", "coordinates": [-80.017501, 40.450337]}, "properties": {"matter_id": 13172, "file_number": "2010-0610", "matter_type": "Ordinance", "action_category": "map_amendment", "action_subtype": "site_rezoning", "residential_relevance": "reduces_housing_byright", "title": "Ordinance amending the Pittsburgh Code, Title Nine, Zoning, Article I, Section 902.03 Zoning Map, by changing from NDI, Neighborhood Industrial District, to EMI, Educational/Medical Institutional District, certain properties identified as Block No. 7-H, Lots No. 14, 17, 20, and 21, in the Allegheny County Block and Lot System, and changing from LNC, Local Neighborhood Commercial District, to EMI, Educational/Medical Institutional District, a portion of certain property identified as Block No. 7-D, Lot No. 305 in the Allegheny County Block and Lot System; 22nd Ward, Council District 6.", "intro_date": "2010-06-15", "status_legistar": "Passed Finally", "status": "adopted", "final_action": "Passed Finally", "final_action_date": "2010-08-02", "passed_date": "2010-08-02", "mayor_signed_date": "2010-08-17", "days_intro_to_final": 48, "passed_pursuant_to_case_law": false, "public_hearing_held_date": "", "referred_to_planning_commission_in_history": false, "vote_action": "Passed Finally", "vote_date": "2010-08-02", "votes_aye": "", "votes_nay": "", "votes_abstain": "", "votes_absent_or_other": "", "votes_other_detail": "", "vote_source": "votes_endpoint_http_500", "from_districts": "NDI|LNC", "to_districts": "EMI", "from_to_pairs": "NDI>EMI|LNC>EMI", "multi_unit_code_change_today": "P>A|P>A", "byright_ceiling_effect_today": "decreases_byright_residential_ceiling", "cu_district_zoned": "", "housing_typology": "", "units_stated": "", "beds_or_residents_stated": "", "addresses": "", "parcels": "7-H-14|7-D-305", "legistar_api_url": "https://webapi.legistar.com/v1/pittsburgh/matters/13172", "legistar_web_url": "https://pittsburgh.legistar.com/gateway.aspx?M=F&ID=EFE45683-F047-4186-9FE3-AECFE5D456DE", "geocode_method": "allegheny_parcel_centroid_mean", "geocode_detail": "2 of 2 parcel ids matched MAPBLOCKLOT", "parcels_matched": "7-D-305|7-H-14", "as_of": "2026-09-26"}}, {"type": "Feature", "geometry": {"type": "Point", "coordinates": [-80.018084, 40.450008]}, "properties": {"matter_id": 13173, "file_number": "2010-0611", "matter_type": "Ordinance", "action_category": "map_amendment", "action_subtype": "site_rezoning", "residential_relevance": "no_change_in_residential_ceiling", "title": "Ordinance amending the Pittsburgh Code, Title Nine, Zoning, Article I, Section 902.03 Zoning Map, by changing from LNC, Local Neighborhood Commercial District, to Urban Neighborhood Commercial District, certain property identified as Block No. 7-H, Lot No. 25 in the Allegheny County Block and Lot System; 22nd Ward.", "intro_date": "2010-06-15", "status_legistar": "Passed Finally", "status": "adopted", "final_action": "Passed Finally", "final_action_date": "2010-08-02", "passed_date": "2010-08-02", "mayor_signed_date": "2010-08-17", "days_intro_to_final": 48, "passed_pursuant_to_case_law": false, "public_hearing_held_date": "", "referred_to_planning_commission_in_history": false, "vote_action": "Passed Finally", "vote_date": "2010-08-02", "votes_aye": "", "votes_nay": "", "votes_abstain": "", "votes_absent_or_other": "", "votes_other_detail": "", "vote_source": "votes_endpoint_http_500", "from_districts": "LNC", "to_districts": "UNC", "from_to_pairs": "LNC>UNC", "multi_unit_code_change_today": "P>P", "byright_ceiling_effect_today": "same_residential_ceiling", "cu_district_zoned": "", "housing_typology": "", "units_stated": "", "beds_or_residents_stated": "", "addresses": "", "parcels": "7-H-25", "legistar_api_url": "https://webapi.legistar.com/v1/pittsburgh/matters/13173", "legistar_web_url": "https://pittsburgh.legistar.com/gateway.aspx?M=F&ID=56E1BF34-8427-4FA8-97E2-80361A4A632E", "geocode_method": "allegheny_parcel_centroid", "geocode_detail": "1 of 1 parcel ids matched MAPBLOCKLOT", "parcels_matched": "7-H-25", "as_of": "2026-09-26"}}, {"type": "Feature", "geometry": {"type": "Point", "coordinates": [-79.946769, 40.446835]}, "properties": {"matter_id": 13447, "file_number": "2010-0870", "matter_type": "Ordinance", "action_category": "map_amendment", "action_subtype": "site_rezoning", "residential_relevance": "no_change_in_residential_ceiling", "title": "Ordinance amending the Pittsburgh Code, Title Nine, Zoning, Article I, Section 902.03 Zoning Map, by changing from RM-H, Residential Multi-Unit, High Density District, to RM-VH, Residential Multi-Unit, Very High Density District, certain property identified as Block No. 52-J, Lots No. 114 and 116 in the Allegheny County Block and Lot System; 14th Ward.", "intro_date": "2010-08-31", "status_legistar": "Passed Finally", "status": "adopted", "final_action": "Passed Finally", "final_action_date": "2010-12-07", "passed_date": "2010-12-07", "mayor_signed_date": "2010-12-16", "days_intro_to_final": 98, "passed_pursuant_to_case_law": false, "public_hearing_held_date": "2010-10-19", "referred_to_planning_commission_in_history": false, "vote_action": "Passed Finally", "vote_date": "2010-12-07", "votes_aye": 9, "votes_nay": 0, "votes_abstain": 0, "votes_absent_or_other": 0, "votes_other_detail": "", "vote_source": "eventitems/166890/votes", "from_districts": "RM-H", "to_districts": "RM-VH", "from_to_pairs": "RM-H>RM-VH", "multi_unit_code_change_today": "P>P", "byright_ceiling_effect_today": "same_residential_ceiling", "cu_district_zoned": "", "housing_typology": "", "units_stated": "", "beds_or_residents_stated": "", "addresses": "", "parcels": "52-J-114", "legistar_api_url": "https://webapi.legistar.com/v1/pittsburgh/matters/13447", "legistar_web_url": "https://pittsburgh.legistar.com/gateway.aspx?M=F&ID=54DD4B63-99A4-43DE-94A9-0CD3C9B501B4", "geocode_method": "allegheny_parcel_centroid", "geocode_detail": "1 of 1 parcel ids matched MAPBLOCKLOT", "parcels_matched": "52-J-114", "as_of": "2026-09-26"}}, {"type": "Feature", "geometry": {"type": "Point", "coordinates": [-80.054399, 40.429504]}, "properties": {"matter_id": 13505, "file_number": "2010-0926", "matter_type": "Ordinance", "action_category": "map_amendment", "action_subtype": "area_wide_remap", "residential_relevance": "area_wide_remap_mixed", "title": "Ordinance amending the Pittsburgh Zoning Code, Title Nine, Article One, Chapter 902 Section 902.03, Zoning Map, by changing various zoning district classifications in the Westwood neighborhood in accord with Map Pittsburgh: Zoning for your Neighborhood, the city's zoning re-mapping project relative to the city's new Urban Zoning Code.", "intro_date": "2010-09-14", "status_legistar": "Passed Finally", "status": "adopted", "final_action": "Passed Finally", "final_action_date": "2010-12-14", "passed_date": "2010-12-14", "mayor_signed_date": "2010-12-27", "days_intro_to_final": 91, "passed_pursuant_to_case_law": false, "public_hearing_held_date": "2010-10-19", "referred_to_planning_commission_in_history": false, "vote_action": "Passed Finally", "vote_date": "2010-12-14", "votes_aye": 9, "votes_nay": 0, "votes_abstain": 0, "votes_absent_or_other": 0, "votes_other_detail": "", "vote_source": "eventitems/167095/votes", "from_districts": "LNC|R1D-L|NDI|RM-M|P", "to_districts": "UNC|RM-VL|R1D-L|H|R1D-VL|NDI|UI|P", "from_to_pairs": "", "multi_unit_code_change_today": "", "byright_ceiling_effect_today": "", "cu_district_zoned": "", "housing_typology": "", "units_stated": "", "beds_or_residents_stated": "", "addresses": "", "parcels": "39-H-145|39-H-147|39-H-140|39-M-15|39-D-165|39-D-324|39-M-2|39-L-300|39-G-50|39-G-500|39-G-405|39-G-390|39-G-375|39-G-360|39-H-150|39-H-200-1|39-H-141|39-H-143|39-F-300|39-F-340|39-G-200|39-G-250|39-G-260|39-L-5|39-G-100|39-G-300|19-N-30|19-N-31|18-F-8|18-F-75|18-F-73|18-F-71|18-F-70|18-F-94|18-F-300|18-F-94-2|18-F-94-3|18-F-4|18-A-301|18-A-303|18-A-305|18-A-307|18-A-309|18-A-311|18-A-313|18-A-315|18-A-317|18-B-101|18-B-103|18-B-107|18-B-108|18-B-109|18-B-113|18-B-115|18-B-117|18-B-119|18-B-121|18-B-123|18-B-125|18-B-127|18-B-129|18-B-131|18-B-133|18-B-135|18-B-137|18-B-139|18-B-141|18-B-143|18-B-145|18-B-147|18-B-155|18-B-151|18-B-153|18-B-156|18-B-157|18-B-159|18-B-161|18-B-163|18-B-165|18-B-167|18-B-169|18-B-171|18-B-173|18-B-177|18-B-179|18-B-181|18-B-183|18-B-172|18-B-174|18-B-175|18-A-321|18-A-329|18-A-325|18-B-326|18-A-290|18-A-288|18-A-286|18-B-150|18-F-120|18-C-40-1|18-C-20|18-F-90|18-G-18|18-G-8|18-G-4|18-G-45|18-G-54|18-G-53|18-G-51|19-R-69|19-R-71|18-C-12|18-C-15|19-R-84|19-R-76|19-R-63|19-R-77|19-R-100|19-R-108|19-R-108-1|19-R-104|19-R-111|19-R-113|19-R-117|19-R-117-1|19-R-18|19-R-17|19-R-12|19-R-10|19-P-94|19-P-87|19-P-60|19-P-75|19-K-114|19-K-105|19-K-103|19-K-100|19-K-95|19-K-90|19-P-35|19-P-57|19-P-59|19-P-36|40-M-285|19-J-140|19-J-50|19-J-51|19-J-52|19-J-53|19-J-54|19-J-55|19-J-56|19-J-57|19-J-58|19-J-60|19-J-61|19-J-63|19-J-64|19-J-65|19-J-67|19-J-68|19-J-69|19-J-70|19-J-71|19-J-72|19-J-73|19-J-74|19-J-75|19-J-76|19-J-77|19-J-78|19-J-79|19-J-80|19-J-122|19-J-121|19-J-120|19-J-119|19-J-118|19-J-117|19-J-116|19-J-115|19-J-112|19-J-110|19-J-108|19-J-106|19-J-103|19-J-102|19-J-99|19-L-225|19-K-130|19-K-32|19-K-31|19-K-34|19-K-35|19-K-38|19-K-39|19-K-40|19-K-41|19-K-43|19-K-44|19-K-46|19-K-48|19-K-52|19-J-98|19-J-97|19-J-96|19-J-95|19-J-93|19-J-92|19-J-90|19-J-89|19-J-86|19-J-81|19-J-82|19-J-83|19-J-85|40-M-237|40-M-235|40-M-234|40-M-233|40-M-227|40-M-245|40-M-247|40-M-242|19-J-18|19-L-228|19-L-226|19-R-18-A|19-R-26|19-R-30|19-R-33|19-R-35|19-R-38|19-R-42|18-C-1|19-R-8", "legistar_api_url": "https://webapi.legistar.com/v1/pittsburgh/matters/13505", "legistar_web_url": "https://pittsburgh.legistar.com/gateway.aspx?M=F&ID=0E0B327F-1AE1-4F4E-AC69-06A689D0A2B8", "geocode_method": "allegheny_parcel_centroid_mean", "geocode_detail": "24 of 25 parcel ids matched MAPBLOCKLOT (only first 25 queried)", "parcels_matched": "39-G-200|39-H-145|39-H-200-1|39-M-2|39-G-500|39-D-324|39-G-100|39-L-5|39-G-405|39-L-300|39-M-15|39-G-390|39-F-340|39-G-360|39-F-300|39-H-140|39-G-50|39-G-250|39-D-165|39-G-260|39-H-143|39-H-150|39-H-147|39-H-141", "as_of": "2026-09-26"}}, {"type": "Feature", "geometry": {"type": "Point", "coordinates": [-80.007387, 40.411089]}, "properties": {"matter_id": 13565, "file_number": "2010-0986", "matter_type": "Ordinance", "action_category": "map_amendment", "action_subtype": "area_wide_remap", "residential_relevance": "area_wide_remap_mixed", "title": "Ordinance amending the Pittsburgh Zoning Code, Title Nine, Article One, Chapter 902 Section 902.03, Zoning District Maps No. 33, No. 34, No. 60, and No. 61 by changing various zoning district classifications in the Bon Air neighborhood in accordance with Map Pittsburgh: Zoning for your Neighborhood, the city's zoning re-mapping project relative to the city's new Urban Zoning Code.", "intro_date": "2010-10-05", "status_legistar": "Died due to expiration of legislative council session", "status": "expired_end_of_session", "final_action": "TABLED", "final_action_date": "2011-03-09", "passed_date": "", "mayor_signed_date": "", "days_intro_to_final": 155, "passed_pursuant_to_case_law": false, "public_hearing_held_date": "2010-12-14", "referred_to_planning_commission_in_history": false, "vote_action": "", "vote_date": "", "votes_aye": "", "votes_nay": "", "votes_abstain": "", "votes_absent_or_other": "", "votes_other_detail": "", "vote_source": "", "from_districts": "NDI|P|HC|R1D-L", "to_districts": "H|NDI|HC|R1D-L|P|R1D-M", "from_to_pairs": "", "multi_unit_code_change_today": "", "byright_ceiling_effect_today": "", "cu_district_zoned": "", "housing_typology": "", "units_stated": "", "beds_or_residents_stated": "", "addresses": "", "parcels": "34-B-191|34-B-189|34-B-158|34-B-155|34-B-153|34-B-185|34-B-169|34-B-160|34-B-166|34-B-140|34-C-11|34-C-15|3-G-185|34-G-180|34-G-170|34-G-175|34-G-77|34-G-76|34-G-74|34-G-73|34-G-72|34-G-200|34-R-6|34-R-15|34-G-160|34-G-190|34-L-265|34-L-266|34-R-150|34-R-160|34-S-61|34-S-65|34-S-68|34-S-71|61-D-245|61-D-181|61-D-182|61-D-183|61-D-194|61-D-224|61-D-233|3-M-100|34-M-204|34-M-202|34-M-181|34-M-180|34-M-182|34-M-244|3-H-140|33-E-40|33-E-44|33-E-50|34-S-308|60-A-15|34-M-100|34-M-93|34-M-98|34-M-130|34-M-131|34-S-260|34-D-265|34-S-275|60-A-46|33-E-32|33-E-29|33-E-27|33-E-25|33-E-24|33-E-22|33-E-19|33-E-17|33-E-16|33-E-14|33-E-15|33-A-279|33-J-156|33-J-155|33-J-154|33-J-153|33-J-152|33-J-151|33-J-150|33-J-147|33-J-145|33-J-143", "legistar_api_url": "https://webapi.legistar.com/v1/pittsburgh/matters/13565", "legistar_web_url": "https://pittsburgh.legistar.com/gateway.aspx?M=F&ID=37C4FDD8-6C09-4B6D-A218-89B4E70CA7BC", "geocode_method": "allegheny_parcel_centroid_mean", "geocode_detail": "24 of 25 parcel ids matched MAPBLOCKLOT (only first 25 queried)", "parcels_matched": "34-B-166|34-G-175|34-G-170|34-R-6|34-G-72|34-B-189|34-G-180|34-B-158|34-B-191|34-B-169|34-B-160|34-C-15|34-R-15|34-G-76|34-B-155|34-B-153|34-G-73|34-G-160|34-B-185|34-B-140|34-G-200|34-C-11|34-G-74|34-G-77", "as_of": "2026-09-26"}}, {"type": "Feature", "geometry": {"type": "Point", "coordinates": [-80.002663, 40.481615]}, "properties": {"matter_id": 13663, "file_number": "2010-1081", "matter_type": "Resolution", "action_category": "conditional_use", "action_subtype": "cu_use_approval", "residential_relevance": "non_residential", "title": "Resolution approving a Conditional Use under the Pittsburgh Code, Title Nine, Zoning, Article V, Chapter 911, Section 911.04.A.64 to Pittsburgh Public Schools Facilities Division for authorization to construct two extensions to Northview Pre K-8 Accelerated Learning Academy located at 310 Mt. Pleasant Rd. on property zoned R1D-L, Residential Single-Unit Detached, Low Density District, 26th Ward, Council District No. 1.", "intro_date": "2010-11-04", "status_legistar": "In Standing Committee", "status": "pending", "final_action": "Public Hearing Held", "final_action_date": "2010-12-20", "passed_date": "", "mayor_signed_date": "", "days_intro_to_final": "", "passed_pursuant_to_case_law": false, "public_hearing_held_date": "2010-12-20", "referred_to_planning_commission_in_history": false, "vote_action": "", "vote_date": "", "votes_aye": "", "votes_nay": "", "votes_abstain": "", "votes_absent_or_other": "", "votes_other_detail": "", "vote_source": "", "from_districts": "", "to_districts": "", "from_to_pairs": "", "multi_unit_code_change_today": "", "byright_ceiling_effect_today": "", "cu_district_zoned": "R1D-L", "housing_typology": "", "units_stated": "", "beds_or_residents_stated": "", "addresses": "310 Mt. Pleasant Rd.", "parcels": "", "legistar_api_url": "https://webapi.legistar.com/v1/pittsburgh/matters/13663", "legistar_web_url": "https://pittsburgh.legistar.com/gateway.aspx?M=F&ID=BF2FBA31-F28D-4F3E-9637-DB072CD0C80E", "geocode_method": "census_geocoder_onelineaddress", "geocode_detail": "input '310 Mt. Pleasant Rd., Pittsburgh, PA' -> '310 MOUNT PLEASANT RD, PITTSBURGH, PA, 15214'", "parcels_matched": "", "as_of": "2026-09-26"}}, {"type": "Feature", "geometry": {"type": "Point", "coordinates": [-79.895846, 40.445227]}, "properties": {"matter_id": 13851, "file_number": "2011-1262", "matter_type": "Resolution", "action_category": "conditional_use", "action_subtype": "cu_use_approval", "residential_relevance": "non_residential", "title": "Resolution approving a Conditional Use under the Pittsburgh Code, Title Nine, Zoning, Article V, Chapter 911 Section 911.04.A.64 to Park Place School Associates, owner, for authorization to use the existing three-story structure located at 309 South Braddock Ave. as an Elementary School with a maximum of 234 Students on property zoned R2-L, Residential Two-Unit, Low Density District, 14th Ward, Council District No. 9.", "intro_date": "2011-01-04", "status_legistar": "Passed Finally", "status": "adopted", "final_action": "Passed Finally", "final_action_date": "2011-02-01", "passed_date": "2011-02-01", "mayor_signed_date": "2011-02-10", "days_intro_to_final": 28, "passed_pursuant_to_case_law": false, "public_hearing_held_date": "2011-01-19", "referred_to_planning_commission_in_history": false, "vote_action": "Passed Finally", "vote_date": "2011-02-01", "votes_aye": 9, "votes_nay": 0, "votes_abstain": 0, "votes_absent_or_other": 0, "votes_other_detail": "", "vote_source": "eventitems/169185/votes", "from_districts": "", "to_districts": "", "from_to_pairs": "", "multi_unit_code_change_today": "", "byright_ceiling_effect_today": "", "cu_district_zoned": "R2-L", "housing_typology": "", "units_stated": "", "beds_or_residents_stated": "234", "addresses": "309 South Braddock Ave.", "parcels": "", "legistar_api_url": "https://webapi.legistar.com/v1/pittsburgh/matters/13851", "legistar_web_url": "https://pittsburgh.legistar.com/gateway.aspx?M=F&ID=BB882457-191A-4968-AEE4-601243046FE8", "geocode_method": "census_geocoder_onelineaddress", "geocode_detail": "input '309 South Braddock Ave., Pittsburgh, PA' -> '309 S BRADDOCK AVE, PITTSBURGH, PA, 15221'", "parcels_matched": "", "as_of": "2026-09-26"}}, {"type": "Feature", "geometry": {"type": "Point", "coordinates": [-79.897096, 40.435917]}, "properties": {"matter_id": 14316, "file_number": "2011-1703", "matter_type": "Resolution", "action_category": "conditional_use", "action_subtype": "cu_use_approval", "residential_relevance": "non_residential", "title": "Resolution approving a Conditional Use under the Pittsburgh Code, Title Nine, Zoning, Article IV, Chapter 911 Section 911.04.A.64 to Schoolhouse Finance, LLC, owner, for authorization to install two accessory modular classroom buildings for one year to the rear of the Environmental Charter School at Frick Park located at 829 Milton Street on property zoned R1D-M, Residential One-Unit Medium Density District, 14th Ward. Council District No. 5", "intro_date": "2011-05-10", "status_legistar": "Passed Finally", "status": "adopted", "final_action": "Passed Finally", "final_action_date": "2011-07-05", "passed_date": "2011-07-05", "mayor_signed_date": "2011-07-12", "days_intro_to_final": 56, "passed_pursuant_to_case_law": false, "public_hearing_held_date": "2011-06-22", "referred_to_planning_commission_in_history": false, "vote_action": "Passed Finally", "vote_date": "2011-07-05", "votes_aye": 8, "votes_nay": 0, "votes_abstain": 1, "votes_absent_or_other": 0, "votes_other_detail": "", "vote_source": "eventitems/175429/votes", "from_districts": "", "to_districts": "", "from_to_pairs": "", "multi_unit_code_change_today": "", "byright_ceiling_effect_today": "", "cu_district_zoned": "R1D-M", "housing_typology": "", "units_stated": "", "beds_or_residents_stated": "", "addresses": "829 Milton Street", "parcels": "", "legistar_api_url": "https://webapi.legistar.com/v1/pittsburgh/matters/14316", "legistar_web_url": "https://pittsburgh.legistar.com/gateway.aspx?M=F&ID=EE9F5AF8-BCDA-4F34-94EE-EA44EB46D104", "geocode_method": "census_geocoder_onelineaddress", "geocode_detail": "input '829 Milton Street, Pittsburgh, PA' -> '829 MILTON ST, PITTSBURGH, PA, 15218'", "parcels_matched": "", "as_of": "2026-09-26"}}, {"type": "Feature", "geometry": {"type": "Point", "coordinates": [-79.960635, 40.423558]}, "properties": {"matter_id": 14547, "file_number": "2011-1918", "matter_type": "Ordinance", "action_category": "map_amendment", "action_subtype": "site_rezoning", "residential_relevance": "unclear_special_district", "title": "Ordinance amending the Pittsburgh Code, Title Nine, Zoning, Article I, Section 902.03 Zoning Map, by changing from SP-5, Specially Planned District No. 5 (South Side Works), to UI, Urban Industrial District, certain properties identified as Block No. 29-P, Lots No. 100 and 100-0-1, and Block 30-B, Lot No. 81 in the Allegheny County Block and Lot System, 16th Ward, Council District No. 3.", "intro_date": "2011-07-19", "status_legistar": "Passed Finally", "status": "adopted", "final_action": "Passed Finally", "final_action_date": "2011-09-13", "passed_date": "2011-09-13", "mayor_signed_date": "2011-09-21", "days_intro_to_final": 56, "passed_pursuant_to_case_law": false, "public_hearing_held_date": "2011-08-30", "referred_to_planning_commission_in_history": false, "vote_action": "Passed Finally", "vote_date": "2011-09-13", "votes_aye": 9, "votes_nay": 0, "votes_abstain": 0, "votes_absent_or_other": 0, "votes_other_detail": "", "vote_source": "eventitems/178232/votes", "from_districts": "SP-5", "to_districts": "UI", "from_to_pairs": "SP-5>UI", "multi_unit_code_change_today": "?>S", "byright_ceiling_effect_today": "involves_district_not_in_911_02", "cu_district_zoned": "", "housing_typology": "", "units_stated": "", "beds_or_residents_stated": "", "addresses": "", "parcels": "29-P-100|30-B-81", "legistar_api_url": "https://webapi.legistar.com/v1/pittsburgh/matters/14547", "legistar_web_url": "https://pittsburgh.legistar.com/gateway.aspx?M=F&ID=69DF4A32-A3DB-4CAB-8634-611B04BF7B58", "geocode_method": "allegheny_parcel_centroid_mean", "geocode_detail": "2 of 2 parcel ids matched MAPBLOCKLOT", "parcels_matched": "30-B-81|29-P-100", "as_of": "2026-09-26"}}, {"type": "Feature", "geometry": {"type": "Point", "coordinates": [-79.948077, 40.444686]}, "properties": {"matter_id": 15260, "file_number": "2012-0188", "matter_type": "Ordinance", "action_category": "map_amendment", "action_subtype": "site_rezoning", "residential_relevance": "unclear_special_district", "title": "Ordinance amending the Pittsburgh Code, Title Nine, Zoning, Article I, Section 902.03 Zoning Map, by changing from R1A-H, Residential Single Unit Attached High Density District to EMI, Educational/Medical Institution District, property roughly bounded Filmore St., Zebina Way, Flossie Way and Boundary St. and identified as Block No. 52-N, Lot Nos. 280, 286, 289, 291, 293, 294, 299, 302, 304, 305 and 306, in the Allegheny County Block and Lot System; changing from OPR-B, Oakland Public Realm Subdistrict B to EMI, Educational/Medical Institution District, property roughly bounded by Flossie Way, Boundary St., the existing EMI zoning district boundary line, South Craig St. and Forbes Ave. and identified as Block No. 52-N, Lot Nos. 52, 59, 63, 64, 65, 66, 67, 68, 210, 230, 240 and 249 in the aforesaid system; and changing from P Parks District to EMI, Educational/Medical Institution District, property roughly bounded by Boundary St., Schenley Dr., the boundary of Schenley Park and the existing EMI zoning district boundary line; 14th Ward.", "intro_date": "2012-03-13", "status_legistar": "Passed Finally", "status": "adopted", "final_action": "Passed Finally", "final_action_date": "2012-04-25", "passed_date": "2012-04-25", "mayor_signed_date": "2012-05-07", "days_intro_to_final": 43, "passed_pursuant_to_case_law": false, "public_hearing_held_date": "2012-04-11", "referred_to_planning_commission_in_history": false, "vote_action": "Passed Finally", "vote_date": "2012-04-25", "votes_aye": 9, "votes_nay": 0, "votes_abstain": 0, "votes_absent_or_other": 0, "votes_other_detail": "", "vote_source": "eventitems/186852/votes", "from_districts": "R1A-H|OPR-B|P", "to_districts": "EMI", "from_to_pairs": "R1A-H>EMI|OPR-B>EMI|P>EMI", "multi_unit_code_change_today": "->A|?>A|->A", "byright_ceiling_effect_today": "involves_district_not_in_911_02", "cu_district_zoned": "", "housing_typology": "", "units_stated": "", "beds_or_residents_stated": "", "addresses": "", "parcels": "52-N-250|52-N-261", "legistar_api_url": "https://webapi.legistar.com/v1/pittsburgh/matters/15260", "legistar_web_url": "https://pittsburgh.legistar.com/gateway.aspx?M=F&ID=C99D8666-5328-4513-B915-43120D73FE7C", "geocode_method": "allegheny_parcel_centroid_mean", "geocode_detail": "2 of 2 parcel ids matched MAPBLOCKLOT", "parcels_matched": "52-N-261|52-N-250", "as_of": "2026-09-26"}}, {"type": "Feature", "geometry": {"type": "Point", "coordinates": [-80.033419, 40.470846]}, "properties": {"matter_id": 15513, "file_number": "2012-0437", "matter_type": "Ordinance", "action_category": "map_amendment", "action_subtype": "area_wide_remap", "residential_relevance": "area_wide_remap_mixed", "title": "Amending the Pittsburgh Zoning Code, Title Nine, Article One, Chapter 902 Section 902.03, Zoning District Map No. 5 by changing various zoning district classifications in the Marshall-Shadeland neighborhood in accord with Map Pittsburgh: Zoning for your Neighborhood, the city's zoning re-mapping project relative to the city's Urban Zoning Code.", "intro_date": "2012-05-29", "status_legistar": "Passed Finally", "status": "adopted", "final_action": "Passed Finally", "final_action_date": "2012-07-24", "passed_date": "2012-07-24", "mayor_signed_date": "2012-07-26", "days_intro_to_final": 56, "passed_pursuant_to_case_law": false, "public_hearing_held_date": "2012-07-17", "referred_to_planning_commission_in_history": false, "vote_action": "Passed Finally", "vote_date": "2012-07-24", "votes_aye": 9, "votes_nay": 0, "votes_abstain": 0, "votes_absent_or_other": 0, "votes_other_detail": "", "vote_source": "eventitems/190457/votes", "from_districts": "P|R2-L|RM-M|LNC|UI", "to_districts": "H|R1A-H|R1A-VH|R1D-VL|R1D-M|R1D-H|R2-H|UI|GI", "from_to_pairs": "", "multi_unit_code_change_today": "", "byright_ceiling_effect_today": "", "cu_district_zoned": "", "housing_typology": "", "units_stated": "", "beds_or_residents_stated": "", "addresses": "", "parcels": "44-D-60|75-S-232|45-J-46|45-N-171|45-J-102|45-K-115|44-D-207|44-D-218|44-H-280|44-H-293|45-J-127|44-D-54|44-D-37|44-D-130|44-D-111|44-D-102|44-D-101-1|75-S-366|75-S-370|75-S-371|76-J-261|76-J-227|76-N-264|45-P-215|45-P-128|76-B-78|76-F-174|76-K-242|76-L-52|76-P-76|76-P-21|44-D-55|75-S-298|76-K-313|76-K-342|76-K-231|76-K-240|75-S-230|75-S-209|75-S-212|75-M-296|44-D-197|44-D-195|44-C-268|75-M-316|44-C-251|75-R-325-0-1|75-B-110|75-B-116|75-B-119|75-B-124|75-B-125-0-1|45-J-145|45-J-154|45-J-111|45-J-104|45-J-181|45-J-125|76-B-76|76-B-75|76-F-115|45-K-256|45-P-204|76-K-40|76-L-188|76-L-198|76-P-85|76-L-250|76-K-195|76-E-11|76-B-80|76-F-116|76-K-318|76-K-316|76-K-315|76-F-207|76-J-82|76-K-197|76-K-128|76-K-94|76-K-92|76-K-91|76-K-90|76-K-89|76-K-88|76-K-87|76-K-2|76-K-4|75-S-46|75-S-47|75-S-59|45-N-177|45-N-178|45-N-183|45-N-180|45-N-181|44-M-88|45-J-47|45-J-52|45-E-16-0-2|44-M-71|45-J-191-0-1|45-J-191-0-2|44-M-63|44-D-164|44-D-273|44-D-113|44-D-105|44-D-104|44-D-103|44-D-131|44-D-133|44-D-134|44-D-136|44-D-139|76-N-14|76-J-311|75-S-360|76-N-23|76-N-140|45-E-343|45-E-345|45-E-335|45-A-269|45-N-234|45-N-143|45-N-241|45-N-304|45-P-225|45-B-116|45-F-227|45-A-271|45-E-48|45-B-131|45-F-245|45-B-196|45-B-215|45-E-205|45-A-132|44-D-35|44-D-142|44-D-163|44-D-278|76-N-19|76-J-298|76-N-142|45-N-236|45-N-237|45-N-142|45-N-303|45-N-302|45-N-300|76-E-8|76-E-7|76-J-84|76-J-86|44-M-123|75-S-190|76-J-350|75-M-337|44-C-290-0-1|44-C-248-0-1|44-C-249", "legistar_api_url": "https://webapi.legistar.com/v1/pittsburgh/matters/15513", "legistar_web_url": "https://pittsburgh.legistar.com/gateway.aspx?M=F&ID=4432223D-86F9-46FF-A889-DEDA1B037AE6", "geocode_method": "allegheny_parcel_centroid_mean", "geocode_detail": "20 of 25 parcel ids matched MAPBLOCKLOT (only first 25 queried)", "parcels_matched": "75-S-370|44-D-60|44-D-102|45-P-215|45-P-128|76-N-264|44-D-130|44-H-280|76-J-227|75-S-366|44-D-207|44-D-54|44-D-111|76-J-261|75-S-232|44-H-293|44-D-218|45-K-115|44-D-37|44-D-101-1", "as_of": "2026-09-26"}}, {"type": "Feature", "geometry": {"type": "Point", "coordinates": [-80.034398, 40.446174]}, "properties": {"matter_id": 15555, "file_number": "2012-0477", "matter_type": "Ordinance", "action_category": "map_amendment", "action_subtype": "site_rezoning", "residential_relevance": "unclear_special_district", "title": "Ordinance amending the Pittsburgh Code, Title Nine, Zoning, Article I, Section 902.03 Zoning Map, by changing from R1D-M, Residential Single - Unit Detached Moderate Density District to RP, Residential Planned Unit Development District, certain property consisting of a parcel identified as Block Number 20-M, Lot Number 59 in the Allegheny County Block and Lot System; Marlow St. & West End Overlook, 20th Ward.", "intro_date": "2012-06-12", "status_legistar": "Passed Finally", "status": "adopted", "final_action": "Passed Finally", "final_action_date": "2012-09-11", "passed_date": "2012-09-11", "mayor_signed_date": "2012-09-19", "days_intro_to_final": 91, "passed_pursuant_to_case_law": false, "public_hearing_held_date": "2012-08-01", "referred_to_planning_commission_in_history": false, "vote_action": "Passed Finally", "vote_date": "2012-09-11", "votes_aye": 9, "votes_nay": 0, "votes_abstain": 0, "votes_absent_or_other": 0, "votes_other_detail": "", "vote_source": "eventitems/191661/votes", "from_districts": "R1D-M", "to_districts": "RP", "from_to_pairs": "R1D-M>RP", "multi_unit_code_change_today": "->?", "byright_ceiling_effect_today": "involves_district_not_in_911_02", "cu_district_zoned": "", "housing_typology": "", "units_stated": "", "beds_or_residents_stated": "", "addresses": "", "parcels": "20-M-59", "legistar_api_url": "https://webapi.legistar.com/v1/pittsburgh/matters/15555", "legistar_web_url": "https://pittsburgh.legistar.com/gateway.aspx?M=F&ID=23E9F992-E1A4-4F1E-9B76-1DD5C4C43BB0", "geocode_method": "allegheny_parcel_centroid", "geocode_detail": "1 of 1 parcel ids matched MAPBLOCKLOT", "parcels_matched": "20-M-59", "as_of": "2026-09-26"}}, {"type": "Feature", "geometry": {"type": "Point", "coordinates": [-79.995249, 40.383056]}, "properties": {"matter_id": 15606, "file_number": "2012-0524", "matter_type": "Ordinance", "action_category": "map_amendment", "action_subtype": "site_rezoning", "residential_relevance": "enables_more_housing_byright", "title": "Ordinance amending the Pittsburgh Code, Title Nine, Zoning, Article I, Section 902.03 Zoning Map, by changing from R1D-H, Residential Single-Unit Detached, High Density District, to LNC, Local Neighborhood Commercial District, certain property located on the easterly side of Underwood Street and identified as Block Number 138-B, Lots Numbered 300, 301 and 302 in the Allegheny County Block and Lot System; and Block Number 138-A, Lot Number 280 in the aforesaid system; 32nd Ward.", "intro_date": "2012-06-26", "status_legistar": "Passed Finally", "status": "adopted", "final_action": "Passed Finally", "final_action_date": "2012-09-11", "passed_date": "2012-09-11", "mayor_signed_date": "2012-09-19", "days_intro_to_final": 77, "passed_pursuant_to_case_law": false, "public_hearing_held_date": "2012-08-01", "referred_to_planning_commission_in_history": false, "vote_action": "Passed Finally", "vote_date": "2012-09-11", "votes_aye": 9, "votes_nay": 0, "votes_abstain": 0, "votes_absent_or_other": 0, "votes_other_detail": "", "vote_source": "eventitems/191662/votes", "from_districts": "R1D-H", "to_districts": "LNC", "from_to_pairs": "R1D-H>LNC", "multi_unit_code_change_today": "->P", "byright_ceiling_effect_today": "increases_byright_residential_ceiling", "cu_district_zoned": "", "housing_typology": "", "units_stated": "", "beds_or_residents_stated": "", "addresses": "", "parcels": "138-A-280", "legistar_api_url": "https://webapi.legistar.com/v1/pittsburgh/matters/15606", "legistar_web_url": "https://pittsburgh.legistar.com/gateway.aspx?M=F&ID=4B8633E8-A63A-4FFB-B84C-EE661B478FDF", "geocode_method": "allegheny_parcel_centroid", "geocode_detail": "1 of 1 parcel ids matched MAPBLOCKLOT", "parcels_matched": "138-A-280", "as_of": "2026-09-26"}}, {"type": "Feature", "geometry": {"type": "Point", "coordinates": [-79.943329, 40.456214]}, "properties": {"matter_id": 15676, "file_number": "2012-0591", "matter_type": "Ordinance", "action_category": "map_amendment", "action_subtype": "site_rezoning", "residential_relevance": "mixed_up_and_down", "title": "Ordinance amending the Pittsburgh Code, Title Nine, Zoning, Article I, Section 902.03 Zoning Map, by changing from UNC Urban Neighborhood Commercial District, property bounded by South Aiken Ave., the existing EMI district boundary line, and Block & Lot No. 51-R-150; from UNC Urban Neighborhood Commercial District property bounded by Centre Ave., Morewood Ave., Baum Blvd. and the East Busway; from UI Urban Industrial District property bounded by the East Busway, South Millvale Ave., Gross St., Block & Lot No. 51-E-236, Asia Way, Lima Way, and the existing UNC boundary line; and from UNC property bounded by Baum Blvd., the East Busway, the existing UI boundary line, Cypress St., Block No. 51-K, lots 172 & 211, Woodworth St., Block No. 51-K, lot 245, and Woodworth St.; all to EMI, Educational/Medical Institution District; 7th & 8th Wards.", "intro_date": "2012-07-10", "status_legistar": "Passed Finally", "status": "adopted", "final_action": "Passed Finally", "final_action_date": "2012-12-27", "passed_date": "2012-12-27", "mayor_signed_date": "2013-01-03", "days_intro_to_final": 170, "passed_pursuant_to_case_law": false, "public_hearing_held_date": "2012-10-09", "referred_to_planning_commission_in_history": false, "vote_action": "Passed Finally", "vote_date": "2012-12-27", "votes_aye": 8, "votes_nay": 0, "votes_abstain": 0, "votes_absent_or_other": 1, "votes_other_detail": "Absent=1", "vote_source": "eventitems/196899/votes", "from_districts": "UNC|UI", "to_districts": "EMI", "from_to_pairs": "UNC>EMI|UI>EMI", "multi_unit_code_change_today": "P>A|S>A", "byright_ceiling_effect_today": "mixed", "cu_district_zoned": "", "housing_typology": "", "units_stated": "", "beds_or_residents_stated": "", "addresses": "", "parcels": "51-R-150|51-E-236|51-K-172|51-K-245", "legistar_api_url": "https://webapi.legistar.com/v1/pittsburgh/matters/15676", "legistar_web_url": "https://pittsburgh.legistar.com/gateway.aspx?M=F&ID=CAB80F97-D3B0-4CDA-8AEE-0FB8B0CB58DE", "geocode_method": "allegheny_parcel_centroid_mean", "geocode_detail": "4 of 4 parcel ids matched MAPBLOCKLOT", "parcels_matched": "51-K-172|51-R-150|51-E-236|51-K-245", "as_of": "2026-09-26"}}, {"type": "Feature", "geometry": {"type": "Point", "coordinates": [-79.982272, 40.436315]}, "properties": {"matter_id": 15808, "file_number": "2012-0713", "matter_type": "Ordinance", "action_category": "map_amendment", "action_subtype": "site_rezoning", "residential_relevance": "reduces_housing_byright", "title": "Ordinance amending the Pittsburgh Code, Title Nine, Zoning, Article I, Section 902.03 Zoning Map, by changing from NDI, Neighborhood Industrial District; LNC, Local Neighborhood Commercial District; and R1A-H, Residential Single Unit Attached High Density District several areas of property adjacent to the existing UPMC-Mercy Hospital campus and located along Forbes Avenue, Locust Street and the Boulevard of the Allies; all to EMI, Educational/Medical Institution District; 1st Ward.", "intro_date": "2012-09-11", "status_legistar": "Passed Finally", "status": "adopted", "final_action": "Passed Finally", "final_action_date": "2012-12-17", "passed_date": "2012-12-17", "mayor_signed_date": "2012-12-27", "days_intro_to_final": 97, "passed_pursuant_to_case_law": false, "public_hearing_held_date": "2012-10-31", "referred_to_planning_commission_in_history": false, "vote_action": "Passed Finally", "vote_date": "2012-12-17", "votes_aye": 9, "votes_nay": 0, "votes_abstain": 0, "votes_absent_or_other": 0, "votes_other_detail": "", "vote_source": "eventitems/196517/votes", "from_districts": "NDI|LNC|R1A-H", "to_districts": "EMI", "from_to_pairs": "NDI>EMI|LNC>EMI|R1A-H>EMI", "multi_unit_code_change_today": "P>A|P>A|->A", "byright_ceiling_effect_today": "decreases_byright_residential_ceiling", "cu_district_zoned": "", "housing_typology": "", "units_stated": "", "beds_or_residents_stated": "", "addresses": "", "parcels": "11-J-332|11-J-313|51-J-310|51-J-321", "legistar_api_url": "https://webapi.legistar.com/v1/pittsburgh/matters/15808", "legistar_web_url": "https://pittsburgh.legistar.com/gateway.aspx?M=F&ID=D59B6E83-953D-4E8A-82C2-5C6EBE7C25EE", "geocode_method": "allegheny_parcel_centroid_mean", "geocode_detail": "2 of 4 parcel ids matched MAPBLOCKLOT", "parcels_matched": "11-J-332|11-J-313", "as_of": "2026-09-26"}}, {"type": "Feature", "geometry": {"type": "Point", "coordinates": [-79.893787, 40.452653]}, "properties": {"matter_id": 16007, "file_number": "2012-0894", "matter_type": "Ordinance", "action_category": "map_amendment", "action_subtype": "site_rezoning", "residential_relevance": "enables_more_housing_byright", "title": "Ordinance amending the Pittsburgh Code, Title Nine, Zoning, Article I, Section 902.03 Zoning Map, by changing from R1A-M, Residential Single-Unit Attached, Moderate Density and LNC, Local Neighborhood Commercial Districts to UNC, Urban Neighborhood Commercial District certain property roughly bounded by Hamilton Avenue, Finance Street, North Homewood Ave and Zenith Way; changing from R1A-M, Residential Single-Unit Attached, Moderate Density District to R1A-VH, Residential Single-Unit Attached, Very High Density District certain property roughly bounded by Zenith Way, Hamilton Avenue, North Braddock Avenue, North Richland Street and Finance Street; and changing from UI, Urban Industrial District to R1A-VH, Residential Single-Unit Attached, Very High Density District certain property roughly bounded by Alsace Way, Brushton Avenue, Rosedale Street and Susquehanna Street; all in the Allegheny County Block and Lot System, 13th Ward.", "intro_date": "2012-10-31", "status_legistar": "Passed Finally", "status": "adopted", "final_action": "Passed Finally", "final_action_date": "2013-02-05", "passed_date": "2013-02-05", "mayor_signed_date": "2013-02-06", "days_intro_to_final": 97, "passed_pursuant_to_case_law": false, "public_hearing_held_date": "2013-01-29", "referred_to_planning_commission_in_history": true, "vote_action": "Passed Finally", "vote_date": "2013-02-05", "votes_aye": 8, "votes_nay": 0, "votes_abstain": 0, "votes_absent_or_other": 1, "votes_other_detail": "Absent=1", "vote_source": "eventitems/198472/votes", "from_districts": "R1A-M|LNC|UI", "to_districts": "UNC|R1A-VH", "from_to_pairs": "R1A-M>UNC|LNC>UNC|R1A-M>R1A-VH|UI>R1A-VH", "multi_unit_code_change_today": "->P|P>P|->-|S>-", "byright_ceiling_effect_today": "increases_byright_residential_ceiling", "cu_district_zoned": "", "housing_typology": "", "units_stated": "", "beds_or_residents_stated": "", "addresses": "", "parcels": "174-N-182|174-N-203|174-P-1|175-A-1|175-B-8|175-C-137|175-G-9", "legistar_api_url": "https://webapi.legistar.com/v1/pittsburgh/matters/16007", "legistar_web_url": "https://pittsburgh.legistar.com/gateway.aspx?M=F&ID=F872E4D1-0DEF-4B1E-83A3-EB2C2222B0C7", "geocode_method": "allegheny_parcel_centroid_mean", "geocode_detail": "5 of 7 parcel ids matched MAPBLOCKLOT", "parcels_matched": "175-C-137|175-B-8|174-P-1|174-N-203|175-A-1", "as_of": "2026-09-26"}}, {"type": "Feature", "geometry": {"type": "Point", "coordinates": [-79.913574, 40.464925]}, "properties": {"matter_id": 16665, "file_number": "2013-1528", "matter_type": "Ordinance", "action_category": "map_amendment", "action_subtype": "site_rezoning", "residential_relevance": "enables_more_housing_byright", "title": "Ordinance amending the Pittsburgh Code, Title Nine, Zoning, Article I, Section 902.03 Zoning Map, by changing from R1D-H, Residential Single-Unit Detached, High Density District; R1A-H, Residential Single-Unit Attached, High Density District; and P Parks District; to R2-H, Residential Two-Unit, High Density District; RM-M, Residential Multi-Unit, Moderate Density District; RM-H, Residential Multi-Unit, High Density District and LNC, Local Neighborhood Commercial District; various properties located between Larimer Avenue and Negley Run Road and between Larimer Avenue and Paulson Avenue in the neighborhood of Larimer; 11th & 12th Wards. (Report and Recommendation received from the Planning Commission)", "intro_date": "2013-05-14", "status_legistar": "Passed Finally", "status": "adopted", "final_action": "Passed Finally", "final_action_date": "2013-07-09", "passed_date": "2013-07-09", "mayor_signed_date": "2013-07-15", "days_intro_to_final": 56, "passed_pursuant_to_case_law": false, "public_hearing_held_date": "2013-06-26", "referred_to_planning_commission_in_history": false, "vote_action": "Passed Finally", "vote_date": "2013-07-09", "votes_aye": 7, "votes_nay": 0, "votes_abstain": 0, "votes_absent_or_other": 2, "votes_other_detail": "Absent=1; Out of Room=1", "vote_source": "eventitems/204590/votes", "from_districts": "R1D-H|R1A-H|P", "to_districts": "R2-H", "from_to_pairs": "R1D-H>R2-H|R1A-H>R2-H|P>R2-H", "multi_unit_code_change_today": "->-|->-|->-", "byright_ceiling_effect_today": "increases_byright_residential_ceiling", "cu_district_zoned": "", "housing_typology": "", "units_stated": "", "beds_or_residents_stated": "", "addresses": "", "parcels": "84-D-160|83-M-186|83-M-215|124-J-102|124-J-293|124-J-295|124-J-260|124-N-231|124-N-239|124-N-302|124-N-291|124-N-248|124-J-224|124-J-161|124-J-132", "legistar_api_url": "https://webapi.legistar.com/v1/pittsburgh/matters/16665", "legistar_web_url": "https://pittsburgh.legistar.com/gateway.aspx?M=F&ID=DC2588C3-3A9D-489F-9F4B-E355DB2BE631", "geocode_method": "allegheny_parcel_centroid_mean", "geocode_detail": "10 of 15 parcel ids matched MAPBLOCKLOT", "parcels_matched": "83-M-186|124-N-239|124-J-132|124-N-302|124-N-248|124-J-224|124-N-291|124-J-293|124-J-260|124-J-295", "as_of": "2026-09-26"}}, {"type": "Feature", "geometry": {"type": "Point", "coordinates": [-80.085693, 40.449186]}, "properties": {"matter_id": 16973, "file_number": "2013-1826", "matter_type": "Ordinance", "action_category": "map_amendment", "action_subtype": "site_rezoning", "residential_relevance": "reduces_housing_byright", "title": "Ordinance Amending the Pittsburgh Code, Title Nine, Zoning, Article I, Section 902.03 Zoning Map, by changing from RM-M, Residential Multi-Unit, Moderate Density District to UI, Urban Industrial District, approximately 26 acres of property having frontage along the northwesterly side of Broadhead Fording Road; in the 28th Ward.", "intro_date": "2013-09-04", "status_legistar": "Passed Finally", "status": "adopted", "final_action": "Passed Finally", "final_action_date": "2013-10-22", "passed_date": "2013-10-22", "mayor_signed_date": "2013-10-23", "days_intro_to_final": 48, "passed_pursuant_to_case_law": false, "public_hearing_held_date": "2013-10-09", "referred_to_planning_commission_in_history": false, "vote_action": "Passed Finally", "vote_date": "2013-10-22", "votes_aye": 7, "votes_nay": 0, "votes_abstain": 0, "votes_absent_or_other": 1, "votes_other_detail": "Absent=1", "vote_source": "eventitems/208275/votes", "from_districts": "RM-M", "to_districts": "UI", "from_to_pairs": "RM-M>UI", "multi_unit_code_change_today": "P>S", "byright_ceiling_effect_today": "decreases_byright_residential_ceiling", "cu_district_zoned": "", "housing_typology": "", "units_stated": "", "beds_or_residents_stated": "", "addresses": "", "parcels": "107-H-100", "legistar_api_url": "https://webapi.legistar.com/v1/pittsburgh/matters/16973", "legistar_web_url": "https://pittsburgh.legistar.com/gateway.aspx?M=F&ID=6F1426E4-AE7C-4DE6-98C3-F47EB29A33E2", "geocode_method": "allegheny_parcel_centroid", "geocode_detail": "1 of 1 parcel ids matched MAPBLOCKLOT", "parcels_matched": "107-H-100", "as_of": "2026-09-26"}}, {"type": "Feature", "geometry": {"type": "Point", "coordinates": [-79.942662, 40.407144]}, "properties": {"matter_id": 17614, "file_number": "2014-0270", "matter_type": "Resolution", "action_category": "conditional_use", "action_subtype": "cu_use_approval", "residential_relevance": "non_residential", "title": "Resolution approving a Conditional Use under the Pittsburgh Code, Title Nine, Zoning, Article V, Chapter 911, Section 911.04.A.64 to Propel Schools, lessee and St. Stephen's Roman Catholic Church, property owner, for authorization to renovate and occupy a three-story building as an Elementary School, General for grades K through 6 and a maximum enrollment of 300 students, located at 134 East Elizabeth Street on property zoned R1D-M, Residential Single -Unit Detached Moderate Density District, 15th Ward.", "intro_date": "2014-03-25", "status_legistar": "Died due to expiration of legislative council session", "status": "expired_end_of_session", "final_action": "TABLED", "final_action_date": "2014-04-09", "passed_date": "2015-12-31", "mayor_signed_date": "", "days_intro_to_final": 15, "passed_pursuant_to_case_law": false, "public_hearing_held_date": "", "referred_to_planning_commission_in_history": false, "vote_action": "", "vote_date": "", "votes_aye": "", "votes_nay": "", "votes_abstain": "", "votes_absent_or_other": "", "votes_other_detail": "", "vote_source": "", "from_districts": "", "to_districts": "", "from_to_pairs": "", "multi_unit_code_change_today": "", "byright_ceiling_effect_today": "", "cu_district_zoned": "R1D-M", "housing_typology": "", "units_stated": "", "beds_or_residents_stated": "300", "addresses": "134 East Elizabeth Street", "parcels": "", "legistar_api_url": "https://webapi.legistar.com/v1/pittsburgh/matters/17614", "legistar_web_url": "https://pittsburgh.legistar.com/gateway.aspx?M=F&ID=1DC7C5E9-B824-4A5A-9E31-DB05A83A637D", "geocode_method": "census_geocoder_onelineaddress", "geocode_detail": "input '134 East Elizabeth Street, Pittsburgh, PA' -> '134 E ELIZABETH ST, PITTSBURGH, PA, 15207'", "parcels_matched": "", "as_of": "2026-09-26"}}, {"type": "Feature", "geometry": {"type": "Point", "coordinates": [-79.982425, 40.442621]}, "properties": {"matter_id": 17747, "file_number": "2014-0397", "matter_type": "Resolution", "action_category": "conditional_use", "action_subtype": "cu_use_approval", "residential_relevance": "non_residential", "title": "Resolution approving a Conditional Use under the Pittsburgh Code, Title Nine, Zoning, Article V, Chapter 911, Section 911.04.A.64 to Hill House Passport Academy Charter School, lessee and Hill House Association, property owner, for authorization to occupy a portion of a three-story building as a Secondary School, General for grades 9 through 12 and a maximum enrollment of 180 students, located at 1825 Centre Avenue on property zoned RM-M, Residential Multi -Unit, Moderate Density District, 3rd Ward.", "intro_date": "2014-05-06", "status_legistar": "Passed Finally", "status": "adopted", "final_action": "Passed Finally", "final_action_date": "2014-06-17", "passed_date": "2014-06-17", "mayor_signed_date": "", "days_intro_to_final": 42, "passed_pursuant_to_case_law": false, "public_hearing_held_date": "2014-06-05", "referred_to_planning_commission_in_history": false, "vote_action": "Passed Finally", "vote_date": "2014-06-17", "votes_aye": 9, "votes_nay": 0, "votes_abstain": 0, "votes_absent_or_other": 0, "votes_other_detail": "", "vote_source": "eventitems/218741/votes", "from_districts": "", "to_districts": "", "from_to_pairs": "", "multi_unit_code_change_today": "", "byright_ceiling_effect_today": "", "cu_district_zoned": "RM-M", "housing_typology": "", "units_stated": "", "beds_or_residents_stated": "180", "addresses": "1825 Centre Avenue", "parcels": "", "legistar_api_url": "https://webapi.legistar.com/v1/pittsburgh/matters/17747", "legistar_web_url": "https://pittsburgh.legistar.com/gateway.aspx?M=F&ID=CD3A3F8D-55EE-405D-B64E-F50FEA605A76", "geocode_method": "census_geocoder_onelineaddress", "geocode_detail": "input '1825 Centre Avenue, Pittsburgh, PA' -> '1825 CENTRE AVE, PITTSBURGH, PA, 15219'", "parcels_matched": "", "as_of": "2026-09-26"}}, {"type": "Feature", "geometry": {"type": "Point", "coordinates": [-80.001797, 40.432017]}, "properties": {"matter_id": 18717, "file_number": "2015-1296", "matter_type": "Ordinance", "action_category": "map_amendment", "action_subtype": "text_amendment_other", "residential_relevance": "not_a_map_change", "title": "Ordinance amending the Pittsburgh Code, Title Nine, Zoning, Article IV, Chapter 909.01.I by adding a new section 909.01.I.4 to establish the standards applicable to the existing SP-4 (IV) East Station Square subdistrict; renumbering existing Article IV, Chapter 909.01.I.4 \u201cRegulations Applicable Throughout the SP-4 District\u201d to Chapter 909.01.I.5; and amending Article I, Chapter 902.03 to modify the Zoning Map to include Block and Lot 4-D-45 and the remaining portion of Block and Lot 4-D-60 in the SP-4 (IV) East Station Square subdistrict.", "intro_date": "2015-02-06", "status_legistar": "Passed Finally", "status": "adopted", "final_action": "Passed Finally", "final_action_date": "2015-03-24", "passed_date": "2015-03-24", "mayor_signed_date": "2015-03-26", "days_intro_to_final": 46, "passed_pursuant_to_case_law": false, "public_hearing_held_date": "2015-03-17", "referred_to_planning_commission_in_history": false, "vote_action": "Passed Finally", "vote_date": "2015-03-24", "votes_aye": 8, "votes_nay": 0, "votes_abstain": 1, "votes_absent_or_other": 0, "votes_other_detail": "", "vote_source": "eventitems/230425/votes", "from_districts": "SP-4|P", "to_districts": "SP-4", "from_to_pairs": "", "multi_unit_code_change_today": "", "byright_ceiling_effect_today": "", "cu_district_zoned": "", "housing_typology": "", "units_stated": "", "beds_or_residents_stated": "", "addresses": "", "parcels": "4-D-45|4-D-60", "legistar_api_url": "https://webapi.legistar.com/v1/pittsburgh/matters/18717", "legistar_web_url": "https://pittsburgh.legistar.com/gateway.aspx?M=F&ID=01115765-9A64-44DB-973A-26D20DC1B942", "geocode_method": "allegheny_parcel_centroid", "geocode_detail": "1 of 2 parcel ids matched MAPBLOCKLOT", "parcels_matched": "4-D-60", "as_of": "2026-09-26"}}, {"type": "Feature", "geometry": {"type": "Point", "coordinates": [-79.946738, 40.447089]}, "properties": {"matter_id": 19023, "file_number": "2015-1591", "matter_type": "Resolution", "action_category": "conditional_use", "action_subtype": "cu_use_approval", "residential_relevance": "non_residential", "title": "Resolution approving a Conditional Use Application under the Pittsburgh Code, Title Nine, Zoning, Article V Chapter 911 Section 911.04.A.64 to the Central Catholic High School, Inc., property owner, for authorization to expand the Elementary/Secondary School (General) use at 4750 5th Avenue, zoned \u201cRM-H\u201d Residential Multi-Family, High Density District, 14th Ward, Council District No. 8", "intro_date": "2015-05-01", "status_legistar": "Passed Finally", "status": "adopted", "final_action": "Passed Finally", "final_action_date": "2015-06-09", "passed_date": "2015-06-09", "mayor_signed_date": "2015-06-11", "days_intro_to_final": 39, "passed_pursuant_to_case_law": false, "public_hearing_held_date": "2015-05-28", "referred_to_planning_commission_in_history": false, "vote_action": "Passed Finally", "vote_date": "2015-06-09", "votes_aye": 7, "votes_nay": 0, "votes_abstain": 1, "votes_absent_or_other": 1, "votes_other_detail": "Absent=1", "vote_source": "eventitems/233730/votes", "from_districts": "", "to_districts": "", "from_to_pairs": "", "multi_unit_code_change_today": "", "byright_ceiling_effect_today": "", "cu_district_zoned": "RM-H", "housing_typology": "", "units_stated": "", "beds_or_residents_stated": "", "addresses": "4750 5th Avenue", "parcels": "", "legistar_api_url": "https://webapi.legistar.com/v1/pittsburgh/matters/19023", "legistar_web_url": "https://pittsburgh.legistar.com/gateway.aspx?M=F&ID=145AD3D4-BD80-48EC-B098-A75EF82E2811", "geocode_method": "census_geocoder_onelineaddress", "geocode_detail": "input '4750 5th Avenue, Pittsburgh, PA' -> '4750 5TH AVE, PITTSBURGH, PA, 15213'", "parcels_matched": "", "as_of": "2026-09-26"}}, {"type": "Feature", "geometry": {"type": "Point", "coordinates": [-79.945877, 40.446194]}, "properties": {"matter_id": 19024, "file_number": "2015-1592", "matter_type": "Ordinance", "action_category": "map_amendment", "action_subtype": "site_rezoning", "residential_relevance": "enables_more_housing_byright", "title": "Ordinance amending the Pittsburgh Code, Title Nine, Zoning, Article I, Section 902.03 Zoning Map, by changing from EMI, Educational/Medical Institution District, to RM-H, Residential Multi-Unit, High Density District, the remainder of the property identified as Block Number 52-J, lot number 264 in the Allegheny County Block and Lot System.", "intro_date": "2015-05-01", "status_legistar": "Passed Finally", "status": "adopted", "final_action": "Passed Finally", "final_action_date": "2015-06-09", "passed_date": "2015-06-09", "mayor_signed_date": "2015-06-11", "days_intro_to_final": 39, "passed_pursuant_to_case_law": false, "public_hearing_held_date": "2015-05-28", "referred_to_planning_commission_in_history": false, "vote_action": "Passed Finally", "vote_date": "2015-06-09", "votes_aye": 7, "votes_nay": 0, "votes_abstain": 1, "votes_absent_or_other": 1, "votes_other_detail": "Absent=1", "vote_source": "eventitems/233731/votes", "from_districts": "EMI", "to_districts": "RM-H", "from_to_pairs": "EMI>RM-H", "multi_unit_code_change_today": "A>P", "byright_ceiling_effect_today": "increases_byright_residential_ceiling", "cu_district_zoned": "", "housing_typology": "", "units_stated": "", "beds_or_residents_stated": "", "addresses": "", "parcels": "52-J-264", "legistar_api_url": "https://webapi.legistar.com/v1/pittsburgh/matters/19024", "legistar_web_url": "https://pittsburgh.legistar.com/gateway.aspx?M=F&ID=0C7F11C3-C1D8-4255-86E3-98B44CA7DBC0", "geocode_method": "allegheny_parcel_centroid", "geocode_detail": "1 of 1 parcel ids matched MAPBLOCKLOT", "parcels_matched": "52-J-264", "as_of": "2026-09-26"}}, {"type": "Feature", "geometry": {"type": "Point", "coordinates": [-79.935267, 40.458819]}, "properties": {"matter_id": 19110, "file_number": "2015-1678", "matter_type": "Ordinance", "action_category": "map_amendment", "action_subtype": "site_rezoning", "residential_relevance": "reduces_housing_byright", "title": "Ordinance amending the Pittsburgh Code, Title Nine, Zoning, Article I, Section 902.03 Zoning Map, by changing from R3-M, Residential Three-Unit, Moderate Density, to P, Parks District, a certain property identified as Block Number 51-H, lot number 118 in the Allegheny County Block and Lot System. 400 Roup Avenue.", "intro_date": "2015-05-22", "status_legistar": "Passed Finally", "status": "adopted", "final_action": "Passed Finally", "final_action_date": "2015-08-03", "passed_date": "2015-08-03", "mayor_signed_date": "2015-08-11", "days_intro_to_final": 73, "passed_pursuant_to_case_law": false, "public_hearing_held_date": "2015-07-21", "referred_to_planning_commission_in_history": false, "vote_action": "Passed Finally", "vote_date": "2015-08-03", "votes_aye": 9, "votes_nay": 0, "votes_abstain": 0, "votes_absent_or_other": 0, "votes_other_detail": "", "vote_source": "eventitems/236554/votes", "from_districts": "R3-M", "to_districts": "P", "from_to_pairs": "R3-M>P", "multi_unit_code_change_today": "->-", "byright_ceiling_effect_today": "decreases_byright_residential_ceiling", "cu_district_zoned": "", "housing_typology": "", "units_stated": "", "beds_or_residents_stated": "", "addresses": "400 Roup Avenue", "parcels": "51-H-118", "legistar_api_url": "https://webapi.legistar.com/v1/pittsburgh/matters/19110", "legistar_web_url": "https://pittsburgh.legistar.com/gateway.aspx?M=F&ID=9AB30FCE-47C2-426E-8687-B60EF0F38073", "geocode_method": "allegheny_parcel_centroid", "geocode_detail": "1 of 1 parcel ids matched MAPBLOCKLOT", "parcels_matched": "51-H-118", "as_of": "2026-09-26"}}, {"type": "Feature", "geometry": {"type": "Point", "coordinates": [-79.971455, 40.445823]}, "properties": {"matter_id": 19124, "file_number": "2015-1690", "matter_type": "Ordinance", "action_category": "map_amendment", "action_subtype": "site_rezoning", "residential_relevance": "no_change_in_residential_ceiling", "title": "Ordinance amending the Pittsburgh Code, Title Nine, Zoning, Article I, Section 902.03 Zoning Map, by changing from RM-M, Residential Multi-Unit, Moderate Density, to LNC, Local Neighborhood Commercial, certain properties identified as Block Number 10-L, lot numbers 252 and 255 (2423 & 2435 Centre Avenue) all in the Allegheny County Block and Lot System.", "intro_date": "2015-05-29", "status_legistar": "Passed Finally", "status": "adopted", "final_action": "Passed Finally", "final_action_date": "2015-08-03", "passed_date": "2015-08-03", "mayor_signed_date": "2015-08-11", "days_intro_to_final": 66, "passed_pursuant_to_case_law": false, "public_hearing_held_date": "2015-07-21", "referred_to_planning_commission_in_history": false, "vote_action": "Passed Finally", "vote_date": "2015-08-03", "votes_aye": 9, "votes_nay": 0, "votes_abstain": 0, "votes_absent_or_other": 0, "votes_other_detail": "", "vote_source": "eventitems/236576/votes", "from_districts": "RM-M", "to_districts": "LNC", "from_to_pairs": "RM-M>LNC", "multi_unit_code_change_today": "P>P", "byright_ceiling_effect_today": "same_residential_ceiling", "cu_district_zoned": "", "housing_typology": "", "units_stated": "", "beds_or_residents_stated": "", "addresses": "2435 Centre Avenue", "parcels": "10-L-252", "legistar_api_url": "https://webapi.legistar.com/v1/pittsburgh/matters/19124", "legistar_web_url": "https://pittsburgh.legistar.com/gateway.aspx?M=F&ID=7277613F-A1AE-4049-B292-53E267B2E976", "geocode_method": "allegheny_parcel_centroid", "geocode_detail": "1 of 1 parcel ids matched MAPBLOCKLOT", "parcels_matched": "10-L-252", "as_of": "2026-09-26"}}, {"type": "Feature", "geometry": {"type": "Point", "coordinates": [-79.995182, 40.454938]}, "properties": {"matter_id": 19240, "file_number": "2015-1805", "matter_type": "Ordinance", "action_category": "map_amendment", "action_subtype": "site_rezoning", "residential_relevance": "enables_more_housing_byright", "title": "Ordinance amending the Pittsburgh Code, Title Nine, Zoning, Article I, Section 902.03 Zoning Map, by changing from R1A-H, Residential Single-Unit Attached, High Density District, to NDI, Neighborhood Industrial District, certain property bounded by Phineas Street; Chestnut Street; the northernmost boundary line of the Neighborhood Industrial Zoning District; a line extending in a westerly direction from that point to Guckert Way; the northernmost boundary of Block Number 24-P, Lot Number 4 in the Allegheny County Block and Lot System; the northernmost boundary of Block Number 24-P, Lot Number 9 in the aforesaid system; and Guckert Way.", "intro_date": "2015-06-29", "status_legistar": "Passed Finally", "status": "adopted", "final_action": "Passed Finally", "final_action_date": "2015-11-23", "passed_date": "2015-11-23", "mayor_signed_date": "2015-11-25", "days_intro_to_final": 147, "passed_pursuant_to_case_law": false, "public_hearing_held_date": "2015-11-12", "referred_to_planning_commission_in_history": true, "vote_action": "Passed Finally", "vote_date": "2015-11-23", "votes_aye": 6, "votes_nay": 0, "votes_abstain": 0, "votes_absent_or_other": 3, "votes_other_detail": "Absent=1; Out of Room=2", "vote_source": "eventitems/241120/votes", "from_districts": "R1A-H", "to_districts": "NDI", "from_to_pairs": "R1A-H>NDI", "multi_unit_code_change_today": "->P", "byright_ceiling_effect_today": "increases_byright_residential_ceiling", "cu_district_zoned": "", "housing_typology": "", "units_stated": "", "beds_or_residents_stated": "", "addresses": "", "parcels": "24-P-4|24-P-9", "legistar_api_url": "https://webapi.legistar.com/v1/pittsburgh/matters/19240", "legistar_web_url": "https://pittsburgh.legistar.com/gateway.aspx?M=F&ID=7D8CEE7C-179B-49C0-89A4-5F39F7A955CE", "geocode_method": "allegheny_parcel_centroid_mean", "geocode_detail": "2 of 2 parcel ids matched MAPBLOCKLOT", "parcels_matched": "24-P-4|24-P-9", "as_of": "2026-09-26"}}, {"type": "Feature", "geometry": {"type": "Point", "coordinates": [-79.976943, 40.426096]}, "properties": {"matter_id": 19273, "file_number": "2015-1837", "matter_type": "Ordinance", "action_category": "map_amendment", "action_subtype": "site_rezoning", "residential_relevance": "reduces_housing_byright", "title": "Ordinance amending the Pittsburgh Code, Title Nine, Zoning, Article I, Section 902.03 Zoning Map, by changing from EMI, Educational/Medical Institution District to UI, Urban Industrial, a certain property identified as 2015 Mary Street, Block Number 12-K, lot number 350; in the Allegheny County Block and Lot System.", "intro_date": "2015-07-10", "status_legistar": "Passed Finally", "status": "adopted", "final_action": "Passed Finally", "final_action_date": "2015-10-13", "passed_date": "2015-10-13", "mayor_signed_date": "2015-10-21", "days_intro_to_final": 95, "passed_pursuant_to_case_law": false, "public_hearing_held_date": "2015-10-06", "referred_to_planning_commission_in_history": false, "vote_action": "Passed Finally", "vote_date": "2015-10-13", "votes_aye": 7, "votes_nay": 0, "votes_abstain": 0, "votes_absent_or_other": 2, "votes_other_detail": "Absent=2", "vote_source": "eventitems/239138/votes", "from_districts": "EMI", "to_districts": "UI", "from_to_pairs": "EMI>UI", "multi_unit_code_change_today": "A>S", "byright_ceiling_effect_today": "decreases_byright_residential_ceiling", "cu_district_zoned": "", "housing_typology": "", "units_stated": "", "beds_or_residents_stated": "", "addresses": "2015 Mary Street", "parcels": "12-K-350", "legistar_api_url": "https://webapi.legistar.com/v1/pittsburgh/matters/19273", "legistar_web_url": "https://pittsburgh.legistar.com/gateway.aspx?M=F&ID=9C2CC0A5-B8E1-4A4B-9FDF-48F22C149F6A", "geocode_method": "allegheny_parcel_centroid", "geocode_detail": "1 of 1 parcel ids matched MAPBLOCKLOT", "parcels_matched": "12-K-350", "as_of": "2026-09-26"}}, {"type": "Feature", "geometry": {"type": "Point", "coordinates": [-79.922988, 40.476042]}, "properties": {"matter_id": 19383, "file_number": "2015-1937", "matter_type": "Resolution", "action_category": "conditional_use", "action_subtype": "cu_use_approval", "residential_relevance": "non_residential", "title": "Resolution approving a Conditional Use Application under the Pittsburgh Code, Title Nine, Zoning, Article V Chapter 911 Section 911.04.A.7 to Karen and Randall Woods, property owners, for authorization to operate a Bed and Breakfast (General) use at 1156 Portland Street, zoned \u201cR2-M\u201d Residential Two-Unit, Moderate Density District, 11th Ward, Council District No. 7", "intro_date": "2015-08-28", "status_legistar": "Passed Finally", "status": "adopted", "final_action": "Passed Finally, As Amended", "final_action_date": "2015-10-20", "passed_date": "2015-10-20", "mayor_signed_date": "2015-10-28", "days_intro_to_final": 53, "passed_pursuant_to_case_law": false, "public_hearing_held_date": "2015-10-06", "referred_to_planning_commission_in_history": false, "vote_action": "Passed Finally, As Amended", "vote_date": "2015-10-20", "votes_aye": 9, "votes_nay": 0, "votes_abstain": 0, "votes_absent_or_other": 0, "votes_other_detail": "", "vote_source": "eventitems/239746/votes", "from_districts": "", "to_districts": "", "from_to_pairs": "", "multi_unit_code_change_today": "", "byright_ceiling_effect_today": "", "cu_district_zoned": "R2-M", "housing_typology": "", "units_stated": "", "beds_or_residents_stated": "", "addresses": "1156 Portland Street", "parcels": "", "legistar_api_url": "https://webapi.legistar.com/v1/pittsburgh/matters/19383", "legistar_web_url": "https://pittsburgh.legistar.com/gateway.aspx?M=F&ID=2E9835A6-66F9-4B13-AF49-3757713170DE", "geocode_method": "census_geocoder_onelineaddress", "geocode_detail": "input '1156 Portland Street, Pittsburgh, PA' -> '1156 PORTLAND ST, PITTSBURGH, PA, 15206'", "parcels_matched": "", "as_of": "2026-09-26"}}, {"type": "Feature", "geometry": {"type": "Point", "coordinates": [-79.94714, 40.446449]}, "properties": {"matter_id": 19631, "file_number": "2015-2177", "matter_type": "Ordinance", "action_category": "map_amendment", "action_subtype": "site_rezoning", "residential_relevance": "reduces_housing_byright", "title": "Ordinance amending the Pittsburgh Code, Title Nine, Zoning, Article I, Section 902.03 Zoning Map, by changing 15 separate parcels located in Squirrel Hill North, Shadyside and North Oakland, from R1A-H to EMI, from RM-H, to EMI, and changing from RM-VH, to EMI all in the Allegheny County Block and Lot System, 14th Ward, as part of the update to the Institutional Master Plan for Carnegie Mellon University.", "intro_date": "2015-10-30", "status_legistar": "Passed Finally", "status": "adopted", "final_action": "Passed Finally", "final_action_date": "2015-12-21", "passed_date": "2015-12-21", "mayor_signed_date": "2015-12-28", "days_intro_to_final": 52, "passed_pursuant_to_case_law": false, "public_hearing_held_date": "2015-12-14", "referred_to_planning_commission_in_history": false, "vote_action": "Passed Finally", "vote_date": "2015-12-21", "votes_aye": 9, "votes_nay": 0, "votes_abstain": 0, "votes_absent_or_other": 0, "votes_other_detail": "", "vote_source": "eventitems/243448/votes", "from_districts": "R1A-H|RM-H|RM-VH", "to_districts": "EMI", "from_to_pairs": "R1A-H>EMI|RM-H>EMI|RM-VH>EMI", "multi_unit_code_change_today": "->A|P>A|P>A", "byright_ceiling_effect_today": "decreases_byright_residential_ceiling", "cu_district_zoned": "", "housing_typology": "", "units_stated": "", "beds_or_residents_stated": "", "addresses": "4614 Henry Street|4618 Henry Street|4616 Henry Street|4615 Filmore Street|4721 5th Ave|4723 5th Avenue|4720 5th Avenue|4700 5th Avenue", "parcels": "52-J-177|52-J-181|52-J-191|52-J-316|52-J-317|52-J-320|52-J-322|52-J-325|52-E-227|52-J-69|52-J-74|52-J-87|52-J-264|52-J-114", "legistar_api_url": "https://webapi.legistar.com/v1/pittsburgh/matters/19631", "legistar_web_url": "https://pittsburgh.legistar.com/gateway.aspx?M=F&ID=354AA3BE-5611-42BF-81C5-9BD501D1A554", "geocode_method": "allegheny_parcel_centroid_mean", "geocode_detail": "14 of 14 parcel ids matched MAPBLOCKLOT", "parcels_matched": "52-J-191|52-J-87|52-J-322|52-J-114|52-J-325|52-J-264|52-J-181|52-J-177|52-J-74|52-J-320|52-J-69|52-E-227|52-J-317|52-J-316", "as_of": "2026-09-26"}}, {"type": "Feature", "geometry": {"type": "Point", "coordinates": [-79.929694, 40.462065]}, "properties": {"matter_id": 19734, "file_number": "2015-2259", "matter_type": "Ordinance", "action_category": "map_amendment", "action_subtype": "site_rezoning", "residential_relevance": "unclear_special_district", "title": "Ordinance amending the Pittsburgh Code, Title Nine, Zoning, Article I, Section 902.03 Zoning Map, by changing a certain property known as 5600 Penn Ave, block number 83-N, lot 125 in the Allegheny County Block and Lot System from RP, Residential Planned Unit Development, to AP, Mixed Use Planned Unit Development, and changing a certain property known as Enright Parklet, block number 84-A, lot 176 in the Allegheny County Block and Lot System from R3-M, Residential Three-unit, Moderate Density, to AP, Mixed Use Planned Unit Development.", "intro_date": "2015-11-20", "status_legistar": "Held In Council", "status": "held", "final_action": "Held for Cablecast Public Hearing", "final_action_date": "2015-12-02", "passed_date": "", "mayor_signed_date": "", "days_intro_to_final": "", "passed_pursuant_to_case_law": false, "public_hearing_held_date": "", "referred_to_planning_commission_in_history": false, "vote_action": "", "vote_date": "", "votes_aye": "", "votes_nay": "", "votes_abstain": "", "votes_absent_or_other": "", "votes_other_detail": "", "vote_source": "", "from_districts": "RP|R3-M", "to_districts": "AP", "from_to_pairs": "RP>AP|R3-M>AP", "multi_unit_code_change_today": "?>?|->?", "byright_ceiling_effect_today": "involves_district_not_in_911_02", "cu_district_zoned": "", "housing_typology": "", "units_stated": "", "beds_or_residents_stated": "", "addresses": "5600 Penn Ave", "parcels": "83-N-125|84-A-176", "legistar_api_url": "https://webapi.legistar.com/v1/pittsburgh/matters/19734", "legistar_web_url": "https://pittsburgh.legistar.com/gateway.aspx?M=F&ID=E577C64C-17CB-4632-90BD-FF2753BE901A", "geocode_method": "allegheny_parcel_centroid_mean", "geocode_detail": "2 of 2 parcel ids matched MAPBLOCKLOT", "parcels_matched": "83-N-125|84-A-176", "as_of": "2026-09-26"}}, {"type": "Feature", "geometry": {"type": "Point", "coordinates": [-79.929694, 40.462065]}, "properties": {"matter_id": 19898, "file_number": "2016-0033", "matter_type": "Ordinance", "action_category": "map_amendment", "action_subtype": "site_rezoning", "residential_relevance": "unclear_special_district", "title": "Ordinance amending the Pittsburgh Code, Title Nine, Zoning, Article I, Section 902.03 Zoning Map, by changing a certain property known as 5600 Penn Ave, block number 83-N, lot 125 in the Allegheny County Block and Lot System from RP, Residential Planned Unit Development, to AP, Mixed Use Planned Unit Development, and changing a certain property known as Enright Parklet, block number 84-A, lot 176 in the Allegheny County Block and Lot System from R3-M, Residential Three-unit, Moderate Density, to AP, Mixed Use Planned Unit Development. Specific Conditions for approval of this zone change are attached to the Ordinance as Exhibit A.", "intro_date": "2016-01-15", "status_legistar": "Passed Finally", "status": "adopted", "final_action": "Passed Finally, As Amended", "final_action_date": "2016-04-19", "passed_date": "2016-04-19", "mayor_signed_date": "2016-04-22", "days_intro_to_final": 95, "passed_pursuant_to_case_law": false, "public_hearing_held_date": "2016-03-22", "referred_to_planning_commission_in_history": false, "vote_action": "Passed Finally, As Amended", "vote_date": "2016-04-19", "votes_aye": 7, "votes_nay": 0, "votes_abstain": 0, "votes_absent_or_other": 2, "votes_other_detail": "Absent=1; Out of Room=1", "vote_source": "eventitems/247976/votes", "from_districts": "RP|R3-M", "to_districts": "AP", "from_to_pairs": "RP>AP|R3-M>AP", "multi_unit_code_change_today": "?>?|->?", "byright_ceiling_effect_today": "involves_district_not_in_911_02", "cu_district_zoned": "", "housing_typology": "", "units_stated": "", "beds_or_residents_stated": "", "addresses": "5600 Penn Ave", "parcels": "83-N-125|84-A-176", "legistar_api_url": "https://webapi.legistar.com/v1/pittsburgh/matters/19898", "legistar_web_url": "https://pittsburgh.legistar.com/gateway.aspx?M=F&ID=5C383C70-B57A-4EAD-9001-12D930A5E515", "geocode_method": "allegheny_parcel_centroid_mean", "geocode_detail": "2 of 2 parcel ids matched MAPBLOCKLOT", "parcels_matched": "83-N-125|84-A-176", "as_of": "2026-09-26"}}, {"type": "Feature", "geometry": {"type": "Point", "coordinates": [-79.927606, 40.431967]}, "properties": {"matter_id": 19938, "file_number": "2016-0073", "matter_type": "Resolution", "action_category": "conditional_use", "action_subtype": "cu_use_approval", "residential_relevance": "residential_use", "title": "Resolution approving a Conditional Use Application under the Pittsburgh Code, Title Nine, Zoning, Article V Chapter 911 Section 911.04.A.41 to Yeshivath Achei Tmimim of Pittsburgh Inc., property owners, for authorization to operate a Multi-Suite Residential (Limited) use at 2120 Wightman Street, zoned \"RM-M\" Residential Multi-Family, Moderate Density District, 14th Ward, Council District No. 5", "intro_date": "2016-01-29", "status_legistar": "Passed Finally", "status": "adopted", "final_action": "Passed Finally", "final_action_date": "2016-03-22", "passed_date": "2016-03-22", "mayor_signed_date": "", "days_intro_to_final": 53, "passed_pursuant_to_case_law": false, "public_hearing_held_date": "2016-03-14", "referred_to_planning_commission_in_history": false, "vote_action": "Passed Finally", "vote_date": "2016-03-22", "votes_aye": 8, "votes_nay": 0, "votes_abstain": 0, "votes_absent_or_other": 1, "votes_other_detail": "Absent=1", "vote_source": "eventitems/246619/votes", "from_districts": "", "to_districts": "", "from_to_pairs": "", "multi_unit_code_change_today": "", "byright_ceiling_effect_today": "", "cu_district_zoned": "RM-M", "housing_typology": "multi_suite_residential", "units_stated": "", "beds_or_residents_stated": "", "addresses": "2120 Wightman Street", "parcels": "", "legistar_api_url": "https://webapi.legistar.com/v1/pittsburgh/matters/19938", "legistar_web_url": "https://pittsburgh.legistar.com/gateway.aspx?M=F&ID=67F41513-2BA0-4701-B42A-4A53DC78594A", "geocode_method": "census_geocoder_onelineaddress", "geocode_detail": "input '2120 Wightman Street, Pittsburgh, PA' -> '2120 WIGHTMAN ST, PITTSBURGH, PA, 15217'", "parcels_matched": "", "as_of": "2026-09-26"}}, {"type": "Feature", "geometry": {"type": "Point", "coordinates": [-79.932658, 40.470916]}, "properties": {"matter_id": 20281, "file_number": "2016-0406", "matter_type": "Resolution", "action_category": "conditional_use", "action_subtype": "cu_use_approval", "residential_relevance": "non_residential", "title": "Resolution approving a Conditional Use Application under the Pittsburgh Code, Title Nine, Zoning, Article V Chapter 911 Section 911.04.A.64 to The Neighborhood Academy, property owners, for authorization to operate a Secondary School (General) use at 709 N. Aiken Ave., zoned \u201cR1D-L\u201d Residential Single-Unit Detached, Low Density, 10th Ward, Council District No. 9", "intro_date": "2016-05-13", "status_legistar": "Passed Finally", "status": "adopted", "final_action": "Passed pursuant to Case Law", "final_action_date": "2016-08-01", "passed_date": "2016-08-01", "mayor_signed_date": "", "days_intro_to_final": 80, "passed_pursuant_to_case_law": true, "public_hearing_held_date": "2016-07-25", "referred_to_planning_commission_in_history": false, "vote_action": "Passed pursuant to Case Law", "vote_date": "2016-08-01", "votes_aye": "", "votes_nay": "", "votes_abstain": "", "votes_absent_or_other": "", "votes_other_detail": "", "vote_source": "votes_endpoint_http_500", "from_districts": "", "to_districts": "", "from_to_pairs": "", "multi_unit_code_change_today": "", "byright_ceiling_effect_today": "", "cu_district_zoned": "R1D-L", "housing_typology": "", "units_stated": "", "beds_or_residents_stated": "", "addresses": "709 N. Aiken Ave.", "parcels": "", "legistar_api_url": "https://webapi.legistar.com/v1/pittsburgh/matters/20281", "legistar_web_url": "https://pittsburgh.legistar.com/gateway.aspx?M=F&ID=40456309-D533-437E-85A7-FDB7FDAB724E", "geocode_method": "census_geocoder_onelineaddress", "geocode_detail": "input '709 N. Aiken Ave., Pittsburgh, PA' -> '709 N AIKEN AVE, PITTSBURGH, PA, 15206'", "parcels_matched": "", "as_of": "2026-09-26"}}, {"type": "Feature", "geometry": {"type": "Point", "coordinates": [-79.908133, 40.485239]}, "properties": {"matter_id": 20282, "file_number": "2016-0407", "matter_type": "Resolution", "action_category": "conditional_use", "action_subtype": "cu_use_approval", "residential_relevance": "non_residential", "title": "Resolution approving a Conditional Use Application under the Pittsburgh Code, Title Nine, Zoning, Article V, Chapter 911, Section 911.04.A.5 to Stephen Choder, property owner, for authorization to operate a Public Assembly (Limited) use at 7665 Lock Way West, zoned \u201cP\u201d Parks, 11th Ward, Council District No. 9", "intro_date": "2016-05-13", "status_legistar": "Passed Finally", "status": "adopted", "final_action": "Passed pursuant to Case Law", "final_action_date": "2016-09-07", "passed_date": "2016-09-07", "mayor_signed_date": "", "days_intro_to_final": 117, "passed_pursuant_to_case_law": true, "public_hearing_held_date": "2016-06-13", "referred_to_planning_commission_in_history": false, "vote_action": "Passed pursuant to Case Law", "vote_date": "2016-09-07", "votes_aye": "", "votes_nay": "", "votes_abstain": "", "votes_absent_or_other": "", "votes_other_detail": "", "vote_source": "votes_endpoint_http_500", "from_districts": "", "to_districts": "", "from_to_pairs": "", "multi_unit_code_change_today": "", "byright_ceiling_effect_today": "", "cu_district_zoned": "P", "housing_typology": "", "units_stated": "", "beds_or_residents_stated": "", "addresses": "7665 Lock Way West", "parcels": "122-K-50", "legistar_api_url": "https://webapi.legistar.com/v1/pittsburgh/matters/20282", "legistar_web_url": "https://pittsburgh.legistar.com/gateway.aspx?M=F&ID=44867513-37DC-465E-A76B-DF610EA0BCC8", "geocode_method": "allegheny_parcel_centroid", "geocode_detail": "1 of 1 parcel ids matched MAPBLOCKLOT", "parcels_matched": "122-K-50", "as_of": "2026-09-26"}}, {"type": "Feature", "geometry": {"type": "Point", "coordinates": [-79.927057, 40.427504]}, "properties": {"matter_id": 20460, "file_number": "2016-0583", "matter_type": "Ordinance", "action_category": "map_amendment", "action_subtype": "site_rezoning", "residential_relevance": "enables_more_housing_byright", "title": "Ordinance amending the Pittsburgh Code, Title Nine, Zoning, Article I, Section 902.03 Zoning Map, by changing from R2-L, Residential Two-Family Low Density, to LNC, Local Neighborhood Commercial property with frontage on Beechwood Boulevard identified as Block No. 87-K Lot 230-0-1 and Block No. 87-K Lot 210 all in the Allegheny County Block and Lot System, 15th Ward; and changing from P, Parks, to LNC, Local Neighborhood Commercial, property at 5600 Forward Avenue identified as Block No. 87-K Lot 45 and Block No. 87-K Lot 50 all in the Allegheny County Block and Lot System, 15th Ward; and changing from R2-L, Residential Two-Family Low Density, and P, Parks, to LNC, Local Neighborhood Commercial, property with frontage on Forward Avenue identified as Block No. 87-K Lot 52 in the Allegheny County Block and Lot System, 15th Ward.", "intro_date": "2016-07-01", "status_legistar": "Passed Finally", "status": "adopted", "final_action": "Passed Finally", "final_action_date": "2016-10-25", "passed_date": "2016-10-25", "mayor_signed_date": "2016-11-01", "days_intro_to_final": 116, "passed_pursuant_to_case_law": false, "public_hearing_held_date": "2016-10-10", "referred_to_planning_commission_in_history": false, "vote_action": "Passed Finally", "vote_date": "2016-10-25", "votes_aye": 7, "votes_nay": 0, "votes_abstain": 0, "votes_absent_or_other": 2, "votes_other_detail": "Absent=2", "vote_source": "eventitems/254676/votes", "from_districts": "R2-L|P", "to_districts": "LNC", "from_to_pairs": "R2-L>LNC|P>LNC|R2-L>LNC|P>LNC", "multi_unit_code_change_today": "->P|->P|->P|->P", "byright_ceiling_effect_today": "increases_byright_residential_ceiling", "cu_district_zoned": "", "housing_typology": "", "units_stated": "", "beds_or_residents_stated": "", "addresses": "5600 Forward Avenue", "parcels": "87-K-230|87-K-210|87-K-45|87-K-50|87-K-52", "legistar_api_url": "https://webapi.legistar.com/v1/pittsburgh/matters/20460", "legistar_web_url": "https://pittsburgh.legistar.com/gateway.aspx?M=F&ID=3864D87B-FA7C-46DD-AFBB-B1FD0DC1C167", "geocode_method": "allegheny_parcel_centroid", "geocode_detail": "1 of 5 parcel ids matched MAPBLOCKLOT", "parcels_matched": "87-K-50", "as_of": "2026-09-26"}}, {"type": "Feature", "geometry": {"type": "Point", "coordinates": [-79.98731, 40.439219]}, "properties": {"matter_id": 20461, "file_number": "2016-0584", "matter_type": "Resolution", "action_category": "conditional_use", "action_subtype": "cu_use_approval", "residential_relevance": "non_residential", "title": "Resolution approving a Conditional Use Application under the Pittsburgh Code, Title Nine, Zoning, Article V, Chapter 911, Section 911.04.A.72 to NRG Energy Center Pittsburgh, on behalf of the property owner Urban Redevelopment Authority, for authorization to construct and operate a Utility (General) use on Colwell Street and Our Way, a portion of Parcel 2-G-92, zoned \u201cGT-E\u201d Golden Triangle Subdistrict E, 3rd Ward, Council District No. 6", "intro_date": "2016-07-01", "status_legistar": "Passed Finally", "status": "adopted", "final_action": "Passed pursuant to Case Law", "final_action_date": "2016-09-07", "passed_date": "2016-09-07", "mayor_signed_date": "", "days_intro_to_final": 68, "passed_pursuant_to_case_law": true, "public_hearing_held_date": "2016-08-30", "referred_to_planning_commission_in_history": false, "vote_action": "Passed pursuant to Case Law", "vote_date": "2016-09-07", "votes_aye": "", "votes_nay": "", "votes_abstain": "", "votes_absent_or_other": "", "votes_other_detail": "", "vote_source": "votes_endpoint_http_500", "from_districts": "", "to_districts": "", "from_to_pairs": "", "multi_unit_code_change_today": "", "byright_ceiling_effect_today": "", "cu_district_zoned": "GT-E", "housing_typology": "", "units_stated": "", "beds_or_residents_stated": "", "addresses": "", "parcels": "2-G-92", "legistar_api_url": "https://webapi.legistar.com/v1/pittsburgh/matters/20461", "legistar_web_url": "https://pittsburgh.legistar.com/gateway.aspx?M=F&ID=97BD6F77-1DE7-4C98-8081-13980C130CBC", "geocode_method": "allegheny_parcel_centroid", "geocode_detail": "1 of 1 parcel ids matched MAPBLOCKLOT", "parcels_matched": "2-G-92", "as_of": "2026-09-26"}}, {"type": "Feature", "geometry": {"type": "Point", "coordinates": [-80.000824, 40.438753]}, "properties": {"matter_id": 20610, "file_number": "2016-0716", "matter_type": "Resolution", "action_category": "conditional_use", "action_subtype": "cu_transfer_of_development_rights", "residential_relevance": "tdr_dwelling_units", "title": "Resolution approving a Conditional Use Application under the Pittsburgh Code, Title Nine, Zoning, Article IV, Chapter 910, Section 910.01.D.1 to BET Investments on behalf of E.V. Bishoff, property owner, for the transfer of Development Rights involving 12 dwelling units from 313 Third Avenue (Parcel 1-H-365) to 319 Third Avenue (parcel 1-H-363), zoned \u201cGT-A\u201d Golden Triangle Subdistrict A, 1st Ward, Council District No. 6", "intro_date": "2016-08-26", "status_legistar": "Passed Finally", "status": "adopted", "final_action": "Passed pursuant to Case Law", "final_action_date": "2016-10-11", "passed_date": "2016-10-11", "mayor_signed_date": "", "days_intro_to_final": 46, "passed_pursuant_to_case_law": true, "public_hearing_held_date": "2016-09-27", "referred_to_planning_commission_in_history": false, "vote_action": "Passed pursuant to Case Law", "vote_date": "2016-10-11", "votes_aye": "", "votes_nay": "", "votes_abstain": "", "votes_absent_or_other": "", "votes_other_detail": "", "vote_source": "votes_endpoint_http_500", "from_districts": "", "to_districts": "", "from_to_pairs": "", "multi_unit_code_change_today": "", "byright_ceiling_effect_today": "", "cu_district_zoned": "GT-A", "housing_typology": "multi_unit", "units_stated": "12", "beds_or_residents_stated": "", "addresses": "313 Third Avenue|319 Third Avenue", "parcels": "1-H-365|1-H-363", "legistar_api_url": "https://webapi.legistar.com/v1/pittsburgh/matters/20610", "legistar_web_url": "https://pittsburgh.legistar.com/gateway.aspx?M=F&ID=81176933-066A-4137-96F1-613F9E3F3ABE", "geocode_method": "allegheny_parcel_centroid", "geocode_detail": "1 of 1 parcel ids matched MAPBLOCKLOT; TDR: receiving site = last parcel in title", "parcels_matched": "1-H-363", "as_of": "2026-09-26"}}, {"type": "Feature", "geometry": {"type": "Point", "coordinates": [-80.038629, 40.414079]}, "properties": {"matter_id": 20624, "file_number": "2016-0730", "matter_type": "Ordinance", "action_category": "map_amendment", "action_subtype": "site_rezoning", "residential_relevance": "no_change_in_residential_ceiling", "title": "Ordinance amending the Pittsburgh Code, Title Nine, Zoning, Article I, Section 902.03 Zoning Map, by changing from R1D-L, Residential Single-Unit Detached, Low Density District to P, Parks District, all that certain property identified as Block Number 17-R, lots number 110, 120, 180; and Block Number 36-C, lot number 295; in the Allegheny County Block and Lot System; 20th Ward. (Public Hearing Held, January 31, 2017)", "intro_date": "2016-08-29", "status_legistar": "Passed Finally", "status": "adopted", "final_action": "Passed Finally", "final_action_date": "2017-02-07", "passed_date": "2017-02-07", "mayor_signed_date": "2017-02-13", "days_intro_to_final": 162, "passed_pursuant_to_case_law": false, "public_hearing_held_date": "2017-01-31", "referred_to_planning_commission_in_history": true, "vote_action": "Passed Finally", "vote_date": "2017-02-07", "votes_aye": 9, "votes_nay": 0, "votes_abstain": 0, "votes_absent_or_other": 0, "votes_other_detail": "", "vote_source": "eventitems/258335/votes", "from_districts": "R1D-L", "to_districts": "P", "from_to_pairs": "R1D-L>P", "multi_unit_code_change_today": "->-", "byright_ceiling_effect_today": "same_residential_ceiling", "cu_district_zoned": "", "housing_typology": "", "units_stated": "", "beds_or_residents_stated": "", "addresses": "", "parcels": "17-R-110|36-C-295", "legistar_api_url": "https://webapi.legistar.com/v1/pittsburgh/matters/20624", "legistar_web_url": "https://pittsburgh.legistar.com/gateway.aspx?M=F&ID=8245AF36-63FC-4358-934F-02917E0C2A84", "geocode_method": "allegheny_parcel_centroid_mean", "geocode_detail": "2 of 2 parcel ids matched MAPBLOCKLOT", "parcels_matched": "17-R-110|36-C-295", "as_of": "2026-09-26"}}, {"type": "Feature", "geometry": {"type": "Point", "coordinates": [-79.986362, 40.451091]}, "properties": {"matter_id": 20633, "file_number": "2016-0737", "matter_type": "Ordinance", "action_category": "map_amendment", "action_subtype": "site_rezoning", "residential_relevance": "unclear_special_district+text_mentions_housing", "title": "Ordinance amending the Pittsburgh Code, Title Nine, Zoning, Article I, Section 902.03 Zoning Map, by changing from SP-8, Riverfront Landing Specially Planned District, to UI, Urban Industrial, a 355,275 sq. ft. parcel, known as 2100 Smallman Street; and Article VI, Section 909.01.O, SP, Specially Planned District with minor revisions to SP-8/Riverfront Landing in order to remove the Produce Terminal site from the SP-8 Specially Planned District.", "intro_date": "2016-09-02", "status_legistar": "Withdrawn", "status": "withdrawn", "final_action": "Withdrawn", "final_action_date": "2016-09-07", "passed_date": "", "mayor_signed_date": "", "days_intro_to_final": 5, "passed_pursuant_to_case_law": false, "public_hearing_held_date": "", "referred_to_planning_commission_in_history": false, "vote_action": "", "vote_date": "", "votes_aye": "", "votes_nay": "", "votes_abstain": "", "votes_absent_or_other": "", "votes_other_detail": "", "vote_source": "", "from_districts": "SP-8", "to_districts": "UI", "from_to_pairs": "SP-8>UI", "multi_unit_code_change_today": "?>S", "byright_ceiling_effect_today": "involves_district_not_in_911_02", "cu_district_zoned": "", "housing_typology": "senior_elderly|single_or_townhouse|mixed_use_with_residential", "units_stated": "", "beds_or_residents_stated": "", "addresses": "2100 Smallman Street", "parcels": "9-D-200", "legistar_api_url": "https://webapi.legistar.com/v1/pittsburgh/matters/20633", "legistar_web_url": "https://pittsburgh.legistar.com/gateway.aspx?M=F&ID=E744EA34-BEF9-42E2-8AFD-9C795D2ED224", "geocode_method": "allegheny_parcel_centroid", "geocode_detail": "1 of 1 parcel ids matched MAPBLOCKLOT", "parcels_matched": "9-D-200", "as_of": "2026-09-26"}}, {"type": "Feature", "geometry": {"type": "Point", "coordinates": [-79.923012, 40.451178]}, "properties": {"matter_id": 20908, "file_number": "2016-0986", "matter_type": "Ordinance", "action_category": "map_amendment", "action_subtype": "site_rezoning", "residential_relevance": "reduces_housing_byright", "title": "Ordinance amending the Pittsburgh Code, Title Nine, Zoning, Article I, Section 902.03 Zoning Map, by changing from R2-L, Residential Two-Family Low Density, to R1D-M, Residential Single-Unit Density, Moderate-Density various properties in the Point Breeze neighborhood.", "intro_date": "2016-11-18", "status_legistar": "Held in Standing Committee", "status": "held", "final_action": "Held for Cablecast Public Hearing", "final_action_date": "2016-11-30", "passed_date": "", "mayor_signed_date": "", "days_intro_to_final": "", "passed_pursuant_to_case_law": false, "public_hearing_held_date": "", "referred_to_planning_commission_in_history": true, "vote_action": "", "vote_date": "", "votes_aye": "", "votes_nay": "", "votes_abstain": "", "votes_absent_or_other": "", "votes_other_detail": "", "vote_source": "", "from_districts": "R2-L", "to_districts": "R1D-M", "from_to_pairs": "R2-L>R1D-M", "multi_unit_code_change_today": "->-", "byright_ceiling_effect_today": "decreases_byright_residential_ceiling", "cu_district_zoned": "", "housing_typology": "", "units_stated": "", "beds_or_residents_stated": "", "addresses": "", "parcels": "125-N-109|85-M-237|25-M-237|85-H-48|12-E-16|126-E-78|126-A-108|126-A-109", "legistar_api_url": "https://webapi.legistar.com/v1/pittsburgh/matters/20908", "legistar_web_url": "https://pittsburgh.legistar.com/gateway.aspx?M=F&ID=E8AE76F6-320B-4C37-AD06-7820F6B3ABAB", "geocode_method": "allegheny_parcel_centroid_mean", "geocode_detail": "7 of 8 parcel ids matched MAPBLOCKLOT", "parcels_matched": "25-M-237|126-A-109|85-H-48|126-A-108|125-N-109|85-M-237|126-E-78", "as_of": "2026-09-26"}}, {"type": "Feature", "geometry": {"type": "Point", "coordinates": [-79.949331, 40.484295]}, "properties": {"matter_id": 21010, "file_number": "2016-1087", "matter_type": "Ordinance", "action_category": "map_amendment", "action_subtype": "site_rezoning", "residential_relevance": "enables_more_housing_byright", "title": "Ordinance amending the Pittsburgh Code, Title Nine, Zoning, Article I, Section 902.03 Zoning Map, by changing from Urban Industrial (UI) to Local Neighborhood Commercial (LNC) property at 5515 Butler Street identified as Block No. 120-N Lot 15; Block No. 120-J Lot 70; and Block No. 119-S Lot 191 all in the Allegheny County Block and Lot System, 10th Ward. (Public Hearing Held, February 28, 2017)", "intro_date": "2016-12-16", "status_legistar": "Passed Finally", "status": "adopted", "final_action": "Passed Finally", "final_action_date": "2017-05-09", "passed_date": "2017-05-09", "mayor_signed_date": "2017-05-19", "days_intro_to_final": 144, "passed_pursuant_to_case_law": false, "public_hearing_held_date": "2017-02-28", "referred_to_planning_commission_in_history": false, "vote_action": "Passed Finally", "vote_date": "2017-05-09", "votes_aye": 9, "votes_nay": 0, "votes_abstain": 0, "votes_absent_or_other": 0, "votes_other_detail": "", "vote_source": "eventitems/261450/votes", "from_districts": "UI", "to_districts": "LNC", "from_to_pairs": "UI>LNC", "multi_unit_code_change_today": "S>P", "byright_ceiling_effect_today": "increases_byright_residential_ceiling", "cu_district_zoned": "", "housing_typology": "", "units_stated": "", "beds_or_residents_stated": "", "addresses": "5515 Butler Street", "parcels": "120-N-15|120-J-70|119-S-191", "legistar_api_url": "https://webapi.legistar.com/v1/pittsburgh/matters/21010", "legistar_web_url": "https://pittsburgh.legistar.com/gateway.aspx?M=F&ID=384A5F15-4456-4AB7-9D96-0490DDC749C4", "geocode_method": "allegheny_parcel_centroid", "geocode_detail": "1 of 3 parcel ids matched MAPBLOCKLOT", "parcels_matched": "120-N-15", "as_of": "2026-09-26"}}, {"type": "Feature", "geometry": {"type": "Point", "coordinates": [-80.001659, 40.438971]}, "properties": {"matter_id": 21207, "file_number": "2017-1269", "matter_type": "Resolution", "action_category": "conditional_use", "action_subtype": "cu_use_approval", "residential_relevance": "non_residential", "title": "Resolution approving a Conditional Use Application under the Pittsburgh Code, Title Nine, Zoning, Article IV, Chapter 910.2, Section 910.01.D.2 to Point Park University, on behalf of the property owner Young Women\u2019s Christian Association of Pittsburgh, for authorization to operate an electronic message sign at 305 Wood Street, zoned \u201cGT-A\u201d Golden Triangle Subdistrict A, 1st Ward, Council District No. 6. (Public Hearing Held, May 23, 2017)", "intro_date": "2017-02-24", "status_legistar": "Passed Finally", "status": "adopted", "final_action": "Passed pursuant to Case Law", "final_action_date": "2017-05-31", "passed_date": "2017-05-31", "mayor_signed_date": "", "days_intro_to_final": 96, "passed_pursuant_to_case_law": true, "public_hearing_held_date": "2017-05-23", "referred_to_planning_commission_in_history": false, "vote_action": "Passed pursuant to Case Law", "vote_date": "2017-05-31", "votes_aye": "", "votes_nay": "", "votes_abstain": "", "votes_absent_or_other": "", "votes_other_detail": "", "vote_source": "votes_endpoint_http_500", "from_districts": "", "to_districts": "", "from_to_pairs": "", "multi_unit_code_change_today": "", "byright_ceiling_effect_today": "", "cu_district_zoned": "GT-A", "housing_typology": "", "units_stated": "", "beds_or_residents_stated": "", "addresses": "305 Wood Street", "parcels": "", "legistar_api_url": "https://webapi.legistar.com/v1/pittsburgh/matters/21207", "legistar_web_url": "https://pittsburgh.legistar.com/gateway.aspx?M=F&ID=E5F8F962-34C5-4C11-823B-BED2EAC8097B", "geocode_method": "census_geocoder_onelineaddress", "geocode_detail": "input '305 Wood Street, Pittsburgh, PA' -> '305 WOOD ST, PITTSBURGH, PA, 15222'", "parcels_matched": "", "as_of": "2026-09-26"}}, {"type": "Feature", "geometry": {"type": "Point", "coordinates": [-79.986362, 40.451091]}, "properties": {"matter_id": 21254, "file_number": "2017-1316", "matter_type": "Ordinance", "action_category": "map_amendment", "action_subtype": "site_rezoning", "residential_relevance": "unclear_special_district+text_mentions_housing", "title": "Ordinance amending the Pittsburgh Code, Title Nine, Zoning, Article I, Section 902.03 Zoning Map, by changing from SP-8, Riverfront Landing Specially Planned District, to UI, Urban Industrial, a 355,275 sq. ft. parcel, known as 2100 Smallman Street; and Article VI, Section 909.01.O, SP, Specially Planned District with minor revisions to SP-8/Riverfront Landing in order to remove the Produce Terminal site from the SP-8 Specially Planned District. (Public Hearing Held, April 25, 2017) (Reference Bill 2015-2319)", "intro_date": "2017-03-14", "status_legistar": "Passed Finally", "status": "adopted", "final_action": "Passed Finally", "final_action_date": "2017-05-02", "passed_date": "2017-05-02", "mayor_signed_date": "2017-05-08", "days_intro_to_final": 49, "passed_pursuant_to_case_law": false, "public_hearing_held_date": "2017-04-25", "referred_to_planning_commission_in_history": false, "vote_action": "Passed Finally", "vote_date": "2017-05-02", "votes_aye": 7, "votes_nay": 0, "votes_abstain": 0, "votes_absent_or_other": 2, "votes_other_detail": "Absent=1; Out of Room=1", "vote_source": "eventitems/261213/votes", "from_districts": "SP-8", "to_districts": "UI", "from_to_pairs": "SP-8>UI", "multi_unit_code_change_today": "?>S", "byright_ceiling_effect_today": "involves_district_not_in_911_02", "cu_district_zoned": "", "housing_typology": "senior_elderly|single_or_townhouse|mixed_use_with_residential", "units_stated": "", "beds_or_residents_stated": "", "addresses": "2100 Smallman Street", "parcels": "9-D-200", "legistar_api_url": "https://webapi.legistar.com/v1/pittsburgh/matters/21254", "legistar_web_url": "https://pittsburgh.legistar.com/gateway.aspx?M=F&ID=559D4ADD-1845-42E7-80A0-D8BD43315ABB", "geocode_method": "allegheny_parcel_centroid", "geocode_detail": "1 of 1 parcel ids matched MAPBLOCKLOT", "parcels_matched": "9-D-200", "as_of": "2026-09-26"}}, {"type": "Feature", "geometry": {"type": "Point", "coordinates": [-80.020743, 40.438729]}, "properties": {"matter_id": 21632, "file_number": "2017-1661", "matter_type": "Ordinance", "action_category": "map_amendment", "action_subtype": "site_rezoning", "residential_relevance": "unclear_special_district", "title": "Ordinance amending the Pittsburgh Code, Title Nine, Zoning, Article I, Section 902.03 Zoning Map, by changing from AP, Mixed-Use Planned Unit Development to GPR-C, Grandview Public Realm sub-district C, a certain property identified as 1401 Grandview Avenue, Block Number 6-G, lot number 251; in the Allegheny County Block and Lot System. PUBLIC HEARING HELD ON SEPTEMBER 13, 2017", "intro_date": "2017-06-23", "status_legistar": "Passed Finally", "status": "adopted", "final_action": "Passed Finally", "final_action_date": "2017-10-10", "passed_date": "2017-10-10", "mayor_signed_date": "2017-10-19", "days_intro_to_final": 109, "passed_pursuant_to_case_law": false, "public_hearing_held_date": "2017-09-13", "referred_to_planning_commission_in_history": false, "vote_action": "Passed Finally", "vote_date": "2017-10-10", "votes_aye": 7, "votes_nay": 0, "votes_abstain": 0, "votes_absent_or_other": 2, "votes_other_detail": "Absent=2", "vote_source": "eventitems/266361/votes", "from_districts": "AP", "to_districts": "GPR-C", "from_to_pairs": "AP>GPR-C", "multi_unit_code_change_today": "?>?", "byright_ceiling_effect_today": "involves_district_not_in_911_02", "cu_district_zoned": "", "housing_typology": "", "units_stated": "", "beds_or_residents_stated": "", "addresses": "1401 Grandview Avenue", "parcels": "6-G-251", "legistar_api_url": "https://webapi.legistar.com/v1/pittsburgh/matters/21632", "legistar_web_url": "https://pittsburgh.legistar.com/gateway.aspx?M=F&ID=1E1BF43A-D565-4EBF-9A1B-581260F0496C", "geocode_method": "allegheny_parcel_centroid", "geocode_detail": "1 of 1 parcel ids matched MAPBLOCKLOT", "parcels_matched": "6-G-251", "as_of": "2026-09-26"}}, {"type": "Feature", "geometry": {"type": "Point", "coordinates": [-79.923012, 40.451178]}, "properties": {"matter_id": 21750, "file_number": "2017-1776", "matter_type": "Ordinance", "action_category": "map_amendment", "action_subtype": "site_rezoning", "residential_relevance": "reduces_housing_byright", "title": "Ordinance amending the Pittsburgh Code, Title Nine, Zoning, Article I, Section 902.03 Zoning Map, by changing from R2-L, Residential Two-Family Low Density, to R1D-M R1A-M, Residential Single-Unit Density, Moderate Density, in South Point Breeze Neighborhood. PUBLIC HEARING HELD AUGUST 31, 2017", "intro_date": "2017-07-21", "status_legistar": "Passed Finally", "status": "adopted", "final_action": "Passed Finally", "final_action_date": "2017-09-12", "passed_date": "2017-09-12", "mayor_signed_date": "2017-09-14", "days_intro_to_final": 53, "passed_pursuant_to_case_law": false, "public_hearing_held_date": "", "referred_to_planning_commission_in_history": false, "vote_action": "Passed Finally", "vote_date": "2017-09-12", "votes_aye": 9, "votes_nay": 0, "votes_abstain": 0, "votes_absent_or_other": 0, "votes_other_detail": "", "vote_source": "eventitems/265400/votes", "from_districts": "R2-L", "to_districts": "R1D-M|R1A-M", "from_to_pairs": "R2-L>R1D-M|R2-L>R1A-M", "multi_unit_code_change_today": "->-|->-", "byright_ceiling_effect_today": "decreases_byright_residential_ceiling", "cu_district_zoned": "", "housing_typology": "", "units_stated": "", "beds_or_residents_stated": "", "addresses": "", "parcels": "125-N-109|85-M-237|25-M-237|85-H-48|12-E-16|126-E-78|126-A-108|126-A-109", "legistar_api_url": "https://webapi.legistar.com/v1/pittsburgh/matters/21750", "legistar_web_url": "https://pittsburgh.legistar.com/gateway.aspx?M=F&ID=CD74194D-2111-4F60-8E02-7E87AD40E23D", "geocode_method": "allegheny_parcel_centroid_mean", "geocode_detail": "7 of 8 parcel ids matched MAPBLOCKLOT", "parcels_matched": "25-M-237|126-A-109|85-H-48|126-A-108|125-N-109|85-M-237|126-E-78", "as_of": "2026-09-26"}}, {"type": "Feature", "geometry": {"type": "Point", "coordinates": [-79.890322, 40.450077]}, "properties": {"matter_id": 22246, "file_number": "2017-2256", "matter_type": "Ordinance", "action_category": "map_amendment", "action_subtype": "site_rezoning", "residential_relevance": "reduces_housing_byright", "title": "Ordinance amending the Pittsburgh Code, Title Nine, Zoning, Article I, Section 902.03 Zoning Map, by changing from R1A-VH, Residential Single-Unit Attached, Very High Density to UI, Urban Industrial District certain property roughly bounded Susquehanna Street and El Court; all in the Allegheny County Block and Lot System, 13th Ward. (Public Hearing held 7/18/18)", "intro_date": "2017-12-08", "status_legistar": "Passed Finally", "status": "adopted", "final_action": "Passed Finally", "final_action_date": "2018-07-31", "passed_date": "2018-07-31", "mayor_signed_date": "2018-08-06", "days_intro_to_final": 235, "passed_pursuant_to_case_law": false, "public_hearing_held_date": "2018-07-18", "referred_to_planning_commission_in_history": true, "vote_action": "Passed Finally", "vote_date": "2018-07-31", "votes_aye": 9, "votes_nay": 0, "votes_abstain": 0, "votes_absent_or_other": 0, "votes_other_detail": "", "vote_source": "eventitems/280283/votes", "from_districts": "R1A-VH", "to_districts": "UI", "from_to_pairs": "R1A-VH>UI", "multi_unit_code_change_today": "->S", "byright_ceiling_effect_today": "decreases_byright_residential_ceiling", "cu_district_zoned": "", "housing_typology": "", "units_stated": "", "beds_or_residents_stated": "", "addresses": "", "parcels": "175-G-122", "legistar_api_url": "https://webapi.legistar.com/v1/pittsburgh/matters/22246", "legistar_web_url": "https://pittsburgh.legistar.com/gateway.aspx?M=F&ID=A59334B0-A81E-4175-941F-869E118DB83C", "geocode_method": "allegheny_parcel_centroid", "geocode_detail": "1 of 1 parcel ids matched MAPBLOCKLOT", "parcels_matched": "175-G-122", "as_of": "2026-09-26"}}, {"type": "Feature", "geometry": {"type": "Point", "coordinates": [-80.025099, 40.429493]}, "properties": {"matter_id": 22351, "file_number": "2018-0052", "matter_type": "Ordinance", "action_category": "map_amendment", "action_subtype": "site_rezoning", "residential_relevance": "no_change_in_residential_ceiling", "title": "Ordinance amending the Pittsburgh Code, Title Nine, Zoning, Article I, Section 902.03 Zoning Map, by changing from General Industrial (GI) to Urban Industrial (UI), a certain property at 1 28th Street, Block Number 5-F, lot number 46, in the Allegheny County Block and Lot System. A portion of the parcel is currently zoned Urban Industrial (UI). (Public Hearing held 3-13-18)", "intro_date": "2018-01-26", "status_legistar": "Passed Finally", "status": "adopted", "final_action": "Passed Finally", "final_action_date": "2018-03-20", "passed_date": "2018-03-20", "mayor_signed_date": "", "days_intro_to_final": 53, "passed_pursuant_to_case_law": false, "public_hearing_held_date": "2018-03-13", "referred_to_planning_commission_in_history": false, "vote_action": "Passed Finally", "vote_date": "2018-03-20", "votes_aye": 7, "votes_nay": 0, "votes_abstain": 0, "votes_absent_or_other": 1, "votes_other_detail": "Absent=1", "vote_source": "eventitems/274554/votes", "from_districts": "GI", "to_districts": "UI", "from_to_pairs": "GI>UI", "multi_unit_code_change_today": "->S", "byright_ceiling_effect_today": "same_residential_ceiling", "cu_district_zoned": "", "housing_typology": "", "units_stated": "", "beds_or_residents_stated": "", "addresses": "1 28th Street", "parcels": "5-F-46", "legistar_api_url": "https://webapi.legistar.com/v1/pittsburgh/matters/22351", "legistar_web_url": "https://pittsburgh.legistar.com/gateway.aspx?M=F&ID=0AC0EEB9-AF43-40C7-8728-362989CBF984", "geocode_method": "allegheny_parcel_centroid", "geocode_detail": "1 of 1 parcel ids matched MAPBLOCKLOT", "parcels_matched": "5-F-46", "as_of": "2026-09-26"}}, {"type": "Feature", "geometry": {"type": "Point", "coordinates": [-79.911261, 40.460443]}, "properties": {"matter_id": 22363, "file_number": "2018-0064", "matter_type": "Ordinance", "action_category": "map_amendment", "action_subtype": "site_rezoning", "residential_relevance": "enables_more_housing_byright", "title": "Ordinance amending the Pittsburgh Code, Title Nine, Zoning, Article I, Section 902.03 Zoning Map, by changing from R1D-M, Residential Single-Unit Detached, Moderate Density District to LNC, Local Neighborhood Commercial District certain property situated on Lincoln Avenue; all in the Allegheny County Block and Lot System, 12th Ward. (Public Hearing held 12/11/18)", "intro_date": "2018-01-30", "status_legistar": "Passed Finally", "status": "adopted", "final_action": "Passed Finally", "final_action_date": "2018-12-27", "passed_date": "2018-12-27", "mayor_signed_date": "2019-01-07", "days_intro_to_final": 331, "passed_pursuant_to_case_law": false, "public_hearing_held_date": "2018-12-11", "referred_to_planning_commission_in_history": true, "vote_action": "Passed Finally", "vote_date": "2018-12-27", "votes_aye": 8, "votes_nay": 0, "votes_abstain": 0, "votes_absent_or_other": 1, "votes_other_detail": "Absent=1", "vote_source": "eventitems/285787/votes", "from_districts": "R1D-M", "to_districts": "LNC", "from_to_pairs": "R1D-M>LNC", "multi_unit_code_change_today": "->P", "byright_ceiling_effect_today": "increases_byright_residential_ceiling", "cu_district_zoned": "", "housing_typology": "", "units_stated": "", "beds_or_residents_stated": "", "addresses": "", "parcels": "125-B-234", "legistar_api_url": "https://webapi.legistar.com/v1/pittsburgh/matters/22363", "legistar_web_url": "https://pittsburgh.legistar.com/gateway.aspx?M=F&ID=043D8491-3842-4C86-A5F3-498C282E0666", "geocode_method": "allegheny_parcel_centroid", "geocode_detail": "1 of 1 parcel ids matched MAPBLOCKLOT", "parcels_matched": "125-B-234", "as_of": "2026-09-26"}}, {"type": "Feature", "geometry": {"type": "Point", "coordinates": [-79.925036, 40.436947]}, "properties": {"matter_id": 22591, "file_number": "2018-0281", "matter_type": "Resolution", "action_category": "conditional_use", "action_subtype": "cu_use_approval", "residential_relevance": "non_residential", "title": "Resolution approving a Conditional Use Application under the Pittsburgh Code, Title Nine, Zoning, Article V, Chapter 911.2, Section 911.02.A.64 for St. Edmund\u2019s Academy for authorization to expand an Elementary/Secondary School (General) at 5705 Darlington Road, zoned \u201cRM-M\u201d Residential Multi-Family, Moderate Density District, 14th Ward, Council District No. 5 (Public Hearing 5-2-18)", "intro_date": "2018-03-16", "status_legistar": "Passed Finally", "status": "adopted", "final_action": "Passed pursuant to Case Law", "final_action_date": "2018-05-14", "passed_date": "2018-05-14", "mayor_signed_date": "", "days_intro_to_final": 59, "passed_pursuant_to_case_law": true, "public_hearing_held_date": "2018-05-02", "referred_to_planning_commission_in_history": false, "vote_action": "Passed pursuant to Case Law", "vote_date": "2018-05-14", "votes_aye": "", "votes_nay": "", "votes_abstain": "", "votes_absent_or_other": "", "votes_other_detail": "", "vote_source": "votes_endpoint_http_500", "from_districts": "", "to_districts": "", "from_to_pairs": "", "multi_unit_code_change_today": "", "byright_ceiling_effect_today": "", "cu_district_zoned": "RM-M", "housing_typology": "", "units_stated": "", "beds_or_residents_stated": "", "addresses": "5705 Darlington Road", "parcels": "", "legistar_api_url": "https://webapi.legistar.com/v1/pittsburgh/matters/22591", "legistar_web_url": "https://pittsburgh.legistar.com/gateway.aspx?M=F&ID=93CFFA71-04DD-4168-96D1-6F4D6805F788", "geocode_method": "census_geocoder_onelineaddress", "geocode_detail": "input '5705 Darlington Road, Pittsburgh, PA' -> '5705 DARLINGTON RD, PITTSBURGH, PA, 15217'", "parcels_matched": "", "as_of": "2026-09-26"}}, {"type": "Feature", "geometry": {"type": "Point", "coordinates": [-80.02479, 40.460143]}, "properties": {"matter_id": 22743, "file_number": "2018-0432", "matter_type": "Ordinance", "action_category": "map_amendment", "action_subtype": "site_rezoning", "residential_relevance": "enables_more_housing_byright", "title": "Ordinance amending the Pittsburgh Code, Title Nine, Zoning, Article I, Section 902.03 Zoning Map, by changing from R1A-M, Residential Single-Unit Attached, Moderate Density to NDI, Neighborhood Industrial certain property roughly bounded by Kunkle Ave, Sedgwick St, Lamont St, St Ives St, Kirkbride St, and California Ave; all in the Allegheny County Block and Lot System, 21st Ward. (Public Hearing Held 10/2/18)", "intro_date": "2018-04-27", "status_legistar": "Passed Finally", "status": "adopted", "final_action": "Passed Finally", "final_action_date": "2018-10-09", "passed_date": "2018-10-09", "mayor_signed_date": "2018-10-11", "days_intro_to_final": 165, "passed_pursuant_to_case_law": false, "public_hearing_held_date": "2018-10-02", "referred_to_planning_commission_in_history": true, "vote_action": "Passed Finally", "vote_date": "2018-10-09", "votes_aye": 8, "votes_nay": 0, "votes_abstain": 0, "votes_absent_or_other": 1, "votes_other_detail": "Absent=1", "vote_source": "eventitems/282947/votes", "from_districts": "R1A-M", "to_districts": "NDI", "from_to_pairs": "R1A-M>NDI", "multi_unit_code_change_today": "->P", "byright_ceiling_effect_today": "increases_byright_residential_ceiling", "cu_district_zoned": "", "housing_typology": "", "units_stated": "", "beds_or_residents_stated": "", "addresses": "", "parcels": "22-B-298|22-C-77|22-F-4|22-G-1", "legistar_api_url": "https://webapi.legistar.com/v1/pittsburgh/matters/22743", "legistar_web_url": "https://pittsburgh.legistar.com/gateway.aspx?M=F&ID=54211E45-6107-4021-9611-623DECB85278", "geocode_method": "allegheny_parcel_centroid_mean", "geocode_detail": "4 of 4 parcel ids matched MAPBLOCKLOT", "parcels_matched": "22-C-77|22-F-4|22-G-1|22-B-298", "as_of": "2026-09-26"}}, {"type": "Feature", "geometry": {"type": "Point", "coordinates": [-79.942855, 40.464447]}, "properties": {"matter_id": 22872, "file_number": "2018-0560", "matter_type": "Resolution", "action_category": "conditional_use", "action_subtype": "cu_use_approval", "residential_relevance": "non_residential", "title": "Resolution approving a Conditional Use Application under the Pittsburgh Code, Title Nine, Zoning, Article V, Chapter 911.2, Section 911.02.A.64 for Waldorf School of Pittsburgh for authorization to expand an Elementary/Secondary School (General) at 201 S. Winebiddle Street, zoned \u201cR2-M\u201d Residential Two-Unit, Moderate Density District, 8th Ward, Council District No. 7 (Public Hearing held 7/11/18)", "intro_date": "2018-06-08", "status_legistar": "Passed Finally", "status": "adopted", "final_action": "Passed pursuant to Case Law", "final_action_date": "2018-07-24", "passed_date": "", "mayor_signed_date": "", "days_intro_to_final": "", "passed_pursuant_to_case_law": true, "public_hearing_held_date": "2018-07-11", "referred_to_planning_commission_in_history": false, "vote_action": "Passed pursuant to Case Law", "vote_date": "2018-07-24", "votes_aye": "", "votes_nay": "", "votes_abstain": "", "votes_absent_or_other": "", "votes_other_detail": "", "vote_source": "votes_endpoint_http_500", "from_districts": "", "to_districts": "", "from_to_pairs": "", "multi_unit_code_change_today": "", "byright_ceiling_effect_today": "", "cu_district_zoned": "R2-M", "housing_typology": "", "units_stated": "", "beds_or_residents_stated": "", "addresses": "201 S. Winebiddle Street", "parcels": "", "legistar_api_url": "https://webapi.legistar.com/v1/pittsburgh/matters/22872", "legistar_web_url": "https://pittsburgh.legistar.com/gateway.aspx?M=F&ID=380B7BB4-BCF2-46FD-B8AE-74C13A8A44B1", "geocode_method": "census_geocoder_onelineaddress", "geocode_detail": "input '201 S. Winebiddle Street, Pittsburgh, PA' -> '201 S WINEBIDDLE ST, PITTSBURGH, PA, 15224'", "parcels_matched": "", "as_of": "2026-09-26"}}, {"type": "Feature", "geometry": {"type": "Point", "coordinates": [-80.029685, 40.420942]}, "properties": {"matter_id": 23121, "file_number": "2018-0790", "matter_type": "Ordinance", "action_category": "map_amendment", "action_subtype": "site_rezoning", "residential_relevance": "unclear_special_district", "title": "Ordinance amending the Pittsburgh Code, Title Nine, Zoning, Article I, Section 902.03 Zoning Map, by changing from CP, Commercial Planned Unit Development to HC, Highway Commercial, a certain property at 1054 Banksville Avenue, Block Number 16-E, lot number 125; in the Allegheny County Block and Lot System. (Public Hearing held 10/24/18)", "intro_date": "2018-08-24", "status_legistar": "Passed Finally", "status": "adopted", "final_action": "Passed Finally", "final_action_date": "2018-11-05", "passed_date": "2018-11-05", "mayor_signed_date": "2018-11-09", "days_intro_to_final": 73, "passed_pursuant_to_case_law": false, "public_hearing_held_date": "2018-10-24", "referred_to_planning_commission_in_history": false, "vote_action": "Passed Finally", "vote_date": "2018-11-05", "votes_aye": 8, "votes_nay": 0, "votes_abstain": 0, "votes_absent_or_other": 1, "votes_other_detail": "Absent=1", "vote_source": "eventitems/283954/votes", "from_districts": "CP", "to_districts": "HC", "from_to_pairs": "CP>HC", "multi_unit_code_change_today": "?>-", "byright_ceiling_effect_today": "involves_district_not_in_911_02", "cu_district_zoned": "", "housing_typology": "", "units_stated": "", "beds_or_residents_stated": "", "addresses": "1054 Banksville Avenue", "parcels": "16-E-125", "legistar_api_url": "https://webapi.legistar.com/v1/pittsburgh/matters/23121", "legistar_web_url": "https://pittsburgh.legistar.com/gateway.aspx?M=F&ID=67EE8198-524B-47E6-B99F-32AFD412F72F", "geocode_method": "allegheny_parcel_centroid", "geocode_detail": "1 of 1 parcel ids matched MAPBLOCKLOT", "parcels_matched": "16-E-125", "as_of": "2026-09-26"}}, {"type": "Feature", "geometry": {"type": "Point", "coordinates": [-80.000764, 40.438982]}, "properties": {"matter_id": 23212, "file_number": "2018-0877", "matter_type": "Resolution", "action_category": "conditional_use", "action_subtype": "cu_transfer_of_development_rights", "residential_relevance": "tdr_dwelling_units", "title": "Resolution approving a Conditional Use Application under the Pittsburgh Code, Title 9, Zoning, Article IV, Chapter 910, Section 910.01.D.1 to allow JCS Capital LLC on behalf of Pittsburgh Spruce Street Properties, property owner, the transfer of Development Rights from 55 11th Street (parcel 9-P-36) to 316/310 4th Avenue (parcel 1-H-330), zoned \u201cGT-A\u201d and \u201cGT-B\u201d Golden Triangle Subdistricts A and B, 1st and 2nd Wards, Council District No. 6. (Public Hearing held 10/24/18)", "intro_date": "2018-09-14", "status_legistar": "Passed Finally", "status": "adopted", "final_action": "Passed pursuant to Case Law", "final_action_date": "2018-11-05", "passed_date": "2018-11-05", "mayor_signed_date": "", "days_intro_to_final": 52, "passed_pursuant_to_case_law": true, "public_hearing_held_date": "2018-10-24", "referred_to_planning_commission_in_history": false, "vote_action": "Passed pursuant to Case Law", "vote_date": "2018-11-05", "votes_aye": "", "votes_nay": "", "votes_abstain": "", "votes_absent_or_other": "", "votes_other_detail": "", "vote_source": "votes_endpoint_http_500", "from_districts": "", "to_districts": "", "from_to_pairs": "", "multi_unit_code_change_today": "", "byright_ceiling_effect_today": "", "cu_district_zoned": "GT-A", "housing_typology": "multi_unit", "units_stated": "75", "beds_or_residents_stated": "", "addresses": "55 11th Street|316/310 4th Avenue", "parcels": "9-P-36|1-H-330", "legistar_api_url": "https://webapi.legistar.com/v1/pittsburgh/matters/23212", "legistar_web_url": "https://pittsburgh.legistar.com/gateway.aspx?M=F&ID=3AEF5B1F-2B50-4B44-87E1-C31404757AB2", "geocode_method": "allegheny_parcel_centroid", "geocode_detail": "1 of 1 parcel ids matched MAPBLOCKLOT; TDR: receiving site = last parcel in title", "parcels_matched": "1-H-330", "as_of": "2026-09-26"}}, {"type": "Feature", "geometry": {"type": "Point", "coordinates": [-79.912202, 40.464796]}, "properties": {"matter_id": 23352, "file_number": "2018-1008", "matter_type": "Ordinance", "action_category": "map_amendment", "action_subtype": "site_rezoning", "residential_relevance": "enables_more_housing_byright", "title": "Ordinance amending the Pittsburgh Code, Title Nine, Zoning, Article I, Section 902.03 Zoning Map, by changing from R1A-H, Residential Single-Unit Attached, High Density District to LNC, Local Neighborhood Commercial District, certain property roughly bounded by Larimer Avenue, Maxwell Way, Stoebner Way and Meadow Street; all in the Allegheny County Block and Lot System, 12th Ward. (Public Hearing held 2/20/19)", "intro_date": "2018-10-22", "status_legistar": "Passed Finally", "status": "adopted", "final_action": "Passed Finally", "final_action_date": "2019-03-05", "passed_date": "2019-03-05", "mayor_signed_date": "2019-03-07", "days_intro_to_final": 134, "passed_pursuant_to_case_law": false, "public_hearing_held_date": "2019-02-20", "referred_to_planning_commission_in_history": true, "vote_action": "Passed Finally", "vote_date": "2019-03-05", "votes_aye": 9, "votes_nay": 0, "votes_abstain": 0, "votes_absent_or_other": 0, "votes_other_detail": "", "vote_source": "eventitems/287988/votes", "from_districts": "R1A-H", "to_districts": "LNC", "from_to_pairs": "R1A-H>LNC", "multi_unit_code_change_today": "->P", "byright_ceiling_effect_today": "increases_byright_residential_ceiling", "cu_district_zoned": "", "housing_typology": "", "units_stated": "", "beds_or_residents_stated": "", "addresses": "", "parcels": "124-J-281|124-K-162|124-N-358|124-P-8", "legistar_api_url": "https://webapi.legistar.com/v1/pittsburgh/matters/23352", "legistar_web_url": "https://pittsburgh.legistar.com/gateway.aspx?M=F&ID=1F7C536C-6311-46AE-8696-DB11E2D1FC10", "geocode_method": "allegheny_parcel_centroid_mean", "geocode_detail": "4 of 4 parcel ids matched MAPBLOCKLOT", "parcels_matched": "124-N-358|124-J-281|124-K-162|124-P-8", "as_of": "2026-09-26"}}, {"type": "Feature", "geometry": {"type": "Point", "coordinates": [-79.999583, 40.442768]}, "properties": {"matter_id": 23432, "file_number": "2018-1083", "matter_type": "Resolution", "action_category": "conditional_use", "action_subtype": "cu_transfer_of_development_rights", "residential_relevance": "tdr_dwelling_units", "title": "Resolution approving a Conditional Use Application under the Pittsburgh Code, Title 9, Zoning, Article IV, Chapter 910, Section 910.01.D.1 to allow PMC/717 Liberty Associates, the transfer of Development Rights from 908 Penn Avenue (Parcel 9-N-94) to 717 Liberty Ave (Parcel 1-D-66), zoned \u201cGT-C\u201d Golden Triangle Subdistrict C, 2nd Ward, Council District No. 6. (Public Hearing held 1/8/19)", "intro_date": "2018-11-02", "status_legistar": "Passed Finally", "status": "adopted", "final_action": "Passed pursuant to Case Law", "final_action_date": "2019-01-15", "passed_date": "2019-01-15", "mayor_signed_date": "", "days_intro_to_final": 74, "passed_pursuant_to_case_law": true, "public_hearing_held_date": "2019-01-08", "referred_to_planning_commission_in_history": false, "vote_action": "Passed pursuant to Case Law", "vote_date": "2019-01-15", "votes_aye": "", "votes_nay": "", "votes_abstain": "", "votes_absent_or_other": "", "votes_other_detail": "", "vote_source": "votes_endpoint_http_500", "from_districts": "", "to_districts": "", "from_to_pairs": "", "multi_unit_code_change_today": "", "byright_ceiling_effect_today": "", "cu_district_zoned": "GT-C", "housing_typology": "multi_unit", "units_stated": "12", "beds_or_residents_stated": "", "addresses": "908 Penn Avenue|717 Liberty Ave", "parcels": "9-N-94|1-D-66", "legistar_api_url": "https://webapi.legistar.com/v1/pittsburgh/matters/23432", "legistar_web_url": "https://pittsburgh.legistar.com/gateway.aspx?M=F&ID=3F5828D4-27CC-4BA1-8A38-9049BDCEC778", "geocode_method": "allegheny_parcel_centroid", "geocode_detail": "1 of 1 parcel ids matched MAPBLOCKLOT; TDR: receiving site = last parcel in title", "parcels_matched": "1-D-66", "as_of": "2026-09-26"}}, {"type": "Feature", "geometry": {"type": "Point", "coordinates": [-80.009937, 40.402327]}, "properties": {"matter_id": 23845, "file_number": "2019-1492", "matter_type": "Resolution", "action_category": "conditional_use", "action_subtype": "cu_use_approval", "residential_relevance": "non_residential", "title": "Resolution approving a Conditional Use Application under the Pittsburgh Code, Title Nine, Zoning, Article V, Chapter 911.2, Section 911.02.A.64 for West Liberty Elementary School for authorization to expand an Elementary/Secondary School (General) at 785 Dunster St, zoned \u201cR1D-M\u201d Residential Single-Unit Detached, Moderate Density District, 19th Ward, Council District No. 4 (Public Hearing held 5/8/19)", "intro_date": "2019-03-15", "status_legistar": "Passed Finally", "status": "adopted", "final_action": "Passed pursuant to Case Law", "final_action_date": "2019-05-20", "passed_date": "2019-05-20", "mayor_signed_date": "", "days_intro_to_final": 66, "passed_pursuant_to_case_law": true, "public_hearing_held_date": "2019-05-08", "referred_to_planning_commission_in_history": false, "vote_action": "Passed pursuant to Case Law", "vote_date": "2019-05-20", "votes_aye": "", "votes_nay": "", "votes_abstain": "", "votes_absent_or_other": "", "votes_other_detail": "", "vote_source": "votes_endpoint_http_500", "from_districts": "", "to_districts": "", "from_to_pairs": "", "multi_unit_code_change_today": "", "byright_ceiling_effect_today": "", "cu_district_zoned": "R1D-M", "housing_typology": "", "units_stated": "", "beds_or_residents_stated": "", "addresses": "785 Dunster St", "parcels": "", "legistar_api_url": "https://webapi.legistar.com/v1/pittsburgh/matters/23845", "legistar_web_url": "https://pittsburgh.legistar.com/gateway.aspx?M=F&ID=A839A52B-3FA3-4E12-BFC8-BBACED1334EA", "geocode_method": "census_geocoder_onelineaddress", "geocode_detail": "input '785 Dunster St, Pittsburgh, PA' -> '785 DUNSTER ST, PITTSBURGH, PA, 15226'", "parcels_matched": "", "as_of": "2026-09-26"}}, {"type": "Feature", "geometry": {"type": "Point", "coordinates": [-79.943857, 40.442163]}, "properties": {"matter_id": 24310, "file_number": "2019-1951", "matter_type": "Ordinance", "action_category": "map_amendment", "action_subtype": "site_rezoning", "residential_relevance": "no_change_in_residential_ceiling", "title": "Ordinance amending the Pittsburgh Code, Title Nine, Zoning, Article I, Section 902.03 Zoning Map, by changing from P, Parks, to EMI, Educational Medical Institutional,, 6,500 SF one parcel near the intersection of Frew Street and Hamerschlag Drive, Block Number 53-B, lot number 100; in the Allegheny County Block and Lot System. (Public Hearing scheduled for 10/23/19)", "intro_date": "2019-08-23", "status_legistar": "Passed Finally", "status": "adopted", "final_action": "Passed Finally", "final_action_date": "2019-11-04", "passed_date": "2019-11-04", "mayor_signed_date": "2019-11-06", "days_intro_to_final": 73, "passed_pursuant_to_case_law": false, "public_hearing_held_date": "2019-10-23", "referred_to_planning_commission_in_history": false, "vote_action": "Passed Finally", "vote_date": "2019-11-04", "votes_aye": 8, "votes_nay": 0, "votes_abstain": 0, "votes_absent_or_other": 1, "votes_other_detail": "Absent=1", "vote_source": "eventitems/295902/votes", "from_districts": "P", "to_districts": "EMI", "from_to_pairs": "P>EMI", "multi_unit_code_change_today": "->A", "byright_ceiling_effect_today": "same_residential_ceiling", "cu_district_zoned": "", "housing_typology": "", "units_stated": "", "beds_or_residents_stated": "", "addresses": "", "parcels": "53-B-100", "legistar_api_url": "https://webapi.legistar.com/v1/pittsburgh/matters/24310", "legistar_web_url": "https://pittsburgh.legistar.com/gateway.aspx?M=F&ID=A6386A6E-ED22-425F-A520-783915B1C491", "geocode_method": "allegheny_parcel_centroid", "geocode_detail": "1 of 1 parcel ids matched MAPBLOCKLOT", "parcels_matched": "53-B-100", "as_of": "2026-09-26"}}, {"type": "Feature", "geometry": {"type": "Point", "coordinates": [-79.977195, 40.426522]}, "properties": {"matter_id": 24390, "file_number": "2019-2031", "matter_type": "Ordinance", "action_category": "map_amendment", "action_subtype": "site_rezoning", "residential_relevance": "reduces_housing_byright", "title": "Ordinance amending the Pittsburgh Code, Title Nine, Zoning, Article I, Section 902.03 Zoning Map, by changing from EMI, Educational Medical Institution, to UI, Urban Industrial, property with frontage on Jane Street, 20th Street, 21st Street, Mary Street, Edwards Way, and Harcum Way, identified as Block 12-K, Lots 290 and 360 and Black 12-P, Lot 27, in the Allegheny County Block and Lot System, 17th Ward. (Public Hearing held 2/19/2020)", "intro_date": "2019-09-06", "status_legistar": "Passed Finally", "status": "adopted", "final_action": "Passed Finally", "final_action_date": "2020-03-03", "passed_date": "2020-03-03", "mayor_signed_date": "2020-03-13", "days_intro_to_final": 179, "passed_pursuant_to_case_law": false, "public_hearing_held_date": "2020-02-19", "referred_to_planning_commission_in_history": true, "vote_action": "Passed Finally", "vote_date": "2020-03-03", "votes_aye": 8, "votes_nay": 0, "votes_abstain": 0, "votes_absent_or_other": 1, "votes_other_detail": "Absent=1", "vote_source": "eventitems/299790/votes", "from_districts": "EMI", "to_districts": "UI", "from_to_pairs": "EMI>UI", "multi_unit_code_change_today": "A>S", "byright_ceiling_effect_today": "decreases_byright_residential_ceiling", "cu_district_zoned": "", "housing_typology": "", "units_stated": "", "beds_or_residents_stated": "", "addresses": "", "parcels": "12-K-290", "legistar_api_url": "https://webapi.legistar.com/v1/pittsburgh/matters/24390", "legistar_web_url": "https://pittsburgh.legistar.com/gateway.aspx?M=F&ID=5F874BF0-5D54-4A48-BC80-1A872A38AD1A", "geocode_method": "allegheny_parcel_centroid", "geocode_detail": "1 of 1 parcel ids matched MAPBLOCKLOT", "parcels_matched": "12-K-290", "as_of": "2026-09-26"}}, {"type": "Feature", "geometry": {"type": "Point", "coordinates": [-79.92233, 40.458957]}, "properties": {"matter_id": 24608, "file_number": "2019-2249", "matter_type": "Ordinance", "action_category": "map_amendment", "action_subtype": "site_rezoning", "residential_relevance": "unclear_special_district", "title": "Ordinance amending the Pittsburgh Code, Title Nine, Zoning, Article I, Section 902.03 Zoning Map, by changing from CP, Commercial Planned Unit Development, to UNC, Urban Neighborhood Commercial two parcels and a portion of two parcels in the Allegheny County Block and Lot System, 7th Ward; and changing from LNC, Local Neighborhood Commercial, to UNC, Urban Neighborhood Commercial six parcels and a portion of two parcels in the Allegheny County Block and Lot System, 7th Ward. (Public Hearing scheduled for 12/17/19)", "intro_date": "2019-11-01", "status_legistar": "Passed Finally", "status": "adopted", "final_action": "Passed Finally", "final_action_date": "2020-03-17", "passed_date": "2020-03-17", "mayor_signed_date": "2020-03-17", "days_intro_to_final": 137, "passed_pursuant_to_case_law": false, "public_hearing_held_date": "2019-12-17", "referred_to_planning_commission_in_history": false, "vote_action": "Passed Finally", "vote_date": "2020-03-17", "votes_aye": 9, "votes_nay": 0, "votes_abstain": 0, "votes_absent_or_other": 0, "votes_other_detail": "", "vote_source": "eventitems/300225/votes", "from_districts": "CP|LNC", "to_districts": "UNC", "from_to_pairs": "CP>UNC|LNC>UNC", "multi_unit_code_change_today": "?>P|P>P", "byright_ceiling_effect_today": "involves_district_not_in_911_02", "cu_district_zoned": "", "housing_typology": "", "units_stated": "", "beds_or_residents_stated": "", "addresses": "6320 Shakespeare Street", "parcels": "84-G-347|84-G-258|84-G-224|84-G-225|84-G-227|84-G-229|84-G-231|84-G-218|84-G-338|84-J-352|84-H-251", "legistar_api_url": "https://webapi.legistar.com/v1/pittsburgh/matters/24608", "legistar_web_url": "https://pittsburgh.legistar.com/gateway.aspx?M=F&ID=1ECD0612-18E4-45A9-8E82-DE03342BCF5B", "geocode_method": "allegheny_parcel_centroid_mean", "geocode_detail": "10 of 11 parcel ids matched MAPBLOCKLOT", "parcels_matched": "84-G-347|84-G-227|84-G-338|84-G-231|84-G-218|84-G-258|84-G-229|84-G-224|84-J-352|84-G-225", "as_of": "2026-09-26"}}, {"type": "Feature", "geometry": {"type": "Point", "coordinates": [-79.986038, 40.428509]}, "properties": {"matter_id": 24778, "file_number": "2019-2418", "matter_type": "Ordinance", "action_category": "map_amendment", "action_subtype": "site_rezoning", "residential_relevance": "reduces_housing_byright", "title": "Ordinance amending the Pittsburgh Code, Title Nine, Zoning, Article I, Section 902.03 Zoning Map, by changing from LNC, Local Neighborhood Commercial, to P, Parks, property with frontage on East Carson St., S 12th St., and Roland Way, identified as Block 3-H, Lot 15 in the Allegheny County Block and Lot System, 17th Ward. (Public Hearing held 4/22/2020)", "intro_date": "2019-12-19", "status_legistar": "Passed Finally", "status": "adopted", "final_action": "Passed Finally", "final_action_date": "2020-05-05", "passed_date": "2020-05-05", "mayor_signed_date": "2020-05-06", "days_intro_to_final": 138, "passed_pursuant_to_case_law": false, "public_hearing_held_date": "2020-04-22", "referred_to_planning_commission_in_history": true, "vote_action": "Passed Finally", "vote_date": "2020-05-05", "votes_aye": 9, "votes_nay": 0, "votes_abstain": 0, "votes_absent_or_other": 0, "votes_other_detail": "", "vote_source": "eventitems/301818/votes", "from_districts": "LNC", "to_districts": "P", "from_to_pairs": "LNC>P", "multi_unit_code_change_today": "P>-", "byright_ceiling_effect_today": "decreases_byright_residential_ceiling", "cu_district_zoned": "", "housing_typology": "", "units_stated": "", "beds_or_residents_stated": "", "addresses": "", "parcels": "3-H-15", "legistar_api_url": "https://webapi.legistar.com/v1/pittsburgh/matters/24778", "legistar_web_url": "https://pittsburgh.legistar.com/gateway.aspx?M=F&ID=C293F1BF-4C6D-474B-A18F-08430DEF822E", "geocode_method": "allegheny_parcel_centroid", "geocode_detail": "1 of 1 parcel ids matched MAPBLOCKLOT", "parcels_matched": "3-H-15", "as_of": "2026-09-26"}}, {"type": "Feature", "geometry": {"type": "Point", "coordinates": [-79.997846, 40.439144]}, "properties": {"matter_id": 25750, "file_number": "2020-0926", "matter_type": "Resolution", "action_category": "conditional_use", "action_subtype": "cu_transfer_of_development_rights", "residential_relevance": "tdr_dwelling_units", "title": "Resolution approving a Conditional Use Application under the Pittsburgh Code, Title Nine, Zoning, Article IV, Chapter 910, Section 910.01.D.1 to Meyer, Unkovic & Scott on behalf of 429 FORBES - KPP II FORBES AVENUE LLC, for the transfer of Development Rights involving 87 dwelling units from 201 Stanwix Street (Block and Lot 1-G-75), \u201cGT-D\u201d Golden Triangle Subdistrict D, to 429 Forbes Avenue (Block and Lot 2-E-155) , zoned \u201cGT-B\u201d Golden Triangle Subdistrict B, 1st Ward, Council District No. 6. (Public Hearing held 1/5/2021)", "intro_date": "2020-11-20", "status_legistar": "Passed Finally", "status": "adopted", "final_action": "Passed pursuant to Case Law", "final_action_date": "2021-02-02", "passed_date": "2021-02-02", "mayor_signed_date": "", "days_intro_to_final": 74, "passed_pursuant_to_case_law": true, "public_hearing_held_date": "2021-01-05", "referred_to_planning_commission_in_history": false, "vote_action": "Passed pursuant to Case Law", "vote_date": "2021-02-02", "votes_aye": "", "votes_nay": "", "votes_abstain": "", "votes_absent_or_other": "", "votes_other_detail": "", "vote_source": "votes_endpoint_http_500", "from_districts": "", "to_districts": "", "from_to_pairs": "", "multi_unit_code_change_today": "", "byright_ceiling_effect_today": "", "cu_district_zoned": "GT-B", "housing_typology": "multi_unit", "units_stated": "87", "beds_or_residents_stated": "", "addresses": "201 Stanwix Street|429 Forbes Avenue", "parcels": "1-G-75|2-E-155", "legistar_api_url": "https://webapi.legistar.com/v1/pittsburgh/matters/25750", "legistar_web_url": "https://pittsburgh.legistar.com/gateway.aspx?M=F&ID=83A431F6-C316-45AB-9D8C-AA9588517B61", "geocode_method": "allegheny_parcel_centroid", "geocode_detail": "1 of 1 parcel ids matched MAPBLOCKLOT; TDR: receiving site = last parcel in title", "parcels_matched": "2-E-155", "as_of": "2026-09-26"}}, {"type": "Feature", "geometry": {"type": "Point", "coordinates": [-79.927506, 40.431132]}, "properties": {"matter_id": 26063, "file_number": "2021-1231", "matter_type": "Resolution", "action_category": "conditional_use", "action_subtype": "cu_use_approval", "residential_relevance": "residential_use", "title": "Resolution approving a Conditional Use Application under the Pittsburgh Code, Title Nine, Zoning, Article V, Chapter 911, Section 911.04.A.41 to Lubavitch Center Inc, property owner, for authorization to operate a Multi-Suite Residential (Limited) use at 2142 Wightman Street, Block and Lot 87-B-58, zoned \u201cRM-M\u201d Multi-Unit Residential, Moderate Density District, 14th Ward, Council District No. 5. (Public Hearing Held 4/13/21)", "intro_date": "2021-02-19", "status_legistar": "Passed Finally", "status": "adopted", "final_action": "Passed pursuant to Case Law", "final_action_date": "2021-04-20", "passed_date": "2021-04-20", "mayor_signed_date": "", "days_intro_to_final": 60, "passed_pursuant_to_case_law": true, "public_hearing_held_date": "2021-04-13", "referred_to_planning_commission_in_history": false, "vote_action": "Passed pursuant to Case Law", "vote_date": "2021-04-20", "votes_aye": "", "votes_nay": "", "votes_abstain": "", "votes_absent_or_other": "", "votes_other_detail": "", "vote_source": "votes_endpoint_http_500", "from_districts": "", "to_districts": "", "from_to_pairs": "", "multi_unit_code_change_today": "", "byright_ceiling_effect_today": "", "cu_district_zoned": "RM-M", "housing_typology": "multi_suite_residential", "units_stated": "", "beds_or_residents_stated": "", "addresses": "2142 Wightman Street", "parcels": "87-B-58", "legistar_api_url": "https://webapi.legistar.com/v1/pittsburgh/matters/26063", "legistar_web_url": "https://pittsburgh.legistar.com/gateway.aspx?M=F&ID=3F9BA601-EB0F-4913-92ED-715BE54641F6", "geocode_method": "allegheny_parcel_centroid", "geocode_detail": "1 of 1 parcel ids matched MAPBLOCKLOT", "parcels_matched": "87-B-58", "as_of": "2026-09-26"}}, {"type": "Feature", "geometry": {"type": "Point", "coordinates": [-79.911874, 40.465959]}, "properties": {"matter_id": 26173, "file_number": "2021-1335", "matter_type": "Ordinance", "action_category": "map_amendment", "action_subtype": "site_rezoning", "residential_relevance": "enables_more_housing_byright", "title": "Ordinance amending the Pittsburgh Code, Title Nine, Zoning, Article I, Section 902.03 Zoning Map, by changing from RM-H, Multi-Unit Residential High Density, to LNC, Local Neighborhood Commercial sixteen parcels in the Allegheny County Block and Lot System, 12th Ward; and changing from R1D-H, Single Unit Detached Residential High Density to LNC, Local Neighborhood Commercial thirteen parcels in the Allegheny County Block and Lot System, 12th Ward. (Public Hearing held 5/26/21)", "intro_date": "2021-03-19", "status_legistar": "Passed Finally", "status": "adopted", "final_action": "Passed Finally", "final_action_date": "2021-09-21", "passed_date": "2021-09-21", "mayor_signed_date": "2021-09-22", "days_intro_to_final": 186, "passed_pursuant_to_case_law": false, "public_hearing_held_date": "2021-05-26", "referred_to_planning_commission_in_history": false, "vote_action": "Passed Finally", "vote_date": "2021-09-21", "votes_aye": 8, "votes_nay": 0, "votes_abstain": 0, "votes_absent_or_other": 1, "votes_other_detail": "Absent=1", "vote_source": "eventitems/320483/votes", "from_districts": "RM-H|R1D-H", "to_districts": "LNC", "from_to_pairs": "RM-H>LNC|R1D-H>LNC", "multi_unit_code_change_today": "P>P|->P", "byright_ceiling_effect_today": "increases_byright_residential_ceiling", "cu_district_zoned": "", "housing_typology": "", "units_stated": "", "beds_or_residents_stated": "", "addresses": "119 Shetland Street", "parcels": "124-J-350|124-K-65|124-K-147|124-J-358|124-K-123", "legistar_api_url": "https://webapi.legistar.com/v1/pittsburgh/matters/26173", "legistar_web_url": "https://pittsburgh.legistar.com/gateway.aspx?M=F&ID=64B42410-7E0B-4F56-AC46-5609089FE5B5", "geocode_method": "allegheny_parcel_centroid_mean", "geocode_detail": "5 of 5 parcel ids matched MAPBLOCKLOT", "parcels_matched": "124-K-147|124-K-65|124-J-358|124-K-123|124-J-350", "as_of": "2026-09-26"}}, {"type": "Feature", "geometry": {"type": "Point", "coordinates": [-79.926165, 40.449337]}, "properties": {"matter_id": 26174, "file_number": "2021-1336", "matter_type": "Ordinance", "action_category": "map_amendment", "action_subtype": "site_rezoning", "residential_relevance": "unclear_special_district", "title": "Ordinance amending the Pittsburgh Code, Title Nine, Zoning, Article I, Section 902.03 Zoning Map, by changing from RM-M, Multi-Unit Residential, Moderate Density, R1D-L, Single-Unit Detached Residential, Low Density, and R1D-VL, Single-Unit Detached Residential, Very Low Density, R2-M, Two-Unit Residential Moderate Density and RP, Residential Planned Unit Development, to EMI, Educational Medical Institution, 27 parcels in the Allegheny County Block and Lot System, 7th and 14th Wards. (Public Hearing held 9/9/21)", "intro_date": "2021-03-19", "status_legistar": "Passed Finally", "status": "adopted", "final_action": "Passed Finally", "final_action_date": "2021-09-21", "passed_date": "2021-09-21", "mayor_signed_date": "2021-09-22", "days_intro_to_final": 186, "passed_pursuant_to_case_law": false, "public_hearing_held_date": "2021-09-09", "referred_to_planning_commission_in_history": false, "vote_action": "Passed Finally", "vote_date": "2021-09-21", "votes_aye": 8, "votes_nay": 0, "votes_abstain": 0, "votes_absent_or_other": 1, "votes_other_detail": "Absent=1", "vote_source": "eventitems/320484/votes", "from_districts": "RM-M|R1D-L|R1D-VL|R2-M|RP", "to_districts": "EMI", "from_to_pairs": "RM-M>EMI|R1D-L>EMI|R1D-VL>EMI|R2-M>EMI|RP>EMI", "multi_unit_code_change_today": "P>A|->A|->A|->A|?>A", "byright_ceiling_effect_today": "involves_district_not_in_911_02", "cu_district_zoned": "", "housing_typology": "", "units_stated": "", "beds_or_residents_stated": "", "addresses": "107 Woodland Road|5836 5th Avenue|5812 5th Avenue|5850 5th Avenue|5806 W Woodland Road|5780 5th Avenue|5814 W Woodland Road|5810 W Woodland Road|5802 W Woodland Road|5800 5th Avenue|1163 Murray Hill Avenue|1167 Murray Hill Avenue|5736 W Woodland Road|5803 5th Avenue|931 Maryland Avenue|21 W Woodland Road|5918 5th Avenue", "parcels": "85-F-249|85-F-107|85-B-18|85-B-8|85-B-24|85-B-149|85-F-103|85-F-155|85-F-153|85-F-147|85-F-105|85-F-142|85-K-225|85-K-236|85-P-281|85-K-234|85-B-83|85-B-118|85-R-124|85-F-150|85-B-38", "legistar_api_url": "https://webapi.legistar.com/v1/pittsburgh/matters/26174", "legistar_web_url": "https://pittsburgh.legistar.com/gateway.aspx?M=F&ID=484CFB1D-01D6-4210-ABDA-FA6D26D302E3", "geocode_method": "allegheny_parcel_centroid_mean", "geocode_detail": "21 of 21 parcel ids matched MAPBLOCKLOT", "parcels_matched": "85-F-150|85-B-38|85-F-103|85-F-142|85-B-149|85-F-155|85-F-147|85-F-107|85-K-236|85-F-249|85-B-83|85-B-18|85-P-281|85-F-153|85-F-105|85-B-24|85-K-225|85-R-124|85-B-8|85-B-118|85-K-234", "as_of": "2026-09-26"}}, {"type": "Feature", "geometry": {"type": "Point", "coordinates": [-80.036067, 40.406377]}, "properties": {"matter_id": 26382, "file_number": "2021-1530", "matter_type": "Ordinance", "action_category": "map_amendment", "action_subtype": "site_rezoning", "residential_relevance": "enables_more_housing_byright", "title": "Ordinance amending the Pittsburgh Code, Title Nine, Zoning, Article I, Section 902.03 Zoning Map, by changing from P, Parks, to NDI, Neighborhood Industrial, a portion of one parcel in the Allegheny County Block and Lot System, 20th Ward. (Public Hearing held 7/20/21)", "intro_date": "2021-05-21", "status_legistar": "Passed Finally", "status": "adopted", "final_action": "Passed Finally", "final_action_date": "2021-07-27", "passed_date": "2021-07-27", "mayor_signed_date": "2021-07-29", "days_intro_to_final": 67, "passed_pursuant_to_case_law": false, "public_hearing_held_date": "2021-07-20", "referred_to_planning_commission_in_history": false, "vote_action": "Passed Finally", "vote_date": "2021-07-27", "votes_aye": 8, "votes_nay": 0, "votes_abstain": 0, "votes_absent_or_other": 1, "votes_other_detail": "Absent=1", "vote_source": "eventitems/319172/votes", "from_districts": "P", "to_districts": "NDI", "from_to_pairs": "P>NDI", "multi_unit_code_change_today": "->P", "byright_ceiling_effect_today": "increases_byright_residential_ceiling", "cu_district_zoned": "", "housing_typology": "", "units_stated": "", "beds_or_residents_stated": "", "addresses": "", "parcels": "36-S-25", "legistar_api_url": "https://webapi.legistar.com/v1/pittsburgh/matters/26382", "legistar_web_url": "https://pittsburgh.legistar.com/gateway.aspx?M=F&ID=B577ED4F-FCA7-46A1-93FC-7E42FCACF786", "geocode_method": "allegheny_parcel_centroid", "geocode_detail": "1 of 1 parcel ids matched MAPBLOCKLOT", "parcels_matched": "36-S-25", "as_of": "2026-09-26"}}, {"type": "Feature", "geometry": {"type": "Point", "coordinates": [-79.987901, 40.43785]}, "properties": {"matter_id": 27012, "file_number": "2021-2123", "matter_type": "Ordinance", "action_category": "map_amendment", "action_subtype": "site_rezoning", "residential_relevance": "unclear_special_district", "title": "Ordinance amending the Pittsburgh Code, Title Nine, Zoning, Article I, Section 902.03 Zoning Map, by changing from Uptown Public Realm, Subdistrict A (UPR-A) to Educational/Medical Institution (EMI), a certain property at 1323 Forbes Avenue, Block Number 1-L, lot number 42, in the Allegheny County Block and Lot System. A portion of the parcel is currently zoned Uptown Public Realm, Subdistrict A (UPR-A). (Public Hearing held 1/6/2022)", "intro_date": "2021-10-29", "status_legistar": "Passed Finally", "status": "adopted", "final_action": "Passed Finally", "final_action_date": "2022-01-18", "passed_date": "2022-01-18", "mayor_signed_date": "2022-01-20", "days_intro_to_final": 81, "passed_pursuant_to_case_law": false, "public_hearing_held_date": "2022-01-06", "referred_to_planning_commission_in_history": false, "vote_action": "Passed Finally", "vote_date": "2022-01-18", "votes_aye": 7, "votes_nay": 0, "votes_abstain": 0, "votes_absent_or_other": 2, "votes_other_detail": "Absent=1; Out of Room=1", "vote_source": "eventitems/326340/votes", "from_districts": "UPR-A", "to_districts": "EMI", "from_to_pairs": "UPR-A>EMI", "multi_unit_code_change_today": "?>A", "byright_ceiling_effect_today": "involves_district_not_in_911_02", "cu_district_zoned": "", "housing_typology": "", "units_stated": "", "beds_or_residents_stated": "", "addresses": "1323 Forbes Avenue", "parcels": "1-L-42", "legistar_api_url": "https://webapi.legistar.com/v1/pittsburgh/matters/27012", "legistar_web_url": "https://pittsburgh.legistar.com/gateway.aspx?M=F&ID=9DED3C78-BF8B-49FE-9793-A81E2BC4CDAE", "geocode_method": "census_geocoder_onelineaddress", "geocode_detail": "input '1323 Forbes Avenue, Pittsburgh, PA' -> '1323 FORBES AVE, PITTSBURGH, PA, 15219'", "parcels_matched": "", "as_of": "2026-09-26"}}, {"type": "Feature", "geometry": {"type": "Point", "coordinates": [-79.951572, 40.463818]}, "properties": {"matter_id": 27395, "file_number": "2022-0088", "matter_type": "Ordinance", "action_category": "map_amendment", "action_subtype": "site_rezoning", "residential_relevance": "enables_more_housing_byright", "title": "Ordinance amending the Pittsburgh Code, Title Nine, Zoning, Article I, Section 902.03 Zoning Map, by changing from R1A-H, Residential Single-Unit Attached High Density, to LNC, Local Neighborhood Commercial, a portion of one parcel in the Allegheny County Block and Lot System, 9th Ward. (Public Hearing held 3/23/22)", "intro_date": "2022-02-04", "status_legistar": "Passed Finally", "status": "adopted", "final_action": "Passed Finally", "final_action_date": "2022-04-05", "passed_date": "2022-04-05", "mayor_signed_date": "2022-04-07", "days_intro_to_final": 60, "passed_pursuant_to_case_law": false, "public_hearing_held_date": "2022-03-23", "referred_to_planning_commission_in_history": false, "vote_action": "Passed Finally", "vote_date": "2022-04-05", "votes_aye": 8, "votes_nay": 0, "votes_abstain": 0, "votes_absent_or_other": 1, "votes_other_detail": "Absent=1", "vote_source": "eventitems/328657/votes", "from_districts": "R1A-H", "to_districts": "LNC", "from_to_pairs": "R1A-H>LNC", "multi_unit_code_change_today": "->P", "byright_ceiling_effect_today": "increases_byright_residential_ceiling", "cu_district_zoned": "", "housing_typology": "", "units_stated": "", "beds_or_residents_stated": "", "addresses": "", "parcels": "49-S-137", "legistar_api_url": "https://webapi.legistar.com/v1/pittsburgh/matters/27395", "legistar_web_url": "https://pittsburgh.legistar.com/gateway.aspx?M=F&ID=BF49CEEA-1571-4CA3-9274-99236404DB7C", "geocode_method": "allegheny_parcel_centroid", "geocode_detail": "1 of 1 parcel ids matched MAPBLOCKLOT", "parcels_matched": "49-S-137", "as_of": "2026-09-26"}}, {"type": "Feature", "geometry": {"type": "Point", "coordinates": [-80.001797, 40.432017]}, "properties": {"matter_id": 27581, "file_number": "2022-0223", "matter_type": "Ordinance", "action_category": "sp_pud", "action_subtype": "sp_text_amendment", "residential_relevance": "sp_text_or_other+text_mentions_housing", "title": "Ordinance amending the Pittsburgh Code, Title Nine, Zoning Code, Article IV, Planning Districts, 908 Public Realm Districts and 909.01 Specially Planned Districts and Article V, Use Regulations, Chapter 911, Primary Uses, Section 911.02, Use Table, and Section 911.04, Use Standards, to remove the review of Sidewalk Cafes from the Zoning Code. (Public Hearing held 5/24/22)", "intro_date": "2022-03-25", "status_legistar": "Held In Council", "status": "held", "final_action": "Public Hearing Held", "final_action_date": "2022-05-24", "passed_date": "", "mayor_signed_date": "", "days_intro_to_final": "", "passed_pursuant_to_case_law": false, "public_hearing_held_date": "2022-05-24", "referred_to_planning_commission_in_history": false, "vote_action": "", "vote_date": "", "votes_aye": "", "votes_nay": "", "votes_abstain": "", "votes_absent_or_other": "", "votes_other_detail": "", "vote_source": "", "from_districts": "", "to_districts": "", "from_to_pairs": "", "multi_unit_code_change_today": "", "byright_ceiling_effect_today": "", "cu_district_zoned": "", "housing_typology": "student_housing_dormitory|multi_suite_residential|senior_elderly|personal_care|custodial_care_group_residential|multi_unit|mixed_use_with_residential", "units_stated": "", "beds_or_residents_stated": "", "addresses": "", "parcels": "4-D-45|4-D-60", "legistar_api_url": "https://webapi.legistar.com/v1/pittsburgh/matters/27581", "legistar_web_url": "https://pittsburgh.legistar.com/gateway.aspx?M=F&ID=23DF6A9D-9A6D-41B7-B162-32E6D0D0D399", "geocode_method": "allegheny_parcel_centroid", "geocode_detail": "1 of 2 parcel ids matched MAPBLOCKLOT", "parcels_matched": "4-D-60", "as_of": "2026-09-26"}}, {"type": "Feature", "geometry": {"type": "Point", "coordinates": [-79.999683, 40.441461]}, "properties": {"matter_id": 27660, "file_number": "2022-0291", "matter_type": "Resolution", "action_category": "conditional_use", "action_subtype": "cu_transfer_of_development_rights", "residential_relevance": "tdr_dwelling_units", "title": "Resolution approving a Conditional Use Application under the Pittsburgh Code, Title Nine, Zoning, Article IV, Chapter 910, Section 910.01.D.1 to Meyer, Unkovic & Scott on behalf of 300 SIXTH AVENUE PROPERTY LLC, for the transfer of Development Rights involving 33 dwelling units from 130-160 5th Avenue, (Block and Lot 1-D-150), zoned \u201cGT-A\u201d Golden Triangle Subdistrict A, and 5 dwelling units from 417 Wood Street, (Block and Lot 1-H-195), zoned \u201cGT-A\u201d Golden Triangle Subdistrict A, to 300 6th Avenue (Block and Lot 2-A-85, 2-A-85-1, 2-A-85-2) , zoned \u201cGT-A\u201d Golden Triangle Subdistrict A, 1st Ward, Council District No. 6. (Public Hearing held 6/8/2022)", "intro_date": "2022-04-22", "status_legistar": "Passed Finally", "status": "adopted", "final_action": "Passed pursuant to Case Law", "final_action_date": "2022-06-21", "passed_date": "2022-06-21", "mayor_signed_date": "", "days_intro_to_final": 60, "passed_pursuant_to_case_law": true, "public_hearing_held_date": "2022-06-08", "referred_to_planning_commission_in_history": false, "vote_action": "Passed pursuant to Case Law", "vote_date": "2022-06-21", "votes_aye": "", "votes_nay": "", "votes_abstain": "", "votes_absent_or_other": "", "votes_other_detail": "", "vote_source": "votes_endpoint_http_500", "from_districts": "", "to_districts": "", "from_to_pairs": "", "multi_unit_code_change_today": "", "byright_ceiling_effect_today": "", "cu_district_zoned": "GT-A", "housing_typology": "multi_unit", "units_stated": "33|5", "beds_or_residents_stated": "", "addresses": "130-160 5th Avenue|417 Wood Street|300 6th Avenue", "parcels": "1-D-150|1-H-195|2-A-85|2-A-85-1|2-A-85-2", "legistar_api_url": "https://webapi.legistar.com/v1/pittsburgh/matters/27660", "legistar_web_url": "https://pittsburgh.legistar.com/gateway.aspx?M=F&ID=3E0A67CF-8EFB-48C2-A3FE-F532383007A4", "geocode_method": "allegheny_parcel_centroid", "geocode_detail": "1 of 1 parcel ids matched MAPBLOCKLOT; TDR: receiving site = last parcel in title", "parcels_matched": "2-A-85-2", "as_of": "2026-09-26"}}, {"type": "Feature", "geometry": {"type": "Point", "coordinates": [-79.944597, 40.44694]}, "properties": {"matter_id": 28172, "file_number": "2022-0754", "matter_type": "Ordinance", "action_category": "map_amendment", "action_subtype": "site_rezoning", "residential_relevance": "reduces_housing_byright", "title": "Ordinance amending the Pittsburgh Code, Title Nine, Zoning, Article I, Section 902.03 Zoning Map, by changing from RM-H, Multi-Unit Residential, High Density and R1D-L, Residential Single-Unit Detached Residential, Low Density to EMI, Education Medical Institution, 7 parcels in the Allegheny County Block and Lot System, 7th and 14th Wards. (Public Hearing held 11/9/22)", "intro_date": "2022-09-16", "status_legistar": "Passed Finally", "status": "adopted", "final_action": "Passed Finally", "final_action_date": "2022-11-21", "passed_date": "2022-11-21", "mayor_signed_date": "2022-11-23", "days_intro_to_final": 66, "passed_pursuant_to_case_law": false, "public_hearing_held_date": "2022-11-09", "referred_to_planning_commission_in_history": false, "vote_action": "Passed Finally", "vote_date": "2022-11-21", "votes_aye": 7, "votes_nay": 0, "votes_abstain": 0, "votes_absent_or_other": 1, "votes_other_detail": "Absent=1", "vote_source": "eventitems/336698/votes", "from_districts": "RM-H|R1D-L", "to_districts": "EMI", "from_to_pairs": "RM-H>EMI|R1D-L>EMI", "multi_unit_code_change_today": "P>A|->A", "byright_ceiling_effect_today": "decreases_byright_residential_ceiling", "cu_district_zoned": "", "housing_typology": "", "units_stated": "", "beds_or_residents_stated": "", "addresses": "4705 5th Avenue|617 N Neville Street|4914 5th Avenue|1011 Devonshire Road|1019 Devonshire Road|1021 Devonshire Road|1033 Devonshire Road", "parcels": "52-J-60|52-J-50|52-K-175|52-K-182|52-K-185|52-K-188|52-K-191", "legistar_api_url": "https://webapi.legistar.com/v1/pittsburgh/matters/28172", "legistar_web_url": "https://pittsburgh.legistar.com/gateway.aspx?M=F&ID=8AA29396-8D20-427C-B8B9-7D2358F9F8A1", "geocode_method": "allegheny_parcel_centroid_mean", "geocode_detail": "7 of 7 parcel ids matched MAPBLOCKLOT", "parcels_matched": "52-K-175|52-K-188|52-J-60|52-J-50|52-K-191|52-K-185|52-K-182", "as_of": "2026-09-26"}}, {"type": "Feature", "geometry": {"type": "Point", "coordinates": [-79.914469, 40.460163]}, "properties": {"matter_id": 28242, "file_number": "2022-0817", "matter_type": "Ordinance", "action_category": "map_amendment", "action_subtype": "site_rezoning", "residential_relevance": "reduces_housing_byright", "title": "Ordinance amending the Pittsburgh Code, Title Nine, Zoning, Article I, Section 902.03 Zoning Map, by changing from LN., Local Neighborhood Commercial to UI, Urban Industrial, 3 parcels in the Allegheny County Block and Lot System, 12th Ward. (Public Hearing held 12/14/22)", "intro_date": "2022-10-07", "status_legistar": "Passed Finally", "status": "adopted", "final_action": "Passed Finally", "final_action_date": "2022-12-28", "passed_date": "2022-12-28", "mayor_signed_date": "2023-01-04", "days_intro_to_final": 82, "passed_pursuant_to_case_law": false, "public_hearing_held_date": "2022-12-14", "referred_to_planning_commission_in_history": false, "vote_action": "Passed Finally", "vote_date": "2022-12-28", "votes_aye": 7, "votes_nay": 0, "votes_abstain": 0, "votes_absent_or_other": 2, "votes_other_detail": "Absent=2", "vote_source": "eventitems/338385/votes", "from_districts": "LNC", "to_districts": "UI", "from_to_pairs": "LNC>UI", "multi_unit_code_change_today": "P>S", "byright_ceiling_effect_today": "decreases_byright_residential_ceiling", "cu_district_zoned": "", "housing_typology": "", "units_stated": "", "beds_or_residents_stated": "", "addresses": "6465 Hamilton Avenue", "parcels": "125-A-45|125-A-50|125-A-52", "legistar_api_url": "https://webapi.legistar.com/v1/pittsburgh/matters/28242", "legistar_web_url": "https://pittsburgh.legistar.com/gateway.aspx?M=F&ID=F839EA41-42C2-41B5-868E-8584F9D93BE2", "geocode_method": "allegheny_parcel_centroid_mean", "geocode_detail": "3 of 3 parcel ids matched MAPBLOCKLOT", "parcels_matched": "125-A-45|125-A-50|125-A-52", "as_of": "2026-09-26"}}, {"type": "Feature", "geometry": {"type": "Point", "coordinates": [-79.906804, 40.457933]}, "properties": {"matter_id": 28864, "file_number": "2023-1393", "matter_type": "Ordinance", "action_category": "map_amendment", "action_subtype": "site_rezoning", "residential_relevance": "reduces_housing_byright", "title": "Ordinance amending the Pittsburgh Code, Title Nine, Zoning, Article I, Section 902.03 Zoning Map, by changing from R1D-L, Residential Single-Unit Detached, Low Density District to UI, Urban Industrial District certain property roughly bounded by Kelly Street, Fifth Avenue, Frankstown Avenue and the Allegheny Valley Railroad Brilliant Line; all in the Allegheny County Block and Lot System, 12th Ward. (Sent for a Report & Recommendation on 4/14/23) (Report & Recommendation received on 6/30/23) (Public Hearing held 9/7/23)", "intro_date": "2023-03-31", "status_legistar": "Passed Finally", "status": "adopted", "final_action": "Passed Finally", "final_action_date": "2023-09-26", "passed_date": "2023-09-26", "mayor_signed_date": "2023-09-28", "days_intro_to_final": 179, "passed_pursuant_to_case_law": false, "public_hearing_held_date": "2023-09-07", "referred_to_planning_commission_in_history": true, "vote_action": "Passed Finally", "vote_date": "2023-09-26", "votes_aye": 8, "votes_nay": 0, "votes_abstain": 0, "votes_absent_or_other": 1, "votes_other_detail": "Absent=1", "vote_source": "eventitems/347424/votes", "from_districts": "R1D-L", "to_districts": "UI", "from_to_pairs": "R1D-L>UI", "multi_unit_code_change_today": "->S", "byright_ceiling_effect_today": "decreases_byright_residential_ceiling", "cu_district_zoned": "", "housing_typology": "", "units_stated": "", "beds_or_residents_stated": "", "addresses": "", "parcels": "125-G-42", "legistar_api_url": "https://webapi.legistar.com/v1/pittsburgh/matters/28864", "legistar_web_url": "https://pittsburgh.legistar.com/gateway.aspx?M=F&ID=73B3B50C-628F-496D-B575-9D14614E8CD8", "geocode_method": "allegheny_parcel_centroid", "geocode_detail": "1 of 1 parcel ids matched MAPBLOCKLOT", "parcels_matched": "125-G-42", "as_of": "2026-09-26"}}, {"type": "Feature", "geometry": {"type": "Point", "coordinates": [-79.918473, 40.458818]}, "properties": {"matter_id": 29219, "file_number": "2023-1723", "matter_type": "Ordinance", "action_category": "map_amendment", "action_subtype": "site_rezoning", "residential_relevance": "unclear_special_district", "title": "Ordinance amending the Pittsburgh Code, Title Nine, Zoning, Article I, Section 902.03 Zoning Map, by changing from HC, Highway Commercial District to SP-9/Bakery Square District, certain property roughly bounded by Penn Avenue, East Liberty Boulevard and the Pittsburgh Regional Transit East Busway, all in the Allegheny County Block and Lot System, 11th Ward; and by changing from UI, Urban Industrial District to SP-9/Bakery Square District, that certain property roughly bounded by Penn Avenue and the existing easternmost boundary of the SP-9/Bakery Square District; in the Allegheny County Block and Lot System, 12th Ward; and by changing from HC, Highway Commercial District to UI, Urban Industrial District, that certain property roughly bounded by the northwestern boundary of the SP-9/Bakery Square District and Norfolk Southern Rail line, in the Allegheny County Block and Lot System, 11th Ward. (Sent to the Planning Commission for a report and recommendation on 7/12/23) (Report and Recommendation received on 1/24/25) (Public Hearing held 7/8/25)", "intro_date": "2023-07-10", "status_legistar": "Passed Finally", "status": "adopted", "final_action": "Passed Finally", "final_action_date": "2025-07-22", "passed_date": "2025-07-22", "mayor_signed_date": "2025-07-22", "days_intro_to_final": 743, "passed_pursuant_to_case_law": false, "public_hearing_held_date": "2025-07-08", "referred_to_planning_commission_in_history": true, "vote_action": "Passed Finally", "vote_date": "2025-07-22", "votes_aye": 9, "votes_nay": 0, "votes_abstain": 0, "votes_absent_or_other": 0, "votes_other_detail": "", "vote_source": "eventitems/368937/votes", "from_districts": "HC|UI", "to_districts": "SP-9|UI", "from_to_pairs": "HC>SP-9|UI>SP-9|HC>UI", "multi_unit_code_change_today": "->?|S>?|->S", "byright_ceiling_effect_today": "involves_district_not_in_911_02", "cu_district_zoned": "", "housing_typology": "", "units_stated": "", "beds_or_residents_stated": "", "addresses": "", "parcels": "84-G-360|84-H-121|125-J-37|84-H-123", "legistar_api_url": "https://webapi.legistar.com/v1/pittsburgh/matters/29219", "legistar_web_url": "https://pittsburgh.legistar.com/gateway.aspx?M=F&ID=5C2738CA-809E-429A-A263-077269A6EA98", "geocode_method": "allegheny_parcel_centroid_mean", "geocode_detail": "4 of 4 parcel ids matched MAPBLOCKLOT", "parcels_matched": "125-J-37|84-G-360|84-H-121|84-H-123", "as_of": "2026-09-26"}}, {"type": "Feature", "geometry": {"type": "Point", "coordinates": [-79.958443, 40.438506]}, "properties": {"matter_id": 29836, "file_number": "2023-2330", "matter_type": "Ordinance", "action_category": "map_amendment", "action_subtype": "site_rezoning", "residential_relevance": "enables_more_housing_byright", "title": "Ordinance amending the Pittsburgh Code, Title Nine, Zoning, Article 902.03, Zoning Map, by changing from UC-E, Urban Center Employment to R-MU, Residential - Mixed Use, certain properties located on McKee Place in the 4th Ward of the City of Pittsburgh known in the Allegheny County Office of Deed Registry as Block and Lot Numbers: 28-F-314, 28-F-310, 28-F-308, 28-F-306, 28-F-304, and 28-F-302. (Sent to the Planning Commission for a Report and Recommendation on 12/18/23) (Report and Recommendation received on 4/4/24) (Public Hearing held 6/12/24)", "intro_date": "2023-12-18", "status_legistar": "Passed Finally", "status": "adopted", "final_action": "Passed Finally", "final_action_date": "2024-10-08", "passed_date": "2024-10-08", "mayor_signed_date": "2024-10-10", "days_intro_to_final": 295, "passed_pursuant_to_case_law": false, "public_hearing_held_date": "2024-06-12", "referred_to_planning_commission_in_history": true, "vote_action": "Passed Finally", "vote_date": "2024-10-08", "votes_aye": 9, "votes_nay": 0, "votes_abstain": 0, "votes_absent_or_other": 0, "votes_other_detail": "", "vote_source": "eventitems/359614/votes", "from_districts": "UC-E", "to_districts": "R-MU", "from_to_pairs": "UC-E>R-MU", "multi_unit_code_change_today": "A>P", "byright_ceiling_effect_today": "increases_byright_residential_ceiling", "cu_district_zoned": "", "housing_typology": "", "units_stated": "", "beds_or_residents_stated": "", "addresses": "", "parcels": "28-F-314|28-F-310|28-F-308|28-F-306|28-F-304|28-F-302", "legistar_api_url": "https://webapi.legistar.com/v1/pittsburgh/matters/29836", "legistar_web_url": "https://pittsburgh.legistar.com/gateway.aspx?M=F&ID=562D7569-56CF-49B7-A090-D0B60FB61B12", "geocode_method": "allegheny_parcel_centroid_mean", "geocode_detail": "6 of 6 parcel ids matched MAPBLOCKLOT", "parcels_matched": "28-F-310|28-F-304|28-F-314|28-F-302|28-F-306|28-F-308", "as_of": "2026-09-26"}}, {"type": "Feature", "geometry": {"type": "Point", "coordinates": [-79.921442, 40.458481]}, "properties": {"matter_id": 30115, "file_number": "2024-0221", "matter_type": "Ordinance", "action_category": "map_amendment", "action_subtype": "site_rezoning", "residential_relevance": "no_change_in_residential_ceiling", "title": "Ordinance amending the Pittsburgh Code, Title Nine, Zoning, Article 902.03, Zoning Map, by changing From RM-H, Residential Multi-Unit - High Density to UNC - Urban Neighborhood Commercial, certain properties located on Shady Avenue in the 7th Ward of the City of Pittsburgh known in the Allegheny County Office of Deed Registry as Block and Lot Numbers: 84-G-239 and a portion of 84-G-258. (Sent to Planning Commission for Report & Recommendation on 3/15/24) (Report & Recommendation received 5/24/24) (Public Hearing held 10/10/24)", "intro_date": "2024-03-01", "status_legistar": "Passed Finally", "status": "adopted", "final_action": "Passed Finally", "final_action_date": "2024-10-22", "passed_date": "2024-10-22", "mayor_signed_date": "2024-10-24", "days_intro_to_final": 235, "passed_pursuant_to_case_law": false, "public_hearing_held_date": "2024-10-10", "referred_to_planning_commission_in_history": true, "vote_action": "Passed Finally", "vote_date": "2024-10-22", "votes_aye": 9, "votes_nay": 0, "votes_abstain": 0, "votes_absent_or_other": 0, "votes_other_detail": "", "vote_source": "eventitems/360133/votes", "from_districts": "RM-H", "to_districts": "UNC", "from_to_pairs": "RM-H>UNC", "multi_unit_code_change_today": "P>P", "byright_ceiling_effect_today": "same_residential_ceiling", "cu_district_zoned": "", "housing_typology": "", "units_stated": "", "beds_or_residents_stated": "", "addresses": "", "parcels": "84-G-239|84-G-258", "legistar_api_url": "https://webapi.legistar.com/v1/pittsburgh/matters/30115", "legistar_web_url": "https://pittsburgh.legistar.com/gateway.aspx?M=F&ID=8A6259C7-BCF3-4C92-A74B-E755FDA879E3", "geocode_method": "allegheny_parcel_centroid_mean", "geocode_detail": "2 of 2 parcel ids matched MAPBLOCKLOT", "parcels_matched": "84-G-239|84-G-258", "as_of": "2026-09-26"}}, {"type": "Feature", "geometry": {"type": "Point", "coordinates": [-80.001797, 40.432017]}, "properties": {"matter_id": 30171, "file_number": "2024-0277", "matter_type": "Ordinance", "action_category": "sp_pud", "action_subtype": "sp_text_amendment", "residential_relevance": "sp_text_or_other+text_mentions_housing", "title": "Ordinance amending the Pittsburgh Code, Title Nine, Zoning Code, Article IV, Planning Districts, 908 Public Realm Districts and 909.01 Specially Planned Districts and Article V, Use Regulations, Chapter 911, Primary Uses, Section 911.02, Use Table, and Section 911.04, Use Standards, to remove the review of Sidewalk Cafes from the Zoning Code. (Public Hearing held 5/1/24)", "intro_date": "2024-03-15", "status_legistar": "Passed Finally", "status": "adopted", "final_action": "Passed Finally", "final_action_date": "2024-05-14", "passed_date": "2024-05-14", "mayor_signed_date": "2024-05-14", "days_intro_to_final": 60, "passed_pursuant_to_case_law": false, "public_hearing_held_date": "2024-05-01", "referred_to_planning_commission_in_history": false, "vote_action": "Passed Finally", "vote_date": "2024-05-14", "votes_aye": 7, "votes_nay": 0, "votes_abstain": 0, "votes_absent_or_other": 2, "votes_other_detail": "Out of Room=2", "vote_source": "eventitems/355159/votes", "from_districts": "", "to_districts": "", "from_to_pairs": "", "multi_unit_code_change_today": "", "byright_ceiling_effect_today": "", "cu_district_zoned": "", "housing_typology": "student_housing_dormitory|multi_suite_residential|senior_elderly|personal_care|custodial_care_group_residential|multi_unit|mixed_use_with_residential", "units_stated": "", "beds_or_residents_stated": "", "addresses": "", "parcels": "4-D-45|4-D-60", "legistar_api_url": "https://webapi.legistar.com/v1/pittsburgh/matters/30171", "legistar_web_url": "https://pittsburgh.legistar.com/gateway.aspx?M=F&ID=C15A37BD-DFBD-4611-845E-24069ECBA7BC", "geocode_method": "allegheny_parcel_centroid", "geocode_detail": "1 of 2 parcel ids matched MAPBLOCKLOT", "parcels_matched": "4-D-60", "as_of": "2026-09-26"}}, {"type": "Feature", "geometry": {"type": "Point", "coordinates": [-79.895676, 40.453768]}, "properties": {"matter_id": 30428, "file_number": "2024-0525", "matter_type": "Ordinance", "action_category": "map_amendment", "action_subtype": "site_rezoning", "residential_relevance": "enables_more_housing_byright", "title": "Ordinance amending the Pittsburgh Code, Title Nine, Zoning, Article I, Section 902.03 Zoning Map, by changing from R1A-VH, Residential Single-Unit Attached, Very High-Density District to LNC, Local Neighborhood Commercial, on property roughly bounded by Hamilton Avenue, Dunfermline Street, Tioga Street, Cinibar Way and Zenith Way; all in the Allegheny County Block and Lot System, 13th Ward. (Sent to the Planning Commission for a report and recommendation on 6/7/24) (Report and recommendation received 7/26/24) (Public Hearing held 11/14/24)", "intro_date": "2024-05-24", "status_legistar": "Passed Finally", "status": "adopted", "final_action": "Passed Finally", "final_action_date": "2024-11-25", "passed_date": "2024-11-25", "mayor_signed_date": "2024-11-27", "days_intro_to_final": 185, "passed_pursuant_to_case_law": false, "public_hearing_held_date": "2024-11-14", "referred_to_planning_commission_in_history": true, "vote_action": "Passed Finally", "vote_date": "2024-11-25", "votes_aye": 9, "votes_nay": 0, "votes_abstain": 0, "votes_absent_or_other": 0, "votes_other_detail": "", "vote_source": "eventitems/361439/votes", "from_districts": "R1A-VH", "to_districts": "LNC", "from_to_pairs": "R1A-VH>LNC", "multi_unit_code_change_today": "->P", "byright_ceiling_effect_today": "increases_byright_residential_ceiling", "cu_district_zoned": "", "housing_typology": "", "units_stated": "", "beds_or_residents_stated": "", "addresses": "", "parcels": "174-N-203|174-P-61", "legistar_api_url": "https://webapi.legistar.com/v1/pittsburgh/matters/30428", "legistar_web_url": "https://pittsburgh.legistar.com/gateway.aspx?M=F&ID=40777AC3-8CE5-4F66-B324-F545AFEC81C8", "geocode_method": "allegheny_parcel_centroid_mean", "geocode_detail": "2 of 2 parcel ids matched MAPBLOCKLOT", "parcels_matched": "174-P-61|174-N-203", "as_of": "2026-09-26"}}, {"type": "Feature", "geometry": {"type": "Point", "coordinates": [-79.928596, 40.465829]}, "properties": {"matter_id": 30723, "file_number": "2024-0819", "matter_type": "Ordinance", "action_category": "map_amendment", "action_subtype": "site_rezoning", "residential_relevance": "enables_more_housing_byright", "title": "Ordinance amending the Pittsburgh Code, Title Nine, Zoning Code, Article I, Introduction and Establishment, Section 902.03, Zoning Map, to rezone parcels 83-J-300, 83- K-104, and 83-K-102 from R2-M (Two-Unit Residential, Moderate Density) to RM-VH (Multi-Unit Residential, Very High Density) and parcels 83-J-301, 83-K-48, 83-K-60, and a portion of 83-K-61 from RM-M (Multi-Unit Residential, Moderate Density) to RM-VH (Multi-Unit Residential, Very High Density) in the East Liberty neighborhood. (Public Hearing held 10/23/24)", "intro_date": "2024-08-23", "status_legistar": "Passed Finally", "status": "adopted", "final_action": "Passed Finally", "final_action_date": "2024-12-10", "passed_date": "2024-12-10", "mayor_signed_date": "2024-12-10", "days_intro_to_final": 109, "passed_pursuant_to_case_law": false, "public_hearing_held_date": "2024-10-23", "referred_to_planning_commission_in_history": false, "vote_action": "Passed Finally", "vote_date": "2024-12-10", "votes_aye": 9, "votes_nay": 0, "votes_abstain": 0, "votes_absent_or_other": 0, "votes_other_detail": "", "vote_source": "eventitems/362096/votes", "from_districts": "R2-M|RM-M", "to_districts": "RM-VH", "from_to_pairs": "R2-M>RM-VH|RM-M>RM-VH", "multi_unit_code_change_today": "->P|P>P", "byright_ceiling_effect_today": "increases_byright_residential_ceiling", "cu_district_zoned": "", "housing_typology": "", "units_stated": "", "beds_or_residents_stated": "", "addresses": "", "parcels": "83-J-300|83-K-102|83-J-301|83-K-48|83-K-60|83-K-61", "legistar_api_url": "https://webapi.legistar.com/v1/pittsburgh/matters/30723", "legistar_web_url": "https://pittsburgh.legistar.com/gateway.aspx?M=F&ID=ECAD21A1-5D87-4414-87D9-0DB500E93DD0", "geocode_method": "allegheny_parcel_centroid_mean", "geocode_detail": "6 of 6 parcel ids matched MAPBLOCKLOT", "parcels_matched": "83-J-300|83-J-301|83-K-61|83-K-48|83-K-60|83-K-102", "as_of": "2026-09-26"}}, {"type": "Feature", "geometry": {"type": "Point", "coordinates": [-79.909936, 40.419448]}, "properties": {"matter_id": 30888, "file_number": "2024-0983", "matter_type": "Resolution", "action_category": "conditional_use", "action_subtype": "cu_use_approval", "residential_relevance": "non_residential", "title": "Resolution approving a Conditional Use Application under the Pittsburgh Code, Title Nine, Zoning, Article V, Chapter 911, Section 911.04.A.22 to the Urban Redevelopment Authority of Pittsburgh, property owner, for authorization to conduct an Excavation/Grading/Fill, Major use at 1096 Goodman Street, Parcels 129-F-1 and 129-J-150, zoned \u201cRP\u201d, Residential Planned Unit Developments, 14th Ward, Council District No. 5. (Public Hearing held 11/6/24)", "intro_date": "2024-09-27", "status_legistar": "Passed Finally", "status": "adopted", "final_action": "Passed pursuant to Case Law", "final_action_date": "2024-11-19", "passed_date": "2024-11-19", "mayor_signed_date": "", "days_intro_to_final": 53, "passed_pursuant_to_case_law": true, "public_hearing_held_date": "2024-11-06", "referred_to_planning_commission_in_history": false, "vote_action": "Passed pursuant to Case Law", "vote_date": "2024-11-19", "votes_aye": "", "votes_nay": "", "votes_abstain": "", "votes_absent_or_other": "", "votes_other_detail": "", "vote_source": "votes_endpoint_http_500", "from_districts": "", "to_districts": "", "from_to_pairs": "", "multi_unit_code_change_today": "", "byright_ceiling_effect_today": "", "cu_district_zoned": "RP", "housing_typology": "", "units_stated": "", "beds_or_residents_stated": "", "addresses": "1096 Goodman Street", "parcels": "129-F-1|129-J-150", "legistar_api_url": "https://webapi.legistar.com/v1/pittsburgh/matters/30888", "legistar_web_url": "https://pittsburgh.legistar.com/gateway.aspx?M=F&ID=84ECEB4C-ED47-44BF-AE7A-A41D0D6C60BA", "geocode_method": "allegheny_parcel_centroid_mean", "geocode_detail": "2 of 2 parcel ids matched MAPBLOCKLOT", "parcels_matched": "129-F-1|129-J-150", "as_of": "2026-09-26"}}, {"type": "Feature", "geometry": {"type": "Point", "coordinates": [-79.904565, 40.484759]}, "properties": {"matter_id": 30947, "file_number": "2024-1042", "matter_type": "Resolution", "action_category": "conditional_use", "action_subtype": "cu_use_approval", "residential_relevance": "non_residential", "title": "Resolution approving a Conditional Use Application under the Pittsburgh Code, Title Nine, Zoning, Article V, Chapter 911, Section 911.04.A.72 to Pittsburgh Water and Sewer Authority, property owner, for a Utility, General use to construct a new pump station at 7853 Lock Way East, Parcel 122-L-50, zoned \u201cRIV-IMU\u201d, Riverfront - Industrial Mixed-Use, 11 &12th Ward, Council District No. 7 & 9. (Public Hearing held 12/11/24)", "intro_date": "2024-10-11", "status_legistar": "Passed Finally", "status": "adopted", "final_action": "Passed pursuant to Case Law", "final_action_date": "2024-12-23", "passed_date": "2024-12-23", "mayor_signed_date": "", "days_intro_to_final": 73, "passed_pursuant_to_case_law": true, "public_hearing_held_date": "2024-12-11", "referred_to_planning_commission_in_history": false, "vote_action": "Passed pursuant to Case Law", "vote_date": "2024-12-23", "votes_aye": "", "votes_nay": "", "votes_abstain": "", "votes_absent_or_other": "", "votes_other_detail": "", "vote_source": "votes_endpoint_http_500", "from_districts": "", "to_districts": "", "from_to_pairs": "", "multi_unit_code_change_today": "", "byright_ceiling_effect_today": "", "cu_district_zoned": "RIV-IMU", "housing_typology": "", "units_stated": "", "beds_or_residents_stated": "", "addresses": "7853 Lock Way East", "parcels": "122-L-50", "legistar_api_url": "https://webapi.legistar.com/v1/pittsburgh/matters/30947", "legistar_web_url": "https://pittsburgh.legistar.com/gateway.aspx?M=F&ID=6B4AE965-F105-4610-AC5E-1BB7180CE3EA", "geocode_method": "allegheny_parcel_centroid", "geocode_detail": "1 of 1 parcel ids matched MAPBLOCKLOT", "parcels_matched": "122-L-50", "as_of": "2026-09-26"}}, {"type": "Feature", "geometry": {"type": "Point", "coordinates": [-80.030875, 40.469853]}, "properties": {"matter_id": 31375, "file_number": "2025-1417", "matter_type": "Ordinance", "action_category": "map_amendment", "action_subtype": "site_rezoning", "residential_relevance": "enables_more_housing_byright", "title": "Ordinance amending the Pittsburgh Code, Title Nine, Zoning Code, Article I, Introduction and Establishment, Section 902.03, Zoning Map, to rezone parcels 45-A-166 and 45-E-43 from R1D-H (Single Unit Detached Residential, High Density) to UC-MU (Urban Center Mixed Use). (Sent to the Planning Commission for a Report & Recommendation on 1/29/25) (Report & Recommendation received on 8/1/25) (Public Hearing held 10/16/25)", "intro_date": "2025-01-17", "status_legistar": "Passed Finally", "status": "adopted", "final_action": "Passed Finally", "final_action_date": "2025-10-28", "passed_date": "2025-10-28", "mayor_signed_date": "2025-10-29", "days_intro_to_final": 284, "passed_pursuant_to_case_law": false, "public_hearing_held_date": "2025-10-16", "referred_to_planning_commission_in_history": true, "vote_action": "Passed Finally", "vote_date": "2025-10-28", "votes_aye": 7, "votes_nay": 0, "votes_abstain": 0, "votes_absent_or_other": 2, "votes_other_detail": "Absent=2", "vote_source": "eventitems/371970/votes", "from_districts": "R1D-H", "to_districts": "UC-MU", "from_to_pairs": "R1D-H>UC-MU", "multi_unit_code_change_today": "->P", "byright_ceiling_effect_today": "increases_byright_residential_ceiling", "cu_district_zoned": "", "housing_typology": "", "units_stated": "", "beds_or_residents_stated": "", "addresses": "", "parcels": "45-A-166|45-E-43", "legistar_api_url": "https://webapi.legistar.com/v1/pittsburgh/matters/31375", "legistar_web_url": "https://pittsburgh.legistar.com/gateway.aspx?M=F&ID=900C7E62-9A9F-49E2-A024-A179D38D8DDC", "geocode_method": "allegheny_parcel_centroid_mean", "geocode_detail": "2 of 2 parcel ids matched MAPBLOCKLOT", "parcels_matched": "45-E-43|45-A-166", "as_of": "2026-09-26"}}, {"type": "Feature", "geometry": {"type": "Point", "coordinates": [-79.933049, 40.473001]}, "properties": {"matter_id": 31810, "file_number": "2025-1851", "matter_type": "Resolution", "action_category": "conditional_use", "action_subtype": "cu_use_approval", "residential_relevance": "non_residential", "title": "Resolution approving a Conditional Use Application under the Pittsburgh Code, Title Nine, Zoning, Article V, Chapter 911, Section 911.04.A.64 to the Neighborhood Academy, property owner, for authorization to construct additions to a School, Elementary or Secondary (General) use at 709 N Aiken Avenue, Parcel 81-S-63, zoned \u201cR1D-L\u201d, Single-Unit Detached Residential, Low Density, 10th Ward, Council District No. 9. (Public Hearing held 6/24/25)", "intro_date": "2025-05-16", "status_legistar": "Passed Finally", "status": "adopted", "final_action": "Passed Finally", "final_action_date": "2025-07-01", "passed_date": "2025-07-01", "mayor_signed_date": "2025-07-02", "days_intro_to_final": 46, "passed_pursuant_to_case_law": false, "public_hearing_held_date": "2025-06-24", "referred_to_planning_commission_in_history": false, "vote_action": "Passed Finally", "vote_date": "2025-07-01", "votes_aye": 8, "votes_nay": 0, "votes_abstain": 0, "votes_absent_or_other": 1, "votes_other_detail": "Absent=1", "vote_source": "eventitems/367937/votes", "from_districts": "", "to_districts": "", "from_to_pairs": "", "multi_unit_code_change_today": "", "byright_ceiling_effect_today": "", "cu_district_zoned": "R1D-L", "housing_typology": "", "units_stated": "", "beds_or_residents_stated": "", "addresses": "709 N Aiken Avenue", "parcels": "81-S-63", "legistar_api_url": "https://webapi.legistar.com/v1/pittsburgh/matters/31810", "legistar_web_url": "https://pittsburgh.legistar.com/gateway.aspx?M=F&ID=DEB23EAA-168D-4191-8E64-71689EBD2490", "geocode_method": "allegheny_parcel_centroid", "geocode_detail": "1 of 1 parcel ids matched MAPBLOCKLOT", "parcels_matched": "81-S-63", "as_of": "2026-09-26"}}, {"type": "Feature", "geometry": {"type": "Point", "coordinates": [-79.943762, 40.469428]}, "properties": {"matter_id": 31897, "file_number": "2025-1938", "matter_type": "Ordinance", "action_category": "map_amendment", "action_subtype": "site_rezoning", "residential_relevance": "unclear_special_district", "title": "Ordinance amending the Pittsburgh Code, Title Nine, Zoning Code, Article I, Introduction and Establishment, Section 902.03, Zoning Map, to rezone parcels 50-F-260, 50-F-264, 50-F-265, 50-F-266, 50-F-269, 50-F-270, 50-F-275, 50-F-276, 50-F-277, 50-F-278, 50-F-288, 50-F-289, and 50-B-1 from R1D-M (Single-Unit Detached Residential, Moderate Density) to P (Parks District), parcels 50-F-190, and 50-F-191, and 50-F-213 from R1D-H (Single-Unit Detached Residential, High Density) to P (Parks District), and parcel 50-C-350 from RP (Residential Planned Unit Developments) to P (Parks District) in the Garfield neighborhood. (Sent to the Planning Commission for Report & Recommendation on 6/27/25) (Report and Recommendation received on 7/30/25) (Public Hearing held 10/14/25)", "intro_date": "2025-06-13", "status_legistar": "Passed Finally", "status": "adopted", "final_action": "Passed Finally", "final_action_date": "2025-10-21", "passed_date": "2025-10-21", "mayor_signed_date": "2025-10-22", "days_intro_to_final": 130, "passed_pursuant_to_case_law": false, "public_hearing_held_date": "2025-10-14", "referred_to_planning_commission_in_history": true, "vote_action": "Passed Finally", "vote_date": "2025-10-21", "votes_aye": 9, "votes_nay": 0, "votes_abstain": 0, "votes_absent_or_other": 0, "votes_other_detail": "", "vote_source": "eventitems/371770/votes", "from_districts": "R1D-M|R1D-H|RP", "to_districts": "P", "from_to_pairs": "R1D-M>P|R1D-H>P|RP>P", "multi_unit_code_change_today": "->-|->-|?>-", "byright_ceiling_effect_today": "involves_district_not_in_911_02", "cu_district_zoned": "", "housing_typology": "", "units_stated": "", "beds_or_residents_stated": "", "addresses": "", "parcels": "50-F-260|50-F-264|50-F-265|50-F-266|50-F-269|50-F-270|50-F-275|50-F-276|50-F-277|50-F-278|50-F-288|50-F-289|50-B-1|50-F-190|50-F-191|50-F-213|50-C-350", "legistar_api_url": "https://webapi.legistar.com/v1/pittsburgh/matters/31897", "legistar_web_url": "https://pittsburgh.legistar.com/gateway.aspx?M=F&ID=F9B429F3-EC3F-4CA5-BD6F-ACF8EB37F70E", "geocode_method": "allegheny_parcel_centroid_mean", "geocode_detail": "17 of 17 parcel ids matched MAPBLOCKLOT", "parcels_matched": "50-B-1|50-F-191|50-F-276|50-F-264|50-F-260|50-F-289|50-F-266|50-F-275|50-F-288|50-F-265|50-F-190|50-F-213|50-F-277|50-F-270|50-F-269|50-C-350|50-F-278", "as_of": "2026-09-26"}}, {"type": "Feature", "geometry": {"type": "Point", "coordinates": [-79.943632, 40.402423]}, "properties": {"matter_id": 31952, "file_number": "2025-1993", "matter_type": "Ordinance", "action_category": "map_amendment", "action_subtype": "site_rezoning", "residential_relevance": "enables_more_housing_byright", "title": "Ordinance amending the Pittsburgh Code, Title Nine, Zoning Code, Article I, Introduction and Establishment, Section 902.03, Zoning Map, to rezone parcels [56-N-300, 56-N-410,] 56-J-325-0-3, 56-N-96, 56-N-97-A, 56-N-97, 56-N-98-A, 56-N-98-B, 56-N-98-C, 56-N-99, 56-N-99-B, 56-N-95, 56-N-52, 56-N-93, 56-N-91, 56-N-90, 56-N-88, 57-A-8, 57-B-350, 57-S-50, 57-S-100, 57-S-30, 57-S-89, 57-S-92, 57-S-40, 57-S-6, 57-S-12, 92-D-60, 92-D-50, 92-D-10-1, and 92-D-20 from the RIV-GI (Riverfront General Industrial Subdistrict) to RIV-IMU (Riverfront Industrial Mixed-Use Subdistrict) in the Hazelwood neighborhood of the 15th Ward, and in the 31st Ward. (Sent to the Planning Commission for a Report and Recommendation on 7/14/25) (Report and Recommendation received on 11/20/25) (Public Hearing held 3/6/26)", "intro_date": "2025-06-27", "status_legistar": "Passed Finally", "status": "adopted", "final_action": "Passed Finally, As Amended", "final_action_date": "2026-06-02", "passed_date": "2026-06-02", "mayor_signed_date": "2026-06-06", "days_intro_to_final": 340, "passed_pursuant_to_case_law": false, "public_hearing_held_date": "2026-03-06", "referred_to_planning_commission_in_history": true, "vote_action": "Passed Finally, As Amended", "vote_date": "2026-06-02", "votes_aye": 8, "votes_nay": 0, "votes_abstain": 0, "votes_absent_or_other": 1, "votes_other_detail": "Absent=1", "vote_source": "eventitems/379449/votes", "from_districts": "RIV-GI", "to_districts": "RIV-IMU", "from_to_pairs": "RIV-GI>RIV-IMU", "multi_unit_code_change_today": "->P", "byright_ceiling_effect_today": "increases_byright_residential_ceiling", "cu_district_zoned": "", "housing_typology": "", "units_stated": "", "beds_or_residents_stated": "", "addresses": "", "parcels": "56-N-300|56-N-410|56-J-325-0-3|56-N-96|56-N-97-A|56-N-97|56-N-98-A|56-N-98-B|56-N-98-C|56-N-99|56-N-99-B|56-N-95|56-N-52|56-N-93|56-N-91|56-N-90|56-N-88|57-A-8|57-B-350|57-S-50|57-S-100|57-S-30|57-S-89|57-S-92|57-S-40|57-S-6|57-S-12|92-D-60|92-D-50|92-D-10-1|92-D-20", "legistar_api_url": "https://webapi.legistar.com/v1/pittsburgh/matters/31952", "legistar_web_url": "https://pittsburgh.legistar.com/gateway.aspx?M=F&ID=CC6D8345-345E-4067-B577-ED9615B11162", "geocode_method": "allegheny_parcel_centroid_mean", "geocode_detail": "25 of 25 parcel ids matched MAPBLOCKLOT (only first 25 queried)", "parcels_matched": "56-N-95|56-N-96|56-N-410|57-S-50|57-S-100|56-N-99|56-N-98-A|56-J-325-0-3|56-N-90|57-A-8|56-N-97-A|56-N-91|56-N-93|56-N-97|57-S-92|57-S-30|57-S-40|57-B-350|56-N-52|56-N-300|56-N-88|56-N-99-B|57-S-89|56-N-98-C|56-N-98-B", "as_of": "2026-09-26"}}, {"type": "Feature", "geometry": {"type": "Point", "coordinates": [-79.894919, 40.486658]}, "properties": {"matter_id": 32115, "file_number": "2025-2151", "matter_type": "Resolution", "action_category": "conditional_use", "action_subtype": "cu_use_approval", "residential_relevance": "non_residential", "title": "Resolution approving Conditional Use Application under the Pittsburgh Code, Title Nine, Zoning, Article V, Chapter 911, Section 911.02 for Pittsburgh Water, property owners, for authorization of new construction and site work at the Pittsburgh Water campus located at 900 Freeport Road, Block and Lot 171-B-1-2, zoned \u201cRIV-IMU\u201d Riverfront Industrial Mixed Use, 12th Ward, Council District No. 9. (Public Hearing held 9/25/25)", "intro_date": "2025-08-22", "status_legistar": "Passed Finally", "status": "adopted", "final_action": "Passed pursuant to Case Law", "final_action_date": "2025-10-07", "passed_date": "2025-10-07", "mayor_signed_date": "", "days_intro_to_final": 46, "passed_pursuant_to_case_law": true, "public_hearing_held_date": "2025-09-25", "referred_to_planning_commission_in_history": false, "vote_action": "Passed pursuant to Case Law", "vote_date": "2025-10-07", "votes_aye": "", "votes_nay": "", "votes_abstain": "", "votes_absent_or_other": "", "votes_other_detail": "", "vote_source": "no_roll_call_recorded", "from_districts": "", "to_districts": "", "from_to_pairs": "", "multi_unit_code_change_today": "", "byright_ceiling_effect_today": "", "cu_district_zoned": "RIV-IMU", "housing_typology": "", "units_stated": "", "beds_or_residents_stated": "", "addresses": "900 Freeport Road", "parcels": "171-B-1-2", "legistar_api_url": "https://webapi.legistar.com/v1/pittsburgh/matters/32115", "legistar_web_url": "https://pittsburgh.legistar.com/gateway.aspx?M=F&ID=876474CB-9639-4ABE-8C82-195E7A4A4CFB", "geocode_method": "allegheny_parcel_centroid", "geocode_detail": "1 of 1 parcel ids matched MAPBLOCKLOT", "parcels_matched": "171-B-1-0-2", "as_of": "2026-09-26"}}, {"type": "Feature", "geometry": {"type": "Point", "coordinates": [-80.041619, 40.407637]}, "properties": {"matter_id": 32190, "file_number": "2025-2224", "matter_type": "Ordinance", "action_category": "map_amendment", "action_subtype": "site_rezoning", "residential_relevance": "unclear_special_district", "title": "Ordinance amending the Pittsburgh Code, Title Nine, Zoning Code, Article I, Introduction and Establishment, Section 902.03, Zoning Map, to rezone parcels 36-K-30, 36-K-90, and 36-K-94-1 from RM-M, Residential Multi-Unit Moderate Density, P - Park, and R1D-L, Residential Single-Unit Detached Low Density to RP, Residential Planned Unit Development, in the Banksville Neighborhood. (Sent to the Planning Commission for a Report & Recommendation on 9/22/25) (Resent to the Planning Commission for a Report & Recommendation on 2/4/26) (Report & Recommendation received 8/3/26) (Public Hearing held 9/17/26)", "intro_date": "2025-09-05", "status_legistar": "Reported from Standing Committee", "status": "pending", "final_action": "Affirmatively Recommended", "final_action_date": "2026-09-23", "passed_date": "", "mayor_signed_date": "", "days_intro_to_final": "", "passed_pursuant_to_case_law": false, "public_hearing_held_date": "2026-09-17", "referred_to_planning_commission_in_history": true, "vote_action": "", "vote_date": "", "votes_aye": "", "votes_nay": "", "votes_abstain": "", "votes_absent_or_other": "", "votes_other_detail": "", "vote_source": "", "from_districts": "RM-M|R1D-L|P", "to_districts": "RP", "from_to_pairs": "RM-M>RP|R1D-L>RP|P>RP", "multi_unit_code_change_today": "P>?|->?|->?", "byright_ceiling_effect_today": "involves_district_not_in_911_02", "cu_district_zoned": "", "housing_typology": "", "units_stated": "", "beds_or_residents_stated": "", "addresses": "", "parcels": "36-K-30|36-K-90|36-K-94-1", "legistar_api_url": "https://webapi.legistar.com/v1/pittsburgh/matters/32190", "legistar_web_url": "https://pittsburgh.legistar.com/gateway.aspx?M=F&ID=324FAD83-5291-41FA-A25D-5A18192BD249", "geocode_method": "allegheny_parcel_centroid_mean", "geocode_detail": "3 of 3 parcel ids matched MAPBLOCKLOT", "parcels_matched": "36-K-94-1|36-K-90|36-K-30", "as_of": "2026-09-26"}}, {"type": "Feature", "geometry": {"type": "Point", "coordinates": [-80.035047, 40.435891]}, "properties": {"matter_id": 32433, "file_number": "2025-2467", "matter_type": "Resolution", "action_category": "map_amendment", "action_subtype": "sp_district_created", "residential_relevance": "unclear_special_district", "title": "Ordinance supplementing the Pittsburgh Code of Ordinances, Title Nine: Zoning Code, Article I: Introduction and Establishment, Chapter 902: Zoning Districts in General, at Section 902.01: Establishment of Zoning Districts, by adding a new Specially Planned District at Subsection 902.01.D.2 to be identified as SP-13, West End Trolley Trail Accessory Parking District; at Article IV: Planning Districts, Chapter 909: Planned Development Districts, Section 909.01: SP, Specially Planned District, by creating a new district to be identified as SP-13: West End Trolley Trail Accessory Parking District including rules and regulations; and by amending the City of Pittsburgh Zoning Map by changing Accessory Parking standards in UI and LNC to SP-13: West End Trolley Trail Accessory Parking District for property consisting of lots between Freewalt Street the West End Trolley Trail gateway, along McCartney Street, Greentree Road and portions of Warden Street, Woodville Avenue, McKnight Street and Wabash Street as further identified in the attached map and in more detail within the bill below, all located in the 20th Ward. (Needs to be sent to the Planning Commission for a Report & Recommendation)", "intro_date": "2025-11-07", "status_legistar": "Died due to expiration of legislative council session", "status": "expired_end_of_session", "final_action": "Died due to expiration of legislative term", "final_action_date": "2025-12-31", "passed_date": "2025-12-31", "mayor_signed_date": "", "days_intro_to_final": 54, "passed_pursuant_to_case_law": false, "public_hearing_held_date": "", "referred_to_planning_commission_in_history": false, "vote_action": "", "vote_date": "", "votes_aye": "", "votes_nay": "", "votes_abstain": "", "votes_absent_or_other": "", "votes_other_detail": "", "vote_source": "", "from_districts": "P|LNC|H|UI", "to_districts": "SP-13", "from_to_pairs": "P>SP-13|LNC>SP-13|H>SP-13|LNC>SP-13|UI>SP-13", "multi_unit_code_change_today": "->?|P>?|->?|P>?|S>?", "byright_ceiling_effect_today": "involves_district_not_in_911_02", "cu_district_zoned": "", "housing_typology": "", "units_stated": "", "beds_or_residents_stated": "", "addresses": "", "parcels": "19-L-160|19-M-17|19-S-107", "legistar_api_url": "https://webapi.legistar.com/v1/pittsburgh/matters/32433", "legistar_web_url": "https://pittsburgh.legistar.com/gateway.aspx?M=F&ID=01106785-4CA1-4E7B-A09C-725B1A3D0D53", "geocode_method": "allegheny_parcel_centroid_mean", "geocode_detail": "3 of 3 parcel ids matched MAPBLOCKLOT", "parcels_matched": "19-L-160|19-S-107|19-M-17", "as_of": "2026-09-26"}}, {"type": "Feature", "geometry": {"type": "Point", "coordinates": [-79.980277, 40.437701]}, "properties": {"matter_id": 33222, "file_number": "2026-0481", "matter_type": "Resolution", "action_category": "conditional_use", "action_subtype": "cu_use_approval", "residential_relevance": "non_residential", "title": "Resolution approving a Conditional Use Application under the Pittsburgh Code, Title Nine, Zoning, Article V, Chapter 911, Section 911.04.A.64 to Passport Academy Charter School, applicant, for authorization to operate a School, Elementary or Secondary (General) use at 1835 Forbes Avenue, Block and Lot 11-J-56, zoned \u201cUPR-B\u201d Uptown Public Realm, District B, 1st Ward, Council District No. 6. (Public Hearing held 6/15/26)", "intro_date": "2026-05-08", "status_legistar": "Passed Finally", "status": "adopted", "final_action": "Passed pursuant to Case Law", "final_action_date": "2026-06-23", "passed_date": "2026-06-23", "mayor_signed_date": "", "days_intro_to_final": 46, "passed_pursuant_to_case_law": true, "public_hearing_held_date": "2026-06-15", "referred_to_planning_commission_in_history": false, "vote_action": "Passed pursuant to Case Law", "vote_date": "2026-06-23", "votes_aye": "", "votes_nay": "", "votes_abstain": "", "votes_absent_or_other": "", "votes_other_detail": "", "vote_source": "votes_endpoint_http_500", "from_districts": "", "to_districts": "", "from_to_pairs": "", "multi_unit_code_change_today": "", "byright_ceiling_effect_today": "", "cu_district_zoned": "UPR-B", "housing_typology": "", "units_stated": "", "beds_or_residents_stated": "", "addresses": "1835 Forbes Avenue", "parcels": "11-J-56", "legistar_api_url": "https://webapi.legistar.com/v1/pittsburgh/matters/33222", "legistar_web_url": "https://pittsburgh.legistar.com/gateway.aspx?M=F&ID=D6705358-97EB-4007-A201-1D0B930A9D6C", "geocode_method": "allegheny_parcel_centroid", "geocode_detail": "1 of 1 parcel ids matched MAPBLOCKLOT", "parcels_matched": "11-J-56", "as_of": "2026-09-26"}}, {"type": "Feature", "geometry": {"type": "Point", "coordinates": [-79.907689, 40.457705]}, "properties": {"matter_id": 33254, "file_number": "2026-0513", "matter_type": "Ordinance", "action_category": "map_amendment", "action_subtype": "site_rezoning", "residential_relevance": "reduces_housing_byright", "title": "Ordinance amending the Pittsburgh Code, Title Nine, Zoning Code, Article I, Introduction and Establishment, Section 902.03, Zoning Map, to rezone parcels 125-G-13, 125-G-14, 125-G-15 from Residential Single Unit Detached - Low Density (R1D-L) to Urban Industrial (UI) in the Homewood West neighborhood. (Public Hearing held 7/9/26)", "intro_date": "2026-05-15", "status_legistar": "Passed Finally", "status": "adopted", "final_action": "Passed Finally", "final_action_date": "2026-07-21", "passed_date": "2026-07-21", "mayor_signed_date": "2026-07-22", "days_intro_to_final": 67, "passed_pursuant_to_case_law": false, "public_hearing_held_date": "2026-07-09", "referred_to_planning_commission_in_history": false, "vote_action": "Passed Finally", "vote_date": "2026-07-21", "votes_aye": 9, "votes_nay": 0, "votes_abstain": 0, "votes_absent_or_other": 0, "votes_other_detail": "", "vote_source": "eventitems/380931/votes", "from_districts": "R1D-L", "to_districts": "UI", "from_to_pairs": "R1D-L>UI", "multi_unit_code_change_today": "->S", "byright_ceiling_effect_today": "decreases_byright_residential_ceiling", "cu_district_zoned": "", "housing_typology": "", "units_stated": "", "beds_or_residents_stated": "", "addresses": "", "parcels": "125-G-13|125-G-14|125-G-15", "legistar_api_url": "https://webapi.legistar.com/v1/pittsburgh/matters/33254", "legistar_web_url": "https://pittsburgh.legistar.com/gateway.aspx?M=F&ID=00E4DA92-C056-4A99-9AF5-72048F55F228", "geocode_method": "allegheny_parcel_centroid_mean", "geocode_detail": "3 of 3 parcel ids matched MAPBLOCKLOT", "parcels_matched": "125-G-15|125-G-13|125-G-14", "as_of": "2026-09-26"}}, {"type": "Feature", "geometry": {"type": "Point", "coordinates": [-80.010816, 40.433589]}, "properties": {"matter_id": 33350, "file_number": "2026-0609", "matter_type": "Ordinance", "action_category": "map_amendment", "action_subtype": "site_rezoning", "residential_relevance": "unclear_special_district", "title": "Ordinance amending the Pittsburgh Code, Title Nine, Zoning Code, Article I, Introduction and Establishment, Section 902.03, Zoning Map, to rezone parcels 1-P-28, 1-P-29, 1-P-36, 1-P-40, 1-P-40-1, 1-P-40-102, 1-P-40-103, 1-P-40-104, 1-P-54, 1-P-42, 1-P-43, 1-P-44, and 4-B-13-0-01 from the GPR-A (Grandview Public Realm Subdistrict-A) to R-MU (Residential-Mixed Use), and to amend the Height Map for those parcels, in the Mount Washington neighborhood. (Sent to the Planning Commission for a Report & Recommendation on 6/17/26)", "intro_date": "2026-06-11", "status_legistar": "In Standing Committee", "status": "pending", "final_action": "Referred for Report and Recommendation", "final_action_date": "2026-06-17", "passed_date": "", "mayor_signed_date": "", "days_intro_to_final": "", "passed_pursuant_to_case_law": false, "public_hearing_held_date": "", "referred_to_planning_commission_in_history": true, "vote_action": "", "vote_date": "", "votes_aye": "", "votes_nay": "", "votes_abstain": "", "votes_absent_or_other": "", "votes_other_detail": "", "vote_source": "", "from_districts": "GPR-A", "to_districts": "R-MU", "from_to_pairs": "GPR-A>R-MU", "multi_unit_code_change_today": "?>P", "byright_ceiling_effect_today": "involves_district_not_in_911_02", "cu_district_zoned": "", "housing_typology": "", "units_stated": "", "beds_or_residents_stated": "", "addresses": "", "parcels": "1-P-28|1-P-29|1-P-36|1-P-40|1-P-40-1|1-P-40-102|1-P-40-103|1-P-40-104|1-P-54|1-P-42|1-P-43|1-P-44|4-B-13-0-01", "legistar_api_url": "https://webapi.legistar.com/v1/pittsburgh/matters/33350", "legistar_web_url": "https://pittsburgh.legistar.com/gateway.aspx?M=F&ID=4514745E-DB6E-41BF-908C-7B68EB1D91A2", "geocode_method": "allegheny_parcel_centroid_mean", "geocode_detail": "13 of 13 parcel ids matched MAPBLOCKLOT", "parcels_matched": "1-P-40-103|1-P-29|1-P-54|1-P-36|1-P-40-104|1-P-28|1-P-40-102|1-P-40|1-P-40-1|1-P-44|1-P-43|4-B-13-0-1|1-P-42", "as_of": "2026-09-26"}}]}