zon_new,full_zoning_type,use_table_column,use_911_02,typology,mat_typology_id,code,pathway,pathway_rank,use_standard,confidence,note,source,as_of
AP,RESIDENTIAL/COMMERCIAL PLANNED UNIT DEVELOPMENT,,Single-Unit Detached Residential,single_detached,sfd,,per_plan,,§909.02.F.2,read_ecode360,AP uses are 'those approved by the Planning Commission in accordance with an approved unit development plan'; PC may approve any use allowed in RP or CP 'subject to the same conditions and limitations'. RP: listed; CP/HC: not allowed.,https://ecode360.com/print/PI6865?guid=45476287,2026-09-26
AP,RESIDENTIAL/COMMERCIAL PLANNED UNIT DEVELOPMENT,,Single-Unit Attached Residential,single_attached,townhome,,per_plan,,§909.02.F.2,read_ecode360,AP uses are 'those approved by the Planning Commission in accordance with an approved unit development plan'; PC may approve any use allowed in RP or CP 'subject to the same conditions and limitations'. RP: listed; CP/HC: not allowed.,https://ecode360.com/print/PI6865?guid=45476287,2026-09-26
AP,RESIDENTIAL/COMMERCIAL PLANNED UNIT DEVELOPMENT,,Two-Unit Residential,two_unit,duplex,,per_plan,,§909.02.F.2,read_ecode360,AP uses are 'those approved by the Planning Commission in accordance with an approved unit development plan'; PC may approve any use allowed in RP or CP 'subject to the same conditions and limitations'. RP: listed; CP/HC: not allowed.,https://ecode360.com/print/PI6865?guid=45476287,2026-09-26
AP,RESIDENTIAL/COMMERCIAL PLANNED UNIT DEVELOPMENT,,Three-Unit Residential,three_unit,none,,per_plan,,§909.02.F.2,read_ecode360,AP uses are 'those approved by the Planning Commission in accordance with an approved unit development plan'; PC may approve any use allowed in RP or CP 'subject to the same conditions and limitations'. RP: listed; CP/HC: not allowed.,https://ecode360.com/print/PI6865?guid=45476287,2026-09-26
AP,RESIDENTIAL/COMMERCIAL PLANNED UNIT DEVELOPMENT,,Multi-Unit Residential,multi_unit,apartments,,per_plan,,§909.02.F.2,read_ecode360,AP uses are 'those approved by the Planning Commission in accordance with an approved unit development plan'; PC may approve any use allowed in RP or CP 'subject to the same conditions and limitations'. RP: listed; CP/HC: not allowed.,https://ecode360.com/print/PI6865?guid=45476287,2026-09-26
AP,RESIDENTIAL/COMMERCIAL PLANNED UNIT DEVELOPMENT,,Assisted Living Class A,assisted_living_a,none,,per_plan,,§909.02.F.2,read_ecode360,AP uses are 'those approved by the Planning Commission in accordance with an approved unit development plan'; PC may approve any use allowed in RP or CP 'subject to the same conditions and limitations'. RP: S; CP/HC: P.,https://ecode360.com/print/PI6865?guid=45476287,2026-09-26
AP,RESIDENTIAL/COMMERCIAL PLANNED UNIT DEVELOPMENT,,Assisted Living Class B,assisted_living_b,none,,per_plan,,§909.02.F.2,read_ecode360,AP uses are 'those approved by the Planning Commission in accordance with an approved unit development plan'; PC may approve any use allowed in RP or CP 'subject to the same conditions and limitations'. RP: S; CP/HC: P.,https://ecode360.com/print/PI6865?guid=45476287,2026-09-26
AP,RESIDENTIAL/COMMERCIAL PLANNED UNIT DEVELOPMENT,,Assisted Living Class C,assisted_living_c,none,,per_plan,,§909.02.F.2,read_ecode360,AP uses are 'those approved by the Planning Commission in accordance with an approved unit development plan'; PC may approve any use allowed in RP or CP 'subject to the same conditions and limitations'. RP: S; CP/HC: not allowed.,https://ecode360.com/print/PI6865?guid=45476287,2026-09-26
AP,RESIDENTIAL/COMMERCIAL PLANNED UNIT DEVELOPMENT,,Community Home,community_home,none,,per_plan,,§909.02.F.2,read_ecode360,AP uses are 'those approved by the Planning Commission in accordance with an approved unit development plan'; PC may approve any use allowed in RP or CP 'subject to the same conditions and limitations'. RP: S/C; CP/HC: S.,https://ecode360.com/print/PI6865?guid=45476287,2026-09-26
AP,RESIDENTIAL/COMMERCIAL PLANNED UNIT DEVELOPMENT,,Housing for the Elderly (Limited),elderly_limited,senior,,per_plan,,§909.02.F.2,read_ecode360,AP uses are 'those approved by the Planning Commission in accordance with an approved unit development plan'; PC may approve any use allowed in RP or CP 'subject to the same conditions and limitations'. RP: C; CP/HC: A.,https://ecode360.com/print/PI6865?guid=45476287,2026-09-26
AP,RESIDENTIAL/COMMERCIAL PLANNED UNIT DEVELOPMENT,,Housing for the Elderly (General),elderly_general,senior,,per_plan,,§909.02.F.2,read_ecode360,AP uses are 'those approved by the Planning Commission in accordance with an approved unit development plan'; PC may approve any use allowed in RP or CP 'subject to the same conditions and limitations'. RP: C; CP/HC: S.,https://ecode360.com/print/PI6865?guid=45476287,2026-09-26
AP,RESIDENTIAL/COMMERCIAL PLANNED UNIT DEVELOPMENT,,Interim Housing,interim_housing,none,,unknown,,,not_in_911_02,District not in §911.02 table (SP/PUD/public-realm/non-City); see special-district-residential-permissions.csv,https://ecode360.com/45476524,2026-09-26
AP,RESIDENTIAL/COMMERCIAL PLANNED UNIT DEVELOPMENT,,Multi-Suite Residential (Limited),multi_suite_limited,none,,not_permitted,4,§909.02.F.2,read_ecode360,"Not allowed in RP or CP (HC), so not approvable in AP.",https://ecode360.com/print/PI6865?guid=45476287,2026-09-26
AP,RESIDENTIAL/COMMERCIAL PLANNED UNIT DEVELOPMENT,,Multi-Suite Residential (General),multi_suite_general,none,,not_permitted,4,§909.02.F.2,read_ecode360,"Not allowed in RP or CP (HC), so not approvable in AP.",https://ecode360.com/print/PI6865?guid=45476287,2026-09-26
AP,RESIDENTIAL/COMMERCIAL PLANNED UNIT DEVELOPMENT,,Personal Care Residence (Large),personal_care_large,none,,per_plan,,§909.02.F.2,read_ecode360,AP uses are 'those approved by the Planning Commission in accordance with an approved unit development plan'; PC may approve any use allowed in RP or CP 'subject to the same conditions and limitations'. RP: not listed; CP/HC: S.,https://ecode360.com/print/PI6865?guid=45476287,2026-09-26
AP,RESIDENTIAL/COMMERCIAL PLANNED UNIT DEVELOPMENT,,Personal Care Residence (Small),personal_care_small,none,,per_plan,,§909.02.F.2,read_ecode360,AP uses are 'those approved by the Planning Commission in accordance with an approved unit development plan'; PC may approve any use allowed in RP or CP 'subject to the same conditions and limitations'. RP: not listed; CP/HC: A.,https://ecode360.com/print/PI6865?guid=45476287,2026-09-26
CP,COMMERCIAL PLANNED UNIT DEVELOPMENT,,Single-Unit Detached Residential,single_detached,sfd,,not_permitted,4,§909.02.E.2; §911.02 (HC column),read_ecode360,"Not allowed in HC (§911.02 HC blank), so not approvable in CP.",https://ecode360.com/print/PI6865?guid=45476287,2026-09-26
CP,COMMERCIAL PLANNED UNIT DEVELOPMENT,,Single-Unit Attached Residential,single_attached,townhome,,not_permitted,4,§909.02.E.2; §911.02 (HC column),read_ecode360,"Not allowed in HC (§911.02 HC blank), so not approvable in CP.",https://ecode360.com/print/PI6865?guid=45476287,2026-09-26
CP,COMMERCIAL PLANNED UNIT DEVELOPMENT,,Two-Unit Residential,two_unit,duplex,,not_permitted,4,§909.02.E.2; §911.02 (HC column),read_ecode360,"Not allowed in HC (§911.02 HC blank), so not approvable in CP.",https://ecode360.com/print/PI6865?guid=45476287,2026-09-26
CP,COMMERCIAL PLANNED UNIT DEVELOPMENT,,Three-Unit Residential,three_unit,none,,not_permitted,4,§909.02.E.2; §911.02 (HC column),read_ecode360,"Not allowed in HC (§911.02 HC blank), so not approvable in CP.",https://ecode360.com/print/PI6865?guid=45476287,2026-09-26
CP,COMMERCIAL PLANNED UNIT DEVELOPMENT,,Multi-Unit Residential,multi_unit,apartments,,not_permitted,4,§909.02.E.2; §911.02 (HC column),read_ecode360,"Not allowed in HC (§911.02 HC blank), so not approvable in CP.",https://ecode360.com/print/PI6865?guid=45476287,2026-09-26
CP,COMMERCIAL PLANNED UNIT DEVELOPMENT,,Assisted Living Class A,assisted_living_a,none,,per_plan,,§909.02.E.2,read_ecode360,"CP uses are 'those approved by the Planning Commission in accordance with an approved unit development plan'; PC may approve 'any use that is allowed in the HC district, subject to the same conditions and limitations'. HC allows this use as P (§911.02). Whether the HC review pathway also applies on top of PC plan approval is not stated.",https://ecode360.com/print/PI6865?guid=45476287,2026-09-26
CP,COMMERCIAL PLANNED UNIT DEVELOPMENT,,Assisted Living Class B,assisted_living_b,none,,per_plan,,§909.02.E.2,read_ecode360,"CP uses are 'those approved by the Planning Commission in accordance with an approved unit development plan'; PC may approve 'any use that is allowed in the HC district, subject to the same conditions and limitations'. HC allows this use as P (§911.02). Whether the HC review pathway also applies on top of PC plan approval is not stated.",https://ecode360.com/print/PI6865?guid=45476287,2026-09-26
CP,COMMERCIAL PLANNED UNIT DEVELOPMENT,,Assisted Living Class C,assisted_living_c,none,,not_permitted,4,§909.02.E.2; §911.02 (HC column),read_ecode360,"Not allowed in HC (§911.02 HC blank), so not approvable in CP.",https://ecode360.com/print/PI6865?guid=45476287,2026-09-26
CP,COMMERCIAL PLANNED UNIT DEVELOPMENT,,Community Home,community_home,none,,per_plan,,§909.02.E.2,read_ecode360,"CP uses are 'those approved by the Planning Commission in accordance with an approved unit development plan'; PC may approve 'any use that is allowed in the HC district, subject to the same conditions and limitations'. HC allows this use as S (§911.02). Whether the HC review pathway also applies on top of PC plan approval is not stated.",https://ecode360.com/print/PI6865?guid=45476287,2026-09-26
CP,COMMERCIAL PLANNED UNIT DEVELOPMENT,,Housing for the Elderly (Limited),elderly_limited,senior,,per_plan,,§909.02.E.2,read_ecode360,"CP uses are 'those approved by the Planning Commission in accordance with an approved unit development plan'; PC may approve 'any use that is allowed in the HC district, subject to the same conditions and limitations'. HC allows this use as A (§911.02). Whether the HC review pathway also applies on top of PC plan approval is not stated.",https://ecode360.com/print/PI6865?guid=45476287,2026-09-26
CP,COMMERCIAL PLANNED UNIT DEVELOPMENT,,Housing for the Elderly (General),elderly_general,senior,,per_plan,,§909.02.E.2,read_ecode360,"CP uses are 'those approved by the Planning Commission in accordance with an approved unit development plan'; PC may approve 'any use that is allowed in the HC district, subject to the same conditions and limitations'. HC allows this use as S (§911.02). Whether the HC review pathway also applies on top of PC plan approval is not stated.",https://ecode360.com/print/PI6865?guid=45476287,2026-09-26
CP,COMMERCIAL PLANNED UNIT DEVELOPMENT,,Interim Housing,interim_housing,none,,unknown,,,not_in_911_02,District not in §911.02 table (SP/PUD/public-realm/non-City); see special-district-residential-permissions.csv,https://ecode360.com/45476524,2026-09-26
CP,COMMERCIAL PLANNED UNIT DEVELOPMENT,,Multi-Suite Residential (Limited),multi_suite_limited,none,,not_permitted,4,§909.02.E.2; §911.02 (HC column),read_ecode360,"Not allowed in HC (§911.02 HC blank), so not approvable in CP.",https://ecode360.com/print/PI6865?guid=45476287,2026-09-26
CP,COMMERCIAL PLANNED UNIT DEVELOPMENT,,Multi-Suite Residential (General),multi_suite_general,none,,not_permitted,4,§909.02.E.2; §911.02 (HC column),read_ecode360,"Not allowed in HC (§911.02 HC blank), so not approvable in CP.",https://ecode360.com/print/PI6865?guid=45476287,2026-09-26
CP,COMMERCIAL PLANNED UNIT DEVELOPMENT,,Personal Care Residence (Large),personal_care_large,none,,per_plan,,§909.02.E.2,read_ecode360,"CP uses are 'those approved by the Planning Commission in accordance with an approved unit development plan'; PC may approve 'any use that is allowed in the HC district, subject to the same conditions and limitations'. HC allows this use as S (§911.02). Whether the HC review pathway also applies on top of PC plan approval is not stated.",https://ecode360.com/print/PI6865?guid=45476287,2026-09-26
CP,COMMERCIAL PLANNED UNIT DEVELOPMENT,,Personal Care Residence (Small),personal_care_small,none,,per_plan,,§909.02.E.2,read_ecode360,"CP uses are 'those approved by the Planning Commission in accordance with an approved unit development plan'; PC may approve 'any use that is allowed in the HC district, subject to the same conditions and limitations'. HC allows this use as A (§911.02). Whether the HC review pathway also applies on top of PC plan approval is not stated.",https://ecode360.com/print/PI6865?guid=45476287,2026-09-26
EMI,EDUCATIONAL/MEDICAL INSTITUTION,EMI,Single-Unit Detached Residential,single_detached,sfd,P,by_right,0,§ 911.04A.69,read,,https://ecode360.com/45476524,2026-09-26
EMI,EDUCATIONAL/MEDICAL INSTITUTION,EMI,Single-Unit Attached Residential,single_attached,townhome,,not_permitted,4,§ 911.04A.69; § 911.04A.69A,read,,https://ecode360.com/45476524,2026-09-26
EMI,EDUCATIONAL/MEDICAL INSTITUTION,EMI,Two-Unit Residential,two_unit,duplex,,not_permitted,4,,read,,https://ecode360.com/45476524,2026-09-26
EMI,EDUCATIONAL/MEDICAL INSTITUTION,EMI,Three-Unit Residential,three_unit,none,,not_permitted,4,,read,,https://ecode360.com/45476524,2026-09-26
EMI,EDUCATIONAL/MEDICAL INSTITUTION,EMI,Multi-Unit Residential,multi_unit,apartments,A,za,1,§ 911.04A.85,read,>=4 units triggers Site Plan Review (§922.04) and RCO Development Activities Meeting if a hearing is needed,https://ecode360.com/45476524,2026-09-26
EMI,EDUCATIONAL/MEDICAL INSTITUTION,EMI,Assisted Living Class A,assisted_living_a,none,A,za,1,§ 911.04A.66,read,,https://ecode360.com/45476524,2026-09-26
EMI,EDUCATIONAL/MEDICAL INSTITUTION,EMI,Assisted Living Class B,assisted_living_b,none,S,zbe_special_exception,2,§ 911.04A.66,read,,https://ecode360.com/45476524,2026-09-26
EMI,EDUCATIONAL/MEDICAL INSTITUTION,EMI,Assisted Living Class C,assisted_living_c,none,S,zbe_special_exception,2,§ 911.04A.66,read,,https://ecode360.com/45476524,2026-09-26
EMI,EDUCATIONAL/MEDICAL INSTITUTION,EMI,Community Home,community_home,none,S,zbe_special_exception,2,§ 911.04A.84,read,,https://ecode360.com/45476524,2026-09-26
EMI,EDUCATIONAL/MEDICAL INSTITUTION,EMI,Housing for the Elderly (Limited),elderly_limited,senior,A,za,1,§ 911.04A.35,read,,https://ecode360.com/45476524,2026-09-26
EMI,EDUCATIONAL/MEDICAL INSTITUTION,EMI,Housing for the Elderly (General),elderly_general,senior,A,za,1,§ 911.04A.35,read,,https://ecode360.com/45476524,2026-09-26
EMI,EDUCATIONAL/MEDICAL INSTITUTION,EMI,Interim Housing,interim_housing,none,S,zbe_special_exception,2,,read,,https://ecode360.com/45476524,2026-09-26
EMI,EDUCATIONAL/MEDICAL INSTITUTION,EMI,Multi-Suite Residential (Limited),multi_suite_limited,none,S,zbe_special_exception,2,§ 911.04A.41,read,,https://ecode360.com/45476524,2026-09-26
EMI,EDUCATIONAL/MEDICAL INSTITUTION,EMI,Multi-Suite Residential (General),multi_suite_general,none,S,zbe_special_exception,2,§ 911.04A.41,read,,https://ecode360.com/45476524,2026-09-26
EMI,EDUCATIONAL/MEDICAL INSTITUTION,EMI,Personal Care Residence (Large),personal_care_large,none,A,za,1,§ 911.04A.95A,read,,https://ecode360.com/45476524,2026-09-26
EMI,EDUCATIONAL/MEDICAL INSTITUTION,EMI,Personal Care Residence (Small),personal_care_small,none,A,za,1,§ 911.04A.95B,read,,https://ecode360.com/45476524,2026-09-26
GI,GENERAL INDUSTRIAL,GI,Single-Unit Detached Residential,single_detached,sfd,,not_permitted,4,§ 911.04A.69,read,,https://ecode360.com/45476524,2026-09-26
GI,GENERAL INDUSTRIAL,GI,Single-Unit Attached Residential,single_attached,townhome,,not_permitted,4,§ 911.04A.69; § 911.04A.69A,read,,https://ecode360.com/45476524,2026-09-26
GI,GENERAL INDUSTRIAL,GI,Two-Unit Residential,two_unit,duplex,,not_permitted,4,,read,,https://ecode360.com/45476524,2026-09-26
GI,GENERAL INDUSTRIAL,GI,Three-Unit Residential,three_unit,none,,not_permitted,4,,read,,https://ecode360.com/45476524,2026-09-26
GI,GENERAL INDUSTRIAL,GI,Multi-Unit Residential,multi_unit,apartments,,not_permitted,4,§ 911.04A.85,read,,https://ecode360.com/45476524,2026-09-26
GI,GENERAL INDUSTRIAL,GI,Assisted Living Class A,assisted_living_a,none,,not_permitted,4,§ 911.04A.66,read,,https://ecode360.com/45476524,2026-09-26
GI,GENERAL INDUSTRIAL,GI,Assisted Living Class B,assisted_living_b,none,,not_permitted,4,§ 911.04A.66,read,,https://ecode360.com/45476524,2026-09-26
GI,GENERAL INDUSTRIAL,GI,Assisted Living Class C,assisted_living_c,none,,not_permitted,4,§ 911.04A.66,read,,https://ecode360.com/45476524,2026-09-26
GI,GENERAL INDUSTRIAL,GI,Community Home,community_home,none,,not_permitted,4,§ 911.04A.84,read,,https://ecode360.com/45476524,2026-09-26
GI,GENERAL INDUSTRIAL,GI,Housing for the Elderly (Limited),elderly_limited,senior,,not_permitted,4,§ 911.04A.35,read,,https://ecode360.com/45476524,2026-09-26
GI,GENERAL INDUSTRIAL,GI,Housing for the Elderly (General),elderly_general,senior,,not_permitted,4,§ 911.04A.35,read,,https://ecode360.com/45476524,2026-09-26
GI,GENERAL INDUSTRIAL,GI,Interim Housing,interim_housing,none,,not_permitted,4,,read,,https://ecode360.com/45476524,2026-09-26
GI,GENERAL INDUSTRIAL,GI,Multi-Suite Residential (Limited),multi_suite_limited,none,,not_permitted,4,§ 911.04A.41,read,,https://ecode360.com/45476524,2026-09-26
GI,GENERAL INDUSTRIAL,GI,Multi-Suite Residential (General),multi_suite_general,none,,not_permitted,4,§ 911.04A.41,read,,https://ecode360.com/45476524,2026-09-26
GI,GENERAL INDUSTRIAL,GI,Personal Care Residence (Large),personal_care_large,none,S,zbe_special_exception,2,§ 911.04A.95A,read,,https://ecode360.com/45476524,2026-09-26
GI,GENERAL INDUSTRIAL,GI,Personal Care Residence (Small),personal_care_small,none,,not_permitted,4,§ 911.04A.95B,read,,https://ecode360.com/45476524,2026-09-26
GPRA,GRANDVIEW PUBLIC REALM DISTRICT A,,Single-Unit Detached Residential,single_detached,sfd,P,by_right,0,§908.02.D.1(a),read_ecode360,Listed as permitted by-right in GPR-A. Public Realm Project Development Plan (Planning Commission) also required for new construction (§908.01.F).,https://ecode360.com/print/PI6865?guid=45475462,2026-09-26
GPRA,GRANDVIEW PUBLIC REALM DISTRICT A,,Single-Unit Attached Residential,single_attached,townhome,P,by_right,0,§908.02.D.1(a),read_ecode360,Listed as permitted by-right in GPR-A. Public Realm Project Development Plan (Planning Commission) also required for new construction (§908.01.F).,https://ecode360.com/print/PI6865?guid=45475462,2026-09-26
GPRA,GRANDVIEW PUBLIC REALM DISTRICT A,,Two-Unit Residential,two_unit,duplex,P,by_right,0,§908.02.D.1(a),read_ecode360,Listed as permitted by-right in GPR-A. Public Realm Project Development Plan (Planning Commission) also required for new construction (§908.01.F).,https://ecode360.com/print/PI6865?guid=45475462,2026-09-26
GPRA,GRANDVIEW PUBLIC REALM DISTRICT A,,Three-Unit Residential,three_unit,none,,not_permitted,4,"§908.02.D.1(a),(d)",unconfirmed,"Not in the GPR-A by-right list. Exceptions are 'the same as those found in Chapter 903 for the RT-3, Residential Two-Unit, Moderate Density district', a district name that no longer exists in Ch. 903; the nearest current analog (R2) does not permit this use in §911.02, so treated as not permitted (inference).",https://ecode360.com/print/PI6865?guid=45475462,2026-09-26
GPRA,GRANDVIEW PUBLIC REALM DISTRICT A,,Multi-Unit Residential,multi_unit,apartments,,not_permitted,4,"§908.02.D.1(a),(d)",unconfirmed,"Not in the GPR-A by-right list. Exceptions are 'the same as those found in Chapter 903 for the RT-3, Residential Two-Unit, Moderate Density district', a district name that no longer exists in Ch. 903; the nearest current analog (R2) does not permit this use in §911.02, so treated as not permitted (inference).",https://ecode360.com/print/PI6865?guid=45475462,2026-09-26
GPRA,GRANDVIEW PUBLIC REALM DISTRICT A,,Assisted Living Class A,assisted_living_a,none,,unknown,,§908.02.D.1(d),unconfirmed,"Not listed by-right. §908.02.D.1(d): 'Use exceptions are the same as those found in Chapter 903 for the RT-3, Residential Two-Unit, Moderate Density district' - an obsolete district name not in current Ch. 903 or §911.02. If read as current R2, §911.02 R2 = S. Note §911.04.A.41(a)(1), A.66(c)(2) and A.95B(b) name 'Grandview Public Realm Districts' (with RM) as a setting for Multi-Suite (Limited), Assisted Living C and Personal Care (Small), implying some group uses were contemplated there.",https://ecode360.com/print/PI6865?guid=45475462,2026-09-26
GPRA,GRANDVIEW PUBLIC REALM DISTRICT A,,Assisted Living Class B,assisted_living_b,none,,unknown,,§908.02.D.1(d),unconfirmed,"Not listed by-right. §908.02.D.1(d): 'Use exceptions are the same as those found in Chapter 903 for the RT-3, Residential Two-Unit, Moderate Density district' - an obsolete district name not in current Ch. 903 or §911.02. If read as current R2, §911.02 R2 = blank. Note §911.04.A.41(a)(1), A.66(c)(2) and A.95B(b) name 'Grandview Public Realm Districts' (with RM) as a setting for Multi-Suite (Limited), Assisted Living C and Personal Care (Small), implying some group uses were contemplated there.",https://ecode360.com/print/PI6865?guid=45475462,2026-09-26
GPRA,GRANDVIEW PUBLIC REALM DISTRICT A,,Assisted Living Class C,assisted_living_c,none,,unknown,,§908.02.D.1(d),unconfirmed,"Not listed by-right. §908.02.D.1(d): 'Use exceptions are the same as those found in Chapter 903 for the RT-3, Residential Two-Unit, Moderate Density district' - an obsolete district name not in current Ch. 903 or §911.02. If read as current R2, §911.02 R2 = blank. Note §911.04.A.41(a)(1), A.66(c)(2) and A.95B(b) name 'Grandview Public Realm Districts' (with RM) as a setting for Multi-Suite (Limited), Assisted Living C and Personal Care (Small), implying some group uses were contemplated there.",https://ecode360.com/print/PI6865?guid=45475462,2026-09-26
GPRA,GRANDVIEW PUBLIC REALM DISTRICT A,,Community Home,community_home,none,,unknown,,§908.02.D.1(d),unconfirmed,"Not listed by-right. §908.02.D.1(d): 'Use exceptions are the same as those found in Chapter 903 for the RT-3, Residential Two-Unit, Moderate Density district' - an obsolete district name not in current Ch. 903 or §911.02. If read as current R2, §911.02 R2 = S. Note §911.04.A.41(a)(1), A.66(c)(2) and A.95B(b) name 'Grandview Public Realm Districts' (with RM) as a setting for Multi-Suite (Limited), Assisted Living C and Personal Care (Small), implying some group uses were contemplated there.",https://ecode360.com/print/PI6865?guid=45475462,2026-09-26
GPRA,GRANDVIEW PUBLIC REALM DISTRICT A,,Housing for the Elderly (Limited),elderly_limited,senior,,unknown,,§908.02.D.1(d),unconfirmed,"Not listed by-right. §908.02.D.1(d): 'Use exceptions are the same as those found in Chapter 903 for the RT-3, Residential Two-Unit, Moderate Density district' - an obsolete district name not in current Ch. 903 or §911.02. If read as current R2, §911.02 R2 = S. Note §911.04.A.41(a)(1), A.66(c)(2) and A.95B(b) name 'Grandview Public Realm Districts' (with RM) as a setting for Multi-Suite (Limited), Assisted Living C and Personal Care (Small), implying some group uses were contemplated there.",https://ecode360.com/print/PI6865?guid=45475462,2026-09-26
GPRA,GRANDVIEW PUBLIC REALM DISTRICT A,,Housing for the Elderly (General),elderly_general,senior,,unknown,,§908.02.D.1(d),unconfirmed,"Not listed by-right. §908.02.D.1(d): 'Use exceptions are the same as those found in Chapter 903 for the RT-3, Residential Two-Unit, Moderate Density district' - an obsolete district name not in current Ch. 903 or §911.02. If read as current R2, §911.02 R2 = blank. Note §911.04.A.41(a)(1), A.66(c)(2) and A.95B(b) name 'Grandview Public Realm Districts' (with RM) as a setting for Multi-Suite (Limited), Assisted Living C and Personal Care (Small), implying some group uses were contemplated there.",https://ecode360.com/print/PI6865?guid=45475462,2026-09-26
GPRA,GRANDVIEW PUBLIC REALM DISTRICT A,,Interim Housing,interim_housing,none,,unknown,,,not_in_911_02,District not in §911.02 table (SP/PUD/public-realm/non-City); see special-district-residential-permissions.csv,https://ecode360.com/45476524,2026-09-26
GPRA,GRANDVIEW PUBLIC REALM DISTRICT A,,Multi-Suite Residential (Limited),multi_suite_limited,none,,unknown,,§908.02.D.1(d),unconfirmed,"Not listed by-right. §908.02.D.1(d): 'Use exceptions are the same as those found in Chapter 903 for the RT-3, Residential Two-Unit, Moderate Density district' - an obsolete district name not in current Ch. 903 or §911.02. If read as current R2, §911.02 R2 = blank. Note §911.04.A.41(a)(1), A.66(c)(2) and A.95B(b) name 'Grandview Public Realm Districts' (with RM) as a setting for Multi-Suite (Limited), Assisted Living C and Personal Care (Small), implying some group uses were contemplated there.",https://ecode360.com/print/PI6865?guid=45475462,2026-09-26
GPRA,GRANDVIEW PUBLIC REALM DISTRICT A,,Multi-Suite Residential (General),multi_suite_general,none,,unknown,,§908.02.D.1(d),unconfirmed,"Not listed by-right. §908.02.D.1(d): 'Use exceptions are the same as those found in Chapter 903 for the RT-3, Residential Two-Unit, Moderate Density district' - an obsolete district name not in current Ch. 903 or §911.02. If read as current R2, §911.02 R2 = blank. Note §911.04.A.41(a)(1), A.66(c)(2) and A.95B(b) name 'Grandview Public Realm Districts' (with RM) as a setting for Multi-Suite (Limited), Assisted Living C and Personal Care (Small), implying some group uses were contemplated there.",https://ecode360.com/print/PI6865?guid=45475462,2026-09-26
GPRA,GRANDVIEW PUBLIC REALM DISTRICT A,,Personal Care Residence (Large),personal_care_large,none,,unknown,,§908.02.D.1(d),unconfirmed,"Not listed by-right. §908.02.D.1(d): 'Use exceptions are the same as those found in Chapter 903 for the RT-3, Residential Two-Unit, Moderate Density district' - an obsolete district name not in current Ch. 903 or §911.02. If read as current R2, §911.02 R2 = S. Note §911.04.A.41(a)(1), A.66(c)(2) and A.95B(b) name 'Grandview Public Realm Districts' (with RM) as a setting for Multi-Suite (Limited), Assisted Living C and Personal Care (Small), implying some group uses were contemplated there.",https://ecode360.com/print/PI6865?guid=45475462,2026-09-26
GPRA,GRANDVIEW PUBLIC REALM DISTRICT A,,Personal Care Residence (Small),personal_care_small,none,,unknown,,§908.02.D.1(d),unconfirmed,"Not listed by-right. §908.02.D.1(d): 'Use exceptions are the same as those found in Chapter 903 for the RT-3, Residential Two-Unit, Moderate Density district' - an obsolete district name not in current Ch. 903 or §911.02. If read as current R2, §911.02 R2 = A. Note §911.04.A.41(a)(1), A.66(c)(2) and A.95B(b) name 'Grandview Public Realm Districts' (with RM) as a setting for Multi-Suite (Limited), Assisted Living C and Personal Care (Small), implying some group uses were contemplated there.",https://ecode360.com/print/PI6865?guid=45475462,2026-09-26
GPRB,GRANDVIEW PUBLIC REALM DISTRICT B,,Single-Unit Detached Residential,single_detached,sfd,P,by_right,0,§908.02.D.2(a),read_ecode360,Listed as permitted by-right in GPR-B. Public Realm Project Development Plan (Planning Commission) also required for new construction (§908.01.F).,https://ecode360.com/print/PI6865?guid=45475462,2026-09-26
GPRB,GRANDVIEW PUBLIC REALM DISTRICT B,,Single-Unit Attached Residential,single_attached,townhome,P,by_right,0,§908.02.D.2(a),read_ecode360,Listed as permitted by-right in GPR-B. Public Realm Project Development Plan (Planning Commission) also required for new construction (§908.01.F).,https://ecode360.com/print/PI6865?guid=45475462,2026-09-26
GPRB,GRANDVIEW PUBLIC REALM DISTRICT B,,Two-Unit Residential,two_unit,duplex,P,by_right,0,§908.02.D.2(a),read_ecode360,Listed as permitted by-right in GPR-B. Public Realm Project Development Plan (Planning Commission) also required for new construction (§908.01.F).,https://ecode360.com/print/PI6865?guid=45475462,2026-09-26
GPRB,GRANDVIEW PUBLIC REALM DISTRICT B,,Three-Unit Residential,three_unit,none,P,by_right,0,§908.02.D.2(a),read_ecode360,Listed as permitted by-right in GPR-B. Public Realm Project Development Plan (Planning Commission) also required for new construction (§908.01.F).,https://ecode360.com/print/PI6865?guid=45475462,2026-09-26
GPRB,GRANDVIEW PUBLIC REALM DISTRICT B,,Multi-Unit Residential,multi_unit,apartments,P,by_right,0,§908.02.D.2(a),read_ecode360,Listed as permitted by-right in GPR-B. Public Realm Project Development Plan (Planning Commission) also required for new construction (§908.01.F).; >=4 units triggers Site Plan Review (§922.04) and RCO Development Activities Meeting if a hearing is needed,https://ecode360.com/print/PI6865?guid=45475462,2026-09-26
GPRB,GRANDVIEW PUBLIC REALM DISTRICT B,,Assisted Living Class A,assisted_living_a,none,,unknown,,§908.02.D.2(d),unconfirmed,"Not listed by-right. §908.02.D.2(d): 'Use exceptions are the same as those found in Chapter 903 for the RTS-3, Three-Unit Residential, Moderate Density district' - an obsolete district name not in current Ch. 903 or §911.02. If read as current R3, §911.02 R3 = S. Note §911.04.A.41(a)(1), A.66(c)(2) and A.95B(b) name 'Grandview Public Realm Districts' (with RM) as a setting for Multi-Suite (Limited), Assisted Living C and Personal Care (Small), implying some group uses were contemplated there.",https://ecode360.com/print/PI6865?guid=45475462,2026-09-26
GPRB,GRANDVIEW PUBLIC REALM DISTRICT B,,Assisted Living Class B,assisted_living_b,none,,unknown,,§908.02.D.2(d),unconfirmed,"Not listed by-right. §908.02.D.2(d): 'Use exceptions are the same as those found in Chapter 903 for the RTS-3, Three-Unit Residential, Moderate Density district' - an obsolete district name not in current Ch. 903 or §911.02. If read as current R3, §911.02 R3 = blank. Note §911.04.A.41(a)(1), A.66(c)(2) and A.95B(b) name 'Grandview Public Realm Districts' (with RM) as a setting for Multi-Suite (Limited), Assisted Living C and Personal Care (Small), implying some group uses were contemplated there.",https://ecode360.com/print/PI6865?guid=45475462,2026-09-26
GPRB,GRANDVIEW PUBLIC REALM DISTRICT B,,Assisted Living Class C,assisted_living_c,none,,unknown,,§908.02.D.2(d),unconfirmed,"Not listed by-right. §908.02.D.2(d): 'Use exceptions are the same as those found in Chapter 903 for the RTS-3, Three-Unit Residential, Moderate Density district' - an obsolete district name not in current Ch. 903 or §911.02. If read as current R3, §911.02 R3 = blank. Note §911.04.A.41(a)(1), A.66(c)(2) and A.95B(b) name 'Grandview Public Realm Districts' (with RM) as a setting for Multi-Suite (Limited), Assisted Living C and Personal Care (Small), implying some group uses were contemplated there.",https://ecode360.com/print/PI6865?guid=45475462,2026-09-26
GPRB,GRANDVIEW PUBLIC REALM DISTRICT B,,Community Home,community_home,none,,unknown,,§908.02.D.2(d),unconfirmed,"Not listed by-right. §908.02.D.2(d): 'Use exceptions are the same as those found in Chapter 903 for the RTS-3, Three-Unit Residential, Moderate Density district' - an obsolete district name not in current Ch. 903 or §911.02. If read as current R3, §911.02 R3 = S. Note §911.04.A.41(a)(1), A.66(c)(2) and A.95B(b) name 'Grandview Public Realm Districts' (with RM) as a setting for Multi-Suite (Limited), Assisted Living C and Personal Care (Small), implying some group uses were contemplated there.",https://ecode360.com/print/PI6865?guid=45475462,2026-09-26
GPRB,GRANDVIEW PUBLIC REALM DISTRICT B,,Housing for the Elderly (Limited),elderly_limited,senior,,unknown,,§908.02.D.2(d),unconfirmed,"Not listed by-right. §908.02.D.2(d): 'Use exceptions are the same as those found in Chapter 903 for the RTS-3, Three-Unit Residential, Moderate Density district' - an obsolete district name not in current Ch. 903 or §911.02. If read as current R3, §911.02 R3 = S. Note §911.04.A.41(a)(1), A.66(c)(2) and A.95B(b) name 'Grandview Public Realm Districts' (with RM) as a setting for Multi-Suite (Limited), Assisted Living C and Personal Care (Small), implying some group uses were contemplated there.",https://ecode360.com/print/PI6865?guid=45475462,2026-09-26
GPRB,GRANDVIEW PUBLIC REALM DISTRICT B,,Housing for the Elderly (General),elderly_general,senior,,unknown,,§908.02.D.2(d),unconfirmed,"Not listed by-right. §908.02.D.2(d): 'Use exceptions are the same as those found in Chapter 903 for the RTS-3, Three-Unit Residential, Moderate Density district' - an obsolete district name not in current Ch. 903 or §911.02. If read as current R3, §911.02 R3 = S. Note §911.04.A.41(a)(1), A.66(c)(2) and A.95B(b) name 'Grandview Public Realm Districts' (with RM) as a setting for Multi-Suite (Limited), Assisted Living C and Personal Care (Small), implying some group uses were contemplated there.",https://ecode360.com/print/PI6865?guid=45475462,2026-09-26
GPRB,GRANDVIEW PUBLIC REALM DISTRICT B,,Interim Housing,interim_housing,none,,unknown,,,not_in_911_02,District not in §911.02 table (SP/PUD/public-realm/non-City); see special-district-residential-permissions.csv,https://ecode360.com/45476524,2026-09-26
GPRB,GRANDVIEW PUBLIC REALM DISTRICT B,,Multi-Suite Residential (Limited),multi_suite_limited,none,,unknown,,§908.02.D.2(d),unconfirmed,"Not listed by-right. §908.02.D.2(d): 'Use exceptions are the same as those found in Chapter 903 for the RTS-3, Three-Unit Residential, Moderate Density district' - an obsolete district name not in current Ch. 903 or §911.02. If read as current R3, §911.02 R3 = blank. Note §911.04.A.41(a)(1), A.66(c)(2) and A.95B(b) name 'Grandview Public Realm Districts' (with RM) as a setting for Multi-Suite (Limited), Assisted Living C and Personal Care (Small), implying some group uses were contemplated there.",https://ecode360.com/print/PI6865?guid=45475462,2026-09-26
GPRB,GRANDVIEW PUBLIC REALM DISTRICT B,,Multi-Suite Residential (General),multi_suite_general,none,,unknown,,§908.02.D.2(d),unconfirmed,"Not listed by-right. §908.02.D.2(d): 'Use exceptions are the same as those found in Chapter 903 for the RTS-3, Three-Unit Residential, Moderate Density district' - an obsolete district name not in current Ch. 903 or §911.02. If read as current R3, §911.02 R3 = blank. Note §911.04.A.41(a)(1), A.66(c)(2) and A.95B(b) name 'Grandview Public Realm Districts' (with RM) as a setting for Multi-Suite (Limited), Assisted Living C and Personal Care (Small), implying some group uses were contemplated there.",https://ecode360.com/print/PI6865?guid=45475462,2026-09-26
GPRB,GRANDVIEW PUBLIC REALM DISTRICT B,,Personal Care Residence (Large),personal_care_large,none,,unknown,,§908.02.D.2(d),unconfirmed,"Not listed by-right. §908.02.D.2(d): 'Use exceptions are the same as those found in Chapter 903 for the RTS-3, Three-Unit Residential, Moderate Density district' - an obsolete district name not in current Ch. 903 or §911.02. If read as current R3, §911.02 R3 = S. Note §911.04.A.41(a)(1), A.66(c)(2) and A.95B(b) name 'Grandview Public Realm Districts' (with RM) as a setting for Multi-Suite (Limited), Assisted Living C and Personal Care (Small), implying some group uses were contemplated there.",https://ecode360.com/print/PI6865?guid=45475462,2026-09-26
GPRB,GRANDVIEW PUBLIC REALM DISTRICT B,,Personal Care Residence (Small),personal_care_small,none,,unknown,,§908.02.D.2(d),unconfirmed,"Not listed by-right. §908.02.D.2(d): 'Use exceptions are the same as those found in Chapter 903 for the RTS-3, Three-Unit Residential, Moderate Density district' - an obsolete district name not in current Ch. 903 or §911.02. If read as current R3, §911.02 R3 = A. Note §911.04.A.41(a)(1), A.66(c)(2) and A.95B(b) name 'Grandview Public Realm Districts' (with RM) as a setting for Multi-Suite (Limited), Assisted Living C and Personal Care (Small), implying some group uses were contemplated there.",https://ecode360.com/print/PI6865?guid=45475462,2026-09-26
GPRC,GRANDVIEW PUBLIC REALM DISTRICT C,,Single-Unit Detached Residential,single_detached,sfd,P,by_right,0,§908.02.D.3(a),read_ecode360,Listed as permitted by-right in GPR-C. Public Realm Project Development Plan (Planning Commission) also required for new construction (§908.01.F).,https://ecode360.com/print/PI6865?guid=45475462,2026-09-26
GPRC,GRANDVIEW PUBLIC REALM DISTRICT C,,Single-Unit Attached Residential,single_attached,townhome,P,by_right,0,§908.02.D.3(a),read_ecode360,Listed as permitted by-right in GPR-C. Public Realm Project Development Plan (Planning Commission) also required for new construction (§908.01.F).,https://ecode360.com/print/PI6865?guid=45475462,2026-09-26
GPRC,GRANDVIEW PUBLIC REALM DISTRICT C,,Two-Unit Residential,two_unit,duplex,P,by_right,0,§908.02.D.3(a),read_ecode360,Listed as permitted by-right in GPR-C. Public Realm Project Development Plan (Planning Commission) also required for new construction (§908.01.F).,https://ecode360.com/print/PI6865?guid=45475462,2026-09-26
GPRC,GRANDVIEW PUBLIC REALM DISTRICT C,,Three-Unit Residential,three_unit,none,P,by_right,0,§908.02.D.3(a),read_ecode360,Listed as permitted by-right in GPR-C. Public Realm Project Development Plan (Planning Commission) also required for new construction (§908.01.F).,https://ecode360.com/print/PI6865?guid=45475462,2026-09-26
GPRC,GRANDVIEW PUBLIC REALM DISTRICT C,,Multi-Unit Residential,multi_unit,apartments,P,by_right,0,§908.02.D.3(a),read_ecode360,Listed as permitted by-right in GPR-C. Public Realm Project Development Plan (Planning Commission) also required for new construction (§908.01.F).; >=4 units triggers Site Plan Review (§922.04) and RCO Development Activities Meeting if a hearing is needed,https://ecode360.com/print/PI6865?guid=45475462,2026-09-26
GPRC,GRANDVIEW PUBLIC REALM DISTRICT C,,Assisted Living Class A,assisted_living_a,none,,unknown,,§908.02.D.3(d),unconfirmed,"Not listed by-right. §908.02.D.3(d): 'Use exceptions are the same as those found in Chapter 903 for the RTS-3, Three-unit Residential, Moderate Density district' - an obsolete district name not in current Ch. 903 or §911.02. If read as current R3, §911.02 R3 = S. Note §911.04.A.41(a)(1), A.66(c)(2) and A.95B(b) name 'Grandview Public Realm Districts' (with RM) as a setting for Multi-Suite (Limited), Assisted Living C and Personal Care (Small), implying some group uses were contemplated there.",https://ecode360.com/print/PI6865?guid=45475462,2026-09-26
GPRC,GRANDVIEW PUBLIC REALM DISTRICT C,,Assisted Living Class B,assisted_living_b,none,,unknown,,§908.02.D.3(d),unconfirmed,"Not listed by-right. §908.02.D.3(d): 'Use exceptions are the same as those found in Chapter 903 for the RTS-3, Three-unit Residential, Moderate Density district' - an obsolete district name not in current Ch. 903 or §911.02. If read as current R3, §911.02 R3 = blank. Note §911.04.A.41(a)(1), A.66(c)(2) and A.95B(b) name 'Grandview Public Realm Districts' (with RM) as a setting for Multi-Suite (Limited), Assisted Living C and Personal Care (Small), implying some group uses were contemplated there.",https://ecode360.com/print/PI6865?guid=45475462,2026-09-26
GPRC,GRANDVIEW PUBLIC REALM DISTRICT C,,Assisted Living Class C,assisted_living_c,none,,unknown,,§908.02.D.3(d),unconfirmed,"Not listed by-right. §908.02.D.3(d): 'Use exceptions are the same as those found in Chapter 903 for the RTS-3, Three-unit Residential, Moderate Density district' - an obsolete district name not in current Ch. 903 or §911.02. If read as current R3, §911.02 R3 = blank. Note §911.04.A.41(a)(1), A.66(c)(2) and A.95B(b) name 'Grandview Public Realm Districts' (with RM) as a setting for Multi-Suite (Limited), Assisted Living C and Personal Care (Small), implying some group uses were contemplated there.",https://ecode360.com/print/PI6865?guid=45475462,2026-09-26
GPRC,GRANDVIEW PUBLIC REALM DISTRICT C,,Community Home,community_home,none,,unknown,,§908.02.D.3(d),unconfirmed,"Not listed by-right. §908.02.D.3(d): 'Use exceptions are the same as those found in Chapter 903 for the RTS-3, Three-unit Residential, Moderate Density district' - an obsolete district name not in current Ch. 903 or §911.02. If read as current R3, §911.02 R3 = S. Note §911.04.A.41(a)(1), A.66(c)(2) and A.95B(b) name 'Grandview Public Realm Districts' (with RM) as a setting for Multi-Suite (Limited), Assisted Living C and Personal Care (Small), implying some group uses were contemplated there.",https://ecode360.com/print/PI6865?guid=45475462,2026-09-26
GPRC,GRANDVIEW PUBLIC REALM DISTRICT C,,Housing for the Elderly (Limited),elderly_limited,senior,,unknown,,§908.02.D.3(d),unconfirmed,"Not listed by-right. §908.02.D.3(d): 'Use exceptions are the same as those found in Chapter 903 for the RTS-3, Three-unit Residential, Moderate Density district' - an obsolete district name not in current Ch. 903 or §911.02. If read as current R3, §911.02 R3 = S. Note §911.04.A.41(a)(1), A.66(c)(2) and A.95B(b) name 'Grandview Public Realm Districts' (with RM) as a setting for Multi-Suite (Limited), Assisted Living C and Personal Care (Small), implying some group uses were contemplated there.",https://ecode360.com/print/PI6865?guid=45475462,2026-09-26
GPRC,GRANDVIEW PUBLIC REALM DISTRICT C,,Housing for the Elderly (General),elderly_general,senior,,unknown,,§908.02.D.3(d),unconfirmed,"Not listed by-right. §908.02.D.3(d): 'Use exceptions are the same as those found in Chapter 903 for the RTS-3, Three-unit Residential, Moderate Density district' - an obsolete district name not in current Ch. 903 or §911.02. If read as current R3, §911.02 R3 = S. Note §911.04.A.41(a)(1), A.66(c)(2) and A.95B(b) name 'Grandview Public Realm Districts' (with RM) as a setting for Multi-Suite (Limited), Assisted Living C and Personal Care (Small), implying some group uses were contemplated there.",https://ecode360.com/print/PI6865?guid=45475462,2026-09-26
GPRC,GRANDVIEW PUBLIC REALM DISTRICT C,,Interim Housing,interim_housing,none,,unknown,,,not_in_911_02,District not in §911.02 table (SP/PUD/public-realm/non-City); see special-district-residential-permissions.csv,https://ecode360.com/45476524,2026-09-26
GPRC,GRANDVIEW PUBLIC REALM DISTRICT C,,Multi-Suite Residential (Limited),multi_suite_limited,none,,unknown,,§908.02.D.3(d),unconfirmed,"Not listed by-right. §908.02.D.3(d): 'Use exceptions are the same as those found in Chapter 903 for the RTS-3, Three-unit Residential, Moderate Density district' - an obsolete district name not in current Ch. 903 or §911.02. If read as current R3, §911.02 R3 = blank. Note §911.04.A.41(a)(1), A.66(c)(2) and A.95B(b) name 'Grandview Public Realm Districts' (with RM) as a setting for Multi-Suite (Limited), Assisted Living C and Personal Care (Small), implying some group uses were contemplated there.",https://ecode360.com/print/PI6865?guid=45475462,2026-09-26
GPRC,GRANDVIEW PUBLIC REALM DISTRICT C,,Multi-Suite Residential (General),multi_suite_general,none,,unknown,,§908.02.D.3(d),unconfirmed,"Not listed by-right. §908.02.D.3(d): 'Use exceptions are the same as those found in Chapter 903 for the RTS-3, Three-unit Residential, Moderate Density district' - an obsolete district name not in current Ch. 903 or §911.02. If read as current R3, §911.02 R3 = blank. Note §911.04.A.41(a)(1), A.66(c)(2) and A.95B(b) name 'Grandview Public Realm Districts' (with RM) as a setting for Multi-Suite (Limited), Assisted Living C and Personal Care (Small), implying some group uses were contemplated there.",https://ecode360.com/print/PI6865?guid=45475462,2026-09-26
GPRC,GRANDVIEW PUBLIC REALM DISTRICT C,,Personal Care Residence (Large),personal_care_large,none,,unknown,,§908.02.D.3(d),unconfirmed,"Not listed by-right. §908.02.D.3(d): 'Use exceptions are the same as those found in Chapter 903 for the RTS-3, Three-unit Residential, Moderate Density district' - an obsolete district name not in current Ch. 903 or §911.02. If read as current R3, §911.02 R3 = S. Note §911.04.A.41(a)(1), A.66(c)(2) and A.95B(b) name 'Grandview Public Realm Districts' (with RM) as a setting for Multi-Suite (Limited), Assisted Living C and Personal Care (Small), implying some group uses were contemplated there.",https://ecode360.com/print/PI6865?guid=45475462,2026-09-26
GPRC,GRANDVIEW PUBLIC REALM DISTRICT C,,Personal Care Residence (Small),personal_care_small,none,,unknown,,§908.02.D.3(d),unconfirmed,"Not listed by-right. §908.02.D.3(d): 'Use exceptions are the same as those found in Chapter 903 for the RTS-3, Three-unit Residential, Moderate Density district' - an obsolete district name not in current Ch. 903 or §911.02. If read as current R3, §911.02 R3 = A. Note §911.04.A.41(a)(1), A.66(c)(2) and A.95B(b) name 'Grandview Public Realm Districts' (with RM) as a setting for Multi-Suite (Limited), Assisted Living C and Personal Care (Small), implying some group uses were contemplated there.",https://ecode360.com/print/PI6865?guid=45475462,2026-09-26
GT-A,GOLDEN TRIANGLE DISTRICT A,GT,Single-Unit Detached Residential,single_detached,sfd,,not_permitted,4,§ 911.04A.69,read,,https://ecode360.com/45476524,2026-09-26
GT-A,GOLDEN TRIANGLE DISTRICT A,GT,Single-Unit Attached Residential,single_attached,townhome,,not_permitted,4,§ 911.04A.69; § 911.04A.69A,read,,https://ecode360.com/45476524,2026-09-26
GT-A,GOLDEN TRIANGLE DISTRICT A,GT,Two-Unit Residential,two_unit,duplex,P,by_right,0,,read,,https://ecode360.com/45476524,2026-09-26
GT-A,GOLDEN TRIANGLE DISTRICT A,GT,Three-Unit Residential,three_unit,none,P,by_right,0,,read,,https://ecode360.com/45476524,2026-09-26
GT-A,GOLDEN TRIANGLE DISTRICT A,GT,Multi-Unit Residential,multi_unit,apartments,P,by_right,0,§ 911.04A.85,read,>=4 units triggers Site Plan Review (§922.04) and RCO Development Activities Meeting if a hearing is needed,https://ecode360.com/45476524,2026-09-26
GT-A,GOLDEN TRIANGLE DISTRICT A,GT,Assisted Living Class A,assisted_living_a,none,P,by_right,0,§ 911.04A.66,read,,https://ecode360.com/45476524,2026-09-26
GT-A,GOLDEN TRIANGLE DISTRICT A,GT,Assisted Living Class B,assisted_living_b,none,P,by_right,0,§ 911.04A.66,read,,https://ecode360.com/45476524,2026-09-26
GT-A,GOLDEN TRIANGLE DISTRICT A,GT,Assisted Living Class C,assisted_living_c,none,P,by_right,0,§ 911.04A.66,read,,https://ecode360.com/45476524,2026-09-26
GT-A,GOLDEN TRIANGLE DISTRICT A,GT,Community Home,community_home,none,S,zbe_special_exception,2,§ 911.04A.84,read,,https://ecode360.com/45476524,2026-09-26
GT-A,GOLDEN TRIANGLE DISTRICT A,GT,Housing for the Elderly (Limited),elderly_limited,senior,A,za,1,§ 911.04A.35,read,,https://ecode360.com/45476524,2026-09-26
GT-A,GOLDEN TRIANGLE DISTRICT A,GT,Housing for the Elderly (General),elderly_general,senior,,not_permitted,4,§ 911.04A.35,read,,https://ecode360.com/45476524,2026-09-26
GT-A,GOLDEN TRIANGLE DISTRICT A,GT,Interim Housing,interim_housing,none,S,zbe_special_exception,2,,read,,https://ecode360.com/45476524,2026-09-26
GT-A,GOLDEN TRIANGLE DISTRICT A,GT,Multi-Suite Residential (Limited),multi_suite_limited,none,P,by_right,0,§ 911.04A.41,read,,https://ecode360.com/45476524,2026-09-26
GT-A,GOLDEN TRIANGLE DISTRICT A,GT,Multi-Suite Residential (General),multi_suite_general,none,P,by_right,0,§ 911.04A.41,read,,https://ecode360.com/45476524,2026-09-26
GT-A,GOLDEN TRIANGLE DISTRICT A,GT,Personal Care Residence (Large),personal_care_large,none,S,zbe_special_exception,2,§ 911.04A.95A,read,,https://ecode360.com/45476524,2026-09-26
GT-A,GOLDEN TRIANGLE DISTRICT A,GT,Personal Care Residence (Small),personal_care_small,none,A,za,1,§ 911.04A.95B,read,,https://ecode360.com/45476524,2026-09-26
GT-B,GOLDEN TRIANGLE DISTRICT B,GT,Single-Unit Detached Residential,single_detached,sfd,,not_permitted,4,§ 911.04A.69,read,,https://ecode360.com/45476524,2026-09-26
GT-B,GOLDEN TRIANGLE DISTRICT B,GT,Single-Unit Attached Residential,single_attached,townhome,,not_permitted,4,§ 911.04A.69; § 911.04A.69A,read,,https://ecode360.com/45476524,2026-09-26
GT-B,GOLDEN TRIANGLE DISTRICT B,GT,Two-Unit Residential,two_unit,duplex,P,by_right,0,,read,,https://ecode360.com/45476524,2026-09-26
GT-B,GOLDEN TRIANGLE DISTRICT B,GT,Three-Unit Residential,three_unit,none,P,by_right,0,,read,,https://ecode360.com/45476524,2026-09-26
GT-B,GOLDEN TRIANGLE DISTRICT B,GT,Multi-Unit Residential,multi_unit,apartments,P,by_right,0,§ 911.04A.85,read,>=4 units triggers Site Plan Review (§922.04) and RCO Development Activities Meeting if a hearing is needed,https://ecode360.com/45476524,2026-09-26
GT-B,GOLDEN TRIANGLE DISTRICT B,GT,Assisted Living Class A,assisted_living_a,none,P,by_right,0,§ 911.04A.66,read,,https://ecode360.com/45476524,2026-09-26
GT-B,GOLDEN TRIANGLE DISTRICT B,GT,Assisted Living Class B,assisted_living_b,none,P,by_right,0,§ 911.04A.66,read,,https://ecode360.com/45476524,2026-09-26
GT-B,GOLDEN TRIANGLE DISTRICT B,GT,Assisted Living Class C,assisted_living_c,none,P,by_right,0,§ 911.04A.66,read,,https://ecode360.com/45476524,2026-09-26
GT-B,GOLDEN TRIANGLE DISTRICT B,GT,Community Home,community_home,none,S,zbe_special_exception,2,§ 911.04A.84,read,,https://ecode360.com/45476524,2026-09-26
GT-B,GOLDEN TRIANGLE DISTRICT B,GT,Housing for the Elderly (Limited),elderly_limited,senior,A,za,1,§ 911.04A.35,read,,https://ecode360.com/45476524,2026-09-26
GT-B,GOLDEN TRIANGLE DISTRICT B,GT,Housing for the Elderly (General),elderly_general,senior,,not_permitted,4,§ 911.04A.35,read,,https://ecode360.com/45476524,2026-09-26
GT-B,GOLDEN TRIANGLE DISTRICT B,GT,Interim Housing,interim_housing,none,S,zbe_special_exception,2,,read,,https://ecode360.com/45476524,2026-09-26
GT-B,GOLDEN TRIANGLE DISTRICT B,GT,Multi-Suite Residential (Limited),multi_suite_limited,none,P,by_right,0,§ 911.04A.41,read,,https://ecode360.com/45476524,2026-09-26
GT-B,GOLDEN TRIANGLE DISTRICT B,GT,Multi-Suite Residential (General),multi_suite_general,none,P,by_right,0,§ 911.04A.41,read,,https://ecode360.com/45476524,2026-09-26
GT-B,GOLDEN TRIANGLE DISTRICT B,GT,Personal Care Residence (Large),personal_care_large,none,S,zbe_special_exception,2,§ 911.04A.95A,read,,https://ecode360.com/45476524,2026-09-26
GT-B,GOLDEN TRIANGLE DISTRICT B,GT,Personal Care Residence (Small),personal_care_small,none,A,za,1,§ 911.04A.95B,read,,https://ecode360.com/45476524,2026-09-26
GT-C,GOLDEN TRIANGLE DISTRICT C,GT,Single-Unit Detached Residential,single_detached,sfd,,not_permitted,4,§ 911.04A.69,read,,https://ecode360.com/45476524,2026-09-26
GT-C,GOLDEN TRIANGLE DISTRICT C,GT,Single-Unit Attached Residential,single_attached,townhome,,not_permitted,4,§ 911.04A.69; § 911.04A.69A,read,,https://ecode360.com/45476524,2026-09-26
GT-C,GOLDEN TRIANGLE DISTRICT C,GT,Two-Unit Residential,two_unit,duplex,P,by_right,0,,read,,https://ecode360.com/45476524,2026-09-26
GT-C,GOLDEN TRIANGLE DISTRICT C,GT,Three-Unit Residential,three_unit,none,P,by_right,0,,read,,https://ecode360.com/45476524,2026-09-26
GT-C,GOLDEN TRIANGLE DISTRICT C,GT,Multi-Unit Residential,multi_unit,apartments,P,by_right,0,§ 911.04A.85,read,>=4 units triggers Site Plan Review (§922.04) and RCO Development Activities Meeting if a hearing is needed,https://ecode360.com/45476524,2026-09-26
GT-C,GOLDEN TRIANGLE DISTRICT C,GT,Assisted Living Class A,assisted_living_a,none,P,by_right,0,§ 911.04A.66,read,,https://ecode360.com/45476524,2026-09-26
GT-C,GOLDEN TRIANGLE DISTRICT C,GT,Assisted Living Class B,assisted_living_b,none,P,by_right,0,§ 911.04A.66,read,,https://ecode360.com/45476524,2026-09-26
GT-C,GOLDEN TRIANGLE DISTRICT C,GT,Assisted Living Class C,assisted_living_c,none,P,by_right,0,§ 911.04A.66,read,,https://ecode360.com/45476524,2026-09-26
GT-C,GOLDEN TRIANGLE DISTRICT C,GT,Community Home,community_home,none,S,zbe_special_exception,2,§ 911.04A.84,read,,https://ecode360.com/45476524,2026-09-26
GT-C,GOLDEN TRIANGLE DISTRICT C,GT,Housing for the Elderly (Limited),elderly_limited,senior,A,za,1,§ 911.04A.35,read,,https://ecode360.com/45476524,2026-09-26
GT-C,GOLDEN TRIANGLE DISTRICT C,GT,Housing for the Elderly (General),elderly_general,senior,,not_permitted,4,§ 911.04A.35,read,,https://ecode360.com/45476524,2026-09-26
GT-C,GOLDEN TRIANGLE DISTRICT C,GT,Interim Housing,interim_housing,none,S,zbe_special_exception,2,,read,,https://ecode360.com/45476524,2026-09-26
GT-C,GOLDEN TRIANGLE DISTRICT C,GT,Multi-Suite Residential (Limited),multi_suite_limited,none,P,by_right,0,§ 911.04A.41,read,,https://ecode360.com/45476524,2026-09-26
GT-C,GOLDEN TRIANGLE DISTRICT C,GT,Multi-Suite Residential (General),multi_suite_general,none,P,by_right,0,§ 911.04A.41,read,,https://ecode360.com/45476524,2026-09-26
GT-C,GOLDEN TRIANGLE DISTRICT C,GT,Personal Care Residence (Large),personal_care_large,none,S,zbe_special_exception,2,§ 911.04A.95A,read,,https://ecode360.com/45476524,2026-09-26
GT-C,GOLDEN TRIANGLE DISTRICT C,GT,Personal Care Residence (Small),personal_care_small,none,A,za,1,§ 911.04A.95B,read,,https://ecode360.com/45476524,2026-09-26
GT-D,GOLDEN TRIANGLE DISTRICT D,GT,Single-Unit Detached Residential,single_detached,sfd,,not_permitted,4,§ 911.04A.69,read,,https://ecode360.com/45476524,2026-09-26
GT-D,GOLDEN TRIANGLE DISTRICT D,GT,Single-Unit Attached Residential,single_attached,townhome,,not_permitted,4,§ 911.04A.69; § 911.04A.69A,read,,https://ecode360.com/45476524,2026-09-26
GT-D,GOLDEN TRIANGLE DISTRICT D,GT,Two-Unit Residential,two_unit,duplex,P,by_right,0,,read,,https://ecode360.com/45476524,2026-09-26
GT-D,GOLDEN TRIANGLE DISTRICT D,GT,Three-Unit Residential,three_unit,none,P,by_right,0,,read,,https://ecode360.com/45476524,2026-09-26
GT-D,GOLDEN TRIANGLE DISTRICT D,GT,Multi-Unit Residential,multi_unit,apartments,P,by_right,0,§ 911.04A.85,read,>=4 units triggers Site Plan Review (§922.04) and RCO Development Activities Meeting if a hearing is needed,https://ecode360.com/45476524,2026-09-26
GT-D,GOLDEN TRIANGLE DISTRICT D,GT,Assisted Living Class A,assisted_living_a,none,P,by_right,0,§ 911.04A.66,read,,https://ecode360.com/45476524,2026-09-26
GT-D,GOLDEN TRIANGLE DISTRICT D,GT,Assisted Living Class B,assisted_living_b,none,P,by_right,0,§ 911.04A.66,read,,https://ecode360.com/45476524,2026-09-26
GT-D,GOLDEN TRIANGLE DISTRICT D,GT,Assisted Living Class C,assisted_living_c,none,P,by_right,0,§ 911.04A.66,read,,https://ecode360.com/45476524,2026-09-26
GT-D,GOLDEN TRIANGLE DISTRICT D,GT,Community Home,community_home,none,S,zbe_special_exception,2,§ 911.04A.84,read,,https://ecode360.com/45476524,2026-09-26
GT-D,GOLDEN TRIANGLE DISTRICT D,GT,Housing for the Elderly (Limited),elderly_limited,senior,A,za,1,§ 911.04A.35,read,,https://ecode360.com/45476524,2026-09-26
GT-D,GOLDEN TRIANGLE DISTRICT D,GT,Housing for the Elderly (General),elderly_general,senior,,not_permitted,4,§ 911.04A.35,read,,https://ecode360.com/45476524,2026-09-26
GT-D,GOLDEN TRIANGLE DISTRICT D,GT,Interim Housing,interim_housing,none,S,zbe_special_exception,2,,read,,https://ecode360.com/45476524,2026-09-26
GT-D,GOLDEN TRIANGLE DISTRICT D,GT,Multi-Suite Residential (Limited),multi_suite_limited,none,P,by_right,0,§ 911.04A.41,read,,https://ecode360.com/45476524,2026-09-26
GT-D,GOLDEN TRIANGLE DISTRICT D,GT,Multi-Suite Residential (General),multi_suite_general,none,P,by_right,0,§ 911.04A.41,read,,https://ecode360.com/45476524,2026-09-26
GT-D,GOLDEN TRIANGLE DISTRICT D,GT,Personal Care Residence (Large),personal_care_large,none,S,zbe_special_exception,2,§ 911.04A.95A,read,,https://ecode360.com/45476524,2026-09-26
GT-D,GOLDEN TRIANGLE DISTRICT D,GT,Personal Care Residence (Small),personal_care_small,none,A,za,1,§ 911.04A.95B,read,,https://ecode360.com/45476524,2026-09-26
GT-E,GOLDEN TRIANGLE DISTRICT E,GT,Single-Unit Detached Residential,single_detached,sfd,,not_permitted,4,§ 911.04A.69,read,,https://ecode360.com/45476524,2026-09-26
GT-E,GOLDEN TRIANGLE DISTRICT E,GT,Single-Unit Attached Residential,single_attached,townhome,,not_permitted,4,§ 911.04A.69; § 911.04A.69A,read,,https://ecode360.com/45476524,2026-09-26
GT-E,GOLDEN TRIANGLE DISTRICT E,GT,Two-Unit Residential,two_unit,duplex,P,by_right,0,,read,,https://ecode360.com/45476524,2026-09-26
GT-E,GOLDEN TRIANGLE DISTRICT E,GT,Three-Unit Residential,three_unit,none,P,by_right,0,,read,,https://ecode360.com/45476524,2026-09-26
GT-E,GOLDEN TRIANGLE DISTRICT E,GT,Multi-Unit Residential,multi_unit,apartments,P,by_right,0,§ 911.04A.85,read,>=4 units triggers Site Plan Review (§922.04) and RCO Development Activities Meeting if a hearing is needed,https://ecode360.com/45476524,2026-09-26
GT-E,GOLDEN TRIANGLE DISTRICT E,GT,Assisted Living Class A,assisted_living_a,none,P,by_right,0,§ 911.04A.66,read,,https://ecode360.com/45476524,2026-09-26
GT-E,GOLDEN TRIANGLE DISTRICT E,GT,Assisted Living Class B,assisted_living_b,none,P,by_right,0,§ 911.04A.66,read,,https://ecode360.com/45476524,2026-09-26
GT-E,GOLDEN TRIANGLE DISTRICT E,GT,Assisted Living Class C,assisted_living_c,none,P,by_right,0,§ 911.04A.66,read,,https://ecode360.com/45476524,2026-09-26
GT-E,GOLDEN TRIANGLE DISTRICT E,GT,Community Home,community_home,none,S,zbe_special_exception,2,§ 911.04A.84,read,,https://ecode360.com/45476524,2026-09-26
GT-E,GOLDEN TRIANGLE DISTRICT E,GT,Housing for the Elderly (Limited),elderly_limited,senior,A,za,1,§ 911.04A.35,read,,https://ecode360.com/45476524,2026-09-26
GT-E,GOLDEN TRIANGLE DISTRICT E,GT,Housing for the Elderly (General),elderly_general,senior,,not_permitted,4,§ 911.04A.35,read,,https://ecode360.com/45476524,2026-09-26
GT-E,GOLDEN TRIANGLE DISTRICT E,GT,Interim Housing,interim_housing,none,S,zbe_special_exception,2,,read,,https://ecode360.com/45476524,2026-09-26
GT-E,GOLDEN TRIANGLE DISTRICT E,GT,Multi-Suite Residential (Limited),multi_suite_limited,none,P,by_right,0,§ 911.04A.41,read,,https://ecode360.com/45476524,2026-09-26
GT-E,GOLDEN TRIANGLE DISTRICT E,GT,Multi-Suite Residential (General),multi_suite_general,none,P,by_right,0,§ 911.04A.41,read,,https://ecode360.com/45476524,2026-09-26
GT-E,GOLDEN TRIANGLE DISTRICT E,GT,Personal Care Residence (Large),personal_care_large,none,S,zbe_special_exception,2,§ 911.04A.95A,read,,https://ecode360.com/45476524,2026-09-26
GT-E,GOLDEN TRIANGLE DISTRICT E,GT,Personal Care Residence (Small),personal_care_small,none,A,za,1,§ 911.04A.95B,read,,https://ecode360.com/45476524,2026-09-26
H,HILLSIDE,H,Single-Unit Detached Residential,single_detached,sfd,A,za,1,§ 911.04A.69,read,any construction in H also triggers Site Plan Review,https://ecode360.com/45476524,2026-09-26
H,HILLSIDE,H,Single-Unit Attached Residential,single_attached,townhome,S,zbe_special_exception,2,§ 911.04A.69; § 911.04A.69A,read,,https://ecode360.com/45476524,2026-09-26
H,HILLSIDE,H,Two-Unit Residential,two_unit,duplex,,not_permitted,4,,read,,https://ecode360.com/45476524,2026-09-26
H,HILLSIDE,H,Three-Unit Residential,three_unit,none,,not_permitted,4,,read,,https://ecode360.com/45476524,2026-09-26
H,HILLSIDE,H,Multi-Unit Residential,multi_unit,apartments,,not_permitted,4,§ 911.04A.85,read,,https://ecode360.com/45476524,2026-09-26
H,HILLSIDE,H,Assisted Living Class A,assisted_living_a,none,,not_permitted,4,§ 911.04A.66,read,,https://ecode360.com/45476524,2026-09-26
H,HILLSIDE,H,Assisted Living Class B,assisted_living_b,none,,not_permitted,4,§ 911.04A.66,read,,https://ecode360.com/45476524,2026-09-26
H,HILLSIDE,H,Assisted Living Class C,assisted_living_c,none,,not_permitted,4,§ 911.04A.66,read,,https://ecode360.com/45476524,2026-09-26
H,HILLSIDE,H,Community Home,community_home,none,S,zbe_special_exception,2,§ 911.04A.84,read,,https://ecode360.com/45476524,2026-09-26
H,HILLSIDE,H,Housing for the Elderly (Limited),elderly_limited,senior,,not_permitted,4,§ 911.04A.35,read,,https://ecode360.com/45476524,2026-09-26
H,HILLSIDE,H,Housing for the Elderly (General),elderly_general,senior,,not_permitted,4,§ 911.04A.35,read,,https://ecode360.com/45476524,2026-09-26
H,HILLSIDE,H,Interim Housing,interim_housing,none,,not_permitted,4,,read,,https://ecode360.com/45476524,2026-09-26
H,HILLSIDE,H,Multi-Suite Residential (Limited),multi_suite_limited,none,,not_permitted,4,§ 911.04A.41,read,,https://ecode360.com/45476524,2026-09-26
H,HILLSIDE,H,Multi-Suite Residential (General),multi_suite_general,none,,not_permitted,4,§ 911.04A.41,read,,https://ecode360.com/45476524,2026-09-26
H,HILLSIDE,H,Personal Care Residence (Large),personal_care_large,none,,not_permitted,4,§ 911.04A.95A,read,,https://ecode360.com/45476524,2026-09-26
H,HILLSIDE,H,Personal Care Residence (Small),personal_care_small,none,A,za,1,§ 911.04A.95B,read,,https://ecode360.com/45476524,2026-09-26
HC,HIGHWAY COMMERCIAL,HC,Single-Unit Detached Residential,single_detached,sfd,,not_permitted,4,§ 911.04A.69,read,,https://ecode360.com/45476524,2026-09-26
HC,HIGHWAY COMMERCIAL,HC,Single-Unit Attached Residential,single_attached,townhome,,not_permitted,4,§ 911.04A.69; § 911.04A.69A,read,,https://ecode360.com/45476524,2026-09-26
HC,HIGHWAY COMMERCIAL,HC,Two-Unit Residential,two_unit,duplex,,not_permitted,4,,read,,https://ecode360.com/45476524,2026-09-26
HC,HIGHWAY COMMERCIAL,HC,Three-Unit Residential,three_unit,none,,not_permitted,4,,read,,https://ecode360.com/45476524,2026-09-26
HC,HIGHWAY COMMERCIAL,HC,Multi-Unit Residential,multi_unit,apartments,,not_permitted,4,§ 911.04A.85,read,,https://ecode360.com/45476524,2026-09-26
HC,HIGHWAY COMMERCIAL,HC,Assisted Living Class A,assisted_living_a,none,P,by_right,0,§ 911.04A.66,read,,https://ecode360.com/45476524,2026-09-26
HC,HIGHWAY COMMERCIAL,HC,Assisted Living Class B,assisted_living_b,none,P,by_right,0,§ 911.04A.66,read,,https://ecode360.com/45476524,2026-09-26
HC,HIGHWAY COMMERCIAL,HC,Assisted Living Class C,assisted_living_c,none,,not_permitted,4,§ 911.04A.66,read,,https://ecode360.com/45476524,2026-09-26
HC,HIGHWAY COMMERCIAL,HC,Community Home,community_home,none,S,zbe_special_exception,2,§ 911.04A.84,read,,https://ecode360.com/45476524,2026-09-26
HC,HIGHWAY COMMERCIAL,HC,Housing for the Elderly (Limited),elderly_limited,senior,A,za,1,§ 911.04A.35,read,,https://ecode360.com/45476524,2026-09-26
HC,HIGHWAY COMMERCIAL,HC,Housing for the Elderly (General),elderly_general,senior,S,zbe_special_exception,2,§ 911.04A.35,read,,https://ecode360.com/45476524,2026-09-26
HC,HIGHWAY COMMERCIAL,HC,Interim Housing,interim_housing,none,S,zbe_special_exception,2,,read,,https://ecode360.com/45476524,2026-09-26
HC,HIGHWAY COMMERCIAL,HC,Multi-Suite Residential (Limited),multi_suite_limited,none,,not_permitted,4,§ 911.04A.41,read,,https://ecode360.com/45476524,2026-09-26
HC,HIGHWAY COMMERCIAL,HC,Multi-Suite Residential (General),multi_suite_general,none,,not_permitted,4,§ 911.04A.41,read,,https://ecode360.com/45476524,2026-09-26
HC,HIGHWAY COMMERCIAL,HC,Personal Care Residence (Large),personal_care_large,none,S,zbe_special_exception,2,§ 911.04A.95A,read,,https://ecode360.com/45476524,2026-09-26
HC,HIGHWAY COMMERCIAL,HC,Personal Care Residence (Small),personal_care_small,none,A,za,1,§ 911.04A.95B,read,,https://ecode360.com/45476524,2026-09-26
LNC,LOCAL NEIGHBORHOOD COMMERCIAL,LNC,Single-Unit Detached Residential,single_detached,sfd,P,by_right,0,§ 911.04A.69,read,,https://ecode360.com/45476524,2026-09-26
LNC,LOCAL NEIGHBORHOOD COMMERCIAL,LNC,Single-Unit Attached Residential,single_attached,townhome,P,by_right,0,§ 911.04A.69; § 911.04A.69A,read,,https://ecode360.com/45476524,2026-09-26
LNC,LOCAL NEIGHBORHOOD COMMERCIAL,LNC,Two-Unit Residential,two_unit,duplex,P,by_right,0,,read,,https://ecode360.com/45476524,2026-09-26
LNC,LOCAL NEIGHBORHOOD COMMERCIAL,LNC,Three-Unit Residential,three_unit,none,P,by_right,0,,read,,https://ecode360.com/45476524,2026-09-26
LNC,LOCAL NEIGHBORHOOD COMMERCIAL,LNC,Multi-Unit Residential,multi_unit,apartments,P,by_right,0,§ 911.04A.85,read,>=4 units triggers Site Plan Review (§922.04) and RCO Development Activities Meeting if a hearing is needed,https://ecode360.com/45476524,2026-09-26
LNC,LOCAL NEIGHBORHOOD COMMERCIAL,LNC,Assisted Living Class A,assisted_living_a,none,A,za,1,§ 911.04A.66,read,,https://ecode360.com/45476524,2026-09-26
LNC,LOCAL NEIGHBORHOOD COMMERCIAL,LNC,Assisted Living Class B,assisted_living_b,none,S,zbe_special_exception,2,§ 911.04A.66,read,,https://ecode360.com/45476524,2026-09-26
LNC,LOCAL NEIGHBORHOOD COMMERCIAL,LNC,Assisted Living Class C,assisted_living_c,none,S,zbe_special_exception,2,§ 911.04A.66,read,,https://ecode360.com/45476524,2026-09-26
LNC,LOCAL NEIGHBORHOOD COMMERCIAL,LNC,Community Home,community_home,none,S,zbe_special_exception,2,§ 911.04A.84,read,,https://ecode360.com/45476524,2026-09-26
LNC,LOCAL NEIGHBORHOOD COMMERCIAL,LNC,Housing for the Elderly (Limited),elderly_limited,senior,A,za,1,§ 911.04A.35,read,,https://ecode360.com/45476524,2026-09-26
LNC,LOCAL NEIGHBORHOOD COMMERCIAL,LNC,Housing for the Elderly (General),elderly_general,senior,S,zbe_special_exception,2,§ 911.04A.35,read,,https://ecode360.com/45476524,2026-09-26
LNC,LOCAL NEIGHBORHOOD COMMERCIAL,LNC,Interim Housing,interim_housing,none,S,zbe_special_exception,2,,read,,https://ecode360.com/45476524,2026-09-26
LNC,LOCAL NEIGHBORHOOD COMMERCIAL,LNC,Multi-Suite Residential (Limited),multi_suite_limited,none,A,za,1,§ 911.04A.41,read,,https://ecode360.com/45476524,2026-09-26
LNC,LOCAL NEIGHBORHOOD COMMERCIAL,LNC,Multi-Suite Residential (General),multi_suite_general,none,S,zbe_special_exception,2,§ 911.04A.41,read,,https://ecode360.com/45476524,2026-09-26
LNC,LOCAL NEIGHBORHOOD COMMERCIAL,LNC,Personal Care Residence (Large),personal_care_large,none,S,zbe_special_exception,2,§ 911.04A.95A,read,,https://ecode360.com/45476524,2026-09-26
LNC,LOCAL NEIGHBORHOOD COMMERCIAL,LNC,Personal Care Residence (Small),personal_care_small,none,A,za,1,§ 911.04A.95B,read,,https://ecode360.com/45476524,2026-09-26
MTOBOR,MOUNT OLIVER BOROUGH,,Single-Unit Detached Residential,single_detached,sfd,,not_city_jurisdiction,,n/a,read_ecode360,Mount Oliver Borough is a separate municipality (enclave); City of Pittsburgh Title Nine does not apply. Borough zoning not researched.,https://ecode360.com/PI6865,2026-09-26
MTOBOR,MOUNT OLIVER BOROUGH,,Single-Unit Attached Residential,single_attached,townhome,,not_city_jurisdiction,,n/a,read_ecode360,Mount Oliver Borough is a separate municipality (enclave); City of Pittsburgh Title Nine does not apply. Borough zoning not researched.,https://ecode360.com/PI6865,2026-09-26
MTOBOR,MOUNT OLIVER BOROUGH,,Two-Unit Residential,two_unit,duplex,,not_city_jurisdiction,,n/a,read_ecode360,Mount Oliver Borough is a separate municipality (enclave); City of Pittsburgh Title Nine does not apply. Borough zoning not researched.,https://ecode360.com/PI6865,2026-09-26
MTOBOR,MOUNT OLIVER BOROUGH,,Three-Unit Residential,three_unit,none,,not_city_jurisdiction,,n/a,read_ecode360,Mount Oliver Borough is a separate municipality (enclave); City of Pittsburgh Title Nine does not apply. Borough zoning not researched.,https://ecode360.com/PI6865,2026-09-26
MTOBOR,MOUNT OLIVER BOROUGH,,Multi-Unit Residential,multi_unit,apartments,,not_city_jurisdiction,,n/a,read_ecode360,Mount Oliver Borough is a separate municipality (enclave); City of Pittsburgh Title Nine does not apply. Borough zoning not researched.,https://ecode360.com/PI6865,2026-09-26
MTOBOR,MOUNT OLIVER BOROUGH,,Assisted Living Class A,assisted_living_a,none,,not_city_jurisdiction,,n/a,read_ecode360,Mount Oliver Borough is a separate municipality (enclave); City of Pittsburgh Title Nine does not apply. Borough zoning not researched.,https://ecode360.com/PI6865,2026-09-26
MTOBOR,MOUNT OLIVER BOROUGH,,Assisted Living Class B,assisted_living_b,none,,not_city_jurisdiction,,n/a,read_ecode360,Mount Oliver Borough is a separate municipality (enclave); City of Pittsburgh Title Nine does not apply. Borough zoning not researched.,https://ecode360.com/PI6865,2026-09-26
MTOBOR,MOUNT OLIVER BOROUGH,,Assisted Living Class C,assisted_living_c,none,,not_city_jurisdiction,,n/a,read_ecode360,Mount Oliver Borough is a separate municipality (enclave); City of Pittsburgh Title Nine does not apply. Borough zoning not researched.,https://ecode360.com/PI6865,2026-09-26
MTOBOR,MOUNT OLIVER BOROUGH,,Community Home,community_home,none,,not_city_jurisdiction,,n/a,read_ecode360,Mount Oliver Borough is a separate municipality (enclave); City of Pittsburgh Title Nine does not apply. Borough zoning not researched.,https://ecode360.com/PI6865,2026-09-26
MTOBOR,MOUNT OLIVER BOROUGH,,Housing for the Elderly (Limited),elderly_limited,senior,,not_city_jurisdiction,,n/a,read_ecode360,Mount Oliver Borough is a separate municipality (enclave); City of Pittsburgh Title Nine does not apply. Borough zoning not researched.,https://ecode360.com/PI6865,2026-09-26
MTOBOR,MOUNT OLIVER BOROUGH,,Housing for the Elderly (General),elderly_general,senior,,not_city_jurisdiction,,n/a,read_ecode360,Mount Oliver Borough is a separate municipality (enclave); City of Pittsburgh Title Nine does not apply. Borough zoning not researched.,https://ecode360.com/PI6865,2026-09-26
MTOBOR,MOUNT OLIVER BOROUGH,,Interim Housing,interim_housing,none,,unknown,,,not_in_911_02,District not in §911.02 table (SP/PUD/public-realm/non-City); see special-district-residential-permissions.csv,https://ecode360.com/45476524,2026-09-26
MTOBOR,MOUNT OLIVER BOROUGH,,Multi-Suite Residential (Limited),multi_suite_limited,none,,not_city_jurisdiction,,n/a,read_ecode360,Mount Oliver Borough is a separate municipality (enclave); City of Pittsburgh Title Nine does not apply. Borough zoning not researched.,https://ecode360.com/PI6865,2026-09-26
MTOBOR,MOUNT OLIVER BOROUGH,,Multi-Suite Residential (General),multi_suite_general,none,,not_city_jurisdiction,,n/a,read_ecode360,Mount Oliver Borough is a separate municipality (enclave); City of Pittsburgh Title Nine does not apply. Borough zoning not researched.,https://ecode360.com/PI6865,2026-09-26
MTOBOR,MOUNT OLIVER BOROUGH,,Personal Care Residence (Large),personal_care_large,none,,not_city_jurisdiction,,n/a,read_ecode360,Mount Oliver Borough is a separate municipality (enclave); City of Pittsburgh Title Nine does not apply. Borough zoning not researched.,https://ecode360.com/PI6865,2026-09-26
MTOBOR,MOUNT OLIVER BOROUGH,,Personal Care Residence (Small),personal_care_small,none,,not_city_jurisdiction,,n/a,read_ecode360,Mount Oliver Borough is a separate municipality (enclave); City of Pittsburgh Title Nine does not apply. Borough zoning not researched.,https://ecode360.com/PI6865,2026-09-26
NDI,NEIGHBORHOOD INDUSTRIAL,NDI,Single-Unit Detached Residential,single_detached,sfd,P,by_right,0,§ 911.04A.69,read,,https://ecode360.com/45476524,2026-09-26
NDI,NEIGHBORHOOD INDUSTRIAL,NDI,Single-Unit Attached Residential,single_attached,townhome,P,by_right,0,§ 911.04A.69; § 911.04A.69A,read,,https://ecode360.com/45476524,2026-09-26
NDI,NEIGHBORHOOD INDUSTRIAL,NDI,Two-Unit Residential,two_unit,duplex,P,by_right,0,,read,,https://ecode360.com/45476524,2026-09-26
NDI,NEIGHBORHOOD INDUSTRIAL,NDI,Three-Unit Residential,three_unit,none,P,by_right,0,,read,,https://ecode360.com/45476524,2026-09-26
NDI,NEIGHBORHOOD INDUSTRIAL,NDI,Multi-Unit Residential,multi_unit,apartments,P,by_right,0,§ 911.04A.85,read,>=4 units triggers Site Plan Review (§922.04) and RCO Development Activities Meeting if a hearing is needed,https://ecode360.com/45476524,2026-09-26
NDI,NEIGHBORHOOD INDUSTRIAL,NDI,Assisted Living Class A,assisted_living_a,none,A,za,1,§ 911.04A.66,read,,https://ecode360.com/45476524,2026-09-26
NDI,NEIGHBORHOOD INDUSTRIAL,NDI,Assisted Living Class B,assisted_living_b,none,S,zbe_special_exception,2,§ 911.04A.66,read,,https://ecode360.com/45476524,2026-09-26
NDI,NEIGHBORHOOD INDUSTRIAL,NDI,Assisted Living Class C,assisted_living_c,none,S,zbe_special_exception,2,§ 911.04A.66,read,,https://ecode360.com/45476524,2026-09-26
NDI,NEIGHBORHOOD INDUSTRIAL,NDI,Community Home,community_home,none,S,zbe_special_exception,2,§ 911.04A.84,read,,https://ecode360.com/45476524,2026-09-26
NDI,NEIGHBORHOOD INDUSTRIAL,NDI,Housing for the Elderly (Limited),elderly_limited,senior,A,za,1,§ 911.04A.35,read,,https://ecode360.com/45476524,2026-09-26
NDI,NEIGHBORHOOD INDUSTRIAL,NDI,Housing for the Elderly (General),elderly_general,senior,S,zbe_special_exception,2,§ 911.04A.35,read,,https://ecode360.com/45476524,2026-09-26
NDI,NEIGHBORHOOD INDUSTRIAL,NDI,Interim Housing,interim_housing,none,S,zbe_special_exception,2,,read,,https://ecode360.com/45476524,2026-09-26
NDI,NEIGHBORHOOD INDUSTRIAL,NDI,Multi-Suite Residential (Limited),multi_suite_limited,none,P,by_right,0,§ 911.04A.41,read,,https://ecode360.com/45476524,2026-09-26
NDI,NEIGHBORHOOD INDUSTRIAL,NDI,Multi-Suite Residential (General),multi_suite_general,none,A,za,1,§ 911.04A.41,read,,https://ecode360.com/45476524,2026-09-26
NDI,NEIGHBORHOOD INDUSTRIAL,NDI,Personal Care Residence (Large),personal_care_large,none,S,zbe_special_exception,2,§ 911.04A.95A,read,,https://ecode360.com/45476524,2026-09-26
NDI,NEIGHBORHOOD INDUSTRIAL,NDI,Personal Care Residence (Small),personal_care_small,none,A,za,1,§ 911.04A.95B,read,,https://ecode360.com/45476524,2026-09-26
NDO,NEIGHBORHOOD OFFICE,NDO,Single-Unit Detached Residential,single_detached,sfd,P,by_right,0,§ 911.04A.69,read,,https://ecode360.com/45476524,2026-09-26
NDO,NEIGHBORHOOD OFFICE,NDO,Single-Unit Attached Residential,single_attached,townhome,P,by_right,0,§ 911.04A.69; § 911.04A.69A,read,,https://ecode360.com/45476524,2026-09-26
NDO,NEIGHBORHOOD OFFICE,NDO,Two-Unit Residential,two_unit,duplex,P,by_right,0,,read,,https://ecode360.com/45476524,2026-09-26
NDO,NEIGHBORHOOD OFFICE,NDO,Three-Unit Residential,three_unit,none,P,by_right,0,,read,,https://ecode360.com/45476524,2026-09-26
NDO,NEIGHBORHOOD OFFICE,NDO,Multi-Unit Residential,multi_unit,apartments,P,by_right,0,§ 911.04A.85,read,>=4 units triggers Site Plan Review (§922.04) and RCO Development Activities Meeting if a hearing is needed,https://ecode360.com/45476524,2026-09-26
NDO,NEIGHBORHOOD OFFICE,NDO,Assisted Living Class A,assisted_living_a,none,A,za,1,§ 911.04A.66,read,,https://ecode360.com/45476524,2026-09-26
NDO,NEIGHBORHOOD OFFICE,NDO,Assisted Living Class B,assisted_living_b,none,S,zbe_special_exception,2,§ 911.04A.66,read,,https://ecode360.com/45476524,2026-09-26
NDO,NEIGHBORHOOD OFFICE,NDO,Assisted Living Class C,assisted_living_c,none,S,zbe_special_exception,2,§ 911.04A.66,read,,https://ecode360.com/45476524,2026-09-26
NDO,NEIGHBORHOOD OFFICE,NDO,Community Home,community_home,none,S,zbe_special_exception,2,§ 911.04A.84,read,,https://ecode360.com/45476524,2026-09-26
NDO,NEIGHBORHOOD OFFICE,NDO,Housing for the Elderly (Limited),elderly_limited,senior,A,za,1,§ 911.04A.35,read,,https://ecode360.com/45476524,2026-09-26
NDO,NEIGHBORHOOD OFFICE,NDO,Housing for the Elderly (General),elderly_general,senior,A,za,1,§ 911.04A.35,read,,https://ecode360.com/45476524,2026-09-26
NDO,NEIGHBORHOOD OFFICE,NDO,Interim Housing,interim_housing,none,,not_permitted,4,,read,,https://ecode360.com/45476524,2026-09-26
NDO,NEIGHBORHOOD OFFICE,NDO,Multi-Suite Residential (Limited),multi_suite_limited,none,,not_permitted,4,§ 911.04A.41,read,,https://ecode360.com/45476524,2026-09-26
NDO,NEIGHBORHOOD OFFICE,NDO,Multi-Suite Residential (General),multi_suite_general,none,,not_permitted,4,§ 911.04A.41,read,,https://ecode360.com/45476524,2026-09-26
NDO,NEIGHBORHOOD OFFICE,NDO,Personal Care Residence (Large),personal_care_large,none,S,zbe_special_exception,2,§ 911.04A.95A,read,,https://ecode360.com/45476524,2026-09-26
NDO,NEIGHBORHOOD OFFICE,NDO,Personal Care Residence (Small),personal_care_small,none,A,za,1,§ 911.04A.95B,read,,https://ecode360.com/45476524,2026-09-26
P,PARKS AND OPEN SPACE,P,Single-Unit Detached Residential,single_detached,sfd,P,by_right,0,§ 911.04A.69,read,,https://ecode360.com/45476524,2026-09-26
P,PARKS AND OPEN SPACE,P,Single-Unit Attached Residential,single_attached,townhome,,not_permitted,4,§ 911.04A.69; § 911.04A.69A,read,,https://ecode360.com/45476524,2026-09-26
P,PARKS AND OPEN SPACE,P,Two-Unit Residential,two_unit,duplex,,not_permitted,4,,read,,https://ecode360.com/45476524,2026-09-26
P,PARKS AND OPEN SPACE,P,Three-Unit Residential,three_unit,none,,not_permitted,4,,read,,https://ecode360.com/45476524,2026-09-26
P,PARKS AND OPEN SPACE,P,Multi-Unit Residential,multi_unit,apartments,,not_permitted,4,§ 911.04A.85,read,,https://ecode360.com/45476524,2026-09-26
P,PARKS AND OPEN SPACE,P,Assisted Living Class A,assisted_living_a,none,,not_permitted,4,§ 911.04A.66,read,,https://ecode360.com/45476524,2026-09-26
P,PARKS AND OPEN SPACE,P,Assisted Living Class B,assisted_living_b,none,,not_permitted,4,§ 911.04A.66,read,,https://ecode360.com/45476524,2026-09-26
P,PARKS AND OPEN SPACE,P,Assisted Living Class C,assisted_living_c,none,,not_permitted,4,§ 911.04A.66,read,,https://ecode360.com/45476524,2026-09-26
P,PARKS AND OPEN SPACE,P,Community Home,community_home,none,,not_permitted,4,§ 911.04A.84,read,,https://ecode360.com/45476524,2026-09-26
P,PARKS AND OPEN SPACE,P,Housing for the Elderly (Limited),elderly_limited,senior,,not_permitted,4,§ 911.04A.35,read,,https://ecode360.com/45476524,2026-09-26
P,PARKS AND OPEN SPACE,P,Housing for the Elderly (General),elderly_general,senior,,not_permitted,4,§ 911.04A.35,read,,https://ecode360.com/45476524,2026-09-26
P,PARKS AND OPEN SPACE,P,Interim Housing,interim_housing,none,,not_permitted,4,,read,,https://ecode360.com/45476524,2026-09-26
P,PARKS AND OPEN SPACE,P,Multi-Suite Residential (Limited),multi_suite_limited,none,,not_permitted,4,§ 911.04A.41,read,,https://ecode360.com/45476524,2026-09-26
P,PARKS AND OPEN SPACE,P,Multi-Suite Residential (General),multi_suite_general,none,,not_permitted,4,§ 911.04A.41,read,,https://ecode360.com/45476524,2026-09-26
P,PARKS AND OPEN SPACE,P,Personal Care Residence (Large),personal_care_large,none,,not_permitted,4,§ 911.04A.95A,read,,https://ecode360.com/45476524,2026-09-26
P,PARKS AND OPEN SPACE,P,Personal Care Residence (Small),personal_care_small,none,,not_permitted,4,§ 911.04A.95B,read,,https://ecode360.com/45476524,2026-09-26
R-MU,RESIDENTIAL MIXED USE,R-MU,Single-Unit Detached Residential,single_detached,sfd,P,by_right,0,§ 911.04A.69,read,,https://ecode360.com/45476524,2026-09-26
R-MU,RESIDENTIAL MIXED USE,R-MU,Single-Unit Attached Residential,single_attached,townhome,P,by_right,0,§ 911.04A.69; § 911.04A.69A,read,,https://ecode360.com/45476524,2026-09-26
R-MU,RESIDENTIAL MIXED USE,R-MU,Two-Unit Residential,two_unit,duplex,P,by_right,0,,read,,https://ecode360.com/45476524,2026-09-26
R-MU,RESIDENTIAL MIXED USE,R-MU,Three-Unit Residential,three_unit,none,P,by_right,0,,read,,https://ecode360.com/45476524,2026-09-26
R-MU,RESIDENTIAL MIXED USE,R-MU,Multi-Unit Residential,multi_unit,apartments,P,by_right,0,§ 911.04A.85,read,>=4 units triggers Site Plan Review (§922.04) and RCO Development Activities Meeting if a hearing is needed,https://ecode360.com/45476524,2026-09-26
R-MU,RESIDENTIAL MIXED USE,R-MU,Assisted Living Class A,assisted_living_a,none,A,za,1,§ 911.04A.66,read,,https://ecode360.com/45476524,2026-09-26
R-MU,RESIDENTIAL MIXED USE,R-MU,Assisted Living Class B,assisted_living_b,none,S,zbe_special_exception,2,§ 911.04A.66,read,,https://ecode360.com/45476524,2026-09-26
R-MU,RESIDENTIAL MIXED USE,R-MU,Assisted Living Class C,assisted_living_c,none,S,zbe_special_exception,2,§ 911.04A.66,read,,https://ecode360.com/45476524,2026-09-26
R-MU,RESIDENTIAL MIXED USE,R-MU,Community Home,community_home,none,S,zbe_special_exception,2,§ 911.04A.84,read,,https://ecode360.com/45476524,2026-09-26
R-MU,RESIDENTIAL MIXED USE,R-MU,Housing for the Elderly (Limited),elderly_limited,senior,A,za,1,§ 911.04A.35,read,,https://ecode360.com/45476524,2026-09-26
R-MU,RESIDENTIAL MIXED USE,R-MU,Housing for the Elderly (General),elderly_general,senior,S,zbe_special_exception,2,§ 911.04A.35,read,,https://ecode360.com/45476524,2026-09-26
R-MU,RESIDENTIAL MIXED USE,R-MU,Interim Housing,interim_housing,none,S,zbe_special_exception,2,,read,,https://ecode360.com/45476524,2026-09-26
R-MU,RESIDENTIAL MIXED USE,R-MU,Multi-Suite Residential (Limited),multi_suite_limited,none,P,by_right,0,§ 911.04A.41,read,,https://ecode360.com/45476524,2026-09-26
R-MU,RESIDENTIAL MIXED USE,R-MU,Multi-Suite Residential (General),multi_suite_general,none,P,by_right,0,§ 911.04A.41,read,,https://ecode360.com/45476524,2026-09-26
R-MU,RESIDENTIAL MIXED USE,R-MU,Personal Care Residence (Large),personal_care_large,none,S,zbe_special_exception,2,§ 911.04A.95A,read,,https://ecode360.com/45476524,2026-09-26
R-MU,RESIDENTIAL MIXED USE,R-MU,Personal Care Residence (Small),personal_care_small,none,A,za,1,§ 911.04A.95B,read,,https://ecode360.com/45476524,2026-09-26
R1A-H,SINGLE-UNIT ATTACHED RESIDENTIAL HIGH DENSITY,R1A,Single-Unit Detached Residential,single_detached,sfd,P,by_right,0,§ 911.04A.69,read,,https://ecode360.com/45476524,2026-09-26
R1A-H,SINGLE-UNIT ATTACHED RESIDENTIAL HIGH DENSITY,R1A,Single-Unit Attached Residential,single_attached,townhome,P,by_right,0,§ 911.04A.69; § 911.04A.69A,read,,https://ecode360.com/45476524,2026-09-26
R1A-H,SINGLE-UNIT ATTACHED RESIDENTIAL HIGH DENSITY,R1A,Two-Unit Residential,two_unit,duplex,,not_permitted,4,,read,,https://ecode360.com/45476524,2026-09-26
R1A-H,SINGLE-UNIT ATTACHED RESIDENTIAL HIGH DENSITY,R1A,Three-Unit Residential,three_unit,none,,not_permitted,4,,read,,https://ecode360.com/45476524,2026-09-26
R1A-H,SINGLE-UNIT ATTACHED RESIDENTIAL HIGH DENSITY,R1A,Multi-Unit Residential,multi_unit,apartments,,not_permitted,4,§ 911.04A.85,read,,https://ecode360.com/45476524,2026-09-26
R1A-H,SINGLE-UNIT ATTACHED RESIDENTIAL HIGH DENSITY,R1A,Assisted Living Class A,assisted_living_a,none,,not_permitted,4,§ 911.04A.66,read,,https://ecode360.com/45476524,2026-09-26
R1A-H,SINGLE-UNIT ATTACHED RESIDENTIAL HIGH DENSITY,R1A,Assisted Living Class B,assisted_living_b,none,,not_permitted,4,§ 911.04A.66,read,,https://ecode360.com/45476524,2026-09-26
R1A-H,SINGLE-UNIT ATTACHED RESIDENTIAL HIGH DENSITY,R1A,Assisted Living Class C,assisted_living_c,none,,not_permitted,4,§ 911.04A.66,read,,https://ecode360.com/45476524,2026-09-26
R1A-H,SINGLE-UNIT ATTACHED RESIDENTIAL HIGH DENSITY,R1A,Community Home,community_home,none,S,zbe_special_exception,2,§ 911.04A.84,read,,https://ecode360.com/45476524,2026-09-26
R1A-H,SINGLE-UNIT ATTACHED RESIDENTIAL HIGH DENSITY,R1A,Housing for the Elderly (Limited),elderly_limited,senior,S,zbe_special_exception,2,§ 911.04A.35,read,,https://ecode360.com/45476524,2026-09-26
R1A-H,SINGLE-UNIT ATTACHED RESIDENTIAL HIGH DENSITY,R1A,Housing for the Elderly (General),elderly_general,senior,,not_permitted,4,§ 911.04A.35,read,,https://ecode360.com/45476524,2026-09-26
R1A-H,SINGLE-UNIT ATTACHED RESIDENTIAL HIGH DENSITY,R1A,Interim Housing,interim_housing,none,,not_permitted,4,,read,,https://ecode360.com/45476524,2026-09-26
R1A-H,SINGLE-UNIT ATTACHED RESIDENTIAL HIGH DENSITY,R1A,Multi-Suite Residential (Limited),multi_suite_limited,none,,not_permitted,4,§ 911.04A.41,read,,https://ecode360.com/45476524,2026-09-26
R1A-H,SINGLE-UNIT ATTACHED RESIDENTIAL HIGH DENSITY,R1A,Multi-Suite Residential (General),multi_suite_general,none,,not_permitted,4,§ 911.04A.41,read,,https://ecode360.com/45476524,2026-09-26
R1A-H,SINGLE-UNIT ATTACHED RESIDENTIAL HIGH DENSITY,R1A,Personal Care Residence (Large),personal_care_large,none,,not_permitted,4,§ 911.04A.95A,read,,https://ecode360.com/45476524,2026-09-26
R1A-H,SINGLE-UNIT ATTACHED RESIDENTIAL HIGH DENSITY,R1A,Personal Care Residence (Small),personal_care_small,none,A,za,1,§ 911.04A.95B,read,,https://ecode360.com/45476524,2026-09-26
R1A-M,SINGLE-UNIT ATTACHED RESIDENTIAL MODERATE DENSITY,R1A,Single-Unit Detached Residential,single_detached,sfd,P,by_right,0,§ 911.04A.69,read,,https://ecode360.com/45476524,2026-09-26
R1A-M,SINGLE-UNIT ATTACHED RESIDENTIAL MODERATE DENSITY,R1A,Single-Unit Attached Residential,single_attached,townhome,P,by_right,0,§ 911.04A.69; § 911.04A.69A,read,,https://ecode360.com/45476524,2026-09-26
R1A-M,SINGLE-UNIT ATTACHED RESIDENTIAL MODERATE DENSITY,R1A,Two-Unit Residential,two_unit,duplex,,not_permitted,4,,read,,https://ecode360.com/45476524,2026-09-26
R1A-M,SINGLE-UNIT ATTACHED RESIDENTIAL MODERATE DENSITY,R1A,Three-Unit Residential,three_unit,none,,not_permitted,4,,read,,https://ecode360.com/45476524,2026-09-26
R1A-M,SINGLE-UNIT ATTACHED RESIDENTIAL MODERATE DENSITY,R1A,Multi-Unit Residential,multi_unit,apartments,,not_permitted,4,§ 911.04A.85,read,,https://ecode360.com/45476524,2026-09-26
R1A-M,SINGLE-UNIT ATTACHED RESIDENTIAL MODERATE DENSITY,R1A,Assisted Living Class A,assisted_living_a,none,,not_permitted,4,§ 911.04A.66,read,,https://ecode360.com/45476524,2026-09-26
R1A-M,SINGLE-UNIT ATTACHED RESIDENTIAL MODERATE DENSITY,R1A,Assisted Living Class B,assisted_living_b,none,,not_permitted,4,§ 911.04A.66,read,,https://ecode360.com/45476524,2026-09-26
R1A-M,SINGLE-UNIT ATTACHED RESIDENTIAL MODERATE DENSITY,R1A,Assisted Living Class C,assisted_living_c,none,,not_permitted,4,§ 911.04A.66,read,,https://ecode360.com/45476524,2026-09-26
R1A-M,SINGLE-UNIT ATTACHED RESIDENTIAL MODERATE DENSITY,R1A,Community Home,community_home,none,S,zbe_special_exception,2,§ 911.04A.84,read,,https://ecode360.com/45476524,2026-09-26
R1A-M,SINGLE-UNIT ATTACHED RESIDENTIAL MODERATE DENSITY,R1A,Housing for the Elderly (Limited),elderly_limited,senior,S,zbe_special_exception,2,§ 911.04A.35,read,,https://ecode360.com/45476524,2026-09-26
R1A-M,SINGLE-UNIT ATTACHED RESIDENTIAL MODERATE DENSITY,R1A,Housing for the Elderly (General),elderly_general,senior,,not_permitted,4,§ 911.04A.35,read,,https://ecode360.com/45476524,2026-09-26
R1A-M,SINGLE-UNIT ATTACHED RESIDENTIAL MODERATE DENSITY,R1A,Interim Housing,interim_housing,none,,not_permitted,4,,read,,https://ecode360.com/45476524,2026-09-26
R1A-M,SINGLE-UNIT ATTACHED RESIDENTIAL MODERATE DENSITY,R1A,Multi-Suite Residential (Limited),multi_suite_limited,none,,not_permitted,4,§ 911.04A.41,read,,https://ecode360.com/45476524,2026-09-26
R1A-M,SINGLE-UNIT ATTACHED RESIDENTIAL MODERATE DENSITY,R1A,Multi-Suite Residential (General),multi_suite_general,none,,not_permitted,4,§ 911.04A.41,read,,https://ecode360.com/45476524,2026-09-26
R1A-M,SINGLE-UNIT ATTACHED RESIDENTIAL MODERATE DENSITY,R1A,Personal Care Residence (Large),personal_care_large,none,,not_permitted,4,§ 911.04A.95A,read,,https://ecode360.com/45476524,2026-09-26
R1A-M,SINGLE-UNIT ATTACHED RESIDENTIAL MODERATE DENSITY,R1A,Personal Care Residence (Small),personal_care_small,none,A,za,1,§ 911.04A.95B,read,,https://ecode360.com/45476524,2026-09-26
R1A-VH,SINGLE-UNIT ATTACHED RESIDENTIAL VERY HIGH DENSITY,R1A,Single-Unit Detached Residential,single_detached,sfd,P,by_right,0,§ 911.04A.69,read,,https://ecode360.com/45476524,2026-09-26
R1A-VH,SINGLE-UNIT ATTACHED RESIDENTIAL VERY HIGH DENSITY,R1A,Single-Unit Attached Residential,single_attached,townhome,P,by_right,0,§ 911.04A.69; § 911.04A.69A,read,,https://ecode360.com/45476524,2026-09-26
R1A-VH,SINGLE-UNIT ATTACHED RESIDENTIAL VERY HIGH DENSITY,R1A,Two-Unit Residential,two_unit,duplex,,not_permitted,4,,read,,https://ecode360.com/45476524,2026-09-26
R1A-VH,SINGLE-UNIT ATTACHED RESIDENTIAL VERY HIGH DENSITY,R1A,Three-Unit Residential,three_unit,none,,not_permitted,4,,read,,https://ecode360.com/45476524,2026-09-26
R1A-VH,SINGLE-UNIT ATTACHED RESIDENTIAL VERY HIGH DENSITY,R1A,Multi-Unit Residential,multi_unit,apartments,,not_permitted,4,§ 911.04A.85,read,,https://ecode360.com/45476524,2026-09-26
R1A-VH,SINGLE-UNIT ATTACHED RESIDENTIAL VERY HIGH DENSITY,R1A,Assisted Living Class A,assisted_living_a,none,,not_permitted,4,§ 911.04A.66,read,,https://ecode360.com/45476524,2026-09-26
R1A-VH,SINGLE-UNIT ATTACHED RESIDENTIAL VERY HIGH DENSITY,R1A,Assisted Living Class B,assisted_living_b,none,,not_permitted,4,§ 911.04A.66,read,,https://ecode360.com/45476524,2026-09-26
R1A-VH,SINGLE-UNIT ATTACHED RESIDENTIAL VERY HIGH DENSITY,R1A,Assisted Living Class C,assisted_living_c,none,,not_permitted,4,§ 911.04A.66,read,,https://ecode360.com/45476524,2026-09-26
R1A-VH,SINGLE-UNIT ATTACHED RESIDENTIAL VERY HIGH DENSITY,R1A,Community Home,community_home,none,S,zbe_special_exception,2,§ 911.04A.84,read,,https://ecode360.com/45476524,2026-09-26
R1A-VH,SINGLE-UNIT ATTACHED RESIDENTIAL VERY HIGH DENSITY,R1A,Housing for the Elderly (Limited),elderly_limited,senior,S,zbe_special_exception,2,§ 911.04A.35,read,,https://ecode360.com/45476524,2026-09-26
R1A-VH,SINGLE-UNIT ATTACHED RESIDENTIAL VERY HIGH DENSITY,R1A,Housing for the Elderly (General),elderly_general,senior,,not_permitted,4,§ 911.04A.35,read,,https://ecode360.com/45476524,2026-09-26
R1A-VH,SINGLE-UNIT ATTACHED RESIDENTIAL VERY HIGH DENSITY,R1A,Interim Housing,interim_housing,none,,not_permitted,4,,read,,https://ecode360.com/45476524,2026-09-26
R1A-VH,SINGLE-UNIT ATTACHED RESIDENTIAL VERY HIGH DENSITY,R1A,Multi-Suite Residential (Limited),multi_suite_limited,none,,not_permitted,4,§ 911.04A.41,read,,https://ecode360.com/45476524,2026-09-26
R1A-VH,SINGLE-UNIT ATTACHED RESIDENTIAL VERY HIGH DENSITY,R1A,Multi-Suite Residential (General),multi_suite_general,none,,not_permitted,4,§ 911.04A.41,read,,https://ecode360.com/45476524,2026-09-26
R1A-VH,SINGLE-UNIT ATTACHED RESIDENTIAL VERY HIGH DENSITY,R1A,Personal Care Residence (Large),personal_care_large,none,,not_permitted,4,§ 911.04A.95A,read,,https://ecode360.com/45476524,2026-09-26
R1A-VH,SINGLE-UNIT ATTACHED RESIDENTIAL VERY HIGH DENSITY,R1A,Personal Care Residence (Small),personal_care_small,none,A,za,1,§ 911.04A.95B,read,,https://ecode360.com/45476524,2026-09-26
R1D-H,SINGLE-UNIT DETACHED RESIDENTIAL HIGH DENSITY,R1D,Single-Unit Detached Residential,single_detached,sfd,P,by_right,0,§ 911.04A.69,read,,https://ecode360.com/45476524,2026-09-26
R1D-H,SINGLE-UNIT DETACHED RESIDENTIAL HIGH DENSITY,R1D,Single-Unit Attached Residential,single_attached,townhome,P/S,zbe_special_exception,2,§ 911.04A.69; § 911.04A.69A,read,P/S in R1D: by right or special exception per §911.04A.69A; coded as the more demanding,https://ecode360.com/45476524,2026-09-26
R1D-H,SINGLE-UNIT DETACHED RESIDENTIAL HIGH DENSITY,R1D,Two-Unit Residential,two_unit,duplex,,not_permitted,4,,read,,https://ecode360.com/45476524,2026-09-26
R1D-H,SINGLE-UNIT DETACHED RESIDENTIAL HIGH DENSITY,R1D,Three-Unit Residential,three_unit,none,,not_permitted,4,,read,,https://ecode360.com/45476524,2026-09-26
R1D-H,SINGLE-UNIT DETACHED RESIDENTIAL HIGH DENSITY,R1D,Multi-Unit Residential,multi_unit,apartments,,not_permitted,4,§ 911.04A.85,read,,https://ecode360.com/45476524,2026-09-26
R1D-H,SINGLE-UNIT DETACHED RESIDENTIAL HIGH DENSITY,R1D,Assisted Living Class A,assisted_living_a,none,,not_permitted,4,§ 911.04A.66,read,,https://ecode360.com/45476524,2026-09-26
R1D-H,SINGLE-UNIT DETACHED RESIDENTIAL HIGH DENSITY,R1D,Assisted Living Class B,assisted_living_b,none,,not_permitted,4,§ 911.04A.66,read,,https://ecode360.com/45476524,2026-09-26
R1D-H,SINGLE-UNIT DETACHED RESIDENTIAL HIGH DENSITY,R1D,Assisted Living Class C,assisted_living_c,none,,not_permitted,4,§ 911.04A.66,read,,https://ecode360.com/45476524,2026-09-26
R1D-H,SINGLE-UNIT DETACHED RESIDENTIAL HIGH DENSITY,R1D,Community Home,community_home,none,S,zbe_special_exception,2,§ 911.04A.84,read,,https://ecode360.com/45476524,2026-09-26
R1D-H,SINGLE-UNIT DETACHED RESIDENTIAL HIGH DENSITY,R1D,Housing for the Elderly (Limited),elderly_limited,senior,S,zbe_special_exception,2,§ 911.04A.35,read,,https://ecode360.com/45476524,2026-09-26
R1D-H,SINGLE-UNIT DETACHED RESIDENTIAL HIGH DENSITY,R1D,Housing for the Elderly (General),elderly_general,senior,,not_permitted,4,§ 911.04A.35,read,,https://ecode360.com/45476524,2026-09-26
R1D-H,SINGLE-UNIT DETACHED RESIDENTIAL HIGH DENSITY,R1D,Interim Housing,interim_housing,none,,not_permitted,4,,read,,https://ecode360.com/45476524,2026-09-26
R1D-H,SINGLE-UNIT DETACHED RESIDENTIAL HIGH DENSITY,R1D,Multi-Suite Residential (Limited),multi_suite_limited,none,,not_permitted,4,§ 911.04A.41,read,,https://ecode360.com/45476524,2026-09-26
R1D-H,SINGLE-UNIT DETACHED RESIDENTIAL HIGH DENSITY,R1D,Multi-Suite Residential (General),multi_suite_general,none,,not_permitted,4,§ 911.04A.41,read,,https://ecode360.com/45476524,2026-09-26
R1D-H,SINGLE-UNIT DETACHED RESIDENTIAL HIGH DENSITY,R1D,Personal Care Residence (Large),personal_care_large,none,,not_permitted,4,§ 911.04A.95A,read,,https://ecode360.com/45476524,2026-09-26
R1D-H,SINGLE-UNIT DETACHED RESIDENTIAL HIGH DENSITY,R1D,Personal Care Residence (Small),personal_care_small,none,A,za,1,§ 911.04A.95B,read,,https://ecode360.com/45476524,2026-09-26
R1D-L,SINGLE-UNIT DETACHED RESIDENTIAL LOW DENSITY,R1D,Single-Unit Detached Residential,single_detached,sfd,P,by_right,0,§ 911.04A.69,read,,https://ecode360.com/45476524,2026-09-26
R1D-L,SINGLE-UNIT DETACHED RESIDENTIAL LOW DENSITY,R1D,Single-Unit Attached Residential,single_attached,townhome,P/S,zbe_special_exception,2,§ 911.04A.69; § 911.04A.69A,read,P/S in R1D: by right or special exception per §911.04A.69A; coded as the more demanding,https://ecode360.com/45476524,2026-09-26
R1D-L,SINGLE-UNIT DETACHED RESIDENTIAL LOW DENSITY,R1D,Two-Unit Residential,two_unit,duplex,,not_permitted,4,,read,,https://ecode360.com/45476524,2026-09-26
R1D-L,SINGLE-UNIT DETACHED RESIDENTIAL LOW DENSITY,R1D,Three-Unit Residential,three_unit,none,,not_permitted,4,,read,,https://ecode360.com/45476524,2026-09-26
R1D-L,SINGLE-UNIT DETACHED RESIDENTIAL LOW DENSITY,R1D,Multi-Unit Residential,multi_unit,apartments,,not_permitted,4,§ 911.04A.85,read,,https://ecode360.com/45476524,2026-09-26
R1D-L,SINGLE-UNIT DETACHED RESIDENTIAL LOW DENSITY,R1D,Assisted Living Class A,assisted_living_a,none,,not_permitted,4,§ 911.04A.66,read,,https://ecode360.com/45476524,2026-09-26
R1D-L,SINGLE-UNIT DETACHED RESIDENTIAL LOW DENSITY,R1D,Assisted Living Class B,assisted_living_b,none,,not_permitted,4,§ 911.04A.66,read,,https://ecode360.com/45476524,2026-09-26
R1D-L,SINGLE-UNIT DETACHED RESIDENTIAL LOW DENSITY,R1D,Assisted Living Class C,assisted_living_c,none,,not_permitted,4,§ 911.04A.66,read,,https://ecode360.com/45476524,2026-09-26
R1D-L,SINGLE-UNIT DETACHED RESIDENTIAL LOW DENSITY,R1D,Community Home,community_home,none,S,zbe_special_exception,2,§ 911.04A.84,read,,https://ecode360.com/45476524,2026-09-26
R1D-L,SINGLE-UNIT DETACHED RESIDENTIAL LOW DENSITY,R1D,Housing for the Elderly (Limited),elderly_limited,senior,S,zbe_special_exception,2,§ 911.04A.35,read,,https://ecode360.com/45476524,2026-09-26
R1D-L,SINGLE-UNIT DETACHED RESIDENTIAL LOW DENSITY,R1D,Housing for the Elderly (General),elderly_general,senior,,not_permitted,4,§ 911.04A.35,read,,https://ecode360.com/45476524,2026-09-26
R1D-L,SINGLE-UNIT DETACHED RESIDENTIAL LOW DENSITY,R1D,Interim Housing,interim_housing,none,,not_permitted,4,,read,,https://ecode360.com/45476524,2026-09-26
R1D-L,SINGLE-UNIT DETACHED RESIDENTIAL LOW DENSITY,R1D,Multi-Suite Residential (Limited),multi_suite_limited,none,,not_permitted,4,§ 911.04A.41,read,,https://ecode360.com/45476524,2026-09-26
R1D-L,SINGLE-UNIT DETACHED RESIDENTIAL LOW DENSITY,R1D,Multi-Suite Residential (General),multi_suite_general,none,,not_permitted,4,§ 911.04A.41,read,,https://ecode360.com/45476524,2026-09-26
R1D-L,SINGLE-UNIT DETACHED RESIDENTIAL LOW DENSITY,R1D,Personal Care Residence (Large),personal_care_large,none,,not_permitted,4,§ 911.04A.95A,read,,https://ecode360.com/45476524,2026-09-26
R1D-L,SINGLE-UNIT DETACHED RESIDENTIAL LOW DENSITY,R1D,Personal Care Residence (Small),personal_care_small,none,A,za,1,§ 911.04A.95B,read,,https://ecode360.com/45476524,2026-09-26
R1D-M,SINGLE-UNIT DETACHED RESIDENTIAL MODERATE DENSITY,R1D,Single-Unit Detached Residential,single_detached,sfd,P,by_right,0,§ 911.04A.69,read,,https://ecode360.com/45476524,2026-09-26
R1D-M,SINGLE-UNIT DETACHED RESIDENTIAL MODERATE DENSITY,R1D,Single-Unit Attached Residential,single_attached,townhome,P/S,zbe_special_exception,2,§ 911.04A.69; § 911.04A.69A,read,P/S in R1D: by right or special exception per §911.04A.69A; coded as the more demanding,https://ecode360.com/45476524,2026-09-26
R1D-M,SINGLE-UNIT DETACHED RESIDENTIAL MODERATE DENSITY,R1D,Two-Unit Residential,two_unit,duplex,,not_permitted,4,,read,,https://ecode360.com/45476524,2026-09-26
R1D-M,SINGLE-UNIT DETACHED RESIDENTIAL MODERATE DENSITY,R1D,Three-Unit Residential,three_unit,none,,not_permitted,4,,read,,https://ecode360.com/45476524,2026-09-26
R1D-M,SINGLE-UNIT DETACHED RESIDENTIAL MODERATE DENSITY,R1D,Multi-Unit Residential,multi_unit,apartments,,not_permitted,4,§ 911.04A.85,read,,https://ecode360.com/45476524,2026-09-26
R1D-M,SINGLE-UNIT DETACHED RESIDENTIAL MODERATE DENSITY,R1D,Assisted Living Class A,assisted_living_a,none,,not_permitted,4,§ 911.04A.66,read,,https://ecode360.com/45476524,2026-09-26
R1D-M,SINGLE-UNIT DETACHED RESIDENTIAL MODERATE DENSITY,R1D,Assisted Living Class B,assisted_living_b,none,,not_permitted,4,§ 911.04A.66,read,,https://ecode360.com/45476524,2026-09-26
R1D-M,SINGLE-UNIT DETACHED RESIDENTIAL MODERATE DENSITY,R1D,Assisted Living Class C,assisted_living_c,none,,not_permitted,4,§ 911.04A.66,read,,https://ecode360.com/45476524,2026-09-26
R1D-M,SINGLE-UNIT DETACHED RESIDENTIAL MODERATE DENSITY,R1D,Community Home,community_home,none,S,zbe_special_exception,2,§ 911.04A.84,read,,https://ecode360.com/45476524,2026-09-26
R1D-M,SINGLE-UNIT DETACHED RESIDENTIAL MODERATE DENSITY,R1D,Housing for the Elderly (Limited),elderly_limited,senior,S,zbe_special_exception,2,§ 911.04A.35,read,,https://ecode360.com/45476524,2026-09-26
R1D-M,SINGLE-UNIT DETACHED RESIDENTIAL MODERATE DENSITY,R1D,Housing for the Elderly (General),elderly_general,senior,,not_permitted,4,§ 911.04A.35,read,,https://ecode360.com/45476524,2026-09-26
R1D-M,SINGLE-UNIT DETACHED RESIDENTIAL MODERATE DENSITY,R1D,Interim Housing,interim_housing,none,,not_permitted,4,,read,,https://ecode360.com/45476524,2026-09-26
R1D-M,SINGLE-UNIT DETACHED RESIDENTIAL MODERATE DENSITY,R1D,Multi-Suite Residential (Limited),multi_suite_limited,none,,not_permitted,4,§ 911.04A.41,read,,https://ecode360.com/45476524,2026-09-26
R1D-M,SINGLE-UNIT DETACHED RESIDENTIAL MODERATE DENSITY,R1D,Multi-Suite Residential (General),multi_suite_general,none,,not_permitted,4,§ 911.04A.41,read,,https://ecode360.com/45476524,2026-09-26
R1D-M,SINGLE-UNIT DETACHED RESIDENTIAL MODERATE DENSITY,R1D,Personal Care Residence (Large),personal_care_large,none,,not_permitted,4,§ 911.04A.95A,read,,https://ecode360.com/45476524,2026-09-26
R1D-M,SINGLE-UNIT DETACHED RESIDENTIAL MODERATE DENSITY,R1D,Personal Care Residence (Small),personal_care_small,none,A,za,1,§ 911.04A.95B,read,,https://ecode360.com/45476524,2026-09-26
R1D-VH,SINGLE-UNIT DETACHED RESIDENTIAL VERY HIGH DENSITY,R1D,Single-Unit Detached Residential,single_detached,sfd,P,by_right,0,§ 911.04A.69,read,,https://ecode360.com/45476524,2026-09-26
R1D-VH,SINGLE-UNIT DETACHED RESIDENTIAL VERY HIGH DENSITY,R1D,Single-Unit Attached Residential,single_attached,townhome,P/S,zbe_special_exception,2,§ 911.04A.69; § 911.04A.69A,read,P/S in R1D: by right or special exception per §911.04A.69A; coded as the more demanding,https://ecode360.com/45476524,2026-09-26
R1D-VH,SINGLE-UNIT DETACHED RESIDENTIAL VERY HIGH DENSITY,R1D,Two-Unit Residential,two_unit,duplex,,not_permitted,4,,read,,https://ecode360.com/45476524,2026-09-26
R1D-VH,SINGLE-UNIT DETACHED RESIDENTIAL VERY HIGH DENSITY,R1D,Three-Unit Residential,three_unit,none,,not_permitted,4,,read,,https://ecode360.com/45476524,2026-09-26
R1D-VH,SINGLE-UNIT DETACHED RESIDENTIAL VERY HIGH DENSITY,R1D,Multi-Unit Residential,multi_unit,apartments,,not_permitted,4,§ 911.04A.85,read,,https://ecode360.com/45476524,2026-09-26
R1D-VH,SINGLE-UNIT DETACHED RESIDENTIAL VERY HIGH DENSITY,R1D,Assisted Living Class A,assisted_living_a,none,,not_permitted,4,§ 911.04A.66,read,,https://ecode360.com/45476524,2026-09-26
R1D-VH,SINGLE-UNIT DETACHED RESIDENTIAL VERY HIGH DENSITY,R1D,Assisted Living Class B,assisted_living_b,none,,not_permitted,4,§ 911.04A.66,read,,https://ecode360.com/45476524,2026-09-26
R1D-VH,SINGLE-UNIT DETACHED RESIDENTIAL VERY HIGH DENSITY,R1D,Assisted Living Class C,assisted_living_c,none,,not_permitted,4,§ 911.04A.66,read,,https://ecode360.com/45476524,2026-09-26
R1D-VH,SINGLE-UNIT DETACHED RESIDENTIAL VERY HIGH DENSITY,R1D,Community Home,community_home,none,S,zbe_special_exception,2,§ 911.04A.84,read,,https://ecode360.com/45476524,2026-09-26
R1D-VH,SINGLE-UNIT DETACHED RESIDENTIAL VERY HIGH DENSITY,R1D,Housing for the Elderly (Limited),elderly_limited,senior,S,zbe_special_exception,2,§ 911.04A.35,read,,https://ecode360.com/45476524,2026-09-26
R1D-VH,SINGLE-UNIT DETACHED RESIDENTIAL VERY HIGH DENSITY,R1D,Housing for the Elderly (General),elderly_general,senior,,not_permitted,4,§ 911.04A.35,read,,https://ecode360.com/45476524,2026-09-26
R1D-VH,SINGLE-UNIT DETACHED RESIDENTIAL VERY HIGH DENSITY,R1D,Interim Housing,interim_housing,none,,not_permitted,4,,read,,https://ecode360.com/45476524,2026-09-26
R1D-VH,SINGLE-UNIT DETACHED RESIDENTIAL VERY HIGH DENSITY,R1D,Multi-Suite Residential (Limited),multi_suite_limited,none,,not_permitted,4,§ 911.04A.41,read,,https://ecode360.com/45476524,2026-09-26
R1D-VH,SINGLE-UNIT DETACHED RESIDENTIAL VERY HIGH DENSITY,R1D,Multi-Suite Residential (General),multi_suite_general,none,,not_permitted,4,§ 911.04A.41,read,,https://ecode360.com/45476524,2026-09-26
R1D-VH,SINGLE-UNIT DETACHED RESIDENTIAL VERY HIGH DENSITY,R1D,Personal Care Residence (Large),personal_care_large,none,,not_permitted,4,§ 911.04A.95A,read,,https://ecode360.com/45476524,2026-09-26
R1D-VH,SINGLE-UNIT DETACHED RESIDENTIAL VERY HIGH DENSITY,R1D,Personal Care Residence (Small),personal_care_small,none,A,za,1,§ 911.04A.95B,read,,https://ecode360.com/45476524,2026-09-26
R1D-VL,SINGLE-UNIT DETACHED RESIDENTIAL VERY LOW DENSITY,R1D,Single-Unit Detached Residential,single_detached,sfd,P,by_right,0,§ 911.04A.69,read,,https://ecode360.com/45476524,2026-09-26
R1D-VL,SINGLE-UNIT DETACHED RESIDENTIAL VERY LOW DENSITY,R1D,Single-Unit Attached Residential,single_attached,townhome,P/S,zbe_special_exception,2,§ 911.04A.69; § 911.04A.69A,read,P/S in R1D: by right or special exception per §911.04A.69A; coded as the more demanding,https://ecode360.com/45476524,2026-09-26
R1D-VL,SINGLE-UNIT DETACHED RESIDENTIAL VERY LOW DENSITY,R1D,Two-Unit Residential,two_unit,duplex,,not_permitted,4,,read,,https://ecode360.com/45476524,2026-09-26
R1D-VL,SINGLE-UNIT DETACHED RESIDENTIAL VERY LOW DENSITY,R1D,Three-Unit Residential,three_unit,none,,not_permitted,4,,read,,https://ecode360.com/45476524,2026-09-26
R1D-VL,SINGLE-UNIT DETACHED RESIDENTIAL VERY LOW DENSITY,R1D,Multi-Unit Residential,multi_unit,apartments,,not_permitted,4,§ 911.04A.85,read,,https://ecode360.com/45476524,2026-09-26
R1D-VL,SINGLE-UNIT DETACHED RESIDENTIAL VERY LOW DENSITY,R1D,Assisted Living Class A,assisted_living_a,none,,not_permitted,4,§ 911.04A.66,read,,https://ecode360.com/45476524,2026-09-26
R1D-VL,SINGLE-UNIT DETACHED RESIDENTIAL VERY LOW DENSITY,R1D,Assisted Living Class B,assisted_living_b,none,,not_permitted,4,§ 911.04A.66,read,,https://ecode360.com/45476524,2026-09-26
R1D-VL,SINGLE-UNIT DETACHED RESIDENTIAL VERY LOW DENSITY,R1D,Assisted Living Class C,assisted_living_c,none,,not_permitted,4,§ 911.04A.66,read,,https://ecode360.com/45476524,2026-09-26
R1D-VL,SINGLE-UNIT DETACHED RESIDENTIAL VERY LOW DENSITY,R1D,Community Home,community_home,none,S,zbe_special_exception,2,§ 911.04A.84,read,,https://ecode360.com/45476524,2026-09-26
R1D-VL,SINGLE-UNIT DETACHED RESIDENTIAL VERY LOW DENSITY,R1D,Housing for the Elderly (Limited),elderly_limited,senior,S,zbe_special_exception,2,§ 911.04A.35,read,,https://ecode360.com/45476524,2026-09-26
R1D-VL,SINGLE-UNIT DETACHED RESIDENTIAL VERY LOW DENSITY,R1D,Housing for the Elderly (General),elderly_general,senior,,not_permitted,4,§ 911.04A.35,read,,https://ecode360.com/45476524,2026-09-26
R1D-VL,SINGLE-UNIT DETACHED RESIDENTIAL VERY LOW DENSITY,R1D,Interim Housing,interim_housing,none,,not_permitted,4,,read,,https://ecode360.com/45476524,2026-09-26
R1D-VL,SINGLE-UNIT DETACHED RESIDENTIAL VERY LOW DENSITY,R1D,Multi-Suite Residential (Limited),multi_suite_limited,none,,not_permitted,4,§ 911.04A.41,read,,https://ecode360.com/45476524,2026-09-26
R1D-VL,SINGLE-UNIT DETACHED RESIDENTIAL VERY LOW DENSITY,R1D,Multi-Suite Residential (General),multi_suite_general,none,,not_permitted,4,§ 911.04A.41,read,,https://ecode360.com/45476524,2026-09-26
R1D-VL,SINGLE-UNIT DETACHED RESIDENTIAL VERY LOW DENSITY,R1D,Personal Care Residence (Large),personal_care_large,none,,not_permitted,4,§ 911.04A.95A,read,,https://ecode360.com/45476524,2026-09-26
R1D-VL,SINGLE-UNIT DETACHED RESIDENTIAL VERY LOW DENSITY,R1D,Personal Care Residence (Small),personal_care_small,none,A,za,1,§ 911.04A.95B,read,,https://ecode360.com/45476524,2026-09-26
R2-H,TWO-UNIT RESIDENTIAL HIGH DENSITY,R2,Single-Unit Detached Residential,single_detached,sfd,P,by_right,0,§ 911.04A.69,read,,https://ecode360.com/45476524,2026-09-26
R2-H,TWO-UNIT RESIDENTIAL HIGH DENSITY,R2,Single-Unit Attached Residential,single_attached,townhome,P,by_right,0,§ 911.04A.69; § 911.04A.69A,read,,https://ecode360.com/45476524,2026-09-26
R2-H,TWO-UNIT RESIDENTIAL HIGH DENSITY,R2,Two-Unit Residential,two_unit,duplex,P,by_right,0,,read,,https://ecode360.com/45476524,2026-09-26
R2-H,TWO-UNIT RESIDENTIAL HIGH DENSITY,R2,Three-Unit Residential,three_unit,none,,not_permitted,4,,read,,https://ecode360.com/45476524,2026-09-26
R2-H,TWO-UNIT RESIDENTIAL HIGH DENSITY,R2,Multi-Unit Residential,multi_unit,apartments,,not_permitted,4,§ 911.04A.85,read,,https://ecode360.com/45476524,2026-09-26
R2-H,TWO-UNIT RESIDENTIAL HIGH DENSITY,R2,Assisted Living Class A,assisted_living_a,none,S,zbe_special_exception,2,§ 911.04A.66,read,,https://ecode360.com/45476524,2026-09-26
R2-H,TWO-UNIT RESIDENTIAL HIGH DENSITY,R2,Assisted Living Class B,assisted_living_b,none,,not_permitted,4,§ 911.04A.66,read,,https://ecode360.com/45476524,2026-09-26
R2-H,TWO-UNIT RESIDENTIAL HIGH DENSITY,R2,Assisted Living Class C,assisted_living_c,none,,not_permitted,4,§ 911.04A.66,read,,https://ecode360.com/45476524,2026-09-26
R2-H,TWO-UNIT RESIDENTIAL HIGH DENSITY,R2,Community Home,community_home,none,S,zbe_special_exception,2,§ 911.04A.84,read,,https://ecode360.com/45476524,2026-09-26
R2-H,TWO-UNIT RESIDENTIAL HIGH DENSITY,R2,Housing for the Elderly (Limited),elderly_limited,senior,S,zbe_special_exception,2,§ 911.04A.35,read,,https://ecode360.com/45476524,2026-09-26
R2-H,TWO-UNIT RESIDENTIAL HIGH DENSITY,R2,Housing for the Elderly (General),elderly_general,senior,,not_permitted,4,§ 911.04A.35,read,,https://ecode360.com/45476524,2026-09-26
R2-H,TWO-UNIT RESIDENTIAL HIGH DENSITY,R2,Interim Housing,interim_housing,none,,not_permitted,4,,read,,https://ecode360.com/45476524,2026-09-26
R2-H,TWO-UNIT RESIDENTIAL HIGH DENSITY,R2,Multi-Suite Residential (Limited),multi_suite_limited,none,,not_permitted,4,§ 911.04A.41,read,,https://ecode360.com/45476524,2026-09-26
R2-H,TWO-UNIT RESIDENTIAL HIGH DENSITY,R2,Multi-Suite Residential (General),multi_suite_general,none,,not_permitted,4,§ 911.04A.41,read,,https://ecode360.com/45476524,2026-09-26
R2-H,TWO-UNIT RESIDENTIAL HIGH DENSITY,R2,Personal Care Residence (Large),personal_care_large,none,S,zbe_special_exception,2,§ 911.04A.95A,read,,https://ecode360.com/45476524,2026-09-26
R2-H,TWO-UNIT RESIDENTIAL HIGH DENSITY,R2,Personal Care Residence (Small),personal_care_small,none,A,za,1,§ 911.04A.95B,read,,https://ecode360.com/45476524,2026-09-26
R2-L,TWO-UNIT RESIDENTIAL LOW DENSITY,R2,Single-Unit Detached Residential,single_detached,sfd,P,by_right,0,§ 911.04A.69,read,,https://ecode360.com/45476524,2026-09-26
R2-L,TWO-UNIT RESIDENTIAL LOW DENSITY,R2,Single-Unit Attached Residential,single_attached,townhome,P,by_right,0,§ 911.04A.69; § 911.04A.69A,read,,https://ecode360.com/45476524,2026-09-26
R2-L,TWO-UNIT RESIDENTIAL LOW DENSITY,R2,Two-Unit Residential,two_unit,duplex,P,by_right,0,,read,,https://ecode360.com/45476524,2026-09-26
R2-L,TWO-UNIT RESIDENTIAL LOW DENSITY,R2,Three-Unit Residential,three_unit,none,,not_permitted,4,,read,,https://ecode360.com/45476524,2026-09-26
R2-L,TWO-UNIT RESIDENTIAL LOW DENSITY,R2,Multi-Unit Residential,multi_unit,apartments,,not_permitted,4,§ 911.04A.85,read,,https://ecode360.com/45476524,2026-09-26
R2-L,TWO-UNIT RESIDENTIAL LOW DENSITY,R2,Assisted Living Class A,assisted_living_a,none,S,zbe_special_exception,2,§ 911.04A.66,read,,https://ecode360.com/45476524,2026-09-26
R2-L,TWO-UNIT RESIDENTIAL LOW DENSITY,R2,Assisted Living Class B,assisted_living_b,none,,not_permitted,4,§ 911.04A.66,read,,https://ecode360.com/45476524,2026-09-26
R2-L,TWO-UNIT RESIDENTIAL LOW DENSITY,R2,Assisted Living Class C,assisted_living_c,none,,not_permitted,4,§ 911.04A.66,read,,https://ecode360.com/45476524,2026-09-26
R2-L,TWO-UNIT RESIDENTIAL LOW DENSITY,R2,Community Home,community_home,none,S,zbe_special_exception,2,§ 911.04A.84,read,,https://ecode360.com/45476524,2026-09-26
R2-L,TWO-UNIT RESIDENTIAL LOW DENSITY,R2,Housing for the Elderly (Limited),elderly_limited,senior,S,zbe_special_exception,2,§ 911.04A.35,read,,https://ecode360.com/45476524,2026-09-26
R2-L,TWO-UNIT RESIDENTIAL LOW DENSITY,R2,Housing for the Elderly (General),elderly_general,senior,,not_permitted,4,§ 911.04A.35,read,,https://ecode360.com/45476524,2026-09-26
R2-L,TWO-UNIT RESIDENTIAL LOW DENSITY,R2,Interim Housing,interim_housing,none,,not_permitted,4,,read,,https://ecode360.com/45476524,2026-09-26
R2-L,TWO-UNIT RESIDENTIAL LOW DENSITY,R2,Multi-Suite Residential (Limited),multi_suite_limited,none,,not_permitted,4,§ 911.04A.41,read,,https://ecode360.com/45476524,2026-09-26
R2-L,TWO-UNIT RESIDENTIAL LOW DENSITY,R2,Multi-Suite Residential (General),multi_suite_general,none,,not_permitted,4,§ 911.04A.41,read,,https://ecode360.com/45476524,2026-09-26
R2-L,TWO-UNIT RESIDENTIAL LOW DENSITY,R2,Personal Care Residence (Large),personal_care_large,none,S,zbe_special_exception,2,§ 911.04A.95A,read,,https://ecode360.com/45476524,2026-09-26
R2-L,TWO-UNIT RESIDENTIAL LOW DENSITY,R2,Personal Care Residence (Small),personal_care_small,none,A,za,1,§ 911.04A.95B,read,,https://ecode360.com/45476524,2026-09-26
R2-M,TWO-UNIT RESIDENTIAL MODERATE DENSITY,R2,Single-Unit Detached Residential,single_detached,sfd,P,by_right,0,§ 911.04A.69,read,,https://ecode360.com/45476524,2026-09-26
R2-M,TWO-UNIT RESIDENTIAL MODERATE DENSITY,R2,Single-Unit Attached Residential,single_attached,townhome,P,by_right,0,§ 911.04A.69; § 911.04A.69A,read,,https://ecode360.com/45476524,2026-09-26
R2-M,TWO-UNIT RESIDENTIAL MODERATE DENSITY,R2,Two-Unit Residential,two_unit,duplex,P,by_right,0,,read,,https://ecode360.com/45476524,2026-09-26
R2-M,TWO-UNIT RESIDENTIAL MODERATE DENSITY,R2,Three-Unit Residential,three_unit,none,,not_permitted,4,,read,,https://ecode360.com/45476524,2026-09-26
R2-M,TWO-UNIT RESIDENTIAL MODERATE DENSITY,R2,Multi-Unit Residential,multi_unit,apartments,,not_permitted,4,§ 911.04A.85,read,,https://ecode360.com/45476524,2026-09-26
R2-M,TWO-UNIT RESIDENTIAL MODERATE DENSITY,R2,Assisted Living Class A,assisted_living_a,none,S,zbe_special_exception,2,§ 911.04A.66,read,,https://ecode360.com/45476524,2026-09-26
R2-M,TWO-UNIT RESIDENTIAL MODERATE DENSITY,R2,Assisted Living Class B,assisted_living_b,none,,not_permitted,4,§ 911.04A.66,read,,https://ecode360.com/45476524,2026-09-26
R2-M,TWO-UNIT RESIDENTIAL MODERATE DENSITY,R2,Assisted Living Class C,assisted_living_c,none,,not_permitted,4,§ 911.04A.66,read,,https://ecode360.com/45476524,2026-09-26
R2-M,TWO-UNIT RESIDENTIAL MODERATE DENSITY,R2,Community Home,community_home,none,S,zbe_special_exception,2,§ 911.04A.84,read,,https://ecode360.com/45476524,2026-09-26
R2-M,TWO-UNIT RESIDENTIAL MODERATE DENSITY,R2,Housing for the Elderly (Limited),elderly_limited,senior,S,zbe_special_exception,2,§ 911.04A.35,read,,https://ecode360.com/45476524,2026-09-26
R2-M,TWO-UNIT RESIDENTIAL MODERATE DENSITY,R2,Housing for the Elderly (General),elderly_general,senior,,not_permitted,4,§ 911.04A.35,read,,https://ecode360.com/45476524,2026-09-26
R2-M,TWO-UNIT RESIDENTIAL MODERATE DENSITY,R2,Interim Housing,interim_housing,none,,not_permitted,4,,read,,https://ecode360.com/45476524,2026-09-26
R2-M,TWO-UNIT RESIDENTIAL MODERATE DENSITY,R2,Multi-Suite Residential (Limited),multi_suite_limited,none,,not_permitted,4,§ 911.04A.41,read,,https://ecode360.com/45476524,2026-09-26
R2-M,TWO-UNIT RESIDENTIAL MODERATE DENSITY,R2,Multi-Suite Residential (General),multi_suite_general,none,,not_permitted,4,§ 911.04A.41,read,,https://ecode360.com/45476524,2026-09-26
R2-M,TWO-UNIT RESIDENTIAL MODERATE DENSITY,R2,Personal Care Residence (Large),personal_care_large,none,S,zbe_special_exception,2,§ 911.04A.95A,read,,https://ecode360.com/45476524,2026-09-26
R2-M,TWO-UNIT RESIDENTIAL MODERATE DENSITY,R2,Personal Care Residence (Small),personal_care_small,none,A,za,1,§ 911.04A.95B,read,,https://ecode360.com/45476524,2026-09-26
R2-VH,TWO-UNIT RESIDENTIAL VERY HIGH DENSITY,R2,Single-Unit Detached Residential,single_detached,sfd,P,by_right,0,§ 911.04A.69,read,,https://ecode360.com/45476524,2026-09-26
R2-VH,TWO-UNIT RESIDENTIAL VERY HIGH DENSITY,R2,Single-Unit Attached Residential,single_attached,townhome,P,by_right,0,§ 911.04A.69; § 911.04A.69A,read,,https://ecode360.com/45476524,2026-09-26
R2-VH,TWO-UNIT RESIDENTIAL VERY HIGH DENSITY,R2,Two-Unit Residential,two_unit,duplex,P,by_right,0,,read,,https://ecode360.com/45476524,2026-09-26
R2-VH,TWO-UNIT RESIDENTIAL VERY HIGH DENSITY,R2,Three-Unit Residential,three_unit,none,,not_permitted,4,,read,,https://ecode360.com/45476524,2026-09-26
R2-VH,TWO-UNIT RESIDENTIAL VERY HIGH DENSITY,R2,Multi-Unit Residential,multi_unit,apartments,,not_permitted,4,§ 911.04A.85,read,,https://ecode360.com/45476524,2026-09-26
R2-VH,TWO-UNIT RESIDENTIAL VERY HIGH DENSITY,R2,Assisted Living Class A,assisted_living_a,none,S,zbe_special_exception,2,§ 911.04A.66,read,,https://ecode360.com/45476524,2026-09-26
R2-VH,TWO-UNIT RESIDENTIAL VERY HIGH DENSITY,R2,Assisted Living Class B,assisted_living_b,none,,not_permitted,4,§ 911.04A.66,read,,https://ecode360.com/45476524,2026-09-26
R2-VH,TWO-UNIT RESIDENTIAL VERY HIGH DENSITY,R2,Assisted Living Class C,assisted_living_c,none,,not_permitted,4,§ 911.04A.66,read,,https://ecode360.com/45476524,2026-09-26
R2-VH,TWO-UNIT RESIDENTIAL VERY HIGH DENSITY,R2,Community Home,community_home,none,S,zbe_special_exception,2,§ 911.04A.84,read,,https://ecode360.com/45476524,2026-09-26
R2-VH,TWO-UNIT RESIDENTIAL VERY HIGH DENSITY,R2,Housing for the Elderly (Limited),elderly_limited,senior,S,zbe_special_exception,2,§ 911.04A.35,read,,https://ecode360.com/45476524,2026-09-26
R2-VH,TWO-UNIT RESIDENTIAL VERY HIGH DENSITY,R2,Housing for the Elderly (General),elderly_general,senior,,not_permitted,4,§ 911.04A.35,read,,https://ecode360.com/45476524,2026-09-26
R2-VH,TWO-UNIT RESIDENTIAL VERY HIGH DENSITY,R2,Interim Housing,interim_housing,none,,not_permitted,4,,read,,https://ecode360.com/45476524,2026-09-26
R2-VH,TWO-UNIT RESIDENTIAL VERY HIGH DENSITY,R2,Multi-Suite Residential (Limited),multi_suite_limited,none,,not_permitted,4,§ 911.04A.41,read,,https://ecode360.com/45476524,2026-09-26
R2-VH,TWO-UNIT RESIDENTIAL VERY HIGH DENSITY,R2,Multi-Suite Residential (General),multi_suite_general,none,,not_permitted,4,§ 911.04A.41,read,,https://ecode360.com/45476524,2026-09-26
R2-VH,TWO-UNIT RESIDENTIAL VERY HIGH DENSITY,R2,Personal Care Residence (Large),personal_care_large,none,S,zbe_special_exception,2,§ 911.04A.95A,read,,https://ecode360.com/45476524,2026-09-26
R2-VH,TWO-UNIT RESIDENTIAL VERY HIGH DENSITY,R2,Personal Care Residence (Small),personal_care_small,none,A,za,1,§ 911.04A.95B,read,,https://ecode360.com/45476524,2026-09-26
R3-L,THREE-UNIT RESIDENTIAL LOW DENSITY,R3,Single-Unit Detached Residential,single_detached,sfd,P,by_right,0,§ 911.04A.69,read,,https://ecode360.com/45476524,2026-09-26
R3-L,THREE-UNIT RESIDENTIAL LOW DENSITY,R3,Single-Unit Attached Residential,single_attached,townhome,P,by_right,0,§ 911.04A.69; § 911.04A.69A,read,,https://ecode360.com/45476524,2026-09-26
R3-L,THREE-UNIT RESIDENTIAL LOW DENSITY,R3,Two-Unit Residential,two_unit,duplex,P,by_right,0,,read,,https://ecode360.com/45476524,2026-09-26
R3-L,THREE-UNIT RESIDENTIAL LOW DENSITY,R3,Three-Unit Residential,three_unit,none,P,by_right,0,,read,,https://ecode360.com/45476524,2026-09-26
R3-L,THREE-UNIT RESIDENTIAL LOW DENSITY,R3,Multi-Unit Residential,multi_unit,apartments,,not_permitted,4,§ 911.04A.85,read,,https://ecode360.com/45476524,2026-09-26
R3-L,THREE-UNIT RESIDENTIAL LOW DENSITY,R3,Assisted Living Class A,assisted_living_a,none,S,zbe_special_exception,2,§ 911.04A.66,read,,https://ecode360.com/45476524,2026-09-26
R3-L,THREE-UNIT RESIDENTIAL LOW DENSITY,R3,Assisted Living Class B,assisted_living_b,none,,not_permitted,4,§ 911.04A.66,read,,https://ecode360.com/45476524,2026-09-26
R3-L,THREE-UNIT RESIDENTIAL LOW DENSITY,R3,Assisted Living Class C,assisted_living_c,none,,not_permitted,4,§ 911.04A.66,read,,https://ecode360.com/45476524,2026-09-26
R3-L,THREE-UNIT RESIDENTIAL LOW DENSITY,R3,Community Home,community_home,none,S,zbe_special_exception,2,§ 911.04A.84,read,,https://ecode360.com/45476524,2026-09-26
R3-L,THREE-UNIT RESIDENTIAL LOW DENSITY,R3,Housing for the Elderly (Limited),elderly_limited,senior,S,zbe_special_exception,2,§ 911.04A.35,read,,https://ecode360.com/45476524,2026-09-26
R3-L,THREE-UNIT RESIDENTIAL LOW DENSITY,R3,Housing for the Elderly (General),elderly_general,senior,S,zbe_special_exception,2,§ 911.04A.35,read,,https://ecode360.com/45476524,2026-09-26
R3-L,THREE-UNIT RESIDENTIAL LOW DENSITY,R3,Interim Housing,interim_housing,none,,not_permitted,4,,read,,https://ecode360.com/45476524,2026-09-26
R3-L,THREE-UNIT RESIDENTIAL LOW DENSITY,R3,Multi-Suite Residential (Limited),multi_suite_limited,none,,not_permitted,4,§ 911.04A.41,read,,https://ecode360.com/45476524,2026-09-26
R3-L,THREE-UNIT RESIDENTIAL LOW DENSITY,R3,Multi-Suite Residential (General),multi_suite_general,none,,not_permitted,4,§ 911.04A.41,read,,https://ecode360.com/45476524,2026-09-26
R3-L,THREE-UNIT RESIDENTIAL LOW DENSITY,R3,Personal Care Residence (Large),personal_care_large,none,S,zbe_special_exception,2,§ 911.04A.95A,read,,https://ecode360.com/45476524,2026-09-26
R3-L,THREE-UNIT RESIDENTIAL LOW DENSITY,R3,Personal Care Residence (Small),personal_care_small,none,A,za,1,§ 911.04A.95B,read,,https://ecode360.com/45476524,2026-09-26
R3-M,THREE-UNIT RESIDENTIAL MODERATE DENSITY,R3,Single-Unit Detached Residential,single_detached,sfd,P,by_right,0,§ 911.04A.69,read,,https://ecode360.com/45476524,2026-09-26
R3-M,THREE-UNIT RESIDENTIAL MODERATE DENSITY,R3,Single-Unit Attached Residential,single_attached,townhome,P,by_right,0,§ 911.04A.69; § 911.04A.69A,read,,https://ecode360.com/45476524,2026-09-26
R3-M,THREE-UNIT RESIDENTIAL MODERATE DENSITY,R3,Two-Unit Residential,two_unit,duplex,P,by_right,0,,read,,https://ecode360.com/45476524,2026-09-26
R3-M,THREE-UNIT RESIDENTIAL MODERATE DENSITY,R3,Three-Unit Residential,three_unit,none,P,by_right,0,,read,,https://ecode360.com/45476524,2026-09-26
R3-M,THREE-UNIT RESIDENTIAL MODERATE DENSITY,R3,Multi-Unit Residential,multi_unit,apartments,,not_permitted,4,§ 911.04A.85,read,,https://ecode360.com/45476524,2026-09-26
R3-M,THREE-UNIT RESIDENTIAL MODERATE DENSITY,R3,Assisted Living Class A,assisted_living_a,none,S,zbe_special_exception,2,§ 911.04A.66,read,,https://ecode360.com/45476524,2026-09-26
R3-M,THREE-UNIT RESIDENTIAL MODERATE DENSITY,R3,Assisted Living Class B,assisted_living_b,none,,not_permitted,4,§ 911.04A.66,read,,https://ecode360.com/45476524,2026-09-26
R3-M,THREE-UNIT RESIDENTIAL MODERATE DENSITY,R3,Assisted Living Class C,assisted_living_c,none,,not_permitted,4,§ 911.04A.66,read,,https://ecode360.com/45476524,2026-09-26
R3-M,THREE-UNIT RESIDENTIAL MODERATE DENSITY,R3,Community Home,community_home,none,S,zbe_special_exception,2,§ 911.04A.84,read,,https://ecode360.com/45476524,2026-09-26
R3-M,THREE-UNIT RESIDENTIAL MODERATE DENSITY,R3,Housing for the Elderly (Limited),elderly_limited,senior,S,zbe_special_exception,2,§ 911.04A.35,read,,https://ecode360.com/45476524,2026-09-26
R3-M,THREE-UNIT RESIDENTIAL MODERATE DENSITY,R3,Housing for the Elderly (General),elderly_general,senior,S,zbe_special_exception,2,§ 911.04A.35,read,,https://ecode360.com/45476524,2026-09-26
R3-M,THREE-UNIT RESIDENTIAL MODERATE DENSITY,R3,Interim Housing,interim_housing,none,,not_permitted,4,,read,,https://ecode360.com/45476524,2026-09-26
R3-M,THREE-UNIT RESIDENTIAL MODERATE DENSITY,R3,Multi-Suite Residential (Limited),multi_suite_limited,none,,not_permitted,4,§ 911.04A.41,read,,https://ecode360.com/45476524,2026-09-26
R3-M,THREE-UNIT RESIDENTIAL MODERATE DENSITY,R3,Multi-Suite Residential (General),multi_suite_general,none,,not_permitted,4,§ 911.04A.41,read,,https://ecode360.com/45476524,2026-09-26
R3-M,THREE-UNIT RESIDENTIAL MODERATE DENSITY,R3,Personal Care Residence (Large),personal_care_large,none,S,zbe_special_exception,2,§ 911.04A.95A,read,,https://ecode360.com/45476524,2026-09-26
R3-M,THREE-UNIT RESIDENTIAL MODERATE DENSITY,R3,Personal Care Residence (Small),personal_care_small,none,A,za,1,§ 911.04A.95B,read,,https://ecode360.com/45476524,2026-09-26
RIV-GI,RIVERFRONT GENERAL INDUSTRIAL,RIV-GI,Single-Unit Detached Residential,single_detached,sfd,,not_permitted,4,§ 911.04A.69,read,,https://ecode360.com/45476524,2026-09-26
RIV-GI,RIVERFRONT GENERAL INDUSTRIAL,RIV-GI,Single-Unit Attached Residential,single_attached,townhome,,not_permitted,4,§ 911.04A.69; § 911.04A.69A,read,,https://ecode360.com/45476524,2026-09-26
RIV-GI,RIVERFRONT GENERAL INDUSTRIAL,RIV-GI,Two-Unit Residential,two_unit,duplex,,not_permitted,4,,read,,https://ecode360.com/45476524,2026-09-26
RIV-GI,RIVERFRONT GENERAL INDUSTRIAL,RIV-GI,Three-Unit Residential,three_unit,none,,not_permitted,4,,read,,https://ecode360.com/45476524,2026-09-26
RIV-GI,RIVERFRONT GENERAL INDUSTRIAL,RIV-GI,Multi-Unit Residential,multi_unit,apartments,,not_permitted,4,§ 911.04A.85,read,,https://ecode360.com/45476524,2026-09-26
RIV-GI,RIVERFRONT GENERAL INDUSTRIAL,RIV-GI,Assisted Living Class A,assisted_living_a,none,,not_permitted,4,§ 911.04A.66,read,,https://ecode360.com/45476524,2026-09-26
RIV-GI,RIVERFRONT GENERAL INDUSTRIAL,RIV-GI,Assisted Living Class B,assisted_living_b,none,,not_permitted,4,§ 911.04A.66,read,,https://ecode360.com/45476524,2026-09-26
RIV-GI,RIVERFRONT GENERAL INDUSTRIAL,RIV-GI,Assisted Living Class C,assisted_living_c,none,,not_permitted,4,§ 911.04A.66,read,,https://ecode360.com/45476524,2026-09-26
RIV-GI,RIVERFRONT GENERAL INDUSTRIAL,RIV-GI,Community Home,community_home,none,,not_permitted,4,§ 911.04A.84,read,,https://ecode360.com/45476524,2026-09-26
RIV-GI,RIVERFRONT GENERAL INDUSTRIAL,RIV-GI,Housing for the Elderly (Limited),elderly_limited,senior,,not_permitted,4,§ 911.04A.35,read,,https://ecode360.com/45476524,2026-09-26
RIV-GI,RIVERFRONT GENERAL INDUSTRIAL,RIV-GI,Housing for the Elderly (General),elderly_general,senior,,not_permitted,4,§ 911.04A.35,read,,https://ecode360.com/45476524,2026-09-26
RIV-GI,RIVERFRONT GENERAL INDUSTRIAL,RIV-GI,Interim Housing,interim_housing,none,,not_permitted,4,,read,,https://ecode360.com/45476524,2026-09-26
RIV-GI,RIVERFRONT GENERAL INDUSTRIAL,RIV-GI,Multi-Suite Residential (Limited),multi_suite_limited,none,,not_permitted,4,§ 911.04A.41,read,,https://ecode360.com/45476524,2026-09-26
RIV-GI,RIVERFRONT GENERAL INDUSTRIAL,RIV-GI,Multi-Suite Residential (General),multi_suite_general,none,,not_permitted,4,§ 911.04A.41,read,,https://ecode360.com/45476524,2026-09-26
RIV-GI,RIVERFRONT GENERAL INDUSTRIAL,RIV-GI,Personal Care Residence (Large),personal_care_large,none,,not_permitted,4,§ 911.04A.95A,read,,https://ecode360.com/45476524,2026-09-26
RIV-GI,RIVERFRONT GENERAL INDUSTRIAL,RIV-GI,Personal Care Residence (Small),personal_care_small,none,,not_permitted,4,§ 911.04A.95B,read,,https://ecode360.com/45476524,2026-09-26
RIV-IMU,RIVERFRONT INDUSTRIAL MIXED USE,RIV-IMU,Single-Unit Detached Residential,single_detached,sfd,,not_permitted,4,§ 911.04A.69,read,,https://ecode360.com/45476524,2026-09-26
RIV-IMU,RIVERFRONT INDUSTRIAL MIXED USE,RIV-IMU,Single-Unit Attached Residential,single_attached,townhome,,not_permitted,4,§ 911.04A.69; § 911.04A.69A,read,,https://ecode360.com/45476524,2026-09-26
RIV-IMU,RIVERFRONT INDUSTRIAL MIXED USE,RIV-IMU,Two-Unit Residential,two_unit,duplex,P,by_right,0,,read,,https://ecode360.com/45476524,2026-09-26
RIV-IMU,RIVERFRONT INDUSTRIAL MIXED USE,RIV-IMU,Three-Unit Residential,three_unit,none,P,by_right,0,,read,,https://ecode360.com/45476524,2026-09-26
RIV-IMU,RIVERFRONT INDUSTRIAL MIXED USE,RIV-IMU,Multi-Unit Residential,multi_unit,apartments,P,by_right,0,§ 911.04A.85,read,>=4 units triggers Site Plan Review (§922.04) and RCO Development Activities Meeting if a hearing is needed,https://ecode360.com/45476524,2026-09-26
RIV-IMU,RIVERFRONT INDUSTRIAL MIXED USE,RIV-IMU,Assisted Living Class A,assisted_living_a,none,P,by_right,0,§ 911.04A.66,read,,https://ecode360.com/45476524,2026-09-26
RIV-IMU,RIVERFRONT INDUSTRIAL MIXED USE,RIV-IMU,Assisted Living Class B,assisted_living_b,none,P,by_right,0,§ 911.04A.66,read,,https://ecode360.com/45476524,2026-09-26
RIV-IMU,RIVERFRONT INDUSTRIAL MIXED USE,RIV-IMU,Assisted Living Class C,assisted_living_c,none,S,zbe_special_exception,2,§ 911.04A.66,read,,https://ecode360.com/45476524,2026-09-26
RIV-IMU,RIVERFRONT INDUSTRIAL MIXED USE,RIV-IMU,Community Home,community_home,none,S,zbe_special_exception,2,§ 911.04A.84,read,,https://ecode360.com/45476524,2026-09-26
RIV-IMU,RIVERFRONT INDUSTRIAL MIXED USE,RIV-IMU,Housing for the Elderly (Limited),elderly_limited,senior,A,za,1,§ 911.04A.35,read,,https://ecode360.com/45476524,2026-09-26
RIV-IMU,RIVERFRONT INDUSTRIAL MIXED USE,RIV-IMU,Housing for the Elderly (General),elderly_general,senior,S,zbe_special_exception,2,§ 911.04A.35,read,,https://ecode360.com/45476524,2026-09-26
RIV-IMU,RIVERFRONT INDUSTRIAL MIXED USE,RIV-IMU,Interim Housing,interim_housing,none,S,zbe_special_exception,2,,read,,https://ecode360.com/45476524,2026-09-26
RIV-IMU,RIVERFRONT INDUSTRIAL MIXED USE,RIV-IMU,Multi-Suite Residential (Limited),multi_suite_limited,none,P,by_right,0,§ 911.04A.41,read,,https://ecode360.com/45476524,2026-09-26
RIV-IMU,RIVERFRONT INDUSTRIAL MIXED USE,RIV-IMU,Multi-Suite Residential (General),multi_suite_general,none,A,za,1,§ 911.04A.41,read,,https://ecode360.com/45476524,2026-09-26
RIV-IMU,RIVERFRONT INDUSTRIAL MIXED USE,RIV-IMU,Personal Care Residence (Large),personal_care_large,none,S,zbe_special_exception,2,§ 911.04A.95A,read,,https://ecode360.com/45476524,2026-09-26
RIV-IMU,RIVERFRONT INDUSTRIAL MIXED USE,RIV-IMU,Personal Care Residence (Small),personal_care_small,none,A,za,1,§ 911.04A.95B,read,,https://ecode360.com/45476524,2026-09-26
RIV-MU,RIVERFRONT MIXED USE,RIV-MU,Single-Unit Detached Residential,single_detached,sfd,,not_permitted,4,§ 911.04A.69,read,,https://ecode360.com/45476524,2026-09-26
RIV-MU,RIVERFRONT MIXED USE,RIV-MU,Single-Unit Attached Residential,single_attached,townhome,P,by_right,0,§ 911.04A.69; § 911.04A.69A,read,,https://ecode360.com/45476524,2026-09-26
RIV-MU,RIVERFRONT MIXED USE,RIV-MU,Two-Unit Residential,two_unit,duplex,P,by_right,0,,read,,https://ecode360.com/45476524,2026-09-26
RIV-MU,RIVERFRONT MIXED USE,RIV-MU,Three-Unit Residential,three_unit,none,P,by_right,0,,read,,https://ecode360.com/45476524,2026-09-26
RIV-MU,RIVERFRONT MIXED USE,RIV-MU,Multi-Unit Residential,multi_unit,apartments,P,by_right,0,§ 911.04A.85,read,>=4 units triggers Site Plan Review (§922.04) and RCO Development Activities Meeting if a hearing is needed,https://ecode360.com/45476524,2026-09-26
RIV-MU,RIVERFRONT MIXED USE,RIV-MU,Assisted Living Class A,assisted_living_a,none,A,za,1,§ 911.04A.66,read,,https://ecode360.com/45476524,2026-09-26
RIV-MU,RIVERFRONT MIXED USE,RIV-MU,Assisted Living Class B,assisted_living_b,none,S,zbe_special_exception,2,§ 911.04A.66,read,,https://ecode360.com/45476524,2026-09-26
RIV-MU,RIVERFRONT MIXED USE,RIV-MU,Assisted Living Class C,assisted_living_c,none,S,zbe_special_exception,2,§ 911.04A.66,read,,https://ecode360.com/45476524,2026-09-26
RIV-MU,RIVERFRONT MIXED USE,RIV-MU,Community Home,community_home,none,S,zbe_special_exception,2,§ 911.04A.84,read,,https://ecode360.com/45476524,2026-09-26
RIV-MU,RIVERFRONT MIXED USE,RIV-MU,Housing for the Elderly (Limited),elderly_limited,senior,A,za,1,§ 911.04A.35,read,,https://ecode360.com/45476524,2026-09-26
RIV-MU,RIVERFRONT MIXED USE,RIV-MU,Housing for the Elderly (General),elderly_general,senior,S,zbe_special_exception,2,§ 911.04A.35,read,,https://ecode360.com/45476524,2026-09-26
RIV-MU,RIVERFRONT MIXED USE,RIV-MU,Interim Housing,interim_housing,none,S,zbe_special_exception,2,,read,,https://ecode360.com/45476524,2026-09-26
RIV-MU,RIVERFRONT MIXED USE,RIV-MU,Multi-Suite Residential (Limited),multi_suite_limited,none,P,by_right,0,§ 911.04A.41,read,,https://ecode360.com/45476524,2026-09-26
RIV-MU,RIVERFRONT MIXED USE,RIV-MU,Multi-Suite Residential (General),multi_suite_general,none,A,za,1,§ 911.04A.41,read,,https://ecode360.com/45476524,2026-09-26
RIV-MU,RIVERFRONT MIXED USE,RIV-MU,Personal Care Residence (Large),personal_care_large,none,S,zbe_special_exception,2,§ 911.04A.95A,read,,https://ecode360.com/45476524,2026-09-26
RIV-MU,RIVERFRONT MIXED USE,RIV-MU,Personal Care Residence (Small),personal_care_small,none,A,za,1,§ 911.04A.95B,read,,https://ecode360.com/45476524,2026-09-26
RIV-NS,RIVERFRONT NORTH SHORE,RIV-NS,Single-Unit Detached Residential,single_detached,sfd,,not_permitted,4,§ 911.04A.69,read,,https://ecode360.com/45476524,2026-09-26
RIV-NS,RIVERFRONT NORTH SHORE,RIV-NS,Single-Unit Attached Residential,single_attached,townhome,,not_permitted,4,§ 911.04A.69; § 911.04A.69A,read,,https://ecode360.com/45476524,2026-09-26
RIV-NS,RIVERFRONT NORTH SHORE,RIV-NS,Two-Unit Residential,two_unit,duplex,,not_permitted,4,,read,,https://ecode360.com/45476524,2026-09-26
RIV-NS,RIVERFRONT NORTH SHORE,RIV-NS,Three-Unit Residential,three_unit,none,,not_permitted,4,,read,,https://ecode360.com/45476524,2026-09-26
RIV-NS,RIVERFRONT NORTH SHORE,RIV-NS,Multi-Unit Residential,multi_unit,apartments,P,by_right,0,§ 911.04A.85,read,>=4 units triggers Site Plan Review (§922.04) and RCO Development Activities Meeting if a hearing is needed,https://ecode360.com/45476524,2026-09-26
RIV-NS,RIVERFRONT NORTH SHORE,RIV-NS,Assisted Living Class A,assisted_living_a,none,P,by_right,0,§ 911.04A.66,read,,https://ecode360.com/45476524,2026-09-26
RIV-NS,RIVERFRONT NORTH SHORE,RIV-NS,Assisted Living Class B,assisted_living_b,none,P,by_right,0,§ 911.04A.66,read,,https://ecode360.com/45476524,2026-09-26
RIV-NS,RIVERFRONT NORTH SHORE,RIV-NS,Assisted Living Class C,assisted_living_c,none,P,by_right,0,§ 911.04A.66,read,,https://ecode360.com/45476524,2026-09-26
RIV-NS,RIVERFRONT NORTH SHORE,RIV-NS,Community Home,community_home,none,S,zbe_special_exception,2,§ 911.04A.84,read,,https://ecode360.com/45476524,2026-09-26
RIV-NS,RIVERFRONT NORTH SHORE,RIV-NS,Housing for the Elderly (Limited),elderly_limited,senior,A,za,1,§ 911.04A.35,read,,https://ecode360.com/45476524,2026-09-26
RIV-NS,RIVERFRONT NORTH SHORE,RIV-NS,Housing for the Elderly (General),elderly_general,senior,S,zbe_special_exception,2,§ 911.04A.35,read,,https://ecode360.com/45476524,2026-09-26
RIV-NS,RIVERFRONT NORTH SHORE,RIV-NS,Interim Housing,interim_housing,none,S,zbe_special_exception,2,,read,,https://ecode360.com/45476524,2026-09-26
RIV-NS,RIVERFRONT NORTH SHORE,RIV-NS,Multi-Suite Residential (Limited),multi_suite_limited,none,P,by_right,0,§ 911.04A.41,read,,https://ecode360.com/45476524,2026-09-26
RIV-NS,RIVERFRONT NORTH SHORE,RIV-NS,Multi-Suite Residential (General),multi_suite_general,none,P,by_right,0,§ 911.04A.41,read,,https://ecode360.com/45476524,2026-09-26
RIV-NS,RIVERFRONT NORTH SHORE,RIV-NS,Personal Care Residence (Large),personal_care_large,none,S,zbe_special_exception,2,§ 911.04A.95A,read,,https://ecode360.com/45476524,2026-09-26
RIV-NS,RIVERFRONT NORTH SHORE,RIV-NS,Personal Care Residence (Small),personal_care_small,none,A,za,1,§ 911.04A.95B,read,,https://ecode360.com/45476524,2026-09-26
RIV-RM,RIVERFRONT MIXED RESIDENTIAL,RIV-RM,Single-Unit Detached Residential,single_detached,sfd,,not_permitted,4,§ 911.04A.69,read,,https://ecode360.com/45476524,2026-09-26
RIV-RM,RIVERFRONT MIXED RESIDENTIAL,RIV-RM,Single-Unit Attached Residential,single_attached,townhome,P,by_right,0,§ 911.04A.69; § 911.04A.69A,read,,https://ecode360.com/45476524,2026-09-26
RIV-RM,RIVERFRONT MIXED RESIDENTIAL,RIV-RM,Two-Unit Residential,two_unit,duplex,P,by_right,0,,read,,https://ecode360.com/45476524,2026-09-26
RIV-RM,RIVERFRONT MIXED RESIDENTIAL,RIV-RM,Three-Unit Residential,three_unit,none,P,by_right,0,,read,,https://ecode360.com/45476524,2026-09-26
RIV-RM,RIVERFRONT MIXED RESIDENTIAL,RIV-RM,Multi-Unit Residential,multi_unit,apartments,P,by_right,0,§ 911.04A.85,read,>=4 units triggers Site Plan Review (§922.04) and RCO Development Activities Meeting if a hearing is needed,https://ecode360.com/45476524,2026-09-26
RIV-RM,RIVERFRONT MIXED RESIDENTIAL,RIV-RM,Assisted Living Class A,assisted_living_a,none,A,za,1,§ 911.04A.66,read,,https://ecode360.com/45476524,2026-09-26
RIV-RM,RIVERFRONT MIXED RESIDENTIAL,RIV-RM,Assisted Living Class B,assisted_living_b,none,S,zbe_special_exception,2,§ 911.04A.66,read,,https://ecode360.com/45476524,2026-09-26
RIV-RM,RIVERFRONT MIXED RESIDENTIAL,RIV-RM,Assisted Living Class C,assisted_living_c,none,,not_permitted,4,§ 911.04A.66,read,,https://ecode360.com/45476524,2026-09-26
RIV-RM,RIVERFRONT MIXED RESIDENTIAL,RIV-RM,Community Home,community_home,none,S,zbe_special_exception,2,§ 911.04A.84,read,,https://ecode360.com/45476524,2026-09-26
RIV-RM,RIVERFRONT MIXED RESIDENTIAL,RIV-RM,Housing for the Elderly (Limited),elderly_limited,senior,S,zbe_special_exception,2,§ 911.04A.35,read,,https://ecode360.com/45476524,2026-09-26
RIV-RM,RIVERFRONT MIXED RESIDENTIAL,RIV-RM,Housing for the Elderly (General),elderly_general,senior,S,zbe_special_exception,2,§ 911.04A.35,read,,https://ecode360.com/45476524,2026-09-26
RIV-RM,RIVERFRONT MIXED RESIDENTIAL,RIV-RM,Interim Housing,interim_housing,none,,not_permitted,4,,read,,https://ecode360.com/45476524,2026-09-26
RIV-RM,RIVERFRONT MIXED RESIDENTIAL,RIV-RM,Multi-Suite Residential (Limited),multi_suite_limited,none,A,za,1,§ 911.04A.41,read,,https://ecode360.com/45476524,2026-09-26
RIV-RM,RIVERFRONT MIXED RESIDENTIAL,RIV-RM,Multi-Suite Residential (General),multi_suite_general,none,S,zbe_special_exception,2,§ 911.04A.41,read,,https://ecode360.com/45476524,2026-09-26
RIV-RM,RIVERFRONT MIXED RESIDENTIAL,RIV-RM,Personal Care Residence (Large),personal_care_large,none,S,zbe_special_exception,2,§ 911.04A.95A,read,,https://ecode360.com/45476524,2026-09-26
RIV-RM,RIVERFRONT MIXED RESIDENTIAL,RIV-RM,Personal Care Residence (Small),personal_care_small,none,A,za,1,§ 911.04A.95B,read,,https://ecode360.com/45476524,2026-09-26
RM-H,MULTI-UNIT RESIDENTIAL HIGH DENSITY,RM,Single-Unit Detached Residential,single_detached,sfd,P,by_right,0,§ 911.04A.69,read,,https://ecode360.com/45476524,2026-09-26
RM-H,MULTI-UNIT RESIDENTIAL HIGH DENSITY,RM,Single-Unit Attached Residential,single_attached,townhome,P,by_right,0,§ 911.04A.69; § 911.04A.69A,read,,https://ecode360.com/45476524,2026-09-26
RM-H,MULTI-UNIT RESIDENTIAL HIGH DENSITY,RM,Two-Unit Residential,two_unit,duplex,P,by_right,0,,read,,https://ecode360.com/45476524,2026-09-26
RM-H,MULTI-UNIT RESIDENTIAL HIGH DENSITY,RM,Three-Unit Residential,three_unit,none,P,by_right,0,,read,,https://ecode360.com/45476524,2026-09-26
RM-H,MULTI-UNIT RESIDENTIAL HIGH DENSITY,RM,Multi-Unit Residential,multi_unit,apartments,P,by_right,0,§ 911.04A.85,read,>=4 units triggers Site Plan Review (§922.04) and RCO Development Activities Meeting if a hearing is needed,https://ecode360.com/45476524,2026-09-26
RM-H,MULTI-UNIT RESIDENTIAL HIGH DENSITY,RM,Assisted Living Class A,assisted_living_a,none,S,zbe_special_exception,2,§ 911.04A.66,read,,https://ecode360.com/45476524,2026-09-26
RM-H,MULTI-UNIT RESIDENTIAL HIGH DENSITY,RM,Assisted Living Class B,assisted_living_b,none,S,zbe_special_exception,2,§ 911.04A.66,read,,https://ecode360.com/45476524,2026-09-26
RM-H,MULTI-UNIT RESIDENTIAL HIGH DENSITY,RM,Assisted Living Class C,assisted_living_c,none,C,conditional_use,3,§ 911.04A.66,read,,https://ecode360.com/45476524,2026-09-26
RM-H,MULTI-UNIT RESIDENTIAL HIGH DENSITY,RM,Community Home,community_home,none,S,zbe_special_exception,2,§ 911.04A.84,read,,https://ecode360.com/45476524,2026-09-26
RM-H,MULTI-UNIT RESIDENTIAL HIGH DENSITY,RM,Housing for the Elderly (Limited),elderly_limited,senior,S,zbe_special_exception,2,§ 911.04A.35,read,,https://ecode360.com/45476524,2026-09-26
RM-H,MULTI-UNIT RESIDENTIAL HIGH DENSITY,RM,Housing for the Elderly (General),elderly_general,senior,S,zbe_special_exception,2,§ 911.04A.35,read,,https://ecode360.com/45476524,2026-09-26
RM-H,MULTI-UNIT RESIDENTIAL HIGH DENSITY,RM,Interim Housing,interim_housing,none,,not_permitted,4,,read,,https://ecode360.com/45476524,2026-09-26
RM-H,MULTI-UNIT RESIDENTIAL HIGH DENSITY,RM,Multi-Suite Residential (Limited),multi_suite_limited,none,C,conditional_use,3,§ 911.04A.41,read,,https://ecode360.com/45476524,2026-09-26
RM-H,MULTI-UNIT RESIDENTIAL HIGH DENSITY,RM,Multi-Suite Residential (General),multi_suite_general,none,,not_permitted,4,§ 911.04A.41,read,,https://ecode360.com/45476524,2026-09-26
RM-H,MULTI-UNIT RESIDENTIAL HIGH DENSITY,RM,Personal Care Residence (Large),personal_care_large,none,S,zbe_special_exception,2,§ 911.04A.95A,read,,https://ecode360.com/45476524,2026-09-26
RM-H,MULTI-UNIT RESIDENTIAL HIGH DENSITY,RM,Personal Care Residence (Small),personal_care_small,none,A,za,1,§ 911.04A.95B,read,,https://ecode360.com/45476524,2026-09-26
RM-M,MULTI-UNIT RESIDENTIAL MODERATE DENSITY,RM,Single-Unit Detached Residential,single_detached,sfd,P,by_right,0,§ 911.04A.69,read,,https://ecode360.com/45476524,2026-09-26
RM-M,MULTI-UNIT RESIDENTIAL MODERATE DENSITY,RM,Single-Unit Attached Residential,single_attached,townhome,P,by_right,0,§ 911.04A.69; § 911.04A.69A,read,,https://ecode360.com/45476524,2026-09-26
RM-M,MULTI-UNIT RESIDENTIAL MODERATE DENSITY,RM,Two-Unit Residential,two_unit,duplex,P,by_right,0,,read,,https://ecode360.com/45476524,2026-09-26
RM-M,MULTI-UNIT RESIDENTIAL MODERATE DENSITY,RM,Three-Unit Residential,three_unit,none,P,by_right,0,,read,,https://ecode360.com/45476524,2026-09-26
RM-M,MULTI-UNIT RESIDENTIAL MODERATE DENSITY,RM,Multi-Unit Residential,multi_unit,apartments,P,by_right,0,§ 911.04A.85,read,>=4 units triggers Site Plan Review (§922.04) and RCO Development Activities Meeting if a hearing is needed,https://ecode360.com/45476524,2026-09-26
RM-M,MULTI-UNIT RESIDENTIAL MODERATE DENSITY,RM,Assisted Living Class A,assisted_living_a,none,S,zbe_special_exception,2,§ 911.04A.66,read,,https://ecode360.com/45476524,2026-09-26
RM-M,MULTI-UNIT RESIDENTIAL MODERATE DENSITY,RM,Assisted Living Class B,assisted_living_b,none,S,zbe_special_exception,2,§ 911.04A.66,read,,https://ecode360.com/45476524,2026-09-26
RM-M,MULTI-UNIT RESIDENTIAL MODERATE DENSITY,RM,Assisted Living Class C,assisted_living_c,none,C,conditional_use,3,§ 911.04A.66,read,,https://ecode360.com/45476524,2026-09-26
RM-M,MULTI-UNIT RESIDENTIAL MODERATE DENSITY,RM,Community Home,community_home,none,S,zbe_special_exception,2,§ 911.04A.84,read,,https://ecode360.com/45476524,2026-09-26
RM-M,MULTI-UNIT RESIDENTIAL MODERATE DENSITY,RM,Housing for the Elderly (Limited),elderly_limited,senior,S,zbe_special_exception,2,§ 911.04A.35,read,,https://ecode360.com/45476524,2026-09-26
RM-M,MULTI-UNIT RESIDENTIAL MODERATE DENSITY,RM,Housing for the Elderly (General),elderly_general,senior,S,zbe_special_exception,2,§ 911.04A.35,read,,https://ecode360.com/45476524,2026-09-26
RM-M,MULTI-UNIT RESIDENTIAL MODERATE DENSITY,RM,Interim Housing,interim_housing,none,,not_permitted,4,,read,,https://ecode360.com/45476524,2026-09-26
RM-M,MULTI-UNIT RESIDENTIAL MODERATE DENSITY,RM,Multi-Suite Residential (Limited),multi_suite_limited,none,C,conditional_use,3,§ 911.04A.41,read,,https://ecode360.com/45476524,2026-09-26
RM-M,MULTI-UNIT RESIDENTIAL MODERATE DENSITY,RM,Multi-Suite Residential (General),multi_suite_general,none,,not_permitted,4,§ 911.04A.41,read,,https://ecode360.com/45476524,2026-09-26
RM-M,MULTI-UNIT RESIDENTIAL MODERATE DENSITY,RM,Personal Care Residence (Large),personal_care_large,none,S,zbe_special_exception,2,§ 911.04A.95A,read,,https://ecode360.com/45476524,2026-09-26
RM-M,MULTI-UNIT RESIDENTIAL MODERATE DENSITY,RM,Personal Care Residence (Small),personal_care_small,none,A,za,1,§ 911.04A.95B,read,,https://ecode360.com/45476524,2026-09-26
RM-VH,MULTI-UNIT RESIDENTIAL VERY HIGH DENSITY,RM,Single-Unit Detached Residential,single_detached,sfd,P,by_right,0,§ 911.04A.69,read,,https://ecode360.com/45476524,2026-09-26
RM-VH,MULTI-UNIT RESIDENTIAL VERY HIGH DENSITY,RM,Single-Unit Attached Residential,single_attached,townhome,P,by_right,0,§ 911.04A.69; § 911.04A.69A,read,,https://ecode360.com/45476524,2026-09-26
RM-VH,MULTI-UNIT RESIDENTIAL VERY HIGH DENSITY,RM,Two-Unit Residential,two_unit,duplex,P,by_right,0,,read,,https://ecode360.com/45476524,2026-09-26
RM-VH,MULTI-UNIT RESIDENTIAL VERY HIGH DENSITY,RM,Three-Unit Residential,three_unit,none,P,by_right,0,,read,,https://ecode360.com/45476524,2026-09-26
RM-VH,MULTI-UNIT RESIDENTIAL VERY HIGH DENSITY,RM,Multi-Unit Residential,multi_unit,apartments,P,by_right,0,§ 911.04A.85,read,>=4 units triggers Site Plan Review (§922.04) and RCO Development Activities Meeting if a hearing is needed,https://ecode360.com/45476524,2026-09-26
RM-VH,MULTI-UNIT RESIDENTIAL VERY HIGH DENSITY,RM,Assisted Living Class A,assisted_living_a,none,S,zbe_special_exception,2,§ 911.04A.66,read,,https://ecode360.com/45476524,2026-09-26
RM-VH,MULTI-UNIT RESIDENTIAL VERY HIGH DENSITY,RM,Assisted Living Class B,assisted_living_b,none,S,zbe_special_exception,2,§ 911.04A.66,read,,https://ecode360.com/45476524,2026-09-26
RM-VH,MULTI-UNIT RESIDENTIAL VERY HIGH DENSITY,RM,Assisted Living Class C,assisted_living_c,none,C,conditional_use,3,§ 911.04A.66,read,,https://ecode360.com/45476524,2026-09-26
RM-VH,MULTI-UNIT RESIDENTIAL VERY HIGH DENSITY,RM,Community Home,community_home,none,S,zbe_special_exception,2,§ 911.04A.84,read,,https://ecode360.com/45476524,2026-09-26
RM-VH,MULTI-UNIT RESIDENTIAL VERY HIGH DENSITY,RM,Housing for the Elderly (Limited),elderly_limited,senior,S,zbe_special_exception,2,§ 911.04A.35,read,,https://ecode360.com/45476524,2026-09-26
RM-VH,MULTI-UNIT RESIDENTIAL VERY HIGH DENSITY,RM,Housing for the Elderly (General),elderly_general,senior,S,zbe_special_exception,2,§ 911.04A.35,read,,https://ecode360.com/45476524,2026-09-26
RM-VH,MULTI-UNIT RESIDENTIAL VERY HIGH DENSITY,RM,Interim Housing,interim_housing,none,,not_permitted,4,,read,,https://ecode360.com/45476524,2026-09-26
RM-VH,MULTI-UNIT RESIDENTIAL VERY HIGH DENSITY,RM,Multi-Suite Residential (Limited),multi_suite_limited,none,C,conditional_use,3,§ 911.04A.41,read,,https://ecode360.com/45476524,2026-09-26
RM-VH,MULTI-UNIT RESIDENTIAL VERY HIGH DENSITY,RM,Multi-Suite Residential (General),multi_suite_general,none,,not_permitted,4,§ 911.04A.41,read,,https://ecode360.com/45476524,2026-09-26
RM-VH,MULTI-UNIT RESIDENTIAL VERY HIGH DENSITY,RM,Personal Care Residence (Large),personal_care_large,none,S,zbe_special_exception,2,§ 911.04A.95A,read,,https://ecode360.com/45476524,2026-09-26
RM-VH,MULTI-UNIT RESIDENTIAL VERY HIGH DENSITY,RM,Personal Care Residence (Small),personal_care_small,none,A,za,1,§ 911.04A.95B,read,,https://ecode360.com/45476524,2026-09-26
RM-VL,MULTI-UNIT RESIDENTIAL VERY LOW DENSITY,RM,Single-Unit Detached Residential,single_detached,sfd,P,by_right,0,§ 911.04A.69,read,,https://ecode360.com/45476524,2026-09-26
RM-VL,MULTI-UNIT RESIDENTIAL VERY LOW DENSITY,RM,Single-Unit Attached Residential,single_attached,townhome,P,by_right,0,§ 911.04A.69; § 911.04A.69A,read,,https://ecode360.com/45476524,2026-09-26
RM-VL,MULTI-UNIT RESIDENTIAL VERY LOW DENSITY,RM,Two-Unit Residential,two_unit,duplex,P,by_right,0,,read,,https://ecode360.com/45476524,2026-09-26
RM-VL,MULTI-UNIT RESIDENTIAL VERY LOW DENSITY,RM,Three-Unit Residential,three_unit,none,P,by_right,0,,read,,https://ecode360.com/45476524,2026-09-26
RM-VL,MULTI-UNIT RESIDENTIAL VERY LOW DENSITY,RM,Multi-Unit Residential,multi_unit,apartments,P,by_right,0,§ 911.04A.85,read,>=4 units triggers Site Plan Review (§922.04) and RCO Development Activities Meeting if a hearing is needed,https://ecode360.com/45476524,2026-09-26
RM-VL,MULTI-UNIT RESIDENTIAL VERY LOW DENSITY,RM,Assisted Living Class A,assisted_living_a,none,S,zbe_special_exception,2,§ 911.04A.66,read,,https://ecode360.com/45476524,2026-09-26
RM-VL,MULTI-UNIT RESIDENTIAL VERY LOW DENSITY,RM,Assisted Living Class B,assisted_living_b,none,S,zbe_special_exception,2,§ 911.04A.66,read,,https://ecode360.com/45476524,2026-09-26
RM-VL,MULTI-UNIT RESIDENTIAL VERY LOW DENSITY,RM,Assisted Living Class C,assisted_living_c,none,C,conditional_use,3,§ 911.04A.66,read,,https://ecode360.com/45476524,2026-09-26
RM-VL,MULTI-UNIT RESIDENTIAL VERY LOW DENSITY,RM,Community Home,community_home,none,S,zbe_special_exception,2,§ 911.04A.84,read,,https://ecode360.com/45476524,2026-09-26
RM-VL,MULTI-UNIT RESIDENTIAL VERY LOW DENSITY,RM,Housing for the Elderly (Limited),elderly_limited,senior,S,zbe_special_exception,2,§ 911.04A.35,read,,https://ecode360.com/45476524,2026-09-26
RM-VL,MULTI-UNIT RESIDENTIAL VERY LOW DENSITY,RM,Housing for the Elderly (General),elderly_general,senior,S,zbe_special_exception,2,§ 911.04A.35,read,,https://ecode360.com/45476524,2026-09-26
RM-VL,MULTI-UNIT RESIDENTIAL VERY LOW DENSITY,RM,Interim Housing,interim_housing,none,,not_permitted,4,,read,,https://ecode360.com/45476524,2026-09-26
RM-VL,MULTI-UNIT RESIDENTIAL VERY LOW DENSITY,RM,Multi-Suite Residential (Limited),multi_suite_limited,none,C,conditional_use,3,§ 911.04A.41,read,,https://ecode360.com/45476524,2026-09-26
RM-VL,MULTI-UNIT RESIDENTIAL VERY LOW DENSITY,RM,Multi-Suite Residential (General),multi_suite_general,none,,not_permitted,4,§ 911.04A.41,read,,https://ecode360.com/45476524,2026-09-26
RM-VL,MULTI-UNIT RESIDENTIAL VERY LOW DENSITY,RM,Personal Care Residence (Large),personal_care_large,none,S,zbe_special_exception,2,§ 911.04A.95A,read,,https://ecode360.com/45476524,2026-09-26
RM-VL,MULTI-UNIT RESIDENTIAL VERY LOW DENSITY,RM,Personal Care Residence (Small),personal_care_small,none,A,za,1,§ 911.04A.95B,read,,https://ecode360.com/45476524,2026-09-26
RP,RESIDENTIAL PLANNED UNIT DEVELOPMENT,,Single-Unit Detached Residential,single_detached,sfd,,per_plan,,§909.02.D.2(a),read_ecode360,RP has no by-right table: 'permitted uses shall be those listed in this section that are in accordance with an approved unit development plan and recorded improvement subdivision site plan' (Planning Commission). Dwellings of all these types are listed. Creating a new RP requires a rezoning (Council).,https://ecode360.com/print/PI6865?guid=45476287,2026-09-26
RP,RESIDENTIAL PLANNED UNIT DEVELOPMENT,,Single-Unit Attached Residential,single_attached,townhome,,per_plan,,§909.02.D.2(a),read_ecode360,RP has no by-right table: 'permitted uses shall be those listed in this section that are in accordance with an approved unit development plan and recorded improvement subdivision site plan' (Planning Commission). Dwellings of all these types are listed. Creating a new RP requires a rezoning (Council).,https://ecode360.com/print/PI6865?guid=45476287,2026-09-26
RP,RESIDENTIAL PLANNED UNIT DEVELOPMENT,,Two-Unit Residential,two_unit,duplex,,per_plan,,§909.02.D.2(a),read_ecode360,RP has no by-right table: 'permitted uses shall be those listed in this section that are in accordance with an approved unit development plan and recorded improvement subdivision site plan' (Planning Commission). Dwellings of all these types are listed. Creating a new RP requires a rezoning (Council).,https://ecode360.com/print/PI6865?guid=45476287,2026-09-26
RP,RESIDENTIAL PLANNED UNIT DEVELOPMENT,,Three-Unit Residential,three_unit,none,,per_plan,,§909.02.D.2(a),read_ecode360,RP has no by-right table: 'permitted uses shall be those listed in this section that are in accordance with an approved unit development plan and recorded improvement subdivision site plan' (Planning Commission). Dwellings of all these types are listed. Creating a new RP requires a rezoning (Council).,https://ecode360.com/print/PI6865?guid=45476287,2026-09-26
RP,RESIDENTIAL PLANNED UNIT DEVELOPMENT,,Multi-Unit Residential,multi_unit,apartments,,per_plan,,§909.02.D.2(a),read_ecode360,RP has no by-right table: 'permitted uses shall be those listed in this section that are in accordance with an approved unit development plan and recorded improvement subdivision site plan' (Planning Commission). Dwellings of all these types are listed. Creating a new RP requires a rezoning (Council).,https://ecode360.com/print/PI6865?guid=45476287,2026-09-26
RP,RESIDENTIAL PLANNED UNIT DEVELOPMENT,,Assisted Living Class A,assisted_living_a,none,S,zbe_special_exception,2,§909.02.D.6(b)(1),read_ecode360,'Assisted Living' (classes not distinguished) is a ZBA Special Exception in RP; §911.04.A.66 applies.,https://ecode360.com/print/PI6865?guid=45476287,2026-09-26
RP,RESIDENTIAL PLANNED UNIT DEVELOPMENT,,Assisted Living Class B,assisted_living_b,none,S,zbe_special_exception,2,§909.02.D.6(b)(1),read_ecode360,'Assisted Living' (classes not distinguished) is a ZBA Special Exception in RP; §911.04.A.66 applies.,https://ecode360.com/print/PI6865?guid=45476287,2026-09-26
RP,RESIDENTIAL PLANNED UNIT DEVELOPMENT,,Assisted Living Class C,assisted_living_c,none,S,zbe_special_exception,2,§909.02.D.6(b)(1),read_ecode360,'Assisted Living' (classes not distinguished) is a ZBA Special Exception in RP; §911.04.A.66 applies.,https://ecode360.com/print/PI6865?guid=45476287,2026-09-26
RP,RESIDENTIAL PLANNED UNIT DEVELOPMENT,,Community Home,community_home,none,S,zbe_special_exception,2,§909.02.D.6(a)(2) and (b)(3),read_ecode360,Internal conflict: Community Home is listed both as a Conditional Use (D.6(a)(2)) and as a Special Exception (D.6(b)(3)). Coded S (less demanding); may require C. Flag for legal review.,https://ecode360.com/print/PI6865?guid=45476287,2026-09-26
RP,RESIDENTIAL PLANNED UNIT DEVELOPMENT,,Housing for the Elderly (Limited),elderly_limited,senior,C,conditional_use,3,§909.02.D.6(a)(1),read_ecode360,"'Housing for the Elderly' (Limited/General not distinguished) is a Conditional Use in RP (Planning Commission + Council, §922.06), incorporated into the approved unit development plan; §911.04.A.35 applies.",https://ecode360.com/print/PI6865?guid=45476287,2026-09-26
RP,RESIDENTIAL PLANNED UNIT DEVELOPMENT,,Housing for the Elderly (General),elderly_general,senior,C,conditional_use,3,§909.02.D.6(a)(1),read_ecode360,"'Housing for the Elderly' (Limited/General not distinguished) is a Conditional Use in RP (Planning Commission + Council, §922.06), incorporated into the approved unit development plan; §911.04.A.35 applies.",https://ecode360.com/print/PI6865?guid=45476287,2026-09-26
RP,RESIDENTIAL PLANNED UNIT DEVELOPMENT,,Interim Housing,interim_housing,none,,unknown,,,not_in_911_02,District not in §911.02 table (SP/PUD/public-realm/non-City); see special-district-residential-permissions.csv,https://ecode360.com/45476524,2026-09-26
RP,RESIDENTIAL PLANNED UNIT DEVELOPMENT,,Multi-Suite Residential (Limited),multi_suite_limited,none,,not_permitted,4,"§909.02.D.2, D.6",read_ecode360,"Not listed among RP uses or use exceptions. RP also allows LNC by-right uses as a minor part of the development, but LNC does not allow this use by right (§911.02 LNC = A).",https://ecode360.com/print/PI6865?guid=45476287,2026-09-26
RP,RESIDENTIAL PLANNED UNIT DEVELOPMENT,,Multi-Suite Residential (General),multi_suite_general,none,,not_permitted,4,"§909.02.D.2, D.6",read_ecode360,"Not listed among RP uses or use exceptions. RP also allows LNC by-right uses as a minor part of the development, but LNC does not allow this use by right (§911.02 LNC = S).",https://ecode360.com/print/PI6865?guid=45476287,2026-09-26
RP,RESIDENTIAL PLANNED UNIT DEVELOPMENT,,Personal Care Residence (Large),personal_care_large,none,,not_permitted,4,"§909.02.D.2, D.6",read_ecode360,"Not listed among RP uses or use exceptions. RP also allows LNC by-right uses as a minor part of the development, but LNC does not allow this use by right (§911.02 LNC = S).",https://ecode360.com/print/PI6865?guid=45476287,2026-09-26
RP,RESIDENTIAL PLANNED UNIT DEVELOPMENT,,Personal Care Residence (Small),personal_care_small,none,,not_permitted,4,"§909.02.D.2, D.6",read_ecode360,"Not listed among RP uses or use exceptions. RP also allows LNC by-right uses as a minor part of the development, but LNC does not allow this use by right (§911.02 LNC = A).",https://ecode360.com/print/PI6865?guid=45476287,2026-09-26
SP-1,PITTSBURGH TECHNOLOGY CENTER,,Single-Unit Detached Residential,single_detached,sfd,,not_permitted,4,§909.01.F.1,read_ecode360,SP-1 has a closed use list; only Multi-Unit Residential is listed among residential uses.,https://ecode360.com/print/PI6865?guid=45475623,2026-09-26
SP-1,PITTSBURGH TECHNOLOGY CENTER,,Single-Unit Attached Residential,single_attached,townhome,,not_permitted,4,§909.01.F.1,read_ecode360,SP-1 has a closed use list; only Multi-Unit Residential is listed among residential uses.,https://ecode360.com/print/PI6865?guid=45475623,2026-09-26
SP-1,PITTSBURGH TECHNOLOGY CENTER,,Two-Unit Residential,two_unit,duplex,,not_permitted,4,§909.01.F.1,read_ecode360,SP-1 has a closed use list; only Multi-Unit Residential is listed among residential uses.,https://ecode360.com/print/PI6865?guid=45475623,2026-09-26
SP-1,PITTSBURGH TECHNOLOGY CENTER,,Three-Unit Residential,three_unit,none,,not_permitted,4,§909.01.F.1,read_ecode360,SP-1 has a closed use list; only Multi-Unit Residential is listed among residential uses.,https://ecode360.com/print/PI6865?guid=45475623,2026-09-26
SP-1,PITTSBURGH TECHNOLOGY CENTER,,Multi-Unit Residential,multi_unit,apartments,P,by_right,0,§909.01.F.1(i),read_ecode360,Only residential use in SP-1's closed list ('for only the uses listed'). Development governed by Planning Commission-approved Final Land Development Plan (§909.01.B.3; §922.11).; >=4 units triggers Site Plan Review (§922.04) and RCO Development Activities Meeting if a hearing is needed,https://ecode360.com/print/PI6865?guid=45475623,2026-09-26
SP-1,PITTSBURGH TECHNOLOGY CENTER,,Assisted Living Class A,assisted_living_a,none,,not_permitted,4,§909.01.F.1,read_ecode360,SP-1 has a closed use list; only Multi-Unit Residential is listed among residential uses.,https://ecode360.com/print/PI6865?guid=45475623,2026-09-26
SP-1,PITTSBURGH TECHNOLOGY CENTER,,Assisted Living Class B,assisted_living_b,none,,not_permitted,4,§909.01.F.1,read_ecode360,SP-1 has a closed use list; only Multi-Unit Residential is listed among residential uses.,https://ecode360.com/print/PI6865?guid=45475623,2026-09-26
SP-1,PITTSBURGH TECHNOLOGY CENTER,,Assisted Living Class C,assisted_living_c,none,,not_permitted,4,§909.01.F.1,read_ecode360,SP-1 has a closed use list; only Multi-Unit Residential is listed among residential uses.,https://ecode360.com/print/PI6865?guid=45475623,2026-09-26
SP-1,PITTSBURGH TECHNOLOGY CENTER,,Community Home,community_home,none,,not_permitted,4,§909.01.F.1,read_ecode360,SP-1 has a closed use list; only Multi-Unit Residential is listed among residential uses.,https://ecode360.com/print/PI6865?guid=45475623,2026-09-26
SP-1,PITTSBURGH TECHNOLOGY CENTER,,Housing for the Elderly (Limited),elderly_limited,senior,,not_permitted,4,§909.01.F.1,read_ecode360,SP-1 has a closed use list; only Multi-Unit Residential is listed among residential uses.,https://ecode360.com/print/PI6865?guid=45475623,2026-09-26
SP-1,PITTSBURGH TECHNOLOGY CENTER,,Housing for the Elderly (General),elderly_general,senior,,not_permitted,4,§909.01.F.1,read_ecode360,SP-1 has a closed use list; only Multi-Unit Residential is listed among residential uses.,https://ecode360.com/print/PI6865?guid=45475623,2026-09-26
SP-1,PITTSBURGH TECHNOLOGY CENTER,,Interim Housing,interim_housing,none,,unknown,,,not_in_911_02,District not in §911.02 table (SP/PUD/public-realm/non-City); see special-district-residential-permissions.csv,https://ecode360.com/45476524,2026-09-26
SP-1,PITTSBURGH TECHNOLOGY CENTER,,Multi-Suite Residential (Limited),multi_suite_limited,none,,not_permitted,4,§909.01.F.1,read_ecode360,SP-1 has a closed use list; only Multi-Unit Residential is listed among residential uses.,https://ecode360.com/print/PI6865?guid=45475623,2026-09-26
SP-1,PITTSBURGH TECHNOLOGY CENTER,,Multi-Suite Residential (General),multi_suite_general,none,,not_permitted,4,§909.01.F.1,read_ecode360,SP-1 has a closed use list; only Multi-Unit Residential is listed among residential uses.,https://ecode360.com/print/PI6865?guid=45475623,2026-09-26
SP-1,PITTSBURGH TECHNOLOGY CENTER,,Personal Care Residence (Large),personal_care_large,none,,not_permitted,4,§909.01.F.1,read_ecode360,SP-1 has a closed use list; only Multi-Unit Residential is listed among residential uses.,https://ecode360.com/print/PI6865?guid=45475623,2026-09-26
SP-1,PITTSBURGH TECHNOLOGY CENTER,,Personal Care Residence (Small),personal_care_small,none,,not_permitted,4,§909.01.F.1,read_ecode360,SP-1 has a closed use list; only Multi-Unit Residential is listed among residential uses.,https://ecode360.com/print/PI6865?guid=45475623,2026-09-26
SP-10,ALMONO,,Single-Unit Detached Residential,single_detached,sfd,P,by_right,0,§909.01.Q.3.A; SP-10 Appendix Table 1; SP-10 definitions 'Residential: Low/Medium/High',unconfirmed,"SP-10 does not use §911.02 residential types. Table 1 permits 'Residential: Low' (25-38 du per developable acre; only HG Blocks 62-63), 'Medium' (39-62) and 'High' (63+) on all blocks. Mapping this dwelling-unit use to those density bands is our interpretation; a project below 25 du/acre fits no listed category. Table 1 URL: https://ecode360.com/attachment/336977/PI6865-009a%20SP-10%20Appendix.pdf",https://ecode360.com/print/PI6865?guid=45475623,2026-09-26
SP-10,ALMONO,,Single-Unit Attached Residential,single_attached,townhome,P,by_right,0,§909.01.Q.3.A; SP-10 Appendix Table 1; SP-10 definitions 'Residential: Low/Medium/High',unconfirmed,"SP-10 does not use §911.02 residential types. Table 1 permits 'Residential: Low' (25-38 du per developable acre; only HG Blocks 62-63), 'Medium' (39-62) and 'High' (63+) on all blocks. Mapping this dwelling-unit use to those density bands is our interpretation; a project below 25 du/acre fits no listed category. Table 1 URL: https://ecode360.com/attachment/336977/PI6865-009a%20SP-10%20Appendix.pdf",https://ecode360.com/print/PI6865?guid=45475623,2026-09-26
SP-10,ALMONO,,Two-Unit Residential,two_unit,duplex,P,by_right,0,§909.01.Q.3.A; SP-10 Appendix Table 1; SP-10 definitions 'Residential: Low/Medium/High',unconfirmed,"SP-10 does not use §911.02 residential types. Table 1 permits 'Residential: Low' (25-38 du per developable acre; only HG Blocks 62-63), 'Medium' (39-62) and 'High' (63+) on all blocks. Mapping this dwelling-unit use to those density bands is our interpretation; a project below 25 du/acre fits no listed category. Table 1 URL: https://ecode360.com/attachment/336977/PI6865-009a%20SP-10%20Appendix.pdf",https://ecode360.com/print/PI6865?guid=45475623,2026-09-26
SP-10,ALMONO,,Three-Unit Residential,three_unit,none,P,by_right,0,§909.01.Q.3.A; SP-10 Appendix Table 1; SP-10 definitions 'Residential: Low/Medium/High',unconfirmed,"SP-10 does not use §911.02 residential types. Table 1 permits 'Residential: Low' (25-38 du per developable acre; only HG Blocks 62-63), 'Medium' (39-62) and 'High' (63+) on all blocks. Mapping this dwelling-unit use to those density bands is our interpretation; a project below 25 du/acre fits no listed category. Table 1 URL: https://ecode360.com/attachment/336977/PI6865-009a%20SP-10%20Appendix.pdf",https://ecode360.com/print/PI6865?guid=45475623,2026-09-26
SP-10,ALMONO,,Multi-Unit Residential,multi_unit,apartments,P,by_right,0,§909.01.Q.3.A; SP-10 Appendix Table 1; SP-10 definitions 'Residential: Low/Medium/High',read_ecode360,"SP-10 does not use §911.02 residential types. Table 1 permits 'Residential: Low' (25-38 du per developable acre; only HG Blocks 62-63), 'Medium' (39-62) and 'High' (63+) on all blocks. Mapping this dwelling-unit use to those density bands is our interpretation; a project below 25 du/acre fits no listed category. Table 1 URL: https://ecode360.com/attachment/336977/PI6865-009a%20SP-10%20Appendix.pdf; >=4 units triggers Site Plan Review (§922.04) and RCO Development Activities Meeting if a hearing is needed",https://ecode360.com/print/PI6865?guid=45475623,2026-09-26
SP-10,ALMONO,,Assisted Living Class A,assisted_living_a,none,,unknown,,§909.01.Q.3.A; SP-10 Appendix Table 1,unconfirmed,"Table 1 lists no group/care residential use by name; 'Residential' bands are defined in dwelling units per developable acre, which does not map cleanly to beds/sleeping rooms. Whether this use counts as a 'residential use' under SP-10 is unconfirmed. Table 1: https://ecode360.com/attachment/336977/PI6865-009a%20SP-10%20Appendix.pdf",https://ecode360.com/print/PI6865?guid=45475623,2026-09-26
SP-10,ALMONO,,Assisted Living Class B,assisted_living_b,none,,unknown,,§909.01.Q.3.A; SP-10 Appendix Table 1,unconfirmed,"Table 1 lists no group/care residential use by name; 'Residential' bands are defined in dwelling units per developable acre, which does not map cleanly to beds/sleeping rooms. Whether this use counts as a 'residential use' under SP-10 is unconfirmed. Table 1: https://ecode360.com/attachment/336977/PI6865-009a%20SP-10%20Appendix.pdf",https://ecode360.com/print/PI6865?guid=45475623,2026-09-26
SP-10,ALMONO,,Assisted Living Class C,assisted_living_c,none,,unknown,,§909.01.Q.3.A; SP-10 Appendix Table 1,unconfirmed,"Table 1 lists no group/care residential use by name; 'Residential' bands are defined in dwelling units per developable acre, which does not map cleanly to beds/sleeping rooms. Whether this use counts as a 'residential use' under SP-10 is unconfirmed. Table 1: https://ecode360.com/attachment/336977/PI6865-009a%20SP-10%20Appendix.pdf",https://ecode360.com/print/PI6865?guid=45475623,2026-09-26
SP-10,ALMONO,,Community Home,community_home,none,,unknown,,§909.01.Q.3.A; SP-10 Appendix Table 1,unconfirmed,"Table 1 lists no group/care residential use by name; 'Residential' bands are defined in dwelling units per developable acre, which does not map cleanly to beds/sleeping rooms. Whether this use counts as a 'residential use' under SP-10 is unconfirmed. Table 1: https://ecode360.com/attachment/336977/PI6865-009a%20SP-10%20Appendix.pdf",https://ecode360.com/print/PI6865?guid=45475623,2026-09-26
SP-10,ALMONO,,Housing for the Elderly (Limited),elderly_limited,senior,P,by_right,0,§909.01.Q.3.A; SP-10 Appendix Table 1; SP-10 definitions 'Residential: Low/Medium/High',unconfirmed,"SP-10 does not use §911.02 residential types. Table 1 permits 'Residential: Low' (25-38 du per developable acre; only HG Blocks 62-63), 'Medium' (39-62) and 'High' (63+) on all blocks. Mapping this dwelling-unit use to those density bands is our interpretation; a project below 25 du/acre fits no listed category. Table 1 URL: https://ecode360.com/attachment/336977/PI6865-009a%20SP-10%20Appendix.pdf",https://ecode360.com/print/PI6865?guid=45475623,2026-09-26
SP-10,ALMONO,,Housing for the Elderly (General),elderly_general,senior,P,by_right,0,§909.01.Q.3.A; SP-10 Appendix Table 1; SP-10 definitions 'Residential: Low/Medium/High',unconfirmed,"SP-10 does not use §911.02 residential types. Table 1 permits 'Residential: Low' (25-38 du per developable acre; only HG Blocks 62-63), 'Medium' (39-62) and 'High' (63+) on all blocks. Mapping this dwelling-unit use to those density bands is our interpretation; a project below 25 du/acre fits no listed category. Table 1 URL: https://ecode360.com/attachment/336977/PI6865-009a%20SP-10%20Appendix.pdf",https://ecode360.com/print/PI6865?guid=45475623,2026-09-26
SP-10,ALMONO,,Interim Housing,interim_housing,none,,unknown,,,not_in_911_02,District not in §911.02 table (SP/PUD/public-realm/non-City); see special-district-residential-permissions.csv,https://ecode360.com/45476524,2026-09-26
SP-10,ALMONO,,Multi-Suite Residential (Limited),multi_suite_limited,none,,unknown,,§909.01.Q.3.A; SP-10 Appendix Table 1,unconfirmed,"Table 1 lists no group/care residential use by name; 'Residential' bands are defined in dwelling units per developable acre, which does not map cleanly to beds/sleeping rooms. Whether this use counts as a 'residential use' under SP-10 is unconfirmed. Table 1: https://ecode360.com/attachment/336977/PI6865-009a%20SP-10%20Appendix.pdf",https://ecode360.com/print/PI6865?guid=45475623,2026-09-26
SP-10,ALMONO,,Multi-Suite Residential (General),multi_suite_general,none,,unknown,,§909.01.Q.3.A; SP-10 Appendix Table 1,unconfirmed,"Table 1 lists no group/care residential use by name; 'Residential' bands are defined in dwelling units per developable acre, which does not map cleanly to beds/sleeping rooms. Whether this use counts as a 'residential use' under SP-10 is unconfirmed. Table 1: https://ecode360.com/attachment/336977/PI6865-009a%20SP-10%20Appendix.pdf",https://ecode360.com/print/PI6865?guid=45475623,2026-09-26
SP-10,ALMONO,,Personal Care Residence (Large),personal_care_large,none,,unknown,,§909.01.Q.3.A; SP-10 Appendix Table 1,unconfirmed,"Table 1 lists no group/care residential use by name; 'Residential' bands are defined in dwelling units per developable acre, which does not map cleanly to beds/sleeping rooms. Whether this use counts as a 'residential use' under SP-10 is unconfirmed. Table 1: https://ecode360.com/attachment/336977/PI6865-009a%20SP-10%20Appendix.pdf",https://ecode360.com/print/PI6865?guid=45475623,2026-09-26
SP-10,ALMONO,,Personal Care Residence (Small),personal_care_small,none,,unknown,,§909.01.Q.3.A; SP-10 Appendix Table 1,unconfirmed,"Table 1 lists no group/care residential use by name; 'Residential' bands are defined in dwelling units per developable acre, which does not map cleanly to beds/sleeping rooms. Whether this use counts as a 'residential use' under SP-10 is unconfirmed. Table 1: https://ecode360.com/attachment/336977/PI6865-009a%20SP-10%20Appendix.pdf",https://ecode360.com/print/PI6865?guid=45475623,2026-09-26
SP-11,LOWER HILL,,Single-Unit Detached Residential,single_detached,sfd,,not_permitted,4,§909.01.R.3,read_ecode360,"SUBDISTRICT-DEPENDENT: Subdistrict 1 = not_permitted (closed list, §909.01.R.3(a)); Subdistricts 2-3 = not_permitted (GT use list plus additions, §909.01.R.3(b)).",https://ecode360.com/print/PI6865?guid=45475623,2026-09-26
SP-11,LOWER HILL,,Single-Unit Attached Residential,single_attached,townhome,P,by_right,0,§909.01.R.3,read_ecode360,"SUBDISTRICT-DEPENDENT: Subdistrict 1 = P (closed list, §909.01.R.3(a)); Subdistricts 2-3 = P (GT use list plus additions, §909.01.R.3(b)).",https://ecode360.com/print/PI6865?guid=45475623,2026-09-26
SP-11,LOWER HILL,,Two-Unit Residential,two_unit,duplex,P,by_right,0,§909.01.R.3,read_ecode360,"SUBDISTRICT-DEPENDENT: Subdistrict 1 = P (closed list, §909.01.R.3(a)); Subdistricts 2-3 = P (GT use list plus additions, §909.01.R.3(b)).",https://ecode360.com/print/PI6865?guid=45475623,2026-09-26
SP-11,LOWER HILL,,Three-Unit Residential,three_unit,none,P,by_right,0,§909.01.R.3,read_ecode360,"SUBDISTRICT-DEPENDENT: Subdistrict 1 = P (closed list, §909.01.R.3(a)); Subdistricts 2-3 = P (GT use list plus additions, §909.01.R.3(b)).",https://ecode360.com/print/PI6865?guid=45475623,2026-09-26
SP-11,LOWER HILL,,Multi-Unit Residential,multi_unit,apartments,P,by_right,0,§909.01.R.3,read_ecode360,"SUBDISTRICT-DEPENDENT: Subdistrict 1 = P (closed list, §909.01.R.3(a)); Subdistricts 2-3 = P (GT use list plus additions, §909.01.R.3(b)).; >=4 units triggers Site Plan Review (§922.04) and RCO Development Activities Meeting if a hearing is needed",https://ecode360.com/print/PI6865?guid=45475623,2026-09-26
SP-11,LOWER HILL,,Assisted Living Class A,assisted_living_a,none,P,by_right,0,§909.01.R.3,read_ecode360,"SUBDISTRICT-DEPENDENT: Subdistrict 1 = not_permitted (closed list, §909.01.R.3(a)); Subdistricts 2-3 = P (GT use list plus additions, §909.01.R.3(b)). Code shows the most permissive subdistrict.",https://ecode360.com/print/PI6865?guid=45475623,2026-09-26
SP-11,LOWER HILL,,Assisted Living Class B,assisted_living_b,none,P,by_right,0,§909.01.R.3,read_ecode360,"SUBDISTRICT-DEPENDENT: Subdistrict 1 = not_permitted (closed list, §909.01.R.3(a)); Subdistricts 2-3 = P (GT use list plus additions, §909.01.R.3(b)). Code shows the most permissive subdistrict.",https://ecode360.com/print/PI6865?guid=45475623,2026-09-26
SP-11,LOWER HILL,,Assisted Living Class C,assisted_living_c,none,P,by_right,0,§909.01.R.3,read_ecode360,"SUBDISTRICT-DEPENDENT: Subdistrict 1 = not_permitted (closed list, §909.01.R.3(a)); Subdistricts 2-3 = P (GT use list plus additions, §909.01.R.3(b)). Code shows the most permissive subdistrict.",https://ecode360.com/print/PI6865?guid=45475623,2026-09-26
SP-11,LOWER HILL,,Community Home,community_home,none,S,zbe_special_exception,2,§909.01.R.3,read_ecode360,"SUBDISTRICT-DEPENDENT: Subdistrict 1 = not_permitted (closed list, §909.01.R.3(a)); Subdistricts 2-3 = S (GT use list plus additions, §909.01.R.3(b)). Code shows the most permissive subdistrict.",https://ecode360.com/print/PI6865?guid=45475623,2026-09-26
SP-11,LOWER HILL,,Housing for the Elderly (Limited),elderly_limited,senior,P,by_right,0,§909.01.R.3,read_ecode360,"SUBDISTRICT-DEPENDENT: Subdistrict 1 = P (closed list, §909.01.R.3(a)); Subdistricts 2-3 = P (GT use list plus additions, §909.01.R.3(b)).",https://ecode360.com/print/PI6865?guid=45475623,2026-09-26
SP-11,LOWER HILL,,Housing for the Elderly (General),elderly_general,senior,P,by_right,0,§909.01.R.3,read_ecode360,"SUBDISTRICT-DEPENDENT: Subdistrict 1 = S (closed list, §909.01.R.3(a)); Subdistricts 2-3 = P (GT use list plus additions, §909.01.R.3(b)). Subdistrict 1: Special Exception subject to §911.04.A.35(a),(b); Subdistricts 2-3: by right. Code shows the most permissive subdistrict.",https://ecode360.com/print/PI6865?guid=45475623,2026-09-26
SP-11,LOWER HILL,,Interim Housing,interim_housing,none,,unknown,,,not_in_911_02,District not in §911.02 table (SP/PUD/public-realm/non-City); see special-district-residential-permissions.csv,https://ecode360.com/45476524,2026-09-26
SP-11,LOWER HILL,,Multi-Suite Residential (Limited),multi_suite_limited,none,P,by_right,0,§909.01.R.3,read_ecode360,"SUBDISTRICT-DEPENDENT: Subdistrict 1 = not_permitted (closed list, §909.01.R.3(a)); Subdistricts 2-3 = P (GT use list plus additions, §909.01.R.3(b)). Code shows the most permissive subdistrict.",https://ecode360.com/print/PI6865?guid=45475623,2026-09-26
SP-11,LOWER HILL,,Multi-Suite Residential (General),multi_suite_general,none,P,by_right,0,§909.01.R.3,read_ecode360,"SUBDISTRICT-DEPENDENT: Subdistrict 1 = not_permitted (closed list, §909.01.R.3(a)); Subdistricts 2-3 = P (GT use list plus additions, §909.01.R.3(b)). Code shows the most permissive subdistrict.",https://ecode360.com/print/PI6865?guid=45475623,2026-09-26
SP-11,LOWER HILL,,Personal Care Residence (Large),personal_care_large,none,S,zbe_special_exception,2,§909.01.R.3,read_ecode360,"SUBDISTRICT-DEPENDENT: Subdistrict 1 = not_permitted (closed list, §909.01.R.3(a)); Subdistricts 2-3 = S (GT use list plus additions, §909.01.R.3(b)). Code shows the most permissive subdistrict.",https://ecode360.com/print/PI6865?guid=45475623,2026-09-26
SP-11,LOWER HILL,,Personal Care Residence (Small),personal_care_small,none,S,zbe_special_exception,2,§909.01.R.3,read_ecode360,"SUBDISTRICT-DEPENDENT: Subdistrict 1 = not_permitted (closed list, §909.01.R.3(a)); Subdistricts 2-3 = S (GT use list plus additions, §909.01.R.3(b)). §909.01.R.3(b)(iii) lists Personal Care Residence (Small) as a Special Exception 'in addition to' GT, although the §911.02 GT column shows A; the specific SP-11 listing is used here - flag for legal review. Code shows the most permissive subdistrict.",https://ecode360.com/print/PI6865?guid=45475623,2026-09-26
SP-4,STATION SQUARE,,Single-Unit Detached Residential,single_detached,sfd,,not_permitted,4,§909.01.I.1-4 (use lists),read_ecode360,Not in any SP-4 subdistrict's closed use list ('for only the following uses'). Subdistricts I-IV have the same residential rule.,https://ecode360.com/print/PI6865?guid=45475623,2026-09-26
SP-4,STATION SQUARE,,Single-Unit Attached Residential,single_attached,townhome,,not_permitted,4,§909.01.I.1-4 (use lists),read_ecode360,Not in any SP-4 subdistrict's closed use list ('for only the following uses'). Subdistricts I-IV have the same residential rule.,https://ecode360.com/print/PI6865?guid=45475623,2026-09-26
SP-4,STATION SQUARE,,Two-Unit Residential,two_unit,duplex,,not_permitted,4,§909.01.I.1-4 (use lists),read_ecode360,Not in any SP-4 subdistrict's closed use list ('for only the following uses'). Subdistricts I-IV have the same residential rule.,https://ecode360.com/print/PI6865?guid=45475623,2026-09-26
SP-4,STATION SQUARE,,Three-Unit Residential,three_unit,none,,not_permitted,4,§909.01.I.1-4 (use lists),read_ecode360,Not in any SP-4 subdistrict's closed use list ('for only the following uses'). Subdistricts I-IV have the same residential rule.,https://ecode360.com/print/PI6865?guid=45475623,2026-09-26
SP-4,STATION SQUARE,,Multi-Unit Residential,multi_unit,apartments,P,by_right,0,"§909.01.I.1(a)(1), I.2(a)(1), I.3(a)(1), I.4(a)(1)",read_ecode360,'Multiple-unit dwellings' (I-III) / 'Multi-unit residential' (IV) listed in all four SP-4 subdistricts. SP-4(IV) also requires compliance with the Preliminary Land Development Plan.; >=4 units triggers Site Plan Review (§922.04) and RCO Development Activities Meeting if a hearing is needed,https://ecode360.com/print/PI6865?guid=45475623,2026-09-26
SP-4,STATION SQUARE,,Assisted Living Class A,assisted_living_a,none,,not_permitted,4,§909.01.I.1-4 (use lists),read_ecode360,Not in any SP-4 subdistrict's closed use list ('for only the following uses'). Subdistricts I-IV have the same residential rule.,https://ecode360.com/print/PI6865?guid=45475623,2026-09-26
SP-4,STATION SQUARE,,Assisted Living Class B,assisted_living_b,none,,not_permitted,4,§909.01.I.1-4 (use lists),read_ecode360,Not in any SP-4 subdistrict's closed use list ('for only the following uses'). Subdistricts I-IV have the same residential rule.,https://ecode360.com/print/PI6865?guid=45475623,2026-09-26
SP-4,STATION SQUARE,,Assisted Living Class C,assisted_living_c,none,,not_permitted,4,§909.01.I.1-4 (use lists),read_ecode360,Not in any SP-4 subdistrict's closed use list ('for only the following uses'). Subdistricts I-IV have the same residential rule.,https://ecode360.com/print/PI6865?guid=45475623,2026-09-26
SP-4,STATION SQUARE,,Community Home,community_home,none,,not_permitted,4,§909.01.I.1-4 (use lists),read_ecode360,Not in any SP-4 subdistrict's closed use list ('for only the following uses'). Subdistricts I-IV have the same residential rule.,https://ecode360.com/print/PI6865?guid=45475623,2026-09-26
SP-4,STATION SQUARE,,Housing for the Elderly (Limited),elderly_limited,senior,,not_permitted,4,§909.01.I.1-4 (use lists),read_ecode360,Not in any SP-4 subdistrict's closed use list ('for only the following uses'). Subdistricts I-IV have the same residential rule.,https://ecode360.com/print/PI6865?guid=45475623,2026-09-26
SP-4,STATION SQUARE,,Housing for the Elderly (General),elderly_general,senior,,not_permitted,4,§909.01.I.1-4 (use lists),read_ecode360,Not in any SP-4 subdistrict's closed use list ('for only the following uses'). Subdistricts I-IV have the same residential rule.,https://ecode360.com/print/PI6865?guid=45475623,2026-09-26
SP-4,STATION SQUARE,,Interim Housing,interim_housing,none,,unknown,,,not_in_911_02,District not in §911.02 table (SP/PUD/public-realm/non-City); see special-district-residential-permissions.csv,https://ecode360.com/45476524,2026-09-26
SP-4,STATION SQUARE,,Multi-Suite Residential (Limited),multi_suite_limited,none,,not_permitted,4,§909.01.I.1-4 (use lists),read_ecode360,Not in any SP-4 subdistrict's closed use list ('for only the following uses'). Subdistricts I-IV have the same residential rule.,https://ecode360.com/print/PI6865?guid=45475623,2026-09-26
SP-4,STATION SQUARE,,Multi-Suite Residential (General),multi_suite_general,none,,not_permitted,4,§909.01.I.1-4 (use lists),read_ecode360,Not in any SP-4 subdistrict's closed use list ('for only the following uses'). Subdistricts I-IV have the same residential rule.,https://ecode360.com/print/PI6865?guid=45475623,2026-09-26
SP-4,STATION SQUARE,,Personal Care Residence (Large),personal_care_large,none,,not_permitted,4,§909.01.I.1-4 (use lists),read_ecode360,Not in any SP-4 subdistrict's closed use list ('for only the following uses'). Subdistricts I-IV have the same residential rule.,https://ecode360.com/print/PI6865?guid=45475623,2026-09-26
SP-4,STATION SQUARE,,Personal Care Residence (Small),personal_care_small,none,,not_permitted,4,§909.01.I.1-4 (use lists),read_ecode360,Not in any SP-4 subdistrict's closed use list ('for only the following uses'). Subdistricts I-IV have the same residential rule.,https://ecode360.com/print/PI6865?guid=45475623,2026-09-26
SP-5,SOUTHSIDE WORKS,,Single-Unit Detached Residential,single_detached,sfd,,not_permitted,4,§909.01.J.1,read_ecode360,Not in the closed use list of any SP-5 subdistrict (A-C list only Single-Unit Attached and Multi-Unit Residential).,https://ecode360.com/print/PI6865?guid=45475623,2026-09-26
SP-5,SOUTHSIDE WORKS,,Single-Unit Attached Residential,single_attached,townhome,P,by_right,0,"§909.01.J.1(a)(1), (b)(1), (c)(1)",read_ecode360,"Listed in all three SP-5 development subdistricts (A, B, C). Final Land Development Plan approval by Planning Commission governs development (§909.01.B.3).",https://ecode360.com/print/PI6865?guid=45475623,2026-09-26
SP-5,SOUTHSIDE WORKS,,Two-Unit Residential,two_unit,duplex,,not_permitted,4,§909.01.J.1,read_ecode360,Not in the closed use list of any SP-5 subdistrict (A-C list only Single-Unit Attached and Multi-Unit Residential).,https://ecode360.com/print/PI6865?guid=45475623,2026-09-26
SP-5,SOUTHSIDE WORKS,,Three-Unit Residential,three_unit,none,,not_permitted,4,§909.01.J.1,read_ecode360,Not in the closed use list of any SP-5 subdistrict (A-C list only Single-Unit Attached and Multi-Unit Residential).,https://ecode360.com/print/PI6865?guid=45475623,2026-09-26
SP-5,SOUTHSIDE WORKS,,Multi-Unit Residential,multi_unit,apartments,P,by_right,0,"§909.01.J.1(a)(1), (b)(1), (c)(1)",read_ecode360,"Listed in all three SP-5 development subdistricts (A, B, C). Final Land Development Plan approval by Planning Commission governs development (§909.01.B.3).; >=4 units triggers Site Plan Review (§922.04) and RCO Development Activities Meeting if a hearing is needed",https://ecode360.com/print/PI6865?guid=45475623,2026-09-26
SP-5,SOUTHSIDE WORKS,,Assisted Living Class A,assisted_living_a,none,,not_permitted,4,§909.01.J.1,read_ecode360,Not in the closed use list of any SP-5 subdistrict (A-C list only Single-Unit Attached and Multi-Unit Residential).,https://ecode360.com/print/PI6865?guid=45475623,2026-09-26
SP-5,SOUTHSIDE WORKS,,Assisted Living Class B,assisted_living_b,none,,not_permitted,4,§909.01.J.1,read_ecode360,Not in the closed use list of any SP-5 subdistrict (A-C list only Single-Unit Attached and Multi-Unit Residential).,https://ecode360.com/print/PI6865?guid=45475623,2026-09-26
SP-5,SOUTHSIDE WORKS,,Assisted Living Class C,assisted_living_c,none,,not_permitted,4,§909.01.J.1,read_ecode360,Not in the closed use list of any SP-5 subdistrict (A-C list only Single-Unit Attached and Multi-Unit Residential).,https://ecode360.com/print/PI6865?guid=45475623,2026-09-26
SP-5,SOUTHSIDE WORKS,,Community Home,community_home,none,,not_permitted,4,§909.01.J.1,read_ecode360,Not in the closed use list of any SP-5 subdistrict (A-C list only Single-Unit Attached and Multi-Unit Residential).,https://ecode360.com/print/PI6865?guid=45475623,2026-09-26
SP-5,SOUTHSIDE WORKS,,Housing for the Elderly (Limited),elderly_limited,senior,,not_permitted,4,§909.01.J.1,read_ecode360,Not in the closed use list of any SP-5 subdistrict (A-C list only Single-Unit Attached and Multi-Unit Residential).,https://ecode360.com/print/PI6865?guid=45475623,2026-09-26
SP-5,SOUTHSIDE WORKS,,Housing for the Elderly (General),elderly_general,senior,,not_permitted,4,§909.01.J.1,read_ecode360,Not in the closed use list of any SP-5 subdistrict (A-C list only Single-Unit Attached and Multi-Unit Residential).,https://ecode360.com/print/PI6865?guid=45475623,2026-09-26
SP-5,SOUTHSIDE WORKS,,Interim Housing,interim_housing,none,,unknown,,,not_in_911_02,District not in §911.02 table (SP/PUD/public-realm/non-City); see special-district-residential-permissions.csv,https://ecode360.com/45476524,2026-09-26
SP-5,SOUTHSIDE WORKS,,Multi-Suite Residential (Limited),multi_suite_limited,none,,not_permitted,4,§909.01.J.1,read_ecode360,Not in the closed use list of any SP-5 subdistrict (A-C list only Single-Unit Attached and Multi-Unit Residential).,https://ecode360.com/print/PI6865?guid=45475623,2026-09-26
SP-5,SOUTHSIDE WORKS,,Multi-Suite Residential (General),multi_suite_general,none,,not_permitted,4,§909.01.J.1,read_ecode360,Not in the closed use list of any SP-5 subdistrict (A-C list only Single-Unit Attached and Multi-Unit Residential).,https://ecode360.com/print/PI6865?guid=45475623,2026-09-26
SP-5,SOUTHSIDE WORKS,,Personal Care Residence (Large),personal_care_large,none,,not_permitted,4,§909.01.J.1,read_ecode360,Not in the closed use list of any SP-5 subdistrict (A-C list only Single-Unit Attached and Multi-Unit Residential).,https://ecode360.com/print/PI6865?guid=45475623,2026-09-26
SP-5,SOUTHSIDE WORKS,,Personal Care Residence (Small),personal_care_small,none,,not_permitted,4,§909.01.J.1,read_ecode360,Not in the closed use list of any SP-5 subdistrict (A-C list only Single-Unit Attached and Multi-Unit Residential).,https://ecode360.com/print/PI6865?guid=45475623,2026-09-26
SP-8,RIVERFRONT LANDING,,Single-Unit Detached Residential,single_detached,sfd,,not_permitted,4,§909.01.O.4(a); §911.02 (GT column),read_ecode360,"SP-8 primary uses are 'the same as; subject to the same use review and approval processes as' the GT district, as amended from time to time. Zones A-F do not change uses.",https://ecode360.com/print/PI6865?guid=45475623,2026-09-26
SP-8,RIVERFRONT LANDING,,Single-Unit Attached Residential,single_attached,townhome,P,by_right,0,§909.01.O.4(a),read_ecode360,"Added by right ('Residential, Single Family Attached') on top of the GT use list.",https://ecode360.com/print/PI6865?guid=45475623,2026-09-26
SP-8,RIVERFRONT LANDING,,Two-Unit Residential,two_unit,duplex,P,by_right,0,§909.01.O.4(a); §911.02 (GT column),read_ecode360,"SP-8 primary uses are 'the same as; subject to the same use review and approval processes as' the GT district, as amended from time to time. Zones A-F do not change uses.",https://ecode360.com/print/PI6865?guid=45475623,2026-09-26
SP-8,RIVERFRONT LANDING,,Three-Unit Residential,three_unit,none,P,by_right,0,§909.01.O.4(a); §911.02 (GT column),read_ecode360,"SP-8 primary uses are 'the same as; subject to the same use review and approval processes as' the GT district, as amended from time to time. Zones A-F do not change uses.",https://ecode360.com/print/PI6865?guid=45475623,2026-09-26
SP-8,RIVERFRONT LANDING,,Multi-Unit Residential,multi_unit,apartments,P,by_right,0,§909.01.O.4(a); §911.02 (GT column),read_ecode360,"SP-8 primary uses are 'the same as; subject to the same use review and approval processes as' the GT district, as amended from time to time. Zones A-F do not change uses.; >=4 units triggers Site Plan Review (§922.04) and RCO Development Activities Meeting if a hearing is needed",https://ecode360.com/print/PI6865?guid=45475623,2026-09-26
SP-8,RIVERFRONT LANDING,,Assisted Living Class A,assisted_living_a,none,P,by_right,0,§909.01.O.4(a); §911.02 (GT column),read_ecode360,"SP-8 primary uses are 'the same as; subject to the same use review and approval processes as' the GT district, as amended from time to time. Zones A-F do not change uses.",https://ecode360.com/print/PI6865?guid=45475623,2026-09-26
SP-8,RIVERFRONT LANDING,,Assisted Living Class B,assisted_living_b,none,P,by_right,0,§909.01.O.4(a); §911.02 (GT column),read_ecode360,"SP-8 primary uses are 'the same as; subject to the same use review and approval processes as' the GT district, as amended from time to time. Zones A-F do not change uses.",https://ecode360.com/print/PI6865?guid=45475623,2026-09-26
SP-8,RIVERFRONT LANDING,,Assisted Living Class C,assisted_living_c,none,P,by_right,0,§909.01.O.4(a); §911.02 (GT column),read_ecode360,"SP-8 primary uses are 'the same as; subject to the same use review and approval processes as' the GT district, as amended from time to time. Zones A-F do not change uses.",https://ecode360.com/print/PI6865?guid=45475623,2026-09-26
SP-8,RIVERFRONT LANDING,,Community Home,community_home,none,S,zbe_special_exception,2,§909.01.O.4(a); §911.02 (GT column),read_ecode360,"SP-8 primary uses are 'the same as; subject to the same use review and approval processes as' the GT district, as amended from time to time. Zones A-F do not change uses.",https://ecode360.com/print/PI6865?guid=45475623,2026-09-26
SP-8,RIVERFRONT LANDING,,Housing for the Elderly (Limited),elderly_limited,senior,A,za,1,§909.01.O.4(a); §911.02 (GT column),read_ecode360,"SP-8 primary uses are 'the same as; subject to the same use review and approval processes as' the GT district, as amended from time to time. Zones A-F do not change uses.",https://ecode360.com/print/PI6865?guid=45475623,2026-09-26
SP-8,RIVERFRONT LANDING,,Housing for the Elderly (General),elderly_general,senior,A,za,1,§909.01.O.4(b),read_ecode360,"Added as 'permitted subject to review by the Zoning Administrator pursuant to Section 922.08' (Administrator Exception), subject to §911.04.A.35. GT column itself is blank for this use.",https://ecode360.com/print/PI6865?guid=45475623,2026-09-26
SP-8,RIVERFRONT LANDING,,Interim Housing,interim_housing,none,,unknown,,,not_in_911_02,District not in §911.02 table (SP/PUD/public-realm/non-City); see special-district-residential-permissions.csv,https://ecode360.com/45476524,2026-09-26
SP-8,RIVERFRONT LANDING,,Multi-Suite Residential (Limited),multi_suite_limited,none,P,by_right,0,§909.01.O.4(a); §911.02 (GT column),read_ecode360,"SP-8 primary uses are 'the same as; subject to the same use review and approval processes as' the GT district, as amended from time to time. Zones A-F do not change uses.",https://ecode360.com/print/PI6865?guid=45475623,2026-09-26
SP-8,RIVERFRONT LANDING,,Multi-Suite Residential (General),multi_suite_general,none,P,by_right,0,§909.01.O.4(a); §911.02 (GT column),read_ecode360,"SP-8 primary uses are 'the same as; subject to the same use review and approval processes as' the GT district, as amended from time to time. Zones A-F do not change uses.",https://ecode360.com/print/PI6865?guid=45475623,2026-09-26
SP-8,RIVERFRONT LANDING,,Personal Care Residence (Large),personal_care_large,none,S,zbe_special_exception,2,§909.01.O.4(a); §911.02 (GT column),read_ecode360,"SP-8 primary uses are 'the same as; subject to the same use review and approval processes as' the GT district, as amended from time to time. Zones A-F do not change uses.",https://ecode360.com/print/PI6865?guid=45475623,2026-09-26
SP-8,RIVERFRONT LANDING,,Personal Care Residence (Small),personal_care_small,none,A,za,1,§909.01.O.4(a); §911.02 (GT column),read_ecode360,"SP-8 primary uses are 'the same as; subject to the same use review and approval processes as' the GT district, as amended from time to time. Zones A-F do not change uses.",https://ecode360.com/print/PI6865?guid=45475623,2026-09-26
SP-9,BAKERY SQUARE,,Single-Unit Detached Residential,single_detached,sfd,P,by_right,0,§909.01.P.1(b)(1),read_ecode360,"SUBDISTRICT-DEPENDENT: listed only in Subdistrict B; not permitted in A, C, D, E. Code shows the most permissive subdistrict.",https://ecode360.com/print/PI6865?guid=45475623,2026-09-26
SP-9,BAKERY SQUARE,,Single-Unit Attached Residential,single_attached,townhome,P,by_right,0,§909.01.P.1(b)(1),read_ecode360,"SUBDISTRICT-DEPENDENT: listed only in Subdistrict B; not permitted in A, C, D, E. Code shows the most permissive subdistrict.",https://ecode360.com/print/PI6865?guid=45475623,2026-09-26
SP-9,BAKERY SQUARE,,Two-Unit Residential,two_unit,duplex,P,by_right,0,§909.01.P.1(b)(1),read_ecode360,"SUBDISTRICT-DEPENDENT: listed only in Subdistrict B; not permitted in A, C, D, E. Code shows the most permissive subdistrict.",https://ecode360.com/print/PI6865?guid=45475623,2026-09-26
SP-9,BAKERY SQUARE,,Three-Unit Residential,three_unit,none,P,by_right,0,§909.01.P.1(b)(1),read_ecode360,"SUBDISTRICT-DEPENDENT: listed only in Subdistrict B; not permitted in A, C, D, E. Code shows the most permissive subdistrict.",https://ecode360.com/print/PI6865?guid=45475623,2026-09-26
SP-9,BAKERY SQUARE,,Multi-Unit Residential,multi_unit,apartments,P,by_right,0,§909.01.P.1(a)-(e) (D and E incorporate C),read_ecode360,Listed in all five SP-9 subdistricts (A-E).; >=4 units triggers Site Plan Review (§922.04) and RCO Development Activities Meeting if a hearing is needed,https://ecode360.com/print/PI6865?guid=45475623,2026-09-26
SP-9,BAKERY SQUARE,,Assisted Living Class A,assisted_living_a,none,P,by_right,0,§909.01.P.1(c)(1); (d)(1) and (e)(1) 'All uses permitted within Subdistrict C',read_ecode360,"SUBDISTRICT-DEPENDENT: listed in Subdistricts C, D, E only; not permitted in A or B. Code shows the most permissive subdistrict.",https://ecode360.com/print/PI6865?guid=45475623,2026-09-26
SP-9,BAKERY SQUARE,,Assisted Living Class B,assisted_living_b,none,P,by_right,0,§909.01.P.1(c)(1); (d)(1) and (e)(1) 'All uses permitted within Subdistrict C',read_ecode360,"SUBDISTRICT-DEPENDENT: listed in Subdistricts C, D, E only; not permitted in A or B. Code shows the most permissive subdistrict.",https://ecode360.com/print/PI6865?guid=45475623,2026-09-26
SP-9,BAKERY SQUARE,,Assisted Living Class C,assisted_living_c,none,P,by_right,0,§909.01.P.1(c)(1); (d)(1) and (e)(1) 'All uses permitted within Subdistrict C',read_ecode360,"SUBDISTRICT-DEPENDENT: listed in Subdistricts C, D, E only; not permitted in A or B. Code shows the most permissive subdistrict.",https://ecode360.com/print/PI6865?guid=45475623,2026-09-26
SP-9,BAKERY SQUARE,,Community Home,community_home,none,,not_permitted,4,§909.01.P.1,read_ecode360,Community Home is not in any SP-9 subdistrict's closed use list.,https://ecode360.com/print/PI6865?guid=45475623,2026-09-26
SP-9,BAKERY SQUARE,,Housing for the Elderly (Limited),elderly_limited,senior,P,by_right,0,§909.01.P.1(c)(1); (d)(1) and (e)(1) 'All uses permitted within Subdistrict C',read_ecode360,"SUBDISTRICT-DEPENDENT: listed in Subdistricts C, D, E only; not permitted in A or B. Code shows the most permissive subdistrict.",https://ecode360.com/print/PI6865?guid=45475623,2026-09-26
SP-9,BAKERY SQUARE,,Housing for the Elderly (General),elderly_general,senior,P,by_right,0,§909.01.P.1(c)(1); (d)(1) and (e)(1) 'All uses permitted within Subdistrict C',read_ecode360,"SUBDISTRICT-DEPENDENT: listed in Subdistricts C, D, E only; not permitted in A or B. Code shows the most permissive subdistrict.",https://ecode360.com/print/PI6865?guid=45475623,2026-09-26
SP-9,BAKERY SQUARE,,Interim Housing,interim_housing,none,,unknown,,,not_in_911_02,District not in §911.02 table (SP/PUD/public-realm/non-City); see special-district-residential-permissions.csv,https://ecode360.com/45476524,2026-09-26
SP-9,BAKERY SQUARE,,Multi-Suite Residential (Limited),multi_suite_limited,none,P,by_right,0,§909.01.P.1(c)(1); (d)(1) and (e)(1) 'All uses permitted within Subdistrict C',read_ecode360,"SUBDISTRICT-DEPENDENT: listed in Subdistricts C, D, E only; not permitted in A or B. Code shows the most permissive subdistrict.",https://ecode360.com/print/PI6865?guid=45475623,2026-09-26
SP-9,BAKERY SQUARE,,Multi-Suite Residential (General),multi_suite_general,none,P,by_right,0,§909.01.P.1(c)(1); (d)(1) and (e)(1) 'All uses permitted within Subdistrict C',read_ecode360,"SUBDISTRICT-DEPENDENT: listed in Subdistricts C, D, E only; not permitted in A or B. Code shows the most permissive subdistrict.",https://ecode360.com/print/PI6865?guid=45475623,2026-09-26
SP-9,BAKERY SQUARE,,Personal Care Residence (Large),personal_care_large,none,P,by_right,0,§909.01.P.1(c)(1); (d)(1) and (e)(1) 'All uses permitted within Subdistrict C',read_ecode360,"SUBDISTRICT-DEPENDENT: listed in Subdistricts C, D, E only; not permitted in A or B. Code shows the most permissive subdistrict.",https://ecode360.com/print/PI6865?guid=45475623,2026-09-26
SP-9,BAKERY SQUARE,,Personal Care Residence (Small),personal_care_small,none,P,by_right,0,§909.01.P.1(c)(1); (d)(1) and (e)(1) 'All uses permitted within Subdistrict C',read_ecode360,"SUBDISTRICT-DEPENDENT: listed in Subdistricts C, D, E only; not permitted in A or B. Code shows the most permissive subdistrict.",https://ecode360.com/print/PI6865?guid=45475623,2026-09-26
UC-E,URBAN CENTER EMPLOYMENT,UC-E,Single-Unit Detached Residential,single_detached,sfd,,not_permitted,4,§ 911.04A.69,read,,https://ecode360.com/45476524,2026-09-26
UC-E,URBAN CENTER EMPLOYMENT,UC-E,Single-Unit Attached Residential,single_attached,townhome,,not_permitted,4,§ 911.04A.69; § 911.04A.69A,read,,https://ecode360.com/45476524,2026-09-26
UC-E,URBAN CENTER EMPLOYMENT,UC-E,Two-Unit Residential,two_unit,duplex,,not_permitted,4,,read,,https://ecode360.com/45476524,2026-09-26
UC-E,URBAN CENTER EMPLOYMENT,UC-E,Three-Unit Residential,three_unit,none,,not_permitted,4,,read,,https://ecode360.com/45476524,2026-09-26
UC-E,URBAN CENTER EMPLOYMENT,UC-E,Multi-Unit Residential,multi_unit,apartments,A,za,1,§ 911.04A.85,read,>=4 units triggers Site Plan Review (§922.04) and RCO Development Activities Meeting if a hearing is needed,https://ecode360.com/45476524,2026-09-26
UC-E,URBAN CENTER EMPLOYMENT,UC-E,Assisted Living Class A,assisted_living_a,none,A,za,1,§ 911.04A.66,read,,https://ecode360.com/45476524,2026-09-26
UC-E,URBAN CENTER EMPLOYMENT,UC-E,Assisted Living Class B,assisted_living_b,none,S,zbe_special_exception,2,§ 911.04A.66,read,,https://ecode360.com/45476524,2026-09-26
UC-E,URBAN CENTER EMPLOYMENT,UC-E,Assisted Living Class C,assisted_living_c,none,S,zbe_special_exception,2,§ 911.04A.66,read,,https://ecode360.com/45476524,2026-09-26
UC-E,URBAN CENTER EMPLOYMENT,UC-E,Community Home,community_home,none,S,zbe_special_exception,2,§ 911.04A.84,read,,https://ecode360.com/45476524,2026-09-26
UC-E,URBAN CENTER EMPLOYMENT,UC-E,Housing for the Elderly (Limited),elderly_limited,senior,A,za,1,§ 911.04A.35,read,,https://ecode360.com/45476524,2026-09-26
UC-E,URBAN CENTER EMPLOYMENT,UC-E,Housing for the Elderly (General),elderly_general,senior,S,zbe_special_exception,2,§ 911.04A.35,read,,https://ecode360.com/45476524,2026-09-26
UC-E,URBAN CENTER EMPLOYMENT,UC-E,Interim Housing,interim_housing,none,S,zbe_special_exception,2,,read,,https://ecode360.com/45476524,2026-09-26
UC-E,URBAN CENTER EMPLOYMENT,UC-E,Multi-Suite Residential (Limited),multi_suite_limited,none,A,za,1,§ 911.04A.41,read,,https://ecode360.com/45476524,2026-09-26
UC-E,URBAN CENTER EMPLOYMENT,UC-E,Multi-Suite Residential (General),multi_suite_general,none,A,za,1,§ 911.04A.41,read,,https://ecode360.com/45476524,2026-09-26
UC-E,URBAN CENTER EMPLOYMENT,UC-E,Personal Care Residence (Large),personal_care_large,none,S,zbe_special_exception,2,§ 911.04A.95A,read,,https://ecode360.com/45476524,2026-09-26
UC-E,URBAN CENTER EMPLOYMENT,UC-E,Personal Care Residence (Small),personal_care_small,none,A,za,1,§ 911.04A.95B,read,,https://ecode360.com/45476524,2026-09-26
UC-MU,URBAN CENTER MIXED USE,UC-MU,Single-Unit Detached Residential,single_detached,sfd,,not_permitted,4,§ 911.04A.69,read,,https://ecode360.com/45476524,2026-09-26
UC-MU,URBAN CENTER MIXED USE,UC-MU,Single-Unit Attached Residential,single_attached,townhome,P,by_right,0,§ 911.04A.69; § 911.04A.69A,read,,https://ecode360.com/45476524,2026-09-26
UC-MU,URBAN CENTER MIXED USE,UC-MU,Two-Unit Residential,two_unit,duplex,P,by_right,0,,read,,https://ecode360.com/45476524,2026-09-26
UC-MU,URBAN CENTER MIXED USE,UC-MU,Three-Unit Residential,three_unit,none,P,by_right,0,,read,,https://ecode360.com/45476524,2026-09-26
UC-MU,URBAN CENTER MIXED USE,UC-MU,Multi-Unit Residential,multi_unit,apartments,P,by_right,0,§ 911.04A.85,read,>=4 units triggers Site Plan Review (§922.04) and RCO Development Activities Meeting if a hearing is needed,https://ecode360.com/45476524,2026-09-26
UC-MU,URBAN CENTER MIXED USE,UC-MU,Assisted Living Class A,assisted_living_a,none,A,za,1,§ 911.04A.66,read,,https://ecode360.com/45476524,2026-09-26
UC-MU,URBAN CENTER MIXED USE,UC-MU,Assisted Living Class B,assisted_living_b,none,S,zbe_special_exception,2,§ 911.04A.66,read,,https://ecode360.com/45476524,2026-09-26
UC-MU,URBAN CENTER MIXED USE,UC-MU,Assisted Living Class C,assisted_living_c,none,S,zbe_special_exception,2,§ 911.04A.66,read,,https://ecode360.com/45476524,2026-09-26
UC-MU,URBAN CENTER MIXED USE,UC-MU,Community Home,community_home,none,S,zbe_special_exception,2,§ 911.04A.84,read,,https://ecode360.com/45476524,2026-09-26
UC-MU,URBAN CENTER MIXED USE,UC-MU,Housing for the Elderly (Limited),elderly_limited,senior,P,by_right,0,§ 911.04A.35,read,,https://ecode360.com/45476524,2026-09-26
UC-MU,URBAN CENTER MIXED USE,UC-MU,Housing for the Elderly (General),elderly_general,senior,S,zbe_special_exception,2,§ 911.04A.35,read,,https://ecode360.com/45476524,2026-09-26
UC-MU,URBAN CENTER MIXED USE,UC-MU,Interim Housing,interim_housing,none,S,zbe_special_exception,2,,read,,https://ecode360.com/45476524,2026-09-26
UC-MU,URBAN CENTER MIXED USE,UC-MU,Multi-Suite Residential (Limited),multi_suite_limited,none,P,by_right,0,§ 911.04A.41,read,,https://ecode360.com/45476524,2026-09-26
UC-MU,URBAN CENTER MIXED USE,UC-MU,Multi-Suite Residential (General),multi_suite_general,none,P,by_right,0,§ 911.04A.41,read,,https://ecode360.com/45476524,2026-09-26
UC-MU,URBAN CENTER MIXED USE,UC-MU,Personal Care Residence (Large),personal_care_large,none,S,zbe_special_exception,2,§ 911.04A.95A,read,,https://ecode360.com/45476524,2026-09-26
UC-MU,URBAN CENTER MIXED USE,UC-MU,Personal Care Residence (Small),personal_care_small,none,A,za,1,§ 911.04A.95B,read,,https://ecode360.com/45476524,2026-09-26
UI,URBAN INDUSTRIAL,UI,Single-Unit Detached Residential,single_detached,sfd,,not_permitted,4,§ 911.04A.69,read,,https://ecode360.com/45476524,2026-09-26
UI,URBAN INDUSTRIAL,UI,Single-Unit Attached Residential,single_attached,townhome,,not_permitted,4,§ 911.04A.69; § 911.04A.69A,read,,https://ecode360.com/45476524,2026-09-26
UI,URBAN INDUSTRIAL,UI,Two-Unit Residential,two_unit,duplex,,not_permitted,4,,read,,https://ecode360.com/45476524,2026-09-26
UI,URBAN INDUSTRIAL,UI,Three-Unit Residential,three_unit,none,,not_permitted,4,,read,,https://ecode360.com/45476524,2026-09-26
UI,URBAN INDUSTRIAL,UI,Multi-Unit Residential,multi_unit,apartments,S,zbe_special_exception,2,§ 911.04A.85,read,>=4 units triggers Site Plan Review (§922.04) and RCO Development Activities Meeting if a hearing is needed,https://ecode360.com/45476524,2026-09-26
UI,URBAN INDUSTRIAL,UI,Assisted Living Class A,assisted_living_a,none,P,by_right,0,§ 911.04A.66,read,,https://ecode360.com/45476524,2026-09-26
UI,URBAN INDUSTRIAL,UI,Assisted Living Class B,assisted_living_b,none,P,by_right,0,§ 911.04A.66,read,,https://ecode360.com/45476524,2026-09-26
UI,URBAN INDUSTRIAL,UI,Assisted Living Class C,assisted_living_c,none,S,zbe_special_exception,2,§ 911.04A.66,read,,https://ecode360.com/45476524,2026-09-26
UI,URBAN INDUSTRIAL,UI,Community Home,community_home,none,S,zbe_special_exception,2,§ 911.04A.84,read,,https://ecode360.com/45476524,2026-09-26
UI,URBAN INDUSTRIAL,UI,Housing for the Elderly (Limited),elderly_limited,senior,A,za,1,§ 911.04A.35,read,,https://ecode360.com/45476524,2026-09-26
UI,URBAN INDUSTRIAL,UI,Housing for the Elderly (General),elderly_general,senior,S,zbe_special_exception,2,§ 911.04A.35,read,,https://ecode360.com/45476524,2026-09-26
UI,URBAN INDUSTRIAL,UI,Interim Housing,interim_housing,none,S,zbe_special_exception,2,,read,,https://ecode360.com/45476524,2026-09-26
UI,URBAN INDUSTRIAL,UI,Multi-Suite Residential (Limited),multi_suite_limited,none,P,by_right,0,§ 911.04A.41,read,,https://ecode360.com/45476524,2026-09-26
UI,URBAN INDUSTRIAL,UI,Multi-Suite Residential (General),multi_suite_general,none,A,za,1,§ 911.04A.41,read,,https://ecode360.com/45476524,2026-09-26
UI,URBAN INDUSTRIAL,UI,Personal Care Residence (Large),personal_care_large,none,S,zbe_special_exception,2,§ 911.04A.95A,read,,https://ecode360.com/45476524,2026-09-26
UI,URBAN INDUSTRIAL,UI,Personal Care Residence (Small),personal_care_small,none,A,za,1,§ 911.04A.95B,read,,https://ecode360.com/45476524,2026-09-26
UNC,URBAN NEIGHBORHOOD COMMERCIAL,UNC,Single-Unit Detached Residential,single_detached,sfd,P,by_right,0,§ 911.04A.69,read,,https://ecode360.com/45476524,2026-09-26
UNC,URBAN NEIGHBORHOOD COMMERCIAL,UNC,Single-Unit Attached Residential,single_attached,townhome,P,by_right,0,§ 911.04A.69; § 911.04A.69A,read,,https://ecode360.com/45476524,2026-09-26
UNC,URBAN NEIGHBORHOOD COMMERCIAL,UNC,Two-Unit Residential,two_unit,duplex,P,by_right,0,,read,,https://ecode360.com/45476524,2026-09-26
UNC,URBAN NEIGHBORHOOD COMMERCIAL,UNC,Three-Unit Residential,three_unit,none,P,by_right,0,,read,,https://ecode360.com/45476524,2026-09-26
UNC,URBAN NEIGHBORHOOD COMMERCIAL,UNC,Multi-Unit Residential,multi_unit,apartments,P,by_right,0,§ 911.04A.85,read,>=4 units triggers Site Plan Review (§922.04) and RCO Development Activities Meeting if a hearing is needed,https://ecode360.com/45476524,2026-09-26
UNC,URBAN NEIGHBORHOOD COMMERCIAL,UNC,Assisted Living Class A,assisted_living_a,none,P,by_right,0,§ 911.04A.66,read,,https://ecode360.com/45476524,2026-09-26
UNC,URBAN NEIGHBORHOOD COMMERCIAL,UNC,Assisted Living Class B,assisted_living_b,none,P,by_right,0,§ 911.04A.66,read,,https://ecode360.com/45476524,2026-09-26
UNC,URBAN NEIGHBORHOOD COMMERCIAL,UNC,Assisted Living Class C,assisted_living_c,none,S,zbe_special_exception,2,§ 911.04A.66,read,,https://ecode360.com/45476524,2026-09-26
UNC,URBAN NEIGHBORHOOD COMMERCIAL,UNC,Community Home,community_home,none,S,zbe_special_exception,2,§ 911.04A.84,read,,https://ecode360.com/45476524,2026-09-26
UNC,URBAN NEIGHBORHOOD COMMERCIAL,UNC,Housing for the Elderly (Limited),elderly_limited,senior,A,za,1,§ 911.04A.35,read,,https://ecode360.com/45476524,2026-09-26
UNC,URBAN NEIGHBORHOOD COMMERCIAL,UNC,Housing for the Elderly (General),elderly_general,senior,S,zbe_special_exception,2,§ 911.04A.35,read,,https://ecode360.com/45476524,2026-09-26
UNC,URBAN NEIGHBORHOOD COMMERCIAL,UNC,Interim Housing,interim_housing,none,S,zbe_special_exception,2,,read,,https://ecode360.com/45476524,2026-09-26
UNC,URBAN NEIGHBORHOOD COMMERCIAL,UNC,Multi-Suite Residential (Limited),multi_suite_limited,none,P,by_right,0,§ 911.04A.41,read,,https://ecode360.com/45476524,2026-09-26
UNC,URBAN NEIGHBORHOOD COMMERCIAL,UNC,Multi-Suite Residential (General),multi_suite_general,none,A,za,1,§ 911.04A.41,read,,https://ecode360.com/45476524,2026-09-26
UNC,URBAN NEIGHBORHOOD COMMERCIAL,UNC,Personal Care Residence (Large),personal_care_large,none,S,zbe_special_exception,2,§ 911.04A.95A,read,,https://ecode360.com/45476524,2026-09-26
UNC,URBAN NEIGHBORHOOD COMMERCIAL,UNC,Personal Care Residence (Small),personal_care_small,none,A,za,1,§ 911.04A.95B,read,,https://ecode360.com/45476524,2026-09-26
UPR-A,UPTOWN PUBLIC REALM DISTRICT A,,Single-Unit Detached Residential,single_detached,sfd,,not_permitted,4,§908.04.D.1.b; §911.02 (GT column),read_ecode360,"UPR-A uses 'are the same as those found in Chapter 903 for the GT, Golden Triangle District, except where modified'; no modification for this use, so the §911.02 GT column applies (the text says Ch. 903 though GT is Ch. 910/LNC is Ch. 904; read as the §911.02 column). Uptown PDP/Design Review (§908.01.F, §908.04.C.2) also applies.",https://ecode360.com/print/PI6865?guid=45475575,2026-09-26
UPR-A,UPTOWN PUBLIC REALM DISTRICT A,,Single-Unit Attached Residential,single_attached,townhome,,not_permitted,4,§908.04.D.1.b; §911.02 (GT column),read_ecode360,"UPR-A uses 'are the same as those found in Chapter 903 for the GT, Golden Triangle District, except where modified'; no modification for this use, so the §911.02 GT column applies (the text says Ch. 903 though GT is Ch. 910/LNC is Ch. 904; read as the §911.02 column). Uptown PDP/Design Review (§908.01.F, §908.04.C.2) also applies.",https://ecode360.com/print/PI6865?guid=45475575,2026-09-26
UPR-A,UPTOWN PUBLIC REALM DISTRICT A,,Two-Unit Residential,two_unit,duplex,P,by_right,0,§908.04.D.1.b; §911.02 (GT column),read_ecode360,"UPR-A uses 'are the same as those found in Chapter 903 for the GT, Golden Triangle District, except where modified'; no modification for this use, so the §911.02 GT column applies (the text says Ch. 903 though GT is Ch. 910/LNC is Ch. 904; read as the §911.02 column). Uptown PDP/Design Review (§908.01.F, §908.04.C.2) also applies.",https://ecode360.com/print/PI6865?guid=45475575,2026-09-26
UPR-A,UPTOWN PUBLIC REALM DISTRICT A,,Three-Unit Residential,three_unit,none,P,by_right,0,§908.04.D.1.b; §911.02 (GT column),read_ecode360,"UPR-A uses 'are the same as those found in Chapter 903 for the GT, Golden Triangle District, except where modified'; no modification for this use, so the §911.02 GT column applies (the text says Ch. 903 though GT is Ch. 910/LNC is Ch. 904; read as the §911.02 column). Uptown PDP/Design Review (§908.01.F, §908.04.C.2) also applies.",https://ecode360.com/print/PI6865?guid=45475575,2026-09-26
UPR-A,UPTOWN PUBLIC REALM DISTRICT A,,Multi-Unit Residential,multi_unit,apartments,P,by_right,0,§908.04.D.1.b; §911.02 (GT column),read_ecode360,"UPR-A uses 'are the same as those found in Chapter 903 for the GT, Golden Triangle District, except where modified'; no modification for this use, so the §911.02 GT column applies (the text says Ch. 903 though GT is Ch. 910/LNC is Ch. 904; read as the §911.02 column). Uptown PDP/Design Review (§908.01.F, §908.04.C.2) also applies.; >=4 units triggers Site Plan Review (§922.04) and RCO Development Activities Meeting if a hearing is needed",https://ecode360.com/print/PI6865?guid=45475575,2026-09-26
UPR-A,UPTOWN PUBLIC REALM DISTRICT A,,Assisted Living Class A,assisted_living_a,none,P,by_right,0,§908.04.D.1.b; §911.02 (GT column),read_ecode360,"UPR-A uses 'are the same as those found in Chapter 903 for the GT, Golden Triangle District, except where modified'; no modification for this use, so the §911.02 GT column applies (the text says Ch. 903 though GT is Ch. 910/LNC is Ch. 904; read as the §911.02 column). Uptown PDP/Design Review (§908.01.F, §908.04.C.2) also applies.",https://ecode360.com/print/PI6865?guid=45475575,2026-09-26
UPR-A,UPTOWN PUBLIC REALM DISTRICT A,,Assisted Living Class B,assisted_living_b,none,P,by_right,0,§908.04.D.1.b; §911.02 (GT column),read_ecode360,"UPR-A uses 'are the same as those found in Chapter 903 for the GT, Golden Triangle District, except where modified'; no modification for this use, so the §911.02 GT column applies (the text says Ch. 903 though GT is Ch. 910/LNC is Ch. 904; read as the §911.02 column). Uptown PDP/Design Review (§908.01.F, §908.04.C.2) also applies.",https://ecode360.com/print/PI6865?guid=45475575,2026-09-26
UPR-A,UPTOWN PUBLIC REALM DISTRICT A,,Assisted Living Class C,assisted_living_c,none,P,by_right,0,§908.04.D.1.b; §911.02 (GT column),read_ecode360,"UPR-A uses 'are the same as those found in Chapter 903 for the GT, Golden Triangle District, except where modified'; no modification for this use, so the §911.02 GT column applies (the text says Ch. 903 though GT is Ch. 910/LNC is Ch. 904; read as the §911.02 column). Uptown PDP/Design Review (§908.01.F, §908.04.C.2) also applies.",https://ecode360.com/print/PI6865?guid=45475575,2026-09-26
UPR-A,UPTOWN PUBLIC REALM DISTRICT A,,Community Home,community_home,none,S,zbe_special_exception,2,§908.04.D.1.b; §911.02 (GT column),read_ecode360,"UPR-A uses 'are the same as those found in Chapter 903 for the GT, Golden Triangle District, except where modified'; no modification for this use, so the §911.02 GT column applies (the text says Ch. 903 though GT is Ch. 910/LNC is Ch. 904; read as the §911.02 column). Uptown PDP/Design Review (§908.01.F, §908.04.C.2) also applies.",https://ecode360.com/print/PI6865?guid=45475575,2026-09-26
UPR-A,UPTOWN PUBLIC REALM DISTRICT A,,Housing for the Elderly (Limited),elderly_limited,senior,P,by_right,0,§908.04.D.1.b,read_ecode360,"Listed 'Permitted By Right' in UPR-A, overriding the GT baseline (§911.02 GT = A).",https://ecode360.com/print/PI6865?guid=45475575,2026-09-26
UPR-A,UPTOWN PUBLIC REALM DISTRICT A,,Housing for the Elderly (General),elderly_general,senior,P,by_right,0,§908.04.D.1.b,read_ecode360,"Listed 'Permitted By Right' in UPR-A, overriding the GT baseline (§911.02 GT = blank).",https://ecode360.com/print/PI6865?guid=45475575,2026-09-26
UPR-A,UPTOWN PUBLIC REALM DISTRICT A,,Interim Housing,interim_housing,none,,unknown,,,not_in_911_02,District not in §911.02 table (SP/PUD/public-realm/non-City); see special-district-residential-permissions.csv,https://ecode360.com/45476524,2026-09-26
UPR-A,UPTOWN PUBLIC REALM DISTRICT A,,Multi-Suite Residential (Limited),multi_suite_limited,none,P,by_right,0,§908.04.D.1.b; §911.02 (GT column),read_ecode360,"UPR-A uses 'are the same as those found in Chapter 903 for the GT, Golden Triangle District, except where modified'; no modification for this use, so the §911.02 GT column applies (the text says Ch. 903 though GT is Ch. 910/LNC is Ch. 904; read as the §911.02 column). Uptown PDP/Design Review (§908.01.F, §908.04.C.2) also applies.",https://ecode360.com/print/PI6865?guid=45475575,2026-09-26
UPR-A,UPTOWN PUBLIC REALM DISTRICT A,,Multi-Suite Residential (General),multi_suite_general,none,P,by_right,0,§908.04.D.1.b; §911.02 (GT column),read_ecode360,"UPR-A uses 'are the same as those found in Chapter 903 for the GT, Golden Triangle District, except where modified'; no modification for this use, so the §911.02 GT column applies (the text says Ch. 903 though GT is Ch. 910/LNC is Ch. 904; read as the §911.02 column). Uptown PDP/Design Review (§908.01.F, §908.04.C.2) also applies.",https://ecode360.com/print/PI6865?guid=45475575,2026-09-26
UPR-A,UPTOWN PUBLIC REALM DISTRICT A,,Personal Care Residence (Large),personal_care_large,none,S,zbe_special_exception,2,§908.04.D.1.b; §911.02 (GT column),read_ecode360,"UPR-A uses 'are the same as those found in Chapter 903 for the GT, Golden Triangle District, except where modified'; no modification for this use, so the §911.02 GT column applies (the text says Ch. 903 though GT is Ch. 910/LNC is Ch. 904; read as the §911.02 column). Uptown PDP/Design Review (§908.01.F, §908.04.C.2) also applies.",https://ecode360.com/print/PI6865?guid=45475575,2026-09-26
UPR-A,UPTOWN PUBLIC REALM DISTRICT A,,Personal Care Residence (Small),personal_care_small,none,A,za,1,§908.04.D.1.b; §911.02 (GT column),read_ecode360,"UPR-A uses 'are the same as those found in Chapter 903 for the GT, Golden Triangle District, except where modified'; no modification for this use, so the §911.02 GT column applies (the text says Ch. 903 though GT is Ch. 910/LNC is Ch. 904; read as the §911.02 column). Uptown PDP/Design Review (§908.01.F, §908.04.C.2) also applies.",https://ecode360.com/print/PI6865?guid=45475575,2026-09-26
UPR-B,UPTOWN PUBLIC REALM DISTRICT B,,Single-Unit Detached Residential,single_detached,sfd,P,by_right,0,§908.04.D.2.b; §911.02 (LNC column),read_ecode360,"UPR-B uses 'are the same as those found in Chapter 903 for the LNC, Local Neighborhood Commercial District, except where modified'; no modification for this use, so the §911.02 LNC column applies (the text says Ch. 903 though GT is Ch. 910/LNC is Ch. 904; read as the §911.02 column). Uptown PDP/Design Review (§908.01.F, §908.04.C.2) also applies.",https://ecode360.com/print/PI6865?guid=45475575,2026-09-26
UPR-B,UPTOWN PUBLIC REALM DISTRICT B,,Single-Unit Attached Residential,single_attached,townhome,P,by_right,0,§908.04.D.2.b; §911.02 (LNC column),read_ecode360,"UPR-B uses 'are the same as those found in Chapter 903 for the LNC, Local Neighborhood Commercial District, except where modified'; no modification for this use, so the §911.02 LNC column applies (the text says Ch. 903 though GT is Ch. 910/LNC is Ch. 904; read as the §911.02 column). Uptown PDP/Design Review (§908.01.F, §908.04.C.2) also applies.",https://ecode360.com/print/PI6865?guid=45475575,2026-09-26
UPR-B,UPTOWN PUBLIC REALM DISTRICT B,,Two-Unit Residential,two_unit,duplex,P,by_right,0,§908.04.D.2.b; §911.02 (LNC column),read_ecode360,"UPR-B uses 'are the same as those found in Chapter 903 for the LNC, Local Neighborhood Commercial District, except where modified'; no modification for this use, so the §911.02 LNC column applies (the text says Ch. 903 though GT is Ch. 910/LNC is Ch. 904; read as the §911.02 column). Uptown PDP/Design Review (§908.01.F, §908.04.C.2) also applies.",https://ecode360.com/print/PI6865?guid=45475575,2026-09-26
UPR-B,UPTOWN PUBLIC REALM DISTRICT B,,Three-Unit Residential,three_unit,none,P,by_right,0,§908.04.D.2.b; §911.02 (LNC column),read_ecode360,"UPR-B uses 'are the same as those found in Chapter 903 for the LNC, Local Neighborhood Commercial District, except where modified'; no modification for this use, so the §911.02 LNC column applies (the text says Ch. 903 though GT is Ch. 910/LNC is Ch. 904; read as the §911.02 column). Uptown PDP/Design Review (§908.01.F, §908.04.C.2) also applies.",https://ecode360.com/print/PI6865?guid=45475575,2026-09-26
UPR-B,UPTOWN PUBLIC REALM DISTRICT B,,Multi-Unit Residential,multi_unit,apartments,P,by_right,0,§908.04.D.2.b; §911.02 (LNC column),read_ecode360,"UPR-B uses 'are the same as those found in Chapter 903 for the LNC, Local Neighborhood Commercial District, except where modified'; no modification for this use, so the §911.02 LNC column applies (the text says Ch. 903 though GT is Ch. 910/LNC is Ch. 904; read as the §911.02 column). Uptown PDP/Design Review (§908.01.F, §908.04.C.2) also applies.; >=4 units triggers Site Plan Review (§922.04) and RCO Development Activities Meeting if a hearing is needed",https://ecode360.com/print/PI6865?guid=45475575,2026-09-26
UPR-B,UPTOWN PUBLIC REALM DISTRICT B,,Assisted Living Class A,assisted_living_a,none,A,za,1,§908.04.D.2.b; §911.02 (LNC column),read_ecode360,"UPR-B uses 'are the same as those found in Chapter 903 for the LNC, Local Neighborhood Commercial District, except where modified'; no modification for this use, so the §911.02 LNC column applies (the text says Ch. 903 though GT is Ch. 910/LNC is Ch. 904; read as the §911.02 column). Uptown PDP/Design Review (§908.01.F, §908.04.C.2) also applies.",https://ecode360.com/print/PI6865?guid=45475575,2026-09-26
UPR-B,UPTOWN PUBLIC REALM DISTRICT B,,Assisted Living Class B,assisted_living_b,none,S,zbe_special_exception,2,§908.04.D.2.b; §911.02 (LNC column),read_ecode360,"UPR-B uses 'are the same as those found in Chapter 903 for the LNC, Local Neighborhood Commercial District, except where modified'; no modification for this use, so the §911.02 LNC column applies (the text says Ch. 903 though GT is Ch. 910/LNC is Ch. 904; read as the §911.02 column). Uptown PDP/Design Review (§908.01.F, §908.04.C.2) also applies.",https://ecode360.com/print/PI6865?guid=45475575,2026-09-26
UPR-B,UPTOWN PUBLIC REALM DISTRICT B,,Assisted Living Class C,assisted_living_c,none,S,zbe_special_exception,2,§908.04.D.2.b; §911.02 (LNC column),read_ecode360,"UPR-B uses 'are the same as those found in Chapter 903 for the LNC, Local Neighborhood Commercial District, except where modified'; no modification for this use, so the §911.02 LNC column applies (the text says Ch. 903 though GT is Ch. 910/LNC is Ch. 904; read as the §911.02 column). Uptown PDP/Design Review (§908.01.F, §908.04.C.2) also applies.",https://ecode360.com/print/PI6865?guid=45475575,2026-09-26
UPR-B,UPTOWN PUBLIC REALM DISTRICT B,,Community Home,community_home,none,S,zbe_special_exception,2,§908.04.D.2.b; §911.02 (LNC column),read_ecode360,"UPR-B uses 'are the same as those found in Chapter 903 for the LNC, Local Neighborhood Commercial District, except where modified'; no modification for this use, so the §911.02 LNC column applies (the text says Ch. 903 though GT is Ch. 910/LNC is Ch. 904; read as the §911.02 column). Uptown PDP/Design Review (§908.01.F, §908.04.C.2) also applies.",https://ecode360.com/print/PI6865?guid=45475575,2026-09-26
UPR-B,UPTOWN PUBLIC REALM DISTRICT B,,Housing for the Elderly (Limited),elderly_limited,senior,P,by_right,0,§908.04.D.2.b,read_ecode360,"Listed 'Permitted By Right' in UPR-B, overriding the LNC baseline (§911.02 LNC = A).",https://ecode360.com/print/PI6865?guid=45475575,2026-09-26
UPR-B,UPTOWN PUBLIC REALM DISTRICT B,,Housing for the Elderly (General),elderly_general,senior,P,by_right,0,§908.04.D.2.b,read_ecode360,"Listed 'Permitted By Right' in UPR-B, overriding the LNC baseline (§911.02 LNC = S).",https://ecode360.com/print/PI6865?guid=45475575,2026-09-26
UPR-B,UPTOWN PUBLIC REALM DISTRICT B,,Interim Housing,interim_housing,none,,unknown,,,not_in_911_02,District not in §911.02 table (SP/PUD/public-realm/non-City); see special-district-residential-permissions.csv,https://ecode360.com/45476524,2026-09-26
UPR-B,UPTOWN PUBLIC REALM DISTRICT B,,Multi-Suite Residential (Limited),multi_suite_limited,none,A,za,1,§908.04.D.2.b; §911.02 (LNC column),read_ecode360,"UPR-B uses 'are the same as those found in Chapter 903 for the LNC, Local Neighborhood Commercial District, except where modified'; no modification for this use, so the §911.02 LNC column applies (the text says Ch. 903 though GT is Ch. 910/LNC is Ch. 904; read as the §911.02 column). Uptown PDP/Design Review (§908.01.F, §908.04.C.2) also applies.",https://ecode360.com/print/PI6865?guid=45475575,2026-09-26
UPR-B,UPTOWN PUBLIC REALM DISTRICT B,,Multi-Suite Residential (General),multi_suite_general,none,S,zbe_special_exception,2,§908.04.D.2.b; §911.02 (LNC column),read_ecode360,"UPR-B uses 'are the same as those found in Chapter 903 for the LNC, Local Neighborhood Commercial District, except where modified'; no modification for this use, so the §911.02 LNC column applies (the text says Ch. 903 though GT is Ch. 910/LNC is Ch. 904; read as the §911.02 column). Uptown PDP/Design Review (§908.01.F, §908.04.C.2) also applies.",https://ecode360.com/print/PI6865?guid=45475575,2026-09-26
UPR-B,UPTOWN PUBLIC REALM DISTRICT B,,Personal Care Residence (Large),personal_care_large,none,S,zbe_special_exception,2,§908.04.D.2.b; §911.02 (LNC column),read_ecode360,"UPR-B uses 'are the same as those found in Chapter 903 for the LNC, Local Neighborhood Commercial District, except where modified'; no modification for this use, so the §911.02 LNC column applies (the text says Ch. 903 though GT is Ch. 910/LNC is Ch. 904; read as the §911.02 column). Uptown PDP/Design Review (§908.01.F, §908.04.C.2) also applies.",https://ecode360.com/print/PI6865?guid=45475575,2026-09-26
UPR-B,UPTOWN PUBLIC REALM DISTRICT B,,Personal Care Residence (Small),personal_care_small,none,A,za,1,§908.04.D.2.b; §911.02 (LNC column),read_ecode360,"UPR-B uses 'are the same as those found in Chapter 903 for the LNC, Local Neighborhood Commercial District, except where modified'; no modification for this use, so the §911.02 LNC column applies (the text says Ch. 903 though GT is Ch. 910/LNC is Ch. 904; read as the §911.02 column). Uptown PDP/Design Review (§908.01.F, §908.04.C.2) also applies.",https://ecode360.com/print/PI6865?guid=45475575,2026-09-26
