zone_case,bda_application,year,hearing_date,first_hearing_date_listed,decision_date,days_hearing_to_decision,address,lot_block,parcel_pin,zon_new,zon_base,ward,neighborhood,request_as_captioned,is_housing,housing_scope,typology,typology_source,units_before,units_after,units_added,residential_units_class,relief_type,relief_sections,relief_items,outcome_code,outcome,outcome_group,outcome_source,decision_text_excerpt,lat,lon,geocode_method,decision_pdf,source,meeting_page_date,notes
374 of 2016,"also includes a 12-space integral garage, with access from 38th Street, and 4,050 sf of",2016,2016-10-13,,2016-12-01,49,3700 Butler Street,,,LNC,LNC,6,Lower Lawrenceville,"Use of 23,176sq.ft. of four story structure as an office (general).",no,non_housing,non_residential,manual,,,,NONE,dimensional_variance|special_exception,911.04|914.02,SE|911.04.A.43;V|914.02,AC,Approved with conditions,approved,"auto (regex on decision paragraph, reviewed)","The Applicant's request for a special exception pursuant to Code Section 911.04.A.43 and variance from Code Section 914.02 is hereby APPROVED, subject to the following conditions, with which the Applicant agreed to comply: 1) Office tenants must become Bike Pittsburgh Gold and provide training, showers, and storage facilities intended to encourage alternative forms of transportation; 2) Office tenants must enroll in the Port Authority Jobs Perks Program or any subsequent and similar program inte",40.466218,-79.964629,census_geocoder_address,https://web.archive.org/web/20250222121806/https://www.pittsburghpa.gov/files/assets/city/v/1/dcp/documents/zoning-board-of-adjustment/19983_3700_butler_st_-_374-16.pdf,Internet Archive (Wayback),,OCR of scanned PDF (macOS Vision); 2016 decision found in archive
175 of 2023,DCP-ZDR-2023-09947,2023,2023-12-07,,2023-01-19,,849 Freeport Road,171-F-17,0171F00017000000,CP,CP,12,Lincoln Lemington Belmar,7’ tall double-faced business ground sign (40 sq ft sign face) for Eat N’ Park with 22 sq ft electronic sign,no,non_housing,non_residential,rule,,,,NONE,dimensional_variance,919.03,V|919.03.O.3,AC,Approved with conditions,approved,"auto (regex on decision paragraph, reviewed)","The Applicant’s request for variances from Sections 919.03.O.3 is hereby APPROVED, subject to the conditions that the sign shall not change more frequently than every 30 seconds, shall not make use of any animated or flashing elements and shall not exceed brightness of 2,500 nits during the day and 250 nits at night.",40.487032,-79.891775,parcel_centroid_wprdc,https://web.archive.org/web/20250222100049/https://www.pittsburghpa.gov/files/assets/city/v/1/dcp/documents/zoning-board-of-adjustment/23798_849_freeport_road_-_175_of_2023.pdf,Internet Archive (Wayback),,hearing (2023-12-07) and decision (2023-01-19) dates as printed imply -322 days; year typo in PDF suspected; days left blank
163 of 2023,DCP-ZDR-2022-14719,2024,2024-01-04,,2023-01-23,,446 Stadium Street,42-B-300,0042B00300000000,H,H,20,Sheraden,Construction of a new utility building for People’s Gas,no,non_housing,non_residential,manual,,,,NONE,use_variance,911.02,V|911.02,A,Approved,approved,"auto (regex on decision paragraph, reviewed)",The Applicant’s request for a variance from Seection 911.02 to allow for the replacement of an existing natural gas distribution facility structure is hereby APPROVED.,40.460508,-80.058408,parcel_centroid_wprdc,https://www.pittsburghpa.gov/files/assets/city/v/1/dcp/documents/zoning-board-of-adjustment/23824_446_stadium_street_-_163_of_2023.pdf,pittsburghpa.gov (migrated file; link found on archived dcp/zba page),,hearing (2024-01-04) and decision (2023-01-23) dates as printed imply -346 days; year typo in PDF suspected; days left blank
195 of 2023,DCP-ZDR-2023-07083,2023,2023-01-11,,2023-01-23,12,3114 Brighton Road,76-N-388,0076N00388000000,LNC,LNC,27,Marshall-Shadeland,Conversion of single family house into three residential units,yes,housing_units,three_unit,manual,1,3,2,CONV,dimensional_variance,914.02,V|914.02,A,Approved,approved,"auto (regex on decision paragraph, reviewed)",The Applicant’s request for a variance from Section 914.02 to allow the creation of a new dwelling unit with no off-street parking is hereby APPROVED.,40.474219,-80.028923,parcel_centroid_wprdc,https://www.pittsburghpa.gov/files/assets/city/v/1/dcp/documents/zoning-board-of-adjustment/23825_3114_brighton_road_-_195_of_2023.pdf,pittsburghpa.gov (migrated file; link found on archived dcp/zba page),,
194 of 2023,DCP-ZDR-2023-09237,2023,2023-01-11,,2023-02-07,27,243 Emerson Street,84-G-127,0084G00127000000,R1A-H,R1A,7,Shadyside,Renovation of single-family house for a ‘Multigenerational Family Residence use,yes,housing_units,other_residential,manual,1,1,0,NONE,use_variance,911.02,V|911.02,D,Denied,denied,"auto (regex on decision paragraph, reviewed)","The application to allow the inclusion of separate, non-accessory cooking facilities on the second floor is DENIED.",40.458058,-79.923131,parcel_centroid_wprdc,https://www.pittsburghpa.gov/files/assets/city/v/1/dcp/documents/zoning-board-of-adjustment/24004_243_emerson_street_-_194_of_2023.pdf,pittsburghpa.gov (migrated file; link found on archived dcp/zba page),,multigenerational residence with second kitchen; denied
32 of 2023,DCP-ZDR-2022-10596,2023,2023-04-13,,,,3724 Dawson Street,28-M-269,0028M00269000000,R1A-H,R1A,4,Central Oakland,2-unit residential use,yes,housing_units,two_unit,manual,2,2,0,LEGAL,nonconforming_review,911.02,V|911.02,NC,Nonconforming status confirmed,approved,"auto (regex on decision paragraph, reviewed)",The use of the Subject Property for two units may continue as a legal nonconforming use in the R1A-H District.,40.437908,-79.951779,parcel_centroid_wprdc,https://web.archive.org/web/20250222112740/https://www.pittsburghpa.gov/files/assets/city/v/1/dcp/documents/zoning-board-of-adjustment/21351_3724_dawson_st_-_28-m-269_-_32_of_2023.pdf,Internet Archive (Wayback),,"decision date unparseable as printed: ""May __, 2023""; relief table listed nonconforming_review|use_variance; Board found use legally nonconforming, so relief_type set to nonconforming_review"
25 of 2023,DCP-ZDR-2022-14556,2023,2023-04-13,,2023-05-18,35,1137 Troy Hill Road,24-L-31,0024L00031000000,UI,UI,23,Troy Hill,Two-Unit Residential Use,yes,housing_units,two_unit,manual,2,2,0,LEGAL,dimensional_variance|use_variance,904.07|911.02,V|904.07.C;V|911.02,A,Approved,approved,"auto (regex on decision paragraph, reviewed)",The use of the Subject Property for two residential units may continue as a legal nonconforming use. The Applicant’s request for a variance from Section 904.07.C to allow for the construction of a deck with a 1’ interior side setback from the 1139 Troy Hill Road property is hereby APPROVED.,40.457099,-79.990054,parcel_centroid_wprdc,https://web.archive.org/web/20250222111939/https://www.pittsburghpa.gov/files/assets/city/v/1/dcp/documents/zoning-board-of-adjustment/21350_1137_troy_hill_rd_-_24-l-31_-_25_of_2023.pdf,Internet Archive (Wayback),,nonconforming 2 units confirmed plus deck variance approved
27 of 2023,DCP-ZDR-2023-00688,2023,2023-04-13,,2023-05-18,35,4107 Murray Avenue,87-P-60,0087P00060000000,R2-M,R2,15,Greenfield,One Car Parking Pad,yes,residential_accessory,single_detached,auto (text match; dwelling type often not stated),,,,NONE,dimensional_variance,912.04,V|912.04.L;V|912.04.L.2,AC,Approved with conditions,approved,"auto (regex on decision paragraph, reviewed)","The Applicant’s request for a variance from Section 912.04.L to construct a front yard parking pad is hereby APPROVED, subject to the condition that the curb cut shall be reviewed and approved by the Department of Mobility and Infrastructure.",40.424587,-79.927828,parcel_centroid_wprdc,https://web.archive.org/web/20250222105040/https://www.pittsburghpa.gov/files/assets/city/v/1/dcp/documents/zoning-board-of-adjustment/21346_4107_murray_ave_-_87-p-60_-_27_of_2023.pdf,Internet Archive (Wayback),,
29 of 2023,DCP-ZDR-2022-06282,2023,2023-04-13,,2023-05-18,35,3401 Milwaukee Street,26-P-280,0026P00280000000,R2-L,R2,5,Upper Hill,Renovation of existing structure for public assembly (limited) use for Pittsburgh Playwrights Theatre,no,non_housing,non_residential,manual,,,,NONE,dimensional_variance|special_exception|use_variance,903.03|911.02|912.04|916.04|916.09,V|911.02;V|912.04.B;V|903.03.B.2;SE|916.04.C;SE|916.09,A,Approved,approved,"auto (regex on decision paragraph, reviewed)","The Applicant’s request for variances from Sections 911.02, 912.04.B and 903.03.B.2 and a special exception pursuant to Sections 916.04.C and 916.09 to allow the conversion of the former Madison School building into an arts and community center, as described, with a 13-space parking lot is hereby APPROVED.",40.454839,-79.960978,parcel_centroid_wprdc,https://web.archive.org/web/20250222114148/https://www.pittsburghpa.gov/files/assets/city/v/1/dcp/documents/zoning-board-of-adjustment/21352_3401_milwaukee_st_-_26-p-280_-_29_of_2023.pdf,Internet Archive (Wayback),,
30 of 2023,DCP-ZDR-2022-04012,2023,2023-04-13,,2023-05-18,35,1785 Eben Street,139-C-240,0139C00240000000,R1D-L,R1D,32,Brookline,Parking Pad,yes,residential_accessory,single_detached,auto (text match; dwelling type often not stated),,,,NONE,dimensional_variance,912.04,V|912.04.L;V|912.04.L.2,AC,Approved with conditions,approved,"auto (regex on decision paragraph, reviewed)","The Applicant’s request for a variance from Section 912.04.L to construct a front yard parking pad is hereby APPROVED, subject to the condition that the curb cut shall be reviewed and approved by the Department of Mobility and Infrastructure.",40.384099,-80.006503,parcel_centroid_wprdc,https://web.archive.org/web/20250221205348/https://www.pittsburghpa.gov/files/assets/city/v/1/dcp/documents/zoning-board-of-adjustment/21347_1785_eben_st_-_139-c-240_-_30_of_2023.pdf,Internet Archive (Wayback),,
31 of 2023,DCP-ZDR-2022-11053,2023,2023-04-13,,2023-05-18,35,Wolfrum Street,23-K-135,0023K00135000000,R1A-H,R1A,22,Mexican War Streets,New construction of one-unit residential structure,yes,housing_units,single_detached,manual,0,1,1,NEW,dimensional_variance,903.03,V|903.03.D.2,D,Denied,denied,"auto (regex on decision paragraph, reviewed)","The Applicant’s request for variances from Section 903.03.D.2 to allow for the construction of a house with 0’ front, side and rear setbacks is hereby DENIED.",40.456414,-80.010719,parcel_centroid_wprdc,https://web.archive.org/web/20250222111328/https://www.pittsburghpa.gov/files/assets/city/v/1/dcp/documents/zoning-board-of-adjustment/21349_wolfrum_street_-_23-k-135_-_31_of_2023.pdf,Internet Archive (Wayback),,
8 of 2023,DCP-ZDR-2022-13435,2023,2023-04-06,,2023-05-18,42,1718 5th Avenue,"11-E-3, 11-E-5, 11-E-6, 11-E-8, 11-E-09, 11-E-11, 11-E-12,",0011E00003000000,UPR-A,UPR,1,Bluff,New Construction of multi-unit residential structure,yes,housing_units,multi_unit,manual,0,240,240,NEW,dimensional_variance,908.04,V|908.04.D.1.e,A,Approved,approved,"auto (regex on decision paragraph, reviewed)",The Applicant’s request for a variance from Section 908.04.D.1.e to construct a building with a 55% building frontage along the build-to-line along Fifth Avenue is hereby APPROVED.,40.438117,-79.982463,parcel_centroid_wprdc,https://web.archive.org/web/20250222145319/https://www.pittsburghpa.gov/files/assets/city/v/1/dcp/documents/zoning-board-of-adjustment/21345_1718_5th_ave_-_8_of_2023.pdf,Internet Archive (Wayback),,unit count from findings text; multiple parcels captioned; point is first matched parcel
23 of 2023,DCP-ZDR-2023-00820,2023,2023-04-06,,2023-05-19,43,2795 South Water Street,29-J-225,0029J00225000000,SP-5,SP,16,South Side Flats,Wall Sign,no,non_housing,non_residential,rule,,,,NONE,dimensional_variance,919.03,V|919.03.M.5(a),DWP,Denied without prejudice,denied,"auto (regex on decision paragraph, reviewed)","The Applicant’s request for variances from Code Section 919.03.M.5(a) is DENIED WITHOUT PREJUDICE, to allow reapplication for a revised signage plan, consistent with this decision and with the requirements of the SP-5 Design Guidelines.",40.428394,-79.963929,parcel_centroid_wprdc,https://web.archive.org/web/20250221203527/https://www.pittsburghpa.gov/files/assets/city/v/1/dcp/documents/zoning-board-of-adjustment/21358_2795_south_water_st_-_29-j-225_-_23_of_2023.pdf,Internet Archive (Wayback),,
21 of 2023,DCP-ZDR-2023-01256,2023,2023-04-06,,2023-05-21,45,1304 Forbes Avenue,2-L-108,0002L00108000000,EMI,EMI,6,Bluff,Canopy Sign,no,non_housing,non_residential,rule,,,,NONE,dimensional_variance,919.03,V|919.03.M.5;V|919.03.M.3,A,Approved,approved,"auto (regex on decision paragraph, reviewed)",The Applicant’s request for variances from Section 919.03.M.5 to allow installation of a 4’6” by 17’-10” (79.5 sf) sign mounted on the entrance canopy is hereby APPROVED.,40.437269,-79.987865,parcel_centroid_wprdc,https://web.archive.org/web/20250221212051/https://www.pittsburghpa.gov/files/assets/city/v/1/dcp/documents/zoning-board-of-adjustment/21373_1304_forbes_ave_-_2-l-108_-_21_of_2023.pdf,Internet Archive (Wayback),,
24 of 2023,DCP-ZDR-2023-00200,2023,2023-04-13,,2023-05-25,42,311 S. Craig Street,52-J-392,,OPR-B,OPR,4,North Oakland,Change of use to Educational Classroom Space,no,non_housing,non_residential,rule,,,,NONE,special_exception,908.03|911.04,SE|908.03.D.2;SE|911.04.A.20(a),A,Approved,approved,"auto (regex on decision paragraph, reviewed)",The Applicant’s request for a special exception pursuant to Code Sections 908.03.D.2 and 911.04.A.20(a) is hereby APPROVED.,40.44546,-79.948717,census_geocoder_address,https://web.archive.org/web/20250221204119/https://www.pittsburghpa.gov/files/assets/city/v/1/dcp/documents/zoning-board-of-adjustment/21416_311_s_craig_street_-_52-j-392_-_24_of_2023.pdf,Internet Archive (Wayback),,caption fields shifted in PDF: lot/block printed in district line; district taken from relief table
33 of 2023,DCP-PAP-2023-00241,2023,2023-04-13,,2023-05-25,42,605 Forbes Avenue,2-F-298,0002F00298000000,EMI,EMI,1,Bluff,Protest appeal of Zoning Administrator's determination of a Neighborhood Gateway Sign,no,non_housing,non_residential,rule,,,,NONE,appeal,919.03,APPEAL|919.03.R.5;APPEAL|919.03.R,S,Split,split,"auto (regex on decision paragraph, reviewed)","In accordance with the Board’s findings of fact and conclusions of law, the Protest Appeal is DENIED and the alternative request for a variance from the requirements of Section 919.03.R.5 to allow the existing mural to remain on the Subject Property, without alteration, as a Neighborhood Gateway Sign is APPROVED, subject to the condition that the Applicant shall submit a Zoning Development Review application for the review of the mural as a Neighborhood Gateway Sign.",40.438281,-79.993607,parcel_centroid_wprdc,https://web.archive.org/web/20250222110515/https://www.pittsburghpa.gov/files/assets/city/v/1/dcp/documents/zoning-board-of-adjustment/21417_605_forbes_ave_-_2-f-298_-_33_of_2023.pdf,Internet Archive (Wayback),,
37 of 2023,DCP-ZDR-2023-00189,2023,2023-04-20,,2023-05-25,35,4207 Butler Street,39-B-172,,LNC,LNC,9,Central Lawrenceville,Accessory courtyard for bar,no,non_housing,non_residential,rule,,,,NONE,dimensional_variance,912.04,V|912.04.K(1),AC,Approved with conditions,approved,"auto (regex on decision paragraph, reviewed)","The Applicants request for a variance from Section 912.04.K(1) to allow for the construction of a wall with a height of 11’-8”, as measured from the grade at the rear of the Subject Property, is hereby APPROVED, subject to the suggested conditions set forth Finding of Fact No. 10.",40.470536,-79.960486,census_geocoder_address,https://web.archive.org/web/20250222130620/https://www.pittsburghpa.gov/files/assets/city/v/1/dcp/documents/zoning-board-of-adjustment/21419_4207_butler_st_-_39-b-172_-_37_of_2023.pdf,Internet Archive (Wayback),,
193 of 2023,DCP-ZDR-2023-10900,2024,2024-04-04,,2023-05-29,,5300 Stanton Avenue,81-M-150,0081M00150000000,R1D-L,R1D,10,Stanton Heights,Change of non-conforming use to community home or other new/unlisted use,no,non_housing,non_residential,manual,,,,NONE,special_exception,921.02,SE|921.02.A.4,AC,Approved with conditions,approved,"auto (regex on decision paragraph, reviewed)","The Applicant’s request for a special exception pursuant to Section 921.02.A.4, to allow the change from a nonconforming “nursing home” use to the unlisted use for the Bridge Employment and Training (BET) Program, as described to the Board, is hereby APPROVED, subject to the condition that the property shall not be used for more than 56 participants in the BET program, who are to be selected using the Allegheny County Department of Human Services’ Allegheny Housing Assessment tool and who are su",40.475709,-79.932902,parcel_centroid_wprdc,https://www.pittsburghpa.gov/files/assets/city/v/1/dcp/documents/zoning-board-of-adjustment/25016_5300_stanton_ave_-_193_of_2023.pdf,pittsburghpa.gov (migrated file; link found on archived dcp/zba page),,former nursing home to training program (unlisted use); hearing (2024-04-04) and decision (2023-05-29) dates as printed imply -311 days; year typo in PDF suspected; days left blank
28 of 2023,DCP-ZDR-2023-12345,2023,2023-04-20,,2023-06-01,42,123 Meadow Street,124-N-308,0124N00308000000,R1A-H,R1A,12,Larimer,Change of Use to Community Center,no,non_housing,non_residential,rule,,,,NONE,dimensional_variance|special_exception,911.02|911.04|914.02,SE|911.02;SE|911.04.A.14;V|914.02,A,Approved,approved,"auto (regex on decision paragraph, reviewed)","The Applicant’s request for a special exception pursuant to Sections 911.02 and 911.04.A.14 and a variance from Section 914.02 to allow the use of the property for a community center (limited) use, with the operations as described and with no off-street parking is hereby APPROVED.",40.464808,-79.913669,parcel_centroid_wprdc,https://web.archive.org/web/20250221210252/https://www.pittsburghpa.gov/files/assets/city/v/1/dcp/documents/zoning-board-of-adjustment/21468_123_meadow_st_-_124-n-308_-_28_of_2023.pdf,Internet Archive (Wayback),,
43 of 2023,DCP-ZDR-2022-09613,2023,2023-05-04,,2023-06-01,28,262 and 264 Prospect Street,4-J-279 and 4-J-280,0004J00279000000,R1D-H,R1D,19,Mount Washington,Two Parking Pads,yes,residential_accessory,single_attached,auto (text match; dwelling type often not stated),,,,NONE,dimensional_variance,912.04,V|912.04.L,AC,Approved with conditions,approved,"auto (regex on decision paragraph, reviewed)","The Applicant’s request for a variance from Section 912.04.L to allow a single 7.75’ by 16.5’ parking pad within the front yard of each of Parcel Nos. 4-J-279 and 280, is hereby APPROVED, subject to the condition that the parking pads are permitted with the existing pavers only and the surface of the parking pads shall not be paved or comprised of gravel.",40.427258,-80.011958,parcel_centroid_wprdc,https://web.archive.org/web/20250223021443/https://www.pittsburghpa.gov/files/assets/city/v/1/dcp/documents/zoning-board-of-adjustment/21471_264_prospect_st_-_43_of_2023.pdf,Internet Archive (Wayback),,multiple parcels captioned; point is first matched parcel
55 of 2023,DCP-ZDR-2023-01634,2023,2023-05-11,,2023-06-01,21,670 Montclair Street,55-H-142,0055H00142000000,R1D-H,R1D,15,Greenfield,Construction of 6’ high fence,yes,residential_accessory,single_detached,auto (text match; dwelling type often not stated),,,,NONE,dimensional_variance,912.04,V|912.04.K;V|912.04.K.1,AC,Approved with conditions,approved,"auto (regex on decision paragraph, reviewed)","The Applicant’s request for a variance from Section 912.04.K is hereby APPROVED, subject to the condition that the upper 2’ of the proposed 6’ fence shall contain transparent elements, as presented to the Board.",40.420364,-79.933411,parcel_centroid_wprdc,https://web.archive.org/web/20250221203721/https://www.pittsburghpa.gov/files/assets/city/v/1/dcp/documents/zoning-board-of-adjustment/22729_670_montclair_st_-_55_of_2023.pdf,Internet Archive (Wayback),,
62 of 2023,DCP-ZDR-2023-01546,2023,2023-05-18,,2023-06-01,14,2835 Smallman Street,25-F-162,0025F00162000000,RIV-IMU,RIV,6,Strip District,Change of use to laundry service,no,non_housing,non_residential,rule,,,,NONE,special_exception,911.02|911.04,SE|911.02;SE|911.04.A.67,A,Approved,approved,"auto (regex on decision paragraph, reviewed)","The Applicant’s request for a special exception pursuant to Sections 911.02 and 911.04.A.67 to allow use of the Subject Property for a laundry service use, as described to the Board, is hereby APPROVED.",40.458203,-79.975824,parcel_centroid_wprdc,https://web.archive.org/web/20250221211026/https://www.pittsburghpa.gov/files/assets/city/v/1/dcp/documents/zoning-board-of-adjustment/21472_2835_smallman_street_-_25-f-162_-_62_of_2023.pdf,Internet Archive (Wayback),,
63 of 2023,DCP-ZDR-2023-03305,2023,2023-05-18,,2023-06-01,14,1531 Saw Mill Run Boulevard,61-H-347,0061H00347000000,NDI,NDI,29,Carrick,Renovations for change of use to vehicle repair facility,no,non_housing,non_residential,rule,,,,NONE,dimensional_variance,906.02,V|906.02.F.2;V|906.02.I,A,Approved,approved,"auto (regex on decision paragraph, reviewed)","The Applicant’s request for a variance from Section 906.02.F.2 to allow the installation of a wet floodproofing system, in compliance with American Society of Civil Engineering flood-proofing standards, is hereby APPROVED.",40.401294,-79.999995,parcel_centroid_wprdc,https://web.archive.org/web/20250222105321/https://www.pittsburghpa.gov/files/assets/city/v/1/dcp/documents/zoning-board-of-adjustment/21473_1513_saw_mill_run_blvd_-_61-h-347_-_63_of_2023.pdf,Internet Archive (Wayback),,
26 of 2023,DCP-ZDR-2023-01007,2023,2023-05-04,,2023-06-02,29,3046 Phelan Way,25-M-240,0025M00240000000,R2-H,R2,6,Polish Hill,Addition of a third unit to an existing two-unit dwelling,yes,housing_units,three_unit,manual,2,3,1,ADD,dimensional_variance|use_variance,911.02|914.02,V|911.02;V|914.02;V|914.02.A,D,Denied,denied,"auto (regex on decision paragraph, reviewed)",The Applicant’s request for variances from Sections 911.02 and 914.02 to allow use the Subject Property for three dwelling units is hereby DENIED.,40.455992,-79.968163,parcel_centroid_wprdc,https://web.archive.org/web/20250222125720/https://www.pittsburghpa.gov/files/assets/city/v/1/dcp/documents/zoning-board-of-adjustment/21504_3046_phelan_way_-_25-m-240_-_26_of_2023.pdf,Internet Archive (Wayback),,
50 of 2023,DCP-ZDR-203-02413,2023,2023-05-04,,2023-06-02,29,6342 Jackson Street,124-A-39,0124A00039000000,R1D-L,R1D,11,Highland Park,Use of basement within single-family residence for a home occupation (sewing business),yes,residential_accessory,single_detached,manual,,,,NONE,dimensional_variance|special_exception,912.04|912.05,SE|912.05.B.1;V|912.04.L,S,Split,split,"auto (regex on decision paragraph, reviewed)","The Applicant’s request for a special exception pursuant to Section 912.05.B.1 and a variance from Section 912.04.L to allow for a sewing workshop as a home occupation, as described to the Board, with no more than two non- resident employees and employee parking in the driveway is hereby APPROVED. The request for approval of signage for the use is DENIED.",40.469955,-79.914644,parcel_centroid_wprdc,https://web.archive.org/web/20250221203915/https://www.pittsburghpa.gov/files/assets/city/v/1/dcp/documents/zoning-board-of-adjustment/21505_6342_jackson_st_-_124-a-39_-_50_of_2023.pdf,Internet Archive (Wayback),,home occupation in single-family residence
13 of 2023,"DCP-ZDR-2022-11070, 11071, 11072, 11073",2023,2023-04-06,,2023-06-08,63,North Aiken Avenue,50-H-118,0050H00118000000,R2-H,R2,11,Garfield,Four single-family attached houses.,yes,housing_units,single_attached,manual,0,4,4,NEW,dimensional_variance,903.03,V|903.03.D.2,D,Denied,denied,"auto (regex on decision paragraph, reviewed)","The Applicant’s request for a variance from Section 903.03.D.2 to allow for the construction of a house with a 5’ exterior side setback, where a 15’ setback is required, is hereby DENIED.",40.468795,-79.933676,parcel_centroid_wprdc,https://web.archive.org/web/20250222130049/https://www.pittsburghpa.gov/files/assets/city/v/1/dcp/documents/zoning-board-of-adjustment/21557_n_aiken_ave_-_50-h-118_-_13_of_2023.pdf,Internet Archive (Wayback),,
40 of 2023,DCP-ZDR-2023-00011,2023,2023-05-04,,2023-06-08,35,1300 Bennington Avenue,53-D-4,0053D00004000000,R1D-VL,R1D,14,Squirrel Hill North,New Gate,yes,residential_accessory,single_detached,auto (text match; dwelling type often not stated),,,,NONE,dimensional_variance,912.04,V|912.04.K(1),A,Approved,approved,"auto (regex on decision paragraph, reviewed)",The Applicant’s request for a variance from Section 912.04.K(1) to allow for the installation of a 6’ high gate to replace a portion of an existing 6’ wall is hereby APPROVED.,40.442821,-79.933166,parcel_centroid_wprdc,https://web.archive.org/web/20250222135404/https://www.pittsburghpa.gov/files/assets/city/v/1/dcp/documents/zoning-board-of-adjustment/21559_1300_bennington_ave_-_53-d-4_-_40_of_2023.pdf,Internet Archive (Wayback),,
41 of 2023,DCP-ZDR-202-11909,2023,2023-05-04,,2023-06-08,35,330 North Shore Drive,8-K-15,0008K00015000000,RIV-NS,RIV,22,North Shore,Two Canopy Signs,no,non_housing,non_residential,rule,,,,NONE,dimensional_variance,919.03,V|919.03.M.5.c;V|919.03.M.7,A,Approved,approved,"auto (regex on decision paragraph, reviewed)",The Applicant’s request for a variance from Section 919.03.M.5.c to allow for the installation of two 1’ by 6’8” canopy signs to be located above the covered outdoor seating area is hereby APPROVED.,40.446404,-80.010422,parcel_centroid_wprdc,https://web.archive.org/web/20250221203229/https://www.pittsburghpa.gov/files/assets/city/v/1/dcp/documents/zoning-board-of-adjustment/21558_330_north_shore_dr_-_8-k-15_-_41_of_2023.pdf,Internet Archive (Wayback),,
69 of 2023,DCP-ZDR-2023-02942,2023,2023-06-01,,2023-06-08,7,1134 North Sheridan Avenue,123-N-1,0123N00001000000,R1D-M,R1D,11,Highland Park,Residential Generator,yes,residential_accessory,single_detached,auto (text match; dwelling type often not stated),,,,NONE,dimensional_variance,903.03,V|903.03.C,A,Approved,approved,"auto (regex on decision paragraph, reviewed)",The Applicant’s request for a variance from Section 903.03.C to allow the installation of an emergency generator with a 2.5’ setback from the 1130 North Sheridan Avenue interior side property line is hereby APPROVED.,40.474083,-79.916051,parcel_centroid_wprdc,https://web.archive.org/web/20250221203434/https://www.pittsburghpa.gov/files/assets/city/v/1/dcp/documents/zoning-board-of-adjustment/21562_1134_n_sheridan_avenue_-_123-n-1_-_69_of_2023.pdf,Internet Archive (Wayback),,
52 of 2023,DCP-ZDR-2022-09773,2023,2023-05-11,,2023-06-09,29,3200 Brunot Avenue,42-H-298,0042H00298000000,R1D-H,R1D,20,Sheraden,Use of structure for two dwelling units,yes,housing_units,two_unit,manual,2,2,0,LEGAL,nonconforming_review,911.02,REVIEW|911.02,NC,Nonconforming status confirmed,approved,"auto (regex on decision paragraph, reviewed)",The use of the Subject Property for two dwelling units may continue.,40.459694,-80.051832,parcel_centroid_wprdc,https://web.archive.org/web/20250222133725/https://www.pittsburghpa.gov/files/assets/city/v/1/dcp/documents/zoning-board-of-adjustment/21560_3200_brunot_ave_-_42-h-298_-_52_of_2023.pdf,Internet Archive (Wayback),,
53 of 2023,DCP-ZDR-2023-02439,2023,2023-05-11,,2023-06-09,29,2734 Murray Avenue,87-K-75,0087K00075000000,RM-M,RM,14,Squirrel Hill South,"Use of 1,600 sf area in a one-story structure with basement for retail sales and services (limited)for wig salon",no,non_housing,non_residential,rule,,,,NONE,special_exception,921.02,SE|921.02.A.4,A,Approved,approved,"auto (regex on decision paragraph, reviewed)","The Applicant’s request for a special exception pursuant to Section 921.02.A.4 to allow the use of the Subject Property for a retail sales and services (limited) use for a wig salon, with operations as described to the Board, is hereby APPROVED.",40.428372,-79.924905,parcel_centroid_wprdc,https://web.archive.org/web/20250222120210/https://www.pittsburghpa.gov/files/assets/city/v/1/dcp/documents/zoning-board-of-adjustment/21561_2734_murray_ave_-_87-k-75_-_53_of_2023.pdf,Internet Archive (Wayback),,
59 of 2023,DCP-ZDR-2023-02569,2023,2023-06-01,,2023-06-09,8,1523 Bellaire Place,96-C-124,0096C00124000000,R1D-L,R1D,32,Brookline,Gazebo,yes,residential_accessory,single_detached,auto (text match; dwelling type often not stated),,,,NONE,dimensional_variance,903.03,V|903.03.C.2;V|903.03.B.2,A,Approved,approved,"auto (regex on decision paragraph, reviewed)","The Applicant’s request for a variance from Section 903.03.C.2 to allow for the construction of an open gazebo structure, set back 9’ from the exterior side property line, is hereby APPROVED.",40.39359,-80.005008,parcel_centroid_wprdc,https://web.archive.org/web/20250221213956/https://www.pittsburghpa.gov/files/assets/city/v/1/dcp/documents/zoning-board-of-adjustment/21564_1523_bellaire_pl_-_96-c-124_-_59_of_2023.pdf,Internet Archive (Wayback),,
39 of 2023,DCP-ZDR-2023-00096,2023,2023-05-04,,2023-06-14,41,2815 Penn Avenue,25-K-205,0025K00205000000,RIV-IMU,RIV,6,Strip District,Use of first floor as Public Assembly (limited) for event space,no,non_housing,non_residential,manual,,,,NONE,special_exception,911.02|911.04,SE|911.02;SE|911.04.A.5,AC,Approved with conditions,approved,"auto (regex on decision paragraph, reviewed)","The Applicant’s request for a special exception pursuant to Sections 911.02 and 911.04.A.5 to allow a public assembly (limited) use is hereby APPROVED, subject to the following conditions: • All events scheduled to occur on Sunday through Thursday are to conclude by 10:00 p.m; • All events scheduled to occur on Friday and Saturday are to conclude by 11:00 p.m; • The maximum sound level within the public assembly venue shall not exceed a maximum of 85 dB(A) and shall otherwise comply with applica",40.457303,-79.975483,parcel_centroid_wprdc,https://web.archive.org/web/20250221204206/https://www.pittsburghpa.gov/files/assets/city/v/1/dcp/documents/zoning-board-of-adjustment/21631_2815_penn_ave_-_25-k-205_-_39_of_2023.pdf,Internet Archive (Wayback),,
54 of 2023,DCP-ZDR-2022-05358,2023,2023-05-11,,2023-06-14,34,1100 Sheffield Street,22-R-167,0022R00167000000,RM-M,RM,21,Manchester,Convert two parking spaces serving multi-unit residential use into one accessible space,yes,residential_accessory,multi_unit,manual,,,,NONE,dimensional_variance,914.02|914.06,V|914.02.A;V|914.06.B,A,Approved,approved,"auto (regex on decision paragraph, reviewed)",The Applicant’s request for variances from Sections 914.02.A and 914.06.B to allow the use of an 18’ long accessible parking space and a total of 5 on-site parking spaces is hereby APPROVED.,40.45426,-80.021225,parcel_centroid_wprdc,https://web.archive.org/web/20250222182002/https://www.pittsburghpa.gov/files/assets/city/v/1/dcp/documents/zoning-board-of-adjustment/21656_1100_sheffield_st_-_22-r-167_-_54_of_2023.pdf,Internet Archive (Wayback),,parking for existing multi-unit building
61 of 2023,DCP-ZDR-2023-02264,2023,2023-05-18,,2023-06-14,27,616 South Millvale Avenue,51-E-190,0051E00190000000,R1A-H,R1A,8,Bloomfield,Change of use to Office (Limited),no,non_housing,non_residential,manual,,,,NONE,nonconforming_review,911.02,REVIEW|911.02,NC,Nonconforming status confirmed,approved,"auto (regex on decision paragraph, reviewed)",The use of the first floor of the structure on the Subject Property for an office (limited) use may continue as a legal non-conforming use.,40.45819,-79.947243,parcel_centroid_wprdc,https://web.archive.org/web/20250222112821/https://www.pittsburghpa.gov/files/assets/city/v/1/dcp/documents/zoning-board-of-adjustment/21657_616_s_millvale_ave_-_51-e-190_-_61_of_2023.pdf,Internet Archive (Wayback),,
35 of 2023,DCP-ZDR-2022-09689,2023,2023-04-13,,2023-06-27,75,Wicklow Street,"50-H-241, 242, 243, 244, 245, 246",0050H00241000000,R1D-H,R1D,10,Garfield,Construction of five single unit attached houses,yes,housing_units,single_attached,manual,0,5,5,NEW,dimensional_variance|use_variance,903.03|911.02,V|911.02;V|903.03.D.2,AC,Approved with conditions,approved,"auto (regex on decision paragraph, reviewed)","The Applicant’s request for a use variance from Section 911.02 to allow for 5 attached single-family residences in the R1D-H District, and dimensional variances from Section 903.03.D.2 to allow 0’ interior side setbacks on the attached sides of the proposed structures and the unattached sides of the proposed structures on Parcel Nos. 50-H-245 and 50-H-241 is hereby APPROVED, subject to the condition that Parcel No. 50-H-246 shall be maintained as landscaped green space.",40.468483,-79.935446,parcel_centroid_wprdc,https://web.archive.org/web/20250221203714/https://www.pittsburghpa.gov/files/assets/city/v/1/dcp/documents/zoning-board-of-adjustment/21718_wicklow_st_-_35_of_2023.pdf,Internet Archive (Wayback),,
48 of 2023,DCP-ZDR-2023-00345,2023,2023-05-11,,2023-06-27,47,6465 Hamilton Avenue,"125-A-38, 39, 40, 41, 43, 44, 45, 46, 48, 49, 50 and 52 and",0125A00038000000,UI,UI,12,Larimer,New construction of five-story multi-unit residential building,yes,housing_units,multi_unit,manual,,,,NEW,special_exception,904.07|911.02|911.04,SE|911.02;SE|911.04.A.85;SE|911.04.A.85.a;SE|904.07.C.4,AC,Approved with conditions,approved,"auto (regex on decision paragraph, reviewed)","The Applicant’s request for special exceptions pursuant to Sections 911.02 and 911.04.A.85 and Section 904.07.C.4 to allow a 58’-8”/five story multi-unit residential building in a UI District, is hereby APPROVED, subject to the conditions that both the mitigation measures, described in the transportation impact study, and a comprehensive traffic demand management strategy shall be implemented in coordination with DOMI’s review and approval.",40.460176,-79.915496,parcel_polygon_centroid_county_gis,https://web.archive.org/web/20250222120924/https://www.pittsburghpa.gov/files/assets/city/v/1/dcp/documents/zoning-board-of-adjustment/21716_6465_hamilton_avenue_-_48_of_2023.pdf,Internet Archive (Wayback),,unit count not in caption/decision
64 of 2023,DCP-ZDR-2022-13396,2023,2023-05-18,,2023-06-30,43,4722 2nd Avenue,55-J-118,0055J00118000000,SP-10,SP,15,Hazelwood,Construction of 3-story building for university campus use,no,non_housing,non_residential,rule,,,,NONE,appeal|dimensional_variance,909.01|923.02,V|909.01.Q.1.B.ii;V|909.01.Q.5.C.i;V|909.01.Q.1.B.iii;APPEAL|909.01.Q.5.C.i(a);APPEAL|923.02.B.1,A,Approved,approved,"auto (regex on decision paragraph, reviewed)","The Applicant’s request for variances from Sections 909.01.Q.1.B.ii and 909.01.Q.5.C.i to allow for the construction of a robotics testing facility, with no shared ways through the combined development blocks and with limited building frontage along Second Avenue, Plaza Way, and Berwick Street, as described here, is hereby APPROVED. The Applicant’s alternative protest appeal of the Zoning Administrator’s interpretation of the applicable Code sections is DENIED.",40.41636,-79.947903,parcel_centroid_wprdc,https://web.archive.org/web/20250222213344/https://www.pittsburghpa.gov/files/assets/city/v/1/dcp/documents/zoning-board-of-adjustment/21792_4722_2nd_avenue_-_46_of_2023.pdf,Internet Archive (Wayback),,file name says 46 of 2023; PDF caption says 64 of 2023
267 of 2022,DCP-ZDR-2022-11848,2023,2023-04-06,,2023-07-07,92,2329 Wharton Street,12-G-155,0012G00155000000,RIV-IMU,RIV,16,South Side Flats,"New construction of five-story, multi-unit residential building with 378 dwelling units.",yes,housing_units,multi_unit,manual,0,378,378,NEW,dimensional_variance,905.04,V|905.04.E.5,AC,Approved with conditions,approved,"auto (regex on decision paragraph, reviewed)","The Applicant’s request for a dimensional variance from Section 905.04.E.5 to allow for a structure on the Subject Property, with a building length that ranges from 562’ to 538’, is APPROVED, subject to the following conditions: 1. The Applicant shall confirm, with appropriate documentary evidence, its beneficial/proprietary interest in the Subject Property parcels; 2. The Applicant shall comply with any recommended traffic mitigation measures that DOMI requires, consistent with the Applicant’s ",40.430317,-79.971359,parcel_centroid_wprdc,https://web.archive.org/web/20250222100338/https://www.pittsburghpa.gov/files/assets/city/v/1/dcp/documents/zoning-board-of-adjustment/21850_2329_wharton_st_-_12-g-155_-_267_of_2022.pdf,Internet Archive (Wayback),,
58 of 2023,DCP-ZDR-2021-13412,2023,2023-06-01,,2023-07-13,42,2549 Penn Avenue,25-N-221,0025N00221000000,RIV-IMU,RIV,2,Strip District,Site work to remove parking and construct accessory dining and install new canopy signage,no,non_housing,non_residential,rule,,,,NONE,dimensional_variance,912.02|914.02|919.03,V|914.02;V|912.02.A;V|919.03.M.5(c),A,Approved,approved,"auto (regex on decision paragraph, reviewed)",The Applicant’s request for variances from Section 914.02 to allow 0 off-street parking spaces for the restaurant use and from Section 919.03.M.5.c to allow a 7.3 sf awning sign with 12” high letters is hereby APPROVED.,40.454967,-79.978807,parcel_centroid_wprdc,https://web.archive.org/web/20250222101333/https://www.pittsburghpa.gov/files/assets/city/v/1/dcp/documents/zoning-board-of-adjustment/21882_2549_penn_ave_-_25-n-221_-_58_of_2023.pdf,Internet Archive (Wayback),,
292 of 2022,DCP-ZDR-2022-09565,2023,2023-06-08,,2023-07-14,36,402 Kilday Way,8-D-122,0008D00122000000,R1A-VH,R1A,23,East Allegheny,Accessory Parking Area,no,non_housing,non_residential,manual,,,,NONE,aapp_parking|dimensional_variance|special_exception,912.04|914.06|914.07|914.09|916.04|916.09,V|912.04.A;V|912.04.B;V|914.09.H.2;V|914.06.A;SE|914.07.G.2(a);SE|916.04.C;SE|916.09,AC,Approved with conditions,approved,"auto (regex on decision paragraph, reviewed)","The Applicant’s request for variances from Sections 912.04.A, 912.04.B, 914.09.H.2, and 914.06.A and special exceptions pursuant to Sections 914.07.G.2(a) and 916.04.C to allow for the construction of a 7 space off-site parking area for Lockhart Tire on the Subject Property is hereby APPROVED, subject to the condition that the landscaping and ornamental fence, as described to the Board, shall be installed.",40.452093,-79.999555,parcel_centroid_wprdc,https://web.archive.org/web/20250222104822/https://www.pittsburghpa.gov/files/assets/city/v/1/dcp/documents/zoning-board-of-adjustment/21918_402_kilday_way_-_8-d-122_-_292_of_2022.pdf,Internet Archive (Wayback),,
34 of 2023,DCP-ZDR-2023-01720,2023,2023-06-01,,2023-07-16,45,1215 Centre Avenue,"2-C-404, 408",0002C00404000000,SP-11,SP,3,Central Business District,Extension of approval for temporary parking,no,non_housing,non_residential,rule,,,,NONE,,,,AC,Approved with conditions,approved,"auto (regex on decision paragraph, reviewed)","The Applicant’s request for relief from Condition 7 of Zone Case 71A of 2012 is hereby APPROVED, Subject to the following condition. To the extent any remaining interim surface parking exists after June 30, 2028, the Applicant shall submit a written explanation to the Board regarding the remaining number in interim surface parking spaces and the anticipated timeline for their removal.",40.441171,-79.989117,parcel_centroid_wprdc,https://web.archive.org/web/20250222101302/https://www.pittsburghpa.gov/files/assets/city/v/1/dcp/documents/zoning-board-of-adjustment/21917_1215_centre_avenue_-_case_34_of_2023.pdf,Internet Archive (Wayback),,
75 of 2023,DCP-ZDR-2023-01112,2023,2023-06-15,,2023-07-19,34,5438 Butler Street,119-S-89,0119S00089000000,LNC,LNC,10,Upper Lawrenceville,"Building addition for a bar/restaurant, residential dwelling, and 12 hotel rooms",no,non_housing,non_residential,manual,,,,NONE,dimensional_variance|special_exception,916.02|916.09,SE|916.09;V|916.02.A.8,A,Approved,approved,"auto (regex on decision paragraph, reviewed)",The Applicant’s request for a special exception pursuant to Section 916.09 to waive the 15’ rear setback residential compatibly standard in Section 916.02.A.8 is hereby APPROVED.,40.483335,-79.949882,parcel_centroid_wprdc,https://web.archive.org/web/20250222113311/https://www.pittsburghpa.gov/files/assets/city/v/1/dcp/documents/zoning-board-of-adjustment/21944_5438_butler_street_-_119-s-89_-_75_of_2023.pdf,Internet Archive (Wayback),,bar/restaurant addition incl. one dwelling and hotel rooms; relief was a compatibility setback waiver
76 of 2023,DCP-ZDR-2022-08064,2023,2023-06-15,,2023-07-19,34,7227 Butler Street,121-G-39,0121G00039000000,RIV-IMU,RIV,10,Morningside,Change of use to art gallery,no,non_housing,non_residential,rule,,,,NONE,dimensional_variance,905.04,V|905.04.l.1.b,A,Approved,approved,"auto (regex on decision paragraph, reviewed)",The Applicant’s request for a variance from Section 905.04.l.1.b to allow for five on-site parking spaces is hereby APPROVED.,40.488565,-79.922204,parcel_centroid_wprdc,https://web.archive.org/web/20250224075608/https://www.pittsburghpa.gov/files/assets/city/v/1/dcp/documents/zoning-board-of-adjustment/21945_7227_butler_st_-_121-g-39_-_76_of_2023.pdf,Internet Archive (Wayback),,
78 of 2023,DCP-ZDR-2023-02222,2023,2023-06-15,,2023-07-19,34,325 Lawn Street,28-N-146,0028N00146000000,R1A-VH,R1A,4,South Oakland,Review use of structure for two units,yes,housing_units,two_unit,manual,2,2,0,LEGAL,nonconforming_review,911.02,REVIEW|911.02,NC,Nonconforming status confirmed,approved,"auto (regex on decision paragraph, reviewed)",The use of the structure for two units is legally nonconforming and may continue.,40.434399,-79.962851,parcel_centroid_wprdc,https://web.archive.org/web/20250222211904/https://www.pittsburghpa.gov/files/assets/city/v/1/dcp/documents/zoning-board-of-adjustment/21951_325_lawn_st_-_28-n-146_-_78_of_2023_1-compressed.pdf,Internet Archive (Wayback),,
45 of 2023,Renovations to existing house to add a second dwelling unit,2023,2023-06-15,,2023-07-20,35,131 Meridan Street,6-M-102,0006M00102000000,R1D-H,R1D,19,Mount Washington,DCP-ZDR-2023-01799,yes,housing_units,two_unit,manual,1,2,1,ADD,use_variance,911.02,V|911.02,DWP,Denied without prejudice,denied,"auto (regex on decision paragraph, reviewed)",The Applicant’s requested variance from Section 911.02 is hereby DENIED WITHOUT PREJUDICE to resubmit a revised proposal and to present evidence consistent with the applicable legal standards and requested relief.,40.436478,-80.017796,parcel_centroid_wprdc,https://web.archive.org/web/20250221203018/https://www.pittsburghpa.gov/files/assets/city/v/1/dcp/documents/zoning-board-of-adjustment/21946_131_meridan_street_-_6-m-102_-_45_of_2023.pdf,Internet Archive (Wayback),,second (basement) unit in house; request field shows application number only
68 of 2023,DCP-ZDR-2023-03361,2023,2023-06-01,,2023-07-21,50,5203 Columbo Street,50-G-302,0050G00302000000,R1D-H,R1D,10,Garfield,Construction of three houses,yes,housing_units,single_attached,manual,0,3,3,NEW,dimensional_variance|use_variance,903.03|911.02|912.04|914.02,V|911.02;V|903.03.D.2;V|912.04.l;V|912.04.L;V|914.02,A,Approved,approved,"auto (regex on decision paragraph, reviewed)","The Applicant’s request for variances from Sections 911.02, 903.03.D.2 and 912.04.l to allow for the subdivision of the Subject Property, as proposed, and the construction of two attached houses and one detached house, with limited side setbacks and a parking pad is hereby APPROVED.",40.469291,-79.938859,parcel_polygon_centroid_county_gis,https://web.archive.org/web/20250222133955/https://www.pittsburghpa.gov/files/assets/city/v/1/dcp/documents/zoning-board-of-adjustment/21941_5203_columbo_st_-_50-g-302_-_68_of_2023.pdf,Internet Archive (Wayback),,two attached houses and one detached house
70 of 2023,DCP-ZDR-2023-01339,2023,2023-06-15,,2023-07-21,36,404 Fernhill Ave,61-E-114,0061E00114000000,R1D-M,R1D,19,Brookline,Fence Application: DCP-ZDR-2023-01339,yes,residential_accessory,single_detached,auto (text match; dwelling type often not stated),,,,NONE,dimensional_variance,912.04,V|912.04.K;V|912.04.K(1),A,Approved,approved,"auto (regex on decision paragraph, reviewed)","The Applicant’s request for a variance from Section 912.04.K to allow a 6’ fence in the exterior side setback, as constructed to enclose the rear yard only, is hereby APPROVED.",40.400785,-80.014456,parcel_centroid_wprdc,https://web.archive.org/web/20250221204042/https://www.pittsburghpa.gov/files/assets/city/v/1/dcp/documents/zoning-board-of-adjustment/21942_404_fernhill_ave_-_61-e-114_-_70_of_2023.pdf,Internet Archive (Wayback),,
80 of 2023,DCP-ZDR-2023-03763,2023,2023-06-15,,2023-07-21,36,5726 Ellsworth Avenue,84-J-82,0084J00082000000,LNC,LNC,7,Shadyside,Sign,no,non_housing,non_residential,rule,,,,NONE,dimensional_variance,919.01,V|919.01.F.6;V|919.01.E.6,AC,Approved with conditions,approved,"auto (regex on decision paragraph, reviewed)","The Applicant’s request for a variance from Section 919.01.F.6 to allow a 13’-6” by 2’-8” (36 sf) sign in a cabinet that extends above the roofline is hereby APPROVED, subject to the condition that no additional signage shall be permitted.",40.455149,-79.931452,parcel_centroid_wprdc,https://web.archive.org/web/20250222110254/https://www.pittsburghpa.gov/files/assets/city/v/1/dcp/documents/zoning-board-of-adjustment/21943_5726_ellsworth_ave_-_84-j-82_-_80_of_2023.pdf,Internet Archive (Wayback),,
93 of 2023,DCP-LOT-2023-00767,2023,2023-07-06,,2023-07-21,15,102 44th Street,80-N-145,0080N00145000000,R1A-VH,R1A,9,Central Lawrenceville,Subdivision,yes,residential_accessory,other_residential,manual,,,,NONE,dimensional_variance,926.12,V|926.129,A,Approved,approved,"auto (regex on decision paragraph, reviewed)",The Applicant’s request for a variance from Section 926.129 to create a lot without street frontage is hereby APPROVED.,40.47339,-79.962737,parcel_centroid_wprdc,https://web.archive.org/web/20250222104009/https://www.pittsburghpa.gov/files/assets/city/v/1/dcp/documents/zoning-board-of-adjustment/21947_102_44th_st_-_80-n-145_-_93_of_2023.pdf,Internet Archive (Wayback),,subdivision; dwelling type not stated
38 of 2023,DCP-ZDR-2023-01386,2023,2023-06-15,,2023-07-30,45,200 Sandusky Street,"8-H-163, 166, 167",0008H00163000000,RIV-NS,RIV,22,North Shore,New construction of four-story event venue,no,non_housing,non_residential,rule,,,,NONE,aapp_parking|dimensional_variance,905.04|912.01|914.07,V|905.04.E.3;V|905.04.E.5;V|912.01;SE|914.07.G.2(a);V|905.04.E.4;SE|914.07.G.2,AC,Approved with conditions,approved,"auto (regex on decision paragraph, reviewed)","The Applicant’s request for variances from Sections 905.04.E.3, 905.04.E.5 and 912.01, and a special exception pursuant to Section 914.07.G.2(a) to allow the construction of a 4-story/75’ high mixed use building with off-site parking located at … is hereby APPROVED, subject to the following conditions: • A written off-site parking agreement is to be recorded; and • During construction, the Applicant shall comply with the conditions listed in the letter addressed to the George Wilson Company that",40.448929,-80.002078,parcel_centroid_wprdc,https://web.archive.org/web/20250221203353/https://www.pittsburghpa.gov/files/assets/city/v/1/dcp/documents/zoning-board-of-adjustment/22043_200_sandusky_street_-_38_of_2023.pdf,Internet Archive (Wayback),,
83 of 2023,DCP-ZDR-2023-04693,2023,2023-06-15,,2023-08-06,52,324 Emerson Street,84-L-283,0084L00283000000,RM-H,RM,7,Shadyside,Use of former armory building for ice rink and seasonal programming from November 2023 through March 2024,no,non_housing,non_residential,rule,,,,NONE,special_exception,921.02,SE|921.02.A.4,AC,Approved with conditions,approved,"auto (regex on decision paragraph, reviewed)","The Applicant’s request for a special exception pursuant to Section 921.02.A.4 to use the Subject Property for a seasonal ice rink is hereby APPROVED, subject to the following conditions: • The Use is limited to November 1, 2023 to March 30, 2024; • The Use will close no later than 10:00 PM; and • Amplified music shall not be played between the hours of 10 pm and 8 am.",40.456141,-79.92426,parcel_centroid_wprdc,https://web.archive.org/web/20250222143936/https://www.pittsburghpa.gov/files/assets/city/v/1/dcp/documents/zoning-board-of-adjustment/22068_324_emerson_street_-_83_of_2023.pdf,Internet Archive (Wayback),,
65 of 2023,DCP-ZDR-2023-01366,2023,2023-07-06,,2023-08-11,36,1700 Beechwood Boulevard,86-M-76,,R2-L,R2,14,Squirrel Hill South,Use of one parking space,yes,residential_accessory,other_residential,auto (text match; dwelling type often not stated),,,,NONE,dimensional_variance,903.03,V|903.03.B.2,A,Approved,approved,"auto (regex on decision paragraph, reviewed)",The Applicant’s request for a variance from Section 903.03.B.2 to create an accessible parking space with a 10’ setback from the front property line is hereby APPROVED.,40.437967,-79.916201,census_geocoder_address,https://web.archive.org/web/20250221202955/https://www.pittsburghpa.gov/files/assets/city/v/1/dcp/documents/zoning-board-of-adjustment/22102_1700_beechwood_blvd_-_86-m-76_-_65_of_2023.pdf,Internet Archive (Wayback),,
72 of 2023,DCP-ZDR-2023-03021,2023,2023-07-06,,2023-08-11,36,1012 Herron Avenue,"26-J-85, 86",0026J00085000000,R2-H,R2,6,Polish Hill,Parking Pad,yes,residential_accessory,single_detached,auto (text match; dwelling type often not stated),,,,NONE,dimensional_variance,912.04,V|912.04.L.2;V|912.04.L(3),AC,Approved with conditions,approved,"auto (regex on decision paragraph, reviewed)","The Applicant’s request for a variance from Section 912.04.L.2 to continue to use a front yard parking pad is hereby APPROVED, subject to the condition that the location of parking pad shall be moved so that it does not encroach into the Herron Avenue right-of-way.",40.45688,-79.964524,parcel_centroid_wprdc,https://web.archive.org/web/20250222121731/https://www.pittsburghpa.gov/files/assets/city/v/1/dcp/documents/zoning-board-of-adjustment/22101_1012_herron_ave_-_72_of_2023.pdf,Internet Archive (Wayback),,
85 of 2023,DCP-ZDR-2023-03113,2023,2023-07-06,,2023-08-11,36,5864 Forbes Avenue,86-L-57,0086L00057000000,LNC,LNC,14,Squirrel Hill South,Restaurant,no,non_housing,non_residential,rule,,,,NONE,special_exception,911.02|911.04,SE|911.04.A.57;SE|911.02,A,Approved,approved,"auto (regex on decision paragraph, reviewed)","The Applicant’s request for a special exception pursuant to Section 911.04.A.57 to allow a 3,200 sf restaurant (general) use is hereby APPROVED.",40.437755,-79.920394,parcel_centroid_wprdc,https://web.archive.org/web/20250222121901/https://www.pittsburghpa.gov/files/assets/city/v/1/dcp/documents/zoning-board-of-adjustment/22179_5864_forbes_ave_-_86-l-57_-_85_of_2023.pdf,Internet Archive (Wayback),,
77 of 2023,DCP-ZDR-2023-03059,2023,2023-07-06,,2023-08-16,41,319 E. Carson Street,3-E-91,0003E00091000000,RIV-IMU,RIV,17,South Side Flats,Projecting Sign,no,non_housing,non_residential,rule,,,,NONE,dimensional_variance,919.03,V|919.03.M.8,AC,Approved with conditions,approved,"auto (regex on decision paragraph, reviewed)","The Applicant’s request for a variance from Section 919.03.M.8 to allow for the installation of an 18 sf projecting sign is hereby APPROVED, subject to the condition that no additional signage is permitted.",40.429659,-79.997077,parcel_centroid_wprdc,https://web.archive.org/web/20250222171642/https://www.pittsburghpa.gov/files/assets/city/v/1/dcp/documents/zoning-board-of-adjustment/22178_319_e_carson_st_-_3-e-91_-_77_of_2023.pdf,Internet Archive (Wayback),,
81 of 2023,DCP-ZDR-2022-13049,2023,2023-07-06,,2023-08-16,41,2429 Charcot Street,13-L-211,0013L00211000000,"LNC, R2-L",LNC,16,Arlington,Conversion of former school into child care facility and adult learning center,no,non_housing,non_residential,manual,,,,NONE,dimensional_variance|use_variance,911.02|914.02,V|911.02;V|914.02,AC,Approved with conditions,approved,"auto (regex on decision paragraph, reviewed)","The Applicant’s request for variances from Sections 911.02 and 914.02 to allow the conversion of the former school building into a child care and community center with a 10-space parking lot is hereby APPROVED, subject to the condition that the child care facility receives all necessary approvals from the Pennsylvania Department of Human Services.",40.41732,-79.97155,parcel_centroid_wprdc,https://web.archive.org/web/20250222104524/https://www.pittsburghpa.gov/files/assets/city/v/1/dcp/documents/zoning-board-of-adjustment/22180_2429_charcot_street_-_13-l-211_-_81_of_2023.pdf,Internet Archive (Wayback),,
90 of 2023,DCP-ZDR-2023-04070,2023,2023-07-13,,2023-08-16,34,3111 Brunot Avenue,42-H-280,0042H00280000000,R1D-H,R1D,20,Sheraden,Deck,yes,residential_accessory,single_detached,auto (text match; dwelling type often not stated),,,,NONE,dimensional_variance,912.04,V|912.04.A,A,Approved,approved,"auto (regex on decision paragraph, reviewed)","The Applicant’s request for a variance from Section 912.04.A to allow for the construction a deck above the existing front porch, with a 12’ setback, is hereby APPROVED.",40.458987,-80.050818,parcel_centroid_wprdc,https://web.archive.org/web/20250222123232/https://www.pittsburghpa.gov/files/assets/city/v/1/dcp/documents/zoning-board-of-adjustment/22181_3111_brunot_ave_-_42-h-280_-_90_of_2023.pdf,Internet Archive (Wayback),,
92 of 2023,DCP-ZDR-2023-04651,2023,2023-07-13,,2023-08-17,35,5449 Black Street,83-A-73,0083A00073000000,R2-M,R2,11,East Liberty,Parking Pad,yes,residential_accessory,single_detached,auto (text match; dwelling type often not stated),,,,NONE,dimensional_variance,912.04,V|912.04.L;V|912.04.L.3,D,Denied,denied,"auto (regex on decision paragraph, reviewed)",The Applicant’s request for a variance from Section 912.04.L to allow for the construction of a two-car parking pad in the front yard of the Subject Property is hereby DENIED.,40.47027,-79.930942,parcel_centroid_wprdc,https://web.archive.org/web/20250222120733/https://www.pittsburghpa.gov/files/assets/city/v/1/dcp/documents/zoning-board-of-adjustment/22208_5449_black_street_-_83-a-73_-_92_of_2023.pdf,Internet Archive (Wayback),,
108 of 2023,DCP-ZDR-2023-05233,2023,2023-08-10,,2023-08-18,8,107 Dilworth Street,4-P-18,0004P00018000000,R1D-H,R1D,19,Mount Washington,Review 2-unit Use,yes,housing_units,two_unit,manual,2,2,0,LEGAL,nonconforming_review,911.02,REVIEW|911.02,NC,Nonconforming status confirmed,approved,"auto (regex on decision paragraph, reviewed)",The use of the Subject Property for two units may continue.,40.425225,-80.011836,parcel_centroid_wprdc,https://web.archive.org/web/20250221203811/https://www.pittsburghpa.gov/files/assets/city/v/1/dcp/documents/zoning-board-of-adjustment/22213_107_dilworth_-_4-p-18_-_108_of_2023.pdf,Internet Archive (Wayback),,
71 of 2023,DCP-ZDR-2023-03338,2023,2023-07-20,,2023-08-18,29,5506 Jackson Street,82-P-158,0082P00158000000,R1D-H,R1D,11,Highland Park,Fence,yes,residential_accessory,single_detached,auto (text match; dwelling type often not stated),,,,NONE,dimensional_variance,912.04,V|912.04.K;V|912.04.K.1,AC,Approved with conditions,approved,"auto (regex on decision paragraph, reviewed)","The Applicant’s request for a variance from Section 912.04.K is hereby APPROVED, subject to the condition that the upper 2’ of the proposed 6’ fence shall contain transparent elements, as presented to the Board.",40.473003,-79.928135,parcel_centroid_wprdc,https://web.archive.org/web/20250222104844/https://www.pittsburghpa.gov/files/assets/city/v/1/dcp/documents/zoning-board-of-adjustment/22211_5506_jackson_street_-_71_of_2023_-_82-p-158.pdf,Internet Archive (Wayback),,
88 of 2023,DCP-ZDR-2022-03309,2023,2023-07-13,,2023-08-18,36,788 Loretta Street,88-A-19,0088A00019000000,R1D-H,R1D,15,Greenfield,Off-site parking lot and dumpster,no,non_housing,non_residential,rule,,,,NONE,nonconforming_review,903.03|912.01|914.04|914.09|916.04|918.02|918.03,V|903.03.D.2;V|912.01.D;V|914.04.A;V|914.09.C;V|918.02.C;V|918.03.B.1(a);V|918.03.B.1(b);SE|916.04.B;SE|916.04.C,NC,Nonconforming status confirmed,approved,"auto (regex on decision paragraph, reviewed)","Use of the Subject Property for a 8-space parking lot, accessory to the church located at 1120 Greenfield Avenue, may continue in the current configuration, subject to the condition that the Applicant proceed with the intended improvements to the lot, as represented to the Board. The dumpster location and enclosure are also approved.",40.421511,-79.930276,parcel_centroid_wprdc,https://web.archive.org/web/20250222111703/https://www.pittsburghpa.gov/files/assets/city/v/1/dcp/documents/zoning-board-of-adjustment/22210_788_loretta_street_-_88-a-19_-_88_of_2023.pdf,Internet Archive (Wayback),,"relief table listed dimensional_variance|nonconforming_review|special_exception; Board found use legally nonconforming, so relief_type set to nonconforming_review"
91 of 2023,DCP-ZDR-2023-02049,2023,2023-07-20,,2023-08-18,29,102 Courtland Street,56-N-155,0056N00155000000,R1A-VH,R1A,15,Hazelwood,Fence,yes,residential_accessory,single_detached,auto (text match; dwelling type often not stated),,,,NONE,dimensional_variance,912.04,V|912.04.K;V|912.04.K.1,AC,Approved with conditions,approved,"auto (regex on decision paragraph, reviewed)","The Applicant’s request for a variance from Section 912.04.K to allow a 6’ high fence on the front and exterior side property line is hereby APPROVED, subject to the conditions that the corrugated metal panels must be removed and the upper 2’ of the 6’ fence shall contain materials with a high degree of transparency.",40.405134,-79.946316,parcel_centroid_wprdc,https://web.archive.org/web/20250222151109/https://www.pittsburghpa.gov/files/assets/city/v/1/dcp/documents/zoning-board-of-adjustment/22212_102_courtland_street_-_56-n-155_-_91_of_2023.pdf,Internet Archive (Wayback),,
94 of 2023,DCP-ZDR-2023-01198,2023,2023-07-13,,2023-08-18,36,843 Ledlie Street,"9-M-166, 170",0009M00166000000,RM-M,RM,3,Crawford Roberts,New construction of two attached houses,yes,housing_units,single_attached,manual,0,2,2,NEW,dimensional_variance,903.03,V|903.03.C.2,A,Approved,approved,"auto (regex on decision paragraph, reviewed)",The Applicant’s request for variances from Section 903.03.C.2 to allow for the construction of two attached houses with limited front and rear setbacks is hereby APPROVED.,40.446975,-79.98339,parcel_centroid_wprdc,https://web.archive.org/web/20250222103836/https://www.pittsburghpa.gov/files/assets/city/v/1/dcp/documents/zoning-board-of-adjustment/22209_843_ledlie_street_-_94_of_2023.pdf,Internet Archive (Wayback),,
95 of 2023,DCP-ZDR-2023-01005,2023,2023-07-20,,2023-08-22,33,6920 Bennett Street,"125-H-347, 346",0125H00347000000,RM-M,RM,12,Homewood West,Two new two-unit residential structures,yes,housing_units,two_unit,manual,0,4,4,NEW,dimensional_variance,903.03|914.02,V|903.03.C.2;V|914.02.A,A,Approved,approved,"auto (regex on decision paragraph, reviewed)","The Applicant’s request for variances from Sections 903.03.C.2 and 914.02.A to allow for the construction of two two-unit residential structures, with limited interior side setbacks, as described, and no off-street parking is hereby APPROVED.",40.457663,-79.903318,parcel_centroid_wprdc,https://web.archive.org/web/20250222113507/https://www.pittsburghpa.gov/files/assets/city/v/1/dcp/documents/zoning-board-of-adjustment/22218_6920_bennett_street_-_95_of_2023.pdf,Internet Archive (Wayback),,two two-unit structures
100 of 2023,DCP-ZDR-2023-03099,2023,2023-07-20,,2023-08-23,34,1017 Chestnut Street,24-J-280,0024J00280000000,R1A-VH,R1A,23,East Allegheny,"Three-story addition to existing three-story mixed-use building, including the enlargement of two non-conforming uses",no,non_housing,non_residential,manual,,,,NONE,dimensional_variance|special_exception,921.02|921.03,V|921.03.A.1;SE|921.02.A.1;V|921.02.A.1(a),A,Approved,approved,"auto (regex on decision paragraph, reviewed)","The Applicant’s request for a variance from the requirements of Section 921.03.A.1 to allow the 2,632 sf addition, as described, is hereby APPROVED.",40.457486,-79.995604,parcel_centroid_wprdc,https://web.archive.org/web/20250222113052/https://www.pittsburghpa.gov/files/assets/city/v/1/dcp/documents/zoning-board-of-adjustment/22223_1017_chestnut_st_-_100_of_2023.pdf,Internet Archive (Wayback),,mixed-use building addition (nonconforming uses)
103 of 2023,DCP-ZDR-2023-00960,2023,2023-07-20,,2023-08-23,34,271 North Shore Drive,"8-K-22, 26",0008K00022000000,RIV-NS,RIV,22,North Shore,Ground Sign,no,non_housing,non_residential,rule,,,,NONE,dimensional_variance,919.03,V|919.03.M.1(a);V|919.03.M.1,A,Approved,approved,"auto (regex on decision paragraph, reviewed)",The Applicant’s request for a variance from Section 919.03.M.1(a) to allow for the installation of a 64 sf ground sign on Parcel No. 8-K-26 is hereby APPROVED.,40.446022,-80.009303,parcel_centroid_wprdc,https://web.archive.org/web/20250222131213/https://www.pittsburghpa.gov/files/assets/city/v/1/dcp/documents/zoning-board-of-adjustment/22225_271_north_shore_drive_-_103_of_2023.pdf,Internet Archive (Wayback),,
84 of 2023,DCP-ZDR-2022-11764,2023,2023-07-20,,2023-08-23,34,4612 Bayard Street,"27-H-227, 229, 234",0027H00227000000,RM-VH,RM,4,North Oakland,Expand parking lot serving mixed-use building to 44 spaces,no,non_housing,non_residential,manual,,,,NONE,dimensional_variance|special_exception,903.03|912.01|916.04|916.09|918.02|918.03,V|903.03.2;V|918.02.A.4;V|912.01;SE|916.04.C;SE|916.09;V|903.03.E.2;V|918.03.A.4,AC,Approved with conditions,approved,"auto (regex on decision paragraph, reviewed)","The Applicant’s request for variances from Sections 903.03.2, 918.02.A.4, and 912.01, and a special exception pursuant to Sections 916.04.C and 916.09 to allow for the construction of a 44-space parking lot is hereby APPROVED, subject to the condition that the curb cut shall be approved by the Department of Mobility and Infrastructure and that landscaping and screening shall be provided as presented to the Board.",40.449783,-79.949686,parcel_centroid_wprdc,https://web.archive.org/web/20250222111327/https://www.pittsburghpa.gov/files/assets/city/v/1/dcp/documents/zoning-board-of-adjustment/22224_4612_bayard_st_-_84_of_2023.pdf,Internet Archive (Wayback),,
107 of 2023,DCP-ZDR-2023-05503,2023,2023-08-03,,2023-08-29,26,210 Flowers Avenue,56-F-241,0056F00241000000,R1A-H,R1A,15,Hazelwood,Change of use to two-unit residential,yes,housing_units,two_unit,manual,1,2,1,CONV,dimensional_variance|special_exception,903.03|921.02,SE|921.02.A.4;V|903.03.D.2,A,Approved,approved,"auto (regex on decision paragraph, reviewed)",The Applicant’s request for a special exception pursuant to Section 921.02.A.4 and a variance from Section 903.03.D.2 to allow for the conversion of the nonconforming construction contractor use on ground floor of the building on the Subject Property into a second dwelling unit is hereby APPROVED.,40.41024,-79.942193,parcel_centroid_wprdc,https://web.archive.org/web/20250222141318/https://www.pittsburghpa.gov/files/assets/city/v/1/dcp/documents/zoning-board-of-adjustment/22264_210_flowers_ave_-_107_of_2023.pdf,Internet Archive (Wayback),,
42 of 2023,DCP-ZDR-2023-03488,2023,2023-08-03,,2023-08-29,26,5211 Pembroke Place,52-C-176,0052C00176000000,R1D-VL,R1D,7,Shadyside,Wall,yes,residential_accessory,single_detached,auto (text match; dwelling type often not stated),,,,NONE,dimensional_variance,912.04,V|912.04.K.1,A,Approved,approved,"auto (regex on decision paragraph, reviewed)",The Applicant’s request for a variance from Section 912.04.K.1 to allow for the construction of two 4’-9” high walls and one 5’ high wall in conjunction with the construction proposed is hereby APPROVED.,40.450456,-79.938202,parcel_centroid_wprdc,https://web.archive.org/web/20250222105847/https://www.pittsburghpa.gov/files/assets/city/v/1/dcp/documents/zoning-board-of-adjustment/22263_5211_pembroke_plae_-_52-c-176_-_42_of_2023.pdf,Internet Archive (Wayback),,
96 of 2023,DCP-ZDR-2023-04167,2023,2023-07-13,,2023-08-31,49,3920 Penn Avenue,49-P-29,0049P00029000000,LNC,LNC,6,Lower Lawrenceville,Dumpster,no,non_housing,non_residential,rule,,,,NONE,special_exception,916.04|916.09,SE|916.09;SE|916.04.B,AC,Approved with conditions,approved,"auto (regex on decision paragraph, reviewed)","The Applicant’s request for a special exception, pursuant to Section 916.09, allowing waiver of the 30’ setback requirement for refuse receptacles, as set forth in Section 916.04.B, is APPROVED, subject to strict compliance with the following conditions: 1. The Applicant shall construct a completely enclosed and covered enclosure for refuse receptacles at the rear of the property, allowing for a 0’ setback from the Woolslayer Way property line and a setback of at least 15’ from the 3922 Penn Ave",40.464696,-79.959288,parcel_centroid_wprdc,https://web.archive.org/web/20250222102713/https://www.pittsburghpa.gov/files/assets/city/v/1/dcp/documents/zoning-board-of-adjustment/22320_3920_penn_avenue_-_49-p-29_-_96_of_2023.pdf,Internet Archive (Wayback),,
67 of 2023,DCP-ZDR-2023-02914,2023,2023-07-13,,2023-09-04,53,300 JHF Drive,88-S-150,0088S00150000000,RP,RP,15,Squirrel Hill South,Assisted Living Facility,yes,housing_units,assisted_living/personal_care,manual,,,,NEW,special_exception|use_variance,909.02|911.04,SE|909.02.D.6.b.1;SE|911.04.A.66;V|911.04.A.66(c);SE|909.02.D.6(b),AC,Approved with conditions,approved,"auto (regex on decision paragraph, reviewed)","The Applicant’s request for a special exception pursuant to Sections 909.02.D.6.b.1 and 911.04.A.66 and a variance from Section 911.04.A.66(c)(ii), to allow for a Class C Assisted Living facility on the Subject Property, which is to would contain personal care and memory care facilities and independent living apartments, is hereby APPROVED, subject to compliance with the land development process.",40.413973,-79.919831,parcel_centroid_wprdc,https://web.archive.org/web/20250222100240/https://www.pittsburghpa.gov/files/assets/city/v/1/dcp/documents/zoning-board-of-adjustment/22350_300_jhf_drive_-_67_of_2023.pdf,Internet Archive (Wayback),,"assisted living incl. personal care, memory care and independent living apartments; unit count not captioned"
105 of 2023,DCP-ZDR-2023-05658,2023,2023-08-03,,2023-09-07,35,518 Osceola Street,51-K-56,0051K00056000000,R2-H,R2,8,Bloomfield,Garage,yes,residential_accessory,other_residential,manual,,,,NONE,dimensional_variance,912.04,V|912.04.E,AC,Approved with conditions,approved,"auto (regex on decision paragraph, reviewed)","The Applicant’s request for a variance from Section 912.04.E to allow for the construction of a garage to a height that is not to exceed 15’-4” is hereby APPROVED, subject to the condition that that the garage may not be used for a second residential unit.",40.457489,-79.942621,parcel_centroid_wprdc,https://web.archive.org/web/20250222101523/https://www.pittsburghpa.gov/files/assets/city/v/1/dcp/documents/zoning-board-of-adjustment/22387_518_osceola_street_-_105_of_2023.pdf,Internet Archive (Wayback),,garage
106 of 2023,DCP-ZDR-2023-05156,2023,2023-08-10,,2023-09-07,28,67-69 Becks Run Road,95-H-394,,R1D-L,R1D,29,Carrick,Parking Pad,yes,residential_accessory,two_unit,auto (text match; dwelling type often not stated),,,,NONE,dimensional_variance,912.04,V|912.04.L.3,AC,Approved with conditions,approved,"auto (regex on decision paragraph, reviewed)","The Applicant’s request for a variance from Section 912.04.L.3 to allow for the installation of a three-car parking pad located in the front yard, as described to the Board, is hereby APPROVED, subject to the condition that the curb cut for the parking pad shall be reviewed and approved by the Department of Mobility and Infrastructure.",40.38911,-79.983307,census_geocoder_address,https://web.archive.org/web/20250222123111/https://www.pittsburghpa.gov/files/assets/city/v/1/dcp/documents/zoning-board-of-adjustment/22388_69_becks_run_road_-_106_of_2023.pdf,Internet Archive (Wayback),,
109 of 2023,DCP-ZDR-2023-05602,2023,2023-08-10,,2023-09-07,28,211 N. Lexington Street,175-E-5,0175E00005000000,R1D-L,R1D,14,Point Breeze North,Building Addition,yes,residential_accessory,single_detached,auto (text match; dwelling type often not stated),,,,NONE,dimensional_variance,903.03,V|903.03.B.2,AC,Approved with conditions,approved,"auto (regex on decision paragraph, reviewed)","The Applicant’s request for a variance from Section 903.03.B.2 to allow for the construction of an integral garage with a 10’-3” front setback is hereby APPROVED, subject to the condition that the curb cut shall be reviewed and approved by the Department of Mobility and Infrastructure.",40.450009,-79.899165,parcel_centroid_wprdc,https://web.archive.org/web/20250222105319/https://www.pittsburghpa.gov/files/assets/city/v/1/dcp/documents/zoning-board-of-adjustment/22389_211_north_lexington_street_-_109_of_2023.pdf,Internet Archive (Wayback),,
110 of 2023,DCP-ZDR-2023-04440,2023,2023-08-10,,2023-09-07,28,1619 Manhattan Street,22-K-150,0022K00150000000,R1A-VH,R1A,21,Manchester,Fence,yes,residential_accessory,single_detached,auto (text match; dwelling type often not stated),,,,NONE,dimensional_variance,912.04,V|912.04.K;V|912.04.K(1),AC,Approved with conditions,approved,"auto (regex on decision paragraph, reviewed)","The Applicant’s request for a variance from Section 912.04.K is hereby APPROVED to allow a fence height of 6’, subject to the condition that the upper 2’ of the fence shall contain transparent elements, as presented to the Board.",40.4565,-80.027292,parcel_centroid_wprdc,https://web.archive.org/web/20250222120851/https://www.pittsburghpa.gov/files/assets/city/v/1/dcp/documents/zoning-board-of-adjustment/22391_1619_manhattan_st__-_110_of_2023.pdf,Internet Archive (Wayback),,
115 of 2023,DCP-ZDR-2023-06336,2023,2023-09-07,,,,5282 Second Avenue,57-B-192,0057B00192000000,R1A-VH,R1A,15,Hazelwood,Use of ground floor for Restaurant (Limited),no,non_housing,non_residential,manual,,,,NONE,use_variance,911.02,V|911.02,A,Approved,approved,"auto (regex on decision paragraph, reviewed)","The Applicant’s request for a variance from Section 911.02 to allow the use of the first floor of the structure on the Subject Property for a 1,148 sf restaurant (limited) use is hereby APPROVED.",40.403945,-79.942669,parcel_centroid_wprdc,https://web.archive.org/web/20250222111118/https://www.pittsburghpa.gov/files/assets/city/v/1/dcp/documents/zoning-board-of-adjustment/22577_5282_2nd_ave_-_115_of_2023.pdf,Internet Archive (Wayback),,"decision date unparseable as printed: ""September __, 2023"""
86 of 2023,DCP-ZDR-2023-04057,2023,2023-07-20,,2023-09-07,49,1850 Centre Avenue,11-A-123,0011A00123000000,CP,CP,3,Crawford-Roberts,Signs,no,non_housing,non_residential,rule,,,,NONE,dimensional_variance,919.03,V|919.03.M.5,S,Split,split,"auto (regex on decision paragraph, reviewed)","The Applicant’s request for a variance from Section 919.03.M.5 for the cumulative 100 sf of signage on the Centre Avenue façade (Signs B and E, as described) is APPROVED; and the variance to allow the cumulative 561 sf of signage on the parking lot façade (Signs A, C, D and F and the mural, as described) is DENIED, without prejudice to submit a revised signage plan for that façade.",40.441713,-79.98143,parcel_centroid_wprdc,https://web.archive.org/web/20250222123741/https://www.pittsburghpa.gov/files/assets/city/v/1/dcp/documents/zoning-board-of-adjustment/22383_1850_centre_ave_-_86_of_2023.pdf,Internet Archive (Wayback),,
89 of 2023,DCP-ZDR-2023-02810,2023,2023-08-10,,2023-09-07,28,7315 Race Street,174-F-209,0174F00209000000,R2-L,R2,13,Homewood North,Child Care (General),no,non_housing,non_residential,manual,,,,NONE,use_variance,911.02,V|911.02,AC,Approved with conditions,approved,"auto (regex on decision paragraph, reviewed)","The Applicant’s request for a variance from Code Section 911.02, to allow the child care (general) use is hereby APPROVED, subject to the condition that the Applicant shall receive all necessary approvals from the Department of Human Services and that the child care facility cannot be used for more than 12 children at any time.",40.458343,-79.892671,parcel_centroid_wprdc,https://web.archive.org/web/20250222110855/https://www.pittsburghpa.gov/files/assets/city/v/1/dcp/documents/zoning-board-of-adjustment/22390_7315_race_st_-_89_of_2023.pdf,Internet Archive (Wayback),,
46 of 2023,DCP-ZDR-2023-01064,2023,2023-07-20,,2023-09-21,63,6556 Shetland Street,125-B-42,0125B00042000000,RM-H,RM,12,Larimer,Electronic Sign,no,non_housing,non_residential,rule,,,,NONE,dimensional_variance,919.03,V|919.03.O,AC,Approved with conditions,approved,"auto (regex on decision paragraph, reviewed)","For the foregoing reasons, the Applicant’s request for approval of the new electronic sign is APPROVED, subject to these conditions: 1. The sign must be fully turned off from sunset until sunrise; 2. During daytime hours, brightness/luminance shall be no greater than 2,500 nits; and 3. The sign shall be used for the display of static text and graphics only, with no animated displays.",40.461752,-79.908243,parcel_centroid_wprdc,https://web.archive.org/web/20250222130931/https://www.pittsburghpa.gov/files/assets/city/v/1/dcp/documents/zoning-board-of-adjustment/22507_6556_shetland_street_-_case_46_of_2023.pdf,Internet Archive (Wayback),,
117 of 2023,DCP-ZDR-2023-06335,2023,2023-08-17,,2023-09-22,36,6204 Penn Avenue,84-C-55,0084C00055000000,UNC,UNC,7,Shadyside,Restaurant,no,non_housing,non_residential,rule,,,,NONE,special_exception,911.02|911.04,SE|911.04.A.57;SE|911.02,A,Approved,approved,"auto (regex on decision paragraph, reviewed)","The Applicant’s request for a special exception pursuant to Section 911.04.A.57 to allow a 4,377 restaurant (general) use is hereby APPROVED.",40.45982,-79.923047,parcel_centroid_wprdc,https://web.archive.org/web/20250221211413/https://www.pittsburghpa.gov/files/assets/city/v/1/dcp/documents/zoning-board-of-adjustment/22529_6204_penn_avenue_-_117_of_2023.pdf,Internet Archive (Wayback),,
111 of 2023,DCP-ZDR-2022-09247,2023,2023-08-17,,2023-09-26,40,6314 Broad Street,84-D-270,0084D00270000000,UI,UI,11,East Liberty,Restaurant and Accessory Dog Area,no,non_housing,non_residential,rule,,,,NONE,dimensional_variance,904.02|904.04|912.04,V|904.02.B.2;V|912.04.K.1;V|904.04.B.2,A,Approved,approved,"auto (regex on decision paragraph, reviewed)","The Applicant’s request for variances from Sections 904.02.B.2 and 912.04.K.1 to allow accessory uses with a cumulative area of 17,790 sf and a 6’ open fence in the front yard are hereby APPROVED.",40.460271,-79.918484,parcel_centroid_wprdc,https://www.pittsburghpa.gov/files/assets/city/v/1/dcp/documents/zoning-board-of-adjustment/22528_6314_broad_st_-_84-d-270.pdf,pittsburghpa.gov (migrated file; link found on archived dcp/zba page),,
122 of 2023,DCP-ZDR-2023-03779,2023,2023-09-07,,2023-09-26,19,1361 Carnahan Road,36-B-83,0036B00083000000,R1D-L,R1D,20,Banksville,Basketball Court,yes,residential_accessory,single_detached,manual,,,,NONE,dimensional_variance,912.04|914.02,V|912.04.K;V|912.04.K.1;V|914.02.A;V|912.04.K.2,A,Approved,approved,"auto (regex on decision paragraph, reviewed)",The Applicant’s request for variances from Sections 912.04.K and 912.04.K.1 to allow for the installation of a basketball court surrounded by a 10’ high fence with 18’ high light poles is hereby APPROVED.,40.412207,-80.042613,parcel_centroid_wprdc,https://web.archive.org/web/20250222123842/https://www.pittsburghpa.gov/files/assets/city/v/1/dcp/documents/zoning-board-of-adjustment/22531_1361_carnahan_road_-_122_of_2023.pdf,Internet Archive (Wayback),,
124 of 2023,DCP-LOT-2023-01035,2023,2023-09-07,,2023-09-26,19,140 Tecumseh Street,56-K-278,0056K00278000000,R1D-M,R1D,15,Hazelwood,Subdivision,yes,residential_accessory,single_attached,manual,,,,NONE,dimensional_variance,903.03,V|903.03.C.2,A,Approved,approved,"auto (regex on decision paragraph, reviewed)","The Applicant’s request for variances from Section 903.03.C.2 to allow the reduced lot sizes and rear setbacks, as proposed for the existing attached units, is hereby APPROVED.",40.408506,-79.942774,parcel_centroid_wprdc,https://web.archive.org/web/20250222131157/https://www.pittsburghpa.gov/files/assets/city/v/1/dcp/documents/zoning-board-of-adjustment/22534_140_tecumseh_street_-_124_of_2023.pdf,Internet Archive (Wayback),,subdivision of existing attached units
125 of 2023,DCP-LOT-2023-01036,2023,2023-09-07,,2023-09-26,19,5020 Orinoco Street,56-G-140,0056G00140000000,R1D-M,R1D,15,Hazelwood,Subdivision,yes,residential_accessory,other_residential,manual,,,,NONE,dimensional_variance,903.03,V|903.03.C.2,A,Approved,approved,"auto (regex on decision paragraph, reviewed)",The Applicant’s request for a variance from Section 903.03.C.2 to allow for the subdivision the Subject Property into two lots is hereby APPROVED.,40.409314,-79.939772,parcel_polygon_centroid_county_gis,https://web.archive.org/web/20250222115929/https://www.pittsburghpa.gov/files/assets/city/v/1/dcp/documents/zoning-board-of-adjustment/22533_5020_orinoco_street_-_125_of_2023.pdf,Internet Archive (Wayback),,subdivision
126 of 2023,DCP-ZDR-2023-07184,2023,2023-09-07,,2023-09-26,19,429 Taylor Street,26-D-180,0026D00180000000,R2-H,R2,8,Bloomfield,Enclose Porch,yes,residential_accessory,single_detached,auto (text match; dwelling type often not stated),,,,NONE,dimensional_variance,903.03,V|903.03.D.2,AC,Approved with conditions,approved,"auto (regex on decision paragraph, reviewed)","The Applicant’s request for a variance from Section 903.03.D.2 to allow a 0’ interior side setback, resulting from the enclosure of a portion of an existing rear porch, is hereby APPROVED, subject to the condition that no new porch structure extends from the enclosed portion of the structure into the side setback.",40.46054,-79.952148,parcel_centroid_wprdc,https://web.archive.org/web/20250221205805/https://www.pittsburghpa.gov/files/assets/city/v/1/dcp/documents/zoning-board-of-adjustment/22532_429_taylor_street_-_126_of_2023.pdf,Internet Archive (Wayback),,
127 of 2023,DCP-ZDR-2023-05500,2023,2023-09-07,,2023-09-26,19,1106 Reedsdale Street,7-H-178,0007H00178000000,RIV-NS,RIV,21,Chateau,Use of existing structure for Office (General) and Restaurant (Limited) use,no,non_housing,non_residential,rule,,,,NONE,dimensional_variance,905.04|905.05,V|905.05.B.4.E.3;V|905.04.E.4.B.3,A,Approved,approved,"auto (regex on decision paragraph, reviewed)",The Applicant’s request for a variance from Section 905.05.B.4.E.3 to allow an 8’ wide sidewalk along Walker Street is hereby APPROVED.,40.44805,-80.019362,parcel_centroid_wprdc,https://web.archive.org/web/20250221233308/https://www.pittsburghpa.gov/files/assets/city/v/1/dcp/documents/zoning-board-of-adjustment/22535_1106_reedsdale_street_-_127_of_2023.pdf,Internet Archive (Wayback),,
113 of 2023,DCP-ZDR-2023-03867,2023,2023-08-17,,2023-10-04,48,1415 Squirrel Hill Avenue,86-A-1,0086A00001000000,R1D-VL,R1D,14,Squirrel Hill North,Residential Addition,yes,residential_accessory,single_detached,manual,,,,NONE,dimensional_variance,903.03,V|903.03.A.2,AC,Approved with conditions,approved,"auto (regex on decision paragraph, reviewed)","The Applicant’s request for variances from Section 903.03.A.2 to allow for the construction of a one-story addition, including an attached garage, is hereby APPROVED, subject to these conditions: • The height of the addition shall not exceed 15’/one-story; • The rear setback for the entire structure shall be at least 15’; • The interior side setback from the 1427 Squirrel Hill Avenue property line shall not exceed 3’-7”; • The length of the structure shall not extend along the 1427 Squirrel Hill",40.440945,-79.932743,parcel_centroid_wprdc,https://web.archive.org/web/20250222104247/https://www.pittsburghpa.gov/files/assets/city/v/1/dcp/documents/zoning-board-of-adjustment/22714_1415_squirrel_hill_ave_-_113_of_2023.pdf,Internet Archive (Wayback),,
129 of 2023,DCP-ZDR-2023-06638,2023,2023-09-14,,2023-10-05,21,2734 Murray Avenue,87-K-75,0087K00075000000,RM-M,RM,14,Squirrel Hill South,One Wall Sign on side of existing structure,no,non_housing,non_residential,rule,,,,NONE,nonconforming_review,919.01,REVIEW|919.01.F,A,Approved,approved,"auto (regex on decision paragraph, reviewed)",The Applicant’s request for a 25 sf wall sign to identify the non-conforming wig store use is hereby APPROVED.,40.428372,-79.924905,parcel_centroid_wprdc,https://web.archive.org/web/20250222122209/https://www.pittsburghpa.gov/files/assets/city/v/1/dcp/documents/zoning-board-of-adjustment/22731_2734_murray_ave_-_129_of_2023.pdf,Internet Archive (Wayback),,
131 of 2023,DCP-ZDR-2023-07545,2023,2023-09-14,,2023-10-05,21,4774 Aloe Street,26-M-154,0026M00154000000,R1A-H,R1A,8,Bloomfield,Use of structure for two units,yes,housing_units,two_unit,manual,2,2,0,LEGAL,nonconforming_review,911.02,REVIEW|911.02,NC,Nonconforming status confirmed,approved,"auto (regex on decision paragraph, reviewed)",The use of the Subject Property for two dwelling units may continue.,40.455961,-79.950693,parcel_centroid_wprdc,https://web.archive.org/web/20250222144924/https://www.pittsburghpa.gov/files/assets/city/v/1/dcp/documents/zoning-board-of-adjustment/22715_4774_aloe_street_-_131_of_2023.pdf,Internet Archive (Wayback),,
132 of 2023,DCP-ZDR-2023-07343,2023,2023-09-14,,2023-10-05,21,2103 Noblestown Road,39-D-165,0039D00165000000,UNC,UNC,28,Westwood,Electronic Non-Advertising Sign,no,non_housing,non_residential,rule,,,,NONE,dimensional_variance,919.03,V|919.03.O,D,Denied,denied,"auto (regex on decision paragraph, reviewed)","For the foregoing reasons, the Applicant’s request for approval of the proposed electronic sign is DENIED.",40.431101,-80.052473,parcel_centroid_wprdc,https://web.archive.org/web/20250221205633/https://www.pittsburghpa.gov/files/assets/city/v/1/dcp/documents/zoning-board-of-adjustment/22732_2103_noblestown_road_-_132_of_2023.pdf,Internet Archive (Wayback),,
134 of 2023,DCP-ZDR-2023-05047,2023,2023-09-14,,2023-10-05,21,1912 Chislett Street,121-L-40,0121L00040000000,R1A-H,R1A,10,Morningside,Deck,yes,residential_accessory,single_detached,auto (text match; dwelling type often not stated),,,,NONE,dimensional_variance,903.03|912.04,V|903.03.D.2;V|912.04.K,AC,Approved with conditions,approved,"auto (regex on decision paragraph, reviewed)","The Applicant’s request for a variance from Section 903.03.D.2, and the additional variance from Section 912.04.K, to allow a deck with a 2’ interior side setback is hereby APPROVED, subject to the condition that the Applicant shall provide an 8’ high fence along the portion of the side property line adjacent to the deck.",40.486646,-79.923896,parcel_centroid_wprdc,https://web.archive.org/web/20250222103108/https://www.pittsburghpa.gov/files/assets/city/v/1/dcp/documents/zoning-board-of-adjustment/22716_1912_chislet_street_-_134_of_2023.pdf,Internet Archive (Wayback),,
118 of 2023,DCP-ZDR-2023-06232,2023,2023-08-17,,2023-10-11,55,1305 Forbes Avenue,2-L-42,0002L00042000000,UPR-A,UPR,1,Bluff,Signs,no,non_housing,non_residential,rule,,,,NONE,dimensional_variance,919.03,V|919.03.M.3(a);V|919.03.M.3(e),A,Approved,approved,"auto (regex on decision paragraph, reviewed)",The Applicant’s request for variances from Section 919.03.M.3(a) and 919.03.M.3(e) to install a wall sign 80’ from grade and a canopy sign with 36” high letters is hereby APPROVED.,40.437994,-79.987414,parcel_centroid_wprdc,https://web.archive.org/web/20250222101209/https://www.pittsburghpa.gov/files/assets/city/v/1/dcp/documents/zoning-board-of-adjustment/22794_1305_forbes_avenue_-_118_of_2023.pdf,Internet Archive (Wayback),,
120 of 2023,DCP-ZDR-2023-05469,2023,2023-08-17,,2023-10-12,56,10 Wood Street,1-M-13,0001M00013000000,GT-C,GT,1,Central Business District,Electronic Sign,no,non_housing,non_residential,rule,,,,NONE,appeal|dimensional_variance,919.03,V|919.03.O.3;APPEAL|919.03.I,D,Denied,denied,"auto (regex on decision paragraph, reviewed)","The Applicant’s request for a use variance to allow an “electronic non- advertising” sign, with no operational limitations, is DENIED. The protest appeal from the Zoning Administrator’s determination that the Ticker Sign is not a “convenience information sign” and the request for a dimensional variance to allow two 25 sf panels/50sf Ticker Sign are also DENIED.",40.437538,-80.002161,parcel_centroid_wprdc,https://web.archive.org/web/20250222120339/https://www.pittsburghpa.gov/files/assets/city/v/1/dcp/documents/zoning-board-of-adjustment/22848_10_wood_street_-_120_of_2023.pdf,Internet Archive (Wayback),,
128 of 2023,DCP-ZDR-2022-14126,2023,2023-09-14,,2023-10-17,33,460 South Graham Street,51-G-241,0051G00241000000,LNC,LNC,8,Bloomfield,Use of Two-Story Building as School,no,non_housing,non_residential,rule,,,,NONE,special_exception,911.02|911.04,SE|911.02;SE|911.04.A.63,AC,Approved with conditions,approved,"auto (regex on decision paragraph, reviewed)","The Applicant’s request for a special exception pursuant to Sections 911.02 and 911.04.A.63 to allow the secondary school (limited) use is hereby APPROVED, subject the operational details described to the Board and the condition that enrollment shall not exceed 75 students without additional reviews and required approvals.",40.457668,-79.937412,parcel_centroid_wprdc,https://web.archive.org/web/20250221204000/https://www.pittsburghpa.gov/files/assets/city/v/1/dcp/documents/zoning-board-of-adjustment/23010_460_s_graham_street_-_128_of_2023.pdf,Internet Archive (Wayback),,
123 of 2023,DCP-ZDR-2023-06139,2023,2023-09-14,,2023-10-25,41,3459 Fifth Avenue,28-F-10,0028F00010000000,EMI,EMI,4,West Oakland,Construct Addition to Hospital,no,non_housing,non_residential,manual,,,,NONE,special_exception,916.02|916.09|919.02,SE|919.02.A.2;SE|916.02.A.2;SE|916.09,A,Approved,approved,"auto (regex on decision paragraph, reviewed)","The Applicant’s request for a special exception to waive the residential compatibility setback standard from Section 919.02.A.2, pursuant to Section 916.09, is hereby APPROVED.",40.440717,-79.961861,parcel_centroid_wprdc,https://web.archive.org/web/20250221203748/https://www.pittsburghpa.gov/files/assets/city/v/1/dcp/documents/zoning-board-of-adjustment/23132_3459_fifth_aveneu_-_123_of_2023.pdf,Internet Archive (Wayback),,
161 of 2023,DCP-ZDR-2023-03579,2023,2023-10-19,,2023-10-25,6,335 Flowers Avenue,"56-C-241, 56-C-240-A and 56-C- 239",0056C00241000000,R1A-H,R1A,15,Hazelwood,New construction of three single unit detached houses,yes,housing_units,two_unit,manual,0,6,6,NEW,dimensional_variance,914.02,V|914.02.A,A,Approved,approved,"auto (regex on decision paragraph, reviewed)","The Applicant’s request for variances from Section 914.02.A to allow for the construction of three two-unit residential structures, with no off-street parking is hereby APPROVED.",40.411669,-79.939684,parcel_centroid_wprdc,https://web.archive.org/web/20250221204158/https://www.pittsburghpa.gov/files/assets/city/v/1/dcp/documents/zoning-board-of-adjustment/23131_335_flowers_avenue_-_161_of_2023.pdf,Internet Archive (Wayback),,request says three single-unit houses; decision says three two-unit structures; multiple parcels captioned; point is first matched parcel
49 of 2023,DCP-ZDR-2022-07239,2023,2023-08-03,,2023-10-30,88,6886 Forward Avenue,128-L-20,0128L00020000000,P,P,14,Squirrel Hill,New construction of a multi-unit residential building for 160 units,yes,housing_units,multi_unit,manual,0,160,160,NEW,dimensional_variance|use_variance,905.01|911.02|915.02,V|911.02;V|905.01.C;V|915.02.A.1.E,D,Denied,denied,"auto (regex on decision paragraph, reviewed)",The Applicant’s request for a use variance to allow a 160-unit multi-unit residential use in a P District and its request for dimensional variances for the structure proposed for that use are DENIED.,40.426724,-79.906691,parcel_centroid_wprdc,https://web.archive.org/web/20250221202957/https://www.pittsburghpa.gov/files/assets/city/v/1/dcp/documents/zoning-board-of-adjustment/23148_6886_forward_avenue_-_49_of_2023.pdf,Internet Archive (Wayback),,
112 of 2023,DCP-ZDR-2023-06302,2023,2023-08-10,,2023-11-06,88,4401 Liberty Avenue,"49-S-101, 102, 103, 106, 125, 128, 136 and 137",0049S00101000000,LNC/IZ-O,LNC,9,Bloomfield,"Construction of 6-story mixed use building, including ground floor grocery store and 248 residential units",yes,housing_units,multi_unit,manual,0,248,248,NEW,dimensional_variance|special_exception,904.02|911.02|911.04|916.02,SE|911.04.A.83.c;SE|911.02;V|904.02.C;V|916.02.B,S,Split,split,"auto (regex on decision paragraph, reviewed)","The Applicant’s request for variances from the site development standards for height and FAR limitations in the LNC District and from the Residential Compatibility Standards for height are DENIED. The request for a special exception for the proposed grocery store (general) use is APPROVED, subject to compliance with the requirements of Section 911.04.A.83.c.",40.464027,-79.951622,parcel_centroid_wprdc,https://web.archive.org/web/20250222152041/https://www.pittsburghpa.gov/files/assets/city/v/1/dcp/documents/zoning-board-of-adjustment/23225_4401_liberty_avenue_-_112_of_2023.pdf,Internet Archive (Wayback),,"mixed-use; grocery SE approved, height/FAR variances denied"
114 of 2023,DCP-ZDR-2023-05537,2023,2023-10-05,,2023-11-15,41,7226 Upland Street,174-B-121,0174B00121000000,R2-L,R2,13,Homewood North,Childcare (General),no,non_housing,non_residential,manual,,,,NONE,use_variance,911.02,V|911.02,AC,Approved with conditions,approved,"auto (regex on decision paragraph, reviewed)","The Applicant’s request for a variance from Code Section 911.02, to allow the child care (general) use is hereby APPROVED, subject to the condition that the Applicant shall receive all necessary approvals from the Department of Human Services and that the child care facility cannot be used for more than 12 children at any time.",40.461639,-79.893562,parcel_centroid_wprdc,https://web.archive.org/web/20250222103311/https://www.pittsburghpa.gov/files/assets/city/v/1/dcp/documents/zoning-board-of-adjustment/23282_7226_upland_street_-_114_of_2023.pdf,Internet Archive (Wayback),,
138 of 2023,DCP-ZDR-2023-06456,2023,2023-10-05,,2023-11-15,41,1914 Saint Paul Street,13-A-148,0013A00148000000,H,H,17,South Side Slopes,Parking Pad,yes,residential_accessory,single_detached,auto (text match; dwelling type often not stated),,,,NONE,dimensional_variance,912.04,V|912.04.L.3,AC,Approved with conditions,approved,"auto (regex on decision paragraph, reviewed)","The Applicant’s request for a variance from Section 912.04.L.3 to construct a parking pad set back 0’ from Saint Paul Street is hereby APPROVED, subject to the condition that the curb cut shall be reviewed and approved by the Department of Mobility and Infrastructure.",40.421685,-79.980739,parcel_centroid_wprdc,https://web.archive.org/web/20250222134442/https://www.pittsburghpa.gov/files/assets/city/v/1/dcp/documents/zoning-board-of-adjustment/23279_1914_saint_paul_street_-_138_of_2023.pdf,Internet Archive (Wayback),,
147 of 2023,DCP-LOT-2023-01164,2023,2023-10-05,,2023-11-15,41,1140 Muldowney Avenue,184-J-250,0184J00250000000,R1D-L,R1D,31,Lincoln Place,Subdivision,yes,residential_accessory,other_residential,manual,,,,NONE,dimensional_variance,903.03,V|903.03.B.2,A,Approved,approved,"auto (regex on decision paragraph, reviewed)","The Applicant’s request for a variance from Section 903.03.B.2 to subdivide the Subject Property into two 4,125 sf parcels is hereby APPROVED.",40.368548,-79.915933,parcel_centroid_wprdc,https://web.archive.org/web/20250222100922/https://www.pittsburghpa.gov/files/assets/city/v/1/dcp/documents/zoning-board-of-adjustment/23287_1140_muldowney_ave_-_147_of_2023.pdf,Internet Archive (Wayback),,subdivision
150 of 2023,DCP-ZDR-2020-06000,2023,2023-10-05,,2023-11-15,41,822 Crucible Street,19-C-166,0019C00166000000,R1D-H,R1D,20,Elliott,Community Center,no,non_housing,non_residential,manual,,,,NONE,dimensional_variance|special_exception|use_variance,911.02|912.04|914.02|916.04,V|911.02;V|912.04.C;V|914.02.A;SE|916.04.C,AC,Approved with conditions,approved,"auto (regex on decision paragraph, reviewed)","The Applicant’s request for variances from Sections 911.02, 912.04.C and 914.02.A and a special exception to waive Section 916.04.C pursuant to Section 916.09 to allow the conversion of the former school building into a community center with a 51-space parking lot is hereby APPROVED, subject to the condition that screening and landscaping be installed for the parking lot, as described to the Board.",40.442518,-80.039971,parcel_centroid_wprdc,https://web.archive.org/web/20250222101653/https://www.pittsburghpa.gov/files/assets/city/v/1/dcp/documents/zoning-board-of-adjustment/23278_822_crucible_street_-_150_of_2023.pdf,Internet Archive (Wayback),,
102 of 2023,DCP-ZDR-2022-11060,2023,2023-10-05,,2023-11-16,42,11 and 13 Mayflower Street,"83-M-199, 198",0083M00199000000,R1D-H,R1D,12,Larimer,Two Single Unit Attached Houses,yes,housing_units,single_attached,manual,0,2,2,NEW,dimensional_variance|use_variance,903.03|911.02,V|911.02;V|903.03.D.2,A,Approved,approved,"auto (regex on decision paragraph, reviewed)","The Applicant’s request for variances from Sections 911.02 and 903.03.D.2 to allow for the construction of two attached houses on the Subject Property, with a limited exterior side setback, is hereby APPROVED.",40.465728,-79.917243,parcel_centroid_wprdc,https://web.archive.org/web/20250221202921/https://www.pittsburghpa.gov/files/assets/city/v/1/dcp/documents/zoning-board-of-adjustment/23283_mayflower_street_-_102_of_2023.pdf,Internet Archive (Wayback),,
136 of 2023,DCP-ZDR-2023-07736,2023,2023-10-05,,2023-11-16,42,4520 Centre Avenue,27-D-60,0027D00060000000,SP-7,SP,4,North Oakland,Restaurant,no,non_housing,non_residential,rule,,,,NONE,special_exception,909.01|911.04,SE|911.04.A.57;SE|909.01.M.4,A,Approved,approved,"auto (regex on decision paragraph, reviewed)","The Applicant’s request for a special exception pursuant to Section 911.04.A.57 to allow a 4,266 restaurant (general) use is hereby APPROVED.",40.451351,-79.952775,parcel_centroid_wprdc,https://web.archive.org/web/20250221203709/https://www.pittsburghpa.gov/files/assets/city/v/1/dcp/documents/zoning-board-of-adjustment/23281_4520_centre_ave_-_136_of_2023.pdf,Internet Archive (Wayback),,
137 of 2023,DCP-ZDR-2023-06979,2023,2023-10-05,,2023-11-16,42,3127 Perrysville Avenue,77-E-107,0077E00107000000,P,P,26,Perry North,Parking Pad,yes,residential_accessory,single_detached,auto (text match; dwelling type often not stated),,,,NONE,dimensional_variance,912.04,V|912.04.L.3,AC,Approved with conditions,approved,"auto (regex on decision paragraph, reviewed)","The Applicant’s request for a variance from Section 912.04.L.3 to allow for the installation of a two-car parking pad located in the front yard, as described to the Board, is hereby APPROVED, subject to the conditions that the curb cut for the parking pad shall be reviewed and approved by the Department of Mobility and Infrastructure; and that the landscaping along the front property line shall be maintained.",40.478481,-80.012416,parcel_centroid_wprdc,https://web.archive.org/web/20250222123051/https://www.pittsburghpa.gov/files/assets/city/v/1/dcp/documents/zoning-board-of-adjustment/23280_3127_perrysville_ave_-_137_of_2023.pdf,Internet Archive (Wayback),,
142 of 2023,DCP-ZDR-2023-07709,2023,2023-10-12,,2023-11-16,35,1513 Methyl Street,35-B-206,0035B00206000000,R1D-H,R1D,19,Beechview,Use of structure as two-unit residence with no off-street parking,yes,housing_units,two_unit,manual,2,2,0,LEGAL,nonconforming_review,911.02,V|911.02,NC,Nonconforming status confirmed,approved,"auto (regex on decision paragraph, reviewed)",The use of the Subject Property for two units may continue as a legal nonconforming use in the R1A-H District.,40.412368,-80.025483,parcel_centroid_wprdc,https://web.archive.org/web/20250222104755/https://www.pittsburghpa.gov/files/assets/city/v/1/dcp/documents/zoning-board-of-adjustment/23284_1513_methyl_st_-_142_of_2023.pdf,Internet Archive (Wayback),,"relief table listed nonconforming_review|use_variance; Board found use legally nonconforming, so relief_type set to nonconforming_review"
148 of 2023,DCP-ZDR-2023-07979,2023,2023-10-12,,2023-11-16,35,600 Beltzhoover Avenue,14-J-154,0014J00154000000,R2-H,R2,18,Beltzhoover,Use of existing structure for community center (limited),no,non_housing,non_residential,manual,,,,NONE,special_exception,911.02|911.03,SE|911.03.A.14;SE|911.02,AC,Approved with conditions,approved,"auto (regex on decision paragraph, reviewed)","The Applicants request for a special exception pursuant to Section 911.03.A.14 to allow the use of the Subject Property for a community center (limited) use is hereby APPROVED, subject to the condition that the operations of the center are generally consistent with those described to the Board.",40.417354,-79.997523,parcel_centroid_wprdc,https://web.archive.org/web/20250222113614/https://www.pittsburghpa.gov/files/assets/city/v/1/dcp/documents/zoning-board-of-adjustment/23285_600_beltzhoover_ave_-_148_of_2023.pdf,Internet Archive (Wayback),,
153 of 2023,DCP-ZDR-2023-08132,2023,2023-10-12,,2023-11-16,35,1 Alger Street,54-K-230,0054K00230000000,RM-M,RM,15,Greenfield,Ground Sign,no,non_housing,non_residential,rule,,,,NONE,dimensional_variance,919.03,V|919.03.N.2.a,A,Approved,approved,"auto (regex on decision paragraph, reviewed)",The Applicant’s request for a variance from Section 919.03.N.2.a to allow for the installation of a 60 sf ground sign is hereby APPROVED.,40.426211,-79.944857,parcel_centroid_wprdc,https://web.archive.org/web/20250222112733/https://www.pittsburghpa.gov/files/assets/city/v/1/dcp/documents/zoning-board-of-adjustment/23286_1_alger_street_-_153_of_2023.pdf,Internet Archive (Wayback),,
170 of 2023,DCP-ZDR-2023-05407,2023,2023-11-16,,,,235 Shady Avenue,"84-G-258, 84-G-233",0084G00258000000,"LNC, UNC",LNC,7,Shadyside,Dumpster and trash compactor,no,non_housing,non_residential,rule,,,,NONE,dimensional_variance,912.01,V|912.01.D,A,Approved,approved,"auto (regex on decision paragraph, reviewed)","The Applicant’s request for a variance from Section 912.01.D to allow for construction of an accessory trash facility in an LNC District, for use by commercial tenants with primary uses in a UNC District, is hereby APPROVED.",40.458726,-79.92115,parcel_centroid_wprdc,https://web.archive.org/web/20250222141416/https://www.pittsburghpa.gov/files/assets/city/v/1/dcp/documents/zoning-board-of-adjustment/23499_235_shady_avenue_-_170_of_2023.pdf,Internet Archive (Wayback),,"decision date unparseable as printed: ""December _, 2023""; multiple parcels captioned; point is first matched parcel"
144 of 2023,DCP-ZDR-2023-00820,2023,2023-10-05,,2023-11-19,45,2795 South Water Street,29-J-225,0029J00225000000,SP-5,SP,16,South Side Flats,Direct River Sign,no,non_housing,non_residential,rule,,,,NONE,,,,AC,Approved with conditions,approved,"auto (regex on decision paragraph, reviewed)","The Applicant’s request for a variance from the SP-5 design guidelines to install a 178 sf direct river sign is hereby APPROVED, subject to the condition that no additional signage is proposed for the building.",40.428394,-79.963929,parcel_centroid_wprdc,https://web.archive.org/web/20250222112003/https://www.pittsburghpa.gov/files/assets/city/v/1/dcp/documents/zoning-board-of-adjustment/23320_2795_s_water_street_-_144_of_2023.pdf,Internet Archive (Wayback),,
104 of 2023,DCP-ZDR-2023-02902,2023,2023-10-05,,2023-11-20,46,709 and 715 South Aiken Avenue,"52-D-105, 52-D-102",0052D00105000000,R2-M,R2,7,Shadyside,Chicken Coop,yes,residential_accessory,other_residential,manual,,,,NONE,dimensional_variance,912.04,V|912.04.A,D,Denied,denied,"auto (regex on decision paragraph, reviewed)","The Applicant’s request for a variance from Section 912.04.A to allow a chicken coop with a 0’ front setback is hereby DENIED. This decision is not to be enforced for a year, provided that the urban agriculture use is not expanded on the site and the number of chickens is limited to two during that time.",40.451623,-79.935799,parcel_centroid_wprdc,https://web.archive.org/web/20250222191931/https://www.pittsburghpa.gov/files/assets/city/v/1/dcp/documents/zoning-board-of-adjustment/23319_709_and_715_s_aiken_ave_-_104_of_2023.pdf,Internet Archive (Wayback),,chicken coop; multiple parcels captioned; point is first matched parcel
133 of 2023,DCP-ZDR-2023-05120,2023,2023-10-19,,2023-11-22,34,7705 Bennett Street,174-R-368,0174R00368000000,RM-M,RM,13,Homewood South,Use of building as administrative offices for local church,no,non_housing,non_residential,rule,,,,NONE,special_exception,911.02,SE|911.02,A,Approved,approved,"auto (regex on decision paragraph, reviewed)",The Applicant’s request for a special exception pursuant to Section 911.02 to allow the use of the Subject Property for a religious assembly (limited) use is hereby APPROVED.,40.454691,-79.887678,parcel_centroid_wprdc,https://web.archive.org/web/20250222104601/https://www.pittsburghpa.gov/files/assets/city/v/1/dcp/documents/zoning-board-of-adjustment/23334_7705_bennett_street_-_133_of_2023.pdf,Internet Archive (Wayback),,
141 of 2023,DCP-ZDR-2023-06655,2023,2023-10-19,,2023-11-22,34,1115 North Franklin Street,"22-L-158, 159, 160-A and 155",0022L00158000000,R1A-VH,R1A,21,Manchester,Fence,yes,residential_accessory,single_detached,auto (text match; dwelling type often not stated),,,,NONE,dimensional_variance,912.04,V|912.04.K,AC,Approved with conditions,approved,"auto (regex on decision paragraph, reviewed)","The Applicant’s request for a variance from Section 912.04.K to allow a 6’ high fence on the front property line is hereby APPROVED, subject to the condition that the upper 2’ of the 6’ fence shall contain materials with a high degree of transparency.",40.456461,-80.022418,parcel_centroid_wprdc,https://web.archive.org/web/20250222101216/https://www.pittsburghpa.gov/files/assets/city/v/1/dcp/documents/zoning-board-of-adjustment/23332_1115_n_franklin_street_-_141_of_2023.pdf,Internet Archive (Wayback),,
151 of 2023,DCP-ZDR-2023-08206,2023,2023-10-19,,2023-11-22,34,421 52nd Street,80-D-152-C,0080D00152000000,R1A-VH,R1A,10,Upper Lawrenceville,Three-Unit Residential Structure,yes,housing_units,three_unit,manual,2,3,1,CONV,special_exception,921.02,SE|921.02.A.4,A,Approved,approved,"auto (regex on decision paragraph, reviewed)",The Applicant’s request for a special exception pursuant to Section 921.02.A.4 to allow the change of the nonconforming use of the first floor of the structure on the Subject Property from a generator repair shop to a third dwelling unit is hereby APPROVED.,40.479557,-79.952945,parcel_centroid_wprdc,https://web.archive.org/web/20250221213533/https://www.pittsburghpa.gov/files/assets/city/v/1/dcp/documents/zoning-board-of-adjustment/23333_421_52nd_street_-_151_of_2023.pdf,Internet Archive (Wayback),,
152 of 2023,DCP-ZDR-2023-07677,2023,2023-10-12,,2023-11-22,41,200 Lothrop Street,28-B-310,0028B00310000000,EMI,EMI,4,West Oakland,Signage for UPMC Presbyterian Tower,no,non_housing,non_residential,rule,,,,NONE,dimensional_variance,919.03,V|919.03.M.3;V|919.03.M.3(a);V|919.03.M.3(c);V|919.03.M.3(b),AC,Approved with conditions,approved,"auto (regex on decision paragraph, reviewed)","The Applicant’s request for variances from Sections 919.03.M.3 to allow for the installation of 15 new signs, as described in the findings of fact, is hereby APPROVED, subject to the conditions that the Planning Commission reviews and approves the high wall building identification signs (Sign Nos. 002 and 004) and no additional high wall building identification signage is proposed.",40.442305,-79.95999,parcel_centroid_wprdc,https://web.archive.org/web/20250222185130/https://www.pittsburghpa.gov/files/assets/city/v/1/dcp/documents/zoning-board-of-adjustment/23373_200_lothrop_street_-_152_of_2023.pdf,Internet Archive (Wayback),,
154 of 2023,DCP-ZDR-2023-08356,2023,2023-10-19,,2023-11-22,34,433 Herschel Street,19-L-126,0019L00126000000,R1D-L,R1D,20,Elliott,Three-Unit Residential Structure,yes,housing_units,three_unit,manual,3,3,0,LEGAL,nonconforming_review,911.02,REVIEW|911.02,NC,Nonconforming status confirmed,approved,"auto (regex on decision paragraph, reviewed)","The use of the Subject Property for three units may continue as a legal nonconforming use in the R1D-L District, subject to the condition that no additional units are added, and the parking area is maintained.",40.437632,-80.038032,parcel_centroid_wprdc,https://web.archive.org/web/20250221210543/https://www.pittsburghpa.gov/files/assets/city/v/1/dcp/documents/zoning-board-of-adjustment/23335_433_herschel_street_-_154_of_2023.pdf,Internet Archive (Wayback),,
103 of 2023,DCP-ZDR-2023-04130,2023,2023-10-12,,2023-11-27,46,403 North Beatty Street,83-K-2,0083K00002000000,R2-M,R2,11,East Liberty,Fence,yes,residential_accessory,single_detached,auto (text match; dwelling type often not stated),,,,NONE,dimensional_variance,912.04,V|912.04.K;V|912.04.K(1),AC,Approved with conditions,approved,"auto (regex on decision paragraph, reviewed)","The Applicant’s request for a variance from Section 912.04.K to allow a 6’ high fence on the front property line is hereby APPROVED, subject to the condition that the upper 2’ of the 6’ fence shall contain materials with a high degree of transparency.",40.465399,-79.924972,parcel_centroid_wprdc,https://web.archive.org/web/20250222122351/https://www.pittsburghpa.gov/files/assets/city/v/1/dcp/documents/zoning-board-of-adjustment/23372_403_n_beatty_street_-_103_of_2023.pdf,Internet Archive (Wayback),,
162 of 2023,DCP-LOT-2023-01201,2023,2023-11-02,,2023-11-29,27,Dresden Way,80-D-52,0080D00052000000,R1A-VH,R1A,10,Upper Lawrenceville,Subdivison,yes,residential_accessory,other_residential,manual,,,,NONE,dimensional_variance,926.12,V|926.129,A,Approved,approved,"auto (regex on decision paragraph, reviewed)",The Applicant’s request for a variance from Section 926.129 to create two lots without street frontage is hereby APPROVED.,40.481034,-79.953171,parcel_centroid_wprdc,https://web.archive.org/web/20250222120434/https://www.pittsburghpa.gov/files/assets/city/v/1/dcp/documents/zoning-board-of-adjustment/23391_dresden_way_-_162_of_2023.pdf,Internet Archive (Wayback),,subdivision
167 of 2023,DCP-ZDR-2023-04057,2023,2023-11-09,,2023-11-29,20,1850 Centre Avenue,11-A-123,0011A00123000000,CP,CP,3,Crawford Roberts,Wall Sign for Salem’s Market,no,non_housing,non_residential,rule,,,,NONE,dimensional_variance,919.03,V|919.03.M.5,AC,Approved with conditions,approved,"auto (regex on decision paragraph, reviewed)","The Applicant’s request for a variance from Section 919.03.M.5 to install a 169 sf wall sign is hereby APPROVED, subject to the condition that no additional signage is permitted on the building façade that faces the parking lot.",40.441713,-79.98143,parcel_centroid_wprdc,https://web.archive.org/web/20250222123520/https://www.pittsburghpa.gov/files/assets/city/v/1/dcp/documents/zoning-board-of-adjustment/23393_1850_centre_avenue_-_167_of_2023.pdf,Internet Archive (Wayback),,
155 of 2023,DCP-ZDR-2021-11567,2023,2023-10-19,,2023-11-30,42,2163 Centre Avenue,10-P-25,0010P00025000000,LNC,LNC,5,Middle Hill,New four-story mixed use building,no,non_housing,non_residential,manual,,,,NONE,dimensional_variance,904.02,V|904.02;V|904.02.C,AC,Approved with conditions,approved,"auto (regex on decision paragraph, reviewed)","The Applicant’s request for a variance from Section 904.02 is hereby APPROVED, subject to the condition that the Applicant shall provide to the Library a structural report that analyses the impact of snow loads on the adjacent library as described in the letter submitted by the Library to the Board.",40.445323,-79.977073,parcel_centroid_wprdc,https://web.archive.org/web/20250222215359/https://www.pittsburghpa.gov/files/assets/city/v/1/dcp/documents/zoning-board-of-adjustment/23418_2163_centre_avenue_-_155_of_2023.pdf,Internet Archive (Wayback),,mixed-use building; unit count not stated
165 of 2023,DCP-ZDR-2023-08948,2023,2023-11-02,,2023-12-04,32,515-517 Thropp Street,"23-M-297-A, 23-M-299,",0023M00297000000,R1A-VH,R1A,23,East Allegheny,Combine two existing houses and construct addition,yes,housing_units,single_detached,manual,2,1,-1,REDUCE,dimensional_variance,903.03,V|903.03.E,A,Approved,approved,"auto (regex on decision paragraph, reviewed)",The Applicant’s request for a variance from 903.03.E.2 to construct an addition with a 0’ interior side setback is hereby APPROVED.,40.455348,-80.000554,parcel_centroid_wprdc,https://web.archive.org/web/20250222112150/https://www.pittsburghpa.gov/files/assets/city/v/1/dcp/documents/zoning-board-of-adjustment/23455_515_thropp_street_-_165_of_2023.pdf,Internet Archive (Wayback),,combine two houses into one; multiple parcels captioned; point is first matched parcel
168 of 2023,DCP-ZDR-2023-08146,2023,2023-11-09,,2023-12-04,25,1144 Wightman Street,85-J-95,0085J00095000000,R1D-L,R1D,14,Squirrel Hill North,Parking Pad,yes,residential_accessory,single_detached,auto (text match; dwelling type often not stated),,,,NONE,dimensional_variance,912.04,V|912.04.L,D,Denied,denied,"auto (regex on decision paragraph, reviewed)",The Applicant’s request for a variance from Section 912.04.L to allow for a one- car parking pad in the front yard of the Subject Property is hereby DENIED.,40.446232,-79.929121,parcel_centroid_wprdc,https://web.archive.org/web/20250222112129/https://www.pittsburghpa.gov/files/assets/city/v/1/dcp/documents/zoning-board-of-adjustment/23462_1144_wightman_st_-_168_of_2023.pdf,Internet Archive (Wayback),,
171 of 2023,DCP-ZDR-2023-09393,2023,2023-11-16,,2023-12-04,18,2531 Brownsville Road,94-N-37,0094N00037000000,R1D-L,R1D,29,Carrick,52-unit multi-unit residential building for seniors,yes,housing_units,senior/elderly,manual,0,52,52,NEW,dimensional_variance|special_exception|use_variance,903.03|911.02|914.05|916.02|916.09|919.09,V|911.02;V|903.03.B.2;V|914.05.D.2.A;V|916.02.B.3;SE|916.09;V|914.05.D.2.a;SE|916.02.A.1.c;V|919.09,A,Approved,approved,"auto (regex on decision paragraph, reviewed)","The Applicant’s request for variances from Sections 911.02, 903.03.B.2, 914.05.D.2.A, and 916.02.B.3 and a special exception pursuant to Section 916.09 to allow for the construction of a 45’/3-story structure to be used as a 52-unit housing for the elderly (general) use, with a ground floor office (limited) use is hereby APPROVED.",40.38646,-79.97904,parcel_centroid_wprdc,https://web.archive.org/web/20250221225739/https://www.pittsburghpa.gov/files/assets/city/v/1/dcp/documents/zoning-board-of-adjustment/23457_2531_brownsville_road_-_171_of_2023.pdf,Internet Archive (Wayback),,
172 of 2023,DCP-ZDR-2023-09342,2023,2023-11-16,,2023-12-04,18,5205 Stanton Avenue,80-H-283,0080H00283000000,R1A-VH,R1A,10,Upper Lawrenceville,Review use of structure for two residential units,yes,housing_units,two_unit,manual,2,2,0,LEGAL,nonconforming_review,911.02,REVIEW|911.02,NC,Nonconforming status confirmed,approved,"auto (regex on decision paragraph, reviewed)",The use of the structure for two units is legally nonconforming and may continue.,40.477808,-79.950332,parcel_centroid_wprdc,https://web.archive.org/web/20250222122054/https://www.pittsburghpa.gov/files/assets/city/v/1/dcp/documents/zoning-board-of-adjustment/23463_5205_stanton_avenue_-_172_of_2023.pdf,Internet Archive (Wayback),,
158 of 2023,DCP-ZDR-2023-09171,2023,2023-11-09,,2023-12-05,26,835 North Lincoln Avenue,8-A-127,0008A00127000000,R1A-H,R1A,22,Allegheny West,Construction of greenhouse on roof of detached garage,yes,residential_accessory,other_residential,manual,,,,NONE,dimensional_variance,912.04,V|912.04.E,AC,Approved with conditions,approved,"auto (regex on decision paragraph, reviewed)","The Applicant’s request for a variance from Section 912.04.E to allow for the construction of a garage to a height that is not to exceed 2-stories/17’-4” is hereby APPROVED, subject to the condition that that the garage may not be used for a second residential unit.",40.450984,-80.015104,parcel_centroid_wprdc,https://web.archive.org/web/20250222111615/https://www.pittsburghpa.gov/files/assets/city/v/1/dcp/documents/zoning-board-of-adjustment/23467_zone_case_158_-_835_n_lincoln_avenue.pdf,Internet Archive (Wayback),,garage greenhouse
166 of 2023,DCP-ZDR-2023-08558,2023,2023-11-16,,2023-12-06,20,7302-04 Hamilton Avenue,174-N-218,0174N00218000000,R1A-VH,R1A,13,Homewood South,Conversion of Cabinetmaker Shop to Restaurant,no,non_housing,non_residential,rule,,,,NONE,special_exception,916.06|916.09|921.02,SE|921.02.A.4;SE|916.06;SE|916.09,A,Approved,approved,"auto (regex on decision paragraph, reviewed)","The Applicant’s request for special exceptions pursuant to Sections 921.02.A.4 and 916.06 to allow the use of the Subject Property for an approximately 1,200 sf restaurant (limited) use, with a 46 sf addition and dumpster that are set back 0’ from the rear property line, is APPROVED.",40.453941,-79.895423,parcel_centroid_wprdc,https://web.archive.org/web/20250222160127/https://www.pittsburghpa.gov/files/assets/city/v/1/dcp/documents/zoning-board-of-adjustment/23484_7302_hamilton_avenue_-_166_of_2023.pdf,Internet Archive (Wayback),,
98 of 2023,DCP-ZDR-2023-02301,2023,2023-11-16,,2023-12-06,20,838 E. Warrington Avenue,14-B-387,0014B00387000000,LNC,LNC,18,Allentown,Electronic Gas Station Price Signage,no,non_housing,non_residential,rule,,,,NONE,dimensional_variance,919.03,V|919.03.O.3,A,Approved,approved,"auto (regex on decision paragraph, reviewed)","The Applicant’s request for variances from Section 919.03.O.3 to install an electronic sign to display gas prices is APPROVED to allow only required fuel price information, which will remain static except when changed.",40.421514,-79.992003,parcel_centroid_wprdc,https://web.archive.org/web/20250222123705/https://www.pittsburghpa.gov/files/assets/city/v/1/dcp/documents/zoning-board-of-adjustment/23485_838_e_warrington_ave_-_98_of_2023.pdf,Internet Archive (Wayback),,
159 of 2023,DCP-ZDR-2023-05530,2023,2023-12-07,,2023-12-09,2,3018 Landis Street,42-L-138,0042L00138000000,R1D-H,R1D,20,Sheraden,Child Care (limited),no,non_housing,non_residential,manual,,,,NONE,dimensional_variance|special_exception,911.02|914.02,SE|911.02;V|914.02,AC,Approved with conditions,approved,"auto (regex on decision paragraph, reviewed)","The Applicant’s request for a special exception pursuant to Section 911.02 and a variance from the off-street parking requirement from Section 914.02 to allow a child care (limited) use, with no off-street parking, is hereby APPROVED, subject to the condition that the Applicant shall receive all necessary approvals from the Department of Human Services.",40.455744,-80.054851,parcel_centroid_wprdc,https://web.archive.org/web/20250222112921/https://www.pittsburghpa.gov/files/assets/city/v/1/dcp/documents/zoning-board-of-adjustment/23498_3018_landis_street_-_159_of_2023.pdf,Internet Archive (Wayback),,
149 of 2023,DCP-ZDR-2023-07025,2023,2023-10-12,,2023-12-11,60,5128 Penn Avenue,50-P-213,0050P00213000000,LNC,LNC,8,Bloomfield,Restaurant,no,non_housing,non_residential,rule,,,,NONE,special_exception,911.02|911.04,SE|911.02;SE|911.04.A.57,AC,Approved with conditions,approved,"auto (regex on decision paragraph, reviewed)","The Applicant’s request for a special exception pursuant to Sections 911.02 and 911.04.A.57 to allow an approximately 1,500 sf restaurant (general) use is hereby APPROVED, subject to the condition of compliance with the provisions of the November 1, 2023 Memorandum of Understanding.",40.464609,-79.941727,parcel_centroid_wprdc,https://web.archive.org/web/20250222103734/https://www.pittsburghpa.gov/files/assets/city/v/1/dcp/documents/zoning-board-of-adjustment/23500_5128_penn_avenue_-_149_of_2023.pdf,Internet Archive (Wayback),,
140 of 2023,DCP-ZDR-2023-04769,2023,2023-11-02,,2023-12-13,41,1403 Sarah Street,3-M-112,0003M00112000000,R1A-VH,R1A,17,South Side Flats,Two-unit residential structure,yes,housing_units,two_unit,manual,,2,,NEW,use_variance,911.02,V|911.02,AC,Approved with conditions,approved,"auto (regex on decision paragraph, reviewed)","The Applicant’s request for a variance from Section 911.02 to permit the use of the 1403 Sarah Street parcel for two residential units is hereby APPROVED, subject conditions that a two-unit use not permitted for the 1405 Sarah Street parcel and no dimensional variances are sought for either structure.",40.427772,-79.983886,parcel_centroid_wprdc,https://web.archive.org/web/20250221212012/https://www.pittsburghpa.gov/files/assets/city/v/1/dcp/documents/zoning-board-of-adjustment/23528_1403_sarah_street_-_140_of_2023.pdf,Internet Archive (Wayback),,two-unit use on 1403 Sarah St parcel
135 of 2023,DCP-ZDR-2023-04022,2023,2023-11-16,,2023-12-19,33,3506 Forbes Avenue,28-F-322,0028F00322000000,UC-E,UC,4,Central Oakland,Signs,no,non_housing,non_residential,rule,,,,NONE,dimensional_variance,919.03,V|919.03.M.5;V|919.03.M.5.C,S,Split,split,"auto (regex on decision paragraph, reviewed)","The Applicant’s request for variances from Sections 919.03.M.5 and 919.03.M.5.C to install the signs described is APPROVED in part and DENIED in part, as follows: • Semple Street Wall Sign: Mounting height of 41.7’ from grade is APPROVED and 4’-4” letter height is DENIED; • Semple Street Canopy Sign: Letter height of 1’-5” and mounting on the canopy is APPROVED; and • Forbes Avenue Blade Sign: Mounting height of 26’ from grade is approved.",40.43967,-79.958717,parcel_centroid_wprdc,https://web.archive.org/web/20250222101625/https://www.pittsburghpa.gov/files/assets/city/v/1/dcp/documents/zoning-board-of-adjustment/23549_3506_forbes_avenue_-_135_of_2023.pdf,Internet Archive (Wayback),,
186 of 2023,DCP-ZDR-2023-09454,2023,2023-12-14,,2023-12-19,5,408 Matthews Avenue,33-A-215,0033A00215000000,R1D-H,R1D,30,Knoxville,Emergency Generator,yes,residential_accessory,other_residential,manual,,,,NONE,special_exception,916.06|916.09,SE|916.09;SE|916.06,A,Approved,approved,"auto (regex on decision paragraph, reviewed)",The Applicant's request for a special exception pursuant to Code Section 916.09 to waive the maximum sound volume requirement in Section 916.06 is hereby APPROVED.,40.413606,-79.995553,parcel_centroid_wprdc,https://web.archive.org/web/20250222203752/https://www.pittsburghpa.gov/files/assets/city/v/1/dcp/documents/zoning-board-of-adjustment/23548_408_matthews_avenue_-_186_of_2023.pdf,Internet Archive (Wayback),,generator
185 of 2023,DCP-ZDR-2023-04631,2023,2023-12-07,,2023-12-20,13,7213 Susquehanna Street,"174-N-190, 192, 194, 198, 296, 298",0174N00190000000,"UNC, R1A-VH",UNC,13,Homewood South,"New mixed-use development with maximum 60 residential units and 5,000 sf of commercial space",yes,housing_units,multi_unit,manual,0,60,60,NEW,dimensional_variance|special_exception,912.01|912.02|912.04|914.02|916.02|916.04|916.09,V|912.01.D;V|912.02.B;V|914.02;V|916.02.B.2;SE|916.09;V|912.04.B;SE|916.04.B;SE|916.04.C,AC,Approved with conditions,approved,"auto (regex on decision paragraph, reviewed)","The Applicant’s request for variances from Sections 912.01.D, 912.02.B, 914.02 and 916.02.B.2, and special exceptions pursuant to Section 916.09 to waive the residential compatibility standards in Sections 916.04.B and 916.04.C to allow for the construction of a high mixed-use building with a height of 46’/4-stories and with 31 parking spaces and two dumpsters, as described to the Board, is hereby APPROVED, subject to the condition that landscaping and screening of the parking area and dumpsters",40.453652,-79.897893,parcel_centroid_wprdc,https://web.archive.org/web/20250222142804/https://www.pittsburghpa.gov/files/assets/city/v/1/dcp/documents/zoning-board-of-adjustment/23570_7213_susquehanna_street_-_185_of_2023.pdf,Internet Archive (Wayback),,max 60 units per request
164 of 2023,DCP-ZDR-2023-08604,2023,2023-11-09,,2023-12-21,42,6346 Walnut Street,84-M-11,0084M00011000000,R1A-H,R1A,7,Shadyside,Parking Pad,yes,residential_accessory,single_detached,auto (text match; dwelling type often not stated),,,,NONE,dimensional_variance,912.04,V|912.04.L,D,Denied,denied,"auto (regex on decision paragraph, reviewed)",The Applicant’s request for a variance from Section 912.04.L to allow for a one- car parking pad in the front yard of the Subject Property is hereby DENIED.,40.455415,-79.920202,parcel_centroid_wprdc,https://web.archive.org/web/20250222221546/https://www.pittsburghpa.gov/files/assets/city/v/1/dcp/documents/zoning-board-of-adjustment/23595_6346_walnut_street_-_164_of_2023.pdf,Internet Archive (Wayback),,
176 of 2023,DCP-ZDR-2023-05079,2023,2023-12-07,,2023-12-22,15,2712 Burham Street,"13-H-23, 13-H-22",0013H00023000000,R1D-H,R1D,16,South Side Slopes,New single unit attached houses,yes,housing_units,single_attached,manual,0,2,2,NEW,dimensional_variance|use_variance,911.02|914.09,V|911.02;V|914.09.J.1,AC,Approved with conditions,approved,"auto (regex on decision paragraph, reviewed)","The Applicant’s request for variances from Sections 911.02 and 914.09.J.1 to allow for the construction of two attached houses with integral garages with access from Burham Street is hereby APPROVED, subject to the condition that the curb cut shall be approved by the Department of Mobility and Infrastructure and shall not impact the availability of on-street parking across Burham Street from the Subject Property.",40.420699,-79.969571,parcel_centroid_wprdc,https://web.archive.org/web/20250221204633/https://www.pittsburghpa.gov/files/assets/city/v/1/dcp/documents/zoning-board-of-adjustment/23599_2712_burham_street_-_176_of_2023.pdf,Internet Archive (Wayback),,multiple parcels captioned; point is first matched parcel
177 of 2023,DCP-ZDR-2023-04151,2023,2023-12-07,,2023-12-22,15,4000 Butler Street,49-F-19,0049F00019000000,LNC,LNC,9,Central Lawrenceville,Electronic Non-Advertising Sign,no,non_housing,non_residential,rule,,,,NONE,dimensional_variance,919.03,V|919.03.O.3,A,Approved,approved,"auto (regex on decision paragraph, reviewed)","The Applicant’s request for a variance from Section 919.03.O.3 to allow for the installation of a ground sign with an 7’ by 7’ LED panel to be used to display fuel prices is hereby APPROVED. As indicated at the hearing, the Applicant is to work with the community groups with regard to other site improvements.",40.468663,-79.961832,parcel_centroid_wprdc,https://web.archive.org/web/20250222115956/https://www.pittsburghpa.gov/files/assets/city/v/1/dcp/documents/zoning-board-of-adjustment/23596_4000_butler_street_-_177_of_2023.pdf,Internet Archive (Wayback),,
179 of 2023,DCP-ZDR-2023-09323,2023,2023-12-07,,2023-12-22,15,318 52nd Street,80-C-14,0080C00014000000,R1A-VH,R1A,10,Upper Lawrenceville,Use of accessory seating space at side of existing VFW club,no,non_housing,non_residential,manual,,,,NONE,special_exception,916.02|916.09|921.02,SE|921.02.A.1;SE|916.09;SE|921.02.A;SE|916.02.A.7,AC,Approved with conditions,approved,"auto (regex on decision paragraph, reviewed)","The Applicant’s request for special exceptions pursuant to Sections 921.02.A.1 and 916.09 to allow for the construction of a 426 sf deck that would be used as an outdoor seating area for the legally non-conforming VFW Club use is hereby APPROVED, subject to the condition that the rear of the deck shall be enclosed to provide screening for the outdoor seating area, as presented to the Board.",40.479931,-79.954025,parcel_centroid_wprdc,https://web.archive.org/web/20250222115322/https://www.pittsburghpa.gov/files/assets/city/v/1/dcp/documents/zoning-board-of-adjustment/23601_318_5nd_street_-_179_of_2023.pdf,Internet Archive (Wayback),,
157 of 2023,DCP-ZDR-2023-06784,2023,2023-11-02,,2023-12-28,56,37 Saint Thomas Street,14-D-134,0014D00134000000,R1A-VH,R1A,17,South Side Slopes,Use of structure for two dwelling units,yes,housing_units,two_unit,manual,2,2,0,LEGAL,nonconforming_review,911.02,REVIEW|911.02,NC,Nonconforming status confirmed,approved,"auto (regex on decision paragraph, reviewed)",The use of the structure for two units is legally nonconforming and may continue.,40.421284,-79.985086,parcel_centroid_wprdc,https://web.archive.org/web/20250222143223/https://www.pittsburghpa.gov/files/assets/city/v/1/dcp/documents/zoning-board-of-adjustment/23392_37_saint_thomas_street_-_157_of_2023_1.pdf,Internet Archive (Wayback),,
174 of 2023,DCP-ZDR-2023-07553,2023,2023-12-07,,2023-12-28,21,500 Liberty Avenue,1-C-224,0001C00224000000,GT-A,GT,1,Central Business District,Conversion of existing structure into a bank,no,non_housing,non_residential,rule,,,,NONE,dimensional_variance,910.01,V|910.01.F.2,A,Approved,approved,"auto (regex on decision paragraph, reviewed)",The Applicant’s request for a variance from Section 910.01.F.2 to allow a bank use with direct street access is hereby APPROVED.,40.441207,-80.003632,parcel_centroid_wprdc,https://web.archive.org/web/20250222123006/https://www.pittsburghpa.gov/files/assets/city/v/1/dcp/documents/zoning-board-of-adjustment/23624_500_liberty_avenue_-_174_of_2023.pdf,Internet Archive (Wayback),,
182 of 2023,DCP-ZDR-2023-09854,2023,2023-12-14,,2023-12-28,14,2007 Centre Avenue,10-N-261,0010N00261000000,LNC,LNC,5,Middle Hill,Reconstruct Historic Marquee at front of existing mixed use building,no,non_housing,non_residential,rule,,,,NONE,dimensional_variance,919.03,V|919.03.M.5;V|919.03.M.7,A,Approved,approved,"auto (regex on decision paragraph, reviewed)",The Applicant’s request for variances from Sections 919.03.M.5 and 919.03.M.7 to allow the restoration of the New Granada Theater marquee signage is hereby APPROVED.,40.444079,-79.980178,parcel_centroid_wprdc,https://web.archive.org/web/20250222100319/https://www.pittsburghpa.gov/files/assets/city/v/1/dcp/documents/zoning-board-of-adjustment/23625_2007_centre_ave_-_182_of_2023.pdf,Internet Archive (Wayback),,
183 of 2023,DCP-ZDR-2023-08768,2023,2023-12-14,,2023-12-29,15,2695 South Water Street,26-E-9,0026E00009000000,SP-5,SP,16,South Side Flats,Three Wall Signs,no,non_housing,non_residential,rule,,,,NONE,,,,A,Approved,approved,"auto (regex on decision paragraph, reviewed)",The Applicant’s request for a variance from the SP-5 Design Guidelines to allow for the installation of three wall signs on the South Water Street frontage is hereby APPROVED.,40.429437,-79.965661,parcel_centroid_wprdc,https://web.archive.org/web/20250222163054/https://www.pittsburghpa.gov/files/assets/city/v/1/dcp/documents/zoning-board-of-adjustment/23655_2695_south_water_st_-_183_of_2023.pdf,Internet Archive (Wayback),,
180 of 2023,DCP-ZDR-2023-09280,2024,2024-01-04,,2024-01-16,12,2501 Arlington Avenue,13-L-159,0013L00159000000,R1D-H,R1D,16,South Side Slopes,Review non-conforming use of structure for two dwelling units,yes,housing_units,two_unit,manual,2,2,0,LEGAL,nonconforming_review,911.02,V|911.02,NC,Nonconforming status confirmed,approved,"auto (regex on decision paragraph, reviewed)",The use of the structure for two units is legally nonconforming and may continue.,40.417784,-79.97119,parcel_centroid_wprdc,https://www.pittsburghpa.gov/files/assets/city/v/1/dcp/documents/zoning-board-of-adjustment/23767_2501_arlington_avenue_-_180_of_2023.pdf,pittsburghpa.gov (migrated file; link found on archived dcp/zba page),,"relief table listed nonconforming_review|use_variance; Board found use legally nonconforming, so relief_type set to nonconforming_review"
298 of 2022,DCP-ZDR-2023-06031,2024,2024-01-18,,2024-01-23,5,183 S. 16th Street,12-N-12,0012N00012000000,R1A-VH,R1A,17,South Side Flats,New construction of 3-story single-unit residence,yes,housing_units,single_detached,manual,0,1,1,NEW,dimensional_variance,903.03|925.06,V|903.03.E.2;V|925.06.C,A,Approved,approved,"auto (regex on decision paragraph, reviewed)",The Applicant’s request for a variance from Sections 903.03.E.2/925.06.C to allow for the construction of a detached house with a 1’ interior side setback on the 187 S. 16th Street side of the parcel is hereby APPROVED.,40.425911,-79.982749,parcel_centroid_wprdc,https://www.pittsburghpa.gov/files/assets/city/v/1/dcp/documents/zoning-board-of-adjustment/23831_183_s_16th_street_-_298_of_2022.pdf,pittsburghpa.gov (migrated file; link found on archived dcp/zba page),,
184 of 2023,DCP-ZDR-2023-07976,2024,2024-01-18,,2024-01-25,7,2103 Saw Mill Run Boulevard,95-E-82,0095E00082000000,HC,HC,32,Overbrook,Review non-conforming use of property for four-unit apartment building,yes,housing_units,multi_unit,manual,4,4,0,LEGAL,nonconforming_review,911.02,REVIEW|911.02,NC,Nonconforming status confirmed,approved,"auto (regex on decision paragraph, reviewed)",The use of the structure for four units is legally nonconforming and may continue.,40.390992,-79.996379,parcel_centroid_wprdc,https://www.pittsburghpa.gov/files/assets/city/v/1/dcp/documents/zoning-board-of-adjustment/23867_2103_saw_mill_run_boulevard_-_184_of_2023.pdf,pittsburghpa.gov (migrated file; link found on archived dcp/zba page),,
192 of 2023,DCP-ZDR-2023-01996,2024,2024-01-04,,2024-01-30,26,115 34th Street,48-S-20,0048S00020000000,RIV-IMU,RIV,6,Lower Lawrenceville,New construction of Warehouse Structure,no,non_housing,non_residential,manual,,,,NONE,dimensional_variance,905.04,V|905.04.E.4.b.1;V|905.04.E.4.b.3;V|905.04.E.4.b(1);V|905.04.E.4.b(2),AC,Approved with conditions,approved,"auto (regex on decision paragraph, reviewed)","The Applicant’s request for variances from Section 905.04.E.4.b.1 and 905.04.E.4.b.3 to allow for the construction of a warehouse with a 69’ setback from 34th Steet and with a 5’ wide sidewalk along 41’ of the 34th Street frontage is hereby APPROVED, subject the condition that landscaping and street trees are provided consistent with the exhibits presented to the Board.",40.463679,-79.96916,parcel_centroid_wprdc,https://www.pittsburghpa.gov/files/assets/city/v/1/dcp/documents/zoning-board-of-adjustment/23941_115_34th_street_-_192_of_2023.pdf,pittsburghpa.gov (migrated file; link found on archived dcp/zba page),,
200 of 2023,DCP-ZDR-2023-10830,2024,2024-02-01,,2024-02-08,7,6902 Yorkshire Drive,126-B-218,0126B00218000000,R1D-L,R1D,14,Point Breeze,Construction of 6’-high fence in an exterior side yard,yes,residential_accessory,single_detached,auto (text match; dwelling type often not stated),,,,NONE,dimensional_variance,912.04,V|912.04.K;V|912.04.K(1),AC,Approved with conditions,approved,"auto (regex on decision paragraph, reviewed)","The Applicant’s request for a variance from Section 912.04.K to allow the construction of a 6’ high semi-opaque fence is hereby approved, subject to the condition that the fence shall be at least 3’ from the South Dallas Avenue property line and shall have a shadow box design, as presented to the Board.",40.45082,-79.908344,parcel_centroid_wprdc,https://www.pittsburghpa.gov/files/assets/city/v/1/dcp/documents/zoning-board-of-adjustment/23995_6902_yorkshire_drive_-_200_of_2023.pdf,pittsburghpa.gov (migrated file; link found on archived dcp/zba page),,
202 of 2023,DCP-ZDR-2023-10511,2024,2024-02-01,,2024-02-15,14,2614 Penn Avenue,"25-P-15, 25-P-16",0025P00016000000,RIV-IMU,RIV,2,Strip District,Construction of 6’ high Fence,no,non_housing,non_residential,manual,,,,NONE,dimensional_variance,905.04,V|905.04.H.1,AC,Approved with conditions,approved,"auto (regex on decision paragraph, reviewed)","The Applicant’s request for a variance from Section 905.04.H.1 to construct a 6’ high fence within the build-to line on Penn Avenue is hereby APPROVED, subject to the condition that the fence include some transparent element, as presented to the Board.",40.45502,-79.97784,parcel_centroid_wprdc,https://www.pittsburghpa.gov/files/assets/city/v/1/dcp/documents/zoning-board-of-adjustment/24062_2614_penn_ave_-_202_of_2023.pdf,pittsburghpa.gov (migrated file; link found on archived dcp/zba page),,multiple parcels captioned; point is first matched parcel
1 of 2024,DCP-ZDR-2023-07565,2024,2024-02-08,,2024-02-19,11,134 S. Highland Avenue and 5997 Centre Avenue,"84-F-32, 84-F-40",0084F00032000000,UNC,UNC,8,East Liberty,Expansion of existing restaurant,no,non_housing,non_residential,rule,,,,NONE,special_exception,911.02|911.04,SE|911.02;SE|911.04.A.57,AC,Approved with conditions,approved,"auto (regex on decision paragraph, reviewed)","The Applicant’s request for a special exception pursuant to Sections 911.02 and 911.04.A.57 to allow a 6,180 sf restaurant (general) use is hereby APPROVED, subject to the condition that the existing on-site parking is maintained.",40.460045,-79.925296,parcel_centroid_wprdc,https://www.pittsburghpa.gov/files/assets/city/v/1/dcp/documents/zoning-board-of-adjustment/24075_134_s_highland_avenue_-_1_of_2024.pdf,pittsburghpa.gov (migrated file; link found on archived dcp/zba page),,multiple parcels captioned; point is first matched parcel
203 of 2023,DCP-ZDR-2023-11643,2024,2024-02-08,,2024-02-19,11,810 Ivy Street,85-A-34,0085A00034000000,LNC,LNC,7,Shadyside,Expansion of existing restaurant to second floor,no,non_housing,non_residential,rule,,,,NONE,special_exception,911.02|911.04,SE|911.04.A.57;SE|911.02,A,Approved,approved,"auto (regex on decision paragraph, reviewed)","The Applicant’s request for a special exception pursuant to Section 911.04.A.57 to allow a 2,928 sf restaurant (general) use is hereby APPROVED.",40.451218,-79.932258,parcel_centroid_wprdc,https://www.pittsburghpa.gov/files/assets/city/v/1/dcp/documents/zoning-board-of-adjustment/24074_810_ivy_street_-_203_of_2023.pdf,pittsburghpa.gov (migrated file; link found on archived dcp/zba page),,
205 of 2023,DCP-ZDR-2023-11831,2024,2024-02-15,,2024-02-21,6,3515 McClure Avenue,7-H-12,,R1D-M,R1D,27,Brighton Heights,Renovation of existing structure for community center,no,non_housing,non_residential,manual,,,,NONE,special_exception,916.06|916.09|921.02,SE|921.02.A.4;SE|916.06;SE|916.09,AC,Approved with conditions,approved,"auto (regex on decision paragraph, reviewed)","The Applicant’s request for special exceptions pursuant to Sections 921.02.A.4 and 916.06 to allow the use of the Subject Property for an approximately 10,820 sf community center (general) use, and waiver of the residential compatibility setback standards for a 9-space parking lot and a dumpster enclosure, is APPROVED, subject to the condition that landscaping is installed, consistent with the plans presented to the Board.",40.47925,-80.035453,census_geocoder_address,https://www.pittsburghpa.gov/files/assets/city/v/1/dcp/documents/zoning-board-of-adjustment/24112_3515_mcclure_avenue_-_205_of_2023.pdf,pittsburghpa.gov (migrated file; link found on archived dcp/zba page),,
3 of 2024,DCP-ZDR-2023-10068,2024,2024-02-15,,2024-02-29,14,2453 Chauncey Drive,10-F-210,0010F00210000000,RM-M,RM,5,Bedford Dwellings,New Community Center,no,non_housing,non_residential,manual,,,,NONE,special_exception,911.02|911.03,SE|911.02;SE|911.03.A.14,A,Approved,approved,"auto (regex on decision paragraph, reviewed)",The Applicants request for a special exception pursuant to Sections 911.02 and 911.03.A.14 to allow the use of the Subject Property for a community center (limited) use is hereby APPROVED.,40.451386,-79.973863,parcel_centroid_wprdc,https://www.pittsburghpa.gov/files/assets/city/v/1/dcp/documents/zoning-board-of-adjustment/24192_2453_chauncey_drive_-_3_of_2024.pdf,pittsburghpa.gov (migrated file; link found on archived dcp/zba page),,
4 of 2024,DCP-ZDR-2023-11762,2024,2024-02-15,,2024-02-29,14,424 William Street,4-L-183,0004L00183000000,P,P,19,Mount Washington,New Parking Pad and Retaining Wall,yes,residential_accessory,single_detached,auto (text match; dwelling type often not stated),,,,NONE,dimensional_variance,912.04|915.02,V|912.04.L;V|915.02.A.1.e;V|912.04.L.3,S,Split,split,"auto (regex on decision paragraph, reviewed)","The Applicant’s request for a variance from Section 912.04.L to allow for a parking pad in the front yard of the Subject Property is hereby DENIED; and the Applicant’s request for a variance from Section 915.02.A.1.e to allow the 11’-6” high retaining wall, as constructed, is hereby APPROVED.",40.427936,-80.004104,parcel_centroid_wprdc,https://www.pittsburghpa.gov/files/assets/city/v/1/dcp/documents/zoning-board-of-adjustment/24191_424_william_street_-_4_of_2024.pdf,pittsburghpa.gov (migrated file; link found on archived dcp/zba page),,
204 of 2023,DCP-ZDR-2023-08788,2024,2024-02-15,,2024-03-08,22,2900 Bedford Avenue and 2915 Webster Avenue,10-D-93-0-2,,RM-M,RM,5,Middle Hill,Renovation of existing buildings for community center and administrative offices,no,non_housing,non_residential,rule,,,,NONE,use_variance,911.02,V|911.02,A,Approved,approved,"auto (regex on decision paragraph, reviewed)","The Applicant’s request for a variance from Section 911.02 to allow the use of the three buildings on the Subject Property as an arts and community center, as described, is hereby APPROVED.",40.452707,-79.967622,census_geocoder_address,https://www.pittsburghpa.gov/files/assets/city/v/1/dcp/documents/zoning-board-of-adjustment/24324_2915_webster_avenue_-_204_of_2023.pdf,pittsburghpa.gov (migrated file; link found on archived dcp/zba page),,
206 of 2023,DCP-ZDR-2023-10200,2024,2024-02-15,,2024-03-08,22,1600 Broadway Avenue,35-F-276,0035F00276000000,LNC,LNC,19,Beechview,Renovation of existing structure and construction of addition for community center use,no,non_housing,non_residential,manual,,,,NONE,dimensional_variance|special_exception,914.02|916.09,V|914.02;SE|916.09.D;SE|916.09,A,Approved,approved,"auto (regex on decision paragraph, reviewed)","The Applicant’s request for a variance from Section 914.02 and a special exception pursuant to Section 916.09.D to waive the residential compatibility standards from Section 916.04, to allow the construction of a four-car parking lot with a dumpster enclosure for a community center that is proximate to an R1D-H District, is hereby APPROVED.",40.411244,-80.025054,parcel_centroid_wprdc,https://www.pittsburghpa.gov/files/assets/city/v/1/dcp/documents/zoning-board-of-adjustment/24325_1600_broadway_avenue_-_206_of_2023.pdf,pittsburghpa.gov (migrated file; link found on archived dcp/zba page),,
19 of 2024,DCP-ZDR-2023-11004,2024,2024-03-07,,2024-03-13,6,5501 Kamin Street,87-A-36,0087A00036000000,RM-M,RM,14,Squirrel Hill South,Enclose front porch,yes,residential_accessory,single_detached,auto (text match; dwelling type often not stated),,,,NONE,dimensional_variance,903.03,V|903.03.C.2,AC,Approved with conditions,approved,"auto (regex on decision paragraph, reviewed)","The Applicant’s request for a variance from Section 903.03.C.2 to allow a 14’ front setback, resulting from the enclosure of a portion of an existing front porch, is hereby APPROVED, subject to the condition that no new porch structure extends from the enclosed portion of the structure into the front setback.",40.4332,-79.930374,parcel_centroid_wprdc,https://www.pittsburghpa.gov/files/assets/city/v/1/dcp/documents/zoning-board-of-adjustment/24428_5501_kamin_street_-19_of_2024.pdf,pittsburghpa.gov (migrated file; link found on archived dcp/zba page),,
199 of 2023,DCP-ZDR-2023-08727,2024,2024-02-01,,2024-03-14,42,862–864 Phineas Street,24-K-40,0024K00040000000,R1A-VH,R1A,23,East Allegheny,Review Non-Conforming Five Unit Multi-unit residential use,yes,housing_units,multi_unit,manual,5,5,0,LEGAL,nonconforming_review,911.02,V|911.02,NC,Nonconforming status confirmed,approved,"auto (regex on decision paragraph, reviewed)",The use of the Subject Property for a 5-unit multi-unit residential use is legally nonconforming and may continue.,40.455451,-79.995113,parcel_centroid_wprdc,https://www.pittsburghpa.gov/files/assets/city/v/1/dcp/documents/zoning-board-of-adjustment/24426_862_phineas_street_-_199_of_2024.pdf,pittsburghpa.gov (migrated file; link found on archived dcp/zba page),,"file name says 199 of 2024; PDF caption says 199 of 2023; relief table listed nonconforming_review|use_variance; Board found use legally nonconforming, so relief_type set to nonconforming_review"
2 of 2024,DCP-ZDR-2023-04286,2024,2024-03-07,,2024-03-14,7,348 Main Street,49-L-78,0049L00078000000,R1A-H,R1A,9,Central Lawrenceville,Installation of HVAC Unit in front yard,yes,residential_accessory,single_detached,auto (text match; dwelling type often not stated),,,,NONE,dimensional_variance,903.03,V|903.03.D.2,AC,Approved with conditions,approved,"auto (regex on decision paragraph, reviewed)","The Applicant’s request for a variance from Section 903.03.D.2 is hereby APPROVED, subject to the condition that screening shall be provided as presented to the Board.",40.466428,-79.956577,parcel_centroid_wprdc,https://www.pittsburghpa.gov/files/assets/city/v/1/dcp/documents/zoning-board-of-adjustment/24427_348_main_street_-_2_of_2024.pdf,pittsburghpa.gov (migrated file; link found on archived dcp/zba page),,
9 of 2024,DCP-ZDR-2023-11552,2024,2024-03-07,,2024-03-14,7,2616 Shawhan Avenue,62-P-147,0062P00147000000,R1D-M,R1D,19,Brookline,Review non-conforming use of building for three units,yes,housing_units,three_unit,manual,3,3,0,LEGAL,nonconforming_review,911.02,V|911.02,NC,Nonconforming status confirmed,approved,"auto (regex on decision paragraph, reviewed)",The use of the structure for three units is legally nonconforming and may continue.,40.396151,-80.024965,parcel_centroid_wprdc,https://www.pittsburghpa.gov/files/assets/city/v/1/dcp/documents/zoning-board-of-adjustment/24429_2616_shawhan_ave_-_9_of_2024.pdf,pittsburghpa.gov (migrated file; link found on archived dcp/zba page),,"relief table listed nonconforming_review|use_variance; Board found use legally nonconforming, so relief_type set to nonconforming_review"
6 of 2024,DCP-ZDR-2022-13318,2024,2024-03-07,,2024-03-15,8,314 W. Sycamore Street,4-B-55,0004B00055000000,R2-H,R2,19,Mount Washington,Construction of Parking Pad in front yard,yes,residential_accessory,single_detached,auto (text match; dwelling type often not stated),,,,NONE,dimensional_variance,912.04,V|912.04.L,D,Denied,denied,"auto (regex on decision paragraph, reviewed)",The Applicant’s request for a variance from Section 912.04.L to allow for a one- car parking pad in the front yard of the Subject Property is hereby DENIED.,40.432537,-80.010828,parcel_centroid_wprdc,https://www.pittsburghpa.gov/files/assets/city/v/1/dcp/documents/zoning-board-of-adjustment/24440_314_w_sycamore_street_-_6_of_2024.pdf,pittsburghpa.gov (migrated file; link found on archived dcp/zba page),,
5 of 2024,DCP-LOT-2024-00035,2024,2024-03-07,,2024-03-19,12,123 Steuben Street,19-D-164,0019D00164000000,LNC,LNC,20,West End,Install 5.5 sf electronic sign for church,no,non_housing,non_residential,rule,,,,NONE,dimensional_variance,919.03,V|919.03.O(3),D,Denied,denied,"auto (regex on decision paragraph, reviewed)","For the foregoing reasons, the Applicant’s request for approval of the proposed electronic signage is DENIED.",40.442322,-80.033126,parcel_centroid_wprdc,https://www.pittsburghpa.gov/files/assets/city/v/1/dcp/documents/zoning-board-of-adjustment/24447_123_steuben_street_-_5_of_2024.pdf,pittsburghpa.gov (migrated file; link found on archived dcp/zba page),,
12 of 2024,DCP-ZDR-2024-00344,2024,2024-03-07,,2024-03-20,13,940 W. North Avenue,22-S-141,0022S00141000000,R1A-H,R1A,22,Central Northside,Construction of new garage with rooftop deck,yes,residential_accessory,single_detached,auto (text match; dwelling type often not stated),,,,NONE,dimensional_variance,903.03|912.04,V|912.04.E;V|903.03.D.2,AC,Approved with conditions,approved,"auto (regex on decision paragraph, reviewed)","The Applicant’s request for a variances from Sections 912.04.E and 903.03.D.2 to allow for the construction of a garage with a rooftop pergola structure at a height that is not to exceed 17’-4”” is hereby APPROVED, subject to the condition that that the pergola shall not be enclosed.",40.453446,-80.0187,parcel_centroid_wprdc,https://www.pittsburghpa.gov/files/assets/city/v/1/dcp/documents/zoning-board-of-adjustment/24448_940_w_north_avenue_-_12_of_2024.pdf,pittsburghpa.gov (migrated file; link found on archived dcp/zba page),,
201 of 2023,DCP-ZDR-2023-08891,2024,2024-02-01,,2024-04-01,60,1131 Loraine Street,23-L-187,0023L00187000000,R1A-H,R1A,22,Central Northside,Use of nine-stall parking lot,no,non_housing,non_residential,rule,,,,NONE,use_variance,911.02,V|911.02,AC,Approved with conditions,approved,"auto (regex on decision paragraph, reviewed)","The Applicant’s request for a variance from Section 911.02 to use the Subject Property for a commercial parking (limited) use is hereby APPROVED, subject to the conditions that the parking lot shall comply with the Code’s site development for parking area; landscaping shall be provided as described to the Board; and the use of the property for parking shall be limited to long-term leases, and temporary or one-day use of the spaces is prohibited.",40.45703,-80.005804,parcel_centroid_wprdc,https://www.pittsburghpa.gov/files/assets/city/v/1/dcp/documents/zoning-board-of-adjustment/24535_loraine_street_-_201_of_2023.pdf,pittsburghpa.gov (migrated file; link found on archived dcp/zba page),,
16 of 2024,DCP-ZDR-2023-10622,2024,2024-03-07,,2024-04-12,36,2703 Sidney Street,29-J-140,0029J00140000000,SP-5,SP,16,South Side Flats,Installation of new wall sign,no,non_housing,non_residential,rule,,,,NONE,dimensional_variance,919.03,V|919.03.M.5,A,Approved,approved,"auto (regex on decision paragraph, reviewed)",The Applicant’s request for a variance from Section 919.03.M.5 to allow the installation of a 56 sf wall sign at a height 44’ from grade is hereby APPROVED.,40.42709,-79.966418,parcel_centroid_wprdc,https://www.pittsburghpa.gov/files/assets/city/v/1/dcp/documents/zoning-board-of-adjustment/24609_2703_sidney_street_-_16_of_2024.pdf,pittsburghpa.gov (migrated file; link found on archived dcp/zba page),,
18 of 2024,DCP-ZDR-2023-05910,2024,2024-03-14,,2024-04-12,29,1124 Woodbourne Avenue,97-M-240,0097M00240000000,R1D-M,R1D,19,Brookline,Use of 3-story structure as two-unit residence,yes,housing_units,two_unit,manual,2,2,0,LEGAL,nonconforming_review,911.02,V|911.02,NC,Nonconforming status confirmed,approved,"auto (regex on decision paragraph, reviewed)",The use of the structure for two units is legally nonconforming and may continue.,40.388727,-80.016775,parcel_centroid_wprdc,https://www.pittsburghpa.gov/files/assets/city/v/1/dcp/documents/zoning-board-of-adjustment/24613_1124_woodbourne_ave_-_18_of_2024.pdf,pittsburghpa.gov (migrated file; link found on archived dcp/zba page),,"relief table listed nonconforming_review|use_variance; Board found use legally nonconforming, so relief_type set to nonconforming_review"
20 of 2024,DCP-ZDR-2023-11283,2024,2024-03-14,,2024-04-12,29,936 Mellon Street,82-R-61,0082R00061000000,R2-M,R2,11,Highland Park,Use of three decks at front and L-shaped three-story addition with three car integral garage at rear of existing three-unit residence,yes,residential_accessory,three_unit,manual,,,,NONE,dimensional_variance|special_exception,921.02|921.03|926.06,V|921.03.A.1;V|926.06.A.14;SE|921.02.A.1;V|921.02.A.1(a),A,Approved,approved,"auto (regex on decision paragraph, reviewed)","The Applicant’s request for a variance from the requirements of Section 921.03.A.1 to allow the 1,700 sf addition to the existing nonconforming use, and a variance from Section 926.06.A.14 to allow the reconstruction of the second and third floor decks, as described, is hereby APPROVED.",40.473256,-79.923284,parcel_centroid_wprdc,https://www.pittsburghpa.gov/files/assets/city/v/1/dcp/documents/zoning-board-of-adjustment/24619_936_mellon_street_-_20_of_2024.pdf,pittsburghpa.gov (migrated file; link found on archived dcp/zba page),,addition to existing three-unit residence
21 of 2024,DCP-ZDR-2023-10599,2024,2024-03-14,,2024-04-12,29,6223 Meadow Street,124-J-115,0124J00115000000,R2-H,R2,12,Larimer,Install one 62 sf illuminated wall sign on westerly side and three 12 sf non-illuminated directional signs on southerly side of existing structure,no,non_housing,non_residential,rule,,,,NONE,nonconforming_review,919.01,REVIEW|919.01.F,AC,Approved with conditions,approved,"auto (regex on decision paragraph, reviewed)","The Applicant’s request for a 60 sf wall sign and three 12 sf signs to identify the non-conforming vehicle repair use is hereby APPROVED, subject to the condition that the 60 sf sign is only illuminated during the business hours of the use.",40.466159,-79.914872,parcel_centroid_wprdc,https://www.pittsburghpa.gov/files/assets/city/v/1/dcp/documents/zoning-board-of-adjustment/24622_6223_meadow_street_-_21_of_2024.pdf,pittsburghpa.gov (migrated file; link found on archived dcp/zba page),,
24 of 2024,DCP-ZDR-2023-11195,2024,2024-03-14,,2024-04-12,29,1875 Greenleaf Street,6-J-5,0006J00005000000,R1D-M,R1D,19,Duquesne Heights,14 Parking Spaces and Public Amenities for existing park,no,non_housing,non_residential,rule,,,,NONE,dimensional_variance,905.01,V|905.01.C,A,Approved,approved,"auto (regex on decision paragraph, reviewed)",The Applicant’s request for a variance from Section 905.01.C to pave and stripe a parking lot that exists within the 30’ setback is hereby APPROVED.,40.437063,-80.030766,parcel_centroid_wprdc,https://www.pittsburghpa.gov/files/assets/city/v/1/dcp/documents/zoning-board-of-adjustment/24625_1875_greenleaf_street_-_24_of_2024.pdf,pittsburghpa.gov (migrated file; link found on archived dcp/zba page),,
27 of 2024,DCP-ZDR-2024-00085,2024,2024-03-14,,2024-04-12,29,1423 Liverpool Street,"22-P-75, 79, 80, 81",0022P00075000000,R1A-H,R1A,21,Manchester,Construction of a 6’ high privacy fence,yes,residential_accessory,other_residential,manual,,,,NONE,dimensional_variance,912.04,V|912.04.K(1),A,Approved,approved,"auto (regex on decision paragraph, reviewed)","The Applicant’s request for a variance from Section 912.04.K(1) to allow a closed fence, with a 6’ height and with a 22’ setback from the front property line is hereby APPROVED.",40.454603,-80.027387,parcel_centroid_wprdc,https://www.pittsburghpa.gov/files/assets/city/v/1/dcp/documents/zoning-board-of-adjustment/24612_1423_liverpool_street_-_27_of_2024.pdf,pittsburghpa.gov (migrated file; link found on archived dcp/zba page),,fence
30 of 2024,DCP-ZDR-2023-07472,2024,2024-03-14,,2024-04-12,29,3901 California Avenue,114-K-187,0114K00187000000,NDO,NDO,27,Brighton Heights,Installation of new generator,yes,residential_accessory,other_residential,manual,,,,NONE,dimensional_variance|special_exception,916.06|916.09,SE|916.09;V|916.06,AC,Approved with conditions,approved,"auto (regex on decision paragraph, reviewed)","The Applicant's request for a special exception pursuant to Code Section 916.09 to waive the maximum sound volume requirement in Section 916.06 is hereby APPROVED, subject to the condition that screening for the unit is provided, as described to the Board.",40.485215,-80.042303,parcel_centroid_wprdc,https://www.pittsburghpa.gov/files/assets/city/v/1/dcp/documents/zoning-board-of-adjustment/24616_3901_california_ave_-_30_of_2024.pdf,pittsburghpa.gov (migrated file; link found on archived dcp/zba page),,generator
79 of 2023,DCP-ZDR-2022-14292,2024,2024-02-01,,2024-04-13,72,1315 Western Avenue,7-G-10,0007G00010000000,UNC,UNC,21,Chateau,"New Construction of ""GetGo"" facility",no,non_housing,non_residential,rule,,,,NONE,dimensional_variance|special_exception,911.02|911.04|922.04,SE|911.02;SE|911.04.A.65;V|922.04.E.3;V|922.04.E.3.A;V|922.04.E.3.E,AC,Approved with conditions,approved,"auto (regex on decision paragraph, reviewed)","The Applicant’s request for a special exception, pursuant to Sections 911.02 and 911.04.A.65, to allow a service station use on the Subject Property and the request for variances from the site plan review criteria in Section 922.04.E.3 are hereby APPROVED, subject to the following conditions: 1. The use of the property shall not include a car wash facility or oil change, automobile repair or maintenance services; 2. The Applicant shall provide traffic mitigation measures as set forth in the TIS ",40.449976,-80.024111,parcel_centroid_wprdc,https://www.pittsburghpa.gov/files/assets/city/v/1/dcp/documents/zoning-board-of-adjustment/24608_1315_western_avenue_-_79_of_2023.pdf,pittsburghpa.gov (migrated file; link found on archived dcp/zba page),,
13 of 2024,DCP-ZDR-2023-05994,2024,2024-03-14,,2024-04-16,33,2200 Noblestown Road,39-G-390,0039G00390000000,UNC,UNC,28,Westwood,Installation of 24 sf electronic non-advertising sign for dentist office,no,non_housing,non_residential,rule,,,,NONE,dimensional_variance,919.03,V|919.03.O.3,D,Denied,denied,"auto (regex on decision paragraph, reviewed)","For the foregoing reasons, the Applicant’s request for approval of the proposed electronic sign is DENIED.",40.430121,-80.054103,parcel_centroid_wprdc,https://www.pittsburghpa.gov/files/assets/city/v/1/dcp/documents/zoning-board-of-adjustment/24644_2200_noblestown_road_-_13_of_2024.pdf,pittsburghpa.gov (migrated file; link found on archived dcp/zba page),,
34 of 2024,DCP-ZDR-2022-04093,2024,2024-03-21,,2024-04-18,28,44 S 9th Street,3-G-70,0003G00070000000,RIV-MU,RIV,17,South Side Flats,New Wall Signs,no,non_housing,non_residential,rule,,,,NONE,dimensional_variance,919.04,V|919.04.B.1(a);V|919.04.C.4(a),A,Approved,approved,"auto (regex on decision paragraph, reviewed)",The Applicant’s request for variances from Sections 919.04.B.1(a) and 919.04.C.4(a) to install two wall signs above the building entrance is hereby APPROVED.,40.429208,-79.990425,parcel_centroid_wprdc,https://www.pittsburghpa.gov/files/assets/city/v/1/dcp/documents/zoning-board-of-adjustment/24666_44_9th_street_-_34_of_2024.pdf,pittsburghpa.gov (migrated file; link found on archived dcp/zba page),,
35 of 2024,DCP-ZDR-2023-11474,2024,2024-03-21,,2024-04-18,28,7415 Hermitage Street,174-G-295,0174G00295000000,RM-M,RM,13,Homewood North,New construction of four two-unit residential structures,yes,housing_units,two_unit,manual,0,8,8,NEW,dimensional_variance,903.03|914.02,V|903.03.C.2;V|914.02,A,Approved,approved,"auto (regex on decision paragraph, reviewed)",The Applicant’s request for variances from Sections 903.03.C.2 and 914.02 to allow for the construction of four two-unit residential structures with no off- street parking on the Subject Property is hereby APPROVED.,40.459148,-79.889984,parcel_polygon_centroid_county_gis,https://www.pittsburghpa.gov/files/assets/city/v/1/dcp/documents/zoning-board-of-adjustment/24672_7415_hermitage_street_-_35_of_2024.pdf,pittsburghpa.gov (migrated file; link found on archived dcp/zba page),,four two-unit structures
28 of 2024,DCP-ZDR-2024-00715,2024,2024-03-07,,2024-04-22,46,3701 5th Avenue,23-B-310,,EMI,EMI,4,West Oakland,Wall Signs,no,non_housing,non_residential,rule,,,,NONE,dimensional_variance,919.03,V|919.03.M.3;V|919.03.M.3(a),D,Denied,denied,"auto (regex on decision paragraph, reviewed)",The Applicant’s request for variances from Section 919.03.M.3 to allow for the installation of high wall building identification signage in an EMI District is DENIED.,40.441615,-79.958792,census_geocoder_address,https://www.pittsburghpa.gov/files/assets/city/v/1/dcp/documents/zoning-board-of-adjustment/24681_3701_5th_avenue_-_28_of_2024.pdf,pittsburghpa.gov (migrated file; link found on archived dcp/zba page),,
15 of 2024,DCP-ZDR-2023-11676,2024,2024-03-21,,2024-04-24,34,64 S. 19th Street,12-E-205,0012E00205000000,R1A-VH,R1A,17,South Side Flats,Use of structure for three dwelling units,yes,housing_units,three_unit,manual,3,3,0,LEGAL,nonconforming_review,911.02,V|911.02,NC,Nonconforming status confirmed,approved,"auto (regex on decision paragraph, reviewed)",The use of the structure for three units is legally nonconforming and may continue.,40.429717,-79.97925,parcel_centroid_wprdc,https://www.pittsburghpa.gov/files/assets/city/v/1/dcp/documents/zoning-board-of-adjustment/24718_64_s_19th_street_-_15_of_2024.pdf,pittsburghpa.gov (migrated file; link found on archived dcp/zba page),,"relief table listed nonconforming_review|use_variance; Board found use legally nonconforming, so relief_type set to nonconforming_review"
7 of 2024,DCP-ZDR-2022-07900,2024,2024-04-04,,2024-04-24,20,161 North Euclid Avenue,83-P-290,0083P00290000000,R2-M,R2,11,East Liberty,Installation of accessory emergency generator,yes,residential_accessory,other_residential,auto (text match; dwelling type often not stated),,,,NONE,special_exception,916.06|916.09,SE|916.09;SE|916.06,A,Approved,approved,"auto (regex on decision paragraph, reviewed)",The Applicant's request for a special exception pursuant to Code Section 916.09 to waive the maximum sound volume requirement in Section 916.06 is hereby APPROVED.,40.46333,-79.927606,parcel_centroid_wprdc,https://web.archive.org/web/20250221203658/https://www.pittsburghpa.gov/files/assets/city/v/1/dcp/documents/zoning-board-of-adjustment/24719_161_n_euclid_ave_-_7_of_2024.pdf,Internet Archive (Wayback),,
25 of 2024,DCP-ZDR-2023-09737,2024,2024-03-14,,2024-04-29,46,2 Hot Metal Street,29-N-355,0029N00355000000,SP-5,SP,16,South Side Flats,Interior renovations for change of use to medical office,no,non_housing,non_residential,rule,,,,NONE,dimensional_variance,909.01,V|909.01.J,A,Approved,approved,"auto (regex on decision paragraph, reviewed)",The Applicant’s request for a variance from Section 909.01.J to allow a Medical Office (General) use within the SP-5 District is hereby APPROVED.,40.425993,-79.96446,parcel_centroid_wprdc,https://www.pittsburghpa.gov/files/assets/city/v/1/dcp/documents/zoning-board-of-adjustment/24741_2_hot_metal_street_-_25_of_2024.pdf,pittsburghpa.gov (migrated file; link found on archived dcp/zba page),,
47 of 2024,DCP-ZDR-2024-01095,2024,2024-04-04,,2024-05-02,28,5421 Wellesley Avenue,82-J-313,0082J00313000000,R2-M,R2,10,Morningside,"Change of use of house from one residential unit to two residential units, with no off-street parking.",yes,housing_units,two_unit,manual,1,2,1,CONV,dimensional_variance,903.03|914.02,V|914.02;V|903.03.C.2;V|914.02.A,A,Approved,approved,"auto (regex on decision paragraph, reviewed)",The Applicant’s request for variances from Sections 914.02 and 903.03.C.2 to allow the continued use of the Subject Property for two dwelling units with no off-street parking is hereby APPROVED.,40.475737,-79.929036,parcel_centroid_wprdc,https://www.pittsburghpa.gov/files/assets/city/v/1/dcp/documents/zoning-board-of-adjustment/24781_5421_wellesley_avenue_-_24_of_2024.pdf,pittsburghpa.gov (migrated file; link found on archived dcp/zba page),,file name says 24 of 2024; PDF caption says 47 of 2024
32 of 2024,DCP-ZDR-2024-00411,2024,2024-03-21,,2024-05-03,43,1300 Gardner Street,24-D-264,0024D00264000000,LNC,LNC,24,Troy Hill,New 4th story addition on existing 3-story multi-unit building,yes,housing_units,multi_unit,manual,,,,ADD,dimensional_variance,904.02|914.02|916.02,V|904.02.C;V|916.02.B.1;V|914.02.A,D,Denied,denied,"auto (regex on decision paragraph, reviewed)","The application for variances from Sections 904.02.C, 916.02.B.1 and 914.02.A is DENIED. No Certificate of Occupancy shall be issued for any portion of the non-compliant structure.",40.460787,-79.984392,parcel_centroid_wprdc,https://www.pittsburghpa.gov/files/assets/city/v/1/dcp/documents/zoning-board-of-adjustment/24779_1300_gardner_street_-_case_32_of_2024.pdf,pittsburghpa.gov (migrated file; link found on archived dcp/zba page),,4th-story addition on multi-unit building; unit change not stated
43 of 2024,DCP-ZDR-2023-11184,2024,2024-04-04,,2024-05-03,29,2700 Tarbel Street,96-N-264,0096N00264000000,R1D-M,R1D,19,Brookline,New construction of two-story single-family dwelling,yes,housing_units,single_detached,manual,0,1,1,NEW,dimensional_variance,903.03,V|903.03.C.2,A,Approved,approved,"auto (regex on decision paragraph, reviewed)",The Applicant’s request for a variance from Section 903.03.C.2 to allow for the construction of a house with an 11’ exterior side setback from Barbadoes Avenue is hereby APPROVED.,40.385557,-80.012984,parcel_centroid_wprdc,https://www.pittsburghpa.gov/files/assets/city/v/1/dcp/documents/zoning-board-of-adjustment/24782_2700_tarbel_street_-_43_of_2024.pdf,pittsburghpa.gov (migrated file; link found on archived dcp/zba page),,
11 of 2024,DCP-ZDR-2023-10729,2024,2024-03-21,,2024-05-05,45,2100 Jane Street,12-K-290,0012K00290000000,UI,UI,17,South Side Flats,Conversion of former hospital into multi-unit residential use,yes,housing_units,multi_unit,manual,0,,,CONV,special_exception,911.02|911.04,SE|911.02;SE|911.04.A.85,A,Approved,approved,"auto (regex on decision paragraph, reviewed)","The Applicant’s request for special exceptions pursuant to Sections 911.02 and 911.04.A.85 to allow a multi-unit residential building in a UI District, is hereby APPROVED.",40.426504,-79.977172,parcel_centroid_wprdc,https://www.pittsburghpa.gov/files/assets/city/v/1/dcp/documents/zoning-board-of-adjustment/24783_2100_jane_street_-_11_of_2024.pdf,pittsburghpa.gov (migrated file; link found on archived dcp/zba page),,former hospital to multi-unit
22 of 2024,DCP-ZDR-2024-00061,2024,2024-03-21,,2024-05-05,45,2000 Mary Street,12-P-27,0012P00027000000,UI,UI,17,South Side Flats,New Construction of Four Story Multi-unit residential building,yes,housing_units,multi_unit,manual,0,200,200,NEW,special_exception,911.02|911.04,SE|911.02;SE|911.04.A.85.a;SE|911.04.A.85,A,Approved,approved,"auto (regex on decision paragraph, reviewed)",The Applicant’s request for a special exception pursuant to Sections 911.02 and 911.04.A.85.a to allow a multi-unit residential use in an UI District is hereby APPROVED.,40.425633,-79.977738,parcel_centroid_wprdc,https://www.pittsburghpa.gov/files/assets/city/v/1/dcp/documents/zoning-board-of-adjustment/24784_2000_mary_street_-_22_of_2024.pdf,pittsburghpa.gov (migrated file; link found on archived dcp/zba page),,unit count from findings text
8 of 2024,DCP-ZDR-2024-00073,2024,2024-03-21,,2024-05-05,45,329 Downing Street,25-H-140,0025H00140000000,R2-H,R2,6,Polish Hill,Use of structure for four units,yes,housing_units,multi_unit,manual,,4,,LEGAL,use_variance,911.02,V|911.02,AC,Approved with conditions,approved,"auto (regex on decision paragraph, reviewed)","The Applicant’s request for a use variance from Section 911.02 to allow use of the property for four residential units is hereby APPROVED, subject to the condition that no additional residential units are permitted, and that the parking area is used for parking for residents of the Subject Property only.",40.457927,-79.966655,parcel_centroid_wprdc,https://www.pittsburghpa.gov/files/assets/city/v/1/dcp/documents/zoning-board-of-adjustment/24785_329_downing_street_-_8_of_2024.pdf,pittsburghpa.gov (migrated file; link found on archived dcp/zba page),,use variance for four units in existing structure
36 of 2024,DCP-ZDR-2023-05425,2024,2024-04-04,,2024-05-14,40,3435 Dawson Street,28-S-28,0028S00028000000,R-MU,R-MU,4,Central Oakland,Construction of parking pad in front yard,yes,residential_accessory,multi_unit,manual,,,,NONE,dimensional_variance,922.15,V|922.15.A.1;V|922.15.A.2,D,Denied,denied,"auto (regex on decision paragraph, reviewed)","The Applicant’s request for variances from Sections 922.15.A.1 and 922.15.A.2 to allow the use of a four car parking pad in front of a multi-unit building with four existing parking spaces, for a total of eight spaces, is hereby DENIED.",40.435578,-79.953332,parcel_centroid_wprdc,https://www.pittsburghpa.gov/files/assets/city/v/1/dcp/documents/zoning-board-of-adjustment/24841_3435_dawson_street_-_36_of_2024.pdf,pittsburghpa.gov (migrated file; link found on archived dcp/zba page),,
44 of 2024,DCP-ZDR-2024-01091,2024,2024-04-04,,2024-05-14,40,318 Lehigh Avenue,84-K-173,0084K00173000000,R2-M,R2,7,Shadyside,New construction of two-story garage,yes,residential_accessory,single_detached,auto (text match; dwelling type often not stated),,,,NONE,dimensional_variance,912.04,V|912.04.E,D,Denied,denied,"auto (regex on decision paragraph, reviewed)",The Applicant’s request for a variance from Section 912.04.E to allow the construction of a two-story/21’-4” high garage is DENIED.,40.456564,-79.926671,parcel_centroid_wprdc,https://www.pittsburghpa.gov/files/assets/city/v/1/dcp/documents/zoning-board-of-adjustment/24842_318_lehigh_avenue_-_44_of_2024.pdf,pittsburghpa.gov (migrated file; link found on archived dcp/zba page),,
39 of 2024,DCP-ZDR-2024-00992,2024,2024-04-04,,2024-05-15,41,1601-1607 Lowrie Street,47-S-335,0047S00335000000,LNC,LNC,24,Troy Hill,"Use of existing 1,600 sf tenant space as laundry services",no,non_housing,non_residential,rule,,,,NONE,special_exception,911.02|911.04,SE|911.02;SE|911.04.A.67,A,Approved,approved,"auto (regex on decision paragraph, reviewed)","The Applicant’s request for a special exception pursuant to Sections 911.02 and 911.04.A.67 to allow use of the Subject Property for a laundry service use, as described to the Board, is hereby APPROVED.",40.462495,-79.982996,parcel_centroid_wprdc,https://www.pittsburghpa.gov/files/assets/city/v/1/dcp/documents/zoning-board-of-adjustment/24856_1601_lowrie_street_-_39_of_2024.pdf,pittsburghpa.gov (migrated file; link found on archived dcp/zba page),,
41 of 2024,DCP-ZDR-2024-00650,2024,2024-04-11,,2024-05-15,34,285 38th Street,49-K-5,0049K00005000000,R1A-H,R1A,6,Lower Lawrenceville,Construction of two-story addition with two-car integral garage,yes,residential_accessory,single_detached,auto (text match; dwelling type often not stated),,,,NONE,dimensional_variance,903.03,V|903.03.D.2,A,Approved,approved,"auto (regex on decision paragraph, reviewed)",The Applicant’s request for a variance from Section 903.03.D.2 to allow the construction of an addition with a 1’-9” interior side setback is hereby APPROVED.,40.465163,-79.961773,parcel_centroid_wprdc,https://www.pittsburghpa.gov/files/assets/city/v/1/dcp/documents/zoning-board-of-adjustment/24857_285_38th_street_-_41_of_2024.pdf,pittsburghpa.gov (migrated file; link found on archived dcp/zba page),,
49 of 2024,DCP-ZDR-2024-00865,2024,2024-04-11,,2024-05-15,34,520 Susanna Court,55-L-274,0055L00274000000,R1D-M,R1D,15,Hazelwood,Construction of addition on rear of single-family residence,yes,residential_accessory,single_detached,manual,,,,NONE,dimensional_variance,903.03,V|903.03.C.2,A,Approved,approved,"auto (regex on decision paragraph, reviewed)",The Applicant’s request for a variance from Section 903.03.C.2 to construct an addition with a 5’ exterior side setback from the McCaslin Street property line is hereby APPROVED.,40.418035,-79.938895,parcel_centroid_wprdc,https://www.pittsburghpa.gov/files/assets/city/v/1/dcp/documents/zoning-board-of-adjustment/24858_520_susanna_court_-_49_of_2024.pdf,pittsburghpa.gov (migrated file; link found on archived dcp/zba page),,
53 of 2024,DCP-LOT-2024-00237,2024,2024-04-11,,2024-05-15,34,7710 Forest Way,174-L-170,0174L00170000000,LNC,LNC,13,Homewood North,Subdivision,yes,residential_accessory,other_residential,manual,,,,NONE,dimensional_variance,926.12,V|926.129,A,Approved,approved,"auto (regex on decision paragraph, reviewed)",The Applicant’s request for a variance from Section 926.129 to allow the creation a lot without frontage on a street is hereby APPROVED.,40.455789,-79.887473,parcel_centroid_wprdc,https://www.pittsburghpa.gov/files/assets/city/v/1/dcp/documents/zoning-board-of-adjustment/24863_7710_forest_way_-_53_of_2024.pdf,pittsburghpa.gov (migrated file; link found on archived dcp/zba page),,subdivision
58 of 2024,DCP-ZDR-2024-01858,2024,2024-04-11,,2024-05-15,34,2709 Penn Avenue,25-K-179,0025K00179000000,RIV-IMU,RIV,6,Strip District,Renovation of existing structure for first floor retail and second floor dwelling unit,yes,housing_units,other_residential,manual,,1,,CONV,dimensional_variance,914.02,V|914.02,A,Approved,approved,"auto (regex on decision paragraph, reviewed)",The Applicant’s request for a variance from Section 914.02 to allow use the second floor of the building on the Subject Property for a residential unit with no off-street parking is hereby APPROVED.,40.456207,-79.976952,parcel_centroid_wprdc,https://www.pittsburghpa.gov/files/assets/city/v/1/dcp/documents/zoning-board-of-adjustment/24861_2709_penn_avenue_-_58_of_2024.pdf,pittsburghpa.gov (migrated file; link found on archived dcp/zba page),,second-floor dwelling unit above retail
51 of 2024,DCP-ZDR-2024-00859,2024,2024-04-11,,2024-05-16,35,838 Concord Street,24-E-152,0024E00152000000,R1A-VH,R1A,23,East Allegheny,Addition of one dwelling unit in existing non-conforming multi- unit residential building with five units.,yes,housing_units,multi_unit,manual,5,6,1,ADD,special_exception,921.02,SE|921.02.A.1,A,Approved,approved,"auto (regex on decision paragraph, reviewed)",The Applicant’s request for a special exception pursuant to Section 921.02.A.1 to allow the conversion of the commercial tenant space into a dwelling unit is hereby APPROVED.,40.458065,-79.996539,parcel_centroid_wprdc,https://www.pittsburghpa.gov/files/assets/city/v/1/dcp/documents/zoning-board-of-adjustment/24859_838_concord_street_-_51_of_2024.pdf,pittsburghpa.gov (migrated file; link found on archived dcp/zba page),,
52 of 2024,DCP-ZDR-2024-01429,2024,2024-04-11,,2024-05-16,35,1118 N. Saint Clair Street,82-L-208,0082L00208000000,R2-M,R2,11,Highland Park,Expansion of front yard parking pad,yes,residential_accessory,two_unit,auto (text match; dwelling type often not stated),,,,NONE,dimensional_variance,912.04,V|912.04.L,D,Denied,denied,"auto (regex on decision paragraph, reviewed)","The Applicant’s request for a variance from Section 912.04.L to allow the use of a 840 sf area, which encompasses entire front yard of the Subject Property, as a parking pad is hereby DENIED. Use of the 280 sf area of the original parking pad may continue, on the condition that the additional 560 sf of pavement shall be removed and replaced by landscaping.",40.475015,-79.921051,parcel_centroid_wprdc,https://www.pittsburghpa.gov/files/assets/city/v/1/dcp/documents/zoning-board-of-adjustment/24862_1118_n_saint_clair_street_-_52_of_2024.pdf,pittsburghpa.gov (migrated file; link found on archived dcp/zba page),,
55 of 2024,DCP-ZDR-2022-03996,2024,2024-04-11,,2024-05-16,35,5302 Duncan Street,"81-A-40, 41, 42",0081A00040000000,R1A-VH,R1A,10,Upper Lawrenceville,New construction of three attached houses,yes,housing_units,single_attached,manual,0,3,3,NEW,dimensional_variance,903.03|914.09,V|914.09.J.1;V|903.03.E.2,AC,Approved with conditions,approved,"auto (regex on decision paragraph, reviewed)","The Applicant’s request for variances from Sections 914.09.J.1 and 903.03.E.2 to allow the construction of a new attached house on each of the three identified parcels, with 0’ side setbacks and front-facing integral garages, is hereby APPROVED, subject to the condition that the new curb cuts shall be reviewed and approved by the Department of Mobility and Infrastructure.",40.479913,-79.949255,parcel_centroid_wprdc,https://www.pittsburghpa.gov/files/assets/city/v/1/dcp/documents/zoning-board-of-adjustment/24860_5302_duncan_street_-_55_of_2024.pdf,pittsburghpa.gov (migrated file; link found on archived dcp/zba page),,
46 of 2024,DCP-ZDR-2023-11077,2024,2024-04-11,,2024-05-17,36,62 South 6th Street,"3-F-200, 3-F-225",0003F00200000000,RIV-IMU,RIV,17,South Side Flats,Interior renovations and construction of second floor addition for museum,no,non_housing,non_residential,manual,,,,NONE,aapp_parking|dimensional_variance|special_exception,911.02|911.04|914.02|914.07,SE|911.02;SE|911.04.A.6;V|914.02;SE|914.07.G.2.a;V|914.02.A,AC,Approved with conditions,approved,"auto (regex on decision paragraph, reviewed)","The Applicant’s request for special exceptions pursuant to Sections 911.02, 911.04.A.6, and 914.0.G.2.a, and a variance from Section 914.02 to allow a public assembly (general) use with an 82 parking spaces in an off-site parking lot is hereby APPROVED, subject to the condition that the use operates in accordance with the description of the galleries and performing arts venue provided to the Board.",40.430028,-79.994055,parcel_centroid_wprdc,https://www.pittsburghpa.gov/files/assets/city/v/1/dcp/documents/zoning-board-of-adjustment/24901_62_s_6th_st_-_46_of_2024.pdf,pittsburghpa.gov (migrated file; link found on archived dcp/zba page),,multiple parcels captioned; point is first matched parcel
57 of 2024,DCP-ZDR-2022-12295,2024,2024-04-18,,2024-05-18,30,5503 Covode Street,87-A-230,0087A00230000000,RM-M,RM,14,Squirrel Hill South,Construct enclosed front porch addition,yes,residential_accessory,single_detached,auto (text match; dwelling type often not stated),,,,NONE,dimensional_variance,903.03,V|903.03.B.2;V|903.03.C,AC,Approved with conditions,approved,"auto (regex on decision paragraph, reviewed)","The Applicant’s request for a variance from Section 903.03.B.2 to construct an enclosed porch and addition within the front setback is hereby APPROVED, subject to the condition that a new open porch within the setback is not permitted.",40.431667,-79.930251,parcel_centroid_wprdc,https://www.pittsburghpa.gov/files/assets/city/v/1/dcp/documents/zoning-board-of-adjustment/24902_5503_covode_street_-_57_of_2024.pdf,pittsburghpa.gov (migrated file; link found on archived dcp/zba page),,
60 of 2024,DCP-ZDR-2024-01973,2024,2024-04-18,,2024-05-30,42,3401 Milwaukee Street,26-P-280,0026P00280000000,R2-L,R2,5,Upper Hill,Install one 26 sf wall sign,no,non_housing,non_residential,rule,,,,NONE,dimensional_variance,919.01,V|919.01.F,A,Approved,approved,"auto (regex on decision paragraph, reviewed)","The Applicant’s request to install signs, as described in the findings of fact, to identify the nonconforming use of the site for a performing arts venue, in an R2-L District, is hereby APPROVED.",40.454839,-79.960978,parcel_centroid_wprdc,https://www.pittsburghpa.gov/files/assets/city/v/1/dcp/documents/zoning-board-of-adjustment/25039_3401_milwaukee_st_-_60_of_2024.pdf,pittsburghpa.gov (migrated file; link found on archived dcp/zba page),,
54 of 2024,DCP-ZDR-2023-10850 for the construction of a,2024,2024-04-18,,2024-06-03,46,1125 Pocono Street,"129-G-159, 129-G-159-1",0129G00159000000,R1D-L,R1D,14,Swisshelm Park,Appeal of the Department of City Planning’s approval of Application DCP-ZDR-2023-10850 for the construction of a retaining wall and fence,yes,residential_accessory,other_residential,manual,,,,NONE,appeal,923.02,APPEAL|923.02.B.1,APD,Appeal denied,appeal,"auto (regex on decision paragraph, reviewed)","For the foregoing reasons, the protest appeal is hereby DENIED.",40.419688,-79.905356,parcel_centroid_wprdc,https://www.pittsburghpa.gov/files/assets/city/v/1/dcp/documents/zoning-board-of-adjustment/25063_1125_pocono_street_-_54_of_2024.pdf,pittsburghpa.gov (migrated file; link found on archived dcp/zba page),,third-party appeal (retaining wall and fence)
63 of 2024,DCP-ZDR-2024-01237,2024,2024-05-02,,2024-06-06,35,51 Southern Avenue,"4-K-248, 249",0004K00248000000,"LNC, R2-H",LNC,19,Mount Washington,Three-Car Parking Pad,yes,residential_accessory,single_detached,auto (text match; dwelling type often not stated),,,,NONE,dimensional_variance,912.01|912.04,V|912.01.D;V|912.04.L;V|912.04.L.3,A,Approved,approved,"auto (regex on decision paragraph, reviewed)","The Applicant’s request for variances from Section 912.01.D and 912.04.L to allow a three-car parking pad with a 0’ front setback, as located in a different zoning district than the primary use, is hereby APPROVED.",40.428344,-80.008248,parcel_centroid_wprdc,https://www.pittsburghpa.gov/files/assets/city/v/1/dcp/documents/zoning-board-of-adjustment/25163_51_southern_avenue_-_63_of_2024.pdf,pittsburghpa.gov (migrated file; link found on archived dcp/zba page),,
65 of 2024,DCP-ZDR-2024-02094,2024,2024-05-02,,2024-06-06,35,3357 Ridgway Street,26-J-180,0026J00180000000,H,H,6,Polish Hill,Interior renovations to convert structure into two dwelling units,yes,housing_units,two_unit,manual,0,2,2,CONV,dimensional_variance|special_exception,914.02|921.02,SE|921.02.A.4;V|914.02,A,Approved,approved,"auto (regex on decision paragraph, reviewed)","The Applicant’s request for a special exception pursuant to Section 921.02.A.4, to allow the change from the nonconforming beer distributor/retail sales and services use to a 2-unit residential use, with a variance from the on-site parking requirement in Section 914,02, is hereby APPROVED.",40.456271,-79.96391,parcel_centroid_wprdc,https://www.pittsburghpa.gov/files/assets/city/v/1/dcp/documents/zoning-board-of-adjustment/25164_3357_ridgway_street_-_65_of_2024.pdf,pittsburghpa.gov (migrated file; link found on archived dcp/zba page),,nonconforming commercial to 2 units
62 of 2024,DCP-ZDR-2024-01359,2024,2024-05-02,,2024-06-10,39,304 Lafayette Avenue,46-L-213,0046L00213000000,R1D-L,R1D,26,Fineview,2-car parking pad,yes,residential_accessory,single_detached,auto (text match; dwelling type often not stated),,,,NONE,dimensional_variance,912.04,V|912.04.L;V|912.04.L.3,D,Denied,denied,"auto (regex on decision paragraph, reviewed)",The Applicant’s request for a variance from Section 912.04.L to allow for the construction of a two-car parking pad in the front yard of the Subject Property is hereby DENIED.,40.465344,-80.007705,parcel_centroid_wprdc,https://www.pittsburghpa.gov/files/assets/city/v/1/dcp/documents/zoning-board-of-adjustment/25162_304_lafayette_avenue_-_62_of_2024.pdf,pittsburghpa.gov (migrated file; link found on archived dcp/zba page),,
37 of 2024,DCP-ZDR-2023-11504,2024,2024-05-02,,2024-06-13,42,1119-1121 Mary Ann Street,3-M-358,0003M00358000000,R1A-VH,R1A,17,South Side Flats,Continued use of 3-story structure as a two-unit residence and attached 2-story structure as a one-unit residence,yes,housing_units,three_unit,manual,3,3,0,LEGAL,nonconforming_review,911.02,V|911.02,NC,Nonconforming status confirmed,approved,"auto (regex on decision paragraph, reviewed)",The use of the Subject Property for a three-unit residential use is legally nonconforming and may continue.,40.426281,-79.986721,parcel_centroid_wprdc,https://www.pittsburghpa.gov/files/assets/city/v/1/dcp/documents/zoning-board-of-adjustment/25199_1119-1121_mary_ann_street_-_37_of_2024.pdf,pittsburghpa.gov (migrated file; link found on archived dcp/zba page),,"relief table listed nonconforming_review|use_variance; Board found use legally nonconforming, so relief_type set to nonconforming_review"
61 of 2024,DCP-ZDR-2024-01534,2024,2024-05-02,,2024-06-13,42,2509 Hillview Street,138-E-158,0138E00158000000,R1D-L,R1D,32,Overbrook,Construction of new detached garage,yes,residential_accessory,other_residential,auto (text match; dwelling type often not stated),,,,NONE,dimensional_variance,903.03|914.02,V|914.02.A;V|903.03.B.2,AC,Approved with conditions,approved,"auto (regex on decision paragraph, reviewed)","The Applicant’s request for variances from Sections 914.02.A and 903.03.B.2 to allow the construction of a two-car garage within the exterior side setback is hereby APPROVED, subject to the condition that no additional off-street parking shall be permitted on the property.",40.381218,-79.996939,parcel_centroid_wprdc,https://www.pittsburghpa.gov/files/assets/city/v/1/dcp/documents/zoning-board-of-adjustment/25200_2509_hillview_street_-_61_of_2025.pdf,pittsburghpa.gov (migrated file; link found on archived dcp/zba page),,file name says 61 of 2025; PDF caption says 61 of 2024
66 of 2024,DCP-ZDR-2024-02148,2024,2024-05-16,,2024-06-13,28,2701 East Carson Street,29-J-140,0029J00140000000,SP-5,SP,16,South Side Flats,Installation of one 79 sf wall sign,no,non_housing,non_residential,rule,,,,NONE,dimensional_variance,919.03,V|919.03.M.5,A,Approved,approved,"auto (regex on decision paragraph, reviewed)","The Applicant’s request for a variance from Section 919.03.M.5 to allow the installation of a 79 sf wall sign, at a height 42’ from grade, is hereby APPROVED.",40.42709,-79.966418,parcel_centroid_wprdc,https://www.pittsburghpa.gov/files/assets/city/v/1/dcp/documents/zoning-board-of-adjustment/25203_2701_e_carson_-_66_of_2024.pdf,pittsburghpa.gov (migrated file; link found on archived dcp/zba page),,
59 of 2024,DCP-ZDR-2024-00755,2024,2024-05-09,,2024-06-17,39,1212 Smallman Street,9-K-118,0009K00118000000,GT-B,GT,2,Strip District,Installation of Heinz Ketchup bottle as a ground sign,no,non_housing,non_residential,rule,,,,NONE,dimensional_variance,919.01|919.03,V|919.03.M.7(d);V|919.01.C.1(b),NR,No relief required,no_relief_needed,manual,"Based on the tastefully presented evidence, the Board concludes that, pursuant to Section 919.01.C.1(b), the ketchup bottle installation is not a “sign” and is not subject to the limitations set forth in Section 919.03.M.7(d).",40.446623,-79.992146,parcel_centroid_wprdc,https://www.pittsburghpa.gov/files/assets/city/v/1/dcp/documents/zoning-board-of-adjustment/25204_smallman_street_final.pdf,pittsburghpa.gov (migrated file; link found on archived dcp/zba page),,Board found the installation is not a sign; no relief needed
67 of 2024,DCP-ZDR-2024-02060,2024,2024-05-16,,2024-06-28,43,7303 Reynolds Street,126-M-188,0126M00188000000,R1D-VL,R1D,14,Point Breeze,Construction of enclosed front porch and second floor deck,yes,residential_accessory,single_detached,auto (text match; dwelling type often not stated),,,,NONE,dimensional_variance|special_exception,903.03|912.04|921.03,V|903.03.A.2;V|912.04;SE|921.03.C,S,Split,split,"auto (regex on decision paragraph, reviewed)","The Applicant’s request to reconstruct the front porch enclosure, with the same 7.8’ by 15’ (117 sf) dimensions permitted in Zone Case No. 50 of 2018, is APPROVED, pursuant to Section 921.03.C.3, subject to the conditions that the new enclosed porch shall be located within the same footprint as the original porch and shall not include a second-floor deck. The request for variances from Sections 903.03.A.2 and 912.04 to allow construction of a 19.7’ by 7.8’ (154 sf) addition, with a second floor ",40.445967,-79.900989,parcel_centroid_wprdc,https://www.pittsburghpa.gov/files/assets/city/v/1/dcp/documents/zoning-board-of-adjustment/25287_7303_reynolds_street_-_67_of_2024.pdf,pittsburghpa.gov (migrated file; link found on archived dcp/zba page),,
23 of 2024,DCP-ZDR-2023-09665,2024,2024-03-14,,2024-07-10,118,3634 Penn Avenue,"49-N-242, 244, 245, 246, 247, 271",0049N00242000000,LNC,LNC,6,Lower Lawrenceville,Construction of 50-unit multi-unit residential building,yes,housing_units,multi_unit,manual,0,50,50,NEW,dimensional_variance,912.01|916.02,V|912.01.D;V|916.02.B.1,A,Approved,approved,"auto (regex on decision paragraph, reviewed)",The Applicant’s request for variances from Sections 912.01.D and 916.02.B.1 to allow for the construction of a 50-unit multi-unit residential building with accessory parking located in an R1A-H District and with a consistent maximum height of 45’/3-stories is hereby APPROVED.,40.464083,-79.962921,parcel_centroid_wprdc,https://www.pittsburghpa.gov/files/assets/city/v/1/dcp/documents/zoning-board-of-adjustment/25413_3634_penn_avenue_-_23_of_2024.pdf,pittsburghpa.gov (migrated file; link found on archived dcp/zba page),,
48 of 2024,DCP-ZDR-2024-01137,2024,2024-06-06,,2024-07-10,34,136 Pearl Street,50-N-2,0050N00002000000,R1A-VH,R1A,9,Bloomfield,Use of building for three residential units,yes,housing_units,three_unit,manual,3,3,0,LEGAL,nonconforming_review,911.02,V|911.02,NC,Nonconforming status confirmed,approved,"auto (regex on decision paragraph, reviewed)",The use of the Subject Property for a three-unit residential use is legally nonconforming and may continue.,40.464657,-79.948471,parcel_centroid_wprdc,https://www.pittsburghpa.gov/files/assets/city/v/1/dcp/documents/zoning-board-of-adjustment/25414_136_pearl_street_-_48_of_2024.pdf,pittsburghpa.gov (migrated file; link found on archived dcp/zba page),,"relief table listed nonconforming_review|use_variance; Board found use legally nonconforming, so relief_type set to nonconforming_review"
73 of 2024,DCP-ZDR-2024-02856,2024,2024-06-13,,2024-07-10,27,1342 Goettman Street,24-H-20,0024H00020000000,R1D-H,R1D,24,Troy Hill,Change of use to two-unit residential,yes,housing_units,two_unit,manual,2,2,0,LEGAL,nonconforming_review,911.02,V|911.02,NC,Nonconforming status confirmed,approved,"auto (regex on decision paragraph, reviewed)",The use of the Subject Property for two residential units may continue as a legal nonconforming use.,40.45943,-79.986742,parcel_centroid_wprdc,https://www.pittsburghpa.gov/files/assets/city/v/1/dcp/documents/zoning-board-of-adjustment/25417_1342_goettman_street_-_73_of_2024.pdf,pittsburghpa.gov (migrated file; link found on archived dcp/zba page),,"relief table listed nonconforming_review|use_variance; Board found use legally nonconforming, so relief_type set to nonconforming_review"
74 of 2024,DCP-ZDR-2024-03133,2024,2024-06-13,,2024-07-10,27,527 N. Taylor Avenue,23-J-254,0023J00254000000,R1A-H,R1A,22,Central Northside,Change non-conforming use of first floor tenant space from restaurant (Limited) to retail sales and services for a salon,no,non_housing,non_residential,manual,,,,NONE,special_exception,921.02,SE|921.02.A.4,A,Approved,approved,"auto (regex on decision paragraph, reviewed)","The Applicant’s request for a special exception pursuant to Section 921.02.A.4 to allow the use of the Subject Property for the hair salon, which is a retail sales and services (limited) use, with operations as described to the Board, is hereby APPROVED.",40.456173,-80.013081,parcel_centroid_wprdc,https://www.pittsburghpa.gov/files/assets/city/v/1/dcp/documents/zoning-board-of-adjustment/25415_527_n_taylor_avenue_-_74_of_2024.pdf,pittsburghpa.gov (migrated file; link found on archived dcp/zba page),,
75 of 2024,DCP-ZDR-2019-05349,2024,2024-06-13,,2024-07-10,27,214 S. Craig Street,52-J-164,0052J00164000000,OPR-B,OPR,4,North Oakland,New Construction of two-story restaurant,no,non_housing,non_residential,rule,,,,NONE,dimensional_variance|special_exception,908.03|911.04|914.02,SE|908.03.D.1(e);SE|911.04.A.57;V|914.02;V|914.02.A,A,Approved,approved,"auto (regex on decision paragraph, reviewed)","The Applicant’s request for a special exception pursuant to Sections 908.03.D.1(e) and 911.04.A.57 and a variance from Section 914.02 to allow a 4,276 sf restaurant (general) use with no off-street parking is hereby APPROVED.",40.445896,-79.949073,parcel_centroid_wprdc,https://www.pittsburghpa.gov/files/assets/city/v/1/dcp/documents/zoning-board-of-adjustment/25418_214_s_craig_street_-_75_of_2024.pdf,pittsburghpa.gov (migrated file; link found on archived dcp/zba page),,
80 of 2024,DCP-ZDR-2024-03101,2024,2024-06-20,,2024-07-10,20,2107 Sidney Street,12-F-376,0012F00376000000,UI,UI,16,South Side Flats,Change use to single family dwelling,yes,housing_units,single_detached,manual,0,1,1,CONV,use_variance,911.02,V|911.02,A,Approved,approved,"auto (regex on decision paragraph, reviewed)",The Applicant’s request for a variance from Section 911.02 to allow the use of the ground floor of the Subject Property for a dwelling unit is hereby APPROVED.,40.429579,-79.975809,parcel_centroid_wprdc,https://www.pittsburghpa.gov/files/assets/city/v/1/dcp/documents/zoning-board-of-adjustment/25419_2107_sidney_street_-_80_of_2024.pdf,pittsburghpa.gov (migrated file; link found on archived dcp/zba page),,ground floor dwelling unit in UI
83 of 2024,DCP-ZDR-2024-02207,2024,2024-06-20,,2024-07-10,20,591 Dorchester Avenue,97-B-60,0097B00060000000,R1D-M,R1D,19,Brookline,Enclosure of existing front porch,yes,residential_accessory,single_detached,auto (text match; dwelling type often not stated),,,,NONE,dimensional_variance,903.03,V|903.03.A.2,AC,Approved with conditions,approved,"auto (regex on decision paragraph, reviewed)","The Applicant’s request for a variance from Section 903.03.A.2 to allow a 24’ front setback, resulting from the enclosure of a portion of an existing front porch, is hereby APPROVED, subject to the condition that no new porch structure extends from the enclosed portion of the structure into the front setback.",40.392102,-80.027713,parcel_centroid_wprdc,https://www.pittsburghpa.gov/files/assets/city/v/1/dcp/documents/zoning-board-of-adjustment/25420_591_dorchester_avenue_-_83_of_2024.pdf,pittsburghpa.gov (migrated file; link found on archived dcp/zba page),,
86 of 2024,DCP-ZDR-2024-02595,2024,2024-06-20,,2024-07-10,20,438 North Fairmount Street,83-E-215,0083E00215000000,R2-H,R2,11,Garfield,Construction of second floor deck on rear of structure,yes,residential_accessory,two_unit,auto (text match; dwelling type often not stated),,,,NONE,dimensional_variance,903.03,V|903.03.D.2,A,Approved,approved,"auto (regex on decision paragraph, reviewed)",The Applicant’s request for a variance from Section 903.03.D.2 to allow the construction of a two-level deck at the rear of the structure on the Subject Property with 2.5’ and 12’ side setbacks is hereby APPROVED.,40.468477,-79.931039,parcel_centroid_wprdc,https://www.pittsburghpa.gov/files/assets/city/v/1/dcp/documents/zoning-board-of-adjustment/25483_438_n_fairmount_street_-_86_of_2024.pdf,pittsburghpa.gov (migrated file; link found on archived dcp/zba page),,
76 of 2024,DCP-ZDR-2024-03083,2024,2024-06-13,,2024-07-11,28,816 Middle Street,24-J-72,0024J00072000000,R1A-VH,R1A,23,East Allegheny,Review Signs for non-conforming use,no,non_housing,non_residential,rule,,,,NONE,nonconforming_review,919.01,REVIEW|919.01.F,AC,Approved with conditions,approved,"auto (regex on decision paragraph, reviewed)","The Applicant’s request to install wall identification signs, as described in the findings of fact, to identify the nonconforming use of the site for medical offices, in an R1A-VH District, is hereby APPROVED, subject to the condition that the signs shall not be illuminated between 10 p.m. and 6 a.m., as described to the Board.",40.455145,-79.999382,parcel_centroid_wprdc,https://www.pittsburghpa.gov/files/assets/city/v/1/dcp/documents/zoning-board-of-adjustment/25416_816_middle_street_-_76_of_2024.pdf,pittsburghpa.gov (migrated file; link found on archived dcp/zba page),,
69 of 2024,"DCP-ZDR-2023-09091, 04282, 04311, 04272, 04308, 04310",2024,2024-06-06,,2024-07-17,41,"876 Progress Street, 730 River Avenue, 1730 Riverside",,,"RIV-NS, RIV-GI, RIV-IMU",RIV,"27, 23, 22, 21, 19","North Shore, South Side Flats, Chateau, Marshall Shadeland",New construction of above ground access for ALCOSAN tunnel project at several sites on the Ohio and Allegheny rivers,no,non_housing,non_residential,rule,,,,NONE,dimensional_variance,912.01|912.04,V|912.01.D;V|912.04.E,A,Approved,approved,"auto (regex on decision paragraph, reviewed)","The Applicant’s request for variances from Sections 912.01.D and 912.04.E to allow for the construction of infrastructure for ALCOSAN’s Ohio River Tunnel project, as described in the findings of fact, is hereby APPROVED.",40.452422,-79.993828,census_geocoder_address,https://www.pittsburghpa.gov/files/assets/city/v/1/dcp/documents/zoning-board-of-adjustment/25478_alcosan_tunnels_-_69_of_2024.pdf,pittsburghpa.gov (migrated file; link found on archived dcp/zba page),,
89 of 2024,DCP-ZDR-2024-03203,2024,2024-06-20,,2024-07-17,27,5205 Dearborn Street,50-L-264,0050L00264000000,R1D-H,R1D,10,Garfield,Addition of greenhouse on roof of existing detached garage,yes,residential_accessory,other_residential,manual,,,,NONE,dimensional_variance,912.04,V|912.04.E,AC,Approved with conditions,approved,"auto (regex on decision paragraph, reviewed)","The Applicant’s request for a variance from Section 912.04.E to allow for the construction of an accessory structure to a height that is not to exceed 18’, is hereby APPROVED, subject to the conditions that that the additional height is limited to the greenhouse portion of the structure, as described, and the structure is not to be used for a second residential unit.",40.465537,-79.939514,parcel_centroid_wprdc,https://www.pittsburghpa.gov/files/assets/city/v/1/dcp/documents/zoning-board-of-adjustment/25482_5205_dearborn_street_-_89_of_2024.pdf,pittsburghpa.gov (migrated file; link found on archived dcp/zba page),,
70 of 2024,DCP-ZDR-2024-02029,2024,2024-06-06,,2024-07-19,43,103 Shady Avenue,84-G-248,,UNC,UNC,7,Shadyside,Installation of signs for Market District,no,non_housing,non_residential,rule,,,,NONE,dimensional_variance,919.01|919.03,V|919.03.M.5;V|919.03.M.5(a);V|919.01.E.6,S,Split,split,"auto (regex on decision paragraph, reviewed)","The Applicant’s request for variances from Section 919.03.M.5 for the cumulative 638 sf of signage on the Penn Avenue façade (Signs M1, M2, M3 and M4, as described) is DENIED, without prejudice to submit a revised signage plan for that façade; and the variance to allow the 76.5 sf wall-mounted directory sign is APPROVED, subject to the condition that it is not illuminated.",40.45913,-79.921983,census_geocoder_address,https://www.pittsburghpa.gov/files/assets/city/v/1/dcp/documents/zoning-board-of-adjustment/25477_103_shady_avenue_-_70_of_2024_1.pdf,pittsburghpa.gov (migrated file; link found on archived dcp/zba page),,
72 of 2024,DCP-ZDR-2024-02485,2024,2024-06-06,,2024-07-21,45,324 Emerson Street,84-L-283,0084L00283000000,RM-H,RM,7,Shadyside,Interior renovations to convert former Hunt Armory into ice skating rink,no,non_housing,non_residential,rule,,,,NONE,aapp_parking|dimensional_variance|special_exception,914.07|921.02,SE|921.02.A.4;SE|914.07.G.2.a;V|914.07.G.2.a,AC,Approved with conditions,approved,"auto (regex on decision paragraph, reviewed)","The Applicant’s request for a special exception pursuant to Section 921.02.A.4 to use the Subject Property for a seasonal ice rink is hereby APPROVED, subject to the following conditions: • The ice rink use is limited to September through March; • The ice rink shall close no later than 10:00 PM; • Amplified music shall not be played between the hours of 10 pm and 8 am; • The Applicant shall provide off-site parking and a shuttle service for larger events and provide information to attendees abou",40.456141,-79.92426,parcel_centroid_wprdc,https://www.pittsburghpa.gov/files/assets/city/v/1/dcp/documents/zoning-board-of-adjustment/25479_324_emerson_street_-_72_of_2024.pdf,pittsburghpa.gov (migrated file; link found on archived dcp/zba page),,
77 of 2024,DCP-ZDR-2024-02362,2024,2024-06-13,,2024-07-21,38,1907 Webster Avenue,9-M-322,0009M00322000000,RM-M,RM,3,Crawford Roberts,New Construction of house,yes,housing_units,single_detached,manual,0,1,1,NEW,dimensional_variance,903.03,V|903.03.C.2,A,Approved,approved,"auto (regex on decision paragraph, reviewed)",The Applicant’s request for variances from Section 903.03.C.2 to allow for the construction of a house with limited side setbacks is hereby APPROVED.,40.445467,-79.983015,parcel_centroid_wprdc,https://www.pittsburghpa.gov/files/assets/city/v/1/dcp/documents/zoning-board-of-adjustment/25480_1907_webster_avenue_-_77_of_2024_1.pdf,pittsburghpa.gov (migrated file; link found on archived dcp/zba page),,
78 of 2024,DCP-ZDR-2024-03194,2024,2024-06-20,,2024-07-21,31,5007 Lytle Street,56-K-35,0056K00035000000,GI,GI,15,Hazelwood,Installation of two wall signs,no,non_housing,non_residential,rule,,,,NONE,dimensional_variance,919.03|919.04,V|919.04.M.6(a);V|919.03.M.6(a),A,Approved,approved,"auto (regex on decision paragraph, reviewed)","The Applicant’s request for a variance from Section 919.04.M.6(a) to allow the installation of two wall-mounted signs on the penthouse, at the height of 62’- 2” from grade, is hereby APPROVED.",40.407724,-79.945336,parcel_centroid_wprdc,https://www.pittsburghpa.gov/files/assets/city/v/1/dcp/documents/zoning-board-of-adjustment/25484_5007_lytle_street_-_78_of_2024.pdf,pittsburghpa.gov (migrated file; link found on archived dcp/zba page),,
38 of 2024,DCP-ZDR-2023-07763,2024,2024-06-13,,2024-07-22,39,1844 Jacob Street,61-S-290,0061S00290000000,"H, R1D-L",H,32,Brookline,Use of site for construction contractor (limited) use,no,non_housing,non_residential,rule,,,,NONE,special_exception|use_variance,911.02|916.02,V|911.02;SE|916.02.A.2,S,Split,split,"auto (regex on decision paragraph, reviewed)","The Applicant’s request for a variance from Section 911.02 and a special exception pursuant to Section 916.02.A.2 to allow the permanent use of the Subject Property for a construction contractor (general) use is DENIED and the temporary use of the Subject Property for a construction contractor (general) use is hereby APPROVED, subject to the conditions that the use of the site for the construction contractor (general) use shall conclude by October 2024, and construction vehicles shall not access",40.394877,-80.004489,parcel_centroid_wprdc,https://www.pittsburghpa.gov/files/assets/city/v/1/dcp/documents/zoning-board-of-adjustment/25481_1844_jacob_street_-_38_of_2024_1.pdf,pittsburghpa.gov (migrated file; link found on archived dcp/zba page),,
81 of 2024,DCP-ZDR-2024-03356,2024,2024-06-20,,2024-07-22,32,7511 Thomas Boulevard,175-F-203,0175F00203000000,UI,UI,14,Point Breeze,Installation of one 280 sf wall sign and one 65 sf canopy sign for Fresh International Market,no,non_housing,non_residential,rule,,,,NONE,dimensional_variance,919.03,V|919.03.M.6;V|919.03.M.6.c;V|919.03.M.6.a,AC,Approved with conditions,approved,"auto (regex on decision paragraph, reviewed)","The Applicant’s request for variances from Sections 919.03.M.6 and 919.03.M.6.c to allow for the installation of a 280 sf wall sign on the front façade and a canopy sign, which would project above the entrance canopy with 37” high letters, as described to the Board, is hereby APPROVED, subject to the condition that no additional signage is proposed.",40.449739,-79.894632,parcel_centroid_wprdc,https://www.pittsburghpa.gov/files/assets/city/v/1/dcp/documents/zoning-board-of-adjustment/25485_7511_thomas_boulevard_-_81_of_2024.pdf,pittsburghpa.gov (migrated file; link found on archived dcp/zba page),,
45 of 2024,DCP-ZDR-2024-01125,2024,2024-06-06,,2024-07-25,49,5865-5869 Centre Avenue,"84-E-242, 84-E-236",0084E00242000000,UNC,UNC,8,East Liberty,"Change of use to warehouse, residential storge",no,non_housing,non_residential,manual,,,,NONE,dimensional_variance|special_exception,921.02,SE|921.02.A.4;SE|921.02.A.1;V|921.02.A.1(a),AC,Approved with conditions,approved,"auto (regex on decision paragraph, reviewed)","The Applicant’s request for approval of the change of the nonconforming use of the structures on the Subject Property from “Warehouse (limited)” to “Warehouse, Residential Storage,” to allow the expansion of the self-storage facility use on Parcel No. 84-E-23, is hereby APPROVED, subject to the condition that no additional identification signage for the combined use is located on the Subject Property.",40.458736,-79.930103,parcel_centroid_wprdc,https://www.pittsburghpa.gov/files/assets/city/v/1/dcp/documents/zoning-board-of-adjustment/25501_5869_centre_avenue_-_45_of_2024.pdf,pittsburghpa.gov (migrated file; link found on archived dcp/zba page),,multiple parcels captioned; point is first matched parcel
42 of 2024,DCP-ZDR-2023-11106,2024,2024-05-16,,2024-07-26,71,1017 McCartney Street,"19-S-152, 153, 207",0019S00152000000,"UI, LNC",UI,20,West End,Change of use for Public Assembly (Limited),no,non_housing,non_residential,manual,,,,NONE,dimensional_variance|special_exception,911.02|911.04|912.01|914.09,SE|911.02;SE|911.04.A.5;V|912.01.D;V|914.09.D;V|914.09.B,AC,Approved with conditions,approved,"auto (regex on decision paragraph, reviewed)","The Applicant’s requests for a special exception pursuant to Sections 911.02 and 911.04.A.5 to allow the public assembly (limited) use on the 1017 McCartney Street parcel; and variances from Sections 912.01.D and 914.09.D, to allow the use of the 422 Greentree Road parcel for parking for the public assembly use are APPROVED, subject to the conditions that the maximum capacity for all events is limited to 58 persons and any expansion of the use to accommodate larger events shall be subject to add",40.435275,-80.034181,parcel_centroid_wprdc,https://www.pittsburghpa.gov/files/assets/city/v/1/dcp/documents/zoning-board-of-adjustment/25500_1017_mccartney_street_-_42_of_2024.pdf,pittsburghpa.gov (migrated file; link found on archived dcp/zba page),,
131 of 2024,BDA-2024-01367,2024,2024-09-12,,2024-10-05,23,125 1st Avenue,1-G-201,0001G00201000000,GT-C,GT,1,Central Business District,Change in use from office to single family residential,yes,housing_units,single_detached,manual,0,1,1,CONV,use_variance,911.02,V|911.02,A,Approved,approved,"auto (regex on decision paragraph, reviewed)",The Applicant’s request for a variance from Section 911.02 to allow the use of the building on the Subject Property as a single unit residential use is hereby APPROVED.,40.438901,-80.004479,parcel_centroid_wprdc,https://web.archive.org/web/20250222113615/https://www.pittsburghpa.gov/files/assets/city/v/1/dcp/documents/zoning-board-of-adjustment/125-1st-avenue-131-of-2024-1.pdf,Internet Archive (Wayback),,office to single-unit residential
122 of 2024,DCP-ZDR-2024-00166,2024,2024-09-05,,2024-10-07,32,5734 Walnut Street,85-A-212,0085A00212000000,R2-M,R2,7,Shadyside,Change use to two residential units,yes,housing_units,two_unit,manual,1,2,1,LEGAL,dimensional_variance,903.03,V|903.03.C.2,A,Approved,approved,"auto (regex on decision paragraph, reviewed)",The Applicant’s request for a variance from Section 903.03.C.2 to allow the use of the Subject Property for two dwelling units is hereby APPROVED.,40.452347,-79.9292,parcel_centroid_wprdc,https://web.archive.org/web/20250222101244/https://www.pittsburghpa.gov/files/assets/city/v/1/dcp/documents/zoning-board-of-adjustment/5734-walnut-street-122-of-2024-1.pdf,Internet Archive (Wayback),,existing second unit from 1990s addition
124 of 2024,DCP-ZDR-2023-08730,2024,2024-09-05,,2024-10-07,32,5338 Kincaid Street,50-M-59,0050M00059000000,R1D-H,R1D,10,Garfield,Construction of new Deck,yes,residential_accessory,single_detached,auto (text match; dwelling type often not stated),,,,NONE,dimensional_variance,903.03,V|903.03.D.2,D,Denied,denied,"auto (regex on decision paragraph, reviewed)",The Applicant’s request for a variance from Section 903.03.D.2 to construct a deck with limited side setbacks is hereby DENIED.,40.466218,-79.936726,parcel_centroid_wprdc,https://web.archive.org/web/20250222121705/https://www.pittsburghpa.gov/files/assets/city/v/1/dcp/documents/zoning-board-of-adjustment/5338-kincaid-124-of-2024-1.pdf,Internet Archive (Wayback),,
130 of 2024,DCP-ZDR-2024-00277,2024,2024-09-05,,2024-10-07,32,141 Republic Street,6-F-241,0006F00241000000,R1D-M,R1D,19,Duquesne Heights,Parking Pad,yes,residential_accessory,single_detached,auto (text match; dwelling type often not stated),,,,NONE,dimensional_variance,912.04,V|912.04.L.3;V|912.04.L,AC,Approved with conditions,approved,"auto (regex on decision paragraph, reviewed)","The Applicant’s request for a variance from Section 912.04.L.3 to construct a parking pad in the front yard is hereby APPROVED, subject to the condition that screening and landscaping shall be provided, as presented to the Board.",40.440452,-80.024769,parcel_centroid_wprdc,https://web.archive.org/web/20250221205505/https://www.pittsburghpa.gov/files/assets/city/v/1/dcp/documents/zoning-board-of-adjustment/141-republic-street-130-of-2024-1.pdf,Internet Archive (Wayback),,
132 of 2024,DCP-ZDR-2024-05484,2024,2024-09-05,,2024-10-07,32,4618 Friendship Avenue,49-S-162,0049S00162000000,R1A-H,R1A,9,Bloomfield,Change of use to co-working maker space,no,non_housing,non_residential,rule,,,,NONE,special_exception,921.02,SE|921.02.A.4,A,Approved,approved,"auto (regex on decision paragraph, reviewed)","The Applicant’s request for a special exception pursuant to Section 921.02.A.4 to allow the use of the Subject Property for the co-working space, which is an art or music studio use, with operations as described to the Board, is hereby APPROVED.",40.464084,-79.949981,parcel_centroid_wprdc,https://web.archive.org/web/20250221204757/https://www.pittsburghpa.gov/files/assets/city/v/1/dcp/documents/zoning-board-of-adjustment/4618-friendship-ave-132-of-2024-1.pdf,Internet Archive (Wayback),,
125 of 2024,DCP-ZDR-2024-05169,2024,2024-09-05,,2024-10-08,33,Plummer Street,80-K-244-A,0080K00244000000,R1A-H,R1A,9,Central Lawrenceville,New Single Family House,yes,housing_units,single_detached,manual,0,1,1,NEW,dimensional_variance,903.03|912.04|925.06,V|903.03.E;V|912.04.L.3;V|925.06.C;V|912.04.L,S,Split,split,"auto (regex on decision paragraph, reviewed)",The Applicant’s request for a variance from Sections 903.03.E/925.06.C to allow the construction of a house with 0’ interior side setbacks is hereby APPROVED and the request for a variance from Section 912.04.L.3 to allow construction of a carport with a 0’ front setback is hereby DENIED.,40.474685,-79.959398,parcel_centroid_wprdc,https://web.archive.org/web/20250222141116/https://www.pittsburghpa.gov/files/assets/city/v/1/dcp/documents/zoning-board-of-adjustment/plummer-street-125-of-2024-1.pdf,Internet Archive (Wayback),,"house approved, carport denied"
129 of 2024,DCP-ZDR-2024-02267,2024,2024-09-12,,2024-10-15,33,262 Mckee Place,"28-F-314, 310, 308, 306, 304, 302",0028F00314000000,UC-E,UC,4,Central Oakland,Accessory parking carousels,no,non_housing,non_residential,manual,,,,NONE,dimensional_variance,912.04,V|912.04.E,A,Approved,approved,"auto (regex on decision paragraph, reviewed)","The Applicant’s request for a variance from Section 912.04.E to allow the construction of four 61’ high parking carousels on the Subject Property, as described to the Board, is hereby APPROVED.",40.438803,-79.958819,parcel_centroid_wprdc,https://web.archive.org/web/20250222154342/https://www.pittsburghpa.gov/files/assets/city/v/1/dcp/documents/zoning-board-of-adjustment/262-mckee-place-129-of-2024-1.pdf,Internet Archive (Wayback),,
133 of 2024,BDA-2024-00234,2024,2024-09-05,,2024-10-15,40,211 - 247 North Shore Drive,8-K-30,0008K00030000000,RIV-NS,RIV,22,North Shore,Installation of two high wall signs for Edgar Snyder & Associates,no,non_housing,non_residential,rule,,,,NONE,dimensional_variance,919.03,V|919.03.M.7(c),AC,Approved with conditions,approved,"auto (regex on decision paragraph, reviewed)","The Applicant’s request for a variance from Section 919.03.M.7(c) to allow the installation of two high wall signs for Edgar Snyder and Associates, as presented to the Board, is hereby APPROVED, subject to the condition that no additional tenant signage shall be permitted on the building above the height of 40’ above grade.",40.446313,-80.007906,parcel_centroid_wprdc,https://web.archive.org/web/20250221204538/https://www.pittsburghpa.gov/files/assets/city/v/1/dcp/documents/zoning-board-of-adjustment/225-north-shore-drive-133-of-2024-1.pdf,Internet Archive (Wayback),,
137 of 2024,DCP-ZDR-2024-05162,2024,2024-09-19,,2024-10-18,29,2510 Baldwick Road,39-L-145,0039L00145000000,LNC,LNC,28,Oakwood,Change of use to laundromat Application: DCP-ZDR-2024-05162,no,non_housing,non_residential,rule,,,,NONE,special_exception,911.02|911.04,SE|911.02;SE|911.04.A.67,A,Approved,approved,"auto (regex on decision paragraph, reviewed)","The Applicant’s request for a special exception pursuant to Sections 911.02 and 911.04.A.67 to allow use of the Subject Property for a laundry service use, as described to the Board, is hereby APPROVED.",40.427305,-80.057288,parcel_centroid_wprdc,https://web.archive.org/web/20250222104949/https://www.pittsburghpa.gov/files/assets/city/v/1/dcp/documents/zoning-board-of-adjustment/2510-baldwick-road-137-of-2024-1.pdf,Internet Archive (Wayback),,
139 of 2024,BDA-2024-02439,2024,2024-09-19,,2024-10-23,34,132 - 134 Prospect Street,4-F-217,0004F00217000000,R2-H,R2,19,Mount Washington,Construction of two attached houses,yes,housing_units,single_attached,manual,0,2,2,NEW,dimensional_variance,903.03,V|903.03.D.2,A,Approved,approved,"auto (regex on decision paragraph, reviewed)",The Applicant’s request for a variance from Section 903.03.D.2 to allow the construction of two attached houses with 0’ interior side setbacks along the shared property line is hereby APPROVED.,40.42871,-80.00983,parcel_centroid_wprdc,https://web.archive.org/web/20250221213720/https://www.pittsburghpa.gov/files/assets/city/v/1/dcp/documents/zoning-board-of-adjustment/132-prospect-street-139-of-2024-1.pdf,Internet Archive (Wayback),,
141 of 2024,DCP-LOT-2024-00544,2024,2024-09-19,,2024-10-23,34,5126 Natrona Way,80-G-274,0080G00274000000,R1A-VH,R1A,10,Upper Lawrenceville,Subdivision,yes,residential_accessory,other_residential,manual,,,,NONE,dimensional_variance,903.03|926.12,V|926.129;V|903.03.E.2,AC,Approved with conditions,approved,"auto (regex on decision paragraph, reviewed)","The Applicant’s request for variances from Sections 926.129 and 903.03.E.2 to allow for the subdivision of the Subject Property into two 1,000 sf lots is hereby APPROVED, subject to the condition of further review of any relief required for a proposed structure on the Keystone Street parcel.",40.478134,-79.953859,parcel_centroid_wprdc,https://web.archive.org/web/20250222143837/https://www.pittsburghpa.gov/files/assets/city/v/1/dcp/documents/zoning-board-of-adjustment/5126-natrona-way-141-of-2024-1.pdf,Internet Archive (Wayback),,subdivision
134 of 2024,DCP-ZDR-2024-05916,2024,2024-10-03,,2024-10-28,25,325 32nd Street,25-D-164,0025D00164000000,UI,UI,6,Strip District,New construction of multi-unit residential building,yes,housing_units,multi_unit,manual,0,49,49,NEW,special_exception,904.07|911.02,SE|911.02;SE|904.07.C.4;SE|904.07.C.5,A,Approved,approved,"auto (regex on decision paragraph, reviewed)","The Applicant’s request for special exceptions pursuant to Sections 911.02, 904.07.C.4 and 904.07.C.5 to allow the construction of a 73’-10” high multi-unit residential building with a 4.42:1 FAR is hereby APPROVED.",40.460621,-79.96923,parcel_centroid_wprdc,https://web.archive.org/web/20250222112831/https://www.pittsburghpa.gov/files/assets/city/v/1/dcp/documents/zoning-board-of-adjustment/325-32nd-street-134-of-2024.pdf,Internet Archive (Wayback),,unit count from findings text
136 of 2024,DCP-ZDR-2022-13018,2024,2024-09-19,,2024-10-28,39,1309 Muldowney Avenue,184-J-135,0184J00135000000,LNC,LNC,31,Lincoln Place,Use of site for accessory parking for vehicle repair business located at 1807 Mifflin Road,no,non_housing,non_residential,rule,,,,NONE,dimensional_variance,912.01|914.09,V|912.01.D;V|914.09.C,AC,Approved with conditions,approved,"auto (regex on decision paragraph, reviewed)","The Applicant’s request for variances from Sections 912.01.D and 914.09.C is hereby APPROVED, subject to the condition that the curb cut on Beggs Street shall be reviewed and approved by the Department of Mobility and Infrastructure (DOMI).",40.368826,-79.913515,parcel_centroid_wprdc,https://web.archive.org/web/20250222125903/https://www.pittsburghpa.gov/files/assets/city/v/1/dcp/documents/zoning-board-of-adjustment/1309-muldowney-avenue-136-of-2024.pdf,Internet Archive (Wayback),,
144 of 2024,BDA-2024-01454,2024,2024-10-10,,2024-10-28,18,106 South Linden Avenue,126-B-11,0126B00011000000,R1D-L,R1D,14,Point Breeze,6’ high fence in exterior side and rear yard,yes,residential_accessory,single_detached,auto (text match; dwelling type often not stated),,,,NONE,dimensional_variance,912.04,V|912.04.K;V|912.04.L,AC,Approved with conditions,approved,"auto (regex on decision paragraph, reviewed)","The Applicant’s request for a variance from Section 912.04.K to allow a 6’ high fence along the exterior side property line of the Subject Property is hereby APPROVED, subject to the condition that the fence does not extend beyond the existing 21’ setback from the Linden Avenue property line.",40.452616,-79.910817,parcel_centroid_wprdc,https://web.archive.org/web/20250221204428/https://www.pittsburghpa.gov/files/assets/city/v/1/dcp/documents/zoning-board-of-adjustment/106-south-linden-144-of-2024-1.pdf,Internet Archive (Wayback),,
147 of 2024,BDA-2024-00107,2024,2024-10-17,,2024-11-02,16,214 Provost Road,138-P-20,0138P00020000000,R1D-L,R1D,32,Overbrook,Use of existing 2 story garage,yes,residential_accessory,single_detached,manual,,,,NONE,dimensional_variance,912.04,V|912.04.E,AC,Approved with conditions,approved,"auto (regex on decision paragraph, reviewed)","The Applicant’s request from Section 912.04.E to allow the use of the 2- story/17’ high garage is hereby APPROVED, subject to the condition that the second story is not used for an additional residential unit on the parcel.",40.377298,-79.994449,parcel_centroid_wprdc,https://web.archive.org/web/20250222102058/https://www.pittsburghpa.gov/files/assets/city/v/1/dcp/documents/zoning-board-of-adjustment/214-provost-road-147-of-2024.pdf,Internet Archive (Wayback),,garage
143 of 2024,DCP-ZDR-2024-03359,2024,2024-10-17,,2024-11-04,18,3820 Perrysville Avenue,115-H-51,0115H00051000000,R1D-M,R1D,26,Perry North,Change of use to three dwelling units,yes,housing_units,three_unit,manual,2,3,1,CONV,special_exception,921.02,SE|921.02.A.4,A,Approved,approved,"auto (regex on decision paragraph, reviewed)",The Applicant’s request for a special exception pursuant to Section 921.02.A.4 to allow the conversion of the ground floor dental office space into an additional dwelling unit is hereby APPROVED.,40.488119,-80.016269,parcel_centroid_wprdc,https://web.archive.org/web/20250222101709/https://www.pittsburghpa.gov/files/assets/city/v/1/dcp/documents/zoning-board-of-adjustment/3820-perrysville-ave-143-of-2024.pdf,Internet Archive (Wayback),,
150 of 2024,BDA-2024-00496,2024,2024-10-17,,2024-11-04,18,5414 Second Avenue,57-B-103,0057B00103000000,UI,UI,15,Hazelwood,Use of second floor of an existing mixed-use building as a dwelling unit,yes,housing_units,two_unit,manual,2,2,0,LEGAL,nonconforming_review,911.02,V|911.02,NC,Nonconforming status confirmed,approved,"auto (regex on decision paragraph, reviewed)",The use of the structure for two residential units is legally nonconforming and may continue.,40.402241,-79.941683,parcel_centroid_wprdc,https://web.archive.org/web/20250222144301/https://www.pittsburghpa.gov/files/assets/city/v/1/dcp/documents/zoning-board-of-adjustment/5414-second-avenue-150-of-2024.pdf,Internet Archive (Wayback),,"relief table listed nonconforming_review|use_variance; Board found use legally nonconforming, so relief_type set to nonconforming_review"
149 of 2024,DCP-ZDR-2024-05628,2024,2024-10-17,,2024-11-05,19,3129 Liberty Avenue,25-H-7,0025H00007000000,UI,UI,6,Strip District,Off-site parking for multi-unit residential building,yes,residential_accessory,multi_unit,manual,,,,NONE,aapp_parking|dimensional_variance,914.07,SE|914.07.G.2;V|914.07.G.2.a.1;SE|914.07.G.2(a),A,Approved,approved,"auto (regex on decision paragraph, reviewed)",The Applicant’s request for a special exception pursuant to Section 914.07.G.2 and a variance from Section 914.07.G.2.a.1 to allow the use of 3 off-site parking spaces for the multi-unit residential use located at 3129 Liberty Avenue is hereby APPROVED.,40.459988,-79.970003,parcel_centroid_wprdc,https://web.archive.org/web/20250222123652/https://www.pittsburghpa.gov/files/assets/city/v/1/dcp/documents/zoning-board-of-adjustment/3129-liberty-avenue-149-of-2024.pdf,Internet Archive (Wayback),,off-site parking for multi-unit building
135 of 2024,DCP-ZDR-2024-03947,2024,2024-10-03,,2024-11-15,43,6111 Walnut Street,84-L-276,0084L00276000000,R1A-H,R1A,7,Shadyside,New Construction of 6-unit multi-unit residential structure,yes,housing_units,multi_unit,manual,0,6,6,NEW,use_variance,911.02,V|911.02,D,Denied,denied,"auto (regex on decision paragraph, reviewed)",The Applicant’s request for a variance from Section 911.02 to allow the proposed use of the property for a multi-unit residential use for six units is hereby DENIED.,40.455168,-79.924151,parcel_centroid_wprdc,https://web.archive.org/web/20241130092755/https://www.pittsburghpa.gov/files/assets/city/v/1/dcp/documents/zoning-board-of-adjustment/6111-walnut-street-135-of-2024-1.pdf,Internet Archive (Wayback),,
140 of 2024,BDA-2024-02185,2024,2024-10-10,,2024-11-15,36,5642 Bryant Street,82-L-156,0082L00156000000,R2-M,R2,11,Highland Park,"Change of use of 1,000 sf on first floor of existing residential structure to retail sales and services (limited) for Whisker Wonderland Cat Lounge and Adoption Center",no,non_housing,non_residential,manual,,,,NONE,dimensional_variance|use_variance,911.02|912.05,V|911.02;V|912.05,D,Denied,denied,"auto (regex on decision paragraph, reviewed)","The Applicant’s request for a variance from Section 911.02 and/or Section 912.05 to allow the use of the Subject Property for a cat lounge and adoption center, as described to the Board, is hereby DENIED.",40.476419,-79.922169,parcel_centroid_wprdc,https://web.archive.org/web/20250222113010/https://www.pittsburghpa.gov/files/assets/city/v/1/dcp/documents/zoning-board-of-adjustment/5642-bryant-street-140-of-2024.pdf,Internet Archive (Wayback),,
105 of 2024,DCP-ZDR-2024-04455,2024,2024-10-10,,2024-11-25,46,115 57th Street,120-J-210,0120J00210000000,H,H,10,Stanton Heights,Renovation of existing structure for child care (general) use,no,non_housing,non_residential,manual,,,,NONE,special_exception,911.02,SE|911.02,AC,Approved with conditions,approved,"auto (regex on decision paragraph, reviewed)","The Applicant’s request for a special exception pursuant to Section 911.02 to allow the use of the Subject Property for a child care (general) use is hereby APPROVED, subject to the condition that the Department of Mobility and Infrastructure (DOMI) shall review and approve a Transportation Impact Study that includes a traffic management plan for the facility and a contingency plan intended to address the potential need to secure additional parking.",40.4848,-79.945642,parcel_centroid_wprdc,https://web.archive.org/web/20250222111129/https://www.pittsburghpa.gov/files/assets/city/v/1/dcp/documents/zoning-board-of-adjustment/115-57th-street-case-105-of-2024-2.pdf,Internet Archive (Wayback),,
155 of 2024,BDA-2024-04695,2024,2024-11-14,,2024-11-25,11,3208 Juliet Street,29-C-124,0029C00124000000,R1A-H,R1A,4,South Oakland,Use of building for two residential units,yes,housing_units,two_unit,manual,2,2,0,LEGAL,nonconforming_review,911.02,V|911.02,NC,Nonconforming status confirmed,approved,"auto (regex on decision paragraph, reviewed)",The use of the Subject Property for two units may continue as a legal nonconforming use in the R1A-H District.,40.431865,-79.956282,parcel_centroid_wprdc,https://web.archive.org/web/20250222121242/https://www.pittsburghpa.gov/files/assets/city/v/1/dcp/documents/zoning-board-of-adjustment/3208-juliet-street-155-of-2024-2.pdf,Internet Archive (Wayback),,"relief table listed nonconforming_review|use_variance; Board found use legally nonconforming, so relief_type set to nonconforming_review"
151 of 2024,DCP-ZDR-2024-04339,2024,2024-11-07,,2024-11-27,20,621 Lenora Street,124-E-317,0124E00317000000,H,H,12,Larimer,Use of structure for two residential units,yes,housing_units,two_unit,manual,2,2,0,LEGAL,nonconforming_review,911.02,V|911.02,NC,Nonconforming status confirmed,approved,"auto (regex on decision paragraph, reviewed)",The use of the Subject Property for two-unit residential is legally non- conforming and may continue.,40.46778,-79.912246,parcel_centroid_wprdc,https://web.archive.org/web/20250222105857/https://www.pittsburghpa.gov/files/assets/city/v/1/dcp/documents/zoning-board-of-adjustment/621-lenora-street-151-of-2024-1.pdf,Internet Archive (Wayback),,"relief table listed nonconforming_review|use_variance; Board found use legally nonconforming, so relief_type set to nonconforming_review"
153 of 2024,DCP-ZDR-2024-06098,2024,2024-11-07,,2024-11-27,20,5345 Broad Street,50-M-80,0050M00080000000,R1D-H,R1D,10,Garfield,New Construction of House,yes,housing_units,single_detached,manual,0,1,1,NEW,dimensional_variance,903.03,V|903.03.D.2,A,Approved,approved,"auto (regex on decision paragraph, reviewed)",The Applicant’s request for variances from Section 903.03.D.2 to allow for the construction of a house and accessory deck with the limited side setbacks described is hereby APPROVED.,40.465845,-79.936509,parcel_centroid_wprdc,https://web.archive.org/web/20250221210048/https://www.pittsburghpa.gov/files/assets/city/v/1/dcp/documents/zoning-board-of-adjustment/5345-broad-street-153-of-2024-1.pdf,Internet Archive (Wayback),,
160 of 2024,DCP-ZDR-2024-04053,2024,2024-11-07,,2024-11-27,20,711 Forbes Avenue,2-F-335,0002F00335000000,EMI,EMI,1,Bluff,High Wall Sign,no,non_housing,non_residential,rule,,,,NONE,dimensional_variance,919.03,V|919.03.M.3,A,Approved,approved,"auto (regex on decision paragraph, reviewed)","The Applicant’s request for a variance from Section 919.03.M.3 to allow for the installation of two 80 sf wall signs, at a height 49’ from grade is hereby APPROVED.",40.438244,-79.992076,parcel_centroid_wprdc,https://web.archive.org/web/20250222112846/https://www.pittsburghpa.gov/files/assets/city/v/1/dcp/documents/zoning-board-of-adjustment/711-forbes-ave-160-of-2024-1.pdf,Internet Archive (Wayback),,
138 of 2024,DCP-ZDR-2024-03618,2024,2024-11-07,,2024-12-11,34,822 -818 Brownsville Road,33-K-205,0033K00205000000,LNC,LNC,30,Knoxville,Change of use for automobile sales,no,non_housing,non_residential,rule,,,,NONE,special_exception|use_variance,911.02|911.04,SE|911.02;V|911.04.A.75,AC,Approved with conditions,approved,"auto (regex on decision paragraph, reviewed)","The Applicant’s request for a special exception pursuant to Section 911.02/911.04.A.75 to permit the use of the subject for vehicle sales (limited), as described to the Board, is hereby APPROVED, subject to the condition that no vehicles shall be stored within the public right-of-way.",40.407856,-79.991891,parcel_centroid_wprdc,https://web.archive.org/web/20250221210155/https://www.pittsburghpa.gov/files/assets/city/v/1/dcp/documents/zoning-board-of-adjustment/822-brownsville-road-138-of-2024-1.pdf,Internet Archive (Wayback),,
158 of 2024,BDA-2024-03617,2024,2024-11-14,,2024-12-11,27,428 N. Craig,"26-S-57, 26-M-56",0026S00057000000,UI,UI,5,North Oakland,Off-site parking,no,non_housing,non_residential,rule,,,,NONE,aapp_parking,914.07,SE|914.07.G.2,AC,Approved with conditions,approved,"auto (regex on decision paragraph, reviewed)","The Applicant’s request for a special exception pursuant to Section 914.07.G.2 to allow 20 off-site parking spaces for the religious assembly use to be located within the existing parking garage located at 435 Melwood Avenue is hereby APPROVED, subject to the condition that the off-site parking agreement shall be filed.",40.455151,-79.95369,parcel_centroid_wprdc,https://web.archive.org/web/20250222101827/https://www.pittsburghpa.gov/files/assets/city/v/1/dcp/documents/zoning-board-of-adjustment/428-n-craig-street-158-of-2024-1.pdf,Internet Archive (Wayback),,multiple parcels captioned; point is first matched parcel
161 of 2024,BDA-2024-05239,2024,2024-11-14,,2024-12-11,27,5130 Bigelow Boulevard,27-R-110,0027R00110000000,EMI,EMI,4,North Oakland,"Use of 3,399 sf on ground floor for restaurant (general)",no,non_housing,non_residential,rule,,,,NONE,special_exception,911.02|911.04,SE|911.04.A.57;SE|911.02,A,Approved,approved,"auto (regex on decision paragraph, reviewed)","The Applicant’s request for a special exception pursuant to Section 911.04.A.57 to allow a 3,399 restaurant (general) use is hereby APPROVED.",40.445159,-79.954852,parcel_centroid_wprdc,https://web.archive.org/web/20250222171502/https://www.pittsburghpa.gov/files/assets/city/v/1/dcp/documents/zoning-board-of-adjustment/5130-bigelow-blvd-161-of-2024-1.pdf,Internet Archive (Wayback),,
154 of 2024,Variance                                 Section 921.02.A.4                       Change of non-conforming,2024,2024-11-14,,2024-12-13,29,45 Bates Street,29-B-118,0029B00118000000,H,H,4,South Oakland,Change of use to retail sales and services (general),no,non_housing,non_residential,rule,,,,NONE,special_exception,921.02,SE|921.02.A.4,A,Approved,approved,"auto (regex on decision paragraph, reviewed)","The Applicant’s request for a special exception pursuant to Section 921.02.A.4 to allow the use of the Subject Property for the retail sales and services (general) use, with operations as described to the Board, is hereby APPROVED.",40.432031,-79.958822,parcel_centroid_wprdc,https://web.archive.org/web/20250221204701/https://www.pittsburghpa.gov/files/assets/city/v/1/dcp/documents/zoning-board-of-adjustment/45-bates-street-154-of-2024-1.pdf,Internet Archive (Wayback),,
148 of 2024,"BDA-2024-03554, BDA-2024-03579, BDA-2024-03580",2024,2024-11-21,,2024-12-31,40,2305 Bedford Avenue,10-F-210,0010F00210000000,RM-M,RM,5,Bedford Dwellings,New residential development: • Phase 2a: 70 multi-family townhouses and apartments; • Phase 2b: 60-unit senior apartment building • Phase 2c: 50-unit multi-unit residential building,yes,housing_units,senior/elderly,manual,0,180,180,NEW,dimensional_variance|special_exception,903.03|911.02|914.02,V|903.03.C.2;V|914.02;SE|911.02,A,Approved,approved,"auto (regex on decision paragraph, reviewed)","The Applicant’s request for variances from Sections 903.03.C.2 and 914.02, and a special exception pursuant to Sections 911.02/911.04.35 to allow the development of a housing complex containing senior housing, as described to the Board, is hereby APPROVED.",40.451386,-79.973863,parcel_centroid_wprdc,https://web.archive.org/web/20250222123805/https://www.pittsburghpa.gov/files/assets/city/v/1/dcp/documents/zoning-board-of-adjustment/2305-bedford-avenue-148-of-2024.pdf,Internet Archive (Wayback),,complex: 70 townhouses/apartments + 60 senior + 50 multi-unit
183 of 2024,BDA-2024-07969,2025,2025-01-09,,2025-02-05,27,Broadhead Fording Road,70-J-126,0070J00126000000,"P, R1D-L",P,28,Fairywood,Senior Housing/Multi-Unit Residential,yes,housing_units,senior/elderly,manual,0,48,48,NEW,use_variance,911.02,V|911.02,AC,Approved with conditions,approved,"auto (regex on decision paragraph, reviewed)","The Applicant’s request for a variance from Section 911.02 to allow for the construction of a 48-unit multi-unit residential structure on the Subject Property is hereby APPROVED, subject to these conditions: • Landscaping and screening shall be provided around all sides of the proposed structure, in accordance with an a landscaping plan approved by the Department of City Planning; and • The residential units are to be oriented towards the interior courtyard.",40.446684,-80.081839,parcel_centroid_wprdc,https://www.pittsburghpa.gov/files/assets/city/v/1/dcp/documents/zoning-board-of-adjustment/bda-2024-08399-broadhead-fording-rd-zba-decision-2025-01-09.pdf,pittsburghpa.gov meeting page,2025-01-09,
172 of 2024,BDA-2024-05558,2025,2025-01-02,,2025-02-10,39,482 Ridgemont Drive,18-C-180,0018C00180000000,R1D-L,R1D,20,Ridgemont,Replace existing privacy fence at rear of house,yes,residential_accessory,single_detached,manual,,,,NONE,dimensional_variance,912.04,V|912.04.k;V|912.04.K,A,Approved,approved,"auto (regex on decision paragraph, reviewed)","The Applicant’s request for a variance from Section 912.04.k to allow the 8’ high fence, as installed, is hereby APPROVED.",40.432323,-80.037222,parcel_centroid_wprdc,https://www.pittsburghpa.gov/files/assets/city/v/1/dcp/documents/zoning-board-of-adjustment/bda-2024-05558-482-ridgemont-dr-zba-decision.pdf,pittsburghpa.gov meeting page,2025-01-02,
178 of 2024,BDA-2024-06123,2025,2025-01-02,,2025-02-10,39,841 California Avenue,22-H-251,0022H00251000000,R1A-M,R1A,25,California-Kirkbride,Projecting Sign Application: BDA-2024-06123,no,non_housing,non_residential,rule,,,,NONE,dimensional_variance|nonconforming_review,919.01|919.03,REVIEW|919.01.F;V|919.03.M.8,A,Approved,approved,"auto (regex on decision paragraph, reviewed)","The Applicant’s request to install a projecting sign, as described in the findings of fact, to identify the nonconforming use of the site for offices, in an R1A-M District, is hereby APPROVED.",40.459315,-80.018008,parcel_centroid_wprdc,https://www.pittsburghpa.gov/files/assets/city/v/1/dcp/documents/zoning-board-of-adjustment/bda-2024-06123-841-california-ave-zba-decision.pdf,pittsburghpa.gov meeting page,2025-01-02,
177 of 2024,BDA-2024-06356,2025,2025-01-09,,2025-02-17,39,2515 Banksville Road,36-S-27,0036S00027000000,NDI,NDI,20,Banksville,Grocery Store,no,non_housing,non_residential,rule,,,,NONE,special_exception,911.02|911.04,SE|911.02;SE|911.04.A.83,A,Approved,approved,"auto (regex on decision paragraph, reviewed)","The Applicant’s request for a special exception pursuant to Section 911.02 and 911.04.A.83 to allow the grocery store (general) use, as described to the Board, is hereby APPROVED.",40.405854,-80.035761,parcel_centroid_wprdc,https://www.pittsburghpa.gov/files/assets/city/v/1/dcp/documents/zoning-board-of-adjustment/bda-2024-06356-2515-banksville-rd-zba-decision.pdf,pittsburghpa.gov meeting page,2025-01-09,
82 of 2024,DCP-ZDR-2024-03521,2025,2025-01-16,,2025-02-21,36,5850 & 5850 ½ Forward Avenue,87-G-160,0087G00160000000,"LNC, RM-M",LNC,14,Squirrel Hill South,Change of non-conforming use from Magistrates office to retail sales and services,no,non_housing,non_residential,rule,,,,NONE,special_exception,921.02,SE|921.02.A.4,A,Approved,approved,"auto (regex on decision paragraph, reviewed)","The Applicant’s request for a special exception pursuant to Section 921.02.A.4 to allow the use of the Subject Property for the retail sales and services use, with operations as described to the Board, is hereby APPROVED.",40.429138,-79.922046,parcel_centroid_wprdc,https://www.pittsburghpa.gov/files/assets/city/v/1/dcp/documents/zoning-board-of-adjustment/dcp-zdr-2024-03521-5850-forward-ave-zba-decision.pdf,pittsburghpa.gov meeting page,2025-01-16,
164 of 2024,BDA-2024-04976,2025,2025-01-16,,2025-02-27,42,4746 Plummer Street,80-K-278,0080K00278000000,LNC,LNC,9,Central Lawrenceville,Advertising sign for Lawrence Hall,no,non_housing,non_residential,rule,,,,NONE,dimensional_variance,919.02,V|919.02.B,AC,Approved with conditions,approved,"auto (regex on decision paragraph, reviewed)","The request for a variance from Section 919.02.B to allow the use of the Subject Property for an advertising sign, only as associated with Lawrence Hall and for the primary purpose of identifying the food hall’s parking area, is hereby APPROVED, subject to the condition that the Board must review and approve the proposed replacement sign face.",40.475616,-79.95781,parcel_centroid_wprdc,https://www.pittsburghpa.gov/files/assets/city/v/1/dcp/documents/zoning-board-of-adjustment/bda-2024-04976-4746-plummer-st-zba-decision.pdf,pittsburghpa.gov meeting page,2025-01-16,
168 of 2025,BDA-2025-11244,2025,2025-02-05,,2025-03-07,30,307 N. Taylor Avenue,23-K-187,0023K00187000000,R1A-H,R1A,22,Central Northside,Renovation of building for bakery,no,non_housing,non_residential,manual,,,,NONE,special_exception,921.02,SE|921.02.A.4,AC,Approved with conditions,approved,2026 hand-coded sample,"The Applicant’s request for a special exception pursuant to Section 921.02.A.4 to allow the renovation of the structure on the Subject Property for the bakery/retail sales use, as described to the Board, is hereby APPROVED, subject to the condition that a ventilation system, which is designed to limit the emission of odors, is installed.",40.456715,-80.010459,parcel_centroid_wprdc,https://www.pittsburghpa.gov/files/assets/city/v/1/dcp/documents/zoning-board-of-adjustment/307-n-taylor-avenue-165-of-2025.pdf,pittsburghpa.gov meeting page,2026-02-05,file name says 165 of 2025; PDF caption says 168 of 2025
172 of 2024,BDA-2024-05978,2025,2025-01-02,,2025-03-10,67,6345 Marchand Street,84-M-36,0084M00036000000,R2-M,R2,7,Shadyside,New Construction of four-unit multi-unit residential structure,yes,housing_units,multi_unit,manual,0,4,4,NEW,dimensional_variance|use_variance,903.03|911.02,V|903.03;V|911.02;V|903.03.C.2,A,Approved,approved,"auto (regex on decision paragraph, reviewed)",The Applicant’s request for variances from Section 903.03 and 911.02 to allow the development of a four-unit residential structure on the Subject Property with a limited rear setback is hereby APPROVED.,40.456775,-79.920044,parcel_centroid_wprdc,https://www.pittsburghpa.gov/files/assets/city/v/1/dcp/documents/zoning-board-of-adjustment/bda-2024-05978-6345-marchand-street-zba-decision.pdf,pittsburghpa.gov meeting page,2025-01-02,
128 of 2024,DCP-ZDR-2024-01488,2025,2025-02-06,,2025-03-11,33,300 Riota Way,60-R-5,0060R00005000000,R2-L,R2,29,Carrick,Use of site for construction contractor (general),no,non_housing,non_residential,manual,,,,NONE,dimensional_variance|use_variance,911.02|914.02,V|911.02;V|914.02.A,S,Split,split,"auto (regex on decision paragraph, reviewed)","The Applicant’s request for a variance from Section 911.02 to allow the permanent use of the Subject Property for a construction contractor (general) use is DENIED and the temporary use of the Subject Property for a construction contractor (general) use is hereby APPROVED, subject to the conditions that the use of the site for the construction contractor (general) use must conclude before February 2026; and that the Subject Property shall not be used to store any vehicles or materials following ",40.395458,-79.990999,parcel_centroid_wprdc,https://www.pittsburghpa.gov/files/assets/city/v/1/dcp/documents/zoning-board-of-adjustment/dcp-zdr-2023-01488-300-riota-way-zba-decision.pdf,pittsburghpa.gov meeting page,2025-02-06,
188 of 2024,BDA-2024-07803,2025,2025-02-06,,2025-03-11,33,7302-04 Hamilton Avenue,"174-N-218, 174-P-75",0174N00218000000,LNC,LNC,13,Homewood South,Restaurant,no,non_housing,non_residential,rule,,,,NONE,special_exception,911.02|911.04|916.04|916.09,SE|911.02;SE|911.04.A.57.a;SE|916.04.B;SE|916.09,AC,Approved with conditions,approved,"auto (regex on decision paragraph, reviewed)","The Applicant’s request for a special exception pursuant to Sections 911.02 and 911.04.A.57.a to allow use of the Subject Property for a 3,694 sf restaurant (general) use is hereby APPROVED; subject to the condition that the parking lot and curb cut shall be reviewed and approved by the Department of City Planning and the Department of Mobility and Infrastructure; and the request for a special exception pursuant to Sections 916.04.B and 916.09 for the dumpster location is APPROVED, subject to th",40.453941,-79.895423,parcel_centroid_wprdc,https://www.pittsburghpa.gov/files/assets/city/v/1/dcp/documents/zoning-board-of-adjustment/bda-2024-07803-7304-hamilton-avenue-zba-decision.pdf,pittsburghpa.gov meeting page,2025-02-06,multiple parcels captioned; point is first matched parcel
169 of 2024,DCP-ZDR-2024-05192,2025,2025-01-16,,2025-03-14,57,4518 Penn Avenue,49-M-146,0049M00146000000,LNC,LNC,9,Bloomfield,52-space commercial parking lot,no,non_housing,non_residential,manual,,,,NONE,use_variance,911.02,V|911.02,AC,Approved with conditions,approved,"auto (regex on decision paragraph, reviewed)","The Applicant’s request for a variance from Section 911.02 to allow the use of the Subject Property for a 52-space commercial parking (general) use is hereby APPROVED, subject to these conditions: 1) compliance the Code’s requirements for landscaping and screening; 2) compliance with DOMI’s recommendations; and 3) the 4536 Penn Avenue portion of the site, previously used for a residential structure, shall not be used for parking and shall be planted with trees, as described to the Board.",40.465931,-79.951402,parcel_centroid_wprdc,https://www.pittsburghpa.gov/files/assets/city/v/1/dcp/documents/zoning-board-of-adjustment/dcp-zdr-2024-05192-4518-penn-ave-zba-decision.pdf,pittsburghpa.gov meeting page,2025-01-16,
187 of 2024,BDA-2024-07837,2025,2025-02-06,,2025-03-19,41,2144 Lautner Street,48-F-35,0048F00035000000,R1D-H,R1D,24,Troy Hill,Greenhouse,yes,residential_accessory,other_residential,manual,,,,NONE,dimensional_variance,903.03,V|903.03.D,A,Approved,approved,"auto (regex on decision paragraph, reviewed)",The Applicant’s request for a variance from Section 903.03.D to allow the construction of a greenhouse with a 0’ exterior side setback is hereby APPROVED.,40.468754,-79.97834,parcel_centroid_wprdc,https://www.pittsburghpa.gov/files/assets/city/v/1/dcp/documents/zoning-board-of-adjustment/bda-2024-07837-2144-lautner-street-zba-decision.pdf,pittsburghpa.gov meeting page,2025-02-06,
1 of 2024,DCP-ZDR-2024-07433,2025,2025-02-13,,2025-03-26,41,449 Shaler Street,6-K-364,0006K00364000000,R1A-H,R1A,19,Duquesne Heights,Parking Pad,yes,residential_accessory,other_residential,auto (text match; dwelling type often not stated),,,,NONE,dimensional_variance,912.04,V|912.04.L.3,AC,Approved with conditions,approved,"auto (regex on decision paragraph, reviewed)",The Applicant’s request for a variance from Section 912.04.L.3 to construct a two-car gravel front-yard parking pad is hereby APPROVED; subject to the condition that the curb cut shall be reviewed and approved by the Department of Mobility and Infrastructure.,40.436138,-80.02616,parcel_centroid_wprdc,https://www.pittsburghpa.gov/files/assets/city/v/1/dcp/documents/zoning-board-of-adjustment/dcp-zdr-2024-07433-449-shaler-st-zba-decision.pdf,pittsburghpa.gov meeting page,2025-02-13,
176 of 2024,BDA-2024-06837,2025,2025-02-20,,2025-03-26,34,824 Peralta Street,24-J-432,0024J00432000000,R1A-VH,R1A,23,East Allegheny,Occupancy for two unit residential,yes,housing_units,two_unit,manual,2,2,0,LEGAL,nonconforming_review,911.02,REVIEW|911.02,NC,Nonconforming status confirmed,approved,"auto (regex on decision paragraph, reviewed)",The use of the structure for two units is legally nonconforming and may continue.,40.455655,-79.996289,parcel_centroid_wprdc,https://www.pittsburghpa.gov/files/assets/city/v/1/dcp/documents/zoning-board-of-adjustment/bda-2024-06837-824-peralta-street-zba-decision.pdf,pittsburghpa.gov meeting page,2025-02-20,
179 of 2024,BDA-2024-06648,2025,2025-02-20,,2025-03-26,34,47 Bailey Avenue,4-M-146,0004M00146000000,LNC,LNC,18,Mount Washington,Change of use to Meadery,no,non_housing,non_residential,rule,,,,NONE,use_variance,911.02,V|911.02,AC,Approved with conditions,approved,"auto (regex on decision paragraph, reviewed)","The Applicant’s request for a variance from Section 911.02 to allow the use of the Subject Property for an unlisted meadery use is hereby APPROVED, subject to the conditions that the meadery shall receive all necessary approvals from the Pennsylvania Liquor Control Board and that if the nature of the production operations changes or expands, additional approvals may be required.",40.427197,-80.003611,parcel_centroid_wprdc,https://www.pittsburghpa.gov/files/assets/city/v/1/dcp/documents/zoning-board-of-adjustment/bda-2024-06648-47-bailey-ave-zba-decision.pdf,pittsburghpa.gov meeting page,2025-02-20,
185 of 2024,BDA-2024-06953,2025,2025-02-20,,2025-03-26,34,1600 Bingham Street,12-E-284,0012E00284000000,R1A-VH,R1A,17,South Side Flats,Use of ground floor for retail sales and services use,no,non_housing,non_residential,manual,,,,NONE,nonconforming_review|special_exception,911.02|921.02,SE|921.02.A.4;REVIEW|911.02,A,Approved,approved,"auto (regex on decision paragraph, reviewed)","The Applicant’s request for a special exception pursuant to Section 921.02.A.4 to allow the change of the existing nonconforming use of the Subject Property to the retail sales and services use proposed, with operations as described to the Board, is hereby APPROVED.",40.42939,-79.982505,parcel_centroid_wprdc,https://www.pittsburghpa.gov/files/assets/city/v/1/dcp/documents/zoning-board-of-adjustment/bda-2024-06953-1600-bingham-street-zba-decision.pdf,pittsburghpa.gov meeting page,2025-02-20,
10 of 2025,BDA-2024-08505,2025,2025-03-06,,2025-04-03,28,3333 5th Avenue,28-E-120,0028E00120000000,EMI,EMI,4,West Oakland,New Signs for Carlow University,no,non_housing,non_residential,rule,,,,NONE,dimensional_variance,919.02|919.03,V|919.02.M.3;V|919.03.M.3(b),A,Approved,approved,"auto (regex on decision paragraph, reviewed)",The Applicant’s request for a variance from Section 919.02.M.3 to install one 175 sf ground sign and one 93 sf ground sign for Carlow University is hereby APPROVED.,40.439589,-79.963391,parcel_centroid_wprdc,https://www.pittsburghpa.gov/files/assets/city/v/1/dcp/documents/zoning-board-of-adjustment/bda-2024-08505-3333-5th-avenue-zba-decision.pdf,pittsburghpa.gov meeting page,2025-03-06,
12 of 2025,BDA-2024-06225,2025,2025-03-06,,2025-04-03,28,151 Shady Avenue,84-G-248,,UNC,UNC,7,Shadyside,Restaurant,no,non_housing,non_residential,rule,,,,NONE,special_exception,911.02|911.04,SE|911.04.A.57;SE|911.02,A,Approved,approved,"auto (regex on decision paragraph, reviewed)","The Applicant’s request for a special exception pursuant to Section 911.04.A.57 to allow a 2,500 restaurant (general) use on the Subject Property is hereby APPROVED.",40.458781,-79.922053,census_geocoder_address,https://www.pittsburghpa.gov/files/assets/city/v/1/dcp/documents/zoning-board-of-adjustment/bda-2024-06225-151-shady-ave-zba-decision.pdf,pittsburghpa.gov meeting page,2025-03-06,
8 of 2025,BDA-2024-02433,2025,2025-03-06,,2025-04-03,28,7119 Hamilton Avenue,174-J-36,0174J00036000000,RM-M,RM,13,Homewood South,Dumpster Enclosure,no,non_housing,non_residential,manual,,,,NONE,special_exception,916.09,SE|916.09,A,Approved,approved,"auto (regex on decision paragraph, reviewed)",The Applicant’s request for a special exception pursuant to Section 916.09 to waive the residential compatibility setback standard for dumpsters in Section 916.04.B to allow a dumpster enclosure that would be located 24’ from a residential-zoned property is hereby APPROVED.,40.455187,-79.898767,parcel_centroid_wprdc,https://www.pittsburghpa.gov/files/assets/city/v/1/dcp/documents/zoning-board-of-adjustment/bda-2024-02433-7119-hamilton-avenue-zba-decision.pdf,pittsburghpa.gov meeting page,2025-03-06,
5 of 2025,BDA-2024-07702,2025,2025-02-20,,2025-04-07,46,3163 Shady Avenue Extension,88-C-334,0088C00334000000,R2-L,R2,14,Squirrel Hill,Change of use to two-unit residential,yes,housing_units,two_unit,manual,1,2,1,LEGAL,dimensional_variance,903.03|914.02,V|903.03.C.2;V|903.03.B.2;V|914.02.A,A,Approved,approved,"auto (regex on decision paragraph, reviewed)",The Applicant’s request for a variance from Section 903.03.C.2 to allow the use of the Subject Property for two dwelling units is hereby APPROVED. No additional units on the parcel will be permitted.,40.42143,-79.923699,parcel_centroid_wprdc,https://www.pittsburghpa.gov/files/assets/city/v/1/dcp/documents/zoning-board-of-adjustment/bda-2024-07702-3163-shady-avenue-extension-zba-decision.pdf,pittsburghpa.gov meeting page,2025-02-20,existing second unit from 1990s addition
9 of 2025,BDA-2024-06843,2025,2025-03-06,,2025-04-08,33,1405 Shady Avenue,86-D-62,0086D00062000000,R2-L,R2,14,Squirrel Hill North,Renovations to existing playground,no,non_housing,non_residential,manual,,,,NONE,dimensional_variance,903.03|912.04,V|912.04;V|912.04.K;V|903.03.B,AC,Approved with conditions,approved,"auto (regex on decision paragraph, reviewed)","The Applicant’s request for variances from Sections 912.04, 912.04.K and 903.03.B to allow the construction of shade structures and a fence that do not comply with the Code’s height and setback requirements for the Children’s Institute’s playground is hereby APPROVED; subject to the condition that the 6’ high fence is an open fence.",40.442557,-79.919397,parcel_centroid_wprdc,https://www.pittsburghpa.gov/files/assets/city/v/1/dcp/documents/zoning-board-of-adjustment/bda-2024-06843-1405-shady-avenue-zba-decision.pdf,pittsburghpa.gov meeting page,2025-03-06,
4 of 2024,BDA-2024-05702,2025,2025-02-13,,2025-04-12,58,877 Freeport Road,171-G-45,0171G00045000000,UNC,UNC,12,Lincoln-Lemington-Belmar,Wall Signs,no,non_housing,non_residential,rule,,,,NONE,dimensional_variance,919.03|919.05,V|919.03.M.5;V|919.03.M.5;V|919.05.M.5(a),S,Split,split,"auto (regex on decision paragraph, reviewed)","The Applicant’s request for variances from Section 919.03.M.5 to allow signs mounted 40.5’ and 21’ from grade is hereby APPROVED, and the Applicant’s request for variances from Section 919.03.M.5 for the 300 sf of signage on the Freeport Road façade (Sign 1), and the 162 sf proposed on the eastern- facing and rear facades (Signs 2 and 3) is DENIED, without prejudice to submit a revised signage plan.",40.48795,-79.889096,parcel_centroid_wprdc,https://www.pittsburghpa.gov/files/assets/city/v/1/dcp/documents/zoning-board-of-adjustment/bda-2024-05702-877-freeport-road-zba-2025-2-13.pdf,pittsburghpa.gov meeting page,2025-02-13,
13 of 2025,BDA-2024-06240,2025,2025-03-06,,2025-04-17,42,5726 Ellsworth Avenue,84-J-82,0084J00082000000,LNC,LNC,7,Shadyside,Use of deck for accessory outdoor dining area,no,non_housing,non_residential,rule,,,,NONE,dimensional_variance,904.04,V|904.04.B.2,AC,Approved with conditions,approved,"auto (regex on decision paragraph, reviewed)",The Applicant’s request to allow the use of a 417 sf outdoor seating area for the combined uses on the Subject Property is hereby APPROVED; subject to the condition that the outdoor seating area is made available for both uses and is not restricted to use for customers of the wine and beer store.,40.455149,-79.931452,parcel_centroid_wprdc,https://www.pittsburghpa.gov/files/assets/city/v/1/dcp/documents/zoning-board-of-adjustment/bda-2024-06240-5726-ellsworth-ave-zba-decision-2025-03-06.pdf,pittsburghpa.gov meeting page,2025-03-06,
15 of 2025,BDA-2024-07601,2025,2025-03-13,,2025-04-17,35,4905 Penn Avenue,50-K-313,0050K00313000000,LNC,LNC,10,Garfield,Restaurant,no,non_housing,non_residential,rule,,,,NONE,special_exception|use_variance,911.02|911.04,SE|911.04.A.57;V|911.02,A,Approved,approved,"auto (regex on decision paragraph, reviewed)","The Applicant’s request for a special exception pursuant to Section 911.04.A.57 to allow a 3,800 restaurant (general) use on the Subject Property is hereby APPROVED.",40.465487,-79.944919,parcel_centroid_wprdc,https://www.pittsburghpa.gov/files/assets/city/v/1/dcp/documents/zoning-board-of-adjustment/bda-2024-07601-4905-penn-ave-zba-decision-2025-03-13.pdf,pittsburghpa.gov meeting page,2025-03-13,
17 of 2025,BDA-2025-00117,2025,2025-03-13,,2025-04-17,35,Vista Street,"24-F-19, 24-E-259",0024F00019000000,H,H,23,East Allegheny,Parking Pad,yes,residential_accessory,single_detached,auto (text match; dwelling type often not stated),,,,NONE,dimensional_variance,912.01,V|912.01.D,A,Approved,approved,"auto (regex on decision paragraph, reviewed)","The Applicant’s request for a variance from Section 912.01.D to allow the location of a parking pad on Parcel No. 24-E-259, to be accessory to the house at 923 Vista Street (Parcel No. 24-F-19), is hereby APPROVED.",40.459313,-79.99527,parcel_centroid_wprdc,https://www.pittsburghpa.gov/files/assets/city/v/1/dcp/documents/zoning-board-of-adjustment/bda-2025-00117-vista-street-zba-decision-2025-03-13.pdf,pittsburghpa.gov meeting page,2025-03-13,multiple parcels captioned; point is first matched parcel
19 of 2025,BDA-2025-00560,2025,2025-03-13,,2025-04-17,35,5900 Douglas Street,87-D-9,0087D00009000000,RM-M,RM,14,Squirrel Hill South,Conversion of a single-family house into a duplex,yes,housing_units,two_unit,manual,1,2,1,CONV,dimensional_variance,903.03,V|903.03.C.2,A,Approved,approved,"auto (regex on decision paragraph, reviewed)",The Applicant’s request for a variance from Section 903.03.C.2 to allow the renovation of the existing structure for use for two dwelling units is hereby APPROVED.,40.433026,-79.919764,parcel_centroid_wprdc,https://www.pittsburghpa.gov/files/assets/city/v/1/dcp/documents/zoning-board-of-adjustment/bda-2025-00560-5900-douglas-street-zba-decision-2025-03-13.pdf,pittsburghpa.gov meeting page,2025-03-13,
2 of 2025,BDA-2024-07715,2025,2025-03-06,,2025-04-20,45,1137 Pennsylvania Avenue,"22-R-90, 22-R-176",0022R00090000000,R1A-H,R1A,21,Manchester,Fence,yes,residential_accessory,single_detached,auto (text match; dwelling type often not stated),,,,NONE,dimensional_variance,912.04,V|912.04.K;V|912.04.k,AC,Approved with conditions,approved,"auto (regex on decision paragraph, reviewed)","The Applicant’s request for a variance from Section 912.04.K to allow a 6’ high privacy fence located in an exterior side yard is hereby approved, subject to the condition that the upper 2’ of the 6’ fence shall contain transparent elements.",40.454546,-80.022668,parcel_centroid_wprdc,https://www.pittsburghpa.gov/files/assets/city/v/1/dcp/documents/zoning-board-of-adjustment/bda-2024-07715-1137-pennsylvania-ave-zba-decision.pdf,pittsburghpa.gov meeting page,2025-03-06,multiple parcels captioned; point is first matched parcel
11 of 2025,BDA-2024-01248,2025,2025-03-13,,2025-04-22,40,1233 Mifflin Road,184-E-80,0184E00080000000,"HC, R1D-L",HC,31,Lincoln Place,New construction of EMS and Fire station,no,non_housing,non_residential,manual,,,,NONE,dimensional_variance|special_exception,911.02|916.06|916.09|919.03,SE|911.02;SE|916.09;V|919.03.N.3;V|916.06,AC,Approved with conditions,approved,"auto (regex on decision paragraph, reviewed)",The Applicant’s request for special exceptions pursuant to Sections 911.02 and 916.09 and a variance from Section 919.03.N.3 to allow the construction of a new emergency services center that includes an emergency generator and a 40.5 sf sign is hereby APPROVED; subject to the condition that landscaping and screening shall be provided as presented to the Board.,40.371294,-79.914334,parcel_centroid_wprdc,https://www.pittsburghpa.gov/files/assets/city/v/1/dcp/documents/zoning-board-of-adjustment/bda-2024-01248-1233-mifflin-rd-zba-decision.pdf,pittsburghpa.gov meeting page,2025-03-13,
16 of 2025,BDA-2024-04003,2025,2025-04-03,,2025-04-24,21,4560 Friendship Avenue,49-S-71-A,0049S00071000000,R1A-H,R1A,9,Bloomfield,Use of three-story building for two residential units,yes,housing_units,two_unit,manual,2,2,0,LEGAL,nonconforming_review,911.02,V|911.02,NC,Nonconforming status confirmed,approved,"auto (regex on decision paragraph, reviewed)",The use of the structure for two units with no off-street parking is legally nonconforming and may continue.,40.464631,-79.95112,parcel_centroid_wprdc,https://www.pittsburghpa.gov/files/assets/city/v/1/dcp/documents/zoning-board-of-adjustment/bda-2024-04003-4560-friendship-ave-zba-decision.pdf,pittsburghpa.gov meeting page,2025-04-03,"relief table listed nonconforming_review|use_variance; Board found use legally nonconforming, so relief_type set to nonconforming_review"
180 of 2024,BDA-2024-00776,2025,2025-03-20,,2025-04-24,35,998 Becks Run Road,31-G-52,0031G00052000000,GI,GI,16,Arlington,Convert existing garage into single unit residential with 3-story addition (second residential unit on property),yes,housing_units,two_unit,manual,1,2,1,ADD,use_variance,911.02,V|911.02,AC,Approved with conditions,approved,"auto (regex on decision paragraph, reviewed)","The Applicant’s request for a variance from Section 911.02 to allow the use of an additional dwelling unit on the Subject Property is hereby APPROVED, subject to the condition that no additional residential units are permitted on the parcel without review and approval.",40.411206,-79.957064,parcel_centroid_wprdc,https://www.pittsburghpa.gov/files/assets/city/v/1/dcp/documents/zoning-board-of-adjustment/bda-2024-00776-998-becks-run-rd-zba-decision.pdf,pittsburghpa.gov meeting page,2025-03-20,
21 of 2025,BDA-2024-06312,2025,2025-04-03,,2025-04-24,21,5821 Centre Avenue,84-E-262,0084E00262000000,UNC,UNC,8,East Liberty,Restaurant,no,non_housing,non_residential,rule,,,,NONE,special_exception,911.02|911.04,SE|911.04.A.57;SE|911.02,A,Approved,approved,"auto (regex on decision paragraph, reviewed)","The Applicant’s request for a special exception pursuant to Section 911.04.A.57 to allow a 3,490 restaurant (general) use is hereby APPROVED.",40.458342,-79.931453,parcel_centroid_wprdc,https://www.pittsburghpa.gov/files/assets/city/v/1/dcp/documents/zoning-board-of-adjustment/bda-2024-06312-5821-centre-ave-zba-decision.pdf,pittsburghpa.gov meeting page,2025-04-03,
23 of 2025,BDA-2024-06492,2025,2024-03-20,,2025-04-24,,5818 Hays Street,83-G-68,0083G00068000000,R2-H,R2,11,East Liberty,Fence,yes,residential_accessory,single_detached,auto (text match; dwelling type often not stated),,,,NONE,dimensional_variance,912.04,V|912.04.K,AC,Approved with conditions,approved,"auto (regex on decision paragraph, reviewed)","The Applicant’s request for a variance from Section 912.04.K to allow a 6’ high fence is hereby APPROVED, subject to the condition that the fence shall be semi-transparent, as presented to the Board.",40.46819,-79.923278,parcel_centroid_wprdc,https://www.pittsburghpa.gov/files/assets/city/v/1/dcp/documents/zoning-board-of-adjustment/bda-2024-06492-5818-hays-st-zba-decision.pdf,pittsburghpa.gov meeting page,2025-03-20,hearing (2024-03-20) and decision (2025-04-24) dates as printed imply 400 days; year typo in PDF suspected; days left blank
28 of 2025,BDA-2025-01101,2025,2025-04-03,,2025-04-24,21,1528 Beechview Avenue,35-B-251,0035B00251000000,R1D-H,R1D,19,Beechview,Change of former medical office into two additional dwelling units for existing multi-unit residential use,yes,housing_units,multi_unit,manual,,,2,ADD,dimensional_variance|special_exception,921.02,V|921.02.A.1;SE|921.02.A.2;SE|921.02.A.4,AC,Approved with conditions,approved,"auto (regex on decision paragraph, reviewed)",The Applicant’s request for a variance from Section 921.02.A.1 and a special exception pursuant to Section 921.02.A.2 to allow the conversion of the ground floor commercial tenant space into two dwelling units is hereby APPROVED; subject to the condition that any curb cuts shall be reviewed and approved by the Department of Mobility and Infrastructure.,40.411635,-80.02508,parcel_centroid_wprdc,https://www.pittsburghpa.gov/files/assets/city/v/1/dcp/documents/zoning-board-of-adjustment/bda-2025-01101-1528-beechview-ave-zba-decision.pdf,pittsburghpa.gov meeting page,2025-04-03,two units added to existing multi-unit use
32 of 2025,BDA-2025-00911,2025,2025-04-10,,2025-04-24,14,2854 Ardsley Avenue,97-F-56,0097F00056000000,R1D-M,R1D,19,Brookline,Enclose Front Porch,no,non_housing,non_residential,rule,,,,NONE,dimensional_variance,903.03,V|903.03.c.2;V|903.03.C,AC,Approved with conditions,approved,"auto (regex on decision paragraph, reviewed)","The Applicant’s request for a variance from Section 903.03.c.2 to allow a 12’ front setback, resulting from the enclosure of a portion of an existing front porch, is hereby APPROVED, subject to the condition that no new porch structure extends from the enclosed portion of the structure into the front setback.",40.390859,-80.025412,parcel_centroid_wprdc,https://www.pittsburghpa.gov/files/assets/city/v/1/dcp/documents/zoning-board-of-adjustment/bda-2025-00911-2854-ardsley-ave-zba-decision.pdf,pittsburghpa.gov meeting page,2025-04-10,
14 of 2025,BDA-2024-05863,2025,2025-03-06,,2025-05-05,60,6214 Walnut Street,"84-R-261, 257, 255",0084R00261000000,RM-M,RM,7,Shadyside,New Construction of 12-Unit Multi-Unit Residential Development,yes,housing_units,multi_unit,manual,0,12,12,NEW,dimensional_variance|special_exception,903.03|914.06|914.10|916.04,V|903.03.C;V|914.06.A;V|914.10.A;SE|916.04.B,A,Approved,approved,"auto (regex on decision paragraph, reviewed)","The Applicant’s request for variances from Sections 903.03.C, 914.06.A, 914.10.A and a special exception pursuant to section 916.04.B to construct a 12-unit multi-unit residential development, as described to the Board, is hereby APPROVED.",40.455131,-79.923155,parcel_centroid_wprdc,https://www.pittsburghpa.gov/files/assets/city/v/1/dcp/documents/zoning-board-of-adjustment/bda-2024-05863-6214-walnut-street-zba-decision.pdf,pittsburghpa.gov meeting page,2025-03-06,
18 of 2025,BDA-2024-06401,2025,2025-04-03,,2025-05-08,35,3174 Spruce Way,25-C-162,0025C00162000000,RIV-IMU,RIV,6,Strip District,Use of site to store materials and equipment for a construction contractor use,no,non_housing,non_residential,rule,,,,NONE,use_variance,911.02,V|911.02,A,Approved,approved,"auto (regex on decision paragraph, reviewed)","The Applicant’s request for a variance from Section 911.02 to the continued use of the Subject Property for storage of maintenance vehicles and supplies, as described to the Board, is hereby APPROVED.",40.461417,-79.971298,parcel_centroid_wprdc,https://www.pittsburghpa.gov/files/assets/city/v/1/dcp/documents/zoning-board-of-adjustment/bda-2024-06401-3174-spruce-way-zba-decision.pdf,pittsburghpa.gov meeting page,2025-04-03,
25 of 2025,BDA-2025-00083,2025,2025-04-03,,2025-05-14,41,950 Progress Street,24-P-216,0024P00216000000,RIV-IMU,RIV,23,Troy Hill,Two projecting signs,no,non_housing,non_residential,rule,,,,NONE,dimensional_variance,919.03,V|919.03.M.8(d),D,Denied,denied,"auto (regex on decision paragraph, reviewed)",The Applicant’s request for a variance for Sign One was withdrawn and the request for a variance from Code Section 919.03.M.8(d)(ii) for Sign Two is hereby DENIED.,40.453941,-79.992117,parcel_centroid_wprdc,https://www.pittsburghpa.gov/files/assets/city/v/1/dcp/documents/zoning-board-of-adjustment/bda-2025-00083-950-progress-street-zba-decision.pdf,pittsburghpa.gov meeting page,2025-04-03,
26 of 2025,BDA-2025-01611,2025,2025-04-03,,2025-05-19,46,215 South 21st Street,"12-P-163, 166, 170, 178, 185",0012P00163000000,UI,UI,16,South Side Slopes,Use of site for five townhouse style multi-unit residential building for 38 dwelling units,yes,housing_units,multi_unit,manual,0,38,38,NEW,special_exception,911.02,SE|911.02,A,Approved,approved,"auto (regex on decision paragraph, reviewed)",The Applicant’s request for a special exception pursuant to Section 911.02 to allow the use of the Subject Property for a multi-unit residential use is hereby APPROVED.,40.424525,-79.976278,parcel_centroid_wprdc,https://www.pittsburghpa.gov/files/assets/city/v/1/dcp/documents/zoning-board-of-adjustment/bda-2024-01611-215-s-21st-street-zba-decision.pdf,pittsburghpa.gov meeting page,2025-04-03,
31 of 2025,BDA-2025-01413,2025,2025-04-03,,2025-05-19,46,200 Lothrop Street,28-B-310,0028B00310000000,EMI,EMI,4,West Oakland,Installation of five wall signs for UPMC Presbyterian Tower,no,non_housing,non_residential,rule,,,,NONE,dimensional_variance,919.03,V|919.03.M.3(a),AC,Approved with conditions,approved,"auto (regex on decision paragraph, reviewed)","The Applicant’s request for variances from Section 919.03.M.3(a) to allow four wall signs on the De Soto Street façade, with a total area of 1,060 sf, and three wall mounted signs on the Fifth Avenue façade, with a total area of 1,041 sf, is hereby APPROVED, subject to the condition that no additional signage for the building is proposed.",40.442305,-79.95999,parcel_centroid_wprdc,https://www.pittsburghpa.gov/files/assets/city/v/1/dcp/documents/zoning-board-of-adjustment/bda-2025-01413-200-lothrop-street-zba-decision.pdf,pittsburghpa.gov meeting page,2025-04-03,
27 of 2025,BDA-2024-03101,2025,2025-04-17,,2025-05-21,34,1623 Rankin Avenue,75-L-177,0075L00177000000,R1A-H,R1A,27,Brighton Heights,Use of structure for two units,yes,housing_units,two_unit,manual,2,2,0,LEGAL,nonconforming_review,911.02|914.02,V|911.02;V|914.02,NC,Nonconforming status confirmed,approved,"auto (regex on decision paragraph, reviewed)","The use of the structure for two units, with no off-street parking, is legally nonconforming and may continue.",40.476168,-80.039253,parcel_centroid_wprdc,https://www.pittsburghpa.gov/files/assets/city/v/1/dcp/documents/zoning-board-of-adjustment/bda-2024-03101-1623-rankin-avenue-zba-decision.pdf,pittsburghpa.gov meeting page,2025-04-17,"relief table listed dimensional_variance|nonconforming_review|use_variance; Board found use legally nonconforming, so relief_type set to nonconforming_review"
30 of 2025,BDA-2024-07863,2025,2025-04-10,,2025-05-21,41,4720 5th Avenue,52-J-188,0052J00188000000,EMI,EMI,14,Squirrel Hill North,Construction of Student Center for Central Catholic,no,non_housing,non_residential,rule,,,,NONE,special_exception,911.02|911.04,SE|911.02;SE|911.04.A.47,A,Approved,approved,2026 hand-coded sample,The Applicants request for a special exception pursuant to Sections 911.02 and 911.04.A.47 to allow for the construction of a new student center on the Central Catholic High School campus is hereby APPROVED.,40.446253,-79.94743,parcel_centroid_wprdc,https://www.pittsburghpa.gov/files/assets/city/v/1/dcp/documents/zoning-board-of-adjustment/bda-2024-07863-4720-5th-avenue-zba-decision.pdf,pittsburghpa.gov meeting page,2025-04-10,
29 of 2025,BDA-2025-01367,2025,2025-04-10,,2025-05-22,42,5259 Wickliff Street,81-E-2,0081E00002000000,R1A-VH,R1A,10,Upper Lawrenceville,New construction of single-family house,yes,housing_units,single_detached,manual,0,1,1,NEW,dimensional_variance,903.03|925.06,V|903.03.E.2;V|925.06.C,A,Approved,approved,"auto (regex on decision paragraph, reviewed)",The Applicant’s request for a variance from Sections 903.03.E.2 and 925.06.C to allow for the construction of a house with a 0’ interior side setback from Parcel No. 81-H-223 is hereby APPROVED.,40.479317,-79.949465,parcel_centroid_wprdc,https://www.pittsburghpa.gov/files/assets/city/v/1/dcp/documents/zoning-board-of-adjustment/bda-2025-01367-wickliff-street-zba-decision.pdf,pittsburghpa.gov meeting page,2025-04-10,
40 of 2025,BDA-2025-01746,2025,2025-04-17,,2025-05-22,35,2545 Railroad Street,25-J-49,0025J00049000000,RIV-IMU,RIV,2,Strip District,Wall sign,no,non_housing,non_residential,rule,,,,NONE,dimensional_variance,919.03,V|919.03.M.5;V|919.03.M.5(a),A,Approved,approved,"auto (regex on decision paragraph, reviewed)",The Applicant’s request for a variance from Section 919.03.M.5 to allow the installation of a 56 sf wall sign at a height 40’ from grade is hereby APPROVED.,40.456195,-79.981268,parcel_centroid_wprdc,https://www.pittsburghpa.gov/files/assets/city/v/1/dcp/documents/zoning-board-of-adjustment/bda-2025-01746-2545-railroad-st-zba-decision_1.pdf,pittsburghpa.gov meeting page,2025-04-17,
20 of 2025,BDA-2024-02592,2025,2025-05-01,,2025-05-23,22,690 Greentree Road,18-G-45,0018G00045000000,NDI,NDI,20,Westwood,Use of site for construction contractor (general),no,non_housing,non_residential,rule,,,,NONE,use_variance,911.02,V|911.02,AC,Approved with conditions,approved,"auto (regex on decision paragraph, reviewed)","The Applicant’s request for a variance from Section 911.02 to allow the continued use of the limited portion of the Subject Property currently being used for storage of construction vehicles and supplies, as described is hereby APPROVED, subject to the following conditions: the curb cut shall be reviewed and approved by the Department of Mobility and Infrastructure; and any expansion of the use onto areas of the site that currently are not used for the storage of construction vehicles and suppli",40.429434,-80.040384,parcel_centroid_wprdc,https://www.pittsburghpa.gov/files/assets/city/v/1/dcp/documents/zoning-board-of-adjustment/bda-2024-02592-690-greentree-road-zba-decision_1.pdf,pittsburghpa.gov meeting page,2025-05-01,
35 of 2025,BDA-2025-00076,2025,2025-04-17,,2025-05-23,36,2615 W. Liberty Avenue,"62-K-161, 62-K-163, 62-K-158, 62-K-145, 62-K-176",0062K00161000000,HC,HC,19,Brookline,Signs for car dealership,no,non_housing,non_residential,rule,,,,NONE,dimensional_variance,919.01|919.03,V|919.03.M.4;V|919.01.E.6,D,Denied,denied,"auto (regex on decision paragraph, reviewed)",The Applicant’s request for variances from Sections 919.03.M.4 and 919.01.E.6 to allow the use of several wall signs installed on the structure located at 2615 W. Liberty Avenue is hereby DENIED.,40.397845,-80.026901,parcel_centroid_wprdc,https://www.pittsburghpa.gov/files/assets/city/v/1/dcp/documents/zoning-board-of-adjustment/bda-2025-00076-2615-w-liberty-ave-zba-decision_1.pdf,pittsburghpa.gov meeting page,2025-04-17,multiple parcels captioned; point is first matched parcel
43 of 2025,BDA-2024-08077,2025,2025-05-01,,2025-05-23,22,32 62nd Street,120-G-155,0120G00155000000,RIV-GI,RIV,10,Upper Lawrenceville,Use of 16’ by 20’ shipping container for Seed Lab,no,non_housing,non_residential,rule,,,,NONE,dimensional_variance,905.05,V|905.05.E.4.a(1),A,Approved,approved,"auto (regex on decision paragraph, reviewed)",The Applicant’s request for a variance from Section 905.05.E.4.a(1)(b) to allow the placement of a shipping container with a 65’-9” setback from the project pool elevation is hereby APPROVED.,40.488698,-79.94154,parcel_centroid_wprdc,https://www.pittsburghpa.gov/files/assets/city/v/1/dcp/documents/zoning-board-of-adjustment/bda-2024-08077-32-62nd-st-zba-decision_1.pdf,pittsburghpa.gov meeting page,2025-05-01,
41 of 2025,BDA-2024-07978,2025,2025-05-01,,2025-05-27,26,731 Excelsior Street,14-B-52,0014B00052000000,R1D-H,R1D,18,Allentown,"Use of existing 7,500 sf building for Community Center (General)",no,non_housing,non_residential,manual,,,,NONE,use_variance,911.02,V|911.02,A,Approved,approved,"auto (regex on decision paragraph, reviewed)","The Applicant’s request for a variance from Section 911.02 to allow the conversion of the former church building into a community center, as described, is hereby APPROVED.",40.422925,-79.994621,parcel_centroid_wprdc,https://www.pittsburghpa.gov/files/assets/city/v/1/dcp/documents/zoning-board-of-adjustment/bda-2024-07978-731-excelsior-street-zba-decision_1.pdf,pittsburghpa.gov meeting page,2025-05-01,
34 of 2025,DCP-ZDR-2024-02349,2025,2025-05-01,,2025-06-09,39,2650 California Avenue,44-M-105,0044M00105000000,R1A-H,R1A,27,Marshall Shadeland,Construct accessory deck for outdoor seating and expand existing restaurant use,no,non_housing,non_residential,manual,,,,NONE,dimensional_variance|special_exception|use_variance,911.02|921.02,V|921.02.A.1;SE|921.02.A;V|911.02,D,Denied,denied,"auto (regex on decision paragraph, reviewed)",The Applicant’s request for a variance and special exception pursuant to Section 921.02.A.1 or alternative request for a use variance to allow the expansion of the nonconforming use is hereby DENIED.,40.467006,-80.034374,parcel_centroid_wprdc,https://www.pittsburghpa.gov/files/assets/city/v/1/dcp/documents/zoning-board-of-adjustment/dcp-zdr-2024-02349-2650-california-ave-zba-decision.pdf,pittsburghpa.gov meeting page,2025-05-01,
46 of 2025,BDA-2025-01698,2025,2025-05-08,,2025-06-11,34,2854 Smallman Street,28-F-199,,RIV-IMU,RIV,6,Strip District,Construction of two houses,yes,housing_units,single_detached,manual,0,2,2,NEW,dimensional_variance|use_variance,911.02|926.12,V|911.02;V|926.129,A,Approved,approved,"auto (regex on decision paragraph, reviewed)","The Applicant’s request for variances from Sections 911.02 and 926.129 to allow the subdivision of the Subject Property and the construction of two single-family houses, as described to the Board, is hereby APPROVED.",40.458047,-79.975618,census_geocoder_address,https://www.pittsburghpa.gov/files/assets/city/v/1/dcp/documents/zoning-board-of-adjustment/bda-2025-01698-2854-smallman-st-zba-decision.pdf,pittsburghpa.gov meeting page,2025-05-08,
50 of 2025,BDA-2025-02063,2025,2025-05-08,,2025-06-11,34,6910 Meade Street,126-C-195,0126C00195000000,R1D-L,R1D,9,Point Breeze North,6’ High Privacy Fence,yes,residential_accessory,single_detached,auto (text match; dwelling type often not stated),,,,NONE,dimensional_variance,912.04,V|912.04.K;V|912.04,AC,Approved with conditions,approved,"auto (regex on decision paragraph, reviewed)","The Applicant’s request for a variance from Section 912.04.K to allow the construction of a 6’ high fence within the front setback is hereby APPROVED, subject to the condition that the fence shall contain transparent elements, as presented to the Board.",40.451982,-79.907143,parcel_centroid_wprdc,https://www.pittsburghpa.gov/files/assets/city/v/1/dcp/documents/zoning-board-of-adjustment/bda-2025-02063-6910-meade-st-zba-decision.pdf,pittsburghpa.gov meeting page,2025-05-08,
45 of 2025,BDA-2025-02172,2025,2025-05-08,,2025-06-13,36,1621 Broadway Avenue,35-G-12,0035G00012000000,LNC,LNC,19,Beechview,Renovation of existing structure for grocery store,no,non_housing,non_residential,manual,,,,NONE,,,,NR,No relief required,no_relief_needed,"auto (regex on decision paragraph, reviewed)","The proposed retail sales and services use is allowed by-right in the LNC District, with no additional parking spaces, and no additional relief is required from the Board.",40.409728,-80.024325,parcel_centroid_wprdc,https://www.pittsburghpa.gov/files/assets/city/v/1/dcp/documents/zoning-board-of-adjustment/bda-2025-02172-1621-broadway-ave-zba-decision.pdf,pittsburghpa.gov meeting page,2025-05-08,
47 of 2025,BDA-2024-08006,2025,2025-05-08,,2025-06-13,36,5541 Ellsworth Avenue,51-S-215,0051S00215000000,RM-M,RM,7,Shadyside,Front Yard Parking Pad,yes,residential_accessory,other_residential,auto (text match; dwelling type often not stated),,,,NONE,dimensional_variance,912.04,V|912.04.L,D,Denied,denied,"auto (regex on decision paragraph, reviewed)",The Applicant’s request for a variance from Section 912.04.L to allow for the installation of a front yard parking pad is hereby DENIED.,40.454407,-79.933731,parcel_centroid_wprdc,https://www.pittsburghpa.gov/files/assets/city/v/1/dcp/documents/zoning-board-of-adjustment/bda-2024-08006-5541-ellsworth-ave-zba-decision.pdf,pittsburghpa.gov meeting page,2025-05-08,
44 of 2025,BDA-2025-00163,2025,2025-05-08,,2025-06-16,39,2467 McNeilly Road,139-F-20,0139F00020000000,UI,UI,32,Brookline,Retaining Wall,no,non_housing,non_residential,manual,,,,NONE,dimensional_variance,915.01|915.02,V|915.01.A.1.e;V|915.02.A.1.e,AC,Approved with conditions,approved,"auto (regex on decision paragraph, reviewed)","The Applicant’s request for a variance from Section 915.01.A.1.e to construct a 20’ high retaining wall is hereby APPROVED, subject to compliance with the DEP stream permit.",40.382038,-80.009842,parcel_centroid_wprdc,https://www.pittsburghpa.gov/files/assets/city/v/1/dcp/documents/zoning-board-of-adjustment/bda-2025-00163-2467-mcneilly-rd-zba-decision.pdf,pittsburghpa.gov meeting page,2025-05-08,
53 of 2025,BDA-2025-01572,2025,2025-05-22,,2025-06-25,34,1107 Langtry Street,76-F-126,0076F00126000000,R1D-H,R1D,27,Marshall Shadeland,Change of use to multi-unit residential,yes,housing_units,multi_unit,manual,0,32,32,CONV,aapp_parking|special_exception,914.07|921.02,SE|921.02.a.4;SE|914.07.D.2;SE|921.02.A.4,A,Approved,approved,"auto (regex on decision paragraph, reviewed)",The Applicant’s request for special exceptions pursuant to Sections 921.02.a.4 and 914.07.D.2 to allow the use of the Subject Property for a 32-unit multi-unit residential use with a 20-space parking lot is hereby APPROVED.,40.477262,-80.027868,parcel_centroid_wprdc,https://www.pittsburghpa.gov/files/assets/city/v/1/dcp/documents/zoning-board-of-adjustment/bda-2025-01572-1107-langtry-zba-decision.pdf,pittsburghpa.gov meeting page,2025-05-22,
58 of 2025,BDA-2025-02505,2025,2025-05-22,,2025-06-27,36,115 Elena Court,81-G-61,0081G00061000000,R1D-L,R1D,10,Stanton Heights,Parking Pad,yes,residential_accessory,single_detached,auto (text match; dwelling type often not stated),,,,NONE,dimensional_variance,912.04,V|912.04.L,AC,Approved with conditions,approved,"auto (regex on decision paragraph, reviewed)","The Applicant’s request for a variance from Section 912.04.L to allow a front yard parking pad, with a setback of at least 15’ from the front property line, is hereby APPROVED; subject to the conditions that the curb cut shall be reviewed and approved by the Department of Mobility and Infrastructure and that the Applicant provide some form of landscaping or screening to limit the visibility of the parking pad.",40.477834,-79.937127,parcel_centroid_wprdc,https://www.pittsburghpa.gov/files/assets/city/v/1/dcp/documents/zoning-board-of-adjustment/bda-2025-02505-115-elena-court-zba-decision.pdf,pittsburghpa.gov meeting page,2025-05-22,
24 of 2025,BDA-2024-08418,2025,2025-04-03,,2025-07-07,95,3274 Parkview Avenue,29-D-119,0029D00119000000,R1A-H,R1A,4,South Oakland,Construction of two attached houses,yes,housing_units,single_attached,manual,0,2,2,NEW,dimensional_variance,903.03|925.06,V|903.03.D.2;V|925.06.C;V|925.06.C.2,A,Approved,approved,"auto (regex on decision paragraph, reviewed)",The Applicant’s request for variances from Sections 903.03.D.2 and 925.06.C to allow the construction of two attached houses with 0’ rear setbacks and 0’ setbacks from the interior side property line shared with the parcel at 3272 Parkview Avenue is hereby APPROVED.,40.431413,-79.952593,parcel_centroid_wprdc,https://www.pittsburghpa.gov/files/assets/city/v/1/dcp/documents/zoning-board-of-adjustment/bda-2024-08418-3274-parkview-ave-zba-decision.pdf,pittsburghpa.gov meeting page,2025-04-03,
51 of 2025,BDA-2025-00951,2025,2025-05-22,,2025-07-07,46,419 Melwood Avenue,26-S-135,0026S00135000000,UI,UI,5,North Oakland,Wall Sign,no,non_housing,non_residential,rule,,,,NONE,dimensional_variance,919.03,V|919.03.M.6(a),A,Approved,approved,"auto (regex on decision paragraph, reviewed)",The Applicant’s request for a variance from Section 919.03.M.6(a) to install a 187 sf wall mounted sign is hereby APPROVED.,40.454625,-79.952741,parcel_centroid_wprdc,https://www.pittsburghpa.gov/files/assets/city/v/1/dcp/documents/zoning-board-of-adjustment/bda-2025-00951-419-melwood-avenue-zba-decision.pdf,pittsburghpa.gov meeting page,2025-05-22,
79 of 2025,BDA-2025-02490,2025,2025-06-12,,2025-07-11,29,822 Idlewood Avenue,67-P-89,0067P00089000000,R2-L,R2,28,East Carnegie,Child Care,no,non_housing,non_residential,manual,,,,NONE,special_exception,911.02|911.04,SE|911.02;SE|911.04.A.1,AC,Approved with conditions,approved,"auto (regex on decision paragraph, reviewed)","The Applicant’s request for a special exception pursuant to Code Sections 911.02 and 911.04.A.1, to allow the child care (general) use is hereby APPROVED, subject to the condition that the Applicant shall receive all necessary approvals from the Department of Human Services and that signage shall be posted on the rear of the parcel stating that parking is not permitted in the Bert Way right-of-way.",40.415747,-80.074834,parcel_centroid_wprdc,https://www.pittsburghpa.gov/files/assets/city/v/1/dcp/documents/zoning-board-of-adjustment/822-idlewood-ave-zba-decision.pdf,pittsburghpa.gov meeting page,2025-06-12,
65 of 2025,BDA-2025-03892,2025,2025-06-12,,2025-07-14,32,5312 Lotus Way,81-A-34,0081A00034000000,R1A-VH,R1A,10,Upper Lawrenceville,Retaining Wall,yes,residential_accessory,other_residential,manual,,,,NONE,dimensional_variance,915.01|915.02,V|915.01.A.1.e;V|915.02.A.1.e,A,Approved,approved,"auto (regex on decision paragraph, reviewed)",The Applicant’s request for a variance from Section 915.01.A.1.e to construct a retaining wall with a maximum height of 14’ is hereby APPROVED.,40.48035,-79.949225,parcel_centroid_wprdc,https://www.pittsburghpa.gov/files/assets/city/v/1/dcp/documents/zoning-board-of-adjustment/5312-lotus-way-zba-decision.pdf,pittsburghpa.gov meeting page,2025-06-12,retaining wall
70 of 2025,BDA-2024-05752,2025,2025-06-12,,2025-07-15,33,2601 Chartiers Avenue,41-D-135,0041D00135000000,UI,UI,20,Crafton Heights,,no,non_housing,non_residential,manual,,,,NONE,dimensional_variance,904.07,V|904.07.C,A,Approved,approved,"auto (regex on decision paragraph, reviewed)","The Applicant’s request for a variance from 904.07.C to construct a structure with a 0’ exterior side setback, for the intended use for a dentist office, is hereby APPROVED.",40.451224,-80.050969,parcel_centroid_wprdc,https://www.pittsburghpa.gov/files/assets/city/v/1/dcp/documents/zoning-board-of-adjustment/2601-chartiers-ave-zba-decision.pdf,pittsburghpa.gov meeting page,2025-06-12,
88 of 2025,BDA-2025-01706,2025,2025-07-10,,2025-07-17,7,4612 Lytle Street,56-E-8,0056E00008000000,SP-10,SP,15,Hazelwood,New Construction of 30-unit apartment building,yes,housing_units,multi_unit,manual,0,30,30,NEW,dimensional_variance,909.01,V|909.01.Q.5.F.i,A,Approved,approved,"auto (regex on decision paragraph, reviewed)",The Applicant’s request for a variance from Section 909.01.Q.5.F.i to allow for the construction of a multi-unit residential building with a 13’-6” ground floor height is hereby APPROVED.,40.412028,-79.948132,parcel_centroid_wprdc,https://www.pittsburghpa.gov/files/assets/city/v/1/dcp/documents/zoning-board-of-adjustment/4612-lytle-st-zba-decision.pdf,pittsburghpa.gov meeting page,2025-07-10,
74 of 2025,BDA-2025-04274,2025,2025-06-12,,2025-07-19,37,1901 Brighton Road,"22-D-109, 50, 48, 44, 42, 41, 40, 39, 37",0022D00109000000,UI,UI,25,California-Kirkbride,Chicken Coop,no,non_housing,non_residential,manual,,,,NONE,dimensional_variance,912.07,V|912.07.B,AC,Approved with conditions,approved,"auto (regex on decision paragraph, reviewed)","The Applicant’s request for a variance from 912.07.B(17) to allow a chicken coop that is accessory to a non-residential use is hereby APPROVED, subject to the conditions that the Applicant complies with the other requirements of Section 012.07.B and that signage shall be posted on the coop with contact information for PCSW and those individuals in the immediate area who are responsible for the chickens.",40.460313,-80.01842,parcel_centroid_wprdc,https://www.pittsburghpa.gov/files/assets/city/v/1/dcp/documents/zoning-board-of-adjustment/1901-brighton-road-zba-decision.pdf,pittsburghpa.gov meeting page,2025-06-12,
69 of 2025,BDA-2025-03069,2025,2025-06-12,,2025-07-22,40,1421 Wightman Street,86-B-328,0086B00328000000,R2-L,R2,14,Squirrel Hill North,Second story addition to existing detached garage,yes,residential_accessory,other_residential,manual,,,,NONE,dimensional_variance,912.04,V|912.04.E,AC,Approved with conditions,approved,"auto (regex on decision paragraph, reviewed)",The Applicant’s request for a variance from Section 912.04.E to allow for the construction of a garage to a height that is not to exceed 21’-4”/2-stories is hereby APPROVED; subject to the condition that the garage may not be used for a second dwelling unit.,40.442253,-79.927468,parcel_centroid_wprdc,https://www.pittsburghpa.gov/files/assets/city/v/1/dcp/documents/zoning-board-of-adjustment/1421-wightman-street-zba-decision.pdf,pittsburghpa.gov meeting page,2025-06-12,garage
81 of 2025,BDA-2025-02185,2025,2025-07-03,,2025-07-22,19,1936 Lowrie Street,48-J-216,0048J00216000000,R1A-H,R1A,24,Troy Hill,Review use of property for two residential units,yes,housing_units,two_unit,manual,2,2,0,LEGAL,nonconforming_review,911.02,V|911.02,NC,Nonconforming status confirmed,approved,"auto (regex on decision paragraph, reviewed)","The use of the structure for two units, with no off-street parking, is legally nonconforming and may continue.",40.466863,-79.980671,parcel_centroid_wprdc,https://www.pittsburghpa.gov/files/assets/city/v/1/dcp/documents/zoning-board-of-adjustment/1936-lowrie-street-zba-decision.pdf,pittsburghpa.gov meeting page,2025-07-03,"relief table listed nonconforming_review|use_variance; Board found use legally nonconforming, so relief_type set to nonconforming_review"
84 of 2025,Change of use from warehouse to office,2025,2025-07-03,,2025-07-22,19,158 41st Street,49-A-192,0049A00192000000,R1A-VH,R1A,9,Central Lawrenceville,BDA-2025-04568,no,non_housing,non_residential,manual,,,,NONE,special_exception,921.02,SE|921.02.A.4,AC,Approved with conditions,approved,"auto (regex on decision paragraph, reviewed)","The Applicant’s request for a special exception pursuant to Section 921.02.A.4 to allow the change of use of the structure from the non-conforming warehouse use to an office/retail use is hereby APPROVED, subject to compliance with the general hours of operation and operational details described to the Board.",40.470368,-79.96282,parcel_centroid_wprdc,https://www.pittsburghpa.gov/files/assets/city/v/1/dcp/documents/zoning-board-of-adjustment/158-41st-street-zba-decision.pdf,pittsburghpa.gov meeting page,2025-07-03,
52 of 2025,BDA-2025-01926,2025,2025-06-12,,2025-07-23,41,725 Chislett Street,83-A-97,0083A00097000000,R2-M,R2,11,East Liberty,Detached garage in front setback,yes,residential_accessory,other_residential,auto (text match; dwelling type often not stated),,,,NONE,dimensional_variance,912.04,V|912.04.L;V|912.04.L.3,D,Denied,denied,"auto (regex on decision paragraph, reviewed)",The Applicant’s request for a variance from Section 912.04.L to construct a front yard parking pad is hereby DENIED.,40.47158,-79.930815,parcel_centroid_wprdc,https://www.pittsburghpa.gov/files/assets/city/v/1/dcp/documents/zoning-board-of-adjustment/725-chislett-street-zba-decision.pdf,pittsburghpa.gov meeting page,2025-06-12,
82 of 2025,BDA-2025-04678,2025,2025-07-03,,2025-07-23,20,Monticello Street,174-F-124a,0174F00124000000,R2-L,R2,13,Homewood North,Fence,yes,residential_accessory,other_residential,auto (text match; dwelling type often not stated),,,,NONE,dimensional_variance,912.04,V|912.04.K,A,Approved,approved,"auto (regex on decision paragraph, reviewed)",The Applicant’s request for a variance from Section 912.04.K to allow the use of a 6’ high fence within the front and exterior side setbacks is hereby APPROVED.,40.459242,-79.893372,parcel_centroid_wprdc,https://www.pittsburghpa.gov/files/assets/city/v/1/dcp/documents/zoning-board-of-adjustment/monticello-street-zba-decision.pdf,pittsburghpa.gov meeting page,2025-07-03,
78 of 2025,BDA-2025-03255,2025,2025-07-03,,2025-07-24,21,4731 Juniper Street,26-H-141,0026H00141000000,R2-VH,R2,8,Bloomfield,Art Studio,no,non_housing,non_residential,manual,,,,NONE,special_exception,921.02,SE|921.02.A.4,AC,Approved with conditions,approved,"auto (regex on decision paragraph, reviewed)","The Applicant’s request for a special exception pursuant to Section 921.02.A.4 to allow the change of use of the structure from the non-conforming manufacturing and assembly use to an art studio use is hereby APPROVED, subject to compliance with the general hours of operation and operational details described to the Board. 2",40.458253,-79.951492,parcel_centroid_wprdc,https://www.pittsburghpa.gov/files/assets/city/v/1/dcp/4731-juniper-st-zba-decision.pdf,pittsburghpa.gov meeting page,2025-07-03,
63 of 2025,BDA-2019-06559,2025,2025-07-03,,2025-07-25,22,2610 Maple Ave,46-B-10,0046B00010000000,R1D-H,R1D,26,Perry South,Renovation of school for use as community center,no,non_housing,non_residential,manual,,,,NONE,dimensional_variance|special_exception|use_variance,911.02|912.04|914.02|916.02,V|911.02;V|914.02;V|912.04;SE|916.02.A.4,AC,Approved with conditions,approved,"auto (regex on decision paragraph, reviewed)","The Applicant’s request for variances from Sections 911.02, 914.02 and 912.04 and a special exception pursuant to 916.09 to allow the use of the former school building on the Subject Property as a community center with 37 surface parking spaces is hereby APPROVED, subject to the conditions that the parking areas are appropriately screened and landscaped and that the uses are generally as described to the Board, serving the nearby community.",40.471745,-80.00777,parcel_centroid_wprdc,https://www.pittsburghpa.gov/files/assets/city/v/1/dcp/2610-maple-ave-zba-decision.pdf,pittsburghpa.gov meeting page,2025-07-03,
75 of 2025,BDA-2025-03100,2025,2025-07-03,,2025-07-25,22,1715- 1717 Cliff Street,"9-M-97, 9-M-99-A and 9-M-100",0009M00097000000,RM-M,RM,3,Crawford Roberts,Construction of two two-unit dwellings,yes,housing_units,two_unit,manual,0,4,4,NEW,dimensional_variance,903.02|903.03|914.02,V|903.02.C.2;V|914.02;V|903.03.C.2,A,Approved,approved,"auto (regex on decision paragraph, reviewed)",The Applicant’s request for variances from Sections 903.02.C.2 and 914.02 to allow for the construction of two two-unit structures on the Subject Property with limited side setbacks and no off-street parking is hereby APPROVED.,40.44605,-79.986411,parcel_centroid_wprdc,https://www.pittsburghpa.gov/files/assets/city/v/1/dcp/1717-cliff-st-zba-decision.pdf,pittsburghpa.gov meeting page,2025-07-03,multiple parcels captioned; point is first matched parcel
76 of 2025,BDA-2025-04076,2025,2025-07-03,,2025-07-25,22,Lincoln Avenue,"125-B-281, 283",0125B00281000000,R1D-M,R1D,12,Larimer,Construction of two attached houses,yes,housing_units,single_attached,manual,0,2,2,NEW,special_exception,911.04,SE|911.04.A.69.A(a),A,Approved,approved,"auto (regex on decision paragraph, reviewed)",The Applicant’s request for a special exception pursuant to Section 911.04.A.69.A(a)2 to allow for the of construction of an attached house on each of Parcel Nos. 125-B-281 and 283 is hereby APPROVED.,40.461292,-79.908148,parcel_centroid_wprdc,https://www.pittsburghpa.gov/files/assets/city/v/1/dcp/lincoln-ave-zba-decision.pdf,pittsburghpa.gov meeting page,2025-07-03,
37 of 2025,BDA-2025-01405,2025,2025-07-17,,2025-07-31,14,7449 Frankstown Avenue,174-L-46,0174L00046000000,RM-M,RM,13,Homewood North,Addition of for units to existing multi-unit building,yes,housing_units,multi_unit,manual,,,4,ADD,dimensional_variance,903.03|912.04|914.02,V|914.02;V|903.03.C.2;V|912.04.C,A,Approved,approved,"auto (regex on decision paragraph, reviewed)","The Applicant’s request for a variance from Section 914.02 to allow an additional 4 residential units without off-street parking and variances from Sections 903.03.C.2 and 912.04.C to allow for the installation of a dumpster enclosure with a 5’ setback from the interior side property line, is hereby APPROVED.",40.456247,-79.890129,parcel_centroid_wprdc,https://www.pittsburghpa.gov/files/assets/city/v/1/dcp/7449-frankstown-ave-zba-decision.pdf,pittsburghpa.gov meeting page,2025-07-17,four units added to existing multi-unit building
86 of 2025,BDA-2025-01228,2025,2025-07-10,,2025-07-31,21,3716 Butler Street,49-J-217,0049J00217000000,LNC,LNC,6,Lower Lawrenceville,Outdoor Seating for Restaurant,no,non_housing,non_residential,rule,,,,NONE,dimensional_variance,904.02,V|904.02.B.2,A,Approved,approved,"auto (regex on decision paragraph, reviewed)","The Applicant’s request for a variance from Section 904.02.B.2 to install a 280 sf gazebo, which would be accessory to an 800 sf restaurant use, is hereby APPROVED.",40.466484,-79.964201,parcel_centroid_wprdc,https://www.pittsburghpa.gov/files/assets/city/v/1/dcp/3716-butler-st-zba-decision.pdf,pittsburghpa.gov meeting page,2025-07-03,
92 of 2025,BDA-2025-05420,2025,2025-07-10,,2025-07-31,21,120 Millbridge Street,14-E-185,0014E00185000000,LNC,LNC,18,Allentown,6’ High Fence,yes,residential_accessory,single_detached,auto (text match; dwelling type often not stated),,,,NONE,dimensional_variance,912.04,V|912.04.K;V|912.04.K(1),AC,Approved with conditions,approved,"auto (regex on decision paragraph, reviewed)","The Applicant’s request for a variance from Section 912.04.K to allow the construction of a 6’ high semi-opaque fence is hereby approved, subject to the condition that the fence shall be set back at least 5’ from the Industry Street and Millbridge Street property lines and landscaping shall be provided, as described to the Board.",40.421062,-79.99606,parcel_centroid_wprdc,https://www.pittsburghpa.gov/files/assets/city/v/1/dcp/120-millbridge-st-zba-decision.pdf,pittsburghpa.gov meeting page,2025-07-10,
90 of 2025,BDA-2025-04645,2025,2025-07-10,,2025-08-01,22,1840 Fairacres Avenue,35-R-311,0035R00311000000,R1D-M,R1D,19,Beechview,Parking Pad,yes,residential_accessory,single_detached,auto (text match; dwelling type often not stated),,,,NONE,dimensional_variance,912.04,V|912.04.L,AC,Approved with conditions,approved,"auto (regex on decision paragraph, reviewed)","The Applicant’s request for a variance from Section 912.04.L to allow for the installation of a parking pad within the front and exterior side yard setbacks, as described, is hereby APPROVED; subject to the conditions that landscaping shall be provided to screen the parking pad and the concrete pad within the Alturia Avenue right-of-way is not to be used for parking.",40.406537,-80.020764,parcel_centroid_wprdc,https://www.pittsburghpa.gov/files/assets/city/v/1/dcp/1840-fairacres-ave-zba-decision.pdf,pittsburghpa.gov meeting page,2025-07-10,
91 of 2025,BDA-2025-03330,2025,2025-07-10,,2025-08-04,25,365 Main Street,49-L-202,0049L00202000000,R1A-H,R1A,9,Central Lawrenceville,Rear addition and deck,yes,residential_accessory,other_residential,auto (text match; dwelling type often not stated),,,,NONE,dimensional_variance,903.03|912.04|925.06,V|903.03.D.2;V|912.04;V|925.06.C,A,Approved,approved,"auto (regex on decision paragraph, reviewed)",The Applicant’s request for variances from Section 903.03.D.2 to allow the construction of a one-story addition and elevated deck with limited setbacks is hereby APPROVED.,40.466362,-79.955782,parcel_centroid_wprdc,https://www.pittsburghpa.gov/files/assets/city/v/1/dcp/365-main-st-zba-decision.pdf,pittsburghpa.gov meeting page,2025-07-10,
4a of 2025,BDA-2024-05702,2025,2025-07-17,,2025-08-19,33,877 Freeport Road,171-G-45,0171G00045000000,UNC,UNC,12,Lincoln-Lemington Belmar,Wall Sign for Dicks Sporting Goods,no,non_housing,non_residential,rule,,,,NONE,dimensional_variance,919.03,V|919.03.M.5(a),AC,Approved with conditions,approved,"auto (regex on decision paragraph, reviewed)","The Applicant’s request for a variance from Section 919.03.M.5(a) to allow for the installation of a 230.5 sf wall sign with 7’ high letters, as described is hereby APPROVED, subject to the condition that no additional signage shall be permitted.",40.48795,-79.889096,parcel_centroid_wprdc,https://www.pittsburghpa.gov/files/assets/city/v/1/dcp/bda-2024-05702-877-freeport-road-zba-decision-2025-07-17.pdf,pittsburghpa.gov meeting page,2025-07-17,
83 of 2025,BDA-2025-03187,2025,2025-07-10,,2025-08-20,41,7525 and 7521 Graymore Road,175-N-70 and 175-N-72,0175N00070000000,R1D-L,R1D,14,Point Breeze,Parking pad,yes,residential_accessory,single_detached,auto (text match; dwelling type often not stated),,,,NONE,dimensional_variance,912.04,V|912.04.L;V|912.04.L.3,D,Denied,denied,"auto (regex on decision paragraph, reviewed)",The Applicant’s request for a variance from Section 912.04.L to allow the use of the front of the 7525 Graymore Road parcel for a parking pad is hereby DENIED.,40.44305,-79.89804,parcel_centroid_wprdc,https://www.pittsburghpa.gov/files/assets/city/v/1/dcp/bda-2025-03187-7525-graymore-road-zba-decision-2025-07-10.pdf,pittsburghpa.gov meeting page,2025-07-10,multiple parcels captioned; point is first matched parcel
59 of 2025,BDA-2025-02438,2025,2025-07-10,,2025-08-21,42,640 Casino Drive,7-M-2,0007M00002000000,RIV-NS,RIV,21,Chateau,Reconfiguration of an existing surface parking lot,no,non_housing,non_residential,rule,,,,NONE,dimensional_variance,905.04,V|905.04.I.2;V|905.04.I.2.a,AC,Approved with conditions,approved,"auto (regex on decision paragraph, reviewed)","The Applicant’s request for a variance from Section 905.04.I.2 to allow the development of a 386-space surface parking lot is hereby APPROVED; subject to the conditions that the parking lot complies with the Code’s requirements for surface parking, including landscaping and screening, and that a park shall be constructed on a portion of the Subject Property, as generally described to the Board.",40.447125,-80.018824,parcel_centroid_wprdc,https://www.pittsburghpa.gov/files/assets/city/v/1/dcp/documents/zoning-board-of-adjustment/bda-2025-02438-640-casino-drive-zba-decision-2025-06-10_1.pdf,pittsburghpa.gov meeting page,2025-07-10,
96 of 2025,BDA-2024-07173,2025,2025-08-07,,2025-09-03,27,"525, 527 and 529 South Braddock Avenue","176-A-168, 169, 171",0176A00168000000,R2-L,R2,14,Point Breeze,Installation of 6’ high fence along front property line,yes,residential_accessory,other_residential,auto (text match; dwelling type often not stated),,,,NONE,dimensional_variance,912.04,V|912.04.K;V|912.04.K(1),A,Approved,approved,"auto (regex on decision paragraph, reviewed)","The Applicant’s request for variances from Section 912.04.K to allow a 6’ high fence on the 525 South Braddock Avenue parcel, along the property line shared with the 523 South Braddock Avenue parcel, and a 6’ high open metal picket fence along the front property line of the 529 South Braddock Avenue is hereby APPROVED.",40.442015,-79.896818,parcel_centroid_wprdc,https://www.pittsburghpa.gov/files/assets/city/v/1/dcp/documents/zoning-board-of-adjustment/bda-2024-07173-525-s-braddock-avenue-zba-decision-2025-08-07_1.pdf,pittsburghpa.gov meeting page,2025-08-07,
85 of 2025,BDA-2025-01935,2025,2025-08-07,,2025-09-04,28,4819 Dearborn Street,50-J-44,0050J00044000000,R1A-H,R1A,10,Garfield,Second story addition on existing garage,yes,residential_accessory,single_detached,auto (text match; dwelling type often not stated),,,,NONE,dimensional_variance,903.03|912.04,V|912.04;V|912.04.E;V|912.04.B;V|903.03.D;V|912.04.C,D,Denied,denied,"auto (regex on decision paragraph, reviewed)",The Applicant’s request for variances from Section 912.04 to allow the construction of a 21’-6” high second story addition onto an existing one-story garage is hereby DENIED.,40.466343,-79.945472,parcel_centroid_wprdc,https://www.pittsburghpa.gov/files/assets/city/v/1/dcp/documents/zoning-board-of-adjustment/bda-2025-01935-4819-dearborn-street-zba-decision-2025-08-07_1.pdf,pittsburghpa.gov meeting page,2025-08-07,
94 of 2025,BDA-2025-05757,2025,2025-09-04,,,,2103 Noblestown Road,39-D-165,0039D00165000000,UNC,UNC,28,Westwood,Installation of Wall Sign for Giant Eagle,no,non_housing,non_residential,rule,,,,NONE,dimensional_variance,919.03,V|919.03.M.5.a;V|919.03.M.5(a),DWP,Denied without prejudice,denied,"auto (regex on decision paragraph, reviewed)","The Applicant’s request for variances from Section 919.03.M.5.a to allow the installation of a 447 sf wall sign, with 5’ letter height, on Noblestown Road façade is hereby DENIED, without prejudice to submit a revised signage plan.",40.431101,-80.052473,parcel_centroid_wprdc,https://www.pittsburghpa.gov/files/assets/city/v/1/dcp/bda-2025-05757-2103-noblestown-road-zba-decision.pdf,pittsburghpa.gov meeting page,2025-09-04,"decision date unparseable as printed: ""October 154, 2025"""
116 of 2025,BDA-2025-07812,2025,2025-09-04,,2025-09-05,1,4200 Main Street,49-L-378,0049L00378000000,R1A-VH,R1A,9,Bloomfield,Change of use to two-unit residential,yes,housing_units,two_unit,manual,1,2,1,LEGAL,special_exception,921.02,SE|921.02.A.4,A,Approved,approved,"auto (regex on decision paragraph, reviewed)",The Applicant’s request for a special exception pursuant to Code Section 921.02.A.4 to allow the use of the Subject Property for a two-unit residential use is hereby APPROVED.,40.464864,-79.954486,parcel_centroid_wprdc,https://www.pittsburghpa.gov/files/assets/city/v/1/dcp/bda-2025-07812-4200-main-street-zba-decision-2025-09-04.pdf,pittsburghpa.gov meeting page,2025-09-04,first-floor unit used without CO
66 of 2025,BDA-2025-03409,2025,2025-06-12,,2025-09-05,85,7926 Frankstown Avenue,"174-S-191, 186",0174S00191000000,LNC,LNC,13,East Hills,"Continued use of 8,516 sf Banquet Hall",no,non_housing,non_residential,rule,,,,NONE,special_exception,911.02|911.04,SE|911.02;SE|911.04.A.57.a,AC,Approved with conditions,approved,"auto (regex on decision paragraph, reviewed)","The Applicant’s request for a special exception, pursuant to Sections 911.02 and 911.04.A.57.a, to allow a restaurant (general) use on the Subject Property is hereby APPROVED, subject to the following conditions: 1. Hours of operation: The hours of operation of the banquet hall use shall be limited to 11 a.m. until 10:30 p.m., Sunday through Thursday; and 11 a.m. until 1 a.m., Friday and Saturday. All guests are to leave the building at or before the required closing time; 2. Parking: A total of",40.455061,-79.884806,parcel_centroid_wprdc,https://www.pittsburghpa.gov/files/assets/city/v/1/dcp/bda-2025-03409-7926-frankstown-ave-zba-decision-2025-06-12.pdf,pittsburghpa.gov meeting page,2025-06-12,
67 of 2025,BDA-2025-02110,2025,2025-06-12,,2025-09-08,88,2112 Sidney Street,12-F-309,0012F00309000000,LNC,LNC,16,South Side Flats,Renovation of existing 54-Unit Apartment building,yes,residential_accessory,multi_unit,manual,54,54,0,NONE,dimensional_variance|special_exception,914.02|914.11,SE|914.11.A.1;V|914.02,AC,Approved with conditions,approved,"auto (regex on decision paragraph, reviewed)","The Applicant’s request for a special exception, pursuant to Section 914.11.A.1, to allow the modification of the parking requirement in Section 914.02.A for the 54-unit multi-unit residential use on the Subject Property to 27 spaces is hereby APPROVED; subject to the following conditions: • A total of at least 27 off-site parking spaces shall be maintained and made available to tenants of the Subject Property; • The 27 off-site parking spaces are to be provided to tenants who register for the s",40.42914,-79.975582,parcel_centroid_wprdc,https://www.pittsburghpa.gov/files/assets/city/v/1/dcp/bda-2025-02110-2112-sidney-st-zba-decision-2025-06-12.pdf,pittsburghpa.gov meeting page,2025-06-12,parking modification for existing 54-unit building
98 of 2025,BDA-2025-05353,2025,2025-08-07,,2025-09-10,34,526 Pressley Street,9-A-33,0009A00033000000,R1A-VH,R1A,23,East Allegheny,5’ high solid wall at front of single unit residence,yes,residential_accessory,single_detached,auto (text match; dwelling type often not stated),,,,NONE,dimensional_variance,912.04,V|912.04.K,AC,Approved with conditions,approved,"auto (regex on decision paragraph, reviewed)","The Applicant’s request for a variance from Section 912.04.K to allow a 5’ high solid wall located in a front yard is hereby approved, subject to the condition that the upper 1’ of the 5’ wall shall contain open elements.",40.452198,-79.999005,parcel_centroid_wprdc,https://www.pittsburghpa.gov/files/assets/city/v/1/dcp/bda-2025-05353-526-pressley-st-zba-decision-2025-08-07.pdf,pittsburghpa.gov meeting page,2025-08-07,
102 of 2025,BDA-2025-06598,2025,2025-08-14,,2025-09-19,36,422 Eureka Street,15-D-184,0015D00184000000,R1D-H,R1D,18,Mount Washington,Front addition to existing house,yes,residential_accessory,single_detached,auto (text match; dwelling type often not stated),,,,NONE,dimensional_variance,903.03,V|903.03.D,D,Denied,denied,"auto (regex on decision paragraph, reviewed)",The Applicant’s request for a variance from Section 903.03.D to allow an addition to a house with a 6’ front setback is hereby DENIED.,40.423624,-79.999812,parcel_centroid_wprdc,https://www.pittsburghpa.gov/files/assets/city/v/1/dcp/documents/zoning-board-of-adjustment/bda-2025-04063-422-eureka-st-zba-decision.pdf,pittsburghpa.gov meeting page,2025-08-14,
105 of 2025,BDA-2025-05742,2025,2025-08-21,,2025-09-19,29,5137 Holmes Street,"80-H-82, 83",0080H00082000000,R1A-VH,R1A,10,Upper Lawrenceville,Change of use to recreation and entertainment indoor (limited) and office (limited),no,non_housing,non_residential,rule,,,,NONE,special_exception,921.02,SE|921.02.A.4,AC,Approved with conditions,approved,"auto (regex on decision paragraph, reviewed)","The Applicant’s request for a special exception pursuant to Section 921.02.A.4 to allow the change of use of the structure from the non-conforming art studio use to include a yoga studio and office space is hereby APPROVED, subject to compliance with the general hours of operation and operational details described to the Board.",40.47859,-79.952534,parcel_centroid_wprdc,https://www.pittsburghpa.gov/files/assets/city/v/1/dcp/documents/zoning-board-of-adjustment/bda-2025-05742-5137-holmes-st-zba-decision.pdf,pittsburghpa.gov meeting page,2025-08-21,
111 of 2025,BDA-2025-02204,2025,2025-08-21,,2025-09-19,29,901 N. Saint Claire Street,82-R-93,0082R00093000000,R2-M,R2,11,Highland Park,Change of use from convenience store to office,no,non_housing,non_residential,manual,,,,NONE,special_exception,921.02,SE|921.02.A.4,AC,Approved with conditions,approved,"auto (regex on decision paragraph, reviewed)","The Applicant’s request for a special exception pursuant to Section 921.02.A.4 to allow the change of use of the structure from the non-conforming grocery store use to an office use is hereby APPROVED, subject to compliance with the general hours of operation and operational details described to the Board.",40.472214,-79.923415,parcel_centroid_wprdc,https://www.pittsburghpa.gov/files/assets/city/v/1/dcp/documents/zoning-board-of-adjustment/bda-2025-02204-901-n-saint-claire-zba-decision.pdf,pittsburghpa.gov meeting page,2025-08-21,
114 of 2025,BDA-2025-03062,2025,2025-09-04,,2025-09-19,15,1500 Chateau Street,22-P-5,0022P00005000000,R2-H,R2,21,Manchester,Addition to existing manufacturing use,no,non_housing,non_residential,manual,,,,NONE,dimensional_variance,921.02,V|921.02.A.1,A,Approved,approved,"auto (regex on decision paragraph, reviewed)","The Applicant’s request for a variance from the requirements of Section 921.02.A.1 to allow the 1,700 sf expansion of an existing nonconforming manufacturing and assembly use, as described, is hereby APPROVED.",40.45484,-80.028235,parcel_centroid_wprdc,https://www.pittsburghpa.gov/files/assets/city/v/1/dcp/documents/zoning-board-of-adjustment/bda-2025-03062-1500-chateau-st-zba-decision.pdf,pittsburghpa.gov meeting page,2025-09-04,
54 of 2025,BDA-2025-01329,2025,2025-08-07,,2025-09-19,43,218 Schenley Manor Drive,81-R-306,0081R00306000000,R1D-L,R1D,10,Stanton Heights,New deck on rear of house,yes,residential_accessory,single_detached,auto (text match; dwelling type often not stated),,,,NONE,dimensional_variance,903.03,V|903.03.B.2,AC,Approved with conditions,approved,"auto (regex on decision paragraph, reviewed)","The Applicant’s request for a variance from 903.03.B.2 to continue to use a deck with a 1’-9” interior side setback is hereby APPROVED, subject to the condition that the Applicant provides some form of screening along the side of the deck that is sufficient to screen the deck from the 218 Schenley Manor Drive parcel.",40.474637,-79.937114,parcel_centroid_wprdc,https://www.pittsburghpa.gov/files/assets/city/v/1/dcp/documents/zoning-board-of-adjustment/bda-2025-01329-218-schenley-manor-dr-zba-decision.pdf,pittsburghpa.gov meeting page,2025-08-07,
97 of 2025,BDA-2025-03251,2025,2025-08-21,,2025-09-19,29,4624 Penn Avenue,50-J-130,0050J00130000000,LNC,LNC,9,Bloomfield,Use of front yard parking pad,yes,residential_accessory,two_unit,auto (text match; dwelling type often not stated),,,,NONE,dimensional_variance,912.04,V|912.04.3;V|912.04.L.3,AC,Approved with conditions,approved,"auto (regex on decision paragraph, reviewed)","The Applicant’s request for a variance from Section 912.04.3 to allow for the continued use of a front yard parking pad is hereby APPROVED, subject to the condition that the curb cut shall be reviewed and approved by the Department of Mobility and Infrastructure.",40.465555,-79.948664,parcel_centroid_wprdc,https://www.pittsburghpa.gov/files/assets/city/v/1/dcp/documents/zoning-board-of-adjustment/bda-2025-03251-4624-penn-ave-zba-decision.pdf,pittsburghpa.gov meeting page,2025-08-21,
106 of 2025,BDA-2025-03692,2025,2025-08-21,,2025-09-25,35,1241 Western Avenue,7-C-213,0007C00213000000,UNC,UNC,21,Chateau,16 Stall Commercial Parking Lot,no,non_housing,non_residential,rule,,,,NONE,dimensional_variance,907.03|918.02,V|907.03.B;V|918.02,AC,Approved with conditions,approved,"auto (regex on decision paragraph, reviewed)","The Applicant’s application to allow the use of the Subject Property for a 16- space commercial parking (limited) use is hereby APPROVED as a variance by estoppel. The request for a dimensional variance to allow a perimeter landscaping area with a depth of 4’ is also APPROVED. The approvals are subject to the condition that the Applicant complies with the Code’s other requirements for commercial parking (limited) uses, as presented to the Board.",40.450513,-80.023102,parcel_centroid_wprdc,https://www.pittsburghpa.gov/files/assets/city/v/1/dcp/documents/zoning-board-of-adjustment/bda-2025-03692-1241-western-ave-zba-decision.pdf,pittsburghpa.gov meeting page,2025-08-21,
95 of 2025,BDA-2025-00317,2025,2025-08-21,,2025-09-29,39,3559 Bigelow Boulevard,26-F-215,0026F00215000000,UNC,UNC,6,Polish Hill,Roof sign/statue,no,non_housing,non_residential,rule,,,,NONE,dimensional_variance,919.01,V|919.01.E.6,AC,Approved with conditions,approved,"auto (regex on decision paragraph, reviewed)","The Applicant’s request for a variance from Section 919.01.E.6 to allow roof mounted signs is hereby APPROVED for one of the two roof signs that were installed, subject to the condition that one of the roof signs is removed.",40.458979,-79.9587,parcel_centroid_wprdc,https://www.pittsburghpa.gov/files/assets/city/v/1/dcp/documents/zoning-board-of-adjustment/bda-2025-00317-3559-bigelow-blvd-zba-decision.pdf,pittsburghpa.gov meeting page,2025-08-21,
104 of 2025,DCP-ZDR-2024-00119,2025,2025-08-21,,2025-10-05,45,8510 Frankstown Avenue,"231-F-320, 231-F-316",0231F00320000000,LNC,LNC,13,East Hills,Change of use from mechanics garage to unlisted (commercial parking) for transportation business,no,non_housing,non_residential,manual,,,,NONE,dimensional_variance|nonconforming_review|use_variance,911.02|914.09|918.02|918.03|919.01|922.04,V|918.03.B;V|914.09.B;V|918.02;V|922.04.E.i;V|911.02;REVIEW|919.01.F,AC,Approved with conditions,approved,"auto (regex on decision paragraph, reviewed)","The Applicant’s request for a use variance to allow the transportation service use, including the 18,000 sf gravel parking area, as described to the Board is APPROVED. The Applicant’s request for variances from the landscaping and design standards in Sections 918.03.B, 914.09.B, 918.02, 922.04.E.i are also APPROVED. The replacement sign is APPROVED, pursuant to Section 919.01.F. The approvals are subject to the following conditions: • No buses shall be parked or stored in the right-of-way; • Emp",40.4582,-79.875088,parcel_centroid_wprdc,https://www.pittsburghpa.gov/files/assets/city/v/1/dcp/documents/zoning-board-of-adjustment/dcp-zdr-2024-00119-8510-frankstown-ave-zba-decision.pdf,pittsburghpa.gov meeting page,2025-08-21,multiple parcels captioned; point is first matched parcel
108 of 2025,BDA-2024-00158,2025,2025-09-04,,2025-10-09,35,1111 Middle Street,23-M-122,0023M00122000000,R1A-VH,R1A,23,East Allegheny,Deck,yes,residential_accessory,single_detached,auto (text match; dwelling type often not stated),,,,NONE,dimensional_variance,903.03,V|903.03.E.2,A,Approved,approved,"auto (regex on decision paragraph, reviewed)",The Applicant’s request for a variance from Section 903.03.E.2 to allow the continued use of a deck with a 0’ interior side setback is hereby APPROVED.,40.457015,-80.000431,parcel_centroid_wprdc,https://www.pittsburghpa.gov/files/assets/city/v/1/dcp/bda-2024-00158-1111-middle-st-zba-decision.pdf,pittsburghpa.gov meeting page,2025-09-04,
113 of 2025,BDA-2024-07874,2025,2025-09-04,,2025-10-15,41,1304 Manhattan Street,22-P-172,0022P00172000000,R1A-H,R1A,21,Manchester,Change of use of former church to 12-unit multi-unit residential building,yes,housing_units,multi_unit,manual,0,12,12,CONV,dimensional_variance|special_exception|use_variance,903.03|911.02|916.04|916.09,V|911.02;V|903.03.D;SE|916.04.B;SE|916.04.C;SE|916.09,AC,Approved with conditions,approved,"auto (regex on decision paragraph, reviewed)","The Applicant’s request for variances from Sections 911.02 and 903.03.D and special exceptions pursuant to Sections 916.04.B and 916.04.C to allow the conversion of the former church into a 12-unit multi-unit residential building with a 17-car parking lot and dumpster enclosure is hereby APPROVED, subject to the conditions that historical features are retained to the extent practicable and that screening and landscaping is provided, consistent with the design presented to the Board.",40.453822,-80.026072,parcel_centroid_wprdc,https://www.pittsburghpa.gov/files/assets/city/v/1/dcp/bda-2024-07874-1304-manhattan-st-zba-decision.pdf,pittsburghpa.gov meeting page,2025-09-04,
115 of 2025,BDA-2025-07530,2025,2025-09-11,,2025-10-22,41,5275 Butler Street,119-S-242,0119S00242000000,LNC,LNC,10,Upper Lawrenceville,Signs for Multi-Unit Residential Building/Tenant Space,yes,residential_accessory,multi_unit,manual,,,,NONE,dimensional_variance,919.03,V|919.03.M.5.C;V|919.03.M.8(d),AC,Approved with conditions,approved,"auto (regex on decision paragraph, reviewed)","The Applicant’s request for variances from Sections 919.03.M.5.C and 919.03.M.8(d)(ii) to allow for the installation of a 40.5 sf canopy sign and a projecting sign to identify the multi-unit residential building and a 40 sf retail tenant space on the fire station building is hereby APPROVED, subject to the condition that no additional building identification signage is permitted.",40.482214,-79.95281,parcel_centroid_wprdc,https://www.pittsburghpa.gov/files/assets/city/v/1/dcp/documents/zoning-board-of-adjustment/5275-butler-street-115-of-2025.pdf,pittsburghpa.gov meeting page,2025-09-11,signs for multi-unit residential building
77 of 2025,BDA-2025-04074,2025,2025-09-18,,2025-10-23,35,Tioga Street,"175-B-57, 58, 60, 61",0175B00057000000,UI,UI,13,Homewood South,Construction of three detached houses,yes,housing_units,single_detached,manual,0,3,3,NEW,dimensional_variance|use_variance,904.07|911.02,V|911.02;V|904.07.C,A,Approved,approved,"auto (regex on decision paragraph, reviewed)",The Applicant’s request for variances from Sections 911.02 and 904.07.C to allow the construction of three detached houses with limited interior side setbacks is hereby APPROVED.,40.451675,-79.891488,parcel_centroid_wprdc,https://www.pittsburghpa.gov/files/assets/city/v/1/dcp/documents/zoning-board-of-adjustment/tioga-street-77-of-2025.pdf,pittsburghpa.gov meeting page,2025-09-18,
131 of 2025,DCP-LOT-2025-00204,2025,2025-10-02,,2025-10-24,22,3021 Paulowna Street,25-M-239,0025M00239000000,R2-H,R2,6,Polish Hill,Subdivision,yes,residential_accessory,other_residential,manual,,,,NONE,dimensional_variance,926.12,V|926.129,A,Approved,approved,"auto (regex on decision paragraph, reviewed)",The Applicant’s request for a variance from Section 926.129 to allow the subdivision of the Subject Property into two lots is hereby APPROVED.,40.456072,-79.968098,parcel_centroid_wprdc,https://www.pittsburghpa.gov/files/assets/city/v/1/dcp/documents/zoning-board-of-adjustment/3021-paulowna-street-131-of-2025.pdf,pittsburghpa.gov meeting page,2025-10-02,subdivision
117 of 2025,BDA-2024-04101,2025,2025-09-18,,2025-10-25,37,424 Borland Street,83-K-288,0083K00288000000,R2-M,R2,11,East Liberty,Construction of House,yes,housing_units,single_detached,manual,0,1,1,NEW,dimensional_variance,903.03,V|903.03.C.2,DWP,Denied without prejudice,denied,"auto (regex on decision paragraph, reviewed)",The Applicant’s request for variances from Section 903.03.C.2 to allow construction of a three-story house with 0’ interior side setbacks on both side is hereby DENIED without prejudice.,40.466086,-79.925036,parcel_centroid_wprdc,https://www.pittsburghpa.gov/files/assets/city/v/1/dcp/documents/zoning-board-of-adjustment/borland-street-117-of-2025.pdf,pittsburghpa.gov meeting page,2025-09-18,
112 of 2025,BDA-2025-06633,2025,2025-09-18,,2025-10-28,40,210 East End Avenue,175-K-1,0175K00001000000,R2-L,R2,14,Point Breeze,Occupancy for a multi-unit residential building for ten units,yes,housing_units,multi_unit,manual,0,10,10,CONV,special_exception,921.02,SE|921.02.A.4,D,Denied,denied,"auto (regex on decision paragraph, reviewed)","The Applicant’s request for a special exception to allow a change of nonconforming use, pursuant to Code Section 921.02.A.4, from a funeral home to ten residential units is hereby DENIED. A change of use to allow eight residential units is also DENIED and that use of the property must be discontinued. The Board will consider a revised application for the change of use to no more than five residential units but will not issue an approval for a five-unit use without additional evidence, including ",40.445552,-79.894797,parcel_centroid_wprdc,https://www.pittsburghpa.gov/files/assets/city/v/1/dcp/documents/zoning-board-of-adjustment/210-east-end-ave-112-of-2025.pdf,pittsburghpa.gov meeting page,2025-09-18,funeral home to 10 units denied (8 also denied)
130 of 2025,DCP-ZDR-2023-06528,2025,2025-09-18,,2025-10-29,41,West North Avenue,"23-N-170, 173",0023N00170000000,RM-M,RM,22,Allegheny West,New construction of 8 duplexes for use as multi-unit residential,yes,housing_units,two_unit,manual,0,16,16,NEW,dimensional_variance,903.03,V|903.03.C,AC,Approved with conditions,approved,"auto (regex on decision paragraph, reviewed)","The Applicant’s request for dimensional variances from the front and side setbacks standards in Section 903.03.C, as presented to the Board, are APPROVED, subject to the condition that the proposed development shall not encroach on the 15’ easement.",40.453746,-80.015055,parcel_centroid_wprdc,https://www.pittsburghpa.gov/files/assets/city/v/1/dcp/documents/zoning-board-of-adjustment/w-north-ave-130-of-2025.pdf,pittsburghpa.gov meeting page,2025-09-18,eight duplexes
118 of 2025,BDA-2024-06946,2025,2025-10-02,,2025-11-13,42,16 Emerald Street,"3-P-249, 250",0003P00249000000,R1D-H,R1D,18,Allentown,Three Car Garage,yes,residential_accessory,single_detached,manual,,,,NONE,dimensional_variance,912.04,V|912.04.L.3,AC,Approved with conditions,approved,"auto (regex on decision paragraph, reviewed)",The Applicant’s request for a variance from Section 912.04.L.3 to allow the construction of a three-car detached garage within an exterior side yard is hereby APPROVED; subject to the conditions that Parcel Nos. 3-P-249 and 250 shall continue to be considered a single “zoning lot;” the garage on Parcel No. 3-P-250 shall be used only for parking and storage that is accessory to the primary residential use on Parcel No. 3-P-249/16 Emerald Street; that no other use of the accessory garage will be p,40.423981,-79.991638,parcel_centroid_wprdc,https://www.pittsburghpa.gov/files/assets/city/v/1/dcp/bda-2024-06946-16-emerald-street-zba-staff-report.pdf,pittsburghpa.gov meeting page,2025-10-02,
120 of 2025,BDA-2025-06515,2025,2025-10-02,,2025-11-16,45,1503 Westfield Street,35-D-71,0035D00071000000,R1D-H,R1D,19,Beechview,Fence,yes,residential_accessory,single_detached,auto (text match; dwelling type often not stated),,,,NONE,dimensional_variance,912.04,V|912.04.K,AC,Approved with conditions,approved,"auto (regex on decision paragraph, reviewed)","The Applicant’s request for a variance from Section 912.04.K to allow a 6’ high fence on the Subject Property, along the property line shared with the parcel at 1509 Westfield Street, is hereby APPROVED; subject to these conditions: • The 6’ screening fence, as installed, must be removed within 6 weeks of this decision; • If a replacement fence is installed, it may extend to a height of 6’ but must contain some open and/or ornamental element; • The fence must be entirely on the Subject Property ",40.411953,-80.018987,parcel_centroid_wprdc,https://www.pittsburghpa.gov/files/assets/city/v/1/dcp/bda-2025-06515-1503-westfield-street-zba-decision.pdf,pittsburghpa.gov meeting page,2025-10-02,
127 of 2025,BDA-2025-08382,2025,2025-10-02,,2025-11-17,46,59 South 2nd Street,3-A-80,0003A00080000000,RIV-IMU,RIV,17,South Shore,Wall Sign,no,non_housing,non_residential,rule,,,,NONE,dimensional_variance,919.03,V|919.03.M.5,AC,Approved with conditions,approved,"auto (regex on decision paragraph, reviewed)",The Applicant’s request for variances from Section 919.03.M.5 to allow the installation of a 126 sf wall sign at a height of 75’ from grade is hereby APPROVED; subject to the condition that no additional wall-mounted signs shall be permitted.,40.430946,-79.998797,parcel_centroid_wprdc,https://www.pittsburghpa.gov/files/assets/city/v/1/dcp/bda-2025-08382-59-s-2nd-street-zba-staff-report.pdf,pittsburghpa.gov meeting page,2025-10-02,
110 of 2025,BDA-2025-05574,2025,2025-10-09,,2025-11-19,41,1643 Arlington Avenue,14-M-18,0014M00018000000,LNC,LNC,17,South Side Slopes,Electronic Gas Station Signage,no,non_housing,non_residential,rule,,,,NONE,dimensional_variance,919.03,V|919.03.O.3,A,Approved,approved,"auto (regex on decision paragraph, reviewed)","The Applicant’s request for a variance from Section 919.03.O.3 to allow for the installation of a 36 sf electronic sign to display gas prices is APPROVED for use only for required fuel price information, which will remain static except when changed.",40.417985,-79.986705,parcel_centroid_wprdc,https://www.pittsburghpa.gov/files/assets/city/v/1/dcp/bda-2025-05574-1643-arlington-ave-zba-decision.pdf,pittsburghpa.gov meeting page,2025-10-09,
130 of 2025,DCP-ZDR-2025-03080,2025,2025-10-09,,2025-11-19,41,7165 Churchland Street,173-B-161,0173B00161000000,R1D-L,R1D,12,Lincoln Lemington Belmar,Emergency Generator,yes,residential_accessory,other_residential,manual,,,,NONE,dimensional_variance|special_exception,903.03|912.04|916.06|916.09,SE|916.09;V|912.04.K;V|903.03.C.2;V|903.03.B.2;SE|916.06,A,Approved,approved,"auto (regex on decision paragraph, reviewed)",The Applicant’s request for a special exception pursuant to Section 916.09 and variances from Sections 912.04.K and 903.03.C.2 to allow for the installation of an emergency generator in the front yard of the Subject Property and a 6’ high solid fence along the property line shared with the 7159 Churchland Street property is hereby APPROVED.,40.47033,-79.894644,parcel_centroid_wprdc,https://www.pittsburghpa.gov/files/assets/city/v/1/dcp/dcp-zdr-2025-03080-7165-churchland-st-zba-decision.pdf,pittsburghpa.gov meeting page,2025-10-09,generator and fence
122 of 2025,BDA-2024-06630,2025,2025-10-09,,2025-11-20,42,172 Maxwell Way,124-P-11,0124P00011000000,R1A-H,R1A,12,Larimer,Renovation of existing garage,yes,residential_accessory,other_residential,manual,,,,NONE,nonconforming_review|special_exception,911.02|921.02,SE|921.02.A.4;REVIEW|911.02,AC,Approved with conditions,approved,"auto (regex on decision paragraph, reviewed)",The Applicant’s request for a special exception pursuant to Section 921.02.A.4 is hereby APPROVED; subject to the condition that use of the garage shall be limited to uses and purposes described to the Board.,40.464558,-79.911808,parcel_centroid_wprdc,https://www.pittsburghpa.gov/files/assets/city/v/1/dcp/bda-2024-06630-172-maxwell-way-zba-staff-report.pdf,pittsburghpa.gov meeting page,2025-10-09,garage
133 of 2025,BDA-2025-08798,2025,2025-10-16,,2025-11-25,40,1402 Sheffield Street,22-P-264,0022P00264000000,R2-H,R2,21,Manchester,4’ high wall,yes,residential_accessory,single_detached,auto (text match; dwelling type often not stated),,,,NONE,dimensional_variance,912.04,V|912.04.K;V|912.04.K(1),AC,Approved with conditions,approved,"auto (regex on decision paragraph, reviewed)","The Applicant’s request for a variance from Section 912.04.K to construct a 4’ high opaque fence is hereby APPROVED; subject to the condition that the height of the fence shall not exceed 4’, as presented to the Board.",40.45325,-80.026215,parcel_centroid_wprdc,https://www.pittsburghpa.gov/files/assets/city/v/1/dcp/bda-2025-08798-1402-sheffield-street-zba-decision.pdf,pittsburghpa.gov meeting page,2025-10-16,
132 of 2025,BDA-2025-09192,2025,2025-10-16,,2025-11-26,41,6933 Greenwood Street,"121-K-309, 121-L-309",0121K00309000000,R1A-H,R1A,10,Morningside,Ornamental Trellises,yes,residential_accessory,single_detached,auto (text match; dwelling type often not stated),,,,NONE,dimensional_variance,903.03|912.04,V|903.03.B.2;V|912.04;V|912.04.K;V|903.03.D,A,Approved,approved,"auto (regex on decision paragraph, reviewed)","The Applicant’s request for variances from Sections 903.03.B.2, 912.04 and 912.04.K to allow the construction of two trellises located in the front and interior side setbacks, as described to the Board, is hereby APPROVED.",40.48483,-79.924647,parcel_centroid_wprdc,https://www.pittsburghpa.gov/files/assets/city/v/1/dcp/bda-2025-09192-6933-greenwood-street-zba-decision.pdf,pittsburghpa.gov meeting page,2025-10-16,multiple parcels captioned; point is first matched parcel
136 of 2025,BDA-2025-02965,2025,2025-10-16,,2025-12-01,46,316 McKinley Street,33-F-294,0033F00294000000,R1D-H,R1D,30,Knoxville,Use of 11’ by 19’ deck in front yard,yes,residential_accessory,single_detached,auto (text match; dwelling type often not stated),,,,NONE,dimensional_variance,903.03|912.04,V|903.03.D.2;V|912.04;V|903.03.D,D,Denied,denied,"auto (regex on decision paragraph, reviewed)",The Applicant’s request for variances from Sections 903.03.D.2 and 912.04 to allow a deck to be located within the required front and interior side setbacks is hereby DENIED and the deck should be removed.,40.409442,-79.994416,parcel_centroid_wprdc,https://www.pittsburghpa.gov/files/assets/city/v/1/dcp/bda-2025-02965-316-mckinley-street-zba-staff-report.pdf,pittsburghpa.gov meeting page,2025-10-16,
126 of 2025,DCP-ZDR-2025-04400,2025,2025-10-02,,2025-12-02,61,3021 Landis Street,"15-D-274, 336",0015D00274000000,R1D-H,R1D,20,Sheraden,Request to amend conditions from Zone Case No. 269 of 2021 to allow Karpeles Manuscript to be on open on Saturdays and Sundays,no,non_housing,non_residential,rule,,,,NONE,,,,AC,Approved with conditions,approved,"auto (regex on decision paragraph, reviewed)","The request to amend the conditions of approval in Zone Case No. 269 of 2021 to allow the museum to operate on Saturday and Sunday is hereby APPROVED. The use of the Subject Property for a cultural services (general) use is hereby permitted subject to the following conditions: • The maximum capacity of the museum shall not exceed 250 people; • The museum is not to be used for parties or other large weekend events; • The permitted hours of operation shall be from 9 a.m. until 5 p.m., seven days p",40.421522,-80.001413,parcel_centroid_wprdc,https://www.pittsburghpa.gov/files/assets/city/v/1/dcp/dcp-zdr-2025-04400-3021-landis-street-zba-deicision.pdf,pittsburghpa.gov meeting page,2025-10-02,
139 of 2025,BDA-2025-09365,2025,2025-11-06,,2025-12-03,27,236 Mansion Street,,,R1A-H,R1A,15,Hazelwood,Child Care,no,non_housing,non_residential,manual,,,,NONE,special_exception,911.02|911.04,SE|911.02;SE|911.04.A.1,AC,Approved with conditions,approved,"auto (regex on decision paragraph, reviewed)","The Applicant’s request for a special exception pursuant to Code Sections 911.02 and 911.04.A.1, to allow the child care (general) use for no more than 12 children is hereby APPROVED, subject to the condition that the Applicant shall receive all necessary approvals from the Department of Human Services.",40.404078,-79.940253,census_geocoder_address,https://www.pittsburghpa.gov/files/assets/city/v/1/dcp/bda-2025-09365-236-mansion-street-zba-staff-report.pdf,pittsburghpa.gov meeting page,2025-10-16,
140 of 2025,BDA-2025-09820,2025,2025-11-06,,2025-12-03,27,228 Steuben Street,19-C-87,0019C00087000000,H,H,20,Elliott,2-unit residential,yes,housing_units,two_unit,manual,2,2,0,LEGAL,nonconforming_review,911.02,V|911.02,NC,Nonconforming status confirmed,approved,"auto (regex on decision paragraph, reviewed)","The use of the structure for two units, with no off-street parking, is legally nonconforming and may continue.",40.441451,-80.037199,parcel_centroid_wprdc,https://www.pittsburghpa.gov/files/assets/city/v/1/dcp/bda-2025-09820-228-steuben-st-zba-staff-report.pdf,pittsburghpa.gov meeting page,2025-10-16,"relief table listed nonconforming_review|use_variance; Board found use legally nonconforming, so relief_type set to nonconforming_review"
142 of 2025,BDA-2025-07669,2025,2025-11-06,,2025-12-04,28,2851 Ardsley Avenue,97-F-39,0097F00039000000,R1D-M,R1D,19,Brookline,Porch Enclosure,yes,residential_accessory,single_detached,auto (text match; dwelling type often not stated),,,,NONE,dimensional_variance,903.03,V|903.03.c.2;V|903.03.C.2,AC,Approved with conditions,approved,"auto (regex on decision paragraph, reviewed)","The Applicant’s request for a variance from Section 903.03.c.2 to allow a 13’ front setback, resulting from the enclosure of the entire existing front porch, is hereby APPROVED, subject to the condition that no new porch structure extends from the enclosed portion of the structure into the front setback.",40.390622,-80.02492,parcel_centroid_wprdc,https://www.pittsburghpa.gov/files/assets/city/v/1/dcp/bda-2025-07669-2851-ardsley-ave-zba-decision.pdf,pittsburghpa.gov meeting page,2025-10-16,
119 of 2025,BDA-2025-03540,2025,2025-10-09,,2025-12-05,57,4932 Yew Street,51-J-229,0051J00229000000,R1A-H,R1A,8,Bloomfield,Construction of Four Attached Houses,yes,housing_units,single_attached,manual,0,4,4,NEW,dimensional_variance,903.03,V|903.03.C.2;V|903.03.B.2,A,Approved,approved,"auto (regex on decision paragraph, reviewed)",The Applicant’s request for variances from Section 903.03.C.2 to allow the construction of four four-story attached houses with limited setbacks is hereby APPROVED.,40.457452,-79.946892,parcel_centroid_wprdc,https://www.pittsburghpa.gov/files/assets/city/v/1/dcp/bda-2025-03540-4932-yew-street-zba-decision.pdf,pittsburghpa.gov meeting page,2025-10-09,
129 of 2025,BDA-2025-06720,2025,2025-10-02,,2025-12-11,70,630 North Aiken Avenue,"83-A-46, 47",0083A00046000000,"R2-M, H",R2,11,East Liberty,Construction of Student Living Building,yes,housing_units,other_residential,manual,,,,NEW,dimensional_variance|use_variance,905.02|911.02|912.04|914.02,V|911.02;V|905.02.C;V|914.02;V|912.04;V|914.02A,S,Split,split,"auto (regex on decision paragraph, reviewed)","The Applicant’s request for a variance from Sections 911.02 to allow the unlisted student residential use, as described to the Board, is APPROVED, subject to these conditions: • The number of students participating in the program and living at the Subject Property shall not exceed 16; • At least one program staff member must be on site whenever student residents are also on site; and • The Applicant shall submit an operation and management plan which describes the operation and management of the",40.471316,-79.931934,parcel_centroid_wprdc,https://www.pittsburghpa.gov/files/assets/city/v/1/dcp/bda-2025-06720-630-n-aiken-avenue-zba-decision.pdf,pittsburghpa.gov meeting page,2025-10-02,"unlisted student residential use, max 16 students"
143 of 2025,BDA-2025-10178,2025,2025-11-13,,2025-12-17,34,2325 Fremont Place,62-A-168,0062A00168000000,R1D-M,R1D,19,Beechview,Use of shed at rear of existing dwelling,yes,residential_accessory,single_detached,manual,,,,NONE,dimensional_variance,903.03,V|903.03.C,A,Approved,approved,"auto (regex on decision paragraph, reviewed)","The Applicant’s request for variances from the setback standards in Section 903.03.C to allow the continued use of the shed, as installed, is hereby APPROVED.",40.401856,-80.030602,parcel_centroid_wprdc,https://www.pittsburghpa.gov/files/assets/city/v/1/dcp/documents/zoning-board-of-adjustment/2325-fremont-pl-143-of-2025.pdf,pittsburghpa.gov meeting page,2025-11-13,shed
100 of 2025,"BDA-2025-06340, 06341, 06353",2025,2025-11-06,,2025-12-21,45,S. 11th Street and Bradish Street,"3-L-438, 436, 434, 432, 430, 428, 426, 3-M-427, 425",0003L00438000000,R1A-VH,R1A,17,South Side Flats,Construction of three houses,yes,housing_units,single_detached,manual,0,3,3,NEW,dimensional_variance,903.03,V|903.03.E,AC,Approved with conditions,approved,"auto (regex on decision paragraph, reviewed)","The Applicant’s request for variances from Section 903.03.E to allow 7’-6” rear setbacks for the houses on Parcel Nos. 3-L-346 and 348 and a 0’ interior side setback for the house on Parcel No. 3-M-426, as described to the Board, is hereby APPROVED, subject to the condition that DOMI must review the proposed curb cuts.",40.427083,-79.987287,parcel_centroid_wprdc,https://www.pittsburghpa.gov/files/assets/city/v/1/dcp/documents/zoning-board-of-adjustment/11th-and-bradish-100-of-2025.pdf,pittsburghpa.gov meeting page,2025-11-06,multiple parcels captioned; point is first matched parcel
171 of 2024,BDA-2024-02306,2025,2025-10-02,,2025-12-29,88,1700 Penn Avenue,Parcel Nos. 9-H-52 and 9-H-59,0009H00052000000,UI,UI,2,Strip District,New Multi-Unit Residential Building,yes,housing_units,multi_unit,manual,0,,,NEW,dimensional_variance|special_exception,904.07|911.02|911.04,SE|911.02;SE|911.04.A.85;V|904.07.C.3;SE|904.07.C.4;SE|904.07.C.5,S,Split,split,"auto (regex on decision paragraph, reviewed)","For the foregoing reasons, the Board APPROVES the request for a special exception pursuant to Sections 911.02 and 911.04.A.85 for a multi-residential use in a UI District; DENIES the dimensional variances from the interior and exterior side setback requirements in Section 904.07.C.3; and DENIES the request for special exceptions pursuant to Sections 904.07.C.4 and 5.",40.449687,-79.985626,parcel_centroid_wprdc,https://www.pittsburghpa.gov/files/assets/city/v/1/dcp/documents/zoning-board-of-adjustment/1700-penn-ave-171-of-2024.pdf,pittsburghpa.gov meeting page,2025-10-02,multiple parcels captioned; point is first matched parcel
161 of 2025,BDA-2024-03475,2026,2025-12-11,,2026-01-22,42,329 37th Street,49-N-272,0049N00272000000,R1A-H,R1A,6,Lower Lawrenceville,Deck,yes,residential_accessory,single_detached,auto (text match; dwelling type often not stated),,,,NONE,dimensional_variance,903.03,V|903.03.D.2,DWP,Denied without prejudice,denied,"auto (regex on decision paragraph, reviewed)",The Applicant’s request for a variance from Section 903.03.D.2 to the second floor deck with 0’ setbacks from both side property lines is hereby DENIED without prejudice to submit a revised plan.,40.46381,-79.962512,parcel_centroid_wprdc,https://www.pittsburghpa.gov/files/assets/city/v/1/dcp/documents/zoning-board-of-adjustment/329-37th-st-161-of-2025.pdf,pittsburghpa.gov meeting page,2025-12-11,
171 of 2025,BDA-2024-00051,2026,2026-01-15,,2026-01-22,7,8012 Conemaugh Street,"174-S-231, 174-S-200, 174-M-3, 174-M-6",0174S00231000000,"LNC, NDI",LNC,13,East Hills,Occupancy for vehicle sales/service and vehicle repair use,no,non_housing,non_residential,rule,,,,NONE,special_exception,911.02|911.04,SE|911.02;SE|911.04.A.75,A,Approved,approved,2026 hand-coded sample,"The Applicant’s request for a special exception pursuant to Sections 911.02 and 911.04.A.75 to allow use the Subject Property for a vehicle/equipment sales (limited) use, as described to the Board, is hereby APPROVED.",40.454636,-79.883969,parcel_centroid_wprdc,https://www.pittsburghpa.gov/files/assets/city/v/1/dcp/documents/zoning-board-of-adjustment/8012-conemaugh-street-171-of-2025.pdf,pittsburghpa.gov meeting page,2026-01-15,multiple parcels captioned; point is first matched parcel
157 of 2025,BDA-2025-11154,2026,2025-12-11,,2026-01-25,45,340 N. Aiken Ave,50-H-52,0050H00052000000,R2-H,R2,11,Garfield,Use of existing building for convenience store,no,non_housing,non_residential,manual,,,,NONE,special_exception,921.02,SE|921.02.A.4,A,Approved,approved,"auto (regex on decision paragraph, reviewed)","The Applicant’s request for a special exception pursuant to Section 921.02.A.4 to allow the grocery store (limited) use, as described to the Board, is hereby APPROVED.",40.46752,-79.934348,parcel_centroid_wprdc,https://www.pittsburghpa.gov/files/assets/city/v/1/dcp/documents/zoning-board-of-adjustment/340-n-aiken-ave-zba-decision-157-of-2025.pdf,pittsburghpa.gov meeting page,2025-12-11,
159 of 2025,BDA-2024-04101,2026,2025-12-11,,2026-01-26,46,424 Borland Street,83-K-288,0083K00288000000,R2-M,R2,11,East Liberty,House,yes,housing_units,single_detached,manual,0,1,1,NEW,dimensional_variance,903.03,V|903.03.C,AC,Approved with conditions,approved,"auto (regex on decision paragraph, reviewed)","The Applicant’s request for variances from Section 903.03.C to construct a house with the limited interior side setbacks described in the revised Application is hereby APPROVED, subject to the condition that the height of the new structure will not exceed the height of the adjacent structures.",40.466086,-79.925036,parcel_centroid_wprdc,https://www.pittsburghpa.gov/files/assets/city/v/1/dcp/documents/zoning-board-of-adjustment/borland-street-zba-decision-159-of-2025.pdf,pittsburghpa.gov meeting page,2025-12-11,
128 of 2025,BDA-2025-08535,2026,2026-01-08,,2026-01-28,20,1923 Broadway Avenue,35-P-9,0035P00009000000,R1D-M,R1D,19,Beechview,Change from funeral home to art studio with one dwelling unit,no,non_housing,non_residential,manual,,,,NONE,special_exception,921.02,SE|921.02.A.4,A,Approved,approved,2026 hand-coded sample,"The Applicant’s request for a special exception pursuant to Section 921.02.A.4 to allow the use of the Subject Property for an art studio and gallery, as described to the Board, is hereby APPROVED.",40.406322,-80.027869,parcel_centroid_wprdc,https://www.pittsburghpa.gov/files/assets/city/v/1/dcp/documents/zoning-board-of-adjustment/1923-broadway-ave-zba-decision-128-of-2025.pdf,pittsburghpa.gov meeting page,2026-01-08,art studio with existing upstairs unit
141 of 2025,BDA-2025-09507,2026,2026-01-08,,2026-01-28,20,5308 Ellsworth Avenue,52-C-149,0052C00149000000,R2-M,R2,7,Shadyside,Parking Pad,yes,residential_accessory,single_detached,auto (text match; dwelling type often not stated),,,,NONE,dimensional_variance,912.04,V|912.04.L;V|912.04.L(3),D,Denied,denied,2026 hand-coded sample,The Applicant’s request for a variance from Section 912.04.L to allow for the construction of a parking pad in the front yard of the Subject Property is hereby DENIED.,40.452279,-79.937249,parcel_centroid_wprdc,https://www.pittsburghpa.gov/files/assets/city/v/1/dcp/documents/zoning-board-of-adjustment/5308-ellsworth-ave-zba-decision-141-of-2025.pdf,pittsburghpa.gov meeting page,2026-01-08,
164 of 2025,BDA-2025-10536,2026,2026-01-08,,2026-01-28,20,530 Mellon Street,83-F-206,0083F00206000000,R2-H,R2,11,East Liberty,Construction of house,yes,housing_units,single_detached,manual,0,1,1,NEW,dimensional_variance,915.02,V|915.02.D,AC,Approved with conditions,approved,2026 hand-coded sample,"The Applicant’s request for a variance from Section 915.02.D to allow waiver of the tree replacement requirement is hereby APPROVED, subject to the condition that landscaping shall be provided in the general plan presented to the Board.",40.468221,-79.926355,parcel_centroid_wprdc,https://www.pittsburghpa.gov/files/assets/city/v/1/dcp/documents/zoning-board-of-adjustment/530-mellon-st-zba-decision-164-of-2025.pdf,pittsburghpa.gov meeting page,2026-01-08,
156 of 2025,BDA-2025-10840,2026,2026-01-08,,2026-01-30,22,213 Smith Way,"4-P-285, 4-P-284",0004P00285000000,R1D-H,R1D,19,Mount Washington,Addition,yes,residential_accessory,single_detached,auto (text match; dwelling type often not stated),,,,NONE,dimensional_variance,903.03,V|903.03.D,D,Denied,denied,2026 hand-coded sample,The Applicant’s request for a variance from Section 903.03.D to allow the construction of an addition with a 6” side setback is hereby DENIED.,40.424063,-80.008805,parcel_centroid_wprdc,https://www.pittsburghpa.gov/files/assets/city/v/1/dcp/documents/zoning-board-of-adjustment/213-smith-way-zba-decision-156-of-2025.pdf,pittsburghpa.gov meeting page,2026-01-08,multiple parcels captioned; point is first matched parcel
158 of 2025,BDA-2025-06620,2026,2026-01-08,,2026-01-30,22,1065 Spring Garden Avenue,24-F-196,0024F00196000000,R1A-H,R1A,24,Spring Garden,Construction of 2-unit residential structure,yes,housing_units,two_unit,manual,0,2,2,NEW,dimensional_variance|use_variance,903.03|911.02,V|911.02;V|903.03.D,A,Approved,approved,2026 hand-coded sample,The Applicant’s request for variances from Sections 911.02 and 903.03.D to allow for two residential unit use within a structure with a 0’ interior side setback is hereby APPROVED.,40.459571,-79.993207,parcel_centroid_wprdc,https://www.pittsburghpa.gov/files/assets/city/v/1/dcp/documents/zoning-board-of-adjustment/1065-spring-garden-zba-decision-158-of-2026.pdf,pittsburghpa.gov meeting page,2026-01-08,file name says 158 of 2026; PDF caption says 158 of 2025
162 of 2025,BDA-2025-08317,2026,2026-01-08,,2026-02-12,35,1464 Smallman Street,9-G-13,0009G00013000000,GT-B,GT,2,Strip District,Wall Signs,no,non_housing,non_residential,rule,,,,NONE,dimensional_variance,919.03,V|919.03.M.7,DWP,Denied without prejudice,denied,2026 hand-coded sample,"The Applicant’s request for variances from Section 919.03.M.7 to allow the installation of 111 sf of wall signage on the Smallman Street façade and 130 sf of wall signage on the 15th Street façade is hereby DENIED, without prejudice to submit a revised signage plan.",40.448272,-79.989359,parcel_centroid_wprdc,https://www.pittsburghpa.gov/files/assets/city/v/1/dcp/documents/zoning-board-of-adjustment/1464-smallman-street-162-of-2025.pdf,pittsburghpa.gov meeting page,2026-01-08,
134 of 2025,BDA-2025-09147,2026,2026-01-08,,2026-02-16,39,Monongahela Street,55-P-82,0055P00082000000,R1D-H,R1D,15,Hazelwood,Construction of two-unit residential structure,yes,housing_units,single_attached,manual,0,2,2,NEW,use_variance,911.02,V|911.02,A,Approved,approved,2026 hand-coded sample,The Applicant’s request for a variance from Section 911.02 to permit the construction of two attached single-family houses on the Subject Property is hereby APPROVED.,40.41534,-79.944673,parcel_centroid_wprdc,https://www.pittsburghpa.gov/files/assets/city/v/1/dcp/documents/zoning-board-of-adjustment/monongahela-street-134-of-2025.pdf,pittsburghpa.gov meeting page,2026-01-08,request says 2-unit structure; decision says two attached single-family houses
152 of 2025,BDA-2025-10308,2026,2026-01-08,,2026-02-18,41,1709 Saw Mill Run Boulevard,60-N-115,0060N00115000000,NDI,NDI,29,Carrick,Dumpster Screening,no,non_housing,non_residential,rule,,,,NONE,dimensional_variance,912.04,V|912.04.H,A,Approved,approved,2026 hand-coded sample,The Applicant’s request for a variance from Section 912.04.H to waive the Code’s requirement that dumpsters are to be stored within an enclosure is hereby APPROVED.,40.395796,-79.99742,parcel_centroid_wprdc,https://www.pittsburghpa.gov/files/assets/city/v/1/dcp/documents/zoning-board-of-adjustment/1709-saw-mill-run-blvd-179-of-2025.pdf,pittsburghpa.gov meeting page,2026-01-08,file name says 179 of 2025; PDF caption says 152 of 2025
173 of 2025,BDA-2025-11861,2026,2026-01-15,,2026-02-18,34,341 Orwell Way,26-D-109-B,0026D00109000000,R2-H,R2,8,Bloomfield,Construction of one-story addition at rear of house,yes,residential_accessory,single_detached,manual,,,,NONE,dimensional_variance,903.03|925.06,V|903.03.E;V|925.06.C,A,Approved,approved,2026 hand-coded sample,The Applicant’s request for dimensional variances from Sections 903.03.E/925.06.C to allow for the construction of an addition with the limited side and rear setbacks described to the Board is hereby APPROVED.,40.461653,-79.952128,parcel_centroid_wprdc,https://www.pittsburghpa.gov/files/assets/city/v/1/dcp/documents/zoning-board-of-adjustment/341-orwell-way-173-of-2025-1.pdf,pittsburghpa.gov meeting page,2026-01-15,
190 of 2025,BDA-2025-10490,2026,2026-01-15,,2026-02-18,34,1406 Sheffield Street,22-P-260,0022P00260000000,R2-H,R2,21,Manchester,Construction of Single-Family House,yes,housing_units,single_detached,manual,0,1,1,NEW,dimensional_variance,903.03|925.06,V|903.03.D.2;V|925.06.C,A,Approved,approved,2026 hand-coded sample,The Applicant’s request for a variance from Section 903.03.D.2 to allow the construction a house on the Subject Property with a 0’ interior side setback is hereby APPROVED.,40.453214,-80.026417,parcel_centroid_wprdc,https://www.pittsburghpa.gov/files/assets/city/v/1/dcp/documents/zoning-board-of-adjustment/1406-sheffield-street-190-of-2025.pdf,pittsburghpa.gov meeting page,2026-01-15,
166 of 2025,BDA-2025-05447,2026,2026-01-15,,2026-02-19,35,1110 Middle Street,23-M-144,0023M00144000000,R1A-VH,R1A,23,East Allegheny,Conversion of existing structure into two-unit residential,yes,housing_units,two_unit,manual,1,2,1,CONV,use_variance,911.02,V|911.02,A,Approved,approved,2026 hand-coded sample,The Applicant’s request for a variance from Section 911.02 to allow the renovation of the structure on the Subject Property for a two-unit residential use is hereby APPROVED.,40.456947,-79.999904,parcel_centroid_wprdc,https://www.pittsburghpa.gov/files/assets/city/v/1/dcp/documents/zoning-board-of-adjustment/1110-middle-street-zone-case-166.pdf,pittsburghpa.gov meeting page,2026-01-15,
160 of 2025,BDA-2025-06335,2026,2026-01-15,,2026-02-25,41,201 S. Pacific Avenue,50-R-170,0050R00170000000,R2-M,R2,8,Bloomfield,Home Occupation for Dog Services,no,non_housing,non_residential,manual,,,,NONE,dimensional_variance|nonconforming_review,912.05,REVIEW|912.05;V|912.05.B.5,S,Split,split,2026 hand-coded sample,"The Applicant’s request to allow the proposed use, which includes dog boarding, dog daycare and dog-walking services, is DENIED in part and is APPROVED in part. The proposed dog boarding service constitutes an “Animal Care (limited) use” and the required use variance to allow that component of the proposed use is DENIED. No dogs shall be boarded overnight on the Subject Property. The proposed dog daycare and dog-walking services are APPROVED as a “home occupation,” subject to these conditions: •",40.463764,-79.939877,parcel_centroid_wprdc,https://www.pittsburghpa.gov/files/assets/city/v/1/dcp/documents/zoning-board-of-adjustment/201-s-pacific-ave-160-of-2025.pdf,pittsburghpa.gov meeting page,2026-01-15,home occupation (dog services)
15 of 2026,BDA-2026-00608,2026,2026-02-19,,2026-03-09,18,814 Kroll Drive,7-F-25,0007F00025000000,RIV-IMU,RIV,21,Chateau,Helistop,no,non_housing,non_residential,rule,,,,NONE,aapp_parking|dimensional_variance|special_exception|use_variance,905.04|911.02|911.03|911.04|914.07,SE|911.02;SE|911.04.A.28;SE|911.04.A.31;SE|911.03.A.32;SE|914.07.G.2;V|911.04.28;V|905.04.E.4;SE|911.04.A.29;SE|914.07.G.2.a,AC,Approved with conditions,approved,2026 hand-coded sample,"The Applicant’s request for special exceptions pursuant to Sections 911.02, 911.04.A.28, 911.04.A.31, 911.03.A.32 and 914.07.G.2, and variances from Sections 911.04.28(H) and 905.04.E.4 to allow the construction of a temporary helistop, with 2 offsite parking spaces, is hereby APPROVED; subject to the following conditions: • The temporary helistop will be permitted for a period of no more than 90 days and will not be permitted to extend beyond June 30, 2026; • The Applicant shall provide confirm",40.448683,-80.027637,parcel_centroid_wprdc,https://www.pittsburghpa.gov/files/assets/city/v/1/dcp/documents/zoning-board-of-adjustment/814-kroll-drive-15-of-2026-1.pdf,pittsburghpa.gov meeting page,2026-02-19,
178 of 2025,BDA-2025-05757,2026,2026-02-05,,2026-03-09,32,2103 Noblestown Avenue,39-D-165,0039D00165000000,UNC,UNC,28,Westwood,Installation of Wall Sign for Giant Eagle,no,non_housing,non_residential,rule,,,,NONE,dimensional_variance,919.03,V|919.03.M.5(a),AC,Approved with conditions,approved,2026 hand-coded sample,"The Applicant’s request for a variance from 919.03.M.5(a) to allow the installation of a 198 sf wall mounted sign is hereby APPROVED, subject to the condition that the total area of signage on the front façade shall not exceed 266 sf, including the wall-mounted sign.",40.431101,-80.052473,parcel_centroid_wprdc,https://www.pittsburghpa.gov/files/assets/city/v/1/dcp/documents/zoning-board-of-adjustment/2103-noblestown-road-178-of-2026.pdf,pittsburghpa.gov meeting page,2026-02-05,file name says 178 of 2026; PDF caption says 178 of 2025
4 of 2026,BDA-2025-12890,2026,2026-02-19,,2026-03-10,19,802 Boggs Avenue,15-J-81,0015J00081000000,R1D-H,R1D,19,Mount Washington,Use of existing building for two dwelling units,yes,housing_units,two_unit,manual,2,2,0,LEGAL,nonconforming_review,911.02,REVIEW|911.02,NC,Nonconforming status confirmed,approved,2026 hand-coded sample,The use of the structure for two units is legally non-conforming and may continue.,40.418435,-80.012504,parcel_centroid_wprdc,https://www.pittsburghpa.gov/files/assets/city/v/1/dcp/documents/zoning-board-of-adjustment/802-boggs-ave-4-of-2026.pdf,pittsburghpa.gov meeting page,2026-02-19,
6 of 2026,BDA-2025-11682,2026,2026-02-12,,2026-03-11,27,1200 Goettmann Street,24-G-270,0024G00270000000,P,P,24,Troy Hill,Community Center with Outdoor Recreation,no,non_housing,non_residential,manual,,,,NONE,dimensional_variance|special_exception,905.01|911.02|916.04|916.09,SE|911.02;V|905.01.c;SE|916.04.B;SE|916.09;SE|905.01.C,A,Approved,approved,2026 hand-coded sample,The Applicant’s request for special exceptions pursuant to Sections 911.02/911.04.A.14 and 916.04/916.09 and variances from Section 905.01.c to allow for the construction of a community center and six-car parking area on the Subject Property is hereby APPROVED.,40.458703,-79.988948,parcel_centroid_wprdc,https://www.pittsburghpa.gov/files/assets/city/v/1/dcp/documents/zoning-board-of-adjustment/1200-goettman-street-6-of-2026.pdf,pittsburghpa.gov meeting page,2026-02-12,
169 of 2025,BDA-2025-11184,2026,2026-02-12,,2026-03-18,34,724 Maryland Avenue,"84-N-275, 84-N-277",0084N00275000000,R2-M,R2,7,Shadyside,Three two-unit residential buildings,yes,housing_units,two_unit,manual,0,6,6,NEW,dimensional_variance,903.03,V|903.03.C.2;V|903.03.C,D,Denied,denied,2026 hand-coded sample,The Applicant’s request for variances from Section 903.03.C.2 to allow for the construction of three two-unit residential structures with limited setbacks on three new lots is hereby DENIED.,40.453208,-79.929475,parcel_centroid_wprdc,https://www.pittsburghpa.gov/files/assets/city/v/1/dcp/documents/zoning-board-of-adjustment/bda-2025-11184-724-maryland-ave-decision.pdf,pittsburghpa.gov meeting page,2026-02-12,multiple parcels captioned; point is first matched parcel
29 of 2026,BDA-2026-01129,2026,2026-03-19,,2026-03-25,6,600 Commonwealth Place,1-C-190,0001C00190000000,GT-D,GT,2,Central Business District,Installation of Major Temporary Event Sign,no,non_housing,non_residential,rule,,,,NONE,dimensional_variance,919.02|919.03|919.05,V|919.05;V|919.03.M.7;V|919.02.C;V|919.03.O,AC,Approved with conditions,approved,2026 hand-coded sample,"The Applicant’s request for a variance from Sections 919.05, 919.03.M.7, 919.02.C and 919.O to allow a 38,908 sf temporary event sign on the Subject Property is hereby APPROVED; subject to the following conditions: • The temporary sign shall be permitted from April 18 through April 26, 2026 only; • The daily display time for the temporary sign shall be from approximately 8 p.m. until 11 p.m. only; • The luminance for the temporary sign shall not exceed 50 nits; • The dwell/twirl time shall not e",40.4417,-80.006437,parcel_centroid_wprdc,https://www.pittsburghpa.gov/files/assets/city/v/1/dcp/documents/zoning-board-of-adjustment/bda-2026-01129-600-commonwealth-place-decision.pdf,pittsburghpa.gov meeting page,2026-03-19,
181 of 2025,BDA-2025-11615,2026,2026-02-12,,2026-03-26,42,3520 Forbes Avenue,28-F-368,,UC-E,UC,4,Central Oakland,Wall Signs,no,non_housing,non_residential,rule,,,,NONE,dimensional_variance,919.03,V|919.03.M.5(a),AC,Approved with conditions,approved,2026 hand-coded sample,"The Applicant’s request for a variance from Section 919.03.M.5(a) to install window decals that exceed the Code’s maximum sign area standard is hereby APPROVED; subject to the condition that the signs shall be removed when the interior renovations are complete or no later than September 1, 2026.",40.440209,-79.958732,census_geocoder_address,https://www.pittsburghpa.gov/files/assets/city/v/1/dcp/documents/zoning-board-of-adjustment/bda-2025-11615-3520-forbes-ave-decision.pdf,pittsburghpa.gov meeting page,2026-03-05,
8 of 2026,BDA-2025-03714,2026,2026-02-19,,2026-03-26,35,Grape Street,14-R-230,0014R00230000000,R1D-H,R1D,30,Knoxville,Construction of playground,no,non_housing,non_residential,manual,,,,NONE,dimensional_variance|special_exception,903.03|911.02|911.04|912.03|916.04|916.09,SE|911.02;V|903.03.D;SE|911.04.46;V|916.04.A;V|916.09;V|903.03.D.2;V|912.03,A,Approved,approved,2026 hand-coded sample,The Applicant’s request for special exceptions pursuant to Sections 911.02/916.04.A and Sections 916.04/916.09 and variances from Section 903.03.D to allow a parks and recreation (limited) use with play equipment proximate to a residential property and a rainwater collection feature with limited setbacks is hereby APPROVED.,40.414062,-79.989075,parcel_centroid_wprdc,https://www.pittsburghpa.gov/files/assets/city/v/1/dcp/documents/zoning-board-of-adjustment/bda-2025-03714-grape-street-decision.pdf,pittsburghpa.gov meeting page,2026-02-19,
103 of 2025,DCP-LOT-2025-00171,2026,2026-03-05,,2026-04-01,27,150 Almond Way,49-A-295,0049A00295000000,RIV-IMU,RIV,9,Central Lawrenceville,Subdivision,yes,housing_units,single_attached,manual,0,2,2,NEW,use_variance,911.02,V|911.02,A,Approved,approved,2026 hand-coded sample,"The Applicant’s request for a variance from Section 911.02 to allow subdivision of the Subject Property into two parcels, each to be used for a single-unit attached residential use, is hereby APPROVED.",40.470282,-79.963624,parcel_centroid_wprdc,https://www.pittsburghpa.gov/files/assets/city/v/1/dcp/documents/zoning-board-of-adjustment/dcp-lot-2025-00171-150-almond-way-decision.pdf,pittsburghpa.gov meeting page,2026-03-05,subdivision for two single-unit attached houses
172 of 2025,DCP-ZDR-2024-02267,2026,2026-02-05,,2026-04-02,56,256 McKee Place,28-F-308,0028F00308000000,R-MU,R-MU,4,Central Oakland,Multi-unit residential building,yes,housing_units,multi_unit,manual,0,159,159,NEW,dimensional_variance,907.04,V|907.04,D,Denied,denied,2026 hand-coded sample,"The Applicant’s request for a variance from Section 907.04, to eliminate the requirement in Section 907.04 to provide 16 affordable units in the 159-unit building on the Subject Property, is hereby DENIED.",40.438526,-79.958479,parcel_centroid_wprdc,https://www.pittsburghpa.gov/files/assets/city/v/1/dcp/documents/zoning-board-of-adjustment/dcp-zdr-2024-02267-256-mckee-place-decision.pdf,pittsburghpa.gov meeting page,2026-02-05,inclusionary zoning waiver denied
175 of 2025,BDA-2025-10213,2026,2026-02-05,,2026-04-02,56,5280 Northumberland Street,"53-G-70, 53-C-1",0053G00070000000,"EMI, R1D-L",EMI,14,Squirrel Hill North,Construction of addition on existing club,no,non_housing,non_residential,manual,,,,NONE,dimensional_variance|special_exception,914.02|914.07|921.02,SE|921.02.A.1;SE|914.02;V|914.07.G.2,A,Approved,approved,2026 hand-coded sample,"The Applicant’s request for special exceptions pursuant to Sections 921.02.A.1 and 914.02/914.07.G.2 to permit the expansion of an existing club (general) use, with an alternative parking plan, is hereby APPROVED.",40.440335,-79.939635,parcel_centroid_wprdc,https://www.pittsburghpa.gov/files/assets/city/v/1/dcp/documents/zoning-board-of-adjustment/bda-2025-10213-5280-northumberland-street-decision.pdf,pittsburghpa.gov meeting page,2026-02-05,multiple parcels captioned; point is first matched parcel
5 of 2026,BDA-2025-11386,2026,2026-02-19,,2026-04-02,42,756 S. Millvale Avenue,"51-J-43, 51-J-46",0051J00043000000,R2-M,R2,8,Bloomfield,Expansion of Existing Parking Area for Rental Car Business,no,non_housing,non_residential,manual,,,,NONE,dimensional_variance|special_exception,903.03|921.02,SE|921.02.A.1;V|921.02.A.1(a);V|921.02.A.1.a.1;V|903.03.C.2,A,Approved,approved,2026 hand-coded sample,"The Applicant’s request for a special exception pursuant to Section 921.02.A.1 and variances from Sections 921.02.A.1(a)(1) and 903.03.C.2 to allow the replacement of an existing garage with a 2,000 sf surface parking area for a non-conforming rental car agency use is hereby APPROVED.",40.45546,-79.948014,parcel_centroid_wprdc,https://www.pittsburghpa.gov/files/assets/city/v/1/dcp/documents/zoning-board-of-adjustment/bda-2025-11386-756-s-millvale-ave-decision.pdf,pittsburghpa.gov meeting page,2026-03-05,multiple parcels captioned; point is first matched parcel
177 of 2025,DCP-PAP-2025-00304,2026,2026-02-19,,2026-04-06,46,115 E. Jefferson Street,23-F-175,0023F00175000000,R1A-VH,R1A,25,Central Northside,Appeal of DCP-ZDR-2023-06154 for construction of a rear deck,yes,residential_accessory,other_residential,manual,,,,NONE,appeal,922.08|923.02|925.06,APPEAL|923.02.B;APPEAL|922.08.C;APPEAL|925.06.G,S,Split,split,2026 hand-coded sample,"The appeal is DENIED in part and GRANTED in part. The deck may be constructed using the existing footers, within the interior side setback on the 117 E. Jefferson Street side of the parcel. However, the usable portion of the deck must maintain a setback of at least 3.5’ from the shared property line, using the deck railing to create the required separation and prevent use of the setback area.",40.459266,-80.008908,parcel_centroid_wprdc,https://www.pittsburghpa.gov/files/assets/city/v/1/dcp/documents/zoning-board-of-adjustment/dcp-pap-2025-00304-115-e.-jefferson-decision.pdf,pittsburghpa.gov meeting page,2026-02-19,appeal re rear deck
12 of 2026,BDA-2025-12114,2026,2026-03-05,,2026-04-07,33,200 The Boulevard,"60-H-32, 30, 28",0060H00032000000,R1D-H,R1D,29,Carrick,New parking area and playground at existing school,no,non_housing,non_residential,rule,,,,NONE,dimensional_variance|special_exception,902.03|903.03|912.04|916.04|916.09,SE|916.04;SE|916.09;V|902.03.D;V|912.04.K;V|912.04;V|903.03.D.2;V|912.04.K.1;SE|916.04.B;SE|916.04.A,AC,Approved with conditions,approved,2026 hand-coded sample,"The Applicant’s request for special exceptions pursuant to Sections 916.04 916.09 to allow waiver of the dumpster and playground location requirements and dimensional variances from Sections 902.03.D, 912.04.K and 912.04 to allow for the installation of a new playground, parking areas and dumpster enclosure for the Roosevelt School parcels is hereby APPROVED, subject to the condition of compliance with the landscaping and screening requirements for the 20-space parking area.",40.401134,-79.985684,parcel_centroid_wprdc,https://www.pittsburghpa.gov/files/assets/city/v/1/dcp/documents/zoning-board-of-adjustment/bda-2025-12114-200-the-boulevard-decision.pdf,pittsburghpa.gov meeting page,2026-03-05,
146 of 2025,BDA-2025-00389,2026,2026-03-05,,2026-04-07,33,935 South Side Avenue,47-E-22,0047E00022000000,R1D-L,R1D,26,Spring Hill City View,Fence,yes,residential_accessory,single_detached,auto (text match; dwelling type often not stated),,,,NONE,dimensional_variance,912.04,V|912.04.K(1),AC,Approved with conditions,approved,2026 hand-coded sample,"The Applicant’s request for a variance from Section 912.04.K(1) to allow a 6’ high solid wood fence within the exterior side yard of the Subject Property is hereby APPROVED, subject to the conditions that the 14’ setback from the South Side Avenue/Luella Street corner is maintained and that no additional fencing is installed with the required approvals.",40.469723,-79.997889,parcel_centroid_wprdc,https://www.pittsburghpa.gov/files/assets/city/v/1/dcp/documents/zoning-board-of-adjustment/bda-2025-00389-935-s-side-ave-decision.pdf,pittsburghpa.gov meeting page,2026-03-05,
10 of 2026,BDA-2025-12551,2026,2026-03-05,,2026-04-13,39,5409 Hillcrest Street,"50-H-144, 142, 140",0050H00144000000,R2-H,R2,11,Garfield,Three Houses,yes,housing_units,single_detached,manual,0,3,3,NEW,dimensional_variance,903.03|925.06,V|903.03.D.2;V|925.06.C,AC,Approved with conditions,approved,2026 hand-coded sample,"The Applicant’s request for variances from Sections 903.03.D.2/925.06.C to allow the construction of three houses with 0’ side setbacks, as described to the Board, is hereby APPROVED; subject to the condition that a fence shall be constructed along the property line shared with the 413 N. Graham Street parcel.",40.4678,-79.934034,parcel_centroid_wprdc,https://www.pittsburghpa.gov/files/assets/city/v/1/dcp/documents/zoning-board-of-adjustment/5409-hillcrest-street-10-of-2026.pdf,pittsburghpa.gov meeting page,2026-03-05,three houses; attached/detached not stated in decision
9 of 2026,BDA-2025-10163,2026,2026-03-05,,2026-04-13,39,1709 Termon Avenue,75-B-101,0075B00101000000,R2-M,R2,27,Brighton Heights,Use of accessory dumpster,yes,residential_accessory,other_residential,manual,,,,NONE,dimensional_variance,903.03,V|903.03.C.2,A,Approved,approved,2026 hand-coded sample,The Applicant’s request for dimensional variances from Section 903.03.C.2 to allow a dumpster enclosure with limited front and side setback is hereby APPROVED.,40.481794,-80.042519,parcel_centroid_wprdc,https://www.pittsburghpa.gov/files/assets/city/v/1/dcp/documents/zoning-board-of-adjustment/1709-termon-avenue-9-of-2026.pdf,pittsburghpa.gov meeting page,,dumpster enclosure
149 of 2025,DCP-LOT-2025-00247,2026,2026-03-12,,2026-04-14,33,1316 Juniata Street,"22-K-76, 77",0022K00076000000,R1A-VH,R1A,21,Manchester,Subdivision,yes,residential_accessory,other_residential,manual,,,,NONE,dimensional_variance,926.12,V|926.129,A,Approved,approved,2026 hand-coded sample,The Applicant’s request for a variance from Section 926.129 to allow a subdivision of the Subject Property that creates two parcels that do not have street frontage is hereby APPROVED.,40.457137,-80.026409,parcel_centroid_wprdc,https://www.pittsburghpa.gov/files/assets/city/v/1/dcp/documents/zoning-board-of-adjustment/1316-juniata-street-149-of-2026-zba-decision.pdf,pittsburghpa.gov meeting page,2026-03-19,subdivision; file name says 149 of 2026; PDF caption says 149 of 2025
154 of 2025,BDA-2025-10720,2026,2026-02-05,,2026-04-16,70,75 Hopper Place,25-F-288,0025F00288000000,RIV-IMU,RIV,6,Strip District,Wall Signs,no,non_housing,non_residential,rule,,,,NONE,dimensional_variance,919.03,V|919.03.M.5,DWP,Denied without prejudice,denied,2026 hand-coded sample,"The Applicant’s request for variances from Section 919.03.M.5 to allow an 80 sf sign mounted at 42’ on the Hopper Street façade, within the third-floor tenant space and an 80 sf sign mounted at 43’ on the 28th Street façade, within the third-floor tenant space, is DENIED, without prejudice to submit a revised signage plan.",40.45876,-79.977236,parcel_centroid_wprdc,https://www.pittsburghpa.gov/files/assets/city/v/1/dcp/documents/zoning-board-of-adjustment/75-hopper-place-154-of-2025-zba-decision.pdf,pittsburghpa.gov meeting page,2026-02-05,
1 of 2026,BDA-2025-09438,2026,2026-03-05,,2026-04-17,43,3108 McClure Avenue,"44-D-78, 80, 81-B and 83",0044D00078000000,UI,UI,27,Marshall Shadeland,Use of lot for construction material storage,no,non_housing,non_residential,rule,,,,NONE,appeal,911.03,APPEAL|911.03,APD,Appeal denied,appeal,2026 hand-coded sample,"The Applicant/Appellant’s protest appeal is DENIED. Because the use is not permitted in UI Districts, the use is not permitted on the Subject Property.",40.472065,-80.036789,parcel_centroid_wprdc,https://www.pittsburghpa.gov/files/assets/city/v/1/dcp/documents/zoning-board-of-adjustment/3108-mcclure-avenue-1-of-2026-zba-decision.pdf,pittsburghpa.gov meeting page,2026-03-05,
30 of 2025,EP-2026-00111,2026,2026-04-09,,2026-04-17,8,6615 Kinsman Road,126-N-306,0126N00306000000,R1D-L,R1D,14,Squirrel Hill North,Emergency Generator,yes,residential_accessory,single_detached,auto (text match; dwelling type often not stated),,,,NONE,dimensional_variance,903.03,V|903.03.B,A,Approved,approved,2026 hand-coded sample,"The Applicant’s request for a variance from Section 903.03.B to allow the installation of a generator with a limited side setback, as described to the Board, is hereby APPROVED.",40.445352,-79.914555,parcel_centroid_wprdc,https://www.pittsburghpa.gov/files/assets/city/v/1/dcp/documents/zoning-board-of-adjustment/6615-kinsman-road-30-of-2026-zba-decision.pdf,pittsburghpa.gov meeting page,2026-04-09,file name says 30 of 2026; PDF caption says 30 of 2025
33 of 2026,EP-2026-01018,2026,2026-04-09,,2026-04-17,8,1400 Bennington Street,86-A-27,0086A00027000000,R1D-VL,R1D,14,Squirrel Hill North,Emergency Generator,yes,residential_accessory,single_detached,auto (text match; dwelling type often not stated),,,,NONE,dimensional_variance,903.03,V|903.03.A,A,Approved,approved,2026 hand-coded sample,"The Applicant’s request for a variance from Section 903.03.A to allow the installation of a generator with a limited exterior side setback, as described to the Board, is hereby APPROVED.",40.441351,-79.932419,parcel_centroid_wprdc,https://www.pittsburghpa.gov/files/assets/city/v/1/dcp/documents/zoning-board-of-adjustment/1400-bennington-ave-33-of-2026-zba-decision.pdf,pittsburghpa.gov meeting page,2026-03-19,
3 of 2026,BDA-2025-01446,2026,2026-03-12,,2026-04-25,44,East Jefferson Street,23-F-131,0023F00131000000,R1A-VH,R1A,1,Central Northside,House,yes,housing_units,single_detached,manual,0,1,1,NEW,appeal|dimensional_variance,903.03|922.08|923.02|925.06,V|903.03.E;APPEAL|923.02.B;APPEAL|922.08.C;APPEAL|925.06.G,A,Approved,approved,2026 hand-coded sample,The Applicant’s request for a variance from Section 903.03.E to allow the construction of a house with a reduced rear setback is hereby APPROVED. The Appellants’ appeal of the Administrator’s Exception to reduce the required interior side setback for the three decks is hereby DENIED.,40.458853,-80.011057,parcel_centroid_wprdc,https://www.pittsburghpa.gov/files/assets/city/v/1/dcp/documents/zoning-board-of-adjustment/e-jefferson-street-3-of-2026-zba-decision.pdf,pittsburghpa.gov meeting page,2026-03-12,third-party appeal of decks denied in same decision
13 of 2026,BDA-2026-00053,2026,2026-03-12,,2026-04-27,46,119 Kearsarge Street,4-B-209,0004B00209000000,R2-H,R2,19,Mount Washington,Parking Pad,yes,residential_accessory,single_detached,auto (text match; dwelling type often not stated),,,,NONE,dimensional_variance,912.04,V|912.04.L.3,AC,Approved with conditions,approved,2026 hand-coded sample,The Applicant’s request for a variance from Section 912.04.L.3 to construct a two-car front yard parking pad is hereby APPROVED; subject to the Department of Mobility and Infrastructure’s review and issuance of approval for the proposed curb cut.,40.432623,-80.009836,parcel_centroid_wprdc,https://www.pittsburghpa.gov/files/assets/city/v/1/dcp/documents/zoning-board-of-adjustment/119-kearsarge-street-13-of-2026-zba-decision.pdf,pittsburghpa.gov meeting page,2026-03-12,
14 of 2026,BDA-2024-06371,2026,2026-03-12,,2026-04-27,46,4103 Beechwood Boulevard,54-L-184,0054L00184000000,RM-M,RM,15,Beechwood,2-story garage,yes,residential_accessory,other_residential,auto (text match; dwelling type often not stated),,,,NONE,dimensional_variance,912.04,V|912.04.E,A,Approved,approved,2026 hand-coded sample,The Applicant’s request for a variance from Section 912.04.E to allow for the construction of a garage to a height that is not to exceed the height of 20’-5”/2- stories is hereby APPROVED.,40.428029,-79.939067,parcel_centroid_wprdc,https://www.pittsburghpa.gov/files/assets/city/v/1/dcp/documents/zoning-board-of-adjustment/4103-beechwood-boulevard-14-of-2026-zba-decision.pdf,pittsburghpa.gov meeting page,2026-03-12,
17 of 2026,BDA-2025-12751,2026,2026-03-12,,2026-04-27,46,4644 Forbes Avenue,52-N-59,0052N00059000000,EMI,EMI,4,North Oakland,Restaurant,no,non_housing,non_residential,rule,,,,NONE,special_exception,911.02|911.04,SE|911.04.A.57;SE|911.02;SE|911.04.A.57(a),A,Approved,approved,2026 hand-coded sample,"The Applicant’s request for a special exception pursuant to Section 911.04.A.57 to allow a 5,400 sf restaurant (general) use is hereby APPROVED.",40.443882,-79.947836,parcel_centroid_wprdc,https://www.pittsburghpa.gov/files/assets/city/v/1/dcp/documents/zoning-board-of-adjustment/4644-forbes-avenue-17-of-2026-zba-decision.pdf,pittsburghpa.gov meeting page,2026-03-12,
21 of 2026,BDA-2025-12010,2026,2026-03-12,,2026-04-27,46,710 Dunster Street,61-B-94,0061B00094000000,R1D-H,R1D,19,Brookline,Parking Pad,yes,residential_accessory,other_residential,auto (text match; dwelling type often not stated),,,,NONE,dimensional_variance,912.04,V|912.04.L.3,AC,Approved with conditions,approved,2026 hand-coded sample,"The Applicant’s request for a variance from Section 912.04.L.3 to allow a one- car parking pad is hereby APPROVED, subject to the Department of Mobility and Infrastructure’s review and issuance of approval for the proposed curb cut.",40.402136,-80.011574,parcel_centroid_wprdc,https://www.pittsburghpa.gov/files/assets/city/v/1/dcp/documents/zoning-board-of-adjustment/710-dunster-street-21-of-2026-zba-decision.pdf,pittsburghpa.gov meeting page,2026-03-12,
16 of 2026,BDA-2026-00297,2026,2026-04-02,,2026-04-29,27,3315 Camp Street,27-B-14,0027B00014000000,R2-L,R2,5,Upper Hill,Construction of House,yes,housing_units,single_detached,manual,0,1,1,NEW,dimensional_variance,903.03,V|903.03.B.2,A,Approved,approved,2026 hand-coded sample,The Applicant’s request for variances from Section 903.03.B.2 to allow the construction of a house with limited front and rear setbacks is hereby APPROVED.,40.452498,-79.958765,parcel_centroid_wprdc,https://www.pittsburghpa.gov/files/assets/city/v/1/dcp/documents/zoning-board-of-adjustment/3315-camp-street-16-of-2026-zba-decision.pdf,pittsburghpa.gov meeting page,2026-04-02,
20 of 2026,BDA-2025-09448,2026,2026-03-19,,2026-04-29,41,3106 Viola Street,77-F-246,0077F00246000000,R1D-L,R1D,26,Perry North,Parking pad,yes,residential_accessory,single_detached,auto (text match; dwelling type often not stated),,,,NONE,dimensional_variance,912.04,V|912.04.L.3,AC,Approved with conditions,approved,2026 hand-coded sample,The Applicant’s request for a variance from Section 912.04.L.3 to allow a front yard parking pad is hereby APPROVED; subject to the Department of Mobility and Infrastructure’s review and issuance of approval for the proposed curb cut.,40.477705,-80.010896,parcel_centroid_wprdc,https://www.pittsburghpa.gov/files/assets/city/v/1/dcp/documents/zoning-board-of-adjustment/3106-viola-street-20-of-2026-zba-decision.pdf,pittsburghpa.gov meeting page,2026-03-19,
22 of 2026,BDA-2025-12527,2026,2026-03-19,,2026-04-29,41,185 41st Street,49-B-145,0049B00145000000,LNC,LNC,9,Central Lawrenceville,Renovation of building for vehicle/equipment sales (limited) use,no,non_housing,non_residential,rule,,,,NONE,special_exception,911.02|911.04,SE|911.02;SE|911.04.A.75,A,Approved,approved,2026 hand-coded sample,"The Applicant’s request for a special exception pursuant to Sections 911.02 and 911.04.A.75 to allow use the Subject Property for a vehicle/equipment sales (limited) use, as described to the Board, is hereby APPROVED.",40.470132,-79.961745,parcel_centroid_wprdc,https://www.pittsburghpa.gov/files/assets/city/v/1/dcp/documents/zoning-board-of-adjustment/185-41st-street-22-of-2026-zba-decision.pdf,pittsburghpa.gov meeting page,2026-03-19,
31 of 2026,BDA-2025-11639,2026,2026-04-02,,2026-05-04,32,51 Philander Street,129-G-211,0129G00211000000,R1D-L,R1D,14,Swisshelm Park,Parking Pad,yes,residential_accessory,single_detached,auto (text match; dwelling type often not stated),,,,NONE,dimensional_variance,912.04,V|912.04.L.3;V|912.04.L(3),AC,Approved with conditions,approved,2026 hand-coded sample,"The Applicant’s request for a variance from Section 912.04.L.3 is hereby APPROVED; subject to the condition that the Applicant shall provide landscaping to screen the parking pad from Philander Street, as described to the Board; and that the curb cut shall be reviewed and approved by the Department of Mobility and Infrastructure.",40.418908,-79.904438,parcel_centroid_wprdc,https://www.pittsburghpa.gov/files/assets/city/v/1/dcp/51-philander-street-31-of-2026.pdf,pittsburghpa.gov meeting page,2026-04-02,
32 of 2026,BDA-2025-11579,2026,2026-04-09,,2026-05-05,26,5253 Liberty Avenue,51-L-262,0051L00262000000,UNC,UNC,8,Bloomfield,Restaurant,no,non_housing,non_residential,rule,,,,NONE,special_exception,911.02|911.04,SE|911.02;SE|911.04.A.57;SE|911.04.A.57.a,A,Approved,approved,2026 hand-coded sample,"The Applicant’s request for a special exception pursuant to Sections 911.02 and 911.04.A.57 to allow a 3,600 restaurant (general) use on the Subject Property is hereby APPROVED.",40.457136,-79.940013,parcel_centroid_wprdc,https://www.pittsburghpa.gov/files/assets/city/v/1/dcp/5253-liberty-avenue-32-of-2026.pdf,pittsburghpa.gov meeting page,2026-04-02,
35 of 2026,BDA-2025-11814,2026,2026-04-09,,2026-05-07,28,4811 Butler Street,80-K-209,0080K00209000000,LNC,LNC,9,Central Lawrenceville,Electronic Sign,no,non_housing,non_residential,rule,,,,NONE,dimensional_variance,919.03,V|919.03.O.3,D,Denied,denied,2026 hand-coded sample,"The Applicant’s request for a use variance from Section 919.03.O.3 to allow an electronic non-advertising sign on the Subject Property is hereby DENIED and the electronic sign, as installed, must be removed.",40.476389,-79.957889,parcel_centroid_wprdc,https://www.pittsburghpa.gov/files/assets/city/v/1/dcp/4811-butler-street-35-of-2026.pdf,pittsburghpa.gov meeting page,2026-04-09,
18 of 2026,BDA-2025-11995,2026,2026-04-09,,2026-05-15,36,3400 Fifth Avenue,"28-F-63, 67, 68, 69",0028F00063000000,UC-E,UC,4,Central Oakland,Construction of 15 space commercial parking lot,no,non_housing,non_residential,rule,,,,NONE,dimensional_variance|use_variance,911.02|922.15,V|911.02;V|922.15,AC,Approved with conditions,approved,2026 hand-coded sample,"The Applicant’s request for variances from Section 911.02 and 922.15 to allow for a commercial parking (limited) use for 13 spaces on the Subject Property, is APPROVED, subject to the condition of compliance with the Code’s requirements for surface parking.",40.439112,-79.961773,parcel_centroid_wprdc,https://www.pittsburghpa.gov/files/assets/city/v/1/dcp/3400-fifth-avenue-18-of-2026.pdf,pittsburghpa.gov meeting page,2026-04-09,
42 of 2026,BDA-2026-01923,2026,2026-05-07,,2026-05-27,20,2860 Perrysville Avenue,77-K-325,0077K00325000000,R1D-H,R1D,26,Perry South,Change use from Funeral Home to Office,no,non_housing,non_residential,manual,,,,NONE,special_exception,916.09|921.02,SE|921.02.A.4;SE|916.09,A,Approved,approved,2026 hand-coded sample,The Applicant’s request for special exceptions pursuant to Sections 921.02.A.4 and 916.09 to permit the use of the Subject Property for an office use and two HVAC units that would operate at a 52 Dba sound level at night is hereby APPROVED.,40.475291,-80.011239,parcel_centroid_wprdc,https://www.pittsburghpa.gov/files/assets/city/v/1/dcp/documents/zoning-board-of-adjustment/2860-perrysville-avenue-42-of-2026.pdf,pittsburghpa.gov meeting page,2026-05-07,
24 of 2026,BDA-2026-00600,2026,2026-04-02,,2026-05-28,56,921 Saw Mill Run Boulevard,5-L-110,0005L00110000000,"UI, P",UI,20,Duquesne Heights,Electronic Advertising Sign,no,non_housing,non_residential,rule,,,,NONE,special_exception,919.02,SE|919.02.C.3,D,Denied,denied,2026 hand-coded sample,The application for a special exception to allow for the installation of a new electronic advertising sign on the Subject Property is DENIED.,40.426638,-80.021136,parcel_centroid_wprdc,https://www.pittsburghpa.gov/files/assets/city/v/1/dcp/documents/zoning-board-of-adjustment/921-saw-mill-run-boulevard-24-of-2026.pdf,pittsburghpa.gov meeting page,2026-04-02,
37 of 2026,BDA-2026-01494,2026,2026-05-07,,2026-05-28,21,1600 Methyl Street,35-F-204,0035F00204000000,R1D-H,R1D,19,Beechview,New Electronic Sign,no,non_housing,non_residential,rule,,,,NONE,dimensional_variance,919.03,V|919.03.O.3,D,Denied,denied,"auto (regex on decision paragraph, reviewed)",The Applicant’s request for a variance from Section 919.03.O.3 to allow the installation of an electronic non-advertising sign is hereby DENIED.,40.410371,-80.025903,parcel_centroid_wprdc,https://www.pittsburghpa.gov/files/assets/city/v/1/dcp/documents/zoning-board-of-adjustment/1600-methyl-street-37-of-2026.pdf,pittsburghpa.gov meeting page,2026-05-14,
41 of 2026,BDA-2026-00202,2026,2026-05-07,,2026-05-28,21,1400 Troy Hill Road,24-D-215,0024D00215000000,R1D-H,R1D,24,Troy Hill,Use of electronic sign for school,no,non_housing,non_residential,rule,,,,NONE,dimensional_variance,919.03,V|919.03.O.3,AC,Approved with conditions,approved,2026 hand-coded sample,"The Applicant’s request for a variance from Section 919.03.O.3 to continue to use the electronic sign is hereby APPROVED, subject to the conditions that the sign is not enlarged and is used for static messaging only.",40.460518,-79.985537,parcel_centroid_wprdc,https://www.pittsburghpa.gov/files/assets/city/v/1/dcp/documents/zoning-board-of-adjustment/1400-troy-hill-road-41-of-2026.pdf,pittsburghpa.gov meeting page,2026-05-07,
52 of 2026,DCP-LOT-2026-00072,2026,2026-05-14,,2026-05-28,14,353 Cedarville Street,26-D-399,,R2-VH,R2,8,Bloomfield,Subdivision,yes,residential_accessory,other_residential,manual,,,,NONE,dimensional_variance,926.12,V|926.129,A,Approved,approved,2026 hand-coded sample,The Applicant’s request for a variance from Section 926.129 to allow the creation a lot without frontage on a street is hereby APPROVED.,40.460614,-79.949665,census_geocoder_address,https://www.pittsburghpa.gov/files/assets/city/v/1/dcp/documents/zoning-board-of-adjustment/353-cedarville-st-52-of-2026.pdf,pittsburghpa.gov meeting page,,subdivision
57 of 2026,BDA-2026-01929,2026,2026-05-14,,2026-05-28,14,2729 Murray Avenue,87-G-64,0087G00064000000,RM-M,RM,14,Squirrel Hill South,Change of use from medical office and retail sales and services to office (limited),no,non_housing,non_residential,rule,,,,NONE,special_exception,921.02,SE|921.02.A.4,AC,Approved with conditions,approved,2026 hand-coded sample,"The Applicant’s request for a special exception pursuant to Section 921.02.A.4 to allow the change of use of the structure from the non-conforming retail and medical office uses to an office (general) use is hereby APPROVED, subject to compliance with the general hours of operation and operational details described to the Board.",40.42858,-79.924143,parcel_centroid_wprdc,https://www.pittsburghpa.gov/files/assets/city/v/1/dcp/documents/zoning-board-of-adjustment/2729-murray-ave-57-of-2026.pdf,pittsburghpa.gov meeting page,2026-05-14,
23 of 2026,BDA-2025-06337,2026,2026-05-14,,2026-06-01,18,70 S 22nd Street,12-F-324,0012F00324000000,R1A-VH,R1A,16,South Side Flats,Change of use from offices to multi-unit residential,yes,housing_units,multi_unit,manual,0,6,6,CONV,special_exception,921.02,SE|921.02.A.4,AC,Approved with conditions,approved,2026 hand-coded sample,"The Applicant’s request for a special exception pursuant to Section 921.02.A.4 to allow the change of use of the structure from the non-conforming office use to a multi-unit residential use for six units is hereby APPROVED, subject to the conditions that on-site bicycle parking is provided and that the trash disposal area is screened.",40.428987,-79.974773,parcel_centroid_wprdc,https://www.pittsburghpa.gov/files/assets/city/v/1/dcp/documents/zoning-board-of-adjustment/70-s-22nd-st-23-of-2026.pdf,pittsburghpa.gov meeting page,2026-05-14,
47 of 2026,BDA-2026-01507,2026,2026-05-14,,2026-06-01,18,1222 Muldowney Avenue,184-J-237,0184J00237000000,R1D-L,R1D,31,Lincoln Place,Change of use from funeral home to medical office,no,non_housing,non_residential,manual,,,,NONE,special_exception,921.02,SE|921.02.A.4,A,Approved,approved,2026 hand-coded sample,The Applicant’s request for a special exception pursuant to Section 921.02.A.4 to allow the change of use of the lower level of the structure from the non- conforming funeral home use to a dental office (limited) use is hereby APPROVED.,40.3685,-79.914739,parcel_centroid_wprdc,https://www.pittsburghpa.gov/files/assets/city/v/1/dcp/documents/zoning-board-of-adjustment/1222-muldowney-ave-47-of-2026.pdf,pittsburghpa.gov meeting page,2026-05-14,
2 of 2026,BDA-2025-10279,2026,2026-05-07,,2026-06-08,32,2100 Wharton Street,12-F-270,0012F00270000000,UI,UI,16,South Side Flats,Roof Sign,no,non_housing,non_residential,rule,,,,NONE,dimensional_variance,919.01|919.03,V|919.03.6.a;V|919.01.E.6;V|919.03.M.6.a,D,Denied,denied,2026 hand-coded sample,"The Applicant’s request for variances from Sections 919.03.6.a and 919.01.E.6 to allow a 344 sf roof sign, mounted at 90’ above grade and above the parapet wall on the building on the Subject Property is hereby DENIED.",40.430048,-79.975398,parcel_centroid_wprdc,https://www.pittsburghpa.gov/files/assets/city/v/1/dcp/documents/zoning-board-of-adjustment/2100-wharton-street-2-of-2026.pdf,pittsburghpa.gov meeting page,2026-05-07,
36 of 2026,BDA-2025-12852,2026,2026-05-07,,2026-06-15,39,5904 Bryant Street,82-M-181,0082M00181000000,LNC,LNC,11,Highland Park,Addition to mixed use building for restaurant and three dwelling units,yes,housing_units,three_unit,manual,0,3,3,ADD,dimensional_variance|special_exception,904.02|914.02|914.10|916.02|916.04|916.09,V|904.02.C;V|914.02;V|914.10;SE|916.02.A.8;SE|916.09;SE|916.04.B,AC,Approved with conditions,approved,2026 hand-coded sample,"The Applicant’s request for variances from Sections 904.02.C, 914.02, and 914.10 and special exceptions pursuant to 916.02.A.8, 916.04.B and 916.09 to allow for the construction an addition onto an existing structure is hereby APPROVED, subject to the condition that a dumpster enclosure is provided.",40.475435,-79.919705,parcel_centroid_wprdc,https://www.pittsburghpa.gov/files/assets/city/v/1/dcp/documents/zoning-board-of-adjustment/5904-bryant-street-36-of-2026.pdf,pittsburghpa.gov meeting page,2026-05-07,mixed-use addition with restaurant and three dwelling units
45 of 2026,BDA-2025-08528,2026,2026-05-14,,2026-06-15,32,2227 Somers Drive,"10-F-200, 300, 400",,RM-M,RM,5,Bedford Dwellings,New Multi-Unit Residential Buildings,yes,housing_units,multi_unit,manual,,,,NEW,dimensional_variance,903.03|912.01|912.04|914.02|914.05|915.05,V|903.03.C.2;V|914.02;V|915.05;V|912.04;V|912.01;V|912.04.K.1;V|914.05.D.2(a),A,Approved,approved,2026 hand-coded sample,"The Applicant’s request for variances from Sections 903.03.C.2, 914.02, 915.05, 912.04 and 912.01 to allow for the construction of seven multi-unit residential buildings, as described to the Board, is hereby APPROVED.",40.44949,-79.977066,census_geocoder_address,https://www.pittsburghpa.gov/files/assets/city/v/1/dcp/documents/zoning-board-of-adjustment/2227-somers-drive-45-of-2026.pdf,pittsburghpa.gov meeting page,2026-05-14,seven multi-unit buildings (public housing redevelopment); unit count ambiguous in text
40 of 2026,BDA-2026-01465,2026,2026-05-14,,2026-06-16,33,2728 Custer Avenue,94-B-306,0094B00306000000,R1D-L,R1D,29,Carrick,Change of use to religious assembly (general) and continued use of existing parking area,no,non_housing,non_residential,rule,,,,NONE,aapp_parking|dimensional_variance|special_exception,903.03|911.02|911.04|914.07|916.04|916.09,SE|911.02;SE|911.04.A.53;SE|916.04.C;SE|916.09;SE|914.07.G.2(a);V|903.03.B.2;SE|914.07.G.2,AC,Approved with conditions,approved,2026 hand-coded sample,"The Applicant’s request for special exceptions pursuant to Sections 911.02, 911.04.A.53, 916.04.C, 916.09 and 914.07.G.2(a) and variances from the setback provisions in Section 903.03.B.2 to allow the use of the Subject Property as a religious assembly (general) use, with on-site and off-site parking, as described to the Board, is hereby APPROVED; subject to the condition that the Applicant record the lease for the off-site parking spaces.",40.392917,-79.975151,parcel_centroid_wprdc,https://www.pittsburghpa.gov/files/assets/city/v/1/dcp/documents/zoning-board-of-adjustment/2728-custer-street-40-of-2026.pdf,pittsburghpa.gov meeting page,,
53 of 2026,BDA-2026-00633,2026,2026-05-21,,2026-06-16,26,2306 Perrysville Avenue,46-K-124,0046K00124000000,R1D-H,R1D,26,Perry South,Use of building as two dwelling units,yes,housing_units,two_unit,manual,2,2,0,LEGAL,nonconforming_review,911.02,V|911.02,NC,Nonconforming status confirmed,approved,2026 hand-coded sample,The use of the structure for two residential units is legally nonconforming and may continue.,40.466327,-80.010925,parcel_centroid_wprdc,https://www.pittsburghpa.gov/files/assets/city/v/1/dcp/documents/zoning-board-of-adjustment/2306-perrysville-avenue-53-of-2026.pdf,pittsburghpa.gov meeting page,2026-05-21,"relief table listed nonconforming_review|use_variance; Board found use legally nonconforming, so relief_type set to nonconforming_review"
56 of 2026,BDA-2026-01015,2026,2026-05-21,,2026-06-16,26,320 Cedarhurst Street,15-M-131,0015M00131000000,R2-H,R2,18,Beltzhoover,Ground Sign for Multi-Unit Residential Building,yes,residential_accessory,senior/elderly,manual,,,,NONE,dimensional_variance|nonconforming_review,919.01|919.03,V|919.03.N;REVIEW|919.01.F;REVIEW|919.03.N.2,A,Approved,approved,2026 hand-coded sample,The Applicant’s request for dimensional variances from Section 919.03.N to allow an 18 sf ground sign with a 0’ front setback to identify the approved housing for the elderly use on the Subject Property is hereby APPROVED.,40.417829,-80.001712,parcel_centroid_wprdc,https://www.pittsburghpa.gov/files/assets/city/v/1/dcp/documents/zoning-board-of-adjustment/320-cedarhurst-street-56-of-2026.pdf,pittsburghpa.gov meeting page,2026-05-21,sign for approved housing for the elderly
58 of 2026,BDA-2025-09345,2026,2026-05-21,,2026-06-18,28,Kendall Street,81-A-152,0081A00152000000,H,H,,Upper Lawrenceville,Construction of two-unit residence,yes,housing_units,two_unit,manual,0,2,2,NEW,use_variance,911.02,V|911.02,D,Denied,denied,2026 hand-coded sample,The Applicant’s request for a variance from Section 911.02 to permit the a two- unit residential use on the Subject Property is hereby DENIED.,40.48167,-79.94856,parcel_centroid_wprdc,https://www.pittsburghpa.gov/files/assets/city/v/1/dcp/documents/zoning-board-of-adjustment/kendall-street-58-of-2026.pdf,pittsburghpa.gov meeting page,2026-05-21,
27 of 2026,BDA-2025-12930,2026,2026-05-14,,2026-06-23,40,116 15th Street,9-G-170,0009G00170000000,SP-8,SP,2,Strip District,Wall Sign,no,non_housing,non_residential,rule,,,,NONE,dimensional_variance,919.03,V|919.03.M.7,D,Denied,denied,2026 hand-coded sample,The Applicant’s request for a variance from Section 919.03.M.7 to allow an 80 sf wall sign mounted at a height of 69’ from grade is hereby DENIED.,40.44858,-79.990359,parcel_centroid_wprdc,https://www.pittsburghpa.gov/files/assets/city/v/1/dcp/documents/zoning-board-of-adjustment/116-15th-street-27-of-2026.pdf,pittsburghpa.gov meeting page,2026-05-14,
49 of 2026,BDA-2026-01366,2026,2026-05-14,,2026-06-24,41,5898 Wilkins Avenue,28-F-206,0028F00206000000,R1D-VL,R1D,,Squirrel Hill North,Generator,yes,residential_accessory,other_residential,manual,,,,NONE,special_exception,916.09,SE|916.09,AC,Approved with conditions,approved,2026 hand-coded sample,The Applicant’s request for a special exception pursuant to Section 916.09 to waive the residential compatibility requirement for a emergency generator is hereby APPROVED; subject to the condition that the emergency generator shall only operate during emergencies and a monthly testing period.,40.438783,-79.960279,parcel_centroid_wprdc,https://www.pittsburghpa.gov/files/assets/city/v/1/dcp/documents/zoning-board-of-adjustment/5898-wilkins-avenue-49-of-2026.pdf,pittsburghpa.gov meeting page,2026-05-14,generator
63 of 2026,BDA-2026-03277,2026,2026-06-04,,2026-06-24,20,901 N. Saint Claire Street,82-R-93,0082R00093000000,R2-M,R2,11,Highland Park,Change of use from convenience store to yoga studio,no,non_housing,non_residential,manual,,,,NONE,special_exception,921.02,SE|921.02.A.4,AC,Approved with conditions,approved,2026 hand-coded sample,"The Applicant’s request for a special exception pursuant to Section 921.02.A.4 to allow the change of use of an 800 sf area within the structure from the non- conforming grocery store use to a yoga studio use is hereby APPROVED, subject to compliance with the general hours of operation and operational details described to the Board.",40.472214,-79.923415,parcel_centroid_wprdc,https://www.pittsburghpa.gov/files/assets/city/v/1/dcp/documents/zoning-board-of-adjustment/901-n-saint-claire-street-63-of-2026.pdf,pittsburghpa.gov meeting page,2026-06-04,
46 of 2026,BDA-2026-01401,2026,2026-05-21,,2026-06-30,40,30 Isabella Street,8-H-211,0008H00211000000,RIV-NS,RIV,22,North Shore,High Wall Sign,no,non_housing,non_residential,rule,,,,NONE,dimensional_variance,919.03,V|919.03.M.7;V|919.03.M.7(c),AC,Approved with conditions,approved,2026 hand-coded sample,"The Applicant’s request for a variance from Section 919.03.M.7(C) to install a second high wall sign on the front façade of the building, at the Isabella Street/Range Way corner, is hereby APPROVED, subject to the conditions that the area of the sign does not exceed 2% of the area of the exposed façade of the Isabella Street/Range Way half of the building and that no additional signage is permitted on the building.",40.448148,-80.00314,parcel_centroid_wprdc,https://www.pittsburghpa.gov/files/assets/city/v/1/dcp/documents/zoning-board-of-adjustment/30-isabella-street-46-of-2026.pdf,pittsburghpa.gov meeting page,2026-05-21,
50 of 2026,BDA-2025-03224,2026,2026-05-21,,2026-07-01,41,625 W. Warrington Avenue,15-P-146,0015P00146000000,P,P,,Mount Washington,Expansion of Existing Auto Sales Use,no,non_housing,non_residential,rule,,,,NONE,dimensional_variance|special_exception,905.01|918.03|921.02,SE|921.02.A.1;V|921.02.A.1;V|905.01.c;V|918.03;V|905.01.C,AC,Approved with conditions,approved,2026 hand-coded sample,"The Applicant’s request for a special exception pursuant to Section 921.02.A.1 and variances from Sections 921.02.A.1, 905.01.c and 918.03 to allow the continued use of the property for the non-conforming automotive sales use, with the expansion to allow for a total of 23 on-site parking spaces, is hereby APPROVED; subject to the condition that the curb cut on W. Warrington Avenue shall be eliminated. Amended condition: The curb cut on W. Warrington Avenue may remain, but shall be used only to a",40.415949,-80.01125,parcel_centroid_wprdc,https://www.pittsburghpa.gov/files/assets/city/v/1/dcp/documents/zoning-board-of-adjustment/zone-case-50-–-w.-warrington-amended_1.pdf,pittsburghpa.gov meeting page,2026-05-21,
19 of 2026,Construction of 18 single Unit attached houses,2026,2026-05-21,,2026-07-06,46,Buena Vista Street,"23-A-192, 196, 213, 23-E-12",0023A00192000000,H,H,,Perry South,BDA-2025-12227,yes,housing_units,single_attached,manual,0,18,18,NEW,dimensional_variance|use_variance,905.02|911.02,V|911.02;V|905.02.C,AC,Approved with conditions,approved,2026 hand-coded sample,"The Applicant’s request for variances from Sections 911.02 and 905.02.C to allow for the construction of 18 four-story townhouse structures on the Subject Property is hereby APPROVED, subject to the conditions that the Applicant continues to work with the community regarding efforts to repair and improve Buena Vista Street and provides Perry Hilltop Citizens Council with regular updates regarding the development and construction process.",40.460856,-80.014435,parcel_centroid_wprdc,https://www.pittsburghpa.gov/files/assets/city/v/1/dcp/documents/zoning-board-of-adjustment/buena-vista-street-19-of-2026_1.pdf,pittsburghpa.gov meeting page,2026-05-21,18 four-story townhouse structures; multiple parcels captioned; point is first matched parcel
94 of 2026,BDA-2026-12682,2026,2026-07-02,,2026-07-06,4,5231 Penn Avenue,50-L-306,0050L00306000000,R1D-H,R1D,,Garfield,Temporary use of building for passport academy,no,non_housing,non_residential,manual,,,,NONE,special_exception,911.02|911.04,SE|911.02;SE|911.04.A.63.a,AC,Approved with conditions,approved,2026 hand-coded sample,"The Applicant’s request for a special exception pursuant to Sections 911.02 and 911.04.A.63.a to allow the temporary use of the building on the Subject Property as a School, Elementary or Secondary (Limited) until the conclusion of the 2026-2027 school year is hereby APPROVED, subject to compliance with the operational details described to the Board.",40.465143,-79.938885,parcel_centroid_wprdc,https://www.pittsburghpa.gov/files/assets/city/v/1/dcp/documents/zoning-board-of-adjustment/5231-penn-avenue-94-of-2027_1.pdf,pittsburghpa.gov meeting page,2026-07-02,file name says 94 of 2027; PDF caption says 94 of 2026
59 of 2026,BDA-2026-02291,2026,2026-06-04,,2026-07-07,33,7534 Kensington Street,176-A-281,0176A00281000000,R1D-L,R1D,,Point Breeze,Parking Pad,yes,residential_accessory,other_residential,auto (text match; dwelling type often not stated),,,,NONE,dimensional_variance,912.04,V|912.04.L;V|912.04.L(3),D,Denied,denied,2026 hand-coded sample,The Applicant’s request for a variance from Section 912.04.L to allow for the construction of a one-car parking pad in the front yard of the Subject Property is hereby DENIED.,40.442156,-79.8981,parcel_centroid_wprdc,https://www.pittsburghpa.gov/files/assets/city/v/1/dcp/documents/zoning-board-of-adjustment/7534-kensington-street-59-of-2026_1.pdf,pittsburghpa.gov meeting page,2026-06-04,
66 of 2026,BDA-2026-01363,2026,2026-06-04,,2026-07-10,36,2530 Josephine Street,12-S-239,0012S00239000000,UI,UI,,South Side Slopes,Use of building for two dwelling units,yes,housing_units,two_unit,manual,1,2,1,LEGAL,special_exception,921.02,SE|921.02.A.4,AC,Approved with conditions,approved,2026 hand-coded sample,The Applicant’s request for a special exception pursuant to Code Section 921.02.A.4 to allow the use of the Subject Property for two residential units is hereby APROVED; subject to the condition that any additional work is completed in accordance with any required building permits.,40.423913,-79.970255,parcel_centroid_wprdc,https://www.pittsburghpa.gov/files/assets/city/v/1/dcp/documents/zoning-board-of-adjustment/2530-josephine-street-66-of-2026_1.pdf,pittsburghpa.gov meeting page,2026-06-04,
43 of 2026,BDA-2026-01492,2026,2026-06-04,,2026-07-14,40,226 N. Negley Avenue,"83-J-277, 83-J-280",0083J00277000000,RM-M,RM,,East Liberty,Addition to existing non-conforming structure,no,non_housing,non_residential,manual,,,,NONE,dimensional_variance|special_exception,903.03|914.10|916.04|921.02,V|903.03.C;V|921.02.A;V|914.10;SE|921.02.A.2;V|921.02.A.4;V|916.04.B,AC,Approved with conditions,approved,2026 hand-coded sample,"The Applicant’s request for special exceptions pursuant to 921.02.A and 916.09 and variances from Sections 903.03.C, 921.02.A, and 914.10 to allow for the construction of an addition onto an existing non-conforming convenience store is hereby APPROVED; subject to these conditions: • The specific location of the dumpster shall be provided and the dumpster shall be screened in accordance with the Code’s standards; • Landscaping on the site shall be provided as generally described to the Board; • C",40.465207,-79.929296,parcel_centroid_wprdc,https://www.pittsburghpa.gov/files/assets/city/v/1/dcp/documents/zoning-board-of-adjustment/226-n-negley-ave-43-of-2026-1.pdf,pittsburghpa.gov meeting page,2026-06-04,multiple parcels captioned; point is first matched parcel
25 of 2026,BDA-2025-12833,2026,2026-05-07,,2026-07-17,71,2501 Banksville Road,36-S-155,0036S00155000000,NDI,NDI,20,Banksville,Construction of Sheetz convenience and gasoline store,no,non_housing,non_residential,manual,,,,NONE,special_exception|use_variance,911.02|911.04,SE|911.04.A.65;V|911.04.A.65.f;SE|911.02,S,Split,split,2026 hand-coded sample,"• Retail Sales Use: Pursuant to Section 911.02, the Board confirms that the proposed retail sales/convenience store use is permitted on the Subject Property, consistent with the plans provided to the Board and with no variances from the site development standards; parking, circulation, landscaping and screening requirements; and Residential Compatibility Standards; and • Service Station Use: The Applicant demonstrated general compliance with the special exception criteria for the service station",40.406322,-80.034457,parcel_centroid_wprdc,https://www.pittsburghpa.gov/files/assets/city/v/1/dcp/documents/zoning-board-of-adjustment/2501-banksville-road-25-of-2026.pdf,pittsburghpa.gov meeting page,2026-05-07,outcome per 2026 hand-coded sample (S); regex gave DWP
26 of 2026,Renovation of existing building for grocery store,2026,2026-05-07,,2026-07-20,74,1700 Murray Avenue,86-L-13,0086L00013000000,LNC,LNC,14,Squirrel Hill South,BDA-2026-00955,no,non_housing,non_residential,manual,,,,NONE,dimensional_variance|special_exception,911.02|911.04|914.02|914.11,SE|911.04.A.83.c;SE|914.11.A.1;SE|911.02;V|914.02,AC,Approved with conditions,approved,2026 hand-coded sample,"The Applicant’s request for special exceptions pursuant to Sections 911.04.A.83.c and 914.11.A.1 to allow a grocery store (general) use, with 23 on- site parking spaces, on the Subject Property is APPROVED, subject to these conditions: • The hours of operations shall be approximately 8 a.m. until no later than 8 p.m., Sunday through Friday; • Customer seating area shall be limited to no more than 10 seats; • The dumpster shall be located within the parking area and shall be screened in accordanc",40.437748,-79.923337,parcel_centroid_wprdc,https://www.pittsburghpa.gov/files/assets/city/v/1/dcp/documents/zoning-board-of-adjustment/1700-murray-avenue-26-of-2026.pdf,pittsburghpa.gov meeting page,2026-05-07,
51 of 2026,BDA-2025-01286,2026,2026-06-04,,2026-07-20,46,Danley Street,"20-F-219, 225, 226, 230, 232, 234, 237, 237-1",0020F00219000000,H,H,,Elliott,New construction of warehouse,no,non_housing,non_residential,manual,,,,NONE,dimensional_variance|use_variance,905.02|911.02|915.02,V|911.02;V|905.02.C;V|915.02.A.1;V|915.02.A.1(e),AC,Approved with conditions,approved,2026 hand-coded sample,"The Applicant’s request for variances from Sections 911.02, 905.02.C, and 915.02.A.1 to allow for the construction a warehouse on the Subject Property is hereby APPROVED, consistent with the plans as presented to the Board.",40.448698,-80.043639,parcel_centroid_wprdc,https://www.pittsburghpa.gov/files/assets/city/v/1/dcp/documents/zoning-board-of-adjustment/danley-street-51-of-2026.pdf,pittsburghpa.gov meeting page,2026-06-04,outcome per 2026 hand-coded sample (AC); regex gave A
39 of 2026,BDA-2026-01379,2026,2026-06-11,,2026-07-21,40,5742 Holden Street,"84-N-255, 84-N-260",0084N00255000000,R2-M,R2,,Shadyside,Occupancy for Multi-Unit Building,yes,housing_units,multi_unit,manual,,16,,LEGAL,special_exception,921.02,SE|921.02.A.4,A,Approved,approved,2026 hand-coded sample,The Applicant’s request for a special exception pursuant to Section 921.02.A.4 to allow the use of the 5742 Holden Street building for 16 dwelling units is hereby APPROVED.,40.454406,-79.930199,parcel_centroid_wprdc,https://www.pittsburghpa.gov/files/assets/city/v/1/dcp/documents/zoning-board-of-adjustment/5742-holden-st-39-of-2026.pdf,pittsburghpa.gov meeting page,2026-06-11,occupancy of existing building for 16 units; multiple parcels captioned; point is first matched parcel
69 of 2026,BDA-2026-03534,2026,2026-06-11,,2026-07-21,40,1345 Windermere Drive,129-D-257,0129D00257000000,R1D-L,R1D,,Swisshelm Park,Parking Pad,yes,residential_accessory,single_detached,auto (text match; dwelling type often not stated),,,,NONE,dimensional_variance,912.04,V|912.04.L.3;V|912.04.L(3),D,Denied,denied,2026 hand-coded sample,The Applicant’s request for a variance from Section 912.04.L.3 to allow a front yard parking pad is hereby DENIED.,40.423535,-79.900208,parcel_centroid_wprdc,https://www.pittsburghpa.gov/files/assets/city/v/1/dcp/documents/zoning-board-of-adjustment/1345-windermere-drive-69-of-2026.pdf,pittsburghpa.gov meeting page,2026-06-11,
76 of 2026,BDA-2025-01786,2026,2026-06-18,,2026-07-21,33,3412 Ligonier Street,"26-A-5, 26-A-6, 26-A-7",0026A00005000000,"R1A-H, LNC",R1A,,Lower Lawrenceville,Use of 3-stall parking area accessory to existing religious assembly use,no,non_housing,non_residential,rule,,,,NONE,dimensional_variance|special_exception,912.01|916.04|916.09,V|912.01;SE|916.09;V|912.01.D;SE|916.04.C,AC,Approved with conditions,approved,2026 hand-coded sample,The Applicant’s request for a variance from Section 912.01 and a special exception pursuant to Sections916.09/916.04.C to allow for the construction of a three-car parking lot on the Subject Property is hereby APPROVED; subject to the condition that the curb cut shall be reviewed by the Department of Mobility and Infrastructure.,40.462186,-79.966098,parcel_centroid_wprdc,https://www.pittsburghpa.gov/files/assets/city/v/1/dcp/documents/zoning-board-of-adjustment/3412-ligonier-street-76-of-2026.pdf,pittsburghpa.gov meeting page,2026-06-18,multiple parcels captioned; point is first matched parcel
70 of 2026,BDA-2025-12731,2026,2026-06-11,,2026-07-22,41,2515 Banksville Road,36-S-27,0036S00027000000,NDI,NDI,,Banksville,Install Wall Sign,no,non_housing,non_residential,rule,,,,NONE,dimensional_variance|use_variance,911.03|919.03,V|911.03.M.6(a);V|919.03.M.6(a),AC,Approved with conditions,approved,2026 hand-coded sample,"The Applicant’s request for a variance from Section 911.03.M.6(a) to allow the installation of a 225 sf wall sign on the Banksville Road side of the building is hereby APPROVED, subject to the condition that no additional signage will be permitted on that side of the building.",40.405854,-80.035761,parcel_centroid_wprdc,https://www.pittsburghpa.gov/files/assets/city/v/1/dcp/documents/zoning-board-of-adjustment/2515-banksville-road-70-of-2026.pdf,pittsburghpa.gov meeting page,2026-06-18,
82 of 2026,BDA-2026-03730,2026,2026-06-18,,2026-07-22,34,5436 Walnut Street,52-D-244,0052D00244000000,LNC,LNC,,Shadyside,Projecting Signs,no,non_housing,non_residential,rule,,,,NONE,dimensional_variance,919.03,V|919.03.M.8,AC,Approved with conditions,approved,2026 hand-coded sample,"The Applicant’s request for a variance from Section 919.03.M.8 to allow for the installation of a second 3.5 sf projecting sign is hereby APPROVED, subject to the condition that no larger projecting signs and no additional signs are permitted.",40.450821,-79.934029,parcel_centroid_wprdc,https://www.pittsburghpa.gov/files/assets/city/v/1/dcp/documents/zoning-board-of-adjustment/5436-walnut-street-82-of-2026.pdf,pittsburghpa.gov meeting page,2026-06-18,
73 of 2026,BDA-2024-03589,2026,2026-06-18,,2026-07-23,35,962 Proctor Way,14-G-232,0014G00232000000,R1D-H,R1D,,Allentown,Front yard parking pad,yes,residential_accessory,other_residential,auto (text match; dwelling type often not stated),,,,NONE,dimensional_variance,912.03,V|912.03.L.3,AC,Approved with conditions,approved,2026 hand-coded sample,"The Applicant’s request for a variance from Section 912.03.L.3 to allow the continued use of the parking pad that is located in the front yard of the Subject Property is hereby APPROVED, subject to continued compliance with DOMI’s requirements for the curb cut.",40.42057,-79.989275,parcel_centroid_wprdc,https://www.pittsburghpa.gov/files/assets/city/v/1/dcp/documents/zoning-board-of-adjustment/962-proctor-way-73-of-2026.pdf,pittsburghpa.gov meeting page,2026-06-18,
83 of 2026,BDA-2026-04217,2026,2026-07-02,,2026-07-23,21,1518 Valentine Street,24-D-136,0024D00136000000,R1D-H,R1D,,Troy Hill,Parking Pad,yes,residential_accessory,single_detached,auto (text match; dwelling type often not stated),,,,NONE,dimensional_variance,912.03,V|912.03.M.7,AC,Approved with conditions,approved,2026 hand-coded sample,The Applicant’s request for a variance from Section 912.03.M.7 to allow the construction of a front yard parking pad is hereby APPROVED; subject to the condition that the curb cut shall be reviewed by the Department of Mobility and Infrastructure.,40.462071,-79.98498,parcel_centroid_wprdc,https://www.pittsburghpa.gov/files/assets/city/v/1/dcp/documents/zoning-board-of-adjustment/1518-valentine-street-83-of-2026.pdf,pittsburghpa.gov meeting page,2026-06-18,
71 of 2026,BDA-2026-03415,2026,2026-06-11,,2026-07-27,46,107 6th Street,8-S-68,0008S00068000000,GT-C,GT,,Central Business District,Projecting Sign,no,non_housing,non_residential,rule,,,,NONE,dimensional_variance,919.03,V|919.03.M,A,Approved,approved,2026 hand-coded sample,The Applicant’s request for a variance from Section 919.03.M to allow installation of a 30 sf projecting sign is hereby APPROVED.,40.443824,-80.002266,parcel_centroid_wprdc,https://www.pittsburghpa.gov/files/assets/city/v/1/dcp/documents/zoning-board-of-adjustment/107-6th-street-71-of-2026-part-2.pdf,pittsburghpa.gov meeting page,2026-06-18,
38 of 2026,DCP-PAP-2026-00058,2026,2026-06-18,,2026-08-03,46,49th Street,80-F-97,0080F00097000000,RIV-MU,RIV,,Central Lawrenceville,Appeal of the decision of the Zoning Administrator to approve an alternative access and parking plan,yes,housing_units,multi_unit,manual,,15,,NEW,appeal,917.07,APPEAL|917.07.D.1,APG,Appeal granted,appeal,2026 hand-coded sample,"Upon consideration of the testimony and evidence presented, the Board concludes that the Zoning Administrator’s February 13, 2026 approval of an alternative access and parking plan for the 15-unit residential use on the Subject Property was in error and the appeal of the approval is GRANTED and the approval is vacated.",40.47798,-79.958021,parcel_centroid_wprdc,https://www.pittsburghpa.gov/files/assets/city/v/1/dcp/documents/zoning-board-of-adjustment/49th-street-38-of-2026.pdf,pittsburghpa.gov meeting page,2026-06-18,third-party appeal vacated AAPP for 15-unit residential use
72 of 2026,DCP-PAP-2026-00101,2026,2026-06-11,,2026-08-07,57,1639 Denniston Street,86-H-216,0086H00216000000,R2-L,R2,,Squirrel Hill North,Appeal of approval of BDA-2025-11422 for the construction of a front deck with integral garage,yes,residential_accessory,other_residential,auto (text match; dwelling type often not stated),,,,NONE,appeal,923.02,APPEAL|923.02.D,APD,Appeal denied,appeal,2026 hand-coded sample,"Upon consideration of the testimony and evidence presented, the Board concludes that the Appellant’s appeal was timely. Because the porch extension will not extend more than 9’ into the required front setback, the January 6, 2026 approval of BDA- 2025-11422 was proper and the appeal is DENIED.",40.439278,-79.917528,parcel_centroid_wprdc,https://www.pittsburghpa.gov/files/assets/city/v/1/dcp/documents/zoning-board-of-adjustment/1639-denniston-street-72-of-2026.pdf,pittsburghpa.gov meeting page,2026-06-11,
92 of 2026,DCP-ZDR-2024-03606,2026,2026-07-09,,2026-08-12,34,104 S. 18th Street,12-J-101,0012J00101000000,R1A-VH,R1A,,South Side Flats,Use of building for two dwelling units,yes,housing_units,two_unit,manual,2,2,0,LEGAL,nonconforming_review,911.02,SE|911.02,NC,Nonconforming status confirmed,approved,"auto (regex on decision paragraph, reviewed)",The use of the structure for two units is legally nonconforming and may continue.,40.428025,-79.980901,parcel_centroid_wprdc,https://www.pittsburghpa.gov/files/assets/city/v/1/dcp/documents/zoning-board-of-adjustment/104-s-18th-street-92-of-2026.pdf,pittsburghpa.gov meeting page,2026-07-09,"relief table listed nonconforming_review|special_exception; Board found use legally nonconforming, so relief_type set to nonconforming_review"
102 of 2026,BDA-2026-05380,2026,2026-08-06,,2026-08-13,7,2739 Churchview Avenue,94-P-170,0094P00170000000,R1D-L,R1D,,Carrick,Use of building for two dwelling units,yes,housing_units,two_unit,manual,2,2,0,LEGAL,nonconforming_review,911.02,REVIEW|911.02,NC,Nonconforming status confirmed,approved,"auto (regex on decision paragraph, reviewed)",The use of the structure on the Subject Property for two units is legally nonconforming and may continue.,40.385302,-79.975464,parcel_centroid_wprdc,https://www.pittsburghpa.gov/files/assets/city/v/1/dcp/documents/zoning-board-of-adjustment/2739-churchview-avenue-102-of-2026.pdf,pittsburghpa.gov meeting page,2026-08-06,
88 of 2026,DCP-LOT-2026-00134,2026,2026-07-09,,2026-08-13,35,1126 Shadycrest Court,5-P-125,0005P00125000000,R1A-M,R1A,,Beechview,Subdivision,yes,housing_units,two_unit,manual,,2,,REDUCE,special_exception,921.02,SE|921.02.A.4;SE|921.02.A,A,Approved,approved,"auto (regex on decision paragraph, reviewed)",The Applicant’s request for a special exception pursuant to Section 921.02.A.4 to allow the change of use of the Subject Property from multi-unit residential to two-unit residential is hereby APPROVED.,40.424229,-80.026444,parcel_centroid_wprdc,https://www.pittsburghpa.gov/files/assets/city/v/1/dcp/documents/zoning-board-of-adjustment/1126-shadycrest-court-88-of-2026.pdf,pittsburghpa.gov meeting page,2026-07-09,multi-unit to two-unit
95 of 2026,BDA-2026-02224,2026,2026-07-16,,2026-08-13,28,1134 Sheffield Street,22-R-148,0022R00148000000,RM-M,RM,,Manchester,Fence,yes,residential_accessory,two_unit,auto (text match; dwelling type often not stated),,,,NONE,dimensional_variance,912.04,V|912.04.K;V|912.04.k(2),A,Approved,approved,2026 hand-coded sample,The Applicant’s request for a variance from Section 912.04.K to allow the use of a 8’ high open fence within the exterior side setback is hereby APPROVED.,40.454016,-80.022565,parcel_centroid_wprdc,https://www.pittsburghpa.gov/files/assets/city/v/1/dcp/documents/zoning-board-of-adjustment/1134-sheffield-street-95-of-2026.pdf,pittsburghpa.gov meeting page,2026-07-16,
68 of 2026,BDA-2026-03872,2026,2026-06-11,,2026-08-14,64,4337 Fifth Avenue,27-M-53,0027M00053000000,EMI,EMI,,North Oakland,New construction of dormitory building,yes,housing_units,other_residential,manual,,,,NEW,special_exception,911.02|911.04,SE|911.02;SE|911.04.A.23.b;SE|911.04.A.57.a;SE|911.04.A.23,AC,Approved with conditions,approved,2026 hand-coded sample,"The Applicant’s request for special exceptions pursuant to Code Sections 911.02, 911.04.A.23.b and 911.04.A.57.a. is hereby APPROVED; subject to the following conditions: 1. Residential occupancy of the building is not to exceed 470 individuals, who are to be primarily registered first year University students and the University’s residential life professionals; 2. Use of the building for occasional educational camps and conferences is permitted, subject to compliance with the 470-person occupan",40.446909,-79.952376,parcel_centroid_wprdc,https://www.pittsburghpa.gov/files/assets/city/v/1/dcp/documents/zoning-board-of-adjustment/4337-fifth-avenue-68-of-2026-1.pdf,pittsburghpa.gov meeting page,2026-06-11,"dormitory, max 470 residents"
77 of 2026,BDA-2026-04446,2026,2026-07-09,,2026-08-14,36,743 Technology Drive,28-N-315,0028N00315000000,SP-1,SP,,South Oakland,Construction of School,no,non_housing,non_residential,rule,,,,NONE,dimensional_variance|use_variance,909.01|911.02,V|909.01.F;V|911.02,AC,Approved with conditions,approved,"auto (regex on decision paragraph, reviewed)","The Applicant’s request for a use variance from the SP-1 District use restrictions (Code § 909.01.F) to permit the operation of an Environmental Charter Middle and High School at 743 Technology Drive, Pittsburgh, PA 15219, Parcel No. 28-N-315, is hereby APPROVED, subject to (1) the Applicant’s compliance with the operational plan approved by DOMI; and (2) the Zoning Administrator’s approval of all signage.",40.432932,-79.963696,parcel_centroid_wprdc,https://www.pittsburghpa.gov/files/assets/city/v/1/dcp/documents/zoning-board-of-adjustment/743-technology-drive-77-of-2026.pdf,pittsburghpa.gov meeting page,2026-07-09,
98 of 2026,BDA-2026-04103,2026,2026-07-16,,2026-08-17,32,1013 Chestnut Street,24-J-238,0024J00238000000,R1A-VH,R1A,,East Allegheny,Use of structure for two dwelling units,yes,housing_units,two_unit,manual,1,2,1,LEGAL,special_exception,921.02,SE|921.02.A.4,A,Approved,approved,2026 hand-coded sample,The Applicant’s request for a special exception pursuant to Code Section 921.02.A.4 to allow the use of the Subject Property for two residential units is hereby APROVED.,40.457071,-79.997503,parcel_centroid_wprdc,https://www.pittsburghpa.gov/files/assets/city/v/1/dcp/documents/zoning-board-of-adjustment/1013-chestnut-street-98-of-2026.pdf,pittsburghpa.gov meeting page,2026-07-16,
96 of 2026,BDA-2026-02055,2026,2026-07-16,,2026-08-18,33,Rockland Avenue,35-D-22,0035D00022000000,R1D-H,R1D,,Beechview,New construction of structure for two residential units,yes,housing_units,two_unit,manual,0,2,2,NEW,dimensional_variance|use_variance,903.03|911.02,V|911.02;V|903.03.D.2,S,Split,split,2026 hand-coded sample,The Applicant’s request for a use variance from Section 911.02 to allow a two- unit residential use on the Subject Property is hereby DENIED and the request for a dimensional variance from the exterior side setback requirement in Section 903.03.D.2 to allow a 5’ exterior side setback for the proposed structure is hereby APPROVED.,40.413254,-80.019944,parcel_centroid_wprdc,https://www.pittsburghpa.gov/files/assets/city/v/1/dcp/documents/zoning-board-of-adjustment/rockland-avenue-96-of-2026.pdf,pittsburghpa.gov meeting page,2026-07-16,"use variance denied, setback variance approved"
64 of 2026,BDA-2026-03152,2026,2026-07-09,,2026-08-19,41,2000 Mary Street,12-P-27,0012P00027000000,UI,UI,,South Side Flats,Construction of parking garage,no,non_housing,non_residential,manual,,,,NONE,special_exception,911.02,SE|911.02,A,Approved,approved,"auto (regex on decision paragraph, reviewed)",The Applicant’s request for a special exception pursuant to Section 911.02 to allow the use of the parking garage on the Subject Property for a Parking Structure (general) use is hereby APPROVED.,40.425633,-79.977738,parcel_centroid_wprdc,https://www.pittsburghpa.gov/files/assets/city/v/1/dcp/documents/zoning-board-of-adjustment/2000-mary-street-64-of-2026.pdf,pittsburghpa.gov meeting page,2026-07-09,
87 of 2026,BDA-2026-03536,2026,2026-07-09,,2026-08-19,41,East Liberty Boulevard,83-F-217,0083F00217000000,RM-M,RM,,East Liberty,New House,yes,housing_units,single_detached,manual,0,1,1,NEW,dimensional_variance,903.03,V|903.03.D.2,A,Approved,approved,"auto (regex on decision paragraph, reviewed)",The Applicant’s request for a variance from Section 903.03.D.2 to allow for the construction of a single-family house on the Subject Property with a 7’-8” exterior side setback is hereby APPROVED.,40.467543,-79.926925,parcel_centroid_wprdc,https://www.pittsburghpa.gov/files/assets/city/v/1/dcp/documents/zoning-board-of-adjustment/east-liberty-boulevard-87-of-2026.pdf,pittsburghpa.gov meeting page,2026-07-09,
101 of 2026,BDA-2026-02153,2026,2026-07-16,,2026-08-28,43,2560 Smallman Street,25-N-104,0025N00104000000,RIV-IMU,RIV,,Strip District,New construction of 38-unit multi-unit residential building,yes,housing_units,multi_unit,manual,0,38,38,NEW,dimensional_variance,905.04|914.02,V|905.04.l.1(b);V|914.02,A,Approved,approved,2026 hand-coded sample,The Applicant’s request for a variance from Section 905.04.l.1(b) to allow for a parking structure on the Subject Property that would accommodate a total of 68 parking spaces is hereby APPROVED.,40.455166,-79.979291,parcel_centroid_wprdc,https://www.pittsburghpa.gov/files/assets/city/v/1/dcp/documents/zoning-board-of-adjustment/2560-smallman-street-101-of-2026.pdf,pittsburghpa.gov meeting page,2026-07-16,
34 of 2026,BDA-2025-03409,2026,2026-05-07,,2026-08-28,113,7926 Frankstown Avenue,174-S-191,0174S00191000000,LNC,LNC,,East Hills,Off-site parking,no,non_housing,non_residential,rule,,,,NONE,aapp_parking,914.07,SE|914.07.G.2(a);SE|914.07.G.2,AC,Approved with conditions,approved,"auto (regex on decision paragraph, reviewed)","The Applicant’s request for a special exception pursuant to Section 914.07.G.2(a) to allow the use of Parcel No. 174-S-186 for 10 off-site parking spaces and the use of 7901 Bennet Street for 10 off-site parking spaces is hereby APPROVED, subject to the condition that the area designated for parking on Parcel No. 174-S-186 cannot be used for an outdoor event space.",40.455061,-79.884806,parcel_centroid_wprdc,https://www.pittsburghpa.gov/files/assets/city/v/1/dcp/documents/zoning-board-of-adjustment/7926-frankstown-avenue-34-of-2026.pdf,pittsburghpa.gov meeting page,2026-05-07,
