name,address,lat,lon,tier,snap_store_type,achd_category,snap_authorized,sources,achd_last_inspection
DOLLARTREE 11649,"412 Broadway St, Coraopolis 15108",40.516827,-80.161499,other_food_retail,Other,Chain Packaged Food Only,True,USDA_SNAP+ACHD,2024-11-22
Yard & Abroad 4124789059,"1566 Park Ave, Pittsburgh 15221",40.44585,-79.871269,full_grocery,Grocery Store,Retail/Convenience Store,True,USDA_SNAP+ACHD,
A And S Market And Deli,"3417 Main St, Homestead 15120",40.385891,-79.90271,convenience_limited,Convenience Store,Retail/Convenience Store,True,USDA_SNAP+ACHD,2025-07-17
Marwa Halal Market And Bakery,"3538 Saw Mill Run Blvd, Brentwood 15227",40.372276,-79.982224,full_grocery,Grocery Store,,True,USDA_SNAP,
Costco Wholesale 0332,"202 Costco Dr, Pittsburgh 15205",40.459522,-80.16523,full_grocery,Super Store,Packaged Food Only,True,USDA_SNAP+ACHD,2025-05-09
Sana Enterprise Oil Inc,"1498 Center Ave, Pittsburgh 15229",40.515266,-80.045097,convenience_limited,Convenience Store,Packaged Food Only,True,USDA_SNAP+ACHD,2023-11-27
Eden's Market,"99 Alfred St, Pittsburgh 15228",40.380722,-80.044167,full_grocery,Grocery Store,Retail/Convenience Store,True,USDA_SNAP+ACHD,2025-01-08
G&m United Llc,"3100 Brownlee Ave, McKeesport 15132",40.348686,-79.84079,convenience_limited,Convenience Store,Packaged Food Only,True,USDA_SNAP+ACHD,2021-08-05
Alstan Mini Mart No,"2526 Monroeville Blvd, Monroeville 15146",40.426559,-79.788078,convenience_limited,Convenience Store,Retail/Convenience Store,True,USDA_SNAP+ACHD,2024-04-23
Garfield Community Farm Farmer's Market,"509 Wicklow St, Pittsburgh 15224",40.468887,-79.935013,farmers_market,Farmers and Markets,,True,USDA_SNAP,
Millvale Tobacco Outlet,"225 North Ave, Millvale 15209",40.481602,-79.974564,convenience_limited,Convenience Store,Retail/Convenience Store,True,USDA_SNAP+ACHD,
JOHN & GERRY'S FRUIT MKT,"2850 Freeport Rd, Springdale 15144",40.55418,-79.770889,other_food_retail,Other,,True,USDA_SNAP,
Pittsburgh Commissary 2309,"79 Soldiers Ln, Coraopolis 15108",40.501141,-80.217148,full_grocery,Supermarket,,True,USDA_SNAP,
APlus 40225,"300 Grant Ave, Millvale 15209",40.47961,-79.972122,convenience_limited,Convenience Store,Chain Retail/Convenience Store,True,USDA_SNAP+ACHD,2025-07-03
Sheetz 115,"8500 Perry Hwy, Pittsburgh 15237",40.560596,-80.038971,convenience_limited,Convenience Store,Chain Retail/Convenience Store,True,USDA_SNAP+ACHD,2025-02-11
PITALAND INC.,"620 Brookline Blvd, Pittsburgh 15226",40.395084,-80.021919,full_grocery,Grocery Store,Seasonal/Farmers Market,True,USDA_SNAP+ACHD,
A & M MARKET,"320 Coal St, Pittsburgh 15221",40.435783,-79.88279,convenience_limited,Convenience Store,Retail/Convenience Store,True,USDA_SNAP+ACHD,2025-07-22
SHALER SHOP N SAVE,"1620 Babcock Blvd, Pittsburgh 15209",40.498802,-79.979286,full_grocery,Super Store,Chain Supermarket,True,USDA_SNAP+ACHD,2025-02-21
OU'S INTERNATIONAL COMPANY,"705 Penn Ave, Wilkinsburg 15221",40.443775,-79.884293,full_grocery,Grocery Store,Chain Packaged Food Only,True,USDA_SNAP+ACHD,2021-02-18
DOLLAR GENERAL 7214,"1515 Washington Blvd, McKeesport 15133",40.333874,-79.880249,other_food_retail,Other,Chain Packaged Food Only,True,USDA_SNAP+ACHD,2024-12-09
CVS Pharmacy 4070,"10600 Frankstown Rd, Pittsburgh 15235",40.460537,-79.842117,other_food_retail,Other,Chain Packaged Food Only,True,USDA_SNAP+ACHD,2024-02-14
Giant Eagle 52,"132 Ben Avon Heights Rd, Pittsburgh 15237",40.522621,-80.068924,full_grocery,Super Store,,True,USDA_SNAP,
CVS Pharmacy 4144,"3075 W Liberty Ave, Pittsburgh 15216",40.391556,-80.038597,other_food_retail,Other,Chain Retail/Convenience Store,True,USDA_SNAP+ACHD,2024-11-15
Walmart 2603,"300 Walmart Dr, Gibsonia 15044",40.623096,-79.946533,full_grocery,Super Store,Chain Retail/Convenience Store,True,USDA_SNAP+ACHD,2025-02-06
Sheetz 824,"950 Presque Isle Drive, Pittsburgh 15239",40.463268,-79.705963,convenience_limited,Convenience Store,Chain Retail/Convenience Store,True,USDA_SNAP+ACHD,2025-06-09
Giant Eagle 65,"4110 Brighton Rd, Pittsburgh 15212",40.489182,-80.044174,full_grocery,Super Store,Chain Supermarket,True,USDA_SNAP+ACHD,2025-04-15
Sheetz 123,"5300 Route 8, Gibsonia 15044",40.614388,-79.947159,convenience_limited,Convenience Store,Chain Retail/Convenience Store,True,USDA_SNAP+ACHD,2025-03-06
DOLLAR GENERAL 9002,"28 Monongahela Ave, Glassport 15045",40.334904,-79.891243,other_food_retail,Other,Chain Packaged Food Only,True,USDA_SNAP+ACHD,2025-03-04
Giant Eagle 25,"1029 W View Park Dr, Pittsburgh 15229",40.516693,-80.039078,full_grocery,Super Store,Chain Supermarket,True,USDA_SNAP+ACHD,2025-02-03
DOLLAR GENERAL 7673,"1811 Main St, Sharpsburg 15215",40.494343,-79.921242,other_food_retail,Other,Chain Packaged Food Only,True,USDA_SNAP+ACHD,2024-12-19
GIANT EAGLE 38,"1901 Murray Ave, Pittsburgh 15217",40.435654,-79.922806,full_grocery,Super Store,Chain Packaged Food Only,True,USDA_SNAP+ACHD,2024-09-27
Sham Stop & Shop Halal Market,"3033 Banksville Rd, Pittsburgh 15216",40.4011,-80.042442,full_grocery,Grocery Store,Supermarket,True,USDA_SNAP+ACHD,2025-06-03
SUPER ONE,"2601 S Braddock Ave, Pittsburgh 15218",40.415695,-79.876701,convenience_limited,Convenience Store,Retail/Convenience Store,True,USDA_SNAP+ACHD,2024-07-03
CVS Pharmacy 4008,"242 5th Ave, Pittsburgh 15222",40.440914,-80.000961,other_food_retail,Other,Chain Packaged Food Only,True,USDA_SNAP+ACHD,2025-07-03
DAILY MART,"1125 Arlington Ave, Pittsburgh 15203",40.422237,-79.991722,convenience_limited,Convenience Store,Retail/Convenience Store,True,USDA_SNAP+ACHD,2025-04-21
Sheetz 189,"1505 Pittsburgh St, Cheswick 15024",40.542034,-79.79879,convenience_limited,Convenience Store,Chain Retail/Convenience Store,True,USDA_SNAP+ACHD,2025-02-14
RUSSELLTON SHOP N SAVE,"908 LITTLE DEER CREEK VALLEY, RUSSELLTON 15076",40.607555,-79.833443,full_grocery,Super Store,,True,USDA_SNAP,
ROBERT WHOLEY CO. INC.,"1711 Penn Ave, Pittsburgh 15222",40.449944,-79.985756,full_grocery,Super Store,Supermarket,True,USDA_SNAP+ACHD,2025-04-03
HOLIDAY PARK SHOP N SAVE,"2362 Golden Mile Hwy, Pittsburgh 15239",40.462288,-79.704643,full_grocery,Super Store,Chain Supermarket,True,USDA_SNAP+ACHD,2025-06-24
DOLLAR GENERAL 3388,"470 Penn Lincoln Dr, Imperial 15126",40.442856,-80.235916,other_food_retail,Other,Chain Packaged Food Only,True,USDA_SNAP+ACHD,2023-12-27
DOLLAR GENERAL 8554,"716 Clairton Blvd, Pittsburgh 15236",40.32679,-79.945686,other_food_retail,Other,Chain Packaged Food Only,True,USDA_SNAP+ACHD,2024-11-13
Sheetz 360,"3954 William Penn Hwy, Monroeville 15146",40.438126,-79.774239,convenience_limited,Convenience Store,Chain Retail/Convenience Store,True,USDA_SNAP+ACHD,2025-02-10
Giant Eagle 37,"18 Quaker Village Shopping Ctr, Leetsdale 15056",40.558182,-80.204231,full_grocery,Super Store,,True,USDA_SNAP,
LEONARD LABRIOLA FOODS,"605 Freeport Rd, Sharpsburg 15215",40.488213,-79.898766,full_grocery,Grocery Store,Chain Supermarket,True,USDA_SNAP+ACHD,2024-12-19
WING FAT HONG,"2306 Penn Ave, Pittsburgh 15222",40.452946,-79.981262,full_grocery,Other,Supermarket,True,USDA_SNAP+ACHD,2024-05-15
CVS PHARMACY 4091,"7404 Church St, Swissvale 15218",40.42152,-79.889481,other_food_retail,Other,Chain Packaged Food Only,True,USDA_SNAP+ACHD,2024-05-23
Dollar General 0817,"5000 Library Rd, Bethel Park 15102",40.342625,-80.027107,other_food_retail,Other,Packaged Food Only,True,USDA_SNAP+ACHD,2025-04-18
LE'S SUPER GK,"5482 Penn Ave, Pittsburgh 15206",40.464123,-79.93261,convenience_limited,Convenience Store,Retail/Convenience Store,True,USDA_SNAP+ACHD,2024-06-12
Kuhns Market,"661 Lincoln Ave, Bellevue 15202",40.497169,-80.06028,full_grocery,Super Store,Chain Supermarket,True,USDA_SNAP+ACHD,2025-05-02
DOLLAR GENERAL 7878,"10730 Frankstown Rd, Pittsburgh 15235",40.461605,-79.841011,other_food_retail,Other,Chain Packaged Food Only,True,USDA_SNAP+ACHD,2024-07-29
DOLLAR GENERAL 4225,"1985 Lincoln Way, White Oak 15131",40.338963,-79.809547,other_food_retail,Other,,True,USDA_SNAP,
Sheetz 327,"2100 Mosside Blvd, Monroeville 15146",40.398006,-79.768784,convenience_limited,Convenience Store,Chain Retail/Convenience Store,True,USDA_SNAP+ACHD,2025-06-20
LEONARD LABRIOLA ITALIAN GROCERY,"4039 Monroeville Blvd, Monroeville 15146",40.435246,-79.769012,full_grocery,Grocery Store,Chain Supermarket,True,USDA_SNAP+ACHD,2025-02-12
McKees Rocks Sunoco A-Plus,"351 Stanhope St, Pittsburgh 15204",40.463562,-80.056213,other_food_retail,Convenience Store,Chain Retail/Convenience Store,True,USDA_SNAP+ACHD,2024-11-27
Giant Eagle 4,"5055 Library Rd, Bethel Park 15102",40.337273,-80.025223,full_grocery,Super Store,,True,USDA_SNAP,
Safran s Super Market,"429 Walnut St, Sewickley 15143",40.541046,-80.182266,full_grocery,Supermarket,Supermarket,True,USDA_SNAP+ACHD,2025-07-30
DOLLAR GENERAL 0542,"352 N 2nd Ave, Elizabeth 15037",40.273895,-79.885162,other_food_retail,Other,Chain Packaged Food Only,True,USDA_SNAP+ACHD,2024-06-24
7-Eleven Store 36205,"6106 Saltsburg Rd, Verona 15147",40.484097,-79.818901,convenience_limited,Convenience Store,Chain Retail/Convenience Store,True,USDA_SNAP+ACHD,2025-02-27
7-Eleven Store 36139,"285 Mount Lebanon Blvd, Pittsburgh 15234",40.368843,-80.037247,convenience_limited,Convenience Store,Chain Retail/Convenience Store,True,USDA_SNAP+ACHD,2024-11-18
DOLLAR GENERAL 4384,"1701 Lincoln Hwy, N Versailles 15137",40.370461,-79.78614,other_food_retail,Other,,True,USDA_SNAP,
Giant Eagle 35,"1717 Cochran Rd, Pittsburgh 15220",40.392399,-80.066032,full_grocery,Super Store,Chain Supermarket,True,USDA_SNAP+ACHD,2025-07-11
Decarlo Market Llc,"560 McKeesport Rd, Elizabeth 15037",40.278534,-79.875458,other_food_retail,Other,Retail/Convenience Store,True,USDA_SNAP+ACHD,2021-04-09
Sheetz 277,"12000 Perry Hwy, Wexford 15090",40.633732,-80.059708,convenience_limited,Convenience Store,Chain Retail/Convenience Store,True,USDA_SNAP+ACHD,2025-02-11
Giant Eagle 77,"254 Yost Blvd, Pittsburgh 15221",40.414722,-79.855362,full_grocery,Super Store,Chain Supermarket,True,USDA_SNAP+ACHD,2024-10-08
Walmart 5040,"2200 Washington Pike, Carnegie 15106",40.386765,-80.096191,full_grocery,Super Store,Chain Retail/Convenience Store,True,USDA_SNAP+ACHD,2025-01-07
Schwebel Baking Co of PA 7,"4315 Walnut St, McKeesport 15132",40.321175,-79.83519,specialty_food,Specialty Store,,True,USDA_SNAP,
Walmart Supercenter 2281,"2351 Century Dr, West Mifflin 15122",40.343925,-79.943527,full_grocery,Super Store,,True,USDA_SNAP,
Brownsville Road Foodland,"1119 Brownsville Rd, Pittsburgh 15210",40.404987,-79.989662,full_grocery,Super Store,Chain Supermarket,True,USDA_SNAP+ACHD,2025-02-24
ALDI 69045,"880 Butler St, Pittsburgh 15223",40.51165,-79.944878,full_grocery,Supermarket,Chain Packaged Food Only,True,USDA_SNAP+ACHD,2025-03-20
CVS Pharmacy 7612,"237 Monroeville Ave, Turtle Creek 15145",40.405937,-79.823128,other_food_retail,Other,Chain Packaged Food Only,True,USDA_SNAP+ACHD,2023-09-14
PEOPLES GROCERY,"5136 Penn Ave, Pittsburgh 15224",40.464752,-79.941284,convenience_limited,Convenience Store,Retail/Convenience Store,True,USDA_SNAP+ACHD,2025-02-27
DOLLAR GENERAL 4607,"491 Lincoln Ave, Bellevue 15202",40.495201,-80.055374,other_food_retail,Other,Chain Packaged Food Only,True,USDA_SNAP+ACHD,2025-03-24
Kang's Sambok Grocery,"1735 Penn Ave, Pittsburgh 15222",40.450455,-79.985252,full_grocery,Other,Supermarket,True,USDA_SNAP+ACHD,2025-04-22
Giant Eagle 14,"7000 Oxford Dr, Bethel Park 15102",40.347183,-80.049194,full_grocery,Super Store,,True,USDA_SNAP,
GIANT EAGLE 40,"5550 Centre Ave, Pittsburgh 15232",40.456913,-79.935165,full_grocery,Super Store,Chain Supermarket,True,USDA_SNAP+ACHD,2024-09-30
DOLLAR GENERAL 7045,"3060 Sussex Ave, Pittsburgh 15226",40.383801,-80.01609,other_food_retail,Other,Chain Packaged Food Only,True,USDA_SNAP+ACHD,2024-07-26
Walmart Supercenter 2588,"100 Wal Mart Drive, North Versailles 15137",40.386124,-79.82254,full_grocery,Super Store,,True,USDA_SNAP,
EAST END FOOD CO-OP,"7516 Meade St, Pittsburgh 15208",40.447983,-79.895752,full_grocery,Supermarket,Supermarket,True,USDA_SNAP+ACHD,2025-01-27
CVS PHARMACY 4152,"5600 Wilkins Ave, Pittsburgh 15217",40.444054,-79.927635,other_food_retail,Other,Chain Packaged Food Only,True,USDA_SNAP+ACHD,2025-03-27
ALDI 69046,"1766 Golden Mile Hwy, Monroeville 15146",40.444717,-79.712738,full_grocery,Supermarket,Chain Packaged Food Only,True,USDA_SNAP+ACHD,2025-04-01
SUNOCO MINI MARKET,"7403 Washington Ave, Pittsburgh 15218",40.420128,-79.888954,convenience_limited,Convenience Store,Chain Retail/Convenience Store,True,USDA_SNAP+ACHD,2025-05-16
DOLLAR GENERAL 3606,"1830 Pennsylvania Ave, West Mifflin 15122",40.362114,-79.862251,other_food_retail,Other,Chain Packaged Food Only,True,USDA_SNAP+ACHD,2024-04-03
Trader Joe's 638,"6343 Penn Ave, Pittsburgh 15206",40.458904,-79.919426,full_grocery,Supermarket,Chain Supermarket,True,USDA_SNAP+ACHD,2024-09-16
Weiss Meats,"100 Terence Dr, Pittsburgh 15236",40.331253,-79.973007,specialty_food,Specialty Store,,True,USDA_SNAP,
Fifth Ave Shop N Save,"815 5th Ave, McKeesport 15132",40.35191,-79.856026,full_grocery,Supermarket,Chain Supermarket,True,USDA_SNAP+ACHD,2025-03-04
Walmart 3738,"100 Highlands Mall, Natrona Heights 15065",40.646206,-79.712196,full_grocery,Super Store,,True,USDA_SNAP,
Target 2201,"4801 McKnight Rd, Pittsburgh 15237",40.528229,-80.007042,full_grocery,Super Store,,True,USDA_SNAP,
Unimart,"748 Brownsville Rd, Pittsburgh 15210",40.408722,-79.991592,convenience_limited,Convenience Store,Chain Retail/Convenience Store,True,USDA_SNAP+ACHD,2025-04-29
PENN HILLS SHOP N SAVE,"2820 Main St, Pittsburgh 15235",40.476143,-79.784698,full_grocery,Super Store,Chain Supermarket,True,USDA_SNAP+ACHD,2024-05-06
DOLLAR GENERAL 7091,"5724 Smithfield St, McKeesport 15135",40.311054,-79.825462,other_food_retail,Other,Chain Packaged Food Only,True,USDA_SNAP+ACHD,2025-07-08
DOLLAR GENERAL 4355,"351 Hoffman Blvd, Duquesne 15110",40.38319,-79.864586,other_food_retail,Other,Chain Packaged Food Only,True,USDA_SNAP+ACHD,2024-12-04
Giant Eagle 63,"4250 Murray Ave, Pittsburgh 15217",40.422279,-79.929565,full_grocery,Super Store,Chain Supermarket,True,USDA_SNAP+ACHD,2024-11-18
Sheetz 353,"5410 Campbells Run Rd, Pittsburgh 15205",40.447906,-80.157707,convenience_limited,Convenience Store,Chain Retail/Convenience Store,True,USDA_SNAP+ACHD,2025-01-13
Etna Express,"421 Butler St, Etna 15223",40.498726,-79.944214,other_food_retail,Convenience Store,Packaged Food Only,True,USDA_SNAP+ACHD,2025-05-01
COMMUNITY SUPERMARKET,"1710 Pacific Ave, Natrona Heights 15065",40.621109,-79.724091,full_grocery,Super Store,Chain Supermarket,True,USDA_SNAP+ACHD,2025-07-17
VERONA GIANT EAGLE,"200 Allegheny River Blvd, Verona 15147",40.499237,-79.844475,full_grocery,Super Store,Chain Retail/Convenience Store,True,USDA_SNAP+ACHD,2025-04-30
DOLLAR GENERAL 4990,"926 5th Ave, Coraopolis 15108",40.517933,-80.165611,other_food_retail,Other,Chain Packaged Food Only,True,USDA_SNAP+ACHD,2024-06-20
Unity Tobacco Outlet & Convenience Store,"325 Unity Trestle Rd, Pittsburgh 15239",40.489368,-79.778061,other_food_retail,Convenience Store,Retail/Convenience Store,True,USDA_SNAP+ACHD,2025-03-20
Gordon Food Service Store MP133,"3620 William Penn Hwy, Monroeville 15146",40.432182,-79.801254,full_grocery,Supermarket,,True,USDA_SNAP,
Gordon Food Service Store MP134,"510 Clairton Blvd, Pittsburgh 15236",40.333809,-79.946472,full_grocery,Supermarket,Chain Supermarket,True,USDA_SNAP+ACHD,2024-04-11
Select & Save Mart,"448 Brownsville Rd, Pittsburgh 15210",40.412254,-79.989815,convenience_limited,Convenience Store,Retail/Convenience Store,True,USDA_SNAP+ACHD,2025-04-29
Target 2385,"2661 Freeport Rd, Pittsburgh 15238",40.537399,-79.837234,full_grocery,Super Store,,True,USDA_SNAP,
DOLLAR GENERAL 7927,"120 Penn Ave, Turtle Creek 15145",40.404518,-79.830719,other_food_retail,Other,,True,USDA_SNAP,
Sultan Bey,"4601 Centre Ave, Pittsburgh 15213",40.452114,-79.95195,full_grocery,Grocery Store,Supermarket,True,USDA_SNAP+ACHD,2025-06-10
Giant Eagle 73,"9901 Mountain View Dr, West Mifflin 15122",40.338432,-79.951004,full_grocery,Super Store,,True,USDA_SNAP,
ALDI 69044,"100 Aldi Dr, North Versailles 15137",40.369694,-79.779541,full_grocery,Supermarket,Chain Packaged Food Only,True,USDA_SNAP+ACHD,2025-04-21
Walmart Supercenter 2300,"250 Summit Park Dr, Pittsburgh 15275",40.448399,-80.177292,full_grocery,Super Store,,True,USDA_SNAP,
Dollar General 8103,"131 Bradford Ave, Pittsburgh 15205",40.434078,-80.066765,other_food_retail,Other,Chain Packaged Food Only,True,USDA_SNAP+ACHD,2024-09-03
New Trios Market Llc,"3900 Perrysville Ave, Pittsburgh 15214",40.489632,-80.01812,convenience_limited,Convenience Store,Retail/Convenience Store,True,USDA_SNAP+ACHD,2025-04-24
Dollar General 2643,"500 Pine Hollow Rd., McKees Rocks 15136",40.47541,-80.098602,other_food_retail,Other,,True,USDA_SNAP,
Target Store 1219,"4004 Monroeville Blvd, Monroeville 15146",40.435696,-79.770859,full_grocery,Super Store,,True,USDA_SNAP,
Giant Eagle 31,"5260 Grove Rd, Pittsburgh 15236",40.358002,-80.001999,full_grocery,Super Store,Chain Supermarket,True,USDA_SNAP+ACHD,2025-05-12
Seven Days Grocery,"2122 Brownsville Rd, Pittsburgh 15210",40.392303,-79.987999,full_grocery,Grocery Store,Supermarket,True,USDA_SNAP+ACHD,2025-04-21
ALDI 69054,"16 Federal Dr, Penn Hills 15235",40.462601,-79.827042,full_grocery,Supermarket,,True,USDA_SNAP,
Target Store 1253,"360 E WATERFORD DR, Homestead 15120",40.400059,-79.902542,full_grocery,Super Store,,True,USDA_SNAP,
Target Store 1217,"600 Chauvet Dr, Pittsburgh 15275",40.447014,-80.182732,full_grocery,Super Store,,True,USDA_SNAP,
Target Store 1218,"9805 MCKNIGHT RD, Pittsburgh 15237",40.585663,-80.036606,full_grocery,Super Store,,True,USDA_SNAP,
Dollar General 10277,"1695 McFarland Rd, Pittsburgh 15216",40.395996,-80.046486,other_food_retail,Other,Chain Packaged Food Only,True,USDA_SNAP+ACHD,2025-05-06
MURRAY AVE KOSHER INC.,"1916 Murray Ave, Pittsburgh 15217",40.43544,-79.922867,full_grocery,Grocery Store,Supermarket,True,USDA_SNAP+ACHD,2025-07-03
DOLLAR GENERAL 1126,"7248 Saltsburg Rd, Pittsburgh 15235",40.476555,-79.788376,other_food_retail,Other,Chain Packaged Food Only,True,USDA_SNAP+ACHD,2024-05-10
CoGo's 1322,"510 Station Street, BRIDGEVILLE 15017",40.357666,-80.110374,convenience_limited,Convenience Store,,True,USDA_SNAP,
La Grocery West Indian American,"511 Larimer Ave, Pittsburgh 15206",40.465565,-79.914169,full_grocery,Grocery Store,Retail/Convenience Store,True,USDA_SNAP+ACHD,2024-12-02
Dollar General 10875,"5032 William Penn Hwy, Monroeville 15146",40.427937,-79.708176,other_food_retail,Other,Chain Packaged Food Only,True,USDA_SNAP+ACHD,2025-05-12
WALGREENS 09803,"324 Hulton Rd, Oakmont 15139",40.525734,-79.841568,other_food_retail,Other,Chain Retail/Convenience Store,True,USDA_SNAP+ACHD,2024-08-20
Las Palmas 2,"326 Atwood St, Pittsburgh 15213",40.439068,-79.95517,full_grocery,Grocery Store,Retail/Convenience Store,True,USDA_SNAP+ACHD,2025-03-04
Target Stores 2262,"600 Grandview Dr, Gibsonia 15044",40.623089,-80.01429,full_grocery,Super Store,,True,USDA_SNAP,
Walmart 3838,"2010 Village Center Dr, Tarentum 15084",40.562939,-79.803284,full_grocery,Super Store,,True,USDA_SNAP,
DollarTree 2103,"1014 W View Park Dr, Pittsburgh 15229",40.516693,-80.039078,other_food_retail,Other,,True,USDA_SNAP,
CVS PHARMACY 7611,"4849 William Flynn Hwy, Allison Park 15101",40.599445,-79.947502,other_food_retail,Other,Chain Packaged Food Only,True,USDA_SNAP+ACHD,2024-04-03
CVS Pharmacy 3999,"401 Chestnut St, Carnegie 15106",40.41008,-80.082382,other_food_retail,Other,Chain Packaged Food Only,True,USDA_SNAP+ACHD,2024-11-05
CVS Pharmacy 4002,"70 W Steuben St, Pittsburgh 15205",40.439049,-80.069809,other_food_retail,Other,Chain Packaged Food Only,True,USDA_SNAP+ACHD,2024-04-01
Copperleaf Food Group Richland LLC 213102,"5375 William Flynn Hwy, Gibsonia 15044",40.619793,-79.94677,full_grocery,Super Store,,True,USDA_SNAP,
DollarTree 142,"1759 S Braddock Ave, Pittsburgh 15218",40.427151,-79.886116,other_food_retail,Other,Chain Packaged Food Only,True,USDA_SNAP+ACHD,
DollarTree 258,"12 Federal Dr, Pittsburgh 15235",40.464207,-79.82666,other_food_retail,Other,,True,USDA_SNAP,
Sheetz 379,"9002 University Blvd, Moon Township 15108",40.503254,-80.222305,convenience_limited,Convenience Store,Chain Retail/Convenience Store,True,USDA_SNAP+ACHD,2025-05-27
ALDI 69052,"100 Costco Dr, Robinson Township 15205",40.45723,-80.166725,full_grocery,Supermarket,Chain Packaged Food Only,True,USDA_SNAP+ACHD,2025-05-01
Giant Eagle 78,"230 Rodi Rd, Pittsburgh 15235",40.461739,-79.825195,full_grocery,Super Store,Chain Supermarket,True,USDA_SNAP+ACHD,2024-07-03
DOLLAR GENERAL 7672,"494 Pittsburgh St, Springdale 15144",40.541203,-79.786591,other_food_retail,Other,Chain Packaged Food Only,True,USDA_SNAP+ACHD,2023-10-31
Community Supermarket Mkt Inc,"1117 Milltown Rd, Verona 15147",40.498432,-79.79055,full_grocery,Super Store,Packaged Food Only,True,USDA_SNAP+ACHD,2024-08-27
Giant Eagle 61,"2021 Wharton St, Pittsburgh 15203",40.430408,-79.976952,full_grocery,Super Store,Chain Supermarket,True,USDA_SNAP+ACHD,2025-07-18
ALDI 60079 60079,"5159 Library Rd, Bethel Park 15102",40.33485,-80.024025,full_grocery,Supermarket,,True,USDA_SNAP,
Walgreens 09043,"1701 William Flynn Hwy, Glenshaw 15116",40.538826,-79.962555,other_food_retail,Other,Chain Retail/Convenience Store,True,USDA_SNAP+ACHD,2024-02-28
TARGET STORES 2077,"288 Mt Nebo Pointe Rd, Pittsburgh 15237",40.535103,-80.067467,full_grocery,Super Store,,True,USDA_SNAP,
DollarTree 203,"1155 Washington Pike, Bridgeville 15017",40.368584,-80.102608,other_food_retail,Other,,True,USDA_SNAP,
DollarTree 1275,"110 Walmart Dr, N Versailles 15137",40.385948,-79.822449,other_food_retail,Other,,True,USDA_SNAP,
Sheetz 376,"1000 Clairton Blvd, Pittsburgh 15236",40.320049,-79.942833,convenience_limited,Convenience Store,Chain Retail/Convenience Store,True,USDA_SNAP+ACHD,2024-04-11
Horizon Market,"328 E 6th Ave, Tarentum 15084",40.603176,-79.752884,convenience_limited,Convenience Store,Packaged Food Only,True,USDA_SNAP+ACHD,
CVS Pharmacy 4369,"4610 Centre Ave, Pittsburgh 15213",40.451984,-79.951614,other_food_retail,Other,Chain Packaged Food Only,True,USDA_SNAP+ACHD,2024-03-04
7-Eleven 36140,"1001 Western Ave, Pittsburgh 15233",40.451183,-80.019157,convenience_limited,Convenience Store,Chain Retail/Convenience Store,True,USDA_SNAP+ACHD,2024-05-03
Dollar General 10426,"995 Greensburg Pike, E Pittsburgh 15112",40.416763,-79.839432,other_food_retail,Other,Chain Packaged Food Only,True,USDA_SNAP+ACHD,2024-12-23
CVS Pharmacy 2348,"3422 Forbes Ave, Pittsburgh 15213",40.438953,-79.960526,other_food_retail,Other,Chain Packaged Food Only,True,USDA_SNAP+ACHD,2025-07-03
Beer Buddy Llc,"355 5th Ave, Pittsburgh 15222",40.440403,-79.998795,convenience_limited,Convenience Store,Retail/Convenience Store,True,USDA_SNAP+ACHD,2024-10-10
Sheetz 459,"2175 Hulton Rd, Verona 15147",40.526493,-79.817093,convenience_limited,Convenience Store,Chain Retail/Convenience Store,True,USDA_SNAP+ACHD,2025-04-03
BFS Foods 64,"3984 Monroeville Blvd, Monroeville 15146",40.436333,-79.772949,convenience_limited,Convenience Store,Chain Retail/Convenience Store,True,USDA_SNAP+ACHD,2025-03-31
Giant Eagle 68,"5990 University Blvd, Coraopolis 15108",40.519936,-80.217804,full_grocery,Super Store,,True,USDA_SNAP,
Walgreens 9675,"6201 Saltsburg Rd, Pittsburgh 15235",40.485325,-79.816605,other_food_retail,Other,Chain Packaged Food Only,True,USDA_SNAP+ACHD,2025-07-17
WALGREENS 9281,"5956 Penn Cir S, Pittsburgh 15206",40.459389,-79.926712,other_food_retail,Other,Chain Retail/Convenience Store,True,USDA_SNAP+ACHD,2023-04-06
R&M VARIETY STORE,"1739 Pennsylvania Ave, West Mifflin 15122",40.362057,-79.861015,convenience_limited,Convenience Store,Retail/Convenience Store,True,USDA_SNAP+ACHD,2023-10-11
DollarTree 228,"1360 Park Manor Blvd, Pittsburgh 15205",40.453693,-80.162445,other_food_retail,Other,,True,USDA_SNAP,
R Asian Grocery Store,"3621 Brownsville Rd, Pittsburgh 15227",40.373295,-79.97525,full_grocery,Grocery Store,Packaged Food Only,True,USDA_SNAP+ACHD,2024-10-24
Giant Eagle 5103,"2611 Freeport Rd, Pittsburgh 15238",40.537903,-79.838844,full_grocery,Super Store,Chain Retail/Convenience Store,True,USDA_SNAP+ACHD,2024-12-31
DollarTree 618,"5253 Library Rd, Bethel Park 15102",40.331806,-80.02282,other_food_retail,Other,,True,USDA_SNAP,
Oliver Market Inc,"200 Brownsville Rd, Pittsburgh 15210",40.415852,-79.987442,full_grocery,Grocery Store,Bakery,True,USDA_SNAP+ACHD,2024-07-25
Quick Stop,"3349 Liberty Ave, Pittsburgh 15201",40.461678,-79.966484,convenience_limited,Convenience Store,Chain Retail/Convenience Store,True,USDA_SNAP+ACHD,2025-03-13
K Stop Convenience,"2903 Brighton Rd, Pittsburgh 15212",40.471584,-80.027321,convenience_limited,Convenience Store,Retail/Convenience Store,True,USDA_SNAP+ACHD,2025-05-01
ALDI 69047,"239 Clairton Blvd, West Mifflin 15122",40.337536,-79.937469,full_grocery,Supermarket,,True,USDA_SNAP,
Target 2757,"6231 Penn Ave, Pittsburgh 15206",40.460236,-79.92141,full_grocery,Super Store,Chain Supermarket,True,USDA_SNAP+ACHD,2025-04-29
Exxon,"1405 N State St, Clairton 15025",40.318211,-79.899307,other_food_retail,Convenience Store,Chain Packaged Food Only,True,USDA_SNAP+ACHD,2025-01-31
Marathon,"150 Route 30, Oakdale 15071",40.440994,-80.238335,convenience_limited,Convenience Store,Retail/Convenience Store,True,USDA_SNAP+ACHD,2025-03-05
Gordon Food Service Store MP136,"1 Urbano Way, Pittsburgh 15205",40.457901,-80.166237,full_grocery,Supermarket,Chain Supermarket,True,USDA_SNAP+ACHD,2025-03-25
Walgreens 09736,"4885 McKnight Rd, Pittsburgh 15237",40.529621,-80.010056,other_food_retail,Other,Chain Packaged Food Only,True,USDA_SNAP+ACHD,2024-10-16
MT WASHINGTON FOODLAND,"125 Virginia Ave, Mount Washington 15211",40.429771,-80.008003,full_grocery,Super Store,Chain Supermarket,True,USDA_SNAP+ACHD,2024-12-04
Sam's Club 4952,"2000 Village Center Dr, Tarentum 15084",40.565792,-79.804161,full_grocery,Super Store,Chain Supermarket,True,USDA_SNAP+ACHD,2025-05-27
Sam's Club 6575,"249 Summit Park Dr, Pittsburgh 15275",40.448364,-80.177429,full_grocery,Super Store,,True,USDA_SNAP,
Sam's Club 6677,"3621 William Penn Hwy, Monroeville 15146",40.436462,-79.799423,full_grocery,Super Store,Chain Retail/Convenience Store,True,USDA_SNAP+ACHD,2025-01-03
Sheetz 631,"1002 California Ave, Natrona Heights 15065",40.618546,-79.73246,convenience_limited,Convenience Store,Chain Retail/Convenience Store,True,USDA_SNAP+ACHD,2025-07-01
Sheetz 629,"5554 Steubenville Pike, McKees Rocks 15136",40.450958,-80.127953,convenience_limited,Convenience Store,,True,USDA_SNAP,
DollarTree 236,"240 Mount Nebo Pointe Rd, Pittsburgh 15237",40.534687,-80.065094,other_food_retail,Other,Chain Retail/Convenience Store,True,USDA_SNAP+ACHD,2025-04-09
DollarTree 1831,"400 Walmart Dr, Gibsonia 15044",40.62225,-79.944115,other_food_retail,Other,,True,USDA_SNAP,
Family Dollar 11692,"3210 Brighton Rd, Pittsburgh 15212",40.475838,-80.030792,other_food_retail,Other,Chain Packaged Food Only,True,USDA_SNAP+ACHD,2025-05-01
Dollar General Store 18057,"93 Joseph St, Pittsburgh 15227",40.389996,-79.965088,other_food_retail,Other,Chain Packaged Food Only,True,USDA_SNAP+ACHD,2025-04-07
DollarTree 1012,"324 Towne Square Way, Brentwood 15227",40.367634,-79.982201,other_food_retail,Other,,True,USDA_SNAP,
DollarTree 4222,"1020 Village Center Dr, Tarentum 15084",40.568371,-79.803947,other_food_retail,Other,Chain Packaged Food Only,True,USDA_SNAP+ACHD,2024-11-07
Family Dollar 2116,"240 Hays Ave, Pittsburgh 15210",40.414139,-79.987801,other_food_retail,Other,Packaged Food Only,True,USDA_SNAP+ACHD,2025-05-27
Family Dollar 2396,"909 Main St, Sharpsburg 15215",40.4944,-79.933113,other_food_retail,Other,Chain Packaged Food Only,True,USDA_SNAP+ACHD,2025-03-11
Family Dollar 3182,"123 Lincoln Ave, Millvale 15209",40.478718,-79.969887,other_food_retail,Other,Chain Packaged Food Only,True,USDA_SNAP+ACHD,2025-01-09
CVS Pharmacy 4103,"355 LINCOLN AVE, PITTSBURGH 15202",40.493916,-80.052246,other_food_retail,Other,Chain Packaged Food Only,True,USDA_SNAP+ACHD,2024-08-08
7-Eleven 40226H,"1020 Mount Royal Blvd, Pittsburgh 15223",40.517345,-79.958626,convenience_limited,Convenience Store,Chain Retail/Convenience Store,True,USDA_SNAP+ACHD,2023-12-06
Walgreens 1034,"112 W Steuben St, Crafton 15205",40.439423,-80.072441,other_food_retail,Other,Chain Packaged Food Only,True,USDA_SNAP+ACHD,2024-01-03
DollarTree 4287,"47 Walsh Rd, Pittsburgh 15205",40.440235,-80.071236,other_food_retail,Other,Chain Packaged Food Only,True,USDA_SNAP+ACHD,2024-04-01
Walgreens 10345,"7628 Penn Ave, Pittsburgh 15221",40.447014,-79.894867,other_food_retail,Other,Chain Packaged Food Only,True,USDA_SNAP+ACHD,2023-08-10
Dollar General 17870,"420 Scenery Dr, Elizabeth 15037",40.276772,-79.837517,other_food_retail,Other,Chain Packaged Food Only,True,USDA_SNAP+ACHD,2023-12-12
Family Dollar 3340,"6 Craighton Russellton Rd, Russellton 15076",40.616779,-79.832703,other_food_retail,Other,,True,USDA_SNAP,
Family Dollar 4708,"300 Broadway St, Carnegie 15106",40.408497,-80.085793,other_food_retail,Other,Chain Supermarket,True,USDA_SNAP+ACHD,2024-07-29
Family Dollar 6554,"2347 5th Ave, McKeesport 15132",40.354141,-79.836624,other_food_retail,Other,Chain Packaged Food Only,True,USDA_SNAP+ACHD,2024-12-10
Family Dollar 6598,"9010 Frankstown Rd, Pittsburgh 15235",40.460903,-79.865608,other_food_retail,Other,Packaged Food Only,True,USDA_SNAP+ACHD,2025-04-04
Shree Anika Inc,"2700 Mosside Blvd, Monroeville 15146",40.434181,-79.75354,convenience_limited,Convenience Store,,True,USDA_SNAP,
Nation Style Grocery,"1002 5th Ave, Coraopolis 15108",40.517242,-80.164436,full_grocery,Grocery Store,Chain Retail/Convenience Store,True,USDA_SNAP+ACHD,2025-04-07
Rg Caribbean Grocery Llc,"1300 Brodhead Rd, Coraopolis 15108",40.534985,-80.229279,full_grocery,Grocery Store,Chain Retail/Convenience Store,True,USDA_SNAP+ACHD,2025-06-18
Costco Wholesale 0332,"202 Costco Dr, Pittsburgh 15205",40.459488,-80.165062,full_grocery,Super Store,,True,USDA_SNAP,
ALDI 69015,"450 56th St, Pittsburgh 15201",40.483231,-79.948639,full_grocery,Supermarket,,True,USDA_SNAP,
Dollar General 8549,"425 Perry Hwy, West View 15229",40.519135,-80.03228,other_food_retail,Other,Chain Packaged Food Only,True,USDA_SNAP+ACHD,2023-12-18
Dollar General 12185,"3750 Saw Mill Run Blvd, Pittsburgh 15227",40.370979,-79.982643,other_food_retail,Other,Chain Packaged Food Only,True,USDA_SNAP+ACHD,2024-01-26
Homestead Cogo's,"3439 W Run Rd, Homestead 15120",40.388214,-79.909126,convenience_limited,Convenience Store,Retail/Convenience Store,True,USDA_SNAP+ACHD,2025-07-14
Quick Mart Pitt Llc,"1815 N Charles St, Pittsburgh 15212",40.460091,-80.017525,other_food_retail,Convenience Store,Packaged Food Only,True,USDA_SNAP+ACHD,2024-10-03
Sweet Panda Asian Market,"114 S 23rd St, Pittsburgh 15203",40.427517,-79.973145,full_grocery,Grocery Store,Packaged Food Only,True,USDA_SNAP+ACHD,2024-08-15
Speedway 2926,"222 State St, Clairton 15025",40.299042,-79.875786,convenience_limited,Convenience Store,Chain Retail/Convenience Store,True,USDA_SNAP+ACHD,2025-01-08
Dollar General 17869,"2610 S Braddock Ave, Swissvale 15218",40.414993,-79.876747,other_food_retail,Other,Chain Packaged Food Only,True,USDA_SNAP+ACHD,2025-07-21
CVS Pharmacy 4051,"1740 Washington Rd, Pittsburgh 15241",40.347225,-80.05468,other_food_retail,Other,Chain Packaged Food Only,True,USDA_SNAP+ACHD,2024-04-02
CVS Pharmacy 2333,"5242 Clairton Blvd, Pittsburgh 15236",40.343586,-79.970428,other_food_retail,Other,Chain Packaged Food Only,True,USDA_SNAP+ACHD,2024-12-16
CVS Pharmacy 2447,"5190 Library Rd, Bethel Park 15102",40.334,-80.024139,other_food_retail,Other,Chain Packaged Food Only,True,USDA_SNAP+ACHD,2025-03-21
CVS Pharmacy 2449,"11240 Perry Hwy, Wexford 15090",40.621548,-80.054352,other_food_retail,Other,Chain Packaged Food Only,True,USDA_SNAP+ACHD,2025-02-24
CVS Pharmacy 3189,"510 Brookline Blvd, Pittsburgh 15226",40.395626,-80.023567,other_food_retail,Other,Chain Packaged Food Only,True,USDA_SNAP+ACHD,2025-05-05
CVS Pharmacy 4045,"1775 Golden Mile Hwy, Monroeville 15146",40.444702,-79.713707,other_food_retail,Other,Chain Packaged Food Only,True,USDA_SNAP+ACHD,2024-08-21
CVS Pharmacy 5094,"328 Cochran Rd, Pittsburgh 15228",40.382473,-80.052292,other_food_retail,Other,Chain Packaged Food Only,True,USDA_SNAP+ACHD,2025-05-14
Dollar General 11536,"700 Worthington Ave, Clairton 15025",40.291748,-79.889984,other_food_retail,Other,Chain Packaged Food Only,True,USDA_SNAP+ACHD,2024-08-15
J & S Food Mart,"625 W Grant Ave, Duquesne 15110",40.371792,-79.851715,other_food_retail,Convenience Store,Retail/Convenience Store,True,USDA_SNAP+ACHD,2025-07-18
ALDI 69068,"4578 Route 8, Allison Park 15101",40.588596,-79.949257,full_grocery,Supermarket,Chain Packaged Food Only,True,USDA_SNAP+ACHD,2025-02-28
Dollar General 19008,"1215 Brighton Rd, Pittsburgh 15233",40.454773,-80.014885,other_food_retail,Other,Chain Packaged Food Only,True,USDA_SNAP+ACHD,2025-06-06
Walgreens 10917,"6906 University Blvd, Coraopolis 15108",40.517277,-80.220886,other_food_retail,Other,Chain Retail/Convenience Store,True,USDA_SNAP+ACHD,2024-09-04
DollarTree 3810,"28 Highlands Mall, Natrona Heights 15065",40.646248,-79.71022,other_food_retail,Other,,True,USDA_SNAP,
Sams Market Inc,"7356 Stranahan St, Pittsburgh 15206",40.461655,-79.889992,convenience_limited,Convenience Store,Packaged Food Only,True,USDA_SNAP+ACHD,2022-07-18
Dollar General 19273,"3600 Walnut St, McKeesport 15132",40.327644,-79.840454,other_food_retail,Other,Chain Packaged Food Only,True,USDA_SNAP+ACHD,2024-11-05
DollarTree 218,"1099 Mountain View Dr, West Mifflin 15122",40.3461,-79.946579,other_food_retail,Other,,True,USDA_SNAP,
CIO Store 13,"1980 Painters Run Rd, Pittsburgh 15241",40.364124,-80.08609,convenience_limited,Convenience Store,Retail/Convenience Store,True,USDA_SNAP+ACHD,2024-08-29
CIO Store 14,"1909 Painters Run Rd, Pittsburgh 15241",40.36356,-80.086166,convenience_limited,Convenience Store,Retail/Convenience Store,True,USDA_SNAP+ACHD,2024-02-05
CIO Store 15,"2305 O'neil Blvd, Mckeesport 15132",40.353027,-79.825424,convenience_limited,Convenience Store,,True,USDA_SNAP,
DollarTree 4084,"1712 Mount Royal Blvd, Glenshaw 15116",40.525848,-79.962013,other_food_retail,Other,Chain Packaged Food Only,True,USDA_SNAP+ACHD,2025-03-06
Mckees Mart 3,"2511 Grandview Ave, McKeesport 15132",40.335445,-79.834709,other_food_retail,Convenience Store,Packaged Food Only,True,USDA_SNAP+ACHD,2024-04-16
Giant Eagle 97,"6310 Penn Ave, Pittsburgh 15206",40.459225,-79.92057,full_grocery,Super Store,,True,USDA_SNAP,
Family Dollar 2467,"1868 Homeville Rd, West Mifflin 15122",40.393948,-79.88868,other_food_retail,Other,,True,USDA_SNAP,
CVS Pharmacy 258,"5703 Steubenville Pike, MC Kees Rocks 15136",40.452034,-80.133972,other_food_retail,Other,Chain Retail/Convenience Store,True,USDA_SNAP+ACHD,2024-10-29
Family Dollar 8379,"821 Chartiers Ave, McKees Rocks 15136",40.465576,-80.065361,other_food_retail,Other,Chain Retail/Convenience Store,True,USDA_SNAP+ACHD,2025-05-15
New Big Toms Corner Store,"1300 Woodland Ave, Pittsburgh 15212",40.469227,-80.030281,other_food_retail,Convenience Store,Packaged Food Only,True,USDA_SNAP+ACHD,2025-03-27
CVS 5890,"3893 William Penn Hwy, Monroeville 15146",40.437435,-79.778694,other_food_retail,Other,Chain Packaged Food Only,True,USDA_SNAP+ACHD,2024-02-28
Taza Market,"500 2nd Street, Pitcairn 15140",40.402569,-79.777924,convenience_limited,Convenience Store,Retail/Convenience Store,True,USDA_SNAP+ACHD,2025-02-06
Carl's Cafe,"337 5th Ave, Braddock 15104",40.414101,-79.881729,convenience_limited,Convenience Store,Packaged Food Only,True,USDA_SNAP+ACHD,2024-11-05
ALDI 69080,"5631 Baum Blvd, Pittsburgh 15206",40.458309,-79.935036,full_grocery,Supermarket,Chain Packaged Food Only,True,USDA_SNAP+ACHD,2024-08-09
Salem Market & Grill,"2923 Penn Ave, Pittsburgh 15201",40.458275,-79.973602,full_grocery,Grocery Store,Retail/Convenience Store,True,USDA_SNAP+ACHD,2025-06-30
Family Dollar 11553,"1111 Lincoln Ave, Pittsburgh 15206",40.464329,-79.900467,other_food_retail,Other,Chain Packaged Food Only,True,USDA_SNAP+ACHD,2025-06-06
Sunoco Cheswick,"1001 Pittsburgh St, Cheswick 15024",40.540886,-79.807198,convenience_limited,Convenience Store,Chain Retail/Convenience Store,True,USDA_SNAP+ACHD,2024-09-18
Tbones Marketplace,"100 VIP Dr, Wexford 15090",40.616528,-80.093468,full_grocery,Supermarket,,True,USDA_SNAP,
International Market,"2116 Noble St, Swissvale 15218",40.420254,-79.885063,other_food_retail,Convenience Store,Packaged Food Only,True,USDA_SNAP+ACHD,2025-06-10
Sheetz 515,"4599 Library Rd, Bethel Park 15102",40.351242,-80.023338,convenience_limited,Convenience Store,Chain Retail/Convenience Store,True,USDA_SNAP+ACHD,2025-06-30
Dollar General 13486,"1718 Broadview Blvd, Natrona Heights 15065",40.623268,-79.724915,other_food_retail,Other,,True,USDA_SNAP,
Walgreens 09187,"1741 Washington Rd, Pittsburgh 15241",40.347286,-80.05442,other_food_retail,Other,Chain Packaged Food Only,True,USDA_SNAP+ACHD,2024-08-23
Walgreens 09188,"4 Old Clairton Rd, Pittsburgh 15236",40.340645,-79.966316,other_food_retail,Other,Chain Packaged Food Only,True,USDA_SNAP+ACHD,2024-03-08
Sheetz 500,"1910 Mt Nebo Rd, Sewickley 15143",40.5532,-80.113899,convenience_limited,Convenience Store,Chain Retail/Convenience Store,True,USDA_SNAP+ACHD,2025-01-24
Verona Shell,"4901 Allegheny River Blvd, Verona 15147",40.485184,-79.856018,convenience_limited,Convenience Store,Chain Retail/Convenience Store,True,USDA_SNAP+ACHD,2025-07-22
Walgreens 09950,"2055 Old Washington Pike, Carnegie 15106",40.388176,-80.091354,other_food_retail,Other,Chain Packaged Food Only,True,USDA_SNAP+ACHD,2024-09-18
DollarTree 4019,"100 Allegheny River Blvd, Verona 15147",40.49844,-79.844933,other_food_retail,Other,,True,USDA_SNAP,
Meme's Market,"1608 Walz St, Pittsburgh 15212",40.463295,-79.991211,convenience_limited,Convenience Store,Retail/Convenience Store,True,USDA_SNAP+ACHD,2025-05-08
Kohli's Indian Imports 1,"319 S Craig St, Pittsburgh 15213",40.445095,-79.948479,full_grocery,Grocery Store,Retail/Convenience Store,True,USDA_SNAP+ACHD,2025-04-03
Pit Stop Express,"4501 Ohio River Blvd, Pittsburgh 15202",40.491482,-80.061142,other_food_retail,Convenience Store,Chain Packaged Food Only,True,USDA_SNAP+ACHD,2024-06-03
The Fresh Market 138,"1551 Washington Rd, Mt Lebanon 15228",40.35458,-80.049263,full_grocery,Supermarket,Chain Retail/Convenience Store,True,USDA_SNAP+ACHD,2025-06-03
7-Eleven Store 40121A,"3299 Saw Mill Run Blvd, Pittsburgh 15227",40.376118,-79.983681,convenience_limited,Convenience Store,Chain Retail/Convenience Store,True,USDA_SNAP+ACHD,2024-05-07
Homestead Food Mart,"238 E 8th Ave, Homestead 15120",40.40744,-79.909248,convenience_limited,Convenience Store,Chain Retail/Convenience Store,True,USDA_SNAP+ACHD,2025-07-02
Whole Foods Market 10377,"10576 Perry Hwy, Wexford 15090",40.612209,-80.052834,full_grocery,Super Store,Chain Packaged Food Only,True,USDA_SNAP+ACHD,2024-02-26
7-Eleven 188,"321 Camp Hollow Rd, West Mifflin 15122",40.349525,-79.92704,convenience_limited,Convenience Store,,True,USDA_SNAP,
Hanini Market,"1105 Franklin Ave, Pittsburgh 15221",40.438927,-79.878822,convenience_limited,Convenience Store,Chain Retail/Convenience Store,True,USDA_SNAP+ACHD,2023-08-29
Marathon Save N Go,"5610 William Flynn Hwy, Gibsonia 15044",40.635475,-79.939026,convenience_limited,Convenience Store,Packaged Food Only,True,USDA_SNAP+ACHD,2025-02-19
Family Dollar 4774,"533 Miller Ave, Clairton 15025",40.293968,-79.883018,other_food_retail,Other,Packaged Food Only,True,USDA_SNAP+ACHD,2024-08-26
Family Dollar 5224,"340 Curry Hollow Rd, Pittsburgh 15236",40.336502,-79.978645,other_food_retail,Other,,True,USDA_SNAP,
Family Dollar 5250,"2020 Wharton St, Pittsburgh 15203",40.430031,-79.976822,other_food_retail,Other,Chain Packaged Food Only,True,USDA_SNAP+ACHD,2025-02-06
Family Dollar 5275,"450 56th St, Pittsburgh 15201",40.483231,-79.948639,other_food_retail,Other,Chain Packaged Food Only,True,USDA_SNAP+ACHD,2023-09-13
Family Dollar 5518,"607 Lincoln Ave, Bellevue 15202",40.497025,-80.058571,other_food_retail,Other,Chain Packaged Food Only,True,USDA_SNAP+ACHD,2024-09-03
Family Dollar 5940,"715 E 8th Ave, Homestead 15120",40.409061,-79.904015,other_food_retail,Other,,True,USDA_SNAP,
Family Dollar 7199,"1917 Centre Ave, Pittsburgh 15219",40.443523,-79.980499,other_food_retail,Other,Chain Retail/Convenience Store,True,USDA_SNAP+ACHD,2023-12-19
Family Dollar 775,"152 McKees Rocks Plz, MC Kees Rocks 15136",40.465332,-80.056602,other_food_retail,Other,Retail/Convenience Store,True,USDA_SNAP+ACHD,2025-06-20
Whitehall Center,"1406 Radford Rd, Pittsburgh 15227",40.363575,-79.96801,full_grocery,Grocery Store,Supermarket,True,USDA_SNAP+ACHD,2025-03-24
Family Dollar 7618,"1201 Foster Ave, Pittsburgh 15205",40.439804,-80.068947,other_food_retail,Other,Chain Packaged Food Only,True,USDA_SNAP+ACHD,2024-04-01
Speedway 6503,"2325 5th Ave, Mckeesport 15132",40.35339,-79.837303,convenience_limited,Convenience Store,Chain Retail/Convenience Store,True,USDA_SNAP+ACHD,2025-02-03
Family Dollar 1769,"355 Lincoln Hwy, North Versailles 15137",40.381916,-79.818733,other_food_retail,Other,,True,USDA_SNAP,
Family Dollar 824,"1500 Yost Blvd, Pittsburgh 15221",40.409607,-79.856125,other_food_retail,Other,,True,USDA_SNAP,
Family Dollar 1631,"130 Lysle Blvd, McKeesport 15132",40.350891,-79.867218,other_food_retail,Other,Chain Packaged Food Only,True,USDA_SNAP+ACHD,2024-05-15
DollarTree 6092,"713 E 8th Ave, Homestead 15120",40.409939,-79.904793,other_food_retail,Other,,True,USDA_SNAP,
Brownsville Beer Outlet 2,"1303 Brownsville Rd, Pittsburgh 15210",40.402748,-79.989273,convenience_limited,Convenience Store,,True,USDA_SNAP,
Mercy Market LLC,"6 Mercy St, Pittsburgh 15214",40.462399,-80.008545,other_food_retail,Convenience Store,Packaged Food Only,True,USDA_SNAP+ACHD,2024-05-22
Broadway Market Of Mckees Rocks Inc,"295 Broadway Ave, McKees Rocks 15136",40.467594,-80.067329,convenience_limited,Convenience Store,Retail/Convenience Store,True,USDA_SNAP+ACHD,2024-12-16
Bloomfield Saturday Market,"5050 Liberty Ave, Pittsburgh 15224",40.459114,-79.944321,farmers_market,Farmers and Markets,,True,USDA_SNAP,
CVS 10034,"611 Duncan Ave, Pittsburgh 15237",40.568375,-80.023155,other_food_retail,Other,Chain Packaged Food Only,True,USDA_SNAP+ACHD,2024-05-17
Dollar General 14967,"740 Lysle Blvd, McKeesport 15132",40.352184,-79.857201,other_food_retail,Other,Chain Packaged Food Only,True,USDA_SNAP+ACHD,2023-08-17
DollarTree 5587,"3428 William Penn Hwy, Pittsburgh 15235",40.430149,-79.812737,other_food_retail,Other,,True,USDA_SNAP,
Dylamato's Market  LLC,"5414 2nd Ave, Pittsburgh 15207",40.402439,-79.941544,full_grocery,Grocery Store,Retail/Convenience Store,True,USDA_SNAP+ACHD,2025-07-24
DollarTree 4994,"1600 Hoffman Blvd, West Mifflin 15122",40.382389,-79.868668,other_food_retail,Other,,True,USDA_SNAP,
Sunoco Haymaker,"1855 Haymaker Rd, Monroeville 15146",40.391651,-79.765884,convenience_limited,Convenience Store,Chain Retail/Convenience Store,True,USDA_SNAP+ACHD,2025-02-28
4704325.0 4235,"200 Market Place Dr, Imperial 15126",40.441097,-80.240456,convenience_limited,Convenience Store,Chain Retail/Convenience Store,True,USDA_SNAP+ACHD,2024-10-30
Sheetz 468,"3457 William Penn Hwy, Pittsburgh 15235",40.430664,-79.811241,convenience_limited,Convenience Store,Chain Retail/Convenience Store,True,USDA_SNAP+ACHD,2025-02-10
Speedway 2900,"4830 William Penn Hwy, Monroeville 15146",40.427555,-79.72094,convenience_limited,Convenience Store,Chain Retail/Convenience Store,True,USDA_SNAP+ACHD,2025-06-13
Speedway 2901,"4380 Old William Penn Hwy, Monroeville 15146",40.444107,-79.768204,convenience_limited,Convenience Store,Chain Retail/Convenience Store,True,USDA_SNAP+ACHD,2025-03-04
Speedway 2902,"4420 Browns Hill Rd, Pittsburgh 15217",40.419083,-79.927536,convenience_limited,Convenience Store,Chain Retail/Convenience Store,True,USDA_SNAP+ACHD,2024-09-24
Fuelland,"2373 Noblestown Rd, Pittsburgh 15205",40.426785,-80.056145,convenience_limited,Convenience Store,,True,USDA_SNAP,
Speedway 2917,"4363 Broadway Blvd, Monroeville 15146",40.398506,-79.770157,convenience_limited,Convenience Store,Chain Retail/Convenience Store,True,USDA_SNAP+ACHD,2024-12-17
Dollar General 16488,"2409 Rte 286, Plum 15239",40.464756,-79.705376,other_food_retail,Other,Chain Packaged Food Only,True,USDA_SNAP+ACHD,2025-05-30
7-eleven Store 2701-36154b 36154B,"1101 Brookline Blvd, Pittsburgh 15226",40.392017,-80.014915,other_food_retail,Convenience Store,Chain Retail/Convenience Store,True,USDA_SNAP+ACHD,2024-03-21
Haymaker Village Supermarkets,"4548 Broadway Blvd, Monroeville 15146",40.389145,-79.767189,full_grocery,Super Store,Chain Supermarket,True,USDA_SNAP+ACHD,2025-07-25
Super One Convenience,"4432 Greensprings Ave, West Mifflin 15122",40.385887,-79.880447,convenience_limited,Convenience Store,Chain Retail/Convenience Store,True,USDA_SNAP+ACHD,2025-01-13
Dollar General 15559,"4725 Centre Ave, Pittsburgh 15213",40.452847,-79.948906,other_food_retail,Other,Chain Packaged Food Only,True,USDA_SNAP+ACHD,2025-04-15
Giant Eagle 24,"3239 Washington Pike, Bridgeville 15017",40.341564,-80.119629,full_grocery,Super Store,,True,USDA_SNAP,
Saad United Inc,"1318 Federal Street, Pittsburgh 15212",40.457172,-80.007156,convenience_limited,Convenience Store,Retail/Convenience Store,True,USDA_SNAP+ACHD,2024-09-04
DollarTree 5553,"1630 Arlington Ave, Pittsburgh 15210",40.417965,-79.987106,other_food_retail,Other,,True,USDA_SNAP,
North Side Valero,"820 Pennsylvania Ave, Pittsburgh 15233",40.455967,-80.016212,other_food_retail,Convenience Store,Packaged Food Only,True,USDA_SNAP+ACHD,2025-01-14
Sunoco,"427 Brownsville Rd, Pittsburgh 15210",40.412334,-79.989426,convenience_limited,Convenience Store,Chain Retail/Convenience Store,True,USDA_SNAP+ACHD,2025-04-01
Trader Joe's 630,"1600 Washington Rd, Pittsburgh 15228",40.354828,-80.050743,full_grocery,Supermarket,,True,USDA_SNAP,
ALDI 69077,"11800 Perry Hwy, Wexford 15090",40.629917,-80.055717,full_grocery,Supermarket,Chain Packaged Food Only,True,USDA_SNAP+ACHD,2025-02-25
DollarTree 5033,"8 Quaker Village Shopping Ctr, Leetsdale 15056",40.558041,-80.204536,other_food_retail,Other,,True,USDA_SNAP,
DollarTree 5038,"4714 McKnight Rd, Pittsburgh 15237",40.521194,-80.004639,other_food_retail,Other,Chain Packaged Food Only,True,USDA_SNAP+ACHD,2024-08-06
Dollar General 8740,"4500 Broadway Blvd, Monroeville 15146",40.3908,-79.767181,other_food_retail,Other,Chain Packaged Food Only,True,USDA_SNAP+ACHD,2024-11-04
Candy Safe Supermarket,"300 Brownsville Rd, Pittsburgh 15210",40.414303,-79.988365,convenience_limited,Convenience Store,Retail/Convenience Store,True,USDA_SNAP+ACHD,2025-06-19
Sunshine Snacks & Smokes,"6015 Penn Ave, Pittsburgh 15206",40.461494,-79.923965,convenience_limited,Convenience Store,Chain Packaged Food Only,True,USDA_SNAP+ACHD,2024-05-20
Holy Kow LLC,"2300 Versailles Ave, Mckeesport 15132",40.345795,-79.849129,convenience_limited,Convenience Store,Retail/Convenience Store,True,USDA_SNAP+ACHD,2025-03-31
DollarTree 5207,"1061 Washington Ave, Carnegie 15106",40.397861,-80.082741,other_food_retail,Other,Chain Packaged Food Only,True,USDA_SNAP+ACHD,2024-06-03
Target 2787,"201 S Hills Vlg, Pittsburgh 15241",40.343624,-80.057304,full_grocery,Super Store,Chain Supermarket,True,USDA_SNAP+ACHD,2025-03-20
Jag Dev Convenience Store,"2134 E Carson St, Pittsburgh 15203",40.428196,-79.974808,other_food_retail,Convenience Store,Packaged Food Only,True,USDA_SNAP+ACHD,2025-07-21
ALDI 66079,"2628 East Carson St, Pittsburgh 15203",40.427162,-79.967392,full_grocery,Supermarket,Chain Packaged Food Only,True,USDA_SNAP+ACHD,2025-04-16
Aldi 96,"1160 Washington Ave, Carnegie 15106",40.396835,-80.084763,full_grocery,Supermarket,Chain Packaged Food Only,True,USDA_SNAP+ACHD,2024-06-17
Sheetz 582,"4723 William Penn Hwy, Monroeville 15146",40.434216,-79.732582,convenience_limited,Convenience Store,,True,USDA_SNAP,
Aldi 90,"7350 Saltsburg Rd, Penn Hills 15235",40.477737,-79.785881,full_grocery,Supermarket,Chain Packaged Food Only,True,USDA_SNAP+ACHD,2025-07-22
Aldi 89,"300 Eden Park Blvd, McKeesport 15132",40.327381,-79.840118,full_grocery,Supermarket,,True,USDA_SNAP,
Aldi 92,"5239 Brownsville Rd, Baldwin 15236",40.342377,-79.985191,full_grocery,Supermarket,Chain Packaged Food Only,True,USDA_SNAP+ACHD,2024-08-23
CIO Store 11,"3739 Library Rd, Pittsburgh 15234",40.36451,-80.021362,convenience_limited,Convenience Store,,True,USDA_SNAP,
DollarTree 6173,"1615 Lincoln Way, White Oak 15131",40.34753,-79.816849,other_food_retail,Other,,True,USDA_SNAP,
Trader Joe's 624,"9020 Covenant Ave, Pittsburgh 15237",40.570343,-80.021835,full_grocery,Supermarket,Chain Supermarket,True,USDA_SNAP+ACHD,2024-10-10
Green Tree Farmers Market in the Park,"895 Greentree Rd, Pittsburgh 15220",40.42189,-80.042274,farmers_market,Farmers and Markets,,True,USDA_SNAP,
ALDI 69091 69091,"5200 Penn Ave, Pittsburgh 15224",40.464542,-79.939735,full_grocery,Supermarket,Chain Packaged Food Only,True,USDA_SNAP+ACHD,2025-06-03
Marathon,"2601 Freeport Rd, Pittsburgh 15238",40.537525,-79.840126,convenience_limited,Convenience Store,Chain Retail/Convenience Store,True,USDA_SNAP+ACHD,2024-12-23
7-eleven Store 36192b,"650 Clairton Blvd, Pittsburgh 15236",40.32888,-79.945724,convenience_limited,Convenience Store,,True,USDA_SNAP,
ALDI 69097 69097,"127 E 7th Ave, Homestead 15120",40.407085,-79.911819,full_grocery,Supermarket,Chain Packaged Food Only,True,USDA_SNAP+ACHD,2024-11-06
DollarTree 4790,"1701 Duncan Ave, Allison Park 15101",40.566422,-79.998596,other_food_retail,Other,,True,USDA_SNAP,
Sheetz 476,"3025 Babcock Blvd, Pittsburgh 15237",40.515194,-80.008842,convenience_limited,Convenience Store,Chain Retail/Convenience Store,True,USDA_SNAP+ACHD,2025-06-24
CIO Store 17,"5735 Baum Blvd, Pittsburgh 15206",40.458771,-79.932533,convenience_limited,Convenience Store,Chain Retail/Convenience Store,True,USDA_SNAP+ACHD,2024-10-29
Family Dollar 11619,"3215 Versailles Ave, McKeesport 15132",40.3451,-79.839432,other_food_retail,Other,Chain Packaged Food Only,True,USDA_SNAP+ACHD,2025-04-07
DollarTree 6275,"937 Ohio Ave, Glassport 15045",40.319763,-79.890808,other_food_retail,Other,Chain Packaged Food Only,True,USDA_SNAP+ACHD,2024-08-05
ALDI 69018,"11 E Steuben St, Oakdale 15071",40.440727,-80.236893,full_grocery,Supermarket,,True,USDA_SNAP,
Waltmire Pharmacy,"1435 Spring Garden Ave, Pittsburgh 15212",40.462692,-79.98687,other_food_retail,Convenience Store,Chain Packaged Food Only,True,USDA_SNAP+ACHD,2023-12-08
Dollar General 15169,"120 Three Degree Rd, Pittsburgh 15237",40.5443,-80.032997,other_food_retail,Other,Chain Packaged Food Only,True,USDA_SNAP+ACHD,2024-10-10
GetGo 3487,"801 Mount Royal Blvd, Pittsburgh 15223",40.514198,-79.959587,convenience_limited,Convenience Store,Chain Retail/Convenience Store,True,USDA_SNAP+ACHD,2024-12-04
Samba Market,"2520 Bedford Ave, Pittsburgh 15219",40.450806,-79.972191,convenience_limited,Convenience Store,Retail/Convenience Store,True,USDA_SNAP+ACHD,2025-06-17
Pk Mart & Asian Grocery,"3406 Saw Mill Run Blvd, Pittsburgh 15227",40.373447,-79.982216,full_grocery,Grocery Store,Packaged Food Only,True,USDA_SNAP+ACHD,2023-12-13
Family Dollar 11650,"642 Monongahela Ave, Glassport 15045",40.324791,-79.892509,other_food_retail,Other,Chain Packaged Food Only,True,USDA_SNAP+ACHD,2023-12-15
Whole Foods Market 10242,"111 Siena Dr, Upper St Clair 15241",40.346088,-80.058052,full_grocery,Super Store,Chain Supermarket,True,USDA_SNAP+ACHD,2024-11-19
Joes Butcher Shop,"502 Broadway, Pitcairn 15140",40.402035,-79.777718,full_grocery,Grocery Store,Retail/Convenience Store,True,USDA_SNAP+ACHD,2025-02-06
Sheetz 619,"2871 Freeport Rd, Pittsburgh 15238",40.538578,-79.830887,convenience_limited,Convenience Store,Chain Retail/Convenience Store,True,USDA_SNAP+ACHD,2025-02-12
Mckees Mart,"3111 Walnut St, McKeesport 15132",40.330902,-79.843445,other_food_retail,Convenience Store,Packaged Food Only,True,USDA_SNAP+ACHD,2024-04-12
Speedway 2905,"303 Hulton Rd, Oakmont 15139",40.526009,-79.842438,convenience_limited,Convenience Store,Chain Retail/Convenience Store,True,USDA_SNAP+ACHD,2025-02-28
Kajal Oil And Gas Inc 001,"127 McMurray Rd, Pittsburgh 15241",40.326485,-80.065742,convenience_limited,Convenience Store,,True,USDA_SNAP,
Giant Eagle 91,"318 Cedar Ave, Pittsburgh 15212",40.45145,-80.001038,full_grocery,Super Store,,True,USDA_SNAP,
Dollar General 14985,"5800 Buttermilk Hollow Rd, Pittsburgh 15207",40.365013,-79.908501,other_food_retail,Other,Chain Packaged Food Only,True,USDA_SNAP+ACHD,2024-05-30
Lnc Store  9 Pitcairn Sunoco,"479 Broadway, Pitcairn 15140",40.401695,-79.778191,convenience_limited,Convenience Store,Chain Retail/Convenience Store,True,USDA_SNAP+ACHD,2024-03-11
Dollar General 32038,"1200 Pittsburgh St, Cheswick 15024",40.540634,-79.803749,other_food_retail,Other,Chain Packaged Food Only,True,USDA_SNAP+ACHD,2023-10-17
Prashant Mini Mart,"3646 Library Rd, Pittsburgh 15234",40.364918,-80.01944,convenience_limited,Convenience Store,,True,USDA_SNAP,
DollarTree 4501,"4313 Walnut St, McKeesport 15132",40.322071,-79.833015,other_food_retail,Other,,True,USDA_SNAP,
ALDI 69072,"3089 Sussex Ave, Baldwin Township 15226",40.383774,-80.014183,full_grocery,Supermarket,Chain Packaged Food Only,True,USDA_SNAP+ACHD,2024-09-13
DollarTree 4522,"2350 Noblestown Rd, Pittsburgh 15205",40.427067,-80.05558,other_food_retail,Other,,True,USDA_SNAP,
Dollar General 30649,"12818 Frankstown Rd, Pittsburgh 15235",40.480705,-79.821983,other_food_retail,Other,Chain Packaged Food Only,True,USDA_SNAP+ACHD,2024-03-06
Sheraden Shoppe N Kitchen,"2827 Chartiers Ave, Pittsburgh 15204",40.453438,-80.054932,convenience_limited,Convenience Store,Retail/Convenience Store,True,USDA_SNAP+ACHD,2025-02-18
Quick Sub Mart,"164 Freeport Rd, Pittsburgh 15238",40.491398,-79.866074,convenience_limited,Convenience Store,Chain Retail/Convenience Store,True,USDA_SNAP+ACHD,2025-05-15
Maruti Convenience LLC,"1100 Fawcett Ave, White Oak 15131",40.352627,-79.825722,convenience_limited,Convenience Store,Retail/Convenience Store,True,USDA_SNAP+ACHD,2025-01-16
Gk Foodmart Inc.,"1026 Walnut St, Mckeesport 15132",40.345345,-79.863747,convenience_limited,Convenience Store,Retail/Convenience Store,True,USDA_SNAP+ACHD,2024-03-18
Farm Fresh Market Of Pittsburgh Inc,"226 N Negley Ave, Pittsburgh 15206",40.465454,-79.929451,full_grocery,Grocery Store,Retail/Convenience Store,True,USDA_SNAP+ACHD,2025-05-29
Par Mar Store 90,"7021 Steubenville Pike, Oakdale 15071",40.444153,-80.174416,convenience_limited,Convenience Store,Chain Retail/Convenience Store,True,USDA_SNAP+ACHD,2024-12-13
Giant Eagle 6379,"420 E Waterfront Dr, Homestead 15120",40.411018,-79.908493,full_grocery,Super Store,Chain Retail/Convenience Store,True,USDA_SNAP+ACHD,2025-01-13
Par Mar Store 88,"431 W 7th Ave, Homestead 15120",40.402348,-79.917999,convenience_limited,Convenience Store,Chain Retail/Convenience Store,True,USDA_SNAP+ACHD,2025-01-08
Par Mar Store 104,"501 Lowries Run Rd, Pittsburgh 15237",40.534248,-80.053116,convenience_limited,Convenience Store,Chain Retail/Convenience Store,True,USDA_SNAP+ACHD,2025-02-27
Family Dollar 12193,"140 W 7th Ave, Tarentum 15084",40.600372,-79.760628,other_food_retail,Other,Chain Packaged Food Only,True,USDA_SNAP+ACHD,2024-11-07
Kwik Fill 239,"152 McGovern Blvd, Crescent 15046",40.563625,-80.227875,convenience_limited,Convenience Store,Chain Retail/Convenience Store,True,USDA_SNAP+ACHD,2024-11-25
Kwik Fill 246,"400 Allegheny River Blvd, Oakmont 15139",40.516479,-79.842865,convenience_limited,Convenience Store,Chain Retail/Convenience Store,True,USDA_SNAP+ACHD,2025-01-03
Speedway 2911,"1200 Long Run Rd, White Oak 15131",40.333549,-79.812927,convenience_limited,Convenience Store,Chain Retail/Convenience Store,True,USDA_SNAP+ACHD,2025-01-02
Spice N Sabzi,"1120 Park Manor Blvd, Pittsburgh 15205",40.453209,-80.162468,other_food_retail,Other,Chain Retail/Convenience Store,True,USDA_SNAP+ACHD,2025-04-16
Giant Eagle 93,"600 Towne Square Way, Pittsburgh 15227",40.367905,-79.982513,full_grocery,Super Store,,True,USDA_SNAP,
Be.wild.er Farm Llc,"7115 Ridge Rd, Natrona Heights 15065",40.657589,-79.747337,farmers_market,Farmers and Markets,,True,USDA_SNAP,
GetGo 3013,"2414 5th Ave, McKeesport 15132",40.355335,-79.83564,convenience_limited,Convenience Store,Chain Retail/Convenience Store,True,USDA_SNAP+ACHD,2024-11-18
Lizzies Dairy On Whitaker,"106 Whitaker St, Homestead 15120",40.401485,-79.888206,convenience_limited,Convenience Store,Retail/Convenience Store,True,USDA_SNAP+ACHD,2024-11-06
Kingz Korner Market,"1417 N Lang Ave, Pittsburgh 15208",40.462669,-79.897758,convenience_limited,Convenience Store,Retail/Convenience Store,True,USDA_SNAP+ACHD,2023-10-17
DollarTree 5828,"1516 Brighton Rd, Pittsburgh 15212",40.457397,-80.015732,other_food_retail,Other,,True,USDA_SNAP,
Sunoco ARLINTON,"1643 Arlington Ave, Pittsburgh 15210",40.417816,-79.986694,convenience_limited,Convenience Store,Chain Retail/Convenience Store,True,USDA_SNAP+ACHD,2024-07-22
GetGo 3476,"800 Allegheny River Blvd, Verona 15147",40.50737,-79.843391,convenience_limited,Convenience Store,Chain Retail/Convenience Store,True,USDA_SNAP+ACHD,2025-06-25
DollarTree 6074,"7181 Saltsburg Rd, Pittsburgh 15235",40.476898,-79.789146,other_food_retail,Other,Bakery,True,USDA_SNAP+ACHD,
GetGo 3188,"1001 Lebanon Rd, West Mifflin 15122",40.361393,-79.931969,convenience_limited,Convenience Store,Chain Retail/Convenience Store,True,USDA_SNAP+ACHD,2024-10-09
Dollar General 15784,"2301 Brownsville Rd, South Park 15129",40.298351,-79.994438,other_food_retail,Other,Chain Packaged Food Only,True,USDA_SNAP+ACHD,2025-04-08
APlus 40164H,"1710 Washington Rd, Pittsburgh 15241",40.347973,-80.053047,convenience_limited,Convenience Store,,True,USDA_SNAP,
Aplus 40224,"4639 Clairton Blvd, Pittsburgh 15236",40.355904,-79.979805,convenience_limited,Convenience Store,,True,USDA_SNAP,
Dollar General 19684,"1701 Babcock Blvd, Millvale 15209",40.500275,-79.980591,other_food_retail,Other,Chain Packaged Food Only,True,USDA_SNAP+ACHD,2024-10-15
Aldi 81,"3013 Washington Pike, Bridgeville 15017",40.354206,-80.114853,full_grocery,Supermarket,,True,USDA_SNAP,
Family Dollar 11688,"1200 Swissvale Ave, Pittsburgh 15221",40.443134,-79.876694,other_food_retail,Other,Chain Packaged Food Only,True,USDA_SNAP+ACHD,2025-03-13
LNC Brentwood 11,"3767 Brownsville Rd, Pittsburgh 15227",40.370502,-79.975128,convenience_limited,Convenience Store,Chain Retail/Convenience Store,True,USDA_SNAP+ACHD,2024-10-02
CIO Store 18,"5340 Perry Hwy, Pittsburgh 15229",40.510017,-80.029587,convenience_limited,Convenience Store,,True,USDA_SNAP,
La Poblanita International Inc,"801 4th Ave, Coraopolis 15108",40.520756,-80.169479,convenience_limited,Convenience Store,Retail/Convenience Store,True,USDA_SNAP+ACHD,2025-01-09
GetGo 3021,"7675 McKnight Rd, Pittsburgh 15237",40.545223,-80.017082,convenience_limited,Convenience Store,Chain Retail/Convenience Store,True,USDA_SNAP+ACHD,2025-07-14
Buttermilk Hollow Shop N Save 21-4088,"4647 Buttermilk Hollow Rd, West Mifflin 15122",40.360996,-79.90654,full_grocery,Super Store,Chain Supermarket,True,USDA_SNAP+ACHD,2025-04-18
B & M Market Llc 0,"3038 Chartiers Ave, Pittsburgh 15204",40.454063,-80.059494,convenience_limited,Convenience Store,Packaged Food Only,True,USDA_SNAP+ACHD,
Bethel Park Cash N Save,"3405 S Park Rd, Bethel Park 15102",40.32143,-80.057053,convenience_limited,Convenience Store,Chain Retail/Convenience Store,True,USDA_SNAP+ACHD,2024-12-16
DollarTree 7202,"2860 Wildwood Road Ext, Allison Park 15101",40.590294,-79.946892,other_food_retail,Other,,True,USDA_SNAP,
Dhale Market Inc,"811 Wood St, Pittsburgh 15221",40.442406,-79.885498,other_food_retail,Convenience Store,Retail/Convenience Store,True,USDA_SNAP+ACHD,2025-02-27
GetGo 3488,"5603 Babcock Boulevard, Pittsburgh 15237",40.546913,-80.029327,convenience_limited,Convenience Store,Chain Retail/Convenience Store,True,USDA_SNAP+ACHD,2024-11-18
Aldi 93,"7221 McKnight Rd, Ross Township 15237",40.537319,-80.011223,full_grocery,Supermarket,,True,USDA_SNAP,
Giant Eagle 18,"1671 Butler Plank Rd, Glenshaw 15116",40.537663,-79.965134,full_grocery,Super Store,Chain Retail/Convenience Store,True,USDA_SNAP+ACHD,2024-11-19
Trend Market 3,"711 Broadway Ave, MC Kees Rocks 15136",40.472443,-80.073761,convenience_limited,Convenience Store,,True,USDA_SNAP,
The Quick Serve,"400 Union Ave, Bellevue 15202",40.505806,-80.06144,convenience_limited,Convenience Store,,True,USDA_SNAP,
GetGo 3032,"10500 Perry Hwy, Wexford 15090",40.609539,-80.052605,convenience_limited,Convenience Store,Chain Retail/Convenience Store,True,USDA_SNAP+ACHD,2024-10-08
GetGo 3600,"2811 Jacks Run Rd, White Oak 15131",40.338196,-79.807678,convenience_limited,Convenience Store,Chain Retail/Convenience Store,True,USDA_SNAP+ACHD,2024-11-27
Monroeville Grocery Llc,"312 Mall Blvd, Monroeville 15146",40.434807,-79.786293,full_grocery,Supermarket,,True,USDA_SNAP,
GetGo 3108,"10525 Frankstown Rd, Pittsburgh 15235",40.460499,-79.843254,convenience_limited,Convenience Store,Chain Retail/Convenience Store,True,USDA_SNAP+ACHD,2024-10-17
Unimart,"551 N State St, Clairton 15025",40.309601,-79.890945,convenience_limited,Convenience Store,Chain Retail/Convenience Store,True,USDA_SNAP+ACHD,2025-03-12
Speedway 2910,"5701 Grand Ave, Pittsburgh 15225",40.511734,-80.1325,convenience_limited,Convenience Store,Chain Retail/Convenience Store,True,USDA_SNAP+ACHD,2024-10-17
Dollar General 31767,"210 9th St, Glassport 15045",40.320751,-79.892082,other_food_retail,Other,Chain Packaged Food Only,True,USDA_SNAP+ACHD,
Crossroad Sunoco Neighbourhood Market,"4600 Homestead Duquesne Rd, West Mifflin 15122",40.376308,-79.894196,convenience_limited,Convenience Store,Chain Retail/Convenience Store,True,USDA_SNAP+ACHD,2025-07-09
Hanini's Market,"2625 Brownsville Rd, Pittsburgh 15227",40.385017,-79.978188,convenience_limited,Convenience Store,Chain Retail/Convenience Store,True,USDA_SNAP+ACHD,2025-04-30
DOLLARTREE 11472,"1130 Perry Hwy, Pittsburgh 15237",40.547295,-80.035561,other_food_retail,Other,,True,USDA_SNAP,
Six Guys Grocers Inc,"10293 Perry Hwy, Wexford 15090",40.603165,-80.050072,other_food_retail,Other,,True,USDA_SNAP,
Dollar General 31200,"4934 2nd Ave, Pittsburgh 15207",40.408981,-79.944183,other_food_retail,Other,Chain Retail/Convenience Store,True,USDA_SNAP+ACHD,2025-05-06
Fresh Thyme Market 451BDG,"1155 Washington Pk, Bridgeville 15017",40.368591,-80.102608,full_grocery,Super Store,,True,USDA_SNAP,
Fresh Thyme Market 452PLH,"665 Clairton Blvd, Pittsburgh 15236",40.329353,-79.945076,full_grocery,Super Store,,True,USDA_SNAP,
Speedway 2906,"1700 Lincoln Hwy, North Versailles 15137",40.370361,-79.786156,convenience_limited,Convenience Store,Chain Retail/Convenience Store,True,USDA_SNAP+ACHD,2024-11-26
Kay United Inc,"570 Miller Ave, Clairton 15025",40.29269,-79.883102,convenience_limited,Convenience Store,Retail/Convenience Store,True,USDA_SNAP+ACHD,2025-05-27
Par Mar Store 60,"7208 State Route 908, Tarentum 15084",40.659119,-79.781952,convenience_limited,Convenience Store,Chain Retail/Convenience Store,True,USDA_SNAP+ACHD,2025-06-16
Fifth Avenue Food Market Llc,"1701 5th Ave, Pittsburgh 15219",40.438488,-79.982468,full_grocery,Grocery Store,Retail/Convenience Store,True,USDA_SNAP+ACHD,2024-01-25
Edna S Market & Deli,"529 Mount Pleasant Rd, Pittsburgh 15214",40.477821,-80.000206,convenience_limited,Convenience Store,Chain Retail/Convenience Store,True,USDA_SNAP+ACHD,2025-04-09
Deep Asian Groceries,"4010 Saw Mill Run Blvd, Pittsburgh 15227",40.368999,-79.983498,full_grocery,Grocery Store,,True,USDA_SNAP,
Par Mar Store 81,"921 Brodhead Rd, Coraopolis 15108",40.517426,-80.221893,convenience_limited,Convenience Store,Chain Retail/Convenience Store,True,USDA_SNAP+ACHD,2025-04-07
Brooklyn 2 Market Inc,"7926 Frankstown Ave, Pittsburgh 15221",40.455254,-79.884956,other_food_retail,Convenience Store,Packaged Food Only,True,USDA_SNAP+ACHD,2024-08-08
Roadside Distributors Inc,"188 Butler St, Pittsburgh 15223",40.493336,-79.948311,convenience_limited,Convenience Store,Retail/Convenience Store,True,USDA_SNAP+ACHD,2023-08-30
Curry Hollow Sunoco,"370 Curry Hollow Rd, Pittsburgh 15236",40.336803,-79.97863,convenience_limited,Convenience Store,Chain Retail/Convenience Store,True,USDA_SNAP+ACHD,2024-02-28
DOLLAR GENERAL 19007,"700 E Warrington Ave, Pittsburgh 15210",40.421753,-79.995491,other_food_retail,Other,Seasonal/Farmers Market,True,USDA_SNAP+ACHD,2025-04-04
DOLLAR GENERAL 19281,"7402 Church St, Swissvale 15218",40.421944,-79.890114,other_food_retail,Other,Chain Packaged Food Only,True,USDA_SNAP+ACHD,2025-02-25
DOLLAR EAGLE DISCOUNTS,"1552 Beechview Ave, Pittsburgh 15216",40.410713,-80.025009,other_food_retail,Convenience Store,Packaged Food Only,True,USDA_SNAP+ACHD,2021-02-03
Edgewood Avenue Express Inc. Convenienc,"253 Edgewood Ave, Pittsburgh 15218",40.43026,-79.884354,convenience_limited,Convenience Store,Retail/Convenience Store,True,USDA_SNAP+ACHD,2024-01-12
Deep Oil Corporation,"2105 Walnut St, McKeesport 15132",40.336369,-79.852737,convenience_limited,Convenience Store,Chain Retail/Convenience Store,True,USDA_SNAP+ACHD,2024-03-28
DOLLAR GENERAL 19485,"289 Oak Rd, Gibsonia 15044",40.629856,-79.888435,other_food_retail,Other,Chain Packaged Food Only,True,USDA_SNAP+ACHD,2025-02-13
Aldi 69060,"1040 Village Center Dr, Tarentum 15084",40.567204,-79.802254,full_grocery,Supermarket,,True,USDA_SNAP,
Rebel 910,"6999 Clairton Rd, West Mifflin 15122",40.345139,-79.938957,convenience_limited,Convenience Store,Chain Retail/Convenience Store,True,USDA_SNAP+ACHD,2025-02-20
The Avenue,"1614 Penn Ave, Pittsburgh 15221",40.442871,-79.86721,convenience_limited,Convenience Store,Retail/Convenience Store,True,USDA_SNAP+ACHD,2024-08-27
7-eleven Store 36189A,"6250 Library Rd, Bethel Park 15102",40.293461,-80.031151,convenience_limited,Convenience Store,Chain Retail/Convenience Store,True,USDA_SNAP+ACHD,2025-06-30
Sunoco,"7701 Penn Ave, Pittsburgh 15221",40.446556,-79.89325,convenience_limited,Convenience Store,Chain Retail/Convenience Store,True,USDA_SNAP+ACHD,2025-07-21
White Oak Mini Mart,"1513 Lincoln Way, White Oak 15131",40.348915,-79.818016,convenience_limited,Convenience Store,Retail/Convenience Store,True,USDA_SNAP+ACHD,2024-08-27
DollarTree 6413,"4680 Old William Penn Hwy, Monroeville 15146",40.440285,-79.742294,other_food_retail,Other,,True,USDA_SNAP,
Lotus Food,"1649 Penn Ave, Pittsburgh 15222",40.449608,-79.986259,full_grocery,Grocery Store,Supermarket,True,USDA_SNAP+ACHD,2025-02-05
Thompson Run Market,"333 Thompson Run Rd, Pittsburgh 15237",40.527672,-79.988708,convenience_limited,Convenience Store,Retail/Convenience Store,True,USDA_SNAP+ACHD,2024-11-05
Uni Mart Port Vue,"1181 Romine Ave, McKeesport 15133",40.342308,-79.871338,convenience_limited,Convenience Store,Chain Retail/Convenience Store,True,USDA_SNAP+ACHD,2024-12-09
7-Eleven Store 36195,"2 Heckel Rd, McKees Rocks 15136",40.474373,-80.094933,convenience_limited,Convenience Store,Chain Retail/Convenience Store,True,USDA_SNAP+ACHD,2024-06-17
Kuhn's Market,"537 W. Ingomar Road, Ingomar 15127",40.582069,-80.050919,full_grocery,Super Store,,True,USDA_SNAP,
Nataliya's European Food Market,"4370 Murray Ave, Pittsburgh 15217",40.419895,-79.928581,full_grocery,Grocery Store,Retail/Convenience Store,True,USDA_SNAP+ACHD,2024-09-27
Waad Mini Mart,"7006 Frankstown Ave, Pittsburgh 15208",40.458382,-79.900787,other_food_retail,Convenience Store,Packaged Food Only,True,USDA_SNAP+ACHD,2023-02-16
Happy Mart,"1100 Penn Ave, Pittsburgh 15221",40.440899,-79.877411,convenience_limited,Convenience Store,Retail/Convenience Store,True,USDA_SNAP+ACHD,2025-03-11
Forest Hills Farmers Market,"4400 Greensburg Pike, Pittsburgh 15221",40.41769,-79.840485,farmers_market,Farmers and Markets,,True,USDA_SNAP,
Tom Friday's Market,"3639 California Ave, Pittsburgh 15212",40.481148,-80.041649,full_grocery,Grocery Store,Retail/Convenience Store,True,USDA_SNAP+ACHD,2025-06-13
The Hotspot Of Glassport,"601 Monongahela Ave, Glassport 15045",40.325863,-79.892082,convenience_limited,Convenience Store,Retail/Convenience Store,True,USDA_SNAP+ACHD,2025-06-26
ALDI 69065,"2830 Gracy Center Way, Coraopolis 15108",40.517616,-80.216225,full_grocery,Supermarket,Chain Packaged Food Only,True,USDA_SNAP+ACHD,2025-05-22
Dhillon Mart Inc,"1 Duncan Station Rd, McKeesport 15135",40.286583,-79.812935,convenience_limited,Convenience Store,Retail/Convenience Store,True,USDA_SNAP+ACHD,2024-11-04
Groceria Merante,"3454 Bates St, Pittsburgh 15213",40.436619,-79.955414,full_grocery,Grocery Store,Retail/Convenience Store,True,USDA_SNAP+ACHD,2025-02-20
CIO Store 19,"4100A Steubenville Pike, Pittsburgh 15205",40.440056,-80.084404,convenience_limited,Convenience Store,,True,USDA_SNAP,
DOLLAR GENERAL 18694,"1517 State Route 51, Clairton 15025",40.299698,-79.9216,other_food_retail,Other,Chain Packaged Food Only,True,USDA_SNAP+ACHD,2025-03-18
Sheetz 610,"211 Mount Nebo Rd, Pittsburgh 15237",40.531303,-80.07019,convenience_limited,Convenience Store,,True,USDA_SNAP,
Rahma Grocery And Halal Meat,"409 E Main St, Carnegie 15106",40.410366,-80.082191,other_food_retail,Other,Retail/Convenience Store,True,USDA_SNAP+ACHD,2025-02-18
Par Mar Store 75,"710 Brown Ave, Turtle Creek 15145",40.426041,-79.834785,convenience_limited,Convenience Store,,True,USDA_SNAP,
CVS 10767,"4664 Browns Hill Rd, Pittsburgh 15217",40.414097,-79.923134,other_food_retail,Other,Chain Packaged Food Only,True,USDA_SNAP+ACHD,2024-06-06
CVS Pharmacy 5103,"1003 California Ave, Natrona Heights 15065",40.618511,-79.732513,other_food_retail,Other,Chain Packaged Food Only,True,USDA_SNAP+ACHD,2024-11-07
Walmart Supercenter 4644,"7500 University Blvd, Moon Township 15108",40.51498,-80.222328,full_grocery,Super Store,,True,USDA_SNAP,
Freeman Family Farm And Greenhouse 0,"1426 Juniata St, Pittsburgh 15233",40.456871,-80.028328,full_grocery,Grocery Store,Retail/Convenience Store,True,USDA_SNAP+ACHD,2025-03-03
LNC McKees Rocks 15,"137 Clever Rd, MC Kees Rocks 15136",40.469604,-80.100403,convenience_limited,Convenience Store,,True,USDA_SNAP,
Bob's Autotorium Inc,"1408 River Rd, Homestead 15120",40.403496,-79.88253,convenience_limited,Convenience Store,Retail/Convenience Store,True,USDA_SNAP+ACHD,2025-04-18
Dollar General Store 17160,"1227 State Route 837, Jefferson Hills 15025",40.315754,-79.897614,other_food_retail,Other,,True,USDA_SNAP,
In & Out Corner Market,"300 Helen St, McKees Rocks 15136",40.47398,-80.057198,convenience_limited,Convenience Store,Retail/Convenience Store,True,USDA_SNAP+ACHD,2025-02-19
Sheetz 677,"3109 Washington Pike, Bridgeville 15017",40.348637,-80.111542,convenience_limited,Convenience Store,Chain Retail/Convenience Store,True,USDA_SNAP+ACHD,2024-06-27
Sheetz 678,"973 William Flynn Hwy, Glenshaw 15116",40.513885,-79.952347,convenience_limited,Convenience Store,,True,USDA_SNAP,
7-eleven Store #40243a 40243A,"310 Cedar Ave, Pittsburgh 15212",40.451134,-80.000679,convenience_limited,Convenience Store,Chain Retail/Convenience Store,True,USDA_SNAP+ACHD,2025-03-28
Giant Penn 915,"2 Rich Hill Rd, Cheswick 15024",40.549671,-79.838539,convenience_limited,Convenience Store,,True,USDA_SNAP,
Elizabeth Giant Eagle 1614,"800 McKeesport Rd, Elizabeth 15037",40.27993,-79.875702,full_grocery,Other,Chain Supermarket,True,USDA_SNAP+ACHD,2025-04-09
P&w Mini Mart 1,"410 Scenery Dr, Elizabeth 15037",40.277,-79.837448,convenience_limited,Convenience Store,Chain Retail/Convenience Store,True,USDA_SNAP+ACHD,2025-04-23
Sheraden Tobacco Outlet Inc,"649 Hillsboro St, Pittsburgh 15204",40.453259,-80.054085,convenience_limited,Convenience Store,Retail/Convenience Store,True,USDA_SNAP+ACHD,2024-12-31
Super Mart Braddock,"524 Braddock Ave, Braddock 15104",40.403988,-79.869644,convenience_limited,Convenience Store,Retail/Convenience Store,True,USDA_SNAP+ACHD,2024-12-02
Sheetz 617,"2615 Nicholson Rd, Sewickley 15143",40.612438,-80.099915,convenience_limited,Convenience Store,Chain Retail/Convenience Store,True,USDA_SNAP+ACHD,2025-06-23
Giant Eagle 2425,"517 Beaver St, Sewickley 15143",40.540085,-80.179573,other_food_retail,Other,Chain Packaged Food Only,True,USDA_SNAP+ACHD,2024-08-21
Speedway 2916,"4315 Kennywood Blvd, West Mifflin 15122",40.390274,-79.868843,convenience_limited,Convenience Store,Chain Retail/Convenience Store,True,USDA_SNAP+ACHD,2025-03-27
7-Eleven Store #40217A,"4779 Liberty Ave, Pittsburgh 15224",40.461189,-79.947304,convenience_limited,Convenience Store,Chain Retail/Convenience Store,True,USDA_SNAP+ACHD,2024-01-23
CIO Stores LLC 21 21,"1605 5th Ave, Pittsburgh 15219",40.438534,-79.983665,convenience_limited,Convenience Store,Retail/Convenience Store,True,USDA_SNAP+ACHD,2024-08-16
North Versailles Save A Lot,"355 Lincoln Hwy, North Versailles 15137",40.384495,-79.821281,full_grocery,Supermarket,Chain Supermarket,True,USDA_SNAP+ACHD,2025-04-21
Family Dollar 12885,"3430 William Penn Hwy, Pittsburgh 15235",40.429108,-79.812935,other_food_retail,Other,Seasonal/Farmers Market,True,USDA_SNAP+ACHD,2025-07-21
Speedway 6721,"50 Angelina Ave, McKees Rocks 15136",40.47295,-80.060486,convenience_limited,Convenience Store,Chain Retail/Convenience Store,True,USDA_SNAP+ACHD,2025-01-15
APlus 40233H,"19090 Perry Hwy, Mars 16046",40.673698,-80.09845,convenience_limited,Convenience Store,,True,USDA_SNAP,
Jimman Sunoco,"2904 5th Ave, McKeesport 15132",40.358383,-79.831238,convenience_limited,Convenience Store,Chain Retail/Convenience Store,True,USDA_SNAP+ACHD,2025-01-27
Noble Asian Shwe Myanmar Grocery Store Llc,"2830 Clairton Blvd, Pittsburgh 15227",40.377949,-79.988205,full_grocery,Grocery Store,Retail/Convenience Store,True,USDA_SNAP+ACHD,2024-10-30
Mckeesport Valero,"231 5th Ave, McKeesport 15132",40.351181,-79.865479,convenience_limited,Convenience Store,Chain Retail/Convenience Store,True,USDA_SNAP+ACHD,2024-06-10
Westwood Asian Bazaar,"2165 Noblestown Rd, Pittsburgh 15205",40.429836,-80.053444,full_grocery,Grocery Store,Retail/Convenience Store,True,USDA_SNAP+ACHD,2024-02-06
Euro Mart,"4150 Saw Mill Run Blvd, Pittsburgh 15227",40.366058,-79.984848,other_food_retail,Convenience Store,Packaged Food Only,True,USDA_SNAP+ACHD,2024-09-12
Greenfield Tobacco Shop Llc,"4205 Murray Ave, Pittsburgh 15217",40.422935,-79.928459,other_food_retail,Convenience Store,Packaged Food Only,True,USDA_SNAP+ACHD,2024-07-23
7-Eleven 40288,"2000 Eastern Ave, Verona 15147",40.521042,-79.814064,convenience_limited,Convenience Store,Chain Retail/Convenience Store,True,USDA_SNAP+ACHD,2025-02-18
DollarTree 1272,"2830 Gracy Center Way, Coraopolis 15108",40.517616,-80.216225,other_food_retail,Other,,True,USDA_SNAP,
Lnc Store 13  Bp Lnc 13,"4731 Buttermilk Hollow Rd, West Mifflin 15122",40.359383,-79.90802,convenience_limited,Convenience Store,Chain Retail/Convenience Store,True,USDA_SNAP+ACHD,2025-02-26
Penn Express Mart Llc,"12120 Frankstown Rd, Pittsburgh 15235",40.471107,-79.819756,other_food_retail,Convenience Store,Packaged Food Only,True,USDA_SNAP+ACHD,2025-04-23
Brooklyn Foodmart Corporation,"1500 Lincoln Ave, Pittsburgh 15206",40.468678,-79.895844,other_food_retail,Convenience Store,Packaged Food Only,True,USDA_SNAP+ACHD,2024-08-05
Dollar General 31355,"5410 Keeport Dr, Pittsburgh 15236",40.337006,-79.979744,other_food_retail,Other,Chain Retail/Convenience Store,True,USDA_SNAP+ACHD,2025-06-27
5th Avenue Convenience,"336 5th Ave, McKeesport 15132",40.351048,-79.863319,convenience_limited,Convenience Store,Packaged Food Only,True,USDA_SNAP+ACHD,
Bombay Food Market,"4605 Centre Ave, Pittsburgh 15213",40.452148,-79.951782,full_grocery,Grocery Store,Supermarket,True,USDA_SNAP+ACHD,2025-07-25
CK Mart Sharpsburgh,"501 N Main St, Pittsburgh 15215",40.494808,-79.936752,convenience_limited,Convenience Store,Chain Retail/Convenience Store,True,USDA_SNAP+ACHD,
Family Dollar 12168,"2116 Brownsville Rd, Pittsburgh 15210",40.392666,-79.986618,other_food_retail,Other,Chain Packaged Food Only,True,USDA_SNAP+ACHD,2025-02-07
Oriental Market,"7300 Old McKnight Rd, Pittsburgh 15237",40.537045,-80.010185,full_grocery,Supermarket,,True,USDA_SNAP,
Farmer Girl Eb,"1 Noblestown Rd, Pittsburgh 15205",40.44043,-80.035797,full_grocery,Grocery Store,Retail/Convenience Store,True,USDA_SNAP+ACHD,2025-04-03
Sheetz 705,"2400 Lebanon Church Rd, West Mifflin 15122",40.34819,-79.938156,convenience_limited,Convenience Store,Chain Retail/Convenience Store,True,USDA_SNAP+ACHD,2025-06-19
Dollar General 21679,"1930 Spring Garden Ave, Pittsburgh 15212",40.469845,-79.985909,other_food_retail,Other,Chain Packaged Food Only,True,USDA_SNAP+ACHD,2025-04-11
Carnegie Farmers Market,"111 E Main St, Carnegie 15106",40.40749,-80.08654,farmers_market,Farmers and Markets,Retail/Convenience Store,True,USDA_SNAP+ACHD,
7 Eleven - 40172 40172,"3505 Library Rd, Pittsburgh 15234",40.366364,-80.014503,convenience_limited,Convenience Store,Chain Retail/Convenience Store,True,USDA_SNAP+ACHD,2024-04-18
7-Eleven Store 36187,"4630 William Flynn Hwy, Allison Park 15101",40.59066,-79.947563,convenience_limited,Convenience Store,Chain Retail/Convenience Store,True,USDA_SNAP+ACHD,2025-02-27
7-Eleven Store 36138,"740 W Ingomar Rd, Pittsburgh 15237",40.581692,-80.055992,convenience_limited,Convenience Store,Chain Retail/Convenience Store,True,USDA_SNAP+ACHD,2025-05-21
Bp Carson Street N/A,"1006 E Carson St, Pittsburgh 15203",40.428524,-79.988274,convenience_limited,Convenience Store,Chain Retail/Convenience Store,True,USDA_SNAP+ACHD,2024-12-05
7-eleven Store 40110a,"600 Rodi Rd, Pittsburgh 15235",40.449184,-79.827499,convenience_limited,Convenience Store,Chain Retail/Convenience Store,True,USDA_SNAP+ACHD,2024-09-12
Sheetz 679,"1297 Washington Pike, Bridgeville 15017",40.37608,-80.098251,convenience_limited,Convenience Store,Chain Retail/Convenience Store,True,USDA_SNAP+ACHD,2025-05-21
CIO Stores LLC 26 26,"411 Perry Hwy, Pittsburgh 15229",40.518433,-80.032051,convenience_limited,Convenience Store,Chain Retail/Convenience Store,True,USDA_SNAP+ACHD,2025-04-02
Neupane Brothers Llc N/A,"308 Curry Hollow Rd, Pittsburgh 15236",40.337521,-79.976082,full_grocery,Grocery Store,Retail/Convenience Store,True,USDA_SNAP+ACHD,2024-04-16
Brownsville Beer And Convenience,"224 Brownsville Rd, Pittsburgh 15210",40.41539,-79.98777,other_food_retail,Convenience Store,Packaged Food Only,True,USDA_SNAP+ACHD,
The Blue Slide Market,"2333 Beechwood Blvd, Pittsburgh 15217",40.433201,-79.914513,convenience_limited,Convenience Store,,True,USDA_SNAP,
Pashupati Llc,"721 Island Ave, McKees Rocks 15136",40.472889,-80.062088,convenience_limited,Convenience Store,,True,USDA_SNAP,
7-eleven Store 35968b,"525 Perry Hwy, Pittsburgh 15229",40.522503,-80.034737,convenience_limited,Convenience Store,Chain Retail/Convenience Store,True,USDA_SNAP+ACHD,2025-01-15
Dollar General 21279,"960 Unity Center Rd, Plum 15239",40.479942,-79.763626,other_food_retail,Other,Chain Packaged Food Only,True,USDA_SNAP+ACHD,2025-05-05
Ukani Brothers,"2900 Banksville Rd, Pittsburgh 15216",40.403049,-80.041542,convenience_limited,Convenience Store,Retail/Convenience Store,True,USDA_SNAP+ACHD,2025-05-23
California Mini Mart LLC,"3901 California Ave, Pittsburgh 15212",40.485088,-80.042328,convenience_limited,Convenience Store,Retail/Convenience Store,True,USDA_SNAP+ACHD,2025-01-17
Double Fresh Llc 426,"5250 Brownsville Road, Pittsburgh 15236",40.342293,-79.985275,full_grocery,Other,Supermarket,True,USDA_SNAP+ACHD,2024-02-12
Sam's Club 6679,"2251 Century Dr, West Mifflin 15122",40.343906,-79.949051,full_grocery,Super Store,Chain Retail/Convenience Store,True,USDA_SNAP+ACHD,2025-07-03
Hazelwood Market Of Pittsburgh Inc,"5009 2nd Ave, Pittsburgh 15207",40.408245,-79.94339,convenience_limited,Convenience Store,Retail/Convenience Store,True,USDA_SNAP+ACHD,2025-07-24
Par Mar Store 200,"101 Mile Lock Ln, Brackenridge 15014",40.604538,-79.73423,convenience_limited,Convenience Store,Chain Retail/Convenience Store,True,USDA_SNAP+ACHD,2024-10-21
Par Mar Store 56,"8197 McKnight Rd, Pittsburgh 15237",40.55751,-80.023376,convenience_limited,Convenience Store,Chain Retail/Convenience Store,True,USDA_SNAP+ACHD,2025-02-25
Sturges Orchards,"1738 Penn Ave, Pittsburgh 15222",40.449936,-79.98558,farmers_market,Farmers and Markets,,True,USDA_SNAP,
Community Market Bloomfield 96,"4401 Liberty Ave, Pittsburgh 15224",40.464138,-79.952065,full_grocery,Super Store,Chain Supermarket,True,USDA_SNAP+ACHD,2024-08-06
BJ's Wholesale Club Inc. 388,"4000 Victoria St, Bridgeville 15017",40.359829,-80.127457,full_grocery,Super Store,,True,USDA_SNAP,
Produce Marketplace,"519 Saint Clair Ave, Clairton 15025",40.293354,-79.886345,convenience_limited,Convenience Store,Retail/Convenience Store,True,USDA_SNAP+ACHD,2025-01-31
Monroeville Farmers Market,"200 Mall Circle Dr., Pittsburgh 15219",40.429188,-79.795311,farmers_market,Farmers and Markets,,True,USDA_SNAP,
Baraka International Market Inc.,"2740 Saw Mill Run Blvd, Pittsburgh 15227",40.378273,-79.991417,full_grocery,Grocery Store,Packaged Food Only,True,USDA_SNAP+ACHD,2025-02-11
Family Dollar 12538,"10707 Frankstown Rd, Pittsburgh 15235",40.461151,-79.841858,other_food_retail,Other,Chain Packaged Food Only,True,USDA_SNAP+ACHD,2024-07-31
Whole Foods Market 10694,"5700 Penn Avenue, Pittsburgh 15206",40.462753,-79.928749,full_grocery,Super Store,Chain Supermarket,True,USDA_SNAP+ACHD,2025-06-19
Z&a Enterprise Llc N/A,"2800 Brownsville Rd, Pittsburgh 15227",40.383442,-79.977524,convenience_limited,Convenience Store,Retail/Convenience Store,True,USDA_SNAP+ACHD,2025-06-04
Kaas Enterprise Llc,"1017 4th Ave, Coraopolis 15108",40.518318,-80.162811,full_grocery,Supermarket,Supermarket,True,USDA_SNAP+ACHD,2024-09-10
Wilkinsburg Farmers Market,"739 Penn Ave, Wilkinsburg 15221",40.443558,-79.883682,farmers_market,Farmers and Markets,,True,USDA_SNAP,
7-eleven Store #36131b 36131B,"10 W Prospect Ave, Pittsburgh 15205",40.445267,-80.066078,convenience_limited,Convenience Store,Retail/Convenience Store,True,USDA_SNAP+ACHD,2024-09-30
Bellevue Farmers Market,"34 N Balph Ave, Pittsburgh 15202",40.496513,-80.054329,farmers_market,Farmers and Markets,,True,USDA_SNAP,
DollarTree 8562,"2858 Banksville Rd, Pittsburgh 15216",40.404572,-80.039886,other_food_retail,Other,Chain Packaged Food Only,True,USDA_SNAP+ACHD,2024-12-20
La Madina Mediterranean Halal Market,"2880 Banksville Rd, Pittsburgh 15216",40.404137,-80.040634,full_grocery,Grocery Store,Retail/Convenience Store,True,USDA_SNAP+ACHD,2024-10-17
Lawrenceville Farmers Market,"115 41st St, Pittsburgh 15201",40.471462,-79.963829,farmers_market,Farmers and Markets,,True,USDA_SNAP,
Global Food Market,"1200 Hodgkiss St, Pittsburgh 15212",40.46767,-80.026886,full_grocery,Grocery Store,Retail/Convenience Store,True,USDA_SNAP+ACHD,2025-02-24
Blackberry Meadows Farm,"7115 Ridge Rd, Natrona Heights 15065",40.657578,-79.74733,farmers_market,Farmers and Markets,,True,USDA_SNAP,
7-eleven Store #40169a 40169A,"1001 Washington Pike, Bridgeville 15017",40.364525,-80.109421,convenience_limited,Convenience Store,Chain Retail/Convenience Store,True,USDA_SNAP+ACHD,2024-08-21
Giant Penn 902,"7338 Butler St, Pittsburgh 15206",40.487453,-79.919861,convenience_limited,Convenience Store,Chain Retail/Convenience Store,True,USDA_SNAP+ACHD,2024-07-19
Forbes Street Market,"3955 Forbes Ave, Pittsburgh 15260",40.442791,-79.955254,full_grocery,Grocery Store,Chain Retail/Convenience Store,True,USDA_SNAP+ACHD,2025-03-17
Damauli Bazar,"600 Old Clairton Rd, Pittsburgh 15236",40.325451,-79.957047,full_grocery,Grocery Store,Packaged Food Only,True,USDA_SNAP+ACHD,2024-06-20
Dollar General 20881,"2417 Brownsville Rd, Pittsburgh 15210",40.387127,-79.982269,other_food_retail,Other,Chain Packaged Food Only,True,USDA_SNAP+ACHD,2024-08-01
Jeet's Sunoco no,"5457 Perrysville Ave, Pittsburgh 15229",40.513458,-80.030685,convenience_limited,Convenience Store,Chain Retail/Convenience Store,True,USDA_SNAP+ACHD,2025-07-02
Unimart Brownsville Rd,"1926 Brownsville Rd, Pittsburgh 15210",40.3951,-79.98716,convenience_limited,Convenience Store,Chain Retail/Convenience Store,True,USDA_SNAP+ACHD,2025-05-29
Marathon,"2022 Washington Rd, Heidelburg 15106",40.387718,-80.08992,convenience_limited,Convenience Store,,True,USDA_SNAP,
DollarTree 9021,"7219 McKnight Rd, Pittsburgh 15237",40.538021,-80.013359,other_food_retail,Other,,True,USDA_SNAP,
Super Snacks Mart LLC,"817 E Warrington Ave, Pittsburgh 15210",40.421967,-79.993057,other_food_retail,Convenience Store,Packaged Food Only,True,USDA_SNAP+ACHD,2025-04-01
Global Fresh Halal Meat & Groceries,"4411 Old William Penn Hwy, Monroeville 15146",40.445995,-79.764297,full_grocery,Grocery Store,Retail/Convenience Store,True,USDA_SNAP+ACHD,2025-05-09
Dollar General 22867,"1108 Milltown Rd, Verona 15147",40.498741,-79.789368,other_food_retail,Other,Chain Packaged Food Only,True,USDA_SNAP+ACHD,2025-05-08
Dollar General 22935,"2501 Mosside Blvd, Monroeville 15146",40.425907,-79.754646,other_food_retail,Other,Chain Packaged Food Only,True,USDA_SNAP+ACHD,2025-03-11
Pronios Food Services Llc,"1055 Unity Center Rd, Pittsburgh 15239",40.478172,-79.759918,specialty_food,Specialty Store,Retail/Convenience Store,True,USDA_SNAP+ACHD,
Rocks Express,"700 Frederick St, McKees Rocks 15136",40.47134,-80.064957,convenience_limited,Convenience Store,Retail/Convenience Store,True,USDA_SNAP+ACHD,2025-04-23
Nepali Bazaar Llc,"4040 Saw Mill Run Blvd, Pittsburgh 15227",40.367764,-79.984116,full_grocery,Grocery Store,Packaged Food Only,True,USDA_SNAP+ACHD,2023-12-13
Bp Gas Station,"1001 Evergreen Ave, Pittsburgh 15209",40.490726,-79.971939,convenience_limited,Convenience Store,Chain Retail/Convenience Store,True,USDA_SNAP+ACHD,2025-03-26
7-eleven Store #40106a 40106A,"195 N Craig St, Pittsburgh 15213",40.449333,-79.951042,convenience_limited,Convenience Store,Retail/Convenience Store,True,USDA_SNAP+ACHD,2024-08-28
Z Corner Store,"520 Pittsburgh Mills Cir, Tarentum 15084",40.575214,-79.794685,convenience_limited,Convenience Store,,True,USDA_SNAP,
Save-a-lot,"725 Ross Ave, Pittsburgh 15221",40.442791,-79.884163,full_grocery,Supermarket,Chain Supermarket,True,USDA_SNAP+ACHD,2024-12-27
7-Eleven 40101,"1201 AIRPORT BLVD, PITTSBURG 15231",40.497334,-80.256706,convenience_limited,Convenience Store,,True,USDA_SNAP,
Orquidea Latin Market,"4415 Old William Penn Hwy, Monroeville 15146",40.446121,-79.763611,full_grocery,Grocery Store,Packaged Food Only,True,USDA_SNAP+ACHD,2024-05-28
Munhall Gas,"2907 Homestead Duquesne Rd, Homestead 15120",40.391281,-79.893707,other_food_retail,Convenience Store,Retail/Convenience Store,True,USDA_SNAP+ACHD,2024-11-26
Deluca's Deli & Catering,"546 Brookline Blvd, Pittsburgh 15226",40.395241,-80.022591,full_grocery,Grocery Store,Chain Bakery,True,USDA_SNAP+ACHD,2025-03-18
Kiev International Market,"4223 Murray Ave, Pittsburgh 15217",40.422344,-79.928635,other_food_retail,Other,Retail/Convenience Store,True,USDA_SNAP+ACHD,2025-07-22
Homewood Quick Pick N/A,"7201 Frankstown Ave, Pittsburgh 15208",40.457523,-79.896095,other_food_retail,Convenience Store,Retail/Convenience Store,True,USDA_SNAP+ACHD,2025-06-26
Sunoco Bellevue N/A,"4528 Ohio River Blvd, Pittsburgh 15202",40.492054,-80.061394,convenience_limited,Convenience Store,Chain Retail/Convenience Store,True,USDA_SNAP+ACHD,2025-03-17
Aldi 69048,"3995 William Penn Hwy, Monroeville 15146",40.43837,-79.772926,full_grocery,Supermarket,Chain Packaged Food Only,True,USDA_SNAP+ACHD,2024-07-23
Dhaliwal Bros LLC,"808 Liberty Ave, Pittsburgh 15222",40.44252,-79.998764,convenience_limited,Convenience Store,Retail/Convenience Store,True,USDA_SNAP+ACHD,2025-06-02
Grow Pittsburgh Farm Stands,"1000 Braddock Ave, Braddock 15104",40.399052,-79.863136,farmers_market,Farmers and Markets,,True,USDA_SNAP,
BJ's Wholesale Club 387,"6720 Northway Dr, Pittsburgh 15237",40.55138,-80.021736,full_grocery,Super Store,,True,USDA_SNAP,
Duquesne Super Mart Inc,"9 S 2nd St, Duquesne 15110",40.372902,-79.846657,convenience_limited,Convenience Store,Retail/Convenience Store,True,USDA_SNAP+ACHD,2025-07-17
Unimart,"3400 Versailles Ave, McKeesport 15132",40.34462,-79.837158,convenience_limited,Convenience Store,Chain Retail/Convenience Store,True,USDA_SNAP+ACHD,2025-03-31
Fudi Asian Mart,"5020 Centre Ave, Pittsburgh 15213",40.454197,-79.943596,full_grocery,Grocery Store,Chain Retail/Convenience Store,True,USDA_SNAP+ACHD,2025-02-26
Mt. Washington Farmers Market,"403 Grandview Ave, Pittsburgh 15211",40.434341,-80.011864,farmers_market,Farmers and Markets,,True,USDA_SNAP,
Grab N Go,"7261 Steubenville Pike, Oakdale 15071",40.442585,-80.18615,convenience_limited,Convenience Store,Retail/Convenience Store,True,USDA_SNAP+ACHD,2025-03-06
Bob Exxon,"2602 Freeport Rd, Natrona Heights 15065",40.633564,-79.713821,convenience_limited,Convenience Store,Chain Retail/Convenience Store,True,USDA_SNAP+ACHD,2024-10-11
Fresh International Market,"7511 Thomas Blvd, Pittsburgh 15208",40.449638,-79.894691,full_grocery,Supermarket,Chain Supermarket,True,USDA_SNAP+ACHD,2025-07-15
The Original Hotspot,"539 Monongahela Ave, Glassport 15045",40.326244,-79.892181,convenience_limited,Convenience Store,Retail/Convenience Store,True,USDA_SNAP+ACHD,2024-12-17
Par Mar Store 204,"901 Ohio River Blvd, Pittsburgh 15202",40.495754,-80.06646,convenience_limited,Convenience Store,Chain Retail/Convenience Store,True,USDA_SNAP+ACHD,2025-02-25
Cogos 1780,"3402 Main St, Homestead 15120",40.386532,-79.903084,convenience_limited,Convenience Store,Chain Retail/Convenience Store,True,USDA_SNAP+ACHD,2025-07-14
Momin Enterprise Llc,"3242 Brighton Rd, Pittsburgh 15212",40.476307,-80.031456,convenience_limited,Convenience Store,Retail/Convenience Store,True,USDA_SNAP+ACHD,2025-04-04
Lucky Raj Mart,"619 McGovern Blvd, Coraopolis 15108",40.545181,-80.219177,convenience_limited,Convenience Store,Packaged Food Only,True,USDA_SNAP+ACHD,2024-01-09
Quick Pizza & Hogie,"3565 Harts Run Rd, Pittsburgh 15238",40.545757,-79.902061,convenience_limited,Convenience Store,,True,USDA_SNAP,
Kuhn's Market 3,"1130 Highwood St, Pittsburgh 15212",40.468643,-80.026672,full_grocery,Supermarket,Chain Supermarket,True,USDA_SNAP+ACHD,2025-05-07
Kuhn's Market 4,"3125 Banksville Rd, Pittsburgh 15216",40.39978,-80.043343,full_grocery,Super Store,Chain Supermarket,True,USDA_SNAP+ACHD,2024-12-16
Braddock Foodmart,"529 4th St, Braddock 15104",40.407314,-79.869179,convenience_limited,Convenience Store,Retail/Convenience Store,True,USDA_SNAP+ACHD,2025-06-10
B Express Mart 2,"3518 Brownsville Rd, Pittsburgh 15227",40.374413,-79.975861,full_grocery,Grocery Store,Chain Retail/Convenience Store,True,USDA_SNAP+ACHD,2025-01-15
Mcneilly Food Mart,"580 McNeilly Rd, Pittsburgh 15226",40.383499,-80.02018,convenience_limited,Convenience Store,Chain Retail/Convenience Store,True,USDA_SNAP+ACHD,2024-12-05
Millvale Market,"524 Grant Ave, Pittsburgh 15209",40.48103,-79.974724,convenience_limited,Convenience Store,Retail/Convenience Store,True,USDA_SNAP+ACHD,2025-06-20
Giant Eagle 29,"1356 Hoffman Blvd, West Mifflin 15122",40.384293,-79.868217,full_grocery,Super Store,Chain Supermarket,True,USDA_SNAP+ACHD,2024-11-19
Ravi S Mart,"967 Liberty Ave, Pittsburgh 15222",40.443802,-79.995674,other_food_retail,Convenience Store,Retail/Convenience Store,True,USDA_SNAP+ACHD,2025-06-04
Smile Stop Llc,"2615 Liberty Way, Mckeesport 15133",40.328598,-79.856117,convenience_limited,Convenience Store,Chain Packaged Food Only,True,USDA_SNAP+ACHD,2023-10-19
Target Store T3392,"482 Smithfield St, Pittsburgh 15219",40.439861,-79.998718,full_grocery,Super Store,Chain Packaged Food Only,True,USDA_SNAP+ACHD,2025-07-03
Sunoco Pittsburgh,"900 Butler St, Pittsburgh 15223",40.511627,-79.946655,convenience_limited,Convenience Store,Chain Retail/Convenience Store,True,USDA_SNAP+ACHD,2025-04-23
Par Mar Store 203,"899 Freeport Rd, Creighton 15030",40.582066,-79.778885,convenience_limited,Convenience Store,Chain Retail/Convenience Store,True,USDA_SNAP+ACHD,2024-10-10
Baldwin Indo Grocery,"5403 Clairton Blvd, Pittsburgh 15236",40.343071,-79.968338,full_grocery,Grocery Store,Retail/Convenience Store,True,USDA_SNAP+ACHD,2024-08-14
Svs Desi Bazaar,"6521 Robinson Center Dr, Pittsburgh 15205",40.455456,-80.162018,convenience_limited,Convenience Store,Retail/Convenience Store,True,USDA_SNAP+ACHD,2025-04-04
Gurbani LLC,"544 North Ave, Millvale 15209",40.485039,-79.972786,convenience_limited,Convenience Store,Retail/Convenience Store,True,USDA_SNAP+ACHD,2024-10-30
Dc Foodmart,"929 Union Ave, McKeesport 15132",40.346779,-79.854538,convenience_limited,Convenience Store,Retail/Convenience Store,True,USDA_SNAP+ACHD,2024-01-29
Giant Penn 912,"103 E 22nd Ave, Homestead 15120",40.397713,-79.902771,convenience_limited,Convenience Store,Chain Retail/Convenience Store,True,USDA_SNAP+ACHD,2024-11-20
7-Eleven Store 36188,"4775 Mcknight Rd, Pittsburgh 15237",40.521473,-80.005562,convenience_limited,Convenience Store,Chain Retail/Convenience Store,True,USDA_SNAP+ACHD,2025-07-22
Arlington Mart Llc,"2208 Arlington Ave, Pittsburgh 15210",40.417149,-79.975533,convenience_limited,Convenience Store,Retail/Convenience Store,True,USDA_SNAP+ACHD,2024-08-14
Olympia Shop N Save,"4313 Walnut St, McKeesport 15132",40.322071,-79.833015,full_grocery,Supermarket,,True,USDA_SNAP,
Dravosburg Mini Mart,"209 3rd St, Dravosburg 15034",40.349098,-79.891602,other_food_retail,Convenience Store,Retail/Convenience Store,True,USDA_SNAP+ACHD,2024-09-16
A & E Deli,"105 Brownsville Rd, Pittsburgh 15210",40.417347,-79.986526,convenience_limited,Convenience Store,Retail/Convenience Store,True,USDA_SNAP+ACHD,2025-06-05
ALDI 60025 60025,"114 Chartiers Ave, McKees Rocks 15136",40.463543,-80.056862,full_grocery,Supermarket,,True,USDA_SNAP,
51 Express Mart,"5150 Clairton Blvd, Pittsburgh 15236",40.343929,-79.97197,full_grocery,Grocery Store,Retail/Convenience Store,True,USDA_SNAP+ACHD,2025-02-05
Giant 914,"2619 Wexford Bayne Rd, Sewickley 15143",40.615261,-80.09903,convenience_limited,Convenience Store,,True,USDA_SNAP,
Giant Eagle 69,"9001 Frankstown Rd, Pittsburgh 15235",40.462677,-79.865265,full_grocery,Super Store,Chain Supermarket,True,USDA_SNAP+ACHD,2024-09-18
Dollar General 23440,"201 Starr Rd, Russellton 15076",40.617573,-79.834961,other_food_retail,Other,Chain Packaged Food Only,True,USDA_SNAP+ACHD,2025-01-30
GetGo 3705,"410 Chestnut St, Carnegie 15106",40.409344,-80.082344,other_food_retail,Convenience Store,Chain Packaged Food Only,True,USDA_SNAP+ACHD,2025-01-13
GetGo 3489,"2401 Ferguson Rd, Allison Park 15101",40.555656,-79.971382,convenience_limited,Convenience Store,Chain Retail/Convenience Store,True,USDA_SNAP+ACHD,2024-12-31
GetGo 3641,"3029 Washington Pike, Bridgeville 15017",40.353016,-80.114136,convenience_limited,Convenience Store,Chain Retail/Convenience Store,True,USDA_SNAP+ACHD,2024-10-21
GetGo 3137,"8A Quaker Vlg Shpg Ctr, Leetsdale 15056",40.558773,-80.204765,convenience_limited,Convenience Store,Chain Retail/Convenience Store,True,USDA_SNAP+ACHD,2024-10-30
GetGo 3064,"4924 Baum Blvd, Pittsburgh 15213",40.454578,-79.945808,convenience_limited,Convenience Store,Chain Retail/Convenience Store,True,USDA_SNAP+ACHD,2025-05-12
Giant Eagle 45,"9805 McKnight Rd, Pittsburgh 15237",40.584927,-80.040855,full_grocery,Super Store,Chain Packaged Food Only,True,USDA_SNAP+ACHD,2024-08-23
Giant Eagle 67,"8080 McIntyre Sq Dr, PITTSBURGH 15237",40.556938,-80.018425,full_grocery,Super Store,,True,USDA_SNAP,
Mariam Supermarket Inc 1,"413 Commerce St, Wilmerding 15148",40.392788,-79.80912,other_food_retail,Convenience Store,Packaged Food Only,True,USDA_SNAP+ACHD,2025-06-05
Bethel Park Farmers' Market,"30 Corrigan Dr, Bethel Park 15102",40.327065,-80.018402,farmers_market,Farmers and Markets,,True,USDA_SNAP,
Target Store 1270,"1717 Lebanon Church Rd, Pittsburgh 15236",40.34779,-79.95163,full_grocery,Super Store,,True,USDA_SNAP,
K & D LLC,"105 Seminary Ave, Oakdale 15071",40.396637,-80.183594,convenience_limited,Convenience Store,,True,USDA_SNAP,
Dukes Shaler Sunoco,"1329 Babcock Blvd, Pittsburgh 15209",40.495773,-79.976852,convenience_limited,Convenience Store,Chain Retail/Convenience Store,True,USDA_SNAP+ACHD,2025-01-31
Uni-Mart,"298 Knoedler Rd, Pittsburgh 15236",40.341736,-79.981544,convenience_limited,Convenience Store,Chain Retail/Convenience Store,True,USDA_SNAP+ACHD,2024-02-26
GetGo 3038,"5801 Forward Ave, Pittsburgh 15217",40.429985,-79.923187,convenience_limited,Convenience Store,Chain Retail/Convenience Store,True,USDA_SNAP+ACHD,2024-12-17
Kuhn s Market,"700 Beulah Rd, Turtle Creek 15145",40.426727,-79.835388,full_grocery,Super Store,Chain Supermarket,True,USDA_SNAP+ACHD,2025-05-02
J L Kennedy Meat Stand,"344 N Sheridan Ave, Pittsburgh 15206",40.464432,-79.921524,specialty_food,Specialty Store,Retail/Convenience Store,True,USDA_SNAP+ACHD,2024-10-12
Dollar General 31874,"109 Allegheny River Blvd, Oakmont 15139",40.512653,-79.842865,other_food_retail,Other,,True,USDA_SNAP,
Brookline Sunoco,"533 Brookline Blvd, Pittsburgh 15226",40.395721,-80.022652,convenience_limited,Convenience Store,Chain Retail/Convenience Store,True,USDA_SNAP+ACHD,2024-10-07
4TH E wood Market,"245 4th Ave, Pittsburgh 15222",40.439518,-80.001625,other_food_retail,Convenience Store,Packaged Food Only,True,USDA_SNAP+ACHD,2025-03-03
Wilkins Shop N Save,"3335 William Penn Hwy, Pittsburgh 15235",40.432346,-79.817902,full_grocery,Super Store,Chain Supermarket,True,USDA_SNAP+ACHD,2025-02-20
GetGo 3379,"430 E Waterfront Dr, Homestead 15120",40.41243,-79.908882,convenience_limited,Convenience Store,Chain Retail/Convenience Store,True,USDA_SNAP+ACHD,2024-10-04
Abes Market,"1860 Centre Ave, Pittsburgh 15219",40.44278,-79.980812,convenience_limited,Convenience Store,Retail/Convenience Store,True,USDA_SNAP+ACHD,2025-05-08
White Oak Giant Eagle,"2001 Lincoln Way, White Oak 15131",40.337402,-79.80867,full_grocery,Super Store,,True,USDA_SNAP,
Djs Quick Stop,"345 Route 30, Clinton 15026",40.497066,-80.362083,convenience_limited,Convenience Store,,True,USDA_SNAP,
Us Gas,"4215 Ohio River Blvd, Pittsburgh 15202",40.487545,-80.056,other_food_retail,Convenience Store,Packaged Food Only,True,USDA_SNAP+ACHD,2024-02-20
Mega Deli,"995 Greensburg Pike, East Pittsburgh 15112",40.416763,-79.839432,convenience_limited,Convenience Store,Retail/Convenience Store,True,USDA_SNAP+ACHD,2025-05-13
Dollar General 24733,"3582 Saxonburg Rd, Natrona Heights 15065",40.666954,-79.72966,other_food_retail,Other,Chain Retail/Convenience Store,True,USDA_SNAP+ACHD,2024-12-11
Triangle Convenience Store 1,"101 Amanda Ave, Pittsburgh 15210",40.414539,-79.988243,other_food_retail,Convenience Store,Retail/Convenience Store,True,USDA_SNAP+ACHD,2025-03-14
Giant Eagle 72,"910 Freeport Rd, Pittsburgh 15238",40.488525,-79.892212,full_grocery,Super Store,,True,USDA_SNAP,
GetGo 3043,"140 Towne Centre Blvd, Wexford 15090",40.631508,-80.055733,convenience_limited,Convenience Store,Chain Retail/Convenience Store,True,USDA_SNAP+ACHD,2024-10-08
GetGo 3060,"4000 Monroeville Blvd, Monroeville 15146",40.435406,-79.772583,convenience_limited,Convenience Store,Chain Retail/Convenience Store,True,USDA_SNAP+ACHD,2024-10-17
Giant Eagle 2,"1800 McKees Rocks Rd, MC Kees Rocks 15136",40.467796,-80.097649,full_grocery,Super Store,Chain Supermarket,True,USDA_SNAP+ACHD,2024-06-19
Giant Eagle 47,"100 Settlers Ridge Center Dr, Pittsburgh 15205",40.441647,-80.151352,full_grocery,Super Store,Chain Supermarket,True,USDA_SNAP+ACHD,2025-03-10
N And S 1 LLC,"3112 Chartiers Ave, Pittsburgh 15204",40.453705,-80.061562,convenience_limited,Convenience Store,Packaged Food Only,True,USDA_SNAP+ACHD,2025-03-04
News Corner,"A15 Monroeville Mall, Monroeville 15146",40.43264,-79.795464,convenience_limited,Convenience Store,,True,USDA_SNAP,
GetGo 3399,"317 Old Haymaker Rd, Monroeville 15146",40.445229,-79.759781,convenience_limited,Convenience Store,Chain Retail/Convenience Store,True,USDA_SNAP+ACHD,2024-10-11
Lincoln Mini Mart Inc,"1403 Lincoln Avenue, Pittsburgh 15206",40.468136,-79.896988,other_food_retail,Convenience Store,Chain Retail/Convenience Store,True,USDA_SNAP+ACHD,2023-02-23
Juba Grocery Store Llc,"2721 Brownsville Rd, Pittsburgh 15227",40.383789,-79.977356,full_grocery,Grocery Store,Packaged Food Only,True,USDA_SNAP+ACHD,2024-04-15
GetGo 3107,"4000 Butler St, Pittsburgh 15201",40.468689,-79.961678,convenience_limited,Convenience Store,,True,USDA_SNAP,
Bryant Street Market,"5901 Bryant Street, Pittsburgh 15206",40.475685,-79.919601,full_grocery,Grocery Store,Retail/Convenience Store,True,USDA_SNAP+ACHD,2025-04-28
Stop & Shop Convenience,"2110 Ardmore Blvd, Pittsburgh 15221",40.419338,-79.849854,convenience_limited,Convenience Store,Retail/Convenience Store,True,USDA_SNAP+ACHD,2025-07-21
GetGo 3280,"1700 William Flynn Hwy, Glenshaw 15116",40.538128,-79.961708,convenience_limited,Convenience Store,Chain Retail/Convenience Store,True,USDA_SNAP+ACHD,2024-12-18
GetGo 3117,"117 S 18th St, Pittsburgh 15203",40.427551,-79.980347,convenience_limited,Convenience Store,Chain Retail/Convenience Store,True,USDA_SNAP+ACHD,2025-01-14
ALDI 80002 80002,"6290 Northway Dr, Pittsburgh 15237",40.551971,-80.023262,full_grocery,Supermarket,,True,USDA_SNAP,
GetGo 3003,"3247 E Carson St, Pittsburgh 15203",40.423176,-79.960098,convenience_limited,Convenience Store,Chain Retail/Convenience Store,True,USDA_SNAP+ACHD,2025-07-18
Marathon,"710 W 5th Ave, Mckeesport 15132",40.346626,-79.880852,convenience_limited,Convenience Store,Chain Retail/Convenience Store,True,USDA_SNAP+ACHD,2024-05-06
The Elliotts Town Market,"928 Chartiers Ave, Pittsburgh 15220",40.443832,-80.040421,convenience_limited,Convenience Store,Retail/Convenience Store,True,USDA_SNAP+ACHD,2025-02-06
DollarTree 9506,"4900 Library Rd, Bethel Park 15102",40.345737,-80.027855,other_food_retail,Other,Retail/Convenience Store,True,USDA_SNAP+ACHD,2025-04-28
Leonard Labriola's Italian Store,"112 Northgate Dr, Warrendale 15086",40.650532,-80.078217,full_grocery,Supermarket,Chain Supermarket,True,USDA_SNAP+ACHD,2024-11-20
GetGo 3616,"3601 Saw Mill Run Blvd, Pittsburgh 15227",40.372204,-79.981277,convenience_limited,Convenience Store,Chain Retail/Convenience Store,True,USDA_SNAP+ACHD,2024-11-19
Uni-Mart,"830 Allegheny River Blvd, Oakmont 15139",40.524696,-79.840996,convenience_limited,Convenience Store,Chain Retail/Convenience Store,True,USDA_SNAP+ACHD,2025-02-06
Bhangal Llc,"1003 Freeport Rd, Cheswick 15024",40.540619,-79.814148,convenience_limited,Convenience Store,Chain Retail/Convenience Store,True,USDA_SNAP+ACHD,2024-10-23
Babcock Sunoco,"3278 Babcock Blvd, Pittsburgh 15237",40.530476,-80.017662,other_food_retail,Convenience Store,Chain Packaged Food Only,True,USDA_SNAP+ACHD,2024-09-27
Brookline Minimartt,"1001 Brookline Blvd, Pittsburgh 15226",40.392315,-80.017296,convenience_limited,Convenience Store,Chain Retail/Convenience Store,True,USDA_SNAP+ACHD,2024-07-31
Cousins Market,"1694 Laketon Rd, Pittsburgh 15221",40.449059,-79.867775,other_food_retail,Convenience Store,Packaged Food Only,True,USDA_SNAP+ACHD,2024-03-13
KUHNS MARKET,"4801 McKnight Rd, Pittsburgh 15237",40.528229,-80.007042,full_grocery,Super Store,,True,USDA_SNAP,
GetGo 3130,"1636 Cochran Rd, Pittsburgh 15220",40.39185,-80.060623,convenience_limited,Convenience Store,Chain Retail/Convenience Store,True,USDA_SNAP+ACHD,2024-12-03
Kum & Go,"262 5th Ave, Pittsburgh 15222",40.440674,-80.00061,convenience_limited,Convenience Store,Chain Packaged Food Only,True,USDA_SNAP+ACHD,
Clairton Mini Mart Inc,"540 Saint Clair Ave, Clairton 15025",40.293232,-79.887077,convenience_limited,Convenience Store,Retail/Convenience Store,True,USDA_SNAP+ACHD,2024-08-26
GetGo 3147,"1599 S Braddock Ave, Pittsburgh 15218",40.427235,-79.889305,convenience_limited,Convenience Store,Chain Retail/Convenience Store,True,USDA_SNAP+ACHD,2024-10-24
Fishes And Loaves Cooperative Ministries,"131 E Elizabeth St, Pittsburgh 15207",40.407532,-79.941986,farmers_market,Farmers and Markets,,True,USDA_SNAP,
ROCHESTER ROAD SHOP AND SAVE,"184 Rochester Rd, West View 15229",40.520245,-80.018051,full_grocery,Super Store,Chain Supermarket,True,USDA_SNAP+ACHD,2024-11-05
Tarentum Mini Mart,"331 E 6th Ave, Tarentum 15084",40.603249,-79.752762,convenience_limited,Convenience Store,,True,USDA_SNAP,
Hamro Llc,"4994 Library Rd, Bethel Park 15102",40.342625,-80.027107,full_grocery,Grocery Store,,True,USDA_SNAP,
Grab N Go,"1010 Clifton Rd, Bethel Park 15102",40.297604,-80.045807,convenience_limited,Convenience Store,Chain Retail/Convenience Store,True,USDA_SNAP+ACHD,2025-04-28
Red Wolf Trading,"2168 Centre Ave, Pittsburgh 15219",40.445141,-79.976547,convenience_limited,Convenience Store,Retail/Convenience Store,True,USDA_SNAP+ACHD,2024-01-25
Shop N Go One,"6001 Buttermilk Hollow Rd, Pittsburgh 15207",40.362659,-79.907257,convenience_limited,Convenience Store,Chain Retail/Convenience Store,True,USDA_SNAP+ACHD,2025-03-20
GetGo 3691,"4099 Grandview Dr, Gibsonia 15044",40.642937,-79.938026,convenience_limited,Convenience Store,Chain Retail/Convenience Store,True,USDA_SNAP+ACHD,2024-10-18
7- Eleven - F 119,"22 Grant Ave, Pittsburgh 15223",40.503883,-79.948753,convenience_limited,Convenience Store,Chain Retail/Convenience Store,True,USDA_SNAP+ACHD,2025-04-22
Sitaram Oil Corporation,"2000 S Braddock Ave, Pittsburgh 15218",40.422035,-79.88588,convenience_limited,Convenience Store,Chain Retail/Convenience Store,True,USDA_SNAP+ACHD,2025-06-16
GLENSHAW SHOP N SAVE,"917 Butler St, Pittsburgh 15223",40.511402,-79.949158,full_grocery,Super Store,Chain Supermarket,True,USDA_SNAP+ACHD,2025-07-30
Rojels Foods LLC/ Bethel Park Shop N Save,"5001 Library Road, Bethel Park 15102",40.342155,-80.025978,full_grocery,Super Store,,True,USDA_SNAP,
ALDI 74060 74060,"2348 Ardmore Blvd, Pittsburgh 15221",40.416534,-79.848167,full_grocery,Supermarket,Chain Packaged Food Only,True,USDA_SNAP+ACHD,2024-12-26
South Park Xpress,"4114 Brownsville Rd, South Park 15129",40.286903,-80.021744,full_grocery,Grocery Store,Packaged Food Only,True,USDA_SNAP+ACHD,2024-12-11
IMPERIAL SHOP N SAVE,"600 Market Place Dr, Oakdale 15071",40.440228,-80.241295,full_grocery,Supermarket,Chain Supermarket,True,USDA_SNAP+ACHD,2025-03-13
GetGo 3667,"1820 Lincoln Hwy, North Versailles 15137",40.367817,-79.781219,convenience_limited,Convenience Store,Chain Retail/Convenience Store,True,USDA_SNAP+ACHD,2024-12-02
GetGo 3023,"1250 Chartiers Ave, MC Kees Rocks 15136",40.465538,-80.073631,convenience_limited,Convenience Store,Chain Retail/Convenience Store,True,USDA_SNAP+ACHD,2024-10-17
GetGo 3650,"4900 Steubenville Pike, Pittsburgh 15205",40.449608,-80.106415,convenience_limited,Convenience Store,Chain Retail/Convenience Store,True,USDA_SNAP+ACHD,2024-10-16
GetGo 3057,"6513 Steubenville Pike, Pittsburgh 15205",40.447365,-80.162834,other_food_retail,Convenience Store,Chain Packaged Food Only,True,USDA_SNAP+ACHD,2024-11-15
Uni Mart,"2321 Worton Blvd, West Mifflin 15122",40.360252,-79.87178,convenience_limited,Convenience Store,Chain Retail/Convenience Store,True,USDA_SNAP+ACHD,2025-05-08
United Brother Llc,"1761 Pine Hollow Rd, McKees Rocks 15136",40.475693,-80.100464,convenience_limited,Convenience Store,Retail/Convenience Store,True,USDA_SNAP+ACHD,2025-06-04
7-Eleven 36143B,"601 Penn Ave, Pittsburgh 15222",40.443115,-80.001999,convenience_limited,Convenience Store,Chain Retail/Convenience Store,True,USDA_SNAP+ACHD,2025-03-06
South Park Sunoco,"5660 Brownsville Rd, Pittsburgh 15236",40.330643,-79.987984,convenience_limited,Convenience Store,Chain Retail/Convenience Store,True,USDA_SNAP+ACHD,2025-04-08
Cogos1784,"1530 Potomac Ave, Pittsburgh 15216",40.39732,-80.035736,convenience_limited,Convenience Store,,True,USDA_SNAP,
GetGo 3005,"998 Hayden Blvd, Elizabeth 15037",40.264595,-79.878822,other_food_retail,Convenience Store,Chain Packaged Food Only,True,USDA_SNAP+ACHD,2025-05-12
GetGo 3109,"436 Lincoln Hwy, East MC Keesport 15035",40.380581,-79.811539,convenience_limited,Convenience Store,Chain Retail/Convenience Store,True,USDA_SNAP+ACHD,2024-12-18
Bridgeville Giant Eagle 1241,"1025 Washington Pike, Bridgeville 15017",40.364407,-80.110413,full_grocery,Super Store,,True,USDA_SNAP,
Tigermart Exxon,"5700 Homeville Rd, West Mifflin 15122",40.36628,-79.87162,convenience_limited,Convenience Store,Chain Retail/Convenience Store,True,USDA_SNAP+ACHD,2024-09-13
7-Eleven Store 2701 36124B,"1400 Radford Rd, Pittsburgh 15227",40.36401,-79.967728,convenience_limited,Convenience Store,Chain Retail/Convenience Store,True,USDA_SNAP+ACHD,2025-03-03
Harvest On Main,"808 Main St, Pittsburgh 15215",40.494827,-79.934189,convenience_limited,Convenience Store,,True,USDA_SNAP,
Many More Asian Market,"3050 Smallman St, Pittsburgh 15201",40.460068,-79.972733,full_grocery,Grocery Store,Supermarket,True,USDA_SNAP+ACHD,2025-04-08
Giant Eagle 60,"4010 Monroeville Blvd, Monroeville 15146",40.432102,-79.772667,full_grocery,Super Store,Chain Supermarket,True,USDA_SNAP+ACHD,2025-03-03
Dollar General 24234,"1225 Chartiers Ave, McKees Rocks 15136",40.464703,-80.071632,other_food_retail,Other,Chain Retail/Convenience Store,True,USDA_SNAP+ACHD,2025-07-02
7-eleven Store 2701 36185A,"2269 Noblestown Rd, Pittsburgh 15205",40.4282,-80.05352,convenience_limited,Convenience Store,Chain Retail/Convenience Store,True,USDA_SNAP+ACHD,2025-04-01
Keystone Mini Mart Inc,"932 Penn Ave, Turtle Creek 15145",40.404022,-79.824615,convenience_limited,Convenience Store,Retail/Convenience Store,True,USDA_SNAP+ACHD,2025-04-21
Steel Vape And Mart Inc,"2961 W Liberty Ave, Pittsburgh 15216",40.393684,-80.035423,convenience_limited,Convenience Store,Retail/Convenience Store,True,USDA_SNAP+ACHD,2021-11-03
Cogo's 1493,"620 Lincoln Ave, Bellevue 15202",40.497578,-80.058922,convenience_limited,Convenience Store,Chain Retail/Convenience Store,True,USDA_SNAP+ACHD,2025-05-22
GetGo 3172,"1081 Freeport Rd, Pittsburgh 15238",40.487926,-79.883728,convenience_limited,Convenience Store,Chain Retail/Convenience Store,True,USDA_SNAP+ACHD,2024-10-09
Fueland 228,"1927 Brownsville Rd, Pittsburgh 15210",40.395298,-79.986801,convenience_limited,Convenience Store,Chain Retail/Convenience Store,True,USDA_SNAP+ACHD,2025-05-29
7-eleven Inc F 36193A,"999 Greentree Rd, Pittsburgh 15220",40.416752,-80.044968,convenience_limited,Convenience Store,Chain Retail/Convenience Store,True,USDA_SNAP+ACHD,2024-10-21
7-eleven Store 2701 36191A,"8136 Ohio River Blvd, Pittsburgh 15202",40.510258,-80.094368,convenience_limited,Convenience Store,Chain Retail/Convenience Store,True,USDA_SNAP+ACHD,2025-06-26
Blue Nile Mini Mart Inc,"2152 Wylie Ave, Pittsburgh 15219",40.445515,-79.977455,convenience_limited,Convenience Store,Retail/Convenience Store,True,USDA_SNAP+ACHD,2024-09-25
Pines Plaza Shop-n-save 21-1325,"1130 Perry Hwy, Pittsburgh 15237",40.547703,-80.03672,full_grocery,Supermarket,,True,USDA_SNAP,
Gulf Bridgeville,"449 Railroad St, Bridgeville 15017",40.357914,-80.110336,convenience_limited,Convenience Store,Chain Retail/Convenience Store,True,USDA_SNAP+ACHD,2025-06-06
Rossi's Market,"64 Forest Grove Rd, Coraopolis 15108",40.481182,-80.130737,convenience_limited,Convenience Store,Retail/Convenience Store,True,USDA_SNAP+ACHD,2025-05-15
Swissvale Farmers Market NAFNMP,"7301 Schoyer Ave, Pittsburgh 15218",40.423512,-79.893562,farmers_market,Farmers and Markets,,True,USDA_SNAP,
Giant Penn 909,"5738 Smithfield St, McKeesport 15135",40.311047,-79.824821,convenience_limited,Convenience Store,Chain Retail/Convenience Store,True,USDA_SNAP+ACHD,2025-04-11
Ak&Ak United Inc dba Ak Schwartz Market,"1901 5th Ave, Pittsburgh 15219",40.438339,-79.979271,full_grocery,Convenience Store,Retail/Convenience Store,True,USDA_SNAP+ACHD,2024-02-23
Giant Eagle 43,"155 Towne Centre Dr, Wexford 15090",40.631577,-80.05455,full_grocery,Super Store,Chain Supermarket,True,USDA_SNAP+ACHD,2025-01-10
Giant Eagle 64,"3812 Oneil Blvd, McKeesport 15132",40.347309,-79.831345,full_grocery,Super Store,Chain Supermarket,True,USDA_SNAP+ACHD,2023-05-02
Sisters Grocery,"2950 Brownsville Rd, Pittsburgh 15227",40.381481,-79.976547,convenience_limited,Convenience Store,Retail/Convenience Store,True,USDA_SNAP+ACHD,2025-04-23
GetGo 3106,"408 Penn Ave, Pittsburgh 15221",40.444904,-79.889297,convenience_limited,Convenience Store,Chain Retail/Convenience Store,True,USDA_SNAP+ACHD,2025-02-05
Sj Retail Services Llc,"1704 Pennsylvania Ave, West Mifflin 15122",40.362118,-79.859055,convenience_limited,Convenience Store,,True,USDA_SNAP,
Grandview Store,"1902 Grandview Ave, McKeesport 15132",40.340019,-79.83699,convenience_limited,Convenience Store,,True,USDA_SNAP,
Come-N-Go,"2003 S Braddock Ave, Pittsburgh 15218",40.422104,-79.885483,convenience_limited,Convenience Store,Retail/Convenience Store,True,USDA_SNAP+ACHD,2025-07-25
Lampert's Market,"2010 Eden Park Blvd, McKeesport 15132",40.342628,-79.829147,convenience_limited,Convenience Store,Supermarket,True,USDA_SNAP+ACHD,2025-03-31
The Fresh Market 266,"5880 Centre Ave, Pittsburgh 15206",40.458466,-79.928978,full_grocery,Supermarket,,True,USDA_SNAP,
7-eleven Store 2701 36186A,"3915 William Flynn Hwy, Allison Park 15101",40.559368,-79.959244,convenience_limited,Convenience Store,Chain Retail/Convenience Store,True,USDA_SNAP+ACHD,2025-04-23
819 Liberty LLC,"819 Liberty Ave, Pittsburgh 15222",40.443108,-79.998344,convenience_limited,Convenience Store,,True,USDA_SNAP,
Super Stop Convenience Store Inc.,"430 Kenmawr Ave, Rankin 15104",40.411827,-79.876274,convenience_limited,Convenience Store,Retail/Convenience Store,True,USDA_SNAP+ACHD,2025-03-04
Las Palmas Iga 2,"1616 Broadway Ave, Pittsburgh 15216",40.410118,-80.02478,full_grocery,Grocery Store,Chain Supermarket,True,USDA_SNAP+ACHD,2025-07-23
K & Z LLC,"101 Fern Hollow Rd, Coraopolis 15108",40.520992,-80.192963,convenience_limited,Convenience Store,Chain Retail/Convenience Store,True,USDA_SNAP+ACHD,2025-05-19
Dollar General 31781,"1211 Chartiers Ave, Pittsburgh 15220",40.445492,-80.043228,other_food_retail,Other,,True,USDA_SNAP,
Braddock Avenue Express,"1101 S Braddock Ave, Pittsburgh 15218",40.432709,-79.893913,other_food_retail,Convenience Store,Packaged Food Only,True,USDA_SNAP+ACHD,2025-06-17
Heidelberg Shop N Save,"2100 Washington Pike, Carnegie 15106",40.386105,-80.092674,full_grocery,Super Store,Chain Supermarket,True,USDA_SNAP+ACHD,2024-11-22
CASTLE SHANNON SHOP N SAVE,"799 Castle Shannon Blvd, Pittsburgh 15234",40.368637,-80.028931,full_grocery,Super Store,Chain Supermarket,True,USDA_SNAP+ACHD,2024-10-24
Bloomfield Bp,"4006 Liberty Ave, Pittsburgh 15224",40.462864,-79.956894,convenience_limited,Convenience Store,Chain Retail/Convenience Store,True,USDA_SNAP+ACHD,2025-01-29
Giant Eagle 1619,"1705 S Braddock Ave, Pittsburgh 15218",40.425644,-79.886856,full_grocery,Super Store,Chain Supermarket,True,USDA_SNAP+ACHD,2025-02-13
Bailie Food Mart,"2316 Bailey Ave, McKeesport 15132",40.341343,-79.848839,convenience_limited,Convenience Store,Retail/Convenience Store,True,USDA_SNAP+ACHD,2025-02-03
7-eleven Store 2701 36183A,"209 Ohio River Blvd, Sewickley 15143",40.544964,-80.193504,convenience_limited,Convenience Store,Chain Retail/Convenience Store,True,USDA_SNAP+ACHD,2025-06-20
Quality Foods Corp - DBA/ Kuhn's Market 5 5,"2413 Ferguson Rd, Allison Park 15101",40.555687,-79.971794,full_grocery,Super Store,,True,USDA_SNAP,
BP To Go,"1600 S Braddock Ave, Pittsburgh 15218",40.427029,-79.89061,convenience_limited,Convenience Store,Chain Retail/Convenience Store,True,USDA_SNAP+ACHD,2025-02-05
Century Square Shop N Save,"2381 Mountain View Dr, West Mifflin 15122",40.346218,-79.943558,full_grocery,Super Store,,True,USDA_SNAP,
Elizabeth Pharmacy Inc.,"5041 2nd Ave, Pittsburgh 15207",40.4072,-79.943268,other_food_retail,Convenience Store,Packaged Food Only,True,USDA_SNAP+ACHD,2024-06-04
7-eleven Store 36159A,"1350 Wildwood Rd, Gibsonia 15044",40.594669,-79.994194,convenience_limited,Convenience Store,Chain Retail/Convenience Store,True,USDA_SNAP+ACHD,2025-07-08
Strip District Meats,"2121 Penn Ave, Pittsburgh 15222",40.452065,-79.98262,full_grocery,Super Store,,True,USDA_SNAP,
Marathon,"956 Greentree Rd, Pittsburgh 15220",40.419632,-80.046539,convenience_limited,Convenience Store,Chain Retail/Convenience Store,True,USDA_SNAP+ACHD,2025-05-27
Gibsonia Giant Eagle 1291,"400 Northtowne Sq, Gibsonia 15044",40.636471,-79.941765,full_grocery,Super Store,Chain Supermarket,True,USDA_SNAP+ACHD,2025-06-06
LNC Duquesne 17,"818 Duquesne Blvd, Duquesne 15110",40.382771,-79.85675,convenience_limited,Convenience Store,Chain Retail/Convenience Store,True,USDA_SNAP+ACHD,2025-04-14
Miami Market Inc. 1,"646 Herron Ave, Pittsburgh 15219",40.452477,-79.964241,other_food_retail,Convenience Store,Packaged Food Only,True,USDA_SNAP+ACHD,2025-04-29
Mckees Mart,"713 Chartiers Ave, McKees Rocks 15136",40.465519,-80.062103,convenience_limited,Convenience Store,Retail/Convenience Store,True,USDA_SNAP+ACHD,2024-08-13
Hook's Market,"11632 Frankstown Rd, Pittsburgh 15235",40.465096,-79.827499,other_food_retail,Convenience Store,Packaged Food Only,True,USDA_SNAP+ACHD,2024-02-27
Balaji Holdings Inc,"509 E Ohio St, Pittsburgh 15212",40.453377,-80.000153,convenience_limited,Convenience Store,Chain Bakery,True,USDA_SNAP+ACHD,
Sheetz 852,"5800 Grand Ave, Pittsburgh 15225",40.513111,-80.133217,convenience_limited,Convenience Store,Chain Retail/Convenience Store,True,USDA_SNAP+ACHD,2024-10-31
Sheetz 253,"251 Curry Hollow Rd, Pittsburgh 15236",40.336151,-79.970589,convenience_limited,Convenience Store,Chain Retail/Convenience Store,True,USDA_SNAP+ACHD,2025-04-29
LNC BP 18,"4311 Steubenville Pike, Pittsburgh 15205",40.440079,-80.093178,convenience_limited,Convenience Store,Chain Retail/Convenience Store,True,USDA_SNAP+ACHD,2025-03-13
Marathon,"6680 Frankstown Ave, Pittsburgh 15206",40.458553,-79.908569,convenience_limited,Convenience Store,Chain Retail/Convenience Store,True,USDA_SNAP+ACHD,2024-11-27
Right Market On Penn Inc,"1028 Penn Ave, Wilkinsburg 15221",40.44136,-79.87838,other_food_retail,Convenience Store,Packaged Food Only,True,USDA_SNAP+ACHD,2024-09-26
G's Mini Mart Corp,"200 3rd St, Carnegie 15106",40.403587,-80.089882,convenience_limited,Convenience Store,Retail/Convenience Store,True,USDA_SNAP+ACHD,2025-04-28
Giant Penn 905,"3800 Walnut St, McKeesport 15132",40.325531,-79.839729,convenience_limited,Convenience Store,Chain Retail/Convenience Store,True,USDA_SNAP+ACHD,2024-08-12
Baldwin Sunoco,"2929 Churchview Ave, Pittsburgh 15227",40.385384,-79.973122,convenience_limited,Convenience Store,Chain Retail/Convenience Store,True,USDA_SNAP+ACHD,2024-02-29
New Road Nepali-Indo-Mart 1,"2300 Noblestown Rd, Pittsburgh 15205",40.427837,-80.054321,full_grocery,Grocery Store,Retail/Convenience Store,True,USDA_SNAP+ACHD,2024-08-06
Rim Market,"641 Broadway Ave, MC Kees Rocks 15136",40.471638,-80.072624,convenience_limited,Convenience Store,Retail/Convenience Store,True,USDA_SNAP+ACHD,2025-04-18
White Oak Giant Eagle 1220,"2001 Lincoln Way, Allegheny 15131",40.335518,-79.804024,full_grocery,Super Store,,True,USDA_SNAP,
Giant Penn 917,"4100 Grandview Dr, Gibsonia 15044",40.641617,-79.937874,convenience_limited,Convenience Store,Chain Retail/Convenience Store,True,USDA_SNAP+ACHD,2025-03-26
ANN'S MARKET,"2316 Webster Ave, Pittsburgh 15219",40.448425,-79.975273,convenience_limited,Convenience Store,Retail/Convenience Store,True,USDA_SNAP+ACHD,2025-05-05
Giant 920 920,"940 Sheraton Dr, Mars 16046",40.673065,-80.097504,convenience_limited,Convenience Store,Chain Retail/Convenience Store,True,USDA_SNAP+ACHD,2024-12-23
Homies Smoke Plus Inc,"1006 Lincoln Ave, Pittsburgh 15206",40.463871,-79.901558,other_food_retail,Convenience Store,Packaged Food Only,True,USDA_SNAP+ACHD,2024-10-17
Dollar General 25849,"3011 Liberty Way, McKeesport 15133",40.324711,-79.85627,other_food_retail,Other,Retail/Convenience Store,True,USDA_SNAP+ACHD,2025-03-13
Asian Grocery,"300 Mount Lebanon Blvd, Pittsburgh 15234",40.368683,-80.034859,full_grocery,Grocery Store,Supermarket,True,USDA_SNAP+ACHD,2025-01-28
Perry Market,"2601 Perrysville Ave, Pittsburgh 15214",40.471069,-80.008896,other_food_retail,Convenience Store,Packaged Food Only,True,USDA_SNAP+ACHD,2025-05-02
Riverside Sunoco,"336 Monongahela Ave, Glassport 15045",40.329426,-79.892815,other_food_retail,Convenience Store,Packaged Food Only,True,USDA_SNAP+ACHD,2025-07-25
7-eleven Store #36128b,"6403 Brownsville Rd, Pittsburgh 15236",40.321873,-79.994728,convenience_limited,Convenience Store,Chain Retail/Convenience Store,True,USDA_SNAP+ACHD,2024-10-02
Shashwat LLC,"6063 Library Rd, Bethel Park 15102",40.300518,-80.0298,convenience_limited,Convenience Store,Retail/Convenience Store,True,USDA_SNAP+ACHD,2024-10-31
Market On Liberty Inc,"905 Liberty Ave, Pittsburgh 15222",40.443253,-79.99778,convenience_limited,Convenience Store,Retail/Convenience Store,True,USDA_SNAP+ACHD,2025-05-19
OG'S Mini Mart,"378 Broadway, Pitcairn 15140",40.401581,-79.780388,convenience_limited,Convenience Store,Retail/Convenience Store,True,USDA_SNAP+ACHD,2025-05-27
Marathon,"100 E 7th Ave, Tarentum 15084",40.601704,-79.756622,convenience_limited,Convenience Store,Chain Retail/Convenience Store,True,USDA_SNAP+ACHD,2025-07-16
Dollar General 25064,"9969 Saltsburg Rd, Pittsburgh 15239",40.489304,-79.709175,other_food_retail,Other,,True,USDA_SNAP,
Haninis Market And Subs,"3245 Brighton Rd, Pittsburgh 15212",40.476379,-80.031914,convenience_limited,Convenience Store,Chain Retail/Convenience Store,True,USDA_SNAP+ACHD,2025-03-12
Sunshine Market,"605 E Ohio St, Pittsburgh 15212",40.453594,-79.998932,other_food_retail,Convenience Store,Packaged Food Only,True,USDA_SNAP+ACHD,2025-05-05
Bunny's All In One,"603 Braddock Ave, Braddock 15104",40.403332,-79.868225,other_food_retail,Convenience Store,Chain Packaged Food Only,True,USDA_SNAP+ACHD,2025-03-20
CVS Pharmacy 11712,"417 Chartiers St, Bridgeville 15017",40.355854,-80.113258,other_food_retail,Other,Chain Packaged Food Only,True,USDA_SNAP+ACHD,2023-04-13
51 International Market LLC,"3330 Saw Mill Run Blvd, Pittsburgh 15227",40.374546,-79.983025,full_grocery,Grocery Store,Packaged Food Only,True,USDA_SNAP+ACHD,2024-10-31
Crafton Giant Eagle 1246,"51 Walsh Road, Pittsburgh 15205",40.440441,-80.07225,full_grocery,Super Store,Chain Supermarket,True,USDA_SNAP+ACHD,2025-05-05
Gujjar Jatt Llc,"601 Saint Clair Ave, Clairton 15025",40.293613,-79.887505,convenience_limited,Convenience Store,,True,USDA_SNAP,
Sheetz 834,"4875 University Blvd, Coraopolis 15108",40.53746,-80.198303,convenience_limited,Convenience Store,Chain Retail/Convenience Store,True,USDA_SNAP+ACHD,2024-10-09
Naina Mini Mart,"1800 Forbes Ave, Pittsburgh 15219",40.437347,-79.981323,other_food_retail,Convenience Store,Packaged Food Only,True,USDA_SNAP+ACHD,2024-09-27
Many More Market Place,"2767 Liberty Ave, Pittsburgh 15222",40.456158,-79.975571,full_grocery,Grocery Store,,True,USDA_SNAP,
Bridges And Bottles On Sixth Inc,"137 6th St, Pittsburgh 15222",40.443115,-80.001999,convenience_limited,Convenience Store,Retail/Convenience Store,True,USDA_SNAP+ACHD,2025-05-22
Noblestown Road Giant Eagle 6,"2103 Noblestown Rd, Pittsburgh 15205",40.430656,-80.052002,full_grocery,Super Store,Chain Retail/Convenience Store,True,USDA_SNAP+ACHD,2025-07-16
Brighton Mini Mart,"3889 Brighton Rd, Pittsburgh 15212",40.486717,-80.037201,convenience_limited,Convenience Store,Retail/Convenience Store,True,USDA_SNAP+ACHD,2025-01-10
Silk Road Supermarket,"744 Brookline Blvd, Pittsburgh 15226",40.393745,-80.020508,full_grocery,Grocery Store,Retail/Convenience Store,True,USDA_SNAP+ACHD,2024-03-27
N M Mart,"2100 Noble St, Swissvale 15218",40.42028,-79.885429,convenience_limited,Convenience Store,Retail/Convenience Store,True,USDA_SNAP+ACHD,2023-11-20
Frenchi's Deli Inc,"449 Atwood St, Pittsburgh 15213",40.437218,-79.952583,convenience_limited,Convenience Store,Retail/Convenience Store,True,USDA_SNAP+ACHD,
La Veracruzana 1,"324 E 8th Ave, Homestead 15120",40.408146,-79.908089,full_grocery,Grocery Store,Retail/Convenience Store,True,USDA_SNAP+ACHD,2025-04-28
Afghan Halal Market 1,"435 McNeilly Rd, Pittsburgh 15226",40.382973,-80.015419,full_grocery,Grocery Store,Retail/Convenience Store,True,USDA_SNAP+ACHD,2025-05-22
Beer And Wine Greenfield LLC,"503 Greenfield Ave, Pittsburgh 15207",40.425766,-79.942307,convenience_limited,Convenience Store,Retail/Convenience Store,True,USDA_SNAP+ACHD,
Gul & Jan Llc,"901 Elizabeth St, Pittsburgh 15221",40.42617,-79.841225,convenience_limited,Convenience Store,Retail/Convenience Store,True,USDA_SNAP+ACHD,2025-07-17
Millvale Convenience Store,"215 North Ave, Millvale 15209",40.481346,-79.974815,convenience_limited,Convenience Store,Retail/Convenience Store,True,USDA_SNAP+ACHD,2025-02-14
White Nile Mini Mart Inc,"2222 Webster Ave, Pittsburgh 15219",40.447567,-79.977013,other_food_retail,Convenience Store,Packaged Food Only,True,USDA_SNAP+ACHD,2025-03-13
South Park Cogo's,"2733 S Park Rd, Bethel Park 15102",40.327553,-80.032394,convenience_limited,Convenience Store,Chain Retail/Convenience Store,True,USDA_SNAP+ACHD,2024-11-26
Gorkha Brothers Llc,"4002 Saw Mill Run Blvd, Pittsburgh 15227",40.368992,-79.983498,full_grocery,Grocery Store,Retail/Convenience Store,True,USDA_SNAP+ACHD,2025-04-23
Super Express Mart,"703 6th St, Braddock 15104",40.406029,-79.863541,convenience_limited,Convenience Store,Retail/Convenience Store,True,USDA_SNAP+ACHD,2025-02-27
Shah Sunoco,"903 Lincoln Hwy, North Versailles 15137",40.378784,-79.804634,other_food_retail,Convenience Store,Chain Packaged Food Only,True,USDA_SNAP+ACHD,2025-03-03
Tandoori Market,"1435 Potomac Ave, Pittsburgh 15216",40.395889,-80.035088,full_grocery,Grocery Store,Retail/Convenience Store,True,USDA_SNAP+ACHD,2024-09-25
Street Market,"1018 W North Ave, Pittsburgh 15233",40.453289,-80.020294,convenience_limited,Convenience Store,Packaged Food Only,True,USDA_SNAP+ACHD,2024-06-06
Shop N Save 1,"1886 Homeville Rd, West Mifflin 15122",40.365013,-79.872261,full_grocery,Supermarket,,True,USDA_SNAP,
7-eleven Store 36145d,"643 Liberty Ave, Pittsburgh 15222",40.442589,-80.000214,convenience_limited,Convenience Store,Chain Retail/Convenience Store,True,USDA_SNAP+ACHD,2024-10-03
Global Food Pittsburgh,"914 Penn Ave, Wilkinsburg 15221",40.442215,-79.880539,other_food_retail,Other,,True,USDA_SNAP,
Northside Farmers Market,"0 E Ohio St And Cedar Ave., Pittsburgh 15212",40.454002,-80.003258,farmers_market,Farmers and Markets,,True,USDA_SNAP,
East End Farmers Market,"100 Larimer Ave, Pittsburgh 15206",40.462063,-79.919411,farmers_market,Farmers and Markets,,True,USDA_SNAP,
Carrick Farmers Market,"1529 Brownsville Rd, Pittsburgh 15210",40.400024,-79.988754,farmers_market,Farmers and Markets,Retail/Convenience Store,True,USDA_SNAP+ACHD,
Squirrel Hill Farmers Market,"5737 Beacon St, Pittsburgh 15217",40.435631,-79.92363,farmers_market,Farmers and Markets,,True,USDA_SNAP,
Pennsylvania Macaroni Company Inc,"2010 Penn Ave, Pittsburgh 15222",40.451134,-79.98349,full_grocery,Supermarket,,True,USDA_SNAP,
Market Square Farmers Market,"1 Third Ave, Pittsburgh 15222",40.439636,-80.003548,farmers_market,Farmers and Markets,,True,USDA_SNAP,
Mp Mart,"5001 Curry Rd, Pittsburgh 15236",40.348969,-79.995262,other_food_retail,Other,Packaged Food Only,True,USDA_SNAP+ACHD,2025-04-02
Ridge Convenient Store,"850 Boyce Rd, Bridgeville 15017",40.32822,-80.125664,convenience_limited,Convenience Store,Retail/Convenience Store,True,USDA_SNAP+ACHD,2025-04-15
Al-liwan Javed Inc,"4061 Perrysville Ave, Pittsburgh 15214",40.492348,-80.021721,convenience_limited,Convenience Store,Retail/Convenience Store,True,USDA_SNAP+ACHD,2025-04-02
Pgh Convenience,"625 Stanwix St, Pittsburgh 15222",40.443077,-80.004753,convenience_limited,Convenience Store,Retail/Convenience Store,True,USDA_SNAP+ACHD,2025-03-11
ALDI 69103,"2515 Banksville Rd, Pittsburgh 15216",40.405788,-80.035995,full_grocery,Supermarket,,True,USDA_SNAP,
ALDI 69076,"401 Penn Ave, Pittsburgh 15221",40.44558,-79.889053,full_grocery,Supermarket,Chain Packaged Food Only,True,USDA_SNAP+ACHD,2025-03-03
Choice Tobacco Outlet Of Oakdale,"7859 Steubenville Pike, Oakdale 15071",40.439377,-80.218849,other_food_retail,Convenience Store,Chain Retail/Convenience Store,True,USDA_SNAP+ACHD,2025-03-06
Wagner's Market Inc,"4798 Middle Road, Gibsonia 15044",40.60574,-79.926003,full_grocery,Supermarket,Retail/Convenience Store,True,USDA_SNAP+ACHD,2025-04-28
DollarTree 10360,"725 Lysle Blvd, McKeesport 15132",40.352551,-79.857399,other_food_retail,Other,,True,USDA_SNAP,
Jacks Market & Beauty Supplies Inc,"245 E 8th Ave, Homestead 15120",40.407955,-79.909523,convenience_limited,Convenience Store,Retail/Convenience Store,True,USDA_SNAP+ACHD,2021-03-17
7-Eleven 36144J,"95 Warrendale Bayne Rd, Warrendale 15086",40.655735,-80.086853,convenience_limited,Convenience Store,Chain Retail/Convenience Store,True,USDA_SNAP+ACHD,2025-01-22
Sam's Club 6678,"289 Nebo Point Dr, Pittsburgh 15237",40.534184,-80.067947,full_grocery,Super Store,Chain Supermarket,True,USDA_SNAP+ACHD,2025-04-08
International Food Market Llc,"5305 Brightwood Rd, Bethel Park 15102",40.327957,-80.030106,convenience_limited,Convenience Store,,True,USDA_SNAP,
DollarTree 10981,"2336 Ardmore Blvd, Pittsburgh 15221",40.415222,-79.848991,other_food_retail,Other,Chain Packaged Food Only,True,USDA_SNAP+ACHD,
Zezo Supermarket Inc,"801 Broadway Ave, MC Kees Rocks 15136",40.472832,-80.074829,convenience_limited,Convenience Store,Retail/Convenience Store,True,USDA_SNAP+ACHD,2025-03-04
Unimart,"852 5th Ave, Coraopolis 15108",40.518257,-80.167252,convenience_limited,Convenience Store,Retail/Convenience Store,True,USDA_SNAP+ACHD,2025-04-23
Giant Eagle 2426,"211 Virginia Avenue, Pittsburgh 15211",40.430565,-80.009995,other_food_retail,Other,,True,USDA_SNAP,
Braddock Hills Mini Mart,"1050 Brinton Rd, Pittsburgh 15221",40.429062,-79.874763,convenience_limited,Convenience Store,Retail/Convenience Store,True,USDA_SNAP+ACHD,2024-08-27
Oakdale mini mart,"7520 Steubenville Pike, Oakdale 15071",40.442158,-80.201385,convenience_limited,Convenience Store,Retail/Convenience Store,True,USDA_SNAP+ACHD,2025-07-09
South Side Market,"2120 Jane St, Pittsburgh 15203",40.426334,-79.975563,farmers_market,Farmers and Markets,,True,USDA_SNAP,
Giant Eagle Mobile Market 1270,"3239 Washington Pike, Bridgeville 15017",40.340958,-80.118401,full_grocery,Other,Chain Supermarket,True,USDA_SNAP+ACHD,2025-04-08
DollarTree 11090,"975 Freeport Rd, Pittsburgh 15238",40.487972,-79.887276,other_food_retail,Other,Chain Packaged Food Only,True,USDA_SNAP+ACHD,
Costco Wholesale 0649,"501 Waterfront Dr W, West Homestead 15120",40.402977,-79.921417,full_grocery,Super Store,Chain Packaged Food Only,True,USDA_SNAP+ACHD,2025-06-18
Dollar General 31952,"900 Mount Royal Blvd, Pittsburgh 15223",40.515697,-79.958702,other_food_retail,Other,,True,USDA_SNAP,
Best Buy #588,473 Clairton Blvd PA 15236,40.334841,-79.9447005,other_food_retail,,Chain Packaged Food Only,False,ACHD,2025-06-09
UPMC Magee-Womens Hospital Gift Shop,300 Halket  Street PA 15213,40.436964,-79.9608195,other_food_retail,,Chain Retail/Convenience Store,False,USDA_SNAP+ACHD,2025-04-03
Portman's Farm Market,3249 Washington Pike PA 15017,40.340007,-80.119854,convenience_limited,,Chain Retail/Convenience Store,False,USDA_SNAP+ACHD,2024-12-03
Shenot's Farm Market,3754 Wexford Run Road PA 15090,40.627017,-80.079678,convenience_limited,,Retail/Convenience Store,False,ACHD,2025-05-27
Giant Eagle #14 / Market District South Hills,7000 Oxford  Drive PA 15102,40.347225,-80.0465445,full_grocery,,Chain Supermarket,False,ACHD,2025-07-16
Best Buy #586,5000 Alicia Dr PA 15102,40.346352,-80.0448615,other_food_retail,,Chain Packaged Food Only,False,ACHD,2024-01-17
Schuler's Service Center,293 Corliss Street and Chartiers Avenue PA 15220,40.450185,-80.0447535,other_food_retail,,Packaged Food Only,False,ACHD,2025-03-14
Tobacco Outlet,4501 Liberty Ave PA 15224,40.463244,-79.9515765,other_food_retail,,Packaged Food Only,False,ACHD,2025-01-30
Giant Eagle #37,5 Quaker Village Shopping Center PA 15056,40.559283,-80.203914,full_grocery,,Chain Retail/Convenience Store,False,USDA_SNAP+ACHD,2024-09-20
Joann Fabric & Crafts #970,513 Clairton Blvd PA 15236,40.333725,-79.9447095,other_food_retail,,Chain Packaged Food Only,False,ACHD,2024-03-08
Allegheny General Hospital Gift Shop,320 North Avenue PA 15212,40.457061,-80.0036955,other_food_retail,,Chain Retail/Convenience Store,False,USDA_SNAP+ACHD,2024-08-07
Arrowhead Snack Bar @ Butler's Golf Course,800 Rock Run Road PA 15037,40.267611,-79.812666,convenience_limited,,Retail/Convenience Store,False,ACHD,2025-05-05
Ace's Breakaway & Play,417 Smithfield St PA 15222,40.439205,-79.999407,other_food_retail,,Bakery,False,USDA_SNAP+ACHD,2025-03-03
Sweet Time General Store & Gathering Place,435 E Ohio St PA 15212,40.453317,-80.000478,other_food_retail,,Packaged Food Only,False,ACHD,2024-05-31
Marshall's #324,954 Freeport Road PA 15238,40.488948,-79.891965,other_food_retail,,Chain Packaged Food Only,False,USDA_SNAP+ACHD,2023-12-28
Giant Eagle #67,8080 McIntyre Square Drive PA 15237,40.555287,-80.0188245,full_grocery,,Chain Retail/Convenience Store,False,USDA_SNAP+ACHD,2024-12-06
Verona News,754 Allegheny River Boulevard PA 15147,40.506309,-79.8430905,other_food_retail,,Packaged Food Only,False,ACHD,2024-02-26
IKEA Swede Shoppe & Bistro,2001 Park Manor Boulevard PA 15205,40.451868,-80.1680895,other_food_retail,,Packaged Food Only,False,USDA_SNAP+ACHD,2025-04-22
Shop 'n Save / Pines Plaza,1130 Perry Highway PA 15237,40.547934,-80.035578,full_grocery,,Chain Packaged Food Only,False,USDA_SNAP+ACHD,2024-12-10
Walmart Super Center #2300,250 Summit Park Drive PA 15275,40.447287,-80.1762435,full_grocery,,Chain Supermarket,False,ACHD,2024-07-02
Wood Street Bread Company,723 Wood St PA 15221,40.441959,-79.8860655,specialty_food,,Bakery,False,ACHD,2024-09-13
Marshall's #237,1900 Greentree Road PA 15220,40.39632,-80.0673165,other_food_retail,,Chain Packaged Food Only,False,USDA_SNAP+ACHD,2024-04-18
Giant Eagle #72 / Market District Waterworks,910 Freeport  Road PA 15238,40.488084,-79.8943185,full_grocery,,Chain Retail/Convenience Store,False,USDA_SNAP+ACHD,2024-11-14
Soergel's Orchards,2573 Brandt School Road PA 15090,40.614588,-80.0927505,full_grocery,,Retail/Convenience Store,False,USDA_SNAP+ACHD,2024-09-11
Best Buy #585,4801 McKnight Road PA 15237,40.525416,-80.0077905,other_food_retail,,Chain Bakery,False,USDA_SNAP+ACHD,2025-07-24
UPMC Montefiore Gift Shop,3459 5th Ave PA 15213,40.440348,-79.9614225,convenience_limited,,Retail/Convenience Store,False,ACHD,2025-02-21
BP Oil #07414,4260 Evergreen  Road PA 15214,40.495725,-80.007579,convenience_limited,,Retail/Convenience Store,False,ACHD,2025-05-16
Wilson's Pharmacy,4101 Penn  Avenue PA 15224,40.465881,-79.955217,other_food_retail,,Packaged Food Only,False,ACHD,2024-11-21
Sunoco #8154,5204 Interboro Avenue PA 15207,40.370274,-79.913214,convenience_limited,,Chain Retail/Convenience Store,False,ACHD,2024-10-30
The Pretzel Shop,2316 E Carson St PA 15203,40.428108,-79.9722045,convenience_limited,,Retail/Convenience Store,False,ACHD,2025-07-11
Williams-Sonoma #341,1000 Ross Park Mall Drive PA 15237,40.542894,-80.00847,other_food_retail,,Packaged Food Only,False,USDA_SNAP+ACHD,2025-05-16
HoneyBaked Ham Store,4780 McKnight Road PA 15237,40.523904,-80.0046405,convenience_limited,,Chain Retail/Convenience Store,False,USDA_SNAP+ACHD,2024-10-21
Best Buy #584,430 Home Drive PA 15275,40.452651,-80.1814275,other_food_retail,,Chain Packaged Food Only,False,ACHD,2024-10-07
Shop N Go,2226  Route 837 PA 15088,40.268214,-79.9021485,convenience_limited,,Chain Retail/Convenience Store,False,ACHD,2025-05-15
Crate Kitchenware & Cooking School,1960 Greentree Road PA 15220,40.395375,-80.0670375,other_food_retail,,Packaged Food Only,False,ACHD,2025-05-21
Walmart Super Center #2588,100 Walmart Drive PA 15137,40.386888,-79.824294,full_grocery,,Chain Supermarket,False,ACHD,2025-03-03
Elizabeth BP,141 McKeesport Road PA 15037,40.274757,-79.883622,convenience_limited,,Chain Retail/Convenience Store,False,ACHD,2024-12-06
Nancy B's Bakery,415  W 8th (Rear) Avenue PA 15120,40.402863,-79.917165,specialty_food,,Bakery,False,ACHD,2024-11-19
Erin's Hallmark,529 Lincoln Ave PA 15202,40.495851,-80.0567955,other_food_retail,,Packaged Food Only,False,ACHD,2025-03-13
Michael's Arts & Crafts #9990,3759 Wm Penn Hwy PA 15146,40.437700636217,-79.786228381099,other_food_retail,,Chain Packaged Food Only,False,ACHD,2025-07-03
GNC #7417,3535-B Mountain View  Drive PA 15122,40.344867,-79.944525,other_food_retail,,Chain Packaged Food Only,False,USDA_SNAP+ACHD,2024-09-25
Target #1217,600 Chauvet Drive PA 15275,40.446324,-80.1836145,other_food_retail,,Chain Packaged Food Only,False,ACHD,2025-01-13
Marshall's #779,460 E Waterfront Dr PA 15120,40.411287,-79.9075125,other_food_retail,,Chain Packaged Food Only,False,ACHD,2025-02-07
GNC KK006,301 South Hills Village PA 15102,40.342446,-80.0556525,convenience_limited,,Chain Packaged Food Only,False,USDA_SNAP+ACHD,2025-04-18
Giant Eagle #4,5055 Library  Road PA 15102,40.338495,-80.023653,full_grocery,,Chain Packaged Food Only,False,USDA_SNAP+ACHD,2024-11-04
Giant Eagle #45,225 Blazier Drive PA 15237,40.584375,-80.038152,full_grocery,,Chain Retail/Convenience Store,False,USDA_SNAP+ACHD,2024-07-01
Dollar General   #4225,1985 Lincoln Way PA 15131,40.3386975660697,-79.8083082907507,other_food_retail,,Retail/Convenience Store,False,USDA_SNAP+ACHD,2025-01-30
Giant Eagle #52,132 Ben Avon Heights Road PA 15237,40.521636,-80.069139,full_grocery,,Chain Supermarket,False,ACHD,2024-08-28
Sam's Club #6575,249 Summit Park Drive PA 15275,40.449555,-80.1779895,full_grocery,,Chain Retail/Convenience Store,False,USDA_SNAP+ACHD,2024-09-27
Potomac Bakery,1419 Potomac  Avenue PA 15216,40.395429,-80.034768,specialty_food,,Bakery,False,ACHD,2025-02-28
Quik Serv Sunoco Food Mart,400 Union Avenue PA 15202,40.503933,-80.061786,convenience_limited,,Retail/Convenience Store,False,ACHD,2024-08-21
Moio's Italian Pastry Shop,4209 Wm Penn  Highway PA 15146,40.4395661230826,-79.7615274233802,specialty_food,,Bakery,False,ACHD,2025-01-30
Family Dollar #22467,1868 Homeville Rd PA 15122,40.365144,-79.8726465,other_food_retail,,Chain Packaged Food Only,False,ACHD,2025-03-19
H D Dudt Bakery,11010 Perry Highway PA 15090,40.618323,-80.0551305,specialty_food,,Bakery,False,ACHD,2025-02-28
Family Dollar #0775,152 McKees Rocks Plaza PA 15136,40.4654917240001,-80.058074889,other_food_retail,,Chain Packaged Food Only,False,ACHD,2024-08-13
Giant Eagle #73,9901 Mountain View  Drive PA 15122,40.339656,-79.9497495,full_grocery,,Chain Retail/Convenience Store,False,USDA_SNAP+ACHD,2025-04-02
Blooms Cut-Rate,2716 5th  Avenue PA 15132,40.357044,-79.8325785,other_food_retail,,Packaged Food Only,False,ACHD,2025-07-22
T J Maxx #822,580 E Waterfront Dr PA 15120,40.411854,-79.90515,other_food_retail,,Chain Packaged Food Only,False,ACHD,2025-02-24
Glassmere Fuel Service #205,1967 Saxonburg Boulevard PA 15084,40.629312,-79.855065,convenience_limited,,Retail/Convenience Store,False,ACHD,2024-12-10
GNC #3813,2001 Lincoln Way PA 15131,40.336083,-79.805574,other_food_retail,,Chain Supermarket,False,USDA_SNAP+ACHD,2025-05-12
Blackburn's Physicians Pharmacy,301 Corbet Street PA 15084,40.60179,-79.7519655,other_food_retail,,Packaged Food Only,False,ACHD,2024-06-04
Newsland,824 E Pittsburgh Pz PA 15112,40.400532,-79.834761,other_food_retail,,Packaged Food Only,False,ACHD,2024-11-27
Daniels Discount Variety,5724 Curry  Road PA 15236,40.329387,-79.9884855,other_food_retail,,Packaged Food Only,False,ACHD,2024-10-25
Mancini's Bakery,601 Woodward Ave PA 15136,40.471362,-80.07093,specialty_food,,Chain Bakery,False,ACHD,2025-03-04
Enrico Biscotti Co,2022 Penn Avenue PA 15222,40.45131,-79.983243,specialty_food,,Retail/Convenience Store,False,USDA_SNAP+ACHD,2025-02-14
Minerva Bakery,927 5th Avenue PA 15132,40.351959,-79.854714,specialty_food,,Bakery,False,ACHD,2024-10-25
Dave's Terrace Bakery,5253 Brownsville Rd PA 15236,40.342086,-79.9842735,specialty_food,,Bakery,False,ACHD,2024-09-09
Glassmere Food Mart #252,3001 Freeport Road PA 15144,40.560201,-79.7728995,convenience_limited,,Retail/Convenience Store,False,ACHD,2024-12-06
Target #1270,1717 Lebanon Church Road PA 15236,40.348161,-79.953903,other_food_retail,,Chain Packaged Food Only,False,ACHD,2025-06-19
Mt Nebo Service,1706 Mt Nebo Road PA 15143,40.553658,-80.1089145,convenience_limited,,Chain Retail/Convenience Store,False,ACHD,2025-05-08
Honey Bear/Spee-D Mart #223,2131 Ardmore Boulevard PA 15221,40.419045,-79.849053,convenience_limited,,Chain Retail/Convenience Store,False,ACHD,2025-07-21
Sunoco Mini Mart,6700 University Blvd PA 15108,40.517784,-80.220474,convenience_limited,,Chain Retail/Convenience Store,False,USDA_SNAP+ACHD,2025-04-17
Bethel Bakery,5200 Brightwood  Road PA 15102,40.329711,-80.0302815,specialty_food,,Bakery,False,ACHD,2025-04-01
Sil's,6000 Noblestown Road PA 15071,40.398372,-80.1875295,convenience_limited,,Retail/Convenience Store,False,ACHD,2024-11-07
Office Max #6075,4080 Wm Penn Hwy PA 15146,40.4373118230498,-79.7675197873783,other_food_retail,,Chain Packaged Food Only,False,USDA_SNAP+ACHD,2024-11-12
Macy's #589,100 Pittsburgh Mills Circle PA 15084,40.572675,-79.8009795,other_food_retail,,Chain Packaged Food Only,False,ACHD,2025-01-02
Dollar General #13123,100 Westinghouse Avenue PA 15148,40.392945,-79.8100245,other_food_retail,,Chain Packaged Food Only,False,ACHD,2024-05-07
Dee's Delights,3809 Grace St PA 15120,40.383423,-79.90452,specialty_food,,Supermarket,False,USDA_SNAP+ACHD,2024-11-08
GNC #9075,116 W Bridge St PA 15120,40.408047,-79.91622,other_food_retail,,Chain Packaged Food Only,False,ACHD,2025-04-08
Glassport Lanes,839 Monongahela Ave PA 15045,40.321359,-79.892109,other_food_retail,,Packaged Food Only,False,ACHD,2025-06-26
Gordon Food Service,3620 Wm Penn Hwy PA 15146,40.4320784359189,-79.7996115341044,full_grocery,,Chain Supermarket,False,ACHD,2025-07-01
Sunoco Mini Market,9100 Perry Highway PA 15237,40.57236,-80.0364915,convenience_limited,,Chain Retail/Convenience Store,False,USDA_SNAP+ACHD,2025-05-05
Dollar General #7927,120 Penn Plaza PA 15145,40.405959,-79.826364,other_food_retail,,Chain Packaged Food Only,False,ACHD,2025-02-03
Puff Discount Tobacco #4,7901 Saltsburg Road PA 15239,40.476798,-79.76043,convenience_limited,,Chain Retail/Convenience Store,False,ACHD,2023-11-17
Large Sunoco,1344 Route 51 (Clairton Blvd) Highway PA 15025,40.306014,-79.9352145,convenience_limited,,Chain Retail/Convenience Store,False,ACHD,2024-10-28
Market 24,301 Craft Ave PA 15213,40.435524,-79.960797,convenience_limited,,Chain Retail/Convenience Store,False,ACHD,2025-01-16
Staples #1799,6375 Penn Avenue PA 15206,40.459275,-79.9172955,other_food_retail,,Chain Packaged Food Only,False,ACHD,2024-05-13
REI #101,412 27th  Street PA 15203,40.428522,-79.965765,other_food_retail,,Chain Packaged Food Only,False,ACHD,2023-09-12
Dollar General #8972,700 Penn Ave PA 15221,40.443507,-79.8846705,other_food_retail,,Chain Packaged Food Only,False,USDA_SNAP+ACHD,2025-03-10
GetGo #3352,156 Ben Avon Heights Road PA 15237,40.52151,-80.0679015,other_food_retail,,Chain Packaged Food Only,False,USDA_SNAP+ACHD,2025-01-02
Home Depot #4136,400 N Highland  Avenue PA 15206,40.465161,-79.9221735,other_food_retail,,Chain Packaged Food Only,False,ACHD,2023-12-27
Home Depot #4115,9971 Mountain View  Drive PA 15122,40.341699,-79.951986,other_food_retail,,Chain Packaged Food Only,False,ACHD,2025-06-26
Sunoco Gas Station #363372402,825 Duquesne Blvd PA 15110,40.382685,-79.8574455,other_food_retail,,Packaged Food Only,False,USDA_SNAP+ACHD,2024-09-24
HoneyBaked Ham Co #1505-8450,1630 Washington  Road PA 15241,40.351743,-80.0511975,convenience_limited,,Chain Supermarket,False,USDA_SNAP+ACHD,2024-12-17
Renee's Hallmark,185 Blazier Drive PA 15237,40.584618,-80.0392275,other_food_retail,,Chain Packaged Food Only,False,ACHD,2025-02-10
Aldi #53,5159 Library  Road PA 15102,40.335183,-80.0228385,other_food_retail,,Chain Packaged Food Only,False,ACHD,2024-10-23
Home Depot #4117,440 Home Drive PA 15275,40.453101,-80.18289,other_food_retail,,Chain Packaged Food Only,False,ACHD,2025-02-11
Staples #711,6521 Steubenville Pike PA 15205,40.447638,-80.1615555,other_food_retail,,Chain Packaged Food Only,False,ACHD,2024-11-19
Joann Fabric & Crafts #2045,7375 McKnight Road PA 15237,40.538619,-80.01333,other_food_retail,,Chain Packaged Food Only,False,ACHD,2024-10-18
Big Lots #1951,1155 Washington Pike PA 15017,40.36824,-80.1035865,other_food_retail,,Chain Packaged Food Only,False,USDA_SNAP+ACHD,2025-04-30
New Young's Oriental Grocery,5813 Forward Avenue PA 15217,40.429764,-79.9229925,convenience_limited,,Retail/Convenience Store,False,USDA_SNAP+ACHD,2025-04-03
Smoker Friendly,6080 Steubenville Pike PA 15136,40.443975,-80.145387,other_food_retail,,Packaged Food Only,False,USDA_SNAP+ACHD,2025-02-26
Gabe's,3625 Wm Penn Highway PA 15146,40.4345657322561,-79.8006213629145,other_food_retail,,Chain Packaged Food Only,False,ACHD,2024-08-26
Family Dollar #25940,715 8th Avenue PA 15120,40.4091554500001,-79.9051578099999,other_food_retail,,Chain Packaged Food Only,False,USDA_SNAP+ACHD,2025-07-08
Cheneh Sunoco A Plus Mini Mart,5013 Butler St PA 15201,40.478283,-79.956243,convenience_limited,,Chain Retail/Convenience Store,False,USDA_SNAP+ACHD,2025-03-12
Family Dollar #26347,401 6th Street PA 15104,40.403754,-79.868673,other_food_retail,,Chain Packaged Food Only,False,USDA_SNAP+ACHD,2024-10-15
Williams-Sonoma #271,1500 Washington Road PA 15228,40.356873,-80.0512875,convenience_limited,,Chain Retail/Convenience Store,False,ACHD,2025-01-10
B & Z Deli,3392 Saxonburg Boulevard PA 15116,40.5486763007714,-79.9140947188678,convenience_limited,,Packaged Food Only,False,USDA_SNAP+ACHD,2025-07-18
Sunoco A Plus Mini Mart,1969 Lincoln Way PA 15131,40.339854,-79.8106185,convenience_limited,,Chain Retail/Convenience Store,False,USDA_SNAP+ACHD,2025-01-07
Dollar Tree #142,1759 Braddock Avenue PA 15218,40.427397,-79.88625,other_food_retail,,Chain Packaged Food Only,False,ACHD,2025-05-21
Macy's #622,400 Mall Circle  Drive PA 15146,40.428684,-79.7933205,other_food_retail,,Chain Packaged Food Only,False,ACHD,2025-07-03
Discount Tobacco & News,1929 Murray Avenue PA 15217,40.435146,-79.9227045,other_food_retail,,Packaged Food Only,False,ACHD,2025-07-03
Family Dollar #1769,355 Lincoln Hwy PA 15137,40.384755,-79.8220395,other_food_retail,,Chain Packaged Food Only,False,USDA_SNAP+ACHD,2025-06-17
Family Dollar #20824,1500 Yost Boulevard PA 15221,40.414896,-79.8536925,other_food_retail,,Chain Packaged Food Only,False,ACHD,2025-07-22
Big Lots #1880,7005 Clairton Rd PA 15122,40.345947,-79.9399035,other_food_retail,,Chain Packaged Food Only,False,ACHD,2024-08-02
Discount Nutrition,2644 Mosside Blvd PA 15146,40.431843,-79.7505615,other_food_retail,,Chain Packaged Food Only,False,USDA_SNAP+ACHD,2024-04-30
South Fayette Sunoco,140 Millers Run Road PA 15017,40.357215,-80.119746,convenience_limited,,Chain Retail/Convenience Store,False,ACHD,2024-12-23
Five Below / Waterworks,950 Freeport Road PA 15238,40.489056,-79.892307,other_food_retail,,Chain Packaged Food Only,False,ACHD,2024-12-11
Make - A - Cake,99 Rochester Road PA 15229,40.521303,-80.02566,other_food_retail,,Packaged Food Only,False,ACHD,2024-11-26
GNC #8136,2747 E Carson St PA 15203,40.426731,-79.966125,other_food_retail,,Chain Packaged Food Only,False,ACHD,2025-04-16
Office Depot #100,4000 Oxford Drive PA 15102,40.346307,-80.0508015,other_food_retail,,Retail/Convenience Store,False,USDA_SNAP+ACHD,2024-10-30
Family Dollar #25224,240 Curry Hollow Rd PA 15236,40.337145,-79.972479,other_food_retail,,Chain Packaged Food Only,False,ACHD,2024-07-25
Home Depot #4160,1025 Washington Pike PA 15017,40.365558,-80.1085545,other_food_retail,,Chain Packaged Food Only,False,USDA_SNAP+ACHD,2025-06-17
Old Allegheny Shoppe,4755 Clairton Boulevard PA 15236,40.352589,-79.977384,other_food_retail,,Packaged Food Only,False,ACHD,2024-05-07
Sunoco Market 24,1721 Banksville Road PA 15216,40.408983,-80.031699,convenience_limited,,Chain Retail/Convenience Store,False,ACHD,2025-01-02
Busy Beaver #53,88 Steuben Street PA 15204,40.439646,-80.0704665,other_food_retail,,Chain Packaged Food Only,False,ACHD,2024-06-07
Duffy's Beer,294 Curry Hollow PA 15236,40.337424,-79.9753275,convenience_limited,,Chain Packaged Food Only,False,USDA_SNAP+ACHD,2024-06-19
Home Depot #4159,999 Ross Park Mall Drive PA 15237,40.544604,-80.0118405,other_food_retail,,Chain Packaged Food Only,False,ACHD,2025-01-09
Family Dollar #6137,5160 Penn Avenue PA 15224,40.464459,-79.9406055,other_food_retail,,Chain Packaged Food Only,False,USDA_SNAP+ACHD,2023-12-06
Staples #1597,999 Freeport Road PA 15238,40.487976,-79.886367,other_food_retail,,Chain Packaged Food Only,False,ACHD,2024-02-13
Puff Discount Tobacco,10752 Frankstown Rd PA 15235,40.461786,-79.8403995,convenience_limited,,Retail/Convenience Store,False,ACHD,2024-03-11
Giant Eagle #68,5990 University Boulevard PA 15108,40.521555,-80.219277,full_grocery,,Retail/Convenience Store,False,USDA_SNAP+ACHD,2025-06-26
Toadflax,5500 Walnut St PA 15232,40.45104,-79.9336575,other_food_retail,,Chain Packaged Food Only,False,USDA_SNAP+ACHD,2025-01-27
Aldi #54,16 Federal  Drive PA 15235,40.46346,-79.8270525,other_food_retail,,Chain Packaged Food Only,False,USDA_SNAP+ACHD,2025-04-21
GNC #1078,938 Freeport Road PA 15238,40.489191,-79.892766,other_food_retail,,Chain Packaged Food Only,False,ACHD,2024-02-13
Marathon Gas Station,208 Mansfield Boulevard PA 15106,40.409028,-80.08587,other_food_retail,,Chain Packaged Food Only,False,ACHD,2025-04-29
Sunoco A Plus Mini Mart,2350 Centre Ave PA 15213,40.445478,-79.972398,convenience_limited,,Chain Retail/Convenience Store,False,ACHD,2025-06-27
GNC #2511,5600 Wm Flynn Hwy PA 15044,40.6353098464868,-79.9399144834689,other_food_retail,,Chain Retail/Convenience Store,False,USDA_SNAP+ACHD,2025-03-03
Blue Monkey Tea Company,5872 Forbes Avenue PA 15217,40.437801,-79.9201485,convenience_limited,,Retail/Convenience Store,False,ACHD,2025-04-24
Shop 'n Save / Century Square,2381 Mountain View  Drive PA 15122,40.344912,-79.9465995,full_grocery,,Chain Supermarket,False,USDA_SNAP+ACHD,2025-06-30
Nic's Tobacco Outlet,1620 Lincoln Way PA 15131,40.347108,-79.81713,other_food_retail,,Retail/Convenience Store,False,USDA_SNAP+ACHD,2024-01-02
Dollar Tree #4501,4313 Walnut Street PA 15132,40.322349,-79.8340815,other_food_retail,,Chain Packaged Food Only,False,USDA_SNAP+ACHD,2025-06-24
Sunoco Mini Mart #0364070303,127 McMurray Road PA 15241,40.326642,-80.065512,convenience_limited,,Chain Retail/Convenience Store,False,USDA_SNAP+ACHD,2024-06-26
Sunoco A Plus Mini Market,514 N Highland Ave PA 15206,40.466268,-79.922169,convenience_limited,,Chain Retail/Convenience Store,False,ACHD,2024-07-10
Marshall's #623,6220 Northway Drive PA 15238,40.5519287888423,-80.0217017624304,other_food_retail,,Chain Packaged Food Only,False,ACHD,2024-11-21
Marshall's Shell,1520 Spring Garden Avenue PA 15212,40.464747,-79.986006,convenience_limited,,Chain Retail/Convenience Store,False,ACHD,2024-05-31
Macy's #620,1004 Ross Park Mall Drive PA 15237,40.5414,-80.008488,other_food_retail,,Chain Packaged Food Only,False,ACHD,2024-12-05
William Penn Smoke Shop,132 N Highland Ave PA 15206,40.46229,-79.924275,other_food_retail,,Retail/Convenience Store,False,USDA_SNAP+ACHD,2024-12-19
Vocational Business Alliance Corner Café,500 Market  Street PA 15132,40.350411,-79.866972,other_food_retail,,Packaged Food Only,False,ACHD,2025-07-22
Puff Discount Tobacco,741 Monongahela Ave PA 15045,40.322808,-79.8920955,other_food_retail,,Packaged Food Only,False,ACHD,2023-12-15
Old Navy #3390,180 Quinn Drive PA 15275,40.44573,-80.1783945,other_food_retail,,Chain Packaged Food Only,False,ACHD,2025-01-13
Seoul Mart,4701 5th Ave PA 15213,40.447269,-79.9471845,convenience_limited,,Chain Retail/Convenience Store,False,ACHD,2024-07-08
Dee's Cake & Candy Supplies,4231 Steubenville Pike PA 15205,40.439358,-80.0898615,other_food_retail,,Packaged Food Only,False,USDA_SNAP+ACHD,2024-08-23
Dollar Tree #228,1360 Park Manor Boulevard PA 15205,40.454388,-80.163126,other_food_retail,,Chain Packaged Food Only,False,ACHD,2024-07-05
Ross Dress For Less #1418,500 Settlers Ridge Center Drive PA 15205,40.440942,-80.148096,other_food_retail,,Chain Packaged Food Only,False,ACHD,2024-11-12
Happy Minimart,512 E Pittsburgh - Mckeesport Blvd PA 15137,40.369851,-79.8292125,convenience_limited,,Retail/Convenience Store,False,USDA_SNAP+ACHD,2025-06-04
Michael's Arts & Crafts #7757,1030 Village Center Drive PA 15084,40.567869,-79.8035445,other_food_retail,,Chain Packaged Food Only,False,ACHD,2024-09-27
The Vitamin Shoppe,210 Settlers Ridge Center Drive PA 15205,40.440474,-80.150382,other_food_retail,,Chain Packaged Food Only,False,ACHD,2024-11-05
Pittsburgh Popcorn Co,3710 5th Avenue PA 15213,40.441842,-79.957971,convenience_limited,,Chain Retail/Convenience Store,False,ACHD,2025-02-18
Aldi #47,239 Clairton Boulevard PA 15122,40.339944,-79.9544385,other_food_retail,,Chain Packaged Food Only,False,ACHD,2025-02-20
Travel Traders #3073,300 W Station Square Drive PA 15219,40.434975,-80.0069895,other_food_retail,,Packaged Food Only,False,ACHD,2023-03-09
Quick Stop Sunoco,1640 Saw Mill Run Boulevard PA 15210,40.396392,-79.9986555,convenience_limited,,Chain Retail/Convenience Store,False,ACHD,2025-02-14
Cafe Chocolade,7061 Steubenville Pike PA 15071,40.4433,-80.1763515,specialty_food,,Bakery,False,ACHD,2024-12-13
Auto Zone #1816,1320 Lincoln Highway PA 15137,40.375611,-79.798068,other_food_retail,,Chain Packaged Food Only,False,ACHD,2025-04-03
7-Eleven Pleasant Hills,650 Clairton Blvd PA 15238,40.290198354,-79.925461373,convenience_limited,,Chain Retail/Convenience Store,False,USDA_SNAP+ACHD,2024-10-28
Boulevard Sweet Shoppe,614 Allegheny River Boulevard PA 15139,40.519539,-79.8423525,convenience_limited,,Retail/Convenience Store,False,USDA_SNAP+ACHD,2025-04-24
Grandpa Joe's Candy Shop,2124 Penn Avenue PA 15222,40.452003,-79.982244,convenience_limited,,Chain Retail/Convenience Store,False,ACHD,2025-06-11
Dunham's Sports,200 Northtown Square PA 15044,40.637709,-79.9427385,other_food_retail,,Chain Packaged Food Only,False,ACHD,2024-03-11
Sunoco / Quick Bites Express,280 Hulton  Road PA 15147,40.489047,-79.8199965,convenience_limited,,Chain Retail/Convenience Store,False,ACHD,2025-05-23
Fuel On Convenience Store  #25,5724 Ellsworth Avenue PA 15232,40.455225,-79.931466,convenience_limited,,Chain Retail/Convenience Store,False,ACHD,2024-10-09
Five Points Artisan Bakery,6520 Wilkins  Avenue PA 15217,40.444335,-79.916859,specialty_food,,Bakery,False,ACHD,2025-07-22
Sunoco / OM Enterprise,601 McNeilly Road PA 15226,40.383081,-80.0208765,convenience_limited,,Retail/Convenience Store,False,ACHD,2024-10-29
Auto Zone #5296,208 Penn  Avenue PA 15221,40.445937,-79.8923745,other_food_retail,,Chain Packaged Food Only,False,ACHD,2024-09-18
Hobby Lobby,2365 Mountainview Drive PA 15122,40.34511,-79.947216,other_food_retail,,Chain Packaged Food Only,False,ACHD,2024-08-05
Sheetz Convenience Store #582,4723 Wm Penn  Highway PA 15146,40.435131326877,-79.7329605409134,convenience_limited,,Chain Retail/Convenience Store,False,ACHD,2025-02-10
Rose's #493,1258 Hoffman Boulevard PA 15122,40.3836775510001,-79.868936113,other_food_retail,,Packaged Food Only,False,USDA_SNAP+ACHD,2024-11-19
Chantal's Cheese Shop,4402 Penn Ave PA 15224,40.465809,-79.953291,farmers_market,,Seasonal/Farmers Market,False,USDA_SNAP+ACHD,2025-01-30
Marshall's #1091,9931 Mountain View Drive PA 15122,40.341087,-79.9515045,other_food_retail,,Packaged Food Only,False,USDA_SNAP+ACHD,2025-02-26
Dollar Tree #4019,100 Allegheny River Boulevard PA 15147,40.498083,-79.8450075,other_food_retail,,Retail/Convenience Store,False,USDA_SNAP+ACHD,2025-03-31
Rivers Casino / Pastry Kitchen,777 Casino Dr PA 15212,40.447134,-80.0218575,specialty_food,,Chain Bakery,False,ACHD,2025-07-10
Kuhn's Market,2412 Ferguson Road PA 15101,40.5549333517801,-79.9724557251409,full_grocery,,Chain Packaged Food Only,False,USDA_SNAP+ACHD,2025-04-01
News Corner Store,200 Mall Circle  Drive PA 15146,40.42926,-79.7960295,other_food_retail,,Chain Packaged Food Only,False,USDA_SNAP+ACHD,2025-03-17
Sunoco A Plus #40224H,4639 Clairton Blvd PA 15236,40.356135,-79.9796385,convenience_limited,,Chain Retail/Convenience Store,False,ACHD,2024-12-10
Pittsburgh Fitness Project,5500 Butler Street PA 15201,40.5114659280001,-79.9446060189999,other_food_retail,,Packaged Food Only,False,ACHD,2023-10-25
Michael Bros Nursery,47 Michael Road PA 15024,40.607973,-79.8458085,convenience_limited,,Retail/Convenience Store,False,ACHD,2025-03-05
Aldi #81,3013 Washington Pike PA 15017,40.353849,-80.1129915,other_food_retail,,Chain Packaged Food Only,False,ACHD,2024-12-03
Auto Laundry / BP,11835 Frankstown  Road PA 15235,40.469796,-79.8239385,other_food_retail,,Chain Packaged Food Only,False,ACHD,2024-09-12
Busy Beaver #65,4743 Plummer Street PA 15201,40.475538,-79.9585065,other_food_retail,,Chain Packaged Food Only,False,ACHD,2023-04-27
Dollar Tree #1012,324 Towne Square Way PA 15227,40.366989,-79.982505,other_food_retail,,Chain Packaged Food Only,False,ACHD,2025-06-05
Titan Express,1704 Pennsylvania  Avenue PA 15122,40.36239,-79.85916,convenience_limited,,Retail/Convenience Store,False,ACHD,2025-04-29
Omaha Steaks,265 Settlers Ridge Center Drive PA 15205,40.440726,-80.1499185,other_food_retail,,Chain Packaged Food Only,False,ACHD,2024-11-12
Big Daddy's,564 Forbes Avenue PA 15219,40.4376553061948,-79.9950741901677,convenience_limited,,Retail/Convenience Store,False,ACHD,2025-02-28
Dobaria Convenience Store,244 Provost Road PA 15227,40.375215,-79.994394,convenience_limited,,Retail/Convenience Store,False,ACHD,2025-01-13
Colangelo's,207 21st Street PA 15222,40.451562,-79.9827705,specialty_food,,Chain Retail/Convenience Store,False,USDA_SNAP+ACHD,2025-06-27
Kuhn's Market,745 Ingomar Road PA 15237,40.580937,-80.055837,full_grocery,,Chain Supermarket,False,ACHD,2025-05-28
Nothing Bundt Cakes,100 Siena Drive PA 15241,40.347009,-80.057979,specialty_food,,Chain Bakery,False,ACHD,2024-09-23
Stop & Shop,10991 Frankstown  Road PA 15235,40.46661,-79.838091,other_food_retail,,Packaged Food Only,False,ACHD,2024-01-09
Smoke Wizard,5880 1/2 Forbes  Avenue PA 15217,40.437801,-79.919766,other_food_retail,,Packaged Food Only,False,USDA_SNAP+ACHD,2025-04-24
Z Corner Store,590 Pittsburgh MIlls Circle PA 15084,40.572945,-79.797834,convenience_limited,,Retail/Convenience Store,False,USDA_SNAP+ACHD,2024-12-06
The Bridgeside Market,201 Chestnut Street PA 15143,40.536198,-80.182944,convenience_limited,,Retail/Convenience Store,False,ACHD,2025-04-11
Handmade Pasta By Yvonne,3333 Babcock Boulevard PA 15237,40.53375,-80.019279,convenience_limited,,Retail/Convenience Store,False,ACHD,2024-09-11
Las Palmas,700 Brookline Boulevard PA 15226,40.394583,-80.021691,full_grocery,,Bakery,False,USDA_SNAP+ACHD,2025-02-19
The Vitamin Shoppe,4145 Wm Penn Highway PA 15146,40.4394492850976,-79.7657902210807,other_food_retail,,Chain Packaged Food Only,False,ACHD,2024-10-11
Mosside Sunoco,2700 Mosside Blvd PA 15146,40.434444,-79.7533695,convenience_limited,,Chain Retail/Convenience Store,False,ACHD,2025-06-25
Plum Sunoco,255 Unity Center  Road PA 15239,40.49001,-79.7805495,convenience_limited,,Retail/Convenience Store,False,ACHD,2025-04-14
Hag's Place,728 Monongahela  Avenue PA 15045,40.323348,-79.892658,other_food_retail,,Packaged Food Only,False,ACHD,2025-03-18
Popeye's Mini Mart,1510  Saxonburg Boulevard PA 15084,40.653936,-79.8393285,convenience_limited,,Retail/Convenience Store,False,ACHD,2025-01-07
Insomnia Cookies,115 Meyran Avenue PA 15213,40.440915,-79.958592,specialty_food,,Chain Bakery,False,ACHD,2025-04-10
Sunoco,304 Freeport Road PA 15215,40.489335,-79.90335,convenience_limited,,Chain Retail/Convenience Store,False,ACHD,2025-03-12
Hilltop Pharmacy,818 Warrington Avenue PA 15210,40.421637,-79.992927,other_food_retail,,Chain Retail/Convenience Store,False,USDA_SNAP+ACHD,2024-07-25
Bella Christie's Sweet Boutique,761 Providence Boulevard PA 15237,40.570128,-80.020818,specialty_food,,Chain Bakery,False,ACHD,2025-07-24
Michael's Arts & Crafts #9186,700 Settlers Ridge Center Drive PA 15205,40.440753,-80.1477675,other_food_retail,,Chain Packaged Food Only,False,ACHD,2025-02-27
Wash Works Laundry House,900 Sleepy Hollow  Road PA 15234,40.372056,-80.0176185,other_food_retail,,Packaged Food Only,False,USDA_SNAP+ACHD,2024-12-13
Walmart #4644,7500 University  Boulevard PA 15108,40.515597,-80.2241415,full_grocery,,Chain Retail/Convenience Store,False,USDA_SNAP+ACHD,2025-04-10
Dollar Tree #3810,28 Highlands Mall PA 15065,40.644846,-79.7123745,other_food_retail,,Retail/Convenience Store,False,USDA_SNAP+ACHD,2025-06-02
Allegheny Coffee & Tea Exchange,2005 Penn Avenue PA 15222,40.451301,-79.983936,convenience_limited,,Chain Retail/Convenience Store,False,ACHD,2025-03-06
Dollar General #17160,1227 State Rt 837 PA 15025,40.256091,-79.920594,other_food_retail,,Chain Packaged Food Only,False,ACHD,2024-10-28
Five Below,587 Clairton Boulevard PA 15236,40.332843,-79.9442235,other_food_retail,,Chain Packaged Food Only,False,ACHD,2024-03-11
Frosting & Crumbs,2139 Le Gran  Drive PA 15044,40.610718,-79.987518,specialty_food,,Bakery,False,ACHD,2025-05-29
Pitt's Dogg'n It,5857 Ellsworth Avenue PA 15232,40.457619,-79.9291935,other_food_retail,,Packaged Food Only,False,ACHD,2024-06-18
Dollar General #17751,1110 Clinton Road PA 15026,40.49451,-80.2885275,other_food_retail,,Chain Packaged Food Only,False,ACHD,2024-10-23
Utsav News,400 Cherry Way PA 15219,40.438737,-79.998606,other_food_retail,,Packaged Food Only,False,USDA_SNAP+ACHD,2025-04-01
CCAC North Bookstore #1318,8701 Perry Highway PA 15237,40.565853,-80.040141,other_food_retail,,Chain Packaged Food Only,False,USDA_SNAP+ACHD,2025-05-27
Speedy Food Mart,1602 5th Avenue PA 15108,40.513248,-80.1536085,convenience_limited,,Retail/Convenience Store,False,USDA_SNAP+ACHD,2024-11-05
Auto Zone #4689,23 Yost  Boulevard PA 15221,40.414491,-79.848018,other_food_retail,,Chain Packaged Food Only,False,ACHD,2024-04-30
3 R Tobacco Outlet,1103 Browsville Road PA 15210,40.405491,-79.990551,convenience_limited,,Retail/Convenience Store,False,ACHD,2025-06-09
Walmart Supercenter #3738,100 Highlands Mall PA 15065,40.646997,-79.7129595,full_grocery,,Chain Supermarket,False,ACHD,2024-10-17
Choice Cigarette Discount Outlet #44689,448 Pittsburgh Street PA 15144,40.540914,-79.7876955,convenience_limited,,Chain Retail/Convenience Store,False,ACHD,2024-04-04
St Clair Mini Mart,2520 Washington  Road PA 15241,40.318812,-80.0882955,convenience_limited,,Retail/Convenience Store,False,ACHD,2024-04-16
A to Z Convenience Stores,1617 West St PA 15120,40.400955,-79.9056765,other_food_retail,,Packaged Food Only,False,ACHD,2025-07-08
Cash & Carry Convenience Store,7920 Saltsburg Road PA 15239,40.477374,-79.7592285,convenience_limited,,Chain Retail/Convenience Store,False,USDA_SNAP+ACHD,2025-07-01
Uni-Mart Convenience Store,612 Old Clairton Road PA 15236,40.325031,-79.957404,convenience_limited,,Packaged Food Only,False,USDA_SNAP+ACHD,2025-07-24
Springdale Floral & Gift Shop,902 Pittsburgh Street PA 15144,40.541373,-79.7775435,other_food_retail,,Packaged Food Only,False,ACHD,2024-03-19
Mediterranean Market,2021 Carson Street PA 15203,40.428801,-79.9766955,convenience_limited,,Retail/Convenience Store,False,ACHD,2025-07-14
Sunoco,600 Lysle  Boulevard PA 15132,40.351662,-79.859232,convenience_limited,,Chain Retail/Convenience Store,False,ACHD,2025-06-04
Home Depot #4123,112 Ben Avon Heights Road PA 15237,40.52097,-80.072919,other_food_retail,,Chain Packaged Food Only,False,ACHD,2024-06-21
It's Dogg'n It,260 Atwood Street PA 15213,40.439628,-79.95618,other_food_retail,,Packaged Food Only,False,ACHD,2025-05-05
Sunoco,113 Noble Avenue PA 15205,40.434957,-80.0656245,convenience_limited,,Chain Retail/Convenience Store,False,ACHD,2025-02-13
Carline Cafe,109 California Avenue PA 15202,40.503537,-80.0736255,other_food_retail,,Packaged Food Only,False,ACHD,2024-09-17
Ice Cream & Things,1336 Juniata  Street PA 15233,40.45698,-80.0271675,convenience_limited,,Retail/Convenience Store,False,ACHD,2024-09-16
Trello Cioccolato,914 Beaver Grade   Road PA 15108,40.511826,-80.215083,convenience_limited,,Retail/Convenience Store,False,ACHD,2024-12-20
GNC #1378,285 Settlers Ridge Center Drive PA 15205,40.4406,-80.1495045,other_food_retail,,Chain Packaged Food Only,False,ACHD,2024-11-04
Gaby Et Jules Patisseries et Macarons,5837 Forbes Avenue PA 15217,40.438242,-79.921575,specialty_food,,Bakery,False,ACHD,2025-04-28
Cuddy's Home of The Stix,7901 Tioga Street PA 15208,40.450248,-79.8865245,farmers_market,,Seasonal/Farmers Market,False,USDA_SNAP+ACHD,2023-11-20
La Gourmandine,4605 Butler Street PA 15201,40.473117,-79.958862,specialty_food,,Chain Bakery,False,ACHD,2024-11-12
Betsy Ann Chocolates,4960 Route 8 PA 15101,40.603014,-79.944057,other_food_retail,,Chain Packaged Food Only,False,USDA_SNAP+ACHD,2024-06-10
7-Eleven #36121B,423 James Street PA 15145,40.408902,-79.819074,convenience_limited,,Chain Retail/Convenience Store,False,ACHD,2024-12-31
Fresh Thyme Farmer's Market #452,665 Clairton  Boulevard PA 15236,40.330053,-79.944201,full_grocery,,Chain Supermarket,False,ACHD,2024-10-31
88 Tobacco,5815 Library Road PA 15102,40.309776,-80.0328285,other_food_retail,,Packaged Food Only,False,ACHD,2024-02-05
Coen Markets #1237,2880 Brownsville Road PA 15129,40.28769,-79.9969905,convenience_limited,,Chain Retail/Convenience Store,False,ACHD,2025-06-27
Fueland Green Tree Sunoco,2373 Noblestown Road PA 15205,40.426551,-80.0560035,convenience_limited,,Chain Retail/Convenience Store,False,ACHD,2025-06-02
Dollar Tree #5033,8 Quaker Village Shopping Center PA 15056,40.559463,-80.2027215,other_food_retail,,Packaged Food Only,False,ACHD,2025-04-23
Food Glorious Food,5906 Bryant Street PA 15206,40.475439,-79.9196085,specialty_food,,Packaged Food Only,False,USDA_SNAP+ACHD,2025-05-21
Duquesne University / Fisher Market Express @ Fisher Hall,711 Forbes  Avenue PA 15282,40.438206,-79.9924005,convenience_limited,,Retail/Convenience Store,False,ACHD,2023-03-22
Dee's Delights @ Rossi's Flea Market,200 Loews Drive PA 15137,40.389615,-79.8222735,specialty_food,,Packaged Food Only,False,USDA_SNAP+ACHD,2024-10-05
Frank's Confectionery,289 Baldwin Road PA 15207,40.390065,-79.932609,other_food_retail,,Packaged Food Only,False,ACHD,2024-07-01
Sunoco,214 Rodi Road PA 15235,40.463055,-79.8244515,other_food_retail,,Chain Packaged Food Only,False,ACHD,2024-02-20
Dollar Tree #4790,1701 Duncan Avenue PA 15101,40.567356,-79.9994025,other_food_retail,,Chain Retail/Convenience Store,False,USDA_SNAP+ACHD,2024-06-10
Spartan Pharmacy,3400 South Park  Road PA 15102,40.3216803278001,-80.0581431856788,other_food_retail,,Supermarket,False,USDA_SNAP+ACHD,2025-04-28
West Liberty BP,1829 West Liberty Avenue PA 15226,40.405626,-80.018397,convenience_limited,,Retail/Convenience Store,False,ACHD,2024-06-20
Oakmont Bakery,1 Sweet Street PA 15139,40.525641,-79.8422535,specialty_food,,Bakery,False,ACHD,2025-04-30
Dollar Tree #7202,2860 Wildwood Road PA 15101,40.589838,-79.9468245,other_food_retail,,Chain Packaged Food Only,False,ACHD,2025-04-28
Fueland,801 Island  Avenue PA 15136,40.473585,-80.0634915,convenience_limited,,Chain Retail/Convenience Store,False,USDA_SNAP+ACHD,2024-08-13
Market C Ground Floor @ UPMC Mercy Hospital,1400  Locust  Street PA 15219,40.436037,-79.985457,convenience_limited,,Chain Retail/Convenience Store,False,USDA_SNAP+ACHD,2025-04-28
University Store on Fifth,4000 5th  Avenue PA 15213,40.443183,-79.956135,other_food_retail,,Packaged Food Only,False,ACHD,2025-03-25
Giant Eagle #93,600 Towne Square Way PA 15227,40.365639,-79.983405,full_grocery,,Chain Retail/Convenience Store,False,USDA_SNAP+ACHD,2024-09-09
James Vending Micro Market @ GFS Distribution Center,225 Solar  Drive PA 15126,40.439385,-80.30079,other_food_retail,,Chain Packaged Food Only,False,ACHD,2024-12-17
The Pavilion Pantry @ Hilton Garden Inn,250 Forbes Avenue PA 15222,40.440249,-80.001558,other_food_retail,,Packaged Food Only,False,ACHD,2025-04-03
Goodwill,2604 Monroeville Boulevard PA 15146,40.430655,-79.7848605,other_food_retail,,Chain Packaged Food Only,False,ACHD,2024-11-07
Giant Eagle #91,318 Cedar Avenue PA 15212,40.451499,-79.9996725,full_grocery,,Chain Supermarket,False,ACHD,2024-05-09
BP Stop & Go,638 Brown Avenue PA 15145,40.42584,-79.8344325,convenience_limited,,Chain Retail/Convenience Store,False,ACHD,2025-05-13
Gas N Go,1530 Potomac Avenue PA 15216,40.397193,-80.0354745,convenience_limited,,Chain Retail/Convenience Store,False,ACHD,2024-10-10
Le Cupcake Shoppe,109 Capital Avenue PA 15226,40.404924,-80.0184825,specialty_food,,Bakery,False,ACHD,2024-05-13
Dunham's Sports,2315 Mountain View Drive PA 15122,40.34529,-79.9478235,other_food_retail,,Chain Packaged Food Only,False,USDA_SNAP+ACHD,2025-03-18
Travel Traders #3086,1000 Penn Avenue PA 15222,40.444218,-79.994889,other_food_retail,,Chain Packaged Food Only,False,ACHD,2025-06-11
Old Navy #5529,4120 Wm Penn Hwy PA 15146,40.4374071109223,-79.7656104923658,other_food_retail,,Chain Packaged Food Only,False,ACHD,2025-07-03
Mike's Spot,815 Universal  Road PA 15235,40.461138,-79.811901,convenience_limited,,Retail/Convenience Store,False,ACHD,2025-03-05
Walmart Super Center #3838,2010 Village Center Drive PA 15084,40.564089,-79.804143,full_grocery,,Chain Supermarket,False,ACHD,2025-07-23
Goodwill,1306 Pittsburgh Street PA 15024,40.540284,-79.8019065,other_food_retail,,Chain Packaged Food Only,False,ACHD,2025-02-19
Market C @ Aerotech,101 Zeta Drive PA 15238,40.501152,-79.8658335,convenience_limited,,Chain Retail/Convenience Store,False,ACHD,2025-04-10
HomeGoods #597,200 Mall Boulevard PA 15146,40.432662,-79.789347,other_food_retail,,Chain Packaged Food Only,False,ACHD,2024-04-18
Five Below,1010 Settlers Ridge Center Drive PA 15205,40.439772,-80.1481545,other_food_retail,,Chain Packaged Food Only,False,ACHD,2024-11-05
Taste Buds,1 Virginia Avenue PA 15211,40.429044,-80.007075,convenience_limited,,Retail/Convenience Store,False,ACHD,2024-07-09
TJ's Deli Mart #3,100 Clinton Ave PA 15071,40.39848,-80.185842,convenience_limited,,Chain Retail/Convenience Store,False,ACHD,2024-10-29
Los Campos Mexican Grocery,11566 Perry Highway PA 15090,40.626216,-80.054289,convenience_limited,,Retail/Convenience Store,False,ACHD,2024-12-17
Dick's Sporting Goods #129,350 Waterfront Drive PA 15120,40.410126,-79.9110765,other_food_retail,,Chain Packaged Food Only,False,ACHD,2025-05-29
Bellevue Tobacco & News,615 Lincoln  Avenue PA 15202,40.497048,-80.0588835,other_food_retail,,Packaged Food Only,False,ACHD,2024-01-26
Natoli's Market,5045 Bakerstown Road PA 15044,40.661793,-80.0038125,convenience_limited,,Retail/Convenience Store,False,ACHD,2025-07-01
Bobae Asian Food Market,4027 Wm Penn  Highway PA 15146,40.4391577746252,-79.7712713834545,other_food_retail,,Chain Retail/Convenience Store,False,USDA_SNAP+ACHD,2025-07-18
Coen Markets #1229,2401 Carson Street PA 15203,40.428513,-79.970814,convenience_limited,,Chain Retail/Convenience Store,False,ACHD,2025-07-14
Dollar General #20044,4706 Route 8 PA 15101,40.594554,-79.9473015,other_food_retail,,Retail/Convenience Store,False,USDA_SNAP+ACHD,2024-01-11
Dunham's Sports #9017,3700 Wm Penn Highway PA 15146,40.4346380836974,-79.7894119879582,other_food_retail,,Chain Packaged Food Only,False,USDA_SNAP+ACHD,2025-05-15
Market C @ UPMC St Margaret,815 Freeport  Road PA 15215,40.489146,-79.895502,convenience_limited,,Retail/Convenience Store,False,USDA_SNAP+ACHD,2024-06-26
Route #286 Exxon,2405 Golden Mile Highway PA 15239,40.464063,-79.7058,convenience_limited,,Chain Retail/Convenience Store,False,ACHD,2025-04-16
Cash & Carry,1021 Perry Highway PA 15237,40.540563,-80.03655,convenience_limited,,Chain Retail/Convenience Store,False,ACHD,2024-09-20
Dunham's Sports,1701 Lincoln Highway PA 15137,40.372425,-79.785126,other_food_retail,,Chain Packaged Food Only,False,ACHD,2024-11-13
Spice N Sabzi,10293 Perry Highway PA 15090,40.602996,-80.050455,convenience_limited,,Chain Retail/Convenience Store,False,ACHD,2025-04-30
Chocolate Boutique Gourmet Chocolates & Novelty Candy,100 Robinson Centre Drive PA 15205,40.454541,-80.157114,other_food_retail,,Packaged Food Only,False,USDA_SNAP+ACHD,2024-08-27
Market C @ PWC Property Solutions / Keystone Summit,3000 Ericsson Drive PA 15086,40.65849,-80.1018405,convenience_limited,,Chain Retail/Convenience Store,False,ACHD,2024-08-29
The Big Idea Cooperative,4812 Liberty Avenue PA 15224,40.460193,-79.946721,convenience_limited,,Retail/Convenience Store,False,ACHD,2024-06-06
Auto Zone #4671,5230 Library Road PA 15102,40.331718,-80.023383,other_food_retail,,Chain Retail/Convenience Store,False,USDA_SNAP+ACHD,2024-04-08
Uni-Mart,1601 Lowrie Street PA 15212,40.462443,-79.9830585,convenience_limited,,Chain Retail/Convenience Store,False,USDA_SNAP+ACHD,2025-01-23
Auto Zone #4622,6052 University  Boulevard PA 15108,40.519782,-80.218602,other_food_retail,,Chain Packaged Food Only,False,ACHD,2024-11-15
Penn Hills Sunoco,3899 Old William Penn Highway PA 15235,40.444236,-79.813557,convenience_limited,,Chain Retail/Convenience Store,False,USDA_SNAP+ACHD,2025-01-27
Porter's Pharmacy,935 Beaver Grade Road PA 15108,40.5113332807553,-80.2129136114091,other_food_retail,,Packaged Food Only,False,ACHD,2025-01-08
William Penn Highway Sunoco,3406 William Penn Highway PA 15235,40.430583,-79.8155595,other_food_retail,,Packaged Food Only,False,USDA_SNAP+ACHD,2025-05-02
Sweet b Sweet Shop,5895 Heckert Road PA 15007,40.650867,-79.9344135,specialty_food,,Bakery,False,ACHD,2025-06-12
Shannon Sweet Stop,3776 Willow Avenue PA 15234,40.365981,-80.02485,convenience_limited,,Retail/Convenience Store,False,ACHD,2024-12-17
Ross Dress for Less #1737,560 Waterfront Drive PA 15120,40.411674,-79.9059645,other_food_retail,,Chain Packaged Food Only,False,ACHD,2024-11-27
Dollar Tree #4994,1600 Hoffman Boulevard PA 15122,40.383378,-79.867107,other_food_retail,,Chain Packaged Food Only,False,ACHD,2023-11-02
SK Market,1518 Mifflin  Street PA 15120,40.403016,-79.903431,convenience_limited,,Retail/Convenience Store,False,ACHD,2025-07-23
Discount 3,1910 Monongahela  Avenue PA 15218,40.421475,-79.8903675,other_food_retail,,Packaged Food Only,False,ACHD,2024-12-17
Sugar Spell Scoops,1014 Canal Street PA 15215,40.49487,-79.9321185,convenience_limited,,Retail/Convenience Store,False,ACHD,2025-05-07
Linea Verde Green Market,4619 Liberty Avenue PA 15224,40.462488,-79.950159,convenience_limited,,Packaged Food Only,False,USDA_SNAP+ACHD,2025-06-05
Auto Zone #6783,625 8th Avenue PA 15120,40.409388,-79.9039485,other_food_retail,,Chain Packaged Food Only,False,ACHD,2024-07-22
A Sweet Morsel,3612 Wm Flynn Highway PA 15101,40.5538565395811,-79.9580167673951,specialty_food,,Bakery,False,ACHD,2024-06-27
Goodwill,2700 Carson Street PA 15203,40.426668,-79.9668945,other_food_retail,,Chain Packaged Food Only,False,ACHD,2023-10-20
Busy Beaver #51,2940 Library Road PA 15234,40.375242,-80.005923,other_food_retail,,Chain Packaged Food Only,False,ACHD,2024-04-15
Aldi #93,7221 McKnight Road PA 15237,40.537008,-80.0128215,other_food_retail,,Chain Packaged Food Only,False,ACHD,2024-10-16
Dollar Tree #06173,1615 Lincoln  Way PA 15131,40.347747,-79.8162615,other_food_retail,,Packaged Food Only,False,USDA_SNAP+ACHD,2025-04-16
Dick's Sporting Goods,501 Mall Circle  Drive PA 15146,40.429539,-79.7973525,other_food_retail,,Chain Packaged Food Only,False,USDA_SNAP+ACHD,2025-05-06
Marathon / Sweet Pea's #18,5340 Perrysville  Road PA 15229,40.511691,-80.0312715,convenience_limited,,Chain Retail/Convenience Store,False,ACHD,2025-03-31
Pink Box Bakery Cafe,2104 Murray  Avenue PA 15217,40.433436,-79.9232085,specialty_food,,Chain Retail/Convenience Store,False,USDA_SNAP+ACHD,2024-09-04
Lori's Gifts,5230 Centre Ave PA 15232,40.454658,-79.939584,other_food_retail,,Chain Packaged Food Only,False,ACHD,2023-04-05
Dollar Tree #5828,1516 Brighton Avenue PA 15212,40.457259,-80.015436,other_food_retail,,Chain Packaged Food Only,False,ACHD,2024-03-18
Carson News & Lottery,1404 Carson Street PA 15203,40.428666,-79.983882,other_food_retail,,Packaged Food Only,False,ACHD,2023-11-02
Oakmont Olive Oil Co,640 Allegheny River Boulevard PA 15139,40.520196,-79.8422805,convenience_limited,,Retail/Convenience Store,False,ACHD,2025-03-05
City News Outlet,418 Wood Street PA 15222,40.43979,-80.0007795,convenience_limited,,Chain Bakery,False,USDA_SNAP+ACHD,2025-04-17
BP Carnegie,365 Main  Street PA 15106,40.410153,-80.0829405,other_food_retail,,Chain Packaged Food Only,False,ACHD,2024-06-25
City Smoke Shop,3801 Forbes Avenue PA 15213,40.441743,-79.9570125,other_food_retail,,Packaged Food Only,False,ACHD,2025-05-02
Walmart Fuel Center,107 Walmart  Drive PA 15137,40.387194,-79.8225885,convenience_limited,,Chain Retail/Convenience Store,False,ACHD,2025-03-03
Merante Brothers Italian American Market,6 Marion Street PA 15219,40.438179,-79.9842825,convenience_limited,,Retail/Convenience Store,False,ACHD,2025-05-15
Sheetz Convenience Store #610,211 Mt Nebo Road PA 15237,40.533246,-80.0715465,convenience_limited,,Chain Retail/Convenience Store,False,ACHD,2025-05-21
One Stop Convenience Store,3601 Blvd of the Allies PA 15213,40.434768,-79.954209,convenience_limited,,Retail/Convenience Store,False,ACHD,2025-05-22
Sunoco Market 24,6701 Frankstown Avenue PA 15208,40.458834,-79.907562,convenience_limited,,Retail/Convenience Store,False,ACHD,2024-08-02
Madison Ave Specialty Cakes,994 Perry Highway PA 15237,40.539132,-80.0360235,specialty_food,,Bakery,False,ACHD,2024-09-20
Hampton Sunoco,4785 Route 8 PA 15101,40.59702,-79.9479135,convenience_limited,,Chain Retail/Convenience Store,False,ACHD,2025-05-29
Sheetz Convenience Store #629,5554 Steubenville Pike PA 15136,40.452111,-80.129214,convenience_limited,,Chain Retail/Convenience Store,False,ACHD,2024-09-11
West View Sunoco,100 Rochester Road PA 15229,40.520493,-80.0251065,convenience_limited,,Chain Retail/Convenience Store,False,ACHD,2024-11-25
Wexford Beer Distributor,10624 Perry Highway PA 15090,40.613184,-80.053137,convenience_limited,,Retail/Convenience Store,False,ACHD,2025-03-04
TJ's Deli Mart #1,357 Lincoln Avenue PA 15057,40.371561,-80.2295235,convenience_limited,,Chain Retail/Convenience Store,False,ACHD,2024-10-08
King City Market,7900 Bennett  Street PA 15221,40.45392,-79.885089,other_food_retail,,Packaged Food Only,False,ACHD,2024-09-13
AMC CLASSIC South Hills Village 10,700 Fort Couch  Road PA 15241,40.343409,-80.053983,convenience_limited,,Chain Retail/Convenience Store,False,ACHD,2024-01-10
Dollar Tree #01272,2830 Gracy Center Way PA 15108,40.517649,-80.2169865,convenience_limited,,Chain Packaged Food Only,False,USDA_SNAP+ACHD,2025-05-22
Auto Zone #6436,700 Clairton Blvd PA 15236,40.328172,-79.9453935,other_food_retail,,Chain Packaged Food Only,False,ACHD,2024-09-13
L & K Bundt Shop,407 Quarter Horse Lane PA 15026,40.478355,-80.314056,specialty_food,,Bakery,False,ACHD,2025-05-05
Pastries A-La-Carte,81 Clairton Blvd PA 15236,40.339431,-79.961454,specialty_food,,Bakery,False,ACHD,2024-09-13
Laurie's Hallmark,3090 McIntyre Square Drive PA 15237,40.552488,-80.015625,other_food_retail,,Chain Packaged Food Only,False,ACHD,2024-11-13
The Olive Tap,108 19th Street PA 15222,40.450906567698,-79.9849144344696,convenience_limited,,Retail/Convenience Store,False,ACHD,2025-06-25
Shell / CIO Stores #15,2305 O'Neil Boulevard PA 15131,40.351851,-79.829316,convenience_limited,,Retail/Convenience Store,False,ACHD,2025-01-10
Dollar Tree #5553,1630 Arlington Avenue PA 15210,40.417362,-79.9874145,full_grocery,,Chain Supermarket,False,USDA_SNAP+ACHD,2024-09-25
Good L’Oven Cookie Shop,417 Lincoln Avenue PA 15202,40.494132,-80.0532855,convenience_limited,,Chain Retail/Convenience Store,False,ACHD,2024-08-21
Cee Vee Vending @ Niagara Bottling,201 Solar Drive PA 15126,40.442337,-80.296596,convenience_limited,,Chain Retail/Convenience Store,False,ACHD,2025-06-04
La Gourmandine,300 Cochran  Road PA 15228,40.380615,-80.052417,specialty_food,,Chain Bakery,False,ACHD,2024-12-06
Sunoco A Plus #40101H,1201 Airport  Boulevard PA 15231,40.494186,-80.267193,convenience_limited,,Chain Retail/Convenience Store,False,ACHD,2025-01-28
Market C @ Lanxess,111 RIDC Park West  Drive PA 15275,40.456638,-80.1965205,convenience_limited,,Chain Retail/Convenience Store,False,ACHD,2025-06-05
Carnegie Mini Mart,801 Main Street PA 15106,40.401216,-80.095365,convenience_limited,,Retail/Convenience Store,False,USDA_SNAP+ACHD,2024-08-12
Market C @ UPMC Quantum One,2 Hot Metal Street PA 15203,40.425885,-79.9645095,convenience_limited,,Chain Retail/Convenience Store,False,ACHD,2025-03-27
Gryphon's Tea,4709 Liberty Avenue PA 15224,40.462119,-79.9494615,convenience_limited,,Retail/Convenience Store,False,ACHD,2024-11-15
Dosa Cupcakes and More,526 Broadway Boulevard PA 15140,40.402035,-79.777206,other_food_retail,,Packaged Food Only,False,ACHD,2024-09-13
Go Go's Market,5001 2nd Avenue PA 15207,40.408479,-79.943472,other_food_retail,,Packaged Food Only,False,ACHD,2024-07-29
Grandpa Joe's Candy Shop,695 Washington Road PA 15228,40.380327,-80.0444655,other_food_retail,,Chain Packaged Food Only,False,ACHD,2025-04-24
Dipen Ent Inc / Sunoco,3646 Library  Road PA 15234,40.365171,-80.0195535,convenience_limited,,Chain Retail/Convenience Store,False,USDA_SNAP+ACHD,2024-02-27
Hobby Lobby #473,6511 Steubenville Pike PA 15205,40.446126,-80.1624375,other_food_retail,,Chain Packaged Food Only,False,ACHD,2025-05-23
Penn Tobacco Outlet,705 Penn  Avenue PA 15145,40.405104,-79.825941,other_food_retail,,Packaged Food Only,False,ACHD,2024-07-09
Old Navy #7196,8900 Covenant Avenue PA 15237,40.569588,-80.0221095,other_food_retail,,Chain Packaged Food Only,False,ACHD,2025-06-13
Aldi #69,6290 Northway Drive PA 15237,40.550769,-80.0225865,other_food_retail,,Chain Packaged Food Only,False,ACHD,2025-03-11
Grace Asian Grocery,1237 Route 51 (Clairton Blvd) Highway PA 15025,40.310541,-79.936677,convenience_limited,,Retail/Convenience Store,False,ACHD,2024-12-16
Choice Tobacco Discount Outlet,5129 Brightwood  Road PA 15102,40.330962,-80.0301645,other_food_retail,,Packaged Food Only,False,ACHD,2023-07-20
Market C @ Pittsburgh Post-Gazette,358 North Shore  Drive PA 15212,40.44618,-80.0111565,convenience_limited,,Chain Retail/Convenience Store,False,ACHD,2023-08-22
Hungry Cupcake,7 McKrell  Road PA 15076,40.619835,-79.8339195,other_food_retail,,Packaged Food Only,False,ACHD,2025-02-06
Prantl’s Bakery,5525 Walnut Street PA 15232,40.451589,-79.9328745,specialty_food,,Chain Bakery,False,ACHD,2025-02-25
Penn Sunoco,4068 Penn  Avenue PA 15224,40.46544,-79.955298,convenience_limited,,Chain Retail/Convenience Store,False,ACHD,2025-07-15
Market C @ UPMC Clinical Lab,110 McKee  Place PA 15213,40.440195,-79.9601265,convenience_limited,,Chain Retail/Convenience Store,False,ACHD,2025-06-12
PPG PAINTS Arena / 06.01.01 #215 Drink Market,1001 5th Avenue PA 15219,40.439493,-79.9895835,other_food_retail,,Packaged Food Only,False,USDA_SNAP+ACHD,2025-03-13
Fa's Market,623 Jones Ave PA 15104,40.40424,-79.861977,convenience_limited,,Retail/Convenience Store,False,ACHD,2023-12-15
7-Eleven #36158A,321 Camp Hollow Rd PA 15122,40.34871,-79.926633,convenience_limited,,Chain Retail/Convenience Store,False,ACHD,2025-02-11
Dollar Tree #4522,2350 Noblestown  Road PA 15205,40.427298,-80.0554545,other_food_retail,,Packaged Food Only,False,USDA_SNAP+ACHD,2024-06-24
Good L'Oven Cookie Shop Too,322 Sewickley Oakmont Road PA 15237,40.538259,-80.049906,convenience_limited,,Retail/Convenience Store,False,ACHD,2024-11-08
My Favorite Sweet Shoppe,1597 Washington  Pike PA 15017,40.382451,-80.095545,convenience_limited,,Chain Retail/Convenience Store,False,ACHD,2024-06-06
Edible Arrangements,3050 McIntyre Square Drive PA 15237,40.552344,-80.016066,convenience_limited,,Chain Retail/Convenience Store,False,ACHD,2025-07-11
Exxon,2501 Brighton Road PA 15212,40.466916,-80.025543,convenience_limited,,Chain Retail/Convenience Store,False,ACHD,2025-01-08
Target #2077,288 Mt Nebo Pointe Drive PA 15237,40.535694,-80.068554,other_food_retail,,Chain Packaged Food Only,False,ACHD,2024-07-19
Beacom's Store,120 State Route 908 Extension PA 15084,40.63824,-79.8105645,other_food_retail,,Retail/Convenience Store,False,USDA_SNAP+ACHD,2024-11-13
Arsenal Beer Emporium,4104 Butler Street PA 15201,40.469508,-79.960986,convenience_limited,,Retail/Convenience Store,False,ACHD,2025-02-03
Sunoco A Plus #40164H,1710 Washington  Road PA 15241,40.348332,-80.0528895,convenience_limited,,Chain Retail/Convenience Store,False,ACHD,2024-12-19
Home Depot #4116,3550 Wm Penn Hwy PA 15235,40.4290899323591,-79.8053328723998,other_food_retail,,Chain Packaged Food Only,False,ACHD,2024-10-08
Mash Mini Mart,4341 Old Wm Penn  Highway PA 15146,40.4432791302631,-79.7737168100843,convenience_limited,,Retail/Convenience Store,False,ACHD,2024-03-25
Shanthi Supermarket,1008 Greentree Road PA 15220,40.416507,-80.0452305,other_food_retail,,Packaged Food Only,False,ACHD,2024-05-29
Home Depot #4156,102 Aldi Dr PA 15137,40.370868,-79.780014,other_food_retail,,Chain Packaged Food Only,False,ACHD,2024-11-13
AHN Forbes Hospital Gift Shop,2570 Haymaker Road PA 15146,40.428252,-79.74765,other_food_retail,,Packaged Food Only,False,ACHD,2024-09-23
Crumbl Cookies North Fayette,306 McHolme Drive PA 15275,40.448826,-80.1742905,specialty_food,,Chain Bakery,False,ACHD,2024-12-30
Crumbl Cookies Monroeville,4158 Wm Penn Highway PA 15146,40.4378367516253,-79.7651647851827,specialty_food,,Chain Bakery,False,ACHD,2025-06-10
Panda Supermarket,5818 Forbes Avenue PA 15217,40.437801,-79.922187,convenience_limited,,Retail/Convenience Store,False,ACHD,2025-06-19
Prantl’s Bakery,5824  Forbes  Avenue PA 15217,40.4378101610164,-79.9218812804978,specialty_food,,Retail/Convenience Store,False,USDA_SNAP+ACHD,2025-06-19
Sunoco,6500 Saltsburg Road PA 15235,40.482333,-79.809534,other_food_retail,,Chain Packaged Food Only,False,ACHD,2024-07-08
Walgreens @ St. Clair Health,1000 Bower Hill Road PA 15243,40.378059,-80.066808,other_food_retail,,Chain Packaged Food Only,False,ACHD,2024-11-06
Springdale Food Mart / Chester's,627 Pittsburgh Street PA 15144,40.541454,-79.783047,convenience_limited,,Chain Retail/Convenience Store,False,ACHD,2025-06-20
Love Made Edible,4030 Saw Mill Run Boulevard PA 15227,40.36824,-79.9838145,specialty_food,,Bakery,False,ACHD,2025-04-10
The Cheese Queen,156 Brownsville Road PA 15210,40.416102,-79.987266,farmers_market,,Seasonal/Farmers Market,False,USDA_SNAP+ACHD,2025-05-27
Sugar Butter Bakery,331 Main Street PA 15106,40.409631,-80.0836245,specialty_food,,Bakery,False,ACHD,2025-02-12
Repurposed,7805 McKnight Road PA 15237,40.547934,-80.018703,other_food_retail,,Packaged Food Only,False,ACHD,2025-02-13
Coen Markets #1232,4071 Beechwood Boulevard PA 15217,40.426551,-79.938261,convenience_limited,,Chain Retail/Convenience Store,False,ACHD,2024-09-20
Sherry’s Family Market,549 Bessemer Avenue PA 15112,40.395195,-79.8393825,other_food_retail,,Packaged Food Only,False,ACHD,2025-07-25
American Thrift Center,1806 Homeville Road PA 15122,40.365261,-79.8712515,other_food_retail,,Packaged Food Only,False,ACHD,2025-03-13
Shell / Sweet Pea's,1424 US Route 30 PA 15026,40.493493,-80.30619,convenience_limited,,Chain Retail/Convenience Store,False,ACHD,2024-10-08
Ollie's Bargain Outlet,4505 Century Drive PA 15122,40.343121,-79.9438365,other_food_retail,,Chain Packaged Food Only,False,ACHD,2025-05-27
Confections by Casey Renee,1019 Wood Street PA 15221,40.444236,-79.8845715,specialty_food,,Bakery,False,ACHD,2024-10-03
BJ's Wholesale Club #388,4000 Victoria Street PA 15017,40.360959,-80.1245565,full_grocery,,Chain Supermarket,False,ACHD,2024-12-13
GNC #1050,6401 Penn Avenue PA 15206,40.458537,-79.9182315,other_food_retail,,Chain Packaged Food Only,False,ACHD,2024-05-13
Piebird Pastry Kitchen,5304 Butler Street PA 15201,40.482189,-79.9521705,specialty_food,,Bakery,False,ACHD,2025-07-18
Target #2262 - Grocery,550 Grandview Crossing  Drive PA 15044,40.641876,-79.9417395,other_food_retail,,Chain Packaged Food Only,False,ACHD,2025-04-07
Highway Mart Exxon Mobil,721 Island Avenue PA 15136,40.473135,-80.062515,other_food_retail,,Chain Retail/Convenience Store,False,USDA_SNAP+ACHD,2024-11-14
Lori's Gifts,2775 Mosside Boulevard PA 15146,40.436937,-79.7605335,other_food_retail,,Chain Retail/Convenience Store,False,USDA_SNAP+ACHD,2025-05-27
Children's Hospital / Lori's Gifts,4401 Penn Ave / 1St Fl - Main PA 15224,40.466421,-79.9529895,convenience_limited,,Chain Retail/Convenience Store,False,USDA_SNAP+ACHD,2024-11-19
Gabe's,3500 McIntyre Square Drive PA 15237,40.554279,-80.016255,other_food_retail,,Chain Packaged Food Only,False,ACHD,2023-05-10
Dollar Tree #06413,4680 Old William Penn  Highway PA 15146,40.439205,-79.7433615,convenience_limited,,Chain Packaged Food Only,False,USDA_SNAP+ACHD,2024-01-02
John & Gerry's Fruit Market,2900 Freeport Road PA 15144,40.488554224,-79.89035649,convenience_limited,,Retail/Convenience Store,False,ACHD,2025-07-23
BP Market 24 #36182,100 Fox Chapel  Drive PA 15238,40.489335,-79.8825735,convenience_limited,,Chain Retail/Convenience Store,False,ACHD,2025-01-09
HomeGoods #634,850 Providence Boulevard PA 15237,40.569102,-80.0196885,other_food_retail,,Chain Packaged Food Only,False,ACHD,2024-12-30
Dollar Tree #00618,5253 Library  Road PA 15102,40.332456,-80.0218575,other_food_retail,,Chain Packaged Food Only,False,ACHD,2024-10-15
Coen Markets #1239,304 Virginia  Avenue PA 15211,40.431438,-80.0107875,convenience_limited,,Chain Retail/Convenience Store,False,ACHD,2024-05-14
Sky's The Limit Market,6113 Broad Street PA 15206,40.462083,-79.92252,other_food_retail,,Packaged Food Only,False,ACHD,2025-03-21
Dollar Tree #1275,110 Walmart Drive PA 15137,40.385853,-79.822836,other_food_retail,,Chain Packaged Food Only,False,ACHD,2025-03-18
St. Moritz Chocolatier,301 Grant Street PA 15219,40.437999,-79.998606,other_food_retail,,Packaged Food Only,False,ACHD,2025-04-03
Market C / Guardian Cafe @ Guardian Protective Services,174 Thorn Hill Road PA 15086,40.67064,-80.1108225,convenience_limited,,Chain Retail/Convenience Store,False,ACHD,2024-08-29
Smoker Friendly,2382 Golden Mile Highway PA 15239,40.462947,-79.7046435,other_food_retail,,Chain Packaged Food Only,False,ACHD,2025-01-07
Bloomfield Groceria,237 Cedarville Street PA 15224,40.461867,-79.9485435,other_food_retail,,Packaged Food Only,False,USDA_SNAP+ACHD,2024-06-10
B K Market,911 Swissvale Avenue PA 15221,40.44105,-79.8781185,other_food_retail,,Packaged Food Only,False,ACHD,2025-03-12
Stoecklein's Bake Shop,6545 Saltsburg Road PA 15235,40.482063,-79.8081885,specialty_food,,Bakery,False,ACHD,2025-05-08
Insomnia Cookies,1734 Carson Street PA 15203,40.428585,-79.9808355,specialty_food,,Retail/Convenience Store,False,USDA_SNAP+ACHD,2025-04-16
Elizabeth Citgo,2002 Lincoln Boulevard PA 15037,40.278942,-79.8747975,convenience_limited,,Chain Retail/Convenience Store,False,ACHD,2025-03-28
Coen Markets #1234,1501 Canal Street PA 15215,40.496688,-79.9260165,convenience_limited,,Chain Retail/Convenience Store,False,ACHD,2024-11-22
Grandview Bakery & Sweet Shop,225 Shiloh Street PA 15211,40.429836,-80.007201,specialty_food,,Packaged Food Only,False,USDA_SNAP+ACHD,2025-03-17
Ben Avon Mini Mart,200 Division Avenue PA 15202,40.503969,-80.0753985,other_food_retail,,Packaged Food Only,False,ACHD,2024-09-18
Willie's Smokehouse,221 Commercial Avenue PA 15215,40.490307,-79.9041825,convenience_limited,,Packaged Food Only,False,USDA_SNAP+ACHD,2025-03-12
SAI Sunoco,3039 Freeport Road PA 15065,40.64229,-79.710777,convenience_limited,,Chain Retail/Convenience Store,False,ACHD,2024-10-08
Beer Towne,619 Warrendale Road PA 15044,40.668327,-80.02089,convenience_limited,,Retail/Convenience Store,False,ACHD,2025-05-16
Circle K #4201,501 Main Street PA 15215,40.494474,-79.9362585,convenience_limited,,Chain Retail/Convenience Store,False,ACHD,2024-11-05
Loafers Bread Company,10600 Perry Highway PA 15090,40.612743,-80.053119,specialty_food,,Chain Bakery,False,ACHD,2025-03-12
Sunoco - Blawnox,806 Freeport Road PA 15238,40.498875,-79.8531975,convenience_limited,,Chain Retail/Convenience Store,False,ACHD,2025-02-27
Duquesne University / Connections @ Student Union,1000 Locust Street PA 15219,40.43664,-79.99083,convenience_limited,,Retail/Convenience Store,False,ACHD,2025-03-26
The Cakery,479 Perry  Highway PA 15229,40.52115,-80.0337375,specialty_food,,Bakery,False,ACHD,2025-04-02
Patel Brothers,312 Mall Boulevard PA 15146,40.434525,-79.785567,full_grocery,,Chain Supermarket,False,ACHD,2024-09-16
Bhangal Mcknight Exxon,4616 McKnight Road PA 15237,40.506102,-80.0072865,convenience_limited,,Chain Retail/Convenience Store,False,ACHD,2024-08-19
Merante Gifts,4723 Liberty Avenue PA 15224,40.461903,-79.949025,full_grocery,,Supermarket,False,ACHD,2023-11-02
Smithfield News,115 Smithfield Street PA 15222,40.437711,-80.0004825,convenience_limited,,Retail/Convenience Store,False,ACHD,2025-03-05
BJ's Wholesale Club #387,6270 Northway Drive PA 15237,40.549005,-80.02143,full_grocery,,Chain Supermarket,False,ACHD,2025-02-28
My Sweet Lilly,2013 Penn Avenue PA 15222,40.451508,-79.983819,convenience_limited,,Retail/Convenience Store,False,ACHD,2025-03-20
Baked True North,1137 Perry Highway PA 15237,40.549014,-80.0372925,specialty_food,,Seasonal/Farmers Market,False,USDA_SNAP+ACHD,2024-10-16
Adan Market 2,707 Warrington Avenue PA 15210,40.421988,-79.995456,other_food_retail,,Packaged Food Only,False,ACHD,2025-04-17
Makkah One Market,1100 Washington Avenue PA 15106,40.398075,-80.0843985,convenience_limited,,Chain Retail/Convenience Store,False,USDA_SNAP+ACHD,2025-03-11
Peebles Express,8716 Peebles Road PA 15237,40.567176,-80.007579,convenience_limited,,Chain Retail/Convenience Store,False,ACHD,2025-07-02
Aldi #73,114 Chartiers Avenue PA 15136,40.465422,-80.055648,other_food_retail,,Chain Packaged Food Only,False,ACHD,2024-08-14
La Roche University / Bookstore #703,9000 Babcock Boulevard PA 15237,40.568589,-80.014491,other_food_retail,,Chain Packaged Food Only,False,ACHD,2024-04-26
Aicha's Store,507 Bessemer  Avenue PA 15112,40.395294,-79.8412635,other_food_retail,,Packaged Food Only,False,ACHD,2024-12-20
Aldi #60,1040 Village Center  Drive PA 15084,40.567572,-79.8034185,other_food_retail,,Chain Packaged Food Only,False,ACHD,2024-09-27
Market C @ Rosedale Technical College,215  Beechum Drive PA 15205,40.452039,-80.1038205,convenience_limited,,Chain Retail/Convenience Store,False,ACHD,2024-08-14
Coen Markets #1231,1709 Saw Mill Run  Boulevard PA 15210,40.395942,-79.9973055,convenience_limited,,Chain Retail/Convenience Store,False,ACHD,2025-04-30
Edible Arrangements #1668,1001 Liberty Avenue PA 15222,40.444569,-79.9939935,convenience_limited,,Chain Retail/Convenience Store,False,ACHD,2025-06-12
Sunoco A Plus #40135H,339 Cochran Road PA 15228,40.382586,-80.0527815,convenience_limited,,Chain Retail/Convenience Store,False,ACHD,2024-07-31
Dillner Family Farm Market,80 Oak Road PA 15044,40.622949,-79.9001415,convenience_limited,,Retail/Convenience Store,False,ACHD,2025-04-22
Gabe's,5505 Century  Drive PA 15122,40.341951,-79.9424595,other_food_retail,,Chain Packaged Food Only,False,ACHD,2025-06-26
Nim Nim Convenience Store,4010  Saw Mill Run  Boulevard PA 15227,40.36878,-79.983639,convenience_limited,,Retail/Convenience Store,False,ACHD,2025-01-15
Atobabs Grocery,825 Linden (East Pittsburgh Mall) Avenue PA 15112,40.400973,-79.8348105,convenience_limited,,Retail/Convenience Store,False,ACHD,2024-07-17
Market C @ U.S. Steel Tower 24th Floor,600 Grant Street PA 15219,40.441356,-79.994853,convenience_limited,,Chain Packaged Food Only,False,USDA_SNAP+ACHD,2023-01-10
Coen Markets #1236,925 Carson Street PA 15203,40.428981,-79.989003,convenience_limited,,Chain Retail/Convenience Store,False,ACHD,2025-01-02
Prantl's,528 Ohio Street PA 15212,40.453875,-79.999794,specialty_food,,Chain Bakery,False,ACHD,2024-08-08
Gaby et Jules Cafe,6006 Penn Avenue PA 15206,40.461147,-79.92459,convenience_limited,,Chain Retail/Convenience Store,False,ACHD,2024-06-10
Micro Market @ Schroeder Industries,580 West Park  Road PA 15056,40.566996,-80.2186785,other_food_retail,,Chain Packaged Food Only,False,ACHD,2023-03-15
Mascari's Duncan Manor Exxon / Staks,1700 Ferguson Road PA 15101,40.565466,-79.998579,convenience_limited,,Chain Retail/Convenience Store,False,ACHD,2025-07-02
Palmer Pharmacy,738 Little Deer Creek Valley Road PA 15076,40.61754,-79.833582,convenience_limited,,Retail/Convenience Store,False,ACHD,2025-05-27
Sunoco Minimart,104 Clairton Boulevard PA 15236,40.338648,-79.959762,convenience_limited,,Chain Retail/Convenience Store,False,ACHD,2024-06-05
Global Groceries Market,2101 Perrysville Avenue PA 15214,40.463811,-80.0121825,other_food_retail,,Packaged Food Only,False,ACHD,2024-01-29
Allegheny Beverage,2311 Freeport Road PA 15065,40.630338,-79.717824,convenience_limited,,Retail/Convenience Store,False,ACHD,2024-12-03
PuffDiggity Cigar & Vape,668 Washington Road PA 15228,40.380642,-80.0447265,convenience_limited,,Retail/Convenience Store,False,ACHD,2024-12-09
Manpasand Spice Corner,2101 Greentree Road PA 15220,40.39119,-80.0690895,convenience_limited,,Retail/Convenience Store,False,ACHD,2025-04-22
Shell / Sweet Pea's #19,3998 Steubenville  Pike PA 15205,40.440168,-80.084088,other_food_retail,,Chain Packaged Food Only,False,ACHD,2024-11-20
Acrisure Stadium / Walk Thru Brew 119,500 Art Rooney Avenue PA 15212,40.4467,-80.01574,other_food_retail,,Packaged Food Only,False,USDA_SNAP+ACHD,2024-10-12
Brother's Beer,2604 Golden Mile Highway PA 15239,40.46967,-79.7059485,other_food_retail,,Packaged Food Only,False,ACHD,2024-01-02
Duke's Marathon,4695 Campbells Run Road PA 15205,40.429899,-80.1336645,convenience_limited,,Chain Retail/Convenience Store,False,ACHD,2025-04-10
BP Elizabeth,314 Scenery Drive PA 15037,40.277664,-79.837623,convenience_limited,,Chain Retail/Convenience Store,False,USDA_SNAP+ACHD,2025-02-21
RN Market,256 S Highland PA 15206,40.457277,-79.925346,convenience_limited,,Retail/Convenience Store,False,ACHD,2025-03-03
Smoke Connection,5804 Forbes Avenue PA 15217,40.437909,-79.9226235,other_food_retail,,Packaged Food Only,False,ACHD,2023-08-24
Ollie's Bargain Outlet,4201 Walnut  Street PA 15132,40.322232,-79.837326,other_food_retail,,Chain Packaged Food Only,False,USDA_SNAP+ACHD,2025-03-31
DashMart,3232 Penn Avenue PA 15201,40.461264,-79.9688295,convenience_limited,,Chain Retail/Convenience Store,False,ACHD,2025-03-10
Rolling Pepperoni,6140 Butler  Street PA 15201,40.48803,-79.9377165,specialty_food,,Bakery,False,ACHD,2024-05-08
Market C @ Aerotech Epsilon Building,610 Epsilon Drive PA 15238,40.501188,-79.875648,convenience_limited,,Chain Retail/Convenience Store,False,ACHD,2025-04-23
Nothing Bundt Cakes,3470 William Penn Highway PA 15235,40.4284101063391,-79.8091868739375,specialty_food,,Chain Bakery,False,ACHD,2024-08-21
Shop 'n Save,5001 Library Road PA 15102,40.341096,-80.024661,full_grocery,,Chain Supermarket,False,ACHD,2025-03-26
Forsythe Miniature Golf,920 Forsythe Road PA 15106,40.405302,-80.0761095,convenience_limited,,Retail/Convenience Store,False,ACHD,2024-08-07
Old Navy #1107,630 Waterfront Drive PA 15120,40.412124,-79.904268,other_food_retail,,Chain Packaged Food Only,False,ACHD,2024-11-27
Mayfly Market / Gilligan's Sorbet,1327 Arch Street PA 15233,40.45725,-80.0095815,convenience_limited,,Retail/Convenience Store,False,ACHD,2024-09-17
Brew-Thru Beer and More,264 Yost Boulevard PA 15221,40.414077,-79.8556635,convenience_limited,,Retail/Convenience Store,False,ACHD,2024-10-07
Mercearia Brazilian Mini Market,4091 Route 8 Highway PA 15101,40.567977,-79.9549515,convenience_limited,,Retail/Convenience Store,False,ACHD,2025-04-16
BB & Bur Pastry Kitchen,317 Trenton Avenue PA 15221,40.443669,-79.8920775,specialty_food,,Bakery,False,ACHD,2024-09-20
Danielle's Test Kitchen (TEST Client),2121 Nobelstown  Road,40.42971,-80.052039,specialty_food,,Bakery,False,USDA_SNAP+ACHD,2025-05-07
Puff House,225 Ross Street PA 15219,40.436991,-79.997094,convenience_limited,,Retail/Convenience Store,False,ACHD,2025-04-09
In n Out Corner Market,4900 Penn Avenue PA 15224,40.464945,-79.944867,convenience_limited,,Retail/Convenience Store,False,ACHD,2025-05-07
Tarentum Beverage Mart,303 6th Avenue PA 15084,40.602717,-79.754265,convenience_limited,,Retail/Convenience Store,False,ACHD,2025-05-16
Save On Beer,933 Sheraton Drive PA 16046,40.671765,-80.0959365,convenience_limited,,Retail/Convenience Store,False,ACHD,2025-01-31
Aldi #89,300 Eden Park  Boulevard PA 15132,40.327533,-79.838658,other_food_retail,,Chain Packaged Food Only,False,ACHD,2024-10-16
Market C @ Clearview Credit Union,8805 University Boulevard PA 15108,40.505373,-80.222346,convenience_limited,,Chain Retail/Convenience Store,False,ACHD,2024-05-21
Lori's Gifts #636 @ AHN Wexford Medical Mall,12311 Perry Highway PA 15090,40.635621,-80.063955,other_food_retail,,Chain Packaged Food Only,False,ACHD,2025-03-18
Madsen Donuts,4097 Battle Ridge  Road PA 15031,40.34871,-80.164368,specialty_food,,Chain Bakery,False,ACHD,2025-02-06
Market C @ PPG Industries,125 Colfax Street PA 15144,40.537161,-79.7848335,convenience_limited,,Chain Retail/Convenience Store,False,ACHD,2024-04-04
Frankie’s Sausage,807 Main Street PA 15215,40.494483,-79.934364,convenience_limited,,Retail/Convenience Store,False,ACHD,2024-11-06
Green Valley Beer Distributor,501 East Pittsburgh McKeesport  Boulevard PA 15137,40.369446,-79.830765,other_food_retail,,Packaged Food Only,False,ACHD,2024-05-16
Schenley Heights Community Market,900 Bryn Mawr Road PA 15219,40.451868,-79.9587405,convenience_limited,,Retail/Convenience Store,False,ACHD,2024-06-27
Tim's Corner Market,2130 Broadway Avenue PA 15216,40.404042,-80.0304795,convenience_limited,,Retail/Convenience Store,False,ACHD,2024-03-14
Vintage Arbor Cafe,421 Highland Avenue PA 15206,40.465359,-79.9234425,convenience_limited,,Retail/Convenience Store,False,ACHD,2024-10-28
Breadworks,2110 Brighton Rd PA 15212,40.462182,-80.018991,specialty_food,,Bakery,False,ACHD,2024-11-19
Travel Traders #3181,530 Wm Penn Place PA 15230,40.442418,-80.0026785,other_food_retail,,Chain Packaged Food Only,False,ACHD,2025-06-18
Pitt Eats / Petersen Events Center / Pitt on the Go,3719 Terrace Street PA 15213,40.443939,-79.9623,other_food_retail,,Packaged Food Only,False,ACHD,2024-10-24
Avenue C @ BNY Client Services Center,500 Ross Street PA 15215,40.4397181468091,-79.9948822123413,convenience_limited,,Chain Retail/Convenience Store,False,ACHD,2024-03-05
Dollar Tree #2103,1015 West View Park Drive PA 15229,40.516056,-80.0382375,convenience_limited,,Chain Retail/Convenience Store,False,ACHD,2025-01-13
3 2 Go @ CCAC West Hills,1000 McKee  Road PA 15071,40.437045,-80.1933255,other_food_retail,,Chain Packaged Food Only,False,ACHD,2023-05-24
Pizons Market,1536 Brinton Avenue PA 15104,40.402359,-79.8419205,convenience_limited,,Retail/Convenience Store,False,ACHD,2025-01-29
Ingomar Beer,800 Ingomar Road PA 15127,40.5818618120001,-80.055607536,full_grocery,,Chain Supermarket,False,USDA_SNAP+ACHD,2023-12-07
Market C @ UPMC Children's Hospital North,2599 Wexford Bayne Road PA 15143,40.614111,-80.101044,convenience_limited,,Chain Retail/Convenience Store,False,ACHD,2024-08-29
Harvest Valley Farms,6003 Cunningham Road PA 15044,40.663908,-79.93494,convenience_limited,,Retail/Convenience Store,False,ACHD,2024-05-21
Beer on Butler,4811 Butler Street PA 15201,40.476438,-79.95798,convenience_limited,,Retail/Convenience Store,False,ACHD,2025-05-23
Sweet Art Creations,499B Taft Avenue PA 15122,40.3617405844099,-79.8614233500414,specialty_food,,Bakery,False,ACHD,2024-10-25
Edgewood Beer & Tobacco,1639 Braddock Avenue PA 15218,40.428036,-79.88742,convenience_limited,,Retail/Convenience Store,False,ACHD,2025-07-22
Sweet Pea's,3739 Library Road PA 15234,40.364388,-80.020386,convenience_limited,,Retail/Convenience Store,False,USDA_SNAP+ACHD,2024-04-12
Donna Brazilian Market,1110 5th Avenue PA 15108,40.516542,-80.162244,convenience_limited,,Retail/Convenience Store,False,ACHD,2024-10-22
Cinnaholic,6168 Centre Avenue PA 15206,40.460157,-79.922835,specialty_food,,Chain Bakery,False,ACHD,2025-06-18
Burlington #191,432 Smithfield Street PA 15222,40.43952,-79.998768,other_food_retail,,Chain Packaged Food Only,False,USDA_SNAP+ACHD,2023-09-18
Silver Star Old Fashioned Deli,1726 Middletown Road PA 15136,40.468329,-80.0845875,convenience_limited,,Retail/Convenience Store,False,ACHD,2025-02-26
Beer Bros - Greenfield,4073 Beechwood Boulevard PA 15217,40.426866,-79.9389135,convenience_limited,,Chain Retail/Convenience Store,False,ACHD,2025-03-04
McBroom Distributor,1200 Braddock Avenue PA 15218,40.431573,-79.893351,other_food_retail,,Packaged Food Only,False,ACHD,2023-11-20
BP Market 24,9411 University Boulevard PA 15108,40.502007,-80.2215765,convenience_limited,,Chain Retail/Convenience Store,False,ACHD,2025-05-16
Black & Gold Beer Warehouse,1000 Bradish Street PA 15203,40.427019,-79.9883595,other_food_retail,,Packaged Food Only,False,ACHD,2024-07-22
Broadway Dairy Mart,412 Broadway  Avenue PA 15136,40.469166,-80.0687745,other_food_retail,,Packaged Food Only,False,ACHD,2025-03-04
Clairton Beer Distributor,112 Elm Street PA 15025,40.308885,-79.8909255,other_food_retail,,Retail/Convenience Store,False,USDA_SNAP+ACHD,2025-03-12
C & C News & Snax,2 PPG Place PA 15222,40.440465,-80.0033355,convenience_limited,,Retail/Convenience Store,False,ACHD,2024-08-21
Crumbl Cookies Bethel Park,2409 South Park Road PA 15102,40.329369,-80.0226135,specialty_food,,Chain Bakery,False,ACHD,2024-11-26
Holly's Hallmark,5301 Grove  Road PA 15236,40.358232,-80.001792,other_food_retail,,Chain Packaged Food Only,False,USDA_SNAP+ACHD,2024-02-17
"Beer, Lime & Sunshine - Greentree",983 Greentree Road PA 15220,40.418262,-80.0451675,convenience_limited,,Chain Retail/Convenience Store,False,ACHD,2024-09-18
Nothing Bundt Cakes,5824 Penn Avenue PA 15206,40.462119,-79.9274025,specialty_food,,Chain Bakery,False,ACHD,2024-06-18
Dollar Tree #09021,7219B McKnight Road PA 15237,40.537809,-80.013204,other_food_retail,,Chain Packaged Food Only,False,ACHD,2024-06-11
S&F Cafe,6601 Hamilton Avenue PA 15206,40.457979,-79.910541,convenience_limited,,Retail/Convenience Store,False,USDA_SNAP+ACHD,2024-09-10
Panaderia Jazmin,300C Beverly Road PA 15216,40.388877,-80.0498835,specialty_food,,Bakery,False,ACHD,2024-08-13
Target Stores #1219 / Starbucks,4004 Monroeville  Boulevard PA 15146,40.434102,-79.772679,convenience_limited,,Chain Retail/Convenience Store,False,ACHD,2025-03-20
Third Space Bakery,5349 Penn Avenue PA 15224,40.464909,-79.9365465,specialty_food,,Seasonal/Farmers Market,False,USDA_SNAP+ACHD,2025-07-25
Save-Mor Beer & Pop Warehouse,4516 Browns Hill Road PA 15217,40.416939,-79.9254675,convenience_limited,,Retail/Convenience Store,False,ACHD,2024-09-23
Dick's Sporting Goods,5000 Robinson Centre Drive PA 15205,40.453119,-80.156331,other_food_retail,,Chain Packaged Food Only,False,ACHD,2025-06-12
Vanilla Pastry Studio,6014 Centre Avenue PA 15206,40.459914,-79.924329,specialty_food,,Bakery,False,ACHD,2024-05-02
Coen Markets #1243,500 Market Place Drive PA 15071,40.440042,-80.2394865,convenience_limited,,Chain Retail/Convenience Store,False,ACHD,2024-10-30
Little Tony's Mini Mart,304 Ross Street PA 15219,40.437099,-79.9965225,convenience_limited,,Retail/Convenience Store,False,ACHD,2025-02-28
Frick Park Market,7103 Reynolds Street PA 15208,40.447215,-79.9051095,convenience_limited,,Retail/Convenience Store,False,ACHD,2024-09-20
Sudsy's Beer and Cigar Store,6080 Library Road PA 15102,40.299732,-80.03043,convenience_limited,,Retail/Convenience Store,False,ACHD,2024-08-09
Community Kitchen Pittsburgh,107 Flowers  Avenue PA 15207,40.410189,-79.9437195,full_grocery,,Seasonal/Farmers Market,False,USDA_SNAP+ACHD,2025-07-24
Dormont BP,2873 West Liberty Avenue PA 15216,40.39542,-80.033157,convenience_limited,,Chain Retail/Convenience Store,False,ACHD,2024-11-27
Iron City Boulders,143 51st Street PA 15201,40.47984,-79.9568775,convenience_limited,,Retail/Convenience Store,False,ACHD,2025-07-25
Nothing Bundt Cakes,208 McHolme Drive PA 15275,40.449825,-80.174556,specialty_food,,Chain Bakery,False,ACHD,2025-04-21
TC Candy,101 Brownsville Road PA 15210,40.417416,-79.9860735,convenience_limited,,Retail/Convenience Store,False,ACHD,2024-06-14
Bella Christie & Lil' Z's Sweet Boutique,213 Commercial Avenue PA 15215,40.490388,-79.904538,specialty_food,,Bakery,False,ACHD,2024-10-17
Glenn Distributing Inc.,315 North Avenue PA 15209,40.482171,-79.974099,convenience_limited,,Retail/Convenience Store,False,ACHD,2023-06-26
Northside Beer & Beverage Center,1304 Federal Street PA 15212,40.456908,-80.0068275,other_food_retail,,Packaged Food Only,False,ACHD,2025-03-17
Madsen Donuts,3609 Library Road PA 15234,40.364928,-80.0177985,specialty_food,,Chain Bakery,False,ACHD,2024-12-05
3 2 Go @ CCAC South Campus,1750 Clairton Road PA 15122,40.329657,-79.9243065,other_food_retail,,Chain Packaged Food Only,False,USDA_SNAP+ACHD,2025-07-09
Crumbl Cookies #0775,6300 B Northway Drive PA 15237,40.551372,-80.0232795,specialty_food,,Chain Bakery,False,USDA_SNAP+ACHD,2025-03-11
Family Dollar #23675,7627 Penn Avenue PA 15221,40.447053,-79.893711,other_food_retail,,Chain Packaged Food Only,False,ACHD,2024-04-26
Anytime Market,726 Broadway Avenue PA 15136,40.472955,-80.074143,convenience_limited,,Packaged Food Only,False,USDA_SNAP+ACHD,2025-05-15
Market C @ Hitachi Rail,1000 Technology Drive PA 15219,40.433571,-79.9671195,convenience_limited,,Chain Retail/Convenience Store,False,ACHD,2025-06-24
The Ultimate Pastry Shop,445 Beaver Street PA 15143,40.540491,-80.180514,specialty_food,,Bakery,False,ACHD,2024-08-21
Food Shoppe,5878 Northumberland  Street PA 15217,40.441563,-79.9205355,full_grocery,,Supermarket,False,ACHD,2024-08-15
Fat Butcher,5151 Butler Street PA 15201,40.479822,-79.955055,full_grocery,,Supermarket,False,ACHD,2025-02-19
Dollar General #2643,536 Pine Hollow Road PA 15136,40.474026,-80.097507,other_food_retail,,Chain Packaged Food Only,False,ACHD,2025-02-25
Market C @ R&R Express HQ,100 Commerce Drive PA 15275,40.457673,-80.1946035,convenience_limited,,Chain Retail/Convenience Store,False,ACHD,2023-05-25
Dollar General #4384,1712 Lincoln Highway PA 15137,40.369671,-79.7853465,other_food_retail,,Chain Packaged Food Only,False,ACHD,2025-07-24
PNC Park / Walk Thru Bru #125,115 Federal  Street PA 15212,40.446981,-80.0059815,other_food_retail,,Packaged Food Only,False,USDA_SNAP+ACHD,2025-04-08
Sandy's Boo Delights,720 Homewood  Avenue PA 15208,40.456116,-79.896564,specialty_food,,Bakery,False,ACHD,2023-08-03
3 2 Go @ CCAC Allegheny Campus,839 Ridge Avenue PA 15212,40.450014,-80.01477,other_food_retail,,Chain Packaged Food Only,False,ACHD,2023-12-18
Miller Avenue Food Mart,672 Miller Avenue PA 15025,40.290426,-79.8837165,convenience_limited,,Chain Retail/Convenience Store,False,USDA_SNAP+ACHD,2025-02-24
Marriott City Center / Gift Shop,112 Washington Place PA 15219,40.439781,-79.9921935,other_food_retail,,Packaged Food Only,False,ACHD,2023-05-03
Wood Tobacco,902 Wood  Street PA 15221,40.443003,-79.8849585,other_food_retail,,Packaged Food Only,False,USDA_SNAP+ACHD,2024-10-02
Paisano's,2126 Douglas Run Road PA 15083,40.242672,-79.806069,convenience_limited,,Retail/Convenience Store,False,ACHD,2025-05-23
Deramo Beverage,1404 4th  Avenue PA 15108,40.515057,-80.155962,convenience_limited,,Retail/Convenience Store,False,ACHD,2024-12-09
Uni-Mart,1300 Coraopolis Heights Road PA 15108,40.501449,-80.175861,convenience_limited,,Chain Retail/Convenience Store,False,USDA_SNAP+ACHD,2024-09-09
The Beer Mine,1870 Painters Run  Road PA 15241,40.363128,-80.083773,convenience_limited,,Retail/Convenience Store,False,ACHD,2024-11-05
BP Connect,2 Beaver Grade Road PA 15136,40.452579,-80.133129,convenience_limited,,Chain Retail/Convenience Store,False,ACHD,2024-11-18
BEER 88,4136 Library  Road PA 15234,40.358934,-80.0291475,other_food_retail,,Packaged Food Only,False,ACHD,2024-02-05
Market C @ UPMC Biomedical Science Tower,203 Lothrop Street PA 15213,40.441707,-79.9614585,convenience_limited,,Chain Retail/Convenience Store,False,USDA_SNAP+ACHD,2025-07-07
Tokyo Japanese Food Store,5855 Ellsworth Avenue PA 15232,40.456822248,-79.929338348,convenience_limited,,Retail/Convenience Store,False,ACHD,2025-01-08
Beer Lovers,2502-2504 Carson Street PA 15203,40.427577,-79.96959,convenience_limited,,Retail/Convenience Store,False,ACHD,2025-03-13
Quality Market,10045 Frankstown Road PA 15235,40.465053,-79.8538635,convenience_limited,,Retail/Convenience Store,False,ACHD,2024-07-23
Goodwill,4005 Freeport Road PA 15065,40.644855,-79.710588,other_food_retail,,Chain Packaged Food Only,False,ACHD,2025-02-26
Ascend Point Breeze,7443 Thomas Boulevard PA 15208,40.450842,-79.895808,convenience_limited,,Chain Retail/Convenience Store,False,ACHD,2025-02-14
Freeport Corner Grocery,2101 Freeport Road PA 15065,40.627017,-79.721559,convenience_limited,,Chain Retail/Convenience Store,False,USDA_SNAP+ACHD,2025-04-08
The Beer Warehouse,409 Railroad  Street PA 15017,40.358781,-80.10954,other_food_retail,,Packaged Food Only,False,ACHD,2023-07-05
3 2 Go @ CCAC Boyce Campus,595 Beatty Road PA 15146,40.45356,-79.7524335,other_food_retail,,Chain Packaged Food Only,False,ACHD,2023-03-30
Liberty Mini Mart,2929 Liberty  Way PA 15133,40.325175,-79.8564195,convenience_limited,,Retail/Convenience Store,False,ACHD,2025-03-28
Michael's Arts & Crafts #1581,660 Waterfront  Drive PA 15120,40.412313,-79.9039485,other_food_retail,,Chain Packaged Food Only,False,ACHD,2024-11-27
Market C @ UPMC Presbyterian Falk Clinic,3601 5th Avenue PA 15213,40.441509,-79.9593255,convenience_limited,,Chain Retail/Convenience Store,False,ACHD,2025-05-13
Market C @ UPMC Mercy Pavilion,1622 Locust Street PA 15219,40.436235,-79.9837875,other_food_retail,,Chain Packaged Food Only,False,ACHD,2025-04-28
Batter & Dough Baking Company,344 Station Street PA 15017,40.358493,-80.1126855,specialty_food,,Bakery,False,ACHD,2024-10-29
Sunoco Market 24,6481 Frankstown Avenue PA 15206,40.46067,-79.913952,convenience_limited,,Chain Retail/Convenience Store,False,ACHD,2024-09-16
Sunoco A Plus #40233H,19090 Perry Highway PA 16046,40.673952,-80.0978085,convenience_limited,,Chain Retail/Convenience Store,False,ACHD,2024-11-18
Fuzzy's Market,426 6th St PA 15045,40.325931,-79.8896835,convenience_limited,,Retail/Convenience Store,False,ACHD,2024-12-20
Calli Outreach Center,1405 Frey Road PA 15235,40.451697,-79.798626,other_food_retail,,Packaged Food Only,False,ACHD,2025-07-25
Rocket Fizz,255 Bridge Street PA 15120,40.40739,-79.9176915,other_food_retail,,Chain Packaged Food Only,False,ACHD,2025-06-19
Nepal Supermarket,2790 Saw Mill Run  Boulevard PA 15227,40.378113,-79.9895655,convenience_limited,,Retail/Convenience Store,False,ACHD,2024-11-06
Best Buy #432,145 Mall Circle  Drive PA 15146,40.430934,-79.7998275,other_food_retail,,Chain Packaged Food Only,False,ACHD,2025-05-06
Pirollo's Delicatessen,307 Hulton Rd PA 15147,40.489767,-79.819434,convenience_limited,,Retail/Convenience Store,False,ACHD,2024-08-01
Target #1253,360 Waterfront Drive PA 15120,40.410459,-79.910064,other_food_retail,,Chain Packaged Food Only,False,ACHD,2024-10-04
Pollak's Candy,352 Butler Street PA 15223,40.49622,-79.9438995,convenience_limited,,Retail/Convenience Store,False,ACHD,2025-02-28
Market C @ UPMC Western Psychiatric Institute & Clinic,3811 O'Hara Street PA 15213,40.443714,-79.959897,convenience_limited,,Chain Retail/Convenience Store,False,ACHD,2024-12-03
C-Express Mart & Tobacco,3100 Versailles  Avenue PA 15132,40.345002,-79.8408315,convenience_limited,,Retail/Convenience Store,False,ACHD,2023-09-13
Market C @ UPMC Children's Primary Care Center,3420 5th Avenue PA 15213,40.439511,-79.9610985,other_food_retail,,Chain Packaged Food Only,False,ACHD,2025-05-13
Beccari's Farm Market,5095 Thoms Run Road PA 15071,40.373955,-80.1331245,convenience_limited,,Retail/Convenience Store,False,ACHD,2023-09-19
Kirkland's #600,1990 Park Manor  Boulevard PA 15205,40.454109,-80.1693405,other_food_retail,,Chain Packaged Food Only,False,ACHD,2023-07-18
Wilkinsburg Beverage Company,601 Penn Avenue PA 15221,40.444173,-79.885422,convenience_limited,,Retail/Convenience Store,False,ACHD,2024-12-20
Pete's Beer Distributor,401 Brownsville  Road PA 15210,40.413069,-79.988553,other_food_retail,,Packaged Food Only,False,ACHD,2024-07-10
Babcock Beer,2199 Babcock Boulevard PA 15209,40.510503,-79.993683,other_food_retail,,Packaged Food Only,False,ACHD,2023-11-07
Market C @ R&R Express Satellite,2000 Commerce  Drive PA 15275,40.459869,-80.1954,other_food_retail,,Chain Packaged Food Only,False,ACHD,2023-08-16
Market C @ Buncher Company,1251 Waterfront Place PA 15222,40.448115,-79.992954,convenience_limited,,Chain Retail/Convenience Store,False,ACHD,2023-09-07
The Beer Trap,2614 Brandt School Road PA 15090,40.615254,-80.0912835,other_food_retail,,Packaged Food Only,False,ACHD,2025-06-23
Giant Eagle #9501 / Micro Fulfillment Center,1775 Braddock Avenue PA 15218,40.428018,-79.8861375,convenience_limited,,Chain Retail/Convenience Store,False,ACHD,2024-12-02
Atlantic Food Market,1501 West Street PA 15120,40.401963,-79.906527,other_food_retail,,Packaged Food Only,False,ACHD,2024-10-24
St Clair Hosp Out Patient Center Cafe #4,2000 Oxford  Drive PA 15102,40.344039,-80.052543,other_food_retail,,Chain Packaged Food Only,False,USDA_SNAP+ACHD,2025-05-01
Sihan Puff and Tobacco,468 Broadway Boulevard PA 15140,40.40181,-79.7784705,other_food_retail,,Packaged Food Only,False,ACHD,2025-04-01
Duquesne University / Market @ Brottier Hall,700 Forbes Avenue PA 15219,40.437441,-79.9931025,other_food_retail,,Packaged Food Only,False,ACHD,2023-10-05
Graze Craze,1153 Old Freeport Road PA 15238,40.487841,-79.878681,convenience_limited,,Chain Retail/Convenience Store,False,ACHD,2025-01-09
Lori's Gifts #653,9100 Babcock Boulevard PA 15237,40.573242,-80.014194,other_food_retail,,Chain Retail/Convenience Store,False,USDA_SNAP+ACHD,2024-07-30
American Natural / GP #915,2 Rich Hill Road PA 15024,40.549608,-79.8391035,convenience_limited,,Chain Retail/Convenience Store,False,ACHD,2025-02-18
Marathon #185058,2699 Mosside Boulevard PA 15146,40.433436,-79.7531715,convenience_limited,,Chain Retail/Convenience Store,False,ACHD,2025-02-18
Lindenwood Distributing Inc.,830 Sleepy Holllow Road PA 15234,40.37382,-80.0197425,other_food_retail,,Packaged Food Only,False,ACHD,2024-02-05
Prime Stop,6494 Frankstown Avenue PA 15206,40.460292,-79.9140015,convenience_limited,,Retail/Convenience Store,False,ACHD,2024-07-30
Sudz Beer,6936 5th Avenue PA 15208,40.45779,-79.9083,convenience_limited,,Retail/Convenience Store,False,ACHD,2024-02-09
Speedy Food Mart,557 James Street PA 15145,40.412475,-79.8188175,convenience_limited,,Retail/Convenience Store,False,ACHD,2025-01-24
BP Market 24,8936 Frankstown Road PA 15235,40.460652,-79.8670935,other_food_retail,,Chain Packaged Food Only,False,ACHD,2024-11-08
Beer-Lottery Store,3837 Northern Pike PA 15146,40.43835,-79.778457,convenience_limited,,Retail/Convenience Store,False,ACHD,2025-02-25
Jak's Bakery,4310 Main Street PA 15224,40.464171,-79.9534125,specialty_food,,Bakery,False,ACHD,2025-03-19
The House of Brews Beer Distributor,1108 Park Manor  Boulevard PA 15205,40.452939,-80.16246,other_food_retail,,Packaged Food Only,False,ACHD,2025-02-26
Bavarian Beer,2550 Brownsville Road PA 15129,40.293765,-79.9966935,convenience_limited,,Retail/Convenience Store,False,ACHD,2024-04-24
CMU / Forbes Beeler Apartments / Scotty’s Market,5093 Forbes Avenue PA 15213,40.444236,-79.939008,convenience_limited,,Chain Retail/Convenience Store,False,ACHD,2025-03-28
Global Food Pittsburgh,914 Penn Avenue PA 15221,40.4417332890001,-79.8778919379999,convenience_limited,,Retail/Convenience Store,False,ACHD,2025-06-26
Ritzland Beer Distributors,10733 Frankstown Road PA 15235,40.46166,-79.841385,other_food_retail,,Packaged Food Only,False,ACHD,2024-07-25
Market C @ Haemonetics,1300 Clifford Ball  Drive PA 15026,40.50846,-80.3010195,convenience_limited,,Retail/Convenience Store,False,ACHD,2023-12-19
Brew Burgh USA,2677A Monroeville Boulevard PA 15146,40.43556,-79.78239,convenience_limited,,Retail/Convenience Store,False,ACHD,2025-02-18
Steel Goat Marketplace,200 Jefferson Road PA 15235,40.464279,-79.823979,convenience_limited,,Retail/Convenience Store,False,ACHD,2025-01-30
Essex Beer Distributor,100 Market Place  Drive PA 15071,40.441356,-80.239644,convenience_limited,,Retail/Convenience Store,False,ACHD,2024-01-12
Market C @ CMU Software Engineering Institute,4500 5th Avenue PA 15213,40.446495,-79.950033,convenience_limited,,Chain Retail/Convenience Store,False,ACHD,2025-04-01
Target #2385 - Grocery,2661 Freeport Road PA 15238,40.538358,-79.8364305,other_food_retail,,Chain Packaged Food Only,False,ACHD,2025-04-11
Salute Beer Distributor,2348 Golden Mile  Highway PA 15239,40.461606,-79.7048145,convenience_limited,,Retail/Convenience Store,False,ACHD,2024-10-07
Market C @ PPG Industries Headquarters,1 PPG Place PA 15222,40.440006,-80.0038395,convenience_limited,,Chain Retail/Convenience Store,False,ACHD,2023-08-17
Steel City Beer,2200 Main Street PA 15215,40.493754,-79.915014,convenience_limited,,Retail/Convenience Store,False,ACHD,2023-10-26
Hobby Lobby,7507 McKnight Road PA 15237,40.542417,-80.0140365,other_food_retail,,Chain Packaged Food Only,False,ACHD,2023-08-18
Diamond D Distributing Beer-N-AT,1450 Route 51 Highway PA 15025,40.300974,-79.9293915,other_food_retail,,Packaged Food Only,False,ACHD,2024-12-16
Walmart Super Center #2281,2351 Century  Drive PA 15122,40.342392,-79.9466265,full_grocery,,Chain Supermarket,False,ACHD,2025-06-24
T J Maxx #381,928 Freeport Road PA 15238,40.489119,-79.8932205,other_food_retail,,Chain Packaged Food Only,False,ACHD,2024-06-05
TJ's Deli Mart #2,5942 Steubenville Pike PA 15136,40.448412,-80.1426645,convenience_limited,,Chain Retail/Convenience Store,False,ACHD,2025-02-05
Livingston Pharmacy,550 Miller Ave PA 15025,40.293495,-79.8828885,other_food_retail,,Packaged Food Only,False,ACHD,2024-01-26
Coen Markets #1247,5281 Library Road PA 15102,40.331322,-80.022105,convenience_limited,,Chain Retail/Convenience Store,False,ACHD,2024-04-02
Friendship Beer,5604 Baum Boulevard PA 15206,40.457736,-79.9351875,convenience_limited,,Retail/Convenience Store,False,ACHD,2024-02-01
East Street Beer,807 East Street PA 15212,40.455117,-79.9984575,other_food_retail,,Packaged Food Only,False,ACHD,2024-02-05
Black & Gold Beer Distributor,506 Freeport Road PA 15238,40.496256,-79.856748,other_food_retail,,Packaged Food Only,False,ACHD,2023-11-13
Par Mar Store #75,710 Brown Avenue PA 15145,40.427532,-79.835958,convenience_limited,,Chain Retail/Convenience Store,False,ACHD,2025-07-03
Ritik's Bank Tower Market,406 Wood Street PA 15222,40.439565,-80.000964,convenience_limited,,Retail/Convenience Store,False,ACHD,2025-02-20
Bethel Beer and More,441 McMurray Road PA 15102,40.311657,-80.066142,convenience_limited,,Retail/Convenience Store,False,ACHD,2024-02-05
Duke's Beer,1632 Saw Mill Run  Boulevard PA 15210,40.396806,-79.998957,other_food_retail,,Packaged Food Only,False,ACHD,2025-03-11
Casehandlers Distributors,900 Saw Mill Run Boulevard PA 15220,40.426947,-80.022852,other_food_retail,,Packaged Food Only,False,ACHD,2024-02-15
American Natural / GP #914,2619 Wexford Bayne Road PA 15143,40.614831,-80.0988885,convenience_limited,,Chain Retail/Convenience Store,False,ACHD,2025-02-20
Zoe's Beer,4102 Clairton Boulevard PA 15227,40.367304,-79.984323,convenience_limited,,Retail/Convenience Store,False,ACHD,2025-04-10
Edible Arrangements #196,250 Mt. Lebanon Boulevard PA 15234,40.36797,-80.0369685,convenience_limited,,Chain Packaged Food Only,False,USDA_SNAP+ACHD,2025-03-24
Tube City Beer Distributor,912  Walnut  Street PA 15132,40.346829,-79.864317,convenience_limited,,Retail/Convenience Store,False,ACHD,2024-02-20
Western Edge Seafood Outlet,11284 Perry Highway PA 15090,40.622031,-80.05356,convenience_limited,,Chain Retail/Convenience Store,False,ACHD,2025-07-01
T J Maxx #122,5375 Wm Flynn Hwy PA 15044,40.6196288312961,-79.946500490498,other_food_retail,,Chain Supermarket,False,USDA_SNAP+ACHD,2025-06-19
Sunoco A Plus #0363487002 (Dormont),3100 West Liberty Avenue PA 15216,40.391577,-80.0392185,convenience_limited,,Chain Retail/Convenience Store,False,ACHD,2025-02-28
McTighe’s Drive Thru Beer Distributor,1607 William Flynn  Highway PA 15116,40.533201,-79.9594605,other_food_retail,,Packaged Food Only,False,ACHD,2024-01-31
Brackenridge Beverage,825 1st Avenue PA 15014,40.603086,-79.743078,convenience_limited,,Retail/Convenience Store,False,ACHD,2024-12-03
Eco Bistro Market House 365,100 Commons PA 15212,40.451004,-80.0051895,other_food_retail,,Chain Packaged Food Only,False,ACHD,2025-04-23
Youth Life After-School Program,519 Penn Avenue PA 15145,40.405635,-79.8288615,other_food_retail,,Packaged Food Only,False,ACHD,2025-01-24
GNC #493,1912 Smallman Street PA 15222,40.4519820360001,-79.984803971,other_food_retail,,Chain Packaged Food Only,False,ACHD,2025-01-27
Balson Distributing,7921 Saltsburg Road PA 15239,40.477509,-79.759881,other_food_retail,,Packaged Food Only,False,ACHD,2024-01-26
Coen Markets #1227,20 Bailey Avenue PA 15211,40.426695,-80.0049195,convenience_limited,,Chain Retail/Convenience Store,False,ACHD,2024-11-20
The Laundry Basket,824 James Street PA 15212,40.455,-80.000937,other_food_retail,,Packaged Food Only,False,ACHD,2023-12-04
Janoski's Farm and Greenhouse,1714 U.S. Route 30 PA 15026,40.491954,-80.3312505,full_grocery,,Supermarket,False,ACHD,2024-11-04
Keg N Case,5336 Perry Highway PA 15229,40.512384,-80.0296965,other_food_retail,,Packaged Food Only,False,ACHD,2024-01-22
Northern Beer Traders,190 Rochester Road PA 15229,40.519692,-80.0166195,other_food_retail,,Packaged Food Only,False,ACHD,2024-03-04
Brian’s Brew’ry Outlet,964 William Flynn  Highway PA 15116,40.51341,-79.950645,convenience_limited,,Retail/Convenience Store,False,ACHD,2024-01-31
Penn Ave. Beer,4201 Penn Avenue PA 15224,40.466061,-79.954452,convenience_limited,,Retail/Convenience Store,False,ACHD,2024-11-19
Banksville Beer,3040 Banksville Road PA 15216,40.400721,-80.043786,other_food_retail,,Packaged Food Only,False,ACHD,2024-01-16
Market C @ Wesco Distribution,225 Station Square Drive PA 15219,40.43385,-80.005914,other_food_retail,,Chain Packaged Food Only,False,ACHD,2024-01-12
Dean's Beer,91 Joseph Street PA 15227,40.389426,-79.9649055,other_food_retail,,Packaged Food Only,False,ACHD,2024-01-25
Sarah's Hallmark,2000 Village Run Road PA 15090,40.633335,-80.0563635,convenience_limited,,Chain Retail/Convenience Store,False,ACHD,2025-03-10
Kyle's Cakes N'at,543 North Avenue PA 15209,40.484943,-79.973181,specialty_food,,Bakery,False,ACHD,2024-11-13
GNC,511 Towne Square Way PA 15227,40.366422,-79.981758,other_food_retail,,Chain Packaged Food Only,False,ACHD,2024-10-31
New Beer Town,107 Penn  Plaza PA 15145,40.405716,-79.8264945,other_food_retail,,Packaged Food Only,False,ACHD,2024-07-16
Tous les Jours,6226 Penn Avenue PA 15206,40.46031,-79.9222815,specialty_food,,Chain Bakery,False,ACHD,2024-10-15
Mellinger Beer Distributor,402 Semple Street PA 15213,40.436892,-79.954929,other_food_retail,,Packaged Food Only,False,ACHD,2024-03-20
Brentwood Distributing Co.,1200 Lebanon  Road PA 15122,40.358277,-79.937145,other_food_retail,,Packaged Food Only,False,ACHD,2024-01-16
Harvie,28 McCandless Avenue PA 15201,40.482783,-79.9554825,convenience_limited,,Retail/Convenience Store,False,ACHD,2024-08-27
Crafton Beverage Center,15 Foster Avenue PA 15205,40.441041,-80.06931,other_food_retail,,Packaged Food Only,False,ACHD,2024-01-23
McIntyre Beer,3320 McIntyre Square Drive PA 15237,40.553703,-80.0158095,other_food_retail,,Packaged Food Only,False,ACHD,2024-01-25
Graze Craze,3336 Babcock  Boulevard PA 15237,40.534344,-80.0188785,convenience_limited,,Chain Retail/Convenience Store,False,ACHD,2025-02-20
Sunoco / A-Plus Food Mart,1630 Cochran Road PA 15220,40.392126,-80.0612235,convenience_limited,,Chain Retail/Convenience Store,False,ACHD,2024-06-18
T-Bones Market Place,100 VIP Drive PA 15090,40.616712,-80.0927955,full_grocery,,Supermarket,False,ACHD,2025-02-12
Liberty Beer,4133 Liberty Avenue PA 15224,40.463829,-79.953318,convenience_limited,,Retail/Convenience Store,False,ACHD,2025-06-06
Beer Express,4326 Steubenville Pike PA 15205,40.440924,-80.092962,convenience_limited,,Retail/Convenience Store,False,ACHD,2025-03-26
Joe's Beer Distributor,5319 William Flynn Highway PA 15044,40.616136,-79.9468605,other_food_retail,,Packaged Food Only,False,ACHD,2025-02-10
Brew-Thru Beer Co.,1726-1728 Pine Hollow Road PA 15136,40.476006,-80.097399,convenience_limited,,Retail/Convenience Store,False,ACHD,2024-02-14
HomeGoods #1154,980 Freeport Road PA 15238,40.488399,-79.8898095,other_food_retail,,Chain Packaged Food Only,False,ACHD,2023-12-28
Al's Market,24 Braddock Avenue PA 15104,40.406679,-79.874622,convenience_limited,,Retail/Convenience Store,False,ACHD,2025-06-26
Market C @ Mellon Institute,4400 5th  Avenue PA 15213,40.446108,-79.951059,convenience_limited,,Retail/Convenience Store,False,ACHD,2025-04-01
Steel Valley Beer,117 22nd Avenue PA 15120,40.397976,-79.902153,other_food_retail,,Packaged Food Only,False,ACHD,2023-12-21
Dollar Tree #1831,400 Walmart  Drive PA 15044,40.622238,-79.9436925,other_food_retail,,Chain Packaged Food Only,False,ACHD,2025-03-10
West View Tobacco/Beer Outlet,1030B West View Park Drive PA 15229,40.51764,-80.0380125,other_food_retail,,Packaged Food Only,False,ACHD,2024-02-01
Market C @ FedEx Cargo Terminal,2000 Halverson Road PA 15108,40.50441,-80.2374795,convenience_limited,,Chain Retail/Convenience Store,False,ACHD,2024-05-21
Beer D Spencer,201 2nd Avenue PA 15037,40.272138,-79.8874515,convenience_limited,,Retail/Convenience Store,False,ACHD,2025-06-24
Shadeland Beer,100 Brighton Road PA 15202,40.490217,-80.045226,convenience_limited,,Retail/Convenience Store,False,ACHD,2024-02-08
Snacks & Dice,601 52nd Street PA 15201,40.478796,-79.9519275,convenience_limited,,Retail/Convenience Store,False,ACHD,2024-02-13
Presto Qwik Stop & Beer Distributor,5237 Thoms Run Road PA 15142,40.373235,-80.1193005,convenience_limited,,Retail/Convenience Store,False,ACHD,2025-07-08
Mic's Market,537 Beaver  Street PA 15143,40.539501,-80.17929,convenience_limited,,Retail/Convenience Store,False,ACHD,2024-09-25
Shop 'n Save / Russellton,908 Little Deer Creek Valley Road PA 15076,40.608666,-79.8335055,full_grocery,,Chain Supermarket,False,ACHD,2025-07-22
Vibo's Italian Bakery,881 Brackenridge Avenue PA 15014,40.604481,-79.74126,specialty_food,,Bakery,False,ACHD,2024-11-14
Kennedy Beer & Pop 4 Less,498 Pine Hollow Road PA 15136,40.473315,-80.096814,convenience_limited,,Retail/Convenience Store,False,ACHD,2024-02-09
Stanton Negley Drugs,804 Negley Avenue PA 15206,40.471767,-79.926012,other_food_retail,,Packaged Food Only,False,ACHD,2025-03-27
Paddy Cake Bakery,4763 Liberty Avenue PA 15224,40.461255,-79.947657,specialty_food,,Bakery,False,ACHD,2025-05-07
Pike Beverage Beer,7165 Steubenville Pike PA 15071,40.443651,-80.181558,other_food_retail,,Packaged Food Only,False,ACHD,2025-06-04
Caribbean Food Snacks,1511 Stratmore Street PA 15205,40.438179,-80.0560755,convenience_limited,,Retail/Convenience Store,False,ACHD,2024-06-04
SouthSide Beverages,2001-B Wharton Street PA 15203,40.431384,-79.9775865,convenience_limited,,Retail/Convenience Store,False,ACHD,2025-06-17
Robinson Beer and Beverage,5899 Steubenville  Pike PA 15136,40.449015,-80.1410805,convenience_limited,,Retail/Convenience Store,False,ACHD,2024-03-12
(TEST) Nicole's Bake Shop,2121  Noblestown Road PA 15235,40.427559052,-80.055452211,specialty_food,,Bakery,False,ACHD,2025-07-02
Lincoln Bakery,543 Lincoln Avenue PA 15202,40.496121,-80.0571465,specialty_food,,Bakery,False,ACHD,2024-10-03
All American Field House / Cadence Fuel + Gear,1 Racquet  Lane PA 15146,40.432806,-79.785351,other_food_retail,,Packaged Food Only,False,ACHD,2025-07-23
Marathon,4010 Penn Avenue PA 15224,40.46508,-79.957521,convenience_limited,,Chain Retail/Convenience Store,False,ACHD,2025-07-15
Oak Hill Market,504 Oak Hill Drive PA 15213,40.443273,-79.9696665,convenience_limited,,Retail/Convenience Store,False,ACHD,2025-05-22
Brother Store,7521 Washington Avenue PA 15218,40.420962,-79.8868575,other_food_retail,,Packaged Food Only,False,ACHD,2024-04-24
Grogan Beverage,840 4th Avenue PA 15108,40.519854,-80.168157,convenience_limited,,Retail/Convenience Store,False,ACHD,2024-11-22
Beer & Beyond,494 Pittsburgh Street PA 15144,40.54059,-79.7866065,convenience_limited,,Retail/Convenience Store,False,ACHD,2025-03-31
Tienda Mexicana El Pastorcito,3900 Monroeville Boulevard PA 15146,40.4303636860001,-79.790973706,other_food_retail,,Packaged Food Only,False,ACHD,2024-03-29
Latin Market Calle,704 Lincoln Highway PA 15137,40.378851,-79.8063975,other_food_retail,,Packaged Food Only,False,ACHD,2025-06-17
Driftwood Oven @ X Factory,6901  Lynn Way PA 15208,40.454613,-79.9049385,specialty_food,,Bakery,False,ACHD,2025-07-15
Black and Gold Beef Jerky,1004 Peak Drive PA 15129,40.28958,-80.0176095,farmers_market,,Seasonal/Farmers Market,False,USDA_SNAP+ACHD,2024-04-10
Parkway Service Center,910 Saw Mill Run Boulevard PA 15220,40.426722,-80.0224515,convenience_limited,,Chain Retail/Convenience Store,False,ACHD,2025-04-18
Many More Marketplace,2767 Liberty Avenue PA 15222,40.4418679990001,-80.002641903,full_grocery,,Supermarket,False,ACHD,2025-02-24
Uruk Hookah Lounge,57 10th Street PA 15203,40.429008,-79.988454,convenience_limited,,Retail/Convenience Store,False,ACHD,2024-04-20
Cravingz,719 Broadway Avenue PA 15136,40.47255,-80.074107,convenience_limited,,Retail/Convenience Store,False,ACHD,2024-07-11
Grand Mart,2401 Arlington Avenue PA 15210,40.417605,-79.972785,convenience_limited,,Retail/Convenience Store,False,ACHD,2024-07-11
Coen Markets #1244,5220 Clairton Boulevard PA 15236,40.343526,-79.971021,convenience_limited,,Chain Retail/Convenience Store,False,ACHD,2024-08-14
A-1 Smoke Shop,582 Clairton Boulevard PA 15236,40.330791,-79.945965,other_food_retail,,Packaged Food Only,False,ACHD,2024-06-20
Buddy’s Brews on Carson,2112 Carson Street PA 15203,40.428279,-79.975638,convenience_limited,,Retail/Convenience Store,False,ACHD,2024-07-08
Brookline Tobacco Outlet,721 Brookline Boulevard PA 15226,40.394556,-80.0208405,convenience_limited,,Retail/Convenience Store,False,ACHD,2024-07-30
Batches Bakehouse,2332 Arlington Avenue PA 15210,40.417218,-79.9732575,specialty_food,,Bakery,False,ACHD,2025-06-21
KizzleFoods Spice Shop,559 Beaver Street PA 15143,40.539132,-80.1790425,other_food_retail,,Packaged Food Only,False,ACHD,2024-12-03
New Miss Dee's Market,1116 Bell Avenue PA 15104,40.400784,-79.8594795,convenience_limited,,Retail/Convenience Store,False,ACHD,2025-06-17
The Traditional Cigar & Pipe Shop,5835 Forward Avenue PA 15217,40.429593,-79.9223625,other_food_retail,,Packaged Food Only,False,ACHD,2024-06-27
Coraopolis Fast Stop Citgo,879 Fourth Avenue PA 15108,40.519746,-80.166294,convenience_limited,,Chain Retail/Convenience Store,False,ACHD,2024-09-20
Guaman Mini Market,1145 5th Avenue PA 15132,40.350853253,-79.866838072,convenience_limited,,Retail/Convenience Store,False,ACHD,2025-03-18
Mauro's Exxon,7409 Saltsburg  Road PA 15235,40.477653,-79.7845995,convenience_limited,,Chain Retail/Convenience Store,False,ACHD,2024-09-04
East Pittsburgh Sunoco,521 Lincoln Highway PA 15112,40.395321,-79.839063,convenience_limited,,Chain Retail/Convenience Store,False,ACHD,2024-09-30
Fabricator’s Forge,1012 5th Avenue PA 15108,40.517145,-80.163918,other_food_retail,,Packaged Food Only,False,ACHD,2024-08-07
Avalon Beer,621 California Avenue PA 15202,40.501701,-80.068095,convenience_limited,,Retail/Convenience Store,False,ACHD,2024-08-09
Universal Stainless Market C,600 Mayer Street PA 15017,40.367097,-80.098353,convenience_limited,,Retail/Convenience Store,False,USDA_SNAP+ACHD,2025-02-28
Macaron Bar,3629 Butler Street PA 15201,40.46625,-79.964964,specialty_food,,Chain Bakery,False,ACHD,2024-10-31
Pickles & Pancetta,850 Allegheny River Boulevard PA 15139,40.519822751,-79.842318211,convenience_limited,,Retail/Convenience Store,False,ACHD,2024-10-02
Market C @ Fresenius Kabi USA,300 Allegheny Drive PA 15086,40.664592,-80.0983215,convenience_limited,,Chain Retail/Convenience Store,False,ACHD,2024-08-29
AHN West Penn Hospital Market C,4800 Friendship Avenue PA 15224,40.462128,-79.9462575,other_food_retail,,Packaged Food Only,False,ACHD,2024-12-16
Nicky’s Grab & Go & Lottery Center,310 Grant Street PA 15219,40.437648,-79.997535,other_food_retail,,Chain Packaged Food Only,False,ACHD,2025-02-07
Market C @ Allegheny Professional Building Neuro Center,490 North  Avenue PA 15212,40.456629,-80.002098,other_food_retail,,Packaged Food Only,False,ACHD,2024-09-18
Garfield Market,340  Aiken  Avenue PA 15206,40.467564,-79.934409,convenience_limited,,Retail/Convenience Store,False,ACHD,2024-09-26
Ross Dress for Less #2680,3739 William Penn Highway PA 15146,40.4364206437944,-79.7870954688863,other_food_retail,,Chain Packaged Food Only,False,ACHD,2024-11-12
Central Outreach Wellness Center / Central Cafe,127 Anderson Street PA 15212,40.4487,-80.000946,convenience_limited,,Chain Retail/Convenience Store,False,ACHD,2024-10-09
GetGo Gas Station #3191,1675 Duncan Avenue PA 15101,40.566231,-79.999236,convenience_limited,,Chain Retail/Convenience Store,False,ACHD,2024-10-10
GetGo Cafe + Market #3057,6513-A Steubenville Pike PA 15206,40.4446024330001,-80.146116708,convenience_limited,,Chain Retail/Convenience Store,False,ACHD,2024-10-17
GetGo Gas Station #3642,6507 University Boulevard PA 15108,40.518252,-80.2185345,convenience_limited,,Chain Retail/Convenience Store,False,ACHD,2024-10-17
Beers2Me,1005 Bee Street PA 15220,40.428009,-80.042229,convenience_limited,,Chain Retail/Convenience Store,False,ACHD,2024-10-18
GetGo Cafe + Market #3107,4000 Butler  Street PA 16066,40.486274081,-79.9434164909999,convenience_limited,,Chain Retail/Convenience Store,False,ACHD,2025-02-03
Ebisu Life Store,5846 Forbes Avenue PA 15217,40.43781,-79.9211835,other_food_retail,,Chain Packaged Food Only,False,ACHD,2025-04-24
Dollar General #25064,9969 Saltsburg Road PA 15239,40.4901,-79.708167,convenience_limited,,Chain Retail/Convenience Store,False,ACHD,2024-12-02
Duquesne University / Res Sipsa Market @ Kline School of Law,900 Locust Street PA 15282,40.436685,-79.9920045,convenience_limited,,Retail/Convenience Store,False,ACHD,2024-12-13
Five Below #8277,12 Quaker Village Shopping Center PA 15056,40.559139,-80.2024695,other_food_retail,,Chain Packaged Food Only,False,ACHD,2024-10-30
SAP Concur Coffee Bar,271 North Shore Drive PA 15212,40.446117,-80.009181,convenience_limited,,Chain Retail/Convenience Store,False,ACHD,2024-11-01
GetGo Fuel Kiosk #3646,280  Crafton Ingram Shopping Center PA 15205,40.441626,-80.071974,other_food_retail,,Chain Packaged Food Only,False,ACHD,2024-12-18
GetGo Fuel Kiosk #3185,1200 Hoffman Boulevard PA 15122,40.382766,-79.8681915,other_food_retail,,Chain Packaged Food Only,False,ACHD,2024-11-15
Getgo #3127,14 Fort Couch Road PA 15241,40.3371,-80.0508375,other_food_retail,,Chain Packaged Food Only,False,ACHD,2024-11-15
GetGo #3129,1540 Washington Road PA 15228,40.355676,-80.050743,other_food_retail,,Chain Packaged Food Only,False,ACHD,2024-11-20
GetGo Gas Station #3619,1043 Braddock Avenue PA 15218,40.43322,-79.893918,other_food_retail,,Chain Packaged Food Only,False,ACHD,2024-11-15
GetGo #3002,1809 McKees Rocks Road PA 15136,40.467744,-80.0962515,other_food_retail,,Chain Packaged Food Only,False,ACHD,2024-11-19
Morningside Mini Mart,1748 Chislett Street PA 15206,40.485231,-79.9258005,convenience_limited,,Retail/Convenience Store,False,ACHD,2025-02-14
GetGo #3659,9003 Frankstown  Road PA 15235,40.46202,-79.86447,other_food_retail,,Chain Packaged Food Only,False,ACHD,2025-01-14
The Open Road,5401 Penn Avenue PA 15206,40.464819,-79.936209,convenience_limited,,Retail/Convenience Store,False,ACHD,2025-04-02
Duquesne University / Forbes Market @ McGinley Hall,1045 Forbes Avenue PA 15282,40.438089,-79.989381,convenience_limited,,Retail/Convenience Store,False,ACHD,2024-12-20
Roxanne's Refillery,516 California Avenue PA 15202,40.502286,-80.070714,other_food_retail,,Packaged Food Only,False,ACHD,2025-01-08
Mort’s Fresh & Local,1608  Cochran Road PA 15220,40.391532,-80.0596485,convenience_limited,,Retail/Convenience Store,False,ACHD,2025-04-25
KPS Beer Store,2104 Brownsville Road PA 15210,40.393134,-79.986897,other_food_retail,,Packaged Food Only,False,ACHD,2025-05-02
Hussey Copper Front Market C,100 Washington Street PA 15056,40.573899,-80.2222875,other_food_retail,,Packaged Food Only,False,USDA_SNAP+ACHD,2025-01-10
Market C @ Baptist Society,500 Providence Point Boulevard PA 15243,40.378752,-80.0892135,convenience_limited,,Retail/Convenience Store,False,ACHD,2025-01-13
CobblerWorld Grab 'n Go,100 Jackson Avenue PA 15202,40.494555,-80.060751,other_food_retail,,Chain Packaged Food Only,False,ACHD,2025-01-14
Kurt Lesker Market C Glassport,39 Allegheny Square PA 15045,40.319361,-79.893513,convenience_limited,,Chain Retail/Convenience Store,False,ACHD,2025-05-30
Kurt Lesker Market C Clairton,1925 PA-51 PA 15025,40.291578,-79.912494,convenience_limited,,Chain Retail/Convenience Store,False,ACHD,2025-03-26
Plum Convenience,7615 Saltsburg  Road PA 15239,40.47633,-79.778421,convenience_limited,,Retail/Convenience Store,False,ACHD,2025-01-23
Ollie’s Bargain Outlet,1015 Village Center Drive PA 15084,40.567122,-79.801029,other_food_retail,,Chain Packaged Food Only,False,ACHD,2025-02-26
Market C @ American Airlines Hangar 3,102 Hangar Road PA 15108,40.493448,-80.235306,other_food_retail,,Packaged Food Only,False,ACHD,2025-06-05
WMG Garden Supply & Peach’s Farm Market,509 Rochester  Road PA 15237,40.5204785112143,-80.0246118567917,convenience_limited,,Retail/Convenience Store,False,ACHD,2025-01-28
Clark Candies,621 rear 1st Avenue PA 15084,40.602609,-79.7463225,farmers_market,,Seasonal/Farmers Market,False,USDA_SNAP+ACHD,2025-03-04
Pleasant Hills Grocery Store,455 Bruceton Road PA 15236,40.330134,-79.950051,convenience_limited,,Retail/Convenience Store,False,ACHD,2025-04-29
Burlington #401,451 Clairton Boulevard PA 15236,40.335669,-79.9450695,other_food_retail,,Chain Packaged Food Only,False,ACHD,2025-02-20
Wonderfill Market,370 Broadmoor Avenue PA 15228,40.376619,-80.0318205,other_food_retail,,Packaged Food Only,False,ACHD,2025-02-24
USA PAN Warehouse - AVI,198 McGovern Boulevard PA 15046,40.568634,-80.2305675,convenience_limited,,Retail/Convenience Store,False,ACHD,2025-02-25
Ecuatorianos en el Mundo,812 Broadway Avenue PA 15136,40.473279,-80.075124,convenience_limited,,Retail/Convenience Store,False,ACHD,2025-04-10
Centre Ave Market,2228 Centre Avenue PA 15219,40.445127,-79.9749675,other_food_retail,,Packaged Food Only,False,ACHD,2025-04-17
Tiger Convenience,2111 Murray Avenue PA 15217,40.4333058406159,-79.9228542507146,convenience_limited,,Retail/Convenience Store,False,ACHD,2025-04-02
Ritik’s Market on Smithfield,420 Smithfield Street PA 15222,40.4392059185825,-79.999062498539,convenience_limited,,Retail/Convenience Store,False,ACHD,2025-07-22
T's Village Market,1886 Homeville Road PA 15122,40.3654532753713,-79.8733260440576,full_grocery,,Supermarket,False,ACHD,2025-05-28
Matt’s Pickle and Padel,301 Deer Run Road PA 15143,40.5279,-80.1387765,other_food_retail,,Packaged Food Only,False,ACHD,2025-06-30
Laurel Foodsystems @ Pepsi,7050 International Drive PA 15108,40.507632,-80.258805,convenience_limited,,Chain Retail/Convenience Store,False,ACHD,2025-04-01
The Spot Mart 2,417 Wall Avenue PA 15140,40.403907,-79.780428,convenience_limited,,Chain Retail/Convenience Store,False,ACHD,2025-05-05
777 Skill Games,2546 Library  Road,40.381326,-79.9989975,other_food_retail,,Packaged Food Only,False,ACHD,2025-04-11
Market C @ RareMed,200 Industry Drive PA 15108,40.466574,-80.2027125,convenience_limited,,Retail/Convenience Store,False,ACHD,2025-04-14
AIU Steel Valley Family Center,304 8th Avenue PA 15120,40.407795,-79.90884,other_food_retail,,Packaged Food Only,False,ACHD,2025-05-28
Thefamiliarcreations,118 2nd Avenue PA 15037,40.272561,-79.8873075,specialty_food,,Bakery,False,ACHD,2025-06-06
Nothin’ Basic,519 Monongahela Avenue PA 15045,40.32693,-79.89228,specialty_food,,Bakery,False,ACHD,2025-05-23
Vendor Bender,2301 Murray Avenue PA 15217,40.431609,-79.923096,other_food_retail,,Packaged Food Only,False,ACHD,2025-04-29
Laurel Foodsystems @ Alstom LCS,1501 Lebanon Church Road PA 15122,40.347621,-79.957215,other_food_retail,,Chain Packaged Food Only,False,ACHD,2025-04-30
Laurel Foodsystems @ Core Mark,920 Irwin Run Road PA 15122,40.361616,-79.927542,other_food_retail,,Chain Packaged Food Only,False,ACHD,2025-04-30
Harvest Valley Farm Market & Bakery,5820 William Flinn Highway PA 15007,40.64751,-79.9368345,convenience_limited,,Retail/Convenience Store,False,ACHD,2025-06-11
Rosita Bakery,1035 4th  Avenue PA 15108,40.518018,-80.1623115,convenience_limited,,Retail/Convenience Store,False,ACHD,2025-06-19
Horizon Market,328 6th Avenue PA 15084,40.598325,-79.763013,convenience_limited,,Retail/Convenience Store,False,ACHD,2025-06-02
Keystone Klub,1754 Greensburg Ave PA 15137,40.387437,-79.821846,convenience_limited,,Retail/Convenience Store,False,ACHD,2025-04-21
Laurel Foodsystems @ Fedex Ground Headquarters - HUB,1000 Fedex  Drive PA 15108,40.463496,-80.1774765,other_food_retail,,Packaged Food Only,False,USDA_SNAP+ACHD,2025-05-09
Laurel Foodsystems @ Compunetix,2420 Mosside Boulevard PA 15146,40.418343,-79.756884,other_food_retail,,Chain Packaged Food Only,False,ACHD,2025-05-15
Laurel Foodsystems @ Sysco Greco,1000 Blue Sky  Lane PA 15108,40.469166,-80.2243395,other_food_retail,,Packaged Food Only,False,ACHD,2025-05-14
Laurel Foodsystems @ Pitt Ohio,1 Rich Hill Road PA 15024,40.551021,-79.838478,other_food_retail,,Chain Packaged Food Only,False,ACHD,2025-05-14
Laurel Foodsystems at WTAE,400 Ardmore Boulevard PA 15205,40.435839,-79.8686685,other_food_retail,,Chain Packaged Food Only,False,ACHD,2025-05-15
Laurel Foodsystems @ Lowes West Mifflin,1025 Mountain View Drive PA 15122,40.346199,-79.948548,other_food_retail,,Chain Packaged Food Only,False,ACHD,2025-05-20
Laurel Foodsystems @ PIA,5 Allegheny County Airport PA 15122,40.351185,-79.9265745,other_food_retail,,Chain Packaged Food Only,False,ACHD,2025-05-16
Laurel Foodsystems @ Alstom ACAS,2001 Lebanon Road PA 15122,40.350303,-79.941708,other_food_retail,,Chain Packaged Food Only,False,ACHD,2025-05-16
Laurel Foodsystems @ Nations Benefits,2291 Sweeney Road PA 15026,40.497363,-80.294553,other_food_retail,,Chain Packaged Food Only,False,ACHD,2025-05-16
Laurel Foodsystems @ Pitt Ohio Express,15 27th Street PA 15222,40.458258,-79.979085,other_food_retail,,Chain Packaged Food Only,False,ACHD,2025-05-16
Moochi & You,601 Lincoln Avenue PA 15202,40.496823,-80.058411,convenience_limited,,Retail/Convenience Store,False,ACHD,2025-07-09
Gabby’s Sweets & Goodies,1870B Homeville Road PA 15122,40.3652983259043,-79.8730022859843,specialty_food,,Bakery,False,ACHD,2025-05-28
Laurel Foodsystems @ Ibex Global,500 Penn Center East  Boulevard PA 15235,40.427982,-79.810605,other_food_retail,,Chain Packaged Food Only,False,ACHD,2025-05-27
Big Lots #3058,11628 Penn Hills  Drive PA 15235,40.463802,-79.8276105,convenience_limited,,Retail/Convenience Store,False,ACHD,2025-05-27
Big Lots,4717 McKnight  Road PA 15237,40.517163,-80.005626,convenience_limited,,Chain Retail/Convenience Store,False,ACHD,2025-05-27
Laurel Foodsystems @ Lowe’s Monroeville #1660,4200 William Penn Highway PA 15146,40.437189,-79.7626665,other_food_retail,,Chain Packaged Food Only,False,ACHD,2025-05-30
Laurel Foodsystems @ Lowe’s Waterfront #0780,690 Waterfront Drive PA 15120,40.412691,-79.901775,other_food_retail,,Chain Packaged Food Only,False,ACHD,2025-05-30
Laurel Foodsystems @ Quest Diagnostics,875 Greentree Road PA 15220,40.424517,-80.0417475,other_food_retail,,Chain Packaged Food Only,False,ACHD,2025-06-02
Laurel Foodsystems @ PCA,499 Nixon Road PA 15024,40.559202,-79.822935,other_food_retail,,Packaged Food Only,False,ACHD,2025-06-03
Laurel Foodsystems @ Lowes PGH Mills,1005 Village Center Drive PA 15084,40.568769,-79.8005745,other_food_retail,,Packaged Food Only,False,ACHD,2025-06-03
Laurel Food Systems @ Amazon Sewickley DPPI,501  North Drive PA 15143,40.530888,-80.138853,other_food_retail,,Chain Packaged Food Only,False,ACHD,2025-06-04
Chocolate Boutique Gourmet Chocolates & Novelty Candy,436 Beaver  Street PA 15143,40.540275,-80.1806985,convenience_limited,,Chain Retail/Convenience Store,False,ACHD,2025-06-06
Market C @ Amazon DAE7,833 East Pittsburgh McKeesport Boulevard PA 15137,40.378572,-79.8317415,other_food_retail,,Chain Packaged Food Only,False,ACHD,2025-06-09
Berlin Packaging Office - AVI,2300 Sweeney  Drive PA 15026,40.500981,-80.291772,other_food_retail,,Chain Packaged Food Only,False,USDA_SNAP+ACHD,2025-06-11
Laurel Foodsystems @ Lowe’s Scott Twp,2100 Washington Pike PA 15106,40.386276,-80.093106,other_food_retail,,Chain Packaged Food Only,False,ACHD,2025-06-17
Laurel Foodsystems @ Lowe's North Fayette,400 Davis Boulevard PA 15275,40.45014,-80.171388,other_food_retail,,Chain Packaged Food Only,False,ACHD,2025-06-18
Market C @ Matthews International Corp - Bronze Division,1315 Liberty Avenue PA 15226,40.411305,-80.0107335,other_food_retail,,Chain Packaged Food Only,False,ACHD,2025-06-27
Market C @ UPMC Montefiore,3459 Fifth Avenue PA 15213,40.438349869565,-79.9747216019675,other_food_retail,,Chain Packaged Food Only,False,ACHD,2025-07-01
Mauri Mart,530 Chartiers Avenue PA 15136,40.465269,-80.0597565,convenience_limited,,Retail/Convenience Store,False,ACHD,2025-07-02
Laurel Foodsystems@Presbytarian Senior Care,1215 Hulton Road PA 15139,40.526244,-79.82883,other_food_retail,,Chain Packaged Food Only,False,ACHD,2025-07-02
Laurel Foodsystems @ Siemens Munhall,700 Waterfront Drive PA 15120,40.411116,-79.9001415,other_food_retail,,Chain Packaged Food Only,False,ACHD,2025-07-08
Laurel Foodsystems @ Republic Waste,73 Industrial Way PA 15106,40.398867,-80.117478,other_food_retail,,Chain Packaged Food Only,False,ACHD,2025-07-08
Prantl’s Bakery @ Omni William Penn Hotel,530 William Penn Place PA 15219,40.440609,-79.99659,specialty_food,,Chain Bakery,False,ACHD,2025-07-08
Laurel Foodsystems @ Ferguson Plumbing,2006 Broadhead Fording Road PA 15205,40.448475,-80.083683,other_food_retail,,Chain Packaged Food Only,False,ACHD,2025-07-09
Laurel Foodsystems @ Cellone's Bakery Inc,663 Napor Boulevard PA 15205,40.444956,-80.0887185,other_food_retail,,Chain Packaged Food Only,False,ACHD,2025-07-09
Market C @ Encompass Health,320 Guys Run Road PA 15238,40.550004,-79.871067,other_food_retail,,Chain Packaged Food Only,False,ACHD,2025-07-11
G.Y.M.,5345 Penn Avenue PA 15224,40.464783,-79.9368435,other_food_retail,,Packaged Food Only,False,ACHD,2025-07-14
Laurel Foodsystems @ Citizens Four,444 Liberty  Avenue PA 15222,40.440879,-80.004699,other_food_retail,,Chain Packaged Food Only,False,ACHD,2025-07-23
Reform Pilates,2722 Penn Avenue PA 15222,40.456152,-79.9762365,other_food_retail,,Packaged Food Only,False,ACHD,2025-07-24
