{"type":"FeatureCollection","features":[{"type":"Feature","geometry":{"type":"Point","coordinates":[-80.06032,40.47495]},"properties":{"p":"0074K00253000000","a":"CHAMBERS ST","m":"McKees Rocks","u":"I","o":"corp","sf":21170,"v":9700}},{"type":"Feature","geometry":{"type":"Point","coordinates":[-80.06779,40.4818]},"properties":{"p":"0112S00093000000","a":"MARGARET ST","m":"Stowe","u":"I","o":"corp","sf":87120,"v":80000}},{"type":"Feature","geometry":{"type":"Point","coordinates":[-80.06933,40.48357]},"properties":{"p":"0112S00110000000","a":"1360 ISLAND AVE","m":"Stowe","u":"I","o":"corp","sf":56759,"v":58600}},{"type":"Feature","geometry":{"type":"Point","coordinates":[-80.06551,40.4788]},"properties":{"p":"0074E00071000000","a":"MARGARET ST","m":"Stowe","u":"I","o":"corp","sf":3300,"v":3000}},{"type":"Feature","geometry":{"type":"Point","coordinates":[-80.06562,40.47863]},"properties":{"p":"0074E00072000000","a":"MCKEE ST","m":"Stowe","u":"I","o":"corp","sf":1875,"v":1700}},{"type":"Feature","geometry":{"type":"Point","coordinates":[-80.07456,40.48766]},"properties":{"p":"0112G00073000000","a":"OHIO ST","m":"Stowe","u":"I","o":"corp","sf":52838,"v":30600}},{"type":"Feature","geometry":{"type":"Point","coordinates":[-80.06038,40.48931]},"properties":{"p":"0113B00160000000","a":"OHIO RIVER BLVD","m":"Bellevue","u":"C","o":"individual","sf":6534,"v":3000}},{"type":"Feature","geometry":{"type":"Point","coordinates":[-80.06079,40.47012]},"properties":{"p":"0043B00180000000","a":"ALEXANDER ST","m":"McKees Rocks","u":"C","o":"individual","sf":2842,"v":500}},{"type":"Feature","geometry":{"type":"Point","coordinates":[-80.06315,40.47073]},"properties":{"p":"0043A00298000000","a":"ORCHARD ST","m":"McKees Rocks","u":"C","o":"corp","sf":41853,"v":6700}},{"type":"Feature","geometry":{"type":"Point","coordinates":[-80.06398,40.47076]},"properties":{"p":"0043A00300000000","a":"ETNA CIR","m":"McKees Rocks","u":"C","o":"corp","sf":10386,"v":8300}},{"type":"Feature","geometry":{"type":"Point","coordinates":[-80.06002,40.47007]},"properties":{"p":"0043B00143000000","a":"ISLAND AVE","m":"McKees Rocks","u":"C","o":"corp","sf":5070,"v":16600}},{"type":"Feature","geometry":{"type":"Point","coordinates":[-80.06045,40.47103]},"properties":{"p":"0043B00128000000","a":"ISLAND AVE","m":"McKees Rocks","u":"C","o":"corp","sf":2966,"v":13200}},{"type":"Feature","geometry":{"type":"Point","coordinates":[-80.06037,40.47091]},"properties":{"p":"0043B00130000000","a":"508 ISLAND AVE","m":"McKees Rocks","u":"C","o":"corp","sf":2910,"v":13100}},{"type":"Feature","geometry":{"type":"Point","coordinates":[-80.06026,40.4708]},"properties":{"p":"0043B00132000000","a":"200 BRADLEY ST","m":"McKees Rocks","u":"C","o":"corp","sf":3067,"v":10000}},{"type":"Feature","geometry":{"type":"Point","coordinates":[-80.06024,40.47074]},"properties":{"p":"0043B00133000000","a":"200 BRADLEY AVE","m":"McKees Rocks","u":"C","o":"corp","sf":2826,"v":10000}},{"type":"Feature","geometry":{"type":"Point","coordinates":[-80.06012,40.47053]},"properties":{"p":"0043B00136000000","a":"428 ISLAND AVE","m":"McKees Rocks","u":"C","o":"corp","sf":5588,"v":10000}},{"type":"Feature","geometry":{"type":"Point","coordinates":[-80.06381,40.47383]},"properties":{"p":"0074N00073000000","a":"ISLAND AVE","m":"McKees Rocks","u":"C","o":"corp","sf":2200,"v":11900}},{"type":"Feature","geometry":{"type":"Point","coordinates":[-80.06344,40.47446]},"properties":{"p":"0074N00006000000","a":"ADRIAN ST","m":"McKees Rocks","u":"C","o":"individual","sf":598,"v":500}},{"type":"Feature","geometry":{"type":"Point","coordinates":[-80.06183,40.47307]},"properties":{"p":"0074P00185000000","a":"ISLAND AVE","m":"McKees Rocks","u":"C","o":"corp","sf":2360,"v":20000}},{"type":"Feature","geometry":{"type":"Point","coordinates":[-80.06473,40.47402]},"properties":{"p":"0074N00184000000","a":"ELLIOTT DR","m":"McKees Rocks","u":"C","o":"corp","sf":2500,"v":10600}},{"type":"Feature","geometry":{"type":"Point","coordinates":[-80.06086,40.47397]},"properties":{"p":"0074P00168000000","a":"INTERMODAL WAY","m":"McKees Rocks","u":"C","o":"corp","sf":89429,"v":82100}},{"type":"Feature","geometry":{"type":"Point","coordinates":[-80.06476,40.47475]},"properties":{"p":"0074J00057000000","a":"ISLAND AVE","m":"McKees Rocks","u":"C","o":"individual","sf":7500,"v":20700}},{"type":"Feature","geometry":{"type":"Point","coordinates":[-80.07854,40.47035]},"properties":{"p":"0072B00390000000","a":"PINE HOLLOW RD","m":"Stowe","u":"C","o":"individual","sf":2112,"v":10900}},{"type":"Feature","geometry":{"type":"Point","coordinates":[-80.07046,40.47054]},"properties":{"p":"0072C00297000000","a":"534 BROADWAY AVE","m":"Stowe","u":"C","o":"individual","sf":2400,"v":11800}},{"type":"Feature","geometry":{"type":"Point","coordinates":[-80.07195,40.47535]},"properties":{"p":"0073L00194000000","a":"MCCOY RD","m":"Stowe","u":"C","o":"corp","sf":6075,"v":5500}},{"type":"Feature","geometry":{"type":"Point","coordinates":[-80.07435,40.48227]},"properties":{"p":"0073C00170000000","a":"WAINWRIGHT DR","m":"Stowe","u":"C","o":"individual","sf":47263,"v":8500}},{"type":"Feature","geometry":{"type":"Point","coordinates":[-80.06708,40.48081]},"properties":{"p":"0073D00321000000","a":"MCKEE ST","m":"Stowe","u":"C","o":"individual","sf":30490,"v":36400}},{"type":"Feature","geometry":{"type":"Point","coordinates":[-80.06684,40.4809]},"properties":{"p":"0073D00322000000","a":"MCKEE ST","m":"Stowe","u":"C","o":"corp","sf":3485,"v":12100}},{"type":"Feature","geometry":{"type":"Point","coordinates":[-80.06249,40.48455]},"properties":{"p":"0113N00360000000","a":"HERSHEY WAY","m":"Stowe","u":"C","o":"corp","sf":69003,"v":71100}},{"type":"Feature","geometry":{"type":"Point","coordinates":[-80.06823,40.47649]},"properties":{"p":"0073M00022000000","a":"WOOD ST","m":"Stowe","u":"C","o":"individual","sf":5402,"v":13900}},{"type":"Feature","geometry":{"type":"Point","coordinates":[-80.06721,40.47695]},"properties":{"p":"0073M00034000000","a":"TUNNEL WAY","m":"Stowe","u":"C","o":"corp","sf":3945,"v":12600}},{"type":"Feature","geometry":{"type":"Point","coordinates":[-80.07727,40.48564]},"properties":{"p":"0112K00011000000","a":"WOOD ST","m":"Stowe","u":"C","o":"corp","sf":2500,"v":11300}},{"type":"Feature","geometry":{"type":"Point","coordinates":[-80.07202,40.4748]},"properties":{"p":"0073L00047000000","a":"BENWOOD AVE","m":"Stowe","u":"C","o":"individual","sf":2402,"v":11200}},{"type":"Feature","geometry":{"type":"Point","coordinates":[-80.07176,40.47392]},"properties":{"p":"0073R00261000000","a":"RIDGE AVE","m":"Stowe","u":"C","o":"corp","sf":2630,"v":11400}},{"type":"Feature","geometry":{"type":"Point","coordinates":[-80.06931,40.47568]},"properties":{"p":"0073M00303000000","a":"F ST","m":"Stowe","u":"C","o":"corp","sf":27443,"v":4900}},{"type":"Feature","geometry":{"type":"Point","coordinates":[-80.06132,40.47661]},"properties":{"p":"0074F00007000000","a":"75 NICHOL AVE","m":"Stowe","u":"C","o":"corp","sf":26972,"v":26200}},{"type":"Feature","geometry":{"type":"Point","coordinates":[-80.0746,40.48647]},"properties":{"p":"0112L00078000000","a":"ISLAND AVE","m":"Stowe","u":"C","o":"corp","sf":16465,"v":21200}},{"type":"Feature","geometry":{"type":"Point","coordinates":[-80.07402,40.48554]},"properties":{"p":"0112L00152000000","a":"ISLAND AVE","m":"Stowe","u":"C","o":"corp","sf":3826,"v":800}},{"type":"Feature","geometry":{"type":"Point","coordinates":[-80.07303,40.4844]},"properties":{"p":"0112R00336000000","a":"ORR ST","m":"Stowe","u":"C","o":"individual","sf":9545,"v":17600}},{"type":"Feature","geometry":{"type":"Point","coordinates":[-80.07347,40.48444]},"properties":{"p":"0112R00342000000","a":"STOWE AVE","m":"Stowe","u":"C","o":"corp","sf":3761,"v":3500}},{"type":"Feature","geometry":{"type":"Point","coordinates":[-80.06804,40.47446]},"properties":{"p":"0073S00052000000","a":"FRAZIER AVE","m":"Stowe","u":"C","o":"corp","sf":5400,"v":4900}},{"type":"Feature","geometry":{"type":"Point","coordinates":[-80.07262,40.48288]},"properties":{"p":"0112R00200033900","a":"ISLAND AVE","m":"Stowe","u":"C","o":"corp","sf":4000,"v":11200}},{"type":"Feature","geometry":{"type":"Point","coordinates":[-80.06874,40.4755]},"properties":{"p":"0073M00258000000","a":"SHAW AVE","m":"Stowe","u":"C","o":"corp","sf":5396,"v":100}},{"type":"Feature","geometry":{"type":"Point","coordinates":[-80.07831,40.48798]},"properties":{"p":"0112F00057000000","a":"ISLAND AVE","m":"Stowe","u":"C","o":"individual","sf":74052,"v":5100}},{"type":"Feature","geometry":{"type":"Point","coordinates":[-80.07199,40.47321]},"properties":{"p":"0073R00196000100","a":"815 7TH ST","m":"Stowe","u":"C","o":"individual","sf":1240,"v":1500}},{"type":"Feature","geometry":{"type":"Point","coordinates":[-80.07356,40.48476]},"properties":{"p":"0112L00033000000","a":"ISLAND AVE","m":"Stowe","u":"C","o":"individual","sf":5248,"v":12200}},{"type":"Feature","geometry":{"type":"Point","coordinates":[-80.06658,40.4767]},"properties":{"p":"0073M00074000000","a":"MCCOY RD","m":"Stowe","u":"C","o":"corp","sf":3404,"v":3100}},{"type":"Feature","geometry":{"type":"Point","coordinates":[-80.0601,40.47043]},"properties":{"p":"0043B00138000000","a":"428 ISLAND AVE","m":"McKees Rocks","u":"C","o":"corp","sf":2894,"v":13100}},{"type":"Feature","geometry":{"type":"Point","coordinates":[-80.06029,40.47087]},"properties":{"p":"0043B00131000000","a":"508 ISLAND AVE","m":"McKees Rocks","u":"C","o":"corp","sf":3238,"v":3000}},{"type":"Feature","geometry":{"type":"Point","coordinates":[-80.07248,40.4829]},"properties":{"p":"0112R00200033800","a":"ISLAND AVE","m":"Stowe","u":"C","o":"corp","sf":4000,"v":11200}},{"type":"Feature","geometry":{"type":"Point","coordinates":[-80.07668,40.48693]},"properties":{"p":"0112F00108000000","a":"ISLAND AVE","m":"Stowe","u":"C","o":"individual","sf":24000,"v":5000}},{"type":"Feature","geometry":{"type":"Point","coordinates":[-80.0736,40.47225]},"properties":{"p":"0073R00018000000","a":"905 -907 VALLEY ST","m":"Stowe","u":"C","o":"corp","sf":889,"v":800}},{"type":"Feature","geometry":{"type":"Point","coordinates":[-80.07099,40.47437]},"properties":{"p":"0073R00314000000","a":"BENWOOD AVE","m":"Stowe","u":"C","o":"corp","sf":2232,"v":11000}},{"type":"Feature","geometry":{"type":"Point","coordinates":[-80.06299,40.47166]},"properties":{"p":"0043A00099000000","a":"ALLEN ST","m":"McKees Rocks","u":"L","o":"individual","sf":1962,"v":600}},{"type":"Feature","geometry":{"type":"Point","coordinates":[-80.06325,40.4717]},"properties":{"p":"0043A00105000000","a":"CHURCHILL ST","m":"McKees Rocks","u":"L","o":"individual","sf":3125,"v":900}},{"type":"Feature","geometry":{"type":"Point","coordinates":[-80.06142,40.47152]},"properties":{"p":"0043B00252000000","a":"ISLAND AVE","m":"McKees Rocks","u":"L","o":"corp","sf":2842,"v":800}},{"type":"Feature","geometry":{"type":"Point","coordinates":[-80.06146,40.47158]},"properties":{"p":"0043B00253000000","a":"ISLAND AVE","m":"McKees Rocks","u":"L","o":"corp","sf":3242,"v":1700}},{"type":"Feature","geometry":{"type":"Point","coordinates":[-80.06073,40.47035]},"properties":{"p":"0043B00158000000","a":"ISLAND AVE","m":"McKees Rocks","u":"L","o":"individual","sf":1790,"v":600}},{"type":"Feature","geometry":{"type":"Point","coordinates":[-80.06073,40.47041]},"properties":{"p":"0043B00159000000","a":"ISLAND AVE","m":"McKees Rocks","u":"L","o":"individual","sf":3250,"v":900}},{"type":"Feature","geometry":{"type":"Point","coordinates":[-80.06085,40.47061]},"properties":{"p":"0043B00163000000","a":"ISLAND AVE","m":"McKees Rocks","u":"L","o":"individual","sf":2784,"v":6200}},{"type":"Feature","geometry":{"type":"Point","coordinates":[-80.06413,40.47192]},"properties":{"p":"0043A00157000000","a":"MARION ST","m":"McKees Rocks","u":"L","o":"individual","sf":3244,"v":900}},{"type":"Feature","geometry":{"type":"Point","coordinates":[-80.06762,40.4701]},"properties":{"p":"0072D00024000000","a":"124 IRWIN ST","m":"McKees Rocks","u":"L","o":"individual","sf":480,"v":200}},{"type":"Feature","geometry":{"type":"Point","coordinates":[-80.06254,40.47009]},"properties":{"p":"0043A00054000000","a":"PAULINE ST","m":"McKees Rocks","u":"L","o":"individual","sf":3403,"v":1000}},{"type":"Feature","geometry":{"type":"Point","coordinates":[-80.06304,40.47015]},"properties":{"p":"0043A00066000000","a":"PAULINE ST","m":"McKees Rocks","u":"L","o":"individual","sf":3403,"v":1000}},{"type":"Feature","geometry":{"type":"Point","coordinates":[-80.06301,40.47022]},"properties":{"p":"0043A00067000000","a":"PAULINE ST","m":"McKees Rocks","u":"L","o":"individual","sf":3403,"v":1000}},{"type":"Feature","geometry":{"type":"Point","coordinates":[-80.06258,40.47064]},"properties":{"p":"0043A00084000000","a":"ALLEN ST","m":"McKees Rocks","u":"L","o":"individual","sf":6366,"v":8100}},{"type":"Feature","geometry":{"type":"Point","coordinates":[-80.06202,40.47088]},"properties":{"p":"0043B00234000000","a":"PATTERSON ST","m":"McKees Rocks","u":"L","o":"individual","sf":2262,"v":700}},{"type":"Feature","geometry":{"type":"Point","coordinates":[-80.06112,40.47105]},"properties":{"p":"0043B00244000000","a":"ISLAND AVE","m":"McKees Rocks","u":"L","o":"corp","sf":3000,"v":900}},{"type":"Feature","geometry":{"type":"Point","coordinates":[-80.06448,40.47121]},"properties":{"p":"0043A00123000000","a":"CHURCHILL ST","m":"McKees Rocks","u":"L","o":"individual","sf":2026,"v":600}},{"type":"Feature","geometry":{"type":"Point","coordinates":[-80.06453,40.47152]},"properties":{"p":"0043A00128000000","a":"CHURCHILL ST","m":"McKees Rocks","u":"L","o":"individual","sf":1213,"v":400}},{"type":"Feature","geometry":{"type":"Point","coordinates":[-80.06415,40.47178]},"properties":{"p":"0043A00135000000","a":"CHURCHILL ST","m":"McKees Rocks","u":"L","o":"individual","sf":1699,"v":500}},{"type":"Feature","geometry":{"type":"Point","coordinates":[-80.06374,40.47198]},"properties":{"p":"0043A00140000000","a":"CHURCHILL ST","m":"McKees Rocks","u":"L","o":"individual","sf":2500,"v":700}},{"type":"Feature","geometry":{"type":"Point","coordinates":[-80.06049,40.47012]},"properties":{"p":"0043B00153000000","a":"ISLAND AVE","m":"McKees Rocks","u":"L","o":"individual","sf":2037,"v":600}},{"type":"Feature","geometry":{"type":"Point","coordinates":[-80.06051,40.47023]},"properties":{"p":"0043B00155000000","a":"ISLAND AVE","m":"McKees Rocks","u":"L","o":"corp","sf":1750,"v":500}},{"type":"Feature","geometry":{"type":"Point","coordinates":[-80.06209,40.47026]},"properties":{"p":"0043A00048000000","a":"WALLACE ST","m":"McKees Rocks","u":"L","o":"individual","sf":11340,"v":8600}},{"type":"Feature","geometry":{"type":"Point","coordinates":[-80.0621,40.47008]},"properties":{"p":"0043A00051000000","a":"MILLER ST","m":"McKees Rocks","u":"L","o":"individual","sf":5825,"v":1600}},{"type":"Feature","geometry":{"type":"Point","coordinates":[-80.06185,40.47004]},"properties":{"p":"0043B00212000000","a":"HENRY ST","m":"McKees Rocks","u":"L","o":"individual","sf":6327,"v":8100}},{"type":"Feature","geometry":{"type":"Point","coordinates":[-80.06333,40.47167]},"properties":{"p":"0043A00106000000","a":"CHURCHILL ST","m":"McKees Rocks","u":"L","o":"individual","sf":3125,"v":900}},{"type":"Feature","geometry":{"type":"Point","coordinates":[-80.06351,40.47164]},"properties":{"p":"0043A00108000000","a":"CHURCHILL ST","m":"McKees Rocks","u":"L","o":"corp","sf":3125,"v":900}},{"type":"Feature","geometry":{"type":"Point","coordinates":[-80.06358,40.47158]},"properties":{"p":"0043A00110000000","a":"CHURCHILL ST","m":"McKees Rocks","u":"L","o":"individual","sf":3937,"v":7200}},{"type":"Feature","geometry":{"type":"Point","coordinates":[-80.06411,40.47137]},"properties":{"p":"0043A00118000000","a":"CHURCHILL ST","m":"McKees Rocks","u":"L","o":"corp","sf":3250,"v":900}},{"type":"Feature","geometry":{"type":"Point","coordinates":[-80.06424,40.47131]},"properties":{"p":"0043A00120000000","a":"CHURCHILL ST","m":"McKees Rocks","u":"L","o":"corp","sf":2242,"v":700}},{"type":"Feature","geometry":{"type":"Point","coordinates":[-80.06121,40.4701]},"properties":{"p":"0043B00191000000","a":"ALEXANDER ST","m":"McKees Rocks","u":"L","o":"corp","sf":2366,"v":700}},{"type":"Feature","geometry":{"type":"Point","coordinates":[-80.06114,40.47018]},"properties":{"p":"0043B00192000000","a":"ALEXANDER ST","m":"McKees Rocks","u":"L","o":"individual","sf":1854,"v":600}},{"type":"Feature","geometry":{"type":"Point","coordinates":[-80.06801,40.47012]},"properties":{"p":"0072D00033000000","a":"116 IRWIN ST","m":"McKees Rocks","u":"L","o":"individual","sf":1170,"v":400}},{"type":"Feature","geometry":{"type":"Point","coordinates":[-80.06305,40.47142]},"properties":{"p":"0043A00096000000","a":"ALLEN ST","m":"McKees Rocks","u":"L","o":"individual","sf":4625,"v":7700}},{"type":"Feature","geometry":{"type":"Point","coordinates":[-80.06315,40.47146]},"properties":{"p":"0043A00097000000","a":"ALLEN ST","m":"McKees Rocks","u":"L","o":"individual","sf":4725,"v":7800}},{"type":"Feature","geometry":{"type":"Point","coordinates":[-80.06789,40.47048]},"properties":{"p":"0072D00044000000","a":"IRWIN ST","m":"McKees Rocks","u":"L","o":"individual","sf":2400,"v":8900}},{"type":"Feature","geometry":{"type":"Point","coordinates":[-80.06813,40.47042]},"properties":{"p":"0072D00047000000","a":"IRWIN ST","m":"McKees Rocks","u":"L","o":"individual","sf":2400,"v":8900}},{"type":"Feature","geometry":{"type":"Point","coordinates":[-80.06825,40.47039]},"properties":{"p":"0072D00049000000","a":"IRWIN ST","m":"McKees Rocks","u":"L","o":"individual","sf":4800,"v":11800}},{"type":"Feature","geometry":{"type":"Point","coordinates":[-80.06872,40.47026]},"properties":{"p":"0072D00053000000","a":"WOODWARD AVE","m":"McKees Rocks","u":"L","o":"corp","sf":2400,"v":800}},{"type":"Feature","geometry":{"type":"Point","coordinates":[-80.06865,40.47021]},"properties":{"p":"0072D00054000000","a":"WOODWARD AVE","m":"McKees Rocks","u":"L","o":"individual","sf":2400,"v":800}},{"type":"Feature","geometry":{"type":"Point","coordinates":[-80.06856,40.47014]},"properties":{"p":"0072D00055000000","a":"WOODWARD AVE","m":"McKees Rocks","u":"L","o":"corp","sf":4800,"v":11800}},{"type":"Feature","geometry":{"type":"Point","coordinates":[-80.06847,40.47007]},"properties":{"p":"0072D00057000000","a":"WOODWARD AVE","m":"McKees Rocks","u":"L","o":"corp","sf":2400,"v":800}},{"type":"Feature","geometry":{"type":"Point","coordinates":[-80.06466,40.47463]},"properties":{"p":"0074N00058000000","a":"ISLAND AVE","m":"McKees Rocks","u":"L","o":"individual","sf":2974,"v":800}},{"type":"Feature","geometry":{"type":"Point","coordinates":[-80.06453,40.47447]},"properties":{"p":"0074N00060000000","a":"ISLAND AVE","m":"McKees Rocks","u":"L","o":"individual","sf":4946,"v":8000}},{"type":"Feature","geometry":{"type":"Point","coordinates":[-80.0642,40.47416]},"properties":{"p":"0074N00065000000","a":"ISLAND AVE","m":"McKees Rocks","u":"L","o":"individual","sf":10000,"v":2600}},{"type":"Feature","geometry":{"type":"Point","coordinates":[-80.06549,40.4725]},"properties":{"p":"0074N00312000000","a":"FREDERICK ST","m":"McKees Rocks","u":"L","o":"individual","sf":6000,"v":4100}},{"type":"Feature","geometry":{"type":"Point","coordinates":[-80.06404,40.47346]},"properties":{"p":"0074N00170000000","a":"DAVIS AVE","m":"McKees Rocks","u":"L","o":"individual","sf":2500,"v":6000}},{"type":"Feature","geometry":{"type":"Point","coordinates":[-80.0641,40.4735]},"properties":{"p":"0074N00171000000","a":"DAVIS AVE","m":"McKees Rocks","u":"L","o":"individual","sf":1767,"v":500}},{"type":"Feature","geometry":{"type":"Point","coordinates":[-80.06413,40.47353]},"properties":{"p":"0074N00172000000","a":"DAVIS AVE","m":"McKees Rocks","u":"L","o":"individual","sf":1393,"v":500}},{"type":"Feature","geometry":{"type":"Point","coordinates":[-80.06417,40.47356]},"properties":{"p":"0074N00173000000","a":"DAVIS AVE","m":"McKees Rocks","u":"L","o":"individual","sf":1392,"v":500}},{"type":"Feature","geometry":{"type":"Point","coordinates":[-80.0642,40.47359]},"properties":{"p":"0074N00174000000","a":"DAVIS AVE","m":"McKees Rocks","u":"L","o":"individual","sf":1398,"v":500}},{"type":"Feature","geometry":{"type":"Point","coordinates":[-80.06424,40.47362]},"properties":{"p":"0074N00175000000","a":"DAVIS AVE","m":"McKees Rocks","u":"L","o":"individual","sf":1550,"v":500}},{"type":"Feature","geometry":{"type":"Point","coordinates":[-80.06433,40.47369]},"properties":{"p":"0074N00179000000","a":"DAVIS AVE","m":"McKees Rocks","u":"L","o":"individual","sf":5000,"v":8000}},{"type":"Feature","geometry":{"type":"Point","coordinates":[-80.06358,40.47227]},"properties":{"p":"0074N00237000000","a":"CAMP ST","m":"McKees Rocks","u":"L","o":"individual","sf":2171,"v":600}},{"type":"Feature","geometry":{"type":"Point","coordinates":[-80.06419,40.47238]},"properties":{"p":"0074N00242000000","a":"ROBERTS ST","m":"McKees Rocks","u":"L","o":"corp","sf":3697,"v":100}},{"type":"Feature","geometry":{"type":"Point","coordinates":[-80.06504,40.47349]},"properties":{"p":"0074N00289000000","a":"762 FREDERICK ST","m":"McKees Rocks","u":"L","o":"individual","sf":2396,"v":5900}},{"type":"Feature","geometry":{"type":"Point","coordinates":[-80.06248,40.47386]},"properties":{"p":"0074N00031000000","a":"ODONOVAN ST","m":"McKees Rocks","u":"L","o":"individual","sf":4584,"v":7700}},{"type":"Feature","geometry":{"type":"Point","coordinates":[-80.06518,40.47386]},"properties":{"p":"0074N00209000000","a":"FREDERICK ST","m":"McKees Rocks","u":"L","o":"individual","sf":2959,"v":800}},{"type":"Feature","geometry":{"type":"Point","coordinates":[-80.06498,40.47377]},"properties":{"p":"0074N00210000000","a":"HIGH ST","m":"McKees Rocks","u":"L","o":"individual","sf":4447,"v":7600}},{"type":"Feature","geometry":{"type":"Point","coordinates":[-80.06487,40.47357]},"properties":{"p":"0074N00213000000","a":"HIGH ST","m":"McKees Rocks","u":"L","o":"corp","sf":4024,"v":100}},{"type":"Feature","geometry":{"type":"Point","coordinates":[-80.06454,40.47325]},"properties":{"p":"0074N00219000000","a":"HIGH ST","m":"McKees Rocks","u":"L","o":"individual","sf":6430,"v":1700}},{"type":"Feature","geometry":{"type":"Point","coordinates":[-80.06432,40.47326]},"properties":{"p":"0074N00221000000","a":"HIGH ST","m":"McKees Rocks","u":"L","o":"corp","sf":11311,"v":8600}},{"type":"Feature","geometry":{"type":"Point","coordinates":[-80.06402,40.47309]},"properties":{"p":"0074N00224000000","a":"CAMP ST","m":"McKees Rocks","u":"L","o":"individual","sf":3375,"v":900}},{"type":"Feature","geometry":{"type":"Point","coordinates":[-80.06398,40.47299]},"properties":{"p":"0074N00226000000","a":"CAMP ST","m":"McKees Rocks","u":"L","o":"individual","sf":3375,"v":900}},{"type":"Feature","geometry":{"type":"Point","coordinates":[-80.06265,40.47485]},"properties":{"p":"0074J00136000000","a":"PAGE ST","m":"McKees Rocks","u":"L","o":"individual","sf":2052,"v":600}},{"type":"Feature","geometry":{"type":"Point","coordinates":[-80.06278,40.47502]},"properties":{"p":"0074J00139000000","a":"PAGE ST","m":"McKees Rocks","u":"L","o":"individual","sf":4314,"v":7500}},{"type":"Feature","geometry":{"type":"Point","coordinates":[-80.06325,40.47434]},"properties":{"p":"0074N00009000000","a":"SHORT ST","m":"McKees Rocks","u":"L","o":"individual","sf":4717,"v":4900}},{"type":"Feature","geometry":{"type":"Point","coordinates":[-80.06511,40.47519]},"properties":{"p":"0074J00064000000","a":"ISLAND AVE","m":"McKees Rocks","u":"L","o":"individual","sf":5000,"v":8000}},{"type":"Feature","geometry":{"type":"Point","coordinates":[-80.06521,40.47531]},"properties":{"p":"0074J00066000000","a":"ISLAND AVE","m":"McKees Rocks","u":"L","o":"individual","sf":5000,"v":8000}},{"type":"Feature","geometry":{"type":"Point","coordinates":[-80.0653,40.47543]},"properties":{"p":"0074J00068000000","a":"ISLAND AVE","m":"McKees Rocks","u":"L","o":"individual","sf":5000,"v":8000}},{"type":"Feature","geometry":{"type":"Point","coordinates":[-80.06488,40.4756]},"properties":{"p":"0074J00075000000","a":"ISLAND AVE","m":"McKees Rocks","u":"L","o":"individual","sf":4229,"v":7400}},{"type":"Feature","geometry":{"type":"Point","coordinates":[-80.06154,40.47264]},"properties":{"p":"0074P00192000000","a":"ISLAND AVE","m":"McKees Rocks","u":"L","o":"corp","sf":2575,"v":6500}},{"type":"Feature","geometry":{"type":"Point","coordinates":[-80.06371,40.47558]},"properties":{"p":"0074J00115000000","a":"ROBINSON ST","m":"McKees Rocks","u":"L","o":"individual","sf":12282,"v":8700}},{"type":"Feature","geometry":{"type":"Point","coordinates":[-80.06499,40.47429]},"properties":{"p":"0074N00189000000","a":"DAVIS AVE","m":"McKees Rocks","u":"L","o":"corp","sf":5000,"v":100}},{"type":"Feature","geometry":{"type":"Point","coordinates":[-80.06513,40.47446]},"properties":{"p":"0074N00192000000","a":"DAVIS AVE","m":"McKees Rocks","u":"L","o":"individual","sf":5000,"v":8000}},{"type":"Feature","geometry":{"type":"Point","coordinates":[-80.06567,40.47451]},"properties":{"p":"0074N00198000000","a":"HIGH ST","m":"McKees Rocks","u":"L","o":"corp","sf":3568,"v":100}},{"type":"Feature","geometry":{"type":"Point","coordinates":[-80.06561,40.47433]},"properties":{"p":"0074N00201000000","a":"HIGH ST","m":"McKees Rocks","u":"L","o":"corp","sf":2650,"v":100}},{"type":"Feature","geometry":{"type":"Point","coordinates":[-80.06558,40.47415]},"properties":{"p":"0074N00202000000","a":"HIGH ST","m":"McKees Rocks","u":"L","o":"individual","sf":10603,"v":8500}},{"type":"Feature","geometry":{"type":"Point","coordinates":[-80.06549,40.47402]},"properties":{"p":"0074N00205000000","a":"HIGH ST","m":"McKees Rocks","u":"L","o":"corp","sf":9014,"v":100}},{"type":"Feature","geometry":{"type":"Point","coordinates":[-80.06448,40.47228]},"properties":{"p":"0074N00266000000","a":"MARION ST","m":"McKees Rocks","u":"L","o":"individual","sf":3000,"v":900}},{"type":"Feature","geometry":{"type":"Point","coordinates":[-80.0631,40.47231]},"properties":{"p":"0074N00114000000","a":"124 CHURCHILL ST","m":"McKees Rocks","u":"L","o":"individual","sf":1340,"v":400}},{"type":"Feature","geometry":{"type":"Point","coordinates":[-80.06299,40.47301]},"properties":{"p":"0074N00124000000","a":"SCHOOL ST","m":"McKees Rocks","u":"L","o":"individual","sf":2500,"v":700}},{"type":"Feature","geometry":{"type":"Point","coordinates":[-80.06535,40.47473]},"properties":{"p":"0074J00047000000","a":"DAVIS AVE","m":"McKees Rocks","u":"L","o":"individual","sf":17500,"v":9100}},{"type":"Feature","geometry":{"type":"Point","coordinates":[-80.07993,40.47104]},"properties":{"p":"0072A00052000000","a":"PINE HOLLOW RD","m":"Kennedy","u":"L","o":"individual","sf":8645,"v":800}},{"type":"Feature","geometry":{"type":"Point","coordinates":[-80.07179,40.47201]},"properties":{"p":"0072C00343000000","a":"WOODWARD AVE","m":"Stowe","u":"L","o":"individual","sf":2400,"v":2900}},{"type":"Feature","geometry":{"type":"Point","coordinates":[-80.07511,40.48744]},"properties":{"p":"0112F00187000000","a":"1422 FLEMING AVE","m":"Stowe","u":"L","o":"individual","sf":3125,"v":3300}},{"type":"Feature","geometry":{"type":"Point","coordinates":[-80.07086,40.47511]},"properties":{"p":"0073L00233000000","a":"F ST","m":"Stowe","u":"L","o":"individual","sf":7075,"v":2100}},{"type":"Feature","geometry":{"type":"Point","coordinates":[-80.07058,40.47512]},"properties":{"p":"0073L00237000000","a":"F ST","m":"Stowe","u":"L","o":"corp","sf":3130,"v":9800}},{"type":"Feature","geometry":{"type":"Point","coordinates":[-80.07046,40.47538]},"properties":{"p":"0073L00242000000","a":"F ST","m":"Stowe","u":"L","o":"individual","sf":3566,"v":10300}},{"type":"Feature","geometry":{"type":"Point","coordinates":[-80.07098,40.47551]},"properties":{"p":"0073L00248000000","a":"F ST","m":"Stowe","u":"L","o":"individual","sf":3827,"v":10600}},{"type":"Feature","geometry":{"type":"Point","coordinates":[-80.07107,40.47553]},"properties":{"p":"0073L00249000000","a":"F ST","m":"Stowe","u":"L","o":"individual","sf":2035,"v":700}},{"type":"Feature","geometry":{"type":"Point","coordinates":[-80.07113,40.47559]},"properties":{"p":"0073L00250000000","a":"F ST","m":"Stowe","u":"L","o":"individual","sf":2401,"v":800}},{"type":"Feature","geometry":{"type":"Point","coordinates":[-80.07127,40.47572]},"properties":{"p":"0073L00255000000","a":"F ST","m":"Stowe","u":"L","o":"individual","sf":6294,"v":12100}},{"type":"Feature","geometry":{"type":"Point","coordinates":[-80.07135,40.47581]},"properties":{"p":"0073L00256000000","a":"F ST","m":"Stowe","u":"L","o":"individual","sf":2978,"v":9600}},{"type":"Feature","geometry":{"type":"Point","coordinates":[-80.06102,40.48379]},"properties":{"p":"0113P00058000000","a":"OHIO ST","m":"Stowe","u":"L","o":"individual","sf":1726,"v":1700}},{"type":"Feature","geometry":{"type":"Point","coordinates":[-80.06113,40.48374]},"properties":{"p":"0113P00060000000","a":"OHIO ST","m":"Stowe","u":"L","o":"individual","sf":1732,"v":400}},{"type":"Feature","geometry":{"type":"Point","coordinates":[-80.06119,40.48372]},"properties":{"p":"0113P00061000000","a":"38 OHIO ST","m":"Stowe","u":"L","o":"individual","sf":1728,"v":400}},{"type":"Feature","geometry":{"type":"Point","coordinates":[-80.07246,40.47251]},"properties":{"p":"0073R00082000000","a":"653 WOODWARD AVE","m":"Stowe","u":"L","o":"individual","sf":2400,"v":800}},{"type":"Feature","geometry":{"type":"Point","coordinates":[-80.07234,40.47242]},"properties":{"p":"0073R00084000000","a":"WOODWARD AVE","m":"Stowe","u":"L","o":"corp","sf":2400,"v":8900}},{"type":"Feature","geometry":{"type":"Point","coordinates":[-80.07903,40.47735]},"properties":{"p":"0073E00122000000","a":"MACARTHUR ST","m":"Stowe","u":"L","o":"individual","sf":9059,"v":20400}},{"type":"Feature","geometry":{"type":"Point","coordinates":[-80.07649,40.4701]},"properties":{"p":"0072B00173000000","a":"1180 DOHRMAN ST","m":"Stowe","u":"L","o":"corp","sf":9405,"v":12400}},{"type":"Feature","geometry":{"type":"Point","coordinates":[-80.06842,40.47076]},"properties":{"p":"0072D00193000000","a":"RIDGE AVE","m":"Stowe","u":"L","o":"individual","sf":4800,"v":11800}},{"type":"Feature","geometry":{"type":"Point","coordinates":[-80.06867,40.47107]},"properties":{"p":"0072D00198000000","a":"RIDGE AVE","m":"Stowe","u":"L","o":"corp","sf":2400,"v":8900}},{"type":"Feature","geometry":{"type":"Point","coordinates":[-80.06967,40.48093]},"properties":{"p":"0073D00085000000","a":"STOWE AVE","m":"Stowe","u":"L","o":"individual","sf":3911,"v":3600}},{"type":"Feature","geometry":{"type":"Point","coordinates":[-80.06812,40.47955]},"properties":{"p":"0073D00140000000","a":"ISLAND AVE","m":"Stowe","u":"L","o":"individual","sf":3300,"v":700}},{"type":"Feature","geometry":{"type":"Point","coordinates":[-80.07804,40.47924]},"properties":{"p":"0073F00185000000","a":"MCCOY RD","m":"Stowe","u":"L","o":"individual","sf":13464,"v":20800}},{"type":"Feature","geometry":{"type":"Point","coordinates":[-80.07519,40.47368]},"properties":{"p":"0073P00102000000","a":"WOODWARD AVE","m":"Stowe","u":"L","o":"corp","sf":4800,"v":11800}},{"type":"Feature","geometry":{"type":"Point","coordinates":[-80.07483,40.47714]},"properties":{"p":"0073F00377000000","a":"MCCOY RD","m":"Stowe","u":"L","o":"individual","sf":1111,"v":400}},{"type":"Feature","geometry":{"type":"Point","coordinates":[-80.0704,40.4773]},"properties":{"p":"0073G00018000000","a":"WILSON AVE","m":"Stowe","u":"L","o":"individual","sf":2288,"v":700}},{"type":"Feature","geometry":{"type":"Point","coordinates":[-80.07061,40.47744]},"properties":{"p":"0073G00023000000","a":"WILSON AVE","m":"Stowe","u":"L","o":"individual","sf":10030,"v":2900}},{"type":"Feature","geometry":{"type":"Point","coordinates":[-80.06876,40.47118]},"properties":{"p":"0072D00201000000","a":"RIDGE AVE","m":"Stowe","u":"L","o":"individual","sf":2400,"v":8900}},{"type":"Feature","geometry":{"type":"Point","coordinates":[-80.0688,40.47123]},"properties":{"p":"0072D00202000000","a":"RIDGE AVE","m":"Stowe","u":"L","o":"individual","sf":2400,"v":8900}},{"type":"Feature","geometry":{"type":"Point","coordinates":[-80.06884,40.47129]},"properties":{"p":"0072D00203000000","a":"RIDGE AVE","m":"Stowe","u":"L","o":"individual","sf":2400,"v":8900}},{"type":"Feature","geometry":{"type":"Point","coordinates":[-80.06889,40.47134]},"properties":{"p":"0072D00204000000","a":"RIDGE AVE","m":"Stowe","u":"L","o":"individual","sf":2400,"v":8900}},{"type":"Feature","geometry":{"type":"Point","coordinates":[-80.06893,40.47139]},"properties":{"p":"0072D00205000000","a":"RIDGE AVE","m":"Stowe","u":"L","o":"individual","sf":2400,"v":8900}},{"type":"Feature","geometry":{"type":"Point","coordinates":[-80.06897,40.47145]},"properties":{"p":"0072D00206000000","a":"RIDGE AVE","m":"Stowe","u":"L","o":"individual","sf":2400,"v":8900}},{"type":"Feature","geometry":{"type":"Point","coordinates":[-80.06904,40.47153]},"properties":{"p":"0072D00208000000","a":"RIDGE AVE","m":"Stowe","u":"L","o":"individual","sf":4800,"v":11800}},{"type":"Feature","geometry":{"type":"Point","coordinates":[-80.06913,40.47164]},"properties":{"p":"0072D00210000000","a":"RIDGE AVE","m":"Stowe","u":"L","o":"individual","sf":4800,"v":11800}},{"type":"Feature","geometry":{"type":"Point","coordinates":[-80.06922,40.47175]},"properties":{"p":"0072D00212000000","a":"RIDGE AVE","m":"Stowe","u":"L","o":"individual","sf":4800,"v":11800}},{"type":"Feature","geometry":{"type":"Point","coordinates":[-80.07764,40.47926]},"properties":{"p":"0073F00194000000","a":"MCCOY RD","m":"Stowe","u":"L","o":"individual","sf":5840,"v":2000}},{"type":"Feature","geometry":{"type":"Point","coordinates":[-80.07747,40.47944]},"properties":{"p":"0073F00195000000","a":"MCCOY RD","m":"Stowe","u":"L","o":"individual","sf":11878,"v":3900}},{"type":"Feature","geometry":{"type":"Point","coordinates":[-80.07742,40.47931]},"properties":{"p":"0073F00196000000","a":"MCCOY RD","m":"Stowe","u":"L","o":"individual","sf":4995,"v":1700}},{"type":"Feature","geometry":{"type":"Point","coordinates":[-80.06515,40.48278]},"properties":{"p":"0113N00283000000","a":"ORCHARD ST","m":"Stowe","u":"L","o":"individual","sf":1731,"v":1400}},{"type":"Feature","geometry":{"type":"Point","coordinates":[-80.0652,40.48276]},"properties":{"p":"0113N00284000000","a":"ORCHARD ST","m":"Stowe","u":"L","o":"individual","sf":1728,"v":2700}},{"type":"Feature","geometry":{"type":"Point","coordinates":[-80.07609,40.4879]},"properties":{"p":"0112F00277000000","a":"GLENN WAY","m":"Stowe","u":"L","o":"corp","sf":1281,"v":400}},{"type":"Feature","geometry":{"type":"Point","coordinates":[-80.07603,40.48787]},"properties":{"p":"0112F00278000000","a":"GLENN WAY","m":"Stowe","u":"L","o":"corp","sf":1098,"v":400}},{"type":"Feature","geometry":{"type":"Point","coordinates":[-80.07531,40.47474]},"properties":{"p":"0073K00318000000","a":"807 9TH ST","m":"Stowe","u":"L","o":"individual","sf":2600,"v":800}},{"type":"Feature","geometry":{"type":"Point","coordinates":[-80.07174,40.47648]},"properties":{"p":"0073L00340000000","a":"BRAZNELL ST","m":"Stowe","u":"L","o":"individual","sf":19779,"v":5600}},{"type":"Feature","geometry":{"type":"Point","coordinates":[-80.0699,40.47271]},"properties":{"p":"0073S00275000000","a":"MCKINNIE AVE","m":"Stowe","u":"L","o":"corp","sf":75794,"v":18500}},{"type":"Feature","geometry":{"type":"Point","coordinates":[-80.08,40.48177]},"properties":{"p":"0073A00275000000","a":"MCCOY RD","m":"Stowe","u":"L","o":"individual","sf":21896,"v":21500}},{"type":"Feature","geometry":{"type":"Point","coordinates":[-80.0709,40.47725]},"properties":{"p":"0073G00029000000","a":"WILSON AVE","m":"Stowe","u":"L","o":"individual","sf":2500,"v":800}},{"type":"Feature","geometry":{"type":"Point","coordinates":[-80.07685,40.4712]},"properties":{"p":"0072B00244000000","a":"1156 RACE ST","m":"Stowe","u":"L","o":"corp","sf":3184,"v":9800}},{"type":"Feature","geometry":{"type":"Point","coordinates":[-80.07693,40.47093]},"properties":{"p":"0072B00247000000","a":"RACE ST","m":"Stowe","u":"L","o":"individual","sf":1329,"v":500}},{"type":"Feature","geometry":{"type":"Point","coordinates":[-80.07231,40.47447]},"properties":{"p":"0073R00296000000","a":"BENWOOD AVE","m":"Stowe","u":"L","o":"corp","sf":2402,"v":800}},{"type":"Feature","geometry":{"type":"Point","coordinates":[-80.072,40.47435]},"properties":{"p":"0073R00301000000","a":"BENWOOD AVE","m":"Stowe","u":"L","o":"corp","sf":2402,"v":800}},{"type":"Feature","geometry":{"type":"Point","coordinates":[-80.07139,40.47412]},"properties":{"p":"0073R00307000000","a":"BENWOOD AVE","m":"Stowe","u":"L","o":"individual","sf":2402,"v":2900}},{"type":"Feature","geometry":{"type":"Point","coordinates":[-80.07797,40.48267]},"properties":{"p":"0112P00322000000","a":"230 ROOSEVELT AVE","m":"Stowe","u":"L","o":"individual","sf":2500,"v":900}},{"type":"Feature","geometry":{"type":"Point","coordinates":[-80.06265,40.48308]},"properties":{"p":"0113N00114000000","a":"OHIO ST","m":"Stowe","u":"L","o":"individual","sf":1730,"v":400}},{"type":"Feature","geometry":{"type":"Point","coordinates":[-80.0627,40.48306]},"properties":{"p":"0113N00115000000","a":"84 OHIO ST","m":"Stowe","u":"L","o":"individual","sf":1723,"v":400}},{"type":"Feature","geometry":{"type":"Point","coordinates":[-80.07173,40.47627]},"properties":{"p":"0073L00361000000","a":"HERRINGTON HILL RD","m":"Stowe","u":"L","o":"individual","sf":3037,"v":1000}},{"type":"Feature","geometry":{"type":"Point","coordinates":[-80.07204,40.47644]},"properties":{"p":"0073L00364000000","a":"HERRINGTON HILL RD","m":"Stowe","u":"L","o":"individual","sf":7198,"v":2100}},{"type":"Feature","geometry":{"type":"Point","coordinates":[-80.0724,40.47648]},"properties":{"p":"0073L00370000000","a":"HERRINGTON HILL RD","m":"Stowe","u":"L","o":"individual","sf":20990,"v":13400}},{"type":"Feature","geometry":{"type":"Point","coordinates":[-80.07287,40.47681]},"properties":{"p":"0073L00395000000","a":"LILLIE DALE DR","m":"Stowe","u":"L","o":"individual","sf":50530,"v":3500}},{"type":"Feature","geometry":{"type":"Point","coordinates":[-80.07346,40.477]},"properties":{"p":"0073L00397000000","a":"LILLIE DALE DR","m":"Stowe","u":"L","o":"individual","sf":50530,"v":3500}},{"type":"Feature","geometry":{"type":"Point","coordinates":[-80.06786,40.47835]},"properties":{"p":"0073H00163000000","a":"STOWE AVE","m":"Stowe","u":"L","o":"individual","sf":4712,"v":3900}},{"type":"Feature","geometry":{"type":"Point","coordinates":[-80.07122,40.47755]},"properties":{"p":"0073G00044000000","a":"CALDWELL ST","m":"Stowe","u":"L","o":"individual","sf":8000,"v":12300}},{"type":"Feature","geometry":{"type":"Point","coordinates":[-80.07098,40.47771]},"properties":{"p":"0073G00046000000","a":"CALDWELL ST","m":"Stowe","u":"L","o":"individual","sf":9759,"v":12400}},{"type":"Feature","geometry":{"type":"Point","coordinates":[-80.07694,40.47991]},"properties":{"p":"0073B00361000000","a":"JEFFERSON DR","m":"Stowe","u":"L","o":"individual","sf":4623,"v":19300}},{"type":"Feature","geometry":{"type":"Point","coordinates":[-80.07717,40.47112]},"properties":{"p":"0072B00262000000","a":"HOBER AVE","m":"Stowe","u":"L","o":"individual","sf":3000,"v":3600}},{"type":"Feature","geometry":{"type":"Point","coordinates":[-80.06836,40.4734]},"properties":{"p":"0073S00213000000","a":"MCKINNIE AVE","m":"Stowe","u":"L","o":"individual","sf":1800,"v":3000}},{"type":"Feature","geometry":{"type":"Point","coordinates":[-80.06824,40.47348]},"properties":{"p":"0073S00214000000","a":"MCKINNIE AVE","m":"Stowe","u":"L","o":"individual","sf":1405,"v":7700}},{"type":"Feature","geometry":{"type":"Point","coordinates":[-80.07961,40.48145]},"properties":{"p":"0073A00006000000","a":"MCCOY RD","m":"Stowe","u":"L","o":"individual","sf":1039,"v":12100}},{"type":"Feature","geometry":{"type":"Point","coordinates":[-80.06816,40.47961]},"properties":{"p":"0073D00143000000","a":"ISLAND AVE","m":"Stowe","u":"L","o":"individual","sf":3353,"v":3300}},{"type":"Feature","geometry":{"type":"Point","coordinates":[-80.06836,40.48002]},"properties":{"p":"0073D00158000000","a":"ISLAND AVE","m":"Stowe","u":"L","o":"individual","sf":2500,"v":3000}},{"type":"Feature","geometry":{"type":"Point","coordinates":[-80.07855,40.47081]},"properties":{"p":"0072B00370000000","a":"LIBERTY ST","m":"Stowe","u":"L","o":"individual","sf":6098,"v":6100}},{"type":"Feature","geometry":{"type":"Point","coordinates":[-80.06822,40.47883]},"properties":{"p":"0073H00175000000","a":"STOWE AVE","m":"Stowe","u":"L","o":"individual","sf":5093,"v":4000}},{"type":"Feature","geometry":{"type":"Point","coordinates":[-80.06829,40.47892]},"properties":{"p":"0073H00177000000","a":"STOWE AVE","m":"Stowe","u":"L","o":"individual","sf":4585,"v":3800}},{"type":"Feature","geometry":{"type":"Point","coordinates":[-80.07579,40.47167]},"properties":{"p":"0072B00150000000","a":"DOHRMAN ST","m":"Stowe","u":"L","o":"individual","sf":43,"v":100}},{"type":"Feature","geometry":{"type":"Point","coordinates":[-80.07019,40.48106]},"properties":{"p":"0073D00024000000","a":"DAVIS AVE","m":"Stowe","u":"L","o":"individual","sf":3611,"v":3400}},{"type":"Feature","geometry":{"type":"Point","coordinates":[-80.06933,40.48007]},"properties":{"p":"0073D00046000000","a":"DAVIS AVE","m":"Stowe","u":"L","o":"individual","sf":3655,"v":3500}},{"type":"Feature","geometry":{"type":"Point","coordinates":[-80.06918,40.47988]},"properties":{"p":"0073D00051000000","a":"DAVIS AVE","m":"Stowe","u":"L","o":"individual","sf":3575,"v":3400}},{"type":"Feature","geometry":{"type":"Point","coordinates":[-80.06903,40.47969]},"properties":{"p":"0073D00055000000","a":"DAVIS AVE","m":"Stowe","u":"L","o":"individual","sf":3203,"v":3300}},{"type":"Feature","geometry":{"type":"Point","coordinates":[-80.07205,40.47582]},"properties":{"p":"0073L00215000000","a":"E ST","m":"Stowe","u":"L","o":"individual","sf":1925,"v":600}},{"type":"Feature","geometry":{"type":"Point","coordinates":[-80.07202,40.47567]},"properties":{"p":"0073L00217000000","a":"E ST","m":"Stowe","u":"L","o":"individual","sf":3551,"v":1100}},{"type":"Feature","geometry":{"type":"Point","coordinates":[-80.07186,40.4756]},"properties":{"p":"0073L00218000000","a":"F ST","m":"Stowe","u":"L","o":"individual","sf":1729,"v":600}},{"type":"Feature","geometry":{"type":"Point","coordinates":[-80.0716,40.47549]},"properties":{"p":"0073L00222000000","a":"F ST","m":"Stowe","u":"L","o":"individual","sf":2864,"v":900}},{"type":"Feature","geometry":{"type":"Point","coordinates":[-80.07152,40.47545]},"properties":{"p":"0073L00224000000","a":"C ST","m":"Stowe","u":"L","o":"individual","sf":2225,"v":700}},{"type":"Feature","geometry":{"type":"Point","coordinates":[-80.07132,40.47532]},"properties":{"p":"0073L00228000000","a":"F ST","m":"Stowe","u":"L","o":"individual","sf":2237,"v":8700}},{"type":"Feature","geometry":{"type":"Point","coordinates":[-80.07108,40.4752]},"properties":{"p":"0073L00231000000","a":"F ST","m":"Stowe","u":"L","o":"individual","sf":4252,"v":11100}},{"type":"Feature","geometry":{"type":"Point","coordinates":[-80.07082,40.4731]},"properties":{"p":"0073R00363000000","a":"MCKINNIE AVE","m":"Stowe","u":"L","o":"individual","sf":1800,"v":8200}},{"type":"Feature","geometry":{"type":"Point","coordinates":[-80.06846,40.48018]},"properties":{"p":"0073D00166000000","a":"ISLAND AVE","m":"Stowe","u":"L","o":"individual","sf":12500,"v":4700}},{"type":"Feature","geometry":{"type":"Point","coordinates":[-80.06867,40.48045]},"properties":{"p":"0073D00172000000","a":"ISLAND AVE","m":"Stowe","u":"L","o":"individual","sf":2500,"v":3000}},{"type":"Feature","geometry":{"type":"Point","coordinates":[-80.0689,40.48074]},"properties":{"p":"0073D00181000000","a":"ISLAND AVE","m":"Stowe","u":"L","o":"individual","sf":7500,"v":4200}},{"type":"Feature","geometry":{"type":"Point","coordinates":[-80.0698,40.47049]},"properties":{"p":"0072D00107000000","a":"WOODWARD AVE","m":"Stowe","u":"L","o":"individual","sf":2400,"v":8900}},{"type":"Feature","geometry":{"type":"Point","coordinates":[-80.06972,40.47134]},"properties":{"p":"0072D00171000000","a":"SHORT ST","m":"Stowe","u":"L","o":"individual","sf":4900,"v":11900}},{"type":"Feature","geometry":{"type":"Point","coordinates":[-80.06879,40.47998]},"properties":{"p":"0073D00063000000","a":"STOWE AVE","m":"Stowe","u":"L","o":"individual","sf":3570,"v":3400}},{"type":"Feature","geometry":{"type":"Point","coordinates":[-80.06891,40.48002]},"properties":{"p":"0073D00065000000","a":"STOWE AVE","m":"Stowe","u":"L","o":"individual","sf":3720,"v":3500}},{"type":"Feature","geometry":{"type":"Point","coordinates":[-80.06909,40.48025]},"properties":{"p":"0073D00071000000","a":"STOWE AVE","m":"Stowe","u":"L","o":"individual","sf":7770,"v":4300}},{"type":"Feature","geometry":{"type":"Point","coordinates":[-80.0692,40.48039]},"properties":{"p":"0073D00073000000","a":"STOWE AVE","m":"Stowe","u":"L","o":"individual","sf":3971,"v":3600}},{"type":"Feature","geometry":{"type":"Point","coordinates":[-80.06937,40.48043]},"properties":{"p":"0073D00075000000","a":"DAVIS AVE","m":"Stowe","u":"L","o":"individual","sf":7499,"v":4200}},{"type":"Feature","geometry":{"type":"Point","coordinates":[-80.07485,40.47784]},"properties":{"p":"0073F00053000000","a":"LILLIE DALE DR","m":"Stowe","u":"L","o":"individual","sf":50530,"v":3500}},{"type":"Feature","geometry":{"type":"Point","coordinates":[-80.07751,40.48836]},"properties":{"p":"0112F00224000000","a":"FLEMING AVE","m":"Stowe","u":"L","o":"individual","sf":2227,"v":500}},{"type":"Feature","geometry":{"type":"Point","coordinates":[-80.07586,40.47507]},"properties":{"p":"0073K00302000000","a":"RIDGE AVE","m":"Stowe","u":"L","o":"corp","sf":1094,"v":400}},{"type":"Feature","geometry":{"type":"Point","coordinates":[-80.07582,40.47506]},"properties":{"p":"0073K00303000000","a":"RIDGE AVE","m":"Stowe","u":"L","o":"corp","sf":983,"v":400}},{"type":"Feature","geometry":{"type":"Point","coordinates":[-80.07574,40.47503]},"properties":{"p":"0073K00305000000","a":"RIDGE AVE","m":"Stowe","u":"L","o":"corp","sf":1020,"v":400}},{"type":"Feature","geometry":{"type":"Point","coordinates":[-80.07569,40.47501]},"properties":{"p":"0073K00306000000","a":"RIDGE AVE","m":"Stowe","u":"L","o":"corp","sf":963,"v":400}},{"type":"Feature","geometry":{"type":"Point","coordinates":[-80.07565,40.475]},"properties":{"p":"0073K00307000000","a":"RIDGE AVE","m":"Stowe","u":"L","o":"corp","sf":952,"v":400}},{"type":"Feature","geometry":{"type":"Point","coordinates":[-80.07561,40.47498]},"properties":{"p":"0073K00308000000","a":"RIDGE AVE","m":"Stowe","u":"L","o":"corp","sf":935,"v":400}},{"type":"Feature","geometry":{"type":"Point","coordinates":[-80.07557,40.47496]},"properties":{"p":"0073K00309000000","a":"RIDGE AVE","m":"Stowe","u":"L","o":"corp","sf":983,"v":400}},{"type":"Feature","geometry":{"type":"Point","coordinates":[-80.0678,40.47325]},"properties":{"p":"0073S00262000000","a":"HIGHLAND AVE","m":"Stowe","u":"L","o":"corp","sf":2250,"v":8700}},{"type":"Feature","geometry":{"type":"Point","coordinates":[-80.07829,40.48864]},"properties":{"p":"0112F00233000000","a":"ISLAND AVE","m":"Stowe","u":"L","o":"individual","sf":127,"v":100}},{"type":"Feature","geometry":{"type":"Point","coordinates":[-80.07076,40.4769]},"properties":{"p":"0073L00302000000","a":"YOUNG ST","m":"Stowe","u":"L","o":"individual","sf":2500,"v":800}},{"type":"Feature","geometry":{"type":"Point","coordinates":[-80.07097,40.47677]},"properties":{"p":"0073L00306000000","a":"YOUNG ST","m":"Stowe","u":"L","o":"individual","sf":2500,"v":800}},{"type":"Feature","geometry":{"type":"Point","coordinates":[-80.07141,40.47692]},"properties":{"p":"0073L00319000000","a":"CALDWELL ST","m":"Stowe","u":"L","o":"corp","sf":5000,"v":12000}},{"type":"Feature","geometry":{"type":"Point","coordinates":[-80.07131,40.47698]},"properties":{"p":"0073L00321000000","a":"CALDWELL ST","m":"Stowe","u":"L","o":"individual","sf":2500,"v":800}},{"type":"Feature","geometry":{"type":"Point","coordinates":[-80.06724,40.47827]},"properties":{"p":"0073H00103000000","a":"STOWE AVE","m":"Stowe","u":"L","o":"individual","sf":2477,"v":3000}},{"type":"Feature","geometry":{"type":"Point","coordinates":[-80.06705,40.47799]},"properties":{"p":"0073H00109000000","a":"ISLAND AVE","m":"Stowe","u":"L","o":"individual","sf":4843,"v":3900}},{"type":"Feature","geometry":{"type":"Point","coordinates":[-80.06679,40.47763]},"properties":{"p":"0073H00118000000","a":"ISLAND AVE","m":"Stowe","u":"L","o":"individual","sf":2694,"v":3100}},{"type":"Feature","geometry":{"type":"Point","coordinates":[-80.06674,40.47756]},"properties":{"p":"0073H00120000000","a":"ISLAND AVE","m":"Stowe","u":"L","o":"individual","sf":2622,"v":600}},{"type":"Feature","geometry":{"type":"Point","coordinates":[-80.06669,40.47748]},"properties":{"p":"0073H00122000000","a":"ISLAND AVE","m":"Stowe","u":"L","o":"individual","sf":2540,"v":600}},{"type":"Feature","geometry":{"type":"Point","coordinates":[-80.07529,40.47112]},"properties":{"p":"0072B00127000000","a":"DOHRMAN ST","m":"Stowe","u":"L","o":"individual","sf":3250,"v":1000}},{"type":"Feature","geometry":{"type":"Point","coordinates":[-80.07522,40.47125]},"properties":{"p":"0072B00130000000","a":"DOHRMAN ST","m":"Stowe","u":"L","o":"individual","sf":3250,"v":1000}},{"type":"Feature","geometry":{"type":"Point","coordinates":[-80.06808,40.47949]},"properties":{"p":"0073H00068000000","a":"ISLAND AVE","m":"Stowe","u":"L","o":"individual","sf":3260,"v":3300}},{"type":"Feature","geometry":{"type":"Point","coordinates":[-80.06797,40.47934]},"properties":{"p":"0073H00072000000","a":"ISLAND AVE","m":"Stowe","u":"L","o":"individual","sf":3125,"v":700}},{"type":"Feature","geometry":{"type":"Point","coordinates":[-80.06811,40.47105]},"properties":{"p":"0072D00246000000","a":"FAIR OAKS ST","m":"Stowe","u":"L","o":"individual","sf":2618,"v":800}},{"type":"Feature","geometry":{"type":"Point","coordinates":[-80.06796,40.47081]},"properties":{"p":"0072D00251000000","a":"FAIR OAKS ST","m":"Stowe","u":"L","o":"corp","sf":2419,"v":2900}},{"type":"Feature","geometry":{"type":"Point","coordinates":[-80.07347,40.47459]},"properties":{"p":"0073R00284000000","a":"RIDGE AVE","m":"Stowe","u":"L","o":"individual","sf":2402,"v":8900}},{"type":"Feature","geometry":{"type":"Point","coordinates":[-80.0725,40.47454]},"properties":{"p":"0073R00293000000","a":"BENWOOD AVE","m":"Stowe","u":"L","o":"individual","sf":4806,"v":11800}},{"type":"Feature","geometry":{"type":"Point","coordinates":[-80.07007,40.47296]},"properties":{"p":"0073S00186000000","a":"MCKINNIE AVE","m":"Stowe","u":"L","o":"individual","sf":18900,"v":13300}},{"type":"Feature","geometry":{"type":"Point","coordinates":[-80.06732,40.47768]},"properties":{"p":"0073H00145000000","a":"STOWE AVE","m":"Stowe","u":"L","o":"individual","sf":3912,"v":3600}},{"type":"Feature","geometry":{"type":"Point","coordinates":[-80.06756,40.47873]},"properties":{"p":"0073H00088000000","a":"ISLAND AVE","m":"Stowe","u":"L","o":"individual","sf":5436,"v":4000}},{"type":"Feature","geometry":{"type":"Point","coordinates":[-80.06741,40.47852]},"properties":{"p":"0073H00094000000","a":"STOWE AVE","m":"Stowe","u":"L","o":"individual","sf":2591,"v":600}},{"type":"Feature","geometry":{"type":"Point","coordinates":[-80.06728,40.47833]},"properties":{"p":"0073H00101000000","a":"ISLAND AVE","m":"Stowe","u":"L","o":"individual","sf":2508,"v":3000}},{"type":"Feature","geometry":{"type":"Point","coordinates":[-80.06783,40.4708]},"properties":{"p":"0072D00252000000","a":"FAIR OAKS ST","m":"Stowe","u":"L","o":"corp","sf":2122,"v":2600}},{"type":"Feature","geometry":{"type":"Point","coordinates":[-80.07573,40.48184]},"properties":{"p":"0073B00176000000","a":"MCCOY RD","m":"Stowe","u":"L","o":"individual","sf":47263,"v":7900}},{"type":"Feature","geometry":{"type":"Point","coordinates":[-80.07536,40.48197]},"properties":{"p":"0073B00188000000","a":"MCCOY RD","m":"Stowe","u":"L","o":"individual","sf":47263,"v":7900}},{"type":"Feature","geometry":{"type":"Point","coordinates":[-80.07504,40.48212]},"properties":{"p":"0073B00198000000","a":"MCCOY RD","m":"Stowe","u":"L","o":"individual","sf":47263,"v":7900}},{"type":"Feature","geometry":{"type":"Point","coordinates":[-80.07474,40.48227]},"properties":{"p":"0073B00207000000","a":"WAINWRIGHT DR","m":"Stowe","u":"L","o":"individual","sf":47263,"v":7900}},{"type":"Feature","geometry":{"type":"Point","coordinates":[-80.07172,40.47534]},"properties":{"p":"0073L00191000000","a":"D ST","m":"Stowe","u":"L","o":"individual","sf":1045,"v":7300}},{"type":"Feature","geometry":{"type":"Point","coordinates":[-80.07397,40.47327]},"properties":{"p":"0073R00060000000","a":"729 WOODWARD AVE","m":"Stowe","u":"L","o":"corp","sf":2400,"v":800}},{"type":"Feature","geometry":{"type":"Point","coordinates":[-80.07872,40.48926]},"properties":{"p":"0112F00347000000","a":"GLENN WAY","m":"Stowe","u":"L","o":"individual","sf":1299,"v":300}},{"type":"Feature","geometry":{"type":"Point","coordinates":[-80.07439,40.48717]},"properties":{"p":"0112G00017000000","a":"FLEMING AVE","m":"Stowe","u":"L","o":"individual","sf":4725,"v":3900}},{"type":"Feature","geometry":{"type":"Point","coordinates":[-80.07431,40.48714]},"properties":{"p":"0112G00019000000","a":"FLEMING AVE","m":"Stowe","u":"L","o":"individual","sf":3125,"v":3300}},{"type":"Feature","geometry":{"type":"Point","coordinates":[-80.07424,40.48711]},"properties":{"p":"0112G00021000000","a":"DAVIS AVE","m":"Stowe","u":"L","o":"individual","sf":2613,"v":3100}},{"type":"Feature","geometry":{"type":"Point","coordinates":[-80.07033,40.47202]},"properties":{"p":"0072D00160000000","a":"FEDERAL ST","m":"Stowe","u":"L","o":"individual","sf":568,"v":300}},{"type":"Feature","geometry":{"type":"Point","coordinates":[-80.06967,40.47182]},"properties":{"p":"0072D00161000000","a":"6TH ST","m":"Stowe","u":"L","o":"individual","sf":2138,"v":8600}},{"type":"Feature","geometry":{"type":"Point","coordinates":[-80.07093,40.48115]},"properties":{"p":"0073C00051000000","a":"DAVIS AVE","m":"Stowe","u":"L","o":"individual","sf":5600,"v":1200}},{"type":"Feature","geometry":{"type":"Point","coordinates":[-80.072,40.47608]},"properties":{"p":"0073L00210000000","a":"HERRINGTON HILL RD","m":"Stowe","u":"L","o":"individual","sf":1788,"v":600}},{"type":"Feature","geometry":{"type":"Point","coordinates":[-80.07064,40.47407]},"properties":{"p":"0073R00343000000","a":"HARLEM AVE","m":"Stowe","u":"L","o":"corp","sf":1800,"v":600}},{"type":"Feature","geometry":{"type":"Point","coordinates":[-80.07039,40.47385]},"properties":{"p":"0073R00348000000","a":"FRAZIER AVE","m":"Stowe","u":"L","o":"corp","sf":1800,"v":8200}},{"type":"Feature","geometry":{"type":"Point","coordinates":[-80.07049,40.47382]},"properties":{"p":"0073R00350000000","a":"FRAZIER AVE","m":"Stowe","u":"L","o":"corp","sf":3600,"v":1100}},{"type":"Feature","geometry":{"type":"Point","coordinates":[-80.07062,40.47379]},"properties":{"p":"0073R00352000000","a":"FRAZIER AVE","m":"Stowe","u":"L","o":"individual","sf":3600,"v":10300}},{"type":"Feature","geometry":{"type":"Point","coordinates":[-80.07076,40.47375]},"properties":{"p":"0073R00354000000","a":"FRAZIER AVE","m":"Stowe","u":"L","o":"individual","sf":3600,"v":10300}},{"type":"Feature","geometry":{"type":"Point","coordinates":[-80.06403,40.48248]},"properties":{"p":"0113N00137000000","a":"OHIO ST","m":"Stowe","u":"L","o":"individual","sf":1732,"v":400}},{"type":"Feature","geometry":{"type":"Point","coordinates":[-80.074,40.48234]},"properties":{"p":"0073C00173000000","a":"WAINWRIGHT DR","m":"Stowe","u":"L","o":"individual","sf":47263,"v":7900}},{"type":"Feature","geometry":{"type":"Point","coordinates":[-80.07505,40.47835]},"properties":{"p":"0073F00040000000","a":"LILLIE DALE DR","m":"Stowe","u":"L","o":"individual","sf":2380,"v":800}},{"type":"Feature","geometry":{"type":"Point","coordinates":[-80.0762,40.47499]},"properties":{"p":"0073K00295000000","a":"10TH ST","m":"Stowe","u":"L","o":"corp","sf":4896,"v":600}},{"type":"Feature","geometry":{"type":"Point","coordinates":[-80.07082,40.47575]},"properties":{"p":"0073L00271000000","a":"HERRINGTON HILL RD","m":"Stowe","u":"L","o":"individual","sf":3148,"v":9800}},{"type":"Feature","geometry":{"type":"Point","coordinates":[-80.06409,40.48246]},"properties":{"p":"0113N00138000000","a":"OHIO ST","m":"Stowe","u":"L","o":"individual","sf":1728,"v":400}},{"type":"Feature","geometry":{"type":"Point","coordinates":[-80.0698,40.48176]},"properties":{"p":"0073D00212000000","a":"ISLAND AVE","m":"Stowe","u":"L","o":"individual","sf":2500,"v":3000}},{"type":"Feature","geometry":{"type":"Point","coordinates":[-80.0669,40.47619]},"properties":{"p":"0073H00200000000","a":"LEONARD ST","m":"Stowe","u":"L","o":"individual","sf":429323,"v":15000}},{"type":"Feature","geometry":{"type":"Point","coordinates":[-80.068,40.4778]},"properties":{"p":"0073H00224000000","a":"DAVIS AVE","m":"Stowe","u":"L","o":"individual","sf":2400,"v":600}},{"type":"Feature","geometry":{"type":"Point","coordinates":[-80.06829,40.47756]},"properties":{"p":"0073H00251000000","a":"LEONARD ST","m":"Stowe","u":"L","o":"individual","sf":2400,"v":600}},{"type":"Feature","geometry":{"type":"Point","coordinates":[-80.06926,40.47724]},"properties":{"p":"0073H00298000000","a":"EUCLID AVE","m":"Stowe","u":"L","o":"individual","sf":1463,"v":2600}},{"type":"Feature","geometry":{"type":"Point","coordinates":[-80.07285,40.47435]},"properties":{"p":"0073R00274000000","a":"720 RIDGE AVE","m":"Stowe","u":"L","o":"individual","sf":2402,"v":8900}},{"type":"Feature","geometry":{"type":"Point","coordinates":[-80.07735,40.48834]},"properties":{"p":"0112F00223000000","a":"FLEMING AVE","m":"Stowe","u":"L","o":"individual","sf":6895,"v":4200}},{"type":"Feature","geometry":{"type":"Point","coordinates":[-80.07045,40.4766]},"properties":{"p":"0073L00289000000","a":"YOUNG ST","m":"Stowe","u":"L","o":"individual","sf":7500,"v":2200}},{"type":"Feature","geometry":{"type":"Point","coordinates":[-80.07414,40.47812]},"properties":{"p":"0073G00345000000","a":"LILLIE DALE DR","m":"Stowe","u":"L","o":"individual","sf":171814,"v":2000}},{"type":"Feature","geometry":{"type":"Point","coordinates":[-80.0743,40.47755]},"properties":{"p":"0073G00348000000","a":"LILLIE DALE DR","m":"Stowe","u":"L","o":"individual","sf":50530,"v":3500}},{"type":"Feature","geometry":{"type":"Point","coordinates":[-80.07385,40.47731]},"properties":{"p":"0073G00368000000","a":"LILLIE DALE DR","m":"Stowe","u":"L","o":"individual","sf":50530,"v":3500}},{"type":"Feature","geometry":{"type":"Point","coordinates":[-80.06929,40.47184]},"properties":{"p":"0072D00213000000","a":"RIDGE AVE","m":"Stowe","u":"L","o":"individual","sf":2400,"v":8900}},{"type":"Feature","geometry":{"type":"Point","coordinates":[-80.06943,40.47201]},"properties":{"p":"0072D00216000000","a":"RIDGE AVE","m":"Stowe","u":"L","o":"individual","sf":2400,"v":8900}},{"type":"Feature","geometry":{"type":"Point","coordinates":[-80.06947,40.47206]},"properties":{"p":"0072D00217000000","a":"RIDGE AVE","m":"Stowe","u":"L","o":"individual","sf":2400,"v":8900}},{"type":"Feature","geometry":{"type":"Point","coordinates":[-80.06956,40.47218]},"properties":{"p":"0072D00219000000","a":"RIDGE AVE","m":"Stowe","u":"L","o":"individual","sf":2400,"v":8900}},{"type":"Feature","geometry":{"type":"Point","coordinates":[-80.0696,40.47224]},"properties":{"p":"0072D00221000000","a":"RIDGE AVE","m":"Stowe","u":"L","o":"individual","sf":2918,"v":9500}},{"type":"Feature","geometry":{"type":"Point","coordinates":[-80.06907,40.47205]},"properties":{"p":"0072D00225000000","a":"GORDON ST","m":"Stowe","u":"L","o":"individual","sf":740,"v":300}},{"type":"Feature","geometry":{"type":"Point","coordinates":[-80.06885,40.47193]},"properties":{"p":"0072D00230000000","a":"FAIR OAKS ST","m":"Stowe","u":"L","o":"individual","sf":2295,"v":700}},{"type":"Feature","geometry":{"type":"Point","coordinates":[-80.06365,40.48226]},"properties":{"p":"0113N00068000000","a":"OHIO ST","m":"Stowe","u":"L","o":"individual","sf":1096,"v":2400}},{"type":"Feature","geometry":{"type":"Point","coordinates":[-80.06359,40.48229]},"properties":{"p":"0113N00069000000","a":"OHIO ST","m":"Stowe","u":"L","o":"corp","sf":1102,"v":2400}},{"type":"Feature","geometry":{"type":"Point","coordinates":[-80.07608,40.47558]},"properties":{"p":"0073K00351000000","a":"RIDGE AVE","m":"Stowe","u":"L","o":"individual","sf":2402,"v":800}},{"type":"Feature","geometry":{"type":"Point","coordinates":[-80.07616,40.47561]},"properties":{"p":"0073K00352000000","a":"RIDGE AVE","m":"Stowe","u":"L","o":"individual","sf":2402,"v":800}},{"type":"Feature","geometry":{"type":"Point","coordinates":[-80.06593,40.4715]},"properties":{"p":"0043A00225000000","a":"JUVET ST","m":"Stowe","u":"L","o":"corp","sf":2691,"v":900}},{"type":"Feature","geometry":{"type":"Point","coordinates":[-80.0774,40.47146]},"properties":{"p":"0072B00269000000","a":"HOBER AVE","m":"Stowe","u":"L","o":"individual","sf":2400,"v":8900}},{"type":"Feature","geometry":{"type":"Point","coordinates":[-80.06615,40.47666]},"properties":{"p":"0074J00290000000","a":"MCCOY RD","m":"Stowe","u":"L","o":"individual","sf":12279,"v":4700}},{"type":"Feature","geometry":{"type":"Point","coordinates":[-80.06605,40.47619]},"properties":{"p":"0074J00293000000","a":"ISLAND AVE","m":"Stowe","u":"L","o":"individual","sf":22392,"v":5600}},{"type":"Feature","geometry":{"type":"Point","coordinates":[-80.06587,40.47604]},"properties":{"p":"0074J00298000000","a":"ISLAND AVE","m":"Stowe","u":"L","o":"individual","sf":3092,"v":3200}},{"type":"Feature","geometry":{"type":"Point","coordinates":[-80.06572,40.47587]},"properties":{"p":"0074J00304000000","a":"ISLAND AVE","m":"Stowe","u":"L","o":"individual","sf":2876,"v":800}},{"type":"Feature","geometry":{"type":"Point","coordinates":[-80.06568,40.47582]},"properties":{"p":"0074J00306000000","a":"ISLAND AVE","m":"Stowe","u":"L","o":"individual","sf":2825,"v":3100}},{"type":"Feature","geometry":{"type":"Point","coordinates":[-80.07111,40.47445]},"properties":{"p":"0073R00316000000","a":"MCCOY RD","m":"Stowe","u":"L","o":"individual","sf":2402,"v":8900}},{"type":"Feature","geometry":{"type":"Point","coordinates":[-80.07627,40.47566]},"properties":{"p":"0073K00354000000","a":"RIDGE AVE","m":"Stowe","u":"L","o":"individual","sf":4804,"v":11800}},{"type":"Feature","geometry":{"type":"Point","coordinates":[-80.07643,40.47572]},"properties":{"p":"0073K00355000000","a":"926 RIDGE AVE","m":"Stowe","u":"L","o":"corp","sf":300,"v":200}},{"type":"Feature","geometry":{"type":"Point","coordinates":[-80.06781,40.47669]},"properties":{"p":"0073M00026000000","a":"TUNNEL WAY","m":"Stowe","u":"L","o":"individual","sf":4537,"v":3800}},{"type":"Feature","geometry":{"type":"Point","coordinates":[-80.07056,40.47195]},"properties":{"p":"0072C00366000000","a":"608 FEDERAL ST","m":"Stowe","u":"L","o":"individual","sf":1407,"v":7900}},{"type":"Feature","geometry":{"type":"Point","coordinates":[-80.08,40.48112]},"properties":{"p":"0073A00178000000","a":"MCCOY RD","m":"Stowe","u":"L","o":"individual","sf":6735,"v":12100}},{"type":"Feature","geometry":{"type":"Point","coordinates":[-80.079,40.47747]},"properties":{"p":"0073E00120000000","a":"MCARTHUR ST","m":"Stowe","u":"L","o":"individual","sf":7174,"v":2300}},{"type":"Feature","geometry":{"type":"Point","coordinates":[-80.06864,40.4778]},"properties":{"p":"0073H00331000000","a":"YOUNG ST","m":"Stowe","u":"L","o":"individual","sf":2659,"v":600}},{"type":"Feature","geometry":{"type":"Point","coordinates":[-80.07051,40.48185]},"properties":{"p":"0073C00010000000","a":"STOWE AVE","m":"Stowe","u":"L","o":"individual","sf":3740,"v":3500}},{"type":"Feature","geometry":{"type":"Point","coordinates":[-80.07051,40.48142]},"properties":{"p":"0073C00026000000","a":"DAVIS AVE","m":"Stowe","u":"L","o":"individual","sf":3520,"v":3400}},{"type":"Feature","geometry":{"type":"Point","coordinates":[-80.07042,40.48133]},"properties":{"p":"0073C00028000000","a":"230 DAVIS AVE","m":"Stowe","u":"L","o":"individual","sf":3546,"v":800}},{"type":"Feature","geometry":{"type":"Point","coordinates":[-80.07085,40.48106]},"properties":{"p":"0073C00048000000","a":"390 DAVIS AVE","m":"Stowe","u":"L","o":"individual","sf":5600,"v":4100}},{"type":"Feature","geometry":{"type":"Point","coordinates":[-80.07251,40.47209]},"properties":{"p":"0072C00330000000","a":"BROADWAY AVE","m":"Stowe","u":"L","o":"corp","sf":3600,"v":10300}},{"type":"Feature","geometry":{"type":"Point","coordinates":[-80.07703,40.47532]},"properties":{"p":"0073K00269000000","a":"11TH ST","m":"Stowe","u":"L","o":"individual","sf":2756,"v":900}},{"type":"Feature","geometry":{"type":"Point","coordinates":[-80.06695,40.47377]},"properties":{"p":"0073S00229000000","a":"MCKINNIE AVE","m":"Stowe","u":"L","o":"individual","sf":8100,"v":6300}},{"type":"Feature","geometry":{"type":"Point","coordinates":[-80.07986,40.47349]},"properties":{"p":"0073N00139000000","a":"12TH ST","m":"Stowe","u":"L","o":"individual","sf":3900,"v":1200}},{"type":"Feature","geometry":{"type":"Point","coordinates":[-80.07682,40.47215]},"properties":{"p":"0072B00284000000","a":"1125 9TH ST","m":"Stowe","u":"L","o":"individual","sf":2496,"v":9000}},{"type":"Feature","geometry":{"type":"Point","coordinates":[-80.07296,40.47472]},"properties":{"p":"0073L00037000000","a":"BENWOOD AVE","m":"Stowe","u":"L","o":"individual","sf":2402,"v":8900}},{"type":"Feature","geometry":{"type":"Point","coordinates":[-80.07194,40.47477]},"properties":{"p":"0073L00046000000","a":"BENWOOD AVE","m":"Stowe","u":"L","o":"individual","sf":2400,"v":800}},{"type":"Feature","geometry":{"type":"Point","coordinates":[-80.07715,40.47278]},"properties":{"p":"0073P00348000000","a":"RUSSELLWOOD AVE","m":"Stowe","u":"L","o":"individual","sf":2400,"v":8900}},{"type":"Feature","geometry":{"type":"Point","coordinates":[-80.07375,40.47362]},"properties":{"p":"0073R00126000000","a":"730 WOODWARD AVE","m":"Stowe","u":"L","o":"individual","sf":2400,"v":8900}},{"type":"Feature","geometry":{"type":"Point","coordinates":[-80.07336,40.48318]},"properties":{"p":"0112R00074000000","a":"130 RIVERVIEW AVE","m":"Stowe","u":"L","o":"individual","sf":9721,"v":2000}},{"type":"Feature","geometry":{"type":"Point","coordinates":[-80.06714,40.47565]},"properties":{"p":"0073M00204000000","a":"9 SHAW AVE","m":"Stowe","u":"L","o":"individual","sf":4050,"v":1200}},{"type":"Feature","geometry":{"type":"Point","coordinates":[-80.07102,40.47364]},"properties":{"p":"0073R00251000000","a":"RIDGE AVE","m":"Stowe","u":"L","o":"individual","sf":4356,"v":11200}},{"type":"Feature","geometry":{"type":"Point","coordinates":[-80.07128,40.47373]},"properties":{"p":"0073R00254000000","a":"RIDGE AVE","m":"Stowe","u":"L","o":"individual","sf":2402,"v":800}},{"type":"Feature","geometry":{"type":"Point","coordinates":[-80.072,40.47401]},"properties":{"p":"0073R00263000000","a":"RIDGE AVE","m":"Stowe","u":"L","o":"individual","sf":2697,"v":900}},{"type":"Feature","geometry":{"type":"Point","coordinates":[-80.06787,40.47387]},"properties":{"p":"0073S00156000000","a":"MCKINNIE AVE","m":"Stowe","u":"L","o":"individual","sf":2250,"v":8700}},{"type":"Feature","geometry":{"type":"Point","coordinates":[-80.07937,40.48932]},"properties":{"p":"0112E00355000000","a":"GLENN WAY","m":"Stowe","u":"L","o":"corp","sf":18730,"v":5200}},{"type":"Feature","geometry":{"type":"Point","coordinates":[-80.07943,40.48819]},"properties":{"p":"0112E00375000000","a":"SCHLEY AVE","m":"Stowe","u":"L","o":"individual","sf":6120,"v":4100}},{"type":"Feature","geometry":{"type":"Point","coordinates":[-80.07873,40.48739]},"properties":{"p":"0112F00011000000","a":"DAVIS AVE","m":"Stowe","u":"L","o":"individual","sf":27796,"v":6100}},{"type":"Feature","geometry":{"type":"Point","coordinates":[-80.07815,40.48703]},"properties":{"p":"0112F00014000000","a":"STOWE AVE","m":"Stowe","u":"L","o":"individual","sf":4981,"v":4000}},{"type":"Feature","geometry":{"type":"Point","coordinates":[-80.07788,40.48722]},"properties":{"p":"0112F00025000000","a":"SCHLEY AVE","m":"Stowe","u":"L","o":"individual","sf":2750,"v":3100}},{"type":"Feature","geometry":{"type":"Point","coordinates":[-80.07796,40.48726]},"properties":{"p":"0112F00027000000","a":"SCHLEY AVE","m":"Stowe","u":"L","o":"individual","sf":2750,"v":3100}},{"type":"Feature","geometry":{"type":"Point","coordinates":[-80.07803,40.4873]},"properties":{"p":"0112F00029000000","a":"SCHLEY AVE","m":"Stowe","u":"L","o":"individual","sf":2750,"v":3100}},{"type":"Feature","geometry":{"type":"Point","coordinates":[-80.07742,40.48654]},"properties":{"p":"0112K00299000000","a":"STOWE AVE","m":"Stowe","u":"L","o":"individual","sf":2500,"v":600}},{"type":"Feature","geometry":{"type":"Point","coordinates":[-80.0776,40.47613]},"properties":{"p":"0073K00155000000","a":"12TH ST","m":"Stowe","u":"L","o":"individual","sf":2675,"v":900}},{"type":"Feature","geometry":{"type":"Point","coordinates":[-80.07345,40.47586]},"properties":{"p":"0073L00134000000","a":"MCCOY RD","m":"Stowe","u":"L","o":"individual","sf":8801,"v":2600}},{"type":"Feature","geometry":{"type":"Point","coordinates":[-80.0728,40.4754]},"properties":{"p":"0073L00146000000","a":"MCCOY RD","m":"Stowe","u":"L","o":"individual","sf":3030,"v":9600}},{"type":"Feature","geometry":{"type":"Point","coordinates":[-80.07265,40.47532]},"properties":{"p":"0073L00147000000","a":"MCCOY RD","m":"Stowe","u":"L","o":"individual","sf":5058,"v":1500}},{"type":"Feature","geometry":{"type":"Point","coordinates":[-80.07247,40.47523]},"properties":{"p":"0073L00150000000","a":"MCCOY RD","m":"Stowe","u":"L","o":"individual","sf":2525,"v":800}},{"type":"Feature","geometry":{"type":"Point","coordinates":[-80.07233,40.47522]},"properties":{"p":"0073L00152000000","a":"MCCOY RD","m":"Stowe","u":"L","o":"individual","sf":3183,"v":1000}},{"type":"Feature","geometry":{"type":"Point","coordinates":[-80.07219,40.47513]},"properties":{"p":"0073L00154000000","a":"MCCOY RD","m":"Stowe","u":"L","o":"individual","sf":2576,"v":800}},{"type":"Feature","geometry":{"type":"Point","coordinates":[-80.07046,40.47484]},"properties":{"p":"0073L00162000000","a":"MCCOY RD","m":"Stowe","u":"L","o":"individual","sf":3125,"v":9800}},{"type":"Feature","geometry":{"type":"Point","coordinates":[-80.07065,40.47486]},"properties":{"p":"0073L00166000000","a":"MCCOY RD","m":"Stowe","u":"L","o":"individual","sf":3125,"v":1000}},{"type":"Feature","geometry":{"type":"Point","coordinates":[-80.07658,40.47578]},"properties":{"p":"0073K00359000100","a":"RIDGE AVE","m":"Stowe","u":"L","o":"individual","sf":151,"v":100}},{"type":"Feature","geometry":{"type":"Point","coordinates":[-80.07615,40.47596]},"properties":{"p":"0073K00374000000","a":"BENWOOD AVE","m":"Stowe","u":"L","o":"individual","sf":2402,"v":800}},{"type":"Feature","geometry":{"type":"Point","coordinates":[-80.06793,40.47623]},"properties":{"p":"0073M00057000000","a":"MCCOY RD","m":"Stowe","u":"L","o":"individual","sf":4000,"v":3600}},{"type":"Feature","geometry":{"type":"Point","coordinates":[-80.06777,40.4763]},"properties":{"p":"0073M00059000000","a":"MCCOY RD","m":"Stowe","u":"L","o":"individual","sf":1947,"v":2800}},{"type":"Feature","geometry":{"type":"Point","coordinates":[-80.07249,40.47385]},"properties":{"p":"0073R00182000000","a":"7TH ST","m":"Stowe","u":"L","o":"corp","sf":327,"v":200}},{"type":"Feature","geometry":{"type":"Point","coordinates":[-80.06993,40.47398]},"properties":{"p":"0073S00077000000","a":"FRAZIER AVE","m":"Stowe","u":"L","o":"individual","sf":1800,"v":8200}},{"type":"Feature","geometry":{"type":"Point","coordinates":[-80.07015,40.47392]},"properties":{"p":"0073S00079000000","a":"FRAZIER AVE","m":"Stowe","u":"L","o":"individual","sf":3600,"v":1100}},{"type":"Feature","geometry":{"type":"Point","coordinates":[-80.07028,40.47388]},"properties":{"p":"0073S00081000000","a":"FRAZIER AVE","m":"Stowe","u":"L","o":"individual","sf":3600,"v":10300}},{"type":"Feature","geometry":{"type":"Point","coordinates":[-80.07592,40.48681]},"properties":{"p":"0112K00375000000","a":"PARK AVE","m":"Stowe","u":"L","o":"individual","sf":2237,"v":500}},{"type":"Feature","geometry":{"type":"Point","coordinates":[-80.07082,40.4822]},"properties":{"p":"0112R00255000000","a":"STOWE AVE","m":"Stowe","u":"L","o":"individual","sf":2760,"v":3100}},{"type":"Feature","geometry":{"type":"Point","coordinates":[-80.07477,40.48731]},"properties":{"p":"0112F00179000000","a":"FLEMING AVE","m":"Stowe","u":"L","o":"corp","sf":4563,"v":3800}},{"type":"Feature","geometry":{"type":"Point","coordinates":[-80.07502,40.48299]},"properties":{"p":"0112P00048000000","a":"DUKE ST","m":"Stowe","u":"L","o":"individual","sf":31411,"v":6100}},{"type":"Feature","geometry":{"type":"Point","coordinates":[-80.07466,40.48328]},"properties":{"p":"0112P00065000000","a":"DUKE ST","m":"Stowe","u":"L","o":"individual","sf":5467,"v":1100}},{"type":"Feature","geometry":{"type":"Point","coordinates":[-80.07483,40.48372]},"properties":{"p":"0112P00079000000","a":"DUKE ST","m":"Stowe","u":"L","o":"individual","sf":16800,"v":3300}},{"type":"Feature","geometry":{"type":"Point","coordinates":[-80.0702,40.48221]},"properties":{"p":"0112S00009000000","a":"ISLAND AVE","m":"Stowe","u":"L","o":"individual","sf":2500,"v":2000}},{"type":"Feature","geometry":{"type":"Point","coordinates":[-80.06765,40.47634]},"properties":{"p":"0073M00061000000","a":"MCCOY RD","m":"Stowe","u":"L","o":"individual","sf":1915,"v":2800}},{"type":"Feature","geometry":{"type":"Point","coordinates":[-80.06757,40.47637]},"properties":{"p":"0073M00062000000","a":"MCCOY RD","m":"Stowe","u":"L","o":"individual","sf":1881,"v":500}},{"type":"Feature","geometry":{"type":"Point","coordinates":[-80.06749,40.47641]},"properties":{"p":"0073M00063000000","a":"MCCOY RD","m":"Stowe","u":"L","o":"individual","sf":1846,"v":2700}},{"type":"Feature","geometry":{"type":"Point","coordinates":[-80.06741,40.47644]},"properties":{"p":"0073M00064000000","a":"MCCOY RD","m":"Stowe","u":"L","o":"individual","sf":1691,"v":2700}},{"type":"Feature","geometry":{"type":"Point","coordinates":[-80.07877,40.47578]},"properties":{"p":"0073J00310000000","a":"13TH ST","m":"Stowe","u":"L","o":"individual","sf":5350,"v":1600}},{"type":"Feature","geometry":{"type":"Point","coordinates":[-80.06809,40.47252]},"properties":{"p":"0073S00378000000","a":"BRISK AVE","m":"Stowe","u":"L","o":"individual","sf":4464,"v":11400}},{"type":"Feature","geometry":{"type":"Point","coordinates":[-80.06223,40.48404]},"properties":{"p":"0113N00231000000","a":"ORCHARD ST","m":"Stowe","u":"L","o":"corp","sf":1726,"v":2700}},{"type":"Feature","geometry":{"type":"Point","coordinates":[-80.07909,40.47294]},"properties":{"p":"0073N00174000000","a":"HOBER AVE","m":"Stowe","u":"L","o":"individual","sf":5000,"v":12000}},{"type":"Feature","geometry":{"type":"Point","coordinates":[-80.07706,40.4735]},"properties":{"p":"0073P00194000000","a":"BROADWAY AVE","m":"Stowe","u":"L","o":"individual","sf":2000,"v":8400}},{"type":"Feature","geometry":{"type":"Point","coordinates":[-80.07408,40.48316]},"properties":{"p":"0112R00058000000","a":"RIVERVIEW AVE","m":"Stowe","u":"L","o":"individual","sf":10909,"v":4500}},{"type":"Feature","geometry":{"type":"Point","coordinates":[-80.07434,40.48307]},"properties":{"p":"0112R00062000000","a":"RIVERVIEW AVE","m":"Stowe","u":"L","o":"individual","sf":2529,"v":600}},{"type":"Feature","geometry":{"type":"Point","coordinates":[-80.07325,40.47479]},"properties":{"p":"0073L00031000000","a":"DOHRMAN ST","m":"Stowe","u":"L","o":"individual","sf":1728,"v":600}},{"type":"Feature","geometry":{"type":"Point","coordinates":[-80.06707,40.47438]},"properties":{"p":"0073S00125000000","a":"FRAZIER AVE","m":"Stowe","u":"L","o":"individual","sf":900,"v":400}},{"type":"Feature","geometry":{"type":"Point","coordinates":[-80.07455,40.48297]},"properties":{"p":"0112R00066000000","a":"RIVERVIEW AVE","m":"Stowe","u":"L","o":"individual","sf":6460,"v":1300}},{"type":"Feature","geometry":{"type":"Point","coordinates":[-80.07386,40.48306]},"properties":{"p":"0112R00067000000","a":"EDWARD ST","m":"Stowe","u":"L","o":"individual","sf":9877,"v":2000}},{"type":"Feature","geometry":{"type":"Point","coordinates":[-80.07372,40.48307]},"properties":{"p":"0112R00070000000","a":"EDWARD ST","m":"Stowe","u":"L","o":"individual","sf":2778,"v":600}},{"type":"Feature","geometry":{"type":"Point","coordinates":[-80.07361,40.48311]},"properties":{"p":"0112R00072000000","a":"EDWARD ST","m":"Stowe","u":"L","o":"individual","sf":3374,"v":700}},{"type":"Feature","geometry":{"type":"Point","coordinates":[-80.07735,40.47574]},"properties":{"p":"0073K00113000000","a":"11TH ST","m":"Stowe","u":"L","o":"individual","sf":2675,"v":900}},{"type":"Feature","geometry":{"type":"Point","coordinates":[-80.06663,40.47421]},"properties":{"p":"0073S00145000000","a":"MCKINNIE AVE","m":"Stowe","u":"L","o":"corp","sf":21000,"v":500}},{"type":"Feature","geometry":{"type":"Point","coordinates":[-80.06713,40.47407]},"properties":{"p":"0073S00147000000","a":"MCKINNIE AVE","m":"Stowe","u":"L","o":"corp","sf":2250,"v":2700}},{"type":"Feature","geometry":{"type":"Point","coordinates":[-80.06722,40.47404]},"properties":{"p":"0073S00148000000","a":"MCKINNIE AVE","m":"Stowe","u":"L","o":"corp","sf":2250,"v":2700}},{"type":"Feature","geometry":{"type":"Point","coordinates":[-80.06736,40.47401]},"properties":{"p":"0073S00150000000","a":"MCKINNIE AVE","m":"Stowe","u":"L","o":"corp","sf":900,"v":400}},{"type":"Feature","geometry":{"type":"Point","coordinates":[-80.07545,40.48706]},"properties":{"p":"0112F00170000000","a":"FLEMING AVE","m":"Stowe","u":"L","o":"individual","sf":3125,"v":700}},{"type":"Feature","geometry":{"type":"Point","coordinates":[-80.0702,40.47226]},"properties":{"p":"0073S00300000000","a":"HIGHLAND AVE","m":"Stowe","u":"L","o":"individual","sf":1800,"v":600}},{"type":"Feature","geometry":{"type":"Point","coordinates":[-80.07333,40.47411]},"properties":{"p":"0073R00162000000","a":"717 RIDGE AVE","m":"Stowe","u":"L","o":"individual","sf":975,"v":400}},{"type":"Feature","geometry":{"type":"Point","coordinates":[-80.07328,40.4741]},"properties":{"p":"0073R00163000000","a":"717 RIDGE AVE","m":"Stowe","u":"L","o":"individual","sf":921,"v":400}},{"type":"Feature","geometry":{"type":"Point","coordinates":[-80.0778,40.48631]},"properties":{"p":"0112K00201000000","a":"DAVIS AVE","m":"Stowe","u":"L","o":"individual","sf":2500,"v":600}},{"type":"Feature","geometry":{"type":"Point","coordinates":[-80.07748,40.48614]},"properties":{"p":"0112K00207000000","a":"DAVIS AVE","m":"Stowe","u":"L","o":"individual","sf":2500,"v":600}},{"type":"Feature","geometry":{"type":"Point","coordinates":[-80.07737,40.48608]},"properties":{"p":"0112K00208000000","a":"DAVIS AVE","m":"Stowe","u":"L","o":"individual","sf":5000,"v":1100}},{"type":"Feature","geometry":{"type":"Point","coordinates":[-80.07648,40.48563]},"properties":{"p":"0112K00226000000","a":"DAVIS AVE","m":"Stowe","u":"L","o":"individual","sf":2500,"v":600}},{"type":"Feature","geometry":{"type":"Point","coordinates":[-80.07494,40.48509]},"properties":{"p":"0112K00257000000","a":"STOWE AVE","m":"Stowe","u":"L","o":"corp","sf":13140,"v":4700}},{"type":"Feature","geometry":{"type":"Point","coordinates":[-80.07539,40.48537]},"properties":{"p":"0112K00266000000","a":"STOWE AVE","m":"Stowe","u":"L","o":"corp","sf":21458,"v":5500}},{"type":"Feature","geometry":{"type":"Point","coordinates":[-80.07234,40.4834]},"properties":{"p":"0112R00228000000","a":"STOWE AVE","m":"Stowe","u":"L","o":"individual","sf":2466,"v":600}},{"type":"Feature","geometry":{"type":"Point","coordinates":[-80.0741,40.4756]},"properties":{"p":"0073L00094000000","a":"BENWOOD AVE","m":"Stowe","u":"L","o":"individual","sf":2402,"v":8900}},{"type":"Feature","geometry":{"type":"Point","coordinates":[-80.07418,40.47563]},"properties":{"p":"0073L00095000000","a":"BENWOOD AVE","m":"Stowe","u":"L","o":"corp","sf":2400,"v":8900}},{"type":"Feature","geometry":{"type":"Point","coordinates":[-80.07426,40.47566]},"properties":{"p":"0073L00096000000","a":"BENWOOD AVE","m":"Stowe","u":"L","o":"individual","sf":2402,"v":8900}},{"type":"Feature","geometry":{"type":"Point","coordinates":[-80.07441,40.47572]},"properties":{"p":"0073L00099000000","a":"BENWOOD AVE","m":"Stowe","u":"L","o":"individual","sf":2402,"v":800}},{"type":"Feature","geometry":{"type":"Point","coordinates":[-80.07449,40.47575]},"properties":{"p":"0073L00101000000","a":"BENWOOD AVE","m":"Stowe","u":"L","o":"individual","sf":2400,"v":800}},{"type":"Feature","geometry":{"type":"Point","coordinates":[-80.07428,40.4764]},"properties":{"p":"0073L00112000000","a":"MCCOY RD","m":"Stowe","u":"L","o":"individual","sf":16282,"v":13000}},{"type":"Feature","geometry":{"type":"Point","coordinates":[-80.07409,40.47628]},"properties":{"p":"0073L00118000000","a":"MCCOY RD","m":"Stowe","u":"L","o":"individual","sf":16097,"v":13000}},{"type":"Feature","geometry":{"type":"Point","coordinates":[-80.07386,40.47624]},"properties":{"p":"0073L00126000000","a":"MCCOY RD","m":"Stowe","u":"L","o":"individual","sf":4210,"v":11100}},{"type":"Feature","geometry":{"type":"Point","coordinates":[-80.07377,40.47616]},"properties":{"p":"0073L00128000000","a":"MCCOY RD","m":"Stowe","u":"L","o":"individual","sf":4200,"v":11000}},{"type":"Feature","geometry":{"type":"Point","coordinates":[-80.07368,40.47607]},"properties":{"p":"0073L00130000000","a":"MCCOY RD","m":"Stowe","u":"L","o":"individual","sf":4240,"v":11100}},{"type":"Feature","geometry":{"type":"Point","coordinates":[-80.07359,40.47599]},"properties":{"p":"0073L00132000000","a":"MCCOY RD","m":"Stowe","u":"L","o":"individual","sf":4320,"v":11200}},{"type":"Feature","geometry":{"type":"Point","coordinates":[-80.06856,40.47603]},"properties":{"p":"0073M00315000000","a":"TUNNEL WAY","m":"Stowe","u":"L","o":"individual","sf":2251,"v":700}},{"type":"Feature","geometry":{"type":"Point","coordinates":[-80.07,40.47231]},"properties":{"p":"0073S00302000000","a":"HIGHLAND AVE","m":"Stowe","u":"L","o":"individual","sf":5400,"v":12000}},{"type":"Feature","geometry":{"type":"Point","coordinates":[-80.06933,40.4725]},"properties":{"p":"0073S00312000000","a":"HIGHLAND AVE","m":"Stowe","u":"L","o":"individual","sf":1800,"v":600}},{"type":"Feature","geometry":{"type":"Point","coordinates":[-80.07321,40.47407]},"properties":{"p":"0073R00164000000","a":"717 RIDGE AVE","m":"Stowe","u":"L","o":"individual","sf":1817,"v":600}},{"type":"Feature","geometry":{"type":"Point","coordinates":[-80.07314,40.47405]},"properties":{"p":"0073R00165000000","a":"717 RIDGE AVE","m":"Stowe","u":"L","o":"individual","sf":930,"v":400}},{"type":"Feature","geometry":{"type":"Point","coordinates":[-80.06918,40.47417]},"properties":{"p":"0073S00066000000","a":"78 FRAZIER AVE","m":"Stowe","u":"L","o":"individual","sf":1800,"v":8200}},{"type":"Feature","geometry":{"type":"Point","coordinates":[-80.06952,40.47408]},"properties":{"p":"0073S00071000000","a":"FRAZIER AVE","m":"Stowe","u":"L","o":"individual","sf":1800,"v":8200}},{"type":"Feature","geometry":{"type":"Point","coordinates":[-80.06972,40.47403]},"properties":{"p":"0073S00074000000","a":"FRAZIER AVE","m":"Stowe","u":"L","o":"corp","sf":1800,"v":8200}},{"type":"Feature","geometry":{"type":"Point","coordinates":[-80.07183,40.48302]},"properties":{"p":"0112R00236000000","a":"STOWE AVE","m":"Stowe","u":"L","o":"individual","sf":4919,"v":1000}},{"type":"Feature","geometry":{"type":"Point","coordinates":[-80.07145,40.48284]},"properties":{"p":"0112R00242000000","a":"STOWE AVE","m":"Stowe","u":"L","o":"individual","sf":3698,"v":800}},{"type":"Feature","geometry":{"type":"Point","coordinates":[-80.07108,40.48248]},"properties":{"p":"0112R00249000000","a":"STOWE AVE","m":"Stowe","u":"L","o":"individual","sf":3629,"v":800}},{"type":"Feature","geometry":{"type":"Point","coordinates":[-80.0692,40.47609]},"properties":{"p":"0073M00320000000","a":"WILSON AVE","m":"Stowe","u":"L","o":"individual","sf":14145,"v":12800}},{"type":"Feature","geometry":{"type":"Point","coordinates":[-80.06918,40.47632]},"properties":{"p":"0073M00326000000","a":"WILSON AVE","m":"Stowe","u":"L","o":"individual","sf":5000,"v":12000}},{"type":"Feature","geometry":{"type":"Point","coordinates":[-80.06927,40.47639]},"properties":{"p":"0073M00327000000","a":"WILSON AVE","m":"Stowe","u":"L","o":"individual","sf":2500,"v":800}},{"type":"Feature","geometry":{"type":"Point","coordinates":[-80.06956,40.47624]},"properties":{"p":"0073M00333000000","a":"DUNN ST","m":"Stowe","u":"L","o":"individual","sf":2500,"v":3000}},{"type":"Feature","geometry":{"type":"Point","coordinates":[-80.07454,40.47534]},"properties":{"p":"0073L00013000000","a":"BENWOOD AVE","m":"Stowe","u":"L","o":"corp","sf":3603,"v":1100}},{"type":"Feature","geometry":{"type":"Point","coordinates":[-80.06617,40.47333]},"properties":{"p":"0073S00355000000","a":"HIGHLAND AVE","m":"Stowe","u":"L","o":"corp","sf":3600,"v":10300}},{"type":"Feature","geometry":{"type":"Point","coordinates":[-80.07801,40.47307]},"properties":{"p":"0073P00316000000","a":"RUSSELLWOOD AVE","m":"Stowe","u":"L","o":"corp","sf":7200,"v":12200}},{"type":"Feature","geometry":{"type":"Point","coordinates":[-80.07626,40.48736]},"properties":{"p":"0112F00153000000","a":"FLEMING AVE","m":"Stowe","u":"L","o":"individual","sf":6250,"v":4100}},{"type":"Feature","geometry":{"type":"Point","coordinates":[-80.07598,40.48726]},"properties":{"p":"0112F00160000000","a":"FLEMING AVE","m":"Stowe","u":"L","o":"individual","sf":3125,"v":3300}},{"type":"Feature","geometry":{"type":"Point","coordinates":[-80.07448,40.4853]},"properties":{"p":"0112L00058000000","a":"STOWE AVE","m":"Stowe","u":"L","o":"individual","sf":5053,"v":4000}},{"type":"Feature","geometry":{"type":"Point","coordinates":[-80.07473,40.48679]},"properties":{"p":"0112L00073000000","a":"FLEMING AVE","m":"Stowe","u":"L","o":"individual","sf":3125,"v":700}},{"type":"Feature","geometry":{"type":"Point","coordinates":[-80.06839,40.47466]},"properties":{"p":"0073M00159000000","a":"53 HARLEM AVE","m":"Stowe","u":"L","o":"corp","sf":1350,"v":1600}},{"type":"Feature","geometry":{"type":"Point","coordinates":[-80.07539,40.4761]},"properties":{"p":"0073K00059000000","a":"BENWOOD AVE","m":"Stowe","u":"L","o":"individual","sf":2403,"v":800}},{"type":"Feature","geometry":{"type":"Point","coordinates":[-80.07574,40.47624]},"properties":{"p":"0073K00065000000","a":"BENWOOD AVE","m":"Stowe","u":"L","o":"individual","sf":4804,"v":11800}},{"type":"Feature","geometry":{"type":"Point","coordinates":[-80.07585,40.47628]},"properties":{"p":"0073K00067000000","a":"BENWOOD AVE","m":"Stowe","u":"L","o":"individual","sf":2402,"v":800}},{"type":"Feature","geometry":{"type":"Point","coordinates":[-80.07441,40.48343]},"properties":{"p":"0112R00025000000","a":"DUKE ST","m":"Stowe","u":"L","o":"individual","sf":4000,"v":900}},{"type":"Feature","geometry":{"type":"Point","coordinates":[-80.07413,40.48358]},"properties":{"p":"0112R00029000000","a":"DUKE ST","m":"Stowe","u":"L","o":"individual","sf":6500,"v":1300}},{"type":"Feature","geometry":{"type":"Point","coordinates":[-80.07382,40.48388]},"properties":{"p":"0112R00033000000","a":"DUKE ST","m":"Stowe","u":"L","o":"individual","sf":10004,"v":2000}},{"type":"Feature","geometry":{"type":"Point","coordinates":[-80.07616,40.4764]},"properties":{"p":"0073K00074000000","a":"930 BENWOOD AVE","m":"Stowe","u":"L","o":"individual","sf":7206,"v":12200}},{"type":"Feature","geometry":{"type":"Point","coordinates":[-80.07632,40.47646]},"properties":{"p":"0073K00075000000","a":"BENWOOD AVE","m":"Stowe","u":"L","o":"individual","sf":2402,"v":800}},{"type":"Feature","geometry":{"type":"Point","coordinates":[-80.07643,40.4765]},"properties":{"p":"0073K00078000000","a":"BENWOOD AVE","m":"Stowe","u":"L","o":"individual","sf":9600,"v":2800}},{"type":"Feature","geometry":{"type":"Point","coordinates":[-80.07729,40.47663]},"properties":{"p":"0073K00100000000","a":"12TH ST","m":"Stowe","u":"L","o":"corp","sf":32752,"v":14500}},{"type":"Feature","geometry":{"type":"Point","coordinates":[-80.0726,40.47502]},"properties":{"p":"0073L00057000000","a":"BENWOOD AVE","m":"Stowe","u":"L","o":"individual","sf":4805,"v":11800}},{"type":"Feature","geometry":{"type":"Point","coordinates":[-80.07276,40.47508]},"properties":{"p":"0073L00059000000","a":"BENWOOD AVE","m":"Stowe","u":"L","o":"individual","sf":4802,"v":11800}},{"type":"Feature","geometry":{"type":"Point","coordinates":[-80.07291,40.47514]},"properties":{"p":"0073L00061000000","a":"BENWOOD AVE","m":"Stowe","u":"L","o":"individual","sf":4805,"v":11800}},{"type":"Feature","geometry":{"type":"Point","coordinates":[-80.07428,40.47602]},"properties":{"p":"0073L00070000000","a":"MCCOY RD","m":"Stowe","u":"L","o":"individual","sf":3119,"v":1000}},{"type":"Feature","geometry":{"type":"Point","coordinates":[-80.0741,40.4759]},"properties":{"p":"0073L00074000000","a":"MCCOY RD","m":"Stowe","u":"L","o":"individual","sf":4006,"v":1200}},{"type":"Feature","geometry":{"type":"Point","coordinates":[-80.074,40.47583]},"properties":{"p":"0073L00075000000","a":"MCCOY RD","m":"Stowe","u":"L","o":"individual","sf":4006,"v":1200}},{"type":"Feature","geometry":{"type":"Point","coordinates":[-80.07383,40.47581]},"properties":{"p":"0073L00077000000","a":"MCCOY RD","m":"Stowe","u":"L","o":"individual","sf":4006,"v":1200}},{"type":"Feature","geometry":{"type":"Point","coordinates":[-80.07025,40.48227]},"properties":{"p":"0112S00007000000","a":"ISLAND AVE","m":"Stowe","u":"L","o":"individual","sf":5000,"v":2200}},{"type":"Feature","geometry":{"type":"Point","coordinates":[-80.06358,40.48346]},"properties":{"p":"0113N00256000000","a":"ORCHARD ST","m":"Stowe","u":"L","o":"individual","sf":4800,"v":3900}},{"type":"Feature","geometry":{"type":"Point","coordinates":[-80.0729,40.48284]},"properties":{"p":"0112R00112000000","a":"EDWARD ST","m":"Stowe","u":"L","o":"individual","sf":4000,"v":900}},{"type":"Feature","geometry":{"type":"Point","coordinates":[-80.07214,40.48253]},"properties":{"p":"0112R00188000000","a":"DAVIS AVE","m":"Stowe","u":"L","o":"individual","sf":5600,"v":1200}},{"type":"Feature","geometry":{"type":"Point","coordinates":[-80.07207,40.48244]},"properties":{"p":"0112R00190000000","a":"DAVIS AVE","m":"Stowe","u":"L","o":"individual","sf":5600,"v":1200}},{"type":"Feature","geometry":{"type":"Point","coordinates":[-80.07493,40.48434]},"properties":{"p":"0112R00200000000","a":"ISLAND AVE","m":"Stowe","u":"L","o":"corp","sf":1937,"v":2800}},{"type":"Feature","geometry":{"type":"Point","coordinates":[-80.07134,40.48234]},"properties":{"p":"0112R00207000000","a":"DAVIS AVE","m":"Stowe","u":"L","o":"individual","sf":3242,"v":700}},{"type":"Feature","geometry":{"type":"Point","coordinates":[-80.06859,40.47526]},"properties":{"p":"0073M00229000000","a":"SHAW AVE","m":"Stowe","u":"L","o":"individual","sf":37327,"v":14900}},{"type":"Feature","geometry":{"type":"Point","coordinates":[-80.07032,40.47515]},"properties":{"p":"0073M00243000000","a":"MCCOY RD","m":"Stowe","u":"L","o":"corp","sf":8150,"v":12300}},{"type":"Feature","geometry":{"type":"Point","coordinates":[-80.06984,40.47563]},"properties":{"p":"0073M00296000000","a":"F ST","m":"Stowe","u":"L","o":"corp","sf":1645,"v":8000}},{"type":"Feature","geometry":{"type":"Point","coordinates":[-80.06829,40.4744]},"properties":{"p":"0073S00055000000","a":"FRAZIER AVE","m":"Stowe","u":"L","o":"corp","sf":2700,"v":5850}},{"type":"Feature","geometry":{"type":"Point","coordinates":[-80.07142,40.48243]},"properties":{"p":"0112R00209000000","a":"DAVIS AVE","m":"Stowe","u":"L","o":"individual","sf":3216,"v":700}},{"type":"Feature","geometry":{"type":"Point","coordinates":[-80.07153,40.48257]},"properties":{"p":"0112R00213000000","a":"DAVIS AVE","m":"Stowe","u":"L","o":"individual","sf":6013,"v":600}},{"type":"Feature","geometry":{"type":"Point","coordinates":[-80.07242,40.48345]},"properties":{"p":"0112R00227000000","a":"STOWE AVE","m":"Stowe","u":"L","o":"individual","sf":3262,"v":3300}},{"type":"Feature","geometry":{"type":"Point","coordinates":[-80.07721,40.48776]},"properties":{"p":"0112F00124000000","a":"FLEMING AVE","m":"Stowe","u":"L","o":"individual","sf":7274,"v":4200}},{"type":"Feature","geometry":{"type":"Point","coordinates":[-80.07684,40.4876]},"properties":{"p":"0112F00140000000","a":"FLEMING AVE","m":"Stowe","u":"L","o":"individual","sf":3055,"v":3200}},{"type":"Feature","geometry":{"type":"Point","coordinates":[-80.07748,40.47632]},"properties":{"p":"0073K00159000000","a":"12TH ST","m":"Stowe","u":"L","o":"individual","sf":2675,"v":900}},{"type":"Feature","geometry":{"type":"Point","coordinates":[-80.07745,40.47638]},"properties":{"p":"0073K00160000000","a":"12TH ST","m":"Stowe","u":"L","o":"individual","sf":2675,"v":900}},{"type":"Feature","geometry":{"type":"Point","coordinates":[-80.07776,40.47664]},"properties":{"p":"0073K00182000000","a":"12TH ST","m":"Stowe","u":"L","o":"individual","sf":5596,"v":12100}},{"type":"Feature","geometry":{"type":"Point","coordinates":[-80.07804,40.47636]},"properties":{"p":"0073K00189000000","a":"12TH ST","m":"Stowe","u":"L","o":"individual","sf":2675,"v":900}},{"type":"Feature","geometry":{"type":"Point","coordinates":[-80.07834,40.47586]},"properties":{"p":"0073K00199000000","a":"12TH ST","m":"Stowe","u":"L","o":"individual","sf":2675,"v":3200}},{"type":"Feature","geometry":{"type":"Point","coordinates":[-80.07939,40.47658]},"properties":{"p":"0073J00255000000","a":"14TH ST","m":"Stowe","u":"L","o":"individual","sf":9271,"v":2700}},{"type":"Feature","geometry":{"type":"Point","coordinates":[-80.07607,40.47593]},"properties":{"p":"0073K00375000000","a":"BENWOOD AVE","m":"Stowe","u":"L","o":"individual","sf":2402,"v":800}},{"type":"Feature","geometry":{"type":"Point","coordinates":[-80.07868,40.47344]},"properties":{"p":"0073P00289000000","a":"11TH ST","m":"Stowe","u":"L","o":"individual","sf":4012,"v":10800}},{"type":"Feature","geometry":{"type":"Point","coordinates":[-80.07247,40.47354]},"properties":{"p":"0073R00186000000","a":"7TH ST","m":"Stowe","u":"L","o":"individual","sf":2188,"v":700}},{"type":"Feature","geometry":{"type":"Point","coordinates":[-80.07265,40.47354]},"properties":{"p":"0073R00188000000","a":"7TH ST","m":"Stowe","u":"L","o":"individual","sf":480,"v":200}},{"type":"Feature","geometry":{"type":"Point","coordinates":[-80.07677,40.48755]},"properties":{"p":"0112F00142000000","a":"FLEMING AVE","m":"Stowe","u":"L","o":"individual","sf":3125,"v":3300}},{"type":"Feature","geometry":{"type":"Point","coordinates":[-80.07465,40.48491]},"properties":{"p":"0112L00005000000","a":"STOWE AVE","m":"Stowe","u":"L","o":"individual","sf":8760,"v":1800}},{"type":"Feature","geometry":{"type":"Point","coordinates":[-80.07448,40.4848]},"properties":{"p":"0112L00008000000","a":"STOWE AVE","m":"Stowe","u":"L","o":"individual","sf":4380,"v":900}},{"type":"Feature","geometry":{"type":"Point","coordinates":[-80.07436,40.48473]},"properties":{"p":"0112L00010000000","a":"STOWE AVE","m":"Stowe","u":"L","o":"individual","sf":4380,"v":900}},{"type":"Feature","geometry":{"type":"Point","coordinates":[-80.07419,40.48462]},"properties":{"p":"0112L00012000000","a":"STOWE AVE","m":"Stowe","u":"L","o":"individual","sf":8760,"v":1800}},{"type":"Feature","geometry":{"type":"Point","coordinates":[-80.07106,40.48304]},"properties":{"p":"0112R00278000000","a":"1369 ISLAND AVE","m":"Stowe","u":"L","o":"individual","sf":2688,"v":600}},{"type":"Feature","geometry":{"type":"Point","coordinates":[-80.07146,40.47517]},"properties":{"p":"0073L00182000000","a":"B ST","m":"Stowe","u":"L","o":"corp","sf":880,"v":300}},{"type":"Feature","geometry":{"type":"Point","coordinates":[-80.07024,40.47674]},"properties":{"p":"0073M00369000000","a":"YOUNG ST","m":"Stowe","u":"L","o":"individual","sf":7771,"v":2300}},{"type":"Feature","geometry":{"type":"Point","coordinates":[-80.07967,40.47727]},"properties":{"p":"0073J00397000000","a":"MACARTHUR WAY","m":"Stowe","u":"L","o":"individual","sf":3664,"v":17300}},{"type":"Feature","geometry":{"type":"Point","coordinates":[-80.07457,40.47578]},"properties":{"p":"0073K00035000000","a":"BENWOOD AVE","m":"Stowe","u":"L","o":"individual","sf":2400,"v":800}},{"type":"Feature","geometry":{"type":"Point","coordinates":[-80.07464,40.47581]},"properties":{"p":"0073K00036000000","a":"BENWOOD AVE","m":"Stowe","u":"L","o":"individual","sf":2402,"v":800}},{"type":"Feature","geometry":{"type":"Point","coordinates":[-80.07472,40.47584]},"properties":{"p":"0073K00038000000","a":"BENWOOD AVE","m":"Stowe","u":"L","o":"individual","sf":2400,"v":800}},{"type":"Feature","geometry":{"type":"Point","coordinates":[-80.0748,40.47587]},"properties":{"p":"0073K00039000000","a":"BENWOOD AVE","m":"Stowe","u":"L","o":"individual","sf":2402,"v":800}},{"type":"Feature","geometry":{"type":"Point","coordinates":[-80.07501,40.47595]},"properties":{"p":"0073K00052000000","a":"BENWOOD AVE","m":"Stowe","u":"L","o":"individual","sf":2403,"v":800}},{"type":"Feature","geometry":{"type":"Point","coordinates":[-80.07508,40.47598]},"properties":{"p":"0073K00053000000","a":"BENWOOD AVE","m":"Stowe","u":"L","o":"individual","sf":2403,"v":800}},{"type":"Feature","geometry":{"type":"Point","coordinates":[-80.07116,40.48311]},"properties":{"p":"0112R00280000000","a":"1369 ISLAND AVE","m":"Stowe","u":"L","o":"individual","sf":5880,"v":4100}},{"type":"Feature","geometry":{"type":"Point","coordinates":[-80.0713,40.4832]},"properties":{"p":"0112R00282000000","a":"1369 ISLAND AVE","m":"Stowe","u":"L","o":"individual","sf":5300,"v":4000}},{"type":"Feature","geometry":{"type":"Point","coordinates":[-80.07764,40.47454]},"properties":{"p":"0073P00066000000","a":"WOODWARD AVE","m":"Stowe","u":"L","o":"corp","sf":2400,"v":1500}},{"type":"Feature","geometry":{"type":"Point","coordinates":[-80.06782,40.47481]},"properties":{"p":"0073M00151000000","a":"HARLEM AVE","m":"Stowe","u":"L","o":"individual","sf":5600,"v":12100}},{"type":"Feature","geometry":{"type":"Point","coordinates":[-80.07238,40.4745]},"properties":{"p":"0073R00295000000","a":"BENWOOD AVE","m":"Stowe","u":"L","o":"corp","sf":2402,"v":800}},{"type":"Feature","geometry":{"type":"Point","coordinates":[-80.07246,40.47361]},"properties":{"p":"0073R00185000000","a":"7TH ST","m":"Stowe","u":"L","o":"individual","sf":2264,"v":700}},{"type":"Feature","geometry":{"type":"Point","coordinates":[-80.07646,40.47412]},"properties":{"p":"0073P00085000000","a":"WOODWARD AVE","m":"Stowe","u":"L","o":"individual","sf":2400,"v":8900}},{"type":"Feature","geometry":{"type":"Point","coordinates":[-80.07797,40.47909]},"properties":{"p":"0073F00166000000","a":"MCCOY RD","m":"Stowe","u":"L","o":"individual","sf":2407,"v":900}},{"type":"Feature","geometry":{"type":"Point","coordinates":[-80.07892,40.47495]},"properties":{"p":"0073J00143000000","a":"WOODWARD AVE","m":"Stowe","u":"L","o":"individual","sf":2500,"v":3100}},{"type":"Feature","geometry":{"type":"Point","coordinates":[-80.06829,40.47979]},"properties":{"p":"0073D00152000000","a":"ISLAND AVE","m":"Stowe","u":"L","o":"individual","sf":3475,"v":3400}},{"type":"Feature","geometry":{"type":"Point","coordinates":[-80.06586,40.47183]},"properties":{"p":"0043A00222000000","a":"JUVET ST","m":"Stowe","u":"L","o":"individual","sf":2500,"v":800}},{"type":"Feature","geometry":{"type":"Point","coordinates":[-80.07319,40.48423]},"properties":{"p":"0112R00327000000","a":"ORR ST","m":"Stowe","u":"L","o":"individual","sf":2714,"v":3100}},{"type":"Feature","geometry":{"type":"Point","coordinates":[-80.06425,40.48317]},"properties":{"p":"0113N00267000000","a":"120 ORCHARD ST","m":"Stowe","u":"L","o":"individual","sf":1731,"v":2700}},{"type":"Feature","geometry":{"type":"Point","coordinates":[-80.06827,40.47123]},"properties":{"p":"0072D00241000000","a":"FAIR OAKS ST","m":"Stowe","u":"L","o":"individual","sf":1020,"v":400}},{"type":"Feature","geometry":{"type":"Point","coordinates":[-80.07752,40.47626]},"properties":{"p":"0073K00158000000","a":"12TH ST","m":"Stowe","u":"L","o":"individual","sf":2675,"v":900}},{"type":"Feature","geometry":{"type":"Point","coordinates":[-80.07036,40.48053]},"properties":{"p":"0073C00036000000","a":"DAVIS AVE","m":"Stowe","u":"L","o":"individual","sf":5090,"v":4000}},{"type":"Feature","geometry":{"type":"Point","coordinates":[-80.06436,40.47274]},"properties":{"p":"0074N00253000000","a":"MCGINNESS WAY","m":"McKees Rocks","u":"L","o":"individual","sf":19379,"v":5300}},{"type":"Feature","geometry":{"type":"Point","coordinates":[-80.0684,40.47002]},"properties":{"p":"0072D00058000000","a":"WOODWARD AVE","m":"McKees Rocks","u":"L","o":"corp","sf":2400,"v":800}},{"type":"Feature","geometry":{"type":"Point","coordinates":[-80.07628,40.47908]},"properties":{"p":"0073F00096000000","a":"MCCOY RD","m":"Stowe","u":"L","o":"individual","sf":2096,"v":700}},{"type":"Feature","geometry":{"type":"Point","coordinates":[-80.06744,40.47782]},"properties":{"p":"0073H00151000000","a":"STOWE AVE","m":"Stowe","u":"L","o":"individual","sf":8194,"v":4300}},{"type":"Feature","geometry":{"type":"Point","coordinates":[-80.07095,40.47721]},"properties":{"p":"0073G00031000000","a":"CALDWELL ST","m":"Stowe","u":"L","o":"individual","sf":1250,"v":500}},{"type":"Feature","geometry":{"type":"Point","coordinates":[-80.0673,40.47402]},"properties":{"p":"0073S00149000000","a":"MCKINNIE AVE","m":"Stowe","u":"L","o":"corp","sf":2250,"v":2700}},{"type":"Feature","geometry":{"type":"Point","coordinates":[-80.07466,40.47664]},"properties":{"p":"0073L00104000000","a":"MCCOY RD","m":"Stowe","u":"L","o":"individual","sf":15292,"v":4400}},{"type":"Feature","geometry":{"type":"Point","coordinates":[-80.07895,40.47113]},"properties":{"p":"0072A00369000000","a":"LIBERTY ST","m":"Stowe","u":"L","o":"corp","sf":3875,"v":1200}},{"type":"Feature","geometry":{"type":"Point","coordinates":[-80.0742,40.47596]},"properties":{"p":"0073L00072000000","a":"MCCOY RD","m":"Stowe","u":"L","o":"individual","sf":4005,"v":1200}},{"type":"Feature","geometry":{"type":"Point","coordinates":[-80.07447,40.4872]},"properties":{"p":"0112G00015000000","a":"FLEMING AVE","m":"Stowe","u":"L","o":"individual","sf":3125,"v":3300}},{"type":"Feature","geometry":{"type":"Point","coordinates":[-80.06124,40.4702]},"properties":{"p":"0043B00193000000","a":"ALEXANDER ST","m":"McKees Rocks","u":"L","o":"individual","sf":1854,"v":600}},{"type":"Feature","geometry":{"type":"Point","coordinates":[-80.0613,40.47133]},"properties":{"p":"0043B00249000000","a":"ISLAND AVE","m":"McKees Rocks","u":"L","o":"corp","sf":3000,"v":900}},{"type":"Feature","geometry":{"type":"Point","coordinates":[-80.06871,40.47113]},"properties":{"p":"0072D00199000000","a":"RIDGE AVE","m":"Stowe","u":"L","o":"individual","sf":2400,"v":8900}},{"type":"Feature","geometry":{"type":"Point","coordinates":[-80.07529,40.48764]},"properties":{"p":"0112F00285000000","a":"GLENN WAY","m":"Stowe","u":"L","o":"individual","sf":80,"v":100}},{"type":"Feature","geometry":{"type":"Point","coordinates":[-80.07501,40.47171]},"properties":{"p":"0072B00073000000","a":"DOHRMAN ST","m":"Stowe","u":"L","o":"individual","sf":2304,"v":700}},{"type":"Feature","geometry":{"type":"Point","coordinates":[-80.07578,40.47504]},"properties":{"p":"0073K00304000000","a":"RIDGE AVE","m":"Stowe","u":"L","o":"corp","sf":994,"v":400}},{"type":"Feature","geometry":{"type":"Point","coordinates":[-80.06952,40.47212]},"properties":{"p":"0072D00218000000","a":"RIDGE AVE","m":"Stowe","u":"L","o":"individual","sf":2400,"v":8900}},{"type":"Feature","geometry":{"type":"Point","coordinates":[-80.07116,40.47369]},"properties":{"p":"0073R00253000000","a":"RIDGE AVE","m":"Stowe","u":"L","o":"individual","sf":4800,"v":1400}},{"type":"Feature","geometry":{"type":"Point","coordinates":[-80.07026,40.48114]},"properties":{"p":"0073C00032000000","a":"228 DAVIS AVE","m":"Stowe","u":"L","o":"individual","sf":3150,"v":700}},{"type":"Feature","geometry":{"type":"Point","coordinates":[-80.06801,40.47349]},"properties":{"p":"0073S00217000000","a":"51 MCKINNIE AVE","m":"Stowe","u":"L","o":"individual","sf":4500,"v":11400}},{"type":"Feature","geometry":{"type":"Point","coordinates":[-80.06358,40.48268]},"properties":{"p":"0113N00129000000","a":"112 OHIO ST","m":"Stowe","u":"L","o":"individual","sf":1727,"v":400}},{"type":"Feature","geometry":{"type":"Point","coordinates":[-80.06108,40.48377]},"properties":{"p":"0113P00059000000","a":"OHIO ST","m":"Stowe","u":"L","o":"individual","sf":1732,"v":400}},{"type":"Feature","geometry":{"type":"Point","coordinates":[-80.06889,40.4705]},"properties":{"p":"0072D00124000000","a":"WOODWARD AVE","m":"Stowe","u":"L","o":"individual","sf":833,"v":300}},{"type":"Feature","geometry":{"type":"Point","coordinates":[-80.07289,40.4832]},"properties":{"p":"0112R00086000000","a":"EDWARD ST","m":"Stowe","u":"L","o":"individual","sf":19178,"v":3700}},{"type":"Feature","geometry":{"type":"Point","coordinates":[-80.07073,40.4748]},"properties":{"p":"0073L00168000000","a":"MCCOY RD","m":"Stowe","u":"L","o":"individual","sf":3125,"v":1000}},{"type":"Feature","geometry":{"type":"Point","coordinates":[-80.07666,40.47165]},"properties":{"p":"0072B00232000000","a":"RACE ST","m":"Stowe","u":"L","o":"individual","sf":1664,"v":600}},{"type":"Feature","geometry":{"type":"Point","coordinates":[-80.07455,40.48723]},"properties":{"p":"0112G00013000000","a":"FLEMING AVE","m":"Stowe","u":"L","o":"individual","sf":3125,"v":3300}},{"type":"Feature","geometry":{"type":"Point","coordinates":[-80.0744,40.47659]},"properties":{"p":"0073L00107000000","a":"MCCOY RD","m":"Stowe","u":"L","o":"individual","sf":15589,"v":13000}},{"type":"Feature","geometry":{"type":"Point","coordinates":[-80.06946,40.47246]},"properties":{"p":"0073S00311000000","a":"HIGHLAND AVE","m":"Stowe","u":"L","o":"individual","sf":1800,"v":8200}},{"type":"Feature","geometry":{"type":"Point","coordinates":[-80.07462,40.47534]},"properties":{"p":"0073L00012000000","a":"BENWOOD AVE","m":"Stowe","u":"L","o":"individual","sf":1201,"v":400}},{"type":"Feature","geometry":{"type":"Point","coordinates":[-80.07638,40.48741]},"properties":{"p":"0112F00151000000","a":"FLEMING AVE","m":"Stowe","u":"L","o":"individual","sf":3125,"v":3300}},{"type":"Feature","geometry":{"type":"Point","coordinates":[-80.07363,40.47561]},"properties":{"p":"0073L00079000000","a":"MCCOY RD","m":"Stowe","u":"L","o":"individual","sf":3829,"v":1200}},{"type":"Feature","geometry":{"type":"Point","coordinates":[-80.06788,40.47583]},"properties":{"p":"0073M00278000000","a":"MCCOY RD","m":"Stowe","u":"L","o":"individual","sf":2482,"v":9000}},{"type":"Feature","geometry":{"type":"Point","coordinates":[-80.06579,40.47595]},"properties":{"p":"0074J00300000000","a":"ISLAND AVE","m":"Stowe","u":"L","o":"individual","sf":6585,"v":4100}},{"type":"Feature","geometry":{"type":"Point","coordinates":[-80.06811,40.47616]},"properties":{"p":"0073M00054000000","a":"MCCOY RD","m":"Stowe","u":"L","o":"individual","sf":4178,"v":3700}}]}