{"type":"FeatureCollection","features":[{"type":"Feature","geometry":{"type":"Point","coordinates":[-80.05598,40.45313]},"properties":{"p":"0042R00246000000","a":"HILLSBORO ST","m":"20th Ward - PITTSBURGH","u":"I","o":"corp","sf":5364,"v":4700}},{"type":"Feature","geometry":{"type":"Point","coordinates":[-80.05668,40.45296]},"properties":{"p":"0042R00253000000","a":"800 CHETOPA ST","m":"20th Ward - PITTSBURGH","u":"I","o":"corp","sf":4800,"v":3600}},{"type":"Feature","geometry":{"type":"Point","coordinates":[-80.053,40.4635]},"properties":{"p":"0043S00092000000","a":"SAGAMORE ST","m":"20th Ward - PITTSBURGH","u":"I","o":"individual","sf":1728,"v":16800}},{"type":"Feature","geometry":{"type":"Point","coordinates":[-80.05096,40.45053]},"properties":{"p":"0041D00159000000","a":"INDIA ST","m":"20th Ward - PITTSBURGH","u":"I","o":"corp","sf":1000,"v":500}},{"type":"Feature","geometry":{"type":"Point","coordinates":[-80.05249,40.45028]},"properties":{"p":"0041D00073000000","a":"FAIRSTON ST","m":"20th Ward - PITTSBURGH","u":"I","o":"corp","sf":20860,"v":12300}},{"type":"Feature","geometry":{"type":"Point","coordinates":[-80.04146,40.45071]},"properties":{"p":"0020B00170000000","a":"HERROD ST","m":"20th Ward - PITTSBURGH","u":"I","o":"corp","sf":9600,"v":5000}},{"type":"Feature","geometry":{"type":"Point","coordinates":[-80.04166,40.45083]},"properties":{"p":"0020B00172000000","a":"HERROD ST","m":"20th Ward - PITTSBURGH","u":"I","o":"corp","sf":4800,"v":5500}},{"type":"Feature","geometry":{"type":"Point","coordinates":[-80.04179,40.45093]},"properties":{"p":"0020B00175000000","a":"HERROD ST","m":"20th Ward - PITTSBURGH","u":"I","o":"corp","sf":4749,"v":5500}},{"type":"Feature","geometry":{"type":"Point","coordinates":[-80.04375,40.45063]},"properties":{"p":"0020B00051000000","a":"CORLISS ST","m":"20th Ward - PITTSBURGH","u":"I","o":"corp","sf":5000,"v":5800}},{"type":"Feature","geometry":{"type":"Point","coordinates":[-80.04332,40.45083]},"properties":{"p":"0020B00057000000","a":"CORLISS ST","m":"20th Ward - PITTSBURGH","u":"I","o":"corp","sf":2600,"v":3000}},{"type":"Feature","geometry":{"type":"Point","coordinates":[-80.04295,40.4507]},"properties":{"p":"0020B00118000000","a":"DANLEY ST","m":"20th Ward - PITTSBURGH","u":"I","o":"corp","sf":5000,"v":2500}},{"type":"Feature","geometry":{"type":"Point","coordinates":[-80.04311,40.45063]},"properties":{"p":"0020B00120000000","a":"DANLEY ST","m":"20th Ward - PITTSBURGH","u":"I","o":"corp","sf":5000,"v":2500}},{"type":"Feature","geometry":{"type":"Point","coordinates":[-80.04326,40.45056]},"properties":{"p":"0020B00122000000","a":"DANLEY ST","m":"20th Ward - PITTSBURGH","u":"I","o":"corp","sf":5000,"v":2500}},{"type":"Feature","geometry":{"type":"Point","coordinates":[-80.04227,40.45103]},"properties":{"p":"0020B00107000000","a":"DANLEY ST","m":"20th Ward - PITTSBURGH","u":"I","o":"corp","sf":5000,"v":5800}},{"type":"Feature","geometry":{"type":"Point","coordinates":[-80.04246,40.45094]},"properties":{"p":"0020B00111000000","a":"DANLEY ST","m":"20th Ward - PITTSBURGH","u":"I","o":"corp","sf":7500,"v":2500}},{"type":"Feature","geometry":{"type":"Point","coordinates":[-80.04284,40.45076]},"properties":{"p":"0020B00116000000","a":"DANLEY ST","m":"20th Ward - PITTSBURGH","u":"I","o":"corp","sf":2500,"v":2500}},{"type":"Feature","geometry":{"type":"Point","coordinates":[-80.04147,40.46886]},"properties":{"p":"0044F00100000000","a":"DOERR ST","m":"27th Ward - PITTSBURGH","u":"I","o":"corp","sf":42240,"v":146400}},{"type":"Feature","geometry":{"type":"Point","coordinates":[-80.05519,40.46296]},"properties":{"p":"0043R00214000000","a":"RADCLIFFE ST","m":"20th Ward - PITTSBURGH","u":"I","o":"individual","sf":6000,"v":3000}},{"type":"Feature","geometry":{"type":"Point","coordinates":[-80.05142,40.46171]},"properties":{"p":"0042D00133000000","a":"SLOAN ST","m":"20th Ward - PITTSBURGH","u":"C","o":"corp","sf":3896,"v":5800}},{"type":"Feature","geometry":{"type":"Point","coordinates":[-80.05128,40.46157]},"properties":{"p":"0042D00134000000","a":"SLOAN ST","m":"20th Ward - PITTSBURGH","u":"C","o":"corp","sf":4711,"v":7100}},{"type":"Feature","geometry":{"type":"Point","coordinates":[-80.0509,40.46149]},"properties":{"p":"0042D00139000000","a":"3217 W CARSON ST","m":"20th Ward - PITTSBURGH","u":"C","o":"individual","sf":15810,"v":39500}},{"type":"Feature","geometry":{"type":"Point","coordinates":[-80.04972,40.46062]},"properties":{"p":"0042D00197000000","a":"SAGINAW ST","m":"20th Ward - PITTSBURGH","u":"C","o":"individual","sf":1445,"v":400}},{"type":"Feature","geometry":{"type":"Point","coordinates":[-80.04968,40.46006]},"properties":{"p":"0042D00184000000","a":"SANFORD ST","m":"20th Ward - PITTSBURGH","u":"C","o":"individual","sf":1272,"v":400}},{"type":"Feature","geometry":{"type":"Point","coordinates":[-80.04987,40.46013]},"properties":{"p":"0042D00185000000","a":"ESPLEN ST","m":"20th Ward - PITTSBURGH","u":"C","o":"individual","sf":1474,"v":400}},{"type":"Feature","geometry":{"type":"Point","coordinates":[-80.04979,40.4601]},"properties":{"p":"0042D00185000A00","a":"ESPLEN ST","m":"20th Ward - PITTSBURGH","u":"C","o":"individual","sf":761,"v":200}},{"type":"Feature","geometry":{"type":"Point","coordinates":[-80.04973,40.46001]},"properties":{"p":"0042H00370000000","a":"SANFORD ST","m":"20th Ward - PITTSBURGH","u":"C","o":"individual","sf":1493,"v":500}},{"type":"Feature","geometry":{"type":"Point","coordinates":[-80.05383,40.45346]},"properties":{"p":"0042R00301000000","a":"640 HILLSBORO ST","m":"20th Ward - PITTSBURGH","u":"C","o":"corp","sf":9000,"v":28500}},{"type":"Feature","geometry":{"type":"Point","coordinates":[-80.04964,40.46082]},"properties":{"p":"0042D00172000000","a":"W CARSON ST","m":"20th Ward - PITTSBURGH","u":"C","o":"individual","sf":4418,"v":4900}},{"type":"Feature","geometry":{"type":"Point","coordinates":[-80.05361,40.46407]},"properties":{"p":"0043S00009000000","a":"212 STANHOPE ST","m":"20th Ward - PITTSBURGH","u":"C","o":"corp","sf":9300,"v":35800}},{"type":"Feature","geometry":{"type":"Point","coordinates":[-80.05338,40.4642]},"properties":{"p":"0043S00080000000","a":"W CARSON ST","m":"20th Ward - PITTSBURGH","u":"C","o":"individual","sf":902,"v":500}},{"type":"Feature","geometry":{"type":"Point","coordinates":[-80.05357,40.46195]},"properties":{"p":"0042D00009000000","a":"TABOR ST","m":"20th Ward - PITTSBURGH","u":"C","o":"corp","sf":4615,"v":21900}},{"type":"Feature","geometry":{"type":"Point","coordinates":[-80.05244,40.46296]},"properties":{"p":"0043S00101000000","a":"3341 W CARSON ST","m":"20th Ward - PITTSBURGH","u":"C","o":"corp","sf":3200,"v":20500}},{"type":"Feature","geometry":{"type":"Point","coordinates":[-80.0524,40.4629]},"properties":{"p":"0043S00102000000","a":"3341 W CARSON ST","m":"20th Ward - PITTSBURGH","u":"C","o":"corp","sf":3200,"v":20500}},{"type":"Feature","geometry":{"type":"Point","coordinates":[-80.05337,40.46415]},"properties":{"p":"0043S00082000000","a":"W CARSON ST","m":"20th Ward - PITTSBURGH","u":"C","o":"corp","sf":4715,"v":5000}},{"type":"Feature","geometry":{"type":"Point","coordinates":[-80.05324,40.46413]},"properties":{"p":"0043S00083000000","a":"W CARSON ST","m":"20th Ward - PITTSBURGH","u":"C","o":"corp","sf":2163,"v":1100}},{"type":"Feature","geometry":{"type":"Point","coordinates":[-80.05296,40.46384]},"properties":{"p":"0043S00088000000","a":"W CARSON ST","m":"20th Ward - PITTSBURGH","u":"C","o":"corp","sf":1452,"v":16100}},{"type":"Feature","geometry":{"type":"Point","coordinates":[-80.05275,40.46339]},"properties":{"p":"0043S00093000000","a":"W CARSON ST","m":"20th Ward - PITTSBURGH","u":"C","o":"corp","sf":9518,"v":30000}},{"type":"Feature","geometry":{"type":"Point","coordinates":[-80.05249,40.46302]},"properties":{"p":"0043S00100000000","a":"3341 W CARSON ST","m":"20th Ward - PITTSBURGH","u":"C","o":"corp","sf":3175,"v":7900}},{"type":"Feature","geometry":{"type":"Point","coordinates":[-80.05797,40.45443]},"properties":{"p":"0042P00155000001","a":"2966 CHARTIERS AVE","m":"20th Ward - PITTSBURGH","u":"C","o":"corp","sf":20081,"v":45100}},{"type":"Feature","geometry":{"type":"Point","coordinates":[-80.0588,40.45458]},"properties":{"p":"0042P00161000000","a":"3010 CHARTIERS AVE","m":"20th Ward - PITTSBURGH","u":"C","o":"corp","sf":8600,"v":4000}},{"type":"Feature","geometry":{"type":"Point","coordinates":[-80.05897,40.45453]},"properties":{"p":"0042P00163000000","a":"3012 CHARTIERS AVE","m":"20th Ward - PITTSBURGH","u":"C","o":"corp","sf":4750,"v":5000}},{"type":"Feature","geometry":{"type":"Point","coordinates":[-80.05908,40.45448]},"properties":{"p":"0042P00164000000","a":"3016 CHARTIERS AVE","m":"20th Ward - PITTSBURGH","u":"C","o":"corp","sf":3000,"v":5000}},{"type":"Feature","geometry":{"type":"Point","coordinates":[-80.05945,40.45473]},"properties":{"p":"0042P00135000000","a":"ADON ST","m":"20th Ward - PITTSBURGH","u":"C","o":"individual","sf":9405,"v":7600}},{"type":"Feature","geometry":{"type":"Point","coordinates":[-80.05243,40.45319]},"properties":{"p":"0042S00060000000","a":"BRIDGELY ST","m":"20th Ward - PITTSBURGH","u":"C","o":"individual","sf":5840,"v":23800}},{"type":"Feature","geometry":{"type":"Point","coordinates":[-80.04485,40.4572]},"properties":{"p":"0021K00015000000","a":"W CARSON ST","m":"20th Ward - PITTSBURGH","u":"C","o":"corp","sf":4680,"v":24200}},{"type":"Feature","geometry":{"type":"Point","coordinates":[-80.04419,40.45681]},"properties":{"p":"0021K00027000000","a":"2641 W CARSON ST","m":"20th Ward - PITTSBURGH","u":"C","o":"corp","sf":13296,"v":6300}},{"type":"Feature","geometry":{"type":"Point","coordinates":[-80.04935,40.45977]},"properties":{"p":"0021E00001000000","a":"SANFORD ST","m":"20th Ward - PITTSBURGH","u":"C","o":"individual","sf":1600,"v":1800}},{"type":"Feature","geometry":{"type":"Point","coordinates":[-80.04932,40.45988]},"properties":{"p":"0021E00003000000","a":"SANFORD ST","m":"20th Ward - PITTSBURGH","u":"C","o":"individual","sf":1900,"v":2100}},{"type":"Feature","geometry":{"type":"Point","coordinates":[-80.04919,40.46055]},"properties":{"p":"0021A00005000000","a":"3104 FIELD WAY","m":"20th Ward - PITTSBURGH","u":"C","o":"corp","sf":1615,"v":1800}},{"type":"Feature","geometry":{"type":"Point","coordinates":[-80.04882,40.46033]},"properties":{"p":"0021A00012000000","a":"3019 E CARSON ST","m":"20th Ward - PITTSBURGH","u":"C","o":"corp","sf":2280,"v":2500}},{"type":"Feature","geometry":{"type":"Point","coordinates":[-80.04928,40.45992]},"properties":{"p":"0021E00004000000","a":"SANFORD ST","m":"20th Ward - PITTSBURGH","u":"C","o":"individual","sf":2000,"v":2200}},{"type":"Feature","geometry":{"type":"Point","coordinates":[-80.04831,40.45982]},"properties":{"p":"0021E00034000000","a":"EARL ST","m":"20th Ward - PITTSBURGH","u":"C","o":"individual","sf":3016,"v":3000}},{"type":"Feature","geometry":{"type":"Point","coordinates":[-80.049,40.4602]},"properties":{"p":"0021A00021000000","a":"SANFORD ST","m":"20th Ward - PITTSBURGH","u":"C","o":"corp","sf":1870,"v":600}},{"type":"Feature","geometry":{"type":"Point","coordinates":[-80.04906,40.46015]},"properties":{"p":"0021A00023000000","a":"SANFORD ST","m":"20th Ward - PITTSBURGH","u":"C","o":"corp","sf":3300,"v":3700}},{"type":"Feature","geometry":{"type":"Point","coordinates":[-80.04913,40.46007]},"properties":{"p":"0021A00025000000","a":"SANFORD ST","m":"20th Ward - PITTSBURGH","u":"C","o":"corp","sf":1200,"v":400}},{"type":"Feature","geometry":{"type":"Point","coordinates":[-80.04916,40.46004]},"properties":{"p":"0021A00027000000","a":"SANFORD ST","m":"20th Ward - PITTSBURGH","u":"C","o":"corp","sf":1200,"v":400}},{"type":"Feature","geometry":{"type":"Point","coordinates":[-80.04929,40.4606]},"properties":{"p":"0021A00003000000","a":"W CARSON ST","m":"20th Ward - PITTSBURGH","u":"C","o":"corp","sf":1615,"v":1800}},{"type":"Feature","geometry":{"type":"Point","coordinates":[-80.04924,40.46057]},"properties":{"p":"0021A00004000000","a":"3104 FIELD WAY","m":"20th Ward - PITTSBURGH","u":"C","o":"corp","sf":1520,"v":1750}},{"type":"Feature","geometry":{"type":"Point","coordinates":[-80.04253,40.45567]},"properties":{"p":"0021K00054000000","a":"W CARSON ST","m":"20th Ward - PITTSBURGH","u":"C","o":"corp","sf":2162,"v":900}},{"type":"Feature","geometry":{"type":"Point","coordinates":[-80.04595,40.45004]},"properties":{"p":"0020E00250000000","a":"CHARTIERS AVE","m":"20th Ward - PITTSBURGH","u":"C","o":"corp","sf":35719,"v":10000}},{"type":"Feature","geometry":{"type":"Point","coordinates":[-80.04805,40.4599]},"properties":{"p":"0021E00040000000","a":"W CARSON ST","m":"20th Ward - PITTSBURGH","u":"C","o":"individual","sf":2352,"v":3000}},{"type":"Feature","geometry":{"type":"Point","coordinates":[-80.04477,40.45066]},"properties":{"p":"0020B00040000000","a":"286 -300 CORLISS ST","m":"20th Ward - PITTSBURGH","u":"C","o":"corp","sf":9148,"v":10500}},{"type":"Feature","geometry":{"type":"Point","coordinates":[-80.04551,40.45061]},"properties":{"p":"0020A00094000000","a":"CHARTIERS AVE","m":"20th Ward - PITTSBURGH","u":"C","o":"corp","sf":4841,"v":11100}},{"type":"Feature","geometry":{"type":"Point","coordinates":[-80.04588,40.45069]},"properties":{"p":"0020A00096000000","a":"286 -300 CORLISS AVE","m":"20th Ward - PITTSBURGH","u":"C","o":"corp","sf":1973,"v":2300}},{"type":"Feature","geometry":{"type":"Point","coordinates":[-80.04082,40.45424]},"properties":{"p":"0021R00010000000","a":"2443 W CARSON ST","m":"20th Ward - PITTSBURGH","u":"C","o":"corp","sf":13070,"v":6100}},{"type":"Feature","geometry":{"type":"Point","coordinates":[-80.0407,40.45393]},"properties":{"p":"0021R00018000000","a":"W CARSON ST","m":"20th Ward - PITTSBURGH","u":"C","o":"individual","sf":7070,"v":17700}},{"type":"Feature","geometry":{"type":"Point","coordinates":[-80.04148,40.45158]},"properties":{"p":"0020B00092000000","a":"173 CORLISS ST","m":"20th Ward - PITTSBURGH","u":"C","o":"individual","sf":5000,"v":7500}},{"type":"Feature","geometry":{"type":"Point","coordinates":[-80.04161,40.4515]},"properties":{"p":"0020B00094000000","a":"173 CORLISS ST","m":"20th Ward - PITTSBURGH","u":"C","o":"individual","sf":4841,"v":7300}},{"type":"Feature","geometry":{"type":"Point","coordinates":[-80.04527,40.45782]},"properties":{"p":"0021F00001000000","a":"2707 W CARSON ST","m":"20th Ward - PITTSBURGH","u":"C","o":"individual","sf":1990,"v":2300}},{"type":"Feature","geometry":{"type":"Point","coordinates":[-80.0599,40.46484]},"properties":{"p":"0043P00097000000","a":"CHARTIERS AVE","m":"McKees Rocks","u":"C","o":"corp","sf":3600,"v":1000}},{"type":"Feature","geometry":{"type":"Point","coordinates":[-80.05943,40.46471]},"properties":{"p":"0043P00101000000","a":"CHARTIERS AVE","m":"McKees Rocks","u":"C","o":"corp","sf":15360,"v":37200}},{"type":"Feature","geometry":{"type":"Point","coordinates":[-80.05868,40.46581]},"properties":{"p":"0043K00106000000","a":"LOCUST ST","m":"McKees Rocks","u":"C","o":"corp","sf":8640,"v":19000}},{"type":"Feature","geometry":{"type":"Point","coordinates":[-80.05901,40.4654]},"properties":{"p":"0043K00135000000","a":"508 CHARTIERS AVE","m":"McKees Rocks","u":"C","o":"corp","sf":1769,"v":800}},{"type":"Feature","geometry":{"type":"Point","coordinates":[-80.05751,40.46791]},"properties":{"p":"0043F00300000000","a":"INTERMODAL ST","m":"McKees Rocks","u":"C","o":"individual","sf":535618,"v":436500}},{"type":"Feature","geometry":{"type":"Point","coordinates":[-80.05293,40.46539]},"properties":{"p":"0043M00025000000","a":"RIVER RD","m":"McKees Rocks","u":"C","o":"corp","sf":11135,"v":1800}},{"type":"Feature","geometry":{"type":"Point","coordinates":[-80.0599,40.46859]},"properties":{"p":"0043F00227000000","a":"ISLAND AVE","m":"McKees Rocks","u":"C","o":"individual","sf":3238,"v":13600}},{"type":"Feature","geometry":{"type":"Point","coordinates":[-80.05903,40.46513]},"properties":{"p":"0043K00168000000","a":"506 CHARTIERS AVE","m":"McKees Rocks","u":"C","o":"corp","sf":2400,"v":10400}},{"type":"Feature","geometry":{"type":"Point","coordinates":[-80.05896,40.46511]},"properties":{"p":"0043K00169000000","a":"506 CHARTIERS AVE","m":"McKees Rocks","u":"C","o":"corp","sf":2400,"v":10400}},{"type":"Feature","geometry":{"type":"Point","coordinates":[-80.05865,40.46513]},"properties":{"p":"0043K00173000000","a":"CHARTIERS AVE","m":"McKees Rocks","u":"C","o":"corp","sf":920,"v":7100}},{"type":"Feature","geometry":{"type":"Point","coordinates":[-80.05818,40.46446]},"properties":{"p":"0043P00122000000","a":"CHARTIERS AVE","m":"McKees Rocks","u":"C","o":"corp","sf":6460,"v":17300}},{"type":"Feature","geometry":{"type":"Point","coordinates":[-80.04918,40.46002]},"properties":{"p":"0021A00026000000","a":"SANFORD ST","m":"20th Ward - PITTSBURGH","u":"C","o":"corp","sf":1300,"v":400}},{"type":"Feature","geometry":{"type":"Point","coordinates":[-80.05948,40.45342]},"properties":{"p":"0042P00269000000","a":"NEWCOMER ST","m":"20th Ward - PITTSBURGH","u":"C","o":"individual","sf":10523,"v":15800}},{"type":"Feature","geometry":{"type":"Point","coordinates":[-80.0528,40.46358]},"properties":{"p":"0043S00091000000","a":"W CARSON ST","m":"20th Ward - PITTSBURGH","u":"C","o":"corp","sf":5330,"v":18000}},{"type":"Feature","geometry":{"type":"Point","coordinates":[-80.05524,40.45298]},"properties":{"p":"0042R00269000000","a":"701 -703 HILLSBORO ST","m":"20th Ward - PITTSBURGH","u":"C","o":"individual","sf":5105,"v":22700}},{"type":"Feature","geometry":{"type":"Point","coordinates":[-80.04936,40.45984]},"properties":{"p":"0021E00002000000","a":"SANFORD ST","m":"20th Ward - PITTSBURGH","u":"C","o":"individual","sf":1975,"v":2200}},{"type":"Feature","geometry":{"type":"Point","coordinates":[-80.04704,40.45917]},"properties":{"p":"0021E00055000000","a":"W CARSON ST","m":"20th Ward - PITTSBURGH","u":"C","o":"individual","sf":4400,"v":10100}},{"type":"Feature","geometry":{"type":"Point","coordinates":[-80.04465,40.45742]},"properties":{"p":"0021K00017000000","a":"W CARSON ST","m":"20th Ward - PITTSBURGH","u":"C","o":"corp","sf":6163,"v":27900}},{"type":"Feature","geometry":{"type":"Point","coordinates":[-80.04934,40.46064]},"properties":{"p":"0021A00002000000","a":"W CARSON ST","m":"20th Ward - PITTSBURGH","u":"C","o":"corp","sf":2256,"v":2700}},{"type":"Feature","geometry":{"type":"Point","coordinates":[-80.05692,40.45278]},"properties":{"p":"0042R00257000001","a":"832 HILLSBORO ST","m":"20th Ward - PITTSBURGH","u":"L","o":"corp","sf":3750,"v":2000}},{"type":"Feature","geometry":{"type":"Point","coordinates":[-80.05784,40.45879]},"properties":{"p":"0042G00310000000","a":"1071 ADON ST","m":"20th Ward - PITTSBURGH","u":"L","o":"corp","sf":3626,"v":12100}},{"type":"Feature","geometry":{"type":"Point","coordinates":[-80.05775,40.45875]},"properties":{"p":"0042G00311000000","a":"1071 ADON ST","m":"20th Ward - PITTSBURGH","u":"L","o":"individual","sf":3045,"v":11300}},{"type":"Feature","geometry":{"type":"Point","coordinates":[-80.05767,40.45872]},"properties":{"p":"0042G00312000000","a":"1071 ADON ST","m":"20th Ward - PITTSBURGH","u":"L","o":"corp","sf":2439,"v":1000}},{"type":"Feature","geometry":{"type":"Point","coordinates":[-80.05759,40.45868]},"properties":{"p":"0042G00313000000","a":"1071 ADON ST","m":"20th Ward - PITTSBURGH","u":"L","o":"corp","sf":1287,"v":8800}},{"type":"Feature","geometry":{"type":"Point","coordinates":[-80.05612,40.45818]},"properties":{"p":"0042G00332000000","a":"WYNCOTTE ST","m":"20th Ward - PITTSBURGH","u":"L","o":"individual","sf":4326,"v":6100}},{"type":"Feature","geometry":{"type":"Point","coordinates":[-80.05037,40.45437]},"properties":{"p":"0042S00304000000","a":"GLEN MAWR ST","m":"20th Ward - PITTSBURGH","u":"L","o":"individual","sf":3480,"v":11900}},{"type":"Feature","geometry":{"type":"Point","coordinates":[-80.05056,40.45474]},"properties":{"p":"0042S00309000000","a":"GLEN MAWR ST","m":"20th Ward - PITTSBURGH","u":"L","o":"corp","sf":2500,"v":1100}},{"type":"Feature","geometry":{"type":"Point","coordinates":[-80.05478,40.45063]},"properties":{"p":"0041C00304000000","a":"764 LITCHFIELD ST","m":"20th Ward - PITTSBURGH","u":"L","o":"individual","sf":5000,"v":8000}},{"type":"Feature","geometry":{"type":"Point","coordinates":[-80.05425,40.45061]},"properties":{"p":"0041C00313000000","a":"LITCHFIELD ST","m":"20th Ward - PITTSBURGH","u":"L","o":"individual","sf":5000,"v":8000}},{"type":"Feature","geometry":{"type":"Point","coordinates":[-80.05424,40.45075]},"properties":{"p":"0041C00316000000","a":"LITCHFIELD ST","m":"20th Ward - PITTSBURGH","u":"L","o":"individual","sf":5000,"v":8000}},{"type":"Feature","geometry":{"type":"Point","coordinates":[-80.05422,40.45093]},"properties":{"p":"0041C00318000000","a":"LITCHFIELD ST","m":"20th Ward - PITTSBURGH","u":"L","o":"individual","sf":5000,"v":8000}},{"type":"Feature","geometry":{"type":"Point","coordinates":[-80.05475,40.45016]},"properties":{"p":"0041G00225000000","a":"LITCHFIELD ST","m":"20th Ward - PITTSBURGH","u":"L","o":"individual","sf":8677,"v":8300}},{"type":"Feature","geometry":{"type":"Point","coordinates":[-80.0537,40.45024]},"properties":{"p":"0041G00238000000","a":"MUNICIPAL ST","m":"20th Ward - PITTSBURGH","u":"L","o":"corp","sf":2500,"v":4000}},{"type":"Feature","geometry":{"type":"Point","coordinates":[-80.0509,40.45904]},"properties":{"p":"0042H00281000000","a":"BRUNOT AVE","m":"20th Ward - PITTSBURGH","u":"L","o":"individual","sf":3000,"v":11200}},{"type":"Feature","geometry":{"type":"Point","coordinates":[-80.05382,40.4502]},"properties":{"p":"0041G00240000000","a":"MUNICIPAL ST","m":"20th Ward - PITTSBURGH","u":"L","o":"corp","sf":5000,"v":8000}},{"type":"Feature","geometry":{"type":"Point","coordinates":[-80.05055,40.4614]},"properties":{"p":"0042D00143000000","a":"W CARSON ST","m":"20th Ward - PITTSBURGH","u":"L","o":"individual","sf":1644,"v":700}},{"type":"Feature","geometry":{"type":"Point","coordinates":[-80.05083,40.46125]},"properties":{"p":"0042D00157000000","a":"3217 W CARSON ST","m":"20th Ward - PITTSBURGH","u":"L","o":"individual","sf":590,"v":300}},{"type":"Feature","geometry":{"type":"Point","coordinates":[-80.05309,40.45743]},"properties":{"p":"0042M00144000000","a":"GLEN MAWR ST","m":"20th Ward - PITTSBURGH","u":"L","o":"corp","sf":2500,"v":1100}},{"type":"Feature","geometry":{"type":"Point","coordinates":[-80.05072,40.46129]},"properties":{"p":"0042D00159000000","a":"3217 W CARSON ST","m":"20th Ward - PITTSBURGH","u":"L","o":"individual","sf":1440,"v":4300}},{"type":"Feature","geometry":{"type":"Point","coordinates":[-80.05699,40.45859]},"properties":{"p":"0042G00294000000","a":"SLOPE ST","m":"20th Ward - PITTSBURGH","u":"L","o":"individual","sf":2500,"v":10500}},{"type":"Feature","geometry":{"type":"Point","coordinates":[-80.04979,40.4575]},"properties":{"p":"0042M00335000000","a":"2938 SACRAMENTO AVE","m":"20th Ward - PITTSBURGH","u":"L","o":"individual","sf":2500,"v":3500}},{"type":"Feature","geometry":{"type":"Point","coordinates":[-80.0572,40.45881]},"properties":{"p":"0042G00299000000","a":"SLOPE ST","m":"20th Ward - PITTSBURGH","u":"L","o":"corp","sf":7500,"v":14200}},{"type":"Feature","geometry":{"type":"Point","coordinates":[-80.04968,40.45796]},"properties":{"p":"0042H00259000000","a":"BRUNOT AVE","m":"20th Ward - PITTSBURGH","u":"L","o":"individual","sf":3086,"v":11300}},{"type":"Feature","geometry":{"type":"Point","coordinates":[-80.05385,40.4576]},"properties":{"p":"0042G00037000000","a":"GLEN MAWR ST","m":"20th Ward - PITTSBURGH","u":"L","o":"corp","sf":2500,"v":1100}},{"type":"Feature","geometry":{"type":"Point","coordinates":[-80.0533,40.45766]},"properties":{"p":"0042H00016000000","a":"GLEN MAWR ST","m":"20th Ward - PITTSBURGH","u":"L","o":"individual","sf":2500,"v":10500}},{"type":"Feature","geometry":{"type":"Point","coordinates":[-80.05018,40.45369]},"properties":{"p":"0042S00276000000","a":"GLEN MAWR ST","m":"20th Ward - PITTSBURGH","u":"L","o":"individual","sf":2312,"v":800}},{"type":"Feature","geometry":{"type":"Point","coordinates":[-80.05378,40.45437]},"properties":{"p":"0042R00314000000","a":"2928 SHERADEN BLVD","m":"20th Ward - PITTSBURGH","u":"L","o":"corp","sf":4500,"v":33200}},{"type":"Feature","geometry":{"type":"Point","coordinates":[-80.05384,40.45492]},"properties":{"p":"0042R00322000000","a":"SHERADEN BLVD","m":"20th Ward - PITTSBURGH","u":"L","o":"corp","sf":2500,"v":1100}},{"type":"Feature","geometry":{"type":"Point","coordinates":[-80.04973,40.45677]},"properties":{"p":"0042M00326000000","a":"SACRAMENTO AVE","m":"20th Ward - PITTSBURGH","u":"L","o":"individual","sf":2608,"v":3700}},{"type":"Feature","geometry":{"type":"Point","coordinates":[-80.05315,40.45806]},"properties":{"p":"0042H00027000000","a":"MERWYN AVE","m":"20th Ward - PITTSBURGH","u":"L","o":"corp","sf":2500,"v":900}},{"type":"Feature","geometry":{"type":"Point","coordinates":[-80.05321,40.45812]},"properties":{"p":"0042H00028000000","a":"MERWYN AVE","m":"20th Ward - PITTSBURGH","u":"L","o":"corp","sf":2500,"v":1100}},{"type":"Feature","geometry":{"type":"Point","coordinates":[-80.05726,40.45383]},"properties":{"p":"0042R00137000000","a":"2927 CHARTIERS AVE","m":"20th Ward - PITTSBURGH","u":"L","o":"corp","sf":7500,"v":7200}},{"type":"Feature","geometry":{"type":"Point","coordinates":[-80.0571,40.4538]},"properties":{"p":"0042R00139000000","a":"2927 CHARTIERS AVE","m":"20th Ward - PITTSBURGH","u":"L","o":"corp","sf":7500,"v":7200}},{"type":"Feature","geometry":{"type":"Point","coordinates":[-80.05377,40.45106]},"properties":{"p":"0041C00348000000","a":"SWANEY ST","m":"20th Ward - PITTSBURGH","u":"L","o":"individual","sf":5000,"v":6000}},{"type":"Feature","geometry":{"type":"Point","coordinates":[-80.05394,40.45051]},"properties":{"p":"0041C00353000000","a":"MUNICIPAL ST","m":"20th Ward - PITTSBURGH","u":"L","o":"corp","sf":14896,"v":5000}},{"type":"Feature","geometry":{"type":"Point","coordinates":[-80.05358,40.45182]},"properties":{"p":"0041D00002000000","a":"2706 TOLEDO ST","m":"20th Ward - PITTSBURGH","u":"L","o":"individual","sf":4450,"v":12000}},{"type":"Feature","geometry":{"type":"Point","coordinates":[-80.05334,40.45136]},"properties":{"p":"0041D00004000000","a":"MUNICIPAL ST","m":"20th Ward - PITTSBURGH","u":"L","o":"individual","sf":6632,"v":2100}},{"type":"Feature","geometry":{"type":"Point","coordinates":[-80.05271,40.4516]},"properties":{"p":"0041D00033000000","a":"715 MUNICIPAL ST","m":"20th Ward - PITTSBURGH","u":"L","o":"individual","sf":1000,"v":1000}},{"type":"Feature","geometry":{"type":"Point","coordinates":[-80.05319,40.45171]},"properties":{"p":"0041D00008000000","a":"MUNICIPAL ST","m":"20th Ward - PITTSBURGH","u":"L","o":"individual","sf":7896,"v":500}},{"type":"Feature","geometry":{"type":"Point","coordinates":[-80.05324,40.45211]},"properties":{"p":"0041D00019000000","a":"CHARTIERS AVE","m":"20th Ward - PITTSBURGH","u":"L","o":"corp","sf":5484,"v":8000}},{"type":"Feature","geometry":{"type":"Point","coordinates":[-80.05012,40.46086]},"properties":{"p":"0042D00198000000","a":"SAGINAW ST","m":"20th Ward - PITTSBURGH","u":"L","o":"individual","sf":1500,"v":19500}},{"type":"Feature","geometry":{"type":"Point","coordinates":[-80.05025,40.46073]},"properties":{"p":"0042D00202000000","a":"SAGINAW ST","m":"20th Ward - PITTSBURGH","u":"L","o":"corp","sf":3300,"v":1300}},{"type":"Feature","geometry":{"type":"Point","coordinates":[-80.05031,40.46068]},"properties":{"p":"0042D00203000000","a":"SAGINAW ST","m":"20th Ward - PITTSBURGH","u":"L","o":"corp","sf":1670,"v":700}},{"type":"Feature","geometry":{"type":"Point","coordinates":[-80.05035,40.46064]},"properties":{"p":"0042D00204000000","a":"SAGINAW ST","m":"20th Ward - PITTSBURGH","u":"L","o":"corp","sf":2500,"v":1000}},{"type":"Feature","geometry":{"type":"Point","coordinates":[-80.05046,40.46053]},"properties":{"p":"0042D00206000000","a":"SAGINAW ST","m":"20th Ward - PITTSBURGH","u":"L","o":"corp","sf":2500,"v":1000}},{"type":"Feature","geometry":{"type":"Point","coordinates":[-80.05052,40.46048]},"properties":{"p":"0042D00207000000","a":"SAGINAW ST","m":"20th Ward - PITTSBURGH","u":"L","o":"corp","sf":2500,"v":1000}},{"type":"Feature","geometry":{"type":"Point","coordinates":[-80.05073,40.46076]},"properties":{"p":"0042D00210000000","a":"FRUSTUM ST","m":"20th Ward - PITTSBURGH","u":"L","o":"corp","sf":1666,"v":700}},{"type":"Feature","geometry":{"type":"Point","coordinates":[-80.05028,40.45498]},"properties":{"p":"0042S00321000000","a":"MERWYN AVE","m":"20th Ward - PITTSBURGH","u":"L","o":"corp","sf":2500,"v":1100}},{"type":"Feature","geometry":{"type":"Point","coordinates":[-80.05024,40.45492]},"properties":{"p":"0042S00322000000","a":"MERWYN AVE","m":"20th Ward - PITTSBURGH","u":"L","o":"individual","sf":2500,"v":10500}},{"type":"Feature","geometry":{"type":"Point","coordinates":[-80.04979,40.46055]},"properties":{"p":"0042D00195000A00","a":"SAGINAW ST","m":"20th Ward - PITTSBURGH","u":"L","o":"individual","sf":1585,"v":700}},{"type":"Feature","geometry":{"type":"Point","coordinates":[-80.05988,40.45601]},"properties":{"p":"0042K00062000000","a":"FAIRDALE ST","m":"20th Ward - PITTSBURGH","u":"L","o":"corp","sf":2750,"v":1100}},{"type":"Feature","geometry":{"type":"Point","coordinates":[-80.05837,40.4595]},"properties":{"p":"0042F00211000000","a":"SLOPE ST","m":"20th Ward - PITTSBURGH","u":"L","o":"corp","sf":3015,"v":4200}},{"type":"Feature","geometry":{"type":"Point","coordinates":[-80.05585,40.45818]},"properties":{"p":"0042G00335000000","a":"WYNCOTTE ST","m":"20th Ward - PITTSBURGH","u":"L","o":"individual","sf":1725,"v":2400}},{"type":"Feature","geometry":{"type":"Point","coordinates":[-80.05569,40.45795]},"properties":{"p":"0042G00339000000","a":"3233 ASHLYN ST","m":"20th Ward - PITTSBURGH","u":"L","o":"individual","sf":5170,"v":14000}},{"type":"Feature","geometry":{"type":"Point","coordinates":[-80.05355,40.45793]},"properties":{"p":"0042H00010000000","a":"3044 GLEN MAWR ST","m":"20th Ward - PITTSBURGH","u":"L","o":"individual","sf":2500,"v":900}},{"type":"Feature","geometry":{"type":"Point","coordinates":[-80.05014,40.4593]},"properties":{"p":"0042H00324000002","a":"GILROY ST","m":"20th Ward - PITTSBURGH","u":"L","o":"corp","sf":14941,"v":14900}},{"type":"Feature","geometry":{"type":"Point","coordinates":[-80.05381,40.45083]},"properties":{"p":"0041C00347000000","a":"MUNICIPAL ST","m":"20th Ward - PITTSBURGH","u":"L","o":"individual","sf":9537,"v":16400}},{"type":"Feature","geometry":{"type":"Point","coordinates":[-80.05978,40.4558]},"properties":{"p":"0042K00057000000","a":"JEAN ST","m":"20th Ward - PITTSBURGH","u":"L","o":"corp","sf":2500,"v":10500}},{"type":"Feature","geometry":{"type":"Point","coordinates":[-80.05644,40.46007]},"properties":{"p":"0042C00018000000","a":"STADIUM ST","m":"20th Ward - PITTSBURGH","u":"L","o":"corp","sf":2500,"v":1100}},{"type":"Feature","geometry":{"type":"Point","coordinates":[-80.05068,40.46081]},"properties":{"p":"0042D00211000000","a":"FRUSTUM ST","m":"20th Ward - PITTSBURGH","u":"L","o":"corp","sf":3300,"v":9900}},{"type":"Feature","geometry":{"type":"Point","coordinates":[-80.05102,40.46114]},"properties":{"p":"0042D00219000000","a":"FRUSTUM ST","m":"20th Ward - PITTSBURGH","u":"L","o":"corp","sf":1595,"v":19800}},{"type":"Feature","geometry":{"type":"Point","coordinates":[-80.05117,40.46099]},"properties":{"p":"0042D00222000000","a":"FRUSTUM ST","m":"20th Ward - PITTSBURGH","u":"L","o":"individual","sf":5500,"v":15000}},{"type":"Feature","geometry":{"type":"Point","coordinates":[-80.05124,40.46091]},"properties":{"p":"0042D00223000000","a":"FRUSTUM ST","m":"20th Ward - PITTSBURGH","u":"L","o":"individual","sf":2750,"v":1100}},{"type":"Feature","geometry":{"type":"Point","coordinates":[-80.05132,40.46122]},"properties":{"p":"0042D00225000000","a":"SLOAN ST","m":"20th Ward - PITTSBURGH","u":"L","o":"individual","sf":2315,"v":7000}},{"type":"Feature","geometry":{"type":"Point","coordinates":[-80.05142,40.46124]},"properties":{"p":"0042D00226000000","a":"SLOAN ST","m":"20th Ward - PITTSBURGH","u":"L","o":"individual","sf":3321,"v":1300}},{"type":"Feature","geometry":{"type":"Point","coordinates":[-80.05161,40.4613]},"properties":{"p":"0042D00228000000","a":"SLOAN ST","m":"20th Ward - PITTSBURGH","u":"L","o":"individual","sf":3625,"v":10900}},{"type":"Feature","geometry":{"type":"Point","coordinates":[-80.04999,40.46102]},"properties":{"p":"0042D00167000000","a":"W CARSON ST","m":"20th Ward - PITTSBURGH","u":"L","o":"individual","sf":1748,"v":4000}},{"type":"Feature","geometry":{"type":"Point","coordinates":[-80.04951,40.46074]},"properties":{"p":"0042D00175000000","a":"W CARSON ST","m":"20th Ward - PITTSBURGH","u":"L","o":"individual","sf":4418,"v":13300}},{"type":"Feature","geometry":{"type":"Point","coordinates":[-80.04952,40.46045]},"properties":{"p":"0042D00179000000","a":"SANFORD ST","m":"20th Ward - PITTSBURGH","u":"L","o":"individual","sf":2200,"v":900}},{"type":"Feature","geometry":{"type":"Point","coordinates":[-80.05161,40.45467]},"properties":{"p":"0042S00239000000","a":"ZEPHYR AVE","m":"20th Ward - PITTSBURGH","u":"L","o":"individual","sf":2500,"v":900}},{"type":"Feature","geometry":{"type":"Point","coordinates":[-80.05173,40.45472]},"properties":{"p":"0042S00241000000","a":"ZEPHYR AVE","m":"20th Ward - PITTSBURGH","u":"L","o":"individual","sf":3409,"v":11800}},{"type":"Feature","geometry":{"type":"Point","coordinates":[-80.05792,40.45883]},"properties":{"p":"0042F00200000000","a":"1071 ADON ST","m":"20th Ward - PITTSBURGH","u":"L","o":"corp","sf":4246,"v":12900}},{"type":"Feature","geometry":{"type":"Point","coordinates":[-80.05243,40.45609]},"properties":{"p":"0042M00084000000","a":"GLEN MAWR ST","m":"20th Ward - PITTSBURGH","u":"L","o":"individual","sf":5000,"v":3500}},{"type":"Feature","geometry":{"type":"Point","coordinates":[-80.0522,40.45584]},"properties":{"p":"0042M00089000000","a":"GLEN MAWR ST","m":"20th Ward - PITTSBURGH","u":"L","o":"corp","sf":2500,"v":3500}},{"type":"Feature","geometry":{"type":"Point","coordinates":[-80.05115,40.45353]},"properties":{"p":"0042S00182000000","a":"ZEPHYR AVE","m":"20th Ward - PITTSBURGH","u":"L","o":"corp","sf":5000,"v":14000}},{"type":"Feature","geometry":{"type":"Point","coordinates":[-80.05107,40.45331]},"properties":{"p":"0042S00184000000","a":"ZEPHYR AVE","m":"20th Ward - PITTSBURGH","u":"L","o":"corp","sf":5540,"v":14100}},{"type":"Feature","geometry":{"type":"Point","coordinates":[-80.05346,40.46374]},"properties":{"p":"0043S00020000000","a":"SAGAMORE ST","m":"20th Ward - PITTSBURGH","u":"L","o":"individual","sf":6000,"v":2200}},{"type":"Feature","geometry":{"type":"Point","coordinates":[-80.05362,40.46369]},"properties":{"p":"0043S00022000000","a":"SAGAMORE ST","m":"20th Ward - PITTSBURGH","u":"L","o":"individual","sf":6000,"v":30100}},{"type":"Feature","geometry":{"type":"Point","coordinates":[-80.05344,40.46327]},"properties":{"p":"0043S00026000000","a":"SAGAMORE ST","m":"20th Ward - PITTSBURGH","u":"L","o":"corp","sf":3000,"v":24000}},{"type":"Feature","geometry":{"type":"Point","coordinates":[-80.05315,40.46337]},"properties":{"p":"0043S00029000000","a":"SAGAMORE ST","m":"20th Ward - PITTSBURGH","u":"L","o":"corp","sf":6000,"v":30100}},{"type":"Feature","geometry":{"type":"Point","coordinates":[-80.05573,40.45908]},"properties":{"p":"0042G00237000000","a":"BOSTWICK ST","m":"20th Ward - PITTSBURGH","u":"L","o":"individual","sf":4000,"v":12600}},{"type":"Feature","geometry":{"type":"Point","coordinates":[-80.05378,40.45633]},"properties":{"p":"0042L00045000000","a":"ZEPHYR AVE","m":"20th Ward - PITTSBURGH","u":"L","o":"corp","sf":2725,"v":900}},{"type":"Feature","geometry":{"type":"Point","coordinates":[-80.05155,40.45904]},"properties":{"p":"0042H00220000000","a":"3110 SACRAMENTO AVE","m":"20th Ward - PITTSBURGH","u":"L","o":"individual","sf":5286,"v":14000}},{"type":"Feature","geometry":{"type":"Point","coordinates":[-80.05128,40.45886]},"properties":{"p":"0042H00224000000","a":"SACRAMENTO AVE","m":"20th Ward - PITTSBURGH","u":"L","o":"individual","sf":4500,"v":13300}},{"type":"Feature","geometry":{"type":"Point","coordinates":[-80.05415,40.45621]},"properties":{"p":"0042L00063000000","a":"BERGMAN ST","m":"20th Ward - PITTSBURGH","u":"L","o":"corp","sf":4500,"v":13300}},{"type":"Feature","geometry":{"type":"Point","coordinates":[-80.05273,40.4552]},"properties":{"p":"0042M00022000000","a":"ZEPHYR AVE","m":"20th Ward - PITTSBURGH","u":"L","o":"individual","sf":8175,"v":14300}},{"type":"Feature","geometry":{"type":"Point","coordinates":[-80.0558,40.45131]},"properties":{"p":"0041C00233000000","a":"FRONTENAC ST","m":"20th Ward - PITTSBURGH","u":"L","o":"individual","sf":2500,"v":900}},{"type":"Feature","geometry":{"type":"Point","coordinates":[-80.05572,40.45124]},"properties":{"p":"0041C00234000000","a":"FRONTENAC ST","m":"20th Ward - PITTSBURGH","u":"L","o":"individual","sf":5000,"v":8000}},{"type":"Feature","geometry":{"type":"Point","coordinates":[-80.05545,40.45184]},"properties":{"p":"0041C00244000000","a":"WENZELL AVE","m":"20th Ward - PITTSBURGH","u":"L","o":"individual","sf":5500,"v":16100}},{"type":"Feature","geometry":{"type":"Point","coordinates":[-80.0555,40.45142]},"properties":{"p":"0041C00251000000","a":"STRAKA ST","m":"20th Ward - PITTSBURGH","u":"L","o":"individual","sf":13282,"v":16800}},{"type":"Feature","geometry":{"type":"Point","coordinates":[-80.05082,40.45676]},"properties":{"p":"0042M00257000001","a":"STAFFORD ST","m":"20th Ward - PITTSBURGH","u":"L","o":"corp","sf":2500,"v":3500}},{"type":"Feature","geometry":{"type":"Point","coordinates":[-80.05066,40.4566]},"properties":{"p":"0042M00260000000","a":"STAFFORD ST","m":"20th Ward - PITTSBURGH","u":"L","o":"individual","sf":2500,"v":3500}},{"type":"Feature","geometry":{"type":"Point","coordinates":[-80.05521,40.46111]},"properties":{"p":"0042C00212000000","a":"TABOR ST","m":"20th Ward - PITTSBURGH","u":"L","o":"individual","sf":2500,"v":22500}},{"type":"Feature","geometry":{"type":"Point","coordinates":[-80.05338,40.46203]},"properties":{"p":"0042D00007000001","a":"TABOR ST","m":"20th Ward - PITTSBURGH","u":"L","o":"individual","sf":4171,"v":6400}},{"type":"Feature","geometry":{"type":"Point","coordinates":[-80.05313,40.45683]},"properties":{"p":"0042M00070000000","a":"GLEN MAWR ST","m":"20th Ward - PITTSBURGH","u":"L","o":"corp","sf":2500,"v":1100}},{"type":"Feature","geometry":{"type":"Point","coordinates":[-80.05287,40.4564]},"properties":{"p":"0042M00076000000","a":"MINTON ST","m":"20th Ward - PITTSBURGH","u":"L","o":"corp","sf":2500,"v":10500}},{"type":"Feature","geometry":{"type":"Point","coordinates":[-80.05277,40.45645]},"properties":{"p":"0042M00077000000","a":"MINTON ST","m":"20th Ward - PITTSBURGH","u":"L","o":"corp","sf":2500,"v":900}},{"type":"Feature","geometry":{"type":"Point","coordinates":[-80.05328,40.46161]},"properties":{"p":"0042D00014000000","a":"OREGON ST","m":"20th Ward - PITTSBURGH","u":"L","o":"individual","sf":3375,"v":25100}},{"type":"Feature","geometry":{"type":"Point","coordinates":[-80.05858,40.45405]},"properties":{"p":"0042P00306000000","a":"3007 CHARTIERS AVE","m":"20th Ward - PITTSBURGH","u":"L","o":"individual","sf":8236,"v":14300}},{"type":"Feature","geometry":{"type":"Point","coordinates":[-80.05558,40.45877]},"properties":{"p":"0042G00222000000","a":"WYNCOTTE ST","m":"20th Ward - PITTSBURGH","u":"L","o":"individual","sf":5000,"v":14000}},{"type":"Feature","geometry":{"type":"Point","coordinates":[-80.05585,40.45858]},"properties":{"p":"0042G00226000000","a":"MOTOR ST","m":"20th Ward - PITTSBURGH","u":"L","o":"individual","sf":2250,"v":10200}},{"type":"Feature","geometry":{"type":"Point","coordinates":[-80.0559,40.45863]},"properties":{"p":"0042G00227000000","a":"MOTOR ST","m":"20th Ward - PITTSBURGH","u":"L","o":"individual","sf":2250,"v":10200}},{"type":"Feature","geometry":{"type":"Point","coordinates":[-80.05615,40.45888]},"properties":{"p":"0042G00233000000","a":"MOTOR ST","m":"20th Ward - PITTSBURGH","u":"L","o":"corp","sf":6750,"v":14200}},{"type":"Feature","geometry":{"type":"Point","coordinates":[-80.05244,40.45971]},"properties":{"p":"0042H00206000000","a":"SACRAMENTO AVE","m":"20th Ward - PITTSBURGH","u":"L","o":"corp","sf":2500,"v":3500}},{"type":"Feature","geometry":{"type":"Point","coordinates":[-80.05227,40.46195]},"properties":{"p":"0042D00053000000","a":"WALCOTT ST","m":"20th Ward - PITTSBURGH","u":"L","o":"individual","sf":3000,"v":24000}},{"type":"Feature","geometry":{"type":"Point","coordinates":[-80.05242,40.46239]},"properties":{"p":"0042D00064000000","a":"TABOR ST","m":"20th Ward - PITTSBURGH","u":"L","o":"individual","sf":3025,"v":6400}},{"type":"Feature","geometry":{"type":"Point","coordinates":[-80.05175,40.46226]},"properties":{"p":"0042D00079000100","a":"W CARSON ST","m":"20th Ward - PITTSBURGH","u":"L","o":"corp","sf":1568,"v":19700}},{"type":"Feature","geometry":{"type":"Point","coordinates":[-80.05186,40.46232]},"properties":{"p":"0042D00080000000","a":"3313 W CARSON ST","m":"20th Ward - PITTSBURGH","u":"L","o":"corp","sf":3614,"v":25800}},{"type":"Feature","geometry":{"type":"Point","coordinates":[-80.05083,40.45369]},"properties":{"p":"0042S00223000000","a":"ZEPHYR AVE","m":"20th Ward - PITTSBURGH","u":"L","o":"corp","sf":5662,"v":7100}},{"type":"Feature","geometry":{"type":"Point","coordinates":[-80.05208,40.46255]},"properties":{"p":"0043S00107000000","a":"3313 W CARSON ST","m":"20th Ward - PITTSBURGH","u":"L","o":"corp","sf":3094,"v":9300}},{"type":"Feature","geometry":{"type":"Point","coordinates":[-80.05648,40.45134]},"properties":{"p":"0041C00218000000","a":"FRONTENAC ST","m":"20th Ward - PITTSBURGH","u":"L","o":"individual","sf":2500,"v":4000}},{"type":"Feature","geometry":{"type":"Point","coordinates":[-80.05615,40.45163]},"properties":{"p":"0041C00227000000","a":"FRONTENAC ST","m":"20th Ward - PITTSBURGH","u":"L","o":"individual","sf":2500,"v":1500}},{"type":"Feature","geometry":{"type":"Point","coordinates":[-80.05357,40.45675]},"properties":{"p":"0042M00055000000","a":"ZEPHYR AVE","m":"20th Ward - PITTSBURGH","u":"L","o":"corp","sf":2500,"v":900}},{"type":"Feature","geometry":{"type":"Point","coordinates":[-80.05343,40.45716]},"properties":{"p":"0042M00064000000","a":"GLEN MAWR ST","m":"20th Ward - PITTSBURGH","u":"L","o":"individual","sf":2500,"v":900}},{"type":"Feature","geometry":{"type":"Point","coordinates":[-80.05473,40.45108]},"properties":{"p":"0041C00297000000","a":"LITCHFIELD ST","m":"20th Ward - PITTSBURGH","u":"L","o":"corp","sf":3100,"v":5000}},{"type":"Feature","geometry":{"type":"Point","coordinates":[-80.05527,40.45022]},"properties":{"p":"0041G00211000000","a":"2725 FRONTENAC ST","m":"20th Ward - PITTSBURGH","u":"L","o":"individual","sf":5000,"v":8000}},{"type":"Feature","geometry":{"type":"Point","coordinates":[-80.05518,40.45014]},"properties":{"p":"0041G00212000000","a":"2725 FRONTENAC ST","m":"20th Ward - PITTSBURGH","u":"L","o":"individual","sf":2500,"v":4000}},{"type":"Feature","geometry":{"type":"Point","coordinates":[-80.05586,40.46224]},"properties":{"p":"0042C00191000000","a":"STAFFORD ST","m":"20th Ward - PITTSBURGH","u":"L","o":"corp","sf":4500,"v":28500}},{"type":"Feature","geometry":{"type":"Point","coordinates":[-80.0558,40.46217]},"properties":{"p":"0042C00192000000","a":"STAFFORD ST","m":"20th Ward - PITTSBURGH","u":"L","o":"individual","sf":1100,"v":3300}},{"type":"Feature","geometry":{"type":"Point","coordinates":[-80.05573,40.46204]},"properties":{"p":"0042C00194000000","a":"STAFFORD ST","m":"20th Ward - PITTSBURGH","u":"L","o":"corp","sf":2187,"v":900}},{"type":"Feature","geometry":{"type":"Point","coordinates":[-80.04985,40.45637]},"properties":{"p":"0042M00289000000","a":"STAFFORD ST","m":"20th Ward - PITTSBURGH","u":"L","o":"individual","sf":2500,"v":10500}},{"type":"Feature","geometry":{"type":"Point","coordinates":[-80.05005,40.45659]},"properties":{"p":"0042M00293000000","a":"STAFFORD ST","m":"20th Ward - PITTSBURGH","u":"L","o":"individual","sf":2500,"v":3500}},{"type":"Feature","geometry":{"type":"Point","coordinates":[-80.05643,40.45931]},"properties":{"p":"0042G00268000000","a":"GLEN MAWR ST","m":"20th Ward - PITTSBURGH","u":"L","o":"individual","sf":5940,"v":1900}},{"type":"Feature","geometry":{"type":"Point","coordinates":[-80.05675,40.45896]},"properties":{"p":"0042G00278000000","a":"MOTOR ST","m":"20th Ward - PITTSBURGH","u":"L","o":"individual","sf":2500,"v":3500}},{"type":"Feature","geometry":{"type":"Point","coordinates":[-80.05278,40.45472]},"properties":{"p":"0042S00145000000","a":"2812 BERGMAN ST","m":"20th Ward - PITTSBURGH","u":"L","o":"individual","sf":1030,"v":1400}},{"type":"Feature","geometry":{"type":"Point","coordinates":[-80.0547,40.46304]},"properties":{"p":"0043R00186000000","a":"OREGON ST","m":"20th Ward - PITTSBURGH","u":"L","o":"individual","sf":3000,"v":9000}},{"type":"Feature","geometry":{"type":"Point","coordinates":[-80.05543,40.46178]},"properties":{"p":"0042C00203000000","a":"TABOR ST","m":"20th Ward - PITTSBURGH","u":"L","o":"individual","sf":2750,"v":23300}},{"type":"Feature","geometry":{"type":"Point","coordinates":[-80.05049,40.45315]},"properties":{"p":"0042S00195000000","a":"ZEPHYR AVE","m":"20th Ward - PITTSBURGH","u":"L","o":"individual","sf":5600,"v":7000}},{"type":"Feature","geometry":{"type":"Point","coordinates":[-80.05193,40.45879]},"properties":{"p":"0042H00168000000","a":"SACRAMENTO AVE","m":"20th Ward - PITTSBURGH","u":"L","o":"individual","sf":2166,"v":800}},{"type":"Feature","geometry":{"type":"Point","coordinates":[-80.05214,40.45892]},"properties":{"p":"0042H00171000000","a":"3121 SACRAMENTO AVE","m":"20th Ward - PITTSBURGH","u":"L","o":"individual","sf":2550,"v":3600}},{"type":"Feature","geometry":{"type":"Point","coordinates":[-80.05019,40.45307]},"properties":{"p":"0042S00200000000","a":"ZEPHYR AVE","m":"20th Ward - PITTSBURGH","u":"L","o":"corp","sf":2968,"v":1100}},{"type":"Feature","geometry":{"type":"Point","coordinates":[-80.04968,40.45292]},"properties":{"p":"0042S00206000000","a":"2709 ZEPHYR AVE","m":"20th Ward - PITTSBURGH","u":"L","o":"individual","sf":2200,"v":800}},{"type":"Feature","geometry":{"type":"Point","coordinates":[-80.05292,40.46378]},"properties":{"p":"0043S00089000000","a":"W CARSON ST","m":"20th Ward - PITTSBURGH","u":"L","o":"corp","sf":1654,"v":700}},{"type":"Feature","geometry":{"type":"Point","coordinates":[-80.05312,40.46374]},"properties":{"p":"0043S00090000000","a":"SAGAMORE ST","m":"20th Ward - PITTSBURGH","u":"L","o":"individual","sf":2295,"v":6900}},{"type":"Feature","geometry":{"type":"Point","coordinates":[-80.0567,40.45891]},"properties":{"p":"0042G00279000000","a":"MOTOR ST","m":"20th Ward - PITTSBURGH","u":"L","o":"individual","sf":2500,"v":3500}},{"type":"Feature","geometry":{"type":"Point","coordinates":[-80.05679,40.45852]},"properties":{"p":"0042G00292000000","a":"MENGES ST","m":"20th Ward - PITTSBURGH","u":"L","o":"individual","sf":7535,"v":14200}},{"type":"Feature","geometry":{"type":"Point","coordinates":[-80.05011,40.45783]},"properties":{"p":"0042H00244000000","a":"SACRAMENTO AVE","m":"20th Ward - PITTSBURGH","u":"L","o":"individual","sf":2500,"v":10500}},{"type":"Feature","geometry":{"type":"Point","coordinates":[-80.05269,40.45937]},"properties":{"p":"0042H00184000000","a":"SACRAMENTO AVE","m":"20th Ward - PITTSBURGH","u":"L","o":"corp","sf":5050,"v":14000}},{"type":"Feature","geometry":{"type":"Point","coordinates":[-80.0496,40.4529]},"properties":{"p":"0042S00207000000","a":"ZEPHYR AVE","m":"20th Ward - PITTSBURGH","u":"L","o":"corp","sf":2200,"v":800}},{"type":"Feature","geometry":{"type":"Point","coordinates":[-80.04952,40.45287]},"properties":{"p":"0042S00208000000","a":"GLEN MAWR ST","m":"20th Ward - PITTSBURGH","u":"L","o":"corp","sf":2125,"v":700}},{"type":"Feature","geometry":{"type":"Point","coordinates":[-80.05538,40.45032]},"properties":{"p":"0041C00199000000","a":"FRONTENAC ST","m":"20th Ward - PITTSBURGH","u":"L","o":"individual","sf":3700,"v":13900}},{"type":"Feature","geometry":{"type":"Point","coordinates":[-80.05576,40.45068]},"properties":{"p":"0041C00205000000","a":"2811 FRONTENAC ST","m":"20th Ward - PITTSBURGH","u":"L","o":"individual","sf":5000,"v":1600}},{"type":"Feature","geometry":{"type":"Point","coordinates":[-80.05511,40.45066]},"properties":{"p":"0041C00255000000","a":"STRAKA WAY","m":"20th Ward - PITTSBURGH","u":"L","o":"individual","sf":1300,"v":500}},{"type":"Feature","geometry":{"type":"Point","coordinates":[-80.05519,40.45073]},"properties":{"p":"0041C00256000000","a":"STRAKA WAY","m":"20th Ward - PITTSBURGH","u":"L","o":"individual","sf":2700,"v":2200}},{"type":"Feature","geometry":{"type":"Point","coordinates":[-80.05513,40.45124]},"properties":{"p":"0041C00263000000","a":"STRAKA ST","m":"20th Ward - PITTSBURGH","u":"L","o":"individual","sf":10000,"v":3700}},{"type":"Feature","geometry":{"type":"Point","coordinates":[-80.05511,40.45144]},"properties":{"p":"0041C00267000000","a":"728 ANOKA WAY","m":"20th Ward - PITTSBURGH","u":"L","o":"individual","sf":5000,"v":8000}},{"type":"Feature","geometry":{"type":"Point","coordinates":[-80.05501,40.46144]},"properties":{"p":"0042C00172000000","a":"TABOR ST","m":"20th Ward - PITTSBURGH","u":"L","o":"individual","sf":5500,"v":6400}},{"type":"Feature","geometry":{"type":"Point","coordinates":[-80.05524,40.46184]},"properties":{"p":"0042C00174000000","a":"TABOR ST","m":"20th Ward - PITTSBURGH","u":"L","o":"individual","sf":5500,"v":30100}},{"type":"Feature","geometry":{"type":"Point","coordinates":[-80.05503,40.46191]},"properties":{"p":"0042C00177000000","a":"TABOR ST","m":"20th Ward - PITTSBURGH","u":"L","o":"corp","sf":2750,"v":23300}},{"type":"Feature","geometry":{"type":"Point","coordinates":[-80.05579,40.46214]},"properties":{"p":"0042C00190000000","a":"219 STAFFORD ST","m":"20th Ward - PITTSBURGH","u":"L","o":"individual","sf":1100,"v":3300}},{"type":"Feature","geometry":{"type":"Point","coordinates":[-80.05045,40.45637]},"properties":{"p":"0042M00264000000","a":"STAFFORD ST","m":"20th Ward - PITTSBURGH","u":"L","o":"individual","sf":2500,"v":900}},{"type":"Feature","geometry":{"type":"Point","coordinates":[-80.0502,40.4561]},"properties":{"p":"0042M00269000000","a":"STAFFORD ST","m":"20th Ward - PITTSBURGH","u":"L","o":"corp","sf":2500,"v":900}},{"type":"Feature","geometry":{"type":"Point","coordinates":[-80.04962,40.45567]},"properties":{"p":"0042M00277000000","a":"STAFFORD ST","m":"20th Ward - PITTSBURGH","u":"L","o":"individual","sf":2054,"v":2900}},{"type":"Feature","geometry":{"type":"Point","coordinates":[-80.0528,40.46178]},"properties":{"p":"0042D00037000000","a":"WALCOTT ST","m":"20th Ward - PITTSBURGH","u":"L","o":"individual","sf":3000,"v":1200}},{"type":"Feature","geometry":{"type":"Point","coordinates":[-80.05283,40.46184]},"properties":{"p":"0042D00038000000","a":"WALCOTT ST","m":"20th Ward - PITTSBURGH","u":"L","o":"individual","sf":3000,"v":24000}},{"type":"Feature","geometry":{"type":"Point","coordinates":[-80.05287,40.4619]},"properties":{"p":"0042D00039000000","a":"WALCOTT ST","m":"20th Ward - PITTSBURGH","u":"L","o":"individual","sf":3000,"v":24000}},{"type":"Feature","geometry":{"type":"Point","coordinates":[-80.05298,40.46209]},"properties":{"p":"0042D00042000000","a":"WALCOTT ST","m":"20th Ward - PITTSBURGH","u":"L","o":"individual","sf":3000,"v":1200}},{"type":"Feature","geometry":{"type":"Point","coordinates":[-80.05261,40.46233]},"properties":{"p":"0042D00046000000","a":"WALCOTT ST","m":"20th Ward - PITTSBURGH","u":"L","o":"individual","sf":2975,"v":23900}},{"type":"Feature","geometry":{"type":"Point","coordinates":[-80.0555,40.45821]},"properties":{"p":"0042G00197000000","a":"MOTOR ST","m":"20th Ward - PITTSBURGH","u":"L","o":"individual","sf":2250,"v":3200}},{"type":"Feature","geometry":{"type":"Point","coordinates":[-80.05085,40.45789]},"properties":{"p":"0042H00145000000","a":"MINTON ST","m":"20th Ward - PITTSBURGH","u":"L","o":"corp","sf":1875,"v":700}},{"type":"Feature","geometry":{"type":"Point","coordinates":[-80.05101,40.45815]},"properties":{"p":"0042H00151000000","a":"3009 SACRAMENTO AVE","m":"20th Ward - PITTSBURGH","u":"L","o":"individual","sf":2500,"v":3500}},{"type":"Feature","geometry":{"type":"Point","coordinates":[-80.05119,40.45845]},"properties":{"p":"0042H00158000000","a":"SACRAMENTO AVE","m":"20th Ward - PITTSBURGH","u":"L","o":"individual","sf":3784,"v":12300}},{"type":"Feature","geometry":{"type":"Point","coordinates":[-80.05159,40.454]},"properties":{"p":"0042S00174000000","a":"ZEPHYR AVE","m":"20th Ward - PITTSBURGH","u":"L","o":"individual","sf":2500,"v":900}},{"type":"Feature","geometry":{"type":"Point","coordinates":[-80.05149,40.45389]},"properties":{"p":"0042S00176000000","a":"ZEPHYR AVE","m":"20th Ward - PITTSBURGH","u":"L","o":"individual","sf":2500,"v":900}},{"type":"Feature","geometry":{"type":"Point","coordinates":[-80.05204,40.45393]},"properties":{"p":"0042S00126000000","a":"BERGMAN ST","m":"20th Ward - PITTSBURGH","u":"L","o":"individual","sf":2500,"v":900}},{"type":"Feature","geometry":{"type":"Point","coordinates":[-80.05971,40.45328]},"properties":{"p":"0042P00265000000","a":"NEWCOMER ST","m":"20th Ward - PITTSBURGH","u":"L","o":"individual","sf":2000,"v":2800}},{"type":"Feature","geometry":{"type":"Point","coordinates":[-80.05965,40.45332]},"properties":{"p":"0042P00266000000","a":"NEWCOMER ST","m":"20th Ward - PITTSBURGH","u":"L","o":"corp","sf":2000,"v":2800}},{"type":"Feature","geometry":{"type":"Point","coordinates":[-80.05958,40.45338]},"properties":{"p":"0042P00268000000","a":"NEWCOMER ST","m":"20th Ward - PITTSBURGH","u":"L","o":"individual","sf":4000,"v":5600}},{"type":"Feature","geometry":{"type":"Point","coordinates":[-80.05493,40.45754]},"properties":{"p":"0042L00023000000","a":"ZEPHYR AVE","m":"20th Ward - PITTSBURGH","u":"L","o":"corp","sf":2729,"v":900}},{"type":"Feature","geometry":{"type":"Point","coordinates":[-80.05473,40.45734]},"properties":{"p":"0042L00027000000","a":"ZEPHYR AVE","m":"20th Ward - PITTSBURGH","u":"L","o":"corp","sf":2916,"v":1000}},{"type":"Feature","geometry":{"type":"Point","coordinates":[-80.05195,40.46163]},"properties":{"p":"0042D00234000000","a":"SLOAN ST","m":"20th Ward - PITTSBURGH","u":"L","o":"corp","sf":3500,"v":10500}},{"type":"Feature","geometry":{"type":"Point","coordinates":[-80.05206,40.46165]},"properties":{"p":"0042D00235000000","a":"SLOAN ST","m":"20th Ward - PITTSBURGH","u":"L","o":"individual","sf":4890,"v":1800}},{"type":"Feature","geometry":{"type":"Point","coordinates":[-80.05219,40.46164]},"properties":{"p":"0042D00237000000","a":"FLORIEN ST","m":"20th Ward - PITTSBURGH","u":"L","o":"corp","sf":2656,"v":1000}},{"type":"Feature","geometry":{"type":"Point","coordinates":[-80.05147,40.46109]},"properties":{"p":"0042D00240000000","a":"ESPLEN ST","m":"20th Ward - PITTSBURGH","u":"L","o":"individual","sf":2016,"v":6100}},{"type":"Feature","geometry":{"type":"Point","coordinates":[-80.0519,40.46137]},"properties":{"p":"0042D00246000000","a":"ESPLEN ST","m":"20th Ward - PITTSBURGH","u":"L","o":"corp","sf":1812,"v":700}},{"type":"Feature","geometry":{"type":"Point","coordinates":[-80.05234,40.46158]},"properties":{"p":"0042D00250000000","a":"FLORIEN ST","m":"20th Ward - PITTSBURGH","u":"L","o":"individual","sf":2400,"v":900}},{"type":"Feature","geometry":{"type":"Point","coordinates":[-80.05366,40.45804]},"properties":{"p":"0042G00039000000","a":"GLEN MAWR ST","m":"20th Ward - PITTSBURGH","u":"L","o":"corp","sf":2500,"v":900}},{"type":"Feature","geometry":{"type":"Point","coordinates":[-80.05384,40.45974]},"properties":{"p":"0042G00057000000","a":"STAFFORD ST","m":"20th Ward - PITTSBURGH","u":"L","o":"corp","sf":7301,"v":14200}},{"type":"Feature","geometry":{"type":"Point","coordinates":[-80.0539,40.45982]},"properties":{"p":"0042G00058000000","a":"ADENA ST","m":"20th Ward - PITTSBURGH","u":"L","o":"individual","sf":3382,"v":11700}},{"type":"Feature","geometry":{"type":"Point","coordinates":[-80.05001,40.45534]},"properties":{"p":"0042M00198000000","a":"2764 MERWYN AVE","m":"20th Ward - PITTSBURGH","u":"L","o":"individual","sf":341,"v":500}},{"type":"Feature","geometry":{"type":"Point","coordinates":[-80.05153,40.45698]},"properties":{"p":"0042M00228000000","a":"MERWYN AVE","m":"20th Ward - PITTSBURGH","u":"L","o":"corp","sf":2500,"v":10500}},{"type":"Feature","geometry":{"type":"Point","coordinates":[-80.05396,40.45992]},"properties":{"p":"0042G00060000000","a":"ADENA ST","m":"20th Ward - PITTSBURGH","u":"L","o":"individual","sf":6346,"v":14100}},{"type":"Feature","geometry":{"type":"Point","coordinates":[-80.05337,40.45829]},"properties":{"p":"0042H00031000000","a":"3053 MERWYN AVE","m":"20th Ward - PITTSBURGH","u":"L","o":"individual","sf":2500,"v":3500}},{"type":"Feature","geometry":{"type":"Point","coordinates":[-80.05364,40.45857]},"properties":{"p":"0042H00037000000","a":"MERWYN AVE","m":"20th Ward - PITTSBURGH","u":"L","o":"individual","sf":4280,"v":13000}},{"type":"Feature","geometry":{"type":"Point","coordinates":[-80.05317,40.45873]},"properties":{"p":"0042H00043000000","a":"3060 MERWYN AVE","m":"20th Ward - PITTSBURGH","u":"L","o":"corp","sf":2500,"v":3500}},{"type":"Feature","geometry":{"type":"Point","coordinates":[-80.05312,40.45868]},"properties":{"p":"0042H00044000000","a":"3060 MERWYN AVE","m":"20th Ward - PITTSBURGH","u":"L","o":"corp","sf":5000,"v":14000}},{"type":"Feature","geometry":{"type":"Point","coordinates":[-80.05268,40.45398]},"properties":{"p":"0042S00021000000","a":"BERGMAN ST","m":"20th Ward - PITTSBURGH","u":"L","o":"individual","sf":5000,"v":1600}},{"type":"Feature","geometry":{"type":"Point","coordinates":[-80.04971,40.45519]},"properties":{"p":"0042S00345000000","a":"MERWYN AVE","m":"20th Ward - PITTSBURGH","u":"L","o":"individual","sf":6695,"v":14200}},{"type":"Feature","geometry":{"type":"Point","coordinates":[-80.05402,40.46394]},"properties":{"p":"0043R00103000000","a":"STANHOPE ST","m":"20th Ward - PITTSBURGH","u":"L","o":"individual","sf":9815,"v":3500}},{"type":"Feature","geometry":{"type":"Point","coordinates":[-80.05418,40.46389]},"properties":{"p":"0043R00104000000","a":"STANHOPE ST","m":"20th Ward - PITTSBURGH","u":"L","o":"individual","sf":3382,"v":1300}},{"type":"Feature","geometry":{"type":"Point","coordinates":[-80.05427,40.46387]},"properties":{"p":"0043R00105000000","a":"STANHOPE ST","m":"20th Ward - PITTSBURGH","u":"L","o":"individual","sf":2300,"v":3500}},{"type":"Feature","geometry":{"type":"Point","coordinates":[-80.05435,40.46384]},"properties":{"p":"0043R00106000000","a":"STANHOPE ST","m":"20th Ward - PITTSBURGH","u":"L","o":"individual","sf":2350,"v":900}},{"type":"Feature","geometry":{"type":"Point","coordinates":[-80.05443,40.46382]},"properties":{"p":"0043R00107000000","a":"STANHOPE ST","m":"20th Ward - PITTSBURGH","u":"L","o":"individual","sf":4463,"v":1200}},{"type":"Feature","geometry":{"type":"Point","coordinates":[-80.05233,40.45833]},"properties":{"p":"0042H00082000000","a":"STAFFORD ST","m":"20th Ward - PITTSBURGH","u":"L","o":"corp","sf":2080,"v":1000}},{"type":"Feature","geometry":{"type":"Point","coordinates":[-80.05342,40.4594]},"properties":{"p":"0042H00097000000","a":"STAFFORD ST","m":"20th Ward - PITTSBURGH","u":"L","o":"corp","sf":3136,"v":11400}},{"type":"Feature","geometry":{"type":"Point","coordinates":[-80.0532,40.45924]},"properties":{"p":"0042H00101000000","a":"STAFFORD ST","m":"20th Ward - PITTSBURGH","u":"L","o":"corp","sf":5000,"v":1400}},{"type":"Feature","geometry":{"type":"Point","coordinates":[-80.05984,40.45319]},"properties":{"p":"0042P00262000000","a":"NEWCOMER ST","m":"20th Ward - PITTSBURGH","u":"L","o":"corp","sf":4000,"v":5600}},{"type":"Feature","geometry":{"type":"Point","coordinates":[-80.05976,40.45324]},"properties":{"p":"0042P00264000000","a":"NEWCOMER ST","m":"20th Ward - PITTSBURGH","u":"L","o":"corp","sf":2000,"v":2800}},{"type":"Feature","geometry":{"type":"Point","coordinates":[-80.05047,40.45285]},"properties":{"p":"0042S00099000000","a":"CONVERSE ST","m":"20th Ward - PITTSBURGH","u":"L","o":"corp","sf":2525,"v":1100}},{"type":"Feature","geometry":{"type":"Point","coordinates":[-80.05139,40.45323]},"properties":{"p":"0042S00113000000","a":"BERGMAN ST","m":"20th Ward - PITTSBURGH","u":"L","o":"individual","sf":5000,"v":14000}},{"type":"Feature","geometry":{"type":"Point","coordinates":[-80.0567,40.45652]},"properties":{"p":"0042L00238000000","a":"3120 ASHLYN ST","m":"20th Ward - PITTSBURGH","u":"L","o":"individual","sf":1500,"v":2100}},{"type":"Feature","geometry":{"type":"Point","coordinates":[-80.05667,40.45648]},"properties":{"p":"0042L00238000100","a":"3114 ASHLYN ST","m":"20th Ward - PITTSBURGH","u":"L","o":"individual","sf":1500,"v":2100}},{"type":"Feature","geometry":{"type":"Point","coordinates":[-80.05376,40.4575]},"properties":{"p":"0042L00003000000","a":"GLEN MAWR ST","m":"20th Ward - PITTSBURGH","u":"L","o":"individual","sf":2500,"v":900}},{"type":"Feature","geometry":{"type":"Point","coordinates":[-80.05156,40.45636]},"properties":{"p":"0042M00171000000","a":"MERWYN AVE","m":"20th Ward - PITTSBURGH","u":"L","o":"individual","sf":2500,"v":10500}},{"type":"Feature","geometry":{"type":"Point","coordinates":[-80.05124,40.45602]},"properties":{"p":"0042M00177000000","a":"MERWYN AVE","m":"20th Ward - PITTSBURGH","u":"L","o":"corp","sf":2500,"v":10500}},{"type":"Feature","geometry":{"type":"Point","coordinates":[-80.05099,40.45575]},"properties":{"p":"0042M00182000000","a":"MERWYN AVE","m":"20th Ward - PITTSBURGH","u":"L","o":"individual","sf":3750,"v":12300}},{"type":"Feature","geometry":{"type":"Point","coordinates":[-80.05431,40.46141]},"properties":{"p":"0042C00150000000","a":"RADCLIFFE ST","m":"20th Ward - PITTSBURGH","u":"L","o":"corp","sf":3125,"v":1200}},{"type":"Feature","geometry":{"type":"Point","coordinates":[-80.05427,40.46135]},"properties":{"p":"0042C00151000000","a":"RADCLIFFE ST","m":"20th Ward - PITTSBURGH","u":"L","o":"individual","sf":3043,"v":1200}},{"type":"Feature","geometry":{"type":"Point","coordinates":[-80.0548,40.46124]},"properties":{"p":"0042C00164000000","a":"RADCLIFFE ST","m":"20th Ward - PITTSBURGH","u":"L","o":"individual","sf":2500,"v":1000}},{"type":"Feature","geometry":{"type":"Point","coordinates":[-80.0548,40.46151]},"properties":{"p":"0042C00169000000","a":"TABOR ST","m":"20th Ward - PITTSBURGH","u":"L","o":"corp","sf":2750,"v":23300}},{"type":"Feature","geometry":{"type":"Point","coordinates":[-80.05489,40.46148]},"properties":{"p":"0042C00170000000","a":"TABOR ST","m":"20th Ward - PITTSBURGH","u":"L","o":"individual","sf":2750,"v":1100}},{"type":"Feature","geometry":{"type":"Point","coordinates":[-80.05393,40.46071]},"properties":{"p":"0042C00074000000","a":"STADIUM ST","m":"20th Ward - PITTSBURGH","u":"L","o":"individual","sf":2750,"v":10900}},{"type":"Feature","geometry":{"type":"Point","coordinates":[-80.05139,40.45801]},"properties":{"p":"0042H00131000000","a":"STAFFORD ST","m":"20th Ward - PITTSBURGH","u":"L","o":"corp","sf":2500,"v":3500}},{"type":"Feature","geometry":{"type":"Point","coordinates":[-80.05133,40.45796]},"properties":{"p":"0042H00132000000","a":"STAFFORD ST","m":"20th Ward - PITTSBURGH","u":"L","o":"corp","sf":2500,"v":3500}},{"type":"Feature","geometry":{"type":"Point","coordinates":[-80.05113,40.45774]},"properties":{"p":"0042H00137000000","a":"MINTON ST","m":"20th Ward - PITTSBURGH","u":"L","o":"corp","sf":2475,"v":800}},{"type":"Feature","geometry":{"type":"Point","coordinates":[-80.05362,40.45513]},"properties":{"p":"0042S00002000000","a":"603 SHERWOOD AVE","m":"20th Ward - PITTSBURGH","u":"L","o":"individual","sf":3000,"v":11200}},{"type":"Feature","geometry":{"type":"Point","coordinates":[-80.05356,40.45498]},"properties":{"p":"0042S00004000000","a":"BERGMAN ST","m":"20th Ward - PITTSBURGH","u":"L","o":"individual","sf":720,"v":1000}},{"type":"Feature","geometry":{"type":"Point","coordinates":[-80.05011,40.45483]},"properties":{"p":"0042S00325000000","a":"2760 BREVET WAY","m":"20th Ward - PITTSBURGH","u":"L","o":"individual","sf":3000,"v":11200}},{"type":"Feature","geometry":{"type":"Point","coordinates":[-80.05375,40.46073]},"properties":{"p":"0042C00076000000","a":"STADIUM ST","m":"20th Ward - PITTSBURGH","u":"L","o":"individual","sf":2750,"v":900}},{"type":"Feature","geometry":{"type":"Point","coordinates":[-80.05367,40.46232]},"properties":{"p":"0042C00080000000","a":"OREGON ST","m":"20th Ward - PITTSBURGH","u":"L","o":"corp","sf":3131,"v":9400}},{"type":"Feature","geometry":{"type":"Point","coordinates":[-80.05361,40.46036]},"properties":{"p":"0042D00318000000","a":"JOSLYN ST","m":"20th Ward - PITTSBURGH","u":"L","o":"corp","sf":2750,"v":900}},{"type":"Feature","geometry":{"type":"Point","coordinates":[-80.05347,40.46037]},"properties":{"p":"0042D00319000000","a":"JOSLYN ST","m":"20th Ward - PITTSBURGH","u":"L","o":"corp","sf":5500,"v":14100}},{"type":"Feature","geometry":{"type":"Point","coordinates":[-80.05479,40.4524]},"properties":{"p":"0041C00092000000","a":"STRAKA ST","m":"20th Ward - PITTSBURGH","u":"L","o":"individual","sf":2100,"v":700}},{"type":"Feature","geometry":{"type":"Point","coordinates":[-80.05568,40.45221]},"properties":{"p":"0041C00122000000","a":"BERRY ST","m":"20th Ward - PITTSBURGH","u":"L","o":"individual","sf":3615,"v":5800}},{"type":"Feature","geometry":{"type":"Point","coordinates":[-80.05577,40.45218]},"properties":{"p":"0041C00124000000","a":"BERRY ST","m":"20th Ward - PITTSBURGH","u":"L","o":"individual","sf":3615,"v":5800}},{"type":"Feature","geometry":{"type":"Point","coordinates":[-80.04986,40.45454]},"properties":{"p":"0042S00329000000","a":"MERWYN AVE","m":"20th Ward - PITTSBURGH","u":"L","o":"individual","sf":2500,"v":3500}},{"type":"Feature","geometry":{"type":"Point","coordinates":[-80.04969,40.45436]},"properties":{"p":"0042S00332000000","a":"MERWYN AVE","m":"20th Ward - PITTSBURGH","u":"L","o":"corp","sf":2500,"v":1100}},{"type":"Feature","geometry":{"type":"Point","coordinates":[-80.05334,40.46039]},"properties":{"p":"0042D00322000000","a":"JOSLYN ST","m":"20th Ward - PITTSBURGH","u":"L","o":"individual","sf":2750,"v":900}},{"type":"Feature","geometry":{"type":"Point","coordinates":[-80.05314,40.46043]},"properties":{"p":"0042D00325000000","a":"JOSLYN ST","m":"20th Ward - PITTSBURGH","u":"L","o":"corp","sf":8466,"v":14300}},{"type":"Feature","geometry":{"type":"Point","coordinates":[-80.05307,40.4602]},"properties":{"p":"0042D00329000000","a":"STRICKLER ST","m":"20th Ward - PITTSBURGH","u":"L","o":"corp","sf":3500,"v":11900}},{"type":"Feature","geometry":{"type":"Point","coordinates":[-80.05382,40.45902]},"properties":{"p":"0042G00087000000","a":"STAFFORD ST","m":"20th Ward - PITTSBURGH","u":"L","o":"individual","sf":4236,"v":12900}},{"type":"Feature","geometry":{"type":"Point","coordinates":[-80.05375,40.45897]},"properties":{"p":"0042G00088000000","a":"STAFFORD ST","m":"20th Ward - PITTSBURGH","u":"L","o":"individual","sf":4350,"v":13100}},{"type":"Feature","geometry":{"type":"Point","coordinates":[-80.05361,40.45887]},"properties":{"p":"0042G00089000000","a":"STAFFORD ST","m":"20th Ward - PITTSBURGH","u":"L","o":"individual","sf":15331,"v":14900}},{"type":"Feature","geometry":{"type":"Point","coordinates":[-80.05656,40.46002]},"properties":{"p":"0042G00106000000","a":"STADIUM ST","m":"20th Ward - PITTSBURGH","u":"L","o":"corp","sf":5000,"v":14000}},{"type":"Feature","geometry":{"type":"Point","coordinates":[-80.05675,40.45995]},"properties":{"p":"0042G00109000000","a":"PARSON ST","m":"20th Ward - PITTSBURGH","u":"L","o":"individual","sf":6563,"v":14100}},{"type":"Feature","geometry":{"type":"Point","coordinates":[-80.05695,40.45989]},"properties":{"p":"0042G00112000000","a":"STADIUM ST","m":"20th Ward - PITTSBURGH","u":"L","o":"corp","sf":3400,"v":11800}},{"type":"Feature","geometry":{"type":"Point","coordinates":[-80.05704,40.45985]},"properties":{"p":"0042G00113000000","a":"PARSON ST","m":"20th Ward - PITTSBURGH","u":"L","o":"corp","sf":2500,"v":10500}},{"type":"Feature","geometry":{"type":"Point","coordinates":[-80.05182,40.45305]},"properties":{"p":"0042S00088000000","a":"BERGMAN ST","m":"20th Ward - PITTSBURGH","u":"L","o":"corp","sf":2500,"v":900}},{"type":"Feature","geometry":{"type":"Point","coordinates":[-80.05166,40.4529]},"properties":{"p":"0042S00091000000","a":"BERGMAN ST","m":"20th Ward - PITTSBURGH","u":"L","o":"individual","sf":1750,"v":600}},{"type":"Feature","geometry":{"type":"Point","coordinates":[-80.05156,40.45286]},"properties":{"p":"0042S00092000000","a":"BERGMAN ST","m":"20th Ward - PITTSBURGH","u":"L","o":"corp","sf":1125,"v":400}},{"type":"Feature","geometry":{"type":"Point","coordinates":[-80.05467,40.4584]},"properties":{"p":"0042G00184000000","a":"ASHLYN ST","m":"20th Ward - PITTSBURGH","u":"L","o":"corp","sf":5000,"v":14000}},{"type":"Feature","geometry":{"type":"Point","coordinates":[-80.05167,40.45832]},"properties":{"p":"0042H00125000000","a":"3034 STAFFORD ST","m":"20th Ward - PITTSBURGH","u":"L","o":"individual","sf":5000,"v":7000}},{"type":"Feature","geometry":{"type":"Point","coordinates":[-80.05213,40.45762]},"properties":{"p":"0042H00065000000","a":"MERWYN AVE","m":"20th Ward - PITTSBURGH","u":"L","o":"individual","sf":2500,"v":10500}},{"type":"Feature","geometry":{"type":"Point","coordinates":[-80.052,40.45801]},"properties":{"p":"0042H00075000000","a":"STAFFORD ST","m":"20th Ward - PITTSBURGH","u":"L","o":"individual","sf":2500,"v":1000}},{"type":"Feature","geometry":{"type":"Point","coordinates":[-80.05205,40.45806]},"properties":{"p":"0042H00076000000","a":"STAFFORD ST","m":"20th Ward - PITTSBURGH","u":"L","o":"individual","sf":2500,"v":1000}},{"type":"Feature","geometry":{"type":"Point","coordinates":[-80.0539,40.46312]},"properties":{"p":"0043R00148000000","a":"SAGAMORE ST","m":"20th Ward - PITTSBURGH","u":"L","o":"corp","sf":2250,"v":900}},{"type":"Feature","geometry":{"type":"Point","coordinates":[-80.05396,40.4631]},"properties":{"p":"0043R00149000000","a":"225 SAGAMORE ST","m":"20th Ward - PITTSBURGH","u":"L","o":"individual","sf":2250,"v":1000}},{"type":"Feature","geometry":{"type":"Point","coordinates":[-80.05402,40.46307]},"properties":{"p":"0043R00150000000","a":"225 SAGAMORE ST","m":"20th Ward - PITTSBURGH","u":"L","o":"individual","sf":2250,"v":1000}},{"type":"Feature","geometry":{"type":"Point","coordinates":[-80.05436,40.45694]},"properties":{"p":"0042L00034000000","a":"ZEPHYR AVE","m":"20th Ward - PITTSBURGH","u":"L","o":"individual","sf":2725,"v":900}},{"type":"Feature","geometry":{"type":"Point","coordinates":[-80.0542,40.45677]},"properties":{"p":"0042L00037000000","a":"ZEPHYR AVE","m":"20th Ward - PITTSBURGH","u":"L","o":"corp","sf":2725,"v":900}},{"type":"Feature","geometry":{"type":"Point","coordinates":[-80.05237,40.45178]},"properties":{"p":"0041D00091000000","a":"2650 FUSION ST","m":"20th Ward - PITTSBURGH","u":"L","o":"individual","sf":1001,"v":1600}},{"type":"Feature","geometry":{"type":"Point","coordinates":[-80.0545,40.46204]},"properties":{"p":"0042C00137000000","a":"TABOR ST","m":"20th Ward - PITTSBURGH","u":"L","o":"individual","sf":3000,"v":24000}},{"type":"Feature","geometry":{"type":"Point","coordinates":[-80.05443,40.46163]},"properties":{"p":"0042C00142000000","a":"TABOR ST","m":"20th Ward - PITTSBURGH","u":"L","o":"individual","sf":2750,"v":23300}},{"type":"Feature","geometry":{"type":"Point","coordinates":[-80.05061,40.45043]},"properties":{"p":"0041D00163000000","a":"DUBOIS ST","m":"20th Ward - PITTSBURGH","u":"L","o":"individual","sf":9354,"v":16400}},{"type":"Feature","geometry":{"type":"Point","coordinates":[-80.05445,40.46014]},"properties":{"p":"0042C00050000000","a":"ADENA ST","m":"20th Ward - PITTSBURGH","u":"L","o":"corp","sf":2240,"v":10100}},{"type":"Feature","geometry":{"type":"Point","coordinates":[-80.05936,40.45159]},"properties":{"p":"0041B00227000000","a":"HILLSBORO ST","m":"20th Ward - PITTSBURGH","u":"L","o":"corp","sf":81327,"v":21000}},{"type":"Feature","geometry":{"type":"Point","coordinates":[-80.05368,40.45223]},"properties":{"p":"0041C00072000000","a":"CHARTIERS AVE","m":"20th Ward - PITTSBURGH","u":"L","o":"individual","sf":2786,"v":200}},{"type":"Feature","geometry":{"type":"Point","coordinates":[-80.05376,40.45224]},"properties":{"p":"0041C00073000000","a":"CHARTIERS AVE","m":"20th Ward - PITTSBURGH","u":"L","o":"individual","sf":2815,"v":200}},{"type":"Feature","geometry":{"type":"Point","coordinates":[-80.05385,40.45226]},"properties":{"p":"0041C00074000000","a":"FUSION ST","m":"20th Ward - PITTSBURGH","u":"L","o":"individual","sf":2845,"v":200}},{"type":"Feature","geometry":{"type":"Point","coordinates":[-80.05402,40.45229]},"properties":{"p":"0041C00076000000","a":"CHARTIERS AVE","m":"20th Ward - PITTSBURGH","u":"L","o":"individual","sf":2850,"v":200}},{"type":"Feature","geometry":{"type":"Point","coordinates":[-80.05259,40.46153]},"properties":{"p":"0042D00253000000","a":"208 FLORIEN ST","m":"20th Ward - PITTSBURGH","u":"L","o":"individual","sf":2400,"v":1900}},{"type":"Feature","geometry":{"type":"Point","coordinates":[-80.05277,40.46151]},"properties":{"p":"0042D00255000000","a":"FLORIEN ST","m":"20th Ward - PITTSBURGH","u":"L","o":"corp","sf":1608,"v":19800}},{"type":"Feature","geometry":{"type":"Point","coordinates":[-80.0529,40.4615]},"properties":{"p":"0042D00257000000","a":"FLORIEN ST","m":"20th Ward - PITTSBURGH","u":"L","o":"individual","sf":2750,"v":1100}},{"type":"Feature","geometry":{"type":"Point","coordinates":[-80.05236,40.46094]},"properties":{"p":"0042D00300000002","a":"STRICKLER ST","m":"20th Ward - PITTSBURGH","u":"L","o":"corp","sf":3546,"v":12000}},{"type":"Feature","geometry":{"type":"Point","coordinates":[-80.05269,40.46087]},"properties":{"p":"0042D00303000000","a":"STADIUM ST","m":"20th Ward - PITTSBURGH","u":"L","o":"individual","sf":2200,"v":800}},{"type":"Feature","geometry":{"type":"Point","coordinates":[-80.05427,40.45976]},"properties":{"p":"0042G00065000000","a":"STAFFORD ST","m":"20th Ward - PITTSBURGH","u":"L","o":"individual","sf":9234,"v":14400}},{"type":"Feature","geometry":{"type":"Point","coordinates":[-80.05162,40.45349]},"properties":{"p":"0042S00117000000","a":"BERGMAN ST","m":"20th Ward - PITTSBURGH","u":"L","o":"individual","sf":2500,"v":10500}},{"type":"Feature","geometry":{"type":"Point","coordinates":[-80.05383,40.4626]},"properties":{"p":"0043R00172000000","a":"OREGON ST","m":"20th Ward - PITTSBURGH","u":"L","o":"corp","sf":5775,"v":30100}},{"type":"Feature","geometry":{"type":"Point","coordinates":[-80.05454,40.46278]},"properties":{"p":"0043R00182000000","a":"OREGON ST","m":"20th Ward - PITTSBURGH","u":"L","o":"individual","sf":3900,"v":1000}},{"type":"Feature","geometry":{"type":"Point","coordinates":[-80.05498,40.45997]},"properties":{"p":"0042G00068000000","a":"STAFFORD ST","m":"20th Ward - PITTSBURGH","u":"L","o":"individual","sf":3659,"v":5100}},{"type":"Feature","geometry":{"type":"Point","coordinates":[-80.0549,40.45991]},"properties":{"p":"0042G00069000000","a":"STAFFORD ST","m":"20th Ward - PITTSBURGH","u":"L","o":"individual","sf":2782,"v":10900}},{"type":"Feature","geometry":{"type":"Point","coordinates":[-80.05484,40.45986]},"properties":{"p":"0042G00070000000","a":"STAFFORD ST","m":"20th Ward - PITTSBURGH","u":"L","o":"individual","sf":1600,"v":600}},{"type":"Feature","geometry":{"type":"Point","coordinates":[-80.05454,40.4596]},"properties":{"p":"0042G00075000000","a":"STAFFORD ST","m":"20th Ward - PITTSBURGH","u":"L","o":"corp","sf":2294,"v":1000}},{"type":"Feature","geometry":{"type":"Point","coordinates":[-80.0543,40.45939]},"properties":{"p":"0042G00079000000","a":"STAFFORD ST","m":"20th Ward - PITTSBURGH","u":"L","o":"individual","sf":5512,"v":7100}},{"type":"Feature","geometry":{"type":"Point","coordinates":[-80.05269,40.45822]},"properties":{"p":"0042H00054000000","a":"MERWYN AVE","m":"20th Ward - PITTSBURGH","u":"L","o":"individual","sf":2500,"v":3500}},{"type":"Feature","geometry":{"type":"Point","coordinates":[-80.05354,40.45312]},"properties":{"p":"0042S00046000000","a":"635 HILLSBORO ST","m":"20th Ward - PITTSBURGH","u":"L","o":"individual","sf":5406,"v":7000}},{"type":"Feature","geometry":{"type":"Point","coordinates":[-80.05477,40.46195]},"properties":{"p":"0042C00133000000","a":"TABOR ST","m":"20th Ward - PITTSBURGH","u":"L","o":"corp","sf":3000,"v":24000}},{"type":"Feature","geometry":{"type":"Point","coordinates":[-80.05621,40.45973]},"properties":{"p":"0042G00139000000","a":"PARSON ST","m":"20th Ward - PITTSBURGH","u":"L","o":"individual","sf":7216,"v":14200}},{"type":"Feature","geometry":{"type":"Point","coordinates":[-80.05452,40.46379]},"properties":{"p":"0043R00108000000","a":"STANHOPE ST","m":"20th Ward - PITTSBURGH","u":"L","o":"individual","sf":3520,"v":1300}},{"type":"Feature","geometry":{"type":"Point","coordinates":[-80.0546,40.46377]},"properties":{"p":"0043R00109000000","a":"STANHOPE ST","m":"20th Ward - PITTSBURGH","u":"L","o":"individual","sf":3520,"v":1300}},{"type":"Feature","geometry":{"type":"Point","coordinates":[-80.05449,40.46339]},"properties":{"p":"0043R00133000000","a":"3409 OREGON ST","m":"20th Ward - PITTSBURGH","u":"L","o":"individual","sf":3000,"v":9000}},{"type":"Feature","geometry":{"type":"Point","coordinates":[-80.05571,40.45969]},"properties":{"p":"0042G00150000000","a":"GLEN MAWR ST","m":"20th Ward - PITTSBURGH","u":"L","o":"corp","sf":1468,"v":900}},{"type":"Feature","geometry":{"type":"Point","coordinates":[-80.0556,40.45969]},"properties":{"p":"0042G00151000000","a":"CHRISTY ST","m":"20th Ward - PITTSBURGH","u":"L","o":"corp","sf":3240,"v":11500}},{"type":"Feature","geometry":{"type":"Point","coordinates":[-80.05532,40.45965]},"properties":{"p":"0042G00154000000","a":"GLEN MAWR ST","m":"20th Ward - PITTSBURGH","u":"L","o":"corp","sf":6692,"v":14200}},{"type":"Feature","geometry":{"type":"Point","coordinates":[-80.05302,40.45912]},"properties":{"p":"0042H00105000000","a":"STAFFORD ST","m":"20th Ward - PITTSBURGH","u":"L","o":"corp","sf":2200,"v":3100}},{"type":"Feature","geometry":{"type":"Point","coordinates":[-80.05275,40.45897]},"properties":{"p":"0042H00109000000","a":"STAFFORD ST","m":"20th Ward - PITTSBURGH","u":"L","o":"individual","sf":1875,"v":2600}},{"type":"Feature","geometry":{"type":"Point","coordinates":[-80.05262,40.45885]},"properties":{"p":"0042H00110000000","a":"STAFFORD ST","m":"20th Ward - PITTSBURGH","u":"L","o":"individual","sf":7340,"v":14200}},{"type":"Feature","geometry":{"type":"Point","coordinates":[-80.05416,40.46351]},"properties":{"p":"0043R00137000000","a":"SAGAMORE ST","m":"20th Ward - PITTSBURGH","u":"L","o":"corp","sf":3000,"v":9000}},{"type":"Feature","geometry":{"type":"Point","coordinates":[-80.05408,40.46353]},"properties":{"p":"0043R00138000000","a":"SAGAMORE ST","m":"20th Ward - PITTSBURGH","u":"L","o":"corp","sf":3000,"v":24000}},{"type":"Feature","geometry":{"type":"Point","coordinates":[-80.05399,40.46356]},"properties":{"p":"0043R00139000000","a":"SAGAMORE ST","m":"20th Ward - PITTSBURGH","u":"L","o":"corp","sf":3000,"v":9000}},{"type":"Feature","geometry":{"type":"Point","coordinates":[-80.05391,40.46359]},"properties":{"p":"0043R00140000000","a":"SAGAMORE ST","m":"20th Ward - PITTSBURGH","u":"L","o":"individual","sf":3000,"v":1200}},{"type":"Feature","geometry":{"type":"Point","coordinates":[-80.05191,40.4585]},"properties":{"p":"0042H00122000000","a":"STAFFORD ST","m":"20th Ward - PITTSBURGH","u":"L","o":"individual","sf":2050,"v":2900}},{"type":"Feature","geometry":{"type":"Point","coordinates":[-80.05427,40.4575]},"properties":{"p":"0042L00020000000","a":"ZEPHYR AVE","m":"20th Ward - PITTSBURGH","u":"L","o":"corp","sf":5000,"v":14000}},{"type":"Feature","geometry":{"type":"Point","coordinates":[-80.05616,40.46017]},"properties":{"p":"0042C00022000000","a":"STADIUM ST","m":"20th Ward - PITTSBURGH","u":"L","o":"individual","sf":2500,"v":900}},{"type":"Feature","geometry":{"type":"Point","coordinates":[-80.05587,40.46027]},"properties":{"p":"0042C00026000000","a":"STADIUM ST","m":"20th Ward - PITTSBURGH","u":"L","o":"individual","sf":5000,"v":7000}},{"type":"Feature","geometry":{"type":"Point","coordinates":[-80.05167,40.46135]},"properties":{"p":"0042D00229000000","a":"SLOAN ST","m":"20th Ward - PITTSBURGH","u":"L","o":"corp","sf":3625,"v":1400}},{"type":"Feature","geometry":{"type":"Point","coordinates":[-80.05181,40.46134]},"properties":{"p":"0042D00230000000","a":"SLOAN ST","m":"20th Ward - PITTSBURGH","u":"L","o":"corp","sf":3625,"v":25900}},{"type":"Feature","geometry":{"type":"Point","coordinates":[-80.05172,40.46151]},"properties":{"p":"0042D00231000000","a":"SLOAN ST","m":"20th Ward - PITTSBURGH","u":"L","o":"corp","sf":1812,"v":700}},{"type":"Feature","geometry":{"type":"Point","coordinates":[-80.05189,40.46158]},"properties":{"p":"0042D00233000000","a":"SLOAN ST","m":"20th Ward - PITTSBURGH","u":"L","o":"corp","sf":3625,"v":10900}},{"type":"Feature","geometry":{"type":"Point","coordinates":[-80.05066,40.45526]},"properties":{"p":"0042M00187000A00","a":"HAMMOND ST","m":"20th Ward - PITTSBURGH","u":"L","o":"individual","sf":1523,"v":2100}},{"type":"Feature","geometry":{"type":"Point","coordinates":[-80.05044,40.45517]},"properties":{"p":"0042M00191000000","a":"MERWYN AVE","m":"20th Ward - PITTSBURGH","u":"L","o":"individual","sf":5000,"v":14000}},{"type":"Feature","geometry":{"type":"Point","coordinates":[-80.05954,40.45198]},"properties":{"p":"0041B00149000000","a":"HILLSBORO ST","m":"20th Ward - PITTSBURGH","u":"L","o":"individual","sf":5500,"v":14100}},{"type":"Feature","geometry":{"type":"Point","coordinates":[-80.04844,40.45264]},"properties":{"p":"0020A00030000000","a":"GLEN MAWR ST","m":"20th Ward - PITTSBURGH","u":"L","o":"corp","sf":2025,"v":2800}},{"type":"Feature","geometry":{"type":"Point","coordinates":[-80.04835,40.45263]},"properties":{"p":"0020A00031000000","a":"GLEN MAWR ST","m":"20th Ward - PITTSBURGH","u":"L","o":"corp","sf":2041,"v":9900}},{"type":"Feature","geometry":{"type":"Point","coordinates":[-80.04812,40.45572]},"properties":{"p":"0021J00066000000","a":"SACRAMENTO AVE","m":"20th Ward - PITTSBURGH","u":"L","o":"individual","sf":2500,"v":900}},{"type":"Feature","geometry":{"type":"Point","coordinates":[-80.04824,40.45584]},"properties":{"p":"0021J00068000000","a":"SACRAMENTO AVE","m":"20th Ward - PITTSBURGH","u":"L","o":"individual","sf":2500,"v":900}},{"type":"Feature","geometry":{"type":"Point","coordinates":[-80.04828,40.45589]},"properties":{"p":"0021J00069000000","a":"SACRAMENTO AVE","m":"20th Ward - PITTSBURGH","u":"L","o":"individual","sf":2500,"v":900}},{"type":"Feature","geometry":{"type":"Point","coordinates":[-80.04881,40.45406]},"properties":{"p":"0021N00156000000","a":"MERWYN AVE","m":"20th Ward - PITTSBURGH","u":"L","o":"individual","sf":3750,"v":12300}},{"type":"Feature","geometry":{"type":"Point","coordinates":[-80.0489,40.45416]},"properties":{"p":"0021N00158000000","a":"MERWYN AVE","m":"20th Ward - PITTSBURGH","u":"L","o":"corp","sf":5000,"v":14000}},{"type":"Feature","geometry":{"type":"Point","coordinates":[-80.04898,40.45425]},"properties":{"p":"0021N00159000000","a":"MERWYN AVE","m":"20th Ward - PITTSBURGH","u":"L","o":"corp","sf":2500,"v":1100}},{"type":"Feature","geometry":{"type":"Point","coordinates":[-80.04903,40.45429]},"properties":{"p":"0021N00160000000","a":"MERWYN AVE","m":"20th Ward - PITTSBURGH","u":"L","o":"corp","sf":2500,"v":900}},{"type":"Feature","geometry":{"type":"Point","coordinates":[-80.04908,40.45435]},"properties":{"p":"0021N00161000000","a":"MERWYN AVE","m":"20th Ward - PITTSBURGH","u":"L","o":"corp","sf":2500,"v":900}},{"type":"Feature","geometry":{"type":"Point","coordinates":[-80.04792,40.45253]},"properties":{"p":"0020A00038000000","a":"GLEN MAWR ST","m":"20th Ward - PITTSBURGH","u":"L","o":"individual","sf":2200,"v":400}},{"type":"Feature","geometry":{"type":"Point","coordinates":[-80.04785,40.45251]},"properties":{"p":"0020A00039000000","a":"GLEN MAWR ST","m":"20th Ward - PITTSBURGH","u":"L","o":"individual","sf":1760,"v":500}},{"type":"Feature","geometry":{"type":"Point","coordinates":[-80.04777,40.45249]},"properties":{"p":"0020A00040000000","a":"GLEN MAWR ST","m":"20th Ward - PITTSBURGH","u":"L","o":"individual","sf":2162,"v":500}},{"type":"Feature","geometry":{"type":"Point","coordinates":[-80.04083,40.45026]},"properties":{"p":"0020G00001000000","a":"TITUS ST","m":"20th Ward - PITTSBURGH","u":"L","o":"corp","sf":10115,"v":14500}},{"type":"Feature","geometry":{"type":"Point","coordinates":[-80.04064,40.45032]},"properties":{"p":"0020G00005000000","a":"GEORGE ST","m":"20th Ward - PITTSBURGH","u":"L","o":"corp","sf":3276,"v":1100}},{"type":"Feature","geometry":{"type":"Point","coordinates":[-80.04007,40.45025]},"properties":{"p":"0020G00010000000","a":"LAKEWOOD ST","m":"20th Ward - PITTSBURGH","u":"L","o":"individual","sf":9247,"v":14400}},{"type":"Feature","geometry":{"type":"Point","coordinates":[-80.04947,40.45477]},"properties":{"p":"0021N00169000000","a":"MERWYN AVE","m":"20th Ward - PITTSBURGH","u":"L","o":"individual","sf":5000,"v":14000}},{"type":"Feature","geometry":{"type":"Point","coordinates":[-80.0426,40.45394]},"properties":{"p":"0021P00204000000","a":"ROCKYHILL ST","m":"20th Ward - PITTSBURGH","u":"L","o":"individual","sf":9648,"v":10000}},{"type":"Feature","geometry":{"type":"Point","coordinates":[-80.04288,40.45354]},"properties":{"p":"0021P00209000000","a":"HUNT ST","m":"20th Ward - PITTSBURGH","u":"L","o":"individual","sf":2000,"v":2000}},{"type":"Feature","geometry":{"type":"Point","coordinates":[-80.04281,40.45332]},"properties":{"p":"0021P00211000000","a":"GLEN MAWR ST","m":"20th Ward - PITTSBURGH","u":"L","o":"individual","sf":3661,"v":3500}},{"type":"Feature","geometry":{"type":"Point","coordinates":[-80.04309,40.45314]},"properties":{"p":"0021P00215000000","a":"GLEN MAWR ST","m":"20th Ward - PITTSBURGH","u":"L","o":"corp","sf":3275,"v":11600}},{"type":"Feature","geometry":{"type":"Point","coordinates":[-80.04054,40.45004]},"properties":{"p":"0020G00017000000","a":"LAKEWOOD ST","m":"20th Ward - PITTSBURGH","u":"L","o":"individual","sf":4332,"v":13100}},{"type":"Feature","geometry":{"type":"Point","coordinates":[-80.04541,40.45557]},"properties":{"p":"0021J00230000000","a":"NAPLES AVE","m":"20th Ward - PITTSBURGH","u":"L","o":"individual","sf":18350,"v":15200}},{"type":"Feature","geometry":{"type":"Point","coordinates":[-80.04466,40.45714]},"properties":{"p":"0021K00020000000","a":"W CARSON ST","m":"20th Ward - PITTSBURGH","u":"L","o":"individual","sf":3264,"v":1200}},{"type":"Feature","geometry":{"type":"Point","coordinates":[-80.04454,40.45714]},"properties":{"p":"0021K00021000000","a":"W CARSON ST","m":"20th Ward - PITTSBURGH","u":"L","o":"individual","sf":3261,"v":10000}},{"type":"Feature","geometry":{"type":"Point","coordinates":[-80.04457,40.45332]},"properties":{"p":"0021P00042000000","a":"329 OTTERSON AVE","m":"20th Ward - PITTSBURGH","u":"L","o":"individual","sf":2640,"v":3700}},{"type":"Feature","geometry":{"type":"Point","coordinates":[-80.04455,40.45343]},"properties":{"p":"0021P00044000000","a":"329 OTTERSON AVE","m":"20th Ward - PITTSBURGH","u":"L","o":"individual","sf":2492,"v":3500}},{"type":"Feature","geometry":{"type":"Point","coordinates":[-80.04672,40.45474]},"properties":{"p":"0021N00318000000","a":"2624 SACRAMENTO AVE","m":"20th Ward - PITTSBURGH","u":"L","o":"individual","sf":6000,"v":14100}},{"type":"Feature","geometry":{"type":"Point","coordinates":[-80.04527,40.45548]},"properties":{"p":"0021K00102000000","a":"NAPLES AVE","m":"20th Ward - PITTSBURGH","u":"L","o":"corp","sf":17950,"v":15200}},{"type":"Feature","geometry":{"type":"Point","coordinates":[-80.0491,40.4601]},"properties":{"p":"0021A00024000000","a":"SANFORD ST","m":"20th Ward - PITTSBURGH","u":"L","o":"corp","sf":1256,"v":500}},{"type":"Feature","geometry":{"type":"Point","coordinates":[-80.04563,40.4549]},"properties":{"p":"0021N00355000000","a":"2614 GLASGOW ST","m":"20th Ward - PITTSBURGH","u":"L","o":"individual","sf":2500,"v":3500}},{"type":"Feature","geometry":{"type":"Point","coordinates":[-80.0457,40.45494]},"properties":{"p":"0021N00356000000","a":"2620 GLASGOW ST","m":"20th Ward - PITTSBURGH","u":"L","o":"individual","sf":2500,"v":3500}},{"type":"Feature","geometry":{"type":"Point","coordinates":[-80.04526,40.45343]},"properties":{"p":"0021P00007000000","a":"MERWYN AVE","m":"20th Ward - PITTSBURGH","u":"L","o":"corp","sf":4500,"v":13300}},{"type":"Feature","geometry":{"type":"Point","coordinates":[-80.04606,40.45841]},"properties":{"p":"0021E00071000000","a":"W CARSON ST","m":"20th Ward - PITTSBURGH","u":"L","o":"individual","sf":1224,"v":18700}},{"type":"Feature","geometry":{"type":"Point","coordinates":[-80.04613,40.4583]},"properties":{"p":"0021E00072000000","a":"950 POWELL AVE","m":"20th Ward - PITTSBURGH","u":"L","o":"individual","sf":4392,"v":28200}},{"type":"Feature","geometry":{"type":"Point","coordinates":[-80.04595,40.45833]},"properties":{"p":"0021E00073000000","a":"W CARSON ST","m":"20th Ward - PITTSBURGH","u":"L","o":"individual","sf":1990,"v":21000}},{"type":"Feature","geometry":{"type":"Point","coordinates":[-80.04328,40.45628]},"properties":{"p":"0021K00040000000","a":"W CARSON ST","m":"20th Ward - PITTSBURGH","u":"L","o":"individual","sf":6351,"v":30100}},{"type":"Feature","geometry":{"type":"Point","coordinates":[-80.04681,40.45511]},"properties":{"p":"0021N00330000000","a":"2643 GLASGOW ST","m":"20th Ward - PITTSBURGH","u":"L","o":"individual","sf":2000,"v":700}},{"type":"Feature","geometry":{"type":"Point","coordinates":[-80.04673,40.45506]},"properties":{"p":"0021N00331000000","a":"2643 GLASGOW ST","m":"20th Ward - PITTSBURGH","u":"L","o":"individual","sf":2000,"v":700}},{"type":"Feature","geometry":{"type":"Point","coordinates":[-80.04622,40.45477]},"properties":{"p":"0021N00338000000","a":"2633 GLASGOW ST","m":"20th Ward - PITTSBURGH","u":"L","o":"individual","sf":2000,"v":700}},{"type":"Feature","geometry":{"type":"Point","coordinates":[-80.04601,40.45802]},"properties":{"p":"0021E00091000000","a":"POWELL AVE","m":"20th Ward - PITTSBURGH","u":"L","o":"individual","sf":2400,"v":11100}},{"type":"Feature","geometry":{"type":"Point","coordinates":[-80.04932,40.45398]},"properties":{"p":"0021N00042000000","a":"MERWYN AVE","m":"20th Ward - PITTSBURGH","u":"L","o":"individual","sf":2500,"v":900}},{"type":"Feature","geometry":{"type":"Point","coordinates":[-80.04894,40.45356]},"properties":{"p":"0021N00049000000","a":"2705 MERWYN AVE","m":"20th Ward - PITTSBURGH","u":"L","o":"individual","sf":5321,"v":7000}},{"type":"Feature","geometry":{"type":"Point","coordinates":[-80.04867,40.45342]},"properties":{"p":"0021N00054000000","a":"2657 MERWYN AVE","m":"20th Ward - PITTSBURGH","u":"L","o":"individual","sf":6356,"v":14100}},{"type":"Feature","geometry":{"type":"Point","coordinates":[-80.04094,40.45186]},"properties":{"p":"0020C00034000000","a":"156 DANLEY ST","m":"20th Ward - PITTSBURGH","u":"L","o":"individual","sf":2320,"v":3300}},{"type":"Feature","geometry":{"type":"Point","coordinates":[-80.04129,40.4501]},"properties":{"p":"0020F00031000000","a":"HERROD ST","m":"20th Ward - PITTSBURGH","u":"L","o":"individual","sf":2400,"v":3400}},{"type":"Feature","geometry":{"type":"Point","coordinates":[-80.04805,40.45331]},"properties":{"p":"0021N00060000000","a":"2651 MERWYN AVE","m":"20th Ward - PITTSBURGH","u":"L","o":"individual","sf":3161,"v":1100}},{"type":"Feature","geometry":{"type":"Point","coordinates":[-80.04514,40.45477]},"properties":{"p":"0021P00057000000","a":"WASHVILLE ST","m":"20th Ward - PITTSBURGH","u":"L","o":"individual","sf":1053,"v":400}},{"type":"Feature","geometry":{"type":"Point","coordinates":[-80.04431,40.45406]},"properties":{"p":"0021P00071000000","a":"2502 GLASGOW ST","m":"20th Ward - PITTSBURGH","u":"L","o":"individual","sf":2500,"v":3500}},{"type":"Feature","geometry":{"type":"Point","coordinates":[-80.04423,40.45401]},"properties":{"p":"0021P00072000000","a":"2502 GLASGOW ST","m":"20th Ward - PITTSBURGH","u":"L","o":"individual","sf":2500,"v":3500}},{"type":"Feature","geometry":{"type":"Point","coordinates":[-80.04391,40.45421]},"properties":{"p":"0021P00080000000","a":"CONESTOGA ST","m":"20th Ward - PITTSBURGH","u":"L","o":"individual","sf":7124,"v":4100}},{"type":"Feature","geometry":{"type":"Point","coordinates":[-80.04082,40.45072]},"properties":{"p":"0020C00010000000","a":"LAKEWOOD ST","m":"20th Ward - PITTSBURGH","u":"L","o":"individual","sf":10176,"v":5000}},{"type":"Feature","geometry":{"type":"Point","coordinates":[-80.04033,40.45042]},"properties":{"p":"0020C00017000000","a":"1347 LAKEWOOD ST","m":"20th Ward - PITTSBURGH","u":"L","o":"corp","sf":5300,"v":1700}},{"type":"Feature","geometry":{"type":"Point","coordinates":[-80.04701,40.45889]},"properties":{"p":"0021E00057000000","a":"W CARSON ST","m":"20th Ward - PITTSBURGH","u":"L","o":"individual","sf":9398,"v":30400}},{"type":"Feature","geometry":{"type":"Point","coordinates":[-80.04679,40.45884]},"properties":{"p":"0021E00060000000","a":"2825 -2827 W CARSON ST","m":"20th Ward - PITTSBURGH","u":"L","o":"corp","sf":13032,"v":15700}},{"type":"Feature","geometry":{"type":"Point","coordinates":[-80.0482,40.45295]},"properties":{"p":"0021N00020000000","a":"GLEN MAWR ST","m":"20th Ward - PITTSBURGH","u":"L","o":"corp","sf":6050,"v":14100}},{"type":"Feature","geometry":{"type":"Point","coordinates":[-80.04837,40.45298]},"properties":{"p":"0021N00022000000","a":"GLEN MAWR ST","m":"20th Ward - PITTSBURGH","u":"L","o":"corp","sf":6000,"v":14100}},{"type":"Feature","geometry":{"type":"Point","coordinates":[-80.0487,40.45305]},"properties":{"p":"0021N00026000000","a":"GLEN MAWR ST","m":"20th Ward - PITTSBURGH","u":"L","o":"individual","sf":5684,"v":14100}},{"type":"Feature","geometry":{"type":"Point","coordinates":[-80.04459,40.45325]},"properties":{"p":"0021P00041000000","a":"329 OTTERSON AVE","m":"20th Ward - PITTSBURGH","u":"L","o":"individual","sf":2106,"v":700}},{"type":"Feature","geometry":{"type":"Point","coordinates":[-80.04872,40.45685]},"properties":{"p":"0021J00103000000","a":"GLASGOW ST","m":"20th Ward - PITTSBURGH","u":"L","o":"individual","sf":2450,"v":3400}},{"type":"Feature","geometry":{"type":"Point","coordinates":[-80.04764,40.45575]},"properties":{"p":"0021J00126000000","a":"GLASGOW ST","m":"20th Ward - PITTSBURGH","u":"L","o":"individual","sf":2500,"v":3500}},{"type":"Feature","geometry":{"type":"Point","coordinates":[-80.04759,40.45569]},"properties":{"p":"0021J00127000000","a":"GLASGOW ST","m":"20th Ward - PITTSBURGH","u":"L","o":"individual","sf":2500,"v":3500}},{"type":"Feature","geometry":{"type":"Point","coordinates":[-80.04754,40.45564]},"properties":{"p":"0021J00128000000","a":"GLASGOW ST","m":"20th Ward - PITTSBURGH","u":"L","o":"individual","sf":2500,"v":3500}},{"type":"Feature","geometry":{"type":"Point","coordinates":[-80.04757,40.45401]},"properties":{"p":"0021N00199000000","a":"STAFFORD ST","m":"20th Ward - PITTSBURGH","u":"L","o":"corp","sf":3826,"v":12400}},{"type":"Feature","geometry":{"type":"Point","coordinates":[-80.04645,40.45347]},"properties":{"p":"0021N00215000000","a":"STAFFORD ST","m":"20th Ward - PITTSBURGH","u":"L","o":"individual","sf":2050,"v":2900}},{"type":"Feature","geometry":{"type":"Point","coordinates":[-80.04409,40.45047]},"properties":{"p":"0020B00047000000","a":"CORLISS ST","m":"20th Ward - PITTSBURGH","u":"L","o":"individual","sf":2500,"v":900}},{"type":"Feature","geometry":{"type":"Point","coordinates":[-80.04347,40.45076]},"properties":{"p":"0020B00055000000","a":"CORLISS ST","m":"20th Ward - PITTSBURGH","u":"L","o":"corp","sf":7400,"v":14200}},{"type":"Feature","geometry":{"type":"Point","coordinates":[-80.04828,40.45703]},"properties":{"p":"0021J00181000000","a":"GLASGOW ST","m":"20th Ward - PITTSBURGH","u":"L","o":"individual","sf":2125,"v":3000}},{"type":"Feature","geometry":{"type":"Point","coordinates":[-80.04153,40.45478]},"properties":{"p":"0021P00266000000","a":"W CARSON ST","m":"20th Ward - PITTSBURGH","u":"L","o":"individual","sf":2900,"v":1100}},{"type":"Feature","geometry":{"type":"Point","coordinates":[-80.04325,40.45087]},"properties":{"p":"0020B00058000000","a":"CORLISS ST","m":"20th Ward - PITTSBURGH","u":"L","o":"corp","sf":2500,"v":1100}},{"type":"Feature","geometry":{"type":"Point","coordinates":[-80.04317,40.45091]},"properties":{"p":"0020B00059000000","a":"CORLISS ST","m":"20th Ward - PITTSBURGH","u":"L","o":"corp","sf":2500,"v":1100}},{"type":"Feature","geometry":{"type":"Point","coordinates":[-80.04309,40.45094]},"properties":{"p":"0020B00060000000","a":"CORLISS ST","m":"20th Ward - PITTSBURGH","u":"L","o":"corp","sf":2500,"v":1100}},{"type":"Feature","geometry":{"type":"Point","coordinates":[-80.04337,40.45051]},"properties":{"p":"0020B00123000000","a":"DANLEY ST","m":"20th Ward - PITTSBURGH","u":"L","o":"individual","sf":2500,"v":3500}},{"type":"Feature","geometry":{"type":"Point","coordinates":[-80.04186,40.45046]},"properties":{"p":"0020B00155000000","a":"1333 HERROD ST","m":"20th Ward - PITTSBURGH","u":"L","o":"individual","sf":4800,"v":6700}},{"type":"Feature","geometry":{"type":"Point","coordinates":[-80.04833,40.45594]},"properties":{"p":"0021J00070000000","a":"2738 SACRAMENTO AVE","m":"20th Ward - PITTSBURGH","u":"L","o":"corp","sf":2500,"v":900}},{"type":"Feature","geometry":{"type":"Point","coordinates":[-80.04894,40.45658]},"properties":{"p":"0021J00081000000","a":"SACRAMENTO AVE","m":"20th Ward - PITTSBURGH","u":"L","o":"individual","sf":2425,"v":3400}},{"type":"Feature","geometry":{"type":"Point","coordinates":[-80.04906,40.45487]},"properties":{"p":"0021N00175000000","a":"STAFFORD ST","m":"20th Ward - PITTSBURGH","u":"L","o":"individual","sf":2500,"v":3500}},{"type":"Feature","geometry":{"type":"Point","coordinates":[-80.04841,40.45421]},"properties":{"p":"0021N00188000000","a":"WYCKOFF AVE","m":"20th Ward - PITTSBURGH","u":"L","o":"individual","sf":4800,"v":13700}},{"type":"Feature","geometry":{"type":"Point","coordinates":[-80.04348,40.45277]},"properties":{"p":"0021P00223000000","a":"GLEN MAWR ST","m":"20th Ward - PITTSBURGH","u":"L","o":"corp","sf":8817,"v":14300}},{"type":"Feature","geometry":{"type":"Point","coordinates":[-80.04666,40.45646]},"properties":{"p":"0021J00160000000","a":"NAPLES AVE","m":"20th Ward - PITTSBURGH","u":"L","o":"corp","sf":16344,"v":5000}},{"type":"Feature","geometry":{"type":"Point","coordinates":[-80.04734,40.45619]},"properties":{"p":"0021J00164000000","a":"GLASGOW ST","m":"20th Ward - PITTSBURGH","u":"L","o":"individual","sf":3500,"v":4900}},{"type":"Feature","geometry":{"type":"Point","coordinates":[-80.0474,40.45624]},"properties":{"p":"0021J00165000000","a":"GLASGOW ST","m":"20th Ward - PITTSBURGH","u":"L","o":"individual","sf":3500,"v":4900}},{"type":"Feature","geometry":{"type":"Point","coordinates":[-80.04781,40.45661]},"properties":{"p":"0021J00175000000","a":"GLASGOW ST","m":"20th Ward - PITTSBURGH","u":"L","o":"corp","sf":11288,"v":14600}},{"type":"Feature","geometry":{"type":"Point","coordinates":[-80.04114,40.45417]},"properties":{"p":"0021P00254000000","a":"GLEN MAWR ST","m":"20th Ward - PITTSBURGH","u":"L","o":"individual","sf":2288,"v":900}},{"type":"Feature","geometry":{"type":"Point","coordinates":[-80.04115,40.45434]},"properties":{"p":"0021P00257000000","a":"GLEN MAWR ST","m":"20th Ward - PITTSBURGH","u":"L","o":"individual","sf":4743,"v":29200}},{"type":"Feature","geometry":{"type":"Point","coordinates":[-80.04128,40.45439]},"properties":{"p":"0021P00259000000","a":"GLEN MAWR ST","m":"20th Ward - PITTSBURGH","u":"L","o":"individual","sf":4850,"v":29600}},{"type":"Feature","geometry":{"type":"Point","coordinates":[-80.04524,40.45249]},"properties":{"p":"0020B00006000000","a":"GLEN MAWR ST","m":"20th Ward - PITTSBURGH","u":"L","o":"individual","sf":3181,"v":4500}},{"type":"Feature","geometry":{"type":"Point","coordinates":[-80.04506,40.45247]},"properties":{"p":"0020B00008000000","a":"GLEN MAWR ST","m":"20th Ward - PITTSBURGH","u":"L","o":"individual","sf":2704,"v":3800}},{"type":"Feature","geometry":{"type":"Point","coordinates":[-80.04796,40.45674]},"properties":{"p":"0021J00176000000","a":"GLASGOW ST","m":"20th Ward - PITTSBURGH","u":"L","o":"corp","sf":2500,"v":1100}},{"type":"Feature","geometry":{"type":"Point","coordinates":[-80.04709,40.45423]},"properties":{"p":"0021N00244000000","a":"2650 STAFFORD ST","m":"20th Ward - PITTSBURGH","u":"L","o":"individual","sf":2011,"v":700}},{"type":"Feature","geometry":{"type":"Point","coordinates":[-80.04744,40.45442]},"properties":{"p":"0021N00250000000","a":"STAFFORD ST","m":"20th Ward - PITTSBURGH","u":"L","o":"corp","sf":7991,"v":14300}},{"type":"Feature","geometry":{"type":"Point","coordinates":[-80.04772,40.45448]},"properties":{"p":"0021N00254000000","a":"WYCOFF ST","m":"20th Ward - PITTSBURGH","u":"L","o":"corp","sf":9519,"v":14400}},{"type":"Feature","geometry":{"type":"Point","coordinates":[-80.04824,40.45466]},"properties":{"p":"0021N00261000000","a":"STAFFORD ST","m":"20th Ward - PITTSBURGH","u":"L","o":"corp","sf":2500,"v":900}},{"type":"Feature","geometry":{"type":"Point","coordinates":[-80.04617,40.45606]},"properties":{"p":"0021J00217000000","a":"NAPLES AVE","m":"20th Ward - PITTSBURGH","u":"L","o":"corp","sf":59982,"v":12100}},{"type":"Feature","geometry":{"type":"Point","coordinates":[-80.04572,40.45578]},"properties":{"p":"0021J00223000000","a":"NAPLES AVE","m":"20th Ward - PITTSBURGH","u":"L","o":"corp","sf":64599,"v":12500}},{"type":"Feature","geometry":{"type":"Point","coordinates":[-80.04848,40.45492]},"properties":{"p":"0021N00274000000","a":"STAFFORD ST","m":"20th Ward - PITTSBURGH","u":"L","o":"corp","sf":15500,"v":15000}},{"type":"Feature","geometry":{"type":"Point","coordinates":[-80.04815,40.45512]},"properties":{"p":"0021N00275000000","a":"SACRAMENTO AVE","m":"20th Ward - PITTSBURGH","u":"L","o":"individual","sf":2520,"v":10500}},{"type":"Feature","geometry":{"type":"Point","coordinates":[-80.04729,40.45466]},"properties":{"p":"0021N00289000000","a":"SACRAMENTO AVE","m":"20th Ward - PITTSBURGH","u":"L","o":"individual","sf":4000,"v":12600}},{"type":"Feature","geometry":{"type":"Point","coordinates":[-80.04711,40.45456]},"properties":{"p":"0021N00291000000","a":"SACRAMENTO AVE","m":"20th Ward - PITTSBURGH","u":"L","o":"corp","sf":6000,"v":7100}},{"type":"Feature","geometry":{"type":"Point","coordinates":[-80.04749,40.45558]},"properties":{"p":"0021J00129000000","a":"GLASGOW ST","m":"20th Ward - PITTSBURGH","u":"L","o":"individual","sf":2500,"v":900}},{"type":"Feature","geometry":{"type":"Point","coordinates":[-80.04723,40.45534]},"properties":{"p":"0021J00135000000","a":"GLASGOW ST","m":"20th Ward - PITTSBURGH","u":"L","o":"individual","sf":1600,"v":600}},{"type":"Feature","geometry":{"type":"Point","coordinates":[-80.04679,40.45555]},"properties":{"p":"0021J00151000000","a":"2644 GLASGOW ST","m":"20th Ward - PITTSBURGH","u":"L","o":"individual","sf":2500,"v":3500}},{"type":"Feature","geometry":{"type":"Point","coordinates":[-80.04301,40.45098]},"properties":{"p":"0020B00061000000","a":"CORLISS ST","m":"20th Ward - PITTSBURGH","u":"L","o":"corp","sf":2500,"v":1100}},{"type":"Feature","geometry":{"type":"Point","coordinates":[-80.04673,40.45402]},"properties":{"p":"0021N00239000000","a":"STAFFORD ST","m":"20th Ward - PITTSBURGH","u":"L","o":"individual","sf":1982,"v":2800}},{"type":"Feature","geometry":{"type":"Point","coordinates":[-80.0468,40.45407]},"properties":{"p":"0021N00240000000","a":"STAFFORD ST","m":"20th Ward - PITTSBURGH","u":"L","o":"individual","sf":1994,"v":2800}},{"type":"Feature","geometry":{"type":"Point","coordinates":[-80.04687,40.4541]},"properties":{"p":"0021N00241000000","a":"STAFFORD ST","m":"20th Ward - PITTSBURGH","u":"L","o":"individual","sf":1994,"v":700}},{"type":"Feature","geometry":{"type":"Point","coordinates":[-80.04111,40.4541]},"properties":{"p":"0021R00001000000","a":"GLEN MAWR ST","m":"20th Ward - PITTSBURGH","u":"L","o":"individual","sf":2150,"v":21500}},{"type":"Feature","geometry":{"type":"Point","coordinates":[-80.04106,40.45403]},"properties":{"p":"0021R00004000000","a":"GLEN MAWR ST","m":"20th Ward - PITTSBURGH","u":"L","o":"individual","sf":2129,"v":800}},{"type":"Feature","geometry":{"type":"Point","coordinates":[-80.04083,40.45379]},"properties":{"p":"0021R00020000000","a":"GLEN MAWR ST","m":"20th Ward - PITTSBURGH","u":"L","o":"individual","sf":1800,"v":20400}},{"type":"Feature","geometry":{"type":"Point","coordinates":[-80.04142,40.45135]},"properties":{"p":"0020B00097000000","a":"DANLEY ST","m":"20th Ward - PITTSBURGH","u":"L","o":"individual","sf":3863,"v":5400}},{"type":"Feature","geometry":{"type":"Point","coordinates":[-80.04578,40.45283]},"properties":{"p":"0021N00087000000","a":"MERWYN AVE","m":"20th Ward - PITTSBURGH","u":"L","o":"corp","sf":4731,"v":1400}},{"type":"Feature","geometry":{"type":"Point","coordinates":[-80.04334,40.4542]},"properties":{"p":"0021P00119000000","a":"CONESTOGA ST","m":"20th Ward - PITTSBURGH","u":"L","o":"individual","sf":9060,"v":14400}},{"type":"Feature","geometry":{"type":"Point","coordinates":[-80.04347,40.45408]},"properties":{"p":"0021P00121000000","a":"CONESTOGA ST","m":"20th Ward - PITTSBURGH","u":"L","o":"corp","sf":5950,"v":14100}},{"type":"Feature","geometry":{"type":"Point","coordinates":[-80.04614,40.45811]},"properties":{"p":"0021E00092000000","a":"POWELL AVE","m":"20th Ward - PITTSBURGH","u":"L","o":"individual","sf":2400,"v":900}},{"type":"Feature","geometry":{"type":"Point","coordinates":[-80.04633,40.45825]},"properties":{"p":"0021E00095000000","a":"POWELL AVE","m":"20th Ward - PITTSBURGH","u":"L","o":"individual","sf":2700,"v":1000}},{"type":"Feature","geometry":{"type":"Point","coordinates":[-80.04794,40.45329]},"properties":{"p":"0021N00061000000","a":"MERWYN AVE","m":"20th Ward - PITTSBURGH","u":"L","o":"individual","sf":6411,"v":14100}},{"type":"Feature","geometry":{"type":"Point","coordinates":[-80.04784,40.45327]},"properties":{"p":"0021N00063000000","a":"MERWYN AVE","m":"20th Ward - PITTSBURGH","u":"L","o":"individual","sf":3206,"v":11500}},{"type":"Feature","geometry":{"type":"Point","coordinates":[-80.04774,40.45324]},"properties":{"p":"0021N00064000000","a":"MERWYN AVE","m":"20th Ward - PITTSBURGH","u":"L","o":"individual","sf":5121,"v":7000}},{"type":"Feature","geometry":{"type":"Point","coordinates":[-80.04764,40.45322]},"properties":{"p":"0021N00066000000","a":"2627 MERWYN AVE","m":"20th Ward - PITTSBURGH","u":"L","o":"individual","sf":2867,"v":1000}},{"type":"Feature","geometry":{"type":"Point","coordinates":[-80.0475,40.45317]},"properties":{"p":"0021N00068000000","a":"2627 MERWYN AVE","m":"20th Ward - PITTSBURGH","u":"L","o":"individual","sf":2850,"v":4000}},{"type":"Feature","geometry":{"type":"Point","coordinates":[-80.04392,40.4544]},"properties":{"p":"0021P00083000000","a":"CONESTOGA ST","m":"20th Ward - PITTSBURGH","u":"L","o":"individual","sf":2325,"v":800}},{"type":"Feature","geometry":{"type":"Point","coordinates":[-80.04901,40.45601]},"properties":{"p":"0021J00038000000","a":"SACRAMENTO AVE","m":"20th Ward - PITTSBURGH","u":"L","o":"corp","sf":2500,"v":3500}},{"type":"Feature","geometry":{"type":"Point","coordinates":[-80.04866,40.45564]},"properties":{"p":"0021J00044000000","a":"2737 SACRAMENTO AVE","m":"20th Ward - PITTSBURGH","u":"L","o":"individual","sf":5000,"v":7000}},{"type":"Feature","geometry":{"type":"Point","coordinates":[-80.04858,40.45556]},"properties":{"p":"0021J00046000000","a":"SACRAMENTO AVE","m":"20th Ward - PITTSBURGH","u":"L","o":"corp","sf":2500,"v":3500}},{"type":"Feature","geometry":{"type":"Point","coordinates":[-80.04853,40.45551]},"properties":{"p":"0021J00047000000","a":"SACRAMENTO AVE","m":"20th Ward - PITTSBURGH","u":"L","o":"corp","sf":2500,"v":3500}},{"type":"Feature","geometry":{"type":"Point","coordinates":[-80.04685,40.45333]},"properties":{"p":"0021N00129000000","a":"MERWYN AVE","m":"20th Ward - PITTSBURGH","u":"L","o":"individual","sf":4492,"v":1400}},{"type":"Feature","geometry":{"type":"Point","coordinates":[-80.04758,40.45366]},"properties":{"p":"0021N00139000000","a":"MERWYN AVE","m":"20th Ward - PITTSBURGH","u":"L","o":"corp","sf":5510,"v":14100}},{"type":"Feature","geometry":{"type":"Point","coordinates":[-80.04771,40.4537]},"properties":{"p":"0021N00140000000","a":"MERWYN AVE","m":"20th Ward - PITTSBURGH","u":"L","o":"individual","sf":2275,"v":800}},{"type":"Feature","geometry":{"type":"Point","coordinates":[-80.0479,40.45372]},"properties":{"p":"0021N00143000000","a":"MERWYN AVE","m":"20th Ward - PITTSBURGH","u":"L","o":"corp","sf":8655,"v":14300}},{"type":"Feature","geometry":{"type":"Point","coordinates":[-80.04279,40.45425]},"properties":{"p":"0021P00172000000","a":"HUNT ST","m":"20th Ward - PITTSBURGH","u":"L","o":"corp","sf":6250,"v":14100}},{"type":"Feature","geometry":{"type":"Point","coordinates":[-80.04291,40.45416]},"properties":{"p":"0021P00173000000","a":"HUNT ST","m":"20th Ward - PITTSBURGH","u":"L","o":"individual","sf":6250,"v":14100}},{"type":"Feature","geometry":{"type":"Point","coordinates":[-80.04249,40.45427]},"properties":{"p":"0021P00188000000","a":"ROCKYHILL ST","m":"20th Ward - PITTSBURGH","u":"L","o":"individual","sf":1150,"v":400}},{"type":"Feature","geometry":{"type":"Point","coordinates":[-80.04218,40.454]},"properties":{"p":"0021P00193000000","a":"ROCKYHILL ST","m":"20th Ward - PITTSBURGH","u":"L","o":"individual","sf":5200,"v":7000}},{"type":"Feature","geometry":{"type":"Point","coordinates":[-80.04592,40.45322]},"properties":{"p":"0021N00116000000","a":"MERWYN AVE","m":"20th Ward - PITTSBURGH","u":"L","o":"corp","sf":6988,"v":2200}},{"type":"Feature","geometry":{"type":"Point","coordinates":[-80.04655,40.4532]},"properties":{"p":"0021N00123000000","a":"MERWYN AVE","m":"20th Ward - PITTSBURGH","u":"L","o":"individual","sf":7938,"v":14300}},{"type":"Feature","geometry":{"type":"Point","coordinates":[-80.04674,40.45328]},"properties":{"p":"0021N00127000000","a":"MERWYN AVE","m":"20th Ward - PITTSBURGH","u":"L","o":"individual","sf":2150,"v":700}},{"type":"Feature","geometry":{"type":"Point","coordinates":[-80.0438,40.45296]},"properties":{"p":"0021P00148000000","a":"HUNT ST","m":"20th Ward - PITTSBURGH","u":"L","o":"individual","sf":5600,"v":14100}},{"type":"Feature","geometry":{"type":"Point","coordinates":[-80.04364,40.45328]},"properties":{"p":"0021P00154000000","a":"HUNT ST","m":"20th Ward - PITTSBURGH","u":"L","o":"individual","sf":3125,"v":11400}},{"type":"Feature","geometry":{"type":"Point","coordinates":[-80.04877,40.45523]},"properties":{"p":"0021J00007000000","a":"STAFFORD ST","m":"20th Ward - PITTSBURGH","u":"L","o":"corp","sf":1000,"v":1400}},{"type":"Feature","geometry":{"type":"Point","coordinates":[-80.04892,40.45539]},"properties":{"p":"0021J00010000000","a":"STAFFORD ST","m":"20th Ward - PITTSBURGH","u":"L","o":"corp","sf":2500,"v":900}},{"type":"Feature","geometry":{"type":"Point","coordinates":[-80.05642,40.45077]},"properties":{"p":"0041C00189000000","a":"SANBORN ST","m":"28th Ward - PITTSBURGH","u":"L","o":"individual","sf":9000,"v":8400}},{"type":"Feature","geometry":{"type":"Point","coordinates":[-80.05629,40.45064]},"properties":{"p":"0041C00193000000","a":"SANBORN ST","m":"28th Ward - PITTSBURGH","u":"L","o":"individual","sf":3000,"v":4800}},{"type":"Feature","geometry":{"type":"Point","coordinates":[-80.05622,40.45058]},"properties":{"p":"0041C00194000000","a":"SANBORN ST","m":"28th Ward - PITTSBURGH","u":"L","o":"individual","sf":3000,"v":4800}},{"type":"Feature","geometry":{"type":"Point","coordinates":[-80.05563,40.45003]},"properties":{"p":"0041G00204000000","a":"SANBORN ST","m":"28th Ward - PITTSBURGH","u":"L","o":"individual","sf":4500,"v":7200}},{"type":"Feature","geometry":{"type":"Point","coordinates":[-80.05964,40.45089]},"properties":{"p":"0041B00301000000","a":"BERRY ST","m":"28th Ward - PITTSBURGH","u":"L","o":"corp","sf":4711,"v":7100}},{"type":"Feature","geometry":{"type":"Point","coordinates":[-80.05714,40.45011]},"properties":{"p":"0041G00014000000","a":"STRAKA ST","m":"28th Ward - PITTSBURGH","u":"L","o":"individual","sf":6600,"v":16100}},{"type":"Feature","geometry":{"type":"Point","coordinates":[-80.05736,40.45041]},"properties":{"p":"0041C00168000000","a":"OAKGLEN ST","m":"28th Ward - PITTSBURGH","u":"L","o":"individual","sf":3300,"v":5300}},{"type":"Feature","geometry":{"type":"Point","coordinates":[-80.05716,40.45048]},"properties":{"p":"0041C00170000000","a":"OAKGLEN ST","m":"28th Ward - PITTSBURGH","u":"L","o":"individual","sf":3300,"v":5300}},{"type":"Feature","geometry":{"type":"Point","coordinates":[-80.05696,40.45054]},"properties":{"p":"0041C00172000000","a":"1201 OAKGLEN ST","m":"28th Ward - PITTSBURGH","u":"L","o":"individual","sf":3300,"v":5300}},{"type":"Feature","geometry":{"type":"Point","coordinates":[-80.05718,40.4514]},"properties":{"p":"0041C00176000000","a":"SANBORN ST","m":"28th Ward - PITTSBURGH","u":"L","o":"individual","sf":4102,"v":6600}},{"type":"Feature","geometry":{"type":"Point","coordinates":[-80.05767,40.45032]},"properties":{"p":"0041G00004000000","a":"OAKGLEN ST","m":"28th Ward - PITTSBURGH","u":"L","o":"individual","sf":3110,"v":5000}},{"type":"Feature","geometry":{"type":"Point","coordinates":[-80.05335,40.45001]},"properties":{"p":"0041H00017000000","a":"764 FAIRSTON ST","m":"28th Ward - PITTSBURGH","u":"L","o":"individual","sf":2762,"v":900}},{"type":"Feature","geometry":{"type":"Point","coordinates":[-80.05323,40.4502]},"properties":{"p":"0041H00020000000","a":"764 FAIRSTON ST","m":"28th Ward - PITTSBURGH","u":"L","o":"individual","sf":2762,"v":900}},{"type":"Feature","geometry":{"type":"Point","coordinates":[-80.05865,40.45049]},"properties":{"p":"0041B00346000000","a":"1248 OAKGLEN ST","m":"28th Ward - PITTSBURGH","u":"L","o":"individual","sf":3300,"v":5300}},{"type":"Feature","geometry":{"type":"Point","coordinates":[-80.05755,40.45167]},"properties":{"p":"0041C00149000000","a":"BERRY ST","m":"28th Ward - PITTSBURGH","u":"L","o":"individual","sf":9900,"v":16400}},{"type":"Feature","geometry":{"type":"Point","coordinates":[-80.05929,40.45029]},"properties":{"p":"0041F00062000000","a":"OAKGLEN ST","m":"28th Ward - PITTSBURGH","u":"L","o":"individual","sf":6645,"v":16200}},{"type":"Feature","geometry":{"type":"Point","coordinates":[-80.05796,40.4507]},"properties":{"p":"0041B00337000000","a":"OAKGLEN ST","m":"28th Ward - PITTSBURGH","u":"L","o":"individual","sf":3300,"v":5300}},{"type":"Feature","geometry":{"type":"Point","coordinates":[-80.05806,40.45067]},"properties":{"p":"0041B00338000000","a":"OAKGLEN ST","m":"28th Ward - PITTSBURGH","u":"L","o":"individual","sf":3300,"v":5300}},{"type":"Feature","geometry":{"type":"Point","coordinates":[-80.05835,40.45058]},"properties":{"p":"0041B00343000000","a":"OAKGLEN ST","m":"28th Ward - PITTSBURGH","u":"L","o":"individual","sf":9900,"v":8400}},{"type":"Feature","geometry":{"type":"Point","coordinates":[-80.05998,40.46764]},"properties":{"p":"0043F00242000000","a":"ISLAND AVE","m":"McKees Rocks","u":"L","o":"individual","sf":882,"v":4700}},{"type":"Feature","geometry":{"type":"Point","coordinates":[-80.05999,40.46757]},"properties":{"p":"0043F00243000000","a":"ISLAND AVE","m":"McKees Rocks","u":"L","o":"individual","sf":952,"v":4800}},{"type":"Feature","geometry":{"type":"Point","coordinates":[-80.05989,40.46904]},"properties":{"p":"0043F00221000000","a":"ISLAND AVE","m":"McKees Rocks","u":"L","o":"individual","sf":2500,"v":6000}},{"type":"Feature","geometry":{"type":"Point","coordinates":[-80.0597,40.46842]},"properties":{"p":"0043F00229000000","a":"ISLAND AVE","m":"McKees Rocks","u":"L","o":"individual","sf":1607,"v":5300}},{"type":"Feature","geometry":{"type":"Point","coordinates":[-80.05989,40.46815]},"properties":{"p":"0043F00234000000","a":"ISLAND AVE","m":"McKees Rocks","u":"L","o":"corp","sf":1357,"v":5100}},{"type":"Feature","geometry":{"type":"Point","coordinates":[-80.05991,40.46808]},"properties":{"p":"0043F00235000000","a":"ISLAND AVE","m":"McKees Rocks","u":"L","o":"individual","sf":1140,"v":4900}},{"type":"Feature","geometry":{"type":"Point","coordinates":[-80.05995,40.46783]},"properties":{"p":"0043F00238000000","a":"ISLAND AVE","m":"McKees Rocks","u":"L","o":"individual","sf":2671,"v":6100}},{"type":"Feature","geometry":{"type":"Point","coordinates":[-80.05997,40.46771]},"properties":{"p":"0043F00241000000","a":"ISLAND AVE","m":"McKees Rocks","u":"L","o":"individual","sf":1039,"v":4800}},{"type":"Feature","geometry":{"type":"Point","coordinates":[-80.0461,40.45845]},"properties":{"p":"0021E00070000000","a":"W CARSON ST","m":"20th Ward - PITTSBURGH","u":"L","o":"individual","sf":1016,"v":18100}},{"type":"Feature","geometry":{"type":"Point","coordinates":[-80.0545,40.46271]},"properties":{"p":"0043R00180000000","a":"OREGON ST","m":"20th Ward - PITTSBURGH","u":"L","o":"individual","sf":3000,"v":1200}},{"type":"Feature","geometry":{"type":"Point","coordinates":[-80.05046,40.46103]},"properties":{"p":"0042D00216000000","a":"111 FRUSTUM ST","m":"20th Ward - PITTSBURGH","u":"L","o":"individual","sf":2500,"v":1700}},{"type":"Feature","geometry":{"type":"Point","coordinates":[-80.05582,40.45947]},"properties":{"p":"0042G00262000000","a":"3311 GLEN MAWR ST","m":"20th Ward - PITTSBURGH","u":"L","o":"individual","sf":3825,"v":1200}},{"type":"Feature","geometry":{"type":"Point","coordinates":[-80.05855,40.45052]},"properties":{"p":"0041B00345000000","a":"OAKGLEN ST","m":"28th Ward - PITTSBURGH","u":"L","o":"individual","sf":3300,"v":5300}},{"type":"Feature","geometry":{"type":"Point","coordinates":[-80.05344,40.45217]},"properties":{"p":"0041D00015000000","a":"CHARTIERS AVE","m":"20th Ward - PITTSBURGH","u":"L","o":"individual","sf":13710,"v":200}},{"type":"Feature","geometry":{"type":"Point","coordinates":[-80.05253,40.45122]},"properties":{"p":"0041D00066000000","a":"726 FAIRSTON ST","m":"20th Ward - PITTSBURGH","u":"L","o":"individual","sf":5750,"v":8100}},{"type":"Feature","geometry":{"type":"Point","coordinates":[-80.05333,40.45934]},"properties":{"p":"0042H00098000000","a":"STAFFORD ST","m":"20th Ward - PITTSBURGH","u":"L","o":"corp","sf":5800,"v":7100}},{"type":"Feature","geometry":{"type":"Point","coordinates":[-80.05418,40.46302]},"properties":{"p":"0043R00152000000","a":"SAGAMORE ST","m":"20th Ward - PITTSBURGH","u":"L","o":"individual","sf":3000,"v":200}},{"type":"Feature","geometry":{"type":"Point","coordinates":[-80.05334,40.46378]},"properties":{"p":"0043S00018000000","a":"SAGAMORE ST","m":"20th Ward - PITTSBURGH","u":"L","o":"corp","sf":3000,"v":1200}},{"type":"Feature","geometry":{"type":"Point","coordinates":[-80.05203,40.46249]},"properties":{"p":"0043S00108000000","a":"3313 W CARSON ST","m":"20th Ward - PITTSBURGH","u":"L","o":"corp","sf":3100,"v":9300}},{"type":"Feature","geometry":{"type":"Point","coordinates":[-80.04592,40.45506]},"properties":{"p":"0021N00359000000","a":"2622 GLASGOW ST","m":"20th Ward - PITTSBURGH","u":"L","o":"individual","sf":2500,"v":900}},{"type":"Feature","geometry":{"type":"Point","coordinates":[-80.04976,40.46059]},"properties":{"p":"0042D00196000000","a":"SAGINAW ST","m":"20th Ward - PITTSBURGH","u":"L","o":"individual","sf":1588,"v":900}},{"type":"Feature","geometry":{"type":"Point","coordinates":[-80.05374,40.45962]},"properties":{"p":"0042G00055000000","a":"STAFFORD ST","m":"20th Ward - PITTSBURGH","u":"L","o":"corp","sf":5018,"v":14000}},{"type":"Feature","geometry":{"type":"Point","coordinates":[-80.05392,40.4591]},"properties":{"p":"0042G00085000000","a":"STAFFORD ST","m":"20th Ward - PITTSBURGH","u":"L","o":"individual","sf":7854,"v":14300}},{"type":"Feature","geometry":{"type":"Point","coordinates":[-80.04893,40.45593]},"properties":{"p":"0021J00040000000","a":"SACRAMENTO AVE","m":"20th Ward - PITTSBURGH","u":"L","o":"corp","sf":5000,"v":14000}},{"type":"Feature","geometry":{"type":"Point","coordinates":[-80.05394,40.45228]},"properties":{"p":"0041C00075000000","a":"CHARTIERS AVE","m":"20th Ward - PITTSBURGH","u":"L","o":"individual","sf":2858,"v":200}},{"type":"Feature","geometry":{"type":"Point","coordinates":[-80.04938,40.46036]},"properties":{"p":"0042D00179000100","a":"SANFORD ST","m":"20th Ward - PITTSBURGH","u":"L","o":"individual","sf":2907,"v":1100}},{"type":"Feature","geometry":{"type":"Point","coordinates":[-80.05324,40.4588]},"properties":{"p":"0042H00042000000","a":"MERWYN AVE","m":"20th Ward - PITTSBURGH","u":"L","o":"corp","sf":4200,"v":5900}},{"type":"Feature","geometry":{"type":"Point","coordinates":[-80.0489,40.45653]},"properties":{"p":"0021J00080000000","a":"SACRAMENTO AVE","m":"20th Ward - PITTSBURGH","u":"L","o":"individual","sf":2500,"v":3500}},{"type":"Feature","geometry":{"type":"Point","coordinates":[-80.05478,40.46118]},"properties":{"p":"0042C00163000000","a":"RADCLIFFE ST","m":"20th Ward - PITTSBURGH","u":"L","o":"individual","sf":2500,"v":1000}},{"type":"Feature","geometry":{"type":"Point","coordinates":[-80.05993,40.46798]},"properties":{"p":"0043F00236000000","a":"ISLAND AVE","m":"McKees Rocks","u":"L","o":"individual","sf":1764,"v":5400}},{"type":"Feature","geometry":{"type":"Point","coordinates":[-80.04624,40.45846]},"properties":{"p":"0021E00069000000","a":"W CARSON ST","m":"20th Ward - PITTSBURGH","u":"L","o":"individual","sf":3705,"v":26100}},{"type":"Feature","geometry":{"type":"Point","coordinates":[-80.04091,40.45371]},"properties":{"p":"0021R00022000000","a":"GLEN MAWR ST","m":"20th Ward - PITTSBURGH","u":"L","o":"individual","sf":1800,"v":20400}},{"type":"Feature","geometry":{"type":"Point","coordinates":[-80.05893,40.45393]},"properties":{"p":"0042P00301000000","a":"CHARTIERS AVE","m":"20th Ward - PITTSBURGH","u":"L","o":"corp","sf":6740,"v":14200}},{"type":"Feature","geometry":{"type":"Point","coordinates":[-80.05076,40.4612]},"properties":{"p":"0042D00158000000","a":"3217 W CARSON ST","m":"20th Ward - PITTSBURGH","u":"L","o":"individual","sf":1320,"v":4000}},{"type":"Feature","geometry":{"type":"Point","coordinates":[-80.05512,40.4505]},"properties":{"p":"0041C00252000000","a":"FRONTENAC ST","m":"20th Ward - PITTSBURGH","u":"L","o":"individual","sf":12200,"v":1400}},{"type":"Feature","geometry":{"type":"Point","coordinates":[-80.05411,40.46026]},"properties":{"p":"0042C00052000000","a":"ADENA ST","m":"20th Ward - PITTSBURGH","u":"L","o":"individual","sf":15708,"v":15000}},{"type":"Feature","geometry":{"type":"Point","coordinates":[-80.04036,40.4501]},"properties":{"p":"0020G00014000000","a":"LAKEWOOD ST","m":"20th Ward - PITTSBURGH","u":"L","o":"corp","sf":4332,"v":4200}},{"type":"Feature","geometry":{"type":"Point","coordinates":[-80.04578,40.4582]},"properties":{"p":"0021E00076000000","a":"W CARSON ST","m":"20th Ward - PITTSBURGH","u":"L","o":"individual","sf":1990,"v":800}},{"type":"Feature","geometry":{"type":"Point","coordinates":[-80.04567,40.45811]},"properties":{"p":"0021E00078000000","a":"W CARSON ST","m":"20th Ward - PITTSBURGH","u":"L","o":"individual","sf":1992,"v":1000}},{"type":"Feature","geometry":{"type":"Point","coordinates":[-80.04467,40.45434]},"properties":{"p":"0021P00069000000","a":"2616 WASHVILLE ST","m":"20th Ward - PITTSBURGH","u":"L","o":"individual","sf":32100,"v":10000}},{"type":"Feature","geometry":{"type":"Point","coordinates":[-80.04618,40.45313]},"properties":{"p":"0021N00120000000","a":"MERWYN AVE","m":"20th Ward - PITTSBURGH","u":"L","o":"corp","sf":2840,"v":1000}},{"type":"Feature","geometry":{"type":"Point","coordinates":[-80.04654,40.45611]},"properties":{"p":"0021J00158000000","a":"GLASGOW ST","m":"20th Ward - PITTSBURGH","u":"L","o":"individual","sf":46217,"v":17800}},{"type":"Feature","geometry":{"type":"Point","coordinates":[-80.04295,40.45326]},"properties":{"p":"0021P00213000000","a":"GLEN MAWR ST","m":"20th Ward - PITTSBURGH","u":"L","o":"individual","sf":7100,"v":7000}},{"type":"Feature","geometry":{"type":"Point","coordinates":[-80.05018,40.46081]},"properties":{"p":"0042D00200000000","a":"SAGINAW ST","m":"20th Ward - PITTSBURGH","u":"L","o":"individual","sf":3500,"v":25500}},{"type":"Feature","geometry":{"type":"Point","coordinates":[-80.05127,40.45486]},"properties":{"p":"0042S00255000000","a":"GLEN MAWR ST","m":"20th Ward - PITTSBURGH","u":"L","o":"corp","sf":2500,"v":900}},{"type":"Feature","geometry":{"type":"Point","coordinates":[-80.05105,40.4611]},"properties":{"p":"0042D00218000000","a":"FRUSTUM ST","m":"20th Ward - PITTSBURGH","u":"L","o":"corp","sf":1595,"v":19800}},{"type":"Feature","geometry":{"type":"Point","coordinates":[-80.05127,40.45828]},"properties":{"p":"0042H00152000000","a":"SACRAMENTO AVE","m":"20th Ward - PITTSBURGH","u":"L","o":"individual","sf":8500,"v":14300}},{"type":"Feature","geometry":{"type":"Point","coordinates":[-80.05269,40.45354]},"properties":{"p":"0042S00071000000","a":"HILLSBORO ST","m":"20th Ward - PITTSBURGH","u":"L","o":"individual","sf":6561,"v":700}},{"type":"Feature","geometry":{"type":"Point","coordinates":[-80.04314,40.45308]},"properties":{"p":"0021P00216000000","a":"GLEN MAWR ST","m":"20th Ward - PITTSBURGH","u":"L","o":"individual","sf":3175,"v":11500}},{"type":"Feature","geometry":{"type":"Point","coordinates":[-80.0469,40.45484]},"properties":{"p":"0021N00321000000","a":"2634 SACRAMENTO AVE","m":"20th Ward - PITTSBURGH","u":"L","o":"individual","sf":4000,"v":12600}},{"type":"Feature","geometry":{"type":"Point","coordinates":[-80.04363,40.45069]},"properties":{"p":"0020B00053000000","a":"CORLISS ST","m":"20th Ward - PITTSBURGH","u":"L","o":"corp","sf":2500,"v":1100}},{"type":"Feature","geometry":{"type":"Point","coordinates":[-80.05302,40.45408]},"properties":{"p":"0042S00018000000","a":"BERGMAN ST","m":"20th Ward - PITTSBURGH","u":"L","o":"individual","sf":2800,"v":900}},{"type":"Feature","geometry":{"type":"Point","coordinates":[-80.05414,40.45926]},"properties":{"p":"0042G00082000000","a":"STAFFORD ST","m":"20th Ward - PITTSBURGH","u":"L","o":"individual","sf":3206,"v":4500}},{"type":"Feature","geometry":{"type":"Point","coordinates":[-80.04118,40.45165]},"properties":{"p":"0020B00086000000","a":"DANLEY ST","m":"20th Ward - PITTSBURGH","u":"L","o":"individual","sf":2500,"v":900}},{"type":"Feature","geometry":{"type":"Point","coordinates":[-80.0536,40.45221]},"properties":{"p":"0041D00014000000","a":"CHARTIERS AVE","m":"20th Ward - PITTSBURGH","u":"L","o":"individual","sf":2750,"v":200}},{"type":"Feature","geometry":{"type":"Point","coordinates":[-80.0501,40.46025]},"properties":{"p":"0042D00188000002","a":"SAGINAW ST","m":"20th Ward - PITTSBURGH","u":"L","o":"corp","sf":35501,"v":32800}},{"type":"Feature","geometry":{"type":"Point","coordinates":[-80.04575,40.45339]},"properties":{"p":"0021N00112000000","a":"MERWYN AVE","m":"20th Ward - PITTSBURGH","u":"L","o":"corp","sf":8098,"v":2500}},{"type":"Feature","geometry":{"type":"Point","coordinates":[-80.05518,40.45083]},"properties":{"p":"0041C00258000000","a":"STRAKA ST","m":"20th Ward - PITTSBURGH","u":"L","o":"individual","sf":5000,"v":8000}},{"type":"Feature","geometry":{"type":"Point","coordinates":[-80.05062,40.45286]},"properties":{"p":"0042S00100000000","a":"CONVERSE ST","m":"20th Ward - PITTSBURGH","u":"L","o":"corp","sf":6363,"v":2000}},{"type":"Feature","geometry":{"type":"Point","coordinates":[-80.04743,40.4524]},"properties":{"p":"0020A00045000000","a":"GLEN MAWR ST","m":"20th Ward - PITTSBURGH","u":"L","o":"corp","sf":2000,"v":9800}},{"type":"Feature","geometry":{"type":"Point","coordinates":[-80.04849,40.45612]},"properties":{"p":"0021J00073000000","a":"SACRAMENTO AVE","m":"20th Ward - PITTSBURGH","u":"L","o":"corp","sf":2500,"v":900}},{"type":"Feature","geometry":{"type":"Point","coordinates":[-80.05441,40.46342]},"properties":{"p":"0043R00134000000","a":"3409 OREGON ST","m":"20th Ward - PITTSBURGH","u":"L","o":"corp","sf":3000,"v":9000}}]}