{"type":"FeatureCollection","features":[{"type":"Feature","geometry":{"type":"Point","coordinates":[-80.02796,40.43182]},"properties":{"p":"0005B00200000000","a":"WABASH ST","m":"20th Ward - PITTSBURGH","u":"I","o":"corp","sf":625,"v":400}},{"type":"Feature","geometry":{"type":"Point","coordinates":[-80.02798,40.4319]},"properties":{"p":"0005B00201000000","a":"WABASH ST","m":"20th Ward - PITTSBURGH","u":"I","o":"corp","sf":1025,"v":700}},{"type":"Feature","geometry":{"type":"Point","coordinates":[-80.02812,40.43209]},"properties":{"p":"0005B00205000000","a":"WABASH ST","m":"20th Ward - PITTSBURGH","u":"I","o":"corp","sf":1650,"v":1200}},{"type":"Feature","geometry":{"type":"Point","coordinates":[-80.02823,40.43225]},"properties":{"p":"0005B00210000000","a":"WABASH ST","m":"20th Ward - PITTSBURGH","u":"I","o":"corp","sf":7500,"v":5300}},{"type":"Feature","geometry":{"type":"Point","coordinates":[-80.02835,40.43243]},"properties":{"p":"0005B00211000000","a":"WABASH ST","m":"20th Ward - PITTSBURGH","u":"I","o":"corp","sf":3000,"v":2200}},{"type":"Feature","geometry":{"type":"Point","coordinates":[-80.02847,40.43256]},"properties":{"p":"0005B00214000000","a":"1 MINNOTTE SQ","m":"20th Ward - PITTSBURGH","u":"I","o":"corp","sf":3000,"v":4300}},{"type":"Feature","geometry":{"type":"Point","coordinates":[-80.0321,40.44767]},"properties":{"p":"0007J00150000000","a":"W CARSON ST","m":"20th Ward - PITTSBURGH","u":"I","o":"corp","sf":16680,"v":54200}},{"type":"Feature","geometry":{"type":"Point","coordinates":[-80.03519,40.43623]},"properties":{"p":"0019M00012000000","a":"WARDEN ST","m":"20th Ward - PITTSBURGH","u":"I","o":"corp","sf":3500,"v":1100}},{"type":"Feature","geometry":{"type":"Point","coordinates":[-80.03218,40.44767]},"properties":{"p":"0007J00040000000","a":"RIVER FRONT","m":"20th Ward - PITTSBURGH","u":"I","o":"corp","sf":6704,"v":2000}},{"type":"Feature","geometry":{"type":"Point","coordinates":[-80.02879,40.44891]},"properties":{"p":"0007E00070000000","a":"780 KROLL DR","m":"21st Ward - PITTSBURGH","u":"I","o":"corp","sf":7331,"v":2500}},{"type":"Feature","geometry":{"type":"Point","coordinates":[-80.02765,40.44843]},"properties":{"p":"0007F00010000000","a":"801 KROLL DR","m":"21st Ward - PITTSBURGH","u":"I","o":"corp","sf":1043,"v":1800}},{"type":"Feature","geometry":{"type":"Point","coordinates":[-80.02741,40.44822]},"properties":{"p":"0007F00020000000","a":"801 KROLL DR","m":"21st Ward - PITTSBURGH","u":"I","o":"corp","sf":9450,"v":16300}},{"type":"Feature","geometry":{"type":"Point","coordinates":[-80.02764,40.44868]},"properties":{"p":"0007F00025000000","a":"814 KROLL DR","m":"21st Ward - PITTSBURGH","u":"I","o":"corp","sf":12018,"v":20700}},{"type":"Feature","geometry":{"type":"Point","coordinates":[-80.02806,40.43199]},"properties":{"p":"0005B00204000000","a":"WABASH ST","m":"20th Ward - PITTSBURGH","u":"I","o":"corp","sf":5000,"v":3600}},{"type":"Feature","geometry":{"type":"Point","coordinates":[-80.02689,40.44381]},"properties":{"p":"0007P00046000000","a":"1756 W CARSON ST","m":"19th Ward - PITTSBURGH","u":"C","o":"individual","sf":816,"v":2900}},{"type":"Feature","geometry":{"type":"Point","coordinates":[-80.02697,40.44384]},"properties":{"p":"0007P00048000000","a":"W CARSON ST","m":"19th Ward - PITTSBURGH","u":"C","o":"individual","sf":1496,"v":5200}},{"type":"Feature","geometry":{"type":"Point","coordinates":[-80.02714,40.44389]},"properties":{"p":"0007P00050000000","a":"W CARSON ST","m":"19th Ward - PITTSBURGH","u":"C","o":"corp","sf":986,"v":3500}},{"type":"Feature","geometry":{"type":"Point","coordinates":[-80.02736,40.44404]},"properties":{"p":"0007P00053000000","a":"1808 W CARSON ST","m":"19th Ward - PITTSBURGH","u":"C","o":"corp","sf":2774,"v":8300}},{"type":"Feature","geometry":{"type":"Point","coordinates":[-80.02828,40.44319]},"properties":{"p":"0007P00009000000","a":"GREENLEAF ST","m":"19th Ward - PITTSBURGH","u":"C","o":"corp","sf":2042,"v":1400}},{"type":"Feature","geometry":{"type":"Point","coordinates":[-80.02505,40.44315]},"properties":{"p":"0007P00017000000","a":"W CARSON ST","m":"19th Ward - PITTSBURGH","u":"C","o":"corp","sf":2469,"v":26100}},{"type":"Feature","geometry":{"type":"Point","coordinates":[-80.02538,40.44328]},"properties":{"p":"0007P00021000000","a":"W CARSON ST","m":"19th Ward - PITTSBURGH","u":"C","o":"corp","sf":1125,"v":3400}},{"type":"Feature","geometry":{"type":"Point","coordinates":[-80.02557,40.44337]},"properties":{"p":"0007P00025000000","a":"W CARSON ST","m":"19th Ward - PITTSBURGH","u":"C","o":"corp","sf":1233,"v":3700}},{"type":"Feature","geometry":{"type":"Point","coordinates":[-80.02565,40.44339]},"properties":{"p":"0007P00026000000","a":"W CARSON ST","m":"19th Ward - PITTSBURGH","u":"C","o":"corp","sf":612,"v":1800}},{"type":"Feature","geometry":{"type":"Point","coordinates":[-80.02361,40.43503]},"properties":{"p":"0006R00072000000","a":"WYOLA ST","m":"19th Ward - PITTSBURGH","u":"C","o":"individual","sf":3600,"v":2000}},{"type":"Feature","geometry":{"type":"Point","coordinates":[-80.02341,40.43537]},"properties":{"p":"0006R00074000000","a":"WYOLA ST","m":"19th Ward - PITTSBURGH","u":"C","o":"individual","sf":20700,"v":2000}},{"type":"Feature","geometry":{"type":"Point","coordinates":[-80.02527,40.44129]},"properties":{"p":"0006B00093000000","a":"GRANDVIEW AVE","m":"19th Ward - PITTSBURGH","u":"C","o":"corp","sf":17604,"v":35200}},{"type":"Feature","geometry":{"type":"Point","coordinates":[-80.02739,40.44047]},"properties":{"p":"0006F00073000000","a":"FINGAL ST","m":"19th Ward - PITTSBURGH","u":"C","o":"individual","sf":24000,"v":20500}},{"type":"Feature","geometry":{"type":"Point","coordinates":[-80.02271,40.43221]},"properties":{"p":"0005C00194000000","a":"527 SWEETBRIAR ST","m":"19th Ward - PITTSBURGH","u":"C","o":"corp","sf":3600,"v":20400}},{"type":"Feature","geometry":{"type":"Point","coordinates":[-80.0337,40.44113]},"properties":{"p":"0019D00296000000","a":"423 -427 S MAIN ST","m":"20th Ward - PITTSBURGH","u":"C","o":"corp","sf":6360,"v":34100}},{"type":"Feature","geometry":{"type":"Point","coordinates":[-80.03206,40.44088]},"properties":{"p":"0006A00143000000","a":"S MAIN ST","m":"20th Ward - PITTSBURGH","u":"C","o":"corp","sf":1367,"v":300}},{"type":"Feature","geometry":{"type":"Point","coordinates":[-80.03963,40.43038]},"properties":{"p":"0018G00008000000","a":"674 GREENTREE RD","m":"20th Ward - PITTSBURGH","u":"C","o":"individual","sf":3920,"v":2000}},{"type":"Feature","geometry":{"type":"Point","coordinates":[-80.03918,40.44257]},"properties":{"p":"0019C00114000000","a":"CHARTIERS AVE","m":"20th Ward - PITTSBURGH","u":"C","o":"corp","sf":2526,"v":900}},{"type":"Feature","geometry":{"type":"Point","coordinates":[-80.03473,40.43669]},"properties":{"p":"0019M00080000000","a":"144 WABASH ST","m":"20th Ward - PITTSBURGH","u":"C","o":"corp","sf":1600,"v":4000}},{"type":"Feature","geometry":{"type":"Point","coordinates":[-80.03797,40.44142]},"properties":{"p":"0019C00123000000","a":"14 LINHART ST","m":"20th Ward - PITTSBURGH","u":"C","o":"corp","sf":11000,"v":15000}},{"type":"Feature","geometry":{"type":"Point","coordinates":[-80.0374,40.44151]},"properties":{"p":"0019C00094000000","a":"STEUBEN ST","m":"20th Ward - PITTSBURGH","u":"C","o":"corp","sf":3800,"v":1100}},{"type":"Feature","geometry":{"type":"Point","coordinates":[-80.03354,40.44266]},"properties":{"p":"0019D00139000000","a":"STEUBEN ST","m":"20th Ward - PITTSBURGH","u":"C","o":"corp","sf":5180,"v":1000}},{"type":"Feature","geometry":{"type":"Point","coordinates":[-80.03342,40.4427]},"properties":{"p":"0019D00141000000","a":"STEUBEN ST","m":"20th Ward - PITTSBURGH","u":"C","o":"corp","sf":5600,"v":1000}},{"type":"Feature","geometry":{"type":"Point","coordinates":[-80.03594,40.44172]},"properties":{"p":"0019D00105000000","a":"STEUBEN ST","m":"20th Ward - PITTSBURGH","u":"C","o":"corp","sf":2800,"v":1400}},{"type":"Feature","geometry":{"type":"Point","coordinates":[-80.03332,40.44275]},"properties":{"p":"0019D00144000000","a":"STEUBEN ST","m":"20th Ward - PITTSBURGH","u":"C","o":"corp","sf":3840,"v":1900}},{"type":"Feature","geometry":{"type":"Point","coordinates":[-80.03488,40.43847]},"properties":{"p":"0019H00206000000","a":"WABASH ST","m":"20th Ward - PITTSBURGH","u":"C","o":"corp","sf":3750,"v":1900}},{"type":"Feature","geometry":{"type":"Point","coordinates":[-80.03488,40.43841]},"properties":{"p":"0019H00207000000","a":"WABASH ST","m":"20th Ward - PITTSBURGH","u":"C","o":"corp","sf":3750,"v":1900}},{"type":"Feature","geometry":{"type":"Point","coordinates":[-80.03399,40.43659]},"properties":{"p":"0019M00106000000","a":"WABASH ST","m":"20th Ward - PITTSBURGH","u":"C","o":"corp","sf":3075,"v":1500}},{"type":"Feature","geometry":{"type":"Point","coordinates":[-80.03409,40.4367]},"properties":{"p":"0019M00108000000","a":"149 WABASH ST","m":"20th Ward - PITTSBURGH","u":"C","o":"corp","sf":3250,"v":1600}},{"type":"Feature","geometry":{"type":"Point","coordinates":[-80.03427,40.43781]},"properties":{"p":"0019M00128000000","a":"107 WABASH ST","m":"20th Ward - PITTSBURGH","u":"C","o":"individual","sf":2975,"v":1500}},{"type":"Feature","geometry":{"type":"Point","coordinates":[-80.03382,40.43785]},"properties":{"p":"0019M00134000000","a":"INDEPENDENCE ST","m":"20th Ward - PITTSBURGH","u":"C","o":"individual","sf":3250,"v":1600}},{"type":"Feature","geometry":{"type":"Point","coordinates":[-80.03382,40.43773]},"properties":{"p":"0019M00136000000","a":"GREENTREE RD","m":"20th Ward - PITTSBURGH","u":"C","o":"individual","sf":3250,"v":1600}},{"type":"Feature","geometry":{"type":"Point","coordinates":[-80.03619,40.44049]},"properties":{"p":"0019H00169000000","a":"601 S MAIN ST","m":"20th Ward - PITTSBURGH","u":"C","o":"corp","sf":3358,"v":1000}},{"type":"Feature","geometry":{"type":"Point","coordinates":[-80.03326,40.4358]},"properties":{"p":"0019M00098000000","a":"167 WABASH ST","m":"20th Ward - PITTSBURGH","u":"C","o":"corp","sf":25918,"v":1000}},{"type":"Feature","geometry":{"type":"Point","coordinates":[-80.03775,40.43401]},"properties":{"p":"0019R00108000100","a":"GREENTREE RD","m":"20th Ward - PITTSBURGH","u":"C","o":"corp","sf":2004,"v":900}},{"type":"Feature","geometry":{"type":"Point","coordinates":[-80.03753,40.43456]},"properties":{"p":"0019R00117000000","a":"KEARNS ST","m":"20th Ward - PITTSBURGH","u":"C","o":"corp","sf":65122,"v":12100}},{"type":"Feature","geometry":{"type":"Point","coordinates":[-80.0288,40.43429]},"properties":{"p":"0006N00210000000","a":"SAW MILL RUN BLVD","m":"20th Ward - PITTSBURGH","u":"C","o":"individual","sf":236618,"v":58600}},{"type":"Feature","geometry":{"type":"Point","coordinates":[-80.03417,40.44057]},"properties":{"p":"0019D00319000000","a":"NEPTUNE ST","m":"20th Ward - PITTSBURGH","u":"C","o":"individual","sf":3450,"v":3700}},{"type":"Feature","geometry":{"type":"Point","coordinates":[-80.03341,40.44079]},"properties":{"p":"0019D00325000000","a":"423 -427 S MAIN ST","m":"20th Ward - PITTSBURGH","u":"C","o":"corp","sf":13987,"v":36000}},{"type":"Feature","geometry":{"type":"Point","coordinates":[-80.03491,40.43652]},"properties":{"p":"0019M00032000000","a":"WABASH ST","m":"20th Ward - PITTSBURGH","u":"C","o":"individual","sf":1750,"v":900}},{"type":"Feature","geometry":{"type":"Point","coordinates":[-80.02984,40.44323]},"properties":{"p":"0007N00018000001","a":"S MAIN ST","m":"20th Ward - PITTSBURGH","u":"C","o":"corp","sf":8157,"v":3300}},{"type":"Feature","geometry":{"type":"Point","coordinates":[-80.03793,40.43533]},"properties":{"p":"0019R00045000000","a":"MCCARTNEY ST","m":"20th Ward - PITTSBURGH","u":"C","o":"corp","sf":14844,"v":34100}},{"type":"Feature","geometry":{"type":"Point","coordinates":[-80.0336,40.44097]},"properties":{"p":"0019D00300000000","a":"423 -427 S MAIN ST","m":"20th Ward - PITTSBURGH","u":"C","o":"corp","sf":6583,"v":24900}},{"type":"Feature","geometry":{"type":"Point","coordinates":[-80.03422,40.44074]},"properties":{"p":"0019D00301000000","a":"S MAIN ST","m":"20th Ward - PITTSBURGH","u":"C","o":"individual","sf":1100,"v":3300}},{"type":"Feature","geometry":{"type":"Point","coordinates":[-80.03828,40.44126]},"properties":{"p":"0019C00201000000","a":"701 CHARTIERS AVE","m":"20th Ward - PITTSBURGH","u":"C","o":"corp","sf":744,"v":200}},{"type":"Feature","geometry":{"type":"Point","coordinates":[-80.0395,40.43055]},"properties":{"p":"0018G00004000000","a":"674 GREENTREE RD","m":"20th Ward - PITTSBURGH","u":"C","o":"individual","sf":2805,"v":1400}},{"type":"Feature","geometry":{"type":"Point","coordinates":[-80.03429,40.44046]},"properties":{"p":"0019H00257000000","a":"41 WABASH ST","m":"20th Ward - PITTSBURGH","u":"C","o":"corp","sf":1755,"v":4400}},{"type":"Feature","geometry":{"type":"Point","coordinates":[-80.03406,40.44058]},"properties":{"p":"0019H00260000000","a":"NEPTUNE ST","m":"20th Ward - PITTSBURGH","u":"C","o":"individual","sf":3105,"v":3400}},{"type":"Feature","geometry":{"type":"Point","coordinates":[-80.03442,40.44134]},"properties":{"p":"0019D00262000000","a":"S MAIN ST","m":"20th Ward - PITTSBURGH","u":"C","o":"corp","sf":3600,"v":25800}},{"type":"Feature","geometry":{"type":"Point","coordinates":[-80.03432,40.44137]},"properties":{"p":"0019D00263000000","a":"S MAIN ST","m":"20th Ward - PITTSBURGH","u":"C","o":"corp","sf":3600,"v":25800}},{"type":"Feature","geometry":{"type":"Point","coordinates":[-80.03369,40.4416]},"properties":{"p":"0019D00272000000","a":"424 S MAIN ST","m":"20th Ward - PITTSBURGH","u":"C","o":"corp","sf":1920,"v":5800}},{"type":"Feature","geometry":{"type":"Point","coordinates":[-80.03365,40.44162]},"properties":{"p":"0019D00273000000","a":"424 S MAIN ST","m":"20th Ward - PITTSBURGH","u":"C","o":"corp","sf":1920,"v":1200}},{"type":"Feature","geometry":{"type":"Point","coordinates":[-80.02411,40.44998]},"properties":{"p":"0007G00010000000","a":"1315 WESTERN AVE","m":"21st Ward - PITTSBURGH","u":"C","o":"corp","sf":101116,"v":203100}},{"type":"Feature","geometry":{"type":"Point","coordinates":[-80.02135,40.44862]},"properties":{"p":"0007G00182000000","a":"FONTELLA ST","m":"21st Ward - PITTSBURGH","u":"C","o":"corp","sf":1120,"v":1800}},{"type":"Feature","geometry":{"type":"Point","coordinates":[-80.02559,40.44789]},"properties":{"p":"0007F00098000001","a":"417 NORTH POINT DR","m":"21st Ward - PITTSBURGH","u":"C","o":"corp","sf":58414,"v":234800}},{"type":"Feature","geometry":{"type":"Point","coordinates":[-80.03907,40.44945]},"properties":{"p":"0020G00134000000","a":"BECK AVE","m":"20th Ward - PITTSBURGH","u":"C","o":"corp","sf":19600,"v":11000}},{"type":"Feature","geometry":{"type":"Point","coordinates":[-80.03814,40.44952]},"properties":{"p":"0020G00165000000","a":"BECK AVE","m":"20th Ward - PITTSBURGH","u":"C","o":"corp","sf":12133,"v":6800}},{"type":"Feature","geometry":{"type":"Point","coordinates":[-80.03849,40.44928]},"properties":{"p":"0020G00169000000","a":"BOND ST","m":"20th Ward - PITTSBURGH","u":"C","o":"corp","sf":5600,"v":3100}},{"type":"Feature","geometry":{"type":"Point","coordinates":[-80.03873,40.44912]},"properties":{"p":"0020G00174000000","a":"BOND ST","m":"20th Ward - PITTSBURGH","u":"C","o":"corp","sf":14000,"v":7800}},{"type":"Feature","geometry":{"type":"Point","coordinates":[-80.03897,40.44897]},"properties":{"p":"0020G00176000000","a":"BECK AVE","m":"20th Ward - PITTSBURGH","u":"C","o":"corp","sf":5600,"v":3100}},{"type":"Feature","geometry":{"type":"Point","coordinates":[-80.03907,40.4489]},"properties":{"p":"0020G00177000000","a":"BOND ST","m":"20th Ward - PITTSBURGH","u":"C","o":"corp","sf":2800,"v":1600}},{"type":"Feature","geometry":{"type":"Point","coordinates":[-80.0344,40.43528]},"properties":{"p":"0019S00153000000","a":"434 GREENTREE RD","m":"20th Ward - PITTSBURGH","u":"C","o":"corp","sf":484,"v":200}},{"type":"Feature","geometry":{"type":"Point","coordinates":[-80.03097,40.44226]},"properties":{"p":"0006A00172000000","a":"S MAIN ST","m":"20th Ward - PITTSBURGH","u":"C","o":"corp","sf":23426,"v":85300}},{"type":"Feature","geometry":{"type":"Point","coordinates":[-80.03373,40.44259]},"properties":{"p":"0019D00135000000","a":"STEUBEN ST","m":"20th Ward - PITTSBURGH","u":"C","o":"corp","sf":11200,"v":5000}},{"type":"Feature","geometry":{"type":"Point","coordinates":[-80.03346,40.44119]},"properties":{"p":"0019D00290000000","a":"423 -427 S MAIN ST","m":"20th Ward - PITTSBURGH","u":"C","o":"corp","sf":5227,"v":30700}},{"type":"Feature","geometry":{"type":"Point","coordinates":[-80.03319,40.44276]},"properties":{"p":"0019D00146000000","a":"STEUBEN ST","m":"20th Ward - PITTSBURGH","u":"C","o":"corp","sf":4620,"v":1700}},{"type":"Feature","geometry":{"type":"Point","coordinates":[-80.02544,40.44331]},"properties":{"p":"0007P00022000000","a":"W CARSON ST","m":"19th Ward - PITTSBURGH","u":"C","o":"corp","sf":532,"v":1600}},{"type":"Feature","geometry":{"type":"Point","coordinates":[-80.03931,40.44874]},"properties":{"p":"0020G00182000000","a":"BOND ST","m":"20th Ward - PITTSBURGH","u":"C","o":"corp","sf":16800,"v":9400}},{"type":"Feature","geometry":{"type":"Point","coordinates":[-80.02494,40.44701]},"properties":{"p":"0007L00031000000","a":"BEAVER AVE","m":"21st Ward - PITTSBURGH","u":"C","o":"corp","sf":1652,"v":600}},{"type":"Feature","geometry":{"type":"Point","coordinates":[-80.03407,40.43461]},"properties":{"p":"0019S00074000100","a":"GREENTREE RD","m":"20th Ward - PITTSBURGH","u":"C","o":"individual","sf":8211,"v":4100}},{"type":"Feature","geometry":{"type":"Point","coordinates":[-80.03931,40.44459]},"properties":{"p":"0020R00162000000","a":"LORENZ AVE","m":"20th Ward - PITTSBURGH","u":"C","o":"corp","sf":2250,"v":21800}},{"type":"Feature","geometry":{"type":"Point","coordinates":[-80.03432,40.44237]},"properties":{"p":"0019D00128000000","a":"STEUBEN ST","m":"20th Ward - PITTSBURGH","u":"C","o":"corp","sf":840,"v":400}},{"type":"Feature","geometry":{"type":"Point","coordinates":[-80.03467,40.43956]},"properties":{"p":"0019H00187000000","a":"68 WABASH ST","m":"20th Ward - PITTSBURGH","u":"C","o":"individual","sf":2330,"v":2500}},{"type":"Feature","geometry":{"type":"Point","coordinates":[-80.0255,40.44334]},"properties":{"p":"0007P00023000000","a":"W CARSON ST","m":"19th Ward - PITTSBURGH","u":"C","o":"corp","sf":1205,"v":800}},{"type":"Feature","geometry":{"type":"Point","coordinates":[-80.03836,40.44937]},"properties":{"p":"0020G00167000000","a":"BECK AVE","m":"20th Ward - PITTSBURGH","u":"C","o":"corp","sf":5600,"v":3100}},{"type":"Feature","geometry":{"type":"Point","coordinates":[-80.03381,40.44156]},"properties":{"p":"0019D00269000000","a":"424 S MAIN ST","m":"20th Ward - PITTSBURGH","u":"C","o":"corp","sf":7200,"v":36600}},{"type":"Feature","geometry":{"type":"Point","coordinates":[-80.02571,40.44341]},"properties":{"p":"0007P00027000000","a":"W CARSON ST","m":"19th Ward - PITTSBURGH","u":"C","o":"corp","sf":935,"v":2800}},{"type":"Feature","geometry":{"type":"Point","coordinates":[-80.02972,40.44069]},"properties":{"p":"0006A00344000000","a":"HORNER ST","m":"19th Ward - PITTSBURGH","u":"L","o":"corp","sf":3612,"v":9400}},{"type":"Feature","geometry":{"type":"Point","coordinates":[-80.02841,40.44247]},"properties":{"p":"0006B00004000000","a":"GREENLEAF ST","m":"19th Ward - PITTSBURGH","u":"L","o":"corp","sf":5111,"v":2000}},{"type":"Feature","geometry":{"type":"Point","coordinates":[-80.02859,40.43855]},"properties":{"p":"0006F00030000000","a":"340 BRADLEY ST","m":"19th Ward - PITTSBURGH","u":"L","o":"individual","sf":3816,"v":9900}},{"type":"Feature","geometry":{"type":"Point","coordinates":[-80.02793,40.43856]},"properties":{"p":"0006F00038000000","a":"FINGAL ST","m":"19th Ward - PITTSBURGH","u":"L","o":"corp","sf":5200,"v":1800}},{"type":"Feature","geometry":{"type":"Point","coordinates":[-80.02348,40.44011]},"properties":{"p":"0006G00023000000","a":"SHALER ST","m":"19th Ward - PITTSBURGH","u":"L","o":"individual","sf":720,"v":3200}},{"type":"Feature","geometry":{"type":"Point","coordinates":[-80.0246,40.43904]},"properties":{"p":"0006F00278000000","a":"SHALER ST","m":"19th Ward - PITTSBURGH","u":"L","o":"individual","sf":808,"v":2100}},{"type":"Feature","geometry":{"type":"Point","coordinates":[-80.02567,40.43827]},"properties":{"p":"0006F00300000000","a":"SEWARD ST","m":"19th Ward - PITTSBURGH","u":"L","o":"individual","sf":5233,"v":26000}},{"type":"Feature","geometry":{"type":"Point","coordinates":[-80.02598,40.44118]},"properties":{"p":"0006B00140000000","a":"108 REESE ST","m":"19th Ward - PITTSBURGH","u":"L","o":"individual","sf":3462,"v":15600}},{"type":"Feature","geometry":{"type":"Point","coordinates":[-80.02397,40.44054]},"properties":{"p":"0006G00010000000","a":"1623 GRANDVIEW AVE","m":"19th Ward - PITTSBURGH","u":"L","o":"corp","sf":3644,"v":38900}},{"type":"Feature","geometry":{"type":"Point","coordinates":[-80.02389,40.4405]},"properties":{"p":"0006G00012000000","a":"1621 GRANDVIEW AVE","m":"19th Ward - PITTSBURGH","u":"L","o":"corp","sf":2640,"v":34400}},{"type":"Feature","geometry":{"type":"Point","coordinates":[-80.02383,40.44047]},"properties":{"p":"0006G00015000000","a":"1619 GRANDVIEW AVE","m":"19th Ward - PITTSBURGH","u":"L","o":"corp","sf":2640,"v":34400}},{"type":"Feature","geometry":{"type":"Point","coordinates":[-80.02375,40.44042]},"properties":{"p":"0006G00016000000","a":"1617 GRANDVIEW AVE","m":"19th Ward - PITTSBURGH","u":"L","o":"individual","sf":4019,"v":40600}},{"type":"Feature","geometry":{"type":"Point","coordinates":[-80.02365,40.44037]},"properties":{"p":"0006G00018000000","a":"1611 GRANDVIEW AVE","m":"19th Ward - PITTSBURGH","u":"L","o":"corp","sf":4019,"v":40600}},{"type":"Feature","geometry":{"type":"Point","coordinates":[-80.02356,40.44033]},"properties":{"p":"0006G00019000000","a":"1609 GRANDVIEW AVE","m":"19th Ward - PITTSBURGH","u":"L","o":"corp","sf":2639,"v":34400}},{"type":"Feature","geometry":{"type":"Point","coordinates":[-80.0235,40.44029]},"properties":{"p":"0006G00020000000","a":"1607 GRANDVIEW AVE","m":"19th Ward - PITTSBURGH","u":"L","o":"corp","sf":2639,"v":34400}},{"type":"Feature","geometry":{"type":"Point","coordinates":[-80.02339,40.4403]},"properties":{"p":"0006G00021000000","a":"1605 GRANDVIEW AVE","m":"19th Ward - PITTSBURGH","u":"L","o":"corp","sf":2534,"v":33900}},{"type":"Feature","geometry":{"type":"Point","coordinates":[-80.02307,40.43997]},"properties":{"p":"0006G00032000000","a":"1555 GRANDVIEW AVE","m":"19th Ward - PITTSBURGH","u":"L","o":"corp","sf":2512,"v":33800}},{"type":"Feature","geometry":{"type":"Point","coordinates":[-80.02293,40.44004]},"properties":{"p":"0006G00033000000","a":"1551 GRANDVIEW AVE","m":"19th Ward - PITTSBURGH","u":"L","o":"corp","sf":2569,"v":34100}},{"type":"Feature","geometry":{"type":"Point","coordinates":[-80.02278,40.43996]},"properties":{"p":"0006G00036000000","a":"1543 GRANDVIEW AVE","m":"19th Ward - PITTSBURGH","u":"L","o":"corp","sf":3463,"v":38100}},{"type":"Feature","geometry":{"type":"Point","coordinates":[-80.02268,40.4399]},"properties":{"p":"0006G00037000000","a":"GRANDVIEW AVE","m":"19th Ward - PITTSBURGH","u":"L","o":"corp","sf":3796,"v":59400}},{"type":"Feature","geometry":{"type":"Point","coordinates":[-80.02252,40.43986]},"properties":{"p":"0006G00039000000","a":"1521 GRANDVIEW AVE","m":"19th Ward - PITTSBURGH","u":"L","o":"corp","sf":4869,"v":44400}},{"type":"Feature","geometry":{"type":"Point","coordinates":[-80.02241,40.43979]},"properties":{"p":"0006G00040000000","a":"1517 GRANDVIEW AVE","m":"19th Ward - PITTSBURGH","u":"L","o":"corp","sf":2704,"v":34700}},{"type":"Feature","geometry":{"type":"Point","coordinates":[-80.02155,40.43145]},"properties":{"p":"0005C00094000000","a":"444 ONEIDA ST","m":"19th Ward - PITTSBURGH","u":"L","o":"corp","sf":2690,"v":7000}},{"type":"Feature","geometry":{"type":"Point","coordinates":[-80.02235,40.43136]},"properties":{"p":"0005C00163000000","a":"META ST","m":"19th Ward - PITTSBURGH","u":"L","o":"corp","sf":3600,"v":22400}},{"type":"Feature","geometry":{"type":"Point","coordinates":[-80.02579,40.43539]},"properties":{"p":"0006P00026000000","a":"CLARENCE ST","m":"19th Ward - PITTSBURGH","u":"L","o":"individual","sf":5400,"v":13000}},{"type":"Feature","geometry":{"type":"Point","coordinates":[-80.0207,40.43445]},"properties":{"p":"0006R00341000000","a":"ONEIDA ST","m":"19th Ward - PITTSBURGH","u":"L","o":"individual","sf":8450,"v":26300}},{"type":"Feature","geometry":{"type":"Point","coordinates":[-80.02587,40.43282]},"properties":{"p":"0005B00025000000","a":"AUGUSTA ST","m":"19th Ward - PITTSBURGH","u":"L","o":"corp","sf":6000,"v":26100}},{"type":"Feature","geometry":{"type":"Point","coordinates":[-80.02528,40.43291]},"properties":{"p":"0005B00046000000","a":"535 AUGUSTA ST","m":"19th Ward - PITTSBURGH","u":"L","o":"individual","sf":2700,"v":1000}},{"type":"Feature","geometry":{"type":"Point","coordinates":[-80.022,40.43346]},"properties":{"p":"0006R00231000000","a":"PLYMOUTH ST","m":"19th Ward - PITTSBURGH","u":"L","o":"individual","sf":12649,"v":26700}},{"type":"Feature","geometry":{"type":"Point","coordinates":[-80.02204,40.43383]},"properties":{"p":"0006R00241000000","a":"SYCAMORE ST","m":"19th Ward - PITTSBURGH","u":"L","o":"corp","sf":4000,"v":10400}},{"type":"Feature","geometry":{"type":"Point","coordinates":[-80.02188,40.4342]},"properties":{"p":"0006R00243000000","a":"277 PLYER WAY","m":"19th Ward - PITTSBURGH","u":"L","o":"individual","sf":6000,"v":5800}},{"type":"Feature","geometry":{"type":"Point","coordinates":[-80.02151,40.43572]},"properties":{"p":"0006R00274000000","a":"PLYMOUTH ST","m":"19th Ward - PITTSBURGH","u":"L","o":"individual","sf":1560,"v":600}},{"type":"Feature","geometry":{"type":"Point","coordinates":[-80.02852,40.44307]},"properties":{"p":"0007P00005000000","a":"INDEPENDENCE ST","m":"19th Ward - PITTSBURGH","u":"L","o":"corp","sf":1500,"v":700}},{"type":"Feature","geometry":{"type":"Point","coordinates":[-80.02503,40.43246]},"properties":{"p":"0005B00082000000","a":"WYOLA ST","m":"19th Ward - PITTSBURGH","u":"L","o":"corp","sf":1406,"v":600}},{"type":"Feature","geometry":{"type":"Point","coordinates":[-80.02358,40.43418]},"properties":{"p":"0006R00123000000","a":"475 WYOLA ST","m":"19th Ward - PITTSBURGH","u":"L","o":"individual","sf":4920,"v":2500}},{"type":"Feature","geometry":{"type":"Point","coordinates":[-80.02437,40.43448]},"properties":{"p":"0006R00039000000","a":"AUGUSTA ST","m":"19th Ward - PITTSBURGH","u":"L","o":"individual","sf":900,"v":2300}},{"type":"Feature","geometry":{"type":"Point","coordinates":[-80.02447,40.43359]},"properties":{"p":"0006R00044000000","a":"WYOLA ST","m":"19th Ward - PITTSBURGH","u":"L","o":"corp","sf":3600,"v":22400}},{"type":"Feature","geometry":{"type":"Point","coordinates":[-80.02442,40.43369]},"properties":{"p":"0006R00046000000","a":"WYOLA ST","m":"19th Ward - PITTSBURGH","u":"L","o":"corp","sf":3600,"v":22400}},{"type":"Feature","geometry":{"type":"Point","coordinates":[-80.02399,40.43682]},"properties":{"p":"0006L00044000000","a":"EDITH ST","m":"19th Ward - PITTSBURGH","u":"L","o":"individual","sf":3000,"v":7800}},{"type":"Feature","geometry":{"type":"Point","coordinates":[-80.02396,40.43689]},"properties":{"p":"0006L00046000000","a":"327 EDITH ST","m":"19th Ward - PITTSBURGH","u":"L","o":"individual","sf":2000,"v":5200}},{"type":"Feature","geometry":{"type":"Point","coordinates":[-80.02124,40.43429]},"properties":{"p":"0006R00301000000","a":"PLYMOUTH ST","m":"19th Ward - PITTSBURGH","u":"L","o":"corp","sf":2280,"v":800}},{"type":"Feature","geometry":{"type":"Point","coordinates":[-80.02122,40.43373]},"properties":{"p":"0006R00310000000","a":"1319 W SYCAMORE ST","m":"19th Ward - PITTSBURGH","u":"L","o":"individual","sf":1920,"v":5000}},{"type":"Feature","geometry":{"type":"Point","coordinates":[-80.02377,40.43385]},"properties":{"p":"0006R00129000000","a":"WYOLA ST","m":"19th Ward - PITTSBURGH","u":"L","o":"individual","sf":2394,"v":6200}},{"type":"Feature","geometry":{"type":"Point","coordinates":[-80.02388,40.43368]},"properties":{"p":"0006R00133000000","a":"505 WYOLA ST","m":"19th Ward - PITTSBURGH","u":"L","o":"individual","sf":13356,"v":4400}},{"type":"Feature","geometry":{"type":"Point","coordinates":[-80.02529,40.43555]},"properties":{"p":"0006P00074000000","a":"EDITH ST","m":"19th Ward - PITTSBURGH","u":"L","o":"individual","sf":3600,"v":9400}},{"type":"Feature","geometry":{"type":"Point","coordinates":[-80.02467,40.43567]},"properties":{"p":"0006P00081000000","a":"427 EDITH ST","m":"19th Ward - PITTSBURGH","u":"L","o":"individual","sf":2000,"v":5200}},{"type":"Feature","geometry":{"type":"Point","coordinates":[-80.0243,40.43389]},"properties":{"p":"0006R00050000000","a":"WYOLA ST","m":"19th Ward - PITTSBURGH","u":"L","o":"individual","sf":3600,"v":22400}},{"type":"Feature","geometry":{"type":"Point","coordinates":[-80.02409,40.43422]},"properties":{"p":"0006R00057000000","a":"WYOLA ST","m":"19th Ward - PITTSBURGH","u":"L","o":"individual","sf":1800,"v":4700}},{"type":"Feature","geometry":{"type":"Point","coordinates":[-80.02404,40.43429]},"properties":{"p":"0006R00058000000","a":"WYOLA ST","m":"19th Ward - PITTSBURGH","u":"L","o":"individual","sf":3600,"v":9400}},{"type":"Feature","geometry":{"type":"Point","coordinates":[-80.02491,40.43526]},"properties":{"p":"0006P00091000000","a":"EDITH ST","m":"19th Ward - PITTSBURGH","u":"L","o":"individual","sf":2000,"v":5200}},{"type":"Feature","geometry":{"type":"Point","coordinates":[-80.02495,40.43519]},"properties":{"p":"0006P00093000000","a":"EDITH ST","m":"19th Ward - PITTSBURGH","u":"L","o":"individual","sf":4000,"v":10400}},{"type":"Feature","geometry":{"type":"Point","coordinates":[-80.02337,40.43618]},"properties":{"p":"0006L00126000000","a":"AUGUSTA ST","m":"19th Ward - PITTSBURGH","u":"L","o":"individual","sf":1800,"v":4700}},{"type":"Feature","geometry":{"type":"Point","coordinates":[-80.02148,40.43369]},"properties":{"p":"0006R00314000000","a":"307 PLYMOUTH ST","m":"19th Ward - PITTSBURGH","u":"L","o":"individual","sf":3840,"v":23000}},{"type":"Feature","geometry":{"type":"Point","coordinates":[-80.02539,40.43366]},"properties":{"p":"0006P00132000000","a":"AUGUSTA ST","m":"19th Ward - PITTSBURGH","u":"L","o":"individual","sf":2000,"v":700}},{"type":"Feature","geometry":{"type":"Point","coordinates":[-80.02535,40.43371]},"properties":{"p":"0006P00133000000","a":"AUGUSTA ST","m":"19th Ward - PITTSBURGH","u":"L","o":"individual","sf":2000,"v":5200}},{"type":"Feature","geometry":{"type":"Point","coordinates":[-80.02528,40.43461]},"properties":{"p":"0006P00104000000","a":"EDITH ST","m":"19th Ward - PITTSBURGH","u":"L","o":"individual","sf":2000,"v":5200}},{"type":"Feature","geometry":{"type":"Point","coordinates":[-80.02492,40.43443]},"properties":{"p":"0006P00146000000","a":"AUGUSTA ST","m":"19th Ward - PITTSBURGH","u":"L","o":"individual","sf":2000,"v":700}},{"type":"Feature","geometry":{"type":"Point","coordinates":[-80.02474,40.43385]},"properties":{"p":"0006P00174000000","a":"AUGUSTA ST","m":"19th Ward - PITTSBURGH","u":"L","o":"corp","sf":14400,"v":26900}},{"type":"Feature","geometry":{"type":"Point","coordinates":[-80.02501,40.43338]},"properties":{"p":"0006P00180000000","a":"AUGUSTA ST","m":"19th Ward - PITTSBURGH","u":"L","o":"individual","sf":1800,"v":4700}},{"type":"Feature","geometry":{"type":"Point","coordinates":[-80.02456,40.43344]},"properties":{"p":"0006P00185000000","a":"WYOLA ST","m":"19th Ward - PITTSBURGH","u":"L","o":"corp","sf":7200,"v":26200}},{"type":"Feature","geometry":{"type":"Point","coordinates":[-80.02563,40.43497]},"properties":{"p":"0006P00064000000","a":"EDITH ST","m":"19th Ward - PITTSBURGH","u":"L","o":"individual","sf":1800,"v":4700}},{"type":"Feature","geometry":{"type":"Point","coordinates":[-80.02256,40.43286]},"properties":{"p":"0005C00201000000","a":"501 SWEETBRIAR ST","m":"19th Ward - PITTSBURGH","u":"L","o":"corp","sf":3334,"v":21700}},{"type":"Feature","geometry":{"type":"Point","coordinates":[-80.02258,40.43277]},"properties":{"p":"0005C00205000000","a":"505 SWEETBRIAR ST","m":"19th Ward - PITTSBURGH","u":"L","o":"corp","sf":3333,"v":21700}},{"type":"Feature","geometry":{"type":"Point","coordinates":[-80.0226,40.43268]},"properties":{"p":"0005C00207000000","a":"507 SWEETBRIAR ST","m":"19th Ward - PITTSBURGH","u":"L","o":"corp","sf":3333,"v":21700}},{"type":"Feature","geometry":{"type":"Point","coordinates":[-80.0231,40.43291]},"properties":{"p":"0005C00208000000","a":"SWEETBRIAR ST","m":"19th Ward - PITTSBURGH","u":"L","o":"individual","sf":6000,"v":26100}},{"type":"Feature","geometry":{"type":"Point","coordinates":[-80.02313,40.43277]},"properties":{"p":"0005C00210000000","a":"SWEETBRIAR ST","m":"19th Ward - PITTSBURGH","u":"L","o":"corp","sf":4000,"v":10400}},{"type":"Feature","geometry":{"type":"Point","coordinates":[-80.02316,40.43266]},"properties":{"p":"0005C00212000000","a":"VIRGINIA AVE","m":"19th Ward - PITTSBURGH","u":"L","o":"corp","sf":4000,"v":10400}},{"type":"Feature","geometry":{"type":"Point","coordinates":[-80.02174,40.43452]},"properties":{"p":"0006R00251000000","a":"PLYMOUTH ST","m":"19th Ward - PITTSBURGH","u":"L","o":"individual","sf":1900,"v":700}},{"type":"Feature","geometry":{"type":"Point","coordinates":[-80.02181,40.43459]},"properties":{"p":"0006R00252000000","a":"PLYMOUTH ST","m":"19th Ward - PITTSBURGH","u":"L","o":"individual","sf":1900,"v":700}},{"type":"Feature","geometry":{"type":"Point","coordinates":[-80.02171,40.43464]},"properties":{"p":"0006R00253000000","a":"PLYMOUTH ST","m":"19th Ward - PITTSBURGH","u":"L","o":"individual","sf":3800,"v":22900}},{"type":"Feature","geometry":{"type":"Point","coordinates":[-80.02318,40.43258]},"properties":{"p":"0005C00213000000","a":"SWEETBRIAR ST","m":"19th Ward - PITTSBURGH","u":"L","o":"corp","sf":2000,"v":700}},{"type":"Feature","geometry":{"type":"Point","coordinates":[-80.0231,40.4325]},"properties":{"p":"0005C00214000000","a":"SWEETBRIAR ST","m":"19th Ward - PITTSBURGH","u":"L","o":"corp","sf":2000,"v":700}},{"type":"Feature","geometry":{"type":"Point","coordinates":[-80.02321,40.43244]},"properties":{"p":"0005C00216000000","a":"SWEETBRIAR ST","m":"19th Ward - PITTSBURGH","u":"L","o":"corp","sf":4000,"v":10400}},{"type":"Feature","geometry":{"type":"Point","coordinates":[-80.02322,40.43236]},"properties":{"p":"0005C00217000000","a":"SWEETBRIAR ST","m":"19th Ward - PITTSBURGH","u":"L","o":"individual","sf":2000,"v":700}},{"type":"Feature","geometry":{"type":"Point","coordinates":[-80.02325,40.43225]},"properties":{"p":"0005C00220000000","a":"SWEETBRIAR ST","m":"19th Ward - PITTSBURGH","u":"L","o":"corp","sf":6000,"v":26100}},{"type":"Feature","geometry":{"type":"Point","coordinates":[-80.02683,40.44135]},"properties":{"p":"0006B00083000000","a":"CIELO LN","m":"19th Ward - PITTSBURGH","u":"L","o":"individual","sf":29682,"v":15200}},{"type":"Feature","geometry":{"type":"Point","coordinates":[-80.02427,40.43864]},"properties":{"p":"0006G00098000000","a":"SHALER ST","m":"19th Ward - PITTSBURGH","u":"L","o":"individual","sf":3080,"v":21000}},{"type":"Feature","geometry":{"type":"Point","coordinates":[-80.0293,40.43893]},"properties":{"p":"0006E00224000000","a":"GREENLEAF ST","m":"19th Ward - PITTSBURGH","u":"L","o":"individual","sf":2500,"v":6500}},{"type":"Feature","geometry":{"type":"Point","coordinates":[-80.02698,40.43826]},"properties":{"p":"0006F00085000000","a":"REPUBLIC ST","m":"19th Ward - PITTSBURGH","u":"L","o":"individual","sf":3640,"v":8400}},{"type":"Feature","geometry":{"type":"Point","coordinates":[-80.02061,40.43238]},"properties":{"p":"0005C00056000000","a":"ONEIDA ST","m":"19th Ward - PITTSBURGH","u":"L","o":"individual","sf":1200,"v":500}},{"type":"Feature","geometry":{"type":"Point","coordinates":[-80.02476,40.44054]},"properties":{"p":"0006B00171000000","a":"REPUBLIC ST","m":"19th Ward - PITTSBURGH","u":"L","o":"individual","sf":174,"v":800}},{"type":"Feature","geometry":{"type":"Point","coordinates":[-80.02585,40.43929]},"properties":{"p":"0006F00193000000","a":"241 -243 REPUBLIC ST","m":"19th Ward - PITTSBURGH","u":"L","o":"individual","sf":1263,"v":16300}},{"type":"Feature","geometry":{"type":"Point","coordinates":[-80.02372,40.43893]},"properties":{"p":"0006G00133000A00","a":"216 EDITH ST","m":"19th Ward - PITTSBURGH","u":"L","o":"individual","sf":2175,"v":5700}},{"type":"Feature","geometry":{"type":"Point","coordinates":[-80.02364,40.43914]},"properties":{"p":"0006G00136000000","a":"EDITH ST","m":"19th Ward - PITTSBURGH","u":"L","o":"individual","sf":1750,"v":4600}},{"type":"Feature","geometry":{"type":"Point","coordinates":[-80.02938,40.43891]},"properties":{"p":"0006E00225000000","a":"GREENLEAF ST","m":"19th Ward - PITTSBURGH","u":"L","o":"individual","sf":2500,"v":6500}},{"type":"Feature","geometry":{"type":"Point","coordinates":[-80.02947,40.43888]},"properties":{"p":"0006E00226000000","a":"GREENLEAF ST","m":"19th Ward - PITTSBURGH","u":"L","o":"individual","sf":2500,"v":6500}},{"type":"Feature","geometry":{"type":"Point","coordinates":[-80.02081,40.43142]},"properties":{"p":"0005C00074000000","a":"ONEIDA ST","m":"19th Ward - PITTSBURGH","u":"L","o":"individual","sf":2420,"v":6300}},{"type":"Feature","geometry":{"type":"Point","coordinates":[-80.03013,40.43867]},"properties":{"p":"0006E00234000000","a":"1854 GREENLEAF ST","m":"19th Ward - PITTSBURGH","u":"L","o":"individual","sf":2000,"v":700}},{"type":"Feature","geometry":{"type":"Point","coordinates":[-80.03038,40.43859]},"properties":{"p":"0006E00237000000","a":"GREENLEAF ST","m":"19th Ward - PITTSBURGH","u":"L","o":"individual","sf":2500,"v":900}},{"type":"Feature","geometry":{"type":"Point","coordinates":[-80.03046,40.43856]},"properties":{"p":"0006E00238000000","a":"GREENLEAF ST","m":"19th Ward - PITTSBURGH","u":"L","o":"individual","sf":2500,"v":6500}},{"type":"Feature","geometry":{"type":"Point","coordinates":[-80.02729,40.43883]},"properties":{"p":"0006F00100000000","a":"GREENLEAF ST","m":"19th Ward - PITTSBURGH","u":"L","o":"individual","sf":1960,"v":5100}},{"type":"Feature","geometry":{"type":"Point","coordinates":[-80.02169,40.4325]},"properties":{"p":"0005C00123000000","a":"PLYMOUTH ST","m":"19th Ward - PITTSBURGH","u":"L","o":"individual","sf":2232,"v":18800}},{"type":"Feature","geometry":{"type":"Point","coordinates":[-80.02175,40.43204]},"properties":{"p":"0005C00131000000","a":"PLYMOUTH ST","m":"19th Ward - PITTSBURGH","u":"L","o":"individual","sf":2232,"v":800}},{"type":"Feature","geometry":{"type":"Point","coordinates":[-80.02245,40.43819]},"properties":{"p":"0006G00185000000","a":"AUGUSTA ST","m":"19th Ward - PITTSBURGH","u":"L","o":"individual","sf":4000,"v":23400}},{"type":"Feature","geometry":{"type":"Point","coordinates":[-80.02226,40.43899]},"properties":{"p":"0006G00197000000","a":"AUGUSTA ST","m":"19th Ward - PITTSBURGH","u":"L","o":"corp","sf":4000,"v":79600}},{"type":"Feature","geometry":{"type":"Point","coordinates":[-80.02223,40.43919]},"properties":{"p":"0006G00199000000","a":"AUGUSTA ST","m":"19th Ward - PITTSBURGH","u":"L","o":"corp","sf":7748,"v":26300}},{"type":"Feature","geometry":{"type":"Point","coordinates":[-80.03104,40.43837]},"properties":{"p":"0006E00245000000","a":"1882 GREENLEAF ST","m":"19th Ward - PITTSBURGH","u":"L","o":"corp","sf":2500,"v":6500}},{"type":"Feature","geometry":{"type":"Point","coordinates":[-80.03121,40.43831]},"properties":{"p":"0006E00247000000","a":"1882 GREENLEAF ST","m":"19th Ward - PITTSBURGH","u":"L","o":"corp","sf":2520,"v":6600}},{"type":"Feature","geometry":{"type":"Point","coordinates":[-80.03134,40.43831]},"properties":{"p":"0006E00250000000","a":"1882 GREENLEAF ST","m":"19th Ward - PITTSBURGH","u":"L","o":"corp","sf":7485,"v":26200}},{"type":"Feature","geometry":{"type":"Point","coordinates":[-80.02082,40.43137]},"properties":{"p":"0005C00075000000","a":"ONEIDA ST","m":"19th Ward - PITTSBURGH","u":"L","o":"individual","sf":2420,"v":900}},{"type":"Feature","geometry":{"type":"Point","coordinates":[-80.0297,40.43834]},"properties":{"p":"0006E00260000000","a":"GREENLEAF ST","m":"19th Ward - PITTSBURGH","u":"L","o":"individual","sf":6500,"v":26100}},{"type":"Feature","geometry":{"type":"Point","coordinates":[-80.023,40.43986]},"properties":{"p":"0006G00067000000","a":"109 SHALER ST","m":"19th Ward - PITTSBURGH","u":"L","o":"corp","sf":2738,"v":20100}},{"type":"Feature","geometry":{"type":"Point","coordinates":[-80.02304,40.43981]},"properties":{"p":"0006G00068000000","a":"111 SHALER ST","m":"19th Ward - PITTSBURGH","u":"L","o":"corp","sf":2741,"v":20100}},{"type":"Feature","geometry":{"type":"Point","coordinates":[-80.0232,40.43985]},"properties":{"p":"0006G00069000000","a":"113 SHALER ST","m":"19th Ward - PITTSBURGH","u":"L","o":"corp","sf":1928,"v":18000}},{"type":"Feature","geometry":{"type":"Point","coordinates":[-80.02325,40.4398]},"properties":{"p":"0006G00070000000","a":"115 SHALER ST","m":"19th Ward - PITTSBURGH","u":"L","o":"corp","sf":2460,"v":19400}},{"type":"Feature","geometry":{"type":"Point","coordinates":[-80.02437,40.43976]},"properties":{"p":"0006G00079000000","a":"SEWARD ST","m":"19th Ward - PITTSBURGH","u":"L","o":"corp","sf":3000,"v":7800}},{"type":"Feature","geometry":{"type":"Point","coordinates":[-80.02395,40.43909]},"properties":{"p":"0006G00110000000","a":"225 SHALER ST","m":"19th Ward - PITTSBURGH","u":"L","o":"individual","sf":1520,"v":4000}},{"type":"Feature","geometry":{"type":"Point","coordinates":[-80.02195,40.43943]},"properties":{"p":"0006G00205000000","a":"AUGUSTA ST","m":"19th Ward - PITTSBURGH","u":"L","o":"corp","sf":3681,"v":39100}},{"type":"Feature","geometry":{"type":"Point","coordinates":[-80.0218,40.43937]},"properties":{"p":"0006G00206000000","a":"GRANDVIEW AVE","m":"19th Ward - PITTSBURGH","u":"L","o":"corp","sf":3415,"v":56800}},{"type":"Feature","geometry":{"type":"Point","coordinates":[-80.02169,40.43939]},"properties":{"p":"0006G00208000000","a":"GRANDVIEW AVE","m":"19th Ward - PITTSBURGH","u":"L","o":"corp","sf":6912,"v":67800}},{"type":"Feature","geometry":{"type":"Point","coordinates":[-80.02197,40.43896]},"properties":{"p":"0006G00218000000","a":"AUGUSTA ST","m":"19th Ward - PITTSBURGH","u":"L","o":"individual","sf":2500,"v":6500}},{"type":"Feature","geometry":{"type":"Point","coordinates":[-80.03088,40.4398]},"properties":{"p":"0006E00097000000","a":"GREENLEAF ST","m":"19th Ward - PITTSBURGH","u":"L","o":"corp","sf":6577,"v":26100}},{"type":"Feature","geometry":{"type":"Point","coordinates":[-80.03074,40.43992]},"properties":{"p":"0006E00099000000","a":"GREENLEAF ST","m":"19th Ward - PITTSBURGH","u":"L","o":"corp","sf":13068,"v":26700}},{"type":"Feature","geometry":{"type":"Point","coordinates":[-80.0306,40.44005]},"properties":{"p":"0006E00103000000","a":"HORNER ST","m":"19th Ward - PITTSBURGH","u":"L","o":"corp","sf":8871,"v":26400}},{"type":"Feature","geometry":{"type":"Point","coordinates":[-80.02267,40.4324]},"properties":{"p":"0005C00196000000","a":"SWEETBRIAR ST","m":"19th Ward - PITTSBURGH","u":"L","o":"corp","sf":3600,"v":22400}},{"type":"Feature","geometry":{"type":"Point","coordinates":[-80.02573,40.44012]},"properties":{"p":"0006F00150000000","a":"REPUBLIC ST","m":"19th Ward - PITTSBURGH","u":"L","o":"corp","sf":2970,"v":1800}},{"type":"Feature","geometry":{"type":"Point","coordinates":[-80.02461,40.44046]},"properties":{"p":"0006F00244000000","a":"REPUBLIC ST","m":"19th Ward - PITTSBURGH","u":"L","o":"individual","sf":43,"v":100}},{"type":"Feature","geometry":{"type":"Point","coordinates":[-80.02474,40.43937]},"properties":{"p":"0006F00249000100","a":"SEWARD ST","m":"19th Ward - PITTSBURGH","u":"L","o":"individual","sf":5000,"v":13000}},{"type":"Feature","geometry":{"type":"Point","coordinates":[-80.02126,40.43246]},"properties":{"p":"0005C00110000000","a":"ONEIDA ST","m":"19th Ward - PITTSBURGH","u":"L","o":"corp","sf":1350,"v":3500}},{"type":"Feature","geometry":{"type":"Point","coordinates":[-80.02491,40.43918]},"properties":{"p":"0006F00252000000","a":"SEWARD ST","m":"19th Ward - PITTSBURGH","u":"L","o":"corp","sf":2500,"v":6500}},{"type":"Feature","geometry":{"type":"Point","coordinates":[-80.02795,40.43941]},"properties":{"p":"0006F00049000000","a":"GREENLEAF ST","m":"19th Ward - PITTSBURGH","u":"L","o":"individual","sf":12000,"v":26600}},{"type":"Feature","geometry":{"type":"Point","coordinates":[-80.02237,40.43974]},"properties":{"p":"0006G00042000000","a":"1513 GRANDVIEW AVE","m":"19th Ward - PITTSBURGH","u":"L","o":"corp","sf":2672,"v":34500}},{"type":"Feature","geometry":{"type":"Point","coordinates":[-80.02269,40.43969]},"properties":{"p":"0006G00043000000","a":"1509 GRANDVIEW AVE","m":"19th Ward - PITTSBURGH","u":"L","o":"corp","sf":2506,"v":33800}},{"type":"Feature","geometry":{"type":"Point","coordinates":[-80.02225,40.43966]},"properties":{"p":"0006G00044000000","a":"1505 GRANDVIEW AVE","m":"19th Ward - PITTSBURGH","u":"L","o":"corp","sf":2539,"v":33900}},{"type":"Feature","geometry":{"type":"Point","coordinates":[-80.02217,40.43961]},"properties":{"p":"0006G00046000000","a":"1503 GRANDVIEW AVE","m":"19th Ward - PITTSBURGH","u":"L","o":"corp","sf":2778,"v":35000}},{"type":"Feature","geometry":{"type":"Point","coordinates":[-80.02243,40.43956]},"properties":{"p":"0006G00049000000","a":"106 AUGUSTA ST","m":"19th Ward - PITTSBURGH","u":"L","o":"corp","sf":2636,"v":19900}},{"type":"Feature","geometry":{"type":"Point","coordinates":[-80.02244,40.43948]},"properties":{"p":"0006G00051000000","a":"108 AUGUSTA ST","m":"19th Ward - PITTSBURGH","u":"L","o":"corp","sf":2863,"v":20400}},{"type":"Feature","geometry":{"type":"Point","coordinates":[-80.02327,40.43215]},"properties":{"p":"0005C00221000000","a":"SWEETBRIAR ST","m":"19th Ward - PITTSBURGH","u":"L","o":"corp","sf":2000,"v":5200}},{"type":"Feature","geometry":{"type":"Point","coordinates":[-80.02586,40.4406]},"properties":{"p":"0006F00165000000","a":"121 REESE ST","m":"19th Ward - PITTSBURGH","u":"L","o":"individual","sf":2500,"v":6500}},{"type":"Feature","geometry":{"type":"Point","coordinates":[-80.02413,40.43955]},"properties":{"p":"0006G00089000000","a":"SHALER ST","m":"19th Ward - PITTSBURGH","u":"L","o":"individual","sf":3000,"v":7800}},{"type":"Feature","geometry":{"type":"Point","coordinates":[-80.02861,40.44222]},"properties":{"p":"0006A00275000000","a":"GREENLEAF ST","m":"19th Ward - PITTSBURGH","u":"L","o":"corp","sf":3420,"v":37900}},{"type":"Feature","geometry":{"type":"Point","coordinates":[-80.02869,40.44218]},"properties":{"p":"0006A00276000000","a":"GREENLEAF ST","m":"19th Ward - PITTSBURGH","u":"L","o":"individual","sf":3176,"v":1300}},{"type":"Feature","geometry":{"type":"Point","coordinates":[-80.02525,40.43881]},"properties":{"p":"0006F00259000000","a":"SEWARD ST","m":"19th Ward - PITTSBURGH","u":"L","o":"individual","sf":5250,"v":26000}},{"type":"Feature","geometry":{"type":"Point","coordinates":[-80.02534,40.43852]},"properties":{"p":"0006F00263000000","a":"SHALER ST","m":"19th Ward - PITTSBURGH","u":"L","o":"individual","sf":10999,"v":26500}},{"type":"Feature","geometry":{"type":"Point","coordinates":[-80.0309,40.43796]},"properties":{"p":"0006J00006000000","a":"GREENLEAF ST","m":"19th Ward - PITTSBURGH","u":"L","o":"corp","sf":32890,"v":28500}},{"type":"Feature","geometry":{"type":"Point","coordinates":[-80.02128,40.4367]},"properties":{"p":"0006L00285000000","a":"176 PLYMOUTH ST","m":"19th Ward - PITTSBURGH","u":"L","o":"individual","sf":3900,"v":23100}},{"type":"Feature","geometry":{"type":"Point","coordinates":[-80.0258,40.43802]},"properties":{"p":"0006K00242000000","a":"SEWARD ST","m":"19th Ward - PITTSBURGH","u":"L","o":"individual","sf":10348,"v":2000}},{"type":"Feature","geometry":{"type":"Point","coordinates":[-80.0245,40.43595]},"properties":{"p":"0006K00363000000","a":"EDITH ST","m":"19th Ward - PITTSBURGH","u":"L","o":"individual","sf":3000,"v":1100}},{"type":"Feature","geometry":{"type":"Point","coordinates":[-80.02353,40.43684]},"properties":{"p":"0006L00094000000","a":"328 AUGUSTA ST","m":"19th Ward - PITTSBURGH","u":"L","o":"individual","sf":2000,"v":5200}},{"type":"Feature","geometry":{"type":"Point","coordinates":[-80.02777,40.43677]},"properties":{"p":"0006K00096000000","a":"FINGAL ST","m":"19th Ward - PITTSBURGH","u":"L","o":"corp","sf":5860,"v":8000}},{"type":"Feature","geometry":{"type":"Point","coordinates":[-80.02174,40.43603]},"properties":{"p":"0006L00301000000","a":"WELL ST","m":"19th Ward - PITTSBURGH","u":"L","o":"individual","sf":1886,"v":4900}},{"type":"Feature","geometry":{"type":"Point","coordinates":[-80.02425,40.43731]},"properties":{"p":"0006L00018000000","a":"318 EDITH ST","m":"19th Ward - PITTSBURGH","u":"L","o":"corp","sf":900,"v":2300}},{"type":"Feature","geometry":{"type":"Point","coordinates":[-80.02237,40.43697]},"properties":{"p":"0006L00183000000","a":"310 SWEETBRIAR ST","m":"19th Ward - PITTSBURGH","u":"L","o":"individual","sf":4584,"v":11900}},{"type":"Feature","geometry":{"type":"Point","coordinates":[-80.02248,40.4367]},"properties":{"p":"0006L00187000000","a":"SWEETBRIAR ST","m":"19th Ward - PITTSBURGH","u":"L","o":"individual","sf":4194,"v":1400}},{"type":"Feature","geometry":{"type":"Point","coordinates":[-80.02243,40.4365]},"properties":{"p":"0006L00190000000","a":"SWEETBRIAR ST","m":"19th Ward - PITTSBURGH","u":"L","o":"corp","sf":1875,"v":4900}},{"type":"Feature","geometry":{"type":"Point","coordinates":[-80.02281,40.43638]},"properties":{"p":"0006L00195000000","a":"HALFWAY WAY","m":"19th Ward - PITTSBURGH","u":"L","o":"individual","sf":3380,"v":8800}},{"type":"Feature","geometry":{"type":"Point","coordinates":[-80.02749,40.43655]},"properties":{"p":"0006K00118000000","a":"REPUBLIC ST","m":"19th Ward - PITTSBURGH","u":"L","o":"individual","sf":4126,"v":23700}},{"type":"Feature","geometry":{"type":"Point","coordinates":[-80.02618,40.43582]},"properties":{"p":"0006K00292000000","a":"444 CLARENCE ST","m":"19th Ward - PITTSBURGH","u":"L","o":"individual","sf":16300,"v":27000}},{"type":"Feature","geometry":{"type":"Point","coordinates":[-80.02558,40.43576]},"properties":{"p":"0006K00296000000","a":"CLARENCE ST","m":"19th Ward - PITTSBURGH","u":"L","o":"individual","sf":2700,"v":7000}},{"type":"Feature","geometry":{"type":"Point","coordinates":[-80.02553,40.43585]},"properties":{"p":"0006K00297000000","a":"CLARENCE ST","m":"19th Ward - PITTSBURGH","u":"L","o":"individual","sf":1800,"v":4700}},{"type":"Feature","geometry":{"type":"Point","coordinates":[-80.02441,40.43611]},"properties":{"p":"0006L00032000000","a":"EDITH ST","m":"19th Ward - PITTSBURGH","u":"L","o":"corp","sf":2000,"v":5200}},{"type":"Feature","geometry":{"type":"Point","coordinates":[-80.02286,40.43633]},"properties":{"p":"0006L00198000000","a":"HALFWAY WAY","m":"19th Ward - PITTSBURGH","u":"L","o":"individual","sf":1800,"v":4700}},{"type":"Feature","geometry":{"type":"Point","coordinates":[-80.02291,40.43628]},"properties":{"p":"0006L00199000000","a":"SWEETBRIAR ST","m":"19th Ward - PITTSBURGH","u":"L","o":"individual","sf":1897,"v":4900}},{"type":"Feature","geometry":{"type":"Point","coordinates":[-80.02284,40.43605]},"properties":{"p":"0006L00204000000","a":"WELL ST","m":"19th Ward - PITTSBURGH","u":"L","o":"individual","sf":2413,"v":1500}},{"type":"Feature","geometry":{"type":"Point","coordinates":[-80.0227,40.43621]},"properties":{"p":"0006L00204000A00","a":"SWEETBRIAR ST","m":"19th Ward - PITTSBURGH","u":"L","o":"corp","sf":360,"v":100}},{"type":"Feature","geometry":{"type":"Point","coordinates":[-80.02279,40.43604]},"properties":{"p":"0006L00205000000","a":"WELL ST","m":"19th Ward - PITTSBURGH","u":"L","o":"individual","sf":1200,"v":3100}},{"type":"Feature","geometry":{"type":"Point","coordinates":[-80.02628,40.43815]},"properties":{"p":"0006K00146000000","a":"SEWARD ST","m":"19th Ward - PITTSBURGH","u":"L","o":"individual","sf":3240,"v":21400}},{"type":"Feature","geometry":{"type":"Point","coordinates":[-80.02061,40.43688]},"properties":{"p":"0006L00324000000","a":"PLYMOUTH ST","m":"19th Ward - PITTSBURGH","u":"L","o":"individual","sf":4290,"v":24200}},{"type":"Feature","geometry":{"type":"Point","coordinates":[-80.0255,40.4359]},"properties":{"p":"0006K00298000000","a":"CLARENCE ST","m":"19th Ward - PITTSBURGH","u":"L","o":"individual","sf":1800,"v":4700}},{"type":"Feature","geometry":{"type":"Point","coordinates":[-80.02518,40.43645]},"properties":{"p":"0006K00308000000","a":"CLARENCE ST","m":"19th Ward - PITTSBURGH","u":"L","o":"individual","sf":1800,"v":4700}},{"type":"Feature","geometry":{"type":"Point","coordinates":[-80.02515,40.43649]},"properties":{"p":"0006K00309000000","a":"CLARENCE ST","m":"19th Ward - PITTSBURGH","u":"L","o":"individual","sf":900,"v":2300}},{"type":"Feature","geometry":{"type":"Point","coordinates":[-80.02667,40.43754]},"properties":{"p":"0006K00167000000","a":"REPUBLIC ST","m":"19th Ward - PITTSBURGH","u":"L","o":"individual","sf":2360,"v":6100}},{"type":"Feature","geometry":{"type":"Point","coordinates":[-80.02673,40.43739]},"properties":{"p":"0006K00171000000","a":"343 REPUBLIC ST","m":"19th Ward - PITTSBURGH","u":"L","o":"individual","sf":3348,"v":21700}},{"type":"Feature","geometry":{"type":"Point","coordinates":[-80.02681,40.43718]},"properties":{"p":"0006K00177000000","a":"REPUBLIC ST","m":"19th Ward - PITTSBURGH","u":"L","o":"individual","sf":967,"v":2500}},{"type":"Feature","geometry":{"type":"Point","coordinates":[-80.02046,40.43699]},"properties":{"p":"0006L00344000000","a":"1 ONEIDA ST","m":"19th Ward - PITTSBURGH","u":"L","o":"individual","sf":800,"v":2100}},{"type":"Feature","geometry":{"type":"Point","coordinates":[-80.02047,40.43694]},"properties":{"p":"0006L00345000000","a":"BASIL WAY","m":"19th Ward - PITTSBURGH","u":"L","o":"individual","sf":1147,"v":500}},{"type":"Feature","geometry":{"type":"Point","coordinates":[-80.02462,40.43743]},"properties":{"p":"0006K00329000000","a":"CLARENCE ST","m":"19th Ward - PITTSBURGH","u":"L","o":"individual","sf":2700,"v":7000}},{"type":"Feature","geometry":{"type":"Point","coordinates":[-80.02836,40.43647]},"properties":{"p":"0006K00022000000","a":"FINGAL ST","m":"19th Ward - PITTSBURGH","u":"L","o":"individual","sf":4200,"v":10900}},{"type":"Feature","geometry":{"type":"Point","coordinates":[-80.02875,40.43572]},"properties":{"p":"0006K00024000000","a":"FINGAL ST","m":"19th Ward - PITTSBURGH","u":"L","o":"corp","sf":132858,"v":12200}},{"type":"Feature","geometry":{"type":"Point","coordinates":[-80.02837,40.43703]},"properties":{"p":"0006K00035000000","a":"FINGAL ST","m":"19th Ward - PITTSBURGH","u":"L","o":"individual","sf":8000,"v":13300}},{"type":"Feature","geometry":{"type":"Point","coordinates":[-80.02701,40.43644]},"properties":{"p":"0006K00190000000","a":"REPUBLIC ST","m":"19th Ward - PITTSBURGH","u":"L","o":"corp","sf":3057,"v":5000}},{"type":"Feature","geometry":{"type":"Point","coordinates":[-80.02636,40.43678]},"properties":{"p":"0006K00216000000","a":"SHALER ST","m":"19th Ward - PITTSBURGH","u":"L","o":"corp","sf":17595,"v":27100}},{"type":"Feature","geometry":{"type":"Point","coordinates":[-80.0262,40.43697]},"properties":{"p":"0006K00220000000","a":"SHALER ST","m":"19th Ward - PITTSBURGH","u":"L","o":"corp","sf":12000,"v":10000}},{"type":"Feature","geometry":{"type":"Point","coordinates":[-80.02608,40.43713]},"properties":{"p":"0006K00224000000","a":"SHALER ST","m":"19th Ward - PITTSBURGH","u":"L","o":"corp","sf":11880,"v":3900}},{"type":"Feature","geometry":{"type":"Point","coordinates":[-80.02609,40.43732]},"properties":{"p":"0006K00228000000","a":"SEWARD ST","m":"19th Ward - PITTSBURGH","u":"L","o":"corp","sf":7179,"v":26200}},{"type":"Feature","geometry":{"type":"Point","coordinates":[-80.02608,40.43755]},"properties":{"p":"0006K00230000000","a":"SEWARD ST","m":"19th Ward - PITTSBURGH","u":"L","o":"corp","sf":3663,"v":22500}},{"type":"Feature","geometry":{"type":"Point","coordinates":[-80.02603,40.43765]},"properties":{"p":"0006K00234000000","a":"SEWARD ST","m":"19th Ward - PITTSBURGH","u":"L","o":"corp","sf":3666,"v":22500}},{"type":"Feature","geometry":{"type":"Point","coordinates":[-80.02495,40.43613]},"properties":{"p":"0006K00348000000","a":"EDITH ST","m":"19th Ward - PITTSBURGH","u":"L","o":"individual","sf":1800,"v":700}},{"type":"Feature","geometry":{"type":"Point","coordinates":[-80.0236,40.43748]},"properties":{"p":"0006L00058000000","a":"EDITH ST","m":"19th Ward - PITTSBURGH","u":"L","o":"individual","sf":2000,"v":700}},{"type":"Feature","geometry":{"type":"Point","coordinates":[-80.03791,40.4396]},"properties":{"p":"0019G00282000000","a":"HARKER ST","m":"20th Ward - PITTSBURGH","u":"L","o":"individual","sf":1625,"v":600}},{"type":"Feature","geometry":{"type":"Point","coordinates":[-80.03788,40.43973]},"properties":{"p":"0019G00283000000","a":"LOVELACE ST","m":"20th Ward - PITTSBURGH","u":"L","o":"individual","sf":875,"v":400}},{"type":"Feature","geometry":{"type":"Point","coordinates":[-80.03782,40.4396]},"properties":{"p":"0019G00284000000","a":"LOVELACE ST","m":"20th Ward - PITTSBURGH","u":"L","o":"individual","sf":2500,"v":900}},{"type":"Feature","geometry":{"type":"Point","coordinates":[-80.03733,40.43991]},"properties":{"p":"0019G00301000000","a":"LOVELACE ST","m":"20th Ward - PITTSBURGH","u":"L","o":"individual","sf":5677,"v":14100}},{"type":"Feature","geometry":{"type":"Point","coordinates":[-80.03762,40.43998]},"properties":{"p":"0019G00305000000","a":"LOVELACE ST","m":"20th Ward - PITTSBURGH","u":"L","o":"individual","sf":200,"v":200}},{"type":"Feature","geometry":{"type":"Point","coordinates":[-80.03244,40.43439]},"properties":{"p":"0006N00053000000","a":"MCKNIGHT ST","m":"20th Ward - PITTSBURGH","u":"L","o":"individual","sf":3500,"v":1200}},{"type":"Feature","geometry":{"type":"Point","coordinates":[-80.03206,40.4342]},"properties":{"p":"0006N00060000000","a":"WOODVILLE AVE","m":"20th Ward - PITTSBURGH","u":"L","o":"individual","sf":3000,"v":1000}},{"type":"Feature","geometry":{"type":"Point","coordinates":[-80.03184,40.43409]},"properties":{"p":"0006N00063000000","a":"WOODVILLE AVE","m":"20th Ward - PITTSBURGH","u":"L","o":"individual","sf":3000,"v":4800}},{"type":"Feature","geometry":{"type":"Point","coordinates":[-80.03983,40.43998]},"properties":{"p":"0019G00258000000","a":"HARKER ST","m":"20th Ward - PITTSBURGH","u":"L","o":"individual","sf":12216,"v":14700}},{"type":"Feature","geometry":{"type":"Point","coordinates":[-80.03904,40.43982]},"properties":{"p":"0019G00268000000","a":"HARKER ST","m":"20th Ward - PITTSBURGH","u":"L","o":"corp","sf":12166,"v":14600}},{"type":"Feature","geometry":{"type":"Point","coordinates":[-80.03825,40.43971]},"properties":{"p":"0019G00278000000","a":"LOVELACE ST","m":"20th Ward - PITTSBURGH","u":"L","o":"individual","sf":7500,"v":14200}},{"type":"Feature","geometry":{"type":"Point","coordinates":[-80.0206,40.43019]},"properties":{"p":"0005G00061000000","a":"516 MERIDAN ST","m":"20th Ward - PITTSBURGH","u":"L","o":"individual","sf":4800,"v":13700}},{"type":"Feature","geometry":{"type":"Point","coordinates":[-80.03155,40.44149]},"properties":{"p":"0006A00144000000","a":"NEPTUNE ST","m":"20th Ward - PITTSBURGH","u":"L","o":"corp","sf":33706,"v":4000}},{"type":"Feature","geometry":{"type":"Point","coordinates":[-80.03265,40.43444]},"properties":{"p":"0006N00048000000","a":"WOODVILLE AVE","m":"20th Ward - PITTSBURGH","u":"L","o":"individual","sf":6000,"v":8100}},{"type":"Feature","geometry":{"type":"Point","coordinates":[-80.03849,40.44208]},"properties":{"p":"0019C00114000100","a":"CHARTIERS AVE","m":"20th Ward - PITTSBURGH","u":"L","o":"corp","sf":4206,"v":5900}},{"type":"Feature","geometry":{"type":"Point","coordinates":[-80.0384,40.44178]},"properties":{"p":"0019C00118000000","a":"CHARTIERS AVE","m":"20th Ward - PITTSBURGH","u":"L","o":"individual","sf":1634,"v":900}},{"type":"Feature","geometry":{"type":"Point","coordinates":[-80.03821,40.44275]},"properties":{"p":"0019C00037000000","a":"FURLEY ST","m":"20th Ward - PITTSBURGH","u":"L","o":"individual","sf":5200,"v":14000}},{"type":"Feature","geometry":{"type":"Point","coordinates":[-80.03852,40.443]},"properties":{"p":"0019C00040000000","a":"FENTON WAY","m":"20th Ward - PITTSBURGH","u":"L","o":"individual","sf":1973,"v":700}},{"type":"Feature","geometry":{"type":"Point","coordinates":[-80.03491,40.44263]},"properties":{"p":"0019D00058000000","a":"ELLIOTT ST","m":"20th Ward - PITTSBURGH","u":"L","o":"corp","sf":18000,"v":15200}},{"type":"Feature","geometry":{"type":"Point","coordinates":[-80.0387,40.44174]},"properties":{"p":"0019C00133000000","a":"JANEWOOD WAY","m":"20th Ward - PITTSBURGH","u":"L","o":"individual","sf":2100,"v":2900}},{"type":"Feature","geometry":{"type":"Point","coordinates":[-80.03891,40.44193]},"properties":{"p":"0019C00139000000","a":"JANEWOOD WAY","m":"20th Ward - PITTSBURGH","u":"L","o":"individual","sf":7844,"v":14300}},{"type":"Feature","geometry":{"type":"Point","coordinates":[-80.03355,40.44207]},"properties":{"p":"0019D00170000000","a":"STEUBEN ST","m":"20th Ward - PITTSBURGH","u":"L","o":"corp","sf":3250,"v":11600}},{"type":"Feature","geometry":{"type":"Point","coordinates":[-80.03231,40.44409]},"properties":{"p":"0007N00186000000","a":"ANGLE ST","m":"20th Ward - PITTSBURGH","u":"L","o":"individual","sf":5760,"v":3000}},{"type":"Feature","geometry":{"type":"Point","coordinates":[-80.03202,40.44424]},"properties":{"p":"0007N00190000000","a":"ANGLE ST","m":"20th Ward - PITTSBURGH","u":"L","o":"individual","sf":12240,"v":6300}},{"type":"Feature","geometry":{"type":"Point","coordinates":[-80.03252,40.44429]},"properties":{"p":"0007N00199000000","a":"ANGLE ST","m":"20th Ward - PITTSBURGH","u":"L","o":"individual","sf":16600,"v":8000}},{"type":"Feature","geometry":{"type":"Point","coordinates":[-80.03136,40.44478]},"properties":{"p":"0007N00219000000","a":"ADVENT ST","m":"20th Ward - PITTSBURGH","u":"L","o":"individual","sf":26418,"v":15900}},{"type":"Feature","geometry":{"type":"Point","coordinates":[-80.03181,40.4454]},"properties":{"p":"0007N00238000000","a":"CORFU ST","m":"20th Ward - PITTSBURGH","u":"L","o":"corp","sf":11880,"v":14600}},{"type":"Feature","geometry":{"type":"Point","coordinates":[-80.03471,40.4393]},"properties":{"p":"0019H00229000000","a":"WABASH ST","m":"20th Ward - PITTSBURGH","u":"L","o":"individual","sf":1851,"v":2600}},{"type":"Feature","geometry":{"type":"Point","coordinates":[-80.03534,40.43145]},"properties":{"p":"0018D00058000000","a":"SYRACUSE ST","m":"20th Ward - PITTSBURGH","u":"L","o":"individual","sf":8540,"v":3100}},{"type":"Feature","geometry":{"type":"Point","coordinates":[-80.03469,40.43963]},"properties":{"p":"0019H00235000000","a":"WABASH ST","m":"20th Ward - PITTSBURGH","u":"L","o":"individual","sf":2750,"v":10900}},{"type":"Feature","geometry":{"type":"Point","coordinates":[-80.03467,40.4397]},"properties":{"p":"0019H00236000000","a":"WABASH ST","m":"20th Ward - PITTSBURGH","u":"L","o":"individual","sf":2644,"v":10700}},{"type":"Feature","geometry":{"type":"Point","coordinates":[-80.03462,40.43995]},"properties":{"p":"0019H00240000000","a":"WABASH ST","m":"20th Ward - PITTSBURGH","u":"L","o":"corp","sf":4000,"v":12600}},{"type":"Feature","geometry":{"type":"Point","coordinates":[-80.03479,40.44012]},"properties":{"p":"0019H00244000000","a":"WABASH ST","m":"20th Ward - PITTSBURGH","u":"L","o":"individual","sf":1500,"v":900}},{"type":"Feature","geometry":{"type":"Point","coordinates":[-80.03381,40.43723]},"properties":{"p":"0019M00144000000","a":"INDEPENDENCE ST","m":"20th Ward - PITTSBURGH","u":"L","o":"corp","sf":6107,"v":22600}},{"type":"Feature","geometry":{"type":"Point","coordinates":[-80.03145,40.4443]},"properties":{"p":"0007N00163000000","a":"ANGLE ST","m":"20th Ward - PITTSBURGH","u":"L","o":"individual","sf":7105,"v":3600}},{"type":"Feature","geometry":{"type":"Point","coordinates":[-80.03169,40.44415]},"properties":{"p":"0007N00168000000","a":"ANGLE ST","m":"20th Ward - PITTSBURGH","u":"L","o":"individual","sf":3770,"v":5300}},{"type":"Feature","geometry":{"type":"Point","coordinates":[-80.03841,40.44241]},"properties":{"p":"0019C00062000000","a":"FURLEY ST","m":"20th Ward - PITTSBURGH","u":"L","o":"individual","sf":5750,"v":14100}},{"type":"Feature","geometry":{"type":"Point","coordinates":[-80.03813,40.4423]},"properties":{"p":"0019C00066000000","a":"FURLEY ST","m":"20th Ward - PITTSBURGH","u":"L","o":"corp","sf":5300,"v":14000}},{"type":"Feature","geometry":{"type":"Point","coordinates":[-80.03702,40.44145]},"properties":{"p":"0019C00085000000","a":"STEUBEN ST","m":"20th Ward - PITTSBURGH","u":"L","o":"individual","sf":2516,"v":900}},{"type":"Feature","geometry":{"type":"Point","coordinates":[-80.0317,40.44402]},"properties":{"p":"0007N00169000000","a":"ANGLE ST","m":"20th Ward - PITTSBURGH","u":"L","o":"individual","sf":2668,"v":3700}},{"type":"Feature","geometry":{"type":"Point","coordinates":[-80.03186,40.44407]},"properties":{"p":"0007N00175000000","a":"ANGLE ST","m":"20th Ward - PITTSBURGH","u":"L","o":"individual","sf":9072,"v":14400}},{"type":"Feature","geometry":{"type":"Point","coordinates":[-80.03772,40.44211]},"properties":{"p":"0019C00071000000","a":"FURLEY ST","m":"20th Ward - PITTSBURGH","u":"L","o":"individual","sf":5000,"v":14000}},{"type":"Feature","geometry":{"type":"Point","coordinates":[-80.03749,40.442]},"properties":{"p":"0019C00074000000","a":"FURLEY ST","m":"20th Ward - PITTSBURGH","u":"L","o":"individual","sf":5000,"v":14000}},{"type":"Feature","geometry":{"type":"Point","coordinates":[-80.03573,40.44187]},"properties":{"p":"0019D00107000000","a":"STEUBEN ST","m":"20th Ward - PITTSBURGH","u":"L","o":"corp","sf":7800,"v":7300}},{"type":"Feature","geometry":{"type":"Point","coordinates":[-80.03445,40.44232]},"properties":{"p":"0019D00125000000","a":"STEUBEN ST","m":"20th Ward - PITTSBURGH","u":"L","o":"corp","sf":10360,"v":4500}},{"type":"Feature","geometry":{"type":"Point","coordinates":[-80.03427,40.44239]},"properties":{"p":"0019D00129000000","a":"STEUBEN ST","m":"20th Ward - PITTSBURGH","u":"L","o":"individual","sf":3360,"v":1100}},{"type":"Feature","geometry":{"type":"Point","coordinates":[-80.03415,40.44243]},"properties":{"p":"0019D00131000000","a":"STEUBEN ST","m":"20th Ward - PITTSBURGH","u":"L","o":"corp","sf":8400,"v":2000}},{"type":"Feature","geometry":{"type":"Point","coordinates":[-80.03292,40.44292]},"properties":{"p":"0019D00152000000","a":"STEUBEN ST","m":"20th Ward - PITTSBURGH","u":"L","o":"corp","sf":4900,"v":13900}},{"type":"Feature","geometry":{"type":"Point","coordinates":[-80.03286,40.44223]},"properties":{"p":"0019D00155000000","a":"STEUBEN ST","m":"20th Ward - PITTSBURGH","u":"L","o":"corp","sf":2400,"v":1000}},{"type":"Feature","geometry":{"type":"Point","coordinates":[-80.03293,40.44239]},"properties":{"p":"0019D00158000000","a":"STEUBEN ST","m":"20th Ward - PITTSBURGH","u":"L","o":"corp","sf":3600,"v":1200}},{"type":"Feature","geometry":{"type":"Point","coordinates":[-80.03303,40.44217]},"properties":{"p":"0019D00161000000","a":"SANCTUS ST","m":"20th Ward - PITTSBURGH","u":"L","o":"individual","sf":3600,"v":12000}},{"type":"Feature","geometry":{"type":"Point","coordinates":[-80.03933,40.43857]},"properties":{"p":"0019G00056000000","a":"HERSCHEL ST","m":"20th Ward - PITTSBURGH","u":"L","o":"individual","sf":5000,"v":14000}},{"type":"Feature","geometry":{"type":"Point","coordinates":[-80.03859,40.43838]},"properties":{"p":"0019G00066000000","a":"HERSCHEL ST","m":"20th Ward - PITTSBURGH","u":"L","o":"individual","sf":2550,"v":10600}},{"type":"Feature","geometry":{"type":"Point","coordinates":[-80.03582,40.43088]},"properties":{"p":"0018D00033000000","a":"NEW YORK ST","m":"20th Ward - PITTSBURGH","u":"L","o":"individual","sf":4358,"v":1600}},{"type":"Feature","geometry":{"type":"Point","coordinates":[-80.03949,40.43861]},"properties":{"p":"0019G00054000000","a":"HERSCHEL ST","m":"20th Ward - PITTSBURGH","u":"L","o":"individual","sf":5000,"v":14000}},{"type":"Feature","geometry":{"type":"Point","coordinates":[-80.03506,40.44004]},"properties":{"p":"0019H00181000000","a":"NOBLESTOWN RD","m":"20th Ward - PITTSBURGH","u":"L","o":"individual","sf":3132,"v":4400}},{"type":"Feature","geometry":{"type":"Point","coordinates":[-80.03833,40.43831]},"properties":{"p":"0019G00069000000","a":"HERSCHEL ST","m":"20th Ward - PITTSBURGH","u":"L","o":"corp","sf":2550,"v":900}},{"type":"Feature","geometry":{"type":"Point","coordinates":[-80.03497,40.43904]},"properties":{"p":"0019H00198000000","a":"NOBLESTOWN RD","m":"20th Ward - PITTSBURGH","u":"L","o":"corp","sf":1703,"v":900}},{"type":"Feature","geometry":{"type":"Point","coordinates":[-80.0349,40.43826]},"properties":{"p":"0019H00209000000","a":"WABASH ST","m":"20th Ward - PITTSBURGH","u":"L","o":"corp","sf":3750,"v":12300}},{"type":"Feature","geometry":{"type":"Point","coordinates":[-80.03567,40.4413]},"properties":{"p":"0019D00200000000","a":"STEUBEN ST","m":"20th Ward - PITTSBURGH","u":"L","o":"corp","sf":2426,"v":1000}},{"type":"Feature","geometry":{"type":"Point","coordinates":[-80.0359,40.44122]},"properties":{"p":"0019D00204000000","a":"STEUBEN ST","m":"20th Ward - PITTSBURGH","u":"L","o":"corp","sf":4200,"v":12900}},{"type":"Feature","geometry":{"type":"Point","coordinates":[-80.036,40.44119]},"properties":{"p":"0019D00205000000","a":"STEUBEN ST","m":"20th Ward - PITTSBURGH","u":"L","o":"corp","sf":3000,"v":1000}},{"type":"Feature","geometry":{"type":"Point","coordinates":[-80.03498,40.43909]},"properties":{"p":"0019H00196000000","a":"NOBLESTOWN RD","m":"20th Ward - PITTSBURGH","u":"L","o":"corp","sf":1011,"v":800}},{"type":"Feature","geometry":{"type":"Point","coordinates":[-80.03471,40.43914]},"properties":{"p":"0019H00226000000","a":"WABASH ST","m":"20th Ward - PITTSBURGH","u":"L","o":"corp","sf":2250,"v":3200}},{"type":"Feature","geometry":{"type":"Point","coordinates":[-80.03428,40.43753]},"properties":{"p":"0019M00124000000","a":"WABASH ST","m":"20th Ward - PITTSBURGH","u":"L","o":"individual","sf":3250,"v":2200}},{"type":"Feature","geometry":{"type":"Point","coordinates":[-80.03429,40.4376]},"properties":{"p":"0019M00125000000","a":"WABASH ST","m":"20th Ward - PITTSBURGH","u":"L","o":"corp","sf":2918,"v":1000}},{"type":"Feature","geometry":{"type":"Point","coordinates":[-80.03381,40.43764]},"properties":{"p":"0019M00137000000","a":"BRIDGE ST","m":"20th Ward - PITTSBURGH","u":"L","o":"corp","sf":3250,"v":11600}},{"type":"Feature","geometry":{"type":"Point","coordinates":[-80.03381,40.43757]},"properties":{"p":"0019M00138000000","a":"INDEPENDENCE ST","m":"20th Ward - PITTSBURGH","u":"L","o":"corp","sf":3250,"v":1200}},{"type":"Feature","geometry":{"type":"Point","coordinates":[-80.03851,40.44287]},"properties":{"p":"0019C00044000000","a":"FURLEY ST","m":"20th Ward - PITTSBURGH","u":"L","o":"individual","sf":4500,"v":13300}},{"type":"Feature","geometry":{"type":"Point","coordinates":[-80.03614,40.44191]},"properties":{"p":"0019D00077000000","a":"ATTICA ST","m":"20th Ward - PITTSBURGH","u":"L","o":"individual","sf":9080,"v":14400}},{"type":"Feature","geometry":{"type":"Point","coordinates":[-80.03373,40.43413]},"properties":{"p":"0019S00068000000","a":"CHINA ST","m":"20th Ward - PITTSBURGH","u":"L","o":"corp","sf":2400,"v":7800}},{"type":"Feature","geometry":{"type":"Point","coordinates":[-80.03304,40.43075]},"properties":{"p":"0018H00023000000","a":"NEW YORK ST","m":"20th Ward - PITTSBURGH","u":"L","o":"individual","sf":5100,"v":1900}},{"type":"Feature","geometry":{"type":"Point","coordinates":[-80.03308,40.43036]},"properties":{"p":"0018H00029000000","a":"NEW YORK ST","m":"20th Ward - PITTSBURGH","u":"L","o":"individual","sf":5200,"v":1900}},{"type":"Feature","geometry":{"type":"Point","coordinates":[-80.03459,40.43046]},"properties":{"p":"0018H00046000000","a":"NEW YORK ST","m":"20th Ward - PITTSBURGH","u":"L","o":"individual","sf":4200,"v":3100}},{"type":"Feature","geometry":{"type":"Point","coordinates":[-80.03483,40.43048]},"properties":{"p":"0018H00050000000","a":"NEW YORK ST","m":"20th Ward - PITTSBURGH","u":"L","o":"individual","sf":4400,"v":1600}},{"type":"Feature","geometry":{"type":"Point","coordinates":[-80.03494,40.43048]},"properties":{"p":"0018H00051000000","a":"NEW YORK ST","m":"20th Ward - PITTSBURGH","u":"L","o":"individual","sf":2200,"v":900}},{"type":"Feature","geometry":{"type":"Point","coordinates":[-80.03537,40.43088]},"properties":{"p":"0018H00052000000","a":"NEW YORK ST","m":"20th Ward - PITTSBURGH","u":"L","o":"individual","sf":6493,"v":2400}},{"type":"Feature","geometry":{"type":"Point","coordinates":[-80.03654,40.44179]},"properties":{"p":"0019D00083000000","a":"ATTICA ST","m":"20th Ward - PITTSBURGH","u":"L","o":"individual","sf":7190,"v":14200}},{"type":"Feature","geometry":{"type":"Point","coordinates":[-80.03667,40.44174]},"properties":{"p":"0019D00084000000","a":"ATTICA ST","m":"20th Ward - PITTSBURGH","u":"L","o":"individual","sf":7075,"v":14200}},{"type":"Feature","geometry":{"type":"Point","coordinates":[-80.03691,40.44164]},"properties":{"p":"0019D00087000000","a":"ATTICA ST","m":"20th Ward - PITTSBURGH","u":"L","o":"individual","sf":5395,"v":14000}},{"type":"Feature","geometry":{"type":"Point","coordinates":[-80.03689,40.44145]},"properties":{"p":"0019D00091000000","a":"STEUBEN ST","m":"20th Ward - PITTSBURGH","u":"L","o":"individual","sf":3200,"v":11500}},{"type":"Feature","geometry":{"type":"Point","coordinates":[-80.03675,40.44149]},"properties":{"p":"0019D00092000000","a":"STEUBEN ST","m":"20th Ward - PITTSBURGH","u":"L","o":"individual","sf":3980,"v":12600}},{"type":"Feature","geometry":{"type":"Point","coordinates":[-80.03663,40.44149]},"properties":{"p":"0019D00095000000","a":"STEUBEN ST","m":"20th Ward - PITTSBURGH","u":"L","o":"corp","sf":1975,"v":2800}},{"type":"Feature","geometry":{"type":"Point","coordinates":[-80.03652,40.44148]},"properties":{"p":"0019D00096000000","a":"STEUBEN ST","m":"20th Ward - PITTSBURGH","u":"L","o":"individual","sf":2785,"v":8200}},{"type":"Feature","geometry":{"type":"Point","coordinates":[-80.03641,40.44152]},"properties":{"p":"0019D00098000000","a":"STEUBEN ST","m":"20th Ward - PITTSBURGH","u":"L","o":"individual","sf":3390,"v":4800}},{"type":"Feature","geometry":{"type":"Point","coordinates":[-80.03631,40.44156]},"properties":{"p":"0019D00100000000","a":"STEUBEN ST","m":"20th Ward - PITTSBURGH","u":"L","o":"individual","sf":1825,"v":2600}},{"type":"Feature","geometry":{"type":"Point","coordinates":[-80.0369,40.44086]},"properties":{"p":"0019D00220000000","a":"S MAIN ST","m":"20th Ward - PITTSBURGH","u":"L","o":"corp","sf":1675,"v":600}},{"type":"Feature","geometry":{"type":"Point","coordinates":[-80.03672,40.44089]},"properties":{"p":"0019D00221000000","a":"S MAIN ST","m":"20th Ward - PITTSBURGH","u":"L","o":"corp","sf":1385,"v":1900}},{"type":"Feature","geometry":{"type":"Point","coordinates":[-80.03803,40.43922]},"properties":{"p":"0019G00124000000","a":"WEAVER ST","m":"20th Ward - PITTSBURGH","u":"L","o":"individual","sf":2500,"v":900}},{"type":"Feature","geometry":{"type":"Point","coordinates":[-80.0328,40.44292]},"properties":{"p":"0006A00002000000","a":"STEUBEN ST","m":"20th Ward - PITTSBURGH","u":"L","o":"corp","sf":3500,"v":1200}},{"type":"Feature","geometry":{"type":"Point","coordinates":[-80.03458,40.43652]},"properties":{"p":"0019M00084000000","a":"WABASH ST","m":"20th Ward - PITTSBURGH","u":"L","o":"individual","sf":1520,"v":9100}},{"type":"Feature","geometry":{"type":"Point","coordinates":[-80.03523,40.4305]},"properties":{"p":"0018H00055000000","a":"NEW YORK ST","m":"20th Ward - PITTSBURGH","u":"L","o":"individual","sf":4000,"v":1500}},{"type":"Feature","geometry":{"type":"Point","coordinates":[-80.03538,40.43051]},"properties":{"p":"0018H00057000000","a":"NEW YORK ST","m":"20th Ward - PITTSBURGH","u":"L","o":"individual","sf":4000,"v":1500}},{"type":"Feature","geometry":{"type":"Point","coordinates":[-80.03828,40.43441]},"properties":{"p":"0019R00077000000","a":"KEARNS ST","m":"20th Ward - PITTSBURGH","u":"L","o":"individual","sf":1920,"v":700}},{"type":"Feature","geometry":{"type":"Point","coordinates":[-80.03885,40.43362]},"properties":{"p":"0019R00084000000","a":"KEARNS ST","m":"20th Ward - PITTSBURGH","u":"L","o":"individual","sf":21873,"v":1000}},{"type":"Feature","geometry":{"type":"Point","coordinates":[-80.0381,40.43383]},"properties":{"p":"0019R00100000000","a":"KEARNS ST","m":"20th Ward - PITTSBURGH","u":"L","o":"corp","sf":6188,"v":30100}},{"type":"Feature","geometry":{"type":"Point","coordinates":[-80.038,40.43418]},"properties":{"p":"0019R00110000000","a":"KEARNS ST","m":"20th Ward - PITTSBURGH","u":"L","o":"individual","sf":3000,"v":24000}},{"type":"Feature","geometry":{"type":"Point","coordinates":[-80.03249,40.44532]},"properties":{"p":"0007N00243000000","a":"CORFU ST","m":"20th Ward - PITTSBURGH","u":"L","o":"corp","sf":5106,"v":1400}},{"type":"Feature","geometry":{"type":"Point","coordinates":[-80.0314,40.44555]},"properties":{"p":"0007N00253000000","a":"CORFU ST","m":"20th Ward - PITTSBURGH","u":"L","o":"corp","sf":10723,"v":3000}},{"type":"Feature","geometry":{"type":"Point","coordinates":[-80.03536,40.43123]},"properties":{"p":"0018D00060000000","a":"SYRACUSE ST","m":"20th Ward - PITTSBURGH","u":"L","o":"individual","sf":5600,"v":2100}},{"type":"Feature","geometry":{"type":"Point","coordinates":[-80.03537,40.43112]},"properties":{"p":"0018D00061000000","a":"SYRACUSE ST","m":"20th Ward - PITTSBURGH","u":"L","o":"individual","sf":4800,"v":1800}},{"type":"Feature","geometry":{"type":"Point","coordinates":[-80.03535,40.431]},"properties":{"p":"0018D00062000000","a":"SYRACUSE ST","m":"20th Ward - PITTSBURGH","u":"L","o":"individual","sf":5600,"v":2100}},{"type":"Feature","geometry":{"type":"Point","coordinates":[-80.03472,40.43145]},"properties":{"p":"0018D00067000000","a":"ADOLPH ST","m":"20th Ward - PITTSBURGH","u":"L","o":"individual","sf":8500,"v":7800}},{"type":"Feature","geometry":{"type":"Point","coordinates":[-80.0332,40.43116]},"properties":{"p":"0018D00092000000","a":"TUCKER ST","m":"20th Ward - PITTSBURGH","u":"L","o":"individual","sf":8000,"v":2900}},{"type":"Feature","geometry":{"type":"Point","coordinates":[-80.03453,40.43085]},"properties":{"p":"0018H00005000000","a":"NEW YORK ST","m":"20th Ward - PITTSBURGH","u":"L","o":"individual","sf":6400,"v":2300}},{"type":"Feature","geometry":{"type":"Point","coordinates":[-80.03432,40.43083]},"properties":{"p":"0018H00008000000","a":"NEW YORK ST","m":"20th Ward - PITTSBURGH","u":"L","o":"individual","sf":4000,"v":12000}},{"type":"Feature","geometry":{"type":"Point","coordinates":[-80.03377,40.43079]},"properties":{"p":"0018H00012000000","a":"NEW YORK ST","m":"20th Ward - PITTSBURGH","u":"L","o":"individual","sf":18000,"v":5200}},{"type":"Feature","geometry":{"type":"Point","coordinates":[-80.03578,40.44029]},"properties":{"p":"0019H00141000000","a":"NOBLESTOWN RD","m":"20th Ward - PITTSBURGH","u":"L","o":"corp","sf":1136,"v":400}},{"type":"Feature","geometry":{"type":"Point","coordinates":[-80.03584,40.44031]},"properties":{"p":"0019H00142000000","a":"NOBLESTOWN RD","m":"20th Ward - PITTSBURGH","u":"L","o":"corp","sf":1540,"v":600}},{"type":"Feature","geometry":{"type":"Point","coordinates":[-80.03499,40.43789]},"properties":{"p":"0019M00061000000","a":"WABASH ST","m":"20th Ward - PITTSBURGH","u":"L","o":"individual","sf":3350,"v":11700}},{"type":"Feature","geometry":{"type":"Point","coordinates":[-80.03491,40.43783]},"properties":{"p":"0019M00062000000","a":"WABASH ST","m":"20th Ward - PITTSBURGH","u":"L","o":"corp","sf":2185,"v":800}},{"type":"Feature","geometry":{"type":"Point","coordinates":[-80.03662,40.43864]},"properties":{"p":"0019H00054000000","a":"805 WALBRIDGE ST","m":"20th Ward - PITTSBURGH","u":"L","o":"individual","sf":4050,"v":1300}},{"type":"Feature","geometry":{"type":"Point","coordinates":[-80.03708,40.43321]},"properties":{"p":"0018C00093000000","a":"JUNIUS ST","m":"20th Ward - PITTSBURGH","u":"L","o":"corp","sf":9800,"v":30400}},{"type":"Feature","geometry":{"type":"Point","coordinates":[-80.03728,40.43292]},"properties":{"p":"0018C00095000000","a":"JUNIUS ST","m":"20th Ward - PITTSBURGH","u":"L","o":"corp","sf":11240,"v":30600}},{"type":"Feature","geometry":{"type":"Point","coordinates":[-80.03755,40.43266]},"properties":{"p":"0018C00100000000","a":"JUNIUS ST","m":"20th Ward - PITTSBURGH","u":"L","o":"corp","sf":2904,"v":8700}},{"type":"Feature","geometry":{"type":"Point","coordinates":[-80.03695,40.43788]},"properties":{"p":"0019M00001000000","a":"HERSCHEL ST","m":"20th Ward - PITTSBURGH","u":"L","o":"individual","sf":420,"v":600}},{"type":"Feature","geometry":{"type":"Point","coordinates":[-80.03781,40.43426]},"properties":{"p":"0019R00111000000","a":"KEARNS ST","m":"20th Ward - PITTSBURGH","u":"L","o":"individual","sf":5916,"v":30100}},{"type":"Feature","geometry":{"type":"Point","coordinates":[-80.0378,40.4345]},"properties":{"p":"0019R00113000000","a":"KEARNS ST","m":"20th Ward - PITTSBURGH","u":"L","o":"corp","sf":7383,"v":30200}},{"type":"Feature","geometry":{"type":"Point","coordinates":[-80.03708,40.43417]},"properties":{"p":"0019R00132000000","a":"GREENTREE RD","m":"20th Ward - PITTSBURGH","u":"L","o":"corp","sf":17860,"v":31200}},{"type":"Feature","geometry":{"type":"Point","coordinates":[-80.03043,40.44393]},"properties":{"p":"0007N00108000000","a":"STEUBEN ST","m":"20th Ward - PITTSBURGH","u":"L","o":"corp","sf":6000,"v":7100}},{"type":"Feature","geometry":{"type":"Point","coordinates":[-80.03815,40.43213]},"properties":{"p":"0018C00113000000","a":"VERNA ST","m":"20th Ward - PITTSBURGH","u":"L","o":"corp","sf":5920,"v":15100}},{"type":"Feature","geometry":{"type":"Point","coordinates":[-80.03616,40.43337]},"properties":{"p":"0019S00012000000","a":"JUNIUS ST","m":"20th Ward - PITTSBURGH","u":"L","o":"individual","sf":5000,"v":15000}},{"type":"Feature","geometry":{"type":"Point","coordinates":[-80.02133,40.43026]},"properties":{"p":"0005G00097000000","a":"META ST","m":"20th Ward - PITTSBURGH","u":"L","o":"individual","sf":4000,"v":1300}},{"type":"Feature","geometry":{"type":"Point","coordinates":[-80.02219,40.4307]},"properties":{"p":"0005G00112000000","a":"SWEETBRIAR ST","m":"20th Ward - PITTSBURGH","u":"L","o":"corp","sf":2000,"v":700}},{"type":"Feature","geometry":{"type":"Point","coordinates":[-80.03937,40.4411]},"properties":{"p":"0019C00290000000","a":"STEUBEN ST","m":"20th Ward - PITTSBURGH","u":"L","o":"individual","sf":1794,"v":600}},{"type":"Feature","geometry":{"type":"Point","coordinates":[-80.03854,40.44095]},"properties":{"p":"0019C00305000000","a":"STEUBEN ST","m":"20th Ward - PITTSBURGH","u":"L","o":"individual","sf":2476,"v":10500}},{"type":"Feature","geometry":{"type":"Point","coordinates":[-80.02377,40.43016]},"properties":{"p":"0005G00244000000","a":"HALLOCK ST","m":"20th Ward - PITTSBURGH","u":"L","o":"individual","sf":1720,"v":600}},{"type":"Feature","geometry":{"type":"Point","coordinates":[-80.03168,40.44579]},"properties":{"p":"0007J00015000000","a":"CORFU ST","m":"20th Ward - PITTSBURGH","u":"L","o":"corp","sf":960,"v":800}},{"type":"Feature","geometry":{"type":"Point","coordinates":[-80.03486,40.43792]},"properties":{"p":"0019M00060000000","a":"WABASH ST","m":"20th Ward - PITTSBURGH","u":"L","o":"individual","sf":2034,"v":9900}},{"type":"Feature","geometry":{"type":"Point","coordinates":[-80.03932,40.43304]},"properties":{"p":"0018C00015000000","a":"KEARNS ST","m":"20th Ward - PITTSBURGH","u":"L","o":"individual","sf":8470,"v":1000}},{"type":"Feature","geometry":{"type":"Point","coordinates":[-80.03973,40.43732]},"properties":{"p":"0019L00095000000","a":"606 NOBLESTOWN RD","m":"20th Ward - PITTSBURGH","u":"L","o":"individual","sf":4809,"v":1500}},{"type":"Feature","geometry":{"type":"Point","coordinates":[-80.03917,40.43745]},"properties":{"p":"0019L00097000000","a":"BUTTONWOOD ST","m":"20th Ward - PITTSBURGH","u":"L","o":"corp","sf":10000,"v":14500}},{"type":"Feature","geometry":{"type":"Point","coordinates":[-80.03148,40.44334]},"properties":{"p":"0007N00092000000","a":"STEUBEN ST","m":"20th Ward - PITTSBURGH","u":"L","o":"corp","sf":2783,"v":3900}},{"type":"Feature","geometry":{"type":"Point","coordinates":[-80.0379,40.43186]},"properties":{"p":"0018C00165000000","a":"VERNA ST","m":"20th Ward - PITTSBURGH","u":"L","o":"corp","sf":7929,"v":15300}},{"type":"Feature","geometry":{"type":"Point","coordinates":[-80.03781,40.43201]},"properties":{"p":"0018C00168000000","a":"SARAH ST","m":"20th Ward - PITTSBURGH","u":"L","o":"corp","sf":2475,"v":1000}},{"type":"Feature","geometry":{"type":"Point","coordinates":[-80.03774,40.43209]},"properties":{"p":"0018C00169000000","a":"SARAH ST","m":"20th Ward - PITTSBURGH","u":"L","o":"corp","sf":4650,"v":14000}},{"type":"Feature","geometry":{"type":"Point","coordinates":[-80.03727,40.44052]},"properties":{"p":"0019G00350000000","a":"S MAIN ST","m":"20th Ward - PITTSBURGH","u":"L","o":"corp","sf":1523,"v":900}},{"type":"Feature","geometry":{"type":"Point","coordinates":[-80.03732,40.44052]},"properties":{"p":"0019G00351000000","a":"S MAIN ST","m":"20th Ward - PITTSBURGH","u":"L","o":"corp","sf":1523,"v":900}},{"type":"Feature","geometry":{"type":"Point","coordinates":[-80.03745,40.44054]},"properties":{"p":"0019G00353000000","a":"S MAIN ST","m":"20th Ward - PITTSBURGH","u":"L","o":"corp","sf":2268,"v":800}},{"type":"Feature","geometry":{"type":"Point","coordinates":[-80.03761,40.44044]},"properties":{"p":"0019G00355000000","a":"S MAIN ST","m":"20th Ward - PITTSBURGH","u":"L","o":"corp","sf":4701,"v":13600}},{"type":"Feature","geometry":{"type":"Point","coordinates":[-80.0378,40.44046]},"properties":{"p":"0019G00357000000","a":"S MAIN ST","m":"20th Ward - PITTSBURGH","u":"L","o":"corp","sf":4566,"v":1500}},{"type":"Feature","geometry":{"type":"Point","coordinates":[-80.0379,40.44047]},"properties":{"p":"0019G00358000000","a":"S MAIN ST","m":"20th Ward - PITTSBURGH","u":"L","o":"individual","sf":4675,"v":13600}},{"type":"Feature","geometry":{"type":"Point","coordinates":[-80.038,40.44048]},"properties":{"p":"0019G00366000001","a":"S MAIN ST","m":"20th Ward - PITTSBURGH","u":"L","o":"corp","sf":4401,"v":6200}},{"type":"Feature","geometry":{"type":"Point","coordinates":[-80.02388,40.43064]},"properties":{"p":"0005G00231000000","a":"LUPTON ST","m":"20th Ward - PITTSBURGH","u":"L","o":"individual","sf":8769,"v":14300}},{"type":"Feature","geometry":{"type":"Point","coordinates":[-80.03649,40.44285]},"properties":{"p":"0019D00003000000","a":"HERNDON ST","m":"20th Ward - PITTSBURGH","u":"L","o":"individual","sf":3750,"v":12300}},{"type":"Feature","geometry":{"type":"Point","coordinates":[-80.03671,40.44271]},"properties":{"p":"0019D00007000000","a":"HERNDON ST","m":"20th Ward - PITTSBURGH","u":"L","o":"individual","sf":7500,"v":14200}},{"type":"Feature","geometry":{"type":"Point","coordinates":[-80.03542,40.43946]},"properties":{"p":"0019H00123000000","a":"NOBLESTOWN RD","m":"20th Ward - PITTSBURGH","u":"L","o":"individual","sf":2848,"v":1000}},{"type":"Feature","geometry":{"type":"Point","coordinates":[-80.03543,40.43955]},"properties":{"p":"0019H00125000000","a":"NOBLESTOWN RD","m":"20th Ward - PITTSBURGH","u":"L","o":"corp","sf":6060,"v":14100}},{"type":"Feature","geometry":{"type":"Point","coordinates":[-80.03996,40.43739]},"properties":{"p":"0019L00092000000","a":"NOBLESTOWN RD","m":"20th Ward - PITTSBURGH","u":"L","o":"corp","sf":3689,"v":1200}},{"type":"Feature","geometry":{"type":"Point","coordinates":[-80.03024,40.44351]},"properties":{"p":"0007N00051000000","a":"STEUBEN ST","m":"20th Ward - PITTSBURGH","u":"L","o":"corp","sf":2200,"v":3100}},{"type":"Feature","geometry":{"type":"Point","coordinates":[-80.03109,40.44313]},"properties":{"p":"0007N00063000000","a":"STEUBEN ST","m":"20th Ward - PITTSBURGH","u":"L","o":"corp","sf":5460,"v":14000}},{"type":"Feature","geometry":{"type":"Point","coordinates":[-80.03137,40.44305]},"properties":{"p":"0007N00066000000","a":"STEUBEN ST","m":"20th Ward - PITTSBURGH","u":"L","o":"corp","sf":1155,"v":900}},{"type":"Feature","geometry":{"type":"Point","coordinates":[-80.0314,40.44298]},"properties":{"p":"0007N00067000000","a":"STEUBEN ST","m":"20th Ward - PITTSBURGH","u":"L","o":"individual","sf":1160,"v":500}},{"type":"Feature","geometry":{"type":"Point","coordinates":[-80.03248,40.44312]},"properties":{"p":"0007N00070000000","a":"STEUBEN ST","m":"20th Ward - PITTSBURGH","u":"L","o":"corp","sf":3500,"v":1200}},{"type":"Feature","geometry":{"type":"Point","coordinates":[-80.03605,40.43901]},"properties":{"p":"0019H00072000000","a":"KERR ST","m":"20th Ward - PITTSBURGH","u":"L","o":"individual","sf":4800,"v":6700}},{"type":"Feature","geometry":{"type":"Point","coordinates":[-80.03157,40.4437]},"properties":{"p":"0007N00128000000","a":"ELLIOTT ST","m":"20th Ward - PITTSBURGH","u":"L","o":"corp","sf":3452,"v":1100}},{"type":"Feature","geometry":{"type":"Point","coordinates":[-80.03138,40.44399]},"properties":{"p":"0007N00148000A00","a":"ANGLE ST","m":"20th Ward - PITTSBURGH","u":"L","o":"individual","sf":1560,"v":2200}},{"type":"Feature","geometry":{"type":"Point","coordinates":[-80.03086,40.4445]},"properties":{"p":"0007N00151000000","a":"CORFU ST","m":"20th Ward - PITTSBURGH","u":"L","o":"individual","sf":6000,"v":14100}},{"type":"Feature","geometry":{"type":"Point","coordinates":[-80.03111,40.44438]},"properties":{"p":"0007N00159000000","a":"ANGLE ST","m":"20th Ward - PITTSBURGH","u":"L","o":"individual","sf":6000,"v":7100}},{"type":"Feature","geometry":{"type":"Point","coordinates":[-80.03132,40.4444]},"properties":{"p":"0007N00161000000","a":"ANGLE ST","m":"20th Ward - PITTSBURGH","u":"L","o":"individual","sf":7440,"v":2300}},{"type":"Feature","geometry":{"type":"Point","coordinates":[-80.03497,40.43599]},"properties":{"p":"0019M00017000000","a":"160 WARDEN ST","m":"20th Ward - PITTSBURGH","u":"L","o":"corp","sf":2500,"v":3500}},{"type":"Feature","geometry":{"type":"Point","coordinates":[-80.03644,40.44242]},"properties":{"p":"0019D00017000002","a":"ATTICA ST","m":"20th Ward - PITTSBURGH","u":"L","o":"individual","sf":6274,"v":14100}},{"type":"Feature","geometry":{"type":"Point","coordinates":[-80.03524,40.4429]},"properties":{"p":"0019D00036000000","a":"LAUDER ST","m":"20th Ward - PITTSBURGH","u":"L","o":"corp","sf":6930,"v":14200}},{"type":"Feature","geometry":{"type":"Point","coordinates":[-80.03862,40.4311]},"properties":{"p":"0018C00153000000","a":"VERNA ST","m":"20th Ward - PITTSBURGH","u":"L","o":"corp","sf":14234,"v":30800}},{"type":"Feature","geometry":{"type":"Point","coordinates":[-80.03844,40.43129]},"properties":{"p":"0018C00154000000","a":"ANTELOPE ST","m":"20th Ward - PITTSBURGH","u":"L","o":"corp","sf":6500,"v":30100}},{"type":"Feature","geometry":{"type":"Point","coordinates":[-80.03827,40.43149]},"properties":{"p":"0018C00158000000","a":"VERNA ST","m":"20th Ward - PITTSBURGH","u":"L","o":"corp","sf":3150,"v":9500}},{"type":"Feature","geometry":{"type":"Point","coordinates":[-80.03814,40.43157]},"properties":{"p":"0018C00159000000","a":"MELLINGER ST","m":"20th Ward - PITTSBURGH","u":"L","o":"corp","sf":10370,"v":30500}},{"type":"Feature","geometry":{"type":"Point","coordinates":[-80.03803,40.43176]},"properties":{"p":"0018C00163000000","a":"VERNA ST","m":"20th Ward - PITTSBURGH","u":"L","o":"corp","sf":4332,"v":28000}},{"type":"Feature","geometry":{"type":"Point","coordinates":[-80.03986,40.43562]},"properties":{"p":"0019R00018000A00","a":"MCCARTNEY ST","m":"20th Ward - PITTSBURGH","u":"L","o":"corp","sf":1194,"v":500}},{"type":"Feature","geometry":{"type":"Point","coordinates":[-80.03855,40.43547]},"properties":{"p":"0019R00038000000","a":"MCCARTNEY ST","m":"20th Ward - PITTSBURGH","u":"L","o":"corp","sf":19500,"v":17300}},{"type":"Feature","geometry":{"type":"Point","coordinates":[-80.03825,40.43539]},"properties":{"p":"0019R00042000000","a":"MCCARTNEY ST","m":"20th Ward - PITTSBURGH","u":"L","o":"corp","sf":25974,"v":17900}},{"type":"Feature","geometry":{"type":"Point","coordinates":[-80.03721,40.44051]},"properties":{"p":"0019G00349000000","a":"625 S MAIN ST","m":"20th Ward - PITTSBURGH","u":"L","o":"corp","sf":1523,"v":2900}},{"type":"Feature","geometry":{"type":"Point","coordinates":[-80.03931,40.43781]},"properties":{"p":"0019L00027000000","a":"SEDAN WAY","m":"20th Ward - PITTSBURGH","u":"L","o":"corp","sf":7500,"v":14200}},{"type":"Feature","geometry":{"type":"Point","coordinates":[-80.03955,40.43784]},"properties":{"p":"0019L00030000000","a":"SEDAN WAY","m":"20th Ward - PITTSBURGH","u":"L","o":"corp","sf":8100,"v":14300}},{"type":"Feature","geometry":{"type":"Point","coordinates":[-80.03712,40.44109]},"properties":{"p":"0019C00323000000","a":"STEUBEN ST","m":"20th Ward - PITTSBURGH","u":"L","o":"corp","sf":1600,"v":900}},{"type":"Feature","geometry":{"type":"Point","coordinates":[-80.03194,40.44552]},"properties":{"p":"0007J00022000000","a":"CORFU ST","m":"20th Ward - PITTSBURGH","u":"L","o":"corp","sf":6288,"v":1500}},{"type":"Feature","geometry":{"type":"Point","coordinates":[-80.03273,40.4458]},"properties":{"p":"0007J00036000000","a":"CORFU ST","m":"20th Ward - PITTSBURGH","u":"L","o":"corp","sf":35520,"v":16800}},{"type":"Feature","geometry":{"type":"Point","coordinates":[-80.037,40.44086]},"properties":{"p":"0019C00326000000","a":"S MAIN ST","m":"20th Ward - PITTSBURGH","u":"L","o":"corp","sf":1760,"v":2500}},{"type":"Feature","geometry":{"type":"Point","coordinates":[-80.03743,40.44088]},"properties":{"p":"0019C00333000000","a":"S MAIN ST","m":"20th Ward - PITTSBURGH","u":"L","o":"corp","sf":4464,"v":6300}},{"type":"Feature","geometry":{"type":"Point","coordinates":[-80.03766,40.44091]},"properties":{"p":"0019C00336000000","a":"S MAIN ST","m":"20th Ward - PITTSBURGH","u":"L","o":"corp","sf":4445,"v":13200}},{"type":"Feature","geometry":{"type":"Point","coordinates":[-80.03577,40.43021]},"properties":{"p":"0018H00082000000","a":"ALBANY ST","m":"20th Ward - PITTSBURGH","u":"L","o":"individual","sf":4000,"v":1500}},{"type":"Feature","geometry":{"type":"Point","coordinates":[-80.03563,40.4302]},"properties":{"p":"0018H00084000000","a":"ALBANY ST","m":"20th Ward - PITTSBURGH","u":"L","o":"individual","sf":4000,"v":12000}},{"type":"Feature","geometry":{"type":"Point","coordinates":[-80.03552,40.43019]},"properties":{"p":"0018H00086000000","a":"ALBANY ST","m":"20th Ward - PITTSBURGH","u":"L","o":"individual","sf":2000,"v":6000}},{"type":"Feature","geometry":{"type":"Point","coordinates":[-80.03541,40.43018]},"properties":{"p":"0018H00087000000","a":"ALBANY ST","m":"20th Ward - PITTSBURGH","u":"L","o":"individual","sf":4000,"v":12000}},{"type":"Feature","geometry":{"type":"Point","coordinates":[-80.03526,40.43017]},"properties":{"p":"0018H00089000000","a":"ALBANY ST","m":"20th Ward - PITTSBURGH","u":"L","o":"individual","sf":4000,"v":12000}},{"type":"Feature","geometry":{"type":"Point","coordinates":[-80.03458,40.43013]},"properties":{"p":"0018H00097000000","a":"44 ALBANY ST","m":"20th Ward - PITTSBURGH","u":"L","o":"individual","sf":2200,"v":6600}},{"type":"Feature","geometry":{"type":"Point","coordinates":[-80.03415,40.4301]},"properties":{"p":"0018H00098000000","a":"ALBANY ST","m":"20th Ward - PITTSBURGH","u":"L","o":"individual","sf":16000,"v":2300}},{"type":"Feature","geometry":{"type":"Point","coordinates":[-80.03368,40.43007]},"properties":{"p":"0018H00108000000","a":"ALBANY ST","m":"20th Ward - PITTSBURGH","u":"L","o":"individual","sf":4000,"v":1500}},{"type":"Feature","geometry":{"type":"Point","coordinates":[-80.03327,40.43005]},"properties":{"p":"0018H00118000000","a":"ALBANY ST","m":"20th Ward - PITTSBURGH","u":"L","o":"individual","sf":14000,"v":1400}},{"type":"Feature","geometry":{"type":"Point","coordinates":[-80.03258,40.44291]},"properties":{"p":"0006A00004000000","a":"STEUBEN ST","m":"20th Ward - PITTSBURGH","u":"L","o":"corp","sf":4760,"v":6700}},{"type":"Feature","geometry":{"type":"Point","coordinates":[-80.03274,40.44228]},"properties":{"p":"0006A00008000000","a":"VIOLET WAY","m":"20th Ward - PITTSBURGH","u":"L","o":"individual","sf":1200,"v":8700}},{"type":"Feature","geometry":{"type":"Point","coordinates":[-80.03273,40.44245]},"properties":{"p":"0006A00010000000","a":"STEUBEN ST","m":"20th Ward - PITTSBURGH","u":"L","o":"individual","sf":2322,"v":800}},{"type":"Feature","geometry":{"type":"Point","coordinates":[-80.03253,40.44234]},"properties":{"p":"0006A00013000000","a":"VIOLET WAY","m":"20th Ward - PITTSBURGH","u":"L","o":"corp","sf":1929,"v":700}},{"type":"Feature","geometry":{"type":"Point","coordinates":[-80.0326,40.4425]},"properties":{"p":"0006A00014000000","a":"STEUBEN ST","m":"20th Ward - PITTSBURGH","u":"L","o":"corp","sf":1350,"v":900}},{"type":"Feature","geometry":{"type":"Point","coordinates":[-80.03253,40.44252]},"properties":{"p":"0006A00016000000","a":"STEUBEN ST","m":"20th Ward - PITTSBURGH","u":"L","o":"corp","sf":1351,"v":900}},{"type":"Feature","geometry":{"type":"Point","coordinates":[-80.03832,40.43938]},"properties":{"p":"0019G00198000000","a":"HARKER ST","m":"20th Ward - PITTSBURGH","u":"L","o":"individual","sf":4316,"v":13000}},{"type":"Feature","geometry":{"type":"Point","coordinates":[-80.0341,40.43174]},"properties":{"p":"0018D00165000000","a":"MELLINGER ST","m":"20th Ward - PITTSBURGH","u":"L","o":"individual","sf":25950,"v":9200}},{"type":"Feature","geometry":{"type":"Point","coordinates":[-80.03486,40.43276]},"properties":{"p":"0018D00201000000","a":"JUNIUS ST","m":"20th Ward - PITTSBURGH","u":"L","o":"corp","sf":5000,"v":15000}},{"type":"Feature","geometry":{"type":"Point","coordinates":[-80.03562,40.43053]},"properties":{"p":"0018H00060000000","a":"NEW YORK ST","m":"20th Ward - PITTSBURGH","u":"L","o":"individual","sf":2000,"v":800}},{"type":"Feature","geometry":{"type":"Point","coordinates":[-80.03569,40.43053]},"properties":{"p":"0018H00061000000","a":"NEW YORK ST","m":"20th Ward - PITTSBURGH","u":"L","o":"individual","sf":2000,"v":800}},{"type":"Feature","geometry":{"type":"Point","coordinates":[-80.03583,40.43054]},"properties":{"p":"0018H00062000000","a":"NEW YORK ST","m":"20th Ward - PITTSBURGH","u":"L","o":"individual","sf":2000,"v":800}},{"type":"Feature","geometry":{"type":"Point","coordinates":[-80.03576,40.43054]},"properties":{"p":"0018H00063000000","a":"NEW YORK ST","m":"20th Ward - PITTSBURGH","u":"L","o":"individual","sf":2000,"v":800}},{"type":"Feature","geometry":{"type":"Point","coordinates":[-80.03606,40.43056]},"properties":{"p":"0018H00066000000","a":"NEW YORK ST","m":"20th Ward - PITTSBURGH","u":"L","o":"individual","sf":2000,"v":6000}},{"type":"Feature","geometry":{"type":"Point","coordinates":[-80.0363,40.43058]},"properties":{"p":"0018H00070000000","a":"NEW YORK ST","m":"20th Ward - PITTSBURGH","u":"L","o":"individual","sf":3500,"v":10500}},{"type":"Feature","geometry":{"type":"Point","coordinates":[-80.0368,40.44085]},"properties":{"p":"0019D00222000000","a":"S MAIN ST","m":"20th Ward - PITTSBURGH","u":"L","o":"corp","sf":1775,"v":600}},{"type":"Feature","geometry":{"type":"Point","coordinates":[-80.03662,40.44079]},"properties":{"p":"0019D00223000000","a":"S MAIN ST","m":"20th Ward - PITTSBURGH","u":"L","o":"corp","sf":2351,"v":3300}},{"type":"Feature","geometry":{"type":"Point","coordinates":[-80.03618,40.44076]},"properties":{"p":"0019D00228000000","a":"608 S MAIN ST","m":"20th Ward - PITTSBURGH","u":"L","o":"corp","sf":2178,"v":3100}},{"type":"Feature","geometry":{"type":"Point","coordinates":[-80.03575,40.44077]},"properties":{"p":"0019D00234000000","a":"520 S MAIN ST","m":"20th Ward - PITTSBURGH","u":"L","o":"individual","sf":4690,"v":1500}},{"type":"Feature","geometry":{"type":"Point","coordinates":[-80.03936,40.43895]},"properties":{"p":"0019G00150000000","a":"WYMORE ST","m":"20th Ward - PITTSBURGH","u":"L","o":"individual","sf":2675,"v":3800}},{"type":"Feature","geometry":{"type":"Point","coordinates":[-80.03979,40.43906]},"properties":{"p":"0019G00157000000","a":"612 WESTON WAY","m":"20th Ward - PITTSBURGH","u":"L","o":"individual","sf":5350,"v":7000}},{"type":"Feature","geometry":{"type":"Point","coordinates":[-80.03255,40.44213]},"properties":{"p":"0006A00101000000","a":"VIOLET WAY","m":"20th Ward - PITTSBURGH","u":"L","o":"corp","sf":590,"v":800}},{"type":"Feature","geometry":{"type":"Point","coordinates":[-80.03259,40.44212]},"properties":{"p":"0006A00103000000","a":"VIOLET WAY","m":"20th Ward - PITTSBURGH","u":"L","o":"corp","sf":746,"v":1000}},{"type":"Feature","geometry":{"type":"Point","coordinates":[-80.03421,40.43281]},"properties":{"p":"0018D00233000000","a":"JOURNAL ST","m":"20th Ward - PITTSBURGH","u":"L","o":"individual","sf":5000,"v":15000}},{"type":"Feature","geometry":{"type":"Point","coordinates":[-80.0323,40.44261]},"properties":{"p":"0006A00020000000","a":"STEUBEN ST","m":"20th Ward - PITTSBURGH","u":"L","o":"corp","sf":1362,"v":900}},{"type":"Feature","geometry":{"type":"Point","coordinates":[-80.03504,40.43287]},"properties":{"p":"0018D00204000000","a":"JUNIUS ST","m":"20th Ward - PITTSBURGH","u":"L","o":"corp","sf":3500,"v":10500}},{"type":"Feature","geometry":{"type":"Point","coordinates":[-80.03518,40.43296]},"properties":{"p":"0018D00207000000","a":"JUNIUS ST","m":"20th Ward - PITTSBURGH","u":"L","o":"corp","sf":6500,"v":30100}},{"type":"Feature","geometry":{"type":"Point","coordinates":[-80.03551,40.43314]},"properties":{"p":"0018D00212000000","a":"JUNIUS ST","m":"20th Ward - PITTSBURGH","u":"L","o":"corp","sf":6932,"v":30200}},{"type":"Feature","geometry":{"type":"Point","coordinates":[-80.03566,40.43319]},"properties":{"p":"0018D00213000000","a":"JUNIUS ST","m":"20th Ward - PITTSBURGH","u":"L","o":"corp","sf":1600,"v":4800}},{"type":"Feature","geometry":{"type":"Point","coordinates":[-80.03593,40.43324]},"properties":{"p":"0018D00215000000","a":"JUNIUS ST","m":"20th Ward - PITTSBURGH","u":"L","o":"individual","sf":10000,"v":3600}},{"type":"Feature","geometry":{"type":"Point","coordinates":[-80.03444,40.43304]},"properties":{"p":"0018D00229000000","a":"JOURNAL ST","m":"20th Ward - PITTSBURGH","u":"L","o":"individual","sf":2400,"v":900}},{"type":"Feature","geometry":{"type":"Point","coordinates":[-80.03441,40.4329]},"properties":{"p":"0018D00231000000","a":"JOURNAL ST","m":"20th Ward - PITTSBURGH","u":"L","o":"individual","sf":3200,"v":9600}},{"type":"Feature","geometry":{"type":"Point","coordinates":[-80.03432,40.43288]},"properties":{"p":"0018D00232000000","a":"JOURNAL ST","m":"20th Ward - PITTSBURGH","u":"L","o":"individual","sf":2000,"v":6000}},{"type":"Feature","geometry":{"type":"Point","coordinates":[-80.025,40.44954]},"properties":{"p":"0007F00217000000","a":"MANHATTAN ST","m":"21st Ward - PITTSBURGH","u":"L","o":"individual","sf":1298,"v":5200}},{"type":"Feature","geometry":{"type":"Point","coordinates":[-80.03996,40.44371]},"properties":{"p":"0020R00122000000","a":"CHARTIERS AVE","m":"20th Ward - PITTSBURGH","u":"L","o":"individual","sf":2500,"v":10500}},{"type":"Feature","geometry":{"type":"Point","coordinates":[-80.03668,40.44369]},"properties":{"p":"0020S00070000000","a":"FAIRVIEW AVE","m":"20th Ward - PITTSBURGH","u":"L","o":"individual","sf":5000,"v":1600}},{"type":"Feature","geometry":{"type":"Point","coordinates":[-80.03617,40.44403]},"properties":{"p":"0020S00077000000","a":"FAIRVIEW AVE","m":"20th Ward - PITTSBURGH","u":"L","o":"corp","sf":5000,"v":14000}},{"type":"Feature","geometry":{"type":"Point","coordinates":[-80.03564,40.44438]},"properties":{"p":"0020S00085000000","a":"FAIRVIEW AVE","m":"20th Ward - PITTSBURGH","u":"L","o":"corp","sf":2400,"v":10400}},{"type":"Feature","geometry":{"type":"Point","coordinates":[-80.03833,40.44383]},"properties":{"p":"0020R00266000000","a":"204 MARLOW ST","m":"20th Ward - PITTSBURGH","u":"L","o":"corp","sf":2350,"v":3300}},{"type":"Feature","geometry":{"type":"Point","coordinates":[-80.03379,40.43421]},"properties":{"p":"0019S00070000000","a":"CHINA ST","m":"20th Ward - PITTSBURGH","u":"L","o":"corp","sf":2400,"v":11800}},{"type":"Feature","geometry":{"type":"Point","coordinates":[-80.03385,40.43428]},"properties":{"p":"0019S00072000000","a":"CHINA ST","m":"20th Ward - PITTSBURGH","u":"L","o":"corp","sf":2400,"v":800}},{"type":"Feature","geometry":{"type":"Point","coordinates":[-80.03365,40.43455]},"properties":{"p":"0019S00078000000","a":"GREENTREE RD","m":"20th Ward - PITTSBURGH","u":"L","o":"individual","sf":1849,"v":3000}},{"type":"Feature","geometry":{"type":"Point","coordinates":[-80.03798,40.44374]},"properties":{"p":"0020R00296000000","a":"COMSTOCK WAY","m":"20th Ward - PITTSBURGH","u":"L","o":"corp","sf":5010,"v":14000}},{"type":"Feature","geometry":{"type":"Point","coordinates":[-80.03781,40.44385]},"properties":{"p":"0020R00299000000","a":"COMSTOCK WAY","m":"20th Ward - PITTSBURGH","u":"L","o":"individual","sf":5010,"v":7000}},{"type":"Feature","geometry":{"type":"Point","coordinates":[-80.03757,40.44401]},"properties":{"p":"0020R00303000000","a":"COMSTOCK WAY","m":"20th Ward - PITTSBURGH","u":"L","o":"individual","sf":5010,"v":14000}},{"type":"Feature","geometry":{"type":"Point","coordinates":[-80.03736,40.44415]},"properties":{"p":"0020R00307000000","a":"COMSTOCK WAY","m":"20th Ward - PITTSBURGH","u":"L","o":"individual","sf":2505,"v":900}},{"type":"Feature","geometry":{"type":"Point","coordinates":[-80.03728,40.4442]},"properties":{"p":"0020R00308000000","a":"COMSTOCK WAY","m":"20th Ward - PITTSBURGH","u":"L","o":"individual","sf":2505,"v":900}},{"type":"Feature","geometry":{"type":"Point","coordinates":[-80.03716,40.44429]},"properties":{"p":"0020R00310000000","a":"COMSTOCK WAY","m":"20th Ward - PITTSBURGH","u":"L","o":"individual","sf":5010,"v":1600}},{"type":"Feature","geometry":{"type":"Point","coordinates":[-80.03702,40.44457]},"properties":{"p":"0020R00248000000","a":"MARLOW ST","m":"20th Ward - PITTSBURGH","u":"L","o":"corp","sf":2500,"v":900}},{"type":"Feature","geometry":{"type":"Point","coordinates":[-80.03331,40.44365]},"properties":{"p":"0020S00294000000","a":"5 LANDER ST","m":"20th Ward - PITTSBURGH","u":"L","o":"individual","sf":2400,"v":3400}},{"type":"Feature","geometry":{"type":"Point","coordinates":[-80.03323,40.44368]},"properties":{"p":"0020S00295000000","a":"5 LANDER ST","m":"20th Ward - PITTSBURGH","u":"L","o":"individual","sf":2400,"v":3400}},{"type":"Feature","geometry":{"type":"Point","coordinates":[-80.03835,40.44634]},"properties":{"p":"0020L00205000000","a":"MARENA ST","m":"20th Ward - PITTSBURGH","u":"L","o":"corp","sf":2340,"v":800}},{"type":"Feature","geometry":{"type":"Point","coordinates":[-80.03824,40.44624]},"properties":{"p":"0020L00207000000","a":"MARENA ST","m":"20th Ward - PITTSBURGH","u":"L","o":"individual","sf":2340,"v":10300}},{"type":"Feature","geometry":{"type":"Point","coordinates":[-80.03797,40.44606]},"properties":{"p":"0020L00210000000","a":"LORENZ AVE","m":"20th Ward - PITTSBURGH","u":"L","o":"corp","sf":2180,"v":800}},{"type":"Feature","geometry":{"type":"Point","coordinates":[-80.03605,40.4477]},"properties":{"p":"0020M00226000000","a":"1019 RUE GRANDE VUE ST","m":"20th Ward - PITTSBURGH","u":"L","o":"individual","sf":2400,"v":3400}},{"type":"Feature","geometry":{"type":"Point","coordinates":[-80.03856,40.44713]},"properties":{"p":"0020L00192000000","a":"MARENA ST","m":"20th Ward - PITTSBURGH","u":"L","o":"corp","sf":5040,"v":14000}},{"type":"Feature","geometry":{"type":"Point","coordinates":[-80.03873,40.44669]},"properties":{"p":"0020L00198000000","a":"MARENA ST","m":"20th Ward - PITTSBURGH","u":"L","o":"corp","sf":2340,"v":1000}},{"type":"Feature","geometry":{"type":"Point","coordinates":[-80.03898,40.44537]},"properties":{"p":"0020R00046000000","a":"LORENZ AVE","m":"20th Ward - PITTSBURGH","u":"L","o":"individual","sf":5700,"v":7100}},{"type":"Feature","geometry":{"type":"Point","coordinates":[-80.03822,40.44683]},"properties":{"p":"0020L00186000000","a":"MARENA ST","m":"20th Ward - PITTSBURGH","u":"L","o":"individual","sf":5040,"v":14000}},{"type":"Feature","geometry":{"type":"Point","coordinates":[-80.03643,40.44709]},"properties":{"p":"0020M00196000000","a":"LORENZ AVE","m":"20th Ward - PITTSBURGH","u":"L","o":"corp","sf":2650,"v":900}},{"type":"Feature","geometry":{"type":"Point","coordinates":[-80.03654,40.44761]},"properties":{"p":"0020M00220000000","a":"ELKTON ST","m":"20th Ward - PITTSBURGH","u":"L","o":"individual","sf":3500,"v":11900}},{"type":"Feature","geometry":{"type":"Point","coordinates":[-80.03863,40.44331]},"properties":{"p":"0020R00287000000","a":"COMSTOCK WAY","m":"20th Ward - PITTSBURGH","u":"L","o":"individual","sf":5094,"v":1800}},{"type":"Feature","geometry":{"type":"Point","coordinates":[-80.0385,40.44339]},"properties":{"p":"0020R00290000000","a":"COMSTOCK WAY","m":"20th Ward - PITTSBURGH","u":"L","o":"individual","sf":2505,"v":10500}},{"type":"Feature","geometry":{"type":"Point","coordinates":[-80.03842,40.44344]},"properties":{"p":"0020R00291000000","a":"COMSTOCK WAY","m":"20th Ward - PITTSBURGH","u":"L","o":"individual","sf":2505,"v":10500}},{"type":"Feature","geometry":{"type":"Point","coordinates":[-80.03355,40.43444]},"properties":{"p":"0019S00083000000","a":"CHINA ST","m":"20th Ward - PITTSBURGH","u":"L","o":"individual","sf":2268,"v":3600}},{"type":"Feature","geometry":{"type":"Point","coordinates":[-80.0335,40.43439]},"properties":{"p":"0019S00085000000","a":"CHINA ST","m":"20th Ward - PITTSBURGH","u":"L","o":"individual","sf":1460,"v":2300}},{"type":"Feature","geometry":{"type":"Point","coordinates":[-80.03834,40.4435]},"properties":{"p":"0020R00292000000","a":"COMSTOCK WAY","m":"20th Ward - PITTSBURGH","u":"L","o":"individual","sf":2505,"v":900}},{"type":"Feature","geometry":{"type":"Point","coordinates":[-80.03818,40.44361]},"properties":{"p":"0020R00294000000","a":"COMSTOCK WAY","m":"20th Ward - PITTSBURGH","u":"L","o":"individual","sf":2505,"v":900}},{"type":"Feature","geometry":{"type":"Point","coordinates":[-80.0381,40.44366]},"properties":{"p":"0020R00295000000","a":"COMSTOCK WAY","m":"20th Ward - PITTSBURGH","u":"L","o":"individual","sf":2505,"v":625}},{"type":"Feature","geometry":{"type":"Point","coordinates":[-80.03389,40.44372]},"properties":{"p":"0020S00252000000","a":"ATTICA ST","m":"20th Ward - PITTSBURGH","u":"L","o":"individual","sf":4000,"v":1300}},{"type":"Feature","geometry":{"type":"Point","coordinates":[-80.0338,40.44347]},"properties":{"p":"0020S00287000000","a":"LANDER ST","m":"20th Ward - PITTSBURGH","u":"L","o":"individual","sf":6000,"v":14100}},{"type":"Feature","geometry":{"type":"Point","coordinates":[-80.03719,40.44703]},"properties":{"p":"0020L00139000000","a":"VALONIA ST","m":"20th Ward - PITTSBURGH","u":"L","o":"corp","sf":2808,"v":900}},{"type":"Feature","geometry":{"type":"Point","coordinates":[-80.03683,40.44315]},"properties":{"p":"0020S00113000000","a":"HERNDON ST","m":"20th Ward - PITTSBURGH","u":"L","o":"corp","sf":3000,"v":11200}},{"type":"Feature","geometry":{"type":"Point","coordinates":[-80.03595,40.44591]},"properties":{"p":"0020M00125000000","a":"VALONIA ST","m":"20th Ward - PITTSBURGH","u":"L","o":"individual","sf":5000,"v":7000}},{"type":"Feature","geometry":{"type":"Point","coordinates":[-80.03586,40.44583]},"properties":{"p":"0020M00127000000","a":"VALONIA ST","m":"20th Ward - PITTSBURGH","u":"L","o":"corp","sf":2500,"v":900}},{"type":"Feature","geometry":{"type":"Point","coordinates":[-80.03564,40.44331]},"properties":{"p":"0020S00126000000","a":"HERNDON ST","m":"20th Ward - PITTSBURGH","u":"L","o":"individual","sf":4612,"v":1500}},{"type":"Feature","geometry":{"type":"Point","coordinates":[-80.03559,40.44346]},"properties":{"p":"0020S00128000000","a":"HERNDON ST","m":"20th Ward - PITTSBURGH","u":"L","o":"individual","sf":1500,"v":2100}},{"type":"Feature","geometry":{"type":"Point","coordinates":[-80.03565,40.44302]},"properties":{"p":"0020S00129000000","a":"ATTICA ST","m":"20th Ward - PITTSBURGH","u":"L","o":"individual","sf":2600,"v":900}},{"type":"Feature","geometry":{"type":"Point","coordinates":[-80.03534,40.44344]},"properties":{"p":"0020S00132000000","a":"ATTICA ST","m":"20th Ward - PITTSBURGH","u":"L","o":"individual","sf":5545,"v":7100}},{"type":"Feature","geometry":{"type":"Point","coordinates":[-80.03841,40.44492]},"properties":{"p":"0020R00197000000","a":"WILHELM ST","m":"20th Ward - PITTSBURGH","u":"L","o":"corp","sf":2210,"v":800}},{"type":"Feature","geometry":{"type":"Point","coordinates":[-80.03815,40.44469]},"properties":{"p":"0020R00201000000","a":"WILHELM ST","m":"20th Ward - PITTSBURGH","u":"L","o":"corp","sf":4250,"v":6000}},{"type":"Feature","geometry":{"type":"Point","coordinates":[-80.03369,40.44426]},"properties":{"p":"0020S00217000000","a":"ADVENT ST","m":"20th Ward - PITTSBURGH","u":"L","o":"individual","sf":2640,"v":900}},{"type":"Feature","geometry":{"type":"Point","coordinates":[-80.03364,40.44381]},"properties":{"p":"0020S00238000000","a":"ATTICA ST","m":"20th Ward - PITTSBURGH","u":"L","o":"individual","sf":2200,"v":800}},{"type":"Feature","geometry":{"type":"Point","coordinates":[-80.03957,40.44856]},"properties":{"p":"0020G00185000000","a":"BOND ST","m":"20th Ward - PITTSBURGH","u":"L","o":"individual","sf":5600,"v":14100}},{"type":"Feature","geometry":{"type":"Point","coordinates":[-80.03992,40.44833]},"properties":{"p":"0020G00190000000","a":"BOND ST","m":"20th Ward - PITTSBURGH","u":"L","o":"individual","sf":5600,"v":14100}},{"type":"Feature","geometry":{"type":"Point","coordinates":[-80.03714,40.44815]},"properties":{"p":"0020G00262000000","a":"ELLIOTT ST","m":"20th Ward - PITTSBURGH","u":"L","o":"individual","sf":4800,"v":13700}},{"type":"Feature","geometry":{"type":"Point","coordinates":[-80.03994,40.44656]},"properties":{"p":"0020L00100000000","a":"RAMOLA ST","m":"20th Ward - PITTSBURGH","u":"L","o":"corp","sf":3870,"v":12400}},{"type":"Feature","geometry":{"type":"Point","coordinates":[-80.03951,40.44383]},"properties":{"p":"0020R00138000000","a":"AINSWORTH ST","m":"20th Ward - PITTSBURGH","u":"L","o":"corp","sf":2500,"v":10500}},{"type":"Feature","geometry":{"type":"Point","coordinates":[-80.03554,40.44399]},"properties":{"p":"0020S00094000000","a":"QUAKER WAY","m":"20th Ward - PITTSBURGH","u":"L","o":"individual","sf":3815,"v":5300}},{"type":"Feature","geometry":{"type":"Point","coordinates":[-80.03561,40.44382]},"properties":{"p":"0020S00097000000","a":"HERNDON ST","m":"20th Ward - PITTSBURGH","u":"L","o":"individual","sf":6250,"v":14100}},{"type":"Feature","geometry":{"type":"Point","coordinates":[-80.03626,40.44353]},"properties":{"p":"0020S00105000000","a":"HERNDON ST","m":"20th Ward - PITTSBURGH","u":"L","o":"individual","sf":5000,"v":7000}},{"type":"Feature","geometry":{"type":"Point","coordinates":[-80.03653,40.44335]},"properties":{"p":"0020S00109000000","a":"141 HERNDON ST","m":"20th Ward - PITTSBURGH","u":"L","o":"individual","sf":5000,"v":14000}},{"type":"Feature","geometry":{"type":"Point","coordinates":[-80.03518,40.44564]},"properties":{"p":"0020M00103000000","a":"MARLOW ST","m":"20th Ward - PITTSBURGH","u":"L","o":"individual","sf":5000,"v":7000}},{"type":"Feature","geometry":{"type":"Point","coordinates":[-80.0367,40.44324]},"properties":{"p":"0020S00111000000","a":"203 HERNDON ST","m":"20th Ward - PITTSBURGH","u":"L","o":"individual","sf":2500,"v":3000}},{"type":"Feature","geometry":{"type":"Point","coordinates":[-80.03878,40.44998]},"properties":{"p":"0020G00106000000","a":"WERDER ST","m":"20th Ward - PITTSBURGH","u":"L","o":"individual","sf":6589,"v":14100}},{"type":"Feature","geometry":{"type":"Point","coordinates":[-80.03964,40.44953]},"properties":{"p":"0020G00127000000","a":"WERDER ST","m":"20th Ward - PITTSBURGH","u":"L","o":"individual","sf":13443,"v":14800}},{"type":"Feature","geometry":{"type":"Point","coordinates":[-80.03918,40.44467]},"properties":{"p":"0020R00164000000","a":"LORENZ AVE","m":"20th Ward - PITTSBURGH","u":"L","o":"individual","sf":2250,"v":800}},{"type":"Feature","geometry":{"type":"Point","coordinates":[-80.03515,40.44478]},"properties":{"p":"0020S00155000000","a":"VALONIA ST","m":"20th Ward - PITTSBURGH","u":"L","o":"individual","sf":6600,"v":7100}},{"type":"Feature","geometry":{"type":"Point","coordinates":[-80.03444,40.44459]},"properties":{"p":"0020S00164000000","a":"VALONIA ST","m":"20th Ward - PITTSBURGH","u":"L","o":"corp","sf":7500,"v":14200}},{"type":"Feature","geometry":{"type":"Point","coordinates":[-80.03562,40.44798]},"properties":{"p":"0020H00022000000","a":"RUE GRANDE VUE ST","m":"20th Ward - PITTSBURGH","u":"L","o":"corp","sf":3500,"v":11900}},{"type":"Feature","geometry":{"type":"Point","coordinates":[-80.03908,40.44531]},"properties":{"p":"0020R00047000000","a":"LORENZ AVE","m":"20th Ward - PITTSBURGH","u":"L","o":"individual","sf":1800,"v":2500}},{"type":"Feature","geometry":{"type":"Point","coordinates":[-80.03944,40.44507]},"properties":{"p":"0020R00051000000","a":"LORENZ AVE","m":"20th Ward - PITTSBURGH","u":"L","o":"corp","sf":2500,"v":3500}},{"type":"Feature","geometry":{"type":"Point","coordinates":[-80.03928,40.44566]},"properties":{"p":"0020L00262000000","a":"LAKEWOOD ST","m":"20th Ward - PITTSBURGH","u":"L","o":"individual","sf":2424,"v":10400}},{"type":"Feature","geometry":{"type":"Point","coordinates":[-80.03819,40.44319]},"properties":{"p":"0020R00332000000","a":"FAIRVIEW AVE","m":"20th Ward - PITTSBURGH","u":"L","o":"corp","sf":2500,"v":3500}},{"type":"Feature","geometry":{"type":"Point","coordinates":[-80.03728,40.44328]},"properties":{"p":"0020R00338000000","a":"FAIRVIEW AVE","m":"20th Ward - PITTSBURGH","u":"L","o":"individual","sf":5000,"v":14000}},{"type":"Feature","geometry":{"type":"Point","coordinates":[-80.03719,40.44335]},"properties":{"p":"0020R00340000000","a":"FAIRVIEW AVE","m":"20th Ward - PITTSBURGH","u":"L","o":"individual","sf":2500,"v":10500}},{"type":"Feature","geometry":{"type":"Point","coordinates":[-80.03984,40.44361]},"properties":{"p":"0020R00120000000","a":"CHARTIERS AVE","m":"20th Ward - PITTSBURGH","u":"L","o":"individual","sf":2500,"v":6000}},{"type":"Feature","geometry":{"type":"Point","coordinates":[-80.03614,40.44456]},"properties":{"p":"0020S00055000000","a":"FAIRVIEW AVE","m":"20th Ward - PITTSBURGH","u":"L","o":"individual","sf":2800,"v":900}},{"type":"Feature","geometry":{"type":"Point","coordinates":[-80.03685,40.44409]},"properties":{"p":"0020S00065000000","a":"FAIRVIEW AVE","m":"20th Ward - PITTSBURGH","u":"L","o":"corp","sf":2500,"v":900}},{"type":"Feature","geometry":{"type":"Point","coordinates":[-80.03277,40.43518]},"properties":{"p":"0019S00500000000","a":"WABASH ST","m":"20th Ward - PITTSBURGH","u":"L","o":"corp","sf":1335,"v":900}},{"type":"Feature","geometry":{"type":"Point","coordinates":[-80.03286,40.43522]},"properties":{"p":"0019S00500000100","a":"WABASH ST","m":"20th Ward - PITTSBURGH","u":"L","o":"corp","sf":630,"v":800}},{"type":"Feature","geometry":{"type":"Point","coordinates":[-80.03337,40.43528]},"properties":{"p":"0019S00132000000","a":"MCKNIGHT ST","m":"20th Ward - PITTSBURGH","u":"L","o":"corp","sf":3300,"v":13300}},{"type":"Feature","geometry":{"type":"Point","coordinates":[-80.0337,40.43545]},"properties":{"p":"0019S00133000000","a":"419 GREENTREE RD","m":"20th Ward - PITTSBURGH","u":"L","o":"individual","sf":5032,"v":16000}},{"type":"Feature","geometry":{"type":"Point","coordinates":[-80.03547,40.445]},"properties":{"p":"0020S00046000000","a":"FAIRVIEW AVE","m":"20th Ward - PITTSBURGH","u":"L","o":"corp","sf":5000,"v":14000}},{"type":"Feature","geometry":{"type":"Point","coordinates":[-80.03961,40.44643]},"properties":{"p":"0020L00234000000","a":"UVILLA ST","m":"20th Ward - PITTSBURGH","u":"L","o":"individual","sf":4873,"v":13800}},{"type":"Feature","geometry":{"type":"Point","coordinates":[-80.03704,40.44306]},"properties":{"p":"0020R00348000000","a":"HERNDON ST","m":"20th Ward - PITTSBURGH","u":"L","o":"individual","sf":3800,"v":5300}},{"type":"Feature","geometry":{"type":"Point","coordinates":[-80.03663,40.44541]},"properties":{"p":"0020S00001000000","a":"MARENA ST","m":"20th Ward - PITTSBURGH","u":"L","o":"individual","sf":7500,"v":14200}},{"type":"Feature","geometry":{"type":"Point","coordinates":[-80.03676,40.44496]},"properties":{"p":"0020S00008000000","a":"MARLOW ST","m":"20th Ward - PITTSBURGH","u":"L","o":"individual","sf":2100,"v":700}},{"type":"Feature","geometry":{"type":"Point","coordinates":[-80.03688,40.44506]},"properties":{"p":"0020S00011000000","a":"MARENA ST","m":"20th Ward - PITTSBURGH","u":"L","o":"individual","sf":7500,"v":14200}},{"type":"Feature","geometry":{"type":"Point","coordinates":[-80.03288,40.43506]},"properties":{"p":"0019S00124000000","a":"MCKNIGHT ST","m":"20th Ward - PITTSBURGH","u":"L","o":"corp","sf":3535,"v":5700}},{"type":"Feature","geometry":{"type":"Point","coordinates":[-80.03298,40.43513]},"properties":{"p":"0019S00125000000","a":"MCKNIGHT ST","m":"20th Ward - PITTSBURGH","u":"L","o":"corp","sf":2456,"v":3900}},{"type":"Feature","geometry":{"type":"Point","coordinates":[-80.03314,40.43524]},"properties":{"p":"0019S00128000000","a":"MCKNIGHT ST","m":"20th Ward - PITTSBURGH","u":"L","o":"corp","sf":1700,"v":600}},{"type":"Feature","geometry":{"type":"Point","coordinates":[-80.02478,40.43642]},"properties":{"p":"0006K00342000000","a":"EDITH ST","m":"19th Ward - PITTSBURGH","u":"L","o":"individual","sf":1800,"v":4700}},{"type":"Feature","geometry":{"type":"Point","coordinates":[-80.0233,40.44028]},"properties":{"p":"0006G00022000000","a":"1603 GRANDVIEW AVE","m":"19th Ward - PITTSBURGH","u":"L","o":"corp","sf":3102,"v":36500}},{"type":"Feature","geometry":{"type":"Point","coordinates":[-80.02423,40.43734]},"properties":{"p":"0006L00018000A00","a":"314 EDITH ST","m":"19th Ward - PITTSBURGH","u":"L","o":"individual","sf":900,"v":2300}},{"type":"Feature","geometry":{"type":"Point","coordinates":[-80.02433,40.43718]},"properties":{"p":"0006L00021000000","a":"EDITH ST","m":"19th Ward - PITTSBURGH","u":"L","o":"corp","sf":1800,"v":700}},{"type":"Feature","geometry":{"type":"Point","coordinates":[-80.03992,40.44475]},"properties":{"p":"0020R00060000000","a":"LORENZ AVE","m":"20th Ward - PITTSBURGH","u":"L","o":"individual","sf":2800,"v":3900}},{"type":"Feature","geometry":{"type":"Point","coordinates":[-80.03474,40.43086]},"properties":{"p":"0018H00002000000","a":"NEW YORK ST","m":"20th Ward - PITTSBURGH","u":"L","o":"individual","sf":6000,"v":30100}},{"type":"Feature","geometry":{"type":"Point","coordinates":[-80.02279,40.4365]},"properties":{"p":"0006L00193000000","a":"HALFWAY WAY","m":"19th Ward - PITTSBURGH","u":"L","o":"individual","sf":2751,"v":7200}},{"type":"Feature","geometry":{"type":"Point","coordinates":[-80.02451,40.43513]},"properties":{"p":"0006P00161000000","a":"438 AUGUSTA ST","m":"19th Ward - PITTSBURGH","u":"L","o":"individual","sf":2000,"v":700}},{"type":"Feature","geometry":{"type":"Point","coordinates":[-80.02372,40.43484]},"properties":{"p":"0006R00068000000","a":"WYOLA ST","m":"19th Ward - PITTSBURGH","u":"L","o":"individual","sf":3600,"v":9400}},{"type":"Feature","geometry":{"type":"Point","coordinates":[-80.02311,40.44007]},"properties":{"p":"0006G00030000000","a":"1557 GRANDVIEW AVE","m":"19th Ward - PITTSBURGH","u":"L","o":"corp","sf":3109,"v":36500}},{"type":"Feature","geometry":{"type":"Point","coordinates":[-80.02387,40.4392]},"properties":{"p":"0006G00112000000","a":"211 SHALER ST","m":"19th Ward - PITTSBURGH","u":"L","o":"individual","sf":1693,"v":4400}},{"type":"Feature","geometry":{"type":"Point","coordinates":[-80.0373,40.44018]},"properties":{"p":"0019G00339000000","a":"640 WALBRIDGE ST","m":"20th Ward - PITTSBURGH","u":"L","o":"individual","sf":2000,"v":2800}},{"type":"Feature","geometry":{"type":"Point","coordinates":[-80.03469,40.43921]},"properties":{"p":"0019H00227000000","a":"WABASH ST","m":"20th Ward - PITTSBURGH","u":"L","o":"corp","sf":1354,"v":8900}},{"type":"Feature","geometry":{"type":"Point","coordinates":[-80.03513,40.44011]},"properties":{"p":"0019H00180000000","a":"NOBLESTOWN RD","m":"20th Ward - PITTSBURGH","u":"L","o":"individual","sf":3456,"v":11800}},{"type":"Feature","geometry":{"type":"Point","coordinates":[-80.02205,40.43925]},"properties":{"p":"0006G00201000000","a":"AUGUSTA ST","m":"19th Ward - PITTSBURGH","u":"L","o":"corp","sf":6244,"v":26100}},{"type":"Feature","geometry":{"type":"Point","coordinates":[-80.02265,40.43249]},"properties":{"p":"0005C00198000000","a":"SWEETBRIAR ST","m":"19th Ward - PITTSBURGH","u":"L","o":"corp","sf":3600,"v":22400}},{"type":"Feature","geometry":{"type":"Point","coordinates":[-80.03629,40.43339]},"properties":{"p":"0019S00011000000","a":"JUNIUS ST","m":"20th Ward - PITTSBURGH","u":"L","o":"individual","sf":2500,"v":7500}},{"type":"Feature","geometry":{"type":"Point","coordinates":[-80.03096,40.4384]},"properties":{"p":"0006E00244000000","a":"GREENLEAF ST","m":"19th Ward - PITTSBURGH","u":"L","o":"individual","sf":2500,"v":2000}},{"type":"Feature","geometry":{"type":"Point","coordinates":[-80.02591,40.43604]},"properties":{"p":"0006K00285000000","a":"424 CLARENCE ST","m":"19th Ward - PITTSBURGH","u":"L","o":"individual","sf":2530,"v":900}},{"type":"Feature","geometry":{"type":"Point","coordinates":[-80.02364,40.43408]},"properties":{"p":"0006R00125000000","a":"WYOLA ST","m":"19th Ward - PITTSBURGH","u":"L","o":"individual","sf":5044,"v":13000}},{"type":"Feature","geometry":{"type":"Point","coordinates":[-80.02145,40.43383]},"properties":{"p":"0006R00312000000","a":"303 PLYMOUTH ST","m":"19th Ward - PITTSBURGH","u":"L","o":"individual","sf":3840,"v":23000}},{"type":"Feature","geometry":{"type":"Point","coordinates":[-80.02558,40.43507]},"properties":{"p":"0006P00065000000","a":"EDITH ST","m":"19th Ward - PITTSBURGH","u":"L","o":"corp","sf":5400,"v":13000}},{"type":"Feature","geometry":{"type":"Point","coordinates":[-80.03758,40.43961]},"properties":{"p":"0019G00286000000","a":"503 LOVELACE ST","m":"20th Ward - PITTSBURGH","u":"L","o":"individual","sf":6324,"v":14100}},{"type":"Feature","geometry":{"type":"Point","coordinates":[-80.03712,40.44489]},"properties":{"p":"0020R00237000000","a":"UVILLA ST","m":"20th Ward - PITTSBURGH","u":"L","o":"corp","sf":3951,"v":5500}},{"type":"Feature","geometry":{"type":"Point","coordinates":[-80.03441,40.43158]},"properties":{"p":"0018D00104000000","a":"ANTELOPE ST","m":"20th Ward - PITTSBURGH","u":"L","o":"individual","sf":13600,"v":8300}},{"type":"Feature","geometry":{"type":"Point","coordinates":[-80.03535,40.43131]},"properties":{"p":"0018D00059000000","a":"SYRACUSE ST","m":"20th Ward - PITTSBURGH","u":"L","o":"individual","sf":5600,"v":2100}},{"type":"Feature","geometry":{"type":"Point","coordinates":[-80.03931,40.44515]},"properties":{"p":"0020R00049000000","a":"LORENZ AVE","m":"20th Ward - PITTSBURGH","u":"L","o":"corp","sf":2500,"v":900}},{"type":"Feature","geometry":{"type":"Point","coordinates":[-80.02726,40.43724]},"properties":{"p":"0006K00086000000","a":"FINGAL ST","m":"19th Ward - PITTSBURGH","u":"L","o":"individual","sf":92,"v":100}},{"type":"Feature","geometry":{"type":"Point","coordinates":[-80.03771,40.43927]},"properties":{"p":"0019G00105000000","a":"WEAVER ST","m":"20th Ward - PITTSBURGH","u":"L","o":"individual","sf":2867,"v":1000}},{"type":"Feature","geometry":{"type":"Point","coordinates":[-80.02981,40.44066]},"properties":{"p":"0006A00345000000","a":"HORNER ST","m":"19th Ward - PITTSBURGH","u":"L","o":"corp","sf":3600,"v":9400}},{"type":"Feature","geometry":{"type":"Point","coordinates":[-80.02449,40.43824]},"properties":{"p":"0006F00284000000","a":"253 SHALER ST","m":"19th Ward - PITTSBURGH","u":"L","o":"corp","sf":32811,"v":28500}},{"type":"Feature","geometry":{"type":"Point","coordinates":[-80.02287,40.44]},"properties":{"p":"0006G00034000000","a":"1547 GRANDVIEW AVE","m":"19th Ward - PITTSBURGH","u":"L","o":"corp","sf":2535,"v":33900}},{"type":"Feature","geometry":{"type":"Point","coordinates":[-80.03978,40.43251]},"properties":{"p":"0018C00012000000","a":"KEARNS ST","m":"20th Ward - PITTSBURGH","u":"L","o":"individual","sf":10920,"v":1000}},{"type":"Feature","geometry":{"type":"Point","coordinates":[-80.03875,40.43095]},"properties":{"p":"0018C00148000000","a":"SARAH ST","m":"20th Ward - PITTSBURGH","u":"L","o":"corp","sf":7450,"v":15200}},{"type":"Feature","geometry":{"type":"Point","coordinates":[-80.03837,40.43138]},"properties":{"p":"0018C00156000000","a":"SARAH ST","m":"20th Ward - PITTSBURGH","u":"L","o":"corp","sf":3225,"v":9700}},{"type":"Feature","geometry":{"type":"Point","coordinates":[-80.03722,40.44087]},"properties":{"p":"0019C00330000000","a":"S MAIN ST","m":"20th Ward - PITTSBURGH","u":"L","o":"corp","sf":4130,"v":5800}},{"type":"Feature","geometry":{"type":"Point","coordinates":[-80.02534,40.43547]},"properties":{"p":"0006P00073000000","a":"EDITH ST","m":"19th Ward - PITTSBURGH","u":"L","o":"individual","sf":1800,"v":4700}},{"type":"Feature","geometry":{"type":"Point","coordinates":[-80.02562,40.43569]},"properties":{"p":"0006P00020000000","a":"CLARENCE ST","m":"19th Ward - PITTSBURGH","u":"L","o":"individual","sf":900,"v":2300}},{"type":"Feature","geometry":{"type":"Point","coordinates":[-80.03713,40.44465]},"properties":{"p":"0020R00238000000","a":"UVILLA ST","m":"20th Ward - PITTSBURGH","u":"L","o":"corp","sf":559,"v":800}},{"type":"Feature","geometry":{"type":"Point","coordinates":[-80.02774,40.43989]},"properties":{"p":"0006F00065000000","a":"BRADLEY ST","m":"19th Ward - PITTSBURGH","u":"L","o":"corp","sf":5000,"v":26000}},{"type":"Feature","geometry":{"type":"Point","coordinates":[-80.03851,40.4414]},"properties":{"p":"0019C00198000000","a":"STEUBEN ST","m":"20th Ward - PITTSBURGH","u":"L","o":"individual","sf":10600,"v":14500}},{"type":"Feature","geometry":{"type":"Point","coordinates":[-80.03811,40.44597]},"properties":{"p":"0020L00212000000","a":"504 LORENZ AVE","m":"20th Ward - PITTSBURGH","u":"L","o":"individual","sf":3052,"v":4300}},{"type":"Feature","geometry":{"type":"Point","coordinates":[-80.03595,40.43022]},"properties":{"p":"0018H00079000000","a":"ALBANY ST","m":"20th Ward - PITTSBURGH","u":"L","o":"individual","sf":6000,"v":2200}},{"type":"Feature","geometry":{"type":"Point","coordinates":[-80.03606,40.44315]},"properties":{"p":"0020S00121000000","a":"HERNDON ST","m":"20th Ward - PITTSBURGH","u":"L","o":"individual","sf":5000,"v":1600}},{"type":"Feature","geometry":{"type":"Point","coordinates":[-80.03536,40.44649]},"properties":{"p":"0020M00079000000","a":"ELKTON ST","m":"20th Ward - PITTSBURGH","u":"L","o":"individual","sf":5000,"v":1400}},{"type":"Feature","geometry":{"type":"Point","coordinates":[-80.02172,40.43221]},"properties":{"p":"0005C00128000000","a":"PLYMOUTH ST","m":"19th Ward - PITTSBURGH","u":"L","o":"individual","sf":2232,"v":800}},{"type":"Feature","geometry":{"type":"Point","coordinates":[-80.03606,40.44272]},"properties":{"p":"0019D00027000000","a":"ATTICA ST","m":"20th Ward - PITTSBURGH","u":"L","o":"individual","sf":4800,"v":13700}},{"type":"Feature","geometry":{"type":"Point","coordinates":[-80.03202,40.4456]},"properties":{"p":"0007J00024000000","a":"CORFU ST","m":"20th Ward - PITTSBURGH","u":"L","o":"corp","sf":8400,"v":14300}},{"type":"Feature","geometry":{"type":"Point","coordinates":[-80.03702,40.43969]},"properties":{"p":"0019G00292000000","a":"WALBRIDGE ST","m":"20th Ward - PITTSBURGH","u":"L","o":"individual","sf":8815,"v":14300}},{"type":"Feature","geometry":{"type":"Point","coordinates":[-80.03804,40.44267]},"properties":{"p":"0019C00035000000","a":"FURLEY ST","m":"20th Ward - PITTSBURGH","u":"L","o":"individual","sf":5200,"v":14000}},{"type":"Feature","geometry":{"type":"Point","coordinates":[-80.03363,40.44205]},"properties":{"p":"0019D00171000000","a":"STEUBEN ST","m":"20th Ward - PITTSBURGH","u":"L","o":"corp","sf":2400,"v":800}},{"type":"Feature","geometry":{"type":"Point","coordinates":[-80.03446,40.43704]},"properties":{"p":"0019M00115000000","a":"WABASH ST","m":"20th Ward - PITTSBURGH","u":"L","o":"corp","sf":1418,"v":900}},{"type":"Feature","geometry":{"type":"Point","coordinates":[-80.03793,40.43486]},"properties":{"p":"0019R00071000000","a":"KEARNS ST","m":"20th Ward - PITTSBURGH","u":"L","o":"individual","sf":3900,"v":14200}},{"type":"Feature","geometry":{"type":"Point","coordinates":[-80.03739,40.44053]},"properties":{"p":"0019G00352000000","a":"S MAIN ST","m":"20th Ward - PITTSBURGH","u":"L","o":"corp","sf":1531,"v":900}},{"type":"Feature","geometry":{"type":"Point","coordinates":[-80.03712,40.4405]},"properties":{"p":"0019G00348000000","a":"625 S MAIN ST","m":"20th Ward - PITTSBURGH","u":"L","o":"corp","sf":4062,"v":5700}},{"type":"Feature","geometry":{"type":"Point","coordinates":[-80.03744,40.4441]},"properties":{"p":"0020R00306000000","a":"COMSTOCK WAY","m":"20th Ward - PITTSBURGH","u":"L","o":"individual","sf":2505,"v":900}},{"type":"Feature","geometry":{"type":"Point","coordinates":[-80.03571,40.44806]},"properties":{"p":"0020H00024000000","a":"RUE GRANDE VUE ST","m":"20th Ward - PITTSBURGH","u":"L","o":"corp","sf":4000,"v":12600}},{"type":"Feature","geometry":{"type":"Point","coordinates":[-80.03496,40.43282]},"properties":{"p":"0018D00202000000","a":"JUNIUS ST","m":"20th Ward - PITTSBURGH","u":"L","o":"corp","sf":2500,"v":7500}},{"type":"Feature","geometry":{"type":"Point","coordinates":[-80.02616,40.43614]},"properties":{"p":"0006K00364000000","a":"449 SHALER ST","m":"19th Ward - PITTSBURGH","u":"B","o":"corp","sf":3019,"v":8800}},{"type":"Feature","geometry":{"type":"Point","coordinates":[-80.03443,40.44613]},"properties":{"p":"0020M00060000000","a":"728 MARLOW ST","m":"20th Ward - PITTSBURGH","u":"B","o":"corp","sf":2552,"v":3100}},{"type":"Feature","geometry":{"type":"Point","coordinates":[-80.03451,40.44608]},"properties":{"p":"0020M00062000000","a":"724 MARLOW ST","m":"20th Ward - PITTSBURGH","u":"B","o":"corp","sf":3754,"v":4400}},{"type":"Feature","geometry":{"type":"Point","coordinates":[-80.03429,40.44624]},"properties":{"p":"0020M00056000000","a":"740 MARLOW ST","m":"20th Ward - PITTSBURGH","u":"B","o":"corp","sf":3300,"v":4000}},{"type":"Feature","geometry":{"type":"Point","coordinates":[-80.03436,40.44618]},"properties":{"p":"0020M00058000000","a":"736 MARLOW ST","m":"20th Ward - PITTSBURGH","u":"B","o":"corp","sf":2552,"v":3100}},{"type":"Feature","geometry":{"type":"Point","coordinates":[-80.03889,40.43845]},"properties":{"p":"0019G00065000000","a":"HERSCHEL ST","m":"20th Ward - PITTSBURGH","u":"B","o":"individual","sf":3944,"v":1500}}]}