{"type":"FeatureCollection","features":[{"type":"Feature","geometry":{"type":"Point","coordinates":[-79.90612,40.46256]},"properties":{"p":"0124R00118000000","a":"LINCOLN AVE","m":"12th Ward - PITTSBURGH","u":"I","o":"corp","sf":5632,"v":1300}},{"type":"Feature","geometry":{"type":"Point","coordinates":[-79.91378,40.46152]},"properties":{"p":"0125A00231000000","a":"221 -223 AUBURN ST","m":"12th Ward - PITTSBURGH","u":"I","o":"individual","sf":6600,"v":1500}},{"type":"Feature","geometry":{"type":"Point","coordinates":[-79.91389,40.46162]},"properties":{"p":"0125A00235000000","a":"213 AUBURN ST","m":"12th Ward - PITTSBURGH","u":"I","o":"individual","sf":3000,"v":700}},{"type":"Feature","geometry":{"type":"Point","coordinates":[-79.90961,40.45844]},"properties":{"p":"0125F00166000000","a":"KELLY ST","m":"12th Ward - PITTSBURGH","u":"I","o":"corp","sf":2500,"v":5800}},{"type":"Feature","geometry":{"type":"Point","coordinates":[-79.9097,40.45845]},"properties":{"p":"0125F00167000000","a":"KELLY ST","m":"12th Ward - PITTSBURGH","u":"I","o":"corp","sf":2800,"v":6400}},{"type":"Feature","geometry":{"type":"Point","coordinates":[-79.91002,40.45851]},"properties":{"p":"0125F00171000000","a":"KELLY ST","m":"12th Ward - PITTSBURGH","u":"I","o":"corp","sf":2000,"v":4600}},{"type":"Feature","geometry":{"type":"Point","coordinates":[-79.91383,40.4588]},"properties":{"p":"0125E00182000000","a":"6500 HAMILTON AVE","m":"12th Ward - PITTSBURGH","u":"I","o":"corp","sf":13176,"v":30300}},{"type":"Feature","geometry":{"type":"Point","coordinates":[-79.90747,40.45718]},"properties":{"p":"0125L00164000001","a":null,"m":"12th Ward - PITTSBURGH","u":"I","o":"corp","sf":12676,"v":10200}},{"type":"Feature","geometry":{"type":"Point","coordinates":[-79.91899,40.45827]},"properties":{"p":"0084H00060000000","a":"100 DENNISTON ST","m":"7th Ward - PITTSBURGH","u":"C","o":"corp","sf":11265,"v":5300}},{"type":"Feature","geometry":{"type":"Point","coordinates":[-79.9179,40.45541]},"properties":{"p":"0084M00202000000","a":"6425 5TH AVE","m":"7th Ward - PITTSBURGH","u":"C","o":"corp","sf":25052,"v":175400}},{"type":"Feature","geometry":{"type":"Point","coordinates":[-79.91682,40.45569]},"properties":{"p":"0084M00206000000","a":"6480 -6526 LIVING PL","m":"7th Ward - PITTSBURGH","u":"C","o":"corp","sf":83692,"v":1171700}},{"type":"Feature","geometry":{"type":"Point","coordinates":[-79.91578,40.45706]},"properties":{"p":"0084M00108000000","a":"6425 PENN AVE","m":"12th Ward - PITTSBURGH","u":"C","o":"corp","sf":283449,"v":0}},{"type":"Feature","geometry":{"type":"Point","coordinates":[-79.91973,40.46497]},"properties":{"p":"0083M00083000000","a":"COLLINS AVE","m":"11th Ward - PITTSBURGH","u":"C","o":"corp","sf":1482,"v":900}},{"type":"Feature","geometry":{"type":"Point","coordinates":[-79.91952,40.4649]},"properties":{"p":"0083M00084000000","a":"EAST LIBERTY BLVD","m":"11th Ward - PITTSBURGH","u":"C","o":"corp","sf":1120,"v":700}},{"type":"Feature","geometry":{"type":"Point","coordinates":[-79.9157,40.4643]},"properties":{"p":"0124N00115000000","a":"300 LARIMER AVE","m":"12th Ward - PITTSBURGH","u":"C","o":"corp","sf":2760,"v":300}},{"type":"Feature","geometry":{"type":"Point","coordinates":[-79.91066,40.46365]},"properties":{"p":"0124P00113000000","a":"WINFIELD ST","m":"12th Ward - PITTSBURGH","u":"C","o":"corp","sf":2047,"v":5400}},{"type":"Feature","geometry":{"type":"Point","coordinates":[-79.91054,40.46373]},"properties":{"p":"0124P00115000000","a":"WINFIELD ST","m":"12th Ward - PITTSBURGH","u":"C","o":"corp","sf":2047,"v":5400}},{"type":"Feature","geometry":{"type":"Point","coordinates":[-79.91335,40.46286]},"properties":{"p":"0124N00167000002","a":"PAULSON AVE","m":"12th Ward - PITTSBURGH","u":"C","o":"corp","sf":3540,"v":6100}},{"type":"Feature","geometry":{"type":"Point","coordinates":[-79.9138,40.46252]},"properties":{"p":"0124N00074000000","a":"PAULSON AVE","m":"12th Ward - PITTSBURGH","u":"C","o":"corp","sf":1334,"v":5100}},{"type":"Feature","geometry":{"type":"Point","coordinates":[-79.90669,40.46382]},"properties":{"p":"0124R00122000000","a":"WASHINGTON BLVD","m":"12th Ward - PITTSBURGH","u":"C","o":"corp","sf":43865,"v":3000}},{"type":"Feature","geometry":{"type":"Point","coordinates":[-79.91121,40.46438]},"properties":{"p":"0124P00021000000","a":"PAULSON AVE","m":"12th Ward - PITTSBURGH","u":"C","o":"corp","sf":6588,"v":3000}},{"type":"Feature","geometry":{"type":"Point","coordinates":[-79.91941,40.45993]},"properties":{"p":"0084H00123000000","a":"PENN AVE","m":"11th Ward - PITTSBURGH","u":"C","o":"corp","sf":28817,"v":173600}},{"type":"Feature","geometry":{"type":"Point","coordinates":[-79.90438,40.46342]},"properties":{"p":"0124R00248000000","a":"LINCOLN AVE","m":"12th Ward - PITTSBURGH","u":"C","o":"corp","sf":2400,"v":600}},{"type":"Feature","geometry":{"type":"Point","coordinates":[-79.90446,40.46337]},"properties":{"p":"0124R00246000000","a":"LINCOLN AVE","m":"12th Ward - PITTSBURGH","u":"C","o":"corp","sf":2046,"v":500}},{"type":"Feature","geometry":{"type":"Point","coordinates":[-79.90452,40.4635]},"properties":{"p":"0124R00251000000","a":"TENNIS ST","m":"12th Ward - PITTSBURGH","u":"C","o":"corp","sf":2116,"v":5500}},{"type":"Feature","geometry":{"type":"Point","coordinates":[-79.91104,40.4625]},"properties":{"p":"0124P00199000000","a":"MEADOW ST","m":"12th Ward - PITTSBURGH","u":"C","o":"corp","sf":10000,"v":9000}},{"type":"Feature","geometry":{"type":"Point","coordinates":[-79.90706,40.46423]},"properties":{"p":"0124R00155000000","a":"WASHINGTON BLVD","m":"12th Ward - PITTSBURGH","u":"C","o":"corp","sf":4154,"v":1600}},{"type":"Feature","geometry":{"type":"Point","coordinates":[-79.90711,40.46429]},"properties":{"p":"0124R00157000000","a":"WASHINGTON BLVD","m":"12th Ward - PITTSBURGH","u":"C","o":"corp","sf":5316,"v":2300}},{"type":"Feature","geometry":{"type":"Point","coordinates":[-79.91031,40.46478]},"properties":{"p":"0124P00050000000","a":"SHETLAND ST","m":"12th Ward - PITTSBURGH","u":"C","o":"corp","sf":2500,"v":5600}},{"type":"Feature","geometry":{"type":"Point","coordinates":[-79.90038,40.46998]},"properties":{"p":"0124D00162000000","a":"NELSON ST","m":"12th Ward - PITTSBURGH","u":"C","o":"individual","sf":29278,"v":17700}},{"type":"Feature","geometry":{"type":"Point","coordinates":[-79.91817,40.46222]},"properties":{"p":"0084D00054000001","a":"130 LARIMER AVE","m":"11th Ward - PITTSBURGH","u":"C","o":"corp","sf":18827,"v":8700}},{"type":"Feature","geometry":{"type":"Point","coordinates":[-79.91933,40.46345]},"properties":{"p":"0083S00190000000","a":"155 LARIMER AVE","m":"11th Ward - PITTSBURGH","u":"C","o":"corp","sf":387,"v":0}},{"type":"Feature","geometry":{"type":"Point","coordinates":[-79.90742,40.46829]},"properties":{"p":"0124G00346000000","a":"6350 APPLE ST","m":"12th Ward - PITTSBURGH","u":"C","o":"individual","sf":6240,"v":7300}},{"type":"Feature","geometry":{"type":"Point","coordinates":[-79.91306,40.4599]},"properties":{"p":"0125E00096000000","a":"FRANKSTOWN AVE","m":"12th Ward - PITTSBURGH","u":"C","o":"individual","sf":6050,"v":15500}},{"type":"Feature","geometry":{"type":"Point","coordinates":[-79.9009,40.46331]},"properties":{"p":"0124S00210000000","a":"UPLAND ST","m":"12th Ward - PITTSBURGH","u":"C","o":"corp","sf":4099,"v":6300}},{"type":"Feature","geometry":{"type":"Point","coordinates":[-79.90314,40.4562]},"properties":{"p":"0125M00317000000","a":"HAMILTON AVE","m":"12th Ward - PITTSBURGH","u":"C","o":"individual","sf":3375,"v":500}},{"type":"Feature","geometry":{"type":"Point","coordinates":[-79.91033,40.46064]},"properties":{"p":"0125B00244000000","a":"LINCOLN AVE","m":"12th Ward - PITTSBURGH","u":"C","o":"corp","sf":10812,"v":25300}},{"type":"Feature","geometry":{"type":"Point","coordinates":[-79.90776,40.4577]},"properties":{"p":"0125G00013000000","a":"6714 KELLY ST","m":"12th Ward - PITTSBURGH","u":"C","o":"corp","sf":3375,"v":4700}},{"type":"Feature","geometry":{"type":"Point","coordinates":[-79.90863,40.46161]},"properties":{"p":"0125B00048000000","a":"LINCOLN AVE","m":"12th Ward - PITTSBURGH","u":"C","o":"corp","sf":3850,"v":900}},{"type":"Feature","geometry":{"type":"Point","coordinates":[-79.90253,40.45698]},"properties":{"p":"0125M00150000000","a":"KELLY ST","m":"12th Ward - PITTSBURGH","u":"C","o":"corp","sf":1714,"v":800}},{"type":"Feature","geometry":{"type":"Point","coordinates":[-79.91409,40.46111]},"properties":{"p":"0125A00277000000","a":"AUBURN ST","m":"12th Ward - PITTSBURGH","u":"C","o":"corp","sf":8478,"v":8300}},{"type":"Feature","geometry":{"type":"Point","coordinates":[-79.90759,40.45837]},"properties":{"p":"0125G00056000000","a":"FRANKSTOWN AVE","m":"12th Ward - PITTSBURGH","u":"C","o":"corp","sf":2490,"v":700}},{"type":"Feature","geometry":{"type":"Point","coordinates":[-79.9074,40.45832]},"properties":{"p":"0125G00057000000","a":"FRANKSTOWN AVE","m":"12th Ward - PITTSBURGH","u":"C","o":"corp","sf":1983,"v":600}},{"type":"Feature","geometry":{"type":"Point","coordinates":[-79.90749,40.45834]},"properties":{"p":"0125G00057000100","a":"FRANKSTOWN AVE","m":"12th Ward - PITTSBURGH","u":"C","o":"corp","sf":2075,"v":600}},{"type":"Feature","geometry":{"type":"Point","coordinates":[-79.90732,40.45831]},"properties":{"p":"0125G00059000000","a":"FRANKSTOWN AVE","m":"12th Ward - PITTSBURGH","u":"C","o":"corp","sf":2064,"v":9900}},{"type":"Feature","geometry":{"type":"Point","coordinates":[-79.90719,40.4583]},"properties":{"p":"0125G00060000000","a":"FRANKSTOWN AVE","m":"12th Ward - PITTSBURGH","u":"C","o":"corp","sf":3312,"v":900}},{"type":"Feature","geometry":{"type":"Point","coordinates":[-79.90254,40.46389]},"properties":{"p":"0124S00098000000","a":"915 LINCOLN AVE","m":"12th Ward - PITTSBURGH","u":"C","o":"corp","sf":1672,"v":400}},{"type":"Feature","geometry":{"type":"Point","coordinates":[-79.90201,40.46371]},"properties":{"p":"0124S00179000000","a":"922 LINCOLN AVE","m":"12th Ward - PITTSBURGH","u":"C","o":"individual","sf":3696,"v":4400}},{"type":"Feature","geometry":{"type":"Point","coordinates":[-79.9148,40.45704]},"properties":{"p":"0125J00275000000","a":"DAHLEM AVE","m":"12th Ward - PITTSBURGH","u":"C","o":"corp","sf":3104,"v":26700}},{"type":"Feature","geometry":{"type":"Point","coordinates":[-79.91489,40.46204]},"properties":{"p":"0125A00362000000","a":"AUBURN ST","m":"12th Ward - PITTSBURGH","u":"C","o":"individual","sf":776,"v":400}},{"type":"Feature","geometry":{"type":"Point","coordinates":[-79.90112,40.46325]},"properties":{"p":"0124S00207000000","a":"UPLAND ST","m":"12th Ward - PITTSBURGH","u":"C","o":"corp","sf":6780,"v":7600}},{"type":"Feature","geometry":{"type":"Point","coordinates":[-79.91131,40.45874]},"properties":{"p":"0125F00046000000","a":"JULIUS ST","m":"12th Ward - PITTSBURGH","u":"C","o":"corp","sf":2500,"v":5800}},{"type":"Feature","geometry":{"type":"Point","coordinates":[-79.91048,40.45732]},"properties":{"p":"0125K00185000000","a":"6600 HAMILTON AVE","m":"12th Ward - PITTSBURGH","u":"C","o":"individual","sf":2222,"v":500}},{"type":"Feature","geometry":{"type":"Point","coordinates":[-79.91089,40.45922]},"properties":{"p":"0125F00061000000","a":"FRANKSTOWN AVE","m":"12th Ward - PITTSBURGH","u":"C","o":"individual","sf":5000,"v":14000}},{"type":"Feature","geometry":{"type":"Point","coordinates":[-79.91093,40.45861]},"properties":{"p":"0125F00073000000","a":"131 TORRENS ST","m":"12th Ward - PITTSBURGH","u":"C","o":"corp","sf":2500,"v":1100}},{"type":"Feature","geometry":{"type":"Point","coordinates":[-79.91091,40.4665]},"properties":{"p":"0124K00080000000","a":"LARIMER AVE","m":"12th Ward - PITTSBURGH","u":"C","o":"corp","sf":5000,"v":6800}},{"type":"Feature","geometry":{"type":"Point","coordinates":[-79.91002,40.45889]},"properties":{"p":"0125F00201000000","a":"6640 FRANKSTOWN AVE","m":"12th Ward - PITTSBURGH","u":"C","o":"corp","sf":2160,"v":600}},{"type":"Feature","geometry":{"type":"Point","coordinates":[-79.90573,40.45724]},"properties":{"p":"0125L00066000000","a":"6810 KELLY ST","m":"12th Ward - PITTSBURGH","u":"C","o":"corp","sf":19950,"v":5000}},{"type":"Feature","geometry":{"type":"Point","coordinates":[-79.90562,40.4607]},"properties":{"p":"0125G00275000003","a":"BRILLIANT DR","m":"12th Ward - PITTSBURGH","u":"C","o":"corp","sf":22869,"v":500}},{"type":"Feature","geometry":{"type":"Point","coordinates":[-79.90856,40.45835]},"properties":{"p":"0125F00153000000","a":"5TH AVE","m":"12th Ward - PITTSBURGH","u":"C","o":"corp","sf":344,"v":100}},{"type":"Feature","geometry":{"type":"Point","coordinates":[-79.91101,40.46682]},"properties":{"p":"0124K00028000000","a":"LARIMER AVE","m":"12th Ward - PITTSBURGH","u":"C","o":"individual","sf":2928,"v":5800}},{"type":"Feature","geometry":{"type":"Point","coordinates":[-79.90417,40.45704]},"properties":{"p":"0125L00047000000","a":"KELLY ST","m":"12th Ward - PITTSBURGH","u":"C","o":"corp","sf":2700,"v":5700}},{"type":"Feature","geometry":{"type":"Point","coordinates":[-79.90985,40.46526]},"properties":{"p":"0124K00235000000","a":"PAULSON AVE","m":"12th Ward - PITTSBURGH","u":"C","o":"corp","sf":13530,"v":10600}},{"type":"Feature","geometry":{"type":"Point","coordinates":[-79.90957,40.46545]},"properties":{"p":"0124K00241000000","a":"PAULSON AVE","m":"12th Ward - PITTSBURGH","u":"C","o":"corp","sf":12300,"v":10000}},{"type":"Feature","geometry":{"type":"Point","coordinates":[-79.91219,40.46642]},"properties":{"p":"0124J00210000000","a":"LARIMER AVE","m":"12th Ward - PITTSBURGH","u":"C","o":"corp","sf":30753,"v":18300}},{"type":"Feature","geometry":{"type":"Point","coordinates":[-79.9112,40.46541]},"properties":{"p":"0124K00139000000","a":"SHETLAND ST","m":"12th Ward - PITTSBURGH","u":"C","o":"corp","sf":1190,"v":5000}},{"type":"Feature","geometry":{"type":"Point","coordinates":[-79.90819,40.45735]},"properties":{"p":"0125K00150000000","a":"6723 HAMILTON AVE","m":"12th Ward - PITTSBURGH","u":"C","o":"individual","sf":3240,"v":9900}},{"type":"Feature","geometry":{"type":"Point","coordinates":[-79.91134,40.46672]},"properties":{"p":"0124K00034000000","a":"LARIMER AVE","m":"12th Ward - PITTSBURGH","u":"C","o":"corp","sf":4270,"v":6400}},{"type":"Feature","geometry":{"type":"Point","coordinates":[-79.91296,40.46067]},"properties":{"p":"0125A00125000000","a":"LOWELL ST","m":"12th Ward - PITTSBURGH","u":"C","o":"corp","sf":7400,"v":3300}},{"type":"Feature","geometry":{"type":"Point","coordinates":[-79.90161,40.46424]},"properties":{"p":"0124S00055000000","a":"LINCOLN AVE","m":"12th Ward - PITTSBURGH","u":"C","o":"corp","sf":4515,"v":11400}},{"type":"Feature","geometry":{"type":"Point","coordinates":[-79.90185,40.4641]},"properties":{"p":"0124S00059000000","a":"LINCOLN AVE","m":"12th Ward - PITTSBURGH","u":"C","o":"corp","sf":2050,"v":500}},{"type":"Feature","geometry":{"type":"Point","coordinates":[-79.90204,40.46405]},"properties":{"p":"0124S00062000000","a":"LINCOLN AVE","m":"12th Ward - PITTSBURGH","u":"C","o":"corp","sf":1316,"v":7600}},{"type":"Feature","geometry":{"type":"Point","coordinates":[-79.9088,40.4558]},"properties":{"p":"0125K00080000000","a":"SIMONTON ST","m":"14th Ward - PITTSBURGH","u":"C","o":"individual","sf":2163,"v":2400}},{"type":"Feature","geometry":{"type":"Point","coordinates":[-79.90706,40.45827]},"properties":{"p":"0125G00062000000","a":"FRANKSTOWN AVE","m":"12th Ward - PITTSBURGH","u":"C","o":"corp","sf":2727,"v":800}},{"type":"Feature","geometry":{"type":"Point","coordinates":[-79.90897,40.45866]},"properties":{"p":"0125F00217000A00","a":"FRANKSTOWN AVE","m":"12th Ward - PITTSBURGH","u":"C","o":"corp","sf":1445,"v":3300}},{"type":"Feature","geometry":{"type":"Point","coordinates":[-79.90888,40.4558]},"properties":{"p":"0125K00081000000","a":"SIMONTON ST","m":"14th Ward - PITTSBURGH","u":"C","o":"individual","sf":2014,"v":2400}},{"type":"Feature","geometry":{"type":"Point","coordinates":[-79.91122,40.46674]},"properties":{"p":"0124K00032000000","a":"LARIMER AVE","m":"12th Ward - PITTSBURGH","u":"C","o":"corp","sf":2310,"v":5500}},{"type":"Feature","geometry":{"type":"Point","coordinates":[-79.91228,40.45965]},"properties":{"p":"0125E00111000000","a":"FRANKSTOWN AVE","m":"12th Ward - PITTSBURGH","u":"C","o":"corp","sf":2925,"v":11100}},{"type":"Feature","geometry":{"type":"Point","coordinates":[-79.91343,40.46003]},"properties":{"p":"0125A00083000000","a":"FRANKSTOWN AVE","m":"12th Ward - PITTSBURGH","u":"C","o":"individual","sf":2790,"v":10900}},{"type":"Feature","geometry":{"type":"Point","coordinates":[-79.90052,40.46324]},"properties":{"p":"0124S00274000000","a":"UPLAND ST","m":"12th Ward - PITTSBURGH","u":"C","o":"corp","sf":3580,"v":1600}},{"type":"Feature","geometry":{"type":"Point","coordinates":[-79.91126,40.46691]},"properties":{"p":"0124K00036000000","a":"SENTINEL WAY","m":"12th Ward - PITTSBURGH","u":"C","o":"corp","sf":3621,"v":6100}},{"type":"Feature","geometry":{"type":"Point","coordinates":[-79.90766,40.45537]},"properties":{"p":"0125L00370000000","a":"SIMONTON ST","m":"14th Ward - PITTSBURGH","u":"C","o":"corp","sf":4590,"v":54700}},{"type":"Feature","geometry":{"type":"Point","coordinates":[-79.90698,40.45822]},"properties":{"p":"0125G00063000000","a":"FRANKSTOWN AVE","m":"12th Ward - PITTSBURGH","u":"C","o":"corp","sf":1769,"v":500}},{"type":"Feature","geometry":{"type":"Point","coordinates":[-79.9021,40.46357]},"properties":{"p":"0124S00177000000","a":"922 LINCOLN AVE","m":"12th Ward - PITTSBURGH","u":"C","o":"individual","sf":5183,"v":12200}},{"type":"Feature","geometry":{"type":"Point","coordinates":[-79.91054,40.45746]},"properties":{"p":"0125K00182000000","a":"6600 HAMILTON AVE","m":"12th Ward - PITTSBURGH","u":"C","o":"individual","sf":6059,"v":17700}},{"type":"Feature","geometry":{"type":"Point","coordinates":[-79.90129,40.46427]},"properties":{"p":"0124S00050000000","a":"LINCOLN AVE","m":"12th Ward - PITTSBURGH","u":"C","o":"corp","sf":4528,"v":11400}},{"type":"Feature","geometry":{"type":"Point","coordinates":[-79.91801,40.45551]},"properties":{"p":"0084M00343000000","a":"DANIELLE ST","m":"7th Ward - PITTSBURGH","u":"L","o":"corp","sf":2991,"v":1500}},{"type":"Feature","geometry":{"type":"Point","coordinates":[-79.9191,40.45528]},"properties":{"p":"0084M00328000000","a":"HAILMAN ST","m":"7th Ward - PITTSBURGH","u":"L","o":"corp","sf":3240,"v":64800}},{"type":"Feature","geometry":{"type":"Point","coordinates":[-79.91657,40.46745]},"properties":{"p":"0083H00101000000","a":"SAINT MARIE ST","m":"11th Ward - PITTSBURGH","u":"L","o":"individual","sf":3600,"v":38700}},{"type":"Feature","geometry":{"type":"Point","coordinates":[-79.91794,40.46782]},"properties":{"p":"0083H00086000000","a":"SAINT MARIE ST","m":"11th Ward - PITTSBURGH","u":"L","o":"individual","sf":2500,"v":11300}},{"type":"Feature","geometry":{"type":"Point","coordinates":[-79.90522,40.46866]},"properties":{"p":"0124G00119000000","a":"DEAN ST","m":"12th Ward - PITTSBURGH","u":"L","o":"corp","sf":3000,"v":1200}},{"type":"Feature","geometry":{"type":"Point","coordinates":[-79.90536,40.46874]},"properties":{"p":"0124G00120000000","a":"DEAN ST","m":"12th Ward - PITTSBURGH","u":"L","o":"individual","sf":3000,"v":700}},{"type":"Feature","geometry":{"type":"Point","coordinates":[-79.90543,40.46878]},"properties":{"p":"0124G00121000000","a":"DEAN ST","m":"12th Ward - PITTSBURGH","u":"L","o":"individual","sf":2500,"v":600}},{"type":"Feature","geometry":{"type":"Point","coordinates":[-79.90557,40.46886]},"properties":{"p":"0124G00123000000","a":"DEAN ST","m":"12th Ward - PITTSBURGH","u":"L","o":"corp","sf":3000,"v":700}},{"type":"Feature","geometry":{"type":"Point","coordinates":[-79.90564,40.4689]},"properties":{"p":"0124G00124000000","a":"DEAN ST","m":"12th Ward - PITTSBURGH","u":"L","o":"corp","sf":3000,"v":700}},{"type":"Feature","geometry":{"type":"Point","coordinates":[-79.90571,40.46894]},"properties":{"p":"0124G00125000000","a":"DEAN ST","m":"12th Ward - PITTSBURGH","u":"L","o":"individual","sf":2500,"v":3000}},{"type":"Feature","geometry":{"type":"Point","coordinates":[-79.90638,40.46932]},"properties":{"p":"0124G00133000000","a":"DEAN ST","m":"12th Ward - PITTSBURGH","u":"L","o":"corp","sf":6000,"v":4100}},{"type":"Feature","geometry":{"type":"Point","coordinates":[-79.90684,40.46959]},"properties":{"p":"0124G00139000000","a":"DEAN ST","m":"12th Ward - PITTSBURGH","u":"L","o":"individual","sf":2500,"v":600}},{"type":"Feature","geometry":{"type":"Point","coordinates":[-79.90691,40.46963]},"properties":{"p":"0124G00140000000","a":"DEAN ST","m":"12th Ward - PITTSBURGH","u":"L","o":"individual","sf":2500,"v":1000}},{"type":"Feature","geometry":{"type":"Point","coordinates":[-79.90699,40.46967]},"properties":{"p":"0124G00141000000","a":"DEAN ST","m":"12th Ward - PITTSBURGH","u":"L","o":"individual","sf":3000,"v":700}},{"type":"Feature","geometry":{"type":"Point","coordinates":[-79.91811,40.46755]},"properties":{"p":"0083H00070000000","a":"COLLINS AVE","m":"11th Ward - PITTSBURGH","u":"L","o":"corp","sf":2500,"v":1000}},{"type":"Feature","geometry":{"type":"Point","coordinates":[-79.91143,40.46811]},"properties":{"p":"0124F00078000000","a":"LENORA ST","m":"12th Ward - PITTSBURGH","u":"L","o":"individual","sf":2400,"v":1200}},{"type":"Feature","geometry":{"type":"Point","coordinates":[-79.9113,40.46816]},"properties":{"p":"0124F00080000000","a":"LENORA ST","m":"12th Ward - PITTSBURGH","u":"L","o":"corp","sf":2436,"v":1200}},{"type":"Feature","geometry":{"type":"Point","coordinates":[-79.91245,40.46734]},"properties":{"p":"0124E00348000000","a":"LENORA ST","m":"12th Ward - PITTSBURGH","u":"L","o":"individual","sf":2160,"v":3600}},{"type":"Feature","geometry":{"type":"Point","coordinates":[-79.91224,40.46748]},"properties":{"p":"0124E00351000000","a":"LENORA ST","m":"12th Ward - PITTSBURGH","u":"L","o":"corp","sf":2185,"v":3600}},{"type":"Feature","geometry":{"type":"Point","coordinates":[-79.91216,40.46737]},"properties":{"p":"0124E00353000000","a":"JOSEPH ST","m":"12th Ward - PITTSBURGH","u":"L","o":"corp","sf":2185,"v":3600}},{"type":"Feature","geometry":{"type":"Point","coordinates":[-79.91212,40.46732]},"properties":{"p":"0124E00354000000","a":"JOSEPH ST","m":"12th Ward - PITTSBURGH","u":"L","o":"corp","sf":2185,"v":3600}},{"type":"Feature","geometry":{"type":"Point","coordinates":[-79.91182,40.46795]},"properties":{"p":"0124F00072000000","a":"LENORA ST","m":"12th Ward - PITTSBURGH","u":"L","o":"corp","sf":2400,"v":3700}},{"type":"Feature","geometry":{"type":"Point","coordinates":[-79.91149,40.46808]},"properties":{"p":"0124F00077000000","a":"LENORA ST","m":"12th Ward - PITTSBURGH","u":"L","o":"individual","sf":2400,"v":3000}},{"type":"Feature","geometry":{"type":"Point","coordinates":[-79.90649,40.46938]},"properties":{"p":"0124G00134000000","a":"DEAN ST","m":"12th Ward - PITTSBURGH","u":"L","o":"corp","sf":2500,"v":600}},{"type":"Feature","geometry":{"type":"Point","coordinates":[-79.9067,40.46951]},"properties":{"p":"0124G00137000000","a":"DEAN ST","m":"12th Ward - PITTSBURGH","u":"L","o":"individual","sf":2500,"v":600}},{"type":"Feature","geometry":{"type":"Point","coordinates":[-79.90677,40.46955]},"properties":{"p":"0124G00138000000","a":"DEAN ST","m":"12th Ward - PITTSBURGH","u":"L","o":"corp","sf":3000,"v":3200}},{"type":"Feature","geometry":{"type":"Point","coordinates":[-79.91121,40.46816]},"properties":{"p":"0124F00081000000","a":"LENORA ST","m":"12th Ward - PITTSBURGH","u":"L","o":"individual","sf":2400,"v":600}},{"type":"Feature","geometry":{"type":"Point","coordinates":[-79.9105,40.46848]},"properties":{"p":"0124F00091000000","a":"LENORA ST","m":"12th Ward - PITTSBURGH","u":"L","o":"corp","sf":2160,"v":1100}},{"type":"Feature","geometry":{"type":"Point","coordinates":[-79.91041,40.46852]},"properties":{"p":"0124F00093000000","a":"LENORA ST","m":"12th Ward - PITTSBURGH","u":"L","o":"corp","sf":5040,"v":2500}},{"type":"Feature","geometry":{"type":"Point","coordinates":[-79.9072,40.46917]},"properties":{"p":"0124G00187000000","a":"DICK ST","m":"12th Ward - PITTSBURGH","u":"L","o":"individual","sf":1990,"v":2800}},{"type":"Feature","geometry":{"type":"Point","coordinates":[-79.90715,40.4691]},"properties":{"p":"0124G00188000000","a":"DICK ST","m":"12th Ward - PITTSBURGH","u":"L","o":"individual","sf":2541,"v":3000}},{"type":"Feature","geometry":{"type":"Point","coordinates":[-79.91618,40.46476]},"properties":{"p":"0083S00384000000","a":"MAYFLOWER ST","m":"12th Ward - PITTSBURGH","u":"L","o":"corp","sf":2695,"v":1400}},{"type":"Feature","geometry":{"type":"Point","coordinates":[-79.91624,40.46481]},"properties":{"p":"0083S00385000000","a":"MAYFLOWER ST","m":"12th Ward - PITTSBURGH","u":"L","o":"corp","sf":2640,"v":3800}},{"type":"Feature","geometry":{"type":"Point","coordinates":[-79.91629,40.46486]},"properties":{"p":"0083S00386000000","a":"MAYFLOWER ST","m":"12th Ward - PITTSBURGH","u":"L","o":"corp","sf":2640,"v":3800}},{"type":"Feature","geometry":{"type":"Point","coordinates":[-79.90529,40.4687]},"properties":{"p":"0124G00118000000","a":"DEAN ST","m":"12th Ward - PITTSBURGH","u":"L","o":"corp","sf":3000,"v":700}},{"type":"Feature","geometry":{"type":"Point","coordinates":[-79.91816,40.46713]},"properties":{"p":"0083M00328000000","a":"HUNTRESS ST","m":"11th Ward - PITTSBURGH","u":"L","o":"individual","sf":2655,"v":34500}},{"type":"Feature","geometry":{"type":"Point","coordinates":[-79.91966,40.46601]},"properties":{"p":"0083M00055000000","a":"COLLINS AVE","m":"11th Ward - PITTSBURGH","u":"L","o":"corp","sf":3588,"v":1400}},{"type":"Feature","geometry":{"type":"Point","coordinates":[-79.91013,40.46453]},"properties":{"p":"0124P00060000000","a":"SHETLAND ST","m":"12th Ward - PITTSBURGH","u":"L","o":"individual","sf":1304,"v":700}},{"type":"Feature","geometry":{"type":"Point","coordinates":[-79.91532,40.4641]},"properties":{"p":"0124N00106000000","a":"MAYFLOWER ST","m":"12th Ward - PITTSBURGH","u":"L","o":"corp","sf":6624,"v":5200}},{"type":"Feature","geometry":{"type":"Point","coordinates":[-79.91565,40.46416]},"properties":{"p":"0124N00110000000","a":"300 LARIMER AVE","m":"12th Ward - PITTSBURGH","u":"L","o":"corp","sf":1260,"v":300}},{"type":"Feature","geometry":{"type":"Point","coordinates":[-79.91579,40.46428]},"properties":{"p":"0124N00114000000","a":"300 LARIMER AVE","m":"12th Ward - PITTSBURGH","u":"L","o":"corp","sf":1386,"v":3200}},{"type":"Feature","geometry":{"type":"Point","coordinates":[-79.91555,40.46433]},"properties":{"p":"0124N00116000000","a":"300 LARIMER AVE","m":"12th Ward - PITTSBURGH","u":"L","o":"corp","sf":5640,"v":5100}},{"type":"Feature","geometry":{"type":"Point","coordinates":[-79.91595,40.46463]},"properties":{"p":"0124N00125000000","a":"LARIMER AVE","m":"12th Ward - PITTSBURGH","u":"L","o":"corp","sf":2472,"v":3700}},{"type":"Feature","geometry":{"type":"Point","coordinates":[-79.91587,40.46468]},"properties":{"p":"0124N00126000000","a":"335 LARIMER AVE","m":"12th Ward - PITTSBURGH","u":"L","o":"corp","sf":2472,"v":3700}},{"type":"Feature","geometry":{"type":"Point","coordinates":[-79.91018,40.4632]},"properties":{"p":"0124P00210000000","a":"WINSLOW ST","m":"12th Ward - PITTSBURGH","u":"L","o":"individual","sf":2560,"v":3800}},{"type":"Feature","geometry":{"type":"Point","coordinates":[-79.91016,40.46303]},"properties":{"p":"0124P00211000000","a":"523 LOWELL ST","m":"12th Ward - PITTSBURGH","u":"L","o":"individual","sf":2100,"v":500}},{"type":"Feature","geometry":{"type":"Point","coordinates":[-79.91236,40.46374]},"properties":{"p":"0124N00282000000","a":"MEADOW ST","m":"12th Ward - PITTSBURGH","u":"L","o":"corp","sf":1240,"v":400}},{"type":"Feature","geometry":{"type":"Point","coordinates":[-79.91241,40.46378]},"properties":{"p":"0124N00283000000","a":"MEADOW ST","m":"12th Ward - PITTSBURGH","u":"L","o":"corp","sf":2466,"v":600}},{"type":"Feature","geometry":{"type":"Point","coordinates":[-79.91247,40.46383]},"properties":{"p":"0124N00284000000","a":"MEADOW ST","m":"12th Ward - PITTSBURGH","u":"L","o":"individual","sf":4088,"v":4500}},{"type":"Feature","geometry":{"type":"Point","coordinates":[-79.91267,40.46401]},"properties":{"p":"0124N00288000000","a":"MEADOW ST","m":"12th Ward - PITTSBURGH","u":"L","o":"corp","sf":3036,"v":700}},{"type":"Feature","geometry":{"type":"Point","coordinates":[-79.91273,40.46407]},"properties":{"p":"0124N00290000000","a":"MEADOW ST","m":"12th Ward - PITTSBURGH","u":"L","o":"corp","sf":4658,"v":1100}},{"type":"Feature","geometry":{"type":"Point","coordinates":[-79.90996,40.46317]},"properties":{"p":"0124P00214000000","a":"525 LOWELL ST","m":"12th Ward - PITTSBURGH","u":"L","o":"individual","sf":1875,"v":900}},{"type":"Feature","geometry":{"type":"Point","coordinates":[-79.90525,40.46457]},"properties":{"p":"0124R00295000000","a":"LYRIC ST","m":"12th Ward - PITTSBURGH","u":"L","o":"individual","sf":7693,"v":4200}},{"type":"Feature","geometry":{"type":"Point","coordinates":[-79.90001,40.46664]},"properties":{"p":"0124M00383000000","a":"BOWER ST","m":"12th Ward - PITTSBURGH","u":"L","o":"individual","sf":3775,"v":800}},{"type":"Feature","geometry":{"type":"Point","coordinates":[-79.91189,40.46338]},"properties":{"p":"0124P00095000A00","a":"PAULSON AVE","m":"12th Ward - PITTSBURGH","u":"L","o":"individual","sf":1200,"v":400}},{"type":"Feature","geometry":{"type":"Point","coordinates":[-79.91171,40.4625]},"properties":{"p":"0124P00096000000","a":"MEADOW ST","m":"12th Ward - PITTSBURGH","u":"L","o":"corp","sf":2500,"v":600}},{"type":"Feature","geometry":{"type":"Point","coordinates":[-79.91193,40.46335]},"properties":{"p":"0124P00096000A00","a":"PAULSON AVE","m":"12th Ward - PITTSBURGH","u":"L","o":"individual","sf":1050,"v":300}},{"type":"Feature","geometry":{"type":"Point","coordinates":[-79.91558,40.46361]},"properties":{"p":"0124N00048000000","a":"122 MAYFLOWER ST","m":"12th Ward - PITTSBURGH","u":"L","o":"individual","sf":3600,"v":4300}},{"type":"Feature","geometry":{"type":"Point","coordinates":[-79.91551,40.46355]},"properties":{"p":"0124N00050000000","a":"122 MAYFLOWER ST","m":"12th Ward - PITTSBURGH","u":"L","o":"individual","sf":2400,"v":600}},{"type":"Feature","geometry":{"type":"Point","coordinates":[-79.90917,40.46461]},"properties":{"p":"0124P00140000000","a":"WINFIELD ST","m":"12th Ward - PITTSBURGH","u":"L","o":"corp","sf":2500,"v":1300}},{"type":"Feature","geometry":{"type":"Point","coordinates":[-79.90921,40.46474]},"properties":{"p":"0124P00142000000","a":"VANILLA WAY","m":"12th Ward - PITTSBURGH","u":"L","o":"corp","sf":1000,"v":500}},{"type":"Feature","geometry":{"type":"Point","coordinates":[-79.90909,40.46463]},"properties":{"p":"0124P00143000000","a":"WINFIELD ST","m":"12th Ward - PITTSBURGH","u":"L","o":"corp","sf":1500,"v":3300}},{"type":"Feature","geometry":{"type":"Point","coordinates":[-79.90903,40.46468]},"properties":{"p":"0124P00144000000","a":"WINFIELD ST","m":"12th Ward - PITTSBURGH","u":"L","o":"corp","sf":2500,"v":1300}},{"type":"Feature","geometry":{"type":"Point","coordinates":[-79.909,40.46477]},"properties":{"p":"0124P00145000000","a":"WINFIELD ST","m":"12th Ward - PITTSBURGH","u":"L","o":"corp","sf":2500,"v":1300}},{"type":"Feature","geometry":{"type":"Point","coordinates":[-79.90891,40.46482]},"properties":{"p":"0124P00146000000","a":"WINFIELD ST","m":"12th Ward - PITTSBURGH","u":"L","o":"corp","sf":2500,"v":600}},{"type":"Feature","geometry":{"type":"Point","coordinates":[-79.9088,40.46489]},"properties":{"p":"0124P00147000000","a":"WINFIELD ST","m":"12th Ward - PITTSBURGH","u":"L","o":"corp","sf":5000,"v":5000}},{"type":"Feature","geometry":{"type":"Point","coordinates":[-79.90852,40.46457]},"properties":{"p":"0124P00150000000","a":"WINFIELD ST","m":"12th Ward - PITTSBURGH","u":"L","o":"corp","sf":2500,"v":600}},{"type":"Feature","geometry":{"type":"Point","coordinates":[-79.90859,40.46453]},"properties":{"p":"0124P00151000000","a":"630 WINFIELD ST","m":"12th Ward - PITTSBURGH","u":"L","o":"individual","sf":2000,"v":3500}},{"type":"Feature","geometry":{"type":"Point","coordinates":[-79.91,40.46462]},"properties":{"p":"0124P00060000A00","a":"RAPIDAN WAY","m":"12th Ward - PITTSBURGH","u":"L","o":"corp","sf":902,"v":300}},{"type":"Feature","geometry":{"type":"Point","coordinates":[-79.9101,40.46464]},"properties":{"p":"0124P00061000000","a":"SHETLAND ST","m":"12th Ward - PITTSBURGH","u":"L","o":"individual","sf":2200,"v":600}},{"type":"Feature","geometry":{"type":"Point","coordinates":[-79.91036,40.46437]},"properties":{"p":"0124P00062000000","a":"PAULSON AVE","m":"12th Ward - PITTSBURGH","u":"L","o":"corp","sf":2240,"v":600}},{"type":"Feature","geometry":{"type":"Point","coordinates":[-79.91052,40.46427]},"properties":{"p":"0124P00064000000","a":"PAULSON AVE","m":"12th Ward - PITTSBURGH","u":"L","o":"individual","sf":2320,"v":600}},{"type":"Feature","geometry":{"type":"Point","coordinates":[-79.90907,40.46279]},"properties":{"p":"0124P00300000000","a":"TURRETT ST","m":"12th Ward - PITTSBURGH","u":"L","o":"corp","sf":2775,"v":3900}},{"type":"Feature","geometry":{"type":"Point","coordinates":[-79.90911,40.46293]},"properties":{"p":"0124P00301000000","a":"XENIA WAY","m":"12th Ward - PITTSBURGH","u":"L","o":"corp","sf":675,"v":200}},{"type":"Feature","geometry":{"type":"Point","coordinates":[-79.90881,40.46282]},"properties":{"p":"0124P00302000000","a":"SHETLAND ST","m":"12th Ward - PITTSBURGH","u":"L","o":"corp","sf":2900,"v":700}},{"type":"Feature","geometry":{"type":"Point","coordinates":[-79.90891,40.46296]},"properties":{"p":"0124P00304000000","a":"SHETLAND ST","m":"12th Ward - PITTSBURGH","u":"L","o":"corp","sf":2700,"v":3900}},{"type":"Feature","geometry":{"type":"Point","coordinates":[-79.90897,40.46302]},"properties":{"p":"0124P00305000000","a":"SHETLAND ST","m":"12th Ward - PITTSBURGH","u":"L","o":"corp","sf":2038,"v":500}},{"type":"Feature","geometry":{"type":"Point","coordinates":[-79.90831,40.46339]},"properties":{"p":"0124P00315000000","a":"TURRETT ST","m":"12th Ward - PITTSBURGH","u":"L","o":"individual","sf":4796,"v":4900}},{"type":"Feature","geometry":{"type":"Point","coordinates":[-79.9082,40.46343]},"properties":{"p":"0124P00317000000","a":"TURRETT ST","m":"12th Ward - PITTSBURGH","u":"L","o":"individual","sf":2507,"v":1300}},{"type":"Feature","geometry":{"type":"Point","coordinates":[-79.91279,40.46412]},"properties":{"p":"0124N00291000000","a":"MEADOW ST","m":"12th Ward - PITTSBURGH","u":"L","o":"corp","sf":2329,"v":3700}},{"type":"Feature","geometry":{"type":"Point","coordinates":[-79.91231,40.46433]},"properties":{"p":"0124N00368000000","a":"STOEBNER WAY","m":"12th Ward - PITTSBURGH","u":"L","o":"corp","sf":3672,"v":4300}},{"type":"Feature","geometry":{"type":"Point","coordinates":[-79.91214,40.46435]},"properties":{"p":"0124N00369000000","a":"WINSLOW ST","m":"12th Ward - PITTSBURGH","u":"L","o":"corp","sf":2432,"v":3700}},{"type":"Feature","geometry":{"type":"Point","coordinates":[-79.91208,40.46429]},"properties":{"p":"0124N00370000000","a":"WINSLOW ST","m":"12th Ward - PITTSBURGH","u":"L","o":"corp","sf":2061,"v":500}},{"type":"Feature","geometry":{"type":"Point","coordinates":[-79.91562,40.46484]},"properties":{"p":"0124N00129000000","a":"335 LARIMER AVE","m":"12th Ward - PITTSBURGH","u":"L","o":"corp","sf":4896,"v":5000}},{"type":"Feature","geometry":{"type":"Point","coordinates":[-79.91494,40.46427]},"properties":{"p":"0124N00140000000","a":"CARVER ST","m":"12th Ward - PITTSBURGH","u":"L","o":"corp","sf":1575,"v":3300}},{"type":"Feature","geometry":{"type":"Point","coordinates":[-79.91488,40.46422]},"properties":{"p":"0124N00141000000","a":"CARVER ST","m":"12th Ward - PITTSBURGH","u":"L","o":"corp","sf":1472,"v":3200}},{"type":"Feature","geometry":{"type":"Point","coordinates":[-79.91483,40.46417]},"properties":{"p":"0124N00142000000","a":"CARVER ST","m":"12th Ward - PITTSBURGH","u":"L","o":"corp","sf":1495,"v":3300}},{"type":"Feature","geometry":{"type":"Point","coordinates":[-79.91467,40.46402]},"properties":{"p":"0124N00145000000","a":"CARVER ST","m":"12th Ward - PITTSBURGH","u":"L","o":"individual","sf":1632,"v":800}},{"type":"Feature","geometry":{"type":"Point","coordinates":[-79.90957,40.46348]},"properties":{"p":"0124P00220000000","a":"LOWELL ST","m":"12th Ward - PITTSBURGH","u":"L","o":"individual","sf":2500,"v":3800}},{"type":"Feature","geometry":{"type":"Point","coordinates":[-79.90944,40.46356]},"properties":{"p":"0124P00222000000","a":"LOWELL ST","m":"12th Ward - PITTSBURGH","u":"L","o":"corp","sf":2500,"v":3800}},{"type":"Feature","geometry":{"type":"Point","coordinates":[-79.91283,40.46416]},"properties":{"p":"0124N00292000000","a":"MEADOW ST","m":"12th Ward - PITTSBURGH","u":"L","o":"corp","sf":2329,"v":3700}},{"type":"Feature","geometry":{"type":"Point","coordinates":[-79.91288,40.4642]},"properties":{"p":"0124N00293000000","a":"STOEBNER WAY","m":"12th Ward - PITTSBURGH","u":"L","o":"corp","sf":3014,"v":1500}},{"type":"Feature","geometry":{"type":"Point","coordinates":[-79.91315,40.46444]},"properties":{"p":"0124N00298000000","a":"MEADOW ST","m":"12th Ward - PITTSBURGH","u":"L","o":"individual","sf":4110,"v":4600}},{"type":"Feature","geometry":{"type":"Point","coordinates":[-79.91324,40.46446]},"properties":{"p":"0124N00299000000","a":"6279 MEADOW ST","m":"12th Ward - PITTSBURGH","u":"L","o":"corp","sf":2513,"v":3800}},{"type":"Feature","geometry":{"type":"Point","coordinates":[-79.91324,40.46453]},"properties":{"p":"0124N00300000000","a":"6277 MEADOW ST","m":"12th Ward - PITTSBURGH","u":"L","o":"corp","sf":2433,"v":3700}},{"type":"Feature","geometry":{"type":"Point","coordinates":[-79.91328,40.46457]},"properties":{"p":"0124N00301000000","a":"MEADOW ST","m":"12th Ward - PITTSBURGH","u":"L","o":"corp","sf":3699,"v":4400}},{"type":"Feature","geometry":{"type":"Point","coordinates":[-79.90053,40.46728]},"properties":{"p":"0124M00394000000","a":"BOWER ST","m":"12th Ward - PITTSBURGH","u":"L","o":"individual","sf":2166,"v":500}},{"type":"Feature","geometry":{"type":"Point","coordinates":[-79.90048,40.46725]},"properties":{"p":"0124M00395000000","a":"BOWER ST","m":"12th Ward - PITTSBURGH","u":"L","o":"individual","sf":1872,"v":500}},{"type":"Feature","geometry":{"type":"Point","coordinates":[-79.90014,40.46714]},"properties":{"p":"0124M00400000000","a":"BOWER ST","m":"12th Ward - PITTSBURGH","u":"L","o":"individual","sf":7200,"v":4200}},{"type":"Feature","geometry":{"type":"Point","coordinates":[-79.91494,40.46304]},"properties":{"p":"0124N00058000000","a":"154 MAYFLOWER ST","m":"12th Ward - PITTSBURGH","u":"L","o":"corp","sf":7600,"v":5200}},{"type":"Feature","geometry":{"type":"Point","coordinates":[-79.90908,40.4637]},"properties":{"p":"0124P00229000000","a":"LOWELL ST","m":"12th Ward - PITTSBURGH","u":"L","o":"individual","sf":980,"v":500}},{"type":"Feature","geometry":{"type":"Point","coordinates":[-79.90903,40.46373]},"properties":{"p":"0124P00230000000","a":"LOWELL ST","m":"12th Ward - PITTSBURGH","u":"L","o":"individual","sf":980,"v":500}},{"type":"Feature","geometry":{"type":"Point","coordinates":[-79.90893,40.46389]},"properties":{"p":"0124P00232000000","a":"LOWELL ST","m":"12th Ward - PITTSBURGH","u":"L","o":"corp","sf":2500,"v":400}},{"type":"Feature","geometry":{"type":"Point","coordinates":[-79.90886,40.46393]},"properties":{"p":"0124P00233000000","a":"LOWELL ST","m":"12th Ward - PITTSBURGH","u":"L","o":"corp","sf":2500,"v":1300}},{"type":"Feature","geometry":{"type":"Point","coordinates":[-79.90778,40.46428]},"properties":{"p":"0124R00074000000","a":"RENFREW ST","m":"12th Ward - PITTSBURGH","u":"L","o":"individual","sf":2500,"v":400}},{"type":"Feature","geometry":{"type":"Point","coordinates":[-79.90735,40.46392]},"properties":{"p":"0124R00091000000","a":"RENFREW ST","m":"12th Ward - PITTSBURGH","u":"L","o":"corp","sf":2825,"v":700}},{"type":"Feature","geometry":{"type":"Point","coordinates":[-79.90718,40.46377]},"properties":{"p":"0124R00094000000","a":"RENFREW ST","m":"12th Ward - PITTSBURGH","u":"L","o":"corp","sf":2875,"v":400}},{"type":"Feature","geometry":{"type":"Point","coordinates":[-79.91125,40.46325]},"properties":{"p":"0124P00105000000","a":"WINFIELD ST","m":"12th Ward - PITTSBURGH","u":"L","o":"corp","sf":2229,"v":600}},{"type":"Feature","geometry":{"type":"Point","coordinates":[-79.91112,40.46334]},"properties":{"p":"0124P00107000000","a":"WINFIELD ST","m":"12th Ward - PITTSBURGH","u":"L","o":"corp","sf":2229,"v":3600}},{"type":"Feature","geometry":{"type":"Point","coordinates":[-79.91105,40.46338]},"properties":{"p":"0124P00108000000","a":"WINFIELD ST","m":"12th Ward - PITTSBURGH","u":"L","o":"corp","sf":2140,"v":600}},{"type":"Feature","geometry":{"type":"Point","coordinates":[-79.91098,40.46343]},"properties":{"p":"0124P00109000000","a":"WINFIELD ST","m":"12th Ward - PITTSBURGH","u":"L","o":"corp","sf":2063,"v":3500}},{"type":"Feature","geometry":{"type":"Point","coordinates":[-79.90873,40.46443]},"properties":{"p":"0124P00153000000","a":"WINFIELD ST","m":"12th Ward - PITTSBURGH","u":"L","o":"corp","sf":2600,"v":3800}},{"type":"Feature","geometry":{"type":"Point","coordinates":[-79.9088,40.46439]},"properties":{"p":"0124P00154000000","a":"WINFIELD ST","m":"12th Ward - PITTSBURGH","u":"L","o":"corp","sf":2400,"v":3700}},{"type":"Feature","geometry":{"type":"Point","coordinates":[-79.90887,40.46434]},"properties":{"p":"0124P00155000000","a":"WINFIELD ST","m":"12th Ward - PITTSBURGH","u":"L","o":"corp","sf":2500,"v":3800}},{"type":"Feature","geometry":{"type":"Point","coordinates":[-79.90895,40.46429]},"properties":{"p":"0124P00156000000","a":"WINFIELD ST","m":"12th Ward - PITTSBURGH","u":"L","o":"corp","sf":2500,"v":600}},{"type":"Feature","geometry":{"type":"Point","coordinates":[-79.90907,40.46421]},"properties":{"p":"0124P00158000000","a":"WINFIELD ST","m":"12th Ward - PITTSBURGH","u":"L","o":"corp","sf":2500,"v":1300}},{"type":"Feature","geometry":{"type":"Point","coordinates":[-79.90914,40.46417]},"properties":{"p":"0124P00159000000","a":"WINFIELD ST","m":"12th Ward - PITTSBURGH","u":"L","o":"corp","sf":2500,"v":600}},{"type":"Feature","geometry":{"type":"Point","coordinates":[-79.9092,40.46412]},"properties":{"p":"0124P00160000000","a":"WINFIELD ST","m":"12th Ward - PITTSBURGH","u":"L","o":"corp","sf":2500,"v":3800}},{"type":"Feature","geometry":{"type":"Point","coordinates":[-79.90945,40.46401]},"properties":{"p":"0124P00162000000","a":"SHETLAND ST","m":"12th Ward - PITTSBURGH","u":"L","o":"corp","sf":2500,"v":600}},{"type":"Feature","geometry":{"type":"Point","coordinates":[-79.90939,40.46396]},"properties":{"p":"0124P00163000000","a":"SHETLAND ST","m":"12th Ward - PITTSBURGH","u":"L","o":"individual","sf":2500,"v":600}},{"type":"Feature","geometry":{"type":"Point","coordinates":[-79.90458,40.46458]},"properties":{"p":"0124R00305000000","a":"LYRIC ST","m":"12th Ward - PITTSBURGH","u":"L","o":"corp","sf":2832,"v":600}},{"type":"Feature","geometry":{"type":"Point","coordinates":[-79.91415,40.46349]},"properties":{"p":"0124N00155000000","a":"CARVER ST","m":"12th Ward - PITTSBURGH","u":"L","o":"corp","sf":2500,"v":3800}},{"type":"Feature","geometry":{"type":"Point","coordinates":[-79.91397,40.46334]},"properties":{"p":"0124N00158000000","a":"CARVER ST","m":"12th Ward - PITTSBURGH","u":"L","o":"individual","sf":2500,"v":1500}},{"type":"Feature","geometry":{"type":"Point","coordinates":[-79.91385,40.46323]},"properties":{"p":"0124N00160000000","a":"CARVER ST","m":"12th Ward - PITTSBURGH","u":"L","o":"individual","sf":2500,"v":3800}},{"type":"Feature","geometry":{"type":"Point","coordinates":[-79.91374,40.46313]},"properties":{"p":"0124N00162000000","a":"CARVER ST","m":"12th Ward - PITTSBURGH","u":"L","o":"corp","sf":2500,"v":3800}},{"type":"Feature","geometry":{"type":"Point","coordinates":[-79.9088,40.46397]},"properties":{"p":"0124P00234000000","a":"LOWELL ST","m":"12th Ward - PITTSBURGH","u":"L","o":"corp","sf":3000,"v":700}},{"type":"Feature","geometry":{"type":"Point","coordinates":[-79.90874,40.46401]},"properties":{"p":"0124P00235000000","a":"LOWELL ST","m":"12th Ward - PITTSBURGH","u":"L","o":"corp","sf":2000,"v":3500}},{"type":"Feature","geometry":{"type":"Point","coordinates":[-79.90867,40.46406]},"properties":{"p":"0124P00236000000","a":"LOWELL ST","m":"12th Ward - PITTSBURGH","u":"L","o":"corp","sf":2200,"v":600}},{"type":"Feature","geometry":{"type":"Point","coordinates":[-79.9086,40.4641]},"properties":{"p":"0124P00237000000","a":"LOWELL ST","m":"12th Ward - PITTSBURGH","u":"L","o":"corp","sf":2800,"v":3900}},{"type":"Feature","geometry":{"type":"Point","coordinates":[-79.90836,40.46426]},"properties":{"p":"0124P00240000000","a":"LOWELL ST","m":"12th Ward - PITTSBURGH","u":"L","o":"corp","sf":5000,"v":5000}},{"type":"Feature","geometry":{"type":"Point","coordinates":[-79.91047,40.46378]},"properties":{"p":"0124P00116000000","a":"WINFIELD ST","m":"12th Ward - PITTSBURGH","u":"L","o":"corp","sf":2670,"v":700}},{"type":"Feature","geometry":{"type":"Point","coordinates":[-79.90799,40.46355]},"properties":{"p":"0124P00320000000","a":"TURRETT ST","m":"12th Ward - PITTSBURGH","u":"L","o":"corp","sf":2507,"v":3800}},{"type":"Feature","geometry":{"type":"Point","coordinates":[-79.90814,40.4628]},"properties":{"p":"0124P00337000000","a":"SHETLAND ST","m":"12th Ward - PITTSBURGH","u":"L","o":"corp","sf":4800,"v":4900}},{"type":"Feature","geometry":{"type":"Point","coordinates":[-79.90809,40.46297]},"properties":{"p":"0124P00338000000","a":"SHETLAND ST","m":"12th Ward - PITTSBURGH","u":"L","o":"corp","sf":4148,"v":1000}},{"type":"Feature","geometry":{"type":"Point","coordinates":[-79.91344,40.46463]},"properties":{"p":"0124N00303000000","a":"MEADOW ST","m":"12th Ward - PITTSBURGH","u":"L","o":"corp","sf":2466,"v":3700}},{"type":"Feature","geometry":{"type":"Point","coordinates":[-79.91353,40.46469]},"properties":{"p":"0124N00304000000","a":"133 MEADOW ST","m":"12th Ward - PITTSBURGH","u":"L","o":"corp","sf":3186,"v":4100}},{"type":"Feature","geometry":{"type":"Point","coordinates":[-79.90452,40.46454]},"properties":{"p":"0124R00306000000","a":"LYRIC ST","m":"12th Ward - PITTSBURGH","u":"L","o":"corp","sf":2832,"v":600}},{"type":"Feature","geometry":{"type":"Point","coordinates":[-79.90438,40.46446]},"properties":{"p":"0124R00308000000","a":"LYRIC ST","m":"12th Ward - PITTSBURGH","u":"L","o":"individual","sf":2808,"v":1100}},{"type":"Feature","geometry":{"type":"Point","coordinates":[-79.91349,40.46292]},"properties":{"p":"0124N00166000000","a":"CARVER ST","m":"12th Ward - PITTSBURGH","u":"L","o":"corp","sf":2600,"v":3800}},{"type":"Feature","geometry":{"type":"Point","coordinates":[-79.91312,40.46257]},"properties":{"p":"0124N00170000000","a":"PAULSON AVE","m":"12th Ward - PITTSBURGH","u":"L","o":"corp","sf":5700,"v":5100}},{"type":"Feature","geometry":{"type":"Point","coordinates":[-79.91301,40.4625]},"properties":{"p":"0124N00172000000","a":"CARVER ST","m":"12th Ward - PITTSBURGH","u":"L","o":"corp","sf":2800,"v":700}},{"type":"Feature","geometry":{"type":"Point","coordinates":[-79.91239,40.46254]},"properties":{"p":"0124N00177000000","a":"CARVER ST","m":"12th Ward - PITTSBURGH","u":"L","o":"corp","sf":5000,"v":2500}},{"type":"Feature","geometry":{"type":"Point","coordinates":[-79.91314,40.46322]},"properties":{"p":"0124N00193000000","a":"CARVER ST","m":"12th Ward - PITTSBURGH","u":"L","o":"corp","sf":2300,"v":3700}},{"type":"Feature","geometry":{"type":"Point","coordinates":[-79.90802,40.46449]},"properties":{"p":"0124P00250000000","a":"RENFREW ST","m":"12th Ward - PITTSBURGH","u":"L","o":"individual","sf":2500,"v":600}},{"type":"Feature","geometry":{"type":"Point","coordinates":[-79.90796,40.46444]},"properties":{"p":"0124P00251000000","a":"RENFREW ST","m":"12th Ward - PITTSBURGH","u":"L","o":"corp","sf":2500,"v":600}},{"type":"Feature","geometry":{"type":"Point","coordinates":[-79.9079,40.46438]},"properties":{"p":"0124P00252000000","a":"RENFREW ST","m":"12th Ward - PITTSBURGH","u":"L","o":"corp","sf":2500,"v":600}},{"type":"Feature","geometry":{"type":"Point","coordinates":[-79.90784,40.46433]},"properties":{"p":"0124P00253000000","a":"RENFREW ST","m":"12th Ward - PITTSBURGH","u":"L","o":"corp","sf":2500,"v":3800}},{"type":"Feature","geometry":{"type":"Point","coordinates":[-79.90796,40.46401]},"properties":{"p":"0124P00254000000","a":"662 LOWELL ST","m":"12th Ward - PITTSBURGH","u":"L","o":"corp","sf":5000,"v":5000}},{"type":"Feature","geometry":{"type":"Point","coordinates":[-79.90807,40.46395]},"properties":{"p":"0124P00256000000","a":"662 LOWELL ST","m":"12th Ward - PITTSBURGH","u":"L","o":"corp","sf":2500,"v":600}},{"type":"Feature","geometry":{"type":"Point","coordinates":[-79.91338,40.46484]},"properties":{"p":"0124N00312000000","a":"STOEBNER WAY","m":"12th Ward - PITTSBURGH","u":"L","o":"corp","sf":960,"v":500}},{"type":"Feature","geometry":{"type":"Point","coordinates":[-79.91334,40.4648]},"properties":{"p":"0124N00312000A00","a":"STOEBNER WAY","m":"12th Ward - PITTSBURGH","u":"L","o":"corp","sf":686,"v":300}},{"type":"Feature","geometry":{"type":"Point","coordinates":[-79.91195,40.46382]},"properties":{"p":"0124N00335000000","a":"PAULSON AVE","m":"12th Ward - PITTSBURGH","u":"L","o":"individual","sf":2200,"v":3600}},{"type":"Feature","geometry":{"type":"Point","coordinates":[-79.9121,40.46395]},"properties":{"p":"0124N00338000000","a":"STOEBNER WAY","m":"12th Ward - PITTSBURGH","u":"L","o":"corp","sf":1050,"v":300}},{"type":"Feature","geometry":{"type":"Point","coordinates":[-79.91213,40.46404]},"properties":{"p":"0124N00339000000","a":"STOEBNER WAY","m":"12th Ward - PITTSBURGH","u":"L","o":"corp","sf":1249,"v":400}},{"type":"Feature","geometry":{"type":"Point","coordinates":[-79.916,40.46289]},"properties":{"p":"0124N00002000000","a":"136 AUBURN ST","m":"12th Ward - PITTSBURGH","u":"L","o":"corp","sf":2300,"v":600}},{"type":"Feature","geometry":{"type":"Point","coordinates":[-79.91597,40.46283]},"properties":{"p":"0124N00003000000","a":"AUBURN ST","m":"12th Ward - PITTSBURGH","u":"L","o":"corp","sf":2200,"v":600}},{"type":"Feature","geometry":{"type":"Point","coordinates":[-79.91591,40.46277]},"properties":{"p":"0124N00004000000","a":"140 AUBURN ST","m":"12th Ward - PITTSBURGH","u":"L","o":"corp","sf":2500,"v":3800}},{"type":"Feature","geometry":{"type":"Point","coordinates":[-79.91165,40.46403]},"properties":{"p":"0124P00004000000","a":"PAULSON AVE","m":"12th Ward - PITTSBURGH","u":"L","o":"corp","sf":3700,"v":4400}},{"type":"Feature","geometry":{"type":"Point","coordinates":[-79.91462,40.46276]},"properties":{"p":"0124N00066000000","a":"MAYFLOWER ST","m":"12th Ward - PITTSBURGH","u":"L","o":"corp","sf":2300,"v":600}},{"type":"Feature","geometry":{"type":"Point","coordinates":[-79.9144,40.46256]},"properties":{"p":"0124N00069000000","a":"271 PAULSON AVE","m":"12th Ward - PITTSBURGH","u":"L","o":"corp","sf":2500,"v":3800}},{"type":"Feature","geometry":{"type":"Point","coordinates":[-79.91389,40.46268]},"properties":{"p":"0124N00076000000","a":"MAYFLOWER ST","m":"12th Ward - PITTSBURGH","u":"L","o":"corp","sf":2300,"v":3700}},{"type":"Feature","geometry":{"type":"Point","coordinates":[-79.91339,40.46345]},"properties":{"p":"0124N00197000000","a":"CARVER ST","m":"12th Ward - PITTSBURGH","u":"L","o":"corp","sf":2600,"v":600}},{"type":"Feature","geometry":{"type":"Point","coordinates":[-79.91351,40.46356]},"properties":{"p":"0124N00199000000","a":"CARVER ST","m":"12th Ward - PITTSBURGH","u":"L","o":"corp","sf":2600,"v":3800}},{"type":"Feature","geometry":{"type":"Point","coordinates":[-79.91369,40.46371]},"properties":{"p":"0124N00202000000","a":"CARVER ST","m":"12th Ward - PITTSBURGH","u":"L","o":"corp","sf":2400,"v":1200}},{"type":"Feature","geometry":{"type":"Point","coordinates":[-79.91425,40.46422]},"properties":{"p":"0124N00212000000","a":"CARVER ST","m":"12th Ward - PITTSBURGH","u":"L","o":"corp","sf":2400,"v":1200}},{"type":"Feature","geometry":{"type":"Point","coordinates":[-79.90848,40.46367]},"properties":{"p":"0124P00262000000","a":"662 LOWELL ST","m":"12th Ward - PITTSBURGH","u":"L","o":"corp","sf":2500,"v":600}},{"type":"Feature","geometry":{"type":"Point","coordinates":[-79.9089,40.46353]},"properties":{"p":"0124P00266000000","a":"SHETLAND ST","m":"12th Ward - PITTSBURGH","u":"L","o":"individual","sf":2500,"v":3800}},{"type":"Feature","geometry":{"type":"Point","coordinates":[-79.91038,40.46383]},"properties":{"p":"0124P00117000000","a":"WINFIELD ST","m":"12th Ward - PITTSBURGH","u":"L","o":"corp","sf":2670,"v":700}},{"type":"Feature","geometry":{"type":"Point","coordinates":[-79.91028,40.46387]},"properties":{"p":"0124P00119000000","a":"WINFIELD ST","m":"12th Ward - PITTSBURGH","u":"L","o":"corp","sf":2675,"v":3800}},{"type":"Feature","geometry":{"type":"Point","coordinates":[-79.91018,40.46389]},"properties":{"p":"0124P00120000000","a":"WINFIELD ST","m":"12th Ward - PITTSBURGH","u":"L","o":"corp","sf":769,"v":300}},{"type":"Feature","geometry":{"type":"Point","coordinates":[-79.91012,40.46392]},"properties":{"p":"0124P00121000000","a":"WINFIELD ST","m":"12th Ward - PITTSBURGH","u":"L","o":"corp","sf":1350,"v":400}},{"type":"Feature","geometry":{"type":"Point","coordinates":[-79.91013,40.46405]},"properties":{"p":"0124P00123000000","a":"SHETLAND ST","m":"12th Ward - PITTSBURGH","u":"L","o":"corp","sf":2200,"v":600}},{"type":"Feature","geometry":{"type":"Point","coordinates":[-79.90973,40.46366]},"properties":{"p":"0124P00166000000","a":"SHETLAND ST","m":"12th Ward - PITTSBURGH","u":"L","o":"individual","sf":2200,"v":3600}},{"type":"Feature","geometry":{"type":"Point","coordinates":[-79.90978,40.46371]},"properties":{"p":"0124P00167000000","a":"SHETLAND ST","m":"12th Ward - PITTSBURGH","u":"L","o":"corp","sf":2300,"v":3700}},{"type":"Feature","geometry":{"type":"Point","coordinates":[-79.91012,40.46353]},"properties":{"p":"0124P00173000000","a":"WINFIELD ST","m":"12th Ward - PITTSBURGH","u":"L","o":"corp","sf":2274,"v":600}},{"type":"Feature","geometry":{"type":"Point","coordinates":[-79.9102,40.46348]},"properties":{"p":"0124P00174000000","a":"WINFIELD ST","m":"12th Ward - PITTSBURGH","u":"L","o":"corp","sf":2277,"v":3600}},{"type":"Feature","geometry":{"type":"Point","coordinates":[-79.91049,40.46341]},"properties":{"p":"0124P00176000000","a":"WINSLOW ST","m":"12th Ward - PITTSBURGH","u":"L","o":"corp","sf":1755,"v":3400}},{"type":"Feature","geometry":{"type":"Point","coordinates":[-79.91043,40.46336]},"properties":{"p":"0124P00177000000","a":"WINSLOW ST","m":"12th Ward - PITTSBURGH","u":"L","o":"corp","sf":1675,"v":3300}},{"type":"Feature","geometry":{"type":"Point","coordinates":[-79.90397,40.46422]},"properties":{"p":"0124R00314000000","a":"LYRIC ST","m":"12th Ward - PITTSBURGH","u":"L","o":"individual","sf":2808,"v":3100}},{"type":"Feature","geometry":{"type":"Point","coordinates":[-79.90391,40.46418]},"properties":{"p":"0124R00315000000","a":"LYRIC ST","m":"12th Ward - PITTSBURGH","u":"L","o":"individual","sf":2832,"v":600}},{"type":"Feature","geometry":{"type":"Point","coordinates":[-79.90384,40.46414]},"properties":{"p":"0124R00316000000","a":"LYRIC ST","m":"12th Ward - PITTSBURGH","u":"L","o":"corp","sf":2832,"v":600}},{"type":"Feature","geometry":{"type":"Point","coordinates":[-79.90376,40.4641]},"properties":{"p":"0124R00317000000","a":"LYRIC ST","m":"12th Ward - PITTSBURGH","u":"L","o":"corp","sf":2832,"v":600}},{"type":"Feature","geometry":{"type":"Point","coordinates":[-79.90367,40.46405]},"properties":{"p":"0124R00318000000","a":"LYRIC ST","m":"12th Ward - PITTSBURGH","u":"L","o":"corp","sf":3776,"v":800}},{"type":"Feature","geometry":{"type":"Point","coordinates":[-79.90826,40.46433]},"properties":{"p":"0124P00242000000","a":"LOWELL ST","m":"12th Ward - PITTSBURGH","u":"L","o":"individual","sf":2500,"v":600}},{"type":"Feature","geometry":{"type":"Point","coordinates":[-79.90833,40.4648]},"properties":{"p":"0124P00244000000","a":"RENFREW ST","m":"12th Ward - PITTSBURGH","u":"L","o":"corp","sf":3000,"v":700}},{"type":"Feature","geometry":{"type":"Point","coordinates":[-79.90808,40.46455]},"properties":{"p":"0124P00249000000","a":"RENFREW ST","m":"12th Ward - PITTSBURGH","u":"L","o":"corp","sf":2500,"v":600}},{"type":"Feature","geometry":{"type":"Point","coordinates":[-79.90383,40.4626]},"properties":{"p":"0124R00226000000","a":"ATWELL ST","m":"12th Ward - PITTSBURGH","u":"L","o":"individual","sf":1309,"v":400}},{"type":"Feature","geometry":{"type":"Point","coordinates":[-79.90382,40.46253]},"properties":{"p":"0124R00228000000","a":"ATWELL ST","m":"12th Ward - PITTSBURGH","u":"L","o":"individual","sf":1900,"v":500}},{"type":"Feature","geometry":{"type":"Point","coordinates":[-79.90976,40.46441]},"properties":{"p":"0124P00126000000","a":"VANILLA WAY","m":"12th Ward - PITTSBURGH","u":"L","o":"corp","sf":966,"v":300}},{"type":"Feature","geometry":{"type":"Point","coordinates":[-79.90661,40.46327]},"properties":{"p":"0124R00104000000","a":"RENFREW ST","m":"12th Ward - PITTSBURGH","u":"L","o":"corp","sf":7050,"v":5200}},{"type":"Feature","geometry":{"type":"Point","coordinates":[-79.90655,40.46316]},"properties":{"p":"0124R00106000000","a":"RENFREW ST","m":"12th Ward - PITTSBURGH","u":"L","o":"corp","sf":6600,"v":5100}},{"type":"Feature","geometry":{"type":"Point","coordinates":[-79.9066,40.46298]},"properties":{"p":"0124R00108000000","a":"RENFREW ST","m":"12th Ward - PITTSBURGH","u":"L","o":"corp","sf":6400,"v":5100}},{"type":"Feature","geometry":{"type":"Point","coordinates":[-79.9064,40.46275]},"properties":{"p":"0124R00114000000","a":"RENFREW ST","m":"12th Ward - PITTSBURGH","u":"L","o":"corp","sf":2002,"v":3500}},{"type":"Feature","geometry":{"type":"Point","coordinates":[-79.90701,40.46416]},"properties":{"p":"0124R00153000000","a":"WASHINGTON BLVD","m":"12th Ward - PITTSBURGH","u":"L","o":"corp","sf":2295,"v":3700}},{"type":"Feature","geometry":{"type":"Point","coordinates":[-79.91231,40.46421]},"properties":{"p":"0124N00343000000","a":"STOEBNER WAY","m":"12th Ward - PITTSBURGH","u":"L","o":"corp","sf":960,"v":300}},{"type":"Feature","geometry":{"type":"Point","coordinates":[-79.91235,40.46424]},"properties":{"p":"0124N00344000000","a":"STOEBNER WAY","m":"12th Ward - PITTSBURGH","u":"L","o":"corp","sf":750,"v":300}},{"type":"Feature","geometry":{"type":"Point","coordinates":[-79.90374,40.46458]},"properties":{"p":"0124R00350000000","a":"ROWAN ST","m":"12th Ward - PITTSBURGH","u":"L","o":"individual","sf":2832,"v":1100}},{"type":"Feature","geometry":{"type":"Point","coordinates":[-79.90401,40.46474]},"properties":{"p":"0124R00354000000","a":"ROWAN ST","m":"12th Ward - PITTSBURGH","u":"L","o":"individual","sf":2127,"v":500}},{"type":"Feature","geometry":{"type":"Point","coordinates":[-79.90414,40.46476]},"properties":{"p":"0124R00355000000","a":"ROWAN ST","m":"12th Ward - PITTSBURGH","u":"L","o":"corp","sf":6220,"v":2300}},{"type":"Feature","geometry":{"type":"Point","coordinates":[-79.91192,40.46419]},"properties":{"p":"0124P00007000000","a":"WINSLOW ST","m":"12th Ward - PITTSBURGH","u":"L","o":"individual","sf":2763,"v":3900}},{"type":"Feature","geometry":{"type":"Point","coordinates":[-79.91181,40.46456]},"properties":{"p":"0124P00011000000","a":"WINSLOW ST","m":"12th Ward - PITTSBURGH","u":"L","o":"corp","sf":3510,"v":4300}},{"type":"Feature","geometry":{"type":"Point","coordinates":[-79.91165,40.46445]},"properties":{"p":"0124P00014000000","a":"159 WINSLOW ST","m":"12th Ward - PITTSBURGH","u":"L","o":"corp","sf":2079,"v":1000}},{"type":"Feature","geometry":{"type":"Point","coordinates":[-79.91161,40.4644]},"properties":{"p":"0124P00015000000","a":"159 WINSLOW ST","m":"12th Ward - PITTSBURGH","u":"L","o":"corp","sf":2070,"v":1000}},{"type":"Feature","geometry":{"type":"Point","coordinates":[-79.91148,40.4642]},"properties":{"p":"0124P00017000000","a":"PAULSON AVE","m":"12th Ward - PITTSBURGH","u":"L","o":"corp","sf":5957,"v":5100}},{"type":"Feature","geometry":{"type":"Point","coordinates":[-79.90814,40.4639]},"properties":{"p":"0124P00257000000","a":"662 LOWELL ST","m":"12th Ward - PITTSBURGH","u":"L","o":"corp","sf":2500,"v":3800}},{"type":"Feature","geometry":{"type":"Point","coordinates":[-79.90829,40.46382]},"properties":{"p":"0124P00259000000","a":"662 LOWELL ST","m":"12th Ward - PITTSBURGH","u":"L","o":"corp","sf":2500,"v":3800}},{"type":"Feature","geometry":{"type":"Point","coordinates":[-79.90826,40.4637]},"properties":{"p":"0124P00260000000","a":"662 LOWELL ST","m":"12th Ward - PITTSBURGH","u":"L","o":"corp","sf":746,"v":2900}},{"type":"Feature","geometry":{"type":"Point","coordinates":[-79.90837,40.4638]},"properties":{"p":"0124P00260000A00","a":"662 LOWELL ST","m":"12th Ward - PITTSBURGH","u":"L","o":"corp","sf":1750,"v":3400}},{"type":"Feature","geometry":{"type":"Point","coordinates":[-79.91388,40.46438]},"properties":{"p":"0124N00237000000","a":"MEADOW ST","m":"12th Ward - PITTSBURGH","u":"L","o":"corp","sf":2400,"v":3700}},{"type":"Feature","geometry":{"type":"Point","coordinates":[-79.91352,40.46407]},"properties":{"p":"0124N00242000000","a":"MEADOW ST","m":"12th Ward - PITTSBURGH","u":"L","o":"corp","sf":2000,"v":1000}},{"type":"Feature","geometry":{"type":"Point","coordinates":[-79.91347,40.46402]},"properties":{"p":"0124N00243000000","a":"MEADOW ST","m":"12th Ward - PITTSBURGH","u":"L","o":"corp","sf":2400,"v":3700}},{"type":"Feature","geometry":{"type":"Point","coordinates":[-79.91339,40.46395]},"properties":{"p":"0124N00244000000","a":"MEADOW ST","m":"12th Ward - PITTSBURGH","u":"L","o":"corp","sf":4800,"v":4900}},{"type":"Feature","geometry":{"type":"Point","coordinates":[-79.91316,40.46375]},"properties":{"p":"0124N00248000000","a":"160 MEADOW ST","m":"12th Ward - PITTSBURGH","u":"L","o":"individual","sf":3300,"v":4200}},{"type":"Feature","geometry":{"type":"Point","coordinates":[-79.91249,40.46437]},"properties":{"p":"0124N00347000000","a":"STOEBNER WAY","m":"12th Ward - PITTSBURGH","u":"L","o":"corp","sf":1606,"v":3300}},{"type":"Feature","geometry":{"type":"Point","coordinates":[-79.91259,40.46447]},"properties":{"p":"0124N00349000000","a":"STOEBNER WAY","m":"12th Ward - PITTSBURGH","u":"L","o":"individual","sf":1320,"v":3200}},{"type":"Feature","geometry":{"type":"Point","coordinates":[-79.91295,40.46478]},"properties":{"p":"0124N00356000000","a":"STOEBNER WAY","m":"12th Ward - PITTSBURGH","u":"L","o":"corp","sf":1105,"v":3100}},{"type":"Feature","geometry":{"type":"Point","coordinates":[-79.91291,40.46475]},"properties":{"p":"0124N00356000A00","a":"STOEBNER WAY","m":"12th Ward - PITTSBURGH","u":"L","o":"individual","sf":1105,"v":300}},{"type":"Feature","geometry":{"type":"Point","coordinates":[-79.91299,40.46481]},"properties":{"p":"0124N00357000000","a":"STOEBNER WAY","m":"12th Ward - PITTSBURGH","u":"L","o":"individual","sf":858,"v":400}},{"type":"Feature","geometry":{"type":"Point","coordinates":[-79.91523,40.4628]},"properties":{"p":"0124N00020000000","a":"AUBURN ST","m":"12th Ward - PITTSBURGH","u":"L","o":"corp","sf":3600,"v":4300}},{"type":"Feature","geometry":{"type":"Point","coordinates":[-79.91531,40.46287]},"properties":{"p":"0124N00022000000","a":"AUBURN ST","m":"12th Ward - PITTSBURGH","u":"L","o":"corp","sf":3600,"v":1800}},{"type":"Feature","geometry":{"type":"Point","coordinates":[-79.91145,40.46457]},"properties":{"p":"0124P00024000000","a":"MAXWELL WAY","m":"12th Ward - PITTSBURGH","u":"L","o":"corp","sf":1311,"v":3200}},{"type":"Feature","geometry":{"type":"Point","coordinates":[-79.9139,40.46276]},"properties":{"p":"0124N00077000000","a":"MAYFLOWER ST","m":"12th Ward - PITTSBURGH","u":"L","o":"corp","sf":2300,"v":600}},{"type":"Feature","geometry":{"type":"Point","coordinates":[-79.91407,40.46292]},"properties":{"p":"0124N00081000000","a":"MAYFLOWER ST","m":"12th Ward - PITTSBURGH","u":"L","o":"individual","sf":4000,"v":2000}},{"type":"Feature","geometry":{"type":"Point","coordinates":[-79.91441,40.46322]},"properties":{"p":"0124N00087000000","a":"MAYFLOWER ST","m":"12th Ward - PITTSBURGH","u":"L","o":"corp","sf":2200,"v":3600}},{"type":"Feature","geometry":{"type":"Point","coordinates":[-79.90914,40.46319]},"properties":{"p":"0124P00272000000","a":"SHETLAND ST","m":"12th Ward - PITTSBURGH","u":"L","o":"corp","sf":2500,"v":1300}},{"type":"Feature","geometry":{"type":"Point","coordinates":[-79.90921,40.46322]},"properties":{"p":"0124P00273000000","a":"SHETLAND ST","m":"12th Ward - PITTSBURGH","u":"L","o":"individual","sf":2025,"v":500}},{"type":"Feature","geometry":{"type":"Point","coordinates":[-79.90929,40.46327]},"properties":{"p":"0124P00274000000","a":"SHETLAND ST","m":"12th Ward - PITTSBURGH","u":"L","o":"individual","sf":925,"v":300}},{"type":"Feature","geometry":{"type":"Point","coordinates":[-79.9092,40.46331]},"properties":{"p":"0124P00274000100","a":"LOWELL ST","m":"12th Ward - PITTSBURGH","u":"L","o":"individual","sf":925,"v":500}},{"type":"Feature","geometry":{"type":"Point","coordinates":[-79.91284,40.46347]},"properties":{"p":"0124N00254000000","a":"MEADOW ST","m":"12th Ward - PITTSBURGH","u":"L","o":"corp","sf":2300,"v":3700}},{"type":"Feature","geometry":{"type":"Point","coordinates":[-79.91278,40.46342]},"properties":{"p":"0124N00255000000","a":"MEADOW ST","m":"12th Ward - PITTSBURGH","u":"L","o":"corp","sf":2300,"v":3700}},{"type":"Feature","geometry":{"type":"Point","coordinates":[-79.91273,40.46336]},"properties":{"p":"0124N00256000000","a":"MEADOW ST","m":"12th Ward - PITTSBURGH","u":"L","o":"individual","sf":4600,"v":4800}},{"type":"Feature","geometry":{"type":"Point","coordinates":[-79.9127,40.46321]},"properties":{"p":"0124N00260000000","a":"PAULSON AVE","m":"12th Ward - PITTSBURGH","u":"L","o":"corp","sf":782,"v":300}},{"type":"Feature","geometry":{"type":"Point","coordinates":[-79.91256,40.4633]},"properties":{"p":"0124N00261000000","a":"MEADOW ST","m":"12th Ward - PITTSBURGH","u":"L","o":"individual","sf":1518,"v":400}},{"type":"Feature","geometry":{"type":"Point","coordinates":[-79.9125,40.46299]},"properties":{"p":"0124N00262000000","a":"PAULSON AVE","m":"12th Ward - PITTSBURGH","u":"L","o":"corp","sf":1139,"v":300}},{"type":"Feature","geometry":{"type":"Point","coordinates":[-79.91245,40.46302]},"properties":{"p":"0124N00263000000","a":"PAULSON AVE","m":"12th Ward - PITTSBURGH","u":"L","o":"corp","sf":1139,"v":300}},{"type":"Feature","geometry":{"type":"Point","coordinates":[-79.9124,40.46305]},"properties":{"p":"0124N00264000000","a":"PAULSON AVE","m":"12th Ward - PITTSBURGH","u":"L","o":"corp","sf":1139,"v":300}},{"type":"Feature","geometry":{"type":"Point","coordinates":[-79.91236,40.46308]},"properties":{"p":"0124N00264000A00","a":"PAULSON AVE","m":"12th Ward - PITTSBURGH","u":"L","o":"individual","sf":1139,"v":300}},{"type":"Feature","geometry":{"type":"Point","coordinates":[-79.91575,40.46326]},"properties":{"p":"0124N00029000000","a":"AUBURN ST","m":"12th Ward - PITTSBURGH","u":"L","o":"corp","sf":3000,"v":700}},{"type":"Feature","geometry":{"type":"Point","coordinates":[-79.91029,40.46423]},"properties":{"p":"0124P00128000000","a":"SHETLAND ST","m":"12th Ward - PITTSBURGH","u":"L","o":"individual","sf":2150,"v":3600}},{"type":"Feature","geometry":{"type":"Point","coordinates":[-79.90973,40.46426]},"properties":{"p":"0124P00132000000","a":"SHETLAND ST","m":"12th Ward - PITTSBURGH","u":"L","o":"corp","sf":2500,"v":600}},{"type":"Feature","geometry":{"type":"Point","coordinates":[-79.90953,40.46441]},"properties":{"p":"0124P00135000000","a":"WINFIELD ST","m":"12th Ward - PITTSBURGH","u":"L","o":"corp","sf":2500,"v":3800}},{"type":"Feature","geometry":{"type":"Point","coordinates":[-79.90946,40.46446]},"properties":{"p":"0124P00136000000","a":"WINFIELD ST","m":"12th Ward - PITTSBURGH","u":"L","o":"corp","sf":2500,"v":3800}},{"type":"Feature","geometry":{"type":"Point","coordinates":[-79.90934,40.46454]},"properties":{"p":"0124P00138000000","a":"WINFIELD ST","m":"12th Ward - PITTSBURGH","u":"L","o":"corp","sf":2500,"v":1300}},{"type":"Feature","geometry":{"type":"Point","coordinates":[-79.9107,40.4631]},"properties":{"p":"0124P00182000000","a":"WINSLOW ST","m":"12th Ward - PITTSBURGH","u":"L","o":"corp","sf":1776,"v":3400}},{"type":"Feature","geometry":{"type":"Point","coordinates":[-79.91076,40.46315]},"properties":{"p":"0124P00183000000","a":"WINSLOW ST","m":"12th Ward - PITTSBURGH","u":"L","o":"individual","sf":1776,"v":3400}},{"type":"Feature","geometry":{"type":"Point","coordinates":[-79.91081,40.4632]},"properties":{"p":"0124P00184000000","a":"WINSLOW ST","m":"12th Ward - PITTSBURGH","u":"L","o":"corp","sf":1557,"v":3300}},{"type":"Feature","geometry":{"type":"Point","coordinates":[-79.91085,40.46304]},"properties":{"p":"0124P00185000000","a":"WINFIELD ST","m":"12th Ward - PITTSBURGH","u":"L","o":"corp","sf":1734,"v":3400}},{"type":"Feature","geometry":{"type":"Point","coordinates":[-79.91101,40.46294]},"properties":{"p":"0124P00187000000","a":"WINFIELD ST","m":"12th Ward - PITTSBURGH","u":"L","o":"individual","sf":2322,"v":3700}},{"type":"Feature","geometry":{"type":"Point","coordinates":[-79.9114,40.46281]},"properties":{"p":"0124P00190000000","a":"MEADOW ST","m":"12th Ward - PITTSBURGH","u":"L","o":"individual","sf":2327,"v":3700}},{"type":"Feature","geometry":{"type":"Point","coordinates":[-79.90723,40.46327]},"properties":{"p":"0124R00043000000","a":"LADSON ST","m":"12th Ward - PITTSBURGH","u":"L","o":"corp","sf":5900,"v":5100}},{"type":"Feature","geometry":{"type":"Point","coordinates":[-79.90716,40.46313]},"properties":{"p":"0124R00045000000","a":"LADSON ST","m":"12th Ward - PITTSBURGH","u":"L","o":"corp","sf":6860,"v":5200}},{"type":"Feature","geometry":{"type":"Point","coordinates":[-79.90707,40.46292]},"properties":{"p":"0124R00048000000","a":"LADSON ST","m":"12th Ward - PITTSBURGH","u":"L","o":"corp","sf":3875,"v":4400}},{"type":"Feature","geometry":{"type":"Point","coordinates":[-79.90168,40.46653]},"properties":{"p":"0124M00322000000","a":"HEDGE ST","m":"12th Ward - PITTSBURGH","u":"L","o":"corp","sf":3175,"v":1300}},{"type":"Feature","geometry":{"type":"Point","coordinates":[-79.90175,40.46658]},"properties":{"p":"0124M00323000000","a":"HEDGE ST","m":"12th Ward - PITTSBURGH","u":"L","o":"corp","sf":3175,"v":1300}},{"type":"Feature","geometry":{"type":"Point","coordinates":[-79.90182,40.46662]},"properties":{"p":"0124M00324000000","a":"HEDGE ST","m":"12th Ward - PITTSBURGH","u":"L","o":"corp","sf":3150,"v":1300}},{"type":"Feature","geometry":{"type":"Point","coordinates":[-79.90188,40.46667]},"properties":{"p":"0124M00325000000","a":"HEDGE ST","m":"12th Ward - PITTSBURGH","u":"L","o":"corp","sf":3150,"v":1300}},{"type":"Feature","geometry":{"type":"Point","coordinates":[-79.91368,40.46307]},"properties":{"p":"0124N00163000000","a":"CARVER ST","m":"12th Ward - PITTSBURGH","u":"L","o":"corp","sf":2600,"v":3800}},{"type":"Feature","geometry":{"type":"Point","coordinates":[-79.91411,40.46464]},"properties":{"p":"0124N00232000000","a":"MEADOW ST","m":"12th Ward - PITTSBURGH","u":"L","o":"individual","sf":1600,"v":3300}},{"type":"Feature","geometry":{"type":"Point","coordinates":[-79.91404,40.46453]},"properties":{"p":"0124N00234000000","a":"MEADOW ST","m":"12th Ward - PITTSBURGH","u":"L","o":"individual","sf":2400,"v":3700}},{"type":"Feature","geometry":{"type":"Point","coordinates":[-79.90936,40.46306]},"properties":{"p":"0124P00276000000","a":"LOWELL ST","m":"12th Ward - PITTSBURGH","u":"L","o":"individual","sf":2625,"v":700}},{"type":"Feature","geometry":{"type":"Point","coordinates":[-79.90949,40.46297]},"properties":{"p":"0124P00278000000","a":"LOWELL ST","m":"12th Ward - PITTSBURGH","u":"L","o":"corp","sf":2625,"v":700}},{"type":"Feature","geometry":{"type":"Point","coordinates":[-79.90963,40.46288]},"properties":{"p":"0124P00280000000","a":"522 LOWELL ST","m":"12th Ward - PITTSBURGH","u":"L","o":"corp","sf":1875,"v":900}},{"type":"Feature","geometry":{"type":"Point","coordinates":[-79.91008,40.46254]},"properties":{"p":"0124P00287000000","a":"WINSLOW ST","m":"12th Ward - PITTSBURGH","u":"L","o":"corp","sf":1899,"v":500}},{"type":"Feature","geometry":{"type":"Point","coordinates":[-79.90445,40.46381]},"properties":{"p":"0124R00260000000","a":"TENNIS ST","m":"12th Ward - PITTSBURGH","u":"L","o":"individual","sf":2844,"v":3100}},{"type":"Feature","geometry":{"type":"Point","coordinates":[-79.90428,40.46377]},"properties":{"p":"0124R00277000000","a":"TENNIS ST","m":"12th Ward - PITTSBURGH","u":"L","o":"individual","sf":5400,"v":2000}},{"type":"Feature","geometry":{"type":"Point","coordinates":[-79.91271,40.46469]},"properties":{"p":"0124N00360000000","a":"STOEBNER WAY","m":"12th Ward - PITTSBURGH","u":"L","o":"corp","sf":2676,"v":3800}},{"type":"Feature","geometry":{"type":"Point","coordinates":[-79.91256,40.46476]},"properties":{"p":"0124N00361000000","a":"WINSLOW ST","m":"12th Ward - PITTSBURGH","u":"L","o":"corp","sf":2100,"v":3600}},{"type":"Feature","geometry":{"type":"Point","coordinates":[-79.91249,40.4647]},"properties":{"p":"0124N00362000000","a":"WINSLOW ST","m":"12th Ward - PITTSBURGH","u":"L","o":"corp","sf":1726,"v":3400}},{"type":"Feature","geometry":{"type":"Point","coordinates":[-79.90698,40.46255]},"properties":{"p":"0124R00053000000","a":"LADSON ST","m":"12th Ward - PITTSBURGH","u":"L","o":"individual","sf":4590,"v":4800}},{"type":"Feature","geometry":{"type":"Point","coordinates":[-79.90765,40.46379]},"properties":{"p":"0124R00070000000","a":"TURRETT ST","m":"12th Ward - PITTSBURGH","u":"L","o":"corp","sf":2725,"v":3900}},{"type":"Feature","geometry":{"type":"Point","coordinates":[-79.90772,40.46374]},"properties":{"p":"0124R00071000000","a":"TURRETT ST","m":"12th Ward - PITTSBURGH","u":"L","o":"corp","sf":2725,"v":3900}},{"type":"Feature","geometry":{"type":"Point","coordinates":[-79.9114,40.46453]},"properties":{"p":"0124P00025000000","a":"MAXWELL WAY","m":"12th Ward - PITTSBURGH","u":"L","o":"corp","sf":1311,"v":700}},{"type":"Feature","geometry":{"type":"Point","coordinates":[-79.91098,40.46452]},"properties":{"p":"0124P00037000000","a":"PAULSON AVE","m":"12th Ward - PITTSBURGH","u":"L","o":"corp","sf":3120,"v":800}},{"type":"Feature","geometry":{"type":"Point","coordinates":[-79.91077,40.46465]},"properties":{"p":"0124P00040000000","a":"PAULSON AVE","m":"12th Ward - PITTSBURGH","u":"L","o":"corp","sf":2880,"v":3900}},{"type":"Feature","geometry":{"type":"Point","coordinates":[-79.9107,40.46469]},"properties":{"p":"0124P00041000000","a":"PAULSON AVE","m":"12th Ward - PITTSBURGH","u":"L","o":"corp","sf":2856,"v":1400}},{"type":"Feature","geometry":{"type":"Point","coordinates":[-79.911,40.4648]},"properties":{"p":"0124P00043000000","a":"SHETLAND ST","m":"12th Ward - PITTSBURGH","u":"L","o":"corp","sf":2349,"v":1200}},{"type":"Feature","geometry":{"type":"Point","coordinates":[-79.91305,40.46365]},"properties":{"p":"0124N00250000000","a":"160 MEADOW ST","m":"12th Ward - PITTSBURGH","u":"L","o":"individual","sf":2600,"v":3800}},{"type":"Feature","geometry":{"type":"Point","coordinates":[-79.90195,40.46672]},"properties":{"p":"0124M00326000000","a":"HEDGE ST","m":"12th Ward - PITTSBURGH","u":"L","o":"corp","sf":3125,"v":1300}},{"type":"Feature","geometry":{"type":"Point","coordinates":[-79.90205,40.46679]},"properties":{"p":"0124M00328000000","a":"HEDGE ST","m":"12th Ward - PITTSBURGH","u":"L","o":"corp","sf":6200,"v":4100}},{"type":"Feature","geometry":{"type":"Point","coordinates":[-79.90182,40.46706]},"properties":{"p":"0124M00331000000","a":"HYATT ST","m":"12th Ward - PITTSBURGH","u":"L","o":"corp","sf":5720,"v":4100}},{"type":"Feature","geometry":{"type":"Point","coordinates":[-79.90089,40.46713]},"properties":{"p":"0124M00337000000","a":"HYATT ST","m":"12th Ward - PITTSBURGH","u":"L","o":"individual","sf":3041,"v":700}},{"type":"Feature","geometry":{"type":"Point","coordinates":[-79.90102,40.46703]},"properties":{"p":"0124M00339000000","a":"HYATT ST","m":"12th Ward - PITTSBURGH","u":"L","o":"individual","sf":3125,"v":3300}},{"type":"Feature","geometry":{"type":"Point","coordinates":[-79.9012,40.46688]},"properties":{"p":"0124M00343000000","a":"HYATT ST","m":"12th Ward - PITTSBURGH","u":"L","o":"individual","sf":6041,"v":4100}},{"type":"Feature","geometry":{"type":"Point","coordinates":[-79.91332,40.46339]},"properties":{"p":"0124N00196000000","a":"CARVER ST","m":"12th Ward - PITTSBURGH","u":"L","o":"corp","sf":2600,"v":1300}},{"type":"Feature","geometry":{"type":"Point","coordinates":[-79.91231,40.46311]},"properties":{"p":"0124N00264000B00","a":"PAULSON AVE","m":"12th Ward - PITTSBURGH","u":"L","o":"corp","sf":1139,"v":300}},{"type":"Feature","geometry":{"type":"Point","coordinates":[-79.91227,40.46314]},"properties":{"p":"0124N00265000000","a":"PAULSON AVE","m":"12th Ward - PITTSBURGH","u":"L","o":"corp","sf":1139,"v":300}},{"type":"Feature","geometry":{"type":"Point","coordinates":[-79.90108,40.46667]},"properties":{"p":"0124M00351000100","a":"HEDGE ST","m":"12th Ward - PITTSBURGH","u":"L","o":"individual","sf":3680,"v":3500}},{"type":"Feature","geometry":{"type":"Point","coordinates":[-79.90095,40.46662]},"properties":{"p":"0124M00352000000","a":"HEDGE ST","m":"12th Ward - PITTSBURGH","u":"L","o":"individual","sf":2200,"v":500}},{"type":"Feature","geometry":{"type":"Point","coordinates":[-79.91265,40.46451]},"properties":{"p":"0124N00363000000","a":"STOEBNER WAY","m":"12th Ward - PITTSBURGH","u":"L","o":"corp","sf":1430,"v":700}},{"type":"Feature","geometry":{"type":"Point","coordinates":[-79.91243,40.46465]},"properties":{"p":"0124N00363000A00","a":"WINSLOW ST","m":"12th Ward - PITTSBURGH","u":"L","o":"corp","sf":1892,"v":3500}},{"type":"Feature","geometry":{"type":"Point","coordinates":[-79.91245,40.46448]},"properties":{"p":"0124N00365000000","a":"STOEBNER WAY","m":"12th Ward - PITTSBURGH","u":"L","o":"corp","sf":3231,"v":4100}},{"type":"Feature","geometry":{"type":"Point","coordinates":[-79.91587,40.46384]},"properties":{"p":"0124N00043000000","a":"MAYFLOWER ST","m":"12th Ward - PITTSBURGH","u":"L","o":"corp","sf":1792,"v":3400}},{"type":"Feature","geometry":{"type":"Point","coordinates":[-79.91577,40.46378]},"properties":{"p":"0124N00045000000","a":"MAYFLOWER ST","m":"12th Ward - PITTSBURGH","u":"L","o":"corp","sf":2800,"v":3900}},{"type":"Feature","geometry":{"type":"Point","coordinates":[-79.91117,40.4647]},"properties":{"p":"0124P00043000A00","a":"MAXWELL WAY","m":"12th Ward - PITTSBURGH","u":"L","o":"corp","sf":1593,"v":3300}},{"type":"Feature","geometry":{"type":"Point","coordinates":[-79.91105,40.46487]},"properties":{"p":"0124P00044000000","a":"SHETLAND ST","m":"12th Ward - PITTSBURGH","u":"L","o":"individual","sf":2565,"v":3800}},{"type":"Feature","geometry":{"type":"Point","coordinates":[-79.91125,40.46475]},"properties":{"p":"0124P00044000A00","a":"MAXWELL WAY","m":"12th Ward - PITTSBURGH","u":"L","o":"individual","sf":1404,"v":400}},{"type":"Feature","geometry":{"type":"Point","coordinates":[-79.91491,40.46368]},"properties":{"p":"0124N00096000000","a":"137 MAYFLOWER ST","m":"12th Ward - PITTSBURGH","u":"L","o":"corp","sf":1624,"v":3300}},{"type":"Feature","geometry":{"type":"Point","coordinates":[-79.91487,40.46365]},"properties":{"p":"0124N00096000A00","a":"MAYFLOWER ST","m":"12th Ward - PITTSBURGH","u":"L","o":"corp","sf":2300,"v":1000}},{"type":"Feature","geometry":{"type":"Point","coordinates":[-79.91495,40.46372]},"properties":{"p":"0124N00097000000","a":"135 MAYFLOWER ST","m":"12th Ward - PITTSBURGH","u":"L","o":"corp","sf":1056,"v":300}},{"type":"Feature","geometry":{"type":"Point","coordinates":[-79.91473,40.46378]},"properties":{"p":"0124N00097000A00","a":"MAYFLOWER ST","m":"12th Ward - PITTSBURGH","u":"L","o":"corp","sf":450,"v":200}},{"type":"Feature","geometry":{"type":"Point","coordinates":[-79.91502,40.46378]},"properties":{"p":"0124N00099000000","a":"131 MAYFLOWER ST","m":"12th Ward - PITTSBURGH","u":"L","o":"corp","sf":6080,"v":5100}},{"type":"Feature","geometry":{"type":"Point","coordinates":[-79.91134,40.46277]},"properties":{"p":"0124P00191000000","a":"MEADOW ST","m":"12th Ward - PITTSBURGH","u":"L","o":"individual","sf":2277,"v":3600}},{"type":"Feature","geometry":{"type":"Point","coordinates":[-79.90712,40.46371]},"properties":{"p":"0124R00095000000","a":"RENFREW ST","m":"12th Ward - PITTSBURGH","u":"L","o":"corp","sf":2875,"v":700}},{"type":"Feature","geometry":{"type":"Point","coordinates":[-79.90706,40.46366]},"properties":{"p":"0124R00096000000","a":"RENFREW ST","m":"12th Ward - PITTSBURGH","u":"L","o":"corp","sf":2875,"v":1400}},{"type":"Feature","geometry":{"type":"Point","coordinates":[-79.91465,40.46379]},"properties":{"p":"0124N00152000000","a":"ASHLEY ST","m":"12th Ward - PITTSBURGH","u":"L","o":"corp","sf":2750,"v":1400}},{"type":"Feature","geometry":{"type":"Point","coordinates":[-79.90012,40.46621]},"properties":{"p":"0124M00363000000","a":"HEDGE ST","m":"12th Ward - PITTSBURGH","u":"L","o":"individual","sf":1850,"v":500}},{"type":"Feature","geometry":{"type":"Point","coordinates":[-79.91087,40.46261]},"properties":{"p":"0124P00200000000","a":"LOWELL ST","m":"12th Ward - PITTSBURGH","u":"L","o":"corp","sf":2600,"v":1000}},{"type":"Feature","geometry":{"type":"Point","coordinates":[-79.91073,40.4627]},"properties":{"p":"0124P00202000000","a":"LOWELL ST","m":"12th Ward - PITTSBURGH","u":"L","o":"corp","sf":1550,"v":3300}},{"type":"Feature","geometry":{"type":"Point","coordinates":[-79.91066,40.46274]},"properties":{"p":"0124P00203000000","a":"LOWELL ST","m":"12th Ward - PITTSBURGH","u":"L","o":"corp","sf":2400,"v":3700}},{"type":"Feature","geometry":{"type":"Point","coordinates":[-79.91051,40.46281]},"properties":{"p":"0124P00205000000","a":"LOWELL ST","m":"12th Ward - PITTSBURGH","u":"L","o":"individual","sf":1800,"v":3400}},{"type":"Feature","geometry":{"type":"Point","coordinates":[-79.91044,40.46285]},"properties":{"p":"0124P00206000000","a":"517 LOWELL ST","m":"12th Ward - PITTSBURGH","u":"L","o":"corp","sf":1725,"v":500}},{"type":"Feature","geometry":{"type":"Point","coordinates":[-79.91021,40.46264]},"properties":{"p":"0124P00289000000","a":"WINSLOW ST","m":"12th Ward - PITTSBURGH","u":"L","o":"corp","sf":1971,"v":500}},{"type":"Feature","geometry":{"type":"Point","coordinates":[-79.91024,40.46247]},"properties":{"p":"0124P00290000000","a":"LOWELL ST","m":"12th Ward - PITTSBURGH","u":"L","o":"corp","sf":2625,"v":3800}},{"type":"Feature","geometry":{"type":"Point","coordinates":[-79.90941,40.46257]},"properties":{"p":"0124P00295000000","a":"TURRETT ST","m":"12th Ward - PITTSBURGH","u":"L","o":"individual","sf":2750,"v":700}},{"type":"Feature","geometry":{"type":"Point","coordinates":[-79.91214,40.46366]},"properties":{"p":"0124N00277000000","a":"PAULSON AVE","m":"12th Ward - PITTSBURGH","u":"L","o":"individual","sf":1900,"v":1000}},{"type":"Feature","geometry":{"type":"Point","coordinates":[-79.90954,40.46486]},"properties":{"p":"0124P00052000000","a":"PAULSON AVE","m":"12th Ward - PITTSBURGH","u":"L","o":"corp","sf":2725,"v":700}},{"type":"Feature","geometry":{"type":"Point","coordinates":[-79.90961,40.46482]},"properties":{"p":"0124P00053000000","a":"PAULSON AVE","m":"12th Ward - PITTSBURGH","u":"L","o":"individual","sf":2725,"v":1400}},{"type":"Feature","geometry":{"type":"Point","coordinates":[-79.90974,40.46473]},"properties":{"p":"0124P00055000000","a":"PAULSON AVE","m":"12th Ward - PITTSBURGH","u":"L","o":"corp","sf":2750,"v":700}},{"type":"Feature","geometry":{"type":"Point","coordinates":[-79.90995,40.46446]},"properties":{"p":"0124P00058000000","a":"SHETLAND ST","m":"12th Ward - PITTSBURGH","u":"L","o":"individual","sf":4400,"v":4700}},{"type":"Feature","geometry":{"type":"Point","coordinates":[-79.91004,40.46451]},"properties":{"p":"0124P00059000000","a":"SHETLAND ST","m":"12th Ward - PITTSBURGH","u":"L","o":"individual","sf":2200,"v":1100}},{"type":"Feature","geometry":{"type":"Point","coordinates":[-79.91074,40.46801]},"properties":{"p":"0124F00169000000","a":"LENORA ST","m":"12th Ward - PITTSBURGH","u":"L","o":"corp","sf":906,"v":500}},{"type":"Feature","geometry":{"type":"Point","coordinates":[-79.90469,40.46737]},"properties":{"p":"0124G00304000000","a":"PAULSON AVE","m":"12th Ward - PITTSBURGH","u":"L","o":"individual","sf":1596,"v":2600}},{"type":"Feature","geometry":{"type":"Point","coordinates":[-79.90586,40.46752]},"properties":{"p":"0124G00310000000","a":"ALLEMANNIA WAY","m":"12th Ward - PITTSBURGH","u":"L","o":"individual","sf":1440,"v":400}},{"type":"Feature","geometry":{"type":"Point","coordinates":[-79.90599,40.46739]},"properties":{"p":"0124G00319000000","a":"DEARY ST","m":"12th Ward - PITTSBURGH","u":"L","o":"individual","sf":1440,"v":2600}},{"type":"Feature","geometry":{"type":"Point","coordinates":[-79.90595,40.46754]},"properties":{"p":"0124G00320000000","a":"DEARY ST","m":"12th Ward - PITTSBURGH","u":"L","o":"individual","sf":2880,"v":700}},{"type":"Feature","geometry":{"type":"Point","coordinates":[-79.91635,40.46491]},"properties":{"p":"0083M00183000000","a":"MAYFLOWER ST","m":"12th Ward - PITTSBURGH","u":"L","o":"corp","sf":2640,"v":3800}},{"type":"Feature","geometry":{"type":"Point","coordinates":[-79.9164,40.46497]},"properties":{"p":"0083M00184000000","a":"MAYFLOWER ST","m":"12th Ward - PITTSBURGH","u":"L","o":"corp","sf":2640,"v":3800}},{"type":"Feature","geometry":{"type":"Point","coordinates":[-79.91668,40.46522]},"properties":{"p":"0083M00189000000","a":"MAYFLOWER ST","m":"12th Ward - PITTSBURGH","u":"L","o":"individual","sf":2640,"v":3800}},{"type":"Feature","geometry":{"type":"Point","coordinates":[-79.90419,40.46912]},"properties":{"p":"0124G00048000000","a":"CLIFFORD ST","m":"12th Ward - PITTSBURGH","u":"L","o":"individual","sf":6323,"v":4100}},{"type":"Feature","geometry":{"type":"Point","coordinates":[-79.90633,40.46769]},"properties":{"p":"0124G00326000000","a":"DEARY ST","m":"12th Ward - PITTSBURGH","u":"L","o":"individual","sf":2880,"v":700}},{"type":"Feature","geometry":{"type":"Point","coordinates":[-79.9064,40.46773]},"properties":{"p":"0124G00327000000","a":"DEARY ST","m":"12th Ward - PITTSBURGH","u":"L","o":"corp","sf":2880,"v":400}},{"type":"Feature","geometry":{"type":"Point","coordinates":[-79.91053,40.46809]},"properties":{"p":"0124F00172000000","a":"LENORA ST","m":"12th Ward - PITTSBURGH","u":"L","o":"corp","sf":980,"v":300}},{"type":"Feature","geometry":{"type":"Point","coordinates":[-79.91048,40.46811]},"properties":{"p":"0124F00173000000","a":"LENORA ST","m":"12th Ward - PITTSBURGH","u":"L","o":"corp","sf":976,"v":300}},{"type":"Feature","geometry":{"type":"Point","coordinates":[-79.91042,40.46812]},"properties":{"p":"0124F00174000000","a":"LENORA ST","m":"12th Ward - PITTSBURGH","u":"L","o":"corp","sf":1940,"v":500}},{"type":"Feature","geometry":{"type":"Point","coordinates":[-79.9106,40.4679]},"properties":{"p":"0124F00178000000","a":"WHITTIER ST","m":"12th Ward - PITTSBURGH","u":"L","o":"corp","sf":2603,"v":3800}},{"type":"Feature","geometry":{"type":"Point","coordinates":[-79.90707,40.46829]},"properties":{"p":"0124G00337000000","a":"LARIMER AVE","m":"12th Ward - PITTSBURGH","u":"L","o":"individual","sf":2400,"v":600}},{"type":"Feature","geometry":{"type":"Point","coordinates":[-79.9107,40.46784]},"properties":{"p":"0124F00179000000","a":"WHITTIER ST","m":"12th Ward - PITTSBURGH","u":"L","o":"corp","sf":1408,"v":700}},{"type":"Feature","geometry":{"type":"Point","coordinates":[-79.91077,40.46781]},"properties":{"p":"0124F00180000000","a":"WHITTIER ST","m":"12th Ward - PITTSBURGH","u":"L","o":"corp","sf":1281,"v":600}},{"type":"Feature","geometry":{"type":"Point","coordinates":[-79.91084,40.46778]},"properties":{"p":"0124F00181000000","a":"WHITTIER ST","m":"12th Ward - PITTSBURGH","u":"L","o":"individual","sf":1281,"v":400}},{"type":"Feature","geometry":{"type":"Point","coordinates":[-79.90672,40.46736]},"properties":{"p":"0124G00360000000","a":"DEARY ST","m":"12th Ward - PITTSBURGH","u":"L","o":"corp","sf":2500,"v":3000}},{"type":"Feature","geometry":{"type":"Point","coordinates":[-79.90246,40.46947]},"properties":{"p":"0124H00026000000","a":"ALBUM ST","m":"12th Ward - PITTSBURGH","u":"L","o":"individual","sf":2500,"v":1000}},{"type":"Feature","geometry":{"type":"Point","coordinates":[-79.90254,40.46944]},"properties":{"p":"0124H00027000000","a":"ALBUM ST","m":"12th Ward - PITTSBURGH","u":"L","o":"individual","sf":2500,"v":1000}},{"type":"Feature","geometry":{"type":"Point","coordinates":[-79.91696,40.46547]},"properties":{"p":"0083M00194000000","a":"MAYFLOWER ST","m":"12th Ward - PITTSBURGH","u":"L","o":"individual","sf":2640,"v":3800}},{"type":"Feature","geometry":{"type":"Point","coordinates":[-79.91707,40.46557]},"properties":{"p":"0083M00196000000","a":"17 MAYFLOWER ST","m":"12th Ward - PITTSBURGH","u":"L","o":"corp","sf":2640,"v":3800}},{"type":"Feature","geometry":{"type":"Point","coordinates":[-79.91718,40.46567]},"properties":{"p":"0083M00198000000","a":"13 MAYFLOWER ST","m":"12th Ward - PITTSBURGH","u":"L","o":"corp","sf":2640,"v":3800}},{"type":"Feature","geometry":{"type":"Point","coordinates":[-79.91686,40.46598]},"properties":{"p":"0083M00208000000","a":"CARVER ST","m":"12th Ward - PITTSBURGH","u":"L","o":"corp","sf":1440,"v":3200}},{"type":"Feature","geometry":{"type":"Point","coordinates":[-79.91699,40.46589]},"properties":{"p":"0083M00208000A00","a":"EMANS WAY","m":"12th Ward - PITTSBURGH","u":"L","o":"corp","sf":960,"v":300}},{"type":"Feature","geometry":{"type":"Point","coordinates":[-79.9065,40.46995]},"properties":{"p":"0124C00029000000","a":"DEAN ST","m":"12th Ward - PITTSBURGH","u":"L","o":"corp","sf":2500,"v":3000}},{"type":"Feature","geometry":{"type":"Point","coordinates":[-79.90613,40.46973]},"properties":{"p":"0124G00062000000","a":"DEAN ST","m":"12th Ward - PITTSBURGH","u":"L","o":"corp","sf":2500,"v":3000}},{"type":"Feature","geometry":{"type":"Point","coordinates":[-79.90592,40.46961]},"properties":{"p":"0124G00065000000","a":"DEAN ST","m":"12th Ward - PITTSBURGH","u":"L","o":"corp","sf":2500,"v":600}},{"type":"Feature","geometry":{"type":"Point","coordinates":[-79.90584,40.46957]},"properties":{"p":"0124G00066000000","a":"DEAN ST","m":"12th Ward - PITTSBURGH","u":"L","o":"corp","sf":2500,"v":600}},{"type":"Feature","geometry":{"type":"Point","coordinates":[-79.91489,40.46862]},"properties":{"p":"0124E00152000100","a":"STANTON AVE","m":"11th Ward - PITTSBURGH","u":"L","o":"individual","sf":986,"v":500}},{"type":"Feature","geometry":{"type":"Point","coordinates":[-79.91111,40.46737]},"properties":{"p":"0124F00197000000","a":"WHITTIER ST","m":"12th Ward - PITTSBURGH","u":"L","o":"corp","sf":1476,"v":3200}},{"type":"Feature","geometry":{"type":"Point","coordinates":[-79.91104,40.4674]},"properties":{"p":"0124F00198000000","a":"WHITTIER ST","m":"12th Ward - PITTSBURGH","u":"L","o":"corp","sf":1476,"v":3200}},{"type":"Feature","geometry":{"type":"Point","coordinates":[-79.91076,40.46751]},"properties":{"p":"0124F00202000000","a":"WHITTIER ST","m":"12th Ward - PITTSBURGH","u":"L","o":"corp","sf":2349,"v":1200}},{"type":"Feature","geometry":{"type":"Point","coordinates":[-79.91062,40.46752]},"properties":{"p":"0124F00203000000","a":"WHITTIER ST","m":"12th Ward - PITTSBURGH","u":"L","o":"corp","sf":3159,"v":4100}},{"type":"Feature","geometry":{"type":"Point","coordinates":[-79.91053,40.46763]},"properties":{"p":"0124F00205000000","a":"WHITTIER ST","m":"12th Ward - PITTSBURGH","u":"L","o":"corp","sf":2009,"v":1000}},{"type":"Feature","geometry":{"type":"Point","coordinates":[-79.91338,40.4672]},"properties":{"p":"0124E00301000000","a":"LENORA ST","m":"12th Ward - PITTSBURGH","u":"L","o":"corp","sf":3055,"v":1500}},{"type":"Feature","geometry":{"type":"Point","coordinates":[-79.91328,40.46724]},"properties":{"p":"0124E00302000000","a":"LENORA ST","m":"12th Ward - PITTSBURGH","u":"L","o":"corp","sf":1817,"v":900}},{"type":"Feature","geometry":{"type":"Point","coordinates":[-79.9106,40.46739]},"properties":{"p":"0124F00208000000","a":"ORPHAN ST","m":"12th Ward - PITTSBURGH","u":"L","o":"corp","sf":2613,"v":3800}},{"type":"Feature","geometry":{"type":"Point","coordinates":[-79.91026,40.46737]},"properties":{"p":"0124F00214000000","a":"ORPHAN ST","m":"12th Ward - PITTSBURGH","u":"L","o":"corp","sf":2193,"v":3600}},{"type":"Feature","geometry":{"type":"Point","coordinates":[-79.91015,40.46746]},"properties":{"p":"0124F00215000000","a":"ORPHAN ST","m":"12th Ward - PITTSBURGH","u":"L","o":"corp","sf":2754,"v":3900}},{"type":"Feature","geometry":{"type":"Point","coordinates":[-79.91015,40.46752]},"properties":{"p":"0124F00216000000","a":"ORPHAN ST","m":"12th Ward - PITTSBURGH","u":"L","o":"corp","sf":2121,"v":1100}},{"type":"Feature","geometry":{"type":"Point","coordinates":[-79.90638,40.46882]},"properties":{"p":"0124G00260000000","a":"APPLE ST","m":"12th Ward - PITTSBURGH","u":"L","o":"individual","sf":3240,"v":700}},{"type":"Feature","geometry":{"type":"Point","coordinates":[-79.90644,40.46886]},"properties":{"p":"0124G00261000000","a":"APPLE ST","m":"12th Ward - PITTSBURGH","u":"L","o":"individual","sf":3105,"v":700}},{"type":"Feature","geometry":{"type":"Point","coordinates":[-79.90651,40.4689]},"properties":{"p":"0124G00262000000","a":"6355 APPLE ST","m":"12th Ward - PITTSBURGH","u":"L","o":"individual","sf":3375,"v":700}},{"type":"Feature","geometry":{"type":"Point","coordinates":[-79.90678,40.46896]},"properties":{"p":"0124G00265000000","a":"APPLE ST","m":"12th Ward - PITTSBURGH","u":"L","o":"individual","sf":1300,"v":400}},{"type":"Feature","geometry":{"type":"Point","coordinates":[-79.91317,40.46736]},"properties":{"p":"0124E00304000000","a":"LENORA ST","m":"12th Ward - PITTSBURGH","u":"L","o":"corp","sf":3381,"v":1700}},{"type":"Feature","geometry":{"type":"Point","coordinates":[-79.91662,40.46568]},"properties":{"p":"0083M00214000000","a":"CARVER ST","m":"12th Ward - PITTSBURGH","u":"L","o":"individual","sf":2400,"v":3700}},{"type":"Feature","geometry":{"type":"Point","coordinates":[-79.91623,40.46533]},"properties":{"p":"0083M00221000000","a":"CARVER ST","m":"12th Ward - PITTSBURGH","u":"L","o":"individual","sf":2600,"v":2800}},{"type":"Feature","geometry":{"type":"Point","coordinates":[-79.90541,40.46932]},"properties":{"p":"0124G00071000000","a":"DEAN ST","m":"12th Ward - PITTSBURGH","u":"L","o":"corp","sf":2500,"v":600}},{"type":"Feature","geometry":{"type":"Point","coordinates":[-79.90527,40.46923]},"properties":{"p":"0124G00073000000","a":"DEAN ST","m":"12th Ward - PITTSBURGH","u":"L","o":"individual","sf":2500,"v":3000}},{"type":"Feature","geometry":{"type":"Point","coordinates":[-79.90519,40.46919]},"properties":{"p":"0124G00074000000","a":"DEAN ST","m":"12th Ward - PITTSBURGH","u":"L","o":"individual","sf":2500,"v":600}},{"type":"Feature","geometry":{"type":"Point","coordinates":[-79.91015,40.46759]},"properties":{"p":"0124F00217000000","a":"ORPHAN ST","m":"12th Ward - PITTSBURGH","u":"L","o":"corp","sf":2079,"v":3500}},{"type":"Feature","geometry":{"type":"Point","coordinates":[-79.91015,40.46764]},"properties":{"p":"0124F00218000000","a":"ORPHAN ST","m":"12th Ward - PITTSBURGH","u":"L","o":"corp","sf":2035,"v":3500}},{"type":"Feature","geometry":{"type":"Point","coordinates":[-79.91023,40.46785]},"properties":{"p":"0124F00221000000","a":"ORPHAN ST","m":"12th Ward - PITTSBURGH","u":"L","o":"corp","sf":2714,"v":1400}},{"type":"Feature","geometry":{"type":"Point","coordinates":[-79.91006,40.46794]},"properties":{"p":"0124F00223000000","a":"ORPHAN ST","m":"12th Ward - PITTSBURGH","u":"L","o":"corp","sf":2440,"v":3700}},{"type":"Feature","geometry":{"type":"Point","coordinates":[-79.91003,40.46798]},"properties":{"p":"0124F00224000000","a":"ORPHAN ST","m":"12th Ward - PITTSBURGH","u":"L","o":"corp","sf":2460,"v":1200}},{"type":"Feature","geometry":{"type":"Point","coordinates":[-79.90998,40.46809]},"properties":{"p":"0124F00226000000","a":"ORPHAN ST","m":"12th Ward - PITTSBURGH","u":"L","o":"individual","sf":2688,"v":1300}},{"type":"Feature","geometry":{"type":"Point","coordinates":[-79.91006,40.46821]},"properties":{"p":"0124F00227000000","a":"46 ORPHAN ST","m":"12th Ward - PITTSBURGH","u":"L","o":"individual","sf":5958,"v":2600}},{"type":"Feature","geometry":{"type":"Point","coordinates":[-79.913,40.46747]},"properties":{"p":"0124E00307000000","a":"LENORA ST","m":"12th Ward - PITTSBURGH","u":"L","o":"corp","sf":3120,"v":4100}},{"type":"Feature","geometry":{"type":"Point","coordinates":[-79.91292,40.4675]},"properties":{"p":"0124E00308000000","a":"LENORA ST","m":"12th Ward - PITTSBURGH","u":"L","o":"individual","sf":2880,"v":700}},{"type":"Feature","geometry":{"type":"Point","coordinates":[-79.91285,40.46753]},"properties":{"p":"0124E00309000000","a":"LENORA ST","m":"12th Ward - PITTSBURGH","u":"L","o":"corp","sf":3000,"v":1500}},{"type":"Feature","geometry":{"type":"Point","coordinates":[-79.91277,40.46757]},"properties":{"p":"0124E00310000000","a":"LENORA ST","m":"12th Ward - PITTSBURGH","u":"L","o":"corp","sf":3000,"v":1500}},{"type":"Feature","geometry":{"type":"Point","coordinates":[-79.91253,40.46765]},"properties":{"p":"0124E00313000000","a":"LENORA ST","m":"12th Ward - PITTSBURGH","u":"L","o":"corp","sf":2400,"v":1200}},{"type":"Feature","geometry":{"type":"Point","coordinates":[-79.91247,40.46769]},"properties":{"p":"0124E00314000000","a":"LENORA ST","m":"12th Ward - PITTSBURGH","u":"L","o":"corp","sf":2400,"v":3700}},{"type":"Feature","geometry":{"type":"Point","coordinates":[-79.91237,40.46773]},"properties":{"p":"0124E00315000000","a":"LENORA ST","m":"12th Ward - PITTSBURGH","u":"L","o":"corp","sf":4920,"v":5000}},{"type":"Feature","geometry":{"type":"Point","coordinates":[-79.9099,40.46824]},"properties":{"p":"0124F00229000000","a":"46 ORPHAN ST","m":"12th Ward - PITTSBURGH","u":"L","o":"individual","sf":2550,"v":1300}},{"type":"Feature","geometry":{"type":"Point","coordinates":[-79.90402,40.46979]},"properties":{"p":"0124C00218000000","a":"NELSON ST","m":"12th Ward - PITTSBURGH","u":"L","o":"individual","sf":106766,"v":13400}},{"type":"Feature","geometry":{"type":"Point","coordinates":[-79.90448,40.46878]},"properties":{"p":"0124G00084000000","a":"DEAN ST","m":"12th Ward - PITTSBURGH","u":"L","o":"individual","sf":2500,"v":3000}},{"type":"Feature","geometry":{"type":"Point","coordinates":[-79.90413,40.46857]},"properties":{"p":"0124G00089000000","a":"DEAN ST","m":"12th Ward - PITTSBURGH","u":"L","o":"corp","sf":2500,"v":400}},{"type":"Feature","geometry":{"type":"Point","coordinates":[-79.9073,40.46807]},"properties":{"p":"0124G00341000000","a":"LARIMER AVE","m":"12th Ward - PITTSBURGH","u":"L","o":"corp","sf":2400,"v":3000}},{"type":"Feature","geometry":{"type":"Point","coordinates":[-79.90973,40.46849]},"properties":{"p":"0124F00234000000","a":"ORPHAN ST","m":"12th Ward - PITTSBURGH","u":"L","o":"corp","sf":3978,"v":2000}},{"type":"Feature","geometry":{"type":"Point","coordinates":[-79.90718,40.46769]},"properties":{"p":"0124G00353000000","a":"DEARY ST","m":"12th Ward - PITTSBURGH","u":"L","o":"individual","sf":2000,"v":500}},{"type":"Feature","geometry":{"type":"Point","coordinates":[-79.90711,40.46764]},"properties":{"p":"0124G00354000000","a":"DEARY ST","m":"12th Ward - PITTSBURGH","u":"L","o":"individual","sf":2500,"v":3000}},{"type":"Feature","geometry":{"type":"Point","coordinates":[-79.90706,40.46757]},"properties":{"p":"0124G00355000000","a":"DEARY ST","m":"12th Ward - PITTSBURGH","u":"L","o":"individual","sf":2500,"v":600}},{"type":"Feature","geometry":{"type":"Point","coordinates":[-79.90699,40.46753]},"properties":{"p":"0124G00356000000","a":"DEARY ST","m":"12th Ward - PITTSBURGH","u":"L","o":"individual","sf":2500,"v":3000}},{"type":"Feature","geometry":{"type":"Point","coordinates":[-79.90678,40.4674]},"properties":{"p":"0124G00359000000","a":"DEARY ST","m":"12th Ward - PITTSBURGH","u":"L","o":"individual","sf":1500,"v":2600}},{"type":"Feature","geometry":{"type":"Point","coordinates":[-79.90183,40.46927]},"properties":{"p":"0124H00061000000","a":"ALBUM ST","m":"12th Ward - PITTSBURGH","u":"L","o":"individual","sf":2500,"v":600}},{"type":"Feature","geometry":{"type":"Point","coordinates":[-79.9017,40.46932]},"properties":{"p":"0124H00062000000","a":"ALBUM ST","m":"12th Ward - PITTSBURGH","u":"L","o":"individual","sf":5000,"v":4000}},{"type":"Feature","geometry":{"type":"Point","coordinates":[-79.9012,40.46961]},"properties":{"p":"0124H00072000000","a":"NELSON ST","m":"12th Ward - PITTSBURGH","u":"L","o":"individual","sf":8851,"v":4400}},{"type":"Feature","geometry":{"type":"Point","coordinates":[-79.90064,40.46963]},"properties":{"p":"0124H00080000000","a":"NELSON ST","m":"12th Ward - PITTSBURGH","u":"L","o":"individual","sf":4984,"v":2000}},{"type":"Feature","geometry":{"type":"Point","coordinates":[-79.91629,40.4631]},"properties":{"p":"0083S00292000000","a":"126 AUBURN ST","m":"12th Ward - PITTSBURGH","u":"L","o":"corp","sf":2339,"v":3700}},{"type":"Feature","geometry":{"type":"Point","coordinates":[-79.90432,40.46807]},"properties":{"p":"0124G00104000000","a":"PAULSON AVE","m":"12th Ward - PITTSBURGH","u":"L","o":"individual","sf":247,"v":200}},{"type":"Feature","geometry":{"type":"Point","coordinates":[-79.91027,40.46869]},"properties":{"p":"0124F00125000000","a":"ORPHAN ST","m":"12th Ward - PITTSBURGH","u":"L","o":"corp","sf":2834,"v":3900}},{"type":"Feature","geometry":{"type":"Point","coordinates":[-79.9103,40.46859]},"properties":{"p":"0124F00126000000","a":"ORPHAN ST","m":"12th Ward - PITTSBURGH","u":"L","o":"corp","sf":2938,"v":4000}},{"type":"Feature","geometry":{"type":"Point","coordinates":[-79.91174,40.46762]},"properties":{"p":"0124F00157000000","a":"JOSEPH ST","m":"12th Ward - PITTSBURGH","u":"L","o":"corp","sf":8601,"v":5300}},{"type":"Feature","geometry":{"type":"Point","coordinates":[-79.91148,40.4677]},"properties":{"p":"0124F00158000000","a":"WHITTIER ST","m":"12th Ward - PITTSBURGH","u":"L","o":"corp","sf":2562,"v":1300}},{"type":"Feature","geometry":{"type":"Point","coordinates":[-79.90429,40.46744]},"properties":{"p":"0124G00236000000","a":"PAULSON AVE","m":"12th Ward - PITTSBURGH","u":"L","o":"individual","sf":4920,"v":4000}},{"type":"Feature","geometry":{"type":"Point","coordinates":[-79.91752,40.46543]},"properties":{"p":"0083M00170000000","a":"MAYFLOWER ST","m":"12th Ward - PITTSBURGH","u":"L","o":"individual","sf":2862,"v":700}},{"type":"Feature","geometry":{"type":"Point","coordinates":[-79.91755,40.46533]},"properties":{"p":"0083M00171000000","a":"MAYFLOWER ST","m":"12th Ward - PITTSBURGH","u":"L","o":"individual","sf":2380,"v":600}},{"type":"Feature","geometry":{"type":"Point","coordinates":[-79.90439,40.46805]},"properties":{"p":"0124G00105000100","a":"ELDER ST","m":"12th Ward - PITTSBURGH","u":"L","o":"individual","sf":255,"v":200}},{"type":"Feature","geometry":{"type":"Point","coordinates":[-79.90429,40.46809]},"properties":{"p":"0124G00105000200","a":"ELDER ST","m":"12th Ward - PITTSBURGH","u":"L","o":"individual","sf":280,"v":200}},{"type":"Feature","geometry":{"type":"Point","coordinates":[-79.90435,40.46798]},"properties":{"p":"0124G00105000300","a":"ARBOR ST","m":"12th Ward - PITTSBURGH","u":"L","o":"individual","sf":785,"v":300}},{"type":"Feature","geometry":{"type":"Point","coordinates":[-79.91091,40.46777]},"properties":{"p":"0124F00165000000","a":"WHITTIER ST","m":"12th Ward - PITTSBURGH","u":"L","o":"corp","sf":2562,"v":1300}},{"type":"Feature","geometry":{"type":"Point","coordinates":[-79.91094,40.46793]},"properties":{"p":"0124F00166000000","a":"LENORA ST","m":"12th Ward - PITTSBURGH","u":"L","o":"corp","sf":1281,"v":300}},{"type":"Feature","geometry":{"type":"Point","coordinates":[-79.90692,40.46844]},"properties":{"p":"0124G00277000000","a":"LARIMER AVE","m":"12th Ward - PITTSBURGH","u":"L","o":"individual","sf":2500,"v":600}},{"type":"Feature","geometry":{"type":"Point","coordinates":[-79.90697,40.46839]},"properties":{"p":"0124G00278000000","a":"LARIMER AVE","m":"12th Ward - PITTSBURGH","u":"L","o":"individual","sf":2400,"v":600}},{"type":"Feature","geometry":{"type":"Point","coordinates":[-79.90654,40.46814]},"properties":{"p":"0124G00280000000","a":"LARIMER AVE","m":"12th Ward - PITTSBURGH","u":"L","o":"individual","sf":2400,"v":600}},{"type":"Feature","geometry":{"type":"Point","coordinates":[-79.90624,40.46813]},"properties":{"p":"0124G00286000000","a":"APPLE ST","m":"12th Ward - PITTSBURGH","u":"L","o":"individual","sf":1200,"v":300}},{"type":"Feature","geometry":{"type":"Point","coordinates":[-79.91644,40.46328]},"properties":{"p":"0083S00296000000","a":"AUBURN ST","m":"12th Ward - PITTSBURGH","u":"L","o":"corp","sf":2400,"v":3700}},{"type":"Feature","geometry":{"type":"Point","coordinates":[-79.91624,40.46306]},"properties":{"p":"0083S00300000000","a":"128 AUBURN ST","m":"12th Ward - PITTSBURGH","u":"L","o":"corp","sf":2300,"v":600}},{"type":"Feature","geometry":{"type":"Point","coordinates":[-79.91638,40.46439]},"properties":{"p":"0083S00319000000","a":"LARIMER AVE","m":"12th Ward - PITTSBURGH","u":"L","o":"individual","sf":8760,"v":5300}},{"type":"Feature","geometry":{"type":"Point","coordinates":[-79.91697,40.46486]},"properties":{"p":"0083S00376000000","a":"MAYFLOWER ST","m":"12th Ward - PITTSBURGH","u":"L","o":"individual","sf":2400,"v":600}},{"type":"Feature","geometry":{"type":"Point","coordinates":[-79.90445,40.46816]},"properties":{"p":"0124G00107000000","a":"DEAN ST","m":"12th Ward - PITTSBURGH","u":"L","o":"individual","sf":2753,"v":600}},{"type":"Feature","geometry":{"type":"Point","coordinates":[-79.90225,40.45934]},"properties":{"p":"0125H00071000000","a":"GERRITT ST","m":"12th Ward - PITTSBURGH","u":"L","o":"corp","sf":5250,"v":2000}},{"type":"Feature","geometry":{"type":"Point","coordinates":[-79.90972,40.45987]},"properties":{"p":"0125F00299000000","a":"FINLEY ST","m":"12th Ward - PITTSBURGH","u":"L","o":"corp","sf":4920,"v":5000}},{"type":"Feature","geometry":{"type":"Point","coordinates":[-79.90977,40.45979]},"properties":{"p":"0125F00301000000","a":"FINLEY ST","m":"12th Ward - PITTSBURGH","u":"L","o":"corp","sf":3570,"v":4300}},{"type":"Feature","geometry":{"type":"Point","coordinates":[-79.90455,40.45646]},"properties":{"p":"0125L00194000000","a":"HAMILTON AVE","m":"12th Ward - PITTSBURGH","u":"L","o":"corp","sf":2500,"v":600}},{"type":"Feature","geometry":{"type":"Point","coordinates":[-79.90023,40.46143]},"properties":{"p":"0125D00183000000","a":"N MURTLAND ST","m":"12th Ward - PITTSBURGH","u":"L","o":"individual","sf":2300,"v":900}},{"type":"Feature","geometry":{"type":"Point","coordinates":[-79.90067,40.46159]},"properties":{"p":"0125D00189000000","a":"HERMITAGE ST","m":"12th Ward - PITTSBURGH","u":"L","o":"corp","sf":1504,"v":400}},{"type":"Feature","geometry":{"type":"Point","coordinates":[-79.90072,40.4616]},"properties":{"p":"0125D00190000000","a":"HERMITAGE ST","m":"12th Ward - PITTSBURGH","u":"L","o":"corp","sf":885,"v":300}},{"type":"Feature","geometry":{"type":"Point","coordinates":[-79.90359,40.46241]},"properties":{"p":"0125D00360000000","a":"ATWELL ST","m":"12th Ward - PITTSBURGH","u":"L","o":"corp","sf":2700,"v":600}},{"type":"Feature","geometry":{"type":"Point","coordinates":[-79.91554,40.46241]},"properties":{"p":"0125A00371000000","a":"AUBURN ST","m":"12th Ward - PITTSBURGH","u":"L","o":"corp","sf":2400,"v":3700}},{"type":"Feature","geometry":{"type":"Point","coordinates":[-79.91353,40.45972]},"properties":{"p":"0125E00089000000","a":"SACKETT ST","m":"12th Ward - PITTSBURGH","u":"L","o":"corp","sf":2320,"v":600}},{"type":"Feature","geometry":{"type":"Point","coordinates":[-79.90407,40.45641]},"properties":{"p":"0125L00199000000","a":"HAMILTON AVE","m":"12th Ward - PITTSBURGH","u":"L","o":"individual","sf":5130,"v":2000}},{"type":"Feature","geometry":{"type":"Point","coordinates":[-79.90394,40.45638]},"properties":{"p":"0125L00201000000","a":"HAMILTON AVE","m":"12th Ward - PITTSBURGH","u":"L","o":"corp","sf":5130,"v":4000}},{"type":"Feature","geometry":{"type":"Point","coordinates":[-79.90367,40.45632]},"properties":{"p":"0125L00205000000","a":"HAMILTON AVE","m":"12th Ward - PITTSBURGH","u":"L","o":"individual","sf":3375,"v":3400}},{"type":"Feature","geometry":{"type":"Point","coordinates":[-79.9015,40.46276]},"properties":{"p":"0124S00220000000","a":"MOUNT VERNON ST","m":"12th Ward - PITTSBURGH","u":"L","o":"corp","sf":3245,"v":1300}},{"type":"Feature","geometry":{"type":"Point","coordinates":[-79.90169,40.45921]},"properties":{"p":"0125H00101000000","a":"GERRITT ST","m":"12th Ward - PITTSBURGH","u":"L","o":"individual","sf":2760,"v":3100}},{"type":"Feature","geometry":{"type":"Point","coordinates":[-79.90121,40.4591]},"properties":{"p":"0125H00118000000","a":"N MURTLAND ST","m":"12th Ward - PITTSBURGH","u":"L","o":"individual","sf":2760,"v":3100}},{"type":"Feature","geometry":{"type":"Point","coordinates":[-79.90116,40.45922]},"properties":{"p":"0125H00122000000","a":"915 N MURTLAND ST","m":"12th Ward - PITTSBURGH","u":"L","o":"individual","sf":2800,"v":1100}},{"type":"Feature","geometry":{"type":"Point","coordinates":[-79.90111,40.45934]},"properties":{"p":"0125H00126000000","a":"N MURTLAND ST","m":"12th Ward - PITTSBURGH","u":"L","o":"corp","sf":2760,"v":1100}},{"type":"Feature","geometry":{"type":"Point","coordinates":[-79.90109,40.4594]},"properties":{"p":"0125H00128000000","a":"N MURTLAND ST","m":"12th Ward - PITTSBURGH","u":"L","o":"corp","sf":2760,"v":3100}},{"type":"Feature","geometry":{"type":"Point","coordinates":[-79.90097,40.45971]},"properties":{"p":"0125H00132000000","a":"N MURTLAND ST","m":"12th Ward - PITTSBURGH","u":"L","o":"individual","sf":2880,"v":700}},{"type":"Feature","geometry":{"type":"Point","coordinates":[-79.91088,40.45996]},"properties":{"p":"0125F00329000000","a":"404 LINCOLN AVE","m":"12th Ward - PITTSBURGH","u":"L","o":"corp","sf":2537,"v":3800}},{"type":"Feature","geometry":{"type":"Point","coordinates":[-79.91273,40.45968]},"properties":{"p":"0125E00105000200","a":"PUTNAM ST","m":"12th Ward - PITTSBURGH","u":"L","o":"individual","sf":406,"v":200}},{"type":"Feature","geometry":{"type":"Point","coordinates":[-79.9055,40.45799]},"properties":{"p":"0125G00079000000","a":"FRANKSTOWN AVE","m":"12th Ward - PITTSBURGH","u":"L","o":"corp","sf":3300,"v":3300}},{"type":"Feature","geometry":{"type":"Point","coordinates":[-79.9054,40.45797]},"properties":{"p":"0125G00080000000","a":"FRANKSTOWN AVE","m":"12th Ward - PITTSBURGH","u":"L","o":"corp","sf":3360,"v":3300}},{"type":"Feature","geometry":{"type":"Point","coordinates":[-79.9053,40.45795]},"properties":{"p":"0125G00081000000","a":"FRANKSTOWN AVE","m":"12th Ward - PITTSBURGH","u":"L","o":"corp","sf":3190,"v":3300}},{"type":"Feature","geometry":{"type":"Point","coordinates":[-79.90521,40.45793]},"properties":{"p":"0125G00082000000","a":"FRANKSTOWN AVE","m":"12th Ward - PITTSBURGH","u":"L","o":"corp","sf":3301,"v":3300}},{"type":"Feature","geometry":{"type":"Point","coordinates":[-79.90499,40.45789]},"properties":{"p":"0125G00083000000","a":"FRANKSTOWN AVE","m":"12th Ward - PITTSBURGH","u":"L","o":"individual","sf":12220,"v":4700}},{"type":"Feature","geometry":{"type":"Point","coordinates":[-79.9044,40.4577]},"properties":{"p":"0125G00093000000","a":"719 N DALLAS AVE","m":"12th Ward - PITTSBURGH","u":"L","o":"corp","sf":1623,"v":700}},{"type":"Feature","geometry":{"type":"Point","coordinates":[-79.90457,40.45763]},"properties":{"p":"0125G00098000000","a":"N DALLAS AVE","m":"12th Ward - PITTSBURGH","u":"L","o":"corp","sf":3836,"v":1500}},{"type":"Feature","geometry":{"type":"Point","coordinates":[-79.90331,40.45623]},"properties":{"p":"0125M00315000000","a":"HAMILTON AVE","m":"12th Ward - PITTSBURGH","u":"L","o":"corp","sf":3375,"v":1400}},{"type":"Feature","geometry":{"type":"Point","coordinates":[-79.90323,40.45621]},"properties":{"p":"0125M00316000000","a":"HAMILTON AVE","m":"12th Ward - PITTSBURGH","u":"L","o":"corp","sf":3375,"v":1400}},{"type":"Feature","geometry":{"type":"Point","coordinates":[-79.90269,40.46008]},"properties":{"p":"0125D00002000000","a":"BEECHER ST","m":"12th Ward - PITTSBURGH","u":"L","o":"corp","sf":3080,"v":1200}},{"type":"Feature","geometry":{"type":"Point","coordinates":[-79.90266,40.46013]},"properties":{"p":"0125D00004000000","a":"BEECHER ST","m":"12th Ward - PITTSBURGH","u":"L","o":"corp","sf":3060,"v":1200}},{"type":"Feature","geometry":{"type":"Point","coordinates":[-79.90264,40.46018]},"properties":{"p":"0125D00006000000","a":"BEECHER ST","m":"12th Ward - PITTSBURGH","u":"L","o":"corp","sf":3040,"v":1200}},{"type":"Feature","geometry":{"type":"Point","coordinates":[-79.91344,40.46174]},"properties":{"p":"0125A00203000000","a":"MAYFLOWER ST","m":"12th Ward - PITTSBURGH","u":"L","o":"individual","sf":2400,"v":1200}},{"type":"Feature","geometry":{"type":"Point","coordinates":[-79.91339,40.46169]},"properties":{"p":"0125A00204000000","a":"MAYFLOWER ST","m":"12th Ward - PITTSBURGH","u":"L","o":"individual","sf":2400,"v":3700}},{"type":"Feature","geometry":{"type":"Point","coordinates":[-79.91318,40.4615]},"properties":{"p":"0125A00208000000","a":"MAYFLOWER ST","m":"12th Ward - PITTSBURGH","u":"L","o":"corp","sf":2200,"v":1100}},{"type":"Feature","geometry":{"type":"Point","coordinates":[-79.91308,40.46141]},"properties":{"p":"0125A00210000000","a":"MAYFLOWER ST","m":"12th Ward - PITTSBURGH","u":"L","o":"corp","sf":2200,"v":1100}},{"type":"Feature","geometry":{"type":"Point","coordinates":[-79.90133,40.46263]},"properties":{"p":"0124S00228000000","a":"BELMAR ST","m":"12th Ward - PITTSBURGH","u":"L","o":"individual","sf":180,"v":100}},{"type":"Feature","geometry":{"type":"Point","coordinates":[-79.9012,40.46267]},"properties":{"p":"0124S00230000000","a":"MOUNT VERNON ST","m":"12th Ward - PITTSBURGH","u":"L","o":"corp","sf":1302,"v":500}},{"type":"Feature","geometry":{"type":"Point","coordinates":[-79.90107,40.46268]},"properties":{"p":"0124S00231000000","a":"MOUNT VERNON ST","m":"12th Ward - PITTSBURGH","u":"L","o":"individual","sf":3720,"v":1500}},{"type":"Feature","geometry":{"type":"Point","coordinates":[-79.91125,40.45982]},"properties":{"p":"0125F00339000000","a":"328 LINCOLN AVE","m":"12th Ward - PITTSBURGH","u":"L","o":"corp","sf":2060,"v":3500}},{"type":"Feature","geometry":{"type":"Point","coordinates":[-79.90306,40.45618]},"properties":{"p":"0125M00318000000","a":"HAMILTON AVE","m":"12th Ward - PITTSBURGH","u":"L","o":"individual","sf":3375,"v":700}},{"type":"Feature","geometry":{"type":"Point","coordinates":[-79.9029,40.45614]},"properties":{"p":"0125M00320000000","a":"HAMILTON AVE","m":"12th Ward - PITTSBURGH","u":"L","o":"corp","sf":3375,"v":3400}},{"type":"Feature","geometry":{"type":"Point","coordinates":[-79.90264,40.45605]},"properties":{"p":"0125M00323000000","a":"HAMILTON AVE","m":"12th Ward - PITTSBURGH","u":"L","o":"corp","sf":3240,"v":3300}},{"type":"Feature","geometry":{"type":"Point","coordinates":[-79.90259,40.45593]},"properties":{"p":"0125M00325000000","a":"HAMILTON AVE","m":"12th Ward - PITTSBURGH","u":"L","o":"individual","sf":1540,"v":600}},{"type":"Feature","geometry":{"type":"Point","coordinates":[-79.90425,40.45947]},"properties":{"p":"0125G00147000000","a":"MCCOMBS ST","m":"12th Ward - PITTSBURGH","u":"L","o":"individual","sf":835,"v":300}},{"type":"Feature","geometry":{"type":"Point","coordinates":[-79.90418,40.45949]},"properties":{"p":"0125G00147000A00","a":"MCCOMBS ST","m":"12th Ward - PITTSBURGH","u":"L","o":"corp","sf":840,"v":300}},{"type":"Feature","geometry":{"type":"Point","coordinates":[-79.90438,40.45935]},"properties":{"p":"0125G00149000000","a":"INWOOD ST","m":"12th Ward - PITTSBURGH","u":"L","o":"corp","sf":4396,"v":3800}},{"type":"Feature","geometry":{"type":"Point","coordinates":[-79.9044,40.45926]},"properties":{"p":"0125G00151000000","a":"INWOOD ST","m":"12th Ward - PITTSBURGH","u":"L","o":"corp","sf":6084,"v":4100}},{"type":"Feature","geometry":{"type":"Point","coordinates":[-79.90358,40.46388]},"properties":{"p":"0124S00114000000","a":"LYRIC ST","m":"12th Ward - PITTSBURGH","u":"L","o":"corp","sf":1210,"v":300}},{"type":"Feature","geometry":{"type":"Point","coordinates":[-79.90363,40.46294]},"properties":{"p":"0124S00116000000","a":"ATWELL ST","m":"12th Ward - PITTSBURGH","u":"L","o":"individual","sf":2400,"v":3000}},{"type":"Feature","geometry":{"type":"Point","coordinates":[-79.90353,40.46288]},"properties":{"p":"0124S00117000000","a":"ATWELL ST","m":"12th Ward - PITTSBURGH","u":"L","o":"individual","sf":6000,"v":4100}},{"type":"Feature","geometry":{"type":"Point","coordinates":[-79.90335,40.46278]},"properties":{"p":"0124S00120000000","a":"ATWELL ST","m":"12th Ward - PITTSBURGH","u":"L","o":"corp","sf":3000,"v":700}},{"type":"Feature","geometry":{"type":"Point","coordinates":[-79.90314,40.46266]},"properties":{"p":"0124S00123000000","a":"ATWELL ST","m":"12th Ward - PITTSBURGH","u":"L","o":"individual","sf":4560,"v":3800}},{"type":"Feature","geometry":{"type":"Point","coordinates":[-79.90305,40.46261]},"properties":{"p":"0124S00125000000","a":"ATWELL ST","m":"12th Ward - PITTSBURGH","u":"L","o":"individual","sf":2640,"v":600}},{"type":"Feature","geometry":{"type":"Point","coordinates":[-79.91081,40.46224]},"properties":{"p":"0125B00126000000","a":"MEADOW ST","m":"12th Ward - PITTSBURGH","u":"L","o":"corp","sf":1875,"v":3400}},{"type":"Feature","geometry":{"type":"Point","coordinates":[-79.91171,40.46241]},"properties":{"p":"0125B00128000000","a":"MEADOW ST","m":"12th Ward - PITTSBURGH","u":"L","o":"corp","sf":2555,"v":3800}},{"type":"Feature","geometry":{"type":"Point","coordinates":[-79.90908,40.461]},"properties":{"p":"0125B00270000000","a":"LINCOLN AVE","m":"12th Ward - PITTSBURGH","u":"L","o":"corp","sf":6600,"v":5100}},{"type":"Feature","geometry":{"type":"Point","coordinates":[-79.90292,40.45759]},"properties":{"p":"0125M00055000000","a":"BENNETT ST","m":"12th Ward - PITTSBURGH","u":"L","o":"corp","sf":3565,"v":3400}},{"type":"Feature","geometry":{"type":"Point","coordinates":[-79.90356,40.4573]},"properties":{"p":"0125M00138000000","a":"6913 KELLY ST","m":"12th Ward - PITTSBURGH","u":"L","o":"individual","sf":3375,"v":1400}},{"type":"Feature","geometry":{"type":"Point","coordinates":[-79.90347,40.45728]},"properties":{"p":"0125M00139000000","a":"KELLY ST","m":"12th Ward - PITTSBURGH","u":"L","o":"corp","sf":3375,"v":3400}},{"type":"Feature","geometry":{"type":"Point","coordinates":[-79.90339,40.45727]},"properties":{"p":"0125M00140000000","a":"KELLY ST","m":"12th Ward - PITTSBURGH","u":"L","o":"individual","sf":3378,"v":1400}},{"type":"Feature","geometry":{"type":"Point","coordinates":[-79.9033,40.45725]},"properties":{"p":"0125M00141000000","a":"KELLY ST","m":"12th Ward - PITTSBURGH","u":"L","o":"individual","sf":3378,"v":1400}},{"type":"Feature","geometry":{"type":"Point","coordinates":[-79.90428,40.45908]},"properties":{"p":"0125G00153000000","a":"MCCOMBS ST","m":"12th Ward - PITTSBURGH","u":"L","o":"individual","sf":2263,"v":900}},{"type":"Feature","geometry":{"type":"Point","coordinates":[-79.90436,40.4587]},"properties":{"p":"0125G00161000000","a":"MCCOMBS ST","m":"12th Ward - PITTSBURGH","u":"L","o":"individual","sf":6264,"v":4100}},{"type":"Feature","geometry":{"type":"Point","coordinates":[-79.91277,40.4597]},"properties":{"p":"0125E00105000300","a":"PUTNAM ST","m":"12th Ward - PITTSBURGH","u":"L","o":"individual","sf":405,"v":200}},{"type":"Feature","geometry":{"type":"Point","coordinates":[-79.91162,40.46238]},"properties":{"p":"0125B00129000000","a":"MEADOW ST","m":"12th Ward - PITTSBURGH","u":"L","o":"corp","sf":2800,"v":3900}},{"type":"Feature","geometry":{"type":"Point","coordinates":[-79.91156,40.46233]},"properties":{"p":"0125B00130000000","a":"MEADOW ST","m":"12th Ward - PITTSBURGH","u":"L","o":"corp","sf":2900,"v":4000}},{"type":"Feature","geometry":{"type":"Point","coordinates":[-79.9115,40.46228]},"properties":{"p":"0125B00131000000","a":"MEADOW ST","m":"12th Ward - PITTSBURGH","u":"L","o":"corp","sf":2900,"v":4000}},{"type":"Feature","geometry":{"type":"Point","coordinates":[-79.9115,40.46212]},"properties":{"p":"0125B00134000000","a":"LOWELL ST","m":"12th Ward - PITTSBURGH","u":"L","o":"corp","sf":1150,"v":300}},{"type":"Feature","geometry":{"type":"Point","coordinates":[-79.91173,40.46197]},"properties":{"p":"0125B00138000000","a":"CARVER ST","m":"12th Ward - PITTSBURGH","u":"L","o":"corp","sf":4600,"v":4800}},{"type":"Feature","geometry":{"type":"Point","coordinates":[-79.90263,40.46024]},"properties":{"p":"0125D00008000000","a":"BEECHER ST","m":"12th Ward - PITTSBURGH","u":"L","o":"corp","sf":3060,"v":3200}},{"type":"Feature","geometry":{"type":"Point","coordinates":[-79.90252,40.4605]},"properties":{"p":"0125D00018000000","a":"BEECHER ST","m":"12th Ward - PITTSBURGH","u":"L","o":"individual","sf":3020,"v":1200}},{"type":"Feature","geometry":{"type":"Point","coordinates":[-79.90248,40.46059]},"properties":{"p":"0125D00020000000","a":"BEECHER ST","m":"12th Ward - PITTSBURGH","u":"L","o":"individual","sf":6040,"v":4100}},{"type":"Feature","geometry":{"type":"Point","coordinates":[-79.90245,40.46068]},"properties":{"p":"0125D00024000000","a":"BEECHER ST","m":"12th Ward - PITTSBURGH","u":"L","o":"corp","sf":3020,"v":3200}},{"type":"Feature","geometry":{"type":"Point","coordinates":[-79.90782,40.46182]},"properties":{"p":"0125B00027000000","a":"LINCOLN AVE","m":"12th Ward - PITTSBURGH","u":"L","o":"individual","sf":1296,"v":400}},{"type":"Feature","geometry":{"type":"Point","coordinates":[-79.90073,40.4626]},"properties":{"p":"0124S00236000000","a":"MOUNT VERNON ST","m":"12th Ward - PITTSBURGH","u":"L","o":"corp","sf":3720,"v":1500}},{"type":"Feature","geometry":{"type":"Point","coordinates":[-79.90063,40.46258]},"properties":{"p":"0124S00238000000","a":"MOUNT VERNON ST","m":"12th Ward - PITTSBURGH","u":"L","o":"corp","sf":1860,"v":2700}},{"type":"Feature","geometry":{"type":"Point","coordinates":[-79.90048,40.46255]},"properties":{"p":"0124S00240000000","a":"MOUNT VERNON ST","m":"12th Ward - PITTSBURGH","u":"L","o":"individual","sf":1860,"v":700}},{"type":"Feature","geometry":{"type":"Point","coordinates":[-79.9004,40.46255]},"properties":{"p":"0124S00241000000","a":"MOUNT VERNON ST","m":"12th Ward - PITTSBURGH","u":"L","o":"individual","sf":1860,"v":700}},{"type":"Feature","geometry":{"type":"Point","coordinates":[-79.90033,40.46254]},"properties":{"p":"0124S00242000000","a":"MOUNT VERNON ST","m":"12th Ward - PITTSBURGH","u":"L","o":"individual","sf":1860,"v":700}},{"type":"Feature","geometry":{"type":"Point","coordinates":[-79.90094,40.45977]},"properties":{"p":"0125H00134000000","a":"N MURTLAND ST","m":"12th Ward - PITTSBURGH","u":"L","o":"corp","sf":2760,"v":1100}},{"type":"Feature","geometry":{"type":"Point","coordinates":[-79.90089,40.45991]},"properties":{"p":"0125H00138000000","a":"N MURTLAND ST","m":"12th Ward - PITTSBURGH","u":"L","o":"corp","sf":2880,"v":1200}},{"type":"Feature","geometry":{"type":"Point","coordinates":[-79.90084,40.46003]},"properties":{"p":"0125H00140000000","a":"N MURTLAND ST","m":"12th Ward - PITTSBURGH","u":"L","o":"corp","sf":2400,"v":1000}},{"type":"Feature","geometry":{"type":"Point","coordinates":[-79.90194,40.45816]},"properties":{"p":"0125H00284000A00","a":"N MURTLAND ST","m":"12th Ward - PITTSBURGH","u":"L","o":"corp","sf":2736,"v":1100}},{"type":"Feature","geometry":{"type":"Point","coordinates":[-79.91132,40.45982]},"properties":{"p":"0125F00340000000","a":"328 LINCOLN AVE","m":"12th Ward - PITTSBURGH","u":"L","o":"corp","sf":2060,"v":3500}},{"type":"Feature","geometry":{"type":"Point","coordinates":[-79.90766,40.45768]},"properties":{"p":"0125G00014000000","a":"KELLY ST","m":"12th Ward - PITTSBURGH","u":"L","o":"corp","sf":4050,"v":3600}},{"type":"Feature","geometry":{"type":"Point","coordinates":[-79.90394,40.45833]},"properties":{"p":"0125G00109000000","a":"FRANKSTOWN AVE","m":"12th Ward - PITTSBURGH","u":"L","o":"corp","sf":2548,"v":1000}},{"type":"Feature","geometry":{"type":"Point","coordinates":[-79.90412,40.45833]},"properties":{"p":"0125G00111000000","a":"FRANKSTOWN AVE","m":"12th Ward - PITTSBURGH","u":"L","o":"corp","sf":2860,"v":1100}},{"type":"Feature","geometry":{"type":"Point","coordinates":[-79.90395,40.45849]},"properties":{"p":"0125G00113000000","a":"FRANKSTOWN AVE","m":"12th Ward - PITTSBURGH","u":"L","o":"corp","sf":2000,"v":800}},{"type":"Feature","geometry":{"type":"Point","coordinates":[-79.90394,40.45855]},"properties":{"p":"0125G00114000000","a":"EASTVIEW ST","m":"12th Ward - PITTSBURGH","u":"L","o":"corp","sf":2000,"v":500}},{"type":"Feature","geometry":{"type":"Point","coordinates":[-79.90189,40.46059]},"properties":{"p":"0125D00028000000","a":"BEECHER ST","m":"12th Ward - PITTSBURGH","u":"L","o":"individual","sf":1950,"v":500}},{"type":"Feature","geometry":{"type":"Point","coordinates":[-79.90186,40.46042]},"properties":{"p":"0125D00030000000","a":"GERRITT ST","m":"12th Ward - PITTSBURGH","u":"L","o":"corp","sf":3000,"v":3200}},{"type":"Feature","geometry":{"type":"Point","coordinates":[-79.90078,40.46018]},"properties":{"p":"0125D00065000000","a":"N MURTLAND ST","m":"12th Ward - PITTSBURGH","u":"L","o":"individual","sf":2400,"v":1000}},{"type":"Feature","geometry":{"type":"Point","coordinates":[-79.90756,40.45766]},"properties":{"p":"0125G00015000000","a":"KELLY ST","m":"12th Ward - PITTSBURGH","u":"L","o":"corp","sf":3375,"v":400}},{"type":"Feature","geometry":{"type":"Point","coordinates":[-79.90529,40.45765]},"properties":{"p":"0125G00025000000","a":"KELLY ST","m":"12th Ward - PITTSBURGH","u":"L","o":"individual","sf":3061,"v":1200}},{"type":"Feature","geometry":{"type":"Point","coordinates":[-79.90281,40.45708]},"properties":{"p":"0125M00147000000","a":"KELLY ST","m":"12th Ward - PITTSBURGH","u":"L","o":"corp","sf":3372,"v":3400}},{"type":"Feature","geometry":{"type":"Point","coordinates":[-79.90264,40.45723]},"properties":{"p":"0125M00148000000","a":"KELLY ST","m":"12th Ward - PITTSBURGH","u":"L","o":"corp","sf":899,"v":300}},{"type":"Feature","geometry":{"type":"Point","coordinates":[-79.90272,40.45704]},"properties":{"p":"0125M00148000A00","a":"KELLY ST","m":"12th Ward - PITTSBURGH","u":"L","o":"corp","sf":4771,"v":3900}},{"type":"Feature","geometry":{"type":"Point","coordinates":[-79.90312,40.45474]},"properties":{"p":"0125S00309000000","a":"SUSQUEHANNA ST","m":"12th Ward - PITTSBURGH","u":"L","o":"corp","sf":11312,"v":4600}},{"type":"Feature","geometry":{"type":"Point","coordinates":[-79.90465,40.45866]},"properties":{"p":"0125G00175000000","a":"INWOOD ST","m":"12th Ward - PITTSBURGH","u":"L","o":"individual","sf":86,"v":100}},{"type":"Feature","geometry":{"type":"Point","coordinates":[-79.90462,40.45882]},"properties":{"p":"0125G00176000000","a":"INWOOD ST","m":"12th Ward - PITTSBURGH","u":"L","o":"individual","sf":2236,"v":900}},{"type":"Feature","geometry":{"type":"Point","coordinates":[-79.90448,40.4589]},"properties":{"p":"0125G00180000000","a":"INWOOD ST","m":"12th Ward - PITTSBURGH","u":"L","o":"corp","sf":6119,"v":4100}},{"type":"Feature","geometry":{"type":"Point","coordinates":[-79.90456,40.45911]},"properties":{"p":"0125G00184000000","a":"INWOOD ST","m":"12th Ward - PITTSBURGH","u":"L","o":"corp","sf":2573,"v":1000}},{"type":"Feature","geometry":{"type":"Point","coordinates":[-79.90454,40.45919]},"properties":{"p":"0125G00186000000","a":"INWOOD ST","m":"12th Ward - PITTSBURGH","u":"L","o":"corp","sf":2407,"v":600}},{"type":"Feature","geometry":{"type":"Point","coordinates":[-79.90296,40.4625]},"properties":{"p":"0124S00127000000","a":"ATWELL ST","m":"12th Ward - PITTSBURGH","u":"L","o":"individual","sf":3360,"v":3300}},{"type":"Feature","geometry":{"type":"Point","coordinates":[-79.90269,40.46288]},"properties":{"p":"0124S00136000000","a":"LYRIC ST","m":"12th Ward - PITTSBURGH","u":"L","o":"corp","sf":2400,"v":600}},{"type":"Feature","geometry":{"type":"Point","coordinates":[-79.9115,40.46165]},"properties":{"p":"0125B00141000000","a":"LOWELL ST","m":"12th Ward - PITTSBURGH","u":"L","o":"corp","sf":3186,"v":4100}},{"type":"Feature","geometry":{"type":"Point","coordinates":[-79.91145,40.46172]},"properties":{"p":"0125B00143000000","a":"LOWELL ST","m":"12th Ward - PITTSBURGH","u":"L","o":"corp","sf":2250,"v":3600}},{"type":"Feature","geometry":{"type":"Point","coordinates":[-79.91475,40.45958]},"properties":{"p":"0125E00026000000","a":"ENTERPRISE ST","m":"12th Ward - PITTSBURGH","u":"L","o":"corp","sf":1200,"v":3100}},{"type":"Feature","geometry":{"type":"Point","coordinates":[-79.91456,40.45951]},"properties":{"p":"0125E00028000000","a":"ENTERPRISE ST","m":"12th Ward - PITTSBURGH","u":"L","o":"corp","sf":1364,"v":700}},{"type":"Feature","geometry":{"type":"Point","coordinates":[-79.91458,40.45967]},"properties":{"p":"0125E00032000000","a":"ENTERPRISE ST","m":"12th Ward - PITTSBURGH","u":"L","o":"individual","sf":1500,"v":800}},{"type":"Feature","geometry":{"type":"Point","coordinates":[-79.91455,40.4597]},"properties":{"p":"0125E00033000000","a":"ENTERPRISE ST","m":"12th Ward - PITTSBURGH","u":"L","o":"individual","sf":1800,"v":900}},{"type":"Feature","geometry":{"type":"Point","coordinates":[-79.91452,40.45977]},"properties":{"p":"0125E00034000000","a":"ENTERPRISE ST","m":"12th Ward - PITTSBURGH","u":"L","o":"individual","sf":3600,"v":1800}},{"type":"Feature","geometry":{"type":"Point","coordinates":[-79.90945,40.46197]},"properties":{"p":"0125B00062000000","a":"6528 WINSLOW ST","m":"12th Ward - PITTSBURGH","u":"L","o":"individual","sf":2080,"v":1000}},{"type":"Feature","geometry":{"type":"Point","coordinates":[-79.90951,40.46203]},"properties":{"p":"0125B00063000000","a":"WINSLOW ST","m":"12th Ward - PITTSBURGH","u":"L","o":"corp","sf":2080,"v":3500}},{"type":"Feature","geometry":{"type":"Point","coordinates":[-79.90958,40.46209]},"properties":{"p":"0125B00064000000","a":"WINSLOW ST","m":"12th Ward - PITTSBURGH","u":"L","o":"corp","sf":2084,"v":3500}},{"type":"Feature","geometry":{"type":"Point","coordinates":[-79.90944,40.46168]},"properties":{"p":"0125B00067000000","a":"LLEWELLYN PL","m":"12th Ward - PITTSBURGH","u":"L","o":"corp","sf":1080,"v":300}},{"type":"Feature","geometry":{"type":"Point","coordinates":[-79.90441,40.45979]},"properties":{"p":"0125G00196000000","a":"INWOOD ST","m":"12th Ward - PITTSBURGH","u":"L","o":"corp","sf":2250,"v":2900}},{"type":"Feature","geometry":{"type":"Point","coordinates":[-79.91335,40.46]},"properties":{"p":"0125A00084000000","a":"FRANKSTOWN AVE","m":"12th Ward - PITTSBURGH","u":"L","o":"individual","sf":2808,"v":3900}},{"type":"Feature","geometry":{"type":"Point","coordinates":[-79.91216,40.46076]},"properties":{"p":"0125A00111000000","a":"LINCOLN AVE","m":"12th Ward - PITTSBURGH","u":"L","o":"individual","sf":1100,"v":300}},{"type":"Feature","geometry":{"type":"Point","coordinates":[-79.91224,40.46075]},"properties":{"p":"0125A00112000000","a":"LINCOLN AVE","m":"12th Ward - PITTSBURGH","u":"L","o":"corp","sf":3011,"v":4000}},{"type":"Feature","geometry":{"type":"Point","coordinates":[-79.90701,40.46115]},"properties":{"p":"0125C00154000000","a":"ARMSTRONG WAY","m":"12th Ward - PITTSBURGH","u":"L","o":"corp","sf":39249,"v":8100}},{"type":"Feature","geometry":{"type":"Point","coordinates":[-79.91095,40.46191]},"properties":{"p":"0125B00149000000","a":"MEADOW ST","m":"12th Ward - PITTSBURGH","u":"L","o":"corp","sf":860,"v":300}},{"type":"Feature","geometry":{"type":"Point","coordinates":[-79.911,40.46193]},"properties":{"p":"0125B00150000000","a":"MEADOW ST","m":"12th Ward - PITTSBURGH","u":"L","o":"individual","sf":884,"v":300}},{"type":"Feature","geometry":{"type":"Point","coordinates":[-79.9109,40.46191]},"properties":{"p":"0125B00152000000","a":"MEADOW ST","m":"12th Ward - PITTSBURGH","u":"L","o":"corp","sf":550,"v":200}},{"type":"Feature","geometry":{"type":"Point","coordinates":[-79.90079,40.46235]},"properties":{"p":"0125D00136000000","a":"KEDRON ST","m":"12th Ward - PITTSBURGH","u":"L","o":"individual","sf":1860,"v":700}},{"type":"Feature","geometry":{"type":"Point","coordinates":[-79.90086,40.46236]},"properties":{"p":"0125D00137000000","a":"KEDRON ST","m":"12th Ward - PITTSBURGH","u":"L","o":"individual","sf":1860,"v":700}},{"type":"Feature","geometry":{"type":"Point","coordinates":[-79.90112,40.46245]},"properties":{"p":"0125D00142000000","a":"KEDRON ST","m":"12th Ward - PITTSBURGH","u":"L","o":"corp","sf":6948,"v":4200}},{"type":"Feature","geometry":{"type":"Point","coordinates":[-79.90123,40.4624]},"properties":{"p":"0125D00143000000","a":"KEDRON ST","m":"12th Ward - PITTSBURGH","u":"L","o":"individual","sf":1433,"v":600}},{"type":"Feature","geometry":{"type":"Point","coordinates":[-79.90011,40.46174]},"properties":{"p":"0125D00176000000","a":"N MURTLAND ST","m":"12th Ward - PITTSBURGH","u":"L","o":"corp","sf":1800,"v":400}},{"type":"Feature","geometry":{"type":"Point","coordinates":[-79.90013,40.46169]},"properties":{"p":"0125D00177000000","a":"N MURTLAND ST","m":"12th Ward - PITTSBURGH","u":"L","o":"corp","sf":1800,"v":400}},{"type":"Feature","geometry":{"type":"Point","coordinates":[-79.90015,40.46165]},"properties":{"p":"0125D00178000000","a":"N MURTLAND ST","m":"12th Ward - PITTSBURGH","u":"L","o":"corp","sf":1500,"v":2600}},{"type":"Feature","geometry":{"type":"Point","coordinates":[-79.90978,40.46162]},"properties":{"p":"0125B00079000000","a":"LLEWELLYN PL","m":"12th Ward - PITTSBURGH","u":"L","o":"corp","sf":702,"v":400}},{"type":"Feature","geometry":{"type":"Point","coordinates":[-79.90975,40.46159]},"properties":{"p":"0125B00080000000","a":"LLEWELLYN PL","m":"12th Ward - PITTSBURGH","u":"L","o":"corp","sf":648,"v":300}},{"type":"Feature","geometry":{"type":"Point","coordinates":[-79.90969,40.46154]},"properties":{"p":"0125B00081000A00","a":"LLEWELLYN PL","m":"12th Ward - PITTSBURGH","u":"L","o":"corp","sf":648,"v":300}},{"type":"Feature","geometry":{"type":"Point","coordinates":[-79.90247,40.45804]},"properties":{"p":"0125H00310000A00","a":"6935 BENNETT ST","m":"12th Ward - PITTSBURGH","u":"L","o":"individual","sf":2025,"v":500}},{"type":"Feature","geometry":{"type":"Point","coordinates":[-79.90558,40.45771]},"properties":{"p":"0125G00028000000","a":"KELLY ST","m":"12th Ward - PITTSBURGH","u":"L","o":"corp","sf":2650,"v":1100}},{"type":"Feature","geometry":{"type":"Point","coordinates":[-79.90566,40.45773]},"properties":{"p":"0125G00029000000","a":"KELLY ST","m":"12th Ward - PITTSBURGH","u":"L","o":"corp","sf":2750,"v":1100}},{"type":"Feature","geometry":{"type":"Point","coordinates":[-79.90575,40.45775]},"properties":{"p":"0125G00030000000","a":"KELLY ST","m":"12th Ward - PITTSBURGH","u":"L","o":"corp","sf":2500,"v":1000}},{"type":"Feature","geometry":{"type":"Point","coordinates":[-79.90592,40.45779]},"properties":{"p":"0125G00032000000","a":"KELLY ST","m":"12th Ward - PITTSBURGH","u":"L","o":"corp","sf":2500,"v":3000}},{"type":"Feature","geometry":{"type":"Point","coordinates":[-79.91269,40.4617]},"properties":{"p":"0125A00176000000","a":"MAYFLOWER ST","m":"12th Ward - PITTSBURGH","u":"L","o":"individual","sf":3000,"v":4000}},{"type":"Feature","geometry":{"type":"Point","coordinates":[-79.91288,40.46186]},"properties":{"p":"0125A00179000000","a":"229 MAYFLOWER ST","m":"12th Ward - PITTSBURGH","u":"L","o":"individual","sf":2100,"v":1100}},{"type":"Feature","geometry":{"type":"Point","coordinates":[-79.90126,40.46213]},"properties":{"p":"0125D00155000000","a":"KEDRON ST","m":"12th Ward - PITTSBURGH","u":"L","o":"corp","sf":1898,"v":500}},{"type":"Feature","geometry":{"type":"Point","coordinates":[-79.91601,40.4625]},"properties":{"p":"0125A00334000A00","a":"DIX WAY","m":"12th Ward - PITTSBURGH","u":"L","o":"corp","sf":1395,"v":300}},{"type":"Feature","geometry":{"type":"Point","coordinates":[-79.90357,40.46325]},"properties":{"p":"0124S00150000000","a":"LINCOLN AVE","m":"12th Ward - PITTSBURGH","u":"L","o":"individual","sf":4320,"v":3700}},{"type":"Feature","geometry":{"type":"Point","coordinates":[-79.90934,40.46187]},"properties":{"p":"0125B00060000000","a":"WINSLOW ST","m":"12th Ward - PITTSBURGH","u":"L","o":"corp","sf":2080,"v":3500}},{"type":"Feature","geometry":{"type":"Point","coordinates":[-79.90007,40.46285]},"properties":{"p":"0124S00256000000","a":"MOUNT VERNON ST","m":"12th Ward - PITTSBURGH","u":"L","o":"corp","sf":1860,"v":700}},{"type":"Feature","geometry":{"type":"Point","coordinates":[-79.90026,40.4629]},"properties":{"p":"0124S00260000000","a":"MOUNT VERNON ST","m":"12th Ward - PITTSBURGH","u":"L","o":"corp","sf":2604,"v":1000}},{"type":"Feature","geometry":{"type":"Point","coordinates":[-79.90034,40.46292]},"properties":{"p":"0124S00261000000","a":"MOUNT VERNON ST","m":"12th Ward - PITTSBURGH","u":"L","o":"corp","sf":1860,"v":700}},{"type":"Feature","geometry":{"type":"Point","coordinates":[-79.90687,40.45796]},"properties":{"p":"0125G00042000000","a":"KELLY ST","m":"12th Ward - PITTSBURGH","u":"L","o":"corp","sf":2652,"v":1100}},{"type":"Feature","geometry":{"type":"Point","coordinates":[-79.90698,40.45797]},"properties":{"p":"0125G00043000000","a":"KELLY ST","m":"12th Ward - PITTSBURGH","u":"L","o":"corp","sf":1887,"v":800}},{"type":"Feature","geometry":{"type":"Point","coordinates":[-79.90707,40.45799]},"properties":{"p":"0125G00044000000","a":"KELLY ST","m":"12th Ward - PITTSBURGH","u":"L","o":"corp","sf":1890,"v":500}},{"type":"Feature","geometry":{"type":"Point","coordinates":[-79.90716,40.45801]},"properties":{"p":"0125G00045000000","a":"KELLY ST","m":"12th Ward - PITTSBURGH","u":"L","o":"corp","sf":1890,"v":2800}},{"type":"Feature","geometry":{"type":"Point","coordinates":[-79.90268,40.45654]},"properties":{"p":"0125M00217000000","a":"6942 KELLY ST","m":"12th Ward - PITTSBURGH","u":"L","o":"individual","sf":1755,"v":700}},{"type":"Feature","geometry":{"type":"Point","coordinates":[-79.90274,40.45655]},"properties":{"p":"0125M00218000000","a":"KELLY ST","m":"12th Ward - PITTSBURGH","u":"L","o":"corp","sf":3378,"v":3400}},{"type":"Feature","geometry":{"type":"Point","coordinates":[-79.90308,40.45663]},"properties":{"p":"0125M00222000000","a":"KELLY ST","m":"12th Ward - PITTSBURGH","u":"L","o":"corp","sf":3375,"v":700}},{"type":"Feature","geometry":{"type":"Point","coordinates":[-79.91298,40.46196]},"properties":{"p":"0125A00181000000","a":"MAYFLOWER ST","m":"12th Ward - PITTSBURGH","u":"L","o":"corp","sf":2200,"v":3600}},{"type":"Feature","geometry":{"type":"Point","coordinates":[-79.91308,40.46205]},"properties":{"p":"0125A00183000000","a":"MAYFLOWER ST","m":"12th Ward - PITTSBURGH","u":"L","o":"individual","sf":2200,"v":3600}},{"type":"Feature","geometry":{"type":"Point","coordinates":[-79.91324,40.46219]},"properties":{"p":"0125A00186000000","a":"211 MAYFLOWER ST","m":"12th Ward - PITTSBURGH","u":"L","o":"corp","sf":2200,"v":3600}},{"type":"Feature","geometry":{"type":"Point","coordinates":[-79.90361,40.4645]},"properties":{"p":"0124S00082000000","a":"ROWAN ST","m":"12th Ward - PITTSBURGH","u":"L","o":"individual","sf":2820,"v":600}},{"type":"Feature","geometry":{"type":"Point","coordinates":[-79.90354,40.46446]},"properties":{"p":"0124S00083000000","a":"ROWAN ST","m":"12th Ward - PITTSBURGH","u":"L","o":"individual","sf":2820,"v":600}},{"type":"Feature","geometry":{"type":"Point","coordinates":[-79.90327,40.46417]},"properties":{"p":"0124S00086000000","a":"ROWAN ST","m":"12th Ward - PITTSBURGH","u":"L","o":"individual","sf":1342,"v":2500}},{"type":"Feature","geometry":{"type":"Point","coordinates":[-79.90246,40.46326]},"properties":{"p":"0124S00165000000","a":"LYRIC ST","m":"12th Ward - PITTSBURGH","u":"L","o":"individual","sf":2832,"v":1100}},{"type":"Feature","geometry":{"type":"Point","coordinates":[-79.91081,40.46183]},"properties":{"p":"0125B00153000000","a":"MEADOW ST","m":"12th Ward - PITTSBURGH","u":"L","o":"corp","sf":2904,"v":1500}},{"type":"Feature","geometry":{"type":"Point","coordinates":[-79.91117,40.46166]},"properties":{"p":"0125B00160000000","a":"CARVER ST","m":"12th Ward - PITTSBURGH","u":"L","o":"corp","sf":2860,"v":3900}},{"type":"Feature","geometry":{"type":"Point","coordinates":[-79.91098,40.46159]},"properties":{"p":"0125B00163000000","a":"CARVER ST","m":"12th Ward - PITTSBURGH","u":"L","o":"corp","sf":3900,"v":2000}},{"type":"Feature","geometry":{"type":"Point","coordinates":[-79.91088,40.46156]},"properties":{"p":"0125B00164000000","a":"CARVER ST","m":"12th Ward - PITTSBURGH","u":"L","o":"corp","sf":2306,"v":1200}},{"type":"Feature","geometry":{"type":"Point","coordinates":[-79.90055,40.46296]},"properties":{"p":"0124S00264000000","a":"MOUNT VERNON ST","m":"12th Ward - PITTSBURGH","u":"L","o":"corp","sf":1860,"v":2700}},{"type":"Feature","geometry":{"type":"Point","coordinates":[-79.90062,40.46298]},"properties":{"p":"0124S00265000000","a":"MOUNT VERNON ST","m":"12th Ward - PITTSBURGH","u":"L","o":"corp","sf":1860,"v":2700}},{"type":"Feature","geometry":{"type":"Point","coordinates":[-79.90081,40.46305]},"properties":{"p":"0124S00269000000","a":"MOUNT VERNON ST","m":"12th Ward - PITTSBURGH","u":"L","o":"corp","sf":2075,"v":2800}},{"type":"Feature","geometry":{"type":"Point","coordinates":[-79.90022,40.46316]},"properties":{"p":"0124S00277000000","a":"UPLAND ST","m":"12th Ward - PITTSBURGH","u":"L","o":"corp","sf":3720,"v":1500}},{"type":"Feature","geometry":{"type":"Point","coordinates":[-79.90004,40.46312]},"properties":{"p":"0124S00280000000","a":"UPLAND ST","m":"12th Ward - PITTSBURGH","u":"L","o":"individual","sf":1860,"v":500}},{"type":"Feature","geometry":{"type":"Point","coordinates":[-79.90313,40.45763]},"properties":{"p":"0125H00345000000","a":"BENNETT ST","m":"12th Ward - PITTSBURGH","u":"L","o":"corp","sf":4730,"v":1900}},{"type":"Feature","geometry":{"type":"Point","coordinates":[-79.90308,40.46426]},"properties":{"p":"0124S00088000000","a":"ROWAN ST","m":"12th Ward - PITTSBURGH","u":"L","o":"individual","sf":2832,"v":3100}},{"type":"Feature","geometry":{"type":"Point","coordinates":[-79.90966,40.46151]},"properties":{"p":"0125B00081000B00","a":"LLEWELLYN PL","m":"12th Ward - PITTSBURGH","u":"L","o":"corp","sf":839,"v":400}},{"type":"Feature","geometry":{"type":"Point","coordinates":[-79.90987,40.46142]},"properties":{"p":"0125B00090000000","a":"MEADOW ST","m":"12th Ward - PITTSBURGH","u":"L","o":"corp","sf":3600,"v":4300}},{"type":"Feature","geometry":{"type":"Point","coordinates":[-79.91006,40.46159]},"properties":{"p":"0125B00093000000","a":"MEADOW ST","m":"12th Ward - PITTSBURGH","u":"L","o":"corp","sf":2184,"v":3600}},{"type":"Feature","geometry":{"type":"Point","coordinates":[-79.91015,40.46171]},"properties":{"p":"0125B00095000000","a":"MEADOW ST","m":"12th Ward - PITTSBURGH","u":"L","o":"individual","sf":2172,"v":1100}},{"type":"Feature","geometry":{"type":"Point","coordinates":[-79.91046,40.46135]},"properties":{"p":"0125B00169000000","a":"MEADOW ST","m":"12th Ward - PITTSBURGH","u":"L","o":"corp","sf":3024,"v":4000}},{"type":"Feature","geometry":{"type":"Point","coordinates":[-79.9104,40.4613]},"properties":{"p":"0125B00170000000","a":"MEADOW ST","m":"12th Ward - PITTSBURGH","u":"L","o":"corp","sf":2160,"v":3600}},{"type":"Feature","geometry":{"type":"Point","coordinates":[-79.91444,40.4599]},"properties":{"p":"0125E00038000000","a":"ENTERPRISE ST","m":"12th Ward - PITTSBURGH","u":"L","o":"corp","sf":2400,"v":1200}},{"type":"Feature","geometry":{"type":"Point","coordinates":[-79.91439,40.45995]},"properties":{"p":"0125E00040000000","a":"ENTERPRISE ST","m":"12th Ward - PITTSBURGH","u":"L","o":"corp","sf":2400,"v":1200}},{"type":"Feature","geometry":{"type":"Point","coordinates":[-79.90729,40.45804]},"properties":{"p":"0125G00047000000","a":"KELLY ST","m":"12th Ward - PITTSBURGH","u":"L","o":"corp","sf":4704,"v":3900}},{"type":"Feature","geometry":{"type":"Point","coordinates":[-79.90739,40.45808]},"properties":{"p":"0125G00048000000","a":"KELLY ST","m":"12th Ward - PITTSBURGH","u":"L","o":"corp","sf":1280,"v":2500}},{"type":"Feature","geometry":{"type":"Point","coordinates":[-79.90745,40.45809]},"properties":{"p":"0125G00049000000","a":"KELLY ST","m":"12th Ward - PITTSBURGH","u":"L","o":"corp","sf":1234,"v":300}},{"type":"Feature","geometry":{"type":"Point","coordinates":[-79.90751,40.4581]},"properties":{"p":"0125G00050000000","a":"KELLY ST","m":"12th Ward - PITTSBURGH","u":"L","o":"corp","sf":1306,"v":2500}},{"type":"Feature","geometry":{"type":"Point","coordinates":[-79.90768,40.45815]},"properties":{"p":"0125G00052000000","a":"KELLY ST","m":"12th Ward - PITTSBURGH","u":"L","o":"corp","sf":2470,"v":3000}},{"type":"Feature","geometry":{"type":"Point","coordinates":[-79.90781,40.45816]},"properties":{"p":"0125G00053000000","a":"KELLY ST","m":"12th Ward - PITTSBURGH","u":"L","o":"corp","sf":3895,"v":3600}},{"type":"Feature","geometry":{"type":"Point","coordinates":[-79.90484,40.46045]},"properties":{"p":"0125C00227000000","a":"INWOOD ST","m":"12th Ward - PITTSBURGH","u":"L","o":"corp","sf":4080,"v":3600}},{"type":"Feature","geometry":{"type":"Point","coordinates":[-79.91327,40.46226]},"properties":{"p":"0125A00187000000","a":"MAYFLOWER ST","m":"12th Ward - PITTSBURGH","u":"L","o":"corp","sf":2298,"v":3700}},{"type":"Feature","geometry":{"type":"Point","coordinates":[-79.91597,40.46231]},"properties":{"p":"0125A00336000000","a":"EAST LIBERTY BLVD","m":"12th Ward - PITTSBURGH","u":"L","o":"corp","sf":3000,"v":4000}},{"type":"Feature","geometry":{"type":"Point","coordinates":[-79.91585,40.4622]},"properties":{"p":"0125A00339000000","a":"EAST LIBERTY BLVD","m":"12th Ward - PITTSBURGH","u":"L","o":"corp","sf":2800,"v":3900}},{"type":"Feature","geometry":{"type":"Point","coordinates":[-79.91562,40.46201]},"properties":{"p":"0125A00343000000","a":"EAST LIBERTY BLVD","m":"12th Ward - PITTSBURGH","u":"L","o":"corp","sf":2400,"v":3700}},{"type":"Feature","geometry":{"type":"Point","coordinates":[-79.91556,40.46194]},"properties":{"p":"0125A00344000000","a":"EAST LIBERTY BLVD","m":"12th Ward - PITTSBURGH","u":"L","o":"corp","sf":2800,"v":3900}},{"type":"Feature","geometry":{"type":"Point","coordinates":[-79.91564,40.46176]},"properties":{"p":"0125A00345000000","a":"EAST LIBERTY BLVD","m":"12th Ward - PITTSBURGH","u":"L","o":"corp","sf":1100,"v":3100}},{"type":"Feature","geometry":{"type":"Point","coordinates":[-79.91547,40.46187]},"properties":{"p":"0125A00345000100","a":"EAST LIBERTY BLVD","m":"12th Ward - PITTSBURGH","u":"L","o":"corp","sf":4400,"v":4700}},{"type":"Feature","geometry":{"type":"Point","coordinates":[-79.90831,40.46074]},"properties":{"p":"0125B00326000000","a":"FINLEY ST","m":"12th Ward - PITTSBURGH","u":"L","o":"corp","sf":2139,"v":3600}},{"type":"Feature","geometry":{"type":"Point","coordinates":[-79.90342,40.45671]},"properties":{"p":"0125M00226000000","a":"KELLY ST","m":"12th Ward - PITTSBURGH","u":"L","o":"corp","sf":3378,"v":3400}},{"type":"Feature","geometry":{"type":"Point","coordinates":[-79.90264,40.45653]},"properties":{"p":"0125M00239000000","a":"6942 KELLY ST","m":"12th Ward - PITTSBURGH","u":"L","o":"individual","sf":2866,"v":1200}},{"type":"Feature","geometry":{"type":"Point","coordinates":[-79.90249,40.4564]},"properties":{"p":"0125M00242000000","a":"FORMOSA WAY","m":"12th Ward - PITTSBURGH","u":"L","o":"individual","sf":2457,"v":1100}},{"type":"Feature","geometry":{"type":"Point","coordinates":[-79.90299,40.46413]},"properties":{"p":"0124S00090000000","a":"ROWAN ST","m":"12th Ward - PITTSBURGH","u":"L","o":"individual","sf":2832,"v":600}},{"type":"Feature","geometry":{"type":"Point","coordinates":[-79.90177,40.46307]},"properties":{"p":"0124S00185000000","a":"LAXTON ST","m":"12th Ward - PITTSBURGH","u":"L","o":"individual","sf":4251,"v":900}},{"type":"Feature","geometry":{"type":"Point","coordinates":[-79.9018,40.46303]},"properties":{"p":"0124S00185000100","a":"LAXTON ST","m":"12th Ward - PITTSBURGH","u":"L","o":"corp","sf":2160,"v":500}},{"type":"Feature","geometry":{"type":"Point","coordinates":[-79.9105,40.46106]},"properties":{"p":"0125B00179000000","a":"LINCOLN AVE","m":"12th Ward - PITTSBURGH","u":"L","o":"corp","sf":4466,"v":4700}},{"type":"Feature","geometry":{"type":"Point","coordinates":[-79.91125,40.46126]},"properties":{"p":"0125B00192000000","a":"CARVER ST","m":"12th Ward - PITTSBURGH","u":"L","o":"corp","sf":3720,"v":900}},{"type":"Feature","geometry":{"type":"Point","coordinates":[-79.90956,40.46027]},"properties":{"p":"0125B00343000000","a":"FINLEY ST","m":"12th Ward - PITTSBURGH","u":"L","o":"corp","sf":8364,"v":5300}},{"type":"Feature","geometry":{"type":"Point","coordinates":[-79.90776,40.46184]},"properties":{"p":"0125C00011000000","a":"LINCOLN AVE","m":"12th Ward - PITTSBURGH","u":"L","o":"individual","sf":910,"v":300}},{"type":"Feature","geometry":{"type":"Point","coordinates":[-79.90008,40.46183]},"properties":{"p":"0125D00174000000","a":"1215 N MURTLAND ST","m":"12th Ward - PITTSBURGH","u":"L","o":"corp","sf":1800,"v":400}},{"type":"Feature","geometry":{"type":"Point","coordinates":[-79.9001,40.46178]},"properties":{"p":"0125D00175000000","a":"N MURTLAND ST","m":"12th Ward - PITTSBURGH","u":"L","o":"corp","sf":1800,"v":400}},{"type":"Feature","geometry":{"type":"Point","coordinates":[-79.91062,40.46208]},"properties":{"p":"0125B00123000000","a":"MEADOW ST","m":"12th Ward - PITTSBURGH","u":"L","o":"corp","sf":1900,"v":3500}},{"type":"Feature","geometry":{"type":"Point","coordinates":[-79.91068,40.46213]},"properties":{"p":"0125B00124000000","a":"MEADOW ST","m":"12th Ward - PITTSBURGH","u":"L","o":"individual","sf":2128,"v":3600}},{"type":"Feature","geometry":{"type":"Point","coordinates":[-79.91168,40.46111]},"properties":{"p":"0125B00202000000","a":"LOWELL ST","m":"12th Ward - PITTSBURGH","u":"L","o":"corp","sf":5706,"v":1300}},{"type":"Feature","geometry":{"type":"Point","coordinates":[-79.91137,40.46096]},"properties":{"p":"0125B00215000000","a":"LINCOLN AVE","m":"12th Ward - PITTSBURGH","u":"L","o":"corp","sf":2604,"v":3800}},{"type":"Feature","geometry":{"type":"Point","coordinates":[-79.9115,40.46088]},"properties":{"p":"0125B00216000000","a":"LINCOLN AVE","m":"12th Ward - PITTSBURGH","u":"L","o":"individual","sf":2604,"v":3800}},{"type":"Feature","geometry":{"type":"Point","coordinates":[-79.90123,40.46037]},"properties":{"p":"0125D00045000000","a":"GERRITT ST","m":"12th Ward - PITTSBURGH","u":"L","o":"corp","sf":2760,"v":1100}},{"type":"Feature","geometry":{"type":"Point","coordinates":[-79.90126,40.46032]},"properties":{"p":"0125D00046000000","a":"GERRITT ST","m":"12th Ward - PITTSBURGH","u":"L","o":"corp","sf":2760,"v":1100}},{"type":"Feature","geometry":{"type":"Point","coordinates":[-79.90128,40.46026]},"properties":{"p":"0125D00047000000","a":"GERRITT ST","m":"12th Ward - PITTSBURGH","u":"L","o":"corp","sf":2760,"v":3100}},{"type":"Feature","geometry":{"type":"Point","coordinates":[-79.90895,40.46104]},"properties":{"p":"0125B00272000000","a":"LINCOLN AVE","m":"12th Ward - PITTSBURGH","u":"L","o":"individual","sf":4333,"v":4700}},{"type":"Feature","geometry":{"type":"Point","coordinates":[-79.90874,40.4611]},"properties":{"p":"0125B00274000000","a":"LINCOLN AVE","m":"12th Ward - PITTSBURGH","u":"L","o":"corp","sf":3584,"v":4300}},{"type":"Feature","geometry":{"type":"Point","coordinates":[-79.90865,40.46113]},"properties":{"p":"0125B00275000000","a":"LINCOLN AVE","m":"12th Ward - PITTSBURGH","u":"L","o":"individual","sf":3150,"v":4100}},{"type":"Feature","geometry":{"type":"Point","coordinates":[-79.90815,40.46129]},"properties":{"p":"0125B00281000000","a":"550 LINCOLN AVE","m":"12th Ward - PITTSBURGH","u":"L","o":"corp","sf":5617,"v":5100}},{"type":"Feature","geometry":{"type":"Point","coordinates":[-79.908,40.46134]},"properties":{"p":"0125B00283000000","a":"554 LINCOLN AVE","m":"12th Ward - PITTSBURGH","u":"L","o":"corp","sf":5768,"v":5100}},{"type":"Feature","geometry":{"type":"Point","coordinates":[-79.9078,40.461]},"properties":{"p":"0125B00319000000","a":"FINLEY ST","m":"12th Ward - PITTSBURGH","u":"L","o":"individual","sf":3932,"v":4500}},{"type":"Feature","geometry":{"type":"Point","coordinates":[-79.90689,40.4582]},"properties":{"p":"0125G00064000000","a":"FRANKSTOWN AVE","m":"12th Ward - PITTSBURGH","u":"L","o":"corp","sf":2862,"v":1100}},{"type":"Feature","geometry":{"type":"Point","coordinates":[-79.90602,40.45798]},"properties":{"p":"0125G00073000A00","a":"LASCHALL ST","m":"12th Ward - PITTSBURGH","u":"L","o":"individual","sf":711,"v":300}},{"type":"Feature","geometry":{"type":"Point","coordinates":[-79.90588,40.4581]},"properties":{"p":"0125G00074000000","a":"FRANKSTOWN AVE","m":"12th Ward - PITTSBURGH","u":"L","o":"individual","sf":2727,"v":400}},{"type":"Feature","geometry":{"type":"Point","coordinates":[-79.90717,40.45757]},"properties":{"p":"0125L00080000000","a":"6736 KELLY ST","m":"12th Ward - PITTSBURGH","u":"L","o":"individual","sf":4050,"v":3600}},{"type":"Feature","geometry":{"type":"Point","coordinates":[-79.90723,40.45759]},"properties":{"p":"0125L00081000001","a":"KELLY ST","m":"12th Ward - PITTSBURGH","u":"L","o":"corp","sf":405,"v":200}},{"type":"Feature","geometry":{"type":"Point","coordinates":[-79.90439,40.45662]},"properties":{"p":"0125L00124000000","a":"N DALLAS AVE","m":"12th Ward - PITTSBURGH","u":"L","o":"individual","sf":2634,"v":600}},{"type":"Feature","geometry":{"type":"Point","coordinates":[-79.90769,40.45723]},"properties":{"p":"0125L00163000000","a":"HAMILTON AVE","m":"12th Ward - PITTSBURGH","u":"L","o":"corp","sf":3375,"v":3400}},{"type":"Feature","geometry":{"type":"Point","coordinates":[-79.90188,40.46292]},"properties":{"p":"0124S00187000000","a":"LAXTON ST","m":"12th Ward - PITTSBURGH","u":"L","o":"corp","sf":3915,"v":3600}},{"type":"Feature","geometry":{"type":"Point","coordinates":[-79.90137,40.46323]},"properties":{"p":"0124S00196000000","a":"ODESSA PL","m":"12th Ward - PITTSBURGH","u":"L","o":"individual","sf":1901,"v":800}},{"type":"Feature","geometry":{"type":"Point","coordinates":[-79.90137,40.46002]},"properties":{"p":"0125H00079000000","a":"GERRITT ST","m":"12th Ward - PITTSBURGH","u":"L","o":"corp","sf":2760,"v":1100}},{"type":"Feature","geometry":{"type":"Point","coordinates":[-79.90145,40.45982]},"properties":{"p":"0125H00085000000","a":"GERRITT ST","m":"12th Ward - PITTSBURGH","u":"L","o":"corp","sf":2760,"v":1100}},{"type":"Feature","geometry":{"type":"Point","coordinates":[-79.90147,40.45976]},"properties":{"p":"0125H00087000000","a":"GERRITT ST","m":"12th Ward - PITTSBURGH","u":"L","o":"corp","sf":2760,"v":1100}},{"type":"Feature","geometry":{"type":"Point","coordinates":[-79.90149,40.45971]},"properties":{"p":"0125H00089000000","a":"GERRITT ST","m":"12th Ward - PITTSBURGH","u":"L","o":"corp","sf":2760,"v":1100}},{"type":"Feature","geometry":{"type":"Point","coordinates":[-79.90157,40.45951]},"properties":{"p":"0125H00091000000","a":"GERRITT ST","m":"12th Ward - PITTSBURGH","u":"L","o":"corp","sf":2800,"v":600}},{"type":"Feature","geometry":{"type":"Point","coordinates":[-79.90244,40.4559]},"properties":{"p":"0125M00297000000","a":"HAMILTON AVE","m":"12th Ward - PITTSBURGH","u":"L","o":"corp","sf":2464,"v":3000}},{"type":"Feature","geometry":{"type":"Point","coordinates":[-79.90236,40.45609]},"properties":{"p":"0125M00298000000","a":"613 N MURTLAND ST","m":"12th Ward - PITTSBURGH","u":"L","o":"individual","sf":2486,"v":1000}},{"type":"Feature","geometry":{"type":"Point","coordinates":[-79.90245,40.45618]},"properties":{"p":"0125M00299000A00","a":"FORMOSA WAY","m":"12th Ward - PITTSBURGH","u":"L","o":"individual","sf":1025,"v":400}},{"type":"Feature","geometry":{"type":"Point","coordinates":[-79.90201,40.46002]},"properties":{"p":"0125H00059000000","a":"GERRITT ST","m":"12th Ward - PITTSBURGH","u":"L","o":"corp","sf":3000,"v":3200}},{"type":"Feature","geometry":{"type":"Point","coordinates":[-79.90204,40.45995]},"properties":{"p":"0125H00060000000","a":"GERRITT ST","m":"12th Ward - PITTSBURGH","u":"L","o":"corp","sf":3000,"v":1200}},{"type":"Feature","geometry":{"type":"Point","coordinates":[-79.90215,40.45965]},"properties":{"p":"0125H00063000000","a":"GERRITT ST","m":"12th Ward - PITTSBURGH","u":"L","o":"corp","sf":2360,"v":900}},{"type":"Feature","geometry":{"type":"Point","coordinates":[-79.90221,40.45944]},"properties":{"p":"0125H00068000000","a":"GERRITT ST","m":"12th Ward - PITTSBURGH","u":"L","o":"corp","sf":2750,"v":600}},{"type":"Feature","geometry":{"type":"Point","coordinates":[-79.90145,40.4635]},"properties":{"p":"0124S00202000000","a":"LAXTON ST","m":"12th Ward - PITTSBURGH","u":"L","o":"individual","sf":3558,"v":1400}},{"type":"Feature","geometry":{"type":"Point","coordinates":[-79.9012,40.46341]},"properties":{"p":"0124S00206000000","a":"UPLAND ST","m":"12th Ward - PITTSBURGH","u":"L","o":"individual","sf":1860,"v":500}},{"type":"Feature","geometry":{"type":"Point","coordinates":[-79.91159,40.46087]},"properties":{"p":"0125B00217000000","a":"LINCOLN AVE","m":"12th Ward - PITTSBURGH","u":"L","o":"individual","sf":2740,"v":3900}},{"type":"Feature","geometry":{"type":"Point","coordinates":[-79.91152,40.46111]},"properties":{"p":"0125B00219000000","a":"LINCOLN AVE","m":"12th Ward - PITTSBURGH","u":"L","o":"corp","sf":3600,"v":4300}},{"type":"Feature","geometry":{"type":"Point","coordinates":[-79.91197,40.46101]},"properties":{"p":"0125B00223000000","a":"MAYFLOWER ST","m":"12th Ward - PITTSBURGH","u":"L","o":"corp","sf":2400,"v":3700}},{"type":"Feature","geometry":{"type":"Point","coordinates":[-79.91029,40.45951]},"properties":{"p":"0125F00313000000","a":"FRANKSTOWN AVE","m":"12th Ward - PITTSBURGH","u":"L","o":"corp","sf":7123,"v":5200}},{"type":"Feature","geometry":{"type":"Point","coordinates":[-79.91043,40.45952]},"properties":{"p":"0125F00314000000","a":"FRANKSTOWN AVE","m":"12th Ward - PITTSBURGH","u":"L","o":"corp","sf":2077,"v":3500}},{"type":"Feature","geometry":{"type":"Point","coordinates":[-79.91049,40.45954]},"properties":{"p":"0125F00315000000","a":"FRANKSTOWN AVE","m":"12th Ward - PITTSBURGH","u":"L","o":"corp","sf":1900,"v":3500}},{"type":"Feature","geometry":{"type":"Point","coordinates":[-79.91057,40.45957]},"properties":{"p":"0125F00315000A00","a":"FRANKSTOWN AVE","m":"12th Ward - PITTSBURGH","u":"L","o":"corp","sf":1900,"v":3500}},{"type":"Feature","geometry":{"type":"Point","coordinates":[-79.91064,40.45959]},"properties":{"p":"0125F00316000A00","a":"FRANKSTOWN AVE","m":"12th Ward - PITTSBURGH","u":"L","o":"corp","sf":1235,"v":3100}},{"type":"Feature","geometry":{"type":"Point","coordinates":[-79.91044,40.4597]},"properties":{"p":"0125F00317000000","a":"CONTINENTAL ST","m":"12th Ward - PITTSBURGH","u":"L","o":"corp","sf":1718,"v":500}},{"type":"Feature","geometry":{"type":"Point","coordinates":[-79.91039,40.45977]},"properties":{"p":"0125F00318000000","a":"CONTINENTAL ST","m":"12th Ward - PITTSBURGH","u":"L","o":"corp","sf":1991,"v":2300}},{"type":"Feature","geometry":{"type":"Point","coordinates":[-79.91017,40.45993]},"properties":{"p":"0125F00323000000","a":"CONTINENTAL ST","m":"12th Ward - PITTSBURGH","u":"L","o":"corp","sf":2400,"v":3700}},{"type":"Feature","geometry":{"type":"Point","coordinates":[-79.90537,40.46612]},"properties":{"p":"0124L00223000000","a":"ROWAN ST","m":"12th Ward - PITTSBURGH","u":"L","o":"corp","sf":3000,"v":700}},{"type":"Feature","geometry":{"type":"Point","coordinates":[-79.90545,40.46616]},"properties":{"p":"0124L00224000000","a":"ROWAN ST","m":"12th Ward - PITTSBURGH","u":"L","o":"individual","sf":3000,"v":700}},{"type":"Feature","geometry":{"type":"Point","coordinates":[-79.90559,40.46625]},"properties":{"p":"0124L00226000000","a":"ROWAN ST","m":"12th Ward - PITTSBURGH","u":"L","o":"individual","sf":3600,"v":3400}},{"type":"Feature","geometry":{"type":"Point","coordinates":[-79.90575,40.46634]},"properties":{"p":"0124L00228000000","a":"ROWAN ST","m":"12th Ward - PITTSBURGH","u":"L","o":"individual","sf":3600,"v":3400}},{"type":"Feature","geometry":{"type":"Point","coordinates":[-79.90584,40.46639]},"properties":{"p":"0124L00229000000","a":"ROWAN ST","m":"12th Ward - PITTSBURGH","u":"L","o":"individual","sf":3600,"v":3400}},{"type":"Feature","geometry":{"type":"Point","coordinates":[-79.90592,40.46644]},"properties":{"p":"0124L00230000000","a":"ROWAN ST","m":"12th Ward - PITTSBURGH","u":"L","o":"individual","sf":3600,"v":3400}},{"type":"Feature","geometry":{"type":"Point","coordinates":[-79.90524,40.45915]},"properties":{"p":"0125G00211000000","a":"INWOOD ST","m":"12th Ward - PITTSBURGH","u":"L","o":"corp","sf":4488,"v":3800}},{"type":"Feature","geometry":{"type":"Point","coordinates":[-79.90514,40.45903]},"properties":{"p":"0125G00212000000","a":"INWOOD ST","m":"12th Ward - PITTSBURGH","u":"L","o":"corp","sf":4587,"v":3800}},{"type":"Feature","geometry":{"type":"Point","coordinates":[-79.90514,40.45889]},"properties":{"p":"0125G00215000000","a":"INWOOD ST","m":"12th Ward - PITTSBURGH","u":"L","o":"corp","sf":7006,"v":4200}},{"type":"Feature","geometry":{"type":"Point","coordinates":[-79.90512,40.45868]},"properties":{"p":"0125G00218000000","a":"INWOOD ST","m":"12th Ward - PITTSBURGH","u":"L","o":"corp","sf":1230,"v":300}},{"type":"Feature","geometry":{"type":"Point","coordinates":[-79.90513,40.45864]},"properties":{"p":"0125G00219000000","a":"INWOOD ST","m":"12th Ward - PITTSBURGH","u":"L","o":"corp","sf":1394,"v":400}},{"type":"Feature","geometry":{"type":"Point","coordinates":[-79.9088,40.46535]},"properties":{"p":"0124K00267000000","a":"PAULSON AVE","m":"12th Ward - PITTSBURGH","u":"L","o":"individual","sf":2740,"v":1400}},{"type":"Feature","geometry":{"type":"Point","coordinates":[-79.90887,40.4652]},"properties":{"p":"0124K00270000000","a":"VANILLA WAY","m":"12th Ward - PITTSBURGH","u":"L","o":"corp","sf":1250,"v":400}},{"type":"Feature","geometry":{"type":"Point","coordinates":[-79.90907,40.46517]},"properties":{"p":"0124K00273000000","a":"PAULSON AVE","m":"12th Ward - PITTSBURGH","u":"L","o":"individual","sf":2725,"v":3900}},{"type":"Feature","geometry":{"type":"Point","coordinates":[-79.90918,40.46516]},"properties":{"p":"0124K00274000000","a":"PAULSON AVE","m":"12th Ward - PITTSBURGH","u":"L","o":"corp","sf":2750,"v":3900}},{"type":"Feature","geometry":{"type":"Point","coordinates":[-79.90926,40.46513]},"properties":{"p":"0124K00275000000","a":"PAULSON AVE","m":"12th Ward - PITTSBURGH","u":"L","o":"corp","sf":1375,"v":3200}},{"type":"Feature","geometry":{"type":"Point","coordinates":[-79.90924,40.46499]},"properties":{"p":"0124K00276000000","a":"PAULSON AVE","m":"12th Ward - PITTSBURGH","u":"L","o":"corp","sf":2725,"v":1400}},{"type":"Feature","geometry":{"type":"Point","coordinates":[-79.90364,40.4651]},"properties":{"p":"0124M00001000000","a":"6615 ROWAN ST","m":"12th Ward - PITTSBURGH","u":"L","o":"corp","sf":3000,"v":700}},{"type":"Feature","geometry":{"type":"Point","coordinates":[-79.90357,40.46506]},"properties":{"p":"0124M00002000000","a":"6615 ROWAN ST","m":"12th Ward - PITTSBURGH","u":"L","o":"corp","sf":3000,"v":700}},{"type":"Feature","geometry":{"type":"Point","coordinates":[-79.9116,40.46537]},"properties":{"p":"0124K00169000A00","a":"SHETLAND ST","m":"12th Ward - PITTSBURGH","u":"L","o":"corp","sf":2008,"v":500}},{"type":"Feature","geometry":{"type":"Point","coordinates":[-79.91148,40.4652]},"properties":{"p":"0124K00172000000","a":"SHETLAND ST","m":"12th Ward - PITTSBURGH","u":"L","o":"corp","sf":3942,"v":4500}},{"type":"Feature","geometry":{"type":"Point","coordinates":[-79.91156,40.46503]},"properties":{"p":"0124K00174000000","a":"MAXWELL WAY","m":"12th Ward - PITTSBURGH","u":"L","o":"corp","sf":1920,"v":1000}},{"type":"Feature","geometry":{"type":"Point","coordinates":[-79.90135,40.46739]},"properties":{"p":"0124H00342000000","a":"HYATT ST","m":"12th Ward - PITTSBURGH","u":"L","o":"corp","sf":5500,"v":2100}},{"type":"Feature","geometry":{"type":"Point","coordinates":[-79.90125,40.46746]},"properties":{"p":"0124H00344000000","a":"HYATT ST","m":"12th Ward - PITTSBURGH","u":"L","o":"individual","sf":3342,"v":3300}},{"type":"Feature","geometry":{"type":"Point","coordinates":[-79.90176,40.46763]},"properties":{"p":"0124H00357000000","a":"MONTEZUMA ST","m":"12th Ward - PITTSBURGH","u":"L","o":"individual","sf":3450,"v":800}},{"type":"Feature","geometry":{"type":"Point","coordinates":[-79.90202,40.46563]},"properties":{"p":"0124M00141000000","a":"APPLE ST","m":"12th Ward - PITTSBURGH","u":"L","o":"individual","sf":2880,"v":1200}},{"type":"Feature","geometry":{"type":"Point","coordinates":[-79.90193,40.46558]},"properties":{"p":"0124M00142000000","a":"APPLE ST","m":"12th Ward - PITTSBURGH","u":"L","o":"individual","sf":5400,"v":2000}},{"type":"Feature","geometry":{"type":"Point","coordinates":[-79.90271,40.46854]},"properties":{"p":"0124H00123000000","a":"PAULSON AVE","m":"12th Ward - PITTSBURGH","u":"L","o":"individual","sf":5040,"v":4000}},{"type":"Feature","geometry":{"type":"Point","coordinates":[-79.90209,40.46878]},"properties":{"p":"0124H00132000000","a":"PAULSON AVE","m":"12th Ward - PITTSBURGH","u":"L","o":"individual","sf":3600,"v":3400}},{"type":"Feature","geometry":{"type":"Point","coordinates":[-79.90492,40.45756]},"properties":{"p":"0125L00013000000","a":"KELLY ST","m":"12th Ward - PITTSBURGH","u":"L","o":"corp","sf":2500,"v":600}},{"type":"Feature","geometry":{"type":"Point","coordinates":[-79.9036,40.46553]},"properties":{"p":"0124M00012000000","a":"DEARY ST","m":"12th Ward - PITTSBURGH","u":"L","o":"corp","sf":2500,"v":3000}},{"type":"Feature","geometry":{"type":"Point","coordinates":[-79.90345,40.46544]},"properties":{"p":"0124M00014000000","a":"DEARY ST","m":"12th Ward - PITTSBURGH","u":"L","o":"corp","sf":2500,"v":400}},{"type":"Feature","geometry":{"type":"Point","coordinates":[-79.91192,40.46701]},"properties":{"p":"0124K00052000000","a":"JOSEPH ST","m":"12th Ward - PITTSBURGH","u":"L","o":"corp","sf":2000,"v":1000}},{"type":"Feature","geometry":{"type":"Point","coordinates":[-79.91189,40.46695]},"properties":{"p":"0124K00053000000","a":"JOSEPH ST","m":"12th Ward - PITTSBURGH","u":"L","o":"corp","sf":2000,"v":1000}},{"type":"Feature","geometry":{"type":"Point","coordinates":[-79.91181,40.46684]},"properties":{"p":"0124K00055000000","a":"JOSEPH ST","m":"12th Ward - PITTSBURGH","u":"L","o":"corp","sf":2473,"v":1200}},{"type":"Feature","geometry":{"type":"Point","coordinates":[-79.91176,40.46677]},"properties":{"p":"0124K00056000000","a":"JOSEPH ST","m":"12th Ward - PITTSBURGH","u":"L","o":"corp","sf":3445,"v":1700}},{"type":"Feature","geometry":{"type":"Point","coordinates":[-79.91162,40.46663]},"properties":{"p":"0124K00059000000","a":"LARIMER AVE","m":"12th Ward - PITTSBURGH","u":"L","o":"corp","sf":2178,"v":3600}},{"type":"Feature","geometry":{"type":"Point","coordinates":[-79.91171,40.46659]},"properties":{"p":"0124K00060000000","a":"LARIMER AVE","m":"12th Ward - PITTSBURGH","u":"L","o":"corp","sf":2155,"v":600}},{"type":"Feature","geometry":{"type":"Point","coordinates":[-79.90194,40.46748]},"properties":{"p":"0124H00360000000","a":"MONTEZUMA ST","m":"12th Ward - PITTSBURGH","u":"L","o":"individual","sf":3150,"v":3300}},{"type":"Feature","geometry":{"type":"Point","coordinates":[-79.90201,40.46743]},"properties":{"p":"0124H00361000000","a":"MONTEZUMA ST","m":"12th Ward - PITTSBURGH","u":"L","o":"individual","sf":3025,"v":700}},{"type":"Feature","geometry":{"type":"Point","coordinates":[-79.90207,40.46737]},"properties":{"p":"0124H00362000000","a":"MONTEZUMA ST","m":"12th Ward - PITTSBURGH","u":"L","o":"individual","sf":2950,"v":1200}},{"type":"Feature","geometry":{"type":"Point","coordinates":[-79.90391,40.46576]},"properties":{"p":"0124L00107000000","a":"DEARY ST","m":"12th Ward - PITTSBURGH","u":"L","o":"individual","sf":1875,"v":500}},{"type":"Feature","geometry":{"type":"Point","coordinates":[-79.91415,40.46651]},"properties":{"p":"0124J00133000000","a":"MCDONALD ST","m":"12th Ward - PITTSBURGH","u":"L","o":"corp","sf":1193,"v":600}},{"type":"Feature","geometry":{"type":"Point","coordinates":[-79.91409,40.46648]},"properties":{"p":"0124J00133000A00","a":"MCDONALD ST","m":"12th Ward - PITTSBURGH","u":"L","o":"corp","sf":1248,"v":600}},{"type":"Feature","geometry":{"type":"Point","coordinates":[-79.91405,40.46649]},"properties":{"p":"0124J00134000000","a":"MCDONALD ST","m":"12th Ward - PITTSBURGH","u":"L","o":"corp","sf":1235,"v":600}},{"type":"Feature","geometry":{"type":"Point","coordinates":[-79.91402,40.46651]},"properties":{"p":"0124J00134000A00","a":"MCDONALD ST","m":"12th Ward - PITTSBURGH","u":"L","o":"corp","sf":1235,"v":600}},{"type":"Feature","geometry":{"type":"Point","coordinates":[-79.91397,40.46653]},"properties":{"p":"0124J00135000000","a":"MCDONALD ST","m":"12th Ward - PITTSBURGH","u":"L","o":"individual","sf":1287,"v":400}},{"type":"Feature","geometry":{"type":"Point","coordinates":[-79.9139,40.46656]},"properties":{"p":"0124J00136000000","a":"MCDONALD ST","m":"12th Ward - PITTSBURGH","u":"L","o":"corp","sf":2475,"v":3700}},{"type":"Feature","geometry":{"type":"Point","coordinates":[-79.91382,40.46659]},"properties":{"p":"0124J00137000000","a":"MCDONALD ST","m":"12th Ward - PITTSBURGH","u":"L","o":"corp","sf":2525,"v":3800}},{"type":"Feature","geometry":{"type":"Point","coordinates":[-79.9055,40.45845]},"properties":{"p":"0125G00225000000","a":"FRANKSTOWN AVE","m":"12th Ward - PITTSBURGH","u":"L","o":"corp","sf":3600,"v":1400}},{"type":"Feature","geometry":{"type":"Point","coordinates":[-79.90251,40.46766]},"properties":{"p":"0124H00222000000","a":"DEAN ST","m":"12th Ward - PITTSBURGH","u":"L","o":"individual","sf":5730,"v":4100}},{"type":"Feature","geometry":{"type":"Point","coordinates":[-79.90284,40.46786]},"properties":{"p":"0124H00226000000","a":"DEAN ST","m":"12th Ward - PITTSBURGH","u":"L","o":"corp","sf":9829,"v":4400}},{"type":"Feature","geometry":{"type":"Point","coordinates":[-79.90314,40.46795]},"properties":{"p":"0124H00232000000","a":"PAULSON AVE","m":"12th Ward - PITTSBURGH","u":"L","o":"individual","sf":896,"v":300}},{"type":"Feature","geometry":{"type":"Point","coordinates":[-79.9031,40.46797]},"properties":{"p":"0124H00233000000","a":"PAULSON AVE","m":"12th Ward - PITTSBURGH","u":"L","o":"individual","sf":1027,"v":300}},{"type":"Feature","geometry":{"type":"Point","coordinates":[-79.90947,40.46491]},"properties":{"p":"0124K00279000000","a":"PAULSON AVE","m":"12th Ward - PITTSBURGH","u":"L","o":"individual","sf":2725,"v":1400}},{"type":"Feature","geometry":{"type":"Point","coordinates":[-79.90398,40.46563]},"properties":{"p":"0124L00108000000","a":"MONTEZUMA ST","m":"12th Ward - PITTSBURGH","u":"L","o":"individual","sf":1250,"v":300}},{"type":"Feature","geometry":{"type":"Point","coordinates":[-79.90317,40.46694]},"properties":{"p":"0124M00244000A00","a":"APPLE ST","m":"12th Ward - PITTSBURGH","u":"L","o":"individual","sf":3550,"v":3400}},{"type":"Feature","geometry":{"type":"Point","coordinates":[-79.90623,40.46662]},"properties":{"p":"0124L00234000000","a":"ROWAN ST","m":"12th Ward - PITTSBURGH","u":"L","o":"corp","sf":3000,"v":3200}},{"type":"Feature","geometry":{"type":"Point","coordinates":[-79.90648,40.4667]},"properties":{"p":"0124L00237000000","a":"ROWAN ST","m":"12th Ward - PITTSBURGH","u":"L","o":"individual","sf":1548,"v":400}},{"type":"Feature","geometry":{"type":"Point","coordinates":[-79.90656,40.46673]},"properties":{"p":"0124L00239000000","a":"ROWAN ST","m":"12th Ward - PITTSBURGH","u":"L","o":"individual","sf":3590,"v":3400}},{"type":"Feature","geometry":{"type":"Point","coordinates":[-79.90576,40.46584]},"properties":{"p":"0124L00262000000","a":"ROWAN ST","m":"12th Ward - PITTSBURGH","u":"L","o":"individual","sf":1587,"v":2600}},{"type":"Feature","geometry":{"type":"Point","coordinates":[-79.90538,40.45864]},"properties":{"p":"0125G00227000000","a":"SWEENEY PL","m":"12th Ward - PITTSBURGH","u":"L","o":"corp","sf":864,"v":300}},{"type":"Feature","geometry":{"type":"Point","coordinates":[-79.90538,40.45892]},"properties":{"p":"0125G00231000000","a":"SWEENEY PL","m":"12th Ward - PITTSBURGH","u":"L","o":"corp","sf":920,"v":300}},{"type":"Feature","geometry":{"type":"Point","coordinates":[-79.90568,40.45907]},"properties":{"p":"0125G00264000000","a":"SWEENEY PL","m":"12th Ward - PITTSBURGH","u":"L","o":"individual","sf":3451,"v":3400}},{"type":"Feature","geometry":{"type":"Point","coordinates":[-79.90569,40.45899]},"properties":{"p":"0125G00265000000","a":"LASCHALL ST","m":"12th Ward - PITTSBURGH","u":"L","o":"corp","sf":3471,"v":1400}},{"type":"Feature","geometry":{"type":"Point","coordinates":[-79.91121,40.45922]},"properties":{"p":"0125F00053000000","a":"JULIUS ST","m":"12th Ward - PITTSBURGH","u":"L","o":"corp","sf":16665,"v":6100}},{"type":"Feature","geometry":{"type":"Point","coordinates":[-79.91072,40.45919]},"properties":{"p":"0125F00066000000","a":"FRANKSTOWN AVE","m":"12th Ward - PITTSBURGH","u":"L","o":"corp","sf":9375,"v":5800}},{"type":"Feature","geometry":{"type":"Point","coordinates":[-79.90859,40.46538]},"properties":{"p":"0124K00284000000","a":"VANILLA WAY","m":"12th Ward - PITTSBURGH","u":"L","o":"corp","sf":1150,"v":300}},{"type":"Feature","geometry":{"type":"Point","coordinates":[-79.90953,40.46664]},"properties":{"p":"0124K00316000000","a":"HOOKER ST","m":"12th Ward - PITTSBURGH","u":"L","o":"individual","sf":44736,"v":8700}},{"type":"Feature","geometry":{"type":"Point","coordinates":[-79.90309,40.46523]},"properties":{"p":"0124M00019000000","a":"DEARY ST","m":"12th Ward - PITTSBURGH","u":"L","o":"individual","sf":2500,"v":600}},{"type":"Feature","geometry":{"type":"Point","coordinates":[-79.90302,40.46518]},"properties":{"p":"0124M00020000000","a":"DEARY ST","m":"12th Ward - PITTSBURGH","u":"L","o":"individual","sf":2500,"v":600}},{"type":"Feature","geometry":{"type":"Point","coordinates":[-79.91137,40.46485]},"properties":{"p":"0124K00179000000","a":"MAXWELL WAY","m":"12th Ward - PITTSBURGH","u":"L","o":"corp","sf":1620,"v":800}},{"type":"Feature","geometry":{"type":"Point","coordinates":[-79.91056,40.465]},"properties":{"p":"0124K00182000000","a":"SHETLAND ST","m":"12th Ward - PITTSBURGH","u":"L","o":"individual","sf":4400,"v":400}},{"type":"Feature","geometry":{"type":"Point","coordinates":[-79.91076,40.46518]},"properties":{"p":"0124K00185000000","a":"SHETLAND ST","m":"12th Ward - PITTSBURGH","u":"L","o":"corp","sf":2700,"v":1400}},{"type":"Feature","geometry":{"type":"Point","coordinates":[-79.91082,40.46523]},"properties":{"p":"0124K00186000000","a":"SHETLAND ST","m":"12th Ward - PITTSBURGH","u":"L","o":"corp","sf":2700,"v":3900}},{"type":"Feature","geometry":{"type":"Point","coordinates":[-79.91378,40.4649]},"properties":{"p":"0124J00260000000","a":"MEADOW ST","m":"12th Ward - PITTSBURGH","u":"L","o":"corp","sf":3151,"v":1600}},{"type":"Feature","geometry":{"type":"Point","coordinates":[-79.9138,40.46497]},"properties":{"p":"0124J00261000000","a":"STOEBNER WAY","m":"12th Ward - PITTSBURGH","u":"L","o":"corp","sf":3941,"v":4500}},{"type":"Feature","geometry":{"type":"Point","coordinates":[-79.90185,40.46887]},"properties":{"p":"0124H00135000000","a":"PAULSON AVE","m":"12th Ward - PITTSBURGH","u":"L","o":"individual","sf":3000,"v":3200}},{"type":"Feature","geometry":{"type":"Point","coordinates":[-79.90175,40.4689]},"properties":{"p":"0124H00136000000","a":"PAULSON AVE","m":"12th Ward - PITTSBURGH","u":"L","o":"individual","sf":4200,"v":1300}},{"type":"Feature","geometry":{"type":"Point","coordinates":[-79.90154,40.46899]},"properties":{"p":"0124H00140000000","a":"PAULSON AVE","m":"12th Ward - PITTSBURGH","u":"L","o":"individual","sf":3000,"v":1200}},{"type":"Feature","geometry":{"type":"Point","coordinates":[-79.90102,40.46918]},"properties":{"p":"0124H00145000000","a":"PAULSON AVE","m":"12th Ward - PITTSBURGH","u":"L","o":"individual","sf":6000,"v":2100}},{"type":"Feature","geometry":{"type":"Point","coordinates":[-79.90091,40.46922]},"properties":{"p":"0124H00147000000","a":"PAULSON AVE","m":"12th Ward - PITTSBURGH","u":"L","o":"corp","sf":1900,"v":500}},{"type":"Feature","geometry":{"type":"Point","coordinates":[-79.90401,40.45749]},"properties":{"p":"0125L00022000000","a":"N DALLAS AVE","m":"12th Ward - PITTSBURGH","u":"L","o":"corp","sf":2700,"v":1100}},{"type":"Feature","geometry":{"type":"Point","coordinates":[-79.90403,40.45742]},"properties":{"p":"0125L00023000000","a":"N DALLAS AVE","m":"12th Ward - PITTSBURGH","u":"L","o":"corp","sf":2700,"v":3100}},{"type":"Feature","geometry":{"type":"Point","coordinates":[-79.90406,40.45735]},"properties":{"p":"0125L00024000000","a":"N DALLAS AVE","m":"12th Ward - PITTSBURGH","u":"L","o":"corp","sf":2700,"v":400}},{"type":"Feature","geometry":{"type":"Point","coordinates":[-79.90409,40.45727]},"properties":{"p":"0125L00025000000","a":"N DALLAS AVE","m":"12th Ward - PITTSBURGH","u":"L","o":"corp","sf":2200,"v":400}},{"type":"Feature","geometry":{"type":"Point","coordinates":[-79.90295,40.46515]},"properties":{"p":"0124M00021000000","a":"6638 DEARY ST","m":"12th Ward - PITTSBURGH","u":"L","o":"individual","sf":2500,"v":1000}},{"type":"Feature","geometry":{"type":"Point","coordinates":[-79.90269,40.46504]},"properties":{"p":"0124M00024000000","a":"DEARY ST","m":"12th Ward - PITTSBURGH","u":"L","o":"individual","sf":2415,"v":3000}},{"type":"Feature","geometry":{"type":"Point","coordinates":[-79.91062,40.46658]},"properties":{"p":"0124K00084000000","a":"LARIMER AVE","m":"12th Ward - PITTSBURGH","u":"L","o":"individual","sf":2500,"v":1300}},{"type":"Feature","geometry":{"type":"Point","coordinates":[-79.91045,40.46665]},"properties":{"p":"0124K00086000000","a":"LARIMER AVE","m":"12th Ward - PITTSBURGH","u":"L","o":"individual","sf":2500,"v":1300}},{"type":"Feature","geometry":{"type":"Point","coordinates":[-79.91029,40.46671]},"properties":{"p":"0124K00088000000","a":"LARIMER AVE","m":"12th Ward - PITTSBURGH","u":"L","o":"individual","sf":1512,"v":800}},{"type":"Feature","geometry":{"type":"Point","coordinates":[-79.91024,40.46678]},"properties":{"p":"0124K00089000000","a":"LARIMER AVE","m":"12th Ward - PITTSBURGH","u":"L","o":"corp","sf":2711,"v":1400}},{"type":"Feature","geometry":{"type":"Point","coordinates":[-79.90454,40.46609]},"properties":{"p":"0124L00116000000","a":"DEARY ST","m":"12th Ward - PITTSBURGH","u":"L","o":"individual","sf":5000,"v":4000}},{"type":"Feature","geometry":{"type":"Point","coordinates":[-79.90466,40.46615]},"properties":{"p":"0124L00119000000","a":"DEARY ST","m":"12th Ward - PITTSBURGH","u":"L","o":"individual","sf":3500,"v":3400}},{"type":"Feature","geometry":{"type":"Point","coordinates":[-79.91374,40.46662]},"properties":{"p":"0124J00138000000","a":"MCDONALD ST","m":"12th Ward - PITTSBURGH","u":"L","o":"corp","sf":2575,"v":3800}},{"type":"Feature","geometry":{"type":"Point","coordinates":[-79.91366,40.46666]},"properties":{"p":"0124J00139000000","a":"MCDONALD ST","m":"12th Ward - PITTSBURGH","u":"L","o":"corp","sf":2600,"v":1300}},{"type":"Feature","geometry":{"type":"Point","coordinates":[-79.91299,40.4671]},"properties":{"p":"0124J00151000000","a":"SHETLAND ST","m":"12th Ward - PITTSBURGH","u":"L","o":"corp","sf":864,"v":300}},{"type":"Feature","geometry":{"type":"Point","coordinates":[-79.91296,40.46706]},"properties":{"p":"0124J00152000000","a":"SHETLAND ST","m":"12th Ward - PITTSBURGH","u":"L","o":"corp","sf":810,"v":300}},{"type":"Feature","geometry":{"type":"Point","coordinates":[-79.91305,40.46697]},"properties":{"p":"0124J00153000000","a":"SHETLAND ST","m":"12th Ward - PITTSBURGH","u":"L","o":"corp","sf":3900,"v":2000}},{"type":"Feature","geometry":{"type":"Point","coordinates":[-79.90673,40.45868]},"properties":{"p":"0125G00283000000","a":"6735 FRANKSTOWN AVE","m":"12th Ward - PITTSBURGH","u":"L","o":"individual","sf":4800,"v":3900}},{"type":"Feature","geometry":{"type":"Point","coordinates":[-79.90314,40.46745]},"properties":{"p":"0124H00241000000","a":"DEAN ST","m":"12th Ward - PITTSBURGH","u":"L","o":"corp","sf":3000,"v":3200}},{"type":"Feature","geometry":{"type":"Point","coordinates":[-79.90138,40.46818]},"properties":{"p":"0124H00250000000","a":"MONTEZUMA ST","m":"12th Ward - PITTSBURGH","u":"L","o":"individual","sf":2233,"v":500}},{"type":"Feature","geometry":{"type":"Point","coordinates":[-79.90018,40.46523]},"properties":{"p":"0124M00162000000","a":"APPLE ST","m":"12th Ward - PITTSBURGH","u":"L","o":"individual","sf":3984,"v":3600}},{"type":"Feature","geometry":{"type":"Point","coordinates":[-79.90029,40.46528]},"properties":{"p":"0124M00167000000","a":"APPLE ST","m":"12th Ward - PITTSBURGH","u":"L","o":"individual","sf":3975,"v":3600}},{"type":"Feature","geometry":{"type":"Point","coordinates":[-79.90094,40.46562]},"properties":{"p":"0124M00174000000","a":"APPLE ST","m":"12th Ward - PITTSBURGH","u":"L","o":"individual","sf":13300,"v":4800}},{"type":"Feature","geometry":{"type":"Point","coordinates":[-79.90146,40.46591]},"properties":{"p":"0124M00180000000","a":"APPLE ST","m":"12th Ward - PITTSBURGH","u":"L","o":"individual","sf":6200,"v":4100}},{"type":"Feature","geometry":{"type":"Point","coordinates":[-79.91093,40.46526]},"properties":{"p":"0124K00187000000","a":"SHETLAND ST","m":"12th Ward - PITTSBURGH","u":"L","o":"corp","sf":1943,"v":1000}},{"type":"Feature","geometry":{"type":"Point","coordinates":[-79.91038,40.46527]},"properties":{"p":"0124K00190000000","a":"RAPIDAN WAY","m":"12th Ward - PITTSBURGH","u":"L","o":"corp","sf":1800,"v":3400}},{"type":"Feature","geometry":{"type":"Point","coordinates":[-79.91057,40.46537]},"properties":{"p":"0124K00191000000","a":"THOMPSON ST","m":"12th Ward - PITTSBURGH","u":"L","o":"corp","sf":2500,"v":600}},{"type":"Feature","geometry":{"type":"Point","coordinates":[-79.90541,40.46563]},"properties":{"p":"0124L00268000A00","a":"ROWAN ST","m":"12th Ward - PITTSBURGH","u":"L","o":"corp","sf":1600,"v":600}},{"type":"Feature","geometry":{"type":"Point","coordinates":[-79.90532,40.45715]},"properties":{"p":"0125L00058000000","a":"KELLY ST","m":"12th Ward - PITTSBURGH","u":"L","o":"individual","sf":3631,"v":3500}},{"type":"Feature","geometry":{"type":"Point","coordinates":[-79.90542,40.45717]},"properties":{"p":"0125L00059000000","a":"KELLY ST","m":"12th Ward - PITTSBURGH","u":"L","o":"individual","sf":4050,"v":3600}},{"type":"Feature","geometry":{"type":"Point","coordinates":[-79.90792,40.46665]},"properties":{"p":"0124K00385000000","a":"WASHINGTON BLVD","m":"12th Ward - PITTSBURGH","u":"L","o":"individual","sf":16739,"v":5100}},{"type":"Feature","geometry":{"type":"Point","coordinates":[-79.90206,40.46517]},"properties":{"p":"0124M00036000000","a":"DEARY ST","m":"12th Ward - PITTSBURGH","u":"L","o":"individual","sf":2880,"v":700}},{"type":"Feature","geometry":{"type":"Point","coordinates":[-79.91365,40.46709]},"properties":{"p":"0124J00051000000","a":"LENORA ST","m":"12th Ward - PITTSBURGH","u":"L","o":"corp","sf":2208,"v":3600}},{"type":"Feature","geometry":{"type":"Point","coordinates":[-79.91379,40.46703]},"properties":{"p":"0124J00053000000","a":"LENORA ST","m":"12th Ward - PITTSBURGH","u":"L","o":"corp","sf":2300,"v":1200}},{"type":"Feature","geometry":{"type":"Point","coordinates":[-79.91388,40.46699]},"properties":{"p":"0124J00055000000","a":"LENORA ST","m":"12th Ward - PITTSBURGH","u":"L","o":"corp","sf":2076,"v":1000}},{"type":"Feature","geometry":{"type":"Point","coordinates":[-79.91219,40.46567]},"properties":{"p":"0124J00358000000","a":"SHETLAND ST","m":"12th Ward - PITTSBURGH","u":"L","o":"corp","sf":3231,"v":4100}},{"type":"Feature","geometry":{"type":"Point","coordinates":[-79.90033,40.46944]},"properties":{"p":"0124H00154000000","a":"PAULSON AVE","m":"12th Ward - PITTSBURGH","u":"L","o":"corp","sf":3000,"v":1200}},{"type":"Feature","geometry":{"type":"Point","coordinates":[-79.90222,40.46527]},"properties":{"p":"0124M00039000000","a":"DEARY ST","m":"12th Ward - PITTSBURGH","u":"L","o":"individual","sf":2880,"v":700}},{"type":"Feature","geometry":{"type":"Point","coordinates":[-79.90229,40.46531]},"properties":{"p":"0124M00040000000","a":"DEARY ST","m":"12th Ward - PITTSBURGH","u":"L","o":"individual","sf":2880,"v":700}},{"type":"Feature","geometry":{"type":"Point","coordinates":[-79.90237,40.46536]},"properties":{"p":"0124M00041000000","a":"DEARY ST","m":"12th Ward - PITTSBURGH","u":"L","o":"individual","sf":2880,"v":700}},{"type":"Feature","geometry":{"type":"Point","coordinates":[-79.90244,40.4654]},"properties":{"p":"0124M00042000000","a":"DEARY ST","m":"12th Ward - PITTSBURGH","u":"L","o":"individual","sf":2880,"v":3200}},{"type":"Feature","geometry":{"type":"Point","coordinates":[-79.90251,40.46544]},"properties":{"p":"0124M00043000000","a":"DEARY ST","m":"12th Ward - PITTSBURGH","u":"L","o":"individual","sf":2880,"v":3200}},{"type":"Feature","geometry":{"type":"Point","coordinates":[-79.91069,40.4663]},"properties":{"p":"0124K00103000000","a":"JOSEPH ST","m":"12th Ward - PITTSBURGH","u":"L","o":"corp","sf":2864,"v":1400}},{"type":"Feature","geometry":{"type":"Point","coordinates":[-79.91062,40.46621]},"properties":{"p":"0124K00105000000","a":"JOSEPH ST","m":"12th Ward - PITTSBURGH","u":"L","o":"corp","sf":5500,"v":5100}},{"type":"Feature","geometry":{"type":"Point","coordinates":[-79.9105,40.46615]},"properties":{"p":"0124K00108000000","a":"JOSEPH ST","m":"12th Ward - PITTSBURGH","u":"L","o":"corp","sf":2750,"v":3900}},{"type":"Feature","geometry":{"type":"Point","coordinates":[-79.91027,40.46609]},"properties":{"p":"0124K00111000000","a":"THOMPSON ST","m":"12th Ward - PITTSBURGH","u":"L","o":"corp","sf":1530,"v":2000}},{"type":"Feature","geometry":{"type":"Point","coordinates":[-79.9142,40.46685]},"properties":{"p":"0124J00059000000","a":"LENORA ST","m":"12th Ward - PITTSBURGH","u":"L","o":"corp","sf":2731,"v":3900}},{"type":"Feature","geometry":{"type":"Point","coordinates":[-79.90326,40.46588]},"properties":{"p":"0124M00054000000","a":"DEARY ST","m":"12th Ward - PITTSBURGH","u":"L","o":"individual","sf":2880,"v":700}},{"type":"Feature","geometry":{"type":"Point","coordinates":[-79.90333,40.46592]},"properties":{"p":"0124M00055000000","a":"DEARY ST","m":"12th Ward - PITTSBURGH","u":"L","o":"individual","sf":2880,"v":3200}},{"type":"Feature","geometry":{"type":"Point","coordinates":[-79.9034,40.46596]},"properties":{"p":"0124M00056000000","a":"DEARY ST","m":"12th Ward - PITTSBURGH","u":"L","o":"individual","sf":2880,"v":3200}},{"type":"Feature","geometry":{"type":"Point","coordinates":[-79.91371,40.4662]},"properties":{"p":"0124J00169000000","a":"MCDONALD ST","m":"12th Ward - PITTSBURGH","u":"L","o":"corp","sf":15000,"v":5900}},{"type":"Feature","geometry":{"type":"Point","coordinates":[-79.91272,40.46648]},"properties":{"p":"0124J00187000000","a":"SHETLAND ST","m":"12th Ward - PITTSBURGH","u":"L","o":"individual","sf":4160,"v":4600}},{"type":"Feature","geometry":{"type":"Point","coordinates":[-79.91219,40.46669]},"properties":{"p":"0124J00189000000","a":"SHETLAND ST","m":"12th Ward - PITTSBURGH","u":"L","o":"corp","sf":3720,"v":4400}},{"type":"Feature","geometry":{"type":"Point","coordinates":[-79.9123,40.46685]},"properties":{"p":"0124J00194000000","a":"SHETLAND ST","m":"12th Ward - PITTSBURGH","u":"L","o":"corp","sf":3360,"v":1700}},{"type":"Feature","geometry":{"type":"Point","coordinates":[-79.91245,40.46708]},"properties":{"p":"0124J00196000000","a":"SHETLAND ST","m":"12th Ward - PITTSBURGH","u":"L","o":"corp","sf":3360,"v":4200}},{"type":"Feature","geometry":{"type":"Point","coordinates":[-79.90521,40.46528]},"properties":{"p":"0124L00275000000","a":"ODESSA PL","m":"12th Ward - PITTSBURGH","u":"L","o":"individual","sf":1405,"v":400}},{"type":"Feature","geometry":{"type":"Point","coordinates":[-79.90731,40.45912]},"properties":{"p":"0125G00319000000","a":"WASHINGTON BLVD","m":"12th Ward - PITTSBURGH","u":"L","o":"individual","sf":3827,"v":800}},{"type":"Feature","geometry":{"type":"Point","coordinates":[-79.90346,40.466]},"properties":{"p":"0124M00057000000","a":"DEARY ST","m":"12th Ward - PITTSBURGH","u":"L","o":"individual","sf":2880,"v":3200}},{"type":"Feature","geometry":{"type":"Point","coordinates":[-79.90335,40.46631]},"properties":{"p":"0124M00122000000","a":"ALLEMANNIA WAY","m":"12th Ward - PITTSBURGH","u":"L","o":"individual","sf":1440,"v":400}},{"type":"Feature","geometry":{"type":"Point","coordinates":[-79.90295,40.46618]},"properties":{"p":"0124M00128000000","a":"APPLE ST","m":"12th Ward - PITTSBURGH","u":"L","o":"individual","sf":2880,"v":700}},{"type":"Feature","geometry":{"type":"Point","coordinates":[-79.90288,40.46615]},"properties":{"p":"0124M00129000000","a":"APPLE ST","m":"12th Ward - PITTSBURGH","u":"L","o":"individual","sf":2880,"v":1200}},{"type":"Feature","geometry":{"type":"Point","coordinates":[-79.91,40.4657]},"properties":{"p":"0124K00198000000","a":"THOMPSON ST","m":"12th Ward - PITTSBURGH","u":"L","o":"corp","sf":3250,"v":4100}},{"type":"Feature","geometry":{"type":"Point","coordinates":[-79.90993,40.46574]},"properties":{"p":"0124K00200000000","a":"THOMPSON ST","m":"12th Ward - PITTSBURGH","u":"L","o":"individual","sf":3250,"v":4100}},{"type":"Feature","geometry":{"type":"Point","coordinates":[-79.90986,40.46579]},"properties":{"p":"0124K00201000000","a":"THOMPSON ST","m":"12th Ward - PITTSBURGH","u":"L","o":"corp","sf":3250,"v":4100}},{"type":"Feature","geometry":{"type":"Point","coordinates":[-79.9098,40.46583]},"properties":{"p":"0124K00202000000","a":"THOMPSON ST","m":"12th Ward - PITTSBURGH","u":"L","o":"corp","sf":3250,"v":4100}},{"type":"Feature","geometry":{"type":"Point","coordinates":[-79.90965,40.46592]},"properties":{"p":"0124K00204000000","a":"636 THOMPSON ST","m":"12th Ward - PITTSBURGH","u":"L","o":"individual","sf":3250,"v":4100}},{"type":"Feature","geometry":{"type":"Point","coordinates":[-79.90447,40.46505]},"properties":{"p":"0124L00283000000","a":"ROWAN ST","m":"12th Ward - PITTSBURGH","u":"L","o":"corp","sf":2808,"v":3100}},{"type":"Feature","geometry":{"type":"Point","coordinates":[-79.91206,40.46547]},"properties":{"p":"0124J00363000000","a":"MAXWELL WAY","m":"12th Ward - PITTSBURGH","u":"L","o":"corp","sf":1325,"v":700}},{"type":"Feature","geometry":{"type":"Point","coordinates":[-79.91015,40.46733]},"properties":{"p":"0124K00015000000","a":"ORPHAN ST","m":"12th Ward - PITTSBURGH","u":"L","o":"corp","sf":2967,"v":1500}},{"type":"Feature","geometry":{"type":"Point","coordinates":[-79.91028,40.46721]},"properties":{"p":"0124K00016000000","a":"ORPHAN ST","m":"12th Ward - PITTSBURGH","u":"L","o":"corp","sf":2826,"v":1400}},{"type":"Feature","geometry":{"type":"Point","coordinates":[-79.91015,40.4672]},"properties":{"p":"0124K00017000000","a":"ORPHAN ST","m":"12th Ward - PITTSBURGH","u":"L","o":"corp","sf":2750,"v":1400}},{"type":"Feature","geometry":{"type":"Point","coordinates":[-79.91019,40.4671]},"properties":{"p":"0124K00018000000","a":"LARIMER AVE","m":"12th Ward - PITTSBURGH","u":"L","o":"corp","sf":4327,"v":4700}},{"type":"Feature","geometry":{"type":"Point","coordinates":[-79.91056,40.46706]},"properties":{"p":"0124K00022000000","a":"LARIMER AVE","m":"12th Ward - PITTSBURGH","u":"L","o":"corp","sf":6095,"v":5100}},{"type":"Feature","geometry":{"type":"Point","coordinates":[-79.9026,40.45907]},"properties":{"p":"0125H00007000000","a":"6935 FRANKSTOWN AVE","m":"12th Ward - PITTSBURGH","u":"L","o":"corp","sf":4007,"v":1600}},{"type":"Feature","geometry":{"type":"Point","coordinates":[-79.90255,40.45926]},"properties":{"p":"0125H00009000000","a":"GERRITT ST","m":"12th Ward - PITTSBURGH","u":"L","o":"corp","sf":2722,"v":1100}},{"type":"Feature","geometry":{"type":"Point","coordinates":[-79.90252,40.4594]},"properties":{"p":"0125H00011000000","a":"GERRITT ST","m":"12th Ward - PITTSBURGH","u":"L","o":"corp","sf":2517,"v":1000}},{"type":"Feature","geometry":{"type":"Point","coordinates":[-79.90152,40.46534]},"properties":{"p":"0124M00148000000","a":"APPLE ST","m":"12th Ward - PITTSBURGH","u":"L","o":"individual","sf":5760,"v":4100}},{"type":"Feature","geometry":{"type":"Point","coordinates":[-79.90082,40.46511]},"properties":{"p":"0124M00154000000","a":"APPLE ST","m":"12th Ward - PITTSBURGH","u":"L","o":"individual","sf":2900,"v":1200}},{"type":"Feature","geometry":{"type":"Point","coordinates":[-79.90952,40.46601]},"properties":{"p":"0124K00206000000","a":"THOMPSON ST","m":"12th Ward - PITTSBURGH","u":"L","o":"corp","sf":4467,"v":4700}},{"type":"Feature","geometry":{"type":"Point","coordinates":[-79.91469,40.46663]},"properties":{"p":"0124J00066000000","a":"LENORA ST","m":"12th Ward - PITTSBURGH","u":"L","o":"corp","sf":2278,"v":3600}},{"type":"Feature","geometry":{"type":"Point","coordinates":[-79.91477,40.46661]},"properties":{"p":"0124J00067000000","a":"LENORA ST","m":"12th Ward - PITTSBURGH","u":"L","o":"individual","sf":3000,"v":4000}},{"type":"Feature","geometry":{"type":"Point","coordinates":[-79.91486,40.46659]},"properties":{"p":"0124J00068000000","a":"LENORA ST","m":"12th Ward - PITTSBURGH","u":"L","o":"corp","sf":2828,"v":3900}},{"type":"Feature","geometry":{"type":"Point","coordinates":[-79.91492,40.46654]},"properties":{"p":"0124J00069000000","a":"LENORA ST","m":"12th Ward - PITTSBURGH","u":"L","o":"corp","sf":2832,"v":3900}},{"type":"Feature","geometry":{"type":"Point","coordinates":[-79.90127,40.46857]},"properties":{"p":"0124H00186000000","a":"PAULSON AVE","m":"12th Ward - PITTSBURGH","u":"L","o":"corp","sf":3600,"v":3400}},{"type":"Feature","geometry":{"type":"Point","coordinates":[-79.90183,40.4682]},"properties":{"p":"0124H00193000000","a":"1233 MONTEZUMA ST","m":"12th Ward - PITTSBURGH","u":"L","o":"individual","sf":3143,"v":3300}},{"type":"Feature","geometry":{"type":"Point","coordinates":[-79.9125,40.46715]},"properties":{"p":"0124J00198000000","a":"SHETLAND ST","m":"12th Ward - PITTSBURGH","u":"L","o":"corp","sf":3840,"v":1900}},{"type":"Feature","geometry":{"type":"Point","coordinates":[-79.9042,40.45696]},"properties":{"p":"0125L00046000000","a":"N DALLAS AVE","m":"12th Ward - PITTSBURGH","u":"L","o":"corp","sf":2700,"v":600}},{"type":"Feature","geometry":{"type":"Point","coordinates":[-79.91086,40.46591]},"properties":{"p":"0124K00122000000","a":"JOSEPH ST","m":"12th Ward - PITTSBURGH","u":"L","o":"corp","sf":1260,"v":400}},{"type":"Feature","geometry":{"type":"Point","coordinates":[-79.91099,40.466]},"properties":{"p":"0124K00125000000","a":"JOSEPH ST","m":"12th Ward - PITTSBURGH","u":"L","o":"corp","sf":1617,"v":3300}},{"type":"Feature","geometry":{"type":"Point","coordinates":[-79.90004,40.46744]},"properties":{"p":"0124H00310000000","a":"BRAINARD ST","m":"12th Ward - PITTSBURGH","u":"L","o":"individual","sf":3000,"v":1200}},{"type":"Feature","geometry":{"type":"Point","coordinates":[-79.91509,40.46648]},"properties":{"p":"0124J00071000000","a":"LENORA ST","m":"12th Ward - PITTSBURGH","u":"L","o":"corp","sf":2376,"v":3700}},{"type":"Feature","geometry":{"type":"Point","coordinates":[-79.90626,40.46706]},"properties":{"p":"0124L00145000000","a":"DEARY ST","m":"12th Ward - PITTSBURGH","u":"L","o":"individual","sf":4725,"v":3900}},{"type":"Feature","geometry":{"type":"Point","coordinates":[-79.90633,40.46713]},"properties":{"p":"0124L00146000000","a":"DEARY ST","m":"12th Ward - PITTSBURGH","u":"L","o":"individual","sf":2500,"v":600}},{"type":"Feature","geometry":{"type":"Point","coordinates":[-79.90677,40.46707]},"properties":{"p":"0124L00155000000","a":"SAXON WAY","m":"12th Ward - PITTSBURGH","u":"L","o":"individual","sf":11227,"v":4600}},{"type":"Feature","geometry":{"type":"Point","coordinates":[-79.90693,40.46713]},"properties":{"p":"0124L00157000000","a":"SAXON WAY","m":"12th Ward - PITTSBURGH","u":"L","o":"individual","sf":3625,"v":3500}},{"type":"Feature","geometry":{"type":"Point","coordinates":[-79.90377,40.46518]},"properties":{"p":"0124L00199000000","a":"6615 ROWAN ST","m":"12th Ward - PITTSBURGH","u":"L","o":"corp","sf":3000,"v":700}},{"type":"Feature","geometry":{"type":"Point","coordinates":[-79.90385,40.46522]},"properties":{"p":"0124L00200000000","a":"6615 ROWAN ST","m":"12th Ward - PITTSBURGH","u":"L","o":"corp","sf":3000,"v":3200}},{"type":"Feature","geometry":{"type":"Point","coordinates":[-79.90392,40.46527]},"properties":{"p":"0124L00201000000","a":"6615 ROWAN ST","m":"12th Ward - PITTSBURGH","u":"L","o":"corp","sf":3000,"v":3200}},{"type":"Feature","geometry":{"type":"Point","coordinates":[-79.91259,40.4672]},"properties":{"p":"0124J00199000000","a":"SHETLAND ST","m":"12th Ward - PITTSBURGH","u":"L","o":"corp","sf":1978,"v":500}},{"type":"Feature","geometry":{"type":"Point","coordinates":[-79.91274,40.4673]},"properties":{"p":"0124J00201000000","a":"SHETLAND ST","m":"12th Ward - PITTSBURGH","u":"L","o":"corp","sf":836,"v":300}},{"type":"Feature","geometry":{"type":"Point","coordinates":[-79.9126,40.46729]},"properties":{"p":"0124J00202000000","a":"LENORA ST","m":"12th Ward - PITTSBURGH","u":"L","o":"corp","sf":736,"v":300}},{"type":"Feature","geometry":{"type":"Point","coordinates":[-79.91206,40.46721]},"properties":{"p":"0124J00204000000","a":"JOSEPH ST","m":"12th Ward - PITTSBURGH","u":"L","o":"corp","sf":2300,"v":3700}},{"type":"Feature","geometry":{"type":"Point","coordinates":[-79.91202,40.46715]},"properties":{"p":"0124J00205000000","a":"JOSEPH ST","m":"12th Ward - PITTSBURGH","u":"L","o":"corp","sf":2300,"v":1200}},{"type":"Feature","geometry":{"type":"Point","coordinates":[-79.90391,40.4587]},"properties":{"p":"0125G00117000000","a":"EASTVIEW ST","m":"12th Ward - PITTSBURGH","u":"L","o":"corp","sf":3000,"v":3200}},{"type":"Feature","geometry":{"type":"Point","coordinates":[-79.90389,40.45878]},"properties":{"p":"0125G00118000000","a":"EASTVIEW ST","m":"12th Ward - PITTSBURGH","u":"L","o":"individual","sf":3000,"v":3200}},{"type":"Feature","geometry":{"type":"Point","coordinates":[-79.9022,40.4599]},"properties":{"p":"0125H00058000000","a":"IDLEWOOD ST","m":"12th Ward - PITTSBURGH","u":"L","o":"corp","sf":1935,"v":500}},{"type":"Feature","geometry":{"type":"Point","coordinates":[-79.90041,40.46767]},"properties":{"p":"0124H00317000000","a":"6618 BRAINARD ST","m":"12th Ward - PITTSBURGH","u":"L","o":"individual","sf":2475,"v":600}},{"type":"Feature","geometry":{"type":"Point","coordinates":[-79.90069,40.46785]},"properties":{"p":"0124H00321000000","a":"BRAINARD ST","m":"12th Ward - PITTSBURGH","u":"L","o":"individual","sf":2050,"v":500}},{"type":"Feature","geometry":{"type":"Point","coordinates":[-79.9008,40.46792]},"properties":{"p":"0124H00323000000","a":"BRAINARD ST","m":"12th Ward - PITTSBURGH","u":"L","o":"individual","sf":3800,"v":800}},{"type":"Feature","geometry":{"type":"Point","coordinates":[-79.90095,40.46795]},"properties":{"p":"0124H00324000000","a":"BRAINARD ST","m":"12th Ward - PITTSBURGH","u":"L","o":"individual","sf":2028,"v":2800}},{"type":"Feature","geometry":{"type":"Point","coordinates":[-79.90252,40.46696]},"properties":{"p":"0124M00266000000","a":"MONTEZUMA ST","m":"12th Ward - PITTSBURGH","u":"L","o":"individual","sf":3150,"v":700}},{"type":"Feature","geometry":{"type":"Point","coordinates":[-79.91009,40.46511]},"properties":{"p":"0124K00233000000","a":"PAULSON AVE","m":"12th Ward - PITTSBURGH","u":"L","o":"corp","sf":1845,"v":2200}},{"type":"Feature","geometry":{"type":"Point","coordinates":[-79.91005,40.46513]},"properties":{"p":"0124K00234000000","a":"PAULSON AVE","m":"12th Ward - PITTSBURGH","u":"L","o":"corp","sf":1860,"v":3400}},{"type":"Feature","geometry":{"type":"Point","coordinates":[-79.91,40.46516]},"properties":{"p":"0124K00234000A00","a":"PAULSON AVE","m":"12th Ward - PITTSBURGH","u":"L","o":"corp","sf":1905,"v":500}},{"type":"Feature","geometry":{"type":"Point","coordinates":[-79.90413,40.45976]},"properties":{"p":"0125G00143000000","a":"MCCOMBS ST","m":"12th Ward - PITTSBURGH","u":"L","o":"individual","sf":1650,"v":2700}},{"type":"Feature","geometry":{"type":"Point","coordinates":[-79.90571,40.45888]},"properties":{"p":"0125G00266000000","a":"SWEENEY PL","m":"12th Ward - PITTSBURGH","u":"L","o":"corp","sf":3591,"v":1400}},{"type":"Feature","geometry":{"type":"Point","coordinates":[-79.90574,40.45877]},"properties":{"p":"0125G00268000000","a":"LASCHALL ST","m":"12th Ward - PITTSBURGH","u":"L","o":"corp","sf":5930,"v":2100}},{"type":"Feature","geometry":{"type":"Point","coordinates":[-79.90066,40.46596]},"properties":{"p":"0124M00307000A00","a":"ARBOR ST","m":"12th Ward - PITTSBURGH","u":"L","o":"individual","sf":1651,"v":400}},{"type":"Feature","geometry":{"type":"Point","coordinates":[-79.90927,40.46564]},"properties":{"p":"0124K00248000000","a":"PAULSON AVE","m":"12th Ward - PITTSBURGH","u":"L","o":"individual","sf":3660,"v":1800}},{"type":"Feature","geometry":{"type":"Point","coordinates":[-79.90916,40.46571]},"properties":{"p":"0124K00250000000","a":"PAULSON AVE","m":"12th Ward - PITTSBURGH","u":"L","o":"individual","sf":1633,"v":2100}},{"type":"Feature","geometry":{"type":"Point","coordinates":[-79.91516,40.46645]},"properties":{"p":"0124J00072000000","a":"LENORA ST","m":"12th Ward - PITTSBURGH","u":"L","o":"corp","sf":2400,"v":3700}},{"type":"Feature","geometry":{"type":"Point","coordinates":[-79.91522,40.46643]},"properties":{"p":"0124J00073000000","a":"LENORA ST","m":"12th Ward - PITTSBURGH","u":"L","o":"corp","sf":2424,"v":3700}},{"type":"Feature","geometry":{"type":"Point","coordinates":[-79.9153,40.4664]},"properties":{"p":"0124J00074000000","a":"LENORA ST","m":"12th Ward - PITTSBURGH","u":"L","o":"corp","sf":2880,"v":3900}},{"type":"Feature","geometry":{"type":"Point","coordinates":[-79.91538,40.46637]},"properties":{"p":"0124J00075000000","a":"LENORA ST","m":"12th Ward - PITTSBURGH","u":"L","o":"corp","sf":2428,"v":3700}},{"type":"Feature","geometry":{"type":"Point","coordinates":[-79.90497,40.45983]},"properties":{"p":"0125G00202000000","a":"INWOOD ST","m":"12th Ward - PITTSBURGH","u":"L","o":"individual","sf":4488,"v":3800}},{"type":"Feature","geometry":{"type":"Point","coordinates":[-79.90499,40.45974]},"properties":{"p":"0125G00203000000","a":"INWOOD ST","m":"12th Ward - PITTSBURGH","u":"L","o":"individual","sf":4488,"v":500}},{"type":"Feature","geometry":{"type":"Point","coordinates":[-79.90501,40.45966]},"properties":{"p":"0125G00204000000","a":"INWOOD ST","m":"12th Ward - PITTSBURGH","u":"L","o":"individual","sf":3672,"v":400}},{"type":"Feature","geometry":{"type":"Point","coordinates":[-79.90502,40.45959]},"properties":{"p":"0125G00205000000","a":"INWOOD ST","m":"12th Ward - PITTSBURGH","u":"L","o":"corp","sf":3672,"v":2600}},{"type":"Feature","geometry":{"type":"Point","coordinates":[-79.90521,40.45933]},"properties":{"p":"0125G00209000000","a":"INWOOD ST","m":"12th Ward - PITTSBURGH","u":"L","o":"corp","sf":4488,"v":3800}},{"type":"Feature","geometry":{"type":"Point","coordinates":[-79.90511,40.45918]},"properties":{"p":"0125G00210000A00","a":"INWOOD ST","m":"12th Ward - PITTSBURGH","u":"L","o":"corp","sf":2317,"v":2900}},{"type":"Feature","geometry":{"type":"Point","coordinates":[-79.90423,40.46495]},"properties":{"p":"0124L00287000A00","a":"ROWAN ST","m":"12th Ward - PITTSBURGH","u":"L","o":"individual","sf":1134,"v":2500}},{"type":"Feature","geometry":{"type":"Point","coordinates":[-79.90072,40.46599]},"properties":{"p":"0124M00308000000","a":"HEDGE ST","m":"12th Ward - PITTSBURGH","u":"L","o":"individual","sf":3175,"v":700}},{"type":"Feature","geometry":{"type":"Point","coordinates":[-79.91119,40.46555]},"properties":{"p":"0124K00141000000","a":"SHETLAND ST","m":"12th Ward - PITTSBURGH","u":"L","o":"individual","sf":2500,"v":3800}},{"type":"Feature","geometry":{"type":"Point","coordinates":[-79.91178,40.46549]},"properties":{"p":"0124K00166000000","a":"SHETLAND ST","m":"12th Ward - PITTSBURGH","u":"L","o":"corp","sf":3212,"v":4100}},{"type":"Feature","geometry":{"type":"Point","coordinates":[-79.91198,40.46536]},"properties":{"p":"0124K00166000100","a":"MAXWELL WAY","m":"12th Ward - PITTSBURGH","u":"L","o":"corp","sf":1129,"v":300}},{"type":"Feature","geometry":{"type":"Point","coordinates":[-79.91192,40.46533]},"properties":{"p":"0124K00167000000","a":"MAXWELL WAY","m":"12th Ward - PITTSBURGH","u":"L","o":"corp","sf":1254,"v":600}},{"type":"Feature","geometry":{"type":"Point","coordinates":[-79.90121,40.46786]},"properties":{"p":"0124H00329000000","a":"BOWER ST","m":"12th Ward - PITTSBURGH","u":"L","o":"individual","sf":1900,"v":500}},{"type":"Feature","geometry":{"type":"Point","coordinates":[-79.91606,40.46518]},"properties":{"p":"0124J00086000000","a":"CARVER ST","m":"12th Ward - PITTSBURGH","u":"L","o":"individual","sf":2400,"v":600}},{"type":"Feature","geometry":{"type":"Point","coordinates":[-79.90407,40.46535]},"properties":{"p":"0124L00203000000","a":"6615 ROWAN ST","m":"12th Ward - PITTSBURGH","u":"L","o":"corp","sf":3600,"v":3400}},{"type":"Feature","geometry":{"type":"Point","coordinates":[-79.90183,40.46613]},"properties":{"p":"0124M00186000000","a":"APPLE ST","m":"12th Ward - PITTSBURGH","u":"L","o":"individual","sf":6608,"v":4100}},{"type":"Feature","geometry":{"type":"Point","coordinates":[-79.90523,40.46496]},"properties":{"p":"0124L00290000000","a":"ODESSA PL","m":"12th Ward - PITTSBURGH","u":"L","o":"corp","sf":8229,"v":4300}},{"type":"Feature","geometry":{"type":"Point","coordinates":[-79.90537,40.46504]},"properties":{"p":"0124L00292000000","a":"ODESSA PL","m":"12th Ward - PITTSBURGH","u":"L","o":"corp","sf":6048,"v":4100}},{"type":"Feature","geometry":{"type":"Point","coordinates":[-79.90581,40.46543]},"properties":{"p":"0124L00293000000","a":"ODESSA PL","m":"12th Ward - PITTSBURGH","u":"L","o":"individual","sf":32247,"v":6500}},{"type":"Feature","geometry":{"type":"Point","coordinates":[-79.91117,40.46735]},"properties":{"p":"0124K00041000000","a":"WHITTIER ST","m":"12th Ward - PITTSBURGH","u":"L","o":"corp","sf":2806,"v":3900}},{"type":"Feature","geometry":{"type":"Point","coordinates":[-79.91121,40.46727]},"properties":{"p":"0124K00042000000","a":"WHITTIER ST","m":"12th Ward - PITTSBURGH","u":"L","o":"corp","sf":2806,"v":1400}},{"type":"Feature","geometry":{"type":"Point","coordinates":[-79.91129,40.46722]},"properties":{"p":"0124K00043000000","a":"WHITTIER ST","m":"12th Ward - PITTSBURGH","u":"L","o":"corp","sf":2806,"v":1400}},{"type":"Feature","geometry":{"type":"Point","coordinates":[-79.91142,40.46704]},"properties":{"p":"0124K00044000000","a":"JOSEPH ST","m":"12th Ward - PITTSBURGH","u":"L","o":"corp","sf":2120,"v":1100}},{"type":"Feature","geometry":{"type":"Point","coordinates":[-79.90062,40.46736]},"properties":{"p":"0124H00339000000","a":"BOWER ST","m":"12th Ward - PITTSBURGH","u":"L","o":"individual","sf":1980,"v":800}},{"type":"Feature","geometry":{"type":"Point","coordinates":[-79.90199,40.4662]},"properties":{"p":"0124M00188000000","a":"APPLE ST","m":"12th Ward - PITTSBURGH","u":"L","o":"individual","sf":7260,"v":4200}},{"type":"Feature","geometry":{"type":"Point","coordinates":[-79.90217,40.46634]},"properties":{"p":"0124M00190000000","a":"APPLE ST","m":"12th Ward - PITTSBURGH","u":"L","o":"individual","sf":3200,"v":3300}},{"type":"Feature","geometry":{"type":"Point","coordinates":[-79.90224,40.46638]},"properties":{"p":"0124M00191000000","a":"APPLE ST","m":"12th Ward - PITTSBURGH","u":"L","o":"individual","sf":3250,"v":3300}},{"type":"Feature","geometry":{"type":"Point","coordinates":[-79.9024,40.46648]},"properties":{"p":"0124M00193000000","a":"APPLE ST","m":"12th Ward - PITTSBURGH","u":"L","o":"individual","sf":3400,"v":3400}},{"type":"Feature","geometry":{"type":"Point","coordinates":[-79.90896,40.46584]},"properties":{"p":"0124K00255000000","a":"PAULSON AVE","m":"12th Ward - PITTSBURGH","u":"L","o":"individual","sf":3031,"v":4000}},{"type":"Feature","geometry":{"type":"Point","coordinates":[-79.9088,40.46594]},"properties":{"p":"0124K00257000000","a":"PAULSON AVE","m":"12th Ward - PITTSBURGH","u":"L","o":"individual","sf":6292,"v":5100}},{"type":"Feature","geometry":{"type":"Point","coordinates":[-79.9115,40.46716]},"properties":{"p":"0124K00047000000","a":"JOSEPH ST","m":"12th Ward - PITTSBURGH","u":"L","o":"corp","sf":2650,"v":1300}},{"type":"Feature","geometry":{"type":"Point","coordinates":[-79.91158,40.46728]},"properties":{"p":"0124K00049000000","a":"JOSEPH ST","m":"12th Ward - PITTSBURGH","u":"L","o":"corp","sf":2332,"v":1200}},{"type":"Feature","geometry":{"type":"Point","coordinates":[-79.90214,40.46832]},"properties":{"p":"0124H00197000000","a":"1226 PAULSON AVE","m":"12th Ward - PITTSBURGH","u":"L","o":"individual","sf":1988,"v":800}},{"type":"Feature","geometry":{"type":"Point","coordinates":[-79.90258,40.46809]},"properties":{"p":"0124H00203000000","a":"PAULSON AVE","m":"12th Ward - PITTSBURGH","u":"L","o":"individual","sf":3255,"v":3300}},{"type":"Feature","geometry":{"type":"Point","coordinates":[-79.90219,40.46797]},"properties":{"p":"0124H00212000000","a":"MONTEZUMA ST","m":"12th Ward - PITTSBURGH","u":"L","o":"individual","sf":2500,"v":400}},{"type":"Feature","geometry":{"type":"Point","coordinates":[-79.90432,40.46651]},"properties":{"p":"0124L00093000000","a":"DEARY ST","m":"12th Ward - PITTSBURGH","u":"L","o":"individual","sf":3302,"v":1300}},{"type":"Feature","geometry":{"type":"Point","coordinates":[-79.90264,40.46552]},"properties":{"p":"0124M00045000000","a":"DEARY ST","m":"12th Ward - PITTSBURGH","u":"L","o":"individual","sf":2880,"v":700}},{"type":"Feature","geometry":{"type":"Point","coordinates":[-79.90271,40.46556]},"properties":{"p":"0124M00046000000","a":"DEARY ST","m":"12th Ward - PITTSBURGH","u":"L","o":"individual","sf":2880,"v":3200}},{"type":"Feature","geometry":{"type":"Point","coordinates":[-79.90278,40.4656]},"properties":{"p":"0124M00047000000","a":"DEARY ST","m":"12th Ward - PITTSBURGH","u":"L","o":"individual","sf":2880,"v":700}},{"type":"Feature","geometry":{"type":"Point","coordinates":[-79.90294,40.46569]},"properties":{"p":"0124M00048000000","a":"DEARY ST","m":"12th Ward - PITTSBURGH","u":"L","o":"individual","sf":1915,"v":500}},{"type":"Feature","geometry":{"type":"Point","coordinates":[-79.90288,40.46566]},"properties":{"p":"0124M00048000A00","a":"DEARY ST","m":"12th Ward - PITTSBURGH","u":"L","o":"individual","sf":1880,"v":500}},{"type":"Feature","geometry":{"type":"Point","coordinates":[-79.90284,40.46563]},"properties":{"p":"0124M00048000B00","a":"DEARY ST","m":"12th Ward - PITTSBURGH","u":"L","o":"individual","sf":2490,"v":600}},{"type":"Feature","geometry":{"type":"Point","coordinates":[-79.90304,40.46575]},"properties":{"p":"0124M00049000000","a":"DEARY ST","m":"12th Ward - PITTSBURGH","u":"L","o":"individual","sf":1885,"v":500}},{"type":"Feature","geometry":{"type":"Point","coordinates":[-79.90308,40.46577]},"properties":{"p":"0124M00050000000","a":"DEARY ST","m":"12th Ward - PITTSBURGH","u":"L","o":"individual","sf":1794,"v":400}},{"type":"Feature","geometry":{"type":"Point","coordinates":[-79.90863,40.46551]},"properties":{"p":"0124K00264000000","a":"PAULSON AVE","m":"12th Ward - PITTSBURGH","u":"L","o":"corp","sf":2725,"v":3900}},{"type":"Feature","geometry":{"type":"Point","coordinates":[-79.91545,40.46523]},"properties":{"p":"0124J00091000000","a":"CARVER ST","m":"12th Ward - PITTSBURGH","u":"L","o":"corp","sf":2400,"v":600}},{"type":"Feature","geometry":{"type":"Point","coordinates":[-79.91551,40.46528]},"properties":{"p":"0124J00092000000","a":"CARVER ST","m":"12th Ward - PITTSBURGH","u":"L","o":"corp","sf":2400,"v":600}},{"type":"Feature","geometry":{"type":"Point","coordinates":[-79.91579,40.46553]},"properties":{"p":"0124J00097000000","a":"CARVER ST","m":"12th Ward - PITTSBURGH","u":"L","o":"individual","sf":2400,"v":3700}},{"type":"Feature","geometry":{"type":"Point","coordinates":[-79.91543,40.46558]},"properties":{"p":"0124J00110000A00","a":"PACE WAY","m":"12th Ward - PITTSBURGH","u":"L","o":"corp","sf":1080,"v":300}},{"type":"Feature","geometry":{"type":"Point","coordinates":[-79.90605,40.46223]},"properties":{"p":"0125C00066000000","a":"LINCOLN AVE","m":"12th Ward - PITTSBURGH","u":"L","o":"corp","sf":10654,"v":5500}},{"type":"Feature","geometry":{"type":"Point","coordinates":[-79.90659,40.46186]},"properties":{"p":"0125C00072000000","a":"LINCOLN AVE","m":"12th Ward - PITTSBURGH","u":"L","o":"corp","sf":2125,"v":3600}},{"type":"Feature","geometry":{"type":"Point","coordinates":[-79.9067,40.46182]},"properties":{"p":"0125C00075000000","a":"LINCOLN AVE","m":"12th Ward - PITTSBURGH","u":"L","o":"individual","sf":3822,"v":4400}},{"type":"Feature","geometry":{"type":"Point","coordinates":[-79.90681,40.46174]},"properties":{"p":"0125C00077000000","a":"LINCOLN AVE","m":"12th Ward - PITTSBURGH","u":"L","o":"corp","sf":3696,"v":4400}},{"type":"Feature","geometry":{"type":"Point","coordinates":[-79.91232,40.46074]},"properties":{"p":"0125A00113000000","a":"LINCOLN AVE","m":"12th Ward - PITTSBURGH","u":"L","o":"corp","sf":1224,"v":400}},{"type":"Feature","geometry":{"type":"Point","coordinates":[-79.91243,40.46073]},"properties":{"p":"0125A00114000000","a":"LINCOLN AVE","m":"12th Ward - PITTSBURGH","u":"L","o":"corp","sf":1224,"v":1900}},{"type":"Feature","geometry":{"type":"Point","coordinates":[-79.9125,40.46073]},"properties":{"p":"0125A00116000000","a":"LINCOLN AVE","m":"12th Ward - PITTSBURGH","u":"L","o":"corp","sf":1216,"v":400}},{"type":"Feature","geometry":{"type":"Point","coordinates":[-79.91257,40.4607]},"properties":{"p":"0125A00117000000","a":"LINCOLN AVE","m":"12th Ward - PITTSBURGH","u":"L","o":"corp","sf":1472,"v":400}},{"type":"Feature","geometry":{"type":"Point","coordinates":[-79.91241,40.46088]},"properties":{"p":"0125A00133000000","a":"MAYFLOWER ST","m":"12th Ward - PITTSBURGH","u":"L","o":"corp","sf":2851,"v":3900}},{"type":"Feature","geometry":{"type":"Point","coordinates":[-79.90149,40.46485]},"properties":{"p":"0124S00032000000","a":"DEARY ST","m":"12th Ward - PITTSBURGH","u":"L","o":"individual","sf":2194,"v":500}},{"type":"Feature","geometry":{"type":"Point","coordinates":[-79.90209,40.46464]},"properties":{"p":"0124S00039000000","a":"DEARY ST","m":"12th Ward - PITTSBURGH","u":"L","o":"individual","sf":5000,"v":4000}},{"type":"Feature","geometry":{"type":"Point","coordinates":[-79.90185,40.4645]},"properties":{"p":"0124S00043000000","a":"DEARY ST","m":"12th Ward - PITTSBURGH","u":"L","o":"corp","sf":2500,"v":600}},{"type":"Feature","geometry":{"type":"Point","coordinates":[-79.90111,40.46383]},"properties":{"p":"0124S00334000000","a":"LINCOLN AVE","m":"12th Ward - PITTSBURGH","u":"L","o":"individual","sf":2770,"v":1100}},{"type":"Feature","geometry":{"type":"Point","coordinates":[-79.90099,40.46383]},"properties":{"p":"0124S00336000000","a":"LINCOLN AVE","m":"12th Ward - PITTSBURGH","u":"L","o":"individual","sf":3344,"v":700}},{"type":"Feature","geometry":{"type":"Point","coordinates":[-79.90078,40.46397]},"properties":{"p":"0124S00340000000","a":"LINCOLN AVE","m":"12th Ward - PITTSBURGH","u":"L","o":"corp","sf":2300,"v":500}},{"type":"Feature","geometry":{"type":"Point","coordinates":[-79.9007,40.464]},"properties":{"p":"0124S00341000000","a":"LINCOLN AVE","m":"12th Ward - PITTSBURGH","u":"L","o":"corp","sf":1438,"v":400}},{"type":"Feature","geometry":{"type":"Point","coordinates":[-79.90694,40.46169]},"properties":{"p":"0125C00080000000","a":"LINCOLN AVE","m":"12th Ward - PITTSBURGH","u":"L","o":"corp","sf":4260,"v":4600}},{"type":"Feature","geometry":{"type":"Point","coordinates":[-79.90704,40.46164]},"properties":{"p":"0125C00083000000","a":"LINCOLN AVE","m":"12th Ward - PITTSBURGH","u":"L","o":"corp","sf":3570,"v":4300}},{"type":"Feature","geometry":{"type":"Point","coordinates":[-79.90713,40.46162]},"properties":{"p":"0125C00084000000","a":"LINCOLN AVE","m":"12th Ward - PITTSBURGH","u":"L","o":"corp","sf":2400,"v":3700}},{"type":"Feature","geometry":{"type":"Point","coordinates":[-79.90722,40.46159]},"properties":{"p":"0125C00088000000","a":"LINCOLN AVE","m":"12th Ward - PITTSBURGH","u":"L","o":"individual","sf":4800,"v":4900}},{"type":"Feature","geometry":{"type":"Point","coordinates":[-79.90743,40.46118]},"properties":{"p":"0125C00103000000","a":"6615 SHETLAND ST","m":"12th Ward - PITTSBURGH","u":"L","o":"individual","sf":4600,"v":4800}},{"type":"Feature","geometry":{"type":"Point","coordinates":[-79.90734,40.46097]},"properties":{"p":"0125C00109000000","a":"SHETLAND ST","m":"12th Ward - PITTSBURGH","u":"L","o":"individual","sf":4140,"v":4600}},{"type":"Feature","geometry":{"type":"Point","coordinates":[-79.90727,40.46082]},"properties":{"p":"0125C00113000000","a":"SHETLAND ST","m":"12th Ward - PITTSBURGH","u":"L","o":"individual","sf":3360,"v":1700}},{"type":"Feature","geometry":{"type":"Point","coordinates":[-79.91223,40.46125]},"properties":{"p":"0125A00140000000","a":"MAYFLOWER ST","m":"12th Ward - PITTSBURGH","u":"L","o":"individual","sf":5000,"v":5000}},{"type":"Feature","geometry":{"type":"Point","coordinates":[-79.9129,40.46238]},"properties":{"p":"0125A00151000000","a":"CARVER ST","m":"12th Ward - PITTSBURGH","u":"L","o":"corp","sf":2900,"v":4000}},{"type":"Feature","geometry":{"type":"Point","coordinates":[-79.90175,40.46415]},"properties":{"p":"0124S00058000000","a":"LINCOLN AVE","m":"12th Ward - PITTSBURGH","u":"L","o":"individual","sf":6014,"v":4100}},{"type":"Feature","geometry":{"type":"Point","coordinates":[-79.90194,40.46405]},"properties":{"p":"0124S00060000000","a":"LINCOLN AVE","m":"12th Ward - PITTSBURGH","u":"L","o":"corp","sf":2101,"v":500}},{"type":"Feature","geometry":{"type":"Point","coordinates":[-79.90216,40.46423]},"properties":{"p":"0124S00065000000","a":"ROWAN ST","m":"12th Ward - PITTSBURGH","u":"L","o":"individual","sf":3000,"v":1200}},{"type":"Feature","geometry":{"type":"Point","coordinates":[-79.90724,40.4607]},"properties":{"p":"0125C00116000000","a":"SHETLAND ST","m":"12th Ward - PITTSBURGH","u":"L","o":"corp","sf":1999,"v":2300}},{"type":"Feature","geometry":{"type":"Point","coordinates":[-79.90722,40.4605]},"properties":{"p":"0125C00119000000","a":"SHETLAND ST","m":"12th Ward - PITTSBURGH","u":"L","o":"individual","sf":2996,"v":4000}},{"type":"Feature","geometry":{"type":"Point","coordinates":[-79.91265,40.46216]},"properties":{"p":"0125A00156000000","a":"CARVER ST","m":"12th Ward - PITTSBURGH","u":"L","o":"individual","sf":2100,"v":3600}},{"type":"Feature","geometry":{"type":"Point","coordinates":[-79.91257,40.46209]},"properties":{"p":"0125A00158000000","a":"CARVER ST","m":"12th Ward - PITTSBURGH","u":"L","o":"individual","sf":2200,"v":3600}},{"type":"Feature","geometry":{"type":"Point","coordinates":[-79.91237,40.46192]},"properties":{"p":"0125A00161000000","a":"CARVER ST","m":"12th Ward - PITTSBURGH","u":"L","o":"corp","sf":2400,"v":3700}},{"type":"Feature","geometry":{"type":"Point","coordinates":[-79.91239,40.46152]},"properties":{"p":"0125A00168000000","a":"LOWELL ST","m":"12th Ward - PITTSBURGH","u":"L","o":"corp","sf":3045,"v":4000}},{"type":"Feature","geometry":{"type":"Point","coordinates":[-79.91253,40.46143]},"properties":{"p":"0125A00170000000","a":"MAYFLOWER ST","m":"12th Ward - PITTSBURGH","u":"L","o":"corp","sf":2250,"v":3600}},{"type":"Feature","geometry":{"type":"Point","coordinates":[-79.91254,40.46156]},"properties":{"p":"0125A00172000000","a":"MAYFLOWER ST","m":"12th Ward - PITTSBURGH","u":"L","o":"individual","sf":3500,"v":4300}},{"type":"Feature","geometry":{"type":"Point","coordinates":[-79.90235,40.46434]},"properties":{"p":"0124S00068000000","a":"ROWAN ST","m":"12th Ward - PITTSBURGH","u":"L","o":"corp","sf":6000,"v":4100}},{"type":"Feature","geometry":{"type":"Point","coordinates":[-79.90246,40.46441]},"properties":{"p":"0124S00069000000","a":"ROWAN ST","m":"12th Ward - PITTSBURGH","u":"L","o":"individual","sf":3000,"v":700}},{"type":"Feature","geometry":{"type":"Point","coordinates":[-79.90253,40.46445]},"properties":{"p":"0124S00070000000","a":"ROWAN ST","m":"12th Ward - PITTSBURGH","u":"L","o":"individual","sf":3000,"v":1200}},{"type":"Feature","geometry":{"type":"Point","coordinates":[-79.90281,40.46461]},"properties":{"p":"0124S00075000000","a":"ROWAN ST","m":"12th Ward - PITTSBURGH","u":"L","o":"individual","sf":4200,"v":3700}},{"type":"Feature","geometry":{"type":"Point","coordinates":[-79.91427,40.46036]},"properties":{"p":"0125A00066000000","a":"FRANKSTOWN AVE","m":"12th Ward - PITTSBURGH","u":"L","o":"individual","sf":2000,"v":3500}},{"type":"Feature","geometry":{"type":"Point","coordinates":[-79.91421,40.46034]},"properties":{"p":"0125A00067000000","a":"FRANKSTOWN AVE","m":"12th Ward - PITTSBURGH","u":"L","o":"individual","sf":2000,"v":1000}},{"type":"Feature","geometry":{"type":"Point","coordinates":[-79.91409,40.4603]},"properties":{"p":"0125A00069000000","a":"FRANKSTOWN AVE","m":"12th Ward - PITTSBURGH","u":"L","o":"individual","sf":2500,"v":1300}},{"type":"Feature","geometry":{"type":"Point","coordinates":[-79.90679,40.46219]},"properties":{"p":"0125C00039000000","a":"LADSON ST","m":"12th Ward - PITTSBURGH","u":"L","o":"corp","sf":1031,"v":300}},{"type":"Feature","geometry":{"type":"Point","coordinates":[-79.90686,40.46221]},"properties":{"p":"0125C00040000000","a":"LADSON ST","m":"12th Ward - PITTSBURGH","u":"L","o":"corp","sf":1030,"v":300}},{"type":"Feature","geometry":{"type":"Point","coordinates":[-79.90688,40.46225]},"properties":{"p":"0125C00041000000","a":"LADSON ST","m":"12th Ward - PITTSBURGH","u":"L","o":"corp","sf":1040,"v":300}},{"type":"Feature","geometry":{"type":"Point","coordinates":[-79.90689,40.46229]},"properties":{"p":"0125C00042000000","a":"LADSON ST","m":"12th Ward - PITTSBURGH","u":"L","o":"corp","sf":1034,"v":300}},{"type":"Feature","geometry":{"type":"Point","coordinates":[-79.90016,40.46224]},"properties":{"p":"0125D00127000000","a":"KEDRON ST","m":"12th Ward - PITTSBURGH","u":"L","o":"corp","sf":1860,"v":700}},{"type":"Feature","geometry":{"type":"Point","coordinates":[-79.9003,40.46224]},"properties":{"p":"0125D00129000000","a":"KEDRON ST","m":"12th Ward - PITTSBURGH","u":"L","o":"corp","sf":1860,"v":700}},{"type":"Feature","geometry":{"type":"Point","coordinates":[-79.90037,40.46225]},"properties":{"p":"0125D00130000000","a":"KEDRON ST","m":"12th Ward - PITTSBURGH","u":"L","o":"corp","sf":1860,"v":500}},{"type":"Feature","geometry":{"type":"Point","coordinates":[-79.90429,40.46478]},"properties":{"p":"0124R00359000000","a":"ODESSA PL","m":"12th Ward - PITTSBURGH","u":"L","o":"individual","sf":1230,"v":500}},{"type":"Feature","geometry":{"type":"Point","coordinates":[-79.90142,40.4648]},"properties":{"p":"0124S00031000000","a":"DEARY ST","m":"12th Ward - PITTSBURGH","u":"L","o":"individual","sf":4500,"v":3800}},{"type":"Feature","geometry":{"type":"Point","coordinates":[-79.90029,40.46367]},"properties":{"p":"0124S00306000000","a":"UPLAND ST","m":"12th Ward - PITTSBURGH","u":"L","o":"corp","sf":3000,"v":1200}},{"type":"Feature","geometry":{"type":"Point","coordinates":[-79.90044,40.46357]},"properties":{"p":"0124S00308000000","a":"UPLAND ST","m":"12th Ward - PITTSBURGH","u":"L","o":"corp","sf":1500,"v":400}},{"type":"Feature","geometry":{"type":"Point","coordinates":[-79.90039,40.4637]},"properties":{"p":"0124S00310000000","a":"UPLAND ST","m":"12th Ward - PITTSBURGH","u":"L","o":"corp","sf":1500,"v":400}},{"type":"Feature","geometry":{"type":"Point","coordinates":[-79.90144,40.46383]},"properties":{"p":"0124S00330000000","a":"LINCOLN AVE","m":"12th Ward - PITTSBURGH","u":"L","o":"individual","sf":2280,"v":500}},{"type":"Feature","geometry":{"type":"Point","coordinates":[-79.9012,40.46383]},"properties":{"p":"0124S00333000000","a":"LINCOLN AVE","m":"12th Ward - PITTSBURGH","u":"L","o":"individual","sf":2125,"v":500}},{"type":"Feature","geometry":{"type":"Point","coordinates":[-79.90693,40.46237]},"properties":{"p":"0125C00044000000","a":"LADSON ST","m":"12th Ward - PITTSBURGH","u":"L","o":"corp","sf":1031,"v":300}},{"type":"Feature","geometry":{"type":"Point","coordinates":[-79.90695,40.4624]},"properties":{"p":"0125C00045000000","a":"LADSON ST","m":"12th Ward - PITTSBURGH","u":"L","o":"individual","sf":1032,"v":300}},{"type":"Feature","geometry":{"type":"Point","coordinates":[-79.90632,40.46244]},"properties":{"p":"0125C00052000000","a":"RENFREW ST","m":"12th Ward - PITTSBURGH","u":"L","o":"individual","sf":10080,"v":5500}},{"type":"Feature","geometry":{"type":"Point","coordinates":[-79.90008,40.45696]},"properties":{"p":"0125M00025000000","a":"BENNETT ST","m":"13th Ward - PITTSBURGH","u":"L","o":"individual","sf":4050,"v":3600}},{"type":"Feature","geometry":{"type":"Point","coordinates":[-79.90018,40.45698]},"properties":{"p":"0125M00026000000","a":"BENNETT ST","m":"13th Ward - PITTSBURGH","u":"L","o":"individual","sf":4050,"v":3600}},{"type":"Feature","geometry":{"type":"Point","coordinates":[-79.90046,40.45873]},"properties":{"p":"0125H00225000000","a":"FOREST WAY","m":"13th Ward - PITTSBURGH","u":"L","o":"corp","sf":2900,"v":3200}},{"type":"Feature","geometry":{"type":"Point","coordinates":[-79.90084,40.45872]},"properties":{"p":"0125H00230000000","a":"FRANKSTOWN AVE","m":"13th Ward - PITTSBURGH","u":"L","o":"corp","sf":3375,"v":3400}},{"type":"Feature","geometry":{"type":"Point","coordinates":[-79.90071,40.45868]},"properties":{"p":"0125H00232000000","a":"FRANKSTOWN AVE","m":"13th Ward - PITTSBURGH","u":"L","o":"corp","sf":3375,"v":1400}},{"type":"Feature","geometry":{"type":"Point","coordinates":[-79.9006,40.45874]},"properties":{"p":"0125H00233000000","a":"FRANKSTOWN AVE","m":"13th Ward - PITTSBURGH","u":"L","o":"corp","sf":3375,"v":3400}},{"type":"Feature","geometry":{"type":"Point","coordinates":[-79.90052,40.45855]},"properties":{"p":"0125H00234000000","a":"FRANKSTOWN AVE","m":"13th Ward - PITTSBURGH","u":"L","o":"corp","sf":3850,"v":3500}},{"type":"Feature","geometry":{"type":"Point","coordinates":[-79.90213,40.4551]},"properties":{"p":"0125S00026000000","a":"SUSQUEHANNA ST","m":"13th Ward - PITTSBURGH","u":"L","o":"individual","sf":2587,"v":600}},{"type":"Feature","geometry":{"type":"Point","coordinates":[-79.90204,40.45508]},"properties":{"p":"0125S00027000000","a":"SUSQUEHANNA ST","m":"13th Ward - PITTSBURGH","u":"L","o":"corp","sf":2525,"v":600}},{"type":"Feature","geometry":{"type":"Point","coordinates":[-79.90196,40.45506]},"properties":{"p":"0125S00028000000","a":"SUSQUEHANNA ST","m":"13th Ward - PITTSBURGH","u":"L","o":"corp","sf":2625,"v":1100}},{"type":"Feature","geometry":{"type":"Point","coordinates":[-79.90186,40.45504]},"properties":{"p":"0125S00029000000","a":"SUSQUEHANNA ST","m":"13th Ward - PITTSBURGH","u":"L","o":"corp","sf":2625,"v":600}},{"type":"Feature","geometry":{"type":"Point","coordinates":[-79.90166,40.45499]},"properties":{"p":"0125S00032000000","a":"SUSQUEHANNA ST","m":"13th Ward - PITTSBURGH","u":"L","o":"individual","sf":1969,"v":800}},{"type":"Feature","geometry":{"type":"Point","coordinates":[-79.90159,40.45498]},"properties":{"p":"0125S00032000100","a":"SUSQUEHANNA ST","m":"13th Ward - PITTSBURGH","u":"L","o":"individual","sf":1969,"v":800}},{"type":"Feature","geometry":{"type":"Point","coordinates":[-79.90135,40.45492]},"properties":{"p":"0125S00035000000","a":"SUSQUEHANNA ST","m":"13th Ward - PITTSBURGH","u":"L","o":"corp","sf":2625,"v":1100}},{"type":"Feature","geometry":{"type":"Point","coordinates":[-79.90011,40.45854]},"properties":{"p":"0125H00239000000","a":"7021 FRANKSTOWN AVE","m":"13th Ward - PITTSBURGH","u":"L","o":"individual","sf":3375,"v":3400}},{"type":"Feature","geometry":{"type":"Point","coordinates":[-79.90072,40.45699]},"properties":{"p":"0125M00083000000","a":"FLEURY WAY","m":"13th Ward - PITTSBURGH","u":"L","o":"corp","sf":1440,"v":2600}},{"type":"Feature","geometry":{"type":"Point","coordinates":[-79.90013,40.45993]},"properties":{"p":"0125H00144000000","a":"FIELDING WAY","m":"13th Ward - PITTSBURGH","u":"L","o":"corp","sf":4200,"v":1700}},{"type":"Feature","geometry":{"type":"Point","coordinates":[-79.90022,40.45653]},"properties":{"p":"0125M00175000000","a":"KELLY ST","m":"13th Ward - PITTSBURGH","u":"L","o":"corp","sf":4050,"v":3600}},{"type":"Feature","geometry":{"type":"Point","coordinates":[-79.90049,40.45976]},"properties":{"p":"0125H00163000000","a":"FIELDING WAY","m":"13th Ward - PITTSBURGH","u":"L","o":"corp","sf":1674,"v":2700}},{"type":"Feature","geometry":{"type":"Point","coordinates":[-79.9004,40.45975]},"properties":{"p":"0125H00164000000","a":"FIELDING WAY","m":"13th Ward - PITTSBURGH","u":"L","o":"corp","sf":1400,"v":400}},{"type":"Feature","geometry":{"type":"Point","coordinates":[-79.90047,40.45955]},"properties":{"p":"0125H00167000000","a":"IDLEWILD ST","m":"13th Ward - PITTSBURGH","u":"L","o":"corp","sf":2100,"v":800}},{"type":"Feature","geometry":{"type":"Point","coordinates":[-79.90037,40.45953]},"properties":{"p":"0125H00168000000","a":"IDLEWILD ST","m":"13th Ward - PITTSBURGH","u":"L","o":"corp","sf":2118,"v":500}},{"type":"Feature","geometry":{"type":"Point","coordinates":[-79.90064,40.45811]},"properties":{"p":"0125H00259000000","a":"FRANKSTOWN AVE","m":"13th Ward - PITTSBURGH","u":"L","o":"individual","sf":4054,"v":3600}},{"type":"Feature","geometry":{"type":"Point","coordinates":[-79.90076,40.45814]},"properties":{"p":"0125H00261000000","a":"FRANKSTOWN AVE","m":"13th Ward - PITTSBURGH","u":"L","o":"corp","sf":5805,"v":2100}},{"type":"Feature","geometry":{"type":"Point","coordinates":[-79.90098,40.45819]},"properties":{"p":"0125H00263000000","a":"FRANKSTOWN AVE","m":"13th Ward - PITTSBURGH","u":"L","o":"corp","sf":4185,"v":1700}},{"type":"Feature","geometry":{"type":"Point","coordinates":[-79.90018,40.45957]},"properties":{"p":"0125H00169000000","a":"IDLEWILD ST","m":"13th Ward - PITTSBURGH","u":"L","o":"corp","sf":3500,"v":1400}},{"type":"Feature","geometry":{"type":"Point","coordinates":[-79.90028,40.46015]},"properties":{"p":"0125D00069000000","a":"MONTICELLO ST","m":"13th Ward - PITTSBURGH","u":"L","o":"corp","sf":4500,"v":3800}},{"type":"Feature","geometry":{"type":"Point","coordinates":[-79.90028,40.45951]},"properties":{"p":"0125H00170000000","a":"FIELDING WAY","m":"13th Ward - PITTSBURGH","u":"L","o":"corp","sf":3500,"v":1400}},{"type":"Feature","geometry":{"type":"Point","coordinates":[-79.90002,40.45953]},"properties":{"p":"0125H00172000000","a":"IDLEWILD ST","m":"13th Ward - PITTSBURGH","u":"L","o":"individual","sf":3500,"v":3400}},{"type":"Feature","geometry":{"type":"Point","coordinates":[-79.90063,40.45561]},"properties":{"p":"0125M00341000000","a":"7039 HAMILTON AVE","m":"13th Ward - PITTSBURGH","u":"L","o":"corp","sf":4329,"v":3700}},{"type":"Feature","geometry":{"type":"Point","coordinates":[-79.90002,40.46009]},"properties":{"p":"0125D00071000100","a":"MONTICELLO ST","m":"13th Ward - PITTSBURGH","u":"L","o":"corp","sf":1480,"v":2600}},{"type":"Feature","geometry":{"type":"Point","coordinates":[-79.90012,40.46012]},"properties":{"p":"0125D00071000200","a":"MONTICELLO ST","m":"13th Ward - PITTSBURGH","u":"L","o":"corp","sf":1243,"v":300}},{"type":"Feature","geometry":{"type":"Point","coordinates":[-79.90007,40.46011]},"properties":{"p":"0125D00071000300","a":"MONTICELLO ST","m":"13th Ward - PITTSBURGH","u":"L","o":"corp","sf":1243,"v":300}},{"type":"Feature","geometry":{"type":"Point","coordinates":[-79.90007,40.46046]},"properties":{"p":"0125D00082000000","a":"N MURTLAND ST","m":"13th Ward - PITTSBURGH","u":"L","o":"corp","sf":2304,"v":500}},{"type":"Feature","geometry":{"type":"Point","coordinates":[-79.9001,40.4591]},"properties":{"p":"0125H00186000000","a":"7010 IDLEWILD ST","m":"13th Ward - PITTSBURGH","u":"L","o":"individual","sf":3500,"v":1500}},{"type":"Feature","geometry":{"type":"Point","coordinates":[-79.90035,40.45915]},"properties":{"p":"0125H00189000000","a":"IDLEWILD ST","m":"13th Ward - PITTSBURGH","u":"L","o":"corp","sf":1950,"v":500}},{"type":"Feature","geometry":{"type":"Point","coordinates":[-79.9005,40.45897]},"properties":{"p":"0125H00190000000","a":"FOREST WAY","m":"13th Ward - PITTSBURGH","u":"L","o":"corp","sf":1175,"v":500}},{"type":"Feature","geometry":{"type":"Point","coordinates":[-79.90044,40.45896]},"properties":{"p":"0125H00191000000","a":"FOREST WAY","m":"13th Ward - PITTSBURGH","u":"L","o":"corp","sf":775,"v":2300}},{"type":"Feature","geometry":{"type":"Point","coordinates":[-79.90039,40.45896]},"properties":{"p":"0125H00191000A00","a":"FOREST WAY","m":"13th Ward - PITTSBURGH","u":"L","o":"corp","sf":775,"v":300}},{"type":"Feature","geometry":{"type":"Point","coordinates":[-79.90004,40.45759]},"properties":{"p":"0125M00011000000","a":"BENNETT ST","m":"13th Ward - PITTSBURGH","u":"L","o":"individual","sf":2025,"v":500}},{"type":"Feature","geometry":{"type":"Point","coordinates":[-79.9023,40.45509]},"properties":{"p":"0125S00024000000","a":"SUSQUEHANNA ST","m":"13th Ward - PITTSBURGH","u":"L","o":"individual","sf":1999,"v":500}},{"type":"Feature","geometry":{"type":"Point","coordinates":[-79.90002,40.46068]},"properties":{"p":"0125D00087000000","a":"N MURTLAND ST","m":"13th Ward - PITTSBURGH","u":"L","o":"corp","sf":966,"v":300}},{"type":"Feature","geometry":{"type":"Point","coordinates":[-79.91998,40.4504]},"properties":{"p":"0085D00003000000","a":"1085 SHADY AVE","m":"14th Ward - PITTSBURGH","u":"L","o":"individual","sf":8250,"v":50800}},{"type":"Feature","geometry":{"type":"Point","coordinates":[-79.91979,40.45085]},"properties":{"p":"0085D00007000000","a":"SHADY AVE","m":"14th Ward - PITTSBURGH","u":"L","o":"individual","sf":2500,"v":1200}},{"type":"Feature","geometry":{"type":"Point","coordinates":[-79.90903,40.45482]},"properties":{"p":"0125P00035000000","a":"6744 MCPHERSON BLVD","m":"14th Ward - PITTSBURGH","u":"L","o":"corp","sf":3500,"v":14000}},{"type":"Feature","geometry":{"type":"Point","coordinates":[-79.90964,40.45398]},"properties":{"p":"0125P00135000000","a":"6742 THOMAS BLVD","m":"14th Ward - PITTSBURGH","u":"L","o":"individual","sf":5800,"v":10000}},{"type":"Feature","geometry":{"type":"Point","coordinates":[-79.90984,40.45401]},"properties":{"p":"0125P00137000000","a":"THOMAS BLVD","m":"14th Ward - PITTSBURGH","u":"L","o":"individual","sf":7487,"v":18800}},{"type":"Feature","geometry":{"type":"Point","coordinates":[-79.9107,40.45527]},"properties":{"p":"0125K00009000000","a":"5TH AVE","m":"14th Ward - PITTSBURGH","u":"L","o":"corp","sf":2096,"v":8400}},{"type":"Feature","geometry":{"type":"Point","coordinates":[-79.91061,40.45529]},"properties":{"p":"0125K00010000000","a":"5TH AVE","m":"14th Ward - PITTSBURGH","u":"L","o":"corp","sf":1960,"v":2800}},{"type":"Feature","geometry":{"type":"Point","coordinates":[-79.90817,40.45537]},"properties":{"p":"0125K00027000000","a":"N LINDEN AVE","m":"14th Ward - PITTSBURGH","u":"L","o":"corp","sf":1470,"v":600}},{"type":"Feature","geometry":{"type":"Point","coordinates":[-79.90822,40.45533]},"properties":{"p":"0125K00028000000","a":"N LINDEN AVE","m":"14th Ward - PITTSBURGH","u":"L","o":"corp","sf":1442,"v":600}},{"type":"Feature","geometry":{"type":"Point","coordinates":[-79.91102,40.45508]},"properties":{"p":"0125P00049000000","a":"THOMAS BLVD","m":"14th Ward - PITTSBURGH","u":"L","o":"individual","sf":3604,"v":1400}},{"type":"Feature","geometry":{"type":"Point","coordinates":[-79.91112,40.45438]},"properties":{"p":"0125P00151000000","a":"THOMAS BLVD","m":"14th Ward - PITTSBURGH","u":"L","o":"corp","sf":10546,"v":40500}},{"type":"Feature","geometry":{"type":"Point","coordinates":[-79.90932,40.45563]},"properties":{"p":"0125K00045000000","a":"MCPHERSON BLVD","m":"14th Ward - PITTSBURGH","u":"L","o":"individual","sf":5500,"v":15100}},{"type":"Feature","geometry":{"type":"Point","coordinates":[-79.90991,40.45596]},"properties":{"p":"0125K00060000000","a":"5TH AVE","m":"14th Ward - PITTSBURGH","u":"L","o":"corp","sf":4753,"v":39000}},{"type":"Feature","geometry":{"type":"Point","coordinates":[-79.90908,40.45439]},"properties":{"p":"0125P00075000000","a":"THOMAS BLVD","m":"14th Ward - PITTSBURGH","u":"L","o":"individual","sf":11913,"v":20600}},{"type":"Feature","geometry":{"type":"Point","coordinates":[-79.90976,40.45618]},"properties":{"p":"0125K00062000000","a":"SIMONTON ST","m":"14th Ward - PITTSBURGH","u":"L","o":"corp","sf":5532,"v":40100}},{"type":"Feature","geometry":{"type":"Point","coordinates":[-79.90955,40.45609]},"properties":{"p":"0125K00068000000","a":"SIMONTON ST","m":"14th Ward - PITTSBURGH","u":"L","o":"corp","sf":3922,"v":14679}},{"type":"Feature","geometry":{"type":"Point","coordinates":[-79.90943,40.45605]},"properties":{"p":"0125K00070000000","a":"SIMONTON ST","m":"14th Ward - PITTSBURGH","u":"L","o":"corp","sf":3843,"v":5963}},{"type":"Feature","geometry":{"type":"Point","coordinates":[-79.90911,40.45592]},"properties":{"p":"0125K00076000000","a":"SIMONTON ST","m":"14th Ward - PITTSBURGH","u":"L","o":"individual","sf":2041,"v":2800}},{"type":"Feature","geometry":{"type":"Point","coordinates":[-79.90905,40.4559]},"properties":{"p":"0125K00077000000","a":"SIMONTON ST","m":"14th Ward - PITTSBURGH","u":"L","o":"corp","sf":2014,"v":800}},{"type":"Feature","geometry":{"type":"Point","coordinates":[-79.90898,40.45582]},"properties":{"p":"0125K00078000000","a":"SIMONTON ST","m":"14th Ward - PITTSBURGH","u":"L","o":"individual","sf":3798,"v":3000}},{"type":"Feature","geometry":{"type":"Point","coordinates":[-79.90871,40.45577]},"properties":{"p":"0125K00082000000","a":"SIMONTON ST","m":"14th Ward - PITTSBURGH","u":"L","o":"individual","sf":4220,"v":5000}},{"type":"Feature","geometry":{"type":"Point","coordinates":[-79.90834,40.45562]},"properties":{"p":"0125K00086000000","a":"SIMONTON ST","m":"14th Ward - PITTSBURGH","u":"L","o":"individual","sf":12075,"v":10600}},{"type":"Feature","geometry":{"type":"Point","coordinates":[-79.90812,40.45554]},"properties":{"p":"0125K00092000000","a":"SIMONTON ST","m":"14th Ward - PITTSBURGH","u":"L","o":"corp","sf":3549,"v":34200}},{"type":"Feature","geometry":{"type":"Point","coordinates":[-79.908,40.45549]},"properties":{"p":"0125K00094000000","a":"SIMONTON ST","m":"14th Ward - PITTSBURGH","u":"L","o":"corp","sf":3876,"v":35500}},{"type":"Feature","geometry":{"type":"Point","coordinates":[-79.90741,40.45527]},"properties":{"p":"0125L00374000000","a":"SIMONTON ST","m":"14th Ward - PITTSBURGH","u":"L","o":"corp","sf":4120,"v":36500}},{"type":"Feature","geometry":{"type":"Point","coordinates":[-79.90571,40.45358]},"properties":{"p":"0125R00149000000","a":"MCPHERSON BLVD","m":"14th Ward - PITTSBURGH","u":"L","o":"individual","sf":5850,"v":40100}},{"type":"Feature","geometry":{"type":"Point","coordinates":[-79.90036,40.45252]},"properties":{"p":"0126D00045000000","a":"MCPHERSON BLVD","m":"14th Ward - PITTSBURGH","u":"L","o":"corp","sf":700,"v":2300}},{"type":"Feature","geometry":{"type":"Point","coordinates":[-79.90686,40.45386]},"properties":{"p":"0125R00089000000","a":"N DALLAS AVE","m":"14th Ward - PITTSBURGH","u":"L","o":"individual","sf":2300,"v":29200}},{"type":"Feature","geometry":{"type":"Point","coordinates":[-79.9069,40.45381]},"properties":{"p":"0125R00090000000","a":"N DALLAS AVE","m":"14th Ward - PITTSBURGH","u":"L","o":"corp","sf":2280,"v":29100}},{"type":"Feature","geometry":{"type":"Point","coordinates":[-79.90678,40.45502]},"properties":{"p":"0125R00221000000","a":"SIMONTON ST","m":"14th Ward - PITTSBURGH","u":"L","o":"individual","sf":4074,"v":8200}},{"type":"Feature","geometry":{"type":"Point","coordinates":[-79.90667,40.45498]},"properties":{"p":"0125R00222000000","a":"SIMONTON ST","m":"14th Ward - PITTSBURGH","u":"L","o":"individual","sf":3765,"v":1400}},{"type":"Feature","geometry":{"type":"Point","coordinates":[-79.90615,40.45478]},"properties":{"p":"0125R00226000000","a":"SIMONTON ST","m":"14th Ward - PITTSBURGH","u":"L","o":"individual","sf":4221,"v":8400}},{"type":"Feature","geometry":{"type":"Point","coordinates":[-79.90956,40.45021]},"properties":{"p":"0126F00086000000","a":"218 S DALLAS AVE","m":"14th Ward - PITTSBURGH","u":"L","o":"individual","sf":8700,"v":50900}},{"type":"Feature","geometry":{"type":"Point","coordinates":[-79.90745,40.45032]},"properties":{"p":"0126C00306000000","a":"CLARIDGE PL","m":"14th Ward - PITTSBURGH","u":"L","o":"individual","sf":480,"v":4800}},{"type":"Feature","geometry":{"type":"Point","coordinates":[-79.90794,40.45267]},"properties":{"p":"0126B00305000000","a":"6863 MEADE ST","m":"14th Ward - PITTSBURGH","u":"L","o":"individual","sf":2220,"v":900}},{"type":"Feature","geometry":{"type":"Point","coordinates":[-79.91172,40.45017]},"properties":{"p":"0126F00011000000","a":"6820 JUNIATA PL","m":"14th Ward - PITTSBURGH","u":"L","o":"individual","sf":9245,"v":4200}},{"type":"Feature","geometry":{"type":"Point","coordinates":[-79.9116,40.45007]},"properties":{"p":"0126F00012000000","a":"6820 JUNIATA PL","m":"14th Ward - PITTSBURGH","u":"L","o":"corp","sf":8316,"v":50800}},{"type":"Feature","geometry":{"type":"Point","coordinates":[-79.91176,40.45248]},"properties":{"p":"0126B00004000000","a":"CONOVER RD","m":"14th Ward - PITTSBURGH","u":"L","o":"individual","sf":2705,"v":27000}},{"type":"Feature","geometry":{"type":"Point","coordinates":[-79.90911,40.45065]},"properties":{"p":"0126B00198000000","a":"138 S DALLAS AVE","m":"14th Ward - PITTSBURGH","u":"L","o":"individual","sf":2640,"v":26400}},{"type":"Feature","geometry":{"type":"Point","coordinates":[-79.90631,40.4544]},"properties":{"p":"0125R00200000000","a":"MCPHERSON BLVD","m":"14th Ward - PITTSBURGH","u":"L","o":"individual","sf":6450,"v":11000}},{"type":"Feature","geometry":{"type":"Point","coordinates":[-79.90737,40.45488]},"properties":{"p":"0125R00211000000","a":"MCPHERSON BLVD","m":"14th Ward - PITTSBURGH","u":"L","o":"individual","sf":3780,"v":35100}},{"type":"Feature","geometry":{"type":"Point","coordinates":[-79.90456,40.45902]},"properties":{"p":"0125G00183000000","a":"INWOOD ST","m":"12th Ward - PITTSBURGH","u":"L","o":"corp","sf":2400,"v":600}},{"type":"Feature","geometry":{"type":"Point","coordinates":[-79.91219,40.46596]},"properties":{"p":"0124J00355000000","a":"LARIMER AVE","m":"12th Ward - PITTSBURGH","u":"L","o":"corp","sf":5737,"v":2600}},{"type":"Feature","geometry":{"type":"Point","coordinates":[-79.91619,40.46302]},"properties":{"p":"0083S00301000000","a":"AUBURN ST","m":"12th Ward - PITTSBURGH","u":"L","o":"corp","sf":2300,"v":3700}},{"type":"Feature","geometry":{"type":"Point","coordinates":[-79.91038,40.4629]},"properties":{"p":"0124P00207000000","a":"517 LOWELL ST","m":"12th Ward - PITTSBURGH","u":"L","o":"corp","sf":1875,"v":3400}},{"type":"Feature","geometry":{"type":"Point","coordinates":[-79.90194,40.46358]},"properties":{"p":"0124S00181000000","a":"922 LINCOLN AVE","m":"12th Ward - PITTSBURGH","u":"L","o":"individual","sf":1890,"v":300}},{"type":"Feature","geometry":{"type":"Point","coordinates":[-79.90783,40.46209]},"properties":{"p":"0125B00023000000","a":"SHETLAND ST","m":"12th Ward - PITTSBURGH","u":"L","o":"corp","sf":4200,"v":1000}},{"type":"Feature","geometry":{"type":"Point","coordinates":[-79.90489,40.4602]},"properties":{"p":"0125C00232000000","a":"851 B INWOOD ST","m":"12th Ward - PITTSBURGH","u":"L","o":"individual","sf":3128,"v":3300}},{"type":"Feature","geometry":{"type":"Point","coordinates":[-79.91724,40.46573]},"properties":{"p":"0083M00199000000","a":"11 MAYFLOWER ST","m":"12th Ward - PITTSBURGH","u":"L","o":"corp","sf":2640,"v":3800}},{"type":"Feature","geometry":{"type":"Point","coordinates":[-79.91095,40.45432]},"properties":{"p":"0125P00149000000","a":"THOMAS BLVD","m":"14th Ward - PITTSBURGH","u":"L","o":"corp","sf":10695,"v":40500}},{"type":"Feature","geometry":{"type":"Point","coordinates":[-79.90327,40.4637]},"properties":{"p":"0124S00110000000","a":"LINCOLN AVE","m":"12th Ward - PITTSBURGH","u":"L","o":"corp","sf":5585,"v":4100}},{"type":"Feature","geometry":{"type":"Point","coordinates":[-79.91237,40.46074]},"properties":{"p":"0125A00115000000","a":"LINCOLN AVE","m":"12th Ward - PITTSBURGH","u":"L","o":"corp","sf":1224,"v":400}},{"type":"Feature","geometry":{"type":"Point","coordinates":[-79.9138,40.46318]},"properties":{"p":"0124N00161000000","a":"CARVER ST","m":"12th Ward - PITTSBURGH","u":"L","o":"individual","sf":2500,"v":3800}},{"type":"Feature","geometry":{"type":"Point","coordinates":[-79.91295,40.46357]},"properties":{"p":"0124N00252000000","a":"MEADOW ST","m":"12th Ward - PITTSBURGH","u":"L","o":"corp","sf":2400,"v":600}},{"type":"Feature","geometry":{"type":"Point","coordinates":[-79.91334,40.46462]},"properties":{"p":"0124N00302000000","a":"MEADOW ST","m":"12th Ward - PITTSBURGH","u":"L","o":"individual","sf":3014,"v":700}},{"type":"Feature","geometry":{"type":"Point","coordinates":[-79.90008,40.46952]},"properties":{"p":"0124H00157000000","a":"PAULSON AVE","m":"12th Ward - PITTSBURGH","u":"L","o":"individual","sf":2500,"v":600}},{"type":"Feature","geometry":{"type":"Point","coordinates":[-79.90629,40.46666]},"properties":{"p":"0124L00235000000","a":"ROWAN ST","m":"12th Ward - PITTSBURGH","u":"L","o":"individual","sf":3000,"v":1200}},{"type":"Feature","geometry":{"type":"Point","coordinates":[-79.90072,40.46233]},"properties":{"p":"0125D00135000000","a":"KEDRON ST","m":"12th Ward - PITTSBURGH","u":"L","o":"individual","sf":1860,"v":700}},{"type":"Feature","geometry":{"type":"Point","coordinates":[-79.9051,40.45924]},"properties":{"p":"0125G00210000000","a":"INWOOD ST","m":"12th Ward - PITTSBURGH","u":"L","o":"corp","sf":2312,"v":500}},{"type":"Feature","geometry":{"type":"Point","coordinates":[-79.9014,40.45995]},"properties":{"p":"0125H00081000000","a":"GERRITT ST","m":"12th Ward - PITTSBURGH","u":"L","o":"corp","sf":2760,"v":3100}},{"type":"Feature","geometry":{"type":"Point","coordinates":[-79.90423,40.45688]},"properties":{"p":"0125L00045000000","a":"N DALLAS AVE","m":"12th Ward - PITTSBURGH","u":"L","o":"corp","sf":2700,"v":600}},{"type":"Feature","geometry":{"type":"Point","coordinates":[-79.90037,40.45709]},"properties":{"p":"0125M00028000000","a":"BENNETT ST","m":"13th Ward - PITTSBURGH","u":"L","o":"individual","sf":4050,"v":3600}},{"type":"Feature","geometry":{"type":"Point","coordinates":[-79.91158,40.46136]},"properties":{"p":"0125B00196000000","a":"CARVER ST","m":"12th Ward - PITTSBURGH","u":"L","o":"corp","sf":3571,"v":4300}},{"type":"Feature","geometry":{"type":"Point","coordinates":[-79.90009,40.46039]},"properties":{"p":"0125D00081000000","a":"N MURTLAND ST","m":"13th Ward - PITTSBURGH","u":"L","o":"corp","sf":2304,"v":500}},{"type":"Feature","geometry":{"type":"Point","coordinates":[-79.90611,40.45779]},"properties":{"p":"0125G00034000000","a":"KELLY ST","m":"12th Ward - PITTSBURGH","u":"L","o":"corp","sf":1715,"v":400}},{"type":"Feature","geometry":{"type":"Point","coordinates":[-79.90367,40.46557]},"properties":{"p":"0124L00102000000","a":"DEARY ST","m":"12th Ward - PITTSBURGH","u":"L","o":"corp","sf":3000,"v":1200}},{"type":"Feature","geometry":{"type":"Point","coordinates":[-79.91019,40.46112]},"properties":{"p":"0125B00176000000","a":"LINCOLN AVE","m":"12th Ward - PITTSBURGH","u":"L","o":"corp","sf":9809,"v":5400}},{"type":"Feature","geometry":{"type":"Point","coordinates":[-79.90045,40.45911]},"properties":{"p":"0125H00190000A00","a":"IDLEWILD ST","m":"13th Ward - PITTSBURGH","u":"L","o":"corp","sf":2325,"v":900}},{"type":"Feature","geometry":{"type":"Point","coordinates":[-79.91268,40.46759]},"properties":{"p":"0124E00336000000","a":"LENORA ST","m":"12th Ward - PITTSBURGH","u":"L","o":"corp","sf":2400,"v":1200}},{"type":"Feature","geometry":{"type":"Point","coordinates":[-79.91579,40.46216]},"properties":{"p":"0125A00340000000","a":"EAST LIBERTY BLVD","m":"12th Ward - PITTSBURGH","u":"L","o":"corp","sf":2000,"v":3500}},{"type":"Feature","geometry":{"type":"Point","coordinates":[-79.91266,40.46623]},"properties":{"p":"0124J00216000000","a":"LARIMER AVE","m":"12th Ward - PITTSBURGH","u":"L","o":"individual","sf":2562,"v":1300}},{"type":"Feature","geometry":{"type":"Point","coordinates":[-79.91588,40.46338]},"properties":{"p":"0124N00032000000","a":"AUBURN ST","m":"12th Ward - PITTSBURGH","u":"L","o":"corp","sf":2300,"v":3700}},{"type":"Feature","geometry":{"type":"Point","coordinates":[-79.91142,40.46226]},"properties":{"p":"0125B00132000000","a":"MEADOW ST","m":"12th Ward - PITTSBURGH","u":"L","o":"corp","sf":1950,"v":3500}},{"type":"Feature","geometry":{"type":"Point","coordinates":[-79.90708,40.45406]},"properties":{"p":"0125R00083000000","a":"MCPHERSON BLVD","m":"14th Ward - PITTSBURGH","u":"L","o":"individual","sf":3780,"v":5800}},{"type":"Feature","geometry":{"type":"Point","coordinates":[-79.90454,40.4586]},"properties":{"p":"0125G00178000000","a":"MCCOMBS ST","m":"12th Ward - PITTSBURGH","u":"L","o":"individual","sf":520,"v":200}},{"type":"Feature","geometry":{"type":"Point","coordinates":[-79.91116,40.45974]},"properties":{"p":"0125F00338000000","a":"328 LINCOLN AVE","m":"12th Ward - PITTSBURGH","u":"L","o":"corp","sf":4400,"v":4700}},{"type":"Feature","geometry":{"type":"Point","coordinates":[-79.90008,40.46356]},"properties":{"p":"0124S00302000000","a":"UPLAND ST","m":"12th Ward - PITTSBURGH","u":"L","o":"corp","sf":2000,"v":2800}},{"type":"Feature","geometry":{"type":"Point","coordinates":[-79.90685,40.46344]},"properties":{"p":"0124R00099000000","a":"RENFREW ST","m":"12th Ward - PITTSBURGH","u":"L","o":"corp","sf":8500,"v":5300}},{"type":"Feature","geometry":{"type":"Point","coordinates":[-79.90518,40.46812]},"properties":{"p":"0124G00247000000","a":"APPLE ST","m":"12th Ward - PITTSBURGH","u":"L","o":"individual","sf":8910,"v":4400}},{"type":"Feature","geometry":{"type":"Point","coordinates":[-79.90571,40.45803]},"properties":{"p":"0125G00076000000","a":"FRANKSTOWN AVE","m":"12th Ward - PITTSBURGH","u":"L","o":"corp","sf":2650,"v":600}},{"type":"Feature","geometry":{"type":"Point","coordinates":[-79.91084,40.46835]},"properties":{"p":"0124F00087000000","a":"LENORA ST","m":"12th Ward - PITTSBURGH","u":"L","o":"corp","sf":2280,"v":3600}},{"type":"Feature","geometry":{"type":"Point","coordinates":[-79.91078,40.46357]},"properties":{"p":"0124P00111000000","a":"WINFIELD ST","m":"12th Ward - PITTSBURGH","u":"L","o":"corp","sf":2225,"v":1100}},{"type":"Feature","geometry":{"type":"Point","coordinates":[-79.91185,40.46396]},"properties":{"p":"0124P00002000000","a":"PAULSON AVE","m":"12th Ward - PITTSBURGH","u":"L","o":"individual","sf":3770,"v":1000}},{"type":"Feature","geometry":{"type":"Point","coordinates":[-79.90154,40.46725]},"properties":{"p":"0124M00335000000","a":"HYATT ST","m":"12th Ward - PITTSBURGH","u":"L","o":"corp","sf":5500,"v":2100}},{"type":"Feature","geometry":{"type":"Point","coordinates":[-79.90094,40.46319]},"properties":{"p":"0124S00213000000","a":"MOUNT VERNON ST","m":"12th Ward - PITTSBURGH","u":"L","o":"corp","sf":40,"v":100}},{"type":"Feature","geometry":{"type":"Point","coordinates":[-79.90561,40.45801]},"properties":{"p":"0125G00077000000","a":"FRANKSTOWN AVE","m":"12th Ward - PITTSBURGH","u":"L","o":"corp","sf":3210,"v":3300}},{"type":"Feature","geometry":{"type":"Point","coordinates":[-79.90072,40.46191]},"properties":{"p":"0125D00165000000","a":"KEDRON ST","m":"12th Ward - PITTSBURGH","u":"L","o":"corp","sf":3720,"v":3500}},{"type":"Feature","geometry":{"type":"Point","coordinates":[-79.90312,40.45798]},"properties":{"p":"0125H00300000000","a":"6910 FRANKSTOWN AVE","m":"12th Ward - PITTSBURGH","u":"L","o":"corp","sf":14892,"v":4900}},{"type":"Feature","geometry":{"type":"Point","coordinates":[-79.90104,40.46238]},"properties":{"p":"0125D00140000000","a":"KEDRON ST","m":"12th Ward - PITTSBURGH","u":"L","o":"corp","sf":3720,"v":1500}},{"type":"Feature","geometry":{"type":"Point","coordinates":[-79.90972,40.46157]},"properties":{"p":"0125B00081000000","a":"LLEWELLYN PL","m":"12th Ward - PITTSBURGH","u":"L","o":"corp","sf":648,"v":300}},{"type":"Feature","geometry":{"type":"Point","coordinates":[-79.90602,40.45778]},"properties":{"p":"0125G00033000000","a":"KELLY ST","m":"12th Ward - PITTSBURGH","u":"L","o":"corp","sf":2500,"v":600}},{"type":"Feature","geometry":{"type":"Point","coordinates":[-79.90351,40.45673]},"properties":{"p":"0125M00227000000","a":"KELLY ST","m":"12th Ward - PITTSBURGH","u":"L","o":"corp","sf":3378,"v":3400}},{"type":"Feature","geometry":{"type":"Point","coordinates":[-79.90214,40.46522]},"properties":{"p":"0124M00038000000","a":"DEARY ST","m":"12th Ward - PITTSBURGH","u":"L","o":"individual","sf":4428,"v":900}},{"type":"Feature","geometry":{"type":"Point","coordinates":[-79.90258,40.46548]},"properties":{"p":"0124M00044000000","a":"DEARY ST","m":"12th Ward - PITTSBURGH","u":"L","o":"individual","sf":2880,"v":700}},{"type":"Feature","geometry":{"type":"Point","coordinates":[-79.91409,40.46689]},"properties":{"p":"0124J00058000A00","a":"LENORA ST","m":"12th Ward - PITTSBURGH","u":"L","o":"individual","sf":428,"v":200}},{"type":"Feature","geometry":{"type":"Point","coordinates":[-79.90108,40.46775]},"properties":{"p":"0124H00331000000","a":"BOWER ST","m":"12th Ward - PITTSBURGH","u":"L","o":"individual","sf":2050,"v":800}},{"type":"Feature","geometry":{"type":"Point","coordinates":[-79.90492,40.46585]},"properties":{"p":"0124L00215000000","a":"ROWAN ST","m":"12th Ward - PITTSBURGH","u":"L","o":"individual","sf":240,"v":100}},{"type":"Feature","geometry":{"type":"Point","coordinates":[-79.90711,40.45083]},"properties":{"p":"0126C00290000000","a":"PENN AVE","m":"14th Ward - PITTSBURGH","u":"L","o":"individual","sf":5845,"v":20100}},{"type":"Feature","geometry":{"type":"Point","coordinates":[-79.90625,40.45459]},"properties":{"p":"0125R00197000000","a":"N DALLAS AVE","m":"14th Ward - PITTSBURGH","u":"L","o":"individual","sf":4240,"v":2200}},{"type":"Feature","geometry":{"type":"Point","coordinates":[-79.90053,40.45694]},"properties":{"p":"0125M00085000000","a":"FLEURY WAY","m":"13th Ward - PITTSBURGH","u":"L","o":"individual","sf":1466,"v":600}},{"type":"Feature","geometry":{"type":"Point","coordinates":[-79.90035,40.45997]},"properties":{"p":"0125H00142000000","a":"N MURTLAND ST","m":"13th Ward - PITTSBURGH","u":"L","o":"corp","sf":6700,"v":4200}},{"type":"Feature","geometry":{"type":"Point","coordinates":[-79.90108,40.45821]},"properties":{"p":"0125H00264000000","a":"FRANKSTOWN AVE","m":"13th Ward - PITTSBURGH","u":"L","o":"corp","sf":4050,"v":1600}},{"type":"Feature","geometry":{"type":"Point","coordinates":[-79.90821,40.46385]},"properties":{"p":"0124P00258000000","a":"662 LOWELL ST","m":"12th Ward - PITTSBURGH","u":"L","o":"corp","sf":2500,"v":1300}},{"type":"Feature","geometry":{"type":"Point","coordinates":[-79.91073,40.46654]},"properties":{"p":"0124K00082000000","a":"LARIMER AVE","m":"12th Ward - PITTSBURGH","u":"L","o":"individual","sf":5000,"v":2500}},{"type":"Feature","geometry":{"type":"Point","coordinates":[-79.90039,40.45853]},"properties":{"p":"0125H00236000000","a":"FRANKSTOWN AVE","m":"13th Ward - PITTSBURGH","u":"L","o":"corp","sf":3375,"v":3400}},{"type":"Feature","geometry":{"type":"Point","coordinates":[-79.91059,40.45547]},"properties":{"p":"0125K00011000000","a":"MCPHERSON BLVD","m":"14th Ward - PITTSBURGH","u":"L","o":"corp","sf":4570,"v":38300}},{"type":"Feature","geometry":{"type":"Point","coordinates":[-79.91001,40.46803]},"properties":{"p":"0124F00225000000","a":"ORPHAN ST","m":"12th Ward - PITTSBURGH","u":"L","o":"individual","sf":2480,"v":3700}},{"type":"Feature","geometry":{"type":"Point","coordinates":[-79.91581,40.46473]},"properties":{"p":"0124N00127000000","a":"335 LARIMER AVE","m":"12th Ward - PITTSBURGH","u":"L","o":"corp","sf":2472,"v":3700}},{"type":"Feature","geometry":{"type":"Point","coordinates":[-79.90255,40.46043]},"properties":{"p":"0125D00014000000","a":"BEECHER ST","m":"12th Ward - PITTSBURGH","u":"L","o":"individual","sf":6040,"v":4100}},{"type":"Feature","geometry":{"type":"Point","coordinates":[-79.90747,40.45704]},"properties":{"p":"0125L00167000100","a":"BRILLIANT DR","m":"12th Ward - PITTSBURGH","u":"L","o":"corp","sf":139,"v":100}},{"type":"Feature","geometry":{"type":"Point","coordinates":[-79.91138,40.46317]},"properties":{"p":"0124P00103000000","a":"WINFIELD ST","m":"12th Ward - PITTSBURGH","u":"L","o":"individual","sf":2229,"v":600}},{"type":"Feature","geometry":{"type":"Point","coordinates":[-79.90106,40.45294]},"properties":{"p":"0125S00167000000","a":"JONATHAN ST","m":"14th Ward - PITTSBURGH","u":"L","o":"individual","sf":1584,"v":3200}},{"type":"Feature","geometry":{"type":"Point","coordinates":[-79.90312,40.45721]},"properties":{"p":"0125M00143000000","a":"KELLY ST","m":"12th Ward - PITTSBURGH","u":"L","o":"individual","sf":3378,"v":3400}},{"type":"Feature","geometry":{"type":"Point","coordinates":[-79.91075,40.46219]},"properties":{"p":"0125B00125000000","a":"MEADOW ST","m":"12th Ward - PITTSBURGH","u":"L","o":"corp","sf":2100,"v":3600}},{"type":"Feature","geometry":{"type":"Point","coordinates":[-79.91179,40.46656]},"properties":{"p":"0124K00061000000","a":"LARIMER AVE","m":"12th Ward - PITTSBURGH","u":"L","o":"corp","sf":2444,"v":3700}},{"type":"Feature","geometry":{"type":"Point","coordinates":[-79.90043,40.45658]},"properties":{"p":"0125M00173000000","a":"KELLY ST","m":"13th Ward - PITTSBURGH","u":"L","o":"corp","sf":4050,"v":3600}},{"type":"Feature","geometry":{"type":"Point","coordinates":[-79.90129,40.46383]},"properties":{"p":"0124S00332000000","a":"LINCOLN AVE","m":"12th Ward - PITTSBURGH","u":"L","o":"individual","sf":2684,"v":1100}},{"type":"Feature","geometry":{"type":"Point","coordinates":[-79.90034,40.46668]},"properties":{"p":"0124M00392000000","a":"BOWER ST","m":"12th Ward - PITTSBURGH","u":"L","o":"individual","sf":33630,"v":6600}},{"type":"Feature","geometry":{"type":"Point","coordinates":[-79.90845,40.46375]},"properties":{"p":"0124P00261000000","a":"662 LOWELL ST","m":"12th Ward - PITTSBURGH","u":"L","o":"corp","sf":2500,"v":600}},{"type":"Feature","geometry":{"type":"Point","coordinates":[-79.91272,40.46456]},"properties":{"p":"0124N00351000000","a":"STOEBNER WAY","m":"12th Ward - PITTSBURGH","u":"L","o":"corp","sf":1900,"v":900}},{"type":"Feature","geometry":{"type":"Point","coordinates":[-79.9129,40.46352]},"properties":{"p":"0124N00253000000","a":"MEADOW ST","m":"12th Ward - PITTSBURGH","u":"L","o":"corp","sf":2200,"v":3600}},{"type":"Feature","geometry":{"type":"Point","coordinates":[-79.90486,40.46964]},"properties":{"p":"0124G00058000000","a":"6405 CLIFFORD ST","m":"12th Ward - PITTSBURGH","u":"L","o":"individual","sf":4925,"v":2000}},{"type":"Feature","geometry":{"type":"Point","coordinates":[-79.90689,40.46899]},"properties":{"p":"0124G00266000000","a":"APPLE ST","m":"12th Ward - PITTSBURGH","u":"L","o":"individual","sf":2204,"v":900}},{"type":"Feature","geometry":{"type":"Point","coordinates":[-79.91614,40.46397]},"properties":{"p":"0083S00313000000","a":"LARIMER AVE","m":"12th Ward - PITTSBURGH","u":"L","o":"corp","sf":6328,"v":5100}},{"type":"Feature","geometry":{"type":"Point","coordinates":[-79.91303,40.46137]},"properties":{"p":"0125A00211000000","a":"MAYFLOWER ST","m":"12th Ward - PITTSBURGH","u":"L","o":"corp","sf":2200,"v":1100}},{"type":"Feature","geometry":{"type":"Point","coordinates":[-79.91447,40.45983]},"properties":{"p":"0125E00036000000","a":"ENTERPRISE ST","m":"12th Ward - PITTSBURGH","u":"L","o":"corp","sf":3600,"v":4300}},{"type":"Feature","geometry":{"type":"Point","coordinates":[-79.91032,40.46125]},"properties":{"p":"0125B00171000000","a":"MEADOW ST","m":"12th Ward - PITTSBURGH","u":"L","o":"corp","sf":1896,"v":1000}},{"type":"Feature","geometry":{"type":"Point","coordinates":[-79.90234,40.45903]},"properties":{"p":"0125H00075000000","a":"6935 FRANKSTOWN AVE","m":"12th Ward - PITTSBURGH","u":"L","o":"corp","sf":6865,"v":4200}},{"type":"Feature","geometry":{"type":"Point","coordinates":[-79.90935,40.46499]},"properties":{"p":"0124K00277000000","a":"PAULSON AVE","m":"12th Ward - PITTSBURGH","u":"L","o":"individual","sf":2750,"v":1400}},{"type":"Feature","geometry":{"type":"Point","coordinates":[-79.91148,40.46496]},"properties":{"p":"0124K00176000000","a":"MAXWELL WAY","m":"12th Ward - PITTSBURGH","u":"L","o":"corp","sf":1950,"v":3500}},{"type":"Feature","geometry":{"type":"Point","coordinates":[-79.90416,40.46641]},"properties":{"p":"0124L00095000000","a":"DEARY ST","m":"12th Ward - PITTSBURGH","u":"L","o":"individual","sf":3000,"v":1200}},{"type":"Feature","geometry":{"type":"Point","coordinates":[-79.9023,40.46786]},"properties":{"p":"0124H00214000000","a":"MONTEZUMA ST","m":"12th Ward - PITTSBURGH","u":"L","o":"individual","sf":2500,"v":1000}},{"type":"Feature","geometry":{"type":"Point","coordinates":[-79.90499,40.46535]},"properties":{"p":"0124L00276000000","a":"ROWAN ST","m":"12th Ward - PITTSBURGH","u":"L","o":"corp","sf":2808,"v":600}},{"type":"Feature","geometry":{"type":"Point","coordinates":[-79.90495,40.45993]},"properties":{"p":"0125G00201000000","a":"INWOOD ST","m":"12th Ward - PITTSBURGH","u":"L","o":"individual","sf":4488,"v":3800}},{"type":"Feature","geometry":{"type":"Point","coordinates":[-79.91243,40.46197]},"properties":{"p":"0125A00160000000","a":"CARVER ST","m":"12th Ward - PITTSBURGH","u":"L","o":"corp","sf":2500,"v":3800}},{"type":"Feature","geometry":{"type":"Point","coordinates":[-79.90044,40.46227]},"properties":{"p":"0125D00131000000","a":"KEDRON ST","m":"12th Ward - PITTSBURGH","u":"L","o":"individual","sf":1860,"v":700}},{"type":"Feature","geometry":{"type":"Point","coordinates":[-79.90691,40.46233]},"properties":{"p":"0125C00043000000","a":"LADSON ST","m":"12th Ward - PITTSBURGH","u":"L","o":"corp","sf":1027,"v":300}},{"type":"Feature","geometry":{"type":"Point","coordinates":[-79.90907,40.45465]},"properties":{"p":"0125P00033000000","a":"MCPHERSON BLVD","m":"14th Ward - PITTSBURGH","u":"L","o":"individual","sf":110,"v":100}},{"type":"Feature","geometry":{"type":"Point","coordinates":[-79.90189,40.46033]},"properties":{"p":"0125D00032000000","a":"GERRITT ST","m":"12th Ward - PITTSBURGH","u":"L","o":"corp","sf":4800,"v":3900}},{"type":"Feature","geometry":{"type":"Point","coordinates":[-79.91107,40.46163]},"properties":{"p":"0125B00161000000","a":"CARVER ST","m":"12th Ward - PITTSBURGH","u":"L","o":"corp","sf":4940,"v":5000}},{"type":"Feature","geometry":{"type":"Point","coordinates":[-79.90488,40.46027]},"properties":{"p":"0125C00230000000","a":"INWOOD ST","m":"12th Ward - PITTSBURGH","u":"L","o":"corp","sf":4488,"v":3800}},{"type":"Feature","geometry":{"type":"Point","coordinates":[-79.90567,40.46629]},"properties":{"p":"0124L00227000000","a":"ROWAN ST","m":"12th Ward - PITTSBURGH","u":"L","o":"individual","sf":3000,"v":3200}},{"type":"Feature","geometry":{"type":"Point","coordinates":[-79.90535,40.45875]},"properties":{"p":"0125G00229000000","a":"SWEENEY PL","m":"12th Ward - PITTSBURGH","u":"L","o":"corp","sf":756,"v":300}},{"type":"Feature","geometry":{"type":"Point","coordinates":[-79.91033,40.46663]},"properties":{"p":"0124K00087000000","a":"LARIMER AVE","m":"12th Ward - PITTSBURGH","u":"L","o":"individual","sf":2500,"v":1300}},{"type":"Feature","geometry":{"type":"Point","coordinates":[-79.91031,40.46606]},"properties":{"p":"0124K00112000000","a":"THOMPSON ST","m":"12th Ward - PITTSBURGH","u":"L","o":"corp","sf":1440,"v":3200}},{"type":"Feature","geometry":{"type":"Point","coordinates":[-79.91461,40.46665]},"properties":{"p":"0124J00065000000","a":"LENORA ST","m":"12th Ward - PITTSBURGH","u":"L","o":"corp","sf":2800,"v":3900}},{"type":"Feature","geometry":{"type":"Point","coordinates":[-79.90426,40.45681]},"properties":{"p":"0125L00044000000","a":"N DALLAS AVE","m":"12th Ward - PITTSBURGH","u":"L","o":"corp","sf":2700,"v":600}},{"type":"Feature","geometry":{"type":"Point","coordinates":[-79.915,40.46651]},"properties":{"p":"0124J00070000000","a":"LENORA ST","m":"12th Ward - PITTSBURGH","u":"L","o":"corp","sf":2376,"v":3700}},{"type":"Feature","geometry":{"type":"Point","coordinates":[-79.903,40.46573]},"properties":{"p":"0124M00053000000","a":"DEARY ST","m":"12th Ward - PITTSBURGH","u":"L","o":"individual","sf":1916,"v":500}},{"type":"Feature","geometry":{"type":"Point","coordinates":[-79.9024,40.46482]},"properties":{"p":"0124S00035000000","a":"DEARY ST","m":"12th Ward - PITTSBURGH","u":"L","o":"individual","sf":2500,"v":600}},{"type":"Feature","geometry":{"type":"Point","coordinates":[-79.91236,40.46694]},"properties":{"p":"0124J00194000100","a":"SHETLAND ST","m":"12th Ward - PITTSBURGH","u":"L","o":"corp","sf":3360,"v":1700}},{"type":"Feature","geometry":{"type":"Point","coordinates":[-79.90105,40.46382]},"properties":{"p":"0124S00335000000","a":"LINCOLN AVE","m":"12th Ward - PITTSBURGH","u":"L","o":"individual","sf":1472,"v":400}},{"type":"Feature","geometry":{"type":"Point","coordinates":[-79.90206,40.4555]},"properties":{"p":"0125M00363000000","a":"HAMILTON AVE","m":"13th Ward - PITTSBURGH","u":"L","o":"individual","sf":1678,"v":400}},{"type":"Feature","geometry":{"type":"Point","coordinates":[-79.90888,40.46288]},"properties":{"p":"0124P00303000000","a":"SHETLAND ST","m":"12th Ward - PITTSBURGH","u":"L","o":"corp","sf":3900,"v":4500}},{"type":"Feature","geometry":{"type":"Point","coordinates":[-79.91461,40.46397]},"properties":{"p":"0124N00146000000","a":"CARVER ST","m":"12th Ward - PITTSBURGH","u":"L","o":"corp","sf":1580,"v":800}},{"type":"Feature","geometry":{"type":"Point","coordinates":[-79.90431,40.46442]},"properties":{"p":"0124R00309000000","a":"LYRIC ST","m":"12th Ward - PITTSBURGH","u":"L","o":"individual","sf":2808,"v":1100}},{"type":"Feature","geometry":{"type":"Point","coordinates":[-79.91714,40.46213]},"properties":{"p":"0084D00198000000","a":"ENRIGHT CT","m":"11th Ward - PITTSBURGH","u":"L","o":"corp","sf":3752,"v":5900}},{"type":"Feature","geometry":{"type":"Point","coordinates":[-79.90813,40.46459]},"properties":{"p":"0124P00248000000","a":"RENFREW ST","m":"12th Ward - PITTSBURGH","u":"L","o":"individual","sf":2500,"v":600}},{"type":"Feature","geometry":{"type":"Point","coordinates":[-79.90657,40.46274]},"properties":{"p":"0124R00113000000","a":"RENFREW ST","m":"12th Ward - PITTSBURGH","u":"L","o":"corp","sf":2000,"v":3500}},{"type":"Feature","geometry":{"type":"Point","coordinates":[-79.90381,40.46462]},"properties":{"p":"0124R00352000000","a":"6626 ROWAN ST","m":"12th Ward - PITTSBURGH","u":"L","o":"individual","sf":2820,"v":600}},{"type":"Feature","geometry":{"type":"Point","coordinates":[-79.91152,40.46461]},"properties":{"p":"0124P00026000000","a":"MAXWELL WAY","m":"12th Ward - PITTSBURGH","u":"L","o":"corp","sf":1430,"v":400}},{"type":"Feature","geometry":{"type":"Point","coordinates":[-79.90229,40.4592]},"properties":{"p":"0125H00074000000","a":"GERRITT ST","m":"12th Ward - PITTSBURGH","u":"L","o":"corp","sf":5454,"v":2000}},{"type":"Feature","geometry":{"type":"Point","coordinates":[-79.90427,40.45916]},"properties":{"p":"0125G00152000000","a":"MCCOMBS ST","m":"12th Ward - PITTSBURGH","u":"L","o":"individual","sf":2117,"v":900}},{"type":"Feature","geometry":{"type":"Point","coordinates":[-79.91136,40.46425]},"properties":{"p":"0124P00019000000","a":"PAULSON AVE","m":"12th Ward - PITTSBURGH","u":"L","o":"individual","sf":3225,"v":4100}},{"type":"Feature","geometry":{"type":"Point","coordinates":[-79.913,40.46241]},"properties":{"p":"0125A00150000000","a":"CARVER ST","m":"12th Ward - PITTSBURGH","u":"L","o":"corp","sf":2800,"v":3900}},{"type":"Feature","geometry":{"type":"Point","coordinates":[-79.91434,40.46038]},"properties":{"p":"0125A00065000000","a":"FRANKSTOWN AVE","m":"12th Ward - PITTSBURGH","u":"L","o":"individual","sf":2000,"v":3500}},{"type":"Feature","geometry":{"type":"Point","coordinates":[-79.91491,40.46968]},"properties":{"p":"0124E00023000000","a":"GLENVIEW PL","m":"11th Ward - PITTSBURGH","u":"L","o":"individual","sf":243,"v":200}},{"type":"Feature","geometry":{"type":"Point","coordinates":[-79.91073,40.46839]},"properties":{"p":"0124F00088000000","a":"LENORA ST","m":"12th Ward - PITTSBURGH","u":"L","o":"corp","sf":6000,"v":5100}},{"type":"Feature","geometry":{"type":"Point","coordinates":[-79.91691,40.46481]},"properties":{"p":"0083S00377000000","a":"MAYFLOWER ST","m":"12th Ward - PITTSBURGH","u":"L","o":"individual","sf":2400,"v":600}},{"type":"Feature","geometry":{"type":"Point","coordinates":[-79.90833,40.45443]},"properties":{"p":"0125P00023000000","a":"N LINDEN AVE","m":"14th Ward - PITTSBURGH","u":"L","o":"individual","sf":1980,"v":800}},{"type":"Feature","geometry":{"type":"Point","coordinates":[-79.91235,40.46369]},"properties":{"p":"0124N00281000000","a":"MEADOW ST","m":"12th Ward - PITTSBURGH","u":"L","o":"corp","sf":2603,"v":600}},{"type":"Feature","geometry":{"type":"Point","coordinates":[-79.90901,40.46425]},"properties":{"p":"0124P00157000000","a":"WINFIELD ST","m":"12th Ward - PITTSBURGH","u":"L","o":"corp","sf":2500,"v":400}},{"type":"Feature","geometry":{"type":"Point","coordinates":[-79.90747,40.46246]},"properties":{"p":"0124R00024000000","a":"LADSON ST","m":"12th Ward - PITTSBURGH","u":"L","o":"individual","sf":5692,"v":2600}},{"type":"Feature","geometry":{"type":"Point","coordinates":[-79.91064,40.46305]},"properties":{"p":"0124P00181000000","a":"WINSLOW ST","m":"12th Ward - PITTSBURGH","u":"L","o":"corp","sf":2276,"v":3600}},{"type":"Feature","geometry":{"type":"Point","coordinates":[-79.9105,40.46792]},"properties":{"p":"0124F00176000000","a":"WHITTIER ST","m":"12th Ward - PITTSBURGH","u":"L","o":"corp","sf":1257,"v":600}},{"type":"Feature","geometry":{"type":"Point","coordinates":[-79.9169,40.46542]},"properties":{"p":"0083M00193000000","a":"25 MAYFLOWER ST","m":"12th Ward - PITTSBURGH","u":"L","o":"individual","sf":2640,"v":3800}},{"type":"Feature","geometry":{"type":"Point","coordinates":[-79.9092,40.45596]},"properties":{"p":"0125K00074000000","a":"SIMONTON ST","m":"14th Ward - PITTSBURGH","u":"L","o":"individual","sf":4240,"v":1600}},{"type":"Feature","geometry":{"type":"Point","coordinates":[-79.90499,40.46907]},"properties":{"p":"0124G00077000000","a":"6419 DEAN ST","m":"12th Ward - PITTSBURGH","u":"L","o":"individual","sf":2500,"v":3000}},{"type":"Feature","geometry":{"type":"Point","coordinates":[-79.90398,40.46849]},"properties":{"p":"0124G00091000000","a":"DEAN ST","m":"12th Ward - PITTSBURGH","u":"L","o":"individual","sf":2500,"v":3000}},{"type":"Feature","geometry":{"type":"Point","coordinates":[-79.90966,40.46855]},"properties":{"p":"0124F00235000000","a":"ORPHAN ST","m":"12th Ward - PITTSBURGH","u":"L","o":"corp","sf":3654,"v":4300}},{"type":"Feature","geometry":{"type":"Point","coordinates":[-79.91187,40.46209]},"properties":{"p":"0125B00136000000","a":"CARVER ST","m":"12th Ward - PITTSBURGH","u":"L","o":"corp","sf":2700,"v":3900}},{"type":"Feature","geometry":{"type":"Point","coordinates":[-79.90606,40.45791]},"properties":{"p":"0125G00035000000","a":"KELLY ST","m":"12th Ward - PITTSBURGH","u":"L","o":"corp","sf":915,"v":400}},{"type":"Feature","geometry":{"type":"Point","coordinates":[-79.90165,40.45933]},"properties":{"p":"0125H00097000000","a":"GERRITT ST","m":"12th Ward - PITTSBURGH","u":"L","o":"individual","sf":2799,"v":3100}},{"type":"Feature","geometry":{"type":"Point","coordinates":[-79.90352,40.46548]},"properties":{"p":"0124M00013000000","a":"DEARY ST","m":"12th Ward - PITTSBURGH","u":"L","o":"individual","sf":2500,"v":600}},{"type":"Feature","geometry":{"type":"Point","coordinates":[-79.90373,40.46561]},"properties":{"p":"0124L00103000000","a":"DEARY ST","m":"12th Ward - PITTSBURGH","u":"L","o":"individual","sf":2500,"v":1000}},{"type":"Feature","geometry":{"type":"Point","coordinates":[-79.91142,40.4649]},"properties":{"p":"0124K00178000000","a":"MAXWELL WAY","m":"12th Ward - PITTSBURGH","u":"L","o":"corp","sf":1365,"v":700}},{"type":"Feature","geometry":{"type":"Point","coordinates":[-79.91269,40.46722]},"properties":{"p":"0124J00199000A00","a":"STANTON AVE","m":"12th Ward - PITTSBURGH","u":"L","o":"corp","sf":836,"v":300}},{"type":"Feature","geometry":{"type":"Point","coordinates":[-79.91136,40.46571]},"properties":{"p":"0124K00144000000","a":"SHETLAND ST","m":"12th Ward - PITTSBURGH","u":"L","o":"corp","sf":2500,"v":3800}},{"type":"Feature","geometry":{"type":"Point","coordinates":[-79.91097,40.46724]},"properties":{"p":"0124K00039000000","a":"SENTINEL WAY","m":"12th Ward - PITTSBURGH","u":"L","o":"corp","sf":1400,"v":400}},{"type":"Feature","geometry":{"type":"Point","coordinates":[-79.91925,40.46336]},"properties":{"p":"0083S00146000000","a":"155 LARIMER AVE","m":"11th Ward - PITTSBURGH","u":"B","o":"corp","sf":4338,"v":6500}}]}