{"type":"FeatureCollection","features":[{"type":"Feature","geometry":{"type":"Point","coordinates":[-79.91801,40.40127]},"properties":{"p":"0090H00214000000","a":"W 8TH AVE","m":"West Homestead","u":"I","o":"individual","sf":1919,"v":3100}},{"type":"Feature","geometry":{"type":"Point","coordinates":[-79.91983,40.39583]},"properties":{"p":"0090S00071000000","a":"NICEVILLE ST","m":"31st Ward - PITTSBURGH","u":"C","o":"corp","sf":3525,"v":2600}},{"type":"Feature","geometry":{"type":"Point","coordinates":[-79.91992,40.39584]},"properties":{"p":"0090S00072000000","a":"NICEVILLE ST","m":"31st Ward - PITTSBURGH","u":"C","o":"corp","sf":3500,"v":2600}},{"type":"Feature","geometry":{"type":"Point","coordinates":[-79.91851,40.39586]},"properties":{"p":"0090S00099000000","a":"BASIC AVE","m":"31st Ward - PITTSBURGH","u":"C","o":"corp","sf":6171,"v":2800}},{"type":"Feature","geometry":{"type":"Point","coordinates":[-79.91838,40.39595]},"properties":{"p":"0090S00101000000","a":"BASIC AVE","m":"31st Ward - PITTSBURGH","u":"C","o":"corp","sf":5916,"v":2700}},{"type":"Feature","geometry":{"type":"Point","coordinates":[-79.91941,40.3962]},"properties":{"p":"0090S00019000000","a":"COKE AVE","m":"31st Ward - PITTSBURGH","u":"C","o":"corp","sf":5625,"v":7000}},{"type":"Feature","geometry":{"type":"Point","coordinates":[-79.91905,40.39638]},"properties":{"p":"0090S00055000000","a":"BASIC AVE","m":"31st Ward - PITTSBURGH","u":"C","o":"corp","sf":4900,"v":6000}},{"type":"Feature","geometry":{"type":"Point","coordinates":[-79.91918,40.39627]},"properties":{"p":"0090S00056000000","a":"COKE AVE","m":"31st Ward - PITTSBURGH","u":"C","o":"corp","sf":9372,"v":12000}},{"type":"Feature","geometry":{"type":"Point","coordinates":[-79.91897,40.39116]},"properties":{"p":"0091H00001000000","a":"REVENUE ST","m":"31st Ward - PITTSBURGH","u":"C","o":"corp","sf":1667913,"v":174100}},{"type":"Feature","geometry":{"type":"Point","coordinates":[-79.91133,40.40801]},"properties":{"p":"0130K00080000000","a":"601 -611 AMITY ST","m":"Homestead","u":"C","o":"corp","sf":3952,"v":14300}},{"type":"Feature","geometry":{"type":"Point","coordinates":[-79.91134,40.40781]},"properties":{"p":"0130K00104000000","a":"615 AMITY ST","m":"Homestead","u":"C","o":"corp","sf":1800,"v":600}},{"type":"Feature","geometry":{"type":"Point","coordinates":[-79.91021,40.40702]},"properties":{"p":"0130K00289000000","a":"E 8TH AVE","m":"Homestead","u":"C","o":"corp","sf":729,"v":10300}},{"type":"Feature","geometry":{"type":"Point","coordinates":[-79.90956,40.40957]},"properties":{"p":"0130F00058000000","a":"AMITY ST","m":"Homestead","u":"C","o":"corp","sf":315810,"v":353200}},{"type":"Feature","geometry":{"type":"Point","coordinates":[-79.90444,40.40934]},"properties":{"p":"0130G00162000000","a":"621 -623 E 8TH AVE","m":"Homestead","u":"C","o":"corp","sf":1087,"v":400}},{"type":"Feature","geometry":{"type":"Point","coordinates":[-79.91218,40.40577]},"properties":{"p":"0130N00344000000","a":"806 WEST ST","m":"Homestead","u":"C","o":"corp","sf":2691,"v":1000}},{"type":"Feature","geometry":{"type":"Point","coordinates":[-79.91235,40.4055]},"properties":{"p":"0130N00348000000","a":"W 8TH AVE","m":"Homestead","u":"C","o":"corp","sf":2880,"v":14200}},{"type":"Feature","geometry":{"type":"Point","coordinates":[-79.90179,40.40253]},"properties":{"p":"0131D00174000000","a":"E 17TH AVE","m":"Homestead","u":"C","o":"individual","sf":3900,"v":17400}},{"type":"Feature","geometry":{"type":"Point","coordinates":[-79.9119,40.40662]},"properties":{"p":"0130K00185000000","a":"E 8TH AVE","m":"Homestead","u":"C","o":"corp","sf":2200,"v":13000}},{"type":"Feature","geometry":{"type":"Point","coordinates":[-79.91182,40.40668]},"properties":{"p":"0130K00186000000","a":"E 8TH AVE","m":"Homestead","u":"C","o":"corp","sf":4400,"v":16900}},{"type":"Feature","geometry":{"type":"Point","coordinates":[-79.9117,40.40678]},"properties":{"p":"0130K00189000000","a":"E 8TH AVE","m":"Homestead","u":"C","o":"corp","sf":2000,"v":12600}},{"type":"Feature","geometry":{"type":"Point","coordinates":[-79.91165,40.40682]},"properties":{"p":"0130K00190000000","a":"E 8TH AVE","m":"Homestead","u":"C","o":"corp","sf":2200,"v":13000}},{"type":"Feature","geometry":{"type":"Point","coordinates":[-79.91123,40.40644]},"properties":{"p":"0130P000100CU100","a":"126 -130 E 8TH AVE","m":"Homestead","u":"C","o":"corp","sf":20460,"v":0}},{"type":"Feature","geometry":{"type":"Point","coordinates":[-79.91144,40.40628]},"properties":{"p":"0130P000100CU200","a":"114 -118 E 8TH AVE","m":"Homestead","u":"C","o":"corp","sf":20460,"v":0}},{"type":"Feature","geometry":{"type":"Point","coordinates":[-79.90586,40.40909]},"properties":{"p":"0130G00229000000","a":"E 8TH AVE","m":"Homestead","u":"C","o":"corp","sf":4202,"v":16600}},{"type":"Feature","geometry":{"type":"Point","coordinates":[-79.90598,40.40908]},"properties":{"p":"0130G00230000000","a":"E 8TH AVE","m":"Homestead","u":"C","o":"corp","sf":1926,"v":700}},{"type":"Feature","geometry":{"type":"Point","coordinates":[-79.90903,40.4083]},"properties":{"p":"0130K00232000000","a":"E 8TH AVE","m":"Homestead","u":"C","o":"corp","sf":2200,"v":800}},{"type":"Feature","geometry":{"type":"Point","coordinates":[-79.90897,40.40833]},"properties":{"p":"0130K00233000000","a":"E 8TH AVE","m":"Homestead","u":"C","o":"corp","sf":2200,"v":800}},{"type":"Feature","geometry":{"type":"Point","coordinates":[-79.90798,40.40192]},"properties":{"p":"0131B00274000000","a":"W 14TH AVE","m":"Homestead","u":"C","o":"individual","sf":2394,"v":15500}},{"type":"Feature","geometry":{"type":"Point","coordinates":[-79.90099,40.40152]},"properties":{"p":"0131H00063000100","a":"1811 MCCLURE ST","m":"Homestead","u":"C","o":"individual","sf":425,"v":100}},{"type":"Feature","geometry":{"type":"Point","coordinates":[-79.91127,40.40774]},"properties":{"p":"0130K00105000000","a":"615 AMITY ST","m":"Homestead","u":"C","o":"individual","sf":3531,"v":13700}},{"type":"Feature","geometry":{"type":"Point","coordinates":[-79.91119,40.40765]},"properties":{"p":"0130K00107000000","a":"615 AMITY ST","m":"Homestead","u":"C","o":"corp","sf":3398,"v":13400}},{"type":"Feature","geometry":{"type":"Point","coordinates":[-79.90733,40.40252]},"properties":{"p":"0131C00107000000","a":"E 14TH AVE","m":"Homestead","u":"C","o":"corp","sf":891,"v":200}},{"type":"Feature","geometry":{"type":"Point","coordinates":[-79.90454,40.40918]},"properties":{"p":"0130G00167000000","a":"621 -623 E 8TH AVE","m":"Homestead","u":"C","o":"corp","sf":4600,"v":1700}},{"type":"Feature","geometry":{"type":"Point","coordinates":[-79.90988,40.40787]},"properties":{"p":"0130K00220000000","a":"E 8TH AVE","m":"Homestead","u":"C","o":"corp","sf":2200,"v":13000}},{"type":"Feature","geometry":{"type":"Point","coordinates":[-79.90976,40.40793]},"properties":{"p":"0130K00222000000","a":"E 8TH AVE","m":"Homestead","u":"C","o":"corp","sf":2200,"v":13000}},{"type":"Feature","geometry":{"type":"Point","coordinates":[-79.90971,40.40796]},"properties":{"p":"0130K00223000000","a":"E 8TH AVE","m":"Homestead","u":"C","o":"individual","sf":2625,"v":13700}},{"type":"Feature","geometry":{"type":"Point","coordinates":[-79.90915,40.40824]},"properties":{"p":"0130K00230000000","a":"E 8TH AVE","m":"Homestead","u":"C","o":"corp","sf":2200,"v":13000}},{"type":"Feature","geometry":{"type":"Point","coordinates":[-79.90909,40.40827]},"properties":{"p":"0130K00231000000","a":"E 8TH AVE","m":"Homestead","u":"C","o":"corp","sf":2200,"v":13000}},{"type":"Feature","geometry":{"type":"Point","coordinates":[-79.90659,40.40245]},"properties":{"p":"0131C00220000000","a":"1415 WEST ST","m":"Homestead","u":"C","o":"individual","sf":4400,"v":5500}},{"type":"Feature","geometry":{"type":"Point","coordinates":[-79.90668,40.40239]},"properties":{"p":"0131C00222000000","a":"1415 WEST ST","m":"Homestead","u":"C","o":"individual","sf":3300,"v":4100}},{"type":"Feature","geometry":{"type":"Point","coordinates":[-79.91086,40.40677]},"properties":{"p":"0130K00296000000","a":"E 8TH AVE","m":"Homestead","u":"C","o":"corp","sf":4604,"v":5000}},{"type":"Feature","geometry":{"type":"Point","coordinates":[-79.91097,40.40668]},"properties":{"p":"0130K00297000000","a":"E 8TH AVE","m":"Homestead","u":"C","o":"corp","sf":2517,"v":13500}},{"type":"Feature","geometry":{"type":"Point","coordinates":[-79.90846,40.40344]},"properties":{"p":"0131B00205000000","a":"WEST ST","m":"Homestead","u":"C","o":"corp","sf":975,"v":300}},{"type":"Feature","geometry":{"type":"Point","coordinates":[-79.9084,40.40339]},"properties":{"p":"0131B00206000000","a":"WEST ST","m":"Homestead","u":"C","o":"corp","sf":1656,"v":400}},{"type":"Feature","geometry":{"type":"Point","coordinates":[-79.90834,40.40335]},"properties":{"p":"0131B00207000000","a":"WEST ST","m":"Homestead","u":"C","o":"corp","sf":1202,"v":2500}},{"type":"Feature","geometry":{"type":"Point","coordinates":[-79.90784,40.40784]},"properties":{"p":"0130K00342000000","a":"E 9TH AVE","m":"Homestead","u":"C","o":"individual","sf":5940,"v":18400}},{"type":"Feature","geometry":{"type":"Point","coordinates":[-79.90784,40.4025]},"properties":{"p":"0131B00250000000","a":"WEST ST","m":"Homestead","u":"C","o":"individual","sf":1980,"v":15000}},{"type":"Feature","geometry":{"type":"Point","coordinates":[-79.90427,40.39658]},"properties":{"p":"0131R00220000000","a":"ORCHARD ST","m":"Munhall","u":"C","o":"individual","sf":48395,"v":1100}},{"type":"Feature","geometry":{"type":"Point","coordinates":[-79.90555,40.3965]},"properties":{"p":"0131R00245000000","a":"2003 WEST RUN RD","m":"Munhall","u":"C","o":"individual","sf":9043,"v":2300}},{"type":"Feature","geometry":{"type":"Point","coordinates":[-79.90379,40.39279]},"properties":{"p":"0132D00200000000","a":"WEST RUN RD","m":"Munhall","u":"C","o":"individual","sf":431257,"v":32500}},{"type":"Feature","geometry":{"type":"Point","coordinates":[-79.90391,40.39077]},"properties":{"p":"0132G00125000000","a":"WEST RUN RD","m":"Munhall","u":"C","o":"individual","sf":47916,"v":12000}},{"type":"Feature","geometry":{"type":"Point","coordinates":[-79.90018,40.40641]},"properties":{"p":"0130S00012000000","a":"E 11TH AVE","m":"Munhall","u":"C","o":"corp","sf":71656,"v":102100}},{"type":"Feature","geometry":{"type":"Point","coordinates":[-79.90689,40.40859]},"properties":{"p":"0130L00314000000","a":"E 8TH AVE","m":"Munhall","u":"C","o":"individual","sf":1500,"v":4000}},{"type":"Feature","geometry":{"type":"Point","coordinates":[-79.90244,40.39511]},"properties":{"p":"0131S00025000000","a":"2199 WEST RUN RD","m":"Munhall","u":"C","o":"corp","sf":19188,"v":36500}},{"type":"Feature","geometry":{"type":"Point","coordinates":[-79.90576,40.4086]},"properties":{"p":"0130L00301000000","a":"E 8TH AVE","m":"Munhall","u":"C","o":"individual","sf":2750,"v":14000}},{"type":"Feature","geometry":{"type":"Point","coordinates":[-79.90585,40.40859]},"properties":{"p":"0130L00302000000","a":"E 8TH AVE","m":"Munhall","u":"C","o":"corp","sf":2750,"v":14000}},{"type":"Feature","geometry":{"type":"Point","coordinates":[-79.91302,40.39746]},"properties":{"p":"0131J00279000000","a":"WEST RUN RD","m":"West Homestead","u":"C","o":"corp","sf":36242,"v":11600}},{"type":"Feature","geometry":{"type":"Point","coordinates":[-79.91271,40.39714]},"properties":{"p":"0131J00282000000","a":"FOREST AVE","m":"West Homestead","u":"C","o":"corp","sf":19689,"v":53600}},{"type":"Feature","geometry":{"type":"Point","coordinates":[-79.9094,40.39795]},"properties":{"p":"0131K00214000000","a":"FOREST AVE","m":"West Homestead","u":"C","o":"corp","sf":5841,"v":18200}},{"type":"Feature","geometry":{"type":"Point","coordinates":[-79.91739,40.40321]},"properties":{"p":"0090D00117000000","a":"431 W 7TH AVE","m":"West Homestead","u":"C","o":"corp","sf":7349,"v":24800}},{"type":"Feature","geometry":{"type":"Point","coordinates":[-79.91363,40.39844]},"properties":{"p":"0131J00258000000","a":"976 FOREST AVE","m":"West Homestead","u":"C","o":"corp","sf":3200,"v":5100}},{"type":"Feature","geometry":{"type":"Point","coordinates":[-79.91362,40.39836]},"properties":{"p":"0131J00259000000","a":"976 FOREST AVE","m":"West Homestead","u":"C","o":"corp","sf":1543,"v":2500}},{"type":"Feature","geometry":{"type":"Point","coordinates":[-79.91371,40.39816]},"properties":{"p":"0131J00262000000","a":"976 FOREST AVE","m":"West Homestead","u":"C","o":"corp","sf":1519,"v":2400}},{"type":"Feature","geometry":{"type":"Point","coordinates":[-79.91297,40.39775]},"properties":{"p":"0131J00268000000","a":"FOREST AVE","m":"West Homestead","u":"C","o":"corp","sf":10890,"v":31100}},{"type":"Feature","geometry":{"type":"Point","coordinates":[-79.91546,40.40408]},"properties":{"p":"0131A00137000000","a":"W 8TH AVE","m":"West Homestead","u":"C","o":"individual","sf":2750,"v":14000}},{"type":"Feature","geometry":{"type":"Point","coordinates":[-79.91585,40.40319]},"properties":{"p":"0131A00154000000","a":"W 8TH AVE","m":"West Homestead","u":"C","o":"individual","sf":5500,"v":19400}},{"type":"Feature","geometry":{"type":"Point","coordinates":[-79.90833,40.39864]},"properties":{"p":"0131K00161000000","a":"FOREST AVE","m":"West Homestead","u":"C","o":"individual","sf":2253,"v":3600}},{"type":"Feature","geometry":{"type":"Point","coordinates":[-79.91377,40.4052]},"properties":{"p":"0130N00091000000","a":"W 8TH AVE","m":"West Homestead","u":"C","o":"corp","sf":2750,"v":14000}},{"type":"Feature","geometry":{"type":"Point","coordinates":[-79.91794,40.40142]},"properties":{"p":"0090H00215000000","a":"W 8TH AVE","m":"West Homestead","u":"C","o":"corp","sf":2250,"v":1000}},{"type":"Feature","geometry":{"type":"Point","coordinates":[-79.91784,40.40157]},"properties":{"p":"0090H00219000000","a":"W 8TH AVE","m":"West Homestead","u":"C","o":"individual","sf":3876,"v":14200}},{"type":"Feature","geometry":{"type":"Point","coordinates":[-79.91781,40.40167]},"properties":{"p":"0090H00221000000","a":"W 8TH AVE","m":"West Homestead","u":"C","o":"individual","sf":2640,"v":12200}},{"type":"Feature","geometry":{"type":"Point","coordinates":[-79.91699,40.40347]},"properties":{"p":"0090D00100000000","a":"W 7TH AVE","m":"West Homestead","u":"C","o":"corp","sf":6055,"v":3400}},{"type":"Feature","geometry":{"type":"Point","coordinates":[-79.90927,40.39861]},"properties":{"p":"0131K00111000000","a":"SHADY LN","m":"West Homestead","u":"C","o":"individual","sf":7852,"v":2500}},{"type":"Feature","geometry":{"type":"Point","coordinates":[-79.91519,40.40425]},"properties":{"p":"0130N00070000000","a":"243 W 8TH AVE","m":"West Homestead","u":"C","o":"individual","sf":2750,"v":14000}},{"type":"Feature","geometry":{"type":"Point","coordinates":[-79.91512,40.4043]},"properties":{"p":"0130N00071000000","a":"243 W 8TH AVE","m":"West Homestead","u":"C","o":"individual","sf":2750,"v":14000}},{"type":"Feature","geometry":{"type":"Point","coordinates":[-79.91669,40.40268]},"properties":{"p":"0090D00050000000","a":"W 8TH AVE","m":"West Homestead","u":"C","o":"corp","sf":4299,"v":16700}},{"type":"Feature","geometry":{"type":"Point","coordinates":[-79.91697,40.40171]},"properties":{"p":"0090D00025000000","a":"W 8TH AVE","m":"West Homestead","u":"C","o":"individual","sf":13078,"v":4200}},{"type":"Feature","geometry":{"type":"Point","coordinates":[-79.9169,40.40198]},"properties":{"p":"0090D00030000000","a":"WALNUT ST","m":"West Homestead","u":"C","o":"corp","sf":3300,"v":13300}},{"type":"Feature","geometry":{"type":"Point","coordinates":[-79.90591,40.4093]},"properties":{"p":"0130G00224000001","a":"DICKSON ST","m":"Homestead","u":"C","o":"corp","sf":2750,"v":12400}},{"type":"Feature","geometry":{"type":"Point","coordinates":[-79.91072,40.40665]},"properties":{"p":"0130K00301000000","a":"AMITY ST","m":"Homestead","u":"C","o":"corp","sf":2433,"v":13400}},{"type":"Feature","geometry":{"type":"Point","coordinates":[-79.90982,40.4079]},"properties":{"p":"0130K00221000000","a":"E 8TH AVE","m":"Homestead","u":"C","o":"corp","sf":2200,"v":13000}},{"type":"Feature","geometry":{"type":"Point","coordinates":[-79.91358,40.39828]},"properties":{"p":"0131J00260000000","a":"976 FOREST AVE","m":"West Homestead","u":"C","o":"corp","sf":5696,"v":9100}},{"type":"Feature","geometry":{"type":"Point","coordinates":[-79.90726,40.39998]},"properties":{"p":"0131G00077000000","a":"W 16TH AVE","m":"Homestead","u":"C","o":"individual","sf":11124,"v":26400}},{"type":"Feature","geometry":{"type":"Point","coordinates":[-79.90091,40.40142]},"properties":{"p":"0131H00063000000","a":"1811 MCCLURE AVE","m":"Homestead","u":"C","o":"individual","sf":2489,"v":3100}},{"type":"Feature","geometry":{"type":"Point","coordinates":[-79.91382,40.39846]},"properties":{"p":"0131J00252000000","a":"976 FOREST AVE","m":"West Homestead","u":"C","o":"corp","sf":11138,"v":17800}},{"type":"Feature","geometry":{"type":"Point","coordinates":[-79.90341,40.3971]},"properties":{"p":"0131M00008000000","a":"2114 WEST ST","m":"Munhall","u":"C","o":"corp","sf":7350,"v":19000}},{"type":"Feature","geometry":{"type":"Point","coordinates":[-79.91096,40.39814]},"properties":{"p":"0131K00132000000","a":"1025 FOREST AVE","m":"West Homestead","u":"C","o":"individual","sf":3638,"v":13800}},{"type":"Feature","geometry":{"type":"Point","coordinates":[-79.91196,40.40658]},"properties":{"p":"0130P00001000000","a":"E 8TH AVE","m":"Homestead","u":"C","o":"corp","sf":3080,"v":14500}},{"type":"Feature","geometry":{"type":"Point","coordinates":[-79.91776,40.40895]},"properties":{"p":"0089H00055000000","a":"185 W WATERFRONT DR","m":"Homestead","u":"C","o":"corp","sf":79275,"v":910000}},{"type":"Feature","geometry":{"type":"Point","coordinates":[-79.9153,40.40424]},"properties":{"p":"0130N00069000000","a":"243 W 8TH AVE","m":"West Homestead","u":"C","o":"individual","sf":2750,"v":14000}},{"type":"Feature","geometry":{"type":"Point","coordinates":[-79.91799,40.40134]},"properties":{"p":"0090H00213000000","a":"W 8TH AVE","m":"West Homestead","u":"C","o":"corp","sf":4057,"v":14500}},{"type":"Feature","geometry":{"type":"Point","coordinates":[-79.91921,40.39815]},"properties":{"p":"0090M00073000000","a":"MESTALAND AVE","m":"31st Ward - PITTSBURGH","u":"L","o":"individual","sf":5000,"v":6000}},{"type":"Feature","geometry":{"type":"Point","coordinates":[-79.91999,40.39701]},"properties":{"p":"0090M00093000000","a":"ARMORHILL AVE","m":"31st Ward - PITTSBURGH","u":"L","o":"individual","sf":2500,"v":800}},{"type":"Feature","geometry":{"type":"Point","coordinates":[-79.91975,40.39721]},"properties":{"p":"0090M00097000000","a":"4412 ARMORHILL AVE","m":"31st Ward - PITTSBURGH","u":"L","o":"individual","sf":2500,"v":3000}},{"type":"Feature","geometry":{"type":"Point","coordinates":[-79.91472,40.39607]},"properties":{"p":"0131N00067000000","a":"BENEZET ST","m":"31st Ward - PITTSBURGH","u":"L","o":"individual","sf":2750,"v":3300}},{"type":"Feature","geometry":{"type":"Point","coordinates":[-79.91478,40.39602]},"properties":{"p":"0131N00068000000","a":"BENEZET ST","m":"31st Ward - PITTSBURGH","u":"L","o":"individual","sf":2750,"v":3300}},{"type":"Feature","geometry":{"type":"Point","coordinates":[-79.91822,40.39607]},"properties":{"p":"0090S00103000000","a":"BASIC AVE","m":"31st Ward - PITTSBURGH","u":"L","o":"individual","sf":12808,"v":12700}},{"type":"Feature","geometry":{"type":"Point","coordinates":[-79.9168,40.39677]},"properties":{"p":"0090S00126000000","a":"SWEETBAY ST","m":"31st Ward - PITTSBURGH","u":"L","o":"individual","sf":3016,"v":900}},{"type":"Feature","geometry":{"type":"Point","coordinates":[-79.9167,40.39684]},"properties":{"p":"0090S00127000000","a":"SWEETBAY ST","m":"31st Ward - PITTSBURGH","u":"L","o":"individual","sf":5188,"v":6000}},{"type":"Feature","geometry":{"type":"Point","coordinates":[-79.91725,40.39634]},"properties":{"p":"0090S00138000000","a":"SWEETBAY ST","m":"31st Ward - PITTSBURGH","u":"L","o":"individual","sf":2500,"v":3000}},{"type":"Feature","geometry":{"type":"Point","coordinates":[-79.91731,40.39629]},"properties":{"p":"0090S00139000000","a":"SWEETBAY ST","m":"31st Ward - PITTSBURGH","u":"L","o":"individual","sf":2500,"v":3000}},{"type":"Feature","geometry":{"type":"Point","coordinates":[-79.91727,40.39523]},"properties":{"p":"0090S00217000000","a":"WHITEBUSH ST","m":"31st Ward - PITTSBURGH","u":"L","o":"individual","sf":2600,"v":3100}},{"type":"Feature","geometry":{"type":"Point","coordinates":[-79.91622,40.3954]},"properties":{"p":"0090S00226000000","a":"BENCH WAY","m":"31st Ward - PITTSBURGH","u":"L","o":"individual","sf":5500,"v":6100}},{"type":"Feature","geometry":{"type":"Point","coordinates":[-79.91973,40.3942]},"properties":{"p":"0091D00101000000","a":"REVENUE ST","m":"31st Ward - PITTSBURGH","u":"L","o":"individual","sf":5500,"v":1600}},{"type":"Feature","geometry":{"type":"Point","coordinates":[-79.91938,40.39413]},"properties":{"p":"0091D00107000000","a":"REVENUE ST","m":"31st Ward - PITTSBURGH","u":"L","o":"individual","sf":5500,"v":1600}},{"type":"Feature","geometry":{"type":"Point","coordinates":[-79.91577,40.39638]},"properties":{"p":"0131N00012000000","a":"WHITEBUSH ST","m":"31st Ward - PITTSBURGH","u":"L","o":"individual","sf":5500,"v":6100}},{"type":"Feature","geometry":{"type":"Point","coordinates":[-79.91837,40.39473]},"properties":{"p":"0090S00306000000","a":"MARYLIN ST","m":"31st Ward - PITTSBURGH","u":"L","o":"individual","sf":20000,"v":5700}},{"type":"Feature","geometry":{"type":"Point","coordinates":[-79.91794,40.39465]},"properties":{"p":"0090S00314000000","a":"MARYLIN ST","m":"31st Ward - PITTSBURGH","u":"L","o":"individual","sf":5000,"v":1500}},{"type":"Feature","geometry":{"type":"Point","coordinates":[-79.91777,40.39462]},"properties":{"p":"0090S00316000000","a":"MARYLIN ST","m":"31st Ward - PITTSBURGH","u":"L","o":"individual","sf":5000,"v":6000}},{"type":"Feature","geometry":{"type":"Point","coordinates":[-79.91759,40.39458]},"properties":{"p":"0090S00318000000","a":"MARYLIN ST","m":"31st Ward - PITTSBURGH","u":"L","o":"individual","sf":11000,"v":6500}},{"type":"Feature","geometry":{"type":"Point","coordinates":[-79.91741,40.39455]},"properties":{"p":"0090S00320000000","a":"MARYLIN ST","m":"31st Ward - PITTSBURGH","u":"L","o":"individual","sf":5500,"v":1600}},{"type":"Feature","geometry":{"type":"Point","coordinates":[-79.91715,40.3945]},"properties":{"p":"0090S00324000000","a":"MARYLIN ST","m":"31st Ward - PITTSBURGH","u":"L","o":"individual","sf":10000,"v":2900}},{"type":"Feature","geometry":{"type":"Point","coordinates":[-79.91597,40.39619]},"properties":{"p":"0131N00016000000","a":"WHITEBUSH ST","m":"31st Ward - PITTSBURGH","u":"L","o":"individual","sf":2750,"v":3300}},{"type":"Feature","geometry":{"type":"Point","coordinates":[-79.91599,40.39611]},"properties":{"p":"0131N00018000000","a":"WHITEBUSH ST","m":"31st Ward - PITTSBURGH","u":"L","o":"individual","sf":2750,"v":3300}},{"type":"Feature","geometry":{"type":"Point","coordinates":[-79.91609,40.39566]},"properties":{"p":"0131N00020000000","a":"BENEZET ST","m":"31st Ward - PITTSBURGH","u":"L","o":"individual","sf":11000,"v":12500}},{"type":"Feature","geometry":{"type":"Point","coordinates":[-79.9156,40.39598]},"properties":{"p":"0131N00031000000","a":"BENEZET ST","m":"31st Ward - PITTSBURGH","u":"L","o":"individual","sf":5500,"v":1600}},{"type":"Feature","geometry":{"type":"Point","coordinates":[-79.91545,40.39611]},"properties":{"p":"0131N00033000000","a":"BENEZET ST","m":"31st Ward - PITTSBURGH","u":"L","o":"individual","sf":8250,"v":12300}},{"type":"Feature","geometry":{"type":"Point","coordinates":[-79.91905,40.39562]},"properties":{"p":"0090S00092000000","a":"NICEVILLE ST","m":"31st Ward - PITTSBURGH","u":"L","o":"individual","sf":6585,"v":12100}},{"type":"Feature","geometry":{"type":"Point","coordinates":[-79.91885,40.3956]},"properties":{"p":"0090S00095000000","a":"NICEVILLE ST","m":"31st Ward - PITTSBURGH","u":"L","o":"individual","sf":5358,"v":6000}},{"type":"Feature","geometry":{"type":"Point","coordinates":[-79.91692,40.39602]},"properties":{"p":"0090S00181000000","a":"SWEETBAY ST","m":"31st Ward - PITTSBURGH","u":"L","o":"individual","sf":2750,"v":1800}},{"type":"Feature","geometry":{"type":"Point","coordinates":[-79.91642,40.3958]},"properties":{"p":"0090S00202000000","a":"WHITEBUSH ST","m":"31st Ward - PITTSBURGH","u":"L","o":"individual","sf":5500,"v":1600}},{"type":"Feature","geometry":{"type":"Point","coordinates":[-79.91666,40.3956]},"properties":{"p":"0090S00206000000","a":"WHITEBUSH ST","m":"31st Ward - PITTSBURGH","u":"L","o":"individual","sf":5500,"v":6100}},{"type":"Feature","geometry":{"type":"Point","coordinates":[-79.9189,40.39341]},"properties":{"p":"0091D00026000000","a":"SUZETTE ST","m":"31st Ward - PITTSBURGH","u":"L","o":"individual","sf":36000,"v":14800}},{"type":"Feature","geometry":{"type":"Point","coordinates":[-79.91795,40.39306]},"properties":{"p":"0091D00028000000","a":"SUZETTE ST","m":"31st Ward - PITTSBURGH","u":"L","o":"individual","sf":15000,"v":6900}},{"type":"Feature","geometry":{"type":"Point","coordinates":[-79.91767,40.39338]},"properties":{"p":"0091D00055000000","a":"REVENUE ST","m":"31st Ward - PITTSBURGH","u":"L","o":"individual","sf":3000,"v":3600}},{"type":"Feature","geometry":{"type":"Point","coordinates":[-79.91835,40.39344]},"properties":{"p":"0091D00066000000","a":"REVENUE ST","m":"31st Ward - PITTSBURGH","u":"L","o":"individual","sf":36000,"v":14800}},{"type":"Feature","geometry":{"type":"Point","coordinates":[-79.91893,40.39517]},"properties":{"p":"0090S00266000000","a":"BASIC AVE","m":"31st Ward - PITTSBURGH","u":"L","o":"individual","sf":7500,"v":2200}},{"type":"Feature","geometry":{"type":"Point","coordinates":[-79.91915,40.39522]},"properties":{"p":"0090S00269000000","a":"NICEVILLE ST","m":"31st Ward - PITTSBURGH","u":"L","o":"individual","sf":5000,"v":1100}},{"type":"Feature","geometry":{"type":"Point","coordinates":[-79.91928,40.39524]},"properties":{"p":"0090S00270000000","a":"NICEVILLE ST","m":"31st Ward - PITTSBURGH","u":"L","o":"individual","sf":2500,"v":800}},{"type":"Feature","geometry":{"type":"Point","coordinates":[-79.91937,40.39526]},"properties":{"p":"0090S00271000000","a":"NICEVILLE ST","m":"31st Ward - PITTSBURGH","u":"L","o":"individual","sf":2500,"v":800}},{"type":"Feature","geometry":{"type":"Point","coordinates":[-79.9195,40.39528]},"properties":{"p":"0090S00274000000","a":"NICEVILLE ST","m":"31st Ward - PITTSBURGH","u":"L","o":"individual","sf":5000,"v":6000}},{"type":"Feature","geometry":{"type":"Point","coordinates":[-79.91985,40.39535]},"properties":{"p":"0090S00278000000","a":"466 NICEVILLE ST","m":"31st Ward - PITTSBURGH","u":"L","o":"individual","sf":5000,"v":1500}},{"type":"Feature","geometry":{"type":"Point","coordinates":[-79.91492,40.39716]},"properties":{"p":"0131J00060000000","a":"4316 BENCH WAY","m":"31st Ward - PITTSBURGH","u":"L","o":"individual","sf":30800,"v":8700}},{"type":"Feature","geometry":{"type":"Point","coordinates":[-79.91964,40.39622]},"properties":{"p":"0090S00018000000","a":"COKE AVE","m":"31st Ward - PITTSBURGH","u":"L","o":"individual","sf":5704,"v":1700}},{"type":"Feature","geometry":{"type":"Point","coordinates":[-79.91974,40.39581]},"properties":{"p":"0090S00070000000","a":"NICEVILLE ST","m":"31st Ward - PITTSBURGH","u":"L","o":"individual","sf":3550,"v":4300}},{"type":"Feature","geometry":{"type":"Point","coordinates":[-79.91773,40.39593]},"properties":{"p":"0090S00147000000","a":"SWEETBAY ST","m":"31st Ward - PITTSBURGH","u":"L","o":"individual","sf":2500,"v":3000}},{"type":"Feature","geometry":{"type":"Point","coordinates":[-79.9182,40.39551]},"properties":{"p":"0090S00158000000","a":"SWEETBAY ST","m":"31st Ward - PITTSBURGH","u":"L","o":"individual","sf":7500,"v":12200}},{"type":"Feature","geometry":{"type":"Point","coordinates":[-79.91792,40.39534]},"properties":{"p":"0090S00164000000","a":"HELEN ST","m":"31st Ward - PITTSBURGH","u":"L","o":"individual","sf":4577,"v":11500}},{"type":"Feature","geometry":{"type":"Point","coordinates":[-79.91773,40.39532]},"properties":{"p":"0090S00166000000","a":"SWEETBAY ST","m":"31st Ward - PITTSBURGH","u":"L","o":"individual","sf":4420,"v":5300}},{"type":"Feature","geometry":{"type":"Point","coordinates":[-79.91822,40.39505]},"properties":{"p":"0090S00257000000","a":"NICEVILLE ST","m":"31st Ward - PITTSBURGH","u":"L","o":"individual","sf":2500,"v":3000}},{"type":"Feature","geometry":{"type":"Point","coordinates":[-79.91831,40.39506]},"properties":{"p":"0090S00258000000","a":"NICEVILLE ST","m":"31st Ward - PITTSBURGH","u":"L","o":"individual","sf":2500,"v":800}},{"type":"Feature","geometry":{"type":"Point","coordinates":[-79.91856,40.39511]},"properties":{"p":"0090S00261000000","a":"490 NICEVILLE ST","m":"31st Ward - PITTSBURGH","u":"L","o":"individual","sf":2500,"v":800}},{"type":"Feature","geometry":{"type":"Point","coordinates":[-79.91807,40.3939]},"properties":{"p":"0091D00127000000","a":"5021 REVENUE ST","m":"31st Ward - PITTSBURGH","u":"L","o":"individual","sf":2750,"v":3300}},{"type":"Feature","geometry":{"type":"Point","coordinates":[-79.91794,40.39387]},"properties":{"p":"0091D00128000000","a":"REVENUE ST","m":"31st Ward - PITTSBURGH","u":"L","o":"individual","sf":5500,"v":6100}},{"type":"Feature","geometry":{"type":"Point","coordinates":[-79.91767,40.39383]},"properties":{"p":"0091D00131000000","a":"REVENUE ST","m":"31st Ward - PITTSBURGH","u":"L","o":"individual","sf":11000,"v":12500}},{"type":"Feature","geometry":{"type":"Point","coordinates":[-79.91745,40.39379]},"properties":{"p":"0091D00136000000","a":"REVENUE ST","m":"31st Ward - PITTSBURGH","u":"L","o":"individual","sf":2750,"v":3300}},{"type":"Feature","geometry":{"type":"Point","coordinates":[-79.91732,40.39376]},"properties":{"p":"0091D00137000000","a":"OCHRE WAY","m":"31st Ward - PITTSBURGH","u":"L","o":"individual","sf":5500,"v":1600}},{"type":"Feature","geometry":{"type":"Point","coordinates":[-79.91981,40.39653]},"properties":{"p":"0090S00009000000","a":"ARMORHILL AVE","m":"31st Ward - PITTSBURGH","u":"L","o":"individual","sf":2750,"v":3300}},{"type":"Feature","geometry":{"type":"Point","coordinates":[-79.91987,40.39648]},"properties":{"p":"0090S00010000000","a":"ARMORHILL AVE","m":"31st Ward - PITTSBURGH","u":"L","o":"individual","sf":2750,"v":900}},{"type":"Feature","geometry":{"type":"Point","coordinates":[-79.9192,40.39768]},"properties":{"p":"0090M00105000000","a":"ARMORHILL AVE","m":"31st Ward - PITTSBURGH","u":"L","o":"individual","sf":5000,"v":12000}},{"type":"Feature","geometry":{"type":"Point","coordinates":[-79.91911,40.39776]},"properties":{"p":"0090M00107000000","a":"ARMORHILL AVE","m":"31st Ward - PITTSBURGH","u":"L","o":"individual","sf":2500,"v":800}},{"type":"Feature","geometry":{"type":"Point","coordinates":[-79.91901,40.39783]},"properties":{"p":"0090M00108000000","a":"ARMORHILL AVE","m":"31st Ward - PITTSBURGH","u":"L","o":"individual","sf":5000,"v":1500}},{"type":"Feature","geometry":{"type":"Point","coordinates":[-79.91834,40.39839]},"properties":{"p":"0090M00119000000","a":"ARMORHILL AVE","m":"31st Ward - PITTSBURGH","u":"L","o":"individual","sf":2500,"v":1500}},{"type":"Feature","geometry":{"type":"Point","coordinates":[-79.91798,40.3987]},"properties":{"p":"0090M00125000000","a":"ARMORHILL AVE","m":"31st Ward - PITTSBURGH","u":"L","o":"corp","sf":2500,"v":800}},{"type":"Feature","geometry":{"type":"Point","coordinates":[-79.91839,40.39772]},"properties":{"p":"0090M00156000000","a":"ARMORHILL AVE","m":"31st Ward - PITTSBURGH","u":"L","o":"individual","sf":8250,"v":12300}},{"type":"Feature","geometry":{"type":"Point","coordinates":[-79.91915,40.39708]},"properties":{"p":"0090M00167000000","a":"ARMORHILL AVE","m":"31st Ward - PITTSBURGH","u":"L","o":"corp","sf":2750,"v":900}},{"type":"Feature","geometry":{"type":"Point","coordinates":[-79.91945,40.39683]},"properties":{"p":"0090M00172000000","a":"ARMORHILL AVE","m":"31st Ward - PITTSBURGH","u":"L","o":"individual","sf":2750,"v":900}},{"type":"Feature","geometry":{"type":"Point","coordinates":[-79.90797,40.40423]},"properties":{"p":"0130P00395000000","a":"E 12TH AVE","m":"Homestead","u":"L","o":"corp","sf":2558,"v":600}},{"type":"Feature","geometry":{"type":"Point","coordinates":[-79.90792,40.40428]},"properties":{"p":"0130P00396000000","a":"E 12TH AVE","m":"Homestead","u":"L","o":"corp","sf":2454,"v":600}},{"type":"Feature","geometry":{"type":"Point","coordinates":[-79.90612,40.4052]},"properties":{"p":"0130R00168000000","a":"E 12TH AVE","m":"Homestead","u":"L","o":"corp","sf":3300,"v":3300}},{"type":"Feature","geometry":{"type":"Point","coordinates":[-79.90813,40.40411]},"properties":{"p":"0131B00131000000","a":"E 12TH AVE","m":"Homestead","u":"L","o":"individual","sf":2200,"v":500}},{"type":"Feature","geometry":{"type":"Point","coordinates":[-79.90979,40.40214]},"properties":{"p":"0131B00313000000","a":"W 13TH AVE","m":"Homestead","u":"L","o":"corp","sf":2919,"v":700}},{"type":"Feature","geometry":{"type":"Point","coordinates":[-79.90996,40.40222]},"properties":{"p":"0131B00315000000","a":"SARAH ST","m":"Homestead","u":"L","o":"corp","sf":2733,"v":600}},{"type":"Feature","geometry":{"type":"Point","coordinates":[-79.90604,40.40223]},"properties":{"p":"0131C00265000000","a":"E 15TH AVE","m":"Homestead","u":"L","o":"individual","sf":2754,"v":600}},{"type":"Feature","geometry":{"type":"Point","coordinates":[-79.90597,40.40228]},"properties":{"p":"0131C00266000000","a":"E 15TH AVE","m":"Homestead","u":"L","o":"individual","sf":2392,"v":600}},{"type":"Feature","geometry":{"type":"Point","coordinates":[-79.91251,40.40493]},"properties":{"p":"0130N00369000000","a":"W 9TH AVE","m":"Homestead","u":"L","o":"corp","sf":2100,"v":500}},{"type":"Feature","geometry":{"type":"Point","coordinates":[-79.91229,40.40497]},"properties":{"p":"0130N00372000000","a":"W 9TH AVE","m":"Homestead","u":"L","o":"corp","sf":1950,"v":500}},{"type":"Feature","geometry":{"type":"Point","coordinates":[-79.91244,40.40508]},"properties":{"p":"0130N00373000000","a":"W 9TH AVE","m":"Homestead","u":"L","o":"corp","sf":1650,"v":400}},{"type":"Feature","geometry":{"type":"Point","coordinates":[-79.9123,40.40509]},"properties":{"p":"0130N00374000000","a":"W 9TH AVE","m":"Homestead","u":"L","o":"corp","sf":3000,"v":700}},{"type":"Feature","geometry":{"type":"Point","coordinates":[-79.91218,40.40512]},"properties":{"p":"0130N00376000000","a":"W 9TH AVE","m":"Homestead","u":"L","o":"corp","sf":3000,"v":700}},{"type":"Feature","geometry":{"type":"Point","coordinates":[-79.91206,40.40457]},"properties":{"p":"0130N00385000000","a":"W 9TH AVE","m":"Homestead","u":"L","o":"corp","sf":2860,"v":600}},{"type":"Feature","geometry":{"type":"Point","coordinates":[-79.91214,40.40451]},"properties":{"p":"0130N00387000000","a":"W 9TH AVE","m":"Homestead","u":"L","o":"corp","sf":3740,"v":800}},{"type":"Feature","geometry":{"type":"Point","coordinates":[-79.91222,40.40445]},"properties":{"p":"0130N00389000000","a":"W 9TH AVE","m":"Homestead","u":"L","o":"corp","sf":3300,"v":700}},{"type":"Feature","geometry":{"type":"Point","coordinates":[-79.90707,40.40326]},"properties":{"p":"0131C00086000000","a":"E 14TH AVE","m":"Homestead","u":"L","o":"individual","sf":3300,"v":700}},{"type":"Feature","geometry":{"type":"Point","coordinates":[-79.90777,40.40285]},"properties":{"p":"0131C00102000000","a":"WEST ST","m":"Homestead","u":"L","o":"individual","sf":935,"v":300}},{"type":"Feature","geometry":{"type":"Point","coordinates":[-79.90332,40.40374]},"properties":{"p":"0131D00006000000","a":"MCCLURE ST","m":"Homestead","u":"L","o":"corp","sf":3900,"v":800}},{"type":"Feature","geometry":{"type":"Point","coordinates":[-79.90336,40.40358]},"properties":{"p":"0131D00008000000","a":"MIFFLIN ST","m":"Homestead","u":"L","o":"individual","sf":3900,"v":3600}},{"type":"Feature","geometry":{"type":"Point","coordinates":[-79.90556,40.40252]},"properties":{"p":"0131C00274000000","a":"E 15TH AVE","m":"Homestead","u":"L","o":"individual","sf":2750,"v":600}},{"type":"Feature","geometry":{"type":"Point","coordinates":[-79.91111,40.40363]},"properties":{"p":"0131B00038000000","a":"W 11TH AVE","m":"Homestead","u":"L","o":"individual","sf":3300,"v":700}},{"type":"Feature","geometry":{"type":"Point","coordinates":[-79.911,40.40372]},"properties":{"p":"0131B00040000000","a":"W 11TH AVE","m":"Homestead","u":"L","o":"corp","sf":6600,"v":4100}},{"type":"Feature","geometry":{"type":"Point","coordinates":[-79.91089,40.4038]},"properties":{"p":"0131B00044000000","a":"W 11TH AVE","m":"Homestead","u":"L","o":"corp","sf":2750,"v":600}},{"type":"Feature","geometry":{"type":"Point","coordinates":[-79.91081,40.40386]},"properties":{"p":"0131B00045000000","a":"W 11TH AVE","m":"Homestead","u":"L","o":"corp","sf":3850,"v":800}},{"type":"Feature","geometry":{"type":"Point","coordinates":[-79.91073,40.40392]},"properties":{"p":"0131B00047000000","a":"W 11TH AVE","m":"Homestead","u":"L","o":"corp","sf":3300,"v":700}},{"type":"Feature","geometry":{"type":"Point","coordinates":[-79.91066,40.40398]},"properties":{"p":"0131B00049000000","a":"W 11TH AVE","m":"Homestead","u":"L","o":"corp","sf":3300,"v":700}},{"type":"Feature","geometry":{"type":"Point","coordinates":[-79.90347,40.4036]},"properties":{"p":"0131D00024000000","a":"MIFFLIN ST","m":"Homestead","u":"L","o":"individual","sf":1300,"v":400}},{"type":"Feature","geometry":{"type":"Point","coordinates":[-79.9121,40.40167]},"properties":{"p":"0131E00321000000","a":"W 12TH AVE","m":"Homestead","u":"L","o":"individual","sf":3143,"v":700}},{"type":"Feature","geometry":{"type":"Point","coordinates":[-79.91245,40.4014]},"properties":{"p":"0131E00326000000","a":"W 12TH AVE","m":"Homestead","u":"L","o":"corp","sf":2750,"v":600}},{"type":"Feature","geometry":{"type":"Point","coordinates":[-79.91128,40.40468]},"properties":{"p":"0130P00195000000","a":"W 10TH AVE","m":"Homestead","u":"L","o":"individual","sf":3300,"v":700}},{"type":"Feature","geometry":{"type":"Point","coordinates":[-79.90731,40.40738]},"properties":{"p":"0130L00033000100","a":"LOCUST WAY","m":"Homestead","u":"L","o":"individual","sf":6,"v":0}},{"type":"Feature","geometry":{"type":"Point","coordinates":[-79.90862,40.40138]},"properties":{"p":"0131F00145000000","a":"224 W 14TH AVE","m":"Homestead","u":"L","o":"individual","sf":4400,"v":3800}},{"type":"Feature","geometry":{"type":"Point","coordinates":[-79.9087,40.40132]},"properties":{"p":"0131F00146000000","a":"W 14TH AVE","m":"Homestead","u":"L","o":"individual","sf":2200,"v":500}},{"type":"Feature","geometry":{"type":"Point","coordinates":[-79.90875,40.40128]},"properties":{"p":"0131F00147000000","a":"W 14TH AVE","m":"Homestead","u":"L","o":"individual","sf":2200,"v":500}},{"type":"Feature","geometry":{"type":"Point","coordinates":[-79.9088,40.40124]},"properties":{"p":"0131F00148000000","a":"W 14TH AVE","m":"Homestead","u":"L","o":"individual","sf":2200,"v":500}},{"type":"Feature","geometry":{"type":"Point","coordinates":[-79.90883,40.40119]},"properties":{"p":"0131F00149000000","a":"W 14TH AVE","m":"Homestead","u":"L","o":"individual","sf":2200,"v":500}},{"type":"Feature","geometry":{"type":"Point","coordinates":[-79.90944,40.40072]},"properties":{"p":"0131F00153000000","a":"314 W 14TH AVE","m":"Homestead","u":"L","o":"individual","sf":4400,"v":3800}},{"type":"Feature","geometry":{"type":"Point","coordinates":[-79.9068,40.40167]},"properties":{"p":"0131G00030000000","a":"W 15TH AVE","m":"Homestead","u":"L","o":"corp","sf":2136,"v":500}},{"type":"Feature","geometry":{"type":"Point","coordinates":[-79.9105,40.40411]},"properties":{"p":"0131B00053000000","a":"W 11TH AVE","m":"Homestead","u":"L","o":"individual","sf":2310,"v":500}},{"type":"Feature","geometry":{"type":"Point","coordinates":[-79.90762,40.40399]},"properties":{"p":"0131C00010000000","a":"E 13TH AVE","m":"Homestead","u":"L","o":"corp","sf":2956,"v":700}},{"type":"Feature","geometry":{"type":"Point","coordinates":[-79.90777,40.40388]},"properties":{"p":"0131C00015000000","a":"E 13TH AVE","m":"Homestead","u":"L","o":"individual","sf":4400,"v":3800}},{"type":"Feature","geometry":{"type":"Point","coordinates":[-79.91181,40.40478]},"properties":{"p":"0130P00067000000","a":"W 9TH AVE","m":"Homestead","u":"L","o":"corp","sf":2137,"v":500}},{"type":"Feature","geometry":{"type":"Point","coordinates":[-79.91175,40.40482]},"properties":{"p":"0130P00068000000","a":"W 9TH AVE","m":"Homestead","u":"L","o":"corp","sf":2153,"v":500}},{"type":"Feature","geometry":{"type":"Point","coordinates":[-79.91169,40.40487]},"properties":{"p":"0130P00069000000","a":"W 9TH AVE","m":"Homestead","u":"L","o":"individual","sf":3300,"v":700}},{"type":"Feature","geometry":{"type":"Point","coordinates":[-79.91154,40.40499]},"properties":{"p":"0130P00073000000","a":"W 9TH AVE","m":"Homestead","u":"L","o":"individual","sf":3300,"v":700}},{"type":"Feature","geometry":{"type":"Point","coordinates":[-79.90911,40.40157]},"properties":{"p":"0131F00252000000","a":"W 14TH AVE","m":"Homestead","u":"L","o":"individual","sf":1474,"v":400}},{"type":"Feature","geometry":{"type":"Point","coordinates":[-79.90906,40.40162]},"properties":{"p":"0131F00253000000","a":"W 14TH AVE","m":"Homestead","u":"L","o":"individual","sf":1460,"v":400}},{"type":"Feature","geometry":{"type":"Point","coordinates":[-79.909,40.40166]},"properties":{"p":"0131F00254000000","a":"W 14TH AVE","m":"Homestead","u":"L","o":"individual","sf":1315,"v":400}},{"type":"Feature","geometry":{"type":"Point","coordinates":[-79.90894,40.40169]},"properties":{"p":"0131F00256000000","a":"W 14TH AVE","m":"Homestead","u":"L","o":"corp","sf":1016,"v":300}},{"type":"Feature","geometry":{"type":"Point","coordinates":[-79.90928,40.40163]},"properties":{"p":"0131F00258000000","a":"JOSEPH ST","m":"Homestead","u":"L","o":"individual","sf":1511,"v":400}},{"type":"Feature","geometry":{"type":"Point","coordinates":[-79.90934,40.40166]},"properties":{"p":"0131F00259000000","a":"JOSEPH ST","m":"Homestead","u":"L","o":"individual","sf":1350,"v":400}},{"type":"Feature","geometry":{"type":"Point","coordinates":[-79.91153,40.4044]},"properties":{"p":"0130P00202000000","a":"W 10TH AVE","m":"Homestead","u":"L","o":"individual","sf":1973,"v":500}},{"type":"Feature","geometry":{"type":"Point","coordinates":[-79.91163,40.4045]},"properties":{"p":"0130P00203000000","a":"W LOCUST WAY","m":"Homestead","u":"L","o":"individual","sf":919,"v":300}},{"type":"Feature","geometry":{"type":"Point","coordinates":[-79.91169,40.40446]},"properties":{"p":"0130P00205000000","a":"LOCUST WAY","m":"Homestead","u":"L","o":"individual","sf":936,"v":300}},{"type":"Feature","geometry":{"type":"Point","coordinates":[-79.90577,40.40495]},"properties":{"p":"0130R00217000000","a":"E 13TH AVE","m":"Homestead","u":"L","o":"individual","sf":3080,"v":700}},{"type":"Feature","geometry":{"type":"Point","coordinates":[-79.90416,40.40454]},"properties":{"p":"0130R00314000000","a":"MIFFLIN ST","m":"Homestead","u":"L","o":"individual","sf":3900,"v":800}},{"type":"Feature","geometry":{"type":"Point","coordinates":[-79.90692,40.40115]},"properties":{"p":"0131G00043000000","a":"W 16TH AVE","m":"Homestead","u":"L","o":"individual","sf":6159,"v":1300}},{"type":"Feature","geometry":{"type":"Point","coordinates":[-79.90004,40.39983]},"properties":{"p":"0131H00316000000","a":"RIDGE WAY","m":"Homestead","u":"L","o":"individual","sf":2155,"v":500}},{"type":"Feature","geometry":{"type":"Point","coordinates":[-79.9051,40.40244]},"properties":{"p":"0131C00340000000","a":"ROSE WAY","m":"Homestead","u":"L","o":"corp","sf":2420,"v":600}},{"type":"Feature","geometry":{"type":"Point","coordinates":[-79.9048,40.40238]},"properties":{"p":"0131C00343000000","a":"E 16TH AVE","m":"Homestead","u":"L","o":"corp","sf":4029,"v":900}},{"type":"Feature","geometry":{"type":"Point","coordinates":[-79.9051,40.40227]},"properties":{"p":"0131C00346000000","a":"E 16TH AVE","m":"Homestead","u":"L","o":"individual","sf":2970,"v":700}},{"type":"Feature","geometry":{"type":"Point","coordinates":[-79.91494,40.40096]},"properties":{"p":"0131E00220000000","a":"W 11TH AVE","m":"Homestead","u":"L","o":"individual","sf":40011,"v":7200}},{"type":"Feature","geometry":{"type":"Point","coordinates":[-79.91416,40.40042]},"properties":{"p":"0131E00222000000","a":"GRANDVIEW BLVD","m":"Homestead","u":"L","o":"individual","sf":4310,"v":900}},{"type":"Feature","geometry":{"type":"Point","coordinates":[-79.9134,40.40041]},"properties":{"p":"0131E00265000000","a":"W 11TH AVE","m":"Homestead","u":"L","o":"individual","sf":38640,"v":7000}},{"type":"Feature","geometry":{"type":"Point","coordinates":[-79.90646,40.40559]},"properties":{"p":"0130R00108000000","a":"E 12TH AVE","m":"Homestead","u":"L","o":"individual","sf":3300,"v":700}},{"type":"Feature","geometry":{"type":"Point","coordinates":[-79.90732,40.40509]},"properties":{"p":"0130R00132000000","a":"E 12TH AVE","m":"Homestead","u":"L","o":"corp","sf":3575,"v":800}},{"type":"Feature","geometry":{"type":"Point","coordinates":[-79.90995,40.40334]},"properties":{"p":"0131B00098000000","a":"W 12TH AVE","m":"Homestead","u":"L","o":"individual","sf":3300,"v":700}},{"type":"Feature","geometry":{"type":"Point","coordinates":[-79.90601,40.40476]},"properties":{"p":"0130R00223000000","a":"E 13TH AVE","m":"Homestead","u":"L","o":"individual","sf":4084,"v":3600}},{"type":"Feature","geometry":{"type":"Point","coordinates":[-79.9089,40.403]},"properties":{"p":"0131B00189000000","a":"W 13TH AVE","m":"Homestead","u":"L","o":"corp","sf":2200,"v":500}},{"type":"Feature","geometry":{"type":"Point","coordinates":[-79.90885,40.40304]},"properties":{"p":"0131B00190000000","a":"W 13TH AVE","m":"Homestead","u":"L","o":"corp","sf":2200,"v":1900}},{"type":"Feature","geometry":{"type":"Point","coordinates":[-79.90885,40.40311]},"properties":{"p":"0131B00191000001","a":"W 13TH AVE","m":"Homestead","u":"L","o":"individual","sf":2200,"v":1900}},{"type":"Feature","geometry":{"type":"Point","coordinates":[-79.90861,40.40309]},"properties":{"p":"0131B00193000000","a":"WEST ST","m":"Homestead","u":"L","o":"individual","sf":3000,"v":700}},{"type":"Feature","geometry":{"type":"Point","coordinates":[-79.90875,40.40319]},"properties":{"p":"0131B00196000000","a":"WEST ST","m":"Homestead","u":"L","o":"corp","sf":3600,"v":800}},{"type":"Feature","geometry":{"type":"Point","coordinates":[-79.90896,40.40335]},"properties":{"p":"0131B00199000000","a":"WEST ST","m":"Homestead","u":"L","o":"individual","sf":3030,"v":700}},{"type":"Feature","geometry":{"type":"Point","coordinates":[-79.90906,40.40343]},"properties":{"p":"0131B00200000000","a":"WEST ST","m":"Homestead","u":"L","o":"corp","sf":3000,"v":3200}},{"type":"Feature","geometry":{"type":"Point","coordinates":[-79.90914,40.40348]},"properties":{"p":"0131B00201000000","a":"WEST ST","m":"Homestead","u":"L","o":"corp","sf":1860,"v":500}},{"type":"Feature","geometry":{"type":"Point","coordinates":[-79.90464,40.40502]},"properties":{"p":"0130R00323000000","a":"E 13TH AVE","m":"Homestead","u":"L","o":"corp","sf":2303,"v":500}},{"type":"Feature","geometry":{"type":"Point","coordinates":[-79.90455,40.40503]},"properties":{"p":"0130R00327000000","a":"E 13TH AVE","m":"Homestead","u":"L","o":"corp","sf":2100,"v":500}},{"type":"Feature","geometry":{"type":"Point","coordinates":[-79.91264,40.40176]},"properties":{"p":"0131A00374000000","a":"W 11TH AVE","m":"Homestead","u":"L","o":"individual","sf":2200,"v":500}},{"type":"Feature","geometry":{"type":"Point","coordinates":[-79.90867,40.40185]},"properties":{"p":"0131B00283000000","a":"JOSEPH ST","m":"Homestead","u":"L","o":"individual","sf":4738,"v":3900}},{"type":"Feature","geometry":{"type":"Point","coordinates":[-79.90851,40.40198]},"properties":{"p":"0131B00286000000","a":"JOSEPH ST","m":"Homestead","u":"L","o":"individual","sf":2369,"v":600}},{"type":"Feature","geometry":{"type":"Point","coordinates":[-79.90886,40.40206]},"properties":{"p":"0131B00290000000","a":"JOSEPH ST","m":"Homestead","u":"L","o":"individual","sf":1972,"v":500}},{"type":"Feature","geometry":{"type":"Point","coordinates":[-79.909,40.40209]},"properties":{"p":"0131B00291000001","a":"JOSEPH ST","m":"Homestead","u":"L","o":"individual","sf":2402,"v":600}},{"type":"Feature","geometry":{"type":"Point","coordinates":[-79.90016,40.39985]},"properties":{"p":"0131H00316000100","a":"RIDGE WAY","m":"Homestead","u":"L","o":"individual","sf":1373,"v":1600}},{"type":"Feature","geometry":{"type":"Point","coordinates":[-79.90017,40.39977]},"properties":{"p":"0131H00317000000","a":"RIDGE WAY","m":"Homestead","u":"L","o":"individual","sf":2074,"v":500}},{"type":"Feature","geometry":{"type":"Point","coordinates":[-79.91362,40.40107]},"properties":{"p":"0131E00273000000","a":"SYLVAN AVE","m":"Homestead","u":"L","o":"individual","sf":2750,"v":600}},{"type":"Feature","geometry":{"type":"Point","coordinates":[-79.9116,40.3994]},"properties":{"p":"0131F00192000000","a":"SYLVAN AVE","m":"Homestead","u":"L","o":"individual","sf":9000,"v":4400}},{"type":"Feature","geometry":{"type":"Point","coordinates":[-79.90955,40.40381]},"properties":{"p":"0131B00116000000","a":"WEST ST","m":"Homestead","u":"L","o":"individual","sf":2400,"v":600}},{"type":"Feature","geometry":{"type":"Point","coordinates":[-79.90656,40.40385]},"properties":{"p":"0131C00067000000","a":"GLENN ST","m":"Homestead","u":"L","o":"individual","sf":1440,"v":2600}},{"type":"Feature","geometry":{"type":"Point","coordinates":[-79.90684,40.40356]},"properties":{"p":"0131C00076000000","a":"1312 GLENN ST","m":"Homestead","u":"L","o":"individual","sf":1320,"v":400}},{"type":"Feature","geometry":{"type":"Point","coordinates":[-79.90851,40.40348]},"properties":{"p":"0131B00204000000","a":"WEST ST","m":"Homestead","u":"L","o":"corp","sf":1333,"v":400}},{"type":"Feature","geometry":{"type":"Point","coordinates":[-79.90907,40.40206]},"properties":{"p":"0131B00292000000","a":"JOSEPH ST","m":"Homestead","u":"L","o":"individual","sf":2043,"v":500}},{"type":"Feature","geometry":{"type":"Point","coordinates":[-79.90912,40.40202]},"properties":{"p":"0131B00293000000","a":"JOSEPH ST","m":"Homestead","u":"L","o":"individual","sf":2043,"v":500}},{"type":"Feature","geometry":{"type":"Point","coordinates":[-79.90917,40.40198]},"properties":{"p":"0131B00294000000","a":"JOSEPH ST","m":"Homestead","u":"L","o":"individual","sf":2027,"v":500}},{"type":"Feature","geometry":{"type":"Point","coordinates":[-79.90922,40.40194]},"properties":{"p":"0131B00295000000","a":"JOSEPH ST","m":"Homestead","u":"L","o":"individual","sf":2058,"v":500}},{"type":"Feature","geometry":{"type":"Point","coordinates":[-79.9093,40.40186]},"properties":{"p":"0131B00297000000","a":"JOSEPH ST","m":"Homestead","u":"L","o":"individual","sf":4902,"v":4000}},{"type":"Feature","geometry":{"type":"Point","coordinates":[-79.90721,40.40183]},"properties":{"p":"0131C00250000000","a":"W 15TH AVE","m":"Homestead","u":"L","o":"individual","sf":2900,"v":700}},{"type":"Feature","geometry":{"type":"Point","coordinates":[-79.90737,40.40176]},"properties":{"p":"0131C00251000000","a":"W 15TH AVE","m":"Homestead","u":"L","o":"corp","sf":2750,"v":1100}},{"type":"Feature","geometry":{"type":"Point","coordinates":[-79.90748,40.40175]},"properties":{"p":"0131C00252000000","a":"W 15TH AVE","m":"Homestead","u":"L","o":"individual","sf":2750,"v":600}},{"type":"Feature","geometry":{"type":"Point","coordinates":[-79.91286,40.40492]},"properties":{"p":"0130N00361000000","a":"HAYS ST","m":"Homestead","u":"L","o":"individual","sf":1556,"v":400}},{"type":"Feature","geometry":{"type":"Point","coordinates":[-79.91255,40.40481]},"properties":{"p":"0130N00367000000","a":"W 9TH AVE","m":"Homestead","u":"L","o":"corp","sf":2750,"v":600}},{"type":"Feature","geometry":{"type":"Point","coordinates":[-79.90704,40.40559]},"properties":{"p":"0130R00043000000","a":"ANN ST","m":"Homestead","u":"L","o":"individual","sf":1800,"v":400}},{"type":"Feature","geometry":{"type":"Point","coordinates":[-79.91118,40.40005]},"properties":{"p":"0131F00207000000","a":"W 14TH AVE","m":"Homestead","u":"L","o":"individual","sf":2640,"v":600}},{"type":"Feature","geometry":{"type":"Point","coordinates":[-79.90594,40.40064]},"properties":{"p":"0131G00106000000","a":"WEST ST","m":"Homestead","u":"L","o":"individual","sf":3025,"v":700}},{"type":"Feature","geometry":{"type":"Point","coordinates":[-79.91019,40.39922]},"properties":{"p":"0131K00013000000","a":"SYLVAN AVE","m":"Homestead","u":"L","o":"corp","sf":8000,"v":4300}},{"type":"Feature","geometry":{"type":"Point","coordinates":[-79.91044,40.39919]},"properties":{"p":"0131K00014000000","a":"SYLVAN AVE","m":"Homestead","u":"L","o":"corp","sf":6000,"v":4100}},{"type":"Feature","geometry":{"type":"Point","coordinates":[-79.91063,40.40511]},"properties":{"p":"0130P00177000000","a":"129 E 10TH AVE","m":"Homestead","u":"L","o":"corp","sf":3410,"v":3400}},{"type":"Feature","geometry":{"type":"Point","coordinates":[-79.91126,40.40507]},"properties":{"p":"0130P00183000000","a":"WEST ST","m":"Homestead","u":"L","o":"individual","sf":2143,"v":500}},{"type":"Feature","geometry":{"type":"Point","coordinates":[-79.908,40.40068]},"properties":{"p":"0131F00041000000","a":"W 15TH AVE","m":"Homestead","u":"L","o":"individual","sf":8800,"v":4300}},{"type":"Feature","geometry":{"type":"Point","coordinates":[-79.90166,40.40237]},"properties":{"p":"0131D00170000000","a":"MCCLURE ST","m":"Homestead","u":"L","o":"individual","sf":1200,"v":300}},{"type":"Feature","geometry":{"type":"Point","coordinates":[-79.90171,40.40242]},"properties":{"p":"0131D00171000000","a":"MCCLURE ST","m":"Homestead","u":"L","o":"individual","sf":1500,"v":400}},{"type":"Feature","geometry":{"type":"Point","coordinates":[-79.91166,40.40371]},"properties":{"p":"0131B00019000000","a":"W 10TH AVE","m":"Homestead","u":"L","o":"individual","sf":4070,"v":3600}},{"type":"Feature","geometry":{"type":"Point","coordinates":[-79.91135,40.40344]},"properties":{"p":"0131B00033000000","a":"W 11TH AVE","m":"Homestead","u":"L","o":"corp","sf":2200,"v":500}},{"type":"Feature","geometry":{"type":"Point","coordinates":[-79.9112,40.40356]},"properties":{"p":"0131B00036000000","a":"W 11TH AVE","m":"Homestead","u":"L","o":"corp","sf":4400,"v":3800}},{"type":"Feature","geometry":{"type":"Point","coordinates":[-79.91063,40.39916]},"properties":{"p":"0131K00015000000","a":"SYLVAN AVE","m":"Homestead","u":"L","o":"individual","sf":5000,"v":4000}},{"type":"Feature","geometry":{"type":"Point","coordinates":[-79.91085,40.39914]},"properties":{"p":"0131K00017000000","a":"SYLVAN AVE","m":"Homestead","u":"L","o":"individual","sf":7557,"v":4200}},{"type":"Feature","geometry":{"type":"Point","coordinates":[-79.91109,40.39912]},"properties":{"p":"0131K00019000000","a":"SYLVAN AVE","m":"Homestead","u":"L","o":"individual","sf":10720,"v":4500}},{"type":"Feature","geometry":{"type":"Point","coordinates":[-79.91256,40.40081]},"properties":{"p":"0131E00312000000","a":"SYLVAN AVE","m":"Homestead","u":"L","o":"individual","sf":2750,"v":600}},{"type":"Feature","geometry":{"type":"Point","coordinates":[-79.91227,40.40089]},"properties":{"p":"0131E00314000000","a":"W 12TH AVE","m":"Homestead","u":"L","o":"individual","sf":2750,"v":600}},{"type":"Feature","geometry":{"type":"Point","coordinates":[-79.91027,40.40427]},"properties":{"p":"0130P00307000000","a":"W 11TH AVE","m":"Homestead","u":"L","o":"corp","sf":3300,"v":700}},{"type":"Feature","geometry":{"type":"Point","coordinates":[-79.90838,40.40104]},"properties":{"p":"0131F00124000000","a":"W 15TH AVE","m":"Homestead","u":"L","o":"individual","sf":4400,"v":3800}},{"type":"Feature","geometry":{"type":"Point","coordinates":[-79.90818,40.4012]},"properties":{"p":"0131F00128000000","a":"W 15TH AVE","m":"Homestead","u":"L","o":"individual","sf":4400,"v":3800}},{"type":"Feature","geometry":{"type":"Point","coordinates":[-79.90799,40.40133]},"properties":{"p":"0131F00132000000","a":"W 15TH AVE","m":"Homestead","u":"L","o":"individual","sf":4464,"v":1000}},{"type":"Feature","geometry":{"type":"Point","coordinates":[-79.90756,40.40091]},"properties":{"p":"0131G00015000000","a":"W 15TH AVE","m":"Homestead","u":"L","o":"individual","sf":9570,"v":4400}},{"type":"Feature","geometry":{"type":"Point","coordinates":[-79.90722,40.40132]},"properties":{"p":"0131G00023000000","a":"W 15TH AVE","m":"Homestead","u":"L","o":"individual","sf":2475,"v":600}},{"type":"Feature","geometry":{"type":"Point","coordinates":[-79.91088,40.40202]},"properties":{"p":"0131B00378000000","a":"HAYS ST","m":"Homestead","u":"L","o":"individual","sf":2338,"v":500}},{"type":"Feature","geometry":{"type":"Point","coordinates":[-79.91075,40.4019]},"properties":{"p":"0131B00380000000","a":"HAYS ST","m":"Homestead","u":"L","o":"individual","sf":2338,"v":500}},{"type":"Feature","geometry":{"type":"Point","coordinates":[-79.90407,40.40328]},"properties":{"p":"0131C00303000000","a":"E 15TH AVE","m":"Homestead","u":"L","o":"individual","sf":2310,"v":500}},{"type":"Feature","geometry":{"type":"Point","coordinates":[-79.90378,40.40309]},"properties":{"p":"0131C00313000000","a":"ROSE WAY","m":"Homestead","u":"L","o":"individual","sf":1200,"v":300}},{"type":"Feature","geometry":{"type":"Point","coordinates":[-79.9039,40.40294]},"properties":{"p":"0131C00319000000","a":"E 16TH AVE","m":"Homestead","u":"L","o":"individual","sf":2200,"v":500}},{"type":"Feature","geometry":{"type":"Point","coordinates":[-79.90952,40.40151]},"properties":{"p":"0131F00244000000","a":"HAYS ST","m":"Homestead","u":"L","o":"individual","sf":1760,"v":2700}},{"type":"Feature","geometry":{"type":"Point","coordinates":[-79.90534,40.40121]},"properties":{"p":"0131G00160000000","a":"E 17TH AVE","m":"Homestead","u":"L","o":"individual","sf":2200,"v":500}},{"type":"Feature","geometry":{"type":"Point","coordinates":[-79.9055,40.40108]},"properties":{"p":"0131G00163000000","a":"1611 WEST ST","m":"Homestead","u":"L","o":"individual","sf":2750,"v":600}},{"type":"Feature","geometry":{"type":"Point","coordinates":[-79.90507,40.4008]},"properties":{"p":"0131G00173000000","a":"E 17TH AVE","m":"Homestead","u":"L","o":"individual","sf":6600,"v":4100}},{"type":"Feature","geometry":{"type":"Point","coordinates":[-79.91014,40.40267]},"properties":{"p":"0131B00168000000","a":"142 W 12TH AVE","m":"Homestead","u":"L","o":"individual","sf":1446,"v":400}},{"type":"Feature","geometry":{"type":"Point","coordinates":[-79.90968,40.40249]},"properties":{"p":"0131B00173000000","a":"W 13TH AVE","m":"Homestead","u":"L","o":"individual","sf":6106,"v":4100}},{"type":"Feature","geometry":{"type":"Point","coordinates":[-79.9093,40.4026]},"properties":{"p":"0131B00178000000","a":"W 13TH AVE","m":"Homestead","u":"L","o":"individual","sf":1114,"v":300}},{"type":"Feature","geometry":{"type":"Point","coordinates":[-79.90944,40.40271]},"properties":{"p":"0131B00179000000","a":"OAK WAY","m":"Homestead","u":"L","o":"individual","sf":894,"v":300}},{"type":"Feature","geometry":{"type":"Point","coordinates":[-79.90925,40.40264]},"properties":{"p":"0131B00180000000","a":"W 13TH AVE","m":"Homestead","u":"L","o":"individual","sf":1195,"v":2500}},{"type":"Feature","geometry":{"type":"Point","coordinates":[-79.90939,40.40274]},"properties":{"p":"0131B00181000000","a":"OAK WAY","m":"Homestead","u":"L","o":"individual","sf":974,"v":300}},{"type":"Feature","geometry":{"type":"Point","coordinates":[-79.90574,40.40342]},"properties":{"p":"0131C00129000000","a":"E 14TH AVE","m":"Homestead","u":"L","o":"individual","sf":3300,"v":700}},{"type":"Feature","geometry":{"type":"Point","coordinates":[-79.91043,40.40416]},"properties":{"p":"0130P00311000000","a":"W 11TH AVE","m":"Homestead","u":"L","o":"individual","sf":3300,"v":700}},{"type":"Feature","geometry":{"type":"Point","coordinates":[-79.90535,40.40418]},"properties":{"p":"0130R00299000000","a":"E 14TH AVE","m":"Homestead","u":"L","o":"individual","sf":3630,"v":800}},{"type":"Feature","geometry":{"type":"Point","coordinates":[-79.90707,40.40144]},"properties":{"p":"0131G00025000000","a":"W 15TH AVE","m":"Homestead","u":"L","o":"individual","sf":2850,"v":3100}},{"type":"Feature","geometry":{"type":"Point","coordinates":[-79.90698,40.40152]},"properties":{"p":"0131G00027000000","a":"W 15TH AVE","m":"Homestead","u":"L","o":"individual","sf":2325,"v":500}},{"type":"Feature","geometry":{"type":"Point","coordinates":[-79.90692,40.40157]},"properties":{"p":"0131G00028000000","a":"W 15TH AVE","m":"Homestead","u":"L","o":"individual","sf":2275,"v":500}},{"type":"Feature","geometry":{"type":"Point","coordinates":[-79.90686,40.40162]},"properties":{"p":"0131G00029000000","a":"W 15TH AVE","m":"Homestead","u":"L","o":"individual","sf":2275,"v":500}},{"type":"Feature","geometry":{"type":"Point","coordinates":[-79.90183,40.40339]},"properties":{"p":"0131D00225000000","a":"E 16TH AVE","m":"Homestead","u":"L","o":"corp","sf":2727,"v":600}},{"type":"Feature","geometry":{"type":"Point","coordinates":[-79.90592,40.40586]},"properties":{"p":"0130R00096000001","a":"E 12TH AVE","m":"Homestead","u":"L","o":"individual","sf":3300,"v":3300}},{"type":"Feature","geometry":{"type":"Point","coordinates":[-79.90515,40.40372]},"properties":{"p":"0131C00141000000","a":"E 14TH AVE","m":"Homestead","u":"L","o":"individual","sf":2200,"v":500}},{"type":"Feature","geometry":{"type":"Point","coordinates":[-79.90298,40.40278]},"properties":{"p":"0131D00051000000","a":"E 18TH AVE","m":"Homestead","u":"L","o":"individual","sf":3300,"v":700}},{"type":"Feature","geometry":{"type":"Point","coordinates":[-79.90299,40.40293]},"properties":{"p":"0131D00053000000","a":"E 16TH AVE","m":"Homestead","u":"L","o":"individual","sf":1430,"v":400}},{"type":"Feature","geometry":{"type":"Point","coordinates":[-79.90282,40.40289]},"properties":{"p":"0131D00055000000","a":"E 16TH AVE","m":"Homestead","u":"L","o":"individual","sf":5280,"v":4000}},{"type":"Feature","geometry":{"type":"Point","coordinates":[-79.90408,40.40449]},"properties":{"p":"0130R00312000000","a":"MIFFLIN ST","m":"Homestead","u":"L","o":"individual","sf":3900,"v":800}},{"type":"Feature","geometry":{"type":"Point","coordinates":[-79.90785,40.40191]},"properties":{"p":"0131B00272000000","a":"SARAH ST","m":"Homestead","u":"L","o":"corp","sf":1395,"v":400}},{"type":"Feature","geometry":{"type":"Point","coordinates":[-79.90801,40.40184]},"properties":{"p":"0131B00275000000","a":"W 14TH AVE","m":"Homestead","u":"L","o":"corp","sf":2750,"v":3100}},{"type":"Feature","geometry":{"type":"Point","coordinates":[-79.90881,40.40175]},"properties":{"p":"0131B00281000000","a":"JOSEPH ST","m":"Homestead","u":"L","o":"individual","sf":1895,"v":500}},{"type":"Feature","geometry":{"type":"Point","coordinates":[-79.90876,40.40179]},"properties":{"p":"0131B00282000000","a":"W 14TH AVE","m":"Homestead","u":"L","o":"individual","sf":1895,"v":500}},{"type":"Feature","geometry":{"type":"Point","coordinates":[-79.90711,40.40241]},"properties":{"p":"0131C00230000000","a":"WEST ST","m":"Homestead","u":"L","o":"individual","sf":1680,"v":400}},{"type":"Feature","geometry":{"type":"Point","coordinates":[-79.90644,40.40659]},"properties":{"p":"0130L00098000000","a":"325 E 11TH AVE","m":"Homestead","u":"L","o":"individual","sf":3300,"v":700}},{"type":"Feature","geometry":{"type":"Point","coordinates":[-79.90742,40.3999]},"properties":{"p":"0131G00074000000","a":"HAYS ST","m":"Homestead","u":"L","o":"individual","sf":7440,"v":4200}},{"type":"Feature","geometry":{"type":"Point","coordinates":[-79.91018,40.40316]},"properties":{"p":"0131B00093000000","a":"133 -135 W 12TH AVE","m":"Homestead","u":"L","o":"individual","sf":3300,"v":700}},{"type":"Feature","geometry":{"type":"Point","coordinates":[-79.91012,40.40321]},"properties":{"p":"0131B00095000000","a":"133 -135 W 12TH AVE","m":"Homestead","u":"L","o":"individual","sf":6700,"v":4200}},{"type":"Feature","geometry":{"type":"Point","coordinates":[-79.91007,40.40325]},"properties":{"p":"0131B00096000000","a":"133 -135 W 12TH AVE","m":"Homestead","u":"L","o":"individual","sf":2200,"v":500}},{"type":"Feature","geometry":{"type":"Point","coordinates":[-79.90591,40.40389]},"properties":{"p":"0131C00054000000","a":"E 14TH AVE","m":"Homestead","u":"L","o":"corp","sf":2200,"v":2900}},{"type":"Feature","geometry":{"type":"Point","coordinates":[-79.90621,40.40381]},"properties":{"p":"0131C00059000000","a":"E 14TH AVE","m":"Homestead","u":"L","o":"individual","sf":3300,"v":3300}},{"type":"Feature","geometry":{"type":"Point","coordinates":[-79.90631,40.40379]},"properties":{"p":"0131C00061000000","a":"PLUM WAY","m":"Homestead","u":"L","o":"individual","sf":1515,"v":400}},{"type":"Feature","geometry":{"type":"Point","coordinates":[-79.90879,40.40638]},"properties":{"p":"0130P00136000000","a":"E 10TH AVE","m":"Homestead","u":"L","o":"corp","sf":2750,"v":600}},{"type":"Feature","geometry":{"type":"Point","coordinates":[-79.90954,40.40608]},"properties":{"p":"0130P00149000000","a":"AMITY ST","m":"Homestead","u":"L","o":"corp","sf":3300,"v":700}},{"type":"Feature","geometry":{"type":"Point","coordinates":[-79.90595,40.40529]},"properties":{"p":"0130R00170000000","a":"E 12TH AVE","m":"Homestead","u":"L","o":"individual","sf":3850,"v":800}},{"type":"Feature","geometry":{"type":"Point","coordinates":[-79.9129,40.40156]},"properties":{"p":"0131E00349000000","a":"W 11TH AVE","m":"Homestead","u":"L","o":"individual","sf":1631,"v":400}},{"type":"Feature","geometry":{"type":"Point","coordinates":[-79.91286,40.40159]},"properties":{"p":"0131E00350000000","a":"W 11TH AVE","m":"Homestead","u":"L","o":"individual","sf":1381,"v":400}},{"type":"Feature","geometry":{"type":"Point","coordinates":[-79.91283,40.40161]},"properties":{"p":"0131E00351000000","a":"W 11TH AVE","m":"Homestead","u":"L","o":"individual","sf":1406,"v":400}},{"type":"Feature","geometry":{"type":"Point","coordinates":[-79.90791,40.39975]},"properties":{"p":"0131F00020000000","a":"HAYS ST","m":"Homestead","u":"L","o":"individual","sf":2750,"v":600}},{"type":"Feature","geometry":{"type":"Point","coordinates":[-79.9075,40.40225]},"properties":{"p":"0131C00236000000","a":"WEST ST","m":"Homestead","u":"L","o":"individual","sf":1320,"v":400}},{"type":"Feature","geometry":{"type":"Point","coordinates":[-79.90724,40.4021]},"properties":{"p":"0131C00240000000","a":"WEST ST","m":"Homestead","u":"L","o":"individual","sf":7200,"v":4200}},{"type":"Feature","geometry":{"type":"Point","coordinates":[-79.90736,40.40185]},"properties":{"p":"0131C00246000000","a":"SARAH ST","m":"Homestead","u":"L","o":"individual","sf":1401,"v":400}},{"type":"Feature","geometry":{"type":"Point","coordinates":[-79.90743,40.40657]},"properties":{"p":"0130R00007000000","a":"E 10TH AVE","m":"Homestead","u":"L","o":"individual","sf":6096,"v":4100}},{"type":"Feature","geometry":{"type":"Point","coordinates":[-79.90623,40.40094]},"properties":{"p":"0131G00099000000","a":"WEST ST","m":"Homestead","u":"L","o":"corp","sf":2423,"v":600}},{"type":"Feature","geometry":{"type":"Point","coordinates":[-79.90153,40.4016]},"properties":{"p":"0131H00069000000","a":"MCCLURE ST","m":"Homestead","u":"L","o":"individual","sf":1540,"v":2600}},{"type":"Feature","geometry":{"type":"Point","coordinates":[-79.90629,40.40364]},"properties":{"p":"0131C00062000000","a":"E 14TH AVE","m":"Homestead","u":"L","o":"individual","sf":2200,"v":500}},{"type":"Feature","geometry":{"type":"Point","coordinates":[-79.90413,40.40226]},"properties":{"p":"0131C00377000000","a":"E 16TH AVE","m":"Homestead","u":"L","o":"corp","sf":6980,"v":4200}},{"type":"Feature","geometry":{"type":"Point","coordinates":[-79.9039,40.40237]},"properties":{"p":"0131C00382000000","a":"E 16TH AVE","m":"Homestead","u":"L","o":"individual","sf":2750,"v":600}},{"type":"Feature","geometry":{"type":"Point","coordinates":[-79.91247,40.40021]},"properties":{"p":"0131E00292000000","a":"SYLVAN AVE","m":"Homestead","u":"L","o":"individual","sf":2750,"v":600}},{"type":"Feature","geometry":{"type":"Point","coordinates":[-79.90583,40.40534]},"properties":{"p":"0130R00174000000","a":"E 12TH AVE","m":"Homestead","u":"L","o":"corp","sf":4271,"v":900}},{"type":"Feature","geometry":{"type":"Point","coordinates":[-79.9107,40.40093]},"properties":{"p":"0131F00278000000","a":"W 13TH AVE","m":"Homestead","u":"L","o":"individual","sf":2200,"v":2900}},{"type":"Feature","geometry":{"type":"Point","coordinates":[-79.91075,40.40089]},"properties":{"p":"0131F00279000000","a":"W 13TH AVE","m":"Homestead","u":"L","o":"corp","sf":2200,"v":2900}},{"type":"Feature","geometry":{"type":"Point","coordinates":[-79.9108,40.40086]},"properties":{"p":"0131F00280000000","a":"W 13TH AVE","m":"Homestead","u":"L","o":"individual","sf":2200,"v":500}},{"type":"Feature","geometry":{"type":"Point","coordinates":[-79.91097,40.40072]},"properties":{"p":"0131F00284000000","a":"W 13TH AVE","m":"Homestead","u":"L","o":"individual","sf":4400,"v":3800}},{"type":"Feature","geometry":{"type":"Point","coordinates":[-79.9093,40.40084]},"properties":{"p":"0131F00106000000","a":"HAYS ST","m":"Homestead","u":"L","o":"corp","sf":1760,"v":400}},{"type":"Feature","geometry":{"type":"Point","coordinates":[-79.90898,40.4011]},"properties":{"p":"0131F00112000000","a":"HAYS ST","m":"Homestead","u":"L","o":"individual","sf":1760,"v":400}},{"type":"Feature","geometry":{"type":"Point","coordinates":[-79.90892,40.40106]},"properties":{"p":"0131F00113000000","a":"HAYS ST","m":"Homestead","u":"L","o":"individual","sf":1760,"v":400}},{"type":"Feature","geometry":{"type":"Point","coordinates":[-79.90886,40.40102]},"properties":{"p":"0131F00114000000","a":"HAYS ST","m":"Homestead","u":"L","o":"individual","sf":1760,"v":400}},{"type":"Feature","geometry":{"type":"Point","coordinates":[-79.91152,40.40382]},"properties":{"p":"0131B00016000000","a":"136 W 10TH AVE","m":"Homestead","u":"L","o":"individual","sf":3163,"v":700}},{"type":"Feature","geometry":{"type":"Point","coordinates":[-79.91159,40.40377]},"properties":{"p":"0131B00018000000","a":"W 10TH AVE","m":"Homestead","u":"L","o":"individual","sf":2530,"v":600}},{"type":"Feature","geometry":{"type":"Point","coordinates":[-79.91004,40.40227]},"properties":{"p":"0131B00316000000","a":"SARAH ST","m":"Homestead","u":"L","o":"corp","sf":2611,"v":600}},{"type":"Feature","geometry":{"type":"Point","coordinates":[-79.91231,40.4044]},"properties":{"p":"0130N00391000000","a":"W 9TH AVE","m":"Homestead","u":"L","o":"corp","sf":3300,"v":700}},{"type":"Feature","geometry":{"type":"Point","coordinates":[-79.9121,40.40415]},"properties":{"p":"0130N00397000000","a":"LOCUST WAY","m":"Homestead","u":"L","o":"individual","sf":1248,"v":300}},{"type":"Feature","geometry":{"type":"Point","coordinates":[-79.91041,40.40056]},"properties":{"p":"0131F00219000000","a":"W 14TH AVE","m":"Homestead","u":"L","o":"individual","sf":1976,"v":500}},{"type":"Feature","geometry":{"type":"Point","coordinates":[-79.90704,40.40247]},"properties":{"p":"0131C00109000000","a":"PINE WAY","m":"Homestead","u":"L","o":"individual","sf":515,"v":200}},{"type":"Feature","geometry":{"type":"Point","coordinates":[-79.90684,40.40277]},"properties":{"p":"0131C00115000000","a":"E 14TH AVE","m":"Homestead","u":"L","o":"individual","sf":2200,"v":500}},{"type":"Feature","geometry":{"type":"Point","coordinates":[-79.90476,40.40051]},"properties":{"p":"0131G00225000000","a":"E 18TH AVE","m":"Homestead","u":"L","o":"individual","sf":3300,"v":700}},{"type":"Feature","geometry":{"type":"Point","coordinates":[-79.91182,40.40123]},"properties":{"p":"0131F00340000000","a":"W 12TH AVE","m":"Homestead","u":"L","o":"individual","sf":2200,"v":500}},{"type":"Feature","geometry":{"type":"Point","coordinates":[-79.91167,40.40604]},"properties":{"p":"0130P00006000000","a":"E 8TH AVE","m":"Homestead","u":"L","o":"corp","sf":2640,"v":600}},{"type":"Feature","geometry":{"type":"Point","coordinates":[-79.90566,40.40638]},"properties":{"p":"0130R00078000000","a":"MCCLURE ST","m":"Homestead","u":"L","o":"corp","sf":1650,"v":400}},{"type":"Feature","geometry":{"type":"Point","coordinates":[-79.90355,40.40369]},"properties":{"p":"0131D00026000000","a":"MIFFLIN ST","m":"Homestead","u":"L","o":"individual","sf":13333,"v":4800}},{"type":"Feature","geometry":{"type":"Point","coordinates":[-79.9007,40.40067]},"properties":{"p":"0131H00214000000","a":"MCCLURE ST","m":"Homestead","u":"L","o":"individual","sf":1320,"v":400}},{"type":"Feature","geometry":{"type":"Point","coordinates":[-79.901,40.40044]},"properties":{"p":"0131H00224000000","a":"E 20TH AVE","m":"Homestead","u":"L","o":"individual","sf":11123,"v":4600}},{"type":"Feature","geometry":{"type":"Point","coordinates":[-79.90535,40.40962]},"properties":{"p":"0130G00193000000","a":"411 -491 E 8TH AVE","m":"Homestead","u":"L","o":"corp","sf":4666,"v":3900}},{"type":"Feature","geometry":{"type":"Point","coordinates":[-79.91028,40.40357]},"properties":{"p":"0131B00066000000","a":"W 11TH AVE","m":"Homestead","u":"L","o":"individual","sf":3200,"v":700}},{"type":"Feature","geometry":{"type":"Point","coordinates":[-79.91038,40.40354]},"properties":{"p":"0131B00068000000","a":"W 11TH AVE","m":"Homestead","u":"L","o":"individual","sf":3080,"v":700}},{"type":"Feature","geometry":{"type":"Point","coordinates":[-79.91046,40.40348]},"properties":{"p":"0131B00070000000","a":"W 11TH AVE","m":"Homestead","u":"L","o":"individual","sf":3300,"v":700}},{"type":"Feature","geometry":{"type":"Point","coordinates":[-79.90734,40.40345]},"properties":{"p":"0131C00029000000","a":"E 13TH AVE","m":"Homestead","u":"L","o":"individual","sf":1620,"v":400}},{"type":"Feature","geometry":{"type":"Point","coordinates":[-79.91302,40.4015]},"properties":{"p":"0131E00344000000","a":"W 11TH AVE","m":"Homestead","u":"L","o":"individual","sf":7150,"v":700}},{"type":"Feature","geometry":{"type":"Point","coordinates":[-79.91025,40.40128]},"properties":{"p":"0131F00269000000","a":"W 13TH AVE","m":"Homestead","u":"L","o":"individual","sf":2200,"v":2900}},{"type":"Feature","geometry":{"type":"Point","coordinates":[-79.90763,40.39943]},"properties":{"p":"0131G00072000000","a":"HAYS ST","m":"Homestead","u":"L","o":"individual","sf":16595,"v":5000}},{"type":"Feature","geometry":{"type":"Point","coordinates":[-79.90715,40.40369]},"properties":{"p":"0131C00034000000","a":"E 13TH AVE","m":"Homestead","u":"L","o":"individual","sf":333,"v":2100}},{"type":"Feature","geometry":{"type":"Point","coordinates":[-79.90559,40.40207]},"properties":{"p":"0131C00353000000","a":"E 16TH AVE","m":"Homestead","u":"L","o":"corp","sf":3246,"v":700}},{"type":"Feature","geometry":{"type":"Point","coordinates":[-79.90576,40.40197]},"properties":{"p":"0131C00355000000","a":"E 16TH AVE","m":"Homestead","u":"L","o":"individual","sf":3025,"v":700}},{"type":"Feature","geometry":{"type":"Point","coordinates":[-79.91077,40.40557]},"properties":{"p":"0130P00089000000","a":"E 9TH AVE","m":"Homestead","u":"L","o":"corp","sf":3300,"v":700}},{"type":"Feature","geometry":{"type":"Point","coordinates":[-79.9086,40.40641]},"properties":{"p":"0130P00134000000","a":"E 10TH AVE","m":"Homestead","u":"L","o":"corp","sf":2750,"v":600}},{"type":"Feature","geometry":{"type":"Point","coordinates":[-79.90871,40.40641]},"properties":{"p":"0130P00135000000","a":"E 10TH AVE","m":"Homestead","u":"L","o":"corp","sf":2750,"v":600}},{"type":"Feature","geometry":{"type":"Point","coordinates":[-79.90759,40.40452]},"properties":{"p":"0130R00145000000","a":"E 12TH AVE","m":"Homestead","u":"L","o":"individual","sf":1950,"v":500}},{"type":"Feature","geometry":{"type":"Point","coordinates":[-79.90712,40.40469]},"properties":{"p":"0130R00151000000","a":"E 12TH AVE","m":"Homestead","u":"L","o":"corp","sf":2000,"v":500}},{"type":"Feature","geometry":{"type":"Point","coordinates":[-79.90706,40.40472]},"properties":{"p":"0130R00152000000","a":"E 12TH AVE","m":"Homestead","u":"L","o":"corp","sf":2200,"v":2900}},{"type":"Feature","geometry":{"type":"Point","coordinates":[-79.90162,40.4017]},"properties":{"p":"0131D00137000000","a":"MCCLURE ST","m":"Homestead","u":"L","o":"individual","sf":1540,"v":400}},{"type":"Feature","geometry":{"type":"Point","coordinates":[-79.90892,40.40054]},"properties":{"p":"0131F00099000000","a":"HAYS ST","m":"Homestead","u":"L","o":"individual","sf":2200,"v":500}},{"type":"Feature","geometry":{"type":"Point","coordinates":[-79.91084,40.40149]},"properties":{"p":"0131F00323000000","a":"W 13TH AVE","m":"Homestead","u":"L","o":"individual","sf":2200,"v":2900}},{"type":"Feature","geometry":{"type":"Point","coordinates":[-79.90999,40.40508]},"properties":{"p":"0130P00236000000","a":"110 E 10TH AVE","m":"Homestead","u":"L","o":"corp","sf":2816,"v":600}},{"type":"Feature","geometry":{"type":"Point","coordinates":[-79.90704,40.40438]},"properties":{"p":"0130R00246000000","a":"GLENN ST","m":"Homestead","u":"L","o":"individual","sf":1320,"v":400}},{"type":"Feature","geometry":{"type":"Point","coordinates":[-79.90708,40.40443]},"properties":{"p":"0130R00247000000","a":"GLENN ST","m":"Homestead","u":"L","o":"individual","sf":1320,"v":400}},{"type":"Feature","geometry":{"type":"Point","coordinates":[-79.90875,40.40245]},"properties":{"p":"0131B00232000000","a":"W 13TH AVE","m":"Homestead","u":"L","o":"individual","sf":3300,"v":700}},{"type":"Feature","geometry":{"type":"Point","coordinates":[-79.90882,40.40239]},"properties":{"p":"0131B00234000000","a":"W 13TH AVE","m":"Homestead","u":"L","o":"individual","sf":3300,"v":700}},{"type":"Feature","geometry":{"type":"Point","coordinates":[-79.90224,40.40226]},"properties":{"p":"0131D00113000000","a":"246 E 17TH AVE","m":"Homestead","u":"L","o":"individual","sf":2200,"v":500}},{"type":"Feature","geometry":{"type":"Point","coordinates":[-79.90194,40.40189]},"properties":{"p":"0131D00127000000","a":"E 18TH AVE","m":"Homestead","u":"L","o":"corp","sf":2207,"v":500}},{"type":"Feature","geometry":{"type":"Point","coordinates":[-79.9099,40.39987]},"properties":{"p":"0131F00083000000","a":"W 15TH AVE","m":"Homestead","u":"L","o":"individual","sf":2200,"v":500}},{"type":"Feature","geometry":{"type":"Point","coordinates":[-79.90953,40.40016]},"properties":{"p":"0131F00089000000","a":"W 15TH AVE","m":"Homestead","u":"L","o":"individual","sf":2750,"v":600}},{"type":"Feature","geometry":{"type":"Point","coordinates":[-79.91174,40.40428]},"properties":{"p":"0130P00211000000","a":"W 10TH AVE","m":"Homestead","u":"L","o":"corp","sf":2750,"v":3100}},{"type":"Feature","geometry":{"type":"Point","coordinates":[-79.911,40.40424]},"properties":{"p":"0130P00218000000","a":"W 10TH AVE","m":"Homestead","u":"L","o":"individual","sf":3300,"v":3300}},{"type":"Feature","geometry":{"type":"Point","coordinates":[-79.91089,40.40439]},"properties":{"p":"0130P00222000000","a":"W 10TH AVE","m":"Homestead","u":"L","o":"individual","sf":3300,"v":700}},{"type":"Feature","geometry":{"type":"Point","coordinates":[-79.91068,40.40435]},"properties":{"p":"0130P00225000000","a":"W PARK WAY","m":"Homestead","u":"L","o":"individual","sf":1200,"v":300}},{"type":"Feature","geometry":{"type":"Point","coordinates":[-79.91065,40.40444]},"properties":{"p":"0130P00226000000","a":"W 10TH AVE","m":"Homestead","u":"L","o":"individual","sf":3300,"v":700}},{"type":"Feature","geometry":{"type":"Point","coordinates":[-79.91107,40.40129]},"properties":{"p":"0131F00318000000","a":"W 13TH AVE","m":"Homestead","u":"L","o":"individual","sf":2200,"v":500}},{"type":"Feature","geometry":{"type":"Point","coordinates":[-79.91102,40.40133]},"properties":{"p":"0131F00319000000","a":"W 13TH AVE","m":"Homestead","u":"L","o":"corp","sf":2200,"v":500}},{"type":"Feature","geometry":{"type":"Point","coordinates":[-79.91097,40.40137]},"properties":{"p":"0131F00320000000","a":"W 13TH AVE","m":"Homestead","u":"L","o":"corp","sf":2200,"v":2900}},{"type":"Feature","geometry":{"type":"Point","coordinates":[-79.91094,40.40141]},"properties":{"p":"0131F00321000000","a":"W 13TH AVE","m":"Homestead","u":"L","o":"corp","sf":2200,"v":500}},{"type":"Feature","geometry":{"type":"Point","coordinates":[-79.91061,40.40453]},"properties":{"p":"0130P00228000000","a":"W 10TH AVE","m":"Homestead","u":"L","o":"individual","sf":1488,"v":400}},{"type":"Feature","geometry":{"type":"Point","coordinates":[-79.90626,40.4047]},"properties":{"p":"0130R00229000000","a":"ANN ST","m":"Homestead","u":"L","o":"corp","sf":2200,"v":2900}},{"type":"Feature","geometry":{"type":"Point","coordinates":[-79.9067,40.40463]},"properties":{"p":"0130R00234000000","a":"ANN ST","m":"Homestead","u":"L","o":"corp","sf":1125,"v":2500}},{"type":"Feature","geometry":{"type":"Point","coordinates":[-79.90824,40.40351]},"properties":{"p":"0131B00210000000","a":"E 13TH AVE","m":"Homestead","u":"L","o":"individual","sf":2152,"v":500}},{"type":"Feature","geometry":{"type":"Point","coordinates":[-79.90814,40.40359]},"properties":{"p":"0131B00212000000","a":"E 13TH AVE","m":"Homestead","u":"L","o":"individual","sf":2090,"v":500}},{"type":"Feature","geometry":{"type":"Point","coordinates":[-79.90453,40.40367]},"properties":{"p":"0131C00172000000","a":"E 15TH AVE","m":"Homestead","u":"L","o":"individual","sf":3300,"v":3300}},{"type":"Feature","geometry":{"type":"Point","coordinates":[-79.90465,40.40352]},"properties":{"p":"0131C00176000000","a":"E 15TH AVE","m":"Homestead","u":"L","o":"corp","sf":3300,"v":700}},{"type":"Feature","geometry":{"type":"Point","coordinates":[-79.90512,40.4033]},"properties":{"p":"0131C00184000000","a":"E 15TH AVE","m":"Homestead","u":"L","o":"individual","sf":2530,"v":3000}},{"type":"Feature","geometry":{"type":"Point","coordinates":[-79.90348,40.40216]},"properties":{"p":"0131D00088000000","a":"E 17TH AVE","m":"Homestead","u":"L","o":"individual","sf":3960,"v":900}},{"type":"Feature","geometry":{"type":"Point","coordinates":[-79.90272,40.40198]},"properties":{"p":"0131D00104000000","a":"E 17TH AVE","m":"Homestead","u":"L","o":"individual","sf":5500,"v":4100}},{"type":"Feature","geometry":{"type":"Point","coordinates":[-79.90973,40.39934]},"properties":{"p":"0131F00070000000","a":"W 15TH AVE","m":"Homestead","u":"L","o":"individual","sf":5720,"v":4100}},{"type":"Feature","geometry":{"type":"Point","coordinates":[-79.90975,40.40469]},"properties":{"p":"0130P00285000000","a":"E 11TH AVE","m":"Homestead","u":"L","o":"individual","sf":3300,"v":700}},{"type":"Feature","geometry":{"type":"Point","coordinates":[-79.91022,40.40475]},"properties":{"p":"0130P00296000000","a":"WEST ST","m":"Homestead","u":"L","o":"individual","sf":1316,"v":400}},{"type":"Feature","geometry":{"type":"Point","coordinates":[-79.9092,40.39975]},"properties":{"p":"0131F00061000000","a":"W 15TH AVE","m":"Homestead","u":"L","o":"individual","sf":2640,"v":600}},{"type":"Feature","geometry":{"type":"Point","coordinates":[-79.9082,40.40237]},"properties":{"p":"0131B00244000000","a":"W 14TH AVE","m":"Homestead","u":"L","o":"individual","sf":3300,"v":700}},{"type":"Feature","geometry":{"type":"Point","coordinates":[-79.90809,40.40246]},"properties":{"p":"0131B00247000000","a":"W 14TH AVE","m":"Homestead","u":"L","o":"individual","sf":2200,"v":500}},{"type":"Feature","geometry":{"type":"Point","coordinates":[-79.90953,40.39949]},"properties":{"p":"0131F00067000000","a":"W 15TH AVE","m":"Homestead","u":"L","o":"individual","sf":5500,"v":4100}},{"type":"Feature","geometry":{"type":"Point","coordinates":[-79.91172,40.40013]},"properties":{"p":"0131F00299000000","a":"W 13TH AVE","m":"Homestead","u":"L","o":"individual","sf":4400,"v":3800}},{"type":"Feature","geometry":{"type":"Point","coordinates":[-79.90802,40.40265]},"properties":{"p":"0131B00254000000","a":"1316 WEST ST","m":"Homestead","u":"L","o":"individual","sf":2400,"v":600}},{"type":"Feature","geometry":{"type":"Point","coordinates":[-79.90839,40.4029]},"properties":{"p":"0131B00256000000","a":"WEST ST","m":"Homestead","u":"L","o":"individual","sf":1320,"v":400}},{"type":"Feature","geometry":{"type":"Point","coordinates":[-79.9082,40.40278]},"properties":{"p":"0131B00259000000","a":"WEST ST","m":"Homestead","u":"L","o":"individual","sf":1320,"v":400}},{"type":"Feature","geometry":{"type":"Point","coordinates":[-79.9061,40.40281]},"properties":{"p":"0131C00209000000","a":"E 15TH AVE","m":"Homestead","u":"L","o":"individual","sf":2310,"v":500}},{"type":"Feature","geometry":{"type":"Point","coordinates":[-79.90633,40.40279]},"properties":{"p":"0131C00213000000","a":"E PINE ST","m":"Homestead","u":"L","o":"individual","sf":1338,"v":400}},{"type":"Feature","geometry":{"type":"Point","coordinates":[-79.90645,40.40256]},"properties":{"p":"0131C00217000000","a":"E 15TH AVE","m":"Homestead","u":"L","o":"individual","sf":4290,"v":3700}},{"type":"Feature","geometry":{"type":"Point","coordinates":[-79.90395,40.39584]},"properties":{"p":"0131R00201000000","a":"WEST RUN RD","m":"Munhall","u":"L","o":"individual","sf":46609,"v":17800}},{"type":"Feature","geometry":{"type":"Point","coordinates":[-79.90029,40.39978]},"properties":{"p":"0131H00318000000","a":"E 21ST AVE","m":"Munhall","u":"L","o":"individual","sf":2200,"v":800}},{"type":"Feature","geometry":{"type":"Point","coordinates":[-79.90267,40.40362]},"properties":{"p":"0131D00236000000","a":"MARGARET ST","m":"Munhall","u":"L","o":"individual","sf":2750,"v":900}},{"type":"Feature","geometry":{"type":"Point","coordinates":[-79.90293,40.40391]},"properties":{"p":"0131D00241000000","a":"MARGARET ST","m":"Munhall","u":"L","o":"individual","sf":2750,"v":900}},{"type":"Feature","geometry":{"type":"Point","coordinates":[-79.90298,40.40397]},"properties":{"p":"0131D00242000000","a":"MARGARET ST","m":"Munhall","u":"L","o":"individual","sf":2750,"v":10900}},{"type":"Feature","geometry":{"type":"Point","coordinates":[-79.90302,40.40402]},"properties":{"p":"0131D00243000000","a":"MARGARET ST","m":"Munhall","u":"L","o":"corp","sf":2750,"v":900}},{"type":"Feature","geometry":{"type":"Point","coordinates":[-79.90337,40.39606]},"properties":{"p":"0131S00010000000","a":"WEST RUN RD","m":"Munhall","u":"L","o":"individual","sf":163219,"v":28500}},{"type":"Feature","geometry":{"type":"Point","coordinates":[-79.9024,40.40402]},"properties":{"p":"0131D00247000000","a":"MARGARET ST","m":"Munhall","u":"L","o":"corp","sf":1288,"v":500}},{"type":"Feature","geometry":{"type":"Point","coordinates":[-79.90412,40.40836]},"properties":{"p":"0130L00269000000","a":"E 9TH AVE","m":"Munhall","u":"L","o":"corp","sf":3630,"v":12100}},{"type":"Feature","geometry":{"type":"Point","coordinates":[-79.90183,40.39054]},"properties":{"p":"0132H00215000000","a":"121 WOODLAWN DR","m":"Munhall","u":"L","o":"individual","sf":172,"v":300}},{"type":"Feature","geometry":{"type":"Point","coordinates":[-79.90147,40.39865]},"properties":{"p":"0131M00099000000","a":"E 21ST AVE","m":"Munhall","u":"L","o":"individual","sf":3300,"v":11600}},{"type":"Feature","geometry":{"type":"Point","coordinates":[-79.90023,40.40365]},"properties":{"p":"0131D00281000000","a":"ANDREW ST","m":"Munhall","u":"L","o":"individual","sf":1104,"v":400}},{"type":"Feature","geometry":{"type":"Point","coordinates":[-79.90567,40.40745]},"properties":{"p":"0130L00166000000","a":"E 10TH AVE","m":"Munhall","u":"L","o":"corp","sf":5500,"v":1800}},{"type":"Feature","geometry":{"type":"Point","coordinates":[-79.9015,40.40058]},"properties":{"p":"0131H00156000100","a":"E 19TH AVE","m":"Munhall","u":"L","o":"individual","sf":7521,"v":7200}},{"type":"Feature","geometry":{"type":"Point","coordinates":[-79.90225,40.39931]},"properties":{"p":"0131H00277000000","a":"E 20TH AVE","m":"Munhall","u":"L","o":"individual","sf":3850,"v":12400}},{"type":"Feature","geometry":{"type":"Point","coordinates":[-79.90172,40.40808]},"properties":{"p":"0130M00139000000","a":"E 9TH AVE","m":"Munhall","u":"L","o":"corp","sf":3410,"v":1100}},{"type":"Feature","geometry":{"type":"Point","coordinates":[-79.90383,40.40502]},"properties":{"p":"0130R00388000000","a":"MARGARET ST","m":"Munhall","u":"L","o":"individual","sf":3407,"v":4800}},{"type":"Feature","geometry":{"type":"Point","coordinates":[-79.90366,40.40478]},"properties":{"p":"0130R00392000000","a":"1218 MARGARET ST","m":"Munhall","u":"L","o":"corp","sf":2922,"v":1000}},{"type":"Feature","geometry":{"type":"Point","coordinates":[-79.90333,40.40438]},"properties":{"p":"0130S00347000000","a":"MARGARET ST","m":"Munhall","u":"L","o":"individual","sf":2750,"v":10900}},{"type":"Feature","geometry":{"type":"Point","coordinates":[-79.90183,40.40808]},"properties":{"p":"0130M00141000000","a":"E 9TH AVE","m":"Munhall","u":"L","o":"individual","sf":3410,"v":1100}},{"type":"Feature","geometry":{"type":"Point","coordinates":[-79.9013,40.40492]},"properties":{"p":"0130S00190000000","a":"E 13TH AVE","m":"Munhall","u":"L","o":"corp","sf":3630,"v":12100}},{"type":"Feature","geometry":{"type":"Point","coordinates":[-79.90487,40.40831]},"properties":{"p":"0130L00256000000","a":"E 9TH AVE","m":"Munhall","u":"L","o":"individual","sf":3300,"v":1100}},{"type":"Feature","geometry":{"type":"Point","coordinates":[-79.90163,40.4057]},"properties":{"p":"0130S00108000000","a":"E 12TH AVE","m":"Munhall","u":"L","o":"corp","sf":3850,"v":12400}},{"type":"Feature","geometry":{"type":"Point","coordinates":[-79.905,40.3972]},"properties":{"p":"0131L00100000000","a":"ORCHARD ST","m":"Munhall","u":"L","o":"individual","sf":47045,"v":10900}},{"type":"Feature","geometry":{"type":"Point","coordinates":[-79.90464,40.39721]},"properties":{"p":"0131L00105000000","a":"ORCHARD ST","m":"Munhall","u":"L","o":"individual","sf":40065,"v":10200}},{"type":"Feature","geometry":{"type":"Point","coordinates":[-79.90493,40.40619]},"properties":{"p":"0130R00359000000","a":"1107 MCCLURE ST","m":"Munhall","u":"L","o":"individual","sf":3000,"v":4200}},{"type":"Feature","geometry":{"type":"Point","coordinates":[-79.90274,40.40443]},"properties":{"p":"0130S00336000000","a":"MARGARET ST","m":"Munhall","u":"L","o":"individual","sf":2750,"v":900}},{"type":"Feature","geometry":{"type":"Point","coordinates":[-79.90212,40.3915]},"properties":{"p":"0132H00038000000","a":"EVA WAY","m":"Munhall","u":"L","o":"individual","sf":9491,"v":2900}},{"type":"Feature","geometry":{"type":"Point","coordinates":[-79.90045,40.40497]},"properties":{"p":"0130S00179000000","a":"E 13TH AVE","m":"Munhall","u":"L","o":"corp","sf":5610,"v":900}},{"type":"Feature","geometry":{"type":"Point","coordinates":[-79.90313,40.40414]},"properties":{"p":"0130S00343000000","a":"MARGARET ST","m":"Munhall","u":"L","o":"individual","sf":2750,"v":900}},{"type":"Feature","geometry":{"type":"Point","coordinates":[-79.90322,40.40426]},"properties":{"p":"0130S00345000000","a":"MARGARET ST","m":"Munhall","u":"L","o":"individual","sf":2750,"v":900}},{"type":"Feature","geometry":{"type":"Point","coordinates":[-79.90254,40.40109]},"properties":{"p":"0131H00037000000","a":"E 18TH AVE","m":"Munhall","u":"L","o":"individual","sf":3300,"v":11600}},{"type":"Feature","geometry":{"type":"Point","coordinates":[-79.90578,40.4078]},"properties":{"p":"0130L00218000000","a":"E 9TH AVE","m":"Munhall","u":"L","o":"individual","sf":4070,"v":1300}},{"type":"Feature","geometry":{"type":"Point","coordinates":[-79.90622,40.40777]},"properties":{"p":"0130L00226000000","a":"E 9TH AVE","m":"Munhall","u":"L","o":"corp","sf":15618,"v":15000}},{"type":"Feature","geometry":{"type":"Point","coordinates":[-79.90267,40.39216]},"properties":{"p":"0132L00170000000","a":"MARION ST","m":"Munhall","u":"L","o":"individual","sf":358194,"v":8600}},{"type":"Feature","geometry":{"type":"Point","coordinates":[-79.90047,40.39972]},"properties":{"p":"0131H00321000000","a":"E 21ST AVE","m":"Munhall","u":"L","o":"corp","sf":2530,"v":7900}},{"type":"Feature","geometry":{"type":"Point","coordinates":[-79.90057,40.39002]},"properties":{"p":"0132H00120000000","a":"MAIN ST","m":"Munhall","u":"L","o":"individual","sf":203,"v":400}},{"type":"Feature","geometry":{"type":"Point","coordinates":[-79.90217,40.39128]},"properties":{"p":"0132H00230000000","a":"W JAMES ST","m":"Munhall","u":"L","o":"individual","sf":12965,"v":18700}},{"type":"Feature","geometry":{"type":"Point","coordinates":[-79.90828,40.39602]},"properties":{"p":"0131P00114000000","a":"CASCADE DR","m":"West Homestead","u":"L","o":"individual","sf":3983,"v":1400}},{"type":"Feature","geometry":{"type":"Point","coordinates":[-79.91615,40.40348]},"properties":{"p":"0090D00167000000","a":"W 8TH AVE","m":"West Homestead","u":"L","o":"individual","sf":464,"v":200}},{"type":"Feature","geometry":{"type":"Point","coordinates":[-79.90529,40.39408]},"properties":{"p":"0132C00075000000","a":"1054 SULLIVAN DR","m":"West Homestead","u":"L","o":"individual","sf":8775,"v":26300}},{"type":"Feature","geometry":{"type":"Point","coordinates":[-79.91628,40.39437]},"properties":{"p":"0091D00170000000","a":"3649 FIELDSTONE DR","m":"West Homestead","u":"L","o":"individual","sf":6686,"v":2200}},{"type":"Feature","geometry":{"type":"Point","coordinates":[-79.91651,40.39889]},"properties":{"p":"0090M00003000000","a":"FOREST AVE","m":"West Homestead","u":"L","o":"individual","sf":13504,"v":5800}},{"type":"Feature","geometry":{"type":"Point","coordinates":[-79.91085,40.39189]},"properties":{"p":"0132F00146000000","a":"1301 VIVJON DR","m":"West Homestead","u":"L","o":"individual","sf":1000,"v":400}},{"type":"Feature","geometry":{"type":"Point","coordinates":[-79.91079,40.39118]},"properties":{"p":"0132F00150000000","a":"BREEZEWOOD DR","m":"West Homestead","u":"L","o":"individual","sf":123275,"v":8500}},{"type":"Feature","geometry":{"type":"Point","coordinates":[-79.91048,40.39228]},"properties":{"p":"0132B00081000000","a":"1221 VIVJON DR","m":"West Homestead","u":"L","o":"corp","sf":3808,"v":1300}},{"type":"Feature","geometry":{"type":"Point","coordinates":[-79.91038,40.39238]},"properties":{"p":"0132B00081000100","a":"1402 SCHAUFFLER DR","m":"West Homestead","u":"L","o":"individual","sf":3769,"v":1300}},{"type":"Feature","geometry":{"type":"Point","coordinates":[-79.90956,40.39792]},"properties":{"p":"0131K00215000000","a":"FOREST AVE","m":"West Homestead","u":"L","o":"individual","sf":2930,"v":700}},{"type":"Feature","geometry":{"type":"Point","coordinates":[-79.90981,40.39788]},"properties":{"p":"0131K00218000000","a":"FOREST AVE","m":"West Homestead","u":"L","o":"individual","sf":3458,"v":800}},{"type":"Feature","geometry":{"type":"Point","coordinates":[-79.90991,40.39787]},"properties":{"p":"0131K00219000000","a":"FOREST AVE","m":"West Homestead","u":"L","o":"individual","sf":2520,"v":600}},{"type":"Feature","geometry":{"type":"Point","coordinates":[-79.91051,40.39773]},"properties":{"p":"0131K00228000000","a":"FOREST AVE","m":"West Homestead","u":"L","o":"corp","sf":3906,"v":900}},{"type":"Feature","geometry":{"type":"Point","coordinates":[-79.91065,40.3977]},"properties":{"p":"0131K00231000000","a":"FOREST AVE","m":"West Homestead","u":"L","o":"individual","sf":2320,"v":600}},{"type":"Feature","geometry":{"type":"Point","coordinates":[-79.90959,40.39749]},"properties":{"p":"0131K00260000000","a":"HARRIETT ST","m":"West Homestead","u":"L","o":"individual","sf":70044,"v":11000}},{"type":"Feature","geometry":{"type":"Point","coordinates":[-79.91624,40.39118]},"properties":{"p":"0131K00300000000","a":"PINEWOOD DR","m":"West Homestead","u":"L","o":"corp","sf":2620,"v":900}},{"type":"Feature","geometry":{"type":"Point","coordinates":[-79.91353,40.40429]},"properties":{"p":"0130N00026000000","a":"W HAZEL WAY","m":"West Homestead","u":"L","o":"individual","sf":1100,"v":300}},{"type":"Feature","geometry":{"type":"Point","coordinates":[-79.91358,40.40426]},"properties":{"p":"0130N00027000000","a":"W HAZEL WAY","m":"West Homestead","u":"L","o":"individual","sf":1100,"v":300}},{"type":"Feature","geometry":{"type":"Point","coordinates":[-79.91344,40.40296]},"properties":{"p":"0131A00252000000","a":"SARAH ST","m":"West Homestead","u":"L","o":"individual","sf":2218,"v":600}},{"type":"Feature","geometry":{"type":"Point","coordinates":[-79.91235,40.40328]},"properties":{"p":"0131A00008000000","a":"W 10TH AVE","m":"West Homestead","u":"L","o":"individual","sf":2730,"v":700}},{"type":"Feature","geometry":{"type":"Point","coordinates":[-79.91443,40.40209]},"properties":{"p":"0131A00297000000","a":"GRANDVIEW BLVD","m":"West Homestead","u":"L","o":"individual","sf":2750,"v":700}},{"type":"Feature","geometry":{"type":"Point","coordinates":[-79.91057,40.39191]},"properties":{"p":"0132B00084000000","a":"SCHAUFFLER DR","m":"West Homestead","u":"L","o":"individual","sf":8000,"v":2700}},{"type":"Feature","geometry":{"type":"Point","coordinates":[-79.9126,40.40296]},"properties":{"p":"0131A00262000000","a":"SARAH ST","m":"West Homestead","u":"L","o":"individual","sf":3823,"v":900}},{"type":"Feature","geometry":{"type":"Point","coordinates":[-79.91308,40.40287]},"properties":{"p":"0131A00266000000","a":"GRANDVIEW BLVD","m":"West Homestead","u":"L","o":"corp","sf":6784,"v":1500}},{"type":"Feature","geometry":{"type":"Point","coordinates":[-79.91326,40.40277]},"properties":{"p":"0131A00268000000","a":"GRANDVIEW BLVD","m":"West Homestead","u":"L","o":"individual","sf":2000,"v":500}},{"type":"Feature","geometry":{"type":"Point","coordinates":[-79.91335,40.40274]},"properties":{"p":"0131A00269000000","a":"GRANDVIEW BLVD","m":"West Homestead","u":"L","o":"individual","sf":2250,"v":600}},{"type":"Feature","geometry":{"type":"Point","coordinates":[-79.91161,40.39621]},"properties":{"p":"0131P00024000000","a":"CASCADE DR","m":"West Homestead","u":"L","o":"individual","sf":7120,"v":2400}},{"type":"Feature","geometry":{"type":"Point","coordinates":[-79.91449,40.40204]},"properties":{"p":"0131A00298000000","a":"GRANDVIEW BLVD","m":"West Homestead","u":"L","o":"individual","sf":2750,"v":700}},{"type":"Feature","geometry":{"type":"Point","coordinates":[-79.91455,40.40199]},"properties":{"p":"0131A00299000000","a":"GRANDVIEW BLVD","m":"West Homestead","u":"L","o":"individual","sf":2750,"v":700}},{"type":"Feature","geometry":{"type":"Point","coordinates":[-79.91474,40.40185]},"properties":{"p":"0131A00303000000","a":"GRANDVIEW BLVD","m":"West Homestead","u":"L","o":"corp","sf":8250,"v":900}},{"type":"Feature","geometry":{"type":"Point","coordinates":[-79.91487,40.40175]},"properties":{"p":"0131A00304000000","a":"GRANDVIEW BLVD","m":"West Homestead","u":"L","o":"corp","sf":2750,"v":700}},{"type":"Feature","geometry":{"type":"Point","coordinates":[-79.91517,40.39986]},"properties":{"p":"0131E00031000000","a":"FOREST AVE","m":"West Homestead","u":"L","o":"individual","sf":2200,"v":600}},{"type":"Feature","geometry":{"type":"Point","coordinates":[-79.91115,40.39518]},"properties":{"p":"0131P00086000000","a":"CASCADE DR","m":"West Homestead","u":"L","o":"individual","sf":5454,"v":1800}},{"type":"Feature","geometry":{"type":"Point","coordinates":[-79.91632,40.39974]},"properties":{"p":"0090H00056000000","a":"FOREST AVE","m":"West Homestead","u":"L","o":"individual","sf":10890,"v":5500}},{"type":"Feature","geometry":{"type":"Point","coordinates":[-79.91486,40.39852]},"properties":{"p":"0131J00232000000","a":"FOREST AVE","m":"West Homestead","u":"L","o":"individual","sf":16080,"v":6000}},{"type":"Feature","geometry":{"type":"Point","coordinates":[-79.91963,40.40064]},"properties":{"p":"0090H00245000000","a":"W 7TH AVE","m":"West Homestead","u":"L","o":"individual","sf":6185,"v":5100}},{"type":"Feature","geometry":{"type":"Point","coordinates":[-79.90782,40.39372]},"properties":{"p":"0132C00043000000","a":"DOGWOOD PL","m":"West Homestead","u":"L","o":"individual","sf":2419,"v":900}},{"type":"Feature","geometry":{"type":"Point","coordinates":[-79.9143,40.39859]},"properties":{"p":"0131J00242000000","a":"FOREST AVE","m":"West Homestead","u":"L","o":"individual","sf":10050,"v":5500}},{"type":"Feature","geometry":{"type":"Point","coordinates":[-79.91449,40.39823]},"properties":{"p":"0131J00244000000","a":"FOREST AVE","m":"West Homestead","u":"L","o":"individual","sf":20100,"v":6400}},{"type":"Feature","geometry":{"type":"Point","coordinates":[-79.91527,40.40411]},"properties":{"p":"0131A00135000000","a":"243 W 8TH AVE","m":"West Homestead","u":"L","o":"individual","sf":1375,"v":400}},{"type":"Feature","geometry":{"type":"Point","coordinates":[-79.9135,40.40327]},"properties":{"p":"0131A00139000000","a":"SARAH ST","m":"West Homestead","u":"L","o":"individual","sf":7940,"v":5300}},{"type":"Feature","geometry":{"type":"Point","coordinates":[-79.91346,40.40431]},"properties":{"p":"0130N00008000000","a":"W 9TH AVE","m":"West Homestead","u":"L","o":"corp","sf":2200,"v":600}},{"type":"Feature","geometry":{"type":"Point","coordinates":[-79.90982,40.39831]},"properties":{"p":"0131K00145000000","a":"FOREST AVE","m":"West Homestead","u":"L","o":"individual","sf":4400,"v":4700}},{"type":"Feature","geometry":{"type":"Point","coordinates":[-79.90933,40.39834]},"properties":{"p":"0131K00149000000","a":"FOREST AVE","m":"West Homestead","u":"L","o":"individual","sf":16103,"v":6000}},{"type":"Feature","geometry":{"type":"Point","coordinates":[-79.90881,40.39803]},"properties":{"p":"0131K00206000000","a":"FOREST AVE","m":"West Homestead","u":"L","o":"individual","sf":4910,"v":1100}},{"type":"Feature","geometry":{"type":"Point","coordinates":[-79.90901,40.398]},"properties":{"p":"0131K00209000000","a":"FOREST AVE","m":"West Homestead","u":"L","o":"individual","sf":5859,"v":1300}},{"type":"Feature","geometry":{"type":"Point","coordinates":[-79.91508,40.40201]},"properties":{"p":"0131A00233000000","a":"CHERRY ST","m":"West Homestead","u":"L","o":"corp","sf":2750,"v":700}},{"type":"Feature","geometry":{"type":"Point","coordinates":[-79.91464,40.40235]},"properties":{"p":"0131A00240000000","a":"CHERRY ST","m":"West Homestead","u":"L","o":"individual","sf":2750,"v":700}},{"type":"Feature","geometry":{"type":"Point","coordinates":[-79.91458,40.4024]},"properties":{"p":"0131A00241000000","a":"CHERRY ST","m":"West Homestead","u":"L","o":"individual","sf":2640,"v":700}},{"type":"Feature","geometry":{"type":"Point","coordinates":[-79.91452,40.40245]},"properties":{"p":"0131A00242000000","a":"CHERRY ST","m":"West Homestead","u":"L","o":"individual","sf":2860,"v":700}},{"type":"Feature","geometry":{"type":"Point","coordinates":[-79.91446,40.40249]},"properties":{"p":"0131A00243000000","a":"CHERRY ST","m":"West Homestead","u":"L","o":"individual","sf":2200,"v":600}},{"type":"Feature","geometry":{"type":"Point","coordinates":[-79.91694,40.4009]},"properties":{"p":"0090H00037000000","a":"823 FOREST AVE","m":"West Homestead","u":"L","o":"individual","sf":2200,"v":600}},{"type":"Feature","geometry":{"type":"Point","coordinates":[-79.9076,40.39165]},"properties":{"p":"0132G00006000000","a":"LYNNWOOD DR","m":"West Homestead","u":"L","o":"corp","sf":9450,"v":3100}},{"type":"Feature","geometry":{"type":"Point","coordinates":[-79.90762,40.39572]},"properties":{"p":"0131R00068000000","a":"1122 VIVJON DR","m":"West Homestead","u":"L","o":"individual","sf":3615,"v":1300}},{"type":"Feature","geometry":{"type":"Point","coordinates":[-79.90735,40.39638]},"properties":{"p":"0131R00115000000","a":"FOREST AVE","m":"West Homestead","u":"L","o":"corp","sf":29196,"v":9400}},{"type":"Feature","geometry":{"type":"Point","coordinates":[-79.90848,40.39413]},"properties":{"p":"0132B00109000000","a":"SCHAUFFLER DR","m":"West Homestead","u":"L","o":"individual","sf":7500,"v":2500}},{"type":"Feature","geometry":{"type":"Point","coordinates":[-79.90833,40.39426]},"properties":{"p":"0132B00111000000","a":"SCHAUFFLER DR","m":"West Homestead","u":"L","o":"individual","sf":7500,"v":2500}},{"type":"Feature","geometry":{"type":"Point","coordinates":[-79.91074,40.3925]},"properties":{"p":"0132B00272000000","a":"VIVJON DR","m":"West Homestead","u":"L","o":"corp","sf":9343,"v":1000}},{"type":"Feature","geometry":{"type":"Point","coordinates":[-79.91291,40.39481]},"properties":{"p":"0131N00390000000","a":"EDGEWOOD DR","m":"West Homestead","u":"L","o":"individual","sf":84071,"v":7700}},{"type":"Feature","geometry":{"type":"Point","coordinates":[-79.91432,40.40261]},"properties":{"p":"0131A00284000000","a":"NEEL ST","m":"West Homestead","u":"L","o":"individual","sf":1855,"v":500}},{"type":"Feature","geometry":{"type":"Point","coordinates":[-79.91421,40.40253]},"properties":{"p":"0131A00286000000","a":"NEEL ST","m":"West Homestead","u":"L","o":"individual","sf":1774,"v":500}},{"type":"Feature","geometry":{"type":"Point","coordinates":[-79.91648,40.40062]},"properties":{"p":"0090H00045000000","a":"FOREST AVE","m":"West Homestead","u":"L","o":"individual","sf":2200,"v":600}},{"type":"Feature","geometry":{"type":"Point","coordinates":[-79.91073,40.39267]},"properties":{"p":"0132B00274000000","a":"VIVJON DR","m":"West Homestead","u":"L","o":"corp","sf":7250,"v":1000}},{"type":"Feature","geometry":{"type":"Point","coordinates":[-79.91415,40.40248]},"properties":{"p":"0131A00287000000","a":"NEEL ST","m":"West Homestead","u":"L","o":"individual","sf":1732,"v":500}},{"type":"Feature","geometry":{"type":"Point","coordinates":[-79.9141,40.40244]},"properties":{"p":"0131A00288000000","a":"NEEL ST","m":"West Homestead","u":"L","o":"individual","sf":1692,"v":500}},{"type":"Feature","geometry":{"type":"Point","coordinates":[-79.91405,40.40239]},"properties":{"p":"0131A00289000000","a":"NEEL ST","m":"West Homestead","u":"L","o":"individual","sf":1651,"v":400}},{"type":"Feature","geometry":{"type":"Point","coordinates":[-79.91422,40.40226]},"properties":{"p":"0131A00295000000","a":"GRANDVIEW BLVD","m":"West Homestead","u":"L","o":"individual","sf":4950,"v":1100}},{"type":"Feature","geometry":{"type":"Point","coordinates":[-79.9143,40.40219]},"properties":{"p":"0131A00295000100","a":"GRANDVIEW BLVD","m":"West Homestead","u":"L","o":"individual","sf":2750,"v":700}},{"type":"Feature","geometry":{"type":"Point","coordinates":[-79.91407,40.40325]},"properties":{"p":"0131A00046000000","a":"W 9TH AVE","m":"West Homestead","u":"L","o":"individual","sf":2731,"v":700}},{"type":"Feature","geometry":{"type":"Point","coordinates":[-79.91493,40.4017]},"properties":{"p":"0131E00128000000","a":"GRANDVIEW BLVD","m":"West Homestead","u":"L","o":"corp","sf":2750,"v":700}},{"type":"Feature","geometry":{"type":"Point","coordinates":[-79.91499,40.40165]},"properties":{"p":"0131E00129000000","a":"GRANDVIEW BLVD","m":"West Homestead","u":"L","o":"corp","sf":2750,"v":700}},{"type":"Feature","geometry":{"type":"Point","coordinates":[-79.91518,40.40151]},"properties":{"p":"0131E00134000000","a":"GRANDVIEW BLVD","m":"West Homestead","u":"L","o":"individual","sf":13750,"v":5800}},{"type":"Feature","geometry":{"type":"Point","coordinates":[-79.90877,40.39957]},"properties":{"p":"0131F00004000000","a":"16TH AVE","m":"West Homestead","u":"L","o":"individual","sf":2788,"v":700}},{"type":"Feature","geometry":{"type":"Point","coordinates":[-79.9178,40.40143]},"properties":{"p":"0090H00217000000","a":"W 8TH AVE","m":"West Homestead","u":"L","o":"corp","sf":4100,"v":1000}},{"type":"Feature","geometry":{"type":"Point","coordinates":[-79.91856,40.40154]},"properties":{"p":"0090H00228000000","a":"W 7TH AVE","m":"West Homestead","u":"L","o":"corp","sf":9300,"v":5400}},{"type":"Feature","geometry":{"type":"Point","coordinates":[-79.90795,40.39655]},"properties":{"p":"0131P00120000000","a":"CASCADE DR","m":"West Homestead","u":"L","o":"individual","sf":81196,"v":3300}},{"type":"Feature","geometry":{"type":"Point","coordinates":[-79.91474,40.40357]},"properties":{"p":"0131A00094000000","a":"NEEL ST","m":"West Homestead","u":"L","o":"individual","sf":1870,"v":500}},{"type":"Feature","geometry":{"type":"Point","coordinates":[-79.91442,40.40372]},"properties":{"p":"0131A00097000000","a":"W HAZEL WAY","m":"West Homestead","u":"L","o":"individual","sf":2080,"v":500}},{"type":"Feature","geometry":{"type":"Point","coordinates":[-79.91539,40.4024]},"properties":{"p":"0131A00212000000","a":"CHERRY ST","m":"West Homestead","u":"L","o":"corp","sf":3135,"v":800}},{"type":"Feature","geometry":{"type":"Point","coordinates":[-79.91548,40.40233]},"properties":{"p":"0131A00214000000","a":"CHERRY ST","m":"West Homestead","u":"L","o":"individual","sf":5115,"v":1200}},{"type":"Feature","geometry":{"type":"Point","coordinates":[-79.91564,40.40221]},"properties":{"p":"0131A00215000000","a":"CHERRY ST","m":"West Homestead","u":"L","o":"individual","sf":2750,"v":700}},{"type":"Feature","geometry":{"type":"Point","coordinates":[-79.9168,40.40368]},"properties":{"p":"0090D00178000000","a":"W 7TH AVE","m":"West Homestead","u":"L","o":"corp","sf":815,"v":300}},{"type":"Feature","geometry":{"type":"Point","coordinates":[-79.91684,40.40366]},"properties":{"p":"0090D00179000000","a":"W 7TH AVE","m":"West Homestead","u":"L","o":"corp","sf":774,"v":300}},{"type":"Feature","geometry":{"type":"Point","coordinates":[-79.91687,40.40363]},"properties":{"p":"0090D00180000000","a":"W 7TH AVE","m":"West Homestead","u":"L","o":"corp","sf":771,"v":300}},{"type":"Feature","geometry":{"type":"Point","coordinates":[-79.91691,40.4036]},"properties":{"p":"0090D00181000000","a":"W 7TH AVE","m":"West Homestead","u":"L","o":"individual","sf":915,"v":300}},{"type":"Feature","geometry":{"type":"Point","coordinates":[-79.91014,40.3913]},"properties":{"p":"0132F00090000000","a":"BREEZEWOOD DR","m":"West Homestead","u":"L","o":"individual","sf":11555,"v":2700}},{"type":"Feature","geometry":{"type":"Point","coordinates":[-79.91142,40.39869]},"properties":{"p":"0131K00100000000","a":"SHADY LN","m":"West Homestead","u":"L","o":"individual","sf":112385,"v":14900}},{"type":"Feature","geometry":{"type":"Point","coordinates":[-79.91036,40.39866]},"properties":{"p":"0131K00102000000","a":"SHADY LN","m":"West Homestead","u":"L","o":"corp","sf":16480,"v":6000}},{"type":"Feature","geometry":{"type":"Point","coordinates":[-79.91007,40.39873]},"properties":{"p":"0131K00106000000","a":"SHADY LN","m":"West Homestead","u":"L","o":"corp","sf":16080,"v":6000}},{"type":"Feature","geometry":{"type":"Point","coordinates":[-79.91547,40.40172]},"properties":{"p":"0131A00227000000","a":"CHERRY ST","m":"West Homestead","u":"L","o":"individual","sf":2750,"v":700}},{"type":"Feature","geometry":{"type":"Point","coordinates":[-79.91534,40.40181]},"properties":{"p":"0131A00229000000","a":"338 CHERRY ST","m":"West Homestead","u":"L","o":"individual","sf":2750,"v":700}},{"type":"Feature","geometry":{"type":"Point","coordinates":[-79.91527,40.40186]},"properties":{"p":"0131A00230000000","a":"CHERRY ST","m":"West Homestead","u":"L","o":"corp","sf":2750,"v":700}},{"type":"Feature","geometry":{"type":"Point","coordinates":[-79.91521,40.40191]},"properties":{"p":"0131A00231000000","a":"CHERRY ST","m":"West Homestead","u":"L","o":"corp","sf":2750,"v":700}},{"type":"Feature","geometry":{"type":"Point","coordinates":[-79.91405,40.40432]},"properties":{"p":"0130N00062000000","a":"W 8TH AVE","m":"West Homestead","u":"L","o":"corp","sf":1980,"v":500}},{"type":"Feature","geometry":{"type":"Point","coordinates":[-79.9141,40.40429]},"properties":{"p":"0130N00063000000","a":"W 8TH AVE","m":"West Homestead","u":"L","o":"corp","sf":1760,"v":500}},{"type":"Feature","geometry":{"type":"Point","coordinates":[-79.91414,40.40426]},"properties":{"p":"0130N00064000000","a":"W 8TH AVE","m":"West Homestead","u":"L","o":"corp","sf":1760,"v":500}},{"type":"Feature","geometry":{"type":"Point","coordinates":[-79.91343,40.4027]},"properties":{"p":"0131A00270000000","a":"GRANDVIEW BLVD","m":"West Homestead","u":"L","o":"individual","sf":2250,"v":600}},{"type":"Feature","geometry":{"type":"Point","coordinates":[-79.91361,40.40256]},"properties":{"p":"0131A00273000000","a":"NEEL ST","m":"West Homestead","u":"L","o":"individual","sf":1869,"v":500}},{"type":"Feature","geometry":{"type":"Point","coordinates":[-79.91365,40.40261]},"properties":{"p":"0131A00274000000","a":"NEEL ST","m":"West Homestead","u":"L","o":"individual","sf":1900,"v":500}},{"type":"Feature","geometry":{"type":"Point","coordinates":[-79.9137,40.40265]},"properties":{"p":"0131A00275000000","a":"NEEL ST","m":"West Homestead","u":"L","o":"individual","sf":1950,"v":500}},{"type":"Feature","geometry":{"type":"Point","coordinates":[-79.91259,40.40326]},"properties":{"p":"0131A00012000000","a":"W 10TH AVE","m":"West Homestead","u":"L","o":"individual","sf":3950,"v":900}},{"type":"Feature","geometry":{"type":"Point","coordinates":[-79.91252,40.40392]},"properties":{"p":"0131A00020000000","a":"HAYS ST","m":"West Homestead","u":"L","o":"individual","sf":1821,"v":500}},{"type":"Feature","geometry":{"type":"Point","coordinates":[-79.91237,40.40375]},"properties":{"p":"0131A00022000000","a":"W 10TH AVE","m":"West Homestead","u":"L","o":"individual","sf":2130,"v":600}},{"type":"Feature","geometry":{"type":"Point","coordinates":[-79.91252,40.40371]},"properties":{"p":"0131A00025000000","a":"W 10TH AVE","m":"West Homestead","u":"L","o":"individual","sf":4400,"v":1000}},{"type":"Feature","geometry":{"type":"Point","coordinates":[-79.91275,40.40362]},"properties":{"p":"0131A00028000000","a":"W 10TH AVE","m":"West Homestead","u":"L","o":"individual","sf":2200,"v":600}},{"type":"Feature","geometry":{"type":"Point","coordinates":[-79.91281,40.40358]},"properties":{"p":"0131A00029000000","a":"W 10TH AVE","m":"West Homestead","u":"L","o":"individual","sf":2200,"v":600}},{"type":"Feature","geometry":{"type":"Point","coordinates":[-79.90921,40.39351]},"properties":{"p":"0132B00099000000","a":"SCHAUFFLER DR","m":"West Homestead","u":"L","o":"individual","sf":7500,"v":2500}},{"type":"Feature","geometry":{"type":"Point","coordinates":[-79.90892,40.39376]},"properties":{"p":"0132B00103000000","a":"SCHAUFFLER DR","m":"West Homestead","u":"L","o":"individual","sf":7500,"v":2500}},{"type":"Feature","geometry":{"type":"Point","coordinates":[-79.90736,40.39217]},"properties":{"p":"0132C00002000000","a":"3418 LYNNWOOD DR","m":"West Homestead","u":"L","o":"individual","sf":9450,"v":26400}},{"type":"Feature","geometry":{"type":"Point","coordinates":[-79.91387,40.40275]},"properties":{"p":"0131A00277000000","a":"NEEL ST","m":"West Homestead","u":"L","o":"individual","sf":1868,"v":500}},{"type":"Feature","geometry":{"type":"Point","coordinates":[-79.914,40.40287]},"properties":{"p":"0131A00279000000","a":"NEEL ST","m":"West Homestead","u":"L","o":"individual","sf":2081,"v":500}},{"type":"Feature","geometry":{"type":"Point","coordinates":[-79.91407,40.40293]},"properties":{"p":"0131A00280000000","a":"NEEL ST","m":"West Homestead","u":"L","o":"individual","sf":2129,"v":3600}},{"type":"Feature","geometry":{"type":"Point","coordinates":[-79.91437,40.40266]},"properties":{"p":"0131A00283000000","a":"NEEL ST","m":"West Homestead","u":"L","o":"individual","sf":1899,"v":500}},{"type":"Feature","geometry":{"type":"Point","coordinates":[-79.91091,40.39674]},"properties":{"p":"0131P00042000000","a":"CASCADE DR","m":"West Homestead","u":"L","o":"individual","sf":8440,"v":10000}},{"type":"Feature","geometry":{"type":"Point","coordinates":[-79.91555,40.40134]},"properties":{"p":"0131E00120000000","a":"GRANDVIEW BLVD","m":"West Homestead","u":"L","o":"individual","sf":17851,"v":6200}},{"type":"Feature","geometry":{"type":"Point","coordinates":[-79.91835,40.40104]},"properties":{"p":"0090H00207000000","a":"477 W 8TH AVE","m":"West Homestead","u":"L","o":"corp","sf":2450,"v":600}},{"type":"Feature","geometry":{"type":"Point","coordinates":[-79.9172,40.40201]},"properties":{"p":"0090D00063000000","a":"W 8TH AVE","m":"West Homestead","u":"L","o":"corp","sf":5000,"v":1200}},{"type":"Feature","geometry":{"type":"Point","coordinates":[-79.91474,40.4029]},"properties":{"p":"0131A00202000000","a":"SARAH ST","m":"West Homestead","u":"L","o":"individual","sf":3049,"v":700}},{"type":"Feature","geometry":{"type":"Point","coordinates":[-79.91488,40.4029]},"properties":{"p":"0131A00203000000","a":"SARAH ST","m":"West Homestead","u":"L","o":"corp","sf":2700,"v":700}},{"type":"Feature","geometry":{"type":"Point","coordinates":[-79.91482,40.40275]},"properties":{"p":"0131A00204000000","a":"CHERRY ST","m":"West Homestead","u":"L","o":"individual","sf":1380,"v":400}},{"type":"Feature","geometry":{"type":"Point","coordinates":[-79.91513,40.4026]},"properties":{"p":"0131A00208000000","a":"315 CHERRY ST","m":"West Homestead","u":"L","o":"individual","sf":2750,"v":700}},{"type":"Feature","geometry":{"type":"Point","coordinates":[-79.91675,40.40248]},"properties":{"p":"0090D00037000000","a":"319 WALNUT ST","m":"West Homestead","u":"L","o":"individual","sf":3886,"v":900}},{"type":"Feature","geometry":{"type":"Point","coordinates":[-79.91686,40.40266]},"properties":{"p":"0090D00038000000","a":"WALNUT ST","m":"West Homestead","u":"L","o":"individual","sf":3175,"v":800}},{"type":"Feature","geometry":{"type":"Point","coordinates":[-79.91571,40.40258]},"properties":{"p":"0131A00187000000","a":"WALNUT ST","m":"West Homestead","u":"L","o":"individual","sf":2200,"v":600}},{"type":"Feature","geometry":{"type":"Point","coordinates":[-79.9151,40.40288]},"properties":{"p":"0131A00195000000","a":"SARAH ST","m":"West Homestead","u":"L","o":"corp","sf":2279,"v":600}},{"type":"Feature","geometry":{"type":"Point","coordinates":[-79.915,40.40289]},"properties":{"p":"0131A00196000000","a":"SARAH ST","m":"West Homestead","u":"L","o":"individual","sf":1924,"v":500}},{"type":"Feature","geometry":{"type":"Point","coordinates":[-79.91371,40.3902]},"properties":{"p":"0132E00178000000","a":"OVERDALE DR","m":"West Homestead","u":"L","o":"individual","sf":9411,"v":3100}},{"type":"Feature","geometry":{"type":"Point","coordinates":[-79.90988,40.40218]},"properties":{"p":"0131B00314000000","a":"SARAH ST","m":"Homestead","u":"L","o":"individual","sf":2841,"v":600}},{"type":"Feature","geometry":{"type":"Point","coordinates":[-79.91635,40.39534]},"properties":{"p":"0090S00225000000","a":"BENEZET ST","m":"31st Ward - PITTSBURGH","u":"L","o":"individual","sf":2750,"v":3300}},{"type":"Feature","geometry":{"type":"Point","coordinates":[-79.90636,40.40475]},"properties":{"p":"0130R00231000000","a":"ANN ST","m":"Homestead","u":"L","o":"corp","sf":2200,"v":500}},{"type":"Feature","geometry":{"type":"Point","coordinates":[-79.9158,40.39876]},"properties":{"p":"0131J00201000000","a":"WOOD ST","m":"West Homestead","u":"L","o":"individual","sf":22516,"v":6600}},{"type":"Feature","geometry":{"type":"Point","coordinates":[-79.91375,40.39903]},"properties":{"p":"0131J00324000000","a":"923 FOREST AVE","m":"West Homestead","u":"L","o":"individual","sf":4400,"v":1000}},{"type":"Feature","geometry":{"type":"Point","coordinates":[-79.91301,40.40454]},"properties":{"p":"0130N00017000000","a":"HAYS ST","m":"West Homestead","u":"L","o":"individual","sf":1458,"v":400}},{"type":"Feature","geometry":{"type":"Point","coordinates":[-79.91239,40.40494]},"properties":{"p":"0130N00370000000","a":"W 9TH AVE","m":"Homestead","u":"L","o":"corp","sf":3600,"v":800}},{"type":"Feature","geometry":{"type":"Point","coordinates":[-79.90857,40.40193]},"properties":{"p":"0131B00285000000","a":"W 14TH AVE","m":"Homestead","u":"L","o":"individual","sf":2369,"v":600}},{"type":"Feature","geometry":{"type":"Point","coordinates":[-79.91465,40.39612]},"properties":{"p":"0131N00065000000","a":"BENEZET ST","m":"31st Ward - PITTSBURGH","u":"L","o":"individual","sf":2750,"v":3300}},{"type":"Feature","geometry":{"type":"Point","coordinates":[-79.9109,40.39165]},"properties":{"p":"0132F00148000000","a":"1301 VIVJON DR","m":"West Homestead","u":"L","o":"individual","sf":1176,"v":500}},{"type":"Feature","geometry":{"type":"Point","coordinates":[-79.91142,40.40341]},"properties":{"p":"0131B00032000000","a":"147 W 11TH AVE","m":"Homestead","u":"L","o":"individual","sf":2750,"v":3100}},{"type":"Feature","geometry":{"type":"Point","coordinates":[-79.90769,40.40395]},"properties":{"p":"0131C00012000000","a":"E 13TH AVE","m":"Homestead","u":"L","o":"individual","sf":2956,"v":3200}},{"type":"Feature","geometry":{"type":"Point","coordinates":[-79.9035,40.40365]},"properties":{"p":"0131D00025000000","a":"MIFFLIN ST","m":"Homestead","u":"L","o":"individual","sf":1268,"v":300}},{"type":"Feature","geometry":{"type":"Point","coordinates":[-79.91729,40.39904]},"properties":{"p":"0090M00015000000","a":"BASIC AVE","m":"West Homestead","u":"L","o":"individual","sf":43560,"v":8500}},{"type":"Feature","geometry":{"type":"Point","coordinates":[-79.9157,40.40216]},"properties":{"p":"0131A00217000000","a":"CHERRY ST","m":"West Homestead","u":"L","o":"individual","sf":2750,"v":3900}},{"type":"Feature","geometry":{"type":"Point","coordinates":[-79.9178,40.39821]},"properties":{"p":"0090M00144000000","a":"INGOT AVE","m":"31st Ward - PITTSBURGH","u":"L","o":"individual","sf":2750,"v":3300}},{"type":"Feature","geometry":{"type":"Point","coordinates":[-79.91593,40.3957]},"properties":{"p":"0131N00025000000","a":"GIRDER AVE","m":"31st Ward - PITTSBURGH","u":"L","o":"individual","sf":2750,"v":3300}},{"type":"Feature","geometry":{"type":"Point","coordinates":[-79.91448,40.40355]},"properties":{"p":"0131A00088000000","a":"W 9TH AVE","m":"West Homestead","u":"L","o":"individual","sf":2200,"v":600}},{"type":"Feature","geometry":{"type":"Point","coordinates":[-79.91319,40.40281]},"properties":{"p":"0131A00267000000","a":"GRANDVIEW BLVD","m":"West Homestead","u":"L","o":"individual","sf":2000,"v":500}},{"type":"Feature","geometry":{"type":"Point","coordinates":[-79.90862,40.39401]},"properties":{"p":"0132B00107000000","a":"SCHAUFFLER DR","m":"West Homestead","u":"L","o":"individual","sf":7500,"v":2500}},{"type":"Feature","geometry":{"type":"Point","coordinates":[-79.91532,40.40246]},"properties":{"p":"0131A00211000000","a":"CHERRY ST","m":"West Homestead","u":"L","o":"individual","sf":2750,"v":700}},{"type":"Feature","geometry":{"type":"Point","coordinates":[-79.91553,40.40167]},"properties":{"p":"0131E00124000000","a":"CHERRY ST","m":"West Homestead","u":"L","o":"individual","sf":2750,"v":3900}},{"type":"Feature","geometry":{"type":"Point","coordinates":[-79.91374,40.4027]},"properties":{"p":"0131A00276000000","a":"NEEL ST","m":"West Homestead","u":"L","o":"individual","sf":2211,"v":600}},{"type":"Feature","geometry":{"type":"Point","coordinates":[-79.91697,40.39481]},"properties":{"p":"0090S00242000000","a":"NICEVILLE ST","m":"31st Ward - PITTSBURGH","u":"L","o":"individual","sf":5000,"v":1500}},{"type":"Feature","geometry":{"type":"Point","coordinates":[-79.91535,40.40409]},"properties":{"p":"0131A00136000000","a":"243 W 8TH AVE","m":"West Homestead","u":"L","o":"individual","sf":2750,"v":700}},{"type":"Feature","geometry":{"type":"Point","coordinates":[-79.90577,40.40646]},"properties":{"p":"0130R00075000000","a":"E 11TH AVE","m":"Homestead","u":"L","o":"individual","sf":2063,"v":500}},{"type":"Feature","geometry":{"type":"Point","coordinates":[-79.90665,40.40154]},"properties":{"p":"0131G00032000000","a":"WEST ST","m":"Homestead","u":"L","o":"individual","sf":3189,"v":700}},{"type":"Feature","geometry":{"type":"Point","coordinates":[-79.90499,40.40337]},"properties":{"p":"0131C00182000000","a":"E 15TH AVE","m":"Homestead","u":"L","o":"individual","sf":2530,"v":3000}},{"type":"Feature","geometry":{"type":"Point","coordinates":[-79.91462,40.40194]},"properties":{"p":"0131A00300000000","a":"GRANDVIEW BLVD","m":"West Homestead","u":"L","o":"individual","sf":2750,"v":700}},{"type":"Feature","geometry":{"type":"Point","coordinates":[-79.91142,40.40501]},"properties":{"p":"0130P00075000000","a":"W LOCUST WAY","m":"Homestead","u":"L","o":"individual","sf":3300,"v":700}},{"type":"Feature","geometry":{"type":"Point","coordinates":[-79.91028,40.4048]},"properties":{"p":"0130P00297000000","a":"WEST ST","m":"Homestead","u":"L","o":"corp","sf":1304,"v":400}},{"type":"Feature","geometry":{"type":"Point","coordinates":[-79.9102,40.40132]},"properties":{"p":"0131F00268000000","a":"W 13TH AVE","m":"Homestead","u":"L","o":"corp","sf":2200,"v":500}},{"type":"Feature","geometry":{"type":"Point","coordinates":[-79.90285,40.40462]},"properties":{"p":"0130S00333000000","a":"MARGARET ST","m":"Munhall","u":"L","o":"individual","sf":2750,"v":900}},{"type":"Feature","geometry":{"type":"Point","coordinates":[-79.91747,40.39849]},"properties":{"p":"0090M00139000000","a":"INGOT AVE","m":"31st Ward - PITTSBURGH","u":"L","o":"individual","sf":5500,"v":6100}},{"type":"Feature","geometry":{"type":"Point","coordinates":[-79.91863,40.39752]},"properties":{"p":"0090M00161000000","a":"INGOT AVE","m":"31st Ward - PITTSBURGH","u":"L","o":"individual","sf":13750,"v":12800}},{"type":"Feature","geometry":{"type":"Point","coordinates":[-79.91544,40.39546]},"properties":{"p":"0131N00080000000","a":"BENEZET ST","m":"31st Ward - PITTSBURGH","u":"L","o":"individual","sf":8250,"v":12300}},{"type":"Feature","geometry":{"type":"Point","coordinates":[-79.91194,40.39037]},"properties":{"p":"0132F00114000000","a":"EDGEWOOD DR","m":"West Homestead","u":"L","o":"individual","sf":10688,"v":2700}},{"type":"Feature","geometry":{"type":"Point","coordinates":[-79.9143,40.39822]},"properties":{"p":"0131J00248000000","a":"FOREST AVE","m":"West Homestead","u":"L","o":"individual","sf":15263,"v":5900}},{"type":"Feature","geometry":{"type":"Point","coordinates":[-79.91581,40.40383]},"properties":{"p":"0131A00141000000","a":"301 W 8TH AVE","m":"West Homestead","u":"L","o":"corp","sf":2750,"v":700}},{"type":"Feature","geometry":{"type":"Point","coordinates":[-79.90855,40.39799]},"properties":{"p":"0131K00204000000","a":"FOREST AVE","m":"West Homestead","u":"L","o":"individual","sf":16865,"v":6100}},{"type":"Feature","geometry":{"type":"Point","coordinates":[-79.90831,40.39447]},"properties":{"p":"0131R00100000000","a":"WEST RUN RD","m":"West Homestead","u":"L","o":"individual","sf":302306,"v":15000}},{"type":"Feature","geometry":{"type":"Point","coordinates":[-79.9148,40.39964]},"properties":{"p":"0131E00037000000","a":"FOREST AVE","m":"West Homestead","u":"L","o":"individual","sf":2640,"v":700}},{"type":"Feature","geometry":{"type":"Point","coordinates":[-79.90627,40.40667]},"properties":{"p":"0130L00096000000","a":"E 11TH AVE","m":"Homestead","u":"L","o":"individual","sf":3025,"v":700}},{"type":"Feature","geometry":{"type":"Point","coordinates":[-79.90072,40.40207]},"properties":{"p":"0131D00151000000","a":"E 18TH AVE","m":"Homestead","u":"L","o":"individual","sf":3074,"v":700}},{"type":"Feature","geometry":{"type":"Point","coordinates":[-79.90158,40.40228]},"properties":{"p":"0131D00168000000","a":"MCCLURE ST","m":"Homestead","u":"L","o":"individual","sf":1320,"v":400}},{"type":"Feature","geometry":{"type":"Point","coordinates":[-79.9174,40.39621]},"properties":{"p":"0090S00141000000","a":"SWEETBAY ST","m":"31st Ward - PITTSBURGH","u":"L","o":"individual","sf":5000,"v":12000}},{"type":"Feature","geometry":{"type":"Point","coordinates":[-79.91752,40.39611]},"properties":{"p":"0090S00143000000","a":"SWEETBAY ST","m":"31st Ward - PITTSBURGH","u":"L","o":"individual","sf":5000,"v":12000}},{"type":"Feature","geometry":{"type":"Point","coordinates":[-79.91094,40.39525]},"properties":{"p":"0131P00260000000","a":"CASCADE DR","m":"West Homestead","u":"L","o":"individual","sf":4508,"v":1500}},{"type":"Feature","geometry":{"type":"Point","coordinates":[-79.90192,40.39054]},"properties":{"p":"0132H00216000A00","a":"WOODLAWN DR","m":"Munhall","u":"L","o":"individual","sf":170,"v":200}},{"type":"Feature","geometry":{"type":"Point","coordinates":[-79.9112,40.40474]},"properties":{"p":"0130P00193000000","a":"W 10TH AVE","m":"Homestead","u":"L","o":"corp","sf":3300,"v":700}},{"type":"Feature","geometry":{"type":"Point","coordinates":[-79.9067,40.4017]},"properties":{"p":"0131C00255000000","a":"E 15TH AVE","m":"Homestead","u":"L","o":"individual","sf":2640,"v":600}},{"type":"Feature","geometry":{"type":"Point","coordinates":[-79.91065,40.40097]},"properties":{"p":"0131F00277000000","a":"W 13TH AVE","m":"Homestead","u":"L","o":"individual","sf":2200,"v":500}},{"type":"Feature","geometry":{"type":"Point","coordinates":[-79.90944,40.39956]},"properties":{"p":"0131F00065000000","a":"W 15TH AVE","m":"Homestead","u":"L","o":"individual","sf":2750,"v":600}},{"type":"Feature","geometry":{"type":"Point","coordinates":[-79.90885,40.39907]},"properties":{"p":"0131K00110000001","a":"SHADY LN","m":"West Homestead","u":"L","o":"individual","sf":139392,"v":17300}},{"type":"Feature","geometry":{"type":"Point","coordinates":[-79.91975,40.39658]},"properties":{"p":"0090S00008000000","a":"ARMORHILL AVE","m":"31st Ward - PITTSBURGH","u":"L","o":"individual","sf":2750,"v":3300}},{"type":"Feature","geometry":{"type":"Point","coordinates":[-79.91798,40.39343]},"properties":{"p":"0091D00060000000","a":"REVENUE ST","m":"31st Ward - PITTSBURGH","u":"L","o":"individual","sf":6000,"v":6100}},{"type":"Feature","geometry":{"type":"Point","coordinates":[-79.90798,40.40373]},"properties":{"p":"0131B00215000000","a":"E 13TH AVE","m":"Homestead","u":"B","o":"individual","sf":4400,"v":5600}},{"type":"Feature","geometry":{"type":"Point","coordinates":[-79.90071,40.40699]},"properties":{"p":"0130M00010000000","a":"705 E 11TH AVE","m":"Munhall","u":"B","o":"corp","sf":4345,"v":1500}},{"type":"Feature","geometry":{"type":"Point","coordinates":[-79.90057,40.407]},"properties":{"p":"0130M00012000000","a":"707 E 11TH AVE","m":"Munhall","u":"B","o":"corp","sf":4345,"v":1500}},{"type":"Feature","geometry":{"type":"Point","coordinates":[-79.90043,40.40701]},"properties":{"p":"0130M00014000000","a":"709 E 11TH AVE","m":"Munhall","u":"B","o":"corp","sf":4345,"v":1500}},{"type":"Feature","geometry":{"type":"Point","coordinates":[-79.90028,40.40702]},"properties":{"p":"0130M00016000000","a":"711 E 11TH AVE","m":"Munhall","u":"B","o":"corp","sf":4345,"v":1500}},{"type":"Feature","geometry":{"type":"Point","coordinates":[-79.90014,40.40703]},"properties":{"p":"0130M00018000000","a":"713 E 11TH AVE","m":"Munhall","u":"B","o":"corp","sf":4345,"v":1500}},{"type":"Feature","geometry":{"type":"Point","coordinates":[-79.90637,40.39436]},"properties":{"p":"0131R00030000000","a":"LAUREL HILL DR","m":"West Homestead","u":"B","o":"individual","sf":37228,"v":6800}},{"type":"Feature","geometry":{"type":"Point","coordinates":[-79.90653,40.39539]},"properties":{"p":"0131R00036000000","a":"LAUREL HILL DR","m":"West Homestead","u":"B","o":"corp","sf":29662,"v":6100}},{"type":"Feature","geometry":{"type":"Point","coordinates":[-79.91264,40.40415]},"properties":{"p":"0131A00104000000","a":"W 9TH AVE","m":"West Homestead","u":"B","o":"corp","sf":3655,"v":2000}},{"type":"Feature","geometry":{"type":"Point","coordinates":[-79.91273,40.40411]},"properties":{"p":"0131A00108000000","a":"W 9TH AVE","m":"West Homestead","u":"B","o":"corp","sf":3003,"v":1600}},{"type":"Feature","geometry":{"type":"Point","coordinates":[-79.91281,40.40406]},"properties":{"p":"0131A00112000000","a":"W 9TH AVE","m":"West Homestead","u":"B","o":"corp","sf":3003,"v":1600}},{"type":"Feature","geometry":{"type":"Point","coordinates":[-79.91288,40.40401]},"properties":{"p":"0131A00114000000","a":"W 9TH AVE","m":"West Homestead","u":"B","o":"corp","sf":3003,"v":1600}},{"type":"Feature","geometry":{"type":"Point","coordinates":[-79.91296,40.40396]},"properties":{"p":"0131A00116000000","a":"W 9TH AVE","m":"West Homestead","u":"B","o":"corp","sf":3003,"v":1600}},{"type":"Feature","geometry":{"type":"Point","coordinates":[-79.91303,40.40391]},"properties":{"p":"0131A00118000000","a":"W 9TH AVE","m":"West Homestead","u":"B","o":"corp","sf":3003,"v":1600}},{"type":"Feature","geometry":{"type":"Point","coordinates":[-79.91311,40.40386]},"properties":{"p":"0131A00120000000","a":"W 9TH AVE","m":"West Homestead","u":"B","o":"corp","sf":3003,"v":1600}}]}