{"type":"FeatureCollection","features":[{"type":"Feature","geometry":{"type":"Point","coordinates":[-79.84101,40.39343]},"properties":{"p":"0376C00162000000","a":"MAIN ST","m":"East Pittsburgh","u":"I","o":"corp","sf":13734,"v":3200}},{"type":"Feature","geometry":{"type":"Point","coordinates":[-79.84199,40.39291]},"properties":{"p":"0376A00100000000","a":"BRADDOCK AVE","m":"East Pittsburgh","u":"I","o":"corp","sf":129373,"v":68510}},{"type":"Feature","geometry":{"type":"Point","coordinates":[-79.84927,40.39274]},"properties":{"p":"0376A00375000001","a":"1300 BRADDOCK AVE","m":"North Versailles","u":"I","o":"corp","sf":902563,"v":450000}},{"type":"Feature","geometry":{"type":"Point","coordinates":[-79.85634,40.3948]},"properties":{"p":"0302P00200000000","a":"R OF W","m":"North Braddock","u":"I","o":"corp","sf":159430,"v":31620}},{"type":"Feature","geometry":{"type":"Point","coordinates":[-79.84208,40.40958]},"properties":{"p":"0374F00109000000","a":"ELECTRIC AVE","m":"Chalfant","u":"C","o":"corp","sf":33125,"v":4500}},{"type":"Feature","geometry":{"type":"Point","coordinates":[-79.84279,40.40938]},"properties":{"p":"0374F00126000000","a":"ELECTRIC AVE","m":"Chalfant","u":"C","o":"corp","sf":6468,"v":44500}},{"type":"Feature","geometry":{"type":"Point","coordinates":[-79.85976,40.39753]},"properties":{"p":"0302K00187000000","a":"1211 -1215 BRADDOCK AVE","m":"Braddock","u":"C","o":"individual","sf":10244,"v":22100}},{"type":"Feature","geometry":{"type":"Point","coordinates":[-79.85992,40.3976]},"properties":{"p":"0302K00188000000","a":"1211 -1215 BRADDOCK AVE","m":"Braddock","u":"C","o":"individual","sf":2756,"v":9300}},{"type":"Feature","geometry":{"type":"Point","coordinates":[-79.84206,40.40991]},"properties":{"p":"0374F00079000000","a":"NORTH AVE","m":"Chalfant","u":"C","o":"corp","sf":7067,"v":500}},{"type":"Feature","geometry":{"type":"Point","coordinates":[-79.84111,40.39715]},"properties":{"p":"0375K00340000000","a":"HOWARD ST","m":"East Pittsburgh","u":"C","o":"corp","sf":2500,"v":600}},{"type":"Feature","geometry":{"type":"Point","coordinates":[-79.84439,40.39479]},"properties":{"p":"0375P00340000000","a":"401 DRAPER ST","m":"East Pittsburgh","u":"C","o":"corp","sf":17100,"v":13700}},{"type":"Feature","geometry":{"type":"Point","coordinates":[-79.84194,40.39529]},"properties":{"p":"0375P00140000000","a":"MAIN ST","m":"East Pittsburgh","u":"C","o":"corp","sf":2300,"v":9800}},{"type":"Feature","geometry":{"type":"Point","coordinates":[-79.85713,40.40841]},"properties":{"p":"0301L00010000000","a":"6TH ST","m":"North Braddock","u":"C","o":"corp","sf":70241,"v":25200}},{"type":"Feature","geometry":{"type":"Point","coordinates":[-79.85255,40.398]},"properties":{"p":"0302M00010000000","a":"BELL AVE","m":"North Braddock","u":"C","o":"individual","sf":12500,"v":18000}},{"type":"Feature","geometry":{"type":"Point","coordinates":[-79.85904,40.40044]},"properties":{"p":"0302F00149000000","a":"BELL AVE","m":"North Braddock","u":"C","o":"individual","sf":2275,"v":9800}},{"type":"Feature","geometry":{"type":"Point","coordinates":[-79.85895,40.40037]},"properties":{"p":"0302F00150000000","a":"ROBINSON ST","m":"North Braddock","u":"C","o":"individual","sf":2089,"v":9700}},{"type":"Feature","geometry":{"type":"Point","coordinates":[-79.84508,40.40006]},"properties":{"p":"0375F00130000000","a":"LEWIS ST","m":"North Braddock","u":"C","o":"corp","sf":8581,"v":1400}},{"type":"Feature","geometry":{"type":"Point","coordinates":[-79.84096,40.4064]},"properties":{"p":"0374P00004000000","a":"ELECTRIC AVE","m":"North Braddock","u":"C","o":"corp","sf":2390,"v":4900}},{"type":"Feature","geometry":{"type":"Point","coordinates":[-79.84536,40.39882]},"properties":{"p":"0375J00070000000","a":"OCONNELL BLVD","m":"North Braddock","u":"C","o":"corp","sf":5115,"v":12100}},{"type":"Feature","geometry":{"type":"Point","coordinates":[-79.85981,40.40099]},"properties":{"p":"0302F00139000000","a":"BELL AVE","m":"North Braddock","u":"C","o":"individual","sf":1950,"v":9600}},{"type":"Feature","geometry":{"type":"Point","coordinates":[-79.84129,40.4011]},"properties":{"p":"0375F00078000000","a":"BRINTON AVE","m":"North Braddock","u":"C","o":"individual","sf":5061,"v":800}},{"type":"Feature","geometry":{"type":"Point","coordinates":[-79.84641,40.39764]},"properties":{"p":"0375J00106000000","a":"OCONNELL BLVD","m":"North Braddock","u":"C","o":"corp","sf":10000,"v":16000}},{"type":"Feature","geometry":{"type":"Point","coordinates":[-79.84423,40.39934]},"properties":{"p":"0375K00004000000","a":"RAVINE ST","m":"North Braddock","u":"C","o":"corp","sf":18051,"v":22400}},{"type":"Feature","geometry":{"type":"Point","coordinates":[-79.84407,40.39902]},"properties":{"p":"0375K00018000000","a":"RAVINE ST","m":"North Braddock","u":"C","o":"corp","sf":18025,"v":22400}},{"type":"Feature","geometry":{"type":"Point","coordinates":[-79.85275,40.39746]},"properties":{"p":"0302M00040000000","a":"BELL AVE","m":"North Braddock","u":"C","o":"corp","sf":15070,"v":3000}},{"type":"Feature","geometry":{"type":"Point","coordinates":[-79.85212,40.39728]},"properties":{"p":"0302M00050000000","a":"BELL AVE","m":"North Braddock","u":"C","o":"corp","sf":2294,"v":9800}},{"type":"Feature","geometry":{"type":"Point","coordinates":[-79.84921,40.39655]},"properties":{"p":"0302S00010000000","a":"BELL AVE","m":"North Braddock","u":"C","o":"corp","sf":83940,"v":100}},{"type":"Feature","geometry":{"type":"Point","coordinates":[-79.8433,40.40074]},"properties":{"p":"0375F00315000000","a":"WOOD ST","m":"North Braddock","u":"C","o":"corp","sf":6716,"v":13400}},{"type":"Feature","geometry":{"type":"Point","coordinates":[-79.84306,40.40323]},"properties":{"p":"0375B00137000000","a":"1508 BRINTON AVE","m":"North Braddock","u":"C","o":"individual","sf":2750,"v":400}},{"type":"Feature","geometry":{"type":"Point","coordinates":[-79.8559,40.40515]},"properties":{"p":"0301R00050000001","a":"1054 LOCUST ST","m":"North Braddock","u":"C","o":"corp","sf":40000,"v":40000}},{"type":"Feature","geometry":{"type":"Point","coordinates":[-79.84245,40.40983]},"properties":{"p":"0374F00112000000","a":"ELECTRIC AVE","m":"Chalfant","u":"C","o":"corp","sf":11865,"v":1000}},{"type":"Feature","geometry":{"type":"Point","coordinates":[-79.84101,40.40646]},"properties":{"p":"0374P00005000000","a":"ELECTRIC AVE","m":"North Braddock","u":"C","o":"individual","sf":2387,"v":12200}},{"type":"Feature","geometry":{"type":"Point","coordinates":[-79.85282,40.40446]},"properties":{"p":"0301S00097000000","a":"CLIFFORD ST","m":"North Braddock","u":"C","o":"corp","sf":7200,"v":1200}},{"type":"Feature","geometry":{"type":"Point","coordinates":[-79.84291,40.40492]},"properties":{"p":"0374P00158000000","a":"GRANDVIEW AVE","m":"North Braddock","u":"C","o":"individual","sf":6000,"v":12800}},{"type":"Feature","geometry":{"type":"Point","coordinates":[-79.84082,40.39532]},"properties":{"p":"0375R00092000000","a":"519 BESSEMER AVE","m":"East Pittsburgh","u":"C","o":"individual","sf":2500,"v":400}},{"type":"Feature","geometry":{"type":"Point","coordinates":[-79.84093,40.40787]},"properties":{"p":"0374K00006000000","a":"NORTH AVE","m":"Chalfant","u":"L","o":"individual","sf":7056,"v":6200}},{"type":"Feature","geometry":{"type":"Point","coordinates":[-79.841,40.40814]},"properties":{"p":"0374K00009000000","a":"NORTH AVE","m":"Chalfant","u":"L","o":"individual","sf":2988,"v":900}},{"type":"Feature","geometry":{"type":"Point","coordinates":[-79.84159,40.40936]},"properties":{"p":"0374F00089000000","a":"301 NORTH AVE","m":"Chalfant","u":"L","o":"individual","sf":3883,"v":4700}},{"type":"Feature","geometry":{"type":"Point","coordinates":[-79.85984,40.39806]},"properties":{"p":"0302K00133000000","a":"WOOD ST","m":"Braddock","u":"L","o":"individual","sf":2708,"v":600}},{"type":"Feature","geometry":{"type":"Point","coordinates":[-79.85943,40.39777]},"properties":{"p":"0302K00141000000","a":"38 -40 WOOD ST","m":"Braddock","u":"L","o":"individual","sf":1350,"v":400}},{"type":"Feature","geometry":{"type":"Point","coordinates":[-79.85999,40.39813]},"properties":{"p":"0302K00131000000","a":"WOOD ST","m":"Braddock","u":"L","o":"individual","sf":2655,"v":600}},{"type":"Feature","geometry":{"type":"Point","coordinates":[-79.85992,40.39809]},"properties":{"p":"0302K00132000000","a":"WOOD ST","m":"Braddock","u":"L","o":"individual","sf":2706,"v":600}},{"type":"Feature","geometry":{"type":"Point","coordinates":[-79.84171,40.40901]},"properties":{"p":"0374F00099000000","a":"ELECTRIC AVE","m":"Chalfant","u":"L","o":"corp","sf":4038,"v":2000}},{"type":"Feature","geometry":{"type":"Point","coordinates":[-79.85955,40.39837]},"properties":{"p":"0302K00107000000","a":"WOOD ST","m":"Braddock","u":"L","o":"individual","sf":2575,"v":600}},{"type":"Feature","geometry":{"type":"Point","coordinates":[-79.84322,40.39633]},"properties":{"p":"0375P00063000000","a":"SAGUA ST","m":"East Pittsburgh","u":"L","o":"corp","sf":1838,"v":500}},{"type":"Feature","geometry":{"type":"Point","coordinates":[-79.84011,40.4093]},"properties":{"p":"0374G00317000000","a":"LYNNWOOD AVE","m":"Chalfant","u":"L","o":"individual","sf":2750,"v":900}},{"type":"Feature","geometry":{"type":"Point","coordinates":[-79.84006,40.40925]},"properties":{"p":"0374G00318000000","a":"LYNNWOOD AVE","m":"Chalfant","u":"L","o":"individual","sf":2750,"v":900}},{"type":"Feature","geometry":{"type":"Point","coordinates":[-79.84045,40.40733]},"properties":{"p":"0374L00042000000","a":"ROSSMORE ST","m":"Chalfant","u":"L","o":"individual","sf":1283,"v":500}},{"type":"Feature","geometry":{"type":"Point","coordinates":[-79.8404,40.40728]},"properties":{"p":"0374L00043000000","a":"NORTH AVE","m":"Chalfant","u":"L","o":"individual","sf":1440,"v":1700}},{"type":"Feature","geometry":{"type":"Point","coordinates":[-79.84034,40.40723]},"properties":{"p":"0374L00044000000","a":"NORTH AVE","m":"Chalfant","u":"L","o":"individual","sf":1406,"v":500}},{"type":"Feature","geometry":{"type":"Point","coordinates":[-79.84117,40.40853]},"properties":{"p":"0374K00015000000","a":"NORTH AVE","m":"Chalfant","u":"L","o":"individual","sf":3128,"v":1000}},{"type":"Feature","geometry":{"type":"Point","coordinates":[-79.8412,40.40863]},"properties":{"p":"0374K00017000000","a":"NORTH AVE","m":"Chalfant","u":"L","o":"individual","sf":6307,"v":2500}},{"type":"Feature","geometry":{"type":"Point","coordinates":[-79.84173,40.40887]},"properties":{"p":"0374K00024000000","a":"ELECTRIC AVE","m":"Chalfant","u":"L","o":"individual","sf":7500,"v":6200}},{"type":"Feature","geometry":{"type":"Point","coordinates":[-79.8417,40.40878]},"properties":{"p":"0374K00025000000","a":"ELECTRIC AVE","m":"Chalfant","u":"L","o":"individual","sf":2300,"v":2800}},{"type":"Feature","geometry":{"type":"Point","coordinates":[-79.84058,40.40747]},"properties":{"p":"0374L00078000000","a":"NORTH AVE","m":"Chalfant","u":"L","o":"individual","sf":4392,"v":5300}},{"type":"Feature","geometry":{"type":"Point","coordinates":[-79.84178,40.39605]},"properties":{"p":"0375P00121000000","a":"CENTER ST","m":"East Pittsburgh","u":"L","o":"corp","sf":2607,"v":600}},{"type":"Feature","geometry":{"type":"Point","coordinates":[-79.84102,40.39714]},"properties":{"p":"0375L00169000000","a":"HOWARD ST","m":"East Pittsburgh","u":"L","o":"individual","sf":2500,"v":600}},{"type":"Feature","geometry":{"type":"Point","coordinates":[-79.84062,40.39604]},"properties":{"p":"0375R00052000000","a":"513 CENTER ST","m":"East Pittsburgh","u":"L","o":"individual","sf":2500,"v":3000}},{"type":"Feature","geometry":{"type":"Point","coordinates":[-79.8438,40.39577]},"properties":{"p":"0375P00170000000","a":"WESTERN AVE","m":"East Pittsburgh","u":"L","o":"individual","sf":1994,"v":500}},{"type":"Feature","geometry":{"type":"Point","coordinates":[-79.84382,40.39592]},"properties":{"p":"0375P00171000000","a":"WESTERN AVE","m":"East Pittsburgh","u":"L","o":"individual","sf":2764,"v":600}},{"type":"Feature","geometry":{"type":"Point","coordinates":[-79.84142,40.39782]},"properties":{"p":"0375K00301000000","a":"MAIN ST","m":"East Pittsburgh","u":"L","o":"corp","sf":2500,"v":600}},{"type":"Feature","geometry":{"type":"Point","coordinates":[-79.8414,40.39803]},"properties":{"p":"0375K00304000000","a":"MAIN ST","m":"East Pittsburgh","u":"L","o":"individual","sf":2500,"v":3000}},{"type":"Feature","geometry":{"type":"Point","coordinates":[-79.84297,40.39751]},"properties":{"p":"0375K00351000000","a":"400 RIDGE AVE","m":"East Pittsburgh","u":"L","o":"individual","sf":912,"v":400}},{"type":"Feature","geometry":{"type":"Point","coordinates":[-79.84039,40.39317]},"properties":{"p":"0376C00153000000","a":"MAIN ST","m":"East Pittsburgh","u":"L","o":"individual","sf":7722,"v":4200}},{"type":"Feature","geometry":{"type":"Point","coordinates":[-79.84056,40.39324]},"properties":{"p":"0376C00155000000","a":"MAIN ST","m":"East Pittsburgh","u":"L","o":"individual","sf":7788,"v":4300}},{"type":"Feature","geometry":{"type":"Point","coordinates":[-79.84074,40.39332]},"properties":{"p":"0376C00158000000","a":"MAIN ST","m":"East Pittsburgh","u":"L","o":"individual","sf":8184,"v":4300}},{"type":"Feature","geometry":{"type":"Point","coordinates":[-79.84371,40.39549]},"properties":{"p":"0375P00208000000","a":"BESSEMER AVE","m":"East Pittsburgh","u":"L","o":"corp","sf":1655,"v":700}},{"type":"Feature","geometry":{"type":"Point","coordinates":[-79.84325,40.39559]},"properties":{"p":"0375P00210000000","a":"WESTERN AVE","m":"East Pittsburgh","u":"L","o":"individual","sf":2805,"v":600}},{"type":"Feature","geometry":{"type":"Point","coordinates":[-79.84004,40.3991]},"properties":{"p":"0375L00021000000","a":"RIDGE AVE","m":"East Pittsburgh","u":"L","o":"individual","sf":2750,"v":3100}},{"type":"Feature","geometry":{"type":"Point","coordinates":[-79.8441,40.39747]},"properties":{"p":"0375K00177000000","a":"WESTERN AVE","m":"East Pittsburgh","u":"L","o":"individual","sf":5680,"v":4100}},{"type":"Feature","geometry":{"type":"Point","coordinates":[-79.84401,40.39729]},"properties":{"p":"0375K00181000000","a":"812 WESTERN AVE","m":"East Pittsburgh","u":"L","o":"individual","sf":2840,"v":1100}},{"type":"Feature","geometry":{"type":"Point","coordinates":[-79.84322,40.39678]},"properties":{"p":"0375P00008000000","a":"HOWARD ST","m":"East Pittsburgh","u":"L","o":"corp","sf":1600,"v":400}},{"type":"Feature","geometry":{"type":"Point","coordinates":[-79.84279,40.39458]},"properties":{"p":"0375P00281000000","a":"GLOSSER ST","m":"East Pittsburgh","u":"L","o":"corp","sf":2841,"v":3100}},{"type":"Feature","geometry":{"type":"Point","coordinates":[-79.84274,40.39462]},"properties":{"p":"0375P00282000000","a":"GLOSSER ST","m":"East Pittsburgh","u":"L","o":"corp","sf":110,"v":100}},{"type":"Feature","geometry":{"type":"Point","coordinates":[-79.84279,40.39466]},"properties":{"p":"0375P00283000000","a":"GLOSSER ST","m":"East Pittsburgh","u":"L","o":"corp","sf":2310,"v":500}},{"type":"Feature","geometry":{"type":"Point","coordinates":[-79.84113,40.39635]},"properties":{"p":"0375P00102000000","a":"610 MAIN ST","m":"East Pittsburgh","u":"L","o":"individual","sf":1638,"v":400}},{"type":"Feature","geometry":{"type":"Point","coordinates":[-79.84114,40.3963]},"properties":{"p":"0375P00103000000","a":"MAIN ST","m":"East Pittsburgh","u":"L","o":"corp","sf":1365,"v":400}},{"type":"Feature","geometry":{"type":"Point","coordinates":[-79.84492,40.39519]},"properties":{"p":"0375P00328000000","a":"BESSEMER AVE","m":"East Pittsburgh","u":"L","o":"individual","sf":2933,"v":3200}},{"type":"Feature","geometry":{"type":"Point","coordinates":[-79.84399,40.39476]},"properties":{"p":"0375P00346000000","a":"401 DRAPER ST","m":"East Pittsburgh","u":"L","o":"corp","sf":8400,"v":4300}},{"type":"Feature","geometry":{"type":"Point","coordinates":[-79.84273,40.39579]},"properties":{"p":"0375P00160000000","a":"CENTER ST","m":"East Pittsburgh","u":"L","o":"individual","sf":5000,"v":4000}},{"type":"Feature","geometry":{"type":"Point","coordinates":[-79.84006,40.39294]},"properties":{"p":"0376C00148000000","a":"MAIN ST","m":"East Pittsburgh","u":"L","o":"individual","sf":4940,"v":4000}},{"type":"Feature","geometry":{"type":"Point","coordinates":[-79.84019,40.39314]},"properties":{"p":"0376C00151000000","a":"MAIN ST","m":"East Pittsburgh","u":"L","o":"individual","sf":8220,"v":4300}},{"type":"Feature","geometry":{"type":"Point","coordinates":[-79.84487,40.39562]},"properties":{"p":"0375P00196000000","a":"BESSEMER AVE","m":"East Pittsburgh","u":"L","o":"individual","sf":2500,"v":600}},{"type":"Feature","geometry":{"type":"Point","coordinates":[-79.84242,40.39757]},"properties":{"p":"0375K00365000000","a":"409 HOWARD ST","m":"East Pittsburgh","u":"L","o":"individual","sf":649,"v":300}},{"type":"Feature","geometry":{"type":"Point","coordinates":[-79.84234,40.3976]},"properties":{"p":"0375K00366000000","a":"411 HOWARD ST","m":"East Pittsburgh","u":"L","o":"individual","sf":827,"v":300}},{"type":"Feature","geometry":{"type":"Point","coordinates":[-79.84028,40.39527]},"properties":{"p":"0375R00098000000","a":"BESSEMER AVE","m":"East Pittsburgh","u":"L","o":"corp","sf":2500,"v":3000}},{"type":"Feature","geometry":{"type":"Point","coordinates":[-79.84019,40.39527]},"properties":{"p":"0375R00099000000","a":"BESSEMER AVE","m":"East Pittsburgh","u":"L","o":"individual","sf":2500,"v":600}},{"type":"Feature","geometry":{"type":"Point","coordinates":[-79.84199,40.39493]},"properties":{"p":"0375P00261000000","a":"BESSEMER AVE","m":"East Pittsburgh","u":"L","o":"corp","sf":7105,"v":2200}},{"type":"Feature","geometry":{"type":"Point","coordinates":[-79.84207,40.39494]},"properties":{"p":"0375P00262000000","a":"BESSEMER AVE","m":"East Pittsburgh","u":"L","o":"corp","sf":3553,"v":800}},{"type":"Feature","geometry":{"type":"Point","coordinates":[-79.8408,40.39825]},"properties":{"p":"0375L00105000000","a":"MAPLE ST","m":"East Pittsburgh","u":"L","o":"individual","sf":3068,"v":1200}},{"type":"Feature","geometry":{"type":"Point","coordinates":[-79.84236,40.39474]},"properties":{"p":"0375P00272000000","a":"GLOSSER ST","m":"East Pittsburgh","u":"L","o":"individual","sf":3000,"v":700}},{"type":"Feature","geometry":{"type":"Point","coordinates":[-79.84455,40.39667]},"properties":{"p":"0375P00023000000","a":"ARC ST","m":"East Pittsburgh","u":"L","o":"individual","sf":2500,"v":600}},{"type":"Feature","geometry":{"type":"Point","coordinates":[-79.84459,40.39635]},"properties":{"p":"0375P00039000000","a":"CENTER ST","m":"East Pittsburgh","u":"L","o":"individual","sf":3300,"v":3300}},{"type":"Feature","geometry":{"type":"Point","coordinates":[-79.84421,40.39514]},"properties":{"p":"0375P00323000000","a":"206 BESSEMER AVE","m":"East Pittsburgh","u":"L","o":"individual","sf":2829,"v":1100}},{"type":"Feature","geometry":{"type":"Point","coordinates":[-79.84235,40.39425]},"properties":{"p":"0376B00034000000","a":"GLOSSER ST","m":"East Pittsburgh","u":"L","o":"individual","sf":3000,"v":700}},{"type":"Feature","geometry":{"type":"Point","coordinates":[-79.84142,40.39545]},"properties":{"p":"0375P00136000000","a":"MAIN ST","m":"East Pittsburgh","u":"L","o":"individual","sf":1484,"v":400}},{"type":"Feature","geometry":{"type":"Point","coordinates":[-79.84026,40.39601]},"properties":{"p":"0375R00056000000","a":"CENTER ST","m":"East Pittsburgh","u":"L","o":"individual","sf":2500,"v":600}},{"type":"Feature","geometry":{"type":"Point","coordinates":[-79.84008,40.396]},"properties":{"p":"0375R00058000000","a":"529 CENTER ST","m":"East Pittsburgh","u":"L","o":"corp","sf":2500,"v":3000}},{"type":"Feature","geometry":{"type":"Point","coordinates":[-79.84289,40.39753]},"properties":{"p":"0375K00352000000","a":"402 RIDGE AVE","m":"East Pittsburgh","u":"L","o":"individual","sf":654,"v":300}},{"type":"Feature","geometry":{"type":"Point","coordinates":[-79.84282,40.39755]},"properties":{"p":"0375K00353000000","a":"404 RIDGE AVE","m":"East Pittsburgh","u":"L","o":"individual","sf":649,"v":200}},{"type":"Feature","geometry":{"type":"Point","coordinates":[-79.84261,40.39761]},"properties":{"p":"0375K00355000000","a":"408 RIDGE AVE","m":"East Pittsburgh","u":"L","o":"individual","sf":1073,"v":400}},{"type":"Feature","geometry":{"type":"Point","coordinates":[-79.84252,40.39764]},"properties":{"p":"0375K00356000000","a":"410 RIDGE AVE","m":"East Pittsburgh","u":"L","o":"individual","sf":649,"v":300}},{"type":"Feature","geometry":{"type":"Point","coordinates":[-79.84246,40.39766]},"properties":{"p":"0375K00357000000","a":"412 RIDGE AVE","m":"East Pittsburgh","u":"L","o":"individual","sf":649,"v":300}},{"type":"Feature","geometry":{"type":"Point","coordinates":[-79.84238,40.39768]},"properties":{"p":"0375K00358000000","a":"414 RIDGE AVE","m":"East Pittsburgh","u":"L","o":"individual","sf":827,"v":300}},{"type":"Feature","geometry":{"type":"Point","coordinates":[-79.84292,40.39743]},"properties":{"p":"0375K00359000000","a":"401 HOWARD ST","m":"East Pittsburgh","u":"L","o":"individual","sf":1073,"v":400}},{"type":"Feature","geometry":{"type":"Point","coordinates":[-79.84284,40.39745]},"properties":{"p":"0375K00360000000","a":"401 1/2 HOWARD ST","m":"East Pittsburgh","u":"L","o":"individual","sf":649,"v":300}},{"type":"Feature","geometry":{"type":"Point","coordinates":[-79.84277,40.39747]},"properties":{"p":"0375K00361000000","a":"403 HOWARD ST","m":"East Pittsburgh","u":"L","o":"individual","sf":649,"v":300}},{"type":"Feature","geometry":{"type":"Point","coordinates":[-79.84257,40.39753]},"properties":{"p":"0375K00363000000","a":"407 HOWARD ST","m":"East Pittsburgh","u":"L","o":"individual","sf":1073,"v":300}},{"type":"Feature","geometry":{"type":"Point","coordinates":[-79.84248,40.39756]},"properties":{"p":"0375K00364000000","a":"407 1/2 HOWARD ST","m":"East Pittsburgh","u":"L","o":"individual","sf":649,"v":300}},{"type":"Feature","geometry":{"type":"Point","coordinates":[-79.84046,40.39529]},"properties":{"p":"0375R00096000000","a":"523 BESSEMER AVE","m":"East Pittsburgh","u":"L","o":"individual","sf":2500,"v":1000}},{"type":"Feature","geometry":{"type":"Point","coordinates":[-79.84037,40.39528]},"properties":{"p":"0375R00097000000","a":"BESSEMER AVE","m":"East Pittsburgh","u":"L","o":"individual","sf":2500,"v":600}},{"type":"Feature","geometry":{"type":"Point","coordinates":[-79.84246,40.39544]},"properties":{"p":"0375P00221000000","a":"BESSEMER AVE","m":"East Pittsburgh","u":"L","o":"individual","sf":2500,"v":3000}},{"type":"Feature","geometry":{"type":"Point","coordinates":[-79.84148,40.39531]},"properties":{"p":"0375P00227000000","a":"BESSEMER AVE","m":"East Pittsburgh","u":"L","o":"individual","sf":2700,"v":600}},{"type":"Feature","geometry":{"type":"Point","coordinates":[-79.84113,40.39534]},"properties":{"p":"0375P00231000000","a":"507 BESSEMER AVE","m":"East Pittsburgh","u":"L","o":"individual","sf":5000,"v":4000}},{"type":"Feature","geometry":{"type":"Point","coordinates":[-79.84059,40.39488]},"properties":{"p":"0375R00124000000","a":"BESSEMER AVE","m":"East Pittsburgh","u":"L","o":"individual","sf":2500,"v":600}},{"type":"Feature","geometry":{"type":"Point","coordinates":[-79.84313,40.39485]},"properties":{"p":"0375P00299000000","a":"WESTERN AVE","m":"East Pittsburgh","u":"L","o":"individual","sf":2393,"v":600}},{"type":"Feature","geometry":{"type":"Point","coordinates":[-79.85902,40.40722]},"properties":{"p":"0301K00078000000","a":"6TH ST","m":"North Braddock","u":"L","o":"individual","sf":4926,"v":1500}},{"type":"Feature","geometry":{"type":"Point","coordinates":[-79.85911,40.40716]},"properties":{"p":"0301K00079000000","a":"6TH ST","m":"North Braddock","u":"L","o":"individual","sf":2553,"v":600}},{"type":"Feature","geometry":{"type":"Point","coordinates":[-79.85939,40.40695]},"properties":{"p":"0301K00085000000","a":"EAST ST","m":"North Braddock","u":"L","o":"individual","sf":2696,"v":600}},{"type":"Feature","geometry":{"type":"Point","coordinates":[-79.8596,40.40687]},"properties":{"p":"0301K00096000000","a":"CENTER ST","m":"North Braddock","u":"L","o":"individual","sf":33908,"v":6600}},{"type":"Feature","geometry":{"type":"Point","coordinates":[-79.85828,40.40777]},"properties":{"p":"0301K00065000000","a":"6TH ST","m":"North Braddock","u":"L","o":"individual","sf":1722,"v":2700}},{"type":"Feature","geometry":{"type":"Point","coordinates":[-79.85835,40.40743]},"properties":{"p":"0301K00070000000","a":"CLIFF ST","m":"North Braddock","u":"L","o":"individual","sf":3747,"v":800}},{"type":"Feature","geometry":{"type":"Point","coordinates":[-79.85861,40.40733]},"properties":{"p":"0301K00073000000","a":"CLIFF ST","m":"North Braddock","u":"L","o":"individual","sf":4092,"v":3600}},{"type":"Feature","geometry":{"type":"Point","coordinates":[-79.85868,40.40729]},"properties":{"p":"0301K00074000000","a":"CLIFF ST","m":"North Braddock","u":"L","o":"individual","sf":4164,"v":1000}},{"type":"Feature","geometry":{"type":"Point","coordinates":[-79.85894,40.40651]},"properties":{"p":"0301P00276000000","a":"CLIFF ST","m":"North Braddock","u":"L","o":"individual","sf":1878,"v":500}},{"type":"Feature","geometry":{"type":"Point","coordinates":[-79.85907,40.40645]},"properties":{"p":"0301P00278000000","a":"CLIFF ST","m":"North Braddock","u":"L","o":"individual","sf":1131,"v":300}},{"type":"Feature","geometry":{"type":"Point","coordinates":[-79.85934,40.4063]},"properties":{"p":"0301P00282000000","a":"CLIFF ST","m":"North Braddock","u":"L","o":"individual","sf":2099,"v":500}},{"type":"Feature","geometry":{"type":"Point","coordinates":[-79.85944,40.40632]},"properties":{"p":"0301P00284000000","a":"CLIFF ST","m":"North Braddock","u":"L","o":"individual","sf":2400,"v":600}},{"type":"Feature","geometry":{"type":"Point","coordinates":[-79.85952,40.4063]},"properties":{"p":"0301P00285000000","a":"CLIFF ST","m":"North Braddock","u":"L","o":"individual","sf":1320,"v":500}},{"type":"Feature","geometry":{"type":"Point","coordinates":[-79.85927,40.40306]},"properties":{"p":"0302B00150000000","a":"NORTH AVE","m":"North Braddock","u":"L","o":"individual","sf":2500,"v":600}},{"type":"Feature","geometry":{"type":"Point","coordinates":[-79.85934,40.40311]},"properties":{"p":"0302B00151000000","a":"NORTH AVE","m":"North Braddock","u":"L","o":"individual","sf":3000,"v":700}},{"type":"Feature","geometry":{"type":"Point","coordinates":[-79.85947,40.40165]},"properties":{"p":"0302F00040000000","a":"KIRKPATRICK AVE","m":"North Braddock","u":"L","o":"individual","sf":4362,"v":3700}},{"type":"Feature","geometry":{"type":"Point","coordinates":[-79.85979,40.39978]},"properties":{"p":"0302F00339000000","a":"FRANKLIN AVE","m":"North Braddock","u":"L","o":"corp","sf":3150,"v":1300}},{"type":"Feature","geometry":{"type":"Point","coordinates":[-79.84514,40.40489]},"properties":{"p":"0374N00084000000","a":"WOLFE AVE","m":"North Braddock","u":"L","o":"individual","sf":2750,"v":2500}},{"type":"Feature","geometry":{"type":"Point","coordinates":[-79.84558,40.4037]},"properties":{"p":"0375A00023000000","a":"GRANT ST","m":"North Braddock","u":"L","o":"individual","sf":5500,"v":9100}},{"type":"Feature","geometry":{"type":"Point","coordinates":[-79.84571,40.40393]},"properties":{"p":"0375A00027000000","a":"GRANT ST","m":"North Braddock","u":"L","o":"individual","sf":1375,"v":400}},{"type":"Feature","geometry":{"type":"Point","coordinates":[-79.85841,40.40671]},"properties":{"p":"0301P00269000000","a":"CLIFF ST","m":"North Braddock","u":"L","o":"individual","sf":2776,"v":600}},{"type":"Feature","geometry":{"type":"Point","coordinates":[-79.8585,40.40662]},"properties":{"p":"0301P00271000000","a":"CLIFF ST","m":"North Braddock","u":"L","o":"individual","sf":2854,"v":600}},{"type":"Feature","geometry":{"type":"Point","coordinates":[-79.85858,40.40659]},"properties":{"p":"0301P00272000000","a":"CLIFF ST","m":"North Braddock","u":"L","o":"corp","sf":2860,"v":600}},{"type":"Feature","geometry":{"type":"Point","coordinates":[-79.85874,40.40654]},"properties":{"p":"0301P00274000000","a":"CLIFF ST","m":"North Braddock","u":"L","o":"individual","sf":2030,"v":500}},{"type":"Feature","geometry":{"type":"Point","coordinates":[-79.85922,40.40342]},"properties":{"p":"0302B00104000000","a":"SPRING ST","m":"North Braddock","u":"L","o":"individual","sf":2667,"v":600}},{"type":"Feature","geometry":{"type":"Point","coordinates":[-79.85649,40.39884]},"properties":{"p":"0302L00121000000","a":"BELL AVE","m":"North Braddock","u":"L","o":"individual","sf":10062,"v":4500}},{"type":"Feature","geometry":{"type":"Point","coordinates":[-79.85625,40.39885]},"properties":{"p":"0302L00125000000","a":"BELL AVE","m":"North Braddock","u":"L","o":"individual","sf":7692,"v":4200}},{"type":"Feature","geometry":{"type":"Point","coordinates":[-79.85623,40.39866]},"properties":{"p":"0302L00128000000","a":"MCCREA WAY","m":"North Braddock","u":"L","o":"individual","sf":1800,"v":400}},{"type":"Feature","geometry":{"type":"Point","coordinates":[-79.85611,40.39883]},"properties":{"p":"0302L00129000000","a":"BELL AVE","m":"North Braddock","u":"L","o":"individual","sf":1625,"v":400}},{"type":"Feature","geometry":{"type":"Point","coordinates":[-79.85609,40.39865]},"properties":{"p":"0302L00130000000","a":"BELL AVE","m":"North Braddock","u":"L","o":"individual","sf":6450,"v":4100}},{"type":"Feature","geometry":{"type":"Point","coordinates":[-79.85567,40.39846]},"properties":{"p":"0302L00138000000","a":"MCCREA WAY","m":"North Braddock","u":"L","o":"individual","sf":2119,"v":500}},{"type":"Feature","geometry":{"type":"Point","coordinates":[-79.85562,40.39861]},"properties":{"p":"0302L00140000000","a":"BELL AVE","m":"North Braddock","u":"L","o":"individual","sf":1377,"v":600}},{"type":"Feature","geometry":{"type":"Point","coordinates":[-79.85556,40.39859]},"properties":{"p":"0302L00141000000","a":"BELL AVE","m":"North Braddock","u":"L","o":"individual","sf":1284,"v":300}},{"type":"Feature","geometry":{"type":"Point","coordinates":[-79.85535,40.39849]},"properties":{"p":"0302L00144000000","a":"BELL AVE","m":"North Braddock","u":"L","o":"individual","sf":2281,"v":500}},{"type":"Feature","geometry":{"type":"Point","coordinates":[-79.85939,40.40334]},"properties":{"p":"0302B00105000A00","a":"NORTH AVE","m":"North Braddock","u":"L","o":"individual","sf":500,"v":200}},{"type":"Feature","geometry":{"type":"Point","coordinates":[-79.85801,40.40119]},"properties":{"p":"0302F00016000000","a":"KIRKPATRICK AVE","m":"North Braddock","u":"L","o":"individual","sf":3429,"v":800}},{"type":"Feature","geometry":{"type":"Point","coordinates":[-79.84492,40.40935]},"properties":{"p":"0374F00390000000","a":"RIDGE AVE","m":"North Braddock","u":"L","o":"individual","sf":22622,"v":10600}},{"type":"Feature","geometry":{"type":"Point","coordinates":[-79.84513,40.4087]},"properties":{"p":"0374J00008000000","a":"MCCULLY AVE","m":"North Braddock","u":"L","o":"individual","sf":39220,"v":12100}},{"type":"Feature","geometry":{"type":"Point","coordinates":[-79.84521,40.40839]},"properties":{"p":"0374J00023000000","a":"GRANDSON AVE","m":"North Braddock","u":"L","o":"individual","sf":32257,"v":11500}},{"type":"Feature","geometry":{"type":"Point","coordinates":[-79.84574,40.40857]},"properties":{"p":"0374J00026000000","a":"GRANDSON AVE","m":"North Braddock","u":"L","o":"individual","sf":4800,"v":8800}},{"type":"Feature","geometry":{"type":"Point","coordinates":[-79.84652,40.40848]},"properties":{"p":"0374J00050000000","a":"1012 GRANDVIEW AVE","m":"North Braddock","u":"L","o":"individual","sf":2400,"v":2200}},{"type":"Feature","geometry":{"type":"Point","coordinates":[-79.84663,40.4057]},"properties":{"p":"0374N00063000000","a":"PALLAS ST","m":"North Braddock","u":"L","o":"individual","sf":6574,"v":5000}},{"type":"Feature","geometry":{"type":"Point","coordinates":[-79.84542,40.40538]},"properties":{"p":"0374N00076000000","a":"WOLFE AVE","m":"North Braddock","u":"L","o":"corp","sf":13750,"v":9800}},{"type":"Feature","geometry":{"type":"Point","coordinates":[-79.85839,40.40146]},"properties":{"p":"0302F00025000000","a":"KIRKPATRICK AVE","m":"North Braddock","u":"L","o":"corp","sf":3450,"v":800}},{"type":"Feature","geometry":{"type":"Point","coordinates":[-79.85914,40.39989]},"properties":{"p":"0302F00315000000","a":"REBECCA ST","m":"North Braddock","u":"L","o":"individual","sf":2147,"v":900}},{"type":"Feature","geometry":{"type":"Point","coordinates":[-79.85912,40.39974]},"properties":{"p":"0302F00317000000","a":"REBECCA ST","m":"North Braddock","u":"L","o":"individual","sf":4950,"v":4000}},{"type":"Feature","geometry":{"type":"Point","coordinates":[-79.85928,40.39977]},"properties":{"p":"0302F00330000000","a":"MCDONOUGH AVE","m":"North Braddock","u":"L","o":"individual","sf":2635,"v":600}},{"type":"Feature","geometry":{"type":"Point","coordinates":[-79.85665,40.39947]},"properties":{"p":"0302L00103000000","a":"BELL AVE","m":"North Braddock","u":"L","o":"individual","sf":1872,"v":2800}},{"type":"Feature","geometry":{"type":"Point","coordinates":[-79.85738,40.39933]},"properties":{"p":"0302L00108000000","a":"BELL AVE","m":"North Braddock","u":"L","o":"individual","sf":4000,"v":900}},{"type":"Feature","geometry":{"type":"Point","coordinates":[-79.85721,40.39926]},"properties":{"p":"0302L00111000000","a":"BELL AVE","m":"North Braddock","u":"L","o":"individual","sf":2500,"v":600}},{"type":"Feature","geometry":{"type":"Point","coordinates":[-79.85714,40.39923]},"properties":{"p":"0302L00112000000","a":"BELL AVE","m":"North Braddock","u":"L","o":"individual","sf":2500,"v":600}},{"type":"Feature","geometry":{"type":"Point","coordinates":[-79.85706,40.39919]},"properties":{"p":"0302L00113000000","a":"BELL AVE","m":"North Braddock","u":"L","o":"individual","sf":2500,"v":1000}},{"type":"Feature","geometry":{"type":"Point","coordinates":[-79.85683,40.39909]},"properties":{"p":"0302L00116000000","a":"BELL AVE","m":"North Braddock","u":"L","o":"individual","sf":2500,"v":600}},{"type":"Feature","geometry":{"type":"Point","coordinates":[-79.85675,40.39905]},"properties":{"p":"0302L00117000000","a":"BELL AVE","m":"North Braddock","u":"L","o":"individual","sf":2500,"v":600}},{"type":"Feature","geometry":{"type":"Point","coordinates":[-79.85662,40.399]},"properties":{"p":"0302L00118000000","a":"BELL AVE","m":"North Braddock","u":"L","o":"individual","sf":9703,"v":4400}},{"type":"Feature","geometry":{"type":"Point","coordinates":[-79.84722,40.40932]},"properties":{"p":"0374E00500000000","a":"TURNER AVE","m":"North Braddock","u":"L","o":"corp","sf":7962,"v":9300}},{"type":"Feature","geometry":{"type":"Point","coordinates":[-79.84681,40.40612]},"properties":{"p":"0374N00054000000","a":"WOLFE AVE","m":"North Braddock","u":"L","o":"individual","sf":11397,"v":9600}},{"type":"Feature","geometry":{"type":"Point","coordinates":[-79.84683,40.40572]},"properties":{"p":"0374N00055000000","a":"WOLFE AVE","m":"North Braddock","u":"L","o":"individual","sf":7451,"v":9200}},{"type":"Feature","geometry":{"type":"Point","coordinates":[-79.84704,40.40583]},"properties":{"p":"0374N00056000000","a":"DUNBAR AVE","m":"North Braddock","u":"L","o":"individual","sf":23837,"v":6800}},{"type":"Feature","geometry":{"type":"Point","coordinates":[-79.84312,40.40531]},"properties":{"p":"0374P00165000000","a":"GRANDVIEW AVE","m":"North Braddock","u":"L","o":"corp","sf":3000,"v":7200}},{"type":"Feature","geometry":{"type":"Point","coordinates":[-79.84317,40.40541]},"properties":{"p":"0374P00167000000","a":"GRANDVIEW AVE","m":"North Braddock","u":"L","o":"individual","sf":6000,"v":9100}},{"type":"Feature","geometry":{"type":"Point","coordinates":[-79.84468,40.4031]},"properties":{"p":"0375B00253000000","a":"1443 GRANT ST","m":"North Braddock","u":"L","o":"individual","sf":2750,"v":900}},{"type":"Feature","geometry":{"type":"Point","coordinates":[-79.84243,40.39932]},"properties":{"p":"0375F00041000000","a":"TERRACE ST","m":"North Braddock","u":"L","o":"individual","sf":2200,"v":900}},{"type":"Feature","geometry":{"type":"Point","coordinates":[-79.84251,40.39962]},"properties":{"p":"0375F00050000000","a":"TERRACE ST","m":"North Braddock","u":"L","o":"individual","sf":3264,"v":1000}},{"type":"Feature","geometry":{"type":"Point","coordinates":[-79.84227,40.39977]},"properties":{"p":"0375F00054000000","a":"TERRACE ST","m":"North Braddock","u":"L","o":"individual","sf":3346,"v":1000}},{"type":"Feature","geometry":{"type":"Point","coordinates":[-79.84217,40.39985]},"properties":{"p":"0375F00056000000","a":"TERRACE ST","m":"North Braddock","u":"L","o":"individual","sf":3240,"v":1000}},{"type":"Feature","geometry":{"type":"Point","coordinates":[-79.85811,40.40759]},"properties":{"p":"0301K00044000002","a":"CLIFF ST","m":"North Braddock","u":"L","o":"individual","sf":1600,"v":1000}},{"type":"Feature","geometry":{"type":"Point","coordinates":[-79.85806,40.40764]},"properties":{"p":"0301K00045000000","a":"CLIFF ST","m":"North Braddock","u":"L","o":"individual","sf":1680,"v":400}},{"type":"Feature","geometry":{"type":"Point","coordinates":[-79.85801,40.40768]},"properties":{"p":"0301K00046000000","a":"CLIFF ST","m":"North Braddock","u":"L","o":"individual","sf":1680,"v":400}},{"type":"Feature","geometry":{"type":"Point","coordinates":[-79.85783,40.40786]},"properties":{"p":"0301K00050000000","a":"NORTH MAIN ST","m":"North Braddock","u":"L","o":"corp","sf":2562,"v":1000}},{"type":"Feature","geometry":{"type":"Point","coordinates":[-79.85792,40.40792]},"properties":{"p":"0301K00052000000","a":"NORTH MAIN ST","m":"North Braddock","u":"L","o":"individual","sf":550,"v":200}},{"type":"Feature","geometry":{"type":"Point","coordinates":[-79.85774,40.40829]},"properties":{"p":"0301K00059000000","a":"EAST ST","m":"North Braddock","u":"L","o":"individual","sf":3792,"v":800}},{"type":"Feature","geometry":{"type":"Point","coordinates":[-79.85818,40.40786]},"properties":{"p":"0301K00063000000","a":"6TH ST","m":"North Braddock","u":"L","o":"individual","sf":1600,"v":600}},{"type":"Feature","geometry":{"type":"Point","coordinates":[-79.85823,40.40782]},"properties":{"p":"0301K00064000000","a":"6TH ST","m":"North Braddock","u":"L","o":"individual","sf":1701,"v":700}},{"type":"Feature","geometry":{"type":"Point","coordinates":[-79.85731,40.40802]},"properties":{"p":"0301L00064000000","a":"NORTH MAIN ST","m":"North Braddock","u":"L","o":"individual","sf":2551,"v":600}},{"type":"Feature","geometry":{"type":"Point","coordinates":[-79.85738,40.40806]},"properties":{"p":"0301L00065000000","a":"NORTH MAIN ST","m":"North Braddock","u":"L","o":"individual","sf":2562,"v":600}},{"type":"Feature","geometry":{"type":"Point","coordinates":[-79.84801,40.4089]},"properties":{"p":"0301H00100000000","a":"PRESTON DR","m":"North Braddock","u":"L","o":"individual","sf":5000,"v":9000}},{"type":"Feature","geometry":{"type":"Point","coordinates":[-79.85758,40.40761]},"properties":{"p":"0301L00072000000","a":"NORTH MAIN ST","m":"North Braddock","u":"L","o":"individual","sf":1827,"v":700}},{"type":"Feature","geometry":{"type":"Point","coordinates":[-79.85831,40.40681]},"properties":{"p":"0301K00022000000","a":"CLIFF ST","m":"North Braddock","u":"L","o":"individual","sf":2530,"v":600}},{"type":"Feature","geometry":{"type":"Point","coordinates":[-79.859,40.40686]},"properties":{"p":"0301K00028000000","a":"CLIFF ST","m":"North Braddock","u":"L","o":"individual","sf":2729,"v":600}},{"type":"Feature","geometry":{"type":"Point","coordinates":[-79.85894,40.4069]},"properties":{"p":"0301K00029000000","a":"CLIFF ST","m":"North Braddock","u":"L","o":"corp","sf":2222,"v":500}},{"type":"Feature","geometry":{"type":"Point","coordinates":[-79.85888,40.40694]},"properties":{"p":"0301K00030000000","a":"CLIFF ST","m":"North Braddock","u":"L","o":"individual","sf":2078,"v":500}},{"type":"Feature","geometry":{"type":"Point","coordinates":[-79.85883,40.40699]},"properties":{"p":"0301K00031000000","a":"CLIFF ST","m":"North Braddock","u":"L","o":"individual","sf":2085,"v":500}},{"type":"Feature","geometry":{"type":"Point","coordinates":[-79.85877,40.40703]},"properties":{"p":"0301K00032000000","a":"CLIFF ST","m":"North Braddock","u":"L","o":"individual","sf":2059,"v":500}},{"type":"Feature","geometry":{"type":"Point","coordinates":[-79.85871,40.40707]},"properties":{"p":"0301K00033000000","a":"CLIFF ST","m":"North Braddock","u":"L","o":"individual","sf":1924,"v":500}},{"type":"Feature","geometry":{"type":"Point","coordinates":[-79.85744,40.40758]},"properties":{"p":"0301L00074000000","a":"NORTH MAIN ST","m":"North Braddock","u":"L","o":"corp","sf":3843,"v":3500}},{"type":"Feature","geometry":{"type":"Point","coordinates":[-79.85733,40.40756]},"properties":{"p":"0301L00076000000","a":"NORTH MAIN ST","m":"North Braddock","u":"L","o":"individual","sf":2551,"v":600}},{"type":"Feature","geometry":{"type":"Point","coordinates":[-79.85719,40.40748]},"properties":{"p":"0301L00078000000","a":"NORTH MAIN ST","m":"North Braddock","u":"L","o":"individual","sf":2551,"v":600}},{"type":"Feature","geometry":{"type":"Point","coordinates":[-79.85745,40.40725]},"properties":{"p":"0301L00083000000","a":"JONES AVE","m":"North Braddock","u":"L","o":"individual","sf":2250,"v":900}},{"type":"Feature","geometry":{"type":"Point","coordinates":[-79.8576,40.40707]},"properties":{"p":"0301L00087000000","a":"1025 JONES AVE","m":"North Braddock","u":"L","o":"individual","sf":4183,"v":900}},{"type":"Feature","geometry":{"type":"Point","coordinates":[-79.85803,40.40834]},"properties":{"p":"0301K00148000000","a":"EAST ST","m":"North Braddock","u":"L","o":"individual","sf":8128,"v":2300}},{"type":"Feature","geometry":{"type":"Point","coordinates":[-79.85784,40.40851]},"properties":{"p":"0301K00151000000","a":"EAST ST","m":"North Braddock","u":"L","o":"individual","sf":4995,"v":4000}},{"type":"Feature","geometry":{"type":"Point","coordinates":[-79.85952,40.40788]},"properties":{"p":"0301K00170000000","a":"COALMONT ST","m":"North Braddock","u":"L","o":"individual","sf":37356,"v":6900}},{"type":"Feature","geometry":{"type":"Point","coordinates":[-79.85994,40.40777]},"properties":{"p":"0301K00174000000","a":"COALMONT ST","m":"North Braddock","u":"L","o":"individual","sf":12118,"v":4600}},{"type":"Feature","geometry":{"type":"Point","coordinates":[-79.8577,40.40741]},"properties":{"p":"0301K00010000000","a":"CLIFF ST","m":"North Braddock","u":"L","o":"individual","sf":1907,"v":500}},{"type":"Feature","geometry":{"type":"Point","coordinates":[-79.85775,40.40737]},"properties":{"p":"0301K00011000000","a":"CLIFF ST","m":"North Braddock","u":"L","o":"individual","sf":2100,"v":500}},{"type":"Feature","geometry":{"type":"Point","coordinates":[-79.85794,40.40718]},"properties":{"p":"0301K00015000000","a":"CLIFF ST","m":"North Braddock","u":"L","o":"corp","sf":2484,"v":600}},{"type":"Feature","geometry":{"type":"Point","coordinates":[-79.85946,40.40883]},"properties":{"p":"0301K00310000000","a":"CARL ST","m":"North Braddock","u":"L","o":"individual","sf":35916,"v":6800}},{"type":"Feature","geometry":{"type":"Point","coordinates":[-79.85941,40.40855]},"properties":{"p":"0301K00316000000","a":"COALMONT ST","m":"North Braddock","u":"L","o":"individual","sf":2343,"v":500}},{"type":"Feature","geometry":{"type":"Point","coordinates":[-79.85894,40.40883]},"properties":{"p":"0301K00317000000","a":"COALMONT ST","m":"North Braddock","u":"L","o":"individual","sf":23062,"v":5600}},{"type":"Feature","geometry":{"type":"Point","coordinates":[-79.85841,40.40882]},"properties":{"p":"0301K00325000000","a":"BENTON ST","m":"North Braddock","u":"L","o":"individual","sf":2700,"v":600}},{"type":"Feature","geometry":{"type":"Point","coordinates":[-79.85794,40.40882]},"properties":{"p":"0301K00330000000","a":"BENTON ST","m":"North Braddock","u":"L","o":"individual","sf":13200,"v":2700}},{"type":"Feature","geometry":{"type":"Point","coordinates":[-79.85658,40.40898]},"properties":{"p":"0301L00035000000","a":"6TH ST","m":"North Braddock","u":"L","o":"individual","sf":3550,"v":800}},{"type":"Feature","geometry":{"type":"Point","coordinates":[-79.85996,40.40722]},"properties":{"p":"0301K00118000000","a":"6TH ST","m":"North Braddock","u":"L","o":"corp","sf":13200,"v":4700}},{"type":"Feature","geometry":{"type":"Point","coordinates":[-79.85964,40.40736]},"properties":{"p":"0301K00123000000","a":"6TH ST","m":"North Braddock","u":"L","o":"individual","sf":5871,"v":4100}},{"type":"Feature","geometry":{"type":"Point","coordinates":[-79.85923,40.40759]},"properties":{"p":"0301K00128000000","a":"EAST ST","m":"North Braddock","u":"L","o":"individual","sf":15582,"v":5000}},{"type":"Feature","geometry":{"type":"Point","coordinates":[-79.85871,40.40797]},"properties":{"p":"0301K00136000000","a":"EAST ST","m":"North Braddock","u":"L","o":"individual","sf":6265,"v":2100}},{"type":"Feature","geometry":{"type":"Point","coordinates":[-79.85856,40.40809]},"properties":{"p":"0301K00138000000","a":"EAST ST","m":"North Braddock","u":"L","o":"individual","sf":9379,"v":4400}},{"type":"Feature","geometry":{"type":"Point","coordinates":[-79.85838,40.40823]},"properties":{"p":"0301K00143000000","a":"EAST ST","m":"North Braddock","u":"L","o":"individual","sf":9371,"v":4400}},{"type":"Feature","geometry":{"type":"Point","coordinates":[-79.84528,40.4042]},"properties":{"p":"0374N00092000000","a":"GRANT ST","m":"North Braddock","u":"L","o":"corp","sf":2750,"v":900}},{"type":"Feature","geometry":{"type":"Point","coordinates":[-79.84549,40.40459]},"properties":{"p":"0374N00097000000","a":"GRANT ST","m":"North Braddock","u":"L","o":"individual","sf":5500,"v":9100}},{"type":"Feature","geometry":{"type":"Point","coordinates":[-79.84565,40.40487]},"properties":{"p":"0374N00101000000","a":"GRANT ST","m":"North Braddock","u":"L","o":"individual","sf":2750,"v":2500}},{"type":"Feature","geometry":{"type":"Point","coordinates":[-79.85738,40.39897]},"properties":{"p":"0302L00211000000","a":"PACKER AVE","m":"North Braddock","u":"L","o":"individual","sf":2500,"v":600}},{"type":"Feature","geometry":{"type":"Point","coordinates":[-79.85746,40.399]},"properties":{"p":"0302L00212000000","a":"PACKER AVE","m":"North Braddock","u":"L","o":"individual","sf":2500,"v":3000}},{"type":"Feature","geometry":{"type":"Point","coordinates":[-79.85755,40.39862]},"properties":{"p":"0302L00217000000","a":"PACKER AVE","m":"North Braddock","u":"L","o":"corp","sf":2109,"v":500}},{"type":"Feature","geometry":{"type":"Point","coordinates":[-79.85747,40.3986]},"properties":{"p":"0302L00218000000","a":"PACKER AVE","m":"North Braddock","u":"L","o":"individual","sf":2000,"v":2800}},{"type":"Feature","geometry":{"type":"Point","coordinates":[-79.85739,40.39857]},"properties":{"p":"0302L00219000000","a":"PACKER AVE","m":"North Braddock","u":"L","o":"individual","sf":1866,"v":500}},{"type":"Feature","geometry":{"type":"Point","coordinates":[-79.85731,40.39854]},"properties":{"p":"0302L00220000000","a":"PACKER AVE","m":"North Braddock","u":"L","o":"individual","sf":1750,"v":400}},{"type":"Feature","geometry":{"type":"Point","coordinates":[-79.84688,40.40706]},"properties":{"p":"0374J00250000000","a":"PRESTON AVE","m":"North Braddock","u":"L","o":"individual","sf":4560,"v":1400}},{"type":"Feature","geometry":{"type":"Point","coordinates":[-79.84677,40.40701]},"properties":{"p":"0374J00252000000","a":"PRESTON AVE","m":"North Braddock","u":"L","o":"individual","sf":2304,"v":2100}},{"type":"Feature","geometry":{"type":"Point","coordinates":[-79.84366,40.40021]},"properties":{"p":"0375F00267000000","a":"WOLFE AVE","m":"North Braddock","u":"L","o":"individual","sf":6000,"v":9100}},{"type":"Feature","geometry":{"type":"Point","coordinates":[-79.85927,40.4006]},"properties":{"p":"0302F00146000000","a":"BELL AVE","m":"North Braddock","u":"L","o":"individual","sf":2040,"v":500}},{"type":"Feature","geometry":{"type":"Point","coordinates":[-79.85911,40.40049]},"properties":{"p":"0302F00148000000","a":"BELL AVE","m":"North Braddock","u":"L","o":"individual","sf":1625,"v":400}},{"type":"Feature","geometry":{"type":"Point","coordinates":[-79.85879,40.4002]},"properties":{"p":"0302F00152000000","a":"BELL AVE","m":"North Braddock","u":"L","o":"individual","sf":4355,"v":900}},{"type":"Feature","geometry":{"type":"Point","coordinates":[-79.84167,40.40175]},"properties":{"p":"0375B00109000000","a":"1614 BRINTON AVE","m":"North Braddock","u":"L","o":"individual","sf":3702,"v":3300}},{"type":"Feature","geometry":{"type":"Point","coordinates":[-79.84212,40.40244]},"properties":{"p":"0375B00123000000","a":"BRINTON AVE","m":"North Braddock","u":"L","o":"corp","sf":9265,"v":9400}},{"type":"Feature","geometry":{"type":"Point","coordinates":[-79.84222,40.40256]},"properties":{"p":"0375B00124000000","a":"BRINTON AVE","m":"North Braddock","u":"L","o":"individual","sf":2061,"v":700}},{"type":"Feature","geometry":{"type":"Point","coordinates":[-79.85846,40.4059]},"properties":{"p":"0301P00149000100","a":"CEMETERY RD","m":"North Braddock","u":"L","o":"individual","sf":2550,"v":600}},{"type":"Feature","geometry":{"type":"Point","coordinates":[-79.8576,40.40635]},"properties":{"p":"0301P00158000000","a":"JONES AVE","m":"North Braddock","u":"L","o":"individual","sf":3346,"v":3300}},{"type":"Feature","geometry":{"type":"Point","coordinates":[-79.84304,40.40633]},"properties":{"p":"0374P00106000000","a":"GRANDVIEW AVE","m":"North Braddock","u":"L","o":"individual","sf":10660,"v":9500}},{"type":"Feature","geometry":{"type":"Point","coordinates":[-79.84285,40.40605]},"properties":{"p":"0374P00110000000","a":"1307 GRANDVIEW AVE","m":"North Braddock","u":"L","o":"individual","sf":12108,"v":9600}},{"type":"Feature","geometry":{"type":"Point","coordinates":[-79.84254,40.40558]},"properties":{"p":"0374P00119000000","a":"GRANDVIEW AVE","m":"North Braddock","u":"L","o":"individual","sf":3800,"v":1200}},{"type":"Feature","geometry":{"type":"Point","coordinates":[-79.8565,40.3994]},"properties":{"p":"0302L00100000000","a":"BELL AVE","m":"North Braddock","u":"L","o":"individual","sf":1762,"v":2700}},{"type":"Feature","geometry":{"type":"Point","coordinates":[-79.85655,40.39942]},"properties":{"p":"0302L00101000000","a":"BELL AVE","m":"North Braddock","u":"L","o":"individual","sf":1760,"v":2700}},{"type":"Feature","geometry":{"type":"Point","coordinates":[-79.8566,40.39944]},"properties":{"p":"0302L00102000000","a":"BELL AVE","m":"North Braddock","u":"L","o":"individual","sf":1761,"v":2700}},{"type":"Feature","geometry":{"type":"Point","coordinates":[-79.84606,40.40985]},"properties":{"p":"0374E00196000000","a":"TURNER AVE","m":"North Braddock","u":"L","o":"individual","sf":6650,"v":9200}},{"type":"Feature","geometry":{"type":"Point","coordinates":[-79.84336,40.40497]},"properties":{"p":"0374P00205000000","a":"1910 SHERIDAN ST","m":"North Braddock","u":"L","o":"individual","sf":1550,"v":1400}},{"type":"Feature","geometry":{"type":"Point","coordinates":[-79.8459,40.40334]},"properties":{"p":"0375A00037000000","a":"VIOLET WAY","m":"North Braddock","u":"L","o":"individual","sf":22000,"v":10500}},{"type":"Feature","geometry":{"type":"Point","coordinates":[-79.84565,40.4029]},"properties":{"p":"0375A00045000000","a":"VIOLET WAY","m":"North Braddock","u":"L","o":"individual","sf":2500,"v":800}},{"type":"Feature","geometry":{"type":"Point","coordinates":[-79.8451,40.40146]},"properties":{"p":"0375A00071000000","a":"SHERMAN AVE","m":"North Braddock","u":"L","o":"corp","sf":117307,"v":14800}},{"type":"Feature","geometry":{"type":"Point","coordinates":[-79.84766,40.40411]},"properties":{"p":"0375A00198000000","a":"DUNBAR AVE","m":"North Braddock","u":"L","o":"corp","sf":25591,"v":10900}},{"type":"Feature","geometry":{"type":"Point","coordinates":[-79.84798,40.40385]},"properties":{"p":"0375A00200000000","a":"DUNBAR AVE","m":"North Braddock","u":"L","o":"individual","sf":7235,"v":9200}},{"type":"Feature","geometry":{"type":"Point","coordinates":[-79.8486,40.40413]},"properties":{"p":"0375A00212000000","a":"HOPE ST","m":"North Braddock","u":"L","o":"individual","sf":3233,"v":1000}},{"type":"Feature","geometry":{"type":"Point","coordinates":[-79.84911,40.40415]},"properties":{"p":"0375A00218000000","a":"HOPE ST","m":"North Braddock","u":"L","o":"individual","sf":5000,"v":9000}},{"type":"Feature","geometry":{"type":"Point","coordinates":[-79.84661,40.40701]},"properties":{"p":"0374J00253000000","a":"PRESTON AVE","m":"North Braddock","u":"L","o":"individual","sf":4570,"v":4100}},{"type":"Feature","geometry":{"type":"Point","coordinates":[-79.84642,40.40672]},"properties":{"p":"0374J00255000000","a":"PRESTON AVE","m":"North Braddock","u":"L","o":"individual","sf":6668,"v":9200}},{"type":"Feature","geometry":{"type":"Point","coordinates":[-79.84708,40.40675]},"properties":{"p":"0374J00268000000","a":"WOLFE AVE","m":"North Braddock","u":"L","o":"individual","sf":2640,"v":800}},{"type":"Feature","geometry":{"type":"Point","coordinates":[-79.84693,40.40461]},"properties":{"p":"0374N00172000000","a":"HANCOCK AVE","m":"North Braddock","u":"L","o":"individual","sf":3054,"v":1000}},{"type":"Feature","geometry":{"type":"Point","coordinates":[-79.85863,40.39994]},"properties":{"p":"0302F00156000000","a":"BELL AVE","m":"North Braddock","u":"L","o":"individual","sf":3900,"v":800}},{"type":"Feature","geometry":{"type":"Point","coordinates":[-79.85747,40.40031]},"properties":{"p":"0302G00162000000","a":"KIRKPATRICK AVE","m":"North Braddock","u":"L","o":"individual","sf":1758,"v":400}},{"type":"Feature","geometry":{"type":"Point","coordinates":[-79.84024,40.40361]},"properties":{"p":"0375C00116000000","a":"RIDGE AVE","m":"North Braddock","u":"L","o":"individual","sf":6000,"v":9100}},{"type":"Feature","geometry":{"type":"Point","coordinates":[-79.84088,40.40117]},"properties":{"p":"0375G00006000000","a":"BRINTON AVE","m":"North Braddock","u":"L","o":"individual","sf":5600,"v":9100}},{"type":"Feature","geometry":{"type":"Point","coordinates":[-79.84086,40.40107]},"properties":{"p":"0375G00008000000","a":"BRINTON AVE","m":"North Braddock","u":"L","o":"individual","sf":3045,"v":1000}},{"type":"Feature","geometry":{"type":"Point","coordinates":[-79.84085,40.401]},"properties":{"p":"0375G00009000000","a":"BRINTON AVE","m":"North Braddock","u":"L","o":"individual","sf":3205,"v":1000}},{"type":"Feature","geometry":{"type":"Point","coordinates":[-79.84088,40.40051]},"properties":{"p":"0375G00020000000","a":"1701 BRINTON AVE","m":"North Braddock","u":"L","o":"individual","sf":1050,"v":1000}},{"type":"Feature","geometry":{"type":"Point","coordinates":[-79.84313,40.40294]},"properties":{"p":"0375B00174000000","a":"WOLFE AVE","m":"North Braddock","u":"L","o":"individual","sf":9126,"v":9400}},{"type":"Feature","geometry":{"type":"Point","coordinates":[-79.84439,40.4071]},"properties":{"p":"0374K00322000000","a":"JOSEPHINE ST","m":"North Braddock","u":"L","o":"individual","sf":4800,"v":8800}},{"type":"Feature","geometry":{"type":"Point","coordinates":[-79.84419,40.40678]},"properties":{"p":"0374K00330000000","a":"JOHNSON ST","m":"North Braddock","u":"L","o":"individual","sf":9600,"v":9400}},{"type":"Feature","geometry":{"type":"Point","coordinates":[-79.8446,40.40674]},"properties":{"p":"0374K00339000000","a":"JOHNSON ST","m":"North Braddock","u":"L","o":"individual","sf":14400,"v":9900}},{"type":"Feature","geometry":{"type":"Point","coordinates":[-79.84011,40.40659]},"properties":{"p":"0374L00012000000","a":"ELECTRIC AVE","m":"North Braddock","u":"L","o":"corp","sf":3900,"v":800}},{"type":"Feature","geometry":{"type":"Point","coordinates":[-79.84093,40.40163]},"properties":{"p":"0375F00087000000","a":"BRINTON AVE","m":"North Braddock","u":"L","o":"individual","sf":2500,"v":800}},{"type":"Feature","geometry":{"type":"Point","coordinates":[-79.84103,40.40166]},"properties":{"p":"0375F00088000000","a":"BRINTON AVE","m":"North Braddock","u":"L","o":"individual","sf":2500,"v":800}},{"type":"Feature","geometry":{"type":"Point","coordinates":[-79.84145,40.4007]},"properties":{"p":"0375F00098000000","a":"RAVINE ST","m":"North Braddock","u":"L","o":"individual","sf":6395,"v":4600}},{"type":"Feature","geometry":{"type":"Point","coordinates":[-79.84792,40.40631]},"properties":{"p":"0374N00201000000","a":"CLIFFORD ST","m":"North Braddock","u":"L","o":"individual","sf":13000,"v":9700}},{"type":"Feature","geometry":{"type":"Point","coordinates":[-79.84798,40.40564]},"properties":{"p":"0374N00209000000","a":"DUNBAR AVE","m":"North Braddock","u":"L","o":"individual","sf":18371,"v":5200}},{"type":"Feature","geometry":{"type":"Point","coordinates":[-79.85839,40.40332]},"properties":{"p":"0302B00068000000","a":"SPRING ST","m":"North Braddock","u":"L","o":"individual","sf":3782,"v":800}},{"type":"Feature","geometry":{"type":"Point","coordinates":[-79.85864,40.40353]},"properties":{"p":"0302B00071000000","a":"SPRING ST","m":"North Braddock","u":"L","o":"individual","sf":2600,"v":600}},{"type":"Feature","geometry":{"type":"Point","coordinates":[-79.85877,40.40362]},"properties":{"p":"0302B00073000000","a":"SPRING ST","m":"North Braddock","u":"L","o":"individual","sf":2500,"v":600}},{"type":"Feature","geometry":{"type":"Point","coordinates":[-79.85895,40.40377]},"properties":{"p":"0302B00076000000","a":"SPRING ST","m":"North Braddock","u":"L","o":"corp","sf":2500,"v":600}},{"type":"Feature","geometry":{"type":"Point","coordinates":[-79.85907,40.40387]},"properties":{"p":"0302B00079000000","a":"SPRING ST","m":"North Braddock","u":"L","o":"individual","sf":7500,"v":4200}},{"type":"Feature","geometry":{"type":"Point","coordinates":[-79.85933,40.40408]},"properties":{"p":"0302B00082000000","a":"SPRING ST","m":"North Braddock","u":"L","o":"individual","sf":2807,"v":600}},{"type":"Feature","geometry":{"type":"Point","coordinates":[-79.84269,40.40451]},"properties":{"p":"0374P00151000000","a":"GRANDVIEW AVE","m":"North Braddock","u":"L","o":"individual","sf":3000,"v":900}},{"type":"Feature","geometry":{"type":"Point","coordinates":[-79.84472,40.39933]},"properties":{"p":"0375F00140000000","a":"LEWIS ST","m":"North Braddock","u":"L","o":"individual","sf":16132,"v":5000}},{"type":"Feature","geometry":{"type":"Point","coordinates":[-79.84307,40.39963]},"properties":{"p":"0375F00167000000","a":"WEILER ST","m":"North Braddock","u":"L","o":"individual","sf":15541,"v":5500}},{"type":"Feature","geometry":{"type":"Point","coordinates":[-79.84388,40.39964]},"properties":{"p":"0375F00173000000","a":"1620 WEILER ST","m":"North Braddock","u":"L","o":"individual","sf":2610,"v":6900}},{"type":"Feature","geometry":{"type":"Point","coordinates":[-79.84621,40.39703]},"properties":{"p":"0375J00042000000","a":"OCONNELL BLVD","m":"North Braddock","u":"L","o":"individual","sf":5000,"v":4000}},{"type":"Feature","geometry":{"type":"Point","coordinates":[-79.84614,40.39718]},"properties":{"p":"0375J00044000000","a":"OCONNELL BLVD","m":"North Braddock","u":"L","o":"individual","sf":6000,"v":4100}},{"type":"Feature","geometry":{"type":"Point","coordinates":[-79.84592,40.39764]},"properties":{"p":"0375J00050000000","a":"OCONNELL BLVD","m":"North Braddock","u":"L","o":"individual","sf":6000,"v":4100}},{"type":"Feature","geometry":{"type":"Point","coordinates":[-79.85816,40.40032]},"properties":{"p":"0302F00081000000","a":"BELL AVE","m":"North Braddock","u":"L","o":"individual","sf":2746,"v":3100}},{"type":"Feature","geometry":{"type":"Point","coordinates":[-79.84015,40.40211]},"properties":{"p":"0375C00024000000","a":"GRANDVIEW AVE","m":"North Braddock","u":"L","o":"individual","sf":2750,"v":900}},{"type":"Feature","geometry":{"type":"Point","coordinates":[-79.85815,40.40577]},"properties":{"p":"0301P00059000000","a":"LOCUST ST","m":"North Braddock","u":"L","o":"individual","sf":3660,"v":800}},{"type":"Feature","geometry":{"type":"Point","coordinates":[-79.85867,40.4055]},"properties":{"p":"0301P00066000000","a":"LOCUST ST","m":"North Braddock","u":"L","o":"individual","sf":5035,"v":4000}},{"type":"Feature","geometry":{"type":"Point","coordinates":[-79.85899,40.40546]},"properties":{"p":"0301P00070000000","a":"CHESTNUT ST","m":"North Braddock","u":"L","o":"individual","sf":312,"v":300}},{"type":"Feature","geometry":{"type":"Point","coordinates":[-79.8591,40.40531]},"properties":{"p":"0301P00073000000","a":"MILLER AVE","m":"North Braddock","u":"L","o":"individual","sf":1110,"v":300}},{"type":"Feature","geometry":{"type":"Point","coordinates":[-79.85897,40.40523]},"properties":{"p":"0301P00075000000","a":"LOCUST ST","m":"North Braddock","u":"L","o":"individual","sf":2071,"v":500}},{"type":"Feature","geometry":{"type":"Point","coordinates":[-79.84825,40.40597]},"properties":{"p":"0374N00332000000","a":"MARY ALY","m":"North Braddock","u":"L","o":"individual","sf":17500,"v":5600}},{"type":"Feature","geometry":{"type":"Point","coordinates":[-79.85842,40.39975]},"properties":{"p":"0374N00429000000","a":"REBECCA ST","m":"North Braddock","u":"L","o":"individual","sf":2013,"v":500}},{"type":"Feature","geometry":{"type":"Point","coordinates":[-79.84141,40.4061]},"properties":{"p":"0374P00017000000","a":"RIDGE AVE","m":"North Braddock","u":"L","o":"individual","sf":4218,"v":1300}},{"type":"Feature","geometry":{"type":"Point","coordinates":[-79.8413,40.406]},"properties":{"p":"0374P00019000000","a":"RIDGE AVE","m":"North Braddock","u":"L","o":"individual","sf":4252,"v":1300}},{"type":"Feature","geometry":{"type":"Point","coordinates":[-79.84121,40.40529]},"properties":{"p":"0374P00033000000","a":"RIDGE AVE","m":"North Braddock","u":"L","o":"corp","sf":1625,"v":1500}},{"type":"Feature","geometry":{"type":"Point","coordinates":[-79.84022,40.4009]},"properties":{"p":"0375G00106000000","a":"GRANDVIEW AVE","m":"North Braddock","u":"L","o":"individual","sf":4789,"v":1400}},{"type":"Feature","geometry":{"type":"Point","coordinates":[-79.84037,40.40094]},"properties":{"p":"0375G00107000000","a":"GRANDVIEW AVE","m":"North Braddock","u":"L","o":"individual","sf":2044,"v":1800}},{"type":"Feature","geometry":{"type":"Point","coordinates":[-79.84678,40.39586]},"properties":{"p":"0375N00128000000","a":"OCONNELL BLVD","m":"North Braddock","u":"L","o":"individual","sf":5000,"v":4000}},{"type":"Feature","geometry":{"type":"Point","coordinates":[-79.84685,40.39572]},"properties":{"p":"0375N00130000000","a":"RAVINE ST","m":"North Braddock","u":"L","o":"individual","sf":2000,"v":500}},{"type":"Feature","geometry":{"type":"Point","coordinates":[-79.84689,40.39563]},"properties":{"p":"0375N00132000000","a":"OCONNELL BLVD","m":"North Braddock","u":"L","o":"individual","sf":2700,"v":600}},{"type":"Feature","geometry":{"type":"Point","coordinates":[-79.84529,40.39675]},"properties":{"p":"0375N00192000000","a":"TERRACE ST","m":"North Braddock","u":"L","o":"corp","sf":23330,"v":3700}},{"type":"Feature","geometry":{"type":"Point","coordinates":[-79.84555,40.39647]},"properties":{"p":"0375N00194000000","a":"TERRACE ST","m":"North Braddock","u":"L","o":"corp","sf":5171,"v":2000}},{"type":"Feature","geometry":{"type":"Point","coordinates":[-79.84545,40.39599]},"properties":{"p":"0375N00200000000","a":"BELL AVE","m":"North Braddock","u":"L","o":"corp","sf":3655,"v":1500}},{"type":"Feature","geometry":{"type":"Point","coordinates":[-79.84434,40.40344]},"properties":{"p":"0375B00228000000","a":"WOLFE AVE","m":"North Braddock","u":"L","o":"individual","sf":2750,"v":900}},{"type":"Feature","geometry":{"type":"Point","coordinates":[-79.84126,40.40013]},"properties":{"p":"0375F00021000000","a":"BRINTON AVE","m":"North Braddock","u":"L","o":"corp","sf":5402,"v":4500}},{"type":"Feature","geometry":{"type":"Point","coordinates":[-79.85847,40.4008]},"properties":{"p":"0302F00088000000","a":"ROBINSON ST","m":"North Braddock","u":"L","o":"individual","sf":2028,"v":2800}},{"type":"Feature","geometry":{"type":"Point","coordinates":[-79.85604,40.40004]},"properties":{"p":"0302G00106000000","a":"KIRKPATRICK AVE","m":"North Braddock","u":"L","o":"individual","sf":2750,"v":600}},{"type":"Feature","geometry":{"type":"Point","coordinates":[-79.85615,40.40009]},"properties":{"p":"0302G00108000000","a":"KIRKPATRICK AVE","m":"North Braddock","u":"L","o":"individual","sf":5500,"v":4100}},{"type":"Feature","geometry":{"type":"Point","coordinates":[-79.85618,40.39837]},"properties":{"p":"0302L00194000000","a":"BESSEMER AVE","m":"North Braddock","u":"L","o":"individual","sf":2510,"v":600}},{"type":"Feature","geometry":{"type":"Point","coordinates":[-79.85626,40.39839]},"properties":{"p":"0302L00195000000","a":"BESSEMER AVE","m":"North Braddock","u":"L","o":"individual","sf":2463,"v":600}},{"type":"Feature","geometry":{"type":"Point","coordinates":[-79.84205,40.4015]},"properties":{"p":"0375F00238000000","a":"WOLFE AVE","m":"North Braddock","u":"L","o":"corp","sf":9212,"v":4900}},{"type":"Feature","geometry":{"type":"Point","coordinates":[-79.84193,40.40128]},"properties":{"p":"0375F00242000000","a":"WOLFE AVE","m":"North Braddock","u":"L","o":"corp","sf":1722,"v":1600}},{"type":"Feature","geometry":{"type":"Point","coordinates":[-79.84251,40.40055]},"properties":{"p":"0375F00253000000","a":"WOLFE AVE","m":"North Braddock","u":"L","o":"individual","sf":3000,"v":900}},{"type":"Feature","geometry":{"type":"Point","coordinates":[-79.84261,40.4005]},"properties":{"p":"0375F00255000000","a":"WOLFE AVE","m":"North Braddock","u":"L","o":"individual","sf":5687,"v":9100}},{"type":"Feature","geometry":{"type":"Point","coordinates":[-79.84184,40.40276]},"properties":{"p":"0375B00089000000","a":"BRINTON AVE","m":"North Braddock","u":"L","o":"individual","sf":2500,"v":800}},{"type":"Feature","geometry":{"type":"Point","coordinates":[-79.85964,40.40516]},"properties":{"p":"0301P00133000000","a":"GRAPE WAY","m":"North Braddock","u":"L","o":"individual","sf":2600,"v":1000}},{"type":"Feature","geometry":{"type":"Point","coordinates":[-79.8432,40.40734]},"properties":{"p":"0374K00227000000","a":"RIDGE AVE","m":"North Braddock","u":"L","o":"individual","sf":2500,"v":800}},{"type":"Feature","geometry":{"type":"Point","coordinates":[-79.84311,40.40721]},"properties":{"p":"0374K00229000000","a":"RIDGE AVE","m":"North Braddock","u":"L","o":"individual","sf":2500,"v":800}},{"type":"Feature","geometry":{"type":"Point","coordinates":[-79.84163,40.40507]},"properties":{"p":"0374P00069000000","a":"RIDGE AVE","m":"North Braddock","u":"L","o":"individual","sf":3645,"v":1100}},{"type":"Feature","geometry":{"type":"Point","coordinates":[-79.85431,40.39844]},"properties":{"p":"0302L00070000000","a":"BELL AVE","m":"North Braddock","u":"L","o":"individual","sf":1415,"v":600}},{"type":"Feature","geometry":{"type":"Point","coordinates":[-79.85423,40.39858]},"properties":{"p":"0302L00070000A00","a":"BELL AVE","m":"North Braddock","u":"L","o":"individual","sf":1336,"v":400}},{"type":"Feature","geometry":{"type":"Point","coordinates":[-79.8544,40.39846]},"properties":{"p":"0302L00071000000","a":"BELL AVE","m":"North Braddock","u":"L","o":"individual","sf":1321,"v":400}},{"type":"Feature","geometry":{"type":"Point","coordinates":[-79.85432,40.3986]},"properties":{"p":"0302L00072000000","a":"BELL AVE","m":"North Braddock","u":"L","o":"individual","sf":1430,"v":400}},{"type":"Feature","geometry":{"type":"Point","coordinates":[-79.8546,40.39862]},"properties":{"p":"0302L00076000000","a":"BELL AVE","m":"North Braddock","u":"L","o":"individual","sf":13750,"v":2800}},{"type":"Feature","geometry":{"type":"Point","coordinates":[-79.85487,40.39866]},"properties":{"p":"0302L00077000000","a":"BELL AVE","m":"North Braddock","u":"L","o":"individual","sf":2750,"v":600}},{"type":"Feature","geometry":{"type":"Point","coordinates":[-79.85488,40.39881]},"properties":{"p":"0302L00078000000","a":"ORCHARD ST","m":"North Braddock","u":"L","o":"individual","sf":1138,"v":300}},{"type":"Feature","geometry":{"type":"Point","coordinates":[-79.85496,40.39867]},"properties":{"p":"0302L00079000000","a":"BELL AVE","m":"North Braddock","u":"L","o":"individual","sf":1638,"v":700}},{"type":"Feature","geometry":{"type":"Point","coordinates":[-79.85504,40.3987]},"properties":{"p":"0302L00080000000","a":"BELL AVE","m":"North Braddock","u":"L","o":"individual","sf":1538,"v":400}},{"type":"Feature","geometry":{"type":"Point","coordinates":[-79.85518,40.39868]},"properties":{"p":"0302L00082000000","a":"BELL AVE","m":"North Braddock","u":"L","o":"individual","sf":8018,"v":4300}},{"type":"Feature","geometry":{"type":"Point","coordinates":[-79.85532,40.39901]},"properties":{"p":"0302L00085000000","a":"BELL AVE","m":"North Braddock","u":"L","o":"individual","sf":8102,"v":4300}},{"type":"Feature","geometry":{"type":"Point","coordinates":[-79.84171,40.3997]},"properties":{"p":"0375F00028000000","a":"WILSON ST","m":"North Braddock","u":"L","o":"individual","sf":5540,"v":4100}},{"type":"Feature","geometry":{"type":"Point","coordinates":[-79.85639,40.39843]},"properties":{"p":"0302L00197000000","a":"BESSEMER AVE","m":"North Braddock","u":"L","o":"individual","sf":4925,"v":4000}},{"type":"Feature","geometry":{"type":"Point","coordinates":[-79.85656,40.39847]},"properties":{"p":"0302L00199000000","a":"BESSEMER AVE","m":"North Braddock","u":"L","o":"individual","sf":4925,"v":1000}},{"type":"Feature","geometry":{"type":"Point","coordinates":[-79.85668,40.39851]},"properties":{"p":"0302L00200000000","a":"BESSEMER AVE","m":"North Braddock","u":"L","o":"individual","sf":2463,"v":600}},{"type":"Feature","geometry":{"type":"Point","coordinates":[-79.85683,40.39855]},"properties":{"p":"0302L00203000000","a":"BESSEMER AVE","m":"North Braddock","u":"L","o":"individual","sf":5399,"v":4000}},{"type":"Feature","geometry":{"type":"Point","coordinates":[-79.85699,40.3988]},"properties":{"p":"0302L00206000000","a":"PACKER AVE","m":"North Braddock","u":"L","o":"individual","sf":2500,"v":600}},{"type":"Feature","geometry":{"type":"Point","coordinates":[-79.85707,40.39883]},"properties":{"p":"0302L00207000000","a":"PACKER AVE","m":"North Braddock","u":"L","o":"individual","sf":2500,"v":3000}},{"type":"Feature","geometry":{"type":"Point","coordinates":[-79.84613,40.40693]},"properties":{"p":"0374J00176000000","a":"1111 PRESTON AVE","m":"North Braddock","u":"L","o":"individual","sf":4800,"v":1400}},{"type":"Feature","geometry":{"type":"Point","coordinates":[-79.84641,40.40725]},"properties":{"p":"0374J00181000000","a":"PRESTON AVE","m":"North Braddock","u":"L","o":"individual","sf":6530,"v":1900}},{"type":"Feature","geometry":{"type":"Point","coordinates":[-79.84527,40.398]},"properties":{"p":"0375K00040000000","a":"OCONNELL BLVD","m":"North Braddock","u":"L","o":"individual","sf":205220,"v":22400}},{"type":"Feature","geometry":{"type":"Point","coordinates":[-79.84414,40.39864]},"properties":{"p":"0375K00045000000","a":"1407 TERRACE ST","m":"North Braddock","u":"L","o":"individual","sf":5210,"v":2000}},{"type":"Feature","geometry":{"type":"Point","coordinates":[-79.84371,40.39883]},"properties":{"p":"0375K00049000000","a":"TERRACE ST","m":"North Braddock","u":"L","o":"corp","sf":3290,"v":1300}},{"type":"Feature","geometry":{"type":"Point","coordinates":[-79.84347,40.39899]},"properties":{"p":"0375K00052000000","a":"TERRACE ST","m":"North Braddock","u":"L","o":"individual","sf":4310,"v":1700}},{"type":"Feature","geometry":{"type":"Point","coordinates":[-79.85973,40.40094]},"properties":{"p":"0302F00140000100","a":"BELL AVE","m":"North Braddock","u":"L","o":"individual","sf":1950,"v":500}},{"type":"Feature","geometry":{"type":"Point","coordinates":[-79.85679,40.39952]},"properties":{"p":"0302G00145000000","a":"BELL AVE","m":"North Braddock","u":"L","o":"individual","sf":2750,"v":600}},{"type":"Feature","geometry":{"type":"Point","coordinates":[-79.84144,40.40222]},"properties":{"p":"0375B00097000000","a":"BRINTON AVE","m":"North Braddock","u":"L","o":"individual","sf":2897,"v":900}},{"type":"Feature","geometry":{"type":"Point","coordinates":[-79.8413,40.40219]},"properties":{"p":"0375B00099000000","a":"BRINTON AVE","m":"North Braddock","u":"L","o":"individual","sf":1891,"v":600}},{"type":"Feature","geometry":{"type":"Point","coordinates":[-79.85947,40.40546]},"properties":{"p":"0301P00136000000","a":"JONES AVE","m":"North Braddock","u":"L","o":"individual","sf":13988,"v":4800}},{"type":"Feature","geometry":{"type":"Point","coordinates":[-79.85917,40.40558]},"properties":{"p":"0301P00141000000","a":"JONES AVE","m":"North Braddock","u":"L","o":"individual","sf":3355,"v":700}},{"type":"Feature","geometry":{"type":"Point","coordinates":[-79.85872,40.40578]},"properties":{"p":"0301P00146000000","a":"JONES AVE","m":"North Braddock","u":"L","o":"individual","sf":3195,"v":700}},{"type":"Feature","geometry":{"type":"Point","coordinates":[-79.85223,40.4045]},"properties":{"p":"0301S00087000000","a":"ERMA ST","m":"North Braddock","u":"L","o":"individual","sf":2400,"v":800}},{"type":"Feature","geometry":{"type":"Point","coordinates":[-79.85209,40.40442]},"properties":{"p":"0301S00089000000","a":"ERMA ST","m":"North Braddock","u":"L","o":"individual","sf":2400,"v":800}},{"type":"Feature","geometry":{"type":"Point","coordinates":[-79.85203,40.40438]},"properties":{"p":"0301S00090000000","a":"ERMA ST","m":"North Braddock","u":"L","o":"individual","sf":2400,"v":800}},{"type":"Feature","geometry":{"type":"Point","coordinates":[-79.85189,40.4043]},"properties":{"p":"0301S00092000000","a":"ERMA ST","m":"North Braddock","u":"L","o":"individual","sf":2400,"v":800}},{"type":"Feature","geometry":{"type":"Point","coordinates":[-79.84007,40.40407]},"properties":{"p":"0374R00025000000","a":"BEECH ST","m":"North Braddock","u":"L","o":"individual","sf":6000,"v":4500}},{"type":"Feature","geometry":{"type":"Point","coordinates":[-79.84019,40.40515]},"properties":{"p":"0374R00047000000","a":"BEECH ST","m":"North Braddock","u":"L","o":"corp","sf":9558,"v":2800}},{"type":"Feature","geometry":{"type":"Point","coordinates":[-79.84025,40.4054]},"properties":{"p":"0374R00048000000","a":"BEECH ST","m":"North Braddock","u":"L","o":"individual","sf":4182,"v":3800}},{"type":"Feature","geometry":{"type":"Point","coordinates":[-79.84089,40.4063]},"properties":{"p":"0374R00057000000","a":"OAK ST","m":"North Braddock","u":"L","o":"individual","sf":2140,"v":2900}},{"type":"Feature","geometry":{"type":"Point","coordinates":[-79.85241,40.40783]},"properties":{"p":"0301M00126000000","a":"TOWNSHIP RD","m":"North Braddock","u":"L","o":"individual","sf":10801,"v":4500}},{"type":"Feature","geometry":{"type":"Point","coordinates":[-79.85259,40.40809]},"properties":{"p":"0301M00129000000","a":"WEBER ST","m":"North Braddock","u":"L","o":"individual","sf":6000,"v":4100}},{"type":"Feature","geometry":{"type":"Point","coordinates":[-79.85272,40.40819]},"properties":{"p":"0301M00131000000","a":"WEBER ST","m":"North Braddock","u":"L","o":"individual","sf":4000,"v":3600}},{"type":"Feature","geometry":{"type":"Point","coordinates":[-79.84784,40.40807]},"properties":{"p":"0374J00207000000","a":"PRESTON AVE","m":"North Braddock","u":"L","o":"individual","sf":44327,"v":8100}},{"type":"Feature","geometry":{"type":"Point","coordinates":[-79.84827,40.40784]},"properties":{"p":"0374J00228000000","a":"PRESTON AVE","m":"North Braddock","u":"L","o":"individual","sf":25968,"v":10900}},{"type":"Feature","geometry":{"type":"Point","coordinates":[-79.84653,40.40465]},"properties":{"p":"0374N00142000000","a":"HOPE ST","m":"North Braddock","u":"L","o":"individual","sf":6196,"v":4600}},{"type":"Feature","geometry":{"type":"Point","coordinates":[-79.84679,40.4051]},"properties":{"p":"0374N00148000000","a":"1307 HANCOCK AVE","m":"North Braddock","u":"L","o":"individual","sf":2500,"v":2300}},{"type":"Feature","geometry":{"type":"Point","coordinates":[-79.85695,40.3996]},"properties":{"p":"0302G00147000000","a":"BELL AVE","m":"North Braddock","u":"L","o":"individual","sf":2750,"v":3100}},{"type":"Feature","geometry":{"type":"Point","coordinates":[-79.85719,40.3997]},"properties":{"p":"0302G00150000000","a":"1307 BELL AVE","m":"North Braddock","u":"L","o":"individual","sf":2904,"v":700}},{"type":"Feature","geometry":{"type":"Point","coordinates":[-79.85731,40.39976]},"properties":{"p":"0302G00152000000","a":"BELL AVE","m":"North Braddock","u":"L","o":"individual","sf":5795,"v":4100}},{"type":"Feature","geometry":{"type":"Point","coordinates":[-79.85753,40.39987]},"properties":{"p":"0302G00154000000","a":"BELL AVE","m":"North Braddock","u":"L","o":"individual","sf":2445,"v":600}},{"type":"Feature","geometry":{"type":"Point","coordinates":[-79.85752,40.39999]},"properties":{"p":"0302G00156000000","a":"BELL AVE","m":"North Braddock","u":"L","o":"individual","sf":945,"v":300}},{"type":"Feature","geometry":{"type":"Point","coordinates":[-79.85758,40.40022]},"properties":{"p":"0302G00158000000","a":"KIRKPATRICK AVE","m":"North Braddock","u":"L","o":"individual","sf":1200,"v":300}},{"type":"Feature","geometry":{"type":"Point","coordinates":[-79.84253,40.40172]},"properties":{"p":"0375F00338000000","a":"WOLFE AVE","m":"North Braddock","u":"L","o":"corp","sf":2769,"v":2500}},{"type":"Feature","geometry":{"type":"Point","coordinates":[-79.84332,40.40133]},"properties":{"p":"0375F00350000000","a":"1702 SHANNON ST","m":"North Braddock","u":"L","o":"individual","sf":13548,"v":9800}},{"type":"Feature","geometry":{"type":"Point","coordinates":[-79.84236,40.39905]},"properties":{"p":"0375K00090000000","a":"MURDOUGH ST","m":"North Braddock","u":"L","o":"individual","sf":2500,"v":600}},{"type":"Feature","geometry":{"type":"Point","coordinates":[-79.8434,40.40377]},"properties":{"p":"0375B00146000000","a":"BRINTON AVE","m":"North Braddock","u":"L","o":"individual","sf":5500,"v":4000}},{"type":"Feature","geometry":{"type":"Point","coordinates":[-79.8439,40.40377]},"properties":{"p":"0375B00158000000","a":"WOLFE AVE","m":"North Braddock","u":"L","o":"corp","sf":5500,"v":300}},{"type":"Feature","geometry":{"type":"Point","coordinates":[-79.84381,40.4036]},"properties":{"p":"0375B00161000000","a":"WOLFE AVE","m":"North Braddock","u":"L","o":"corp","sf":2750,"v":100}},{"type":"Feature","geometry":{"type":"Point","coordinates":[-79.85953,40.40581]},"properties":{"p":"0301P00180000000","a":"JONES AVE","m":"North Braddock","u":"L","o":"corp","sf":1544,"v":600}},{"type":"Feature","geometry":{"type":"Point","coordinates":[-79.85965,40.40593]},"properties":{"p":"0301P00181000000","a":"MILLER AVE","m":"North Braddock","u":"L","o":"individual","sf":1945,"v":500}},{"type":"Feature","geometry":{"type":"Point","coordinates":[-79.85978,40.40577]},"properties":{"p":"0301P00184000000","a":"JONES AVE","m":"North Braddock","u":"L","o":"corp","sf":3170,"v":700}},{"type":"Feature","geometry":{"type":"Point","coordinates":[-79.84488,40.4079]},"properties":{"p":"0374K00304000000","a":"TAYLOR ST","m":"North Braddock","u":"L","o":"corp","sf":2310,"v":2100}},{"type":"Feature","geometry":{"type":"Point","coordinates":[-79.84492,40.40798]},"properties":{"p":"0374K00305000000","a":"TAYLOR ST","m":"North Braddock","u":"L","o":"individual","sf":2331,"v":800}},{"type":"Feature","geometry":{"type":"Point","coordinates":[-79.84502,40.40802]},"properties":{"p":"0374K00307000000","a":"TAYLOR ST","m":"North Braddock","u":"L","o":"individual","sf":2424,"v":2200}},{"type":"Feature","geometry":{"type":"Point","coordinates":[-79.84135,40.40039]},"properties":{"p":"0375F00070000000","a":"TERRACE ST","m":"North Braddock","u":"L","o":"individual","sf":6079,"v":9100}},{"type":"Feature","geometry":{"type":"Point","coordinates":[-79.84129,40.40069]},"properties":{"p":"0375F00074000000","a":"BRINTON AVE","m":"North Braddock","u":"L","o":"individual","sf":5447,"v":4500}},{"type":"Feature","geometry":{"type":"Point","coordinates":[-79.85973,40.40655]},"properties":{"p":"0301P00303000000","a":"911 CLIFF ST","m":"North Braddock","u":"L","o":"individual","sf":2499,"v":600}},{"type":"Feature","geometry":{"type":"Point","coordinates":[-79.85919,40.40668]},"properties":{"p":"0301P00310000000","a":"CLIFF ST","m":"North Braddock","u":"L","o":"individual","sf":746,"v":200}},{"type":"Feature","geometry":{"type":"Point","coordinates":[-79.84379,40.40451]},"properties":{"p":"0374P00235000000","a":"BRINTON AVE","m":"North Braddock","u":"L","o":"individual","sf":2750,"v":2500}},{"type":"Feature","geometry":{"type":"Point","coordinates":[-79.84391,40.40471]},"properties":{"p":"0374P00238000000","a":"BRINTON AVE","m":"North Braddock","u":"L","o":"corp","sf":1488,"v":500}},{"type":"Feature","geometry":{"type":"Point","coordinates":[-79.84392,40.40476]},"properties":{"p":"0374P00239000000","a":"BRINTON AVE","m":"North Braddock","u":"L","o":"individual","sf":2133,"v":700}},{"type":"Feature","geometry":{"type":"Point","coordinates":[-79.84104,40.40318]},"properties":{"p":"0375B00028000000","a":"1527 GRANDVIEW AVE","m":"North Braddock","u":"L","o":"individual","sf":2500,"v":2300}},{"type":"Feature","geometry":{"type":"Point","coordinates":[-79.84199,40.39916]},"properties":{"p":"0375K00094000000","a":"MURDOUGH ST","m":"North Braddock","u":"L","o":"individual","sf":5000,"v":4000}},{"type":"Feature","geometry":{"type":"Point","coordinates":[-79.84186,40.3992]},"properties":{"p":"0375K00096000000","a":"MURDOUGH ST","m":"North Braddock","u":"L","o":"individual","sf":2500,"v":600}},{"type":"Feature","geometry":{"type":"Point","coordinates":[-79.85974,40.4007]},"properties":{"p":"0302F00199000000","a":"REBECCA ST","m":"North Braddock","u":"L","o":"individual","sf":1950,"v":500}},{"type":"Feature","geometry":{"type":"Point","coordinates":[-79.8577,40.39868]},"properties":{"p":"0302K00019000000","a":"PACKER AVE","m":"North Braddock","u":"L","o":"individual","sf":2352,"v":500}},{"type":"Feature","geometry":{"type":"Point","coordinates":[-79.85795,40.39876]},"properties":{"p":"0302K00022000000","a":"PACKER AVE","m":"North Braddock","u":"L","o":"corp","sf":2900,"v":3200}},{"type":"Feature","geometry":{"type":"Point","coordinates":[-79.85807,40.39874]},"properties":{"p":"0302K00023000000","a":"PACKER AVE","m":"North Braddock","u":"L","o":"individual","sf":2838,"v":3100}},{"type":"Feature","geometry":{"type":"Point","coordinates":[-79.85821,40.39876]},"properties":{"p":"0302K00028000000","a":"13TH ST","m":"North Braddock","u":"L","o":"individual","sf":2596,"v":600}},{"type":"Feature","geometry":{"type":"Point","coordinates":[-79.85779,40.40283]},"properties":{"p":"0302B00050000000","a":"SPRING ST","m":"North Braddock","u":"L","o":"individual","sf":4082,"v":900}},{"type":"Feature","geometry":{"type":"Point","coordinates":[-79.85813,40.40296]},"properties":{"p":"0302B00064000000","a":"SPRING ST","m":"North Braddock","u":"L","o":"corp","sf":14039,"v":4800}},{"type":"Feature","geometry":{"type":"Point","coordinates":[-79.85804,40.40065]},"properties":{"p":"0302F00062000000","a":"KIRKPATRICK AVE","m":"North Braddock","u":"L","o":"individual","sf":3138,"v":700}},{"type":"Feature","geometry":{"type":"Point","coordinates":[-79.84116,40.40265]},"properties":{"p":"0375B00035000000","a":"GRANDVIEW AVE","m":"North Braddock","u":"L","o":"individual","sf":2500,"v":6800}},{"type":"Feature","geometry":{"type":"Point","coordinates":[-79.84058,40.40176]},"properties":{"p":"0375C00013000000","a":"GRANDVIEW AVE","m":"North Braddock","u":"L","o":"individual","sf":2934,"v":7100}},{"type":"Feature","geometry":{"type":"Point","coordinates":[-79.8588,40.40442]},"properties":{"p":"0301P00031000000","a":"LOCUST ST","m":"North Braddock","u":"L","o":"individual","sf":9581,"v":4400}},{"type":"Feature","geometry":{"type":"Point","coordinates":[-79.85792,40.40555]},"properties":{"p":"0301P00049000000","a":"LOCUST ST","m":"North Braddock","u":"L","o":"individual","sf":4069,"v":900}},{"type":"Feature","geometry":{"type":"Point","coordinates":[-79.84915,40.40451]},"properties":{"p":"0374N00316000000","a":"SEAMAN ST","m":"North Braddock","u":"L","o":"individual","sf":33676,"v":11600}},{"type":"Feature","geometry":{"type":"Point","coordinates":[-79.84856,40.40557]},"properties":{"p":"0374N00325000000","a":"MARY ALY","m":"North Braddock","u":"L","o":"individual","sf":1560,"v":500}},{"type":"Feature","geometry":{"type":"Point","coordinates":[-79.84439,40.40461]},"properties":{"p":"0374P00278000000","a":"WOLFE AVE","m":"North Braddock","u":"L","o":"individual","sf":2750,"v":900}},{"type":"Feature","geometry":{"type":"Point","coordinates":[-79.84702,40.39623]},"properties":{"p":"0375N00100000000","a":"OCONNELL BLVD","m":"North Braddock","u":"L","o":"individual","sf":3287,"v":700}},{"type":"Feature","geometry":{"type":"Point","coordinates":[-79.84703,40.39661]},"properties":{"p":"0375N00104000000","a":"OCONNELL BLVD","m":"North Braddock","u":"L","o":"corp","sf":2557,"v":1000}},{"type":"Feature","geometry":{"type":"Point","coordinates":[-79.84682,40.3968]},"properties":{"p":"0375N00108000000","a":"OCONNELL BLVD","m":"North Braddock","u":"L","o":"individual","sf":5000,"v":2000}},{"type":"Feature","geometry":{"type":"Point","coordinates":[-79.84627,40.3969]},"properties":{"p":"0375N00112000000","a":"OCONNELL BLVD","m":"North Braddock","u":"L","o":"individual","sf":5000,"v":4000}},{"type":"Feature","geometry":{"type":"Point","coordinates":[-79.84634,40.39676]},"properties":{"p":"0375N00114000000","a":"OCONNELL BLVD","m":"North Braddock","u":"L","o":"individual","sf":5000,"v":4200}},{"type":"Feature","geometry":{"type":"Point","coordinates":[-79.84638,40.39666]},"properties":{"p":"0375N00115000000","a":"OCONNELL BLVD","m":"North Braddock","u":"L","o":"individual","sf":2500,"v":600}},{"type":"Feature","geometry":{"type":"Point","coordinates":[-79.84653,40.39657]},"properties":{"p":"0375N00118000000","a":"OCONNELL BLVD","m":"North Braddock","u":"L","o":"individual","sf":2869,"v":600}},{"type":"Feature","geometry":{"type":"Point","coordinates":[-79.84665,40.39612]},"properties":{"p":"0375N00124000000","a":"OCONNELL BLVD","m":"North Braddock","u":"L","o":"individual","sf":2500,"v":1000}},{"type":"Feature","geometry":{"type":"Point","coordinates":[-79.8467,40.39602]},"properties":{"p":"0375N00125000000","a":"OCONNELL BLVD","m":"North Braddock","u":"L","o":"individual","sf":2718,"v":1100}},{"type":"Feature","geometry":{"type":"Point","coordinates":[-79.85411,40.39782]},"properties":{"p":"0302L00175000000","a":"BESSEMER AVE","m":"North Braddock","u":"L","o":"individual","sf":43608,"v":5600}},{"type":"Feature","geometry":{"type":"Point","coordinates":[-79.85467,40.39797]},"properties":{"p":"0302L00178000000","a":"BESSEMER AVE","m":"North Braddock","u":"L","o":"corp","sf":7500,"v":2200}},{"type":"Feature","geometry":{"type":"Point","coordinates":[-79.85536,40.39813]},"properties":{"p":"0302L00186000000","a":"BESSEMER AVE","m":"North Braddock","u":"L","o":"individual","sf":7500,"v":4200}},{"type":"Feature","geometry":{"type":"Point","coordinates":[-79.8427,40.40011]},"properties":{"p":"0375F00209000000","a":"WEILER ST","m":"North Braddock","u":"L","o":"corp","sf":2625,"v":6900}},{"type":"Feature","geometry":{"type":"Point","coordinates":[-79.84252,40.40015]},"properties":{"p":"0375F00210000000","a":"WEILER ST","m":"North Braddock","u":"L","o":"corp","sf":5680,"v":4600}},{"type":"Feature","geometry":{"type":"Point","coordinates":[-79.84226,40.40021]},"properties":{"p":"0375F00212000000","a":"RAVINE ST","m":"North Braddock","u":"L","o":"corp","sf":10472,"v":5000}},{"type":"Feature","geometry":{"type":"Point","coordinates":[-79.84155,40.40124]},"properties":{"p":"0375F00229000000","a":"BRINTON AVE","m":"North Braddock","u":"L","o":"individual","sf":24961,"v":7100}},{"type":"Feature","geometry":{"type":"Point","coordinates":[-79.8462,40.39809]},"properties":{"p":"0375J00098000000","a":"OCONNELL BLVD","m":"North Braddock","u":"L","o":"individual","sf":5000,"v":2000}},{"type":"Feature","geometry":{"type":"Point","coordinates":[-79.85871,40.40223]},"properties":{"p":"0302B00237000000","a":"CROSBY ST","m":"North Braddock","u":"L","o":"individual","sf":3060,"v":3200}},{"type":"Feature","geometry":{"type":"Point","coordinates":[-79.85863,40.40218]},"properties":{"p":"0302B00239000000","a":"CROSBY ST","m":"North Braddock","u":"L","o":"corp","sf":3060,"v":3200}},{"type":"Feature","geometry":{"type":"Point","coordinates":[-79.85855,40.40212]},"properties":{"p":"0302B00241000000","a":"CROSBY ST","m":"North Braddock","u":"L","o":"individual","sf":3060,"v":700}},{"type":"Feature","geometry":{"type":"Point","coordinates":[-79.8584,40.40201]},"properties":{"p":"0302B00245000000","a":"1113 CROSBY ST","m":"North Braddock","u":"L","o":"individual","sf":3060,"v":700}},{"type":"Feature","geometry":{"type":"Point","coordinates":[-79.85831,40.40195]},"properties":{"p":"0302B00247000000","a":"CROSBY ST","m":"North Braddock","u":"L","o":"individual","sf":3570,"v":800}},{"type":"Feature","geometry":{"type":"Point","coordinates":[-79.84259,40.40346]},"properties":{"p":"0375B00076000000","a":"BRINTON AVE","m":"North Braddock","u":"L","o":"individual","sf":2500,"v":800}},{"type":"Feature","geometry":{"type":"Point","coordinates":[-79.84408,40.40884]},"properties":{"p":"0374K00190000000","a":"MCCULLY AVE","m":"North Braddock","u":"L","o":"corp","sf":56192,"v":9200}},{"type":"Feature","geometry":{"type":"Point","coordinates":[-79.84428,40.40845]},"properties":{"p":"0374K00203000000","a":"MCCULLY AVE","m":"North Braddock","u":"L","o":"individual","sf":4800,"v":4300}},{"type":"Feature","geometry":{"type":"Point","coordinates":[-79.84412,40.40842]},"properties":{"p":"0374K00206000000","a":"MCCULLY AVE","m":"North Braddock","u":"L","o":"corp","sf":2400,"v":800}},{"type":"Feature","geometry":{"type":"Point","coordinates":[-79.84384,40.40835]},"properties":{"p":"0374K00208000000","a":"RIDGE AVE","m":"North Braddock","u":"L","o":"individual","sf":14427,"v":5400}},{"type":"Feature","geometry":{"type":"Point","coordinates":[-79.84143,40.4043]},"properties":{"p":"0374P00058000000","a":"RIDGE AVE","m":"North Braddock","u":"L","o":"individual","sf":5582,"v":9100}},{"type":"Feature","geometry":{"type":"Point","coordinates":[-79.84147,40.40447]},"properties":{"p":"0374P00060000000","a":"RIDGE AVE","m":"North Braddock","u":"L","o":"corp","sf":2946,"v":7200}},{"type":"Feature","geometry":{"type":"Point","coordinates":[-79.84149,40.40453]},"properties":{"p":"0374P00061000000","a":"RIDGE AVE","m":"North Braddock","u":"L","o":"individual","sf":3024,"v":900}},{"type":"Feature","geometry":{"type":"Point","coordinates":[-79.8554,40.39933]},"properties":{"p":"0302L00032000000","a":"KIRKPATRICK AVE","m":"North Braddock","u":"L","o":"individual","sf":11156,"v":4600}},{"type":"Feature","geometry":{"type":"Point","coordinates":[-79.85346,40.39823]},"properties":{"p":"0302L00060000000","a":"BELL AVE","m":"North Braddock","u":"L","o":"individual","sf":2901,"v":1200}},{"type":"Feature","geometry":{"type":"Point","coordinates":[-79.8537,40.39831]},"properties":{"p":"0302L00064000000","a":"BELL AVE","m":"North Braddock","u":"L","o":"individual","sf":8250,"v":4300}},{"type":"Feature","geometry":{"type":"Point","coordinates":[-79.85386,40.39837]},"properties":{"p":"0302L00065000000","a":"BELL AVE","m":"North Braddock","u":"L","o":"individual","sf":2750,"v":600}},{"type":"Feature","geometry":{"type":"Point","coordinates":[-79.85394,40.3984]},"properties":{"p":"0302L00066000000","a":"BELL AVE","m":"North Braddock","u":"L","o":"individual","sf":2750,"v":600}},{"type":"Feature","geometry":{"type":"Point","coordinates":[-79.85403,40.39842]},"properties":{"p":"0302L00067000000","a":"BELL AVE","m":"North Braddock","u":"L","o":"individual","sf":2750,"v":600}},{"type":"Feature","geometry":{"type":"Point","coordinates":[-79.85411,40.39845]},"properties":{"p":"0302L00068000000","a":"BELL AVE","m":"North Braddock","u":"L","o":"individual","sf":2750,"v":600}},{"type":"Feature","geometry":{"type":"Point","coordinates":[-79.85422,40.39843]},"properties":{"p":"0302L00069000000","a":"BELL AVE","m":"North Braddock","u":"L","o":"individual","sf":2750,"v":600}},{"type":"Feature","geometry":{"type":"Point","coordinates":[-79.85547,40.39826]},"properties":{"p":"0302L00188000000","a":"BESSEMER AVE","m":"North Braddock","u":"L","o":"individual","sf":803,"v":300}},{"type":"Feature","geometry":{"type":"Point","coordinates":[-79.85565,40.39816]},"properties":{"p":"0302L00188000A00","a":"BESSEMER AVE","m":"North Braddock","u":"L","o":"individual","sf":939,"v":300}},{"type":"Feature","geometry":{"type":"Point","coordinates":[-79.85559,40.39815]},"properties":{"p":"0302L00188000B00","a":"BESSEMER AVE","m":"North Braddock","u":"L","o":"individual","sf":828,"v":300}},{"type":"Feature","geometry":{"type":"Point","coordinates":[-79.85553,40.39813]},"properties":{"p":"0302L00188000C00","a":"BESSEMER AVE","m":"North Braddock","u":"L","o":"individual","sf":982,"v":400}},{"type":"Feature","geometry":{"type":"Point","coordinates":[-79.85559,40.39829]},"properties":{"p":"0302L00188000D00","a":"BESSEMER AVE","m":"North Braddock","u":"L","o":"individual","sf":769,"v":200}},{"type":"Feature","geometry":{"type":"Point","coordinates":[-79.85553,40.39828]},"properties":{"p":"0302L00188000E00","a":"BESSEMER AVE","m":"North Braddock","u":"L","o":"individual","sf":678,"v":200}},{"type":"Feature","geometry":{"type":"Point","coordinates":[-79.85571,40.3983]},"properties":{"p":"0302L00190000000","a":"BESSEMER AVE","m":"North Braddock","u":"L","o":"individual","sf":5000,"v":4000}},{"type":"Feature","geometry":{"type":"Point","coordinates":[-79.85586,40.39829]},"properties":{"p":"0302L00191000000","a":"BESSEMER AVE","m":"North Braddock","u":"L","o":"individual","sf":2017,"v":500}},{"type":"Feature","geometry":{"type":"Point","coordinates":[-79.84656,40.39732]},"properties":{"p":"0375J00110000000","a":"OCONNELL BLVD","m":"North Braddock","u":"L","o":"individual","sf":5000,"v":4000}},{"type":"Feature","geometry":{"type":"Point","coordinates":[-79.84449,40.39932]},"properties":{"p":"0375K00002000000","a":"RAVINE ST","m":"North Braddock","u":"L","o":"individual","sf":10261,"v":4500}},{"type":"Feature","geometry":{"type":"Point","coordinates":[-79.84392,40.39935]},"properties":{"p":"0375K00008000000","a":"RAVINE ST","m":"North Braddock","u":"L","o":"individual","sf":7700,"v":4200}},{"type":"Feature","geometry":{"type":"Point","coordinates":[-79.85975,40.40146]},"properties":{"p":"0302F00108000000","a":"BELL AVE","m":"North Braddock","u":"L","o":"individual","sf":2195,"v":500}},{"type":"Feature","geometry":{"type":"Point","coordinates":[-79.85645,40.39978]},"properties":{"p":"0302G00127000000","a":"KIRKPATRICK AVE","m":"North Braddock","u":"L","o":"individual","sf":2500,"v":3000}},{"type":"Feature","geometry":{"type":"Point","coordinates":[-79.84464,40.40062]},"properties":{"p":"0375F00276000000","a":"HANCOCK AVE","m":"North Braddock","u":"L","o":"corp","sf":16770,"v":5600}},{"type":"Feature","geometry":{"type":"Point","coordinates":[-79.84424,40.40054]},"properties":{"p":"0375F00280000000","a":"HANCOCK AVE","m":"North Braddock","u":"L","o":"individual","sf":2950,"v":900}},{"type":"Feature","geometry":{"type":"Point","coordinates":[-79.8598,40.40444]},"properties":{"p":"0301P00122000000","a":"SPRING ST","m":"North Braddock","u":"L","o":"individual","sf":30500,"v":6300}},{"type":"Feature","geometry":{"type":"Point","coordinates":[-79.85003,40.4048]},"properties":{"p":"0301S00028000000","a":"OPAL ST","m":"North Braddock","u":"L","o":"individual","sf":4800,"v":1400}},{"type":"Feature","geometry":{"type":"Point","coordinates":[-79.85007,40.4047]},"properties":{"p":"0301S00029000000","a":"OPAL ST","m":"North Braddock","u":"L","o":"corp","sf":2400,"v":2200}},{"type":"Feature","geometry":{"type":"Point","coordinates":[-79.8501,40.40464]},"properties":{"p":"0301S00030000000","a":"OPAL ST","m":"North Braddock","u":"L","o":"individual","sf":2400,"v":800}},{"type":"Feature","geometry":{"type":"Point","coordinates":[-79.85017,40.40451]},"properties":{"p":"0301S00032000000","a":"OPAL ST","m":"North Braddock","u":"L","o":"corp","sf":2400,"v":2200}},{"type":"Feature","geometry":{"type":"Point","coordinates":[-79.85013,40.40444]},"properties":{"p":"0301S00033000000","a":"1419 OPAL ST","m":"North Braddock","u":"L","o":"individual","sf":1680,"v":1500}},{"type":"Feature","geometry":{"type":"Point","coordinates":[-79.85165,40.40475]},"properties":{"p":"0301S00080000000","a":"ERMA ST","m":"North Braddock","u":"L","o":"individual","sf":43560,"v":12500}},{"type":"Feature","geometry":{"type":"Point","coordinates":[-79.84154,40.40474]},"properties":{"p":"0374P00064000000","a":"RIDGE AVE","m":"North Braddock","u":"L","o":"individual","sf":3250,"v":1000}},{"type":"Feature","geometry":{"type":"Point","coordinates":[-79.84158,40.40487]},"properties":{"p":"0374P00066000000","a":"RIDGE AVE","m":"North Braddock","u":"L","o":"individual","sf":3413,"v":1100}},{"type":"Feature","geometry":{"type":"Point","coordinates":[-79.84079,40.40526]},"properties":{"p":"0374R00004000000","a":"BEECH ST","m":"North Braddock","u":"L","o":"individual","sf":1440,"v":500}},{"type":"Feature","geometry":{"type":"Point","coordinates":[-79.84071,40.40518]},"properties":{"p":"0374R00005000000","a":"BEECH ST","m":"North Braddock","u":"L","o":"individual","sf":5360,"v":100}},{"type":"Feature","geometry":{"type":"Point","coordinates":[-79.85525,40.4078]},"properties":{"p":"0301L00208000000","a":"LOCUST ST","m":"North Braddock","u":"L","o":"individual","sf":2438,"v":600}},{"type":"Feature","geometry":{"type":"Point","coordinates":[-79.8559,40.4076]},"properties":{"p":"0301L00217000000","a":"LOCUST ST","m":"North Braddock","u":"L","o":"corp","sf":16746,"v":5100}},{"type":"Feature","geometry":{"type":"Point","coordinates":[-79.85593,40.40738]},"properties":{"p":"0301L00219000000","a":"CEMETERY RD","m":"North Braddock","u":"L","o":"individual","sf":2750,"v":600}},{"type":"Feature","geometry":{"type":"Point","coordinates":[-79.85611,40.40731]},"properties":{"p":"0301L00221000000","a":"TOWNSHIP RD","m":"North Braddock","u":"L","o":"individual","sf":3401,"v":700}},{"type":"Feature","geometry":{"type":"Point","coordinates":[-79.85649,40.40703]},"properties":{"p":"0301L00227000000","a":"LOCUST ST","m":"North Braddock","u":"L","o":"individual","sf":5500,"v":4100}},{"type":"Feature","geometry":{"type":"Point","coordinates":[-79.84454,40.40795]},"properties":{"p":"0374K00286000000","a":"GRANDVIEW AVE","m":"North Braddock","u":"L","o":"individual","sf":4755,"v":8800}},{"type":"Feature","geometry":{"type":"Point","coordinates":[-79.85986,40.40614]},"properties":{"p":"0301P00290000000","a":"CLIFF ST","m":"North Braddock","u":"L","o":"individual","sf":1250,"v":300}},{"type":"Feature","geometry":{"type":"Point","coordinates":[-79.85992,40.40614]},"properties":{"p":"0301P00291000000","a":"CLIFF ST","m":"North Braddock","u":"L","o":"individual","sf":1196,"v":300}},{"type":"Feature","geometry":{"type":"Point","coordinates":[-79.85993,40.40609]},"properties":{"p":"0301P00292000000","a":"CLIFF ST","m":"North Braddock","u":"L","o":"individual","sf":545,"v":200}},{"type":"Feature","geometry":{"type":"Point","coordinates":[-79.8459,40.40731]},"properties":{"p":"0374J00154000000","a":"BRINTON AVE","m":"North Braddock","u":"L","o":"individual","sf":2400,"v":2200}},{"type":"Feature","geometry":{"type":"Point","coordinates":[-79.84339,40.40481]},"properties":{"p":"0374P00208000000","a":"1405 BRINTON AVE","m":"North Braddock","u":"L","o":"individual","sf":2875,"v":2600}},{"type":"Feature","geometry":{"type":"Point","coordinates":[-79.85622,40.39958]},"properties":{"p":"0302G00132000000","a":"LYDIA ST","m":"North Braddock","u":"L","o":"individual","sf":998,"v":300}},{"type":"Feature","geometry":{"type":"Point","coordinates":[-79.85601,40.39951]},"properties":{"p":"0302G00134000000","a":"LYDIA ST","m":"North Braddock","u":"L","o":"individual","sf":2750,"v":3100}},{"type":"Feature","geometry":{"type":"Point","coordinates":[-79.85591,40.39964]},"properties":{"p":"0302G00136000000","a":"LYDIA ST","m":"North Braddock","u":"L","o":"individual","sf":2750,"v":3100}},{"type":"Feature","geometry":{"type":"Point","coordinates":[-79.85671,40.39949]},"properties":{"p":"0302G00144000000","a":"BELL AVE","m":"North Braddock","u":"L","o":"individual","sf":2790,"v":3100}},{"type":"Feature","geometry":{"type":"Point","coordinates":[-79.85135,40.39697]},"properties":{"p":"0302M00045000000","a":"BELL AVE","m":"North Braddock","u":"L","o":"corp","sf":47193,"v":4000}},{"type":"Feature","geometry":{"type":"Point","coordinates":[-79.84407,40.40061]},"properties":{"p":"0375F00281000000","a":"WOLFE AVE","m":"North Braddock","u":"L","o":"corp","sf":26318,"v":6400}},{"type":"Feature","geometry":{"type":"Point","coordinates":[-79.84318,40.40077]},"properties":{"p":"0375F00318000000","a":"WOLFE AVE","m":"North Braddock","u":"L","o":"individual","sf":3144,"v":1000}},{"type":"Feature","geometry":{"type":"Point","coordinates":[-79.85241,40.40451]},"properties":{"p":"0301S00082000000","a":"ERMA ST","m":"North Braddock","u":"L","o":"corp","sf":10840,"v":5000}},{"type":"Feature","geometry":{"type":"Point","coordinates":[-79.85823,40.39973]},"properties":{"p":"0302F00161000000","a":"REBECCA ST","m":"North Braddock","u":"L","o":"individual","sf":2596,"v":3000}},{"type":"Feature","geometry":{"type":"Point","coordinates":[-79.8425,40.40292]},"properties":{"p":"0375B00131000000","a":"BRINTON AVE","m":"North Braddock","u":"L","o":"individual","sf":1640,"v":600}},{"type":"Feature","geometry":{"type":"Point","coordinates":[-79.84314,40.40319]},"properties":{"p":"0375B00138000000","a":"QUARRY ST","m":"North Braddock","u":"L","o":"individual","sf":2146,"v":700}},{"type":"Feature","geometry":{"type":"Point","coordinates":[-79.85832,40.40629]},"properties":{"p":"0301P00166000000","a":"JONES AVE","m":"North Braddock","u":"L","o":"corp","sf":1890,"v":500}},{"type":"Feature","geometry":{"type":"Point","coordinates":[-79.84248,40.40549]},"properties":{"p":"0374P00120000000","a":"GRANDVIEW AVE","m":"North Braddock","u":"L","o":"individual","sf":7903,"v":9300}},{"type":"Feature","geometry":{"type":"Point","coordinates":[-79.84226,40.40539]},"properties":{"p":"0374P00122000000","a":"POPLAR WAY","m":"North Braddock","u":"L","o":"individual","sf":2400,"v":800}},{"type":"Feature","geometry":{"type":"Point","coordinates":[-79.84254,40.4053]},"properties":{"p":"0374P00123000000","a":"GRANDVIEW AVE","m":"North Braddock","u":"L","o":"individual","sf":1836,"v":600}},{"type":"Feature","geometry":{"type":"Point","coordinates":[-79.8424,40.40527]},"properties":{"p":"0374P00124000000","a":"GRANDVIEW AVE","m":"North Braddock","u":"L","o":"individual","sf":4260,"v":8300}},{"type":"Feature","geometry":{"type":"Point","coordinates":[-79.84329,40.40462]},"properties":{"p":"0374P00212000000","a":"1411 BRINTON AVE","m":"North Braddock","u":"L","o":"corp","sf":2875,"v":900}},{"type":"Feature","geometry":{"type":"Point","coordinates":[-79.84364,40.40423]},"properties":{"p":"0374P00231000000","a":"1420 BRINTON AVE","m":"North Braddock","u":"L","o":"individual","sf":2750,"v":2500}},{"type":"Feature","geometry":{"type":"Point","coordinates":[-79.84109,40.40376]},"properties":{"p":"0375B00006000000","a":"RIDGE AVE","m":"North Braddock","u":"L","o":"individual","sf":2500,"v":800}},{"type":"Feature","geometry":{"type":"Point","coordinates":[-79.84117,40.4038]},"properties":{"p":"0375B00007000000","a":"RIDGE AVE","m":"North Braddock","u":"L","o":"individual","sf":3201,"v":1000}},{"type":"Feature","geometry":{"type":"Point","coordinates":[-79.84181,40.40405]},"properties":{"p":"0375B00012000000","a":"GRANDVIEW AVE","m":"North Braddock","u":"L","o":"individual","sf":2495,"v":800}},{"type":"Feature","geometry":{"type":"Point","coordinates":[-79.8488,40.40773]},"properties":{"p":"0374J00296000000","a":"WOLFE AVE","m":"North Braddock","u":"L","o":"individual","sf":16736,"v":10100}},{"type":"Feature","geometry":{"type":"Point","coordinates":[-79.84253,40.399]},"properties":{"p":"0375K00088000000","a":"MURDOUGH ST","m":"North Braddock","u":"L","o":"corp","sf":2500,"v":1000}},{"type":"Feature","geometry":{"type":"Point","coordinates":[-79.84244,40.39903]},"properties":{"p":"0375K00089000000","a":"MURDOUGH ST","m":"North Braddock","u":"L","o":"individual","sf":2500,"v":600}},{"type":"Feature","geometry":{"type":"Point","coordinates":[-79.85807,40.39962]},"properties":{"p":"0302F00164000000","a":"REBECCA ST","m":"North Braddock","u":"L","o":"individual","sf":2660,"v":600}},{"type":"Feature","geometry":{"type":"Point","coordinates":[-79.85797,40.39963]},"properties":{"p":"0302F00165000000","a":"REBECCA ST","m":"North Braddock","u":"L","o":"individual","sf":3837,"v":800}},{"type":"Feature","geometry":{"type":"Point","coordinates":[-79.85788,40.3996]},"properties":{"p":"0302F00166000000","a":"BELL AVE","m":"North Braddock","u":"L","o":"individual","sf":1625,"v":2700}},{"type":"Feature","geometry":{"type":"Point","coordinates":[-79.85781,40.39955]},"properties":{"p":"0302F00167000000","a":"BELL AVE","m":"North Braddock","u":"L","o":"individual","sf":1824,"v":400}},{"type":"Feature","geometry":{"type":"Point","coordinates":[-79.85804,40.39947]},"properties":{"p":"0302F00169000000","a":"REBECCA ST","m":"North Braddock","u":"L","o":"individual","sf":1625,"v":2700}},{"type":"Feature","geometry":{"type":"Point","coordinates":[-79.85762,40.39944]},"properties":{"p":"0302K00002000000","a":"BELL AVE","m":"North Braddock","u":"L","o":"corp","sf":3659,"v":800}},{"type":"Feature","geometry":{"type":"Point","coordinates":[-79.85045,40.40414]},"properties":{"p":"0302D00012000000","a":"HOPE ST","m":"North Braddock","u":"L","o":"individual","sf":2896,"v":900}},{"type":"Feature","geometry":{"type":"Point","coordinates":[-79.85034,40.40419]},"properties":{"p":"0302D00013000000","a":"HOPE ST","m":"North Braddock","u":"L","o":"individual","sf":2741,"v":900}},{"type":"Feature","geometry":{"type":"Point","coordinates":[-79.84973,40.40421]},"properties":{"p":"0302D00017000000","a":"ERMA ST","m":"North Braddock","u":"L","o":"corp","sf":2400,"v":2200}},{"type":"Feature","geometry":{"type":"Point","coordinates":[-79.8498,40.40415]},"properties":{"p":"0302D00019000000","a":"OPAL ST","m":"North Braddock","u":"L","o":"individual","sf":4725,"v":1400}},{"type":"Feature","geometry":{"type":"Point","coordinates":[-79.84972,40.40387]},"properties":{"p":"0302D00032000000","a":"HOPE ST","m":"North Braddock","u":"L","o":"corp","sf":4700,"v":4200}},{"type":"Feature","geometry":{"type":"Point","coordinates":[-79.85874,40.40116]},"properties":{"p":"0302F00052000000","a":"KIRKPATRICK AVE","m":"North Braddock","u":"L","o":"individual","sf":4056,"v":3600}},{"type":"Feature","geometry":{"type":"Point","coordinates":[-79.85869,40.40112]},"properties":{"p":"0302F00053000000","a":"KIRKPATRICK AVE","m":"North Braddock","u":"L","o":"individual","sf":2080,"v":500}},{"type":"Feature","geometry":{"type":"Point","coordinates":[-79.84488,40.40204]},"properties":{"p":"0375B00300000000","a":"SHERMAN AVE","m":"North Braddock","u":"L","o":"corp","sf":167358,"v":19400}},{"type":"Feature","geometry":{"type":"Point","coordinates":[-79.84078,40.40223]},"properties":{"p":"0375C00006000000","a":"GRANDVIEW AVE","m":"North Braddock","u":"L","o":"individual","sf":1142,"v":400}},{"type":"Feature","geometry":{"type":"Point","coordinates":[-79.84076,40.4022]},"properties":{"p":"0375C00006000A00","a":"GRANDVIEW AVE","m":"North Braddock","u":"L","o":"individual","sf":1159,"v":400}},{"type":"Feature","geometry":{"type":"Point","coordinates":[-79.8478,40.40439]},"properties":{"p":"0374N00231000000","a":"HOPE ST","m":"North Braddock","u":"L","o":"individual","sf":2750,"v":900}},{"type":"Feature","geometry":{"type":"Point","coordinates":[-79.84802,40.40433]},"properties":{"p":"0374N00234000000","a":"HOPE ST","m":"North Braddock","u":"L","o":"individual","sf":6160,"v":9100}},{"type":"Feature","geometry":{"type":"Point","coordinates":[-79.84808,40.40466]},"properties":{"p":"0374N00243000000","a":"JUNE ALY","m":"North Braddock","u":"L","o":"individual","sf":7249,"v":9200}},{"type":"Feature","geometry":{"type":"Point","coordinates":[-79.85818,40.39918]},"properties":{"p":"0302K00009000000","a":"REBECCA ST","m":"North Braddock","u":"L","o":"corp","sf":2441,"v":3000}},{"type":"Feature","geometry":{"type":"Point","coordinates":[-79.85769,40.39911]},"properties":{"p":"0302K00015000000","a":"1305 PACKER AVE","m":"North Braddock","u":"L","o":"corp","sf":2500,"v":600}},{"type":"Feature","geometry":{"type":"Point","coordinates":[-79.84544,40.40925]},"properties":{"p":"0374E00034000000","a":"MCCULLY AVE","m":"North Braddock","u":"L","o":"individual","sf":46479,"v":12800}},{"type":"Feature","geometry":{"type":"Point","coordinates":[-79.84552,40.40954]},"properties":{"p":"0374E00038000000","a":"RIDGE AVE","m":"North Braddock","u":"L","o":"individual","sf":11771,"v":9600}},{"type":"Feature","geometry":{"type":"Point","coordinates":[-79.84216,40.40779]},"properties":{"p":"0374K00086000000","a":"ELECTRIC AVE","m":"North Braddock","u":"L","o":"corp","sf":8500,"v":2300}},{"type":"Feature","geometry":{"type":"Point","coordinates":[-79.84243,40.40829]},"properties":{"p":"0374K00092000000","a":"OAK ST","m":"North Braddock","u":"L","o":"corp","sf":9730,"v":2400}},{"type":"Feature","geometry":{"type":"Point","coordinates":[-79.84449,40.39786]},"properties":{"p":"0375K00140000000","a":"830 WESTERN AVE","m":"North Braddock","u":"L","o":"individual","sf":5275,"v":2000}},{"type":"Feature","geometry":{"type":"Point","coordinates":[-79.85978,40.39931]},"properties":{"p":"0302K00060000000","a":"FRANKLIN AVE","m":"North Braddock","u":"L","o":"individual","sf":11500,"v":4600}},{"type":"Feature","geometry":{"type":"Point","coordinates":[-79.85958,40.39906]},"properties":{"p":"0302K00065000000","a":"FRANKLIN AVE","m":"North Braddock","u":"L","o":"individual","sf":2300,"v":500}},{"type":"Feature","geometry":{"type":"Point","coordinates":[-79.85951,40.39902]},"properties":{"p":"0302K00066000000","a":"FRANKLIN AVE","m":"North Braddock","u":"L","o":"individual","sf":2404,"v":3000}},{"type":"Feature","geometry":{"type":"Point","coordinates":[-79.85525,40.39848]},"properties":{"p":"0302L00146000000","a":"BELL AVE","m":"North Braddock","u":"L","o":"individual","sf":1449,"v":400}},{"type":"Feature","geometry":{"type":"Point","coordinates":[-79.85516,40.39845]},"properties":{"p":"0302L00147000000","a":"BELL AVE","m":"North Braddock","u":"L","o":"individual","sf":2109,"v":500}},{"type":"Feature","geometry":{"type":"Point","coordinates":[-79.85494,40.39833]},"properties":{"p":"0302L00151000000","a":"CURRY ST","m":"North Braddock","u":"L","o":"individual","sf":2500,"v":600}},{"type":"Feature","geometry":{"type":"Point","coordinates":[-79.85505,40.39828]},"properties":{"p":"0302L00153000000","a":"MCCREA WAY","m":"North Braddock","u":"L","o":"individual","sf":1250,"v":300}},{"type":"Feature","geometry":{"type":"Point","coordinates":[-79.85463,40.39817]},"properties":{"p":"0302L00154000000","a":"CURRY ST","m":"North Braddock","u":"L","o":"corp","sf":1250,"v":500}},{"type":"Feature","geometry":{"type":"Point","coordinates":[-79.84472,40.40005]},"properties":{"p":"0375F00187000000","a":"WEILER ST","m":"North Braddock","u":"L","o":"corp","sf":22080,"v":6000}},{"type":"Feature","geometry":{"type":"Point","coordinates":[-79.84505,40.40081]},"properties":{"p":"0375F00190000000","a":"WOLFE AVE","m":"North Braddock","u":"L","o":"corp","sf":11648,"v":5100}},{"type":"Feature","geometry":{"type":"Point","coordinates":[-79.84307,40.40002]},"properties":{"p":"0375F00205000000","a":"WEILER ST","m":"North Braddock","u":"L","o":"individual","sf":2625,"v":6900}},{"type":"Feature","geometry":{"type":"Point","coordinates":[-79.84296,40.40004]},"properties":{"p":"0375F00206000000","a":"WEILER ST","m":"North Braddock","u":"L","o":"individual","sf":2175,"v":700}},{"type":"Feature","geometry":{"type":"Point","coordinates":[-79.84529,40.39896]},"properties":{"p":"0375J00072000000","a":"OCONNELL BLVD","m":"North Braddock","u":"L","o":"individual","sf":4800,"v":1000}},{"type":"Feature","geometry":{"type":"Point","coordinates":[-79.85989,40.40295]},"properties":{"p":"0302B00213000000","a":"NORTH AVE","m":"North Braddock","u":"L","o":"individual","sf":3400,"v":700}},{"type":"Feature","geometry":{"type":"Point","coordinates":[-79.8598,40.40288]},"properties":{"p":"0302B00214000000","a":"914 -916 NORTH AVE","m":"North Braddock","u":"L","o":"corp","sf":4100,"v":3600}},{"type":"Feature","geometry":{"type":"Point","coordinates":[-79.85941,40.4026]},"properties":{"p":"0302B00222000000","a":"NORTH AVE","m":"North Braddock","u":"L","o":"individual","sf":4200,"v":3700}},{"type":"Feature","geometry":{"type":"Point","coordinates":[-79.85866,40.4007]},"properties":{"p":"0302F00091000000","a":"BELL AVE","m":"North Braddock","u":"L","o":"individual","sf":4500,"v":1000}},{"type":"Feature","geometry":{"type":"Point","coordinates":[-79.84213,40.40355]},"properties":{"p":"0375B00054000000","a":"1502 GRANDVIEW AVE","m":"North Braddock","u":"L","o":"individual","sf":2184,"v":700}},{"type":"Feature","geometry":{"type":"Point","coordinates":[-79.85941,40.40496]},"properties":{"p":"0301P00079000000","a":"833 LOCUST ST","m":"North Braddock","u":"L","o":"individual","sf":3815,"v":1500}},{"type":"Feature","geometry":{"type":"Point","coordinates":[-79.85964,40.40482]},"properties":{"p":"0301P00082000000","a":"GARFIELD AVE","m":"North Braddock","u":"L","o":"individual","sf":16225,"v":5000}},{"type":"Feature","geometry":{"type":"Point","coordinates":[-79.84263,40.40753]},"properties":{"p":"0374K00153000000","a":"RIDGE AVE","m":"North Braddock","u":"L","o":"individual","sf":4225,"v":1300}},{"type":"Feature","geometry":{"type":"Point","coordinates":[-79.84266,40.40759]},"properties":{"p":"0374K00154000000","a":"RIDGE AVE","m":"North Braddock","u":"L","o":"individual","sf":4310,"v":3900}},{"type":"Feature","geometry":{"type":"Point","coordinates":[-79.84103,40.40479]},"properties":{"p":"0374P00043000000","a":"RIDGE AVE","m":"North Braddock","u":"L","o":"individual","sf":2000,"v":700}},{"type":"Feature","geometry":{"type":"Point","coordinates":[-79.84102,40.40472]},"properties":{"p":"0374P00044000000","a":"RIDGE AVE","m":"North Braddock","u":"L","o":"individual","sf":2000,"v":700}},{"type":"Feature","geometry":{"type":"Point","coordinates":[-79.841,40.40458]},"properties":{"p":"0374P00046000000","a":"RIDGE AVE","m":"North Braddock","u":"L","o":"individual","sf":2000,"v":700}},{"type":"Feature","geometry":{"type":"Point","coordinates":[-79.85812,40.40181]},"properties":{"p":"0302F00002000000","a":"CROSBY ST","m":"North Braddock","u":"L","o":"individual","sf":3060,"v":700}},{"type":"Feature","geometry":{"type":"Point","coordinates":[-79.85766,40.40147]},"properties":{"p":"0302F00010000000","a":"CROSBY ST","m":"North Braddock","u":"L","o":"individual","sf":2517,"v":600}},{"type":"Feature","geometry":{"type":"Point","coordinates":[-79.85978,40.40028]},"properties":{"p":"0302F00299000000","a":"REBECCA ST","m":"North Braddock","u":"L","o":"individual","sf":3150,"v":3300}},{"type":"Feature","geometry":{"type":"Point","coordinates":[-79.85967,40.40025]},"properties":{"p":"0302F00301000000","a":"REBECCA ST","m":"North Braddock","u":"L","o":"individual","sf":2010,"v":500}},{"type":"Feature","geometry":{"type":"Point","coordinates":[-79.85446,40.39813]},"properties":{"p":"0302L00156000000","a":"CURRY ST","m":"North Braddock","u":"L","o":"individual","sf":1250,"v":300}},{"type":"Feature","geometry":{"type":"Point","coordinates":[-79.85416,40.39808]},"properties":{"p":"0302L00158000000","a":"BESSEMER AVE","m":"North Braddock","u":"L","o":"individual","sf":4080,"v":1600}},{"type":"Feature","geometry":{"type":"Point","coordinates":[-79.8538,40.39801]},"properties":{"p":"0302L00161000000","a":"BESSEMER AVE","m":"North Braddock","u":"L","o":"individual","sf":3283,"v":1300}},{"type":"Feature","geometry":{"type":"Point","coordinates":[-79.84644,40.40845]},"properties":{"p":"0374J00051000000","a":"1012 GRANDVIEW AVE","m":"North Braddock","u":"L","o":"individual","sf":2400,"v":2200}},{"type":"Feature","geometry":{"type":"Point","coordinates":[-79.84636,40.40842]},"properties":{"p":"0374J00053000000","a":"1012 GRANDVIEW AVE","m":"North Braddock","u":"L","o":"individual","sf":2400,"v":2200}},{"type":"Feature","geometry":{"type":"Point","coordinates":[-79.8458,40.40821]},"properties":{"p":"0374J00058000000","a":"1060 GRANDVIEW AVE","m":"North Braddock","u":"L","o":"individual","sf":7500,"v":9200}},{"type":"Feature","geometry":{"type":"Point","coordinates":[-79.84544,40.40804]},"properties":{"p":"0374J00064000000","a":"GRANDVIEW AVE","m":"North Braddock","u":"L","o":"individual","sf":3421,"v":1100}},{"type":"Feature","geometry":{"type":"Point","coordinates":[-79.84507,40.40756]},"properties":{"p":"0374J00069000000","a":"TAYLOR ST","m":"North Braddock","u":"L","o":"individual","sf":1592,"v":1400}},{"type":"Feature","geometry":{"type":"Point","coordinates":[-79.84606,40.40795]},"properties":{"p":"0374J00100000000","a":"BRINTON AVE","m":"North Braddock","u":"L","o":"individual","sf":68128,"v":14800}},{"type":"Feature","geometry":{"type":"Point","coordinates":[-79.85933,40.40118]},"properties":{"p":"0302F00101000000","a":"BELL AVE","m":"North Braddock","u":"L","o":"individual","sf":2808,"v":3100}},{"type":"Feature","geometry":{"type":"Point","coordinates":[-79.85942,40.40122]},"properties":{"p":"0302F00102000000","a":"BELL AVE","m":"North Braddock","u":"L","o":"individual","sf":2700,"v":600}},{"type":"Feature","geometry":{"type":"Point","coordinates":[-79.85707,40.40007]},"properties":{"p":"0302G00118000000","a":"KIRKPATRICK AVE","m":"North Braddock","u":"L","o":"individual","sf":3190,"v":3300}},{"type":"Feature","geometry":{"type":"Point","coordinates":[-79.85666,40.39988]},"properties":{"p":"0302G00124000000","a":"KIRKPATRICK AVE","m":"North Braddock","u":"L","o":"individual","sf":2200,"v":2900}},{"type":"Feature","geometry":{"type":"Point","coordinates":[-79.8433,40.4003]},"properties":{"p":"0375F00263000000","a":"WOLFE AVE","m":"North Braddock","u":"L","o":"individual","sf":6000,"v":9100}},{"type":"Feature","geometry":{"type":"Point","coordinates":[-79.85748,40.40636]},"properties":{"p":"0301R00008000000","a":"LOCUST ST","m":"North Braddock","u":"L","o":"individual","sf":1928,"v":500}},{"type":"Feature","geometry":{"type":"Point","coordinates":[-79.84969,40.40434]},"properties":{"p":"0301S00009000000","a":"ERMA ST","m":"North Braddock","u":"L","o":"corp","sf":2400,"v":2200}},{"type":"Feature","geometry":{"type":"Point","coordinates":[-79.84964,40.40466]},"properties":{"p":"0301S00010000000","a":"OPAL ST","m":"North Braddock","u":"L","o":"corp","sf":48831,"v":8500}},{"type":"Feature","geometry":{"type":"Point","coordinates":[-79.84991,40.40508]},"properties":{"p":"0301S00026000000","a":"OPAL ST","m":"North Braddock","u":"L","o":"corp","sf":16524,"v":5500}},{"type":"Feature","geometry":{"type":"Point","coordinates":[-79.84098,40.40451]},"properties":{"p":"0374P00047000000","a":"RIDGE AVE","m":"North Braddock","u":"L","o":"individual","sf":2000,"v":700}},{"type":"Feature","geometry":{"type":"Point","coordinates":[-79.84434,40.4064]},"properties":{"p":"0374P00328000000","a":"JOHNSON ST","m":"North Braddock","u":"L","o":"individual","sf":4800,"v":8800}},{"type":"Feature","geometry":{"type":"Point","coordinates":[-79.85546,40.40851]},"properties":{"p":"0301L00131000000","a":"JONES AVE","m":"North Braddock","u":"L","o":"individual","sf":3084,"v":1200}},{"type":"Feature","geometry":{"type":"Point","coordinates":[-79.85463,40.40821]},"properties":{"p":"0301L00178000000","a":"LOCUST ST","m":"North Braddock","u":"L","o":"corp","sf":9204,"v":4400}},{"type":"Feature","geometry":{"type":"Point","coordinates":[-79.85518,40.4083]},"properties":{"p":"0301L00180000000","a":"UNNAMED ALY","m":"North Braddock","u":"L","o":"individual","sf":23790,"v":3700}},{"type":"Feature","geometry":{"type":"Point","coordinates":[-79.85503,40.40794]},"properties":{"p":"0301L00205000000","a":"LOCUST ST","m":"North Braddock","u":"L","o":"individual","sf":2438,"v":600}},{"type":"Feature","geometry":{"type":"Point","coordinates":[-79.85835,40.40587]},"properties":{"p":"0301P00149000000","a":"CEMETERY RD","m":"North Braddock","u":"L","o":"individual","sf":3315,"v":700}},{"type":"Feature","geometry":{"type":"Point","coordinates":[-79.84272,40.40649]},"properties":{"p":"0374K00238000000","a":"RIDGE AVE","m":"North Braddock","u":"L","o":"individual","sf":10187,"v":9500}},{"type":"Feature","geometry":{"type":"Point","coordinates":[-79.84353,40.40707]},"properties":{"p":"0374K00252000000","a":"GRANDVIEW AVE","m":"North Braddock","u":"L","o":"individual","sf":2500,"v":800}},{"type":"Feature","geometry":{"type":"Point","coordinates":[-79.84366,40.40729]},"properties":{"p":"0374K00256000000","a":"GRANDVIEW AVE","m":"North Braddock","u":"L","o":"corp","sf":5000,"v":4500}},{"type":"Feature","geometry":{"type":"Point","coordinates":[-79.84239,40.40622]},"properties":{"p":"0374P00097000000","a":"RIDGE AVE","m":"North Braddock","u":"L","o":"individual","sf":12184,"v":9700}},{"type":"Feature","geometry":{"type":"Point","coordinates":[-79.84313,40.40645]},"properties":{"p":"0374P00105000000","a":"GRANDVIEW AVE","m":"North Braddock","u":"L","o":"individual","sf":2500,"v":800}},{"type":"Feature","geometry":{"type":"Point","coordinates":[-79.8598,40.40014]},"properties":{"p":"0302F00302000000","a":"1124 REBECCA ST","m":"North Braddock","u":"L","o":"individual","sf":1140,"v":300}},{"type":"Feature","geometry":{"type":"Point","coordinates":[-79.85952,40.40013]},"properties":{"p":"0302F00305000000","a":"REBECCA ST","m":"North Braddock","u":"L","o":"individual","sf":3150,"v":1300}},{"type":"Feature","geometry":{"type":"Point","coordinates":[-79.85931,40.40005]},"properties":{"p":"0302F00308000000","a":"REBECCA ST","m":"North Braddock","u":"L","o":"individual","sf":1006,"v":300}},{"type":"Feature","geometry":{"type":"Point","coordinates":[-79.85942,40.40001]},"properties":{"p":"0302F00309000000","a":"ROBINSON ST","m":"North Braddock","u":"L","o":"individual","sf":1730,"v":400}},{"type":"Feature","geometry":{"type":"Point","coordinates":[-79.85584,40.39911]},"properties":{"p":"0302L00090000000","a":"BELL AVE","m":"North Braddock","u":"L","o":"individual","sf":2750,"v":600}},{"type":"Feature","geometry":{"type":"Point","coordinates":[-79.85592,40.39915]},"properties":{"p":"0302L00091000000","a":"BELL AVE","m":"North Braddock","u":"L","o":"corp","sf":2750,"v":1100}},{"type":"Feature","geometry":{"type":"Point","coordinates":[-79.85607,40.39922]},"properties":{"p":"0302L00093000000","a":"BELL AVE","m":"North Braddock","u":"L","o":"individual","sf":2750,"v":600}},{"type":"Feature","geometry":{"type":"Point","coordinates":[-79.85614,40.39925]},"properties":{"p":"0302L00094000000","a":"BELL AVE","m":"North Braddock","u":"L","o":"individual","sf":1942,"v":2800}},{"type":"Feature","geometry":{"type":"Point","coordinates":[-79.85619,40.39927]},"properties":{"p":"0302L00095000000","a":"BELL AVE","m":"North Braddock","u":"L","o":"individual","sf":1751,"v":1700}},{"type":"Feature","geometry":{"type":"Point","coordinates":[-79.8564,40.39935]},"properties":{"p":"0302L00098000000","a":"BELL AVE","m":"North Braddock","u":"L","o":"individual","sf":2086,"v":2800}},{"type":"Feature","geometry":{"type":"Point","coordinates":[-79.85854,40.40921]},"properties":{"p":"0301F00020000000","a":"BRINTON RD","m":"Braddock Hills","u":"L","o":"individual","sf":80412,"v":26300}},{"type":"Feature","geometry":{"type":"Point","coordinates":[-79.85669,40.40722]},"properties":{"p":"0301L00099000000","a":"JONES AVE","m":"North Braddock","u":"L","o":"individual","sf":13042,"v":4700}},{"type":"Feature","geometry":{"type":"Point","coordinates":[-79.84398,40.39036]},"properties":{"p":"0376G00340000000","a":"GRANDVIEW AVE","m":"North Versailles","u":"L","o":"corp","sf":909097,"v":47700}},{"type":"Feature","geometry":{"type":"Point","coordinates":[-79.85793,40.40294]},"properties":{"p":"0302B00054000000","a":"SPRING ST","m":"North Braddock","u":"L","o":"individual","sf":4650,"v":3900}},{"type":"Feature","geometry":{"type":"Point","coordinates":[-79.84081,40.3968]},"properties":{"p":"0375R00006000000","a":"FRANKLIN ST","m":"East Pittsburgh","u":"L","o":"individual","sf":2500,"v":3000}},{"type":"Feature","geometry":{"type":"Point","coordinates":[-79.84268,40.3975]},"properties":{"p":"0375K00362000000","a":"405 HOWARD ST","m":"East Pittsburgh","u":"L","o":"individual","sf":1073,"v":400}},{"type":"Feature","geometry":{"type":"Point","coordinates":[-79.84528,40.4074]},"properties":{"p":"0374J00084000000","a":"BRINTON AVE","m":"North Braddock","u":"L","o":"individual","sf":3237,"v":1000}},{"type":"Feature","geometry":{"type":"Point","coordinates":[-79.85699,40.40003]},"properties":{"p":"0302G00119000000","a":"KIRKPATRICK AVE","m":"North Braddock","u":"L","o":"individual","sf":2750,"v":600}},{"type":"Feature","geometry":{"type":"Point","coordinates":[-79.84545,40.40346]},"properties":{"p":"0375A00019000000","a":"GRANT ST","m":"North Braddock","u":"L","o":"individual","sf":2750,"v":2500}},{"type":"Feature","geometry":{"type":"Point","coordinates":[-79.84005,40.39559]},"properties":{"p":"0375R00076000000","a":"526 CENTER ST","m":"East Pittsburgh","u":"L","o":"individual","sf":2500,"v":600}},{"type":"Feature","geometry":{"type":"Point","coordinates":[-79.84068,40.39563]},"properties":{"p":"0375R00083000000","a":"512 CENTER ST","m":"East Pittsburgh","u":"L","o":"individual","sf":2500,"v":600}},{"type":"Feature","geometry":{"type":"Point","coordinates":[-79.8407,40.40503]},"properties":{"p":"0374R00008000000","a":"BEECH ST","m":"North Braddock","u":"L","o":"corp","sf":2000,"v":700}},{"type":"Feature","geometry":{"type":"Point","coordinates":[-79.84123,40.40663]},"properties":{"p":"0374K00062000000","a":"ELECTRIC AVE","m":"North Braddock","u":"L","o":"corp","sf":4768,"v":1000}},{"type":"Feature","geometry":{"type":"Point","coordinates":[-79.85883,40.40367]},"properties":{"p":"0302B00074000000","a":"SPRING ST","m":"North Braddock","u":"L","o":"individual","sf":2500,"v":600}},{"type":"Feature","geometry":{"type":"Point","coordinates":[-79.85784,40.40728]},"properties":{"p":"0301K00014000000","a":"CLIFF ST","m":"North Braddock","u":"L","o":"corp","sf":6300,"v":4100}},{"type":"Feature","geometry":{"type":"Point","coordinates":[-79.84244,40.40405]},"properties":{"p":"0375B00062000000","a":"GRANDVIEW AVE","m":"North Braddock","u":"L","o":"individual","sf":6000,"v":9100}},{"type":"Feature","geometry":{"type":"Point","coordinates":[-79.84199,40.40289]},"properties":{"p":"0375B00086000000","a":"BRINTON AVE","m":"North Braddock","u":"L","o":"individual","sf":5000,"v":9000}},{"type":"Feature","geometry":{"type":"Point","coordinates":[-79.85013,40.40458]},"properties":{"p":"0301S00031000000","a":"OPAL ST","m":"North Braddock","u":"L","o":"corp","sf":2400,"v":2200}},{"type":"Feature","geometry":{"type":"Point","coordinates":[-79.84623,40.40491]},"properties":{"p":"0374N00125000000","a":"GRANT ST","m":"North Braddock","u":"L","o":"individual","sf":2500,"v":2300}},{"type":"Feature","geometry":{"type":"Point","coordinates":[-79.85758,40.40189]},"properties":{"p":"0302C00200000000","a":"CROSBY ST","m":"North Braddock","u":"L","o":"individual","sf":20398,"v":5400}},{"type":"Feature","geometry":{"type":"Point","coordinates":[-79.84101,40.40465]},"properties":{"p":"0374P00045000000","a":"RIDGE AVE","m":"North Braddock","u":"L","o":"individual","sf":2000,"v":700}},{"type":"Feature","geometry":{"type":"Point","coordinates":[-79.85969,40.40012]},"properties":{"p":"0302F00303000000","a":"REBECCA ST","m":"North Braddock","u":"L","o":"individual","sf":3150,"v":3300}},{"type":"Feature","geometry":{"type":"Point","coordinates":[-79.84259,40.39698]},"properties":{"p":"0375K00291000000","a":"HOWARD ST","m":"East Pittsburgh","u":"L","o":"individual","sf":2500,"v":600}},{"type":"Feature","geometry":{"type":"Point","coordinates":[-79.84522,40.4041]},"properties":{"p":"0375A00002000000","a":"GRANT ST","m":"North Braddock","u":"L","o":"individual","sf":5500,"v":4600}},{"type":"Feature","geometry":{"type":"Point","coordinates":[-79.85898,40.40831]},"properties":{"p":"0301K00162000000","a":"BENTON ST","m":"North Braddock","u":"L","o":"individual","sf":41879,"v":7300}},{"type":"Feature","geometry":{"type":"Point","coordinates":[-79.85839,40.40564]},"properties":{"p":"0301P00062000000","a":"LOCUST ST","m":"North Braddock","u":"L","o":"individual","sf":1800,"v":400}},{"type":"Feature","geometry":{"type":"Point","coordinates":[-79.84038,40.40269]},"properties":{"p":"0375C00032000000","a":"GRANDVIEW AVE","m":"North Braddock","u":"L","o":"individual","sf":4643,"v":1400}},{"type":"Feature","geometry":{"type":"Point","coordinates":[-79.84347,40.4039]},"properties":{"p":"0375B00148000000","a":"BRINTON AVE","m":"North Braddock","u":"L","o":"individual","sf":5500,"v":4000}},{"type":"Feature","geometry":{"type":"Point","coordinates":[-79.85819,40.40242]},"properties":{"p":"0302B00136000000","a":"CROSBY ST","m":"North Braddock","u":"L","o":"individual","sf":29723,"v":6200}},{"type":"Feature","geometry":{"type":"Point","coordinates":[-79.85691,40.39912]},"properties":{"p":"0302L00115000000","a":"BELL AVE","m":"North Braddock","u":"L","o":"individual","sf":2750,"v":600}},{"type":"Feature","geometry":{"type":"Point","coordinates":[-79.84306,40.39432]},"properties":{"p":"0376B00042000000","a":"CLIFF ST","m":"East Pittsburgh","u":"L","o":"individual","sf":3200,"v":3300}},{"type":"Feature","geometry":{"type":"Point","coordinates":[-79.84053,40.39603]},"properties":{"p":"0375R00053000000","a":"CENTER ST","m":"East Pittsburgh","u":"L","o":"individual","sf":2500,"v":600}},{"type":"Feature","geometry":{"type":"Point","coordinates":[-79.8572,40.3985]},"properties":{"p":"0302L00221000000","a":"PACKER AVE","m":"North Braddock","u":"L","o":"corp","sf":2600,"v":1000}},{"type":"Feature","geometry":{"type":"Point","coordinates":[-79.84378,40.40019]},"properties":{"p":"0375F00268000000","a":"WOLFE AVE","m":"North Braddock","u":"L","o":"individual","sf":3000,"v":900}},{"type":"Feature","geometry":{"type":"Point","coordinates":[-79.84184,40.40208]},"properties":{"p":"0375B00116000000","a":"BRINTON AVE","m":"North Braddock","u":"L","o":"individual","sf":9230,"v":9400}},{"type":"Feature","geometry":{"type":"Point","coordinates":[-79.858,40.40712]},"properties":{"p":"0301K00016000000","a":"CLIFF ST","m":"North Braddock","u":"L","o":"individual","sf":2561,"v":600}},{"type":"Feature","geometry":{"type":"Point","coordinates":[-79.84249,40.3999]},"properties":{"p":"0375F00162000000","a":"WEILER ST","m":"North Braddock","u":"L","o":"corp","sf":2862,"v":2600}},{"type":"Feature","geometry":{"type":"Point","coordinates":[-79.84154,40.40515]},"properties":{"p":"0374P00071000000","a":"RIDGE AVE","m":"North Braddock","u":"L","o":"individual","sf":2350,"v":800}},{"type":"Feature","geometry":{"type":"Point","coordinates":[-79.8432,40.4014]},"properties":{"p":"0375F00347000000","a":"1702 SHANNON ST","m":"North Braddock","u":"L","o":"individual","sf":4491,"v":8500}},{"type":"Feature","geometry":{"type":"Point","coordinates":[-79.85505,40.39807]},"properties":{"p":"0302L00183000000","a":"BESSEMER AVE","m":"North Braddock","u":"L","o":"individual","sf":10000,"v":4500}},{"type":"Feature","geometry":{"type":"Point","coordinates":[-79.84443,40.40109]},"properties":{"p":"0375F00300000000","a":"WOOD ST","m":"North Braddock","u":"L","o":"corp","sf":35880,"v":7300}},{"type":"Feature","geometry":{"type":"Point","coordinates":[-79.85831,40.39922]},"properties":{"p":"0302K00008000000","a":"REBECCA ST","m":"North Braddock","u":"L","o":"individual","sf":3300,"v":3300}},{"type":"Feature","geometry":{"type":"Point","coordinates":[-79.85458,40.39829]},"properties":{"p":"0302L00155000000","a":"CURRY ST","m":"North Braddock","u":"L","o":"individual","sf":4075,"v":900}},{"type":"Feature","geometry":{"type":"Point","coordinates":[-79.84085,40.40528]},"properties":{"p":"0374R00003000000","a":"BEECH ST","m":"North Braddock","u":"L","o":"individual","sf":3328,"v":1000}},{"type":"Feature","geometry":{"type":"Point","coordinates":[-79.84186,40.40906]},"properties":{"p":"0374F00100000000","a":"ELECTRIC AVE","m":"Chalfant","u":"L","o":"individual","sf":4596,"v":11500}},{"type":"Feature","geometry":{"type":"Point","coordinates":[-79.859,40.40134]},"properties":{"p":"0302F00048000001","a":"CONGRESS ST","m":"North Braddock","u":"L","o":"individual","sf":2444,"v":600}},{"type":"Feature","geometry":{"type":"Point","coordinates":[-79.8457,40.39487]},"properties":{"p":"0375N00357000000","a":"CLIFF ST","m":"East Pittsburgh","u":"L","o":"individual","sf":3057,"v":1200}},{"type":"Feature","geometry":{"type":"Point","coordinates":[-79.8555,40.39856]},"properties":{"p":"0302L00142000000","a":"BELL AVE","m":"North Braddock","u":"L","o":"individual","sf":1372,"v":400}},{"type":"Feature","geometry":{"type":"Point","coordinates":[-79.84816,40.40506]},"properties":{"p":"0374N00249000000","a":"ORCHARD ST","m":"North Braddock","u":"L","o":"individual","sf":6750,"v":9200}},{"type":"Feature","geometry":{"type":"Point","coordinates":[-79.84673,40.39595]},"properties":{"p":"0375N00126000000","a":"OCONNELL BLVD","m":"North Braddock","u":"L","o":"individual","sf":1757,"v":400}},{"type":"Feature","geometry":{"type":"Point","coordinates":[-79.84294,40.40198]},"properties":{"p":"0375B00202000000","a":"WOLFE AVE","m":"North Braddock","u":"L","o":"corp","sf":1650,"v":1500}},{"type":"Feature","geometry":{"type":"Point","coordinates":[-79.85531,40.39837]},"properties":{"p":"0302L00145000000","a":"BELL AVE","m":"North Braddock","u":"L","o":"individual","sf":1192,"v":300}},{"type":"Feature","geometry":{"type":"Point","coordinates":[-79.85977,40.40266]},"properties":{"p":"0302B00218000000","a":"NORTH AVE","m":"North Braddock","u":"L","o":"individual","sf":1800,"v":400}},{"type":"Feature","geometry":{"type":"Point","coordinates":[-79.85929,40.40447]},"properties":{"p":"0301P00088000000","a":"VANCE AVE","m":"North Braddock","u":"L","o":"individual","sf":18306,"v":5200}},{"type":"Feature","geometry":{"type":"Point","coordinates":[-79.85599,40.39918]},"properties":{"p":"0302L00092000000","a":"BELL AVE","m":"North Braddock","u":"L","o":"individual","sf":2750,"v":600}},{"type":"Feature","geometry":{"type":"Point","coordinates":[-79.84576,40.39823]},"properties":{"p":"0375J00065000000","a":"OCONNELL BLVD","m":"North Braddock","u":"L","o":"individual","sf":5342,"v":4000}},{"type":"Feature","geometry":{"type":"Point","coordinates":[-79.85635,40.40017]},"properties":{"p":"0302G00110000000","a":"KIRKPATRICK AVE","m":"North Braddock","u":"L","o":"individual","sf":2750,"v":3100}},{"type":"Feature","geometry":{"type":"Point","coordinates":[-79.8599,40.40081]},"properties":{"p":"0302F00203000000","a":"REBECCA ST","m":"North Braddock","u":"L","o":"individual","sf":1950,"v":500}},{"type":"Feature","geometry":{"type":"Point","coordinates":[-79.84195,40.40052]},"properties":{"p":"0375F00218000000","a":"RAVINE ST","m":"North Braddock","u":"L","o":"corp","sf":2380,"v":2100}},{"type":"Feature","geometry":{"type":"Point","coordinates":[-79.85969,40.40142]},"properties":{"p":"0302F00107000000","a":"BELL AVE","m":"North Braddock","u":"L","o":"individual","sf":2050,"v":500}},{"type":"Feature","geometry":{"type":"Point","coordinates":[-79.84259,40.40744]},"properties":{"p":"0374K00152000000","a":"RIDGE AVE","m":"North Braddock","u":"L","o":"individual","sf":8194,"v":9300}},{"type":"Feature","geometry":{"type":"Point","coordinates":[-79.84532,40.40804]},"properties":{"p":"0374J00066000000","a":"TAYLOR ST","m":"North Braddock","u":"L","o":"individual","sf":2400,"v":800}},{"type":"Feature","geometry":{"type":"Point","coordinates":[-79.85868,40.40657]},"properties":{"p":"0301P00273000000","a":"CLIFF ST","m":"North Braddock","u":"L","o":"individual","sf":2103,"v":500}},{"type":"Feature","geometry":{"type":"Point","coordinates":[-79.84589,40.40863]},"properties":{"p":"0374J00028000000","a":"GRANDVIEW AVE","m":"North Braddock","u":"L","o":"individual","sf":4800,"v":4300}},{"type":"Feature","geometry":{"type":"Point","coordinates":[-79.84273,40.39758]},"properties":{"p":"0375K00354000000","a":"406 RIDGE AVE","m":"East Pittsburgh","u":"L","o":"individual","sf":1146,"v":500}},{"type":"Feature","geometry":{"type":"Point","coordinates":[-79.85901,40.40647]},"properties":{"p":"0301P00277000000","a":"CLIFF ST","m":"North Braddock","u":"L","o":"individual","sf":1101,"v":300}},{"type":"Feature","geometry":{"type":"Point","coordinates":[-79.84057,40.40599]},"properties":{"p":"0374R00058000000","a":"OAK ST","m":"North Braddock","u":"L","o":"corp","sf":13765,"v":2800}},{"type":"Feature","geometry":{"type":"Point","coordinates":[-79.84412,40.39513]},"properties":{"p":"0375P00321000000","a":"BESSEMER AVE","m":"East Pittsburgh","u":"L","o":"individual","sf":2816,"v":600}},{"type":"Feature","geometry":{"type":"Point","coordinates":[-79.85868,40.40298]},"properties":{"p":"0302B00111000000","a":"SPRING ST","m":"North Braddock","u":"L","o":"corp","sf":11528,"v":4600}},{"type":"Feature","geometry":{"type":"Point","coordinates":[-79.85698,40.39916]},"properties":{"p":"0302L00114000000","a":"BELL AVE","m":"North Braddock","u":"L","o":"individual","sf":2500,"v":600}},{"type":"Feature","geometry":{"type":"Point","coordinates":[-79.84719,40.40457]},"properties":{"p":"0374N00178000000","a":"DUNBAR AVE","m":"North Braddock","u":"L","o":"individual","sf":33872,"v":11600}},{"type":"Feature","geometry":{"type":"Point","coordinates":[-79.8412,40.40595]},"properties":{"p":"0374P00020000000","a":"RIDGE AVE","m":"North Braddock","u":"L","o":"individual","sf":7781,"v":9300}},{"type":"Feature","geometry":{"type":"Point","coordinates":[-79.84682,40.39577]},"properties":{"p":"0375N00129000000","a":"RAVINE ST","m":"North Braddock","u":"L","o":"individual","sf":2000,"v":500}},{"type":"Feature","geometry":{"type":"Point","coordinates":[-79.84302,40.40706]},"properties":{"p":"0374K00231000000","a":"RIDGE AVE","m":"North Braddock","u":"L","o":"individual","sf":2500,"v":800}},{"type":"Feature","geometry":{"type":"Point","coordinates":[-79.84333,40.40365]},"properties":{"p":"0375B00144000000","a":"BRINTON AVE","m":"North Braddock","u":"L","o":"individual","sf":5500,"v":9100}},{"type":"Feature","geometry":{"type":"Point","coordinates":[-79.85969,40.39798]},"properties":{"p":"0302K00135000000","a":"WOOD ST","m":"Braddock","u":"L","o":"individual","sf":2708,"v":600}},{"type":"Feature","geometry":{"type":"Point","coordinates":[-79.85778,40.40005]},"properties":{"p":"0302F00075000000","a":"BELL AVE","m":"North Braddock","u":"L","o":"individual","sf":3432,"v":800}},{"type":"Feature","geometry":{"type":"Point","coordinates":[-79.84417,40.40015]},"properties":{"p":"0375F00273000000","a":"WOLFE AVE","m":"North Braddock","u":"L","o":"corp","sf":7308,"v":4700}},{"type":"Feature","geometry":{"type":"Point","coordinates":[-79.85833,40.39973]},"properties":{"p":"0302F00160000000","a":"REBECCA ST","m":"North Braddock","u":"L","o":"individual","sf":2601,"v":3000}},{"type":"Feature","geometry":{"type":"Point","coordinates":[-79.85863,40.40108]},"properties":{"p":"0302F00054000000","a":"KIRKPATRICK AVE","m":"North Braddock","u":"L","o":"individual","sf":2704,"v":3100}},{"type":"Feature","geometry":{"type":"Point","coordinates":[-79.84755,40.40455]},"properties":{"p":"0374N00228000000","a":"HOPE ST","m":"North Braddock","u":"L","o":"individual","sf":3716,"v":1100}},{"type":"Feature","geometry":{"type":"Point","coordinates":[-79.84443,40.3999]},"properties":{"p":"0375F00180000000","a":"WEILER ST","m":"North Braddock","u":"L","o":"individual","sf":4721,"v":4300}},{"type":"Feature","geometry":{"type":"Point","coordinates":[-79.85645,40.39938]},"properties":{"p":"0302L00099000000","a":"BELL AVE","m":"North Braddock","u":"L","o":"individual","sf":1758,"v":2700}},{"type":"Feature","geometry":{"type":"Point","coordinates":[-79.85826,40.40685]},"properties":{"p":"0301K00021000000","a":"CLIFF ST","m":"North Braddock","u":"L","o":"individual","sf":2464,"v":600}},{"type":"Feature","geometry":{"type":"Point","coordinates":[-79.85868,40.4072]},"properties":{"p":"0301K00034000000","a":"CLIFF ST","m":"North Braddock","u":"L","o":"individual","sf":4412,"v":1800}},{"type":"Feature","geometry":{"type":"Point","coordinates":[-79.84884,40.40414]},"properties":{"p":"0375A00215000000","a":"HOPE ST","m":"North Braddock","u":"B","o":"individual","sf":10000,"v":1800}},{"type":"Feature","geometry":{"type":"Point","coordinates":[-79.8473,40.40514]},"properties":{"p":"0374N00164000000","a":"HANCOCK AVE","m":"North Braddock","u":"B","o":"corp","sf":4650,"v":1300}},{"type":"Feature","geometry":{"type":"Point","coordinates":[-79.84721,40.40491]},"properties":{"p":"0374N00168000000","a":"1314 HANCOCK AVE","m":"North Braddock","u":"B","o":"corp","sf":2925,"v":1100}},{"type":"Feature","geometry":{"type":"Point","coordinates":[-79.8481,40.40478]},"properties":{"p":"0374N00244000000","a":"ORCHARD ST","m":"North Braddock","u":"B","o":"corp","sf":2250,"v":1000}},{"type":"Feature","geometry":{"type":"Point","coordinates":[-79.84821,40.40526]},"properties":{"p":"0374N00253000000","a":"ORCHARD ST","m":"North Braddock","u":"B","o":"corp","sf":7470,"v":1600}},{"type":"Feature","geometry":{"type":"Point","coordinates":[-79.84933,40.40416]},"properties":{"p":"0302D00025000000","a":"HOPE ST","m":"North Braddock","u":"B","o":"individual","sf":7707,"v":1600}}]}