zon_new,use,code,section,source_url,confidence,note
GT-A,Single-Unit Detached Residential,not_permitted,§910.01.C.1(a); §911.02 (GT column),https://ecode360.com/print/PI6865?guid=45476380,read_ecode360,§910.01.C.1(a): GT primary uses follow the §911.02 GT column; Ch. 910 sets no subdistrict-specific residential use rules (subdistricts differ in FAR/height/open space only). GT-A only: §910.01.F.2 limits street-level direct-access space to Retail Sales and Service and Restaurant uses (residential upper floors).
GT-A,Single-Unit Attached Residential,not_permitted,§910.01.C.1(a); §911.02 (GT column),https://ecode360.com/print/PI6865?guid=45476380,read_ecode360,§910.01.C.1(a): GT primary uses follow the §911.02 GT column; Ch. 910 sets no subdistrict-specific residential use rules (subdistricts differ in FAR/height/open space only). GT-A only: §910.01.F.2 limits street-level direct-access space to Retail Sales and Service and Restaurant uses (residential upper floors).
GT-A,Two-Unit Residential,P,§910.01.C.1(a); §911.02 (GT column),https://ecode360.com/print/PI6865?guid=45476380,read_ecode360,§910.01.C.1(a): GT primary uses follow the §911.02 GT column; Ch. 910 sets no subdistrict-specific residential use rules (subdistricts differ in FAR/height/open space only). GT-A only: §910.01.F.2 limits street-level direct-access space to Retail Sales and Service and Restaurant uses (residential upper floors).
GT-A,Three-Unit Residential,P,§910.01.C.1(a); §911.02 (GT column),https://ecode360.com/print/PI6865?guid=45476380,read_ecode360,§910.01.C.1(a): GT primary uses follow the §911.02 GT column; Ch. 910 sets no subdistrict-specific residential use rules (subdistricts differ in FAR/height/open space only). GT-A only: §910.01.F.2 limits street-level direct-access space to Retail Sales and Service and Restaurant uses (residential upper floors).
GT-A,Multi-Unit Residential,P,§910.01.C.1(a); §911.02 (GT column),https://ecode360.com/print/PI6865?guid=45476380,read_ecode360,§910.01.C.1(a): GT primary uses follow the §911.02 GT column; Ch. 910 sets no subdistrict-specific residential use rules (subdistricts differ in FAR/height/open space only). GT-A only: §910.01.F.2 limits street-level direct-access space to Retail Sales and Service and Restaurant uses (residential upper floors).
GT-A,Housing for the Elderly (Limited),A,§910.01.C.1(a); §911.02 (GT column),https://ecode360.com/print/PI6865?guid=45476380,read_ecode360,§910.01.C.1(a): GT primary uses follow the §911.02 GT column; Ch. 910 sets no subdistrict-specific residential use rules (subdistricts differ in FAR/height/open space only). GT-A only: §910.01.F.2 limits street-level direct-access space to Retail Sales and Service and Restaurant uses (residential upper floors).
GT-A,Housing for the Elderly (General),not_permitted,§910.01.C.1(a); §911.02 (GT column),https://ecode360.com/print/PI6865?guid=45476380,read_ecode360,§910.01.C.1(a): GT primary uses follow the §911.02 GT column; Ch. 910 sets no subdistrict-specific residential use rules (subdistricts differ in FAR/height/open space only). GT-A only: §910.01.F.2 limits street-level direct-access space to Retail Sales and Service and Restaurant uses (residential upper floors).
GT-A,Assisted Living Class A,P,§910.01.C.1(a); §911.02 (GT column),https://ecode360.com/print/PI6865?guid=45476380,read_ecode360,§910.01.C.1(a): GT primary uses follow the §911.02 GT column; Ch. 910 sets no subdistrict-specific residential use rules (subdistricts differ in FAR/height/open space only). GT-A only: §910.01.F.2 limits street-level direct-access space to Retail Sales and Service and Restaurant uses (residential upper floors).
GT-A,Assisted Living Class B,P,§910.01.C.1(a); §911.02 (GT column),https://ecode360.com/print/PI6865?guid=45476380,read_ecode360,§910.01.C.1(a): GT primary uses follow the §911.02 GT column; Ch. 910 sets no subdistrict-specific residential use rules (subdistricts differ in FAR/height/open space only). GT-A only: §910.01.F.2 limits street-level direct-access space to Retail Sales and Service and Restaurant uses (residential upper floors).
GT-A,Assisted Living Class C,P,§910.01.C.1(a); §911.02 (GT column),https://ecode360.com/print/PI6865?guid=45476380,read_ecode360,§910.01.C.1(a): GT primary uses follow the §911.02 GT column; Ch. 910 sets no subdistrict-specific residential use rules (subdistricts differ in FAR/height/open space only). GT-A only: §910.01.F.2 limits street-level direct-access space to Retail Sales and Service and Restaurant uses (residential upper floors).
GT-A,Personal Care Residence (Small),A,§910.01.C.1(a); §911.02 (GT column),https://ecode360.com/print/PI6865?guid=45476380,read_ecode360,§910.01.C.1(a): GT primary uses follow the §911.02 GT column; Ch. 910 sets no subdistrict-specific residential use rules (subdistricts differ in FAR/height/open space only). GT-A only: §910.01.F.2 limits street-level direct-access space to Retail Sales and Service and Restaurant uses (residential upper floors).
GT-A,Personal Care Residence (Large),S,§910.01.C.1(a); §911.02 (GT column),https://ecode360.com/print/PI6865?guid=45476380,read_ecode360,§910.01.C.1(a): GT primary uses follow the §911.02 GT column; Ch. 910 sets no subdistrict-specific residential use rules (subdistricts differ in FAR/height/open space only). GT-A only: §910.01.F.2 limits street-level direct-access space to Retail Sales and Service and Restaurant uses (residential upper floors).
GT-A,Community Home,S,§910.01.C.1(a); §911.02 (GT column),https://ecode360.com/print/PI6865?guid=45476380,read_ecode360,§910.01.C.1(a): GT primary uses follow the §911.02 GT column; Ch. 910 sets no subdistrict-specific residential use rules (subdistricts differ in FAR/height/open space only). GT-A only: §910.01.F.2 limits street-level direct-access space to Retail Sales and Service and Restaurant uses (residential upper floors).
GT-A,Multi-Suite Residential (Limited),P,§910.01.C.1(a); §911.02 (GT column),https://ecode360.com/print/PI6865?guid=45476380,read_ecode360,§910.01.C.1(a): GT primary uses follow the §911.02 GT column; Ch. 910 sets no subdistrict-specific residential use rules (subdistricts differ in FAR/height/open space only). GT-A only: §910.01.F.2 limits street-level direct-access space to Retail Sales and Service and Restaurant uses (residential upper floors).
GT-A,Multi-Suite Residential (General),P,§910.01.C.1(a); §911.02 (GT column),https://ecode360.com/print/PI6865?guid=45476380,read_ecode360,§910.01.C.1(a): GT primary uses follow the §911.02 GT column; Ch. 910 sets no subdistrict-specific residential use rules (subdistricts differ in FAR/height/open space only). GT-A only: §910.01.F.2 limits street-level direct-access space to Retail Sales and Service and Restaurant uses (residential upper floors).
GT-B,Single-Unit Detached Residential,not_permitted,§910.01.C.1(a); §911.02 (GT column),https://ecode360.com/print/PI6865?guid=45476380,read_ecode360,§910.01.C.1(a): GT primary uses follow the §911.02 GT column; Ch. 910 sets no subdistrict-specific residential use rules (subdistricts differ in FAR/height/open space only).
GT-B,Single-Unit Attached Residential,not_permitted,§910.01.C.1(a); §911.02 (GT column),https://ecode360.com/print/PI6865?guid=45476380,read_ecode360,§910.01.C.1(a): GT primary uses follow the §911.02 GT column; Ch. 910 sets no subdistrict-specific residential use rules (subdistricts differ in FAR/height/open space only).
GT-B,Two-Unit Residential,P,§910.01.C.1(a); §911.02 (GT column),https://ecode360.com/print/PI6865?guid=45476380,read_ecode360,§910.01.C.1(a): GT primary uses follow the §911.02 GT column; Ch. 910 sets no subdistrict-specific residential use rules (subdistricts differ in FAR/height/open space only).
GT-B,Three-Unit Residential,P,§910.01.C.1(a); §911.02 (GT column),https://ecode360.com/print/PI6865?guid=45476380,read_ecode360,§910.01.C.1(a): GT primary uses follow the §911.02 GT column; Ch. 910 sets no subdistrict-specific residential use rules (subdistricts differ in FAR/height/open space only).
GT-B,Multi-Unit Residential,P,§910.01.C.1(a); §911.02 (GT column),https://ecode360.com/print/PI6865?guid=45476380,read_ecode360,§910.01.C.1(a): GT primary uses follow the §911.02 GT column; Ch. 910 sets no subdistrict-specific residential use rules (subdistricts differ in FAR/height/open space only).
GT-B,Housing for the Elderly (Limited),A,§910.01.C.1(a); §911.02 (GT column),https://ecode360.com/print/PI6865?guid=45476380,read_ecode360,§910.01.C.1(a): GT primary uses follow the §911.02 GT column; Ch. 910 sets no subdistrict-specific residential use rules (subdistricts differ in FAR/height/open space only).
GT-B,Housing for the Elderly (General),not_permitted,§910.01.C.1(a); §911.02 (GT column),https://ecode360.com/print/PI6865?guid=45476380,read_ecode360,§910.01.C.1(a): GT primary uses follow the §911.02 GT column; Ch. 910 sets no subdistrict-specific residential use rules (subdistricts differ in FAR/height/open space only).
GT-B,Assisted Living Class A,P,§910.01.C.1(a); §911.02 (GT column),https://ecode360.com/print/PI6865?guid=45476380,read_ecode360,§910.01.C.1(a): GT primary uses follow the §911.02 GT column; Ch. 910 sets no subdistrict-specific residential use rules (subdistricts differ in FAR/height/open space only).
GT-B,Assisted Living Class B,P,§910.01.C.1(a); §911.02 (GT column),https://ecode360.com/print/PI6865?guid=45476380,read_ecode360,§910.01.C.1(a): GT primary uses follow the §911.02 GT column; Ch. 910 sets no subdistrict-specific residential use rules (subdistricts differ in FAR/height/open space only).
GT-B,Assisted Living Class C,P,§910.01.C.1(a); §911.02 (GT column),https://ecode360.com/print/PI6865?guid=45476380,read_ecode360,§910.01.C.1(a): GT primary uses follow the §911.02 GT column; Ch. 910 sets no subdistrict-specific residential use rules (subdistricts differ in FAR/height/open space only).
GT-B,Personal Care Residence (Small),A,§910.01.C.1(a); §911.02 (GT column),https://ecode360.com/print/PI6865?guid=45476380,read_ecode360,§910.01.C.1(a): GT primary uses follow the §911.02 GT column; Ch. 910 sets no subdistrict-specific residential use rules (subdistricts differ in FAR/height/open space only).
GT-B,Personal Care Residence (Large),S,§910.01.C.1(a); §911.02 (GT column),https://ecode360.com/print/PI6865?guid=45476380,read_ecode360,§910.01.C.1(a): GT primary uses follow the §911.02 GT column; Ch. 910 sets no subdistrict-specific residential use rules (subdistricts differ in FAR/height/open space only).
GT-B,Community Home,S,§910.01.C.1(a); §911.02 (GT column),https://ecode360.com/print/PI6865?guid=45476380,read_ecode360,§910.01.C.1(a): GT primary uses follow the §911.02 GT column; Ch. 910 sets no subdistrict-specific residential use rules (subdistricts differ in FAR/height/open space only).
GT-B,Multi-Suite Residential (Limited),P,§910.01.C.1(a); §911.02 (GT column),https://ecode360.com/print/PI6865?guid=45476380,read_ecode360,§910.01.C.1(a): GT primary uses follow the §911.02 GT column; Ch. 910 sets no subdistrict-specific residential use rules (subdistricts differ in FAR/height/open space only).
GT-B,Multi-Suite Residential (General),P,§910.01.C.1(a); §911.02 (GT column),https://ecode360.com/print/PI6865?guid=45476380,read_ecode360,§910.01.C.1(a): GT primary uses follow the §911.02 GT column; Ch. 910 sets no subdistrict-specific residential use rules (subdistricts differ in FAR/height/open space only).
GT-C,Single-Unit Detached Residential,not_permitted,§910.01.C.1(a); §911.02 (GT column),https://ecode360.com/print/PI6865?guid=45476380,read_ecode360,§910.01.C.1(a): GT primary uses follow the §911.02 GT column; Ch. 910 sets no subdistrict-specific residential use rules (subdistricts differ in FAR/height/open space only). Pending Bill 2026-0834 would rezone part of GT-D to GT-C.
GT-C,Single-Unit Attached Residential,not_permitted,§910.01.C.1(a); §911.02 (GT column),https://ecode360.com/print/PI6865?guid=45476380,read_ecode360,§910.01.C.1(a): GT primary uses follow the §911.02 GT column; Ch. 910 sets no subdistrict-specific residential use rules (subdistricts differ in FAR/height/open space only). Pending Bill 2026-0834 would rezone part of GT-D to GT-C.
GT-C,Two-Unit Residential,P,§910.01.C.1(a); §911.02 (GT column),https://ecode360.com/print/PI6865?guid=45476380,read_ecode360,§910.01.C.1(a): GT primary uses follow the §911.02 GT column; Ch. 910 sets no subdistrict-specific residential use rules (subdistricts differ in FAR/height/open space only). Pending Bill 2026-0834 would rezone part of GT-D to GT-C.
GT-C,Three-Unit Residential,P,§910.01.C.1(a); §911.02 (GT column),https://ecode360.com/print/PI6865?guid=45476380,read_ecode360,§910.01.C.1(a): GT primary uses follow the §911.02 GT column; Ch. 910 sets no subdistrict-specific residential use rules (subdistricts differ in FAR/height/open space only). Pending Bill 2026-0834 would rezone part of GT-D to GT-C.
GT-C,Multi-Unit Residential,P,§910.01.C.1(a); §911.02 (GT column),https://ecode360.com/print/PI6865?guid=45476380,read_ecode360,§910.01.C.1(a): GT primary uses follow the §911.02 GT column; Ch. 910 sets no subdistrict-specific residential use rules (subdistricts differ in FAR/height/open space only). Pending Bill 2026-0834 would rezone part of GT-D to GT-C.
GT-C,Housing for the Elderly (Limited),A,§910.01.C.1(a); §911.02 (GT column),https://ecode360.com/print/PI6865?guid=45476380,read_ecode360,§910.01.C.1(a): GT primary uses follow the §911.02 GT column; Ch. 910 sets no subdistrict-specific residential use rules (subdistricts differ in FAR/height/open space only). Pending Bill 2026-0834 would rezone part of GT-D to GT-C.
GT-C,Housing for the Elderly (General),not_permitted,§910.01.C.1(a); §911.02 (GT column),https://ecode360.com/print/PI6865?guid=45476380,read_ecode360,§910.01.C.1(a): GT primary uses follow the §911.02 GT column; Ch. 910 sets no subdistrict-specific residential use rules (subdistricts differ in FAR/height/open space only). Pending Bill 2026-0834 would rezone part of GT-D to GT-C.
GT-C,Assisted Living Class A,P,§910.01.C.1(a); §911.02 (GT column),https://ecode360.com/print/PI6865?guid=45476380,read_ecode360,§910.01.C.1(a): GT primary uses follow the §911.02 GT column; Ch. 910 sets no subdistrict-specific residential use rules (subdistricts differ in FAR/height/open space only). Pending Bill 2026-0834 would rezone part of GT-D to GT-C.
GT-C,Assisted Living Class B,P,§910.01.C.1(a); §911.02 (GT column),https://ecode360.com/print/PI6865?guid=45476380,read_ecode360,§910.01.C.1(a): GT primary uses follow the §911.02 GT column; Ch. 910 sets no subdistrict-specific residential use rules (subdistricts differ in FAR/height/open space only). Pending Bill 2026-0834 would rezone part of GT-D to GT-C.
GT-C,Assisted Living Class C,P,§910.01.C.1(a); §911.02 (GT column),https://ecode360.com/print/PI6865?guid=45476380,read_ecode360,§910.01.C.1(a): GT primary uses follow the §911.02 GT column; Ch. 910 sets no subdistrict-specific residential use rules (subdistricts differ in FAR/height/open space only). Pending Bill 2026-0834 would rezone part of GT-D to GT-C.
GT-C,Personal Care Residence (Small),A,§910.01.C.1(a); §911.02 (GT column),https://ecode360.com/print/PI6865?guid=45476380,read_ecode360,§910.01.C.1(a): GT primary uses follow the §911.02 GT column; Ch. 910 sets no subdistrict-specific residential use rules (subdistricts differ in FAR/height/open space only). Pending Bill 2026-0834 would rezone part of GT-D to GT-C.
GT-C,Personal Care Residence (Large),S,§910.01.C.1(a); §911.02 (GT column),https://ecode360.com/print/PI6865?guid=45476380,read_ecode360,§910.01.C.1(a): GT primary uses follow the §911.02 GT column; Ch. 910 sets no subdistrict-specific residential use rules (subdistricts differ in FAR/height/open space only). Pending Bill 2026-0834 would rezone part of GT-D to GT-C.
GT-C,Community Home,S,§910.01.C.1(a); §911.02 (GT column),https://ecode360.com/print/PI6865?guid=45476380,read_ecode360,§910.01.C.1(a): GT primary uses follow the §911.02 GT column; Ch. 910 sets no subdistrict-specific residential use rules (subdistricts differ in FAR/height/open space only). Pending Bill 2026-0834 would rezone part of GT-D to GT-C.
GT-C,Multi-Suite Residential (Limited),P,§910.01.C.1(a); §911.02 (GT column),https://ecode360.com/print/PI6865?guid=45476380,read_ecode360,§910.01.C.1(a): GT primary uses follow the §911.02 GT column; Ch. 910 sets no subdistrict-specific residential use rules (subdistricts differ in FAR/height/open space only). Pending Bill 2026-0834 would rezone part of GT-D to GT-C.
GT-C,Multi-Suite Residential (General),P,§910.01.C.1(a); §911.02 (GT column),https://ecode360.com/print/PI6865?guid=45476380,read_ecode360,§910.01.C.1(a): GT primary uses follow the §911.02 GT column; Ch. 910 sets no subdistrict-specific residential use rules (subdistricts differ in FAR/height/open space only). Pending Bill 2026-0834 would rezone part of GT-D to GT-C.
GT-D,Single-Unit Detached Residential,not_permitted,§910.01.C.1(a); §911.02 (GT column),https://ecode360.com/print/PI6865?guid=45476380,read_ecode360,§910.01.C.1(a): GT primary uses follow the §911.02 GT column; Ch. 910 sets no subdistrict-specific residential use rules (subdistricts differ in FAR/height/open space only). Pending Bill 2026-0834 would rezone part of GT-D to GT-C.
GT-D,Single-Unit Attached Residential,not_permitted,§910.01.C.1(a); §911.02 (GT column),https://ecode360.com/print/PI6865?guid=45476380,read_ecode360,§910.01.C.1(a): GT primary uses follow the §911.02 GT column; Ch. 910 sets no subdistrict-specific residential use rules (subdistricts differ in FAR/height/open space only). Pending Bill 2026-0834 would rezone part of GT-D to GT-C.
GT-D,Two-Unit Residential,P,§910.01.C.1(a); §911.02 (GT column),https://ecode360.com/print/PI6865?guid=45476380,read_ecode360,§910.01.C.1(a): GT primary uses follow the §911.02 GT column; Ch. 910 sets no subdistrict-specific residential use rules (subdistricts differ in FAR/height/open space only). Pending Bill 2026-0834 would rezone part of GT-D to GT-C.
GT-D,Three-Unit Residential,P,§910.01.C.1(a); §911.02 (GT column),https://ecode360.com/print/PI6865?guid=45476380,read_ecode360,§910.01.C.1(a): GT primary uses follow the §911.02 GT column; Ch. 910 sets no subdistrict-specific residential use rules (subdistricts differ in FAR/height/open space only). Pending Bill 2026-0834 would rezone part of GT-D to GT-C.
GT-D,Multi-Unit Residential,P,§910.01.C.1(a); §911.02 (GT column),https://ecode360.com/print/PI6865?guid=45476380,read_ecode360,§910.01.C.1(a): GT primary uses follow the §911.02 GT column; Ch. 910 sets no subdistrict-specific residential use rules (subdistricts differ in FAR/height/open space only). Pending Bill 2026-0834 would rezone part of GT-D to GT-C.
GT-D,Housing for the Elderly (Limited),A,§910.01.C.1(a); §911.02 (GT column),https://ecode360.com/print/PI6865?guid=45476380,read_ecode360,§910.01.C.1(a): GT primary uses follow the §911.02 GT column; Ch. 910 sets no subdistrict-specific residential use rules (subdistricts differ in FAR/height/open space only). Pending Bill 2026-0834 would rezone part of GT-D to GT-C.
GT-D,Housing for the Elderly (General),not_permitted,§910.01.C.1(a); §911.02 (GT column),https://ecode360.com/print/PI6865?guid=45476380,read_ecode360,§910.01.C.1(a): GT primary uses follow the §911.02 GT column; Ch. 910 sets no subdistrict-specific residential use rules (subdistricts differ in FAR/height/open space only). Pending Bill 2026-0834 would rezone part of GT-D to GT-C.
GT-D,Assisted Living Class A,P,§910.01.C.1(a); §911.02 (GT column),https://ecode360.com/print/PI6865?guid=45476380,read_ecode360,§910.01.C.1(a): GT primary uses follow the §911.02 GT column; Ch. 910 sets no subdistrict-specific residential use rules (subdistricts differ in FAR/height/open space only). Pending Bill 2026-0834 would rezone part of GT-D to GT-C.
GT-D,Assisted Living Class B,P,§910.01.C.1(a); §911.02 (GT column),https://ecode360.com/print/PI6865?guid=45476380,read_ecode360,§910.01.C.1(a): GT primary uses follow the §911.02 GT column; Ch. 910 sets no subdistrict-specific residential use rules (subdistricts differ in FAR/height/open space only). Pending Bill 2026-0834 would rezone part of GT-D to GT-C.
GT-D,Assisted Living Class C,P,§910.01.C.1(a); §911.02 (GT column),https://ecode360.com/print/PI6865?guid=45476380,read_ecode360,§910.01.C.1(a): GT primary uses follow the §911.02 GT column; Ch. 910 sets no subdistrict-specific residential use rules (subdistricts differ in FAR/height/open space only). Pending Bill 2026-0834 would rezone part of GT-D to GT-C.
GT-D,Personal Care Residence (Small),A,§910.01.C.1(a); §911.02 (GT column),https://ecode360.com/print/PI6865?guid=45476380,read_ecode360,§910.01.C.1(a): GT primary uses follow the §911.02 GT column; Ch. 910 sets no subdistrict-specific residential use rules (subdistricts differ in FAR/height/open space only). Pending Bill 2026-0834 would rezone part of GT-D to GT-C.
GT-D,Personal Care Residence (Large),S,§910.01.C.1(a); §911.02 (GT column),https://ecode360.com/print/PI6865?guid=45476380,read_ecode360,§910.01.C.1(a): GT primary uses follow the §911.02 GT column; Ch. 910 sets no subdistrict-specific residential use rules (subdistricts differ in FAR/height/open space only). Pending Bill 2026-0834 would rezone part of GT-D to GT-C.
GT-D,Community Home,S,§910.01.C.1(a); §911.02 (GT column),https://ecode360.com/print/PI6865?guid=45476380,read_ecode360,§910.01.C.1(a): GT primary uses follow the §911.02 GT column; Ch. 910 sets no subdistrict-specific residential use rules (subdistricts differ in FAR/height/open space only). Pending Bill 2026-0834 would rezone part of GT-D to GT-C.
GT-D,Multi-Suite Residential (Limited),P,§910.01.C.1(a); §911.02 (GT column),https://ecode360.com/print/PI6865?guid=45476380,read_ecode360,§910.01.C.1(a): GT primary uses follow the §911.02 GT column; Ch. 910 sets no subdistrict-specific residential use rules (subdistricts differ in FAR/height/open space only). Pending Bill 2026-0834 would rezone part of GT-D to GT-C.
GT-D,Multi-Suite Residential (General),P,§910.01.C.1(a); §911.02 (GT column),https://ecode360.com/print/PI6865?guid=45476380,read_ecode360,§910.01.C.1(a): GT primary uses follow the §911.02 GT column; Ch. 910 sets no subdistrict-specific residential use rules (subdistricts differ in FAR/height/open space only). Pending Bill 2026-0834 would rezone part of GT-D to GT-C.
GT-E,Single-Unit Detached Residential,not_permitted,§910.01.C.1(a); §911.02 (GT column),https://ecode360.com/print/PI6865?guid=45476380,read_ecode360,§910.01.C.1(a): GT primary uses follow the §911.02 GT column; Ch. 910 sets no subdistrict-specific residential use rules (subdistricts differ in FAR/height/open space only).
GT-E,Single-Unit Attached Residential,not_permitted,§910.01.C.1(a); §911.02 (GT column),https://ecode360.com/print/PI6865?guid=45476380,read_ecode360,§910.01.C.1(a): GT primary uses follow the §911.02 GT column; Ch. 910 sets no subdistrict-specific residential use rules (subdistricts differ in FAR/height/open space only).
GT-E,Two-Unit Residential,P,§910.01.C.1(a); §911.02 (GT column),https://ecode360.com/print/PI6865?guid=45476380,read_ecode360,§910.01.C.1(a): GT primary uses follow the §911.02 GT column; Ch. 910 sets no subdistrict-specific residential use rules (subdistricts differ in FAR/height/open space only).
GT-E,Three-Unit Residential,P,§910.01.C.1(a); §911.02 (GT column),https://ecode360.com/print/PI6865?guid=45476380,read_ecode360,§910.01.C.1(a): GT primary uses follow the §911.02 GT column; Ch. 910 sets no subdistrict-specific residential use rules (subdistricts differ in FAR/height/open space only).
GT-E,Multi-Unit Residential,P,§910.01.C.1(a); §911.02 (GT column),https://ecode360.com/print/PI6865?guid=45476380,read_ecode360,§910.01.C.1(a): GT primary uses follow the §911.02 GT column; Ch. 910 sets no subdistrict-specific residential use rules (subdistricts differ in FAR/height/open space only).
GT-E,Housing for the Elderly (Limited),A,§910.01.C.1(a); §911.02 (GT column),https://ecode360.com/print/PI6865?guid=45476380,read_ecode360,§910.01.C.1(a): GT primary uses follow the §911.02 GT column; Ch. 910 sets no subdistrict-specific residential use rules (subdistricts differ in FAR/height/open space only).
GT-E,Housing for the Elderly (General),not_permitted,§910.01.C.1(a); §911.02 (GT column),https://ecode360.com/print/PI6865?guid=45476380,read_ecode360,§910.01.C.1(a): GT primary uses follow the §911.02 GT column; Ch. 910 sets no subdistrict-specific residential use rules (subdistricts differ in FAR/height/open space only).
GT-E,Assisted Living Class A,P,§910.01.C.1(a); §911.02 (GT column),https://ecode360.com/print/PI6865?guid=45476380,read_ecode360,§910.01.C.1(a): GT primary uses follow the §911.02 GT column; Ch. 910 sets no subdistrict-specific residential use rules (subdistricts differ in FAR/height/open space only).
GT-E,Assisted Living Class B,P,§910.01.C.1(a); §911.02 (GT column),https://ecode360.com/print/PI6865?guid=45476380,read_ecode360,§910.01.C.1(a): GT primary uses follow the §911.02 GT column; Ch. 910 sets no subdistrict-specific residential use rules (subdistricts differ in FAR/height/open space only).
GT-E,Assisted Living Class C,P,§910.01.C.1(a); §911.02 (GT column),https://ecode360.com/print/PI6865?guid=45476380,read_ecode360,§910.01.C.1(a): GT primary uses follow the §911.02 GT column; Ch. 910 sets no subdistrict-specific residential use rules (subdistricts differ in FAR/height/open space only).
GT-E,Personal Care Residence (Small),A,§910.01.C.1(a); §911.02 (GT column),https://ecode360.com/print/PI6865?guid=45476380,read_ecode360,§910.01.C.1(a): GT primary uses follow the §911.02 GT column; Ch. 910 sets no subdistrict-specific residential use rules (subdistricts differ in FAR/height/open space only).
GT-E,Personal Care Residence (Large),S,§910.01.C.1(a); §911.02 (GT column),https://ecode360.com/print/PI6865?guid=45476380,read_ecode360,§910.01.C.1(a): GT primary uses follow the §911.02 GT column; Ch. 910 sets no subdistrict-specific residential use rules (subdistricts differ in FAR/height/open space only).
GT-E,Community Home,S,§910.01.C.1(a); §911.02 (GT column),https://ecode360.com/print/PI6865?guid=45476380,read_ecode360,§910.01.C.1(a): GT primary uses follow the §911.02 GT column; Ch. 910 sets no subdistrict-specific residential use rules (subdistricts differ in FAR/height/open space only).
GT-E,Multi-Suite Residential (Limited),P,§910.01.C.1(a); §911.02 (GT column),https://ecode360.com/print/PI6865?guid=45476380,read_ecode360,§910.01.C.1(a): GT primary uses follow the §911.02 GT column; Ch. 910 sets no subdistrict-specific residential use rules (subdistricts differ in FAR/height/open space only).
GT-E,Multi-Suite Residential (General),P,§910.01.C.1(a); §911.02 (GT column),https://ecode360.com/print/PI6865?guid=45476380,read_ecode360,§910.01.C.1(a): GT primary uses follow the §911.02 GT column; Ch. 910 sets no subdistrict-specific residential use rules (subdistricts differ in FAR/height/open space only).
UPR-A,Single-Unit Detached Residential,not_permitted,§908.04.D.1.b; §911.02 (GT column),https://ecode360.com/print/PI6865?guid=45475575,read_ecode360,"UPR-A uses 'are the same as those found in Chapter 903 for the GT, Golden Triangle District, except where modified'; no modification for this use, so the §911.02 GT column applies (the text says Ch. 903 though GT is Ch. 910/LNC is Ch. 904; read as the §911.02 column). Uptown PDP/Design Review (§908.01.F, §908.04.C.2) also applies."
UPR-A,Single-Unit Attached Residential,not_permitted,§908.04.D.1.b; §911.02 (GT column),https://ecode360.com/print/PI6865?guid=45475575,read_ecode360,"UPR-A uses 'are the same as those found in Chapter 903 for the GT, Golden Triangle District, except where modified'; no modification for this use, so the §911.02 GT column applies (the text says Ch. 903 though GT is Ch. 910/LNC is Ch. 904; read as the §911.02 column). Uptown PDP/Design Review (§908.01.F, §908.04.C.2) also applies."
UPR-A,Two-Unit Residential,P,§908.04.D.1.b; §911.02 (GT column),https://ecode360.com/print/PI6865?guid=45475575,read_ecode360,"UPR-A uses 'are the same as those found in Chapter 903 for the GT, Golden Triangle District, except where modified'; no modification for this use, so the §911.02 GT column applies (the text says Ch. 903 though GT is Ch. 910/LNC is Ch. 904; read as the §911.02 column). Uptown PDP/Design Review (§908.01.F, §908.04.C.2) also applies."
UPR-A,Three-Unit Residential,P,§908.04.D.1.b; §911.02 (GT column),https://ecode360.com/print/PI6865?guid=45475575,read_ecode360,"UPR-A uses 'are the same as those found in Chapter 903 for the GT, Golden Triangle District, except where modified'; no modification for this use, so the §911.02 GT column applies (the text says Ch. 903 though GT is Ch. 910/LNC is Ch. 904; read as the §911.02 column). Uptown PDP/Design Review (§908.01.F, §908.04.C.2) also applies."
UPR-A,Multi-Unit Residential,P,§908.04.D.1.b; §911.02 (GT column),https://ecode360.com/print/PI6865?guid=45475575,read_ecode360,"UPR-A uses 'are the same as those found in Chapter 903 for the GT, Golden Triangle District, except where modified'; no modification for this use, so the §911.02 GT column applies (the text says Ch. 903 though GT is Ch. 910/LNC is Ch. 904; read as the §911.02 column). Uptown PDP/Design Review (§908.01.F, §908.04.C.2) also applies."
UPR-A,Housing for the Elderly (Limited),P,§908.04.D.1.b,https://ecode360.com/print/PI6865?guid=45475575,read_ecode360,"Listed 'Permitted By Right' in UPR-A, overriding the GT baseline (§911.02 GT = A)."
UPR-A,Housing for the Elderly (General),P,§908.04.D.1.b,https://ecode360.com/print/PI6865?guid=45475575,read_ecode360,"Listed 'Permitted By Right' in UPR-A, overriding the GT baseline (§911.02 GT = blank)."
UPR-A,Assisted Living Class A,P,§908.04.D.1.b; §911.02 (GT column),https://ecode360.com/print/PI6865?guid=45475575,read_ecode360,"UPR-A uses 'are the same as those found in Chapter 903 for the GT, Golden Triangle District, except where modified'; no modification for this use, so the §911.02 GT column applies (the text says Ch. 903 though GT is Ch. 910/LNC is Ch. 904; read as the §911.02 column). Uptown PDP/Design Review (§908.01.F, §908.04.C.2) also applies."
UPR-A,Assisted Living Class B,P,§908.04.D.1.b; §911.02 (GT column),https://ecode360.com/print/PI6865?guid=45475575,read_ecode360,"UPR-A uses 'are the same as those found in Chapter 903 for the GT, Golden Triangle District, except where modified'; no modification for this use, so the §911.02 GT column applies (the text says Ch. 903 though GT is Ch. 910/LNC is Ch. 904; read as the §911.02 column). Uptown PDP/Design Review (§908.01.F, §908.04.C.2) also applies."
UPR-A,Assisted Living Class C,P,§908.04.D.1.b; §911.02 (GT column),https://ecode360.com/print/PI6865?guid=45475575,read_ecode360,"UPR-A uses 'are the same as those found in Chapter 903 for the GT, Golden Triangle District, except where modified'; no modification for this use, so the §911.02 GT column applies (the text says Ch. 903 though GT is Ch. 910/LNC is Ch. 904; read as the §911.02 column). Uptown PDP/Design Review (§908.01.F, §908.04.C.2) also applies."
UPR-A,Personal Care Residence (Small),A,§908.04.D.1.b; §911.02 (GT column),https://ecode360.com/print/PI6865?guid=45475575,read_ecode360,"UPR-A uses 'are the same as those found in Chapter 903 for the GT, Golden Triangle District, except where modified'; no modification for this use, so the §911.02 GT column applies (the text says Ch. 903 though GT is Ch. 910/LNC is Ch. 904; read as the §911.02 column). Uptown PDP/Design Review (§908.01.F, §908.04.C.2) also applies."
UPR-A,Personal Care Residence (Large),S,§908.04.D.1.b; §911.02 (GT column),https://ecode360.com/print/PI6865?guid=45475575,read_ecode360,"UPR-A uses 'are the same as those found in Chapter 903 for the GT, Golden Triangle District, except where modified'; no modification for this use, so the §911.02 GT column applies (the text says Ch. 903 though GT is Ch. 910/LNC is Ch. 904; read as the §911.02 column). Uptown PDP/Design Review (§908.01.F, §908.04.C.2) also applies."
UPR-A,Community Home,S,§908.04.D.1.b; §911.02 (GT column),https://ecode360.com/print/PI6865?guid=45475575,read_ecode360,"UPR-A uses 'are the same as those found in Chapter 903 for the GT, Golden Triangle District, except where modified'; no modification for this use, so the §911.02 GT column applies (the text says Ch. 903 though GT is Ch. 910/LNC is Ch. 904; read as the §911.02 column). Uptown PDP/Design Review (§908.01.F, §908.04.C.2) also applies."
UPR-A,Multi-Suite Residential (Limited),P,§908.04.D.1.b; §911.02 (GT column),https://ecode360.com/print/PI6865?guid=45475575,read_ecode360,"UPR-A uses 'are the same as those found in Chapter 903 for the GT, Golden Triangle District, except where modified'; no modification for this use, so the §911.02 GT column applies (the text says Ch. 903 though GT is Ch. 910/LNC is Ch. 904; read as the §911.02 column). Uptown PDP/Design Review (§908.01.F, §908.04.C.2) also applies."
UPR-A,Multi-Suite Residential (General),P,§908.04.D.1.b; §911.02 (GT column),https://ecode360.com/print/PI6865?guid=45475575,read_ecode360,"UPR-A uses 'are the same as those found in Chapter 903 for the GT, Golden Triangle District, except where modified'; no modification for this use, so the §911.02 GT column applies (the text says Ch. 903 though GT is Ch. 910/LNC is Ch. 904; read as the §911.02 column). Uptown PDP/Design Review (§908.01.F, §908.04.C.2) also applies."
UPR-B,Single-Unit Detached Residential,P,§908.04.D.2.b; §911.02 (LNC column),https://ecode360.com/print/PI6865?guid=45475575,read_ecode360,"UPR-B uses 'are the same as those found in Chapter 903 for the LNC, Local Neighborhood Commercial District, except where modified'; no modification for this use, so the §911.02 LNC column applies (the text says Ch. 903 though GT is Ch. 910/LNC is Ch. 904; read as the §911.02 column). Uptown PDP/Design Review (§908.01.F, §908.04.C.2) also applies."
UPR-B,Single-Unit Attached Residential,P,§908.04.D.2.b; §911.02 (LNC column),https://ecode360.com/print/PI6865?guid=45475575,read_ecode360,"UPR-B uses 'are the same as those found in Chapter 903 for the LNC, Local Neighborhood Commercial District, except where modified'; no modification for this use, so the §911.02 LNC column applies (the text says Ch. 903 though GT is Ch. 910/LNC is Ch. 904; read as the §911.02 column). Uptown PDP/Design Review (§908.01.F, §908.04.C.2) also applies."
UPR-B,Two-Unit Residential,P,§908.04.D.2.b; §911.02 (LNC column),https://ecode360.com/print/PI6865?guid=45475575,read_ecode360,"UPR-B uses 'are the same as those found in Chapter 903 for the LNC, Local Neighborhood Commercial District, except where modified'; no modification for this use, so the §911.02 LNC column applies (the text says Ch. 903 though GT is Ch. 910/LNC is Ch. 904; read as the §911.02 column). Uptown PDP/Design Review (§908.01.F, §908.04.C.2) also applies."
UPR-B,Three-Unit Residential,P,§908.04.D.2.b; §911.02 (LNC column),https://ecode360.com/print/PI6865?guid=45475575,read_ecode360,"UPR-B uses 'are the same as those found in Chapter 903 for the LNC, Local Neighborhood Commercial District, except where modified'; no modification for this use, so the §911.02 LNC column applies (the text says Ch. 903 though GT is Ch. 910/LNC is Ch. 904; read as the §911.02 column). Uptown PDP/Design Review (§908.01.F, §908.04.C.2) also applies."
UPR-B,Multi-Unit Residential,P,§908.04.D.2.b; §911.02 (LNC column),https://ecode360.com/print/PI6865?guid=45475575,read_ecode360,"UPR-B uses 'are the same as those found in Chapter 903 for the LNC, Local Neighborhood Commercial District, except where modified'; no modification for this use, so the §911.02 LNC column applies (the text says Ch. 903 though GT is Ch. 910/LNC is Ch. 904; read as the §911.02 column). Uptown PDP/Design Review (§908.01.F, §908.04.C.2) also applies."
UPR-B,Housing for the Elderly (Limited),P,§908.04.D.2.b,https://ecode360.com/print/PI6865?guid=45475575,read_ecode360,"Listed 'Permitted By Right' in UPR-B, overriding the LNC baseline (§911.02 LNC = A)."
UPR-B,Housing for the Elderly (General),P,§908.04.D.2.b,https://ecode360.com/print/PI6865?guid=45475575,read_ecode360,"Listed 'Permitted By Right' in UPR-B, overriding the LNC baseline (§911.02 LNC = S)."
UPR-B,Assisted Living Class A,A,§908.04.D.2.b; §911.02 (LNC column),https://ecode360.com/print/PI6865?guid=45475575,read_ecode360,"UPR-B uses 'are the same as those found in Chapter 903 for the LNC, Local Neighborhood Commercial District, except where modified'; no modification for this use, so the §911.02 LNC column applies (the text says Ch. 903 though GT is Ch. 910/LNC is Ch. 904; read as the §911.02 column). Uptown PDP/Design Review (§908.01.F, §908.04.C.2) also applies."
UPR-B,Assisted Living Class B,S,§908.04.D.2.b; §911.02 (LNC column),https://ecode360.com/print/PI6865?guid=45475575,read_ecode360,"UPR-B uses 'are the same as those found in Chapter 903 for the LNC, Local Neighborhood Commercial District, except where modified'; no modification for this use, so the §911.02 LNC column applies (the text says Ch. 903 though GT is Ch. 910/LNC is Ch. 904; read as the §911.02 column). Uptown PDP/Design Review (§908.01.F, §908.04.C.2) also applies."
UPR-B,Assisted Living Class C,S,§908.04.D.2.b; §911.02 (LNC column),https://ecode360.com/print/PI6865?guid=45475575,read_ecode360,"UPR-B uses 'are the same as those found in Chapter 903 for the LNC, Local Neighborhood Commercial District, except where modified'; no modification for this use, so the §911.02 LNC column applies (the text says Ch. 903 though GT is Ch. 910/LNC is Ch. 904; read as the §911.02 column). Uptown PDP/Design Review (§908.01.F, §908.04.C.2) also applies."
UPR-B,Personal Care Residence (Small),A,§908.04.D.2.b; §911.02 (LNC column),https://ecode360.com/print/PI6865?guid=45475575,read_ecode360,"UPR-B uses 'are the same as those found in Chapter 903 for the LNC, Local Neighborhood Commercial District, except where modified'; no modification for this use, so the §911.02 LNC column applies (the text says Ch. 903 though GT is Ch. 910/LNC is Ch. 904; read as the §911.02 column). Uptown PDP/Design Review (§908.01.F, §908.04.C.2) also applies."
UPR-B,Personal Care Residence (Large),S,§908.04.D.2.b; §911.02 (LNC column),https://ecode360.com/print/PI6865?guid=45475575,read_ecode360,"UPR-B uses 'are the same as those found in Chapter 903 for the LNC, Local Neighborhood Commercial District, except where modified'; no modification for this use, so the §911.02 LNC column applies (the text says Ch. 903 though GT is Ch. 910/LNC is Ch. 904; read as the §911.02 column). Uptown PDP/Design Review (§908.01.F, §908.04.C.2) also applies."
UPR-B,Community Home,S,§908.04.D.2.b; §911.02 (LNC column),https://ecode360.com/print/PI6865?guid=45475575,read_ecode360,"UPR-B uses 'are the same as those found in Chapter 903 for the LNC, Local Neighborhood Commercial District, except where modified'; no modification for this use, so the §911.02 LNC column applies (the text says Ch. 903 though GT is Ch. 910/LNC is Ch. 904; read as the §911.02 column). Uptown PDP/Design Review (§908.01.F, §908.04.C.2) also applies."
UPR-B,Multi-Suite Residential (Limited),A,§908.04.D.2.b; §911.02 (LNC column),https://ecode360.com/print/PI6865?guid=45475575,read_ecode360,"UPR-B uses 'are the same as those found in Chapter 903 for the LNC, Local Neighborhood Commercial District, except where modified'; no modification for this use, so the §911.02 LNC column applies (the text says Ch. 903 though GT is Ch. 910/LNC is Ch. 904; read as the §911.02 column). Uptown PDP/Design Review (§908.01.F, §908.04.C.2) also applies."
UPR-B,Multi-Suite Residential (General),S,§908.04.D.2.b; §911.02 (LNC column),https://ecode360.com/print/PI6865?guid=45475575,read_ecode360,"UPR-B uses 'are the same as those found in Chapter 903 for the LNC, Local Neighborhood Commercial District, except where modified'; no modification for this use, so the §911.02 LNC column applies (the text says Ch. 903 though GT is Ch. 910/LNC is Ch. 904; read as the §911.02 column). Uptown PDP/Design Review (§908.01.F, §908.04.C.2) also applies."
GPRA,Single-Unit Detached Residential,P,§908.02.D.1(a),https://ecode360.com/print/PI6865?guid=45475462,read_ecode360,Listed as permitted by-right in GPR-A. Public Realm Project Development Plan (Planning Commission) also required for new construction (§908.01.F).
GPRA,Single-Unit Attached Residential,P,§908.02.D.1(a),https://ecode360.com/print/PI6865?guid=45475462,read_ecode360,Listed as permitted by-right in GPR-A. Public Realm Project Development Plan (Planning Commission) also required for new construction (§908.01.F).
GPRA,Two-Unit Residential,P,§908.02.D.1(a),https://ecode360.com/print/PI6865?guid=45475462,read_ecode360,Listed as permitted by-right in GPR-A. Public Realm Project Development Plan (Planning Commission) also required for new construction (§908.01.F).
GPRA,Three-Unit Residential,not_permitted,"§908.02.D.1(a),(d)",https://ecode360.com/print/PI6865?guid=45475462,unconfirmed,"Not in the GPR-A by-right list. Exceptions are 'the same as those found in Chapter 903 for the RT-3, Residential Two-Unit, Moderate Density district', a district name that no longer exists in Ch. 903; the nearest current analog (R2) does not permit this use in §911.02, so treated as not permitted (inference)."
GPRA,Multi-Unit Residential,not_permitted,"§908.02.D.1(a),(d)",https://ecode360.com/print/PI6865?guid=45475462,unconfirmed,"Not in the GPR-A by-right list. Exceptions are 'the same as those found in Chapter 903 for the RT-3, Residential Two-Unit, Moderate Density district', a district name that no longer exists in Ch. 903; the nearest current analog (R2) does not permit this use in §911.02, so treated as not permitted (inference)."
GPRA,Housing for the Elderly (Limited),unknown,§908.02.D.1(d),https://ecode360.com/print/PI6865?guid=45475462,unconfirmed,"Not listed by-right. §908.02.D.1(d): 'Use exceptions are the same as those found in Chapter 903 for the RT-3, Residential Two-Unit, Moderate Density district' - an obsolete district name not in current Ch. 903 or §911.02. If read as current R2, §911.02 R2 = S. Note §911.04.A.41(a)(1), A.66(c)(2) and A.95B(b) name 'Grandview Public Realm Districts' (with RM) as a setting for Multi-Suite (Limited), Assisted Living C and Personal Care (Small), implying some group uses were contemplated there."
GPRA,Housing for the Elderly (General),unknown,§908.02.D.1(d),https://ecode360.com/print/PI6865?guid=45475462,unconfirmed,"Not listed by-right. §908.02.D.1(d): 'Use exceptions are the same as those found in Chapter 903 for the RT-3, Residential Two-Unit, Moderate Density district' - an obsolete district name not in current Ch. 903 or §911.02. If read as current R2, §911.02 R2 = blank. Note §911.04.A.41(a)(1), A.66(c)(2) and A.95B(b) name 'Grandview Public Realm Districts' (with RM) as a setting for Multi-Suite (Limited), Assisted Living C and Personal Care (Small), implying some group uses were contemplated there."
GPRA,Assisted Living Class A,unknown,§908.02.D.1(d),https://ecode360.com/print/PI6865?guid=45475462,unconfirmed,"Not listed by-right. §908.02.D.1(d): 'Use exceptions are the same as those found in Chapter 903 for the RT-3, Residential Two-Unit, Moderate Density district' - an obsolete district name not in current Ch. 903 or §911.02. If read as current R2, §911.02 R2 = S. Note §911.04.A.41(a)(1), A.66(c)(2) and A.95B(b) name 'Grandview Public Realm Districts' (with RM) as a setting for Multi-Suite (Limited), Assisted Living C and Personal Care (Small), implying some group uses were contemplated there."
GPRA,Assisted Living Class B,unknown,§908.02.D.1(d),https://ecode360.com/print/PI6865?guid=45475462,unconfirmed,"Not listed by-right. §908.02.D.1(d): 'Use exceptions are the same as those found in Chapter 903 for the RT-3, Residential Two-Unit, Moderate Density district' - an obsolete district name not in current Ch. 903 or §911.02. If read as current R2, §911.02 R2 = blank. Note §911.04.A.41(a)(1), A.66(c)(2) and A.95B(b) name 'Grandview Public Realm Districts' (with RM) as a setting for Multi-Suite (Limited), Assisted Living C and Personal Care (Small), implying some group uses were contemplated there."
GPRA,Assisted Living Class C,unknown,§908.02.D.1(d),https://ecode360.com/print/PI6865?guid=45475462,unconfirmed,"Not listed by-right. §908.02.D.1(d): 'Use exceptions are the same as those found in Chapter 903 for the RT-3, Residential Two-Unit, Moderate Density district' - an obsolete district name not in current Ch. 903 or §911.02. If read as current R2, §911.02 R2 = blank. Note §911.04.A.41(a)(1), A.66(c)(2) and A.95B(b) name 'Grandview Public Realm Districts' (with RM) as a setting for Multi-Suite (Limited), Assisted Living C and Personal Care (Small), implying some group uses were contemplated there."
GPRA,Personal Care Residence (Small),unknown,§908.02.D.1(d),https://ecode360.com/print/PI6865?guid=45475462,unconfirmed,"Not listed by-right. §908.02.D.1(d): 'Use exceptions are the same as those found in Chapter 903 for the RT-3, Residential Two-Unit, Moderate Density district' - an obsolete district name not in current Ch. 903 or §911.02. If read as current R2, §911.02 R2 = A. Note §911.04.A.41(a)(1), A.66(c)(2) and A.95B(b) name 'Grandview Public Realm Districts' (with RM) as a setting for Multi-Suite (Limited), Assisted Living C and Personal Care (Small), implying some group uses were contemplated there."
GPRA,Personal Care Residence (Large),unknown,§908.02.D.1(d),https://ecode360.com/print/PI6865?guid=45475462,unconfirmed,"Not listed by-right. §908.02.D.1(d): 'Use exceptions are the same as those found in Chapter 903 for the RT-3, Residential Two-Unit, Moderate Density district' - an obsolete district name not in current Ch. 903 or §911.02. If read as current R2, §911.02 R2 = S. Note §911.04.A.41(a)(1), A.66(c)(2) and A.95B(b) name 'Grandview Public Realm Districts' (with RM) as a setting for Multi-Suite (Limited), Assisted Living C and Personal Care (Small), implying some group uses were contemplated there."
GPRA,Community Home,unknown,§908.02.D.1(d),https://ecode360.com/print/PI6865?guid=45475462,unconfirmed,"Not listed by-right. §908.02.D.1(d): 'Use exceptions are the same as those found in Chapter 903 for the RT-3, Residential Two-Unit, Moderate Density district' - an obsolete district name not in current Ch. 903 or §911.02. If read as current R2, §911.02 R2 = S. Note §911.04.A.41(a)(1), A.66(c)(2) and A.95B(b) name 'Grandview Public Realm Districts' (with RM) as a setting for Multi-Suite (Limited), Assisted Living C and Personal Care (Small), implying some group uses were contemplated there."
GPRA,Multi-Suite Residential (Limited),unknown,§908.02.D.1(d),https://ecode360.com/print/PI6865?guid=45475462,unconfirmed,"Not listed by-right. §908.02.D.1(d): 'Use exceptions are the same as those found in Chapter 903 for the RT-3, Residential Two-Unit, Moderate Density district' - an obsolete district name not in current Ch. 903 or §911.02. If read as current R2, §911.02 R2 = blank. Note §911.04.A.41(a)(1), A.66(c)(2) and A.95B(b) name 'Grandview Public Realm Districts' (with RM) as a setting for Multi-Suite (Limited), Assisted Living C and Personal Care (Small), implying some group uses were contemplated there."
GPRA,Multi-Suite Residential (General),unknown,§908.02.D.1(d),https://ecode360.com/print/PI6865?guid=45475462,unconfirmed,"Not listed by-right. §908.02.D.1(d): 'Use exceptions are the same as those found in Chapter 903 for the RT-3, Residential Two-Unit, Moderate Density district' - an obsolete district name not in current Ch. 903 or §911.02. If read as current R2, §911.02 R2 = blank. Note §911.04.A.41(a)(1), A.66(c)(2) and A.95B(b) name 'Grandview Public Realm Districts' (with RM) as a setting for Multi-Suite (Limited), Assisted Living C and Personal Care (Small), implying some group uses were contemplated there."
GPRB,Single-Unit Detached Residential,P,§908.02.D.2(a),https://ecode360.com/print/PI6865?guid=45475462,read_ecode360,Listed as permitted by-right in GPR-B. Public Realm Project Development Plan (Planning Commission) also required for new construction (§908.01.F).
GPRB,Single-Unit Attached Residential,P,§908.02.D.2(a),https://ecode360.com/print/PI6865?guid=45475462,read_ecode360,Listed as permitted by-right in GPR-B. Public Realm Project Development Plan (Planning Commission) also required for new construction (§908.01.F).
GPRB,Two-Unit Residential,P,§908.02.D.2(a),https://ecode360.com/print/PI6865?guid=45475462,read_ecode360,Listed as permitted by-right in GPR-B. Public Realm Project Development Plan (Planning Commission) also required for new construction (§908.01.F).
GPRB,Three-Unit Residential,P,§908.02.D.2(a),https://ecode360.com/print/PI6865?guid=45475462,read_ecode360,Listed as permitted by-right in GPR-B. Public Realm Project Development Plan (Planning Commission) also required for new construction (§908.01.F).
GPRB,Multi-Unit Residential,P,§908.02.D.2(a),https://ecode360.com/print/PI6865?guid=45475462,read_ecode360,Listed as permitted by-right in GPR-B. Public Realm Project Development Plan (Planning Commission) also required for new construction (§908.01.F).
GPRB,Housing for the Elderly (Limited),unknown,§908.02.D.2(d),https://ecode360.com/print/PI6865?guid=45475462,unconfirmed,"Not listed by-right. §908.02.D.2(d): 'Use exceptions are the same as those found in Chapter 903 for the RTS-3, Three-Unit Residential, Moderate Density district' - an obsolete district name not in current Ch. 903 or §911.02. If read as current R3, §911.02 R3 = S. Note §911.04.A.41(a)(1), A.66(c)(2) and A.95B(b) name 'Grandview Public Realm Districts' (with RM) as a setting for Multi-Suite (Limited), Assisted Living C and Personal Care (Small), implying some group uses were contemplated there."
GPRB,Housing for the Elderly (General),unknown,§908.02.D.2(d),https://ecode360.com/print/PI6865?guid=45475462,unconfirmed,"Not listed by-right. §908.02.D.2(d): 'Use exceptions are the same as those found in Chapter 903 for the RTS-3, Three-Unit Residential, Moderate Density district' - an obsolete district name not in current Ch. 903 or §911.02. If read as current R3, §911.02 R3 = S. Note §911.04.A.41(a)(1), A.66(c)(2) and A.95B(b) name 'Grandview Public Realm Districts' (with RM) as a setting for Multi-Suite (Limited), Assisted Living C and Personal Care (Small), implying some group uses were contemplated there."
GPRB,Assisted Living Class A,unknown,§908.02.D.2(d),https://ecode360.com/print/PI6865?guid=45475462,unconfirmed,"Not listed by-right. §908.02.D.2(d): 'Use exceptions are the same as those found in Chapter 903 for the RTS-3, Three-Unit Residential, Moderate Density district' - an obsolete district name not in current Ch. 903 or §911.02. If read as current R3, §911.02 R3 = S. Note §911.04.A.41(a)(1), A.66(c)(2) and A.95B(b) name 'Grandview Public Realm Districts' (with RM) as a setting for Multi-Suite (Limited), Assisted Living C and Personal Care (Small), implying some group uses were contemplated there."
GPRB,Assisted Living Class B,unknown,§908.02.D.2(d),https://ecode360.com/print/PI6865?guid=45475462,unconfirmed,"Not listed by-right. §908.02.D.2(d): 'Use exceptions are the same as those found in Chapter 903 for the RTS-3, Three-Unit Residential, Moderate Density district' - an obsolete district name not in current Ch. 903 or §911.02. If read as current R3, §911.02 R3 = blank. Note §911.04.A.41(a)(1), A.66(c)(2) and A.95B(b) name 'Grandview Public Realm Districts' (with RM) as a setting for Multi-Suite (Limited), Assisted Living C and Personal Care (Small), implying some group uses were contemplated there."
GPRB,Assisted Living Class C,unknown,§908.02.D.2(d),https://ecode360.com/print/PI6865?guid=45475462,unconfirmed,"Not listed by-right. §908.02.D.2(d): 'Use exceptions are the same as those found in Chapter 903 for the RTS-3, Three-Unit Residential, Moderate Density district' - an obsolete district name not in current Ch. 903 or §911.02. If read as current R3, §911.02 R3 = blank. Note §911.04.A.41(a)(1), A.66(c)(2) and A.95B(b) name 'Grandview Public Realm Districts' (with RM) as a setting for Multi-Suite (Limited), Assisted Living C and Personal Care (Small), implying some group uses were contemplated there."
GPRB,Personal Care Residence (Small),unknown,§908.02.D.2(d),https://ecode360.com/print/PI6865?guid=45475462,unconfirmed,"Not listed by-right. §908.02.D.2(d): 'Use exceptions are the same as those found in Chapter 903 for the RTS-3, Three-Unit Residential, Moderate Density district' - an obsolete district name not in current Ch. 903 or §911.02. If read as current R3, §911.02 R3 = A. Note §911.04.A.41(a)(1), A.66(c)(2) and A.95B(b) name 'Grandview Public Realm Districts' (with RM) as a setting for Multi-Suite (Limited), Assisted Living C and Personal Care (Small), implying some group uses were contemplated there."
GPRB,Personal Care Residence (Large),unknown,§908.02.D.2(d),https://ecode360.com/print/PI6865?guid=45475462,unconfirmed,"Not listed by-right. §908.02.D.2(d): 'Use exceptions are the same as those found in Chapter 903 for the RTS-3, Three-Unit Residential, Moderate Density district' - an obsolete district name not in current Ch. 903 or §911.02. If read as current R3, §911.02 R3 = S. Note §911.04.A.41(a)(1), A.66(c)(2) and A.95B(b) name 'Grandview Public Realm Districts' (with RM) as a setting for Multi-Suite (Limited), Assisted Living C and Personal Care (Small), implying some group uses were contemplated there."
GPRB,Community Home,unknown,§908.02.D.2(d),https://ecode360.com/print/PI6865?guid=45475462,unconfirmed,"Not listed by-right. §908.02.D.2(d): 'Use exceptions are the same as those found in Chapter 903 for the RTS-3, Three-Unit Residential, Moderate Density district' - an obsolete district name not in current Ch. 903 or §911.02. If read as current R3, §911.02 R3 = S. Note §911.04.A.41(a)(1), A.66(c)(2) and A.95B(b) name 'Grandview Public Realm Districts' (with RM) as a setting for Multi-Suite (Limited), Assisted Living C and Personal Care (Small), implying some group uses were contemplated there."
GPRB,Multi-Suite Residential (Limited),unknown,§908.02.D.2(d),https://ecode360.com/print/PI6865?guid=45475462,unconfirmed,"Not listed by-right. §908.02.D.2(d): 'Use exceptions are the same as those found in Chapter 903 for the RTS-3, Three-Unit Residential, Moderate Density district' - an obsolete district name not in current Ch. 903 or §911.02. If read as current R3, §911.02 R3 = blank. Note §911.04.A.41(a)(1), A.66(c)(2) and A.95B(b) name 'Grandview Public Realm Districts' (with RM) as a setting for Multi-Suite (Limited), Assisted Living C and Personal Care (Small), implying some group uses were contemplated there."
GPRB,Multi-Suite Residential (General),unknown,§908.02.D.2(d),https://ecode360.com/print/PI6865?guid=45475462,unconfirmed,"Not listed by-right. §908.02.D.2(d): 'Use exceptions are the same as those found in Chapter 903 for the RTS-3, Three-Unit Residential, Moderate Density district' - an obsolete district name not in current Ch. 903 or §911.02. If read as current R3, §911.02 R3 = blank. Note §911.04.A.41(a)(1), A.66(c)(2) and A.95B(b) name 'Grandview Public Realm Districts' (with RM) as a setting for Multi-Suite (Limited), Assisted Living C and Personal Care (Small), implying some group uses were contemplated there."
GPRC,Single-Unit Detached Residential,P,§908.02.D.3(a),https://ecode360.com/print/PI6865?guid=45475462,read_ecode360,Listed as permitted by-right in GPR-C. Public Realm Project Development Plan (Planning Commission) also required for new construction (§908.01.F).
GPRC,Single-Unit Attached Residential,P,§908.02.D.3(a),https://ecode360.com/print/PI6865?guid=45475462,read_ecode360,Listed as permitted by-right in GPR-C. Public Realm Project Development Plan (Planning Commission) also required for new construction (§908.01.F).
GPRC,Two-Unit Residential,P,§908.02.D.3(a),https://ecode360.com/print/PI6865?guid=45475462,read_ecode360,Listed as permitted by-right in GPR-C. Public Realm Project Development Plan (Planning Commission) also required for new construction (§908.01.F).
GPRC,Three-Unit Residential,P,§908.02.D.3(a),https://ecode360.com/print/PI6865?guid=45475462,read_ecode360,Listed as permitted by-right in GPR-C. Public Realm Project Development Plan (Planning Commission) also required for new construction (§908.01.F).
GPRC,Multi-Unit Residential,P,§908.02.D.3(a),https://ecode360.com/print/PI6865?guid=45475462,read_ecode360,Listed as permitted by-right in GPR-C. Public Realm Project Development Plan (Planning Commission) also required for new construction (§908.01.F).
GPRC,Housing for the Elderly (Limited),unknown,§908.02.D.3(d),https://ecode360.com/print/PI6865?guid=45475462,unconfirmed,"Not listed by-right. §908.02.D.3(d): 'Use exceptions are the same as those found in Chapter 903 for the RTS-3, Three-unit Residential, Moderate Density district' - an obsolete district name not in current Ch. 903 or §911.02. If read as current R3, §911.02 R3 = S. Note §911.04.A.41(a)(1), A.66(c)(2) and A.95B(b) name 'Grandview Public Realm Districts' (with RM) as a setting for Multi-Suite (Limited), Assisted Living C and Personal Care (Small), implying some group uses were contemplated there."
GPRC,Housing for the Elderly (General),unknown,§908.02.D.3(d),https://ecode360.com/print/PI6865?guid=45475462,unconfirmed,"Not listed by-right. §908.02.D.3(d): 'Use exceptions are the same as those found in Chapter 903 for the RTS-3, Three-unit Residential, Moderate Density district' - an obsolete district name not in current Ch. 903 or §911.02. If read as current R3, §911.02 R3 = S. Note §911.04.A.41(a)(1), A.66(c)(2) and A.95B(b) name 'Grandview Public Realm Districts' (with RM) as a setting for Multi-Suite (Limited), Assisted Living C and Personal Care (Small), implying some group uses were contemplated there."
GPRC,Assisted Living Class A,unknown,§908.02.D.3(d),https://ecode360.com/print/PI6865?guid=45475462,unconfirmed,"Not listed by-right. §908.02.D.3(d): 'Use exceptions are the same as those found in Chapter 903 for the RTS-3, Three-unit Residential, Moderate Density district' - an obsolete district name not in current Ch. 903 or §911.02. If read as current R3, §911.02 R3 = S. Note §911.04.A.41(a)(1), A.66(c)(2) and A.95B(b) name 'Grandview Public Realm Districts' (with RM) as a setting for Multi-Suite (Limited), Assisted Living C and Personal Care (Small), implying some group uses were contemplated there."
GPRC,Assisted Living Class B,unknown,§908.02.D.3(d),https://ecode360.com/print/PI6865?guid=45475462,unconfirmed,"Not listed by-right. §908.02.D.3(d): 'Use exceptions are the same as those found in Chapter 903 for the RTS-3, Three-unit Residential, Moderate Density district' - an obsolete district name not in current Ch. 903 or §911.02. If read as current R3, §911.02 R3 = blank. Note §911.04.A.41(a)(1), A.66(c)(2) and A.95B(b) name 'Grandview Public Realm Districts' (with RM) as a setting for Multi-Suite (Limited), Assisted Living C and Personal Care (Small), implying some group uses were contemplated there."
GPRC,Assisted Living Class C,unknown,§908.02.D.3(d),https://ecode360.com/print/PI6865?guid=45475462,unconfirmed,"Not listed by-right. §908.02.D.3(d): 'Use exceptions are the same as those found in Chapter 903 for the RTS-3, Three-unit Residential, Moderate Density district' - an obsolete district name not in current Ch. 903 or §911.02. If read as current R3, §911.02 R3 = blank. Note §911.04.A.41(a)(1), A.66(c)(2) and A.95B(b) name 'Grandview Public Realm Districts' (with RM) as a setting for Multi-Suite (Limited), Assisted Living C and Personal Care (Small), implying some group uses were contemplated there."
GPRC,Personal Care Residence (Small),unknown,§908.02.D.3(d),https://ecode360.com/print/PI6865?guid=45475462,unconfirmed,"Not listed by-right. §908.02.D.3(d): 'Use exceptions are the same as those found in Chapter 903 for the RTS-3, Three-unit Residential, Moderate Density district' - an obsolete district name not in current Ch. 903 or §911.02. If read as current R3, §911.02 R3 = A. Note §911.04.A.41(a)(1), A.66(c)(2) and A.95B(b) name 'Grandview Public Realm Districts' (with RM) as a setting for Multi-Suite (Limited), Assisted Living C and Personal Care (Small), implying some group uses were contemplated there."
GPRC,Personal Care Residence (Large),unknown,§908.02.D.3(d),https://ecode360.com/print/PI6865?guid=45475462,unconfirmed,"Not listed by-right. §908.02.D.3(d): 'Use exceptions are the same as those found in Chapter 903 for the RTS-3, Three-unit Residential, Moderate Density district' - an obsolete district name not in current Ch. 903 or §911.02. If read as current R3, §911.02 R3 = S. Note §911.04.A.41(a)(1), A.66(c)(2) and A.95B(b) name 'Grandview Public Realm Districts' (with RM) as a setting for Multi-Suite (Limited), Assisted Living C and Personal Care (Small), implying some group uses were contemplated there."
GPRC,Community Home,unknown,§908.02.D.3(d),https://ecode360.com/print/PI6865?guid=45475462,unconfirmed,"Not listed by-right. §908.02.D.3(d): 'Use exceptions are the same as those found in Chapter 903 for the RTS-3, Three-unit Residential, Moderate Density district' - an obsolete district name not in current Ch. 903 or §911.02. If read as current R3, §911.02 R3 = S. Note §911.04.A.41(a)(1), A.66(c)(2) and A.95B(b) name 'Grandview Public Realm Districts' (with RM) as a setting for Multi-Suite (Limited), Assisted Living C and Personal Care (Small), implying some group uses were contemplated there."
GPRC,Multi-Suite Residential (Limited),unknown,§908.02.D.3(d),https://ecode360.com/print/PI6865?guid=45475462,unconfirmed,"Not listed by-right. §908.02.D.3(d): 'Use exceptions are the same as those found in Chapter 903 for the RTS-3, Three-unit Residential, Moderate Density district' - an obsolete district name not in current Ch. 903 or §911.02. If read as current R3, §911.02 R3 = blank. Note §911.04.A.41(a)(1), A.66(c)(2) and A.95B(b) name 'Grandview Public Realm Districts' (with RM) as a setting for Multi-Suite (Limited), Assisted Living C and Personal Care (Small), implying some group uses were contemplated there."
GPRC,Multi-Suite Residential (General),unknown,§908.02.D.3(d),https://ecode360.com/print/PI6865?guid=45475462,unconfirmed,"Not listed by-right. §908.02.D.3(d): 'Use exceptions are the same as those found in Chapter 903 for the RTS-3, Three-unit Residential, Moderate Density district' - an obsolete district name not in current Ch. 903 or §911.02. If read as current R3, §911.02 R3 = blank. Note §911.04.A.41(a)(1), A.66(c)(2) and A.95B(b) name 'Grandview Public Realm Districts' (with RM) as a setting for Multi-Suite (Limited), Assisted Living C and Personal Care (Small), implying some group uses were contemplated there."
SP-1,Single-Unit Detached Residential,not_permitted,§909.01.F.1,https://ecode360.com/print/PI6865?guid=45475623,read_ecode360,SP-1 has a closed use list; only Multi-Unit Residential is listed among residential uses.
SP-1,Single-Unit Attached Residential,not_permitted,§909.01.F.1,https://ecode360.com/print/PI6865?guid=45475623,read_ecode360,SP-1 has a closed use list; only Multi-Unit Residential is listed among residential uses.
SP-1,Two-Unit Residential,not_permitted,§909.01.F.1,https://ecode360.com/print/PI6865?guid=45475623,read_ecode360,SP-1 has a closed use list; only Multi-Unit Residential is listed among residential uses.
SP-1,Three-Unit Residential,not_permitted,§909.01.F.1,https://ecode360.com/print/PI6865?guid=45475623,read_ecode360,SP-1 has a closed use list; only Multi-Unit Residential is listed among residential uses.
SP-1,Multi-Unit Residential,P,§909.01.F.1(i),https://ecode360.com/print/PI6865?guid=45475623,read_ecode360,Only residential use in SP-1's closed list ('for only the uses listed'). Development governed by Planning Commission-approved Final Land Development Plan (§909.01.B.3; §922.11).
SP-1,Housing for the Elderly (Limited),not_permitted,§909.01.F.1,https://ecode360.com/print/PI6865?guid=45475623,read_ecode360,SP-1 has a closed use list; only Multi-Unit Residential is listed among residential uses.
SP-1,Housing for the Elderly (General),not_permitted,§909.01.F.1,https://ecode360.com/print/PI6865?guid=45475623,read_ecode360,SP-1 has a closed use list; only Multi-Unit Residential is listed among residential uses.
SP-1,Assisted Living Class A,not_permitted,§909.01.F.1,https://ecode360.com/print/PI6865?guid=45475623,read_ecode360,SP-1 has a closed use list; only Multi-Unit Residential is listed among residential uses.
SP-1,Assisted Living Class B,not_permitted,§909.01.F.1,https://ecode360.com/print/PI6865?guid=45475623,read_ecode360,SP-1 has a closed use list; only Multi-Unit Residential is listed among residential uses.
SP-1,Assisted Living Class C,not_permitted,§909.01.F.1,https://ecode360.com/print/PI6865?guid=45475623,read_ecode360,SP-1 has a closed use list; only Multi-Unit Residential is listed among residential uses.
SP-1,Personal Care Residence (Small),not_permitted,§909.01.F.1,https://ecode360.com/print/PI6865?guid=45475623,read_ecode360,SP-1 has a closed use list; only Multi-Unit Residential is listed among residential uses.
SP-1,Personal Care Residence (Large),not_permitted,§909.01.F.1,https://ecode360.com/print/PI6865?guid=45475623,read_ecode360,SP-1 has a closed use list; only Multi-Unit Residential is listed among residential uses.
SP-1,Community Home,not_permitted,§909.01.F.1,https://ecode360.com/print/PI6865?guid=45475623,read_ecode360,SP-1 has a closed use list; only Multi-Unit Residential is listed among residential uses.
SP-1,Multi-Suite Residential (Limited),not_permitted,§909.01.F.1,https://ecode360.com/print/PI6865?guid=45475623,read_ecode360,SP-1 has a closed use list; only Multi-Unit Residential is listed among residential uses.
SP-1,Multi-Suite Residential (General),not_permitted,§909.01.F.1,https://ecode360.com/print/PI6865?guid=45475623,read_ecode360,SP-1 has a closed use list; only Multi-Unit Residential is listed among residential uses.
SP-4,Single-Unit Detached Residential,not_permitted,§909.01.I.1-4 (use lists),https://ecode360.com/print/PI6865?guid=45475623,read_ecode360,Not in any SP-4 subdistrict's closed use list ('for only the following uses'). Subdistricts I-IV have the same residential rule.
SP-4,Single-Unit Attached Residential,not_permitted,§909.01.I.1-4 (use lists),https://ecode360.com/print/PI6865?guid=45475623,read_ecode360,Not in any SP-4 subdistrict's closed use list ('for only the following uses'). Subdistricts I-IV have the same residential rule.
SP-4,Two-Unit Residential,not_permitted,§909.01.I.1-4 (use lists),https://ecode360.com/print/PI6865?guid=45475623,read_ecode360,Not in any SP-4 subdistrict's closed use list ('for only the following uses'). Subdistricts I-IV have the same residential rule.
SP-4,Three-Unit Residential,not_permitted,§909.01.I.1-4 (use lists),https://ecode360.com/print/PI6865?guid=45475623,read_ecode360,Not in any SP-4 subdistrict's closed use list ('for only the following uses'). Subdistricts I-IV have the same residential rule.
SP-4,Multi-Unit Residential,P,"§909.01.I.1(a)(1), I.2(a)(1), I.3(a)(1), I.4(a)(1)",https://ecode360.com/print/PI6865?guid=45475623,read_ecode360,'Multiple-unit dwellings' (I-III) / 'Multi-unit residential' (IV) listed in all four SP-4 subdistricts. SP-4(IV) also requires compliance with the Preliminary Land Development Plan.
SP-4,Housing for the Elderly (Limited),not_permitted,§909.01.I.1-4 (use lists),https://ecode360.com/print/PI6865?guid=45475623,read_ecode360,Not in any SP-4 subdistrict's closed use list ('for only the following uses'). Subdistricts I-IV have the same residential rule.
SP-4,Housing for the Elderly (General),not_permitted,§909.01.I.1-4 (use lists),https://ecode360.com/print/PI6865?guid=45475623,read_ecode360,Not in any SP-4 subdistrict's closed use list ('for only the following uses'). Subdistricts I-IV have the same residential rule.
SP-4,Assisted Living Class A,not_permitted,§909.01.I.1-4 (use lists),https://ecode360.com/print/PI6865?guid=45475623,read_ecode360,Not in any SP-4 subdistrict's closed use list ('for only the following uses'). Subdistricts I-IV have the same residential rule.
SP-4,Assisted Living Class B,not_permitted,§909.01.I.1-4 (use lists),https://ecode360.com/print/PI6865?guid=45475623,read_ecode360,Not in any SP-4 subdistrict's closed use list ('for only the following uses'). Subdistricts I-IV have the same residential rule.
SP-4,Assisted Living Class C,not_permitted,§909.01.I.1-4 (use lists),https://ecode360.com/print/PI6865?guid=45475623,read_ecode360,Not in any SP-4 subdistrict's closed use list ('for only the following uses'). Subdistricts I-IV have the same residential rule.
SP-4,Personal Care Residence (Small),not_permitted,§909.01.I.1-4 (use lists),https://ecode360.com/print/PI6865?guid=45475623,read_ecode360,Not in any SP-4 subdistrict's closed use list ('for only the following uses'). Subdistricts I-IV have the same residential rule.
SP-4,Personal Care Residence (Large),not_permitted,§909.01.I.1-4 (use lists),https://ecode360.com/print/PI6865?guid=45475623,read_ecode360,Not in any SP-4 subdistrict's closed use list ('for only the following uses'). Subdistricts I-IV have the same residential rule.
SP-4,Community Home,not_permitted,§909.01.I.1-4 (use lists),https://ecode360.com/print/PI6865?guid=45475623,read_ecode360,Not in any SP-4 subdistrict's closed use list ('for only the following uses'). Subdistricts I-IV have the same residential rule.
SP-4,Multi-Suite Residential (Limited),not_permitted,§909.01.I.1-4 (use lists),https://ecode360.com/print/PI6865?guid=45475623,read_ecode360,Not in any SP-4 subdistrict's closed use list ('for only the following uses'). Subdistricts I-IV have the same residential rule.
SP-4,Multi-Suite Residential (General),not_permitted,§909.01.I.1-4 (use lists),https://ecode360.com/print/PI6865?guid=45475623,read_ecode360,Not in any SP-4 subdistrict's closed use list ('for only the following uses'). Subdistricts I-IV have the same residential rule.
SP-5,Single-Unit Detached Residential,not_permitted,§909.01.J.1,https://ecode360.com/print/PI6865?guid=45475623,read_ecode360,Not in the closed use list of any SP-5 subdistrict (A-C list only Single-Unit Attached and Multi-Unit Residential).
SP-5,Single-Unit Attached Residential,P,"§909.01.J.1(a)(1), (b)(1), (c)(1)",https://ecode360.com/print/PI6865?guid=45475623,read_ecode360,"Listed in all three SP-5 development subdistricts (A, B, C). Final Land Development Plan approval by Planning Commission governs development (§909.01.B.3)."
SP-5,Two-Unit Residential,not_permitted,§909.01.J.1,https://ecode360.com/print/PI6865?guid=45475623,read_ecode360,Not in the closed use list of any SP-5 subdistrict (A-C list only Single-Unit Attached and Multi-Unit Residential).
SP-5,Three-Unit Residential,not_permitted,§909.01.J.1,https://ecode360.com/print/PI6865?guid=45475623,read_ecode360,Not in the closed use list of any SP-5 subdistrict (A-C list only Single-Unit Attached and Multi-Unit Residential).
SP-5,Multi-Unit Residential,P,"§909.01.J.1(a)(1), (b)(1), (c)(1)",https://ecode360.com/print/PI6865?guid=45475623,read_ecode360,"Listed in all three SP-5 development subdistricts (A, B, C). Final Land Development Plan approval by Planning Commission governs development (§909.01.B.3)."
SP-5,Housing for the Elderly (Limited),not_permitted,§909.01.J.1,https://ecode360.com/print/PI6865?guid=45475623,read_ecode360,Not in the closed use list of any SP-5 subdistrict (A-C list only Single-Unit Attached and Multi-Unit Residential).
SP-5,Housing for the Elderly (General),not_permitted,§909.01.J.1,https://ecode360.com/print/PI6865?guid=45475623,read_ecode360,Not in the closed use list of any SP-5 subdistrict (A-C list only Single-Unit Attached and Multi-Unit Residential).
SP-5,Assisted Living Class A,not_permitted,§909.01.J.1,https://ecode360.com/print/PI6865?guid=45475623,read_ecode360,Not in the closed use list of any SP-5 subdistrict (A-C list only Single-Unit Attached and Multi-Unit Residential).
SP-5,Assisted Living Class B,not_permitted,§909.01.J.1,https://ecode360.com/print/PI6865?guid=45475623,read_ecode360,Not in the closed use list of any SP-5 subdistrict (A-C list only Single-Unit Attached and Multi-Unit Residential).
SP-5,Assisted Living Class C,not_permitted,§909.01.J.1,https://ecode360.com/print/PI6865?guid=45475623,read_ecode360,Not in the closed use list of any SP-5 subdistrict (A-C list only Single-Unit Attached and Multi-Unit Residential).
SP-5,Personal Care Residence (Small),not_permitted,§909.01.J.1,https://ecode360.com/print/PI6865?guid=45475623,read_ecode360,Not in the closed use list of any SP-5 subdistrict (A-C list only Single-Unit Attached and Multi-Unit Residential).
SP-5,Personal Care Residence (Large),not_permitted,§909.01.J.1,https://ecode360.com/print/PI6865?guid=45475623,read_ecode360,Not in the closed use list of any SP-5 subdistrict (A-C list only Single-Unit Attached and Multi-Unit Residential).
SP-5,Community Home,not_permitted,§909.01.J.1,https://ecode360.com/print/PI6865?guid=45475623,read_ecode360,Not in the closed use list of any SP-5 subdistrict (A-C list only Single-Unit Attached and Multi-Unit Residential).
SP-5,Multi-Suite Residential (Limited),not_permitted,§909.01.J.1,https://ecode360.com/print/PI6865?guid=45475623,read_ecode360,Not in the closed use list of any SP-5 subdistrict (A-C list only Single-Unit Attached and Multi-Unit Residential).
SP-5,Multi-Suite Residential (General),not_permitted,§909.01.J.1,https://ecode360.com/print/PI6865?guid=45475623,read_ecode360,Not in the closed use list of any SP-5 subdistrict (A-C list only Single-Unit Attached and Multi-Unit Residential).
SP-8,Single-Unit Detached Residential,not_permitted,§909.01.O.4(a); §911.02 (GT column),https://ecode360.com/print/PI6865?guid=45475623,read_ecode360,"SP-8 primary uses are 'the same as; subject to the same use review and approval processes as' the GT district, as amended from time to time. Zones A-F do not change uses."
SP-8,Single-Unit Attached Residential,P,§909.01.O.4(a),https://ecode360.com/print/PI6865?guid=45475623,read_ecode360,"Added by right ('Residential, Single Family Attached') on top of the GT use list."
SP-8,Two-Unit Residential,P,§909.01.O.4(a); §911.02 (GT column),https://ecode360.com/print/PI6865?guid=45475623,read_ecode360,"SP-8 primary uses are 'the same as; subject to the same use review and approval processes as' the GT district, as amended from time to time. Zones A-F do not change uses."
SP-8,Three-Unit Residential,P,§909.01.O.4(a); §911.02 (GT column),https://ecode360.com/print/PI6865?guid=45475623,read_ecode360,"SP-8 primary uses are 'the same as; subject to the same use review and approval processes as' the GT district, as amended from time to time. Zones A-F do not change uses."
SP-8,Multi-Unit Residential,P,§909.01.O.4(a); §911.02 (GT column),https://ecode360.com/print/PI6865?guid=45475623,read_ecode360,"SP-8 primary uses are 'the same as; subject to the same use review and approval processes as' the GT district, as amended from time to time. Zones A-F do not change uses."
SP-8,Housing for the Elderly (Limited),A,§909.01.O.4(a); §911.02 (GT column),https://ecode360.com/print/PI6865?guid=45475623,read_ecode360,"SP-8 primary uses are 'the same as; subject to the same use review and approval processes as' the GT district, as amended from time to time. Zones A-F do not change uses."
SP-8,Housing for the Elderly (General),A,§909.01.O.4(b),https://ecode360.com/print/PI6865?guid=45475623,read_ecode360,"Added as 'permitted subject to review by the Zoning Administrator pursuant to Section 922.08' (Administrator Exception), subject to §911.04.A.35. GT column itself is blank for this use."
SP-8,Assisted Living Class A,P,§909.01.O.4(a); §911.02 (GT column),https://ecode360.com/print/PI6865?guid=45475623,read_ecode360,"SP-8 primary uses are 'the same as; subject to the same use review and approval processes as' the GT district, as amended from time to time. Zones A-F do not change uses."
SP-8,Assisted Living Class B,P,§909.01.O.4(a); §911.02 (GT column),https://ecode360.com/print/PI6865?guid=45475623,read_ecode360,"SP-8 primary uses are 'the same as; subject to the same use review and approval processes as' the GT district, as amended from time to time. Zones A-F do not change uses."
SP-8,Assisted Living Class C,P,§909.01.O.4(a); §911.02 (GT column),https://ecode360.com/print/PI6865?guid=45475623,read_ecode360,"SP-8 primary uses are 'the same as; subject to the same use review and approval processes as' the GT district, as amended from time to time. Zones A-F do not change uses."
SP-8,Personal Care Residence (Small),A,§909.01.O.4(a); §911.02 (GT column),https://ecode360.com/print/PI6865?guid=45475623,read_ecode360,"SP-8 primary uses are 'the same as; subject to the same use review and approval processes as' the GT district, as amended from time to time. Zones A-F do not change uses."
SP-8,Personal Care Residence (Large),S,§909.01.O.4(a); §911.02 (GT column),https://ecode360.com/print/PI6865?guid=45475623,read_ecode360,"SP-8 primary uses are 'the same as; subject to the same use review and approval processes as' the GT district, as amended from time to time. Zones A-F do not change uses."
SP-8,Community Home,S,§909.01.O.4(a); §911.02 (GT column),https://ecode360.com/print/PI6865?guid=45475623,read_ecode360,"SP-8 primary uses are 'the same as; subject to the same use review and approval processes as' the GT district, as amended from time to time. Zones A-F do not change uses."
SP-8,Multi-Suite Residential (Limited),P,§909.01.O.4(a); §911.02 (GT column),https://ecode360.com/print/PI6865?guid=45475623,read_ecode360,"SP-8 primary uses are 'the same as; subject to the same use review and approval processes as' the GT district, as amended from time to time. Zones A-F do not change uses."
SP-8,Multi-Suite Residential (General),P,§909.01.O.4(a); §911.02 (GT column),https://ecode360.com/print/PI6865?guid=45475623,read_ecode360,"SP-8 primary uses are 'the same as; subject to the same use review and approval processes as' the GT district, as amended from time to time. Zones A-F do not change uses."
SP-9,Single-Unit Detached Residential,P,§909.01.P.1(b)(1),https://ecode360.com/print/PI6865?guid=45475623,read_ecode360,"SUBDISTRICT-DEPENDENT: listed only in Subdistrict B; not permitted in A, C, D, E. Code shows the most permissive subdistrict."
SP-9,Single-Unit Attached Residential,P,§909.01.P.1(b)(1),https://ecode360.com/print/PI6865?guid=45475623,read_ecode360,"SUBDISTRICT-DEPENDENT: listed only in Subdistrict B; not permitted in A, C, D, E. Code shows the most permissive subdistrict."
SP-9,Two-Unit Residential,P,§909.01.P.1(b)(1),https://ecode360.com/print/PI6865?guid=45475623,read_ecode360,"SUBDISTRICT-DEPENDENT: listed only in Subdistrict B; not permitted in A, C, D, E. Code shows the most permissive subdistrict."
SP-9,Three-Unit Residential,P,§909.01.P.1(b)(1),https://ecode360.com/print/PI6865?guid=45475623,read_ecode360,"SUBDISTRICT-DEPENDENT: listed only in Subdistrict B; not permitted in A, C, D, E. Code shows the most permissive subdistrict."
SP-9,Multi-Unit Residential,P,§909.01.P.1(a)-(e) (D and E incorporate C),https://ecode360.com/print/PI6865?guid=45475623,read_ecode360,Listed in all five SP-9 subdistricts (A-E).
SP-9,Housing for the Elderly (Limited),P,§909.01.P.1(c)(1); (d)(1) and (e)(1) 'All uses permitted within Subdistrict C',https://ecode360.com/print/PI6865?guid=45475623,read_ecode360,"SUBDISTRICT-DEPENDENT: listed in Subdistricts C, D, E only; not permitted in A or B. Code shows the most permissive subdistrict."
SP-9,Housing for the Elderly (General),P,§909.01.P.1(c)(1); (d)(1) and (e)(1) 'All uses permitted within Subdistrict C',https://ecode360.com/print/PI6865?guid=45475623,read_ecode360,"SUBDISTRICT-DEPENDENT: listed in Subdistricts C, D, E only; not permitted in A or B. Code shows the most permissive subdistrict."
SP-9,Assisted Living Class A,P,§909.01.P.1(c)(1); (d)(1) and (e)(1) 'All uses permitted within Subdistrict C',https://ecode360.com/print/PI6865?guid=45475623,read_ecode360,"SUBDISTRICT-DEPENDENT: listed in Subdistricts C, D, E only; not permitted in A or B. Code shows the most permissive subdistrict."
SP-9,Assisted Living Class B,P,§909.01.P.1(c)(1); (d)(1) and (e)(1) 'All uses permitted within Subdistrict C',https://ecode360.com/print/PI6865?guid=45475623,read_ecode360,"SUBDISTRICT-DEPENDENT: listed in Subdistricts C, D, E only; not permitted in A or B. Code shows the most permissive subdistrict."
SP-9,Assisted Living Class C,P,§909.01.P.1(c)(1); (d)(1) and (e)(1) 'All uses permitted within Subdistrict C',https://ecode360.com/print/PI6865?guid=45475623,read_ecode360,"SUBDISTRICT-DEPENDENT: listed in Subdistricts C, D, E only; not permitted in A or B. Code shows the most permissive subdistrict."
SP-9,Personal Care Residence (Small),P,§909.01.P.1(c)(1); (d)(1) and (e)(1) 'All uses permitted within Subdistrict C',https://ecode360.com/print/PI6865?guid=45475623,read_ecode360,"SUBDISTRICT-DEPENDENT: listed in Subdistricts C, D, E only; not permitted in A or B. Code shows the most permissive subdistrict."
SP-9,Personal Care Residence (Large),P,§909.01.P.1(c)(1); (d)(1) and (e)(1) 'All uses permitted within Subdistrict C',https://ecode360.com/print/PI6865?guid=45475623,read_ecode360,"SUBDISTRICT-DEPENDENT: listed in Subdistricts C, D, E only; not permitted in A or B. Code shows the most permissive subdistrict."
SP-9,Community Home,not_permitted,§909.01.P.1,https://ecode360.com/print/PI6865?guid=45475623,read_ecode360,Community Home is not in any SP-9 subdistrict's closed use list.
SP-9,Multi-Suite Residential (Limited),P,§909.01.P.1(c)(1); (d)(1) and (e)(1) 'All uses permitted within Subdistrict C',https://ecode360.com/print/PI6865?guid=45475623,read_ecode360,"SUBDISTRICT-DEPENDENT: listed in Subdistricts C, D, E only; not permitted in A or B. Code shows the most permissive subdistrict."
SP-9,Multi-Suite Residential (General),P,§909.01.P.1(c)(1); (d)(1) and (e)(1) 'All uses permitted within Subdistrict C',https://ecode360.com/print/PI6865?guid=45475623,read_ecode360,"SUBDISTRICT-DEPENDENT: listed in Subdistricts C, D, E only; not permitted in A or B. Code shows the most permissive subdistrict."
SP-10,Single-Unit Detached Residential,P,§909.01.Q.3.A; SP-10 Appendix Table 1; SP-10 definitions 'Residential: Low/Medium/High',https://ecode360.com/print/PI6865?guid=45475623,unconfirmed,"SP-10 does not use §911.02 residential types. Table 1 permits 'Residential: Low' (25-38 du per developable acre; only HG Blocks 62-63), 'Medium' (39-62) and 'High' (63+) on all blocks. Mapping this dwelling-unit use to those density bands is our interpretation; a project below 25 du/acre fits no listed category. Table 1 URL: https://ecode360.com/attachment/336977/PI6865-009a%20SP-10%20Appendix.pdf"
SP-10,Single-Unit Attached Residential,P,§909.01.Q.3.A; SP-10 Appendix Table 1; SP-10 definitions 'Residential: Low/Medium/High',https://ecode360.com/print/PI6865?guid=45475623,unconfirmed,"SP-10 does not use §911.02 residential types. Table 1 permits 'Residential: Low' (25-38 du per developable acre; only HG Blocks 62-63), 'Medium' (39-62) and 'High' (63+) on all blocks. Mapping this dwelling-unit use to those density bands is our interpretation; a project below 25 du/acre fits no listed category. Table 1 URL: https://ecode360.com/attachment/336977/PI6865-009a%20SP-10%20Appendix.pdf"
SP-10,Two-Unit Residential,P,§909.01.Q.3.A; SP-10 Appendix Table 1; SP-10 definitions 'Residential: Low/Medium/High',https://ecode360.com/print/PI6865?guid=45475623,unconfirmed,"SP-10 does not use §911.02 residential types. Table 1 permits 'Residential: Low' (25-38 du per developable acre; only HG Blocks 62-63), 'Medium' (39-62) and 'High' (63+) on all blocks. Mapping this dwelling-unit use to those density bands is our interpretation; a project below 25 du/acre fits no listed category. Table 1 URL: https://ecode360.com/attachment/336977/PI6865-009a%20SP-10%20Appendix.pdf"
SP-10,Three-Unit Residential,P,§909.01.Q.3.A; SP-10 Appendix Table 1; SP-10 definitions 'Residential: Low/Medium/High',https://ecode360.com/print/PI6865?guid=45475623,unconfirmed,"SP-10 does not use §911.02 residential types. Table 1 permits 'Residential: Low' (25-38 du per developable acre; only HG Blocks 62-63), 'Medium' (39-62) and 'High' (63+) on all blocks. Mapping this dwelling-unit use to those density bands is our interpretation; a project below 25 du/acre fits no listed category. Table 1 URL: https://ecode360.com/attachment/336977/PI6865-009a%20SP-10%20Appendix.pdf"
SP-10,Multi-Unit Residential,P,§909.01.Q.3.A; SP-10 Appendix Table 1; SP-10 definitions 'Residential: Low/Medium/High',https://ecode360.com/print/PI6865?guid=45475623,read_ecode360,"SP-10 does not use §911.02 residential types. Table 1 permits 'Residential: Low' (25-38 du per developable acre; only HG Blocks 62-63), 'Medium' (39-62) and 'High' (63+) on all blocks. Mapping this dwelling-unit use to those density bands is our interpretation; a project below 25 du/acre fits no listed category. Table 1 URL: https://ecode360.com/attachment/336977/PI6865-009a%20SP-10%20Appendix.pdf"
SP-10,Housing for the Elderly (Limited),P,§909.01.Q.3.A; SP-10 Appendix Table 1; SP-10 definitions 'Residential: Low/Medium/High',https://ecode360.com/print/PI6865?guid=45475623,unconfirmed,"SP-10 does not use §911.02 residential types. Table 1 permits 'Residential: Low' (25-38 du per developable acre; only HG Blocks 62-63), 'Medium' (39-62) and 'High' (63+) on all blocks. Mapping this dwelling-unit use to those density bands is our interpretation; a project below 25 du/acre fits no listed category. Table 1 URL: https://ecode360.com/attachment/336977/PI6865-009a%20SP-10%20Appendix.pdf"
SP-10,Housing for the Elderly (General),P,§909.01.Q.3.A; SP-10 Appendix Table 1; SP-10 definitions 'Residential: Low/Medium/High',https://ecode360.com/print/PI6865?guid=45475623,unconfirmed,"SP-10 does not use §911.02 residential types. Table 1 permits 'Residential: Low' (25-38 du per developable acre; only HG Blocks 62-63), 'Medium' (39-62) and 'High' (63+) on all blocks. Mapping this dwelling-unit use to those density bands is our interpretation; a project below 25 du/acre fits no listed category. Table 1 URL: https://ecode360.com/attachment/336977/PI6865-009a%20SP-10%20Appendix.pdf"
SP-10,Assisted Living Class A,unknown,§909.01.Q.3.A; SP-10 Appendix Table 1,https://ecode360.com/print/PI6865?guid=45475623,unconfirmed,"Table 1 lists no group/care residential use by name; 'Residential' bands are defined in dwelling units per developable acre, which does not map cleanly to beds/sleeping rooms. Whether this use counts as a 'residential use' under SP-10 is unconfirmed. Table 1: https://ecode360.com/attachment/336977/PI6865-009a%20SP-10%20Appendix.pdf"
SP-10,Assisted Living Class B,unknown,§909.01.Q.3.A; SP-10 Appendix Table 1,https://ecode360.com/print/PI6865?guid=45475623,unconfirmed,"Table 1 lists no group/care residential use by name; 'Residential' bands are defined in dwelling units per developable acre, which does not map cleanly to beds/sleeping rooms. Whether this use counts as a 'residential use' under SP-10 is unconfirmed. Table 1: https://ecode360.com/attachment/336977/PI6865-009a%20SP-10%20Appendix.pdf"
SP-10,Assisted Living Class C,unknown,§909.01.Q.3.A; SP-10 Appendix Table 1,https://ecode360.com/print/PI6865?guid=45475623,unconfirmed,"Table 1 lists no group/care residential use by name; 'Residential' bands are defined in dwelling units per developable acre, which does not map cleanly to beds/sleeping rooms. Whether this use counts as a 'residential use' under SP-10 is unconfirmed. Table 1: https://ecode360.com/attachment/336977/PI6865-009a%20SP-10%20Appendix.pdf"
SP-10,Personal Care Residence (Small),unknown,§909.01.Q.3.A; SP-10 Appendix Table 1,https://ecode360.com/print/PI6865?guid=45475623,unconfirmed,"Table 1 lists no group/care residential use by name; 'Residential' bands are defined in dwelling units per developable acre, which does not map cleanly to beds/sleeping rooms. Whether this use counts as a 'residential use' under SP-10 is unconfirmed. Table 1: https://ecode360.com/attachment/336977/PI6865-009a%20SP-10%20Appendix.pdf"
SP-10,Personal Care Residence (Large),unknown,§909.01.Q.3.A; SP-10 Appendix Table 1,https://ecode360.com/print/PI6865?guid=45475623,unconfirmed,"Table 1 lists no group/care residential use by name; 'Residential' bands are defined in dwelling units per developable acre, which does not map cleanly to beds/sleeping rooms. Whether this use counts as a 'residential use' under SP-10 is unconfirmed. Table 1: https://ecode360.com/attachment/336977/PI6865-009a%20SP-10%20Appendix.pdf"
SP-10,Community Home,unknown,§909.01.Q.3.A; SP-10 Appendix Table 1,https://ecode360.com/print/PI6865?guid=45475623,unconfirmed,"Table 1 lists no group/care residential use by name; 'Residential' bands are defined in dwelling units per developable acre, which does not map cleanly to beds/sleeping rooms. Whether this use counts as a 'residential use' under SP-10 is unconfirmed. Table 1: https://ecode360.com/attachment/336977/PI6865-009a%20SP-10%20Appendix.pdf"
SP-10,Multi-Suite Residential (Limited),unknown,§909.01.Q.3.A; SP-10 Appendix Table 1,https://ecode360.com/print/PI6865?guid=45475623,unconfirmed,"Table 1 lists no group/care residential use by name; 'Residential' bands are defined in dwelling units per developable acre, which does not map cleanly to beds/sleeping rooms. Whether this use counts as a 'residential use' under SP-10 is unconfirmed. Table 1: https://ecode360.com/attachment/336977/PI6865-009a%20SP-10%20Appendix.pdf"
SP-10,Multi-Suite Residential (General),unknown,§909.01.Q.3.A; SP-10 Appendix Table 1,https://ecode360.com/print/PI6865?guid=45475623,unconfirmed,"Table 1 lists no group/care residential use by name; 'Residential' bands are defined in dwelling units per developable acre, which does not map cleanly to beds/sleeping rooms. Whether this use counts as a 'residential use' under SP-10 is unconfirmed. Table 1: https://ecode360.com/attachment/336977/PI6865-009a%20SP-10%20Appendix.pdf"
SP-11,Single-Unit Detached Residential,not_permitted,§909.01.R.3,https://ecode360.com/print/PI6865?guid=45475623,read_ecode360,"SUBDISTRICT-DEPENDENT: Subdistrict 1 = not_permitted (closed list, §909.01.R.3(a)); Subdistricts 2-3 = not_permitted (GT use list plus additions, §909.01.R.3(b))."
SP-11,Single-Unit Attached Residential,P,§909.01.R.3,https://ecode360.com/print/PI6865?guid=45475623,read_ecode360,"SUBDISTRICT-DEPENDENT: Subdistrict 1 = P (closed list, §909.01.R.3(a)); Subdistricts 2-3 = P (GT use list plus additions, §909.01.R.3(b))."
SP-11,Two-Unit Residential,P,§909.01.R.3,https://ecode360.com/print/PI6865?guid=45475623,read_ecode360,"SUBDISTRICT-DEPENDENT: Subdistrict 1 = P (closed list, §909.01.R.3(a)); Subdistricts 2-3 = P (GT use list plus additions, §909.01.R.3(b))."
SP-11,Three-Unit Residential,P,§909.01.R.3,https://ecode360.com/print/PI6865?guid=45475623,read_ecode360,"SUBDISTRICT-DEPENDENT: Subdistrict 1 = P (closed list, §909.01.R.3(a)); Subdistricts 2-3 = P (GT use list plus additions, §909.01.R.3(b))."
SP-11,Multi-Unit Residential,P,§909.01.R.3,https://ecode360.com/print/PI6865?guid=45475623,read_ecode360,"SUBDISTRICT-DEPENDENT: Subdistrict 1 = P (closed list, §909.01.R.3(a)); Subdistricts 2-3 = P (GT use list plus additions, §909.01.R.3(b))."
SP-11,Housing for the Elderly (Limited),P,§909.01.R.3,https://ecode360.com/print/PI6865?guid=45475623,read_ecode360,"SUBDISTRICT-DEPENDENT: Subdistrict 1 = P (closed list, §909.01.R.3(a)); Subdistricts 2-3 = P (GT use list plus additions, §909.01.R.3(b))."
SP-11,Housing for the Elderly (General),P,§909.01.R.3,https://ecode360.com/print/PI6865?guid=45475623,read_ecode360,"SUBDISTRICT-DEPENDENT: Subdistrict 1 = S (closed list, §909.01.R.3(a)); Subdistricts 2-3 = P (GT use list plus additions, §909.01.R.3(b)). Subdistrict 1: Special Exception subject to §911.04.A.35(a),(b); Subdistricts 2-3: by right. Code shows the most permissive subdistrict."
SP-11,Assisted Living Class A,P,§909.01.R.3,https://ecode360.com/print/PI6865?guid=45475623,read_ecode360,"SUBDISTRICT-DEPENDENT: Subdistrict 1 = not_permitted (closed list, §909.01.R.3(a)); Subdistricts 2-3 = P (GT use list plus additions, §909.01.R.3(b)). Code shows the most permissive subdistrict."
SP-11,Assisted Living Class B,P,§909.01.R.3,https://ecode360.com/print/PI6865?guid=45475623,read_ecode360,"SUBDISTRICT-DEPENDENT: Subdistrict 1 = not_permitted (closed list, §909.01.R.3(a)); Subdistricts 2-3 = P (GT use list plus additions, §909.01.R.3(b)). Code shows the most permissive subdistrict."
SP-11,Assisted Living Class C,P,§909.01.R.3,https://ecode360.com/print/PI6865?guid=45475623,read_ecode360,"SUBDISTRICT-DEPENDENT: Subdistrict 1 = not_permitted (closed list, §909.01.R.3(a)); Subdistricts 2-3 = P (GT use list plus additions, §909.01.R.3(b)). Code shows the most permissive subdistrict."
SP-11,Personal Care Residence (Small),S,§909.01.R.3,https://ecode360.com/print/PI6865?guid=45475623,read_ecode360,"SUBDISTRICT-DEPENDENT: Subdistrict 1 = not_permitted (closed list, §909.01.R.3(a)); Subdistricts 2-3 = S (GT use list plus additions, §909.01.R.3(b)). §909.01.R.3(b)(iii) lists Personal Care Residence (Small) as a Special Exception 'in addition to' GT, although the §911.02 GT column shows A; the specific SP-11 listing is used here - flag for legal review. Code shows the most permissive subdistrict."
SP-11,Personal Care Residence (Large),S,§909.01.R.3,https://ecode360.com/print/PI6865?guid=45475623,read_ecode360,"SUBDISTRICT-DEPENDENT: Subdistrict 1 = not_permitted (closed list, §909.01.R.3(a)); Subdistricts 2-3 = S (GT use list plus additions, §909.01.R.3(b)). Code shows the most permissive subdistrict."
SP-11,Community Home,S,§909.01.R.3,https://ecode360.com/print/PI6865?guid=45475623,read_ecode360,"SUBDISTRICT-DEPENDENT: Subdistrict 1 = not_permitted (closed list, §909.01.R.3(a)); Subdistricts 2-3 = S (GT use list plus additions, §909.01.R.3(b)). Code shows the most permissive subdistrict."
SP-11,Multi-Suite Residential (Limited),P,§909.01.R.3,https://ecode360.com/print/PI6865?guid=45475623,read_ecode360,"SUBDISTRICT-DEPENDENT: Subdistrict 1 = not_permitted (closed list, §909.01.R.3(a)); Subdistricts 2-3 = P (GT use list plus additions, §909.01.R.3(b)). Code shows the most permissive subdistrict."
SP-11,Multi-Suite Residential (General),P,§909.01.R.3,https://ecode360.com/print/PI6865?guid=45475623,read_ecode360,"SUBDISTRICT-DEPENDENT: Subdistrict 1 = not_permitted (closed list, §909.01.R.3(a)); Subdistricts 2-3 = P (GT use list plus additions, §909.01.R.3(b)). Code shows the most permissive subdistrict."
RP,Single-Unit Detached Residential,per_plan,§909.02.D.2(a),https://ecode360.com/print/PI6865?guid=45476287,read_ecode360,RP has no by-right table: 'permitted uses shall be those listed in this section that are in accordance with an approved unit development plan and recorded improvement subdivision site plan' (Planning Commission). Dwellings of all these types are listed. Creating a new RP requires a rezoning (Council).
RP,Single-Unit Attached Residential,per_plan,§909.02.D.2(a),https://ecode360.com/print/PI6865?guid=45476287,read_ecode360,RP has no by-right table: 'permitted uses shall be those listed in this section that are in accordance with an approved unit development plan and recorded improvement subdivision site plan' (Planning Commission). Dwellings of all these types are listed. Creating a new RP requires a rezoning (Council).
RP,Two-Unit Residential,per_plan,§909.02.D.2(a),https://ecode360.com/print/PI6865?guid=45476287,read_ecode360,RP has no by-right table: 'permitted uses shall be those listed in this section that are in accordance with an approved unit development plan and recorded improvement subdivision site plan' (Planning Commission). Dwellings of all these types are listed. Creating a new RP requires a rezoning (Council).
RP,Three-Unit Residential,per_plan,§909.02.D.2(a),https://ecode360.com/print/PI6865?guid=45476287,read_ecode360,RP has no by-right table: 'permitted uses shall be those listed in this section that are in accordance with an approved unit development plan and recorded improvement subdivision site plan' (Planning Commission). Dwellings of all these types are listed. Creating a new RP requires a rezoning (Council).
RP,Multi-Unit Residential,per_plan,§909.02.D.2(a),https://ecode360.com/print/PI6865?guid=45476287,read_ecode360,RP has no by-right table: 'permitted uses shall be those listed in this section that are in accordance with an approved unit development plan and recorded improvement subdivision site plan' (Planning Commission). Dwellings of all these types are listed. Creating a new RP requires a rezoning (Council).
RP,Housing for the Elderly (Limited),C,§909.02.D.6(a)(1),https://ecode360.com/print/PI6865?guid=45476287,read_ecode360,"'Housing for the Elderly' (Limited/General not distinguished) is a Conditional Use in RP (Planning Commission + Council, §922.06), incorporated into the approved unit development plan; §911.04.A.35 applies."
RP,Housing for the Elderly (General),C,§909.02.D.6(a)(1),https://ecode360.com/print/PI6865?guid=45476287,read_ecode360,"'Housing for the Elderly' (Limited/General not distinguished) is a Conditional Use in RP (Planning Commission + Council, §922.06), incorporated into the approved unit development plan; §911.04.A.35 applies."
RP,Assisted Living Class A,S,§909.02.D.6(b)(1),https://ecode360.com/print/PI6865?guid=45476287,read_ecode360,'Assisted Living' (classes not distinguished) is a ZBA Special Exception in RP; §911.04.A.66 applies.
RP,Assisted Living Class B,S,§909.02.D.6(b)(1),https://ecode360.com/print/PI6865?guid=45476287,read_ecode360,'Assisted Living' (classes not distinguished) is a ZBA Special Exception in RP; §911.04.A.66 applies.
RP,Assisted Living Class C,S,§909.02.D.6(b)(1),https://ecode360.com/print/PI6865?guid=45476287,read_ecode360,'Assisted Living' (classes not distinguished) is a ZBA Special Exception in RP; §911.04.A.66 applies.
RP,Personal Care Residence (Small),not_permitted,"§909.02.D.2, D.6",https://ecode360.com/print/PI6865?guid=45476287,read_ecode360,"Not listed among RP uses or use exceptions. RP also allows LNC by-right uses as a minor part of the development, but LNC does not allow this use by right (§911.02 LNC = A)."
RP,Personal Care Residence (Large),not_permitted,"§909.02.D.2, D.6",https://ecode360.com/print/PI6865?guid=45476287,read_ecode360,"Not listed among RP uses or use exceptions. RP also allows LNC by-right uses as a minor part of the development, but LNC does not allow this use by right (§911.02 LNC = S)."
RP,Community Home,S,§909.02.D.6(a)(2) and (b)(3),https://ecode360.com/print/PI6865?guid=45476287,read_ecode360,Internal conflict: Community Home is listed both as a Conditional Use (D.6(a)(2)) and as a Special Exception (D.6(b)(3)). Coded S (less demanding); may require C. Flag for legal review.
RP,Multi-Suite Residential (Limited),not_permitted,"§909.02.D.2, D.6",https://ecode360.com/print/PI6865?guid=45476287,read_ecode360,"Not listed among RP uses or use exceptions. RP also allows LNC by-right uses as a minor part of the development, but LNC does not allow this use by right (§911.02 LNC = A)."
RP,Multi-Suite Residential (General),not_permitted,"§909.02.D.2, D.6",https://ecode360.com/print/PI6865?guid=45476287,read_ecode360,"Not listed among RP uses or use exceptions. RP also allows LNC by-right uses as a minor part of the development, but LNC does not allow this use by right (§911.02 LNC = S)."
CP,Single-Unit Detached Residential,not_permitted,§909.02.E.2; §911.02 (HC column),https://ecode360.com/print/PI6865?guid=45476287,read_ecode360,"Not allowed in HC (§911.02 HC blank), so not approvable in CP."
CP,Single-Unit Attached Residential,not_permitted,§909.02.E.2; §911.02 (HC column),https://ecode360.com/print/PI6865?guid=45476287,read_ecode360,"Not allowed in HC (§911.02 HC blank), so not approvable in CP."
CP,Two-Unit Residential,not_permitted,§909.02.E.2; §911.02 (HC column),https://ecode360.com/print/PI6865?guid=45476287,read_ecode360,"Not allowed in HC (§911.02 HC blank), so not approvable in CP."
CP,Three-Unit Residential,not_permitted,§909.02.E.2; §911.02 (HC column),https://ecode360.com/print/PI6865?guid=45476287,read_ecode360,"Not allowed in HC (§911.02 HC blank), so not approvable in CP."
CP,Multi-Unit Residential,not_permitted,§909.02.E.2; §911.02 (HC column),https://ecode360.com/print/PI6865?guid=45476287,read_ecode360,"Not allowed in HC (§911.02 HC blank), so not approvable in CP."
CP,Housing for the Elderly (Limited),per_plan,§909.02.E.2,https://ecode360.com/print/PI6865?guid=45476287,read_ecode360,"CP uses are 'those approved by the Planning Commission in accordance with an approved unit development plan'; PC may approve 'any use that is allowed in the HC district, subject to the same conditions and limitations'. HC allows this use as A (§911.02). Whether the HC review pathway also applies on top of PC plan approval is not stated."
CP,Housing for the Elderly (General),per_plan,§909.02.E.2,https://ecode360.com/print/PI6865?guid=45476287,read_ecode360,"CP uses are 'those approved by the Planning Commission in accordance with an approved unit development plan'; PC may approve 'any use that is allowed in the HC district, subject to the same conditions and limitations'. HC allows this use as S (§911.02). Whether the HC review pathway also applies on top of PC plan approval is not stated."
CP,Assisted Living Class A,per_plan,§909.02.E.2,https://ecode360.com/print/PI6865?guid=45476287,read_ecode360,"CP uses are 'those approved by the Planning Commission in accordance with an approved unit development plan'; PC may approve 'any use that is allowed in the HC district, subject to the same conditions and limitations'. HC allows this use as P (§911.02). Whether the HC review pathway also applies on top of PC plan approval is not stated."
CP,Assisted Living Class B,per_plan,§909.02.E.2,https://ecode360.com/print/PI6865?guid=45476287,read_ecode360,"CP uses are 'those approved by the Planning Commission in accordance with an approved unit development plan'; PC may approve 'any use that is allowed in the HC district, subject to the same conditions and limitations'. HC allows this use as P (§911.02). Whether the HC review pathway also applies on top of PC plan approval is not stated."
CP,Assisted Living Class C,not_permitted,§909.02.E.2; §911.02 (HC column),https://ecode360.com/print/PI6865?guid=45476287,read_ecode360,"Not allowed in HC (§911.02 HC blank), so not approvable in CP."
CP,Personal Care Residence (Small),per_plan,§909.02.E.2,https://ecode360.com/print/PI6865?guid=45476287,read_ecode360,"CP uses are 'those approved by the Planning Commission in accordance with an approved unit development plan'; PC may approve 'any use that is allowed in the HC district, subject to the same conditions and limitations'. HC allows this use as A (§911.02). Whether the HC review pathway also applies on top of PC plan approval is not stated."
CP,Personal Care Residence (Large),per_plan,§909.02.E.2,https://ecode360.com/print/PI6865?guid=45476287,read_ecode360,"CP uses are 'those approved by the Planning Commission in accordance with an approved unit development plan'; PC may approve 'any use that is allowed in the HC district, subject to the same conditions and limitations'. HC allows this use as S (§911.02). Whether the HC review pathway also applies on top of PC plan approval is not stated."
CP,Community Home,per_plan,§909.02.E.2,https://ecode360.com/print/PI6865?guid=45476287,read_ecode360,"CP uses are 'those approved by the Planning Commission in accordance with an approved unit development plan'; PC may approve 'any use that is allowed in the HC district, subject to the same conditions and limitations'. HC allows this use as S (§911.02). Whether the HC review pathway also applies on top of PC plan approval is not stated."
CP,Multi-Suite Residential (Limited),not_permitted,§909.02.E.2; §911.02 (HC column),https://ecode360.com/print/PI6865?guid=45476287,read_ecode360,"Not allowed in HC (§911.02 HC blank), so not approvable in CP."
CP,Multi-Suite Residential (General),not_permitted,§909.02.E.2; §911.02 (HC column),https://ecode360.com/print/PI6865?guid=45476287,read_ecode360,"Not allowed in HC (§911.02 HC blank), so not approvable in CP."
AP,Single-Unit Detached Residential,per_plan,§909.02.F.2,https://ecode360.com/print/PI6865?guid=45476287,read_ecode360,AP uses are 'those approved by the Planning Commission in accordance with an approved unit development plan'; PC may approve any use allowed in RP or CP 'subject to the same conditions and limitations'. RP: listed; CP/HC: not allowed.
AP,Single-Unit Attached Residential,per_plan,§909.02.F.2,https://ecode360.com/print/PI6865?guid=45476287,read_ecode360,AP uses are 'those approved by the Planning Commission in accordance with an approved unit development plan'; PC may approve any use allowed in RP or CP 'subject to the same conditions and limitations'. RP: listed; CP/HC: not allowed.
AP,Two-Unit Residential,per_plan,§909.02.F.2,https://ecode360.com/print/PI6865?guid=45476287,read_ecode360,AP uses are 'those approved by the Planning Commission in accordance with an approved unit development plan'; PC may approve any use allowed in RP or CP 'subject to the same conditions and limitations'. RP: listed; CP/HC: not allowed.
AP,Three-Unit Residential,per_plan,§909.02.F.2,https://ecode360.com/print/PI6865?guid=45476287,read_ecode360,AP uses are 'those approved by the Planning Commission in accordance with an approved unit development plan'; PC may approve any use allowed in RP or CP 'subject to the same conditions and limitations'. RP: listed; CP/HC: not allowed.
AP,Multi-Unit Residential,per_plan,§909.02.F.2,https://ecode360.com/print/PI6865?guid=45476287,read_ecode360,AP uses are 'those approved by the Planning Commission in accordance with an approved unit development plan'; PC may approve any use allowed in RP or CP 'subject to the same conditions and limitations'. RP: listed; CP/HC: not allowed.
AP,Housing for the Elderly (Limited),per_plan,§909.02.F.2,https://ecode360.com/print/PI6865?guid=45476287,read_ecode360,AP uses are 'those approved by the Planning Commission in accordance with an approved unit development plan'; PC may approve any use allowed in RP or CP 'subject to the same conditions and limitations'. RP: C; CP/HC: A.
AP,Housing for the Elderly (General),per_plan,§909.02.F.2,https://ecode360.com/print/PI6865?guid=45476287,read_ecode360,AP uses are 'those approved by the Planning Commission in accordance with an approved unit development plan'; PC may approve any use allowed in RP or CP 'subject to the same conditions and limitations'. RP: C; CP/HC: S.
AP,Assisted Living Class A,per_plan,§909.02.F.2,https://ecode360.com/print/PI6865?guid=45476287,read_ecode360,AP uses are 'those approved by the Planning Commission in accordance with an approved unit development plan'; PC may approve any use allowed in RP or CP 'subject to the same conditions and limitations'. RP: S; CP/HC: P.
AP,Assisted Living Class B,per_plan,§909.02.F.2,https://ecode360.com/print/PI6865?guid=45476287,read_ecode360,AP uses are 'those approved by the Planning Commission in accordance with an approved unit development plan'; PC may approve any use allowed in RP or CP 'subject to the same conditions and limitations'. RP: S; CP/HC: P.
AP,Assisted Living Class C,per_plan,§909.02.F.2,https://ecode360.com/print/PI6865?guid=45476287,read_ecode360,AP uses are 'those approved by the Planning Commission in accordance with an approved unit development plan'; PC may approve any use allowed in RP or CP 'subject to the same conditions and limitations'. RP: S; CP/HC: not allowed.
AP,Personal Care Residence (Small),per_plan,§909.02.F.2,https://ecode360.com/print/PI6865?guid=45476287,read_ecode360,AP uses are 'those approved by the Planning Commission in accordance with an approved unit development plan'; PC may approve any use allowed in RP or CP 'subject to the same conditions and limitations'. RP: not listed; CP/HC: A.
AP,Personal Care Residence (Large),per_plan,§909.02.F.2,https://ecode360.com/print/PI6865?guid=45476287,read_ecode360,AP uses are 'those approved by the Planning Commission in accordance with an approved unit development plan'; PC may approve any use allowed in RP or CP 'subject to the same conditions and limitations'. RP: not listed; CP/HC: S.
AP,Community Home,per_plan,§909.02.F.2,https://ecode360.com/print/PI6865?guid=45476287,read_ecode360,AP uses are 'those approved by the Planning Commission in accordance with an approved unit development plan'; PC may approve any use allowed in RP or CP 'subject to the same conditions and limitations'. RP: S/C; CP/HC: S.
AP,Multi-Suite Residential (Limited),not_permitted,§909.02.F.2,https://ecode360.com/print/PI6865?guid=45476287,read_ecode360,"Not allowed in RP or CP (HC), so not approvable in AP."
AP,Multi-Suite Residential (General),not_permitted,§909.02.F.2,https://ecode360.com/print/PI6865?guid=45476287,read_ecode360,"Not allowed in RP or CP (HC), so not approvable in AP."
MTOBOR,Single-Unit Detached Residential,not_city_jurisdiction,n/a,https://ecode360.com/PI6865,read_ecode360,Mount Oliver Borough is a separate municipality (enclave); City of Pittsburgh Title Nine does not apply. Borough zoning not researched.
MTOBOR,Single-Unit Attached Residential,not_city_jurisdiction,n/a,https://ecode360.com/PI6865,read_ecode360,Mount Oliver Borough is a separate municipality (enclave); City of Pittsburgh Title Nine does not apply. Borough zoning not researched.
MTOBOR,Two-Unit Residential,not_city_jurisdiction,n/a,https://ecode360.com/PI6865,read_ecode360,Mount Oliver Borough is a separate municipality (enclave); City of Pittsburgh Title Nine does not apply. Borough zoning not researched.
MTOBOR,Three-Unit Residential,not_city_jurisdiction,n/a,https://ecode360.com/PI6865,read_ecode360,Mount Oliver Borough is a separate municipality (enclave); City of Pittsburgh Title Nine does not apply. Borough zoning not researched.
MTOBOR,Multi-Unit Residential,not_city_jurisdiction,n/a,https://ecode360.com/PI6865,read_ecode360,Mount Oliver Borough is a separate municipality (enclave); City of Pittsburgh Title Nine does not apply. Borough zoning not researched.
MTOBOR,Housing for the Elderly (Limited),not_city_jurisdiction,n/a,https://ecode360.com/PI6865,read_ecode360,Mount Oliver Borough is a separate municipality (enclave); City of Pittsburgh Title Nine does not apply. Borough zoning not researched.
MTOBOR,Housing for the Elderly (General),not_city_jurisdiction,n/a,https://ecode360.com/PI6865,read_ecode360,Mount Oliver Borough is a separate municipality (enclave); City of Pittsburgh Title Nine does not apply. Borough zoning not researched.
MTOBOR,Assisted Living Class A,not_city_jurisdiction,n/a,https://ecode360.com/PI6865,read_ecode360,Mount Oliver Borough is a separate municipality (enclave); City of Pittsburgh Title Nine does not apply. Borough zoning not researched.
MTOBOR,Assisted Living Class B,not_city_jurisdiction,n/a,https://ecode360.com/PI6865,read_ecode360,Mount Oliver Borough is a separate municipality (enclave); City of Pittsburgh Title Nine does not apply. Borough zoning not researched.
MTOBOR,Assisted Living Class C,not_city_jurisdiction,n/a,https://ecode360.com/PI6865,read_ecode360,Mount Oliver Borough is a separate municipality (enclave); City of Pittsburgh Title Nine does not apply. Borough zoning not researched.
MTOBOR,Personal Care Residence (Small),not_city_jurisdiction,n/a,https://ecode360.com/PI6865,read_ecode360,Mount Oliver Borough is a separate municipality (enclave); City of Pittsburgh Title Nine does not apply. Borough zoning not researched.
MTOBOR,Personal Care Residence (Large),not_city_jurisdiction,n/a,https://ecode360.com/PI6865,read_ecode360,Mount Oliver Borough is a separate municipality (enclave); City of Pittsburgh Title Nine does not apply. Borough zoning not researched.
MTOBOR,Community Home,not_city_jurisdiction,n/a,https://ecode360.com/PI6865,read_ecode360,Mount Oliver Borough is a separate municipality (enclave); City of Pittsburgh Title Nine does not apply. Borough zoning not researched.
MTOBOR,Multi-Suite Residential (Limited),not_city_jurisdiction,n/a,https://ecode360.com/PI6865,read_ecode360,Mount Oliver Borough is a separate municipality (enclave); City of Pittsburgh Title Nine does not apply. Borough zoning not researched.
MTOBOR,Multi-Suite Residential (General),not_city_jurisdiction,n/a,https://ecode360.com/PI6865,read_ecode360,Mount Oliver Borough is a separate municipality (enclave); City of Pittsburgh Title Nine does not apply. Borough zoning not researched.
