{"type":"FeatureCollection","features":[{"type":"Feature","geometry":{"type":"Point","coordinates":[-79.82703,40.44206]},"properties":{"id":"511pa-2","name":"I-376 W/B @ Exit 10A Churchill Allegheny Co.","operator":"PennDOT","category":"traffic","feed_type":"jpeg","feed_url":"/api/cam?u=https%3A%2F%2Fwww.511pa.com%2Fmap%2FCctv%2F4692","snapshot_url":null,"page_url":"https://www.511pa.com/map#Cameras-2","refresh_s":60,"coord_quality":"exact","attribution":"PennDOT via 511PA"}},{"type":"Feature","geometry":{"type":"Point","coordinates":[-80.11095,40.45042]},"properties":{"id":"511pa-58","name":"I-79 N/B @ Exit 60 Crafton Allegheny Co.","operator":"PennDOT","category":"traffic","feed_type":"jpeg","feed_url":"/api/cam?u=https%3A%2F%2Fwww.511pa.com%2Fmap%2FCctv%2F4748","snapshot_url":null,"page_url":"https://www.511pa.com/map#Cameras-58","refresh_s":60,"coord_quality":"exact","attribution":"PennDOT via 511PA"}},{"type":"Feature","geometry":{"type":"Point","coordinates":[-79.74616,40.4321]},"properties":{"id":"511pa-90","name":"I-76 @ MP 57","operator":"PA Turnpike Commission","category":"traffic","feed_type":"hls","feed_url":"/api/cam?u=https%3A%2F%2Fd345wtruvhj2sg.cloudfront.net%2Fmain_320x240_200k.m3u8","snapshot_url":"/api/cam?u=https%3A%2F%2Fwww.511pa.com%2Fmap%2FCctv%2F4780","page_url":"https://www.511pa.com/map#Cameras-90","refresh_s":null,"coord_quality":"exact","attribution":"PA Turnpike Commission via 511PA"}},{"type":"Feature","geometry":{"type":"Point","coordinates":[-80.19054,40.34182]},"properties":{"id":"511pa-92","name":"Southern Beltway (PA-576 @ Exit 16, South Fayette Way)","operator":"PA Turnpike Commission","category":"traffic","feed_type":"hls","feed_url":"/api/cam?u=https%3A%2F%2Fdpo729w67iifo.cloudfront.net%2Fmain_320x240_200k.m3u8","snapshot_url":"/api/cam?u=https%3A%2F%2Fwww.511pa.com%2Fmap%2FCctv%2F4782","page_url":"https://www.511pa.com/map#Cameras-92","refresh_s":null,"coord_quality":"exact","attribution":"PA Turnpike Commission via 511PA"}},{"type":"Feature","geometry":{"type":"Point","coordinates":[-79.82475,40.54069]},"properties":{"id":"511pa-95","name":"I-76 @ Allegheny Valley Interchange","operator":"PA Turnpike Commission","category":"traffic","feed_type":"hls","feed_url":"/api/cam?u=https%3A%2F%2Fd7v6aqqzizfr0.cloudfront.net%2Fmain_320x240_200k.m3u8","snapshot_url":"/api/cam?u=https%3A%2F%2Fwww.511pa.com%2Fmap%2FCctv%2F4785","page_url":"https://www.511pa.com/map#Cameras-95","refresh_s":null,"coord_quality":"exact","attribution":"PA Turnpike Commission via 511PA"}},{"type":"Feature","geometry":{"type":"Point","coordinates":[-79.94702,40.6087]},"properties":{"id":"511pa-111","name":"I-76 @ Exit 39, Butler Valley Interchange","operator":"PA Turnpike Commission","category":"traffic","feed_type":"hls","feed_url":"/api/cam?u=https%3A%2F%2Fd3o8mlzabdikm6.cloudfront.net%2Fmain_320x240_200k.m3u8","snapshot_url":"/api/cam?u=https%3A%2F%2Fwww.511pa.com%2Fmap%2FCctv%2F4801","page_url":"https://www.511pa.com/map#Cameras-111","refresh_s":null,"coord_quality":"exact","attribution":"PA Turnpike Commission via 511PA"}},{"type":"Feature","geometry":{"type":"Point","coordinates":[-79.82348,40.54387]},"properties":{"id":"511pa-116","name":"I-76 @ Exit 48, Allegheny Valley Interchange","operator":"PA Turnpike Commission","category":"traffic","feed_type":"hls","feed_url":"/api/cam?u=https%3A%2F%2Fd1rwj9oyu8wm5u.cloudfront.net%2Fmain_320x240_200k.m3u8","snapshot_url":"/api/cam?u=https%3A%2F%2Fwww.511pa.com%2Fmap%2FCctv%2F4806","page_url":"https://www.511pa.com/map#Cameras-116","refresh_s":null,"coord_quality":"exact","attribution":"PA Turnpike Commission via 511PA"}},{"type":"Feature","geometry":{"type":"Point","coordinates":[-80.06755,40.65474]},"properties":{"id":"511pa-117","name":"I-76 @ MP 31.3","operator":"PA Turnpike Commission","category":"traffic","feed_type":"hls","feed_url":"/api/cam?u=https%3A%2F%2Fdiw827dq6auh0.cloudfront.net%2Fmain_320x240_200k.m3u8","snapshot_url":"/api/cam?u=https%3A%2F%2Fwww.511pa.com%2Fmap%2FCctv%2F4807","page_url":"https://www.511pa.com/map#Cameras-117","refresh_s":null,"coord_quality":"exact","attribution":"PA Turnpike Commission via 511PA"}},{"type":"Feature","geometry":{"type":"Point","coordinates":[-79.74943,40.4361]},"properties":{"id":"511pa-135","name":"I-76 @ Exit 57, Pittsburgh Interchange","operator":"PA Turnpike Commission","category":"traffic","feed_type":"hls","feed_url":"/api/cam?u=https%3A%2F%2Fdct8guef2yin.cloudfront.net%2Fmain_320x240_200k.m3u8","snapshot_url":"/api/cam?u=https%3A%2F%2Fwww.511pa.com%2Fmap%2FCctv%2F4825","page_url":"https://www.511pa.com/map#Cameras-135","refresh_s":null,"coord_quality":"exact","attribution":"PA Turnpike Commission via 511PA"}},{"type":"Feature","geometry":{"type":"Point","coordinates":[-80.07604,40.65605]},"properties":{"id":"511pa-137","name":"I-76 @ MP 30.5","operator":"PA Turnpike Commission","category":"traffic","feed_type":"hls","feed_url":"/api/cam?u=https%3A%2F%2Fdhp45xr5m58ov.cloudfront.net%2Fmain_320x240_200k.m3u8","snapshot_url":"/api/cam?u=https%3A%2F%2Fwww.511pa.com%2Fmap%2FCctv%2F4827","page_url":"https://www.511pa.com/map#Cameras-137","refresh_s":null,"coord_quality":"exact","attribution":"PA Turnpike Commission via 511PA"}},{"type":"Feature","geometry":{"type":"Point","coordinates":[-80.11861,40.36322]},"properties":{"id":"511pa-2871","name":"I-79 @ MM 53.1 (MILLERS RUN RD)","operator":"PennDOT","category":"traffic","feed_type":"jpeg","feed_url":"/api/cam?u=https%3A%2F%2Fwww.511pa.com%2Fmap%2FCctv%2F4920","snapshot_url":null,"page_url":"https://www.511pa.com/map#Cameras-2871","refresh_s":60,"coord_quality":"exact","attribution":"PennDOT via 511PA"}},{"type":"Feature","geometry":{"type":"Point","coordinates":[-80.10353,40.37393]},"properties":{"id":"511pa-2872","name":"I-79 @ EXIT 55 (PA 50 BRIDGEVILLE )","operator":"PennDOT","category":"traffic","feed_type":"jpeg","feed_url":"/api/cam?u=https%3A%2F%2Fwww.511pa.com%2Fmap%2FCctv%2F4921","snapshot_url":null,"page_url":"https://www.511pa.com/map#Cameras-2872","refresh_s":60,"coord_quality":"exact","attribution":"PennDOT via 511PA"}},{"type":"Feature","geometry":{"type":"Point","coordinates":[-80.13713,40.43084]},"properties":{"id":"511pa-2873","name":"I-376 @ MM 62 (BOYCE RD)","operator":"PennDOT","category":"traffic","feed_type":"jpeg","feed_url":"/api/cam?u=https%3A%2F%2Fwww.511pa.com%2Fmap%2FCctv%2F4922","snapshot_url":null,"page_url":"https://www.511pa.com/map#Cameras-2873","refresh_s":60,"coord_quality":"exact","attribution":"PennDOT via 511PA"}},{"type":"Feature","geometry":{"type":"Point","coordinates":[-80.0421,40.42108]},"properties":{"id":"511pa-2874","name":"I-376 @ MM 67.5 (GREENTREE HILL - TOP)","operator":"PennDOT","category":"traffic","feed_type":"jpeg","feed_url":"/api/cam?u=https%3A%2F%2Fwww.511pa.com%2Fmap%2FCctv%2F4923","snapshot_url":null,"page_url":"https://www.511pa.com/map#Cameras-2874","refresh_s":60,"coord_quality":"exact","attribution":"PennDOT via 511PA"}},{"type":"Feature","geometry":{"type":"Point","coordinates":[-80.11708,40.57876]},"properties":{"id":"511pa-2875","name":"I-79 @ MM 70.2 (RED MUD HOLLOW RD)","operator":"PennDOT","category":"traffic","feed_type":"jpeg","feed_url":"/api/cam?u=https%3A%2F%2Fwww.511pa.com%2Fmap%2FCctv%2F4924","snapshot_url":null,"page_url":"https://www.511pa.com/map#Cameras-2875","refresh_s":60,"coord_quality":"exact","attribution":"PennDOT via 511PA"}},{"type":"Feature","geometry":{"type":"Point","coordinates":[-80.09341,40.59708]},"properties":{"id":"511pa-2876","name":"I-79 @ MM 72.1 (WEDGE RD DR)","operator":"PennDOT","category":"traffic","feed_type":"jpeg","feed_url":"/api/cam?u=https%3A%2F%2Fwww.511pa.com%2Fmap%2FCctv%2F4925","snapshot_url":null,"page_url":"https://www.511pa.com/map#Cameras-2876","refresh_s":60,"coord_quality":"exact","attribution":"PennDOT via 511PA"}},{"type":"Feature","geometry":{"type":"Point","coordinates":[-80.10867,40.42342]},"properties":{"id":"511pa-2877","name":"I-376 @ MM 63.5 (WEST OF I-79 PITTSBURGH INTERCHANGE)","operator":"PennDOT","category":"traffic","feed_type":"jpeg","feed_url":"/api/cam?u=https%3A%2F%2Fwww.511pa.com%2Fmap%2FCctv%2F4926","snapshot_url":null,"page_url":"https://www.511pa.com/map#Cameras-2877","refresh_s":60,"coord_quality":"exact","attribution":"PennDOT via 511PA"}},{"type":"Feature","geometry":{"type":"Point","coordinates":[-80.01394,40.43765]},"properties":{"id":"511pa-2878","name":"I-376 @ MM 69.7 (FT PITT BRIDGE - UPPER #1)","operator":"PennDOT","category":"traffic","feed_type":"jpeg","feed_url":"/api/cam?u=https%3A%2F%2Fwww.511pa.com%2Fmap%2FCctv%2F4927","snapshot_url":null,"page_url":"https://www.511pa.com/map#Cameras-2878","refresh_s":60,"coord_quality":"exact","attribution":"PennDOT via 511PA"}},{"type":"Feature","geometry":{"type":"Point","coordinates":[-79.75746,40.43846]},"properties":{"id":"511pa-2879","name":"US 22 BUSINESS @ I-376 INTERCHANGE","operator":"PennDOT","category":"traffic","feed_type":"jpeg","feed_url":"/api/cam?u=https%3A%2F%2Fwww.511pa.com%2Fmap%2FCctv%2F4928","snapshot_url":null,"page_url":"https://www.511pa.com/map#Cameras-2879","refresh_s":60,"coord_quality":"exact","attribution":"PennDOT via 511PA"}},{"type":"Feature","geometry":{"type":"Point","coordinates":[-80.13462,40.33679]},"properties":{"id":"511pa-2880","name":"I-79 @ MM 50.8 (ALPINE RD)","operator":"PennDOT","category":"traffic","feed_type":"jpeg","feed_url":"/api/cam?u=https%3A%2F%2Fwww.511pa.com%2Fmap%2FCctv%2F4929","snapshot_url":null,"page_url":"https://www.511pa.com/map#Cameras-2880","refresh_s":60,"coord_quality":"exact","attribution":"PennDOT via 511PA"}},{"type":"Feature","geometry":{"type":"Point","coordinates":[-79.99377,40.43936]},"properties":{"id":"511pa-2882","name":"I-579 @ FIFTH AVE","operator":"PennDOT","category":"traffic","feed_type":"jpeg","feed_url":"/api/cam?u=https%3A%2F%2Fwww.511pa.com%2Fmap%2FCctv%2F4931","snapshot_url":null,"page_url":"https://www.511pa.com/map#Cameras-2882","refresh_s":60,"coord_quality":"exact","attribution":"PennDOT via 511PA"}},{"type":"Feature","geometry":{"type":"Point","coordinates":[-80.11795,40.34721]},"properties":{"id":"511pa-2883","name":"I-79 @ MM 52.3 (SOUTH OF EXIT 54)","operator":"PennDOT","category":"traffic","feed_type":"jpeg","feed_url":"/api/cam?u=https%3A%2F%2Fwww.511pa.com%2Fmap%2FCctv%2F4932","snapshot_url":null,"page_url":"https://www.511pa.com/map#Cameras-2883","refresh_s":60,"coord_quality":"exact","attribution":"PennDOT via 511PA"}},{"type":"Feature","geometry":{"type":"Point","coordinates":[-79.80549,40.44189]},"properties":{"id":"511pa-2886","name":"I-376 @ MM 81.9 (MCCULLY DR)","operator":"PennDOT","category":"traffic","feed_type":"jpeg","feed_url":"/api/cam?u=https%3A%2F%2Fwww.511pa.com%2Fmap%2FCctv%2F4935","snapshot_url":null,"page_url":"https://www.511pa.com/map#Cameras-2886","refresh_s":60,"coord_quality":"exact","attribution":"PennDOT via 511PA"}},{"type":"Feature","geometry":{"type":"Point","coordinates":[-80.00902,40.43637]},"properties":{"id":"511pa-2888","name":"I-376 @ MM 70","operator":"PennDOT","category":"traffic","feed_type":"jpeg","feed_url":"/api/cam?u=https%3A%2F%2Fwww.511pa.com%2Fmap%2FCctv%2F4937","snapshot_url":null,"page_url":"https://www.511pa.com/map#Cameras-2888","refresh_s":60,"coord_quality":"exact","attribution":"PennDOT via 511PA"}},{"type":"Feature","geometry":{"type":"Point","coordinates":[-79.91136,40.49546]},"properties":{"id":"511pa-2890","name":"PA 28 @ HIGHLAND PARK BRIDGE EXIT 6","operator":"PennDOT","category":"traffic","feed_type":"jpeg","feed_url":"/api/cam?u=https%3A%2F%2Fwww.511pa.com%2Fmap%2FCctv%2F4939","snapshot_url":null,"page_url":"https://www.511pa.com/map#Cameras-2890","refresh_s":60,"coord_quality":"exact","attribution":"PennDOT via 511PA"}},{"type":"Feature","geometry":{"type":"Point","coordinates":[-80.28332,40.50048]},"properties":{"id":"511pa-2892","name":"I-376 @ Clinton Rd","operator":"PennDOT","category":"traffic","feed_type":"jpeg","feed_url":"/api/cam?u=https%3A%2F%2Fwww.511pa.com%2Fmap%2FCctv%2F4941","snapshot_url":null,"page_url":"https://www.511pa.com/map#Cameras-2892","refresh_s":60,"coord_quality":"exact","attribution":"PennDOT via 511PA"}},{"type":"Feature","geometry":{"type":"Point","coordinates":[-80.22151,40.47224]},"properties":{"id":"511pa-2893","name":"I-376, McClaren Road WB","operator":"PennDOT","category":"traffic","feed_type":"jpeg","feed_url":"/api/cam?u=https%3A%2F%2Fwww.511pa.com%2Fmap%2FCctv%2F4942","snapshot_url":null,"page_url":"https://www.511pa.com/map#Cameras-2893","refresh_s":60,"coord_quality":"exact","attribution":"PennDOT via 511PA"}},{"type":"Feature","geometry":{"type":"Point","coordinates":[-80.11162,40.37216]},"properties":{"id":"511pa-2988","name":"I-79 @ MM 54 (PRESTLEY RD)","operator":"PennDOT","category":"traffic","feed_type":"jpeg","feed_url":"/api/cam?u=https%3A%2F%2Fwww.511pa.com%2Fmap%2FCctv%2F5037","snapshot_url":null,"page_url":"https://www.511pa.com/map#Cameras-2988","refresh_s":60,"coord_quality":"exact","attribution":"PennDOT via 511PA"}},{"type":"Feature","geometry":{"type":"Point","coordinates":[-80.14324,40.43385]},"properties":{"id":"511pa-2989","name":"I-376 @ EXIT 61 WB (RIDGE RD)","operator":"PennDOT","category":"traffic","feed_type":"jpeg","feed_url":"/api/cam?u=https%3A%2F%2Fwww.511pa.com%2Fmap%2FCctv%2F5038","snapshot_url":null,"page_url":"https://www.511pa.com/map#Cameras-2989","refresh_s":60,"coord_quality":"exact","attribution":"PennDOT via 511PA"}},{"type":"Feature","geometry":{"type":"Point","coordinates":[-80.04895,40.42071]},"properties":{"id":"511pa-2990","name":"I-376 @ MM 67.2 (PA 121/GREENTREE RD)","operator":"PennDOT","category":"traffic","feed_type":"jpeg","feed_url":"/api/cam?u=https%3A%2F%2Fwww.511pa.com%2Fmap%2FCctv%2F5039","snapshot_url":null,"page_url":"https://www.511pa.com/map#Cameras-2990","refresh_s":60,"coord_quality":"exact","attribution":"PennDOT via 511PA"}},{"type":"Feature","geometry":{"type":"Point","coordinates":[-80.1881,40.45747]},"properties":{"id":"511pa-2991","name":"I-376 @ EXIT 58 (MONTOUR RUN RD)","operator":"PennDOT","category":"traffic","feed_type":"jpeg","feed_url":"/api/cam?u=https%3A%2F%2Fwww.511pa.com%2Fmap%2FCctv%2F5040","snapshot_url":null,"page_url":"https://www.511pa.com/map#Cameras-2991","refresh_s":60,"coord_quality":"exact","attribution":"PennDOT via 511PA"}},{"type":"Feature","geometry":{"type":"Point","coordinates":[-80.09642,40.38148]},"properties":{"id":"511pa-2992","name":"I-79 @ MM 55.1 (THOMS RUN AND OAKDALE RD)","operator":"PennDOT","category":"traffic","feed_type":"jpeg","feed_url":"/api/cam?u=https%3A%2F%2Fwww.511pa.com%2Fmap%2FCctv%2F5041","snapshot_url":null,"page_url":"https://www.511pa.com/map#Cameras-2992","refresh_s":60,"coord_quality":"exact","attribution":"PennDOT via 511PA"}},{"type":"Feature","geometry":{"type":"Point","coordinates":[-80.01165,40.43867]},"properties":{"id":"511pa-2993","name":"I-376 @ MM 69.86 (FT PITT BRIDGE - LOWER DECK # 15)","operator":"PennDOT","category":"traffic","feed_type":"jpeg","feed_url":"/api/cam?u=https%3A%2F%2Fwww.511pa.com%2Fmap%2FCctv%2F5042","snapshot_url":null,"page_url":"https://www.511pa.com/map#Cameras-2993","refresh_s":60,"coord_quality":"exact","attribution":"PennDOT via 511PA"}},{"type":"Feature","geometry":{"type":"Point","coordinates":[-80.01106,40.43898]},"properties":{"id":"511pa-2994","name":"I-376 @ MM 69.88 (FT PITT BRIDGE - LOWER DECK # 16)","operator":"PennDOT","category":"traffic","feed_type":"jpeg","feed_url":"/api/cam?u=https%3A%2F%2Fwww.511pa.com%2Fmap%2FCctv%2F5043","snapshot_url":null,"page_url":"https://www.511pa.com/map#Cameras-2994","refresh_s":60,"coord_quality":"exact","attribution":"PennDOT via 511PA"}},{"type":"Feature","geometry":{"type":"Point","coordinates":[-80.09317,40.57537]},"properties":{"id":"511pa-2995","name":"I-279 @ MM 12.3 (MCALEER RD)","operator":"PennDOT","category":"traffic","feed_type":"jpeg","feed_url":"/api/cam?u=https%3A%2F%2Fwww.511pa.com%2Fmap%2FCctv%2F5044","snapshot_url":null,"page_url":"https://www.511pa.com/map#Cameras-2995","refresh_s":60,"coord_quality":"exact","attribution":"PennDOT via 511PA"}},{"type":"Feature","geometry":{"type":"Point","coordinates":[-80.11098,40.4349]},"properties":{"id":"511pa-2996","name":"I-79 @ MM 59 (WEST HARBISON RD)","operator":"PennDOT","category":"traffic","feed_type":"jpeg","feed_url":"/api/cam?u=https%3A%2F%2Fwww.511pa.com%2Fmap%2FCctv%2F5045","snapshot_url":null,"page_url":"https://www.511pa.com/map#Cameras-2996","refresh_s":60,"coord_quality":"exact","attribution":"PennDOT via 511PA"}},{"type":"Feature","geometry":{"type":"Point","coordinates":[-80.17866,40.45311]},"properties":{"id":"511pa-2997","name":"I-376 @ MM 59.2 (WEST OF ROBINSON TOWN CENTER BLVD)","operator":"PennDOT","category":"traffic","feed_type":"jpeg","feed_url":"/api/cam?u=https%3A%2F%2Fwww.511pa.com%2Fmap%2FCctv%2F5046","snapshot_url":null,"page_url":"https://www.511pa.com/map#Cameras-2997","refresh_s":60,"coord_quality":"exact","attribution":"PennDOT via 511PA"}},{"type":"Feature","geometry":{"type":"Point","coordinates":[-80.09616,40.61499]},"properties":{"id":"511pa-2998","name":"I-79 @ EXIT 73 (PA 910 EAST WEXFORD)","operator":"PennDOT","category":"traffic","feed_type":"jpeg","feed_url":"/api/cam?u=https%3A%2F%2Fwww.511pa.com%2Fmap%2FCctv%2F5047","snapshot_url":null,"page_url":"https://www.511pa.com/map#Cameras-2998","refresh_s":60,"coord_quality":"exact","attribution":"PennDOT via 511PA"}},{"type":"Feature","geometry":{"type":"Point","coordinates":[-79.95264,40.42716]},"properties":{"id":"511pa-2999","name":"I-376 @ EXIT 73.5 (SWINBURNE ST)","operator":"PennDOT","category":"traffic","feed_type":"jpeg","feed_url":"/api/cam?u=https%3A%2F%2Fwww.511pa.com%2Fmap%2FCctv%2F5048","snapshot_url":null,"page_url":"https://www.511pa.com/map#Cameras-2999","refresh_s":60,"coord_quality":"exact","attribution":"PennDOT via 511PA"}},{"type":"Feature","geometry":{"type":"Point","coordinates":[-80.09003,40.56572]},"properties":{"id":"511pa-3000","name":"I-279 @ MM 11.6 (MONTOGOMERY RD)","operator":"PennDOT","category":"traffic","feed_type":"jpeg","feed_url":"/api/cam?u=https%3A%2F%2Fwww.511pa.com%2Fmap%2FCctv%2F5049","snapshot_url":null,"page_url":"https://www.511pa.com/map#Cameras-3000","refresh_s":60,"coord_quality":"exact","attribution":"PennDOT via 511PA"}},{"type":"Feature","geometry":{"type":"Point","coordinates":[-80.03603,40.46846]},"properties":{"id":"511pa-3001","name":"PA 65 @ DICKSON ST","operator":"PennDOT","category":"traffic","feed_type":"jpeg","feed_url":"/api/cam?u=https%3A%2F%2Fwww.511pa.com%2Fmap%2FCctv%2F5050","snapshot_url":null,"page_url":"https://www.511pa.com/map#Cameras-3001","refresh_s":60,"coord_quality":"exact","attribution":"PennDOT via 511PA"}},{"type":"Feature","geometry":{"type":"Point","coordinates":[-79.965,40.43444]},"properties":{"id":"511pa-3004","name":"I-376 @ MM 72.5 (TECHNOLOGY DR)","operator":"PennDOT","category":"traffic","feed_type":"jpeg","feed_url":"/api/cam?u=https%3A%2F%2Fwww.511pa.com%2Fmap%2FCctv%2F5053","snapshot_url":null,"page_url":"https://www.511pa.com/map#Cameras-3004","refresh_s":60,"coord_quality":"exact","attribution":"PennDOT via 511PA"}},{"type":"Feature","geometry":{"type":"Point","coordinates":[-80.00894,40.50525]},"properties":{"id":"511pa-3005","name":"MCKNIGHT RD @ NELSON RUN RD","operator":"PennDOT","category":"traffic","feed_type":"jpeg","feed_url":"/api/cam?u=https%3A%2F%2Fwww.511pa.com%2Fmap%2FCctv%2F5054","snapshot_url":null,"page_url":"https://www.511pa.com/map#Cameras-3005","refresh_s":60,"coord_quality":"exact","attribution":"PennDOT via 511PA"}},{"type":"Feature","geometry":{"type":"Point","coordinates":[-80.16782,40.45017]},"properties":{"id":"511pa-3008","name":"I-376 @ EXIT 59 WB (ROBINSON TOWN CENTRE BLVD)","operator":"PennDOT","category":"traffic","feed_type":"jpeg","feed_url":"/api/cam?u=https%3A%2F%2Fwww.511pa.com%2Fmap%2FCctv%2F5057","snapshot_url":null,"page_url":"https://www.511pa.com/map#Cameras-3008","refresh_s":60,"coord_quality":"exact","attribution":"PennDOT via 511PA"}},{"type":"Feature","geometry":{"type":"Point","coordinates":[-80.16575,40.44714]},"properties":{"id":"511pa-3009","name":"I-376 @ EXIT 60A (WEST US 22/US 30 WEIRTON, WV)","operator":"PennDOT","category":"traffic","feed_type":"jpeg","feed_url":"/api/cam?u=https%3A%2F%2Fwww.511pa.com%2Fmap%2FCctv%2F5058","snapshot_url":null,"page_url":"https://www.511pa.com/map#Cameras-3009","refresh_s":60,"coord_quality":"exact","attribution":"PennDOT via 511PA"}},{"type":"Feature","geometry":{"type":"Point","coordinates":[-79.99919,40.46084]},"properties":{"id":"511pa-3010","name":"I-279 @ EXIT 2B (EAST OHIO ST)","operator":"PennDOT","category":"traffic","feed_type":"jpeg","feed_url":"/api/cam?u=https%3A%2F%2Fwww.511pa.com%2Fmap%2FCctv%2F5059","snapshot_url":null,"page_url":"https://www.511pa.com/map#Cameras-3010","refresh_s":60,"coord_quality":"exact","attribution":"PennDOT via 511PA"}},{"type":"Feature","geometry":{"type":"Point","coordinates":[-80.0238,40.5002]},"properties":{"id":"511pa-3011","name":"I-279 @ EXIT 5 (US 19 PERRYSVILLE AVNUE)","operator":"PennDOT","category":"traffic","feed_type":"jpeg","feed_url":"/api/cam?u=https%3A%2F%2Fwww.511pa.com%2Fmap%2FCctv%2F5060","snapshot_url":null,"page_url":"https://www.511pa.com/map#Cameras-3011","refresh_s":60,"coord_quality":"exact","attribution":"PennDOT via 511PA"}},{"type":"Feature","geometry":{"type":"Point","coordinates":[-79.84101,40.44422]},"properties":{"id":"511pa-3129","name":"I-376 @ EXIT 79B (PA 130 CHURCHILL)","operator":"PennDOT","category":"traffic","feed_type":"jpeg","feed_url":"/api/cam?u=https%3A%2F%2Fwww.511pa.com%2Fmap%2FCctv%2F5178","snapshot_url":null,"page_url":"https://www.511pa.com/map#Cameras-3129","refresh_s":60,"coord_quality":"exact","attribution":"PennDOT via 511PA"}},{"type":"Feature","geometry":{"type":"Point","coordinates":[-79.90886,40.4253]},"properties":{"id":"511pa-3131","name":"I-376 @ MM 75.6 (COMMERCIAL ST)","operator":"PennDOT","category":"traffic","feed_type":"jpeg","feed_url":"/api/cam?u=https%3A%2F%2Fwww.511pa.com%2Fmap%2FCctv%2F5180","snapshot_url":null,"page_url":"https://www.511pa.com/map#Cameras-3131","refresh_s":60,"coord_quality":"exact","attribution":"PennDOT via 511PA"}},{"type":"Feature","geometry":{"type":"Point","coordinates":[-79.89371,40.42616]},"properties":{"id":"511pa-3132","name":"I-376 @ EXIT 77 EB (EDGEWOOD/SWISSVALE)","operator":"PennDOT","category":"traffic","feed_type":"jpeg","feed_url":"/api/cam?u=https%3A%2F%2Fwww.511pa.com%2Fmap%2FCctv%2F5181","snapshot_url":null,"page_url":"https://www.511pa.com/map#Cameras-3132","refresh_s":60,"coord_quality":"exact","attribution":"PennDOT via 511PA"}},{"type":"Feature","geometry":{"type":"Point","coordinates":[-80.01048,40.43929]},"properties":{"id":"511pa-3133","name":"I-376 @ MM 69.92 (FT PITT BRIDGE- LOWER DECK #17)","operator":"PennDOT","category":"traffic","feed_type":"jpeg","feed_url":"/api/cam?u=https%3A%2F%2Fwww.511pa.com%2Fmap%2FCctv%2F5182","snapshot_url":null,"page_url":"https://www.511pa.com/map#Cameras-3133","refresh_s":60,"coord_quality":"exact","attribution":"PennDOT via 511PA"}},{"type":"Feature","geometry":{"type":"Point","coordinates":[-80.12878,40.50179]},"properties":{"id":"511pa-3134","name":"I-79 NB @ EXIT 64 (PA 51 CORAOPOLIS/MCKEES ROCKS)","operator":"PennDOT","category":"traffic","feed_type":"jpeg","feed_url":"/api/cam?u=https%3A%2F%2Fwww.511pa.com%2Fmap%2FCctv%2F5183","snapshot_url":null,"page_url":"https://www.511pa.com/map#Cameras-3134","refresh_s":60,"coord_quality":"exact","attribution":"PennDOT via 511PA"}},{"type":"Feature","geometry":{"type":"Point","coordinates":[-80.01281,40.43807]},"properties":{"id":"511pa-3135","name":"I-376 @ MM 69.8 (FT PITT BRIDGE - LOWER #13)","operator":"PennDOT","category":"traffic","feed_type":"jpeg","feed_url":"/api/cam?u=https%3A%2F%2Fwww.511pa.com%2Fmap%2FCctv%2F5184","snapshot_url":null,"page_url":"https://www.511pa.com/map#Cameras-3135","refresh_s":60,"coord_quality":"exact","attribution":"PennDOT via 511PA"}},{"type":"Feature","geometry":{"type":"Point","coordinates":[-80.01225,40.43835]},"properties":{"id":"511pa-3136","name":"I-376 @ MM 69.83 (FT PITT BRIDGE_PA 837 NORTH EAST CARSON ST/WEST END - LOWER DECK #14)","operator":"PennDOT","category":"traffic","feed_type":"jpeg","feed_url":"/api/cam?u=https%3A%2F%2Fwww.511pa.com%2Fmap%2FCctv%2F5185","snapshot_url":null,"page_url":"https://www.511pa.com/map#Cameras-3136","refresh_s":60,"coord_quality":"exact","attribution":"PennDOT via 511PA"}},{"type":"Feature","geometry":{"type":"Point","coordinates":[-80.03055,40.44353]},"properties":{"id":"511pa-3137","name":"SHORT ST @ S MAIN ST","operator":"PennDOT","category":"traffic","feed_type":"jpeg","feed_url":"/api/cam?u=https%3A%2F%2Fwww.511pa.com%2Fmap%2FCctv%2F5186","snapshot_url":null,"page_url":"https://www.511pa.com/map#Cameras-3137","refresh_s":60,"coord_quality":"exact","attribution":"PennDOT via 511PA"}},{"type":"Feature","geometry":{"type":"Point","coordinates":[-80.03298,40.43904]},"properties":{"id":"511pa-3138","name":"US 19 NORTH OF SHALER ST","operator":"PennDOT","category":"traffic","feed_type":"jpeg","feed_url":"/api/cam?u=https%3A%2F%2Fwww.511pa.com%2Fmap%2FCctv%2F5187","snapshot_url":null,"page_url":"https://www.511pa.com/map#Cameras-3138","refresh_s":60,"coord_quality":"exact","attribution":"PennDOT via 511PA"}},{"type":"Feature","geometry":{"type":"Point","coordinates":[-79.97469,40.47069]},"properties":{"id":"511pa-3139","name":"PA 28 NORTH OF 31 ST BRIDGE","operator":"PennDOT","category":"traffic","feed_type":"jpeg","feed_url":"/api/cam?u=https%3A%2F%2Fwww.511pa.com%2Fmap%2FCctv%2F5188","snapshot_url":null,"page_url":"https://www.511pa.com/map#Cameras-3139","refresh_s":60,"coord_quality":"exact","attribution":"PennDOT via 511PA"}},{"type":"Feature","geometry":{"type":"Point","coordinates":[-79.98354,40.46037]},"properties":{"id":"511pa-3140","name":"PA 28 SOUTH OF 31 ST BRIDGE","operator":"PennDOT","category":"traffic","feed_type":"jpeg","feed_url":"/api/cam?u=https%3A%2F%2Fwww.511pa.com%2Fmap%2FCctv%2F5189","snapshot_url":null,"page_url":"https://www.511pa.com/map#Cameras-3140","refresh_s":60,"coord_quality":"exact","attribution":"PennDOT via 511PA"}},{"type":"Feature","geometry":{"type":"Point","coordinates":[-80.09667,40.6246]},"properties":{"id":"511pa-3141","name":"I-79 @ MM 73.9 (MINGO RD)","operator":"PennDOT","category":"traffic","feed_type":"jpeg","feed_url":"/api/cam?u=https%3A%2F%2Fwww.511pa.com%2Fmap%2FCctv%2F5190","snapshot_url":null,"page_url":"https://www.511pa.com/map#Cameras-3141","refresh_s":60,"coord_quality":"exact","attribution":"PennDOT via 511PA"}},{"type":"Feature","geometry":{"type":"Point","coordinates":[-79.9739,40.43608]},"properties":{"id":"511pa-3145","name":"I-376 @ MM 71.9 (BIRMINGHAM BRIDGE)","operator":"PennDOT","category":"traffic","feed_type":"jpeg","feed_url":"/api/cam?u=https%3A%2F%2Fwww.511pa.com%2Fmap%2FCctv%2F5194","snapshot_url":null,"page_url":"https://www.511pa.com/map#Cameras-3145","refresh_s":60,"coord_quality":"exact","attribution":"PennDOT via 511PA"}},{"type":"Feature","geometry":{"type":"Point","coordinates":[-79.99916,40.43517]},"properties":{"id":"511pa-3146","name":"I-376 @ EXIT 71A (GRANT ST)","operator":"PennDOT","category":"traffic","feed_type":"jpeg","feed_url":"/api/cam?u=https%3A%2F%2Fwww.511pa.com%2Fmap%2FCctv%2F5195","snapshot_url":null,"page_url":"https://www.511pa.com/map#Cameras-3146","refresh_s":60,"coord_quality":"exact","attribution":"PennDOT via 511PA"}},{"type":"Feature","geometry":{"type":"Point","coordinates":[-80.03232,40.46389]},"properties":{"id":"511pa-3149","name":"PA 65 @ US 19","operator":"PennDOT","category":"traffic","feed_type":"jpeg","feed_url":"/api/cam?u=https%3A%2F%2Fwww.511pa.com%2Fmap%2FCctv%2F5198","snapshot_url":null,"page_url":"https://www.511pa.com/map#Cameras-3149","refresh_s":60,"coord_quality":"exact","attribution":"PennDOT via 511PA"}},{"type":"Feature","geometry":{"type":"Point","coordinates":[-80.02921,40.45608]},"properties":{"id":"511pa-3150","name":"PA 65 @ N FRANKLIN ST","operator":"PennDOT","category":"traffic","feed_type":"jpeg","feed_url":"/api/cam?u=https%3A%2F%2Fwww.511pa.com%2Fmap%2FCctv%2F5199","snapshot_url":null,"page_url":"https://www.511pa.com/map#Cameras-3150","refresh_s":60,"coord_quality":"exact","attribution":"PennDOT via 511PA"}},{"type":"Feature","geometry":{"type":"Point","coordinates":[-80.1188,40.36981]},"properties":{"id":"511pa-3255","name":"I-79 @ MM 53.5 (PRESTLEY RD)","operator":"PennDOT","category":"traffic","feed_type":"jpeg","feed_url":"/api/cam?u=https%3A%2F%2Fwww.511pa.com%2Fmap%2FCctv%2F5304","snapshot_url":null,"page_url":"https://www.511pa.com/map#Cameras-3255","refresh_s":60,"coord_quality":"exact","attribution":"PennDOT via 511PA"}},{"type":"Feature","geometry":{"type":"Point","coordinates":[-80.16105,40.44331]},"properties":{"id":"511pa-3256","name":"I-376 @ EXIT 61 EB (RIDGE RD)","operator":"PennDOT","category":"traffic","feed_type":"jpeg","feed_url":"/api/cam?u=https%3A%2F%2Fwww.511pa.com%2Fmap%2FCctv%2F5305","snapshot_url":null,"page_url":"https://www.511pa.com/map#Cameras-3256","refresh_s":60,"coord_quality":"exact","attribution":"PennDOT via 511PA"}},{"type":"Feature","geometry":{"type":"Point","coordinates":[-80.15259,40.43863]},"properties":{"id":"511pa-3257","name":"I-376 @ MM 61 (RIDGE RD)","operator":"PennDOT","category":"traffic","feed_type":"jpeg","feed_url":"/api/cam?u=https%3A%2F%2Fwww.511pa.com%2Fmap%2FCctv%2F5306","snapshot_url":null,"page_url":"https://www.511pa.com/map#Cameras-3257","refresh_s":60,"coord_quality":"exact","attribution":"PennDOT via 511PA"}},{"type":"Feature","geometry":{"type":"Point","coordinates":[-79.98727,40.43472]},"properties":{"id":"511pa-3258","name":"I-376 @ EXIT 71B (SECOND AVE)","operator":"PennDOT","category":"traffic","feed_type":"jpeg","feed_url":"/api/cam?u=https%3A%2F%2Fwww.511pa.com%2Fmap%2FCctv%2F5307","snapshot_url":null,"page_url":"https://www.511pa.com/map#Cameras-3258","refresh_s":60,"coord_quality":"exact","attribution":"PennDOT via 511PA"}},{"type":"Feature","geometry":{"type":"Point","coordinates":[-80.12923,40.52829]},"properties":{"id":"511pa-3259","name":"I-79 @ EXIT 66 (PA 65 EMSWORTH/SEWICKLEY)","operator":"PennDOT","category":"traffic","feed_type":"jpeg","feed_url":"/api/cam?u=https%3A%2F%2Fwww.511pa.com%2Fmap%2FCctv%2F5308","snapshot_url":null,"page_url":"https://www.511pa.com/map#Cameras-3259","refresh_s":60,"coord_quality":"exact","attribution":"PennDOT via 511PA"}},{"type":"Feature","geometry":{"type":"Point","coordinates":[-80.11177,40.46512]},"properties":{"id":"511pa-3260","name":"I-79 @ MM 61.1 (CLEVER RD)","operator":"PennDOT","category":"traffic","feed_type":"jpeg","feed_url":"/api/cam?u=https%3A%2F%2Fwww.511pa.com%2Fmap%2FCctv%2F5309","snapshot_url":null,"page_url":"https://www.511pa.com/map#Cameras-3260","refresh_s":60,"coord_quality":"exact","attribution":"PennDOT via 511PA"}},{"type":"Feature","geometry":{"type":"Point","coordinates":[-80.12422,40.4878]},"properties":{"id":"511pa-3261","name":"I-79 @ MM 62.8 (S-BEND_NB ENTRANCE)","operator":"PennDOT","category":"traffic","feed_type":"jpeg","feed_url":"/api/cam?u=https%3A%2F%2Fwww.511pa.com%2Fmap%2FCctv%2F5310","snapshot_url":null,"page_url":"https://www.511pa.com/map#Cameras-3261","refresh_s":60,"coord_quality":"exact","attribution":"PennDOT via 511PA"}},{"type":"Feature","geometry":{"type":"Point","coordinates":[-80.12092,40.50026]},"properties":{"id":"511pa-3262","name":"I-79 @ MM 63.8 (2ND BEND_NORTHBOUND)","operator":"PennDOT","category":"traffic","feed_type":"jpeg","feed_url":"/api/cam?u=https%3A%2F%2Fwww.511pa.com%2Fmap%2FCctv%2F5311","snapshot_url":null,"page_url":"https://www.511pa.com/map#Cameras-3262","refresh_s":60,"coord_quality":"exact","attribution":"PennDOT via 511PA"}},{"type":"Feature","geometry":{"type":"Point","coordinates":[-80.10517,40.58294]},"properties":{"id":"511pa-3263","name":"I-79 @ MM 70.9 (NICHOLSON RD)","operator":"PennDOT","category":"traffic","feed_type":"jpeg","feed_url":"/api/cam?u=https%3A%2F%2Fwww.511pa.com%2Fmap%2FCctv%2F5312","snapshot_url":null,"page_url":"https://www.511pa.com/map#Cameras-3263","refresh_s":60,"coord_quality":"exact","attribution":"PennDOT via 511PA"}},{"type":"Feature","geometry":{"type":"Point","coordinates":[-80.09928,40.58879]},"properties":{"id":"511pa-3264","name":"I-79 @ EXIT 72 (I-279 SOUTH PITTSBURGH)","operator":"PennDOT","category":"traffic","feed_type":"jpeg","feed_url":"/api/cam?u=https%3A%2F%2Fwww.511pa.com%2Fmap%2FCctv%2F5313","snapshot_url":null,"page_url":"https://www.511pa.com/map#Cameras-3264","refresh_s":60,"coord_quality":"exact","attribution":"PennDOT via 511PA"}},{"type":"Feature","geometry":{"type":"Point","coordinates":[-80.10577,40.42851]},"properties":{"id":"511pa-3265","name":"I-79 @ MM 58.5 (NORTH OF I-376 PITTSBURGH INTERCHANGE)","operator":"PennDOT","category":"traffic","feed_type":"jpeg","feed_url":"/api/cam?u=https%3A%2F%2Fwww.511pa.com%2Fmap%2FCctv%2F5314","snapshot_url":null,"page_url":"https://www.511pa.com/map#Cameras-3265","refresh_s":60,"coord_quality":"exact","attribution":"PennDOT via 511PA"}},{"type":"Feature","geometry":{"type":"Point","coordinates":[-80.0923,40.42041]},"properties":{"id":"511pa-3266","name":"I-376 @ EXIT 64A WB (I-79 ERIE/WASHINGTON)","operator":"PennDOT","category":"traffic","feed_type":"jpeg","feed_url":"/api/cam?u=https%3A%2F%2Fwww.511pa.com%2Fmap%2FCctv%2F5315","snapshot_url":null,"page_url":"https://www.511pa.com/map#Cameras-3266","refresh_s":60,"coord_quality":"exact","attribution":"PennDOT via 511PA"}},{"type":"Feature","geometry":{"type":"Point","coordinates":[-80.10472,40.41387]},"properties":{"id":"511pa-3267","name":"I-79 @ MM 57.5 (I-376 INTERCHANGE)","operator":"PennDOT","category":"traffic","feed_type":"jpeg","feed_url":"/api/cam?u=https%3A%2F%2Fwww.511pa.com%2Fmap%2FCctv%2F5316","snapshot_url":null,"page_url":"https://www.511pa.com/map#Cameras-3267","refresh_s":60,"coord_quality":"exact","attribution":"PennDOT via 511PA"}},{"type":"Feature","geometry":{"type":"Point","coordinates":[-80.03019,40.4344]},"properties":{"id":"511pa-3268","name":"US 19 @ SHALER ST","operator":"PennDOT","category":"traffic","feed_type":"jpeg","feed_url":"/api/cam?u=https%3A%2F%2Fwww.511pa.com%2Fmap%2FCctv%2F5317","snapshot_url":null,"page_url":"https://www.511pa.com/map#Cameras-3268","refresh_s":60,"coord_quality":"exact","attribution":"PennDOT via 511PA"}},{"type":"Feature","geometry":{"type":"Point","coordinates":[-80.00761,40.44812]},"properties":{"id":"511pa-3269","name":"REEDSDALE ST @ MAZEROSKI RD","operator":"PennDOT","category":"traffic","feed_type":"jpeg","feed_url":"/api/cam?u=https%3A%2F%2Fwww.511pa.com%2Fmap%2FCctv%2F5318","snapshot_url":null,"page_url":"https://www.511pa.com/map#Cameras-3269","refresh_s":60,"coord_quality":"exact","attribution":"PennDOT via 511PA"}},{"type":"Feature","geometry":{"type":"Point","coordinates":[-80.0271,40.43066]},"properties":{"id":"511pa-3270","name":"I-376 @ EXIT 69C (NORTH US 19/PA 51 WEST END)","operator":"PennDOT","category":"traffic","feed_type":"jpeg","feed_url":"/api/cam?u=https%3A%2F%2Fwww.511pa.com%2Fmap%2FCctv%2F5319","snapshot_url":null,"page_url":"https://www.511pa.com/map#Cameras-3270","refresh_s":60,"coord_quality":"exact","attribution":"PennDOT via 511PA"}},{"type":"Feature","geometry":{"type":"Point","coordinates":[-80.11096,40.45041]},"properties":{"id":"511pa-3271","name":"I-79 @ EXIT 60 (PA 60 CRAFTON/MOON RUN)","operator":"PennDOT","category":"traffic","feed_type":"jpeg","feed_url":"/api/cam?u=https%3A%2F%2Fwww.511pa.com%2Fmap%2FCctv%2F5320","snapshot_url":null,"page_url":"https://www.511pa.com/map#Cameras-3271","refresh_s":60,"coord_quality":"exact","attribution":"PennDOT via 511PA"}},{"type":"Feature","geometry":{"type":"Point","coordinates":[-80.12147,40.48014]},"properties":{"id":"511pa-3272","name":"I-79 @ MM 62.3 (FOREST GROVE RD)","operator":"PennDOT","category":"traffic","feed_type":"jpeg","feed_url":"/api/cam?u=https%3A%2F%2Fwww.511pa.com%2Fmap%2FCctv%2F5321","snapshot_url":null,"page_url":"https://www.511pa.com/map#Cameras-3272","refresh_s":60,"coord_quality":"exact","attribution":"PennDOT via 511PA"}},{"type":"Feature","geometry":{"type":"Point","coordinates":[-80.14557,40.3219]},"properties":{"id":"511pa-3274","name":"I-79 @ MM 49.7 (COUNTY LINE RD)","operator":"PennDOT","category":"traffic","feed_type":"jpeg","feed_url":"/api/cam?u=https%3A%2F%2Fwww.511pa.com%2Fmap%2FCctv%2F5323","snapshot_url":null,"page_url":"https://www.511pa.com/map#Cameras-3274","refresh_s":60,"coord_quality":"exact","attribution":"PennDOT via 511PA"}},{"type":"Feature","geometry":{"type":"Point","coordinates":[-80.1977,40.46732]},"properties":{"id":"511pa-3275","name":"I-376 @ MM 57.8 (BUSINESS I-376 INTERCHANGE)","operator":"PennDOT","category":"traffic","feed_type":"jpeg","feed_url":"/api/cam?u=https%3A%2F%2Fwww.511pa.com%2Fmap%2FCctv%2F5324","snapshot_url":null,"page_url":"https://www.511pa.com/map#Cameras-3275","refresh_s":60,"coord_quality":"exact","attribution":"PennDOT via 511PA"}},{"type":"Feature","geometry":{"type":"Point","coordinates":[-79.82324,40.44196]},"properties":{"id":"511pa-3276","name":"I-376 @ EXIT 81 (PA 791 NORTH PENN HILLS)","operator":"PennDOT","category":"traffic","feed_type":"jpeg","feed_url":"/api/cam?u=https%3A%2F%2Fwww.511pa.com%2Fmap%2FCctv%2F5325","snapshot_url":null,"page_url":"https://www.511pa.com/map#Cameras-3276","refresh_s":60,"coord_quality":"exact","attribution":"PennDOT via 511PA"}},{"type":"Feature","geometry":{"type":"Point","coordinates":[-79.99189,40.4426]},"properties":{"id":"511pa-3277","name":"I-579 @ BIGELOW BLVD","operator":"PennDOT","category":"traffic","feed_type":"jpeg","feed_url":"/api/cam?u=https%3A%2F%2Fwww.511pa.com%2Fmap%2FCctv%2F5326","snapshot_url":null,"page_url":"https://www.511pa.com/map#Cameras-3277","refresh_s":60,"coord_quality":"exact","attribution":"PennDOT via 511PA"}},{"type":"Feature","geometry":{"type":"Point","coordinates":[-80.0196,40.42576]},"properties":{"id":"511pa-3278","name":"PA 51 @ WOODRUFF ST","operator":"PennDOT","category":"traffic","feed_type":"jpeg","feed_url":"/api/cam?u=https%3A%2F%2Fwww.511pa.com%2Fmap%2FCctv%2F5327","snapshot_url":null,"page_url":"https://www.511pa.com/map#Cameras-3278","refresh_s":60,"coord_quality":"exact","attribution":"PennDOT via 511PA"}},{"type":"Feature","geometry":{"type":"Point","coordinates":[-80.27267,40.49164]},"properties":{"id":"511pa-3283","name":"I-376 @ Airport","operator":"PennDOT","category":"traffic","feed_type":"jpeg","feed_url":"/api/cam?u=https%3A%2F%2Fwww.511pa.com%2Fmap%2FCctv%2F5332","snapshot_url":null,"page_url":"https://www.511pa.com/map#Cameras-3283","refresh_s":60,"coord_quality":"exact","attribution":"PennDOT via 511PA"}},{"type":"Feature","geometry":{"type":"Point","coordinates":[-80.24322,40.46818]},"properties":{"id":"511pa-3285","name":"I-376 @ ENLOW ROAD","operator":"PennDOT","category":"traffic","feed_type":"jpeg","feed_url":"/api/cam?u=https%3A%2F%2Fwww.511pa.com%2Fmap%2FCctv%2F5334","snapshot_url":null,"page_url":"https://www.511pa.com/map#Cameras-3285","refresh_s":60,"coord_quality":"exact","attribution":"PennDOT via 511PA"}},{"type":"Feature","geometry":{"type":"Point","coordinates":[-80.17276,40.45228]},"properties":{"id":"511pa-3287","name":"I-376 @ EXIT 59 EB (ROBINSON TOWN CENTRE BLVD)","operator":"PennDOT","category":"traffic","feed_type":"jpeg","feed_url":"/api/cam?u=https%3A%2F%2Fwww.511pa.com%2Fmap%2FCctv%2F5336","snapshot_url":null,"page_url":"https://www.511pa.com/map#Cameras-3287","refresh_s":60,"coord_quality":"exact","attribution":"PennDOT via 511PA"}},{"type":"Feature","geometry":{"type":"Point","coordinates":[-79.99783,40.45054]},"properties":{"id":"511pa-3288","name":"I-279 @ MM 1.2 (NORTH CANAL ST - HOV)","operator":"PennDOT","category":"traffic","feed_type":"jpeg","feed_url":"/api/cam?u=https%3A%2F%2Fwww.511pa.com%2Fmap%2FCctv%2F5337","snapshot_url":null,"page_url":"https://www.511pa.com/map#Cameras-3288","refresh_s":60,"coord_quality":"exact","attribution":"PennDOT via 511PA"}},{"type":"Feature","geometry":{"type":"Point","coordinates":[-80.03122,40.50712]},"properties":{"id":"511pa-3289","name":"I-279 @ MM 0.5 (HOV - PARK-N-RIDE)","operator":"PennDOT","category":"traffic","feed_type":"jpeg","feed_url":"/api/cam?u=https%3A%2F%2Fwww.511pa.com%2Fmap%2FCctv%2F5338","snapshot_url":null,"page_url":"https://www.511pa.com/map#Cameras-3289","refresh_s":60,"coord_quality":"exact","attribution":"PennDOT via 511PA"}},{"type":"Feature","geometry":{"type":"Point","coordinates":[-79.85052,40.52929]},"properties":{"id":"511pa-3300","name":"28N @ Hulton Bridge","operator":"PennDOT","category":"traffic","feed_type":"jpeg","feed_url":"/api/cam?u=https%3A%2F%2Fwww.511pa.com%2Fmap%2FCctv%2F5349","snapshot_url":null,"page_url":"https://www.511pa.com/map#Cameras-3300","refresh_s":60,"coord_quality":"exact","attribution":"PennDOT via 511PA"}},{"type":"Feature","geometry":{"type":"Point","coordinates":[-79.8123,40.5559]},"properties":{"id":"511pa-3301","name":"28S @ Cheswick","operator":"PennDOT","category":"traffic","feed_type":"jpeg","feed_url":"/api/cam?u=https%3A%2F%2Fwww.511pa.com%2Fmap%2FCctv%2F5350","snapshot_url":null,"page_url":"https://www.511pa.com/map#Cameras-3301","refresh_s":60,"coord_quality":"exact","attribution":"PennDOT via 511PA"}},{"type":"Feature","geometry":{"type":"Point","coordinates":[-79.80242,40.559]},"properties":{"id":"511pa-3302","name":"28N @ Butler Road","operator":"PennDOT","category":"traffic","feed_type":"jpeg","feed_url":"/api/cam?u=https%3A%2F%2Fwww.511pa.com%2Fmap%2FCctv%2F5351","snapshot_url":null,"page_url":"https://www.511pa.com/map#Cameras-3302","refresh_s":60,"coord_quality":"exact","attribution":"PennDOT via 511PA"}},{"type":"Feature","geometry":{"type":"Point","coordinates":[-80.00261,40.43726]},"properties":{"id":"511pa-3373","name":"I-376 @ MM 70.3 (FT PITT BLVD)","operator":"PennDOT","category":"traffic","feed_type":"jpeg","feed_url":"/api/cam?u=https%3A%2F%2Fwww.511pa.com%2Fmap%2FCctv%2F5422","snapshot_url":null,"page_url":"https://www.511pa.com/map#Cameras-3373","refresh_s":60,"coord_quality":"exact","attribution":"PennDOT via 511PA"}},{"type":"Feature","geometry":{"type":"Point","coordinates":[-80.072,40.41031]},"properties":{"id":"511pa-3374","name":"I-376 @ EXIT 65 (PA 50 CARNEGIE/HEIDELBERG)","operator":"PennDOT","category":"traffic","feed_type":"jpeg","feed_url":"/api/cam?u=https%3A%2F%2Fwww.511pa.com%2Fmap%2FCctv%2F5423","snapshot_url":null,"page_url":"https://www.511pa.com/map#Cameras-3374","refresh_s":60,"coord_quality":"exact","attribution":"PennDOT via 511PA"}},{"type":"Feature","geometry":{"type":"Point","coordinates":[-80.00986,40.43971]},"properties":{"id":"511pa-3375","name":"I-376 @ MM 69.94 (FT PITT BRIDGE - LOWER DECK # 18)","operator":"PennDOT","category":"traffic","feed_type":"jpeg","feed_url":"/api/cam?u=https%3A%2F%2Fwww.511pa.com%2Fmap%2FCctv%2F5424","snapshot_url":null,"page_url":"https://www.511pa.com/map#Cameras-3375","refresh_s":60,"coord_quality":"exact","attribution":"PennDOT via 511PA"}},{"type":"Feature","geometry":{"type":"Point","coordinates":[-80.12393,40.53665]},"properties":{"id":"511pa-3376","name":"I-79 @ MM 67.2 (DUFF RD)","operator":"PennDOT","category":"traffic","feed_type":"jpeg","feed_url":"/api/cam?u=https%3A%2F%2Fwww.511pa.com%2Fmap%2FCctv%2F5425","snapshot_url":null,"page_url":"https://www.511pa.com/map#Cameras-3376","refresh_s":60,"coord_quality":"exact","attribution":"PennDOT via 511PA"}},{"type":"Feature","geometry":{"type":"Point","coordinates":[-79.99536,40.45437]},"properties":{"id":"511pa-3377","name":"OHIO ST @ CHESTNUT ST","operator":"PennDOT","category":"traffic","feed_type":"jpeg","feed_url":"/api/cam?u=https%3A%2F%2Fwww.511pa.com%2Fmap%2FCctv%2F5426","snapshot_url":null,"page_url":"https://www.511pa.com/map#Cameras-3377","refresh_s":60,"coord_quality":"exact","attribution":"PennDOT via 511PA"}},{"type":"Feature","geometry":{"type":"Point","coordinates":[-80.11715,40.5523]},"properties":{"id":"511pa-3378","name":"I-79 @ EXIT 68 (MOUNT NEBO RD)","operator":"PennDOT","category":"traffic","feed_type":"jpeg","feed_url":"/api/cam?u=https%3A%2F%2Fwww.511pa.com%2Fmap%2FCctv%2F5427","snapshot_url":null,"page_url":"https://www.511pa.com/map#Cameras-3378","refresh_s":60,"coord_quality":"exact","attribution":"PennDOT via 511PA"}},{"type":"Feature","geometry":{"type":"Point","coordinates":[-80.02787,40.44421]},"properties":{"id":"511pa-3380","name":"US 19 @ WEST END BRIDGE S","operator":"PennDOT","category":"traffic","feed_type":"jpeg","feed_url":"/api/cam?u=https%3A%2F%2Fwww.511pa.com%2Fmap%2FCctv%2F5429","snapshot_url":null,"page_url":"https://www.511pa.com/map#Cameras-3380","refresh_s":60,"coord_quality":"exact","attribution":"PennDOT via 511PA"}},{"type":"Feature","geometry":{"type":"Point","coordinates":[-80.00686,40.44876]},"properties":{"id":"511pa-3381","name":"I-279 @ MM 0.67 EAST LACOCK ST)","operator":"PennDOT","category":"traffic","feed_type":"jpeg","feed_url":"/api/cam?u=https%3A%2F%2Fwww.511pa.com%2Fmap%2FCctv%2F5430","snapshot_url":null,"page_url":"https://www.511pa.com/map#Cameras-3381","refresh_s":60,"coord_quality":"exact","attribution":"PennDOT via 511PA"}},{"type":"Feature","geometry":{"type":"Point","coordinates":[-80.1376,40.33193]},"properties":{"id":"511pa-3382","name":"I-79 @ MM 50.4 (I-79 REST STOP NORTHBOUND)","operator":"PennDOT","category":"traffic","feed_type":"jpeg","feed_url":"/api/cam?u=https%3A%2F%2Fwww.511pa.com%2Fmap%2FCctv%2F5431","snapshot_url":null,"page_url":"https://www.511pa.com/map#Cameras-3382","refresh_s":60,"coord_quality":"exact","attribution":"PennDOT via 511PA"}},{"type":"Feature","geometry":{"type":"Point","coordinates":[-80.14076,40.32858]},"properties":{"id":"511pa-3383","name":"I-79 @ MM 50.2 (I-79 SOUTHBOUND BRIDGEVILLE REST AREA)","operator":"PennDOT","category":"traffic","feed_type":"jpeg","feed_url":"/api/cam?u=https%3A%2F%2Fwww.511pa.com%2Fmap%2FCctv%2F5432","snapshot_url":null,"page_url":"https://www.511pa.com/map#Cameras-3383","refresh_s":60,"coord_quality":"exact","attribution":"PennDOT via 511PA"}},{"type":"Feature","geometry":{"type":"Point","coordinates":[-79.94153,40.49469]},"properties":{"id":"511pa-3384","name":"PA 28 @ PA 8 NORTH ETNA/BUTLER EXIT","operator":"PennDOT","category":"traffic","feed_type":"jpeg","feed_url":"/api/cam?u=https%3A%2F%2Fwww.511pa.com%2Fmap%2FCctv%2F5433","snapshot_url":null,"page_url":"https://www.511pa.com/map#Cameras-3384","refresh_s":60,"coord_quality":"exact","attribution":"PennDOT via 511PA"}},{"type":"Feature","geometry":{"type":"Point","coordinates":[-79.97974,40.46506]},"properties":{"id":"511pa-3385","name":"PA 28 @ 31ST ST BRIDGE","operator":"PennDOT","category":"traffic","feed_type":"jpeg","feed_url":"/api/cam?u=https%3A%2F%2Fwww.511pa.com%2Fmap%2FCctv%2F5434","snapshot_url":null,"page_url":"https://www.511pa.com/map#Cameras-3385","refresh_s":60,"coord_quality":"exact","attribution":"PennDOT via 511PA"}},{"type":"Feature","geometry":{"type":"Point","coordinates":[-79.98752,40.45763]},"properties":{"id":"511pa-3386","name":"PA 28 @ ST. NICHOLAS CHURCH","operator":"PennDOT","category":"traffic","feed_type":"jpeg","feed_url":"/api/cam?u=https%3A%2F%2Fwww.511pa.com%2Fmap%2FCctv%2F5435","snapshot_url":null,"page_url":"https://www.511pa.com/map#Cameras-3386","refresh_s":60,"coord_quality":"exact","attribution":"PennDOT via 511PA"}},{"type":"Feature","geometry":{"type":"Point","coordinates":[-80.11867,40.35586]},"properties":{"id":"511pa-3387","name":"I-79 @ EXIT 54 (PA 50 BRIDGEVILLE)","operator":"PennDOT","category":"traffic","feed_type":"jpeg","feed_url":"/api/cam?u=https%3A%2F%2Fwww.511pa.com%2Fmap%2FCctv%2F5436","snapshot_url":null,"page_url":"https://www.511pa.com/map#Cameras-3387","refresh_s":60,"coord_quality":"exact","attribution":"PennDOT via 511PA"}},{"type":"Feature","geometry":{"type":"Point","coordinates":[-79.93123,40.42911]},"properties":{"id":"511pa-3388","name":"I-376 @ EXIT 74 (SQUIRREL HILL/HOMESTEAD)","operator":"PennDOT","category":"traffic","feed_type":"jpeg","feed_url":"/api/cam?u=https%3A%2F%2Fwww.511pa.com%2Fmap%2FCctv%2F5437","snapshot_url":null,"page_url":"https://www.511pa.com/map#Cameras-3388","refresh_s":60,"coord_quality":"exact","attribution":"PennDOT via 511PA"}},{"type":"Feature","geometry":{"type":"Point","coordinates":[-80.09495,40.64917]},"properties":{"id":"511pa-3390","name":"I-79 @ MM 75.7 (WARRENDALE BAYNE RD)","operator":"PennDOT","category":"traffic","feed_type":"jpeg","feed_url":"/api/cam?u=https%3A%2F%2Fwww.511pa.com%2Fmap%2FCctv%2F5439","snapshot_url":null,"page_url":"https://www.511pa.com/map#Cameras-3390","refresh_s":60,"coord_quality":"exact","attribution":"PennDOT via 511PA"}},{"type":"Feature","geometry":{"type":"Point","coordinates":[-80.09775,40.64182]},"properties":{"id":"511pa-3391","name":"I-79 @ MM 75.1 (WEXFORD RUN RD)","operator":"PennDOT","category":"traffic","feed_type":"jpeg","feed_url":"/api/cam?u=https%3A%2F%2Fwww.511pa.com%2Fmap%2FCctv%2F5440","snapshot_url":null,"page_url":"https://www.511pa.com/map#Cameras-3391","refresh_s":60,"coord_quality":"exact","attribution":"PennDOT via 511PA"}},{"type":"Feature","geometry":{"type":"Point","coordinates":[-79.8373,40.54392]},"properties":{"id":"511pa-3396","name":"PA 28 @ PA 910 HARMAR EXIT","operator":"PennDOT","category":"traffic","feed_type":"jpeg","feed_url":"/api/cam?u=https%3A%2F%2Fwww.511pa.com%2Fmap%2FCctv%2F5445","snapshot_url":null,"page_url":"https://www.511pa.com/map#Cameras-3396","refresh_s":60,"coord_quality":"exact","attribution":"PennDOT via 511PA"}},{"type":"Feature","geometry":{"type":"Point","coordinates":[-80.01116,40.53767]},"properties":{"id":"511pa-3397","name":"MCKNIGHT RD @ PATRICK PLACE","operator":"PennDOT","category":"traffic","feed_type":"jpeg","feed_url":"/api/cam?u=https%3A%2F%2Fwww.511pa.com%2Fmap%2FCctv%2F5446","snapshot_url":null,"page_url":"https://www.511pa.com/map#Cameras-3397","refresh_s":60,"coord_quality":"exact","attribution":"PennDOT via 511PA"}},{"type":"Feature","geometry":{"type":"Point","coordinates":[-79.99685,40.45259]},"properties":{"id":"511pa-3402","name":"I-279 @ MM 1.4 (EAST ST - HOV)","operator":"PennDOT","category":"traffic","feed_type":"jpeg","feed_url":"/api/cam?u=https%3A%2F%2Fwww.511pa.com%2Fmap%2FCctv%2F5451","snapshot_url":null,"page_url":"https://www.511pa.com/map#Cameras-3402","refresh_s":60,"coord_quality":"exact","attribution":"PennDOT via 511PA"}},{"type":"Feature","geometry":{"type":"Point","coordinates":[-79.9981,40.45641]},"properties":{"id":"511pa-3403","name":"I-279 @ MM 1.7 (TRIPOLI ST)","operator":"PennDOT","category":"traffic","feed_type":"jpeg","feed_url":"/api/cam?u=https%3A%2F%2Fwww.511pa.com%2Fmap%2FCctv%2F5452","snapshot_url":null,"page_url":"https://www.511pa.com/map#Cameras-3403","refresh_s":60,"coord_quality":"exact","attribution":"PennDOT via 511PA"}},{"type":"Feature","geometry":{"type":"Point","coordinates":[-80.01333,40.49529]},"properties":{"id":"511pa-3404","name":"I-279 @ MM 4.5 (MCKNIGHT RD)","operator":"PennDOT","category":"traffic","feed_type":"jpeg","feed_url":"/api/cam?u=https%3A%2F%2Fwww.511pa.com%2Fmap%2FCctv%2F5453","snapshot_url":null,"page_url":"https://www.511pa.com/map#Cameras-3404","refresh_s":60,"coord_quality":"exact","attribution":"PennDOT via 511PA"}},{"type":"Feature","geometry":{"type":"Point","coordinates":[-80.02852,40.50402]},"properties":{"id":"511pa-3405","name":"I-279 @ MM 5.5 (SR 6279 SB ON-RAMP - HOV))","operator":"PennDOT","category":"traffic","feed_type":"jpeg","feed_url":"/api/cam?u=https%3A%2F%2Fwww.511pa.com%2Fmap%2FCctv%2F5454","snapshot_url":null,"page_url":"https://www.511pa.com/map#Cameras-3405","refresh_s":60,"coord_quality":"exact","attribution":"PennDOT via 511PA"}},{"type":"Feature","geometry":{"type":"Point","coordinates":[-80.05205,40.51396]},"properties":{"id":"511pa-3406","name":"I-279 @ EXIT 7 (BELLEVUE/WEST VIEW)","operator":"PennDOT","category":"traffic","feed_type":"jpeg","feed_url":"/api/cam?u=https%3A%2F%2Fwww.511pa.com%2Fmap%2FCctv%2F5455","snapshot_url":null,"page_url":"https://www.511pa.com/map#Cameras-3406","refresh_s":60,"coord_quality":"exact","attribution":"PennDOT via 511PA"}},{"type":"Feature","geometry":{"type":"Point","coordinates":[-80.05442,40.51909]},"properties":{"id":"511pa-3501","name":"I-279 @ MM 7.4 (UNION AVE)","operator":"PennDOT","category":"traffic","feed_type":"jpeg","feed_url":"/api/cam?u=https%3A%2F%2Fwww.511pa.com%2Fmap%2FCctv%2F5550","snapshot_url":null,"page_url":"https://www.511pa.com/map#Cameras-3501","refresh_s":60,"coord_quality":"exact","attribution":"PennDOT via 511PA"}},{"type":"Feature","geometry":{"type":"Point","coordinates":[-80.00769,40.43934]},"properties":{"id":"511pa-3502","name":"I-376 @ EXIT 70C (NORTH I-279 FT DUQUESNE BRIDGE/NORTH SHORE)","operator":"PennDOT","category":"traffic","feed_type":"jpeg","feed_url":"/api/cam?u=https%3A%2F%2Fwww.511pa.com%2Fmap%2FCctv%2F5551","snapshot_url":null,"page_url":"https://www.511pa.com/map#Cameras-3502","refresh_s":60,"coord_quality":"exact","attribution":"PennDOT via 511PA"}},{"type":"Feature","geometry":{"type":"Point","coordinates":[-79.94135,40.42938]},"properties":{"id":"511pa-3503","name":"I-376 @ MM 73.9 (SALINE ST)","operator":"PennDOT","category":"traffic","feed_type":"jpeg","feed_url":"/api/cam?u=https%3A%2F%2Fwww.511pa.com%2Fmap%2FCctv%2F5552","snapshot_url":null,"page_url":"https://www.511pa.com/map#Cameras-3503","refresh_s":60,"coord_quality":"exact","attribution":"PennDOT via 511PA"}},{"type":"Feature","geometry":{"type":"Point","coordinates":[-80.10062,40.42268]},"properties":{"id":"511pa-3505","name":"I-376 @ MM 64 (EAST OF I-79 PITTSBURGH INTERCHANGE)","operator":"PennDOT","category":"traffic","feed_type":"jpeg","feed_url":"/api/cam?u=https%3A%2F%2Fwww.511pa.com%2Fmap%2FCctv%2F5554","snapshot_url":null,"page_url":"https://www.511pa.com/map#Cameras-3505","refresh_s":60,"coord_quality":"exact","attribution":"PennDOT via 511PA"}},{"type":"Feature","geometry":{"type":"Point","coordinates":[-80.10589,40.42294]},"properties":{"id":"511pa-3506","name":"I-79 @ EXIT 59B (I-376 WEST AIRPORT)","operator":"PennDOT","category":"traffic","feed_type":"jpeg","feed_url":"/api/cam?u=https%3A%2F%2Fwww.511pa.com%2Fmap%2FCctv%2F5555","snapshot_url":null,"page_url":"https://www.511pa.com/map#Cameras-3506","refresh_s":60,"coord_quality":"exact","attribution":"PennDOT via 511PA"}},{"type":"Feature","geometry":{"type":"Point","coordinates":[-80.09777,40.38733]},"properties":{"id":"511pa-3507","name":"I-79 @ MM 55.5 (COLLIER AVE)","operator":"PennDOT","category":"traffic","feed_type":"jpeg","feed_url":"/api/cam?u=https%3A%2F%2Fwww.511pa.com%2Fmap%2FCctv%2F5556","snapshot_url":null,"page_url":"https://www.511pa.com/map#Cameras-3507","refresh_s":60,"coord_quality":"exact","attribution":"PennDOT via 511PA"}},{"type":"Feature","geometry":{"type":"Point","coordinates":[-79.8868,40.42953]},"properties":{"id":"511pa-3509","name":"I-376 WB @ EXIT 77 (EDGEWOOD DR/SWISSVALE)","operator":"PennDOT","category":"traffic","feed_type":"jpeg","feed_url":"/api/cam?u=https%3A%2F%2Fwww.511pa.com%2Fmap%2FCctv%2F5558","snapshot_url":null,"page_url":"https://www.511pa.com/map#Cameras-3509","refresh_s":60,"coord_quality":"exact","attribution":"PennDOT via 511PA"}},{"type":"Feature","geometry":{"type":"Point","coordinates":[-79.99466,40.4356]},"properties":{"id":"511pa-3510","name":"I-579 @ BLVD OF THE ALLIES","operator":"PennDOT","category":"traffic","feed_type":"jpeg","feed_url":"/api/cam?u=https%3A%2F%2Fwww.511pa.com%2Fmap%2FCctv%2F5559","snapshot_url":null,"page_url":"https://www.511pa.com/map#Cameras-3510","refresh_s":60,"coord_quality":"exact","attribution":"PennDOT via 511PA"}},{"type":"Feature","geometry":{"type":"Point","coordinates":[-80.03559,40.41991]},"properties":{"id":"511pa-3511","name":"I-376 @ EXIT 68 (PARKWAY CENTER DR)","operator":"PennDOT","category":"traffic","feed_type":"jpeg","feed_url":"/api/cam?u=https%3A%2F%2Fwww.511pa.com%2Fmap%2FCctv%2F5560","snapshot_url":null,"page_url":"https://www.511pa.com/map#Cameras-3511","refresh_s":60,"coord_quality":"exact","attribution":"PennDOT via 511PA"}},{"type":"Feature","geometry":{"type":"Point","coordinates":[-80.0119,40.50103]},"properties":{"id":"511pa-3512","name":"MCKNIGHT RD @ INTOWN STS","operator":"PennDOT","category":"traffic","feed_type":"jpeg","feed_url":"/api/cam?u=https%3A%2F%2Fwww.511pa.com%2Fmap%2FCctv%2F5561","snapshot_url":null,"page_url":"https://www.511pa.com/map#Cameras-3512","refresh_s":60,"coord_quality":"exact","attribution":"PennDOT via 511PA"}},{"type":"Feature","geometry":{"type":"Point","coordinates":[-79.83152,40.44037]},"properties":{"id":"511pa-3514","name":"I-376 @ MM 80.5 (RODI RD)","operator":"PennDOT","category":"traffic","feed_type":"jpeg","feed_url":"/api/cam?u=https%3A%2F%2Fwww.511pa.com%2Fmap%2FCctv%2F5563","snapshot_url":null,"page_url":"https://www.511pa.com/map#Cameras-3514","refresh_s":60,"coord_quality":"exact","attribution":"PennDOT via 511PA"}},{"type":"Feature","geometry":{"type":"Point","coordinates":[-80.04287,40.47843]},"properties":{"id":"511pa-3515","name":"PA 65 @ MCKEES ROCK BRIDGE","operator":"PennDOT","category":"traffic","feed_type":"jpeg","feed_url":"/api/cam?u=https%3A%2F%2Fwww.511pa.com%2Fmap%2FCctv%2F5564","snapshot_url":null,"page_url":"https://www.511pa.com/map#Cameras-3515","refresh_s":60,"coord_quality":"exact","attribution":"PennDOT via 511PA"}},{"type":"Feature","geometry":{"type":"Point","coordinates":[-80.02103,40.55455]},"properties":{"id":"511pa-3518","name":"MCKNIGHT RD @ PEEBLES RD","operator":"PennDOT","category":"traffic","feed_type":"jpeg","feed_url":"/api/cam?u=https%3A%2F%2Fwww.511pa.com%2Fmap%2FCctv%2F5567","snapshot_url":null,"page_url":"https://www.511pa.com/map#Cameras-3518","refresh_s":60,"coord_quality":"exact","attribution":"PennDOT via 511PA"}},{"type":"Feature","geometry":{"type":"Point","coordinates":[-80.00448,40.5152]},"properties":{"id":"511pa-3519","name":"MCKNIGHT RD @ BABCOCK BLVD EXIT","operator":"PennDOT","category":"traffic","feed_type":"jpeg","feed_url":"/api/cam?u=https%3A%2F%2Fwww.511pa.com%2Fmap%2FCctv%2F5568","snapshot_url":null,"page_url":"https://www.511pa.com/map#Cameras-3519","refresh_s":60,"coord_quality":"exact","attribution":"PennDOT via 511PA"}},{"type":"Feature","geometry":{"type":"Point","coordinates":[-80.0074,40.48296]},"properties":{"id":"511pa-3523","name":"I-279 @ MM 3.6 (EAST ST)","operator":"PennDOT","category":"traffic","feed_type":"jpeg","feed_url":"/api/cam?u=https%3A%2F%2Fwww.511pa.com%2Fmap%2FCctv%2F5572","snapshot_url":null,"page_url":"https://www.511pa.com/map#Cameras-3523","refresh_s":60,"coord_quality":"exact","attribution":"PennDOT via 511PA"}},{"type":"Feature","geometry":{"type":"Point","coordinates":[-79.78487,40.57948]},"properties":{"id":"511pa-3536","name":"28S @ Murray Hill Road","operator":"PennDOT","category":"traffic","feed_type":"jpeg","feed_url":"/api/cam?u=https%3A%2F%2Fwww.511pa.com%2Fmap%2FCctv%2F5585","snapshot_url":null,"page_url":"https://www.511pa.com/map#Cameras-3536","refresh_s":60,"coord_quality":"exact","attribution":"PennDOT via 511PA"}},{"type":"Feature","geometry":{"type":"Point","coordinates":[-79.77763,40.58729]},"properties":{"id":"511pa-3537","name":"28S @ Creighton","operator":"PennDOT","category":"traffic","feed_type":"jpeg","feed_url":"/api/cam?u=https%3A%2F%2Fwww.511pa.com%2Fmap%2FCctv%2F5586","snapshot_url":null,"page_url":"https://www.511pa.com/map#Cameras-3537","refresh_s":60,"coord_quality":"exact","attribution":"PennDOT via 511PA"}},{"type":"Feature","geometry":{"type":"Point","coordinates":[-80.12405,40.42535]},"properties":{"id":"511pa-3616","name":"I-376 @ MM 62.6 (CAMPBELLS RUN RD)","operator":"PennDOT","category":"traffic","feed_type":"jpeg","feed_url":"/api/cam?u=https%3A%2F%2Fwww.511pa.com%2Fmap%2FCctv%2F5665","snapshot_url":null,"page_url":"https://www.511pa.com/map#Cameras-3616","refresh_s":60,"coord_quality":"exact","attribution":"PennDOT via 511PA"}},{"type":"Feature","geometry":{"type":"Point","coordinates":[-79.85367,40.51845]},"properties":{"id":"511pa-3619","name":"PA 28 NORTH OF POWERS RUN RD","operator":"PennDOT","category":"traffic","feed_type":"jpeg","feed_url":"/api/cam?u=https%3A%2F%2Fwww.511pa.com%2Fmap%2FCctv%2F5668","snapshot_url":null,"page_url":"https://www.511pa.com/map#Cameras-3619","refresh_s":60,"coord_quality":"exact","attribution":"PennDOT via 511PA"}},{"type":"Feature","geometry":{"type":"Point","coordinates":[-80.09452,40.67266]},"properties":{"id":"511pa-3622","name":"I-79 @ EXIT 77 (I-76 YOUNGSTOWN,OH/HARRISBURG)","operator":"PennDOT","category":"traffic","feed_type":"jpeg","feed_url":"/api/cam?u=https%3A%2F%2Fwww.511pa.com%2Fmap%2FCctv%2F5671","snapshot_url":null,"page_url":"https://www.511pa.com/map#Cameras-3622","refresh_s":60,"coord_quality":"exact","attribution":"PennDOT via 511PA"}},{"type":"Feature","geometry":{"type":"Point","coordinates":[-79.95909,40.43191]},"properties":{"id":"511pa-3623","name":"I-376 @ EXIT 73B (PA 885 NORTH OAKLAND)","operator":"PennDOT","category":"traffic","feed_type":"jpeg","feed_url":"/api/cam?u=https%3A%2F%2Fwww.511pa.com%2Fmap%2FCctv%2F5672","snapshot_url":null,"page_url":"https://www.511pa.com/map#Cameras-3623","refresh_s":60,"coord_quality":"exact","attribution":"PennDOT via 511PA"}},{"type":"Feature","geometry":{"type":"Point","coordinates":[-79.99965,40.44983]},"properties":{"id":"511pa-3624","name":"I-279 @ EXIT 1D (PA 28 NORTH CHESTNUT ST/EAST OHIO ST/ETNA)","operator":"PennDOT","category":"traffic","feed_type":"jpeg","feed_url":"/api/cam?u=https%3A%2F%2Fwww.511pa.com%2Fmap%2FCctv%2F5673","snapshot_url":null,"page_url":"https://www.511pa.com/map#Cameras-3624","refresh_s":60,"coord_quality":"exact","attribution":"PennDOT via 511PA"}},{"type":"Feature","geometry":{"type":"Point","coordinates":[-80.00902,40.44332]},"properties":{"id":"511pa-3626","name":"I-279 @ MM 0.3 (FT DUQUESNE BLVD)","operator":"PennDOT","category":"traffic","feed_type":"jpeg","feed_url":"/api/cam?u=https%3A%2F%2Fwww.511pa.com%2Fmap%2FCctv%2F5675","snapshot_url":null,"page_url":"https://www.511pa.com/map#Cameras-3626","refresh_s":60,"coord_quality":"exact","attribution":"PennDOT via 511PA"}},{"type":"Feature","geometry":{"type":"Point","coordinates":[-80.06309,40.52]},"properties":{"id":"511pa-3631","name":"I-279 @ MM 7.9 (GASS RD)","operator":"PennDOT","category":"traffic","feed_type":"jpeg","feed_url":"/api/cam?u=https%3A%2F%2Fwww.511pa.com%2Fmap%2FCctv%2F5680","snapshot_url":null,"page_url":"https://www.511pa.com/map#Cameras-3631","refresh_s":60,"coord_quality":"exact","attribution":"PennDOT via 511PA"}},{"type":"Feature","geometry":{"type":"Point","coordinates":[-80.11608,40.56873]},"properties":{"id":"511pa-3633","name":"I-79 @ MM 69.6 (RED MUD HOLLOW RD)","operator":"PennDOT","category":"traffic","feed_type":"jpeg","feed_url":"/api/cam?u=https%3A%2F%2Fwww.511pa.com%2Fmap%2FCctv%2F5682","snapshot_url":null,"page_url":"https://www.511pa.com/map#Cameras-3633","refresh_s":60,"coord_quality":"exact","attribution":"PennDOT via 511PA"}},{"type":"Feature","geometry":{"type":"Point","coordinates":[-80.12503,40.49347]},"properties":{"id":"511pa-3634","name":"I-79 @ MM 63.2 (1ST BEND_NORTHBOUND)","operator":"PennDOT","category":"traffic","feed_type":"jpeg","feed_url":"/api/cam?u=https%3A%2F%2Fwww.511pa.com%2Fmap%2FCctv%2F5683","snapshot_url":null,"page_url":"https://www.511pa.com/map#Cameras-3634","refresh_s":60,"coord_quality":"exact","attribution":"PennDOT via 511PA"}},{"type":"Feature","geometry":{"type":"Point","coordinates":[-79.76228,40.44221]},"properties":{"id":"511pa-3636","name":"I-376 @ EXIT 84A (MONROEVILLE)","operator":"PennDOT","category":"traffic","feed_type":"jpeg","feed_url":"/api/cam?u=https%3A%2F%2Fwww.511pa.com%2Fmap%2FCctv%2F5685","snapshot_url":null,"page_url":"https://www.511pa.com/map#Cameras-3636","refresh_s":60,"coord_quality":"exact","attribution":"PennDOT via 511PA"}},{"type":"Feature","geometry":{"type":"Point","coordinates":[-79.99394,40.43388]},"properties":{"id":"511pa-3641","name":"I-376 @ MM 70.9 (COUNTY JAIL)","operator":"PennDOT","category":"traffic","feed_type":"jpeg","feed_url":"/api/cam?u=https%3A%2F%2Fwww.511pa.com%2Fmap%2FCctv%2F5690","snapshot_url":null,"page_url":"https://www.511pa.com/map#Cameras-3641","refresh_s":60,"coord_quality":"exact","attribution":"PennDOT via 511PA"}},{"type":"Feature","geometry":{"type":"Point","coordinates":[-80.03002,40.44249]},"properties":{"id":"511pa-3656","name":"US 19 @ SOUTH MAIN ST EXIT","operator":"PennDOT","category":"traffic","feed_type":"jpeg","feed_url":"/api/cam?u=https%3A%2F%2Fwww.511pa.com%2Fmap%2FCctv%2F5705","snapshot_url":null,"page_url":"https://www.511pa.com/map#Cameras-3656","refresh_s":60,"coord_quality":"exact","attribution":"PennDOT via 511PA"}},{"type":"Feature","geometry":{"type":"Point","coordinates":[-80.09952,40.58646]},"properties":{"id":"511pa-3657","name":"I-279 @ I-79 NB","operator":"PennDOT","category":"traffic","feed_type":"jpeg","feed_url":"/api/cam?u=https%3A%2F%2Fwww.511pa.com%2Fmap%2FCctv%2F5706","snapshot_url":null,"page_url":"https://www.511pa.com/map#Cameras-3657","refresh_s":60,"coord_quality":"exact","attribution":"PennDOT via 511PA"}},{"type":"Feature","geometry":{"type":"Point","coordinates":[-80.01123,40.49377]},"properties":{"id":"511pa-3658","name":"I-279 NB @ EXIT 4 (MCKNIGHT RD)","operator":"PennDOT","category":"traffic","feed_type":"jpeg","feed_url":"/api/cam?u=https%3A%2F%2Fwww.511pa.com%2Fmap%2FCctv%2F5707","snapshot_url":null,"page_url":"https://www.511pa.com/map#Cameras-3658","refresh_s":60,"coord_quality":"exact","attribution":"PennDOT via 511PA"}},{"type":"Feature","geometry":{"type":"Point","coordinates":[-80.09528,40.61091]},"properties":{"id":"511pa-3662","name":"I-79 @ MM 72.9 (WEXFORD BAYNE RD)","operator":"PennDOT","category":"traffic","feed_type":"jpeg","feed_url":"/api/cam?u=https%3A%2F%2Fwww.511pa.com%2Fmap%2FCctv%2F5711","snapshot_url":null,"page_url":"https://www.511pa.com/map#Cameras-3662","refresh_s":60,"coord_quality":"exact","attribution":"PennDOT via 511PA"}},{"type":"Feature","geometry":{"type":"Point","coordinates":[-80.03029,40.42293]},"properties":{"id":"511pa-3708","name":"I-376 @ MM 68.3 (GREENTREE HIL - MIDDLE)","operator":"PennDOT","category":"traffic","feed_type":"jpeg","feed_url":"/api/cam?u=https%3A%2F%2Fwww.511pa.com%2Fmap%2FCctv%2F5757","snapshot_url":null,"page_url":"https://www.511pa.com/map#Cameras-3708","refresh_s":60,"coord_quality":"exact","attribution":"PennDOT via 511PA"}},{"type":"Feature","geometry":{"type":"Point","coordinates":[-80.11551,40.42513]},"properties":{"id":"511pa-3713","name":"I-376 @ EXIT 64A EB (I-79 ERIE/WASHINGTON)","operator":"PennDOT","category":"traffic","feed_type":"jpeg","feed_url":"/api/cam?u=https%3A%2F%2Fwww.511pa.com%2Fmap%2FCctv%2F5762","snapshot_url":null,"page_url":"https://www.511pa.com/map#Cameras-3713","refresh_s":60,"coord_quality":"exact","attribution":"PennDOT via 511PA"}},{"type":"Feature","geometry":{"type":"Point","coordinates":[-80.00556,40.47393]},"properties":{"id":"511pa-3725","name":"I-279 @ EXIT 3 (HAZLETT ST)","operator":"PennDOT","category":"traffic","feed_type":"jpeg","feed_url":"/api/cam?u=https%3A%2F%2Fwww.511pa.com%2Fmap%2FCctv%2F5774","snapshot_url":null,"page_url":"https://www.511pa.com/map#Cameras-3725","refresh_s":60,"coord_quality":"exact","attribution":"PennDOT via 511PA"}},{"type":"Feature","geometry":{"type":"Point","coordinates":[-79.79534,40.44183]},"properties":{"id":"511pa-3727","name":"I-376 @ MM 82.4 (THOMPSON RUN RD)","operator":"PennDOT","category":"traffic","feed_type":"jpeg","feed_url":"/api/cam?u=https%3A%2F%2Fwww.511pa.com%2Fmap%2FCctv%2F5776","snapshot_url":null,"page_url":"https://www.511pa.com/map#Cameras-3727","refresh_s":60,"coord_quality":"exact","attribution":"PennDOT via 511PA"}},{"type":"Feature","geometry":{"type":"Point","coordinates":[-79.99669,40.45259]},"properties":{"id":"511pa-3732","name":"I-279 @ MM 1.2 (PA 28)","operator":"PennDOT","category":"traffic","feed_type":"jpeg","feed_url":"/api/cam?u=https%3A%2F%2Fwww.511pa.com%2Fmap%2FCctv%2F5781","snapshot_url":null,"page_url":"https://www.511pa.com/map#Cameras-3732","refresh_s":60,"coord_quality":"exact","attribution":"PennDOT via 511PA"}},{"type":"Feature","geometry":{"type":"Point","coordinates":[-79.78164,40.44454]},"properties":{"id":"511pa-3738","name":"I-376 @ MM 83.1 (LAUREL DR)","operator":"PennDOT","category":"traffic","feed_type":"jpeg","feed_url":"/api/cam?u=https%3A%2F%2Fwww.511pa.com%2Fmap%2FCctv%2F5787","snapshot_url":null,"page_url":"https://www.511pa.com/map#Cameras-3738","refresh_s":60,"coord_quality":"exact","attribution":"PennDOT via 511PA"}},{"type":"Feature","geometry":{"type":"Point","coordinates":[-80.2571,40.47992]},"properties":{"id":"511pa-3744","name":"I-376 @ Airport (South)","operator":"PennDOT","category":"traffic","feed_type":"jpeg","feed_url":"/api/cam?u=https%3A%2F%2Fwww.511pa.com%2Fmap%2FCctv%2F5793","snapshot_url":null,"page_url":"https://www.511pa.com/map#Cameras-3744","refresh_s":60,"coord_quality":"exact","attribution":"PennDOT via 511PA"}},{"type":"Feature","geometry":{"type":"Point","coordinates":[-80.00933,40.41418]},"properties":{"id":"511pa-3747","name":"PA 51 @ LIBERTY TUNNEL","operator":"PennDOT","category":"traffic","feed_type":"jpeg","feed_url":"/api/cam?u=https%3A%2F%2Fwww.511pa.com%2Fmap%2FCctv%2F5796","snapshot_url":null,"page_url":"https://www.511pa.com/map#Cameras-3747","refresh_s":60,"coord_quality":"exact","attribution":"PennDOT via 511PA"}},{"type":"Feature","geometry":{"type":"Point","coordinates":[-79.87627,40.49074]},"properties":{"id":"511pa-3751","name":"PA 28 @ BLAWNOX EXIT 9","operator":"PennDOT","category":"traffic","feed_type":"jpeg","feed_url":"/api/cam?u=https%3A%2F%2Fwww.511pa.com%2Fmap%2FCctv%2F5800","snapshot_url":null,"page_url":"https://www.511pa.com/map#Cameras-3751","refresh_s":60,"coord_quality":"exact","attribution":"PennDOT via 511PA"}},{"type":"Feature","geometry":{"type":"Point","coordinates":[-79.9185,40.497]},"properties":{"id":"511pa-3754","name":"PA 28 @ NOBLE ST","operator":"PennDOT","category":"traffic","feed_type":"jpeg","feed_url":"/api/cam?u=https%3A%2F%2Fwww.511pa.com%2Fmap%2FCctv%2F5803","snapshot_url":null,"page_url":"https://www.511pa.com/map#Cameras-3754","refresh_s":60,"coord_quality":"exact","attribution":"PennDOT via 511PA"}},{"type":"Feature","geometry":{"type":"Point","coordinates":[-80.02678,40.43126]},"properties":{"id":"511pa-3758","name":"US 19 @ I-376 EXIT","operator":"PennDOT","category":"traffic","feed_type":"jpeg","feed_url":"/api/cam?u=https%3A%2F%2Fwww.511pa.com%2Fmap%2FCctv%2F5807","snapshot_url":null,"page_url":"https://www.511pa.com/map#Cameras-3758","refresh_s":60,"coord_quality":"exact","attribution":"PennDOT via 511PA"}},{"type":"Feature","geometry":{"type":"Point","coordinates":[-80.01305,40.54227]},"properties":{"id":"511pa-3763","name":"MCKNIGHT RD @ ROSS PARK MALL DR","operator":"PennDOT","category":"traffic","feed_type":"jpeg","feed_url":"/api/cam?u=https%3A%2F%2Fwww.511pa.com%2Fmap%2FCctv%2F5812","snapshot_url":null,"page_url":"https://www.511pa.com/map#Cameras-3763","refresh_s":60,"coord_quality":"exact","attribution":"PennDOT via 511PA"}},{"type":"Feature","geometry":{"type":"Point","coordinates":[-80.04036,40.47521]},"properties":{"id":"511pa-3764","name":"PA 65 SOUTH OF MCKEES ROCK BRIDGE","operator":"PennDOT","category":"traffic","feed_type":"jpeg","feed_url":"/api/cam?u=https%3A%2F%2Fwww.511pa.com%2Fmap%2FCctv%2F5813","snapshot_url":null,"page_url":"https://www.511pa.com/map#Cameras-3764","refresh_s":60,"coord_quality":"exact","attribution":"PennDOT via 511PA"}},{"type":"Feature","geometry":{"type":"Point","coordinates":[-79.8623,40.501]},"properties":{"id":"511pa-3765","name":"PA 28 @ RIDC DR EXIT 10","operator":"PennDOT","category":"traffic","feed_type":"jpeg","feed_url":"/api/cam?u=https%3A%2F%2Fwww.511pa.com%2Fmap%2FCctv%2F5814","snapshot_url":null,"page_url":"https://www.511pa.com/map#Cameras-3765","refresh_s":60,"coord_quality":"exact","attribution":"PennDOT via 511PA"}},{"type":"Feature","geometry":{"type":"Point","coordinates":[-79.86231,40.43887]},"properties":{"id":"511pa-3799","name":"I-376 @ EXIT 78B (PA 8 NORTH WIKINSBURG)","operator":"PennDOT","category":"traffic","feed_type":"jpeg","feed_url":"/api/cam?u=https%3A%2F%2Fwww.511pa.com%2Fmap%2FCctv%2F5848","snapshot_url":null,"page_url":"https://www.511pa.com/map#Cameras-3799","refresh_s":60,"coord_quality":"exact","attribution":"PennDOT via 511PA"}},{"type":"Feature","geometry":{"type":"Point","coordinates":[-80.08662,40.55053]},"properties":{"id":"511pa-3805","name":"I-279 @ MM 10.3 (MT NEBO RD)","operator":"PennDOT","category":"traffic","feed_type":"jpeg","feed_url":"/api/cam?u=https%3A%2F%2Fwww.511pa.com%2Fmap%2FCctv%2F5854","snapshot_url":null,"page_url":"https://www.511pa.com/map#Cameras-3805","refresh_s":60,"coord_quality":"exact","attribution":"PennDOT via 511PA"}},{"type":"Feature","geometry":{"type":"Point","coordinates":[-80.13111,40.52236]},"properties":{"id":"511pa-3810","name":"I-79 @ MM 66.1 (DEER RUN RD)","operator":"PennDOT","category":"traffic","feed_type":"jpeg","feed_url":"/api/cam?u=https%3A%2F%2Fwww.511pa.com%2Fmap%2FCctv%2F5859","snapshot_url":null,"page_url":"https://www.511pa.com/map#Cameras-3810","refresh_s":60,"coord_quality":"exact","attribution":"PennDOT via 511PA"}},{"type":"Feature","geometry":{"type":"Point","coordinates":[-80.12204,40.54679]},"properties":{"id":"511pa-3813","name":"I-79 @ EXIT 66 (PA 65 EMSWORTH/SEWICKLEY)","operator":"PennDOT","category":"traffic","feed_type":"jpeg","feed_url":"/api/cam?u=https%3A%2F%2Fwww.511pa.com%2Fmap%2FCctv%2F5862","snapshot_url":null,"page_url":"https://www.511pa.com/map#Cameras-3813","refresh_s":60,"coord_quality":"exact","attribution":"PennDOT via 511PA"}},{"type":"Feature","geometry":{"type":"Point","coordinates":[-80.10708,40.40639]},"properties":{"id":"511pa-3814","name":"I-79 @ MM 56.9 (EWING RD)","operator":"PennDOT","category":"traffic","feed_type":"jpeg","feed_url":"/api/cam?u=https%3A%2F%2Fwww.511pa.com%2Fmap%2FCctv%2F5863","snapshot_url":null,"page_url":"https://www.511pa.com/map#Cameras-3814","refresh_s":60,"coord_quality":"exact","attribution":"PennDOT via 511PA"}},{"type":"Feature","geometry":{"type":"Point","coordinates":[-80.10031,40.393]},"properties":{"id":"511pa-3815","name":"I-79 @ MM 55.9 (COLLIER AVE)","operator":"PennDOT","category":"traffic","feed_type":"jpeg","feed_url":"/api/cam?u=https%3A%2F%2Fwww.511pa.com%2Fmap%2FCctv%2F5864","snapshot_url":null,"page_url":"https://www.511pa.com/map#Cameras-3815","refresh_s":60,"coord_quality":"exact","attribution":"PennDOT via 511PA"}},{"type":"Feature","geometry":{"type":"Point","coordinates":[-79.76986,40.44485]},"properties":{"id":"511pa-3816","name":"I-376 @ MM 83.7 (OLD WILLIAM PENN HWY)","operator":"PennDOT","category":"traffic","feed_type":"jpeg","feed_url":"/api/cam?u=https%3A%2F%2Fwww.511pa.com%2Fmap%2FCctv%2F5865","snapshot_url":null,"page_url":"https://www.511pa.com/map#Cameras-3816","refresh_s":60,"coord_quality":"exact","attribution":"PennDOT via 511PA"}},{"type":"Feature","geometry":{"type":"Point","coordinates":[-80.00971,40.53074]},"properties":{"id":"511pa-3817","name":"MCKNIGHT RD @ SIEBERT RD","operator":"PennDOT","category":"traffic","feed_type":"jpeg","feed_url":"/api/cam?u=https%3A%2F%2Fwww.511pa.com%2Fmap%2FCctv%2F5866","snapshot_url":null,"page_url":"https://www.511pa.com/map#Cameras-3817","refresh_s":60,"coord_quality":"exact","attribution":"PennDOT via 511PA"}},{"type":"Feature","geometry":{"type":"Point","coordinates":[-80.12969,40.33994]},"properties":{"id":"511pa-3819","name":"I-79 @ MM 51.2 (NORTH OF ALPINE RD)","operator":"PennDOT","category":"traffic","feed_type":"jpeg","feed_url":"/api/cam?u=https%3A%2F%2Fwww.511pa.com%2Fmap%2FCctv%2F5868","snapshot_url":null,"page_url":"https://www.511pa.com/map#Cameras-3819","refresh_s":60,"coord_quality":"exact","attribution":"PennDOT via 511PA"}},{"type":"Feature","geometry":{"type":"Point","coordinates":[-79.79801,40.56907]},"properties":{"id":"511pa-3821","name":"28S @ Pittsburgh Mills Mall","operator":"PennDOT","category":"traffic","feed_type":"jpeg","feed_url":"/api/cam?u=https%3A%2F%2Fwww.511pa.com%2Fmap%2FCctv%2F5870","snapshot_url":null,"page_url":"https://www.511pa.com/map#Cameras-3821","refresh_s":60,"coord_quality":"exact","attribution":"PennDOT via 511PA"}},{"type":"Feature","geometry":{"type":"Point","coordinates":[-80.02976,40.42862]},"properties":{"id":"511pa-3824","name":"I-376 @ EXIT 69A (US 19 SOUTH BANKSVILLE RD)","operator":"PennDOT","category":"traffic","feed_type":"jpeg","feed_url":"/api/cam?u=https%3A%2F%2Fwww.511pa.com%2Fmap%2FCctv%2F5873","snapshot_url":null,"page_url":"https://www.511pa.com/map#Cameras-3824","refresh_s":60,"coord_quality":"exact","attribution":"PennDOT via 511PA"}},{"type":"Feature","geometry":{"type":"Point","coordinates":[-79.78812,40.57294]},"properties":{"id":"511pa-3825","name":"28N @ Butler Logan Road","operator":"PennDOT","category":"traffic","feed_type":"jpeg","feed_url":"/api/cam?u=https%3A%2F%2Fwww.511pa.com%2Fmap%2FCctv%2F5874","snapshot_url":null,"page_url":"https://www.511pa.com/map#Cameras-3825","refresh_s":60,"coord_quality":"exact","attribution":"PennDOT via 511PA"}},{"type":"Feature","geometry":{"type":"Point","coordinates":[-80.06343,40.41416]},"properties":{"id":"511pa-3828","name":"I-376 @ MM 66.2 (TRUMBULL DR)","operator":"PennDOT","category":"traffic","feed_type":"jpeg","feed_url":"/api/cam?u=https%3A%2F%2Fwww.511pa.com%2Fmap%2FCctv%2F5877","snapshot_url":null,"page_url":"https://www.511pa.com/map#Cameras-3828","refresh_s":60,"coord_quality":"exact","attribution":"PennDOT via 511PA"}},{"type":"Feature","geometry":{"type":"Point","coordinates":[-80.19359,40.46318]},"properties":{"id":"511pa-3831","name":"I-376 @ EXIT 57 (BUSINESS 376 WEST MOON)","operator":"PennDOT","category":"traffic","feed_type":"jpeg","feed_url":"/api/cam?u=https%3A%2F%2Fwww.511pa.com%2Fmap%2FCctv%2F5880","snapshot_url":null,"page_url":"https://www.511pa.com/map#Cameras-3831","refresh_s":60,"coord_quality":"exact","attribution":"PennDOT via 511PA"}},{"type":"Feature","geometry":{"type":"Point","coordinates":[-80.03493,40.50708]},"properties":{"id":"511pa-3832","name":"I-279 @ MM 6 (JACKS RUN RD)","operator":"PennDOT","category":"traffic","feed_type":"jpeg","feed_url":"/api/cam?u=https%3A%2F%2Fwww.511pa.com%2Fmap%2FCctv%2F5881","snapshot_url":null,"page_url":"https://www.511pa.com/map#Cameras-3832","refresh_s":60,"coord_quality":"exact","attribution":"PennDOT via 511PA"}},{"type":"Feature","geometry":{"type":"Point","coordinates":[-80.27261,40.52319]},"properties":{"id":"511pa-3835","name":"I-376 @ Business 376 (North)","operator":"PennDOT","category":"traffic","feed_type":"jpeg","feed_url":"/api/cam?u=https%3A%2F%2Fwww.511pa.com%2Fmap%2FCctv%2F5884","snapshot_url":null,"page_url":"https://www.511pa.com/map#Cameras-3835","refresh_s":60,"coord_quality":"exact","attribution":"PennDOT via 511PA"}},{"type":"Feature","geometry":{"type":"Point","coordinates":[-79.99033,40.44619]},"properties":{"id":"511pa-3843","name":"I-579 @ MM 0.6 (LIBERTY AVE)","operator":"PennDOT","category":"traffic","feed_type":"jpeg","feed_url":"/api/cam?u=https%3A%2F%2Fwww.511pa.com%2Fmap%2FCctv%2F5892","snapshot_url":null,"page_url":"https://www.511pa.com/map#Cameras-3843","refresh_s":60,"coord_quality":"exact","attribution":"PennDOT via 511PA"}},{"type":"Feature","geometry":{"type":"Point","coordinates":[-80.01699,40.44893]},"properties":{"id":"511pa-3849","name":"PA 65 @ ALLEGHENY AVE EXIT","operator":"PennDOT","category":"traffic","feed_type":"jpeg","feed_url":"/api/cam?u=https%3A%2F%2Fwww.511pa.com%2Fmap%2FCctv%2F5898","snapshot_url":null,"page_url":"https://www.511pa.com/map#Cameras-3849","refresh_s":60,"coord_quality":"exact","attribution":"PennDOT via 511PA"}},{"type":"Feature","geometry":{"type":"Point","coordinates":[-79.96775,40.47846]},"properties":{"id":"511pa-3857","name":"PA 28 @ MILLVALE EXIT 3B","operator":"PennDOT","category":"traffic","feed_type":"jpeg","feed_url":"/api/cam?u=https%3A%2F%2Fwww.511pa.com%2Fmap%2FCctv%2F5906","snapshot_url":null,"page_url":"https://www.511pa.com/map#Cameras-3857","refresh_s":60,"coord_quality":"exact","attribution":"PennDOT via 511PA"}},{"type":"Feature","geometry":{"type":"Point","coordinates":[-80.07018,40.52441]},"properties":{"id":"511pa-3873","name":"I-279 @ EXIT 8 (CAMP HORNE RD)","operator":"PennDOT","category":"traffic","feed_type":"jpeg","feed_url":"/api/cam?u=https%3A%2F%2Fwww.511pa.com%2Fmap%2FCctv%2F5922","snapshot_url":null,"page_url":"https://www.511pa.com/map#Cameras-3873","refresh_s":60,"coord_quality":"exact","attribution":"PennDOT via 511PA"}},{"type":"Feature","geometry":{"type":"Point","coordinates":[-80.20331,40.46864]},"properties":{"id":"511pa-3876","name":"I-376, I-376 Toll","operator":"PennDOT","category":"traffic","feed_type":"jpeg","feed_url":"/api/cam?u=https%3A%2F%2Fwww.511pa.com%2Fmap%2FCctv%2F5925","snapshot_url":null,"page_url":"https://www.511pa.com/map#Cameras-3876","refresh_s":60,"coord_quality":"exact","attribution":"PennDOT via 511PA"}},{"type":"Feature","geometry":{"type":"Point","coordinates":[-79.97143,40.47429]},"properties":{"id":"511pa-3882","name":"PA 28 @ 40TH ST BRIDGE","operator":"PennDOT","category":"traffic","feed_type":"jpeg","feed_url":"/api/cam?u=https%3A%2F%2Fwww.511pa.com%2Fmap%2FCctv%2F5931","snapshot_url":null,"page_url":"https://www.511pa.com/map#Cameras-3882","refresh_s":60,"coord_quality":"exact","attribution":"PennDOT via 511PA"}},{"type":"Feature","geometry":{"type":"Point","coordinates":[-80.13795,40.50497]},"properties":{"id":"511pa-3885","name":"I-79 @ MM 64.6 (CORAOPOLIS INTERCHANGE)","operator":"PennDOT","category":"traffic","feed_type":"jpeg","feed_url":"/api/cam?u=https%3A%2F%2Fwww.511pa.com%2Fmap%2FCctv%2F5934","snapshot_url":null,"page_url":"https://www.511pa.com/map#Cameras-3885","refresh_s":60,"coord_quality":"exact","attribution":"PennDOT via 511PA"}},{"type":"Feature","geometry":{"type":"Point","coordinates":[-80.12686,40.49315]},"properties":{"id":"511pa-3894","name":"I-79 @ MM 63.2 (3RD BEND_SOUTHBOUND)","operator":"PennDOT","category":"traffic","feed_type":"jpeg","feed_url":"/api/cam?u=https%3A%2F%2Fwww.511pa.com%2Fmap%2FCctv%2F5943","snapshot_url":null,"page_url":"https://www.511pa.com/map#Cameras-3894","refresh_s":60,"coord_quality":"exact","attribution":"PennDOT via 511PA"}},{"type":"Feature","geometry":{"type":"Point","coordinates":[-80.0144,40.41622]},"properties":{"id":"511pa-3900","name":"PA 51 @ CRANE AVE","operator":"PennDOT","category":"traffic","feed_type":"jpeg","feed_url":"/api/cam?u=https%3A%2F%2Fwww.511pa.com%2Fmap%2FCctv%2F5949","snapshot_url":null,"page_url":"https://www.511pa.com/map#Cameras-3900","refresh_s":60,"coord_quality":"exact","attribution":"PennDOT via 511PA"}},{"type":"Feature","geometry":{"type":"Point","coordinates":[-79.99089,40.44261]},"properties":{"id":"511pa-3918","name":"I-579 HOV @ BEDFORD AVE","operator":"PennDOT","category":"traffic","feed_type":"jpeg","feed_url":"/api/cam?u=https%3A%2F%2Fwww.511pa.com%2Fmap%2FCctv%2F5967","snapshot_url":null,"page_url":"https://www.511pa.com/map#Cameras-3918","refresh_s":60,"coord_quality":"exact","attribution":"PennDOT via 511PA"}},{"type":"Feature","geometry":{"type":"Point","coordinates":[-79.81956,40.54953]},"properties":{"id":"511pa-3921","name":"PA 28 @ RUSSELTON RD","operator":"PennDOT","category":"traffic","feed_type":"jpeg","feed_url":"/api/cam?u=https%3A%2F%2Fwww.511pa.com%2Fmap%2FCctv%2F5970","snapshot_url":null,"page_url":"https://www.511pa.com/map#Cameras-3921","refresh_s":60,"coord_quality":"exact","attribution":"PennDOT via 511PA"}},{"type":"Feature","geometry":{"type":"Point","coordinates":[-80.01384,40.43757]},"properties":{"id":"511pa-3932","name":"I-376 @ MM 69.7 (FT PITT TUNNEL - LOWER PORTAL)","operator":"PennDOT","category":"traffic","feed_type":"jpeg","feed_url":"/api/cam?u=https%3A%2F%2Fwww.511pa.com%2Fmap%2FCctv%2F5981","snapshot_url":null,"page_url":"https://www.511pa.com/map#Cameras-3932","refresh_s":60,"coord_quality":"exact","attribution":"PennDOT via 511PA"}},{"type":"Feature","geometry":{"type":"Point","coordinates":[-80.01535,40.42132]},"properties":{"id":"511pa-3933","name":"PA 51 NORTH OF CRANE AVE","operator":"PennDOT","category":"traffic","feed_type":"jpeg","feed_url":"/api/cam?u=https%3A%2F%2Fwww.511pa.com%2Fmap%2FCctv%2F5982","snapshot_url":null,"page_url":"https://www.511pa.com/map#Cameras-3933","refresh_s":60,"coord_quality":"exact","attribution":"PennDOT via 511PA"}},{"type":"Feature","geometry":{"type":"Point","coordinates":[-80.10439,40.39786]},"properties":{"id":"511pa-3937","name":"I-79 @ EXIT 57 (CARNEGIE)","operator":"PennDOT","category":"traffic","feed_type":"jpeg","feed_url":"/api/cam?u=https%3A%2F%2Fwww.511pa.com%2Fmap%2FCctv%2F5986","snapshot_url":null,"page_url":"https://www.511pa.com/map#Cameras-3937","refresh_s":60,"coord_quality":"exact","attribution":"PennDOT via 511PA"}},{"type":"Feature","geometry":{"type":"Point","coordinates":[-80.08548,40.41623]},"properties":{"id":"511pa-3941","name":"I-376 @ MM 64.9 (BELL AVE)","operator":"PennDOT","category":"traffic","feed_type":"jpeg","feed_url":"/api/cam?u=https%3A%2F%2Fwww.511pa.com%2Fmap%2FCctv%2F5990","snapshot_url":null,"page_url":"https://www.511pa.com/map#Cameras-3941","refresh_s":60,"coord_quality":"exact","attribution":"PennDOT via 511PA"}},{"type":"Feature","geometry":{"type":"Point","coordinates":[-80.0131,40.4983]},"properties":{"id":"511pa-3945","name":"MCKNIGHT RD @ W VIEW AVE","operator":"PennDOT","category":"traffic","feed_type":"jpeg","feed_url":"/api/cam?u=https%3A%2F%2Fwww.511pa.com%2Fmap%2FCctv%2F5994","snapshot_url":null,"page_url":"https://www.511pa.com/map#Cameras-3945","refresh_s":60,"coord_quality":"exact","attribution":"PennDOT via 511PA"}},{"type":"Feature","geometry":{"type":"Point","coordinates":[-80.02531,40.44911]},"properties":{"id":"511pa-3946","name":"US 19 @ WEST END BRIDGE N","operator":"PennDOT","category":"traffic","feed_type":"jpeg","feed_url":"/api/cam?u=https%3A%2F%2Fwww.511pa.com%2Fmap%2FCctv%2F5995","snapshot_url":null,"page_url":"https://www.511pa.com/map#Cameras-3946","refresh_s":60,"coord_quality":"exact","attribution":"PennDOT via 511PA"}},{"type":"Feature","geometry":{"type":"Point","coordinates":[-80.00872,40.44216]},"properties":{"id":"511pa-3947","name":"I-279 @ MM 0.2 (I-376 INTERCHANGE)","operator":"PennDOT","category":"traffic","feed_type":"jpeg","feed_url":"/api/cam?u=https%3A%2F%2Fwww.511pa.com%2Fmap%2FCctv%2F5996","snapshot_url":null,"page_url":"https://www.511pa.com/map#Cameras-3947","refresh_s":60,"coord_quality":"exact","attribution":"PennDOT via 511PA"}},{"type":"Feature","geometry":{"type":"Point","coordinates":[-80.09269,40.66218]},"properties":{"id":"511pa-3950","name":"I-79 @ EXIT 76 (US 9 NORTH CRANBERRY)","operator":"PennDOT","category":"traffic","feed_type":"jpeg","feed_url":"/api/cam?u=https%3A%2F%2Fwww.511pa.com%2Fmap%2FCctv%2F5999","snapshot_url":null,"page_url":"https://www.511pa.com/map#Cameras-3950","refresh_s":60,"coord_quality":"exact","attribution":"PennDOT via 511PA"}},{"type":"Feature","geometry":{"type":"Point","coordinates":[-80.04465,40.50774]},"properties":{"id":"511pa-3952","name":"I-279 @ MM 6.5 ( BELLEVUE RD)","operator":"PennDOT","category":"traffic","feed_type":"jpeg","feed_url":"/api/cam?u=https%3A%2F%2Fwww.511pa.com%2Fmap%2FCctv%2F6001","snapshot_url":null,"page_url":"https://www.511pa.com/map#Cameras-3952","refresh_s":60,"coord_quality":"exact","attribution":"PennDOT via 511PA"}},{"type":"Feature","geometry":{"type":"Point","coordinates":[-80.0127,40.43744]},"properties":{"id":"511pa-3976","name":"SR 837 @ WEST RIVER LOT","operator":"PennDOT","category":"traffic","feed_type":"jpeg","feed_url":"/api/cam?u=https%3A%2F%2Fwww.511pa.com%2Fmap%2FCctv%2F6025","snapshot_url":null,"page_url":"https://www.511pa.com/map#Cameras-3976","refresh_s":60,"coord_quality":"exact","attribution":"PennDOT via 511PA"}},{"type":"Feature","geometry":{"type":"Point","coordinates":[-79.72502,40.65299]},"properties":{"id":"511pa-3980","name":"PA 28 at Saxonburg Road","operator":"PennDOT","category":"traffic","feed_type":"jpeg","feed_url":"/api/cam?u=https%3A%2F%2Fwww.511pa.com%2Fmap%2FCctv%2F6029","snapshot_url":null,"page_url":"https://www.511pa.com/map#Cameras-3980","refresh_s":60,"coord_quality":"exact","attribution":"PennDOT via 511PA"}},{"type":"Feature","geometry":{"type":"Point","coordinates":[-79.76049,40.43931]},"properties":{"id":"511pa-4009","name":"SR 2048 @ HAYMAKER ROAD","operator":"PennDOT","category":"traffic","feed_type":"jpeg","feed_url":"/api/cam?u=https%3A%2F%2Fwww.511pa.com%2Fmap%2FCctv%2F6058","snapshot_url":null,"page_url":"https://www.511pa.com/map#Cameras-4009","refresh_s":60,"coord_quality":"exact","attribution":"PennDOT via 511PA"}},{"type":"Feature","geometry":{"type":"Point","coordinates":[-79.76873,40.43881]},"properties":{"id":"511pa-4010","name":"SR 2048 @ CENTER ROAD","operator":"PennDOT","category":"traffic","feed_type":"jpeg","feed_url":"/api/cam?u=https%3A%2F%2Fwww.511pa.com%2Fmap%2FCctv%2F6059","snapshot_url":null,"page_url":"https://www.511pa.com/map#Cameras-4010","refresh_s":60,"coord_quality":"exact","attribution":"PennDOT via 511PA"}},{"type":"Feature","geometry":{"type":"Point","coordinates":[-79.78114,40.43683]},"properties":{"id":"511pa-4011","name":"SR 2048 @ NORTHERN PIKE","operator":"PennDOT","category":"traffic","feed_type":"jpeg","feed_url":"/api/cam?u=https%3A%2F%2Fwww.511pa.com%2Fmap%2FCctv%2F6060","snapshot_url":null,"page_url":"https://www.511pa.com/map#Cameras-4011","refresh_s":60,"coord_quality":"exact","attribution":"PennDOT via 511PA"}},{"type":"Feature","geometry":{"type":"Point","coordinates":[-79.79424,40.43432]},"properties":{"id":"511pa-4012","name":"SR 2048 @ ENTRY DRIVE","operator":"PennDOT","category":"traffic","feed_type":"jpeg","feed_url":"/api/cam?u=https%3A%2F%2Fwww.511pa.com%2Fmap%2FCctv%2F6061","snapshot_url":null,"page_url":"https://www.511pa.com/map#Cameras-4012","refresh_s":60,"coord_quality":"exact","attribution":"PennDOT via 511PA"}},{"type":"Feature","geometry":{"type":"Point","coordinates":[-79.80576,40.43055]},"properties":{"id":"511pa-4013","name":"SR 2048 @ HOME DEPOT DRIVE","operator":"PennDOT","category":"traffic","feed_type":"jpeg","feed_url":"/api/cam?u=https%3A%2F%2Fwww.511pa.com%2Fmap%2FCctv%2F6062","snapshot_url":null,"page_url":"https://www.511pa.com/map#Cameras-4013","refresh_s":60,"coord_quality":"exact","attribution":"PennDOT via 511PA"}},{"type":"Feature","geometry":{"type":"Point","coordinates":[-79.81301,40.43016]},"properties":{"id":"511pa-4014","name":"SR 2048 @ PENN CENTER BLVD","operator":"PennDOT","category":"traffic","feed_type":"jpeg","feed_url":"/api/cam?u=https%3A%2F%2Fwww.511pa.com%2Fmap%2FCctv%2F6063","snapshot_url":null,"page_url":"https://www.511pa.com/map#Cameras-4014","refresh_s":60,"coord_quality":"exact","attribution":"PennDOT via 511PA"}},{"type":"Feature","geometry":{"type":"Point","coordinates":[-79.82979,40.43784]},"properties":{"id":"511pa-4015","name":"SR 2048 @ RODI ROAD","operator":"PennDOT","category":"traffic","feed_type":"jpeg","feed_url":"/api/cam?u=https%3A%2F%2Fwww.511pa.com%2Fmap%2FCctv%2F6064","snapshot_url":null,"page_url":"https://www.511pa.com/map#Cameras-4015","refresh_s":60,"coord_quality":"exact","attribution":"PennDOT via 511PA"}},{"type":"Feature","geometry":{"type":"Point","coordinates":[-79.95199,40.49028]},"properties":{"id":"511pa-4026","name":"PA 28 @ SHALER WATER WORKS","operator":"PennDOT","category":"traffic","feed_type":"jpeg","feed_url":"/api/cam?u=https%3A%2F%2Fwww.511pa.com%2Fmap%2FCctv%2F6075","snapshot_url":null,"page_url":"https://www.511pa.com/map#Cameras-4026","refresh_s":60,"coord_quality":"exact","attribution":"PennDOT via 511PA"}},{"type":"Feature","geometry":{"type":"Point","coordinates":[-80.1215,40.48274]},"properties":{"id":"511pa-4050","name":"I-79 NB @ MARY STREET","operator":"PennDOT","category":"traffic","feed_type":"jpeg","feed_url":"/api/cam?u=https%3A%2F%2Fwww.511pa.com%2Fmap%2FCctv%2F6099","snapshot_url":null,"page_url":"https://www.511pa.com/map#Cameras-4050","refresh_s":60,"coord_quality":"exact","attribution":"PennDOT via 511PA"}},{"type":"Feature","geometry":{"type":"Point","coordinates":[-80.12488,40.48683]},"properties":{"id":"511pa-4051","name":"I-79 SB @ GLENORA DRIVE","operator":"PennDOT","category":"traffic","feed_type":"jpeg","feed_url":"/api/cam?u=https%3A%2F%2Fwww.511pa.com%2Fmap%2FCctv%2F6100","snapshot_url":null,"page_url":"https://www.511pa.com/map#Cameras-4051","refresh_s":60,"coord_quality":"exact","attribution":"PennDOT via 511PA"}},{"type":"Feature","geometry":{"type":"Point","coordinates":[-80.12691,40.49283]},"properties":{"id":"511pa-4052","name":"I-79 SB @ HERBST MANOR","operator":"PennDOT","category":"traffic","feed_type":"jpeg","feed_url":"/api/cam?u=https%3A%2F%2Fwww.511pa.com%2Fmap%2FCctv%2F6101","snapshot_url":null,"page_url":"https://www.511pa.com/map#Cameras-4052","refresh_s":60,"coord_quality":"exact","attribution":"PennDOT via 511PA"}},{"type":"Feature","geometry":{"type":"Point","coordinates":[-80.13038,40.50126]},"properties":{"id":"511pa-4053","name":"I-79 SB @ BELLAN LANE","operator":"PennDOT","category":"traffic","feed_type":"jpeg","feed_url":"/api/cam?u=https%3A%2F%2Fwww.511pa.com%2Fmap%2FCctv%2F6102","snapshot_url":null,"page_url":"https://www.511pa.com/map#Cameras-4053","refresh_s":60,"coord_quality":"exact","attribution":"PennDOT via 511PA"}},{"type":"Feature","geometry":{"type":"Point","coordinates":[-80.27211,40.53291]},"properties":{"id":"511pa-4119","name":"I-376 @ ECONOMY GRADE ROAD","operator":"PennDOT","category":"traffic","feed_type":"jpeg","feed_url":"/api/cam?u=https%3A%2F%2Fwww.511pa.com%2Fmap%2FCctv%2F6168","snapshot_url":null,"page_url":"https://www.511pa.com/map#Cameras-4119","refresh_s":60,"coord_quality":"exact","attribution":"PennDOT via 511PA"}},{"type":"Feature","geometry":{"type":"Point","coordinates":[-79.87118,40.43215]},"properties":{"id":"511pa-4338","name":"I-376 @ EXIT 79A (US 30 EAST FOREST HILLS)","operator":"PennDOT","category":"traffic","feed_type":"jpeg","feed_url":"/api/cam?u=https%3A%2F%2Fwww.511pa.com%2Fmap%2FCctv%2F6387","snapshot_url":null,"page_url":"https://www.511pa.com/map#Cameras-4338","refresh_s":60,"coord_quality":"exact","attribution":"PennDOT via 511PA"}},{"type":"Feature","geometry":{"type":"Point","coordinates":[-79.85494,40.44373]},"properties":{"id":"511pa-4341","name":"I-376 @ WILLIAM PENN","operator":"PennDOT","category":"traffic","feed_type":"jpeg","feed_url":"/api/cam?u=https%3A%2F%2Fwww.511pa.com%2Fmap%2FCctv%2F6390","snapshot_url":null,"page_url":"https://www.511pa.com/map#Cameras-4341","refresh_s":60,"coord_quality":"exact","attribution":"PennDOT via 511PA"}},{"type":"Feature","geometry":{"type":"Point","coordinates":[-79.82692,40.44212]},"properties":{"id":"511pa-4342","name":"I-376 @ RODI","operator":"PennDOT","category":"traffic","feed_type":"jpeg","feed_url":"/api/cam?u=https%3A%2F%2Fwww.511pa.com%2Fmap%2FCctv%2F6391","snapshot_url":null,"page_url":"https://www.511pa.com/map#Cameras-4342","refresh_s":60,"coord_quality":"exact","attribution":"PennDOT via 511PA"}},{"type":"Feature","geometry":{"type":"Point","coordinates":[-80.01083,40.43944]},"properties":{"coord_quality":"exact","refresh_s":60,"id":"usgs_hivis-PA_Monongahela_R_at_Point_State_Park_at_Pittsburgh","name":"Monongahela R at Point State Park at Pittsburgh","operator":"U.S. Geological Survey (HIVIS)","category":"river","feed_type":"jpeg","feed_url":"/api/cam?u=https%3A%2F%2Fusgs-nims-images.s3.amazonaws.com%2F720%2FPA_Monongahela_R_at_Point_State_Park_at_Pittsburgh%2FPA_Monongahela_R_at_Point_State_Park_at_Pittsburgh_newest.jpg","page_url":"https://apps.usgs.gov/hivis/camera/PA_Monongahela_R_at_Point_State_Park_at_Pittsburgh","attribution":"USGS HIVIS river camera","verified_at":"2026-09-26"}},{"type":"Feature","geometry":{"type":"Point","coordinates":[-79.94844,40.50314]},"properties":{"coord_quality":"exact","refresh_s":60,"id":"usgs_hivis-PA_Pine_Creek_at_Grant_Avenue_at_Etna","name":"Pine Creek at Grant Avenue at Etna","operator":"U.S. Geological Survey (HIVIS)","category":"river","feed_type":"jpeg","feed_url":"/api/cam?u=https%3A%2F%2Fusgs-nims-images.s3.amazonaws.com%2F720%2FPA_Pine_Creek_at_Grant_Avenue_at_Etna%2FPA_Pine_Creek_at_Grant_Avenue_at_Etna_newest.jpg","page_url":"https://apps.usgs.gov/hivis/camera/PA_Pine_Creek_at_Grant_Avenue_at_Etna","attribution":"USGS HIVIS river camera","verified_at":"2026-09-26"}},{"type":"Feature","geometry":{"type":"Point","coordinates":[-79.862,40.405]},"properties":{"coord_quality":"approx","refresh_s":null,"id":"breathecam-braddock2","name":"Edgar Thomson North (Braddock) smoke cam","operator":"CMU CREATE Lab Breathe Cam","category":"air","feed_type":"iframe","feed_url":"https://breathecam.org/#s=braddock2","page_url":"https://breathecam.org/#s=braddock2","attribution":"Breathe Cam, CMU CREATE Lab / Breathe Project","verified_at":"2026-09-26"}},{"type":"Feature","geometry":{"type":"Point","coordinates":[-79.864,40.389]},"properties":{"coord_quality":"approx","refresh_s":null,"id":"breathecam-westmifflin2","name":"Edgar Thomson South (West Mifflin) smoke cam","operator":"CMU CREATE Lab Breathe Cam","category":"air","feed_type":"iframe","feed_url":"https://breathecam.org/#s=westmifflin2","page_url":"https://breathecam.org/#s=westmifflin2","attribution":"Breathe Cam, CMU CREATE Lab / Breathe Project","verified_at":"2026-09-26"}},{"type":"Feature","geometry":{"type":"Point","coordinates":[-80.098,40.511]},"properties":{"coord_quality":"approx","refresh_s":null,"id":"breathecam-accan2","name":"Metalico (Neville Island) smoke cam","operator":"CMU CREATE Lab Breathe Cam","category":"air","feed_type":"iframe","feed_url":"https://breathecam.org/#s=accan2","page_url":"https://breathecam.org/#s=accan2","attribution":"Breathe Cam, CMU CREATE Lab / Breathe Project","verified_at":"2026-09-26"}},{"type":"Feature","geometry":{"type":"Point","coordinates":[-80.1676,40.5224]},"properties":{"coord_quality":"approx","refresh_s":null,"id":"breathecam-cementcam","name":"Riverside Concrete (Coraopolis) smoke cam","operator":"CMU CREATE Lab Breathe Cam","category":"air","feed_type":"iframe","feed_url":"https://breathecam.org/#s=cementcam","page_url":"https://breathecam.org/#s=cementcam","attribution":"Breathe Cam, CMU CREATE Lab / Breathe Project","verified_at":"2026-09-26"}},{"type":"Feature","geometry":{"type":"Point","coordinates":[-80.01639,40.44809]},"properties":{"coord_quality":"exact","refresh_s":60,"id":"acrisure-stadium-heinz-field-scoreboard-sky-camera","name":"Acrisure Stadium (Heinz Field) Scoreboard sky camera","operator":"WeatherSTEM Allegheny","category":"skyline","feed_type":"jpeg","feed_url":"/api/cam?u=https%3A%2F%2Fimages.weatherstem.com%2Fskycamera%2Fallegheny%2Fheinzfield%2Fcumulus%2Fsnapshot.jpg","page_url":"https://allegheny.weatherstem.com/heinzfield","attribution":"WeatherSTEM Allegheny","verified_at":"2026-09-26"}},{"type":"Feature","geometry":{"type":"Point","coordinates":[-80.01523,40.44592]},"properties":{"coord_quality":"exact","refresh_s":60,"id":"pittsburgh-skyline-from-acrisure-stadium-heinz-field","name":"Pittsburgh Skyline from Acrisure Stadium (Heinz Field)","operator":"WeatherSTEM Allegheny","category":"skyline","feed_type":"jpeg","feed_url":"/api/cam?u=https%3A%2F%2Fimages.weatherstem.com%2Fskycamera%2Fallegheny%2Fheinzfield%2Fskyline%2Fsnapshot.jpg","page_url":"https://allegheny.weatherstem.com/heinzfield","attribution":"WeatherSTEM Allegheny","verified_at":"2026-09-26"}},{"type":"Feature","geometry":{"type":"Point","coordinates":[-80.01529,40.44597]},"properties":{"coord_quality":"exact","refresh_s":60,"id":"acrisure-stadium-heinz-field-north-endzone","name":"Acrisure Stadium (Heinz Field) North Endzone","operator":"WeatherSTEM Allegheny","category":"skyline","feed_type":"jpeg","feed_url":"/api/cam?u=https%3A%2F%2Fimages.weatherstem.com%2Fskycamera%2Fallegheny%2Fheinzfield%2Fnorthendzone%2Fsnapshot.jpg","page_url":"https://allegheny.weatherstem.com/heinzfield","attribution":"WeatherSTEM Allegheny","verified_at":"2026-09-26"}},{"type":"Feature","geometry":{"type":"Point","coordinates":[-79.95954,40.44705]},"properties":{"coord_quality":"exact","refresh_s":60,"id":"university-of-pittsburgh-falk-school-sky-camera","name":"University of Pittsburgh Falk School sky camera","operator":"WeatherSTEM Allegheny","category":"skyline","feed_type":"jpeg","feed_url":"/api/cam?u=https%3A%2F%2Fimages.weatherstem.com%2Fskycamera%2Fallegheny%2Ffalk%2Fcumulus%2Fsnapshot.jpg","page_url":"https://allegheny.weatherstem.com/falk","attribution":"WeatherSTEM Allegheny","verified_at":"2026-09-26"}},{"type":"Feature","geometry":{"type":"Point","coordinates":[-79.9898,40.4574]},"properties":{"coord_quality":"approx","refresh_s":null,"id":"earthcam-pittsburgh-cam-troy-hill","name":"EarthCam Pittsburgh Cam (Troy Hill)","operator":"EarthCam with the Troy Hill neighborhood","category":"skyline","feed_type":"iframe","feed_url":"https://www.earthcam.com/usa/pennsylvania/pittsburgh/?cam=pittsburgh","page_url":"https://www.earthcam.com/usa/pennsylvania/pittsburgh/?cam=pittsburgh","attribution":"EarthCam with the Troy Hill neighborhood","verified_at":"2026-09-26"}},{"type":"Feature","geometry":{"type":"Point","coordinates":[-80.02948,40.35565]},"properties":{"coord_quality":"exact","refresh_s":null,"id":"andy-warhol-figmentcam-warhol-s-grave","name":"Andy Warhol FigmentCam (Warhol's grave)","operator":"The Andy Warhol Museum + EarthCam","category":"skyline","feed_type":"iframe","feed_url":"https://www.earthcam.com/usa/pennsylvania/pittsburgh/warhol/?cam=warhol_figmentstream","page_url":"https://www.warhol.org/andy-warhols-life/figment/","attribution":"The Andy Warhol Museum + EarthCam","verified_at":"2026-09-26"}},{"type":"Feature","geometry":{"type":"Point","coordinates":[-79.94456,40.42783]},"properties":{"coord_quality":"exact","refresh_s":null,"id":"warhol-churchcam-st-john-chrysostom-byzantine-catholic-churc","name":"Warhol ChurchCam - St. John Chrysostom Byzantine Catholic Church (interior)","operator":"The Andy Warhol Museum + EarthCam","category":"skyline","feed_type":"iframe","feed_url":"https://www.earthcam.com/usa/pennsylvania/pittsburgh/warhol/?cam=warhol_churchcam","page_url":"https://www.earthcam.com/usa/pennsylvania/pittsburgh/warhol/?cam=warhol_churchcam","attribution":"The Andy Warhol Museum + EarthCam","verified_at":"2026-09-26"}},{"type":"Feature","geometry":{"type":"Point","coordinates":[-79.9292,40.4073]},"properties":{"coord_quality":"approx","refresh_s":null,"id":"glen-hazel-hays-bald-eagle-nest-cam","name":"Glen Hazel (Hays) Bald Eagle Nest Cam","operator":"PixCams; powered by Duquesne Light with U. S. Steel (orig. Audubon Society of Western PA)","category":"wildlife","feed_type":"youtube","feed_url":"https://www.youtube.com/embed/yPq9aNukckQ","page_url":"https://pixcams.com/hays-bald-eagle-nest/","attribution":"PixCams; powered by Duquesne Light with U. S. Steel (orig. Audubon Society of Western PA)","verified_at":"2026-09-26"}},{"type":"Feature","geometry":{"type":"Point","coordinates":[-79.9005,40.3323]},"properties":{"coord_quality":"approx","refresh_s":null,"id":"u-s-steel-bald-eagle-cam-1-irvin-plant","name":"U. S. Steel Bald Eagle Cam 1 (Irvin Plant)","operator":"U. S. Steel + PixCams","category":"wildlife","feed_type":"youtube","feed_url":"https://www.youtube.com/embed/2CP8QA_xKx4","page_url":"https://pixcams.com/uss-eagles/","attribution":"U. S. Steel + PixCams","verified_at":"2026-09-26"}},{"type":"Feature","geometry":{"type":"Point","coordinates":[-79.9013,40.33334]},"properties":{"coord_quality":"approx","refresh_s":null,"id":"u-s-steel-bald-eagle-cam-2-nest-with-monongahela-river-backg","name":"U. S. Steel Bald Eagle Cam 2 (nest with Monongahela River background)","operator":"U. S. Steel + PixCams","category":"wildlife","feed_type":"youtube","feed_url":"https://www.youtube.com/embed/9njkml1oQRQ","page_url":"https://pixcams.com/u-s-steel-bald-eagle-nest-cam-2-2/","attribution":"U. S. Steel + PixCams","verified_at":"2026-09-26"}},{"type":"Feature","geometry":{"type":"Point","coordinates":[-79.9029,40.33334]},"properties":{"coord_quality":"approx","refresh_s":null,"id":"u-s-steel-bald-eagle-cam-3","name":"U. S. Steel Bald Eagle Cam 3","operator":"U. S. Steel + PixCams","category":"wildlife","feed_type":"youtube","feed_url":"https://www.youtube.com/embed/uxzRXhKshow","page_url":"https://pixcams.com/u-s-steel-bald-eagle-nest-cam-quad-view/","attribution":"U. S. Steel + PixCams","verified_at":"2026-09-26"}},{"type":"Feature","geometry":{"type":"Point","coordinates":[-79.9037,40.3323]},"properties":{"coord_quality":"approx","refresh_s":null,"id":"u-s-steel-bald-eagle-cam-4-river-view","name":"U. S. Steel Bald Eagle Cam 4 (river view)","operator":"U. S. Steel + PixCams","category":"wildlife","feed_type":"youtube","feed_url":"https://www.youtube.com/embed/a83Y5shllLg","page_url":"https://pixcams.com/u-s-steel-bald-eagle-nest-cam-4/","attribution":"U. S. Steel + PixCams","verified_at":"2026-09-26"}},{"type":"Feature","geometry":{"type":"Point","coordinates":[-79.9029,40.33126]},"properties":{"coord_quality":"approx","refresh_s":null,"id":"u-s-steel-bald-eagle-nest-cam-close-nest-view","name":"U. S. Steel Bald Eagle Nest Cam (close nest view)","operator":"U. S. Steel + PixCams","category":"wildlife","feed_type":"youtube","feed_url":"https://www.youtube.com/embed/dDIfhPXn_-c","page_url":"https://pixcams.com/u-s-steel-bald-eagle-nest-cam-quad-view/","attribution":"U. S. Steel + PixCams","verified_at":"2026-09-26"}},{"type":"Feature","geometry":{"type":"Point","coordinates":[-79.9013,40.33126]},"properties":{"coord_quality":"approx","refresh_s":null,"id":"u-s-steel-red-tailed-hawk-nest-cam-irvin-plant","name":"U. S. Steel Red-Tailed Hawk Nest Cam (Irvin Plant)","operator":"U. S. Steel + PixCams","category":"wildlife","feed_type":"youtube","feed_url":"https://www.youtube.com/embed/jUS-CaVPNYU","page_url":"https://pixcams.com/uss-rth/","attribution":"U. S. Steel + PixCams","verified_at":"2026-09-26"}},{"type":"Feature","geometry":{"type":"Point","coordinates":[-79.9192,40.4835]},"properties":{"coord_quality":"approx","refresh_s":null,"id":"pittsburgh-zoo-penguin-cam","name":"Pittsburgh Zoo Penguin Cam","operator":"Pittsburgh Zoo & Aquarium (Ozolio)","category":"wildlife","feed_type":"iframe","feed_url":"https://relay.ozolio.com/pub.api?cmd=embed&oid=EMB_QVKU00000674","page_url":"https://www.pittsburghzoo.org/animals/webcams-online-activities/penguin-webcam/","attribution":"Pittsburgh Zoo & Aquarium (Ozolio)","verified_at":"2026-09-26"}},{"type":"Feature","geometry":{"type":"Point","coordinates":[-79.918,40.4845]},"properties":{"coord_quality":"approx","refresh_s":null,"id":"pittsburgh-zoo-cheetah-cam","name":"Pittsburgh Zoo Cheetah Cam","operator":"Pittsburgh Zoo & Aquarium (Ozolio)","category":"wildlife","feed_type":"iframe","feed_url":"https://relay.ozolio.com/pub.api?cmd=embed&oid=EMB_ODOJ00000679","page_url":"https://www.pittsburghzoo.org/animals/webcams-online-activities/cheetah-webcam/","attribution":"Pittsburgh Zoo & Aquarium (Ozolio)","verified_at":"2026-09-26"}},{"type":"Feature","geometry":{"type":"Point","coordinates":[-80.0108,40.4586]},"properties":{"coord_quality":"approx","refresh_s":null,"id":"discover-the-burgh-north-side-skyline-cam","name":"Discover the Burgh North Side Skyline Cam","operator":"Discover the Burgh (private residence)","category":"skyline","feed_type":"iframe","feed_url":"https://video.nest.com/embedded/live/ogvLF1XjN5?autoplay=1","page_url":"https://www.discovertheburgh.com/pittsburgh-skyline/","attribution":"Discover the Burgh (private residence)","verified_at":"2026-09-26"}},{"type":"Feature","geometry":{"type":"Point","coordinates":[-80.003,40.4406]},"properties":{"coord_quality":"approx","refresh_s":10,"id":"ppg-place-plaza","name":"PPG Place Plaza","operator":"PPG Place","category":"skyline","feed_type":"jpeg","feed_url":"/api/cam?u=http://96.69.79.178/image.jpg","page_url":"https://www.ppgplace.com/webcam/","attribution":"PPG Place (StarDot cam)","verified_at":"2026-09-26"}},{"type":"Feature","geometry":{"type":"Point","coordinates":[-79.9195,40.4278]},"properties":{"coord_quality":"exact","refresh_s":60,"id":"w3sll-wx-squirrel-hill","name":"W3SLL Weather Cam (Squirrel Hill)","operator":"W3SLL personal weather station","category":"weather","feed_type":"jpeg","feed_url":"/api/cam?u=http%3A%2F%2Fwx.w3sll.net%2Fweewx%2Fimage.jpg","page_url":"http://wx.w3sll.net/weewx/","attribution":"W3SLL WeeWX cam","verified_at":"2026-09-27"}},{"type":"Feature","geometry":{"type":"Point","coordinates":[-79.9103,40.5011]},"properties":{"coord_quality":"approx","refresh_s":1800,"id":"camp-guyasuta","name":"Camp Guyasuta (O'Hara Twp)","operator":"WeatherBug (via Webcam Galore cache)","category":"weather","feed_type":"jpeg","feed_url":"/api/cam?u=https%3A%2F%2Fimages.webcamgalore.com%2F24760-current-webcam-Sharpsburg-Pennsylvania.jpg","page_url":"https://www.webcamgalore.com/webcam/USA-Pennsylvania-Sharpsburg/24760.html","attribution":"WeatherBug via Webcam Galore","verified_at":"2026-09-27"}}],"metadata":{"sources":["https://www.511pa.com/cctv","inputs/cameras/curated.json"],"builtAt":"2026-09-27T00:53:54.733Z"}}