{"type":"FeatureCollection","features":[{"type":"Feature","geometry":{"type":"Point","coordinates":[-80.023546,40.455601]},"properties":{"file_number":"2000-0312","action_category":"conditional_use","action_subtype":"cu_use_approval","residential_relevance":"non_residential","status":"adopted","final_action":"Passed pursuant to Case Law","final_action_date":"2000-05-02","days_intro_to_final":42,"passed_pursuant_to_case_law":false,"from_districts":null,"to_districts":null,"cu_district_zoned":"RM-3","housing_typology":null,"units_stated":null,"votes_aye":null,"votes_nay":null,"legistar_web_url":"https://pittsburgh.legistar.com/gateway.aspx?M=F&ID=5B18E1A5-90E8-44F6-8415-6D9F4A5DF0CF","title":"Resolution approving a Conditional Use exception under Section 911.04.A.64 of the Pittsburgh Code, Title Nine, Zoning, Article V, Chapter 911 to the Manchester Youth Development Center for authorization to construct a 3-"}},{"type":"Feature","geometry":{"type":"Point","coordinates":[-80.038932,40.479513]},"properties":{"file_number":"2000-0852","action_category":"conditional_use","action_subtype":"cu_use_approval","residential_relevance":"non_residential","status":"adopted","final_action":"Passed pursuant to Case Law","final_action_date":"2000-11-20","days_intro_to_final":83,"passed_pursuant_to_case_law":false,"from_districts":null,"to_districts":null,"cu_district_zoned":"RT-2","housing_typology":null,"units_stated":null,"votes_aye":null,"votes_nay":null,"legistar_web_url":"https://pittsburgh.legistar.com/gateway.aspx?M=F&ID=A88E6781-CAC7-45EC-98BD-61E1E6B6B3D9","title":"Resolution approving a Conditional Use exception under Section 911.04.A.64 of the Pittsburgh Code, Title Nine, Zoning, Article V, Chapter 911 to the Board of Public Education of Pittsburgh for authorization to construct "}},{"type":"Feature","geometry":{"type":"Point","coordinates":[-79.901905,40.479392]},"properties":{"file_number":"2001-1235","action_category":"conditional_use","action_subtype":"cu_use_approval","residential_relevance":"non_residential","status":"adopted","final_action":"Passed pursuant to Case Law","final_action_date":"2001-03-13","days_intro_to_final":84,"passed_pursuant_to_case_law":false,"from_districts":null,"to_districts":null,"cu_district_zoned":"EMI","housing_typology":null,"units_stated":null,"votes_aye":null,"votes_nay":null,"legistar_web_url":"https://pittsburgh.legistar.com/gateway.aspx?M=F&ID=4668DFF8-5FC9-4BD3-A995-FBD5AAC5296E","title":"Resolution approving a Conditional Use Exception under Section 911.04.A.13(b) of the Pittsburgh Code, Title Nine, Zoning, Article V, Chapter 911, for authorization to construct two 350 ft. and one 300 ft. communication t"}},{"type":"Feature","geometry":{"type":"Point","coordinates":[-79.919107,40.463334]},"properties":{"file_number":"2001-1361","action_category":"map_amendment","action_subtype":"area_wide_remap","residential_relevance":"area_wide_remap_mixed","status":"adopted","final_action":"Passed Finally","final_action_date":"2001-04-09","days_intro_to_final":62,"passed_pursuant_to_case_law":false,"from_districts":"LNC|UNC|NDI|RT-2|RM-3|P|RM-4|UI|AP|CP","to_districts":"UI|RM-3|RT-3|H|RSA-4|RT-4|EMI|RP|HC|UNC","cu_district_zoned":null,"housing_typology":null,"units_stated":null,"votes_aye":null,"votes_nay":null,"legistar_web_url":"https://pittsburgh.legistar.com/gateway.aspx?M=F&ID=950B22C9-3C02-424C-BFDF-5F2E43227FFC","title":"An Ordinance amending the Pittsburgh Zoning Code, Title Nine, Zoning, Article 1, Chapter 902, Section 902.03, Zoning District Maps No. 11 and 16 by changing various zoning district classifications in the East Liberty com"}},{"type":"Feature","geometry":{"type":"Point","coordinates":[-79.942416,40.446637]},"properties":{"file_number":"2001-1917","action_category":"conditional_use","action_subtype":"cu_use_approval","residential_relevance":"group_quarters_use","status":"adopted","final_action":"Passed pursuant to Case Law","final_action_date":"2001-09-04","days_intro_to_final":84,"passed_pursuant_to_case_law":false,"from_districts":null,"to_districts":null,"cu_district_zoned":"EMI","housing_typology":"student_housing_dormitory","units_stated":null,"votes_aye":9,"votes_nay":0,"legistar_web_url":"https://pittsburgh.legistar.com/gateway.aspx?M=F&ID=A614CE16-8358-43FB-8750-ED417872E7E3","title":"Resolution approving a Conditional Use exception under Section 911.04.A.23 of the Pittsburgh Code, Title Nine, Zoning, Article V, Chapter 911 to Carnegie-Mellon University for authorization to construct a 5-story dormito"}},{"type":"Feature","geometry":{"type":"Point","coordinates":[-79.963642,40.441089]},"properties":{"file_number":"2001-1953","action_category":"conditional_use","action_subtype":"cu_use_approval","residential_relevance":"non_residential","status":"adopted","final_action":"Passed pursuant to Case Law","final_action_date":"2001-09-25","days_intro_to_final":null,"passed_pursuant_to_case_law":false,"from_districts":null,"to_districts":null,"cu_district_zoned":"EMI","housing_typology":null,"units_stated":null,"votes_aye":8,"votes_nay":0,"legistar_web_url":"https://pittsburgh.legistar.com/gateway.aspx?M=F&ID=7C52EEB9-A49D-41F6-BA82-034EC1CC285A","title":"Resolution approving the Project Area Master Plan dated August 27, 2001 and a Conditional Use exception under Section 911.04.A.29 of the Pittsburgh Code, Title Nine, Zoning, Article V, Chapter 911 to UPMC Health System f"}},{"type":"Feature","geometry":{"type":"Point","coordinates":[-79.923674,40.447997]},"properties":{"file_number":"2001-2136","action_category":"conditional_use","action_subtype":"cu_use_approval","residential_relevance":"non_residential","status":"adopted","final_action":"Returned Unsigned","final_action_date":"2001-10-30","days_intro_to_final":35,"passed_pursuant_to_case_law":false,"from_districts":null,"to_districts":null,"cu_district_zoned":"RM-M","housing_typology":null,"units_stated":null,"votes_aye":9,"votes_nay":0,"legistar_web_url":"https://pittsburgh.legistar.com/gateway.aspx?M=F&ID=EF347DF6-6C61-4AC6-9C6D-CEB46A64ECF9","title":"Resolution approving a conditional Use exception under Section 993.01(a)A(9) of the Pittsburgh Code, Title Nine, Zoning, Chapter 993 to Chatham College for authorization to provide a total of 109 parking spaces in three "}},{"type":"Feature","geometry":{"type":"Point","coordinates":[-79.923674,40.447997]},"properties":{"file_number":"2001-2137","action_category":"conditional_use","action_subtype":"cu_use_approval","residential_relevance":"non_residential","status":"adopted","final_action":"Passed Finally","final_action_date":"2001-10-30","days_intro_to_final":35,"passed_pursuant_to_case_law":false,"from_districts":null,"to_districts":null,"cu_district_zoned":"RM-M","housing_typology":null,"units_stated":null,"votes_aye":9,"votes_nay":0,"legistar_web_url":"https://pittsburgh.legistar.com/gateway.aspx?M=F&ID=53CC30F7-3BA6-451F-BB08-26C7C86DD710","title":"Resolution approving a Conditional Use exception under Section 993.01(a)A(9) of the Pittsburgh Code, Title Nine, Zoning, Chapter 993 to Chatham College for authorization to construct a two-story gymnasium building with f"}},{"type":"Feature","geometry":{"type":"Point","coordinates":[-79.893972,40.45277]},"properties":{"file_number":"2001-2156","action_category":"conditional_use","action_subtype":"cu_use_approval","residential_relevance":"non_residential","status":"adopted","final_action":"Passed Finally","final_action_date":"2001-12-18","days_intro_to_final":94,"passed_pursuant_to_case_law":false,"from_districts":null,"to_districts":null,"cu_district_zoned":"R1A-M","housing_typology":null,"units_stated":null,"votes_aye":9,"votes_nay":0,"legistar_web_url":"https://pittsburgh.legistar.com/gateway.aspx?M=F&ID=20067E07-F92B-4772-A2D1-DA10199B07AE","title":"Resolution approving a Conditional Use exception under Section 911.04.A.64 of the Pittsburgh Code, Title Nine, Zoning, Chapter 911 to the Board of Public Education of Pittsburgh for authorization to construct a 2-story e"}},{"type":"Feature","geometry":{"type":"Point","coordinates":[-79.918274,40.462808]},"properties":{"file_number":"2002-0229","action_category":"conditional_use","action_subtype":"cu_use_approval","residential_relevance":"non_residential","status":"adopted","final_action":"Passed pursuant to Case Law","final_action_date":"2002-05-28","days_intro_to_final":84,"passed_pursuant_to_case_law":false,"from_districts":null,"to_districts":null,"cu_district_zoned":"RM-M","housing_typology":null,"units_stated":null,"votes_aye":6,"votes_nay":1,"legistar_web_url":"https://pittsburgh.legistar.com/gateway.aspx?M=F&ID=6A1B442A-C01E-44E4-94CD-2845FCAF23CB","title":"Resolution approving a Conditional Use exception under Section 911.04.A.64 of the Pittsburgh Code, Title Nine, Zoning, Article V, Chapter 911 to Everlasting Covenant Church, for authorization to occupy an existing 4-stor"}},{"type":"Feature","geometry":{"type":"Point","coordinates":[-79.913427,40.369873]},"properties":{"file_number":"2002-0289","action_category":"conditional_use","action_subtype":"cu_use_approval","residential_relevance":"non_residential","status":"adopted","final_action":"Passed pursuant to Case Law","final_action_date":"2002-05-20","days_intro_to_final":76,"passed_pursuant_to_case_law":false,"from_districts":null,"to_districts":null,"cu_district_zoned":"R1D-L","housing_typology":null,"units_stated":null,"votes_aye":8,"votes_nay":0,"legistar_web_url":"https://pittsburgh.legistar.com/gateway.aspx?M=F&ID=79C4DF52-4D66-4EBE-B7A6-92DF3087C555","title":"Resolution approving a Conditional Use exception under Section 911.04.A.64 of the Pittsburgh Code, Title Nine, Zoning, Chapter 911 to the Board of Public Education of Pittsburgh for authorization to construct a 2-story e"}},{"type":"Feature","geometry":{"type":"Point","coordinates":[-79.951445,40.43618]},"properties":{"file_number":"2002-0318","action_category":"map_amendment","action_subtype":"area_wide_remap","residential_relevance":"area_wide_remap_mixed","status":"adopted","final_action":"Passed Finally, As Amended","final_action_date":"2002-06-04","days_intro_to_final":80,"passed_pursuant_to_case_law":false,"from_districts":"P|RM-M|RM-VH|UNC|UI|LNC|RM-H|EMI|R2-L|NDI|HC|R1D-L","to_districts":"H|UI|RM-M|OPR-B|RM-VH|R1A-H|EMI|P|R2-H|R1A-VH|OPR-D|R3-M|RM-H|OPR-A|OPR-C|R2-VH|R1D-VL","cu_district_zoned":null,"housing_typology":null,"units_stated":null,"votes_aye":9,"votes_nay":0,"legistar_web_url":"https://pittsburgh.legistar.com/gateway.aspx?M=F&ID=AA5BD713-C6ED-4A7A-961F-4C98DE418748","title":"Ordinance amending the Pittsburgh Zoning Code, Title Nine, Zoning, Article 1, Chapter 902, Section 902.03, Zoning District Maps No. 11 and 12 by changing various zoning district classifications in the Oakland community i"}},{"type":"Feature","geometry":{"type":"Point","coordinates":[-79.929294,40.465924]},"properties":{"file_number":"2002-0608","action_category":"conditional_use","action_subtype":"cu_use_approval","residential_relevance":"non_residential","status":"adopted","final_action":"Passed pursuant to Case Law","final_action_date":"2002-07-30","days_intro_to_final":65,"passed_pursuant_to_case_law":false,"from_districts":null,"to_districts":null,"cu_district_zoned":"RM-M","housing_typology":null,"units_stated":null,"votes_aye":8,"votes_nay":0,"legistar_web_url":"https://pittsburgh.legistar.com/gateway.aspx?M=F&ID=A4778813-DF46-4EA2-8026-162C419BDF9C","title":"Resolution approving a Conditional Use exception under Section 911.04.A.64 of the Pittsburgh Code, Title Nine, Zoning, Chapter 911 to the Urban League of Pittsburgh, Inc. for authorization to renovate and expand an exist"}},{"type":"Feature","geometry":{"type":"Point","coordinates":[-79.949702,40.44826]},"properties":{"file_number":"2002-0828","action_category":"conditional_use","action_subtype":"cu_use_approval","residential_relevance":"non_residential","status":"adopted","final_action":"Passed Finally","final_action_date":"2002-11-12","days_intro_to_final":80,"passed_pursuant_to_case_law":false,"from_districts":null,"to_districts":null,"cu_district_zoned":"RM-H","housing_typology":null,"units_stated":null,"votes_aye":7,"votes_nay":0,"legistar_web_url":"https://pittsburgh.legistar.com/gateway.aspx?M=F&ID=C794FB0C-3596-49C9-89B7-2C6BFB56A6C4","title":"Resolution approving a Conditional Use exception under Section 911.04.A.64 of the Pittsburgh Code, Title Nine, Zoning, Chapter 911 to the Catholic Diocese of Pittsburgh for authorization to demolish a portion of an exist"}},{"type":"Feature","geometry":{"type":"Point","coordinates":[-79.9316,40.452975]},"properties":{"file_number":"2002-0953","action_category":"conditional_use","action_subtype":"cu_use_approval","residential_relevance":"non_residential","status":"adopted","final_action":"Passed pursuant to Case Law","final_action_date":"2002-11-25","days_intro_to_final":57,"passed_pursuant_to_case_law":false,"from_districts":null,"to_districts":null,"cu_district_zoned":"RM-M","housing_typology":null,"units_stated":null,"votes_aye":7,"votes_nay":0,"legistar_web_url":"https://pittsburgh.legistar.com/gateway.aspx?M=F&ID=5B4B678A-6593-46E0-BCF8-B888089D95A3","title":"Resolution approving a Conditional Use exception under Section 911.04.A.9 of the Pittsburgh Code, Title Nine, Zoning, Chapter 911 to Appletree Too, LLC for authorization to use the existing structure located at 714 South"}},{"type":"Feature","geometry":{"type":"Point","coordinates":[-79.864861,40.443955]},"properties":{"file_number":"2002-1160","action_category":"conditional_use","action_subtype":"cu_use_approval","residential_relevance":"non_residential","status":"adopted","final_action":"Passed Finally","final_action_date":"2003-02-11","days_intro_to_final":70,"passed_pursuant_to_case_law":false,"from_districts":null,"to_districts":null,"cu_district_zoned":"UI","housing_typology":null,"units_stated":null,"votes_aye":5,"votes_nay":3,"legistar_web_url":"https://pittsburgh.legistar.com/gateway.aspx?M=F&ID=D823348A-9B34-4843-8A6C-FEB2EA1AB2CF","title":"Resolution approving a Conditional Use exception under Section 911.04.A.1 of the Pittsburgh Code, Title Nine, Zoning, Chapter 911 to John Wargo for authorization to occupy a portion of the first floor of an existing 2-st"}},{"type":"Feature","geometry":{"type":"Point","coordinates":[-79.942855,40.464447]},"properties":{"file_number":"2003-1862","action_category":"conditional_use","action_subtype":"cu_use_approval","residential_relevance":"non_residential","status":"adopted","final_action":"Passed pursuant to Case Law","final_action_date":"2003-06-17","days_intro_to_final":29,"passed_pursuant_to_case_law":false,"from_districts":null,"to_districts":null,"cu_district_zoned":null,"housing_typology":null,"units_stated":null,"votes_aye":9,"votes_nay":0,"legistar_web_url":"https://pittsburgh.legistar.com/gateway.aspx?M=F&ID=8D3B11D9-C518-435F-924B-88877F6BE314","title":"Resolution approving a Conditional Use Exception under Section 911.04.A.64 of the Pittsburgh Code, Title Nine, Zoning, Article V, Chapters 911, to the Waldorf School of Pittsburgh for authorization to renovate and occupy"}},{"type":"Feature","geometry":{"type":"Point","coordinates":[-79.895844,40.490602]},"properties":{"file_number":"2003-2004","action_category":"map_amendment","action_subtype":"site_rezoning","residential_relevance":"no_change_in_residential_ceiling","status":"adopted","final_action":"Passed Finally","final_action_date":"2003-09-23","days_intro_to_final":98,"passed_pursuant_to_case_law":false,"from_districts":"P","to_districts":"EMI","cu_district_zoned":null,"housing_typology":null,"units_stated":null,"votes_aye":9,"votes_nay":0,"legistar_web_url":"https://pittsburgh.legistar.com/gateway.aspx?M=F&ID=E4026B67-C5AB-4ADC-90AB-FDC6F3BD1AE6","title":"Ordinance amending the Pittsburgh Code, Title Nine, Zoning, Article III, Chapter 902, Section 902.03.A, Zoning District Map No. 15 by changing from \"PO\" Park and Open Space to \"EMI\" Educational/Medical Institutional Dist"}},{"type":"Feature","geometry":{"type":"Point","coordinates":[-79.935219,40.456558]},"properties":{"file_number":"2003-2143","action_category":"map_amendment","action_subtype":"site_rezoning","residential_relevance":"unclear_special_district","status":"adopted","final_action":"Passed Finally","final_action_date":"2003-11-10","days_intro_to_final":111,"passed_pursuant_to_case_law":false,"from_districts":"RM-H|LNC","to_districts":"AP|CP","cu_district_zoned":null,"housing_typology":null,"units_stated":null,"votes_aye":8,"votes_nay":0,"legistar_web_url":"https://pittsburgh.legistar.com/gateway.aspx?M=F&ID=3AE9FE8E-F18C-47A5-8105-B71A466C016E","title":"Ordinance amending the Pittsburgh Code, Title Nine, Zoning, Article III, Chapter 902, Section 902.03.A, Zoning District Map No. 11 by changing from \"RM-H\" Residential Multi-Unit High Density and \"LNC\" Local Neighborhood "}},{"type":"Feature","geometry":{"type":"Point","coordinates":[-79.918274,40.462808]},"properties":{"file_number":"2003-2144","action_category":"conditional_use","action_subtype":"cu_other_or_procedural","residential_relevance":"non_residential","status":"adopted","final_action":"Passed Finally","final_action_date":"2003-09-09","days_intro_to_final":49,"passed_pursuant_to_case_law":false,"from_districts":null,"to_districts":null,"cu_district_zoned":"RM-M","housing_typology":null,"units_stated":null,"votes_aye":null,"votes_nay":null,"legistar_web_url":"https://pittsburgh.legistar.com/gateway.aspx?M=F&ID=EB9D1148-576F-4E8D-BA96-F15DC46AD2EB","title":"Resolution renewing Resolution No. 385/2002, entitled, \"approving a Conditional Use Application to Everlasting Covenant Church to occupy an existing 4-story structure as an elementary charter school for grades K thru 5 a"}},{"type":"Feature","geometry":{"type":"Point","coordinates":[-80.017505,40.437637]},"properties":{"file_number":"2004-0153","action_category":"map_amendment","action_subtype":"site_rezoning","residential_relevance":"unclear_special_district","status":"adopted","final_action":"Passed Finally","final_action_date":"2004-04-26","days_intro_to_final":48,"passed_pursuant_to_case_law":false,"from_districts":"GPR-B","to_districts":"GPR-C","cu_district_zoned":null,"housing_typology":null,"units_stated":null,"votes_aye":7,"votes_nay":1,"legistar_web_url":"https://pittsburgh.legistar.com/gateway.aspx?M=F&ID=244D3132-07AC-42AF-8C8F-67259A8CACBF","title":"An Ordinance amending the Pittsburgh Code, Title Nine, Zoning, Article III, Chapter 902, Section 902.03.A, Zoning District Map No. 7 by changing from \"GPR-B\" Grandview Public Realm Subdistrict B to \"GPR-C\" Grandview Publ"}},{"type":"Feature","geometry":{"type":"Point","coordinates":[-79.945893,40.453344]},"properties":{"file_number":"2004-0538","action_category":"map_amendment","action_subtype":"site_rezoning","residential_relevance":"reduces_housing_byright","status":"adopted","final_action":"Passed Finally","final_action_date":"2005-02-22","days_intro_to_final":224,"passed_pursuant_to_case_law":false,"from_districts":"R2-L","to_districts":"R1D-L","cu_district_zoned":null,"housing_typology":null,"units_stated":null,"votes_aye":9,"votes_nay":0,"legistar_web_url":"https://pittsburgh.legistar.com/gateway.aspx?M=F&ID=59B289FD-6A2A-43EE-B278-8132C6D82CF7","title":"Ordinance amending certain portions of the Pittsburgh Code of Ordinances, Title Nine, Zoning, Chapter 902.03 (Zoning Map) to change the Zoning Classification of the following properties from R2-L (Residential Two-Unit, L"}},{"type":"Feature","geometry":{"type":"Point","coordinates":[-79.924125,40.458732]},"properties":{"file_number":"2004-0593","action_category":"map_amendment","action_subtype":"site_rezoning","residential_relevance":"no_change_in_residential_ceiling","status":"tabled","final_action":"TABLED","final_action_date":"2005-01-05","days_intro_to_final":155,"passed_pursuant_to_case_law":false,"from_districts":"RM-M","to_districts":"RM-H","cu_district_zoned":null,"housing_typology":null,"units_stated":null,"votes_aye":null,"votes_nay":null,"legistar_web_url":"https://pittsburgh.legistar.com/gateway.aspx?M=F&ID=897F02FC-9955-429E-8463-2A396B473276","title":"Ordinance amending the Pittsburgh Zoning Map by changing from RM-M/Residential Multi-Unit, Moderate Density to RM-H/Residential Multi-Unit, High Density certain property identified as Block and Lot #84-G-049 in Allegheny"}},{"type":"Feature","geometry":{"type":"Point","coordinates":[-80.009666,40.430407]},"properties":{"file_number":"2004-0594","action_category":"map_amendment","action_subtype":"site_rezoning","residential_relevance":"enables_more_housing_byright","status":"failed","final_action":"Overridden","final_action_date":"2005-02-08","days_intro_to_final":189,"passed_pursuant_to_case_law":false,"from_districts":"R2-L","to_districts":"LNC","cu_district_zoned":null,"housing_typology":null,"units_stated":null,"votes_aye":5,"votes_nay":4,"legistar_web_url":"https://pittsburgh.legistar.com/gateway.aspx?M=F&ID=CDB48A81-5283-4888-B5B6-987DFCAC9630","title":"Ordinance amending the Pittsburgh Zoning Map by changing from R2-L/Residential Two-Unit, Low Density to LNC/Local Neighborhood Commercial certain property identified as Block and Lot #4-F-127 in Allegheny Block and Lot s"}},{"type":"Feature","geometry":{"type":"Point","coordinates":[-80.019305,40.449578]},"properties":{"file_number":"2004-0627","action_category":"map_amendment","action_subtype":"area_wide_remap","residential_relevance":"area_wide_remap_mixed","status":"adopted","final_action":"Signed by the Mayor","final_action_date":"2004-11-12","days_intro_to_final":62,"passed_pursuant_to_case_law":false,"from_districts":"GI|LNC|UI","to_districts":"UI|UNC|NDI|P","cu_district_zoned":null,"housing_typology":null,"units_stated":null,"votes_aye":null,"votes_nay":null,"legistar_web_url":"https://pittsburgh.legistar.com/gateway.aspx?M=F&ID=CB2079B3-CA2D-471D-85D0-FD612370B830","title":"Ordinance amending the Pittsburgh Code, Title Nine, Zoning, Chapters 902.03 Zoning District Maps #6 and #7 by changing various zoning district classifications in the Chateau and NORTH SHORE neighborhoods in accordance wi"}},{"type":"Feature","geometry":{"type":"Point","coordinates":[-79.904483,40.446805]},"properties":{"file_number":"2004-0628","action_category":"conditional_use","action_subtype":"cu_use_approval","residential_relevance":"non_residential","status":"adopted","final_action":"Passed Finally, As Amended","final_action_date":"2004-11-01","days_intro_to_final":62,"passed_pursuant_to_case_law":false,"from_districts":null,"to_districts":null,"cu_district_zoned":"R1D-L","housing_typology":null,"units_stated":null,"votes_aye":8,"votes_nay":0,"legistar_web_url":"https://pittsburgh.legistar.com/gateway.aspx?M=F&ID=F921505D-C125-42F5-9AC6-3EE18D462D5E","title":"Resolution approving a Conditional Use under Section 911.04.A.64 of the Pittsburgh Code, Title Nine, Zoning, Article V Chapter 911 as amended to the Board of Public Education of Pittsburgh for authorization to construct "}},{"type":"Feature","geometry":{"type":"Point","coordinates":[-80.008853,40.4526]},"properties":{"file_number":"2004-0636","action_category":"conditional_use","action_subtype":"cu_use_approval","residential_relevance":"residential_use","status":"adopted","final_action":"Passed pursuant to Case Law","final_action_date":"2004-10-22","days_intro_to_final":42,"passed_pursuant_to_case_law":false,"from_districts":null,"to_districts":null,"cu_district_zoned":"RM-H","housing_typology":"multi_suite_residential","units_stated":null,"votes_aye":null,"votes_nay":null,"legistar_web_url":"https://pittsburgh.legistar.com/gateway.aspx?M=F&ID=1F089589-9A35-4654-AD2D-0AB4C6EAD96F","title":"Approving a Conditional Use under Section 911.04.A.41 of the Pittsburgh Code, Title Nine, Zoning, Article V Chapter 911 as amended to Gwen's Girls, Inc. for authorization to occupy an existing convent structure as a mult"}},{"type":"Feature","geometry":{"type":"Point","coordinates":[-79.937491,40.464086]},"properties":{"file_number":"2004-0740","action_category":"map_amendment","action_subtype":"site_rezoning","residential_relevance":"reduces_housing_byright","status":"adopted","final_action":"Passed Finally","final_action_date":"2004-11-22","days_intro_to_final":40,"passed_pursuant_to_case_law":false,"from_districts":"R2-M|LNC","to_districts":"EMI","cu_district_zoned":null,"housing_typology":null,"units_stated":null,"votes_aye":8,"votes_nay":0,"legistar_web_url":"https://pittsburgh.legistar.com/gateway.aspx?M=F&ID=1FD092A0-F76B-4B14-B9C2-072770727C50","title":"Ordinance amending the Pittsburgh Code, Title Nine, Zoning Article III, Section 902.03.A - Zoning Map #11 by changing from R2-M/Residential Two-Unit, Moderate Density and LNC/Local Neighborhood Commercial to EMI / Educat"}},{"type":"Feature","geometry":{"type":"Point","coordinates":[-79.943061,40.451164]},"properties":{"file_number":"2004-0744","action_category":"conditional_use","action_subtype":"cu_use_approval","residential_relevance":"non_residential","status":"adopted","final_action":"Passed pursuant to Case Law","final_action_date":"2005-02-15","days_intro_to_final":119,"passed_pursuant_to_case_law":false,"from_districts":null,"to_districts":null,"cu_district_zoned":"R2-L","housing_typology":null,"units_stated":null,"votes_aye":null,"votes_nay":null,"legistar_web_url":"https://pittsburgh.legistar.com/gateway.aspx?M=F&ID=5115E006-8DE7-4011-BEC5-474FC70223F9","title":"Resolution approving a Conditional Use under Section 911.04.A.64 of the Pittsburgh Code, Title Nine, Zoning, Article V Chapter 911 as amended to Winchester Thurston School for authorization to construct a 3-story seconda"}},{"type":"Feature","geometry":{"type":"Point","coordinates":[-79.9346,40.480593]},"properties":{"file_number":"2004-0845","action_category":"conditional_use","action_subtype":"cu_use_approval","residential_relevance":"non_residential","status":"adopted","final_action":"Passed pursuant to Case Law","final_action_date":"2005-01-25","days_intro_to_final":64,"passed_pursuant_to_case_law":false,"from_districts":null,"to_districts":null,"cu_district_zoned":"R1D-L","housing_typology":null,"units_stated":null,"votes_aye":null,"votes_nay":null,"legistar_web_url":"https://pittsburgh.legistar.com/gateway.aspx?M=F&ID=30600228-9F90-4CD5-847C-2A0E303134B9","title":"Resolution approving a Conditional Use under Section 911.04.A.64 of the Pittsburgh Code, Title Nine, Zoning, Article V Chapter 911 to the Board of Public Education for authorization to renovate Sunnyside Elementary Schoo"}},{"type":"Feature","geometry":{"type":"Point","coordinates":[-79.94703,40.453749]},"properties":{"file_number":"2005-0994","action_category":"map_amendment","action_subtype":"site_rezoning","residential_relevance":"no_change_in_residential_ceiling","status":"adopted","final_action":"Passed Finally","final_action_date":"2005-03-22","days_intro_to_final":56,"passed_pursuant_to_case_law":false,"from_districts":"RM-H","to_districts":"LNC","cu_district_zoned":null,"housing_typology":null,"units_stated":null,"votes_aye":7,"votes_nay":0,"legistar_web_url":"https://pittsburgh.legistar.com/gateway.aspx?M=F&ID=F68034B9-78CA-458A-B069-06ED1A55F207","title":"Ordinance amending the Pittsburgh Code, Title Nine, Zoning Article III, Section 902.03 - Zoning Map by changing from RM-H/Residential Multi-Unit, High Density to LNC/Local Neighborhood Commercial certain properties havin"}},{"type":"Feature","geometry":{"type":"Point","coordinates":[-80.007616,40.495551]},"properties":{"file_number":"2005-0995","action_category":"map_amendment","action_subtype":"site_rezoning","residential_relevance":"unclear_special_district","status":"adopted","final_action":"Passed Finally","final_action_date":"2005-03-22","days_intro_to_final":56,"passed_pursuant_to_case_law":false,"from_districts":"RP","to_districts":"CP","cu_district_zoned":null,"housing_typology":null,"units_stated":null,"votes_aye":7,"votes_nay":0,"legistar_web_url":"https://pittsburgh.legistar.com/gateway.aspx?M=F&ID=2C4772BB-1346-41EA-A3E9-C01568BE78FB","title":"Ordinance amending the Pittsburgh Code, Title Nine, Zoning Article III, Section 902.03 - Zoning Map by changing from RP/Residential Planned Unit Development to CP/Commercial Planned Unit Development certain properties so"}},{"type":"Feature","geometry":{"type":"Point","coordinates":[-80.009666,40.430407]},"properties":{"file_number":"2005-1037","action_category":"map_amendment","action_subtype":"site_rezoning","residential_relevance":"enables_more_housing_byright","status":"filed_not_action","final_action":"Read, Received and Filed","final_action_date":"2005-02-08","days_intro_to_final":null,"passed_pursuant_to_case_law":false,"from_districts":"R2-L","to_districts":"LNC","cu_district_zoned":null,"housing_typology":null,"units_stated":null,"votes_aye":null,"votes_nay":null,"legistar_web_url":"https://pittsburgh.legistar.com/gateway.aspx?M=F&ID=D49FC2D3-C5CE-4935-B4A3-98C5EF05F4B4","title":"Communication from Mayor Tom Murphy submitting a Veto of Council Bill 2004-0594 entitled, an Ordinance amending the Pittsburgh Zoning Map by changing from R2-L/Residential Two Unit, Low Density to LNC/Local Neighborhood "}},{"type":"Feature","geometry":{"type":"Point","coordinates":[-79.98187,40.421759]},"properties":{"file_number":"2005-1172","action_category":"map_amendment","action_subtype":"area_wide_remap","residential_relevance":"area_wide_remap_mixed","status":"adopted","final_action":"Passed Finally","final_action_date":"2005-05-10","days_intro_to_final":56,"passed_pursuant_to_case_law":false,"from_districts":"P|RM-M|LNC|R2-L|UI","to_districts":"H|R1D-VH|RM-M|R2-M|R1D-H|P|R1A-VH|UI","cu_district_zoned":null,"housing_typology":null,"units_stated":null,"votes_aye":6,"votes_nay":0,"legistar_web_url":"https://pittsburgh.legistar.com/gateway.aspx?M=F&ID=8DF4DB3E-61D7-4B15-A219-A9B488F00B21","title":"An Ordinance amending the Pittsburgh Zoning Code, Title Nine, Article One, Chapter 902 Section 902.03, Zoning District Maps No. 7, 8 and 13 by changing various zoning district classifications in the SOUTH SIDE SLOPES nei"}},{"type":"Feature","geometry":{"type":"Point","coordinates":[-79.944134,40.418438]},"properties":{"file_number":"2005-1173","action_category":"map_amendment","action_subtype":"area_wide_remap","residential_relevance":"area_wide_remap_mixed","status":"adopted","final_action":"Passed Finally","final_action_date":"2005-05-10","days_intro_to_final":56,"passed_pursuant_to_case_law":false,"from_districts":"P|R1D-L|RM-M|R2-L|UI|LNC|GI","to_districts":"H|R1D-M|NDI|R1D-H|LNC|R1A-H|R1A-VH|UI","cu_district_zoned":null,"housing_typology":null,"units_stated":null,"votes_aye":6,"votes_nay":0,"legistar_web_url":"https://pittsburgh.legistar.com/gateway.aspx?M=F&ID=71840CBA-18E9-400F-B3E3-8473B3765CF1","title":"Ordinance amending the Pittsburgh Zoning Code, Title Nine, Zoning, Article 1, Chapter 902, Section 902.03, Zoning District Maps No. 12 and 13 by changing various zoning district classifications in the HAZELWOOD neighborh"}},{"type":"Feature","geometry":{"type":"Point","coordinates":[-80.033217,40.436383]},"properties":{"file_number":"2005-1249","action_category":"map_amendment","action_subtype":"area_wide_remap","residential_relevance":"area_wide_remap_mixed","status":"adopted","final_action":"Passed Finally","final_action_date":"2005-06-14","days_intro_to_final":63,"passed_pursuant_to_case_law":false,"from_districts":"P|UI|LNC|RM-M","to_districts":"LNC|H|R1D-VH","cu_district_zoned":null,"housing_typology":null,"units_stated":null,"votes_aye":7,"votes_nay":0,"legistar_web_url":"https://pittsburgh.legistar.com/gateway.aspx?M=F&ID=EAD99ECE-F1A8-4277-8AAB-2DD14010FCA7","title":"Ordinance amending the Pittsburgh Zoning Code, Title Nine, Article One, Chapter 902 Section 902.03, Zoning District Maps No. 3 and 7 by changing various zoning district classifications in the WEST END neighborhood in acc"}},{"type":"Feature","geometry":{"type":"Point","coordinates":[-79.996866,40.465279]},"properties":{"file_number":"2005-1251","action_category":"map_amendment","action_subtype":"area_wide_remap","residential_relevance":"area_wide_remap_mixed","status":"adopted","final_action":"Passed Finally","final_action_date":"2005-06-14","days_intro_to_final":63,"passed_pursuant_to_case_law":false,"from_districts":"NDI|R2-L|RM-M|R1D-L|P|LNC","to_districts":"H|R1D-M|R1D-L|R1A-H|LNC|R1D-H","cu_district_zoned":null,"housing_typology":null,"units_stated":null,"votes_aye":7,"votes_nay":0,"legistar_web_url":"https://pittsburgh.legistar.com/gateway.aspx?M=F&ID=8A73F420-9962-4614-A55C-89369830B06D","title":"Ordinance amending the Pittsburgh Zoning Code, Title Nine, Article One, Chapter 902 Section 902.03, Zoning District Map No. 6 by changing various zoning district classifications in the SPRING HILL neighborhood in accord "}},{"type":"Feature","geometry":{"type":"Point","coordinates":[-79.951269,40.451614]},"properties":{"file_number":"2005-1314","action_category":"map_amendment","action_subtype":"area_wide_remap","residential_relevance":"area_wide_remap_mixed","status":"adopted","final_action":"Passed Finally","final_action_date":"2005-06-21","days_intro_to_final":49,"passed_pursuant_to_case_law":false,"from_districts":"H|P|UI|RM-H|LNC|RM-M|R1A-VH|RM-VH|UNC","to_districts":"UI|H|LNC|RM-M|UNC|EMI|R1A-VH|RM-VH|P","cu_district_zoned":null,"housing_typology":null,"units_stated":null,"votes_aye":7,"votes_nay":0,"legistar_web_url":"https://pittsburgh.legistar.com/gateway.aspx?M=F&ID=F72D08CD-4698-413B-90DD-F65F2457F69B","title":"Ordinance amending the Pittsburgh Zoning Code, Title Nine, Article One, Chapter 902 Section 902.03, and Zoning District Map No's 11 and 12 by changing various zoning district classifications in the North Oakland, Bloomfi"}},{"type":"Feature","geometry":{"type":"Point","coordinates":[-80.004411,40.42306]},"properties":{"file_number":"2005-1510","action_category":"conditional_use","action_subtype":"cu_use_approval","residential_relevance":"residential_use","status":"adopted","final_action":"Passed pursuant to Case Law","final_action_date":"2005-08-18","days_intro_to_final":41,"passed_pursuant_to_case_law":false,"from_districts":null,"to_districts":null,"cu_district_zoned":"RP","housing_typology":"senior_elderly","units_stated":null,"votes_aye":null,"votes_nay":null,"legistar_web_url":"https://pittsburgh.legistar.com/gateway.aspx?M=F&ID=86FC5A97-D662-45DC-865B-A893EE4D6CC3","title":"Resolution approving a Conditional Use under the Pittsburgh Code, Title Nine - Zoning, Article V, Section 909.02.D.6(a)(1) to the Pittsburgh Board of Public Education or its designee for authorization to operate a Housin"}},{"type":"Feature","geometry":{"type":"Point","coordinates":[-80.004411,40.42306]},"properties":{"file_number":"2005-1511","action_category":"map_amendment","action_subtype":"site_rezoning","residential_relevance":"unclear_special_district","status":"adopted","final_action":"Passed Finally","final_action_date":"2005-08-08","days_intro_to_final":41,"passed_pursuant_to_case_law":false,"from_districts":"RM-M","to_districts":"RP","cu_district_zoned":null,"housing_typology":null,"units_stated":null,"votes_aye":8,"votes_nay":0,"legistar_web_url":"https://pittsburgh.legistar.com/gateway.aspx?M=F&ID=83BD59F9-D724-40BF-B118-6C1A80746336","title":"Ordinance amending the Pittsburgh Code, Title Nine, Zoning Article III, Section 902.03 - Zoning Map by changing from RM-M / Residential Multi-Unit, Moderate Density to RP/Residential Planned Unit Development certain prop"}},{"type":"Feature","geometry":{"type":"Point","coordinates":[-79.979949,40.410133]},"properties":{"file_number":"2005-1513","action_category":"map_amendment","action_subtype":"area_wide_remap","residential_relevance":"area_wide_remap_mixed","status":"adopted","final_action":"Passed Finally","final_action_date":"2005-08-08","days_intro_to_final":41,"passed_pursuant_to_case_law":false,"from_districts":"LNC|R2-L|P","to_districts":"R1D-M|H","cu_district_zoned":null,"housing_typology":null,"units_stated":null,"votes_aye":8,"votes_nay":0,"legistar_web_url":"https://pittsburgh.legistar.com/gateway.aspx?M=F&ID=C8E4A89C-5FEC-4673-9A88-9C92BEB99631","title":"Ordinance amending the Pittsburgh Zoning Code, Title Nine, Article One, Chapter 902 Section 902.03, Zoning District Map Nos. 8 and 13 by changing various zoning district classifications in the MOUNT OLIVER (MT. OLIVER) n"}},{"type":"Feature","geometry":{"type":"Point","coordinates":[-79.895642,40.436339]},"properties":{"file_number":"2005-1514","action_category":"map_amendment","action_subtype":"area_wide_remap","residential_relevance":"area_wide_remap_mixed","status":"adopted","final_action":"Passed Finally","final_action_date":"2005-08-08","days_intro_to_final":41,"passed_pursuant_to_case_law":false,"from_districts":"RM-M|R2-L|R1D-L","to_districts":"R1A-H|RM-M|R1D-M","cu_district_zoned":null,"housing_typology":null,"units_stated":null,"votes_aye":8,"votes_nay":0,"legistar_web_url":"https://pittsburgh.legistar.com/gateway.aspx?M=F&ID=2F6EB5DA-7C0A-4732-83C7-5FB086FBA8EF","title":"Ordinance amending the Pittsburgh Zoning Code, Title Nine, Article One, Chapter 902 Section 902.03, Zoning District Map No. 17 by changing various zoning district classifications in the REGENT SQUARE neighborhood in acco"}},{"type":"Feature","geometry":{"type":"Point","coordinates":[-79.978277,40.449585]},"properties":{"file_number":"2005-1742","action_category":"map_amendment","action_subtype":"site_rezoning","residential_relevance":"unclear_special_district","status":"adopted","final_action":"Passed Finally","final_action_date":"2005-11-21","days_intro_to_final":48,"passed_pursuant_to_case_law":false,"from_districts":"RM-M|P","to_districts":"RP","cu_district_zoned":null,"housing_typology":null,"units_stated":null,"votes_aye":9,"votes_nay":0,"legistar_web_url":"https://pittsburgh.legistar.com/gateway.aspx?M=F&ID=6893DC7F-0B35-4E28-98C6-A0C4EC98E8B4","title":"Ordinance amending the Pittsburgh Code, Title Nine, Zoning Article III, Section 902.03 - Zoning Map by changing from RM-M / Residential Multiple-Unit, Moderate Density and PO / Parks and Open Space to RP / Residential Pl"}},{"type":"Feature","geometry":{"type":"Point","coordinates":[-79.994182,40.435176]},"properties":{"file_number":"2005-1827","action_category":"map_amendment","action_subtype":"site_rezoning","residential_relevance":"unclear_special_district","status":"adopted","final_action":"Passed Finally","final_action_date":"2005-12-06","days_intro_to_final":35,"passed_pursuant_to_case_law":false,"from_districts":"UI","to_districts":"SP-3","cu_district_zoned":null,"housing_typology":null,"units_stated":null,"votes_aye":9,"votes_nay":0,"legistar_web_url":"https://pittsburgh.legistar.com/gateway.aspx?M=F&ID=3E30238E-4B53-4F7F-BDEE-9399C3407100","title":"Ordinance amending the Pittsburgh Code, Title Nine, Zoning Article III, Section 902.03 - Zoning Map by changing from UI / Urban Industrial to SP-3 / Specially Planed District #3: Public Safety Complex certain property lo"}},{"type":"Feature","geometry":{"type":"Point","coordinates":[-79.904483,40.446805]},"properties":{"file_number":"2005-1849","action_category":"conditional_use","action_subtype":"cu_use_approval","residential_relevance":"non_residential","status":"adopted","final_action":"Passed Finally","final_action_date":"2005-11-14","days_intro_to_final":7,"passed_pursuant_to_case_law":false,"from_districts":null,"to_districts":null,"cu_district_zoned":"R1D-L","housing_typology":null,"units_stated":null,"votes_aye":9,"votes_nay":0,"legistar_web_url":"https://pittsburgh.legistar.com/gateway.aspx?M=F&ID=BBCDEE37-F41D-4894-9A9B-6361EDBD747C","title":"Resolution renewing an approved Conditional Use application, Resolution No. 542/2004, entitled, approving a Conditional Use under Section 911.04.A.64 of the Pittsburgh Code, Title Nine, Zoning, Article V Chapter 911 as a"}},{"type":"Feature","geometry":{"type":"Point","coordinates":[-79.963043,40.464005]},"properties":{"file_number":"2005-1870","action_category":"map_amendment","action_subtype":"area_wide_remap","residential_relevance":"area_wide_remap_mixed","status":"adopted","final_action":"Passed Finally","final_action_date":"2005-12-19","days_intro_to_final":35,"passed_pursuant_to_case_law":false,"from_districts":"UI|P|RM-M|R1A-M|LNC|GI|R2-L","to_districts":"R1A-H|H|P|UI|LNC|RM-M|R1A-VH|EMI|R1D-H","cu_district_zoned":null,"housing_typology":null,"units_stated":null,"votes_aye":9,"votes_nay":0,"legistar_web_url":"https://pittsburgh.legistar.com/gateway.aspx?M=F&ID=D4791465-F033-4FE9-A88C-819BC47E2B11","title":"Ordinance amending the Pittsburgh Zoning Code, Title Nine, Article One, Section 902.03, Zoning District Maps No.10 and 11 of the Pittsburgh Code are hereby amended so as to change the following zoning district classifica"}},{"type":"Feature","geometry":{"type":"Point","coordinates":[-79.914634,40.433281]},"properties":{"file_number":"2005-1874","action_category":"conditional_use","action_subtype":"cu_use_approval","residential_relevance":"non_residential","status":"expired_end_of_session","final_action":"Held in Committee","final_action_date":"2005-12-14","days_intro_to_final":30,"passed_pursuant_to_case_law":false,"from_districts":null,"to_districts":null,"cu_district_zoned":"R2-L","housing_typology":null,"units_stated":null,"votes_aye":null,"votes_nay":null,"legistar_web_url":"https://pittsburgh.legistar.com/gateway.aspx?M=F&ID=24BA6371-D9A5-4BB6-AF2D-3F45BDDAD875","title":"Resolution approving a Conditional Use exception under the Pittsburgh Code, Title Nine, Zoning, Article V, Chapter 911, Section 911.04.A.64 to the Board of Public Education for authorization to expand Colfax Elementary S"}},{"type":"Feature","geometry":{"type":"Point","coordinates":[-79.926138,40.4284]},"properties":{"file_number":"2005-1922","action_category":"map_amendment","action_subtype":"site_rezoning","residential_relevance":"no_change_in_residential_ceiling","status":"expired_end_of_session","final_action":"Referred for Report and Recommendation","final_action_date":"2005-12-05","days_intro_to_final":14,"passed_pursuant_to_case_law":false,"from_districts":"RM-M","to_districts":"LNC","cu_district_zoned":null,"housing_typology":null,"units_stated":null,"votes_aye":null,"votes_nay":null,"legistar_web_url":"https://pittsburgh.legistar.com/gateway.aspx?M=F&ID=E563DE8F-15FC-493E-8FFA-B07B7DC402D6","title":"Ordinance amending certain portions of the Pittsburgh Code of Ordinances, Title Nine, Zoning, Chapter 902.03 (Zoning Map) to change the Zoning Classification from RM-M / Residential Multi-Unit, Moderate Density to LNC / "}},{"type":"Feature","geometry":{"type":"Point","coordinates":[-79.926138,40.4284]},"properties":{"file_number":"2006-0033","action_category":"map_amendment","action_subtype":"site_rezoning","residential_relevance":"no_change_in_residential_ceiling","status":"adopted","final_action":"Passed Finally","final_action_date":"2006-07-11","days_intro_to_final":175,"passed_pursuant_to_case_law":false,"from_districts":"RM-M","to_districts":"LNC","cu_district_zoned":null,"housing_typology":null,"units_stated":null,"votes_aye":8,"votes_nay":0,"legistar_web_url":"https://pittsburgh.legistar.com/gateway.aspx?M=F&ID=90B90E1C-01D9-41BB-A688-720893FA41C3","title":"Ordinance Amending certain portions of the Pittsburgh Code of Ordinances, Title Nine, Zoning, Chapter 902.03 (Zoning Map) to change the Zoning Classification from RM-M / Residential Multi-Unit, Moderate Density to LNC / "}},{"type":"Feature","geometry":{"type":"Point","coordinates":[-79.957784,40.428856]},"properties":{"file_number":"2006-0042","action_category":"map_amendment","action_subtype":"text_amendment_other","residential_relevance":"not_a_map_change","status":"adopted","final_action":"Passed Finally","final_action_date":"2006-03-20","days_intro_to_final":55,"passed_pursuant_to_case_law":false,"from_districts":"GI","to_districts":"SP-1","cu_district_zoned":null,"housing_typology":null,"units_stated":null,"votes_aye":7,"votes_nay":0,"legistar_web_url":"https://pittsburgh.legistar.com/gateway.aspx?M=F&ID=2AD75EE1-A776-4363-AD26-E736F587629B","title":"Ordinance amending the Pittsburgh Code, Title Nine, Zoning Map by changing zoning district boundaries by extending the SP-1 district beyond the Hot Metal Bridge, and amending the Pittsburgh Code, Title Nine, Zoning amend"}},{"type":"Feature","geometry":{"type":"Point","coordinates":[-79.998159,40.437106]},"properties":{"file_number":"2006-0058","action_category":"conditional_use","action_subtype":"cu_use_approval","residential_relevance":"non_residential","status":"adopted","final_action":"Passed Finally","final_action_date":"2006-03-28","days_intro_to_final":56,"passed_pursuant_to_case_law":false,"from_districts":null,"to_districts":null,"cu_district_zoned":"GT-B","housing_typology":null,"units_stated":null,"votes_aye":7,"votes_nay":0,"legistar_web_url":"https://pittsburgh.legistar.com/gateway.aspx?M=F&ID=ACC890EB-018E-43FD-B1FC-28D17B00C207","title":"Resolution approving a Conditional Use under the Pittsburgh Code, Title Nine, Zoning, Articles IV Chapter 910 Section 910.01.D.2 (b) to Romel L. Nicholas Lessee on behalf of Lamar Advertising Company, Owner, for authoriz"}},{"type":"Feature","geometry":{"type":"Point","coordinates":[-80.008642,40.458715]},"properties":{"file_number":"2006-0059","action_category":"map_amendment","action_subtype":"site_rezoning","residential_relevance":"unclear_special_district","status":"adopted","final_action":"Passed Finally","final_action_date":"2006-03-28","days_intro_to_final":56,"passed_pursuant_to_case_law":false,"from_districts":"R1A-VH|RM-M|LNC","to_districts":"RP","cu_district_zoned":null,"housing_typology":null,"units_stated":null,"votes_aye":7,"votes_nay":0,"legistar_web_url":"https://pittsburgh.legistar.com/gateway.aspx?M=F&ID=7CFDE4F4-5CF3-4861-9E6C-2D2305E7F48D","title":"Ordinance amending the Pittsburgh Code, Title Nine, Zoning Article III, Section 902.03 - Zoning Map by changing from R1A-VH / Residential Single Unit Attached, Very High Density, RM-M / Residential Multiple-Unit, Moderat"}},{"type":"Feature","geometry":{"type":"Point","coordinates":[-79.967875,40.399314]},"properties":{"file_number":"2006-0173","action_category":"conditional_use","action_subtype":"cu_use_approval","residential_relevance":"non_residential","status":"adopted","final_action":"Passed Finally","final_action_date":"2006-05-09","days_intro_to_final":63,"passed_pursuant_to_case_law":false,"from_districts":null,"to_districts":null,"cu_district_zoned":"UI","housing_typology":null,"units_stated":null,"votes_aye":8,"votes_nay":1,"legistar_web_url":"https://pittsburgh.legistar.com/gateway.aspx?M=F&ID=93896ACC-CF56-4BB8-8D44-6BF3AC749665","title":"Resolution (denying) approving a Conditional Use exception under the Pittsburgh Code, Title Nine, Zoning, Article V, Chapter 911, Section 911.04.A.22 to Michael Facchiano Contracting on behalf of Community Specialists Co"}},{"type":"Feature","geometry":{"type":"Point","coordinates":[-79.914634,40.433281]},"properties":{"file_number":"2006-0293","action_category":"conditional_use","action_subtype":"cu_use_approval","residential_relevance":"non_residential","status":"adopted","final_action":"Passed Finally","final_action_date":"2006-05-09","days_intro_to_final":28,"passed_pursuant_to_case_law":false,"from_districts":null,"to_districts":null,"cu_district_zoned":"R2-L","housing_typology":null,"units_stated":null,"votes_aye":9,"votes_nay":0,"legistar_web_url":"https://pittsburgh.legistar.com/gateway.aspx?M=F&ID=F5CD9B37-90E3-4346-A8BA-6780F3FFA69A","title":"Resolution approving a Conditional Use under the Pittsburgh Code, Title Nine, Zoning, Articles IV Chapter 911 Section 911.04.A.64 to Pittsburgh Public Schools Facilities Division for authorization to install a third modu"}},{"type":"Feature","geometry":{"type":"Point","coordinates":[-79.914634,40.433281]},"properties":{"file_number":"2006-0294","action_category":"conditional_use","action_subtype":"cu_use_approval","residential_relevance":"non_residential","status":"adopted","final_action":"Passed Finally","final_action_date":"2006-05-09","days_intro_to_final":28,"passed_pursuant_to_case_law":false,"from_districts":null,"to_districts":null,"cu_district_zoned":"R2-L","housing_typology":null,"units_stated":null,"votes_aye":9,"votes_nay":0,"legistar_web_url":"https://pittsburgh.legistar.com/gateway.aspx?M=F&ID=9A6A1A33-50BD-4979-A332-E0B65A2AF32A","title":"Resolution approving a Conditional Use under the Pittsburgh Code, Title Nine, Zoning, Articles IV Chapter 911 Section 911.04.A.64 to Pittsburgh Public Schools Facilities Division for authorization to construct a two-stor"}},{"type":"Feature","geometry":{"type":"Point","coordinates":[-80.015433,40.451062]},"properties":{"file_number":"2006-0390","action_category":"map_amendment","action_subtype":"area_wide_remap","residential_relevance":"area_wide_remap_mixed","status":"adopted","final_action":"Passed Finally","final_action_date":"2006-08-07","days_intro_to_final":90,"passed_pursuant_to_case_law":false,"from_districts":"RM-M|UI|LNC|RM-H|NDI","to_districts":"R1A-H|NDI|RM-M|LNC|NDO|EMI|P","cu_district_zoned":null,"housing_typology":null,"units_stated":null,"votes_aye":9,"votes_nay":0,"legistar_web_url":"https://pittsburgh.legistar.com/gateway.aspx?M=F&ID=99963825-3BD3-4362-AB06-754FD6FF786E","title":"Ordinance amending the Pittsburgh Zoning Code, Title Nine, Article One, Chapter 902 Section 902.03, Zoning District Map Nos. 6 & 7 by changing various zoning district classifications in the ALLEGHENY WEST neighborhood in"}},{"type":"Feature","geometry":{"type":"Point","coordinates":[-80.038361,40.445704]},"properties":{"file_number":"2006-0391","action_category":"map_amendment","action_subtype":"area_wide_remap","residential_relevance":"area_wide_remap_mixed","status":"adopted","final_action":"Passed Finally","final_action_date":"2006-07-05","days_intro_to_final":57,"passed_pursuant_to_case_law":false,"from_districts":"P|UI|R2-L|LNC|RM-M","to_districts":"UI|H|P|R1D-L|R1D-H|R1D-M|R1A-M|R2-H|R1A-H","cu_district_zoned":null,"housing_typology":null,"units_stated":null,"votes_aye":8,"votes_nay":0,"legistar_web_url":"https://pittsburgh.legistar.com/gateway.aspx?M=F&ID=6F2A53BD-EA99-491B-87F3-155477C44DD5","title":"Ordinance amending the Pittsburgh Zoning Code, Title Nine, Article One, Chapter 902 Section 902.03, Zoning District Map Nos. 3 & 7 by changing various zoning district classifications in the ELLIOTT neighborhood in accord"}},{"type":"Feature","geometry":{"type":"Point","coordinates":[-79.894578,40.446499]},"properties":{"file_number":"2006-0435","action_category":"map_amendment","action_subtype":"site_rezoning","residential_relevance":"enables_more_housing_byright","status":"adopted","final_action":"Passed Finally","final_action_date":"2006-12-27","days_intro_to_final":218,"passed_pursuant_to_case_law":false,"from_districts":"R2-L","to_districts":"LNC","cu_district_zoned":null,"housing_typology":null,"units_stated":null,"votes_aye":8,"votes_nay":0,"legistar_web_url":"https://pittsburgh.legistar.com/gateway.aspx?M=F&ID=CDEDBC03-E9B3-4320-897E-FAAB08EE6954","title":"Ordinance amending the Pittsburgh Code, Title Nine, Zoning, Article I, Section 902.03 Zoning Map, by changing from R2-L, Residential Two-Unit Low Density District to LNC, Local Neighborhood Commercial District, property "}},{"type":"Feature","geometry":{"type":"Point","coordinates":[-79.979825,40.408773]},"properties":{"file_number":"2006-0563","action_category":"conditional_use","action_subtype":"cu_use_approval","residential_relevance":"non_residential","status":"adopted","final_action":"Passed Finally","final_action_date":"2006-08-07","days_intro_to_final":33,"passed_pursuant_to_case_law":false,"from_districts":null,"to_districts":null,"cu_district_zoned":"R1D-M","housing_typology":null,"units_stated":null,"votes_aye":9,"votes_nay":0,"legistar_web_url":"https://pittsburgh.legistar.com/gateway.aspx?M=F&ID=9C5442B9-9CD2-498F-BF95-F453BD3447AE","title":"Resolution approving a Conditional Use under the Pittsburgh Code, Title Nine, Zoning, Article V, Chapter 911, Section 911.04.A.64 to Pittsburgh Public Schools Facilities Division for authorization to install two temporar"}},{"type":"Feature","geometry":{"type":"Point","coordinates":[-79.942028,40.430101]},"properties":{"file_number":"2006-0645","action_category":"map_amendment","action_subtype":"area_wide_remap","residential_relevance":"area_wide_remap_mixed","status":"adopted","final_action":"Passed Finally","final_action_date":"2006-10-03","days_intro_to_final":70,"passed_pursuant_to_case_law":false,"from_districts":"R2-L|P|RM-M|LNC|R1D-L","to_districts":"R1D-H|H|NDI|P|RM-M|LNC|R1A-M|R2-M|R1D-M|R1A-H","cu_district_zoned":null,"housing_typology":null,"units_stated":null,"votes_aye":8,"votes_nay":0,"legistar_web_url":"https://pittsburgh.legistar.com/gateway.aspx?M=F&ID=1743F621-CBD1-4D2E-B3EA-21341CD21A58","title":"Ordinance amending the Pittsburgh Zoning Code, Title Nine, Article One, Chapter 902 Section 902.03, Zoning District Map Nos. 12 and 13 by changing various zoning district classifications in the GREENFIELD neighborhood in"}},{"type":"Feature","geometry":{"type":"Point","coordinates":[-80.015408,40.472525]},"properties":{"file_number":"2006-0646","action_category":"map_amendment","action_subtype":"area_wide_remap","residential_relevance":"area_wide_remap_mixed","status":"adopted","final_action":"Passed Finally","final_action_date":"2006-10-03","days_intro_to_final":70,"passed_pursuant_to_case_law":false,"from_districts":"R2-L|P|RM-M|RP","to_districts":"H|R1D-H|RM-M|LNC|EMI|R1A-VH|P|R1A-H","cu_district_zoned":null,"housing_typology":null,"units_stated":null,"votes_aye":8,"votes_nay":0,"legistar_web_url":"https://pittsburgh.legistar.com/gateway.aspx?M=F&ID=C8C3611A-D0DD-4FB9-8CF3-F63D656D167F","title":"Ordinance amending the Pittsburgh Zoning Code, Title Nine, Article One, Chapter 902 Section 902.03, Zoning District Map No. 6 by changing various zoning district classifications in the PERRY SOUTH neighborhood in accord "}},{"type":"Feature","geometry":{"type":"Point","coordinates":[-80.04622,40.485244]},"properties":{"file_number":"2006-0647","action_category":"map_amendment","action_subtype":"area_wide_remap","residential_relevance":"area_wide_remap_mixed","status":"adopted","final_action":"Passed Finally","final_action_date":"2006-10-03","days_intro_to_final":70,"passed_pursuant_to_case_law":false,"from_districts":"P|UI|R2-L|RP|R1D-L|LNC|RM-M","to_districts":"GI|H|R1D-M|P|NDO|R2-M|LNC|R1A-H|RM-M","cu_district_zoned":null,"housing_typology":null,"units_stated":null,"votes_aye":8,"votes_nay":0,"legistar_web_url":"https://pittsburgh.legistar.com/gateway.aspx?M=F&ID=E6DD4370-B9FF-4268-980C-B915B2CA70E6","title":"Ordinance amending the Pittsburgh Zoning Code, Title Nine, Article One, Chapter 902 Section 902.03, Zoning District Map Nos. 1, 2, 5 & 6 by changing various zoning district classifications in the BRIGHTON HEIGHTS neighbo"}},{"type":"Feature","geometry":{"type":"Point","coordinates":[-79.981528,40.437091]},"properties":{"file_number":"2006-0669","action_category":"map_amendment","action_subtype":"area_wide_remap","residential_relevance":"area_wide_remap_mixed","status":"adopted","final_action":"Passed Finally","final_action_date":"2006-10-03","days_intro_to_final":63,"passed_pursuant_to_case_law":false,"from_districts":"R2-L|UI|LNC","to_districts":"UNC|LNC|R1A-H|NDI","cu_district_zoned":null,"housing_typology":null,"units_stated":null,"votes_aye":8,"votes_nay":0,"legistar_web_url":"https://pittsburgh.legistar.com/gateway.aspx?M=F&ID=BE2655C6-1901-4D5B-AEDF-85E9F9ABE3C4","title":"Ordinance amending the Pittsburgh Zoning Code, Title Nine, Article One, Chapter 902 Section 902.03, Zoning District Map Nos. 7 & 12 by changing various zoning district classifications in the UPTOWN (BLUFFf) neighborhood "}},{"type":"Feature","geometry":{"type":"Point","coordinates":[-79.950384,40.464981]},"properties":{"file_number":"2006-0719","action_category":"map_amendment","action_subtype":"area_wide_remap","residential_relevance":"area_wide_remap_mixed","status":"adopted","final_action":"Passed Finally","final_action_date":"2006-10-24","days_intro_to_final":49,"passed_pursuant_to_case_law":false,"from_districts":"R2-M|RM-M|LNC|UI|R1A-M|R2-L|P","to_districts":"LNC|R1A-VH|R1A-H|NDI|R2-M|R3-M|P|R1D-M|RM-M|EMI|R2-VH|R2-H|H","cu_district_zoned":null,"housing_typology":null,"units_stated":null,"votes_aye":7,"votes_nay":0,"legistar_web_url":"https://pittsburgh.legistar.com/gateway.aspx?M=F&ID=6C754C49-78DC-4233-A88D-49F74012C98B","title":"Ordinance amending the Pittsburgh Zoning Code, Title Nine, Article One, Chapter 902 Section 902.03, Zoning District Maps Nos. 11 and 12 by changing various zoning district classifications in the BLOOMFIELD neighborhood i"}},{"type":"Feature","geometry":{"type":"Point","coordinates":[-80.024171,40.454289]},"properties":{"file_number":"2006-0720","action_category":"map_amendment","action_subtype":"area_wide_remap","residential_relevance":"area_wide_remap_mixed","status":"adopted","final_action":"Passed Finally","final_action_date":"2006-10-24","days_intro_to_final":49,"passed_pursuant_to_case_law":false,"from_districts":"RM-M|UI|LNC","to_districts":"UI|R1A-VH|P|R2-H|R1A-H|R1D-M|RM-M","cu_district_zoned":null,"housing_typology":null,"units_stated":null,"votes_aye":7,"votes_nay":0,"legistar_web_url":"https://pittsburgh.legistar.com/gateway.aspx?M=F&ID=557611A9-89C8-4B3C-B1E3-FE6665EC62E8","title":"Ordinance amending the Pittsburgh Zoning Code, Title Nine, Article One, Chapter 902 Section 902.03, Zoning District Maps Nos. 6 and 7 by changing various zoning district classifications in the MANCHESTER neighborhood in "}},{"type":"Feature","geometry":{"type":"Point","coordinates":[-80.044723,40.451662]},"properties":{"file_number":"2006-0721","action_category":"map_amendment","action_subtype":"area_wide_remap","residential_relevance":"area_wide_remap_mixed","status":"adopted","final_action":"Passed Finally","final_action_date":"2006-10-24","days_intro_to_final":49,"passed_pursuant_to_case_law":false,"from_districts":"P|R2-L|RM-M|LNC|RP|UI","to_districts":"H|P|RM-M|R1D-H|UI|R2-M|LNC|R1D-M","cu_district_zoned":null,"housing_typology":null,"units_stated":null,"votes_aye":7,"votes_nay":0,"legistar_web_url":"https://pittsburgh.legistar.com/gateway.aspx?M=F&ID=FC2B7917-7AF1-46CB-95C6-0E9AD0C3B2C0","title":"Ordinance amending the Pittsburgh Zoning Code, Title Nine, Article One, Chapter 902 Section 902.03, Zoning District Maps Nos. 2, 3, and 7 by changing various zoning district classifications in the SHERADEN neighborhood i"}},{"type":"Feature","geometry":{"type":"Point","coordinates":[-80.006857,40.450761]},"properties":{"file_number":"2006-0874","action_category":"map_amendment","action_subtype":"area_wide_remap","residential_relevance":"area_wide_remap_mixed","status":"adopted","final_action":"Passed Finally","final_action_date":"2006-12-18","days_intro_to_final":55,"passed_pursuant_to_case_law":false,"from_districts":"RM-H|RP|UNC|CP","to_districts":"P|UNC","cu_district_zoned":null,"housing_typology":null,"units_stated":null,"votes_aye":9,"votes_nay":0,"legistar_web_url":"https://pittsburgh.legistar.com/gateway.aspx?M=F&ID=1344BF80-9086-4D26-B237-C5F2669D3928","title":"Ordinance amending the Pittsburgh Zoning Code, Title Nine, Article One, Chapter 902 Section 902.03, Zoning District Maps Nos. 6 and 7 by changing various zoning district classifications in the ALLEGHENY CENTER neighborho"}},{"type":"Feature","geometry":{"type":"Point","coordinates":[-79.91006,40.468269]},"properties":{"file_number":"2006-0875","action_category":"map_amendment","action_subtype":"area_wide_remap","residential_relevance":"area_wide_remap_mixed","status":"adopted","final_action":"Passed Finally","final_action_date":"2007-01-23","days_intro_to_final":91,"passed_pursuant_to_case_law":false,"from_districts":"RP|P|RM-M|LNC|UI","to_districts":"RM-H|H|R1D-H|R2-H|P|LNC|R1A-H|UI|R1D-M|EMI","cu_district_zoned":null,"housing_typology":null,"units_stated":null,"votes_aye":9,"votes_nay":0,"legistar_web_url":"https://pittsburgh.legistar.com/gateway.aspx?M=F&ID=F6EDA8D4-FEB3-4101-A01A-DF5EFF76D867","title":"Ordinance amending the Pittsburgh Zoning Code, Title Nine, Article One, Chapter 902 Section 902.03, Zoning District Map No. 16 by changing various zoning district classifications in the Larimer neighborhood in accord wit"}},{"type":"Feature","geometry":{"type":"Point","coordinates":[-79.992451,40.390687]},"properties":{"file_number":"2007-1102","action_category":"map_amendment","action_subtype":"area_wide_remap","residential_relevance":"area_wide_remap_mixed","status":"adopted","final_action":"Passed Finally","final_action_date":"2007-03-13","days_intro_to_final":56,"passed_pursuant_to_case_law":false,"from_districts":"R1D-L|P|LNC|NDI|R2-L|UI|RP","to_districts":"R1D-H|HC|LNC|NDI|R1D-L|P|R1D-M|H","cu_district_zoned":null,"housing_typology":null,"units_stated":null,"votes_aye":8,"votes_nay":0,"legistar_web_url":"https://pittsburgh.legistar.com/gateway.aspx?M=F&ID=D50FAC3A-91E7-4370-934A-46C26A29ED80","title":"Ordinance amending the Pittsburgh Zoning Code, Title Nine, Article One, Chapter 902 Section 902.03, Zoning District Map No. 9 by changing various zoning district classifications in the OVERBOOK neighborhood in accord wit"}},{"type":"Feature","geometry":{"type":"Point","coordinates":[-80.004575,40.477766]},"properties":{"file_number":"2007-1186","action_category":"map_amendment","action_subtype":"area_wide_remap","residential_relevance":"area_wide_remap_mixed","status":"expired_end_of_session","final_action":"Died due to expiration of legislative term","final_action_date":"2007-12-31","days_intro_to_final":321,"passed_pursuant_to_case_law":false,"from_districts":"R2-L|NDI|R1D-L|P|LNC","to_districts":"H|NDI|RM-H","cu_district_zoned":null,"housing_typology":null,"units_stated":null,"votes_aye":null,"votes_nay":null,"legistar_web_url":"https://pittsburgh.legistar.com/gateway.aspx?M=F&ID=9298737F-EBAC-49F9-A8A5-F41EC8404DB5","title":"Ordinance amending the Pittsburgh Zoning Code, Title Nine, Article One, Chapter 902 Section 902.03, Zoning District Map Nos. 5 & 6 by changing various zoning district classifications in the NORTHVIEW HEIGHTS neighborhood"}},{"type":"Feature","geometry":{"type":"Point","coordinates":[-79.929411,40.407264]},"properties":{"file_number":"2007-1195","action_category":"map_amendment","action_subtype":"area_wide_remap","residential_relevance":"area_wide_remap_mixed","status":"expired_end_of_session","final_action":"Died due to expiration of legislative term","final_action_date":"2007-12-31","days_intro_to_final":314,"passed_pursuant_to_case_law":false,"from_districts":"P|RM-M|AP","to_districts":"H|RM-H|R1D-L|EMI|R1A-H|UI","cu_district_zoned":null,"housing_typology":null,"units_stated":null,"votes_aye":null,"votes_nay":null,"legistar_web_url":"https://pittsburgh.legistar.com/gateway.aspx?M=F&ID=4721E755-94A3-4E11-A9C9-9EC4C778D63D","title":"Ordinance Amending the Pittsburgh Zoning Code, Title Nine, Article One, Chapter 902 Section 902.03, Zoning District Map Nos. 13 & 18 by changing various zoning district classifications in the GLEN HAZEL neighborhood in a"}},{"type":"Feature","geometry":{"type":"Point","coordinates":[-79.927367,40.482341]},"properties":{"file_number":"2007-1196","action_category":"map_amendment","action_subtype":"area_wide_remap","residential_relevance":"area_wide_remap_mixed","status":"adopted","final_action":"Passed Finally","final_action_date":"2007-04-24","days_intro_to_final":64,"passed_pursuant_to_case_law":false,"from_districts":"R3-L|R2-L|P|RM-M","to_districts":"R3-M|R2-M|R1D-H|P|LNC|GI|H|R2-H|R1A-H","cu_district_zoned":null,"housing_typology":null,"units_stated":null,"votes_aye":9,"votes_nay":0,"legistar_web_url":"https://pittsburgh.legistar.com/gateway.aspx?M=F&ID=5A95FD55-DFC7-4E34-8C34-ABDC599E675F","title":"Ordinance Amending the Pittsburgh Zoning Code, Title Nine, Article One, Chapter 902 Section 902.03, Zoning District Map Nos. 10, 11, 15 and 16 by changing various zoning district classifications in the MORNINGSIDE neighb"}},{"type":"Feature","geometry":{"type":"Point","coordinates":[-79.931682,40.461715]},"properties":{"file_number":"2007-1452","action_category":"conditional_use","action_subtype":"cu_use_approval","residential_relevance":"non_residential","status":"adopted","final_action":"Passed Finally","final_action_date":"2007-07-02","days_intro_to_final":49,"passed_pursuant_to_case_law":false,"from_districts":null,"to_districts":null,"cu_district_zoned":"R3-M","housing_typology":null,"units_stated":null,"votes_aye":9,"votes_nay":0,"legistar_web_url":"https://pittsburgh.legistar.com/gateway.aspx?M=F&ID=0B854DBF-5010-428D-AF1F-8B452B4C894C","title":"Resolution approving a Conditional Use under the Pittsburgh Code, Title Nine, Zoning, Article V, Chapter 911, Section 911.04.A.64 to Craig Academy for authorization to demolish the existing structure and construct a thre"}},{"type":"Feature","geometry":{"type":"Point","coordinates":[-80.075946,40.415643]},"properties":{"file_number":"2007-1478","action_category":"map_amendment","action_subtype":"site_rezoning","residential_relevance":"enables_more_housing_byright","status":"adopted","final_action":"Passed Finally","final_action_date":"2007-06-26","days_intro_to_final":35,"passed_pursuant_to_case_law":false,"from_districts":"R2-L","to_districts":"NDI","cu_district_zoned":null,"housing_typology":null,"units_stated":null,"votes_aye":8,"votes_nay":0,"legistar_web_url":"https://pittsburgh.legistar.com/gateway.aspx?M=F&ID=AD639C87-DB6A-42A1-98E2-C9C5A3A0E2F6","title":"Ordinance amending the Pittsburgh Code, Title Nine, Zoning, Article I, Section 902.03 Zoning Map, by changing from R2-L, Residential Two-Unit Low Density District to NDI, Neighborhood Industrial District, certain propert"}},{"type":"Feature","geometry":{"type":"Point","coordinates":[-79.961462,40.459522]},"properties":{"file_number":"2007-1603","action_category":"map_amendment","action_subtype":"area_wide_remap","residential_relevance":"area_wide_remap_mixed","status":"adopted","final_action":"Passed Finally","final_action_date":"2007-10-02","days_intro_to_final":84,"passed_pursuant_to_case_law":false,"from_districts":"P|RM-M|R2-L|UI|RP","to_districts":"UI|H|P|R2-H|UNC|LNC","cu_district_zoned":null,"housing_typology":null,"units_stated":null,"votes_aye":9,"votes_nay":0,"legistar_web_url":"https://pittsburgh.legistar.com/gateway.aspx?M=F&ID=8128F79B-3D41-47B7-ABE4-7EC6F56674E9","title":"Ordinance amending the Pittsburgh Zoning Code, Title Nine, Article One, Chapter 902 Section 902.03, Zoning, District Map No. 11 by changing various zoning district classifications in the POLISH HILL neighborhood in accor"}},{"type":"Feature","geometry":{"type":"Point","coordinates":[-79.981509,40.446946]},"properties":{"file_number":"2007-1604","action_category":"conditional_use","action_subtype":"cu_use_approval","residential_relevance":"non_residential","status":"adopted","final_action":"Passed Finally","final_action_date":"2007-08-13","days_intro_to_final":34,"passed_pursuant_to_case_law":false,"from_districts":null,"to_districts":null,"cu_district_zoned":"RM-M","housing_typology":null,"units_stated":null,"votes_aye":null,"votes_nay":null,"legistar_web_url":"https://pittsburgh.legistar.com/gateway.aspx?M=F&ID=1917D309-DA56-4CF8-9B10-34DBF4CD7771","title":"Resolution approving a Conditional Use under the Pittsburgh Code, Title Nine, Zoning, Article V, Chapter 911, Section 911.04.A.64 to Pittsburgh Public Schools Facilities Division for authorization to construct a one-stor"}},{"type":"Feature","geometry":{"type":"Point","coordinates":[-79.962756,40.448936]},"properties":{"file_number":"2007-1605","action_category":"conditional_use","action_subtype":"cu_use_approval","residential_relevance":"non_residential","status":"adopted","final_action":"Passed Finally","final_action_date":"2007-08-13","days_intro_to_final":34,"passed_pursuant_to_case_law":false,"from_districts":null,"to_districts":null,"cu_district_zoned":"R2-L","housing_typology":null,"units_stated":null,"votes_aye":null,"votes_nay":null,"legistar_web_url":"https://pittsburgh.legistar.com/gateway.aspx?M=F&ID=FB3E5B8D-365C-49D0-818A-DD05148526CE","title":"Resolution approving a Conditional Use under the Pittsburgh Code, Title Nine, Zoning, Article V, Chapter 911, Section 911.04.A.64 to Pittsburgh Public Schools Facilities Division for authorization to construct a three-st"}},{"type":"Feature","geometry":{"type":"Point","coordinates":[-80.042785,40.455575]},"properties":{"file_number":"2007-1720","action_category":"map_amendment","action_subtype":"area_wide_remap","residential_relevance":"area_wide_remap_mixed","status":"adopted","final_action":"Passed Finally","final_action_date":"2007-10-30","days_intro_to_final":53,"passed_pursuant_to_case_law":false,"from_districts":"GI|RM-M|P|UI","to_districts":"P|UI|R1D-H","cu_district_zoned":null,"housing_typology":null,"units_stated":null,"votes_aye":9,"votes_nay":0,"legistar_web_url":"https://pittsburgh.legistar.com/gateway.aspx?M=F&ID=6D968FE5-C4E6-4A79-B421-E51D700E8A24","title":"Ordinance amending the Pittsburgh Zoning Code, Title Nine, Article One, Chapter 902 Section 902.03, Zoning District Map Nos. 2 and 6 by changing various zoning district classifications in the ESPLEN neighborhood in accor"}},{"type":"Feature","geometry":{"type":"Point","coordinates":[-79.939449,40.449694]},"properties":{"file_number":"2008-0101","action_category":"map_amendment","action_subtype":"area_wide_remap","residential_relevance":"area_wide_remap_mixed","status":"adopted","final_action":"Passed Finally, As Amended","final_action_date":"2008-04-01","days_intro_to_final":56,"passed_pursuant_to_case_law":false,"from_districts":"R1D-VL|RM-M|R2-L|R1D-L|UI","to_districts":"RM-M|R1D-VL|R1D-L|RM-H|R2-M|LNC|R1A-H|R1A-VH","cu_district_zoned":null,"housing_typology":null,"units_stated":null,"votes_aye":9,"votes_nay":0,"legistar_web_url":"https://pittsburgh.legistar.com/gateway.aspx?M=F&ID=8B3C500D-DE03-471F-8E60-C118608ACA7C","title":"Ordinance amending the Pittsburgh Zoning Code, Title Nine, Article One, Chapter 902 Section 902.03, Zoning District Map Nos. 11, 12, 16 and 17 by changing various zoning district classifications in the SHADYSIDE neighbor"}},{"type":"Feature","geometry":{"type":"Point","coordinates":[-79.984808,40.388168]},"properties":{"file_number":"2008-0578","action_category":"conditional_use","action_subtype":"cu_use_approval","residential_relevance":"non_residential","status":"adopted","final_action":"Passed Finally","final_action_date":"2008-08-12","days_intro_to_final":35,"passed_pursuant_to_case_law":false,"from_districts":null,"to_districts":null,"cu_district_zoned":"R1D-L","housing_typology":null,"units_stated":null,"votes_aye":8,"votes_nay":0,"legistar_web_url":"https://pittsburgh.legistar.com/gateway.aspx?M=F&ID=4215B5FC-8F8C-4753-A38F-548D3A8A780C","title":"Resolution approving a Conditional Use under the Pittsburgh Code, Title Nine, Zoning, Article V, Chapter 911, Section 911.04.A.64 to the Board of Public Education, School District of Pittsburgh for authorization to const"}},{"type":"Feature","geometry":{"type":"Point","coordinates":[-79.87055,40.439774]},"properties":{"file_number":"2008-0859","action_category":"conditional_use","action_subtype":"cu_use_approval","residential_relevance":"group_quarters_use","status":"adopted","final_action":"Returned Unsigned","final_action_date":"2009-02-18","days_intro_to_final":77,"passed_pursuant_to_case_law":false,"from_districts":null,"to_districts":null,"cu_district_zoned":"R2-H","housing_typology":"custodial_care_group_residential","units_stated":null,"votes_aye":8,"votes_nay":0,"legistar_web_url":"https://pittsburgh.legistar.com/gateway.aspx?M=F&ID=1DA4919B-BBC1-41EB-B91D-2811CC7FD4FF","title":"Resolution approving a Conditional Use exception under the Pittsburgh Code, Title Nine, Zoning, Article V, Chapter 911, Section 911.04.A.94 to the North Shore Community Alliance, owner, for authorization to occupy an exi"}},{"type":"Feature","geometry":{"type":"Point","coordinates":[-80.035231,40.426359]},"properties":{"file_number":"2008-0899","action_category":"map_amendment","action_subtype":"site_rezoning","residential_relevance":"unclear_special_district","status":"withdrawn","final_action":"Withdrawn","final_action_date":"2009-05-21","days_intro_to_final":192,"passed_pursuant_to_case_law":false,"from_districts":"R1D-L|P","to_districts":"RP","cu_district_zoned":null,"housing_typology":null,"units_stated":null,"votes_aye":null,"votes_nay":null,"legistar_web_url":"https://pittsburgh.legistar.com/gateway.aspx?M=F&ID=A14954BE-06DC-49CB-9CE3-AF5B4AC90B95","title":"Ordinance amending the Pittsburgh Code, Title Nine, Zoning, Article I, Section 902.03 Zoning Map, by changing from R1D-L, Residential Single - Unit Detached, Low Density District and P, Parks District to RP, Residential "}},{"type":"Feature","geometry":{"type":"Point","coordinates":[-79.975804,40.428421]},"properties":{"file_number":"2008-0900","action_category":"conditional_use","action_subtype":"cu_use_approval","residential_relevance":"non_residential","status":"failed","final_action":"Passed Finally","final_action_date":"2008-12-30","days_intro_to_final":50,"passed_pursuant_to_case_law":false,"from_districts":null,"to_districts":null,"cu_district_zoned":"LNC","housing_typology":null,"units_stated":null,"votes_aye":0,"votes_nay":8,"legistar_web_url":"https://pittsburgh.legistar.com/gateway.aspx?M=F&ID=5F80B8D0-4841-4784-8764-EA0B77D791AA","title":"Resolution approving a Conditional Use exception under the Pittsburgh Code, Title Nine, Zoning, Article V, Chapter 911, Section 911.04.A.99 to Najib and Nasra Aboud, property owner, for authorization to occupy an existin"}},{"type":"Feature","geometry":{"type":"Point","coordinates":[-79.927184,40.486154]},"properties":{"file_number":"2009-1050","action_category":"map_amendment","action_subtype":"site_rezoning","residential_relevance":"enables_more_housing_byright","status":"adopted","final_action":"Passed Finally","final_action_date":"2009-04-21","days_intro_to_final":89,"passed_pursuant_to_case_law":false,"from_districts":"R1A-H","to_districts":"LNC","cu_district_zoned":null,"housing_typology":null,"units_stated":null,"votes_aye":9,"votes_nay":0,"legistar_web_url":"https://pittsburgh.legistar.com/gateway.aspx?M=F&ID=58AC9D44-DDAB-4F6D-B062-ECD30FF91935","title":"Ordinance amending the Pittsburgh Code, Title Nine, Zoning, Article I, Section 902.03 Zoning Map, by changing from R1A-H, Single Unit Residential Attached High Density District to LNC, Local Neighborhood Commercial Distr"}},{"type":"Feature","geometry":{"type":"Point","coordinates":[-80.016438,40.493326]},"properties":{"file_number":"2009-1081","action_category":"map_amendment","action_subtype":"area_wide_remap","residential_relevance":"area_wide_remap_mixed","status":"adopted","final_action":"Passed Finally","final_action_date":"2009-06-09","days_intro_to_final":126,"passed_pursuant_to_case_law":false,"from_districts":"R1D-L|R2-L|P|LNC","to_districts":"P|H|R1D-M|LNC|R1D-L","cu_district_zoned":null,"housing_typology":null,"units_stated":null,"votes_aye":8,"votes_nay":0,"legistar_web_url":"https://pittsburgh.legistar.com/gateway.aspx?M=F&ID=312B3421-7637-41C2-B1B3-FA9158EB6462","title":"Ordinance amending the Pittsburgh Zoning Code, Title Nine, Article One, Chapter 902 Section 902.03, Zoning District Maps Nos. 5 and 6 by changing various zoning district classifications in the PERRY NORTH neighborhood in"}},{"type":"Feature","geometry":{"type":"Point","coordinates":[-80.008205,40.427795]},"properties":{"file_number":"2009-1322","action_category":"map_amendment","action_subtype":"area_wide_remap","residential_relevance":"area_wide_remap_mixed","status":"adopted","final_action":"Passed Finally","final_action_date":"2009-06-23","days_intro_to_final":63,"passed_pursuant_to_case_law":false,"from_districts":"RM-M|R2-L|LNC|P|R1D-L|UI|NDI|RP","to_districts":"R1D-H|R1D-M|RM-M|P|UI|LNC|R2-H","cu_district_zoned":null,"housing_typology":null,"units_stated":null,"votes_aye":9,"votes_nay":0,"legistar_web_url":"https://pittsburgh.legistar.com/gateway.aspx?M=F&ID=303164F7-191E-4498-9E21-B98857E75C76","title":"Ordinance amending the Pittsburgh Zoning Code, Title Nine, Article One, Chapter 902 Section 902.03, Zoning District Map [No. 29] by changing various zoning district classifications in the MOUNT WASHINGTON ((MT. WASHINGTO"}},{"type":"Feature","geometry":{"type":"Point","coordinates":[-80.0241,40.428032]},"properties":{"file_number":"2009-1323","action_category":"map_amendment","action_subtype":"area_wide_remap","residential_relevance":"area_wide_remap_mixed","status":"adopted","final_action":"Passed Finally","final_action_date":"2009-06-23","days_intro_to_final":63,"passed_pursuant_to_case_law":false,"from_districts":"NDI|R2-L|UI|P|RM-M","to_districts":"UI|P|GPR-C|LNC|R1D-M|R1A-H|RM-M","cu_district_zoned":null,"housing_typology":null,"units_stated":null,"votes_aye":9,"votes_nay":0,"legistar_web_url":"https://pittsburgh.legistar.com/gateway.aspx?M=F&ID=14553A4F-FF59-4CBC-8F6A-3958518FE8B1","title":"Ordinance amending the Pittsburgh Zoning Code, Title Nine, Article One, Chapter 902 Section 902.03, Zoning District Map No. 29 by changing various zoning district classifications in the DUQUESNE HEIGHTS neighborhood in a"}},{"type":"Feature","geometry":{"type":"Point","coordinates":[-80.035231,40.426359]},"properties":{"file_number":"2009-05-12","action_category":"map_amendment","action_subtype":"site_rezoning","residential_relevance":"unclear_special_district","status":"filed_not_action","final_action":null,"final_action_date":null,"days_intro_to_final":null,"passed_pursuant_to_case_law":false,"from_districts":"R1D-L|P","to_districts":"RP","cu_district_zoned":null,"housing_typology":null,"units_stated":null,"votes_aye":null,"votes_nay":null,"legistar_web_url":"https://pittsburgh.legistar.com/gateway.aspx?M=F&ID=F3D57E44-9C40-4410-BD4F-00301BA75FFF","title":"Discussion regarding Bill No. 2008-0899; Ordinance amending the Pittsburgh Code, Title Nine, Zoning, Article I, Section 902.03 Zoning Map, by changing from R1D-L, Residential Single - Unit Detached, Low Density District "}},{"type":"Feature","geometry":{"type":"Point","coordinates":[-80.023333,40.442242]},"properties":{"file_number":"2009-1693","action_category":"conditional_use","action_subtype":"cu_use_approval","residential_relevance":"non_residential","status":"expired_end_of_session","final_action":"Died due to expiration of legislative term","final_action_date":"2010-01-01","days_intro_to_final":151,"passed_pursuant_to_case_law":false,"from_districts":null,"to_districts":null,"cu_district_zoned":"UI","housing_typology":null,"units_stated":null,"votes_aye":null,"votes_nay":null,"legistar_web_url":"https://pittsburgh.legistar.com/gateway.aspx?M=F&ID=A3391CD3-5E2B-4E89-AFAD-278A94E7B531","title":"Resolution To consider a Conditional Use exception under the Pittsburgh Code, Title Nine, Zoning, Article V, Chapter 911, Section 911.04.A.1 to Sonnynick, Inc., property owner, for authorization to occupy an existing str"}},{"type":"Feature","geometry":{"type":"Point","coordinates":[-80.007756,40.48731]},"properties":{"file_number":"2009-1954","action_category":"map_amendment","action_subtype":"area_wide_remap","residential_relevance":"area_wide_remap_mixed","status":"adopted","final_action":"Passed Finally","final_action_date":"2010-02-02","days_intro_to_final":77,"passed_pursuant_to_case_law":false,"from_districts":"P|R1D-L|R2-L|RM-M|LNC|UI","to_districts":"H|R1D-VL|R1D-M|LNC|R2-M|R1D-L|NDO","cu_district_zoned":null,"housing_typology":null,"units_stated":null,"votes_aye":9,"votes_nay":0,"legistar_web_url":"https://pittsburgh.legistar.com/gateway.aspx?M=F&ID=9EA4FD5E-AAB9-47FE-936E-7B50532B8F65","title":"Ordinance amending the Pittsburgh Zoning Code, Title Nine, Article One, Chapter 902 Section 902.03, Zoning District Map No. 5 by changing various zoning district classifications in the Summer Hill neighborhood in accord "}},{"type":"Feature","geometry":{"type":"Point","coordinates":[-80.005526,40.431074]},"properties":{"file_number":"2009-2039","action_category":"map_amendment","action_subtype":"site_rezoning","residential_relevance":"unclear_special_district","status":"adopted","final_action":"Passed Finally","final_action_date":"2010-02-02","days_intro_to_final":56,"passed_pursuant_to_case_law":false,"from_districts":"GPR-C|LNC|R2-H","to_districts":"AP|CP","cu_district_zoned":null,"housing_typology":null,"units_stated":null,"votes_aye":9,"votes_nay":0,"legistar_web_url":"https://pittsburgh.legistar.com/gateway.aspx?M=F&ID=07DDA966-AE95-4C9C-8033-45A222310D93","title":"Ordinance amending the Pittsburgh Code, Title Nine, Zoning, Article I, Section 902.03 Zoning Map, by changing from GPR-C, Grandview Public Realm Subdistrict C; LNC, Local Neighborhood Commercial District; and R2-H, Resid"}},{"type":"Feature","geometry":{"type":"Point","coordinates":[-79.954114,40.43992]},"properties":{"file_number":"2010-0210","action_category":"map_amendment","action_subtype":"site_rezoning","residential_relevance":"reduces_housing_byright","status":"adopted","final_action":"Passed Finally","final_action_date":"2010-05-20","days_intro_to_final":72,"passed_pursuant_to_case_law":false,"from_districts":"RM-H","to_districts":"EMI","cu_district_zoned":null,"housing_typology":null,"units_stated":null,"votes_aye":9,"votes_nay":0,"legistar_web_url":"https://pittsburgh.legistar.com/gateway.aspx?M=F&ID=D430800C-0C29-42F9-AE98-712255F2741A","title":"Ordinance amending the Pittsburgh Code, Title Nine, Zoning, Article I, Section 902.03 Zoning Map, by changing from RM-H, Residential Multi-Unit High Density District to EMI, Educational/Medical Institution District, all "}},{"type":"Feature","geometry":{"type":"Point","coordinates":[-79.946661,40.478752]},"properties":{"file_number":"2010-0262","action_category":"map_amendment","action_subtype":"area_wide_remap","residential_relevance":"area_wide_remap_mixed","status":"adopted","final_action":"Passed Finally","final_action_date":"2010-06-15","days_intro_to_final":78,"passed_pursuant_to_case_law":false,"from_districts":"R2-L|LNC|UI|P","to_districts":"R1D-L|RM-L|H","cu_district_zoned":null,"housing_typology":null,"units_stated":null,"votes_aye":9,"votes_nay":0,"legistar_web_url":"https://pittsburgh.legistar.com/gateway.aspx?M=F&ID=968B2C6B-B262-48A2-98AF-8B3DDAA64A07","title":"Ordinance amending the Pittsburgh Zoning Code, Title Nine, Article One, Chapter 902 Section 902.03, Zoning District Maps Nos. 10, 11, and 15 by changing various zoning district classifications in the Stanton Heights neig"}},{"type":"Feature","geometry":{"type":"Point","coordinates":[-80.017501,40.450337]},"properties":{"file_number":"2010-0610","action_category":"map_amendment","action_subtype":"site_rezoning","residential_relevance":"reduces_housing_byright","status":"adopted","final_action":"Passed Finally","final_action_date":"2010-08-02","days_intro_to_final":48,"passed_pursuant_to_case_law":false,"from_districts":"NDI|LNC","to_districts":"EMI","cu_district_zoned":null,"housing_typology":null,"units_stated":null,"votes_aye":null,"votes_nay":null,"legistar_web_url":"https://pittsburgh.legistar.com/gateway.aspx?M=F&ID=EFE45683-F047-4186-9FE3-AECFE5D456DE","title":"Ordinance amending the Pittsburgh Code, Title Nine, Zoning, Article I, Section 902.03 Zoning Map, by changing from NDI, Neighborhood Industrial District, to EMI, Educational/Medical Institutional District, certain proper"}},{"type":"Feature","geometry":{"type":"Point","coordinates":[-80.018084,40.450008]},"properties":{"file_number":"2010-0611","action_category":"map_amendment","action_subtype":"site_rezoning","residential_relevance":"no_change_in_residential_ceiling","status":"adopted","final_action":"Passed Finally","final_action_date":"2010-08-02","days_intro_to_final":48,"passed_pursuant_to_case_law":false,"from_districts":"LNC","to_districts":"UNC","cu_district_zoned":null,"housing_typology":null,"units_stated":null,"votes_aye":null,"votes_nay":null,"legistar_web_url":"https://pittsburgh.legistar.com/gateway.aspx?M=F&ID=56E1BF34-8427-4FA8-97E2-80361A4A632E","title":"Ordinance amending the Pittsburgh Code, Title Nine, Zoning, Article I, Section 902.03 Zoning Map, by changing from LNC, Local Neighborhood Commercial District, to Urban Neighborhood Commercial District, certain property "}},{"type":"Feature","geometry":{"type":"Point","coordinates":[-79.946769,40.446835]},"properties":{"file_number":"2010-0870","action_category":"map_amendment","action_subtype":"site_rezoning","residential_relevance":"no_change_in_residential_ceiling","status":"adopted","final_action":"Passed Finally","final_action_date":"2010-12-07","days_intro_to_final":98,"passed_pursuant_to_case_law":false,"from_districts":"RM-H","to_districts":"RM-VH","cu_district_zoned":null,"housing_typology":null,"units_stated":null,"votes_aye":9,"votes_nay":0,"legistar_web_url":"https://pittsburgh.legistar.com/gateway.aspx?M=F&ID=54DD4B63-99A4-43DE-94A9-0CD3C9B501B4","title":"Ordinance amending the Pittsburgh Code, Title Nine, Zoning, Article I, Section 902.03 Zoning Map, by changing from RM-H, Residential Multi-Unit, High Density District, to RM-VH, Residential Multi-Unit, Very High Density "}},{"type":"Feature","geometry":{"type":"Point","coordinates":[-80.054399,40.429504]},"properties":{"file_number":"2010-0926","action_category":"map_amendment","action_subtype":"area_wide_remap","residential_relevance":"area_wide_remap_mixed","status":"adopted","final_action":"Passed Finally","final_action_date":"2010-12-14","days_intro_to_final":91,"passed_pursuant_to_case_law":false,"from_districts":"LNC|R1D-L|NDI|RM-M|P","to_districts":"UNC|RM-VL|R1D-L|H|R1D-VL|NDI|UI|P","cu_district_zoned":null,"housing_typology":null,"units_stated":null,"votes_aye":9,"votes_nay":0,"legistar_web_url":"https://pittsburgh.legistar.com/gateway.aspx?M=F&ID=0E0B327F-1AE1-4F4E-AC69-06A689D0A2B8","title":"Ordinance amending the Pittsburgh Zoning Code, Title Nine, Article One, Chapter 902 Section 902.03, Zoning Map, by changing various zoning district classifications in the Westwood neighborhood in accord with Map Pittsbur"}},{"type":"Feature","geometry":{"type":"Point","coordinates":[-80.007387,40.411089]},"properties":{"file_number":"2010-0986","action_category":"map_amendment","action_subtype":"area_wide_remap","residential_relevance":"area_wide_remap_mixed","status":"expired_end_of_session","final_action":"TABLED","final_action_date":"2011-03-09","days_intro_to_final":155,"passed_pursuant_to_case_law":false,"from_districts":"NDI|P|HC|R1D-L","to_districts":"H|NDI|HC|R1D-L|P|R1D-M","cu_district_zoned":null,"housing_typology":null,"units_stated":null,"votes_aye":null,"votes_nay":null,"legistar_web_url":"https://pittsburgh.legistar.com/gateway.aspx?M=F&ID=37C4FDD8-6C09-4B6D-A218-89B4E70CA7BC","title":"Ordinance amending the Pittsburgh Zoning Code, Title Nine, Article One, Chapter 902 Section 902.03, Zoning District Maps No. 33, No. 34, No. 60, and No. 61 by changing various zoning district classifications in the Bon A"}},{"type":"Feature","geometry":{"type":"Point","coordinates":[-80.002663,40.481615]},"properties":{"file_number":"2010-1081","action_category":"conditional_use","action_subtype":"cu_use_approval","residential_relevance":"non_residential","status":"pending","final_action":"Public Hearing Held","final_action_date":"2010-12-20","days_intro_to_final":null,"passed_pursuant_to_case_law":false,"from_districts":null,"to_districts":null,"cu_district_zoned":"R1D-L","housing_typology":null,"units_stated":null,"votes_aye":null,"votes_nay":null,"legistar_web_url":"https://pittsburgh.legistar.com/gateway.aspx?M=F&ID=BF2FBA31-F28D-4F3E-9637-DB072CD0C80E","title":"Resolution approving a Conditional Use under the Pittsburgh Code, Title Nine, Zoning, Article V, Chapter 911, Section 911.04.A.64 to Pittsburgh Public Schools Facilities Division for authorization to construct two extens"}},{"type":"Feature","geometry":{"type":"Point","coordinates":[-79.895846,40.445227]},"properties":{"file_number":"2011-1262","action_category":"conditional_use","action_subtype":"cu_use_approval","residential_relevance":"non_residential","status":"adopted","final_action":"Passed Finally","final_action_date":"2011-02-01","days_intro_to_final":28,"passed_pursuant_to_case_law":false,"from_districts":null,"to_districts":null,"cu_district_zoned":"R2-L","housing_typology":null,"units_stated":null,"votes_aye":9,"votes_nay":0,"legistar_web_url":"https://pittsburgh.legistar.com/gateway.aspx?M=F&ID=BB882457-191A-4968-AEE4-601243046FE8","title":"Resolution approving a Conditional Use under the Pittsburgh Code, Title Nine, Zoning, Article V, Chapter 911 Section 911.04.A.64 to Park Place School Associates, owner, for authorization to use the existing three-story s"}},{"type":"Feature","geometry":{"type":"Point","coordinates":[-79.897096,40.435917]},"properties":{"file_number":"2011-1703","action_category":"conditional_use","action_subtype":"cu_use_approval","residential_relevance":"non_residential","status":"adopted","final_action":"Passed Finally","final_action_date":"2011-07-05","days_intro_to_final":56,"passed_pursuant_to_case_law":false,"from_districts":null,"to_districts":null,"cu_district_zoned":"R1D-M","housing_typology":null,"units_stated":null,"votes_aye":8,"votes_nay":0,"legistar_web_url":"https://pittsburgh.legistar.com/gateway.aspx?M=F&ID=EE9F5AF8-BCDA-4F34-94EE-EA44EB46D104","title":"Resolution approving a Conditional Use under the Pittsburgh Code, Title Nine, Zoning, Article IV, Chapter 911 Section 911.04.A.64 to Schoolhouse Finance, LLC, owner, for authorization to install two accessory modular cla"}},{"type":"Feature","geometry":{"type":"Point","coordinates":[-79.960635,40.423558]},"properties":{"file_number":"2011-1918","action_category":"map_amendment","action_subtype":"site_rezoning","residential_relevance":"unclear_special_district","status":"adopted","final_action":"Passed Finally","final_action_date":"2011-09-13","days_intro_to_final":56,"passed_pursuant_to_case_law":false,"from_districts":"SP-5","to_districts":"UI","cu_district_zoned":null,"housing_typology":null,"units_stated":null,"votes_aye":9,"votes_nay":0,"legistar_web_url":"https://pittsburgh.legistar.com/gateway.aspx?M=F&ID=69DF4A32-A3DB-4CAB-8634-611B04BF7B58","title":"Ordinance amending the Pittsburgh Code, Title Nine, Zoning, Article I, Section 902.03 Zoning Map, by changing from SP-5, Specially Planned District No. 5 (South Side Works), to UI, Urban Industrial District, certain prop"}},{"type":"Feature","geometry":{"type":"Point","coordinates":[-79.948077,40.444686]},"properties":{"file_number":"2012-0188","action_category":"map_amendment","action_subtype":"site_rezoning","residential_relevance":"unclear_special_district","status":"adopted","final_action":"Passed Finally","final_action_date":"2012-04-25","days_intro_to_final":43,"passed_pursuant_to_case_law":false,"from_districts":"R1A-H|OPR-B|P","to_districts":"EMI","cu_district_zoned":null,"housing_typology":null,"units_stated":null,"votes_aye":9,"votes_nay":0,"legistar_web_url":"https://pittsburgh.legistar.com/gateway.aspx?M=F&ID=C99D8666-5328-4513-B915-43120D73FE7C","title":"Ordinance amending the Pittsburgh Code, Title Nine, Zoning, Article I, Section 902.03 Zoning Map, by changing from R1A-H, Residential Single Unit Attached High Density District to EMI, Educational/Medical Institution Dis"}},{"type":"Feature","geometry":{"type":"Point","coordinates":[-80.033419,40.470846]},"properties":{"file_number":"2012-0437","action_category":"map_amendment","action_subtype":"area_wide_remap","residential_relevance":"area_wide_remap_mixed","status":"adopted","final_action":"Passed Finally","final_action_date":"2012-07-24","days_intro_to_final":56,"passed_pursuant_to_case_law":false,"from_districts":"P|R2-L|RM-M|LNC|UI","to_districts":"H|R1A-H|R1A-VH|R1D-VL|R1D-M|R1D-H|R2-H|UI|GI","cu_district_zoned":null,"housing_typology":null,"units_stated":null,"votes_aye":9,"votes_nay":0,"legistar_web_url":"https://pittsburgh.legistar.com/gateway.aspx?M=F&ID=4432223D-86F9-46FF-A889-DEDA1B037AE6","title":"Amending the Pittsburgh Zoning Code, Title Nine, Article One, Chapter 902 Section 902.03, Zoning District Map No. 5 by changing various zoning district classifications in the Marshall-Shadeland neighborhood in accord wit"}},{"type":"Feature","geometry":{"type":"Point","coordinates":[-80.034398,40.446174]},"properties":{"file_number":"2012-0477","action_category":"map_amendment","action_subtype":"site_rezoning","residential_relevance":"unclear_special_district","status":"adopted","final_action":"Passed Finally","final_action_date":"2012-09-11","days_intro_to_final":91,"passed_pursuant_to_case_law":false,"from_districts":"R1D-M","to_districts":"RP","cu_district_zoned":null,"housing_typology":null,"units_stated":null,"votes_aye":9,"votes_nay":0,"legistar_web_url":"https://pittsburgh.legistar.com/gateway.aspx?M=F&ID=23E9F992-E1A4-4F1E-9B76-1DD5C4C43BB0","title":"Ordinance amending the Pittsburgh Code, Title Nine, Zoning, Article I, Section 902.03 Zoning Map, by changing from R1D-M, Residential Single - Unit Detached Moderate Density District to RP, Residential Planned Unit Devel"}},{"type":"Feature","geometry":{"type":"Point","coordinates":[-79.995249,40.383056]},"properties":{"file_number":"2012-0524","action_category":"map_amendment","action_subtype":"site_rezoning","residential_relevance":"enables_more_housing_byright","status":"adopted","final_action":"Passed Finally","final_action_date":"2012-09-11","days_intro_to_final":77,"passed_pursuant_to_case_law":false,"from_districts":"R1D-H","to_districts":"LNC","cu_district_zoned":null,"housing_typology":null,"units_stated":null,"votes_aye":9,"votes_nay":0,"legistar_web_url":"https://pittsburgh.legistar.com/gateway.aspx?M=F&ID=4B8633E8-A63A-4FFB-B84C-EE661B478FDF","title":"Ordinance amending the Pittsburgh Code, Title Nine, Zoning, Article I, Section 902.03 Zoning Map, by changing from R1D-H, Residential Single-Unit Detached, High Density District, to LNC, Local Neighborhood Commercial Dis"}},{"type":"Feature","geometry":{"type":"Point","coordinates":[-79.943329,40.456214]},"properties":{"file_number":"2012-0591","action_category":"map_amendment","action_subtype":"site_rezoning","residential_relevance":"mixed_up_and_down","status":"adopted","final_action":"Passed Finally","final_action_date":"2012-12-27","days_intro_to_final":170,"passed_pursuant_to_case_law":false,"from_districts":"UNC|UI","to_districts":"EMI","cu_district_zoned":null,"housing_typology":null,"units_stated":null,"votes_aye":8,"votes_nay":0,"legistar_web_url":"https://pittsburgh.legistar.com/gateway.aspx?M=F&ID=CAB80F97-D3B0-4CDA-8AEE-0FB8B0CB58DE","title":"Ordinance amending the Pittsburgh Code, Title Nine, Zoning, Article I, Section 902.03 Zoning Map, by changing from UNC Urban Neighborhood Commercial District, property bounded by South Aiken Ave., the existing EMI distri"}},{"type":"Feature","geometry":{"type":"Point","coordinates":[-79.982272,40.436315]},"properties":{"file_number":"2012-0713","action_category":"map_amendment","action_subtype":"site_rezoning","residential_relevance":"reduces_housing_byright","status":"adopted","final_action":"Passed Finally","final_action_date":"2012-12-17","days_intro_to_final":97,"passed_pursuant_to_case_law":false,"from_districts":"NDI|LNC|R1A-H","to_districts":"EMI","cu_district_zoned":null,"housing_typology":null,"units_stated":null,"votes_aye":9,"votes_nay":0,"legistar_web_url":"https://pittsburgh.legistar.com/gateway.aspx?M=F&ID=D59B6E83-953D-4E8A-82C2-5C6EBE7C25EE","title":"Ordinance amending the Pittsburgh Code, Title Nine, Zoning, Article I, Section 902.03 Zoning Map, by changing from NDI, Neighborhood Industrial District; LNC, Local Neighborhood Commercial District; and R1A-H, Residentia"}},{"type":"Feature","geometry":{"type":"Point","coordinates":[-79.893787,40.452653]},"properties":{"file_number":"2012-0894","action_category":"map_amendment","action_subtype":"site_rezoning","residential_relevance":"enables_more_housing_byright","status":"adopted","final_action":"Passed Finally","final_action_date":"2013-02-05","days_intro_to_final":97,"passed_pursuant_to_case_law":false,"from_districts":"R1A-M|LNC|UI","to_districts":"UNC|R1A-VH","cu_district_zoned":null,"housing_typology":null,"units_stated":null,"votes_aye":8,"votes_nay":0,"legistar_web_url":"https://pittsburgh.legistar.com/gateway.aspx?M=F&ID=F872E4D1-0DEF-4B1E-83A3-EB2C2222B0C7","title":"Ordinance amending the Pittsburgh Code, Title Nine, Zoning, Article I, Section 902.03 Zoning Map, by changing from R1A-M, Residential Single-Unit Attached, Moderate Density and LNC, Local Neighborhood Commercial District"}},{"type":"Feature","geometry":{"type":"Point","coordinates":[-79.913574,40.464925]},"properties":{"file_number":"2013-1528","action_category":"map_amendment","action_subtype":"site_rezoning","residential_relevance":"enables_more_housing_byright","status":"adopted","final_action":"Passed Finally","final_action_date":"2013-07-09","days_intro_to_final":56,"passed_pursuant_to_case_law":false,"from_districts":"R1D-H|R1A-H|P","to_districts":"R2-H","cu_district_zoned":null,"housing_typology":null,"units_stated":null,"votes_aye":7,"votes_nay":0,"legistar_web_url":"https://pittsburgh.legistar.com/gateway.aspx?M=F&ID=DC2588C3-3A9D-489F-9F4B-E355DB2BE631","title":"Ordinance amending the Pittsburgh Code, Title Nine, Zoning, Article I, Section 902.03 Zoning Map, by changing from R1D-H, Residential Single-Unit Detached, High Density District; R1A-H, Residential Single-Unit Attached, "}},{"type":"Feature","geometry":{"type":"Point","coordinates":[-80.085693,40.449186]},"properties":{"file_number":"2013-1826","action_category":"map_amendment","action_subtype":"site_rezoning","residential_relevance":"reduces_housing_byright","status":"adopted","final_action":"Passed Finally","final_action_date":"2013-10-22","days_intro_to_final":48,"passed_pursuant_to_case_law":false,"from_districts":"RM-M","to_districts":"UI","cu_district_zoned":null,"housing_typology":null,"units_stated":null,"votes_aye":7,"votes_nay":0,"legistar_web_url":"https://pittsburgh.legistar.com/gateway.aspx?M=F&ID=6F1426E4-AE7C-4DE6-98C3-F47EB29A33E2","title":"Ordinance Amending the Pittsburgh Code, Title Nine, Zoning, Article I, Section 902.03 Zoning Map, by changing from RM-M, Residential Multi-Unit, Moderate Density District to UI, Urban Industrial District, approximately 2"}},{"type":"Feature","geometry":{"type":"Point","coordinates":[-79.942662,40.407144]},"properties":{"file_number":"2014-0270","action_category":"conditional_use","action_subtype":"cu_use_approval","residential_relevance":"non_residential","status":"expired_end_of_session","final_action":"TABLED","final_action_date":"2014-04-09","days_intro_to_final":15,"passed_pursuant_to_case_law":false,"from_districts":null,"to_districts":null,"cu_district_zoned":"R1D-M","housing_typology":null,"units_stated":null,"votes_aye":null,"votes_nay":null,"legistar_web_url":"https://pittsburgh.legistar.com/gateway.aspx?M=F&ID=1DC7C5E9-B824-4A5A-9E31-DB05A83A637D","title":"Resolution approving a Conditional Use under the Pittsburgh Code, Title Nine, Zoning, Article V, Chapter 911, Section 911.04.A.64 to Propel Schools, lessee and St. Stephen's Roman Catholic Church, property owner, for aut"}},{"type":"Feature","geometry":{"type":"Point","coordinates":[-79.982425,40.442621]},"properties":{"file_number":"2014-0397","action_category":"conditional_use","action_subtype":"cu_use_approval","residential_relevance":"non_residential","status":"adopted","final_action":"Passed Finally","final_action_date":"2014-06-17","days_intro_to_final":42,"passed_pursuant_to_case_law":false,"from_districts":null,"to_districts":null,"cu_district_zoned":"RM-M","housing_typology":null,"units_stated":null,"votes_aye":9,"votes_nay":0,"legistar_web_url":"https://pittsburgh.legistar.com/gateway.aspx?M=F&ID=CD3A3F8D-55EE-405D-B64E-F50FEA605A76","title":"Resolution approving a Conditional Use under the Pittsburgh Code, Title Nine, Zoning, Article V, Chapter 911, Section 911.04.A.64 to Hill House Passport Academy Charter School, lessee and Hill House Association, property"}},{"type":"Feature","geometry":{"type":"Point","coordinates":[-80.001797,40.432017]},"properties":{"file_number":"2015-1296","action_category":"map_amendment","action_subtype":"text_amendment_other","residential_relevance":"not_a_map_change","status":"adopted","final_action":"Passed Finally","final_action_date":"2015-03-24","days_intro_to_final":46,"passed_pursuant_to_case_law":false,"from_districts":"SP-4|P","to_districts":"SP-4","cu_district_zoned":null,"housing_typology":null,"units_stated":null,"votes_aye":8,"votes_nay":0,"legistar_web_url":"https://pittsburgh.legistar.com/gateway.aspx?M=F&ID=01115765-9A64-44DB-973A-26D20DC1B942","title":"Ordinance amending the Pittsburgh Code, Title Nine, Zoning, Article IV, Chapter 909.01.I by adding a new section 909.01.I.4 to establish the standards applicable to the existing SP-4 (IV) East Station Square subdistrict;"}},{"type":"Feature","geometry":{"type":"Point","coordinates":[-79.946738,40.447089]},"properties":{"file_number":"2015-1591","action_category":"conditional_use","action_subtype":"cu_use_approval","residential_relevance":"non_residential","status":"adopted","final_action":"Passed Finally","final_action_date":"2015-06-09","days_intro_to_final":39,"passed_pursuant_to_case_law":false,"from_districts":null,"to_districts":null,"cu_district_zoned":"RM-H","housing_typology":null,"units_stated":null,"votes_aye":7,"votes_nay":0,"legistar_web_url":"https://pittsburgh.legistar.com/gateway.aspx?M=F&ID=145AD3D4-BD80-48EC-B098-A75EF82E2811","title":"Resolution approving a Conditional Use Application under the Pittsburgh Code, Title Nine, Zoning, Article V Chapter 911 Section 911.04.A.64 to the Central Catholic High School, Inc., property owner, for authorization to "}},{"type":"Feature","geometry":{"type":"Point","coordinates":[-79.945877,40.446194]},"properties":{"file_number":"2015-1592","action_category":"map_amendment","action_subtype":"site_rezoning","residential_relevance":"enables_more_housing_byright","status":"adopted","final_action":"Passed Finally","final_action_date":"2015-06-09","days_intro_to_final":39,"passed_pursuant_to_case_law":false,"from_districts":"EMI","to_districts":"RM-H","cu_district_zoned":null,"housing_typology":null,"units_stated":null,"votes_aye":7,"votes_nay":0,"legistar_web_url":"https://pittsburgh.legistar.com/gateway.aspx?M=F&ID=0C7F11C3-C1D8-4255-86E3-98B44CA7DBC0","title":"Ordinance amending the Pittsburgh Code, Title Nine, Zoning, Article I, Section 902.03 Zoning Map, by changing from EMI, Educational/Medical Institution District, to RM-H, Residential Multi-Unit, High Density District, th"}},{"type":"Feature","geometry":{"type":"Point","coordinates":[-79.935267,40.458819]},"properties":{"file_number":"2015-1678","action_category":"map_amendment","action_subtype":"site_rezoning","residential_relevance":"reduces_housing_byright","status":"adopted","final_action":"Passed Finally","final_action_date":"2015-08-03","days_intro_to_final":73,"passed_pursuant_to_case_law":false,"from_districts":"R3-M","to_districts":"P","cu_district_zoned":null,"housing_typology":null,"units_stated":null,"votes_aye":9,"votes_nay":0,"legistar_web_url":"https://pittsburgh.legistar.com/gateway.aspx?M=F&ID=9AB30FCE-47C2-426E-8687-B60EF0F38073","title":"Ordinance amending the Pittsburgh Code, Title Nine, Zoning, Article I, Section 902.03 Zoning Map, by changing from R3-M, Residential Three-Unit, Moderate Density, to P, Parks District, a certain property identified as Bl"}},{"type":"Feature","geometry":{"type":"Point","coordinates":[-79.971455,40.445823]},"properties":{"file_number":"2015-1690","action_category":"map_amendment","action_subtype":"site_rezoning","residential_relevance":"no_change_in_residential_ceiling","status":"adopted","final_action":"Passed Finally","final_action_date":"2015-08-03","days_intro_to_final":66,"passed_pursuant_to_case_law":false,"from_districts":"RM-M","to_districts":"LNC","cu_district_zoned":null,"housing_typology":null,"units_stated":null,"votes_aye":9,"votes_nay":0,"legistar_web_url":"https://pittsburgh.legistar.com/gateway.aspx?M=F&ID=7277613F-A1AE-4049-B292-53E267B2E976","title":"Ordinance amending the Pittsburgh Code, Title Nine, Zoning, Article I, Section 902.03 Zoning Map, by changing from RM-M, Residential Multi-Unit, Moderate Density, to LNC, Local Neighborhood Commercial, certain properties"}},{"type":"Feature","geometry":{"type":"Point","coordinates":[-79.995182,40.454938]},"properties":{"file_number":"2015-1805","action_category":"map_amendment","action_subtype":"site_rezoning","residential_relevance":"enables_more_housing_byright","status":"adopted","final_action":"Passed Finally","final_action_date":"2015-11-23","days_intro_to_final":147,"passed_pursuant_to_case_law":false,"from_districts":"R1A-H","to_districts":"NDI","cu_district_zoned":null,"housing_typology":null,"units_stated":null,"votes_aye":6,"votes_nay":0,"legistar_web_url":"https://pittsburgh.legistar.com/gateway.aspx?M=F&ID=7D8CEE7C-179B-49C0-89A4-5F39F7A955CE","title":"Ordinance amending the Pittsburgh Code, Title Nine, Zoning, Article I, Section 902.03 Zoning Map, by changing from R1A-H, Residential Single-Unit Attached, High Density District, to NDI, Neighborhood Industrial District,"}},{"type":"Feature","geometry":{"type":"Point","coordinates":[-79.976943,40.426096]},"properties":{"file_number":"2015-1837","action_category":"map_amendment","action_subtype":"site_rezoning","residential_relevance":"reduces_housing_byright","status":"adopted","final_action":"Passed Finally","final_action_date":"2015-10-13","days_intro_to_final":95,"passed_pursuant_to_case_law":false,"from_districts":"EMI","to_districts":"UI","cu_district_zoned":null,"housing_typology":null,"units_stated":null,"votes_aye":7,"votes_nay":0,"legistar_web_url":"https://pittsburgh.legistar.com/gateway.aspx?M=F&ID=9C2CC0A5-B8E1-4A4B-9FDF-48F22C149F6A","title":"Ordinance amending the Pittsburgh Code, Title Nine, Zoning, Article I, Section 902.03 Zoning Map, by changing from EMI, Educational/Medical Institution District to UI, Urban Industrial, a certain property identified as 2"}},{"type":"Feature","geometry":{"type":"Point","coordinates":[-79.922988,40.476042]},"properties":{"file_number":"2015-1937","action_category":"conditional_use","action_subtype":"cu_use_approval","residential_relevance":"non_residential","status":"adopted","final_action":"Passed Finally, As Amended","final_action_date":"2015-10-20","days_intro_to_final":53,"passed_pursuant_to_case_law":false,"from_districts":null,"to_districts":null,"cu_district_zoned":"R2-M","housing_typology":null,"units_stated":null,"votes_aye":9,"votes_nay":0,"legistar_web_url":"https://pittsburgh.legistar.com/gateway.aspx?M=F&ID=2E9835A6-66F9-4B13-AF49-3757713170DE","title":"Resolution approving a Conditional Use Application under the Pittsburgh Code, Title Nine, Zoning, Article V Chapter 911 Section 911.04.A.7 to Karen and Randall Woods, property owners, for authorization to operate a Bed a"}},{"type":"Feature","geometry":{"type":"Point","coordinates":[-79.94714,40.446449]},"properties":{"file_number":"2015-2177","action_category":"map_amendment","action_subtype":"site_rezoning","residential_relevance":"reduces_housing_byright","status":"adopted","final_action":"Passed Finally","final_action_date":"2015-12-21","days_intro_to_final":52,"passed_pursuant_to_case_law":false,"from_districts":"R1A-H|RM-H|RM-VH","to_districts":"EMI","cu_district_zoned":null,"housing_typology":null,"units_stated":null,"votes_aye":9,"votes_nay":0,"legistar_web_url":"https://pittsburgh.legistar.com/gateway.aspx?M=F&ID=354AA3BE-5611-42BF-81C5-9BD501D1A554","title":"Ordinance amending the Pittsburgh Code, Title Nine, Zoning, Article I, Section 902.03 Zoning Map, by changing 15 separate parcels located in Squirrel Hill North, Shadyside and North Oakland, from R1A-H to EMI, from RM-H,"}},{"type":"Feature","geometry":{"type":"Point","coordinates":[-79.929694,40.462065]},"properties":{"file_number":"2015-2259","action_category":"map_amendment","action_subtype":"site_rezoning","residential_relevance":"unclear_special_district","status":"held","final_action":"Held for Cablecast Public Hearing","final_action_date":"2015-12-02","days_intro_to_final":null,"passed_pursuant_to_case_law":false,"from_districts":"RP|R3-M","to_districts":"AP","cu_district_zoned":null,"housing_typology":null,"units_stated":null,"votes_aye":null,"votes_nay":null,"legistar_web_url":"https://pittsburgh.legistar.com/gateway.aspx?M=F&ID=E577C64C-17CB-4632-90BD-FF2753BE901A","title":"Ordinance amending the Pittsburgh Code, Title Nine, Zoning, Article I, Section 902.03 Zoning Map, by changing a certain property known as 5600 Penn Ave, block number 83-N, lot 125 in the Allegheny County Block and Lot Sy"}},{"type":"Feature","geometry":{"type":"Point","coordinates":[-79.929694,40.462065]},"properties":{"file_number":"2016-0033","action_category":"map_amendment","action_subtype":"site_rezoning","residential_relevance":"unclear_special_district","status":"adopted","final_action":"Passed Finally, As Amended","final_action_date":"2016-04-19","days_intro_to_final":95,"passed_pursuant_to_case_law":false,"from_districts":"RP|R3-M","to_districts":"AP","cu_district_zoned":null,"housing_typology":null,"units_stated":null,"votes_aye":7,"votes_nay":0,"legistar_web_url":"https://pittsburgh.legistar.com/gateway.aspx?M=F&ID=5C383C70-B57A-4EAD-9001-12D930A5E515","title":"Ordinance amending the Pittsburgh Code, Title Nine, Zoning, Article I, Section 902.03 Zoning Map, by changing a certain property known as 5600 Penn Ave, block number 83-N, lot 125 in the Allegheny County Block and Lot Sy"}},{"type":"Feature","geometry":{"type":"Point","coordinates":[-79.927606,40.431967]},"properties":{"file_number":"2016-0073","action_category":"conditional_use","action_subtype":"cu_use_approval","residential_relevance":"residential_use","status":"adopted","final_action":"Passed Finally","final_action_date":"2016-03-22","days_intro_to_final":53,"passed_pursuant_to_case_law":false,"from_districts":null,"to_districts":null,"cu_district_zoned":"RM-M","housing_typology":"multi_suite_residential","units_stated":null,"votes_aye":8,"votes_nay":0,"legistar_web_url":"https://pittsburgh.legistar.com/gateway.aspx?M=F&ID=67F41513-2BA0-4701-B42A-4A53DC78594A","title":"Resolution approving a Conditional Use Application under the Pittsburgh Code, Title Nine, Zoning, Article V Chapter 911 Section 911.04.A.41 to Yeshivath Achei Tmimim of Pittsburgh Inc., property owners, for authorization"}},{"type":"Feature","geometry":{"type":"Point","coordinates":[-79.932658,40.470916]},"properties":{"file_number":"2016-0406","action_category":"conditional_use","action_subtype":"cu_use_approval","residential_relevance":"non_residential","status":"adopted","final_action":"Passed pursuant to Case Law","final_action_date":"2016-08-01","days_intro_to_final":80,"passed_pursuant_to_case_law":false,"from_districts":null,"to_districts":null,"cu_district_zoned":"R1D-L","housing_typology":null,"units_stated":null,"votes_aye":null,"votes_nay":null,"legistar_web_url":"https://pittsburgh.legistar.com/gateway.aspx?M=F&ID=40456309-D533-437E-85A7-FDB7FDAB724E","title":"Resolution approving a Conditional Use Application under the Pittsburgh Code, Title Nine, Zoning, Article V Chapter 911 Section 911.04.A.64 to The Neighborhood Academy, property owners, for authorization to operate a Sec"}},{"type":"Feature","geometry":{"type":"Point","coordinates":[-79.908133,40.485239]},"properties":{"file_number":"2016-0407","action_category":"conditional_use","action_subtype":"cu_use_approval","residential_relevance":"non_residential","status":"adopted","final_action":"Passed pursuant to Case Law","final_action_date":"2016-09-07","days_intro_to_final":117,"passed_pursuant_to_case_law":false,"from_districts":null,"to_districts":null,"cu_district_zoned":"P","housing_typology":null,"units_stated":null,"votes_aye":null,"votes_nay":null,"legistar_web_url":"https://pittsburgh.legistar.com/gateway.aspx?M=F&ID=44867513-37DC-465E-A76B-DF610EA0BCC8","title":"Resolution approving a Conditional Use Application under the Pittsburgh Code, Title Nine, Zoning, Article V, Chapter 911, Section 911.04.A.5 to Stephen Choder, property owner, for authorization to operate a Public Assemb"}},{"type":"Feature","geometry":{"type":"Point","coordinates":[-79.927057,40.427504]},"properties":{"file_number":"2016-0583","action_category":"map_amendment","action_subtype":"site_rezoning","residential_relevance":"enables_more_housing_byright","status":"adopted","final_action":"Passed Finally","final_action_date":"2016-10-25","days_intro_to_final":116,"passed_pursuant_to_case_law":false,"from_districts":"R2-L|P","to_districts":"LNC","cu_district_zoned":null,"housing_typology":null,"units_stated":null,"votes_aye":7,"votes_nay":0,"legistar_web_url":"https://pittsburgh.legistar.com/gateway.aspx?M=F&ID=3864D87B-FA7C-46DD-AFBB-B1FD0DC1C167","title":"Ordinance amending the Pittsburgh Code, Title Nine, Zoning, Article I, Section 902.03 Zoning Map, by changing from R2-L, Residential Two-Family Low Density, to LNC, Local Neighborhood Commercial property with frontage on"}},{"type":"Feature","geometry":{"type":"Point","coordinates":[-79.98731,40.439219]},"properties":{"file_number":"2016-0584","action_category":"conditional_use","action_subtype":"cu_use_approval","residential_relevance":"non_residential","status":"adopted","final_action":"Passed pursuant to Case Law","final_action_date":"2016-09-07","days_intro_to_final":68,"passed_pursuant_to_case_law":false,"from_districts":null,"to_districts":null,"cu_district_zoned":"GT-E","housing_typology":null,"units_stated":null,"votes_aye":null,"votes_nay":null,"legistar_web_url":"https://pittsburgh.legistar.com/gateway.aspx?M=F&ID=97BD6F77-1DE7-4C98-8081-13980C130CBC","title":"Resolution approving a Conditional Use Application under the Pittsburgh Code, Title Nine, Zoning, Article V, Chapter 911, Section 911.04.A.72 to NRG Energy Center Pittsburgh, on behalf of the property owner Urban Redevel"}},{"type":"Feature","geometry":{"type":"Point","coordinates":[-80.000824,40.438753]},"properties":{"file_number":"2016-0716","action_category":"conditional_use","action_subtype":"cu_transfer_of_development_rights","residential_relevance":"tdr_dwelling_units","status":"adopted","final_action":"Passed pursuant to Case Law","final_action_date":"2016-10-11","days_intro_to_final":46,"passed_pursuant_to_case_law":false,"from_districts":null,"to_districts":null,"cu_district_zoned":"GT-A","housing_typology":"multi_unit","units_stated":"12","votes_aye":null,"votes_nay":null,"legistar_web_url":"https://pittsburgh.legistar.com/gateway.aspx?M=F&ID=81176933-066A-4137-96F1-613F9E3F3ABE","title":"Resolution approving a Conditional Use Application under the Pittsburgh Code, Title Nine, Zoning, Article IV, Chapter 910, Section 910.01.D.1 to BET Investments on behalf of E.V. Bishoff, property owner, for the transfer"}},{"type":"Feature","geometry":{"type":"Point","coordinates":[-80.038629,40.414079]},"properties":{"file_number":"2016-0730","action_category":"map_amendment","action_subtype":"site_rezoning","residential_relevance":"no_change_in_residential_ceiling","status":"adopted","final_action":"Passed Finally","final_action_date":"2017-02-07","days_intro_to_final":162,"passed_pursuant_to_case_law":false,"from_districts":"R1D-L","to_districts":"P","cu_district_zoned":null,"housing_typology":null,"units_stated":null,"votes_aye":9,"votes_nay":0,"legistar_web_url":"https://pittsburgh.legistar.com/gateway.aspx?M=F&ID=8245AF36-63FC-4358-934F-02917E0C2A84","title":"Ordinance amending the Pittsburgh Code, Title Nine, Zoning, Article I, Section 902.03 Zoning Map, by changing from R1D-L, Residential Single-Unit Detached, Low Density District to P, Parks District, all that certain prop"}},{"type":"Feature","geometry":{"type":"Point","coordinates":[-79.986362,40.451091]},"properties":{"file_number":"2016-0737","action_category":"map_amendment","action_subtype":"site_rezoning","residential_relevance":"unclear_special_district+text_mentions_housing","status":"withdrawn","final_action":"Withdrawn","final_action_date":"2016-09-07","days_intro_to_final":5,"passed_pursuant_to_case_law":false,"from_districts":"SP-8","to_districts":"UI","cu_district_zoned":null,"housing_typology":"senior_elderly|single_or_townhouse|mixed_use_with_residential","units_stated":null,"votes_aye":null,"votes_nay":null,"legistar_web_url":"https://pittsburgh.legistar.com/gateway.aspx?M=F&ID=E744EA34-BEF9-42E2-8AFD-9C795D2ED224","title":"Ordinance amending the Pittsburgh Code, Title Nine, Zoning, Article I, Section 902.03 Zoning Map, by changing from SP-8, Riverfront Landing Specially Planned District, to UI, Urban Industrial, a 355,275 sq. ft. parcel, k"}},{"type":"Feature","geometry":{"type":"Point","coordinates":[-79.923012,40.451178]},"properties":{"file_number":"2016-0986","action_category":"map_amendment","action_subtype":"site_rezoning","residential_relevance":"reduces_housing_byright","status":"held","final_action":"Held for Cablecast Public Hearing","final_action_date":"2016-11-30","days_intro_to_final":null,"passed_pursuant_to_case_law":false,"from_districts":"R2-L","to_districts":"R1D-M","cu_district_zoned":null,"housing_typology":null,"units_stated":null,"votes_aye":null,"votes_nay":null,"legistar_web_url":"https://pittsburgh.legistar.com/gateway.aspx?M=F&ID=E8AE76F6-320B-4C37-AD06-7820F6B3ABAB","title":"Ordinance amending the Pittsburgh Code, Title Nine, Zoning, Article I, Section 902.03 Zoning Map, by changing from R2-L, Residential Two-Family Low Density, to R1D-M, Residential Single-Unit Density, Moderate-Density var"}},{"type":"Feature","geometry":{"type":"Point","coordinates":[-79.949331,40.484295]},"properties":{"file_number":"2016-1087","action_category":"map_amendment","action_subtype":"site_rezoning","residential_relevance":"enables_more_housing_byright","status":"adopted","final_action":"Passed Finally","final_action_date":"2017-05-09","days_intro_to_final":144,"passed_pursuant_to_case_law":false,"from_districts":"UI","to_districts":"LNC","cu_district_zoned":null,"housing_typology":null,"units_stated":null,"votes_aye":9,"votes_nay":0,"legistar_web_url":"https://pittsburgh.legistar.com/gateway.aspx?M=F&ID=384A5F15-4456-4AB7-9D96-0490DDC749C4","title":"Ordinance amending the Pittsburgh Code, Title Nine, Zoning, Article I, Section 902.03 Zoning Map, by changing from Urban Industrial (UI) to Local Neighborhood Commercial (LNC) property at 5515 Butler Street identified as"}},{"type":"Feature","geometry":{"type":"Point","coordinates":[-80.001659,40.438971]},"properties":{"file_number":"2017-1269","action_category":"conditional_use","action_subtype":"cu_use_approval","residential_relevance":"non_residential","status":"adopted","final_action":"Passed pursuant to Case Law","final_action_date":"2017-05-31","days_intro_to_final":96,"passed_pursuant_to_case_law":false,"from_districts":null,"to_districts":null,"cu_district_zoned":"GT-A","housing_typology":null,"units_stated":null,"votes_aye":null,"votes_nay":null,"legistar_web_url":"https://pittsburgh.legistar.com/gateway.aspx?M=F&ID=E5F8F962-34C5-4C11-823B-BED2EAC8097B","title":"Resolution approving a Conditional Use Application under the Pittsburgh Code, Title Nine, Zoning, Article IV, Chapter 910.2, Section 910.01.D.2 to Point Park University, on behalf of the property owner Young Women’s Chri"}},{"type":"Feature","geometry":{"type":"Point","coordinates":[-79.986362,40.451091]},"properties":{"file_number":"2017-1316","action_category":"map_amendment","action_subtype":"site_rezoning","residential_relevance":"unclear_special_district+text_mentions_housing","status":"adopted","final_action":"Passed Finally","final_action_date":"2017-05-02","days_intro_to_final":49,"passed_pursuant_to_case_law":false,"from_districts":"SP-8","to_districts":"UI","cu_district_zoned":null,"housing_typology":"senior_elderly|single_or_townhouse|mixed_use_with_residential","units_stated":null,"votes_aye":7,"votes_nay":0,"legistar_web_url":"https://pittsburgh.legistar.com/gateway.aspx?M=F&ID=559D4ADD-1845-42E7-80A0-D8BD43315ABB","title":"Ordinance amending the Pittsburgh Code, Title Nine, Zoning, Article I, Section 902.03 Zoning Map, by changing from SP-8, Riverfront Landing Specially Planned District, to UI, Urban Industrial, a 355,275 sq. ft. parcel, k"}},{"type":"Feature","geometry":{"type":"Point","coordinates":[-80.020743,40.438729]},"properties":{"file_number":"2017-1661","action_category":"map_amendment","action_subtype":"site_rezoning","residential_relevance":"unclear_special_district","status":"adopted","final_action":"Passed Finally","final_action_date":"2017-10-10","days_intro_to_final":109,"passed_pursuant_to_case_law":false,"from_districts":"AP","to_districts":"GPR-C","cu_district_zoned":null,"housing_typology":null,"units_stated":null,"votes_aye":7,"votes_nay":0,"legistar_web_url":"https://pittsburgh.legistar.com/gateway.aspx?M=F&ID=1E1BF43A-D565-4EBF-9A1B-581260F0496C","title":"Ordinance amending the Pittsburgh Code, Title Nine, Zoning, Article I, Section 902.03 Zoning Map, by changing from AP, Mixed-Use Planned Unit Development to GPR-C, Grandview Public Realm sub-district C, a certain propert"}},{"type":"Feature","geometry":{"type":"Point","coordinates":[-79.923012,40.451178]},"properties":{"file_number":"2017-1776","action_category":"map_amendment","action_subtype":"site_rezoning","residential_relevance":"reduces_housing_byright","status":"adopted","final_action":"Passed Finally","final_action_date":"2017-09-12","days_intro_to_final":53,"passed_pursuant_to_case_law":false,"from_districts":"R2-L","to_districts":"R1D-M|R1A-M","cu_district_zoned":null,"housing_typology":null,"units_stated":null,"votes_aye":9,"votes_nay":0,"legistar_web_url":"https://pittsburgh.legistar.com/gateway.aspx?M=F&ID=CD74194D-2111-4F60-8E02-7E87AD40E23D","title":"Ordinance amending the Pittsburgh Code, Title Nine, Zoning, Article I, Section 902.03 Zoning Map, by changing from R2-L, Residential Two-Family Low Density, to R1D-M R1A-M, Residential Single-Unit Density, Moderate Densi"}},{"type":"Feature","geometry":{"type":"Point","coordinates":[-79.890322,40.450077]},"properties":{"file_number":"2017-2256","action_category":"map_amendment","action_subtype":"site_rezoning","residential_relevance":"reduces_housing_byright","status":"adopted","final_action":"Passed Finally","final_action_date":"2018-07-31","days_intro_to_final":235,"passed_pursuant_to_case_law":false,"from_districts":"R1A-VH","to_districts":"UI","cu_district_zoned":null,"housing_typology":null,"units_stated":null,"votes_aye":9,"votes_nay":0,"legistar_web_url":"https://pittsburgh.legistar.com/gateway.aspx?M=F&ID=A59334B0-A81E-4175-941F-869E118DB83C","title":"Ordinance amending the Pittsburgh Code, Title Nine, Zoning, Article I, Section 902.03 Zoning Map, by changing from R1A-VH, Residential Single-Unit Attached, Very High Density to UI, Urban Industrial District certain prop"}},{"type":"Feature","geometry":{"type":"Point","coordinates":[-80.025099,40.429493]},"properties":{"file_number":"2018-0052","action_category":"map_amendment","action_subtype":"site_rezoning","residential_relevance":"no_change_in_residential_ceiling","status":"adopted","final_action":"Passed Finally","final_action_date":"2018-03-20","days_intro_to_final":53,"passed_pursuant_to_case_law":false,"from_districts":"GI","to_districts":"UI","cu_district_zoned":null,"housing_typology":null,"units_stated":null,"votes_aye":7,"votes_nay":0,"legistar_web_url":"https://pittsburgh.legistar.com/gateway.aspx?M=F&ID=0AC0EEB9-AF43-40C7-8728-362989CBF984","title":"Ordinance amending the Pittsburgh Code, Title Nine, Zoning, Article I, Section 902.03 Zoning Map, by changing from General Industrial (GI) to Urban Industrial (UI), a certain property at 1 28th Street, Block Number 5-F, "}},{"type":"Feature","geometry":{"type":"Point","coordinates":[-79.911261,40.460443]},"properties":{"file_number":"2018-0064","action_category":"map_amendment","action_subtype":"site_rezoning","residential_relevance":"enables_more_housing_byright","status":"adopted","final_action":"Passed Finally","final_action_date":"2018-12-27","days_intro_to_final":331,"passed_pursuant_to_case_law":false,"from_districts":"R1D-M","to_districts":"LNC","cu_district_zoned":null,"housing_typology":null,"units_stated":null,"votes_aye":8,"votes_nay":0,"legistar_web_url":"https://pittsburgh.legistar.com/gateway.aspx?M=F&ID=043D8491-3842-4C86-A5F3-498C282E0666","title":"Ordinance amending the Pittsburgh Code, Title Nine, Zoning, Article I, Section 902.03 Zoning Map, by changing from R1D-M, Residential Single-Unit Detached, Moderate Density District to LNC, Local Neighborhood Commercial "}},{"type":"Feature","geometry":{"type":"Point","coordinates":[-79.925036,40.436947]},"properties":{"file_number":"2018-0281","action_category":"conditional_use","action_subtype":"cu_use_approval","residential_relevance":"non_residential","status":"adopted","final_action":"Passed pursuant to Case Law","final_action_date":"2018-05-14","days_intro_to_final":59,"passed_pursuant_to_case_law":false,"from_districts":null,"to_districts":null,"cu_district_zoned":"RM-M","housing_typology":null,"units_stated":null,"votes_aye":null,"votes_nay":null,"legistar_web_url":"https://pittsburgh.legistar.com/gateway.aspx?M=F&ID=93CFFA71-04DD-4168-96D1-6F4D6805F788","title":"Resolution approving a Conditional Use Application under the Pittsburgh Code, Title Nine, Zoning, Article V, Chapter 911.2, Section 911.02.A.64 for St. Edmund’s Academy for authorization to expand an Elementary/Secondary"}},{"type":"Feature","geometry":{"type":"Point","coordinates":[-80.02479,40.460143]},"properties":{"file_number":"2018-0432","action_category":"map_amendment","action_subtype":"site_rezoning","residential_relevance":"enables_more_housing_byright","status":"adopted","final_action":"Passed Finally","final_action_date":"2018-10-09","days_intro_to_final":165,"passed_pursuant_to_case_law":false,"from_districts":"R1A-M","to_districts":"NDI","cu_district_zoned":null,"housing_typology":null,"units_stated":null,"votes_aye":8,"votes_nay":0,"legistar_web_url":"https://pittsburgh.legistar.com/gateway.aspx?M=F&ID=54211E45-6107-4021-9611-623DECB85278","title":"Ordinance amending the Pittsburgh Code, Title Nine, Zoning, Article I, Section 902.03 Zoning Map, by changing from R1A-M, Residential Single-Unit Attached, Moderate Density to NDI, Neighborhood Industrial certain propert"}},{"type":"Feature","geometry":{"type":"Point","coordinates":[-79.942855,40.464447]},"properties":{"file_number":"2018-0560","action_category":"conditional_use","action_subtype":"cu_use_approval","residential_relevance":"non_residential","status":"adopted","final_action":"Passed pursuant to Case Law","final_action_date":"2018-07-24","days_intro_to_final":null,"passed_pursuant_to_case_law":false,"from_districts":null,"to_districts":null,"cu_district_zoned":"R2-M","housing_typology":null,"units_stated":null,"votes_aye":null,"votes_nay":null,"legistar_web_url":"https://pittsburgh.legistar.com/gateway.aspx?M=F&ID=380B7BB4-BCF2-46FD-B8AE-74C13A8A44B1","title":"Resolution approving a Conditional Use Application under the Pittsburgh Code, Title Nine, Zoning, Article V, Chapter 911.2, Section 911.02.A.64 for Waldorf School of Pittsburgh for authorization to expand an Elementary/S"}},{"type":"Feature","geometry":{"type":"Point","coordinates":[-80.029685,40.420942]},"properties":{"file_number":"2018-0790","action_category":"map_amendment","action_subtype":"site_rezoning","residential_relevance":"unclear_special_district","status":"adopted","final_action":"Passed Finally","final_action_date":"2018-11-05","days_intro_to_final":73,"passed_pursuant_to_case_law":false,"from_districts":"CP","to_districts":"HC","cu_district_zoned":null,"housing_typology":null,"units_stated":null,"votes_aye":8,"votes_nay":0,"legistar_web_url":"https://pittsburgh.legistar.com/gateway.aspx?M=F&ID=67EE8198-524B-47E6-B99F-32AFD412F72F","title":"Ordinance amending the Pittsburgh Code, Title Nine, Zoning, Article I, Section 902.03 Zoning Map, by changing from CP, Commercial Planned Unit Development to HC, Highway Commercial, a certain property at 1054 Banksville "}},{"type":"Feature","geometry":{"type":"Point","coordinates":[-80.000764,40.438982]},"properties":{"file_number":"2018-0877","action_category":"conditional_use","action_subtype":"cu_transfer_of_development_rights","residential_relevance":"tdr_dwelling_units","status":"adopted","final_action":"Passed pursuant to Case Law","final_action_date":"2018-11-05","days_intro_to_final":52,"passed_pursuant_to_case_law":false,"from_districts":null,"to_districts":null,"cu_district_zoned":"GT-A","housing_typology":"multi_unit","units_stated":"75","votes_aye":null,"votes_nay":null,"legistar_web_url":"https://pittsburgh.legistar.com/gateway.aspx?M=F&ID=3AEF5B1F-2B50-4B44-87E1-C31404757AB2","title":"Resolution approving a Conditional Use Application under the Pittsburgh Code, Title 9, Zoning, Article IV, Chapter 910, Section 910.01.D.1 to allow JCS Capital LLC on behalf of Pittsburgh Spruce Street Properties, proper"}},{"type":"Feature","geometry":{"type":"Point","coordinates":[-79.912202,40.464796]},"properties":{"file_number":"2018-1008","action_category":"map_amendment","action_subtype":"site_rezoning","residential_relevance":"enables_more_housing_byright","status":"adopted","final_action":"Passed Finally","final_action_date":"2019-03-05","days_intro_to_final":134,"passed_pursuant_to_case_law":false,"from_districts":"R1A-H","to_districts":"LNC","cu_district_zoned":null,"housing_typology":null,"units_stated":null,"votes_aye":9,"votes_nay":0,"legistar_web_url":"https://pittsburgh.legistar.com/gateway.aspx?M=F&ID=1F7C536C-6311-46AE-8696-DB11E2D1FC10","title":"Ordinance amending the Pittsburgh Code, Title Nine, Zoning, Article I, Section 902.03 Zoning Map, by changing from R1A-H, Residential Single-Unit Attached, High Density District to LNC, Local Neighborhood Commercial Dist"}},{"type":"Feature","geometry":{"type":"Point","coordinates":[-79.999583,40.442768]},"properties":{"file_number":"2018-1083","action_category":"conditional_use","action_subtype":"cu_transfer_of_development_rights","residential_relevance":"tdr_dwelling_units","status":"adopted","final_action":"Passed pursuant to Case Law","final_action_date":"2019-01-15","days_intro_to_final":74,"passed_pursuant_to_case_law":false,"from_districts":null,"to_districts":null,"cu_district_zoned":"GT-C","housing_typology":"multi_unit","units_stated":"12","votes_aye":null,"votes_nay":null,"legistar_web_url":"https://pittsburgh.legistar.com/gateway.aspx?M=F&ID=3F5828D4-27CC-4BA1-8A38-9049BDCEC778","title":"Resolution approving a Conditional Use Application under the Pittsburgh Code, Title 9, Zoning, Article IV, Chapter 910, Section 910.01.D.1 to allow PMC/717 Liberty Associates, the transfer of Development Rights from 908 "}},{"type":"Feature","geometry":{"type":"Point","coordinates":[-80.009937,40.402327]},"properties":{"file_number":"2019-1492","action_category":"conditional_use","action_subtype":"cu_use_approval","residential_relevance":"non_residential","status":"adopted","final_action":"Passed pursuant to Case Law","final_action_date":"2019-05-20","days_intro_to_final":66,"passed_pursuant_to_case_law":false,"from_districts":null,"to_districts":null,"cu_district_zoned":"R1D-M","housing_typology":null,"units_stated":null,"votes_aye":null,"votes_nay":null,"legistar_web_url":"https://pittsburgh.legistar.com/gateway.aspx?M=F&ID=A839A52B-3FA3-4E12-BFC8-BBACED1334EA","title":"Resolution approving a Conditional Use Application under the Pittsburgh Code, Title Nine, Zoning, Article V, Chapter 911.2, Section 911.02.A.64 for West Liberty Elementary School for authorization to expand an Elementary"}},{"type":"Feature","geometry":{"type":"Point","coordinates":[-79.943857,40.442163]},"properties":{"file_number":"2019-1951","action_category":"map_amendment","action_subtype":"site_rezoning","residential_relevance":"no_change_in_residential_ceiling","status":"adopted","final_action":"Passed Finally","final_action_date":"2019-11-04","days_intro_to_final":73,"passed_pursuant_to_case_law":false,"from_districts":"P","to_districts":"EMI","cu_district_zoned":null,"housing_typology":null,"units_stated":null,"votes_aye":8,"votes_nay":0,"legistar_web_url":"https://pittsburgh.legistar.com/gateway.aspx?M=F&ID=A6386A6E-ED22-425F-A520-783915B1C491","title":"Ordinance amending the Pittsburgh Code, Title Nine, Zoning, Article I, Section 902.03 Zoning Map, by changing from P, Parks, to EMI, Educational Medical Institutional,, 6,500 SF one parcel near the intersection of Frew S"}},{"type":"Feature","geometry":{"type":"Point","coordinates":[-79.977195,40.426522]},"properties":{"file_number":"2019-2031","action_category":"map_amendment","action_subtype":"site_rezoning","residential_relevance":"reduces_housing_byright","status":"adopted","final_action":"Passed Finally","final_action_date":"2020-03-03","days_intro_to_final":179,"passed_pursuant_to_case_law":false,"from_districts":"EMI","to_districts":"UI","cu_district_zoned":null,"housing_typology":null,"units_stated":null,"votes_aye":8,"votes_nay":0,"legistar_web_url":"https://pittsburgh.legistar.com/gateway.aspx?M=F&ID=5F874BF0-5D54-4A48-BC80-1A872A38AD1A","title":"Ordinance amending the Pittsburgh Code, Title Nine, Zoning, Article I, Section 902.03 Zoning Map, by changing from EMI, Educational Medical Institution, to UI, Urban Industrial, property with frontage on Jane Street, 20t"}},{"type":"Feature","geometry":{"type":"Point","coordinates":[-79.92233,40.458957]},"properties":{"file_number":"2019-2249","action_category":"map_amendment","action_subtype":"site_rezoning","residential_relevance":"unclear_special_district","status":"adopted","final_action":"Passed Finally","final_action_date":"2020-03-17","days_intro_to_final":137,"passed_pursuant_to_case_law":false,"from_districts":"CP|LNC","to_districts":"UNC","cu_district_zoned":null,"housing_typology":null,"units_stated":null,"votes_aye":9,"votes_nay":0,"legistar_web_url":"https://pittsburgh.legistar.com/gateway.aspx?M=F&ID=1ECD0612-18E4-45A9-8E82-DE03342BCF5B","title":"Ordinance amending the Pittsburgh Code, Title Nine, Zoning, Article I, Section 902.03 Zoning Map, by changing from CP, Commercial Planned Unit Development, to UNC, Urban Neighborhood Commercial two parcels and a portion "}},{"type":"Feature","geometry":{"type":"Point","coordinates":[-79.986038,40.428509]},"properties":{"file_number":"2019-2418","action_category":"map_amendment","action_subtype":"site_rezoning","residential_relevance":"reduces_housing_byright","status":"adopted","final_action":"Passed Finally","final_action_date":"2020-05-05","days_intro_to_final":138,"passed_pursuant_to_case_law":false,"from_districts":"LNC","to_districts":"P","cu_district_zoned":null,"housing_typology":null,"units_stated":null,"votes_aye":9,"votes_nay":0,"legistar_web_url":"https://pittsburgh.legistar.com/gateway.aspx?M=F&ID=C293F1BF-4C6D-474B-A18F-08430DEF822E","title":"Ordinance amending the Pittsburgh Code, Title Nine, Zoning, Article I, Section 902.03 Zoning Map, by changing from LNC, Local Neighborhood Commercial, to P, Parks, property with frontage on East Carson St., S 12th St., a"}},{"type":"Feature","geometry":{"type":"Point","coordinates":[-79.997846,40.439144]},"properties":{"file_number":"2020-0926","action_category":"conditional_use","action_subtype":"cu_transfer_of_development_rights","residential_relevance":"tdr_dwelling_units","status":"adopted","final_action":"Passed pursuant to Case Law","final_action_date":"2021-02-02","days_intro_to_final":74,"passed_pursuant_to_case_law":false,"from_districts":null,"to_districts":null,"cu_district_zoned":"GT-B","housing_typology":"multi_unit","units_stated":"87","votes_aye":null,"votes_nay":null,"legistar_web_url":"https://pittsburgh.legistar.com/gateway.aspx?M=F&ID=83A431F6-C316-45AB-9D8C-AA9588517B61","title":"Resolution approving a Conditional Use Application under the Pittsburgh Code, Title Nine, Zoning, Article IV, Chapter 910, Section 910.01.D.1 to Meyer, Unkovic & Scott on behalf of 429 FORBES - KPP II FORBES AVENUE LLC, "}},{"type":"Feature","geometry":{"type":"Point","coordinates":[-79.927506,40.431132]},"properties":{"file_number":"2021-1231","action_category":"conditional_use","action_subtype":"cu_use_approval","residential_relevance":"residential_use","status":"adopted","final_action":"Passed pursuant to Case Law","final_action_date":"2021-04-20","days_intro_to_final":60,"passed_pursuant_to_case_law":false,"from_districts":null,"to_districts":null,"cu_district_zoned":"RM-M","housing_typology":"multi_suite_residential","units_stated":null,"votes_aye":null,"votes_nay":null,"legistar_web_url":"https://pittsburgh.legistar.com/gateway.aspx?M=F&ID=3F9BA601-EB0F-4913-92ED-715BE54641F6","title":"Resolution approving a Conditional Use Application under the Pittsburgh Code, Title Nine, Zoning, Article V, Chapter 911, Section 911.04.A.41 to Lubavitch Center Inc, property owner, for authorization to operate a Multi-"}},{"type":"Feature","geometry":{"type":"Point","coordinates":[-79.911874,40.465959]},"properties":{"file_number":"2021-1335","action_category":"map_amendment","action_subtype":"site_rezoning","residential_relevance":"enables_more_housing_byright","status":"adopted","final_action":"Passed Finally","final_action_date":"2021-09-21","days_intro_to_final":186,"passed_pursuant_to_case_law":false,"from_districts":"RM-H|R1D-H","to_districts":"LNC","cu_district_zoned":null,"housing_typology":null,"units_stated":null,"votes_aye":8,"votes_nay":0,"legistar_web_url":"https://pittsburgh.legistar.com/gateway.aspx?M=F&ID=64B42410-7E0B-4F56-AC46-5609089FE5B5","title":"Ordinance amending the Pittsburgh Code, Title Nine, Zoning, Article I, Section 902.03 Zoning Map, by changing from RM-H, Multi-Unit Residential High Density, to LNC, Local Neighborhood Commercial sixteen parcels in the A"}},{"type":"Feature","geometry":{"type":"Point","coordinates":[-79.926165,40.449337]},"properties":{"file_number":"2021-1336","action_category":"map_amendment","action_subtype":"site_rezoning","residential_relevance":"unclear_special_district","status":"adopted","final_action":"Passed Finally","final_action_date":"2021-09-21","days_intro_to_final":186,"passed_pursuant_to_case_law":false,"from_districts":"RM-M|R1D-L|R1D-VL|R2-M|RP","to_districts":"EMI","cu_district_zoned":null,"housing_typology":null,"units_stated":null,"votes_aye":8,"votes_nay":0,"legistar_web_url":"https://pittsburgh.legistar.com/gateway.aspx?M=F&ID=484CFB1D-01D6-4210-ABDA-FA6D26D302E3","title":"Ordinance amending the Pittsburgh Code, Title Nine, Zoning, Article I, Section 902.03 Zoning Map, by changing from RM-M, Multi-Unit Residential, Moderate Density, R1D-L, Single-Unit Detached Residential, Low Density, and"}},{"type":"Feature","geometry":{"type":"Point","coordinates":[-80.036067,40.406377]},"properties":{"file_number":"2021-1530","action_category":"map_amendment","action_subtype":"site_rezoning","residential_relevance":"enables_more_housing_byright","status":"adopted","final_action":"Passed Finally","final_action_date":"2021-07-27","days_intro_to_final":67,"passed_pursuant_to_case_law":false,"from_districts":"P","to_districts":"NDI","cu_district_zoned":null,"housing_typology":null,"units_stated":null,"votes_aye":8,"votes_nay":0,"legistar_web_url":"https://pittsburgh.legistar.com/gateway.aspx?M=F&ID=B577ED4F-FCA7-46A1-93FC-7E42FCACF786","title":"Ordinance amending the Pittsburgh Code, Title Nine, Zoning, Article I, Section 902.03 Zoning Map, by changing from P, Parks, to NDI, Neighborhood Industrial, a portion of one parcel in the Allegheny County Block and Lot "}},{"type":"Feature","geometry":{"type":"Point","coordinates":[-79.987901,40.43785]},"properties":{"file_number":"2021-2123","action_category":"map_amendment","action_subtype":"site_rezoning","residential_relevance":"unclear_special_district","status":"adopted","final_action":"Passed Finally","final_action_date":"2022-01-18","days_intro_to_final":81,"passed_pursuant_to_case_law":false,"from_districts":"UPR-A","to_districts":"EMI","cu_district_zoned":null,"housing_typology":null,"units_stated":null,"votes_aye":7,"votes_nay":0,"legistar_web_url":"https://pittsburgh.legistar.com/gateway.aspx?M=F&ID=9DED3C78-BF8B-49FE-9793-A81E2BC4CDAE","title":"Ordinance amending the Pittsburgh Code, Title Nine, Zoning, Article I, Section 902.03 Zoning Map, by changing from Uptown Public Realm, Subdistrict A (UPR-A) to Educational/Medical Institution (EMI), a certain property a"}},{"type":"Feature","geometry":{"type":"Point","coordinates":[-79.951572,40.463818]},"properties":{"file_number":"2022-0088","action_category":"map_amendment","action_subtype":"site_rezoning","residential_relevance":"enables_more_housing_byright","status":"adopted","final_action":"Passed Finally","final_action_date":"2022-04-05","days_intro_to_final":60,"passed_pursuant_to_case_law":false,"from_districts":"R1A-H","to_districts":"LNC","cu_district_zoned":null,"housing_typology":null,"units_stated":null,"votes_aye":8,"votes_nay":0,"legistar_web_url":"https://pittsburgh.legistar.com/gateway.aspx?M=F&ID=BF49CEEA-1571-4CA3-9274-99236404DB7C","title":"Ordinance amending the Pittsburgh Code, Title Nine, Zoning, Article I, Section 902.03 Zoning Map, by changing from R1A-H, Residential Single-Unit Attached High Density, to LNC, Local Neighborhood Commercial, a portion of"}},{"type":"Feature","geometry":{"type":"Point","coordinates":[-80.001797,40.432017]},"properties":{"file_number":"2022-0223","action_category":"sp_pud","action_subtype":"sp_text_amendment","residential_relevance":"sp_text_or_other+text_mentions_housing","status":"held","final_action":"Public Hearing Held","final_action_date":"2022-05-24","days_intro_to_final":null,"passed_pursuant_to_case_law":false,"from_districts":null,"to_districts":null,"cu_district_zoned":null,"housing_typology":"student_housing_dormitory|multi_suite_residential|senior_elderly|personal_care|custodial_care_group_residential|multi_unit|mixed_use_with_residential","units_stated":null,"votes_aye":null,"votes_nay":null,"legistar_web_url":"https://pittsburgh.legistar.com/gateway.aspx?M=F&ID=23DF6A9D-9A6D-41B7-B162-32E6D0D0D399","title":"Ordinance amending the Pittsburgh Code, Title Nine, Zoning Code, Article IV, Planning Districts, 908 Public Realm Districts and 909.01 Specially Planned Districts and Article V, Use Regulations, Chapter 911, Primary Uses"}},{"type":"Feature","geometry":{"type":"Point","coordinates":[-79.999683,40.441461]},"properties":{"file_number":"2022-0291","action_category":"conditional_use","action_subtype":"cu_transfer_of_development_rights","residential_relevance":"tdr_dwelling_units","status":"adopted","final_action":"Passed pursuant to Case Law","final_action_date":"2022-06-21","days_intro_to_final":60,"passed_pursuant_to_case_law":false,"from_districts":null,"to_districts":null,"cu_district_zoned":"GT-A","housing_typology":"multi_unit","units_stated":"33|5","votes_aye":null,"votes_nay":null,"legistar_web_url":"https://pittsburgh.legistar.com/gateway.aspx?M=F&ID=3E0A67CF-8EFB-48C2-A3FE-F532383007A4","title":"Resolution approving a Conditional Use Application under the Pittsburgh Code, Title Nine, Zoning, Article IV, Chapter 910, Section 910.01.D.1 to Meyer, Unkovic & Scott on behalf of 300 SIXTH AVENUE PROPERTY LLC, for the "}},{"type":"Feature","geometry":{"type":"Point","coordinates":[-79.944597,40.44694]},"properties":{"file_number":"2022-0754","action_category":"map_amendment","action_subtype":"site_rezoning","residential_relevance":"reduces_housing_byright","status":"adopted","final_action":"Passed Finally","final_action_date":"2022-11-21","days_intro_to_final":66,"passed_pursuant_to_case_law":false,"from_districts":"RM-H|R1D-L","to_districts":"EMI","cu_district_zoned":null,"housing_typology":null,"units_stated":null,"votes_aye":7,"votes_nay":0,"legistar_web_url":"https://pittsburgh.legistar.com/gateway.aspx?M=F&ID=8AA29396-8D20-427C-B8B9-7D2358F9F8A1","title":"Ordinance amending the Pittsburgh Code, Title Nine, Zoning, Article I, Section 902.03 Zoning Map, by changing from RM-H, Multi-Unit Residential, High Density and R1D-L, Residential Single-Unit Detached Residential, Low D"}},{"type":"Feature","geometry":{"type":"Point","coordinates":[-79.914469,40.460163]},"properties":{"file_number":"2022-0817","action_category":"map_amendment","action_subtype":"site_rezoning","residential_relevance":"reduces_housing_byright","status":"adopted","final_action":"Passed Finally","final_action_date":"2022-12-28","days_intro_to_final":82,"passed_pursuant_to_case_law":false,"from_districts":"LNC","to_districts":"UI","cu_district_zoned":null,"housing_typology":null,"units_stated":null,"votes_aye":7,"votes_nay":0,"legistar_web_url":"https://pittsburgh.legistar.com/gateway.aspx?M=F&ID=F839EA41-42C2-41B5-868E-8584F9D93BE2","title":"Ordinance amending the Pittsburgh Code, Title Nine, Zoning, Article I, Section 902.03 Zoning Map, by changing from LN., Local Neighborhood Commercial to UI, Urban Industrial, 3 parcels in the Allegheny County Block and L"}},{"type":"Feature","geometry":{"type":"Point","coordinates":[-79.906804,40.457933]},"properties":{"file_number":"2023-1393","action_category":"map_amendment","action_subtype":"site_rezoning","residential_relevance":"reduces_housing_byright","status":"adopted","final_action":"Passed Finally","final_action_date":"2023-09-26","days_intro_to_final":179,"passed_pursuant_to_case_law":false,"from_districts":"R1D-L","to_districts":"UI","cu_district_zoned":null,"housing_typology":null,"units_stated":null,"votes_aye":8,"votes_nay":0,"legistar_web_url":"https://pittsburgh.legistar.com/gateway.aspx?M=F&ID=73B3B50C-628F-496D-B575-9D14614E8CD8","title":"Ordinance amending the Pittsburgh Code, Title Nine, Zoning, Article I, Section 902.03 Zoning Map, by changing from R1D-L, Residential Single-Unit Detached, Low Density District to UI, Urban Industrial District certain pr"}},{"type":"Feature","geometry":{"type":"Point","coordinates":[-79.918473,40.458818]},"properties":{"file_number":"2023-1723","action_category":"map_amendment","action_subtype":"site_rezoning","residential_relevance":"unclear_special_district","status":"adopted","final_action":"Passed Finally","final_action_date":"2025-07-22","days_intro_to_final":743,"passed_pursuant_to_case_law":false,"from_districts":"HC|UI","to_districts":"SP-9|UI","cu_district_zoned":null,"housing_typology":null,"units_stated":null,"votes_aye":9,"votes_nay":0,"legistar_web_url":"https://pittsburgh.legistar.com/gateway.aspx?M=F&ID=5C2738CA-809E-429A-A263-077269A6EA98","title":"Ordinance amending the Pittsburgh Code, Title Nine, Zoning, Article I, Section 902.03 Zoning Map, by changing from HC, Highway Commercial District to SP-9/Bakery Square District, certain property roughly bounded by Penn "}},{"type":"Feature","geometry":{"type":"Point","coordinates":[-79.958443,40.438506]},"properties":{"file_number":"2023-2330","action_category":"map_amendment","action_subtype":"site_rezoning","residential_relevance":"enables_more_housing_byright","status":"adopted","final_action":"Passed Finally","final_action_date":"2024-10-08","days_intro_to_final":295,"passed_pursuant_to_case_law":false,"from_districts":"UC-E","to_districts":"R-MU","cu_district_zoned":null,"housing_typology":null,"units_stated":null,"votes_aye":9,"votes_nay":0,"legistar_web_url":"https://pittsburgh.legistar.com/gateway.aspx?M=F&ID=562D7569-56CF-49B7-A090-D0B60FB61B12","title":"Ordinance amending the Pittsburgh Code, Title Nine, Zoning, Article 902.03, Zoning Map, by changing from UC-E, Urban Center Employment to R-MU, Residential - Mixed Use, certain properties located on McKee Place in the 4t"}},{"type":"Feature","geometry":{"type":"Point","coordinates":[-79.921442,40.458481]},"properties":{"file_number":"2024-0221","action_category":"map_amendment","action_subtype":"site_rezoning","residential_relevance":"no_change_in_residential_ceiling","status":"adopted","final_action":"Passed Finally","final_action_date":"2024-10-22","days_intro_to_final":235,"passed_pursuant_to_case_law":false,"from_districts":"RM-H","to_districts":"UNC","cu_district_zoned":null,"housing_typology":null,"units_stated":null,"votes_aye":9,"votes_nay":0,"legistar_web_url":"https://pittsburgh.legistar.com/gateway.aspx?M=F&ID=8A6259C7-BCF3-4C92-A74B-E755FDA879E3","title":"Ordinance amending the Pittsburgh Code, Title Nine, Zoning, Article 902.03, Zoning Map, by changing From RM-H, Residential Multi-Unit - High Density to UNC - Urban Neighborhood Commercial, certain properties located on S"}},{"type":"Feature","geometry":{"type":"Point","coordinates":[-80.001797,40.432017]},"properties":{"file_number":"2024-0277","action_category":"sp_pud","action_subtype":"sp_text_amendment","residential_relevance":"sp_text_or_other+text_mentions_housing","status":"adopted","final_action":"Passed Finally","final_action_date":"2024-05-14","days_intro_to_final":60,"passed_pursuant_to_case_law":false,"from_districts":null,"to_districts":null,"cu_district_zoned":null,"housing_typology":"student_housing_dormitory|multi_suite_residential|senior_elderly|personal_care|custodial_care_group_residential|multi_unit|mixed_use_with_residential","units_stated":null,"votes_aye":7,"votes_nay":0,"legistar_web_url":"https://pittsburgh.legistar.com/gateway.aspx?M=F&ID=C15A37BD-DFBD-4611-845E-24069ECBA7BC","title":"Ordinance amending the Pittsburgh Code, Title Nine, Zoning Code, Article IV, Planning Districts, 908 Public Realm Districts and 909.01 Specially Planned Districts and Article V, Use Regulations, Chapter 911, Primary Uses"}},{"type":"Feature","geometry":{"type":"Point","coordinates":[-79.895676,40.453768]},"properties":{"file_number":"2024-0525","action_category":"map_amendment","action_subtype":"site_rezoning","residential_relevance":"enables_more_housing_byright","status":"adopted","final_action":"Passed Finally","final_action_date":"2024-11-25","days_intro_to_final":185,"passed_pursuant_to_case_law":false,"from_districts":"R1A-VH","to_districts":"LNC","cu_district_zoned":null,"housing_typology":null,"units_stated":null,"votes_aye":9,"votes_nay":0,"legistar_web_url":"https://pittsburgh.legistar.com/gateway.aspx?M=F&ID=40777AC3-8CE5-4F66-B324-F545AFEC81C8","title":"Ordinance amending the Pittsburgh Code, Title Nine, Zoning, Article I, Section 902.03 Zoning Map, by changing from R1A-VH, Residential Single-Unit Attached, Very High-Density District to LNC, Local Neighborhood Commercia"}},{"type":"Feature","geometry":{"type":"Point","coordinates":[-79.928596,40.465829]},"properties":{"file_number":"2024-0819","action_category":"map_amendment","action_subtype":"site_rezoning","residential_relevance":"enables_more_housing_byright","status":"adopted","final_action":"Passed Finally","final_action_date":"2024-12-10","days_intro_to_final":109,"passed_pursuant_to_case_law":false,"from_districts":"R2-M|RM-M","to_districts":"RM-VH","cu_district_zoned":null,"housing_typology":null,"units_stated":null,"votes_aye":9,"votes_nay":0,"legistar_web_url":"https://pittsburgh.legistar.com/gateway.aspx?M=F&ID=ECAD21A1-5D87-4414-87D9-0DB500E93DD0","title":"Ordinance amending the Pittsburgh Code, Title Nine, Zoning Code, Article I, Introduction and Establishment, Section 902.03, Zoning Map, to rezone parcels 83-J-300, 83- K-104, and 83-K-102 from R2-M (Two-Unit Residential,"}},{"type":"Feature","geometry":{"type":"Point","coordinates":[-79.909936,40.419448]},"properties":{"file_number":"2024-0983","action_category":"conditional_use","action_subtype":"cu_use_approval","residential_relevance":"non_residential","status":"adopted","final_action":"Passed pursuant to Case Law","final_action_date":"2024-11-19","days_intro_to_final":53,"passed_pursuant_to_case_law":false,"from_districts":null,"to_districts":null,"cu_district_zoned":"RP","housing_typology":null,"units_stated":null,"votes_aye":null,"votes_nay":null,"legistar_web_url":"https://pittsburgh.legistar.com/gateway.aspx?M=F&ID=84ECEB4C-ED47-44BF-AE7A-A41D0D6C60BA","title":"Resolution approving a Conditional Use Application under the Pittsburgh Code, Title Nine, Zoning, Article V, Chapter 911, Section 911.04.A.22 to the Urban Redevelopment Authority of Pittsburgh, property owner, for author"}},{"type":"Feature","geometry":{"type":"Point","coordinates":[-79.904565,40.484759]},"properties":{"file_number":"2024-1042","action_category":"conditional_use","action_subtype":"cu_use_approval","residential_relevance":"non_residential","status":"adopted","final_action":"Passed pursuant to Case Law","final_action_date":"2024-12-23","days_intro_to_final":73,"passed_pursuant_to_case_law":false,"from_districts":null,"to_districts":null,"cu_district_zoned":"RIV-IMU","housing_typology":null,"units_stated":null,"votes_aye":null,"votes_nay":null,"legistar_web_url":"https://pittsburgh.legistar.com/gateway.aspx?M=F&ID=6B4AE965-F105-4610-AC5E-1BB7180CE3EA","title":"Resolution approving a Conditional Use Application under the Pittsburgh Code, Title Nine, Zoning, Article V, Chapter 911, Section 911.04.A.72 to Pittsburgh Water and Sewer Authority, property owner, for a Utility, Genera"}},{"type":"Feature","geometry":{"type":"Point","coordinates":[-80.030875,40.469853]},"properties":{"file_number":"2025-1417","action_category":"map_amendment","action_subtype":"site_rezoning","residential_relevance":"enables_more_housing_byright","status":"adopted","final_action":"Passed Finally","final_action_date":"2025-10-28","days_intro_to_final":284,"passed_pursuant_to_case_law":false,"from_districts":"R1D-H","to_districts":"UC-MU","cu_district_zoned":null,"housing_typology":null,"units_stated":null,"votes_aye":7,"votes_nay":0,"legistar_web_url":"https://pittsburgh.legistar.com/gateway.aspx?M=F&ID=900C7E62-9A9F-49E2-A024-A179D38D8DDC","title":"Ordinance amending the Pittsburgh Code, Title Nine, Zoning Code, Article I, Introduction and Establishment, Section 902.03, Zoning Map, to rezone parcels 45-A-166 and 45-E-43 from R1D-H (Single Unit Detached Residential,"}},{"type":"Feature","geometry":{"type":"Point","coordinates":[-79.933049,40.473001]},"properties":{"file_number":"2025-1851","action_category":"conditional_use","action_subtype":"cu_use_approval","residential_relevance":"non_residential","status":"adopted","final_action":"Passed Finally","final_action_date":"2025-07-01","days_intro_to_final":46,"passed_pursuant_to_case_law":false,"from_districts":null,"to_districts":null,"cu_district_zoned":"R1D-L","housing_typology":null,"units_stated":null,"votes_aye":8,"votes_nay":0,"legistar_web_url":"https://pittsburgh.legistar.com/gateway.aspx?M=F&ID=DEB23EAA-168D-4191-8E64-71689EBD2490","title":"Resolution approving a Conditional Use Application under the Pittsburgh Code, Title Nine, Zoning, Article V, Chapter 911, Section 911.04.A.64 to the Neighborhood Academy, property owner, for authorization to construct ad"}},{"type":"Feature","geometry":{"type":"Point","coordinates":[-79.943762,40.469428]},"properties":{"file_number":"2025-1938","action_category":"map_amendment","action_subtype":"site_rezoning","residential_relevance":"unclear_special_district","status":"adopted","final_action":"Passed Finally","final_action_date":"2025-10-21","days_intro_to_final":130,"passed_pursuant_to_case_law":false,"from_districts":"R1D-M|R1D-H|RP","to_districts":"P","cu_district_zoned":null,"housing_typology":null,"units_stated":null,"votes_aye":9,"votes_nay":0,"legistar_web_url":"https://pittsburgh.legistar.com/gateway.aspx?M=F&ID=F9B429F3-EC3F-4CA5-BD6F-ACF8EB37F70E","title":"Ordinance amending the Pittsburgh Code, Title Nine, Zoning Code, Article I, Introduction and Establishment, Section 902.03, Zoning Map, to rezone parcels 50-F-260, 50-F-264, 50-F-265, 50-F-266, 50-F-269, 50-F-270, 50-F-2"}},{"type":"Feature","geometry":{"type":"Point","coordinates":[-79.943632,40.402423]},"properties":{"file_number":"2025-1993","action_category":"map_amendment","action_subtype":"site_rezoning","residential_relevance":"enables_more_housing_byright","status":"adopted","final_action":"Passed Finally, As Amended","final_action_date":"2026-06-02","days_intro_to_final":340,"passed_pursuant_to_case_law":false,"from_districts":"RIV-GI","to_districts":"RIV-IMU","cu_district_zoned":null,"housing_typology":null,"units_stated":null,"votes_aye":8,"votes_nay":0,"legistar_web_url":"https://pittsburgh.legistar.com/gateway.aspx?M=F&ID=CC6D8345-345E-4067-B577-ED9615B11162","title":"Ordinance amending the Pittsburgh Code, Title Nine, Zoning Code, Article I, Introduction and Establishment, Section 902.03, Zoning Map, to rezone parcels [56-N-300, 56-N-410,] 56-J-325-0-3, 56-N-96, 56-N-97-A, 56-N-97, 5"}},{"type":"Feature","geometry":{"type":"Point","coordinates":[-79.894919,40.486658]},"properties":{"file_number":"2025-2151","action_category":"conditional_use","action_subtype":"cu_use_approval","residential_relevance":"non_residential","status":"adopted","final_action":"Passed pursuant to Case Law","final_action_date":"2025-10-07","days_intro_to_final":46,"passed_pursuant_to_case_law":false,"from_districts":null,"to_districts":null,"cu_district_zoned":"RIV-IMU","housing_typology":null,"units_stated":null,"votes_aye":null,"votes_nay":null,"legistar_web_url":"https://pittsburgh.legistar.com/gateway.aspx?M=F&ID=876474CB-9639-4ABE-8C82-195E7A4A4CFB","title":"Resolution approving Conditional Use Application under the Pittsburgh Code, Title Nine, Zoning, Article V, Chapter 911, Section 911.02 for Pittsburgh Water, property owners, for authorization of new construction and site"}},{"type":"Feature","geometry":{"type":"Point","coordinates":[-80.041619,40.407637]},"properties":{"file_number":"2025-2224","action_category":"map_amendment","action_subtype":"site_rezoning","residential_relevance":"unclear_special_district","status":"pending","final_action":"Affirmatively Recommended","final_action_date":"2026-09-23","days_intro_to_final":null,"passed_pursuant_to_case_law":false,"from_districts":"RM-M|R1D-L|P","to_districts":"RP","cu_district_zoned":null,"housing_typology":null,"units_stated":null,"votes_aye":null,"votes_nay":null,"legistar_web_url":"https://pittsburgh.legistar.com/gateway.aspx?M=F&ID=324FAD83-5291-41FA-A25D-5A18192BD249","title":"Ordinance amending the Pittsburgh Code, Title Nine, Zoning Code, Article I, Introduction and Establishment, Section 902.03, Zoning Map, to rezone parcels 36-K-30, 36-K-90, and 36-K-94-1 from RM-M, Residential Multi-Unit "}},{"type":"Feature","geometry":{"type":"Point","coordinates":[-80.035047,40.435891]},"properties":{"file_number":"2025-2467","action_category":"map_amendment","action_subtype":"sp_district_created","residential_relevance":"unclear_special_district","status":"expired_end_of_session","final_action":"Died due to expiration of legislative term","final_action_date":"2025-12-31","days_intro_to_final":54,"passed_pursuant_to_case_law":false,"from_districts":"P|LNC|H|UI","to_districts":"SP-13","cu_district_zoned":null,"housing_typology":null,"units_stated":null,"votes_aye":null,"votes_nay":null,"legistar_web_url":"https://pittsburgh.legistar.com/gateway.aspx?M=F&ID=01106785-4CA1-4E7B-A09C-725B1A3D0D53","title":"Ordinance supplementing the Pittsburgh Code of Ordinances, Title Nine: Zoning Code, Article I: Introduction and Establishment, Chapter 902: Zoning Districts in General, at Section 902.01: Establishment of Zoning District"}},{"type":"Feature","geometry":{"type":"Point","coordinates":[-79.980277,40.437701]},"properties":{"file_number":"2026-0481","action_category":"conditional_use","action_subtype":"cu_use_approval","residential_relevance":"non_residential","status":"adopted","final_action":"Passed pursuant to Case Law","final_action_date":"2026-06-23","days_intro_to_final":46,"passed_pursuant_to_case_law":false,"from_districts":null,"to_districts":null,"cu_district_zoned":"UPR-B","housing_typology":null,"units_stated":null,"votes_aye":null,"votes_nay":null,"legistar_web_url":"https://pittsburgh.legistar.com/gateway.aspx?M=F&ID=D6705358-97EB-4007-A201-1D0B930A9D6C","title":"Resolution approving a Conditional Use Application under the Pittsburgh Code, Title Nine, Zoning, Article V, Chapter 911, Section 911.04.A.64 to Passport Academy Charter School, applicant, for authorization to operate a "}},{"type":"Feature","geometry":{"type":"Point","coordinates":[-79.907689,40.457705]},"properties":{"file_number":"2026-0513","action_category":"map_amendment","action_subtype":"site_rezoning","residential_relevance":"reduces_housing_byright","status":"adopted","final_action":"Passed Finally","final_action_date":"2026-07-21","days_intro_to_final":67,"passed_pursuant_to_case_law":false,"from_districts":"R1D-L","to_districts":"UI","cu_district_zoned":null,"housing_typology":null,"units_stated":null,"votes_aye":9,"votes_nay":0,"legistar_web_url":"https://pittsburgh.legistar.com/gateway.aspx?M=F&ID=00E4DA92-C056-4A99-9AF5-72048F55F228","title":"Ordinance amending the Pittsburgh Code, Title Nine, Zoning Code, Article I, Introduction and Establishment, Section 902.03, Zoning Map, to rezone parcels 125-G-13, 125-G-14, 125-G-15 from Residential Single Unit Detached"}},{"type":"Feature","geometry":{"type":"Point","coordinates":[-80.010816,40.433589]},"properties":{"file_number":"2026-0609","action_category":"map_amendment","action_subtype":"site_rezoning","residential_relevance":"unclear_special_district","status":"pending","final_action":"Referred for Report and Recommendation","final_action_date":"2026-06-17","days_intro_to_final":null,"passed_pursuant_to_case_law":false,"from_districts":"GPR-A","to_districts":"R-MU","cu_district_zoned":null,"housing_typology":null,"units_stated":null,"votes_aye":null,"votes_nay":null,"legistar_web_url":"https://pittsburgh.legistar.com/gateway.aspx?M=F&ID=4514745E-DB6E-41BF-908C-7B68EB1D91A2","title":"Ordinance amending the Pittsburgh Code, Title Nine, Zoning Code, Article I, Introduction and Establishment, Section 902.03, Zoning Map, to rezone parcels 1-P-28, 1-P-29, 1-P-36, 1-P-40, 1-P-40-1, 1-P-40-102, 1-P-40-103, "}}],"metadata":{"source":"research/datasets/legal-feasibility/council-land-use-actions.geojson (Legistar, pulled 2026-09-26)","builtAt":"2026-09-26T19:20:28.157Z"}}