{"type":"FeatureCollection","features":[{"type":"Feature","geometry":{"type":"Point","coordinates":[-80.055,40.487]},"properties":{"year":2023,"fatal":false,"ped":false,"bike":false}},{"type":"Feature","geometry":{"type":"Point","coordinates":[-79.9494,40.366]},"properties":{"year":2023,"fatal":false,"ped":false,"bike":false}},{"type":"Feature","geometry":{"type":"Point","coordinates":[-79.7232,40.5185]},"properties":{"year":2023,"fatal":false,"ped":false,"bike":false}},{"type":"Feature","geometry":{"type":"Point","coordinates":[-80.001,40.4513]},"properties":{"year":2023,"fatal":false,"ped":true,"bike":false}},{"type":"Feature","geometry":{"type":"Point","coordinates":[-80.0274,40.3451]},"properties":{"year":2023,"fatal":false,"ped":false,"bike":false}},{"type":"Feature","geometry":{"type":"Point","coordinates":[-79.9272,40.4506]},"properties":{"year":2023,"fatal":false,"ped":false,"bike":false}},{"type":"Feature","geometry":{"type":"Point","coordinates":[-79.8847,40.4541]},"properties":{"year":2023,"fatal":false,"ped":false,"bike":false}},{"type":"Feature","geometry":{"type":"Point","coordinates":[-79.9269,40.4191]},"properties":{"year":2023,"fatal":false,"ped":false,"bike":false}},{"type":"Feature","geometry":{"type":"Point","coordinates":[-79.9733,40.4355]},"properties":{"year":2023,"fatal":true,"ped":true,"bike":false}},{"type":"Feature","geometry":{"type":"Point","coordinates":[-80.0006,40.4431]},"properties":{"year":2023,"fatal":false,"ped":true,"bike":false}},{"type":"Feature","geometry":{"type":"Point","coordinates":[-80.0449,40.3853]},"properties":{"year":2023,"fatal":false,"ped":false,"bike":false}},{"type":"Feature","geometry":{"type":"Point","coordinates":[-79.9515,40.6109]},"properties":{"year":2023,"fatal":false,"ped":false,"bike":false}},{"type":"Feature","geometry":{"type":"Point","coordinates":[-79.8885,40.5924]},"properties":{"year":2023,"fatal":true,"ped":false,"bike":false}},{"type":"Feature","geometry":{"type":"Point","coordinates":[-80.0198,40.4258]},"properties":{"year":2023,"fatal":false,"ped":false,"bike":false}},{"type":"Feature","geometry":{"type":"Point","coordinates":[-80.0239,40.4425]},"properties":{"year":2023,"fatal":true,"ped":true,"bike":false}},{"type":"Feature","geometry":{"type":"Point","coordinates":[-79.9592,40.5594]},"properties":{"year":2023,"fatal":false,"ped":false,"bike":false}},{"type":"Feature","geometry":{"type":"Point","coordinates":[-79.9553,40.4105]},"properties":{"year":2023,"fatal":false,"ped":true,"bike":false}},{"type":"Feature","geometry":{"type":"Point","coordinates":[-79.8448,40.3737]},"properties":{"year":2023,"fatal":false,"ped":false,"bike":false}},{"type":"Feature","geometry":{"type":"Point","coordinates":[-80.0089,40.4393]},"properties":{"year":2023,"fatal":false,"ped":false,"bike":false}},{"type":"Feature","geometry":{"type":"Point","coordinates":[-80.02,40.5522]},"properties":{"year":2023,"fatal":false,"ped":false,"bike":false}},{"type":"Feature","geometry":{"type":"Point","coordinates":[-79.782,40.4367]},"properties":{"year":2023,"fatal":false,"ped":true,"bike":false}},{"type":"Feature","geometry":{"type":"Point","coordinates":[-79.8636,40.4671]},"properties":{"year":2023,"fatal":false,"ped":true,"bike":false}},{"type":"Feature","geometry":{"type":"Point","coordinates":[-79.89,40.3909]},"properties":{"year":2023,"fatal":false,"ped":false,"bike":false}},{"type":"Feature","geometry":{"type":"Point","coordinates":[-80.0084,40.515]},"properties":{"year":2023,"fatal":true,"ped":true,"bike":false}},{"type":"Feature","geometry":{"type":"Point","coordinates":[-79.9105,40.4528]},"properties":{"year":2023,"fatal":false,"ped":true,"bike":false}},{"type":"Feature","geometry":{"type":"Point","coordinates":[-80.0089,40.4432]},"properties":{"year":2023,"fatal":false,"ped":false,"bike":false}},{"type":"Feature","geometry":{"type":"Point","coordinates":[-79.8651,40.3515]},"properties":{"year":2023,"fatal":false,"ped":false,"bike":false}},{"type":"Feature","geometry":{"type":"Point","coordinates":[-79.886,40.4551]},"properties":{"year":2023,"fatal":false,"ped":true,"bike":false}},{"type":"Feature","geometry":{"type":"Point","coordinates":[-79.9679,40.3504]},"properties":{"year":2023,"fatal":true,"ped":false,"bike":false}},{"type":"Feature","geometry":{"type":"Point","coordinates":[-79.9657,40.4558]},"properties":{"year":2023,"fatal":false,"ped":true,"bike":false}},{"type":"Feature","geometry":{"type":"Point","coordinates":[-79.9275,40.4323]},"properties":{"year":2023,"fatal":false,"ped":false,"bike":false}},{"type":"Feature","geometry":{"type":"Point","coordinates":[-80.1135,40.6527]},"properties":{"year":2023,"fatal":false,"ped":false,"bike":false}},{"type":"Feature","geometry":{"type":"Point","coordinates":[-79.9658,40.4925]},"properties":{"year":2023,"fatal":false,"ped":false,"bike":false}},{"type":"Feature","geometry":{"type":"Point","coordinates":[-79.804,40.4626]},"properties":{"year":2023,"fatal":false,"ped":false,"bike":false}},{"type":"Feature","geometry":{"type":"Point","coordinates":[-79.8925,40.4306]},"properties":{"year":2023,"fatal":false,"ped":true,"bike":false}},{"type":"Feature","geometry":{"type":"Point","coordinates":[-79.9474,40.5995]},"properties":{"year":2023,"fatal":false,"ped":false,"bike":false}},{"type":"Feature","geometry":{"type":"Point","coordinates":[-80.0997,40.4452]},"properties":{"year":2023,"fatal":true,"ped":false,"bike":false}},{"type":"Feature","geometry":{"type":"Point","coordinates":[-79.9178,40.4443]},"properties":{"year":2023,"fatal":true,"ped":true,"bike":false}},{"type":"Feature","geometry":{"type":"Point","coordinates":[-79.9205,40.4441]},"properties":{"year":2023,"fatal":false,"ped":false,"bike":false}},{"type":"Feature","geometry":{"type":"Point","coordinates":[-79.9188,40.4614]},"properties":{"year":2023,"fatal":false,"ped":true,"bike":false}},{"type":"Feature","geometry":{"type":"Point","coordinates":[-80.0527,40.443]},"properties":{"year":2023,"fatal":false,"ped":false,"bike":false}},{"type":"Feature","geometry":{"type":"Point","coordinates":[-80.0711,40.6454]},"properties":{"year":2023,"fatal":true,"ped":false,"bike":false}},{"type":"Feature","geometry":{"type":"Point","coordinates":[-79.9872,40.4485]},"properties":{"year":2023,"fatal":false,"ped":false,"bike":true}},{"type":"Feature","geometry":{"type":"Point","coordinates":[-79.9181,40.45]},"properties":{"year":2023,"fatal":false,"ped":false,"bike":false}},{"type":"Feature","geometry":{"type":"Point","coordinates":[-79.902,40.3879]},"properties":{"year":2023,"fatal":false,"ped":true,"bike":false}},{"type":"Feature","geometry":{"type":"Point","coordinates":[-79.7881,40.573]},"properties":{"year":2023,"fatal":false,"ped":false,"bike":false}},{"type":"Feature","geometry":{"type":"Point","coordinates":[-80.0387,40.3421]},"properties":{"year":2023,"fatal":false,"ped":true,"bike":false}},{"type":"Feature","geometry":{"type":"Point","coordinates":[-80.0892,40.4805]},"properties":{"year":2023,"fatal":false,"ped":false,"bike":false}},{"type":"Feature","geometry":{"type":"Point","coordinates":[-80.0037,40.5114]},"properties":{"year":2023,"fatal":false,"ped":false,"bike":false}},{"type":"Feature","geometry":{"type":"Point","coordinates":[-80.1008,40.3702]},"properties":{"year":2023,"fatal":false,"ped":true,"bike":false}},{"type":"Feature","geometry":{"type":"Point","coordinates":[-79.8526,40.4735]},"properties":{"year":2023,"fatal":false,"ped":false,"bike":false}},{"type":"Feature","geometry":{"type":"Point","coordinates":[-79.9667,40.4333]},"properties":{"year":2023,"fatal":false,"ped":false,"bike":false}},{"type":"Feature","geometry":{"type":"Point","coordinates":[-79.8392,40.4319]},"properties":{"year":2023,"fatal":false,"ped":false,"bike":false}},{"type":"Feature","geometry":{"type":"Point","coordinates":[-79.8431,40.3306]},"properties":{"year":2023,"fatal":false,"ped":true,"bike":false}},{"type":"Feature","geometry":{"type":"Point","coordinates":[-80.1282,40.5111]},"properties":{"year":2023,"fatal":false,"ped":false,"bike":false}},{"type":"Feature","geometry":{"type":"Point","coordinates":[-79.8348,40.4968]},"properties":{"year":2023,"fatal":false,"ped":false,"bike":false}},{"type":"Feature","geometry":{"type":"Point","coordinates":[-79.8122,40.3344]},"properties":{"year":2023,"fatal":false,"ped":false,"bike":false}},{"type":"Feature","geometry":{"type":"Point","coordinates":[-79.882,40.4191]},"properties":{"year":2023,"fatal":false,"ped":false,"bike":false}},{"type":"Feature","geometry":{"type":"Point","coordinates":[-79.926,40.444]},"properties":{"year":2023,"fatal":false,"ped":false,"bike":true}},{"type":"Feature","geometry":{"type":"Point","coordinates":[-79.7844,40.3698]},"properties":{"year":2023,"fatal":false,"ped":false,"bike":false}},{"type":"Feature","geometry":{"type":"Point","coordinates":[-80.1085,40.3652]},"properties":{"year":2023,"fatal":false,"ped":true,"bike":false}},{"type":"Feature","geometry":{"type":"Point","coordinates":[-79.9105,40.4578]},"properties":{"year":2023,"fatal":false,"ped":false,"bike":false}},{"type":"Feature","geometry":{"type":"Point","coordinates":[-80.0361,40.5856]},"properties":{"year":2023,"fatal":true,"ped":true,"bike":false}},{"type":"Feature","geometry":{"type":"Point","coordinates":[-79.9274,40.3008]},"properties":{"year":2023,"fatal":false,"ped":false,"bike":false}},{"type":"Feature","geometry":{"type":"Point","coordinates":[-79.7785,40.5413]},"properties":{"year":2023,"fatal":false,"ped":true,"bike":false}},{"type":"Feature","geometry":{"type":"Point","coordinates":[-79.8276,40.47]},"properties":{"year":2023,"fatal":true,"ped":false,"bike":false}},{"type":"Feature","geometry":{"type":"Point","coordinates":[-79.9888,40.4345]},"properties":{"year":2023,"fatal":false,"ped":false,"bike":false}},{"type":"Feature","geometry":{"type":"Point","coordinates":[-79.8462,40.4489]},"properties":{"year":2023,"fatal":false,"ped":false,"bike":false}},{"type":"Feature","geometry":{"type":"Point","coordinates":[-79.8691,40.3907]},"properties":{"year":2023,"fatal":false,"ped":false,"bike":false}},{"type":"Feature","geometry":{"type":"Point","coordinates":[-79.9897,40.4405]},"properties":{"year":2023,"fatal":false,"ped":true,"bike":false}},{"type":"Feature","geometry":{"type":"Point","coordinates":[-79.9847,40.3764]},"properties":{"year":2023,"fatal":false,"ped":false,"bike":false}},{"type":"Feature","geometry":{"type":"Point","coordinates":[-79.8856,40.454]},"properties":{"year":2023,"fatal":false,"ped":false,"bike":false}},{"type":"Feature","geometry":{"type":"Point","coordinates":[-79.9715,40.4745]},"properties":{"year":2023,"fatal":false,"ped":false,"bike":false}},{"type":"Feature","geometry":{"type":"Point","coordinates":[-79.9833,40.3871]},"properties":{"year":2023,"fatal":false,"ped":false,"bike":false}},{"type":"Feature","geometry":{"type":"Point","coordinates":[-80.2845,40.4773]},"properties":{"year":2023,"fatal":true,"ped":false,"bike":false}},{"type":"Feature","geometry":{"type":"Point","coordinates":[-80.1104,40.6472]},"properties":{"year":2023,"fatal":true,"ped":false,"bike":false}},{"type":"Feature","geometry":{"type":"Point","coordinates":[-79.9247,40.3967]},"properties":{"year":2023,"fatal":true,"ped":false,"bike":false}},{"type":"Feature","geometry":{"type":"Point","coordinates":[-79.9433,40.4071]},"properties":{"year":2023,"fatal":false,"ped":true,"bike":false}},{"type":"Feature","geometry":{"type":"Point","coordinates":[-79.8535,40.3793]},"properties":{"year":2023,"fatal":false,"ped":false,"bike":false}},{"type":"Feature","geometry":{"type":"Point","coordinates":[-79.9235,40.4886]},"properties":{"year":2023,"fatal":false,"ped":false,"bike":false}},{"type":"Feature","geometry":{"type":"Point","coordinates":[-79.8319,40.3898]},"properties":{"year":2023,"fatal":false,"ped":false,"bike":false}},{"type":"Feature","geometry":{"type":"Point","coordinates":[-80.009,40.5051]},"properties":{"year":2023,"fatal":false,"ped":false,"bike":false}},{"type":"Feature","geometry":{"type":"Point","coordinates":[-80.0591,40.3492]},"properties":{"year":2023,"fatal":false,"ped":false,"bike":false}},{"type":"Feature","geometry":{"type":"Point","coordinates":[-79.8148,40.3727]},"properties":{"year":2023,"fatal":false,"ped":false,"bike":false}},{"type":"Feature","geometry":{"type":"Point","coordinates":[-79.9213,40.4602]},"properties":{"year":2023,"fatal":true,"ped":true,"bike":false}},{"type":"Feature","geometry":{"type":"Point","coordinates":[-79.9434,40.4556]},"properties":{"year":2023,"fatal":false,"ped":false,"bike":false}},{"type":"Feature","geometry":{"type":"Point","coordinates":[-80.0162,40.4767]},"properties":{"year":2023,"fatal":false,"ped":true,"bike":false}},{"type":"Feature","geometry":{"type":"Point","coordinates":[-80.0046,40.4435]},"properties":{"year":2023,"fatal":false,"ped":false,"bike":false}},{"type":"Feature","geometry":{"type":"Point","coordinates":[-79.9985,40.4569]},"properties":{"year":2023,"fatal":false,"ped":false,"bike":false}},{"type":"Feature","geometry":{"type":"Point","coordinates":[-79.988,40.3971]},"properties":{"year":2023,"fatal":false,"ped":false,"bike":false}},{"type":"Feature","geometry":{"type":"Point","coordinates":[-79.756,40.4381]},"properties":{"year":2023,"fatal":true,"ped":false,"bike":false}},{"type":"Feature","geometry":{"type":"Point","coordinates":[-79.886,40.4296]},"properties":{"year":2023,"fatal":false,"ped":false,"bike":false}},{"type":"Feature","geometry":{"type":"Point","coordinates":[-79.9449,40.3285]},"properties":{"year":2023,"fatal":false,"ped":false,"bike":false}},{"type":"Feature","geometry":{"type":"Point","coordinates":[-79.8397,40.3526]},"properties":{"year":2023,"fatal":true,"ped":false,"bike":false}},{"type":"Feature","geometry":{"type":"Point","coordinates":[-80.0972,40.6302]},"properties":{"year":2023,"fatal":false,"ped":false,"bike":false}},{"type":"Feature","geometry":{"type":"Point","coordinates":[-79.8581,40.3834]},"properties":{"year":2023,"fatal":false,"ped":false,"bike":false}},{"type":"Feature","geometry":{"type":"Point","coordinates":[-80.2188,40.5186]},"properties":{"year":2023,"fatal":false,"ped":false,"bike":true}},{"type":"Feature","geometry":{"type":"Point","coordinates":[-79.9212,40.4292]},"properties":{"year":2023,"fatal":false,"ped":false,"bike":false}},{"type":"Feature","geometry":{"type":"Point","coordinates":[-80.0347,40.4409]},"properties":{"year":2023,"fatal":false,"ped":false,"bike":false}},{"type":"Feature","geometry":{"type":"Point","coordinates":[-80.065,40.4755]},"properties":{"year":2023,"fatal":true,"ped":false,"bike":false}},{"type":"Feature","geometry":{"type":"Point","coordinates":[-79.9965,40.428]},"properties":{"year":2023,"fatal":false,"ped":false,"bike":false}},{"type":"Feature","geometry":{"type":"Point","coordinates":[-80.0797,40.4069]},"properties":{"year":2023,"fatal":false,"ped":true,"bike":false}},{"type":"Feature","geometry":{"type":"Point","coordinates":[-79.9444,40.4542]},"properties":{"year":2023,"fatal":false,"ped":true,"bike":false}},{"type":"Feature","geometry":{"type":"Point","coordinates":[-79.9718,40.4811]},"properties":{"year":2023,"fatal":false,"ped":false,"bike":false}},{"type":"Feature","geometry":{"type":"Point","coordinates":[-80.0468,40.482]},"properties":{"year":2023,"fatal":false,"ped":false,"bike":false}},{"type":"Feature","geometry":{"type":"Point","coordinates":[-79.9876,40.3777]},"properties":{"year":2023,"fatal":false,"ped":false,"bike":false}},{"type":"Feature","geometry":{"type":"Point","coordinates":[-79.9861,40.4288]},"properties":{"year":2023,"fatal":false,"ped":true,"bike":false}},{"type":"Feature","geometry":{"type":"Point","coordinates":[-79.8987,40.4483]},"properties":{"year":2023,"fatal":true,"ped":true,"bike":false}},{"type":"Feature","geometry":{"type":"Point","coordinates":[-79.9156,40.4868]},"properties":{"year":2023,"fatal":false,"ped":false,"bike":false}},{"type":"Feature","geometry":{"type":"Point","coordinates":[-80.1081,40.4606]},"properties":{"year":2023,"fatal":false,"ped":false,"bike":false}},{"type":"Feature","geometry":{"type":"Point","coordinates":[-79.7965,40.4438]},"properties":{"year":2023,"fatal":false,"ped":false,"bike":false}},{"type":"Feature","geometry":{"type":"Point","coordinates":[-80.0108,40.5364]},"properties":{"year":2023,"fatal":false,"ped":false,"bike":false}},{"type":"Feature","geometry":{"type":"Point","coordinates":[-79.9448,40.3484]},"properties":{"year":2023,"fatal":false,"ped":false,"bike":false}},{"type":"Feature","geometry":{"type":"Point","coordinates":[-79.7145,40.4459]},"properties":{"year":2023,"fatal":false,"ped":false,"bike":false}},{"type":"Feature","geometry":{"type":"Point","coordinates":[-79.8675,40.2784]},"properties":{"year":2023,"fatal":false,"ped":false,"bike":false}},{"type":"Feature","geometry":{"type":"Point","coordinates":[-79.8533,40.4145]},"properties":{"year":2023,"fatal":false,"ped":true,"bike":false}},{"type":"Feature","geometry":{"type":"Point","coordinates":[-80.188,40.5727]},"properties":{"year":2023,"fatal":false,"ped":false,"bike":false}},{"type":"Feature","geometry":{"type":"Point","coordinates":[-79.9868,40.4386]},"properties":{"year":2023,"fatal":false,"ped":false,"bike":false}},{"type":"Feature","geometry":{"type":"Point","coordinates":[-80.0307,40.4621]},"properties":{"year":2023,"fatal":false,"ped":false,"bike":false}},{"type":"Feature","geometry":{"type":"Point","coordinates":[-79.8289,40.466]},"properties":{"year":2023,"fatal":true,"ped":false,"bike":false}},{"type":"Feature","geometry":{"type":"Point","coordinates":[-79.9473,40.5115]},"properties":{"year":2023,"fatal":false,"ped":false,"bike":false}},{"type":"Feature","geometry":{"type":"Point","coordinates":[-80.0113,40.4176]},"properties":{"year":2023,"fatal":false,"ped":false,"bike":false}},{"type":"Feature","geometry":{"type":"Point","coordinates":[-79.9111,40.4857]},"properties":{"year":2023,"fatal":false,"ped":false,"bike":false}},{"type":"Feature","geometry":{"type":"Point","coordinates":[-79.8016,40.481]},"properties":{"year":2023,"fatal":true,"ped":false,"bike":false}},{"type":"Feature","geometry":{"type":"Point","coordinates":[-79.9917,40.5098]},"properties":{"year":2023,"fatal":false,"ped":false,"bike":false}},{"type":"Feature","geometry":{"type":"Point","coordinates":[-79.9093,40.4078]},"properties":{"year":2023,"fatal":false,"ped":true,"bike":false}},{"type":"Feature","geometry":{"type":"Point","coordinates":[-79.8252,40.4044]},"properties":{"year":2023,"fatal":false,"ped":false,"bike":false}},{"type":"Feature","geometry":{"type":"Point","coordinates":[-79.7512,40.4275]},"properties":{"year":2023,"fatal":false,"ped":false,"bike":false}},{"type":"Feature","geometry":{"type":"Point","coordinates":[-79.9848,40.3329]},"properties":{"year":2023,"fatal":false,"ped":false,"bike":false}},{"type":"Feature","geometry":{"type":"Point","coordinates":[-80.0965,40.6673]},"properties":{"year":2023,"fatal":false,"ped":false,"bike":false}},{"type":"Feature","geometry":{"type":"Point","coordinates":[-80.0548,40.4369]},"properties":{"year":2023,"fatal":false,"ped":false,"bike":false}},{"type":"Feature","geometry":{"type":"Point","coordinates":[-79.8661,40.4594]},"properties":{"year":2023,"fatal":false,"ped":false,"bike":false}},{"type":"Feature","geometry":{"type":"Point","coordinates":[-79.9594,40.4688]},"properties":{"year":2023,"fatal":false,"ped":true,"bike":false}},{"type":"Feature","geometry":{"type":"Point","coordinates":[-80.0213,40.4985]},"properties":{"year":2023,"fatal":false,"ped":false,"bike":false}},{"type":"Feature","geometry":{"type":"Point","coordinates":[-80.0537,40.4554]},"properties":{"year":2023,"fatal":false,"ped":false,"bike":false}},{"type":"Feature","geometry":{"type":"Point","coordinates":[-79.8338,40.4004]},"properties":{"year":2023,"fatal":false,"ped":false,"bike":false}},{"type":"Feature","geometry":{"type":"Point","coordinates":[-80.0248,40.3994]},"properties":{"year":2023,"fatal":false,"ped":false,"bike":false}},{"type":"Feature","geometry":{"type":"Point","coordinates":[-80.0084,40.4347]},"properties":{"year":2023,"fatal":false,"ped":false,"bike":false}},{"type":"Feature","geometry":{"type":"Point","coordinates":[-80.0958,40.5928]},"properties":{"year":2023,"fatal":true,"ped":false,"bike":false}},{"type":"Feature","geometry":{"type":"Point","coordinates":[-79.884,40.3445]},"properties":{"year":2023,"fatal":false,"ped":false,"bike":false}},{"type":"Feature","geometry":{"type":"Point","coordinates":[-79.838,40.4289]},"properties":{"year":2023,"fatal":true,"ped":false,"bike":false}},{"type":"Feature","geometry":{"type":"Point","coordinates":[-80.0757,40.4745]},"properties":{"year":2023,"fatal":false,"ped":false,"bike":false}},{"type":"Feature","geometry":{"type":"Point","coordinates":[-79.9118,40.3873]},"properties":{"year":2023,"fatal":false,"ped":true,"bike":false}},{"type":"Feature","geometry":{"type":"Point","coordinates":[-79.7597,40.4564]},"properties":{"year":2023,"fatal":false,"ped":true,"bike":false}},{"type":"Feature","geometry":{"type":"Point","coordinates":[-79.9608,40.5348]},"properties":{"year":2023,"fatal":false,"ped":false,"bike":false}},{"type":"Feature","geometry":{"type":"Point","coordinates":[-79.7529,40.4388]},"properties":{"year":2023,"fatal":false,"ped":false,"bike":false}},{"type":"Feature","geometry":{"type":"Point","coordinates":[-79.8666,40.4526]},"properties":{"year":2023,"fatal":false,"ped":false,"bike":false}},{"type":"Feature","geometry":{"type":"Point","coordinates":[-80.0375,40.3925]},"properties":{"year":2023,"fatal":false,"ped":false,"bike":false}},{"type":"Feature","geometry":{"type":"Point","coordinates":[-80.0022,40.4549]},"properties":{"year":2023,"fatal":false,"ped":false,"bike":false}},{"type":"Feature","geometry":{"type":"Point","coordinates":[-80.1014,40.669]},"properties":{"year":2023,"fatal":false,"ped":false,"bike":false}},{"type":"Feature","geometry":{"type":"Point","coordinates":[-79.8128,40.4613]},"properties":{"year":2023,"fatal":false,"ped":false,"bike":false}},{"type":"Feature","geometry":{"type":"Point","coordinates":[-80.0017,40.431]},"properties":{"year":2023,"fatal":false,"ped":false,"bike":false}},{"type":"Feature","geometry":{"type":"Point","coordinates":[-79.9772,40.4286]},"properties":{"year":2023,"fatal":false,"ped":false,"bike":true}},{"type":"Feature","geometry":{"type":"Point","coordinates":[-79.835,40.3934]},"properties":{"year":2023,"fatal":true,"ped":false,"bike":false}},{"type":"Feature","geometry":{"type":"Point","coordinates":[-79.9909,40.4053]},"properties":{"year":2023,"fatal":false,"ped":false,"bike":false}},{"type":"Feature","geometry":{"type":"Point","coordinates":[-79.9955,40.4359]},"properties":{"year":2023,"fatal":false,"ped":true,"bike":false}},{"type":"Feature","geometry":{"type":"Point","coordinates":[-79.9849,40.363]},"properties":{"year":2023,"fatal":false,"ped":false,"bike":false}},{"type":"Feature","geometry":{"type":"Point","coordinates":[-79.9546,40.4728]},"properties":{"year":2023,"fatal":false,"ped":false,"bike":false}},{"type":"Feature","geometry":{"type":"Point","coordinates":[-79.9632,40.4094]},"properties":{"year":2023,"fatal":false,"ped":false,"bike":false}},{"type":"Feature","geometry":{"type":"Point","coordinates":[-80.0305,40.4623]},"properties":{"year":2023,"fatal":true,"ped":false,"bike":false}},{"type":"Feature","geometry":{"type":"Point","coordinates":[-79.8236,40.4087]},"properties":{"year":2023,"fatal":false,"ped":false,"bike":false}},{"type":"Feature","geometry":{"type":"Point","coordinates":[-79.9734,40.3463]},"properties":{"year":2023,"fatal":false,"ped":false,"bike":false}},{"type":"Feature","geometry":{"type":"Point","coordinates":[-79.9851,40]},"properties":{"year":2023,"fatal":false,"ped":false,"bike":false}},{"type":"Feature","geometry":{"type":"Point","coordinates":[-79.8192,40.4578]},"properties":{"year":2023,"fatal":false,"ped":false,"bike":false}},{"type":"Feature","geometry":{"type":"Point","coordinates":[-80.0084,40.4726]},"properties":{"year":2023,"fatal":false,"ped":false,"bike":false}},{"type":"Feature","geometry":{"type":"Point","coordinates":[-79.8684,40.4555]},"properties":{"year":2023,"fatal":false,"ped":false,"bike":true}},{"type":"Feature","geometry":{"type":"Point","coordinates":[-79.8625,40.4586]},"properties":{"year":2023,"fatal":false,"ped":false,"bike":false}},{"type":"Feature","geometry":{"type":"Point","coordinates":[-80.2857,40.4266]},"properties":{"year":2023,"fatal":false,"ped":false,"bike":false}},{"type":"Feature","geometry":{"type":"Point","coordinates":[-80.2952,40.4893]},"properties":{"year":2023,"fatal":false,"ped":false,"bike":false}},{"type":"Feature","geometry":{"type":"Point","coordinates":[-79.8395,40.4042]},"properties":{"year":2023,"fatal":false,"ped":false,"bike":false}},{"type":"Feature","geometry":{"type":"Point","coordinates":[-79.9916,40.4405]},"properties":{"year":2023,"fatal":false,"ped":false,"bike":false}},{"type":"Feature","geometry":{"type":"Point","coordinates":[-80.2071,40.5621]},"properties":{"year":2023,"fatal":false,"ped":false,"bike":false}},{"type":"Feature","geometry":{"type":"Point","coordinates":[-80.2137,40.569]},"properties":{"year":2023,"fatal":false,"ped":false,"bike":false}},{"type":"Feature","geometry":{"type":"Point","coordinates":[-79.9883,40.527]},"properties":{"year":2023,"fatal":false,"ped":false,"bike":false}},{"type":"Feature","geometry":{"type":"Point","coordinates":[-79.8429,40.3305]},"properties":{"year":2023,"fatal":false,"ped":false,"bike":false}},{"type":"Feature","geometry":{"type":"Point","coordinates":[-79.8451,40.4452]},"properties":{"year":2023,"fatal":true,"ped":true,"bike":false}},{"type":"Feature","geometry":{"type":"Point","coordinates":[-79.8343,40.3189]},"properties":{"year":2023,"fatal":false,"ped":false,"bike":false}},{"type":"Feature","geometry":{"type":"Point","coordinates":[-79.7278,40.4579]},"properties":{"year":2023,"fatal":false,"ped":false,"bike":false}},{"type":"Feature","geometry":{"type":"Point","coordinates":[-80.1449,40.457]},"properties":{"year":2023,"fatal":false,"ped":false,"bike":false}},{"type":"Feature","geometry":{"type":"Point","coordinates":[-80.2527,40.4528]},"properties":{"year":2023,"fatal":false,"ped":false,"bike":false}},{"type":"Feature","geometry":{"type":"Point","coordinates":[-79.7836,40.4906]},"properties":{"year":2023,"fatal":true,"ped":false,"bike":false}},{"type":"Feature","geometry":{"type":"Point","coordinates":[-79.8616,40.4257]},"properties":{"year":2023,"fatal":false,"ped":false,"bike":false}},{"type":"Feature","geometry":{"type":"Point","coordinates":[-79.7926,40.6523]},"properties":{"year":2023,"fatal":false,"ped":false,"bike":false}},{"type":"Feature","geometry":{"type":"Point","coordinates":[-79.9516,40.6018]},"properties":{"year":2023,"fatal":false,"ped":false,"bike":false}},{"type":"Feature","geometry":{"type":"Point","coordinates":[-79.9842,40.3639]},"properties":{"year":2023,"fatal":true,"ped":false,"bike":false}},{"type":"Feature","geometry":{"type":"Point","coordinates":[-79.7994,40.5642]},"properties":{"year":2023,"fatal":false,"ped":false,"bike":false}},{"type":"Feature","geometry":{"type":"Point","coordinates":[-79.7508,40.4318]},"properties":{"year":2023,"fatal":false,"ped":true,"bike":false}},{"type":"Feature","geometry":{"type":"Point","coordinates":[-79.8516,40.5253]},"properties":{"year":2023,"fatal":false,"ped":false,"bike":false}},{"type":"Feature","geometry":{"type":"Point","coordinates":[-79.8991,40.4647]},"properties":{"year":2023,"fatal":true,"ped":false,"bike":false}},{"type":"Feature","geometry":{"type":"Point","coordinates":[-80.0969,40.4694]},"properties":{"year":2023,"fatal":false,"ped":false,"bike":false}},{"type":"Feature","geometry":{"type":"Point","coordinates":[-80.0488,40.4606]},"properties":{"year":2023,"fatal":false,"ped":false,"bike":true}},{"type":"Feature","geometry":{"type":"Point","coordinates":[-79.8414,40.3452]},"properties":{"year":2023,"fatal":false,"ped":false,"bike":false}},{"type":"Feature","geometry":{"type":"Point","coordinates":[-79.867,40.461]},"properties":{"year":2023,"fatal":false,"ped":false,"bike":false}},{"type":"Feature","geometry":{"type":"Point","coordinates":[-79.9037,40.4627]},"properties":{"year":2023,"fatal":false,"ped":false,"bike":false}},{"type":"Feature","geometry":{"type":"Point","coordinates":[-80.0301,40.4566]},"properties":{"year":2023,"fatal":false,"ped":false,"bike":false}},{"type":"Feature","geometry":{"type":"Point","coordinates":[-80.1995,40.538]},"properties":{"year":2023,"fatal":false,"ped":false,"bike":false}},{"type":"Feature","geometry":{"type":"Point","coordinates":[-80.0513,40.4516]},"properties":{"year":2023,"fatal":false,"ped":false,"bike":false}},{"type":"Feature","geometry":{"type":"Point","coordinates":[-79.9108,40.4048]},"properties":{"year":2023,"fatal":false,"ped":false,"bike":false}},{"type":"Feature","geometry":{"type":"Point","coordinates":[-79.866,40.4686]},"properties":{"year":2023,"fatal":false,"ped":true,"bike":false}},{"type":"Feature","geometry":{"type":"Point","coordinates":[-80.2224,40.5767]},"properties":{"year":2023,"fatal":false,"ped":false,"bike":false}},{"type":"Feature","geometry":{"type":"Point","coordinates":[-79.8791,40.3851]},"properties":{"year":2023,"fatal":false,"ped":false,"bike":false}},{"type":"Feature","geometry":{"type":"Point","coordinates":[-80.0529,40.4856]},"properties":{"year":2023,"fatal":true,"ped":false,"bike":false}},{"type":"Feature","geometry":{"type":"Point","coordinates":[-80.0033,40.4495]},"properties":{"year":2023,"fatal":false,"ped":false,"bike":false}},{"type":"Feature","geometry":{"type":"Point","coordinates":[-79.996,40.4517]},"properties":{"year":2023,"fatal":true,"ped":false,"bike":false}},{"type":"Feature","geometry":{"type":"Point","coordinates":[-79.9978,40.4573]},"properties":{"year":2023,"fatal":false,"ped":false,"bike":false}},{"type":"Feature","geometry":{"type":"Point","coordinates":[-79.9947,40.4287]},"properties":{"year":2023,"fatal":false,"ped":false,"bike":false}},{"type":"Feature","geometry":{"type":"Point","coordinates":[-80.1213,40.4487]},"properties":{"year":2023,"fatal":false,"ped":false,"bike":false}},{"type":"Feature","geometry":{"type":"Point","coordinates":[-79.8143,40.5101]},"properties":{"year":2023,"fatal":false,"ped":false,"bike":false}},{"type":"Feature","geometry":{"type":"Point","coordinates":[-79.9957,40.429]},"properties":{"year":2023,"fatal":false,"ped":false,"bike":false}},{"type":"Feature","geometry":{"type":"Point","coordinates":[-79.9339,40.4646]},"properties":{"year":2023,"fatal":false,"ped":false,"bike":false}},{"type":"Feature","geometry":{"type":"Point","coordinates":[-79.8708,40.6009]},"properties":{"year":2023,"fatal":false,"ped":false,"bike":false}},{"type":"Feature","geometry":{"type":"Point","coordinates":[-79.8002,40.4421]},"properties":{"year":2023,"fatal":false,"ped":false,"bike":false}},{"type":"Feature","geometry":{"type":"Point","coordinates":[-80.1713,40.5213]},"properties":{"year":2023,"fatal":false,"ped":false,"bike":false}},{"type":"Feature","geometry":{"type":"Point","coordinates":[-79.851,40.5277]},"properties":{"year":2023,"fatal":false,"ped":false,"bike":false}},{"type":"Feature","geometry":{"type":"Point","coordinates":[-80.0079,40.496]},"properties":{"year":2023,"fatal":false,"ped":false,"bike":false}},{"type":"Feature","geometry":{"type":"Point","coordinates":[-79.8771,40.4295]},"properties":{"year":2023,"fatal":false,"ped":false,"bike":false}},{"type":"Feature","geometry":{"type":"Point","coordinates":[-79.8322,40.5044]},"properties":{"year":2023,"fatal":false,"ped":false,"bike":false}},{"type":"Feature","geometry":{"type":"Point","coordinates":[-79.908,40.4587]},"properties":{"year":2023,"fatal":false,"ped":false,"bike":false}},{"type":"Feature","geometry":{"type":"Point","coordinates":[-79.9503,40.4541]},"properties":{"year":2023,"fatal":false,"ped":false,"bike":false}},{"type":"Feature","geometry":{"type":"Point","coordinates":[-80.0636,40.3407]},"properties":{"year":2023,"fatal":false,"ped":false,"bike":false}},{"type":"Feature","geometry":{"type":"Point","coordinates":[-80.0826,40.3994]},"properties":{"year":2023,"fatal":false,"ped":false,"bike":false}},{"type":"Feature","geometry":{"type":"Point","coordinates":[-80.0627,40.457]},"properties":{"year":2023,"fatal":false,"ped":false,"bike":false}},{"type":"Feature","geometry":{"type":"Point","coordinates":[-79.8782,40.4909]},"properties":{"year":2023,"fatal":false,"ped":false,"bike":false}},{"type":"Feature","geometry":{"type":"Point","coordinates":[-79.8982,40.2187]},"properties":{"year":2023,"fatal":false,"ped":false,"bike":false}},{"type":"Feature","geometry":{"type":"Point","coordinates":[-79.9512,40.3469]},"properties":{"year":2023,"fatal":false,"ped":false,"bike":false}},{"type":"Feature","geometry":{"type":"Point","coordinates":[-79.8792,40.2654]},"properties":{"year":2023,"fatal":false,"ped":false,"bike":false}},{"type":"Feature","geometry":{"type":"Point","coordinates":[-79.9191,40.4586]},"properties":{"year":2023,"fatal":false,"ped":true,"bike":false}},{"type":"Feature","geometry":{"type":"Point","coordinates":[-79.8325,40.3476]},"properties":{"year":2023,"fatal":false,"ped":false,"bike":false}},{"type":"Feature","geometry":{"type":"Point","coordinates":[-79.7475,40.4336]},"properties":{"year":2023,"fatal":false,"ped":false,"bike":false}},{"type":"Feature","geometry":{"type":"Point","coordinates":[-79.8627,40.4675]},"properties":{"year":2023,"fatal":true,"ped":false,"bike":false}},{"type":"Feature","geometry":{"type":"Point","coordinates":[-80.0023,40.4487]},"properties":{"year":2023,"fatal":false,"ped":false,"bike":false}},{"type":"Feature","geometry":{"type":"Point","coordinates":[-79.9872,40.4287]},"properties":{"year":2023,"fatal":false,"ped":false,"bike":false}},{"type":"Feature","geometry":{"type":"Point","coordinates":[-79.8616,40.4257]},"properties":{"year":2023,"fatal":false,"ped":false,"bike":false}},{"type":"Feature","geometry":{"type":"Point","coordinates":[-79.9523,40.5086]},"properties":{"year":2023,"fatal":false,"ped":false,"bike":false}},{"type":"Feature","geometry":{"type":"Point","coordinates":[-79.908,40.4587]},"properties":{"year":2023,"fatal":false,"ped":false,"bike":false}},{"type":"Feature","geometry":{"type":"Point","coordinates":[-79.8742,40.3745]},"properties":{"year":2023,"fatal":false,"ped":false,"bike":false}},{"type":"Feature","geometry":{"type":"Point","coordinates":[-80.1008,40.4632]},"properties":{"year":2023,"fatal":false,"ped":false,"bike":false}},{"type":"Feature","geometry":{"type":"Point","coordinates":[-80.2047,40.5579]},"properties":{"year":2023,"fatal":false,"ped":false,"bike":false}},{"type":"Feature","geometry":{"type":"Point","coordinates":[-80.1076,40.5126]},"properties":{"year":2023,"fatal":false,"ped":false,"bike":false}},{"type":"Feature","geometry":{"type":"Point","coordinates":[-79.8636,40.3801]},"properties":{"year":2023,"fatal":true,"ped":false,"bike":false}},{"type":"Feature","geometry":{"type":"Point","coordinates":[-79.9842,40.46]},"properties":{"year":2023,"fatal":false,"ped":false,"bike":false}},{"type":"Feature","geometry":{"type":"Point","coordinates":[-80.1859,40.5349]},"properties":{"year":2023,"fatal":false,"ped":false,"bike":false}},{"type":"Feature","geometry":{"type":"Point","coordinates":[-80.0251,40.443]},"properties":{"year":2023,"fatal":false,"ped":false,"bike":false}},{"type":"Feature","geometry":{"type":"Point","coordinates":[-80.0473,40.3634]},"properties":{"year":2023,"fatal":false,"ped":false,"bike":false}},{"type":"Feature","geometry":{"type":"Point","coordinates":[-80.0993,40.3729]},"properties":{"year":2023,"fatal":true,"ped":false,"bike":false}},{"type":"Feature","geometry":{"type":"Point","coordinates":[-79.9231,40.462]},"properties":{"year":2023,"fatal":false,"ped":false,"bike":false}},{"type":"Feature","geometry":{"type":"Point","coordinates":[-79.9428,40.6231]},"properties":{"year":2023,"fatal":true,"ped":false,"bike":false}},{"type":"Feature","geometry":{"type":"Point","coordinates":[-80.0436,40.4863]},"properties":{"year":2023,"fatal":false,"ped":false,"bike":false}},{"type":"Feature","geometry":{"type":"Point","coordinates":[-80.004,40.6335]},"properties":{"year":2023,"fatal":false,"ped":false,"bike":false}},{"type":"Feature","geometry":{"type":"Point","coordinates":[-79.9969,40.6589]},"properties":{"year":2023,"fatal":false,"ped":false,"bike":false}},{"type":"Feature","geometry":{"type":"Point","coordinates":[-79.8841,40.3444]},"properties":{"year":2023,"fatal":false,"ped":false,"bike":false}},{"type":"Feature","geometry":{"type":"Point","coordinates":[-80.0935,40.3618]},"properties":{"year":2023,"fatal":false,"ped":false,"bike":false}},{"type":"Feature","geometry":{"type":"Point","coordinates":[-79.9954,40.384]},"properties":{"year":2023,"fatal":false,"ped":false,"bike":false}},{"type":"Feature","geometry":{"type":"Point","coordinates":[-79.8126,40.6121]},"properties":{"year":2023,"fatal":false,"ped":false,"bike":false}},{"type":"Feature","geometry":{"type":"Point","coordinates":[-79.8967,40.4563]},"properties":{"year":2023,"fatal":false,"ped":false,"bike":false}},{"type":"Feature","geometry":{"type":"Point","coordinates":[-79.9174,40.4634]},"properties":{"year":2023,"fatal":false,"ped":false,"bike":false}},{"type":"Feature","geometry":{"type":"Point","coordinates":[-80.0566,40.65]},"properties":{"year":2023,"fatal":false,"ped":false,"bike":false}},{"type":"Feature","geometry":{"type":"Point","coordinates":[-80.0051,40.4746]},"properties":{"year":2023,"fatal":false,"ped":false,"bike":false}},{"type":"Feature","geometry":{"type":"Point","coordinates":[-79.8247,40.4183]},"properties":{"year":2023,"fatal":false,"ped":false,"bike":false}},{"type":"Feature","geometry":{"type":"Point","coordinates":[-79.9722,40.4358]},"properties":{"year":2023,"fatal":true,"ped":true,"bike":false}},{"type":"Feature","geometry":{"type":"Point","coordinates":[-79.9131,40.438]},"properties":{"year":2023,"fatal":false,"ped":false,"bike":false}},{"type":"Feature","geometry":{"type":"Point","coordinates":[-79.859,40.3391]},"properties":{"year":2023,"fatal":false,"ped":false,"bike":false}},{"type":"Feature","geometry":{"type":"Point","coordinates":[-79.9607,40.4358]},"properties":{"year":2023,"fatal":false,"ped":false,"bike":false}},{"type":"Feature","geometry":{"type":"Point","coordinates":[-80.0299,40.4453]},"properties":{"year":2023,"fatal":false,"ped":false,"bike":false}},{"type":"Feature","geometry":{"type":"Point","coordinates":[-79.9093,40.3248]},"properties":{"year":2023,"fatal":true,"ped":false,"bike":false}},{"type":"Feature","geometry":{"type":"Point","coordinates":[-79.982,40.3869]},"properties":{"year":2023,"fatal":true,"ped":false,"bike":false}},{"type":"Feature","geometry":{"type":"Point","coordinates":[-79.9726,40.4731]},"properties":{"year":2023,"fatal":false,"ped":false,"bike":false}},{"type":"Feature","geometry":{"type":"Point","coordinates":[-79.986,40.3355]},"properties":{"year":2023,"fatal":false,"ped":false,"bike":false}},{"type":"Feature","geometry":{"type":"Point","coordinates":[-80.1055,40.5036]},"properties":{"year":2023,"fatal":true,"ped":false,"bike":false}},{"type":"Feature","geometry":{"type":"Point","coordinates":[-79.8392,40.4319]},"properties":{"year":2023,"fatal":false,"ped":false,"bike":false}},{"type":"Feature","geometry":{"type":"Point","coordinates":[-79.9814,40.4518]},"properties":{"year":2023,"fatal":false,"ped":false,"bike":false}},{"type":"Feature","geometry":{"type":"Point","coordinates":[-79.7863,40.3704]},"properties":{"year":2023,"fatal":false,"ped":false,"bike":false}},{"type":"Feature","geometry":{"type":"Point","coordinates":[-79.9966,40.4402]},"properties":{"year":2023,"fatal":false,"ped":true,"bike":false}},{"type":"Feature","geometry":{"type":"Point","coordinates":[-80.0095,40.4306]},"properties":{"year":2023,"fatal":false,"ped":true,"bike":false}},{"type":"Feature","geometry":{"type":"Point","coordinates":[-79.7207,40.6463]},"properties":{"year":2023,"fatal":false,"ped":false,"bike":false}},{"type":"Feature","geometry":{"type":"Point","coordinates":[-80.0981,40.6356]},"properties":{"year":2023,"fatal":false,"ped":false,"bike":false}},{"type":"Feature","geometry":{"type":"Point","coordinates":[-80.1633,40.4445]},"properties":{"year":2023,"fatal":false,"ped":true,"bike":false}},{"type":"Feature","geometry":{"type":"Point","coordinates":[-79.913,40.3697]},"properties":{"year":2023,"fatal":false,"ped":false,"bike":false}},{"type":"Feature","geometry":{"type":"Point","coordinates":[-80.0334,40.4629]},"properties":{"year":2023,"fatal":true,"ped":false,"bike":true}},{"type":"Feature","geometry":{"type":"Point","coordinates":[-80.0237,40.428]},"properties":{"year":2023,"fatal":false,"ped":false,"bike":false}},{"type":"Feature","geometry":{"type":"Point","coordinates":[-79.9386,40.3132]},"properties":{"year":2023,"fatal":false,"ped":false,"bike":false}},{"type":"Feature","geometry":{"type":"Point","coordinates":[-80.0094,40.53]},"properties":{"year":2023,"fatal":true,"ped":false,"bike":false}},{"type":"Feature","geometry":{"type":"Point","coordinates":[-79.9472,40.6069]},"properties":{"year":2023,"fatal":true,"ped":false,"bike":false}},{"type":"Feature","geometry":{"type":"Point","coordinates":[-79.9933,40.4213]},"properties":{"year":2023,"fatal":false,"ped":false,"bike":true}},{"type":"Feature","geometry":{"type":"Point","coordinates":[-79.977,40.3362]},"properties":{"year":2023,"fatal":false,"ped":false,"bike":false}},{"type":"Feature","geometry":{"type":"Point","coordinates":[-79.7774,40.5949]},"properties":{"year":2023,"fatal":false,"ped":false,"bike":false}},{"type":"Feature","geometry":{"type":"Point","coordinates":[-79.9716,40.416]},"properties":{"year":2023,"fatal":false,"ped":false,"bike":false}},{"type":"Feature","geometry":{"type":"Point","coordinates":[-80.0087,40.4394]},"properties":{"year":2023,"fatal":false,"ped":false,"bike":false}},{"type":"Feature","geometry":{"type":"Point","coordinates":[-80.0938,40.4209]},"properties":{"year":2023,"fatal":false,"ped":false,"bike":false}},{"type":"Feature","geometry":{"type":"Point","coordinates":[-79.7202,40.6425]},"properties":{"year":2023,"fatal":false,"ped":false,"bike":false}},{"type":"Feature","geometry":{"type":"Point","coordinates":[-80.0022,40.4549]},"properties":{"year":2023,"fatal":false,"ped":false,"bike":false}},{"type":"Feature","geometry":{"type":"Point","coordinates":[-79.9248,40.4614]},"properties":{"year":2023,"fatal":false,"ped":true,"bike":false}},{"type":"Feature","geometry":{"type":"Point","coordinates":[-79.8335,40.3937]},"properties":{"year":2023,"fatal":false,"ped":false,"bike":false}},{"type":"Feature","geometry":{"type":"Point","coordinates":[-80.2043,40.489]},"properties":{"year":2023,"fatal":false,"ped":false,"bike":false}},{"type":"Feature","geometry":{"type":"Point","coordinates":[-79.9276,40.423]},"properties":{"year":2023,"fatal":false,"ped":false,"bike":false}},{"type":"Feature","geometry":{"type":"Point","coordinates":[-79.9417,40.6143]},"properties":{"year":2023,"fatal":false,"ped":true,"bike":false}},{"type":"Feature","geometry":{"type":"Point","coordinates":[-79.9543,40.3719]},"properties":{"year":2023,"fatal":false,"ped":true,"bike":false}},{"type":"Feature","geometry":{"type":"Point","coordinates":[-80.0038,40.3779]},"properties":{"year":2023,"fatal":false,"ped":false,"bike":false}},{"type":"Feature","geometry":{"type":"Point","coordinates":[-79.9126,40.2897]},"properties":{"year":2023,"fatal":false,"ped":false,"bike":false}},{"type":"Feature","geometry":{"type":"Point","coordinates":[-80.0142,40.4162]},"properties":{"year":2023,"fatal":true,"ped":false,"bike":false}},{"type":"Feature","geometry":{"type":"Point","coordinates":[-79.8997,40.2711]},"properties":{"year":2023,"fatal":false,"ped":false,"bike":true}},{"type":"Feature","geometry":{"type":"Point","coordinates":[-80.1094,40.3789]},"properties":{"year":2023,"fatal":true,"ped":false,"bike":false}},{"type":"Feature","geometry":{"type":"Point","coordinates":[-80.0496,40.4336]},"properties":{"year":2023,"fatal":false,"ped":false,"bike":false}},{"type":"Feature","geometry":{"type":"Point","coordinates":[-80.2207,40.5569]},"properties":{"year":2023,"fatal":false,"ped":false,"bike":false}},{"type":"Feature","geometry":{"type":"Point","coordinates":[-79.9078,40.4842]},"properties":{"year":2023,"fatal":false,"ped":false,"bike":false}},{"type":"Feature","geometry":{"type":"Point","coordinates":[-80.0382,40.3658]},"properties":{"year":2023,"fatal":false,"ped":true,"bike":false}},{"type":"Feature","geometry":{"type":"Point","coordinates":[-80.1275,40.3411]},"properties":{"year":2023,"fatal":false,"ped":false,"bike":false}},{"type":"Feature","geometry":{"type":"Point","coordinates":[-80.2104,40.4532]},"properties":{"year":2023,"fatal":false,"ped":false,"bike":false}},{"type":"Feature","geometry":{"type":"Point","coordinates":[-79.9097,40.313]},"properties":{"year":2023,"fatal":false,"ped":false,"bike":false}},{"type":"Feature","geometry":{"type":"Point","coordinates":[-80.1092,40.5533]},"properties":{"year":2023,"fatal":false,"ped":false,"bike":false}},{"type":"Feature","geometry":{"type":"Point","coordinates":[-80.0162,40.4509]},"properties":{"year":2023,"fatal":false,"ped":false,"bike":false}},{"type":"Feature","geometry":{"type":"Point","coordinates":[-79.7928,40.3729]},"properties":{"year":2023,"fatal":true,"ped":false,"bike":false}},{"type":"Feature","geometry":{"type":"Point","coordinates":[-79.8696,40.6335]},"properties":{"year":2023,"fatal":true,"ped":false,"bike":false}},{"type":"Feature","geometry":{"type":"Point","coordinates":[-80.0031,40.4425]},"properties":{"year":2023,"fatal":false,"ped":false,"bike":false}},{"type":"Feature","geometry":{"type":"Point","coordinates":[-79.8042,40.5411]},"properties":{"year":2023,"fatal":false,"ped":false,"bike":true}},{"type":"Feature","geometry":{"type":"Point","coordinates":[-79.8777,40.4571]},"properties":{"year":2023,"fatal":false,"ped":false,"bike":false}},{"type":"Feature","geometry":{"type":"Point","coordinates":[-79.9921,40.3595]},"properties":{"year":2023,"fatal":false,"ped":true,"bike":false}},{"type":"Feature","geometry":{"type":"Point","coordinates":[-80.1455,40.3413]},"properties":{"year":2023,"fatal":false,"ped":false,"bike":false}},{"type":"Feature","geometry":{"type":"Point","coordinates":[-80.0282,40.4518]},"properties":{"year":2023,"fatal":false,"ped":false,"bike":false}},{"type":"Feature","geometry":{"type":"Point","coordinates":[-80.0236,40.4277]},"properties":{"year":2023,"fatal":false,"ped":false,"bike":false}},{"type":"Feature","geometry":{"type":"Point","coordinates":[-79.9854,40.3893]},"properties":{"year":2023,"fatal":true,"ped":false,"bike":false}},{"type":"Feature","geometry":{"type":"Point","coordinates":[-79.9955,40.538]},"properties":{"year":2023,"fatal":true,"ped":false,"bike":false}},{"type":"Feature","geometry":{"type":"Point","coordinates":[-79.8922,40.3492]},"properties":{"year":2023,"fatal":true,"ped":false,"bike":false}},{"type":"Feature","geometry":{"type":"Point","coordinates":[-79.9794,40.4646]},"properties":{"year":2023,"fatal":false,"ped":false,"bike":false}},{"type":"Feature","geometry":{"type":"Point","coordinates":[-79.8978,40.4402]},"properties":{"year":2023,"fatal":true,"ped":false,"bike":false}},{"type":"Feature","geometry":{"type":"Point","coordinates":[-79.9771,40.4286]},"properties":{"year":2023,"fatal":false,"ped":true,"bike":false}},{"type":"Feature","geometry":{"type":"Point","coordinates":[-79.7997,40.3767]},"properties":{"year":2023,"fatal":false,"ped":false,"bike":false}},{"type":"Feature","geometry":{"type":"Point","coordinates":[-80.0968,40.649]},"properties":{"year":2023,"fatal":false,"ped":false,"bike":false}},{"type":"Feature","geometry":{"type":"Point","coordinates":[-79.8118,40.5231]},"properties":{"year":2023,"fatal":false,"ped":false,"bike":false}},{"type":"Feature","geometry":{"type":"Point","coordinates":[-80.0834,40.4039]},"properties":{"year":2023,"fatal":false,"ped":false,"bike":false}},{"type":"Feature","geometry":{"type":"Point","coordinates":[-79.9073,40.2761]},"properties":{"year":2023,"fatal":true,"ped":false,"bike":false}},{"type":"Feature","geometry":{"type":"Point","coordinates":[-80.2747,40.4934]},"properties":{"year":2023,"fatal":true,"ped":false,"bike":false}},{"type":"Feature","geometry":{"type":"Point","coordinates":[-80.0381,40.4412]},"properties":{"year":2023,"fatal":false,"ped":false,"bike":false}},{"type":"Feature","geometry":{"type":"Point","coordinates":[-80.0649,40.4946]},"properties":{"year":2023,"fatal":false,"ped":false,"bike":false}},{"type":"Feature","geometry":{"type":"Point","coordinates":[-79.9533,40.4515]},"properties":{"year":2023,"fatal":false,"ped":false,"bike":false}},{"type":"Feature","geometry":{"type":"Point","coordinates":[-80.0058,40.3795]},"properties":{"year":2023,"fatal":false,"ped":false,"bike":false}},{"type":"Feature","geometry":{"type":"Point","coordinates":[-79.8303,40.3887]},"properties":{"year":2023,"fatal":false,"ped":false,"bike":false}},{"type":"Feature","geometry":{"type":"Point","coordinates":[-79.9472,40.5233]},"properties":{"year":2023,"fatal":false,"ped":false,"bike":false}},{"type":"Feature","geometry":{"type":"Point","coordinates":[-79.7555,40.6145]},"properties":{"year":2023,"fatal":true,"ped":false,"bike":false}},{"type":"Feature","geometry":{"type":"Point","coordinates":[-79.8534,40.3793]},"properties":{"year":2023,"fatal":false,"ped":false,"bike":false}},{"type":"Feature","geometry":{"type":"Point","coordinates":[-79.806,40.3833]},"properties":{"year":2023,"fatal":false,"ped":false,"bike":false}},{"type":"Feature","geometry":{"type":"Point","coordinates":[-79.8156,40.4014]},"properties":{"year":2023,"fatal":true,"ped":true,"bike":false}},{"type":"Feature","geometry":{"type":"Point","coordinates":[-79.9342,40.4484]},"properties":{"year":2023,"fatal":false,"ped":false,"bike":false}},{"type":"Feature","geometry":{"type":"Point","coordinates":[-79.9991,40.4294]},"properties":{"year":2023,"fatal":true,"ped":false,"bike":false}},{"type":"Feature","geometry":{"type":"Point","coordinates":[-79.8999,40.4633]},"properties":{"year":2023,"fatal":false,"ped":false,"bike":false}},{"type":"Feature","geometry":{"type":"Point","coordinates":[-80.0201,40.4635]},"properties":{"year":2023,"fatal":false,"ped":false,"bike":false}},{"type":"Feature","geometry":{"type":"Point","coordinates":[-79.8688,40.4324]},"properties":{"year":2023,"fatal":true,"ped":false,"bike":false}},{"type":"Feature","geometry":{"type":"Point","coordinates":[-80.0097,40.4396]},"properties":{"year":2023,"fatal":false,"ped":false,"bike":false}},{"type":"Feature","geometry":{"type":"Point","coordinates":[-79.884,40.3444]},"properties":{"year":2023,"fatal":false,"ped":false,"bike":false}},{"type":"Feature","geometry":{"type":"Point","coordinates":[-80.0367,40.3878]},"properties":{"year":2023,"fatal":false,"ped":false,"bike":true}},{"type":"Feature","geometry":{"type":"Point","coordinates":[-80.0668,40.4124]},"properties":{"year":2023,"fatal":true,"ped":true,"bike":false}},{"type":"Feature","geometry":{"type":"Point","coordinates":[-79.8916,40.37]},"properties":{"year":2023,"fatal":false,"ped":false,"bike":false}},{"type":"Feature","geometry":{"type":"Point","coordinates":[-80.0278,40.444]},"properties":{"year":2023,"fatal":false,"ped":false,"bike":false}},{"type":"Feature","geometry":{"type":"Point","coordinates":[-79.9267,40.3756]},"properties":{"year":2023,"fatal":true,"ped":false,"bike":false}},{"type":"Feature","geometry":{"type":"Point","coordinates":[-79.8283,40.3873]},"properties":{"year":2023,"fatal":false,"ped":false,"bike":false}},{"type":"Feature","geometry":{"type":"Point","coordinates":[-79.8602,40.3577]},"properties":{"year":2023,"fatal":false,"ped":false,"bike":false}},{"type":"Feature","geometry":{"type":"Point","coordinates":[-80.0357,40.4364]},"properties":{"year":2023,"fatal":false,"ped":false,"bike":false}},{"type":"Feature","geometry":{"type":"Point","coordinates":[-80.0743,40.501]},"properties":{"year":2023,"fatal":true,"ped":false,"bike":false}},{"type":"Feature","geometry":{"type":"Point","coordinates":[-80.1773,40.4485]},"properties":{"year":2023,"fatal":false,"ped":false,"bike":false}},{"type":"Feature","geometry":{"type":"Point","coordinates":[-80.2231,40.5058]},"properties":{"year":2023,"fatal":false,"ped":false,"bike":false}},{"type":"Feature","geometry":{"type":"Point","coordinates":[-80.0522,40.3404]},"properties":{"year":2023,"fatal":false,"ped":true,"bike":false}},{"type":"Feature","geometry":{"type":"Point","coordinates":[-79.8024,40.5678]},"properties":{"year":2023,"fatal":false,"ped":false,"bike":false}},{"type":"Feature","geometry":{"type":"Point","coordinates":[-79.9543,40.4526]},"properties":{"year":2023,"fatal":false,"ped":false,"bike":false}},{"type":"Feature","geometry":{"type":"Point","coordinates":[-80.0605,40.4431]},"properties":{"year":2023,"fatal":true,"ped":true,"bike":false}},{"type":"Feature","geometry":{"type":"Point","coordinates":[-80.0181,40.5293]},"properties":{"year":2023,"fatal":false,"ped":false,"bike":false}},{"type":"Feature","geometry":{"type":"Point","coordinates":[-80.0936,40.6525]},"properties":{"year":2023,"fatal":false,"ped":false,"bike":false}},{"type":"Feature","geometry":{"type":"Point","coordinates":[-80.0664,40.4126]},"properties":{"year":2023,"fatal":false,"ped":false,"bike":false}},{"type":"Feature","geometry":{"type":"Point","coordinates":[-79.9795,40.3943]},"properties":{"year":2023,"fatal":false,"ped":false,"bike":false}},{"type":"Feature","geometry":{"type":"Point","coordinates":[-79.7084,40.458]},"properties":{"year":2023,"fatal":false,"ped":true,"bike":false}},{"type":"Feature","geometry":{"type":"Point","coordinates":[-79.8785,40.4211]},"properties":{"year":2023,"fatal":false,"ped":false,"bike":false}},{"type":"Feature","geometry":{"type":"Point","coordinates":[-80.0688,40.6103]},"properties":{"year":2023,"fatal":false,"ped":false,"bike":false}},{"type":"Feature","geometry":{"type":"Point","coordinates":[-79.869,40.3904]},"properties":{"year":2023,"fatal":false,"ped":false,"bike":false}},{"type":"Feature","geometry":{"type":"Point","coordinates":[-80.0326,40.4359]},"properties":{"year":2023,"fatal":false,"ped":false,"bike":false}},{"type":"Feature","geometry":{"type":"Point","coordinates":[-79.7588,40.6148]},"properties":{"year":2023,"fatal":false,"ped":false,"bike":false}},{"type":"Feature","geometry":{"type":"Point","coordinates":[-79.872,40.3599]},"properties":{"year":2023,"fatal":false,"ped":false,"bike":false}},{"type":"Feature","geometry":{"type":"Point","coordinates":[-79.9716,40.3441]},"properties":{"year":2023,"fatal":true,"ped":true,"bike":false}},{"type":"Feature","geometry":{"type":"Point","coordinates":[-79.7692,40.5947]},"properties":{"year":2023,"fatal":false,"ped":false,"bike":false}},{"type":"Feature","geometry":{"type":"Point","coordinates":[-80.1885,40.4017]},"properties":{"year":2023,"fatal":true,"ped":true,"bike":false}},{"type":"Feature","geometry":{"type":"Point","coordinates":[-79.8293,40.3165]},"properties":{"year":2023,"fatal":false,"ped":false,"bike":false}},{"type":"Feature","geometry":{"type":"Point","coordinates":[-80.0414,40.2923]},"properties":{"year":2023,"fatal":false,"ped":true,"bike":false}},{"type":"Feature","geometry":{"type":"Point","coordinates":[-79.9906,40.3553]},"properties":{"year":2023,"fatal":false,"ped":false,"bike":false}},{"type":"Feature","geometry":{"type":"Point","coordinates":[-80.0643,40.4809]},"properties":{"year":2023,"fatal":false,"ped":false,"bike":false}},{"type":"Feature","geometry":{"type":"Point","coordinates":[-79.7133,40.4364]},"properties":{"year":2023,"fatal":false,"ped":false,"bike":false}},{"type":"Feature","geometry":{"type":"Point","coordinates":[-79.9324,40.6184]},"properties":{"year":2023,"fatal":false,"ped":false,"bike":false}},{"type":"Feature","geometry":{"type":"Point","coordinates":[-79.7047,40.4635]},"properties":{"year":2023,"fatal":true,"ped":false,"bike":false}},{"type":"Feature","geometry":{"type":"Point","coordinates":[-79.8492,40.3955]},"properties":{"year":2023,"fatal":true,"ped":true,"bike":false}},{"type":"Feature","geometry":{"type":"Point","coordinates":[-80.1843,40.5365]},"properties":{"year":2023,"fatal":false,"ped":false,"bike":false}},{"type":"Feature","geometry":{"type":"Point","coordinates":[-79.8505,40.5277]},"properties":{"year":2023,"fatal":false,"ped":false,"bike":false}},{"type":"Feature","geometry":{"type":"Point","coordinates":[-79.9141,40.5496]},"properties":{"year":2023,"fatal":false,"ped":false,"bike":false}},{"type":"Feature","geometry":{"type":"Point","coordinates":[-80.0571,40.6302]},"properties":{"year":2023,"fatal":false,"ped":false,"bike":false}},{"type":"Feature","geometry":{"type":"Point","coordinates":[-80.1221,40.5413]},"properties":{"year":2023,"fatal":true,"ped":false,"bike":false}},{"type":"Feature","geometry":{"type":"Point","coordinates":[-79.9571,40.5232]},"properties":{"year":2023,"fatal":false,"ped":false,"bike":false}},{"type":"Feature","geometry":{"type":"Point","coordinates":[-80.0779,40.5963]},"properties":{"year":2023,"fatal":false,"ped":false,"bike":false}},{"type":"Feature","geometry":{"type":"Point","coordinates":[-79.9515,40.5139]},"properties":{"year":2023,"fatal":false,"ped":false,"bike":false}},{"type":"Feature","geometry":{"type":"Point","coordinates":[-80.0233,40.5582]},"properties":{"year":2023,"fatal":true,"ped":false,"bike":false}},{"type":"Feature","geometry":{"type":"Point","coordinates":[-79.9779,40.4356]},"properties":{"year":2023,"fatal":false,"ped":false,"bike":false}},{"type":"Feature","geometry":{"type":"Point","coordinates":[-79.7965,40.3447]},"properties":{"year":2023,"fatal":false,"ped":false,"bike":false}},{"type":"Feature","geometry":{"type":"Point","coordinates":[-79.9582,40.554]},"properties":{"year":2023,"fatal":false,"ped":false,"bike":false}},{"type":"Feature","geometry":{"type":"Point","coordinates":[-79.828,40.378]},"properties":{"year":2023,"fatal":false,"ped":false,"bike":false}},{"type":"Feature","geometry":{"type":"Point","coordinates":[-79.9572,40.346]},"properties":{"year":2023,"fatal":false,"ped":false,"bike":false}},{"type":"Feature","geometry":{"type":"Point","coordinates":[-79.8948,40.5515]},"properties":{"year":2023,"fatal":false,"ped":false,"bike":false}},{"type":"Feature","geometry":{"type":"Point","coordinates":[-79.8261,40.3623]},"properties":{"year":2023,"fatal":false,"ped":false,"bike":false}},{"type":"Feature","geometry":{"type":"Point","coordinates":[-80.0798,40.3424]},"properties":{"year":2023,"fatal":false,"ped":false,"bike":false}},{"type":"Feature","geometry":{"type":"Point","coordinates":[-79.9963,40.6013]},"properties":{"year":2023,"fatal":true,"ped":false,"bike":false}},{"type":"Feature","geometry":{"type":"Point","coordinates":[-80.1863,40.3667]},"properties":{"year":2023,"fatal":false,"ped":false,"bike":false}},{"type":"Feature","geometry":{"type":"Point","coordinates":[-79.9573,40.5113]},"properties":{"year":2023,"fatal":true,"ped":false,"bike":false}},{"type":"Feature","geometry":{"type":"Point","coordinates":[-79.7981,40.5677]},"properties":{"year":2023,"fatal":false,"ped":false,"bike":false}},{"type":"Feature","geometry":{"type":"Point","coordinates":[-80.0909,40.3876]},"properties":{"year":2023,"fatal":false,"ped":false,"bike":false}},{"type":"Feature","geometry":{"type":"Point","coordinates":[-79.8414,40.3959]},"properties":{"year":2023,"fatal":false,"ped":false,"bike":false}},{"type":"Feature","geometry":{"type":"Point","coordinates":[-80.1799,40.5247]},"properties":{"year":2023,"fatal":false,"ped":false,"bike":false}},{"type":"Feature","geometry":{"type":"Point","coordinates":[-79.9964,40.5056]},"properties":{"year":2023,"fatal":false,"ped":false,"bike":false}},{"type":"Feature","geometry":{"type":"Point","coordinates":[-80.0144,40.3615]},"properties":{"year":2023,"fatal":false,"ped":false,"bike":false}},{"type":"Feature","geometry":{"type":"Point","coordinates":[-79.8868,40.4234]},"properties":{"year":2023,"fatal":false,"ped":true,"bike":false}},{"type":"Feature","geometry":{"type":"Point","coordinates":[-79.7561,40.44]},"properties":{"year":2023,"fatal":false,"ped":false,"bike":false}},{"type":"Feature","geometry":{"type":"Point","coordinates":[-79.9078,40.4842]},"properties":{"year":2023,"fatal":true,"ped":false,"bike":false}},{"type":"Feature","geometry":{"type":"Point","coordinates":[-79.8851,40.4298]},"properties":{"year":2023,"fatal":true,"ped":true,"bike":false}},{"type":"Feature","geometry":{"type":"Point","coordinates":[-80.1906,40.4596]},"properties":{"year":2023,"fatal":true,"ped":false,"bike":false}},{"type":"Feature","geometry":{"type":"Point","coordinates":[-80.1099,40.3592]},"properties":{"year":2023,"fatal":false,"ped":true,"bike":false}},{"type":"Feature","geometry":{"type":"Point","coordinates":[-79.9275,40.421]},"properties":{"year":2023,"fatal":true,"ped":false,"bike":false}},{"type":"Feature","geometry":{"type":"Point","coordinates":[-79.9616,40.4432]},"properties":{"year":2023,"fatal":true,"ped":true,"bike":false}},{"type":"Feature","geometry":{"type":"Point","coordinates":[-80.2232,40.5063]},"properties":{"year":2023,"fatal":true,"ped":true,"bike":false}},{"type":"Feature","geometry":{"type":"Point","coordinates":[-79.8989,40.4647]},"properties":{"year":2023,"fatal":true,"ped":false,"bike":false}},{"type":"Feature","geometry":{"type":"Point","coordinates":[-80.06249,40.497]},"properties":{"year":2024,"fatal":false,"ped":true,"bike":false}},{"type":"Feature","geometry":{"type":"Point","coordinates":[-79.8585,40.44519]},"properties":{"year":2024,"fatal":false,"ped":false,"bike":false}},{"type":"Feature","geometry":{"type":"Point","coordinates":[-79.94521,40.50227]},"properties":{"year":2024,"fatal":false,"ped":false,"bike":false}},{"type":"Feature","geometry":{"type":"Point","coordinates":[-79.94074,40.50916]},"properties":{"year":2024,"fatal":false,"ped":false,"bike":false}},{"type":"Feature","geometry":{"type":"Point","coordinates":[-80.00515,40.47455]},"properties":{"year":2024,"fatal":false,"ped":false,"bike":false}},{"type":"Feature","geometry":{"type":"Point","coordinates":[-80.22019,40.54581]},"properties":{"year":2024,"fatal":true,"ped":false,"bike":false}},{"type":"Feature","geometry":{"type":"Point","coordinates":[-79.84854,40.41729]},"properties":{"year":2024,"fatal":false,"ped":false,"bike":false}},{"type":"Feature","geometry":{"type":"Point","coordinates":[-79.79258,40.65231]},"properties":{"year":2024,"fatal":false,"ped":false,"bike":false}},{"type":"Feature","geometry":{"type":"Point","coordinates":[-80.07499,40.59214]},"properties":{"year":2024,"fatal":false,"ped":false,"bike":false}},{"type":"Feature","geometry":{"type":"Point","coordinates":[-79.81931,40.38214]},"properties":{"year":2024,"fatal":true,"ped":false,"bike":false}},{"type":"Feature","geometry":{"type":"Point","coordinates":[-80.07,40.37533]},"properties":{"year":2024,"fatal":false,"ped":false,"bike":false}},{"type":"Feature","geometry":{"type":"Point","coordinates":[-80.21802,40.42839]},"properties":{"year":2024,"fatal":true,"ped":false,"bike":false}},{"type":"Feature","geometry":{"type":"Point","coordinates":[-79.85147,40.52439]},"properties":{"year":2024,"fatal":true,"ped":false,"bike":false}},{"type":"Feature","geometry":{"type":"Point","coordinates":[-80.04634,40.52174]},"properties":{"year":2024,"fatal":false,"ped":false,"bike":false}},{"type":"Feature","geometry":{"type":"Point","coordinates":[-79.99014,40.37848]},"properties":{"year":2024,"fatal":false,"ped":false,"bike":false}},{"type":"Feature","geometry":{"type":"Point","coordinates":[-79.87982,40.27564]},"properties":{"year":2024,"fatal":false,"ped":false,"bike":false}},{"type":"Feature","geometry":{"type":"Point","coordinates":[-79.83428,40.35356]},"properties":{"year":2024,"fatal":false,"ped":false,"bike":false}},{"type":"Feature","geometry":{"type":"Point","coordinates":[-79.80059,40.43238]},"properties":{"year":2024,"fatal":false,"ped":false,"bike":false}},{"type":"Feature","geometry":{"type":"Point","coordinates":[-79.88402,40.34441]},"properties":{"year":2024,"fatal":true,"ped":false,"bike":false}},{"type":"Feature","geometry":{"type":"Point","coordinates":[-79.77689,40.36588]},"properties":{"year":2024,"fatal":true,"ped":false,"bike":false}},{"type":"Feature","geometry":{"type":"Point","coordinates":[-79.84892,40.41446]},"properties":{"year":2024,"fatal":false,"ped":false,"bike":false}},{"type":"Feature","geometry":{"type":"Point","coordinates":[-79.75289,40.41164]},"properties":{"year":2024,"fatal":true,"ped":false,"bike":false}},{"type":"Feature","geometry":{"type":"Point","coordinates":[-79.78985,40.44215]},"properties":{"year":2024,"fatal":false,"ped":false,"bike":false}},{"type":"Feature","geometry":{"type":"Point","coordinates":[-79.83418,40.35333]},"properties":{"year":2024,"fatal":false,"ped":false,"bike":false}},{"type":"Feature","geometry":{"type":"Point","coordinates":[-79.84465,40.37355]},"properties":{"year":2024,"fatal":false,"ped":false,"bike":false}},{"type":"Feature","geometry":{"type":"Point","coordinates":[-79.89478,40.38739]},"properties":{"year":2024,"fatal":false,"ped":false,"bike":false}},{"type":"Feature","geometry":{"type":"Point","coordinates":[-80.06049,40.46647]},"properties":{"year":2024,"fatal":false,"ped":false,"bike":false}},{"type":"Feature","geometry":{"type":"Point","coordinates":[-79.88646,40.45519]},"properties":{"year":2024,"fatal":false,"ped":true,"bike":false}},{"type":"Feature","geometry":{"type":"Point","coordinates":[-80.22199,40.50004]},"properties":{"year":2024,"fatal":false,"ped":false,"bike":false}},{"type":"Feature","geometry":{"type":"Point","coordinates":[-79.98314,40.61228]},"properties":{"year":2024,"fatal":false,"ped":false,"bike":false}},{"type":"Feature","geometry":{"type":"Point","coordinates":[-79.91523,40.43027]},"properties":{"year":2024,"fatal":false,"ped":true,"bike":false}},{"type":"Feature","geometry":{"type":"Point","coordinates":[-79.8517,40.50742]},"properties":{"year":2024,"fatal":false,"ped":false,"bike":false}},{"type":"Feature","geometry":{"type":"Point","coordinates":[-79.81829,40.32736]},"properties":{"year":2024,"fatal":false,"ped":false,"bike":false}},{"type":"Feature","geometry":{"type":"Point","coordinates":[-79.93385,40.33248]},"properties":{"year":2024,"fatal":false,"ped":false,"bike":false}},{"type":"Feature","geometry":{"type":"Point","coordinates":[-79.93592,40.29786]},"properties":{"year":2024,"fatal":false,"ped":false,"bike":false}},{"type":"Feature","geometry":{"type":"Point","coordinates":[-79.95618,40.35339]},"properties":{"year":2024,"fatal":false,"ped":false,"bike":false}},{"type":"Feature","geometry":{"type":"Point","coordinates":[-79.97118,40.55461]},"properties":{"year":2024,"fatal":true,"ped":false,"bike":false}},{"type":"Feature","geometry":{"type":"Point","coordinates":[-79.71354,40.63432]},"properties":{"year":2024,"fatal":false,"ped":false,"bike":false}},{"type":"Feature","geometry":{"type":"Point","coordinates":[-80.18555,40.58247]},"properties":{"year":2024,"fatal":false,"ped":false,"bike":false}},{"type":"Feature","geometry":{"type":"Point","coordinates":[-79.76295,40.43898]},"properties":{"year":2024,"fatal":true,"ped":false,"bike":false}},{"type":"Feature","geometry":{"type":"Point","coordinates":[-80.00747,40.37277]},"properties":{"year":2024,"fatal":false,"ped":true,"bike":false}},{"type":"Feature","geometry":{"type":"Point","coordinates":[-79.7962,40.4494]},"properties":{"year":2024,"fatal":false,"ped":false,"bike":false}},{"type":"Feature","geometry":{"type":"Point","coordinates":[-79.85747,40.35214]},"properties":{"year":2024,"fatal":false,"ped":false,"bike":false}},{"type":"Feature","geometry":{"type":"Point","coordinates":[-80.04973,40.43795]},"properties":{"year":2024,"fatal":false,"ped":false,"bike":false}},{"type":"Feature","geometry":{"type":"Point","coordinates":[-79.96075,40.53053]},"properties":{"year":2024,"fatal":false,"ped":false,"bike":false}},{"type":"Feature","geometry":{"type":"Point","coordinates":[-79.80112,40.54112]},"properties":{"year":2024,"fatal":false,"ped":false,"bike":false}},{"type":"Feature","geometry":{"type":"Point","coordinates":[-79.83341,40.40669]},"properties":{"year":2024,"fatal":false,"ped":false,"bike":false}},{"type":"Feature","geometry":{"type":"Point","coordinates":[-79.77243,40.43617]},"properties":{"year":2024,"fatal":false,"ped":false,"bike":false}},{"type":"Feature","geometry":{"type":"Point","coordinates":[-79.90573,40.42553]},"properties":{"year":2024,"fatal":false,"ped":false,"bike":false}},{"type":"Feature","geometry":{"type":"Point","coordinates":[-79.96759,40.43546]},"properties":{"year":2024,"fatal":false,"ped":false,"bike":false}},{"type":"Feature","geometry":{"type":"Point","coordinates":[-80.06694,40.49575]},"properties":{"year":2024,"fatal":false,"ped":false,"bike":false}},{"type":"Feature","geometry":{"type":"Point","coordinates":[-79.80903,40.38013]},"properties":{"year":2024,"fatal":false,"ped":false,"bike":false}},{"type":"Feature","geometry":{"type":"Point","coordinates":[-80.01446,40.59204]},"properties":{"year":2024,"fatal":false,"ped":false,"bike":true}},{"type":"Feature","geometry":{"type":"Point","coordinates":[-79.86968,40.39175]},"properties":{"year":2024,"fatal":false,"ped":false,"bike":false}},{"type":"Feature","geometry":{"type":"Point","coordinates":[-79.9443,40.63507]},"properties":{"year":2024,"fatal":true,"ped":false,"bike":false}},{"type":"Feature","geometry":{"type":"Point","coordinates":[-79.97223,40.56449]},"properties":{"year":2024,"fatal":false,"ped":false,"bike":false}},{"type":"Feature","geometry":{"type":"Point","coordinates":[-80.06137,40.43986]},"properties":{"year":2024,"fatal":false,"ped":false,"bike":false}},{"type":"Feature","geometry":{"type":"Point","coordinates":[-79.79281,40.566]},"properties":{"year":2024,"fatal":false,"ped":false,"bike":false}},{"type":"Feature","geometry":{"type":"Point","coordinates":[-79.82786,40.44644]},"properties":{"year":2024,"fatal":false,"ped":false,"bike":false}},{"type":"Feature","geometry":{"type":"Point","coordinates":[-79.98233,40.36061]},"properties":{"year":2024,"fatal":false,"ped":false,"bike":false}},{"type":"Feature","geometry":{"type":"Point","coordinates":[-80.20826,40.56356]},"properties":{"year":2024,"fatal":true,"ped":false,"bike":false}},{"type":"Feature","geometry":{"type":"Point","coordinates":[-79.81662,40.36833]},"properties":{"year":2024,"fatal":true,"ped":false,"bike":false}},{"type":"Feature","geometry":{"type":"Point","coordinates":[-79.83479,40.39998]},"properties":{"year":2024,"fatal":false,"ped":false,"bike":false}},{"type":"Feature","geometry":{"type":"Point","coordinates":[-79.90101,40.62188]},"properties":{"year":2024,"fatal":false,"ped":false,"bike":false}},{"type":"Feature","geometry":{"type":"Point","coordinates":[-79.93186,40.32883]},"properties":{"year":2024,"fatal":false,"ped":false,"bike":false}},{"type":"Feature","geometry":{"type":"Point","coordinates":[-79.86538,40.49171]},"properties":{"year":2024,"fatal":false,"ped":false,"bike":false}},{"type":"Feature","geometry":{"type":"Point","coordinates":[-79.94465,40.34879]},"properties":{"year":2024,"fatal":false,"ped":false,"bike":false}},{"type":"Feature","geometry":{"type":"Point","coordinates":[-79.84381,40.53448]},"properties":{"year":2024,"fatal":false,"ped":false,"bike":false}},{"type":"Feature","geometry":{"type":"Point","coordinates":[-80.14497,40.42484]},"properties":{"year":2024,"fatal":true,"ped":false,"bike":false}},{"type":"Feature","geometry":{"type":"Point","coordinates":[-79.9422,40.62411]},"properties":{"year":2024,"fatal":false,"ped":false,"bike":false}},{"type":"Feature","geometry":{"type":"Point","coordinates":[-79.8304,40.53858]},"properties":{"year":2024,"fatal":true,"ped":false,"bike":false}},{"type":"Feature","geometry":{"type":"Point","coordinates":[-80.19481,40.38272]},"properties":{"year":2024,"fatal":false,"ped":false,"bike":false}},{"type":"Feature","geometry":{"type":"Point","coordinates":[-80.00775,40.47817]},"properties":{"year":2024,"fatal":true,"ped":true,"bike":false}},{"type":"Feature","geometry":{"type":"Point","coordinates":[-79.99615,40.45432]},"properties":{"year":2024,"fatal":false,"ped":false,"bike":false}},{"type":"Feature","geometry":{"type":"Point","coordinates":[-79.70771,40.42917]},"properties":{"year":2024,"fatal":false,"ped":false,"bike":false}},{"type":"Feature","geometry":{"type":"Point","coordinates":[-79.79044,40.47533]},"properties":{"year":2024,"fatal":false,"ped":false,"bike":false}},{"type":"Feature","geometry":{"type":"Point","coordinates":[-79.75531,40.46892]},"properties":{"year":2024,"fatal":false,"ped":false,"bike":false}},{"type":"Feature","geometry":{"type":"Point","coordinates":[-79.95788,40.42009]},"properties":{"year":2024,"fatal":true,"ped":false,"bike":false}},{"type":"Feature","geometry":{"type":"Point","coordinates":[-79.98201,40.45143]},"properties":{"year":2024,"fatal":true,"ped":true,"bike":false}},{"type":"Feature","geometry":{"type":"Point","coordinates":[-79.84404,40.49748]},"properties":{"year":2024,"fatal":true,"ped":false,"bike":false}},{"type":"Feature","geometry":{"type":"Point","coordinates":[-79.98232,40.43497]},"properties":{"year":2024,"fatal":true,"ped":false,"bike":false}},{"type":"Feature","geometry":{"type":"Point","coordinates":[-79.95382,40.40617]},"properties":{"year":2024,"fatal":true,"ped":false,"bike":false}},{"type":"Feature","geometry":{"type":"Point","coordinates":[-79.98446,40.43532]},"properties":{"year":2024,"fatal":true,"ped":false,"bike":false}},{"type":"Feature","geometry":{"type":"Point","coordinates":[-79.9916,40.4059]},"properties":{"year":2024,"fatal":true,"ped":true,"bike":false}},{"type":"Feature","geometry":{"type":"Point","coordinates":[-79.81058,40.33608]},"properties":{"year":2024,"fatal":false,"ped":false,"bike":false}},{"type":"Feature","geometry":{"type":"Point","coordinates":[-79.98194,40.37182]},"properties":{"year":2024,"fatal":true,"ped":true,"bike":false}},{"type":"Feature","geometry":{"type":"Point","coordinates":[-80.22245,40.57671]},"properties":{"year":2024,"fatal":false,"ped":false,"bike":false}},{"type":"Feature","geometry":{"type":"Point","coordinates":[-79.95916,40.55943]},"properties":{"year":2024,"fatal":false,"ped":false,"bike":false}},{"type":"Feature","geometry":{"type":"Point","coordinates":[-80.23739,40.54018]},"properties":{"year":2024,"fatal":false,"ped":false,"bike":false}},{"type":"Feature","geometry":{"type":"Point","coordinates":[-79.8708,40.2415]},"properties":{"year":2024,"fatal":false,"ped":false,"bike":false}},{"type":"Feature","geometry":{"type":"Point","coordinates":[-79.9085,40.41294]},"properties":{"year":2024,"fatal":false,"ped":false,"bike":false}},{"type":"Feature","geometry":{"type":"Point","coordinates":[-79.88442,40.45578]},"properties":{"year":2024,"fatal":false,"ped":false,"bike":false}},{"type":"Feature","geometry":{"type":"Point","coordinates":[-79.89849,40.20445]},"properties":{"year":2024,"fatal":false,"ped":false,"bike":false}},{"type":"Feature","geometry":{"type":"Point","coordinates":[-80.12647,40.49348]},"properties":{"year":2024,"fatal":false,"ped":false,"bike":false}},{"type":"Feature","geometry":{"type":"Point","coordinates":[-79.96116,40.54676]},"properties":{"year":2024,"fatal":true,"ped":false,"bike":false}},{"type":"Feature","geometry":{"type":"Point","coordinates":[-79.83627,40.35451]},"properties":{"year":2024,"fatal":true,"ped":false,"bike":false}},{"type":"Feature","geometry":{"type":"Point","coordinates":[-79.77722,40.54154]},"properties":{"year":2024,"fatal":false,"ped":false,"bike":false}},{"type":"Feature","geometry":{"type":"Point","coordinates":[-80.14854,40.49158]},"properties":{"year":2024,"fatal":true,"ped":false,"bike":false}},{"type":"Feature","geometry":{"type":"Point","coordinates":[-79.8202,40.47294]},"properties":{"year":2024,"fatal":false,"ped":false,"bike":false}},{"type":"Feature","geometry":{"type":"Point","coordinates":[-79.82613,40.36237]},"properties":{"year":2024,"fatal":true,"ped":false,"bike":false}},{"type":"Feature","geometry":{"type":"Point","coordinates":[-79.83026,40.38866]},"properties":{"year":2024,"fatal":true,"ped":false,"bike":false}},{"type":"Feature","geometry":{"type":"Point","coordinates":[-79.90347,40.41408]},"properties":{"year":2024,"fatal":false,"ped":false,"bike":false}},{"type":"Feature","geometry":{"type":"Point","coordinates":[-80.07202,40.36646]},"properties":{"year":2024,"fatal":false,"ped":false,"bike":false}},{"type":"Feature","geometry":{"type":"Point","coordinates":[-80.02853,40.62716]},"properties":{"year":2024,"fatal":false,"ped":false,"bike":false}},{"type":"Feature","geometry":{"type":"Point","coordinates":[-80.18247,40.44382]},"properties":{"year":2024,"fatal":false,"ped":false,"bike":false}},{"type":"Feature","geometry":{"type":"Point","coordinates":[-79.93792,40.22258]},"properties":{"year":2024,"fatal":false,"ped":false,"bike":false}},{"type":"Feature","geometry":{"type":"Point","coordinates":[-80.14249,40.43357]},"properties":{"year":2024,"fatal":false,"ped":false,"bike":false}},{"type":"Feature","geometry":{"type":"Point","coordinates":[-79.85056,40.63706]},"properties":{"year":2024,"fatal":false,"ped":false,"bike":false}},{"type":"Feature","geometry":{"type":"Point","coordinates":[-80.12572,40.50897]},"properties":{"year":2024,"fatal":false,"ped":false,"bike":false}},{"type":"Feature","geometry":{"type":"Point","coordinates":[-79.84107,40.46147]},"properties":{"year":2024,"fatal":false,"ped":false,"bike":false}},{"type":"Feature","geometry":{"type":"Point","coordinates":[-79.83715,40.28341]},"properties":{"year":2024,"fatal":true,"ped":false,"bike":false}},{"type":"Feature","geometry":{"type":"Point","coordinates":[-80.05725,40.49642]},"properties":{"year":2024,"fatal":false,"ped":true,"bike":false}},{"type":"Feature","geometry":{"type":"Point","coordinates":[-80.11486,40.55299]},"properties":{"year":2024,"fatal":false,"ped":false,"bike":false}},{"type":"Feature","geometry":{"type":"Point","coordinates":[-80.05061,40.53858]},"properties":{"year":2024,"fatal":false,"ped":false,"bike":false}},{"type":"Feature","geometry":{"type":"Point","coordinates":[-79.82519,40.40612]},"properties":{"year":2024,"fatal":false,"ped":false,"bike":true}},{"type":"Feature","geometry":{"type":"Point","coordinates":[-79.81874,40.32363]},"properties":{"year":2024,"fatal":false,"ped":false,"bike":false}},{"type":"Feature","geometry":{"type":"Point","coordinates":[-79.92058,40.44385]},"properties":{"year":2024,"fatal":false,"ped":false,"bike":false}},{"type":"Feature","geometry":{"type":"Point","coordinates":[-79.9375,40.43274]},"properties":{"year":2024,"fatal":false,"ped":false,"bike":false}},{"type":"Feature","geometry":{"type":"Point","coordinates":[-80.19186,40.42197]},"properties":{"year":2024,"fatal":false,"ped":false,"bike":false}},{"type":"Feature","geometry":{"type":"Point","coordinates":[-79.75884,40.61485]},"properties":{"year":2024,"fatal":false,"ped":false,"bike":false}},{"type":"Feature","geometry":{"type":"Point","coordinates":[-80.02511,40.5034]},"properties":{"year":2024,"fatal":false,"ped":false,"bike":false}},{"type":"Feature","geometry":{"type":"Point","coordinates":[-79.84782,40.42933]},"properties":{"year":2024,"fatal":false,"ped":false,"bike":false}},{"type":"Feature","geometry":{"type":"Point","coordinates":[-79.70473,40.44695]},"properties":{"year":2024,"fatal":false,"ped":false,"bike":false}},{"type":"Feature","geometry":{"type":"Point","coordinates":[-80.04594,40.44115]},"properties":{"year":2024,"fatal":false,"ped":false,"bike":false}},{"type":"Feature","geometry":{"type":"Point","coordinates":[-79.96214,40.34446]},"properties":{"year":2024,"fatal":false,"ped":false,"bike":false}},{"type":"Feature","geometry":{"type":"Point","coordinates":[-80.14145,40.32854]},"properties":{"year":2024,"fatal":false,"ped":false,"bike":false}},{"type":"Feature","geometry":{"type":"Point","coordinates":[-79.8226,40.41739]},"properties":{"year":2024,"fatal":false,"ped":false,"bike":false}},{"type":"Feature","geometry":{"type":"Point","coordinates":[-80.0133,40.58859]},"properties":{"year":2024,"fatal":false,"ped":false,"bike":false}},{"type":"Feature","geometry":{"type":"Point","coordinates":[-79.80717,40.54086]},"properties":{"year":2024,"fatal":true,"ped":false,"bike":false}},{"type":"Feature","geometry":{"type":"Point","coordinates":[-79.81778,40.4426]},"properties":{"year":2024,"fatal":true,"ped":false,"bike":false}},{"type":"Feature","geometry":{"type":"Point","coordinates":[-79.91308,40.43803]},"properties":{"year":2024,"fatal":false,"ped":false,"bike":false}},{"type":"Feature","geometry":{"type":"Point","coordinates":[-80.02559,40.44896]},"properties":{"year":2024,"fatal":true,"ped":true,"bike":false}},{"type":"Feature","geometry":{"type":"Point","coordinates":[-80.01623,40.55801]},"properties":{"year":2024,"fatal":false,"ped":false,"bike":false}},{"type":"Feature","geometry":{"type":"Point","coordinates":[-80.06486,40.53211]},"properties":{"year":2024,"fatal":false,"ped":false,"bike":false}},{"type":"Feature","geometry":{"type":"Point","coordinates":[-80.01017,40.41285]},"properties":{"year":2024,"fatal":false,"ped":false,"bike":false}},{"type":"Feature","geometry":{"type":"Point","coordinates":[-80.06752,40.44313]},"properties":{"year":2024,"fatal":false,"ped":false,"bike":false}},{"type":"Feature","geometry":{"type":"Point","coordinates":[-80.03211,40.6269]},"properties":{"year":2024,"fatal":false,"ped":false,"bike":false}},{"type":"Feature","geometry":{"type":"Point","coordinates":[-79.84274,40.4602]},"properties":{"year":2024,"fatal":false,"ped":false,"bike":false}},{"type":"Feature","geometry":{"type":"Point","coordinates":[-79.97621,40.49544]},"properties":{"year":2024,"fatal":false,"ped":false,"bike":false}},{"type":"Feature","geometry":{"type":"Point","coordinates":[-79.89511,40.33773]},"properties":{"year":2024,"fatal":false,"ped":false,"bike":false}},{"type":"Feature","geometry":{"type":"Point","coordinates":[-79.76152,40.54158]},"properties":{"year":2024,"fatal":false,"ped":false,"bike":false}},{"type":"Feature","geometry":{"type":"Point","coordinates":[-80.16157,40.34904]},"properties":{"year":2024,"fatal":false,"ped":false,"bike":false}},{"type":"Feature","geometry":{"type":"Point","coordinates":[-80.22246,40.5767]},"properties":{"year":2024,"fatal":false,"ped":false,"bike":false}},{"type":"Feature","geometry":{"type":"Point","coordinates":[-80.15206,40.46171]},"properties":{"year":2024,"fatal":true,"ped":false,"bike":false}},{"type":"Feature","geometry":{"type":"Point","coordinates":[-79.83081,40.38902]},"properties":{"year":2024,"fatal":false,"ped":false,"bike":false}},{"type":"Feature","geometry":{"type":"Point","coordinates":[-80.09322,40.66075]},"properties":{"year":2024,"fatal":false,"ped":false,"bike":false}},{"type":"Feature","geometry":{"type":"Point","coordinates":[-79.87792,40.37068]},"properties":{"year":2024,"fatal":false,"ped":false,"bike":false}},{"type":"Feature","geometry":{"type":"Point","coordinates":[-80.10175,40.36992]},"properties":{"year":2024,"fatal":false,"ped":false,"bike":false}},{"type":"Feature","geometry":{"type":"Point","coordinates":[-80.06686,40.66549]},"properties":{"year":2024,"fatal":false,"ped":false,"bike":false}},{"type":"Feature","geometry":{"type":"Point","coordinates":[-79.94481,40.34837]},"properties":{"year":2024,"fatal":false,"ped":false,"bike":false}},{"type":"Feature","geometry":{"type":"Point","coordinates":[-79.83412,40.55304]},"properties":{"year":2024,"fatal":false,"ped":false,"bike":false}},{"type":"Feature","geometry":{"type":"Point","coordinates":[-80.08792,40.36185]},"properties":{"year":2024,"fatal":false,"ped":false,"bike":false}},{"type":"Feature","geometry":{"type":"Point","coordinates":[-79.89841,40.45816]},"properties":{"year":2024,"fatal":false,"ped":false,"bike":true}},{"type":"Feature","geometry":{"type":"Point","coordinates":[-79.82121,40.36653]},"properties":{"year":2024,"fatal":false,"ped":false,"bike":false}},{"type":"Feature","geometry":{"type":"Point","coordinates":[-80.09897,40.55064]},"properties":{"year":2024,"fatal":false,"ped":false,"bike":false}},{"type":"Feature","geometry":{"type":"Point","coordinates":[-79.8324,40.32412]},"properties":{"year":2024,"fatal":false,"ped":false,"bike":false}},{"type":"Feature","geometry":{"type":"Point","coordinates":[-79.86276,40.38501]},"properties":{"year":2024,"fatal":false,"ped":false,"bike":false}},{"type":"Feature","geometry":{"type":"Point","coordinates":[-79.88103,40.34646]},"properties":{"year":2024,"fatal":true,"ped":false,"bike":false}},{"type":"Feature","geometry":{"type":"Point","coordinates":[-79.93689,40.28448]},"properties":{"year":2024,"fatal":false,"ped":false,"bike":false}},{"type":"Feature","geometry":{"type":"Point","coordinates":[-79.90884,40.40808]},"properties":{"year":2024,"fatal":true,"ped":false,"bike":false}},{"type":"Feature","geometry":{"type":"Point","coordinates":[-79.93601,40.55405]},"properties":{"year":2024,"fatal":false,"ped":false,"bike":false}},{"type":"Feature","geometry":{"type":"Point","coordinates":[-80.10735,40.44946]},"properties":{"year":2024,"fatal":false,"ped":false,"bike":false}},{"type":"Feature","geometry":{"type":"Point","coordinates":[-79.77744,40.58745]},"properties":{"year":2024,"fatal":false,"ped":false,"bike":false}},{"type":"Feature","geometry":{"type":"Point","coordinates":[-80.0039,40.44144]},"properties":{"year":2024,"fatal":true,"ped":false,"bike":true}},{"type":"Feature","geometry":{"type":"Point","coordinates":[-80.08083,40.43939]},"properties":{"year":2024,"fatal":false,"ped":false,"bike":false}},{"type":"Feature","geometry":{"type":"Point","coordinates":[-79.97841,40.42481]},"properties":{"year":2024,"fatal":false,"ped":false,"bike":false}},{"type":"Feature","geometry":{"type":"Point","coordinates":[-79.98242,40.42884]},"properties":{"year":2024,"fatal":false,"ped":true,"bike":false}},{"type":"Feature","geometry":{"type":"Point","coordinates":[-79.79033,40.42457]},"properties":{"year":2024,"fatal":false,"ped":false,"bike":false}},{"type":"Feature","geometry":{"type":"Point","coordinates":[-80.11949,40.46844]},"properties":{"year":2024,"fatal":false,"ped":false,"bike":false}},{"type":"Feature","geometry":{"type":"Point","coordinates":[-80.07604,40.43953]},"properties":{"year":2024,"fatal":false,"ped":false,"bike":false}},{"type":"Feature","geometry":{"type":"Point","coordinates":[-80.09132,40.40458]},"properties":{"year":2024,"fatal":false,"ped":false,"bike":false}},{"type":"Feature","geometry":{"type":"Point","coordinates":[-79.98736,40.3306]},"properties":{"year":2024,"fatal":false,"ped":false,"bike":false}},{"type":"Feature","geometry":{"type":"Point","coordinates":[-80.20474,40.53075]},"properties":{"year":2024,"fatal":false,"ped":false,"bike":false}},{"type":"Feature","geometry":{"type":"Point","coordinates":[-80.11107,40.39581]},"properties":{"year":2024,"fatal":false,"ped":false,"bike":false}},{"type":"Feature","geometry":{"type":"Point","coordinates":[-79.94043,40.35244]},"properties":{"year":2024,"fatal":false,"ped":false,"bike":false}},{"type":"Feature","geometry":{"type":"Point","coordinates":[-80.20475,40.55791]},"properties":{"year":2024,"fatal":false,"ped":false,"bike":false}},{"type":"Feature","geometry":{"type":"Point","coordinates":[-80.04696,40.39231]},"properties":{"year":2024,"fatal":false,"ped":false,"bike":false}},{"type":"Feature","geometry":{"type":"Point","coordinates":[-79.85753,40.35042]},"properties":{"year":2024,"fatal":false,"ped":true,"bike":false}},{"type":"Feature","geometry":{"type":"Point","coordinates":[-79.72639,40.62257]},"properties":{"year":2024,"fatal":false,"ped":false,"bike":false}},{"type":"Feature","geometry":{"type":"Point","coordinates":[-80.23488,40.46847]},"properties":{"year":2024,"fatal":false,"ped":false,"bike":false}},{"type":"Feature","geometry":{"type":"Point","coordinates":[-80.06985,40.52551]},"properties":{"year":2024,"fatal":false,"ped":false,"bike":false}},{"type":"Feature","geometry":{"type":"Point","coordinates":[-80.33094,40.49133]},"properties":{"year":2024,"fatal":false,"ped":false,"bike":false}},{"type":"Feature","geometry":{"type":"Point","coordinates":[-79.84828,40.39486]},"properties":{"year":2024,"fatal":false,"ped":false,"bike":false}},{"type":"Feature","geometry":{"type":"Point","coordinates":[-79.75717,40.60326]},"properties":{"year":2024,"fatal":false,"ped":true,"bike":false}},{"type":"Feature","geometry":{"type":"Point","coordinates":[-80.02781,40.43747]},"properties":{"year":2024,"fatal":false,"ped":true,"bike":false}},{"type":"Feature","geometry":{"type":"Point","coordinates":[-79.70556,40.65361]},"properties":{"year":2024,"fatal":false,"ped":false,"bike":false}},{"type":"Feature","geometry":{"type":"Point","coordinates":[-79.97774,40.45435]},"properties":{"year":2024,"fatal":false,"ped":false,"bike":false}},{"type":"Feature","geometry":{"type":"Point","coordinates":[-79.84268,40.52602]},"properties":{"year":2024,"fatal":false,"ped":false,"bike":false}},{"type":"Feature","geometry":{"type":"Point","coordinates":[-79.91989,40.44183]},"properties":{"year":2024,"fatal":false,"ped":false,"bike":true}},{"type":"Feature","geometry":{"type":"Point","coordinates":[-79.97961,40.35553]},"properties":{"year":2024,"fatal":false,"ped":false,"bike":false}},{"type":"Feature","geometry":{"type":"Point","coordinates":[-79.92071,40.37702]},"properties":{"year":2024,"fatal":false,"ped":false,"bike":false}},{"type":"Feature","geometry":{"type":"Point","coordinates":[-80.19128,40.43319]},"properties":{"year":2024,"fatal":false,"ped":false,"bike":false}},{"type":"Feature","geometry":{"type":"Point","coordinates":[-80.03229,40.39629]},"properties":{"year":2024,"fatal":true,"ped":false,"bike":false}},{"type":"Feature","geometry":{"type":"Point","coordinates":[-79.85768,40.56255]},"properties":{"year":2024,"fatal":false,"ped":true,"bike":false}},{"type":"Feature","geometry":{"type":"Point","coordinates":[-79.86922,40.3907]},"properties":{"year":2024,"fatal":false,"ped":false,"bike":false}},{"type":"Feature","geometry":{"type":"Point","coordinates":[-80.1062,40.634]},"properties":{"year":2024,"fatal":false,"ped":false,"bike":false}},{"type":"Feature","geometry":{"type":"Point","coordinates":[-79.94188,40.628]},"properties":{"year":2024,"fatal":true,"ped":false,"bike":false}},{"type":"Feature","geometry":{"type":"Point","coordinates":[-79.82881,40.36347]},"properties":{"year":2024,"fatal":false,"ped":false,"bike":false}},{"type":"Feature","geometry":{"type":"Point","coordinates":[-79.84672,40.5178]},"properties":{"year":2024,"fatal":false,"ped":true,"bike":false}},{"type":"Feature","geometry":{"type":"Point","coordinates":[-79.80136,40.3773]},"properties":{"year":2024,"fatal":false,"ped":false,"bike":false}},{"type":"Feature","geometry":{"type":"Point","coordinates":[-79.86853,40.19914]},"properties":{"year":2024,"fatal":false,"ped":false,"bike":false}},{"type":"Feature","geometry":{"type":"Point","coordinates":[-79.83647,40.34483]},"properties":{"year":2024,"fatal":false,"ped":false,"bike":false}},{"type":"Feature","geometry":{"type":"Point","coordinates":[-79.87735,40.4419]},"properties":{"year":2024,"fatal":true,"ped":false,"bike":false}},{"type":"Feature","geometry":{"type":"Point","coordinates":[-79.77425,40.4382]},"properties":{"year":2024,"fatal":false,"ped":true,"bike":false}},{"type":"Feature","geometry":{"type":"Point","coordinates":[-79.91276,40.40632]},"properties":{"year":2024,"fatal":false,"ped":true,"bike":false}},{"type":"Feature","geometry":{"type":"Point","coordinates":[-79.98935,40.43381]},"properties":{"year":2024,"fatal":false,"ped":false,"bike":false}},{"type":"Feature","geometry":{"type":"Point","coordinates":[-79.86979,40.46107]},"properties":{"year":2024,"fatal":false,"ped":true,"bike":false}},{"type":"Feature","geometry":{"type":"Point","coordinates":[-79.87353,40.40477]},"properties":{"year":2024,"fatal":false,"ped":false,"bike":true}},{"type":"Feature","geometry":{"type":"Point","coordinates":[-80.04222,40.47791]},"properties":{"year":2024,"fatal":false,"ped":false,"bike":false}},{"type":"Feature","geometry":{"type":"Point","coordinates":[-79.99903,40.43521]},"properties":{"year":2024,"fatal":true,"ped":false,"bike":false}},{"type":"Feature","geometry":{"type":"Point","coordinates":[-79.71915,40.61939]},"properties":{"year":2024,"fatal":true,"ped":true,"bike":false}},{"type":"Feature","geometry":{"type":"Point","coordinates":[-79.86213,40.35124]},"properties":{"year":2024,"fatal":false,"ped":true,"bike":false}},{"type":"Feature","geometry":{"type":"Point","coordinates":[-79.83729,40.35337]},"properties":{"year":2024,"fatal":false,"ped":false,"bike":false}},{"type":"Feature","geometry":{"type":"Point","coordinates":[-80.24442,40.44577]},"properties":{"year":2024,"fatal":false,"ped":false,"bike":false}},{"type":"Feature","geometry":{"type":"Point","coordinates":[-80.01955,40.55085]},"properties":{"year":2024,"fatal":false,"ped":false,"bike":false}},{"type":"Feature","geometry":{"type":"Point","coordinates":[-79.7683,40.39848]},"properties":{"year":2024,"fatal":true,"ped":false,"bike":false}},{"type":"Feature","geometry":{"type":"Point","coordinates":[-79.80634,40.50168]},"properties":{"year":2024,"fatal":false,"ped":false,"bike":false}},{"type":"Feature","geometry":{"type":"Point","coordinates":[-79.97889,40.44305]},"properties":{"year":2024,"fatal":false,"ped":false,"bike":true}},{"type":"Feature","geometry":{"type":"Point","coordinates":[-80.03098,40.36938]},"properties":{"year":2024,"fatal":false,"ped":false,"bike":true}},{"type":"Feature","geometry":{"type":"Point","coordinates":[-79.99833,40.43708]},"properties":{"year":2024,"fatal":true,"ped":false,"bike":false}},{"type":"Feature","geometry":{"type":"Point","coordinates":[-80.05207,40.44611]},"properties":{"year":2024,"fatal":true,"ped":true,"bike":false}},{"type":"Feature","geometry":{"type":"Point","coordinates":[-80.01532,40.42106]},"properties":{"year":2024,"fatal":true,"ped":false,"bike":false}},{"type":"Feature","geometry":{"type":"Point","coordinates":[-80.23849,40.44055]},"properties":{"year":2024,"fatal":false,"ped":false,"bike":false}},{"type":"Feature","geometry":{"type":"Point","coordinates":[-79.80445,40.54683]},"properties":{"year":2024,"fatal":false,"ped":false,"bike":false}},{"type":"Feature","geometry":{"type":"Point","coordinates":[-79.75603,40.43811]},"properties":{"year":2024,"fatal":true,"ped":false,"bike":false}},{"type":"Feature","geometry":{"type":"Point","coordinates":[-79.80126,40.37723]},"properties":{"year":2024,"fatal":true,"ped":false,"bike":false}},{"type":"Feature","geometry":{"type":"Point","coordinates":[-79.96241,40.53857]},"properties":{"year":2024,"fatal":true,"ped":false,"bike":true}},{"type":"Feature","geometry":{"type":"Point","coordinates":[-79.77751,40.58737]},"properties":{"year":2024,"fatal":true,"ped":false,"bike":false}},{"type":"Feature","geometry":{"type":"Point","coordinates":[-80.00259,40.44957]},"properties":{"year":2024,"fatal":false,"ped":false,"bike":false}},{"type":"Feature","geometry":{"type":"Point","coordinates":[-80.03702,40.46614]},"properties":{"year":2024,"fatal":false,"ped":false,"bike":false}},{"type":"Feature","geometry":{"type":"Point","coordinates":[-80.01891,40.45153]},"properties":{"year":2024,"fatal":false,"ped":true,"bike":false}},{"type":"Feature","geometry":{"type":"Point","coordinates":[-79.88036,40.45442]},"properties":{"year":2024,"fatal":false,"ped":true,"bike":false}},{"type":"Feature","geometry":{"type":"Point","coordinates":[-79.88506,40.45528]},"properties":{"year":2024,"fatal":false,"ped":true,"bike":false}},{"type":"Feature","geometry":{"type":"Point","coordinates":[-80.01088,40.39228]},"properties":{"year":2024,"fatal":false,"ped":false,"bike":true}},{"type":"Feature","geometry":{"type":"Point","coordinates":[-79.88572,40.45508]},"properties":{"year":2024,"fatal":false,"ped":false,"bike":false}},{"type":"Feature","geometry":{"type":"Point","coordinates":[-80.04266,40.41359]},"properties":{"year":2024,"fatal":false,"ped":false,"bike":false}},{"type":"Feature","geometry":{"type":"Point","coordinates":[-79.91937,40.43804]},"properties":{"year":2024,"fatal":false,"ped":false,"bike":true}},{"type":"Feature","geometry":{"type":"Point","coordinates":[-80.09097,40.41036]},"properties":{"year":2024,"fatal":false,"ped":false,"bike":false}},{"type":"Feature","geometry":{"type":"Point","coordinates":[-80.09831,40.37531]},"properties":{"year":2024,"fatal":false,"ped":false,"bike":false}},{"type":"Feature","geometry":{"type":"Point","coordinates":[-80.00686,40.50681]},"properties":{"year":2024,"fatal":false,"ped":false,"bike":false}},{"type":"Feature","geometry":{"type":"Point","coordinates":[-80.03305,40.39577]},"properties":{"year":2024,"fatal":true,"ped":false,"bike":false}},{"type":"Feature","geometry":{"type":"Point","coordinates":[-80.04825,40.49092]},"properties":{"year":2024,"fatal":false,"ped":false,"bike":false}},{"type":"Feature","geometry":{"type":"Point","coordinates":[-79.80469,40.54964]},"properties":{"year":2024,"fatal":false,"ped":false,"bike":false}},{"type":"Feature","geometry":{"type":"Point","coordinates":[-80.01356,40.41095]},"properties":{"year":2024,"fatal":false,"ped":false,"bike":false}},{"type":"Feature","geometry":{"type":"Point","coordinates":[-79.96074,40.33897]},"properties":{"year":2024,"fatal":false,"ped":false,"bike":false}},{"type":"Feature","geometry":{"type":"Point","coordinates":[-80.03869,40.50709]},"properties":{"year":2024,"fatal":false,"ped":false,"bike":false}},{"type":"Feature","geometry":{"type":"Point","coordinates":[-80.23984,40.54643]},"properties":{"year":2024,"fatal":false,"ped":false,"bike":false}},{"type":"Feature","geometry":{"type":"Point","coordinates":[-80.03532,40.52464]},"properties":{"year":2024,"fatal":false,"ped":true,"bike":false}},{"type":"Feature","geometry":{"type":"Point","coordinates":[-79.83952,40.50336]},"properties":{"year":2024,"fatal":false,"ped":false,"bike":false}},{"type":"Feature","geometry":{"type":"Point","coordinates":[-79.88833,40.48669]},"properties":{"year":2024,"fatal":false,"ped":false,"bike":false}},{"type":"Feature","geometry":{"type":"Point","coordinates":[-79.985,40.44147]},"properties":{"year":2024,"fatal":false,"ped":false,"bike":false}},{"type":"Feature","geometry":{"type":"Point","coordinates":[-79.99491,40.3852]},"properties":{"year":2024,"fatal":false,"ped":false,"bike":false}},{"type":"Feature","geometry":{"type":"Point","coordinates":[-80.21668,40.37779]},"properties":{"year":2024,"fatal":true,"ped":false,"bike":false}},{"type":"Feature","geometry":{"type":"Point","coordinates":[-80.06858,40.45133]},"properties":{"year":2024,"fatal":false,"ped":false,"bike":false}},{"type":"Feature","geometry":{"type":"Point","coordinates":[-79.9995,40.38442]},"properties":{"year":2024,"fatal":false,"ped":false,"bike":false}},{"type":"Feature","geometry":{"type":"Point","coordinates":[-79.90784,40.48422]},"properties":{"year":2024,"fatal":false,"ped":false,"bike":false}},{"type":"Feature","geometry":{"type":"Point","coordinates":[-79.88643,40.45515]},"properties":{"year":2024,"fatal":false,"ped":true,"bike":false}},{"type":"Feature","geometry":{"type":"Point","coordinates":[-80.01622,40.40208]},"properties":{"year":2024,"fatal":false,"ped":false,"bike":false}},{"type":"Feature","geometry":{"type":"Point","coordinates":[-80.01286,40.38342]},"properties":{"year":2024,"fatal":false,"ped":false,"bike":false}},{"type":"Feature","geometry":{"type":"Point","coordinates":[-79.91777,40.45332]},"properties":{"year":2024,"fatal":false,"ped":false,"bike":false}},{"type":"Feature","geometry":{"type":"Point","coordinates":[-80.17608,40.44974]},"properties":{"year":2024,"fatal":false,"ped":false,"bike":false}},{"type":"Feature","geometry":{"type":"Point","coordinates":[-80.10283,40.66719]},"properties":{"year":2024,"fatal":false,"ped":false,"bike":false}},{"type":"Feature","geometry":{"type":"Point","coordinates":[-79.94521,40.50229]},"properties":{"year":2024,"fatal":false,"ped":false,"bike":false}},{"type":"Feature","geometry":{"type":"Point","coordinates":[-79.93105,40.38355]},"properties":{"year":2024,"fatal":false,"ped":false,"bike":false}},{"type":"Feature","geometry":{"type":"Point","coordinates":[-79.8954,40.44724]},"properties":{"year":2024,"fatal":false,"ped":false,"bike":false}},{"type":"Feature","geometry":{"type":"Point","coordinates":[-79.92103,40.46969]},"properties":{"year":2024,"fatal":false,"ped":true,"bike":false}},{"type":"Feature","geometry":{"type":"Point","coordinates":[-80.20363,40.44167]},"properties":{"year":2024,"fatal":false,"ped":false,"bike":false}},{"type":"Feature","geometry":{"type":"Point","coordinates":[-79.96865,40.41739]},"properties":{"year":2024,"fatal":false,"ped":false,"bike":false}},{"type":"Feature","geometry":{"type":"Point","coordinates":[-79.88098,40.45464]},"properties":{"year":2024,"fatal":false,"ped":false,"bike":false}},{"type":"Feature","geometry":{"type":"Point","coordinates":[-80.02634,40.44989]},"properties":{"year":2024,"fatal":false,"ped":false,"bike":false}},{"type":"Feature","geometry":{"type":"Point","coordinates":[-80.02368,40.45855]},"properties":{"year":2024,"fatal":false,"ped":false,"bike":false}},{"type":"Feature","geometry":{"type":"Point","coordinates":[-79.89875,40.46492]},"properties":{"year":2024,"fatal":false,"ped":false,"bike":false}},{"type":"Feature","geometry":{"type":"Point","coordinates":[-80.03287,40.48108]},"properties":{"year":2024,"fatal":false,"ped":false,"bike":false}},{"type":"Feature","geometry":{"type":"Point","coordinates":[-79.88869,40.40682]},"properties":{"year":2024,"fatal":false,"ped":false,"bike":false}},{"type":"Feature","geometry":{"type":"Point","coordinates":[-79.93481,40.48456]},"properties":{"year":2024,"fatal":false,"ped":false,"bike":false}},{"type":"Feature","geometry":{"type":"Point","coordinates":[-79.87373,40.45988]},"properties":{"year":2024,"fatal":false,"ped":false,"bike":false}},{"type":"Feature","geometry":{"type":"Point","coordinates":[-79.98497,40.42878]},"properties":{"year":2024,"fatal":false,"ped":true,"bike":false}},{"type":"Feature","geometry":{"type":"Point","coordinates":[-80.02231,40.42691]},"properties":{"year":2024,"fatal":false,"ped":false,"bike":false}},{"type":"Feature","geometry":{"type":"Point","coordinates":[-80.04917,40.44198]},"properties":{"year":2024,"fatal":false,"ped":false,"bike":false}},{"type":"Feature","geometry":{"type":"Point","coordinates":[-80.04523,40.53487]},"properties":{"year":2024,"fatal":false,"ped":false,"bike":false}},{"type":"Feature","geometry":{"type":"Point","coordinates":[-79.73387,40.61746]},"properties":{"year":2024,"fatal":false,"ped":false,"bike":false}},{"type":"Feature","geometry":{"type":"Point","coordinates":[-79.91499,40.30977]},"properties":{"year":2024,"fatal":false,"ped":false,"bike":false}},{"type":"Feature","geometry":{"type":"Point","coordinates":[-79.86698,40.46097]},"properties":{"year":2024,"fatal":true,"ped":true,"bike":false}},{"type":"Feature","geometry":{"type":"Point","coordinates":[-79.77161,40.43851]},"properties":{"year":2024,"fatal":true,"ped":true,"bike":false}},{"type":"Feature","geometry":{"type":"Point","coordinates":[-80.09471,40.66272]},"properties":{"year":2024,"fatal":false,"ped":false,"bike":false}},{"type":"Feature","geometry":{"type":"Point","coordinates":[-80.21121,40.52572]},"properties":{"year":2024,"fatal":false,"ped":false,"bike":false}},{"type":"Feature","geometry":{"type":"Point","coordinates":[-79.96465,40.3426]},"properties":{"year":2024,"fatal":false,"ped":false,"bike":false}},{"type":"Feature","geometry":{"type":"Point","coordinates":[-79.96964,40.43596]},"properties":{"year":2024,"fatal":true,"ped":false,"bike":false}},{"type":"Feature","geometry":{"type":"Point","coordinates":[-79.96131,40.48407]},"properties":{"year":2024,"fatal":false,"ped":false,"bike":false}},{"type":"Feature","geometry":{"type":"Point","coordinates":[-80.22242,40.51309]},"properties":{"year":2024,"fatal":false,"ped":false,"bike":false}},{"type":"Feature","geometry":{"type":"Point","coordinates":[-79.98509,40.34158]},"properties":{"year":2024,"fatal":false,"ped":true,"bike":false}},{"type":"Feature","geometry":{"type":"Point","coordinates":[-79.91615,40.43804]},"properties":{"year":2024,"fatal":false,"ped":true,"bike":false}},{"type":"Feature","geometry":{"type":"Point","coordinates":[-80.0037,40.44372]},"properties":{"year":2024,"fatal":false,"ped":false,"bike":false}},{"type":"Feature","geometry":{"type":"Point","coordinates":[-79.99899,40.44512]},"properties":{"year":2024,"fatal":false,"ped":false,"bike":true}},{"type":"Feature","geometry":{"type":"Point","coordinates":[-79.83714,40.55197]},"properties":{"year":2024,"fatal":false,"ped":false,"bike":false}},{"type":"Feature","geometry":{"type":"Point","coordinates":[-79.88639,40.45081]},"properties":{"year":2024,"fatal":true,"ped":false,"bike":true}},{"type":"Feature","geometry":{"type":"Point","coordinates":[-79.79769,40.37599]},"properties":{"year":2024,"fatal":false,"ped":false,"bike":false}},{"type":"Feature","geometry":{"type":"Point","coordinates":[-80.02106,40.52067]},"properties":{"year":2024,"fatal":false,"ped":true,"bike":false}},{"type":"Feature","geometry":{"type":"Point","coordinates":[-80.04647,40.44034]},"properties":{"year":2024,"fatal":false,"ped":false,"bike":false}},{"type":"Feature","geometry":{"type":"Point","coordinates":[-80.00273,40.5138]},"properties":{"year":2024,"fatal":false,"ped":false,"bike":false}},{"type":"Feature","geometry":{"type":"Point","coordinates":[-79.82556,40.38333]},"properties":{"year":2024,"fatal":false,"ped":true,"bike":false}},{"type":"Feature","geometry":{"type":"Point","coordinates":[-79.73194,40.45171]},"properties":{"year":2024,"fatal":false,"ped":false,"bike":false}},{"type":"Feature","geometry":{"type":"Point","coordinates":[-80.01839,40.66554]},"properties":{"year":2024,"fatal":false,"ped":true,"bike":false}},{"type":"Feature","geometry":{"type":"Point","coordinates":[-79.92466,40.35068]},"properties":{"year":2024,"fatal":false,"ped":false,"bike":false}},{"type":"Feature","geometry":{"type":"Point","coordinates":[-79.98882,40.41325]},"properties":{"year":2024,"fatal":false,"ped":true,"bike":false}},{"type":"Feature","geometry":{"type":"Point","coordinates":[-80.06689,40.53196]},"properties":{"year":2024,"fatal":false,"ped":false,"bike":false}},{"type":"Feature","geometry":{"type":"Point","coordinates":[-79.79711,40.49966]},"properties":{"year":2024,"fatal":false,"ped":false,"bike":false}},{"type":"Feature","geometry":{"type":"Point","coordinates":[-80.0088,40.50522]},"properties":{"year":2024,"fatal":true,"ped":true,"bike":false}},{"type":"Feature","geometry":{"type":"Point","coordinates":[-79.86595,40.46114]},"properties":{"year":2024,"fatal":false,"ped":false,"bike":false}},{"type":"Feature","geometry":{"type":"Point","coordinates":[-79.98735,40.33004]},"properties":{"year":2024,"fatal":false,"ped":false,"bike":false}},{"type":"Feature","geometry":{"type":"Point","coordinates":[-79.90237,40.26841]},"properties":{"year":2024,"fatal":true,"ped":true,"bike":false}},{"type":"Feature","geometry":{"type":"Point","coordinates":[-79.95718,40.42988]},"properties":{"year":2024,"fatal":false,"ped":false,"bike":false}},{"type":"Feature","geometry":{"type":"Point","coordinates":[-79.78825,40.4355]},"properties":{"year":2024,"fatal":true,"ped":false,"bike":false}},{"type":"Feature","geometry":{"type":"Point","coordinates":[-79.79284,40.43458]},"properties":{"year":2024,"fatal":false,"ped":false,"bike":false}},{"type":"Feature","geometry":{"type":"Point","coordinates":[-79.86273,40.38492]},"properties":{"year":2024,"fatal":true,"ped":false,"bike":false}},{"type":"Feature","geometry":{"type":"Point","coordinates":[-79.8488,40.41778]},"properties":{"year":2024,"fatal":true,"ped":true,"bike":false}},{"type":"Feature","geometry":{"type":"Point","coordinates":[-80.2145,40.51185]},"properties":{"year":2024,"fatal":false,"ped":false,"bike":false}},{"type":"Feature","geometry":{"type":"Point","coordinates":[-79.84491,40.41309]},"properties":{"year":2024,"fatal":false,"ped":false,"bike":false}},{"type":"Feature","geometry":{"type":"Point","coordinates":[-79.94245,40.44741]},"properties":{"year":2024,"fatal":false,"ped":true,"bike":false}},{"type":"Feature","geometry":{"type":"Point","coordinates":[-79.7322,40.61833]},"properties":{"year":2024,"fatal":true,"ped":true,"bike":false}},{"type":"Feature","geometry":{"type":"Point","coordinates":[-79.85394,40.36932]},"properties":{"year":2024,"fatal":false,"ped":false,"bike":false}},{"type":"Feature","geometry":{"type":"Point","coordinates":[-80.21109,40.5658]},"properties":{"year":2024,"fatal":false,"ped":false,"bike":false}},{"type":"Feature","geometry":{"type":"Point","coordinates":[-80.07878,40.53768]},"properties":{"year":2024,"fatal":true,"ped":false,"bike":false}},{"type":"Feature","geometry":{"type":"Point","coordinates":[-79.99421,40.45456]},"properties":{"year":2024,"fatal":true,"ped":false,"bike":false}},{"type":"Feature","geometry":{"type":"Point","coordinates":[-79.87905,40.35486]},"properties":{"year":2024,"fatal":true,"ped":false,"bike":false}},{"type":"Feature","geometry":{"type":"Point","coordinates":[-79.94564,40.41393]},"properties":{"year":2024,"fatal":false,"ped":false,"bike":false}},{"type":"Feature","geometry":{"type":"Point","coordinates":[-80.02885,40.44465]},"properties":{"year":2024,"fatal":false,"ped":true,"bike":false}},{"type":"Feature","geometry":{"type":"Point","coordinates":[-80.05503,40.48685]},"properties":{"year":2024,"fatal":false,"ped":false,"bike":false}},{"type":"Feature","geometry":{"type":"Point","coordinates":[-80.05328,40.60975]},"properties":{"year":2024,"fatal":false,"ped":false,"bike":false}},{"type":"Feature","geometry":{"type":"Point","coordinates":[-79.85564,40.35175]},"properties":{"year":2024,"fatal":false,"ped":true,"bike":false}},{"type":"Feature","geometry":{"type":"Point","coordinates":[-79.8417,40.52578]},"properties":{"year":2024,"fatal":false,"ped":false,"bike":false}},{"type":"Feature","geometry":{"type":"Point","coordinates":[-80.03092,40.45664]},"properties":{"year":2024,"fatal":true,"ped":false,"bike":false}},{"type":"Feature","geometry":{"type":"Point","coordinates":[-79.96906,40.3755]},"properties":{"year":2024,"fatal":true,"ped":false,"bike":false}},{"type":"Feature","geometry":{"type":"Point","coordinates":[-79.91012,40.44878]},"properties":{"year":2024,"fatal":true,"ped":true,"bike":false}},{"type":"Feature","geometry":{"type":"Point","coordinates":[-79.84635,40.42766]},"properties":{"year":2024,"fatal":false,"ped":false,"bike":false}},{"type":"Feature","geometry":{"type":"Point","coordinates":[-80.17821,40.52353]},"properties":{"year":2024,"fatal":false,"ped":false,"bike":false}},{"type":"Feature","geometry":{"type":"Point","coordinates":[-80.05237,40.31223]},"properties":{"year":2024,"fatal":false,"ped":false,"bike":false}},{"type":"Feature","geometry":{"type":"Point","coordinates":[-80.07981,40.46668]},"properties":{"year":2024,"fatal":false,"ped":false,"bike":false}},{"type":"Feature","geometry":{"type":"Point","coordinates":[-80.09623,40.6449]},"properties":{"year":2024,"fatal":false,"ped":false,"bike":false}},{"type":"Feature","geometry":{"type":"Point","coordinates":[-80.09329,40.59963]},"properties":{"year":2024,"fatal":false,"ped":false,"bike":false}},{"type":"Feature","geometry":{"type":"Point","coordinates":[-80.27025,40.51283]},"properties":{"year":2024,"fatal":false,"ped":false,"bike":false}},{"type":"Feature","geometry":{"type":"Point","coordinates":[-80.05588,40.57686]},"properties":{"year":2024,"fatal":true,"ped":true,"bike":false}},{"type":"Feature","geometry":{"type":"Point","coordinates":[-79.74604,40.4387]},"properties":{"year":2024,"fatal":false,"ped":false,"bike":false}},{"type":"Feature","geometry":{"type":"Point","coordinates":[-79.75923,40.61518]},"properties":{"year":2024,"fatal":false,"ped":false,"bike":false}},{"type":"Feature","geometry":{"type":"Point","coordinates":[-79.84555,40.47354]},"properties":{"year":2024,"fatal":false,"ped":false,"bike":false}},{"type":"Feature","geometry":{"type":"Point","coordinates":[-80.05475,40.38715]},"properties":{"year":2024,"fatal":false,"ped":true,"bike":false}},{"type":"Feature","geometry":{"type":"Point","coordinates":[-79.7605,40.43887]},"properties":{"year":2024,"fatal":false,"ped":false,"bike":false}},{"type":"Feature","geometry":{"type":"Point","coordinates":[-79.95641,40.45971]},"properties":{"year":2024,"fatal":false,"ped":false,"bike":false}},{"type":"Feature","geometry":{"type":"Point","coordinates":[-79.88103,40.41716]},"properties":{"year":2024,"fatal":false,"ped":false,"bike":false}},{"type":"Feature","geometry":{"type":"Point","coordinates":[-79.79062,40.54114]},"properties":{"year":2024,"fatal":false,"ped":true,"bike":false}},{"type":"Feature","geometry":{"type":"Point","coordinates":[-80.17378,40.33928]},"properties":{"year":2024,"fatal":false,"ped":true,"bike":false}},{"type":"Feature","geometry":{"type":"Point","coordinates":[-79.7322,40.61833]},"properties":{"year":2024,"fatal":false,"ped":true,"bike":false}},{"type":"Feature","geometry":{"type":"Point","coordinates":[-79.94954,40.42115]},"properties":{"year":2024,"fatal":false,"ped":false,"bike":false}},{"type":"Feature","geometry":{"type":"Point","coordinates":[-79.97881,40.36439]},"properties":{"year":2024,"fatal":false,"ped":false,"bike":false}},{"type":"Feature","geometry":{"type":"Point","coordinates":[-80.00739,40.48274]},"properties":{"year":2024,"fatal":false,"ped":true,"bike":false}},{"type":"Feature","geometry":{"type":"Point","coordinates":[-80.06605,40.4001]},"properties":{"year":2024,"fatal":false,"ped":false,"bike":false}},{"type":"Feature","geometry":{"type":"Point","coordinates":[-80.0271,40.46499]},"properties":{"year":2024,"fatal":true,"ped":false,"bike":false}},{"type":"Feature","geometry":{"type":"Point","coordinates":[-79.96283,40.44194]},"properties":{"year":2024,"fatal":true,"ped":true,"bike":false}},{"type":"Feature","geometry":{"type":"Point","coordinates":[-80.09804,40.63423]},"properties":{"year":2024,"fatal":true,"ped":false,"bike":false}},{"type":"Feature","geometry":{"type":"Point","coordinates":[-79.97358,40.35024]},"properties":{"year":2024,"fatal":false,"ped":true,"bike":false}},{"type":"Feature","geometry":{"type":"Point","coordinates":[-80.02893,40.44471]},"properties":{"year":2024,"fatal":false,"ped":false,"bike":false}},{"type":"Feature","geometry":{"type":"Point","coordinates":[-79.98318,40.4356]},"properties":{"year":2024,"fatal":false,"ped":false,"bike":false}},{"type":"Feature","geometry":{"type":"Point","coordinates":[-80.05022,40.45136]},"properties":{"year":2024,"fatal":false,"ped":false,"bike":false}},{"type":"Feature","geometry":{"type":"Point","coordinates":[-79.9742,40.45785]},"properties":{"year":2024,"fatal":false,"ped":false,"bike":false}},{"type":"Feature","geometry":{"type":"Point","coordinates":[-79.96467,40.45583]},"properties":{"year":2024,"fatal":false,"ped":false,"bike":false}},{"type":"Feature","geometry":{"type":"Point","coordinates":[-79.99773,40.44146]},"properties":{"year":2024,"fatal":false,"ped":false,"bike":false}},{"type":"Feature","geometry":{"type":"Point","coordinates":[-79.90715,40.45991]},"properties":{"year":2024,"fatal":false,"ped":false,"bike":false}},{"type":"Feature","geometry":{"type":"Point","coordinates":[-79.93334,40.38971]},"properties":{"year":2024,"fatal":false,"ped":false,"bike":false}},{"type":"Feature","geometry":{"type":"Point","coordinates":[-80.03046,40.45888]},"properties":{"year":2024,"fatal":false,"ped":false,"bike":false}},{"type":"Feature","geometry":{"type":"Point","coordinates":[-80.00547,40.47437]},"properties":{"year":2024,"fatal":false,"ped":false,"bike":false}},{"type":"Feature","geometry":{"type":"Point","coordinates":[-80.01108,40.41567]},"properties":{"year":2024,"fatal":false,"ped":false,"bike":false}},{"type":"Feature","geometry":{"type":"Point","coordinates":[-80.00257,40.4495]},"properties":{"year":2024,"fatal":false,"ped":false,"bike":false}},{"type":"Feature","geometry":{"type":"Point","coordinates":[-80.0622,40.41466]},"properties":{"year":2024,"fatal":false,"ped":false,"bike":false}},{"type":"Feature","geometry":{"type":"Point","coordinates":[-80.13327,40.42946]},"properties":{"year":2024,"fatal":false,"ped":false,"bike":false}},{"type":"Feature","geometry":{"type":"Point","coordinates":[-80.00212,40.4414]},"properties":{"year":2024,"fatal":false,"ped":true,"bike":false}},{"type":"Feature","geometry":{"type":"Point","coordinates":[-79.99713,40.43655]},"properties":{"year":2024,"fatal":false,"ped":true,"bike":false}},{"type":"Feature","geometry":{"type":"Point","coordinates":[-80.00257,40.44367]},"properties":{"year":2024,"fatal":false,"ped":true,"bike":false}},{"type":"Feature","geometry":{"type":"Point","coordinates":[-80.0696,40.52346]},"properties":{"year":2024,"fatal":false,"ped":false,"bike":false}},{"type":"Feature","geometry":{"type":"Point","coordinates":[-79.9924,40.36563]},"properties":{"year":2025,"fatal":false,"ped":false,"bike":false}},{"type":"Feature","geometry":{"type":"Point","coordinates":[-79.88366,40.49087]},"properties":{"year":2025,"fatal":false,"ped":false,"bike":false}},{"type":"Feature","geometry":{"type":"Point","coordinates":[-79.8837,40.34445]},"properties":{"year":2025,"fatal":false,"ped":false,"bike":false}},{"type":"Feature","geometry":{"type":"Point","coordinates":[-80.09759,40.37653]},"properties":{"year":2025,"fatal":false,"ped":true,"bike":false}},{"type":"Feature","geometry":{"type":"Point","coordinates":[-80.1903,40.41697]},"properties":{"year":2025,"fatal":false,"ped":false,"bike":false}},{"type":"Feature","geometry":{"type":"Point","coordinates":[-80.01184,40.33763]},"properties":{"year":2025,"fatal":false,"ped":false,"bike":false}},{"type":"Feature","geometry":{"type":"Point","coordinates":[-80.05401,40.48633]},"properties":{"year":2025,"fatal":true,"ped":false,"bike":false}},{"type":"Feature","geometry":{"type":"Point","coordinates":[-79.94212,40.60708]},"properties":{"year":2025,"fatal":true,"ped":false,"bike":false}},{"type":"Feature","geometry":{"type":"Point","coordinates":[-79.9473,40.44708]},"properties":{"year":2025,"fatal":false,"ped":true,"bike":false}},{"type":"Feature","geometry":{"type":"Point","coordinates":[-79.90675,40.46669]},"properties":{"year":2025,"fatal":true,"ped":false,"bike":false}},{"type":"Feature","geometry":{"type":"Point","coordinates":[-79.77421,40.5905]},"properties":{"year":2025,"fatal":false,"ped":false,"bike":false}},{"type":"Feature","geometry":{"type":"Point","coordinates":[-79.98511,40.43786]},"properties":{"year":2025,"fatal":true,"ped":true,"bike":false}},{"type":"Feature","geometry":{"type":"Point","coordinates":[-79.99814,40.39625]},"properties":{"year":2025,"fatal":false,"ped":true,"bike":false}},{"type":"Feature","geometry":{"type":"Point","coordinates":[-80.0307,40.46104]},"properties":{"year":2025,"fatal":false,"ped":false,"bike":false}},{"type":"Feature","geometry":{"type":"Point","coordinates":[-79.83207,40.53838]},"properties":{"year":2025,"fatal":false,"ped":false,"bike":false}},{"type":"Feature","geometry":{"type":"Point","coordinates":[-79.84981,40.41935]},"properties":{"year":2025,"fatal":false,"ped":false,"bike":false}},{"type":"Feature","geometry":{"type":"Point","coordinates":[-80.00069,40.40198]},"properties":{"year":2025,"fatal":false,"ped":false,"bike":false}},{"type":"Feature","geometry":{"type":"Point","coordinates":[-80.02765,40.34608]},"properties":{"year":2025,"fatal":false,"ped":true,"bike":false}},{"type":"Feature","geometry":{"type":"Point","coordinates":[-80.04791,40.42083]},"properties":{"year":2025,"fatal":false,"ped":false,"bike":false}},{"type":"Feature","geometry":{"type":"Point","coordinates":[-79.78337,40.43954]},"properties":{"year":2025,"fatal":true,"ped":false,"bike":false}},{"type":"Feature","geometry":{"type":"Point","coordinates":[-79.86989,40.39231]},"properties":{"year":2025,"fatal":true,"ped":false,"bike":false}},{"type":"Feature","geometry":{"type":"Point","coordinates":[-80.21275,40.37872]},"properties":{"year":2025,"fatal":false,"ped":false,"bike":false}},{"type":"Feature","geometry":{"type":"Point","coordinates":[-79.89766,40.48789]},"properties":{"year":2025,"fatal":true,"ped":true,"bike":false}},{"type":"Feature","geometry":{"type":"Point","coordinates":[-79.89137,40.321]},"properties":{"year":2025,"fatal":false,"ped":false,"bike":false}},{"type":"Feature","geometry":{"type":"Point","coordinates":[-79.85705,40.23367]},"properties":{"year":2025,"fatal":false,"ped":false,"bike":false}},{"type":"Feature","geometry":{"type":"Point","coordinates":[-79.88808,40.34701]},"properties":{"year":2025,"fatal":false,"ped":false,"bike":false}},{"type":"Feature","geometry":{"type":"Point","coordinates":[-79.77629,40.58742]},"properties":{"year":2025,"fatal":false,"ped":false,"bike":false}},{"type":"Feature","geometry":{"type":"Point","coordinates":[-79.87203,40.46099]},"properties":{"year":2025,"fatal":false,"ped":false,"bike":false}},{"type":"Feature","geometry":{"type":"Point","coordinates":[-79.83226,40.53834]},"properties":{"year":2025,"fatal":false,"ped":false,"bike":false}},{"type":"Feature","geometry":{"type":"Point","coordinates":[-80.22248,40.50371]},"properties":{"year":2025,"fatal":false,"ped":false,"bike":false}},{"type":"Feature","geometry":{"type":"Point","coordinates":[-79.97864,40.43584]},"properties":{"year":2025,"fatal":true,"ped":false,"bike":false}},{"type":"Feature","geometry":{"type":"Point","coordinates":[-79.73652,40.6165]},"properties":{"year":2025,"fatal":true,"ped":false,"bike":false}},{"type":"Feature","geometry":{"type":"Point","coordinates":[-80.10715,40.36604]},"properties":{"year":2025,"fatal":false,"ped":false,"bike":false}},{"type":"Feature","geometry":{"type":"Point","coordinates":[-80.0559,40.48756]},"properties":{"year":2025,"fatal":false,"ped":false,"bike":false}},{"type":"Feature","geometry":{"type":"Point","coordinates":[-80.10655,40.5123]},"properties":{"year":2025,"fatal":true,"ped":false,"bike":false}},{"type":"Feature","geometry":{"type":"Point","coordinates":[-79.98524,40.43682]},"properties":{"year":2025,"fatal":false,"ped":true,"bike":false}},{"type":"Feature","geometry":{"type":"Point","coordinates":[-79.97636,40.39178]},"properties":{"year":2025,"fatal":false,"ped":false,"bike":false}},{"type":"Feature","geometry":{"type":"Point","coordinates":[-79.79863,40.37626]},"properties":{"year":2025,"fatal":false,"ped":false,"bike":false}},{"type":"Feature","geometry":{"type":"Point","coordinates":[-80.00617,40.41111]},"properties":{"year":2025,"fatal":false,"ped":false,"bike":false}},{"type":"Feature","geometry":{"type":"Point","coordinates":[-80.0098,40.39084]},"properties":{"year":2025,"fatal":false,"ped":false,"bike":false}},{"type":"Feature","geometry":{"type":"Point","coordinates":[-79.93828,40.41205]},"properties":{"year":2025,"fatal":false,"ped":false,"bike":false}},{"type":"Feature","geometry":{"type":"Point","coordinates":[-80.20479,40.55786]},"properties":{"year":2025,"fatal":false,"ped":false,"bike":false}},{"type":"Feature","geometry":{"type":"Point","coordinates":[-79.87872,40.34797]},"properties":{"year":2025,"fatal":false,"ped":true,"bike":false}},{"type":"Feature","geometry":{"type":"Point","coordinates":[-79.9331,40.66877]},"properties":{"year":2025,"fatal":false,"ped":false,"bike":false}},{"type":"Feature","geometry":{"type":"Point","coordinates":[-80.0372,40.39217]},"properties":{"year":2025,"fatal":false,"ped":false,"bike":true}},{"type":"Feature","geometry":{"type":"Point","coordinates":[-80.07761,40.45938]},"properties":{"year":2025,"fatal":true,"ped":false,"bike":false}},{"type":"Feature","geometry":{"type":"Point","coordinates":[-79.99674,40.38837]},"properties":{"year":2025,"fatal":false,"ped":false,"bike":false}},{"type":"Feature","geometry":{"type":"Point","coordinates":[-79.90716,40.4599]},"properties":{"year":2025,"fatal":false,"ped":false,"bike":false}},{"type":"Feature","geometry":{"type":"Point","coordinates":[-79.86062,40.38429]},"properties":{"year":2025,"fatal":false,"ped":true,"bike":false}},{"type":"Feature","geometry":{"type":"Point","coordinates":[-79.8552,40.27862]},"properties":{"year":2025,"fatal":false,"ped":false,"bike":false}},{"type":"Feature","geometry":{"type":"Point","coordinates":[-79.87315,40.41446]},"properties":{"year":2025,"fatal":false,"ped":false,"bike":false}},{"type":"Feature","geometry":{"type":"Point","coordinates":[-79.96738,40.47852]},"properties":{"year":2025,"fatal":false,"ped":false,"bike":false}},{"type":"Feature","geometry":{"type":"Point","coordinates":[-79.9386,40.45591]},"properties":{"year":2025,"fatal":false,"ped":true,"bike":false}},{"type":"Feature","geometry":{"type":"Point","coordinates":[-80.09433,40.6051]},"properties":{"year":2025,"fatal":false,"ped":false,"bike":false}},{"type":"Feature","geometry":{"type":"Point","coordinates":[-79.88924,40.45258]},"properties":{"year":2025,"fatal":false,"ped":true,"bike":false}},{"type":"Feature","geometry":{"type":"Point","coordinates":[-79.95563,40.35672]},"properties":{"year":2025,"fatal":false,"ped":false,"bike":false}},{"type":"Feature","geometry":{"type":"Point","coordinates":[-80.17088,40.40223]},"properties":{"year":2025,"fatal":false,"ped":false,"bike":false}},{"type":"Feature","geometry":{"type":"Point","coordinates":[-80.24,40.45398]},"properties":{"year":2025,"fatal":false,"ped":true,"bike":false}},{"type":"Feature","geometry":{"type":"Point","coordinates":[-79.82586,40.35689]},"properties":{"year":2025,"fatal":false,"ped":false,"bike":false}},{"type":"Feature","geometry":{"type":"Point","coordinates":[-80.00118,40.4382]},"properties":{"year":2025,"fatal":false,"ped":false,"bike":false}},{"type":"Feature","geometry":{"type":"Point","coordinates":[-79.86856,40.46088]},"properties":{"year":2025,"fatal":false,"ped":false,"bike":false}},{"type":"Feature","geometry":{"type":"Point","coordinates":[-79.87666,40.44658]},"properties":{"year":2025,"fatal":false,"ped":false,"bike":false}},{"type":"Feature","geometry":{"type":"Point","coordinates":[-79.80827,40.37983]},"properties":{"year":2025,"fatal":false,"ped":false,"bike":false}},{"type":"Feature","geometry":{"type":"Point","coordinates":[-79.99509,40.42877]},"properties":{"year":2025,"fatal":false,"ped":false,"bike":false}},{"type":"Feature","geometry":{"type":"Point","coordinates":[-79.82096,40.39822]},"properties":{"year":2025,"fatal":false,"ped":false,"bike":true}},{"type":"Feature","geometry":{"type":"Point","coordinates":[-79.99598,40.50571]},"properties":{"year":2025,"fatal":false,"ped":false,"bike":false}},{"type":"Feature","geometry":{"type":"Point","coordinates":[-79.91754,40.43491]},"properties":{"year":2025,"fatal":false,"ped":false,"bike":false}},{"type":"Feature","geometry":{"type":"Point","coordinates":[-79.91417,40.35426]},"properties":{"year":2025,"fatal":false,"ped":false,"bike":false}},{"type":"Feature","geometry":{"type":"Point","coordinates":[-79.94736,40.60004]},"properties":{"year":2025,"fatal":false,"ped":false,"bike":false}},{"type":"Feature","geometry":{"type":"Point","coordinates":[-79.97146,40.45972]},"properties":{"year":2025,"fatal":false,"ped":false,"bike":false}},{"type":"Feature","geometry":{"type":"Point","coordinates":[-80.06386,40.45657]},"properties":{"year":2025,"fatal":false,"ped":true,"bike":false}},{"type":"Feature","geometry":{"type":"Point","coordinates":[-80.03697,40.32768]},"properties":{"year":2025,"fatal":false,"ped":false,"bike":false}},{"type":"Feature","geometry":{"type":"Point","coordinates":[-79.91665,40.44062]},"properties":{"year":2025,"fatal":false,"ped":false,"bike":false}},{"type":"Feature","geometry":{"type":"Point","coordinates":[-79.82643,40.33948]},"properties":{"year":2025,"fatal":false,"ped":false,"bike":false}},{"type":"Feature","geometry":{"type":"Point","coordinates":[-79.7084,40.45797]},"properties":{"year":2025,"fatal":false,"ped":false,"bike":false}},{"type":"Feature","geometry":{"type":"Point","coordinates":[-79.92449,40.26813]},"properties":{"year":2025,"fatal":false,"ped":false,"bike":false}},{"type":"Feature","geometry":{"type":"Point","coordinates":[-80.00509,40.43958]},"properties":{"year":2025,"fatal":false,"ped":false,"bike":false}},{"type":"Feature","geometry":{"type":"Point","coordinates":[-79.96074,40.42298]},"properties":{"year":2025,"fatal":false,"ped":false,"bike":false}},{"type":"Feature","geometry":{"type":"Point","coordinates":[-80.06398,40.40074]},"properties":{"year":2025,"fatal":false,"ped":false,"bike":false}},{"type":"Feature","geometry":{"type":"Point","coordinates":[-80.03799,40.52027]},"properties":{"year":2025,"fatal":false,"ped":false,"bike":false}},{"type":"Feature","geometry":{"type":"Point","coordinates":[-79.82613,40.36236]},"properties":{"year":2025,"fatal":false,"ped":false,"bike":false}},{"type":"Feature","geometry":{"type":"Point","coordinates":[-79.84987,40.35082]},"properties":{"year":2025,"fatal":false,"ped":false,"bike":false}},{"type":"Feature","geometry":{"type":"Point","coordinates":[-79.99203,40.43775]},"properties":{"year":2025,"fatal":true,"ped":false,"bike":false}},{"type":"Feature","geometry":{"type":"Point","coordinates":[-80.02461,40.4317]},"properties":{"year":2025,"fatal":false,"ped":false,"bike":false}},{"type":"Feature","geometry":{"type":"Point","coordinates":[-79.95552,40.44145]},"properties":{"year":2025,"fatal":false,"ped":false,"bike":true}},{"type":"Feature","geometry":{"type":"Point","coordinates":[-79.80147,40.38594]},"properties":{"year":2025,"fatal":false,"ped":false,"bike":false}},{"type":"Feature","geometry":{"type":"Point","coordinates":[-79.86309,40.46145]},"properties":{"year":2025,"fatal":false,"ped":false,"bike":false}},{"type":"Feature","geometry":{"type":"Point","coordinates":[-79.92284,40.47872]},"properties":{"year":2025,"fatal":false,"ped":false,"bike":false}},{"type":"Feature","geometry":{"type":"Point","coordinates":[-79.91902,40.44861]},"properties":{"year":2025,"fatal":true,"ped":false,"bike":false}},{"type":"Feature","geometry":{"type":"Point","coordinates":[-80.04633,40.48169]},"properties":{"year":2025,"fatal":false,"ped":false,"bike":false}},{"type":"Feature","geometry":{"type":"Point","coordinates":[-79.93897,40.45681]},"properties":{"year":2025,"fatal":false,"ped":false,"bike":false}},{"type":"Feature","geometry":{"type":"Point","coordinates":[-80.02894,40.50907]},"properties":{"year":2025,"fatal":false,"ped":false,"bike":false}},{"type":"Feature","geometry":{"type":"Point","coordinates":[-79.96026,40.47073]},"properties":{"year":2025,"fatal":false,"ped":false,"bike":true}},{"type":"Feature","geometry":{"type":"Point","coordinates":[-79.91535,40.45361]},"properties":{"year":2025,"fatal":false,"ped":false,"bike":false}},{"type":"Feature","geometry":{"type":"Point","coordinates":[-79.76055,40.61087]},"properties":{"year":2025,"fatal":true,"ped":false,"bike":false}},{"type":"Feature","geometry":{"type":"Point","coordinates":[-80.06781,40.4677]},"properties":{"year":2025,"fatal":false,"ped":false,"bike":false}},{"type":"Feature","geometry":{"type":"Point","coordinates":[-79.95147,40.23837]},"properties":{"year":2025,"fatal":false,"ped":false,"bike":false}},{"type":"Feature","geometry":{"type":"Point","coordinates":[-80.23442,40.40609]},"properties":{"year":2025,"fatal":false,"ped":false,"bike":false}},{"type":"Feature","geometry":{"type":"Point","coordinates":[-80.01013,40.38276]},"properties":{"year":2025,"fatal":true,"ped":false,"bike":false}},{"type":"Feature","geometry":{"type":"Point","coordinates":[-80.02512,40.5034]},"properties":{"year":2025,"fatal":false,"ped":false,"bike":false}},{"type":"Feature","geometry":{"type":"Point","coordinates":[-80.06648,40.41672]},"properties":{"year":2025,"fatal":false,"ped":false,"bike":false}},{"type":"Feature","geometry":{"type":"Point","coordinates":[-80.08868,40.49313]},"properties":{"year":2025,"fatal":false,"ped":true,"bike":false}},{"type":"Feature","geometry":{"type":"Point","coordinates":[-79.83412,40.5379]},"properties":{"year":2025,"fatal":false,"ped":true,"bike":false}},{"type":"Feature","geometry":{"type":"Point","coordinates":[-79.86213,40.34243]},"properties":{"year":2025,"fatal":false,"ped":false,"bike":false}},{"type":"Feature","geometry":{"type":"Point","coordinates":[-79.98226,40.42136]},"properties":{"year":2025,"fatal":false,"ped":false,"bike":true}},{"type":"Feature","geometry":{"type":"Point","coordinates":[-79.80083,40.33167]},"properties":{"year":2025,"fatal":false,"ped":false,"bike":false}},{"type":"Feature","geometry":{"type":"Point","coordinates":[-79.83419,40.32858]},"properties":{"year":2025,"fatal":true,"ped":false,"bike":true}},{"type":"Feature","geometry":{"type":"Point","coordinates":[-79.85851,40.44516]},"properties":{"year":2025,"fatal":false,"ped":false,"bike":false}},{"type":"Feature","geometry":{"type":"Point","coordinates":[-79.97903,40.33653]},"properties":{"year":2025,"fatal":false,"ped":false,"bike":false}},{"type":"Feature","geometry":{"type":"Point","coordinates":[-80.06378,40.41391]},"properties":{"year":2025,"fatal":false,"ped":false,"bike":false}},{"type":"Feature","geometry":{"type":"Point","coordinates":[-80.08128,40.46688]},"properties":{"year":2025,"fatal":false,"ped":false,"bike":false}},{"type":"Feature","geometry":{"type":"Point","coordinates":[-79.99835,40.45867]},"properties":{"year":2025,"fatal":false,"ped":false,"bike":false}},{"type":"Feature","geometry":{"type":"Point","coordinates":[-79.98245,40.45113]},"properties":{"year":2025,"fatal":false,"ped":false,"bike":false}},{"type":"Feature","geometry":{"type":"Point","coordinates":[-79.99764,40.45657]},"properties":{"year":2025,"fatal":false,"ped":true,"bike":false}},{"type":"Feature","geometry":{"type":"Point","coordinates":[-80.11085,40.42389]},"properties":{"year":2025,"fatal":false,"ped":false,"bike":false}},{"type":"Feature","geometry":{"type":"Point","coordinates":[-79.96578,40.36704]},"properties":{"year":2025,"fatal":false,"ped":true,"bike":false}},{"type":"Feature","geometry":{"type":"Point","coordinates":[-79.8261,40.45271]},"properties":{"year":2025,"fatal":false,"ped":false,"bike":false}},{"type":"Feature","geometry":{"type":"Point","coordinates":[-79.94918,40.58876]},"properties":{"year":2025,"fatal":false,"ped":false,"bike":false}},{"type":"Feature","geometry":{"type":"Point","coordinates":[-79.88549,40.45515]},"properties":{"year":2025,"fatal":false,"ped":true,"bike":false}},{"type":"Feature","geometry":{"type":"Point","coordinates":[-79.89852,40.45792]},"properties":{"year":2025,"fatal":false,"ped":false,"bike":false}},{"type":"Feature","geometry":{"type":"Point","coordinates":[-79.82786,40.37712]},"properties":{"year":2025,"fatal":false,"ped":false,"bike":false}},{"type":"Feature","geometry":{"type":"Point","coordinates":[-80.00424,40.44825]},"properties":{"year":2025,"fatal":false,"ped":false,"bike":true}},{"type":"Feature","geometry":{"type":"Point","coordinates":[-79.97553,40.37522]},"properties":{"year":2025,"fatal":false,"ped":true,"bike":false}},{"type":"Feature","geometry":{"type":"Point","coordinates":[-79.77201,40.43648]},"properties":{"year":2025,"fatal":false,"ped":false,"bike":false}},{"type":"Feature","geometry":{"type":"Point","coordinates":[-79.85676,40.35227]},"properties":{"year":2025,"fatal":false,"ped":true,"bike":false}},{"type":"Feature","geometry":{"type":"Point","coordinates":[-80.00141,40.46893]},"properties":{"year":2025,"fatal":false,"ped":false,"bike":false}},{"type":"Feature","geometry":{"type":"Point","coordinates":[-79.8166,40.36842]},"properties":{"year":2025,"fatal":false,"ped":false,"bike":false}},{"type":"Feature","geometry":{"type":"Point","coordinates":[-79.93755,40.40511]},"properties":{"year":2025,"fatal":false,"ped":false,"bike":false}},{"type":"Feature","geometry":{"type":"Point","coordinates":[-79.99585,40.44438]},"properties":{"year":2025,"fatal":false,"ped":true,"bike":false}},{"type":"Feature","geometry":{"type":"Point","coordinates":[-79.96557,40.44032]},"properties":{"year":2025,"fatal":false,"ped":false,"bike":true}},{"type":"Feature","geometry":{"type":"Point","coordinates":[-79.99834,40.33004]},"properties":{"year":2025,"fatal":false,"ped":false,"bike":false}},{"type":"Feature","geometry":{"type":"Point","coordinates":[-79.90632,40.3792]},"properties":{"year":2025,"fatal":false,"ped":false,"bike":false}},{"type":"Feature","geometry":{"type":"Point","coordinates":[-80.04683,40.36133]},"properties":{"year":2025,"fatal":false,"ped":false,"bike":false}},{"type":"Feature","geometry":{"type":"Point","coordinates":[-79.75441,40.4254]},"properties":{"year":2025,"fatal":false,"ped":false,"bike":false}},{"type":"Feature","geometry":{"type":"Point","coordinates":[-80.06816,40.6122]},"properties":{"year":2025,"fatal":false,"ped":false,"bike":false}},{"type":"Feature","geometry":{"type":"Point","coordinates":[-80.00996,40.50393]},"properties":{"year":2025,"fatal":true,"ped":true,"bike":false}},{"type":"Feature","geometry":{"type":"Point","coordinates":[-79.85814,40.4553]},"properties":{"year":2025,"fatal":false,"ped":false,"bike":false}},{"type":"Feature","geometry":{"type":"Point","coordinates":[-80.00228,40.44863]},"properties":{"year":2025,"fatal":false,"ped":false,"bike":true}},{"type":"Feature","geometry":{"type":"Point","coordinates":[-79.85767,40.50696]},"properties":{"year":2025,"fatal":false,"ped":false,"bike":false}},{"type":"Feature","geometry":{"type":"Point","coordinates":[-79.95491,40.45092]},"properties":{"year":2025,"fatal":false,"ped":false,"bike":true}},{"type":"Feature","geometry":{"type":"Point","coordinates":[-79.99114,40.40875]},"properties":{"year":2025,"fatal":false,"ped":true,"bike":false}},{"type":"Feature","geometry":{"type":"Point","coordinates":[-80.0609,40.44177]},"properties":{"year":2025,"fatal":false,"ped":false,"bike":false}},{"type":"Feature","geometry":{"type":"Point","coordinates":[-79.96484,40.4271]},"properties":{"year":2025,"fatal":true,"ped":true,"bike":false}},{"type":"Feature","geometry":{"type":"Point","coordinates":[-79.84566,40.3533]},"properties":{"year":2025,"fatal":false,"ped":false,"bike":false}},{"type":"Feature","geometry":{"type":"Point","coordinates":[-79.99785,40.45399]},"properties":{"year":2025,"fatal":false,"ped":false,"bike":false}},{"type":"Feature","geometry":{"type":"Point","coordinates":[-80.27582,40.53884]},"properties":{"year":2025,"fatal":false,"ped":false,"bike":false}},{"type":"Feature","geometry":{"type":"Point","coordinates":[-79.76012,40.44234]},"properties":{"year":2025,"fatal":false,"ped":false,"bike":false}},{"type":"Feature","geometry":{"type":"Point","coordinates":[-80.07575,40.44194]},"properties":{"year":2025,"fatal":false,"ped":false,"bike":false}},{"type":"Feature","geometry":{"type":"Point","coordinates":[-79.82774,40.38285]},"properties":{"year":2025,"fatal":true,"ped":false,"bike":false}},{"type":"Feature","geometry":{"type":"Point","coordinates":[-79.99392,40.46654]},"properties":{"year":2025,"fatal":true,"ped":true,"bike":false}},{"type":"Feature","geometry":{"type":"Point","coordinates":[-80.15056,40.32664]},"properties":{"year":2025,"fatal":true,"ped":false,"bike":false}},{"type":"Feature","geometry":{"type":"Point","coordinates":[-79.87468,40.29286]},"properties":{"year":2025,"fatal":true,"ped":false,"bike":false}},{"type":"Feature","geometry":{"type":"Point","coordinates":[-79.91483,40.61156]},"properties":{"year":2025,"fatal":false,"ped":false,"bike":false}},{"type":"Feature","geometry":{"type":"Point","coordinates":[-79.87801,40.34842]},"properties":{"year":2025,"fatal":false,"ped":false,"bike":true}},{"type":"Feature","geometry":{"type":"Point","coordinates":[-79.97772,40.55991]},"properties":{"year":2025,"fatal":false,"ped":false,"bike":false}},{"type":"Feature","geometry":{"type":"Point","coordinates":[-80.06758,40.64269]},"properties":{"year":2025,"fatal":false,"ped":false,"bike":false}},{"type":"Feature","geometry":{"type":"Point","coordinates":[-79.99996,40.39578]},"properties":{"year":2025,"fatal":false,"ped":false,"bike":false}},{"type":"Feature","geometry":{"type":"Point","coordinates":[-80.32974,40.49194]},"properties":{"year":2025,"fatal":false,"ped":false,"bike":false}},{"type":"Feature","geometry":{"type":"Point","coordinates":[-79.84898,40.63895]},"properties":{"year":2025,"fatal":false,"ped":false,"bike":false}},{"type":"Feature","geometry":{"type":"Point","coordinates":[-80.22108,40.51719]},"properties":{"year":2025,"fatal":false,"ped":true,"bike":false}},{"type":"Feature","geometry":{"type":"Point","coordinates":[-79.99037,40.41138]},"properties":{"year":2025,"fatal":false,"ped":false,"bike":false}},{"type":"Feature","geometry":{"type":"Point","coordinates":[-79.96381,40.441]},"properties":{"year":2025,"fatal":false,"ped":false,"bike":false}},{"type":"Feature","geometry":{"type":"Point","coordinates":[-80.1858,40.44094]},"properties":{"year":2025,"fatal":true,"ped":false,"bike":false}},{"type":"Feature","geometry":{"type":"Point","coordinates":[-80.14824,40.67262]},"properties":{"year":2025,"fatal":false,"ped":false,"bike":false}},{"type":"Feature","geometry":{"type":"Point","coordinates":[-79.8017,40.43358]},"properties":{"year":2025,"fatal":false,"ped":false,"bike":false}},{"type":"Feature","geometry":{"type":"Point","coordinates":[-80.22235,40.51497]},"properties":{"year":2025,"fatal":false,"ped":false,"bike":false}},{"type":"Feature","geometry":{"type":"Point","coordinates":[-79.84542,40.53356]},"properties":{"year":2025,"fatal":false,"ped":false,"bike":false}},{"type":"Feature","geometry":{"type":"Point","coordinates":[-79.9162,40.28811]},"properties":{"year":2025,"fatal":false,"ped":false,"bike":false}},{"type":"Feature","geometry":{"type":"Point","coordinates":[-79.99577,40.41993]},"properties":{"year":2025,"fatal":false,"ped":false,"bike":false}},{"type":"Feature","geometry":{"type":"Point","coordinates":[-80.0237,40.39617]},"properties":{"year":2025,"fatal":false,"ped":false,"bike":false}},{"type":"Feature","geometry":{"type":"Point","coordinates":[-79.84053,40.35457]},"properties":{"year":2025,"fatal":false,"ped":false,"bike":true}},{"type":"Feature","geometry":{"type":"Point","coordinates":[-79.98389,40.64606]},"properties":{"year":2025,"fatal":false,"ped":false,"bike":false}},{"type":"Feature","geometry":{"type":"Point","coordinates":[-79.92938,40.46562]},"properties":{"year":2025,"fatal":false,"ped":true,"bike":false}},{"type":"Feature","geometry":{"type":"Point","coordinates":[-79.96354,40.42626]},"properties":{"year":2025,"fatal":false,"ped":true,"bike":false}},{"type":"Feature","geometry":{"type":"Point","coordinates":[-79.98399,40.43861]},"properties":{"year":2025,"fatal":true,"ped":true,"bike":false}},{"type":"Feature","geometry":{"type":"Point","coordinates":[-80.01511,40.44879]},"properties":{"year":2025,"fatal":false,"ped":false,"bike":false}},{"type":"Feature","geometry":{"type":"Point","coordinates":[-79.92329,40.37878]},"properties":{"year":2025,"fatal":false,"ped":false,"bike":false}},{"type":"Feature","geometry":{"type":"Point","coordinates":[-79.97336,40.33588]},"properties":{"year":2025,"fatal":false,"ped":true,"bike":false}},{"type":"Feature","geometry":{"type":"Point","coordinates":[-80.00624,40.41892]},"properties":{"year":2025,"fatal":false,"ped":false,"bike":false}},{"type":"Feature","geometry":{"type":"Point","coordinates":[-79.93017,40.45842]},"properties":{"year":2025,"fatal":false,"ped":false,"bike":false}},{"type":"Feature","geometry":{"type":"Point","coordinates":[-79.76932,40.39767]},"properties":{"year":2025,"fatal":false,"ped":false,"bike":false}},{"type":"Feature","geometry":{"type":"Point","coordinates":[-80.01568,40.38081]},"properties":{"year":2025,"fatal":false,"ped":false,"bike":false}},{"type":"Feature","geometry":{"type":"Point","coordinates":[-80.00047,40.4306]},"properties":{"year":2025,"fatal":false,"ped":false,"bike":true}},{"type":"Feature","geometry":{"type":"Point","coordinates":[-80.00489,40.51963]},"properties":{"year":2025,"fatal":false,"ped":false,"bike":false}},{"type":"Feature","geometry":{"type":"Point","coordinates":[-80.08678,40.55173]},"properties":{"year":2025,"fatal":false,"ped":false,"bike":false}},{"type":"Feature","geometry":{"type":"Point","coordinates":[-80.22022,40.55798]},"properties":{"year":2025,"fatal":false,"ped":true,"bike":false}},{"type":"Feature","geometry":{"type":"Point","coordinates":[-79.88008,40.38578]},"properties":{"year":2025,"fatal":false,"ped":false,"bike":false}},{"type":"Feature","geometry":{"type":"Point","coordinates":[-79.91418,40.46056]},"properties":{"year":2025,"fatal":true,"ped":false,"bike":false}},{"type":"Feature","geometry":{"type":"Point","coordinates":[-80.06689,40.42061]},"properties":{"year":2025,"fatal":false,"ped":false,"bike":false}},{"type":"Feature","geometry":{"type":"Point","coordinates":[-80.05069,40.50564]},"properties":{"year":2025,"fatal":false,"ped":true,"bike":false}},{"type":"Feature","geometry":{"type":"Point","coordinates":[-79.73256,40.43412]},"properties":{"year":2025,"fatal":false,"ped":false,"bike":false}},{"type":"Feature","geometry":{"type":"Point","coordinates":[-79.95306,40.57902]},"properties":{"year":2025,"fatal":false,"ped":false,"bike":false}},{"type":"Feature","geometry":{"type":"Point","coordinates":[-79.98259,40.37017]},"properties":{"year":2025,"fatal":true,"ped":false,"bike":false}},{"type":"Feature","geometry":{"type":"Point","coordinates":[-79.86278,40.38502]},"properties":{"year":2025,"fatal":true,"ped":true,"bike":false}},{"type":"Feature","geometry":{"type":"Point","coordinates":[-80.00679,40.43377]},"properties":{"year":2025,"fatal":false,"ped":true,"bike":false}},{"type":"Feature","geometry":{"type":"Point","coordinates":[-80.0467,40.36149]},"properties":{"year":2025,"fatal":false,"ped":false,"bike":false}},{"type":"Feature","geometry":{"type":"Point","coordinates":[-79.94594,40.41459]},"properties":{"year":2025,"fatal":false,"ped":false,"bike":false}},{"type":"Feature","geometry":{"type":"Point","coordinates":[-79.92909,40.30105]},"properties":{"year":2025,"fatal":true,"ped":false,"bike":false}},{"type":"Feature","geometry":{"type":"Point","coordinates":[-80.00232,40.46822]},"properties":{"year":2025,"fatal":false,"ped":false,"bike":false}},{"type":"Feature","geometry":{"type":"Point","coordinates":[-79.90832,40.29449]},"properties":{"year":2025,"fatal":false,"ped":false,"bike":false}},{"type":"Feature","geometry":{"type":"Point","coordinates":[-79.91655,40.65204]},"properties":{"year":2025,"fatal":false,"ped":false,"bike":false}},{"type":"Feature","geometry":{"type":"Point","coordinates":[-79.84618,40.62659]},"properties":{"year":2025,"fatal":false,"ped":false,"bike":false}},{"type":"Feature","geometry":{"type":"Point","coordinates":[-79.70965,40.64611]},"properties":{"year":2025,"fatal":false,"ped":false,"bike":false}},{"type":"Feature","geometry":{"type":"Point","coordinates":[-80.03653,40.44127]},"properties":{"year":2025,"fatal":false,"ped":false,"bike":false}},{"type":"Feature","geometry":{"type":"Point","coordinates":[-80.18499,40.53681]},"properties":{"year":2025,"fatal":false,"ped":false,"bike":false}},{"type":"Feature","geometry":{"type":"Point","coordinates":[-79.79862,40.38971]},"properties":{"year":2025,"fatal":true,"ped":false,"bike":false}},{"type":"Feature","geometry":{"type":"Point","coordinates":[-79.90873,40.42551]},"properties":{"year":2025,"fatal":true,"ped":false,"bike":false}},{"type":"Feature","geometry":{"type":"Point","coordinates":[-80.14055,40.32811]},"properties":{"year":2025,"fatal":true,"ped":false,"bike":false}},{"type":"Feature","geometry":{"type":"Point","coordinates":[-79.98689,40.44823]},"properties":{"year":2025,"fatal":false,"ped":false,"bike":false}},{"type":"Feature","geometry":{"type":"Point","coordinates":[-80.17893,40.60821]},"properties":{"year":2025,"fatal":false,"ped":false,"bike":false}},{"type":"Feature","geometry":{"type":"Point","coordinates":[-79.73304,40.43449]},"properties":{"year":2025,"fatal":false,"ped":false,"bike":false}},{"type":"Feature","geometry":{"type":"Point","coordinates":[-79.73141,40.45334]},"properties":{"year":2025,"fatal":false,"ped":false,"bike":false}},{"type":"Feature","geometry":{"type":"Point","coordinates":[-79.87886,40.34788]},"properties":{"year":2025,"fatal":false,"ped":false,"bike":false}},{"type":"Feature","geometry":{"type":"Point","coordinates":[-80.1116,40.36005]},"properties":{"year":2025,"fatal":false,"ped":false,"bike":false}},{"type":"Feature","geometry":{"type":"Point","coordinates":[-79.73875,40.50821]},"properties":{"year":2025,"fatal":false,"ped":false,"bike":false}},{"type":"Feature","geometry":{"type":"Point","coordinates":[-79.82521,40.40614]},"properties":{"year":2025,"fatal":false,"ped":false,"bike":false}},{"type":"Feature","geometry":{"type":"Point","coordinates":[-79.95659,40.42926]},"properties":{"year":2025,"fatal":true,"ped":false,"bike":false}},{"type":"Feature","geometry":{"type":"Point","coordinates":[-80.03267,40.55878]},"properties":{"year":2025,"fatal":false,"ped":false,"bike":false}},{"type":"Feature","geometry":{"type":"Point","coordinates":[-79.95008,40.46179]},"properties":{"year":2025,"fatal":false,"ped":true,"bike":false}},{"type":"Feature","geometry":{"type":"Point","coordinates":[-79.95083,40.46261]},"properties":{"year":2025,"fatal":false,"ped":true,"bike":false}},{"type":"Feature","geometry":{"type":"Point","coordinates":[-79.94566,40.45483]},"properties":{"year":2025,"fatal":false,"ped":false,"bike":false}},{"type":"Feature","geometry":{"type":"Point","coordinates":[-79.94993,40.58766]},"properties":{"year":2025,"fatal":false,"ped":false,"bike":false}},{"type":"Feature","geometry":{"type":"Point","coordinates":[-79.92664,40.41876]},"properties":{"year":2025,"fatal":false,"ped":false,"bike":false}},{"type":"Feature","geometry":{"type":"Point","coordinates":[-79.87772,40.44135]},"properties":{"year":2025,"fatal":false,"ped":false,"bike":false}},{"type":"Feature","geometry":{"type":"Point","coordinates":[-80.06122,40.49158]},"properties":{"year":2025,"fatal":false,"ped":false,"bike":false}},{"type":"Feature","geometry":{"type":"Point","coordinates":[-79.8834,40.34452]},"properties":{"year":2025,"fatal":true,"ped":false,"bike":false}},{"type":"Feature","geometry":{"type":"Point","coordinates":[-80.01778,40.40835]},"properties":{"year":2025,"fatal":false,"ped":false,"bike":false}},{"type":"Feature","geometry":{"type":"Point","coordinates":[-79.84149,40.32953]},"properties":{"year":2025,"fatal":false,"ped":false,"bike":false}},{"type":"Feature","geometry":{"type":"Point","coordinates":[-79.95696,40.44156]},"properties":{"year":2025,"fatal":true,"ped":true,"bike":false}},{"type":"Feature","geometry":{"type":"Point","coordinates":[-80.0178,40.4096]},"properties":{"year":2025,"fatal":true,"ped":false,"bike":false}},{"type":"Feature","geometry":{"type":"Point","coordinates":[-79.81386,40.42423]},"properties":{"year":2025,"fatal":false,"ped":false,"bike":false}},{"type":"Feature","geometry":{"type":"Point","coordinates":[-79.93564,40.44055]},"properties":{"year":2025,"fatal":false,"ped":true,"bike":false}},{"type":"Feature","geometry":{"type":"Point","coordinates":[-80.14552,40.43514]},"properties":{"year":2025,"fatal":false,"ped":false,"bike":false}},{"type":"Feature","geometry":{"type":"Point","coordinates":[-79.84374,40.37176]},"properties":{"year":2025,"fatal":false,"ped":false,"bike":false}},{"type":"Feature","geometry":{"type":"Point","coordinates":[-80.04361,40.5217]},"properties":{"year":2025,"fatal":true,"ped":false,"bike":false}},{"type":"Feature","geometry":{"type":"Point","coordinates":[-80.03285,40.43642]},"properties":{"year":2025,"fatal":false,"ped":false,"bike":false}},{"type":"Feature","geometry":{"type":"Point","coordinates":[-79.8661,40.45938]},"properties":{"year":2025,"fatal":false,"ped":false,"bike":false}},{"type":"Feature","geometry":{"type":"Point","coordinates":[-79.9473,40.44708]},"properties":{"year":2025,"fatal":false,"ped":true,"bike":false}},{"type":"Feature","geometry":{"type":"Point","coordinates":[-80.0522,40.57404]},"properties":{"year":2025,"fatal":false,"ped":false,"bike":false}},{"type":"Feature","geometry":{"type":"Point","coordinates":[-79.86634,40.2392]},"properties":{"year":2025,"fatal":false,"ped":false,"bike":false}},{"type":"Feature","geometry":{"type":"Point","coordinates":[-80.09641,40.67339]},"properties":{"year":2025,"fatal":false,"ped":false,"bike":false}},{"type":"Feature","geometry":{"type":"Point","coordinates":[-80.05504,40.48691]},"properties":{"year":2025,"fatal":false,"ped":false,"bike":false}},{"type":"Feature","geometry":{"type":"Point","coordinates":[-79.97706,40.38323]},"properties":{"year":2025,"fatal":false,"ped":false,"bike":false}},{"type":"Feature","geometry":{"type":"Point","coordinates":[-80.04683,40.5396]},"properties":{"year":2025,"fatal":false,"ped":false,"bike":false}},{"type":"Feature","geometry":{"type":"Point","coordinates":[-79.98354,40.37559]},"properties":{"year":2025,"fatal":false,"ped":true,"bike":false}},{"type":"Feature","geometry":{"type":"Point","coordinates":[-80.01038,40.41863]},"properties":{"year":2025,"fatal":false,"ped":false,"bike":false}},{"type":"Feature","geometry":{"type":"Point","coordinates":[-79.82036,40.23851]},"properties":{"year":2025,"fatal":false,"ped":false,"bike":false}},{"type":"Feature","geometry":{"type":"Point","coordinates":[-79.86914,40.39067]},"properties":{"year":2025,"fatal":true,"ped":true,"bike":false}},{"type":"Feature","geometry":{"type":"Point","coordinates":[-79.79195,40.34761]},"properties":{"year":2025,"fatal":true,"ped":false,"bike":false}},{"type":"Feature","geometry":{"type":"Point","coordinates":[-79.96207,40.46508]},"properties":{"year":2025,"fatal":false,"ped":false,"bike":false}},{"type":"Feature","geometry":{"type":"Point","coordinates":[-79.8746,40.44752]},"properties":{"year":2025,"fatal":true,"ped":false,"bike":false}},{"type":"Feature","geometry":{"type":"Point","coordinates":[-80.05414,40.45333]},"properties":{"year":2025,"fatal":false,"ped":true,"bike":false}},{"type":"Feature","geometry":{"type":"Point","coordinates":[-80.04486,40.51497]},"properties":{"year":2025,"fatal":false,"ped":false,"bike":false}},{"type":"Feature","geometry":{"type":"Point","coordinates":[-79.98653,40.39292]},"properties":{"year":2025,"fatal":true,"ped":true,"bike":false}},{"type":"Feature","geometry":{"type":"Point","coordinates":[-80.06145,40.5012]},"properties":{"year":2025,"fatal":false,"ped":true,"bike":false}},{"type":"Feature","geometry":{"type":"Point","coordinates":[-79.9767,40.38258]},"properties":{"year":2025,"fatal":false,"ped":false,"bike":false}},{"type":"Feature","geometry":{"type":"Point","coordinates":[-80.02774,40.32014]},"properties":{"year":2025,"fatal":false,"ped":false,"bike":true}},{"type":"Feature","geometry":{"type":"Point","coordinates":[-80.11052,40.35948]},"properties":{"year":2025,"fatal":false,"ped":false,"bike":false}},{"type":"Feature","geometry":{"type":"Point","coordinates":[-79.88496,40.45528]},"properties":{"year":2025,"fatal":false,"ped":true,"bike":false}},{"type":"Feature","geometry":{"type":"Point","coordinates":[-80.02633,40.34804]},"properties":{"year":2025,"fatal":false,"ped":false,"bike":false}},{"type":"Feature","geometry":{"type":"Point","coordinates":[-79.78844,40.47655]},"properties":{"year":2025,"fatal":false,"ped":false,"bike":false}},{"type":"Feature","geometry":{"type":"Point","coordinates":[-80.16735,40.51861]},"properties":{"year":2025,"fatal":true,"ped":true,"bike":false}},{"type":"Feature","geometry":{"type":"Point","coordinates":[-79.93325,40.39273]},"properties":{"year":2025,"fatal":false,"ped":false,"bike":false}},{"type":"Feature","geometry":{"type":"Point","coordinates":[-80.09713,40.37751]},"properties":{"year":2025,"fatal":false,"ped":false,"bike":false}},{"type":"Feature","geometry":{"type":"Point","coordinates":[-79.95716,40.46709]},"properties":{"year":2025,"fatal":false,"ped":false,"bike":false}},{"type":"Feature","geometry":{"type":"Point","coordinates":[-80.19733,40.51633]},"properties":{"year":2025,"fatal":false,"ped":false,"bike":false}},{"type":"Feature","geometry":{"type":"Point","coordinates":[-79.73992,40.43787]},"properties":{"year":2025,"fatal":false,"ped":false,"bike":false}},{"type":"Feature","geometry":{"type":"Point","coordinates":[-79.94263,40.50785]},"properties":{"year":2025,"fatal":false,"ped":false,"bike":false}},{"type":"Feature","geometry":{"type":"Point","coordinates":[-80.00837,40.5056]},"properties":{"year":2025,"fatal":false,"ped":true,"bike":false}},{"type":"Feature","geometry":{"type":"Point","coordinates":[-79.93486,40.65706]},"properties":{"year":2025,"fatal":false,"ped":false,"bike":false}},{"type":"Feature","geometry":{"type":"Point","coordinates":[-80.25715,40.4801]},"properties":{"year":2025,"fatal":false,"ped":false,"bike":false}},{"type":"Feature","geometry":{"type":"Point","coordinates":[-79.70842,40.65097]},"properties":{"year":2025,"fatal":false,"ped":false,"bike":false}},{"type":"Feature","geometry":{"type":"Point","coordinates":[-80.13991,40.43315]},"properties":{"year":2025,"fatal":false,"ped":false,"bike":false}},{"type":"Feature","geometry":{"type":"Point","coordinates":[-79.90619,40.42551]},"properties":{"year":2025,"fatal":true,"ped":false,"bike":false}},{"type":"Feature","geometry":{"type":"Point","coordinates":[-79.89862,40.22539]},"properties":{"year":2025,"fatal":false,"ped":false,"bike":false}},{"type":"Feature","geometry":{"type":"Point","coordinates":[-79.96049,40.44031]},"properties":{"year":2025,"fatal":false,"ped":true,"bike":false}},{"type":"Feature","geometry":{"type":"Point","coordinates":[-80.04747,40.2993]},"properties":{"year":2025,"fatal":false,"ped":false,"bike":false}},{"type":"Feature","geometry":{"type":"Point","coordinates":[-79.78486,40.43157]},"properties":{"year":2025,"fatal":false,"ped":false,"bike":false}},{"type":"Feature","geometry":{"type":"Point","coordinates":[-79.76034,40.44175]},"properties":{"year":2025,"fatal":false,"ped":false,"bike":false}},{"type":"Feature","geometry":{"type":"Point","coordinates":[-79.98627,40.32585]},"properties":{"year":2025,"fatal":false,"ped":false,"bike":false}},{"type":"Feature","geometry":{"type":"Point","coordinates":[-79.94246,40.44742]},"properties":{"year":2025,"fatal":false,"ped":true,"bike":false}},{"type":"Feature","geometry":{"type":"Point","coordinates":[-79.8221,40.38833]},"properties":{"year":2025,"fatal":false,"ped":true,"bike":false}},{"type":"Feature","geometry":{"type":"Point","coordinates":[-79.84037,40.24179]},"properties":{"year":2025,"fatal":false,"ped":false,"bike":false}},{"type":"Feature","geometry":{"type":"Point","coordinates":[-79.89957,40.40924]},"properties":{"year":2025,"fatal":false,"ped":false,"bike":false}},{"type":"Feature","geometry":{"type":"Point","coordinates":[-80.00601,40.41109]},"properties":{"year":2025,"fatal":false,"ped":false,"bike":false}},{"type":"Feature","geometry":{"type":"Point","coordinates":[-79.82371,40.54298]},"properties":{"year":2025,"fatal":false,"ped":false,"bike":false}},{"type":"Feature","geometry":{"type":"Point","coordinates":[-80.05967,40.40312]},"properties":{"year":2025,"fatal":true,"ped":false,"bike":false}},{"type":"Feature","geometry":{"type":"Point","coordinates":[-80.09789,40.46891]},"properties":{"year":2025,"fatal":false,"ped":false,"bike":false}},{"type":"Feature","geometry":{"type":"Point","coordinates":[-79.90115,40.4491]},"properties":{"year":2025,"fatal":false,"ped":false,"bike":false}},{"type":"Feature","geometry":{"type":"Point","coordinates":[-79.80102,40.41311]},"properties":{"year":2025,"fatal":true,"ped":false,"bike":false}},{"type":"Feature","geometry":{"type":"Point","coordinates":[-79.97085,40.58419]},"properties":{"year":2025,"fatal":false,"ped":false,"bike":false}},{"type":"Feature","geometry":{"type":"Point","coordinates":[-79.90114,40.45851]},"properties":{"year":2025,"fatal":false,"ped":false,"bike":false}},{"type":"Feature","geometry":{"type":"Point","coordinates":[-80.18338,40.52618]},"properties":{"year":2025,"fatal":false,"ped":false,"bike":false}},{"type":"Feature","geometry":{"type":"Point","coordinates":[-79.90688,40.33994]},"properties":{"year":2025,"fatal":false,"ped":false,"bike":false}},{"type":"Feature","geometry":{"type":"Point","coordinates":[-79.90944,40.27753]},"properties":{"year":2025,"fatal":true,"ped":false,"bike":false}},{"type":"Feature","geometry":{"type":"Point","coordinates":[-79.86905,40.38909]},"properties":{"year":2025,"fatal":false,"ped":false,"bike":false}},{"type":"Feature","geometry":{"type":"Point","coordinates":[-79.88381,40.34449]},"properties":{"year":2025,"fatal":false,"ped":false,"bike":false}},{"type":"Feature","geometry":{"type":"Point","coordinates":[-80.14223,40.35273]},"properties":{"year":2025,"fatal":false,"ped":false,"bike":false}},{"type":"Feature","geometry":{"type":"Point","coordinates":[-79.92774,40.42242]},"properties":{"year":2025,"fatal":true,"ped":false,"bike":false}},{"type":"Feature","geometry":{"type":"Point","coordinates":[-79.78889,40.39839]},"properties":{"year":2025,"fatal":false,"ped":false,"bike":false}},{"type":"Feature","geometry":{"type":"Point","coordinates":[-79.95713,40.45909]},"properties":{"year":2025,"fatal":true,"ped":false,"bike":false}},{"type":"Feature","geometry":{"type":"Point","coordinates":[-79.87972,40.24478]},"properties":{"year":2025,"fatal":false,"ped":false,"bike":false}},{"type":"Feature","geometry":{"type":"Point","coordinates":[-80.06753,40.3278]},"properties":{"year":2025,"fatal":false,"ped":false,"bike":false}},{"type":"Feature","geometry":{"type":"Point","coordinates":[-79.92283,40.46586]},"properties":{"year":2025,"fatal":false,"ped":false,"bike":false}},{"type":"Feature","geometry":{"type":"Point","coordinates":[-80.00442,40.427]},"properties":{"year":2025,"fatal":false,"ped":true,"bike":false}},{"type":"Feature","geometry":{"type":"Point","coordinates":[-80.06612,40.49525]},"properties":{"year":2025,"fatal":false,"ped":true,"bike":false}},{"type":"Feature","geometry":{"type":"Point","coordinates":[-79.79983,40.33119]},"properties":{"year":2025,"fatal":false,"ped":false,"bike":false}},{"type":"Feature","geometry":{"type":"Point","coordinates":[-79.82613,40.36236]},"properties":{"year":2025,"fatal":false,"ped":false,"bike":false}},{"type":"Feature","geometry":{"type":"Point","coordinates":[-80.003,40.33439]},"properties":{"year":2025,"fatal":false,"ped":false,"bike":false}},{"type":"Feature","geometry":{"type":"Point","coordinates":[-80.0016,40.43102]},"properties":{"year":2025,"fatal":false,"ped":false,"bike":false}},{"type":"Feature","geometry":{"type":"Point","coordinates":[-80.12778,40.51708]},"properties":{"year":2025,"fatal":false,"ped":false,"bike":false}},{"type":"Feature","geometry":{"type":"Point","coordinates":[-79.9078,40.2645]},"properties":{"year":2025,"fatal":false,"ped":false,"bike":false}},{"type":"Feature","geometry":{"type":"Point","coordinates":[-79.91339,40.47872]},"properties":{"year":2025,"fatal":false,"ped":false,"bike":false}},{"type":"Feature","geometry":{"type":"Point","coordinates":[-80.04098,40.39826]},"properties":{"year":2025,"fatal":false,"ped":false,"bike":false}},{"type":"Feature","geometry":{"type":"Point","coordinates":[-79.97913,40.42866]},"properties":{"year":2025,"fatal":false,"ped":true,"bike":false}},{"type":"Feature","geometry":{"type":"Point","coordinates":[-79.70478,40.42747]},"properties":{"year":2025,"fatal":false,"ped":false,"bike":false}},{"type":"Feature","geometry":{"type":"Point","coordinates":[-79.98582,40.55855]},"properties":{"year":2025,"fatal":false,"ped":false,"bike":false}},{"type":"Feature","geometry":{"type":"Point","coordinates":[-80.03217,40.4631]},"properties":{"year":2025,"fatal":false,"ped":false,"bike":false}},{"type":"Feature","geometry":{"type":"Point","coordinates":[-79.9223,40.4135]},"properties":{"year":2025,"fatal":true,"ped":false,"bike":false}},{"type":"Feature","geometry":{"type":"Point","coordinates":[-79.96428,40.42417]},"properties":{"year":2025,"fatal":false,"ped":false,"bike":false}},{"type":"Feature","geometry":{"type":"Point","coordinates":[-79.83818,40.39417]},"properties":{"year":2025,"fatal":false,"ped":false,"bike":false}},{"type":"Feature","geometry":{"type":"Point","coordinates":[-79.97466,40.41626]},"properties":{"year":2025,"fatal":false,"ped":false,"bike":true}},{"type":"Feature","geometry":{"type":"Point","coordinates":[-79.81502,40.33078]},"properties":{"year":2025,"fatal":true,"ped":false,"bike":false}},{"type":"Feature","geometry":{"type":"Point","coordinates":[-80.23272,40.44316]},"properties":{"year":2025,"fatal":false,"ped":true,"bike":false}},{"type":"Feature","geometry":{"type":"Point","coordinates":[-80.07439,40.40527]},"properties":{"year":2025,"fatal":false,"ped":false,"bike":false}},{"type":"Feature","geometry":{"type":"Point","coordinates":[-79.87029,40.39311]},"properties":{"year":2025,"fatal":false,"ped":false,"bike":false}},{"type":"Feature","geometry":{"type":"Point","coordinates":[-79.89593,40.45629]},"properties":{"year":2025,"fatal":false,"ped":false,"bike":true}},{"type":"Feature","geometry":{"type":"Point","coordinates":[-79.99689,40.45082]},"properties":{"year":2025,"fatal":false,"ped":false,"bike":false}},{"type":"Feature","geometry":{"type":"Point","coordinates":[-80.00504,40.44895]},"properties":{"year":2025,"fatal":false,"ped":false,"bike":false}},{"type":"Feature","geometry":{"type":"Point","coordinates":[-80.05201,40.43251]},"properties":{"year":2025,"fatal":false,"ped":true,"bike":false}},{"type":"Feature","geometry":{"type":"Point","coordinates":[-79.95142,40.33772]},"properties":{"year":2025,"fatal":true,"ped":false,"bike":false}},{"type":"Feature","geometry":{"type":"Point","coordinates":[-79.97749,40.44496]},"properties":{"year":2025,"fatal":false,"ped":false,"bike":false}},{"type":"Feature","geometry":{"type":"Point","coordinates":[-80.06852,40.36208]},"properties":{"year":2025,"fatal":false,"ped":false,"bike":false}},{"type":"Feature","geometry":{"type":"Point","coordinates":[-80.21755,40.52208]},"properties":{"year":2025,"fatal":false,"ped":false,"bike":false}},{"type":"Feature","geometry":{"type":"Point","coordinates":[-80.21789,40.5198]},"properties":{"year":2025,"fatal":true,"ped":false,"bike":false}},{"type":"Feature","geometry":{"type":"Point","coordinates":[-80.1399,40.46152]},"properties":{"year":2025,"fatal":false,"ped":false,"bike":false}},{"type":"Feature","geometry":{"type":"Point","coordinates":[-79.98529,40.42766]},"properties":{"year":2025,"fatal":false,"ped":true,"bike":false}},{"type":"Feature","geometry":{"type":"Point","coordinates":[-79.8184,40.23518]},"properties":{"year":2025,"fatal":false,"ped":false,"bike":false}},{"type":"Feature","geometry":{"type":"Point","coordinates":[-79.8943,40.30422]},"properties":{"year":2025,"fatal":true,"ped":false,"bike":false}},{"type":"Feature","geometry":{"type":"Point","coordinates":[-79.99431,40.32296]},"properties":{"year":2025,"fatal":false,"ped":false,"bike":false}},{"type":"Feature","geometry":{"type":"Point","coordinates":[-80.21096,40.56581]},"properties":{"year":2025,"fatal":false,"ped":false,"bike":false}},{"type":"Feature","geometry":{"type":"Point","coordinates":[-79.86706,40.43367]},"properties":{"year":2025,"fatal":false,"ped":false,"bike":false}},{"type":"Feature","geometry":{"type":"Point","coordinates":[-80.05102,40.50207]},"properties":{"year":2025,"fatal":false,"ped":false,"bike":false}},{"type":"Feature","geometry":{"type":"Point","coordinates":[-79.84542,40.53356]},"properties":{"year":2025,"fatal":false,"ped":false,"bike":false}},{"type":"Feature","geometry":{"type":"Point","coordinates":[-79.97785,40.45656]},"properties":{"year":2025,"fatal":false,"ped":false,"bike":false}},{"type":"Feature","geometry":{"type":"Point","coordinates":[-79.95921,40.43116]},"properties":{"year":2025,"fatal":false,"ped":false,"bike":false}},{"type":"Feature","geometry":{"type":"Point","coordinates":[-79.97882,40.46585]},"properties":{"year":2025,"fatal":false,"ped":false,"bike":false}},{"type":"Feature","geometry":{"type":"Point","coordinates":[-79.78312,40.49043]},"properties":{"year":2025,"fatal":false,"ped":false,"bike":false}},{"type":"Feature","geometry":{"type":"Point","coordinates":[-79.90043,40.46038]},"properties":{"year":2025,"fatal":false,"ped":true,"bike":false}},{"type":"Feature","geometry":{"type":"Point","coordinates":[-79.9545,40.56762]},"properties":{"year":2025,"fatal":true,"ped":false,"bike":false}},{"type":"Feature","geometry":{"type":"Point","coordinates":[-79.83058,40.43823]},"properties":{"year":2025,"fatal":false,"ped":false,"bike":false}},{"type":"Feature","geometry":{"type":"Point","coordinates":[-79.75121,40.42752]},"properties":{"year":2025,"fatal":true,"ped":false,"bike":false}},{"type":"Feature","geometry":{"type":"Point","coordinates":[-79.80755,40.64748]},"properties":{"year":2025,"fatal":true,"ped":false,"bike":false}},{"type":"Feature","geometry":{"type":"Point","coordinates":[-80.1944,40.50415]},"properties":{"year":2025,"fatal":false,"ped":false,"bike":false}},{"type":"Feature","geometry":{"type":"Point","coordinates":[-79.99263,40.43887]},"properties":{"year":2025,"fatal":false,"ped":false,"bike":false}},{"type":"Feature","geometry":{"type":"Point","coordinates":[-80.00723,40.47547]},"properties":{"year":2025,"fatal":true,"ped":false,"bike":false}},{"type":"Feature","geometry":{"type":"Point","coordinates":[-80.16939,40.45116]},"properties":{"year":2025,"fatal":false,"ped":false,"bike":false}},{"type":"Feature","geometry":{"type":"Point","coordinates":[-79.96529,40.3578]},"properties":{"year":2025,"fatal":false,"ped":false,"bike":false}},{"type":"Feature","geometry":{"type":"Point","coordinates":[-80.06479,40.43569]},"properties":{"year":2025,"fatal":false,"ped":false,"bike":false}},{"type":"Feature","geometry":{"type":"Point","coordinates":[-80.26207,40.48295]},"properties":{"year":2025,"fatal":true,"ped":false,"bike":false}},{"type":"Feature","geometry":{"type":"Point","coordinates":[-79.89062,40.45841]},"properties":{"year":2025,"fatal":false,"ped":true,"bike":false}},{"type":"Feature","geometry":{"type":"Point","coordinates":[-80.12239,40.31593]},"properties":{"year":2025,"fatal":false,"ped":false,"bike":false}},{"type":"Feature","geometry":{"type":"Point","coordinates":[-80.00967,40.43961]},"properties":{"year":2025,"fatal":false,"ped":false,"bike":false}},{"type":"Feature","geometry":{"type":"Point","coordinates":[-80.02832,40.44411]},"properties":{"year":2025,"fatal":false,"ped":false,"bike":false}},{"type":"Feature","geometry":{"type":"Point","coordinates":[-79.99876,40.28783]},"properties":{"year":2025,"fatal":false,"ped":false,"bike":false}},{"type":"Feature","geometry":{"type":"Point","coordinates":[-79.87774,40.44136]},"properties":{"year":2025,"fatal":false,"ped":false,"bike":false}},{"type":"Feature","geometry":{"type":"Point","coordinates":[-80.263,40.48882]},"properties":{"year":2025,"fatal":false,"ped":false,"bike":false}},{"type":"Feature","geometry":{"type":"Point","coordinates":[-80.21183,40.44542]},"properties":{"year":2025,"fatal":false,"ped":false,"bike":false}},{"type":"Feature","geometry":{"type":"Point","coordinates":[-79.89621,40.45758]},"properties":{"year":2025,"fatal":false,"ped":true,"bike":false}},{"type":"Feature","geometry":{"type":"Point","coordinates":[-80.02277,40.36445]},"properties":{"year":2025,"fatal":false,"ped":true,"bike":false}},{"type":"Feature","geometry":{"type":"Point","coordinates":[-80.20132,40.57198]},"properties":{"year":2025,"fatal":true,"ped":false,"bike":false}},{"type":"Feature","geometry":{"type":"Point","coordinates":[-79.93831,40.31249]},"properties":{"year":2025,"fatal":false,"ped":false,"bike":false}},{"type":"Feature","geometry":{"type":"Point","coordinates":[-80.16626,40.51936]},"properties":{"year":2025,"fatal":true,"ped":true,"bike":false}},{"type":"Feature","geometry":{"type":"Point","coordinates":[-79.99627,40.45218]},"properties":{"year":2025,"fatal":true,"ped":true,"bike":false}}],"metadata":{"dataset":"PennDOT reportable crashes (WPRDC), KSI only","years":["2023","2024","2025"],"builtAt":"2026-09-26T18:32:50.362Z"}}