{"type":"FeatureCollection","features":[{"type":"Feature","geometry":{"type":"Polygon","coordinates":[[[-79.99463,40.4358],[-79.9913,40.43488],[-79.98677,40.43499],[-79.97601,40.43638],[-79.97366,40.43658],[-79.97288,40.43653],[-79.97351,40.43388],[-79.97583,40.43432],[-79.98811,40.43261],[-79.99341,40.43262],[-79.99674,40.43281],[-79.99463,40.4358]]]},"properties":{"geoid":"42003010301","population":2028,"svi_overall":null,"svi_socioeconomic":null,"svi_household":null,"svi_minority":75,"svi_housing_transport":null,"coi_level":"Very Low","coi_rank":13,"coi_education":1,"coi_health_env":96,"coi_social_econ":0}},{"type":"Feature","geometry":{"type":"Polygon","coordinates":[[[-79.99371,40.43893],[-79.97589,40.43815],[-79.97355,40.43796],[-79.97265,40.4377],[-79.97288,40.43653],[-79.97366,40.43658],[-79.97601,40.43638],[-79.98677,40.43499],[-79.9913,40.43488],[-79.99463,40.4358],[-79.99371,40.43893]]]},"properties":{"geoid":"42003010302","population":4631,"svi_overall":54,"svi_socioeconomic":73,"svi_household":4,"svi_minority":46,"svi_housing_transport":74,"coi_level":"Very Low","coi_rank":3,"coi_education":5,"coi_health_env":5,"coi_social_econ":4}},{"type":"Feature","geometry":{"type":"Polygon","coordinates":[[[-80.01538,40.44309],[-80.00933,40.44431],[-80.00335,40.44566],[-79.99793,40.44728],[-79.99614,40.44819],[-79.99477,40.44609],[-79.99425,40.44545],[-79.99394,40.44526],[-79.99001,40.44595],[-79.99005,40.44544],[-79.99037,40.4446],[-79.99214,40.44203],[-79.99371,40.43893],[-79.99463,40.4358],[-79.99674,40.43281],[-79.99807,40.43307],[-80.00199,40.43507],[-80.0102,40.43864],[-80.01422,40.44071],[-80.01629,40.44321],[-80.01538,40.44309]]]},"properties":{"geoid":"42003020100","population":4310,"svi_overall":39,"svi_socioeconomic":35,"svi_household":1,"svi_minority":49,"svi_housing_transport":97,"coi_level":"High","coi_rank":64,"coi_education":20,"coi_health_env":14,"coi_social_econ":91}},{"type":"Feature","geometry":{"type":"Polygon","coordinates":[[[-79.99614,40.44819],[-79.9924,40.45042],[-79.98062,40.45905],[-79.97964,40.46009],[-79.97602,40.4631],[-79.97391,40.46588],[-79.96808,40.46102],[-79.97495,40.4563],[-79.97291,40.45562],[-79.97367,40.45285],[-79.97685,40.45097],[-79.97768,40.45022],[-79.97915,40.45041],[-79.98095,40.44992],[-79.9839,40.44853],[-79.99037,40.4446],[-79.99005,40.44544],[-79.99001,40.44595],[-79.99394,40.44526],[-79.99425,40.44545],[-79.99477,40.44609],[-79.99614,40.44819]]]},"properties":{"geoid":"42003020300","population":1471,"svi_overall":11,"svi_socioeconomic":16,"svi_household":1,"svi_minority":34,"svi_housing_transport":66,"coi_level":"High","coi_rank":73,"coi_education":43,"coi_health_env":42,"coi_social_econ":89}},{"type":"Feature","geometry":{"type":"Polygon","coordinates":[[[-79.99228,40.44173],[-79.99214,40.44203],[-79.99037,40.4446],[-79.9839,40.44853],[-79.98366,40.44765],[-79.98243,40.4465],[-79.97968,40.44271],[-79.979,40.44161],[-79.97896,40.44124],[-79.97866,40.44085],[-79.97835,40.44067],[-79.97867,40.44032],[-79.97788,40.43936],[-79.97538,40.43921],[-79.97755,40.43824],[-79.99371,40.43893],[-79.99228,40.44173]]]},"properties":{"geoid":"42003030500","population":3044,"svi_overall":77,"svi_socioeconomic":72,"svi_household":28,"svi_minority":83,"svi_housing_transport":91,"coi_level":"Very Low","coi_rank":10,"coi_education":15,"coi_health_env":14,"coi_social_econ":9}},{"type":"Feature","geometry":{"type":"Polygon","coordinates":[[[-79.97755,40.43824],[-79.97538,40.43921],[-79.97302,40.43979],[-79.97321,40.44013],[-79.97252,40.44033],[-79.96872,40.43878],[-79.96755,40.43971],[-79.96802,40.44291],[-79.96611,40.44337],[-79.96576,40.44283],[-79.96326,40.44467],[-79.96288,40.44327],[-79.95934,40.44356],[-79.95744,40.44252],[-79.96394,40.43785],[-79.96534,40.43767],[-79.96621,40.43662],[-79.96699,40.43646],[-79.9688,40.43646],[-79.97355,40.43796],[-79.97755,40.43824]]]},"properties":{"geoid":"42003040200","population":1843,"svi_overall":75,"svi_socioeconomic":78,"svi_household":24,"svi_minority":65,"svi_housing_transport":87,"coi_level":"Very Low","coi_rank":10,"coi_education":17,"coi_health_env":11,"coi_social_econ":9}},{"type":"Feature","geometry":{"type":"Polygon","coordinates":[[[-79.95273,40.44837],[-79.95074,40.44981],[-79.94875,40.4504],[-79.94769,40.44798],[-79.94659,40.44492],[-79.94691,40.44452],[-79.95037,40.44517],[-79.95059,40.44681],[-79.95191,40.44648],[-79.95273,40.44837]]]},"properties":{"geoid":"42003040400","population":1629,"svi_overall":50,"svi_socioeconomic":25,"svi_household":35,"svi_minority":43,"svi_housing_transport":91,"coi_level":"High","coi_rank":80,"coi_education":66,"coi_health_env":12,"coi_social_econ":95}},{"type":"Feature","geometry":{"type":"Polygon","coordinates":[[[-79.96207,40.43914],[-79.95744,40.44252],[-79.95644,40.44196],[-79.95355,40.44318],[-79.94925,40.44135],[-79.95057,40.43929],[-79.95234,40.43968],[-79.95618,40.43596],[-79.95641,40.43513],[-79.95817,40.43583],[-79.96207,40.43914]]]},"properties":{"geoid":"42003040500","population":2840,"svi_overall":62,"svi_socioeconomic":93,"svi_household":1,"svi_minority":29,"svi_housing_transport":88,"coi_level":"Very Low","coi_rank":12,"coi_education":17,"coi_health_env":10,"coi_social_econ":13}},{"type":"Feature","geometry":{"type":"Polygon","coordinates":[[[-79.95618,40.43596],[-79.95234,40.43968],[-79.95057,40.43929],[-79.94925,40.44135],[-79.94896,40.44119],[-79.94979,40.44002],[-79.94959,40.43635],[-79.94986,40.43444],[-79.95222,40.43425],[-79.95473,40.43462],[-79.95641,40.43513],[-79.95618,40.43596]]]},"properties":{"geoid":"42003040600","population":2302,"svi_overall":45,"svi_socioeconomic":87,"svi_household":1,"svi_minority":27,"svi_housing_transport":59,"coi_level":"Very Low","coi_rank":10,"coi_education":23,"coi_health_env":12,"coi_social_econ":8}},{"type":"Feature","geometry":{"type":"Polygon","coordinates":[[[-79.97288,40.43653],[-79.97265,40.4377],[-79.9688,40.43646],[-79.96699,40.43646],[-79.96621,40.43662],[-79.96534,40.43767],[-79.96394,40.43785],[-79.96207,40.43914],[-79.95817,40.43583],[-79.95641,40.43513],[-79.95473,40.43462],[-79.95222,40.43425],[-79.94986,40.43444],[-79.94989,40.43362],[-79.94966,40.4292],[-79.95043,40.42761],[-79.95237,40.4274],[-79.95457,40.42792],[-79.95628,40.42912],[-79.95693,40.42984],[-79.95994,40.43223],[-79.96719,40.43534],[-79.97292,40.43633],[-79.97288,40.43653]]]},"properties":{"geoid":"42003040900","population":3722,"svi_overall":42,"svi_socioeconomic":63,"svi_household":1,"svi_minority":50,"svi_housing_transport":81,"coi_level":"Low","coi_rank":30,"coi_education":34,"coi_health_env":37,"coi_social_econ":27}},{"type":"Feature","geometry":{"type":"Polygon","coordinates":[[[-79.98243,40.4465],[-79.973,40.4505],[-79.97253,40.44963],[-79.96892,40.45116],[-79.96667,40.45318],[-79.96493,40.45289],[-79.96438,40.45228],[-79.96538,40.45016],[-79.96487,40.44878],[-79.96906,40.44605],[-79.97187,40.445],[-79.97505,40.44367],[-79.97562,40.44445],[-79.97968,40.44271],[-79.98243,40.4465]]]},"properties":{"geoid":"42003050100","population":1561,"svi_overall":84,"svi_socioeconomic":74,"svi_household":94,"svi_minority":95,"svi_housing_transport":58,"coi_level":"Very Low","coi_rank":5,"coi_education":4,"coi_health_env":51,"coi_social_econ":2}},{"type":"Feature","geometry":{"type":"Polygon","coordinates":[[[-79.96601,40.4552],[-79.96042,40.45699],[-79.95798,40.45852],[-79.95722,40.45866],[-79.95618,40.45831],[-79.95407,40.45318],[-79.95491,40.45098],[-79.95848,40.44846],[-79.95925,40.44832],[-79.96487,40.44878],[-79.96538,40.45016],[-79.96438,40.45228],[-79.96568,40.45367],[-79.96601,40.4552]]]},"properties":{"geoid":"42003050600","population":1960,"svi_overall":78,"svi_socioeconomic":67,"svi_household":93,"svi_minority":87,"svi_housing_transport":49,"coi_level":"Very Low","coi_rank":14,"coi_education":17,"coi_health_env":14,"coi_social_econ":17}},{"type":"Feature","geometry":{"type":"Polygon","coordinates":[[[-79.9839,40.44853],[-79.98095,40.44992],[-79.97915,40.45041],[-79.97768,40.45022],[-79.97685,40.45097],[-79.97367,40.45285],[-79.96831,40.455],[-79.96601,40.45567],[-79.96601,40.4552],[-79.96568,40.45367],[-79.96493,40.45289],[-79.96667,40.45318],[-79.96892,40.45116],[-79.97253,40.44963],[-79.973,40.4505],[-79.98243,40.4465],[-79.98366,40.44765],[-79.9839,40.44853]]]},"properties":{"geoid":"42003050900","population":1380,"svi_overall":93,"svi_socioeconomic":90,"svi_household":99,"svi_minority":99,"svi_housing_transport":49,"coi_level":"Very Low","coi_rank":3,"coi_education":7,"coi_health_env":52,"coi_social_econ":1}},{"type":"Feature","geometry":{"type":"Polygon","coordinates":[[[-79.97505,40.44367],[-79.97187,40.445],[-79.96906,40.44605],[-79.96487,40.44878],[-79.95925,40.44832],[-79.95848,40.44846],[-79.95982,40.4474],[-79.96089,40.44548],[-79.96326,40.44467],[-79.96576,40.44283],[-79.96611,40.44337],[-79.96802,40.44291],[-79.96755,40.43971],[-79.96872,40.43878],[-79.97252,40.44033],[-79.97321,40.44013],[-79.97395,40.44086],[-79.9745,40.44291],[-79.97505,40.44367]]]},"properties":{"geoid":"42003051000","population":2187,"svi_overall":87,"svi_socioeconomic":94,"svi_household":23,"svi_minority":76,"svi_housing_transport":91,"coi_level":"Very Low","coi_rank":4,"coi_education":5,"coi_health_env":58,"coi_social_econ":1}},{"type":"Feature","geometry":{"type":"Polygon","coordinates":[[[-79.97968,40.44271],[-79.97562,40.44445],[-79.9745,40.44291],[-79.97395,40.44086],[-79.97321,40.44013],[-79.97302,40.43979],[-79.97538,40.43921],[-79.97788,40.43936],[-79.97867,40.44032],[-79.97835,40.44067],[-79.97866,40.44085],[-79.97896,40.44124],[-79.979,40.44161],[-79.97968,40.44271]]]},"properties":{"geoid":"42003051100","population":458,"svi_overall":71,"svi_socioeconomic":79,"svi_household":78,"svi_minority":86,"svi_housing_transport":27,"coi_level":"Very Low","coi_rank":10,"coi_education":1,"coi_health_env":94,"coi_social_econ":6}},{"type":"Feature","geometry":{"type":"Polygon","coordinates":[[[-79.97156,40.469],[-79.97077,40.47067],[-79.97004,40.47112],[-79.96869,40.47276],[-79.96385,40.46994],[-79.95796,40.46519],[-79.95717,40.46244],[-79.95458,40.46281],[-79.95364,40.46276],[-79.95594,40.46031],[-79.95694,40.46073],[-79.9577,40.46085],[-79.96608,40.45944],[-79.96716,40.46056],[-79.96808,40.46102],[-79.97391,40.46588],[-79.97156,40.469]]]},"properties":{"geoid":"42003060300","population":2448,"svi_overall":23,"svi_socioeconomic":24,"svi_household":2,"svi_minority":30,"svi_housing_transport":81,"coi_level":"High","coi_rank":79,"coi_education":48,"coi_health_env":32,"coi_social_econ":91}},{"type":"Feature","geometry":{"type":"Polygon","coordinates":[[[-79.97495,40.4563],[-79.96808,40.46102],[-79.96716,40.46056],[-79.96608,40.45944],[-79.9577,40.46085],[-79.95694,40.46073],[-79.95594,40.46031],[-79.95721,40.45883],[-79.95722,40.45866],[-79.95798,40.45852],[-79.96042,40.45699],[-79.96601,40.4552],[-79.96601,40.45567],[-79.96831,40.455],[-79.97367,40.45285],[-79.97291,40.45562],[-79.97495,40.4563]]]},"properties":{"geoid":"42003060500","population":1203,"svi_overall":35,"svi_socioeconomic":45,"svi_household":20,"svi_minority":26,"svi_housing_transport":46,"coi_level":"Low","coi_rank":23,"coi_education":20,"coi_health_env":2,"coi_social_econ":46}},{"type":"Feature","geometry":{"type":"Polygon","coordinates":[[[-79.94095,40.45132],[-79.93673,40.45275],[-79.93257,40.45475],[-79.92965,40.44983],[-79.93581,40.44792],[-79.93884,40.44769],[-79.94095,40.45132]]]},"properties":{"geoid":"42003070300","population":2278,"svi_overall":41,"svi_socioeconomic":26,"svi_household":10,"svi_minority":50,"svi_housing_transport":87,"coi_level":"High","coi_rank":68,"coi_education":31,"coi_health_env":74,"coi_social_econ":84}},{"type":"Feature","geometry":{"type":"Polygon","coordinates":[[[-79.93406,40.45727],[-79.92505,40.45996],[-79.92534,40.45417],[-79.92882,40.45276],[-79.93098,40.45207],[-79.93406,40.45727]]]},"properties":{"geoid":"42003070500","population":2996,"svi_overall":20,"svi_socioeconomic":42,"svi_household":1,"svi_minority":46,"svi_housing_transport":53,"coi_level":"High","coi_rank":79,"coi_education":72,"coi_health_env":16,"coi_social_econ":89}},{"type":"Feature","geometry":{"type":"Polygon","coordinates":[[[-79.93098,40.45207],[-79.92882,40.45276],[-79.92534,40.45417],[-79.9252,40.45739],[-79.92246,40.4568],[-79.92255,40.45587],[-79.92072,40.4529],[-79.92208,40.45269],[-79.92844,40.45022],[-79.92965,40.44983],[-79.93098,40.45207]]]},"properties":{"geoid":"42003070600","population":2215,"svi_overall":32,"svi_socioeconomic":31,"svi_household":3,"svi_minority":32,"svi_housing_transport":84,"coi_level":"High","coi_rank":80,"coi_education":42,"coi_health_env":58,"coi_social_econ":91}},{"type":"Feature","geometry":{"type":"Polygon","coordinates":[[[-79.92505,40.45996],[-79.92273,40.46066],[-79.92123,40.46005],[-79.91243,40.45404],[-79.92072,40.4529],[-79.92255,40.45587],[-79.92246,40.4568],[-79.9252,40.45739],[-79.92505,40.45996]]]},"properties":{"geoid":"42003070800","population":2530,"svi_overall":22,"svi_socioeconomic":9,"svi_household":2,"svi_minority":60,"svi_housing_transport":90,"coi_level":"High","coi_rank":77,"coi_education":67,"coi_health_env":47,"coi_social_econ":81}},{"type":"Feature","geometry":{"type":"Polygon","coordinates":[[[-79.94969,40.45259],[-79.94309,40.45457],[-79.94428,40.45526],[-79.9415,40.45505],[-79.93406,40.45727],[-79.93257,40.45475],[-79.93673,40.45275],[-79.94095,40.45132],[-79.93884,40.44769],[-79.94736,40.44711],[-79.94969,40.45259]]]},"properties":{"geoid":"42003070900","population":4196,"svi_overall":69,"svi_socioeconomic":59,"svi_household":21,"svi_minority":58,"svi_housing_transport":95,"coi_level":"High","coi_rank":66,"coi_education":39,"coi_health_env":51,"coi_social_econ":75}},{"type":"Feature","geometry":{"type":"Polygon","coordinates":[[[-79.95419,40.46219],[-79.95279,40.46362],[-79.9471,40.46062],[-79.94824,40.45846],[-79.94752,40.45688],[-79.95148,40.45735],[-79.9533,40.45777],[-79.95594,40.46031],[-79.95419,40.46219]]]},"properties":{"geoid":"42003080200","population":1867,"svi_overall":36,"svi_socioeconomic":57,"svi_household":20,"svi_minority":22,"svi_housing_transport":35,"coi_level":"Moderate","coi_rank":54,"coi_education":24,"coi_health_env":88,"coi_social_econ":59}},{"type":"Feature","geometry":{"type":"Polygon","coordinates":[[[-79.95148,40.45735],[-79.94752,40.45688],[-79.94824,40.45846],[-79.9471,40.46062],[-79.94373,40.45882],[-79.93859,40.45592],[-79.9415,40.45505],[-79.94428,40.45526],[-79.94309,40.45457],[-79.94969,40.45259],[-79.94978,40.45312],[-79.95148,40.45735]]]},"properties":{"geoid":"42003080400","population":1650,"svi_overall":20,"svi_socioeconomic":42,"svi_household":1,"svi_minority":50,"svi_housing_transport":53,"coi_level":"Low","coi_rank":40,"coi_education":27,"coi_health_env":54,"coi_social_econ":48}},{"type":"Feature","geometry":{"type":"Polygon","coordinates":[[[-79.94354,40.46003],[-79.94322,40.46235],[-79.9416,40.46221],[-79.94135,40.46411],[-79.93608,40.46298],[-79.93706,40.45768],[-79.93649,40.45657],[-79.93859,40.45592],[-79.94373,40.45882],[-79.94354,40.46003]]]},"properties":{"geoid":"42003080600","population":1892,"svi_overall":22,"svi_socioeconomic":37,"svi_household":5,"svi_minority":29,"svi_housing_transport":44,"coi_level":"Moderate","coi_rank":52,"coi_education":31,"coi_health_env":38,"coi_social_econ":64}},{"type":"Feature","geometry":{"type":"Polygon","coordinates":[[[-79.93674,40.45945],[-79.93608,40.46298],[-79.93511,40.46474],[-79.93452,40.46478],[-79.93068,40.4635],[-79.93426,40.45758],[-79.93406,40.45727],[-79.93649,40.45657],[-79.93706,40.45768],[-79.93674,40.45945]]]},"properties":{"geoid":"42003080700","population":2034,"svi_overall":36,"svi_socioeconomic":44,"svi_household":1,"svi_minority":58,"svi_housing_transport":85,"coi_level":"Moderate","coi_rank":50,"coi_education":53,"coi_health_env":37,"coi_social_econ":51}},{"type":"Feature","geometry":{"type":"Polygon","coordinates":[[[-79.94986,40.46219],[-79.94807,40.46571],[-79.93939,40.46454],[-79.93511,40.46474],[-79.93608,40.46298],[-79.94135,40.46411],[-79.9416,40.46221],[-79.94322,40.46235],[-79.94373,40.45882],[-79.94987,40.46209],[-79.94986,40.46219]]]},"properties":{"geoid":"42003080900","population":2034,"svi_overall":34,"svi_socioeconomic":45,"svi_household":6,"svi_minority":27,"svi_housing_transport":63,"coi_level":"Moderate","coi_rank":51,"coi_education":31,"coi_health_env":31,"coi_social_econ":60}},{"type":"Feature","geometry":{"type":"Polygon","coordinates":[[[-79.96476,40.47792],[-79.96318,40.47977],[-79.96069,40.48206],[-79.9557,40.47835],[-79.95762,40.47613],[-79.95805,40.47387],[-79.96091,40.4698],[-79.96229,40.46871],[-79.96385,40.46994],[-79.96869,40.47276],[-79.96476,40.47792]]]},"properties":{"geoid":"42003090100","population":2073,"svi_overall":22,"svi_socioeconomic":49,"svi_household":1,"svi_minority":36,"svi_housing_transport":47,"coi_level":"Moderate","coi_rank":52,"coi_education":22,"coi_health_env":27,"coi_social_econ":69}},{"type":"Feature","geometry":{"type":"Polygon","coordinates":[[[-79.96091,40.4698],[-79.95805,40.47387],[-79.95416,40.4713],[-79.95503,40.46906],[-79.95181,40.46737],[-79.95193,40.46618],[-79.95796,40.46519],[-79.96229,40.46871],[-79.96091,40.4698]]]},"properties":{"geoid":"42003090200","population":2657,"svi_overall":40,"svi_socioeconomic":36,"svi_household":9,"svi_minority":20,"svi_housing_transport":88,"coi_level":"Moderate","coi_rank":55,"coi_education":25,"coi_health_env":34,"coi_social_econ":74}},{"type":"Feature","geometry":{"type":"Polygon","coordinates":[[[-79.95796,40.46519],[-79.95193,40.46618],[-79.94807,40.46571],[-79.94987,40.46209],[-79.95279,40.46362],[-79.95364,40.46276],[-79.95458,40.46281],[-79.95717,40.46244],[-79.95796,40.46519]]]},"properties":{"geoid":"42003090300","population":1473,"svi_overall":6,"svi_socioeconomic":31,"svi_household":2,"svi_minority":17,"svi_housing_transport":13,"coi_level":"Low","coi_rank":36,"coi_education":24,"coi_health_env":23,"coi_social_econ":51}},{"type":"Feature","geometry":{"type":"Polygon","coordinates":[[[-79.94308,40.47996],[-79.9406,40.48202],[-79.93444,40.48049],[-79.93321,40.47986],[-79.93304,40.47965],[-79.93192,40.47522],[-79.93147,40.47392],[-79.93172,40.47205],[-79.93279,40.47064],[-79.93457,40.47217],[-79.93546,40.47257],[-79.93653,40.47428],[-79.93821,40.4741],[-79.94442,40.47865],[-79.94308,40.47996]]]},"properties":{"geoid":"42003100500","population":2023,"svi_overall":61,"svi_socioeconomic":48,"svi_household":64,"svi_minority":79,"svi_housing_transport":56,"coi_level":"Moderate","coi_rank":50,"coi_education":30,"coi_health_env":94,"coi_social_econ":51}},{"type":"Feature","geometry":{"type":"Polygon","coordinates":[[[-79.96069,40.48206],[-79.95535,40.48591],[-79.95127,40.48759],[-79.94762,40.48877],[-79.93802,40.49107],[-79.93716,40.48844],[-79.9463,40.48517],[-79.94337,40.48298],[-79.94755,40.48008],[-79.94698,40.47811],[-79.94921,40.47817],[-79.95131,40.47746],[-79.95439,40.47747],[-79.9557,40.47835],[-79.96069,40.48206]]]},"properties":{"geoid":"42003101100","population":2537,"svi_overall":12,"svi_socioeconomic":34,"svi_household":2,"svi_minority":25,"svi_housing_transport":33,"coi_level":"Low","coi_rank":32,"coi_education":21,"coi_health_env":12,"coi_social_econ":50}},{"type":"Feature","geometry":{"type":"Polygon","coordinates":[[[-79.93802,40.49107],[-79.93558,40.4915],[-79.93218,40.4917],[-79.92793,40.49155],[-79.92357,40.49072],[-79.91249,40.48828],[-79.91325,40.48667],[-79.91937,40.48821],[-79.92408,40.48343],[-79.92482,40.48191],[-79.92734,40.48085],[-79.92763,40.47791],[-79.92859,40.47534],[-79.92835,40.47233],[-79.9312,40.47344],[-79.93147,40.47392],[-79.93192,40.47522],[-79.93172,40.47649],[-79.93202,40.47859],[-79.92984,40.4854],[-79.92796,40.48693],[-79.92598,40.48762],[-79.92554,40.48832],[-79.92975,40.48912],[-79.93509,40.48915],[-79.93716,40.48844],[-79.93802,40.49107]]]},"properties":{"geoid":"42003101400","population":3301,"svi_overall":17,"svi_socioeconomic":11,"svi_household":47,"svi_minority":24,"svi_housing_transport":27,"coi_level":"Moderate","coi_rank":59,"coi_education":51,"coi_health_env":66,"coi_social_econ":61}},{"type":"Feature","geometry":{"type":"Polygon","coordinates":[[[-79.94895,40.47818],[-79.94698,40.47811],[-79.94755,40.48008],[-79.94337,40.48298],[-79.9463,40.48517],[-79.93509,40.48915],[-79.92975,40.48912],[-79.92554,40.48832],[-79.92598,40.48762],[-79.92796,40.48693],[-79.92984,40.4854],[-79.93202,40.47859],[-79.93172,40.47649],[-79.93192,40.47522],[-79.93304,40.47965],[-79.93321,40.47986],[-79.93444,40.48049],[-79.9406,40.48202],[-79.94308,40.47996],[-79.94442,40.47865],[-79.94626,40.4777],[-79.94706,40.47762],[-79.94895,40.47818]]]},"properties":{"geoid":"42003101800","population":2532,"svi_overall":1,"svi_socioeconomic":3,"svi_household":9,"svi_minority":29,"svi_housing_transport":3,"coi_level":"High","coi_rank":67,"coi_education":37,"coi_health_env":98,"coi_social_econ":73}},{"type":"Feature","geometry":{"type":"Polygon","coordinates":[[[-79.94739,40.46845],[-79.9445,40.47164],[-79.93909,40.47309],[-79.93546,40.47257],[-79.93457,40.47217],[-79.93279,40.47064],[-79.93644,40.46468],[-79.93939,40.46454],[-79.94645,40.46547],[-79.94612,40.46697],[-79.94681,40.46752],[-79.94739,40.46845]]]},"properties":{"geoid":"42003101900","population":2698,"svi_overall":59,"svi_socioeconomic":62,"svi_household":77,"svi_minority":84,"svi_housing_transport":22,"coi_level":"Low","coi_rank":29,"coi_education":34,"coi_health_env":27,"coi_social_econ":29}},{"type":"Feature","geometry":{"type":"Polygon","coordinates":[[[-79.92859,40.47534],[-79.92763,40.47791],[-79.92734,40.48085],[-79.92461,40.47981],[-79.92239,40.47948],[-79.91971,40.47974],[-79.91618,40.47849],[-79.91879,40.47451],[-79.92103,40.4697],[-79.92835,40.47233],[-79.92859,40.47534]]]},"properties":{"geoid":"42003110200","population":4054,"svi_overall":9,"svi_socioeconomic":11,"svi_household":2,"svi_minority":50,"svi_housing_transport":39,"coi_level":"High","coi_rank":80,"coi_education":65,"coi_health_env":54,"coi_social_econ":87}},{"type":"Feature","geometry":{"type":"Polygon","coordinates":[[[-79.91974,40.4725],[-79.91879,40.47451],[-79.91618,40.47849],[-79.91334,40.47873],[-79.91431,40.47529],[-79.91082,40.47514],[-79.91164,40.47014],[-79.91484,40.46884],[-79.91461,40.46742],[-79.91616,40.467],[-79.91695,40.46859],[-79.92103,40.4697],[-79.91974,40.4725]]]},"properties":{"geoid":"42003110600","population":2346,"svi_overall":1,"svi_socioeconomic":3,"svi_household":6,"svi_minority":29,"svi_housing_transport":5,"coi_level":"High","coi_rank":79,"coi_education":36,"coi_health_env":100,"coi_social_econ":86}},{"type":"Feature","geometry":{"type":"Polygon","coordinates":[[[-79.93279,40.47064],[-79.93172,40.47205],[-79.93147,40.47392],[-79.9312,40.47344],[-79.92628,40.47153],[-79.92103,40.4697],[-79.91695,40.46859],[-79.91616,40.467],[-79.91923,40.466],[-79.91991,40.46508],[-79.92164,40.46569],[-79.92426,40.4663],[-79.92813,40.46773],[-79.92752,40.46876],[-79.93279,40.47064]]]},"properties":{"geoid":"42003111300","population":2785,"svi_overall":62,"svi_socioeconomic":47,"svi_household":18,"svi_minority":53,"svi_housing_transport":95,"coi_level":"Low","coi_rank":39,"coi_education":30,"coi_health_env":40,"coi_social_econ":43}},{"type":"Feature","geometry":{"type":"Polygon","coordinates":[[[-79.93644,40.46468],[-79.93279,40.47064],[-79.92752,40.46876],[-79.93068,40.4635],[-79.93452,40.46478],[-79.93644,40.46468]]]},"properties":{"geoid":"42003111400","population":1302,"svi_overall":67,"svi_socioeconomic":73,"svi_household":6,"svi_minority":72,"svi_housing_transport":90,"coi_level":"Low","coi_rank":25,"coi_education":34,"coi_health_env":13,"coi_social_econ":27}},{"type":"Feature","geometry":{"type":"Polygon","coordinates":[[[-79.93426,40.45758],[-79.92813,40.46773],[-79.92426,40.4663],[-79.92164,40.46569],[-79.91991,40.46508],[-79.91836,40.46434],[-79.91638,40.46227],[-79.91577,40.45987],[-79.91742,40.45749],[-79.92123,40.46005],[-79.92273,40.46066],[-79.93406,40.45727],[-79.93426,40.45758]]]},"properties":{"geoid":"42003111500","population":3228,"svi_overall":79,"svi_socioeconomic":66,"svi_household":52,"svi_minority":78,"svi_housing_transport":92,"coi_level":"Very Low","coi_rank":11,"coi_education":30,"coi_health_env":12,"coi_social_econ":8}},{"type":"Feature","geometry":{"type":"Polygon","coordinates":[[[-79.90863,40.47029],[-79.90828,40.47422],[-79.90457,40.47403],[-79.89918,40.47607],[-79.89843,40.47573],[-79.89809,40.47355],[-79.89925,40.47273],[-79.89605,40.46876],[-79.89661,40.46839],[-79.89898,40.46468],[-79.90419,40.46332],[-79.90562,40.4626],[-79.90873,40.46736],[-79.90863,40.47029]]]},"properties":{"geoid":"42003120300","population":2093,"svi_overall":91,"svi_socioeconomic":83,"svi_household":97,"svi_minority":98,"svi_housing_transport":66,"coi_level":"Very Low","coi_rank":8,"coi_education":12,"coi_health_env":12,"coi_social_econ":7}},{"type":"Feature","geometry":{"type":"Polygon","coordinates":[[[-79.91923,40.466],[-79.91616,40.467],[-79.91461,40.46742],[-79.90955,40.47019],[-79.90863,40.47029],[-79.90873,40.46736],[-79.90562,40.4626],[-79.90579,40.46179],[-79.90955,40.4567],[-79.91243,40.45404],[-79.91742,40.45749],[-79.91577,40.45987],[-79.91638,40.46227],[-79.91836,40.46434],[-79.91991,40.46508],[-79.91923,40.466]]]},"properties":{"geoid":"42003120900","population":1574,"svi_overall":99,"svi_socioeconomic":94,"svi_household":97,"svi_minority":88,"svi_housing_transport":99,"coi_level":"Very Low","coi_rank":3,"coi_education":10,"coi_health_env":6,"coi_social_econ":1}},{"type":"Feature","geometry":{"type":"Polygon","coordinates":[[[-79.89756,40.4604],[-79.89756,40.46209],[-79.89267,40.46098],[-79.89269,40.46064],[-79.89045,40.46012],[-79.89108,40.45853],[-79.88838,40.45792],[-79.88773,40.45652],[-79.8881,40.45553],[-79.89853,40.45791],[-79.89756,40.4604]]]},"properties":{"geoid":"42003130200","population":1161,"svi_overall":71,"svi_socioeconomic":82,"svi_household":98,"svi_minority":89,"svi_housing_transport":6,"coi_level":"Very Low","coi_rank":4,"coi_education":10,"coi_health_env":1,"coi_social_econ":8}},{"type":"Feature","geometry":{"type":"Polygon","coordinates":[[[-79.88595,40.45508],[-79.88409,40.45549],[-79.87993,40.45525],[-79.87769,40.4571],[-79.87924,40.45916],[-79.87553,40.46156],[-79.87561,40.46069],[-79.87451,40.45927],[-79.87288,40.46063],[-79.86911,40.46098],[-79.87261,40.45754],[-79.86585,40.45575],[-79.86648,40.45277],[-79.86756,40.4494],[-79.87269,40.44937],[-79.87713,40.44981],[-79.87926,40.44976],[-79.88409,40.44915],[-79.88483,40.45199],[-79.88526,40.4527],[-79.88595,40.45508]]]},"properties":{"geoid":"42003130600","population":3505,"svi_overall":86,"svi_socioeconomic":89,"svi_household":88,"svi_minority":92,"svi_housing_transport":51,"coi_level":"Very Low","coi_rank":2,"coi_education":4,"coi_health_env":7,"coi_social_econ":1}},{"type":"Feature","geometry":{"type":"Polygon","coordinates":[[[-79.90955,40.4567],[-79.90579,40.46179],[-79.90562,40.4626],[-79.90419,40.46332],[-79.89898,40.46468],[-79.8962,40.46404],[-79.89446,40.46255],[-79.89,40.46184],[-79.87924,40.45916],[-79.87769,40.4571],[-79.87993,40.45525],[-79.88409,40.45549],[-79.88595,40.45508],[-79.8881,40.45553],[-79.88773,40.45652],[-79.88838,40.45792],[-79.89108,40.45853],[-79.89045,40.46012],[-79.89269,40.46064],[-79.89267,40.46098],[-79.89756,40.46209],[-79.89756,40.4604],[-79.89853,40.45791],[-79.90112,40.4585],[-79.90227,40.45561],[-79.90285,40.45489],[-79.90789,40.45607],[-79.90955,40.4567]]]},"properties":{"geoid":"42003130700","population":2068,"svi_overall":88,"svi_socioeconomic":81,"svi_household":99,"svi_minority":96,"svi_housing_transport":48,"coi_level":"Very Low","coi_rank":1,"coi_education":9,"coi_health_env":7,"coi_social_econ":1}},{"type":"Feature","geometry":{"type":"Polygon","coordinates":[[[-79.90315,40.45499],[-79.90285,40.45489],[-79.90227,40.45561],[-79.90112,40.4585],[-79.88595,40.45508],[-79.88526,40.4527],[-79.88483,40.45199],[-79.88409,40.44915],[-79.88593,40.44691],[-79.88819,40.44767],[-79.89045,40.44947],[-79.89243,40.45027],[-79.89279,40.45031],[-79.89876,40.45282],[-79.90313,40.45453],[-79.90531,40.45549],[-79.90315,40.45499]]]},"properties":{"geoid":"42003130800","population":2177,"svi_overall":82,"svi_socioeconomic":74,"svi_household":94,"svi_minority":94,"svi_housing_transport":48,"coi_level":"Very Low","coi_rank":1,"coi_education":7,"coi_health_env":1,"coi_social_econ":1}},{"type":"Feature","geometry":{"type":"Polygon","coordinates":[[[-79.94925,40.44135],[-79.94757,40.44341],[-79.94691,40.44452],[-79.94659,40.44492],[-79.94736,40.44711],[-79.93729,40.4478],[-79.93402,40.44686],[-79.92793,40.44413],[-79.92772,40.43805],[-79.93309,40.43771],[-79.93622,40.43763],[-79.94085,40.43897],[-79.94218,40.44045],[-79.94701,40.44149],[-79.94841,40.44087],[-79.94925,40.44135]]]},"properties":{"geoid":"42003140100","population":6118,"svi_overall":24,"svi_socioeconomic":30,"svi_household":1,"svi_minority":52,"svi_housing_transport":75,"coi_level":"Very High","coi_rank":93,"coi_education":76,"coi_health_env":77,"coi_social_econ":98}},{"type":"Feature","geometry":{"type":"Polygon","coordinates":[[[-79.93581,40.44792],[-79.92844,40.45022],[-79.92208,40.45269],[-79.92072,40.4529],[-79.92023,40.45123],[-79.92158,40.44768],[-79.92052,40.44386],[-79.92793,40.44413],[-79.93402,40.44686],[-79.93729,40.4478],[-79.93581,40.44792]]]},"properties":{"geoid":"42003140200","population":2468,"svi_overall":26,"svi_socioeconomic":37,"svi_household":1,"svi_minority":46,"svi_housing_transport":73,"coi_level":"Very High","coi_rank":87,"coi_education":71,"coi_health_env":96,"coi_social_econ":91}},{"type":"Feature","geometry":{"type":"Polygon","coordinates":[[[-79.92793,40.44413],[-79.92052,40.44386],[-79.91567,40.44479],[-79.91413,40.44636],[-79.91165,40.4467],[-79.91309,40.43804],[-79.92772,40.43805],[-79.92793,40.44413]]]},"properties":{"geoid":"42003140300","population":3405,"svi_overall":11,"svi_socioeconomic":10,"svi_household":8,"svi_minority":39,"svi_housing_transport":34,"coi_level":"Very High","coi_rank":88,"coi_education":60,"coi_health_env":64,"coi_social_econ":98}},{"type":"Feature","geometry":{"type":"Polygon","coordinates":[[[-79.92158,40.44768],[-79.92023,40.45123],[-79.92072,40.4529],[-79.91243,40.45404],[-79.90945,40.45205],[-79.9082,40.45149],[-79.91165,40.4467],[-79.91413,40.44636],[-79.91567,40.44479],[-79.92052,40.44386],[-79.92158,40.44768]]]},"properties":{"geoid":"42003140400","population":2254,"svi_overall":0,"svi_socioeconomic":2,"svi_household":9,"svi_minority":26,"svi_housing_transport":1,"coi_level":"Very High","coi_rank":96,"coi_education":54,"coi_health_env":74,"coi_social_econ":100}},{"type":"Feature","geometry":{"type":"Polygon","coordinates":[[[-79.90955,40.4567],[-79.90789,40.45607],[-79.90531,40.45549],[-79.90313,40.45453],[-79.89876,40.45282],[-79.89279,40.45031],[-79.89243,40.45027],[-79.89323,40.4465],[-79.9082,40.45149],[-79.90945,40.45205],[-79.91243,40.45404],[-79.90955,40.4567]]]},"properties":{"geoid":"42003140500","population":1884,"svi_overall":16,"svi_socioeconomic":4,"svi_household":19,"svi_minority":59,"svi_housing_transport":40,"coi_level":"Low","coi_rank":39,"coi_education":25,"coi_health_env":38,"coi_social_econ":49}},{"type":"Feature","geometry":{"type":"Polygon","coordinates":[[[-79.92315,40.43236],[-79.92284,40.43476],[-79.92299,40.43806],[-79.91148,40.43802],[-79.90909,40.43706],[-79.90908,40.43398],[-79.91511,40.4314],[-79.91534,40.42989],[-79.90747,40.42649],[-79.91249,40.42648],[-79.91486,40.42803],[-79.91556,40.42788],[-79.92349,40.42975],[-79.92315,40.43236]]]},"properties":{"geoid":"42003140800","population":4919,"svi_overall":27,"svi_socioeconomic":13,"svi_household":50,"svi_minority":40,"svi_housing_transport":44,"coi_level":"High","coi_rank":70,"coi_education":62,"coi_health_env":58,"coi_social_econ":74}},{"type":"Feature","geometry":{"type":"Polygon","coordinates":[[[-79.91633,40.41671],[-79.91405,40.41921],[-79.91205,40.41986],[-79.90829,40.42404],[-79.90723,40.4241],[-79.90612,40.42608],[-79.9041,40.42613],[-79.90137,40.42724],[-79.89701,40.4265],[-79.8936,40.42664],[-79.89218,40.4279],[-79.89101,40.4272],[-79.8942,40.42556],[-79.89672,40.42647],[-79.89721,40.42607],[-79.89963,40.41546],[-79.90152,40.41589],[-79.90598,40.41571],[-79.91147,40.41485],[-79.91561,40.41571],[-79.91633,40.41671]]]},"properties":{"geoid":"42003141100","population":1432,"svi_overall":2,"svi_socioeconomic":12,"svi_household":7,"svi_minority":17,"svi_housing_transport":4,"coi_level":"High","coi_rank":79,"coi_education":61,"coi_health_env":88,"coi_social_econ":81}},{"type":"Feature","geometry":{"type":"Polygon","coordinates":[[[-79.91016,40.44877],[-79.9082,40.45149],[-79.89323,40.4465],[-79.89709,40.42779],[-79.8951,40.42817],[-79.89377,40.42693],[-79.89218,40.4279],[-79.8936,40.42664],[-79.89701,40.4265],[-79.90137,40.42724],[-79.89868,40.43558],[-79.89902,40.43763],[-79.90027,40.43952],[-79.89949,40.43956],[-79.89968,40.44006],[-79.89877,40.44385],[-79.90136,40.44584],[-79.90312,40.44641],[-79.90588,40.44437],[-79.90873,40.4445],[-79.90829,40.44595],[-79.91144,40.44699],[-79.91016,40.44877]]]},"properties":{"geoid":"42003141200","population":4081,"svi_overall":7,"svi_socioeconomic":1,"svi_household":16,"svi_minority":31,"svi_housing_transport":28,"coi_level":"Very High","coi_rank":84,"coi_education":47,"coi_health_env":85,"coi_social_econ":95}},{"type":"Feature","geometry":{"type":"Polygon","coordinates":[[[-79.93305,40.43344],[-79.93404,40.43771],[-79.93309,40.43771],[-79.92695,40.43808],[-79.92299,40.43806],[-79.92284,40.43476],[-79.92349,40.42975],[-79.92676,40.42816],[-79.9305,40.42892],[-79.93323,40.42894],[-79.93267,40.43203],[-79.93457,40.43226],[-79.93305,40.43344]]]},"properties":{"geoid":"42003141300","population":5136,"svi_overall":53,"svi_socioeconomic":40,"svi_household":13,"svi_minority":46,"svi_housing_transport":92,"coi_level":"Moderate","coi_rank":52,"coi_education":54,"coi_health_env":64,"coi_social_econ":48}},{"type":"Feature","geometry":{"type":"Polygon","coordinates":[[[-79.92816,40.42753],[-79.92349,40.42975],[-79.91556,40.42788],[-79.91486,40.42803],[-79.91249,40.42648],[-79.90747,40.42649],[-79.90601,40.42777],[-79.90612,40.42608],[-79.90723,40.4241],[-79.90829,40.42404],[-79.91205,40.41986],[-79.91405,40.41921],[-79.91633,40.41671],[-79.91561,40.41571],[-79.91147,40.41485],[-79.91541,40.41323],[-79.91858,40.41076],[-79.92131,40.41237],[-79.92278,40.41181],[-79.92285,40.41294],[-79.92497,40.41506],[-79.92678,40.41892],[-79.9261,40.41955],[-79.92628,40.4236],[-79.92574,40.42543],[-79.92671,40.42586],[-79.9271,40.42677],[-79.92816,40.42753]]]},"properties":{"geoid":"42003141400","population":4997,"svi_overall":35,"svi_socioeconomic":16,"svi_household":16,"svi_minority":47,"svi_housing_transport":83,"coi_level":"High","coi_rank":73,"coi_education":65,"coi_health_env":21,"coi_social_econ":85}},{"type":"Feature","geometry":{"type":"Polygon","coordinates":[[[-79.95229,40.42518],[-79.95211,40.42577],[-79.95196,40.42602],[-79.95043,40.42761],[-79.94966,40.4292],[-79.9494,40.42889],[-79.94685,40.42848],[-79.94186,40.43011],[-79.93973,40.42931],[-79.93984,40.41896],[-79.94104,40.41888],[-79.94763,40.42207],[-79.94984,40.42567],[-79.95204,40.42492],[-79.95229,40.42491],[-79.95229,40.42518]]]},"properties":{"geoid":"42003151600","population":2425,"svi_overall":28,"svi_socioeconomic":37,"svi_household":64,"svi_minority":28,"svi_housing_transport":13,"coi_level":"Moderate","coi_rank":42,"coi_education":28,"coi_health_env":41,"coi_social_econ":51}},{"type":"Feature","geometry":{"type":"Polygon","coordinates":[[[-79.93979,40.42619],[-79.93973,40.42931],[-79.93905,40.42886],[-79.9305,40.42892],[-79.92676,40.42816],[-79.92816,40.42753],[-79.9271,40.42677],[-79.92671,40.42586],[-79.92574,40.42543],[-79.92628,40.4236],[-79.9261,40.41955],[-79.92678,40.41892],[-79.92817,40.41969],[-79.92922,40.41976],[-79.92916,40.41895],[-79.93311,40.41981],[-79.93369,40.41974],[-79.93383,40.4198],[-79.93801,40.41912],[-79.93984,40.41896],[-79.93979,40.42619]]]},"properties":{"geoid":"42003151700","population":4919,"svi_overall":35,"svi_socioeconomic":47,"svi_household":59,"svi_minority":38,"svi_housing_transport":16,"coi_level":"Moderate","coi_rank":44,"coi_education":28,"coi_health_env":25,"coi_social_econ":58}},{"type":"Feature","geometry":{"type":"Polygon","coordinates":[[[-79.97987,40.42137],[-79.97671,40.42396],[-79.97661,40.42513],[-79.97211,40.42489],[-79.96598,40.42414],[-79.96496,40.42374],[-79.96129,40.42126],[-79.96162,40.42125],[-79.96548,40.41738],[-79.96675,40.41719],[-79.9673,40.41721],[-79.97038,40.41764],[-79.97095,40.41765],[-79.97603,40.41717],[-79.97887,40.41796],[-79.97918,40.42114],[-79.97987,40.42137]]]},"properties":{"geoid":"42003160800","population":2334,"svi_overall":42,"svi_socioeconomic":51,"svi_household":30,"svi_minority":26,"svi_housing_transport":46,"coi_level":"Very Low","coi_rank":19,"coi_education":12,"coi_health_env":11,"coi_social_econ":29}},{"type":"Feature","geometry":{"type":"Polygon","coordinates":[[[-79.97627,40.42851],[-79.97582,40.43176],[-79.97378,40.43118],[-79.97351,40.43388],[-79.9602,40.42855],[-79.95598,40.42458],[-79.95458,40.42078],[-79.95296,40.41067],[-79.9551,40.41055],[-79.95526,40.41107],[-79.95584,40.41095],[-79.95576,40.41428],[-79.95739,40.41845],[-79.96129,40.42126],[-79.96496,40.42374],[-79.96598,40.42414],[-79.97211,40.42489],[-79.97661,40.42513],[-79.97627,40.42851]]]},"properties":{"geoid":"42003160900","population":3303,"svi_overall":16,"svi_socioeconomic":39,"svi_household":1,"svi_minority":17,"svi_housing_transport":58,"coi_level":"Low","coi_rank":32,"coi_education":19,"coi_health_env":8,"coi_social_econ":56}},{"type":"Feature","geometry":{"type":"Polygon","coordinates":[[[-79.98226,40.41767],[-79.98061,40.41773],[-79.97887,40.41796],[-79.97603,40.41717],[-79.97095,40.41765],[-79.97038,40.41764],[-79.9673,40.41721],[-79.96675,40.41719],[-79.96548,40.41738],[-79.96162,40.42125],[-79.96129,40.42126],[-79.95739,40.41845],[-79.95576,40.41428],[-79.95584,40.41095],[-79.95526,40.41107],[-79.9551,40.41055],[-79.95637,40.41064],[-79.96283,40.40968],[-79.96932,40.40549],[-79.97656,40.40393],[-79.9759,40.40438],[-79.98109,40.40785],[-79.9808,40.40949],[-79.98157,40.41042],[-79.9818,40.41412],[-79.98226,40.41767]]]},"properties":{"geoid":"42003161000","population":2902,"svi_overall":69,"svi_socioeconomic":82,"svi_household":65,"svi_minority":63,"svi_housing_transport":34,"coi_level":"Very Low","coi_rank":7,"coi_education":12,"coi_health_env":5,"coi_social_econ":9}},{"type":"Feature","geometry":{"type":"Polygon","coordinates":[[[-79.99674,40.43281],[-79.99341,40.43262],[-79.98811,40.43261],[-79.97583,40.43432],[-79.97351,40.43388],[-79.97378,40.43118],[-79.97582,40.43176],[-79.97627,40.42851],[-79.97661,40.42513],[-79.98628,40.42576],[-79.98749,40.42605],[-79.99881,40.42976],[-79.99674,40.43281]]]},"properties":{"geoid":"42003170200","population":3882,"svi_overall":13,"svi_socioeconomic":52,"svi_household":1,"svi_minority":40,"svi_housing_transport":22,"coi_level":"Low","coi_rank":32,"coi_education":12,"coi_health_env":5,"coi_social_econ":62}},{"type":"Feature","geometry":{"type":"Polygon","coordinates":[[[-79.99881,40.42976],[-79.98749,40.42605],[-79.98628,40.42576],[-79.97661,40.42513],[-79.97671,40.42396],[-79.97987,40.42137],[-79.97918,40.42114],[-79.97887,40.41796],[-79.98061,40.41773],[-79.98637,40.41756],[-79.98819,40.41852],[-79.98816,40.42009],[-79.98825,40.4219],[-79.98869,40.42285],[-79.98773,40.42487],[-79.99036,40.42506],[-79.99679,40.4282],[-79.99806,40.42892],[-79.99927,40.42915],[-79.99881,40.42976]]]},"properties":{"geoid":"42003170600","population":1630,"svi_overall":33,"svi_socioeconomic":54,"svi_household":6,"svi_minority":35,"svi_housing_transport":46,"coi_level":"Low","coi_rank":25,"coi_education":9,"coi_health_env":8,"coi_social_econ":52}},{"type":"Feature","geometry":{"type":"Polygon","coordinates":[[[-80.00222,40.42856],[-80.00163,40.42887],[-79.99956,40.42812],[-79.99679,40.4282],[-79.99036,40.42506],[-79.98773,40.42487],[-79.98869,40.42285],[-79.98825,40.4219],[-79.98816,40.42009],[-79.98819,40.41852],[-79.99728,40.41827],[-79.99758,40.42672],[-80.00384,40.42784],[-80.00222,40.42856]]]},"properties":{"geoid":"42003180300","population":1966,"svi_overall":53,"svi_socioeconomic":51,"svi_household":11,"svi_minority":62,"svi_housing_transport":80,"coi_level":"Very Low","coi_rank":8,"coi_education":5,"coi_health_env":15,"coi_social_econ":8}},{"type":"Feature","geometry":{"type":"Polygon","coordinates":[[[-80.00561,40.42702],[-80.00384,40.42784],[-79.99758,40.42672],[-79.9974,40.42166],[-79.99826,40.42145],[-80.00247,40.42178],[-80.00275,40.42227],[-80.00495,40.42221],[-80.0051,40.42551],[-80.00561,40.42702]]]},"properties":{"geoid":"42003180700","population":2259,"svi_overall":51,"svi_socioeconomic":59,"svi_household":48,"svi_minority":55,"svi_housing_transport":36,"coi_level":"Low","coi_rank":31,"coi_education":19,"coi_health_env":28,"coi_social_econ":42}},{"type":"Feature","geometry":{"type":"Polygon","coordinates":[[[-80.02062,40.42619],[-80.01798,40.43481],[-80.01918,40.43499],[-80.01873,40.43836],[-80.01773,40.43974],[-80.0164,40.43814],[-80.01383,40.4376],[-80.01161,40.43576],[-80.00447,40.43126],[-80.00271,40.43054],[-80.00406,40.43015],[-80.00493,40.43051],[-80.00991,40.43335],[-80.01072,40.4309],[-80.01362,40.43028],[-80.01703,40.42709],[-80.01993,40.42583],[-80.02062,40.42619]]]},"properties":{"geoid":"42003190300","population":1913,"svi_overall":15,"svi_socioeconomic":37,"svi_household":8,"svi_minority":7,"svi_housing_transport":23,"coi_level":"Moderate","coi_rank":57,"coi_education":35,"coi_health_env":40,"coi_social_econ":68}},{"type":"Feature","geometry":{"type":"Polygon","coordinates":[[[-80.03285,40.43921],[-80.0285,40.44395],[-80.01773,40.43974],[-80.01873,40.43836],[-80.01918,40.43499],[-80.01798,40.43481],[-80.02062,40.42619],[-80.02113,40.42519],[-80.02452,40.42649],[-80.02804,40.43008],[-80.02669,40.43131],[-80.02858,40.43339],[-80.03249,40.43565],[-80.03285,40.43921]]]},"properties":{"geoid":"42003191100","population":2276,"svi_overall":28,"svi_socioeconomic":23,"svi_household":30,"svi_minority":10,"svi_housing_transport":56,"coi_level":"Moderate","coi_rank":58,"coi_education":20,"coi_health_env":53,"coi_social_econ":80}},{"type":"Feature","geometry":{"type":"Polygon","coordinates":[[[-80.02113,40.42519],[-80.02062,40.42619],[-80.01993,40.42583],[-80.01703,40.42709],[-80.01362,40.43028],[-80.01072,40.4309],[-80.00991,40.43335],[-80.00493,40.43051],[-80.00406,40.43015],[-80.00271,40.43054],[-80.0013,40.4299],[-79.99927,40.42915],[-79.99806,40.42892],[-79.99679,40.4282],[-79.99956,40.42812],[-80.00163,40.42887],[-80.00561,40.42702],[-80.00781,40.42621],[-80.00912,40.42427],[-80.01027,40.42458],[-80.01234,40.42245],[-80.01631,40.42197],[-80.0196,40.42399],[-80.02104,40.42344],[-80.02113,40.42519]]]},"properties":{"geoid":"42003191400","population":2429,"svi_overall":27,"svi_socioeconomic":43,"svi_household":8,"svi_minority":27,"svi_housing_transport":42,"coi_level":"Moderate","coi_rank":41,"coi_education":22,"coi_health_env":16,"coi_social_econ":58}},{"type":"Feature","geometry":{"type":"Polygon","coordinates":[[[-80.0196,40.42399],[-80.01631,40.42197],[-80.01234,40.42245],[-80.01027,40.42458],[-80.00912,40.42427],[-80.00781,40.42621],[-80.00561,40.42702],[-80.0051,40.42551],[-80.00495,40.42221],[-80.00275,40.42227],[-80.00247,40.42178],[-80.00237,40.4211],[-80.00491,40.42079],[-80.00768,40.4201],[-80.00864,40.41952],[-80.0106,40.41791],[-80.01136,40.41508],[-80.00957,40.41403],[-80.00997,40.41309],[-80.01477,40.41493],[-80.01615,40.41806],[-80.01619,40.42033],[-80.0164,40.42086],[-80.01742,40.42197],[-80.0196,40.42399]]]},"properties":{"geoid":"42003191500","population":1995,"svi_overall":22,"svi_socioeconomic":51,"svi_household":1,"svi_minority":17,"svi_housing_transport":52,"coi_level":"Low","coi_rank":33,"coi_education":15,"coi_health_env":24,"coi_social_econ":49}},{"type":"Feature","geometry":{"type":"Polygon","coordinates":[[[-80.03166,40.40989],[-80.03011,40.41429],[-80.02989,40.41592],[-80.02959,40.42244],[-80.02995,40.42394],[-80.03092,40.42492],[-80.03049,40.4279],[-80.02804,40.43008],[-80.02452,40.42649],[-80.02113,40.42519],[-80.02104,40.42344],[-80.0196,40.42399],[-80.01742,40.42197],[-80.0164,40.42086],[-80.01619,40.42033],[-80.01615,40.41806],[-80.01477,40.41493],[-80.00997,40.41309],[-80.01149,40.41169],[-80.01554,40.41044],[-80.01778,40.40846],[-80.01974,40.40921],[-80.02176,40.41058],[-80.02284,40.41064],[-80.02468,40.41058],[-80.02477,40.40871],[-80.02698,40.40712],[-80.02734,40.40858],[-80.02981,40.40902],[-80.03097,40.4094],[-80.03195,40.40936],[-80.03166,40.40989]]]},"properties":{"geoid":"42003191600","population":4076,"svi_overall":29,"svi_socioeconomic":41,"svi_household":50,"svi_minority":44,"svi_housing_transport":12,"coi_level":"Low","coi_rank":33,"coi_education":23,"coi_health_env":38,"coi_social_econ":39}},{"type":"Feature","geometry":{"type":"Polygon","coordinates":[[[-80.0221,40.40179],[-80.02065,40.40296],[-80.01918,40.40432],[-80.01805,40.408],[-80.01778,40.40846],[-80.01554,40.41044],[-80.01149,40.41169],[-80.00997,40.41309],[-80.00896,40.41251],[-80.00566,40.40873],[-80.00558,40.4065],[-80.00266,40.40414],[-80.00161,40.40192],[-80.00879,40.39953],[-80.01339,40.39669],[-80.01398,40.39608],[-80.01502,40.39296],[-80.01639,40.39267],[-80.01567,40.39652],[-80.01607,40.39663],[-80.01797,40.39801],[-80.0187,40.39742],[-80.02118,40.39922],[-80.02036,40.40002],[-80.02382,40.40013],[-80.0221,40.40179]]]},"properties":{"geoid":"42003191700","population":3427,"svi_overall":39,"svi_socioeconomic":31,"svi_household":50,"svi_minority":29,"svi_housing_transport":54,"coi_level":"Low","coi_rank":24,"coi_education":18,"coi_health_env":16,"coi_social_econ":35}},{"type":"Feature","geometry":{"type":"Polygon","coordinates":[[[-80.0307,40.39536],[-80.02753,40.39423],[-80.02636,40.39428],[-80.02431,40.39532],[-80.02367,40.39624],[-80.02155,40.39486],[-80.01774,40.39212],[-80.01671,40.39182],[-80.01314,40.39216],[-80.00936,40.39237],[-80.00981,40.39085],[-80.00847,40.39011],[-80.00743,40.38884],[-80.00769,40.38723],[-80.00597,40.38362],[-80.00768,40.38302],[-80.00764,40.38113],[-80.01258,40.3809],[-80.01416,40.38577],[-80.01633,40.38521],[-80.01711,40.38632],[-80.01816,40.38646],[-80.02783,40.39161],[-80.0287,40.3913],[-80.03077,40.39501],[-80.0307,40.39536]]]},"properties":{"geoid":"42003191800","population":5106,"svi_overall":51,"svi_socioeconomic":53,"svi_household":61,"svi_minority":29,"svi_housing_transport":45,"coi_level":"Low","coi_rank":30,"coi_education":22,"coi_health_env":15,"coi_social_econ":42}},{"type":"Feature","geometry":{"type":"Polygon","coordinates":[[[-80.03115,40.39662],[-80.02624,40.39832],[-80.02382,40.40013],[-80.02036,40.40002],[-80.02118,40.39922],[-80.0187,40.39742],[-80.01797,40.39801],[-80.01607,40.39663],[-80.01567,40.39652],[-80.01639,40.39267],[-80.01502,40.39296],[-80.01527,40.39191],[-80.01671,40.39182],[-80.01774,40.39212],[-80.02155,40.39486],[-80.02367,40.39624],[-80.02431,40.39532],[-80.02636,40.39428],[-80.02753,40.39423],[-80.0307,40.39536],[-80.03115,40.39662]]]},"properties":{"geoid":"42003191900","population":2159,"svi_overall":37,"svi_socioeconomic":45,"svi_household":61,"svi_minority":8,"svi_housing_transport":30,"coi_level":"Low","coi_rank":29,"coi_education":25,"coi_health_env":33,"coi_social_econ":32}},{"type":"Feature","geometry":{"type":"Polygon","coordinates":[[[-80.03563,40.40171],[-80.03559,40.4043],[-80.03635,40.40427],[-80.0363,40.40529],[-80.03378,40.40618],[-80.03329,40.40751],[-80.03261,40.40821],[-80.03195,40.40936],[-80.03097,40.4094],[-80.02981,40.40902],[-80.02734,40.40858],[-80.02698,40.40712],[-80.02477,40.40871],[-80.02468,40.41058],[-80.02284,40.41064],[-80.02176,40.41058],[-80.01974,40.40921],[-80.01778,40.40846],[-80.01805,40.408],[-80.01918,40.40432],[-80.02065,40.40296],[-80.0221,40.40179],[-80.02382,40.40013],[-80.02624,40.39832],[-80.02939,40.39721],[-80.03176,40.4001],[-80.03198,40.40105],[-80.03249,40.40174],[-80.03658,40.40082],[-80.03563,40.40171]]]},"properties":{"geoid":"42003192000","population":3571,"svi_overall":62,"svi_socioeconomic":39,"svi_household":50,"svi_minority":39,"svi_housing_transport":92,"coi_level":"Very Low","coi_rank":19,"coi_education":16,"coi_health_env":12,"coi_social_econ":28}},{"type":"Feature","geometry":{"type":"Polygon","coordinates":[[[-80.07216,40.45328],[-80.06692,40.45633],[-80.0669,40.45735],[-80.06722,40.45776],[-80.06697,40.45979],[-80.06282,40.4612],[-80.0619,40.45795],[-80.06208,40.45636],[-80.05838,40.4543],[-80.05631,40.45396],[-80.05458,40.45329],[-80.05453,40.45261],[-80.05996,40.45068],[-80.06284,40.44855],[-80.0654,40.45026],[-80.06944,40.45158],[-80.07216,40.45328]]]},"properties":{"geoid":"42003202200","population":2548,"svi_overall":39,"svi_socioeconomic":36,"svi_household":46,"svi_minority":60,"svi_housing_transport":35,"coi_level":"Very Low","coi_rank":11,"coi_education":2,"coi_health_env":25,"coi_social_econ":14}},{"type":"Feature","geometry":{"type":"Polygon","coordinates":[[[-80.0476,40.40779],[-80.03962,40.42068],[-80.03397,40.42006],[-80.03188,40.4208],[-80.03076,40.42211],[-80.03092,40.42492],[-80.02995,40.42394],[-80.02959,40.42244],[-80.02989,40.41592],[-80.03011,40.41429],[-80.03166,40.40989],[-80.03261,40.40821],[-80.03329,40.40751],[-80.03378,40.40618],[-80.0363,40.40529],[-80.03635,40.40427],[-80.04186,40.39944],[-80.04489,40.39907],[-80.05121,40.40195],[-80.0476,40.40779]]]},"properties":{"geoid":"42003202300","population":3677,"svi_overall":24,"svi_socioeconomic":8,"svi_household":27,"svi_minority":48,"svi_housing_transport":56,"coi_level":"Low","coi_rank":36,"coi_education":18,"coi_health_env":41,"coi_social_econ":52}},{"type":"Feature","geometry":{"type":"Polygon","coordinates":[[[-79.99319,40.46123],[-79.98834,40.46211],[-79.98669,40.46644],[-79.98798,40.47003],[-79.98969,40.4709],[-79.99146,40.47361],[-79.99228,40.47356],[-79.99342,40.47667],[-79.99503,40.47737],[-79.9881,40.47677],[-79.98752,40.47555],[-79.98387,40.46633],[-79.98296,40.46727],[-79.98182,40.46935],[-79.97882,40.47153],[-79.9772,40.47086],[-79.97468,40.46944],[-79.97077,40.47067],[-79.97156,40.469],[-79.97602,40.4631],[-79.97964,40.46009],[-79.98062,40.45905],[-79.99079,40.4516],[-79.99345,40.45383],[-79.99228,40.45478],[-79.9943,40.45494],[-79.99467,40.45541],[-79.99131,40.45674],[-79.9929,40.45746],[-79.99548,40.45811],[-79.99319,40.46123]]]},"properties":{"geoid":"42003241300","population":3458,"svi_overall":46,"svi_socioeconomic":48,"svi_household":13,"svi_minority":41,"svi_housing_transport":72,"coi_level":"Low","coi_rank":21,"coi_education":3,"coi_health_env":10,"coi_social_econ":45}},{"type":"Feature","geometry":{"type":"Polygon","coordinates":[[[-80.01005,40.46511],[-80.00385,40.46573],[-80.00578,40.46714],[-80.00221,40.46845],[-80.0003,40.46571],[-79.99997,40.46474],[-79.99981,40.46264],[-79.99973,40.45989],[-80.00098,40.45943],[-80.00224,40.45869],[-80.00766,40.45891],[-80.00874,40.46122],[-80.00884,40.46234],[-80.00954,40.46345],[-80.01005,40.46511]]]},"properties":{"geoid":"42003250900","population":1268,"svi_overall":50,"svi_socioeconomic":60,"svi_household":29,"svi_minority":70,"svi_housing_transport":38,"coi_level":"Very Low","coi_rank":9,"coi_education":3,"coi_health_env":46,"coi_social_econ":8}},{"type":"Feature","geometry":{"type":"Polygon","coordinates":[[[-80.0278,40.49613],[-80.0259,40.49681],[-80.02543,40.49534],[-80.02291,40.4953],[-80.02199,40.49385],[-80.02014,40.49595],[-80.02008,40.49772],[-80.0176,40.49734],[-80.01408,40.4965],[-80.01251,40.49671],[-80.0107,40.49055],[-80.00975,40.48635],[-80.01093,40.4876],[-80.01475,40.48802],[-80.01835,40.48952],[-80.01642,40.48803],[-80.01527,40.48461],[-80.01394,40.48431],[-80.01814,40.4827],[-80.01645,40.4861],[-80.01888,40.48673],[-80.02033,40.4883],[-80.01922,40.49001],[-80.02143,40.48991],[-80.02156,40.49134],[-80.02315,40.48719],[-80.02514,40.48686],[-80.02452,40.48566],[-80.02512,40.48526],[-80.02505,40.48575],[-80.02779,40.49111],[-80.0278,40.49613]]]},"properties":{"geoid":"42003260200","population":2167,"svi_overall":59,"svi_socioeconomic":62,"svi_household":57,"svi_minority":54,"svi_housing_transport":48,"coi_level":"Very Low","coi_rank":19,"coi_education":3,"coi_health_env":30,"coi_social_econ":29}},{"type":"Feature","geometry":{"type":"Polygon","coordinates":[[[-80.01835,40.48952],[-80.01475,40.48802],[-80.01093,40.4876],[-80.00975,40.48635],[-80.00898,40.48349],[-80.00785,40.48313],[-80.00756,40.48169],[-80.00776,40.47671],[-80.01063,40.47635],[-80.01125,40.47496],[-80.01443,40.47478],[-80.01587,40.47673],[-80.01422,40.47745],[-80.01286,40.47816],[-80.01267,40.47874],[-80.01196,40.4787],[-80.01175,40.47973],[-80.01379,40.48197],[-80.01365,40.48424],[-80.01527,40.48461],[-80.01642,40.48803],[-80.01835,40.48952]]]},"properties":{"geoid":"42003260700","population":1618,"svi_overall":24,"svi_socioeconomic":32,"svi_household":5,"svi_minority":54,"svi_housing_transport":45,"coi_level":"Low","coi_rank":24,"coi_education":3,"coi_health_env":29,"coi_social_econ":42}},{"type":"Feature","geometry":{"type":"Polygon","coordinates":[[[-80.01783,40.49736],[-80.01699,40.49984],[-80.01304,40.49874],[-80.01226,40.49889],[-80.01102,40.5009],[-80.01068,40.4991],[-80.00394,40.49629],[-80.00322,40.48295],[-80.00177,40.48244],[-80.00169,40.48009],[-79.99652,40.47919],[-79.99535,40.47737],[-79.99584,40.47454],[-79.99761,40.4746],[-80.0005,40.47418],[-80.005,40.47222],[-80.00747,40.4759],[-80.00776,40.47671],[-80.00756,40.48169],[-80.00785,40.48313],[-80.00898,40.48349],[-80.00975,40.48635],[-80.0107,40.49055],[-80.01251,40.49671],[-80.01408,40.4965],[-80.01783,40.49736]]]},"properties":{"geoid":"42003261300","population":2996,"svi_overall":84,"svi_socioeconomic":78,"svi_household":94,"svi_minority":77,"svi_housing_transport":59,"coi_level":"Very Low","coi_rank":6,"coi_education":2,"coi_health_env":36,"coi_social_econ":5}},{"type":"Feature","geometry":{"type":"Polygon","coordinates":[[[-80.02062,40.46531],[-80.01575,40.46796],[-80.01397,40.46986],[-80.0127,40.47022],[-80.00726,40.47128],[-80.005,40.47222],[-80.00221,40.46845],[-80.00578,40.46714],[-80.00385,40.46573],[-80.01005,40.46511],[-80.00954,40.46345],[-80.00884,40.46234],[-80.00874,40.46122],[-80.01033,40.45989],[-80.01295,40.46022],[-80.01642,40.45928],[-80.0183,40.4604],[-80.01897,40.46152],[-80.02057,40.46298],[-80.02062,40.46531]]]},"properties":{"geoid":"42003261400","population":2174,"svi_overall":86,"svi_socioeconomic":81,"svi_household":65,"svi_minority":72,"svi_housing_transport":89,"coi_level":"Very Low","coi_rank":14,"coi_education":7,"coi_health_env":10,"coi_social_econ":20}},{"type":"Feature","geometry":{"type":"Polygon","coordinates":[[[-80.02583,40.47062],[-80.02263,40.47218],[-80.01718,40.47232],[-80.01737,40.4773],[-80.01422,40.47745],[-80.01587,40.47673],[-80.01443,40.47478],[-80.01125,40.47496],[-80.01063,40.47635],[-80.00776,40.47671],[-80.00747,40.4759],[-80.005,40.47222],[-80.00726,40.47128],[-80.0127,40.47022],[-80.01397,40.46986],[-80.01575,40.46796],[-80.02062,40.46531],[-80.02057,40.46298],[-80.02204,40.46339],[-80.02271,40.46379],[-80.02478,40.46559],[-80.0254,40.46929],[-80.02583,40.47062]]]},"properties":{"geoid":"42003261500","population":1871,"svi_overall":79,"svi_socioeconomic":85,"svi_household":67,"svi_minority":81,"svi_housing_transport":56,"coi_level":"Very Low","coi_rank":8,"coi_education":6,"coi_health_env":5,"coi_social_econ":12}},{"type":"Feature","geometry":{"type":"Polygon","coordinates":[[[-80.005,40.47222],[-80.0005,40.47418],[-79.99761,40.4746],[-79.99755,40.47299],[-79.99186,40.47314],[-79.99228,40.47356],[-79.99146,40.47361],[-79.98969,40.4709],[-79.98798,40.47003],[-79.98669,40.46644],[-79.98834,40.46211],[-79.99319,40.46123],[-79.99647,40.45931],[-79.9984,40.4588],[-79.99901,40.45872],[-79.99973,40.45989],[-79.99981,40.46264],[-79.99997,40.46474],[-80.0003,40.46571],[-80.00221,40.46845],[-80.005,40.47222]]]},"properties":{"geoid":"42003262000","population":2466,"svi_overall":85,"svi_socioeconomic":70,"svi_household":92,"svi_minority":52,"svi_housing_transport":87,"coi_level":"Very Low","coi_rank":12,"coi_education":1,"coi_health_env":76,"coi_social_econ":12}},{"type":"Feature","geometry":{"type":"Polygon","coordinates":[[[-80.05318,40.48218],[-80.0511,40.48379],[-80.04991,40.48553],[-80.04645,40.48717],[-80.04325,40.48958],[-80.04095,40.48765],[-80.03684,40.48665],[-80.03582,40.48432],[-80.03516,40.48241],[-80.03396,40.48171],[-80.04282,40.47968],[-80.04304,40.47894],[-80.04395,40.47853],[-80.0484,40.47711],[-80.05173,40.48129],[-80.05318,40.48218]]]},"properties":{"geoid":"42003270100","population":2459,"svi_overall":26,"svi_socioeconomic":29,"svi_household":31,"svi_minority":32,"svi_housing_transport":30,"coi_level":"Low","coi_rank":21,"coi_education":6,"coi_health_env":28,"coi_social_econ":33}},{"type":"Feature","geometry":{"type":"Polygon","coordinates":[[[-80.04282,40.47968],[-80.03396,40.48171],[-80.03085,40.47905],[-80.03172,40.4765],[-80.03288,40.47635],[-80.03403,40.47588],[-80.03512,40.4751],[-80.03486,40.4742],[-80.0365,40.47263],[-80.03653,40.47491],[-80.03787,40.47287],[-80.03771,40.47178],[-80.0382,40.47271],[-80.04304,40.47894],[-80.04282,40.47968]]]},"properties":{"geoid":"42003270300","population":2213,"svi_overall":63,"svi_socioeconomic":64,"svi_household":43,"svi_minority":71,"svi_housing_transport":58,"coi_level":"Very Low","coi_rank":12,"coi_education":3,"coi_health_env":16,"coi_social_econ":18}},{"type":"Feature","geometry":{"type":"Polygon","coordinates":[[[-80.04325,40.48958],[-80.04072,40.49146],[-80.03749,40.49007],[-80.03545,40.49094],[-80.02779,40.49111],[-80.02505,40.48575],[-80.02568,40.48276],[-80.02559,40.48075],[-80.02994,40.477],[-80.03172,40.4765],[-80.03085,40.47905],[-80.03396,40.48171],[-80.03516,40.48241],[-80.03582,40.48432],[-80.03684,40.48665],[-80.04095,40.48765],[-80.04325,40.48958]]]},"properties":{"geoid":"42003270800","population":2375,"svi_overall":47,"svi_socioeconomic":40,"svi_household":12,"svi_minority":46,"svi_housing_transport":85,"coi_level":"Low","coi_rank":32,"coi_education":20,"coi_health_env":41,"coi_social_econ":38}},{"type":"Feature","geometry":{"type":"Polygon","coordinates":[[[-80.03787,40.47287],[-80.03653,40.47491],[-80.0365,40.47263],[-80.03486,40.4742],[-80.03512,40.4751],[-80.03403,40.47588],[-80.03288,40.47635],[-80.03172,40.4765],[-80.02994,40.477],[-80.02559,40.48075],[-80.02568,40.48276],[-80.02351,40.4794],[-80.026,40.47938],[-80.0273,40.47674],[-80.02294,40.47658],[-80.01972,40.4766],[-80.01737,40.4773],[-80.01718,40.47232],[-80.02263,40.47218],[-80.02583,40.47062],[-80.0254,40.46929],[-80.02478,40.46559],[-80.02271,40.46379],[-80.02942,40.46309],[-80.03078,40.46213],[-80.03542,40.46751],[-80.03771,40.47178],[-80.03787,40.47287]]]},"properties":{"geoid":"42003271600","population":4310,"svi_overall":52,"svi_socioeconomic":65,"svi_household":28,"svi_minority":70,"svi_housing_transport":38,"coi_level":"Very Low","coi_rank":7,"coi_education":1,"coi_health_env":19,"coi_social_econ":10}},{"type":"Feature","geometry":{"type":"Polygon","coordinates":[[[-80.06284,40.44855],[-80.05996,40.45068],[-80.05453,40.45261],[-80.05265,40.45214],[-80.05128,40.45154],[-80.04528,40.45043],[-80.04401,40.44777],[-80.04411,40.44727],[-80.04345,40.44575],[-80.04161,40.44498],[-80.04279,40.444],[-80.04357,40.44406],[-80.04579,40.44234],[-80.04531,40.44196],[-80.04673,40.44111],[-80.0546,40.44372],[-80.0585,40.4446],[-80.06094,40.44671],[-80.0619,40.44781],[-80.06284,40.44855]]]},"properties":{"geoid":"42003281400","population":2471,"svi_overall":48,"svi_socioeconomic":67,"svi_household":43,"svi_minority":63,"svi_housing_transport":20,"coi_level":"Very Low","coi_rank":11,"coi_education":2,"coi_health_env":69,"coi_social_econ":12}},{"type":"Feature","geometry":{"type":"Polygon","coordinates":[[[-80.06067,40.44209],[-80.05537,40.44394],[-80.04673,40.44111],[-80.04531,40.44196],[-80.04738,40.43959],[-80.0473,40.43816],[-80.04892,40.43816],[-80.05095,40.43751],[-80.05322,40.43792],[-80.05586,40.43777],[-80.0576,40.43754],[-80.06122,40.44064],[-80.06067,40.44209]]]},"properties":{"geoid":"42003281500","population":1480,"svi_overall":39,"svi_socioeconomic":39,"svi_household":77,"svi_minority":59,"svi_housing_transport":15,"coi_level":"Very Low","coi_rank":17,"coi_education":2,"coi_health_env":14,"coi_social_econ":30}},{"type":"Feature","geometry":{"type":"Polygon","coordinates":[[[-80.00062,40.40208],[-79.99953,40.40219],[-79.99898,40.40161],[-79.99649,40.40171],[-79.99675,40.40817],[-79.99245,40.40739],[-79.99191,40.40718],[-79.99234,40.40659],[-79.99056,40.40482],[-79.98925,40.40111],[-79.98899,40.39919],[-79.98649,40.39463],[-79.98661,40.39134],[-79.99003,40.39125],[-79.99126,40.39346],[-79.99306,40.39321],[-79.99438,40.39254],[-79.99533,40.39316],[-79.99577,40.39452],[-79.99697,40.39555],[-79.9974,40.39539],[-79.99985,40.39839],[-80.00013,40.39903],[-80.00062,40.40208]]]},"properties":{"geoid":"42003290100","population":1841,"svi_overall":79,"svi_socioeconomic":79,"svi_household":73,"svi_minority":40,"svi_housing_transport":77,"coi_level":"Very Low","coi_rank":10,"coi_education":5,"coi_health_env":11,"coi_social_econ":13}},{"type":"Feature","geometry":{"type":"Polygon","coordinates":[[[-79.99195,40.40713],[-79.98733,40.40604],[-79.98146,40.40586],[-79.98109,40.40785],[-79.9759,40.40438],[-79.97958,40.40164],[-79.98,40.4007],[-79.97974,40.39947],[-79.97811,40.39698],[-79.97869,40.39697],[-79.97865,40.39664],[-79.98005,40.39334],[-79.98311,40.38948],[-79.98458,40.38801],[-79.98661,40.39134],[-79.98649,40.39463],[-79.98899,40.39919],[-79.98925,40.40111],[-79.99056,40.40482],[-79.99234,40.40659],[-79.99195,40.40713]]]},"properties":{"geoid":"42003290200","population":4268,"svi_overall":85,"svi_socioeconomic":79,"svi_household":92,"svi_minority":55,"svi_housing_transport":73,"coi_level":"Very Low","coi_rank":9,"coi_education":14,"coi_health_env":22,"coi_social_econ":7}},{"type":"Feature","geometry":{"type":"Polygon","coordinates":[[[-79.99306,40.39321],[-79.99126,40.39346],[-79.99003,40.39125],[-79.98661,40.39134],[-79.98458,40.38801],[-79.98311,40.38948],[-79.98005,40.39334],[-79.97865,40.39664],[-79.97869,40.39697],[-79.97811,40.39698],[-79.97579,40.39313],[-79.97323,40.39279],[-79.97309,40.38872],[-79.97576,40.38722],[-79.97408,40.3848],[-79.97648,40.38539],[-79.97765,40.38415],[-79.97685,40.38285],[-79.97615,40.38131],[-79.97765,40.38175],[-79.98195,40.38065],[-79.98335,40.38152],[-79.98483,40.37956],[-79.98546,40.38061],[-79.98423,40.38158],[-79.98656,40.38184],[-79.98691,40.38374],[-79.98721,40.38445],[-79.99289,40.3838],[-79.99355,40.38392],[-79.9929,40.38449],[-79.99055,40.38499],[-79.99184,40.38754],[-79.99114,40.38778],[-79.99126,40.38836],[-79.99115,40.38912],[-79.99129,40.38939],[-79.99229,40.39029],[-79.99438,40.39254],[-79.99306,40.39321]]]},"properties":{"geoid":"42003290400","population":3957,"svi_overall":45,"svi_socioeconomic":53,"svi_household":40,"svi_minority":43,"svi_housing_transport":38,"coi_level":"Very Low","coi_rank":14,"coi_education":5,"coi_health_env":10,"coi_social_econ":22}},{"type":"Feature","geometry":{"type":"Polygon","coordinates":[[[-79.99728,40.41827],[-79.98819,40.41852],[-79.98804,40.41444],[-79.98961,40.41206],[-79.99164,40.40762],[-79.99191,40.40718],[-79.99245,40.40739],[-79.99675,40.40817],[-79.99683,40.41015],[-79.9968,40.4114],[-79.99706,40.41373],[-79.99728,40.41827]]]},"properties":{"geoid":"42003300100","population":4188,"svi_overall":82,"svi_socioeconomic":93,"svi_household":75,"svi_minority":73,"svi_housing_transport":43,"coi_level":"Very Low","coi_rank":4,"coi_education":9,"coi_health_env":3,"coi_social_econ":6}},{"type":"Feature","geometry":{"type":"Polygon","coordinates":[[[-79.92682,40.37652],[-79.92551,40.37961],[-79.91995,40.3781],[-79.91624,40.38009],[-79.91331,40.38094],[-79.91068,40.37872],[-79.90835,40.37816],[-79.90885,40.3767],[-79.91182,40.37281],[-79.90861,40.37053],[-79.90344,40.3719],[-79.9003,40.36526],[-79.90718,40.36152],[-79.90821,40.36358],[-79.91082,40.36286],[-79.9119,40.36502],[-79.91373,40.36552],[-79.92067,40.36537],[-79.92235,40.36971],[-79.92469,40.37307],[-79.92499,40.3751],[-79.92658,40.37501],[-79.92682,40.37652]]]},"properties":{"geoid":"42003310200","population":3272,"svi_overall":19,"svi_socioeconomic":37,"svi_household":55,"svi_minority":9,"svi_housing_transport":7,"coi_level":"Very Low","coi_rank":18,"coi_education":1,"coi_health_env":29,"coi_social_econ":30}},{"type":"Feature","geometry":{"type":"Polygon","coordinates":[[[-79.9974,40.39539],[-79.99697,40.39555],[-79.99577,40.39452],[-79.99533,40.39316],[-79.99438,40.39254],[-79.99229,40.39029],[-79.99129,40.38939],[-79.99115,40.38912],[-79.99126,40.38836],[-79.99114,40.38778],[-79.99184,40.38754],[-79.99055,40.38499],[-79.9929,40.38449],[-79.99355,40.38392],[-79.99289,40.3838],[-79.98721,40.38445],[-79.98691,40.38374],[-79.98656,40.38184],[-79.98423,40.38158],[-79.98546,40.38061],[-79.98483,40.37956],[-79.98604,40.37783],[-79.99113,40.37893],[-79.9928,40.37862],[-79.99358,40.37911],[-79.99598,40.38243],[-79.99579,40.38361],[-79.99505,40.38469],[-79.9949,40.38613],[-79.99642,40.38797],[-79.99731,40.393],[-79.99722,40.39479],[-79.9974,40.39539]]]},"properties":{"geoid":"42003320400","population":1846,"svi_overall":37,"svi_socioeconomic":43,"svi_household":73,"svi_minority":27,"svi_housing_transport":19,"coi_level":"Very Low","coi_rank":18,"coi_education":3,"coi_health_env":12,"coi_social_econ":36}},{"type":"Feature","geometry":{"type":"Polygon","coordinates":[[[-80.01502,40.39296],[-80.01398,40.39608],[-80.01339,40.39669],[-80.00879,40.39953],[-80.00161,40.40192],[-80.00062,40.40208],[-80.00013,40.39903],[-79.99985,40.39839],[-79.9974,40.39539],[-79.99722,40.39479],[-79.99731,40.393],[-79.99784,40.38975],[-80.00217,40.3882],[-80.00588,40.38838],[-80.00591,40.38882],[-80.00743,40.38884],[-80.00847,40.39011],[-80.00981,40.39085],[-80.00936,40.39237],[-80.01314,40.39216],[-80.01527,40.39191],[-80.01502,40.39296]]]},"properties":{"geoid":"42003320600","population":2232,"svi_overall":18,"svi_socioeconomic":24,"svi_household":21,"svi_minority":11,"svi_housing_transport":31,"coi_level":"Low","coi_rank":34,"coi_education":14,"coi_health_env":39,"coi_social_econ":51}},{"type":"Feature","geometry":{"type":"Polygon","coordinates":[[[-80.00743,40.38884],[-80.00591,40.38882],[-80.00588,40.38838],[-80.00217,40.3882],[-79.99784,40.38975],[-79.99731,40.393],[-79.99642,40.38797],[-79.9949,40.38613],[-79.99505,40.38469],[-79.99579,40.38361],[-79.99598,40.38243],[-79.99358,40.37911],[-79.9928,40.37862],[-79.99351,40.37835],[-79.994,40.37585],[-79.99805,40.37648],[-79.99913,40.37735],[-80.00159,40.37485],[-80.00457,40.37423],[-80.00671,40.37487],[-80.00536,40.37714],[-80.00173,40.37971],[-80.00512,40.38389],[-80.00633,40.38348],[-80.00597,40.38362],[-80.00769,40.38723],[-80.00743,40.38884]]]},"properties":{"geoid":"42003320700","population":1880,"svi_overall":13,"svi_socioeconomic":25,"svi_household":12,"svi_minority":30,"svi_housing_transport":16,"coi_level":"Low","coi_rank":22,"coi_education":5,"coi_health_env":13,"coi_social_econ":44}},{"type":"Feature","geometry":{"type":"Polygon","coordinates":[[[-79.73519,40.63453],[-79.73234,40.63886],[-79.7247,40.65558],[-79.72038,40.66374],[-79.71976,40.6696],[-79.70755,40.66986],[-79.69288,40.66962],[-79.69291,40.66826],[-79.69547,40.66577],[-79.69582,40.6648],[-79.69583,40.66151],[-79.6942,40.65751],[-79.69109,40.65248],[-79.68921,40.64786],[-79.68898,40.64544],[-79.69028,40.64088],[-79.69436,40.63514],[-79.70334,40.6257],[-79.71208,40.61914],[-79.71248,40.62008],[-79.71553,40.62196],[-79.71644,40.62138],[-79.71472,40.62338],[-79.71517,40.62426],[-79.72136,40.62671],[-79.72203,40.62721],[-79.72212,40.62947],[-79.72663,40.62935],[-79.72825,40.62952],[-79.73408,40.63267],[-79.73519,40.63453]]]},"properties":{"geoid":"42003401100","population":4449,"svi_overall":14,"svi_socioeconomic":13,"svi_household":45,"svi_minority":5,"svi_housing_transport":21,"coi_level":"Moderate","coi_rank":49,"coi_education":21,"coi_health_env":68,"coi_social_econ":60}},{"type":"Feature","geometry":{"type":"Polygon","coordinates":[[[-79.73871,40.61559],[-79.73287,40.61793],[-79.73218,40.61831],[-79.73115,40.61897],[-79.72854,40.62107],[-79.72384,40.62428],[-79.72136,40.62671],[-79.71517,40.62426],[-79.71472,40.62338],[-79.71644,40.62138],[-79.71553,40.62196],[-79.71248,40.62008],[-79.71208,40.61914],[-79.71458,40.61702],[-79.71771,40.6133],[-79.72,40.6095],[-79.72134,40.60817],[-79.72316,40.607],[-79.73317,40.60314],[-79.73372,40.60466],[-79.73357,40.60864],[-79.73532,40.60806],[-79.73563,40.60905],[-79.73579,40.61189],[-79.73601,40.61302],[-79.73871,40.61559]]]},"properties":{"geoid":"42003401200","population":2812,"svi_overall":41,"svi_socioeconomic":65,"svi_household":37,"svi_minority":33,"svi_housing_transport":20,"coi_level":"Very Low","coi_rank":9,"coi_education":17,"coi_health_env":4,"coi_social_econ":12}},{"type":"Feature","geometry":{"type":"Polygon","coordinates":[[[-79.75657,40.61184],[-79.73519,40.63453],[-79.73408,40.63267],[-79.72825,40.62952],[-79.72663,40.62935],[-79.72212,40.62947],[-79.72203,40.62721],[-79.72136,40.62671],[-79.72384,40.62428],[-79.72854,40.62107],[-79.73115,40.61897],[-79.73287,40.61793],[-79.73871,40.61559],[-79.74344,40.61358],[-79.74718,40.61106],[-79.7496,40.61131],[-79.74922,40.60995],[-79.75106,40.60886],[-79.75417,40.60989],[-79.75586,40.60904],[-79.75699,40.61103],[-79.75657,40.61184]]]},"properties":{"geoid":"42003401300","population":2845,"svi_overall":21,"svi_socioeconomic":22,"svi_household":42,"svi_minority":10,"svi_housing_transport":28,"coi_level":"Low","coi_rank":39,"coi_education":22,"coi_health_env":43,"coi_social_econ":51}},{"type":"Feature","geometry":{"type":"Polygon","coordinates":[[[-79.74922,40.60995],[-79.7496,40.61131],[-79.74718,40.61106],[-79.74344,40.61358],[-79.73871,40.61559],[-79.73601,40.61302],[-79.73579,40.61189],[-79.73563,40.60905],[-79.73532,40.60806],[-79.73357,40.60864],[-79.73372,40.60466],[-79.73317,40.60314],[-79.73609,40.60205],[-79.74128,40.60077],[-79.74616,40.60493],[-79.75106,40.60886],[-79.74922,40.60995]]]},"properties":{"geoid":"42003402000","population":3214,"svi_overall":32,"svi_socioeconomic":20,"svi_household":29,"svi_minority":12,"svi_housing_transport":71,"coi_level":"Very Low","coi_rank":13,"coi_education":15,"coi_health_env":12,"coi_social_econ":17}},{"type":"Feature","geometry":{"type":"Polygon","coordinates":[[[-79.77086,40.60619],[-79.77095,40.60919],[-79.76675,40.60927],[-79.76689,40.61423],[-79.76418,40.61425],[-79.76592,40.6165],[-79.76262,40.61609],[-79.76079,40.61531],[-79.76138,40.61465],[-79.75923,40.61433],[-79.75657,40.61184],[-79.75699,40.61103],[-79.75586,40.60904],[-79.75417,40.60989],[-79.75106,40.60886],[-79.74616,40.60493],[-79.74128,40.60077],[-79.74944,40.59888],[-79.75758,40.59626],[-79.762,40.59434],[-79.76405,40.59288],[-79.76554,40.59671],[-79.76755,40.59853],[-79.76988,40.59972],[-79.77992,40.60608],[-79.77086,40.60619]]]},"properties":{"geoid":"42003403500","population":4328,"svi_overall":67,"svi_socioeconomic":55,"svi_household":86,"svi_minority":18,"svi_housing_transport":70,"coi_level":"Very Low","coi_rank":13,"coi_education":15,"coi_health_env":16,"coi_social_econ":14}},{"type":"Feature","geometry":{"type":"Polygon","coordinates":[[[-79.79644,40.59013],[-79.78848,40.59015],[-79.78912,40.60597],[-79.77992,40.60608],[-79.76988,40.59972],[-79.76755,40.59853],[-79.76554,40.59671],[-79.76405,40.59288],[-79.76807,40.58955],[-79.77079,40.58671],[-79.77163,40.58564],[-79.77336,40.5821],[-79.7745,40.57675],[-79.77481,40.57281],[-79.77446,40.56975],[-79.77413,40.56838],[-79.77206,40.56296],[-79.7757,40.56284],[-79.78018,40.57194],[-79.78761,40.57184],[-79.78792,40.57515],[-79.78813,40.58337],[-79.79321,40.58287],[-79.79611,40.58354],[-79.79644,40.59013]]]},"properties":{"geoid":"42003404000","population":1438,"svi_overall":31,"svi_socioeconomic":34,"svi_household":47,"svi_minority":9,"svi_housing_transport":37,"coi_level":"Low","coi_rank":31,"coi_education":54,"coi_health_env":16,"coi_social_econ":24}},{"type":"Feature","geometry":{"type":"Polygon","coordinates":[[[-79.81645,40.6441],[-79.78573,40.64384],[-79.77234,40.61877],[-79.77097,40.61837],[-79.76666,40.61865],[-79.76592,40.6165],[-79.76418,40.61425],[-79.76689,40.61423],[-79.76675,40.60927],[-79.77095,40.60919],[-79.77086,40.60619],[-79.78912,40.60597],[-79.78848,40.59015],[-79.79644,40.59013],[-79.79611,40.58354],[-79.79321,40.58287],[-79.78813,40.58337],[-79.78792,40.57515],[-79.78761,40.57184],[-79.78018,40.57194],[-79.7757,40.56284],[-79.8113,40.56194],[-79.81214,40.58452],[-79.81207,40.58729],[-79.81258,40.59912],[-79.81302,40.60499],[-79.81303,40.61211],[-79.81313,40.6136],[-79.81612,40.63514],[-79.81645,40.6441]]]},"properties":{"geoid":"42003405000","population":1099,"svi_overall":5,"svi_socioeconomic":5,"svi_household":9,"svi_minority":0,"svi_housing_transport":30,"coi_level":"High","coi_rank":63,"coi_education":75,"coi_health_env":56,"coi_social_econ":54}},{"type":"Feature","geometry":{"type":"Polygon","coordinates":[[[-79.817,40.67171],[-79.78065,40.67124],[-79.76411,40.67044],[-79.74554,40.66975],[-79.72911,40.66926],[-79.71976,40.6696],[-79.72038,40.66374],[-79.7247,40.65558],[-79.73234,40.63886],[-79.73519,40.63453],[-79.75657,40.61184],[-79.75923,40.61433],[-79.76138,40.61465],[-79.76079,40.61531],[-79.76262,40.61609],[-79.76592,40.6165],[-79.76666,40.61865],[-79.77097,40.61837],[-79.77234,40.61877],[-79.78573,40.64384],[-79.81645,40.6441],[-79.817,40.67171]]]},"properties":{"geoid":"42003406000","population":2289,"svi_overall":20,"svi_socioeconomic":34,"svi_household":19,"svi_minority":4,"svi_housing_transport":27,"coi_level":"Moderate","coi_rank":46,"coi_education":27,"coi_health_env":89,"coi_social_econ":48}},{"type":"Feature","geometry":{"type":"Polygon","coordinates":[[[-79.92419,40.67303],[-79.91463,40.67329],[-79.88873,40.67278],[-79.87713,40.67244],[-79.85156,40.6723],[-79.82944,40.67115],[-79.82538,40.6713],[-79.81873,40.67172],[-79.817,40.67171],[-79.81645,40.6441],[-79.81612,40.63514],[-79.81313,40.6136],[-79.81303,40.61211],[-79.81464,40.61201],[-79.82097,40.60929],[-79.82198,40.61122],[-79.82618,40.61301],[-79.82777,40.61572],[-79.83136,40.61733],[-79.83375,40.61734],[-79.83374,40.61717],[-79.83665,40.61953],[-79.83878,40.62243],[-79.83827,40.62286],[-79.84134,40.62486],[-79.84466,40.62588],[-79.85354,40.63107],[-79.85413,40.63251],[-79.85596,40.62995],[-79.85592,40.62854],[-79.85724,40.62642],[-79.86061,40.62548],[-79.86082,40.62613],[-79.86649,40.63142],[-79.86735,40.63237],[-79.87078,40.63375],[-79.87548,40.63372],[-79.88108,40.63116],[-79.88484,40.63108],[-79.89043,40.62893],[-79.89213,40.62768],[-79.89502,40.62714],[-79.89717,40.62618],[-79.89811,40.62501],[-79.89978,40.62399],[-79.90362,40.61808],[-79.91164,40.61946],[-79.91855,40.62109],[-79.91757,40.62002],[-79.91918,40.61973],[-79.9209,40.61821],[-79.92135,40.62237],[-79.92293,40.64332],[-79.92419,40.67303]]]},"properties":{"geoid":"42003407001","population":5793,"svi_overall":14,"svi_socioeconomic":13,"svi_household":19,"svi_minority":4,"svi_housing_transport":40,"coi_level":"High","coi_rank":67,"coi_education":55,"coi_health_env":74,"coi_social_econ":69}},{"type":"Feature","geometry":{"type":"Polygon","coordinates":[[[-79.9209,40.61821],[-79.91918,40.61973],[-79.91757,40.62002],[-79.91855,40.62109],[-79.91164,40.61946],[-79.90362,40.61808],[-79.89978,40.62399],[-79.89811,40.62501],[-79.89717,40.62618],[-79.89502,40.62714],[-79.89213,40.62768],[-79.89043,40.62893],[-79.88484,40.63108],[-79.88108,40.63116],[-79.87548,40.63372],[-79.87078,40.63375],[-79.86735,40.63237],[-79.86649,40.63142],[-79.86082,40.62613],[-79.86061,40.62548],[-79.85724,40.62642],[-79.85592,40.62854],[-79.85596,40.62995],[-79.85413,40.63251],[-79.85354,40.63107],[-79.84466,40.62588],[-79.84134,40.62486],[-79.83827,40.62286],[-79.83878,40.62243],[-79.83665,40.61953],[-79.83374,40.61717],[-79.83375,40.61734],[-79.83136,40.61733],[-79.82777,40.61572],[-79.82618,40.61301],[-79.82198,40.61122],[-79.82097,40.60929],[-79.81464,40.61201],[-79.81303,40.61211],[-79.81302,40.60499],[-79.81258,40.59912],[-79.8265,40.59891],[-79.84814,40.59826],[-79.86928,40.59777],[-79.91595,40.59638],[-79.91975,40.59633],[-79.92061,40.61608],[-79.9209,40.61821]]]},"properties":{"geoid":"42003407002","population":6457,"svi_overall":20,"svi_socioeconomic":9,"svi_household":38,"svi_minority":3,"svi_housing_transport":55,"coi_level":"High","coi_rank":72,"coi_education":57,"coi_health_env":71,"coi_social_econ":77}},{"type":"Feature","geometry":{"type":"Polygon","coordinates":[[[-79.99418,40.67358],[-79.98785,40.6736],[-79.95994,40.67229],[-79.92419,40.67303],[-79.92293,40.64332],[-79.92262,40.63949],[-79.92804,40.63602],[-79.93113,40.63479],[-79.93259,40.63238],[-79.93539,40.63317],[-79.93728,40.63261],[-79.93777,40.63289],[-79.93979,40.63478],[-79.9413,40.63532],[-79.94894,40.63489],[-79.95041,40.63434],[-79.9523,40.63324],[-79.95346,40.63318],[-79.95643,40.63352],[-79.96169,40.63108],[-79.96628,40.63114],[-79.96866,40.62995],[-79.97151,40.63021],[-79.97523,40.63139],[-79.97781,40.6307],[-79.98048,40.631],[-79.98369,40.62986],[-79.98531,40.63012],[-79.98841,40.6315],[-79.99197,40.6315],[-79.99418,40.67358]]]},"properties":{"geoid":"42003408001","population":5727,"svi_overall":29,"svi_socioeconomic":4,"svi_household":43,"svi_minority":11,"svi_housing_transport":84,"coi_level":"Very High","coi_rank":87,"coi_education":90,"coi_health_env":79,"coi_social_econ":85}},{"type":"Feature","geometry":{"type":"Polygon","coordinates":[[[-79.99197,40.6315],[-79.98841,40.6315],[-79.98531,40.63012],[-79.98369,40.62986],[-79.98048,40.631],[-79.97781,40.6307],[-79.97523,40.63139],[-79.97151,40.63021],[-79.96866,40.62995],[-79.96628,40.63114],[-79.96169,40.63108],[-79.95643,40.63352],[-79.95346,40.63318],[-79.9523,40.63324],[-79.95041,40.63434],[-79.94894,40.63489],[-79.9413,40.63532],[-79.93979,40.63478],[-79.93777,40.63289],[-79.93728,40.63261],[-79.93539,40.63317],[-79.93259,40.63238],[-79.93113,40.63479],[-79.92804,40.63602],[-79.92262,40.63949],[-79.92135,40.62237],[-79.92061,40.61608],[-79.94679,40.61546],[-79.97436,40.61456],[-79.99114,40.61432],[-79.99197,40.6315]]]},"properties":{"geoid":"42003408002","population":6129,"svi_overall":9,"svi_socioeconomic":14,"svi_household":42,"svi_minority":15,"svi_housing_transport":9,"coi_level":"Very High","coi_rank":95,"coi_education":94,"coi_health_env":87,"coi_social_econ":93}},{"type":"Feature","geometry":{"type":"Polygon","coordinates":[[[-80.0704,40.65516],[-80.061,40.65271],[-80.05442,40.65248],[-80.04544,40.65239],[-80.04301,40.65201],[-80.04071,40.65124],[-80.039,40.65033],[-80.03092,40.64389],[-80.02844,40.6431],[-80.02607,40.64316],[-80.02099,40.64419],[-80.01756,40.64424],[-80.01533,40.64348],[-80.01086,40.6411],[-80.00792,40.64004],[-80.00566,40.63996],[-79.99934,40.64048],[-79.99686,40.64023],[-79.99437,40.63888],[-79.99225,40.63707],[-79.99114,40.61432],[-80.03631,40.61322],[-80.06806,40.61254],[-80.06936,40.63288],[-80.06984,40.64473],[-80.0704,40.65516]]]},"properties":{"geoid":"42003409001","population":9310,"svi_overall":5,"svi_socioeconomic":6,"svi_household":11,"svi_minority":23,"svi_housing_transport":18,"coi_level":"Very High","coi_rank":97,"coi_education":94,"coi_health_env":66,"coi_social_econ":97}},{"type":"Feature","geometry":{"type":"Polygon","coordinates":[[[-80.0714,40.67418],[-80.03623,40.6741],[-79.99418,40.67358],[-79.99225,40.63707],[-79.99437,40.63888],[-79.99686,40.64023],[-79.99934,40.64048],[-80.00566,40.63996],[-80.00792,40.64004],[-80.01086,40.6411],[-80.01533,40.64348],[-80.01756,40.64424],[-80.02099,40.64419],[-80.02607,40.64316],[-80.02844,40.6431],[-80.03092,40.64389],[-80.039,40.65033],[-80.04071,40.65124],[-80.04301,40.65201],[-80.04544,40.65239],[-80.05442,40.65248],[-80.061,40.65271],[-80.0704,40.65516],[-80.0714,40.67418]]]},"properties":{"geoid":"42003409002","population":5418,"svi_overall":0,"svi_socioeconomic":0,"svi_household":7,"svi_minority":7,"svi_housing_transport":3,"coi_level":"Very High","coi_rank":100,"coi_education":100,"coi_health_env":98,"coi_social_econ":99}},{"type":"Feature","geometry":{"type":"Polygon","coordinates":[[[-80.09653,40.63834],[-80.08885,40.63862],[-80.08889,40.63998],[-80.08757,40.64202],[-80.08235,40.64217],[-80.08317,40.64602],[-80.07965,40.64507],[-80.07959,40.64234],[-80.06978,40.64258],[-80.06936,40.63288],[-80.07893,40.63261],[-80.07874,40.62965],[-80.08842,40.62932],[-80.08874,40.63581],[-80.09605,40.63551],[-80.09653,40.63834]]]},"properties":{"geoid":"42003410000","population":1235,"svi_overall":2,"svi_socioeconomic":0,"svi_household":41,"svi_minority":6,"svi_housing_transport":5,"coi_level":"Very High","coi_rank":98,"coi_education":93,"coi_health_env":100,"coi_social_econ":96}},{"type":"Feature","geometry":{"type":"Polygon","coordinates":[[[-80.1485,40.67378],[-80.12779,40.67361],[-80.09573,40.67419],[-80.09443,40.671],[-80.09252,40.6636],[-80.09211,40.65961],[-80.09268,40.65627],[-80.09723,40.64309],[-80.09756,40.64174],[-80.0981,40.63809],[-80.09813,40.63544],[-80.0957,40.61578],[-80.14519,40.61476],[-80.14779,40.66117],[-80.14838,40.67029],[-80.1485,40.67378]]]},"properties":{"geoid":"42003411001","population":4087,"svi_overall":0,"svi_socioeconomic":0,"svi_household":5,"svi_minority":14,"svi_housing_transport":2,"coi_level":"Very High","coi_rank":100,"coi_education":96,"coi_health_env":99,"coi_social_econ":100}},{"type":"Feature","geometry":{"type":"Polygon","coordinates":[[[-80.0981,40.63809],[-80.09756,40.64174],[-80.09723,40.64309],[-80.09268,40.65627],[-80.09211,40.65961],[-80.09252,40.6636],[-80.09443,40.671],[-80.09573,40.67419],[-80.07144,40.67494],[-80.06978,40.64258],[-80.07959,40.64234],[-80.07965,40.64507],[-80.08317,40.64602],[-80.08235,40.64217],[-80.08757,40.64202],[-80.08889,40.63998],[-80.08885,40.63862],[-80.09653,40.63834],[-80.09605,40.63551],[-80.08874,40.63581],[-80.08842,40.62932],[-80.07874,40.62965],[-80.07893,40.63261],[-80.06936,40.63288],[-80.0683,40.61629],[-80.0957,40.61578],[-80.09813,40.63544],[-80.0981,40.63809]]]},"properties":{"geoid":"42003411002","population":5903,"svi_overall":21,"svi_socioeconomic":3,"svi_household":75,"svi_minority":41,"svi_housing_transport":32,"coi_level":"Very High","coi_rank":96,"coi_education":95,"coi_health_env":95,"coi_social_econ":92}},{"type":"Feature","geometry":{"type":"Polygon","coordinates":[[[-80.1,40.58587],[-80.09884,40.5892],[-80.0948,40.58647],[-80.09064,40.58609],[-80.08654,40.58214],[-80.08513,40.5814],[-80.08193,40.58154],[-80.07937,40.58032],[-80.07943,40.58405],[-80.07856,40.58485],[-80.06921,40.5856],[-80.0667,40.58402],[-80.06405,40.54225],[-80.08122,40.55352],[-80.085,40.55613],[-80.08467,40.55806],[-80.08614,40.5614],[-80.08914,40.56435],[-80.08985,40.56549],[-80.09057,40.57074],[-80.09131,40.57218],[-80.09891,40.58312],[-80.1,40.58587]]]},"properties":{"geoid":"42003412002","population":4708,"svi_overall":2,"svi_socioeconomic":11,"svi_household":11,"svi_minority":32,"svi_housing_transport":2,"coi_level":"Very High","coi_rank":99,"coi_education":94,"coi_health_env":68,"coi_social_econ":99}},{"type":"Feature","geometry":{"type":"Polygon","coordinates":[[[-80.09884,40.5892],[-80.09454,40.59556],[-80.0937,40.59832],[-80.0937,40.6003],[-80.0957,40.61578],[-80.0683,40.61629],[-80.06806,40.61254],[-80.0674,40.59513],[-80.0667,40.58402],[-80.06921,40.5856],[-80.07856,40.58485],[-80.07943,40.58405],[-80.07937,40.58032],[-80.08193,40.58154],[-80.08513,40.5814],[-80.08654,40.58214],[-80.09064,40.58609],[-80.0948,40.58647],[-80.09884,40.5892]]]},"properties":{"geoid":"42003412003","population":6542,"svi_overall":7,"svi_socioeconomic":3,"svi_household":31,"svi_minority":32,"svi_housing_transport":15,"coi_level":"Very High","coi_rank":98,"coi_education":96,"coi_health_env":93,"coi_social_econ":96}},{"type":"Feature","geometry":{"type":"Polygon","coordinates":[[[-80.15869,40.60924],[-80.15502,40.60802],[-80.15207,40.60941],[-80.15088,40.61162],[-80.14511,40.61345],[-80.14519,40.61476],[-80.0957,40.61578],[-80.0937,40.6003],[-80.0937,40.59832],[-80.09454,40.59556],[-80.09884,40.5892],[-80.1,40.58587],[-80.09891,40.58312],[-80.09131,40.57218],[-80.09057,40.57074],[-80.08985,40.56549],[-80.08914,40.56435],[-80.08614,40.5614],[-80.08467,40.55806],[-80.085,40.55613],[-80.12409,40.58221],[-80.12918,40.58536],[-80.13451,40.58823],[-80.13377,40.58825],[-80.15865,40.60525],[-80.15869,40.60924]]]},"properties":{"geoid":"42003412004","population":4055,"svi_overall":31,"svi_socioeconomic":18,"svi_household":18,"svi_minority":47,"svi_housing_transport":67,"coi_level":"Very High","coi_rank":93,"coi_education":96,"coi_health_env":48,"coi_social_econ":93}},{"type":"Feature","geometry":{"type":"Polygon","coordinates":[[[-80.06806,40.61254],[-80.03631,40.61322],[-79.99114,40.61432],[-79.99058,40.59471],[-79.99327,40.59696],[-79.99488,40.59616],[-79.99787,40.59752],[-79.99847,40.59497],[-80.0032,40.59296],[-80.00571,40.59412],[-80.00592,40.59588],[-80.01035,40.59536],[-80.01208,40.59438],[-80.01327,40.59278],[-80.01456,40.59243],[-80.01739,40.59201],[-80.01785,40.59159],[-80.01796,40.5911],[-80.02143,40.58949],[-80.02249,40.58717],[-80.0255,40.58514],[-80.02764,40.5849],[-80.03088,40.58501],[-80.03726,40.58621],[-80.03748,40.58585],[-80.0411,40.58639],[-80.04448,40.58589],[-80.04872,40.58874],[-80.05125,40.59073],[-80.0551,40.59359],[-80.05804,40.59339],[-80.0666,40.59527],[-80.06743,40.59586],[-80.06806,40.61254]]]},"properties":{"geoid":"42003413100","population":6737,"svi_overall":27,"svi_socioeconomic":25,"svi_household":30,"svi_minority":34,"svi_housing_transport":39,"coi_level":"Very High","coi_rank":88,"coi_education":81,"coi_health_env":87,"coi_social_econ":89}},{"type":"Feature","geometry":{"type":"Polygon","coordinates":[[[-80.05655,40.58151],[-80.05511,40.58151],[-80.04364,40.5832],[-80.04171,40.5825],[-80.03814,40.58206],[-80.03942,40.58339],[-80.04448,40.58589],[-80.0411,40.58639],[-80.03748,40.58585],[-80.03336,40.58491],[-80.03175,40.58419],[-80.03017,40.58282],[-80.02418,40.57396],[-80.02352,40.57214],[-80.03696,40.57195],[-80.03941,40.56107],[-80.04364,40.5665],[-80.04436,40.56677],[-80.04858,40.56723],[-80.04953,40.56798],[-80.04958,40.57113],[-80.05449,40.57656],[-80.05589,40.57687],[-80.05655,40.58151]]]},"properties":{"geoid":"42003413201","population":4085,"svi_overall":18,"svi_socioeconomic":10,"svi_household":75,"svi_minority":18,"svi_housing_transport":18,"coi_level":"High","coi_rank":76,"coi_education":74,"coi_health_env":96,"coi_social_econ":69}},{"type":"Feature","geometry":{"type":"Polygon","coordinates":[[[-80.06743,40.59586],[-80.0666,40.59527],[-80.05804,40.59339],[-80.0551,40.59359],[-80.05125,40.59073],[-80.04872,40.58874],[-80.04448,40.58589],[-80.03942,40.58339],[-80.03814,40.58206],[-80.04171,40.5825],[-80.04364,40.5832],[-80.05511,40.58151],[-80.05655,40.58151],[-80.05589,40.57687],[-80.05449,40.57656],[-80.04958,40.57113],[-80.04953,40.56798],[-80.05261,40.56586],[-80.05441,40.56616],[-80.057,40.56867],[-80.05989,40.56747],[-80.05957,40.56414],[-80.06054,40.56308],[-80.06125,40.56475],[-80.06561,40.56657],[-80.06743,40.59586]]]},"properties":{"geoid":"42003413202","population":2745,"svi_overall":10,"svi_socioeconomic":5,"svi_household":32,"svi_minority":10,"svi_housing_transport":26,"coi_level":"Very High","coi_rank":83,"coi_education":74,"coi_health_env":63,"coi_social_econ":88}},{"type":"Feature","geometry":{"type":"Polygon","coordinates":[[[-80.06561,40.56657],[-80.06125,40.56475],[-80.06054,40.56308],[-80.05957,40.56414],[-80.05989,40.56747],[-80.057,40.56867],[-80.05441,40.56616],[-80.05261,40.56586],[-80.04953,40.56798],[-80.04858,40.56723],[-80.04436,40.56677],[-80.04364,40.5665],[-80.03941,40.56107],[-80.03696,40.57195],[-80.02352,40.57214],[-80.02339,40.57037],[-80.02521,40.56332],[-80.02513,40.56176],[-80.02465,40.5605],[-80.02087,40.55388],[-80.03493,40.55363],[-80.06473,40.55272],[-80.06561,40.56657]]]},"properties":{"geoid":"42003413300","population":4550,"svi_overall":22,"svi_socioeconomic":12,"svi_household":25,"svi_minority":5,"svi_housing_transport":63,"coi_level":"Very High","coi_rank":85,"coi_education":84,"coi_health_env":90,"coi_social_econ":84}},{"type":"Feature","geometry":{"type":"Polygon","coordinates":[[[-80.02521,40.56332],[-80.02448,40.56618],[-80.02326,40.56619],[-80.01915,40.56415],[-80.01649,40.56717],[-80.00695,40.56739],[-80.00029,40.56578],[-79.99948,40.56588],[-79.99812,40.56696],[-79.99509,40.57157],[-79.99356,40.5719],[-79.98968,40.57034],[-79.98892,40.55395],[-80.00746,40.55404],[-80.02087,40.55388],[-80.02465,40.5605],[-80.02513,40.56176],[-80.02521,40.56332]]]},"properties":{"geoid":"42003413400","population":4442,"svi_overall":9,"svi_socioeconomic":1,"svi_household":22,"svi_minority":16,"svi_housing_transport":39,"coi_level":"Very High","coi_rank":91,"coi_education":90,"coi_health_env":89,"coi_social_econ":89}},{"type":"Feature","geometry":{"type":"Polygon","coordinates":[[[-80.03726,40.58621],[-80.03088,40.58501],[-80.02764,40.5849],[-80.0255,40.58514],[-80.02249,40.58717],[-80.02143,40.58949],[-80.01796,40.5911],[-80.01785,40.59159],[-80.01739,40.59201],[-80.01456,40.59243],[-80.01327,40.59278],[-80.01208,40.59438],[-80.01035,40.59536],[-80.00592,40.59588],[-80.00571,40.59412],[-80.0032,40.59296],[-79.99847,40.59497],[-79.99787,40.59752],[-79.99488,40.59616],[-79.99327,40.59696],[-79.99058,40.59471],[-79.98968,40.57034],[-79.99356,40.5719],[-79.99509,40.57157],[-79.99812,40.56696],[-79.99948,40.56588],[-80.00029,40.56578],[-80.00695,40.56739],[-80.01649,40.56717],[-80.01915,40.56415],[-80.02326,40.56619],[-80.02448,40.56618],[-80.02339,40.57037],[-80.02352,40.57214],[-80.02418,40.57396],[-80.03017,40.58282],[-80.03175,40.58419],[-80.03336,40.58491],[-80.03748,40.58585],[-80.03726,40.58621]]]},"properties":{"geoid":"42003413500","population":6879,"svi_overall":27,"svi_socioeconomic":22,"svi_household":8,"svi_minority":32,"svi_housing_transport":69,"coi_level":"High","coi_rank":77,"coi_education":76,"coi_health_env":75,"coi_social_econ":73}},{"type":"Feature","geometry":{"type":"Polygon","coordinates":[[[-79.95378,40.57802],[-79.95179,40.58111],[-79.95033,40.58667],[-79.94822,40.59068],[-79.94714,40.60513],[-79.94741,40.60909],[-79.94756,40.6128],[-79.94679,40.61546],[-79.92061,40.61608],[-79.91975,40.59633],[-79.91595,40.59638],[-79.91553,40.5849],[-79.91904,40.5832],[-79.92031,40.5819],[-79.92216,40.58167],[-79.92958,40.58147],[-79.93244,40.58175],[-79.93835,40.58131],[-79.94936,40.58097],[-79.95267,40.57912],[-79.95378,40.57802]]]},"properties":{"geoid":"42003414101","population":5453,"svi_overall":3,"svi_socioeconomic":3,"svi_household":4,"svi_minority":3,"svi_housing_transport":27,"coi_level":"Very High","coi_rank":96,"coi_education":98,"coi_health_env":82,"coi_social_econ":94}},{"type":"Feature","geometry":{"type":"Polygon","coordinates":[[[-79.99114,40.61432],[-79.97436,40.61456],[-79.94679,40.61546],[-79.94756,40.6128],[-79.94741,40.60909],[-79.94714,40.60513],[-79.94822,40.59068],[-79.95033,40.58667],[-79.95179,40.58111],[-79.95378,40.57802],[-79.9547,40.57552],[-79.95477,40.57203],[-79.95417,40.5696],[-79.95425,40.56866],[-79.95487,40.56699],[-79.95565,40.56703],[-79.95798,40.56944],[-79.96143,40.57089],[-79.96192,40.56911],[-79.96448,40.56787],[-79.96692,40.56814],[-79.96452,40.56562],[-79.96639,40.56307],[-79.9687,40.56322],[-79.97617,40.56607],[-79.97971,40.56609],[-79.98968,40.57034],[-79.99058,40.59471],[-79.99114,40.61432]]]},"properties":{"geoid":"42003414102","population":6953,"svi_overall":23,"svi_socioeconomic":7,"svi_household":61,"svi_minority":19,"svi_housing_transport":45,"coi_level":"Very High","coi_rank":90,"coi_education":93,"coi_health_env":95,"coi_social_econ":82}},{"type":"Feature","geometry":{"type":"Polygon","coordinates":[[[-79.98968,40.57034],[-79.97971,40.56609],[-79.97617,40.56607],[-79.9687,40.56322],[-79.96639,40.56307],[-79.96452,40.56562],[-79.96692,40.56814],[-79.96448,40.56787],[-79.96192,40.56911],[-79.96143,40.57089],[-79.95798,40.56944],[-79.95565,40.56703],[-79.95487,40.56699],[-79.95425,40.56866],[-79.95417,40.5696],[-79.95477,40.57203],[-79.9547,40.57552],[-79.95378,40.57802],[-79.95267,40.57912],[-79.94936,40.58097],[-79.93835,40.58131],[-79.93244,40.58175],[-79.92958,40.58147],[-79.92216,40.58167],[-79.92031,40.5819],[-79.91904,40.5832],[-79.91553,40.5849],[-79.91509,40.55495],[-79.93868,40.55405],[-79.95022,40.55455],[-79.95823,40.55427],[-79.96734,40.55407],[-79.97123,40.55415],[-79.97929,40.5538],[-79.97903,40.55507],[-79.98272,40.55515],[-79.98269,40.55396],[-79.98892,40.55395],[-79.98968,40.57034]]]},"properties":{"geoid":"42003414200","population":5976,"svi_overall":21,"svi_socioeconomic":18,"svi_household":29,"svi_minority":11,"svi_housing_transport":45,"coi_level":"Very High","coi_rank":81,"coi_education":89,"coi_health_env":47,"coi_social_econ":81}},{"type":"Feature","geometry":{"type":"Polygon","coordinates":[[[-79.91509,40.55495],[-79.91553,40.5849],[-79.91595,40.59638],[-79.86928,40.59777],[-79.84814,40.59826],[-79.8265,40.59891],[-79.81258,40.59912],[-79.81207,40.58729],[-79.81214,40.58452],[-79.81145,40.56654],[-79.82218,40.56635],[-79.82243,40.56468],[-79.82364,40.56298],[-79.82359,40.56168],[-79.85014,40.56077],[-79.85376,40.5607],[-79.85681,40.56195],[-79.8585,40.56346],[-79.85942,40.56618],[-79.86329,40.56714],[-79.86655,40.56594],[-79.86812,40.56668],[-79.86924,40.56817],[-79.87217,40.56821],[-79.87526,40.57089],[-79.88177,40.57096],[-79.88609,40.57006],[-79.88815,40.56845],[-79.89078,40.56829],[-79.89364,40.56914],[-79.89213,40.57165],[-79.89329,40.57185],[-79.89702,40.56954],[-79.89978,40.56933],[-79.9022,40.56755],[-79.90253,40.56549],[-79.90511,40.56308],[-79.90513,40.56092],[-79.90682,40.55961],[-79.90811,40.55509],[-79.91053,40.55467],[-79.91353,40.55192],[-79.91412,40.5496],[-79.91475,40.55171],[-79.91851,40.5548],[-79.91509,40.55495]]]},"properties":{"geoid":"42003415001","population":4725,"svi_overall":19,"svi_socioeconomic":12,"svi_household":23,"svi_minority":23,"svi_housing_transport":48,"coi_level":"Very High","coi_rank":88,"coi_education":91,"coi_health_env":97,"coi_social_econ":82}},{"type":"Feature","geometry":{"type":"Polygon","coordinates":[[[-79.93868,40.55405],[-79.91851,40.5548],[-79.91475,40.55171],[-79.91412,40.5496],[-79.91353,40.55192],[-79.91053,40.55467],[-79.90811,40.55509],[-79.90682,40.55961],[-79.90513,40.56092],[-79.90511,40.56308],[-79.90253,40.56549],[-79.9022,40.56755],[-79.89978,40.56933],[-79.89702,40.56954],[-79.89329,40.57185],[-79.89213,40.57165],[-79.89364,40.56914],[-79.89078,40.56829],[-79.88815,40.56845],[-79.88609,40.57006],[-79.88177,40.57096],[-79.87526,40.57089],[-79.87217,40.56821],[-79.86924,40.56817],[-79.86812,40.56668],[-79.86655,40.56594],[-79.86329,40.56714],[-79.85942,40.56618],[-79.8585,40.56346],[-79.85681,40.56195],[-79.85376,40.5607],[-79.869,40.56036],[-79.86846,40.55228],[-79.86835,40.54691],[-79.87453,40.54679],[-79.87455,40.55211],[-79.88443,40.55097],[-79.88601,40.54895],[-79.88906,40.54933],[-79.89081,40.55103],[-79.89237,40.55099],[-79.89232,40.54952],[-79.8971,40.54919],[-79.89607,40.54869],[-79.89594,40.54615],[-79.89848,40.54263],[-79.90076,40.54368],[-79.903,40.53959],[-79.90178,40.53952],[-79.90214,40.53785],[-79.90403,40.53952],[-79.90435,40.5461],[-79.90601,40.54638],[-79.9102,40.54831],[-79.9102,40.54699],[-79.91296,40.54687],[-79.91271,40.54087],[-79.9111,40.53774],[-79.9131,40.53617],[-79.92715,40.53586],[-79.92712,40.53428],[-79.93766,40.53416],[-79.93853,40.54986],[-79.93868,40.55405]]]},"properties":{"geoid":"42003415002","population":2550,"svi_overall":10,"svi_socioeconomic":13,"svi_household":31,"svi_minority":20,"svi_housing_transport":13,"coi_level":"Very High","coi_rank":88,"coi_education":92,"coi_health_env":65,"coi_social_econ":85}},{"type":"Feature","geometry":{"type":"Polygon","coordinates":[[[-79.8113,40.56194],[-79.77206,40.56296],[-79.77081,40.56027],[-79.76855,40.555],[-79.76612,40.55084],[-79.76509,40.54925],[-79.7637,40.54603],[-79.76418,40.54427],[-79.77114,40.54416],[-79.77455,40.54403],[-79.77954,40.54677],[-79.7815,40.54847],[-79.78887,40.54833],[-79.78876,40.54557],[-79.79506,40.54539],[-79.79525,40.54723],[-79.79898,40.54913],[-79.80791,40.54891],[-79.80805,40.554],[-79.81117,40.55397],[-79.8113,40.56194]]]},"properties":{"geoid":"42003416000","population":1475,"svi_overall":10,"svi_socioeconomic":20,"svi_household":24,"svi_minority":7,"svi_housing_transport":13,"coi_level":"Moderate","coi_rank":55,"coi_education":44,"coi_health_env":87,"coi_social_econ":54}},{"type":"Feature","geometry":{"type":"Polygon","coordinates":[[[-79.79506,40.54539],[-79.78876,40.54557],[-79.78887,40.54833],[-79.7815,40.54847],[-79.77954,40.54677],[-79.77455,40.54403],[-79.77114,40.54416],[-79.77158,40.54362],[-79.77426,40.54207],[-79.77824,40.54139],[-79.78123,40.54114],[-79.78772,40.54125],[-79.79484,40.54094],[-79.79506,40.54539]]]},"properties":{"geoid":"42003417100","population":2131,"svi_overall":18,"svi_socioeconomic":23,"svi_household":40,"svi_minority":10,"svi_housing_transport":21,"coi_level":"Moderate","coi_rank":52,"coi_education":53,"coi_health_env":40,"coi_social_econ":54}},{"type":"Feature","geometry":{"type":"Polygon","coordinates":[[[-79.79484,40.54094],[-79.78772,40.54125],[-79.78123,40.54114],[-79.77824,40.54139],[-79.77426,40.54207],[-79.77158,40.54362],[-79.77114,40.54416],[-79.76418,40.54427],[-79.76609,40.54072],[-79.76848,40.53879],[-79.77277,40.53633],[-79.77662,40.53494],[-79.77891,40.5345],[-79.78376,40.53412],[-79.78817,40.53463],[-79.79479,40.53579],[-79.79484,40.54094]]]},"properties":{"geoid":"42003417200","population":1242,"svi_overall":53,"svi_socioeconomic":50,"svi_household":60,"svi_minority":2,"svi_housing_transport":66,"coi_level":"Low","coi_rank":39,"coi_education":65,"coi_health_env":50,"coi_social_econ":25}},{"type":"Feature","geometry":{"type":"Polygon","coordinates":[[[-79.80791,40.54891],[-79.79898,40.54913],[-79.79525,40.54723],[-79.79506,40.54539],[-79.79484,40.54094],[-79.79479,40.53579],[-79.80502,40.53746],[-79.80757,40.53729],[-79.80757,40.54081],[-79.80791,40.54891]]]},"properties":{"geoid":"42003418000","population":1638,"svi_overall":5,"svi_socioeconomic":18,"svi_household":10,"svi_minority":11,"svi_housing_transport":7,"coi_level":"High","coi_rank":65,"coi_education":64,"coi_health_env":39,"coi_social_econ":66}},{"type":"Feature","geometry":{"type":"Polygon","coordinates":[[[-79.869,40.56036],[-79.85014,40.56077],[-79.82359,40.56168],[-79.82364,40.56298],[-79.82243,40.56468],[-79.82218,40.56635],[-79.81145,40.56654],[-79.81117,40.55397],[-79.80805,40.554],[-79.80757,40.54081],[-79.80757,40.53729],[-79.81365,40.53663],[-79.82061,40.53637],[-79.82854,40.53501],[-79.83528,40.53264],[-79.84231,40.52981],[-79.84632,40.52708],[-79.84843,40.52513],[-79.84944,40.52356],[-79.8502,40.52172],[-79.8505,40.52052],[-79.85489,40.52088],[-79.85527,40.5288],[-79.85551,40.53642],[-79.8677,40.53595],[-79.86835,40.54691],[-79.86846,40.55228],[-79.869,40.56036]]]},"properties":{"geoid":"42003419000","population":3108,"svi_overall":33,"svi_socioeconomic":16,"svi_household":32,"svi_minority":7,"svi_housing_transport":82,"coi_level":"Moderate","coi_rank":54,"coi_education":60,"coi_health_env":19,"coi_social_econ":56}},{"type":"Feature","geometry":{"type":"Polygon","coordinates":[[[-79.86587,40.49557],[-79.86281,40.49766],[-79.85922,40.4977],[-79.85918,40.49644],[-79.85687,40.49818],[-79.85112,40.49361],[-79.85654,40.48898],[-79.85954,40.48706],[-79.86117,40.48636],[-79.8655,40.48508],[-79.86579,40.49153],[-79.86587,40.49557]]]},"properties":{"geoid":"42003420000","population":1532,"svi_overall":55,"svi_socioeconomic":61,"svi_household":69,"svi_minority":31,"svi_housing_transport":38,"coi_level":"Moderate","coi_rank":51,"coi_education":94,"coi_health_env":39,"coi_social_econ":24}},{"type":"Feature","geometry":{"type":"Polygon","coordinates":[[[-79.89116,40.49704],[-79.88736,40.49868],[-79.88364,40.49925],[-79.87908,40.49946],[-79.87863,40.5037],[-79.87268,40.5039],[-79.87278,40.50972],[-79.87162,40.50976],[-79.87224,40.52717],[-79.87174,40.5264],[-79.86726,40.52225],[-79.86758,40.52852],[-79.85527,40.5288],[-79.85489,40.52088],[-79.8505,40.52052],[-79.85097,40.51587],[-79.84933,40.50683],[-79.84886,40.50367],[-79.84968,40.4976],[-79.85034,40.49595],[-79.85112,40.49361],[-79.85687,40.49818],[-79.85918,40.49644],[-79.85922,40.4977],[-79.86281,40.49766],[-79.86587,40.49557],[-79.86579,40.49153],[-79.8655,40.48508],[-79.87726,40.48318],[-79.88381,40.48322],[-79.8882,40.48396],[-79.88818,40.48645],[-79.8846,40.48734],[-79.88449,40.48896],[-79.88461,40.49093],[-79.88984,40.49153],[-79.88997,40.49481],[-79.89116,40.49704]]]},"properties":{"geoid":"42003421100","population":4959,"svi_overall":18,"svi_socioeconomic":2,"svi_household":31,"svi_minority":24,"svi_housing_transport":63,"coi_level":"Very High","coi_rank":96,"coi_education":98,"coi_health_env":77,"coi_social_econ":95}},{"type":"Feature","geometry":{"type":"MultiPolygon","coordinates":[[[[-79.93766,40.53416],[-79.92712,40.53428],[-79.92715,40.53586],[-79.9131,40.53617],[-79.91448,40.53104],[-79.91138,40.53113],[-79.9131,40.53037],[-79.91165,40.52878],[-79.91181,40.5271],[-79.91502,40.52701],[-79.91408,40.5086],[-79.91291,40.50777],[-79.91129,40.50868],[-79.90858,40.50874],[-79.90832,40.50381],[-79.90236,40.50399],[-79.90223,40.50025],[-79.90807,40.50008],[-79.90784,40.49538],[-79.90878,40.49559],[-79.90877,40.49511],[-79.91176,40.49576],[-79.91763,40.49663],[-79.92542,40.4973],[-79.92549,40.49906],[-79.92737,40.49768],[-79.93607,40.49721],[-79.93664,40.51214],[-79.93766,40.53416]]],[[[-79.90215,40.49977],[-79.90105,40.5004],[-79.8994,40.49715],[-79.90002,40.49611],[-79.89787,40.49514],[-79.89682,40.49301],[-79.89896,40.49315],[-79.90172,40.49367],[-79.90215,40.49977]]]]},"properties":{"geoid":"42003421200","population":4247,"svi_overall":21,"svi_socioeconomic":25,"svi_household":64,"svi_minority":30,"svi_housing_transport":11,"coi_level":"Very High","coi_rank":86,"coi_education":91,"coi_health_env":88,"coi_social_econ":81}},{"type":"Feature","geometry":{"type":"Polygon","coordinates":[[[-79.91502,40.52701],[-79.91181,40.5271],[-79.91165,40.52878],[-79.9131,40.53037],[-79.91138,40.53113],[-79.91448,40.53104],[-79.9131,40.53617],[-79.9111,40.53774],[-79.91271,40.54087],[-79.91296,40.54687],[-79.9102,40.54699],[-79.9102,40.54831],[-79.90601,40.54638],[-79.90435,40.5461],[-79.90403,40.53952],[-79.90214,40.53785],[-79.90178,40.53952],[-79.903,40.53959],[-79.90076,40.54368],[-79.89848,40.54263],[-79.89594,40.54615],[-79.89607,40.54869],[-79.8971,40.54919],[-79.89232,40.54952],[-79.89237,40.55099],[-79.89081,40.55103],[-79.88906,40.54933],[-79.88601,40.54895],[-79.88443,40.55097],[-79.87455,40.55211],[-79.87453,40.54679],[-79.86835,40.54691],[-79.8677,40.53595],[-79.85551,40.53642],[-79.85527,40.5288],[-79.86758,40.52852],[-79.86726,40.52225],[-79.87174,40.5264],[-79.87224,40.52717],[-79.87162,40.50976],[-79.87278,40.50972],[-79.87268,40.5039],[-79.87863,40.5037],[-79.87908,40.49946],[-79.88364,40.49925],[-79.88736,40.49868],[-79.89116,40.49704],[-79.88997,40.49481],[-79.88984,40.49153],[-79.89692,40.49262],[-79.89682,40.49301],[-79.89787,40.49514],[-79.90002,40.49611],[-79.8994,40.49715],[-79.90105,40.5004],[-79.90215,40.49977],[-79.90223,40.50025],[-79.90236,40.50399],[-79.90832,40.50381],[-79.90858,40.50874],[-79.91129,40.50868],[-79.91291,40.50777],[-79.91408,40.5086],[-79.91502,40.52701]]]},"properties":{"geoid":"42003422000","population":5299,"svi_overall":1,"svi_socioeconomic":2,"svi_household":19,"svi_minority":22,"svi_housing_transport":1,"coi_level":"Very High","coi_rank":100,"coi_education":99,"coi_health_env":92,"coi_social_econ":100}},{"type":"Feature","geometry":{"type":"Polygon","coordinates":[[[-79.90877,40.49511],[-79.90878,40.49559],[-79.90784,40.49538],[-79.90807,40.50008],[-79.90223,40.50025],[-79.90172,40.49367],[-79.89896,40.49315],[-79.89682,40.49301],[-79.89761,40.48789],[-79.90163,40.48899],[-79.90143,40.4862],[-79.90536,40.48673],[-79.90736,40.48721],[-79.9077,40.4923],[-79.90933,40.49338],[-79.90877,40.49511]]]},"properties":{"geoid":"42003423000","population":2890,"svi_overall":25,"svi_socioeconomic":6,"svi_household":72,"svi_minority":31,"svi_housing_transport":41,"coi_level":"Very High","coi_rank":84,"coi_education":93,"coi_health_env":62,"coi_social_econ":77}},{"type":"Feature","geometry":{"type":"Polygon","coordinates":[[[-79.94046,40.4964],[-79.93607,40.49721],[-79.92737,40.49768],[-79.92549,40.49906],[-79.92542,40.4973],[-79.91763,40.49663],[-79.91176,40.49576],[-79.90877,40.49511],[-79.90933,40.49338],[-79.9077,40.4923],[-79.90736,40.48721],[-79.91519,40.48884],[-79.92357,40.49072],[-79.92793,40.49155],[-79.93218,40.4917],[-79.93558,40.4915],[-79.93836,40.49099],[-79.93889,40.49265],[-79.93864,40.49519],[-79.94002,40.4958],[-79.94046,40.4964]]]},"properties":{"geoid":"42003424000","population":3189,"svi_overall":77,"svi_socioeconomic":74,"svi_household":71,"svi_minority":23,"svi_housing_transport":85,"coi_level":"Low","coi_rank":32,"coi_education":82,"coi_health_env":13,"coi_social_econ":17}},{"type":"Feature","geometry":{"type":"Polygon","coordinates":[[[-79.95828,40.50388],[-79.95539,40.50398],[-79.9562,40.50538],[-79.95076,40.50553],[-79.95189,40.50826],[-79.94862,40.50867],[-79.9475,40.50748],[-79.94614,40.50761],[-79.94323,40.50732],[-79.94473,40.50431],[-79.94249,40.50149],[-79.94055,40.50149],[-79.94046,40.4964],[-79.94002,40.4958],[-79.93864,40.49519],[-79.93889,40.49265],[-79.93836,40.49099],[-79.94762,40.48877],[-79.95127,40.48759],[-79.95572,40.49176],[-79.95656,40.49334],[-79.95472,40.49395],[-79.95032,40.49696],[-79.94812,40.49827],[-79.94942,40.5006],[-79.95068,40.50212],[-79.95425,40.50201],[-79.95821,40.50141],[-79.95828,40.50388]]]},"properties":{"geoid":"42003425000","population":3413,"svi_overall":48,"svi_socioeconomic":58,"svi_household":68,"svi_minority":21,"svi_housing_transport":31,"coi_level":"Low","coi_rank":37,"coi_education":46,"coi_health_env":87,"coi_social_econ":24}},{"type":"Feature","geometry":{"type":"Polygon","coordinates":[[[-79.98892,40.55395],[-79.98269,40.55396],[-79.98272,40.55515],[-79.97903,40.55507],[-79.97929,40.5538],[-79.97123,40.55415],[-79.96734,40.55407],[-79.95843,40.55427],[-79.95954,40.54977],[-79.96076,40.54755],[-79.9644,40.54383],[-79.96466,40.54227],[-79.96269,40.53836],[-79.96389,40.53639],[-79.95992,40.53285],[-79.9602,40.53188],[-79.96044,40.5328],[-79.96331,40.53185],[-79.96645,40.5332],[-79.96776,40.53507],[-79.97055,40.53569],[-79.96803,40.53253],[-79.97103,40.53181],[-79.97338,40.53081],[-79.9724,40.52906],[-79.97252,40.52873],[-79.97477,40.5307],[-79.97732,40.53069],[-79.9781,40.53246],[-79.98376,40.53515],[-79.98417,40.53693],[-79.9862,40.53705],[-79.98832,40.53946],[-79.98892,40.55395]]]},"properties":{"geoid":"42003426300","population":6249,"svi_overall":4,"svi_socioeconomic":16,"svi_household":13,"svi_minority":7,"svi_housing_transport":6,"coi_level":"High","coi_rank":78,"coi_education":57,"coi_health_env":72,"coi_social_econ":84}},{"type":"Feature","geometry":{"type":"Polygon","coordinates":[[[-79.97338,40.53081],[-79.97103,40.53181],[-79.96803,40.53253],[-79.97055,40.53569],[-79.96776,40.53507],[-79.96645,40.5332],[-79.96331,40.53185],[-79.96044,40.5328],[-79.9602,40.53188],[-79.95992,40.53285],[-79.96389,40.53639],[-79.96269,40.53836],[-79.96223,40.53585],[-79.95759,40.53094],[-79.95374,40.53001],[-79.95187,40.52897],[-79.94989,40.52627],[-79.94895,40.52472],[-79.94906,40.52348],[-79.95293,40.52079],[-79.95384,40.5194],[-79.95503,40.51626],[-79.95273,40.51313],[-79.94823,40.51014],[-79.9475,40.50748],[-79.94862,40.50867],[-79.95189,40.50826],[-79.95076,40.50553],[-79.9562,40.50538],[-79.95647,40.50606],[-79.95758,40.50765],[-79.96025,40.50893],[-79.9599,40.50979],[-79.96147,40.51076],[-79.96135,40.51166],[-79.9606,40.51231],[-79.96184,40.51388],[-79.96215,40.51693],[-79.96347,40.5193],[-79.96347,40.52082],[-79.96767,40.52028],[-79.9686,40.52229],[-79.97059,40.52279],[-79.97096,40.52494],[-79.97309,40.52654],[-79.9724,40.52906],[-79.97338,40.53081]]]},"properties":{"geoid":"42003426400","population":4203,"svi_overall":29,"svi_socioeconomic":15,"svi_household":45,"svi_minority":10,"svi_housing_transport":61,"coi_level":"Moderate","coi_rank":58,"coi_education":42,"coi_health_env":61,"coi_social_econ":65}},{"type":"Feature","geometry":{"type":"Polygon","coordinates":[[[-79.95384,40.5194],[-79.95293,40.52079],[-79.94906,40.52348],[-79.94895,40.52472],[-79.94989,40.52627],[-79.95057,40.52721],[-79.94692,40.52859],[-79.9475,40.52994],[-79.94556,40.53183],[-79.94247,40.53119],[-79.93945,40.53163],[-79.93772,40.53462],[-79.93664,40.51214],[-79.93607,40.49721],[-79.94046,40.4964],[-79.94055,40.50149],[-79.94249,40.50149],[-79.94473,40.50431],[-79.94323,40.50732],[-79.94614,40.50761],[-79.9475,40.50748],[-79.94823,40.51014],[-79.95273,40.51313],[-79.95503,40.51626],[-79.95384,40.5194]]]},"properties":{"geoid":"42003426700","population":2218,"svi_overall":6,"svi_socioeconomic":6,"svi_household":3,"svi_minority":11,"svi_housing_transport":46,"coi_level":"High","coi_rank":80,"coi_education":63,"coi_health_env":88,"coi_social_econ":85}},{"type":"Feature","geometry":{"type":"Polygon","coordinates":[[[-79.9644,40.54383],[-79.96076,40.54755],[-79.95954,40.54977],[-79.95843,40.55427],[-79.95022,40.55455],[-79.93868,40.55405],[-79.93853,40.54986],[-79.93772,40.53462],[-79.93945,40.53163],[-79.94247,40.53119],[-79.94556,40.53183],[-79.9475,40.52994],[-79.94692,40.52859],[-79.95057,40.52721],[-79.95187,40.52897],[-79.95374,40.53001],[-79.95759,40.53094],[-79.96223,40.53585],[-79.96269,40.53836],[-79.96466,40.54227],[-79.9644,40.54383]]]},"properties":{"geoid":"42003426800","population":5225,"svi_overall":2,"svi_socioeconomic":5,"svi_household":21,"svi_minority":2,"svi_housing_transport":3,"coi_level":"Very High","coi_rank":83,"coi_education":64,"coi_health_env":98,"coi_social_econ":86}},{"type":"Feature","geometry":{"type":"Polygon","coordinates":[[[-79.98266,40.48307],[-79.97517,40.48338],[-79.97616,40.49532],[-79.97111,40.49545],[-79.97047,40.4929],[-79.96986,40.48365],[-79.97181,40.48358],[-79.97273,40.48164],[-79.97066,40.48076],[-79.96742,40.47899],[-79.96476,40.47792],[-79.96869,40.47276],[-79.97004,40.47112],[-79.97077,40.47067],[-79.97468,40.46944],[-79.9772,40.47086],[-79.97457,40.47221],[-79.97217,40.47551],[-79.97404,40.47724],[-79.97865,40.47883],[-79.97957,40.47709],[-79.98253,40.47729],[-79.98257,40.48158],[-79.98266,40.48307]]]},"properties":{"geoid":"42003427000","population":3377,"svi_overall":48,"svi_socioeconomic":42,"svi_household":28,"svi_minority":20,"svi_housing_transport":80,"coi_level":"Low","coi_rank":39,"coi_education":70,"coi_health_env":28,"coi_social_econ":27}},{"type":"Feature","geometry":{"type":"Polygon","coordinates":[[[-79.98832,40.53946],[-79.9862,40.53705],[-79.98417,40.53693],[-79.98376,40.53515],[-79.9781,40.53246],[-79.97732,40.53069],[-79.97477,40.5307],[-79.97252,40.52873],[-79.97309,40.52654],[-79.97096,40.52494],[-79.97059,40.52279],[-79.9686,40.52229],[-79.96767,40.52028],[-79.96347,40.52082],[-79.96347,40.5193],[-79.96215,40.51693],[-79.96184,40.51388],[-79.9606,40.51231],[-79.96135,40.51166],[-79.96147,40.51076],[-79.9599,40.50979],[-79.96025,40.50893],[-79.95758,40.50765],[-79.96343,40.50756],[-79.96611,40.50451],[-79.96937,40.50481],[-79.97218,40.5024],[-79.97585,40.50128],[-79.97778,40.49901],[-79.98016,40.49975],[-79.9813,40.50138],[-79.98413,40.50175],[-79.98568,40.50244],[-79.98647,40.50326],[-79.98699,40.51449],[-79.98821,40.52412],[-79.98832,40.53946]]]},"properties":{"geoid":"42003427100","population":5524,"svi_overall":1,"svi_socioeconomic":7,"svi_household":5,"svi_minority":14,"svi_housing_transport":5,"coi_level":"High","coi_rank":71,"coi_education":38,"coi_health_env":70,"coi_social_econ":85}},{"type":"Feature","geometry":{"type":"Polygon","coordinates":[[[-79.98568,40.50244],[-79.98413,40.50175],[-79.9813,40.50138],[-79.98016,40.49975],[-79.97778,40.49901],[-79.97585,40.50128],[-79.97218,40.5024],[-79.96937,40.50481],[-79.96611,40.50451],[-79.96343,40.50756],[-79.95758,40.50765],[-79.95647,40.50606],[-79.9562,40.50538],[-79.95539,40.50398],[-79.95828,40.50388],[-79.95821,40.50141],[-79.95425,40.50201],[-79.95068,40.50212],[-79.94942,40.5006],[-79.94812,40.49827],[-79.95032,40.49696],[-79.95472,40.49395],[-79.95656,40.49334],[-79.95572,40.49176],[-79.95127,40.48759],[-79.95535,40.48591],[-79.96069,40.48206],[-79.96318,40.47977],[-79.96476,40.47792],[-79.96742,40.47899],[-79.97066,40.48076],[-79.97273,40.48164],[-79.97181,40.48358],[-79.96986,40.48365],[-79.97047,40.4929],[-79.97111,40.49545],[-79.97616,40.49532],[-79.97601,40.4937],[-79.98408,40.49347],[-79.98528,40.49363],[-79.98568,40.50244]]]},"properties":{"geoid":"42003427200","population":4544,"svi_overall":21,"svi_socioeconomic":36,"svi_household":59,"svi_minority":12,"svi_housing_transport":8,"coi_level":"Moderate","coi_rank":55,"coi_education":39,"coi_health_env":86,"coi_social_econ":58}},{"type":"Feature","geometry":{"type":"Polygon","coordinates":[[[-79.98788,40.47631],[-79.98618,40.47784],[-79.9862,40.47832],[-79.98269,40.47807],[-79.98253,40.47729],[-79.97957,40.47709],[-79.97865,40.47883],[-79.97404,40.47724],[-79.97217,40.47551],[-79.97457,40.47221],[-79.9772,40.47086],[-79.97882,40.47153],[-79.98182,40.46935],[-79.98296,40.46727],[-79.98387,40.46633],[-79.98752,40.47555],[-79.98788,40.47631]]]},"properties":{"geoid":"42003428100","population":1200,"svi_overall":3,"svi_socioeconomic":22,"svi_household":17,"svi_minority":9,"svi_housing_transport":1,"coi_level":"High","coi_rank":65,"coi_education":46,"coi_health_env":99,"coi_social_econ":61}},{"type":"Feature","geometry":{"type":"Polygon","coordinates":[[[-80.00394,40.49629],[-79.99797,40.49533],[-79.99558,40.49449],[-79.99521,40.49403],[-79.99415,40.49405],[-79.99426,40.49708],[-79.98963,40.49722],[-79.98971,40.50067],[-79.98565,40.50196],[-79.98528,40.49363],[-79.98408,40.49347],[-79.97601,40.4937],[-79.97517,40.48338],[-79.98266,40.48307],[-79.98257,40.48158],[-79.98253,40.47729],[-79.98269,40.47807],[-79.9862,40.47832],[-79.98618,40.47784],[-79.98788,40.47631],[-79.9881,40.47677],[-79.99503,40.47737],[-79.99342,40.47667],[-79.99228,40.47356],[-79.99186,40.47314],[-79.99755,40.47299],[-79.99761,40.4746],[-79.99584,40.47454],[-79.99535,40.47737],[-79.99652,40.47919],[-80.00169,40.48009],[-80.00177,40.48244],[-80.00322,40.48295],[-80.00394,40.49629]]]},"properties":{"geoid":"42003428200","population":2028,"svi_overall":13,"svi_socioeconomic":35,"svi_household":45,"svi_minority":12,"svi_housing_transport":3,"coi_level":"Moderate","coi_rank":50,"coi_education":50,"coi_health_env":52,"coi_social_econ":48}},{"type":"Feature","geometry":{"type":"Polygon","coordinates":[[[-80.03001,40.51119],[-80.0282,40.50947],[-80.0265,40.50903],[-80.02389,40.50977],[-80.01777,40.51442],[-80.02303,40.52078],[-80.01498,40.51975],[-80.0136,40.51909],[-80.01228,40.51739],[-80.00831,40.51496],[-80.00648,40.51438],[-79.99927,40.51326],[-79.99399,40.51093],[-79.99159,40.50975],[-79.98926,40.507],[-79.98987,40.5053],[-79.98663,40.50628],[-79.98647,40.50326],[-79.98568,40.50244],[-79.98565,40.50196],[-79.98971,40.50067],[-79.98963,40.49722],[-79.99426,40.49708],[-79.99415,40.49405],[-79.99521,40.49403],[-79.99558,40.49449],[-79.99797,40.49533],[-80.00394,40.49629],[-80.01068,40.4991],[-80.01102,40.5009],[-80.01226,40.49889],[-80.01304,40.49874],[-80.01699,40.49984],[-80.01783,40.49736],[-80.02008,40.49772],[-80.02437,40.50279],[-80.02939,40.50608],[-80.02945,40.50964],[-80.03063,40.51137],[-80.03001,40.51119]]]},"properties":{"geoid":"42003429100","population":2532,"svi_overall":18,"svi_socioeconomic":10,"svi_household":21,"svi_minority":19,"svi_housing_transport":52,"coi_level":"High","coi_rank":68,"coi_education":81,"coi_health_env":88,"coi_social_econ":58}},{"type":"Feature","geometry":{"type":"Polygon","coordinates":[[[-80.02087,40.55388],[-80.00746,40.55404],[-79.98892,40.55395],[-79.98846,40.54364],[-79.98892,40.54356],[-79.99292,40.54339],[-79.99433,40.54382],[-79.99388,40.53934],[-79.99355,40.5387],[-79.99522,40.53815],[-79.999,40.53515],[-80.00047,40.53176],[-80.00377,40.5323],[-80.00386,40.53034],[-80.00742,40.52992],[-80.00994,40.53058],[-80.01079,40.53222],[-80.01104,40.5331],[-80.01099,40.53634],[-80.01245,40.54087],[-80.01449,40.54383],[-80.01693,40.54593],[-80.01749,40.54685],[-80.02087,40.55388]]]},"properties":{"geoid":"42003429201","population":4978,"svi_overall":20,"svi_socioeconomic":3,"svi_household":10,"svi_minority":33,"svi_housing_transport":82,"coi_level":"Very High","coi_rank":81,"coi_education":88,"coi_health_env":52,"coi_social_econ":79}},{"type":"Feature","geometry":{"type":"Polygon","coordinates":[[[-80.00742,40.52992],[-80.00386,40.53034],[-80.00377,40.5323],[-80.00047,40.53176],[-79.999,40.53515],[-79.99522,40.53815],[-79.99355,40.5387],[-79.99388,40.53934],[-79.99433,40.54382],[-79.99292,40.54339],[-79.98892,40.54356],[-79.98846,40.54364],[-79.98832,40.53946],[-79.98821,40.52412],[-79.98699,40.51449],[-79.98663,40.50628],[-79.98987,40.5053],[-79.98926,40.507],[-79.99159,40.50975],[-79.99399,40.51093],[-79.99927,40.51326],[-80.0042,40.51405],[-80.00549,40.52283],[-80.00563,40.52603],[-80.00616,40.5272],[-80.00703,40.52819],[-80.00994,40.53058],[-80.00742,40.52992]]]},"properties":{"geoid":"42003429202","population":4514,"svi_overall":5,"svi_socioeconomic":3,"svi_household":35,"svi_minority":3,"svi_housing_transport":14,"coi_level":"Very High","coi_rank":84,"coi_education":75,"coi_health_env":86,"coi_social_econ":89}},{"type":"Feature","geometry":{"type":"Polygon","coordinates":[[[-80.06473,40.55272],[-80.03822,40.5535],[-80.03597,40.54525],[-80.03591,40.54275],[-80.03634,40.539],[-80.03577,40.53197],[-80.03507,40.52986],[-80.03541,40.52824],[-80.0356,40.52576],[-80.037,40.52743],[-80.03965,40.52744],[-80.04091,40.52852],[-80.04225,40.52706],[-80.03997,40.52226],[-80.04116,40.52207],[-80.0424,40.52171],[-80.04812,40.5219],[-80.04809,40.52114],[-80.05146,40.52045],[-80.05309,40.51661],[-80.05381,40.5178],[-80.0571,40.51708],[-80.05867,40.5176],[-80.06233,40.51587],[-80.06473,40.55272]]]},"properties":{"geoid":"42003429300","population":6533,"svi_overall":20,"svi_socioeconomic":17,"svi_household":28,"svi_minority":23,"svi_housing_transport":39,"coi_level":"High","coi_rank":77,"coi_education":63,"coi_health_env":90,"coi_social_econ":77}},{"type":"Feature","geometry":{"type":"Polygon","coordinates":[[[-80.03822,40.5535],[-80.03493,40.55363],[-80.03433,40.54915],[-80.03073,40.54529],[-80.02511,40.54009],[-80.01968,40.53478],[-80.01913,40.53402],[-80.01811,40.5311],[-80.01804,40.52862],[-80.01522,40.52384],[-80.0136,40.51909],[-80.01498,40.51975],[-80.02303,40.52078],[-80.02529,40.52099],[-80.02881,40.52225],[-80.02895,40.52427],[-80.03496,40.52391],[-80.0356,40.52576],[-80.03541,40.52824],[-80.03507,40.52986],[-80.03577,40.53197],[-80.03634,40.539],[-80.03591,40.54275],[-80.03597,40.54525],[-80.03822,40.5535]]]},"properties":{"geoid":"42003429400","population":4375,"svi_overall":7,"svi_socioeconomic":8,"svi_household":28,"svi_minority":12,"svi_housing_transport":12,"coi_level":"High","coi_rank":75,"coi_education":75,"coi_health_env":53,"coi_social_econ":75}},{"type":"Feature","geometry":{"type":"Polygon","coordinates":[[[-80.03493,40.55363],[-80.02087,40.55388],[-80.01749,40.54685],[-80.01693,40.54593],[-80.01449,40.54383],[-80.01245,40.54087],[-80.01099,40.53634],[-80.01104,40.5331],[-80.01079,40.53222],[-80.00994,40.53058],[-80.00703,40.52819],[-80.00616,40.5272],[-80.00563,40.52603],[-80.00549,40.52283],[-80.0042,40.51405],[-80.00648,40.51438],[-80.00831,40.51496],[-80.01228,40.51739],[-80.0136,40.51909],[-80.01522,40.52384],[-80.01804,40.52862],[-80.01811,40.5311],[-80.01913,40.53402],[-80.01968,40.53478],[-80.02511,40.54009],[-80.03073,40.54529],[-80.03433,40.54915],[-80.03493,40.55363]]]},"properties":{"geoid":"42003429500","population":4428,"svi_overall":41,"svi_socioeconomic":35,"svi_household":59,"svi_minority":12,"svi_housing_transport":54,"coi_level":"High","coi_rank":73,"coi_education":82,"coi_health_env":66,"coi_social_econ":66}},{"type":"Feature","geometry":{"type":"Polygon","coordinates":[[[-80.06233,40.51587],[-80.05867,40.5176],[-80.0571,40.51708],[-80.05381,40.5178],[-80.05309,40.51661],[-80.05146,40.52045],[-80.04809,40.52114],[-80.04781,40.51875],[-80.04732,40.51301],[-80.03995,40.5153],[-80.0351,40.5159],[-80.03272,40.51671],[-80.03037,40.514],[-80.03308,40.51314],[-80.03526,40.5118],[-80.03627,40.51053],[-80.03689,40.50816],[-80.03697,40.5061],[-80.03835,40.50494],[-80.03978,40.50096],[-80.04291,40.50106],[-80.04539,40.50003],[-80.04541,40.49492],[-80.04602,40.49487],[-80.04712,40.49498],[-80.05132,40.49647],[-80.04795,40.50226],[-80.05085,40.50385],[-80.05829,40.50819],[-80.05984,40.50652],[-80.0616,40.50581],[-80.06233,40.51587]]]},"properties":{"geoid":"42003429600","population":3601,"svi_overall":20,"svi_socioeconomic":17,"svi_household":15,"svi_minority":11,"svi_housing_transport":55,"coi_level":"High","coi_rank":65,"coi_education":67,"coi_health_env":62,"coi_social_econ":62}},{"type":"Feature","geometry":{"type":"Polygon","coordinates":[[[-80.04645,40.48717],[-80.04513,40.48905],[-80.04555,40.49017],[-80.04463,40.49167],[-80.04602,40.49487],[-80.04541,40.49492],[-80.04539,40.50003],[-80.04291,40.50106],[-80.03978,40.50096],[-80.03835,40.50494],[-80.03697,40.5061],[-80.03689,40.50816],[-80.03627,40.51053],[-80.03526,40.5118],[-80.03308,40.51314],[-80.03037,40.514],[-80.03018,40.5138],[-80.03136,40.51157],[-80.03063,40.51137],[-80.02945,40.50964],[-80.02939,40.50608],[-80.02437,40.50279],[-80.02008,40.49772],[-80.02014,40.49595],[-80.02199,40.49385],[-80.02291,40.4953],[-80.02543,40.49534],[-80.0259,40.49681],[-80.0278,40.49613],[-80.02779,40.49111],[-80.03545,40.49094],[-80.03749,40.49007],[-80.04072,40.49146],[-80.04645,40.48717]]]},"properties":{"geoid":"42003429700","population":2252,"svi_overall":37,"svi_socioeconomic":45,"svi_household":40,"svi_minority":4,"svi_housing_transport":43,"coi_level":"Moderate","coi_rank":55,"coi_education":70,"coi_health_env":89,"coi_social_econ":41}},{"type":"Feature","geometry":{"type":"Polygon","coordinates":[[[-80.03136,40.51157],[-80.03018,40.5138],[-80.02977,40.5156],[-80.0249,40.51942],[-80.02529,40.52099],[-80.02303,40.52078],[-80.01777,40.51442],[-80.02389,40.50977],[-80.0265,40.50903],[-80.0282,40.50947],[-80.03001,40.51119],[-80.03136,40.51157]]]},"properties":{"geoid":"42003430100","population":2052,"svi_overall":15,"svi_socioeconomic":42,"svi_household":17,"svi_minority":9,"svi_housing_transport":11,"coi_level":"Moderate","coi_rank":42,"coi_education":64,"coi_health_env":25,"coi_social_econ":35}},{"type":"Feature","geometry":{"type":"Polygon","coordinates":[[[-80.04812,40.5219],[-80.0424,40.52171],[-80.04116,40.52207],[-80.03997,40.52226],[-80.04225,40.52706],[-80.04091,40.52852],[-80.03965,40.52744],[-80.037,40.52743],[-80.0356,40.52576],[-80.03496,40.52391],[-80.02895,40.52427],[-80.02881,40.52225],[-80.02529,40.52099],[-80.0249,40.51942],[-80.02977,40.5156],[-80.03018,40.5138],[-80.03272,40.51671],[-80.0351,40.5159],[-80.03995,40.5153],[-80.04732,40.51301],[-80.04812,40.5219]]]},"properties":{"geoid":"42003430200","population":4608,"svi_overall":17,"svi_socioeconomic":35,"svi_household":8,"svi_minority":20,"svi_housing_transport":25,"coi_level":"Moderate","coi_rank":53,"coi_education":61,"coi_health_env":11,"coi_social_econ":59}},{"type":"Feature","geometry":{"type":"Polygon","coordinates":[[[-80.05735,40.48901],[-80.05499,40.49196],[-80.05268,40.49415],[-80.05132,40.49647],[-80.04712,40.49498],[-80.04602,40.49487],[-80.04463,40.49167],[-80.04555,40.49017],[-80.04513,40.48905],[-80.04645,40.48717],[-80.04991,40.48553],[-80.0511,40.48379],[-80.05735,40.48731],[-80.05648,40.48793],[-80.05735,40.48901]]]},"properties":{"geoid":"42003431100","population":3244,"svi_overall":40,"svi_socioeconomic":48,"svi_household":21,"svi_minority":26,"svi_housing_transport":54,"coi_level":"Moderate","coi_rank":52,"coi_education":73,"coi_health_env":12,"coi_social_econ":52}},{"type":"Feature","geometry":{"type":"Polygon","coordinates":[[[-80.0616,40.50581],[-80.05984,40.50652],[-80.05829,40.50819],[-80.05085,40.50385],[-80.04795,40.50226],[-80.05058,40.49775],[-80.05617,40.5007],[-80.06138,40.50158],[-80.0616,40.50581]]]},"properties":{"geoid":"42003431400","population":1848,"svi_overall":13,"svi_socioeconomic":10,"svi_household":40,"svi_minority":26,"svi_housing_transport":20,"coi_level":"Moderate","coi_rank":48,"coi_education":40,"coi_health_env":43,"coi_social_econ":50}},{"type":"Feature","geometry":{"type":"Polygon","coordinates":[[[-80.06624,40.49098],[-80.06262,40.49384],[-80.0621,40.49445],[-80.06094,40.49556],[-80.06138,40.50158],[-80.05617,40.5007],[-80.05058,40.49775],[-80.05268,40.49415],[-80.05499,40.49196],[-80.05735,40.48901],[-80.05648,40.48793],[-80.05735,40.48731],[-80.0511,40.48379],[-80.05318,40.48218],[-80.05464,40.48298],[-80.0636,40.48894],[-80.06624,40.49098]]]},"properties":{"geoid":"42003431500","population":3144,"svi_overall":37,"svi_socioeconomic":45,"svi_household":10,"svi_minority":36,"svi_housing_transport":60,"coi_level":"Low","coi_rank":28,"coi_education":53,"coi_health_env":1,"coi_social_econ":38}},{"type":"Feature","geometry":{"type":"Polygon","coordinates":[[[-80.07536,40.50884],[-80.0685,40.50901],[-80.0616,40.50581],[-80.06113,40.49831],[-80.06587,40.50019],[-80.06787,40.50135],[-80.07133,40.50266],[-80.07209,40.50319],[-80.07503,40.50358],[-80.07536,40.50884]]]},"properties":{"geoid":"42003432300","population":2287,"svi_overall":44,"svi_socioeconomic":37,"svi_household":29,"svi_minority":36,"svi_housing_transport":69,"coi_level":"Moderate","coi_rank":42,"coi_education":38,"coi_health_env":48,"coi_social_econ":42}},{"type":"Feature","geometry":{"type":"Polygon","coordinates":[[[-80.07503,40.50358],[-80.07209,40.50319],[-80.07133,40.50266],[-80.06787,40.50135],[-80.06587,40.50019],[-80.06113,40.49831],[-80.06094,40.49556],[-80.0621,40.49445],[-80.06262,40.49384],[-80.06624,40.49098],[-80.06887,40.4937],[-80.07501,40.4984],[-80.07492,40.50138],[-80.07503,40.50358]]]},"properties":{"geoid":"42003432400","population":2452,"svi_overall":39,"svi_socioeconomic":49,"svi_household":16,"svi_minority":39,"svi_housing_transport":50,"coi_level":"Low","coi_rank":32,"coi_education":47,"coi_health_env":8,"coi_social_econ":37}},{"type":"Feature","geometry":{"type":"Polygon","coordinates":[[[-80.08794,40.50561],[-80.08871,40.50944],[-80.08768,40.51073],[-80.08352,40.51014],[-80.08141,40.51142],[-80.08053,40.51227],[-80.07796,40.51099],[-80.07851,40.51016],[-80.07536,40.50884],[-80.07492,40.50138],[-80.07501,40.4984],[-80.0778,40.50019],[-80.08145,40.50145],[-80.08767,40.50262],[-80.08951,40.50321],[-80.08794,40.50561]]]},"properties":{"geoid":"42003434000","population":1878,"svi_overall":6,"svi_socioeconomic":11,"svi_household":29,"svi_minority":17,"svi_housing_transport":7,"coi_level":"High","coi_rank":79,"coi_education":79,"coi_health_env":51,"coi_social_econ":79}},{"type":"Feature","geometry":{"type":"Polygon","coordinates":[[[-80.10862,40.51322],[-80.10799,40.51464],[-80.10748,40.51683],[-80.1011,40.51549],[-80.09907,40.51463],[-80.09591,40.51479],[-80.09631,40.51641],[-80.08859,40.51662],[-80.08711,40.51707],[-80.08709,40.51309],[-80.08768,40.51073],[-80.08871,40.50944],[-80.08794,40.50561],[-80.08951,40.50321],[-80.09163,40.50385],[-80.09858,40.50698],[-80.10837,40.51053],[-80.10862,40.51322]]]},"properties":{"geoid":"42003435000","population":2524,"svi_overall":60,"svi_socioeconomic":53,"svi_household":60,"svi_minority":33,"svi_housing_transport":69,"coi_level":"Moderate","coi_rank":46,"coi_education":64,"coi_health_env":16,"coi_social_econ":45}},{"type":"Feature","geometry":{"type":"Polygon","coordinates":[[[-80.1221,40.5491],[-80.1199,40.55116],[-80.11567,40.55287],[-80.11386,40.55877],[-80.11353,40.56228],[-80.11395,40.5668],[-80.11668,40.57046],[-80.11389,40.57052],[-80.11391,40.57547],[-80.085,40.55613],[-80.08122,40.55352],[-80.06405,40.54225],[-80.0623,40.51544],[-80.09589,40.52659],[-80.10913,40.53151],[-80.12156,40.53626],[-80.1221,40.5491]]]},"properties":{"geoid":"42003437000","population":7050,"svi_overall":18,"svi_socioeconomic":10,"svi_household":74,"svi_minority":9,"svi_housing_transport":20,"coi_level":"Very High","coi_rank":90,"coi_education":78,"coi_health_env":82,"coi_social_econ":92}},{"type":"Feature","geometry":{"type":"Polygon","coordinates":[[[-80.20679,40.58816],[-80.20417,40.58858],[-80.20212,40.59094],[-80.19847,40.59266],[-80.19535,40.59586],[-80.19499,40.59673],[-80.19328,40.59694],[-80.19023,40.59619],[-80.18652,40.59613],[-80.18454,40.59684],[-80.18519,40.59813],[-80.18801,40.59919],[-80.18848,40.60005],[-80.18405,40.60114],[-80.18476,40.60359],[-80.18382,40.60476],[-80.18186,40.60584],[-80.18054,40.6076],[-80.18076,40.60911],[-80.17788,40.60949],[-80.17603,40.60812],[-80.17372,40.60771],[-80.17202,40.60816],[-80.16998,40.60773],[-80.16938,40.60663],[-80.16682,40.60668],[-80.16579,40.60604],[-80.16083,40.6095],[-80.15869,40.60924],[-80.15865,40.60525],[-80.13377,40.58825],[-80.15602,40.58794],[-80.1554,40.57783],[-80.15665,40.57706],[-80.17052,40.57622],[-80.18152,40.57613],[-80.18102,40.56462],[-80.18143,40.56438],[-80.18651,40.56891],[-80.18949,40.57144],[-80.20801,40.58807],[-80.20679,40.58816]]]},"properties":{"geoid":"42003439000","population":1615,"svi_overall":1,"svi_socioeconomic":6,"svi_household":12,"svi_minority":25,"svi_housing_transport":1,"coi_level":"Very High","coi_rank":92,"coi_education":90,"coi_health_env":40,"coi_social_econ":96}},{"type":"Feature","geometry":{"type":"Polygon","coordinates":[[[-80.19331,40.54145],[-80.18152,40.5486],[-80.17831,40.54532],[-80.17424,40.54814],[-80.17461,40.54974],[-80.17176,40.5507],[-80.17166,40.5484],[-80.17315,40.54884],[-80.17326,40.5472],[-80.17724,40.54427],[-80.17464,40.54162],[-80.17286,40.54054],[-80.17156,40.54128],[-80.16853,40.54058],[-80.16613,40.54115],[-80.16276,40.54408],[-80.16391,40.54672],[-80.1617,40.54745],[-80.16081,40.54526],[-80.159,40.54614],[-80.1589,40.5483],[-80.15627,40.54753],[-80.15629,40.54562],[-80.15724,40.5446],[-80.15438,40.54472],[-80.15653,40.5426],[-80.16127,40.54273],[-80.16314,40.54157],[-80.16869,40.53956],[-80.16945,40.53702],[-80.17225,40.53763],[-80.17525,40.53489],[-80.17865,40.52995],[-80.18682,40.53236],[-80.18998,40.53379],[-80.19104,40.53448],[-80.19271,40.53647],[-80.19525,40.54047],[-80.19331,40.54145]]]},"properties":{"geoid":"42003445500","population":3873,"svi_overall":35,"svi_socioeconomic":37,"svi_household":39,"svi_minority":30,"svi_housing_transport":40,"coi_level":"High","coi_rank":73,"coi_education":84,"coi_health_env":20,"coi_social_econ":76}},{"type":"Feature","geometry":{"type":"Polygon","coordinates":[[[-80.21012,40.55333],[-80.19773,40.56167],[-80.19316,40.56492],[-80.18651,40.56891],[-80.18143,40.56438],[-80.18102,40.56462],[-80.18152,40.56178],[-80.18066,40.55724],[-80.18056,40.54916],[-80.19331,40.54145],[-80.19525,40.54047],[-80.20082,40.54743],[-80.20386,40.55019],[-80.20504,40.55101],[-80.20876,40.55264],[-80.21012,40.55333]]]},"properties":{"geoid":"42003446000","population":1520,"svi_overall":1,"svi_socioeconomic":3,"svi_household":17,"svi_minority":9,"svi_housing_transport":4,"coi_level":"Very High","coi_rank":99,"coi_education":98,"coi_health_env":52,"coi_social_econ":100}},{"type":"Feature","geometry":{"type":"Polygon","coordinates":[[[-80.21898,40.582],[-80.21808,40.58191],[-80.21443,40.581],[-80.21184,40.58249],[-80.21117,40.58499],[-80.20849,40.58683],[-80.20801,40.58807],[-80.18949,40.57144],[-80.18651,40.56891],[-80.19316,40.56492],[-80.19773,40.56167],[-80.20331,40.56622],[-80.20529,40.56457],[-80.20917,40.5671],[-80.20889,40.56728],[-80.21463,40.57136],[-80.21352,40.57224],[-80.2174,40.57471],[-80.21918,40.57946],[-80.21898,40.582]]]},"properties":{"geoid":"42003447000","population":1655,"svi_overall":19,"svi_socioeconomic":20,"svi_household":68,"svi_minority":18,"svi_housing_transport":12,"coi_level":"High","coi_rank":73,"coi_education":81,"coi_health_env":80,"coi_social_econ":65}},{"type":"Feature","geometry":{"type":"Polygon","coordinates":[[[-80.22858,40.57308],[-80.22405,40.57528],[-80.22401,40.57734],[-80.22014,40.57992],[-80.21918,40.57946],[-80.2174,40.57471],[-80.21352,40.57224],[-80.21463,40.57136],[-80.20889,40.56728],[-80.20917,40.5671],[-80.20529,40.56457],[-80.20331,40.56622],[-80.19773,40.56167],[-80.21012,40.55333],[-80.21362,40.55584],[-80.2176,40.55989],[-80.21996,40.56163],[-80.22491,40.56753],[-80.22691,40.57052],[-80.22896,40.57281],[-80.22858,40.57308]]]},"properties":{"geoid":"42003448000","population":1125,"svi_overall":23,"svi_socioeconomic":21,"svi_household":54,"svi_minority":36,"svi_housing_transport":20,"coi_level":"Moderate","coi_rank":47,"coi_education":69,"coi_health_env":23,"coi_social_econ":40}},{"type":"Feature","geometry":{"type":"Polygon","coordinates":[[[-80.25142,40.55603],[-80.23337,40.56959],[-80.22896,40.57281],[-80.22691,40.57052],[-80.22491,40.56753],[-80.21996,40.56163],[-80.2176,40.55989],[-80.21362,40.55584],[-80.21012,40.55333],[-80.20813,40.55229],[-80.2135,40.5443],[-80.21889,40.5455],[-80.22555,40.54463],[-80.23208,40.54793],[-80.23213,40.54722],[-80.23447,40.54593],[-80.23612,40.54571],[-80.23873,40.54668],[-80.24034,40.54641],[-80.24028,40.55326],[-80.24216,40.55317],[-80.24584,40.55643],[-80.24876,40.55465],[-80.25142,40.55603]]]},"properties":{"geoid":"42003449000","population":2455,"svi_overall":36,"svi_socioeconomic":45,"svi_household":79,"svi_minority":11,"svi_housing_transport":17,"coi_level":"High","coi_rank":62,"coi_education":72,"coi_health_env":60,"coi_social_econ":56}},{"type":"Feature","geometry":{"type":"Polygon","coordinates":[[[-80.1716,40.51336],[-80.16809,40.51665],[-80.1668,40.51841],[-80.15667,40.51461],[-80.15505,40.51678],[-80.15431,40.51729],[-80.15241,40.51617],[-80.14964,40.51493],[-80.14875,40.50889],[-80.14629,40.5069],[-80.14791,40.50567],[-80.1503,40.50356],[-80.16113,40.50623],[-80.17223,40.5108],[-80.1716,40.51336]]]},"properties":{"geoid":"42003450700","population":2882,"svi_overall":57,"svi_socioeconomic":53,"svi_household":71,"svi_minority":46,"svi_housing_transport":49,"coi_level":"Very Low","coi_rank":20,"coi_education":20,"coi_health_env":8,"coi_social_econ":31}},{"type":"Feature","geometry":{"type":"Polygon","coordinates":[[[-80.1766,40.52005],[-80.17522,40.52186],[-80.17126,40.5274],[-80.16269,40.52431],[-80.16148,40.52381],[-80.15948,40.52104],[-80.15431,40.51729],[-80.15505,40.51678],[-80.15667,40.51461],[-80.1668,40.51841],[-80.16809,40.51665],[-80.1716,40.51336],[-80.17223,40.5108],[-80.17157,40.50976],[-80.17438,40.51053],[-80.17345,40.51192],[-80.1763,40.51761],[-80.17813,40.51786],[-80.1766,40.52005]]]},"properties":{"geoid":"42003450800","population":2628,"svi_overall":62,"svi_socioeconomic":59,"svi_household":82,"svi_minority":50,"svi_housing_transport":40,"coi_level":"Very Low","coi_rank":18,"coi_education":28,"coi_health_env":6,"coi_social_econ":21}},{"type":"Feature","geometry":{"type":"Polygon","coordinates":[[[-80.24584,40.55643],[-80.24216,40.55317],[-80.24028,40.55326],[-80.24034,40.54641],[-80.23873,40.54668],[-80.23612,40.54571],[-80.23447,40.54593],[-80.23213,40.54722],[-80.23208,40.54793],[-80.22555,40.54463],[-80.21889,40.5455],[-80.2135,40.5443],[-80.20813,40.55229],[-80.20876,40.55264],[-80.20504,40.55101],[-80.20386,40.55019],[-80.20082,40.54743],[-80.19525,40.54047],[-80.19271,40.53647],[-80.19104,40.53448],[-80.18998,40.53379],[-80.18797,40.53293],[-80.18996,40.53103],[-80.19089,40.53171],[-80.19356,40.53451],[-80.19432,40.53551],[-80.19599,40.5371],[-80.19876,40.53798],[-80.20008,40.53797],[-80.20165,40.53663],[-80.2027,40.53411],[-80.20438,40.53266],[-80.2057,40.52842],[-80.20774,40.52689],[-80.21604,40.52369],[-80.21769,40.52008],[-80.21805,40.51953],[-80.21926,40.51818],[-80.22144,40.51698],[-80.22306,40.51884],[-80.22405,40.51962],[-80.22438,40.52014],[-80.22449,40.52554],[-80.2266,40.52648],[-80.22918,40.52601],[-80.22903,40.52797],[-80.23086,40.52955],[-80.22861,40.53285],[-80.22903,40.53392],[-80.23142,40.53599],[-80.23433,40.53769],[-80.23701,40.53833],[-80.23907,40.53945],[-80.24338,40.54035],[-80.24441,40.54139],[-80.24644,40.54184],[-80.24492,40.5421],[-80.2447,40.54338],[-80.24307,40.54446],[-80.24214,40.54674],[-80.24401,40.5505],[-80.24576,40.55274],[-80.24876,40.55465],[-80.24584,40.55643]]]},"properties":{"geoid":"42003451101","population":3734,"svi_overall":11,"svi_socioeconomic":6,"svi_household":55,"svi_minority":4,"svi_housing_transport":19,"coi_level":"Very High","coi_rank":85,"coi_education":86,"coi_health_env":91,"coi_social_econ":84}},{"type":"Feature","geometry":{"type":"Polygon","coordinates":[[[-80.21926,40.51818],[-80.21805,40.51953],[-80.21769,40.52008],[-80.21604,40.52369],[-80.20774,40.52689],[-80.2057,40.52842],[-80.20438,40.53266],[-80.2027,40.53411],[-80.20165,40.53663],[-80.20008,40.53797],[-80.19876,40.53798],[-80.19599,40.5371],[-80.19432,40.53551],[-80.19356,40.53451],[-80.19089,40.53171],[-80.18996,40.53103],[-80.18797,40.53293],[-80.18682,40.53236],[-80.17865,40.52995],[-80.1763,40.52896],[-80.17126,40.5274],[-80.17522,40.52186],[-80.17755,40.52308],[-80.17886,40.52257],[-80.18025,40.52254],[-80.1847,40.52195],[-80.18845,40.51906],[-80.18999,40.51955],[-80.1909,40.52132],[-80.19225,40.52086],[-80.19656,40.51863],[-80.19784,40.51693],[-80.19735,40.51634],[-80.19845,40.51461],[-80.20239,40.50924],[-80.20754,40.50548],[-80.21769,40.51458],[-80.22144,40.51698],[-80.21926,40.51818]]]},"properties":{"geoid":"42003451102","population":6088,"svi_overall":24,"svi_socioeconomic":13,"svi_household":23,"svi_minority":19,"svi_housing_transport":63,"coi_level":"Moderate","coi_rank":60,"coi_education":70,"coi_health_env":33,"coi_social_econ":60}},{"type":"Feature","geometry":{"type":"Polygon","coordinates":[[[-80.27433,40.53931],[-80.26366,40.54723],[-80.25142,40.55603],[-80.24876,40.55465],[-80.24576,40.55274],[-80.24401,40.5505],[-80.24214,40.54674],[-80.24307,40.54446],[-80.2447,40.54338],[-80.24492,40.5421],[-80.24644,40.54184],[-80.24441,40.54139],[-80.24338,40.54035],[-80.23907,40.53945],[-80.23701,40.53833],[-80.23433,40.53769],[-80.23142,40.53599],[-80.22903,40.53392],[-80.23046,40.53158],[-80.23234,40.53025],[-80.24091,40.52853],[-80.2437,40.52823],[-80.24442,40.52801],[-80.24787,40.52633],[-80.25641,40.52453],[-80.26038,40.52419],[-80.26314,40.52153],[-80.26449,40.52098],[-80.2701,40.53129],[-80.27316,40.53758],[-80.27433,40.53931]]]},"properties":{"geoid":"42003451104","population":4128,"svi_overall":1,"svi_socioeconomic":0,"svi_household":9,"svi_minority":13,"svi_housing_transport":10,"coi_level":"Very High","coi_rank":90,"coi_education":85,"coi_health_env":89,"coi_social_econ":90}},{"type":"Feature","geometry":{"type":"Polygon","coordinates":[[[-80.26314,40.52153],[-80.26038,40.52419],[-80.25641,40.52453],[-80.24787,40.52633],[-80.24442,40.52801],[-80.2437,40.52823],[-80.24091,40.52853],[-80.23234,40.53025],[-80.23046,40.53158],[-80.22903,40.53392],[-80.22861,40.53285],[-80.23086,40.52955],[-80.22903,40.52797],[-80.22918,40.52601],[-80.2266,40.52648],[-80.22449,40.52554],[-80.22438,40.52014],[-80.22405,40.51962],[-80.22306,40.51884],[-80.22144,40.51698],[-80.21769,40.51458],[-80.20754,40.50548],[-80.20636,40.50437],[-80.20484,40.50201],[-80.20542,40.5017],[-80.20557,40.50154],[-80.2059,40.49995],[-80.20601,40.49963],[-80.20635,40.49927],[-80.20883,40.49797],[-80.21217,40.49965],[-80.22458,40.50023],[-80.22601,40.50075],[-80.23107,40.50435],[-80.23322,40.50531],[-80.23967,40.50679],[-80.24943,40.50857],[-80.255,40.50938],[-80.25937,40.51163],[-80.26449,40.52098],[-80.26314,40.52153]]]},"properties":{"geoid":"42003451105","population":5697,"svi_overall":15,"svi_socioeconomic":24,"svi_household":2,"svi_minority":25,"svi_housing_transport":53,"coi_level":"High","coi_rank":62,"coi_education":80,"coi_health_env":40,"coi_social_econ":56}},{"type":"Feature","geometry":{"type":"Polygon","coordinates":[[[-80.24943,40.50857],[-80.23967,40.50679],[-80.23322,40.50531],[-80.23107,40.50435],[-80.22601,40.50075],[-80.22458,40.50023],[-80.21217,40.49965],[-80.20883,40.49797],[-80.20635,40.49927],[-80.20601,40.49963],[-80.2059,40.49995],[-80.20557,40.50154],[-80.20542,40.5017],[-80.20484,40.50201],[-80.20636,40.50437],[-80.20754,40.50548],[-80.20239,40.50924],[-80.19845,40.51461],[-80.19735,40.51634],[-80.19784,40.51693],[-80.19656,40.51863],[-80.19225,40.52086],[-80.1909,40.52132],[-80.18999,40.51955],[-80.18845,40.51906],[-80.1847,40.52195],[-80.18025,40.52254],[-80.17886,40.52257],[-80.17755,40.52308],[-80.17522,40.52186],[-80.1766,40.52005],[-80.17813,40.51786],[-80.1763,40.51761],[-80.17345,40.51192],[-80.17438,40.51053],[-80.17157,40.50976],[-80.17223,40.5108],[-80.16113,40.50623],[-80.1503,40.50356],[-80.14791,40.50567],[-80.14629,40.5069],[-80.14425,40.50385],[-80.14161,40.50286],[-80.14128,40.4998],[-80.14229,40.49915],[-80.14493,40.50131],[-80.14704,40.49949],[-80.14851,40.50014],[-80.15271,40.49943],[-80.15522,40.49678],[-80.15464,40.49545],[-80.15285,40.49549],[-80.14971,40.49332],[-80.1492,40.49145],[-80.1503,40.49116],[-80.15272,40.49073],[-80.1531,40.49005],[-80.15254,40.48657],[-80.15469,40.47906],[-80.1558,40.47792],[-80.15669,40.47558],[-80.15563,40.47423],[-80.15227,40.47362],[-80.15178,40.47273],[-80.15396,40.47266],[-80.15668,40.47079],[-80.15563,40.46741],[-80.15588,40.46641],[-80.16005,40.46659],[-80.16135,40.46587],[-80.16234,40.46401],[-80.15953,40.46058],[-80.16111,40.45855],[-80.16166,40.46135],[-80.16451,40.46139],[-80.16757,40.4624],[-80.16907,40.46157],[-80.1675,40.4603],[-80.1687,40.45896],[-80.17229,40.4583],[-80.17832,40.45556],[-80.18238,40.45641],[-80.18328,40.45591],[-80.18641,40.45782],[-80.18837,40.45785],[-80.19288,40.45997],[-80.19286,40.46148],[-80.19645,40.46531],[-80.20136,40.46858],[-80.20516,40.47006],[-80.20976,40.47268],[-80.2115,40.47493],[-80.21225,40.47525],[-80.21379,40.47538],[-80.21434,40.4767],[-80.21713,40.47814],[-80.21859,40.47827],[-80.21911,40.47995],[-80.22058,40.48094],[-80.22282,40.48104],[-80.22206,40.48172],[-80.2242,40.48448],[-80.22551,40.49096],[-80.22802,40.49518],[-80.255,40.50938],[-80.24943,40.50857]]]},"properties":{"geoid":"42003451300","population":7291,"svi_overall":13,"svi_socioeconomic":5,"svi_household":40,"svi_minority":30,"svi_housing_transport":26,"coi_level":"Very High","coi_rank":82,"coi_education":84,"coi_health_env":64,"coi_social_econ":81}},{"type":"Feature","geometry":{"type":"Polygon","coordinates":[[[-80.36081,40.47775],[-80.27433,40.53931],[-80.27316,40.53758],[-80.2701,40.53129],[-80.25937,40.51163],[-80.22802,40.49518],[-80.22551,40.49096],[-80.2242,40.48448],[-80.22206,40.48172],[-80.22282,40.48104],[-80.22058,40.48094],[-80.21911,40.47995],[-80.21859,40.47827],[-80.21713,40.47814],[-80.21434,40.4767],[-80.21379,40.47538],[-80.21225,40.47525],[-80.2115,40.47493],[-80.20976,40.47268],[-80.20516,40.47006],[-80.20136,40.46858],[-80.19645,40.46531],[-80.19286,40.46148],[-80.19288,40.45997],[-80.18837,40.45785],[-80.19257,40.45581],[-80.19356,40.45457],[-80.19794,40.45294],[-80.19966,40.45135],[-80.20255,40.45086],[-80.20456,40.45186],[-80.20648,40.4533],[-80.20845,40.45379],[-80.20819,40.45299],[-80.21179,40.45371],[-80.21283,40.45506],[-80.21348,40.45759],[-80.21438,40.45811],[-80.21523,40.45673],[-80.21707,40.45628],[-80.21768,40.45741],[-80.22103,40.45832],[-80.22129,40.45596],[-80.22239,40.45512],[-80.22419,40.45518],[-80.22443,40.45832],[-80.22698,40.45832],[-80.23075,40.4552],[-80.23296,40.45504],[-80.23376,40.45511],[-80.23503,40.4526],[-80.24005,40.4521],[-80.24471,40.44982],[-80.25007,40.45],[-80.25186,40.44932],[-80.25785,40.4455],[-80.26296,40.44189],[-80.26768,40.441],[-80.27065,40.44177],[-80.27508,40.44205],[-80.27844,40.44286],[-80.28193,40.44275],[-80.28424,40.43988],[-80.28504,40.4335],[-80.2962,40.42548],[-80.3608,40.4776],[-80.36081,40.47775]]]},"properties":{"geoid":"42003452000","population":6375,"svi_overall":17,"svi_socioeconomic":24,"svi_household":12,"svi_minority":12,"svi_housing_transport":38,"coi_level":"High","coi_rank":64,"coi_education":64,"coi_health_env":59,"coi_social_econ":62}},{"type":"Feature","geometry":{"type":"Polygon","coordinates":[[[-80.2391,40.44175],[-80.23314,40.44116],[-80.22735,40.44009],[-80.22363,40.44003],[-80.21553,40.43916],[-80.21179,40.43917],[-80.20865,40.44067],[-80.20308,40.44177],[-80.19858,40.44175],[-80.19411,40.44136],[-80.19175,40.44194],[-80.18977,40.44177],[-80.18321,40.44376],[-80.17859,40.44405],[-80.1743,40.44563],[-80.17204,40.44615],[-80.1723,40.44367],[-80.17106,40.43993],[-80.17151,40.4366],[-80.17273,40.43553],[-80.17056,40.43248],[-80.16982,40.42913],[-80.16862,40.42767],[-80.16836,40.42485],[-80.16887,40.4239],[-80.16806,40.42192],[-80.16786,40.41837],[-80.16749,40.41826],[-80.16873,40.40181],[-80.16959,40.39894],[-80.17097,40.39783],[-80.17215,40.39827],[-80.17251,40.40093],[-80.17554,40.40089],[-80.17768,40.39958],[-80.17988,40.40106],[-80.18464,40.40644],[-80.18894,40.40311],[-80.19039,40.40439],[-80.19204,40.4069],[-80.19249,40.40933],[-80.19545,40.41186],[-80.19746,40.41413],[-80.1984,40.41626],[-80.20048,40.41676],[-80.20169,40.41881],[-80.21037,40.41907],[-80.21206,40.42154],[-80.21315,40.42419],[-80.21951,40.42943],[-80.2234,40.4311],[-80.22651,40.43374],[-80.22909,40.43489],[-80.2342,40.43627],[-80.2363,40.43757],[-80.23932,40.44156],[-80.2391,40.44175]]]},"properties":{"geoid":"42003453003","population":1930,"svi_overall":5,"svi_socioeconomic":11,"svi_household":2,"svi_minority":5,"svi_housing_transport":35,"coi_level":"High","coi_rank":80,"coi_education":74,"coi_health_env":97,"coi_social_econ":73}},{"type":"Feature","geometry":{"type":"Polygon","coordinates":[[[-80.23296,40.45504],[-80.23075,40.4552],[-80.22698,40.45832],[-80.22443,40.45832],[-80.22419,40.45518],[-80.22239,40.45512],[-80.22129,40.45596],[-80.22103,40.45832],[-80.21768,40.45741],[-80.21707,40.45628],[-80.21523,40.45673],[-80.21438,40.45811],[-80.21348,40.45759],[-80.21283,40.45506],[-80.21179,40.45371],[-80.20819,40.45299],[-80.20845,40.45379],[-80.20648,40.4533],[-80.20456,40.45186],[-80.20255,40.45086],[-80.19966,40.45135],[-80.19794,40.45294],[-80.19356,40.45457],[-80.19257,40.45581],[-80.18837,40.45785],[-80.18641,40.45782],[-80.18328,40.45591],[-80.18238,40.45641],[-80.17832,40.45556],[-80.17229,40.4583],[-80.17204,40.44615],[-80.1743,40.44563],[-80.17859,40.44405],[-80.18321,40.44376],[-80.18977,40.44177],[-80.19175,40.44194],[-80.19411,40.44136],[-80.19858,40.44175],[-80.20308,40.44177],[-80.20865,40.44067],[-80.21179,40.43917],[-80.21553,40.43916],[-80.22363,40.44003],[-80.22735,40.44009],[-80.22737,40.44339],[-80.22767,40.44381],[-80.22904,40.44469],[-80.22854,40.44859],[-80.22874,40.45144],[-80.23134,40.45277],[-80.23165,40.45455],[-80.2336,40.45467],[-80.23296,40.45504]]]},"properties":{"geoid":"42003453004","population":7398,"svi_overall":17,"svi_socioeconomic":8,"svi_household":14,"svi_minority":28,"svi_housing_transport":55,"coi_level":"High","coi_rank":65,"coi_education":65,"coi_health_env":59,"coi_social_econ":64}},{"type":"Feature","geometry":{"type":"Polygon","coordinates":[[[-80.19775,40.40474],[-80.19344,40.40635],[-80.19039,40.40439],[-80.18894,40.40311],[-80.18464,40.40644],[-80.17988,40.40106],[-80.17768,40.39958],[-80.18211,40.39767],[-80.18111,40.39636],[-80.18587,40.3942],[-80.18669,40.39329],[-80.18996,40.39229],[-80.19179,40.39416],[-80.18954,40.39606],[-80.18907,40.39722],[-80.19235,40.39937],[-80.19491,40.40316],[-80.19775,40.40474]]]},"properties":{"geoid":"42003455000","population":1459,"svi_overall":10,"svi_socioeconomic":26,"svi_household":23,"svi_minority":15,"svi_housing_transport":8,"coi_level":"Moderate","coi_rank":54,"coi_education":59,"coi_health_env":31,"coi_social_econ":56}},{"type":"Feature","geometry":{"type":"Polygon","coordinates":[[[-80.18446,40.38801],[-80.18319,40.39227],[-80.18423,40.39494],[-80.18111,40.39636],[-80.18211,40.39767],[-80.17768,40.39958],[-80.17554,40.40089],[-80.17251,40.40093],[-80.17215,40.39827],[-80.17097,40.39783],[-80.16959,40.39894],[-80.16873,40.40181],[-80.16981,40.3951],[-80.17011,40.39073],[-80.16868,40.38377],[-80.15723,40.38028],[-80.1504,40.37962],[-80.14376,40.37777],[-80.13874,40.37679],[-80.13607,40.37543],[-80.13212,40.37286],[-80.13014,40.37213],[-80.1254,40.3726],[-80.12429,40.37306],[-80.12059,40.37231],[-80.11969,40.3723],[-80.12206,40.37075],[-80.11998,40.36794],[-80.11995,40.36225],[-80.12056,40.36003],[-80.12061,40.35919],[-80.11803,40.35814],[-80.11433,40.35522],[-80.11445,40.35504],[-80.11526,40.35479],[-80.12034,40.35709],[-80.12116,40.35614],[-80.12352,40.35571],[-80.12529,40.35689],[-80.12928,40.35375],[-80.12822,40.35229],[-80.12908,40.35037],[-80.13089,40.3504],[-80.13312,40.35124],[-80.13681,40.35078],[-80.14087,40.35078],[-80.14271,40.35033],[-80.14389,40.3477],[-80.14755,40.346],[-80.15004,40.34623],[-80.15469,40.34531],[-80.15562,40.34852],[-80.16094,40.3481],[-80.16139,40.34963],[-80.16015,40.35196],[-80.15927,40.35463],[-80.1649,40.36011],[-80.16919,40.36604],[-80.16968,40.36781],[-80.17172,40.37223],[-80.17156,40.37619],[-80.17223,40.37954],[-80.17295,40.38123],[-80.17686,40.38103],[-80.17915,40.38168],[-80.18087,40.38315],[-80.1831,40.38406],[-80.18665,40.38458],[-80.18446,40.38801]]]},"properties":{"geoid":"42003456001","population":4759,"svi_overall":1,"svi_socioeconomic":1,"svi_household":6,"svi_minority":8,"svi_housing_transport":6,"coi_level":"Very High","coi_rank":85,"coi_education":83,"coi_health_env":98,"coi_social_econ":83}},{"type":"Feature","geometry":{"type":"Polygon","coordinates":[[[-80.22124,40.36638],[-80.22044,40.36852],[-80.22295,40.37277],[-80.21928,40.37306],[-80.21716,40.3741],[-80.21523,40.37677],[-80.21584,40.37775],[-80.21477,40.3807],[-80.21314,40.38113],[-80.2112,40.38364],[-80.2098,40.38379],[-80.20978,40.38473],[-80.20756,40.38503],[-80.20465,40.38693],[-80.20472,40.38743],[-80.20184,40.38916],[-80.19826,40.38965],[-80.19602,40.3911],[-80.1935,40.3938],[-80.18954,40.39606],[-80.19179,40.39416],[-80.18996,40.39229],[-80.18669,40.39329],[-80.18587,40.3942],[-80.18423,40.39494],[-80.18319,40.39227],[-80.18446,40.38801],[-80.18665,40.38458],[-80.1831,40.38406],[-80.18087,40.38315],[-80.17915,40.38168],[-80.17686,40.38103],[-80.17295,40.38123],[-80.17223,40.37954],[-80.17156,40.37619],[-80.17172,40.37223],[-80.16968,40.36781],[-80.16919,40.36604],[-80.1649,40.36011],[-80.15927,40.35463],[-80.16015,40.35196],[-80.16139,40.34963],[-80.16094,40.3481],[-80.15562,40.34852],[-80.15469,40.34531],[-80.15004,40.34623],[-80.14755,40.346],[-80.14389,40.3477],[-80.14271,40.35033],[-80.14087,40.35078],[-80.13681,40.35078],[-80.13312,40.35124],[-80.13089,40.3504],[-80.12908,40.35037],[-80.12822,40.35229],[-80.12928,40.35375],[-80.12529,40.35689],[-80.12352,40.35571],[-80.12116,40.35614],[-80.12034,40.35709],[-80.11526,40.35479],[-80.11445,40.35504],[-80.11451,40.35224],[-80.11251,40.35009],[-80.11242,40.34863],[-80.11539,40.34425],[-80.12194,40.3402],[-80.1218,40.33839],[-80.12393,40.33694],[-80.12232,40.3357],[-80.12457,40.33307],[-80.12833,40.33384],[-80.12838,40.33201],[-80.1297,40.33227],[-80.13341,40.33355],[-80.13254,40.33583],[-80.13453,40.33666],[-80.13516,40.33599],[-80.14585,40.32139],[-80.18461,40.33315],[-80.2002,40.34716],[-80.22296,40.3659],[-80.22124,40.36638]]]},"properties":{"geoid":"42003456003","population":7639,"svi_overall":6,"svi_socioeconomic":6,"svi_household":23,"svi_minority":40,"svi_housing_transport":8,"coi_level":"Very High","coi_rank":89,"coi_education":86,"coi_health_env":70,"coi_social_econ":90}},{"type":"Feature","geometry":{"type":"Polygon","coordinates":[[[-80.14585,40.32139],[-80.13516,40.33599],[-80.13453,40.33666],[-80.13254,40.33583],[-80.13341,40.33355],[-80.1297,40.33227],[-80.12838,40.33201],[-80.12833,40.33384],[-80.12457,40.33307],[-80.12232,40.3357],[-80.12393,40.33694],[-80.1218,40.33839],[-80.12194,40.3402],[-80.11539,40.34425],[-80.11242,40.34863],[-80.11251,40.35009],[-80.11451,40.35224],[-80.11445,40.35504],[-80.11433,40.35522],[-80.11251,40.35424],[-80.10988,40.3519],[-80.11013,40.35157],[-80.1101,40.34893],[-80.10801,40.34829],[-80.108,40.34687],[-80.11261,40.3388],[-80.11489,40.33524],[-80.11542,40.33373],[-80.11472,40.33231],[-80.11347,40.33155],[-80.10871,40.33148],[-80.10497,40.33252],[-80.10104,40.3325],[-80.10162,40.33125],[-80.1007,40.32816],[-80.10149,40.32676],[-80.1034,40.32523],[-80.10561,40.32499],[-80.10973,40.32398],[-80.11241,40.32459],[-80.11422,40.32307],[-80.11559,40.32294],[-80.11586,40.31887],[-80.11823,40.31715],[-80.11645,40.31554],[-80.11628,40.31267],[-80.12309,40.3146],[-80.14585,40.32139]]]},"properties":{"geoid":"42003456004","population":5777,"svi_overall":39,"svi_socioeconomic":13,"svi_household":38,"svi_minority":34,"svi_housing_transport":86,"coi_level":"High","coi_rank":72,"coi_education":79,"coi_health_env":71,"coi_social_econ":67}},{"type":"Feature","geometry":{"type":"Polygon","coordinates":[[[-80.12056,40.36003],[-80.11995,40.36225],[-80.11853,40.36341],[-80.11721,40.36745],[-80.11336,40.3668],[-80.11341,40.36536],[-80.1119,40.36446],[-80.107,40.3633],[-80.10429,40.36369],[-80.10398,40.36329],[-80.1068,40.3617],[-80.11105,40.35799],[-80.1117,40.35702],[-80.11209,40.35627],[-80.11251,40.35424],[-80.11433,40.35522],[-80.11803,40.35814],[-80.12061,40.35919],[-80.12056,40.36003]]]},"properties":{"geoid":"42003457100","population":1433,"svi_overall":52,"svi_socioeconomic":57,"svi_household":63,"svi_minority":14,"svi_housing_transport":48,"coi_level":"Moderate","coi_rank":43,"coi_education":56,"coi_health_env":16,"coi_social_econ":46}},{"type":"Feature","geometry":{"type":"Polygon","coordinates":[[[-80.11209,40.35627],[-80.1117,40.35702],[-80.11105,40.35799],[-80.10973,40.35916],[-80.1068,40.3617],[-80.10398,40.36329],[-80.09658,40.36377],[-80.09469,40.36433],[-80.09519,40.36338],[-80.09534,40.36218],[-80.09757,40.35792],[-80.09904,40.35759],[-80.09539,40.3563],[-80.09525,40.3554],[-80.08769,40.35239],[-80.09023,40.35044],[-80.09562,40.35327],[-80.09807,40.35001],[-80.09928,40.34944],[-80.10252,40.34933],[-80.10583,40.34885],[-80.10803,40.35143],[-80.11013,40.35157],[-80.10988,40.3519],[-80.11251,40.35424],[-80.11209,40.35627]]]},"properties":{"geoid":"42003457200","population":3344,"svi_overall":34,"svi_socioeconomic":37,"svi_household":43,"svi_minority":13,"svi_housing_transport":41,"coi_level":"Low","coi_rank":36,"coi_education":48,"coi_health_env":17,"coi_social_econ":38}},{"type":"Feature","geometry":{"type":"Polygon","coordinates":[[[-80.16981,40.3951],[-80.16871,40.402],[-80.16514,40.40734],[-80.16552,40.40974],[-80.16248,40.41063],[-80.16135,40.40896],[-80.15784,40.40939],[-80.15586,40.41023],[-80.1522,40.4081],[-80.15317,40.40453],[-80.15035,40.40088],[-80.14616,40.39597],[-80.14433,40.39449],[-80.1369,40.39373],[-80.13491,40.39417],[-80.13143,40.39613],[-80.1306,40.39651],[-80.1287,40.39699],[-80.12136,40.39792],[-80.11978,40.39743],[-80.11518,40.39457],[-80.11248,40.39463],[-80.11102,40.39515],[-80.10582,40.39943],[-80.10112,40.39334],[-80.09829,40.38734],[-80.09968,40.3847],[-80.09623,40.38514],[-80.09215,40.38454],[-80.09324,40.38256],[-80.09438,40.37809],[-80.09822,40.37344],[-80.09458,40.36861],[-80.09469,40.36433],[-80.09658,40.36377],[-80.10398,40.36329],[-80.10429,40.36369],[-80.107,40.3633],[-80.1119,40.36446],[-80.11341,40.36536],[-80.11336,40.3668],[-80.11721,40.36745],[-80.11853,40.36341],[-80.11995,40.36225],[-80.11998,40.36794],[-80.12206,40.37075],[-80.11969,40.3723],[-80.12059,40.37231],[-80.12429,40.37306],[-80.1254,40.3726],[-80.13014,40.37213],[-80.13212,40.37286],[-80.13607,40.37543],[-80.13874,40.37679],[-80.14376,40.37777],[-80.1504,40.37962],[-80.15723,40.38028],[-80.16868,40.38377],[-80.17011,40.39073],[-80.16981,40.3951]]]},"properties":{"geoid":"42003458001","population":4277,"svi_overall":19,"svi_socioeconomic":16,"svi_household":44,"svi_minority":16,"svi_housing_transport":28,"coi_level":"High","coi_rank":73,"coi_education":56,"coi_health_env":54,"coi_social_econ":83}},{"type":"Feature","geometry":{"type":"Polygon","coordinates":[[[-80.16749,40.41826],[-80.16786,40.41837],[-80.16806,40.42192],[-80.16351,40.42482],[-80.15539,40.43234],[-80.15166,40.43341],[-80.14938,40.4331],[-80.14693,40.43205],[-80.14578,40.43217],[-80.14041,40.43123],[-80.13914,40.43044],[-80.13505,40.43008],[-80.13418,40.4306],[-80.13096,40.42972],[-80.12867,40.4283],[-80.12379,40.42648],[-80.1203,40.42569],[-80.11462,40.4261],[-80.11502,40.42447],[-80.11151,40.42427],[-80.11077,40.42129],[-80.10892,40.42081],[-80.10955,40.4177],[-80.10589,40.4132],[-80.0999,40.41104],[-80.09854,40.39998],[-80.10017,40.39785],[-80.10027,40.39438],[-80.09965,40.39394],[-80.09911,40.3939],[-80.09746,40.38787],[-80.09829,40.38734],[-80.10112,40.39334],[-80.10582,40.39943],[-80.11102,40.39515],[-80.11248,40.39463],[-80.11518,40.39457],[-80.11978,40.39743],[-80.12136,40.39792],[-80.1287,40.39699],[-80.1306,40.39651],[-80.13143,40.39613],[-80.13491,40.39417],[-80.1369,40.39373],[-80.14433,40.39449],[-80.14616,40.39597],[-80.15035,40.40088],[-80.15317,40.40453],[-80.1522,40.4081],[-80.15586,40.41023],[-80.15784,40.40939],[-80.16135,40.40896],[-80.16248,40.41063],[-80.16552,40.40974],[-80.16514,40.40734],[-80.16871,40.402],[-80.16749,40.41826]]]},"properties":{"geoid":"42003458002","population":4582,"svi_overall":30,"svi_socioeconomic":21,"svi_household":51,"svi_minority":23,"svi_housing_transport":43,"coi_level":"High","coi_rank":77,"coi_education":60,"coi_health_env":91,"coi_social_econ":78}},{"type":"Feature","geometry":{"type":"Polygon","coordinates":[[[-80.15522,40.49678],[-80.15271,40.49943],[-80.14851,40.50014],[-80.14704,40.49949],[-80.14493,40.50131],[-80.14229,40.49915],[-80.14128,40.4998],[-80.14161,40.50286],[-80.14425,40.50385],[-80.14629,40.5069],[-80.14875,40.50889],[-80.14964,40.51493],[-80.14371,40.51347],[-80.13811,40.5113],[-80.13321,40.50852],[-80.12553,40.50588],[-80.121,40.50483],[-80.11593,40.50397],[-80.11761,40.50171],[-80.12591,40.48998],[-80.12346,40.48565],[-80.12086,40.48038],[-80.12257,40.4804],[-80.12495,40.48231],[-80.1327,40.48159],[-80.13694,40.48389],[-80.13958,40.48466],[-80.14337,40.48425],[-80.1442,40.48738],[-80.14634,40.49007],[-80.14861,40.49145],[-80.14951,40.49033],[-80.1503,40.49116],[-80.1492,40.49145],[-80.14971,40.49332],[-80.15285,40.49549],[-80.15464,40.49545],[-80.15522,40.49678]]]},"properties":{"geoid":"42003459101","population":1706,"svi_overall":37,"svi_socioeconomic":43,"svi_household":77,"svi_minority":14,"svi_housing_transport":21,"coi_level":"Moderate","coi_rank":51,"coi_education":52,"coi_health_env":52,"coi_social_econ":50}},{"type":"Feature","geometry":{"type":"Polygon","coordinates":[[[-80.1558,40.47792],[-80.15469,40.47906],[-80.15254,40.48657],[-80.1531,40.49005],[-80.15272,40.49073],[-80.1503,40.49116],[-80.14951,40.49033],[-80.14861,40.49145],[-80.14634,40.49007],[-80.1442,40.48738],[-80.14337,40.48425],[-80.13958,40.48466],[-80.13694,40.48389],[-80.1327,40.48159],[-80.12495,40.48231],[-80.12257,40.4804],[-80.12086,40.48038],[-80.12035,40.47951],[-80.11749,40.4737],[-80.11552,40.46918],[-80.11322,40.46657],[-80.11302,40.46582],[-80.11207,40.46348],[-80.11362,40.46025],[-80.11229,40.45809],[-80.11368,40.45861],[-80.12046,40.46015],[-80.12242,40.46022],[-80.12573,40.4568],[-80.1298,40.45598],[-80.13373,40.45593],[-80.13631,40.45517],[-80.13701,40.45608],[-80.13825,40.45642],[-80.14072,40.45749],[-80.14491,40.45705],[-80.14764,40.45742],[-80.14903,40.46006],[-80.15213,40.46181],[-80.15283,40.46551],[-80.15588,40.46641],[-80.15563,40.46741],[-80.15668,40.47079],[-80.15396,40.47266],[-80.15178,40.47273],[-80.15227,40.47362],[-80.15563,40.47423],[-80.15669,40.47558],[-80.1558,40.47792]]]},"properties":{"geoid":"42003459102","population":6293,"svi_overall":18,"svi_socioeconomic":8,"svi_household":36,"svi_minority":6,"svi_housing_transport":49,"coi_level":"High","coi_rank":78,"coi_education":70,"coi_health_env":64,"coi_social_econ":80}},{"type":"Feature","geometry":{"type":"Polygon","coordinates":[[[-80.17151,40.4366],[-80.17106,40.43993],[-80.1723,40.44367],[-80.17204,40.44615],[-80.17229,40.4583],[-80.1687,40.45896],[-80.1675,40.4603],[-80.16907,40.46157],[-80.16757,40.4624],[-80.16451,40.46139],[-80.16166,40.46135],[-80.16111,40.45855],[-80.15953,40.46058],[-80.16234,40.46401],[-80.16135,40.46587],[-80.16005,40.46659],[-80.15588,40.46641],[-80.15283,40.46551],[-80.15213,40.46181],[-80.14903,40.46006],[-80.14764,40.45742],[-80.14491,40.45705],[-80.14072,40.45749],[-80.13825,40.45642],[-80.13701,40.45608],[-80.13631,40.45517],[-80.13373,40.45593],[-80.1298,40.45598],[-80.12573,40.4568],[-80.12242,40.46022],[-80.12046,40.46015],[-80.11368,40.45861],[-80.11229,40.45809],[-80.11239,40.45625],[-80.11267,40.45437],[-80.11135,40.45304],[-80.11003,40.45146],[-80.10448,40.44818],[-80.09072,40.45143],[-80.08952,40.45043],[-80.09103,40.44906],[-80.09011,40.44659],[-80.09017,40.44417],[-80.08924,40.44334],[-80.08407,40.44194],[-80.08289,40.44044],[-80.08038,40.43964],[-80.08636,40.43958],[-80.08567,40.43884],[-80.08957,40.43629],[-80.09123,40.4371],[-80.09273,40.43235],[-80.09039,40.43093],[-80.09234,40.42847],[-80.09528,40.43],[-80.09648,40.42127],[-80.09943,40.42128],[-80.09883,40.41817],[-80.09801,40.41736],[-80.09789,40.41512],[-80.09999,40.41166],[-80.0999,40.41104],[-80.10589,40.4132],[-80.10955,40.4177],[-80.10892,40.42081],[-80.11077,40.42129],[-80.11151,40.42427],[-80.11502,40.42447],[-80.11462,40.4261],[-80.1203,40.42569],[-80.12379,40.42648],[-80.12867,40.4283],[-80.13096,40.42972],[-80.13418,40.4306],[-80.13505,40.43008],[-80.13914,40.43044],[-80.14041,40.43123],[-80.14578,40.43217],[-80.14693,40.43205],[-80.14938,40.4331],[-80.15166,40.43341],[-80.15539,40.43234],[-80.16351,40.42482],[-80.16806,40.42192],[-80.16887,40.4239],[-80.16836,40.42485],[-80.16862,40.42767],[-80.16982,40.42913],[-80.17056,40.43248],[-80.17273,40.43553],[-80.17151,40.4366]],[[-80.10141,40.42519],[-80.10011,40.42586],[-80.09778,40.42865],[-80.10085,40.43091],[-80.10453,40.42898],[-80.10141,40.42519]]]},"properties":{"geoid":"42003459201","population":7371,"svi_overall":18,"svi_socioeconomic":12,"svi_household":4,"svi_minority":29,"svi_housing_transport":75,"coi_level":"Moderate","coi_rank":59,"coi_education":48,"coi_health_env":43,"coi_social_econ":67}},{"type":"Feature","geometry":{"type":"Polygon","coordinates":[[[-80.10453,40.42898],[-80.10085,40.43091],[-80.09778,40.42865],[-80.10011,40.42586],[-80.10141,40.42519],[-80.10453,40.42898]]]},"properties":{"geoid":"42003459202","population":633,"svi_overall":3,"svi_socioeconomic":20,"svi_household":3,"svi_minority":6,"svi_housing_transport":8,"coi_level":"High","coi_rank":63,"coi_education":71,"coi_health_env":27,"coi_social_econ":64}},{"type":"Feature","geometry":{"type":"Polygon","coordinates":[[[-80.12591,40.48998],[-80.11761,40.50171],[-80.11593,40.50397],[-80.10344,40.50089],[-80.09914,40.49944],[-80.0997,40.49817],[-80.09989,40.49485],[-80.09142,40.49175],[-80.08761,40.48636],[-80.08751,40.4857],[-80.08346,40.47979],[-80.08415,40.47572],[-80.09056,40.47503],[-80.09359,40.4741],[-80.09602,40.47515],[-80.10117,40.47639],[-80.10459,40.48018],[-80.10531,40.48071],[-80.10734,40.48135],[-80.11288,40.48216],[-80.1162,40.4819],[-80.12086,40.48038],[-80.12346,40.48565],[-80.12591,40.48998]]]},"properties":{"geoid":"42003460001","population":4883,"svi_overall":13,"svi_socioeconomic":12,"svi_household":16,"svi_minority":12,"svi_housing_transport":37,"coi_level":"Moderate","coi_rank":58,"coi_education":47,"coi_health_env":68,"coi_social_econ":61}},{"type":"Feature","geometry":{"type":"Polygon","coordinates":[[[-80.12086,40.48038],[-80.1162,40.4819],[-80.11288,40.48216],[-80.10734,40.48135],[-80.10531,40.48071],[-80.10459,40.48018],[-80.10117,40.47639],[-80.09602,40.47515],[-80.09359,40.4741],[-80.09056,40.47503],[-80.08415,40.47572],[-80.08391,40.47565],[-80.08212,40.47465],[-80.0805,40.47205],[-80.07915,40.47105],[-80.07951,40.46923],[-80.08192,40.47005],[-80.08347,40.46765],[-80.07981,40.4667],[-80.0795,40.46504],[-80.07765,40.46581],[-80.0777,40.46474],[-80.07994,40.46337],[-80.08146,40.46063],[-80.08392,40.45947],[-80.08679,40.45986],[-80.09469,40.45968],[-80.09514,40.45928],[-80.09533,40.4575],[-80.0945,40.45134],[-80.09338,40.45076],[-80.10448,40.44818],[-80.11003,40.45146],[-80.11135,40.45304],[-80.11267,40.45437],[-80.11239,40.45625],[-80.11229,40.45809],[-80.11362,40.46025],[-80.11207,40.46348],[-80.11302,40.46582],[-80.11322,40.46657],[-80.11552,40.46918],[-80.11749,40.4737],[-80.12035,40.47951],[-80.12086,40.48038]]]},"properties":{"geoid":"42003460002","population":3716,"svi_overall":36,"svi_socioeconomic":16,"svi_household":58,"svi_minority":12,"svi_housing_transport":71,"coi_level":"Moderate","coi_rank":54,"coi_education":57,"coi_health_env":33,"coi_social_econ":57}},{"type":"Feature","geometry":{"type":"Polygon","coordinates":[[[-80.15977,40.52324],[-80.15251,40.52168],[-80.14727,40.52041],[-80.14347,40.51908],[-80.13773,40.51634],[-80.13418,40.51535],[-80.12886,40.51482],[-80.12029,40.51315],[-80.11251,40.51185],[-80.10837,40.51053],[-80.09858,40.50698],[-80.09163,40.50385],[-80.08767,40.50262],[-80.08145,40.50145],[-80.0778,40.50019],[-80.07501,40.4984],[-80.06887,40.4937],[-80.06753,40.49228],[-80.07818,40.49111],[-80.08104,40.49152],[-80.09162,40.49662],[-80.09914,40.49944],[-80.10344,40.50089],[-80.11593,40.50397],[-80.121,40.50483],[-80.12553,40.50588],[-80.13321,40.50852],[-80.13811,40.5113],[-80.14371,40.51347],[-80.14964,40.51493],[-80.15241,40.51617],[-80.15431,40.51729],[-80.15948,40.52104],[-80.16148,40.52381],[-80.15977,40.52324]]]},"properties":{"geoid":"42003461000","population":946,"svi_overall":12,"svi_socioeconomic":37,"svi_household":30,"svi_minority":13,"svi_housing_transport":4,"coi_level":"Very Low","coi_rank":14,"coi_education":12,"coi_health_env":2,"coi_social_econ":29}},{"type":"Feature","geometry":{"type":"Polygon","coordinates":[[[-80.0997,40.49817],[-80.09914,40.49944],[-80.09162,40.49662],[-80.08104,40.49152],[-80.07818,40.49111],[-80.06753,40.49228],[-80.06624,40.49098],[-80.0636,40.48894],[-80.05464,40.48298],[-80.05173,40.48129],[-80.0484,40.47711],[-80.04787,40.47582],[-80.06526,40.47573],[-80.06617,40.47656],[-80.0712,40.47468],[-80.07572,40.47801],[-80.08297,40.47962],[-80.0829,40.48009],[-80.08346,40.47979],[-80.08751,40.4857],[-80.08761,40.48636],[-80.09142,40.49175],[-80.09989,40.49485],[-80.0997,40.49817]]]},"properties":{"geoid":"42003462100","population":2715,"svi_overall":44,"svi_socioeconomic":28,"svi_household":95,"svi_minority":54,"svi_housing_transport":20,"coi_level":"Very Low","coi_rank":10,"coi_education":9,"coi_health_env":33,"coi_social_econ":8}},{"type":"Feature","geometry":{"type":"Polygon","coordinates":[[[-80.08415,40.47572],[-80.08346,40.47979],[-80.0829,40.48009],[-80.08297,40.47962],[-80.07572,40.47801],[-80.0712,40.47468],[-80.06617,40.47656],[-80.06526,40.47573],[-80.0657,40.47096],[-80.071,40.46961],[-80.07316,40.46893],[-80.0761,40.47036],[-80.07815,40.4701],[-80.07915,40.47105],[-80.0805,40.47205],[-80.08212,40.47465],[-80.08391,40.47565],[-80.08415,40.47572]]]},"properties":{"geoid":"42003462600","population":3669,"svi_overall":66,"svi_socioeconomic":73,"svi_household":73,"svi_minority":58,"svi_housing_transport":37,"coi_level":"Very Low","coi_rank":5,"coi_education":5,"coi_health_env":5,"coi_social_econ":6}},{"type":"Feature","geometry":{"type":"Polygon","coordinates":[[[-80.08192,40.47005],[-80.07951,40.46923],[-80.07915,40.47105],[-80.07815,40.4701],[-80.0761,40.47036],[-80.07316,40.46893],[-80.071,40.46961],[-80.06757,40.47049],[-80.06715,40.46964],[-80.06629,40.46887],[-80.06564,40.46776],[-80.06607,40.4644],[-80.06603,40.46343],[-80.06621,40.46164],[-80.06871,40.46079],[-80.06953,40.46083],[-80.07234,40.46138],[-80.07489,40.46369],[-80.07671,40.4647],[-80.0777,40.46474],[-80.07765,40.46581],[-80.0795,40.46504],[-80.07981,40.4667],[-80.08347,40.46765],[-80.08192,40.47005]]]},"properties":{"geoid":"42003463900","population":3078,"svi_overall":62,"svi_socioeconomic":77,"svi_household":52,"svi_minority":63,"svi_housing_transport":33,"coi_level":"Very Low","coi_rank":5,"coi_education":6,"coi_health_env":2,"coi_social_econ":8}},{"type":"Feature","geometry":{"type":"Polygon","coordinates":[[[-80.07851,40.44653],[-80.07654,40.44801],[-80.07315,40.44866],[-80.07295,40.44833],[-80.06862,40.44785],[-80.0662,40.44939],[-80.06401,40.44763],[-80.06261,40.44724],[-80.0619,40.44781],[-80.06094,40.44671],[-80.0585,40.4446],[-80.05537,40.44394],[-80.06067,40.44209],[-80.06122,40.44064],[-80.06268,40.44189],[-80.0661,40.44202],[-80.07318,40.44109],[-80.07407,40.44034],[-80.07636,40.44182],[-80.07851,40.44653]]]},"properties":{"geoid":"42003464300","population":3351,"svi_overall":29,"svi_socioeconomic":28,"svi_household":48,"svi_minority":28,"svi_housing_transport":32,"coi_level":"Low","coi_rank":36,"coi_education":34,"coi_health_env":49,"coi_social_econ":35}},{"type":"Feature","geometry":{"type":"Polygon","coordinates":[[[-80.06757,40.47049],[-80.0657,40.47096],[-80.06526,40.47573],[-80.04787,40.47582],[-80.04684,40.4724],[-80.05027,40.46929],[-80.05118,40.46561],[-80.05849,40.46345],[-80.06084,40.46419],[-80.06621,40.46164],[-80.06603,40.46343],[-80.06607,40.4644],[-80.06564,40.46776],[-80.06629,40.46887],[-80.06715,40.46964],[-80.06757,40.47049]]]},"properties":{"geoid":"42003464400","population":2815,"svi_overall":94,"svi_socioeconomic":87,"svi_household":94,"svi_minority":71,"svi_housing_transport":89,"coi_level":"Very Low","coi_rank":2,"coi_education":17,"coi_health_env":4,"coi_social_econ":2}},{"type":"Feature","geometry":{"type":"Polygon","coordinates":[[[-80.08014,40.44069],[-80.07636,40.44182],[-80.07407,40.44034],[-80.07318,40.44109],[-80.0661,40.44202],[-80.06268,40.44189],[-80.0576,40.43754],[-80.05913,40.43714],[-80.06029,40.43557],[-80.06123,40.43685],[-80.06124,40.43563],[-80.06567,40.43336],[-80.06764,40.43537],[-80.06757,40.43637],[-80.06697,40.43791],[-80.06868,40.4382],[-80.06954,40.43661],[-80.074,40.4353],[-80.07981,40.4403],[-80.08062,40.44013],[-80.08014,40.44069]]]},"properties":{"geoid":"42003465600","population":2479,"svi_overall":56,"svi_socioeconomic":64,"svi_household":54,"svi_minority":29,"svi_housing_transport":48,"coi_level":"Low","coi_rank":37,"coi_education":55,"coi_health_env":35,"coi_social_econ":31}},{"type":"Feature","geometry":{"type":"Polygon","coordinates":[[[-80.08634,40.4284],[-80.0853,40.4299],[-80.08377,40.43087],[-80.08038,40.43208],[-80.07639,40.43169],[-80.07538,40.43423],[-80.07813,40.43864],[-80.08038,40.43964],[-80.08075,40.43975],[-80.08062,40.44013],[-80.07981,40.4403],[-80.074,40.4353],[-80.06954,40.43661],[-80.06868,40.4382],[-80.06697,40.43791],[-80.06757,40.43637],[-80.06764,40.43537],[-80.06567,40.43336],[-80.06124,40.43563],[-80.06123,40.43685],[-80.06029,40.43557],[-80.05913,40.43714],[-80.05799,40.43636],[-80.05791,40.43147],[-80.05916,40.42934],[-80.06217,40.42906],[-80.06314,40.42792],[-80.06555,40.43036],[-80.06858,40.43137],[-80.07057,40.42864],[-80.07389,40.42547],[-80.08052,40.42373],[-80.08555,40.42385],[-80.085,40.42459],[-80.0867,40.42549],[-80.08634,40.4284]]]},"properties":{"geoid":"42003465800","population":3565,"svi_overall":8,"svi_socioeconomic":10,"svi_household":10,"svi_minority":9,"svi_housing_transport":27,"coi_level":"Moderate","coi_rank":50,"coi_education":58,"coi_health_env":42,"coi_social_econ":46}},{"type":"Feature","geometry":{"type":"Polygon","coordinates":[[[-80.09883,40.41817],[-80.09208,40.42021],[-80.08847,40.41889],[-80.08595,40.41696],[-80.08443,40.41751],[-80.07948,40.41483],[-80.08053,40.41292],[-80.0789,40.41131],[-80.08006,40.41198],[-80.08365,40.40882],[-80.08365,40.40889],[-80.08853,40.40652],[-80.08888,40.40747],[-80.09084,40.40824],[-80.0932,40.41059],[-80.09472,40.41308],[-80.09789,40.41512],[-80.09801,40.41736],[-80.09883,40.41817]]]},"properties":{"geoid":"42003468700","population":1740,"svi_overall":23,"svi_socioeconomic":31,"svi_household":30,"svi_minority":27,"svi_housing_transport":23,"coi_level":"Moderate","coi_rank":41,"coi_education":34,"coi_health_env":18,"coi_social_econ":51}},{"type":"Feature","geometry":{"type":"Polygon","coordinates":[[[-80.09999,40.41166],[-80.09789,40.41512],[-80.09472,40.41308],[-80.0932,40.41059],[-80.09084,40.40824],[-80.08888,40.40747],[-80.08853,40.40652],[-80.08803,40.40674],[-80.08703,40.40418],[-80.08698,40.40327],[-80.08862,40.4022],[-80.09059,40.40145],[-80.09689,40.40044],[-80.09854,40.39998],[-80.09999,40.41166]]]},"properties":{"geoid":"42003468800","population":2522,"svi_overall":25,"svi_socioeconomic":21,"svi_household":34,"svi_minority":19,"svi_housing_transport":43,"coi_level":"Low","coi_rank":35,"coi_education":37,"coi_health_env":22,"coi_social_econ":38}},{"type":"Feature","geometry":{"type":"Polygon","coordinates":[[[-80.08803,40.40674],[-80.08365,40.40889],[-80.08365,40.40882],[-80.08006,40.41198],[-80.07329,40.4078],[-80.07026,40.4064],[-80.06906,40.40462],[-80.06824,40.40268],[-80.06743,40.40098],[-80.06967,40.39857],[-80.07988,40.39988],[-80.0826,40.399],[-80.08668,40.39869],[-80.08703,40.40418],[-80.08803,40.40674]]]},"properties":{"geoid":"42003468900","population":3805,"svi_overall":55,"svi_socioeconomic":40,"svi_household":46,"svi_minority":47,"svi_housing_transport":78,"coi_level":"Low","coi_rank":30,"coi_education":29,"coi_health_env":25,"coi_social_econ":30}},{"type":"Feature","geometry":{"type":"Polygon","coordinates":[[[-80.07387,40.41341],[-80.07191,40.41562],[-80.06656,40.41667],[-80.0661,40.41731],[-80.06689,40.42063],[-80.06717,40.42289],[-80.06552,40.42512],[-80.06373,40.42638],[-80.05724,40.42645],[-80.05378,40.42795],[-80.04738,40.42596],[-80.0466,40.42704],[-80.04665,40.42943],[-80.04271,40.42868],[-80.04315,40.42805],[-80.04169,40.42899],[-80.03837,40.42785],[-80.03483,40.42837],[-80.05121,40.40195],[-80.07033,40.41083],[-80.07444,40.41309],[-80.07387,40.41341]]]},"properties":{"geoid":"42003469000","population":4870,"svi_overall":9,"svi_socioeconomic":6,"svi_household":31,"svi_minority":16,"svi_housing_transport":20,"coi_level":"High","coi_rank":76,"coi_education":73,"coi_health_env":76,"coi_social_econ":73}},{"type":"Feature","geometry":{"type":"Polygon","coordinates":[[[-80.09829,40.38734],[-80.09746,40.38787],[-80.0941,40.38873],[-80.09021,40.38719],[-80.08508,40.38608],[-80.08356,40.38654],[-80.08035,40.39028],[-80.07903,40.39091],[-80.07381,40.39079],[-80.07155,40.39154],[-80.06876,40.39196],[-80.0689,40.3889],[-80.07399,40.38818],[-80.07156,40.38546],[-80.06908,40.3868],[-80.06942,40.38331],[-80.06875,40.38296],[-80.06888,40.38279],[-80.0676,40.38139],[-80.06761,40.38071],[-80.06722,40.37983],[-80.06917,40.3785],[-80.06748,40.37646],[-80.06813,40.37607],[-80.06957,40.37824],[-80.07904,40.3764],[-80.08411,40.37711],[-80.07947,40.37281],[-80.0792,40.37164],[-80.08256,40.37177],[-80.08414,40.36833],[-80.09275,40.37447],[-80.09438,40.3748],[-80.09304,40.37849],[-80.09038,40.38246],[-80.09079,40.38414],[-80.09155,40.38234],[-80.09324,40.38256],[-80.09215,40.38454],[-80.09623,40.38514],[-80.09968,40.3847],[-80.09829,40.38734]]]},"properties":{"geoid":"42003470300","population":4008,"svi_overall":19,"svi_socioeconomic":6,"svi_household":30,"svi_minority":8,"svi_housing_transport":61,"coi_level":"High","coi_rank":66,"coi_education":54,"coi_health_env":62,"coi_social_econ":71}},{"type":"Feature","geometry":{"type":"Polygon","coordinates":[[[-80.09822,40.37344],[-80.09438,40.37809],[-80.09324,40.38256],[-80.09155,40.38234],[-80.09079,40.38414],[-80.09038,40.38246],[-80.09304,40.37849],[-80.09438,40.3748],[-80.09275,40.37447],[-80.08414,40.36833],[-80.08256,40.37177],[-80.0792,40.37164],[-80.078,40.36966],[-80.07655,40.36819],[-80.07359,40.3655],[-80.07267,40.36379],[-80.07282,40.36344],[-80.08142,40.36429],[-80.0835,40.36307],[-80.08569,40.36305],[-80.08694,40.36399],[-80.08752,40.36225],[-80.09304,40.36208],[-80.09483,40.3628],[-80.09519,40.36338],[-80.09469,40.36433],[-80.09458,40.36861],[-80.09822,40.37344]]]},"properties":{"geoid":"42003470400","population":2962,"svi_overall":6,"svi_socioeconomic":2,"svi_household":33,"svi_minority":17,"svi_housing_transport":16,"coi_level":"High","coi_rank":75,"coi_education":53,"coi_health_env":75,"coi_social_econ":84}},{"type":"Feature","geometry":{"type":"Polygon","coordinates":[[[-80.06634,40.39536],[-80.06499,40.39971],[-80.06459,40.40017],[-80.0632,40.40131],[-80.06149,40.40251],[-80.05602,40.40421],[-80.05121,40.40195],[-80.05171,40.40068],[-80.0549,40.40096],[-80.05412,40.3965],[-80.05624,40.3956],[-80.05444,40.39283],[-80.05699,40.39238],[-80.05914,40.39082],[-80.06349,40.39307],[-80.0657,40.39326],[-80.06634,40.39536]]]},"properties":{"geoid":"42003470501","population":4344,"svi_overall":22,"svi_socioeconomic":2,"svi_household":7,"svi_minority":76,"svi_housing_transport":80,"coi_level":"High","coi_rank":66,"coi_education":74,"coi_health_env":56,"coi_social_econ":62}},{"type":"Feature","geometry":{"type":"Polygon","coordinates":[[[-80.07948,40.41483],[-80.0793,40.4161],[-80.07866,40.41647],[-80.07583,40.41473],[-80.07387,40.41341],[-80.07444,40.41309],[-80.07033,40.41083],[-80.05602,40.40421],[-80.06149,40.40251],[-80.0632,40.40131],[-80.06459,40.40017],[-80.06499,40.39971],[-80.06634,40.39536],[-80.0657,40.39326],[-80.06786,40.39218],[-80.06876,40.39196],[-80.07155,40.39154],[-80.07381,40.39079],[-80.07586,40.39247],[-80.07712,40.3974],[-80.07606,40.39867],[-80.07426,40.39919],[-80.06967,40.39857],[-80.06743,40.40098],[-80.06824,40.40268],[-80.06906,40.40462],[-80.07026,40.4064],[-80.07329,40.4078],[-80.0789,40.41131],[-80.08053,40.41292],[-80.07948,40.41483]]]},"properties":{"geoid":"42003470502","population":3061,"svi_overall":19,"svi_socioeconomic":6,"svi_household":54,"svi_minority":12,"svi_housing_transport":43,"coi_level":"High","coi_rank":77,"coi_education":58,"coi_health_env":49,"coi_social_econ":85}},{"type":"Feature","geometry":{"type":"Polygon","coordinates":[[[-80.10017,40.39785],[-80.09854,40.39998],[-80.09689,40.40044],[-80.09059,40.40145],[-80.08862,40.4022],[-80.08698,40.40327],[-80.08668,40.39869],[-80.0826,40.399],[-80.07988,40.39988],[-80.07426,40.39919],[-80.07606,40.39867],[-80.07712,40.3974],[-80.07586,40.39247],[-80.07381,40.39079],[-80.07903,40.39091],[-80.08035,40.39028],[-80.08356,40.38654],[-80.08508,40.38608],[-80.09021,40.38719],[-80.08802,40.38782],[-80.08669,40.38926],[-80.08627,40.39279],[-80.08751,40.39455],[-80.08928,40.39514],[-80.09257,40.39511],[-80.09911,40.3939],[-80.09965,40.39394],[-80.10027,40.39438],[-80.10017,40.39785]]]},"properties":{"geoid":"42003470600","population":3114,"svi_overall":31,"svi_socioeconomic":9,"svi_household":36,"svi_minority":18,"svi_housing_transport":81,"coi_level":"Moderate","coi_rank":43,"coi_education":45,"coi_health_env":36,"coi_social_econ":44}},{"type":"Feature","geometry":{"type":"Polygon","coordinates":[[[-80.09911,40.3939],[-80.09257,40.39511],[-80.08928,40.39514],[-80.08751,40.39455],[-80.08627,40.39279],[-80.08669,40.38926],[-80.08802,40.38782],[-80.09021,40.38719],[-80.0941,40.38873],[-80.09746,40.38787],[-80.09911,40.3939]]]},"properties":{"geoid":"42003471000","population":1254,"svi_overall":20,"svi_socioeconomic":28,"svi_household":27,"svi_minority":8,"svi_housing_transport":28,"coi_level":"Moderate","coi_rank":49,"coi_education":46,"coi_health_env":28,"coi_social_econ":53}},{"type":"Feature","geometry":{"type":"Polygon","coordinates":[[[-80.04186,40.39944],[-80.03635,40.40427],[-80.03559,40.4043],[-80.03563,40.40171],[-80.03658,40.40082],[-80.03249,40.40174],[-80.03198,40.40105],[-80.03176,40.4001],[-80.02939,40.39721],[-80.03234,40.39625],[-80.03428,40.39504],[-80.03586,40.39716],[-80.03833,40.39547],[-80.0395,40.39693],[-80.04086,40.3981],[-80.04186,40.39944]]]},"properties":{"geoid":"42003472100","population":2157,"svi_overall":8,"svi_socioeconomic":8,"svi_household":11,"svi_minority":14,"svi_housing_transport":31,"coi_level":"Moderate","coi_rank":52,"coi_education":62,"coi_health_env":17,"coi_social_econ":54}},{"type":"Feature","geometry":{"type":"Polygon","coordinates":[[[-80.04648,40.39575],[-80.04489,40.39907],[-80.04186,40.39944],[-80.04086,40.3981],[-80.0395,40.39693],[-80.03833,40.39547],[-80.03586,40.39716],[-80.03428,40.39504],[-80.03609,40.39375],[-80.03868,40.39156],[-80.0416,40.38956],[-80.04314,40.38989],[-80.04625,40.3938],[-80.04648,40.39575]]]},"properties":{"geoid":"42003472200","population":2325,"svi_overall":19,"svi_socioeconomic":46,"svi_household":3,"svi_minority":21,"svi_housing_transport":33,"coi_level":"Moderate","coi_rank":56,"coi_education":70,"coi_health_env":35,"coi_social_econ":54}},{"type":"Feature","geometry":{"type":"Polygon","coordinates":[[[-80.03609,40.39375],[-80.03428,40.39504],[-80.03234,40.39625],[-80.03115,40.39662],[-80.0307,40.39536],[-80.03077,40.39501],[-80.0287,40.3913],[-80.03363,40.38981],[-80.0328,40.38825],[-80.03451,40.38841],[-80.03454,40.38956],[-80.03523,40.3905],[-80.03757,40.39248],[-80.03609,40.39375]]]},"properties":{"geoid":"42003472300","population":1847,"svi_overall":31,"svi_socioeconomic":50,"svi_household":18,"svi_minority":18,"svi_housing_transport":34,"coi_level":"Moderate","coi_rank":49,"coi_education":86,"coi_health_env":7,"coi_social_econ":47}},{"type":"Feature","geometry":{"type":"Polygon","coordinates":[[[-80.0416,40.38956],[-80.03868,40.39156],[-80.03757,40.39248],[-80.03523,40.3905],[-80.03454,40.38956],[-80.03451,40.38841],[-80.03511,40.38648],[-80.03677,40.38435],[-80.03887,40.38302],[-80.04092,40.38595],[-80.0406,40.38674],[-80.04292,40.38837],[-80.0416,40.38956]]]},"properties":{"geoid":"42003472400","population":1870,"svi_overall":3,"svi_socioeconomic":10,"svi_household":31,"svi_minority":14,"svi_housing_transport":2,"coi_level":"Moderate","coi_rank":59,"coi_education":58,"coi_health_env":31,"coi_social_econ":64}},{"type":"Feature","geometry":{"type":"Polygon","coordinates":[[[-80.05914,40.39082],[-80.05699,40.39238],[-80.05444,40.39283],[-80.05624,40.3956],[-80.05412,40.3965],[-80.0549,40.40096],[-80.05171,40.40068],[-80.05121,40.40195],[-80.04489,40.39907],[-80.04648,40.39575],[-80.04625,40.3938],[-80.04314,40.38989],[-80.0416,40.38956],[-80.04292,40.38837],[-80.04372,40.38692],[-80.04521,40.38678],[-80.04778,40.38637],[-80.05344,40.38494],[-80.05481,40.3872],[-80.05596,40.38817],[-80.05713,40.38847],[-80.05769,40.38884],[-80.05914,40.39082]]]},"properties":{"geoid":"42003473100","population":4823,"svi_overall":23,"svi_socioeconomic":4,"svi_household":61,"svi_minority":22,"svi_housing_transport":53,"coi_level":"Very High","coi_rank":86,"coi_education":99,"coi_health_env":53,"coi_social_econ":78}},{"type":"Feature","geometry":{"type":"Polygon","coordinates":[[[-80.05344,40.38494],[-80.04778,40.38637],[-80.04521,40.38678],[-80.04372,40.38692],[-80.044,40.38563],[-80.04375,40.38393],[-80.04446,40.38069],[-80.04761,40.37574],[-80.04889,40.37335],[-80.05256,40.38028],[-80.05234,40.38221],[-80.05245,40.38288],[-80.05292,40.38412],[-80.05344,40.38494]]]},"properties":{"geoid":"42003473200","population":3085,"svi_overall":36,"svi_socioeconomic":13,"svi_household":84,"svi_minority":26,"svi_housing_transport":47,"coi_level":"High","coi_rank":79,"coi_education":96,"coi_health_env":31,"coi_social_econ":69}},{"type":"Feature","geometry":{"type":"Polygon","coordinates":[[[-80.04427,40.38151],[-80.04375,40.38393],[-80.044,40.38563],[-80.04372,40.38692],[-80.04292,40.38837],[-80.0406,40.38674],[-80.04092,40.38595],[-80.03887,40.38302],[-80.03677,40.38435],[-80.03511,40.38648],[-80.03451,40.38841],[-80.0328,40.38825],[-80.03363,40.38981],[-80.02783,40.39161],[-80.02132,40.38813],[-80.02229,40.38816],[-80.02313,40.38712],[-80.02022,40.38671],[-80.02017,40.38374],[-80.02276,40.38077],[-80.02345,40.37746],[-80.02122,40.3766],[-80.02246,40.37523],[-80.01848,40.37176],[-80.02172,40.36958],[-80.02792,40.36799],[-80.03022,40.36928],[-80.03194,40.37042],[-80.03289,40.37132],[-80.03641,40.37518],[-80.03651,40.37605],[-80.03788,40.37643],[-80.04073,40.37772],[-80.04293,40.38031],[-80.04446,40.38069],[-80.04427,40.38151]]]},"properties":{"geoid":"42003473300","population":5920,"svi_overall":19,"svi_socioeconomic":2,"svi_household":35,"svi_minority":11,"svi_housing_transport":69,"coi_level":"Very High","coi_rank":87,"coi_education":91,"coi_health_env":49,"coi_social_econ":87}},{"type":"Feature","geometry":{"type":"Polygon","coordinates":[[[-80.04942,40.37179],[-80.04889,40.37335],[-80.04761,40.37574],[-80.04446,40.38069],[-80.04293,40.38031],[-80.04073,40.37772],[-80.03788,40.37643],[-80.03651,40.37605],[-80.03641,40.37518],[-80.03289,40.37132],[-80.03194,40.37042],[-80.03841,40.36878],[-80.03787,40.3683],[-80.04046,40.36741],[-80.04479,40.36389],[-80.0457,40.36348],[-80.04693,40.3632],[-80.04794,40.36405],[-80.0493,40.36807],[-80.0495,40.37115],[-80.04942,40.37179]]]},"properties":{"geoid":"42003473401","population":3830,"svi_overall":14,"svi_socioeconomic":12,"svi_household":29,"svi_minority":6,"svi_housing_transport":32,"coi_level":"Very High","coi_rank":85,"coi_education":92,"coi_health_env":63,"coi_social_econ":82}},{"type":"Feature","geometry":{"type":"Polygon","coordinates":[[[-80.05032,40.35307],[-80.0504,40.35735],[-80.04678,40.36139],[-80.04693,40.3632],[-80.0457,40.36348],[-80.04479,40.36389],[-80.04046,40.36741],[-80.03787,40.3683],[-80.03255,40.36355],[-80.03037,40.36224],[-80.031,40.36117],[-80.03361,40.36262],[-80.03573,40.36081],[-80.03709,40.35637],[-80.03669,40.35489],[-80.03343,40.35515],[-80.03377,40.35445],[-80.03784,40.35363],[-80.03969,40.35179],[-80.04266,40.35273],[-80.05081,40.35112],[-80.05032,40.35307]]]},"properties":{"geoid":"42003473402","population":3759,"svi_overall":13,"svi_socioeconomic":9,"svi_household":36,"svi_minority":15,"svi_housing_transport":25,"coi_level":"Very High","coi_rank":95,"coi_education":100,"coi_health_env":58,"coi_social_econ":89}},{"type":"Feature","geometry":{"type":"Polygon","coordinates":[[[-80.06401,40.362],[-80.06124,40.36649],[-80.0613,40.36762],[-80.06012,40.37056],[-80.0575,40.37388],[-80.05669,40.37513],[-80.05539,40.37769],[-80.05256,40.38028],[-80.04889,40.37335],[-80.04942,40.37179],[-80.0495,40.37115],[-80.0493,40.36807],[-80.04794,40.36405],[-80.04693,40.3632],[-80.04678,40.36139],[-80.0504,40.35735],[-80.05032,40.35307],[-80.05081,40.35112],[-80.05117,40.35105],[-80.05093,40.35301],[-80.06435,40.36176],[-80.06401,40.362]]]},"properties":{"geoid":"42003473500","population":3769,"svi_overall":6,"svi_socioeconomic":0,"svi_household":18,"svi_minority":16,"svi_housing_transport":39,"coi_level":"Very High","coi_rank":99,"coi_education":100,"coi_health_env":77,"coi_social_econ":99}},{"type":"Feature","geometry":{"type":"Polygon","coordinates":[[[-80.07399,40.38818],[-80.0689,40.3889],[-80.06876,40.39196],[-80.06786,40.39218],[-80.0657,40.39326],[-80.06349,40.39307],[-80.05914,40.39082],[-80.05769,40.38884],[-80.05713,40.38847],[-80.05596,40.38817],[-80.05481,40.3872],[-80.05292,40.38412],[-80.05245,40.38288],[-80.05234,40.38221],[-80.05256,40.38028],[-80.05539,40.37769],[-80.05669,40.37513],[-80.0579,40.37493],[-80.06428,40.37744],[-80.06475,40.37821],[-80.06743,40.38119],[-80.06761,40.38071],[-80.0676,40.38139],[-80.06888,40.38279],[-80.06875,40.38296],[-80.06942,40.38331],[-80.06908,40.3868],[-80.07156,40.38546],[-80.07399,40.38818]]]},"properties":{"geoid":"42003473601","population":3888,"svi_overall":34,"svi_socioeconomic":13,"svi_household":82,"svi_minority":18,"svi_housing_transport":50,"coi_level":"Very High","coi_rank":96,"coi_education":98,"coi_health_env":69,"coi_social_econ":96}},{"type":"Feature","geometry":{"type":"Polygon","coordinates":[[[-80.08411,40.37711],[-80.07904,40.3764],[-80.06957,40.37824],[-80.06813,40.37607],[-80.06748,40.37646],[-80.06917,40.3785],[-80.06722,40.37983],[-80.06761,40.38071],[-80.06743,40.38119],[-80.06475,40.37821],[-80.06428,40.37744],[-80.0579,40.37493],[-80.05669,40.37513],[-80.0575,40.37388],[-80.06012,40.37056],[-80.0613,40.36762],[-80.06124,40.36649],[-80.06401,40.362],[-80.06435,40.36176],[-80.07052,40.36351],[-80.07267,40.36379],[-80.07359,40.3655],[-80.07655,40.36819],[-80.078,40.36966],[-80.0792,40.37164],[-80.07947,40.37281],[-80.08411,40.37711]]]},"properties":{"geoid":"42003473602","population":4680,"svi_overall":32,"svi_socioeconomic":6,"svi_household":49,"svi_minority":32,"svi_housing_transport":76,"coi_level":"Very High","coi_rank":91,"coi_education":92,"coi_health_env":69,"coi_social_econ":91}},{"type":"Feature","geometry":{"type":"Polygon","coordinates":[[[-80.09757,40.35792],[-80.09534,40.36218],[-80.09519,40.36338],[-80.09483,40.3628],[-80.09304,40.36208],[-80.08752,40.36225],[-80.08694,40.36399],[-80.08569,40.36305],[-80.0835,40.36307],[-80.08142,40.36429],[-80.07282,40.36344],[-80.07267,40.36379],[-80.07052,40.36351],[-80.06435,40.36176],[-80.05093,40.35301],[-80.05117,40.35105],[-80.05288,40.35074],[-80.05463,40.34666],[-80.05506,40.34703],[-80.05881,40.34918],[-80.06106,40.34975],[-80.06335,40.35276],[-80.06553,40.35708],[-80.07103,40.35782],[-80.07186,40.35831],[-80.07143,40.3566],[-80.0735,40.35523],[-80.07399,40.34886],[-80.0803,40.3456],[-80.08218,40.34506],[-80.08299,40.34832],[-80.08692,40.35206],[-80.08889,40.35476],[-80.09107,40.35583],[-80.09539,40.3563],[-80.09904,40.35759],[-80.09757,40.35792]]]},"properties":{"geoid":"42003474101","population":4247,"svi_overall":17,"svi_socioeconomic":16,"svi_household":64,"svi_minority":23,"svi_housing_transport":11,"coi_level":"Very High","coi_rank":91,"coi_education":97,"coi_health_env":68,"coi_social_econ":88}},{"type":"Feature","geometry":{"type":"Polygon","coordinates":[[[-80.08218,40.34506],[-80.0803,40.3456],[-80.07399,40.34886],[-80.0735,40.35523],[-80.07143,40.3566],[-80.07186,40.35831],[-80.07103,40.35782],[-80.06553,40.35708],[-80.06335,40.35276],[-80.06106,40.34975],[-80.05881,40.34918],[-80.05506,40.34703],[-80.05463,40.34666],[-80.05652,40.34283],[-80.05835,40.33709],[-80.06159,40.32897],[-80.0677,40.31414],[-80.07061,40.31494],[-80.07218,40.31852],[-80.071,40.32098],[-80.06777,40.32365],[-80.06549,40.32475],[-80.06618,40.32777],[-80.06653,40.32856],[-80.06989,40.33188],[-80.0717,40.33402],[-80.07794,40.33922],[-80.07804,40.34029],[-80.07825,40.34132],[-80.08084,40.34284],[-80.08218,40.34506]]]},"properties":{"geoid":"42003474102","population":3881,"svi_overall":34,"svi_socioeconomic":24,"svi_household":62,"svi_minority":26,"svi_housing_transport":41,"coi_level":"Very High","coi_rank":92,"coi_education":95,"coi_health_env":27,"coi_social_econ":94}},{"type":"Feature","geometry":{"type":"Polygon","coordinates":[[[-80.11489,40.33524],[-80.11261,40.3388],[-80.108,40.34687],[-80.10801,40.34829],[-80.1101,40.34893],[-80.11013,40.35157],[-80.10803,40.35143],[-80.10583,40.34885],[-80.10252,40.34933],[-80.09928,40.34944],[-80.09807,40.35001],[-80.09562,40.35327],[-80.09023,40.35044],[-80.08769,40.35239],[-80.09525,40.3554],[-80.09539,40.3563],[-80.09107,40.35583],[-80.08889,40.35476],[-80.08692,40.35206],[-80.08299,40.34832],[-80.08218,40.34506],[-80.08084,40.34284],[-80.07825,40.34132],[-80.07804,40.34029],[-80.07928,40.34052],[-80.08113,40.33963],[-80.08625,40.33968],[-80.08728,40.33904],[-80.09117,40.33894],[-80.09218,40.33793],[-80.09566,40.3373],[-80.09784,40.33778],[-80.09853,40.34002],[-80.0976,40.34114],[-80.1027,40.34378],[-80.10396,40.34353],[-80.10476,40.34042],[-80.10673,40.33912],[-80.10857,40.33695],[-80.11183,40.33544],[-80.11347,40.33155],[-80.11472,40.33231],[-80.11542,40.33373],[-80.11489,40.33524]]]},"properties":{"geoid":"42003474201","population":2695,"svi_overall":1,"svi_socioeconomic":8,"svi_household":17,"svi_minority":21,"svi_housing_transport":1,"coi_level":"Very High","coi_rank":99,"coi_education":99,"coi_health_env":91,"coi_social_econ":99}},{"type":"Feature","geometry":{"type":"Polygon","coordinates":[[[-80.11823,40.31715],[-80.11586,40.31887],[-80.11559,40.32294],[-80.11422,40.32307],[-80.11241,40.32459],[-80.10973,40.32398],[-80.10561,40.32499],[-80.1034,40.32523],[-80.10149,40.32676],[-80.1007,40.32816],[-80.10162,40.33125],[-80.10104,40.3325],[-80.10497,40.33252],[-80.10871,40.33148],[-80.11347,40.33155],[-80.11183,40.33544],[-80.10857,40.33695],[-80.10673,40.33912],[-80.10476,40.34042],[-80.10396,40.34353],[-80.1027,40.34378],[-80.0976,40.34114],[-80.09853,40.34002],[-80.09784,40.33778],[-80.09566,40.3373],[-80.09218,40.33793],[-80.09117,40.33894],[-80.08728,40.33904],[-80.08625,40.33968],[-80.08113,40.33963],[-80.07928,40.34052],[-80.07804,40.34029],[-80.07794,40.33922],[-80.0717,40.33402],[-80.06989,40.33188],[-80.06653,40.32856],[-80.06618,40.32777],[-80.0724,40.32744],[-80.07411,40.32692],[-80.07564,40.32731],[-80.08165,40.32488],[-80.08469,40.32309],[-80.08638,40.32146],[-80.08786,40.31904],[-80.09181,40.30872],[-80.09495,40.30591],[-80.10972,40.31028],[-80.11628,40.31267],[-80.11645,40.31554],[-80.11823,40.31715]]]},"properties":{"geoid":"42003474202","population":5294,"svi_overall":26,"svi_socioeconomic":11,"svi_household":36,"svi_minority":17,"svi_housing_transport":66,"coi_level":"Very High","coi_rank":97,"coi_education":98,"coi_health_env":51,"coi_social_econ":97}},{"type":"Feature","geometry":{"type":"Polygon","coordinates":[[[-80.09181,40.30872],[-80.08786,40.31904],[-80.08638,40.32146],[-80.08469,40.32309],[-80.08165,40.32488],[-80.07564,40.32731],[-80.07411,40.32692],[-80.0724,40.32744],[-80.06618,40.32777],[-80.06549,40.32475],[-80.06777,40.32365],[-80.071,40.32098],[-80.07218,40.31852],[-80.07061,40.31494],[-80.0677,40.31414],[-80.07096,40.30609],[-80.07396,40.29984],[-80.09495,40.30591],[-80.09181,40.30872]]]},"properties":{"geoid":"42003474203","population":4844,"svi_overall":3,"svi_socioeconomic":1,"svi_household":52,"svi_minority":10,"svi_housing_transport":3,"coi_level":"Very High","coi_rank":97,"coi_education":99,"coi_health_env":82,"coi_social_econ":95}},{"type":"Feature","geometry":{"type":"Polygon","coordinates":[[[-80.05428,40.34742],[-80.05288,40.35074],[-80.04266,40.35273],[-80.03969,40.35179],[-80.03784,40.35363],[-80.03377,40.35445],[-80.03343,40.35515],[-80.02822,40.35587],[-80.02713,40.35348],[-80.02305,40.35056],[-80.02371,40.34885],[-80.02663,40.34792],[-80.02731,40.346],[-80.02959,40.34582],[-80.03117,40.34466],[-80.03511,40.34299],[-80.03886,40.34204],[-80.04571,40.3382],[-80.04627,40.3373],[-80.05069,40.33536],[-80.05116,40.33644],[-80.05118,40.33742],[-80.054,40.34571],[-80.05463,40.34666],[-80.05428,40.34742]]]},"properties":{"geoid":"42003475101","population":4606,"svi_overall":44,"svi_socioeconomic":24,"svi_household":52,"svi_minority":16,"svi_housing_transport":81,"coi_level":"High","coi_rank":65,"coi_education":72,"coi_health_env":34,"coi_social_econ":64}},{"type":"Feature","geometry":{"type":"Polygon","coordinates":[[[-80.04571,40.3382],[-80.03886,40.34204],[-80.03511,40.34299],[-80.03117,40.34466],[-80.02959,40.34582],[-80.02731,40.346],[-80.02739,40.3447],[-80.02594,40.34184],[-80.02836,40.34034],[-80.02875,40.3371],[-80.03101,40.33438],[-80.03559,40.32975],[-80.03837,40.32827],[-80.04043,40.32797],[-80.04097,40.32774],[-80.0426,40.32944],[-80.04389,40.3352],[-80.04627,40.3373],[-80.04571,40.3382]]]},"properties":{"geoid":"42003475102","population":1739,"svi_overall":18,"svi_socioeconomic":25,"svi_household":55,"svi_minority":5,"svi_housing_transport":15,"coi_level":"High","coi_rank":78,"coi_education":84,"coi_health_env":36,"coi_social_econ":76}},{"type":"Feature","geometry":{"type":"Polygon","coordinates":[[[-80.07396,40.29984],[-80.07096,40.30609],[-80.06159,40.32897],[-80.05835,40.33709],[-80.05652,40.34283],[-80.05463,40.34666],[-80.054,40.34571],[-80.05118,40.33742],[-80.05116,40.33644],[-80.05069,40.33536],[-80.04627,40.3373],[-80.04389,40.3352],[-80.0426,40.32944],[-80.04097,40.32774],[-80.04043,40.32797],[-80.03849,40.32828],[-80.04118,40.32693],[-80.04594,40.32581],[-80.04706,40.32512],[-80.04784,40.32349],[-80.0469,40.31915],[-80.04737,40.31776],[-80.04836,40.31654],[-80.05166,40.31421],[-80.05294,40.31376],[-80.06429,40.31194],[-80.06589,40.31162],[-80.06738,40.31072],[-80.06809,40.30951],[-80.06743,40.30477],[-80.06928,40.30024],[-80.06921,40.29831],[-80.07238,40.29924],[-80.07396,40.29984]]]},"properties":{"geoid":"42003475200","population":5390,"svi_overall":8,"svi_socioeconomic":8,"svi_household":7,"svi_minority":7,"svi_housing_transport":39,"coi_level":"Very High","coi_rank":81,"coi_education":83,"coi_health_env":65,"coi_social_econ":80}},{"type":"Feature","geometry":{"type":"Polygon","coordinates":[[[-80.04706,40.32512],[-80.04594,40.32581],[-80.04118,40.32693],[-80.03849,40.32828],[-80.03837,40.32827],[-80.03559,40.32975],[-80.03101,40.33438],[-80.02875,40.3371],[-80.02836,40.34034],[-80.02594,40.34184],[-80.02612,40.33874],[-80.02434,40.33619],[-80.02409,40.3336],[-80.02204,40.33054],[-80.02274,40.32854],[-80.02563,40.32718],[-80.02576,40.32478],[-80.02701,40.32121],[-80.02705,40.31888],[-80.02941,40.3152],[-80.03151,40.31349],[-80.033,40.31112],[-80.03726,40.31327],[-80.0409,40.31655],[-80.04418,40.31625],[-80.04737,40.31776],[-80.0469,40.31915],[-80.04784,40.32349],[-80.04706,40.32512]]]},"properties":{"geoid":"42003475301","population":4605,"svi_overall":24,"svi_socioeconomic":25,"svi_household":47,"svi_minority":19,"svi_housing_transport":28,"coi_level":"High","coi_rank":78,"coi_education":91,"coi_health_env":73,"coi_social_econ":64}},{"type":"Feature","geometry":{"type":"Polygon","coordinates":[[[-80.06429,40.31194],[-80.05294,40.31376],[-80.05166,40.31421],[-80.04836,40.31654],[-80.04737,40.31776],[-80.04418,40.31625],[-80.0409,40.31655],[-80.03726,40.31327],[-80.033,40.31112],[-80.03307,40.30885],[-80.03277,40.30811],[-80.03509,40.30745],[-80.03508,40.30638],[-80.03598,40.3052],[-80.03992,40.30528],[-80.04142,40.30022],[-80.04181,40.29698],[-80.04242,40.29733],[-80.04681,40.29816],[-80.0474,40.29933],[-80.05107,40.30042],[-80.05769,40.30482],[-80.05816,40.30536],[-80.05875,40.30963],[-80.06104,40.31097],[-80.06429,40.31194]]]},"properties":{"geoid":"42003475303","population":4208,"svi_overall":10,"svi_socioeconomic":5,"svi_household":31,"svi_minority":3,"svi_housing_transport":31,"coi_level":"Very High","coi_rank":87,"coi_education":82,"coi_health_env":66,"coi_social_econ":91}},{"type":"Feature","geometry":{"type":"Polygon","coordinates":[[[-80.06928,40.30024],[-80.06743,40.30477],[-80.06809,40.30951],[-80.06738,40.31072],[-80.06589,40.31162],[-80.06429,40.31194],[-80.06104,40.31097],[-80.05875,40.30963],[-80.05816,40.30536],[-80.05769,40.30482],[-80.05107,40.30042],[-80.0474,40.29933],[-80.04681,40.29816],[-80.04242,40.29733],[-80.04181,40.29698],[-80.04142,40.30022],[-80.03992,40.30528],[-80.03598,40.3052],[-80.03508,40.30638],[-80.03509,40.30745],[-80.03277,40.30811],[-80.03054,40.30429],[-80.03056,40.30216],[-80.02935,40.29633],[-80.03084,40.29303],[-80.03041,40.29201],[-80.03327,40.28755],[-80.06921,40.29831],[-80.06928,40.30024]]]},"properties":{"geoid":"42003475304","population":5564,"svi_overall":4,"svi_socioeconomic":4,"svi_household":6,"svi_minority":14,"svi_housing_transport":22,"coi_level":"Very High","coi_rank":86,"coi_education":86,"coi_health_env":83,"coi_social_econ":86}},{"type":"Feature","geometry":{"type":"Polygon","coordinates":[[[-80.02849,40.35707],[-80.02268,40.35746],[-80.0229,40.35909],[-80.01709,40.35903],[-80.01163,40.352],[-80.01067,40.35046],[-80.00773,40.34613],[-80.00666,40.34476],[-80.00563,40.34299],[-79.99806,40.33826],[-80.00934,40.32113],[-80.01726,40.32597],[-80.02204,40.33054],[-80.02409,40.3336],[-80.02434,40.33619],[-80.02612,40.33874],[-80.02594,40.34184],[-80.02739,40.3447],[-80.02731,40.346],[-80.02663,40.34792],[-80.02371,40.34885],[-80.02305,40.35056],[-80.02713,40.35348],[-80.02822,40.35587],[-80.02849,40.35707]]]},"properties":{"geoid":"42003475401","population":3913,"svi_overall":14,"svi_socioeconomic":3,"svi_household":26,"svi_minority":6,"svi_housing_transport":56,"coi_level":"Very High","coi_rank":84,"coi_education":76,"coi_health_env":73,"coi_social_econ":89}},{"type":"Feature","geometry":{"type":"Polygon","coordinates":[[[-80.033,40.31112],[-80.03151,40.31349],[-80.02941,40.3152],[-80.02705,40.31888],[-80.02701,40.32121],[-80.02576,40.32478],[-80.02563,40.32718],[-80.02274,40.32854],[-80.02204,40.33054],[-80.01726,40.32597],[-80.00934,40.32113],[-80.01625,40.31066],[-80.02109,40.30353],[-80.02115,40.30235],[-80.0233,40.30052],[-80.02383,40.29844],[-80.02505,40.29779],[-80.02683,40.29484],[-80.03041,40.29201],[-80.03084,40.29303],[-80.02935,40.29633],[-80.03056,40.30216],[-80.03054,40.30429],[-80.03277,40.30811],[-80.03307,40.30885],[-80.033,40.31112]]]},"properties":{"geoid":"42003475402","population":3250,"svi_overall":5,"svi_socioeconomic":8,"svi_household":5,"svi_minority":7,"svi_housing_transport":24,"coi_level":"Very High","coi_rank":86,"coi_education":86,"coi_health_env":61,"coi_social_econ":88}},{"type":"Feature","geometry":{"type":"Polygon","coordinates":[[[-80.03841,40.36878],[-80.03194,40.37042],[-80.03022,40.36928],[-80.02792,40.36799],[-80.02172,40.36958],[-80.01848,40.37176],[-80.02246,40.37523],[-80.02122,40.3766],[-80.01912,40.37603],[-80.01594,40.3743],[-80.01404,40.37233],[-80.01076,40.37537],[-80.01368,40.37661],[-80.01683,40.37685],[-80.01498,40.37894],[-80.01274,40.37952],[-80.0079,40.37824],[-80.00786,40.375],[-80.00671,40.37487],[-80.00457,40.37423],[-80.00637,40.37378],[-80.01032,40.37036],[-80.01272,40.36807],[-80.0137,40.36732],[-80.01743,40.36535],[-80.02281,40.36451],[-80.02369,40.36469],[-80.02708,40.36323],[-80.02799,40.36191],[-80.02874,40.36048],[-80.02849,40.35707],[-80.02822,40.35587],[-80.03343,40.35515],[-80.03669,40.35489],[-80.03709,40.35637],[-80.03573,40.36081],[-80.03361,40.36262],[-80.031,40.36117],[-80.03037,40.36224],[-80.03255,40.36355],[-80.03841,40.36878]]]},"properties":{"geoid":"42003476100","population":4961,"svi_overall":45,"svi_socioeconomic":44,"svi_household":26,"svi_minority":39,"svi_housing_transport":63,"coi_level":"Low","coi_rank":40,"coi_education":75,"coi_health_env":21,"coi_social_econ":31}},{"type":"Feature","geometry":{"type":"Polygon","coordinates":[[[-80.02849,40.36106],[-80.02799,40.36191],[-80.02708,40.36323],[-80.02369,40.36469],[-80.02281,40.36451],[-80.01743,40.36535],[-80.0137,40.36732],[-80.01272,40.36807],[-80.01032,40.37036],[-80.00637,40.37378],[-80.00159,40.37485],[-80.00107,40.37093],[-80.0079,40.36662],[-80.00488,40.3648],[-80.00883,40.36105],[-80.01274,40.36199],[-80.01543,40.3603],[-80.01641,40.359],[-80.0229,40.35909],[-80.02268,40.35746],[-80.02849,40.35707],[-80.02874,40.36048],[-80.02849,40.36106]]]},"properties":{"geoid":"42003476200","population":3322,"svi_overall":4,"svi_socioeconomic":5,"svi_household":10,"svi_minority":9,"svi_housing_transport":16,"coi_level":"High","coi_rank":80,"coi_education":78,"coi_health_env":75,"coi_social_econ":79}},{"type":"Feature","geometry":{"type":"Polygon","coordinates":[[[-80.01641,40.359],[-80.01543,40.3603],[-80.01274,40.36199],[-80.00883,40.36105],[-80.00488,40.3648],[-80.0079,40.36662],[-80.00155,40.37061],[-79.99767,40.3703],[-79.99841,40.36927],[-80.00012,40.36377],[-80.0008,40.36009],[-79.99967,40.35776],[-79.99979,40.35772],[-79.99531,40.3547],[-79.99609,40.35199],[-79.99417,40.35121],[-79.99492,40.35045],[-79.99974,40.3502],[-80.00413,40.34817],[-80.00311,40.3508],[-80.00537,40.35286],[-80.00739,40.35288],[-80.01067,40.35046],[-80.01163,40.352],[-80.01709,40.35903],[-80.01641,40.359]]]},"properties":{"geoid":"42003477100","population":3902,"svi_overall":34,"svi_socioeconomic":19,"svi_household":74,"svi_minority":15,"svi_housing_transport":45,"coi_level":"High","coi_rank":69,"coi_education":58,"coi_health_env":39,"coi_social_econ":78}},{"type":"Feature","geometry":{"type":"Polygon","coordinates":[[[-80.00159,40.37485],[-79.99913,40.37735],[-79.99805,40.37648],[-79.994,40.37585],[-79.99351,40.37835],[-79.9928,40.37862],[-79.99113,40.37893],[-79.98604,40.37783],[-79.98693,40.37509],[-79.98477,40.37212],[-79.98617,40.37025],[-79.98505,40.36817],[-79.98886,40.36395],[-79.98796,40.36239],[-79.99004,40.36158],[-79.99085,40.36113],[-79.99063,40.35831],[-79.9911,40.35631],[-79.98636,40.34744],[-79.98645,40.34658],[-79.98826,40.34876],[-79.98946,40.34947],[-79.99077,40.34987],[-79.99492,40.35045],[-79.99417,40.35121],[-79.99609,40.35199],[-79.99531,40.3547],[-79.99979,40.35772],[-79.99967,40.35776],[-80.0008,40.36009],[-80.00012,40.36377],[-79.99841,40.36927],[-79.99767,40.3703],[-80.00155,40.37061],[-80.00107,40.37093],[-80.00159,40.37485]]]},"properties":{"geoid":"42003477200","population":4489,"svi_overall":46,"svi_socioeconomic":36,"svi_household":51,"svi_minority":13,"svi_housing_transport":71,"coi_level":"High","coi_rank":62,"coi_education":55,"coi_health_env":64,"coi_social_econ":63}},{"type":"Feature","geometry":{"type":"Polygon","coordinates":[[[-79.99063,40.35831],[-79.99085,40.36113],[-79.99004,40.36158],[-79.98796,40.36239],[-79.98333,40.36258],[-79.98234,40.36088],[-79.97485,40.3643],[-79.97141,40.36656],[-79.96448,40.36971],[-79.95891,40.36431],[-79.96429,40.36344],[-79.96583,40.36487],[-79.96812,40.36349],[-79.96677,40.36086],[-79.96582,40.3584],[-79.96527,40.35779],[-79.96845,40.35633],[-79.96946,40.3577],[-79.97284,40.35379],[-79.97142,40.35207],[-79.97416,40.35038],[-79.97671,40.35051],[-79.97397,40.34743],[-79.97311,40.34558],[-79.97566,40.34494],[-79.97578,40.34457],[-79.97776,40.34442],[-79.98507,40.34538],[-79.98645,40.34658],[-79.98636,40.34744],[-79.9911,40.35631],[-79.99063,40.35831]]]},"properties":{"geoid":"42003477300","population":6518,"svi_overall":69,"svi_socioeconomic":58,"svi_household":86,"svi_minority":54,"svi_housing_transport":59,"coi_level":"Low","coi_rank":30,"coi_education":46,"coi_health_env":19,"coi_social_econ":26}},{"type":"Feature","geometry":{"type":"Polygon","coordinates":[[[-79.98886,40.36395],[-79.98505,40.36817],[-79.98617,40.37025],[-79.98477,40.37212],[-79.98693,40.37509],[-79.98604,40.37783],[-79.98483,40.37956],[-79.98335,40.38152],[-79.98195,40.38065],[-79.97765,40.38175],[-79.97615,40.38131],[-79.9758,40.38043],[-79.9755,40.37928],[-79.97546,40.37299],[-79.97516,40.3703],[-79.97528,40.36976],[-79.97608,40.36882],[-79.98033,40.36705],[-79.98488,40.36302],[-79.98796,40.36239],[-79.98886,40.36395]]]},"properties":{"geoid":"42003478100","population":4357,"svi_overall":68,"svi_socioeconomic":54,"svi_household":89,"svi_minority":33,"svi_housing_transport":66,"coi_level":"Low","coi_rank":28,"coi_education":53,"coi_health_env":10,"coi_social_econ":27}},{"type":"Feature","geometry":{"type":"Polygon","coordinates":[[[-79.98488,40.36302],[-79.98033,40.36705],[-79.97608,40.36882],[-79.97528,40.36976],[-79.97516,40.3703],[-79.97546,40.37299],[-79.9755,40.37928],[-79.9758,40.38043],[-79.97615,40.38131],[-79.97685,40.38285],[-79.97765,40.38415],[-79.97648,40.38539],[-79.97408,40.3848],[-79.97124,40.38574],[-79.96926,40.3858],[-79.96877,40.38213],[-79.96676,40.3806],[-79.96278,40.37886],[-79.96506,40.37565],[-79.96162,40.37154],[-79.96263,40.37048],[-79.96489,40.36954],[-79.97141,40.36656],[-79.97485,40.3643],[-79.98234,40.36088],[-79.98333,40.36258],[-79.98796,40.36239],[-79.98488,40.36302]]]},"properties":{"geoid":"42003478200","population":5625,"svi_overall":24,"svi_socioeconomic":18,"svi_household":54,"svi_minority":21,"svi_housing_transport":32,"coi_level":"Low","coi_rank":38,"coi_education":59,"coi_health_env":50,"coi_social_econ":25}},{"type":"Feature","geometry":{"type":"Polygon","coordinates":[[[-80.02303,40.37951],[-80.02276,40.38077],[-80.02017,40.38374],[-80.02022,40.38671],[-80.02313,40.38712],[-80.02229,40.38816],[-80.02132,40.38813],[-80.01816,40.38646],[-80.01711,40.38632],[-80.01633,40.38521],[-80.01416,40.38577],[-80.01258,40.3809],[-80.00764,40.38113],[-80.00768,40.38302],[-80.00512,40.38389],[-80.00173,40.37971],[-80.00536,40.37714],[-80.00671,40.37487],[-80.00786,40.375],[-80.0079,40.37824],[-80.01274,40.37952],[-80.01498,40.37894],[-80.01683,40.37685],[-80.01368,40.37661],[-80.01076,40.37537],[-80.01404,40.37233],[-80.01594,40.3743],[-80.01912,40.37603],[-80.02122,40.3766],[-80.02345,40.37746],[-80.02303,40.37951]]]},"properties":{"geoid":"42003479000","population":1962,"svi_overall":6,"svi_socioeconomic":11,"svi_household":45,"svi_minority":1,"svi_housing_transport":5,"coi_level":"Moderate","coi_rank":58,"coi_education":50,"coi_health_env":47,"coi_social_econ":62}},{"type":"Feature","geometry":{"type":"Polygon","coordinates":[[[-79.99634,40.34867],[-79.99492,40.35045],[-79.99077,40.34987],[-79.98946,40.34947],[-79.98826,40.34876],[-79.98645,40.34658],[-79.98507,40.34538],[-79.97776,40.34442],[-79.97578,40.34457],[-79.97566,40.34494],[-79.97311,40.34558],[-79.97154,40.34404],[-79.96704,40.34239],[-79.96689,40.34181],[-79.96828,40.34182],[-79.96909,40.34039],[-79.97475,40.33732],[-79.97808,40.33721],[-79.97695,40.33634],[-79.97986,40.33645],[-79.98536,40.33343],[-79.98554,40.33003],[-79.98543,40.32953],[-79.98666,40.3312],[-79.98882,40.33247],[-79.99146,40.33552],[-79.99087,40.33956],[-79.99246,40.34469],[-79.99466,40.34667],[-79.99606,40.34768],[-79.99634,40.34867]]]},"properties":{"geoid":"42003480101","population":5599,"svi_overall":89,"svi_socioeconomic":68,"svi_household":83,"svi_minority":55,"svi_housing_transport":99,"coi_level":"Low","coi_rank":26,"coi_education":67,"coi_health_env":18,"coi_social_econ":16}},{"type":"Feature","geometry":{"type":"Polygon","coordinates":[[[-80.01067,40.35046],[-80.00739,40.35288],[-80.00537,40.35286],[-80.00311,40.3508],[-80.00413,40.34817],[-79.99974,40.3502],[-79.99492,40.35045],[-79.99634,40.34867],[-79.99606,40.34768],[-79.99466,40.34667],[-79.99246,40.34469],[-79.99087,40.33956],[-79.99146,40.33552],[-79.98882,40.33247],[-79.99663,40.33721],[-79.99806,40.33826],[-80.00563,40.34299],[-80.00666,40.34476],[-80.00773,40.34613],[-80.01067,40.35046]]]},"properties":{"geoid":"42003480102","population":3110,"svi_overall":17,"svi_socioeconomic":8,"svi_household":65,"svi_minority":28,"svi_housing_transport":20,"coi_level":"High","coi_rank":64,"coi_education":52,"coi_health_env":74,"coi_social_econ":66}},{"type":"Feature","geometry":{"type":"Polygon","coordinates":[[[-79.97416,40.35038],[-79.97142,40.35207],[-79.97284,40.35379],[-79.96946,40.3577],[-79.96845,40.35633],[-79.96527,40.35779],[-79.96582,40.3584],[-79.96677,40.36086],[-79.96812,40.36349],[-79.96583,40.36487],[-79.96429,40.36344],[-79.95891,40.36431],[-79.96448,40.36971],[-79.96263,40.37048],[-79.95707,40.36964],[-79.95366,40.36722],[-79.95026,40.36608],[-79.94896,40.36804],[-79.94815,40.36817],[-79.95026,40.36071],[-79.95226,40.35937],[-79.95448,40.35857],[-79.95597,40.35695],[-79.95898,40.35231],[-79.96063,40.35162],[-79.96129,40.35017],[-79.96538,40.34575],[-79.964,40.345],[-79.96627,40.34202],[-79.96689,40.34181],[-79.96704,40.34239],[-79.97154,40.34404],[-79.97311,40.34558],[-79.97397,40.34743],[-79.97671,40.35051],[-79.97416,40.35038]]]},"properties":{"geoid":"42003480200","population":3758,"svi_overall":20,"svi_socioeconomic":10,"svi_household":54,"svi_minority":21,"svi_housing_transport":32,"coi_level":"Moderate","coi_rank":56,"coi_education":54,"coi_health_env":32,"coi_social_econ":61}},{"type":"Feature","geometry":{"type":"Polygon","coordinates":[[[-79.98,40.4007],[-79.97958,40.40164],[-79.97656,40.40393],[-79.96932,40.40549],[-79.96283,40.40968],[-79.95637,40.41064],[-79.9551,40.41055],[-79.95296,40.41067],[-79.95085,40.40376],[-79.94814,40.40043],[-79.9455,40.39847],[-79.94259,40.39734],[-79.93773,40.39679],[-79.93712,40.39527],[-79.9388,40.39503],[-79.93819,40.39309],[-79.94387,40.39418],[-79.95061,40.39963],[-79.95284,40.40171],[-79.95492,40.40685],[-79.95604,40.40662],[-79.95665,40.40824],[-79.95613,40.41032],[-79.95905,40.40975],[-79.9604,40.40777],[-79.96303,40.40789],[-79.96389,40.40874],[-79.97011,40.40476],[-79.97087,40.40282],[-79.96906,40.40048],[-79.96391,40.39972],[-79.96348,40.39833],[-79.95952,40.39756],[-79.95993,40.39561],[-79.95805,40.3954],[-79.95774,40.38992],[-79.9572,40.3899],[-79.95732,40.38972],[-79.96179,40.39069],[-79.96421,40.38822],[-79.96644,40.38716],[-79.96713,40.38583],[-79.97124,40.38574],[-79.97408,40.3848],[-79.97576,40.38722],[-79.97309,40.38872],[-79.97323,40.39279],[-79.97579,40.39313],[-79.97811,40.39698],[-79.97974,40.39947],[-79.98,40.4007]]]},"properties":{"geoid":"42003480300","population":3680,"svi_overall":16,"svi_socioeconomic":31,"svi_household":34,"svi_minority":20,"svi_housing_transport":10,"coi_level":"Moderate","coi_rank":44,"coi_education":42,"coi_health_env":38,"coi_social_econ":47}},{"type":"Feature","geometry":{"type":"Polygon","coordinates":[[[-79.96926,40.3858],[-79.96713,40.38583],[-79.96644,40.38716],[-79.96421,40.38822],[-79.96179,40.39069],[-79.95732,40.38972],[-79.9572,40.3899],[-79.95244,40.39019],[-79.94951,40.39125],[-79.94729,40.39006],[-79.9444,40.39018],[-79.9421,40.38822],[-79.93653,40.38877],[-79.93539,40.38362],[-79.93548,40.38096],[-79.93645,40.38067],[-79.94254,40.37968],[-79.94334,40.37816],[-79.9455,40.37609],[-79.94367,40.37497],[-79.94274,40.37597],[-79.94063,40.37467],[-79.94239,40.37279],[-79.94577,40.36953],[-79.94787,40.36887],[-79.94815,40.36817],[-79.94896,40.36804],[-79.95026,40.36608],[-79.95366,40.36722],[-79.95707,40.36964],[-79.96263,40.37048],[-79.96162,40.37154],[-79.96506,40.37565],[-79.96278,40.37886],[-79.96676,40.3806],[-79.96877,40.38213],[-79.96926,40.3858]]]},"properties":{"geoid":"42003480400","population":5119,"svi_overall":19,"svi_socioeconomic":12,"svi_household":45,"svi_minority":14,"svi_housing_transport":34,"coi_level":"Moderate","coi_rank":54,"coi_education":42,"coi_health_env":73,"coi_social_econ":57}},{"type":"Feature","geometry":{"type":"Polygon","coordinates":[[[-79.99191,40.40718],[-79.99164,40.40762],[-79.98961,40.41206],[-79.98804,40.41444],[-79.98819,40.41852],[-79.98637,40.41756],[-79.98226,40.41767],[-79.9818,40.41412],[-79.98157,40.41042],[-79.9808,40.40949],[-79.98146,40.40586],[-79.98733,40.40604],[-79.99195,40.40713],[-79.99191,40.40718]]]},"properties":{"geoid":"42003481000","population":3357,"svi_overall":79,"svi_socioeconomic":95,"svi_household":80,"svi_minority":67,"svi_housing_transport":30,"coi_level":"Very Low","coi_rank":4,"coi_education":17,"coi_health_env":7,"coi_social_econ":3}},{"type":"Feature","geometry":{"type":"Polygon","coordinates":[[[-79.93301,40.39764],[-79.92916,40.39926],[-79.92723,40.40093],[-79.92112,40.40831],[-79.9196,40.40977],[-79.91334,40.40525],[-79.91165,40.4031],[-79.9156,40.40096],[-79.91146,40.39892],[-79.90877,40.39986],[-79.90776,40.39905],[-79.90738,40.39959],[-79.90742,40.39685],[-79.90299,40.39489],[-79.90531,40.39317],[-79.90787,40.3881],[-79.90881,40.3876],[-79.91059,40.3896],[-79.91347,40.39014],[-79.91787,40.38804],[-79.91847,40.38848],[-79.9149,40.3934],[-79.91692,40.39393],[-79.91331,40.39698],[-79.9164,40.39879],[-79.91825,40.39931],[-79.92962,40.38974],[-79.93236,40.39151],[-79.93301,40.39764]]]},"properties":{"geoid":"42003482500","population":1747,"svi_overall":33,"svi_socioeconomic":32,"svi_household":42,"svi_minority":41,"svi_housing_transport":36,"coi_level":"Low","coi_rank":22,"coi_education":16,"coi_health_env":10,"coi_social_econ":37}},{"type":"Feature","geometry":{"type":"Polygon","coordinates":[[[-79.91858,40.41076],[-79.91541,40.41323],[-79.91147,40.41485],[-79.90598,40.41571],[-79.90334,40.40903],[-79.90745,40.40875],[-79.90271,40.40328],[-79.90133,40.40379],[-79.89962,40.39944],[-79.90264,40.40132],[-79.9051,40.40008],[-79.90704,40.40006],[-79.90776,40.39905],[-79.90877,40.39986],[-79.91146,40.39892],[-79.9156,40.40096],[-79.91165,40.4031],[-79.91334,40.40525],[-79.9196,40.40977],[-79.91858,40.41076]]]},"properties":{"geoid":"42003483800","population":2905,"svi_overall":96,"svi_socioeconomic":85,"svi_household":100,"svi_minority":79,"svi_housing_transport":79,"coi_level":"Very Low","coi_rank":1,"coi_education":10,"coi_health_env":1,"coi_social_econ":3}},{"type":"Feature","geometry":{"type":"Polygon","coordinates":[[[-79.90745,40.40875],[-79.90334,40.40903],[-79.90598,40.41571],[-79.90152,40.41589],[-79.89963,40.41546],[-79.8979,40.41496],[-79.88988,40.40989],[-79.88451,40.4072],[-79.88706,40.40704],[-79.88751,40.40641],[-79.88437,40.40395],[-79.88425,40.40302],[-79.89053,40.40107],[-79.89612,40.39845],[-79.89368,40.3954],[-79.89428,40.39399],[-79.89361,40.39153],[-79.89465,40.39452],[-79.89777,40.39581],[-79.89964,40.3955],[-79.90176,40.39782],[-79.90195,40.39943],[-79.90063,40.40004],[-79.89962,40.39944],[-79.90133,40.40379],[-79.90271,40.40328],[-79.90745,40.40875]]]},"properties":{"geoid":"42003484300","population":3523,"svi_overall":55,"svi_socioeconomic":52,"svi_household":58,"svi_minority":53,"svi_housing_transport":48,"coi_level":"Very Low","coi_rank":15,"coi_education":23,"coi_health_env":3,"coi_social_econ":21}},{"type":"Feature","geometry":{"type":"Polygon","coordinates":[[[-79.91787,40.38804],[-79.91347,40.39014],[-79.91059,40.3896],[-79.90881,40.3876],[-79.90787,40.3881],[-79.90782,40.38793],[-79.90639,40.38848],[-79.9023,40.38724],[-79.89744,40.38601],[-79.89751,40.38529],[-79.89645,40.38549],[-79.89453,40.38508],[-79.8946,40.38422],[-79.89092,40.38297],[-79.89036,40.38389],[-79.89082,40.38169],[-79.88938,40.38082],[-79.89096,40.37939],[-79.89131,40.37636],[-79.89294,40.37641],[-79.89429,40.37669],[-79.89603,40.37641],[-79.89788,40.3752],[-79.90572,40.37549],[-79.90885,40.3767],[-79.90835,40.37816],[-79.91068,40.37872],[-79.91331,40.38094],[-79.91624,40.38009],[-79.91732,40.3816],[-79.91609,40.38212],[-79.91787,40.38804]]]},"properties":{"geoid":"42003484500","population":5400,"svi_overall":33,"svi_socioeconomic":42,"svi_household":62,"svi_minority":7,"svi_housing_transport":24,"coi_level":"Low","coi_rank":25,"coi_education":20,"coi_health_env":15,"coi_social_econ":38}},{"type":"Feature","geometry":{"type":"Polygon","coordinates":[[[-79.90787,40.3881],[-79.90531,40.39317],[-79.90299,40.39489],[-79.90742,40.39685],[-79.90738,40.39959],[-79.90704,40.40006],[-79.9051,40.40008],[-79.90264,40.40132],[-79.90063,40.40004],[-79.90195,40.39943],[-79.90176,40.39782],[-79.89964,40.3955],[-79.89777,40.39581],[-79.89465,40.39452],[-79.89361,40.39153],[-79.89485,40.38787],[-79.89453,40.38508],[-79.89645,40.38549],[-79.89751,40.38529],[-79.89744,40.38601],[-79.9023,40.38724],[-79.90639,40.38848],[-79.90782,40.38793],[-79.90787,40.3881]]]},"properties":{"geoid":"42003484600","population":1815,"svi_overall":80,"svi_socioeconomic":80,"svi_household":29,"svi_minority":36,"svi_housing_transport":97,"coi_level":"Very Low","coi_rank":11,"coi_education":11,"coi_health_env":16,"coi_social_econ":12}},{"type":"Feature","geometry":{"type":"Polygon","coordinates":[[[-79.89612,40.39845],[-79.89053,40.40107],[-79.88425,40.40302],[-79.88437,40.40395],[-79.88751,40.40641],[-79.88706,40.40704],[-79.88451,40.4072],[-79.88121,40.40556],[-79.87674,40.4022],[-79.88541,40.39873],[-79.88455,40.39749],[-79.88979,40.39524],[-79.8914,40.39631],[-79.89368,40.3954],[-79.89612,40.39845]]]},"properties":{"geoid":"42003485000","population":1232,"svi_overall":55,"svi_socioeconomic":61,"svi_household":48,"svi_minority":52,"svi_housing_transport":44,"coi_level":"Very Low","coi_rank":16,"coi_education":21,"coi_health_env":14,"coi_social_econ":16}},{"type":"Feature","geometry":{"type":"Polygon","coordinates":[[[-79.86657,40.38301],[-79.8545,40.38878],[-79.85345,40.38841],[-79.8498,40.38517],[-79.84394,40.38092],[-79.84116,40.37842],[-79.83878,40.37512],[-79.85262,40.37183],[-79.85712,40.37082],[-79.85729,40.37086],[-79.86073,40.37464],[-79.86168,40.3761],[-79.8664,40.37986],[-79.86886,40.38194],[-79.86657,40.38301]]]},"properties":{"geoid":"42003486700","population":2146,"svi_overall":84,"svi_socioeconomic":62,"svi_household":74,"svi_minority":70,"svi_housing_transport":97,"coi_level":"Very Low","coi_rank":1,"coi_education":1,"coi_health_env":6,"coi_social_econ":4}},{"type":"Feature","geometry":{"type":"Polygon","coordinates":[[[-79.85781,40.36934],[-79.85729,40.37086],[-79.85712,40.37082],[-79.85262,40.37183],[-79.83878,40.37512],[-79.83719,40.37166],[-79.83638,40.365],[-79.83719,40.36212],[-79.84003,40.35965],[-79.84408,40.35775],[-79.84531,40.36018],[-79.84217,40.36382],[-79.8425,40.36933],[-79.85031,40.36794],[-79.85181,40.3682],[-79.85379,40.3659],[-79.8568,40.36563],[-79.85952,40.36703],[-79.85781,40.36934]]]},"properties":{"geoid":"42003486800","population":1506,"svi_overall":91,"svi_socioeconomic":79,"svi_household":97,"svi_minority":79,"svi_housing_transport":77,"coi_level":"Very Low","coi_rank":2,"coi_education":1,"coi_health_env":2,"coi_social_econ":6}},{"type":"Feature","geometry":{"type":"Polygon","coordinates":[[[-79.8568,40.36563],[-79.85379,40.3659],[-79.85181,40.3682],[-79.85031,40.36794],[-79.8425,40.36933],[-79.84217,40.36382],[-79.84531,40.36018],[-79.84408,40.35775],[-79.84615,40.35725],[-79.84795,40.35694],[-79.84697,40.36034],[-79.85331,40.36143],[-79.85433,40.36113],[-79.85568,40.36398],[-79.8568,40.36563]]]},"properties":{"geoid":"42003486900","population":1589,"svi_overall":55,"svi_socioeconomic":71,"svi_household":86,"svi_minority":75,"svi_housing_transport":6,"coi_level":"Very Low","coi_rank":2,"coi_education":1,"coi_health_env":9,"coi_social_econ":3}},{"type":"Feature","geometry":{"type":"Polygon","coordinates":[[[-79.90252,40.3525],[-79.89947,40.35606],[-79.89822,40.35602],[-79.89437,40.35762],[-79.88589,40.3593],[-79.88482,40.3574],[-79.87724,40.35771],[-79.87668,40.35434],[-79.8783,40.35365],[-79.88085,40.35166],[-79.88141,40.35105],[-79.88562,40.34518],[-79.88886,40.3416],[-79.89189,40.339],[-79.89386,40.33999],[-79.89591,40.34146],[-79.89501,40.34435],[-79.89729,40.34625],[-79.90624,40.35246],[-79.90252,40.3525]]]},"properties":{"geoid":"42003487000","population":1614,"svi_overall":37,"svi_socioeconomic":67,"svi_household":31,"svi_minority":9,"svi_housing_transport":21,"coi_level":"Very Low","coi_rank":9,"coi_education":6,"coi_health_env":6,"coi_social_econ":13}},{"type":"Feature","geometry":{"type":"Polygon","coordinates":[[[-79.89485,40.38787],[-79.89361,40.39153],[-79.89428,40.39399],[-79.89368,40.3954],[-79.8914,40.39631],[-79.88979,40.39524],[-79.88819,40.39452],[-79.88481,40.39186],[-79.88166,40.38981],[-79.88067,40.38716],[-79.87889,40.38492],[-79.87794,40.38293],[-79.88132,40.38256],[-79.88621,40.37874],[-79.88815,40.37789],[-79.89006,40.3767],[-79.89131,40.37636],[-79.89096,40.37939],[-79.88938,40.38082],[-79.89082,40.38169],[-79.89036,40.38389],[-79.89092,40.38297],[-79.8946,40.38422],[-79.89453,40.38508],[-79.89485,40.38787]]]},"properties":{"geoid":"42003488100","population":2001,"svi_overall":8,"svi_socioeconomic":46,"svi_household":4,"svi_minority":19,"svi_housing_transport":5,"coi_level":"Low","coi_rank":22,"coi_education":26,"coi_health_env":6,"coi_social_econ":32}},{"type":"Feature","geometry":{"type":"Polygon","coordinates":[[[-79.88979,40.39524],[-79.88455,40.39749],[-79.88541,40.39873],[-79.87674,40.4022],[-79.87285,40.39825],[-79.869,40.39514],[-79.86411,40.39228],[-79.8545,40.38878],[-79.86886,40.38194],[-79.8664,40.37986],[-79.8687,40.37986],[-79.87151,40.38207],[-79.87371,40.38299],[-79.87794,40.38293],[-79.87889,40.38492],[-79.88067,40.38716],[-79.88166,40.38981],[-79.88481,40.39186],[-79.88819,40.39452],[-79.88979,40.39524]]]},"properties":{"geoid":"42003488200","population":3455,"svi_overall":66,"svi_socioeconomic":60,"svi_household":79,"svi_minority":42,"svi_housing_transport":58,"coi_level":"Very Low","coi_rank":13,"coi_education":23,"coi_health_env":23,"coi_social_econ":11}},{"type":"Feature","geometry":{"type":"Polygon","coordinates":[[[-79.90885,40.3767],[-79.90572,40.37549],[-79.89788,40.3752],[-79.89603,40.37641],[-79.89429,40.37669],[-79.89294,40.37641],[-79.89131,40.37636],[-79.89006,40.3767],[-79.88815,40.37789],[-79.88621,40.37874],[-79.88132,40.38256],[-79.87794,40.38293],[-79.87371,40.38299],[-79.87151,40.38207],[-79.8687,40.37986],[-79.8664,40.37986],[-79.86168,40.3761],[-79.86073,40.37464],[-79.86219,40.37402],[-79.86733,40.37479],[-79.86913,40.37465],[-79.87325,40.3722],[-79.87645,40.36741],[-79.87981,40.3653],[-79.8793,40.36218],[-79.88108,40.35997],[-79.88589,40.3593],[-79.89437,40.35762],[-79.89822,40.35602],[-79.89947,40.35606],[-79.90059,40.35635],[-79.90354,40.35984],[-79.90866,40.35857],[-79.90785,40.35977],[-79.90767,40.36042],[-79.90744,40.36204],[-79.90718,40.36152],[-79.9003,40.36526],[-79.90344,40.3719],[-79.90861,40.37053],[-79.91182,40.37281],[-79.90885,40.3767]]]},"properties":{"geoid":"42003488300","population":1979,"svi_overall":27,"svi_socioeconomic":35,"svi_household":14,"svi_minority":7,"svi_housing_transport":51,"coi_level":"Low","coi_rank":29,"coi_education":25,"coi_health_env":20,"coi_social_econ":37}},{"type":"Feature","geometry":{"type":"Polygon","coordinates":[[[-79.88589,40.3593],[-79.88108,40.35997],[-79.8793,40.36218],[-79.87981,40.3653],[-79.87645,40.36741],[-79.87325,40.3722],[-79.86913,40.37465],[-79.86733,40.37479],[-79.86219,40.37402],[-79.86073,40.37464],[-79.85729,40.37086],[-79.85781,40.36934],[-79.85952,40.36703],[-79.8568,40.36563],[-79.85568,40.36398],[-79.85433,40.36113],[-79.85331,40.36143],[-79.84697,40.36034],[-79.84795,40.35694],[-79.85311,40.35646],[-79.86339,40.35632],[-79.87064,40.35544],[-79.87668,40.35434],[-79.87724,40.35771],[-79.88482,40.3574],[-79.88589,40.3593]]]},"properties":{"geoid":"42003488400","population":4233,"svi_overall":31,"svi_socioeconomic":36,"svi_household":26,"svi_minority":27,"svi_housing_transport":40,"coi_level":"Moderate","coi_rank":42,"coi_education":40,"coi_health_env":50,"coi_social_econ":40}},{"type":"Feature","geometry":{"type":"Polygon","coordinates":[[[-79.96538,40.34575],[-79.96129,40.35017],[-79.96063,40.35162],[-79.95898,40.35231],[-79.95597,40.35695],[-79.95448,40.35857],[-79.95226,40.35937],[-79.95026,40.36071],[-79.94815,40.36817],[-79.94787,40.36887],[-79.94577,40.36953],[-79.94239,40.37279],[-79.94063,40.37467],[-79.93944,40.37395],[-79.92499,40.3751],[-79.92469,40.37307],[-79.92235,40.36971],[-79.92067,40.36537],[-79.91373,40.36552],[-79.9119,40.36502],[-79.91082,40.36286],[-79.90821,40.36358],[-79.90744,40.36204],[-79.90767,40.36042],[-79.90785,40.35977],[-79.90866,40.35857],[-79.90354,40.35984],[-79.90059,40.35635],[-79.89947,40.35606],[-79.90252,40.3525],[-79.90624,40.35246],[-79.90884,40.35213],[-79.90991,40.35333],[-79.91379,40.35422],[-79.92289,40.35096],[-79.92465,40.35063],[-79.92708,40.35026],[-79.93854,40.34892],[-79.9473,40.34817],[-79.95182,40.34762],[-79.95353,40.34621],[-79.95495,40.34355],[-79.95541,40.34077],[-79.95594,40.34044],[-79.96538,40.34575]]]},"properties":{"geoid":"42003488500","population":2797,"svi_overall":31,"svi_socioeconomic":34,"svi_household":29,"svi_minority":24,"svi_housing_transport":41,"coi_level":"Low","coi_rank":36,"coi_education":31,"coi_health_env":38,"coi_social_econ":39}},{"type":"Feature","geometry":{"type":"Polygon","coordinates":[[[-79.95541,40.34077],[-79.95495,40.34355],[-79.95353,40.34621],[-79.95182,40.34762],[-79.9473,40.34817],[-79.93854,40.34892],[-79.92708,40.35026],[-79.92465,40.35063],[-79.92289,40.35096],[-79.91379,40.35422],[-79.90991,40.35333],[-79.90884,40.35213],[-79.90624,40.35246],[-79.89729,40.34625],[-79.89501,40.34435],[-79.89591,40.34146],[-79.89386,40.33999],[-79.89189,40.339],[-79.89385,40.33647],[-79.89582,40.33279],[-79.89649,40.33044],[-79.89763,40.32185],[-79.89744,40.32113],[-79.89668,40.31975],[-79.89863,40.31953],[-79.92581,40.32561],[-79.92706,40.32449],[-79.92914,40.32589],[-79.93132,40.32547],[-79.93147,40.32686],[-79.93731,40.32995],[-79.94733,40.33571],[-79.94838,40.33654],[-79.95069,40.33745],[-79.95594,40.34044],[-79.95541,40.34077]]]},"properties":{"geoid":"42003488600","population":5041,"svi_overall":45,"svi_socioeconomic":39,"svi_household":69,"svi_minority":27,"svi_housing_transport":45,"coi_level":"Low","coi_rank":37,"coi_education":25,"coi_health_env":47,"coi_social_econ":42}},{"type":"Feature","geometry":{"type":"Polygon","coordinates":[[[-79.96627,40.34202],[-79.964,40.345],[-79.95069,40.33745],[-79.94838,40.33654],[-79.94733,40.33571],[-79.93731,40.32995],[-79.94042,40.32338],[-79.93688,40.31855],[-79.94256,40.31646],[-79.95298,40.32043],[-79.95692,40.32119],[-79.95633,40.32264],[-79.95727,40.32462],[-79.95662,40.326],[-79.96009,40.33095],[-79.9617,40.33258],[-79.96127,40.33664],[-79.96348,40.33812],[-79.96524,40.34128],[-79.96627,40.34202]]]},"properties":{"geoid":"42003489001","population":4836,"svi_overall":44,"svi_socioeconomic":24,"svi_household":62,"svi_minority":30,"svi_housing_transport":69,"coi_level":"Moderate","coi_rank":55,"coi_education":71,"coi_health_env":41,"coi_social_econ":50}},{"type":"Feature","geometry":{"type":"Polygon","coordinates":[[[-79.98554,40.33003],[-79.98536,40.33343],[-79.97986,40.33645],[-79.97695,40.33634],[-79.97808,40.33721],[-79.97475,40.33732],[-79.96909,40.34039],[-79.96828,40.34182],[-79.96689,40.34181],[-79.96627,40.34202],[-79.96524,40.34128],[-79.96348,40.33812],[-79.96127,40.33664],[-79.9617,40.33258],[-79.96009,40.33095],[-79.95662,40.326],[-79.95727,40.32462],[-79.95633,40.32264],[-79.95692,40.32119],[-79.95964,40.3177],[-79.96191,40.31981],[-79.96397,40.32063],[-79.97521,40.32471],[-79.97626,40.32756],[-79.97916,40.32748],[-79.98261,40.3294],[-79.98507,40.3284],[-79.98554,40.33003]]]},"properties":{"geoid":"42003489002","population":3620,"svi_overall":4,"svi_socioeconomic":3,"svi_household":23,"svi_minority":15,"svi_housing_transport":10,"coi_level":"High","coi_rank":70,"coi_education":71,"coi_health_env":63,"coi_social_econ":70}},{"type":"Feature","geometry":{"type":"Polygon","coordinates":[[[-80.03041,40.29201],[-80.02683,40.29484],[-80.02505,40.29779],[-80.02383,40.29844],[-80.0233,40.30052],[-80.02115,40.30235],[-80.02109,40.30353],[-80.01625,40.31066],[-80.00934,40.32113],[-80.0087,40.32031],[-80.00545,40.31401],[-80.0023,40.30998],[-79.99978,40.30772],[-79.99645,40.30669],[-79.99628,40.30413],[-79.99536,40.30225],[-79.9945,40.29867],[-79.99448,40.2966],[-79.99468,40.2952],[-79.99723,40.29039],[-79.99666,40.28808],[-79.99866,40.28481],[-80.00193,40.2825],[-80.00124,40.28022],[-80.00286,40.27844],[-80.03327,40.28755],[-80.03041,40.29201]]]},"properties":{"geoid":"42003490002","population":5027,"svi_overall":21,"svi_socioeconomic":34,"svi_household":22,"svi_minority":15,"svi_housing_transport":25,"coi_level":"High","coi_rank":63,"coi_education":59,"coi_health_env":54,"coi_social_econ":64}},{"type":"Feature","geometry":{"type":"Polygon","coordinates":[[[-80.00934,40.32113],[-79.99806,40.33826],[-79.99663,40.33721],[-79.98666,40.3312],[-79.98543,40.32953],[-79.98507,40.3284],[-79.98029,40.32329],[-79.97902,40.31675],[-79.97903,40.31169],[-79.97637,40.3092],[-79.97638,40.30605],[-79.97388,40.30158],[-79.98302,40.30214],[-79.98559,40.30063],[-79.98508,40.30002],[-79.98823,40.2971],[-79.98951,40.2948],[-79.99076,40.29363],[-79.99448,40.2966],[-79.9945,40.29867],[-79.99536,40.30225],[-79.99628,40.30413],[-79.99645,40.30669],[-79.99978,40.30772],[-80.0023,40.30998],[-80.00545,40.31401],[-80.0087,40.32031],[-80.00934,40.32113]]]},"properties":{"geoid":"42003490003","population":3775,"svi_overall":37,"svi_socioeconomic":21,"svi_household":65,"svi_minority":30,"svi_housing_transport":53,"coi_level":"High","coi_rank":63,"coi_education":63,"coi_health_env":42,"coi_social_econ":65}},{"type":"Feature","geometry":{"type":"Polygon","coordinates":[[[-80.00124,40.28022],[-80.00193,40.2825],[-79.99866,40.28481],[-79.99666,40.28808],[-79.99723,40.29039],[-79.99468,40.2952],[-79.99448,40.2966],[-79.99076,40.29363],[-79.98951,40.2948],[-79.98823,40.2971],[-79.98508,40.30002],[-79.98559,40.30063],[-79.98302,40.30214],[-79.97388,40.30158],[-79.97279,40.29975],[-79.97296,40.29763],[-79.97105,40.29233],[-79.9655,40.28878],[-79.96521,40.28527],[-79.96395,40.28228],[-79.96497,40.2811],[-79.95983,40.27949],[-79.95615,40.27804],[-79.9631,40.27277],[-79.96912,40.26864],[-80.00286,40.27844],[-80.00124,40.28022]]]},"properties":{"geoid":"42003490004","population":4900,"svi_overall":7,"svi_socioeconomic":1,"svi_household":32,"svi_minority":6,"svi_housing_transport":28,"coi_level":"High","coi_rank":76,"coi_education":71,"coi_health_env":80,"coi_social_econ":74}},{"type":"Feature","geometry":{"type":"Polygon","coordinates":[[[-79.98261,40.3294],[-79.97916,40.32748],[-79.97626,40.32756],[-79.97521,40.32471],[-79.96397,40.32063],[-79.96191,40.31981],[-79.95964,40.3177],[-79.95692,40.32119],[-79.95298,40.32043],[-79.94256,40.31646],[-79.94049,40.31722],[-79.93648,40.30833],[-79.93465,40.30571],[-79.93062,40.30199],[-79.92899,40.30108],[-79.92335,40.3006],[-79.92166,40.2997],[-79.91725,40.29383],[-79.91429,40.29143],[-79.92254,40.28921],[-79.92389,40.28618],[-79.92533,40.2853],[-79.93484,40.28424],[-79.93647,40.28262],[-79.93612,40.28019],[-79.93658,40.27955],[-79.938,40.27904],[-79.94284,40.27907],[-79.94642,40.2822],[-79.94838,40.28205],[-79.95149,40.28008],[-79.95739,40.27919],[-79.95983,40.27949],[-79.96497,40.2811],[-79.96395,40.28228],[-79.96521,40.28527],[-79.9655,40.28878],[-79.97105,40.29233],[-79.97296,40.29763],[-79.97279,40.29975],[-79.97638,40.30605],[-79.97637,40.3092],[-79.97903,40.31169],[-79.97902,40.31675],[-79.98029,40.32329],[-79.98507,40.3284],[-79.98261,40.3294]]]},"properties":{"geoid":"42003491101","population":7475,"svi_overall":22,"svi_socioeconomic":10,"svi_household":69,"svi_minority":12,"svi_housing_transport":32,"coi_level":"Very High","coi_rank":83,"coi_education":77,"coi_health_env":69,"coi_social_econ":86}},{"type":"Feature","geometry":{"type":"Polygon","coordinates":[[[-79.94049,40.31722],[-79.93688,40.31855],[-79.94042,40.32338],[-79.93731,40.32995],[-79.93147,40.32686],[-79.93132,40.32547],[-79.92914,40.32589],[-79.92706,40.32449],[-79.92581,40.32561],[-79.89863,40.31953],[-79.8994,40.31869],[-79.90047,40.31898],[-79.90047,40.3172],[-79.89886,40.31658],[-79.8973,40.31426],[-79.89959,40.31211],[-79.90077,40.31207],[-79.89508,40.30602],[-79.89699,40.30329],[-79.89955,40.30194],[-79.89537,40.2989],[-79.88919,40.30072],[-79.88367,40.29814],[-79.89402,40.297],[-79.89689,40.29696],[-79.89831,40.29619],[-79.90037,40.29564],[-79.90014,40.29381],[-79.90301,40.29367],[-79.90422,40.29446],[-79.90853,40.29429],[-79.91134,40.2911],[-79.91291,40.29075],[-79.91289,40.29097],[-79.91429,40.29143],[-79.91725,40.29383],[-79.92166,40.2997],[-79.92335,40.3006],[-79.92899,40.30108],[-79.93062,40.30199],[-79.93465,40.30571],[-79.93648,40.30833],[-79.94049,40.31722]]]},"properties":{"geoid":"42003491200","population":2198,"svi_overall":34,"svi_socioeconomic":22,"svi_household":27,"svi_minority":19,"svi_housing_transport":74,"coi_level":"High","coi_rank":64,"coi_education":72,"coi_health_env":14,"coi_social_econ":70}},{"type":"Feature","geometry":{"type":"Polygon","coordinates":[[[-79.89959,40.31211],[-79.8973,40.31426],[-79.89886,40.31658],[-79.90047,40.3172],[-79.90047,40.31898],[-79.8994,40.31869],[-79.89863,40.31953],[-79.89668,40.31975],[-79.89501,40.31779],[-79.89139,40.31474],[-79.88418,40.31146],[-79.87687,40.30907],[-79.87153,40.30512],[-79.86846,40.30201],[-79.86778,40.30024],[-79.8671,40.296],[-79.86832,40.29115],[-79.87069,40.2879],[-79.87503,40.2842],[-79.87618,40.2836],[-79.87816,40.28493],[-79.87329,40.29427],[-79.87461,40.29453],[-79.8746,40.29481],[-79.87806,40.29482],[-79.88069,40.29612],[-79.87862,40.29934],[-79.88439,40.29847],[-79.88919,40.30072],[-79.89537,40.2989],[-79.89955,40.30194],[-79.89699,40.30329],[-79.89508,40.30602],[-79.90077,40.31207],[-79.89959,40.31211]]]},"properties":{"geoid":"42003492700","population":1997,"svi_overall":64,"svi_socioeconomic":82,"svi_household":57,"svi_minority":52,"svi_housing_transport":33,"coi_level":"Very Low","coi_rank":6,"coi_education":11,"coi_health_env":4,"coi_social_econ":9}},{"type":"Feature","geometry":{"type":"Polygon","coordinates":[[[-79.89402,40.297],[-79.88367,40.29814],[-79.88439,40.29847],[-79.87862,40.29934],[-79.88069,40.29612],[-79.87806,40.29482],[-79.8746,40.29481],[-79.87461,40.29453],[-79.87329,40.29427],[-79.87816,40.28493],[-79.88013,40.28538],[-79.88305,40.28313],[-79.88519,40.28729],[-79.88845,40.28793],[-79.8892,40.28987],[-79.88893,40.29008],[-79.88978,40.2908],[-79.88882,40.29359],[-79.89351,40.2948],[-79.89402,40.297]]]},"properties":{"geoid":"42003492800","population":2429,"svi_overall":87,"svi_socioeconomic":80,"svi_household":100,"svi_minority":75,"svi_housing_transport":37,"coi_level":"Very Low","coi_rank":10,"coi_education":26,"coi_health_env":1,"coi_social_econ":12}},{"type":"Feature","geometry":{"type":"Polygon","coordinates":[[[-79.8999,40.29182],[-79.90037,40.29564],[-79.89831,40.29619],[-79.89689,40.29696],[-79.89402,40.297],[-79.89351,40.2948],[-79.88882,40.29359],[-79.88978,40.2908],[-79.88893,40.29008],[-79.8892,40.28987],[-79.88845,40.28793],[-79.88519,40.28729],[-79.88305,40.28313],[-79.88835,40.2832],[-79.89271,40.28092],[-79.89792,40.28101],[-79.90048,40.28322],[-79.8999,40.29182]]]},"properties":{"geoid":"42003492900","population":1756,"svi_overall":63,"svi_socioeconomic":75,"svi_household":53,"svi_minority":59,"svi_housing_transport":39,"coi_level":"Very Low","coi_rank":3,"coi_education":8,"coi_health_env":1,"coi_social_econ":7}},{"type":"Feature","geometry":{"type":"Polygon","coordinates":[[[-79.89632,40.26793],[-79.88897,40.27405],[-79.8863,40.27692],[-79.88419,40.27869],[-79.88272,40.27942],[-79.87922,40.27597],[-79.88098,40.27437],[-79.87903,40.27362],[-79.88201,40.27164],[-79.88425,40.2689],[-79.88653,40.26689],[-79.88739,40.26749],[-79.89123,40.26531],[-79.89198,40.26525],[-79.89398,40.26357],[-79.8949,40.26716],[-79.89632,40.26793]]]},"properties":{"geoid":"42003494000","population":1433,"svi_overall":38,"svi_socioeconomic":53,"svi_household":26,"svi_minority":24,"svi_housing_transport":40,"coi_level":"Low","coi_rank":25,"coi_education":63,"coi_health_env":11,"coi_social_econ":18}},{"type":"Feature","geometry":{"type":"Polygon","coordinates":[[[-79.97128,40.22818],[-79.97069,40.23201],[-79.97005,40.23331],[-79.96684,40.23655],[-79.9626,40.23878],[-79.95684,40.24021],[-79.95064,40.24085],[-79.94301,40.2411],[-79.93759,40.24153],[-79.93076,40.24298],[-79.92526,40.24507],[-79.92195,40.24671],[-79.9175,40.24945],[-79.91446,40.25245],[-79.9117,40.25648],[-79.90966,40.25847],[-79.90276,40.26292],[-79.89632,40.26793],[-79.8949,40.26716],[-79.89398,40.26357],[-79.89198,40.26525],[-79.89123,40.26531],[-79.88739,40.26749],[-79.88653,40.26689],[-79.88425,40.2689],[-79.88251,40.26716],[-79.87881,40.26479],[-79.87828,40.26274],[-79.87914,40.25614],[-79.8775,40.24948],[-79.87646,40.24823],[-79.87333,40.24594],[-79.8722,40.24463],[-79.87058,40.24074],[-79.86962,40.23967],[-79.86501,40.23926],[-79.86014,40.24094],[-79.85609,40.23588],[-79.85583,40.23256],[-79.85362,40.22729],[-79.85057,40.22458],[-79.84915,40.22265],[-79.84426,40.21985],[-79.84228,40.21836],[-79.84176,40.2149],[-79.84072,40.21121],[-79.83925,40.20876],[-79.85007,40.20469],[-79.87143,40.1974],[-79.87788,40.19704],[-79.88112,40.19665],[-79.88874,40.19474],[-79.89477,40.19429],[-79.90034,40.19485],[-79.91079,40.19698],[-79.91642,40.19898],[-79.91872,40.20029],[-79.9246,40.20496],[-79.92929,40.20709],[-79.93879,40.20947],[-79.94433,40.21066],[-79.95039,40.21157],[-79.95489,40.21277],[-79.95794,40.21427],[-79.96685,40.2221],[-79.96932,40.22468],[-79.97092,40.2269],[-79.97128,40.22818]]]},"properties":{"geoid":"42003495000","population":3066,"svi_overall":32,"svi_socioeconomic":22,"svi_household":65,"svi_minority":14,"svi_housing_transport":43,"coi_level":"Moderate","coi_rank":53,"coi_education":51,"coi_health_env":63,"coi_social_econ":51}},{"type":"Feature","geometry":{"type":"Polygon","coordinates":[[[-79.85593,40.2785],[-79.85187,40.27936],[-79.84938,40.28105],[-79.84628,40.28422],[-79.84239,40.28513],[-79.83742,40.28361],[-79.83156,40.28475],[-79.82933,40.28581],[-79.82813,40.28618],[-79.82194,40.2843],[-79.81958,40.28442],[-79.81691,40.28596],[-79.81496,40.28645],[-79.81291,40.28547],[-79.81109,40.28242],[-79.80758,40.27962],[-79.80492,40.27665],[-79.79919,40.27479],[-79.79827,40.27566],[-79.79624,40.27604],[-79.79506,40.2722],[-79.78878,40.26532],[-79.78751,40.26325],[-79.78774,40.26185],[-79.79031,40.25872],[-79.79172,40.25958],[-79.79159,40.26227],[-79.7922,40.26066],[-79.79434,40.26032],[-79.79743,40.25893],[-79.79671,40.25734],[-79.79742,40.25551],[-79.8019,40.25387],[-79.80366,40.25366],[-79.80846,40.25471],[-79.81446,40.25367],[-79.8175,40.25372],[-79.82496,40.25687],[-79.82543,40.25962],[-79.82726,40.26133],[-79.83334,40.26535],[-79.83434,40.2669],[-79.83737,40.27296],[-79.83948,40.272],[-79.84309,40.27173],[-79.84435,40.27277],[-79.84551,40.27233],[-79.84765,40.27004],[-79.85097,40.27361],[-79.85501,40.27597],[-79.85593,40.2785]]]},"properties":{"geoid":"42003496101","population":2928,"svi_overall":2,"svi_socioeconomic":2,"svi_household":11,"svi_minority":9,"svi_housing_transport":8,"coi_level":"High","coi_rank":72,"coi_education":69,"coi_health_env":91,"coi_social_econ":68}},{"type":"Feature","geometry":{"type":"Polygon","coordinates":[[[-79.88425,40.2689],[-79.88201,40.27164],[-79.87903,40.27362],[-79.88098,40.27437],[-79.87922,40.27597],[-79.88272,40.27942],[-79.88054,40.28064],[-79.87776,40.28264],[-79.87451,40.27965],[-79.87535,40.27887],[-79.87178,40.27638],[-79.8696,40.27669],[-79.86644,40.27923],[-79.8622,40.27748],[-79.85593,40.2785],[-79.85501,40.27597],[-79.85097,40.27361],[-79.84765,40.27004],[-79.84551,40.27233],[-79.84435,40.27277],[-79.84309,40.27173],[-79.83948,40.272],[-79.83737,40.27296],[-79.83434,40.2669],[-79.83334,40.26535],[-79.82726,40.26133],[-79.82543,40.25962],[-79.82496,40.25687],[-79.8175,40.25372],[-79.81446,40.25367],[-79.80846,40.25471],[-79.80366,40.25366],[-79.8019,40.25387],[-79.79742,40.25551],[-79.79671,40.25734],[-79.79743,40.25893],[-79.79434,40.26032],[-79.7922,40.26066],[-79.79159,40.26227],[-79.79172,40.25958],[-79.79031,40.25872],[-79.79396,40.25577],[-79.79666,40.25284],[-79.79911,40.24697],[-79.80337,40.24181],[-79.80513,40.2412],[-79.8069,40.23863],[-79.80743,40.2369],[-79.80712,40.23453],[-79.80629,40.23323],[-79.80439,40.23196],[-79.79534,40.22993],[-79.78917,40.22889],[-79.78736,40.22808],[-79.78259,40.22763],[-79.80061,40.22175],[-79.81442,40.21669],[-79.83925,40.20876],[-79.84072,40.21121],[-79.84176,40.2149],[-79.84228,40.21836],[-79.84426,40.21985],[-79.84915,40.22265],[-79.85057,40.22458],[-79.85362,40.22729],[-79.85583,40.23256],[-79.85609,40.23588],[-79.86014,40.24094],[-79.86501,40.23926],[-79.86962,40.23967],[-79.87058,40.24074],[-79.8722,40.24463],[-79.87333,40.24594],[-79.87646,40.24823],[-79.8775,40.24948],[-79.87914,40.25614],[-79.87828,40.26274],[-79.87881,40.26479],[-79.88251,40.26716],[-79.88425,40.2689]]]},"properties":{"geoid":"42003496102","population":4313,"svi_overall":30,"svi_socioeconomic":41,"svi_household":35,"svi_minority":3,"svi_housing_transport":35,"coi_level":"Moderate","coi_rank":55,"coi_education":62,"coi_health_env":33,"coi_social_econ":55}},{"type":"Feature","geometry":{"type":"Polygon","coordinates":[[[-79.84127,40.28544],[-79.8384,40.28962],[-79.83568,40.29022],[-79.83415,40.29135],[-79.83227,40.29394],[-79.82998,40.29616],[-79.82931,40.29835],[-79.83231,40.29919],[-79.83789,40.30166],[-79.83954,40.30274],[-79.83689,40.30743],[-79.83564,40.30896],[-79.83778,40.31466],[-79.83628,40.31277],[-79.83398,40.31218],[-79.83152,40.31212],[-79.829,40.31258],[-79.82707,40.31345],[-79.82001,40.3181],[-79.8184,40.31891],[-79.81607,40.31962],[-79.81442,40.31988],[-79.81051,40.32017],[-79.80328,40.31981],[-79.79632,40.31825],[-79.79247,40.31658],[-79.79053,40.31449],[-79.79023,40.31099],[-79.79267,40.30838],[-79.79606,40.30659],[-79.80463,40.30404],[-79.80553,40.30352],[-79.80698,40.30135],[-79.80645,40.29703],[-79.80304,40.29365],[-79.80106,40.29258],[-79.79876,40.29288],[-79.7929,40.298],[-79.78865,40.29775],[-79.78751,40.29748],[-79.78457,40.29607],[-79.781,40.29362],[-79.77597,40.28922],[-79.77521,40.28792],[-79.77543,40.28565],[-79.77643,40.28444],[-79.78012,40.28212],[-79.78363,40.28193],[-79.78893,40.28226],[-79.79472,40.28169],[-79.7958,40.28109],[-79.79652,40.27945],[-79.79624,40.27604],[-79.79827,40.27566],[-79.79919,40.27479],[-79.80492,40.27665],[-79.80758,40.27962],[-79.81109,40.28242],[-79.81291,40.28547],[-79.81496,40.28645],[-79.81691,40.28596],[-79.81958,40.28442],[-79.82194,40.2843],[-79.82813,40.28618],[-79.82933,40.28581],[-79.83156,40.28475],[-79.83742,40.28361],[-79.84239,40.28513],[-79.84127,40.28544]]]},"properties":{"geoid":"42003496200","population":5667,"svi_overall":18,"svi_socioeconomic":6,"svi_household":80,"svi_minority":15,"svi_housing_transport":21,"coi_level":"Moderate","coi_rank":60,"coi_education":72,"coi_health_env":46,"coi_social_econ":56}},{"type":"Feature","geometry":{"type":"Polygon","coordinates":[[[-79.88183,40.31497],[-79.87783,40.3131],[-79.87469,40.31713],[-79.87388,40.31755],[-79.87219,40.31596],[-79.87002,40.31603],[-79.86708,40.31953],[-79.86391,40.31737],[-79.86452,40.31634],[-79.8603,40.3151],[-79.86014,40.31848],[-79.85848,40.31775],[-79.85774,40.31881],[-79.85955,40.31924],[-79.85817,40.32114],[-79.85583,40.31911],[-79.85358,40.31929],[-79.8523,40.31795],[-79.8475,40.3173],[-79.84117,40.32016],[-79.84022,40.31831],[-79.83778,40.31466],[-79.83564,40.30896],[-79.83689,40.30743],[-79.83954,40.30274],[-79.83789,40.30166],[-79.83231,40.29919],[-79.82931,40.29835],[-79.82998,40.29616],[-79.83227,40.29394],[-79.83415,40.29135],[-79.83568,40.29022],[-79.8384,40.28962],[-79.84127,40.28544],[-79.84628,40.28422],[-79.84938,40.28105],[-79.85187,40.27936],[-79.85593,40.2785],[-79.8622,40.27748],[-79.86644,40.27923],[-79.8696,40.27669],[-79.87178,40.27638],[-79.87535,40.27887],[-79.87451,40.27965],[-79.87776,40.28264],[-79.87618,40.2836],[-79.87503,40.2842],[-79.87069,40.2879],[-79.86832,40.29115],[-79.8671,40.296],[-79.86778,40.30024],[-79.86846,40.30201],[-79.87153,40.30512],[-79.87687,40.30907],[-79.88418,40.31146],[-79.88183,40.31497]]]},"properties":{"geoid":"42003497000","population":998,"svi_overall":12,"svi_socioeconomic":23,"svi_household":5,"svi_minority":4,"svi_housing_transport":37,"coi_level":"Moderate","coi_rank":44,"coi_education":24,"coi_health_env":48,"coi_social_econ":56}},{"type":"Feature","geometry":{"type":"Polygon","coordinates":[[[-79.8747,40.32313],[-79.87231,40.32645],[-79.87508,40.32874],[-79.87186,40.33004],[-79.86997,40.32934],[-79.86519,40.32877],[-79.86265,40.32934],[-79.86107,40.33069],[-79.86011,40.33442],[-79.85827,40.33677],[-79.85502,40.33349],[-79.84698,40.32873],[-79.84455,40.32654],[-79.84117,40.32016],[-79.8475,40.3173],[-79.8523,40.31795],[-79.85358,40.31929],[-79.85583,40.31911],[-79.85817,40.32114],[-79.85955,40.31924],[-79.85774,40.31881],[-79.85848,40.31775],[-79.86014,40.31848],[-79.8603,40.3151],[-79.86452,40.31634],[-79.86391,40.31737],[-79.86708,40.31953],[-79.87002,40.31603],[-79.87219,40.31596],[-79.87388,40.31755],[-79.87469,40.31713],[-79.87411,40.32022],[-79.8763,40.321],[-79.8747,40.32313]]]},"properties":{"geoid":"42003498000","population":2194,"svi_overall":23,"svi_socioeconomic":31,"svi_household":58,"svi_minority":2,"svi_housing_transport":18,"coi_level":"Moderate","coi_rank":46,"coi_education":41,"coi_health_env":69,"coi_social_econ":43}},{"type":"Feature","geometry":{"type":"Polygon","coordinates":[[[-79.89763,40.32185],[-79.89649,40.33044],[-79.89582,40.33279],[-79.89385,40.33647],[-79.89189,40.339],[-79.88886,40.3416],[-79.88562,40.34518],[-79.8818,40.34339],[-79.88097,40.34178],[-79.88349,40.33955],[-79.88472,40.33697],[-79.88368,40.33588],[-79.88391,40.33547],[-79.88311,40.33241],[-79.87508,40.32874],[-79.87231,40.32645],[-79.8747,40.32313],[-79.87741,40.32361],[-79.87906,40.32503],[-79.88362,40.32477],[-79.8862,40.32582],[-79.88625,40.3244],[-79.88843,40.32439],[-79.88936,40.32768],[-79.88935,40.33087],[-79.89245,40.33109],[-79.89386,40.33088],[-79.89363,40.3211],[-79.89744,40.32113],[-79.89763,40.32185]]]},"properties":{"geoid":"42003499300","population":1595,"svi_overall":30,"svi_socioeconomic":45,"svi_household":20,"svi_minority":9,"svi_housing_transport":38,"coi_level":"Very Low","coi_rank":18,"coi_education":28,"coi_health_env":12,"coi_social_econ":17}},{"type":"Feature","geometry":{"type":"Polygon","coordinates":[[[-79.89744,40.32113],[-79.89363,40.3211],[-79.89386,40.33088],[-79.89245,40.33109],[-79.88935,40.33087],[-79.88936,40.32768],[-79.88843,40.32439],[-79.88625,40.3244],[-79.8862,40.32582],[-79.88362,40.32477],[-79.87906,40.32503],[-79.87741,40.32361],[-79.8747,40.32313],[-79.8763,40.321],[-79.87411,40.32022],[-79.87469,40.31713],[-79.87783,40.3131],[-79.88183,40.31497],[-79.88418,40.31146],[-79.89139,40.31474],[-79.89501,40.31779],[-79.89668,40.31975],[-79.89744,40.32113]]]},"properties":{"geoid":"42003499400","population":2844,"svi_overall":54,"svi_socioeconomic":85,"svi_household":26,"svi_minority":31,"svi_housing_transport":29,"coi_level":"Very Low","coi_rank":16,"coi_education":38,"coi_health_env":2,"coi_social_econ":17}},{"type":"Feature","geometry":{"type":"Polygon","coordinates":[[[-79.88472,40.33697],[-79.88349,40.33955],[-79.88097,40.34178],[-79.87344,40.34761],[-79.87092,40.3486],[-79.86996,40.34877],[-79.86851,40.34478],[-79.86688,40.34223],[-79.8649,40.34064],[-79.86141,40.33882],[-79.85889,40.33736],[-79.85827,40.33677],[-79.86011,40.33442],[-79.86107,40.33069],[-79.86265,40.32934],[-79.86519,40.32877],[-79.86997,40.32934],[-79.87186,40.33004],[-79.87508,40.32874],[-79.88311,40.33241],[-79.88391,40.33547],[-79.88368,40.33588],[-79.88472,40.33697]]]},"properties":{"geoid":"42003500300","population":3673,"svi_overall":33,"svi_socioeconomic":59,"svi_household":60,"svi_minority":38,"svi_housing_transport":6,"coi_level":"Low","coi_rank":23,"coi_education":31,"coi_health_env":13,"coi_social_econ":26}},{"type":"Feature","geometry":{"type":"Polygon","coordinates":[[[-79.84047,40.32031],[-79.837,40.32159],[-79.8328,40.32424],[-79.83171,40.32087],[-79.82718,40.32043],[-79.82358,40.32304],[-79.82001,40.3181],[-79.82707,40.31345],[-79.829,40.31258],[-79.83152,40.31212],[-79.83398,40.31218],[-79.83628,40.31277],[-79.83778,40.31466],[-79.84022,40.31831],[-79.84117,40.32016],[-79.84047,40.32031]]]},"properties":{"geoid":"42003501000","population":1620,"svi_overall":42,"svi_socioeconomic":58,"svi_household":42,"svi_minority":20,"svi_housing_transport":32,"coi_level":"Very Low","coi_rank":12,"coi_education":7,"coi_health_env":30,"coi_social_econ":13}},{"type":"Feature","geometry":{"type":"Polygon","coordinates":[[[-79.83198,40.35805],[-79.82943,40.36053],[-79.82918,40.36119],[-79.81302,40.36086],[-79.81343,40.36046],[-79.81225,40.36043],[-79.80966,40.35741],[-79.80848,40.35702],[-79.80792,40.35526],[-79.8053,40.35227],[-79.80264,40.35089],[-79.7998,40.35034],[-79.80041,40.34785],[-79.79886,40.3439],[-79.80302,40.33998],[-79.80582,40.33833],[-79.80871,40.33746],[-79.80999,40.33663],[-79.81715,40.32864],[-79.81813,40.32765],[-79.8182,40.32748],[-79.8196,40.33011],[-79.8203,40.33793],[-79.81883,40.33817],[-79.81912,40.34379],[-79.82195,40.34389],[-79.82177,40.3447],[-79.82653,40.34481],[-79.82861,40.34471],[-79.83097,40.34792],[-79.82969,40.35185],[-79.82632,40.35207],[-79.8244,40.35418],[-79.82926,40.35685],[-79.83168,40.35759],[-79.83198,40.35805]]]},"properties":{"geoid":"42003503002","population":5771,"svi_overall":36,"svi_socioeconomic":43,"svi_household":56,"svi_minority":7,"svi_housing_transport":32,"coi_level":"Low","coi_rank":29,"coi_education":11,"coi_health_env":63,"coi_social_econ":36}},{"type":"Feature","geometry":{"type":"Polygon","coordinates":[[[-79.85203,40.39021],[-79.85288,40.39274],[-79.85235,40.39432],[-79.84664,40.39371],[-79.84484,40.39294],[-79.83803,40.39075],[-79.83706,40.39104],[-79.83638,40.39282],[-79.83556,40.39432],[-79.8301,40.39835],[-79.83011,40.39934],[-79.83078,40.39956],[-79.82781,40.40288],[-79.82775,40.4043],[-79.82668,40.40424],[-79.8243,40.40294],[-79.81735,40.39982],[-79.81578,40.39677],[-79.81311,40.39524],[-79.81441,40.39293],[-79.81438,40.38988],[-79.81152,40.38669],[-79.81183,40.3856],[-79.81325,40.38467],[-79.816,40.3811],[-79.81669,40.37861],[-79.81388,40.37709],[-79.81544,40.36948],[-79.81652,40.36842],[-79.81862,40.36741],[-79.82254,40.36591],[-79.82603,40.3624],[-79.82811,40.36119],[-79.82918,40.36119],[-79.83048,40.36221],[-79.83321,40.36268],[-79.83419,40.36147],[-79.83638,40.365],[-79.83719,40.37166],[-79.83878,40.37512],[-79.84116,40.37842],[-79.84394,40.38092],[-79.8498,40.38517],[-79.85345,40.38841],[-79.85203,40.39021]]]},"properties":{"geoid":"42003504100","population":4860,"svi_overall":77,"svi_socioeconomic":69,"svi_household":84,"svi_minority":51,"svi_housing_transport":72,"coi_level":"Very Low","coi_rank":10,"coi_education":7,"coi_health_env":24,"coi_social_econ":10}},{"type":"Feature","geometry":{"type":"Polygon","coordinates":[[[-79.816,40.3811],[-79.81325,40.38467],[-79.81183,40.3856],[-79.81152,40.38669],[-79.8026,40.39143],[-79.79848,40.39064],[-79.79938,40.38726],[-79.79844,40.38646],[-79.80059,40.38598],[-79.80611,40.38307],[-79.80498,40.38188],[-79.80701,40.37937],[-79.81056,40.38067],[-79.81274,40.3795],[-79.81388,40.37709],[-79.81669,40.37861],[-79.816,40.3811]]]},"properties":{"geoid":"42003507000","population":2074,"svi_overall":27,"svi_socioeconomic":43,"svi_household":35,"svi_minority":26,"svi_housing_transport":17,"coi_level":"Very Low","coi_rank":19,"coi_education":9,"coi_health_env":33,"coi_social_econ":25}},{"type":"Feature","geometry":{"type":"Polygon","coordinates":[[[-79.81869,40.40046],[-79.81698,40.40235],[-79.815,40.40119],[-79.81361,40.40105],[-79.80917,40.39704],[-79.80646,40.39681],[-79.80544,40.39864],[-79.80437,40.39844],[-79.80453,40.39683],[-79.80149,40.39514],[-79.80145,40.39412],[-79.80455,40.39423],[-79.80497,40.39375],[-79.80365,40.39261],[-79.8026,40.39143],[-79.81152,40.38669],[-79.81438,40.38988],[-79.81441,40.39293],[-79.81311,40.39524],[-79.81578,40.39677],[-79.81735,40.39982],[-79.81869,40.40046]]]},"properties":{"geoid":"42003508000","population":1834,"svi_overall":81,"svi_socioeconomic":79,"svi_household":61,"svi_minority":52,"svi_housing_transport":85,"coi_level":"Very Low","coi_rank":2,"coi_education":11,"coi_health_env":7,"coi_social_econ":1}},{"type":"Feature","geometry":{"type":"Polygon","coordinates":[[[-79.83333,40.40533],[-79.83265,40.40984],[-79.83093,40.41064],[-79.82748,40.41007],[-79.82671,40.4139],[-79.82486,40.41259],[-79.82324,40.4162],[-79.82131,40.41675],[-79.82181,40.41631],[-79.81852,40.41549],[-79.81378,40.41813],[-79.81166,40.41787],[-79.81066,40.4164],[-79.81228,40.41379],[-79.80973,40.41214],[-79.81104,40.41127],[-79.81187,40.40971],[-79.81544,40.40564],[-79.81305,40.4055],[-79.81178,40.40336],[-79.81273,40.40235],[-79.815,40.40119],[-79.81698,40.40235],[-79.81869,40.40046],[-79.8243,40.40294],[-79.82668,40.40424],[-79.82775,40.4043],[-79.82781,40.40288],[-79.83078,40.39956],[-79.83369,40.40055],[-79.83333,40.40533]]]},"properties":{"geoid":"42003509400","population":5087,"svi_overall":85,"svi_socioeconomic":87,"svi_household":82,"svi_minority":57,"svi_housing_transport":72,"coi_level":"Very Low","coi_rank":8,"coi_education":3,"coi_health_env":26,"coi_social_econ":7}},{"type":"Feature","geometry":{"type":"Polygon","coordinates":[[[-79.84642,40.39397],[-79.84444,40.39786],[-79.84045,40.39905],[-79.83807,40.40043],[-79.83794,40.40181],[-79.83716,40.40247],[-79.83333,40.40533],[-79.83369,40.40055],[-79.83011,40.39934],[-79.8301,40.39835],[-79.83556,40.39432],[-79.83638,40.39282],[-79.83706,40.39104],[-79.83803,40.39075],[-79.84484,40.39294],[-79.84664,40.39371],[-79.84642,40.39397]]]},"properties":{"geoid":"42003510000","population":1866,"svi_overall":70,"svi_socioeconomic":54,"svi_household":79,"svi_minority":81,"svi_housing_transport":64,"coi_level":"Very Low","coi_rank":3,"coi_education":5,"coi_health_env":3,"coi_social_econ":5}},{"type":"Feature","geometry":{"type":"Polygon","coordinates":[[[-79.85182,40.40982],[-79.84905,40.41173],[-79.84422,40.41225],[-79.84313,40.40924],[-79.83827,40.40518],[-79.83716,40.40247],[-79.83794,40.40181],[-79.83807,40.40043],[-79.84045,40.39905],[-79.84444,40.39786],[-79.84642,40.39397],[-79.84794,40.39462],[-79.84551,40.39906],[-79.84637,40.40178],[-79.84756,40.40285],[-79.85102,40.40401],[-79.85292,40.40551],[-79.85182,40.40982]]]},"properties":{"geoid":"42003512000","population":2077,"svi_overall":52,"svi_socioeconomic":67,"svi_household":58,"svi_minority":56,"svi_housing_transport":21,"coi_level":"Very Low","coi_rank":9,"coi_education":3,"coi_health_env":17,"coi_social_econ":10}},{"type":"Feature","geometry":{"type":"Polygon","coordinates":[[[-79.87203,40.41258],[-79.86952,40.41405],[-79.86452,40.4114],[-79.86094,40.41175],[-79.86055,40.40903],[-79.85296,40.40898],[-79.85182,40.40982],[-79.85292,40.40551],[-79.85102,40.40401],[-79.84756,40.40285],[-79.84637,40.40178],[-79.84551,40.39906],[-79.84794,40.39462],[-79.84642,40.39397],[-79.84664,40.39371],[-79.85235,40.39432],[-79.85288,40.39274],[-79.85203,40.39021],[-79.85345,40.38841],[-79.86411,40.39228],[-79.85877,40.39837],[-79.8645,40.40244],[-79.8652,40.40357],[-79.86541,40.40498],[-79.86545,40.40688],[-79.8661,40.4079],[-79.87134,40.41173],[-79.87203,40.41258]]]},"properties":{"geoid":"42003513000","population":2243,"svi_overall":74,"svi_socioeconomic":82,"svi_household":57,"svi_minority":82,"svi_housing_transport":51,"coi_level":"Very Low","coi_rank":2,"coi_education":4,"coi_health_env":2,"coi_social_econ":4}},{"type":"Feature","geometry":{"type":"Polygon","coordinates":[[[-79.87944,40.40424],[-79.87461,40.40754],[-79.87134,40.41173],[-79.8661,40.4079],[-79.86545,40.40688],[-79.86541,40.40498],[-79.8652,40.40357],[-79.8645,40.40244],[-79.85877,40.39837],[-79.86411,40.39228],[-79.869,40.39514],[-79.87285,40.39825],[-79.87674,40.4022],[-79.87944,40.40424]]]},"properties":{"geoid":"42003513800","population":1814,"svi_overall":93,"svi_socioeconomic":82,"svi_household":96,"svi_minority":87,"svi_housing_transport":83,"coi_level":"Very Low","coi_rank":1,"coi_education":1,"coi_health_env":5,"coi_social_econ":1}},{"type":"Feature","geometry":{"type":"Polygon","coordinates":[[[-79.89063,40.41041],[-79.88869,40.41509],[-79.88726,40.41688],[-79.88222,40.41593],[-79.87661,40.41409],[-79.87435,40.41372],[-79.87203,40.41258],[-79.87134,40.41173],[-79.87461,40.40754],[-79.87944,40.40424],[-79.88121,40.40556],[-79.88988,40.40989],[-79.89063,40.41041]]]},"properties":{"geoid":"42003514000","population":1837,"svi_overall":82,"svi_socioeconomic":88,"svi_household":82,"svi_minority":82,"svi_housing_transport":45,"coi_level":"Very Low","coi_rank":3,"coi_education":4,"coi_health_env":8,"coi_social_econ":3}},{"type":"Feature","geometry":{"type":"Polygon","coordinates":[[[-79.88716,40.42076],[-79.8872,40.42114],[-79.88714,40.42164],[-79.88687,40.42271],[-79.88668,40.42321],[-79.88645,40.42312],[-79.886,40.42453],[-79.88558,40.42302],[-79.88027,40.42174],[-79.87742,40.42168],[-79.87729,40.42236],[-79.87352,40.42285],[-79.874,40.4207],[-79.8728,40.41859],[-79.87199,40.41669],[-79.86952,40.41619],[-79.86769,40.41513],[-79.87203,40.41258],[-79.87435,40.41372],[-79.87661,40.41409],[-79.88222,40.41593],[-79.88709,40.41685],[-79.88627,40.41868],[-79.88683,40.41939],[-79.88733,40.42069],[-79.88716,40.42076]]]},"properties":{"geoid":"42003515100","population":2911,"svi_overall":67,"svi_socioeconomic":53,"svi_household":59,"svi_minority":74,"svi_housing_transport":73,"coi_level":"Very Low","coi_rank":12,"coi_education":4,"coi_health_env":4,"coi_social_econ":22}},{"type":"Feature","geometry":{"type":"Polygon","coordinates":[[[-79.886,40.42453],[-79.88522,40.42691],[-79.88297,40.42676],[-79.8815,40.42608],[-79.87986,40.42853],[-79.87583,40.42809],[-79.87352,40.42285],[-79.87729,40.42236],[-79.87742,40.42168],[-79.88027,40.42174],[-79.88558,40.42302],[-79.886,40.42453]]]},"properties":{"geoid":"42003515200","population":2018,"svi_overall":42,"svi_socioeconomic":55,"svi_household":51,"svi_minority":55,"svi_housing_transport":19,"coi_level":"Low","coi_rank":25,"coi_education":9,"coi_health_env":36,"coi_social_econ":39}},{"type":"Feature","geometry":{"type":"Polygon","coordinates":[[[-79.89888,40.41886],[-79.89748,40.42008],[-79.89104,40.42292],[-79.88763,40.42425],[-79.88801,40.42469],[-79.88775,40.42502],[-79.88619,40.42397],[-79.88645,40.42312],[-79.88668,40.42321],[-79.88687,40.42271],[-79.88714,40.42164],[-79.8872,40.42114],[-79.88716,40.42076],[-79.88733,40.42069],[-79.88683,40.41939],[-79.88627,40.41868],[-79.88709,40.41685],[-79.88726,40.41688],[-79.88869,40.41509],[-79.89063,40.41041],[-79.8979,40.41496],[-79.89963,40.41546],[-79.89888,40.41886]]]},"properties":{"geoid":"42003515300","population":1488,"svi_overall":81,"svi_socioeconomic":83,"svi_household":70,"svi_minority":63,"svi_housing_transport":71,"coi_level":"Very Low","coi_rank":11,"coi_education":27,"coi_health_env":7,"coi_social_econ":10}},{"type":"Feature","geometry":{"type":"Polygon","coordinates":[[[-79.89888,40.41886],[-79.89721,40.42607],[-79.89672,40.42647],[-79.8942,40.42556],[-79.89101,40.4272],[-79.89218,40.4279],[-79.89377,40.42693],[-79.8951,40.42817],[-79.89709,40.42779],[-79.89557,40.43497],[-79.89457,40.43354],[-79.89211,40.42958],[-79.89239,40.42848],[-79.89204,40.42812],[-79.89093,40.42757],[-79.88763,40.42425],[-79.89104,40.42292],[-79.89748,40.42008],[-79.89888,40.41886]]]},"properties":{"geoid":"42003515401","population":2171,"svi_overall":13,"svi_socioeconomic":31,"svi_household":8,"svi_minority":38,"svi_housing_transport":14,"coi_level":"Moderate","coi_rank":45,"coi_education":29,"coi_health_env":46,"coi_social_econ":53}},{"type":"Feature","geometry":{"type":"Polygon","coordinates":[[[-79.89457,40.43354],[-79.88579,40.43685],[-79.885,40.43296],[-79.88463,40.43038],[-79.88522,40.42691],[-79.88619,40.42397],[-79.88775,40.42502],[-79.88801,40.42469],[-79.89093,40.42757],[-79.89204,40.42812],[-79.89239,40.42848],[-79.89211,40.42958],[-79.89457,40.43354]]]},"properties":{"geoid":"42003516100","population":1416,"svi_overall":0,"svi_socioeconomic":3,"svi_household":1,"svi_minority":16,"svi_housing_transport":4,"coi_level":"High","coi_rank":68,"coi_education":28,"coi_health_env":94,"coi_social_econ":83}},{"type":"Feature","geometry":{"type":"Polygon","coordinates":[[[-79.88579,40.43685],[-79.88266,40.43609],[-79.87918,40.434],[-79.87754,40.43551],[-79.87418,40.43527],[-79.8722,40.43376],[-79.87369,40.43086],[-79.87583,40.42809],[-79.87986,40.42853],[-79.8815,40.42608],[-79.88297,40.42676],[-79.88522,40.42691],[-79.88463,40.43038],[-79.885,40.43296],[-79.88579,40.43685]]]},"properties":{"geoid":"42003516200","population":1688,"svi_overall":7,"svi_socioeconomic":14,"svi_household":6,"svi_minority":36,"svi_housing_transport":17,"coi_level":"High","coi_rank":69,"coi_education":30,"coi_health_env":92,"coi_social_econ":83}},{"type":"Feature","geometry":{"type":"Polygon","coordinates":[[[-79.87477,40.42938],[-79.87369,40.43086],[-79.8722,40.43376],[-79.86885,40.43222],[-79.8711,40.43206],[-79.87046,40.42994],[-79.87105,40.42759],[-79.87235,40.42691],[-79.86931,40.42553],[-79.86771,40.42335],[-79.86509,40.42265],[-79.86388,40.42243],[-79.86146,40.42162],[-79.8597,40.42073],[-79.85821,40.42111],[-79.85152,40.41837],[-79.85262,40.41679],[-79.8506,40.41578],[-79.8499,40.41555],[-79.84905,40.41173],[-79.85296,40.40898],[-79.86055,40.40903],[-79.86094,40.41175],[-79.86452,40.4114],[-79.86952,40.41405],[-79.86769,40.41513],[-79.86952,40.41619],[-79.87199,40.41669],[-79.8728,40.41859],[-79.874,40.4207],[-79.87352,40.42285],[-79.87583,40.42809],[-79.87477,40.42938]]]},"properties":{"geoid":"42003517000","population":1625,"svi_overall":65,"svi_socioeconomic":53,"svi_household":89,"svi_minority":60,"svi_housing_transport":47,"coi_level":"Very Low","coi_rank":14,"coi_education":10,"coi_health_env":65,"coi_social_econ":13}},{"type":"Feature","geometry":{"type":"Polygon","coordinates":[[[-79.87105,40.42759],[-79.87046,40.42994],[-79.8711,40.43206],[-79.86885,40.43222],[-79.86675,40.43133],[-79.8615,40.43823],[-79.85626,40.43392],[-79.85365,40.43562],[-79.85201,40.4369],[-79.84845,40.43361],[-79.85164,40.43135],[-79.85189,40.43011],[-79.84953,40.42291],[-79.85042,40.42014],[-79.85003,40.41979],[-79.85225,40.417],[-79.85239,40.41713],[-79.85152,40.41837],[-79.85821,40.42111],[-79.8597,40.42073],[-79.86146,40.42162],[-79.86388,40.42243],[-79.86509,40.42265],[-79.86771,40.42335],[-79.86931,40.42553],[-79.87235,40.42691],[-79.87105,40.42759]]]},"properties":{"geoid":"42003518001","population":3129,"svi_overall":6,"svi_socioeconomic":13,"svi_household":6,"svi_minority":22,"svi_housing_transport":17,"coi_level":"High","coi_rank":65,"coi_education":29,"coi_health_env":74,"coi_social_econ":79}},{"type":"Feature","geometry":{"type":"Polygon","coordinates":[[[-79.86511,40.43746],[-79.86161,40.4394],[-79.8621,40.44154],[-79.85789,40.44288],[-79.8585,40.44517],[-79.85405,40.44582],[-79.85422,40.45283],[-79.84433,40.44965],[-79.84374,40.45075],[-79.84045,40.44986],[-79.83535,40.44508],[-79.82952,40.44432],[-79.82837,40.44436],[-79.82732,40.445],[-79.82745,40.44449],[-79.82774,40.44159],[-79.82472,40.44091],[-79.82615,40.43907],[-79.82099,40.4338],[-79.82338,40.43087],[-79.82703,40.43202],[-79.83005,40.43082],[-79.82766,40.42965],[-79.82638,40.42573],[-79.8288,40.42585],[-79.82969,40.42318],[-79.83132,40.42295],[-79.82992,40.4275],[-79.83181,40.43044],[-79.83373,40.42873],[-79.84389,40.42813],[-79.84484,40.42931],[-79.84716,40.42857],[-79.84887,40.43072],[-79.84845,40.43361],[-79.85201,40.4369],[-79.85365,40.43562],[-79.85626,40.43392],[-79.8615,40.43823],[-79.86511,40.43746]]]},"properties":{"geoid":"42003519000","population":3127,"svi_overall":10,"svi_socioeconomic":12,"svi_household":43,"svi_minority":34,"svi_housing_transport":6,"coi_level":"High","coi_rank":61,"coi_education":16,"coi_health_env":93,"coi_social_econ":81}},{"type":"Feature","geometry":{"type":"Polygon","coordinates":[[[-79.83005,40.43082],[-79.82703,40.43202],[-79.82338,40.43087],[-79.82099,40.4338],[-79.82615,40.43907],[-79.82472,40.44091],[-79.82774,40.44159],[-79.82745,40.44449],[-79.82732,40.445],[-79.81287,40.44129],[-79.80267,40.43859],[-79.80296,40.4365],[-79.80454,40.43416],[-79.80207,40.43196],[-79.80345,40.42691],[-79.80801,40.4251],[-79.80962,40.42351],[-79.81606,40.41982],[-79.81817,40.41765],[-79.82087,40.4168],[-79.82335,40.41692],[-79.82203,40.41796],[-79.82479,40.4184],[-79.82681,40.4216],[-79.82638,40.42573],[-79.82766,40.42965],[-79.83005,40.43082]]]},"properties":{"geoid":"42003520001","population":3107,"svi_overall":40,"svi_socioeconomic":30,"svi_household":50,"svi_minority":53,"svi_housing_transport":46,"coi_level":"Low","coi_rank":35,"coi_education":15,"coi_health_env":78,"coi_social_econ":46}},{"type":"Feature","geometry":{"type":"Polygon","coordinates":[[[-79.84484,40.42931],[-79.84389,40.42813],[-79.83373,40.42873],[-79.83181,40.43044],[-79.82992,40.4275],[-79.83132,40.42295],[-79.82969,40.42318],[-79.8288,40.42585],[-79.82638,40.42573],[-79.82681,40.4216],[-79.82479,40.4184],[-79.82203,40.41796],[-79.82335,40.41692],[-79.82087,40.4168],[-79.82131,40.41675],[-79.82324,40.4162],[-79.82486,40.41259],[-79.82671,40.4139],[-79.82748,40.41007],[-79.83093,40.41064],[-79.83265,40.40984],[-79.83333,40.40533],[-79.83716,40.40247],[-79.83827,40.40518],[-79.83897,40.4058],[-79.83396,40.40947],[-79.83702,40.41295],[-79.83898,40.41488],[-79.84152,40.41902],[-79.84143,40.42014],[-79.84305,40.42217],[-79.8436,40.4245],[-79.84716,40.42857],[-79.84484,40.42931]]]},"properties":{"geoid":"42003520002","population":3196,"svi_overall":28,"svi_socioeconomic":31,"svi_household":39,"svi_minority":52,"svi_housing_transport":22,"coi_level":"Low","coi_rank":30,"coi_education":10,"coi_health_env":35,"coi_social_econ":45}},{"type":"Feature","geometry":{"type":"Polygon","coordinates":[[[-79.79761,40.4425],[-79.79706,40.44378],[-79.79635,40.44617],[-79.79667,40.44868],[-79.79632,40.44986],[-79.79288,40.45157],[-79.78721,40.45314],[-79.78216,40.45691],[-79.77985,40.45981],[-79.7793,40.46096],[-79.77391,40.45966],[-79.77143,40.46024],[-79.76941,40.46087],[-79.76814,40.46196],[-79.76208,40.46182],[-79.7586,40.45987],[-79.7578,40.45856],[-79.75784,40.45797],[-79.76011,40.45581],[-79.76225,40.44919],[-79.76484,40.44585],[-79.76669,40.44401],[-79.77103,40.44468],[-79.7782,40.44386],[-79.78899,40.44222],[-79.79789,40.44194],[-79.79761,40.4425]]]},"properties":{"geoid":"42003521100","population":4420,"svi_overall":15,"svi_socioeconomic":14,"svi_household":67,"svi_minority":55,"svi_housing_transport":5,"coi_level":"Moderate","coi_rank":57,"coi_education":46,"coi_health_env":54,"coi_social_econ":61}},{"type":"Feature","geometry":{"type":"Polygon","coordinates":[[[-79.82131,40.41675],[-79.82087,40.4168],[-79.81817,40.41765],[-79.81606,40.41982],[-79.80962,40.42351],[-79.80801,40.4251],[-79.80345,40.42691],[-79.80207,40.43196],[-79.80454,40.43416],[-79.80296,40.4365],[-79.80267,40.43859],[-79.80035,40.43952],[-79.80198,40.44019],[-79.79789,40.44194],[-79.78899,40.44222],[-79.7782,40.44386],[-79.77103,40.44468],[-79.76669,40.44401],[-79.76672,40.44153],[-79.769,40.43871],[-79.76946,40.43803],[-79.7724,40.43619],[-79.77648,40.43749],[-79.77944,40.43697],[-79.78311,40.43463],[-79.78334,40.43347],[-79.79027,40.42464],[-79.7912,40.4239],[-79.79283,40.42035],[-79.79696,40.41677],[-79.79974,40.41598],[-79.80183,40.41139],[-79.8016,40.40906],[-79.80433,40.40534],[-79.80469,40.402],[-79.80404,40.40073],[-79.80437,40.39844],[-79.80544,40.39864],[-79.80646,40.39681],[-79.80917,40.39704],[-79.81361,40.40105],[-79.815,40.40119],[-79.81273,40.40235],[-79.81178,40.40336],[-79.81305,40.4055],[-79.81544,40.40564],[-79.81187,40.40971],[-79.81104,40.41127],[-79.80973,40.41214],[-79.81228,40.41379],[-79.81066,40.4164],[-79.81166,40.41787],[-79.81378,40.41813],[-79.81852,40.41549],[-79.82181,40.41631],[-79.82131,40.41675]]]},"properties":{"geoid":"42003521200","population":4194,"svi_overall":30,"svi_socioeconomic":21,"svi_household":32,"svi_minority":40,"svi_housing_transport":52,"coi_level":"Low","coi_rank":40,"coi_education":37,"coi_health_env":28,"coi_social_econ":46}},{"type":"Feature","geometry":{"type":"Polygon","coordinates":[[[-79.77756,40.40034],[-79.77418,40.40057],[-79.77538,40.40222],[-79.77268,40.4007],[-79.77167,40.39987],[-79.77229,40.40171],[-79.7695,40.40548],[-79.76987,40.40803],[-79.77149,40.41041],[-79.77372,40.40982],[-79.77582,40.41044],[-79.77276,40.41455],[-79.77567,40.41398],[-79.77677,40.41731],[-79.77587,40.41905],[-79.77326,40.42234],[-79.77201,40.42455],[-79.76809,40.4276],[-79.76603,40.4279],[-79.76166,40.43053],[-79.76132,40.43092],[-79.76024,40.43329],[-79.76183,40.4331],[-79.77108,40.43573],[-79.7724,40.43619],[-79.76946,40.43803],[-79.769,40.43871],[-79.76672,40.44153],[-79.76669,40.44401],[-79.76347,40.44264],[-79.75829,40.43894],[-79.75487,40.43769],[-79.75239,40.43408],[-79.7517,40.43225],[-79.75124,40.42978],[-79.75034,40.42369],[-79.74967,40.42228],[-79.74951,40.42008],[-79.7522,40.41608],[-79.75297,40.41161],[-79.7533,40.41122],[-79.75604,40.40969],[-79.75732,40.40734],[-79.75694,40.4037],[-79.75733,40.40235],[-79.76051,40.4012],[-79.76219,40.39977],[-79.76286,40.39757],[-79.7648,40.39527],[-79.76491,40.39292],[-79.76609,40.39114],[-79.76583,40.38922],[-79.76494,40.38722],[-79.76543,40.38532],[-79.76818,40.38657],[-79.77486,40.39674],[-79.77709,40.39888],[-79.77887,40.39895],[-79.77756,40.40034]]]},"properties":{"geoid":"42003521301","population":4311,"svi_overall":58,"svi_socioeconomic":41,"svi_household":66,"svi_minority":44,"svi_housing_transport":71,"coi_level":"Low","coi_rank":34,"coi_education":27,"coi_health_env":55,"coi_social_econ":37}},{"type":"Feature","geometry":{"type":"Polygon","coordinates":[[[-79.80433,40.40534],[-79.8016,40.40906],[-79.80183,40.41139],[-79.79974,40.41598],[-79.79696,40.41677],[-79.79283,40.42035],[-79.7912,40.4239],[-79.79027,40.42464],[-79.78334,40.43347],[-79.78311,40.43463],[-79.77944,40.43697],[-79.77648,40.43749],[-79.77108,40.43573],[-79.76183,40.4331],[-79.76024,40.43329],[-79.76132,40.43092],[-79.76166,40.43053],[-79.76603,40.4279],[-79.76809,40.4276],[-79.77201,40.42455],[-79.77326,40.42234],[-79.77587,40.41905],[-79.77986,40.42241],[-79.7813,40.41903],[-79.77753,40.41812],[-79.77836,40.41614],[-79.77705,40.41693],[-79.77964,40.41056],[-79.77989,40.40761],[-79.78309,40.40435],[-79.78273,40.40394],[-79.78326,40.40266],[-79.78506,40.40043],[-79.77796,40.40179],[-79.77756,40.40034],[-79.77887,40.39895],[-79.78153,40.39687],[-79.784,40.39633],[-79.78854,40.39649],[-79.78886,40.39796],[-79.79204,40.39787],[-79.79352,40.39581],[-79.79725,40.39408],[-79.80145,40.39412],[-79.80149,40.39514],[-79.80453,40.39683],[-79.80404,40.40073],[-79.80469,40.402],[-79.80433,40.40534]]]},"properties":{"geoid":"42003521302","population":4210,"svi_overall":48,"svi_socioeconomic":38,"svi_household":56,"svi_minority":49,"svi_housing_transport":54,"coi_level":"Low","coi_rank":38,"coi_education":27,"coi_health_env":60,"coi_social_econ":40}},{"type":"Feature","geometry":{"type":"Polygon","coordinates":[[[-79.75829,40.43894],[-79.75074,40.4388],[-79.74248,40.43849],[-79.73955,40.43789],[-79.73464,40.43574],[-79.73247,40.43416],[-79.72684,40.42844],[-79.72559,40.42765],[-79.72416,40.42725],[-79.72207,40.42722],[-79.713,40.43042],[-79.70988,40.43023],[-79.70473,40.42757],[-79.70479,40.42633],[-79.70698,40.42402],[-79.70694,40.42233],[-79.71184,40.41969],[-79.71255,40.41865],[-79.71603,40.41742],[-79.71616,40.41574],[-79.71723,40.4138],[-79.72043,40.41399],[-79.72234,40.41493],[-79.72683,40.41448],[-79.72765,40.41289],[-79.72723,40.4122],[-79.72602,40.41216],[-79.72219,40.40908],[-79.7224,40.40858],[-79.72778,40.40832],[-79.72882,40.41069],[-79.73574,40.4125],[-79.73772,40.41343],[-79.74273,40.4182],[-79.74633,40.41951],[-79.74967,40.42228],[-79.75034,40.42369],[-79.75124,40.42978],[-79.7517,40.43225],[-79.75239,40.43408],[-79.75487,40.43769],[-79.75829,40.43894]]]},"properties":{"geoid":"42003521401","population":3230,"svi_overall":27,"svi_socioeconomic":16,"svi_household":47,"svi_minority":42,"svi_housing_transport":40,"coi_level":"High","coi_rank":68,"coi_education":48,"coi_health_env":85,"coi_social_econ":73}},{"type":"Feature","geometry":{"type":"Polygon","coordinates":[[[-79.76609,40.39114],[-79.76491,40.39292],[-79.7648,40.39527],[-79.76286,40.39757],[-79.76219,40.39977],[-79.76051,40.4012],[-79.75733,40.40235],[-79.75694,40.4037],[-79.75732,40.40734],[-79.75604,40.40969],[-79.7533,40.41122],[-79.75297,40.41161],[-79.7522,40.41608],[-79.74951,40.42008],[-79.74967,40.42228],[-79.74633,40.41951],[-79.74273,40.4182],[-79.73772,40.41343],[-79.73574,40.4125],[-79.72882,40.41069],[-79.72778,40.40832],[-79.7292,40.40883],[-79.73043,40.40848],[-79.73198,40.40665],[-79.73232,40.40024],[-79.73253,40.39961],[-79.7349,40.39786],[-79.73573,40.39941],[-79.73874,40.39772],[-79.73865,40.39555],[-79.74289,40.39674],[-79.74464,40.39617],[-79.74803,40.39076],[-79.75069,40.39087],[-79.75101,40.38908],[-79.75127,40.38836],[-79.75378,40.38855],[-79.75861,40.39207],[-79.76207,40.39278],[-79.76481,40.39003],[-79.7639,40.38646],[-79.76494,40.38722],[-79.76583,40.38922],[-79.76609,40.39114]]]},"properties":{"geoid":"42003521402","population":4008,"svi_overall":4,"svi_socioeconomic":7,"svi_household":34,"svi_minority":47,"svi_housing_transport":2,"coi_level":"High","coi_rank":67,"coi_education":36,"coi_health_env":70,"coi_social_econ":79}},{"type":"Feature","geometry":{"type":"Polygon","coordinates":[[[-79.76484,40.44585],[-79.76225,40.44919],[-79.76011,40.45581],[-79.75784,40.45797],[-79.7578,40.45856],[-79.7586,40.45987],[-79.75639,40.45968],[-79.75352,40.46029],[-79.7482,40.45726],[-79.74461,40.45663],[-79.73887,40.45777],[-79.73641,40.45654],[-79.73536,40.45538],[-79.71893,40.44706],[-79.71463,40.44591],[-79.71385,40.44585],[-79.71135,40.44589],[-79.70953,40.44812],[-79.70815,40.44768],[-79.70738,40.44627],[-79.70398,40.44366],[-79.70473,40.42757],[-79.70988,40.43023],[-79.713,40.43042],[-79.72207,40.42722],[-79.72416,40.42725],[-79.72559,40.42765],[-79.72684,40.42844],[-79.73247,40.43416],[-79.73464,40.43574],[-79.73955,40.43789],[-79.74248,40.43849],[-79.75074,40.4388],[-79.75829,40.43894],[-79.76347,40.44264],[-79.76669,40.44401],[-79.76484,40.44585]]]},"properties":{"geoid":"42003521500","population":4157,"svi_overall":33,"svi_socioeconomic":27,"svi_household":15,"svi_minority":27,"svi_housing_transport":70,"coi_level":"Moderate","coi_rank":57,"coi_education":49,"coi_health_env":45,"coi_social_econ":61}},{"type":"Feature","geometry":{"type":"Polygon","coordinates":[[[-79.78326,40.40266],[-79.78273,40.40394],[-79.78309,40.40435],[-79.77989,40.40761],[-79.77964,40.41056],[-79.77705,40.41693],[-79.77836,40.41614],[-79.77753,40.41812],[-79.7813,40.41903],[-79.77986,40.42241],[-79.77587,40.41905],[-79.77677,40.41731],[-79.77567,40.41398],[-79.77276,40.41455],[-79.77582,40.41044],[-79.77372,40.40982],[-79.77149,40.41041],[-79.76987,40.40803],[-79.7695,40.40548],[-79.77229,40.40171],[-79.77167,40.39987],[-79.77268,40.4007],[-79.77538,40.40222],[-79.77418,40.40057],[-79.77756,40.40034],[-79.77796,40.40179],[-79.78506,40.40043],[-79.78326,40.40266]]]},"properties":{"geoid":"42003522000","population":3084,"svi_overall":76,"svi_socioeconomic":81,"svi_household":91,"svi_minority":55,"svi_housing_transport":40,"coi_level":"Very Low","coi_rank":7,"coi_education":19,"coi_health_env":16,"coi_social_econ":4}},{"type":"Feature","geometry":{"type":"Polygon","coordinates":[[[-79.89,40.46184],[-79.88774,40.47307],[-79.88656,40.47819],[-79.88467,40.47932],[-79.88381,40.48322],[-79.87726,40.48318],[-79.8655,40.48508],[-79.86117,40.48636],[-79.85954,40.48706],[-79.85774,40.48546],[-79.85155,40.48281],[-79.84837,40.47887],[-79.8485,40.47555],[-79.85239,40.47357],[-79.85655,40.47373],[-79.85893,40.47219],[-79.86008,40.46879],[-79.86413,40.46693],[-79.8654,40.46575],[-79.8658,40.46269],[-79.86635,40.46107],[-79.86643,40.4605],[-79.86538,40.45857],[-79.86703,40.45855],[-79.86828,40.45636],[-79.87261,40.45754],[-79.86911,40.46098],[-79.87288,40.46063],[-79.87451,40.45927],[-79.87561,40.46069],[-79.87553,40.46156],[-79.87924,40.45916],[-79.89,40.46184]]]},"properties":{"geoid":"42003523100","population":3829,"svi_overall":60,"svi_socioeconomic":65,"svi_household":69,"svi_minority":91,"svi_housing_transport":22,"coi_level":"Very Low","coi_rank":19,"coi_education":10,"coi_health_env":49,"coi_social_econ":21}},{"type":"Feature","geometry":{"type":"Polygon","coordinates":[[[-79.86635,40.46107],[-79.8658,40.46269],[-79.8654,40.46575],[-79.86413,40.46693],[-79.86008,40.46879],[-79.85893,40.47219],[-79.85655,40.47373],[-79.85239,40.47357],[-79.8485,40.47555],[-79.84859,40.47445],[-79.84707,40.46882],[-79.84713,40.46484],[-79.84242,40.46181],[-79.84299,40.45868],[-79.84414,40.4568],[-79.84479,40.45321],[-79.8438,40.45194],[-79.84374,40.45075],[-79.84433,40.44965],[-79.85422,40.45283],[-79.85424,40.45362],[-79.85548,40.45361],[-79.85554,40.45739],[-79.85713,40.4573],[-79.85802,40.45942],[-79.86063,40.4586],[-79.86538,40.45857],[-79.86643,40.4605],[-79.86635,40.46107]]]},"properties":{"geoid":"42003523200","population":4040,"svi_overall":72,"svi_socioeconomic":67,"svi_household":62,"svi_minority":78,"svi_housing_transport":64,"coi_level":"Very Low","coi_rank":13,"coi_education":13,"coi_health_env":25,"coi_social_econ":13}},{"type":"Feature","geometry":{"type":"Polygon","coordinates":[[[-79.8485,40.47555],[-79.8463,40.47784],[-79.84551,40.47797],[-79.84354,40.47753],[-79.83772,40.47811],[-79.83226,40.48058],[-79.82872,40.48178],[-79.81925,40.48421],[-79.81951,40.48341],[-79.82254,40.48039],[-79.82211,40.47518],[-79.81954,40.47201],[-79.82021,40.4712],[-79.82304,40.47],[-79.82613,40.46621],[-79.83034,40.46472],[-79.8322,40.46568],[-79.83354,40.46721],[-79.83746,40.4667],[-79.83883,40.46572],[-79.84127,40.46119],[-79.84267,40.46022],[-79.84242,40.46181],[-79.84713,40.46484],[-79.84707,40.46882],[-79.84859,40.47445],[-79.8485,40.47555]]]},"properties":{"geoid":"42003523300","population":3926,"svi_overall":34,"svi_socioeconomic":28,"svi_household":43,"svi_minority":61,"svi_housing_transport":35,"coi_level":"Low","coi_rank":29,"coi_education":13,"coi_health_env":30,"coi_social_econ":44}},{"type":"Feature","geometry":{"type":"Polygon","coordinates":[[[-79.84414,40.4568],[-79.84299,40.45868],[-79.84267,40.46022],[-79.84127,40.46119],[-79.83883,40.46572],[-79.83746,40.4667],[-79.83354,40.46721],[-79.8322,40.46568],[-79.83034,40.46472],[-79.82613,40.46621],[-79.82505,40.46548],[-79.82443,40.46471],[-79.82306,40.45647],[-79.82324,40.45485],[-79.82613,40.4527],[-79.82639,40.45225],[-79.82837,40.44436],[-79.82952,40.44432],[-79.83535,40.44508],[-79.84045,40.44986],[-79.84374,40.45075],[-79.8438,40.45194],[-79.84479,40.45321],[-79.84414,40.4568]]]},"properties":{"geoid":"42003523400","population":5016,"svi_overall":68,"svi_socioeconomic":68,"svi_household":79,"svi_minority":54,"svi_housing_transport":48,"coi_level":"Low","coi_rank":21,"coi_education":14,"coi_health_env":53,"coi_social_econ":24}},{"type":"Feature","geometry":{"type":"Polygon","coordinates":[[[-79.82613,40.46621],[-79.82304,40.47],[-79.82021,40.4712],[-79.81954,40.47201],[-79.82211,40.47518],[-79.82254,40.48039],[-79.81951,40.48341],[-79.81925,40.48421],[-79.8178,40.48498],[-79.81454,40.48386],[-79.8113,40.48387],[-79.80968,40.48291],[-79.80787,40.48165],[-79.80148,40.48096],[-79.80079,40.48072],[-79.79962,40.47755],[-79.79747,40.47541],[-79.79634,40.47218],[-79.79589,40.4684],[-79.79626,40.46818],[-79.79832,40.46782],[-79.79949,40.46489],[-79.80378,40.46275],[-79.80472,40.4607],[-79.80557,40.4604],[-79.81124,40.46047],[-79.81373,40.46161],[-79.81673,40.46362],[-79.81921,40.46403],[-79.82306,40.4663],[-79.82448,40.46603],[-79.82401,40.465],[-79.82443,40.46471],[-79.82505,40.46548],[-79.82613,40.46621]]]},"properties":{"geoid":"42003523501","population":4090,"svi_overall":33,"svi_socioeconomic":50,"svi_household":37,"svi_minority":73,"svi_housing_transport":10,"coi_level":"Low","coi_rank":27,"coi_education":13,"coi_health_env":22,"coi_social_econ":42}},{"type":"Feature","geometry":{"type":"Polygon","coordinates":[[[-79.81124,40.46047],[-79.80557,40.4604],[-79.80472,40.4607],[-79.80378,40.46275],[-79.79949,40.46489],[-79.79832,40.46782],[-79.79626,40.46818],[-79.79589,40.4684],[-79.79634,40.47218],[-79.79747,40.47541],[-79.79962,40.47755],[-79.79529,40.47602],[-79.79156,40.47489],[-79.78616,40.47789],[-79.78267,40.47667],[-79.77887,40.47618],[-79.7784,40.47598],[-79.77686,40.46575],[-79.77788,40.46355],[-79.77921,40.46277],[-79.7793,40.46096],[-79.77985,40.45981],[-79.78216,40.45691],[-79.78721,40.45314],[-79.79288,40.45157],[-79.79632,40.44986],[-79.79667,40.44868],[-79.80059,40.4538],[-79.80014,40.45467],[-79.80085,40.4564],[-79.80461,40.45874],[-79.80973,40.45954],[-79.81124,40.46047]]]},"properties":{"geoid":"42003523502","population":1446,"svi_overall":46,"svi_socioeconomic":34,"svi_household":79,"svi_minority":56,"svi_housing_transport":32,"coi_level":"Low","coi_rank":22,"coi_education":16,"coi_health_env":39,"coi_social_econ":27}},{"type":"Feature","geometry":{"type":"Polygon","coordinates":[[[-79.82837,40.44436],[-79.82639,40.45225],[-79.82613,40.4527],[-79.82324,40.45485],[-79.82306,40.45647],[-79.82443,40.46471],[-79.82401,40.465],[-79.82448,40.46603],[-79.82306,40.4663],[-79.81921,40.46403],[-79.81673,40.46362],[-79.81373,40.46161],[-79.81124,40.46047],[-79.80973,40.45954],[-79.80461,40.45874],[-79.80085,40.4564],[-79.80014,40.45467],[-79.80059,40.4538],[-79.79667,40.44868],[-79.79635,40.44617],[-79.79706,40.44378],[-79.79789,40.44194],[-79.80198,40.44019],[-79.80035,40.43952],[-79.80267,40.43859],[-79.81287,40.44129],[-79.82732,40.445],[-79.82837,40.44436]]]},"properties":{"geoid":"42003523600","population":4912,"svi_overall":27,"svi_socioeconomic":22,"svi_household":34,"svi_minority":60,"svi_housing_transport":30,"coi_level":"Moderate","coi_rank":43,"coi_education":30,"coi_health_env":26,"coi_social_econ":53}},{"type":"Feature","geometry":{"type":"Polygon","coordinates":[[[-79.83783,40.50224],[-79.83499,40.5015],[-79.8338,40.50086],[-79.83357,40.50445],[-79.83362,40.5064],[-79.83402,40.51272],[-79.8338,40.51317],[-79.8323,40.51352],[-79.82786,40.51205],[-79.82606,40.51286],[-79.82453,40.51558],[-79.82239,40.51451],[-79.81971,40.5174],[-79.81816,40.5184],[-79.81666,40.51772],[-79.81675,40.51487],[-79.81519,40.51437],[-79.81374,40.51628],[-79.81283,40.5165],[-79.81019,40.51575],[-79.80875,40.51612],[-79.80721,40.51838],[-79.80667,40.51628],[-79.80675,40.51361],[-79.80507,40.51409],[-79.80196,40.51276],[-79.79939,40.5101],[-79.79569,40.50988],[-79.79371,40.50704],[-79.79883,40.50733],[-79.80269,40.50618],[-79.80663,40.50329],[-79.80634,40.50163],[-79.80601,40.49782],[-79.81141,40.49239],[-79.81612,40.49031],[-79.81987,40.48951],[-79.82014,40.49006],[-79.8232,40.49057],[-79.82672,40.49058],[-79.82745,40.49094],[-79.82728,40.49324],[-79.82773,40.49477],[-79.82956,40.49523],[-79.832,40.49487],[-79.83381,40.4952],[-79.83607,40.49972],[-79.83627,40.50138],[-79.83767,40.50155],[-79.83783,40.50224]]]},"properties":{"geoid":"42003523701","population":3812,"svi_overall":42,"svi_socioeconomic":25,"svi_household":83,"svi_minority":25,"svi_housing_transport":44,"coi_level":"Low","coi_rank":35,"coi_education":10,"coi_health_env":88,"coi_social_econ":48}},{"type":"Feature","geometry":{"type":"Polygon","coordinates":[[[-79.82098,40.48813],[-79.82014,40.48929],[-79.81987,40.48951],[-79.81612,40.49031],[-79.81141,40.49239],[-79.80601,40.49782],[-79.80634,40.50163],[-79.80663,40.50329],[-79.80269,40.50618],[-79.79883,40.50733],[-79.79371,40.50704],[-79.79569,40.50988],[-79.79939,40.5101],[-79.80196,40.51276],[-79.80507,40.51409],[-79.80232,40.51434],[-79.8006,40.51313],[-79.79916,40.51046],[-79.794,40.51186],[-79.7918,40.50795],[-79.79145,40.50582],[-79.79245,40.50348],[-79.79185,40.50229],[-79.7893,40.50098],[-79.78816,40.49955],[-79.78888,40.49837],[-79.78866,40.4957],[-79.78713,40.49529],[-79.78448,40.49525],[-79.784,40.49456],[-79.7851,40.49332],[-79.78536,40.49176],[-79.78538,40.49118],[-79.78337,40.48988],[-79.78407,40.48697],[-79.78162,40.48477],[-79.78082,40.48219],[-79.77874,40.48087],[-79.77992,40.47847],[-79.77811,40.47825],[-79.77845,40.47649],[-79.77887,40.47618],[-79.78267,40.47667],[-79.78616,40.47789],[-79.79156,40.47489],[-79.79529,40.47602],[-79.79962,40.47755],[-79.80079,40.48072],[-79.80148,40.48096],[-79.80787,40.48165],[-79.80968,40.48291],[-79.8113,40.48387],[-79.81454,40.48386],[-79.8178,40.48498],[-79.81925,40.48421],[-79.82053,40.48564],[-79.82098,40.48813]]]},"properties":{"geoid":"42003523702","population":5198,"svi_overall":32,"svi_socioeconomic":32,"svi_household":44,"svi_minority":53,"svi_housing_transport":27,"coi_level":"Low","coi_rank":23,"coi_education":9,"coi_health_env":35,"coi_social_econ":30}},{"type":"Feature","geometry":{"type":"Polygon","coordinates":[[[-79.85954,40.48706],[-79.85654,40.48898],[-79.85112,40.49361],[-79.85034,40.49595],[-79.84512,40.49598],[-79.84339,40.49957],[-79.84289,40.50337],[-79.84069,40.50372],[-79.83783,40.50224],[-79.83767,40.50155],[-79.83627,40.50138],[-79.83607,40.49972],[-79.83381,40.4952],[-79.832,40.49487],[-79.82956,40.49523],[-79.82773,40.49477],[-79.82728,40.49324],[-79.82745,40.49094],[-79.82672,40.49058],[-79.8232,40.49057],[-79.82014,40.49006],[-79.81987,40.48951],[-79.82014,40.48929],[-79.82098,40.48813],[-79.82053,40.48564],[-79.81925,40.48421],[-79.82872,40.48178],[-79.83226,40.48058],[-79.83772,40.47811],[-79.84354,40.47753],[-79.84551,40.47797],[-79.8463,40.47784],[-79.8485,40.47555],[-79.84837,40.47887],[-79.85155,40.48281],[-79.85774,40.48546],[-79.85954,40.48706]]]},"properties":{"geoid":"42003523800","population":4604,"svi_overall":52,"svi_socioeconomic":25,"svi_household":84,"svi_minority":39,"svi_housing_transport":66,"coi_level":"Low","coi_rank":33,"coi_education":11,"coi_health_env":62,"coi_social_econ":47}},{"type":"Feature","geometry":{"type":"Polygon","coordinates":[[[-79.84968,40.4976],[-79.84886,40.50367],[-79.84945,40.50743],[-79.84653,40.5082],[-79.84377,40.51129],[-79.84341,40.5113],[-79.8419,40.51186],[-79.83866,40.51183],[-79.83564,40.51149],[-79.83402,40.51272],[-79.83362,40.5064],[-79.83357,40.50445],[-79.8338,40.50086],[-79.83499,40.5015],[-79.83783,40.50224],[-79.84069,40.50372],[-79.84289,40.50337],[-79.84339,40.49957],[-79.84512,40.49598],[-79.85034,40.49595],[-79.84968,40.4976]]]},"properties":{"geoid":"42003524000","population":2629,"svi_overall":74,"svi_socioeconomic":71,"svi_household":78,"svi_minority":29,"svi_housing_transport":73,"coi_level":"Low","coi_rank":22,"coi_education":45,"coi_health_env":27,"coi_social_econ":15}},{"type":"Feature","geometry":{"type":"Polygon","coordinates":[[[-79.83863,40.51426],[-79.83757,40.52099],[-79.82778,40.5203],[-79.82276,40.52039],[-79.82283,40.52294],[-79.8213,40.52295],[-79.82148,40.52602],[-79.82087,40.52617],[-79.81922,40.52331],[-79.82035,40.51811],[-79.81971,40.5174],[-79.82239,40.51451],[-79.82453,40.51558],[-79.82606,40.51286],[-79.82786,40.51205],[-79.8323,40.51352],[-79.8338,40.51317],[-79.83402,40.51272],[-79.83564,40.51149],[-79.83866,40.51183],[-79.83863,40.51426]]]},"properties":{"geoid":"42003525100","population":1977,"svi_overall":2,"svi_socioeconomic":9,"svi_household":13,"svi_minority":9,"svi_housing_transport":2,"coi_level":"High","coi_rank":80,"coi_education":72,"coi_health_env":67,"coi_social_econ":83}},{"type":"Feature","geometry":{"type":"Polygon","coordinates":[[[-79.8505,40.52052],[-79.8502,40.52172],[-79.84944,40.52356],[-79.84737,40.52297],[-79.8385,40.52108],[-79.83757,40.52099],[-79.83863,40.51426],[-79.83866,40.51183],[-79.8419,40.51186],[-79.84341,40.5113],[-79.84377,40.51129],[-79.84653,40.5082],[-79.84945,40.50743],[-79.85097,40.51587],[-79.8505,40.52052]]]},"properties":{"geoid":"42003525200","population":2565,"svi_overall":28,"svi_socioeconomic":25,"svi_household":26,"svi_minority":5,"svi_housing_transport":59,"coi_level":"High","coi_rank":69,"coi_education":71,"coi_health_env":58,"coi_social_econ":70}},{"type":"Feature","geometry":{"type":"Polygon","coordinates":[[[-79.84843,40.52513],[-79.84632,40.52708],[-79.84231,40.52981],[-79.83528,40.53264],[-79.83669,40.53027],[-79.83317,40.52986],[-79.82806,40.52796],[-79.82793,40.52458],[-79.82148,40.52602],[-79.8213,40.52295],[-79.82283,40.52294],[-79.82276,40.52039],[-79.82778,40.5203],[-79.83757,40.52099],[-79.8385,40.52108],[-79.84737,40.52297],[-79.84944,40.52356],[-79.84843,40.52513]]]},"properties":{"geoid":"42003525300","population":2192,"svi_overall":7,"svi_socioeconomic":12,"svi_household":14,"svi_minority":7,"svi_housing_transport":17,"coi_level":"High","coi_rank":76,"coi_education":71,"coi_health_env":65,"coi_social_econ":77}},{"type":"Feature","geometry":{"type":"Polygon","coordinates":[[[-79.83528,40.53264],[-79.82854,40.53501],[-79.82061,40.53637],[-79.81365,40.53663],[-79.80757,40.53729],[-79.80502,40.53746],[-79.78817,40.53463],[-79.78376,40.53412],[-79.77891,40.5345],[-79.77662,40.53494],[-79.77277,40.53633],[-79.76848,40.53879],[-79.76609,40.54072],[-79.76418,40.54427],[-79.7637,40.54603],[-79.76509,40.54925],[-79.76007,40.55107],[-79.75814,40.55035],[-79.75426,40.55044],[-79.7517,40.55183],[-79.7485,40.55127],[-79.74588,40.54982],[-79.74266,40.54853],[-79.74142,40.54938],[-79.73927,40.54951],[-79.73572,40.54902],[-79.73405,40.54684],[-79.73259,40.54657],[-79.73194,40.54507],[-79.73056,40.54473],[-79.72867,40.54344],[-79.72461,40.5422],[-79.72237,40.54221],[-79.72113,40.54117],[-79.71871,40.53741],[-79.71438,40.53289],[-79.71285,40.53294],[-79.71244,40.53099],[-79.70966,40.52724],[-79.70987,40.52504],[-79.71172,40.52355],[-79.71691,40.52381],[-79.71997,40.52321],[-79.72054,40.52073],[-79.72405,40.51806],[-79.72672,40.51706],[-79.72943,40.5166],[-79.73069,40.5153],[-79.73172,40.51268],[-79.73295,40.51087],[-79.7388,40.5082],[-79.73996,40.50607],[-79.74137,40.50538],[-79.74459,40.50485],[-79.74593,40.50325],[-79.74779,40.4979],[-79.74975,40.49664],[-79.75164,40.49648],[-79.75291,40.49653],[-79.75572,40.49908],[-79.75962,40.50146],[-79.76262,40.50434],[-79.76765,40.50051],[-79.76731,40.49907],[-79.7684,40.49746],[-79.77198,40.49656],[-79.77558,40.49401],[-79.77762,40.4937],[-79.78137,40.4945],[-79.784,40.49456],[-79.78448,40.49525],[-79.78713,40.49529],[-79.78866,40.4957],[-79.78888,40.49837],[-79.78816,40.49955],[-79.7893,40.50098],[-79.79185,40.50229],[-79.79245,40.50348],[-79.79145,40.50582],[-79.7918,40.50795],[-79.794,40.51186],[-79.79916,40.51046],[-79.8006,40.51313],[-79.80232,40.51434],[-79.80507,40.51409],[-79.80675,40.51361],[-79.80667,40.51628],[-79.80721,40.51838],[-79.80875,40.51612],[-79.81019,40.51575],[-79.81283,40.5165],[-79.81374,40.51628],[-79.81519,40.51437],[-79.81675,40.51487],[-79.81666,40.51772],[-79.81816,40.5184],[-79.81971,40.5174],[-79.82035,40.51811],[-79.81922,40.52331],[-79.82087,40.52617],[-79.82793,40.52458],[-79.82806,40.52796],[-79.83317,40.52986],[-79.83669,40.53027],[-79.83528,40.53264]]]},"properties":{"geoid":"42003526101","population":7547,"svi_overall":14,"svi_socioeconomic":3,"svi_household":14,"svi_minority":10,"svi_housing_transport":67,"coi_level":"High","coi_rank":71,"coi_education":66,"coi_health_env":81,"coi_social_econ":71}},{"type":"Feature","geometry":{"type":"Polygon","coordinates":[[[-79.74975,40.49664],[-79.74779,40.4979],[-79.74593,40.50325],[-79.74459,40.50485],[-79.74137,40.50538],[-79.73996,40.50607],[-79.7388,40.5082],[-79.73295,40.51087],[-79.73172,40.51268],[-79.73069,40.5153],[-79.72943,40.5166],[-79.72672,40.51706],[-79.72405,40.51806],[-79.72054,40.52073],[-79.71997,40.52321],[-79.71691,40.52381],[-79.71172,40.52355],[-79.70987,40.52504],[-79.70966,40.52724],[-79.71244,40.53099],[-79.71285,40.53294],[-79.71024,40.53231],[-79.70791,40.53067],[-79.7051,40.52712],[-79.70163,40.52546],[-79.70199,40.52379],[-79.70209,40.52177],[-79.70215,40.48953],[-79.70906,40.48927],[-79.71186,40.48786],[-79.71613,40.48386],[-79.72482,40.48191],[-79.72768,40.47967],[-79.73363,40.47881],[-79.73604,40.47785],[-79.73799,40.48011],[-79.73765,40.48302],[-79.73812,40.48596],[-79.74121,40.49035],[-79.74554,40.49362],[-79.74923,40.49465],[-79.75164,40.49648],[-79.74975,40.49664]]]},"properties":{"geoid":"42003526102","population":2433,"svi_overall":12,"svi_socioeconomic":13,"svi_household":19,"svi_minority":4,"svi_housing_transport":31,"coi_level":"Moderate","coi_rank":56,"coi_education":63,"coi_health_env":48,"coi_social_econ":54}},{"type":"Feature","geometry":{"type":"Polygon","coordinates":[[[-79.7851,40.49332],[-79.784,40.49456],[-79.78137,40.4945],[-79.77762,40.4937],[-79.77558,40.49401],[-79.77198,40.49656],[-79.7684,40.49746],[-79.76731,40.49907],[-79.76765,40.50051],[-79.76262,40.50434],[-79.75962,40.50146],[-79.75572,40.49908],[-79.75291,40.49653],[-79.75164,40.49648],[-79.74923,40.49465],[-79.74554,40.49362],[-79.74121,40.49035],[-79.73812,40.48596],[-79.73765,40.48302],[-79.73799,40.48011],[-79.73604,40.47785],[-79.74476,40.47716],[-79.748,40.4774],[-79.75303,40.47855],[-79.75803,40.47825],[-79.75915,40.47778],[-79.76212,40.47864],[-79.76389,40.48036],[-79.76623,40.484],[-79.77124,40.4862],[-79.77494,40.48896],[-79.77826,40.48936],[-79.77943,40.48972],[-79.78111,40.49],[-79.78498,40.49142],[-79.78536,40.49176],[-79.7851,40.49332]]]},"properties":{"geoid":"42003526201","population":3633,"svi_overall":3,"svi_socioeconomic":2,"svi_household":18,"svi_minority":6,"svi_housing_transport":12,"coi_level":"High","coi_rank":66,"coi_education":61,"coi_health_env":56,"coi_social_econ":67}},{"type":"Feature","geometry":{"type":"Polygon","coordinates":[[[-79.78536,40.49176],[-79.78498,40.49142],[-79.78111,40.49],[-79.77943,40.48972],[-79.77826,40.48936],[-79.77494,40.48896],[-79.77124,40.4862],[-79.76623,40.484],[-79.76389,40.48036],[-79.76212,40.47864],[-79.75915,40.47778],[-79.75803,40.47825],[-79.75303,40.47855],[-79.748,40.4774],[-79.74476,40.47716],[-79.73604,40.47785],[-79.73369,40.47483],[-79.7334,40.47323],[-79.73117,40.4706],[-79.73113,40.46874],[-79.73037,40.46556],[-79.72589,40.4616],[-79.72201,40.45885],[-79.71903,40.45609],[-79.71461,40.45377],[-79.71539,40.45135],[-79.71357,40.45083],[-79.71402,40.44888],[-79.71385,40.44585],[-79.71463,40.44591],[-79.71893,40.44706],[-79.73536,40.45538],[-79.73641,40.45654],[-79.73887,40.45777],[-79.74461,40.45663],[-79.7482,40.45726],[-79.75352,40.46029],[-79.75639,40.45968],[-79.7586,40.45987],[-79.76208,40.46182],[-79.76814,40.46196],[-79.76941,40.46087],[-79.77143,40.46024],[-79.77391,40.45966],[-79.7793,40.46096],[-79.77921,40.46277],[-79.77788,40.46355],[-79.77686,40.46575],[-79.7784,40.47598],[-79.77887,40.47618],[-79.77845,40.47649],[-79.77811,40.47825],[-79.77992,40.47847],[-79.77874,40.48087],[-79.78082,40.48219],[-79.78162,40.48477],[-79.78407,40.48697],[-79.78337,40.48988],[-79.78538,40.49118],[-79.78536,40.49176]]]},"properties":{"geoid":"42003526202","population":4591,"svi_overall":22,"svi_socioeconomic":12,"svi_household":56,"svi_minority":36,"svi_housing_transport":27,"coi_level":"Moderate","coi_rank":59,"coi_education":62,"coi_health_env":29,"coi_social_econ":63}},{"type":"Feature","geometry":{"type":"Polygon","coordinates":[[[-79.73604,40.47785],[-79.73363,40.47881],[-79.72768,40.47967],[-79.72482,40.48191],[-79.71613,40.48386],[-79.71186,40.48786],[-79.70906,40.48927],[-79.70215,40.48953],[-79.70249,40.47733],[-79.70486,40.47544],[-79.70951,40.47587],[-79.71129,40.47384],[-79.71335,40.47427],[-79.71637,40.47411],[-79.71962,40.4716],[-79.72078,40.46611],[-79.72114,40.46529],[-79.72145,40.4649],[-79.72011,40.46285],[-79.71752,40.45533],[-79.71903,40.45609],[-79.72201,40.45885],[-79.72589,40.4616],[-79.73037,40.46556],[-79.73113,40.46874],[-79.73117,40.4706],[-79.7334,40.47323],[-79.73369,40.47483],[-79.73604,40.47785]]]},"properties":{"geoid":"42003526301","population":3839,"svi_overall":2,"svi_socioeconomic":5,"svi_household":11,"svi_minority":4,"svi_housing_transport":7,"coi_level":"High","coi_rank":74,"coi_education":67,"coi_health_env":42,"coi_social_econ":79}},{"type":"Feature","geometry":{"type":"Polygon","coordinates":[[[-79.72114,40.46529],[-79.72078,40.46611],[-79.71962,40.4716],[-79.71637,40.47411],[-79.71335,40.47427],[-79.71129,40.47384],[-79.70951,40.47587],[-79.70486,40.47544],[-79.70249,40.47733],[-79.70304,40.4636],[-79.70324,40.45608],[-79.70398,40.44366],[-79.70738,40.44627],[-79.70815,40.44768],[-79.70953,40.44812],[-79.71135,40.44589],[-79.71385,40.44585],[-79.71402,40.44888],[-79.71357,40.45083],[-79.71539,40.45135],[-79.71461,40.45377],[-79.71752,40.45533],[-79.72011,40.46285],[-79.72145,40.4649],[-79.72114,40.46529]]]},"properties":{"geoid":"42003526302","population":4989,"svi_overall":6,"svi_socioeconomic":3,"svi_household":15,"svi_minority":16,"svi_housing_transport":27,"coi_level":"High","coi_rank":64,"coi_education":68,"coi_health_env":57,"coi_social_econ":62}},{"type":"Feature","geometry":{"type":"Polygon","coordinates":[[[-79.86099,40.34882],[-79.85953,40.34969],[-79.85955,40.35017],[-79.85626,40.3503],[-79.85659,40.35163],[-79.84916,40.35228],[-79.84522,40.35345],[-79.84385,40.35302],[-79.84535,40.35169],[-79.84426,40.34814],[-79.8434,40.34714],[-79.8433,40.34534],[-79.84764,40.34562],[-79.85472,40.34657],[-79.85612,40.34222],[-79.85738,40.34259],[-79.85845,40.34314],[-79.85793,40.34562],[-79.86097,40.34675],[-79.86099,40.34882]]]},"properties":{"geoid":"42003550900","population":1807,"svi_overall":87,"svi_socioeconomic":86,"svi_household":73,"svi_minority":74,"svi_housing_transport":79,"coi_level":"Very Low","coi_rank":1,"coi_education":5,"coi_health_env":1,"coi_social_econ":3}},{"type":"Feature","geometry":{"type":"Polygon","coordinates":[[[-79.84535,40.35169],[-79.84385,40.35302],[-79.83835,40.3526],[-79.83634,40.3544],[-79.83269,40.3572],[-79.83198,40.35805],[-79.83168,40.35759],[-79.82926,40.35685],[-79.8244,40.35418],[-79.82632,40.35207],[-79.82969,40.35185],[-79.83097,40.34792],[-79.83253,40.34761],[-79.83509,40.34677],[-79.8364,40.3448],[-79.8433,40.34534],[-79.8434,40.34714],[-79.84426,40.34814],[-79.84535,40.35169]]]},"properties":{"geoid":"42003551200","population":3172,"svi_overall":90,"svi_socioeconomic":86,"svi_household":89,"svi_minority":73,"svi_housing_transport":80,"coi_level":"Very Low","coi_rank":5,"coi_education":4,"coi_health_env":18,"coi_social_econ":4}},{"type":"Feature","geometry":{"type":"Polygon","coordinates":[[[-79.84024,40.32737],[-79.83541,40.32904],[-79.83597,40.33146],[-79.83505,40.33425],[-79.83188,40.33406],[-79.83108,40.33623],[-79.8317,40.33774],[-79.83684,40.34023],[-79.8364,40.3448],[-79.83509,40.34677],[-79.83253,40.34761],[-79.83097,40.34792],[-79.82861,40.34471],[-79.82653,40.34481],[-79.82177,40.3447],[-79.82195,40.34389],[-79.81912,40.34379],[-79.81883,40.33817],[-79.8203,40.33793],[-79.8196,40.33011],[-79.8182,40.32748],[-79.81813,40.32765],[-79.81715,40.32864],[-79.81595,40.32754],[-79.81619,40.32443],[-79.8177,40.32201],[-79.81607,40.31962],[-79.8184,40.31891],[-79.82001,40.3181],[-79.82358,40.32304],[-79.82718,40.32043],[-79.83171,40.32087],[-79.8328,40.32424],[-79.837,40.32159],[-79.83839,40.32287],[-79.84024,40.32737]]]},"properties":{"geoid":"42003551300","population":2303,"svi_overall":27,"svi_socioeconomic":26,"svi_household":71,"svi_minority":14,"svi_housing_transport":21,"coi_level":"Very Low","coi_rank":16,"coi_education":8,"coi_health_env":10,"coi_social_econ":24}},{"type":"Feature","geometry":{"type":"Polygon","coordinates":[[[-79.87064,40.35544],[-79.86339,40.35632],[-79.85311,40.35646],[-79.84795,40.35694],[-79.84615,40.35725],[-79.84408,40.35775],[-79.84003,40.35965],[-79.83719,40.36212],[-79.83638,40.365],[-79.83419,40.36147],[-79.83321,40.36268],[-79.83048,40.36221],[-79.82918,40.36119],[-79.82943,40.36053],[-79.83198,40.35805],[-79.83269,40.3572],[-79.83634,40.3544],[-79.83835,40.3526],[-79.84385,40.35302],[-79.84522,40.35345],[-79.84916,40.35228],[-79.85659,40.35163],[-79.85626,40.3503],[-79.85955,40.35017],[-79.85953,40.34969],[-79.86476,40.35001],[-79.86863,40.34952],[-79.86989,40.34917],[-79.87064,40.35544]]]},"properties":{"geoid":"42003551900","population":1395,"svi_overall":99,"svi_socioeconomic":98,"svi_household":99,"svi_minority":69,"svi_housing_transport":90,"coi_level":"Very Low","coi_rank":1,"coi_education":4,"coi_health_env":3,"coi_social_econ":1}},{"type":"Feature","geometry":{"type":"Polygon","coordinates":[[[-79.84605,40.34217],[-79.846,40.34552],[-79.8364,40.3448],[-79.83684,40.34023],[-79.83359,40.33866],[-79.83571,40.33775],[-79.83607,40.33854],[-79.83942,40.33791],[-79.83972,40.33804],[-79.84275,40.33828],[-79.84417,40.33818],[-79.84442,40.34027],[-79.84604,40.34007],[-79.84605,40.34217]]]},"properties":{"geoid":"42003552000","population":1801,"svi_overall":53,"svi_socioeconomic":72,"svi_household":76,"svi_minority":74,"svi_housing_transport":8,"coi_level":"Very Low","coi_rank":4,"coi_education":4,"coi_health_env":5,"coi_social_econ":7}},{"type":"Feature","geometry":{"type":"Polygon","coordinates":[[[-79.86989,40.34917],[-79.86863,40.34952],[-79.86476,40.35001],[-79.85953,40.34969],[-79.86099,40.34882],[-79.86097,40.34675],[-79.85793,40.34562],[-79.85845,40.34314],[-79.85738,40.34259],[-79.85831,40.34106],[-79.86133,40.34291],[-79.86212,40.34242],[-79.8599,40.34005],[-79.86141,40.33882],[-79.8649,40.34064],[-79.86688,40.34223],[-79.86851,40.34478],[-79.86996,40.34877],[-79.86989,40.34917]]]},"properties":{"geoid":"42003552100","population":1383,"svi_overall":93,"svi_socioeconomic":88,"svi_household":97,"svi_minority":73,"svi_housing_transport":76,"coi_level":"Very Low","coi_rank":1,"coi_education":6,"coi_health_env":6,"coi_social_econ":1}},{"type":"Feature","geometry":{"type":"Polygon","coordinates":[[[-79.88562,40.34518],[-79.88141,40.35105],[-79.88085,40.35166],[-79.8783,40.35365],[-79.87668,40.35434],[-79.87064,40.35544],[-79.86995,40.34987],[-79.86989,40.34917],[-79.86996,40.34877],[-79.87092,40.3486],[-79.87344,40.34761],[-79.88097,40.34178],[-79.8818,40.34339],[-79.88562,40.34518]]]},"properties":{"geoid":"42003552200","population":890,"svi_overall":53,"svi_socioeconomic":80,"svi_household":52,"svi_minority":53,"svi_housing_transport":14,"coi_level":"Very Low","coi_rank":8,"coi_education":5,"coi_health_env":10,"coi_social_econ":9}},{"type":"Feature","geometry":{"type":"Polygon","coordinates":[[[-79.85831,40.34106],[-79.85738,40.34259],[-79.85612,40.34222],[-79.85472,40.34657],[-79.84764,40.34562],[-79.846,40.34552],[-79.84604,40.34007],[-79.84442,40.34027],[-79.84417,40.33818],[-79.8502,40.33778],[-79.85635,40.33842],[-79.86133,40.34291],[-79.85831,40.34106]]]},"properties":{"geoid":"42003552300","population":1586,"svi_overall":75,"svi_socioeconomic":86,"svi_household":65,"svi_minority":80,"svi_housing_transport":39,"coi_level":"Very Low","coi_rank":1,"coi_education":4,"coi_health_env":1,"coi_social_econ":3}},{"type":"Feature","geometry":{"type":"Polygon","coordinates":[[[-79.86133,40.34291],[-79.85635,40.33842],[-79.8502,40.33778],[-79.84275,40.33828],[-79.83972,40.33804],[-79.83942,40.33791],[-79.83607,40.33854],[-79.83571,40.33775],[-79.83359,40.33866],[-79.8317,40.33774],[-79.83108,40.33623],[-79.83188,40.33406],[-79.83505,40.33425],[-79.83597,40.33146],[-79.83541,40.32904],[-79.84024,40.32737],[-79.83839,40.32287],[-79.837,40.32159],[-79.84047,40.32031],[-79.84117,40.32016],[-79.84455,40.32654],[-79.84698,40.32873],[-79.85502,40.33349],[-79.85889,40.33736],[-79.86141,40.33882],[-79.8599,40.34005],[-79.86212,40.34242],[-79.86133,40.34291]]]},"properties":{"geoid":"42003552400","population":3412,"svi_overall":85,"svi_socioeconomic":82,"svi_household":98,"svi_minority":47,"svi_housing_transport":58,"coi_level":"Very Low","coi_rank":5,"coi_education":8,"coi_health_env":26,"coi_social_econ":4}},{"type":"Feature","geometry":{"type":"Polygon","coordinates":[[[-79.89375,40.44384],[-79.89243,40.45027],[-79.89045,40.44947],[-79.88819,40.44767],[-79.88593,40.44691],[-79.88713,40.44447],[-79.88769,40.44467],[-79.88655,40.44051],[-79.8864,40.43969],[-79.88702,40.43973],[-79.89156,40.44123],[-79.89437,40.44118],[-79.89375,40.44384]]]},"properties":{"geoid":"42003560400","population":1554,"svi_overall":63,"svi_socioeconomic":62,"svi_household":48,"svi_minority":62,"svi_housing_transport":63,"coi_level":"Very Low","coi_rank":14,"coi_education":27,"coi_health_env":13,"coi_social_econ":13}},{"type":"Feature","geometry":{"type":"Polygon","coordinates":[[[-79.89515,40.4372],[-79.89437,40.44118],[-79.89156,40.44123],[-79.88702,40.43973],[-79.8864,40.43969],[-79.88579,40.43685],[-79.89457,40.43354],[-79.89557,40.43497],[-79.89515,40.4372]]]},"properties":{"geoid":"42003560500","population":2212,"svi_overall":7,"svi_socioeconomic":24,"svi_household":1,"svi_minority":26,"svi_housing_transport":27,"coi_level":"High","coi_rank":73,"coi_education":59,"coi_health_env":35,"coi_social_econ":83}},{"type":"Feature","geometry":{"type":"Polygon","coordinates":[[[-79.87203,40.44681],[-79.869,40.449],[-79.86756,40.4494],[-79.86648,40.45277],[-79.86585,40.45575],[-79.86828,40.45636],[-79.86703,40.45855],[-79.86063,40.4586],[-79.85802,40.45942],[-79.85713,40.4573],[-79.85554,40.45739],[-79.85548,40.45361],[-79.85424,40.45362],[-79.85405,40.44582],[-79.8585,40.44517],[-79.86532,40.44378],[-79.87175,40.44067],[-79.87087,40.44343],[-79.86832,40.4441],[-79.86929,40.4445],[-79.87203,40.44681]]]},"properties":{"geoid":"42003561400","population":3566,"svi_overall":64,"svi_socioeconomic":48,"svi_household":82,"svi_minority":80,"svi_housing_transport":49,"coi_level":"Very Low","coi_rank":20,"coi_education":22,"coi_health_env":52,"coi_social_econ":16}},{"type":"Feature","geometry":{"type":"Polygon","coordinates":[[[-79.87772,40.44136],[-79.87527,40.44576],[-79.87203,40.44681],[-79.86929,40.4445],[-79.86832,40.4441],[-79.87087,40.44343],[-79.87175,40.44067],[-79.86532,40.44378],[-79.8585,40.44517],[-79.85789,40.44288],[-79.8621,40.44154],[-79.86161,40.4394],[-79.86511,40.43746],[-79.8615,40.43823],[-79.86556,40.4329],[-79.8723,40.43603],[-79.87325,40.43681],[-79.87404,40.43799],[-79.87639,40.44001],[-79.87772,40.44136]]]},"properties":{"geoid":"42003561500","population":2737,"svi_overall":63,"svi_socioeconomic":73,"svi_household":66,"svi_minority":76,"svi_housing_transport":28,"coi_level":"Very Low","coi_rank":10,"coi_education":20,"coi_health_env":22,"coi_social_econ":8}},{"type":"Feature","geometry":{"type":"Polygon","coordinates":[[[-79.89809,40.47355],[-79.89843,40.47573],[-79.89064,40.4747],[-79.88909,40.47548],[-79.88773,40.47498],[-79.88708,40.47593],[-79.88774,40.47307],[-79.89,40.46184],[-79.89446,40.46255],[-79.8962,40.46404],[-79.89898,40.46468],[-79.89661,40.46839],[-79.89605,40.46876],[-79.89925,40.47273],[-79.89809,40.47355]]]},"properties":{"geoid":"42003561900","population":2007,"svi_overall":85,"svi_socioeconomic":79,"svi_household":95,"svi_minority":95,"svi_housing_transport":49,"coi_level":"Very Low","coi_rank":5,"coi_education":8,"coi_health_env":55,"coi_social_econ":2}},{"type":"Feature","geometry":{"type":"Polygon","coordinates":[[[-79.95848,40.44846],[-79.95491,40.45098],[-79.95407,40.45318],[-79.95618,40.45831],[-79.95722,40.45866],[-79.95721,40.45883],[-79.95594,40.46031],[-79.9533,40.45777],[-79.95148,40.45735],[-79.94978,40.45312],[-79.94969,40.45259],[-79.94875,40.4504],[-79.95074,40.44981],[-79.95638,40.44571],[-79.95973,40.44416],[-79.95848,40.44846]]]},"properties":{"geoid":"42003562000","population":2652,"svi_overall":61,"svi_socioeconomic":50,"svi_household":18,"svi_minority":65,"svi_housing_transport":90,"coi_level":"Low","coi_rank":40,"coi_education":23,"coi_health_env":92,"coi_social_econ":43}},{"type":"Feature","geometry":{"type":"Polygon","coordinates":[[[-79.94503,40.41125],[-79.94206,40.4118],[-79.94044,40.41245],[-79.93948,40.41349],[-79.93922,40.4155],[-79.93726,40.41762],[-79.93383,40.4198],[-79.93369,40.41974],[-79.93311,40.41981],[-79.92916,40.41895],[-79.92922,40.41976],[-79.92817,40.41969],[-79.92678,40.41892],[-79.92497,40.41506],[-79.92285,40.41294],[-79.92278,40.41181],[-79.92131,40.41237],[-79.91858,40.41076],[-79.92112,40.40831],[-79.92723,40.40093],[-79.92916,40.39926],[-79.93301,40.39764],[-79.93297,40.39732],[-79.9354,40.39691],[-79.93576,40.39949],[-79.93879,40.39969],[-79.94191,40.40133],[-79.94315,40.40312],[-79.94503,40.41125]]]},"properties":{"geoid":"42003562300","population":2966,"svi_overall":85,"svi_socioeconomic":83,"svi_household":91,"svi_minority":74,"svi_housing_transport":63,"coi_level":"Very Low","coi_rank":9,"coi_education":30,"coi_health_env":5,"coi_social_econ":6}},{"type":"Feature","geometry":{"type":"Polygon","coordinates":[[[-80.0106,40.41791],[-80.00864,40.41952],[-80.00768,40.4201],[-80.00491,40.42079],[-80.00237,40.4211],[-80.00247,40.42178],[-79.99826,40.42145],[-79.9974,40.42166],[-79.99706,40.41373],[-79.9968,40.4114],[-79.99683,40.41015],[-79.99649,40.40171],[-79.99898,40.40161],[-79.99953,40.40219],[-80.00161,40.40192],[-80.00266,40.40414],[-80.00558,40.4065],[-80.00566,40.40873],[-80.00896,40.41251],[-80.00997,40.41309],[-80.00957,40.41403],[-80.01136,40.41508],[-80.0106,40.41791]]]},"properties":{"geoid":"42003562400","population":2955,"svi_overall":57,"svi_socioeconomic":69,"svi_household":83,"svi_minority":71,"svi_housing_transport":11,"coi_level":"Very Low","coi_rank":8,"coi_education":8,"coi_health_env":11,"coi_social_econ":9}},{"type":"Feature","geometry":{"type":"Polygon","coordinates":[[[-80.07489,40.46369],[-80.07234,40.46138],[-80.06953,40.46083],[-80.06871,40.46079],[-80.06621,40.46164],[-80.06084,40.46419],[-80.05849,40.46345],[-80.05118,40.46561],[-80.05055,40.46565],[-80.05042,40.46468],[-80.04596,40.46062],[-80.03757,40.45406],[-80.03939,40.45288],[-80.04017,40.45247],[-80.04463,40.45048],[-80.04528,40.45043],[-80.05128,40.45154],[-80.05265,40.45214],[-80.05453,40.45261],[-80.05458,40.45329],[-80.05631,40.45396],[-80.05838,40.4543],[-80.06208,40.45636],[-80.0619,40.45795],[-80.06282,40.4612],[-80.06697,40.45979],[-80.06899,40.46045],[-80.07388,40.46157],[-80.0752,40.4625],[-80.07489,40.46369]]]},"properties":{"geoid":"42003562500","population":2774,"svi_overall":89,"svi_socioeconomic":95,"svi_household":81,"svi_minority":82,"svi_housing_transport":63,"coi_level":"Very Low","coi_rank":3,"coi_education":1,"coi_health_env":2,"coi_social_econ":7}},{"type":"Feature","geometry":{"type":"Polygon","coordinates":[[[-80.04738,40.43959],[-80.04531,40.44196],[-80.04579,40.44234],[-80.04357,40.44406],[-80.04279,40.444],[-80.04161,40.44498],[-80.04345,40.44575],[-80.04411,40.44727],[-80.04401,40.44777],[-80.04528,40.45043],[-80.04463,40.45048],[-80.04017,40.45247],[-80.03939,40.45288],[-80.03757,40.45406],[-80.02823,40.44667],[-80.02709,40.44621],[-80.0285,40.44395],[-80.03285,40.43921],[-80.03249,40.43565],[-80.02858,40.43339],[-80.02669,40.43131],[-80.02804,40.43008],[-80.03524,40.4339],[-80.03754,40.43374],[-80.03584,40.4347],[-80.03961,40.43703],[-80.04509,40.43829],[-80.0473,40.43816],[-80.04738,40.43959]]]},"properties":{"geoid":"42003562600","population":2712,"svi_overall":58,"svi_socioeconomic":69,"svi_household":63,"svi_minority":56,"svi_housing_transport":30,"coi_level":"Very Low","coi_rank":11,"coi_education":2,"coi_health_env":24,"coi_social_econ":16}},{"type":"Feature","geometry":{"type":"Polygon","coordinates":[[[-80.01943,40.45311],[-80.00262,40.45623],[-80.00091,40.45086],[-80.00121,40.45037],[-80.0047,40.44966],[-80.00741,40.4495],[-80.00895,40.44996],[-80.00873,40.44925],[-80.01044,40.4483],[-80.01807,40.44889],[-80.01943,40.45311]]]},"properties":{"geoid":"42003562700","population":1867,"svi_overall":40,"svi_socioeconomic":42,"svi_household":4,"svi_minority":54,"svi_housing_transport":81,"coi_level":"Low","coi_rank":32,"coi_education":19,"coi_health_env":77,"coi_social_econ":32}},{"type":"Feature","geometry":{"type":"Polygon","coordinates":[[[-80.08555,40.42385],[-80.08052,40.42373],[-80.07389,40.42547],[-80.07057,40.42864],[-80.06858,40.43137],[-80.06555,40.43036],[-80.06314,40.42792],[-80.06217,40.42906],[-80.05916,40.42934],[-80.05608,40.42812],[-80.05378,40.42795],[-80.05724,40.42645],[-80.06373,40.42638],[-80.06552,40.42512],[-80.06717,40.42289],[-80.06689,40.42063],[-80.0661,40.41731],[-80.06656,40.41667],[-80.07191,40.41562],[-80.07387,40.41341],[-80.07583,40.41473],[-80.07866,40.41647],[-80.07603,40.41795],[-80.07486,40.42061],[-80.0796,40.42005],[-80.08451,40.42053],[-80.08542,40.42125],[-80.08555,40.42385]]]},"properties":{"geoid":"42003562800","population":1560,"svi_overall":72,"svi_socioeconomic":50,"svi_household":86,"svi_minority":36,"svi_housing_transport":84,"coi_level":"Very Low","coi_rank":16,"coi_education":9,"coi_health_env":8,"coi_social_econ":24}},{"type":"Feature","geometry":{"type":"Polygon","coordinates":[[[-79.95774,40.42996],[-79.95628,40.42912],[-79.95457,40.42792],[-79.95237,40.4274],[-79.95043,40.42761],[-79.95196,40.42602],[-79.95224,40.42544],[-79.95229,40.42491],[-79.95204,40.42492],[-79.94984,40.42567],[-79.94763,40.42207],[-79.94104,40.41888],[-79.93801,40.41912],[-79.93383,40.4198],[-79.93726,40.41762],[-79.93922,40.4155],[-79.93948,40.41349],[-79.94044,40.41245],[-79.94206,40.4118],[-79.94503,40.41125],[-79.94315,40.40312],[-79.94191,40.40133],[-79.93879,40.39969],[-79.93576,40.39949],[-79.9354,40.39691],[-79.93773,40.39679],[-79.94259,40.39734],[-79.9455,40.39847],[-79.94814,40.40043],[-79.95085,40.40376],[-79.95296,40.41067],[-79.95458,40.42078],[-79.95598,40.42458],[-79.9602,40.42855],[-79.95774,40.42996]]]},"properties":{"geoid":"42003562901","population":1508,"svi_overall":38,"svi_socioeconomic":60,"svi_household":73,"svi_minority":61,"svi_housing_transport":4,"coi_level":"Very Low","coi_rank":7,"coi_education":13,"coi_health_env":2,"coi_social_econ":10}},{"type":"Feature","geometry":{"type":"Polygon","coordinates":[[[-80.09514,40.45928],[-80.09469,40.45968],[-80.08679,40.45986],[-80.08392,40.45947],[-80.08146,40.46063],[-80.07994,40.46337],[-80.0777,40.46474],[-80.07671,40.4647],[-80.07489,40.46369],[-80.0752,40.4625],[-80.07388,40.46157],[-80.06899,40.46045],[-80.06697,40.45979],[-80.06722,40.45776],[-80.0669,40.45735],[-80.06692,40.45633],[-80.07216,40.45328],[-80.06944,40.45158],[-80.0654,40.45026],[-80.06284,40.44855],[-80.0619,40.44781],[-80.06261,40.44724],[-80.06401,40.44763],[-80.0662,40.44939],[-80.06862,40.44785],[-80.07295,40.44833],[-80.07315,40.44866],[-80.07654,40.44801],[-80.07851,40.44653],[-80.07636,40.44182],[-80.08014,40.44069],[-80.08062,40.44013],[-80.08075,40.43975],[-80.08289,40.44044],[-80.08407,40.44194],[-80.08924,40.44334],[-80.09017,40.44417],[-80.09011,40.44659],[-80.09103,40.44906],[-80.08952,40.45043],[-80.09072,40.45143],[-80.09338,40.45076],[-80.0945,40.45134],[-80.09533,40.4575],[-80.09514,40.45928]]]},"properties":{"geoid":"42003563000","population":3361,"svi_overall":68,"svi_socioeconomic":61,"svi_household":31,"svi_minority":69,"svi_housing_transport":84,"coi_level":"Very Low","coi_rank":17,"coi_education":2,"coi_health_env":13,"coi_social_econ":29}},{"type":"Feature","geometry":{"type":"Polygon","coordinates":[[[-80.05791,40.43147],[-80.05799,40.43636],[-80.05913,40.43714],[-80.0576,40.43754],[-80.05586,40.43777],[-80.05322,40.43792],[-80.05095,40.43751],[-80.04892,40.43816],[-80.0473,40.43816],[-80.04509,40.43829],[-80.03961,40.43703],[-80.03584,40.4347],[-80.03754,40.43374],[-80.03524,40.4339],[-80.02804,40.43008],[-80.03049,40.4279],[-80.03092,40.42492],[-80.03076,40.42211],[-80.03188,40.4208],[-80.03397,40.42006],[-80.03962,40.42068],[-80.03483,40.42837],[-80.03837,40.42785],[-80.04169,40.42899],[-80.04315,40.42805],[-80.04271,40.42868],[-80.04665,40.42943],[-80.0466,40.42704],[-80.04738,40.42596],[-80.05378,40.42795],[-80.05608,40.42812],[-80.05916,40.42934],[-80.05791,40.43147]]]},"properties":{"geoid":"42003563100","population":3491,"svi_overall":43,"svi_socioeconomic":63,"svi_household":42,"svi_minority":34,"svi_housing_transport":24,"coi_level":"Low","coi_rank":28,"coi_education":19,"coi_health_env":8,"coi_social_econ":46}},{"type":"Feature","geometry":{"type":"Polygon","coordinates":[[[-80.0047,40.44966],[-80.00121,40.45037],[-79.99784,40.45119],[-79.99345,40.45383],[-79.99079,40.4516],[-79.9924,40.45042],[-79.99614,40.44819],[-79.99793,40.44728],[-80.00335,40.44566],[-80.0047,40.44966]]]},"properties":{"geoid":"42003563201","population":266,"svi_overall":0,"svi_socioeconomic":3,"svi_household":1,"svi_minority":1,"svi_housing_transport":16,"coi_level":"Moderate","coi_rank":57,"coi_education":17,"coi_health_env":11,"coi_social_econ":91}},{"type":"Feature","geometry":{"type":"Polygon","coordinates":[[[-80.00262,40.45623],[-80.00167,40.45641],[-80.00224,40.45869],[-80.00098,40.45943],[-79.99973,40.45989],[-79.99901,40.45872],[-79.9984,40.4588],[-79.99647,40.45931],[-79.99319,40.46123],[-79.99548,40.45811],[-79.9929,40.45746],[-79.99131,40.45674],[-79.99467,40.45541],[-79.9943,40.45494],[-79.99228,40.45478],[-79.99345,40.45383],[-79.99784,40.45119],[-80.00121,40.45037],[-80.00091,40.45086],[-80.00262,40.45623]]]},"properties":{"geoid":"42003563202","population":1924,"svi_overall":61,"svi_socioeconomic":79,"svi_household":11,"svi_minority":57,"svi_housing_transport":64,"coi_level":"Low","coi_rank":25,"coi_education":10,"coi_health_env":28,"coi_social_econ":35}},{"type":"Feature","geometry":{"type":"Polygon","coordinates":[[[-80.18102,40.56462],[-80.18152,40.57613],[-80.17052,40.57622],[-80.15665,40.57706],[-80.1554,40.57783],[-80.15602,40.58794],[-80.13451,40.58823],[-80.12918,40.58536],[-80.12409,40.58221],[-80.11391,40.57547],[-80.11389,40.57052],[-80.11668,40.57046],[-80.11395,40.5668],[-80.11353,40.56228],[-80.11386,40.55877],[-80.11567,40.55287],[-80.1199,40.55116],[-80.1221,40.5491],[-80.12156,40.53626],[-80.13396,40.5402],[-80.13271,40.53525],[-80.13321,40.53297],[-80.1403,40.53274],[-80.14043,40.53447],[-80.14592,40.53441],[-80.14641,40.54116],[-80.15118,40.54126],[-80.15732,40.54095],[-80.15735,40.54162],[-80.16314,40.54157],[-80.16127,40.54273],[-80.15653,40.5426],[-80.15438,40.54472],[-80.15724,40.5446],[-80.15629,40.54562],[-80.15627,40.54753],[-80.1589,40.5483],[-80.159,40.54614],[-80.16081,40.54526],[-80.1617,40.54745],[-80.16391,40.54672],[-80.16276,40.54408],[-80.16613,40.54115],[-80.16853,40.54058],[-80.17156,40.54128],[-80.17286,40.54054],[-80.17464,40.54162],[-80.17724,40.54427],[-80.17326,40.5472],[-80.17315,40.54884],[-80.17166,40.5484],[-80.17176,40.5507],[-80.17461,40.54974],[-80.17424,40.54814],[-80.17831,40.54532],[-80.18152,40.5486],[-80.18056,40.54916],[-80.18066,40.55724],[-80.18152,40.56178],[-80.18102,40.56462]]]},"properties":{"geoid":"42003563300","population":1459,"svi_overall":7,"svi_socioeconomic":8,"svi_household":22,"svi_minority":10,"svi_housing_transport":18,"coi_level":"Very High","coi_rank":99,"coi_education":93,"coi_health_env":39,"coi_social_econ":100}},{"type":"Feature","geometry":{"type":"Polygon","coordinates":[[[-80.17865,40.52995],[-80.17525,40.53489],[-80.17225,40.53763],[-80.16945,40.53702],[-80.16869,40.53956],[-80.16314,40.54157],[-80.15735,40.54162],[-80.15732,40.54095],[-80.15118,40.54126],[-80.14641,40.54116],[-80.14592,40.53441],[-80.14043,40.53447],[-80.1403,40.53274],[-80.13321,40.53297],[-80.13271,40.53525],[-80.13396,40.5402],[-80.12156,40.53626],[-80.10913,40.53151],[-80.09589,40.52659],[-80.0623,40.51544],[-80.0616,40.50581],[-80.0685,40.50901],[-80.07536,40.50884],[-80.07851,40.51016],[-80.07796,40.51099],[-80.08053,40.51227],[-80.08141,40.51142],[-80.08352,40.51014],[-80.08768,40.51073],[-80.08709,40.51309],[-80.08711,40.51707],[-80.08859,40.51662],[-80.09631,40.51641],[-80.09591,40.51479],[-80.09907,40.51463],[-80.1011,40.51549],[-80.10748,40.51683],[-80.10799,40.51464],[-80.10862,40.51322],[-80.10837,40.51053],[-80.11251,40.51185],[-80.12029,40.51315],[-80.12886,40.51482],[-80.13418,40.51535],[-80.13773,40.51634],[-80.14347,40.51908],[-80.14727,40.52041],[-80.15251,40.52168],[-80.15977,40.52324],[-80.17126,40.5274],[-80.1763,40.52896],[-80.17865,40.52995]]]},"properties":{"geoid":"42003563800","population":3813,"svi_overall":49,"svi_socioeconomic":18,"svi_household":67,"svi_minority":9,"svi_housing_transport":91,"coi_level":"High","coi_rank":78,"coi_education":81,"coi_health_env":43,"coi_social_econ":77}},{"type":"Feature","geometry":{"type":"Polygon","coordinates":[[[-79.85239,40.41713],[-79.85225,40.417],[-79.85003,40.41979],[-79.85042,40.42014],[-79.84953,40.42291],[-79.85189,40.43011],[-79.85164,40.43135],[-79.84845,40.43361],[-79.84887,40.43072],[-79.84716,40.42857],[-79.8436,40.4245],[-79.84305,40.42217],[-79.84143,40.42014],[-79.84152,40.41902],[-79.83898,40.41488],[-79.83702,40.41295],[-79.83396,40.40947],[-79.83897,40.4058],[-79.84313,40.40924],[-79.84422,40.41225],[-79.84905,40.41173],[-79.8499,40.41555],[-79.8506,40.41578],[-79.85262,40.41679],[-79.85239,40.41713]]]},"properties":{"geoid":"42003563900","population":3917,"svi_overall":29,"svi_socioeconomic":34,"svi_household":18,"svi_minority":42,"svi_housing_transport":40,"coi_level":"Low","coi_rank":31,"coi_education":19,"coi_health_env":34,"coi_social_econ":40}},{"type":"Feature","geometry":{"type":"Polygon","coordinates":[[[-80.29406,40.42705],[-80.28504,40.4335],[-80.28424,40.43988],[-80.28193,40.44275],[-80.27844,40.44286],[-80.27508,40.44205],[-80.27065,40.44177],[-80.26768,40.441],[-80.26296,40.44189],[-80.25785,40.4455],[-80.25186,40.44932],[-80.25007,40.45],[-80.24471,40.44982],[-80.24005,40.4521],[-80.23503,40.4526],[-80.23376,40.45511],[-80.23296,40.45504],[-80.2336,40.45467],[-80.23165,40.45455],[-80.23134,40.45277],[-80.22874,40.45144],[-80.22854,40.44859],[-80.22904,40.44469],[-80.22767,40.44381],[-80.22737,40.44339],[-80.22735,40.44009],[-80.23314,40.44116],[-80.2391,40.44175],[-80.23932,40.44156],[-80.23773,40.43943],[-80.2363,40.43757],[-80.2342,40.43627],[-80.22909,40.43489],[-80.22651,40.43374],[-80.2234,40.4311],[-80.21951,40.42943],[-80.21315,40.42419],[-80.21206,40.42154],[-80.21037,40.41907],[-80.20169,40.41881],[-80.20048,40.41676],[-80.1984,40.41626],[-80.19746,40.41413],[-80.19545,40.41186],[-80.19249,40.40933],[-80.19204,40.4069],[-80.19039,40.40439],[-80.19344,40.40635],[-80.19775,40.40474],[-80.19491,40.40316],[-80.19235,40.39937],[-80.18907,40.39722],[-80.18954,40.39606],[-80.1935,40.3938],[-80.19602,40.3911],[-80.19826,40.38965],[-80.20184,40.38916],[-80.20472,40.38743],[-80.20465,40.38693],[-80.20756,40.38503],[-80.20978,40.38473],[-80.2098,40.38379],[-80.2112,40.38364],[-80.21314,40.38113],[-80.21477,40.3807],[-80.21584,40.37775],[-80.21523,40.37677],[-80.21716,40.3741],[-80.21928,40.37306],[-80.22295,40.37277],[-80.22044,40.36852],[-80.22124,40.36638],[-80.22296,40.3659],[-80.2962,40.42548],[-80.29406,40.42705]]]},"properties":{"geoid":"42003564000","population":7292,"svi_overall":18,"svi_socioeconomic":13,"svi_household":31,"svi_minority":22,"svi_housing_transport":36,"coi_level":"High","coi_rank":71,"coi_education":73,"coi_health_env":56,"coi_social_econ":72}},{"type":"Feature","geometry":{"type":"Polygon","coordinates":[[[-80.09943,40.42128],[-80.09648,40.42127],[-80.09528,40.43],[-80.09234,40.42847],[-80.09039,40.43093],[-80.09273,40.43235],[-80.09123,40.4371],[-80.08957,40.43629],[-80.08567,40.43884],[-80.08636,40.43958],[-80.08038,40.43964],[-80.07813,40.43864],[-80.07538,40.43423],[-80.07639,40.43169],[-80.08038,40.43208],[-80.08377,40.43087],[-80.0853,40.4299],[-80.08634,40.4284],[-80.0867,40.42549],[-80.085,40.42459],[-80.08555,40.42385],[-80.08542,40.42125],[-80.08451,40.42053],[-80.0796,40.42005],[-80.07486,40.42061],[-80.07603,40.41795],[-80.0793,40.4161],[-80.07948,40.41483],[-80.08443,40.41751],[-80.08595,40.41696],[-80.08847,40.41889],[-80.09208,40.42021],[-80.09883,40.41817],[-80.09943,40.42128]]]},"properties":{"geoid":"42003564100","population":969,"svi_overall":1,"svi_socioeconomic":0,"svi_household":47,"svi_minority":24,"svi_housing_transport":1,"coi_level":"Very High","coi_rank":98,"coi_education":68,"coi_health_env":99,"coi_social_econ":99}},{"type":"Feature","geometry":{"type":"Polygon","coordinates":[[[-79.81619,40.32443],[-79.81595,40.32754],[-79.81715,40.32864],[-79.80999,40.33663],[-79.80871,40.33746],[-79.80582,40.33833],[-79.80302,40.33998],[-79.79886,40.3439],[-79.80041,40.34785],[-79.7998,40.35034],[-79.80264,40.35089],[-79.8053,40.35227],[-79.80792,40.35526],[-79.80848,40.35702],[-79.80966,40.35741],[-79.81225,40.36043],[-79.81343,40.36046],[-79.81302,40.36086],[-79.81262,40.361],[-79.80163,40.3603],[-79.79601,40.36022],[-79.77442,40.35968],[-79.77825,40.34119],[-79.78199,40.32383],[-79.7822,40.32208],[-79.78421,40.3139],[-79.78865,40.29775],[-79.7929,40.298],[-79.79876,40.29288],[-79.80106,40.29258],[-79.80304,40.29365],[-79.80645,40.29703],[-79.80698,40.30135],[-79.80553,40.30352],[-79.80463,40.30404],[-79.79606,40.30659],[-79.79267,40.30838],[-79.79023,40.31099],[-79.79053,40.31449],[-79.79247,40.31658],[-79.79632,40.31825],[-79.80328,40.31981],[-79.81051,40.32017],[-79.81442,40.31988],[-79.81607,40.31962],[-79.8177,40.32201],[-79.81619,40.32443]]]},"properties":{"geoid":"42003564200","population":2171,"svi_overall":20,"svi_socioeconomic":29,"svi_household":20,"svi_minority":10,"svi_housing_transport":32,"coi_level":"Low","coi_rank":33,"coi_education":18,"coi_health_env":35,"coi_social_econ":47}},{"type":"Feature","geometry":{"type":"Polygon","coordinates":[[[-79.82603,40.3624],[-79.82254,40.36591],[-79.81862,40.36741],[-79.81652,40.36842],[-79.81544,40.36948],[-79.81388,40.37709],[-79.81274,40.3795],[-79.81056,40.38067],[-79.80701,40.37937],[-79.80498,40.38188],[-79.80611,40.38307],[-79.80059,40.38598],[-79.79844,40.38646],[-79.79938,40.38726],[-79.79848,40.39064],[-79.8026,40.39143],[-79.80365,40.39261],[-79.80497,40.39375],[-79.80455,40.39423],[-79.79725,40.39408],[-79.79352,40.39581],[-79.79204,40.39787],[-79.78886,40.39796],[-79.78854,40.39649],[-79.784,40.39633],[-79.78153,40.39687],[-79.77887,40.39895],[-79.77709,40.39888],[-79.77486,40.39674],[-79.76818,40.38657],[-79.76543,40.38532],[-79.76494,40.38722],[-79.7639,40.38646],[-79.76484,40.38378],[-79.76561,40.38448],[-79.7673,40.38214],[-79.76815,40.3804],[-79.77109,40.37543],[-79.77442,40.35968],[-79.79601,40.36022],[-79.80163,40.3603],[-79.81262,40.361],[-79.81302,40.36086],[-79.82811,40.36119],[-79.82603,40.3624]]]},"properties":{"geoid":"42003564400","population":5694,"svi_overall":52,"svi_socioeconomic":45,"svi_household":42,"svi_minority":25,"svi_housing_transport":73,"coi_level":"Low","coi_rank":32,"coi_education":15,"coi_health_env":32,"coi_social_econ":44}},{"type":"Feature","geometry":{"type":"Polygon","coordinates":[[[-79.9631,40.27277],[-79.95615,40.27804],[-79.95983,40.27949],[-79.95739,40.27919],[-79.95149,40.28008],[-79.94838,40.28205],[-79.94642,40.2822],[-79.94284,40.27907],[-79.938,40.27904],[-79.93658,40.27955],[-79.93612,40.28019],[-79.93647,40.28262],[-79.93484,40.28424],[-79.92533,40.2853],[-79.92389,40.28618],[-79.92254,40.28921],[-79.91429,40.29143],[-79.91289,40.29097],[-79.91291,40.29075],[-79.91134,40.2911],[-79.90853,40.29429],[-79.90422,40.29446],[-79.90301,40.29367],[-79.90014,40.29381],[-79.8999,40.29182],[-79.90048,40.28322],[-79.89792,40.28101],[-79.89271,40.28092],[-79.88835,40.2832],[-79.88305,40.28313],[-79.88013,40.28538],[-79.87816,40.28493],[-79.87618,40.2836],[-79.87776,40.28264],[-79.88054,40.28064],[-79.88272,40.27942],[-79.88419,40.27869],[-79.8863,40.27692],[-79.88897,40.27405],[-79.89632,40.26793],[-79.90276,40.26292],[-79.90966,40.25847],[-79.9117,40.25648],[-79.91446,40.25245],[-79.96912,40.26864],[-79.9631,40.27277]]]},"properties":{"geoid":"42003564500","population":3079,"svi_overall":25,"svi_socioeconomic":37,"svi_household":22,"svi_minority":5,"svi_housing_transport":36,"coi_level":"Moderate","coi_rank":48,"coi_education":61,"coi_health_env":44,"coi_social_econ":39}},{"type":"Feature","geometry":{"type":"Polygon","coordinates":[[[-79.88713,40.44447],[-79.87772,40.44136],[-79.87639,40.44001],[-79.87404,40.43799],[-79.87325,40.43681],[-79.8723,40.43603],[-79.86556,40.4329],[-79.86675,40.43133],[-79.8722,40.43376],[-79.87418,40.43527],[-79.87754,40.43551],[-79.87918,40.434],[-79.88266,40.43609],[-79.88579,40.43685],[-79.88655,40.44051],[-79.88769,40.44467],[-79.88713,40.44447]]]},"properties":{"geoid":"42003564700","population":2320,"svi_overall":81,"svi_socioeconomic":85,"svi_household":50,"svi_minority":85,"svi_housing_transport":71,"coi_level":"Very Low","coi_rank":3,"coi_education":21,"coi_health_env":3,"coi_social_econ":3}},{"type":"Feature","geometry":{"type":"Polygon","coordinates":[[[-79.88593,40.44691],[-79.88409,40.44915],[-79.87926,40.44976],[-79.87713,40.44981],[-79.87269,40.44937],[-79.86756,40.4494],[-79.869,40.449],[-79.87203,40.44681],[-79.87527,40.44576],[-79.87772,40.44136],[-79.88713,40.44447],[-79.88593,40.44691]]]},"properties":{"geoid":"42003564800","population":1951,"svi_overall":96,"svi_socioeconomic":83,"svi_household":100,"svi_minority":90,"svi_housing_transport":71,"coi_level":"Very Low","coi_rank":2,"coi_education":12,"coi_health_env":3,"coi_social_econ":2}},{"type":"Feature","geometry":{"type":"Polygon","coordinates":[[[-80.02011,40.45521],[-80.01808,40.45578],[-80.01535,40.4561],[-80.01642,40.45928],[-80.01295,40.46022],[-80.01033,40.45989],[-80.00874,40.46122],[-80.00766,40.45891],[-80.00224,40.45869],[-80.00167,40.45641],[-80.01943,40.45311],[-80.02011,40.45521]]]},"properties":{"geoid":"42003565100","population":2953,"svi_overall":67,"svi_socioeconomic":59,"svi_household":41,"svi_minority":56,"svi_housing_transport":82,"coi_level":"Very Low","coi_rank":20,"coi_education":24,"coi_health_env":17,"coi_social_econ":21}},{"type":"Feature","geometry":{"type":"Polygon","coordinates":[[[-80.03078,40.46213],[-80.02942,40.46309],[-80.02271,40.46379],[-80.02204,40.46339],[-80.02057,40.46298],[-80.01897,40.46152],[-80.0183,40.4604],[-80.01642,40.45928],[-80.01535,40.4561],[-80.01808,40.45578],[-80.02011,40.45521],[-80.0189,40.45153],[-80.02499,40.45042],[-80.02665,40.45057],[-80.02857,40.45462],[-80.03059,40.46089],[-80.03135,40.46154],[-80.03078,40.46213]]]},"properties":{"geoid":"42003565200","population":3011,"svi_overall":58,"svi_socioeconomic":50,"svi_household":18,"svi_minority":79,"svi_housing_transport":78,"coi_level":"Low","coi_rank":26,"coi_education":14,"coi_health_env":26,"coi_social_econ":39}},{"type":"Feature","geometry":{"type":"Polygon","coordinates":[[[-79.97011,40.40476],[-79.96389,40.40874],[-79.96303,40.40789],[-79.9604,40.40777],[-79.95905,40.40975],[-79.95613,40.41032],[-79.95665,40.40824],[-79.95604,40.40662],[-79.95492,40.40685],[-79.95284,40.40171],[-79.95061,40.39963],[-79.94387,40.39418],[-79.93819,40.39309],[-79.9388,40.39503],[-79.93712,40.39527],[-79.93773,40.39679],[-79.9354,40.39691],[-79.93297,40.39732],[-79.93236,40.39151],[-79.92962,40.38974],[-79.91825,40.39931],[-79.9164,40.39879],[-79.91331,40.39698],[-79.91692,40.39393],[-79.9149,40.3934],[-79.91847,40.38848],[-79.91787,40.38804],[-79.91609,40.38212],[-79.91732,40.3816],[-79.91624,40.38009],[-79.91995,40.3781],[-79.92551,40.37961],[-79.92682,40.37652],[-79.92658,40.37501],[-79.93944,40.37395],[-79.94274,40.37597],[-79.94367,40.37497],[-79.9455,40.37609],[-79.94334,40.37816],[-79.94254,40.37968],[-79.93645,40.38067],[-79.93548,40.38096],[-79.93539,40.38362],[-79.93653,40.38877],[-79.9421,40.38822],[-79.9444,40.39018],[-79.94729,40.39006],[-79.94951,40.39125],[-79.95244,40.39019],[-79.95774,40.38992],[-79.95805,40.3954],[-79.95993,40.39561],[-79.95952,40.39756],[-79.96348,40.39833],[-79.96391,40.39972],[-79.96906,40.40048],[-79.97087,40.40282],[-79.97011,40.40476]]]},"properties":{"geoid":"42003565300","population":1223,"svi_overall":39,"svi_socioeconomic":69,"svi_household":18,"svi_minority":23,"svi_housing_transport":26,"coi_level":"Very Low","coi_rank":18,"coi_education":4,"coi_health_env":28,"coi_social_econ":27}},{"type":"Feature","geometry":{"type":"Polygon","coordinates":[[[-79.90163,40.48899],[-79.89761,40.48789],[-79.89692,40.49262],[-79.88984,40.49153],[-79.88461,40.49093],[-79.88449,40.48896],[-79.8846,40.48734],[-79.88818,40.48645],[-79.8882,40.48396],[-79.90143,40.4862],[-79.90163,40.48899]]]},"properties":{"geoid":"42003980000","population":0,"svi_overall":null,"svi_socioeconomic":null,"svi_household":null,"svi_minority":null,"svi_housing_transport":null,"coi_level":"Low","coi_rank":33,"coi_education":6,"coi_health_env":69,"coi_social_econ":0}},{"type":"Feature","geometry":{"type":"Polygon","coordinates":[[[-79.92482,40.48191],[-79.92408,40.48343],[-79.91937,40.48821],[-79.91325,40.48667],[-79.91249,40.48828],[-79.90536,40.48673],[-79.90653,40.48394],[-79.90793,40.48363],[-79.90828,40.47422],[-79.90863,40.47029],[-79.90955,40.47019],[-79.91461,40.46742],[-79.91484,40.46884],[-79.91164,40.47014],[-79.91082,40.47514],[-79.91431,40.47529],[-79.91334,40.47873],[-79.91618,40.47849],[-79.91971,40.47974],[-79.92239,40.47948],[-79.92461,40.47981],[-79.92734,40.48085],[-79.92482,40.48191]]]},"properties":{"geoid":"42003980100","population":0,"svi_overall":null,"svi_socioeconomic":null,"svi_household":null,"svi_minority":null,"svi_housing_transport":null,"coi_level":"Low","coi_rank":35,"coi_education":10,"coi_health_env":99,"coi_social_econ":0}},{"type":"Feature","geometry":{"type":"Polygon","coordinates":[[[-79.91511,40.4314],[-79.90908,40.43398],[-79.90909,40.43706],[-79.91148,40.43802],[-79.90535,40.4381],[-79.90027,40.43952],[-79.89902,40.43763],[-79.89868,40.43558],[-79.90137,40.42724],[-79.9041,40.42613],[-79.90612,40.42608],[-79.90601,40.42777],[-79.90747,40.42649],[-79.91534,40.42989],[-79.91511,40.4314]]]},"properties":{"geoid":"42003980300","population":0,"svi_overall":null,"svi_socioeconomic":null,"svi_household":null,"svi_minority":null,"svi_housing_transport":null,"coi_level":null,"coi_rank":null,"coi_education":null,"coi_health_env":null,"coi_social_econ":null}},{"type":"Feature","geometry":{"type":"Polygon","coordinates":[[[-80.026,40.47938],[-80.02351,40.4794],[-80.02568,40.48276],[-80.02512,40.48526],[-80.02452,40.48566],[-80.02514,40.48686],[-80.02315,40.48719],[-80.02156,40.49134],[-80.02143,40.48991],[-80.01922,40.49001],[-80.02033,40.4883],[-80.01888,40.48673],[-80.01645,40.4861],[-80.01814,40.4827],[-80.01394,40.48431],[-80.01365,40.48424],[-80.01379,40.48197],[-80.01175,40.47973],[-80.01196,40.4787],[-80.01267,40.47874],[-80.01286,40.47816],[-80.01422,40.47745],[-80.01737,40.4773],[-80.01972,40.4766],[-80.02294,40.47658],[-80.0273,40.47674],[-80.026,40.47938]]]},"properties":{"geoid":"42003980400","population":0,"svi_overall":null,"svi_socioeconomic":null,"svi_household":null,"svi_minority":null,"svi_housing_transport":null,"coi_level":"Very Low","coi_rank":12,"coi_education":1,"coi_health_env":86,"coi_social_econ":0}},{"type":"Feature","geometry":{"type":"Polygon","coordinates":[[[-79.94986,40.43444],[-79.94959,40.43635],[-79.94979,40.44002],[-79.94896,40.44119],[-79.94841,40.44087],[-79.94701,40.44149],[-79.94218,40.44045],[-79.94085,40.43897],[-79.93622,40.43763],[-79.93404,40.43771],[-79.93305,40.43344],[-79.93457,40.43226],[-79.93267,40.43203],[-79.93323,40.42894],[-79.93905,40.42886],[-79.93973,40.42931],[-79.94186,40.43011],[-79.94685,40.42848],[-79.9494,40.42889],[-79.94966,40.4292],[-79.94989,40.43362],[-79.94986,40.43444]]]},"properties":{"geoid":"42003980500","population":19,"svi_overall":null,"svi_socioeconomic":null,"svi_household":22,"svi_minority":0,"svi_housing_transport":0,"coi_level":"Moderate","coi_rank":41,"coi_education":21,"coi_health_env":100,"coi_social_econ":29}},{"type":"Feature","geometry":{"type":"Polygon","coordinates":[[[-80.03734,40.46111],[-80.03135,40.46154],[-80.03059,40.46089],[-80.02857,40.45462],[-80.02665,40.45057],[-80.02499,40.45042],[-80.0189,40.45153],[-80.01629,40.44321],[-80.02301,40.44454],[-80.02823,40.44667],[-80.03586,40.4527],[-80.03734,40.46111]]]},"properties":{"geoid":"42003980600","population":12,"svi_overall":9,"svi_socioeconomic":28,"svi_household":2,"svi_minority":0,"svi_housing_transport":35,"coi_level":"Moderate","coi_rank":48,"coi_education":1,"coi_health_env":98,"coi_social_econ":73}},{"type":"Feature","geometry":{"type":"Polygon","coordinates":[[[-80.0285,40.44395],[-80.02709,40.44621],[-80.02301,40.44454],[-80.01629,40.44321],[-80.01422,40.44071],[-80.0102,40.43864],[-80.00199,40.43507],[-79.99807,40.43307],[-79.99674,40.43281],[-79.99927,40.42915],[-80.0013,40.4299],[-80.00447,40.43126],[-80.01161,40.43576],[-80.01383,40.4376],[-80.0164,40.43814],[-80.01773,40.43974],[-80.0285,40.44395]]]},"properties":{"geoid":"42003980700","population":47,"svi_overall":0,"svi_socioeconomic":0,"svi_household":0,"svi_minority":0,"svi_housing_transport":8,"coi_level":"Low","coi_rank":40,"coi_education":6,"coi_health_env":100,"coi_social_econ":0}},{"type":"Feature","geometry":{"type":"Polygon","coordinates":[[[-79.97292,40.43633],[-79.96719,40.43534],[-79.95994,40.43223],[-79.95693,40.42984],[-79.95628,40.42912],[-79.95774,40.42996],[-79.9602,40.42855],[-79.97351,40.43388],[-79.97292,40.43633]]]},"properties":{"geoid":"42003980800","population":0,"svi_overall":null,"svi_socioeconomic":null,"svi_household":null,"svi_minority":null,"svi_housing_transport":null,"coi_level":"Low","coi_rank":32,"coi_education":5,"coi_health_env":100,"coi_social_econ":0}},{"type":"Feature","geometry":{"type":"Polygon","coordinates":[[[-80.05118,40.46561],[-80.05027,40.46929],[-80.04684,40.4724],[-80.04787,40.47582],[-80.0484,40.47711],[-80.04395,40.47853],[-80.04304,40.47894],[-80.0382,40.47271],[-80.03542,40.46751],[-80.03078,40.46213],[-80.03135,40.46154],[-80.03734,40.46111],[-80.03586,40.4527],[-80.04596,40.46062],[-80.05042,40.46468],[-80.05055,40.46565],[-80.05118,40.46561]]]},"properties":{"geoid":"42003980900","population":55,"svi_overall":null,"svi_socioeconomic":null,"svi_household":null,"svi_minority":71,"svi_housing_transport":null,"coi_level":"Very Low","coi_rank":3,"coi_education":1,"coi_health_env":12,"coi_social_econ":0}},{"type":"Feature","geometry":{"type":"Polygon","coordinates":[[[-79.95762,40.47613],[-79.9557,40.47835],[-79.95439,40.47747],[-79.95131,40.47746],[-79.94921,40.47817],[-79.94895,40.47818],[-79.94706,40.47762],[-79.94626,40.4777],[-79.94442,40.47865],[-79.93821,40.4741],[-79.93653,40.47428],[-79.93546,40.47257],[-79.93909,40.47309],[-79.9445,40.47164],[-79.94739,40.46845],[-79.94681,40.46752],[-79.94612,40.46697],[-79.94645,40.46547],[-79.95193,40.46618],[-79.95181,40.46737],[-79.95503,40.46906],[-79.95416,40.4713],[-79.95805,40.47387],[-79.95762,40.47613]]]},"properties":{"geoid":"42003981000","population":0,"svi_overall":null,"svi_socioeconomic":null,"svi_household":null,"svi_minority":null,"svi_housing_transport":null,"coi_level":"High","coi_rank":67,"coi_education":14,"coi_health_env":100,"coi_social_econ":0}},{"type":"Feature","geometry":{"type":"Polygon","coordinates":[[[-79.91258,40.44112],[-79.91165,40.4467],[-79.91144,40.44699],[-79.90829,40.44595],[-79.90873,40.4445],[-79.90588,40.44437],[-79.90312,40.44641],[-79.90136,40.44584],[-79.89877,40.44385],[-79.89968,40.44006],[-79.89949,40.43956],[-79.90027,40.43952],[-79.90535,40.4381],[-79.91309,40.43804],[-79.91258,40.44112]]]},"properties":{"geoid":"42003981100","population":0,"svi_overall":null,"svi_socioeconomic":null,"svi_household":null,"svi_minority":null,"svi_housing_transport":null,"coi_level":"High","coi_rank":65,"coi_education":35,"coi_health_env":100,"coi_social_econ":0}},{"type":"Feature","geometry":{"type":"Polygon","coordinates":[[[-80.01807,40.44889],[-80.01044,40.4483],[-80.00873,40.44925],[-80.00895,40.44996],[-80.00741,40.4495],[-80.0047,40.44966],[-80.00335,40.44566],[-80.00933,40.44431],[-80.01538,40.44309],[-80.01629,40.44321],[-80.01807,40.44889]]]},"properties":{"geoid":"42003981200","population":0,"svi_overall":null,"svi_socioeconomic":null,"svi_household":null,"svi_minority":null,"svi_housing_transport":null,"coi_level":null,"coi_rank":null,"coi_education":null,"coi_health_env":null,"coi_social_econ":null}},{"type":"Feature","geometry":{"type":"Polygon","coordinates":[[[-79.90793,40.48363],[-79.90653,40.48394],[-79.90536,40.48673],[-79.90143,40.4862],[-79.88381,40.48322],[-79.88467,40.47932],[-79.88656,40.47819],[-79.88708,40.47593],[-79.88773,40.47498],[-79.88909,40.47548],[-79.89064,40.4747],[-79.89843,40.47573],[-79.89918,40.47607],[-79.90457,40.47403],[-79.90828,40.47422],[-79.90793,40.48363]]]},"properties":{"geoid":"42003981800","population":385,"svi_overall":null,"svi_socioeconomic":null,"svi_household":null,"svi_minority":45,"svi_housing_transport":null,"coi_level":"Very Low","coi_rank":11,"coi_education":9,"coi_health_env":19,"coi_social_econ":8}},{"type":"Feature","geometry":{"type":"Polygon","coordinates":[[[-79.96326,40.44467],[-79.96089,40.44548],[-79.95982,40.4474],[-79.95848,40.44846],[-79.95973,40.44416],[-79.95638,40.44571],[-79.95273,40.44837],[-79.95191,40.44648],[-79.95059,40.44681],[-79.95037,40.44517],[-79.94691,40.44452],[-79.94757,40.44341],[-79.94925,40.44135],[-79.95355,40.44318],[-79.95644,40.44196],[-79.95934,40.44356],[-79.96288,40.44327],[-79.96326,40.44467]]]},"properties":{"geoid":"42003982200","population":5498,"svi_overall":36,"svi_socioeconomic":85,"svi_household":1,"svi_minority":43,"svi_housing_transport":36,"coi_level":"Very Low","coi_rank":3,"coi_education":14,"coi_health_env":3,"coi_social_econ":4}}],"metadata":{"sources":["https://services3.arcgis.com/ZvidGQkLaDJxRSJ2/arcgis/rest/services/CDC_ATSDR_Social_Vulnerability_Index_2022_USA/FeatureServer/2","https://services7.arcgis.com/s3vGpGobX9nzlLH3/arcgis/rest/services/coi3_20_2021_shp3/FeatureServer/0"],"builtAt":"2026-09-26T18:57:56.884Z"}}