{"type":"FeatureCollection","features":[{"type":"Feature","geometry":{"type":"MultiPolygon","coordinates":[[[[-80.068945,40.512054],[-80.068945,40.511512],[-80.068803,40.51041],[-80.068446,40.508856],[-80.070348,40.508657],[-80.074602,40.508675],[-80.075529,40.508711],[-80.075672,40.508747],[-80.075838,40.50891],[-80.076052,40.510645],[-80.07648,40.510645],[-80.077312,40.510771],[-80.077597,40.51088],[-80.07774,40.511078],[-80.077882,40.511386],[-80.077906,40.511657],[-80.077811,40.512163],[-80.077573,40.512614],[-80.07705,40.512958],[-80.075981,40.513464],[-80.075244,40.513789],[-80.075386,40.515975],[-80.069753,40.515939],[-80.069706,40.515126],[-80.070633,40.515018],[-80.071061,40.514981],[-80.071726,40.514566],[-80.071916,40.513572],[-80.071821,40.513156],[-80.072035,40.512687],[-80.070324,40.512163],[-80.068945,40.512054]]]]},"properties":{"grade":"A","id":"A1","name":null}},{"type":"Feature","geometry":{"type":"MultiPolygon","coordinates":[[[[-80.043622,40.386859],[-80.043631,40.385797],[-80.043298,40.384783],[-80.043536,40.383371],[-80.042395,40.383263],[-80.042633,40.381706],[-80.04249,40.380873],[-80.04192,40.379678],[-80.040684,40.377976],[-80.039068,40.379316],[-80.036937,40.378599],[-80.03664,40.376132],[-80.036372,40.375453],[-80.035481,40.373846],[-80.034441,40.372601],[-80.034114,40.37208],[-80.033312,40.371243],[-80.033134,40.370948],[-80.033886,40.370371],[-80.034694,40.369936],[-80.035598,40.369755],[-80.037879,40.369429],[-80.038069,40.368814],[-80.039068,40.368488],[-80.039876,40.368234],[-80.041064,40.36827],[-80.041777,40.368741],[-80.043536,40.370117],[-80.044962,40.371928],[-80.0452,40.372689],[-80.045485,40.373304],[-80.046769,40.372616],[-80.047482,40.372037],[-80.047814,40.371385],[-80.047767,40.370226],[-80.047767,40.368705],[-80.047196,40.367437],[-80.047101,40.366532],[-80.046959,40.36617],[-80.046008,40.365952],[-80.044534,40.365482],[-80.044107,40.365554],[-80.043441,40.365771],[-80.043013,40.36617],[-80.042348,40.366604],[-80.040018,40.365047],[-80.036263,40.367292],[-80.032555,40.363489],[-80.033934,40.36186],[-80.036358,40.36023],[-80.040066,40.364431],[-80.040684,40.363997],[-80.041207,40.363453],[-80.04154,40.362765],[-80.04249,40.362258],[-80.043679,40.361678],[-80.0452,40.361352],[-80.04482,40.35907],[-80.044154,40.358056],[-80.044154,40.357766],[-80.044962,40.357477],[-80.046721,40.35744],[-80.048432,40.35744],[-80.050191,40.35744],[-80.051094,40.357984],[-80.052283,40.359722],[-80.052996,40.358382],[-80.054374,40.357694],[-80.056181,40.357223],[-80.057417,40.357477],[-80.0587,40.357622],[-80.060364,40.35831],[-80.061077,40.359107],[-80.06198,40.360157],[-80.063026,40.360592],[-80.064357,40.361171],[-80.064309,40.362874],[-80.062741,40.364685],[-80.061695,40.366459],[-80.060269,40.367184],[-80.059033,40.367329],[-80.05813,40.367872],[-80.057036,40.368415],[-80.055563,40.368451],[-80.053899,40.368162],[-80.052283,40.367727],[-80.05138,40.367944],[-80.050429,40.368234],[-80.050429,40.368524],[-80.050524,40.370262],[-80.053043,40.369864],[-80.05466,40.370154],[-80.054897,40.372508],[-80.049431,40.373015],[-80.052425,40.378592],[-80.054612,40.376527],[-80.055325,40.37736],[-80.055753,40.377107],[-80.056133,40.375948],[-80.056276,40.375405],[-80.057464,40.375006],[-80.058795,40.375658],[-80.061885,40.377215],[-80.063644,40.377722],[-80.064262,40.378266],[-80.063406,40.380221],[-80.062455,40.3808],[-80.061267,40.381307],[-80.058462,40.38214],[-80.057559,40.382502],[-80.057084,40.382973],[-80.056846,40.383408],[-80.056086,40.384421],[-80.055476,40.384868],[-80.05304,40.385049],[-80.050455,40.385954],[-80.04891,40.386452],[-80.04784,40.386655],[-80.046563,40.386768],[-80.044394,40.386927],[-80.043622,40.386859]]]]},"properties":{"grade":"A","id":"A10","name":null}},{"type":"Feature","geometry":{"type":"MultiPolygon","coordinates":[[[[-80.119438,40.441705],[-80.121637,40.441682],[-80.124964,40.441614],[-80.125274,40.441583],[-80.126539,40.441456],[-80.12645,40.443174],[-80.125053,40.44331],[-80.125351,40.447538],[-80.125588,40.448646],[-80.125737,40.449392],[-80.125737,40.450251],[-80.125351,40.451472],[-80.12033,40.45163],[-80.119468,40.447176],[-80.119022,40.44331],[-80.119438,40.441705]]]]},"properties":{"grade":"A","id":"A11","name":null}},{"type":"Feature","geometry":{"type":"MultiPolygon","coordinates":[[[[-79.896797,40.492786],[-79.897129,40.493021],[-79.896844,40.493509],[-79.896868,40.49407],[-79.897082,40.494395],[-79.897533,40.494793],[-79.897605,40.495208],[-79.897415,40.49557],[-79.896987,40.495913],[-79.896488,40.496365],[-79.896297,40.496745],[-79.896179,40.497233],[-79.896131,40.498498],[-79.895727,40.49951],[-79.89518,40.500233],[-79.894372,40.500793],[-79.893564,40.500956],[-79.893089,40.500974],[-79.892423,40.500486],[-79.890997,40.500576],[-79.890783,40.50036],[-79.890617,40.500143],[-79.890498,40.499709],[-79.890641,40.498679],[-79.890355,40.496962],[-79.890522,40.496853],[-79.891045,40.496636],[-79.890736,40.495136],[-79.89026,40.494974],[-79.889975,40.494648],[-79.889928,40.494413],[-79.890189,40.491575],[-79.896797,40.492786]]]]},"properties":{"grade":"A","id":"A2","name":null}},{"type":"Feature","geometry":{"type":"MultiPolygon","coordinates":[[[[-79.914421,40.47497],[-79.9145,40.474565],[-79.91554,40.474791],[-79.916163,40.472983],[-79.914856,40.47278],[-79.914619,40.473209],[-79.912717,40.472938],[-79.913044,40.470655],[-79.913638,40.470542],[-79.916847,40.47113],[-79.921808,40.472328],[-79.918451,40.477797],[-79.920769,40.47852],[-79.921897,40.476644],[-79.924155,40.4773],[-79.924393,40.476757],[-79.92775,40.478023],[-79.927661,40.478671],[-79.927542,40.479537],[-79.926978,40.479401],[-79.926681,40.479876],[-79.926205,40.479989],[-79.925789,40.479899],[-79.925552,40.480238],[-79.922789,40.479492],[-79.922462,40.479605],[-79.920798,40.479221],[-79.920382,40.479288],[-79.920204,40.479514],[-79.919788,40.480125],[-79.913846,40.47791],[-79.914421,40.47497]]]]},"properties":{"grade":"A","id":"A3","name":null}},{"type":"Feature","geometry":{"type":"MultiPolygon","coordinates":[[[[-79.947275,40.446994],[-79.949108,40.451402],[-79.94284,40.453211],[-79.941235,40.453912],[-79.94079,40.453754],[-79.940403,40.45364],[-79.939809,40.453618],[-79.939364,40.453595],[-79.938383,40.453708],[-79.937938,40.453075],[-79.936809,40.451221],[-79.935442,40.448169],[-79.936006,40.447898],[-79.936214,40.447627],[-79.936482,40.447288],[-79.936363,40.446428],[-79.936214,40.445637],[-79.936393,40.44523],[-79.936898,40.444868],[-79.937789,40.444393],[-79.938769,40.444077],[-79.940641,40.444348],[-79.941384,40.444552],[-79.942097,40.444755],[-79.94281,40.444687],[-79.943107,40.444868],[-79.942751,40.445818],[-79.942751,40.447446],[-79.944147,40.447197],[-79.945306,40.447265],[-79.947275,40.446994]]]]},"properties":{"grade":"A","id":"A4","name":null}},{"type":"Feature","geometry":{"type":"MultiPolygon","coordinates":[[[[-79.915894,40.446517],[-79.917913,40.444552],[-79.917527,40.443828],[-79.917081,40.442901],[-79.916665,40.441658],[-79.917735,40.441386],[-79.918953,40.445954],[-79.919161,40.446383],[-79.919428,40.447107],[-79.919666,40.448147],[-79.921627,40.447853],[-79.920082,40.442132],[-79.923142,40.44168],[-79.923617,40.444145],[-79.924776,40.444167],[-79.925311,40.444122],[-79.9254,40.444393],[-79.925548,40.44566],[-79.927866,40.445072],[-79.927658,40.444597],[-79.927747,40.442087],[-79.92947,40.441884],[-79.928935,40.440617],[-79.930599,40.44012],[-79.930421,40.436615],[-79.931312,40.436479],[-79.931966,40.436118],[-79.932441,40.435688],[-79.932976,40.435326],[-79.933659,40.43519],[-79.934461,40.438424],[-79.937522,40.439148],[-79.940819,40.439781],[-79.940403,40.441341],[-79.93764,40.442562],[-79.938769,40.444077],[-79.937789,40.444393],[-79.936898,40.444868],[-79.936393,40.44523],[-79.936214,40.445637],[-79.936363,40.446428],[-79.936482,40.447288],[-79.936214,40.447627],[-79.936006,40.447898],[-79.935442,40.448169],[-79.929589,40.449933],[-79.930183,40.450769],[-79.928044,40.451425],[-79.929233,40.453301],[-79.92745,40.453867],[-79.927153,40.452849],[-79.925935,40.451221],[-79.92231,40.452578],[-79.922726,40.453279],[-79.919577,40.45398],[-79.919101,40.453889],[-79.917943,40.453889],[-79.915269,40.454364],[-79.915477,40.454002],[-79.915328,40.453618],[-79.914883,40.453573],[-79.913397,40.453799],[-79.913041,40.452374],[-79.914467,40.452261],[-79.91408,40.451312],[-79.914675,40.451199],[-79.916487,40.448712],[-79.915685,40.448395],[-79.915388,40.448147],[-79.914615,40.447762],[-79.915894,40.446517]]]]},"properties":{"grade":"A","id":"A5","name":null}},{"type":"Feature","geometry":{"type":"MultiPolygon","coordinates":[[[[-79.90442,40.44518],[-79.904098,40.445614],[-79.903533,40.445954],[-79.902731,40.446496],[-79.903504,40.446632],[-79.90282,40.447559],[-79.903444,40.44774],[-79.904098,40.447921],[-79.905554,40.448395],[-79.905821,40.448147],[-79.905851,40.447491],[-79.907366,40.447853],[-79.908257,40.446225],[-79.910931,40.446994],[-79.911199,40.447016],[-79.912922,40.446745],[-79.913041,40.445094],[-79.915358,40.44471],[-79.914467,40.445863],[-79.915894,40.446517],[-79.914615,40.447762],[-79.914288,40.44774],[-79.912476,40.449662],[-79.910218,40.452533],[-79.909446,40.451877],[-79.907752,40.451131],[-79.900117,40.448441],[-79.901573,40.446112],[-79.900057,40.445682],[-79.89982,40.445931],[-79.898156,40.445456],[-79.897562,40.447197],[-79.896254,40.446654],[-79.897116,40.445004],[-79.896017,40.444574],[-79.89777,40.440504],[-79.897591,40.439351],[-79.898483,40.439193],[-79.899285,40.439102],[-79.900265,40.439306],[-79.899998,40.440934],[-79.900117,40.441409],[-79.90083,40.441974],[-79.900176,40.443919],[-79.903623,40.445117],[-79.90442,40.44518]]]]},"properties":{"grade":"A","id":"A6","name":null}},{"type":"Feature","geometry":{"type":"MultiPolygon","coordinates":[[[[-79.914601,40.433485],[-79.914853,40.433472],[-79.915536,40.433517],[-79.916428,40.433743],[-79.916992,40.433743],[-79.918507,40.433472],[-79.918983,40.435417],[-79.919042,40.435756],[-79.918775,40.435846],[-79.91827,40.435869],[-79.917497,40.435439],[-79.916665,40.435258],[-79.916784,40.436027],[-79.916665,40.437],[-79.91613,40.437994],[-79.912238,40.437904],[-79.911288,40.43804],[-79.909683,40.43752],[-79.908941,40.437113],[-79.908614,40.436638],[-79.908733,40.436208],[-79.909416,40.435869],[-79.910426,40.435688],[-79.911436,40.435552],[-79.91212,40.435462],[-79.912268,40.435236],[-79.912209,40.434399],[-79.912298,40.433992],[-79.912536,40.433811],[-79.913546,40.43354],[-79.914601,40.433485]]]]},"properties":{"grade":"A","id":"A7","name":null}},{"type":"Feature","geometry":{"type":"MultiPolygon","coordinates":[[[[-79.896255,40.427551],[-79.897473,40.427551],[-79.898186,40.427687],[-79.898602,40.428003],[-79.899493,40.429338],[-79.898661,40.429948],[-79.899255,40.430853],[-79.898364,40.431283],[-79.899166,40.432504],[-79.897146,40.433408],[-79.898245,40.435218],[-79.896314,40.435738],[-79.896017,40.434765],[-79.892897,40.43031],[-79.894115,40.429745],[-79.894799,40.429293],[-79.895898,40.428999],[-79.896849,40.428795],[-79.896255,40.427551]]]]},"properties":{"grade":"A","id":"A8","name":null}},{"type":"Feature","geometry":{"type":"MultiPolygon","coordinates":[[[[-79.977944,40.366333],[-79.977278,40.365134],[-79.977486,40.364794],[-79.977902,40.364432],[-79.978763,40.363957],[-79.978763,40.363866],[-79.978496,40.363549],[-79.978288,40.363255],[-79.978258,40.363074],[-79.97808,40.362734],[-79.977664,40.36244],[-79.97704,40.362078],[-79.975139,40.360901],[-79.977486,40.358207],[-79.979209,40.358071],[-79.979773,40.358501],[-79.980635,40.358976],[-79.98215,40.359588],[-79.984022,40.362916],[-79.986131,40.362644],[-79.986963,40.362372],[-79.987528,40.362146],[-79.991152,40.360697],[-79.991509,40.36158],[-79.99243,40.362463],[-79.985686,40.364183],[-79.986131,40.364953],[-79.98625,40.365609],[-79.986012,40.366356],[-79.985537,40.366832],[-79.984765,40.367285],[-79.984111,40.367782],[-79.983956,40.368018],[-79.983784,40.36828],[-79.983754,40.368869],[-79.983487,40.369344],[-79.982982,40.369661],[-79.982596,40.369729],[-79.981883,40.369344],[-79.980962,40.368914],[-79.9801,40.368348],[-79.978852,40.367601],[-79.978258,40.3669],[-79.977944,40.366333]]]]},"properties":{"grade":"A","id":"A9","name":null}},{"type":"Feature","geometry":{"type":"MultiPolygon","coordinates":[[[[-80.087881,40.505115],[-80.087929,40.507374],[-80.088499,40.508693],[-80.088618,40.509054],[-80.088618,40.509416],[-80.088476,40.509831],[-80.088167,40.510337],[-80.08819,40.510771],[-80.088285,40.511639],[-80.088666,40.512958],[-80.088808,40.513951],[-80.089077,40.517077],[-80.087342,40.51715],[-80.086866,40.512199],[-80.083491,40.511313],[-80.083325,40.511331],[-80.082945,40.511548],[-80.077906,40.511657],[-80.077882,40.511386],[-80.07774,40.511078],[-80.077597,40.51088],[-80.077312,40.510771],[-80.07648,40.510645],[-80.076052,40.510645],[-80.075838,40.50891],[-80.075672,40.508747],[-80.075529,40.508711],[-80.074602,40.508675],[-80.070348,40.508657],[-80.068446,40.508856],[-80.068803,40.51041],[-80.068945,40.511512],[-80.068945,40.512054],[-80.0679,40.511819],[-80.067044,40.511223],[-80.065784,40.509976],[-80.064767,40.508639],[-80.06403,40.50732],[-80.063436,40.506759],[-80.062628,40.506308],[-80.062105,40.505874],[-80.06163,40.505675],[-80.06094,40.505657],[-80.059895,40.506109],[-80.058454,40.50694],[-80.057884,40.507211],[-80.057408,40.50741],[-80.056838,40.5075],[-80.055935,40.507844],[-80.055246,40.507952],[-80.054675,40.508133],[-80.054081,40.508151],[-80.048686,40.505657],[-80.047093,40.504356],[-80.047877,40.502621],[-80.044716,40.500561],[-80.045905,40.499892],[-80.046309,40.499205],[-80.046333,40.498374],[-80.046214,40.497362],[-80.045691,40.495952],[-80.045477,40.494199],[-80.044597,40.492355],[-80.044455,40.49174],[-80.044502,40.491216],[-80.044859,40.49033],[-80.05565,40.495753],[-80.061687,40.498609],[-80.063208,40.495807],[-80.063659,40.495156],[-80.065038,40.494054],[-80.069839,40.49709],[-80.070837,40.498139],[-80.071883,40.499079],[-80.072549,40.499458],[-80.07319,40.49935],[-80.074117,40.499693],[-80.075092,40.500633],[-80.075615,40.501374],[-80.076534,40.501645],[-80.078483,40.502765],[-80.079101,40.503109],[-80.079981,40.503416],[-80.08178,40.503741],[-80.082636,40.50394],[-80.083325,40.504139],[-80.084086,40.504862],[-80.084775,40.505386],[-80.085274,40.505711],[-80.08563,40.505874],[-80.086272,40.505892],[-80.086748,40.505693],[-80.087128,40.505494],[-80.087627,40.505115],[-80.087881,40.505115]]]]},"properties":{"grade":"B","id":"B1","name":null}},{"type":"Feature","geometry":{"type":"MultiPolygon","coordinates":[[[[-79.927661,40.478671],[-79.92775,40.478023],[-79.924393,40.476757],[-79.924155,40.4773],[-79.921897,40.476644],[-79.920769,40.47852],[-79.918451,40.477797],[-79.921808,40.472328],[-79.916847,40.47113],[-79.913638,40.470542],[-79.913044,40.470655],[-79.912717,40.472938],[-79.914619,40.473209],[-79.914856,40.47278],[-79.916163,40.472983],[-79.91554,40.474791],[-79.9145,40.474565],[-79.914421,40.47497],[-79.910286,40.475176],[-79.910571,40.474381],[-79.910737,40.473585],[-79.911213,40.471181],[-79.911641,40.469987],[-79.912187,40.469499],[-79.913613,40.469047],[-79.915277,40.468794],[-79.916758,40.468689],[-79.917352,40.46774],[-79.921511,40.468644],[-79.921927,40.467604],[-79.927334,40.469367],[-79.92775,40.468056],[-79.929649,40.465208],[-79.930332,40.464417],[-79.932293,40.465072],[-79.930956,40.467287],[-79.930213,40.469729],[-79.930481,40.473187],[-79.929647,40.476781],[-79.929142,40.477707],[-79.928905,40.478182],[-79.928815,40.478634],[-79.928714,40.479153],[-79.927661,40.478671]]]]},"properties":{"grade":"B","id":"B10","name":null}},{"type":"Feature","geometry":{"type":"MultiPolygon","coordinates":[[[[-79.94284,40.453211],[-79.949108,40.451402],[-79.947275,40.446994],[-79.946494,40.445117],[-79.948811,40.441974],[-79.949227,40.441997],[-79.949881,40.443444],[-79.950327,40.443738],[-79.950772,40.444077],[-79.95098,40.444755],[-79.951337,40.446067],[-79.951723,40.44679],[-79.95205,40.447152],[-79.953595,40.446361],[-79.955199,40.445298],[-79.955348,40.445094],[-79.956358,40.445321],[-79.956685,40.445592],[-79.956892,40.446067],[-79.957546,40.446474],[-79.958081,40.446835],[-79.958616,40.447129],[-79.958794,40.447717],[-79.958437,40.448169],[-79.957695,40.448915],[-79.957438,40.449214],[-79.954813,40.450769],[-79.953327,40.451696],[-79.948633,40.453188],[-79.944325,40.454206],[-79.94284,40.453211]]]]},"properties":{"grade":"B","id":"B11","name":null}},{"type":"Feature","geometry":{"type":"MultiPolygon","coordinates":[[[[-79.915911,40.456353],[-79.911943,40.454101],[-79.909613,40.456488],[-79.905763,40.454969],[-79.906476,40.454246],[-79.903766,40.453377],[-79.904147,40.452618],[-79.902626,40.452075],[-79.901912,40.452545],[-79.900724,40.452328],[-79.897349,40.451135],[-79.898632,40.449615],[-79.895675,40.448576],[-79.896245,40.447455],[-79.893868,40.446767],[-79.894534,40.445248],[-79.894867,40.444561],[-79.895057,40.443837],[-79.895152,40.443077],[-79.895675,40.441667],[-79.896102,40.440473],[-79.89615,40.439532],[-79.89558,40.438266],[-79.894534,40.436167],[-79.896314,40.435738],[-79.896303,40.436266],[-79.896256,40.436736],[-79.897591,40.439351],[-79.89777,40.440504],[-79.896017,40.444574],[-79.897116,40.445004],[-79.896254,40.446654],[-79.897562,40.447197],[-79.898156,40.445456],[-79.89982,40.445931],[-79.900057,40.445682],[-79.901573,40.446112],[-79.900117,40.448441],[-79.907752,40.451131],[-79.909446,40.451877],[-79.910218,40.452533],[-79.912476,40.449662],[-79.914288,40.44774],[-79.914615,40.447762],[-79.915388,40.448147],[-79.915685,40.448395],[-79.916487,40.448712],[-79.914675,40.451199],[-79.91408,40.451312],[-79.914467,40.452261],[-79.913041,40.452374],[-79.913397,40.453799],[-79.914883,40.453573],[-79.915328,40.453618],[-79.915477,40.454002],[-79.915269,40.454364],[-79.917943,40.453889],[-79.919101,40.453889],[-79.919577,40.45398],[-79.922726,40.453279],[-79.92231,40.452578],[-79.925935,40.451221],[-79.927153,40.452849],[-79.92745,40.453867],[-79.929233,40.453301],[-79.928044,40.451425],[-79.930183,40.450769],[-79.929589,40.449933],[-79.935442,40.448169],[-79.936809,40.451221],[-79.937938,40.453075],[-79.938383,40.453708],[-79.937302,40.454074],[-79.935454,40.450831],[-79.932245,40.451803],[-79.933137,40.454131],[-79.931574,40.454855],[-79.93101,40.455804],[-79.930415,40.455081],[-79.929465,40.455556],[-79.928752,40.456053],[-79.927712,40.456618],[-79.925662,40.456754],[-79.924295,40.456731],[-79.922542,40.456324],[-79.922305,40.456663],[-79.921383,40.456392],[-79.919393,40.455714],[-79.919298,40.455908],[-79.917622,40.454834],[-79.916132,40.456157],[-79.915911,40.456353]]]]},"properties":{"grade":"B","id":"B12","name":null}},{"type":"Feature","geometry":{"type":"MultiPolygon","coordinates":[[[[-79.90442,40.44518],[-79.905405,40.443851],[-79.908495,40.444303],[-79.908198,40.444936],[-79.911466,40.446021],[-79.912565,40.441138],[-79.916754,40.440617],[-79.91613,40.437994],[-79.916665,40.437],[-79.916784,40.436027],[-79.916665,40.435258],[-79.917497,40.435439],[-79.91827,40.435869],[-79.918775,40.435846],[-79.919042,40.435756],[-79.918983,40.435417],[-79.927688,40.434241],[-79.92748,40.433359],[-79.932917,40.432545],[-79.933659,40.43519],[-79.932976,40.435326],[-79.932441,40.435688],[-79.931966,40.436118],[-79.931312,40.436479],[-79.930421,40.436615],[-79.930599,40.44012],[-79.928935,40.440617],[-79.92947,40.441884],[-79.927747,40.442087],[-79.927658,40.444597],[-79.927866,40.445072],[-79.925548,40.44566],[-79.9254,40.444393],[-79.925311,40.444122],[-79.924776,40.444167],[-79.923617,40.444145],[-79.923142,40.44168],[-79.920082,40.442132],[-79.921627,40.447853],[-79.919666,40.448147],[-79.919428,40.447107],[-79.919161,40.446383],[-79.918953,40.445954],[-79.917735,40.441386],[-79.916665,40.441658],[-79.917081,40.442901],[-79.917527,40.443828],[-79.917913,40.444552],[-79.915894,40.446517],[-79.914467,40.445863],[-79.915358,40.44471],[-79.913041,40.445094],[-79.912922,40.446745],[-79.911199,40.447016],[-79.910931,40.446994],[-79.908257,40.446225],[-79.907366,40.447853],[-79.905851,40.447491],[-79.905821,40.448147],[-79.905554,40.448395],[-79.904098,40.447921],[-79.903444,40.44774],[-79.90282,40.447559],[-79.903504,40.446632],[-79.902731,40.446496],[-79.903533,40.445954],[-79.904098,40.445614],[-79.90442,40.44518]]]]},"properties":{"grade":"B","id":"B13","name":null}},{"type":"Feature","geometry":{"type":"MultiPolygon","coordinates":[[[[-79.914601,40.433485],[-79.914764,40.433133],[-79.915001,40.432861],[-79.914912,40.432658],[-79.914615,40.432612],[-79.913783,40.432816],[-79.913635,40.432545],[-79.913664,40.430396],[-79.913843,40.430125],[-79.914318,40.430034],[-79.914764,40.430125],[-79.915566,40.428338],[-79.915863,40.428248],[-79.916517,40.427049],[-79.916754,40.427072],[-79.917467,40.42714],[-79.923677,40.428768],[-79.924776,40.427773],[-79.925162,40.427818],[-79.925608,40.427637],[-79.926321,40.427253],[-79.927509,40.425511],[-79.925162,40.425376],[-79.924004,40.425421],[-79.921211,40.425172],[-79.920141,40.424878],[-79.920141,40.424448],[-79.920141,40.423792],[-79.919993,40.423249],[-79.919577,40.422978],[-79.918893,40.422842],[-79.917705,40.422775],[-79.917527,40.422458],[-79.917438,40.42187],[-79.917586,40.421576],[-79.917943,40.421237],[-79.919547,40.420829],[-79.918983,40.420354],[-79.918478,40.419879],[-79.918478,40.419676],[-79.919666,40.419156],[-79.920973,40.418997],[-79.922518,40.419088],[-79.922726,40.418522],[-79.923201,40.417844],[-79.924093,40.417753],[-79.924657,40.417821],[-79.924925,40.418206],[-79.925519,40.418477],[-79.926826,40.418975],[-79.927509,40.419427],[-79.928044,40.41954],[-79.928935,40.419472],[-79.9295,40.422164],[-79.928995,40.423114],[-79.933065,40.424516],[-79.933808,40.424742],[-79.935056,40.424765],[-79.936333,40.424855],[-79.937135,40.425172],[-79.937522,40.425715],[-79.937819,40.426642],[-79.938146,40.426846],[-79.93868,40.426891],[-79.937997,40.428383],[-79.937224,40.428361],[-79.936571,40.428497],[-79.935709,40.4287],[-79.934818,40.428971],[-79.934254,40.429085],[-79.933184,40.429175],[-79.932827,40.431256],[-79.932917,40.432545],[-79.92748,40.433359],[-79.927688,40.434241],[-79.918983,40.435417],[-79.918507,40.433472],[-79.916992,40.433743],[-79.916428,40.433743],[-79.915536,40.433517],[-79.914853,40.433472],[-79.914601,40.433485]]]]},"properties":{"grade":"B","id":"B14","name":null}},{"type":"Feature","geometry":{"type":"MultiPolygon","coordinates":[[[[-79.915566,40.428338],[-79.913754,40.428293],[-79.913219,40.427637],[-79.91212,40.426642],[-79.911733,40.42585],[-79.911733,40.425195],[-79.911822,40.424493],[-79.912298,40.424018],[-79.912714,40.423883],[-79.913308,40.423951],[-79.91411,40.424222],[-79.914912,40.424539],[-79.915299,40.424697],[-79.915922,40.424697],[-79.916309,40.424516],[-79.916962,40.423883],[-79.917467,40.423069],[-79.917705,40.422775],[-79.918893,40.422842],[-79.919577,40.422978],[-79.919993,40.423249],[-79.920141,40.423792],[-79.920141,40.424448],[-79.920141,40.424878],[-79.921211,40.425172],[-79.924004,40.425421],[-79.925162,40.425376],[-79.927509,40.425511],[-79.926321,40.427253],[-79.925608,40.427637],[-79.925162,40.427818],[-79.924776,40.427773],[-79.923677,40.428768],[-79.917467,40.42714],[-79.916754,40.427072],[-79.916517,40.427049],[-79.915863,40.428248],[-79.915566,40.428338]]]]},"properties":{"grade":"B","id":"B15","name":null}},{"type":"Feature","geometry":{"type":"MultiPolygon","coordinates":[[[[-79.879246,40.434033],[-79.878785,40.433748],[-79.872813,40.432436],[-79.873526,40.430242],[-79.874418,40.429496],[-79.875576,40.429994],[-79.876111,40.428818],[-79.876468,40.428524],[-79.876676,40.428071],[-79.876705,40.427596],[-79.875487,40.424249],[-79.87421,40.424543],[-79.873675,40.423141],[-79.874299,40.419861],[-79.877448,40.420517],[-79.878102,40.420924],[-79.878607,40.421309],[-79.880984,40.422214],[-79.88342,40.422802],[-79.886183,40.423141],[-79.886569,40.423548],[-79.884489,40.429767],[-79.886599,40.43117],[-79.88752,40.430536],[-79.888857,40.429654],[-79.889302,40.429632],[-79.889718,40.42936],[-79.890372,40.428727],[-79.891111,40.427644],[-79.891174,40.427551],[-79.891222,40.427569],[-79.893016,40.428252],[-79.893165,40.427958],[-79.893551,40.427167],[-79.893967,40.426963],[-79.894531,40.427054],[-79.894769,40.427257],[-79.895215,40.427936],[-79.896255,40.427551],[-79.896849,40.428795],[-79.895898,40.428999],[-79.894799,40.429293],[-79.894115,40.429745],[-79.892897,40.43031],[-79.896017,40.434765],[-79.896314,40.435738],[-79.894534,40.436167],[-79.892604,40.436927],[-79.887803,40.437868],[-79.885806,40.438049],[-79.885331,40.435697],[-79.882907,40.435263],[-79.882669,40.435914],[-79.881575,40.435154],[-79.879246,40.434033]]]]},"properties":{"grade":"B","id":"B16","name":null}},{"type":"Feature","geometry":{"type":"MultiPolygon","coordinates":[[[[-79.868408,40.45194],[-79.868018,40.452302],[-79.866877,40.453098],[-79.866117,40.453568],[-79.864453,40.454689],[-79.864215,40.455377],[-79.86412,40.455919],[-79.864548,40.45733],[-79.865261,40.45874],[-79.866212,40.460983],[-79.867495,40.460585],[-79.868399,40.460621],[-79.869254,40.460766],[-79.870348,40.460983],[-79.871892,40.460657],[-79.872701,40.460513],[-79.873889,40.459645],[-79.874554,40.462719],[-79.874887,40.462972],[-79.87484,40.463406],[-79.871679,40.463442],[-79.871536,40.462827],[-79.870538,40.463044],[-79.868969,40.463044],[-79.868256,40.463153],[-79.867163,40.463515],[-79.866164,40.46384],[-79.866354,40.464274],[-79.866212,40.465359],[-79.865404,40.46648],[-79.864548,40.467312],[-79.863265,40.467746],[-79.861316,40.468216],[-79.859224,40.468433],[-79.856419,40.468433],[-79.853044,40.468433],[-79.853662,40.466589],[-79.853377,40.465431],[-79.852854,40.464925],[-79.853615,40.464708],[-79.854185,40.464455],[-79.854661,40.463732],[-79.853805,40.458487],[-79.854946,40.458198],[-79.855231,40.457836],[-79.855231,40.453604],[-79.856467,40.452736],[-79.857133,40.449264],[-79.858368,40.447346],[-79.857323,40.439532],[-79.856419,40.434973],[-79.856134,40.434467],[-79.855611,40.433671],[-79.855754,40.433056],[-79.855992,40.432549],[-79.857655,40.431934],[-79.857228,40.429148],[-79.857228,40.42846],[-79.857703,40.42799],[-79.857655,40.427411],[-79.857798,40.426651],[-79.859129,40.424516],[-79.855754,40.422417],[-79.856277,40.422055],[-79.857275,40.421766],[-79.859462,40.420716],[-79.858986,40.419739],[-79.859747,40.41945],[-79.861078,40.419377],[-79.863978,40.419269],[-79.864168,40.418436],[-79.864738,40.418074],[-79.865356,40.417531],[-79.864643,40.41688],[-79.864263,40.416337],[-79.864168,40.415903],[-79.864168,40.415396],[-79.864976,40.414709],[-79.86664,40.414202],[-79.867781,40.413912],[-79.868684,40.413985],[-79.867685,40.414962],[-79.867971,40.41536],[-79.869587,40.416084],[-79.870775,40.416627],[-79.871251,40.416699],[-79.872106,40.416554],[-79.874103,40.420173],[-79.872201,40.421006],[-79.871061,40.42115],[-79.869444,40.421187],[-79.866497,40.421295],[-79.865974,40.422562],[-79.867685,40.423286],[-79.868589,40.424842],[-79.867876,40.425855],[-79.867543,40.427158],[-79.868256,40.428026],[-79.869064,40.429727],[-79.869777,40.430233],[-79.867353,40.430921],[-79.866497,40.431427],[-79.865832,40.432766],[-79.873209,40.436348],[-79.873637,40.436782],[-79.87416,40.437542],[-79.87454,40.438193],[-79.875063,40.438447],[-79.875966,40.439062],[-79.876251,40.439821],[-79.875158,40.439749],[-79.874065,40.439749],[-79.873494,40.440039],[-79.872686,40.4404],[-79.872068,40.441052],[-79.870927,40.442354],[-79.87088,40.443005],[-79.8705,40.443403],[-79.870024,40.443584],[-79.868361,40.44362],[-79.867505,40.444018],[-79.867267,40.444525],[-79.867933,40.447129],[-79.867885,40.447599],[-79.867267,40.448612],[-79.867172,40.449264],[-79.867457,40.450059],[-79.868265,40.451289],[-79.868408,40.45194]],[[-79.869054,40.441339],[-79.867828,40.436565],[-79.862504,40.437795],[-79.862076,40.441232],[-79.864738,40.44116],[-79.869054,40.441339]]]]},"properties":{"grade":"B","id":"B17","name":null}},{"type":"Feature","geometry":{"type":"MultiPolygon","coordinates":[[[[-79.838498,40.415473],[-79.839776,40.414229],[-79.840489,40.413053],[-79.841024,40.411922],[-79.841737,40.411062],[-79.84248,40.410248],[-79.843074,40.409433],[-79.843401,40.409727],[-79.844411,40.411469],[-79.844945,40.413007],[-79.845302,40.413392],[-79.846936,40.414749],[-79.847471,40.415609],[-79.847976,40.416695],[-79.848303,40.417283],[-79.84854,40.417486],[-79.849164,40.417237],[-79.84958,40.417056],[-79.850204,40.415812],[-79.851303,40.416106],[-79.852224,40.416943],[-79.852967,40.41726],[-79.85169,40.419002],[-79.850798,40.419861],[-79.850887,40.420246],[-79.848006,40.421264],[-79.843222,40.422734],[-79.84349,40.424181],[-79.841707,40.424656],[-79.840964,40.424995],[-79.840103,40.424588],[-79.839865,40.423932],[-79.839509,40.423435],[-79.839509,40.422915],[-79.839509,40.422575],[-79.839925,40.422055],[-79.840935,40.421874],[-79.842123,40.421399],[-79.8404,40.418798],[-79.838498,40.415473]]]]},"properties":{"grade":"B","id":"B18","name":null}},{"type":"Feature","geometry":{"type":"MultiPolygon","coordinates":[[[[-79.898322,40.392134],[-79.898645,40.390577],[-79.899287,40.389219],[-79.900747,40.387322],[-79.901105,40.386857],[-79.901533,40.385988],[-79.901782,40.385499],[-79.906381,40.386911],[-79.907487,40.386612],[-79.905954,40.381235],[-79.907858,40.378156],[-79.908556,40.377026],[-79.906524,40.376021],[-79.907914,40.373957],[-79.909804,40.374853],[-79.910588,40.373821],[-79.911515,40.373223],[-79.91205,40.372734],[-79.911836,40.372137],[-79.911016,40.371974],[-79.910517,40.37173],[-79.910125,40.371268],[-79.90984,40.370942],[-79.909911,40.370507],[-79.910232,40.370127],[-79.910695,40.36972],[-79.912228,40.369529],[-79.913013,40.369529],[-79.913369,40.369665],[-79.913048,40.372789],[-79.913334,40.373576],[-79.913476,40.373739],[-79.914154,40.37393],[-79.914724,40.373767],[-79.914902,40.374418],[-79.91533,40.374799],[-79.915722,40.374962],[-79.916114,40.374962],[-79.916934,40.374663],[-79.917255,40.375016],[-79.917041,40.375423],[-79.916186,40.375831],[-79.913048,40.376781],[-79.91066,40.378655],[-79.910874,40.379823],[-79.910446,40.38004],[-79.909768,40.380122],[-79.908449,40.380529],[-79.909412,40.384087],[-79.908521,40.384168],[-79.909305,40.387481],[-79.908592,40.388025],[-79.906845,40.389138],[-79.905312,40.390034],[-79.904385,40.390224],[-79.903244,40.390441],[-79.902567,40.392342],[-79.902495,40.393211],[-79.902139,40.393944],[-79.901711,40.394216],[-79.900998,40.394189],[-79.900285,40.394216],[-79.899786,40.394351],[-79.900249,40.393618],[-79.900285,40.393455],[-79.900285,40.392179],[-79.898322,40.392134]]]]},"properties":{"grade":"B","id":"B19","name":null}},{"type":"Feature","geometry":{"type":"MultiPolygon","coordinates":[[[[-80.028882,40.505903],[-80.029452,40.506499],[-80.029595,40.506716],[-80.029631,40.506879],[-80.029666,40.507421],[-80.029595,40.507855],[-80.029167,40.508451],[-80.028632,40.508912],[-80.028311,40.510864],[-80.028026,40.511541],[-80.029666,40.51371],[-80.031021,40.514902],[-80.030878,40.515092],[-80.030878,40.515363],[-80.031092,40.515688],[-80.031663,40.515932],[-80.032091,40.516176],[-80.032055,40.516501],[-80.03177,40.516637],[-80.031306,40.516772],[-80.030878,40.516827],[-80.030664,40.516989],[-80.030308,40.517206],[-80.030237,40.517423],[-80.030736,40.517504],[-80.031413,40.517829],[-80.031698,40.518073],[-80.032055,40.517856],[-80.032768,40.517558],[-80.033731,40.517342],[-80.034657,40.517369],[-80.035656,40.51745],[-80.036404,40.517613],[-80.037046,40.517965],[-80.037581,40.517938],[-80.038651,40.517829],[-80.039827,40.517694],[-80.039934,40.517369],[-80.040148,40.516718],[-80.040148,40.51623],[-80.040112,40.51539],[-80.040326,40.514875],[-80.040611,40.514306],[-80.039898,40.513683],[-80.039364,40.513411],[-80.039364,40.512951],[-80.043713,40.512544],[-80.044604,40.514252],[-80.047278,40.513764],[-80.04817,40.51333],[-80.048776,40.513222],[-80.049275,40.513357],[-80.049489,40.513276],[-80.049703,40.513168],[-80.05038,40.512815],[-80.051057,40.512653],[-80.052341,40.515553],[-80.048134,40.516854],[-80.048312,40.519212],[-80.048312,40.521217],[-80.048312,40.522003],[-80.048241,40.522437],[-80.047564,40.522843],[-80.047064,40.522708],[-80.046601,40.522491],[-80.045531,40.522247],[-80.043891,40.521976],[-80.042857,40.521868],[-80.041538,40.522111],[-80.041111,40.522166],[-80.040611,40.522464],[-80.040255,40.522545],[-80.03972,40.522464],[-80.039506,40.522653],[-80.03915,40.523304],[-80.038829,40.523792],[-80.038044,40.524252],[-80.037724,40.524361],[-80.03726,40.524469],[-80.036404,40.524469],[-80.031663,40.524605],[-80.029238,40.522653],[-80.028989,40.522464],[-80.028276,40.522464],[-80.027598,40.522464],[-80.026957,40.522437],[-80.026743,40.52222],[-80.026529,40.521759],[-80.026279,40.521353],[-80.02578,40.521109],[-80.025138,40.520973],[-80.024283,40.521],[-80.023819,40.521082],[-80.023213,40.521],[-80.022999,40.520865],[-80.022714,40.520594],[-80.017687,40.513899],[-80.022607,40.510484],[-80.028882,40.505903]]]]},"properties":{"grade":"B","id":"B2","name":null}},{"type":"Feature","geometry":{"type":"MultiPolygon","coordinates":[[[[-79.977944,40.366333],[-79.978258,40.3669],[-79.978852,40.367601],[-79.9801,40.368348],[-79.980962,40.368914],[-79.981883,40.369344],[-79.982596,40.369729],[-79.982982,40.369661],[-79.983487,40.369344],[-79.983754,40.368869],[-79.983784,40.36828],[-79.983956,40.368018],[-79.985032,40.368326],[-79.985983,40.369276],[-79.986339,40.370408],[-79.986339,40.370838],[-79.986072,40.371314],[-79.98524,40.372264],[-79.982388,40.373147],[-79.983873,40.375207],[-79.982328,40.376474],[-79.984527,40.378398],[-79.983962,40.378896],[-79.982833,40.37953],[-79.981912,40.380186],[-79.981912,40.380616],[-79.982596,40.381453],[-79.983546,40.381838],[-79.982655,40.382743],[-79.981645,40.383083],[-79.98016,40.383332],[-79.977664,40.383649],[-79.975762,40.383943],[-79.975228,40.383807],[-79.970563,40.379937],[-79.969137,40.378511],[-79.968573,40.377606],[-79.968662,40.376655],[-79.96884,40.374618],[-79.971365,40.374052],[-79.969315,40.371789],[-79.96881,40.370748],[-79.970534,40.369073],[-79.970652,40.368575],[-79.971009,40.367896],[-79.971395,40.367443],[-79.972643,40.366922],[-79.972584,40.367466],[-79.974039,40.368643],[-79.974307,40.368235],[-79.975168,40.367715],[-79.97603,40.367307],[-79.976594,40.366968],[-79.977944,40.366333]]]]},"properties":{"grade":"B","id":"B20","name":null}},{"type":"Feature","geometry":{"type":"MultiPolygon","coordinates":[[[[-79.970741,40.395212],[-79.970177,40.394465],[-79.969315,40.393696],[-79.968513,40.393085],[-79.968097,40.39261],[-79.967889,40.391388],[-79.967741,40.390415],[-79.968008,40.388695],[-79.967681,40.388333],[-79.968186,40.386568],[-79.968038,40.386296],[-79.96783,40.386251],[-79.967028,40.386296],[-79.96682,40.386228],[-79.966701,40.385663],[-79.966909,40.384667],[-79.966731,40.383784],[-79.966523,40.383377],[-79.966018,40.382698],[-79.96578,40.382313],[-79.965572,40.381589],[-79.965691,40.381136],[-79.966344,40.380525],[-79.965721,40.380344],[-79.9648,40.380028],[-79.964294,40.379711],[-79.964294,40.378919],[-79.964651,40.377877],[-79.965067,40.377017],[-79.966077,40.37627],[-79.96376,40.371449],[-79.964116,40.371223],[-79.965245,40.371087],[-79.966226,40.371042],[-79.967384,40.371019],[-79.96881,40.370748],[-79.969315,40.371789],[-79.971365,40.374052],[-79.96884,40.374618],[-79.968662,40.376655],[-79.968573,40.377606],[-79.969137,40.378511],[-79.970563,40.379937],[-79.975228,40.383807],[-79.975762,40.383943],[-79.977664,40.383649],[-79.98016,40.383332],[-79.981645,40.383083],[-79.982655,40.382743],[-79.983546,40.381838],[-79.983725,40.381453],[-79.9842,40.381227],[-79.984913,40.381069],[-79.986012,40.381159],[-79.986666,40.381227],[-79.987231,40.381318],[-79.987884,40.381295],[-79.988211,40.38306],[-79.987439,40.38306],[-79.987617,40.38392],[-79.990439,40.383762],[-79.990647,40.382178],[-79.989102,40.3822],[-79.989518,40.379552],[-79.993083,40.379711],[-79.994064,40.380095],[-79.994747,40.380661],[-79.995031,40.380855],[-79.995609,40.38125],[-79.996114,40.382336],[-79.996233,40.383015],[-79.996114,40.383671],[-79.995876,40.384169],[-79.996054,40.38469],[-79.996233,40.385323],[-79.99653,40.385866],[-79.99757,40.387066],[-79.998194,40.388197],[-79.998669,40.389261],[-79.998936,40.39046],[-79.998877,40.391229],[-79.998728,40.392021],[-79.99855,40.392632],[-79.998609,40.393153],[-79.998728,40.393832],[-79.998788,40.394714],[-79.998728,40.39528],[-79.998758,40.396094],[-79.997956,40.396207],[-79.997837,40.396434],[-79.997896,40.396705],[-79.998164,40.397294],[-79.998015,40.398674],[-79.998045,40.400167],[-79.998461,40.400868],[-79.99858,40.40123],[-79.998342,40.401796],[-79.997778,40.402067],[-79.996797,40.402497],[-79.995549,40.40261],[-79.992519,40.403199],[-79.993291,40.404714],[-79.992935,40.405076],[-79.991746,40.405393],[-79.992281,40.405846],[-79.992578,40.40623],[-79.992638,40.406728],[-79.992459,40.40718],[-79.992786,40.407316],[-79.993351,40.407429],[-79.994569,40.407565],[-79.99552,40.408017],[-79.995906,40.408538],[-79.996233,40.40856],[-79.996738,40.408696],[-79.996855,40.411223],[-79.996956,40.413394],[-79.997005,40.414442],[-79.987973,40.414668],[-79.987914,40.414012],[-79.981972,40.414148],[-79.981615,40.411818],[-79.981675,40.409827],[-79.98212,40.409081],[-79.982923,40.408244],[-79.984735,40.406886],[-79.98521,40.406298],[-79.985359,40.405506],[-79.98524,40.405076],[-79.984616,40.403923],[-79.982923,40.4008],[-79.986488,40.400303],[-79.986102,40.399013],[-79.98527,40.397882],[-79.984883,40.397067],[-79.984378,40.396117],[-79.982091,40.396773],[-79.980694,40.394216],[-79.980843,40.392157],[-79.979773,40.393221],[-79.979476,40.392497],[-79.977931,40.392723],[-79.977248,40.392859],[-79.977248,40.393153],[-79.977159,40.393605],[-79.976654,40.394013],[-79.976238,40.394013],[-79.975287,40.393922],[-79.974336,40.39399],[-79.974039,40.394126],[-79.973594,40.394578],[-79.970741,40.395212]],[[-79.989757,40.400797],[-79.990399,40.403143],[-79.99135,40.402723],[-79.991958,40.402477],[-79.992567,40.402245],[-79.994944,40.402057],[-79.995685,40.401999],[-79.996712,40.401435],[-79.996674,40.399639],[-79.989757,40.400797]],[[-79.97694,40.388678],[-79.97719,40.39009],[-79.979008,40.390117],[-79.97902,40.390126],[-79.979026,40.390117],[-79.981123,40.386958],[-79.980612,40.386904],[-79.978877,40.386062],[-79.97694,40.388678]]]]},"properties":{"grade":"B","id":"B21","name":null}},{"type":"Feature","geometry":{"type":"MultiPolygon","coordinates":[[[[-80.032064,40.400752],[-80.032659,40.400277],[-80.032807,40.400006],[-80.031084,40.398739],[-80.03147,40.398196],[-80.030935,40.397698],[-80.02948,40.397042],[-80.028083,40.39582],[-80.027816,40.395639],[-80.027162,40.395707],[-80.026717,40.39591],[-80.026182,40.396227],[-80.025473,40.396695],[-80.025291,40.396815],[-80.024964,40.396747],[-80.024786,40.397834],[-80.022201,40.399711],[-80.021191,40.39996],[-80.020567,40.399915],[-80.019705,40.399689],[-80.019022,40.399259],[-80.016912,40.397449],[-80.015813,40.396838],[-80.014654,40.396566],[-80.014179,40.39625],[-80.014001,40.396023],[-80.012931,40.394462],[-80.013264,40.392],[-80.013121,40.391638],[-80.012789,40.39124],[-80.011743,40.39095],[-80.010602,40.39048],[-80.009841,40.389756],[-80.009176,40.38914],[-80.008637,40.388524],[-80.008751,40.38618],[-80.009969,40.385863],[-80.00985,40.38489],[-80.009939,40.383238],[-80.010118,40.38274],[-80.010534,40.382627],[-80.011128,40.38274],[-80.013118,40.38308],[-80.013861,40.383238],[-80.014752,40.383351],[-80.016208,40.383397],[-80.017783,40.386203],[-80.018942,40.38661],[-80.019744,40.387153],[-80.020279,40.387379],[-80.020694,40.387402],[-80.021556,40.387312],[-80.027855,40.391],[-80.028478,40.391045],[-80.029429,40.391045],[-80.029964,40.391045],[-80.033945,40.389575],[-80.03445,40.389099],[-80.034539,40.387131],[-80.03549,40.384822],[-80.031598,40.380839],[-80.031093,40.380024],[-80.029578,40.37878],[-80.022536,40.374774],[-80.024497,40.373099],[-80.024973,40.373235],[-80.02527,40.373506],[-80.025597,40.373733],[-80.025983,40.3738],[-80.02625,40.373642],[-80.026746,40.373189],[-80.027935,40.372465],[-80.028737,40.372171],[-80.029747,40.372148],[-80.030312,40.372012],[-80.030876,40.371492],[-80.031233,40.371288],[-80.031767,40.371107],[-80.033134,40.370948],[-80.033312,40.371243],[-80.034114,40.37208],[-80.034441,40.372601],[-80.035481,40.373846],[-80.036372,40.375453],[-80.03664,40.376132],[-80.036937,40.378599],[-80.037204,40.379527],[-80.037531,40.380341],[-80.037858,40.382175],[-80.039551,40.382763],[-80.03973,40.38308],[-80.03967,40.384257],[-80.04279,40.388058],[-80.043146,40.387787],[-80.043622,40.386859],[-80.044394,40.386927],[-80.046563,40.386768],[-80.04784,40.386655],[-80.04891,40.386452],[-80.050455,40.385954],[-80.05304,40.385049],[-80.055476,40.384868],[-80.055892,40.385863],[-80.057615,40.388647],[-80.058477,40.389846],[-80.058447,40.39048],[-80.057734,40.391136],[-80.057229,40.391362],[-80.056011,40.39143],[-80.054703,40.391521],[-80.053574,40.391837],[-80.052653,40.391837],[-80.052208,40.392177],[-80.053337,40.393738],[-80.053337,40.394168],[-80.052713,40.394643],[-80.051911,40.395277],[-80.051346,40.395548],[-80.050128,40.39582],[-80.048702,40.396204],[-80.047454,40.396453],[-80.046117,40.39634],[-80.046028,40.395458],[-80.046088,40.394259],[-80.045553,40.393127],[-80.042017,40.394688],[-80.041631,40.39505],[-80.041631,40.395458],[-80.041898,40.395933],[-80.042582,40.396476],[-80.042671,40.396883],[-80.04273,40.3972],[-80.043027,40.397585],[-80.042819,40.398716],[-80.042552,40.399168],[-80.041037,40.400481],[-80.040076,40.400875],[-80.039878,40.400956],[-80.038304,40.402336],[-80.037056,40.403309],[-80.036254,40.403807],[-80.03563,40.403874],[-80.034798,40.403716],[-80.034025,40.403535],[-80.03358,40.403603],[-80.032064,40.400752]]]]},"properties":{"grade":"B","id":"B22","name":null}},{"type":"Feature","geometry":{"type":"MultiPolygon","coordinates":[[[[-80.084617,40.417923],[-80.087024,40.417494],[-80.087796,40.418534],[-80.088034,40.41876],[-80.08845,40.418964],[-80.089014,40.418851],[-80.08946,40.418896],[-80.093203,40.422357],[-80.094867,40.427084],[-80.0946,40.427174],[-80.091629,40.426292],[-80.089074,40.430137],[-80.087618,40.431539],[-80.086845,40.431991],[-80.086905,40.432262],[-80.087232,40.432692],[-80.087321,40.433303],[-80.087053,40.4338],[-80.086578,40.434094],[-80.086073,40.434162],[-80.085509,40.434026],[-80.085182,40.433868],[-80.084587,40.434479],[-80.084261,40.435338],[-80.083964,40.436175],[-80.084053,40.436695],[-80.084053,40.437215],[-80.083815,40.437667],[-80.083429,40.437871],[-80.081141,40.43726],[-80.080606,40.436989],[-80.080161,40.436423],[-80.080012,40.436084],[-80.080488,40.433664],[-80.080785,40.432986],[-80.081676,40.432308],[-80.08328,40.431561],[-80.085063,40.430747],[-80.085746,40.430385],[-80.086816,40.430046],[-80.087707,40.429458],[-80.087974,40.428983],[-80.088361,40.428124],[-80.088806,40.425546],[-80.088717,40.424324],[-80.088272,40.423601],[-80.087024,40.421904],[-80.086459,40.420796],[-80.08634,40.419869],[-80.085687,40.419054],[-80.084974,40.418511],[-80.084617,40.417923]]]]},"properties":{"grade":"B","id":"B23","name":null}},{"type":"Feature","geometry":{"type":"MultiPolygon","coordinates":[[[[-80.055457,40.447706],[-80.055695,40.447684],[-80.056259,40.447345],[-80.057091,40.446847],[-80.057685,40.446621],[-80.058576,40.446463],[-80.057596,40.445558],[-80.057477,40.44531],[-80.057626,40.44479],[-80.056586,40.444677],[-80.054417,40.444021],[-80.054625,40.443772],[-80.053526,40.443501],[-80.052726,40.443193],[-80.051895,40.442874],[-80.050644,40.442393],[-80.049691,40.442074],[-80.048562,40.441696],[-80.048416,40.441647],[-80.047316,40.441059],[-80.046009,40.440313],[-80.046752,40.440064],[-80.049485,40.439838],[-80.049099,40.438165],[-80.05002,40.438232],[-80.050139,40.437283],[-80.051268,40.43717],[-80.050703,40.435971],[-80.050703,40.435361],[-80.050287,40.434366],[-80.052248,40.43423],[-80.054209,40.434388],[-80.05415,40.431426],[-80.054417,40.430634],[-80.054892,40.430069],[-80.055665,40.430544],[-80.057373,40.431109],[-80.057611,40.431019],[-80.057997,40.430295],[-80.058918,40.428983],[-80.058918,40.428621],[-80.058799,40.428282],[-80.058502,40.42792],[-80.059601,40.426224],[-80.063761,40.426315],[-80.064801,40.425998],[-80.0659,40.425116],[-80.067148,40.42351],[-80.068366,40.424211],[-80.069554,40.424912],[-80.069614,40.425387],[-80.069435,40.42584],[-80.069019,40.426563],[-80.068841,40.427129],[-80.068901,40.427604],[-80.067029,40.428463],[-80.067029,40.429074],[-80.066969,40.429775],[-80.066494,40.430566],[-80.066643,40.430725],[-80.068752,40.43138],[-80.069109,40.430544],[-80.070267,40.428644],[-80.071664,40.426993],[-80.072793,40.426088],[-80.074575,40.425229],[-80.076833,40.424324],[-80.078051,40.423736],[-80.079448,40.423601],[-80.084142,40.423329],[-80.084914,40.424935],[-80.08536,40.425975],[-80.085509,40.426789],[-80.084766,40.427988],[-80.083132,40.427264],[-80.078616,40.429051],[-80.07612,40.430363],[-80.075467,40.431064],[-80.074338,40.432127],[-80.074352,40.432828],[-80.07459,40.433484],[-80.075125,40.434637],[-80.075719,40.435745],[-80.076402,40.436898],[-80.077264,40.437757],[-80.078749,40.438888],[-80.080086,40.440019],[-80.080384,40.440087],[-80.081958,40.440358],[-80.08276,40.440539],[-80.083473,40.441353],[-80.0838,40.44185],[-80.084068,40.442506],[-80.084989,40.443388],[-80.080651,40.445649],[-80.07973,40.444066],[-80.079047,40.44332],[-80.079552,40.442687],[-80.078868,40.441556],[-80.076907,40.442099],[-80.078512,40.446169],[-80.079136,40.446214],[-80.080176,40.446305],[-80.081007,40.446644],[-80.081631,40.447051],[-80.083028,40.448362],[-80.08077,40.450238],[-80.083919,40.452771],[-80.082612,40.453991],[-80.081602,40.454963],[-80.080859,40.455506],[-80.080384,40.455551],[-80.079849,40.455845],[-80.078957,40.456478],[-80.078274,40.456772],[-80.077769,40.456682],[-80.076997,40.456614],[-80.076462,40.456682],[-80.076343,40.456795],[-80.076076,40.457043],[-80.075719,40.457631],[-80.075125,40.458241],[-80.073877,40.458535],[-80.070787,40.458513],[-80.070401,40.458603],[-80.066984,40.457541],[-80.064013,40.458874],[-80.061666,40.456569],[-80.060359,40.457676],[-80.059319,40.458038],[-80.05816,40.458196],[-80.057804,40.458377],[-80.057863,40.45858],[-80.05816,40.459191],[-80.05721,40.459575],[-80.055219,40.459507],[-80.054061,40.459191],[-80.052991,40.458716],[-80.052456,40.458332],[-80.051684,40.457563],[-80.050495,40.45641],[-80.048802,40.45433],[-80.049337,40.453268],[-80.051119,40.453901],[-80.051535,40.454511],[-80.052932,40.456252],[-80.054209,40.45745],[-80.057804,40.455506],[-80.058398,40.453404],[-80.064429,40.449696],[-80.065142,40.450103],[-80.06541,40.450171],[-80.065737,40.44999],[-80.066539,40.448724],[-80.067608,40.449085],[-80.068797,40.448],[-80.065677,40.445739],[-80.064578,40.446644],[-80.06336,40.447932],[-80.061815,40.44947],[-80.060775,40.450148],[-80.059587,40.451075],[-80.058814,40.451572],[-80.057537,40.452025],[-80.055368,40.45259],[-80.055873,40.451052],[-80.0551,40.450397],[-80.054506,40.449764],[-80.054714,40.449108],[-80.05513,40.448611],[-80.055457,40.447706]]]]},"properties":{"grade":"B","id":"B24","name":null}},{"type":"Feature","geometry":{"type":"MultiPolygon","coordinates":[[[[-80.09511,40.413643],[-80.091878,40.415109],[-80.087623,40.416448],[-80.086696,40.415797],[-80.084771,40.414982],[-80.086577,40.412195],[-80.088146,40.410494],[-80.08855,40.410295],[-80.089881,40.409987],[-80.092923,40.409933],[-80.093755,40.410205],[-80.093993,40.410404],[-80.09511,40.413643]]]]},"properties":{"grade":"B","id":"B25","name":null}},{"type":"Feature","geometry":{"type":"MultiPolygon","coordinates":[[[[-80.125274,40.441583],[-80.124964,40.441614],[-80.121637,40.441682],[-80.119438,40.441705],[-80.116794,40.441705],[-80.116794,40.442971],[-80.114655,40.443061],[-80.114536,40.440981],[-80.116259,40.440777],[-80.115992,40.437114],[-80.115814,40.436368],[-80.115932,40.434649],[-80.117477,40.434808],[-80.117567,40.433225],[-80.115873,40.433202],[-80.117121,40.431393],[-80.115576,40.43137],[-80.115695,40.428611],[-80.115576,40.427865],[-80.115517,40.427413],[-80.115338,40.427006],[-80.114358,40.426621],[-80.11409,40.426531],[-80.11409,40.426372],[-80.116853,40.425694],[-80.116467,40.424631],[-80.116705,40.423658],[-80.118844,40.423319],[-80.12024,40.422957],[-80.121845,40.422324],[-80.122736,40.423455],[-80.124103,40.423002],[-80.125024,40.424427],[-80.126004,40.427119],[-80.126955,40.427028],[-80.128232,40.430715],[-80.128203,40.431416],[-80.127965,40.432569],[-80.127579,40.433881],[-80.127193,40.436368],[-80.126212,40.4363],[-80.125915,40.438765],[-80.125618,40.44071],[-80.125274,40.441583]]]]},"properties":{"grade":"B","id":"B26","name":null}},{"type":"Feature","geometry":{"type":"MultiPolygon","coordinates":[[[[-80.12454,40.399483],[-80.124576,40.399754],[-80.124897,40.399727],[-80.127428,40.399483],[-80.128533,40.400406],[-80.129246,40.400542],[-80.129853,40.400569],[-80.131172,40.400786],[-80.131671,40.401112],[-80.131493,40.401519],[-80.129817,40.402144],[-80.130958,40.40418],[-80.131706,40.40399],[-80.132705,40.403664],[-80.134559,40.402877],[-80.135521,40.402822],[-80.135985,40.403148],[-80.136341,40.403691],[-80.13684,40.404804],[-80.133703,40.406216],[-80.132206,40.407709],[-80.133346,40.409446],[-80.13135,40.410144],[-80.131243,40.409881],[-80.127678,40.410804],[-80.121546,40.399782],[-80.121867,40.399564],[-80.122544,40.399429],[-80.12454,40.399483]]]]},"properties":{"grade":"B","id":"B27","name":null}},{"type":"Feature","geometry":{"type":"MultiPolygon","coordinates":[[[[-80.031101,40.479068],[-80.031546,40.480198],[-80.032081,40.480718],[-80.032497,40.481034],[-80.033656,40.48169],[-80.035231,40.481418],[-80.036181,40.48117],[-80.036924,40.480718],[-80.037488,40.480108],[-80.037667,40.479204],[-80.037459,40.478368],[-80.037399,40.477577],[-80.037399,40.477328],[-80.037994,40.476831],[-80.038202,40.476718],[-80.039241,40.476514],[-80.040044,40.479452],[-80.040994,40.479385],[-80.041737,40.481667],[-80.04548,40.482684],[-80.046639,40.482978],[-80.046936,40.483271],[-80.04548,40.485802],[-80.046104,40.486096],[-80.042688,40.489418],[-80.043133,40.489756],[-80.042717,40.490208],[-80.042064,40.490638],[-80.040786,40.491406],[-80.041262,40.492942],[-80.041172,40.493281],[-80.040667,40.493665],[-80.039093,40.494095],[-80.037934,40.494592],[-80.037696,40.494298],[-80.037726,40.493733],[-80.037013,40.493733],[-80.035825,40.493756],[-80.035141,40.493982],[-80.034517,40.494275],[-80.034191,40.494434],[-80.033775,40.494524],[-80.033032,40.494524],[-80.032378,40.49423],[-80.031844,40.494275],[-80.031814,40.494569],[-80.032141,40.495428],[-80.032438,40.497099],[-80.027625,40.497777],[-80.027328,40.496535],[-80.026436,40.495044],[-80.027417,40.494659],[-80.0281,40.494117],[-80.028962,40.493485],[-80.029734,40.493168],[-80.030566,40.493168],[-80.031576,40.493236],[-80.032824,40.493417],[-80.031903,40.491858],[-80.031962,40.491474],[-80.031546,40.491338],[-80.03012,40.491338],[-80.028397,40.491338],[-80.028457,40.489485],[-80.029764,40.487384],[-80.03018,40.486796],[-80.030002,40.486525],[-80.029229,40.485757],[-80.028516,40.485057],[-80.02816,40.484288],[-80.028219,40.483994],[-80.028219,40.482548],[-80.02813,40.481509],[-80.029199,40.481373],[-80.028902,40.479588],[-80.029467,40.479249],[-80.031101,40.479068]]]]},"properties":{"grade":"B","id":"B3","name":null}},{"type":"Feature","geometry":{"type":"MultiPolygon","coordinates":[[[[-80.027417,40.494659],[-80.026436,40.495044],[-80.023061,40.495495],[-80.022942,40.495179],[-80.02217,40.494321],[-80.021843,40.494592],[-80.020982,40.495699],[-80.020595,40.496783],[-80.020477,40.498003],[-80.0211,40.498929],[-80.021992,40.49972],[-80.022764,40.500285],[-80.023418,40.50094],[-80.024933,40.499991],[-80.027369,40.502205],[-80.025319,40.503628],[-80.023091,40.503945],[-80.022527,40.503086],[-80.021695,40.502567],[-80.019674,40.50155],[-80.019258,40.501708],[-80.018278,40.502115],[-80.016822,40.502476],[-80.015664,40.502567],[-80.01501,40.502521],[-80.013495,40.502137],[-80.01397,40.501053],[-80.011118,40.500308],[-80.010999,40.496264],[-80.012009,40.496377],[-80.014416,40.496309],[-80.015248,40.496738],[-80.015901,40.496941],[-80.017179,40.497054],[-80.01703,40.496038],[-80.015812,40.494818],[-80.014148,40.494885],[-80.014,40.492603],[-80.013762,40.492513],[-80.013406,40.492332],[-80.012693,40.492287],[-80.011831,40.492423],[-80.011415,40.492536],[-80.011058,40.493394],[-80.008682,40.493191],[-80.008593,40.492581],[-80.008593,40.491971],[-80.008385,40.491316],[-80.008385,40.490931],[-80.007553,40.490977],[-80.007345,40.490886],[-80.006275,40.491135],[-80.00473,40.490864],[-80.004433,40.490638],[-80.004017,40.490208],[-80.00372,40.489553],[-80.003393,40.488943],[-80.003334,40.487813],[-80.004552,40.487565],[-80.003393,40.485124],[-80.004166,40.484785],[-80.003869,40.484333],[-80.00369,40.483859],[-80.003631,40.483204],[-80.004017,40.483068],[-80.005206,40.482639],[-80.006097,40.482526],[-80.006691,40.482661],[-80.006959,40.483339],[-80.006899,40.484266],[-80.007939,40.486028],[-80.011504,40.485328],[-80.010999,40.485011],[-80.010435,40.484537],[-80.0099,40.484085],[-80.009662,40.483723],[-80.009424,40.482865],[-80.009187,40.482593],[-80.00886,40.482119],[-80.008622,40.48169],[-80.00785,40.481531],[-80.008563,40.477192],[-80.008503,40.476153],[-80.008295,40.475723],[-80.008028,40.47543],[-80.007523,40.475],[-80.006899,40.474345],[-80.006364,40.473509],[-80.006008,40.472763],[-80.005711,40.471542],[-80.005414,40.471339],[-80.004641,40.470751],[-80.004463,40.470367],[-80.004374,40.469599],[-80.004136,40.468717],[-80.00378,40.467858],[-80.003661,40.467384],[-80.004017,40.467045],[-80.003245,40.466502],[-80.00274,40.464603],[-80.005473,40.464197],[-80.006988,40.463631],[-80.006899,40.462931],[-80.007018,40.462388],[-80.007731,40.462049],[-80.009127,40.46171],[-80.010019,40.461688],[-80.010435,40.462094],[-80.011088,40.464129],[-80.014297,40.463225],[-80.014386,40.465056],[-80.018159,40.463835],[-80.018664,40.464988],[-80.018337,40.46544],[-80.017327,40.466321],[-80.01605,40.466864],[-80.013792,40.467542],[-80.013851,40.467994],[-80.013851,40.468785],[-80.014148,40.469237],[-80.014624,40.469169],[-80.015099,40.468491],[-80.015812,40.468288],[-80.016258,40.468491],[-80.016555,40.468875],[-80.01706,40.470525],[-80.015515,40.471701],[-80.015456,40.472469],[-80.017535,40.472356],[-80.017624,40.474322],[-80.01703,40.474435],[-80.016406,40.47448],[-80.015604,40.474593],[-80.015337,40.474661],[-80.015277,40.474932],[-80.015337,40.475249],[-80.015782,40.475543],[-80.016377,40.475882],[-80.016733,40.476401],[-80.016644,40.476853],[-80.015812,40.477464],[-80.014683,40.477622],[-80.014178,40.477848],[-80.013614,40.478707],[-80.013079,40.479272],[-80.01299,40.479633],[-80.013227,40.479769],[-80.013643,40.480175],[-80.01397,40.480921],[-80.014089,40.482548],[-80.013762,40.483091],[-80.013881,40.483317],[-80.014445,40.483814],[-80.015753,40.482865],[-80.017595,40.481938],[-80.017327,40.483158],[-80.01703,40.484469],[-80.017119,40.485328],[-80.017535,40.486186],[-80.018278,40.486299],[-80.01911,40.486638],[-80.019853,40.487113],[-80.020298,40.487407],[-80.021011,40.487248],[-80.021487,40.487452],[-80.02217,40.487429],[-80.022319,40.487226],[-80.022319,40.486706],[-80.022378,40.48639],[-80.022675,40.486006],[-80.02321,40.485802],[-80.023804,40.485938],[-80.024279,40.48587],[-80.025082,40.485283],[-80.025884,40.487181],[-80.026626,40.488039],[-80.027963,40.491067],[-80.027815,40.493033],[-80.027417,40.494659]]]]},"properties":{"grade":"B","id":"B4","name":null}},{"type":"Feature","geometry":{"type":"MultiPolygon","coordinates":[[[[-79.970483,40.498376],[-79.972718,40.498449],[-79.972955,40.501051],[-79.963733,40.501124],[-79.963448,40.498485],[-79.970483,40.498376]]]]},"properties":{"grade":"B","id":"B5","name":null}},{"type":"Feature","geometry":{"type":"MultiPolygon","coordinates":[[[[-79.958189,40.525168],[-79.951325,40.52524],[-79.951249,40.521959],[-79.953435,40.52115],[-79.953987,40.520846],[-79.95431,40.520586],[-79.955127,40.520557],[-79.955641,40.520572],[-79.956287,40.520875],[-79.956668,40.521092],[-79.95642,40.518129],[-79.95334,40.518042],[-79.953549,40.517666],[-79.953796,40.516944],[-79.953911,40.516423],[-79.953549,40.515961],[-79.951667,40.514313],[-79.951667,40.514096],[-79.951895,40.513879],[-79.952313,40.513677],[-79.952941,40.513619],[-79.953796,40.513532],[-79.956059,40.513041],[-79.955204,40.511292],[-79.960242,40.50986],[-79.960585,40.511364],[-79.959862,40.511667],[-79.959254,40.511826],[-79.958037,40.512405],[-79.958645,40.514761],[-79.958797,40.515787],[-79.958778,40.518693],[-79.958873,40.519358],[-79.959235,40.520022],[-79.959235,40.520731],[-79.959463,40.522017],[-79.959957,40.522682],[-79.959273,40.523434],[-79.95817,40.524445],[-79.958189,40.525168]]]]},"properties":{"grade":"B","id":"B6","name":null}},{"type":"Feature","geometry":{"type":"MultiPolygon","coordinates":[[[[-79.896797,40.48984],[-79.899958,40.490509],[-79.900956,40.490581],[-79.907706,40.492515],[-79.907991,40.495913],[-79.907231,40.496094],[-79.906328,40.496401],[-79.905805,40.496799],[-79.905306,40.497106],[-79.904925,40.498155],[-79.904854,40.498823],[-79.90445,40.499456],[-79.902287,40.499745],[-79.902097,40.499203],[-79.901693,40.498444],[-79.901408,40.497757],[-79.901336,40.497269],[-79.901265,40.494937],[-79.901194,40.494684],[-79.900623,40.494142],[-79.898983,40.493293],[-79.898246,40.493293],[-79.8977,40.493238],[-79.897129,40.493021],[-79.896797,40.492786],[-79.896583,40.492154],[-79.896797,40.48984]]]]},"properties":{"grade":"B","id":"B7","name":null}},{"type":"Feature","geometry":{"type":"MultiPolygon","coordinates":[[[[-79.8346,40.507637],[-79.836811,40.507692],[-79.840055,40.50742],[-79.841767,40.50761],[-79.841553,40.508532],[-79.841339,40.514034],[-79.840768,40.51669],[-79.840305,40.518588],[-79.840233,40.519726],[-79.840269,40.522328],[-79.839841,40.52352],[-79.838593,40.523357],[-79.838451,40.525959],[-79.835314,40.526067],[-79.8346,40.507637]]]]},"properties":{"grade":"B","id":"B8","name":null}},{"type":"Feature","geometry":{"type":"MultiPolygon","coordinates":[[[[-79.922477,40.486196],[-79.924894,40.483696],[-79.925874,40.483312],[-79.926944,40.48286],[-79.927657,40.482431],[-79.928578,40.479854],[-79.928714,40.479153],[-79.928815,40.478634],[-79.928905,40.478182],[-79.929142,40.477707],[-79.929647,40.476781],[-79.930481,40.473187],[-79.931342,40.473616],[-79.932678,40.475922],[-79.933004,40.477007],[-79.933094,40.478137],[-79.933212,40.479154],[-79.93348,40.479674],[-79.934123,40.480185],[-79.93442,40.480546],[-79.935698,40.480976],[-79.93455,40.48252],[-79.931668,40.481368],[-79.93035,40.484117],[-79.92934,40.485608],[-79.927498,40.484388],[-79.923962,40.487167],[-79.922477,40.486196]]]]},"properties":{"grade":"B","id":"B9","name":null}},{"type":"Feature","geometry":{"type":"MultiPolygon","coordinates":[[[[-80.106563,40.516788],[-80.101358,40.515704],[-80.100692,40.515216],[-80.099932,40.515144],[-80.099314,40.514873],[-80.095535,40.515054],[-80.092017,40.513698],[-80.088808,40.513951],[-80.088666,40.512958],[-80.088285,40.511639],[-80.08819,40.510771],[-80.088167,40.510337],[-80.088476,40.509831],[-80.088618,40.509416],[-80.088618,40.509054],[-80.088499,40.508693],[-80.087929,40.507374],[-80.087881,40.505115],[-80.089949,40.505784],[-80.090876,40.506018],[-80.091185,40.506235],[-80.091209,40.506615],[-80.090496,40.507645],[-80.090496,40.507934],[-80.090924,40.508422],[-80.091304,40.508639],[-80.091613,40.508657],[-80.09273,40.50853],[-80.095083,40.508567],[-80.095796,40.508567],[-80.096271,40.508603],[-80.096438,40.508874],[-80.096509,40.509109],[-80.096628,40.510012],[-80.098529,40.510211],[-80.101691,40.511187],[-80.101524,40.509687],[-80.105042,40.51097],[-80.104638,40.512379],[-80.10497,40.513518],[-80.105256,40.513897],[-80.10604,40.514295],[-80.106397,40.51471],[-80.106492,40.51518],[-80.106563,40.516788]]]]},"properties":{"grade":"C","id":"C1","name":null}},{"type":"Feature","geometry":{"type":"MultiPolygon","coordinates":[[[[-79.843549,40.515091],[-79.843121,40.517016],[-79.842979,40.517395],[-79.842658,40.517937],[-79.842337,40.518588],[-79.842337,40.518994],[-79.842301,40.52081],[-79.842266,40.521596],[-79.841767,40.523466],[-79.841267,40.524523],[-79.840768,40.526013],[-79.838451,40.525959],[-79.838593,40.523357],[-79.839841,40.52352],[-79.840269,40.522328],[-79.840233,40.519726],[-79.840305,40.518588],[-79.840768,40.51669],[-79.841339,40.514034],[-79.841553,40.508532],[-79.841767,40.50761],[-79.840055,40.50742],[-79.836811,40.507692],[-79.8346,40.507637],[-79.834814,40.501565],[-79.837132,40.502351],[-79.838843,40.503083],[-79.839592,40.503354],[-79.840269,40.503409],[-79.84116,40.503409],[-79.841873,40.503409],[-79.842979,40.503517],[-79.844227,40.503951],[-79.843941,40.506797],[-79.842907,40.506851],[-79.8428,40.511351],[-79.843407,40.512137],[-79.843549,40.515091]]]]},"properties":{"grade":"C","id":"C10","name":null}},{"type":"Feature","geometry":{"type":"MultiPolygon","coordinates":[[[[-79.86576,40.486979],[-79.865404,40.493622],[-79.864263,40.493974],[-79.863336,40.494408],[-79.862516,40.495059],[-79.862338,40.495763],[-79.862195,40.498881],[-79.859486,40.499586],[-79.859486,40.501457],[-79.859557,40.503165],[-79.859557,40.504764],[-79.859236,40.505496],[-79.859272,40.506553],[-79.858915,40.506878],[-79.858238,40.507068],[-79.857739,40.507122],[-79.857346,40.506933],[-79.857097,40.506526],[-79.85699,40.506282],[-79.855778,40.506201],[-79.854886,40.506038],[-79.853139,40.505821],[-79.853175,40.504628],[-79.852819,40.50414],[-79.851999,40.503734],[-79.851321,40.503598],[-79.851,40.503137],[-79.851428,40.501592],[-79.852141,40.499478],[-79.852676,40.497634],[-79.853353,40.497092],[-79.861411,40.491344],[-79.862623,40.490178],[-79.862801,40.489772],[-79.862801,40.489365],[-79.862409,40.488768],[-79.862195,40.488389],[-79.86437,40.48725],[-79.86576,40.486979]]]]},"properties":{"grade":"C","id":"C11","name":null}},{"type":"Feature","geometry":{"type":"MultiPolygon","coordinates":[[[[-79.922477,40.486196],[-79.923962,40.487167],[-79.927498,40.484388],[-79.92934,40.485608],[-79.93035,40.484117],[-79.931271,40.484139],[-79.931746,40.484094],[-79.932222,40.484072],[-79.93344,40.484162],[-79.934153,40.483055],[-79.93455,40.48252],[-79.935698,40.480976],[-79.93442,40.480546],[-79.934123,40.480185],[-79.934361,40.479733],[-79.935133,40.478603],[-79.935638,40.478083],[-79.936678,40.47788],[-79.93751,40.478241],[-79.938312,40.478693],[-79.938728,40.479055],[-79.938817,40.479733],[-79.938609,40.480501],[-79.941551,40.481157],[-79.943868,40.47858],[-79.94467,40.47788],[-79.946423,40.477315],[-79.947017,40.477315],[-79.948443,40.478241],[-79.950761,40.477157],[-79.952306,40.477563],[-79.954029,40.477089],[-79.955782,40.478151],[-79.953791,40.481428],[-79.95287,40.482015],[-79.948443,40.484478],[-79.945621,40.485088],[-79.945502,40.484998],[-79.944789,40.48423],[-79.943571,40.484026],[-79.943096,40.484252],[-79.940125,40.485879],[-79.938223,40.485427],[-79.935133,40.484343],[-79.934361,40.485608],[-79.932846,40.487054],[-79.931122,40.488184],[-79.9283,40.489291],[-79.926607,40.489427],[-79.925893,40.489314],[-79.924675,40.48902],[-79.923279,40.488659],[-79.922358,40.488388],[-79.920991,40.488207],[-79.919955,40.488163],[-79.919981,40.488026],[-79.919981,40.487755],[-79.920367,40.487529],[-79.920991,40.487122],[-79.921764,40.486919],[-79.922477,40.486196]]]]},"properties":{"grade":"C","id":"C12","name":null}},{"type":"Feature","geometry":{"type":"MultiPolygon","coordinates":[[[[-79.94735,40.465796],[-79.948033,40.461252],[-79.939923,40.456505],[-79.933683,40.458359],[-79.933981,40.457522],[-79.933891,40.45707],[-79.933297,40.456347],[-79.931307,40.457455],[-79.930029,40.457748],[-79.929257,40.4575],[-79.92896,40.457274],[-79.927385,40.457952],[-79.925899,40.458155],[-79.923731,40.458201],[-79.922512,40.457929],[-79.920819,40.457138],[-79.919007,40.456505],[-79.919298,40.455908],[-79.919393,40.455714],[-79.921383,40.456392],[-79.922305,40.456663],[-79.922542,40.456324],[-79.924295,40.456731],[-79.925662,40.456754],[-79.927712,40.456618],[-79.928752,40.456053],[-79.929465,40.455556],[-79.930415,40.455081],[-79.93101,40.455804],[-79.931574,40.454855],[-79.933137,40.454131],[-79.932245,40.451803],[-79.935454,40.450831],[-79.937302,40.454074],[-79.937682,40.454742],[-79.938395,40.454697],[-79.938841,40.45542],[-79.940535,40.454945],[-79.941693,40.454991],[-79.942971,40.455601],[-79.944783,40.456483],[-79.946061,40.45707],[-79.94861,40.457839],[-79.950006,40.458562],[-79.950571,40.458065],[-79.951046,40.457997],[-79.951818,40.458133],[-79.952769,40.458427],[-79.953126,40.458856],[-79.953898,40.459353],[-79.954373,40.460054],[-79.955443,40.460891],[-79.956097,40.461139],[-79.95681,40.461456],[-79.957582,40.461456],[-79.95886,40.46123],[-79.960821,40.460958],[-79.962989,40.460778],[-79.964475,40.460823],[-79.965574,40.460823],[-79.96602,40.461094],[-79.966584,40.461365],[-79.966626,40.46181],[-79.967071,40.462624],[-79.966477,40.463483],[-79.965319,40.464794],[-79.963655,40.46737],[-79.961914,40.468794],[-79.960815,40.469585],[-79.958706,40.472943],[-79.957707,40.472282],[-79.956905,40.472983],[-79.953993,40.470972],[-79.95555,40.469503],[-79.952846,40.46792],[-79.952193,40.466112],[-79.949459,40.466203],[-79.94735,40.465796]]]]},"properties":{"grade":"C","id":"C13","name":null}},{"type":"Feature","geometry":{"type":"MultiPolygon","coordinates":[[[[-79.944325,40.454206],[-79.948633,40.453188],[-79.953327,40.451696],[-79.954159,40.453166],[-79.95508,40.452668],[-79.956477,40.45138],[-79.956774,40.450837],[-79.95719,40.449503],[-79.957438,40.449214],[-79.957695,40.448915],[-79.958437,40.448169],[-79.958794,40.447717],[-79.95915,40.447581],[-79.960131,40.447491],[-79.962024,40.447892],[-79.96429,40.448373],[-79.964974,40.449594],[-79.965033,40.450204],[-79.965122,40.450656],[-79.964884,40.451221],[-79.964647,40.451628],[-79.964587,40.452058],[-79.964587,40.452442],[-79.966132,40.453731],[-79.966043,40.454748],[-79.966162,40.455313],[-79.966043,40.455833],[-79.965568,40.456308],[-79.964914,40.456828],[-79.964112,40.457642],[-79.963755,40.45832],[-79.963726,40.458682],[-79.963726,40.459247],[-79.963577,40.459496],[-79.963191,40.459744],[-79.960755,40.460241],[-79.958824,40.460648],[-79.957903,40.460648],[-79.95719,40.460581],[-79.956239,40.459902],[-79.95511,40.458591],[-79.954189,40.457755],[-79.95306,40.457303],[-79.95199,40.457077],[-79.950119,40.456918],[-79.949465,40.456918],[-79.948366,40.456783],[-79.946286,40.456195],[-79.945306,40.455381],[-79.944325,40.454206]]]]},"properties":{"grade":"C","id":"C14","name":null}},{"type":"Feature","geometry":{"type":"MultiPolygon","coordinates":[[[[-79.933683,40.458359],[-79.939923,40.456505],[-79.948033,40.461252],[-79.94735,40.465796],[-79.946564,40.46567],[-79.939869,40.464598],[-79.93672,40.464756],[-79.934224,40.469096],[-79.933541,40.469774],[-79.931818,40.472192],[-79.931578,40.472909],[-79.931342,40.473616],[-79.930481,40.473187],[-79.930213,40.469729],[-79.930956,40.467287],[-79.932293,40.465072],[-79.930332,40.464417],[-79.933683,40.458359]]]]},"properties":{"grade":"C","id":"C15","name":null}},{"type":"Feature","geometry":{"type":"MultiPolygon","coordinates":[[[[-79.915954,40.467464],[-79.918032,40.466542],[-79.919042,40.465909],[-79.919607,40.465637],[-79.919993,40.464892],[-79.922697,40.465796],[-79.922905,40.465457],[-79.92436,40.465841],[-79.924776,40.46514],[-79.926143,40.465683],[-79.926737,40.464349],[-79.929649,40.465208],[-79.92775,40.468056],[-79.927334,40.469367],[-79.921927,40.467604],[-79.921511,40.468644],[-79.917352,40.46774],[-79.916758,40.468689],[-79.915954,40.467464]]]]},"properties":{"grade":"C","id":"C16","name":null}},{"type":"Feature","geometry":{"type":"MultiPolygon","coordinates":[[[[-79.885583,40.469807],[-79.885868,40.47035],[-79.886533,40.470567],[-79.887294,40.47053],[-79.88796,40.470747],[-79.888482,40.470494],[-79.888673,40.470096],[-79.889053,40.469988],[-79.889528,40.469771],[-79.889243,40.469301],[-79.88872,40.469229],[-79.88872,40.461381],[-79.899748,40.463949],[-79.900414,40.463515],[-79.90116,40.462065],[-79.902125,40.462249],[-79.902601,40.462068],[-79.902886,40.461923],[-79.904027,40.462321],[-79.90455,40.462683],[-79.904787,40.463334],[-79.905168,40.464274],[-79.906118,40.465865],[-79.906689,40.466697],[-79.907212,40.467746],[-79.907212,40.469084],[-79.907117,40.471579],[-79.905738,40.470928],[-79.90474,40.472049],[-79.904264,40.472411],[-79.903314,40.472736],[-79.902078,40.473062],[-79.900984,40.47317],[-79.899511,40.472881],[-79.896611,40.474906],[-79.896278,40.475557],[-79.89471,40.476895],[-79.893616,40.47769],[-79.892761,40.477979],[-79.892048,40.477871],[-79.891525,40.477654],[-79.891287,40.477003],[-79.89162,40.475557],[-79.891382,40.474689],[-79.890907,40.474327],[-79.889956,40.475304],[-79.889386,40.475846],[-79.888673,40.476099],[-79.887817,40.476063],[-79.887151,40.475918],[-79.886961,40.476027],[-79.885535,40.475123],[-79.884252,40.475701],[-79.883349,40.476172],[-79.88235,40.474797],[-79.883729,40.473857],[-79.883063,40.473243],[-79.882113,40.472447],[-79.88235,40.471579],[-79.882731,40.471001],[-79.883491,40.470639],[-79.884585,40.470386],[-79.885583,40.469807]]]]},"properties":{"grade":"C","id":"C17","name":null}},{"type":"Feature","geometry":{"type":"MultiPolygon","coordinates":[[[[-79.905548,40.462719],[-79.905786,40.460477],[-79.904169,40.460187],[-79.902933,40.460079],[-79.902696,40.460947],[-79.901888,40.460947],[-79.901697,40.461019],[-79.890764,40.458632],[-79.88872,40.458234],[-79.888102,40.457909],[-79.887389,40.457366],[-79.886153,40.457113],[-79.885107,40.45686],[-79.88468,40.456498],[-79.884585,40.455738],[-79.883396,40.455775],[-79.883158,40.457764],[-79.883158,40.459211],[-79.883158,40.46073],[-79.88159,40.460694],[-79.881542,40.461779],[-79.875933,40.46167],[-79.875885,40.46337],[-79.87484,40.463406],[-79.874887,40.462972],[-79.874554,40.462719],[-79.873889,40.459645],[-79.872701,40.460513],[-79.871892,40.460657],[-79.871512,40.458415],[-79.871274,40.458053],[-79.871655,40.457366],[-79.872178,40.457185],[-79.873271,40.457366],[-79.874745,40.45733],[-79.875315,40.456968],[-79.875553,40.452591],[-79.876646,40.451796],[-79.876313,40.451434],[-79.876218,40.450059],[-79.884014,40.448866],[-79.884537,40.451904],[-79.902743,40.455955],[-79.901983,40.457583],[-79.910064,40.459283],[-79.909398,40.460332],[-79.911062,40.462176],[-79.908448,40.463912],[-79.907687,40.463659],[-79.907021,40.461959],[-79.905548,40.462719]]]]},"properties":{"grade":"C","id":"C18","name":null}},{"type":"Feature","geometry":{"type":"MultiPolygon","coordinates":[[[[-79.950148,40.435349],[-79.950535,40.435462],[-79.951129,40.435507],[-79.951693,40.435281],[-79.951485,40.434399],[-79.951723,40.433947],[-79.951782,40.432092],[-79.95303,40.430374],[-79.955169,40.431753],[-79.956298,40.432454],[-79.956477,40.432974],[-79.95609,40.434535],[-79.957487,40.434693],[-79.958408,40.433788],[-79.958467,40.432884],[-79.959061,40.432793],[-79.959685,40.432861],[-79.964766,40.43501],[-79.965508,40.435439],[-79.965805,40.435846],[-79.965895,40.436118],[-79.965954,40.436457],[-79.965776,40.436751],[-79.965538,40.437067],[-79.96539,40.437497],[-79.96533,40.437723],[-79.963726,40.438153],[-79.96022,40.440459],[-79.957802,40.442178],[-79.954813,40.444303],[-79.953921,40.443919],[-79.953327,40.443286],[-79.953179,40.442833],[-79.953179,40.442404],[-79.954367,40.442042],[-79.95511,40.441567],[-79.955199,40.441296],[-79.954278,40.440821],[-79.952495,40.439871],[-79.950535,40.439917],[-79.950386,40.439012],[-79.94994,40.438221],[-79.94997,40.437565],[-79.950148,40.436886],[-79.950148,40.435349]]]]},"properties":{"grade":"C","id":"C19","name":null}},{"type":"Feature","geometry":{"type":"MultiPolygon","coordinates":[[[[-80.045691,40.495952],[-80.042599,40.496512],[-80.041202,40.49606],[-80.040133,40.495654],[-80.037934,40.494592],[-80.039093,40.494095],[-80.040667,40.493665],[-80.041172,40.493281],[-80.041262,40.492942],[-80.040786,40.491406],[-80.042064,40.490638],[-80.042717,40.490208],[-80.043133,40.489756],[-80.042688,40.489418],[-80.046104,40.486096],[-80.04548,40.485802],[-80.046936,40.483271],[-80.046639,40.482978],[-80.04548,40.482684],[-80.041737,40.481667],[-80.040994,40.479385],[-80.040044,40.479452],[-80.039241,40.476514],[-80.038202,40.476718],[-80.037994,40.476831],[-80.037399,40.477328],[-80.037399,40.477577],[-80.037459,40.478368],[-80.037667,40.479204],[-80.037488,40.480108],[-80.036924,40.480718],[-80.036181,40.48117],[-80.035231,40.481418],[-80.033656,40.48169],[-80.032497,40.481034],[-80.032081,40.480718],[-80.031546,40.480198],[-80.031101,40.479068],[-80.032854,40.47882],[-80.033537,40.478661],[-80.032854,40.476627],[-80.036092,40.476017],[-80.035914,40.475475],[-80.036538,40.475271],[-80.040459,40.475045],[-80.042836,40.47787],[-80.044381,40.479565],[-80.045599,40.48065],[-80.049135,40.482661],[-80.054245,40.485893],[-80.058077,40.48883],[-80.061078,40.490683],[-80.06188,40.491677],[-80.062772,40.492355],[-80.065038,40.494054],[-80.063659,40.495156],[-80.063208,40.495807],[-80.061687,40.498609],[-80.05565,40.495753],[-80.044859,40.49033],[-80.044502,40.491216],[-80.044455,40.49174],[-80.044597,40.492355],[-80.045477,40.494199],[-80.045691,40.495952]]]]},"properties":{"grade":"C","id":"C2","name":null}},{"type":"Feature","geometry":{"type":"MultiPolygon","coordinates":[[[[-79.894534,40.436167],[-79.89558,40.438266],[-79.89615,40.439532],[-79.896102,40.440473],[-79.895675,40.441667],[-79.895152,40.443077],[-79.895057,40.443837],[-79.894867,40.444561],[-79.894534,40.445248],[-79.893868,40.446767],[-79.896245,40.447455],[-79.895675,40.448576],[-79.894933,40.449481],[-79.889942,40.447599],[-79.89113,40.445682],[-79.887422,40.444705],[-79.887009,40.445031],[-79.884775,40.449119],[-79.884014,40.448866],[-79.876218,40.450059],[-79.873447,40.449625],[-79.871878,40.449444],[-79.872116,40.450783],[-79.871783,40.451977],[-79.871213,40.452338],[-79.87069,40.451868],[-79.868408,40.45194],[-79.868265,40.451289],[-79.867457,40.450059],[-79.867172,40.449264],[-79.867267,40.448612],[-79.867885,40.447599],[-79.867933,40.447129],[-79.867267,40.444525],[-79.867505,40.444018],[-79.868361,40.44362],[-79.870024,40.443584],[-79.8705,40.443403],[-79.87088,40.443005],[-79.870927,40.442354],[-79.872068,40.441052],[-79.872686,40.4404],[-79.873494,40.440039],[-79.874065,40.439749],[-79.875158,40.439749],[-79.876251,40.439821],[-79.875966,40.439062],[-79.875063,40.438447],[-79.87454,40.438193],[-79.87416,40.437542],[-79.873637,40.436782],[-79.873209,40.436348],[-79.873114,40.435407],[-79.875111,40.43548],[-79.876632,40.435914],[-79.877773,40.435407],[-79.879246,40.434033],[-79.881575,40.435154],[-79.882669,40.435914],[-79.882907,40.435263],[-79.885331,40.435697],[-79.885806,40.438049],[-79.887803,40.437868],[-79.892604,40.436927],[-79.894534,40.436167]]]]},"properties":{"grade":"C","id":"C20","name":null}},{"type":"Feature","geometry":{"type":"MultiPolygon","coordinates":[[[[-79.93868,40.426891],[-79.938146,40.426846],[-79.937819,40.426642],[-79.937522,40.425715],[-79.937135,40.425172],[-79.936333,40.424855],[-79.935056,40.424765],[-79.933808,40.424742],[-79.933065,40.424516],[-79.928995,40.423114],[-79.9295,40.422164],[-79.928935,40.419472],[-79.929084,40.419178],[-79.929767,40.418839],[-79.930718,40.418635],[-79.931728,40.418748],[-79.931966,40.419156],[-79.932204,40.419495],[-79.932857,40.419653],[-79.933451,40.419518],[-79.933778,40.419427],[-79.933125,40.418658],[-79.934254,40.417369],[-79.9295,40.409836],[-79.929678,40.409203],[-79.930213,40.408954],[-79.931015,40.408614],[-79.931996,40.407845],[-79.932411,40.406918],[-79.932738,40.406194],[-79.933867,40.405447],[-79.934937,40.405017],[-79.935472,40.406216],[-79.936006,40.406895],[-79.937759,40.407755],[-79.938472,40.407664],[-79.939067,40.407574],[-79.939453,40.407167],[-79.939898,40.410107],[-79.940582,40.411691],[-79.941414,40.412257],[-79.941978,40.412867],[-79.942275,40.413659],[-79.942216,40.414428],[-79.943166,40.416057],[-79.943464,40.416826],[-79.942899,40.417007],[-79.94385,40.419834],[-79.943018,40.42049],[-79.944236,40.424516],[-79.943672,40.425783],[-79.93975,40.426936],[-79.93868,40.426891]]]]},"properties":{"grade":"C","id":"C21","name":null}},{"type":"Feature","geometry":{"type":"MultiPolygon","coordinates":[[[[-79.886569,40.423548],[-79.886183,40.423141],[-79.88342,40.422802],[-79.880984,40.422214],[-79.878607,40.421309],[-79.878102,40.420924],[-79.87926,40.418617],[-79.878518,40.418391],[-79.877953,40.417893],[-79.877181,40.417215],[-79.876319,40.416898],[-79.874715,40.416242],[-79.875487,40.415496],[-79.876943,40.415631],[-79.878161,40.41588],[-79.878815,40.416242],[-79.879171,40.415043],[-79.879528,40.415111],[-79.880687,40.415428],[-79.881816,40.416016],[-79.884757,40.41769],[-79.886034,40.418753],[-79.886718,40.419748],[-79.887282,40.420879],[-79.889184,40.420314],[-79.889689,40.421128],[-79.8937,40.419567],[-79.894769,40.421173],[-79.897116,40.420268],[-79.897413,40.419793],[-79.898156,40.418889],[-79.898958,40.418301],[-79.899374,40.417826],[-79.90288,40.41821],[-79.90285,40.418798],[-79.906356,40.418459],[-79.907515,40.422281],[-79.904752,40.422394],[-79.904009,40.423209],[-79.900919,40.421784],[-79.899731,40.42305],[-79.900652,40.424159],[-79.901186,40.425629],[-79.898899,40.426511],[-79.898602,40.425606],[-79.897829,40.425878],[-79.897502,40.425267],[-79.895542,40.426194],[-79.89468,40.425945],[-79.894056,40.425923],[-79.89364,40.425991],[-79.893284,40.426126],[-79.892838,40.426488],[-79.891222,40.427569],[-79.891174,40.427551],[-79.891111,40.427644],[-79.890729,40.427574],[-79.886569,40.423548]]]]},"properties":{"grade":"C","id":"C22","name":null}},{"type":"Feature","geometry":{"type":"MultiPolygon","coordinates":[[[[-79.85775,40.402918],[-79.858374,40.402488],[-79.85986,40.40104],[-79.862861,40.403506],[-79.864287,40.402443],[-79.864703,40.402556],[-79.865237,40.40337],[-79.865475,40.405225],[-79.865564,40.407578],[-79.865832,40.408212],[-79.867525,40.409931],[-79.869575,40.411605],[-79.870318,40.412532],[-79.869634,40.413166],[-79.868921,40.413731],[-79.867347,40.412985],[-79.863574,40.411582],[-79.862771,40.410836],[-79.860751,40.409071],[-79.859385,40.407488],[-79.858166,40.408506],[-79.857424,40.408913],[-79.857097,40.409071],[-79.856443,40.409071],[-79.856027,40.408709],[-79.855998,40.408483],[-79.858553,40.40561],[-79.858285,40.405271],[-79.857097,40.405112],[-79.856503,40.404954],[-79.856295,40.404637],[-79.856295,40.404298],[-79.856562,40.403823],[-79.85775,40.402918]]]]},"properties":{"grade":"C","id":"C23","name":null}},{"type":"Feature","geometry":{"type":"MultiPolygon","coordinates":[[[[-79.857465,40.378712],[-79.861097,40.382739],[-79.861116,40.383159],[-79.861135,40.383521],[-79.860926,40.384202],[-79.86028,40.384839],[-79.857713,40.384028],[-79.85448,40.381305],[-79.852997,40.379799],[-79.853244,40.379538],[-79.856115,40.37822],[-79.856458,40.378292],[-79.857028,40.378625],[-79.857465,40.378712]]]]},"properties":{"grade":"C","id":"C24","name":null}},{"type":"Feature","geometry":{"type":"MultiPolygon","coordinates":[[[[-79.847411,40.377102],[-79.844725,40.373535],[-79.842732,40.369186],[-79.845263,40.36867],[-79.845584,40.369105],[-79.84808,40.36848],[-79.848258,40.368072],[-79.849113,40.367774],[-79.851466,40.366877],[-79.852429,40.366578],[-79.853748,40.366252],[-79.854497,40.36628],[-79.855424,40.366307],[-79.855816,40.366225],[-79.856493,40.366035],[-79.856992,40.365709],[-79.858918,40.366986],[-79.858169,40.367801],[-79.858169,40.369458],[-79.858169,40.371196],[-79.857884,40.371441],[-79.857884,40.371794],[-79.854176,40.373858],[-79.852999,40.372989],[-79.851645,40.373994],[-79.853142,40.375433],[-79.853071,40.375786],[-79.852821,40.376139],[-79.852465,40.376438],[-79.852144,40.377036],[-79.852001,40.377552],[-79.851324,40.377905],[-79.850718,40.378095],[-79.850611,40.378339],[-79.850147,40.37891],[-79.849684,40.379073],[-79.847411,40.377102]]]]},"properties":{"grade":"C","id":"C25","name":null}},{"type":"Feature","geometry":{"type":"MultiPolygon","coordinates":[[[[-79.849363,40.360521],[-79.850504,40.360602],[-79.85168,40.360765],[-79.852429,40.360982],[-79.853249,40.361118],[-79.853713,40.361037],[-79.854283,40.360656],[-79.854711,40.361797],[-79.855673,40.363835],[-79.856992,40.365709],[-79.856493,40.366035],[-79.855816,40.366225],[-79.855424,40.366307],[-79.854497,40.36628],[-79.853748,40.366252],[-79.852429,40.366578],[-79.851466,40.366877],[-79.849113,40.367774],[-79.848258,40.368072],[-79.847901,40.366388],[-79.847081,40.366225],[-79.846832,40.366035],[-79.846582,40.365437],[-79.84644,40.364758],[-79.849363,40.360521]]]]},"properties":{"grade":"C","id":"C26","name":null}},{"type":"Feature","geometry":{"type":"MultiPolygon","coordinates":[[[[-79.858169,40.369458],[-79.858169,40.367801],[-79.858918,40.366986],[-79.856992,40.365709],[-79.855673,40.363835],[-79.854711,40.361797],[-79.854283,40.360656],[-79.854033,40.36014],[-79.854283,40.359244],[-79.854604,40.358999],[-79.855281,40.358891],[-79.857741,40.359026],[-79.858989,40.359026],[-79.862162,40.358945],[-79.863945,40.359054],[-79.865014,40.359026],[-79.866369,40.358836],[-79.866975,40.358456],[-79.867902,40.358184],[-79.869613,40.358374],[-79.870112,40.358863],[-79.870576,40.358972],[-79.87161,40.358863],[-79.870469,40.363264],[-79.869221,40.364161],[-79.868187,40.36666],[-79.867296,40.368371],[-79.864693,40.368127],[-79.863713,40.369498],[-79.862839,40.369023],[-79.862376,40.368724],[-79.861948,40.36867],[-79.86152,40.36867],[-79.860736,40.368914],[-79.860344,40.368561],[-79.85931,40.368887],[-79.858169,40.369458]]]]},"properties":{"grade":"C","id":"C27","name":null}},{"type":"Feature","geometry":{"type":"MultiPolygon","coordinates":[[[[-79.901118,40.407514],[-79.901309,40.407493],[-79.901214,40.406421],[-79.900663,40.403974],[-79.902811,40.403221],[-79.905017,40.405914],[-79.908116,40.404264],[-79.91017,40.406305],[-79.907888,40.407608],[-79.907223,40.407898],[-79.906177,40.408028],[-79.901461,40.408231],[-79.901118,40.407514]]]]},"properties":{"grade":"C","id":"C28","name":null}},{"type":"Feature","geometry":{"type":"MultiPolygon","coordinates":[[[[-79.905492,40.400079],[-79.901975,40.401904],[-79.901062,40.400658],[-79.901442,40.400383],[-79.900986,40.399616],[-79.900054,40.400065],[-79.899009,40.398761],[-79.902735,40.396995],[-79.905492,40.400079]]]]},"properties":{"grade":"C","id":"C29","name":null}},{"type":"Feature","geometry":{"type":"MultiPolygon","coordinates":[[[[-80.028105,40.472826],[-80.026027,40.471371],[-80.024696,40.466344],[-80.023697,40.464897],[-80.023579,40.463975],[-80.024838,40.463957],[-80.026122,40.463776],[-80.027691,40.46327],[-80.027999,40.464391],[-80.028712,40.466995],[-80.030245,40.466669],[-80.030922,40.467998],[-80.032562,40.466507],[-80.034024,40.467673],[-80.035272,40.470277],[-80.035414,40.471606],[-80.034808,40.472799],[-80.033774,40.472555],[-80.033845,40.473206],[-80.033596,40.473504],[-80.033061,40.473775],[-80.032633,40.474453],[-80.032526,40.474725],[-80.031956,40.474942],[-80.030601,40.474969],[-80.029995,40.474616],[-80.029353,40.474155],[-80.028676,40.473124],[-80.028105,40.472826]]]]},"properties":{"grade":"C","id":"C3","name":null}},{"type":"Feature","geometry":{"type":"MultiPolygon","coordinates":[[[[-79.891051,40.403528],[-79.890445,40.403257],[-79.889518,40.40247],[-79.888662,40.401465],[-79.895044,40.398913],[-79.895971,40.398587],[-79.895828,40.400542],[-79.895579,40.401166],[-79.895044,40.404289],[-79.894723,40.404696],[-79.894046,40.404777],[-79.892869,40.40456],[-79.891051,40.403528]]]]},"properties":{"grade":"C","id":"C30","name":null}},{"type":"Feature","geometry":{"type":"MultiPolygon","coordinates":[[[[-79.894402,40.392043],[-79.898322,40.392134],[-79.900285,40.392179],[-79.900285,40.393455],[-79.900249,40.393618],[-79.899786,40.394351],[-79.899643,40.395492],[-79.898609,40.395791],[-79.896934,40.396008],[-79.895365,40.396415],[-79.895222,40.395872],[-79.894723,40.395519],[-79.894438,40.395247],[-79.894474,40.394759],[-79.894581,40.393673],[-79.894402,40.392478],[-79.894402,40.392043]]]]},"properties":{"grade":"C","id":"C31","name":null}},{"type":"Feature","geometry":{"type":"MultiPolygon","coordinates":[[[[-79.907858,40.378156],[-79.905954,40.381235],[-79.907487,40.386612],[-79.906381,40.386911],[-79.901782,40.385499],[-79.901533,40.385988],[-79.901105,40.386857],[-79.900747,40.387322],[-79.899322,40.38683],[-79.897433,40.386314],[-79.897148,40.386015],[-79.897148,40.385608],[-79.897219,40.384875],[-79.897397,40.384277],[-79.898003,40.384033],[-79.899429,40.383761],[-79.901497,40.383462],[-79.899358,40.377949],[-79.899251,40.377053],[-79.899501,40.3767],[-79.89975,40.376646],[-79.900321,40.376646],[-79.902602,40.376972],[-79.906702,40.377868],[-79.907858,40.378156]]]]},"properties":{"grade":"C","id":"C32","name":null}},{"type":"Feature","geometry":{"type":"MultiPolygon","coordinates":[[[[-80.01533,40.429242],[-80.015111,40.429414],[-80.013655,40.430183],[-80.009555,40.43396],[-80.006109,40.432241],[-80.003435,40.431201],[-80.000256,40.430138],[-79.99874,40.429482],[-79.996334,40.427944],[-79.996869,40.42765],[-79.997611,40.426293],[-79.995116,40.424846],[-79.994433,40.424688],[-79.993541,40.424778],[-79.993006,40.42514],[-79.992917,40.425547],[-79.993304,40.426022],[-79.993749,40.426949],[-79.993601,40.427266],[-79.993214,40.427582],[-79.99265,40.427809],[-79.992204,40.42765],[-79.990006,40.426881],[-79.988372,40.426384],[-79.987629,40.42609],[-79.987094,40.425502],[-79.986916,40.424936],[-79.986946,40.424394],[-79.987302,40.423692],[-79.987629,40.423421],[-79.988193,40.423285],[-79.988193,40.419531],[-79.982014,40.419395],[-79.981954,40.417631],[-79.978983,40.417902],[-79.978924,40.419689],[-79.9783,40.420187],[-79.977438,40.420684],[-79.977112,40.42082],[-79.969179,40.419508],[-79.969238,40.418694],[-79.966921,40.4184],[-79.965554,40.418377],[-79.964871,40.418558],[-79.964277,40.418852],[-79.963622,40.419068],[-79.963386,40.419146],[-79.962138,40.419282],[-79.961989,40.419078],[-79.961603,40.41849],[-79.960712,40.418309],[-79.960058,40.418219],[-79.959761,40.417834],[-79.959018,40.416681],[-79.958246,40.415731],[-79.957978,40.415007],[-79.957414,40.413717],[-79.956909,40.412926],[-79.958365,40.412451],[-79.95881,40.412835],[-79.959226,40.413401],[-79.960117,40.414147],[-79.960563,40.414509],[-79.963118,40.414735],[-79.963296,40.413717],[-79.962851,40.413107],[-79.962583,40.412383],[-79.963088,40.411523],[-79.963712,40.411139],[-79.964515,40.411229],[-79.965228,40.411614],[-79.965792,40.412044],[-79.965614,40.412383],[-79.965465,40.413288],[-79.965614,40.413401],[-79.966089,40.413378],[-79.966921,40.41331],[-79.967575,40.413152],[-79.968288,40.413039],[-79.968733,40.41322],[-79.969357,40.413763],[-79.969268,40.413401],[-79.969387,40.413039],[-79.969922,40.412903],[-79.971556,40.412971],[-79.971734,40.412383],[-79.971853,40.412247],[-79.972091,40.412247],[-79.972566,40.412247],[-79.972952,40.412224],[-79.97319,40.40994],[-79.971467,40.409646],[-79.971764,40.406908],[-79.97111,40.406682],[-79.970665,40.406682],[-79.969714,40.406614],[-79.969773,40.405506],[-79.972447,40.404759],[-79.972685,40.404533],[-79.972893,40.40037],[-79.971288,40.400234],[-79.971675,40.396365],[-79.970741,40.395212],[-79.973594,40.394578],[-79.974039,40.394126],[-79.974336,40.39399],[-79.975287,40.393922],[-79.976238,40.394013],[-79.976654,40.394013],[-79.977159,40.393605],[-79.977248,40.393153],[-79.977248,40.392859],[-79.977931,40.392723],[-79.979476,40.392497],[-79.979773,40.393221],[-79.980843,40.392157],[-79.980694,40.394216],[-79.982091,40.396773],[-79.984378,40.396117],[-79.984883,40.397067],[-79.98527,40.397882],[-79.986102,40.399013],[-79.986488,40.400303],[-79.982923,40.4008],[-79.984616,40.403923],[-79.98524,40.405076],[-79.985359,40.405506],[-79.98521,40.406298],[-79.984735,40.406886],[-79.982923,40.408244],[-79.98212,40.409081],[-79.981675,40.409827],[-79.981615,40.411818],[-79.981972,40.414148],[-79.987914,40.414012],[-79.987973,40.414668],[-79.997005,40.414442],[-79.996956,40.413394],[-80.000703,40.413359],[-80.000821,40.415567],[-80.00384,40.41544],[-80.003745,40.413992],[-80.005646,40.414029],[-80.00567,40.411097],[-79.996855,40.411223],[-79.996738,40.408696],[-79.996329,40.403677],[-79.993291,40.404714],[-79.992519,40.403199],[-79.995549,40.40261],[-79.996797,40.402497],[-79.997778,40.402067],[-79.998342,40.401796],[-79.99858,40.40123],[-79.998461,40.400868],[-79.998045,40.400167],[-79.998015,40.398674],[-79.998164,40.397294],[-79.997896,40.396705],[-79.997837,40.396434],[-79.997956,40.396207],[-79.998758,40.396094],[-80.000018,40.396207],[-80.001385,40.396275],[-80.003553,40.39641],[-80.004861,40.396591],[-80.005722,40.396886],[-80.005871,40.397429],[-80.006376,40.398899],[-80.006346,40.399442],[-80.005871,40.399397],[-80.005247,40.39942],[-80.004801,40.399488],[-80.004801,40.399804],[-80.00489,40.400166],[-80.005098,40.400641],[-80.005128,40.401252],[-80.005069,40.401637],[-80.004712,40.402293],[-80.004059,40.40347],[-80.004801,40.404012],[-80.005782,40.405189],[-80.006524,40.406614],[-80.006822,40.406931],[-80.008961,40.408831],[-80.008129,40.409691],[-80.00902,40.410641],[-80.009287,40.411161],[-80.00899,40.411614],[-80.009139,40.411908],[-80.009436,40.41236],[-80.009793,40.412677],[-80.01009,40.412903],[-80.009703,40.414328],[-80.010981,40.415618],[-80.011545,40.415504],[-80.012615,40.415618],[-80.01309,40.415753],[-80.013566,40.416025],[-80.013803,40.416341],[-80.01416,40.41745],[-80.014546,40.418897],[-80.014516,40.419983],[-80.015081,40.421204],[-80.015913,40.4222],[-80.013239,40.423986],[-80.013358,40.424507],[-80.015437,40.424529],[-80.015497,40.42523],[-80.015764,40.425796],[-80.016656,40.42523],[-80.017755,40.424936],[-80.018973,40.424688],[-80.019864,40.425841],[-80.019359,40.426067],[-80.0182,40.42661],[-80.017636,40.427108],[-80.017071,40.427831],[-80.016121,40.428623],[-80.01533,40.429242]]]]},"properties":{"grade":"C","id":"C33","name":null}},{"type":"Feature","geometry":{"type":"MultiPolygon","coordinates":[[[[-80.008637,40.388524],[-80.009176,40.38914],[-80.009841,40.389756],[-80.010602,40.39048],[-80.011743,40.39095],[-80.012789,40.39124],[-80.013121,40.391638],[-80.013264,40.392],[-80.012931,40.394462],[-80.010079,40.394571],[-80.008273,40.394716],[-80.005325,40.394498],[-80.00523,40.392869],[-79.999241,40.392399],[-79.998728,40.392021],[-79.998877,40.391229],[-79.998936,40.39046],[-79.998669,40.389261],[-79.998194,40.388197],[-79.99757,40.387066],[-79.99653,40.385866],[-79.996233,40.385323],[-79.996054,40.38469],[-79.995876,40.384169],[-79.996114,40.383671],[-79.996233,40.383015],[-79.996114,40.382336],[-79.995609,40.38125],[-79.995031,40.380855],[-79.994582,40.379291],[-79.994582,40.37882],[-79.995153,40.377553],[-79.996008,40.376105],[-79.996579,40.376177],[-79.997577,40.37643],[-79.99829,40.376322],[-79.999098,40.37643],[-79.999859,40.37567],[-80.000905,40.37462],[-80.001665,40.374294],[-80.001047,40.371505],[-80.000429,40.370491],[-80.002854,40.370346],[-80.004565,40.369477],[-80.005943,40.368934],[-80.007037,40.368282],[-80.008083,40.368173],[-80.008605,40.368318],[-80.01084,40.370129],[-80.009033,40.371397],[-80.012408,40.374584],[-80.009841,40.376286],[-80.008891,40.375923],[-80.008083,40.375706],[-80.007512,40.375598],[-80.006847,40.375018],[-80.005991,40.374656],[-80.005468,40.375489],[-80.005278,40.376177],[-80.004993,40.377553],[-80.004708,40.378024],[-80.003947,40.378712],[-80.003281,40.378965],[-80.002236,40.379364],[-80.00195,40.379726],[-80.002901,40.380667],[-80.003234,40.381283],[-80.003281,40.381645],[-80.003567,40.382043],[-80.004993,40.3836],[-80.004945,40.384071],[-80.004708,40.384433],[-80.005468,40.385049],[-80.006609,40.38599],[-80.006847,40.386461],[-80.006799,40.387909],[-80.008415,40.388271],[-80.008637,40.388524]]]]},"properties":{"grade":"C","id":"C34","name":null}},{"type":"Feature","geometry":{"type":"MultiPolygon","coordinates":[[[[-80.033934,40.36186],[-80.032555,40.363489],[-80.031177,40.364938],[-80.030012,40.365807],[-80.031034,40.366532],[-80.030036,40.367691],[-80.028729,40.367166],[-80.026257,40.364504],[-80.023856,40.365445],[-80.025615,40.366514],[-80.023595,40.367474],[-80.024332,40.369013],[-80.023119,40.36923],[-80.021836,40.369556],[-80.021194,40.369846],[-80.020529,40.370262],[-80.019626,40.371041],[-80.018651,40.371657],[-80.017011,40.37019],[-80.015799,40.368814],[-80.013375,40.366025],[-80.017059,40.36425],[-80.016845,40.365373],[-80.020624,40.364449],[-80.020006,40.362421],[-80.019839,40.361823],[-80.019958,40.361371],[-80.020434,40.3609],[-80.020957,40.360411],[-80.021242,40.360012],[-80.021289,40.359505],[-80.021099,40.357694],[-80.025686,40.357766],[-80.028325,40.357622],[-80.028443,40.358237],[-80.028277,40.358708],[-80.028087,40.35927],[-80.027944,40.360012],[-80.027921,40.360845],[-80.030392,40.360918],[-80.032009,40.361081],[-80.032864,40.361226],[-80.033506,40.361479],[-80.033934,40.36186]]]]},"properties":{"grade":"C","id":"C35","name":null}},{"type":"Feature","geometry":{"type":"MultiPolygon","coordinates":[[[[-80.025473,40.396695],[-80.025717,40.396903],[-80.02596,40.397109],[-80.026102,40.397381],[-80.026173,40.397848],[-80.026159,40.398239],[-80.026473,40.398336],[-80.026901,40.398347],[-80.027428,40.398304],[-80.027956,40.398282],[-80.028783,40.398391],[-80.029482,40.398695],[-80.030209,40.399238],[-80.031336,40.400031],[-80.032064,40.400752],[-80.03358,40.403603],[-80.034025,40.403535],[-80.034798,40.403716],[-80.03563,40.403874],[-80.036254,40.403807],[-80.037056,40.403309],[-80.038304,40.402336],[-80.039878,40.400956],[-80.040076,40.400875],[-80.040671,40.402693],[-80.038889,40.404304],[-80.038318,40.404938],[-80.037938,40.405282],[-80.03751,40.405553],[-80.037082,40.405644],[-80.036607,40.405625],[-80.036274,40.405716],[-80.035775,40.405969],[-80.035656,40.406422],[-80.035419,40.406548],[-80.034991,40.406693],[-80.034682,40.407345],[-80.032162,40.408051],[-80.032139,40.405408],[-80.031449,40.405444],[-80.02836,40.407272],[-80.029192,40.407942],[-80.03,40.408413],[-80.030546,40.408612],[-80.031069,40.408847],[-80.031616,40.409426],[-80.031545,40.410204],[-80.030427,40.412991],[-80.029881,40.41395],[-80.029809,40.414493],[-80.029643,40.414801],[-80.029358,40.415],[-80.028621,40.415036],[-80.02855,40.41509],[-80.028669,40.417099],[-80.02767,40.417352],[-80.023036,40.417099],[-80.022822,40.413769],[-80.022037,40.414041],[-80.01669,40.41433],[-80.016649,40.413516],[-80.014999,40.412562],[-80.014771,40.41243],[-80.012395,40.412086],[-80.01142,40.411924],[-80.010992,40.411924],[-80.011087,40.411598],[-80.011396,40.411435],[-80.012228,40.411073],[-80.013892,40.410602],[-80.015318,40.410385],[-80.015722,40.410259],[-80.016269,40.409698],[-80.017267,40.408684],[-80.017647,40.408322],[-80.018028,40.407037],[-80.018004,40.406693],[-80.017196,40.406657],[-80.016364,40.406494],[-80.015199,40.406277],[-80.014748,40.40615],[-80.014985,40.403472],[-80.01413,40.403417],[-80.012775,40.403454],[-80.011729,40.403291],[-80.010897,40.403001],[-80.009234,40.40282],[-80.008568,40.402748],[-80.006405,40.401607],[-80.00852,40.39996],[-80.009138,40.399797],[-80.013393,40.399779],[-80.017505,40.39996],[-80.018289,40.399725],[-80.019022,40.399259],[-80.019705,40.399689],[-80.020567,40.399915],[-80.021191,40.39996],[-80.022201,40.399711],[-80.024786,40.397834],[-80.024964,40.396747],[-80.025291,40.396815],[-80.025473,40.396695]]]]},"properties":{"grade":"C","id":"C36","name":null}},{"type":"Feature","geometry":{"type":"MultiPolygon","coordinates":[[[[-80.009555,40.43396],[-80.013655,40.430183],[-80.015111,40.429414],[-80.01533,40.429242],[-80.015827,40.429384],[-80.016564,40.429475],[-80.017277,40.429565],[-80.017871,40.429583],[-80.018679,40.429258],[-80.020367,40.428172],[-80.021579,40.427774],[-80.022173,40.427865],[-80.022506,40.427919],[-80.022672,40.428227],[-80.022838,40.428751],[-80.023005,40.429529],[-80.023385,40.430144],[-80.023789,40.43085],[-80.024003,40.431266],[-80.024431,40.431411],[-80.026023,40.431501],[-80.026356,40.431736],[-80.026689,40.432297],[-80.027283,40.433274],[-80.027188,40.433509],[-80.027212,40.43398],[-80.027236,40.434396],[-80.027449,40.434975],[-80.026896,40.435475],[-80.025786,40.436476],[-80.02436,40.438937],[-80.022886,40.440456],[-80.022054,40.439877],[-80.021389,40.43957],[-80.020676,40.439497],[-80.019963,40.439045],[-80.018941,40.438412],[-80.015518,40.436874],[-80.015066,40.436512],[-80.014686,40.436096],[-80.014116,40.435753],[-80.013355,40.435554],[-80.012808,40.435608],[-80.012499,40.435662],[-80.01219,40.435662],[-80.011786,40.435572],[-80.011549,40.435409],[-80.009555,40.43396]]]]},"properties":{"grade":"C","id":"C37","name":null}},{"type":"Feature","geometry":{"type":"MultiPolygon","coordinates":[[[[-80.055774,40.460727],[-80.055457,40.460742],[-80.053639,40.460823],[-80.051999,40.460904],[-80.0515,40.460172],[-80.04879,40.457649],[-80.047435,40.455723],[-80.046508,40.454936],[-80.045724,40.454502],[-80.044726,40.454068],[-80.044512,40.453878],[-80.044476,40.453173],[-80.044369,40.452413],[-80.044262,40.452142],[-80.045617,40.451789],[-80.046615,40.451627],[-80.048683,40.451925],[-80.050573,40.452278],[-80.050002,40.450786],[-80.050002,40.450541],[-80.050145,40.449972],[-80.05018,40.449483],[-80.049895,40.449293],[-80.049539,40.448995],[-80.049325,40.44848],[-80.049218,40.447747],[-80.048861,40.447449],[-80.048255,40.44753],[-80.047756,40.447638],[-80.047043,40.447449],[-80.046259,40.44734],[-80.045795,40.44734],[-80.045332,40.447476],[-80.044405,40.447557],[-80.043906,40.447557],[-80.044155,40.448235],[-80.040786,40.449863],[-80.040002,40.450297],[-80.039289,40.450379],[-80.038433,40.45008],[-80.037506,40.449212],[-80.033228,40.445631],[-80.034012,40.444952],[-80.034476,40.444518],[-80.035581,40.442945],[-80.0369,40.442049],[-80.036365,40.441154],[-80.036009,40.440557],[-80.035046,40.439336],[-80.035866,40.437653],[-80.036223,40.436758],[-80.036615,40.435971],[-80.03911,40.436758],[-80.039859,40.437084],[-80.042925,40.43806],[-80.043745,40.438468],[-80.044387,40.438685],[-80.04535,40.438685],[-80.045956,40.438278],[-80.046027,40.437518],[-80.046027,40.436242],[-80.046241,40.435483],[-80.045635,40.434696],[-80.045064,40.433882],[-80.044957,40.433095],[-80.044637,40.432226],[-80.043246,40.432199],[-80.042497,40.432525],[-80.041357,40.433719],[-80.040857,40.434343],[-80.040857,40.434533],[-80.041321,40.434669],[-80.043496,40.434424],[-80.044387,40.436025],[-80.04346,40.436297],[-80.04157,40.435917],[-80.040323,40.4357],[-80.038647,40.435673],[-80.037684,40.435455],[-80.037185,40.435293],[-80.037221,40.434424],[-80.035153,40.433882],[-80.037841,40.42819],[-80.037934,40.427993],[-80.038362,40.42764],[-80.040394,40.428237],[-80.041749,40.428698],[-80.042212,40.428997],[-80.043139,40.42802],[-80.043567,40.428101],[-80.044173,40.428644],[-80.044957,40.429078],[-80.045492,40.42916],[-80.046526,40.42916],[-80.047275,40.429024],[-80.047596,40.428997],[-80.048451,40.429485],[-80.049699,40.432036],[-80.050091,40.43399],[-80.050287,40.434366],[-80.050703,40.435361],[-80.050703,40.435971],[-80.051268,40.43717],[-80.050139,40.437283],[-80.05002,40.438232],[-80.049099,40.438165],[-80.049485,40.439838],[-80.046752,40.440064],[-80.046009,40.440313],[-80.047316,40.441059],[-80.048416,40.441647],[-80.048562,40.441696],[-80.048439,40.441827],[-80.047698,40.442565],[-80.046771,40.443129],[-80.045573,40.443921],[-80.045331,40.44416],[-80.04553,40.444442],[-80.045801,40.444735],[-80.046129,40.444757],[-80.046471,40.444605],[-80.046856,40.444388],[-80.04737,40.443954],[-80.04794,40.44352],[-80.048411,40.443075],[-80.049691,40.442074],[-80.050644,40.442393],[-80.051895,40.442874],[-80.051505,40.443498],[-80.051177,40.443867],[-80.050379,40.444421],[-80.048996,40.445332],[-80.048553,40.445647],[-80.048596,40.445821],[-80.048753,40.445962],[-80.048939,40.445994],[-80.049537,40.445875],[-80.049965,40.445593],[-80.050621,40.445115],[-80.051505,40.444518],[-80.052019,40.44403],[-80.052726,40.443193],[-80.053526,40.443501],[-80.054625,40.443772],[-80.054417,40.444021],[-80.053302,40.445343],[-80.053317,40.445506],[-80.053616,40.445647],[-80.053916,40.445734],[-80.054201,40.445853],[-80.054643,40.44594],[-80.055156,40.445983],[-80.055498,40.446135],[-80.055655,40.446374],[-80.055641,40.446667],[-80.055527,40.447014],[-80.055457,40.447706],[-80.05513,40.448611],[-80.054714,40.449108],[-80.054506,40.449764],[-80.0551,40.450397],[-80.055873,40.451052],[-80.055368,40.45259],[-80.057537,40.452025],[-80.058814,40.451572],[-80.059587,40.451075],[-80.060775,40.450148],[-80.061815,40.44947],[-80.06336,40.447932],[-80.064578,40.446644],[-80.065677,40.445739],[-80.068797,40.448],[-80.067608,40.449085],[-80.066539,40.448724],[-80.065737,40.44999],[-80.06541,40.450171],[-80.065142,40.450103],[-80.064429,40.449696],[-80.058398,40.453404],[-80.057804,40.455506],[-80.054209,40.45745],[-80.052932,40.456252],[-80.051535,40.454511],[-80.051119,40.453901],[-80.049337,40.453268],[-80.048802,40.45433],[-80.050495,40.45641],[-80.051684,40.457563],[-80.052456,40.458332],[-80.052991,40.458716],[-80.054061,40.459191],[-80.055219,40.459507],[-80.05721,40.459575],[-80.05816,40.459191],[-80.057863,40.45858],[-80.057804,40.458377],[-80.05816,40.458196],[-80.059319,40.458038],[-80.060359,40.457676],[-80.061666,40.456569],[-80.064013,40.458874],[-80.066984,40.457541],[-80.070401,40.458603],[-80.070787,40.458513],[-80.073877,40.458535],[-80.075125,40.458241],[-80.075719,40.457631],[-80.076076,40.457043],[-80.076343,40.456795],[-80.076462,40.456682],[-80.076997,40.456614],[-80.077769,40.456682],[-80.078274,40.456772],[-80.078957,40.456478],[-80.079849,40.455845],[-80.080384,40.455551],[-80.081946,40.456808],[-80.082838,40.456944],[-80.084585,40.458029],[-80.084977,40.458409],[-80.083123,40.459277],[-80.080948,40.460769],[-80.079415,40.462369],[-80.078666,40.463074],[-80.07339,40.461257],[-80.073212,40.460796],[-80.072035,40.460416],[-80.069539,40.460063],[-80.067115,40.460036],[-80.065332,40.460172],[-80.063372,40.460525],[-80.061268,40.461176],[-80.060733,40.46123],[-80.059771,40.46123],[-80.058559,40.46066],[-80.05756,40.460307],[-80.056705,40.460335],[-80.056063,40.460714],[-80.055774,40.460727]]]]},"properties":{"grade":"C","id":"C38","name":null}},{"type":"Feature","geometry":{"type":"MultiPolygon","coordinates":[[[[-80.080857,40.482264],[-80.079698,40.48197],[-80.079371,40.481405],[-80.078985,40.481202],[-80.078539,40.480795],[-80.077945,40.480117],[-80.077796,40.479078],[-80.077321,40.478807],[-80.075598,40.478242],[-80.074766,40.477767],[-80.073815,40.477247],[-80.072865,40.47605],[-80.072627,40.476524],[-80.07233,40.476954],[-80.071765,40.477157],[-80.071409,40.477338],[-80.071042,40.477818],[-80.070428,40.477338],[-80.069388,40.476456],[-80.069151,40.476276],[-80.068616,40.476095],[-80.067962,40.476095],[-80.067131,40.476434],[-80.066358,40.476479],[-80.066002,40.476276],[-80.065853,40.475959],[-80.065912,40.474761],[-80.06517,40.465924],[-80.066507,40.465178],[-80.066239,40.463438],[-80.068399,40.463212],[-80.073806,40.463686],[-80.074044,40.464274],[-80.07553,40.465969],[-80.076421,40.465992],[-80.077074,40.466263],[-80.077609,40.466421],[-80.078263,40.466467],[-80.080491,40.466308],[-80.085482,40.468117],[-80.085364,40.46893],[-80.086374,40.470241],[-80.083085,40.471733],[-80.082312,40.470603],[-80.080203,40.469834],[-80.079014,40.470399],[-80.080827,40.471371],[-80.082401,40.47275],[-80.082817,40.473699],[-80.08356,40.474852],[-80.084392,40.475462],[-80.084214,40.476886],[-80.083768,40.478332],[-80.083649,40.479168],[-80.084035,40.480208],[-80.083976,40.481654],[-80.083322,40.482422],[-80.08252,40.482626],[-80.081896,40.482626],[-80.081243,40.482422],[-80.080857,40.482264]]]]},"properties":{"grade":"C","id":"C39","name":null}},{"type":"Feature","geometry":{"type":"MultiPolygon","coordinates":[[[[-80.006691,40.482661],[-80.006739,40.481938],[-80.004481,40.482503],[-80.002252,40.482774],[-79.999816,40.482797],[-79.997469,40.482797],[-79.994766,40.482639],[-79.994439,40.480627],[-79.99325,40.477283],[-79.994617,40.47726],[-79.99533,40.477147],[-79.995657,40.47726],[-79.995895,40.477803],[-79.9964,40.477712],[-79.996875,40.477554],[-79.999905,40.477577],[-79.999608,40.473576],[-79.996845,40.473644],[-79.995538,40.473599],[-79.994052,40.473509],[-79.9923,40.473531],[-79.991824,40.472266],[-79.991171,40.471904],[-79.990784,40.471678],[-79.990487,40.471339],[-79.989566,40.471429],[-79.989388,40.471588],[-79.989388,40.471927],[-79.989626,40.472243],[-79.989982,40.472605],[-79.989982,40.472921],[-79.989566,40.473147],[-79.989002,40.473396],[-79.989002,40.474367],[-79.988764,40.474706],[-79.987813,40.474865],[-79.986506,40.475204],[-79.986358,40.475294],[-79.986298,40.476108],[-79.986298,40.476718],[-79.983713,40.476899],[-79.983119,40.47448],[-79.982169,40.474526],[-79.981485,40.474571],[-79.980386,40.474096],[-79.979287,40.472853],[-79.978782,40.471859],[-79.978247,40.47152],[-79.976702,40.470932],[-79.977296,40.469757],[-79.976345,40.469124],[-79.980802,40.463383],[-79.985021,40.459359],[-79.985585,40.45945],[-79.986328,40.459902],[-79.986774,40.460354],[-79.986952,40.460987],[-79.986744,40.462253],[-79.985793,40.463903],[-79.986833,40.464287],[-79.988081,40.462524],[-79.988467,40.462253],[-79.989032,40.462275],[-79.990398,40.461597],[-79.990933,40.461394],[-79.991141,40.461326],[-79.991497,40.461371],[-79.991943,40.461823],[-79.994706,40.459947],[-79.996489,40.459111],[-79.997321,40.458907],[-79.997974,40.458907],[-79.998479,40.459495],[-79.998836,40.460557],[-80.000173,40.460331],[-80.000975,40.460309],[-80.001837,40.460354],[-80.002965,40.459585],[-80.003471,40.459382],[-80.004302,40.459337],[-80.00558,40.459563],[-80.00777,40.45902],[-80.008007,40.458975],[-80.008512,40.45902],[-80.008899,40.460738],[-80.009404,40.460286],[-80.009701,40.46006],[-80.010236,40.459789],[-80.01184,40.459857],[-80.01386,40.460557],[-80.017039,40.460015],[-80.017752,40.462818],[-80.018376,40.463134],[-80.019119,40.463745],[-80.019416,40.463925],[-80.02004,40.463925],[-80.020753,40.463925],[-80.02102,40.465146],[-80.02108,40.465553],[-80.02102,40.465847],[-80.020664,40.466344],[-80.020545,40.466615],[-80.020723,40.466819],[-80.021317,40.466864],[-80.021674,40.466932],[-80.021822,40.467338],[-80.02206,40.468062],[-80.02203,40.468559],[-80.020961,40.46883],[-80.020188,40.468898],[-80.019802,40.468988],[-80.019267,40.469214],[-80.018703,40.470096],[-80.018138,40.470548],[-80.017485,40.470932],[-80.01706,40.470525],[-80.016555,40.468875],[-80.016258,40.468491],[-80.015812,40.468288],[-80.015099,40.468491],[-80.014624,40.469169],[-80.014148,40.469237],[-80.013851,40.468785],[-80.013851,40.467994],[-80.013792,40.467542],[-80.01605,40.466864],[-80.017327,40.466321],[-80.018337,40.46544],[-80.018664,40.464988],[-80.018159,40.463835],[-80.014386,40.465056],[-80.014297,40.463225],[-80.011088,40.464129],[-80.010435,40.462094],[-80.010019,40.461688],[-80.009127,40.46171],[-80.007731,40.462049],[-80.007018,40.462388],[-80.006899,40.462931],[-80.006988,40.463631],[-80.005473,40.464197],[-80.00274,40.464603],[-80.003245,40.466502],[-80.004017,40.467045],[-80.003661,40.467384],[-80.00378,40.467858],[-80.004136,40.468717],[-80.004374,40.469599],[-80.004463,40.470367],[-80.004641,40.470751],[-80.005414,40.471339],[-80.005711,40.471542],[-80.006008,40.472763],[-80.006364,40.473509],[-80.006899,40.474345],[-80.007523,40.475],[-80.008028,40.47543],[-80.008295,40.475723],[-80.008503,40.476153],[-80.008563,40.477192],[-80.00785,40.481531],[-80.008622,40.48169],[-80.00886,40.482119],[-80.009187,40.482593],[-80.009424,40.482865],[-80.009662,40.483723],[-80.0099,40.484085],[-80.010435,40.484537],[-80.010999,40.485011],[-80.011504,40.485328],[-80.007939,40.486028],[-80.006899,40.484266],[-80.006959,40.483339],[-80.006691,40.482661]]]]},"properties":{"grade":"C","id":"C4","name":null}},{"type":"Feature","geometry":{"type":"MultiPolygon","coordinates":[[[[-80.116879,40.489888],[-80.117592,40.48837],[-80.118091,40.487095],[-80.117984,40.486173],[-80.117592,40.485902],[-80.116986,40.48574],[-80.116593,40.485848],[-80.116201,40.486038],[-80.115738,40.486634],[-80.114419,40.486038],[-80.11146,40.488587],[-80.110212,40.490024],[-80.10932,40.489942],[-80.108928,40.489563],[-80.108643,40.489021],[-80.1085,40.488261],[-80.108893,40.487421],[-80.111638,40.485007],[-80.113207,40.483381],[-80.11146,40.482974],[-80.110497,40.482431],[-80.108394,40.479964],[-80.109641,40.479069],[-80.110818,40.478743],[-80.111531,40.478716],[-80.112137,40.478852],[-80.113492,40.479964],[-80.114561,40.480045],[-80.115239,40.479964],[-80.116629,40.479557],[-80.116558,40.480615],[-80.11613,40.481699],[-80.118091,40.481916],[-80.118376,40.482106],[-80.118946,40.482675],[-80.122226,40.482974],[-80.122904,40.482784],[-80.12294,40.483028],[-80.122975,40.48395],[-80.12212,40.487177],[-80.122262,40.487448],[-80.122726,40.487936],[-80.122583,40.48837],[-80.121086,40.491379],[-80.116879,40.489888]]]]},"properties":{"grade":"C","id":"C40","name":null}},{"type":"Feature","geometry":{"type":"MultiPolygon","coordinates":[[[[-80.125411,40.39571],[-80.125467,40.396089],[-80.125717,40.396578],[-80.125895,40.396904],[-80.125895,40.397555],[-80.125574,40.398343],[-80.12454,40.399483],[-80.122544,40.399429],[-80.121867,40.399564],[-80.121546,40.399782],[-80.127678,40.410804],[-80.131243,40.409881],[-80.13135,40.410144],[-80.131885,40.411455],[-80.127535,40.412867],[-80.120048,40.400922],[-80.120904,40.400515],[-80.119799,40.398641],[-80.120333,40.398234],[-80.119549,40.397039],[-80.120868,40.397039],[-80.120227,40.396225],[-80.120654,40.39598],[-80.121439,40.39579],[-80.122294,40.395627],[-80.123364,40.395817],[-80.12397,40.395817],[-80.125411,40.39571]]]]},"properties":{"grade":"C","id":"C41","name":null}},{"type":"Feature","geometry":{"type":"MultiPolygon","coordinates":[[[[-80.075311,40.409716],[-80.077268,40.408775],[-80.076364,40.407725],[-80.076436,40.407092],[-80.078622,40.402567],[-80.079098,40.402078],[-80.079739,40.401789],[-80.080952,40.401535],[-80.081403,40.401409],[-80.081546,40.400902],[-80.081474,40.399997],[-80.081712,40.399327],[-80.083923,40.396884],[-80.08271,40.396015],[-80.083138,40.395689],[-80.083542,40.395526],[-80.084041,40.395218],[-80.084493,40.394784],[-80.085158,40.394621],[-80.086038,40.394621],[-80.086513,40.394386],[-80.086157,40.393227],[-80.085658,40.392648],[-80.085824,40.390439],[-80.09816,40.390276],[-80.098968,40.393535],[-80.097209,40.392666],[-80.096377,40.39301],[-80.095355,40.393245],[-80.094214,40.393354],[-80.093192,40.39339],[-80.092099,40.393408],[-80.091029,40.393553],[-80.090839,40.393607],[-80.090625,40.3952],[-80.090839,40.395381],[-80.094404,40.394965],[-80.094927,40.395001],[-80.097874,40.394567],[-80.098445,40.394639],[-80.098564,40.395073],[-80.098492,40.396739],[-80.098373,40.397246],[-80.097803,40.398169],[-80.097565,40.398639],[-80.098302,40.398748],[-80.097558,40.399961],[-80.097321,40.40025],[-80.096869,40.400377],[-80.096322,40.400504],[-80.094706,40.400775],[-80.092947,40.401029],[-80.091806,40.4013],[-80.091474,40.401373],[-80.090737,40.401373],[-80.089477,40.401626],[-80.088265,40.40197],[-80.087457,40.402531],[-80.087077,40.402802],[-80.086886,40.40349],[-80.087124,40.40501],[-80.087742,40.406513],[-80.08199,40.410187],[-80.080041,40.411435],[-80.079091,40.410784],[-80.078568,40.411508],[-80.077997,40.411381],[-80.075311,40.409716]]]]},"properties":{"grade":"C","id":"C42","name":null}},{"type":"Feature","geometry":{"type":"MultiPolygon","coordinates":[[[[-79.977233,40.499172],[-79.97652,40.497798],[-79.972718,40.498449],[-79.970483,40.498376],[-79.970721,40.49675],[-79.969533,40.485471],[-79.967298,40.485651],[-79.967108,40.484856],[-79.967821,40.484386],[-79.967394,40.482687],[-79.964351,40.482795],[-79.964589,40.482108],[-79.965254,40.481204],[-79.96611,40.479469],[-79.966538,40.479107],[-79.968867,40.478167],[-79.969343,40.477299],[-79.96996,40.476829],[-79.971054,40.475455],[-79.971672,40.474406],[-79.972242,40.473032],[-79.973811,40.471622],[-79.974999,40.472526],[-79.977186,40.473538],[-79.97614,40.474515],[-79.97961,40.475925],[-79.981417,40.47531],[-79.98213,40.476938],[-79.981036,40.476901],[-79.980181,40.47936],[-79.982272,40.480228],[-79.983984,40.481927],[-79.984316,40.482289],[-79.986455,40.483048],[-79.987216,40.483229],[-79.987739,40.483482],[-79.988737,40.484097],[-79.989022,40.486302],[-79.989403,40.487061],[-79.989783,40.488254],[-79.988024,40.48764],[-79.985837,40.488146],[-79.983603,40.488182],[-79.98308,40.487712],[-79.982985,40.487242],[-79.983128,40.486049],[-79.983175,40.485326],[-79.983461,40.484169],[-79.982985,40.483482],[-79.98232,40.482904],[-79.981131,40.482397],[-79.979182,40.48153],[-79.979182,40.483229],[-79.975285,40.483482],[-79.97614,40.495521],[-79.976901,40.49581],[-79.977471,40.495485],[-79.978897,40.495087],[-79.980038,40.495051],[-79.980466,40.497979],[-79.981179,40.499822],[-79.97885,40.499605],[-79.977233,40.499172]]]]},"properties":{"grade":"C","id":"C5","name":null}},{"type":"Feature","geometry":{"type":"MultiPolygon","coordinates":[[[[-79.956118,40.494298],[-79.956032,40.493623],[-79.957295,40.493583],[-79.963567,40.493388],[-79.963638,40.49384],[-79.963614,40.493912],[-79.963662,40.494093],[-79.963305,40.494617],[-79.962996,40.494906],[-79.962806,40.495268],[-79.962402,40.495503],[-79.961808,40.495575],[-79.961285,40.495485],[-79.96081,40.496099],[-79.960572,40.496623],[-79.960239,40.496786],[-79.959431,40.496876],[-79.958956,40.496786],[-79.956365,40.496262],[-79.956118,40.494298]]]]},"properties":{"grade":"C","id":"C6","name":null}},{"type":"Feature","geometry":{"type":"MultiPolygon","coordinates":[[[[-79.940437,40.496493],[-79.940417,40.496306],[-79.9417,40.496216],[-79.94277,40.495981],[-79.944339,40.495457],[-79.945004,40.495005],[-79.945503,40.494445],[-79.947476,40.492854],[-79.94807,40.492944],[-79.948641,40.492709],[-79.949116,40.492402],[-79.9499,40.491516],[-79.950566,40.490866],[-79.951421,40.490233],[-79.953418,40.489311],[-79.955248,40.491751],[-79.956555,40.491318],[-79.957295,40.493583],[-79.956032,40.493623],[-79.956118,40.494298],[-79.955231,40.494119],[-79.953948,40.493902],[-79.953425,40.494029],[-79.952498,40.494101],[-79.950977,40.494228],[-79.949622,40.494228],[-79.949076,40.494119],[-79.947982,40.493649],[-79.946461,40.494878],[-79.946414,40.495077],[-79.946461,40.495475],[-79.946675,40.496577],[-79.946699,40.497553],[-79.947554,40.497318],[-79.948339,40.496975],[-79.949099,40.496577],[-79.949765,40.496577],[-79.949979,40.496632],[-79.950216,40.49683],[-79.950549,40.497264],[-79.951904,40.497626],[-79.952094,40.497806],[-79.953306,40.498258],[-79.95352,40.498801],[-79.953972,40.499469],[-79.954257,40.499469],[-79.955041,40.499162],[-79.955255,40.499596],[-79.955469,40.501114],[-79.956301,40.50106],[-79.957703,40.501078],[-79.95806,40.504349],[-79.955136,40.504512],[-79.954471,40.50453],[-79.95314,40.504909],[-79.952237,40.505307],[-79.951643,40.505397],[-79.950644,40.505307],[-79.952688,40.509517],[-79.9515,40.509752],[-79.949575,40.509698],[-79.948719,40.509644],[-79.945724,40.508704],[-79.945415,40.508451],[-79.945011,40.507981],[-79.944726,40.50715],[-79.944655,40.506012],[-79.943347,40.505668],[-79.943585,40.504656],[-79.943181,40.50406],[-79.943561,40.50312],[-79.942373,40.501638],[-79.934672,40.501295],[-79.934648,40.501204],[-79.934387,40.500716],[-79.933817,40.499451],[-79.934173,40.498801],[-79.934102,40.497553],[-79.940536,40.497391],[-79.940437,40.496493]]]]},"properties":{"grade":"C","id":"C7","name":null}},{"type":"Feature","geometry":{"type":"MultiPolygon","coordinates":[[[[-79.923154,40.494625],[-79.923083,40.495601],[-79.929667,40.495276],[-79.932257,40.49524],[-79.935276,40.49533],[-79.936512,40.495421],[-79.939198,40.496523],[-79.938064,40.496668],[-79.937612,40.496722],[-79.936566,40.496559],[-79.936519,40.496939],[-79.925633,40.497373],[-79.924991,40.499686],[-79.925776,40.501584],[-79.926988,40.503084],[-79.924801,40.503283],[-79.92454,40.503012],[-79.924017,40.501078],[-79.923589,40.501042],[-79.923114,40.501168],[-79.922781,40.501367],[-79.922306,40.501819],[-79.921403,40.50274],[-79.920523,40.503373],[-79.919834,40.503536],[-79.918788,40.503536],[-79.918669,40.499668],[-79.920333,40.499632],[-79.92019,40.496776],[-79.918075,40.496867],[-79.917243,40.496758],[-79.91527,40.495258],[-79.913512,40.494571],[-79.914438,40.493161],[-79.918075,40.493866],[-79.923154,40.494625]]]]},"properties":{"grade":"C","id":"C8","name":null}},{"type":"Feature","geometry":{"type":"MultiPolygon","coordinates":[[[[-79.896797,40.48984],[-79.897106,40.487906],[-79.907516,40.490726],[-79.907706,40.491937],[-79.907706,40.492515],[-79.900956,40.490581],[-79.899958,40.490509],[-79.896797,40.48984]]]]},"properties":{"grade":"C","id":"C9","name":null}},{"type":"Feature","geometry":{"type":"MultiPolygon","coordinates":[[[[-80.040459,40.475045],[-80.036538,40.475271],[-80.035914,40.475475],[-80.036092,40.476017],[-80.032854,40.476627],[-80.03192,40.47684],[-80.0311,40.47684],[-80.030173,40.476786],[-80.030066,40.477111],[-80.029781,40.477599],[-80.029211,40.477925],[-80.028319,40.478142],[-80.028177,40.478196],[-80.027999,40.478548],[-80.027606,40.47966],[-80.027785,40.481775],[-80.027321,40.482074],[-80.02536,40.482074],[-80.025182,40.481558],[-80.025574,40.480582],[-80.025681,40.479877],[-80.025539,40.479416],[-80.024861,40.478765],[-80.024897,40.478413],[-80.025253,40.47806],[-80.02561,40.477681],[-80.025539,40.477003],[-80.024469,40.476623],[-80.023863,40.47684],[-80.023185,40.47684],[-80.021153,40.476596],[-80.022009,40.476135],[-80.021866,40.475755],[-80.023185,40.474779],[-80.024255,40.474182],[-80.025752,40.473884],[-80.028034,40.474101],[-80.028105,40.472826],[-80.028676,40.473124],[-80.029353,40.474155],[-80.029995,40.474616],[-80.030601,40.474969],[-80.031956,40.474942],[-80.032526,40.474725],[-80.032633,40.474453],[-80.033061,40.473775],[-80.033596,40.473504],[-80.033845,40.473206],[-80.033774,40.472555],[-80.034808,40.472799],[-80.035414,40.471606],[-80.035272,40.470277],[-80.034024,40.467673],[-80.032562,40.466507],[-80.030922,40.467998],[-80.030245,40.466669],[-80.028712,40.466995],[-80.027999,40.464391],[-80.030922,40.461841],[-80.025717,40.459644],[-80.021096,40.457257],[-80.016889,40.455195],[-80.012112,40.452835],[-80.010472,40.451777],[-80.009189,40.450149],[-80.008155,40.449552],[-80.006907,40.449552],[-80.005623,40.449661],[-80.00106,40.450448],[-79.997281,40.451262],[-79.994429,40.452862],[-79.992111,40.454707],[-79.990578,40.456307],[-79.987869,40.45761],[-79.986336,40.456741],[-79.987084,40.456389],[-79.989794,40.454436],[-79.994168,40.450638],[-79.99752,40.448901],[-80.003937,40.446731],[-80.005256,40.446568],[-80.006183,40.446622],[-80.007146,40.446812],[-80.008108,40.446758],[-80.008679,40.446595],[-80.00957,40.446568],[-80.010426,40.446568],[-80.010604,40.447463],[-80.020159,40.446541],[-80.020444,40.447572],[-80.020658,40.447626],[-80.022048,40.447599],[-80.023296,40.448087],[-80.025257,40.448738],[-80.028287,40.449986],[-80.028751,40.451533],[-80.030961,40.451099],[-80.033243,40.458261],[-80.034277,40.459102],[-80.034419,40.460105],[-80.035739,40.46336],[-80.03417,40.463903],[-80.032851,40.464065],[-80.035846,40.4677],[-80.036915,40.469734],[-80.040195,40.468921],[-80.041443,40.47166],[-80.042655,40.471524],[-80.043618,40.47364],[-80.041229,40.473531],[-80.040552,40.473531],[-80.03909,40.473341],[-80.040459,40.475045]]]]},"properties":{"grade":"D","id":"D1","name":null}},{"type":"Feature","geometry":{"type":"MultiPolygon","coordinates":[[[[-79.962024,40.447892],[-79.965298,40.445573],[-79.964299,40.443764],[-79.96506,40.443221],[-79.962921,40.441991],[-79.960592,40.443945],[-79.957802,40.442178],[-79.96022,40.440459],[-79.963726,40.438153],[-79.96533,40.437723],[-79.96539,40.437497],[-79.965538,40.437067],[-79.965776,40.436751],[-79.965954,40.436457],[-79.97044,40.436525],[-79.971192,40.436601],[-79.971858,40.436709],[-79.973046,40.436673],[-79.976801,40.436239],[-79.982363,40.435696],[-79.986451,40.435153],[-79.989446,40.435081],[-79.99111,40.434973],[-79.992346,40.434719],[-79.993249,40.434575],[-79.99767,40.435841],[-79.995103,40.439893],[-79.994722,40.441557],[-79.993724,40.443077],[-79.99187,40.443728],[-79.987735,40.446188],[-79.984074,40.448973],[-79.979749,40.450818],[-79.97856,40.45165],[-79.977372,40.452229],[-79.977134,40.452446],[-79.976564,40.453097],[-79.975328,40.453603],[-79.973426,40.455448],[-79.970241,40.457474],[-79.96796,40.458559],[-79.965583,40.459246],[-79.963726,40.459247],[-79.963726,40.458682],[-79.963755,40.45832],[-79.964112,40.457642],[-79.964914,40.456828],[-79.965568,40.456308],[-79.966043,40.455833],[-79.966162,40.455313],[-79.966043,40.454748],[-79.966132,40.453731],[-79.964587,40.452442],[-79.964587,40.452058],[-79.964647,40.451628],[-79.964884,40.451221],[-79.965122,40.450656],[-79.965033,40.450204],[-79.964974,40.449594],[-79.96429,40.448373],[-79.962024,40.447892]]]]},"properties":{"grade":"D","id":"D10","name":null}},{"type":"Feature","geometry":{"type":"MultiPolygon","coordinates":[[[[-79.937997,40.428383],[-79.93868,40.426891],[-79.93975,40.426936],[-79.943672,40.425783],[-79.944236,40.424516],[-79.943018,40.42049],[-79.94385,40.419834],[-79.942899,40.417007],[-79.943464,40.416826],[-79.943166,40.416057],[-79.942216,40.414428],[-79.942275,40.413659],[-79.941978,40.412867],[-79.941414,40.412257],[-79.940582,40.411691],[-79.939898,40.410107],[-79.939453,40.407167],[-79.939067,40.407574],[-79.938472,40.407664],[-79.937759,40.407755],[-79.936006,40.406895],[-79.935472,40.406216],[-79.934937,40.405017],[-79.935472,40.404633],[-79.935769,40.404112],[-79.936036,40.402891],[-79.936987,40.40099],[-79.937224,40.40056],[-79.937848,40.40013],[-79.940998,40.402189],[-79.941443,40.402529],[-79.942038,40.403524],[-79.944533,40.41151],[-79.94281,40.411668],[-79.942988,40.412505],[-79.944474,40.414813],[-79.945395,40.416713],[-79.945424,40.417866],[-79.947207,40.419631],[-79.948187,40.420784],[-79.948336,40.421644],[-79.949435,40.422458],[-79.950267,40.423317],[-79.950713,40.424018],[-79.950891,40.424833],[-79.950772,40.425376],[-79.950059,40.425805],[-79.951545,40.427863],[-79.953981,40.429695],[-79.958467,40.432884],[-79.958408,40.433788],[-79.957487,40.434693],[-79.95609,40.434535],[-79.956477,40.432974],[-79.956298,40.432454],[-79.955169,40.431753],[-79.95303,40.430374],[-79.951782,40.432092],[-79.951723,40.433947],[-79.951485,40.434399],[-79.951693,40.435281],[-79.951129,40.435507],[-79.950535,40.435462],[-79.950148,40.435349],[-79.950327,40.431437],[-79.949881,40.429899],[-79.949227,40.428768],[-79.948514,40.428406],[-79.947356,40.428383],[-79.946405,40.428406],[-79.945424,40.428542],[-79.943315,40.429605],[-79.942275,40.430012],[-79.94183,40.430215],[-79.941146,40.430215],[-79.940582,40.430102],[-79.939898,40.429786],[-79.939572,40.42913],[-79.938799,40.428858],[-79.938591,40.428655],[-79.937997,40.428383]]]]},"properties":{"grade":"D","id":"D11","name":null}},{"type":"Feature","geometry":{"type":"MultiPolygon","coordinates":[[[[-79.965954,40.436457],[-79.965895,40.436118],[-79.965805,40.435846],[-79.965508,40.435439],[-79.964766,40.43501],[-79.959685,40.432861],[-79.959061,40.432793],[-79.958467,40.432884],[-79.953981,40.429695],[-79.951545,40.427863],[-79.950059,40.425805],[-79.950772,40.425376],[-79.950891,40.424833],[-79.950713,40.424018],[-79.950267,40.423317],[-79.949435,40.422458],[-79.948336,40.421644],[-79.948187,40.420784],[-79.947207,40.419631],[-79.945424,40.417866],[-79.945395,40.416713],[-79.944474,40.414813],[-79.942988,40.412505],[-79.94281,40.411668],[-79.944533,40.41151],[-79.942038,40.403524],[-79.941443,40.402529],[-79.940998,40.402189],[-79.937848,40.40013],[-79.938443,40.399972],[-79.939304,40.399746],[-79.939958,40.399949],[-79.940701,40.400402],[-79.941592,40.401171],[-79.942572,40.402483],[-79.943493,40.404248],[-79.944979,40.403864],[-79.946613,40.403773],[-79.948069,40.407958],[-79.946048,40.408479],[-79.94688,40.41065],[-79.94997,40.410017],[-79.950208,40.410899],[-79.950564,40.412143],[-79.94593,40.413274],[-79.946553,40.414654],[-79.94688,40.41574],[-79.949524,40.420264],[-79.952882,40.425014],[-79.95612,40.42827],[-79.958942,40.431165],[-79.960042,40.431889],[-79.961913,40.432929],[-79.965419,40.434444],[-79.97044,40.436525],[-79.965954,40.436457]]]]},"properties":{"grade":"D","id":"D12","name":null}},{"type":"Feature","geometry":{"type":"MultiPolygon","coordinates":[[[[-79.875487,40.415496],[-79.87522,40.414138],[-79.873556,40.413731],[-79.872457,40.413256],[-79.871179,40.412465],[-79.872813,40.411537],[-79.875071,40.408347],[-79.877448,40.406379],[-79.878755,40.407963],[-79.878072,40.408664],[-79.882558,40.411175],[-79.885589,40.413369],[-79.890105,40.415518],[-79.889837,40.416785],[-79.890045,40.417011],[-79.891204,40.417124],[-79.892155,40.417486],[-79.892273,40.418097],[-79.891798,40.418934],[-79.8937,40.419567],[-79.889689,40.421128],[-79.889184,40.420314],[-79.887282,40.420879],[-79.886718,40.419748],[-79.886034,40.418753],[-79.884757,40.41769],[-79.881816,40.416016],[-79.880687,40.415428],[-79.879528,40.415111],[-79.879171,40.415043],[-79.878815,40.416242],[-79.878161,40.41588],[-79.876943,40.415631],[-79.875487,40.415496]]]]},"properties":{"grade":"D","id":"D13","name":null}},{"type":"Feature","geometry":{"type":"MultiPolygon","coordinates":[[[[-79.85775,40.402918],[-79.855908,40.401266],[-79.856627,40.400515],[-79.858641,40.398409],[-79.862682,40.394184],[-79.866188,40.39613],[-79.868446,40.397985],[-79.869783,40.399999],[-79.871209,40.40147],[-79.873705,40.403325],[-79.875725,40.404637],[-79.877448,40.406379],[-79.875071,40.408347],[-79.872813,40.411537],[-79.871179,40.412465],[-79.870318,40.412532],[-79.869575,40.411605],[-79.867525,40.409931],[-79.865832,40.408212],[-79.865564,40.407578],[-79.865475,40.405225],[-79.865237,40.40337],[-79.864703,40.402556],[-79.864287,40.402443],[-79.862861,40.403506],[-79.85986,40.40104],[-79.858374,40.402488],[-79.85775,40.402918]]]]},"properties":{"grade":"D","id":"D14","name":null}},{"type":"Feature","geometry":{"type":"MultiPolygon","coordinates":[[[[-79.856627,40.400515],[-79.855255,40.399841],[-79.854393,40.40104],[-79.853116,40.402895],[-79.852729,40.403302],[-79.852997,40.403506],[-79.853502,40.403619],[-79.853888,40.404117],[-79.853651,40.404524],[-79.853205,40.404977],[-79.852759,40.405474],[-79.852462,40.406062],[-79.851957,40.408008],[-79.853324,40.408936],[-79.853948,40.409071],[-79.855314,40.409094],[-79.855879,40.409094],[-79.856443,40.409071],[-79.857097,40.409071],[-79.857424,40.408913],[-79.858166,40.408506],[-79.859385,40.407488],[-79.860751,40.409071],[-79.862771,40.410836],[-79.863574,40.411582],[-79.860959,40.411967],[-79.861108,40.413075],[-79.860424,40.413256],[-79.858196,40.413234],[-79.856889,40.413007],[-79.856235,40.412736],[-79.85576,40.413143],[-79.855077,40.413596],[-79.854482,40.413867],[-79.854066,40.413867],[-79.853294,40.413754],[-79.852848,40.413777],[-79.852224,40.413912],[-79.851422,40.414093],[-79.850353,40.414455],[-79.850382,40.41536],[-79.850204,40.415812],[-79.84958,40.417056],[-79.849164,40.417237],[-79.84854,40.417486],[-79.848303,40.417283],[-79.847976,40.416695],[-79.847471,40.415609],[-79.846936,40.414749],[-79.845302,40.413392],[-79.844945,40.413007],[-79.844411,40.411469],[-79.843401,40.409727],[-79.843074,40.409433],[-79.84248,40.410248],[-79.841737,40.411062],[-79.841024,40.411922],[-79.840489,40.413053],[-79.839776,40.414229],[-79.838498,40.415473],[-79.837726,40.414206],[-79.837191,40.413347],[-79.836122,40.412487],[-79.835349,40.411786],[-79.835022,40.411628],[-79.834814,40.398823],[-79.83526,40.398755],[-79.835706,40.398415],[-79.836062,40.398008],[-79.836389,40.397216],[-79.836746,40.394795],[-79.836389,40.393822],[-79.836508,40.393143],[-79.836864,40.392872],[-79.838261,40.3926],[-79.83936,40.392623],[-79.840578,40.392827],[-79.841677,40.393257],[-79.842331,40.393664],[-79.843014,40.39389],[-79.843727,40.393913],[-79.844589,40.394003],[-79.845629,40.394139],[-79.846372,40.39432],[-79.846995,40.394546],[-79.84753,40.395112],[-79.845777,40.399705],[-79.846282,40.40052],[-79.846669,40.401266],[-79.846995,40.401651],[-79.847649,40.402262],[-79.848719,40.402963],[-79.84961,40.40337],[-79.850501,40.403619],[-79.850293,40.403008],[-79.85059,40.402601],[-79.851155,40.401402],[-79.853205,40.397985],[-79.853621,40.397578],[-79.853829,40.39751],[-79.854037,40.397488],[-79.858641,40.398409],[-79.856627,40.400515]]]]},"properties":{"grade":"D","id":"D15","name":null}},{"type":"Feature","geometry":{"type":"MultiPolygon","coordinates":[[[[-79.847411,40.377102],[-79.842705,40.377863],[-79.839924,40.37464],[-79.844725,40.373535],[-79.847411,40.377102]]]]},"properties":{"grade":"D","id":"D16","name":null}},{"type":"Feature","geometry":{"type":"MultiPolygon","coordinates":[[[[-79.848258,40.368072],[-79.84808,40.36848],[-79.845584,40.369105],[-79.845263,40.36867],[-79.842732,40.369186],[-79.842268,40.367692],[-79.841805,40.365519],[-79.84184,40.364242],[-79.842732,40.362151],[-79.84398,40.360955],[-79.845477,40.360086],[-79.846903,40.359543],[-79.846939,40.360249],[-79.849363,40.360521],[-79.84644,40.364758],[-79.846582,40.365437],[-79.846832,40.366035],[-79.847081,40.366225],[-79.847901,40.366388],[-79.848258,40.368072]]]]},"properties":{"grade":"D","id":"D17","name":null}},{"type":"Feature","geometry":{"type":"MultiPolygon","coordinates":[[[[-79.858169,40.369458],[-79.85931,40.368887],[-79.860344,40.368561],[-79.860736,40.368914],[-79.86152,40.36867],[-79.861948,40.36867],[-79.862376,40.368724],[-79.862839,40.369023],[-79.863713,40.369498],[-79.864087,40.369702],[-79.865442,40.370598],[-79.865763,40.371468],[-79.866262,40.371739],[-79.866797,40.372147],[-79.867189,40.372581],[-79.867652,40.372636],[-79.870184,40.37288],[-79.869863,40.373125],[-79.869079,40.373613],[-79.86808,40.373831],[-79.867439,40.373885],[-79.860344,40.373097],[-79.856458,40.375297],[-79.852821,40.376139],[-79.853071,40.375786],[-79.853142,40.375433],[-79.851645,40.373994],[-79.852999,40.372989],[-79.854176,40.373858],[-79.857884,40.371794],[-79.857884,40.371441],[-79.858169,40.371196],[-79.858169,40.369458]]]]},"properties":{"grade":"D","id":"D18","name":null}},{"type":"Feature","geometry":{"type":"MultiPolygon","coordinates":[[[[-79.865718,40.379929],[-79.861097,40.382739],[-79.857465,40.378712],[-79.863626,40.377814],[-79.865718,40.379929]]]]},"properties":{"grade":"D","id":"D19","name":null}},{"type":"Feature","geometry":{"type":"MultiPolygon","coordinates":[[[[-80.023579,40.463975],[-80.022901,40.461082],[-80.019241,40.461697],[-80.020667,40.462782],[-80.020952,40.463216],[-80.021285,40.463867],[-80.020753,40.463925],[-80.02004,40.463925],[-80.019416,40.463925],[-80.019119,40.463745],[-80.018376,40.463134],[-80.017752,40.462818],[-80.017039,40.460015],[-80.01386,40.460557],[-80.01184,40.459857],[-80.010236,40.459789],[-80.009701,40.46006],[-80.009404,40.460286],[-80.008899,40.460738],[-80.008512,40.45902],[-80.008007,40.458975],[-80.00777,40.45902],[-80.00558,40.459563],[-80.004302,40.459337],[-80.003471,40.459382],[-80.002965,40.459585],[-80.001837,40.460354],[-80.000975,40.460309],[-80.000173,40.460331],[-79.998836,40.460557],[-79.998479,40.459495],[-79.997974,40.458907],[-79.997321,40.458907],[-79.996489,40.459111],[-79.994706,40.459947],[-79.991943,40.461823],[-79.991497,40.461371],[-79.991141,40.461326],[-79.990933,40.461394],[-79.990398,40.461597],[-79.989032,40.462275],[-79.988467,40.462253],[-79.988081,40.462524],[-79.986833,40.464287],[-79.985793,40.463903],[-79.986744,40.462253],[-79.986952,40.460987],[-79.986774,40.460354],[-79.986328,40.459902],[-79.985585,40.45945],[-79.985021,40.459359],[-79.987869,40.45761],[-79.990578,40.456307],[-79.992111,40.454707],[-79.994429,40.452862],[-79.997281,40.451262],[-80.00106,40.450448],[-80.005623,40.449661],[-80.006907,40.449552],[-80.008155,40.449552],[-80.009189,40.450149],[-80.010472,40.451777],[-80.012112,40.452835],[-80.016889,40.455195],[-80.021096,40.457257],[-80.025717,40.459644],[-80.030922,40.461841],[-80.027999,40.464391],[-80.027691,40.46327],[-80.026122,40.463776],[-80.024838,40.463957],[-80.023579,40.463975]]]]},"properties":{"grade":"D","id":"D2","name":null}},{"type":"Feature","geometry":{"type":"MultiPolygon","coordinates":[[[[-79.894402,40.392043],[-79.894402,40.392478],[-79.894581,40.393673],[-79.894474,40.394759],[-79.894438,40.395247],[-79.894723,40.395519],[-79.895222,40.395872],[-79.895365,40.396415],[-79.895793,40.396985],[-79.895971,40.397745],[-79.895971,40.398587],[-79.895044,40.398913],[-79.888662,40.401465],[-79.889518,40.40247],[-79.890445,40.403257],[-79.891051,40.403528],[-79.891087,40.404126],[-79.892049,40.405022],[-79.893368,40.405565],[-79.894153,40.406352],[-79.894474,40.40684],[-79.894402,40.407411],[-79.893939,40.407954],[-79.892406,40.408089],[-79.886773,40.406406],[-79.882637,40.403963],[-79.878573,40.400623],[-79.875828,40.397664],[-79.870872,40.392912],[-79.869375,40.391202],[-79.868234,40.389491],[-79.869981,40.388432],[-79.870979,40.387943],[-79.87212,40.38759],[-79.873296,40.387454],[-79.87458,40.387346],[-79.874045,40.386368],[-79.872512,40.383218],[-79.878323,40.382756],[-79.878323,40.383299],[-79.878466,40.383761],[-79.878894,40.384114],[-79.879714,40.384494],[-79.880534,40.384739],[-79.882138,40.38482],[-79.884277,40.384712],[-79.886309,40.384739],[-79.887557,40.387699],[-79.893511,40.38759],[-79.894224,40.387699],[-79.894402,40.387943],[-79.894545,40.388568],[-79.894188,40.390686],[-79.894402,40.391229],[-79.894402,40.392043]]]]},"properties":{"grade":"D","id":"D20","name":null}},{"type":"Feature","geometry":{"type":"MultiPolygon","coordinates":[[[[-79.897735,40.407435],[-79.897963,40.407536],[-79.898742,40.407652],[-79.899769,40.407666],[-79.901118,40.407514],[-79.901461,40.408231],[-79.906177,40.408028],[-79.907223,40.407898],[-79.907888,40.407608],[-79.91017,40.406305],[-79.913098,40.404438],[-79.913193,40.404597],[-79.913402,40.404988],[-79.913783,40.405263],[-79.914676,40.405581],[-79.915,40.405842],[-79.916521,40.407015],[-79.917243,40.407507],[-79.916179,40.408492],[-79.917357,40.409592],[-79.914752,40.411156],[-79.912281,40.412531],[-79.909866,40.4134],[-79.907565,40.413892],[-79.90574,40.414095],[-79.904789,40.413935],[-79.903211,40.409462],[-79.902602,40.409375],[-79.902013,40.409346],[-79.900644,40.409476],[-79.898913,40.409679],[-79.898267,40.409534],[-79.89764,40.409418],[-79.897735,40.407435]]]]},"properties":{"grade":"D","id":"D21","name":null}},{"type":"Feature","geometry":{"type":"MultiPolygon","coordinates":[[[[-79.900054,40.400065],[-79.900986,40.399616],[-79.901442,40.400383],[-79.901062,40.400658],[-79.901975,40.401904],[-79.905492,40.400079],[-79.905892,40.4006],[-79.906025,40.400644],[-79.906386,40.400586],[-79.906785,40.400398],[-79.907603,40.399819],[-79.908078,40.399326],[-79.908516,40.399283],[-79.90901,40.399471],[-79.9092,40.399413],[-79.909771,40.39908],[-79.910664,40.398964],[-79.9123,40.399138],[-79.91268,40.399138],[-79.913136,40.399457],[-79.913707,40.399428],[-79.914429,40.399051],[-79.917871,40.401078],[-79.917586,40.401817],[-79.91751,40.402208],[-79.917567,40.402657],[-79.917738,40.403077],[-79.914676,40.405581],[-79.913783,40.405263],[-79.913402,40.404988],[-79.913193,40.404597],[-79.913098,40.404438],[-79.91017,40.406305],[-79.908116,40.404264],[-79.905017,40.405914],[-79.902811,40.403221],[-79.900663,40.403974],[-79.901214,40.406421],[-79.901309,40.407493],[-79.901118,40.407514],[-79.899769,40.407666],[-79.898742,40.407652],[-79.897963,40.407536],[-79.897735,40.407435],[-79.899446,40.40519],[-79.89956,40.405002],[-79.899674,40.404423],[-79.899674,40.403598],[-79.899446,40.402497],[-79.899237,40.401962],[-79.899389,40.401556],[-79.899807,40.401151],[-79.899959,40.400731],[-79.899807,40.40021],[-79.900054,40.400065]]]]},"properties":{"grade":"D","id":"D22","name":null}},{"type":"Feature","geometry":{"type":"MultiPolygon","coordinates":[[[[-79.914429,40.399051],[-79.915671,40.398122],[-79.915166,40.397963],[-79.914483,40.397511],[-79.913829,40.397194],[-79.913473,40.396877],[-79.91371,40.396334],[-79.915285,40.395044],[-79.916562,40.394139],[-79.917157,40.393302],[-79.917365,40.392759],[-79.917929,40.39285],[-79.918702,40.392963],[-79.919088,40.392872],[-79.919533,40.392533],[-79.920276,40.391967],[-79.921762,40.390949],[-79.923336,40.389953],[-79.924584,40.389591],[-79.925059,40.389546],[-79.925713,40.389523],[-79.926367,40.389636],[-79.926486,40.389274],[-79.92607,40.388731],[-79.925119,40.388392],[-79.924495,40.388143],[-79.924228,40.387849],[-79.92402,40.387373],[-79.92399,40.386106],[-79.923515,40.38511],[-79.92396,40.384975],[-79.924406,40.384907],[-79.925386,40.384703],[-79.926099,40.384409],[-79.926456,40.384002],[-79.926426,40.383617],[-79.926634,40.383164],[-79.927347,40.383074],[-79.927704,40.38278],[-79.927704,40.382259],[-79.927466,40.381829],[-79.926872,40.38115],[-79.926307,40.380335],[-79.926783,40.379204],[-79.927317,40.3778],[-79.92806,40.376691],[-79.929189,40.375831],[-79.930318,40.375401],[-79.93118,40.37556],[-79.931566,40.375831],[-79.931863,40.377823],[-79.932814,40.379091],[-79.932606,40.379928],[-79.932933,40.380313],[-79.933022,40.380584],[-79.933022,40.381535],[-79.93323,40.381648],[-79.934091,40.380765],[-79.934656,40.380109],[-79.935131,40.379951],[-79.935606,40.380109],[-79.935874,40.380494],[-79.93623,40.381603],[-79.936112,40.382531],[-79.936112,40.383888],[-79.936112,40.385224],[-79.936528,40.386332],[-79.936438,40.387939],[-79.936646,40.389297],[-79.933794,40.389976],[-79.934745,40.391967],[-79.935131,40.392352],[-79.934745,40.39285],[-79.933913,40.392985],[-79.932665,40.393257],[-79.932635,40.392442],[-79.932398,40.392125],[-79.932041,40.389229],[-79.931655,40.387894],[-79.931714,40.387464],[-79.931863,40.386355],[-79.931804,40.385608],[-79.931239,40.386378],[-79.930972,40.386943],[-79.93014,40.387328],[-79.930288,40.38769],[-79.930437,40.388686],[-79.930259,40.389546],[-79.929486,40.390179],[-79.930051,40.390587],[-79.930734,40.391062],[-79.930853,40.391605],[-79.930526,40.39242],[-79.929902,40.393166],[-79.928833,40.393755],[-79.927674,40.394026],[-79.927347,40.394547],[-79.926278,40.395791],[-79.924406,40.397375],[-79.917738,40.403077],[-79.917567,40.402657],[-79.91751,40.402208],[-79.917586,40.401817],[-79.917871,40.401078],[-79.914429,40.399051]]]]},"properties":{"grade":"D","id":"D23","name":null}},{"type":"Feature","geometry":{"type":"MultiPolygon","coordinates":[[[[-79.910695,40.36972],[-79.909554,40.3701],[-79.908521,40.370263],[-79.906952,40.370399],[-79.905989,40.367275],[-79.90574,40.364694],[-79.904421,40.36339],[-79.905633,40.36282],[-79.907415,40.362304],[-79.908164,40.363309],[-79.911159,40.362521],[-79.911622,40.364124],[-79.91205,40.364912],[-79.913262,40.364613],[-79.913833,40.365346],[-79.916614,40.365265],[-79.920107,40.365428],[-79.922247,40.365699],[-79.922353,40.365835],[-79.922781,40.36847],[-79.920856,40.368877],[-79.919501,40.368932],[-79.919573,40.369557],[-79.919323,40.369801],[-79.918253,40.369665],[-79.915972,40.36991],[-79.915972,40.370915],[-79.916471,40.373006],[-79.916934,40.374663],[-79.916114,40.374962],[-79.915722,40.374962],[-79.91533,40.374799],[-79.914902,40.374418],[-79.914724,40.373767],[-79.914154,40.37393],[-79.913476,40.373739],[-79.913334,40.373576],[-79.913048,40.372789],[-79.913369,40.369665],[-79.913013,40.369529],[-79.912228,40.369529],[-79.910695,40.36972]]]]},"properties":{"grade":"D","id":"D24","name":null}},{"type":"Feature","geometry":{"type":"MultiPolygon","coordinates":[[[[-79.902424,40.372354],[-79.897076,40.373794],[-79.895472,40.374174],[-79.894545,40.374093],[-79.893975,40.373658],[-79.893654,40.372925],[-79.893226,40.371376],[-79.892869,40.371105],[-79.892406,40.371105],[-79.891479,40.367356],[-79.893903,40.367709],[-79.894759,40.367655],[-79.9,40.366161],[-79.902424,40.372354]]]]},"properties":{"grade":"D","id":"D25","name":null}},{"type":"Feature","geometry":{"type":"MultiPolygon","coordinates":[[[[-79.963622,40.419068],[-79.964277,40.418852],[-79.964871,40.418558],[-79.965554,40.418377],[-79.966921,40.4184],[-79.969238,40.418694],[-79.969179,40.419508],[-79.977112,40.42082],[-79.977438,40.420684],[-79.9783,40.420187],[-79.978924,40.419689],[-79.978983,40.417902],[-79.981954,40.417631],[-79.982014,40.419395],[-79.988193,40.419531],[-79.988193,40.423285],[-79.987629,40.423421],[-79.987302,40.423692],[-79.986946,40.424394],[-79.986916,40.424936],[-79.987094,40.425502],[-79.987629,40.42609],[-79.988372,40.426384],[-79.990006,40.426881],[-79.992204,40.42765],[-79.99265,40.427809],[-79.994799,40.428815],[-79.996106,40.429109],[-79.995661,40.429764],[-79.994264,40.429199],[-79.988412,40.429357],[-79.988382,40.430081],[-79.982143,40.430081],[-79.982172,40.430646],[-79.981994,40.430895],[-79.981786,40.431144],[-79.981786,40.431461],[-79.976973,40.431687],[-79.976468,40.431596],[-79.975458,40.43128],[-79.973735,40.430601],[-79.970496,40.429855],[-79.970615,40.429018],[-79.969159,40.428611],[-79.969397,40.427774],[-79.96708,40.427209],[-79.965921,40.426689],[-79.964138,40.425354],[-79.962935,40.426349],[-79.962282,40.426304],[-79.958241,40.422482],[-79.958716,40.42221],[-79.959132,40.421487],[-79.961628,40.422912],[-79.962103,40.422391],[-79.964094,40.423816],[-79.964956,40.423093],[-79.961895,40.42108],[-79.963622,40.419068]]]]},"properties":{"grade":"D","id":"D26","name":null}},{"type":"Feature","geometry":{"type":"MultiPolygon","coordinates":[[[[-80.026896,40.435475],[-80.027995,40.435638],[-80.028649,40.435796],[-80.028322,40.437583],[-80.028025,40.438871],[-80.028619,40.438871],[-80.029154,40.438736],[-80.02957,40.438532],[-80.030996,40.438148],[-80.031531,40.438261],[-80.031887,40.4386],[-80.031917,40.439188],[-80.031828,40.439595],[-80.031323,40.440002],[-80.030936,40.4405],[-80.03055,40.44111],[-80.031025,40.441472],[-80.031323,40.441336],[-80.031828,40.440567],[-80.032689,40.440251],[-80.033491,40.439731],[-80.03367,40.438939],[-80.03364,40.438306],[-80.033432,40.436995],[-80.032808,40.43566],[-80.032244,40.435095],[-80.031531,40.434846],[-80.03052,40.434349],[-80.029273,40.433603],[-80.028084,40.432562],[-80.027044,40.431454],[-80.026718,40.431386],[-80.026023,40.431501],[-80.024431,40.431411],[-80.024003,40.431266],[-80.023789,40.43085],[-80.023385,40.430144],[-80.023005,40.429529],[-80.022838,40.428751],[-80.022672,40.428227],[-80.022506,40.427919],[-80.022173,40.427865],[-80.021579,40.427774],[-80.020367,40.428172],[-80.018679,40.429258],[-80.017871,40.429583],[-80.017277,40.429565],[-80.016564,40.429475],[-80.015827,40.429384],[-80.01533,40.429242],[-80.016121,40.428623],[-80.017071,40.427831],[-80.017636,40.427108],[-80.0182,40.42661],[-80.019359,40.426067],[-80.019864,40.425841],[-80.018973,40.424688],[-80.017755,40.424936],[-80.016656,40.42523],[-80.015764,40.425796],[-80.015497,40.42523],[-80.015437,40.424529],[-80.013358,40.424507],[-80.013239,40.423986],[-80.015913,40.4222],[-80.015081,40.421204],[-80.014516,40.419983],[-80.014546,40.418897],[-80.01416,40.41745],[-80.013803,40.416341],[-80.013566,40.416025],[-80.01309,40.415753],[-80.012615,40.415618],[-80.011545,40.415504],[-80.010981,40.415618],[-80.009703,40.414328],[-80.01009,40.412903],[-80.010992,40.411924],[-80.01142,40.411924],[-80.012395,40.412086],[-80.014771,40.41243],[-80.014999,40.412562],[-80.014358,40.413224],[-80.014418,40.413383],[-80.014774,40.41379],[-80.015042,40.414107],[-80.015279,40.414446],[-80.015368,40.414604],[-80.015398,40.414898],[-80.014952,40.415215],[-80.014744,40.41578],[-80.015249,40.416889],[-80.015665,40.417997],[-80.015933,40.419377],[-80.016052,40.420485],[-80.016527,40.421594],[-80.020033,40.424602],[-80.021726,40.425913],[-80.022915,40.426615],[-80.024489,40.427135],[-80.025143,40.427316],[-80.025559,40.427926],[-80.025826,40.42908],[-80.026183,40.4296],[-80.026718,40.429984],[-80.027965,40.43021],[-80.02847,40.430301],[-80.029956,40.432201],[-80.030877,40.43306],[-80.03159,40.433422],[-80.032303,40.433625],[-80.033016,40.432653],[-80.032541,40.428175],[-80.034412,40.428198],[-80.036046,40.428446],[-80.0367,40.428605],[-80.037841,40.42819],[-80.035153,40.433882],[-80.037221,40.434424],[-80.037185,40.435293],[-80.037684,40.435455],[-80.038647,40.435673],[-80.040323,40.4357],[-80.04157,40.435917],[-80.04346,40.436297],[-80.044387,40.436025],[-80.043496,40.434424],[-80.041321,40.434669],[-80.040857,40.434533],[-80.040857,40.434343],[-80.041357,40.433719],[-80.042497,40.432525],[-80.043246,40.432199],[-80.044637,40.432226],[-80.044957,40.433095],[-80.045064,40.433882],[-80.045635,40.434696],[-80.046241,40.435483],[-80.046027,40.436242],[-80.046027,40.437518],[-80.045956,40.438278],[-80.04535,40.438685],[-80.044387,40.438685],[-80.043745,40.438468],[-80.042925,40.43806],[-80.039859,40.437084],[-80.03911,40.436758],[-80.036615,40.435971],[-80.036223,40.436758],[-80.035866,40.437653],[-80.035046,40.439336],[-80.036009,40.440557],[-80.036365,40.441154],[-80.0369,40.442049],[-80.035581,40.442945],[-80.034476,40.444518],[-80.034012,40.444952],[-80.033228,40.445631],[-80.037506,40.449212],[-80.038433,40.45008],[-80.039289,40.450379],[-80.040002,40.450297],[-80.040786,40.449863],[-80.044155,40.448235],[-80.045107,40.450424],[-80.042136,40.451916],[-80.041244,40.452233],[-80.040472,40.452142],[-80.038392,40.451283],[-80.035005,40.448842],[-80.030846,40.445857],[-80.029004,40.444094],[-80.028588,40.443687],[-80.028291,40.442873],[-80.027696,40.441832],[-80.026983,40.441425],[-80.02627,40.441471],[-80.02526,40.441335],[-80.02431,40.440973],[-80.022886,40.440456],[-80.02436,40.438937],[-80.025786,40.436476],[-80.026896,40.435475]]]]},"properties":{"grade":"D","id":"D27","name":null}},{"type":"Feature","geometry":{"type":"MultiPolygon","coordinates":[[[[-80.044262,40.452142],[-80.044369,40.452413],[-80.044476,40.453173],[-80.044512,40.453878],[-80.044726,40.454068],[-80.045724,40.454502],[-80.046508,40.454936],[-80.047435,40.455723],[-80.04879,40.457649],[-80.0515,40.460172],[-80.051999,40.460904],[-80.053639,40.460823],[-80.055457,40.460742],[-80.055774,40.460727],[-80.057742,40.464048],[-80.059139,40.463958],[-80.060386,40.464365],[-80.061545,40.464907],[-80.062288,40.464455],[-80.063773,40.463845],[-80.065288,40.463528],[-80.066239,40.463438],[-80.066507,40.465178],[-80.06517,40.465924],[-80.065912,40.474761],[-80.065853,40.475959],[-80.066002,40.476276],[-80.066358,40.476479],[-80.067131,40.476434],[-80.067962,40.476095],[-80.068616,40.476095],[-80.069151,40.476276],[-80.069388,40.476456],[-80.070428,40.477338],[-80.071042,40.477818],[-80.071438,40.478129],[-80.069359,40.479507],[-80.069804,40.480027],[-80.070755,40.479982],[-80.071646,40.481293],[-80.072181,40.48179],[-80.072983,40.481654],[-80.073994,40.48136],[-80.075152,40.480931],[-80.076667,40.480298],[-80.078034,40.481586],[-80.078569,40.481812],[-80.078866,40.481744],[-80.079371,40.481405],[-80.079698,40.48197],[-80.080857,40.482264],[-80.08047,40.483033],[-80.080441,40.483439],[-80.08047,40.483869],[-80.080143,40.485044],[-80.082045,40.485292],[-80.08258,40.482965],[-80.090245,40.483371],[-80.090958,40.484682],[-80.089324,40.485428],[-80.087244,40.486377],[-80.084986,40.487597],[-80.08359,40.48841],[-80.083709,40.48893],[-80.083738,40.489359],[-80.083471,40.489811],[-80.082639,40.491077],[-80.079312,40.489698],[-80.078331,40.489247],[-80.077886,40.48893],[-80.077618,40.488501],[-80.077143,40.488094],[-80.076816,40.487959],[-80.076044,40.487755],[-80.075004,40.487303],[-80.073013,40.486422],[-80.07126,40.485337],[-80.069804,40.484162],[-80.068824,40.483123],[-80.061842,40.473812],[-80.061426,40.473744],[-80.059614,40.471168],[-80.057891,40.471959],[-80.06104,40.476027],[-80.055217,40.478784],[-80.052454,40.475507],[-80.050612,40.472795],[-80.050344,40.472095],[-80.050582,40.471597],[-80.052365,40.470422],[-80.053791,40.470219],[-80.054385,40.470219],[-80.055247,40.470332],[-80.056078,40.470467],[-80.056791,40.470467],[-80.057237,40.470332],[-80.05899,40.469586],[-80.059465,40.469247],[-80.059822,40.468478],[-80.059614,40.467348],[-80.059139,40.467145],[-80.058039,40.46728],[-80.056316,40.467167],[-80.055128,40.46676],[-80.054444,40.466308],[-80.053612,40.46511],[-80.051325,40.462375],[-80.050136,40.461833],[-80.046839,40.459618],[-80.04464,40.458216],[-80.043214,40.457018],[-80.041283,40.455029],[-80.040659,40.45417],[-80.040421,40.45374],[-80.041105,40.452926],[-80.04155,40.452677],[-80.042234,40.452474],[-80.043184,40.452225],[-80.044262,40.452142]]]]},"properties":{"grade":"D","id":"D28","name":null}},{"type":"Feature","geometry":{"type":"MultiPolygon","coordinates":[[[[-80.121086,40.491379],[-80.120194,40.492925],[-80.11941,40.493955],[-80.115952,40.497669],[-80.115381,40.497913],[-80.11424,40.497968],[-80.11367,40.497588],[-80.113563,40.497263],[-80.113955,40.496477],[-80.113955,40.49626],[-80.114347,40.49466],[-80.114383,40.493711],[-80.11449,40.493115],[-80.114775,40.492572],[-80.115346,40.491813],[-80.116879,40.489888],[-80.121086,40.491379]]]]},"properties":{"grade":"D","id":"D29","name":null}},{"type":"Feature","geometry":{"type":"MultiPolygon","coordinates":[[[[-79.947476,40.492854],[-79.945503,40.494445],[-79.945004,40.495005],[-79.944339,40.495457],[-79.94277,40.495981],[-79.9417,40.496216],[-79.940417,40.496306],[-79.940437,40.496493],[-79.939198,40.496523],[-79.936512,40.495421],[-79.935276,40.49533],[-79.932257,40.49524],[-79.929667,40.495276],[-79.923083,40.495601],[-79.923154,40.494625],[-79.928383,40.494264],[-79.932043,40.494155],[-79.938746,40.492601],[-79.939435,40.494643],[-79.939958,40.494535],[-79.940719,40.494282],[-79.941622,40.493776],[-79.94205,40.493559],[-79.94281,40.493559],[-79.943452,40.493487],[-79.943856,40.493324],[-79.944569,40.492981],[-79.944854,40.49289],[-79.945472,40.492999],[-79.945971,40.492999],[-79.946185,40.492836],[-79.946566,40.492619],[-79.946898,40.492601],[-79.947476,40.492854]]]]},"properties":{"grade":"D","id":"D3","name":null}},{"type":"Feature","geometry":{"type":"MultiPolygon","coordinates":[[[[-80.110212,40.490024],[-80.11146,40.488587],[-80.114419,40.486038],[-80.115738,40.486634],[-80.114347,40.489319],[-80.1126,40.491298],[-80.11342,40.49184],[-80.112315,40.49325],[-80.111567,40.49325],[-80.11014,40.494904],[-80.109784,40.495067],[-80.108001,40.497019],[-80.107859,40.497019],[-80.106504,40.498591],[-80.106183,40.498754],[-80.105541,40.498754],[-80.10547,40.497615],[-80.105399,40.495013],[-80.106005,40.494552],[-80.106967,40.493928],[-80.107645,40.493467],[-80.106932,40.493142],[-80.108073,40.491054],[-80.109071,40.491515],[-80.10957,40.490973],[-80.110212,40.490024]]]]},"properties":{"grade":"D","id":"D30","name":null}},{"type":"Feature","geometry":{"type":"MultiPolygon","coordinates":[[[[-80.116629,40.479557],[-80.116635,40.478951],[-80.116546,40.478296],[-80.116308,40.47807],[-80.114942,40.477076],[-80.112416,40.474748],[-80.11206,40.474092],[-80.112565,40.473844],[-80.114437,40.473256],[-80.115209,40.473595],[-80.117021,40.471561],[-80.119309,40.472375],[-80.118418,40.474138],[-80.119547,40.474318],[-80.120527,40.474341],[-80.121359,40.47468],[-80.121805,40.475177],[-80.122161,40.475584],[-80.122399,40.4759],[-80.123528,40.476036],[-80.123557,40.477347],[-80.123171,40.478499],[-80.123082,40.48033],[-80.122904,40.482784],[-80.122226,40.482974],[-80.118946,40.482675],[-80.118376,40.482106],[-80.118091,40.481916],[-80.11613,40.481699],[-80.116558,40.480615],[-80.116629,40.479557]]]]},"properties":{"grade":"D","id":"D31","name":null}},{"type":"Feature","geometry":{"type":"MultiPolygon","coordinates":[[[[-80.123905,40.464118],[-80.122137,40.464085],[-80.120825,40.460038],[-80.120682,40.4584],[-80.130209,40.458324],[-80.130266,40.460288],[-80.128626,40.460277],[-80.128669,40.462154],[-80.12382,40.46211],[-80.123905,40.464118]]]]},"properties":{"grade":"D","id":"D32","name":null}},{"type":"Feature","geometry":{"type":"MultiPolygon","coordinates":[[[[-80.125411,40.39571],[-80.12397,40.395817],[-80.123364,40.395817],[-80.122294,40.395627],[-80.121439,40.39579],[-80.120654,40.39598],[-80.120227,40.396225],[-80.120868,40.397039],[-80.119549,40.397039],[-80.120333,40.398234],[-80.119799,40.398641],[-80.120904,40.400515],[-80.120048,40.400922],[-80.127535,40.412867],[-80.131885,40.411455],[-80.13274,40.41284],[-80.124505,40.4155],[-80.124148,40.414794],[-80.123435,40.413844],[-80.121332,40.410342],[-80.119727,40.406705],[-80.119371,40.40513],[-80.118622,40.402388],[-80.11848,40.400813],[-80.118266,40.396659],[-80.118515,40.395464],[-80.119157,40.393184],[-80.119157,40.392668],[-80.118872,40.391853],[-80.117695,40.391663],[-80.116875,40.391663],[-80.116412,40.391663],[-80.116911,40.392722],[-80.114558,40.393347],[-80.112954,40.390061],[-80.12258,40.390007],[-80.1234,40.391554],[-80.124683,40.392043],[-80.125788,40.391582],[-80.127393,40.393347],[-80.126073,40.394107],[-80.125788,40.39446],[-80.125788,40.395682],[-80.125411,40.39571]]]]},"properties":{"grade":"D","id":"D33","name":null}},{"type":"Feature","geometry":{"type":"MultiPolygon","coordinates":[[[[-80.092923,40.409933],[-80.089881,40.409987],[-80.08855,40.410295],[-80.088146,40.410494],[-80.086577,40.412195],[-80.084771,40.414982],[-80.083661,40.415236],[-80.082663,40.415344],[-80.08195,40.415471],[-80.081498,40.415326],[-80.081261,40.415],[-80.081284,40.414457],[-80.08176,40.413715],[-80.082615,40.412847],[-80.083471,40.412123],[-80.083732,40.411743],[-80.083685,40.411544],[-80.083542,40.411236],[-80.082592,40.411508],[-80.082045,40.41187],[-80.080904,40.412394],[-80.079906,40.412738],[-80.07905,40.413046],[-80.078456,40.413498],[-80.077933,40.41415],[-80.077529,40.41491],[-80.077339,40.41643],[-80.076816,40.416864],[-80.076317,40.417679],[-80.075319,40.418837],[-80.073964,40.420085],[-80.073512,40.420158],[-80.073132,40.419977],[-80.072585,40.418529],[-80.072252,40.417805],[-80.072633,40.417479],[-80.07173,40.416448],[-80.071112,40.416213],[-80.069971,40.416249],[-80.067523,40.416448],[-80.067428,40.416122],[-80.067689,40.415742],[-80.069163,40.41424],[-80.07028,40.413299],[-80.071064,40.413173],[-80.072015,40.413354],[-80.072799,40.413516],[-80.073417,40.413535],[-80.073821,40.412413],[-80.073821,40.411399],[-80.073393,40.411272],[-80.072775,40.411309],[-80.072086,40.411508],[-80.071492,40.411671],[-80.070565,40.411743],[-80.070589,40.411363],[-80.070993,40.410494],[-80.071706,40.41015],[-80.072561,40.409933],[-80.073179,40.410006],[-80.073845,40.410024],[-80.07432,40.410006],[-80.075311,40.409716],[-80.077997,40.411381],[-80.078568,40.411508],[-80.079091,40.410784],[-80.080041,40.411435],[-80.08199,40.410187],[-80.087742,40.406513],[-80.087124,40.40501],[-80.086886,40.40349],[-80.087077,40.402802],[-80.087457,40.402531],[-80.088265,40.40197],[-80.089477,40.401626],[-80.090737,40.401373],[-80.091474,40.401373],[-80.091806,40.4013],[-80.092947,40.401029],[-80.094706,40.400775],[-80.096322,40.400504],[-80.096869,40.400377],[-80.097321,40.40025],[-80.097558,40.399961],[-80.099103,40.399997],[-80.099887,40.399689],[-80.100482,40.399418],[-80.101171,40.399544],[-80.101385,40.399816],[-80.1011,40.402223],[-80.101575,40.402712],[-80.101409,40.403092],[-80.100933,40.403418],[-80.099911,40.404106],[-80.098105,40.404902],[-80.097059,40.405553],[-80.095871,40.406277],[-80.095704,40.406585],[-80.095419,40.406911],[-80.095015,40.407074],[-80.094587,40.407635],[-80.094183,40.408069],[-80.09385,40.408323],[-80.093518,40.408558],[-80.092995,40.409354],[-80.092923,40.409933]]]]},"properties":{"grade":"D","id":"D34","name":null}},{"type":"Feature","geometry":{"type":"MultiPolygon","coordinates":[[[[-79.845866,40.525851],[-79.840768,40.526013],[-79.841267,40.524523],[-79.841767,40.523466],[-79.842266,40.521596],[-79.842301,40.52081],[-79.842337,40.518994],[-79.842337,40.518588],[-79.842658,40.517937],[-79.842979,40.517395],[-79.843121,40.517016],[-79.843549,40.515091],[-79.848041,40.515525],[-79.848576,40.515281],[-79.84879,40.516203],[-79.848433,40.517802],[-79.847756,40.517802],[-79.847328,40.517883],[-79.846972,40.521027],[-79.848148,40.521217],[-79.845866,40.525851]]]]},"properties":{"grade":"D","id":"D4","name":null}},{"type":"Feature","geometry":{"type":"MultiPolygon","coordinates":[[[[-79.844227,40.503951],[-79.845474,40.495953],[-79.846722,40.495926],[-79.847863,40.495872],[-79.847934,40.499261],[-79.8474,40.500942],[-79.846972,40.502677],[-79.846544,40.503192],[-79.846401,40.504222],[-79.844227,40.503951]]]]},"properties":{"grade":"D","id":"D5","name":null}},{"type":"Feature","geometry":{"type":"MultiPolygon","coordinates":[[[[-79.945621,40.485088],[-79.948443,40.484478],[-79.95287,40.482015],[-79.953791,40.481428],[-79.955782,40.478151],[-79.957131,40.476546],[-79.957606,40.474286],[-79.958586,40.473134],[-79.958706,40.472943],[-79.960815,40.469585],[-79.961914,40.468794],[-79.963655,40.46737],[-79.965319,40.464794],[-79.966477,40.463483],[-79.967071,40.462624],[-79.966626,40.46181],[-79.976371,40.455322],[-79.983412,40.450529],[-79.990721,40.445759],[-79.992087,40.447115],[-79.987759,40.449738],[-79.984342,40.452248],[-79.984788,40.452948],[-79.976742,40.458668],[-79.970239,40.462804],[-79.969169,40.463822],[-79.968783,40.464409],[-79.968307,40.465246],[-79.967594,40.46789],[-79.966109,40.471077],[-79.963108,40.474851],[-79.958961,40.479032],[-79.956822,40.481337],[-79.954801,40.482784],[-79.952632,40.483665],[-79.950018,40.48475],[-79.947611,40.486151],[-79.946542,40.485518],[-79.93552,40.489269],[-79.934717,40.487597],[-79.935668,40.487258],[-79.936827,40.487032],[-79.937867,40.487054],[-79.939293,40.48728],[-79.940095,40.487122],[-79.945621,40.485088]]]]},"properties":{"grade":"D","id":"D6","name":null}},{"type":"Feature","geometry":{"type":"MultiPolygon","coordinates":[[[[-79.931578,40.472909],[-79.931818,40.472192],[-79.933541,40.469774],[-79.934224,40.469096],[-79.93672,40.464756],[-79.939869,40.464598],[-79.946564,40.46567],[-79.946524,40.466903],[-79.947415,40.467966],[-79.947534,40.46844],[-79.947297,40.469299],[-79.946405,40.47052],[-79.943999,40.472441],[-79.943315,40.472531],[-79.942662,40.472395],[-79.941444,40.472825],[-79.939631,40.473345],[-79.938205,40.473367],[-79.937076,40.473345],[-79.93568,40.473028],[-79.934224,40.472735],[-79.931578,40.472909]]]]},"properties":{"grade":"D","id":"D7","name":null}},{"type":"Feature","geometry":{"type":"MultiPolygon","coordinates":[[[[-79.905548,40.462719],[-79.907021,40.461959],[-79.907687,40.463659],[-79.908448,40.463912],[-79.911062,40.462176],[-79.909398,40.460332],[-79.910064,40.459283],[-79.901983,40.457583],[-79.902743,40.455955],[-79.884537,40.451904],[-79.884014,40.448866],[-79.884775,40.449119],[-79.887009,40.445031],[-79.888958,40.448034],[-79.889909,40.449083],[-79.890764,40.449625],[-79.894187,40.450891],[-79.905263,40.455485],[-79.904787,40.456281],[-79.90859,40.457149],[-79.910634,40.458017],[-79.912536,40.458487],[-79.914104,40.459066],[-79.915816,40.459681],[-79.916576,40.460513],[-79.917289,40.460513],[-79.918525,40.460585],[-79.919286,40.460621],[-79.919761,40.460766],[-79.92152,40.460477],[-79.919856,40.458885],[-79.915911,40.456353],[-79.916132,40.456157],[-79.917622,40.454834],[-79.919298,40.455908],[-79.919007,40.456505],[-79.920819,40.457138],[-79.922512,40.457929],[-79.923731,40.458201],[-79.925899,40.458155],[-79.927385,40.457952],[-79.92896,40.457274],[-79.929257,40.4575],[-79.930029,40.457748],[-79.931307,40.457455],[-79.933297,40.456347],[-79.933891,40.45707],[-79.933981,40.457522],[-79.933683,40.458359],[-79.930332,40.464417],[-79.929649,40.465208],[-79.926737,40.464349],[-79.926143,40.465683],[-79.924776,40.46514],[-79.92436,40.465841],[-79.922905,40.465457],[-79.922697,40.465796],[-79.919993,40.464892],[-79.919607,40.465637],[-79.919042,40.465909],[-79.918032,40.466542],[-79.915954,40.467464],[-79.914722,40.46771],[-79.913772,40.468144],[-79.912821,40.468758],[-79.911585,40.469446],[-79.910872,40.469771],[-79.909921,40.470567],[-79.909588,40.470928],[-79.909161,40.473026],[-79.908162,40.474327],[-79.907544,40.474183],[-79.907687,40.4727],[-79.908115,40.470603],[-79.908305,40.468397],[-79.908115,40.467095],[-79.907592,40.466372],[-79.906594,40.464997],[-79.905548,40.462719]]]]},"properties":{"grade":"D","id":"D8","name":null}},{"type":"Feature","geometry":{"type":"MultiPolygon","coordinates":[[[[-79.885583,40.469807],[-79.88487,40.469446],[-79.884394,40.469084],[-79.884109,40.468758],[-79.883349,40.46865],[-79.882255,40.467131],[-79.881875,40.46601],[-79.882255,40.465757],[-79.882921,40.465829],[-79.884204,40.465974],[-79.885298,40.465829],[-79.88506,40.460838],[-79.883158,40.46073],[-79.883158,40.459211],[-79.883158,40.457764],[-79.883396,40.455775],[-79.884585,40.455738],[-79.88468,40.456498],[-79.885107,40.45686],[-79.886153,40.457113],[-79.887389,40.457366],[-79.888102,40.457909],[-79.88872,40.458234],[-79.890764,40.458632],[-79.901697,40.461019],[-79.90116,40.462065],[-79.900414,40.463515],[-79.899748,40.463949],[-79.88872,40.461381],[-79.88872,40.469229],[-79.889243,40.469301],[-79.889528,40.469771],[-79.889053,40.469988],[-79.888673,40.470096],[-79.888482,40.470494],[-79.88796,40.470747],[-79.887294,40.47053],[-79.886533,40.470567],[-79.885868,40.47035],[-79.885583,40.469807]]]]},"properties":{"grade":"D","id":"D9","name":null}}],"metadata":{"source":"https://data.wprdc.org/dataset/904294e5-ba3f-47f0-9e68-e7ede3ba6b33/resource/9f67567a-a4d8-455f-804e-d22db49318a0/download/holc-simplified.geojson","builtAt":"2026-09-26T18:57:59.197Z"}}