{"type":"FeatureCollection","features":[{"type":"Feature","geometry":{"type":"Polygon","coordinates":[[[-79.9911,40.35635],[-79.99092,40.3558],[-79.98978,40.35388],[-79.98714,40.34884],[-79.98644,40.34768],[-79.98633,40.34714],[-79.98633,40.34685],[-79.98645,40.34657],[-79.98597,40.34595],[-79.98563,40.34566],[-79.98507,40.34537],[-79.98463,40.34525],[-79.98121,40.34475],[-79.98119,40.3448],[-79.97775,40.34442],[-79.97577,40.34456],[-79.97566,40.34493],[-79.9731,40.34558],[-79.97376,40.34704],[-79.97416,40.34771],[-79.97577,40.34932],[-79.97671,40.3505],[-79.97416,40.35037],[-79.97142,40.35207],[-79.97284,40.35379],[-79.97136,40.3554],[-79.96945,40.35769],[-79.96844,40.35632],[-79.96527,40.35778],[-79.96582,40.35839],[-79.96661,40.36053],[-79.96784,40.36256],[-79.96812,40.36348],[-79.96772,40.36339],[-79.966,40.36508],[-79.96429,40.36343],[-79.95891,40.36431],[-79.96447,40.3697],[-79.97112,40.36675],[-79.97485,40.36429],[-79.98234,40.36087],[-79.98266,40.36153],[-79.98333,40.36257],[-79.98691,40.36225],[-79.98774,40.36199],[-79.98796,40.36238],[-79.99004,40.36158],[-79.99085,40.36112],[-79.99063,40.35816],[-79.9911,40.35635]]]},"properties":{"geoid":"42003477300","mobility_p25":52.9,"mobility_p25_se":2.3,"mobility_unreliable":false,"mobility_black_p25":39.8,"mobility_white_p25":54.8}},{"type":"Feature","geometry":{"type":"Polygon","coordinates":[[[-80.06442,40.3619],[-80.06434,40.36175],[-80.05848,40.35782],[-80.05092,40.35301],[-80.05117,40.35104],[-80.05081,40.35111],[-80.05095,40.35112],[-80.05043,40.35266],[-80.05022,40.35373],[-80.05021,40.35483],[-80.05044,40.35684],[-80.05037,40.35742],[-80.05019,40.3579],[-80.04978,40.3585],[-80.04697,40.36102],[-80.04677,40.36139],[-80.04663,40.36257],[-80.04676,40.36302],[-80.04769,40.36371],[-80.04794,40.36404],[-80.04859,40.36609],[-80.04922,40.36758],[-80.0495,40.37114],[-80.04942,40.37179],[-80.04889,40.37334],[-80.05256,40.38027],[-80.05538,40.37768],[-80.05611,40.37612],[-80.05733,40.37412],[-80.06012,40.37055],[-80.06126,40.36792],[-80.06123,40.36636],[-80.06132,40.366],[-80.06145,40.36575],[-80.06318,40.36369],[-80.064,40.362],[-80.06442,40.3619]]]},"properties":{"geoid":"42003473500","mobility_p25":63.5,"mobility_p25_se":5.1,"mobility_unreliable":true,"mobility_black_p25":null,"mobility_white_p25":65.9}},{"type":"Feature","geometry":{"type":"Polygon","coordinates":[[[-80.02343,40.3776],[-80.02345,40.37746],[-80.02121,40.37659],[-80.01911,40.37602],[-80.01593,40.37429],[-80.01481,40.373],[-80.01404,40.37232],[-80.01173,40.37447],[-80.0112,40.37499],[-80.01121,40.37508],[-80.01076,40.37537],[-80.01191,40.37612],[-80.01235,40.37574],[-80.01368,40.3766],[-80.01682,40.37684],[-80.0154,40.37859],[-80.01498,40.37893],[-80.01409,40.37857],[-80.01319,40.37964],[-80.0079,40.37824],[-80.00786,40.375],[-80.00671,40.37486],[-80.00614,40.37549],[-80.00588,40.37599],[-80.00569,40.37661],[-80.00536,40.37713],[-80.00487,40.37763],[-80.00318,40.37884],[-80.00222,40.37929],[-80.00173,40.3797],[-80.00334,40.38117],[-80.00365,40.38204],[-80.00512,40.38388],[-80.00768,40.38301],[-80.00716,40.38153],[-80.00736,40.3809],[-80.00768,40.38113],[-80.00788,40.38096],[-80.00813,40.38087],[-80.00895,40.38114],[-80.00903,40.38102],[-80.01003,40.38092],[-80.01038,40.38044],[-80.01258,40.38089],[-80.01317,40.38283],[-80.01233,40.38297],[-80.01232,40.38303],[-80.01258,40.38307],[-80.01249,40.3834],[-80.01339,40.38348],[-80.01416,40.38577],[-80.01361,40.38571],[-80.01357,40.38609],[-80.01382,40.38656],[-80.01491,40.38607],[-80.01642,40.38513],[-80.01711,40.38631],[-80.01816,40.38645],[-80.02201,40.38849],[-80.02313,40.38711],[-80.02022,40.3867],[-80.02017,40.38373],[-80.02276,40.38076],[-80.02343,40.3776]]]},"properties":{"geoid":"42003479000","mobility_p25":47.7,"mobility_p25_se":4.7,"mobility_unreliable":false,"mobility_black_p25":null,"mobility_white_p25":49.6}},{"type":"Feature","geometry":{"type":"Polygon","coordinates":[[[-79.75082,40.609],[-79.75105,40.60885],[-79.74477,40.60379],[-79.74127,40.60076],[-79.73808,40.60149],[-79.73609,40.60204],[-79.73317,40.60314],[-79.73358,40.60436],[-79.73386,40.60451],[-79.73386,40.60497],[-79.7345,40.60635],[-79.73367,40.60657],[-79.73357,40.60863],[-79.73531,40.60805],[-79.73563,40.60905],[-79.73581,40.61239],[-79.73598,40.61297],[-79.73645,40.61354],[-79.73871,40.61558],[-79.74387,40.61334],[-79.74514,40.61255],[-79.74715,40.61104],[-79.74799,40.61153],[-79.74959,40.6113],[-79.74922,40.60994],[-79.75082,40.609]]]},"properties":{"geoid":"42003402000","mobility_p25":44.6,"mobility_p25_se":2.3,"mobility_unreliable":false,"mobility_black_p25":44.2,"mobility_white_p25":45.9}},{"type":"Feature","geometry":{"type":"Polygon","coordinates":[[[-79.91019,40.49271],[-79.9087,40.49165],[-79.90848,40.49168],[-79.90832,40.49183],[-79.9083,40.49178],[-79.9077,40.49229],[-79.90766,40.49082],[-79.90735,40.4872],[-79.90168,40.48586],[-79.90163,40.48899],[-79.8976,40.48788],[-79.89681,40.493],[-79.89765,40.493],[-79.89896,40.49315],[-79.90179,40.49367],[-79.90208,40.49743],[-79.90203,40.49752],[-79.90214,40.49971],[-79.90221,40.49975],[-79.90223,40.50024],[-79.90807,40.50007],[-79.90784,40.49538],[-79.90878,40.49558],[-79.90877,40.4951],[-79.90916,40.49419],[-79.90926,40.49374],[-79.90953,40.49333],[-79.91019,40.49271]]]},"properties":{"geoid":"42003423000","mobility_p25":46.1,"mobility_p25_se":2.9,"mobility_unreliable":false,"mobility_black_p25":null,"mobility_white_p25":47.1}},{"type":"Feature","geometry":{"type":"Polygon","coordinates":[[[-80.03362,40.46545],[-80.03174,40.46288],[-80.03149,40.46299],[-80.03084,40.46228],[-80.03078,40.46213],[-80.02942,40.46308],[-80.02876,40.46263],[-80.02679,40.46294],[-80.02681,40.463],[-80.02271,40.46378],[-80.02357,40.46439],[-80.02483,40.46566],[-80.02515,40.4678],[-80.02665,40.46753],[-80.02714,40.46898],[-80.02997,40.46842],[-80.02985,40.46803],[-80.03088,40.46782],[-80.03324,40.46566],[-80.03362,40.46545]]]},"properties":{"geoid":"42003270400","mobility_p25":34.8,"mobility_p25_se":2.7,"mobility_unreliable":false,"mobility_black_p25":30.2,"mobility_white_p25":37.6}},{"type":"Feature","geometry":{"type":"Polygon","coordinates":[[[-80.05091,40.35123],[-80.05095,40.35112],[-80.05081,40.35111],[-80.04193,40.35287],[-80.03969,40.35178],[-80.03788,40.35362],[-80.03377,40.35445],[-80.03343,40.35514],[-80.03669,40.35488],[-80.03626,40.35621],[-80.03695,40.35634],[-80.03676,40.35734],[-80.03563,40.36069],[-80.03572,40.3608],[-80.03354,40.3627],[-80.03336,40.36232],[-80.03306,40.36202],[-80.031,40.36116],[-80.03037,40.36224],[-80.03281,40.3633],[-80.03255,40.36355],[-80.03787,40.36829],[-80.03923,40.36788],[-80.04053,40.36737],[-80.04214,40.36628],[-80.0434,40.3653],[-80.04385,40.36493],[-80.04438,40.36422],[-80.04478,40.36388],[-80.04537,40.36355],[-80.04692,40.3632],[-80.04673,40.36298],[-80.04663,40.36257],[-80.04677,40.36139],[-80.04697,40.36102],[-80.04978,40.3585],[-80.05019,40.3579],[-80.05037,40.35742],[-80.05044,40.35684],[-80.05021,40.35483],[-80.05023,40.35358],[-80.05047,40.35252],[-80.05091,40.35123]]]},"properties":{"geoid":"42003473402","mobility_p25":49.6,"mobility_p25_se":4.2,"mobility_unreliable":false,"mobility_black_p25":null,"mobility_white_p25":52.9}},{"type":"Feature","geometry":{"type":"Polygon","coordinates":[[[-80.04325,40.48957],[-80.04095,40.48765],[-80.03696,40.48686],[-80.03582,40.48431],[-80.03523,40.4825],[-80.0317,40.48039],[-80.03089,40.47934],[-80.03084,40.47918],[-80.03088,40.47891],[-80.03168,40.47727],[-80.03172,40.47649],[-80.03056,40.47644],[-80.03016,40.47651],[-80.02988,40.47712],[-80.02951,40.47753],[-80.02822,40.47805],[-80.02788,40.47834],[-80.02729,40.47987],[-80.02668,40.48026],[-80.02558,40.48074],[-80.0257,40.48265],[-80.02512,40.48525],[-80.02507,40.48585],[-80.02674,40.48898],[-80.02704,40.48984],[-80.02765,40.4907],[-80.02778,40.4911],[-80.03576,40.49093],[-80.03749,40.49007],[-80.04071,40.49145],[-80.04325,40.48957]]]},"properties":{"geoid":"42003270800","mobility_p25":39,"mobility_p25_se":2.8,"mobility_unreliable":false,"mobility_black_p25":36.2,"mobility_white_p25":40.6}},{"type":"Feature","geometry":{"type":"Polygon","coordinates":[[[-79.95507,40.51651],[-79.95487,40.51575],[-79.95476,40.51556],[-79.95214,40.51244],[-79.9515,40.51195],[-79.94914,40.51089],[-79.9485,40.51043],[-79.94823,40.51013],[-79.94788,40.50934],[-79.9475,40.50748],[-79.94615,40.50734],[-79.94614,40.5076],[-79.94323,40.50732],[-79.9445,40.50607],[-79.94463,40.50562],[-79.94458,40.505],[-79.94479,40.50417],[-79.94353,40.50395],[-79.94367,40.50325],[-79.94415,40.50333],[-79.94249,40.50148],[-79.94055,40.50148],[-79.94045,40.49637],[-79.93857,40.49684],[-79.93607,40.49728],[-79.93662,40.51222],[-79.93725,40.52585],[-79.93736,40.52626],[-79.93771,40.53461],[-79.93881,40.53259],[-79.93944,40.53162],[-79.94065,40.53159],[-79.94292,40.53114],[-79.94462,40.53145],[-79.94518,40.5318],[-79.94556,40.53182],[-79.94643,40.53133],[-79.94742,40.53029],[-79.94749,40.53011],[-79.94745,40.52977],[-79.94691,40.52858],[-79.9488,40.52823],[-79.94953,40.52769],[-79.95057,40.5272],[-79.94936,40.52552],[-79.94895,40.52471],[-79.94891,40.52422],[-79.94905,40.52347],[-79.94949,40.52284],[-79.95007,40.52229],[-79.95248,40.52114],[-79.95323,40.52048],[-79.95491,40.51724],[-79.95507,40.51651]]]},"properties":{"geoid":"42003426700","mobility_p25":47.3,"mobility_p25_se":3.3,"mobility_unreliable":false,"mobility_black_p25":null,"mobility_white_p25":47.8}},{"type":"Feature","geometry":{"type":"Polygon","coordinates":[[[-79.96468,40.54264],[-79.96453,40.54182],[-79.96418,40.54117],[-79.96335,40.54012],[-79.96286,40.5393],[-79.96272,40.53884],[-79.96264,40.53658],[-79.96247,40.53616],[-79.96223,40.53584],[-79.95759,40.53094],[-79.95627,40.53042],[-79.95373,40.53],[-79.95271,40.52962],[-79.95222,40.5293],[-79.95187,40.52896],[-79.95057,40.5272],[-79.94953,40.52769],[-79.9488,40.52823],[-79.94691,40.52858],[-79.94745,40.52977],[-79.94749,40.53011],[-79.94742,40.53029],[-79.94643,40.53133],[-79.94556,40.53182],[-79.94518,40.5318],[-79.94462,40.53145],[-79.94292,40.53114],[-79.94065,40.53159],[-79.93944,40.53162],[-79.93881,40.53259],[-79.93771,40.53461],[-79.93781,40.53734],[-79.93823,40.54368],[-79.93868,40.55263],[-79.93868,40.55405],[-79.94428,40.5539],[-79.94965,40.55392],[-79.94962,40.55357],[-79.95017,40.55362],[-79.95022,40.55454],[-79.95842,40.55426],[-79.9593,40.55051],[-79.95994,40.54885],[-79.96031,40.5482],[-79.96104,40.54719],[-79.96412,40.54424],[-79.96455,40.54347],[-79.96468,40.54264]]]},"properties":{"geoid":"42003426800","mobility_p25":57.2,"mobility_p25_se":3.1,"mobility_unreliable":false,"mobility_black_p25":null,"mobility_white_p25":59}},{"type":"Feature","geometry":{"type":"Polygon","coordinates":[[[-80.03786,40.47286],[-80.03727,40.4721],[-80.03736,40.47182],[-80.03771,40.47177],[-80.03631,40.46939],[-80.03557,40.46775],[-80.03362,40.46545],[-80.03324,40.46566],[-80.03088,40.46782],[-80.02985,40.46803],[-80.02997,40.46842],[-80.02714,40.46898],[-80.02665,40.46753],[-80.02515,40.4678],[-80.02533,40.46901],[-80.02593,40.47092],[-80.02427,40.47122],[-80.0227,40.47228],[-80.0222,40.47274],[-80.02157,40.47273],[-80.02023,40.47299],[-80.01876,40.47269],[-80.0183,40.47242],[-80.01796,40.47245],[-80.018,40.4728],[-80.01787,40.47278],[-80.01709,40.47212],[-80.01663,40.47234],[-80.01664,40.4728],[-80.01715,40.47414],[-80.01737,40.47729],[-80.01853,40.47726],[-80.01887,40.47699],[-80.01971,40.47659],[-80.02152,40.47652],[-80.02159,40.47663],[-80.02181,40.47653],[-80.0221,40.47665],[-80.02293,40.47657],[-80.02463,40.47657],[-80.02533,40.47621],[-80.02582,40.47621],[-80.02616,40.47636],[-80.02635,40.4762],[-80.02661,40.47634],[-80.02612,40.47655],[-80.02624,40.47665],[-80.02646,40.47654],[-80.02673,40.4767],[-80.02685,40.47659],[-80.02663,40.47647],[-80.02676,40.47642],[-80.0273,40.47673],[-80.02658,40.47745],[-80.027,40.47768],[-80.0258,40.47889],[-80.02581,40.47898],[-80.02597,40.47897],[-80.026,40.47937],[-80.02351,40.4794],[-80.02492,40.48177],[-80.02568,40.48275],[-80.02558,40.48074],[-80.02668,40.48026],[-80.02729,40.47987],[-80.02788,40.47834],[-80.02811,40.47813],[-80.02951,40.47753],[-80.02988,40.47712],[-80.03009,40.47659],[-80.03021,40.47648],[-80.03243,40.47646],[-80.03311,40.47628],[-80.03416,40.4758],[-80.03512,40.47509],[-80.03486,40.47414],[-80.0365,40.47262],[-80.0365,40.47281],[-80.03629,40.47316],[-80.03524,40.47417],[-80.03578,40.47468],[-80.03653,40.4749],[-80.03786,40.47286]]]},"properties":{"geoid":"42003271500","mobility_p25":34.4,"mobility_p25_se":1.5,"mobility_unreliable":false,"mobility_black_p25":30.3,"mobility_white_p25":38}},{"type":"Feature","geometry":{"type":"Polygon","coordinates":[[[-79.94435,40.47868],[-79.94441,40.47864],[-79.94251,40.47734],[-79.93837,40.47412],[-79.93793,40.47406],[-79.93711,40.47415],[-79.93454,40.47215],[-79.93291,40.47068],[-79.93279,40.47064],[-79.93172,40.47204],[-79.93153,40.47238],[-79.93119,40.47344],[-79.93131,40.47351],[-79.93141,40.47376],[-79.93252,40.47691],[-79.93304,40.47964],[-79.93321,40.47986],[-79.93412,40.48034],[-79.93609,40.48093],[-79.9406,40.48201],[-79.94308,40.47995],[-79.94435,40.47868]]]},"properties":{"geoid":"42003100500","mobility_p25":34.1,"mobility_p25_se":2.2,"mobility_unreliable":false,"mobility_black_p25":34.9,"mobility_white_p25":39.4}},{"type":"Feature","geometry":{"type":"Polygon","coordinates":[[[-79.96066,40.48209],[-79.96054,40.48187],[-79.95983,40.48133],[-79.95595,40.47852],[-79.95414,40.47734],[-79.95359,40.47733],[-79.95239,40.47763],[-79.95091,40.47741],[-79.94921,40.47816],[-79.94894,40.47817],[-79.94887,40.47835],[-79.94774,40.47796],[-79.94715,40.478],[-79.94697,40.4781],[-79.94769,40.47864],[-79.94666,40.47941],[-79.94755,40.48008],[-79.94692,40.48069],[-79.94667,40.4805],[-79.94502,40.48185],[-79.94569,40.48241],[-79.945,40.48294],[-79.94524,40.48316],[-79.94345,40.48297],[-79.94328,40.48301],[-79.94317,40.48318],[-79.94411,40.48359],[-79.94452,40.48359],[-79.9463,40.48516],[-79.93716,40.48843],[-79.93801,40.49107],[-79.94091,40.49049],[-79.94467,40.48942],[-79.94784,40.48871],[-79.9532,40.48696],[-79.95535,40.48591],[-79.95639,40.48528],[-79.95857,40.4838],[-79.96066,40.48209]]]},"properties":{"geoid":"42003101100","mobility_p25":34.5,"mobility_p25_se":1.8,"mobility_unreliable":false,"mobility_black_p25":24.7,"mobility_white_p25":36.1}},{"type":"Feature","geometry":{"type":"Polygon","coordinates":[[[-79.94916,40.44145],[-79.94924,40.44134],[-79.94819,40.4408],[-79.94734,40.44143],[-79.94716,40.44149],[-79.94224,40.44048],[-79.94218,40.44044],[-79.94231,40.44017],[-79.94155,40.43979],[-79.94085,40.43897],[-79.94057,40.4388],[-79.93899,40.43855],[-79.93651,40.4377],[-79.93595,40.43758],[-79.93443,40.43771],[-79.93092,40.43782],[-79.92771,40.43804],[-79.92768,40.43811],[-79.92793,40.44412],[-79.93401,40.44685],[-79.93729,40.44779],[-79.94719,40.44712],[-79.94638,40.44519],[-79.94701,40.44439],[-79.94757,40.44341],[-79.94878,40.44203],[-79.94916,40.44145]]]},"properties":{"geoid":"42003140100","mobility_p25":29.8,"mobility_p25_se":9.1,"mobility_unreliable":true,"mobility_black_p25":null,"mobility_white_p25":24}},{"type":"Feature","geometry":{"type":"Polygon","coordinates":[[[-80.03492,40.55362],[-80.03478,40.55161],[-80.0346,40.55073],[-80.03447,40.54959],[-80.03427,40.549],[-80.03348,40.54768],[-80.03126,40.54512],[-80.03115,40.54502],[-80.03072,40.54528],[-80.02929,40.5439],[-80.02756,40.54245],[-80.01997,40.53509],[-80.01907,40.53393],[-80.01866,40.53301],[-80.01814,40.53129],[-80.01808,40.53062],[-80.01813,40.52915],[-80.01793,40.52836],[-80.0171,40.52687],[-80.01553,40.52455],[-80.01506,40.52331],[-80.01418,40.52007],[-80.0128,40.51788],[-80.01191,40.51711],[-80.00967,40.51569],[-80.0083,40.51495],[-80.0067,40.51442],[-80.00419,40.51404],[-80.00538,40.52192],[-80.00548,40.52282],[-80.00554,40.52504],[-80.00563,40.52602],[-80.00576,40.52646],[-80.00615,40.52719],[-80.00703,40.52818],[-80.00926,40.5298],[-80.01015,40.53091],[-80.01078,40.53221],[-80.01104,40.5331],[-80.01107,40.53407],[-80.01095,40.53538],[-80.01099,40.53633],[-80.01245,40.54086],[-80.01311,40.54197],[-80.01448,40.54382],[-80.01693,40.54592],[-80.01675,40.54595],[-80.01749,40.54685],[-80.01782,40.54739],[-80.01974,40.55169],[-80.02087,40.55387],[-80.02747,40.55387],[-80.03492,40.55362]]]},"properties":{"geoid":"42003429500","mobility_p25":49.6,"mobility_p25_se":3,"mobility_unreliable":false,"mobility_black_p25":null,"mobility_white_p25":54.8}},{"type":"Feature","geometry":{"type":"Polygon","coordinates":[[[-80.06931,40.29992],[-80.0692,40.2983],[-80.06329,40.29648],[-80.03918,40.28939],[-80.03327,40.28754],[-80.0321,40.28955],[-80.03041,40.29201],[-80.03055,40.2921],[-80.03061,40.29225],[-80.03084,40.29303],[-80.0308,40.29332],[-80.03062,40.29376],[-80.02967,40.29521],[-80.02936,40.29613],[-80.02942,40.29729],[-80.03052,40.30186],[-80.03056,40.30233],[-80.03048,40.30393],[-80.03053,40.30428],[-80.03205,40.30657],[-80.03277,40.30811],[-80.03509,40.30744],[-80.0351,40.30628],[-80.03607,40.30513],[-80.03991,40.30528],[-80.04013,40.3052],[-80.04041,40.3039],[-80.04044,40.30276],[-80.04079,40.30137],[-80.04142,40.30022],[-80.04155,40.29923],[-80.0414,40.29739],[-80.04148,40.29715],[-80.04181,40.29697],[-80.04241,40.29732],[-80.04681,40.29816],[-80.0474,40.29932],[-80.04853,40.29952],[-80.05106,40.30041],[-80.05346,40.30176],[-80.05488,40.30287],[-80.0565,40.30373],[-80.05697,40.3043],[-80.05795,40.305],[-80.05814,40.3053],[-80.05835,40.30828],[-80.0586,40.30934],[-80.05875,40.30962],[-80.05928,40.31002],[-80.06134,40.31109],[-80.06429,40.31194],[-80.06526,40.31181],[-80.06588,40.31161],[-80.06672,40.31122],[-80.06758,40.31047],[-80.06809,40.30951],[-80.06813,40.30881],[-80.06806,40.30816],[-80.06743,40.30477],[-80.06744,40.3038],[-80.06775,40.30298],[-80.06909,40.30094],[-80.06931,40.29992]]]},"properties":{"geoid":"42003475304","mobility_p25":52.9,"mobility_p25_se":2.6,"mobility_unreliable":false,"mobility_black_p25":null,"mobility_white_p25":55.1}},{"type":"Feature","geometry":{"type":"Polygon","coordinates":[[[-80.06806,40.61254],[-80.06761,40.60379],[-80.06766,40.6026],[-80.06742,40.59585],[-80.06734,40.59572],[-80.06704,40.59547],[-80.0666,40.59526],[-80.06513,40.59498],[-80.06461,40.59471],[-80.06427,40.59466],[-80.06404,40.5945],[-80.06328,40.59433],[-80.06273,40.59446],[-80.06147,40.59423],[-80.06107,40.59428],[-80.06079,40.59396],[-80.06044,40.59397],[-80.05999,40.5938],[-80.0594,40.59371],[-80.0591,40.59357],[-80.05859,40.5936],[-80.05803,40.59338],[-80.05658,40.59329],[-80.05632,40.59344],[-80.05583,40.59323],[-80.0557,40.59325],[-80.05551,40.59343],[-80.05528,40.59342],[-80.05509,40.59359],[-80.05475,40.5933],[-80.05401,40.59296],[-80.0537,40.59269],[-80.05341,40.59226],[-80.05244,40.59154],[-80.05209,40.59138],[-80.05154,40.59078],[-80.05125,40.59073],[-80.05057,40.59095],[-80.05039,40.59082],[-80.0503,40.59058],[-80.04966,40.59049],[-80.0494,40.59008],[-80.04946,40.59003],[-80.04999,40.59008],[-80.05002,40.58998],[-80.04954,40.58948],[-80.04882,40.58944],[-80.04877,40.58935],[-80.04892,40.5892],[-80.0489,40.58904],[-80.04863,40.58911],[-80.0485,40.58906],[-80.04871,40.58878],[-80.04863,40.58861],[-80.04773,40.58822],[-80.0475,40.58775],[-80.04723,40.58772],[-80.04706,40.58755],[-80.04678,40.5875],[-80.04661,40.58737],[-80.04631,40.58741],[-80.04618,40.58735],[-80.04628,40.58711],[-80.04624,40.58703],[-80.04583,40.58693],[-80.04566,40.58681],[-80.04531,40.58626],[-80.04472,40.58579],[-80.04382,40.58603],[-80.04365,40.58597],[-80.04339,40.5857],[-80.04248,40.58556],[-80.04233,40.5856],[-80.04165,40.58632],[-80.04109,40.58638],[-80.03787,40.58564],[-80.03756,40.58571],[-80.03726,40.5862],[-80.03345,40.58542],[-80.03087,40.585],[-80.03002,40.58511],[-80.02906,40.58491],[-80.02764,40.5849],[-80.02677,40.58495],[-80.02527,40.58519],[-80.02362,40.58619],[-80.02256,40.58706],[-80.0223,40.5877],[-80.02223,40.58818],[-80.02183,40.58857],[-80.02169,40.58916],[-80.02143,40.58948],[-80.02041,40.58986],[-80.01958,40.59004],[-80.01896,40.59041],[-80.01838,40.59061],[-80.01795,40.5911],[-80.01785,40.59158],[-80.01761,40.59189],[-80.01703,40.5921],[-80.01607,40.59213],[-80.01559,40.59234],[-80.01502,40.59229],[-80.01337,40.59273],[-80.01316,40.59289],[-80.01298,40.59329],[-80.01243,40.5938],[-80.01207,40.59437],[-80.01137,40.59488],[-80.01121,40.59496],[-80.01088,40.59487],[-80.01074,40.59491],[-80.01068,40.595],[-80.01072,40.59519],[-80.01034,40.59535],[-80.01005,40.59532],[-80.00981,40.59496],[-80.0097,40.59495],[-80.00866,40.59528],[-80.00787,40.59533],[-80.00771,40.59542],[-80.0077,40.59583],[-80.00732,40.59592],[-80.00689,40.59623],[-80.00625,40.59609],[-80.00591,40.59587],[-80.00571,40.59562],[-80.00558,40.59521],[-80.00571,40.59412],[-80.00557,40.59386],[-80.00463,40.59306],[-80.0032,40.59296],[-80.00249,40.59322],[-79.99992,40.59459],[-79.99847,40.59496],[-79.99787,40.59752],[-79.99792,40.59763],[-79.99734,40.59696],[-79.99681,40.597],[-79.99614,40.59686],[-79.99532,40.59634],[-79.99488,40.59616],[-79.99432,40.59625],[-79.99362,40.59692],[-79.99315,40.59692],[-79.99293,40.59679],[-79.99265,40.5963],[-79.99236,40.59605],[-79.99139,40.59584],[-79.99137,40.59548],[-79.99116,40.59514],[-79.99106,40.59472],[-79.99058,40.59471],[-79.99114,40.61431],[-80.03296,40.61329],[-80.06806,40.61254]]]},"properties":{"geoid":"42003413100","mobility_p25":60.8,"mobility_p25_se":3.3,"mobility_unreliable":false,"mobility_black_p25":76.8,"mobility_white_p25":59.8}},{"type":"Feature","geometry":{"type":"MultiPolygon","coordinates":[[[[-79.93772,40.53412],[-79.93736,40.52626],[-79.93725,40.52585],[-79.93662,40.51222],[-79.93607,40.49728],[-79.93564,40.49746],[-79.93573,40.49721],[-79.93124,40.49738],[-79.92736,40.49767],[-79.92737,40.49899],[-79.92549,40.49905],[-79.92542,40.49729],[-79.91763,40.49662],[-79.91176,40.49576],[-79.90992,40.49542],[-79.90877,40.4951],[-79.90878,40.49558],[-79.90784,40.49538],[-79.90807,40.50007],[-79.90223,40.50024],[-79.90236,40.50398],[-79.90832,40.50381],[-79.90858,40.50874],[-79.91129,40.50867],[-79.91126,40.50777],[-79.9129,40.50776],[-79.91284,40.50826],[-79.91292,40.50864],[-79.91408,40.5086],[-79.91501,40.527],[-79.91181,40.52709],[-79.91145,40.52811],[-79.91159,40.5287],[-79.91254,40.52913],[-79.91278,40.5294],[-79.91307,40.52957],[-79.91328,40.52992],[-79.9131,40.53036],[-79.91162,40.5304],[-79.91163,40.53056],[-79.91134,40.53057],[-79.91138,40.53112],[-79.91448,40.53104],[-79.91404,40.53227],[-79.91325,40.53578],[-79.9131,40.53616],[-79.92715,40.53586],[-79.92712,40.53427],[-79.93772,40.53412]]],[[[-79.90215,40.49977],[-79.90203,40.49752],[-79.90208,40.49743],[-79.90179,40.49367],[-79.89896,40.49315],[-79.89765,40.493],[-79.89681,40.493],[-79.89656,40.4938],[-79.89764,40.49492],[-79.89787,40.49513],[-79.89893,40.4954],[-79.89979,40.49581],[-79.90002,40.4961],[-79.89983,40.49679],[-79.89939,40.49715],[-79.90041,40.4989],[-79.90015,40.49899],[-79.901,40.50035],[-79.90105,40.50039],[-79.90154,40.50003],[-79.90215,40.49977]]]]},"properties":{"geoid":"42003421200","mobility_p25":48.9,"mobility_p25_se":3,"mobility_unreliable":false,"mobility_black_p25":null,"mobility_white_p25":50.5}},{"type":"Feature","geometry":{"type":"Polygon","coordinates":[[[-79.92084,40.61826],[-79.9209,40.6182],[-79.92061,40.61607],[-79.92043,40.61094],[-79.92012,40.6067],[-79.91975,40.59632],[-79.89708,40.59689],[-79.86023,40.59809],[-79.84857,40.59839],[-79.84235,40.5984],[-79.82062,40.59907],[-79.81258,40.59911],[-79.81301,40.60473],[-79.81302,40.6121],[-79.81448,40.61208],[-79.81572,40.61125],[-79.81708,40.61074],[-79.8178,40.61026],[-79.81838,40.61002],[-79.81887,40.60967],[-79.81972,40.60926],[-79.82043,40.60913],[-79.82094,40.60927],[-79.82131,40.60961],[-79.82162,40.6106],[-79.82187,40.61107],[-79.82255,40.61173],[-79.82328,40.61212],[-79.82642,40.61308],[-79.82693,40.61343],[-79.82719,40.61395],[-79.82728,40.61514],[-79.82745,40.61545],[-79.82777,40.61571],[-79.82876,40.61615],[-79.83024,40.61705],[-79.83085,40.6173],[-79.83375,40.61733],[-79.83373,40.61716],[-79.83388,40.61719],[-79.83437,40.61762],[-79.83473,40.61818],[-79.83479,40.61861],[-79.83494,40.61874],[-79.83561,40.61917],[-79.83664,40.61953],[-79.83675,40.61979],[-79.83669,40.62043],[-79.83702,40.62087],[-79.83742,40.62102],[-79.83824,40.6215],[-79.83867,40.62193],[-79.83877,40.62242],[-79.83778,40.62275],[-79.83859,40.62295],[-79.83905,40.62316],[-79.83985,40.62369],[-79.8404,40.62423],[-79.84148,40.62493],[-79.8419,40.62508],[-79.84195,40.62498],[-79.84239,40.62519],[-79.84466,40.62587],[-79.84637,40.62668],[-79.84808,40.62798],[-79.85203,40.63006],[-79.85328,40.63086],[-79.85386,40.63146],[-79.85409,40.63195],[-79.85406,40.63228],[-79.85389,40.6327],[-79.85413,40.6325],[-79.85473,40.63122],[-79.8559,40.63008],[-79.85596,40.62992],[-79.85592,40.62853],[-79.85629,40.62786],[-79.85734,40.6263],[-79.85839,40.62578],[-79.8606,40.62547],[-79.86074,40.62597],[-79.86093,40.62625],[-79.86268,40.62747],[-79.86329,40.62803],[-79.86547,40.63023],[-79.8672,40.63225],[-79.86751,40.63247],[-79.8689,40.63314],[-79.8696,40.63345],[-79.8707,40.63373],[-79.87548,40.63371],[-79.87608,40.63352],[-79.87716,40.63292],[-79.88127,40.63108],[-79.88158,40.63099],[-79.88167,40.63121],[-79.88551,40.63098],[-79.89042,40.62892],[-79.89248,40.62746],[-79.89312,40.6273],[-79.89501,40.62714],[-79.8967,40.62654],[-79.89717,40.62617],[-79.8977,40.62539],[-79.89806,40.62503],[-79.89963,40.62408],[-79.90004,40.62372],[-79.90051,40.62292],[-79.9018,40.62028],[-79.90211,40.61981],[-79.90361,40.61807],[-79.9043,40.61824],[-79.90679,40.61854],[-79.91164,40.61945],[-79.9186,40.62135],[-79.91846,40.62092],[-79.9176,40.62028],[-79.91754,40.62004],[-79.91829,40.61964],[-79.9186,40.61985],[-79.91904,40.61981],[-79.92084,40.61826]]]},"properties":{"geoid":"42003407002","mobility_p25":50.5,"mobility_p25_se":2.4,"mobility_unreliable":false,"mobility_black_p25":null,"mobility_white_p25":51.4}},{"type":"Feature","geometry":{"type":"Polygon","coordinates":[[[-79.95591,40.34044],[-79.95021,40.33716],[-79.94818,40.33627],[-79.94757,40.33578],[-79.94733,40.33571],[-79.93729,40.32996],[-79.93415,40.32804],[-79.93144,40.32659],[-79.93131,40.32546],[-79.93091,40.3252],[-79.92913,40.32588],[-79.92785,40.32534],[-79.92738,40.32496],[-79.92706,40.32448],[-79.92624,40.32457],[-79.9258,40.3256],[-79.89845,40.31948],[-79.89668,40.31975],[-79.8974,40.32101],[-79.89762,40.32184],[-79.89756,40.3234],[-79.8975,40.32427],[-79.89721,40.32576],[-79.8968,40.3288],[-79.89649,40.33043],[-79.89638,40.33089],[-79.89629,40.33088],[-79.89636,40.33093],[-79.89581,40.33278],[-79.89497,40.33463],[-79.89385,40.33646],[-79.89188,40.33899],[-79.89386,40.33998],[-79.89344,40.34074],[-79.89563,40.34125],[-79.89591,40.34145],[-79.89623,40.34183],[-79.89501,40.34434],[-79.89699,40.3457],[-79.89729,40.34622],[-79.89727,40.3463],[-79.90623,40.35245],[-79.90692,40.35234],[-79.90813,40.35195],[-79.90845,40.35196],[-79.90884,40.35212],[-79.90951,40.35302],[-79.90991,40.35332],[-79.91196,40.35415],[-79.91273,40.35427],[-79.91347,40.35425],[-79.91441,40.35409],[-79.91494,40.35389],[-79.9154,40.3536],[-79.91578,40.35353],[-79.9217,40.35135],[-79.92354,40.35081],[-79.92708,40.35025],[-79.94047,40.34867],[-79.9473,40.34817],[-79.95154,40.34773],[-79.95182,40.34762],[-79.95329,40.34646],[-79.95371,40.3459],[-79.9549,40.34373],[-79.95525,40.34098],[-79.95557,40.34061],[-79.95591,40.34044]]]},"properties":{"geoid":"42003488600","mobility_p25":42,"mobility_p25_se":2.5,"mobility_unreliable":false,"mobility_black_p25":36.4,"mobility_white_p25":42.6}},{"type":"Feature","geometry":{"type":"Polygon","coordinates":[[[-79.94371,40.45888],[-79.94373,40.45881],[-79.93877,40.45615],[-79.93859,40.45591],[-79.93657,40.45652],[-79.93649,40.45657],[-79.93706,40.45768],[-79.93607,40.46298],[-79.93729,40.46327],[-79.93722,40.46337],[-79.93734,40.4634],[-79.94127,40.46415],[-79.94135,40.4641],[-79.9416,40.4622],[-79.94322,40.46234],[-79.94371,40.45888]]]},"properties":{"geoid":"42003080600","mobility_p25":45.4,"mobility_p25_se":5,"mobility_unreliable":true,"mobility_black_p25":30.5,"mobility_white_p25":56.6}},{"type":"Feature","geometry":{"type":"Polygon","coordinates":[[[-79.94048,40.31721],[-79.93686,40.30898],[-79.93551,40.30684],[-79.93465,40.3057],[-79.93062,40.30198],[-79.92944,40.30125],[-79.92851,40.30093],[-79.92742,40.30076],[-79.92485,40.30079],[-79.92384,40.3007],[-79.92287,40.30044],[-79.92198,40.29996],[-79.92149,40.29952],[-79.92037,40.29797],[-79.92022,40.29789],[-79.91793,40.29457],[-79.91725,40.29383],[-79.91428,40.29142],[-79.91319,40.29098],[-79.91289,40.29096],[-79.91291,40.29074],[-79.91181,40.29091],[-79.91134,40.29109],[-79.91086,40.29143],[-79.9094,40.29283],[-79.90853,40.29428],[-79.90815,40.2946],[-79.90738,40.29455],[-79.90632,40.29465],[-79.90422,40.29445],[-79.90382,40.29426],[-79.90284,40.29362],[-79.90067,40.29382],[-79.90014,40.2938],[-79.90037,40.29563],[-79.89926,40.29586],[-79.89831,40.29618],[-79.8975,40.29655],[-79.89688,40.29696],[-79.89545,40.29708],[-79.89339,40.29694],[-79.89293,40.29707],[-79.88943,40.29725],[-79.88778,40.29743],[-79.88367,40.29814],[-79.88919,40.30071],[-79.88992,40.30048],[-79.89123,40.29987],[-79.89264,40.29962],[-79.89536,40.29889],[-79.89955,40.30193],[-79.89698,40.30328],[-79.89529,40.305],[-79.89526,40.30488],[-79.8947,40.30558],[-79.89506,40.30609],[-79.89507,40.30601],[-79.90074,40.31204],[-79.90014,40.31246],[-79.89959,40.3121],[-79.89747,40.31413],[-79.8989,40.31557],[-79.90012,40.31505],[-79.89991,40.31555],[-79.90053,40.31662],[-79.9009,40.31651],[-79.90125,40.32012],[-79.9258,40.3256],[-79.92624,40.32457],[-79.92706,40.32448],[-79.92738,40.32496],[-79.92785,40.32534],[-79.92913,40.32588],[-79.93091,40.3252],[-79.93131,40.32546],[-79.93144,40.32659],[-79.93415,40.32804],[-79.93731,40.32994],[-79.93818,40.32868],[-79.93903,40.32646],[-79.94041,40.32337],[-79.94007,40.32334],[-79.93688,40.31854],[-79.94048,40.31721]]]},"properties":{"geoid":"42003491200","mobility_p25":52.2,"mobility_p25_se":3.9,"mobility_unreliable":false,"mobility_black_p25":null,"mobility_white_p25":54.2}},{"type":"Feature","geometry":{"type":"Polygon","coordinates":[[[-79.93721,40.4478],[-79.93729,40.44779],[-79.93401,40.44685],[-79.92793,40.44412],[-79.92051,40.44385],[-79.92159,40.44751],[-79.9215,40.4479],[-79.92027,40.45096],[-79.92023,40.45122],[-79.92071,40.45289],[-79.92207,40.45269],[-79.92777,40.45042],[-79.93572,40.44793],[-79.93721,40.4478]]]},"properties":{"geoid":"42003140200","mobility_p25":55.2,"mobility_p25_se":6.6,"mobility_unreliable":true,"mobility_black_p25":null,"mobility_white_p25":66.7}},{"type":"Feature","geometry":{"type":"Polygon","coordinates":[[[-79.93801,40.49107],[-79.93716,40.48843],[-79.93541,40.48905],[-79.93485,40.48917],[-79.93328,40.48914],[-79.93325,40.48906],[-79.93264,40.48903],[-79.93215,40.48903],[-79.93156,40.48914],[-79.93023,40.48913],[-79.92787,40.48885],[-79.92553,40.48831],[-79.92567,40.48794],[-79.92598,40.48762],[-79.92697,40.48769],[-79.92983,40.48539],[-79.93202,40.47858],[-79.93172,40.47648],[-79.93188,40.47637],[-79.93175,40.47637],[-79.93184,40.47608],[-79.9318,40.47539],[-79.93192,40.47522],[-79.93131,40.47351],[-79.92835,40.47232],[-79.92831,40.47472],[-79.92858,40.47533],[-79.92812,40.4766],[-79.92777,40.47877],[-79.92757,40.48077],[-79.92433,40.48316],[-79.92235,40.48532],[-79.9206,40.48657],[-79.92046,40.48678],[-79.92053,40.4872],[-79.92025,40.48741],[-79.92007,40.48784],[-79.91841,40.4874],[-79.91625,40.48697],[-79.91547,40.48691],[-79.91364,40.48647],[-79.91325,40.48661],[-79.91248,40.48827],[-79.92104,40.49004],[-79.92357,40.49072],[-79.92792,40.49154],[-79.93218,40.49169],[-79.93557,40.49149],[-79.93801,40.49107]]]},"properties":{"geoid":"42003101400","mobility_p25":43.1,"mobility_p25_se":2.3,"mobility_unreliable":false,"mobility_black_p25":28.5,"mobility_white_p25":47.8}},{"type":"Feature","geometry":{"type":"Polygon","coordinates":[[[-79.86586,40.49556],[-79.86581,40.49415],[-79.86551,40.49339],[-79.86583,40.49337],[-79.86562,40.4868],[-79.8655,40.48507],[-79.86278,40.48581],[-79.86117,40.48635],[-79.85914,40.48723],[-79.85654,40.48898],[-79.85111,40.4936],[-79.85355,40.49565],[-79.85686,40.49817],[-79.85918,40.49643],[-79.85922,40.49769],[-79.86006,40.49766],[-79.86005,40.49755],[-79.86077,40.49754],[-79.86077,40.49745],[-79.86134,40.49744],[-79.86211,40.49746],[-79.86215,40.49766],[-79.86281,40.49765],[-79.86277,40.49704],[-79.86586,40.49556]]]},"properties":{"geoid":"42003420000","mobility_p25":54.3,"mobility_p25_se":3.2,"mobility_unreliable":false,"mobility_black_p25":null,"mobility_white_p25":53.3}},{"type":"Feature","geometry":{"type":"Polygon","coordinates":[[[-79.85963,40.36794],[-79.85952,40.36702],[-79.8568,40.36563],[-79.85593,40.36579],[-79.85611,40.36603],[-79.85564,40.36629],[-79.85544,40.36633],[-79.8549,40.36623],[-79.85453,40.36588],[-79.85414,40.36583],[-79.85379,40.36589],[-79.85367,40.36598],[-79.85257,40.36753],[-79.85246,40.36785],[-79.85181,40.3682],[-79.85119,40.36755],[-79.85033,40.36798],[-79.85019,40.36791],[-79.84528,40.36912],[-79.84512,40.36873],[-79.8425,40.36932],[-79.84214,40.3679],[-79.84192,40.36654],[-79.84186,40.36572],[-79.84193,40.36468],[-79.84206,40.36416],[-79.84259,40.3629],[-79.84324,40.36192],[-79.84444,40.36076],[-79.8453,40.36017],[-79.84408,40.35774],[-79.84328,40.35797],[-79.84003,40.35964],[-79.83896,40.36038],[-79.83791,40.36128],[-79.83719,40.36212],[-79.83682,40.36321],[-79.83637,40.36499],[-79.83644,40.36708],[-79.83672,40.36948],[-79.83719,40.37165],[-79.83877,40.37512],[-79.84142,40.37436],[-79.84168,40.37439],[-79.84488,40.37368],[-79.85718,40.37077],[-79.85729,40.37085],[-79.85783,40.37049],[-79.85777,40.3692],[-79.85822,40.36784],[-79.85948,40.36803],[-79.8596,40.36804],[-79.85963,40.36794]]]},"properties":{"geoid":"42003486800","mobility_p25":33.7,"mobility_p25_se":1.6,"mobility_unreliable":false,"mobility_black_p25":30,"mobility_white_p25":38.3}},{"type":"Feature","geometry":{"type":"Polygon","coordinates":[[[-79.82825,40.44489],[-79.82827,40.44479],[-79.82799,40.44471],[-79.82761,40.44506],[-79.82432,40.44426],[-79.82003,40.44319],[-79.80267,40.43858],[-79.80094,40.43906],[-79.80035,40.43951],[-79.80049,40.4397],[-79.80079,40.43981],[-79.80177,40.44],[-79.80197,40.44019],[-79.80191,40.44035],[-79.80105,40.44054],[-79.80012,40.44115],[-79.79883,40.44123],[-79.79812,40.44162],[-79.79761,40.44249],[-79.79742,40.44349],[-79.7971,40.44368],[-79.79701,40.44388],[-79.79669,40.4448],[-79.79661,40.44559],[-79.79634,40.44616],[-79.79627,40.44653],[-79.79637,40.44689],[-79.79697,40.44766],[-79.79697,40.44797],[-79.79667,40.44868],[-79.79707,40.44889],[-79.79717,40.44956],[-79.79741,40.45001],[-79.7976,40.45029],[-79.80036,40.4531],[-79.80061,40.45345],[-79.80059,40.45379],[-79.80014,40.45466],[-79.80019,40.45532],[-79.80036,40.45581],[-79.80085,40.45639],[-79.80191,40.45714],[-79.80263,40.45786],[-79.80331,40.45826],[-79.8046,40.45873],[-79.8063,40.45899],[-79.80789,40.45948],[-79.80972,40.45953],[-79.81041,40.45975],[-79.8109,40.46006],[-79.81124,40.46046],[-79.8124,40.46109],[-79.81373,40.4616],[-79.81574,40.46292],[-79.81644,40.46347],[-79.81672,40.46362],[-79.81944,40.46409],[-79.82008,40.46447],[-79.82047,40.46485],[-79.82095,40.46553],[-79.82157,40.46593],[-79.82206,40.46612],[-79.82331,40.46631],[-79.82448,40.46602],[-79.82473,40.4657],[-79.82463,40.46542],[-79.82401,40.46499],[-79.82443,40.4647],[-79.82424,40.46424],[-79.82412,40.46364],[-79.82396,40.461],[-79.82343,40.45976],[-79.82328,40.45915],[-79.82327,40.45746],[-79.82297,40.45614],[-79.82298,40.45552],[-79.82324,40.45484],[-79.82368,40.45431],[-79.82583,40.45296],[-79.82613,40.4527],[-79.82639,40.45224],[-79.82825,40.44489]]]},"properties":{"geoid":"42003523600","mobility_p25":38.2,"mobility_p25_se":2.2,"mobility_unreliable":false,"mobility_black_p25":34.4,"mobility_white_p25":41.9}},{"type":"Feature","geometry":{"type":"Polygon","coordinates":[[[-79.85954,40.48705],[-79.85746,40.48525],[-79.8569,40.48517],[-79.85245,40.48333],[-79.8517,40.48292],[-79.85126,40.48254],[-79.8485,40.47908],[-79.84815,40.47843],[-79.84805,40.47774],[-79.8485,40.47554],[-79.84797,40.47592],[-79.84645,40.4777],[-79.84613,40.47792],[-79.84555,40.47797],[-79.84353,40.47752],[-79.84256,40.47764],[-79.83998,40.47841],[-79.83943,40.47841],[-79.83907,40.47851],[-79.83843,40.47806],[-79.83815,40.47802],[-79.83772,40.4781],[-79.83695,40.47839],[-79.83434,40.47966],[-79.83427,40.47995],[-79.83342,40.48007],[-79.83226,40.48057],[-79.83076,40.48098],[-79.82849,40.48186],[-79.82637,40.48207],[-79.82352,40.48324],[-79.81925,40.4842],[-79.82053,40.48564],[-79.82076,40.48607],[-79.82096,40.48684],[-79.82094,40.48827],[-79.82013,40.48928],[-79.81998,40.48911],[-79.81986,40.4895],[-79.82013,40.49005],[-79.82188,40.49014],[-79.82339,40.49059],[-79.82671,40.49058],[-79.82716,40.49067],[-79.82745,40.49093],[-79.82762,40.49196],[-79.82757,40.49243],[-79.82725,40.49347],[-79.82736,40.49441],[-79.82745,40.49461],[-79.82795,40.49484],[-79.82955,40.49522],[-79.83077,40.49514],[-79.8322,40.49485],[-79.83365,40.49509],[-79.83394,40.49536],[-79.83454,40.49625],[-79.83495,40.49711],[-79.83518,40.49808],[-79.8359,40.49924],[-79.83618,40.50015],[-79.83626,40.50137],[-79.83637,40.50155],[-79.83666,40.50177],[-79.83716,40.50196],[-79.83767,40.50154],[-79.83783,40.50223],[-79.83817,40.50266],[-79.83953,40.50335],[-79.84027,40.50351],[-79.84107,40.50357],[-79.8414,40.50344],[-79.84289,40.50336],[-79.84332,40.5023],[-79.84319,40.50079],[-79.84339,40.49956],[-79.84411,40.49732],[-79.84445,40.49676],[-79.84512,40.49598],[-79.85034,40.49594],[-79.85111,40.4936],[-79.85654,40.48898],[-79.85778,40.48809],[-79.85914,40.48723],[-79.85954,40.48705]]]},"properties":{"geoid":"42003523800","mobility_p25":47.1,"mobility_p25_se":2.1,"mobility_unreliable":false,"mobility_black_p25":32.8,"mobility_white_p25":49.2}},{"type":"Feature","geometry":{"type":"Polygon","coordinates":[[[-79.83014,40.43116],[-79.83018,40.43104],[-79.82929,40.42948],[-79.82775,40.42978],[-79.82766,40.42965],[-79.82636,40.42559],[-79.8264,40.42502],[-79.82708,40.42293],[-79.82705,40.42216],[-79.82681,40.42159],[-79.82479,40.41839],[-79.82425,40.41794],[-79.82353,40.41772],[-79.82303,40.41772],[-79.82199,40.41796],[-79.82162,40.41779],[-79.82267,40.41737],[-79.82334,40.41692],[-79.82289,40.41654],[-79.82255,40.41657],[-79.82018,40.41778],[-79.82087,40.41679],[-79.82014,40.41688],[-79.81953,40.41704],[-79.81816,40.41765],[-79.81783,40.41788],[-79.81684,40.41912],[-79.81606,40.41981],[-79.81175,40.42258],[-79.81143,40.42274],[-79.81068,40.42288],[-79.80996,40.42344],[-79.80934,40.42363],[-79.8088,40.42436],[-79.80801,40.42509],[-79.80724,40.42544],[-79.80624,40.42564],[-79.80529,40.42598],[-79.80355,40.42683],[-79.80311,40.42721],[-79.80277,40.4279],[-79.80267,40.42829],[-79.80263,40.42886],[-79.80235,40.42986],[-79.80236,40.43073],[-79.80204,40.43146],[-79.80203,40.43184],[-79.80209,40.43201],[-79.80359,40.43296],[-79.80422,40.43355],[-79.80454,40.43415],[-79.80456,40.43442],[-79.80447,40.43493],[-79.80296,40.43649],[-79.80309,40.43772],[-79.80287,40.43848],[-79.80267,40.43858],[-79.82003,40.44319],[-79.82732,40.44499],[-79.82814,40.44167],[-79.82471,40.4409],[-79.82496,40.43998],[-79.82615,40.43907],[-79.82227,40.43547],[-79.82191,40.43463],[-79.82115,40.43418],[-79.82097,40.43387],[-79.82088,40.4333],[-79.82104,40.43291],[-79.8223,40.4317],[-79.82337,40.43087],[-79.82458,40.43056],[-79.82481,40.43128],[-79.82739,40.43214],[-79.83014,40.43116]]]},"properties":{"geoid":"42003520001","mobility_p25":44.2,"mobility_p25_se":3.5,"mobility_unreliable":false,"mobility_black_p25":32,"mobility_white_p25":47.3}},{"type":"Feature","geometry":{"type":"Polygon","coordinates":[[[-79.86204,40.34246],[-79.86212,40.34241],[-79.86137,40.34169],[-79.8599,40.34004],[-79.8614,40.33882],[-79.86085,40.3384],[-79.85888,40.33735],[-79.85758,40.33621],[-79.85583,40.33422],[-79.85502,40.33349],[-79.85337,40.33237],[-79.84839,40.32944],[-79.84698,40.32872],[-79.84603,40.32799],[-79.84454,40.32654],[-79.84397,40.32555],[-79.84319,40.32446],[-79.84276,40.32366],[-79.84173,40.32116],[-79.84117,40.32015],[-79.84047,40.3203],[-79.83893,40.32081],[-79.83699,40.32159],[-79.83839,40.32286],[-79.83885,40.32355],[-79.83949,40.32594],[-79.84024,40.32737],[-79.83805,40.32802],[-79.83674,40.32812],[-79.8354,40.32903],[-79.83597,40.33145],[-79.83585,40.3321],[-79.83518,40.33294],[-79.83504,40.33424],[-79.83495,40.33408],[-79.83451,40.33422],[-79.83176,40.33409],[-79.83164,40.33515],[-79.83118,40.33513],[-79.83107,40.33615],[-79.8317,40.33773],[-79.83359,40.33865],[-79.83571,40.33774],[-79.83607,40.33854],[-79.83808,40.33826],[-79.83942,40.33791],[-79.83931,40.33809],[-79.8396,40.33809],[-79.84005,40.33761],[-79.84037,40.33739],[-79.84094,40.33726],[-79.84157,40.33733],[-79.84243,40.33767],[-79.84266,40.33795],[-79.84275,40.33827],[-79.85009,40.33776],[-79.85574,40.33908],[-79.85634,40.33841],[-79.85693,40.33875],[-79.85784,40.33979],[-79.85823,40.33958],[-79.86056,40.34218],[-79.86133,40.3429],[-79.86204,40.34246]]]},"properties":{"geoid":"42003552400","mobility_p25":40.4,"mobility_p25_se":2,"mobility_unreliable":false,"mobility_black_p25":35.8,"mobility_white_p25":42}},{"type":"Feature","geometry":{"type":"Polygon","coordinates":[[[-79.92769,40.42771],[-79.92791,40.42762],[-79.92652,40.42654],[-79.92644,40.42624],[-79.92656,40.42584],[-79.92573,40.42542],[-79.92629,40.42354],[-79.9261,40.41954],[-79.92715,40.41961],[-79.92682,40.41896],[-79.92625,40.4183],[-79.92605,40.41793],[-79.9258,40.41665],[-79.92565,40.41636],[-79.92491,40.41545],[-79.92497,40.41505],[-79.92387,40.414],[-79.92342,40.41373],[-79.92353,40.41354],[-79.92285,40.41293],[-79.92289,40.41278],[-79.92259,40.41274],[-79.92281,40.41208],[-79.92277,40.4118],[-79.9223,40.41171],[-79.92201,40.41193],[-79.9217,40.41177],[-79.92156,40.41222],[-79.92131,40.41236],[-79.92076,40.41163],[-79.92027,40.41203],[-79.91857,40.41076],[-79.91727,40.41191],[-79.9154,40.41323],[-79.91331,40.41424],[-79.91146,40.41484],[-79.91165,40.41497],[-79.91561,40.4157],[-79.9161,40.41608],[-79.91641,40.41659],[-79.9162,40.41681],[-79.91576,40.41706],[-79.91572,40.41728],[-79.91529,40.41813],[-79.91439,40.41873],[-79.91404,40.4192],[-79.91204,40.41986],[-79.91171,40.42005],[-79.91002,40.42211],[-79.90982,40.42226],[-79.90972,40.42254],[-79.90851,40.42393],[-79.90782,40.42414],[-79.90762,40.42395],[-79.90729,40.42398],[-79.90721,40.42461],[-79.90698,40.42489],[-79.90687,40.4257],[-79.90662,40.42597],[-79.90612,40.42608],[-79.9062,40.42643],[-79.90577,40.42751],[-79.90581,40.42765],[-79.90601,40.42776],[-79.90652,40.4278],[-79.90684,40.42769],[-79.90703,40.42746],[-79.90716,40.42702],[-79.90746,40.42649],[-79.90779,40.42632],[-79.9088,40.4264],[-79.91006,40.42612],[-79.91192,40.42631],[-79.91249,40.42647],[-79.91327,40.42708],[-79.91386,40.42766],[-79.91458,40.428],[-79.91485,40.42802],[-79.91556,40.42788],[-79.91599,40.4279],[-79.91754,40.42815],[-79.92348,40.42974],[-79.92361,40.42958],[-79.92769,40.42771]]]},"properties":{"geoid":"42003141400","mobility_p25":53.1,"mobility_p25_se":2.9,"mobility_unreliable":false,"mobility_black_p25":29.1,"mobility_white_p25":53.8}},{"type":"Feature","geometry":{"type":"Polygon","coordinates":[[[-79.90745,40.40874],[-79.9027,40.40327],[-79.90132,40.40378],[-79.8996,40.39941],[-79.90062,40.40003],[-79.90194,40.39943],[-79.90092,40.39823],[-79.90175,40.39782],[-79.89983,40.39612],[-79.89964,40.39549],[-79.89773,40.39578],[-79.89652,40.39481],[-79.89679,40.39429],[-79.89727,40.39428],[-79.89712,40.39419],[-79.89487,40.39476],[-79.89471,40.3947],[-79.89465,40.39451],[-79.89477,40.394],[-79.89476,40.39359],[-79.89397,40.39248],[-79.89405,40.39159],[-79.89361,40.39152],[-79.89365,40.39275],[-79.89432,40.39343],[-79.89427,40.39398],[-79.89384,40.39448],[-79.89351,40.39535],[-79.89371,40.39542],[-79.89515,40.39713],[-79.89612,40.39844],[-79.89029,40.4008],[-79.89052,40.40107],[-79.88425,40.40302],[-79.88436,40.40394],[-79.88728,40.40612],[-79.88754,40.40645],[-79.88705,40.40704],[-79.8854,40.40652],[-79.88451,40.40719],[-79.88988,40.40989],[-79.89431,40.41269],[-79.89618,40.41399],[-79.89789,40.41495],[-79.89994,40.41554],[-79.90151,40.41588],[-79.90312,40.41591],[-79.90597,40.41571],[-79.90528,40.41374],[-79.90333,40.40902],[-79.90745,40.40874]]]},"properties":{"geoid":"42003484300","mobility_p25":40.8,"mobility_p25_se":2,"mobility_unreliable":false,"mobility_black_p25":38.5,"mobility_white_p25":42.7}},{"type":"Feature","geometry":{"type":"Polygon","coordinates":[[[-80.07471,40.4129],[-80.06668,40.40906],[-80.05787,40.40507],[-80.0512,40.40194],[-80.03483,40.42836],[-80.03746,40.42855],[-80.03837,40.42785],[-80.04169,40.42899],[-80.04249,40.42862],[-80.04315,40.42804],[-80.0427,40.42867],[-80.04329,40.42819],[-80.04463,40.42906],[-80.04664,40.42942],[-80.04681,40.42737],[-80.04659,40.42703],[-80.0474,40.42701],[-80.04738,40.42596],[-80.0478,40.42574],[-80.04861,40.42634],[-80.04946,40.42681],[-80.05057,40.42707],[-80.05146,40.42714],[-80.05377,40.42794],[-80.05434,40.42754],[-80.05723,40.42644],[-80.06379,40.42636],[-80.06551,40.42512],[-80.0672,40.42278],[-80.06721,40.42246],[-80.06688,40.42062],[-80.0661,40.4175],[-80.06612,40.41723],[-80.06643,40.41678],[-80.06728,40.41622],[-80.06805,40.416],[-80.07153,40.41581],[-80.07177,40.41572],[-80.07191,40.41562],[-80.07246,40.41467],[-80.07295,40.41411],[-80.07423,40.41315],[-80.07471,40.41304],[-80.07471,40.4129]]]},"properties":{"geoid":"42003469000","mobility_p25":57,"mobility_p25_se":3.2,"mobility_unreliable":false,"mobility_black_p25":null,"mobility_white_p25":57.4}},{"type":"Feature","geometry":{"type":"Polygon","coordinates":[[[-79.95272,40.44836],[-79.95192,40.44663],[-79.95191,40.44648],[-79.95133,40.44674],[-79.95059,40.4468],[-79.95037,40.44516],[-79.94877,40.44527],[-79.94865,40.44444],[-79.9469,40.44451],[-79.94638,40.44519],[-79.94719,40.44712],[-79.94687,40.44714],[-79.94769,40.44798],[-79.94875,40.45039],[-79.95074,40.4498],[-79.95272,40.44836]]]},"properties":{"geoid":"42003040400","mobility_p25":54.8,"mobility_p25_se":6.2,"mobility_unreliable":true,"mobility_black_p25":null,"mobility_white_p25":61.7}},{"type":"Feature","geometry":{"type":"Polygon","coordinates":[[[-79.88411,40.31155],[-79.88418,40.31145],[-79.88057,40.31018],[-79.87843,40.30964],[-79.87686,40.30906],[-79.87622,40.30871],[-79.87483,40.30771],[-79.87153,40.30511],[-79.86973,40.3035],[-79.86845,40.302],[-79.86778,40.30023],[-79.86731,40.2983],[-79.8671,40.29599],[-79.86732,40.29441],[-79.86775,40.29262],[-79.86832,40.29114],[-79.87069,40.2879],[-79.87209,40.28661],[-79.87381,40.28531],[-79.87503,40.28419],[-79.87661,40.28337],[-79.87776,40.28263],[-79.87576,40.28098],[-79.87451,40.27965],[-79.87535,40.27886],[-79.8746,40.27834],[-79.87396,40.27757],[-79.87348,40.27713],[-79.8731,40.2769],[-79.87174,40.27636],[-79.87101,40.27634],[-79.87028,40.27646],[-79.8696,40.27668],[-79.86886,40.27718],[-79.86682,40.27903],[-79.86632,40.27924],[-79.86582,40.27926],[-79.86493,40.27897],[-79.86302,40.27807],[-79.8622,40.27747],[-79.86196,40.2774],[-79.86076,40.27761],[-79.85973,40.27793],[-79.85823,40.27816],[-79.85677,40.27849],[-79.85538,40.27855],[-79.85433,40.27907],[-79.85341,40.27932],[-79.85237,40.2793],[-79.85162,40.27944],[-79.85102,40.28005],[-79.84925,40.28115],[-79.84866,40.28234],[-79.84734,40.28328],[-79.84643,40.28413],[-79.8458,40.28434],[-79.84448,40.28444],[-79.8437,40.28479],[-79.84126,40.28544],[-79.83839,40.28961],[-79.83568,40.29021],[-79.83535,40.29055],[-79.83431,40.29119],[-79.83343,40.29225],[-79.83227,40.29393],[-79.83144,40.2946],[-79.83008,40.29597],[-79.82976,40.29677],[-79.82965,40.29772],[-79.82923,40.29831],[-79.83231,40.29919],[-79.83789,40.30166],[-79.83954,40.30273],[-79.83689,40.30742],[-79.83588,40.30762],[-79.83644,40.30872],[-79.83564,40.30895],[-79.83841,40.31429],[-79.83777,40.31465],[-79.83809,40.31514],[-79.83841,40.31586],[-79.83932,40.3172],[-79.83985,40.31773],[-79.84031,40.31845],[-79.84117,40.32015],[-79.84608,40.318],[-79.8475,40.31729],[-79.8523,40.31794],[-79.85358,40.31928],[-79.85535,40.31928],[-79.85583,40.3191],[-79.85693,40.32003],[-79.8568,40.32081],[-79.85816,40.32113],[-79.85954,40.31923],[-79.85838,40.31872],[-79.85816,40.31899],[-79.85774,40.31881],[-79.85848,40.31775],[-79.86014,40.31847],[-79.86077,40.3176],[-79.85996,40.31732],[-79.8602,40.31568],[-79.86003,40.31499],[-79.86035,40.31504],[-79.8603,40.31509],[-79.86187,40.31611],[-79.86238,40.31547],[-79.86451,40.31633],[-79.8639,40.31736],[-79.86546,40.31823],[-79.86708,40.31952],[-79.86829,40.31784],[-79.87001,40.31602],[-79.87219,40.31595],[-79.87387,40.31754],[-79.87622,40.31633],[-79.87582,40.31545],[-79.87618,40.31465],[-79.87782,40.31309],[-79.87976,40.31411],[-79.88183,40.31496],[-79.88411,40.31155]]]},"properties":{"geoid":"42003497000","mobility_p25":41.7,"mobility_p25_se":5,"mobility_unreliable":false,"mobility_black_p25":null,"mobility_white_p25":44.1}},{"type":"Feature","geometry":{"type":"Polygon","coordinates":[[[-80.05655,40.58151],[-80.05589,40.57686],[-80.05476,40.57667],[-80.05448,40.57655],[-80.05434,40.57625],[-80.05457,40.57574],[-80.05457,40.57559],[-80.05339,40.5752],[-80.05284,40.57483],[-80.05166,40.57332],[-80.04978,40.57149],[-80.04951,40.57094],[-80.04944,40.57057],[-80.04964,40.56838],[-80.04955,40.56803],[-80.04931,40.56766],[-80.04898,40.5674],[-80.04857,40.56723],[-80.04696,40.56682],[-80.04578,40.56671],[-80.04436,40.56677],[-80.04382,40.56661],[-80.04348,40.56633],[-80.04155,40.56408],[-80.04144,40.56389],[-80.0414,40.56331],[-80.04125,40.56294],[-80.03997,40.56186],[-80.03941,40.56106],[-80.03909,40.5627],[-80.03803,40.5663],[-80.03695,40.57194],[-80.02352,40.57213],[-80.02391,40.57339],[-80.02418,40.57395],[-80.02726,40.57863],[-80.02736,40.57856],[-80.03017,40.58281],[-80.03068,40.58337],[-80.03174,40.58418],[-80.03256,40.5846],[-80.03378,40.58503],[-80.03748,40.58584],[-80.03756,40.58571],[-80.03787,40.58564],[-80.04109,40.58638],[-80.04165,40.58632],[-80.04233,40.5856],[-80.04248,40.58556],[-80.04339,40.5857],[-80.04374,40.58602],[-80.04413,40.586],[-80.04448,40.58588],[-80.04412,40.58548],[-80.04351,40.58504],[-80.04288,40.58471],[-80.04032,40.58381],[-80.03942,40.58338],[-80.03868,40.5828],[-80.03814,40.58205],[-80.04124,40.5823],[-80.04171,40.58249],[-80.04245,40.58303],[-80.0429,40.58318],[-80.04339,40.58322],[-80.05511,40.5815],[-80.05588,40.58145],[-80.05655,40.58151]]]},"properties":{"geoid":"42003413201","mobility_p25":52.7,"mobility_p25_se":3.6,"mobility_unreliable":false,"mobility_black_p25":null,"mobility_white_p25":53.3}},{"type":"Feature","geometry":{"type":"Polygon","coordinates":[[[-80.22143,40.51698],[-80.2208,40.51643],[-80.21967,40.51591],[-80.2184,40.5148],[-80.21769,40.51458],[-80.2174,40.51441],[-80.21286,40.51038],[-80.20756,40.50546],[-80.20218,40.50943],[-80.19989,40.5125],[-80.19845,40.51461],[-80.19785,40.51579],[-80.19734,40.51633],[-80.19762,40.51656],[-80.19784,40.51692],[-80.19688,40.51833],[-80.19655,40.51862],[-80.19112,40.52147],[-80.19089,40.52131],[-80.19056,40.52032],[-80.19019,40.51968],[-80.18999,40.51955],[-80.18845,40.51905],[-80.18563,40.52149],[-80.18469,40.52195],[-80.18218,40.52221],[-80.18063,40.52252],[-80.17914,40.5225],[-80.17755,40.52307],[-80.17674,40.52257],[-80.17522,40.52186],[-80.17126,40.5274],[-80.17235,40.5278],[-80.17536,40.52862],[-80.17865,40.52994],[-80.1833,40.5312],[-80.18681,40.53236],[-80.18796,40.53292],[-80.18996,40.53102],[-80.19089,40.5317],[-80.19151,40.53228],[-80.19356,40.5345],[-80.19468,40.53598],[-80.19544,40.53674],[-80.19649,40.53735],[-80.19803,40.53783],[-80.19935,40.53805],[-80.20008,40.53796],[-80.2006,40.53776],[-80.20129,40.53717],[-80.20165,40.53662],[-80.20215,40.53492],[-80.20234,40.53457],[-80.20269,40.5341],[-80.20376,40.5333],[-80.20437,40.53265],[-80.20471,40.53183],[-80.20506,40.52954],[-80.20544,40.52878],[-80.20606,40.52803],[-80.20638,40.52773],[-80.20774,40.52688],[-80.21095,40.52589],[-80.21322,40.52483],[-80.21604,40.52368],[-80.21651,40.52338],[-80.2169,40.52305],[-80.21746,40.52222],[-80.21758,40.52175],[-80.21758,40.52046],[-80.2178,40.51981],[-80.21925,40.51817],[-80.22143,40.51698]]]},"properties":{"geoid":"42003451102","mobility_p25":43,"mobility_p25_se":2.4,"mobility_unreliable":false,"mobility_black_p25":30.6,"mobility_white_p25":46.5}},{"type":"Feature","geometry":{"type":"Polygon","coordinates":[[[-79.86511,40.43745],[-79.8615,40.43822],[-79.86135,40.43843],[-79.85763,40.43521],[-79.85737,40.43487],[-79.85609,40.43378],[-79.85201,40.43689],[-79.84862,40.43386],[-79.84833,40.43344],[-79.84835,40.43281],[-79.84879,40.43141],[-79.84887,40.43071],[-79.84852,40.43008],[-79.84716,40.42857],[-79.84483,40.4293],[-79.84388,40.42812],[-79.83456,40.42867],[-79.83379,40.42753],[-79.83382,40.42805],[-79.83372,40.42873],[-79.83304,40.42939],[-79.83255,40.43031],[-79.83181,40.43044],[-79.82992,40.42749],[-79.83096,40.42392],[-79.83132,40.42294],[-79.82969,40.42317],[-79.8288,40.42584],[-79.82811,40.42538],[-79.82637,40.42572],[-79.82775,40.42978],[-79.82929,40.42948],[-79.83018,40.43104],[-79.83014,40.43116],[-79.82739,40.43214],[-79.82481,40.43128],[-79.82458,40.43056],[-79.82337,40.43087],[-79.8223,40.4317],[-79.82104,40.43291],[-79.82088,40.4333],[-79.82097,40.43387],[-79.82115,40.43418],[-79.82191,40.43463],[-79.82227,40.43547],[-79.82615,40.43907],[-79.82496,40.43998],[-79.82471,40.4409],[-79.82814,40.44167],[-79.82732,40.44499],[-79.82761,40.44506],[-79.82836,40.44436],[-79.8294,40.44469],[-79.82952,40.44431],[-79.83535,40.44507],[-79.84023,40.44979],[-79.84374,40.45074],[-79.84432,40.44965],[-79.85422,40.45282],[-79.85404,40.44582],[-79.8585,40.44516],[-79.85789,40.44287],[-79.8621,40.44153],[-79.8616,40.43939],[-79.86511,40.43745]]]},"properties":{"geoid":"42003519000","mobility_p25":48.9,"mobility_p25_se":4.6,"mobility_unreliable":false,"mobility_black_p25":37.4,"mobility_white_p25":47.6}},{"type":"Feature","geometry":{"type":"Polygon","coordinates":[[[-80.02848,40.35706],[-80.02816,40.35563],[-80.02713,40.35347],[-80.02592,40.35266],[-80.02347,40.35131],[-80.02317,40.35101],[-80.02306,40.35073],[-80.02306,40.35037],[-80.02319,40.34986],[-80.02352,40.34913],[-80.02387,40.34868],[-80.0243,40.34846],[-80.02634,40.34804],[-80.02667,40.34789],[-80.02686,40.34768],[-80.02723,40.34651],[-80.02738,40.34489],[-80.02737,40.34451],[-80.02722,40.34405],[-80.02615,40.34249],[-80.02587,40.34151],[-80.02578,40.3405],[-80.02612,40.33902],[-80.02599,40.33821],[-80.02556,40.33759],[-80.02456,40.33654],[-80.0242,40.33586],[-80.02407,40.33524],[-80.02408,40.33359],[-80.02395,40.33328],[-80.02203,40.33054],[-80.01785,40.32646],[-80.01726,40.32596],[-80.0102,40.32179],[-80.00934,40.32112],[-79.99806,40.33825],[-80.0016,40.34058],[-80.00562,40.34298],[-80.00666,40.34475],[-80.00688,40.34469],[-80.00853,40.3474],[-80.01067,40.35045],[-80.01148,40.35049],[-80.01152,40.35174],[-80.01162,40.35199],[-80.01708,40.35903],[-80.0223,40.35928],[-80.0229,40.35908],[-80.02267,40.35745],[-80.02848,40.35706]]]},"properties":{"geoid":"42003475401","mobility_p25":57.5,"mobility_p25_se":3.1,"mobility_unreliable":false,"mobility_black_p25":null,"mobility_white_p25":57.9}},{"type":"Feature","geometry":{"type":"Polygon","coordinates":[[[-79.93641,40.46473],[-79.93644,40.46468],[-79.93452,40.46477],[-79.93067,40.46349],[-79.92752,40.46875],[-79.93279,40.47064],[-79.93641,40.46473]]]},"properties":{"geoid":"42003111400","mobility_p25":31.7,"mobility_p25_se":1.7,"mobility_unreliable":false,"mobility_black_p25":31,"mobility_white_p25":null}},{"type":"Feature","geometry":{"type":"Polygon","coordinates":[[[-79.90881,40.46796],[-79.90874,40.46739],[-79.90851,40.46691],[-79.90593,40.46337],[-79.90562,40.4626],[-79.90419,40.46331],[-79.89891,40.4647],[-79.89802,40.46563],[-79.89744,40.46711],[-79.8966,40.46838],[-79.89605,40.46875],[-79.89925,40.47272],[-79.89874,40.47283],[-79.89847,40.47325],[-79.89808,40.47355],[-79.89828,40.47374],[-79.89847,40.4743],[-79.89837,40.47497],[-79.89844,40.47588],[-79.89872,40.47604],[-79.89918,40.47606],[-79.90121,40.47559],[-79.9021,40.47521],[-79.90364,40.47418],[-79.90395,40.47407],[-79.90456,40.47402],[-79.90828,40.47422],[-79.90881,40.46796]]]},"properties":{"geoid":"42003120300","mobility_p25":31.6,"mobility_p25_se":1.5,"mobility_unreliable":false,"mobility_black_p25":31.3,"mobility_white_p25":null}},{"type":"Feature","geometry":{"type":"Polygon","coordinates":[[[-79.91603,40.46702],[-79.91616,40.46699],[-79.91553,40.46618],[-79.90979,40.46106],[-79.90713,40.46184],[-79.90562,40.4626],[-79.90593,40.46337],[-79.90834,40.46665],[-79.90873,40.46735],[-79.90882,40.4679],[-79.90862,40.47028],[-79.90955,40.47018],[-79.91086,40.46908],[-79.91171,40.46861],[-79.91427,40.46753],[-79.91603,40.46702]]]},"properties":{"geoid":"42003120400","mobility_p25":26.3,"mobility_p25_se":1.9,"mobility_unreliable":false,"mobility_black_p25":26.1,"mobility_white_p25":null}},{"type":"Feature","geometry":{"type":"Polygon","coordinates":[[[-79.95635,40.43529],[-79.95641,40.43512],[-79.95473,40.43461],[-79.95221,40.43424],[-79.95169,40.43423],[-79.94986,40.43443],[-79.94958,40.43651],[-79.94986,40.43931],[-79.94983,40.43982],[-79.94969,40.44024],[-79.94948,40.44057],[-79.94895,40.44118],[-79.94924,40.44134],[-79.94968,40.44072],[-79.95084,40.43981],[-79.95056,40.43928],[-79.95107,40.43912],[-79.95155,40.43922],[-79.95233,40.43967],[-79.95618,40.43595],[-79.95635,40.43529]]]},"properties":{"geoid":"42003040600","mobility_p25":42.5,"mobility_p25_se":4.7,"mobility_unreliable":false,"mobility_black_p25":null,"mobility_white_p25":49.8}},{"type":"Feature","geometry":{"type":"Polygon","coordinates":[[[-79.89402,40.297],[-79.89376,40.29523],[-79.89366,40.29499],[-79.89341,40.29472],[-79.89199,40.29414],[-79.88882,40.29358],[-79.88898,40.29276],[-79.88929,40.29243],[-79.88955,40.29186],[-79.88977,40.2908],[-79.88939,40.29019],[-79.88893,40.29007],[-79.88925,40.28993],[-79.8892,40.28986],[-79.88852,40.28963],[-79.88824,40.28939],[-79.88827,40.28914],[-79.88865,40.2887],[-79.88836,40.28831],[-79.88844,40.28792],[-79.88808,40.2878],[-79.88746,40.28709],[-79.88624,40.28683],[-79.88596,40.28702],[-79.88518,40.28729],[-79.88304,40.28312],[-79.88203,40.28341],[-79.88013,40.28538],[-79.87831,40.28503],[-79.87816,40.28493],[-79.87735,40.28616],[-79.87549,40.28963],[-79.87329,40.29427],[-79.8746,40.29452],[-79.8746,40.29481],[-79.87814,40.29483],[-79.88068,40.29611],[-79.88044,40.29645],[-79.87709,40.29916],[-79.87727,40.29908],[-79.87841,40.29932],[-79.87953,40.29931],[-79.88037,40.29913],[-79.88203,40.29862],[-79.88381,40.29834],[-79.88439,40.29846],[-79.88367,40.29814],[-79.88778,40.29743],[-79.88943,40.29725],[-79.89293,40.29707],[-79.89339,40.29694],[-79.89402,40.297]]]},"properties":{"geoid":"42003492800","mobility_p25":34.8,"mobility_p25_se":2,"mobility_unreliable":false,"mobility_black_p25":31.4,"mobility_white_p25":46}},{"type":"Feature","geometry":{"type":"Polygon","coordinates":[[[-79.98265,40.48306],[-79.98256,40.48163],[-79.98254,40.47698],[-79.97957,40.47709],[-79.97861,40.47882],[-79.97579,40.47748],[-79.97554,40.47721],[-79.97403,40.47723],[-79.97409,40.47646],[-79.9735,40.47637],[-79.97352,40.47627],[-79.97354,40.47621],[-79.97428,40.47633],[-79.97369,40.47586],[-79.97362,40.47576],[-79.97365,40.4755],[-79.97212,40.4755],[-79.97457,40.4722],[-79.9756,40.47187],[-79.97672,40.47134],[-79.97719,40.47085],[-79.97468,40.46944],[-79.97411,40.46956],[-79.9734,40.47009],[-79.97285,40.47034],[-79.97077,40.47066],[-79.97004,40.47111],[-79.96931,40.47183],[-79.96806,40.47367],[-79.96737,40.47455],[-79.96641,40.47557],[-79.96476,40.47792],[-79.96742,40.47899],[-79.97049,40.48068],[-79.97189,40.48109],[-79.97258,40.48149],[-79.97283,40.48181],[-79.97288,40.48208],[-79.97279,40.48225],[-79.97202,40.48279],[-79.97188,40.48309],[-79.97181,40.48357],[-79.96984,40.4836],[-79.96995,40.48468],[-79.96997,40.48523],[-79.9699,40.48529],[-79.97046,40.49289],[-79.97094,40.4946],[-79.97108,40.49551],[-79.97615,40.49531],[-79.97582,40.49143],[-79.97567,40.48875],[-79.97523,40.48402],[-79.97515,40.48402],[-79.97515,40.48337],[-79.97882,40.48317],[-79.98265,40.48306]]]},"properties":{"geoid":"42003427000","mobility_p25":41.7,"mobility_p25_se":1.7,"mobility_unreliable":false,"mobility_black_p25":null,"mobility_white_p25":43.3}},{"type":"Feature","geometry":{"type":"Polygon","coordinates":[[[-79.97391,40.46587],[-79.96807,40.46101],[-79.96716,40.46055],[-79.96664,40.46061],[-79.96608,40.45944],[-79.95819,40.46082],[-79.9571,40.46077],[-79.9566,40.46065],[-79.95594,40.4603],[-79.95278,40.46361],[-79.95296,40.46361],[-79.95373,40.46281],[-79.95396,40.4629],[-79.95717,40.46238],[-79.95801,40.46526],[-79.96385,40.46994],[-79.96868,40.47275],[-79.96931,40.47183],[-79.97004,40.47111],[-79.97077,40.47066],[-79.97156,40.46899],[-79.97391,40.46587]]]},"properties":{"geoid":"42003060300","mobility_p25":36.8,"mobility_p25_se":1.6,"mobility_unreliable":false,"mobility_black_p25":28.4,"mobility_white_p25":40.9}},{"type":"Feature","geometry":{"type":"Polygon","coordinates":[[[-79.94969,40.45258],[-79.94769,40.44798],[-79.94687,40.44714],[-79.93884,40.44769],[-79.94095,40.45132],[-79.9368,40.45271],[-79.93257,40.45475],[-79.93406,40.45726],[-79.94149,40.45504],[-79.94198,40.45594],[-79.94427,40.45525],[-79.94308,40.45457],[-79.94969,40.45258]]]},"properties":{"geoid":"42003070900","mobility_p25":44,"mobility_p25_se":5.6,"mobility_unreliable":true,"mobility_black_p25":28.8,"mobility_white_p25":53.7}},{"type":"Feature","geometry":{"type":"Polygon","coordinates":[[[-79.93279,40.47064],[-79.92752,40.46875],[-79.92812,40.46772],[-79.92801,40.46765],[-79.92426,40.4663],[-79.92347,40.46606],[-79.92164,40.46568],[-79.9199,40.46507],[-79.91946,40.46574],[-79.91905,40.46612],[-79.9178,40.4666],[-79.91616,40.46699],[-79.91695,40.46858],[-79.92158,40.46987],[-79.92657,40.47163],[-79.93119,40.47344],[-79.93153,40.47238],[-79.93172,40.47204],[-79.93279,40.47064]]]},"properties":{"geoid":"42003111300","mobility_p25":32.3,"mobility_p25_se":1.3,"mobility_unreliable":false,"mobility_black_p25":28.6,"mobility_white_p25":48.5}},{"type":"Feature","geometry":{"type":"Polygon","coordinates":[[[-80.03822,40.5535],[-80.03717,40.55047],[-80.03696,40.54825],[-80.03617,40.54632],[-80.03601,40.54564],[-80.03591,40.54441],[-80.03595,40.54162],[-80.03634,40.53906],[-80.03635,40.53837],[-80.03628,40.53768],[-80.03597,40.53631],[-80.03596,40.53454],[-80.03581,40.53223],[-80.03566,40.53151],[-80.03517,40.53029],[-80.03506,40.52978],[-80.03509,40.52926],[-80.03546,40.52798],[-80.0356,40.52587],[-80.03548,40.52517],[-80.03504,40.52389],[-80.03229,40.52411],[-80.02895,40.52427],[-80.02881,40.52224],[-80.02688,40.52222],[-80.02669,40.5214],[-80.02596,40.52103],[-80.02412,40.52091],[-80.02326,40.52107],[-80.02303,40.52078],[-80.02091,40.52065],[-80.01592,40.51998],[-80.01495,40.51974],[-80.01359,40.51908],[-80.01418,40.52007],[-80.01506,40.52331],[-80.01553,40.52455],[-80.0171,40.52687],[-80.0177,40.52788],[-80.01803,40.52862],[-80.01813,40.52915],[-80.01809,40.5309],[-80.01818,40.53148],[-80.01888,40.53357],[-80.0194,40.53443],[-80.01997,40.53509],[-80.02756,40.54245],[-80.02929,40.5439],[-80.03072,40.54528],[-80.03115,40.54502],[-80.03126,40.54512],[-80.03348,40.54768],[-80.03427,40.549],[-80.03447,40.54959],[-80.0346,40.55073],[-80.03478,40.55161],[-80.03492,40.55362],[-80.03822,40.5535]]]},"properties":{"geoid":"42003429400","mobility_p25":49.7,"mobility_p25_se":2.8,"mobility_unreliable":false,"mobility_black_p25":null,"mobility_white_p25":50.2}},{"type":"Feature","geometry":{"type":"Polygon","coordinates":[[[-79.98788,40.47633],[-79.98588,40.4719],[-79.98387,40.46632],[-79.98296,40.46726],[-79.98302,40.46731],[-79.98181,40.46934],[-79.98115,40.46989],[-79.97969,40.47077],[-79.97879,40.47161],[-79.97719,40.47085],[-79.97672,40.47134],[-79.9756,40.47187],[-79.97457,40.4722],[-79.97212,40.4755],[-79.97365,40.4755],[-79.97362,40.47576],[-79.97369,40.47586],[-79.97428,40.47633],[-79.97354,40.47621],[-79.97352,40.47627],[-79.9735,40.47637],[-79.97409,40.47646],[-79.97403,40.47723],[-79.97554,40.47721],[-79.97579,40.47748],[-79.97864,40.47882],[-79.97957,40.47709],[-79.98254,40.47698],[-79.98253,40.47728],[-79.98267,40.47726],[-79.98269,40.47806],[-79.98354,40.47803],[-79.98619,40.47832],[-79.98604,40.47808],[-79.9861,40.4779],[-79.98745,40.47709],[-79.98777,40.47664],[-79.98788,40.47633]]]},"properties":{"geoid":"42003428100","mobility_p25":53.8,"mobility_p25_se":4.4,"mobility_unreliable":false,"mobility_black_p25":null,"mobility_white_p25":55.2}},{"type":"Feature","geometry":{"type":"Polygon","coordinates":[[[-80.04648,40.48752],[-80.04644,40.48716],[-80.04071,40.49145],[-80.03749,40.49007],[-80.03576,40.49093],[-80.02778,40.4911],[-80.02779,40.49649],[-80.0259,40.4968],[-80.02543,40.49533],[-80.02459,40.49548],[-80.02416,40.49505],[-80.02291,40.49529],[-80.02198,40.49384],[-80.02115,40.49444],[-80.0206,40.49511],[-80.02014,40.49594],[-80.01997,40.49651],[-80.01994,40.49694],[-80.02001,40.49746],[-80.02026,40.49823],[-80.02075,40.4991],[-80.02141,40.4998],[-80.02307,40.50101],[-80.02413,40.50253],[-80.02463,40.50302],[-80.02514,40.5034],[-80.02605,40.50363],[-80.02768,40.50456],[-80.02817,40.50512],[-80.0288,40.50549],[-80.02916,40.50581],[-80.02956,40.50635],[-80.02971,40.50668],[-80.02979,40.50735],[-80.02937,40.50881],[-80.02933,40.50914],[-80.02944,40.50963],[-80.02979,40.51025],[-80.03063,40.51137],[-80.03145,40.51162],[-80.03156,40.51176],[-80.0316,40.51201],[-80.03149,40.51215],[-80.03138,40.51259],[-80.03104,40.51274],[-80.03079,40.51322],[-80.03018,40.51379],[-80.03037,40.51399],[-80.03102,40.5139],[-80.03256,40.51336],[-80.03382,40.51273],[-80.03525,40.5118],[-80.03578,40.51099],[-80.03624,40.51056],[-80.03707,40.50745],[-80.03696,40.5061],[-80.03783,40.50552],[-80.03826,40.50509],[-80.03959,40.50173],[-80.03978,40.50096],[-80.04337,40.50103],[-80.04555,40.49993],[-80.04608,40.49938],[-80.04617,40.49853],[-80.04595,40.49716],[-80.04605,40.49662],[-80.0456,40.49567],[-80.04541,40.49491],[-80.04601,40.49487],[-80.04553,40.49443],[-80.04531,40.494],[-80.0454,40.49376],[-80.04524,40.49335],[-80.04454,40.49213],[-80.04464,40.49188],[-80.04466,40.49137],[-80.04489,40.49088],[-80.04555,40.49016],[-80.04558,40.48994],[-80.04549,40.48966],[-80.04513,40.48905],[-80.04519,40.4889],[-80.04537,40.48852],[-80.0464,40.48783],[-80.04648,40.48752]]]},"properties":{"geoid":"42003429700","mobility_p25":47.7,"mobility_p25_se":3.8,"mobility_unreliable":false,"mobility_black_p25":null,"mobility_white_p25":48.9}},{"type":"Feature","geometry":{"type":"Polygon","coordinates":[[[-80.0316,40.51201],[-80.03156,40.51176],[-80.03145,40.51162],[-80.03001,40.51118],[-80.02867,40.51013],[-80.02819,40.50947],[-80.02654,40.50898],[-80.0251,40.51009],[-80.02388,40.50977],[-80.01776,40.51442],[-80.02326,40.52107],[-80.02412,40.52091],[-80.02529,40.52099],[-80.02588,40.51996],[-80.0249,40.51941],[-80.02485,40.51919],[-80.02581,40.51884],[-80.02611,40.51867],[-80.0261,40.51852],[-80.02616,40.51847],[-80.0272,40.518],[-80.028,40.51743],[-80.02882,40.51652],[-80.02966,40.5161],[-80.02976,40.51597],[-80.0298,40.5157],[-80.02941,40.51499],[-80.02945,40.51447],[-80.03066,40.51337],[-80.03104,40.51274],[-80.03138,40.51259],[-80.03149,40.51215],[-80.0316,40.51201]]]},"properties":{"geoid":"42003430100","mobility_p25":44.7,"mobility_p25_se":2.9,"mobility_unreliable":false,"mobility_black_p25":null,"mobility_white_p25":47.9}},{"type":"Feature","geometry":{"type":"Polygon","coordinates":[[[-79.92793,40.44412],[-79.92771,40.43804],[-79.91308,40.43803],[-79.91165,40.4467],[-79.91203,40.44677],[-79.91234,40.44673],[-79.91413,40.44636],[-79.91442,40.44616],[-79.91544,40.445],[-79.91585,40.44469],[-79.92051,40.44385],[-79.92793,40.44412]]]},"properties":{"geoid":"42003140300","mobility_p25":48,"mobility_p25_se":4.9,"mobility_unreliable":false,"mobility_black_p25":null,"mobility_white_p25":50}},{"type":"Feature","geometry":{"type":"Polygon","coordinates":[[[-79.92158,40.44767],[-79.92153,40.44724],[-79.92051,40.44385],[-79.91585,40.44469],[-79.91544,40.445],[-79.91442,40.44616],[-79.91413,40.44636],[-79.91144,40.44698],[-79.90819,40.45149],[-79.90984,40.45227],[-79.91242,40.45404],[-79.92071,40.45289],[-79.92023,40.45122],[-79.92027,40.45096],[-79.92158,40.44767]]]},"properties":{"geoid":"42003140400","mobility_p25":45.9,"mobility_p25_se":5.9,"mobility_unreliable":true,"mobility_black_p25":null,"mobility_white_p25":48.9}},{"type":"Feature","geometry":{"type":"Polygon","coordinates":[[[-80.07399,40.38818],[-80.0739,40.38751],[-80.07371,40.38723],[-80.07155,40.38545],[-80.06908,40.38679],[-80.06941,40.3833],[-80.06875,40.38296],[-80.06888,40.38278],[-80.06858,40.38255],[-80.06752,40.38128],[-80.0676,40.38123],[-80.0676,40.38103],[-80.06743,40.38118],[-80.06602,40.37946],[-80.06484,40.37835],[-80.06464,40.37787],[-80.06439,40.3775],[-80.0635,40.37712],[-80.06228,40.37692],[-80.06001,40.37593],[-80.05847,40.37502],[-80.05789,40.37492],[-80.05669,40.37512],[-80.05598,40.37637],[-80.05538,40.37768],[-80.05256,40.38027],[-80.05258,40.38125],[-80.05233,40.38225],[-80.05234,40.38251],[-80.05265,40.38354],[-80.05308,40.38441],[-80.05353,40.38505],[-80.05456,40.38687],[-80.05513,40.3876],[-80.05566,40.38807],[-80.0568,40.38834],[-80.05732,40.38854],[-80.0579,40.38906],[-80.05875,40.39042],[-80.05934,40.39097],[-80.06349,40.39306],[-80.0643,40.39324],[-80.06541,40.3933],[-80.06583,40.39324],[-80.06644,40.39301],[-80.06778,40.39221],[-80.06876,40.39195],[-80.0689,40.38889],[-80.07399,40.38818]]]},"properties":{"geoid":"42003473601","mobility_p25":58.3,"mobility_p25_se":5.3,"mobility_unreliable":true,"mobility_black_p25":null,"mobility_white_p25":58.9}},{"type":"Feature","geometry":{"type":"Polygon","coordinates":[[[-80.08397,40.37758],[-80.08411,40.37711],[-80.07947,40.3728],[-80.07972,40.37267],[-80.07938,40.37228],[-80.07962,40.37215],[-80.0792,40.37163],[-80.078,40.36965],[-80.07552,40.36715],[-80.07359,40.3655],[-80.07446,40.36503],[-80.07266,40.36378],[-80.0725,40.36406],[-80.06434,40.36175],[-80.06442,40.3619],[-80.064,40.362],[-80.06318,40.36369],[-80.06145,40.36575],[-80.06132,40.366],[-80.06123,40.36636],[-80.06126,40.36792],[-80.06012,40.37055],[-80.0575,40.37387],[-80.05669,40.37512],[-80.05789,40.37492],[-80.05833,40.37498],[-80.05869,40.37512],[-80.06001,40.37593],[-80.06228,40.37692],[-80.0635,40.37712],[-80.06413,40.37735],[-80.06439,40.3775],[-80.06455,40.37771],[-80.06484,40.37835],[-80.06602,40.37946],[-80.06743,40.38118],[-80.06759,40.38089],[-80.06759,40.38061],[-80.06753,40.38032],[-80.06721,40.37983],[-80.06916,40.37849],[-80.06836,40.3773],[-80.06748,40.37645],[-80.06812,40.37606],[-80.06841,40.37643],[-80.06851,40.37637],[-80.06957,40.37824],[-80.07528,40.37741],[-80.07743,40.37673],[-80.07759,40.37649],[-80.07903,40.37639],[-80.08397,40.37758]]]},"properties":{"geoid":"42003473602","mobility_p25":58.2,"mobility_p25_se":3.6,"mobility_unreliable":false,"mobility_black_p25":null,"mobility_white_p25":60.1}},{"type":"Feature","geometry":{"type":"Polygon","coordinates":[[[-80.09494,40.30591],[-80.08698,40.30367],[-80.086,40.30333],[-80.08291,40.30251],[-80.08078,40.30177],[-80.07667,40.30067],[-80.07396,40.29984],[-80.07096,40.30608],[-80.06939,40.3098],[-80.06769,40.31414],[-80.0681,40.31428],[-80.06974,40.31446],[-80.07012,40.31461],[-80.0706,40.31494],[-80.07094,40.31542],[-80.07212,40.31778],[-80.07221,40.31826],[-80.07208,40.31885],[-80.07175,40.31978],[-80.071,40.32097],[-80.07072,40.32125],[-80.06917,40.32235],[-80.06776,40.32364],[-80.06727,40.32395],[-80.06549,40.32474],[-80.06538,40.32528],[-80.06618,40.32776],[-80.06711,40.3278],[-80.07239,40.32743],[-80.07296,40.32732],[-80.07383,40.32698],[-80.07439,40.32689],[-80.0748,40.32696],[-80.07564,40.3273],[-80.08224,40.32462],[-80.08303,40.3242],[-80.08431,40.32338],[-80.08541,40.32246],[-80.08637,40.32145],[-80.087,40.32064],[-80.08766,40.31945],[-80.09123,40.30982],[-80.09158,40.30907],[-80.09208,40.30838],[-80.09304,40.30743],[-80.09494,40.30591]]]},"properties":{"geoid":"42003474203","mobility_p25":59.9,"mobility_p25_se":4.1,"mobility_unreliable":false,"mobility_black_p25":null,"mobility_white_p25":60.2}},{"type":"Feature","geometry":{"type":"Polygon","coordinates":[[[-79.98886,40.36394],[-79.98796,40.36238],[-79.98677,40.36273],[-79.98488,40.36301],[-79.98454,40.36327],[-79.98409,40.36387],[-79.98263,40.36535],[-79.98069,40.36686],[-79.98029,40.36705],[-79.97894,40.36738],[-79.9783,40.36766],[-79.97607,40.36881],[-79.97543,40.36944],[-79.97522,40.36991],[-79.97515,40.3703],[-79.97554,40.37386],[-79.97554,40.3753],[-79.97541,40.37738],[-79.97545,40.37881],[-79.97553,40.37951],[-79.97614,40.3813],[-79.97676,40.38114],[-79.97709,40.38123],[-79.97735,40.38131],[-79.97764,40.38174],[-79.97803,40.38185],[-79.97893,40.38165],[-79.98195,40.38064],[-79.98275,40.38149],[-79.98334,40.38152],[-79.98451,40.37997],[-79.98476,40.37943],[-79.98492,40.37943],[-79.98531,40.37881],[-79.98582,40.37824],[-79.98619,40.37754],[-79.98571,40.37722],[-79.98542,40.37673],[-79.98693,40.37508],[-79.98476,40.37212],[-79.98617,40.37024],[-79.98589,40.36942],[-79.98505,40.36816],[-79.98782,40.36555],[-79.98886,40.36394]]]},"properties":{"geoid":"42003478100","mobility_p25":51.2,"mobility_p25_se":2.3,"mobility_unreliable":false,"mobility_black_p25":null,"mobility_white_p25":52.6}},{"type":"Feature","geometry":{"type":"Polygon","coordinates":[[[-79.817,40.6717],[-79.81663,40.65651],[-79.81644,40.6441],[-79.78572,40.64383],[-79.77233,40.61876],[-79.77097,40.61836],[-79.76666,40.61864],[-79.76662,40.61744],[-79.76591,40.61649],[-79.76491,40.61649],[-79.763,40.61617],[-79.76226,40.61613],[-79.7622,40.61598],[-79.76079,40.6153],[-79.76138,40.61464],[-79.76137,40.61427],[-79.75922,40.61433],[-79.75657,40.61183],[-79.75376,40.61468],[-79.73427,40.6355],[-79.73234,40.63886],[-79.7247,40.65557],[-79.72131,40.66173],[-79.71999,40.66458],[-79.71783,40.6681],[-79.71712,40.66966],[-79.72992,40.66923],[-79.73274,40.66924],[-79.75707,40.67022],[-79.76411,40.67043],[-79.77058,40.67081],[-79.78065,40.67123],[-79.79505,40.67142],[-79.79747,40.6719],[-79.79852,40.67203],[-79.80028,40.672],[-79.80271,40.67151],[-79.817,40.6717]]]},"properties":{"geoid":"42003406000","mobility_p25":45.1,"mobility_p25_se":3.4,"mobility_unreliable":false,"mobility_black_p25":null,"mobility_white_p25":45}},{"type":"Feature","geometry":{"type":"Polygon","coordinates":[[[-79.81644,40.6441],[-79.81638,40.63878],[-79.81612,40.63513],[-79.81313,40.61359],[-79.81302,40.6121],[-79.81301,40.60473],[-79.81253,40.59852],[-79.81221,40.58856],[-79.81207,40.58728],[-79.81214,40.58452],[-79.8113,40.56193],[-79.80156,40.56226],[-79.7757,40.56283],[-79.78018,40.57193],[-79.78758,40.57186],[-79.78794,40.57557],[-79.78812,40.58336],[-79.79075,40.5833],[-79.79185,40.58297],[-79.7931,40.58286],[-79.79537,40.58315],[-79.7961,40.58353],[-79.79644,40.59012],[-79.79102,40.59024],[-79.78847,40.59014],[-79.78912,40.60597],[-79.77281,40.60618],[-79.77247,40.60606],[-79.77197,40.60602],[-79.77085,40.60619],[-79.77095,40.60918],[-79.76675,40.60926],[-79.76688,40.61422],[-79.76418,40.61424],[-79.76662,40.61744],[-79.76666,40.61864],[-79.77097,40.61836],[-79.77233,40.61876],[-79.78572,40.64383],[-79.81644,40.6441]]]},"properties":{"geoid":"42003405000","mobility_p25":47.7,"mobility_p25_se":4.5,"mobility_unreliable":false,"mobility_black_p25":null,"mobility_white_p25":49.1}},{"type":"Feature","geometry":{"type":"Polygon","coordinates":[[[-80.07851,40.44653],[-80.07635,40.44181],[-80.07495,40.44209],[-80.07501,40.44091],[-80.07455,40.44078],[-80.07447,40.44049],[-80.07391,40.44047],[-80.07317,40.44108],[-80.06597,40.44204],[-80.06268,40.44189],[-80.06122,40.44063],[-80.06092,40.44174],[-80.06051,40.44221],[-80.06013,40.4424],[-80.05537,40.44394],[-80.0568,40.44433],[-80.05804,40.44442],[-80.0585,40.44459],[-80.05996,40.44564],[-80.0619,40.44781],[-80.06261,40.44723],[-80.06363,40.44792],[-80.06401,40.44762],[-80.06432,40.44771],[-80.06429,40.44817],[-80.06535,40.44854],[-80.06535,40.44882],[-80.06619,40.44938],[-80.06668,40.44882],[-80.06704,40.44889],[-80.06722,40.44883],[-80.06836,40.44778],[-80.07159,40.44862],[-80.07294,40.44832],[-80.07315,40.44865],[-80.07653,40.44801],[-80.07635,40.44725],[-80.07695,40.44714],[-80.07851,40.44653]]]},"properties":{"geoid":"42003464300","mobility_p25":46.5,"mobility_p25_se":2.6,"mobility_unreliable":false,"mobility_black_p25":20.6,"mobility_white_p25":48.5}},{"type":"Feature","geometry":{"type":"Polygon","coordinates":[[[-80.04208,40.39975],[-80.04086,40.39809],[-80.03949,40.39692],[-80.03839,40.39543],[-80.03586,40.39715],[-80.03427,40.39503],[-80.03234,40.39625],[-80.02939,40.39721],[-80.03176,40.40009],[-80.03147,40.4004],[-80.03248,40.40173],[-80.03267,40.40154],[-80.0367,40.40078],[-80.03562,40.4017],[-80.03547,40.40429],[-80.03642,40.40428],[-80.03976,40.40132],[-80.04208,40.39975]]]},"properties":{"geoid":"42003472100","mobility_p25":44.6,"mobility_p25_se":2.7,"mobility_unreliable":false,"mobility_black_p25":null,"mobility_white_p25":44.3}},{"type":"Feature","geometry":{"type":"Polygon","coordinates":[[[-80.06757,40.47049],[-80.06743,40.47003],[-80.06715,40.46964],[-80.06613,40.46915],[-80.06629,40.46891],[-80.06622,40.46867],[-80.06576,40.46807],[-80.06564,40.46775],[-80.0656,40.4658],[-80.0662,40.46568],[-80.06635,40.4655],[-80.06608,40.46487],[-80.06603,40.46342],[-80.0662,40.46164],[-80.064,40.46267],[-80.0634,40.46282],[-80.06193,40.46351],[-80.06084,40.46418],[-80.06011,40.46415],[-80.05943,40.46392],[-80.05849,40.46345],[-80.05813,40.46343],[-80.05504,40.46455],[-80.05118,40.4656],[-80.05096,40.46725],[-80.05027,40.46928],[-80.04965,40.46998],[-80.04777,40.47115],[-80.0471,40.47169],[-80.04684,40.47239],[-80.04713,40.47403],[-80.04757,40.47492],[-80.04786,40.47581],[-80.05256,40.47585],[-80.06583,40.47572],[-80.06569,40.47096],[-80.06757,40.47049]]]},"properties":{"geoid":"42003464400","mobility_p25":34.1,"mobility_p25_se":1.5,"mobility_unreliable":false,"mobility_black_p25":25.7,"mobility_white_p25":37.5}},{"type":"Feature","geometry":{"type":"Polygon","coordinates":[[[-80.08051,40.44049],[-80.08061,40.44012],[-80.08021,40.44001],[-80.07981,40.44029],[-80.07959,40.44006],[-80.07792,40.43903],[-80.07645,40.4376],[-80.07506,40.43567],[-80.07396,40.43527],[-80.07368,40.43526],[-80.07207,40.43555],[-80.07091,40.43612],[-80.06973,40.43648],[-80.06905,40.43705],[-80.06868,40.4382],[-80.06682,40.43789],[-80.06747,40.43635],[-80.06755,40.43588],[-80.06753,40.43534],[-80.0674,40.43524],[-80.06734,40.43447],[-80.06567,40.43336],[-80.06369,40.43411],[-80.06385,40.43481],[-80.06124,40.43562],[-80.06172,40.43638],[-80.06154,40.43684],[-80.06119,40.4368],[-80.0603,40.43535],[-80.06015,40.43636],[-80.05999,40.43661],[-80.05932,40.43708],[-80.0576,40.43753],[-80.0594,40.43915],[-80.06268,40.44189],[-80.06637,40.44203],[-80.07317,40.44108],[-80.07391,40.44047],[-80.07447,40.44049],[-80.07455,40.44078],[-80.07501,40.44091],[-80.07495,40.44209],[-80.07812,40.44135],[-80.07977,40.44081],[-80.08051,40.44049]]]},"properties":{"geoid":"42003465600","mobility_p25":45.9,"mobility_p25_se":2.9,"mobility_unreliable":false,"mobility_black_p25":39,"mobility_white_p25":47.5}},{"type":"Feature","geometry":{"type":"Polygon","coordinates":[[[-80.04648,40.39574],[-80.04645,40.39501],[-80.04625,40.39379],[-80.04347,40.39009],[-80.04229,40.3895],[-80.0416,40.38955],[-80.03882,40.39145],[-80.03575,40.39401],[-80.03427,40.39503],[-80.03586,40.39715],[-80.03839,40.39543],[-80.03949,40.39692],[-80.04086,40.39809],[-80.04183,40.3994],[-80.04488,40.39906],[-80.04622,40.39651],[-80.04648,40.39574]]]},"properties":{"geoid":"42003472200","mobility_p25":51,"mobility_p25_se":3.1,"mobility_unreliable":false,"mobility_black_p25":null,"mobility_white_p25":53.1}},{"type":"Feature","geometry":{"type":"Polygon","coordinates":[[[-80.06284,40.44854],[-80.06209,40.44801],[-80.05996,40.44564],[-80.0585,40.44459],[-80.05804,40.44442],[-80.0568,40.44433],[-80.05434,40.44364],[-80.05172,40.44266],[-80.04872,40.44185],[-80.04724,40.44113],[-80.04672,40.4411],[-80.04608,40.44134],[-80.04531,40.44195],[-80.04578,40.44233],[-80.04326,40.44432],[-80.04278,40.44399],[-80.04161,40.44497],[-80.04184,40.44527],[-80.0421,40.44545],[-80.04345,40.44574],[-80.04373,40.44589],[-80.04397,40.44614],[-80.04415,40.4469],[-80.044,40.44776],[-80.04407,40.448],[-80.04508,40.45015],[-80.04528,40.45042],[-80.05111,40.45149],[-80.05172,40.45168],[-80.05317,40.45233],[-80.05428,40.45258],[-80.0551,40.45254],[-80.05525,40.45211],[-80.05996,40.45068],[-80.06284,40.44854]]]},"properties":{"geoid":"42003281400","mobility_p25":35.1,"mobility_p25_se":1.9,"mobility_unreliable":false,"mobility_black_p25":23.8,"mobility_white_p25":47.7}},{"type":"Feature","geometry":{"type":"Polygon","coordinates":[[[-80.06122,40.44063],[-80.0594,40.43915],[-80.0576,40.43753],[-80.05586,40.43777],[-80.05358,40.43796],[-80.05322,40.43791],[-80.05236,40.43757],[-80.05094,40.4375],[-80.04921,40.43812],[-80.0473,40.43815],[-80.04734,40.4396],[-80.04743,40.43998],[-80.04588,40.44057],[-80.04561,40.44093],[-80.04511,40.4421],[-80.04638,40.44118],[-80.04672,40.4411],[-80.04724,40.44113],[-80.04872,40.44185],[-80.05069,40.44234],[-80.05241,40.4429],[-80.05404,40.44354],[-80.05537,40.44394],[-80.06013,40.4424],[-80.06051,40.44221],[-80.06092,40.44174],[-80.06122,40.44063]]]},"properties":{"geoid":"42003281500","mobility_p25":39.7,"mobility_p25_se":3.2,"mobility_unreliable":false,"mobility_black_p25":18.8,"mobility_white_p25":45.5}},{"type":"Feature","geometry":{"type":"Polygon","coordinates":[[[-79.99233,40.40659],[-79.99232,40.40643],[-79.99216,40.40624],[-79.99126,40.40569],[-79.99088,40.4053],[-79.99053,40.40476],[-79.9894,40.40225],[-79.98899,40.39918],[-79.98822,40.39761],[-79.98708,40.39573],[-79.98637,40.39434],[-79.9866,40.39247],[-79.98659,40.39118],[-79.98587,40.39016],[-79.98498,40.38851],[-79.98457,40.388],[-79.9838,40.38733],[-79.98311,40.38947],[-79.98246,40.39057],[-79.98151,40.3913],[-79.98055,40.39247],[-79.97942,40.39432],[-79.97892,40.39542],[-79.97865,40.39663],[-79.97868,40.39697],[-79.97811,40.39697],[-79.97987,40.39974],[-79.98001,40.40044],[-79.97981,40.40129],[-79.97958,40.40164],[-79.97908,40.40212],[-79.97589,40.40438],[-79.97788,40.40571],[-79.97826,40.40615],[-79.97861,40.40638],[-79.97925,40.4067],[-79.98048,40.40716],[-79.98109,40.40784],[-79.98143,40.40574],[-79.98212,40.40588],[-79.98766,40.40608],[-79.99191,40.40717],[-79.99233,40.40659]]]},"properties":{"geoid":"42003290200","mobility_p25":42.4,"mobility_p25_se":2.2,"mobility_unreliable":false,"mobility_black_p25":null,"mobility_white_p25":43.3}},{"type":"Feature","geometry":{"type":"Polygon","coordinates":[[[-80.09654,40.63814],[-80.09637,40.63695],[-80.09605,40.63551],[-80.08874,40.6358],[-80.08841,40.62931],[-80.08423,40.62951],[-80.07874,40.62964],[-80.07897,40.63166],[-80.07893,40.63261],[-80.06936,40.63287],[-80.06978,40.64257],[-80.07958,40.64233],[-80.07965,40.64506],[-80.08057,40.64566],[-80.08165,40.64593],[-80.08311,40.64601],[-80.08308,40.6451],[-80.08265,40.644],[-80.08252,40.64325],[-80.08223,40.64223],[-80.08757,40.64201],[-80.08752,40.64095],[-80.08892,40.64085],[-80.08885,40.63862],[-80.09652,40.63833],[-80.09654,40.63814]]]},"properties":{"geoid":"42003410000","mobility_p25":67.9,"mobility_p25_se":11,"mobility_unreliable":true,"mobility_black_p25":null,"mobility_white_p25":71.2}},{"type":"Feature","geometry":{"type":"Polygon","coordinates":[[[-79.9113,40.44715],[-79.91144,40.44698],[-79.90829,40.44594],[-79.90844,40.44565],[-79.90819,40.44557],[-79.90873,40.4445],[-79.90588,40.44436],[-79.9052,40.44501],[-79.90528,40.44504],[-79.90479,40.44586],[-79.90411,40.44586],[-79.90337,40.44637],[-79.90323,40.44633],[-79.90311,40.44641],[-79.89955,40.44524],[-79.90013,40.44431],[-79.89877,40.44384],[-79.89874,40.44375],[-79.89933,40.44237],[-79.89938,40.44184],[-79.8995,40.44146],[-79.89978,40.44113],[-79.90004,40.44116],[-79.90029,40.44098],[-79.90025,40.44086],[-79.89988,40.4408],[-79.89988,40.4404],[-79.89958,40.43975],[-79.89948,40.43969],[-79.89948,40.43956],[-79.89468,40.43983],[-79.89358,40.44459],[-79.89322,40.44649],[-79.90819,40.45149],[-79.9113,40.44715]]]},"properties":{"geoid":"42003140600","mobility_p25":45,"mobility_p25_se":3.8,"mobility_unreliable":false,"mobility_black_p25":36.8,"mobility_white_p25":52.5}},{"type":"Feature","geometry":{"type":"Polygon","coordinates":[[[-80.00934,40.32112],[-80.0087,40.3203],[-80.0051,40.31344],[-80.0023,40.30998],[-80.00102,40.30875],[-79.99977,40.30771],[-79.99924,40.30735],[-79.99873,40.30711],[-79.99785,40.30682],[-79.99645,40.30668],[-79.99637,40.30445],[-79.99628,40.30412],[-79.99536,40.30225],[-79.9945,40.29866],[-79.99448,40.29659],[-79.99411,40.29646],[-79.99349,40.29589],[-79.99291,40.29503],[-79.99232,40.29488],[-79.99194,40.29441],[-79.99096,40.29368],[-79.9899,40.29358],[-79.98955,40.29376],[-79.98952,40.29476],[-79.98836,40.29692],[-79.9871,40.29821],[-79.98637,40.29883],[-79.98522,40.29937],[-79.98507,40.30001],[-79.98559,40.30062],[-79.98434,40.30154],[-79.98369,40.30192],[-79.98278,40.30216],[-79.98105,40.30188],[-79.97941,40.30177],[-79.97504,40.30041],[-79.97459,40.30045],[-79.97424,40.30069],[-79.97421,40.30123],[-79.97408,40.30145],[-79.97388,40.30157],[-79.97637,40.30604],[-79.97637,40.30919],[-79.97902,40.31169],[-79.9789,40.31504],[-79.97902,40.31674],[-79.98029,40.32328],[-79.98507,40.3284],[-79.98543,40.32953],[-79.98666,40.33119],[-79.99517,40.33625],[-79.99663,40.3372],[-79.99783,40.33814],[-79.99806,40.33825],[-80.00934,40.32112]]]},"properties":{"geoid":"42003490003","mobility_p25":54.7,"mobility_p25_se":3,"mobility_unreliable":false,"mobility_black_p25":null,"mobility_white_p25":56}},{"type":"Feature","geometry":{"type":"Polygon","coordinates":[[[-79.97671,40.3505],[-79.97577,40.34932],[-79.97416,40.34771],[-79.97376,40.34704],[-79.97288,40.34515],[-79.97242,40.34458],[-79.97199,40.34427],[-79.97131,40.34394],[-79.96703,40.34238],[-79.96686,40.34206],[-79.96687,40.34172],[-79.96666,40.34152],[-79.964,40.34499],[-79.96538,40.34575],[-79.96129,40.35017],[-79.95999,40.3506],[-79.96061,40.35156],[-79.96067,40.3518],[-79.95898,40.35231],[-79.95822,40.35297],[-79.9566,40.35529],[-79.9569,40.35622],[-79.95626,40.35662],[-79.95575,40.35711],[-79.95465,40.35847],[-79.95368,40.35872],[-79.95203,40.35951],[-79.95154,40.35967],[-79.95026,40.3607],[-79.94885,40.36462],[-79.94877,40.36682],[-79.94814,40.36817],[-79.94896,40.36804],[-79.94918,40.36759],[-79.94937,40.36654],[-79.94949,40.36633],[-79.94977,40.36614],[-79.94981,40.36601],[-79.95002,40.36603],[-79.95163,40.36651],[-79.95386,40.36732],[-79.95436,40.36773],[-79.95564,40.36914],[-79.95673,40.36963],[-79.95802,40.36952],[-79.95845,40.36972],[-79.96262,40.37047],[-79.96447,40.3697],[-79.95891,40.36431],[-79.96429,40.36343],[-79.966,40.36508],[-79.96772,40.36339],[-79.96812,40.36348],[-79.96784,40.36256],[-79.96661,40.36053],[-79.96582,40.35839],[-79.96527,40.35778],[-79.96844,40.35632],[-79.96945,40.35769],[-79.97136,40.3554],[-79.97284,40.35379],[-79.97142,40.35207],[-79.97416,40.35037],[-79.97671,40.3505]]]},"properties":{"geoid":"42003480200","mobility_p25":56.5,"mobility_p25_se":3,"mobility_unreliable":false,"mobility_black_p25":null,"mobility_white_p25":57.4}},{"type":"Feature","geometry":{"type":"Polygon","coordinates":[[[-80.00273,40.2788],[-80.00278,40.27868],[-80.00253,40.27834],[-79.97418,40.2701],[-79.97333,40.26992],[-79.96911,40.26864],[-79.96309,40.27276],[-79.95615,40.27803],[-79.96027,40.27967],[-79.96497,40.28109],[-79.96394,40.28227],[-79.96521,40.28526],[-79.96549,40.28877],[-79.97104,40.29232],[-79.9715,40.29329],[-79.97265,40.29631],[-79.9729,40.29737],[-79.97296,40.29762],[-79.97278,40.29974],[-79.97388,40.30157],[-79.97415,40.30137],[-79.97422,40.30118],[-79.97419,40.30083],[-79.97429,40.30062],[-79.97459,40.30045],[-79.97501,40.3004],[-79.97772,40.3012],[-79.97921,40.30173],[-79.98105,40.30188],[-79.98278,40.30216],[-79.98347,40.30201],[-79.98386,40.30184],[-79.98559,40.30062],[-79.98507,40.30001],[-79.98517,40.29942],[-79.98637,40.29883],[-79.98693,40.29837],[-79.98822,40.29709],[-79.98951,40.29479],[-79.98957,40.29452],[-79.98953,40.29383],[-79.98969,40.29364],[-79.99017,40.29357],[-79.99096,40.29368],[-79.99194,40.29441],[-79.99232,40.29488],[-79.99291,40.29503],[-79.99349,40.29589],[-79.99411,40.29646],[-79.99448,40.29659],[-79.99448,40.29584],[-79.9946,40.29535],[-79.99654,40.29253],[-79.99722,40.29038],[-79.99724,40.28986],[-79.99694,40.28929],[-79.99679,40.28834],[-79.99622,40.28721],[-79.99621,40.28702],[-79.99648,40.28687],[-79.99759,40.28674],[-79.9979,40.28661],[-79.9987,40.28473],[-79.99994,40.28411],[-80.00192,40.28249],[-80.00206,40.28227],[-80.00131,40.28106],[-80.00123,40.28022],[-80.00235,40.2794],[-80.00273,40.2788]]]},"properties":{"geoid":"42003490004","mobility_p25":53.3,"mobility_p25_se":2.7,"mobility_unreliable":false,"mobility_black_p25":36.1,"mobility_white_p25":53.4}},{"type":"Feature","geometry":{"type":"Polygon","coordinates":[[[-80.24838,40.55488],[-80.24875,40.55464],[-80.24673,40.55353],[-80.2462,40.55317],[-80.24443,40.55116],[-80.24401,40.55049],[-80.24248,40.54726],[-80.24214,40.54673],[-80.24259,40.54631],[-80.24279,40.546],[-80.2429,40.54567],[-80.24307,40.54445],[-80.24317,40.54421],[-80.24352,40.54397],[-80.2444,40.54368],[-80.24466,40.54346],[-80.2448,40.54233],[-80.24491,40.5421],[-80.24538,40.54187],[-80.24643,40.54184],[-80.24449,40.54143],[-80.24359,40.54051],[-80.24282,40.54007],[-80.24144,40.53974],[-80.23925,40.5395],[-80.23717,40.53838],[-80.23562,40.538],[-80.23518,40.53797],[-80.23401,40.53754],[-80.23141,40.53598],[-80.23008,40.53465],[-80.22873,40.53371],[-80.22852,40.53326],[-80.2286,40.53284],[-80.22937,40.53166],[-80.23052,40.53062],[-80.23078,40.53021],[-80.23088,40.52971],[-80.23061,40.52885],[-80.2303,40.5285],[-80.22937,40.52821],[-80.22901,40.52794],[-80.22893,40.52775],[-80.22894,40.5275],[-80.22947,40.52675],[-80.22953,40.52656],[-80.22948,40.52631],[-80.22917,40.526],[-80.22872,40.52588],[-80.22824,40.52586],[-80.2268,40.52642],[-80.22615,40.52653],[-80.22538,40.52644],[-80.22495,40.52626],[-80.22468,40.52604],[-80.22452,40.52567],[-80.22434,40.5247],[-80.22439,40.52034],[-80.22432,40.51996],[-80.22404,40.51961],[-80.22305,40.51883],[-80.22143,40.51698],[-80.21925,40.51817],[-80.2178,40.51981],[-80.21758,40.52046],[-80.21758,40.52175],[-80.21746,40.52222],[-80.2169,40.52305],[-80.21651,40.52338],[-80.21604,40.52368],[-80.21322,40.52483],[-80.21095,40.52589],[-80.20774,40.52688],[-80.20638,40.52773],[-80.20606,40.52803],[-80.20544,40.52878],[-80.20506,40.52954],[-80.20471,40.53183],[-80.20437,40.53265],[-80.20376,40.5333],[-80.20269,40.5341],[-80.20234,40.53457],[-80.20215,40.53492],[-80.20165,40.53662],[-80.20129,40.53717],[-80.2006,40.53776],[-80.19971,40.53804],[-80.19875,40.53798],[-80.19719,40.5376],[-80.19599,40.5371],[-80.19503,40.53638],[-80.19356,40.5345],[-80.19151,40.53228],[-80.19089,40.5317],[-80.18996,40.53102],[-80.18796,40.53292],[-80.18998,40.53379],[-80.19104,40.53448],[-80.19271,40.53646],[-80.19568,40.54121],[-80.19904,40.54544],[-80.20098,40.54758],[-80.20168,40.54817],[-80.20768,40.55167],[-80.20925,40.54987],[-80.2135,40.5443],[-80.21755,40.54573],[-80.22579,40.54424],[-80.22554,40.54462],[-80.23207,40.54792],[-80.23213,40.54721],[-80.23447,40.54592],[-80.2349,40.54638],[-80.23612,40.5457],[-80.23659,40.54612],[-80.23697,40.54631],[-80.23848,40.54666],[-80.23894,40.54665],[-80.24032,40.54631],[-80.24028,40.54754],[-80.2404,40.54755],[-80.24027,40.55325],[-80.24216,40.55316],[-80.24584,40.55643],[-80.24838,40.55488]]]},"properties":{"geoid":"42003451101","mobility_p25":55.2,"mobility_p25_se":3.8,"mobility_unreliable":false,"mobility_black_p25":null,"mobility_white_p25":55.4}},{"type":"Feature","geometry":{"type":"Polygon","coordinates":[[[-79.76658,40.44412],[-79.76669,40.444],[-79.76502,40.44341],[-79.76317,40.44246],[-79.75829,40.43893],[-79.74565,40.4387],[-79.7432,40.43856],[-79.74123,40.43831],[-79.73955,40.43788],[-79.73775,40.43727],[-79.73464,40.43573],[-79.73301,40.43461],[-79.73184,40.43357],[-79.72725,40.42879],[-79.72615,40.42793],[-79.72495,40.42741],[-79.7234,40.42716],[-79.72224,40.42727],[-79.72206,40.42721],[-79.7137,40.43021],[-79.713,40.43042],[-79.71202,40.43054],[-79.71084,40.43046],[-79.70941,40.43004],[-79.70555,40.42789],[-79.70473,40.42756],[-79.7046,40.42966],[-79.70462,40.4308],[-79.70441,40.43608],[-79.70399,40.44135],[-79.70397,40.44365],[-79.70509,40.44482],[-79.70584,40.44544],[-79.70752,40.44637],[-79.70768,40.44665],[-79.70775,40.44725],[-79.70795,40.44754],[-79.70865,40.44789],[-79.70953,40.44811],[-79.71005,40.44698],[-79.7104,40.44649],[-79.71111,40.44597],[-79.71202,40.44579],[-79.71463,40.44591],[-79.71713,40.44649],[-79.71892,40.44706],[-79.72042,40.4477],[-79.72202,40.44879],[-79.72329,40.44941],[-79.72431,40.45006],[-79.72608,40.45077],[-79.72752,40.45149],[-79.72904,40.45244],[-79.73042,40.45306],[-79.73141,40.45334],[-79.73325,40.45439],[-79.73504,40.45515],[-79.73566,40.45564],[-79.73609,40.45626],[-79.73641,40.45653],[-79.73886,40.45776],[-79.73958,40.45779],[-79.74461,40.45663],[-79.7454,40.45661],[-79.74802,40.45716],[-79.74948,40.4582],[-79.75177,40.45919],[-79.75311,40.46009],[-79.75351,40.46028],[-79.75427,40.46029],[-79.75596,40.45976],[-79.75661,40.45965],[-79.75771,40.45972],[-79.75853,40.45991],[-79.7586,40.45986],[-79.75791,40.45889],[-79.75779,40.45855],[-79.75785,40.45793],[-79.75802,40.45758],[-79.7584,40.45715],[-79.75971,40.45631],[-79.76011,40.4558],[-79.76024,40.4554],[-79.7604,40.45404],[-79.76142,40.45199],[-79.76164,40.45012],[-79.76177,40.4497],[-79.76402,40.44748],[-79.76429,40.4471],[-79.7647,40.44602],[-79.76658,40.44412]]]},"properties":{"geoid":"42003521500","mobility_p25":52.7,"mobility_p25_se":2.9,"mobility_unreliable":false,"mobility_black_p25":47.2,"mobility_white_p25":53.5}},{"type":"Feature","geometry":{"type":"Polygon","coordinates":[[[-80.14585,40.32139],[-80.13113,40.3169],[-80.11661,40.31275],[-80.11616,40.31232],[-80.11613,40.31248],[-80.11648,40.3129],[-80.11671,40.31349],[-80.11671,40.3139],[-80.11629,40.3149],[-80.11629,40.3152],[-80.11645,40.31553],[-80.11693,40.31581],[-80.11788,40.31609],[-80.11824,40.31645],[-80.11834,40.31684],[-80.11822,40.31714],[-80.11786,40.31748],[-80.11711,40.31779],[-80.11644,40.31789],[-80.11597,40.31777],[-80.11565,40.31777],[-80.11528,40.31796],[-80.11521,40.31815],[-80.11523,40.31848],[-80.11584,40.31875],[-80.11596,40.31913],[-80.11546,40.32047],[-80.11543,40.32081],[-80.11553,40.32144],[-80.1158,40.32205],[-80.11585,40.32235],[-80.11578,40.32263],[-80.11558,40.32294],[-80.11531,40.32302],[-80.11451,40.32294],[-80.11421,40.32306],[-80.11401,40.32353],[-80.11358,40.32408],[-80.11272,40.32456],[-80.1118,40.32455],[-80.11064,40.32399],[-80.11015,40.32393],[-80.10794,40.32425],[-80.10676,40.32454],[-80.10561,40.32499],[-80.1034,40.32522],[-80.10179,40.32644],[-80.10149,40.32675],[-80.10072,40.32796],[-80.10074,40.32828],[-80.10093,40.32853],[-80.10117,40.32927],[-80.10116,40.32959],[-80.10104,40.32981],[-80.10107,40.33005],[-80.10159,40.33095],[-80.10162,40.33124],[-80.10101,40.33184],[-80.10094,40.3321],[-80.10103,40.33249],[-80.10128,40.33258],[-80.10201,40.33274],[-80.10387,40.3325],[-80.10497,40.33251],[-80.10686,40.33196],[-80.10755,40.33168],[-80.1087,40.33147],[-80.10982,40.33152],[-80.11206,40.33144],[-80.11353,40.33155],[-80.114,40.33168],[-80.11434,40.33188],[-80.11472,40.3323],[-80.11501,40.333],[-80.11534,40.33353],[-80.11542,40.33372],[-80.11532,40.33415],[-80.11489,40.33523],[-80.11374,40.33719],[-80.11342,40.33749],[-80.1126,40.3388],[-80.11235,40.33943],[-80.11176,40.34049],[-80.11125,40.34125],[-80.10984,40.34382],[-80.10942,40.34442],[-80.10908,40.34562],[-80.10851,40.34617],[-80.10768,40.34734],[-80.10759,40.34759],[-80.10759,40.34809],[-80.10774,40.3482],[-80.10933,40.34854],[-80.10992,40.34878],[-80.1101,40.34892],[-80.11031,40.34945],[-80.11026,40.34996],[-80.11033,40.35068],[-80.11059,40.35104],[-80.11052,40.35121],[-80.10988,40.35189],[-80.11006,40.35235],[-80.11029,40.35262],[-80.11086,40.35311],[-80.11267,40.35434],[-80.11433,40.35521],[-80.11475,40.35452],[-80.11494,40.35403],[-80.115,40.35371],[-80.11494,40.35311],[-80.1148,40.3527],[-80.11451,40.35223],[-80.11272,40.35038],[-80.11243,40.34993],[-80.11227,40.34928],[-80.11253,40.3483],[-80.11408,40.3459],[-80.11497,40.34462],[-80.11524,40.34436],[-80.12194,40.34019],[-80.12184,40.33997],[-80.12179,40.33838],[-80.12335,40.33719],[-80.12393,40.33693],[-80.12232,40.33569],[-80.12222,40.33547],[-80.12243,40.33524],[-80.12289,40.33526],[-80.12422,40.3332],[-80.12457,40.33306],[-80.12832,40.33384],[-80.12838,40.332],[-80.1297,40.33226],[-80.13341,40.33354],[-80.13311,40.33445],[-80.13253,40.33582],[-80.13453,40.33665],[-80.13604,40.33486],[-80.14585,40.32139]]]},"properties":{"geoid":"42003456004","mobility_p25":54,"mobility_p25_se":2.8,"mobility_unreliable":false,"mobility_black_p25":38,"mobility_white_p25":56.1}},{"type":"Feature","geometry":{"type":"Polygon","coordinates":[[[-79.75164,40.49647],[-79.75068,40.4954],[-79.75002,40.49493],[-79.74923,40.49465],[-79.74681,40.49421],[-79.74553,40.49362],[-79.74161,40.49072],[-79.74109,40.4902],[-79.73812,40.48596],[-79.7379,40.4855],[-79.73777,40.48505],[-79.738,40.48438],[-79.73801,40.48403],[-79.73765,40.48286],[-79.73792,40.48202],[-79.73798,40.47994],[-79.73735,40.47889],[-79.73603,40.47784],[-79.73408,40.4787],[-79.7319,40.47904],[-79.72981,40.47958],[-79.72814,40.47959],[-79.72744,40.47973],[-79.727,40.47992],[-79.72585,40.48124],[-79.72493,40.48187],[-79.72012,40.48298],[-79.71859,40.48352],[-79.71668,40.48372],[-79.71607,40.48387],[-79.71546,40.48418],[-79.71513,40.48444],[-79.71337,40.48642],[-79.71221,40.48759],[-79.71148,40.48807],[-79.70905,40.48927],[-79.7081,40.48947],[-79.70621,40.48929],[-79.70214,40.48952],[-79.7022,40.50333],[-79.70209,40.52176],[-79.702,40.5224],[-79.70198,40.52379],[-79.70188,40.52453],[-79.70162,40.52545],[-79.70349,40.52629],[-79.70422,40.52688],[-79.7051,40.52711],[-79.70577,40.52754],[-79.70617,40.528],[-79.70703,40.52957],[-79.70763,40.53038],[-79.7079,40.53066],[-79.71003,40.53219],[-79.71197,40.53299],[-79.71285,40.53293],[-79.71278,40.53185],[-79.71262,40.53126],[-79.70988,40.52762],[-79.70961,40.52708],[-79.70956,40.5264],[-79.70987,40.52503],[-79.71013,40.52462],[-79.71056,40.52421],[-79.71108,40.5238],[-79.71171,40.52355],[-79.71223,40.52354],[-79.71432,40.52385],[-79.71638,40.52383],[-79.71901,40.52353],[-79.7198,40.52335],[-79.72004,40.52305],[-79.72023,40.5225],[-79.72054,40.52072],[-79.72074,40.52034],[-79.72137,40.51977],[-79.72296,40.51867],[-79.72405,40.51805],[-79.72694,40.51699],[-79.72905,40.51678],[-79.72943,40.51659],[-79.73019,40.51592],[-79.7306,40.51545],[-79.73107,40.51448],[-79.73134,40.51383],[-79.73162,40.51283],[-79.73263,40.51118],[-79.73295,40.51087],[-79.73535,40.50989],[-79.73895,40.50811],[-79.73923,40.50788],[-79.73939,40.50761],[-79.73985,40.50616],[-79.74019,40.50594],[-79.74137,40.50538],[-79.74296,40.50534],[-79.7441,40.50511],[-79.74458,40.50484],[-79.74562,40.50377],[-79.74588,40.50338],[-79.74762,40.49832],[-79.74797,40.49764],[-79.74859,40.49708],[-79.74975,40.49663],[-79.75164,40.49647]]]},"properties":{"geoid":"42003526102","mobility_p25":48.2,"mobility_p25_se":3.5,"mobility_unreliable":false,"mobility_black_p25":null,"mobility_white_p25":49}},{"type":"Feature","geometry":{"type":"Polygon","coordinates":[[[-79.95365,40.57821],[-79.95378,40.57801],[-79.95345,40.57808],[-79.95327,40.57846],[-79.95259,40.57917],[-79.95161,40.57953],[-79.95102,40.57996],[-79.9503,40.58029],[-79.94935,40.58096],[-79.9391,40.58124],[-79.9379,40.58137],[-79.93644,40.58169],[-79.93587,40.58166],[-79.93481,40.58138],[-79.93405,40.58144],[-79.93243,40.58175],[-79.93167,40.58172],[-79.93033,40.58151],[-79.92958,40.58146],[-79.92577,40.58163],[-79.92215,40.58166],[-79.92169,40.58158],[-79.92054,40.58174],[-79.9203,40.5819],[-79.91985,40.58264],[-79.91936,40.58303],[-79.91721,40.58376],[-79.91644,40.58441],[-79.91553,40.58489],[-79.91575,40.58941],[-79.91595,40.59637],[-79.91975,40.59632],[-79.92012,40.6067],[-79.92043,40.61094],[-79.92061,40.61607],[-79.93354,40.61582],[-79.94679,40.61545],[-79.94745,40.61372],[-79.94755,40.61294],[-79.94753,40.61137],[-79.94712,40.60449],[-79.94719,40.60436],[-79.94753,40.5996],[-79.94767,40.59954],[-79.94753,40.59947],[-79.94803,40.59145],[-79.94838,40.5903],[-79.94978,40.58789],[-79.95033,40.58666],[-79.95058,40.58572],[-79.95108,40.58281],[-79.95134,40.58201],[-79.95178,40.58111],[-79.95365,40.57821]]]},"properties":{"geoid":"42003414101","mobility_p25":48.8,"mobility_p25_se":3.1,"mobility_unreliable":false,"mobility_black_p25":null,"mobility_white_p25":50.2}},{"type":"Feature","geometry":{"type":"Polygon","coordinates":[[[-80.07544,40.46267],[-80.07439,40.46187],[-80.07388,40.46156],[-80.07326,40.46132],[-80.06996,40.46047],[-80.06899,40.46045],[-80.06481,40.45911],[-80.06484,40.45923],[-80.06475,40.45936],[-80.0642,40.4596],[-80.06418,40.45974],[-80.06438,40.46022],[-80.06428,40.46034],[-80.0639,40.46045],[-80.06406,40.46082],[-80.06282,40.46119],[-80.06246,40.46043],[-80.06259,40.46045],[-80.06276,40.46],[-80.06255,40.45958],[-80.06233,40.45946],[-80.06208,40.45869],[-80.06216,40.45835],[-80.06209,40.45827],[-80.06193,40.45833],[-80.06189,40.45794],[-80.06107,40.45704],[-80.06207,40.45635],[-80.0611,40.45543],[-80.06026,40.45595],[-80.05964,40.45537],[-80.05934,40.45561],[-80.05956,40.45493],[-80.05826,40.45471],[-80.05838,40.45429],[-80.05574,40.45385],[-80.05458,40.45329],[-80.05452,40.4526],[-80.05317,40.45233],[-80.05172,40.45168],[-80.05111,40.45149],[-80.04567,40.45052],[-80.04528,40.45042],[-80.04508,40.45015],[-80.04463,40.45047],[-80.04231,40.45155],[-80.04126,40.45192],[-80.04014,40.45247],[-80.03757,40.45405],[-80.04595,40.46061],[-80.04709,40.46164],[-80.05042,40.46467],[-80.05037,40.46568],[-80.05118,40.4656],[-80.05364,40.46488],[-80.05418,40.4648],[-80.05813,40.46343],[-80.05849,40.46345],[-80.05943,40.46392],[-80.06011,40.46415],[-80.06084,40.46418],[-80.06193,40.46351],[-80.0634,40.46282],[-80.0645,40.46245],[-80.0669,40.4613],[-80.06855,40.46079],[-80.06953,40.46083],[-80.07233,40.46137],[-80.07476,40.46361],[-80.07498,40.46355],[-80.07544,40.46267]]]},"properties":{"geoid":"42003562500","mobility_p25":36.2,"mobility_p25_se":1.4,"mobility_unreliable":false,"mobility_black_p25":28.9,"mobility_white_p25":40.6}},{"type":"Feature","geometry":{"type":"Polygon","coordinates":[[[-79.98217,40.4201],[-79.98216,40.41988],[-79.9817,40.41984],[-79.98067,40.42],[-79.9807,40.42032],[-79.9803,40.42037],[-79.98027,40.42007],[-79.98012,40.42008],[-79.98019,40.41934],[-79.98006,40.41932],[-79.98016,40.41885],[-79.98046,40.41872],[-79.97987,40.41815],[-79.97887,40.41796],[-79.97675,40.41775],[-79.97658,40.41768],[-79.97603,40.41717],[-79.97568,40.41713],[-79.9709,40.41765],[-79.96675,40.41718],[-79.9651,40.41743],[-79.96404,40.41827],[-79.9636,40.41902],[-79.96304,40.41929],[-79.96272,40.4201],[-79.96257,40.42019],[-79.96273,40.42032],[-79.96162,40.42124],[-79.96143,40.42112],[-79.96129,40.42126],[-79.96496,40.42373],[-79.96597,40.42413],[-79.9721,40.42488],[-79.97496,40.42505],[-79.97498,40.42483],[-79.97611,40.42489],[-79.97617,40.42343],[-79.97643,40.42335],[-79.97755,40.42357],[-79.9777,40.42346],[-79.97779,40.423],[-79.97837,40.42226],[-79.97936,40.42167],[-79.97895,40.4218],[-79.97946,40.42128],[-79.97951,40.42101],[-79.98021,40.42068],[-79.98082,40.42069],[-79.98074,40.42102],[-79.98112,40.42096],[-79.98116,40.42071],[-79.98194,40.42086],[-79.98194,40.42035],[-79.98217,40.4201]]]},"properties":{"geoid":"42003160800","mobility_p25":45.9,"mobility_p25_se":2.2,"mobility_unreliable":false,"mobility_black_p25":21.4,"mobility_white_p25":51}},{"type":"Feature","geometry":{"type":"Polygon","coordinates":[[[-79.9766,40.4252],[-79.97661,40.42513],[-79.9721,40.42488],[-79.96674,40.42427],[-79.96597,40.42413],[-79.96496,40.42373],[-79.95816,40.41922],[-79.95739,40.41844],[-79.95641,40.417],[-79.9559,40.41539],[-79.95575,40.41428],[-79.95584,40.41095],[-79.95525,40.41106],[-79.9551,40.41055],[-79.95295,40.41066],[-79.95309,40.41118],[-79.95232,40.41124],[-79.95457,40.42077],[-79.95597,40.42457],[-79.9603,40.42864],[-79.9735,40.43388],[-79.97379,40.43227],[-79.97382,40.43154],[-79.97439,40.43085],[-79.97524,40.43158],[-79.97582,40.43176],[-79.976,40.43047],[-79.97609,40.43025],[-79.9766,40.4252]]]},"properties":{"geoid":"42003160900","mobility_p25":41.4,"mobility_p25_se":3.4,"mobility_unreliable":false,"mobility_black_p25":null,"mobility_white_p25":44.8}},{"type":"Feature","geometry":{"type":"Polygon","coordinates":[[[-80.03063,40.51137],[-80.02979,40.51025],[-80.02944,40.50963],[-80.02933,40.50914],[-80.02937,40.50881],[-80.02972,40.5077],[-80.02979,40.50704],[-80.0297,40.50663],[-80.02938,40.50607],[-80.02891,40.50557],[-80.02817,40.50512],[-80.02768,40.50456],[-80.02605,40.50363],[-80.02514,40.5034],[-80.02437,40.50278],[-80.02307,40.50101],[-80.02141,40.4998],[-80.02092,40.49931],[-80.02038,40.49852],[-80.02008,40.49771],[-80.01783,40.49735],[-80.01698,40.49983],[-80.01655,40.49977],[-80.01576,40.49991],[-80.01477,40.49932],[-80.01326,40.49864],[-80.01237,40.49876],[-80.01226,40.49888],[-80.01193,40.49978],[-80.01167,40.50021],[-80.01082,40.50104],[-80.01068,40.4991],[-80.00891,40.49914],[-80.00923,40.49847],[-80.00912,40.49754],[-80.00779,40.49752],[-80.00776,40.49798],[-80.00746,40.49796],[-80.00634,40.49739],[-80.00501,40.49715],[-80.00402,40.49779],[-80.00395,40.49752],[-80.00393,40.49628],[-79.99814,40.49537],[-79.99597,40.49471],[-79.99547,40.49438],[-79.9952,40.49402],[-79.99414,40.49404],[-79.99428,40.49707],[-79.98962,40.49721],[-79.98971,40.50066],[-79.98565,40.50195],[-79.9857,40.50325],[-79.98647,40.50325],[-79.98663,40.50627],[-79.98671,40.50603],[-79.98809,40.50596],[-79.98987,40.50529],[-79.99016,40.50549],[-79.9904,40.50573],[-79.99032,40.50607],[-79.98939,40.5067],[-79.98925,40.50699],[-79.98926,40.50727],[-79.98953,40.50768],[-79.99032,40.5082],[-79.99087,40.50911],[-79.99158,40.50974],[-79.9937,40.51082],[-79.99616,40.5116],[-79.99708,40.51207],[-79.99829,40.51286],[-79.99886,40.51312],[-79.99975,40.51334],[-80.00647,40.51437],[-80.00803,40.51483],[-80.00967,40.51569],[-80.01212,40.51725],[-80.0128,40.51788],[-80.01359,40.51908],[-80.01495,40.51974],[-80.01559,40.51992],[-80.02091,40.52065],[-80.02303,40.52078],[-80.01776,40.51442],[-80.02388,40.50977],[-80.0251,40.51009],[-80.02654,40.50898],[-80.02819,40.50947],[-80.02854,40.50998],[-80.02891,40.51035],[-80.03001,40.51118],[-80.03063,40.51137]]]},"properties":{"geoid":"42003429100","mobility_p25":54.4,"mobility_p25_se":3.3,"mobility_unreliable":false,"mobility_black_p25":null,"mobility_white_p25":57.4}},{"type":"Feature","geometry":{"type":"Polygon","coordinates":[[[-79.98832,40.53946],[-79.98822,40.53581],[-79.98825,40.52458],[-79.98698,40.51448],[-79.98685,40.50985],[-79.98647,40.50325],[-79.9857,40.50325],[-79.98568,40.50243],[-79.9851,40.50205],[-79.98464,40.50184],[-79.98412,40.50175],[-79.98254,40.50172],[-79.98194,40.50163],[-79.98144,40.50146],[-79.98095,40.50105],[-79.98054,40.50019],[-79.98016,40.49974],[-79.97858,40.49942],[-79.97807,40.49875],[-79.97779,40.49897],[-79.97751,40.4998],[-79.97718,40.50007],[-79.97662,40.50034],[-79.97569,40.50141],[-79.97434,40.50228],[-79.97392,40.50247],[-79.97345,40.50253],[-79.97295,40.50236],[-79.97263,40.50233],[-79.97207,40.50244],[-79.97133,40.50301],[-79.97052,40.50407],[-79.96937,40.50481],[-79.9687,40.50477],[-79.96759,40.5044],[-79.96611,40.5045],[-79.96343,40.50755],[-79.95757,40.50765],[-79.95789,40.50789],[-79.95834,40.50809],[-79.95991,40.50844],[-79.96013,40.50856],[-79.96026,40.50873],[-79.96025,40.50892],[-79.9599,40.50978],[-79.96146,40.51076],[-79.96165,40.51105],[-79.9615,40.51147],[-79.96059,40.5123],[-79.96041,40.51287],[-79.96052,40.51326],[-79.96124,40.51227],[-79.9622,40.51353],[-79.96184,40.51388],[-79.96217,40.51431],[-79.96219,40.51452],[-79.96183,40.51565],[-79.96193,40.51634],[-79.96214,40.51692],[-79.96329,40.51856],[-79.96343,40.51912],[-79.96347,40.51929],[-79.96322,40.51977],[-79.96312,40.5202],[-79.96314,40.52119],[-79.96349,40.52142],[-79.96389,40.52153],[-79.96483,40.52157],[-79.96569,40.52116],[-79.9661,40.52049],[-79.96646,40.52018],[-79.96687,40.52003],[-79.9672,40.52005],[-79.96762,40.52024],[-79.96786,40.5206],[-79.9681,40.52154],[-79.96854,40.52223],[-79.96905,40.52246],[-79.96995,40.52234],[-79.97029,40.52243],[-79.97102,40.52337],[-79.97096,40.52493],[-79.97136,40.52523],[-79.97168,40.52535],[-79.97217,40.52589],[-79.97261,40.52614],[-79.97314,40.5266],[-79.97326,40.52743],[-79.97253,40.5282],[-79.97245,40.52836],[-79.97246,40.5286],[-79.97269,40.52903],[-79.9735,40.52956],[-79.97413,40.53036],[-79.9744,40.53056],[-79.97477,40.53069],[-79.97731,40.53068],[-79.97754,40.53074],[-79.97767,40.5309],[-79.9776,40.53138],[-79.97769,40.5319],[-79.97798,40.5324],[-79.97951,40.53287],[-79.98131,40.53391],[-79.98186,40.53411],[-79.98243,40.53418],[-79.98283,40.53454],[-79.98363,40.53493],[-79.98376,40.53514],[-79.98333,40.53581],[-79.9833,40.53618],[-79.98338,40.53633],[-79.98416,40.53692],[-79.98595,40.53696],[-79.98619,40.53704],[-79.98746,40.53897],[-79.98832,40.53946]]]},"properties":{"geoid":"42003427100","mobility_p25":53.8,"mobility_p25_se":3.2,"mobility_unreliable":false,"mobility_black_p25":null,"mobility_white_p25":54.7}},{"type":"Feature","geometry":{"type":"Polygon","coordinates":[[[-79.98507,40.3284],[-79.98029,40.32328],[-79.97902,40.31674],[-79.9789,40.31504],[-79.97902,40.31169],[-79.97637,40.30919],[-79.97637,40.30604],[-79.9746,40.30283],[-79.97278,40.29974],[-79.97296,40.29762],[-79.9729,40.29737],[-79.97265,40.29631],[-79.9715,40.29329],[-79.97104,40.29232],[-79.96549,40.28877],[-79.96521,40.28526],[-79.96394,40.28227],[-79.96497,40.28109],[-79.95983,40.27949],[-79.95739,40.27918],[-79.95692,40.27919],[-79.95149,40.28007],[-79.95026,40.28053],[-79.94952,40.28102],[-79.94838,40.28204],[-79.9475,40.28227],[-79.94697,40.28229],[-79.94641,40.28219],[-79.94568,40.2818],[-79.94362,40.27948],[-79.94303,40.27913],[-79.94213,40.279],[-79.94026,40.2791],[-79.938,40.27903],[-79.93754,40.27908],[-79.93705,40.27924],[-79.93668,40.27946],[-79.93634,40.27979],[-79.93612,40.28018],[-79.93607,40.2808],[-79.93644,40.28242],[-79.93646,40.28287],[-79.9362,40.2835],[-79.93558,40.28399],[-79.93502,40.2842],[-79.93454,40.28428],[-79.92533,40.28529],[-79.92419,40.28583],[-79.92389,40.28617],[-79.92335,40.28756],[-79.92316,40.2884],[-79.9229,40.28887],[-79.92253,40.2892],[-79.92188,40.28957],[-79.91428,40.29142],[-79.91664,40.29329],[-79.91793,40.29457],[-79.92022,40.29789],[-79.92037,40.29797],[-79.92149,40.29952],[-79.92198,40.29996],[-79.92287,40.30044],[-79.92384,40.3007],[-79.92485,40.30079],[-79.92742,40.30076],[-79.92851,40.30093],[-79.92944,40.30125],[-79.93062,40.30198],[-79.93465,40.3057],[-79.93551,40.30684],[-79.93686,40.30898],[-79.94048,40.31721],[-79.94255,40.31645],[-79.95298,40.32043],[-79.95593,40.32085],[-79.95692,40.32118],[-79.9569,40.32027],[-79.95697,40.32014],[-79.95964,40.31769],[-79.96131,40.31861],[-79.96196,40.31988],[-79.97521,40.3247],[-79.97537,40.3256],[-79.97626,40.32755],[-79.97916,40.32747],[-79.98261,40.32939],[-79.98507,40.3284]]]},"properties":{"geoid":"42003491101","mobility_p25":53.9,"mobility_p25_se":2.7,"mobility_unreliable":false,"mobility_black_p25":15.2,"mobility_white_p25":56.1}},{"type":"Feature","geometry":{"type":"Polygon","coordinates":[[[-80.3608,40.47774],[-80.3609,40.47767],[-80.33762,40.45933],[-80.32977,40.45274],[-80.31806,40.44348],[-80.31689,40.44208],[-80.31559,40.44098],[-80.31433,40.44],[-80.3133,40.43971],[-80.31285,40.43936],[-80.29619,40.42548],[-80.28504,40.43349],[-80.28437,40.43876],[-80.2833,40.44078],[-80.28304,40.44109],[-80.28261,40.44144],[-80.2827,40.44191],[-80.28229,40.4426],[-80.28208,40.44278],[-80.28168,40.44272],[-80.27997,40.44281],[-80.27946,40.44293],[-80.27913,40.44291],[-80.27878,40.44275],[-80.27843,40.44285],[-80.2783,40.44271],[-80.27797,40.44275],[-80.27786,40.4426],[-80.27707,40.4426],[-80.27695,40.44253],[-80.2767,40.44259],[-80.27655,40.44249],[-80.27559,40.44235],[-80.27508,40.44205],[-80.27443,40.44192],[-80.27064,40.44177],[-80.26966,40.44143],[-80.26851,40.44127],[-80.26757,40.44099],[-80.26657,40.44102],[-80.26604,40.44113],[-80.2655,40.44136],[-80.26505,40.44125],[-80.26404,40.4414],[-80.26259,40.44205],[-80.26257,40.44222],[-80.26247,40.44231],[-80.26214,40.44234],[-80.26123,40.44275],[-80.26086,40.44303],[-80.26078,40.44359],[-80.26065,40.44378],[-80.26015,40.44413],[-80.25936,40.44449],[-80.25856,40.44467],[-80.25852,40.44477],[-80.25881,40.44491],[-80.25854,40.44505],[-80.25851,40.44519],[-80.25824,40.44518],[-80.25818,40.44546],[-80.25725,40.44551],[-80.25699,40.4456],[-80.25641,40.44643],[-80.25589,40.44662],[-80.25552,40.44706],[-80.25528,40.44712],[-80.25475,40.44703],[-80.25446,40.44712],[-80.25439,40.44717],[-80.25435,40.44749],[-80.25355,40.44786],[-80.25327,40.44806],[-80.25322,40.44816],[-80.25328,40.44844],[-80.25309,40.44863],[-80.25285,40.44874],[-80.25253,40.44876],[-80.25203,40.44903],[-80.25185,40.44932],[-80.25156,40.44935],[-80.25144,40.44949],[-80.25063,40.4499],[-80.24923,40.45005],[-80.24866,40.4497],[-80.24563,40.44988],[-80.24499,40.44979],[-80.2445,40.44982],[-80.24373,40.44999],[-80.24358,40.4503],[-80.24342,40.45039],[-80.24289,40.45048],[-80.24122,40.45114],[-80.24111,40.45123],[-80.24115,40.45134],[-80.24105,40.45162],[-80.24078,40.45188],[-80.24049,40.45199],[-80.23963,40.45214],[-80.2385,40.45205],[-80.23796,40.45222],[-80.23763,40.45208],[-80.2369,40.45231],[-80.23591,40.45233],[-80.23533,40.45245],[-80.23473,40.4528],[-80.23447,40.45309],[-80.23452,40.45377],[-80.23445,40.45402],[-80.23457,40.45462],[-80.23447,40.45492],[-80.23323,40.45516],[-80.233,40.45509],[-80.2328,40.4547],[-80.23261,40.45468],[-80.2306,40.45525],[-80.23028,40.45548],[-80.22948,40.45658],[-80.2289,40.45692],[-80.22852,40.45729],[-80.22789,40.4576],[-80.22705,40.45828],[-80.2259,40.45852],[-80.22484,40.45847],[-80.22458,40.4584],[-80.22438,40.45824],[-80.22423,40.45784],[-80.22426,40.45712],[-80.22437,40.45663],[-80.22462,40.45639],[-80.22464,40.45557],[-80.22394,40.45486],[-80.22358,40.4548],[-80.22311,40.45486],[-80.22239,40.45512],[-80.22194,40.4554],[-80.22183,40.4556],[-80.22146,40.45574],[-80.2213,40.4559],[-80.22122,40.45682],[-80.22112,40.45716],[-80.22133,40.45802],[-80.22127,40.45818],[-80.22103,40.45831],[-80.22061,40.45836],[-80.22003,40.45829],[-80.21962,40.4581],[-80.21941,40.45791],[-80.21906,40.45802],[-80.21876,40.45789],[-80.2183,40.45753],[-80.21767,40.4574],[-80.21705,40.45686],[-80.21699,40.45668],[-80.21709,40.45632],[-80.2168,40.45622],[-80.21659,40.4563],[-80.21641,40.45661],[-80.21621,40.45672],[-80.21596,40.45679],[-80.21523,40.45673],[-80.2148,40.45749],[-80.21446,40.45781],[-80.21437,40.4581],[-80.21409,40.45809],[-80.21347,40.45758],[-80.21326,40.45613],[-80.21283,40.45505],[-80.21178,40.45371],[-80.21016,40.4534],[-80.20867,40.45291],[-80.20826,40.45295],[-80.20816,40.45305],[-80.20845,40.45347],[-80.20872,40.45355],[-80.20875,40.4537],[-80.20868,40.45378],[-80.20671,40.45339],[-80.20587,40.45289],[-80.20436,40.45171],[-80.20367,40.45132],[-80.20279,40.45126],[-80.20274,40.45119],[-80.20278,40.45094],[-80.20254,40.45085],[-80.20224,40.45088],[-80.20219,40.45099],[-80.20225,40.45109],[-80.20204,40.45115],[-80.2018,40.45099],[-80.19994,40.45137],[-80.1993,40.45133],[-80.19868,40.45178],[-80.19845,40.45206],[-80.1985,40.45234],[-80.19842,40.45246],[-80.19768,40.45312],[-80.19722,40.45335],[-80.1965,40.45353],[-80.19613,40.45392],[-80.19549,40.45395],[-80.19535,40.4543],[-80.19525,40.45434],[-80.19423,40.45428],[-80.19393,40.45453],[-80.19355,40.45456],[-80.19337,40.45506],[-80.19287,40.45542],[-80.19256,40.4558],[-80.19132,40.45649],[-80.19048,40.45646],[-80.19031,40.45652],[-80.18924,40.45743],[-80.18826,40.45787],[-80.18845,40.458],[-80.18879,40.4579],[-80.18879,40.45817],[-80.18943,40.45826],[-80.19077,40.45877],[-80.19111,40.45901],[-80.1915,40.45948],[-80.19215,40.45927],[-80.19248,40.45932],[-80.1927,40.45961],[-80.19266,40.46013],[-80.19288,40.46141],[-80.19352,40.46227],[-80.19401,40.46277],[-80.19493,40.46342],[-80.19516,40.46385],[-80.1954,40.46404],[-80.19567,40.46445],[-80.19618,40.46479],[-80.19625,40.46506],[-80.19672,40.46555],[-80.19828,40.4666],[-80.19905,40.46722],[-80.20178,40.46881],[-80.20386,40.46942],[-80.20523,40.47009],[-80.20581,40.47066],[-80.20635,40.47093],[-80.20691,40.47095],[-80.20717,40.47113],[-80.20787,40.47196],[-80.20817,40.47211],[-80.20873,40.47213],[-80.20937,40.47239],[-80.20976,40.47267],[-80.21065,40.4736],[-80.21103,40.47411],[-80.21119,40.47453],[-80.21179,40.47516],[-80.21218,40.47526],[-80.21264,40.47509],[-80.21323,40.47507],[-80.21378,40.47537],[-80.21408,40.47596],[-80.21416,40.47649],[-80.21433,40.47669],[-80.21549,40.47693],[-80.21573,40.47712],[-80.21598,40.4775],[-80.21642,40.47767],[-80.21713,40.47813],[-80.21859,40.47826],[-80.2188,40.47854],[-80.21911,40.47995],[-80.22057,40.48094],[-80.22229,40.48078],[-80.22271,40.48092],[-80.22281,40.48103],[-80.22218,40.48145],[-80.22206,40.48171],[-80.22225,40.48206],[-80.22263,40.48237],[-80.22264,40.48258],[-80.22317,40.48317],[-80.22321,40.48337],[-80.22365,40.48367],[-80.2242,40.48447],[-80.22447,40.48538],[-80.22551,40.49095],[-80.22568,40.49148],[-80.22594,40.49187],[-80.22652,40.49249],[-80.22751,40.49416],[-80.22806,40.4947],[-80.22806,40.49544],[-80.23865,40.50131],[-80.24171,40.5029],[-80.24221,40.50276],[-80.25081,40.50767],[-80.25571,40.50948],[-80.25968,40.51111],[-80.26059,40.51375],[-80.26485,40.52083],[-80.26785,40.52599],[-80.26962,40.52954],[-80.27288,40.53527],[-80.27511,40.53875],[-80.27803,40.53674],[-80.31315,40.51161],[-80.32419,40.50381],[-80.32419,40.50388],[-80.3608,40.47774]]]},"properties":{"geoid":"42003452000","mobility_p25":50.7,"mobility_p25_se":2.5,"mobility_unreliable":false,"mobility_black_p25":null,"mobility_white_p25":53.6}},{"type":"Feature","geometry":{"type":"Polygon","coordinates":[[[-80.15667,40.47078],[-80.15667,40.47042],[-80.15642,40.46999],[-80.15641,40.46956],[-80.15597,40.46902],[-80.15572,40.46806],[-80.15562,40.46741],[-80.15565,40.46672],[-80.15588,40.4664],[-80.15354,40.46586],[-80.153,40.46561],[-80.15262,40.46532],[-80.15238,40.465],[-80.15222,40.46455],[-80.1522,40.46217],[-80.15213,40.46181],[-80.15195,40.46147],[-80.15132,40.46099],[-80.14978,40.46052],[-80.14917,40.4602],[-80.14783,40.45835],[-80.1477,40.45802],[-80.14769,40.45749],[-80.14752,40.45735],[-80.14599,40.45744],[-80.14498,40.45704],[-80.1436,40.45752],[-80.14092,40.45753],[-80.13979,40.45712],[-80.13809,40.45635],[-80.13717,40.45616],[-80.13686,40.45593],[-80.13631,40.45516],[-80.1347,40.45578],[-80.13426,40.45588],[-80.13373,40.45592],[-80.13187,40.45575],[-80.13094,40.45579],[-80.12572,40.45679],[-80.12543,40.45703],[-80.12523,40.45776],[-80.12341,40.45898],[-80.12242,40.46021],[-80.12214,40.46031],[-80.12016,40.46008],[-80.11509,40.45871],[-80.11413,40.45869],[-80.11368,40.4586],[-80.11306,40.45817],[-80.11229,40.45808],[-80.11235,40.45858],[-80.11248,40.45884],[-80.11362,40.46024],[-80.11339,40.4606],[-80.1131,40.46085],[-80.11297,40.46128],[-80.11309,40.4618],[-80.11284,40.46193],[-80.11244,40.46252],[-80.11239,40.46282],[-80.11207,40.46347],[-80.1121,40.46385],[-80.1123,40.46429],[-80.11313,40.4656],[-80.11298,40.46604],[-80.11322,40.46657],[-80.11341,40.46666],[-80.11346,40.46685],[-80.11377,40.46697],[-80.11368,40.46712],[-80.11372,40.46717],[-80.11406,40.46742],[-80.11422,40.46745],[-80.11482,40.46837],[-80.11551,40.46917],[-80.11586,40.47044],[-80.11664,40.47222],[-80.11779,40.4742],[-80.11808,40.47491],[-80.11864,40.47588],[-80.11888,40.47675],[-80.11954,40.47763],[-80.1196,40.47796],[-80.12004,40.47865],[-80.12034,40.4795],[-80.12084,40.48021],[-80.12086,40.48037],[-80.12161,40.48015],[-80.1222,40.48016],[-80.12259,40.48042],[-80.12327,40.48146],[-80.12371,40.48191],[-80.12442,40.4822],[-80.12491,40.4823],[-80.13189,40.48128],[-80.1335,40.48188],[-80.13731,40.48409],[-80.13822,40.48446],[-80.13888,40.48464],[-80.14003,40.48459],[-80.14198,40.48396],[-80.14248,40.48394],[-80.14296,40.48403],[-80.14353,40.48441],[-80.14387,40.48507],[-80.14405,40.48597],[-80.14401,40.48704],[-80.14413,40.4873],[-80.14549,40.4884],[-80.14569,40.48875],[-80.14598,40.48962],[-80.14619,40.48993],[-80.14821,40.49168],[-80.14851,40.49161],[-80.14889,40.49077],[-80.14912,40.49047],[-80.14932,40.49035],[-80.14965,40.49036],[-80.1503,40.49116],[-80.15108,40.49102],[-80.15133,40.49074],[-80.15272,40.49072],[-80.15304,40.49039],[-80.15309,40.49004],[-80.15298,40.48778],[-80.15261,40.48699],[-80.15254,40.48657],[-80.1526,40.48626],[-80.15283,40.48535],[-80.15341,40.48485],[-80.15364,40.48434],[-80.15367,40.48413],[-80.15343,40.48341],[-80.15468,40.47905],[-80.15489,40.47874],[-80.15579,40.47792],[-80.1562,40.47715],[-80.15625,40.47631],[-80.15669,40.47557],[-80.15668,40.47518],[-80.15648,40.47492],[-80.15562,40.47422],[-80.15495,40.47418],[-80.15446,40.47399],[-80.15386,40.47405],[-80.15227,40.47361],[-80.15196,40.47343],[-80.1518,40.4732],[-80.15178,40.47272],[-80.1522,40.47222],[-80.15336,40.47258],[-80.15396,40.47266],[-80.15456,40.47202],[-80.15557,40.47156],[-80.15603,40.47158],[-80.15611,40.47144],[-80.15591,40.47121],[-80.15589,40.47096],[-80.15605,40.47076],[-80.15667,40.47078]]]},"properties":{"geoid":"42003459102","mobility_p25":51.7,"mobility_p25_se":3.4,"mobility_unreliable":false,"mobility_black_p25":null,"mobility_white_p25":52.1}},{"type":"Feature","geometry":{"type":"Polygon","coordinates":[[[-80.24171,40.5029],[-80.23865,40.50131],[-80.22806,40.49544],[-80.22806,40.4947],[-80.22751,40.49416],[-80.22652,40.49249],[-80.22594,40.49187],[-80.22568,40.49148],[-80.22551,40.49095],[-80.22447,40.48538],[-80.2242,40.48447],[-80.22365,40.48367],[-80.22321,40.48337],[-80.22317,40.48317],[-80.22264,40.48258],[-80.22263,40.48237],[-80.22225,40.48206],[-80.22206,40.48171],[-80.22218,40.48145],[-80.22281,40.48103],[-80.22269,40.4809],[-80.22229,40.48078],[-80.22057,40.48094],[-80.21911,40.47995],[-80.2188,40.47854],[-80.21859,40.47826],[-80.21713,40.47813],[-80.21642,40.47767],[-80.21598,40.4775],[-80.21573,40.47712],[-80.21549,40.47693],[-80.21433,40.47669],[-80.21416,40.47649],[-80.21408,40.47596],[-80.21378,40.47537],[-80.21323,40.47507],[-80.21264,40.47509],[-80.21218,40.47526],[-80.21179,40.47516],[-80.21119,40.47453],[-80.21103,40.47411],[-80.21065,40.4736],[-80.20976,40.47267],[-80.20937,40.47239],[-80.20873,40.47213],[-80.20817,40.47211],[-80.20787,40.47196],[-80.20717,40.47113],[-80.20691,40.47095],[-80.20635,40.47093],[-80.20581,40.47066],[-80.20535,40.47016],[-80.2046,40.46973],[-80.20386,40.46942],[-80.20178,40.46881],[-80.19905,40.46722],[-80.19828,40.4666],[-80.19692,40.46572],[-80.19644,40.46531],[-80.19625,40.46506],[-80.19618,40.46479],[-80.19564,40.46442],[-80.1954,40.46404],[-80.19516,40.46385],[-80.19493,40.46342],[-80.19401,40.46277],[-80.19293,40.46156],[-80.19273,40.46075],[-80.19266,40.46013],[-80.1927,40.45961],[-80.19248,40.45932],[-80.19215,40.45927],[-80.1915,40.45948],[-80.19111,40.45901],[-80.19077,40.45877],[-80.18943,40.45826],[-80.18879,40.45817],[-80.18879,40.4579],[-80.18845,40.458],[-80.18806,40.45778],[-80.1873,40.4576],[-80.18698,40.45763],[-80.18657,40.45778],[-80.18641,40.45775],[-80.18592,40.45709],[-80.18561,40.45682],[-80.18432,40.45666],[-80.18355,40.45616],[-80.18351,40.456],[-80.18337,40.45591],[-80.18262,40.45604],[-80.18248,40.45614],[-80.18237,40.4564],[-80.18172,40.45625],[-80.18122,40.45623],[-80.17832,40.45555],[-80.17767,40.45573],[-80.17734,40.45614],[-80.1771,40.45627],[-80.17674,40.45641],[-80.1758,40.45655],[-80.17541,40.45691],[-80.17507,40.45706],[-80.17478,40.4571],[-80.17446,40.45731],[-80.17288,40.45793],[-80.17251,40.45818],[-80.17124,40.45877],[-80.17068,40.45888],[-80.1699,40.45881],[-80.1687,40.45895],[-80.16807,40.45965],[-80.16747,40.46015],[-80.1675,40.46029],[-80.16886,40.4613],[-80.16907,40.46157],[-80.16903,40.46191],[-80.16885,40.46226],[-80.16814,40.46247],[-80.16757,40.4624],[-80.1645,40.46139],[-80.16366,40.46137],[-80.16344,40.46148],[-80.16266,40.46156],[-80.16188,40.46149],[-80.16165,40.46134],[-80.16201,40.46032],[-80.16175,40.45978],[-80.16176,40.45939],[-80.1626,40.45908],[-80.16248,40.45877],[-80.16228,40.45873],[-80.16201,40.45869],[-80.1617,40.45878],[-80.16145,40.45863],[-80.1611,40.45855],[-80.16092,40.45863],[-80.16066,40.45902],[-80.1605,40.45962],[-80.16025,40.45995],[-80.16012,40.46009],[-80.15948,40.4604],[-80.15953,40.46057],[-80.16104,40.46233],[-80.16143,40.46293],[-80.16234,40.464],[-80.16134,40.46586],[-80.16078,40.46624],[-80.16005,40.46659],[-80.15947,40.46667],[-80.15792,40.46663],[-80.15652,40.46614],[-80.15634,40.46611],[-80.15601,40.46623],[-80.15565,40.46672],[-80.15565,40.46769],[-80.15597,40.46902],[-80.15641,40.46956],[-80.15642,40.46999],[-80.15667,40.47042],[-80.15667,40.47078],[-80.15605,40.47076],[-80.15589,40.47096],[-80.15591,40.47121],[-80.15611,40.47144],[-80.15603,40.47158],[-80.15557,40.47156],[-80.15456,40.47202],[-80.15396,40.47266],[-80.15336,40.47258],[-80.1522,40.47222],[-80.15178,40.47272],[-80.1518,40.4732],[-80.15196,40.47343],[-80.15227,40.47361],[-80.15386,40.47405],[-80.15446,40.47399],[-80.15495,40.47418],[-80.15562,40.47422],[-80.15661,40.47506],[-80.15668,40.47518],[-80.15669,40.47557],[-80.15625,40.47631],[-80.1562,40.47715],[-80.15579,40.47792],[-80.15489,40.47874],[-80.15468,40.47905],[-80.15343,40.48341],[-80.15367,40.48413],[-80.15364,40.48434],[-80.15341,40.48485],[-80.15283,40.48535],[-80.15254,40.48657],[-80.15261,40.48699],[-80.15298,40.48778],[-80.15309,40.49004],[-80.15304,40.49039],[-80.15272,40.49072],[-80.15133,40.49074],[-80.15108,40.49102],[-80.14947,40.49131],[-80.1492,40.49144],[-80.14911,40.49172],[-80.14917,40.49226],[-80.1497,40.49331],[-80.15004,40.4936],[-80.15103,40.49406],[-80.15117,40.4942],[-80.15133,40.49469],[-80.15152,40.49485],[-80.15292,40.4955],[-80.15326,40.49551],[-80.15418,40.4953],[-80.15463,40.49544],[-80.1552,40.49634],[-80.15522,40.49677],[-80.1551,40.49702],[-80.15427,40.49803],[-80.15349,40.49878],[-80.15355,40.49914],[-80.15338,40.49923],[-80.15271,40.49942],[-80.15219,40.49932],[-80.15181,40.49942],[-80.15161,40.49958],[-80.15111,40.49969],[-80.1485,40.50013],[-80.1479,40.50007],[-80.14729,40.49953],[-80.14703,40.49948],[-80.14668,40.49967],[-80.14631,40.50005],[-80.14581,40.50086],[-80.14492,40.5013],[-80.14477,40.50131],[-80.14462,40.50119],[-80.14464,40.50095],[-80.14453,40.50068],[-80.14413,40.50046],[-80.14311,40.49953],[-80.14229,40.49914],[-80.14188,40.49916],[-80.14165,40.49929],[-80.14128,40.49979],[-80.14125,40.50085],[-80.14112,40.50136],[-80.14122,40.502],[-80.1416,40.50285],[-80.14213,40.50303],[-80.14249,40.50299],[-80.14257,40.5031],[-80.14291,40.50327],[-80.14322,40.5036],[-80.14395,40.50368],[-80.14425,40.50384],[-80.14449,40.5044],[-80.14515,40.50527],[-80.14589,40.50644],[-80.14644,40.50675],[-80.1479,40.50566],[-80.1503,40.50355],[-80.16112,40.50623],[-80.164,40.5076],[-80.16413,40.50746],[-80.17218,40.51086],[-80.17223,40.51079],[-80.1718,40.51037],[-80.17157,40.50975],[-80.17208,40.50995],[-80.17232,40.50959],[-80.17309,40.50991],[-80.17303,40.50998],[-80.17438,40.51052],[-80.17344,40.51191],[-80.17627,40.51758],[-80.17788,40.51782],[-80.17767,40.51802],[-80.17705,40.51901],[-80.17702,40.51908],[-80.17721,40.51917],[-80.17529,40.52189],[-80.17674,40.52257],[-80.17755,40.52307],[-80.17914,40.5225],[-80.18063,40.52252],[-80.18218,40.52221],[-80.18431,40.52203],[-80.18503,40.52183],[-80.18563,40.52149],[-80.18845,40.51905],[-80.18999,40.51955],[-80.19019,40.51968],[-80.19056,40.52032],[-80.19089,40.52131],[-80.19104,40.52145],[-80.19119,40.52145],[-80.19675,40.51848],[-80.19784,40.51692],[-80.19762,40.51656],[-80.19734,40.51633],[-80.19785,40.51579],[-80.19845,40.51461],[-80.19989,40.5125],[-80.20218,40.50943],[-80.20753,40.50548],[-80.20651,40.50456],[-80.20554,40.50331],[-80.20483,40.502],[-80.20399,40.50068],[-80.20394,40.50009],[-80.20741,40.49882],[-80.20882,40.49796],[-80.20975,40.4986],[-80.21069,40.4991],[-80.21217,40.49965],[-80.21311,40.49986],[-80.21466,40.49999],[-80.21928,40.50011],[-80.22354,40.50009],[-80.22458,40.50022],[-80.22526,40.5004],[-80.22601,40.50074],[-80.23106,40.50434],[-80.23215,40.50491],[-80.23322,40.50531],[-80.23496,40.50579],[-80.23967,40.50678],[-80.24069,40.50295],[-80.24171,40.5029]]]},"properties":{"geoid":"42003451300","mobility_p25":46.3,"mobility_p25_se":3.2,"mobility_unreliable":false,"mobility_black_p25":41.6,"mobility_white_p25":49.3}},{"type":"Feature","geometry":{"type":"Polygon","coordinates":[[[-80.01783,40.49735],[-80.01787,40.49725],[-80.0177,40.49734],[-80.01615,40.49741],[-80.01443,40.49658],[-80.014,40.49648],[-80.01251,40.49671],[-80.01232,40.49607],[-80.01192,40.4952],[-80.01205,40.49518],[-80.01174,40.494],[-80.01129,40.49358],[-80.01114,40.49379],[-80.01091,40.49384],[-80.01058,40.49345],[-80.01018,40.49264],[-80.00995,40.49168],[-80.0103,40.49166],[-80.00965,40.48881],[-80.00941,40.48849],[-80.00904,40.48686],[-80.0077,40.4831],[-80.00648,40.4828],[-80.00598,40.48236],[-80.00559,40.48256],[-80.00493,40.48321],[-80.00472,40.48332],[-80.00424,40.48329],[-80.00359,40.48291],[-80.00322,40.48294],[-80.0037,40.49063],[-80.00399,40.49629],[-80.00393,40.49628],[-80.00395,40.49745],[-80.00402,40.49779],[-80.00501,40.49715],[-80.00634,40.49739],[-80.00746,40.49796],[-80.00776,40.49798],[-80.00779,40.49752],[-80.00912,40.49754],[-80.00923,40.49847],[-80.00891,40.49914],[-80.01068,40.4991],[-80.01082,40.50104],[-80.01167,40.50021],[-80.01193,40.49978],[-80.01226,40.49888],[-80.01237,40.49876],[-80.01326,40.49864],[-80.01477,40.49932],[-80.01576,40.49991],[-80.01655,40.49977],[-80.01698,40.49983],[-80.01783,40.49735]]]},"properties":{"geoid":"42003261200","mobility_p25":42.8,"mobility_p25_se":4.3,"mobility_unreliable":false,"mobility_black_p25":41.6,"mobility_white_p25":42.8}},{"type":"Feature","geometry":{"type":"Polygon","coordinates":[[[-80.02071,40.46354],[-80.02057,40.46297],[-80.01962,40.46226],[-80.01924,40.46188],[-80.0188,40.46127],[-80.01835,40.46043],[-80.01642,40.45927],[-80.01536,40.45947],[-80.01545,40.45974],[-80.01289,40.46026],[-80.01217,40.46007],[-80.0102,40.4599],[-80.00997,40.46004],[-80.00907,40.46114],[-80.00874,40.46122],[-80.00884,40.46233],[-80.00953,40.46344],[-80.01004,40.4651],[-80.00589,40.46588],[-80.00585,40.4655],[-80.0056,40.46502],[-80.00509,40.46543],[-80.00384,40.46573],[-80.00361,40.46597],[-80.00362,40.46614],[-80.00373,40.4663],[-80.00578,40.46714],[-80.00592,40.46737],[-80.0055,40.46731],[-80.0035,40.46753],[-80.00251,40.46791],[-80.00221,40.46844],[-80.005,40.47221],[-80.00726,40.47127],[-80.01371,40.47002],[-80.01396,40.46993],[-80.01575,40.46796],[-80.01885,40.46687],[-80.01977,40.46646],[-80.02011,40.46618],[-80.02033,40.46596],[-80.02062,40.4653],[-80.02058,40.46424],[-80.02033,40.46357],[-80.02071,40.46354]]]},"properties":{"geoid":"42003261400","mobility_p25":30.6,"mobility_p25_se":1.1,"mobility_unreliable":false,"mobility_black_p25":30.6,"mobility_white_p25":39.1}},{"type":"Feature","geometry":{"type":"Polygon","coordinates":[[[-79.90966,40.45659],[-79.90768,40.45585],[-79.90615,40.45539],[-79.9058,40.45538],[-79.90548,40.45524],[-79.90526,40.45556],[-79.90291,40.45489],[-79.90275,40.45491],[-79.9021,40.45597],[-79.89903,40.46387],[-79.90063,40.46424],[-79.90419,40.46331],[-79.90562,40.4626],[-79.90559,40.46226],[-79.90606,40.46135],[-79.90913,40.45719],[-79.90966,40.45659]]]},"properties":{"geoid":"42003120700","mobility_p25":26.6,"mobility_p25_se":1.9,"mobility_unreliable":false,"mobility_black_p25":27.7,"mobility_white_p25":null}},{"type":"Feature","geometry":{"type":"Polygon","coordinates":[[[-79.87161,40.3553],[-79.86958,40.35549],[-79.87038,40.35408],[-79.87049,40.35163],[-79.87019,40.34999],[-79.87,40.34947],[-79.86903,40.34947],[-79.86475,40.35],[-79.86465,40.34953],[-79.86402,40.34961],[-79.85953,40.34968],[-79.85955,40.35016],[-79.85626,40.35029],[-79.85659,40.35162],[-79.84917,40.35227],[-79.84758,40.35283],[-79.84759,40.3529],[-79.84553,40.35343],[-79.84487,40.35341],[-79.84269,40.35258],[-79.83894,40.35254],[-79.83835,40.35259],[-79.83794,40.35275],[-79.83745,40.35315],[-79.83634,40.35439],[-79.83422,40.35588],[-79.83309,40.35684],[-79.83224,40.35771],[-79.831,40.35928],[-79.8303,40.3599],[-79.82899,40.3608],[-79.82938,40.36161],[-79.82988,40.36167],[-79.83047,40.3622],[-79.83074,40.36218],[-79.83082,40.36307],[-79.83213,40.36301],[-79.83206,40.36217],[-79.8332,40.36267],[-79.83343,40.36221],[-79.8334,40.36186],[-79.83378,40.36134],[-79.83419,40.36146],[-79.83637,40.36499],[-79.83682,40.36321],[-79.83719,40.36212],[-79.83791,40.36128],[-79.83896,40.36038],[-79.84003,40.35964],[-79.84328,40.35797],[-79.84462,40.35758],[-79.84637,40.35719],[-79.85048,40.3566],[-79.85311,40.35645],[-79.86062,40.35641],[-79.86339,40.35631],[-79.86663,40.35599],[-79.87161,40.3553]]]},"properties":{"geoid":"42003551900","mobility_p25":37.9,"mobility_p25_se":2.7,"mobility_unreliable":false,"mobility_black_p25":35.6,"mobility_white_p25":37.5}},{"type":"Feature","geometry":{"type":"Polygon","coordinates":[[[-79.91787,40.38803],[-79.91765,40.38734],[-79.91716,40.38471],[-79.9174,40.38451],[-79.91608,40.38211],[-79.91731,40.3816],[-79.91624,40.38008],[-79.91375,40.38092],[-79.9133,40.38093],[-79.91169,40.38054],[-79.91148,40.37958],[-79.91067,40.37868],[-79.91059,40.37877],[-79.9104,40.37844],[-79.91029,40.37855],[-79.90835,40.37815],[-79.90934,40.3769],[-79.90572,40.37549],[-79.90499,40.37538],[-79.9026,40.3754],[-79.8982,40.37517],[-79.89767,40.37526],[-79.89648,40.37618],[-79.89538,40.3766],[-79.89418,40.37667],[-79.89247,40.37634],[-79.89131,40.37635],[-79.89095,40.37938],[-79.89025,40.38018],[-79.88938,40.38081],[-79.89082,40.38168],[-79.89007,40.38295],[-79.88998,40.38378],[-79.89035,40.38388],[-79.89047,40.38327],[-79.89089,40.38327],[-79.89091,40.38296],[-79.8946,40.38421],[-79.89453,40.38507],[-79.89557,40.38523],[-79.89645,40.38548],[-79.89655,40.38514],[-79.89751,40.38528],[-79.89735,40.38588],[-79.89749,40.38603],[-79.90173,40.38707],[-79.90639,40.38847],[-79.90663,40.38844],[-79.90782,40.38792],[-79.90787,40.38809],[-79.90795,40.38807],[-79.90881,40.3876],[-79.91059,40.38959],[-79.91202,40.38978],[-79.91346,40.39014],[-79.91787,40.38803]]]},"properties":{"geoid":"42003484500","mobility_p25":48,"mobility_p25_se":2.2,"mobility_unreliable":false,"mobility_black_p25":null,"mobility_white_p25":48.8}},{"type":"Feature","geometry":{"type":"Polygon","coordinates":[[[-80.03741,40.39261],[-80.03757,40.39248],[-80.03523,40.39049],[-80.03458,40.38963],[-80.03451,40.3884],[-80.03373,40.38819],[-80.03251,40.38831],[-80.03362,40.3898],[-80.0287,40.3913],[-80.03077,40.39501],[-80.0307,40.39535],[-80.03114,40.39661],[-80.03234,40.39625],[-80.03366,40.39544],[-80.03575,40.39401],[-80.03741,40.39261]]]},"properties":{"geoid":"42003472300","mobility_p25":46.1,"mobility_p25_se":2.6,"mobility_unreliable":false,"mobility_black_p25":null,"mobility_white_p25":45.7}},{"type":"Feature","geometry":{"type":"Polygon","coordinates":[[[-80.04292,40.38837],[-80.04234,40.38768],[-80.0417,40.38797],[-80.04059,40.38673],[-80.04125,40.38631],[-80.04062,40.38564],[-80.03931,40.38449],[-80.03908,40.38411],[-80.03886,40.38302],[-80.03627,40.38377],[-80.03676,40.38434],[-80.03597,40.38461],[-80.0348,40.38718],[-80.03452,40.38718],[-80.03453,40.38955],[-80.03523,40.39049],[-80.03757,40.39248],[-80.03854,40.39165],[-80.04186,40.38936],[-80.04292,40.38837]]]},"properties":{"geoid":"42003472400","mobility_p25":51.2,"mobility_p25_se":3.8,"mobility_unreliable":false,"mobility_black_p25":null,"mobility_white_p25":51.8}},{"type":"Feature","geometry":{"type":"Polygon","coordinates":[[[-80.05906,40.39087],[-80.05913,40.39081],[-80.05875,40.39042],[-80.05807,40.3893],[-80.05768,40.38884],[-80.05732,40.38854],[-80.05702,40.38841],[-80.05566,40.38807],[-80.05513,40.3876],[-80.05456,40.38687],[-80.05344,40.38493],[-80.05106,40.38546],[-80.04723,40.38648],[-80.04371,40.38691],[-80.04354,40.38753],[-80.04292,40.38837],[-80.0422,40.38909],[-80.0416,40.38955],[-80.04237,40.38951],[-80.04347,40.39009],[-80.04631,40.39394],[-80.04649,40.39538],[-80.04638,40.39616],[-80.04488,40.39906],[-80.04505,40.39904],[-80.0512,40.40194],[-80.05148,40.4015],[-80.05139,40.40146],[-80.0517,40.40067],[-80.05291,40.40116],[-80.05489,40.40095],[-80.05412,40.39649],[-80.05624,40.3956],[-80.05421,40.39292],[-80.0548,40.39265],[-80.05698,40.39237],[-80.05673,40.39145],[-80.05894,40.39098],[-80.05906,40.39087]]]},"properties":{"geoid":"42003473100","mobility_p25":54.7,"mobility_p25_se":3.1,"mobility_unreliable":false,"mobility_black_p25":null,"mobility_white_p25":58.3}},{"type":"Feature","geometry":{"type":"Polygon","coordinates":[[[-80.09883,40.41816],[-80.09831,40.41776],[-80.09786,40.41727],[-80.09833,40.417],[-80.09724,40.41615],[-80.09788,40.41511],[-80.0968,40.41393],[-80.09466,40.41302],[-80.09443,40.41275],[-80.09308,40.41045],[-80.09129,40.40878],[-80.09082,40.40822],[-80.08941,40.40759],[-80.08874,40.40754],[-80.08895,40.40738],[-80.08898,40.40718],[-80.08853,40.40651],[-80.08803,40.40674],[-80.08799,40.40682],[-80.08767,40.40683],[-80.08546,40.40825],[-80.0851,40.40793],[-80.08112,40.41042],[-80.08152,40.41077],[-80.08078,40.41126],[-80.08005,40.41197],[-80.07994,40.41132],[-80.07962,40.41121],[-80.07883,40.41135],[-80.08098,40.4128],[-80.07931,40.41335],[-80.07906,40.41358],[-80.07895,40.41385],[-80.07903,40.41413],[-80.07947,40.41482],[-80.08442,40.41751],[-80.08595,40.41695],[-80.08846,40.41889],[-80.08935,40.41844],[-80.0918,40.42009],[-80.09207,40.4202],[-80.09883,40.41816]]]},"properties":{"geoid":"42003468700","mobility_p25":45.3,"mobility_p25_se":3.3,"mobility_unreliable":false,"mobility_black_p25":null,"mobility_white_p25":46}},{"type":"Feature","geometry":{"type":"Polygon","coordinates":[[[-79.93204,40.38589],[-79.93188,40.38493],[-79.93167,40.38429],[-79.93151,40.38403],[-79.93087,40.38365],[-79.93041,40.3835],[-79.93048,40.38327],[-79.92976,40.38284],[-79.9277,40.38139],[-79.92582,40.37981],[-79.92551,40.37961],[-79.92444,40.37921],[-79.92391,40.37906],[-79.92349,40.37914],[-79.92303,40.37888],[-79.92183,40.37866],[-79.9205,40.37807],[-79.92006,40.37804],[-79.91815,40.37939],[-79.91624,40.38008],[-79.91731,40.3816],[-79.91608,40.38211],[-79.9174,40.38451],[-79.91716,40.38471],[-79.91765,40.38734],[-79.91787,40.38803],[-79.91847,40.38848],[-79.91678,40.39078],[-79.91709,40.39091],[-79.91669,40.3915],[-79.91637,40.39136],[-79.9149,40.39339],[-79.91691,40.39392],[-79.91331,40.39697],[-79.9164,40.39878],[-79.9166,40.39861],[-79.91824,40.39931],[-79.92962,40.38973],[-79.93123,40.39075],[-79.93123,40.38918],[-79.93136,40.38824],[-79.93204,40.38589]]]},"properties":{"geoid":"42003310300","mobility_p25":42.3,"mobility_p25_se":5.1,"mobility_unreliable":true,"mobility_black_p25":null,"mobility_white_p25":44.6}},{"type":"Feature","geometry":{"type":"Polygon","coordinates":[[[-79.87749,40.44175],[-79.87772,40.44135],[-79.8768,40.44101],[-79.87664,40.44084],[-79.87628,40.43976],[-79.87586,40.43932],[-79.87516,40.43893],[-79.87404,40.43799],[-79.87351,40.43708],[-79.87254,40.43617],[-79.8715,40.43565],[-79.86853,40.43438],[-79.86555,40.43289],[-79.8615,40.43822],[-79.86511,40.43745],[-79.8616,40.43939],[-79.8621,40.44153],[-79.85789,40.44287],[-79.8585,40.44516],[-79.85879,40.44513],[-79.8623,40.44457],[-79.86567,40.44367],[-79.87175,40.44066],[-79.87162,40.44152],[-79.87118,40.4424],[-79.87092,40.44331],[-79.87074,40.44357],[-79.8706,40.44367],[-79.86869,40.44393],[-79.86831,40.44409],[-79.86868,40.44485],[-79.86929,40.44449],[-79.871,40.44603],[-79.87203,40.4468],[-79.8738,40.44614],[-79.87527,40.44575],[-79.87749,40.44175]]]},"properties":{"geoid":"42003561500","mobility_p25":32.2,"mobility_p25_se":1.2,"mobility_unreliable":false,"mobility_black_p25":32.2,"mobility_white_p25":42.8}},{"type":"Feature","geometry":{"type":"Polygon","coordinates":[[[-79.9198,40.4652],[-79.9199,40.46507],[-79.91894,40.46472],[-79.91835,40.46434],[-79.91695,40.46298],[-79.91638,40.46226],[-79.91607,40.46167],[-79.91581,40.46087],[-79.91568,40.46011],[-79.91577,40.45986],[-79.91644,40.45874],[-79.91674,40.45809],[-79.91741,40.45748],[-79.91242,40.45404],[-79.91228,40.45409],[-79.9094,40.45684],[-79.90606,40.46135],[-79.90559,40.46226],[-79.90562,40.4626],[-79.90713,40.46184],[-79.90979,40.46106],[-79.91553,40.46618],[-79.91616,40.46699],[-79.9178,40.4666],[-79.91905,40.46612],[-79.91946,40.46574],[-79.9198,40.4652]]]},"properties":{"geoid":"42003120800","mobility_p25":30,"mobility_p25_se":2,"mobility_unreliable":false,"mobility_black_p25":29.9,"mobility_white_p25":null}},{"type":"Feature","geometry":{"type":"Polygon","coordinates":[[[-80.05463,40.34665],[-80.054,40.3457],[-80.0538,40.3452],[-80.0523,40.34045],[-80.05141,40.3383],[-80.05115,40.3371],[-80.05118,40.3352],[-80.05068,40.33535],[-80.0488,40.33625],[-80.04671,40.33694],[-80.04625,40.33732],[-80.04576,40.33813],[-80.0455,40.33835],[-80.0418,40.34058],[-80.03959,40.3417],[-80.03832,40.34221],[-80.03511,40.34298],[-80.03071,40.34484],[-80.02969,40.34511],[-80.02978,40.34552],[-80.02967,40.34573],[-80.02959,40.34581],[-80.02897,40.34587],[-80.02891,40.34613],[-80.02882,40.3462],[-80.02731,40.34599],[-80.02696,40.34748],[-80.02673,40.34783],[-80.02612,40.34811],[-80.02452,40.3484],[-80.02387,40.34868],[-80.02352,40.34913],[-80.02319,40.34986],[-80.02306,40.35037],[-80.02306,40.35073],[-80.02317,40.35101],[-80.02347,40.35131],[-80.02592,40.35266],[-80.02713,40.35347],[-80.02822,40.35586],[-80.03156,40.35534],[-80.03343,40.35514],[-80.03377,40.35445],[-80.03788,40.35362],[-80.03969,40.35178],[-80.04193,40.35287],[-80.05288,40.35073],[-80.05463,40.34665]]]},"properties":{"geoid":"42003475101","mobility_p25":49.6,"mobility_p25_se":3.3,"mobility_unreliable":false,"mobility_black_p25":null,"mobility_white_p25":51.7}},{"type":"Feature","geometry":{"type":"Polygon","coordinates":[[[-80.01629,40.44321],[-80.01422,40.4407],[-79.99965,40.43323],[-79.99665,40.43292],[-79.9946,40.43605],[-79.99453,40.43599],[-79.99403,40.43803],[-79.99417,40.43803],[-79.99397,40.43848],[-79.99411,40.43843],[-79.9939,40.43893],[-79.98506,40.43854],[-79.98501,40.43964],[-79.98814,40.44405],[-79.98831,40.4439],[-79.99068,40.44287],[-79.99203,40.44165],[-79.99238,40.44195],[-79.99191,40.44281],[-79.99211,40.44281],[-79.99182,40.44337],[-79.99154,40.44371],[-79.99089,40.44425],[-79.9907,40.44458],[-79.99053,40.44502],[-79.9904,40.4457],[-79.99171,40.44503],[-79.99233,40.44493],[-79.99296,40.44496],[-79.99345,40.44508],[-79.99386,40.44494],[-79.99394,40.44525],[-79.99425,40.44544],[-79.99477,40.44609],[-79.99613,40.44818],[-79.99792,40.44727],[-80,40.4466],[-80.00808,40.4443],[-80.01457,40.44297],[-80.01629,40.44321]]]},"properties":{"geoid":"42003020100","mobility_p25":36.9,"mobility_p25_se":3.3,"mobility_unreliable":false,"mobility_black_p25":27.9,"mobility_white_p25":46.9}},{"type":"Feature","geometry":{"type":"Polygon","coordinates":[[[-79.8486,40.47466],[-79.84853,40.47419],[-79.84792,40.47229],[-79.84704,40.46863],[-79.84691,40.46763],[-79.84688,40.4664],[-79.84709,40.46635],[-79.84729,40.46603],[-79.84734,40.46564],[-79.8472,40.46494],[-79.84613,40.46367],[-79.84567,40.46336],[-79.8447,40.46291],[-79.84376,40.46198],[-79.84329,40.46161],[-79.8431,40.46152],[-79.84285,40.46155],[-79.84278,40.46165],[-79.84275,40.46207],[-79.84255,40.46221],[-79.84242,40.4618],[-79.8424,40.46145],[-79.84267,40.46021],[-79.84118,40.46128],[-79.84107,40.46148],[-79.84087,40.46228],[-79.83987,40.46349],[-79.83961,40.46442],[-79.83883,40.46571],[-79.8376,40.46662],[-79.83574,40.46735],[-79.83501,40.46742],[-79.83422,40.46737],[-79.83354,40.4672],[-79.83318,40.46701],[-79.83219,40.46567],[-79.83095,40.46488],[-79.83029,40.46471],[-79.82844,40.46488],[-79.82717,40.4655],[-79.82612,40.4662],[-79.82556,40.46748],[-79.82274,40.47022],[-79.82191,40.47062],[-79.82021,40.47119],[-79.81981,40.47146],[-79.81963,40.47169],[-79.81954,40.472],[-79.8197,40.4725],[-79.82195,40.47431],[-79.8221,40.47517],[-79.82166,40.47609],[-79.82162,40.47636],[-79.82174,40.47677],[-79.82244,40.47835],[-79.82254,40.48039],[-79.82241,40.48076],[-79.82224,40.48099],[-79.82068,40.48219],[-79.81951,40.4834],[-79.81928,40.48385],[-79.8194,40.48394],[-79.81925,40.4842],[-79.82352,40.48324],[-79.82637,40.48207],[-79.82849,40.48186],[-79.83076,40.48098],[-79.83226,40.48057],[-79.83342,40.48007],[-79.83427,40.47995],[-79.83434,40.47966],[-79.83695,40.47839],[-79.83772,40.4781],[-79.83815,40.47802],[-79.83843,40.47806],[-79.83907,40.47851],[-79.83943,40.47841],[-79.83998,40.47841],[-79.84256,40.47764],[-79.84353,40.47752],[-79.84555,40.47797],[-79.84613,40.47792],[-79.84645,40.4777],[-79.84797,40.47592],[-79.8485,40.47554],[-79.8486,40.47466]]]},"properties":{"geoid":"42003523300","mobility_p25":46.3,"mobility_p25_se":2.4,"mobility_unreliable":false,"mobility_black_p25":34.2,"mobility_white_p25":53.8}},{"type":"Feature","geometry":{"type":"Polygon","coordinates":[[[-79.88068,40.44242],[-79.88072,40.44234],[-79.87772,40.44135],[-79.87527,40.44575],[-79.8738,40.44614],[-79.87204,40.44679],[-79.87024,40.44798],[-79.86899,40.44906],[-79.8674,40.4491],[-79.86756,40.44939],[-79.87269,40.44937],[-79.87831,40.44992],[-79.87925,40.44976],[-79.87865,40.44716],[-79.8788,40.44568],[-79.88068,40.44242]]]},"properties":{"geoid":"42003561100","mobility_p25":29,"mobility_p25_se":1.9,"mobility_unreliable":false,"mobility_black_p25":30.9,"mobility_white_p25":null}},{"type":"Feature","geometry":{"type":"Polygon","coordinates":[[[-79.92348,40.42983],[-79.92348,40.42974],[-79.91754,40.42815],[-79.91599,40.4279],[-79.91556,40.42788],[-79.91485,40.42802],[-79.91458,40.428],[-79.91403,40.42778],[-79.91327,40.42708],[-79.91249,40.42647],[-79.91224,40.42638],[-79.91006,40.42612],[-79.9088,40.4264],[-79.90779,40.42632],[-79.90746,40.42649],[-79.9079,40.42658],[-79.91533,40.42989],[-79.91521,40.43031],[-79.91519,40.43096],[-79.91509,40.43097],[-79.91511,40.43139],[-79.91405,40.43205],[-79.91287,40.43259],[-79.91191,40.43314],[-79.91117,40.43288],[-79.90907,40.43397],[-79.90942,40.43581],[-79.90892,40.43618],[-79.90883,40.43646],[-79.9089,40.43681],[-79.90908,40.43705],[-79.90938,40.43722],[-79.91151,40.43785],[-79.91147,40.43801],[-79.92298,40.43806],[-79.92283,40.43475],[-79.92348,40.42983]]]},"properties":{"geoid":"42003140800","mobility_p25":44.8,"mobility_p25_se":2.9,"mobility_unreliable":false,"mobility_black_p25":27.6,"mobility_white_p25":46.6}},{"type":"Feature","geometry":{"type":"Polygon","coordinates":[[[-80.02011,40.4552],[-80.01943,40.4531],[-80.00157,40.45641],[-80.00224,40.45868],[-80.00296,40.45855],[-80.00465,40.45876],[-80.00553,40.45897],[-80.00684,40.45907],[-80.00726,40.45898],[-80.00717,40.45872],[-80.00767,40.45863],[-80.00735,40.45768],[-80.01539,40.45623],[-80.01535,40.4561],[-80.01616,40.45594],[-80.01808,40.45577],[-80.01825,40.45556],[-80.02011,40.4552]]]},"properties":{"geoid":"42003220600","mobility_p25":31.9,"mobility_p25_se":2,"mobility_unreliable":false,"mobility_black_p25":29.1,"mobility_white_p25":45.4}},{"type":"Feature","geometry":{"type":"Polygon","coordinates":[[[-79.97295,40.43618],[-79.97298,40.43601],[-79.97172,40.43599],[-79.9693,40.43577],[-79.96986,40.43587],[-79.96958,40.43586],[-79.96958,40.43594],[-79.96757,40.43546],[-79.96613,40.43492],[-79.95994,40.43222],[-79.95909,40.43177],[-79.95833,40.43122],[-79.95578,40.42865],[-79.95508,40.42817],[-79.95392,40.42766],[-79.95237,40.42739],[-79.95108,40.42745],[-79.95043,40.4276],[-79.94991,40.42835],[-79.94973,40.42882],[-79.94967,40.42968],[-79.94988,40.43361],[-79.94986,40.43443],[-79.95169,40.43423],[-79.95221,40.43424],[-79.95473,40.43461],[-79.95641,40.43512],[-79.95817,40.43582],[-79.9582,40.43595],[-79.95842,40.43619],[-79.96207,40.43913],[-79.96341,40.43811],[-79.96381,40.43789],[-79.96534,40.43766],[-79.96591,40.43683],[-79.96621,40.43662],[-79.96671,40.43648],[-79.9688,40.43645],[-79.97264,40.43769],[-79.97295,40.43618]]]},"properties":{"geoid":"42003040900","mobility_p25":37.1,"mobility_p25_se":2.6,"mobility_unreliable":false,"mobility_black_p25":32.4,"mobility_white_p25":43.5}},{"type":"Feature","geometry":{"type":"Polygon","coordinates":[[[-79.89115,40.49703],[-79.89044,40.49478],[-79.88997,40.49481],[-79.88983,40.49153],[-79.88697,40.49112],[-79.8846,40.49092],[-79.88448,40.48895],[-79.88462,40.48838],[-79.88456,40.48677],[-79.88817,40.48644],[-79.88811,40.48518],[-79.88821,40.48368],[-79.8843,40.48339],[-79.87956,40.48325],[-79.87663,40.48332],[-79.87424,40.48355],[-79.8655,40.48507],[-79.86562,40.4868],[-79.86583,40.49337],[-79.86551,40.49339],[-79.86581,40.49415],[-79.86586,40.49556],[-79.86277,40.49704],[-79.86281,40.49765],[-79.86215,40.49766],[-79.86211,40.49746],[-79.86134,40.49744],[-79.86077,40.49745],[-79.86077,40.49754],[-79.86005,40.49755],[-79.86006,40.49766],[-79.85922,40.49769],[-79.85918,40.49643],[-79.85686,40.49817],[-79.85355,40.49565],[-79.85111,40.4936],[-79.85042,40.49574],[-79.84968,40.49759],[-79.84938,40.49886],[-79.84906,40.50096],[-79.84885,40.50366],[-79.84916,40.50604],[-79.84945,40.50743],[-79.84994,40.50918],[-79.85084,40.51419],[-79.85097,40.51586],[-79.85096,40.5173],[-79.85066,40.51986],[-79.85049,40.52051],[-79.85488,40.52087],[-79.85517,40.52566],[-79.85527,40.52879],[-79.86758,40.52851],[-79.86726,40.52225],[-79.87144,40.52608],[-79.8719,40.52661],[-79.87224,40.52716],[-79.87202,40.51935],[-79.87162,40.50975],[-79.87278,40.50971],[-79.87254,40.50388],[-79.87862,40.50369],[-79.87846,40.4995],[-79.88363,40.49918],[-79.88363,40.49924],[-79.88508,40.49886],[-79.88596,40.49893],[-79.88713,40.49872],[-79.88881,40.49816],[-79.89029,40.49736],[-79.89115,40.49703]]]},"properties":{"geoid":"42003421100","mobility_p25":51.8,"mobility_p25_se":4,"mobility_unreliable":false,"mobility_black_p25":null,"mobility_white_p25":53.1}},{"type":"Feature","geometry":{"type":"Polygon","coordinates":[[[-79.81668,40.3786],[-79.81388,40.37708],[-79.81274,40.37949],[-79.81123,40.37908],[-79.81056,40.38066],[-79.80701,40.37936],[-79.80566,40.38148],[-79.80498,40.38187],[-79.80553,40.38246],[-79.80562,40.38241],[-79.80611,40.38306],[-79.80572,40.38323],[-79.80531,40.38357],[-79.80521,40.38376],[-79.80346,40.38479],[-79.80256,40.38501],[-79.80235,40.38521],[-79.80151,40.38544],[-79.80059,40.38598],[-79.79989,40.38604],[-79.79844,40.38645],[-79.79971,40.38701],[-79.79912,40.38745],[-79.79911,40.38774],[-79.79859,40.38813],[-79.7981,40.38967],[-79.79847,40.39063],[-79.80259,40.39142],[-79.81156,40.38666],[-79.81214,40.38429],[-79.81324,40.38467],[-79.81612,40.38094],[-79.81568,40.38087],[-79.81559,40.38078],[-79.81618,40.38007],[-79.81645,40.38021],[-79.81651,40.38015],[-79.81668,40.3786]]]},"properties":{"geoid":"42003507000","mobility_p25":47.5,"mobility_p25_se":2.6,"mobility_unreliable":false,"mobility_black_p25":null,"mobility_white_p25":49.6}},{"type":"Feature","geometry":{"type":"Polygon","coordinates":[[[-80.02523,40.56274],[-80.02507,40.56153],[-80.02465,40.56049],[-80.02087,40.55387],[-80.01091,40.55392],[-80.00745,40.55404],[-80.00745,40.55395],[-79.99505,40.55401],[-79.98892,40.55394],[-79.98899,40.55824],[-79.98913,40.5589],[-79.98967,40.57033],[-79.99356,40.57189],[-79.99417,40.57188],[-79.99479,40.57169],[-79.99514,40.57152],[-79.99576,40.57095],[-79.99611,40.57049],[-79.99812,40.56695],[-79.99865,40.5663],[-79.99937,40.5659],[-80.0001,40.56578],[-80.0008,40.56583],[-80.00557,40.56715],[-80.00715,40.5674],[-80.01649,40.56717],[-80.01645,40.56603],[-80.0167,40.56557],[-80.01915,40.56414],[-80.02088,40.56495],[-80.02211,40.56537],[-80.02286,40.56599],[-80.02326,40.56618],[-80.0237,40.56626],[-80.02447,40.56617],[-80.02517,40.5636],[-80.02523,40.56274]]]},"properties":{"geoid":"42003413400","mobility_p25":54.3,"mobility_p25_se":3.6,"mobility_unreliable":false,"mobility_black_p25":null,"mobility_white_p25":54.6}},{"type":"Feature","geometry":{"type":"Polygon","coordinates":[[[-79.8113,40.56193],[-79.81116,40.55397],[-79.80805,40.55399],[-79.8079,40.5489],[-79.79867,40.54912],[-79.79784,40.54844],[-79.79703,40.54798],[-79.79525,40.54723],[-79.79505,40.54538],[-79.78876,40.54556],[-79.78887,40.54832],[-79.78149,40.54847],[-79.77957,40.54678],[-79.77801,40.54623],[-79.77616,40.54512],[-79.77516,40.54474],[-79.77455,40.54402],[-79.77119,40.54415],[-79.76417,40.54426],[-79.76377,40.545],[-79.7637,40.54603],[-79.76383,40.54694],[-79.76414,40.54775],[-79.76656,40.55151],[-79.76854,40.555],[-79.76982,40.5581],[-79.77205,40.56295],[-79.78711,40.56255],[-79.80156,40.56226],[-79.8113,40.56193]]]},"properties":{"geoid":"42003416000","mobility_p25":43.7,"mobility_p25_se":3.7,"mobility_unreliable":false,"mobility_black_p25":null,"mobility_white_p25":43.9}},{"type":"Feature","geometry":{"type":"Polygon","coordinates":[[[-79.99728,40.41826],[-79.99715,40.41537],[-79.99706,40.4153],[-79.99705,40.41379],[-79.99688,40.41339],[-79.99696,40.41173],[-79.9968,40.41139],[-79.99695,40.41101],[-79.99682,40.41002],[-79.99675,40.40816],[-79.99524,40.40781],[-79.99245,40.40738],[-79.99191,40.40717],[-79.9916,40.40768],[-79.98952,40.41222],[-79.98804,40.41443],[-79.98823,40.41847],[-79.98818,40.41851],[-79.98835,40.41858],[-79.98845,40.4185],[-79.98963,40.41846],[-79.99728,40.41826]]]},"properties":{"geoid":"42003300100","mobility_p25":33.4,"mobility_p25_se":1.3,"mobility_unreliable":false,"mobility_black_p25":31.2,"mobility_white_p25":37.4}},{"type":"Feature","geometry":{"type":"Polygon","coordinates":[[[-79.93301,40.39763],[-79.93236,40.3915],[-79.92962,40.38973],[-79.91824,40.39931],[-79.9166,40.39861],[-79.9164,40.39878],[-79.91331,40.39697],[-79.91691,40.39392],[-79.9149,40.39339],[-79.91637,40.39136],[-79.91669,40.3915],[-79.91709,40.39091],[-79.91678,40.39078],[-79.91847,40.38848],[-79.91787,40.38803],[-79.91346,40.39014],[-79.91202,40.38978],[-79.91059,40.38959],[-79.90881,40.3876],[-79.90787,40.38809],[-79.9082,40.38935],[-79.90763,40.38918],[-79.90531,40.39316],[-79.90298,40.39488],[-79.90463,40.39612],[-79.90566,40.39599],[-79.90605,40.39602],[-79.90744,40.39682],[-79.90662,40.39832],[-79.90632,40.39857],[-79.90675,40.39907],[-79.90737,40.39958],[-79.90776,40.39904],[-79.90877,40.39985],[-79.90969,40.39914],[-79.91146,40.39892],[-79.91217,40.39944],[-79.91202,40.39955],[-79.91435,40.4003],[-79.91559,40.40095],[-79.91365,40.40233],[-79.91164,40.40309],[-79.91334,40.40525],[-79.91538,40.40663],[-79.9196,40.40977],[-79.9212,40.40822],[-79.92406,40.40449],[-79.92722,40.40093],[-79.92916,40.39926],[-79.93156,40.39816],[-79.93301,40.39763]]]},"properties":{"geoid":"42003482500","mobility_p25":38.8,"mobility_p25_se":3.7,"mobility_unreliable":false,"mobility_black_p25":33.3,"mobility_white_p25":42.6}},{"type":"Feature","geometry":{"type":"Polygon","coordinates":[[[-79.81853,40.40062],[-79.81868,40.40046],[-79.81818,40.40015],[-79.81735,40.39981],[-79.81617,40.39848],[-79.81597,40.39792],[-79.81631,40.39709],[-79.813,40.39513],[-79.8144,40.39292],[-79.81445,40.39096],[-79.81438,40.38987],[-79.81152,40.38669],[-79.80259,40.39142],[-79.80364,40.3926],[-79.80497,40.39374],[-79.80491,40.39408],[-79.80455,40.39422],[-79.80145,40.39412],[-79.80147,40.39463],[-79.8018,40.39481],[-79.80149,40.39513],[-79.80216,40.39558],[-79.80204,40.39567],[-79.80363,40.3965],[-79.80453,40.3968],[-79.80436,40.39843],[-79.80543,40.39863],[-79.80562,40.39821],[-79.80597,40.39785],[-79.80645,40.3968],[-79.80764,40.3968],[-79.80917,40.39704],[-79.81124,40.39876],[-79.81164,40.399],[-79.81143,40.3993],[-79.81243,40.39997],[-79.81361,40.40104],[-79.81407,40.40059],[-79.81499,40.40118],[-79.81519,40.40107],[-79.81698,40.40235],[-79.8178,40.4015],[-79.81853,40.40062]]]},"properties":{"geoid":"42003508000","mobility_p25":35.4,"mobility_p25_se":2.3,"mobility_unreliable":false,"mobility_black_p25":30.3,"mobility_white_p25":38.2}},{"type":"Feature","geometry":{"type":"Polygon","coordinates":[[[-79.8568,40.36563],[-79.85567,40.36397],[-79.85428,40.36101],[-79.85345,40.36131],[-79.84955,40.36073],[-79.84961,40.36083],[-79.84697,40.36034],[-79.84794,40.35693],[-79.84637,40.35719],[-79.84408,40.35774],[-79.8453,40.36017],[-79.84444,40.36076],[-79.84324,40.36192],[-79.84259,40.3629],[-79.84206,40.36416],[-79.84193,40.36468],[-79.84186,40.36572],[-79.84192,40.36654],[-79.84214,40.3679],[-79.8425,40.36932],[-79.84512,40.36873],[-79.84528,40.36912],[-79.85019,40.36791],[-79.85033,40.36798],[-79.85119,40.36755],[-79.85181,40.3682],[-79.85246,40.36785],[-79.85257,40.36753],[-79.85379,40.36589],[-79.85414,40.36583],[-79.85449,40.36587],[-79.8549,40.36623],[-79.85544,40.36633],[-79.85564,40.36629],[-79.85611,40.36603],[-79.85593,40.36579],[-79.8568,40.36563]]]},"properties":{"geoid":"42003486900","mobility_p25":33.8,"mobility_p25_se":1.7,"mobility_unreliable":false,"mobility_black_p25":32.4,"mobility_white_p25":39.1}},{"type":"Feature","geometry":{"type":"Polygon","coordinates":[[[-79.9196,40.40977],[-79.91538,40.40663],[-79.91334,40.40525],[-79.91164,40.40309],[-79.91365,40.40233],[-79.91559,40.40095],[-79.91435,40.4003],[-79.91202,40.39955],[-79.91217,40.39944],[-79.91146,40.39892],[-79.90969,40.39914],[-79.90877,40.39985],[-79.90776,40.39904],[-79.90704,40.40006],[-79.90648,40.39939],[-79.90264,40.40131],[-79.8996,40.39941],[-79.90132,40.40378],[-79.9027,40.40327],[-79.90745,40.40874],[-79.90333,40.40902],[-79.90528,40.41374],[-79.90597,40.41571],[-79.91095,40.415],[-79.91331,40.41424],[-79.9154,40.41323],[-79.91727,40.41191],[-79.9196,40.40977]]]},"properties":{"geoid":"42003483800","mobility_p25":32.4,"mobility_p25_se":1.3,"mobility_unreliable":false,"mobility_black_p25":30.6,"mobility_white_p25":39.7}},{"type":"Feature","geometry":{"type":"Polygon","coordinates":[[[-79.90623,40.35245],[-79.89727,40.3463],[-79.89729,40.34622],[-79.89699,40.3457],[-79.89501,40.34434],[-79.89623,40.34183],[-79.89591,40.34145],[-79.89563,40.34125],[-79.89344,40.34074],[-79.89386,40.33998],[-79.89188,40.33899],[-79.88871,40.34173],[-79.88636,40.34417],[-79.88233,40.34956],[-79.88141,40.35105],[-79.88085,40.35165],[-79.87957,40.35275],[-79.87829,40.35364],[-79.87668,40.35434],[-79.87724,40.35771],[-79.88032,40.35736],[-79.8812,40.35719],[-79.88137,40.35757],[-79.88311,40.35757],[-79.88482,40.3574],[-79.88589,40.3593],[-79.88688,40.35928],[-79.88845,40.35895],[-79.89201,40.35783],[-79.89436,40.35762],[-79.89598,40.35679],[-79.89822,40.35602],[-79.89946,40.35606],[-79.89995,40.35574],[-79.90138,40.35384],[-79.90191,40.35292],[-79.9023,40.35257],[-79.90374,40.35224],[-79.90422,40.35225],[-79.90567,40.3525],[-79.90623,40.35245]]]},"properties":{"geoid":"42003487000","mobility_p25":49.5,"mobility_p25_se":3.4,"mobility_unreliable":false,"mobility_black_p25":null,"mobility_white_p25":50.6}},{"type":"Feature","geometry":{"type":"Polygon","coordinates":[[[-79.93781,40.42873],[-79.93786,40.42863],[-79.93603,40.42856],[-79.93322,40.42893],[-79.93167,40.42901],[-79.92944,40.42876],[-79.92676,40.42815],[-79.92361,40.42958],[-79.92348,40.42974],[-79.92285,40.43445],[-79.92298,40.43806],[-79.92697,40.43807],[-79.93309,40.4377],[-79.93403,40.43771],[-79.93305,40.43344],[-79.93356,40.43323],[-79.93444,40.43233],[-79.93495,40.43213],[-79.93366,40.43196],[-79.93255,40.43203],[-79.93252,40.43174],[-79.9326,40.43164],[-79.93261,40.43138],[-79.93307,40.43028],[-79.93299,40.43023],[-79.93317,40.42923],[-79.93542,40.42884],[-79.93683,40.4287],[-79.93781,40.42873]]]},"properties":{"geoid":"42003141300","mobility_p25":51.8,"mobility_p25_se":3,"mobility_unreliable":false,"mobility_black_p25":52.3,"mobility_white_p25":52.7}},{"type":"Feature","geometry":{"type":"Polygon","coordinates":[[[-79.99467,40.4554],[-79.99453,40.45497],[-79.99429,40.45494],[-79.99361,40.45525],[-79.99293,40.45523],[-79.99228,40.45477],[-79.99344,40.45382],[-79.99079,40.45159],[-79.98062,40.45904],[-79.97963,40.46008],[-79.97602,40.46309],[-79.97156,40.46899],[-79.97077,40.47066],[-79.97285,40.47034],[-79.9734,40.47009],[-79.97411,40.46956],[-79.97468,40.46944],[-79.97726,40.47088],[-79.97879,40.47161],[-79.97969,40.47077],[-79.98115,40.46989],[-79.98181,40.46934],[-79.98302,40.46731],[-79.98296,40.46726],[-79.98385,40.46634],[-79.98446,40.46605],[-79.98529,40.46613],[-79.98561,40.4654],[-79.98597,40.46404],[-79.98515,40.46367],[-79.98546,40.46316],[-79.98655,40.46207],[-79.98691,40.46143],[-79.98738,40.46086],[-79.98748,40.46064],[-79.98737,40.46022],[-79.98813,40.45969],[-79.99014,40.45936],[-79.99249,40.45872],[-79.9926,40.45859],[-79.99262,40.45833],[-79.99256,40.45799],[-79.99289,40.45745],[-79.9913,40.45673],[-79.9931,40.45579],[-79.99467,40.4554]]]},"properties":{"geoid":"42003240600","mobility_p25":43.2,"mobility_p25_se":2.3,"mobility_unreliable":false,"mobility_black_p25":null,"mobility_white_p25":42.3}},{"type":"Feature","geometry":{"type":"Polygon","coordinates":[[[-79.99548,40.45822],[-79.99548,40.4581],[-79.99471,40.45821],[-79.99427,40.45805],[-79.99409,40.45827],[-79.99408,40.45796],[-79.99289,40.45745],[-79.99256,40.45799],[-79.9926,40.45859],[-79.99239,40.45878],[-79.99014,40.45936],[-79.98813,40.45969],[-79.98769,40.45994],[-79.98737,40.46022],[-79.98748,40.46064],[-79.98738,40.46086],[-79.98691,40.46143],[-79.98655,40.46207],[-79.98546,40.46316],[-79.98515,40.46367],[-79.98597,40.46404],[-79.98561,40.4654],[-79.98529,40.46613],[-79.98446,40.46605],[-79.98387,40.46632],[-79.98588,40.4719],[-79.98809,40.47676],[-79.98845,40.47691],[-79.98893,40.47704],[-79.99269,40.47739],[-79.99502,40.47736],[-79.99341,40.47666],[-79.99329,40.47459],[-79.99227,40.47356],[-79.99146,40.4736],[-79.99081,40.47265],[-79.99051,40.47205],[-79.99005,40.47154],[-79.98969,40.47089],[-79.98926,40.47087],[-79.98871,40.47069],[-79.98834,40.47043],[-79.98797,40.47002],[-79.98783,40.4695],[-79.98774,40.46859],[-79.98706,40.46777],[-79.98666,40.46633],[-79.98691,40.46432],[-79.98704,40.46383],[-79.9873,40.46369],[-79.98834,40.4621],[-79.98898,40.46249],[-79.98885,40.46218],[-79.99021,40.46159],[-79.99036,40.46176],[-79.99126,40.46147],[-79.99162,40.46147],[-79.99218,40.46111],[-79.9923,40.46173],[-79.99271,40.46152],[-79.99319,40.46122],[-79.99395,40.46054],[-79.99446,40.45995],[-79.99548,40.45822]]]},"properties":{"geoid":"42003241200","mobility_p25":36.7,"mobility_p25_se":2.4,"mobility_unreliable":false,"mobility_black_p25":null,"mobility_white_p25":38.3}},{"type":"Feature","geometry":{"type":"Polygon","coordinates":[[[-80.02084,40.4263],[-80.01993,40.42582],[-80.01906,40.426],[-80.01817,40.42631],[-80.01741,40.42676],[-80.01703,40.42708],[-80.01508,40.42912],[-80.01361,40.43027],[-80.01276,40.43052],[-80.01072,40.4309],[-80.0099,40.43334],[-80.00594,40.43119],[-80.00647,40.43051],[-80.00584,40.43075],[-80.00557,40.43075],[-80.0041,40.43012],[-80.00305,40.4303],[-80.00271,40.43053],[-80.00561,40.43172],[-80.0058,40.43207],[-80.01161,40.43576],[-80.01258,40.4361],[-80.01361,40.43699],[-80.01358,40.43728],[-80.01377,40.43749],[-80.01413,40.4373],[-80.01382,40.43759],[-80.01537,40.43768],[-80.01639,40.43813],[-80.01648,40.43922],[-80.01773,40.43974],[-80.01892,40.43814],[-80.01823,40.43778],[-80.01858,40.43737],[-80.01883,40.43637],[-80.01829,40.43629],[-80.01902,40.4354],[-80.01917,40.43498],[-80.01797,40.4348],[-80.01945,40.43003],[-80.01863,40.42988],[-80.01874,40.42927],[-80.01917,40.42886],[-80.0194,40.42887],[-80.01996,40.428],[-80.02026,40.42781],[-80.02084,40.4263]]]},"properties":{"geoid":"42003190300","mobility_p25":46.8,"mobility_p25_se":3.6,"mobility_unreliable":false,"mobility_black_p25":null,"mobility_white_p25":46.2}},{"type":"Feature","geometry":{"type":"Polygon","coordinates":[[[-79.73518,40.63452],[-79.73437,40.633],[-79.73386,40.63248],[-79.728,40.62941],[-79.72733,40.62931],[-79.72211,40.62946],[-79.72203,40.6272],[-79.72195,40.62704],[-79.72154,40.62677],[-79.71931,40.62601],[-79.71841,40.62544],[-79.71517,40.62425],[-79.71477,40.62393],[-79.71468,40.62355],[-79.71477,40.62326],[-79.71598,40.622],[-79.71644,40.62137],[-79.71552,40.62195],[-79.71407,40.62112],[-79.71248,40.62008],[-79.70999,40.62071],[-79.70774,40.62248],[-79.70333,40.6257],[-79.70001,40.62899],[-79.69896,40.63037],[-79.69435,40.63513],[-79.69028,40.64087],[-79.68953,40.64274],[-79.68923,40.64384],[-79.68897,40.64544],[-79.68921,40.64785],[-79.68992,40.64976],[-79.69108,40.65247],[-79.69235,40.6544],[-79.69419,40.65751],[-79.69543,40.66019],[-79.69582,40.66151],[-79.69595,40.66403],[-79.69582,40.66479],[-79.69546,40.66577],[-79.69492,40.6665],[-79.69404,40.66744],[-79.6929,40.66825],[-79.6925,40.66868],[-79.69259,40.66973],[-79.69351,40.66975],[-79.69447,40.66965],[-79.70755,40.66985],[-79.71712,40.66966],[-79.71783,40.6681],[-79.71999,40.66458],[-79.72131,40.66173],[-79.7247,40.65557],[-79.73234,40.63886],[-79.73427,40.6355],[-79.73518,40.63452]]]},"properties":{"geoid":"42003401100","mobility_p25":47.7,"mobility_p25_se":2.8,"mobility_unreliable":false,"mobility_black_p25":null,"mobility_white_p25":48}},{"type":"Feature","geometry":{"type":"Polygon","coordinates":[[[-80.01525,40.392],[-80.01527,40.3919],[-80.01428,40.39211],[-80.00878,40.39238],[-80.00872,40.39216],[-80.00918,40.39107],[-80.0098,40.39084],[-80.00819,40.38991],[-80.00742,40.38884],[-80.00695,40.38904],[-80.00677,40.38884],[-80.00591,40.38881],[-80.00588,40.38837],[-80.00465,40.38836],[-80.00277,40.38871],[-80.00216,40.38819],[-79.99919,40.38892],[-79.9994,40.38989],[-79.99784,40.38975],[-79.99782,40.3912],[-79.99791,40.39219],[-79.99769,40.39259],[-79.99731,40.39299],[-79.99734,40.39351],[-79.99722,40.39478],[-79.9974,40.39538],[-79.99961,40.39801],[-79.99998,40.39864],[-80.00013,40.39902],[-80.00047,40.40156],[-80.00062,40.40208],[-80.00192,40.40186],[-80.00461,40.40086],[-80.00647,40.40043],[-80.00766,40.39972],[-80.00902,40.39943],[-80.00968,40.39902],[-80.01155,40.39762],[-80.0135,40.39661],[-80.0141,40.39585],[-80.01466,40.39381],[-80.01512,40.39268],[-80.01525,40.392]]]},"properties":{"geoid":"42003320600","mobility_p25":50.1,"mobility_p25_se":3.3,"mobility_unreliable":false,"mobility_black_p25":null,"mobility_white_p25":52}},{"type":"Feature","geometry":{"type":"Polygon","coordinates":[[[-79.79483,40.54093],[-79.79469,40.538],[-79.79479,40.53578],[-79.78816,40.53462],[-79.78375,40.53411],[-79.78149,40.53423],[-79.77891,40.53449],[-79.77662,40.53493],[-79.77276,40.53633],[-79.77001,40.53781],[-79.76848,40.53878],[-79.76609,40.54071],[-79.76531,40.54175],[-79.76417,40.54426],[-79.77114,40.54415],[-79.77158,40.54361],[-79.77397,40.54214],[-79.77886,40.5413],[-79.7835,40.54106],[-79.7864,40.54123],[-79.78857,40.54122],[-79.79483,40.54093]]]},"properties":{"geoid":"42003417200","mobility_p25":37,"mobility_p25_se":3.2,"mobility_unreliable":false,"mobility_black_p25":null,"mobility_white_p25":36.6}},{"type":"Feature","geometry":{"type":"Polygon","coordinates":[[[-79.79505,40.54538],[-79.79483,40.54093],[-79.78772,40.54124],[-79.7835,40.54106],[-79.78097,40.54115],[-79.77848,40.54135],[-79.77397,40.54214],[-79.77158,40.54361],[-79.77114,40.54415],[-79.77455,40.54402],[-79.77516,40.54474],[-79.77616,40.54512],[-79.77801,40.54623],[-79.77957,40.54678],[-79.78149,40.54847],[-79.78887,40.54832],[-79.78876,40.54556],[-79.79505,40.54538]]]},"properties":{"geoid":"42003417100","mobility_p25":43.2,"mobility_p25_se":2.9,"mobility_unreliable":false,"mobility_black_p25":null,"mobility_white_p25":43.3}},{"type":"Feature","geometry":{"type":"Polygon","coordinates":[[[-79.8079,40.5489],[-79.80764,40.54344],[-79.80755,40.54012],[-79.80757,40.53728],[-79.80501,40.53746],[-79.80252,40.53726],[-79.79982,40.53682],[-79.79753,40.53624],[-79.79479,40.53578],[-79.7947,40.53821],[-79.79495,40.54379],[-79.79525,40.54723],[-79.79703,40.54798],[-79.79784,40.54844],[-79.79867,40.54912],[-79.8079,40.5489]]]},"properties":{"geoid":"42003418000","mobility_p25":43.4,"mobility_p25_se":4.3,"mobility_unreliable":false,"mobility_black_p25":null,"mobility_white_p25":44}},{"type":"Feature","geometry":{"type":"Polygon","coordinates":[[[-79.869,40.56035],[-79.86873,40.55459],[-79.86846,40.55227],[-79.86834,40.5469],[-79.868,40.54186],[-79.86785,40.53729],[-79.8677,40.53594],[-79.85551,40.53641],[-79.85517,40.52566],[-79.85488,40.52087],[-79.85049,40.52051],[-79.8502,40.52172],[-79.84967,40.52302],[-79.84921,40.52395],[-79.84843,40.52513],[-79.84743,40.5262],[-79.84647,40.52697],[-79.84397,40.52878],[-79.8423,40.5298],[-79.84031,40.53076],[-79.83817,40.5315],[-79.83319,40.53352],[-79.83082,40.53434],[-79.82854,40.535],[-79.82209,40.53621],[-79.82061,40.53636],[-79.81365,40.53662],[-79.80855,40.53712],[-79.80757,40.53728],[-79.80755,40.54012],[-79.80764,40.54344],[-79.80805,40.55245],[-79.80805,40.55399],[-79.81116,40.55397],[-79.81144,40.56653],[-79.82217,40.56634],[-79.82243,40.56467],[-79.82271,40.56469],[-79.82296,40.5643],[-79.82303,40.56403],[-79.82317,40.56405],[-79.82364,40.56297],[-79.82358,40.56167],[-79.83492,40.56121],[-79.83724,40.56122],[-79.84968,40.56077],[-79.869,40.56035]]]},"properties":{"geoid":"42003419000","mobility_p25":43.7,"mobility_p25_se":2.6,"mobility_unreliable":false,"mobility_black_p25":null,"mobility_white_p25":44.8}},{"type":"Feature","geometry":{"type":"Polygon","coordinates":[[[-80.07139,40.67417],[-80.06984,40.64472],[-80.06918,40.6287],[-80.06886,40.62334],[-80.06871,40.62275],[-80.06806,40.61254],[-80.03296,40.61329],[-79.99114,40.61431],[-79.99211,40.63459],[-79.99394,40.66804],[-79.99417,40.67357],[-80.02101,40.67406],[-80.07139,40.67417]]]},"properties":{"geoid":"42003409000","mobility_p25":49.7,"mobility_p25_se":3.8,"mobility_unreliable":false,"mobility_black_p25":null,"mobility_white_p25":52.6}},{"type":"Feature","geometry":{"type":"Polygon","coordinates":[[[-79.90137,40.42723],[-79.90069,40.42721],[-79.89893,40.42691],[-79.89834,40.42657],[-79.89792,40.42661],[-79.89732,40.42648],[-79.89701,40.42649],[-79.89623,40.42693],[-79.89543,40.42655],[-79.89461,40.42645],[-79.894,40.42653],[-79.89329,40.42677],[-79.89291,40.42707],[-79.89262,40.42757],[-79.89218,40.42789],[-79.89233,40.42797],[-79.89231,40.42806],[-79.89288,40.42827],[-79.89376,40.42692],[-79.89425,40.42702],[-79.8951,40.42817],[-79.89663,40.42751],[-79.89711,40.42761],[-79.89664,40.43014],[-79.89557,40.43496],[-79.89484,40.43865],[-79.89492,40.43884],[-79.89468,40.43983],[-79.90027,40.43952],[-79.89904,40.43773],[-79.89899,40.43644],[-79.89867,40.43557],[-79.90137,40.42723]]]},"properties":{"geoid":"42003141000","mobility_p25":68,"mobility_p25_se":7.8,"mobility_unreliable":true,"mobility_black_p25":null,"mobility_white_p25":74.5}},{"type":"Feature","geometry":{"type":"Polygon","coordinates":[[[-80.02593,40.47092],[-80.02533,40.46901],[-80.02483,40.46566],[-80.02357,40.46439],[-80.02237,40.46357],[-80.02203,40.46338],[-80.02105,40.46319],[-80.02057,40.46297],[-80.02071,40.46354],[-80.02033,40.46357],[-80.02058,40.46424],[-80.02062,40.4653],[-80.02033,40.46596],[-80.01977,40.46646],[-80.01948,40.4666],[-80.01575,40.46796],[-80.01396,40.46993],[-80.00726,40.47127],[-80.005,40.47221],[-80.00746,40.47589],[-80.00776,40.47671],[-80.01215,40.47614],[-80.01211,40.47565],[-80.01125,40.47495],[-80.01391,40.47486],[-80.01443,40.47477],[-80.01486,40.47566],[-80.01496,40.4758],[-80.01578,40.47632],[-80.01587,40.47647],[-80.01587,40.47672],[-80.01569,40.477],[-80.01545,40.47718],[-80.01447,40.47728],[-80.01422,40.47744],[-80.01737,40.47729],[-80.01715,40.47414],[-80.01664,40.4728],[-80.01663,40.47234],[-80.01709,40.47212],[-80.01787,40.47278],[-80.018,40.4728],[-80.01796,40.47245],[-80.0183,40.47242],[-80.01876,40.47269],[-80.02023,40.47299],[-80.02157,40.47273],[-80.0222,40.47274],[-80.0227,40.47228],[-80.02427,40.47122],[-80.02593,40.47092]]]},"properties":{"geoid":"42003261500","mobility_p25":30.3,"mobility_p25_se":1.6,"mobility_unreliable":false,"mobility_black_p25":27.6,"mobility_white_p25":33.9}},{"type":"Feature","geometry":{"type":"Polygon","coordinates":[[[-80.00488,40.47226],[-80.005,40.47221],[-80.00108,40.46692],[-80.00027,40.46566],[-80.00003,40.46499],[-79.99992,40.46439],[-79.9997,40.45967],[-79.99952,40.45972],[-79.99917,40.45847],[-79.99849,40.45862],[-79.99687,40.45923],[-79.99638,40.45934],[-79.99518,40.45995],[-79.99379,40.46081],[-79.99336,40.46117],[-79.9923,40.46173],[-79.99218,40.46111],[-79.99162,40.46147],[-79.99126,40.46147],[-79.99036,40.46176],[-79.99021,40.46159],[-79.98885,40.46218],[-79.98898,40.46249],[-79.98834,40.4621],[-79.9873,40.46369],[-79.98704,40.46383],[-79.98691,40.46432],[-79.98666,40.46633],[-79.98706,40.46777],[-79.98774,40.46859],[-79.98783,40.4695],[-79.98797,40.47002],[-79.98834,40.47043],[-79.98871,40.47069],[-79.98926,40.47087],[-79.98969,40.47089],[-79.99005,40.47154],[-79.99051,40.47205],[-79.99081,40.47265],[-79.99146,40.4736],[-79.99227,40.47356],[-79.99186,40.47313],[-79.99754,40.47298],[-79.99761,40.47459],[-79.9977,40.47459],[-79.99921,40.47431],[-80.0005,40.47418],[-80.00055,40.47329],[-80.00287,40.4732],[-80.00488,40.47226]]]},"properties":{"geoid":"42003262000","mobility_p25":35,"mobility_p25_se":1.8,"mobility_unreliable":false,"mobility_black_p25":31.1,"mobility_white_p25":37.3}},{"type":"Feature","geometry":{"type":"Polygon","coordinates":[[[-79.73871,40.61558],[-79.73645,40.61354],[-79.73598,40.61297],[-79.73581,40.61239],[-79.73563,40.60905],[-79.73531,40.60805],[-79.73357,40.60863],[-79.73367,40.60657],[-79.7345,40.60635],[-79.73386,40.60497],[-79.73386,40.60451],[-79.73358,40.60436],[-79.73317,40.60314],[-79.72465,40.60633],[-79.72315,40.60699],[-79.72134,40.60816],[-79.71999,40.60949],[-79.71896,40.61132],[-79.7177,40.61329],[-79.71654,40.61462],[-79.71564,40.61586],[-79.71458,40.61701],[-79.71207,40.61913],[-79.71248,40.62008],[-79.71407,40.62112],[-79.71552,40.62195],[-79.71644,40.62137],[-79.71598,40.622],[-79.71477,40.62326],[-79.71468,40.62367],[-79.7149,40.62408],[-79.71517,40.62425],[-79.71841,40.62544],[-79.71931,40.62601],[-79.72136,40.6267],[-79.72383,40.62428],[-79.72835,40.6212],[-79.73084,40.61918],[-79.73192,40.61847],[-79.73332,40.61772],[-79.73871,40.61558]]]},"properties":{"geoid":"42003401200","mobility_p25":41,"mobility_p25_se":2.1,"mobility_unreliable":false,"mobility_black_p25":27,"mobility_white_p25":42.5}},{"type":"Feature","geometry":{"type":"Polygon","coordinates":[[[-79.88976,40.39525],[-79.88951,40.39505],[-79.8881,40.39446],[-79.88701,40.39358],[-79.88571,40.39277],[-79.88495,40.39192],[-79.88362,40.39154],[-79.88233,40.39053],[-79.88166,40.3898],[-79.88119,40.38901],[-79.88026,40.38597],[-79.87878,40.38479],[-79.87793,40.38292],[-79.87415,40.38302],[-79.87348,40.38294],[-79.87285,40.38277],[-79.87151,40.38207],[-79.86887,40.37995],[-79.86805,40.37964],[-79.86716,40.37963],[-79.8664,40.37986],[-79.86886,40.38193],[-79.85846,40.38683],[-79.8545,40.38877],[-79.86411,40.39227],[-79.86661,40.39355],[-79.86899,40.39513],[-79.87238,40.39782],[-79.87674,40.4022],[-79.8854,40.39872],[-79.88455,40.39748],[-79.88939,40.39552],[-79.88976,40.39525]]]},"properties":{"geoid":"42003488200","mobility_p25":40.6,"mobility_p25_se":2.5,"mobility_unreliable":false,"mobility_black_p25":37.8,"mobility_white_p25":41.6}},{"type":"Feature","geometry":{"type":"Polygon","coordinates":[[[-79.90031,40.28642],[-79.90047,40.28321],[-79.89792,40.281],[-79.8927,40.28091],[-79.88835,40.28319],[-79.88371,40.28284],[-79.88242,40.2833],[-79.88304,40.28312],[-79.88518,40.28729],[-79.88596,40.28702],[-79.88624,40.28683],[-79.88746,40.28709],[-79.88808,40.2878],[-79.88844,40.28792],[-79.88836,40.28831],[-79.88865,40.2887],[-79.88827,40.28914],[-79.88824,40.28939],[-79.88852,40.28963],[-79.8892,40.28986],[-79.88925,40.28993],[-79.88893,40.29007],[-79.88939,40.29019],[-79.88977,40.2908],[-79.88955,40.29186],[-79.88929,40.29243],[-79.88898,40.29276],[-79.88882,40.29358],[-79.89199,40.29414],[-79.89341,40.29472],[-79.89366,40.29499],[-79.89376,40.29523],[-79.89402,40.297],[-79.89545,40.29708],[-79.89688,40.29696],[-79.8975,40.29655],[-79.89831,40.29618],[-79.89926,40.29586],[-79.90037,40.29563],[-79.8999,40.29181],[-79.90031,40.28642]]]},"properties":{"geoid":"42003492900","mobility_p25":44.9,"mobility_p25_se":2.5,"mobility_unreliable":false,"mobility_black_p25":36.7,"mobility_white_p25":48.7}},{"type":"Feature","geometry":{"type":"Polygon","coordinates":[[[-79.89605,40.39848],[-79.89612,40.39844],[-79.89558,40.39767],[-79.89368,40.39539],[-79.8914,40.39631],[-79.88979,40.39523],[-79.88939,40.39552],[-79.88455,40.39748],[-79.8854,40.39872],[-79.87674,40.4022],[-79.8812,40.40555],[-79.88451,40.40719],[-79.8854,40.40652],[-79.88705,40.40704],[-79.88754,40.40645],[-79.88747,40.40633],[-79.88436,40.40394],[-79.88425,40.40302],[-79.89052,40.40107],[-79.89029,40.4008],[-79.89605,40.39848]]]},"properties":{"geoid":"42003485000","mobility_p25":36.1,"mobility_p25_se":3.4,"mobility_unreliable":false,"mobility_black_p25":null,"mobility_white_p25":36.6}},{"type":"Feature","geometry":{"type":"Polygon","coordinates":[[[-79.96618,40.34208],[-79.96627,40.34201],[-79.96524,40.34128],[-79.96492,40.34086],[-79.96495,40.34076],[-79.96472,40.34057],[-79.96484,40.34046],[-79.96477,40.34023],[-79.96379,40.33851],[-79.96344,40.33806],[-79.96305,40.33776],[-79.96159,40.33703],[-79.96127,40.33663],[-79.96124,40.3364],[-79.96177,40.33315],[-79.96169,40.33255],[-79.96127,40.332],[-79.96021,40.33112],[-79.95731,40.32693],[-79.95717,40.32688],[-79.9568,40.32641],[-79.9568,40.32625],[-79.95654,40.32578],[-79.95659,40.32549],[-79.95726,40.32462],[-79.95734,40.3244],[-79.95732,40.32423],[-79.95659,40.32319],[-79.95633,40.32263],[-79.95639,40.32229],[-79.95684,40.32158],[-79.95692,40.32118],[-79.95593,40.32085],[-79.95298,40.32043],[-79.94255,40.31645],[-79.93688,40.31854],[-79.94007,40.32334],[-79.94041,40.32337],[-79.93903,40.32646],[-79.93818,40.32868],[-79.93729,40.32996],[-79.94733,40.33571],[-79.94757,40.33578],[-79.94818,40.33627],[-79.95021,40.33716],[-79.95957,40.34254],[-79.964,40.34499],[-79.96618,40.34208]]]},"properties":{"geoid":"42003489001","mobility_p25":56.6,"mobility_p25_se":3.3,"mobility_unreliable":false,"mobility_black_p25":null,"mobility_white_p25":59.5}},{"type":"Feature","geometry":{"type":"Polygon","coordinates":[[[-79.89631,40.26792],[-79.8949,40.26716],[-79.89499,40.26649],[-79.89491,40.26517],[-79.8948,40.26498],[-79.89464,40.26429],[-79.89419,40.26443],[-79.89398,40.26356],[-79.89158,40.26439],[-79.89231,40.26503],[-79.89198,40.26524],[-79.89087,40.26569],[-79.89076,40.26557],[-79.89123,40.2653],[-79.89098,40.26503],[-79.89091,40.26497],[-79.89045,40.26524],[-79.8903,40.26519],[-79.88976,40.26549],[-79.88738,40.26748],[-79.88653,40.26689],[-79.88424,40.26891],[-79.88414,40.2697],[-79.88334,40.27046],[-79.88319,40.27069],[-79.88201,40.27163],[-79.88112,40.27204],[-79.88077,40.27239],[-79.87902,40.27361],[-79.87941,40.27383],[-79.88098,40.27436],[-79.88129,40.27497],[-79.87919,40.27594],[-79.88272,40.27941],[-79.88419,40.27868],[-79.88535,40.27782],[-79.88639,40.27682],[-79.88708,40.27593],[-79.88816,40.27493],[-79.88897,40.27404],[-79.89497,40.26892],[-79.89631,40.26792]]]},"properties":{"geoid":"42003494000","mobility_p25":44.8,"mobility_p25_se":3.2,"mobility_unreliable":false,"mobility_black_p25":null,"mobility_white_p25":44.5}},{"type":"Feature","geometry":{"type":"Polygon","coordinates":[[[-79.75699,40.61102],[-79.75714,40.61073],[-79.75586,40.60903],[-79.75416,40.60988],[-79.75373,40.60953],[-79.75326,40.60888],[-79.75279,40.60909],[-79.75261,40.60885],[-79.75232,40.60901],[-79.75219,40.60884],[-79.75105,40.60885],[-79.74922,40.60994],[-79.74959,40.6113],[-79.74799,40.61153],[-79.74715,40.61104],[-79.74474,40.61283],[-79.74387,40.61334],[-79.74354,40.61344],[-79.74343,40.61357],[-79.73871,40.61558],[-79.73269,40.61801],[-79.73084,40.61918],[-79.72835,40.6212],[-79.72383,40.62428],[-79.72136,40.6267],[-79.72195,40.62704],[-79.72201,40.62715],[-79.72211,40.62946],[-79.72733,40.62931],[-79.728,40.62941],[-79.73386,40.63248],[-79.73437,40.633],[-79.73518,40.63452],[-79.75376,40.61468],[-79.75657,40.61183],[-79.75699,40.61102]]]},"properties":{"geoid":"42003401300","mobility_p25":49.4,"mobility_p25_se":3.2,"mobility_unreliable":false,"mobility_black_p25":null,"mobility_white_p25":51.3}},{"type":"Feature","geometry":{"type":"Polygon","coordinates":[[[-80.01642,40.45927],[-80.01539,40.45623],[-80.00735,40.45768],[-80.00767,40.45863],[-80.00717,40.45872],[-80.00726,40.45898],[-80.00776,40.45885],[-80.00794,40.45913],[-80.00845,40.45949],[-80.00874,40.46122],[-80.00907,40.46114],[-80.00997,40.46004],[-80.0102,40.4599],[-80.01217,40.46007],[-80.01289,40.46026],[-80.01545,40.45974],[-80.01536,40.45947],[-80.01642,40.45927]]]},"properties":{"geoid":"42003250300","mobility_p25":29.3,"mobility_p25_se":1.8,"mobility_unreliable":false,"mobility_black_p25":28.4,"mobility_white_p25":43.9}},{"type":"Feature","geometry":{"type":"Polygon","coordinates":[[[-80.03078,40.46213],[-80.03054,40.46192],[-80.0298,40.46157],[-80.02462,40.45962],[-80.02344,40.4588],[-80.02354,40.45868],[-80.02346,40.45816],[-80.02059,40.45668],[-80.02011,40.4552],[-80.01825,40.45556],[-80.01808,40.45577],[-80.01748,40.45587],[-80.01651,40.45588],[-80.01535,40.4561],[-80.01639,40.45925],[-80.01835,40.46043],[-80.0188,40.46127],[-80.01924,40.46188],[-80.01962,40.46226],[-80.02083,40.46313],[-80.02203,40.46338],[-80.02271,40.46378],[-80.02681,40.463],[-80.02679,40.46294],[-80.02876,40.46263],[-80.02942,40.46308],[-80.03078,40.46213]]]},"properties":{"geoid":"42003250700","mobility_p25":30.8,"mobility_p25_se":1.9,"mobility_unreliable":false,"mobility_black_p25":31.2,"mobility_white_p25":33}},{"type":"Feature","geometry":{"type":"Polygon","coordinates":[[[-80.01004,40.4651],[-80.00953,40.46344],[-80.0088,40.46219],[-80.00867,40.46066],[-80.0085,40.4596],[-80.00833,40.45935],[-80.00794,40.45913],[-80.00776,40.45885],[-80.00684,40.45907],[-80.00553,40.45897],[-80.00465,40.45876],[-80.00296,40.45855],[-80.00083,40.45895],[-80.00098,40.45942],[-80.00005,40.45996],[-80.00004,40.45977],[-79.99973,40.45988],[-79.9998,40.46263],[-79.99992,40.46439],[-80.00003,40.46499],[-80.00027,40.46566],[-80.00058,40.46621],[-80.00221,40.46844],[-80.00251,40.46791],[-80.0035,40.46753],[-80.0055,40.46731],[-80.00592,40.46737],[-80.00578,40.46714],[-80.00373,40.4663],[-80.00362,40.46614],[-80.00361,40.46597],[-80.00384,40.46573],[-80.00509,40.46543],[-80.0056,40.46502],[-80.00585,40.4655],[-80.00589,40.46588],[-80.01004,40.4651]]]},"properties":{"geoid":"42003250900","mobility_p25":34.1,"mobility_p25_se":2.3,"mobility_unreliable":false,"mobility_black_p25":28.6,"mobility_white_p25":41.3}},{"type":"Feature","geometry":{"type":"Polygon","coordinates":[[[-79.99613,40.44818],[-79.99477,40.44609],[-79.99425,40.44544],[-79.99394,40.44525],[-79.99386,40.44494],[-79.99345,40.44508],[-79.99296,40.44496],[-79.99233,40.44493],[-79.99171,40.44503],[-79.9904,40.4457],[-79.99053,40.44502],[-79.99089,40.44425],[-79.98887,40.44554],[-79.98881,40.44548],[-79.98478,40.44804],[-79.98176,40.4496],[-79.98149,40.44982],[-79.98146,40.44971],[-79.97985,40.45023],[-79.97797,40.45063],[-79.97685,40.45097],[-79.97568,40.45154],[-79.97425,40.45254],[-79.97367,40.45284],[-79.97388,40.45285],[-79.97423,40.45332],[-79.97335,40.45418],[-79.97357,40.45456],[-79.97383,40.45474],[-79.97291,40.45561],[-79.97397,40.45645],[-79.97432,40.45646],[-79.97476,40.45621],[-79.97495,40.45629],[-79.96807,40.46101],[-79.97391,40.46587],[-79.97602,40.46309],[-79.97963,40.46008],[-79.98062,40.45904],[-79.99239,40.45041],[-79.99613,40.44818]]]},"properties":{"geoid":"42003020300","mobility_p25":26.4,"mobility_p25_se":4.5,"mobility_unreliable":false,"mobility_black_p25":26.8,"mobility_white_p25":null}},{"type":"Feature","geometry":{"type":"Polygon","coordinates":[[[-79.88468,40.33703],[-79.88471,40.33697],[-79.88354,40.33612],[-79.8839,40.33546],[-79.88311,40.3324],[-79.87543,40.32908],[-79.87508,40.32873],[-79.8739,40.32946],[-79.87337,40.32969],[-79.87272,40.3299],[-79.87166,40.33006],[-79.87115,40.32993],[-79.87015,40.32941],[-79.86958,40.32923],[-79.86792,40.32907],[-79.86646,40.32882],[-79.8651,40.32873],[-79.86383,40.32894],[-79.86323,40.32921],[-79.8626,40.32935],[-79.86106,40.33066],[-79.86113,40.33264],[-79.86091,40.33335],[-79.85827,40.33677],[-79.85888,40.33735],[-79.86085,40.3384],[-79.86157,40.33894],[-79.8649,40.34063],[-79.86688,40.34222],[-79.8675,40.343],[-79.86851,40.34477],[-79.86981,40.3481],[-79.86996,40.34876],[-79.87091,40.3486],[-79.87167,40.34774],[-79.87253,40.34762],[-79.87344,40.34761],[-79.87437,40.34701],[-79.87851,40.3437],[-79.88013,40.34251],[-79.8811,40.34165],[-79.88243,40.34063],[-79.88329,40.33981],[-79.88341,40.33954],[-79.88348,40.33954],[-79.88468,40.33703]]]},"properties":{"geoid":"42003500300","mobility_p25":46.8,"mobility_p25_se":2.3,"mobility_unreliable":false,"mobility_black_p25":null,"mobility_white_p25":46.9}},{"type":"Feature","geometry":{"type":"Polygon","coordinates":[[[-79.84114,40.32016],[-79.84031,40.31845],[-79.83985,40.31773],[-79.83932,40.3172],[-79.83841,40.31586],[-79.83809,40.31514],[-79.83675,40.31321],[-79.83588,40.31248],[-79.83402,40.31218],[-79.83152,40.31212],[-79.83019,40.31226],[-79.829,40.31258],[-79.82831,40.31285],[-79.82707,40.31344],[-79.82608,40.31405],[-79.82107,40.31754],[-79.82001,40.31809],[-79.82149,40.32055],[-79.82298,40.32273],[-79.82358,40.32303],[-79.82561,40.3217],[-79.82718,40.32042],[-79.82812,40.32055],[-79.83001,40.32045],[-79.8317,40.32086],[-79.83239,40.32311],[-79.83287,40.32438],[-79.83706,40.32154],[-79.83893,40.32081],[-79.84047,40.3203],[-79.84114,40.32016]]]},"properties":{"geoid":"42003501000","mobility_p25":38.2,"mobility_p25_se":3.3,"mobility_unreliable":false,"mobility_black_p25":null,"mobility_white_p25":38.5}},{"type":"Feature","geometry":{"type":"Polygon","coordinates":[[[-79.98557,40.33218],[-79.98554,40.33003],[-79.98507,40.3284],[-79.98261,40.32939],[-79.97916,40.32747],[-79.97626,40.32755],[-79.97537,40.3256],[-79.97521,40.3247],[-79.96196,40.31988],[-79.96131,40.31861],[-79.95964,40.31769],[-79.9569,40.32027],[-79.95688,40.32142],[-79.95669,40.32188],[-79.95639,40.32229],[-79.95633,40.32263],[-79.95659,40.32319],[-79.95732,40.32423],[-79.95734,40.3244],[-79.95726,40.32462],[-79.95659,40.32549],[-79.95654,40.32574],[-79.9566,40.32596],[-79.9568,40.32625],[-79.9568,40.32641],[-79.95717,40.32688],[-79.95731,40.32693],[-79.96021,40.33112],[-79.96127,40.332],[-79.96169,40.33255],[-79.96177,40.33315],[-79.96124,40.3364],[-79.96134,40.33676],[-79.96168,40.33709],[-79.96301,40.33774],[-79.96344,40.33806],[-79.96379,40.33851],[-79.96477,40.34023],[-79.96484,40.34046],[-79.96472,40.34057],[-79.96495,40.34076],[-79.96492,40.34086],[-79.96524,40.34128],[-79.96627,40.34201],[-79.96666,40.34152],[-79.96683,40.34164],[-79.96689,40.3418],[-79.96733,40.3417],[-79.96828,40.34181],[-79.96944,40.34057],[-79.96923,40.34038],[-79.96918,40.34046],[-79.96909,40.34038],[-79.97474,40.33731],[-79.97588,40.33805],[-79.97808,40.3372],[-79.97688,40.33669],[-79.97697,40.33624],[-79.97905,40.33649],[-79.98037,40.33623],[-79.98092,40.33598],[-79.98166,40.33546],[-79.98421,40.33327],[-79.98535,40.33343],[-79.98525,40.33245],[-79.98557,40.33218]]]},"properties":{"geoid":"42003489002","mobility_p25":47.8,"mobility_p25_se":3.3,"mobility_unreliable":false,"mobility_black_p25":null,"mobility_white_p25":48.7}},{"type":"Feature","geometry":{"type":"Polygon","coordinates":[[[-79.9153,40.42997],[-79.91533,40.42989],[-79.91446,40.42948],[-79.9079,40.42658],[-79.90746,40.42649],[-79.90716,40.42702],[-79.90703,40.42746],[-79.90684,40.42769],[-79.90652,40.4278],[-79.90588,40.42772],[-79.90577,40.42751],[-79.9062,40.42643],[-79.90612,40.42608],[-79.90572,40.42613],[-79.90554,40.42627],[-79.90527,40.42633],[-79.9044,40.42612],[-79.90385,40.42615],[-79.90319,40.42636],[-79.90214,40.4271],[-79.90137,40.42723],[-79.89867,40.43557],[-79.89899,40.43644],[-79.89904,40.43773],[-79.90027,40.43952],[-79.9014,40.43946],[-79.90218,40.43929],[-79.90481,40.43819],[-79.90535,40.43809],[-79.91147,40.43801],[-79.91151,40.43785],[-79.90938,40.43722],[-79.90908,40.43705],[-79.9089,40.43681],[-79.90883,40.43646],[-79.90892,40.43618],[-79.90942,40.43581],[-79.90907,40.43397],[-79.91117,40.43288],[-79.91191,40.43314],[-79.91287,40.43259],[-79.91405,40.43205],[-79.91511,40.43139],[-79.91509,40.43097],[-79.91519,40.43096],[-79.9153,40.42997]]]},"properties":{"geoid":"42003980300","mobility_p25":null,"mobility_p25_se":null,"mobility_unreliable":true,"mobility_black_p25":null,"mobility_white_p25":null}},{"type":"Feature","geometry":{"type":"Polygon","coordinates":[[[-79.96336,40.4443],[-79.96335,40.44385],[-79.9632,40.44352],[-79.96288,40.44326],[-79.96199,40.44277],[-79.961,40.44365],[-79.96075,40.44363],[-79.95988,40.44315],[-79.95933,40.44355],[-79.95644,40.44195],[-79.95539,40.44268],[-79.95354,40.44318],[-79.95304,40.44203],[-79.95266,40.44181],[-79.95229,40.44224],[-79.95168,40.44241],[-79.95034,40.44196],[-79.94924,40.44134],[-79.94878,40.44203],[-79.94757,40.44341],[-79.9469,40.44451],[-79.94865,40.44444],[-79.94877,40.44527],[-79.95037,40.44516],[-79.95059,40.4468],[-79.95133,40.44674],[-79.95191,40.44648],[-79.95192,40.44663],[-79.95272,40.44836],[-79.95638,40.4457],[-79.9567,40.44597],[-79.95743,40.44566],[-79.95987,40.44411],[-79.95998,40.44425],[-79.95965,40.44462],[-79.95908,40.44592],[-79.95886,40.44783],[-79.95847,40.44845],[-79.95891,40.44814],[-79.9592,40.4477],[-79.95954,40.4476],[-79.95996,40.4472],[-79.96024,40.44594],[-79.96043,40.44565],[-79.96089,40.44547],[-79.96195,40.44553],[-79.96255,40.44536],[-79.96278,40.44521],[-79.96325,40.44466],[-79.96336,40.4443]]]},"properties":{"geoid":"42003982200","mobility_p25":null,"mobility_p25_se":0,"mobility_unreliable":false,"mobility_black_p25":null,"mobility_white_p25":null}},{"type":"Feature","geometry":{"type":"Polygon","coordinates":[[[-80.0285,40.44394],[-80.02626,40.44298],[-80.01648,40.43922],[-80.01639,40.43813],[-80.01537,40.43768],[-80.01382,40.43759],[-80.01413,40.4373],[-80.01377,40.43749],[-80.01358,40.43728],[-80.01361,40.43699],[-80.01258,40.4361],[-80.01161,40.43576],[-80.0058,40.43207],[-80.00561,40.43172],[-80.00096,40.42976],[-79.99927,40.42915],[-79.99665,40.43292],[-79.99965,40.43323],[-80,40.43337],[-80.01422,40.4407],[-80.01629,40.44321],[-80.023,40.44453],[-80.02709,40.4462],[-80.02815,40.44429],[-80.02828,40.44426],[-80.02775,40.44394],[-80.0285,40.44394]]]},"properties":{"geoid":"42003980700","mobility_p25":null,"mobility_p25_se":0,"mobility_unreliable":false,"mobility_black_p25":null,"mobility_white_p25":null}},{"type":"Feature","geometry":{"type":"Polygon","coordinates":[[[-80.01943,40.4531],[-80.01807,40.44888],[-80.01589,40.44883],[-80.01504,40.44833],[-80.01179,40.44825],[-80.01044,40.44829],[-80.01032,40.44891],[-80.00873,40.44924],[-80.00895,40.44995],[-80.00831,40.44969],[-80.00741,40.44949],[-80.00591,40.44947],[-80.0012,40.45037],[-80.00134,40.45078],[-80.00091,40.45086],[-80.00262,40.45622],[-80.01943,40.4531]]]},"properties":{"geoid":"42003562700","mobility_p25":31.2,"mobility_p25_se":2.7,"mobility_unreliable":false,"mobility_black_p25":29.5,"mobility_white_p25":46.1}},{"type":"Feature","geometry":{"type":"Polygon","coordinates":[[[-79.95798,40.47396],[-79.95805,40.47386],[-79.95642,40.47271],[-79.95629,40.47281],[-79.95415,40.47129],[-79.95539,40.47036],[-79.95439,40.46964],[-79.95503,40.46905],[-79.95414,40.4685],[-79.95268,40.46777],[-79.95244,40.46688],[-79.95177,40.46697],[-79.95165,40.46673],[-79.95191,40.46643],[-79.95193,40.46617],[-79.94645,40.46547],[-79.94612,40.46696],[-79.94675,40.46745],[-79.94724,40.46797],[-79.94736,40.46821],[-79.94733,40.46868],[-79.94696,40.46939],[-79.94646,40.47],[-79.94567,40.47075],[-79.94449,40.47163],[-79.9437,40.47194],[-79.94173,40.47235],[-79.94015,40.4729],[-79.93908,40.47308],[-79.93782,40.47306],[-79.93665,40.47286],[-79.9353,40.47251],[-79.93457,40.47217],[-79.93711,40.47415],[-79.93793,40.47406],[-79.93837,40.47412],[-79.94251,40.47734],[-79.94441,40.47864],[-79.94657,40.47759],[-79.94706,40.47761],[-79.94911,40.47819],[-79.95091,40.47741],[-79.95239,40.47763],[-79.95381,40.4773],[-79.95439,40.47747],[-79.9557,40.47835],[-79.95695,40.47701],[-79.9576,40.47619],[-79.95776,40.47429],[-79.95798,40.47396]]]},"properties":{"geoid":"42003981000","mobility_p25":null,"mobility_p25_se":null,"mobility_unreliable":true,"mobility_black_p25":null,"mobility_white_p25":null}},{"type":"Feature","geometry":{"type":"Polygon","coordinates":[[[-79.92089,40.46997],[-79.92103,40.46969],[-79.91695,40.46858],[-79.91616,40.46699],[-79.9146,40.46741],[-79.91468,40.4683],[-79.91484,40.46883],[-79.91274,40.46923],[-79.91211,40.46952],[-79.91179,40.46984],[-79.9116,40.47031],[-79.91082,40.47513],[-79.91239,40.47516],[-79.91235,40.47536],[-79.91323,40.47548],[-79.91332,40.47519],[-79.91431,40.47528],[-79.91387,40.47747],[-79.91376,40.47761],[-79.91354,40.47768],[-79.91312,40.47821],[-79.91311,40.47832],[-79.91334,40.47872],[-79.91388,40.47863],[-79.91498,40.47881],[-79.91594,40.47883],[-79.91879,40.4745],[-79.92089,40.46997]]]},"properties":{"geoid":"42003110600","mobility_p25":41.2,"mobility_p25_se":3.2,"mobility_unreliable":false,"mobility_black_p25":32.7,"mobility_white_p25":43.3}},{"type":"Feature","geometry":{"type":"Polygon","coordinates":[[[-80.00159,40.37484],[-80.00081,40.37104],[-80.00155,40.3706],[-79.99991,40.37063],[-79.99865,40.37034],[-79.99767,40.37029],[-79.99841,40.36926],[-79.99918,40.36739],[-79.99941,40.36633],[-79.99939,40.36497],[-79.9996,40.36447],[-80.00019,40.36358],[-80.00052,40.36198],[-80.00078,40.36027],[-80.00077,40.35969],[-80.00052,40.3591],[-79.99966,40.35775],[-79.99979,40.35771],[-79.99901,40.35657],[-79.99739,40.35592],[-79.99669,40.35532],[-79.99651,40.35501],[-79.99629,40.35486],[-79.99551,40.35477],[-79.99519,40.35458],[-79.99517,40.35432],[-79.99537,40.35381],[-79.99628,40.35298],[-79.99598,40.35256],[-79.99609,40.35198],[-79.99417,40.3512],[-79.99491,40.35045],[-79.99077,40.34986],[-79.99009,40.3497],[-79.98926,40.34937],[-79.98845,40.34891],[-79.9878,40.34835],[-79.98645,40.34657],[-79.98633,40.34685],[-79.98633,40.34714],[-79.98644,40.34768],[-79.98714,40.34884],[-79.98978,40.35388],[-79.99092,40.3558],[-79.9911,40.35635],[-79.99063,40.35816],[-79.99085,40.36112],[-79.98976,40.36171],[-79.98796,40.36238],[-79.98886,40.36394],[-79.98782,40.36555],[-79.98505,40.36816],[-79.98589,40.36942],[-79.98617,40.37024],[-79.98476,40.37212],[-79.98693,40.37508],[-79.98542,40.37673],[-79.98553,40.37698],[-79.98581,40.37731],[-79.98619,40.37754],[-79.98603,40.37782],[-79.99023,40.37879],[-79.99113,40.37892],[-79.9929,40.3786],[-79.99358,40.37832],[-79.99411,40.37693],[-79.994,40.37584],[-79.99494,40.37567],[-79.99805,40.37647],[-79.99912,40.37734],[-80.00028,40.37602],[-80.00063,40.37551],[-80.00159,40.37484]]]},"properties":{"geoid":"42003477200","mobility_p25":58.9,"mobility_p25_se":3.6,"mobility_unreliable":false,"mobility_black_p25":null,"mobility_white_p25":59.2}},{"type":"Feature","geometry":{"type":"Polygon","coordinates":[[[-80.11542,40.33372],[-80.11501,40.333],[-80.11472,40.3323],[-80.11434,40.33188],[-80.114,40.33168],[-80.11347,40.33155],[-80.11294,40.3332],[-80.11205,40.33501],[-80.11143,40.33602],[-80.11003,40.33716],[-80.10964,40.33719],[-80.10857,40.33694],[-80.10813,40.33706],[-80.10686,40.33899],[-80.10641,40.33935],[-80.10515,40.34002],[-80.10476,40.34041],[-80.10416,40.34159],[-80.10396,40.34213],[-80.10388,40.34275],[-80.10396,40.34352],[-80.10334,40.34385],[-80.10269,40.34378],[-80.10185,40.34309],[-80.10027,40.34276],[-80.09781,40.34146],[-80.0976,40.34113],[-80.09764,40.34071],[-80.09849,40.34006],[-80.09858,40.33987],[-80.09805,40.33805],[-80.09774,40.33773],[-80.09597,40.33742],[-80.09566,40.3373],[-80.09518,40.33752],[-80.09485,40.33783],[-80.09445,40.33798],[-80.09269,40.33782],[-80.09227,40.33788],[-80.09183,40.33816],[-80.09163,40.33841],[-80.09148,40.33878],[-80.09123,40.33893],[-80.08944,40.33865],[-80.08786,40.33874],[-80.08745,40.3389],[-80.08685,40.33942],[-80.08645,40.33961],[-80.08451,40.33989],[-80.08405,40.33985],[-80.08237,40.33948],[-80.08184,40.33946],[-80.08088,40.33971],[-80.08075,40.33985],[-80.08057,40.34048],[-80.07957,40.34085],[-80.07932,40.34072],[-80.07922,40.34019],[-80.07804,40.34028],[-80.07803,40.34095],[-80.07824,40.34131],[-80.07923,40.34213],[-80.07951,40.3423],[-80.08044,40.34257],[-80.08098,40.34298],[-80.0816,40.3442],[-80.08254,40.34565],[-80.08271,40.34635],[-80.08276,40.34762],[-80.08299,40.34831],[-80.08557,40.35125],[-80.08589,40.3515],[-80.08674,40.35193],[-80.0872,40.35234],[-80.08788,40.35332],[-80.08807,40.35407],[-80.08837,40.35439],[-80.09044,40.35563],[-80.09083,40.35577],[-80.09272,40.35616],[-80.09539,40.35629],[-80.09525,40.35539],[-80.08769,40.35239],[-80.08993,40.35057],[-80.09023,40.35043],[-80.09206,40.35175],[-80.09562,40.35326],[-80.09807,40.35001],[-80.09865,40.34965],[-80.09975,40.34936],[-80.10363,40.34924],[-80.10463,40.34912],[-80.10461,40.34896],[-80.10583,40.34884],[-80.10619,40.3489],[-80.10689,40.35017],[-80.10745,40.35088],[-80.10803,40.35142],[-80.11013,40.35156],[-80.11052,40.35121],[-80.11059,40.35104],[-80.11033,40.35068],[-80.11026,40.34996],[-80.11031,40.34945],[-80.1101,40.34892],[-80.10992,40.34878],[-80.10933,40.34854],[-80.10774,40.3482],[-80.10759,40.34809],[-80.10759,40.34759],[-80.10768,40.34734],[-80.10851,40.34617],[-80.10908,40.34562],[-80.10942,40.34442],[-80.10984,40.34382],[-80.11125,40.34125],[-80.11176,40.34049],[-80.11235,40.33943],[-80.1126,40.3388],[-80.11342,40.33749],[-80.11374,40.33719],[-80.11489,40.33523],[-80.11532,40.33415],[-80.11542,40.33372]]]},"properties":{"geoid":"42003474201","mobility_p25":55.4,"mobility_p25_se":6,"mobility_unreliable":true,"mobility_black_p25":null,"mobility_white_p25":58.5}},{"type":"Feature","geometry":{"type":"Polygon","coordinates":[[[-79.78534,40.49187],[-79.78536,40.49176],[-79.78505,40.49174],[-79.78496,40.49135],[-79.78483,40.49118],[-79.78327,40.49047],[-79.78014,40.48979],[-79.77943,40.48971],[-79.77799,40.48928],[-79.77517,40.48899],[-79.77469,40.48885],[-79.77305,40.48764],[-79.77257,40.48702],[-79.77157,40.48636],[-79.76962,40.48567],[-79.76692,40.48426],[-79.76602,40.48387],[-79.76587,40.48371],[-79.7648,40.48171],[-79.76389,40.48036],[-79.76279,40.47906],[-79.76212,40.47863],[-79.76096,40.47815],[-79.75914,40.47777],[-79.75813,40.47822],[-79.75778,40.47827],[-79.75685,40.47836],[-79.75425,40.4784],[-79.75303,40.47854],[-79.75119,40.47822],[-79.74938,40.47777],[-79.74827,40.47741],[-79.74611,40.47745],[-79.74449,40.47714],[-79.74383,40.4773],[-79.73954,40.47767],[-79.73696,40.47755],[-79.73603,40.47784],[-79.73735,40.47889],[-79.73798,40.47994],[-79.73792,40.48202],[-79.73765,40.48286],[-79.73801,40.48403],[-79.738,40.48438],[-79.73777,40.48505],[-79.7379,40.4855],[-79.73836,40.48632],[-79.74088,40.48992],[-79.74135,40.49049],[-79.74342,40.4921],[-79.74553,40.49362],[-79.74681,40.49421],[-79.74969,40.49478],[-79.75054,40.49527],[-79.75164,40.49647],[-79.75261,40.49646],[-79.75291,40.49652],[-79.75346,40.49716],[-79.75487,40.49815],[-79.75571,40.49907],[-79.75961,40.50146],[-79.76076,40.50249],[-79.7616,40.50366],[-79.76204,40.50402],[-79.76261,40.50433],[-79.763,40.50402],[-79.76342,40.50345],[-79.76404,40.50308],[-79.76439,40.50277],[-79.76464,40.50234],[-79.76535,40.50199],[-79.76686,40.50088],[-79.76764,40.5005],[-79.76771,40.50028],[-79.76755,40.49997],[-79.76764,40.49953],[-79.76731,40.49906],[-79.76741,40.49886],[-79.76777,40.49855],[-79.76786,40.49819],[-79.7681,40.49776],[-79.76848,40.4974],[-79.76904,40.49718],[-79.77217,40.49647],[-79.77291,40.49611],[-79.77327,40.49584],[-79.77389,40.49495],[-79.7749,40.4943],[-79.77567,40.49398],[-79.77664,40.4939],[-79.77762,40.49369],[-79.7789,40.49374],[-79.77971,40.49389],[-79.78137,40.49449],[-79.78362,40.49449],[-79.784,40.49455],[-79.7851,40.49331],[-79.78533,40.49226],[-79.78534,40.49187]]]},"properties":{"geoid":"42003526201","mobility_p25":52.9,"mobility_p25_se":2.6,"mobility_unreliable":false,"mobility_black_p25":null,"mobility_white_p25":53}},{"type":"Feature","geometry":{"type":"Polygon","coordinates":[[[-79.95827,40.50347],[-79.9582,40.50141],[-79.95588,40.50147],[-79.95591,40.50191],[-79.95461,40.50208],[-79.95415,40.50198],[-79.95217,40.50241],[-79.95068,40.50211],[-79.9499,40.50162],[-79.94981,40.50137],[-79.94996,40.50114],[-79.94965,40.50059],[-79.94941,40.50059],[-79.94852,40.49912],[-79.9482,40.49914],[-79.94812,40.49826],[-79.94803,40.49802],[-79.94875,40.49748],[-79.949,40.49714],[-79.94997,40.49695],[-79.95032,40.49695],[-79.95024,40.49671],[-79.95559,40.49338],[-79.95656,40.49334],[-79.95571,40.49175],[-79.95533,40.49194],[-79.95445,40.49082],[-79.95431,40.49089],[-79.95127,40.48759],[-79.94784,40.48871],[-79.94467,40.48942],[-79.94091,40.49049],[-79.93836,40.49098],[-79.93956,40.49467],[-79.94046,40.49639],[-79.94055,40.50148],[-79.94249,40.50148],[-79.94415,40.50333],[-79.94367,40.50325],[-79.94353,40.50395],[-79.94479,40.50417],[-79.94458,40.505],[-79.94463,40.50562],[-79.9445,40.50607],[-79.94323,40.50732],[-79.94614,40.5076],[-79.94615,40.50734],[-79.94765,40.50749],[-79.94813,40.50736],[-79.94818,40.50787],[-79.94862,40.50867],[-79.95212,40.50853],[-79.95189,40.50825],[-79.95245,40.50813],[-79.95204,40.50747],[-79.95177,40.50674],[-79.95161,40.50674],[-79.95076,40.50553],[-79.9562,40.50538],[-79.9558,40.50447],[-79.95538,40.50395],[-79.95827,40.50387],[-79.95827,40.50347]]]},"properties":{"geoid":"42003425000","mobility_p25":48,"mobility_p25_se":2.2,"mobility_unreliable":false,"mobility_black_p25":null,"mobility_white_p25":48.1}},{"type":"Feature","geometry":{"type":"Polygon","coordinates":[[[-80.03741,40.58594],[-80.03748,40.58584],[-80.03378,40.58503],[-80.03256,40.5846],[-80.03174,40.58418],[-80.03102,40.58365],[-80.03017,40.58281],[-80.02736,40.57856],[-80.02726,40.57863],[-80.02485,40.575],[-80.02418,40.57395],[-80.02374,40.57294],[-80.02344,40.57184],[-80.02338,40.57036],[-80.02346,40.56975],[-80.02447,40.56617],[-80.0237,40.56626],[-80.02326,40.56618],[-80.02286,40.56599],[-80.02211,40.56537],[-80.02088,40.56495],[-80.01915,40.56414],[-80.0167,40.56557],[-80.01645,40.56603],[-80.01649,40.56717],[-80.00715,40.5674],[-80.00557,40.56715],[-80.0008,40.56583],[-80.0001,40.56578],[-79.99937,40.5659],[-79.99865,40.5663],[-79.99812,40.56695],[-79.99589,40.57081],[-79.99508,40.57156],[-79.99444,40.57184],[-79.99368,40.5719],[-79.99326,40.57181],[-79.98967,40.57033],[-79.99058,40.59471],[-79.99106,40.59472],[-79.99116,40.59514],[-79.99137,40.59548],[-79.99139,40.59584],[-79.99236,40.59605],[-79.99265,40.5963],[-79.99293,40.59679],[-79.99315,40.59692],[-79.99362,40.59692],[-79.99432,40.59625],[-79.99488,40.59616],[-79.99532,40.59634],[-79.99614,40.59686],[-79.99681,40.597],[-79.99734,40.59696],[-79.99792,40.59763],[-79.99787,40.59752],[-79.99847,40.59496],[-79.99992,40.59459],[-80.00249,40.59322],[-80.0032,40.59296],[-80.00463,40.59306],[-80.00557,40.59386],[-80.00571,40.59412],[-80.00558,40.59521],[-80.00567,40.59555],[-80.00591,40.59587],[-80.00647,40.59618],[-80.00689,40.59623],[-80.00732,40.59592],[-80.0077,40.59583],[-80.00771,40.59542],[-80.00787,40.59533],[-80.00866,40.59528],[-80.0097,40.59495],[-80.00981,40.59496],[-80.01005,40.59532],[-80.01034,40.59535],[-80.01072,40.59519],[-80.01068,40.595],[-80.01074,40.59491],[-80.01088,40.59487],[-80.01121,40.59496],[-80.01207,40.59437],[-80.01243,40.5938],[-80.01301,40.59326],[-80.01327,40.59278],[-80.01502,40.59229],[-80.01559,40.59234],[-80.01607,40.59213],[-80.01703,40.5921],[-80.01739,40.592],[-80.01776,40.59175],[-80.01795,40.5911],[-80.01838,40.59061],[-80.01896,40.59041],[-80.01958,40.59004],[-80.02041,40.58986],[-80.02143,40.58948],[-80.02169,40.58916],[-80.02183,40.58857],[-80.02223,40.58818],[-80.0223,40.5877],[-80.02256,40.58706],[-80.02388,40.58602],[-80.02452,40.5857],[-80.02524,40.5852],[-80.0255,40.58513],[-80.02764,40.5849],[-80.02906,40.58491],[-80.03002,40.58511],[-80.03087,40.585],[-80.03345,40.58542],[-80.03726,40.5862],[-80.03741,40.58594]]]},"properties":{"geoid":"42003413500","mobility_p25":50.7,"mobility_p25_se":3.1,"mobility_unreliable":false,"mobility_black_p25":null,"mobility_white_p25":51.3}},{"type":"Feature","geometry":{"type":"Polygon","coordinates":[[[-79.98892,40.55405],[-79.98832,40.53946],[-79.98746,40.53897],[-79.98619,40.53704],[-79.98595,40.53696],[-79.98416,40.53692],[-79.98338,40.53633],[-79.9833,40.53618],[-79.98333,40.53581],[-79.98376,40.53514],[-79.98363,40.53493],[-79.98283,40.53454],[-79.98243,40.53418],[-79.98186,40.53411],[-79.98131,40.53391],[-79.97951,40.53287],[-79.97798,40.5324],[-79.97769,40.5319],[-79.9776,40.53138],[-79.97767,40.5309],[-79.97754,40.53074],[-79.97731,40.53068],[-79.97505,40.53072],[-79.97458,40.53064],[-79.97413,40.53036],[-79.9735,40.52956],[-79.97269,40.52903],[-79.97251,40.52873],[-79.97238,40.52893],[-79.97247,40.52921],[-79.97277,40.5297],[-79.97347,40.53032],[-79.97358,40.53057],[-79.97353,40.53071],[-79.97102,40.5318],[-79.96802,40.53252],[-79.97055,40.53568],[-79.96901,40.53572],[-79.9682,40.53547],[-79.96775,40.53507],[-79.9671,40.53398],[-79.96665,40.53339],[-79.96599,40.53286],[-79.96531,40.53251],[-79.96331,40.53184],[-79.96301,40.53181],[-79.96205,40.53217],[-79.96105,40.53279],[-79.96056,40.53282],[-79.96012,40.53256],[-79.96005,40.53222],[-79.9602,40.53187],[-79.95997,40.5318],[-79.95977,40.5324],[-79.95984,40.5327],[-79.96011,40.53312],[-79.96088,40.53385],[-79.9632,40.53563],[-79.96392,40.53645],[-79.96397,40.53679],[-79.96384,40.53705],[-79.96268,40.53835],[-79.96272,40.53884],[-79.96308,40.53973],[-79.96418,40.54117],[-79.96453,40.54182],[-79.96468,40.54264],[-79.96455,40.54347],[-79.96412,40.54424],[-79.96104,40.54719],[-79.96031,40.5482],[-79.95994,40.54885],[-79.9593,40.55051],[-79.95842,40.55426],[-79.96734,40.55406],[-79.97187,40.55415],[-79.97199,40.55393],[-79.97928,40.5538],[-79.97902,40.55507],[-79.98271,40.55514],[-79.98269,40.55395],[-79.98892,40.55405]]]},"properties":{"geoid":"42003426300","mobility_p25":54.2,"mobility_p25_se":2.6,"mobility_unreliable":false,"mobility_black_p25":null,"mobility_white_p25":54.5}},{"type":"Feature","geometry":{"type":"Polygon","coordinates":[[[-80.06232,40.51586],[-80.06159,40.5058],[-80.05939,40.50675],[-80.05871,40.5074],[-80.05829,40.50818],[-80.05342,40.5054],[-80.05085,40.50384],[-80.04795,40.50225],[-80.05132,40.49646],[-80.04843,40.49582],[-80.04822,40.49573],[-80.04778,40.49529],[-80.04711,40.49498],[-80.04601,40.49487],[-80.04541,40.49491],[-80.0456,40.49567],[-80.04605,40.49662],[-80.04595,40.49716],[-80.04617,40.4987],[-80.04613,40.49923],[-80.04599,40.49953],[-80.04539,40.50003],[-80.04337,40.50103],[-80.03978,40.50096],[-80.03959,40.50173],[-80.03826,40.50509],[-80.03783,40.50552],[-80.03696,40.5061],[-80.03707,40.50745],[-80.03624,40.51056],[-80.03578,40.51099],[-80.03525,40.5118],[-80.03382,40.51273],[-80.03256,40.51336],[-80.03102,40.5139],[-80.03037,40.51399],[-80.03272,40.5167],[-80.03509,40.51589],[-80.03995,40.51529],[-80.04314,40.51436],[-80.04732,40.513],[-80.04737,40.51396],[-80.04732,40.51411],[-80.04755,40.51569],[-80.0478,40.51869],[-80.04809,40.52114],[-80.04819,40.52117],[-80.04875,40.52101],[-80.05079,40.52084],[-80.05113,40.5207],[-80.05145,40.52045],[-80.05204,40.5189],[-80.05309,40.5166],[-80.05337,40.5172],[-80.05381,40.5178],[-80.05524,40.51746],[-80.05548,40.51717],[-80.0562,40.51722],[-80.0568,40.51699],[-80.05813,40.51758],[-80.05849,40.51764],[-80.06232,40.51586]]]},"properties":{"geoid":"42003429600","mobility_p25":48.3,"mobility_p25_se":3.1,"mobility_unreliable":false,"mobility_black_p25":null,"mobility_white_p25":52.4}},{"type":"Feature","geometry":{"type":"Polygon","coordinates":[[[-79.93867,40.5527],[-79.93765,40.53415],[-79.92712,40.53427],[-79.92715,40.53586],[-79.9131,40.53616],[-79.91249,40.53687],[-79.9111,40.53773],[-79.91213,40.53883],[-79.91309,40.54001],[-79.91322,40.54031],[-79.91365,40.54085],[-79.91271,40.54087],[-79.91296,40.54686],[-79.9102,40.54698],[-79.91019,40.5483],[-79.90835,40.54769],[-79.906,40.54637],[-79.90516,40.54616],[-79.90435,40.54609],[-79.9041,40.54229],[-79.90403,40.53951],[-79.90363,40.53943],[-79.90315,40.53835],[-79.90301,40.53832],[-79.90282,40.53805],[-79.90239,40.53803],[-79.90214,40.53784],[-79.90178,40.53952],[-79.90298,40.53949],[-79.90299,40.53958],[-79.90075,40.54367],[-79.89848,40.54262],[-79.89661,40.54612],[-79.89593,40.54614],[-79.89607,40.54868],[-79.89706,40.54864],[-79.8971,40.54919],[-79.89232,40.54951],[-79.89237,40.55098],[-79.89081,40.55102],[-79.89049,40.55082],[-79.88988,40.55007],[-79.88887,40.54919],[-79.88805,40.54884],[-79.88689,40.54865],[-79.88618,40.54885],[-79.88572,40.54916],[-79.8854,40.54955],[-79.88495,40.55057],[-79.88472,40.5508],[-79.88425,40.55102],[-79.88325,40.55125],[-79.88155,40.55129],[-79.87455,40.5521],[-79.87453,40.54678],[-79.86834,40.5469],[-79.86846,40.55227],[-79.86873,40.55459],[-79.869,40.56035],[-79.85832,40.56062],[-79.8586,40.56134],[-79.85895,40.56192],[-79.85989,40.56237],[-79.86026,40.56279],[-79.86015,40.56441],[-79.86007,40.56483],[-79.85997,40.56491],[-79.85981,40.56487],[-79.85927,40.56356],[-79.85888,40.563],[-79.85832,40.56256],[-79.85762,40.56249],[-79.85838,40.56328],[-79.85876,40.56392],[-79.85939,40.56549],[-79.85942,40.56617],[-79.86001,40.56632],[-79.86106,40.56681],[-79.86182,40.56701],[-79.86308,40.56717],[-79.86524,40.5663],[-79.86552,40.56628],[-79.86654,40.56593],[-79.86709,40.56597],[-79.86755,40.56617],[-79.86811,40.56667],[-79.86844,40.56768],[-79.86874,40.568],[-79.86924,40.56816],[-79.87217,40.5682],[-79.87253,40.56829],[-79.87354,40.56918],[-79.87526,40.57088],[-79.87552,40.571],[-79.87683,40.57108],[-79.88177,40.57096],[-79.88293,40.57053],[-79.88537,40.57022],[-79.88609,40.57006],[-79.88702,40.56961],[-79.88815,40.56845],[-79.88852,40.56835],[-79.89022,40.56824],[-79.89095,40.56831],[-79.89198,40.56863],[-79.89284,40.56875],[-79.89378,40.56923],[-79.89379,40.56937],[-79.89335,40.5697],[-79.89335,40.57033],[-79.89324,40.57062],[-79.89213,40.57164],[-79.89218,40.57178],[-79.89231,40.57183],[-79.89329,40.57184],[-79.89597,40.56994],[-79.89641,40.5697],[-79.89712,40.56951],[-79.89946,40.56935],[-79.90007,40.56924],[-79.90097,40.56882],[-79.9017,40.56824],[-79.90219,40.56754],[-79.90245,40.5657],[-79.90252,40.56549],[-79.9029,40.56501],[-79.9028,40.56457],[-79.90331,40.56472],[-79.90438,40.56413],[-79.90484,40.56371],[-79.9051,40.56307],[-79.90505,40.56102],[-79.90696,40.55944],[-79.90728,40.55812],[-79.90751,40.55647],[-79.90785,40.55528],[-79.90811,40.55509],[-79.90966,40.55499],[-79.9102,40.55483],[-79.9107,40.55455],[-79.91139,40.55383],[-79.91264,40.55307],[-79.91353,40.55191],[-79.91362,40.55147],[-79.91365,40.55028],[-79.91379,40.54989],[-79.91412,40.54959],[-79.91439,40.55005],[-79.9145,40.55118],[-79.91487,40.55186],[-79.91644,40.55308],[-79.91804,40.55407],[-79.91836,40.55441],[-79.91851,40.55479],[-79.92812,40.55431],[-79.93868,40.55405],[-79.93867,40.5527]]]},"properties":{"geoid":"42003415002","mobility_p25":42.5,"mobility_p25_se":4,"mobility_unreliable":false,"mobility_black_p25":null,"mobility_white_p25":40.9}},{"type":"Feature","geometry":{"type":"Polygon","coordinates":[[[-79.96514,40.34598],[-79.96538,40.34575],[-79.95957,40.34254],[-79.95594,40.34043],[-79.95557,40.34061],[-79.95525,40.34098],[-79.9549,40.34373],[-79.95371,40.3459],[-79.95329,40.34646],[-79.95182,40.34762],[-79.95154,40.34773],[-79.9473,40.34817],[-79.94047,40.34867],[-79.92708,40.35025],[-79.92354,40.35081],[-79.9217,40.35135],[-79.91578,40.35353],[-79.9154,40.3536],[-79.91494,40.35389],[-79.91441,40.35409],[-79.91347,40.35425],[-79.91273,40.35427],[-79.91199,40.35417],[-79.90991,40.35332],[-79.90951,40.35302],[-79.90884,40.35212],[-79.90845,40.35196],[-79.90813,40.35195],[-79.90692,40.35234],[-79.90595,40.35249],[-79.90537,40.35247],[-79.90422,40.35225],[-79.9035,40.35227],[-79.90252,40.3525],[-79.90205,40.35274],[-79.90138,40.35384],[-79.89995,40.35574],[-79.89946,40.35606],[-79.90013,40.3561],[-79.90059,40.35635],[-79.90239,40.35859],[-79.90299,40.3595],[-79.90357,40.35984],[-79.90487,40.3599],[-79.90553,40.35978],[-79.90604,40.35944],[-79.90689,40.35857],[-79.90724,40.35843],[-79.90761,40.35839],[-79.90771,40.35826],[-79.90769,40.35839],[-79.90866,40.35856],[-79.90824,40.35904],[-79.90788,40.35967],[-79.90766,40.36041],[-79.90762,40.36228],[-79.90744,40.36203],[-79.90821,40.36357],[-79.90863,40.36346],[-79.90867,40.3635],[-79.91082,40.36285],[-79.91129,40.36407],[-79.9119,40.36501],[-79.91331,40.36464],[-79.91373,40.36551],[-79.92067,40.36536],[-79.92228,40.36863],[-79.92236,40.37071],[-79.92344,40.37053],[-79.92468,40.37306],[-79.92498,40.37509],[-79.93944,40.37394],[-79.94065,40.37468],[-79.94206,40.37308],[-79.94324,40.37188],[-79.94577,40.36953],[-79.94787,40.36886],[-79.94877,40.36682],[-79.94885,40.36462],[-79.95026,40.3607],[-79.95154,40.35967],[-79.95203,40.35951],[-79.95368,40.35872],[-79.95447,40.35856],[-79.95483,40.35831],[-79.95521,40.35771],[-79.95575,40.35711],[-79.95626,40.35662],[-79.9569,40.35622],[-79.9566,40.35529],[-79.95822,40.35297],[-79.95898,40.35231],[-79.96067,40.3518],[-79.96061,40.35156],[-79.95999,40.3506],[-79.96129,40.35017],[-79.96514,40.34598]]]},"properties":{"geoid":"42003488500","mobility_p25":51,"mobility_p25_se":3.1,"mobility_unreliable":false,"mobility_black_p25":null,"mobility_white_p25":53.5}},{"type":"Feature","geometry":{"type":"Polygon","coordinates":[[[-80.12086,40.48037],[-80.12084,40.48021],[-80.12034,40.4795],[-80.12004,40.47865],[-80.1196,40.47796],[-80.11954,40.47763],[-80.11888,40.47675],[-80.11864,40.47588],[-80.11808,40.47491],[-80.11779,40.4742],[-80.11664,40.47222],[-80.11586,40.47044],[-80.11551,40.46917],[-80.11482,40.46837],[-80.11422,40.46745],[-80.11406,40.46742],[-80.11372,40.46717],[-80.11368,40.46712],[-80.11377,40.46697],[-80.11346,40.46685],[-80.11341,40.46666],[-80.11322,40.46657],[-80.11298,40.46604],[-80.11313,40.4656],[-80.1123,40.46429],[-80.1121,40.46385],[-80.11207,40.46347],[-80.11239,40.46282],[-80.11244,40.46252],[-80.11284,40.46193],[-80.11309,40.4618],[-80.11297,40.46128],[-80.1131,40.46085],[-80.11339,40.4606],[-80.11362,40.46024],[-80.11248,40.45884],[-80.11232,40.45844],[-80.11227,40.45759],[-80.11257,40.45659],[-80.11208,40.45579],[-80.11202,40.45547],[-80.11204,40.45527],[-80.11267,40.45436],[-80.11048,40.45213],[-80.10993,40.45133],[-80.10969,40.45137],[-80.10877,40.4512],[-80.10845,40.45098],[-80.10636,40.44904],[-80.10448,40.44818],[-80.09337,40.45075],[-80.0936,40.45075],[-80.09418,40.45102],[-80.0945,40.45133],[-80.09465,40.45193],[-80.09455,40.45336],[-80.09533,40.4575],[-80.09523,40.4591],[-80.09503,40.45942],[-80.09461,40.45972],[-80.09186,40.45985],[-80.08802,40.45974],[-80.08678,40.45986],[-80.0837,40.45944],[-80.08227,40.46],[-80.08145,40.46062],[-80.08089,40.46124],[-80.08025,40.46249],[-80.07993,40.46337],[-80.0794,40.46385],[-80.07806,40.46468],[-80.0777,40.46474],[-80.07765,40.4658],[-80.07865,40.46553],[-80.0795,40.46503],[-80.08006,40.46546],[-80.07981,40.46669],[-80.08092,40.46675],[-80.08346,40.46765],[-80.08191,40.47005],[-80.08026,40.46935],[-80.07952,40.46918],[-80.07942,40.47021],[-80.07986,40.47052],[-80.07915,40.47104],[-80.0808,40.47229],[-80.08172,40.47413],[-80.08212,40.47464],[-80.08261,40.47503],[-80.08351,40.47553],[-80.08436,40.47578],[-80.08486,40.4758],[-80.08822,40.47504],[-80.08992,40.47509],[-80.09055,40.47502],[-80.09145,40.47476],[-80.0928,40.47412],[-80.09322,40.47406],[-80.09377,40.47413],[-80.09552,40.475],[-80.09794,40.47555],[-80.10002,40.47589],[-80.10084,40.47621],[-80.10173,40.47683],[-80.10298,40.47803],[-80.10439,40.47997],[-80.10499,40.48051],[-80.10602,40.48099],[-80.10886,40.48174],[-80.11265,40.48215],[-80.1162,40.4819],[-80.11711,40.48167],[-80.12086,40.48037]]]},"properties":{"geoid":"42003460002","mobility_p25":48.8,"mobility_p25_se":2.9,"mobility_unreliable":false,"mobility_black_p25":null,"mobility_white_p25":50.2}},{"type":"Feature","geometry":{"type":"Polygon","coordinates":[[[-79.76608,40.39113],[-79.76583,40.38922],[-79.76534,40.38798],[-79.76467,40.38666],[-79.76442,40.38702],[-79.76401,40.38678],[-79.76448,40.38773],[-79.7649,40.38893],[-79.76481,40.39003],[-79.76456,40.3904],[-79.76207,40.39277],[-79.76055,40.39286],[-79.75981,40.39273],[-79.75928,40.39251],[-79.75861,40.39206],[-79.75727,40.39055],[-79.75662,40.39003],[-79.75462,40.38883],[-79.75378,40.38854],[-79.75204,40.38831],[-79.75126,40.38836],[-79.75098,40.38854],[-79.75091,40.39019],[-79.75068,40.39086],[-79.75032,40.3914],[-79.74955,40.39146],[-79.74921,40.39135],[-79.74858,40.3909],[-79.74826,40.39077],[-79.74802,40.39076],[-79.74783,40.39087],[-79.74717,40.39213],[-79.74632,40.39353],[-79.74527,40.39502],[-79.74463,40.39616],[-79.74289,40.39673],[-79.74252,40.39693],[-79.74154,40.39687],[-79.73845,40.39565],[-79.73826,40.39579],[-79.73874,40.39772],[-79.73868,40.39807],[-79.73818,40.39854],[-79.73769,40.39863],[-79.73733,40.39882],[-79.73666,40.39945],[-79.7364,40.39953],[-79.73583,40.3995],[-79.73572,40.39941],[-79.73537,40.39855],[-79.73491,40.39787],[-79.73476,40.39783],[-79.73426,40.39806],[-79.73252,40.3996],[-79.73236,40.39987],[-79.73231,40.40016],[-79.73236,40.40054],[-79.73221,40.4023],[-79.73227,40.40275],[-79.73206,40.40345],[-79.73224,40.40478],[-79.73226,40.40554],[-79.73216,40.40612],[-79.732,40.40635],[-79.73198,40.40665],[-79.73142,40.4076],[-79.7308,40.40804],[-79.73011,40.40872],[-79.72984,40.40881],[-79.72919,40.40883],[-79.72838,40.40845],[-79.72778,40.40832],[-79.72826,40.4099],[-79.72884,40.41078],[-79.7321,40.41149],[-79.73484,40.41221],[-79.73655,40.41283],[-79.73772,40.41343],[-79.73875,40.41422],[-79.73981,40.41566],[-79.74035,40.41623],[-79.74273,40.4182],[-79.74351,40.41858],[-79.74632,40.4195],[-79.7467,40.41979],[-79.7477,40.42098],[-79.74945,40.42224],[-79.74966,40.42227],[-79.7497,40.42152],[-79.74947,40.42027],[-79.74968,40.41969],[-79.75058,40.418],[-79.75101,40.41772],[-79.75182,40.41747],[-79.75207,40.41729],[-79.75222,40.41696],[-79.75219,40.41482],[-79.75282,40.41195],[-79.75296,40.41161],[-79.75323,40.41126],[-79.75353,40.41107],[-79.75494,40.41053],[-79.75574,40.41001],[-79.75648,40.40904],[-79.75715,40.40792],[-79.75728,40.40753],[-79.75732,40.40692],[-79.75707,40.40519],[-79.75693,40.40317],[-79.75714,40.40259],[-79.75753,40.40216],[-79.75809,40.40183],[-79.75965,40.40145],[-79.76078,40.40107],[-79.76151,40.4006],[-79.76189,40.4002],[-79.76229,40.39954],[-79.76265,40.39809],[-79.76285,40.39757],[-79.76316,40.39715],[-79.76437,40.396],[-79.76469,40.39549],[-79.76504,40.3942],[-79.76488,40.39343],[-79.76491,40.39291],[-79.76568,40.39143],[-79.76575,40.39114],[-79.76608,40.39113]]]},"properties":{"geoid":"42003521402","mobility_p25":51.3,"mobility_p25_se":3.6,"mobility_unreliable":false,"mobility_black_p25":37.6,"mobility_white_p25":52.7}},{"type":"Feature","geometry":{"type":"Polygon","coordinates":[[[-79.83198,40.35804],[-79.83163,40.35754],[-79.82926,40.35685],[-79.82856,40.35655],[-79.82647,40.35519],[-79.8244,40.35417],[-79.82639,40.35201],[-79.82799,40.35224],[-79.8297,40.35188],[-79.82984,40.35126],[-79.83007,40.35099],[-79.83012,40.35076],[-79.83029,40.34921],[-79.83075,40.34814],[-79.83097,40.34791],[-79.82918,40.34539],[-79.82861,40.3447],[-79.82457,40.34485],[-79.82177,40.34469],[-79.82195,40.34388],[-79.81912,40.34378],[-79.81883,40.33817],[-79.8203,40.33814],[-79.81999,40.33328],[-79.81999,40.33209],[-79.8196,40.3301],[-79.81814,40.32736],[-79.81691,40.32851],[-79.81715,40.32863],[-79.81543,40.33032],[-79.81382,40.33264],[-79.80999,40.33662],[-79.80939,40.33709],[-79.8087,40.33745],[-79.80581,40.33833],[-79.80454,40.3389],[-79.80392,40.33926],[-79.80301,40.33998],[-79.79941,40.3435],[-79.79875,40.34395],[-79.79963,40.34548],[-79.80023,40.34714],[-79.8004,40.34784],[-79.80039,40.34933],[-79.7998,40.35034],[-79.80101,40.35043],[-79.80264,40.35089],[-79.80444,40.35169],[-79.8053,40.35227],[-79.80663,40.35351],[-79.80737,40.35465],[-79.80792,40.35525],[-79.80798,40.35611],[-79.80818,40.35676],[-79.80848,40.35701],[-79.80983,40.3575],[-79.81024,40.35813],[-79.81164,40.35934],[-79.81224,40.36042],[-79.81342,40.36046],[-79.81302,40.36085],[-79.81346,40.36068],[-79.82152,40.36109],[-79.8291,40.3612],[-79.82918,40.36118],[-79.82899,40.3608],[-79.83058,40.35968],[-79.83123,40.35903],[-79.83198,40.35804]]]},"properties":{"geoid":"42003503002","mobility_p25":49.3,"mobility_p25_se":2.3,"mobility_unreliable":false,"mobility_black_p25":null,"mobility_white_p25":50.7}},{"type":"Feature","geometry":{"type":"Polygon","coordinates":[[[-80.06472,40.55271],[-80.06398,40.54087],[-80.06378,40.53905],[-80.06335,40.53173],[-80.06273,40.5234],[-80.06264,40.52173],[-80.06262,40.51895],[-80.06232,40.51586],[-80.05849,40.51764],[-80.05813,40.51758],[-80.0568,40.51699],[-80.0562,40.51722],[-80.05548,40.51717],[-80.05524,40.51746],[-80.05381,40.5178],[-80.05337,40.5172],[-80.05309,40.5166],[-80.05204,40.5189],[-80.05145,40.52045],[-80.05113,40.5207],[-80.05079,40.52084],[-80.04809,40.52114],[-80.04812,40.52189],[-80.04581,40.52172],[-80.04237,40.52171],[-80.04115,40.52206],[-80.03997,40.52226],[-80.04224,40.52705],[-80.0409,40.52851],[-80.0396,40.5274],[-80.03927,40.52723],[-80.03866,40.52722],[-80.0376,40.52761],[-80.03708,40.52749],[-80.03683,40.52715],[-80.03684,40.52692],[-80.03704,40.52648],[-80.03685,40.52575],[-80.03657,40.52563],[-80.0356,40.52575],[-80.0355,40.52772],[-80.03509,40.52926],[-80.03506,40.52978],[-80.03517,40.53029],[-80.03566,40.53151],[-80.03581,40.53223],[-80.03596,40.53454],[-80.03597,40.53631],[-80.03634,40.53813],[-80.03634,40.53906],[-80.03595,40.54162],[-80.03597,40.54524],[-80.03617,40.54632],[-80.03696,40.54825],[-80.0371,40.55007],[-80.03726,40.55083],[-80.03822,40.5535],[-80.06472,40.55271]]]},"properties":{"geoid":"42003429300","mobility_p25":57.7,"mobility_p25_se":2.6,"mobility_unreliable":false,"mobility_black_p25":null,"mobility_white_p25":59}},{"type":"Feature","geometry":{"type":"Polygon","coordinates":[[[-79.99114,40.61431],[-79.99058,40.59471],[-79.98967,40.57033],[-79.98393,40.56794],[-79.9826,40.56719],[-79.98098,40.56664],[-79.97998,40.56616],[-79.97914,40.56601],[-79.97708,40.56618],[-79.97617,40.56606],[-79.97187,40.56435],[-79.97012,40.56351],[-79.96899,40.56324],[-79.96693,40.56324],[-79.96639,40.56306],[-79.96632,40.56346],[-79.96546,40.56429],[-79.96573,40.56446],[-79.96495,40.56531],[-79.96452,40.56561],[-79.96474,40.5661],[-79.96673,40.56785],[-79.96692,40.56813],[-79.96695,40.56843],[-79.96627,40.56797],[-79.96488,40.56779],[-79.96448,40.56787],[-79.96268,40.56861],[-79.96219,40.56887],[-79.9619,40.56912],[-79.96142,40.57088],[-79.9589,40.56977],[-79.95748,40.56925],[-79.95688,40.56855],[-79.95593,40.56808],[-79.95541,40.56769],[-79.95538,40.56737],[-79.95565,40.56702],[-79.9557,40.56683],[-79.95487,40.56698],[-79.95442,40.56798],[-79.95417,40.56913],[-79.95419,40.56984],[-79.95467,40.57161],[-79.9548,40.57257],[-79.95469,40.57551],[-79.95457,40.57633],[-79.95409,40.57751],[-79.95178,40.58111],[-79.95134,40.58201],[-79.95108,40.58281],[-79.95058,40.58572],[-79.95033,40.58666],[-79.94978,40.58789],[-79.94838,40.5903],[-79.94803,40.59145],[-79.94753,40.59947],[-79.94767,40.59954],[-79.94753,40.5996],[-79.94719,40.60436],[-79.94712,40.60449],[-79.94753,40.61137],[-79.94755,40.61294],[-79.94745,40.61372],[-79.94679,40.61545],[-79.96787,40.6148],[-79.97621,40.61447],[-79.99114,40.61431]]]},"properties":{"geoid":"42003414102","mobility_p25":52.6,"mobility_p25_se":2.7,"mobility_unreliable":false,"mobility_black_p25":null,"mobility_white_p25":54.4}},{"type":"Feature","geometry":{"type":"Polygon","coordinates":[[[-80.12421,40.58241],[-80.12431,40.58234],[-80.10429,40.5691],[-80.09853,40.56506],[-80.09395,40.56206],[-80.0928,40.56141],[-80.09096,40.56007],[-80.08478,40.55598],[-80.0746,40.54907],[-80.07041,40.54642],[-80.06808,40.54507],[-80.06405,40.54225],[-80.0667,40.58401],[-80.06856,40.58495],[-80.06904,40.58558],[-80.07402,40.58543],[-80.07846,40.5849],[-80.07943,40.58404],[-80.07933,40.58149],[-80.07937,40.58031],[-80.08174,40.58152],[-80.08458,40.5813],[-80.08513,40.5814],[-80.08636,40.58201],[-80.08706,40.58257],[-80.08892,40.58439],[-80.09018,40.5859],[-80.09019,40.58601],[-80.09063,40.58609],[-80.09168,40.58599],[-80.0928,40.586],[-80.09434,40.58624],[-80.09479,40.58646],[-80.09801,40.58889],[-80.09884,40.58919],[-80.09982,40.58927],[-80.10123,40.58903],[-80.10175,40.58889],[-80.10184,40.58871],[-80.10258,40.58855],[-80.1048,40.5886],[-80.10611,40.58874],[-80.10655,40.58871],[-80.1087,40.58833],[-80.11141,40.58722],[-80.11362,40.58714],[-80.11444,40.58699],[-80.1155,40.58668],[-80.11649,40.58607],[-80.11782,40.58555],[-80.11727,40.58406],[-80.11707,40.58279],[-80.12098,40.58261],[-80.12312,40.58268],[-80.12369,40.5826],[-80.12421,40.58241]]]},"properties":{"geoid":"42003412002","mobility_p25":53.5,"mobility_p25_se":4.2,"mobility_unreliable":false,"mobility_black_p25":null,"mobility_white_p25":54.5}},{"type":"Feature","geometry":{"type":"Polygon","coordinates":[[[-80.05301,40.4823],[-80.05318,40.48217],[-80.05172,40.48129],[-80.04974,40.47914],[-80.04839,40.47711],[-80.04371,40.4786],[-80.04311,40.47886],[-80.04294,40.47914],[-80.043,40.47969],[-80.04282,40.47967],[-80.04181,40.47989],[-80.03522,40.48147],[-80.03396,40.48171],[-80.03523,40.4825],[-80.03582,40.48431],[-80.03696,40.48686],[-80.04095,40.48765],[-80.04325,40.48957],[-80.04644,40.48716],[-80.04667,40.48704],[-80.04668,40.48715],[-80.04683,40.48716],[-80.04793,40.4863],[-80.04859,40.48642],[-80.04983,40.48562],[-80.04993,40.48539],[-80.04998,40.48484],[-80.0501,40.48468],[-80.05073,40.48418],[-80.05066,40.48413],[-80.05071,40.48409],[-80.05301,40.4823]]]},"properties":{"geoid":"42003270100","mobility_p25":40.9,"mobility_p25_se":2.4,"mobility_unreliable":false,"mobility_black_p25":32.6,"mobility_white_p25":46.2}},{"type":"Feature","geometry":{"type":"Polygon","coordinates":[[[-80.03112,40.39662],[-80.03072,40.39535],[-80.03035,40.39528],[-80.02818,40.39439],[-80.02716,40.39419],[-80.02635,40.39427],[-80.02557,40.39454],[-80.02409,40.3955],[-80.02366,40.39623],[-80.02346,40.39618],[-80.01774,40.39212],[-80.0171,40.39188],[-80.01633,40.39177],[-80.01527,40.3919],[-80.01502,40.39295],[-80.01582,40.39268],[-80.01638,40.39266],[-80.0147,40.39631],[-80.01606,40.39662],[-80.01797,40.398],[-80.0187,40.39741],[-80.02117,40.39921],[-80.02027,40.40003],[-80.02381,40.40012],[-80.02623,40.39831],[-80.03112,40.39662]]]},"properties":{"geoid":"42003191900","mobility_p25":43.9,"mobility_p25_se":2.8,"mobility_unreliable":false,"mobility_black_p25":null,"mobility_white_p25":44.6}},{"type":"Feature","geometry":{"type":"Polygon","coordinates":[[[-79.89743,40.32113],[-79.89668,40.31975],[-79.896,40.31887],[-79.89501,40.31778],[-79.89139,40.31473],[-79.88418,40.31145],[-79.88183,40.31496],[-79.87976,40.31411],[-79.87782,40.31309],[-79.87618,40.31465],[-79.87582,40.31545],[-79.87622,40.31633],[-79.87468,40.31713],[-79.87525,40.31786],[-79.87469,40.31908],[-79.87468,40.31933],[-79.87444,40.31987],[-79.87411,40.32021],[-79.87629,40.32099],[-79.8747,40.32312],[-79.87741,40.3236],[-79.8779,40.32376],[-79.87821,40.32401],[-79.87857,40.32484],[-79.87886,40.325],[-79.88103,40.32482],[-79.88192,40.3246],[-79.88416,40.32477],[-79.88413,40.32384],[-79.88429,40.3239],[-79.88555,40.32526],[-79.8862,40.32581],[-79.88625,40.3244],[-79.88842,40.32438],[-79.88843,40.32767],[-79.88935,40.32767],[-79.8894,40.33068],[-79.88935,40.33086],[-79.89253,40.3308],[-79.89245,40.33108],[-79.89295,40.3312],[-79.89385,40.33087],[-79.89389,40.32751],[-79.8938,40.32284],[-79.89376,40.32185],[-79.89363,40.32109],[-79.89585,40.32117],[-79.89743,40.32113]]]},"properties":{"geoid":"42003499400","mobility_p25":42.5,"mobility_p25_se":2.1,"mobility_unreliable":false,"mobility_black_p25":null,"mobility_white_p25":43.8}},{"type":"Feature","geometry":{"type":"Polygon","coordinates":[[[-80.0273,40.47673],[-80.02676,40.47642],[-80.02663,40.47647],[-80.02685,40.47659],[-80.02673,40.4767],[-80.02646,40.47654],[-80.02624,40.47665],[-80.02612,40.47655],[-80.02661,40.47634],[-80.02635,40.4762],[-80.02616,40.47636],[-80.02582,40.47621],[-80.02533,40.47621],[-80.02463,40.47657],[-80.02293,40.47657],[-80.0221,40.47665],[-80.02181,40.47653],[-80.02159,40.47663],[-80.02152,40.47652],[-80.01971,40.47659],[-80.01887,40.47699],[-80.01853,40.47726],[-80.01573,40.47733],[-80.01526,40.47742],[-80.01422,40.47744],[-80.01358,40.47804],[-80.01285,40.47815],[-80.01266,40.47873],[-80.01196,40.47869],[-80.01175,40.47972],[-80.01192,40.47993],[-80.0127,40.48019],[-80.01299,40.47977],[-80.01369,40.47999],[-80.01307,40.48042],[-80.01358,40.48144],[-80.01379,40.48196],[-80.01378,40.48214],[-80.01298,40.48321],[-80.0129,40.48345],[-80.01305,40.48378],[-80.01365,40.48424],[-80.01393,40.4843],[-80.01448,40.48391],[-80.01444,40.48386],[-80.01776,40.48234],[-80.018,40.48266],[-80.01814,40.48269],[-80.018,40.48319],[-80.01766,40.48359],[-80.01708,40.485],[-80.01644,40.48609],[-80.01683,40.48607],[-80.01704,40.48682],[-80.01752,40.4868],[-80.01758,40.48672],[-80.01888,40.48673],[-80.02024,40.48761],[-80.02015,40.48771],[-80.02032,40.48829],[-80.01983,40.48938],[-80.01995,40.48954],[-80.01921,40.49],[-80.01972,40.49024],[-80.02041,40.49028],[-80.0204,40.48983],[-80.02143,40.4899],[-80.02141,40.49028],[-80.02116,40.49088],[-80.02045,40.4907],[-80.0206,40.49037],[-80.01978,40.49032],[-80.02036,40.49124],[-80.02089,40.49137],[-80.02097,40.49116],[-80.02155,40.49133],[-80.02207,40.49006],[-80.02159,40.49004],[-80.02159,40.48986],[-80.02175,40.48977],[-80.02201,40.48915],[-80.02237,40.48917],[-80.02311,40.48749],[-80.02314,40.48718],[-80.02449,40.48668],[-80.02461,40.48703],[-80.02514,40.48685],[-80.02478,40.48583],[-80.02422,40.48582],[-80.02512,40.48525],[-80.02568,40.48275],[-80.02492,40.48177],[-80.02351,40.4794],[-80.026,40.47937],[-80.02597,40.47897],[-80.02581,40.47898],[-80.0258,40.47889],[-80.027,40.47768],[-80.02658,40.47745],[-80.0273,40.47673]]]},"properties":{"geoid":"42003980400","mobility_p25":null,"mobility_p25_se":0,"mobility_unreliable":false,"mobility_black_p25":null,"mobility_white_p25":null}},{"type":"Feature","geometry":{"type":"Polygon","coordinates":[[[-79.94989,40.43404],[-79.94966,40.42919],[-79.94939,40.42889],[-79.94912,40.42912],[-79.94765,40.4286],[-79.94684,40.42847],[-79.94447,40.42908],[-79.94347,40.42926],[-79.94314,40.42965],[-79.94186,40.4301],[-79.94005,40.42981],[-79.94013,40.42951],[-79.93904,40.42885],[-79.93786,40.42863],[-79.93781,40.42873],[-79.93683,40.4287],[-79.93542,40.42884],[-79.93317,40.42923],[-79.93299,40.43023],[-79.93307,40.43028],[-79.93252,40.43174],[-79.93255,40.43203],[-79.93366,40.43196],[-79.93495,40.43213],[-79.93444,40.43233],[-79.93356,40.43323],[-79.93305,40.43344],[-79.93403,40.43771],[-79.93595,40.43758],[-79.93651,40.4377],[-79.93899,40.43855],[-79.94035,40.43873],[-79.94085,40.43897],[-79.94155,40.43979],[-79.94231,40.44017],[-79.94218,40.44044],[-79.94224,40.44048],[-79.94701,40.44148],[-79.94734,40.44143],[-79.94819,40.4408],[-79.94895,40.44118],[-79.94948,40.44057],[-79.94979,40.44001],[-79.94986,40.43931],[-79.94958,40.43651],[-79.94989,40.43404]]]},"properties":{"geoid":"42003980500","mobility_p25":null,"mobility_p25_se":0,"mobility_unreliable":false,"mobility_black_p25":null,"mobility_white_p25":null}},{"type":"Feature","geometry":{"type":"Polygon","coordinates":[[[-79.83369,40.40054],[-79.83368,40.4004],[-79.83077,40.39955],[-79.82991,40.40064],[-79.82781,40.40288],[-79.82779,40.40429],[-79.82667,40.40423],[-79.82451,40.40302],[-79.81868,40.40046],[-79.8178,40.4015],[-79.81698,40.40235],[-79.81519,40.40107],[-79.81476,40.40131],[-79.81415,40.40181],[-79.81343,40.40268],[-79.81272,40.40234],[-79.81177,40.40335],[-79.81305,40.40549],[-79.81521,40.40522],[-79.81543,40.40563],[-79.81504,40.40593],[-79.81199,40.40954],[-79.81178,40.40986],[-79.81153,40.41061],[-79.81104,40.41126],[-79.80955,40.41228],[-79.8107,40.41272],[-79.81159,40.41295],[-79.81149,40.41314],[-79.81228,40.41378],[-79.81065,40.41639],[-79.81166,40.41786],[-79.81209,40.4176],[-79.8132,40.41742],[-79.81378,40.41812],[-79.81363,40.41831],[-79.81364,40.41843],[-79.81421,40.41883],[-79.81499,40.41813],[-79.81486,40.41758],[-79.81609,40.41703],[-79.81851,40.41548],[-79.81904,40.416],[-79.81937,40.41579],[-79.81989,40.41628],[-79.82035,40.41598],[-79.82087,40.41649],[-79.8218,40.41631],[-79.82131,40.41674],[-79.82183,40.41669],[-79.8226,40.41646],[-79.82322,40.41621],[-79.8235,40.41596],[-79.82402,40.41534],[-79.82457,40.41449],[-79.82488,40.4138],[-79.82494,40.41335],[-79.82487,40.41287],[-79.82466,40.41246],[-79.82486,40.41258],[-79.82483,40.4125],[-79.8267,40.41393],[-79.82741,40.41101],[-79.82748,40.41006],[-79.8312,40.41067],[-79.83192,40.40928],[-79.83265,40.40984],[-79.83335,40.40884],[-79.83328,40.40793],[-79.83338,40.40776],[-79.83346,40.40678],[-79.83325,40.40647],[-79.83349,40.40252],[-79.83369,40.40054]]]},"properties":{"geoid":"42003509400","mobility_p25":40.7,"mobility_p25_se":1.6,"mobility_unreliable":false,"mobility_black_p25":34.9,"mobility_white_p25":42.2}},{"type":"Feature","geometry":{"type":"Polygon","coordinates":[[[-79.73603,40.47784],[-79.73587,40.47768],[-79.73557,40.47688],[-79.73372,40.4749],[-79.73367,40.47466],[-79.7337,40.47382],[-79.7335,40.47337],[-79.7331,40.47294],[-79.73183,40.47188],[-79.73135,40.47113],[-79.73115,40.47042],[-79.73117,40.46941],[-79.73107,40.46822],[-79.73075,40.46724],[-79.73062,40.46589],[-79.7305,40.46569],[-79.72651,40.46229],[-79.72574,40.46147],[-79.72439,40.46059],[-79.72201,40.45884],[-79.71932,40.4563],[-79.71903,40.45608],[-79.71752,40.45532],[-79.71905,40.45962],[-79.71966,40.46033],[-79.71956,40.46111],[-79.72003,40.46272],[-79.72071,40.46345],[-79.72144,40.46489],[-79.72128,40.46517],[-79.72048,40.46576],[-79.72097,40.46644],[-79.72102,40.46681],[-79.7209,40.46737],[-79.71999,40.46923],[-79.71993,40.4697],[-79.72,40.47093],[-79.71993,40.47135],[-79.71862,40.47217],[-79.71737,40.47349],[-79.71655,40.47401],[-79.71596,40.47424],[-79.71497,40.47451],[-79.71435,40.47452],[-79.71316,40.4742],[-79.71221,40.47379],[-79.71153,40.47377],[-79.711,40.47397],[-79.71078,40.47413],[-79.71013,40.47525],[-79.70951,40.47586],[-79.70876,40.4755],[-79.70831,40.47541],[-79.70609,40.4753],[-79.70526,40.47534],[-79.70486,40.47543],[-79.70423,40.47581],[-79.7036,40.47645],[-79.70249,40.47733],[-79.70225,40.48774],[-79.70214,40.48952],[-79.70621,40.48929],[-79.7081,40.48947],[-79.70905,40.48927],[-79.71148,40.48807],[-79.71221,40.48759],[-79.71337,40.48642],[-79.71513,40.48444],[-79.71546,40.48418],[-79.71607,40.48387],[-79.71668,40.48372],[-79.71859,40.48352],[-79.72012,40.48298],[-79.72493,40.48187],[-79.72585,40.48124],[-79.727,40.47992],[-79.72744,40.47973],[-79.72814,40.47959],[-79.72981,40.47958],[-79.7319,40.47904],[-79.73408,40.4787],[-79.73603,40.47784]]]},"properties":{"geoid":"42003526301","mobility_p25":47.3,"mobility_p25_se":2.7,"mobility_unreliable":false,"mobility_black_p25":null,"mobility_white_p25":48.2}},{"type":"Feature","geometry":{"type":"Polygon","coordinates":[[[-80.19491,40.54065],[-80.19525,40.54046],[-80.19271,40.53646],[-80.19104,40.53448],[-80.18998,40.53379],[-80.18875,40.5333],[-80.18681,40.53236],[-80.1833,40.5312],[-80.17865,40.52994],[-80.17538,40.53478],[-80.17229,40.53761],[-80.16945,40.53702],[-80.16867,40.53963],[-80.168,40.53951],[-80.16682,40.54019],[-80.16496,40.54065],[-80.16373,40.54137],[-80.16258,40.54175],[-80.16144,40.54261],[-80.16102,40.54284],[-80.16074,40.54288],[-80.16005,40.54281],[-80.15894,40.5429],[-80.15674,40.54259],[-80.15607,40.54269],[-80.15565,40.54287],[-80.15534,40.54312],[-80.15461,40.54417],[-80.15433,40.54471],[-80.15724,40.54459],[-80.15629,40.54561],[-80.15627,40.54752],[-80.15889,40.54829],[-80.15899,40.54614],[-80.15954,40.54531],[-80.16081,40.54525],[-80.16169,40.54745],[-80.16212,40.5475],[-80.16243,40.54775],[-80.16305,40.54765],[-80.1639,40.54671],[-80.16276,40.54407],[-80.1643,40.54255],[-80.16614,40.54155],[-80.16613,40.54115],[-80.16853,40.54058],[-80.16864,40.54083],[-80.16876,40.54078],[-80.16871,40.54056],[-80.17029,40.54088],[-80.17156,40.54127],[-80.17264,40.54076],[-80.17286,40.54053],[-80.17464,40.54161],[-80.17724,40.54426],[-80.17495,40.54564],[-80.17406,40.54655],[-80.17325,40.54715],[-80.17303,40.54759],[-80.17318,40.54797],[-80.17314,40.54883],[-80.17166,40.54839],[-80.17175,40.5507],[-80.17228,40.55046],[-80.17298,40.55075],[-80.17353,40.55002],[-80.17375,40.54998],[-80.17421,40.5501],[-80.17445,40.55001],[-80.17459,40.54986],[-80.17461,40.54974],[-80.17426,40.54916],[-80.17423,40.54813],[-80.17487,40.54762],[-80.17519,40.54807],[-80.17598,40.54661],[-80.17677,40.54669],[-80.17684,40.54637],[-80.17712,40.54586],[-80.17818,40.54534],[-80.17831,40.54531],[-80.18151,40.5486],[-80.1899,40.54353],[-80.1908,40.54285],[-80.19172,40.54241],[-80.1933,40.54144],[-80.19491,40.54065]]]},"properties":{"geoid":"42003445500","mobility_p25":40.2,"mobility_p25_se":2.6,"mobility_unreliable":false,"mobility_black_p25":40.6,"mobility_white_p25":43.6}},{"type":"Feature","geometry":{"type":"Polygon","coordinates":[[[-79.77992,40.60607],[-79.77209,40.60125],[-79.76988,40.59971],[-79.76771,40.59867],[-79.76657,40.59776],[-79.76655,40.5976],[-79.7664,40.59744],[-79.76553,40.5967],[-79.76404,40.59287],[-79.76319,40.59362],[-79.762,40.59434],[-79.75701,40.59649],[-79.74944,40.59887],[-79.74458,40.5999],[-79.74127,40.60076],[-79.74477,40.60379],[-79.75105,40.60885],[-79.75219,40.60884],[-79.75232,40.60901],[-79.75261,40.60885],[-79.75279,40.60909],[-79.75326,40.60888],[-79.75373,40.60953],[-79.75416,40.60988],[-79.75586,40.60903],[-79.75714,40.61073],[-79.75657,40.61183],[-79.75922,40.61433],[-79.76137,40.61427],[-79.76138,40.61464],[-79.76079,40.6153],[-79.7622,40.61598],[-79.76232,40.61615],[-79.763,40.61617],[-79.76491,40.61649],[-79.76591,40.61649],[-79.76418,40.61424],[-79.76688,40.61422],[-79.76675,40.60926],[-79.77095,40.60918],[-79.77085,40.60619],[-79.77197,40.60602],[-79.77247,40.60606],[-79.77281,40.60618],[-79.77992,40.60607]]]},"properties":{"geoid":"42003403500","mobility_p25":40.4,"mobility_p25_se":1.7,"mobility_unreliable":false,"mobility_black_p25":34.2,"mobility_white_p25":41.1}},{"type":"Feature","geometry":{"type":"Polygon","coordinates":[[[-79.99197,40.63149],[-79.99114,40.61431],[-79.97621,40.61447],[-79.96787,40.6148],[-79.94705,40.61545],[-79.93354,40.61582],[-79.92061,40.61607],[-79.92115,40.62],[-79.92134,40.62227],[-79.92145,40.6248],[-79.92211,40.63384],[-79.92237,40.63383],[-79.92262,40.63948],[-79.92269,40.63928],[-79.92315,40.63898],[-79.92422,40.63843],[-79.92454,40.63837],[-79.925,40.63795],[-79.92564,40.63757],[-79.92684,40.63705],[-79.92803,40.63601],[-79.92858,40.63589],[-79.92944,40.63547],[-79.93106,40.63483],[-79.93126,40.63463],[-79.93134,40.6341],[-79.93151,40.63373],[-79.93259,40.63237],[-79.93277,40.63227],[-79.93299,40.63229],[-79.93432,40.63285],[-79.93545,40.63316],[-79.93582,40.63312],[-79.93728,40.6326],[-79.93777,40.63288],[-79.9383,40.63332],[-79.9389,40.63384],[-79.93957,40.63462],[-79.93985,40.63481],[-79.94079,40.63521],[-79.94183,40.63534],[-79.9439,40.63509],[-79.9474,40.63511],[-79.94894,40.63488],[-79.95062,40.63423],[-79.95206,40.63335],[-79.95212,40.63323],[-79.95433,40.63316],[-79.95583,40.63351],[-79.95643,40.63351],[-79.9593,40.63239],[-79.96144,40.63113],[-79.96359,40.63092],[-79.96574,40.63116],[-79.96628,40.63113],[-79.9678,40.63017],[-79.96833,40.62996],[-79.97129,40.63015],[-79.97171,40.63027],[-79.97274,40.63076],[-79.97523,40.63138],[-79.97577,40.63145],[-79.97647,40.63127],[-79.9774,40.6308],[-79.97802,40.63067],[-79.97845,40.63067],[-79.98019,40.63097],[-79.98111,40.63091],[-79.98169,40.63071],[-79.98289,40.63],[-79.9839,40.62985],[-79.9863,40.63035],[-79.98683,40.63061],[-79.98778,40.63125],[-79.9884,40.63149],[-79.98903,40.63155],[-79.99197,40.63149]]]},"properties":{"geoid":"42003408002","mobility_p25":53.4,"mobility_p25_se":2.6,"mobility_unreliable":false,"mobility_black_p25":null,"mobility_white_p25":56.3}},{"type":"Feature","geometry":{"type":"Polygon","coordinates":[[[-79.98568,40.50243],[-79.98528,40.49362],[-79.98428,40.49344],[-79.98383,40.49352],[-79.97601,40.49369],[-79.97615,40.49531],[-79.97108,40.49551],[-79.97094,40.4946],[-79.97046,40.49289],[-79.9699,40.48529],[-79.96997,40.48523],[-79.96995,40.48468],[-79.96984,40.4836],[-79.97181,40.48357],[-79.97188,40.48309],[-79.97202,40.48279],[-79.97279,40.48225],[-79.97288,40.48208],[-79.97283,40.48181],[-79.97258,40.48149],[-79.97189,40.48109],[-79.97049,40.48068],[-79.96742,40.47899],[-79.96476,40.47792],[-79.963,40.47996],[-79.96066,40.48209],[-79.95857,40.4838],[-79.95535,40.48591],[-79.9532,40.48696],[-79.95127,40.48759],[-79.95431,40.49089],[-79.95445,40.49082],[-79.95533,40.49194],[-79.95571,40.49175],[-79.95656,40.49334],[-79.95559,40.49338],[-79.95024,40.49671],[-79.95032,40.49695],[-79.94997,40.49695],[-79.949,40.49714],[-79.94875,40.49748],[-79.94803,40.49802],[-79.94812,40.49826],[-79.9482,40.49914],[-79.94852,40.49912],[-79.94941,40.50059],[-79.94965,40.50059],[-79.94996,40.50114],[-79.94981,40.50137],[-79.9499,40.50162],[-79.95068,40.50211],[-79.95217,40.50241],[-79.95415,40.50198],[-79.95461,40.50208],[-79.95591,40.50191],[-79.95588,40.50147],[-79.9582,40.50141],[-79.95827,40.50387],[-79.95538,40.50395],[-79.9558,40.50447],[-79.95596,40.50479],[-79.95617,40.50527],[-79.95634,40.50596],[-79.95693,40.50655],[-79.95757,40.50765],[-79.96343,40.50755],[-79.96611,40.5045],[-79.96759,40.5044],[-79.9687,40.50477],[-79.96937,40.50481],[-79.97052,40.50407],[-79.97133,40.50301],[-79.97207,40.50244],[-79.97263,40.50233],[-79.97295,40.50236],[-79.97345,40.50253],[-79.97392,40.50247],[-79.97434,40.50228],[-79.97569,40.50141],[-79.97662,40.50034],[-79.97718,40.50007],[-79.97751,40.4998],[-79.97779,40.49897],[-79.97807,40.49875],[-79.97858,40.49942],[-79.98016,40.49974],[-79.98054,40.50019],[-79.98095,40.50105],[-79.98144,40.50146],[-79.98194,40.50163],[-79.98254,40.50172],[-79.98438,40.50178],[-79.98488,40.50193],[-79.98568,40.50243]]]},"properties":{"geoid":"42003427200","mobility_p25":49.7,"mobility_p25_se":2.1,"mobility_unreliable":false,"mobility_black_p25":null,"mobility_white_p25":51.2}},{"type":"Feature","geometry":{"type":"Polygon","coordinates":[[[-80.06159,40.50544],[-80.06138,40.50158],[-80.05622,40.50073],[-80.05057,40.49774],[-80.04795,40.50225],[-80.05085,40.50384],[-80.05342,40.5054],[-80.05829,40.50818],[-80.05871,40.5074],[-80.05919,40.5069],[-80.05983,40.50651],[-80.06159,40.5058],[-80.06159,40.50544]]]},"properties":{"geoid":"42003431400","mobility_p25":46.7,"mobility_p25_se":3.2,"mobility_unreliable":false,"mobility_black_p25":null,"mobility_white_p25":49}},{"type":"Feature","geometry":{"type":"Polygon","coordinates":[[[-80.04812,40.52187],[-80.0476,40.51615],[-80.04732,40.51411],[-80.04737,40.51396],[-80.04732,40.513],[-80.04314,40.51436],[-80.03995,40.51529],[-80.03509,40.51589],[-80.03272,40.5167],[-80.03018,40.51379],[-80.02952,40.51439],[-80.02938,40.51472],[-80.02941,40.51499],[-80.0298,40.5157],[-80.02976,40.51597],[-80.02966,40.5161],[-80.02878,40.51654],[-80.028,40.51743],[-80.02741,40.51786],[-80.02616,40.51847],[-80.0261,40.51852],[-80.02611,40.51867],[-80.02496,40.51911],[-80.02483,40.51926],[-80.0249,40.51941],[-80.02588,40.51996],[-80.02529,40.52099],[-80.02596,40.52103],[-80.02669,40.5214],[-80.02688,40.52222],[-80.02881,40.52224],[-80.02895,40.52427],[-80.03229,40.52411],[-80.03504,40.52389],[-80.03524,40.52437],[-80.0356,40.52575],[-80.03657,40.52563],[-80.03674,40.52567],[-80.03692,40.52583],[-80.03704,40.52648],[-80.03682,40.52706],[-80.037,40.52743],[-80.0373,40.52758],[-80.0376,40.52761],[-80.03866,40.52722],[-80.03927,40.52723],[-80.0396,40.5274],[-80.0409,40.52851],[-80.04224,40.52705],[-80.03997,40.52226],[-80.04115,40.52206],[-80.04237,40.52171],[-80.04581,40.52172],[-80.04812,40.52187]]]},"properties":{"geoid":"42003430200","mobility_p25":47.5,"mobility_p25_se":2.4,"mobility_unreliable":false,"mobility_black_p25":null,"mobility_white_p25":49.8}},{"type":"Feature","geometry":{"type":"Polygon","coordinates":[[[-79.9974,40.39538],[-79.99722,40.39478],[-79.99734,40.39351],[-79.99731,40.39299],[-79.99712,40.39231],[-79.99676,40.39149],[-79.99667,40.39103],[-79.99667,40.39061],[-79.9969,40.3894],[-79.99684,40.3889],[-79.99642,40.38796],[-79.9952,40.3866],[-79.99489,40.38612],[-79.99482,40.38584],[-79.99489,40.38501],[-79.99578,40.3836],[-79.99596,40.38307],[-79.99598,40.38242],[-79.99571,40.38172],[-79.99509,40.38091],[-79.99416,40.37998],[-79.99358,40.3791],[-79.99288,40.37864],[-79.99251,40.37863],[-79.99113,40.37892],[-79.99023,40.37879],[-79.98603,40.37782],[-79.98582,40.37824],[-79.98531,40.37881],[-79.98492,40.37943],[-79.98476,40.37943],[-79.98556,40.38071],[-79.98492,40.38119],[-79.98423,40.38157],[-79.98563,40.38165],[-79.98656,40.38183],[-79.98691,40.38373],[-79.98721,40.38444],[-79.98819,40.38434],[-79.98972,40.384],[-79.99189,40.38397],[-79.99288,40.38379],[-79.99355,40.38391],[-79.99293,40.38448],[-79.99035,40.38503],[-79.99056,40.38566],[-79.99201,40.38537],[-79.99199,40.38586],[-79.99223,40.38744],[-79.99132,40.38767],[-79.99114,40.38778],[-79.99126,40.38835],[-79.99114,40.38911],[-79.99129,40.38938],[-79.99218,40.39035],[-79.99248,40.3902],[-79.99275,40.39022],[-79.99274,40.39037],[-79.99294,40.39032],[-79.99321,40.3914],[-79.99281,40.39133],[-79.99301,40.39214],[-79.99342,40.39226],[-79.99351,40.39259],[-79.99438,40.39253],[-79.99447,40.39322],[-79.99533,40.39315],[-79.99555,40.39435],[-79.99576,40.39451],[-79.9963,40.39445],[-79.99697,40.39554],[-79.99712,40.39567],[-79.99718,40.39553],[-79.9974,40.39538]]]},"properties":{"geoid":"42003320400","mobility_p25":40.8,"mobility_p25_se":3.2,"mobility_unreliable":false,"mobility_black_p25":null,"mobility_white_p25":40.6}},{"type":"Feature","geometry":{"type":"Polygon","coordinates":[[[-79.72144,40.46494],[-79.72124,40.46441],[-79.72071,40.46345],[-79.72003,40.46272],[-79.71956,40.46111],[-79.71966,40.46033],[-79.71905,40.45962],[-79.71752,40.45532],[-79.71544,40.45459],[-79.71494,40.45422],[-79.71461,40.45376],[-79.71453,40.4531],[-79.71475,40.45229],[-79.7154,40.45128],[-79.71528,40.4511],[-79.71357,40.45083],[-79.71387,40.44985],[-79.71405,40.44849],[-79.71403,40.44727],[-79.71385,40.44584],[-79.71179,40.4458],[-79.71111,40.44597],[-79.7106,40.44631],[-79.71025,40.44667],[-79.70953,40.44811],[-79.70889,40.44797],[-79.70814,40.44767],[-79.70789,40.44749],[-79.70775,40.44725],[-79.70765,40.44655],[-79.70752,40.44637],[-79.70584,40.44544],[-79.70509,40.44482],[-79.70397,40.44365],[-79.70372,40.4492],[-79.70339,40.45146],[-79.70336,40.45251],[-79.70349,40.45298],[-79.70333,40.45333],[-79.70304,40.46451],[-79.70249,40.47733],[-79.7036,40.47645],[-79.70423,40.47581],[-79.70486,40.47543],[-79.70605,40.4753],[-79.70831,40.47541],[-79.70876,40.4755],[-79.70951,40.47586],[-79.71013,40.47525],[-79.71078,40.47413],[-79.71128,40.47383],[-79.71161,40.47376],[-79.71217,40.47378],[-79.71356,40.47434],[-79.71462,40.47453],[-79.71522,40.47445],[-79.71636,40.4741],[-79.71714,40.47365],[-79.71758,40.47331],[-79.71862,40.47217],[-79.71993,40.47135],[-79.72,40.47093],[-79.71993,40.4697],[-79.71999,40.46923],[-79.7209,40.46737],[-79.72102,40.46681],[-79.72097,40.46644],[-79.72048,40.46576],[-79.72128,40.46517],[-79.72144,40.46494]]]},"properties":{"geoid":"42003526302","mobility_p25":48.9,"mobility_p25_se":2.3,"mobility_unreliable":false,"mobility_black_p25":31.2,"mobility_white_p25":51.7}},{"type":"Feature","geometry":{"type":"Polygon","coordinates":[[[-79.84238,40.28512],[-79.84109,40.28503],[-79.8396,40.28444],[-79.83861,40.2842],[-79.83741,40.2836],[-79.83713,40.28337],[-79.83542,40.28403],[-79.83287,40.2843],[-79.83155,40.28475],[-79.829,40.28594],[-79.82812,40.28618],[-79.82761,40.28615],[-79.8261,40.28562],[-79.82474,40.28547],[-79.82328,40.28497],[-79.82194,40.2843],[-79.82147,40.28423],[-79.81957,40.28441],[-79.81887,40.28473],[-79.81749,40.28567],[-79.81691,40.28595],[-79.8161,40.28623],[-79.81496,40.28645],[-79.81444,40.28601],[-79.81291,40.28546],[-79.81254,40.2852],[-79.81205,40.2846],[-79.81182,40.28354],[-79.81109,40.28241],[-79.81015,40.28159],[-79.80757,40.27961],[-79.80709,40.2786],[-79.80687,40.27828],[-79.80507,40.27675],[-79.80416,40.27627],[-79.80221,40.27549],[-79.80119,40.27529],[-79.79971,40.27526],[-79.79942,40.27512],[-79.79973,40.2749],[-79.79918,40.27478],[-79.7986,40.275],[-79.79828,40.27503],[-79.79827,40.27565],[-79.79793,40.27545],[-79.79729,40.27596],[-79.79674,40.27611],[-79.79624,40.27604],[-79.79652,40.27945],[-79.7963,40.28021],[-79.79606,40.28063],[-79.7958,40.28108],[-79.79542,40.28134],[-79.79472,40.28168],[-79.79185,40.28213],[-79.78893,40.28225],[-79.78363,40.28192],[-79.78122,40.28197],[-79.78012,40.28211],[-79.77893,40.28264],[-79.77643,40.28444],[-79.776,40.28483],[-79.77543,40.28564],[-79.77515,40.28636],[-79.77503,40.28702],[-79.77523,40.28801],[-79.77596,40.28921],[-79.77831,40.29127],[-79.78014,40.29274],[-79.781,40.29361],[-79.78457,40.29607],[-79.78613,40.29688],[-79.78751,40.29747],[-79.78907,40.29784],[-79.79108,40.29807],[-79.7929,40.29799],[-79.79359,40.29764],[-79.79486,40.29654],[-79.79675,40.29461],[-79.79805,40.29344],[-79.79876,40.29287],[-79.79956,40.2926],[-79.80105,40.29258],[-79.80173,40.29278],[-79.80248,40.29321],[-79.80303,40.29364],[-79.80503,40.29548],[-79.80645,40.29702],[-79.80689,40.29787],[-79.80714,40.29882],[-79.80719,40.2995],[-79.8071,40.30053],[-79.80677,40.30224],[-79.80553,40.30351],[-79.80462,40.30404],[-79.79973,40.30561],[-79.79606,40.30658],[-79.79483,40.3071],[-79.79267,40.30837],[-79.79176,40.30907],[-79.79023,40.31098],[-79.79004,40.31232],[-79.79028,40.31378],[-79.79053,40.31448],[-79.79106,40.31521],[-79.79247,40.31658],[-79.79331,40.31708],[-79.79632,40.31824],[-79.79982,40.31916],[-79.80328,40.3198],[-79.81051,40.32016],[-79.81442,40.31987],[-79.81607,40.31961],[-79.81847,40.31888],[-79.82107,40.31754],[-79.82509,40.31471],[-79.82707,40.31344],[-79.829,40.31258],[-79.83019,40.31226],[-79.83152,40.31212],[-79.8328,40.31211],[-79.83402,40.31218],[-79.83588,40.31248],[-79.83675,40.31321],[-79.83777,40.31465],[-79.83841,40.31429],[-79.83564,40.30895],[-79.83644,40.30872],[-79.83588,40.30762],[-79.83689,40.30742],[-79.83954,40.30273],[-79.83789,40.30166],[-79.83231,40.29919],[-79.82923,40.29831],[-79.82965,40.29772],[-79.82976,40.29677],[-79.83008,40.29597],[-79.83144,40.2946],[-79.83227,40.29393],[-79.83415,40.29135],[-79.83535,40.29055],[-79.83568,40.29021],[-79.83839,40.28961],[-79.84126,40.28544],[-79.84238,40.28512]]]},"properties":{"geoid":"42003496200","mobility_p25":48.8,"mobility_p25_se":2.2,"mobility_unreliable":false,"mobility_black_p25":51.5,"mobility_white_p25":51.3}},{"type":"Feature","geometry":{"type":"Polygon","coordinates":[[[-79.98001,40.40044],[-79.97994,40.39994],[-79.97974,40.39946],[-79.9794,40.39904],[-79.97579,40.39312],[-79.9739,40.39343],[-79.97364,40.39275],[-79.97323,40.39278],[-79.97304,40.39246],[-79.97356,40.3922],[-79.97325,40.39084],[-79.97308,40.38872],[-79.97541,40.38828],[-79.97576,40.38721],[-79.97408,40.38479],[-79.97102,40.38578],[-79.96713,40.38583],[-79.96695,40.38659],[-79.96675,40.38691],[-79.96577,40.38753],[-79.96411,40.38827],[-79.96377,40.38867],[-79.96355,40.38927],[-79.96265,40.39016],[-79.96228,40.39043],[-79.96139,40.39081],[-79.96064,40.39086],[-79.95867,40.39014],[-79.95716,40.3897],[-79.9572,40.3899],[-79.95774,40.38991],[-79.95816,40.39711],[-79.9588,40.39744],[-79.96106,40.39783],[-79.96256,40.39795],[-79.96299,40.39807],[-79.96348,40.39832],[-79.9639,40.39971],[-79.9648,40.39969],[-79.96905,40.40047],[-79.97087,40.40281],[-79.97087,40.40325],[-79.97096,40.40342],[-79.97074,40.40346],[-79.97011,40.40476],[-79.96589,40.40723],[-79.96388,40.40874],[-79.96356,40.40879],[-79.96303,40.40788],[-79.96223,40.40816],[-79.96135,40.40808],[-79.96091,40.40756],[-79.96039,40.40776],[-79.9601,40.40876],[-79.95931,40.40873],[-79.95929,40.40906],[-79.95907,40.40906],[-79.95905,40.40974],[-79.95658,40.41035],[-79.95613,40.41031],[-79.9562,40.40943],[-79.95611,40.40912],[-79.95664,40.40823],[-79.95662,40.40777],[-79.95628,40.40719],[-79.95597,40.40689],[-79.95603,40.40662],[-79.95492,40.40685],[-79.95329,40.40326],[-79.95349,40.40321],[-79.9532,40.40252],[-79.95292,40.40267],[-79.95255,40.40218],[-79.95284,40.40171],[-79.95152,40.40003],[-79.95105,40.40024],[-79.95061,40.39962],[-79.94738,40.39691],[-79.94608,40.3959],[-79.94493,40.39542],[-79.94531,40.39493],[-79.94387,40.39417],[-79.93816,40.39298],[-79.93879,40.39503],[-79.93671,40.39516],[-79.93711,40.39527],[-79.9375,40.39566],[-79.93776,40.39695],[-79.94111,40.39713],[-79.94259,40.39733],[-79.94394,40.39777],[-79.9455,40.39846],[-79.9468,40.39935],[-79.94814,40.40042],[-79.94902,40.40131],[-79.94992,40.4024],[-79.95085,40.40375],[-79.95162,40.40537],[-79.95261,40.40885],[-79.95295,40.41066],[-79.95598,40.41047],[-79.95637,40.41063],[-79.95678,40.41063],[-79.95726,40.41056],[-79.95781,40.41034],[-79.95829,40.40997],[-79.95905,40.40978],[-79.95949,40.40975],[-79.95969,40.40991],[-79.96014,40.40992],[-79.962,40.40968],[-79.96283,40.40967],[-79.96358,40.40948],[-79.96377,40.4095],[-79.96442,40.40918],[-79.96526,40.40833],[-79.96521,40.40797],[-79.96645,40.40702],[-79.96889,40.40565],[-79.96931,40.40548],[-79.97222,40.40502],[-79.97261,40.40481],[-79.97313,40.40487],[-79.97485,40.40463],[-79.97531,40.4045],[-79.97587,40.4042],[-79.97595,40.40403],[-79.97655,40.40392],[-79.97931,40.40194],[-79.97981,40.40129],[-79.98001,40.40044]]]},"properties":{"geoid":"42003480300","mobility_p25":46.9,"mobility_p25_se":3.4,"mobility_unreliable":false,"mobility_black_p25":null,"mobility_white_p25":47.4}},{"type":"Feature","geometry":{"type":"Polygon","coordinates":[[[-80.15869,40.60908],[-80.15865,40.60524],[-80.13376,40.58824],[-80.1345,40.58823],[-80.12942,40.5855],[-80.12431,40.58234],[-80.12369,40.5826],[-80.12312,40.58268],[-80.12098,40.58261],[-80.11707,40.58279],[-80.11727,40.58406],[-80.11782,40.58555],[-80.11649,40.58607],[-80.1155,40.58668],[-80.11444,40.58699],[-80.11362,40.58714],[-80.11141,40.58722],[-80.1087,40.58833],[-80.10655,40.58871],[-80.10611,40.58874],[-80.1048,40.5886],[-80.10258,40.58855],[-80.10184,40.58871],[-80.10175,40.58889],[-80.10123,40.58903],[-80.09982,40.58927],[-80.09884,40.58919],[-80.09801,40.58889],[-80.09479,40.58646],[-80.09434,40.58624],[-80.0928,40.586],[-80.09168,40.58599],[-80.09063,40.58609],[-80.09019,40.58601],[-80.09018,40.5859],[-80.08892,40.58439],[-80.08706,40.58257],[-80.08636,40.58201],[-80.08513,40.5814],[-80.08458,40.5813],[-80.08174,40.58152],[-80.07937,40.58031],[-80.07933,40.58149],[-80.07943,40.58404],[-80.07846,40.5849],[-80.07402,40.58543],[-80.06904,40.58558],[-80.06856,40.58495],[-80.0667,40.58401],[-80.06736,40.59422],[-80.06766,40.6026],[-80.06761,40.60379],[-80.0683,40.61629],[-80.07184,40.61627],[-80.14519,40.61475],[-80.14511,40.61352],[-80.14549,40.61347],[-80.14769,40.61221],[-80.1484,40.61208],[-80.15,40.61206],[-80.15014,40.61189],[-80.15113,40.61147],[-80.15164,40.61115],[-80.15168,40.61022],[-80.15191,40.60953],[-80.15206,40.6094],[-80.15251,40.60944],[-80.15284,40.60933],[-80.15329,40.60895],[-80.15365,40.60846],[-80.15377,40.60841],[-80.15435,40.60846],[-80.15457,40.60835],[-80.15479,40.60806],[-80.15501,40.60801],[-80.15588,40.60818],[-80.15701,40.60871],[-80.15792,40.60898],[-80.1584,40.60904],[-80.1586,40.60917],[-80.15869,40.60908]]]},"properties":{"geoid":"42003412001","mobility_p25":51.5,"mobility_p25_se":3.1,"mobility_unreliable":false,"mobility_black_p25":null,"mobility_white_p25":53}},{"type":"Feature","geometry":{"type":"Polygon","coordinates":[[[-79.79782,40.44208],[-79.79789,40.44193],[-79.79371,40.44196],[-79.79153,40.44202],[-79.78899,40.44221],[-79.78683,40.44247],[-79.77442,40.44446],[-79.77247,40.44466],[-79.77103,40.44468],[-79.76955,40.44458],[-79.76813,40.44436],[-79.76669,40.444],[-79.76483,40.44584],[-79.76456,40.44627],[-79.76429,40.4471],[-79.76402,40.44748],[-79.76177,40.4497],[-79.76164,40.45012],[-79.76142,40.45199],[-79.7604,40.45404],[-79.76024,40.4554],[-79.76011,40.4558],[-79.75971,40.45631],[-79.7584,40.45715],[-79.75802,40.45758],[-79.75779,40.45817],[-79.75779,40.45855],[-79.75791,40.45889],[-79.75895,40.46031],[-79.7603,40.46048],[-79.76145,40.46159],[-79.76207,40.46181],[-79.76742,40.46207],[-79.7681,40.46202],[-79.7694,40.46086],[-79.77268,40.45982],[-79.77349,40.45966],[-79.77432,40.45972],[-79.77601,40.46028],[-79.7793,40.46095],[-79.77928,40.45989],[-79.77985,40.4598],[-79.78093,40.45913],[-79.78189,40.45756],[-79.78215,40.4569],[-79.7825,40.45652],[-79.78322,40.45599],[-79.78408,40.45558],[-79.78545,40.45446],[-79.78587,40.45425],[-79.7872,40.45314],[-79.788,40.45273],[-79.78916,40.4524],[-79.79288,40.45157],[-79.79474,40.45084],[-79.79628,40.45011],[-79.79641,40.44895],[-79.79667,40.44868],[-79.79697,40.44797],[-79.79697,40.44766],[-79.79637,40.44689],[-79.79627,40.44643],[-79.79661,40.44559],[-79.79669,40.4448],[-79.79701,40.44388],[-79.7971,40.44368],[-79.79742,40.44349],[-79.7975,40.44327],[-79.79751,40.44278],[-79.79782,40.44208]]]},"properties":{"geoid":"42003521100","mobility_p25":42.1,"mobility_p25_se":2.2,"mobility_unreliable":false,"mobility_black_p25":37.5,"mobility_white_p25":47}},{"type":"Feature","geometry":{"type":"Polygon","coordinates":[[[-79.85593,40.2785],[-79.85558,40.27686],[-79.85501,40.27596],[-79.85392,40.27507],[-79.85324,40.27465],[-79.85132,40.27384],[-79.85096,40.27361],[-79.84977,40.27218],[-79.84913,40.27162],[-79.84764,40.27003],[-79.84653,40.27085],[-79.84558,40.27228],[-79.84453,40.27273],[-79.84435,40.27276],[-79.84403,40.27264],[-79.84337,40.27184],[-79.84309,40.27172],[-79.84229,40.27169],[-79.84062,40.27182],[-79.83924,40.27205],[-79.83758,40.27264],[-79.83736,40.27296],[-79.83571,40.26954],[-79.83367,40.2657],[-79.83334,40.26534],[-79.83198,40.26445],[-79.83076,40.26341],[-79.83001,40.26289],[-79.82754,40.26154],[-79.82579,40.26003],[-79.82521,40.25932],[-79.82485,40.2584],[-79.82478,40.25774],[-79.82507,40.25713],[-79.82496,40.25686],[-79.81963,40.2546],[-79.81824,40.25429],[-79.8175,40.25372],[-79.81706,40.25366],[-79.81446,40.25367],[-79.81179,40.25433],[-79.80885,40.25475],[-79.80405,40.25369],[-79.80346,40.25366],[-79.80208,40.25381],[-79.80084,40.25425],[-79.80059,40.25442],[-79.79942,40.25481],[-79.79885,40.25497],[-79.79788,40.25507],[-79.79761,40.25521],[-79.79742,40.2555],[-79.79671,40.25731],[-79.79692,40.25778],[-79.79765,40.2585],[-79.79767,40.25873],[-79.79753,40.25887],[-79.79654,40.25924],[-79.79453,40.26027],[-79.79211,40.2607],[-79.7919,40.26097],[-79.79159,40.26226],[-79.79153,40.26075],[-79.79172,40.25957],[-79.79127,40.25922],[-79.79071,40.25912],[-79.7903,40.25871],[-79.78924,40.25959],[-79.78774,40.26185],[-79.7875,40.2625],[-79.7875,40.26324],[-79.7882,40.2645],[-79.78878,40.26531],[-79.7945,40.27134],[-79.79506,40.27219],[-79.7954,40.27334],[-79.79613,40.27523],[-79.79624,40.27604],[-79.79674,40.27611],[-79.79729,40.27596],[-79.79793,40.27545],[-79.79827,40.27565],[-79.79828,40.27503],[-79.7986,40.275],[-79.79918,40.27478],[-79.79973,40.2749],[-79.79942,40.27512],[-79.79964,40.27524],[-79.80107,40.27528],[-79.80182,40.27538],[-79.80259,40.27563],[-79.80475,40.27655],[-79.80687,40.27828],[-79.80709,40.2786],[-79.80746,40.27945],[-79.80774,40.27977],[-79.81096,40.28226],[-79.81173,40.28338],[-79.81187,40.28372],[-79.81197,40.28443],[-79.81254,40.2852],[-79.81291,40.28546],[-79.81444,40.28601],[-79.81496,40.28645],[-79.8161,40.28623],[-79.81691,40.28595],[-79.81749,40.28567],[-79.81887,40.28473],[-79.81957,40.28441],[-79.82147,40.28423],[-79.82194,40.2843],[-79.82328,40.28497],[-79.82474,40.28547],[-79.8261,40.28562],[-79.82761,40.28615],[-79.82812,40.28618],[-79.829,40.28594],[-79.83155,40.28475],[-79.83287,40.2843],[-79.83542,40.28403],[-79.83713,40.28337],[-79.83741,40.2836],[-79.83861,40.2842],[-79.8396,40.28444],[-79.84109,40.28503],[-79.84238,40.28512],[-79.8437,40.28479],[-79.84448,40.28444],[-79.8458,40.28434],[-79.84643,40.28413],[-79.84734,40.28328],[-79.84866,40.28234],[-79.84925,40.28115],[-79.85102,40.28005],[-79.85165,40.27942],[-79.85237,40.2793],[-79.85341,40.27932],[-79.85433,40.27907],[-79.8553,40.27858],[-79.85593,40.2785]]]},"properties":{"geoid":"42003496101","mobility_p25":44.5,"mobility_p25_se":2.8,"mobility_unreliable":false,"mobility_black_p25":null,"mobility_white_p25":45.5}},{"type":"Feature","geometry":{"type":"Polygon","coordinates":[[[-80.208,40.58806],[-80.2048,40.58509],[-80.19929,40.58029],[-80.19777,40.57887],[-80.19754,40.57876],[-80.19578,40.57721],[-80.18949,40.57143],[-80.18651,40.5689],[-80.18142,40.56437],[-80.18101,40.56461],[-80.18152,40.57612],[-80.17052,40.57621],[-80.15665,40.57705],[-80.15606,40.57751],[-80.15538,40.57777],[-80.15602,40.58793],[-80.14365,40.58818],[-80.13376,40.58824],[-80.15865,40.60524],[-80.15869,40.60908],[-80.1586,40.60917],[-80.15869,40.60928],[-80.15891,40.60934],[-80.16038,40.6096],[-80.16083,40.60949],[-80.16113,40.60932],[-80.1627,40.60835],[-80.16387,40.6074],[-80.16484,40.60696],[-80.16499,40.60678],[-80.16509,40.60635],[-80.16578,40.60603],[-80.1663,40.60633],[-80.16674,40.60631],[-80.16681,40.60668],[-80.16769,40.60671],[-80.16786,40.60687],[-80.16802,40.60687],[-80.16846,40.60665],[-80.16896,40.60657],[-80.16938,40.60662],[-80.16986,40.60692],[-80.16957,40.60717],[-80.16958,40.60731],[-80.16989,40.60767],[-80.17024,40.60779],[-80.17061,40.60769],[-80.17084,40.60777],[-80.17101,40.60799],[-80.17202,40.60815],[-80.17372,40.6077],[-80.17528,40.60822],[-80.17602,40.60811],[-80.17626,40.60822],[-80.17628,40.60832],[-80.1776,40.60904],[-80.17777,40.60919],[-80.17787,40.60948],[-80.17844,40.60944],[-80.17911,40.60918],[-80.17987,40.6095],[-80.18013,40.60948],[-80.18075,40.60911],[-80.18025,40.60857],[-80.18053,40.60824],[-80.18056,40.60734],[-80.18117,40.60673],[-80.18186,40.60583],[-80.18382,40.60475],[-80.1844,40.60416],[-80.18475,40.60358],[-80.18485,40.60308],[-80.18471,40.60264],[-80.18423,40.6021],[-80.18387,40.60131],[-80.18404,40.60113],[-80.18642,40.60082],[-80.18739,40.60054],[-80.18848,40.60005],[-80.18871,40.59975],[-80.18844,40.59944],[-80.188,40.59918],[-80.18501,40.59803],[-80.18418,40.59733],[-80.18415,40.59714],[-80.18432,40.59692],[-80.18591,40.59657],[-80.18652,40.59613],[-80.18706,40.5961],[-80.18844,40.5963],[-80.19023,40.59618],[-80.19174,40.59646],[-80.19297,40.59689],[-80.19328,40.59693],[-80.19418,40.59679],[-80.19487,40.59678],[-80.19518,40.59645],[-80.19535,40.59585],[-80.19653,40.59477],[-80.19846,40.59265],[-80.19926,40.59216],[-80.20006,40.59192],[-80.2008,40.59145],[-80.20212,40.59094],[-80.20286,40.58993],[-80.20374,40.58932],[-80.20384,40.58899],[-80.20416,40.58857],[-80.20586,40.58817],[-80.20627,40.58812],[-80.20736,40.58821],[-80.208,40.58806]]]},"properties":{"geoid":"42003439000","mobility_p25":42.3,"mobility_p25_se":5.2,"mobility_unreliable":true,"mobility_black_p25":null,"mobility_white_p25":44.3}},{"type":"Feature","geometry":{"type":"Polygon","coordinates":[[[-79.8218,40.41631],[-79.82087,40.41649],[-79.82035,40.41598],[-79.81989,40.41628],[-79.81937,40.41579],[-79.81904,40.416],[-79.81851,40.41548],[-79.81609,40.41703],[-79.81486,40.41758],[-79.81499,40.41813],[-79.81421,40.41883],[-79.81364,40.41843],[-79.81363,40.41831],[-79.81378,40.41812],[-79.8132,40.41742],[-79.81209,40.4176],[-79.81166,40.41786],[-79.81065,40.41639],[-79.81228,40.41378],[-79.81149,40.41314],[-79.81159,40.41295],[-79.8107,40.41272],[-79.80955,40.41228],[-79.81104,40.41126],[-79.81153,40.41061],[-79.81178,40.40986],[-79.81199,40.40954],[-79.81504,40.40593],[-79.81543,40.40563],[-79.81521,40.40522],[-79.81305,40.40549],[-79.81177,40.40335],[-79.81272,40.40234],[-79.81343,40.40268],[-79.81415,40.40181],[-79.81499,40.40118],[-79.81407,40.40059],[-79.81361,40.40104],[-79.81243,40.39997],[-79.81143,40.3993],[-79.81164,40.399],[-79.81124,40.39876],[-79.80917,40.39704],[-79.80764,40.3968],[-79.80645,40.3968],[-79.80597,40.39785],[-79.80562,40.39821],[-79.80543,40.39863],[-79.80436,40.39843],[-79.804,40.40052],[-79.80407,40.40079],[-79.80453,40.40136],[-79.80469,40.40206],[-79.80462,40.40249],[-79.8041,40.40387],[-79.80433,40.40533],[-79.80306,40.40718],[-79.80177,40.40881],[-79.80119,40.40973],[-79.80122,40.41016],[-79.80183,40.41138],[-79.80184,40.41159],[-79.80108,40.41295],[-79.80061,40.41445],[-79.79983,40.41596],[-79.79781,40.41639],[-79.79676,40.41688],[-79.79577,40.41772],[-79.79408,40.41943],[-79.79264,40.42052],[-79.79196,40.42255],[-79.79134,40.42368],[-79.79119,40.42389],[-79.79027,40.42464],[-79.78966,40.42566],[-79.78863,40.42666],[-79.78707,40.42879],[-79.78466,40.43181],[-79.78351,40.43311],[-79.78335,40.4334],[-79.7831,40.43463],[-79.7828,40.43505],[-79.78064,40.43608],[-79.78012,40.43656],[-79.77943,40.43696],[-79.77864,40.4372],[-79.77727,40.43743],[-79.77647,40.43748],[-79.77299,40.43647],[-79.7724,40.43618],[-79.77141,40.43687],[-79.76946,40.43802],[-79.7681,40.43993],[-79.76671,40.44153],[-79.76658,40.44192],[-79.76675,40.44365],[-79.76669,40.444],[-79.76813,40.44436],[-79.76991,40.44461],[-79.77139,40.44468],[-79.77322,40.44461],[-79.78683,40.44247],[-79.78899,40.44221],[-79.79189,40.44201],[-79.79789,40.44193],[-79.79812,40.44162],[-79.79858,40.44132],[-79.79883,40.44123],[-79.80012,40.44115],[-79.80105,40.44054],[-79.80191,40.44035],[-79.80197,40.44019],[-79.80177,40.44],[-79.80079,40.43981],[-79.80049,40.4397],[-79.80035,40.43951],[-79.80094,40.43906],[-79.80245,40.43868],[-79.80287,40.43848],[-79.80309,40.43772],[-79.80296,40.43649],[-79.80447,40.43493],[-79.80454,40.43474],[-79.80456,40.43423],[-79.80422,40.43355],[-79.80359,40.43296],[-79.80209,40.43201],[-79.80203,40.43184],[-79.80204,40.43146],[-79.80236,40.43073],[-79.80235,40.42986],[-79.80263,40.42886],[-79.80267,40.42829],[-79.80277,40.4279],[-79.80311,40.42721],[-79.80355,40.42683],[-79.80529,40.42598],[-79.80624,40.42564],[-79.80724,40.42544],[-79.80801,40.42509],[-79.8088,40.42436],[-79.80934,40.42363],[-79.80996,40.42344],[-79.81068,40.42288],[-79.81143,40.42274],[-79.81175,40.42258],[-79.81606,40.41981],[-79.81684,40.41912],[-79.81783,40.41788],[-79.81816,40.41765],[-79.81953,40.41704],[-79.82014,40.41688],[-79.82131,40.41674],[-79.8218,40.41631]]]},"properties":{"geoid":"42003521200","mobility_p25":46.1,"mobility_p25_se":2.3,"mobility_unreliable":false,"mobility_black_p25":42.9,"mobility_white_p25":46.5}},{"type":"Feature","geometry":{"type":"Polygon","coordinates":[[[-79.95998,40.44421],[-79.95979,40.44412],[-79.95854,40.44501],[-79.95743,40.44566],[-79.9567,40.44597],[-79.95638,40.4457],[-79.95074,40.4498],[-79.94875,40.45039],[-79.94967,40.4525],[-79.94977,40.45311],[-79.951,40.45593],[-79.95148,40.45734],[-79.95299,40.45763],[-79.95375,40.45802],[-79.95427,40.45849],[-79.95548,40.45991],[-79.95594,40.4603],[-79.95616,40.46008],[-79.9562,40.46012],[-79.95721,40.45904],[-79.95722,40.45865],[-79.95595,40.4582],[-79.95579,40.45808],[-79.95527,40.4573],[-79.9544,40.45405],[-79.95413,40.45348],[-79.95407,40.4531],[-79.9549,40.45098],[-79.95847,40.44845],[-79.95865,40.44824],[-79.95881,40.44798],[-79.95891,40.44758],[-79.95908,40.44592],[-79.95955,40.4448],[-79.95998,40.44421]]]},"properties":{"geoid":"42003562000","mobility_p25":33.2,"mobility_p25_se":5.8,"mobility_unreliable":true,"mobility_black_p25":29.1,"mobility_white_p25":32.4}},{"type":"Feature","geometry":{"type":"Polygon","coordinates":[[[-79.93984,40.41926],[-79.93984,40.41895],[-79.9376,40.41916],[-79.93383,40.41979],[-79.93369,40.41973],[-79.93231,40.41983],[-79.93221,40.41896],[-79.9307,40.41904],[-79.93069,40.41889],[-79.9295,40.419],[-79.92955,40.41916],[-79.92913,40.41925],[-79.92921,40.41975],[-79.92817,40.41968],[-79.92813,40.4191],[-79.92677,40.41891],[-79.92715,40.41961],[-79.9261,40.41954],[-79.92629,40.42354],[-79.92573,40.42542],[-79.92656,40.42584],[-79.92644,40.42624],[-79.92659,40.42665],[-79.92791,40.42762],[-79.92676,40.42815],[-79.92944,40.42876],[-79.93167,40.42901],[-79.93322,40.42893],[-79.93637,40.42855],[-79.93786,40.42863],[-79.93973,40.429],[-79.93984,40.41926]]]},"properties":{"geoid":"42003151700","mobility_p25":50.3,"mobility_p25_se":2.3,"mobility_unreliable":false,"mobility_black_p25":48.7,"mobility_white_p25":49.9}},{"type":"Feature","geometry":{"type":"Polygon","coordinates":[[[-79.92418,40.67305],[-79.92388,40.66369],[-79.92319,40.65021],[-79.92289,40.64239],[-79.92264,40.64019],[-79.92237,40.63383],[-79.92211,40.63384],[-79.92145,40.6248],[-79.92134,40.62227],[-79.92115,40.62],[-79.9209,40.6182],[-79.91904,40.61981],[-79.9186,40.61985],[-79.91829,40.61964],[-79.91754,40.62004],[-79.9176,40.62028],[-79.91846,40.62092],[-79.9186,40.62135],[-79.91164,40.61945],[-79.90679,40.61854],[-79.9043,40.61824],[-79.90361,40.61807],[-79.90211,40.61981],[-79.9018,40.62028],[-79.90051,40.62292],[-79.90004,40.62372],[-79.89963,40.62408],[-79.89806,40.62503],[-79.8977,40.62539],[-79.89717,40.62617],[-79.8967,40.62654],[-79.89501,40.62714],[-79.89312,40.6273],[-79.89248,40.62746],[-79.89042,40.62892],[-79.88551,40.63098],[-79.88167,40.63121],[-79.88158,40.63099],[-79.88108,40.63115],[-79.87716,40.63292],[-79.87608,40.63352],[-79.87548,40.63371],[-79.871,40.63376],[-79.8696,40.63345],[-79.86735,40.63237],[-79.86547,40.63023],[-79.86329,40.62803],[-79.86268,40.62747],[-79.86093,40.62625],[-79.86074,40.62597],[-79.8606,40.62547],[-79.85839,40.62578],[-79.85729,40.62635],[-79.85598,40.62836],[-79.85591,40.62868],[-79.85596,40.62992],[-79.8559,40.63008],[-79.85473,40.63122],[-79.85413,40.6325],[-79.85389,40.6327],[-79.85406,40.63228],[-79.85409,40.63195],[-79.85386,40.63146],[-79.85328,40.63086],[-79.85203,40.63006],[-79.84808,40.62798],[-79.84637,40.62668],[-79.84466,40.62587],[-79.84239,40.62519],[-79.84195,40.62498],[-79.8419,40.62508],[-79.84148,40.62493],[-79.8404,40.62423],[-79.83985,40.62369],[-79.83905,40.62316],[-79.83859,40.62295],[-79.83778,40.62275],[-79.83877,40.62242],[-79.83867,40.62193],[-79.83824,40.6215],[-79.83742,40.62102],[-79.83702,40.62087],[-79.83669,40.62043],[-79.83675,40.61979],[-79.83664,40.61953],[-79.83561,40.61917],[-79.83494,40.61874],[-79.83479,40.61861],[-79.83473,40.61818],[-79.83437,40.61762],[-79.83388,40.61719],[-79.83373,40.61716],[-79.83375,40.61733],[-79.83085,40.6173],[-79.83024,40.61705],[-79.82876,40.61615],[-79.82777,40.61571],[-79.82745,40.61545],[-79.82728,40.61514],[-79.82719,40.61395],[-79.82693,40.61343],[-79.82642,40.61308],[-79.82328,40.61212],[-79.82255,40.61173],[-79.8221,40.61136],[-79.82177,40.61092],[-79.8213,40.60958],[-79.82113,40.6094],[-79.82075,40.60919],[-79.82021,40.60913],[-79.81972,40.60926],[-79.81887,40.60967],[-79.81838,40.61002],[-79.8178,40.61026],[-79.81708,40.61074],[-79.81572,40.61125],[-79.81448,40.61208],[-79.81302,40.6121],[-79.81313,40.61359],[-79.81612,40.63513],[-79.81638,40.63878],[-79.81663,40.65651],[-79.817,40.6717],[-79.81873,40.67171],[-79.82196,40.67143],[-79.82943,40.67114],[-79.83236,40.67139],[-79.84225,40.67199],[-79.85156,40.67229],[-79.87523,40.6724],[-79.88312,40.67257],[-79.89114,40.67286],[-79.91463,40.67329],[-79.92168,40.6732],[-79.92418,40.67305]]]},"properties":{"geoid":"42003407001","mobility_p25":44.8,"mobility_p25_se":2.6,"mobility_unreliable":false,"mobility_black_p25":null,"mobility_white_p25":46.4}},{"type":"Feature","geometry":{"type":"Polygon","coordinates":[[[-80.07502,40.50357],[-80.07487,40.50161],[-80.07494,40.50127],[-80.07501,40.49839],[-80.06886,40.4937],[-80.06623,40.49097],[-80.06383,40.4934],[-80.06301,40.49361],[-80.06255,40.49388],[-80.06219,40.4943],[-80.06198,40.49472],[-80.06107,40.49553],[-80.06093,40.49555],[-80.06112,40.4983],[-80.06582,40.50016],[-80.06786,40.50134],[-80.07122,40.50259],[-80.07208,40.50318],[-80.0734,40.50343],[-80.07502,40.50357]]]},"properties":{"geoid":"42003432400","mobility_p25":44.2,"mobility_p25_se":2.6,"mobility_unreliable":false,"mobility_black_p25":null,"mobility_white_p25":45.1}},{"type":"Feature","geometry":{"type":"Polygon","coordinates":[[[-79.99238,40.44195],[-79.99203,40.44165],[-79.99068,40.44287],[-79.98831,40.4439],[-79.98814,40.44405],[-79.98501,40.43964],[-79.98506,40.43854],[-79.97755,40.43823],[-79.97747,40.43833],[-79.97621,40.43889],[-79.97572,40.43921],[-79.97736,40.43937],[-79.97834,40.44012],[-79.97795,40.4405],[-79.97865,40.44084],[-79.97888,40.44108],[-79.97902,40.44176],[-79.9792,40.44216],[-79.97967,40.4427],[-79.97927,40.44287],[-79.98,40.44387],[-79.98034,40.44363],[-79.98243,40.44649],[-79.98272,40.44637],[-79.98365,40.44764],[-79.9839,40.44852],[-79.98478,40.44804],[-79.99109,40.44412],[-79.99182,40.44337],[-79.99211,40.44281],[-79.99191,40.44281],[-79.99238,40.44195]]]},"properties":{"geoid":"42003030500","mobility_p25":30,"mobility_p25_se":1.6,"mobility_unreliable":false,"mobility_black_p25":31.5,"mobility_white_p25":null}},{"type":"Feature","geometry":{"type":"Polygon","coordinates":[[[-79.9775,40.4383],[-79.97755,40.43823],[-79.97548,40.43812],[-79.97326,40.43789],[-79.9688,40.43645],[-79.96649,40.43651],[-79.96591,40.43683],[-79.96534,40.43766],[-79.96393,40.43784],[-79.96341,40.43811],[-79.95744,40.44251],[-79.95933,40.44355],[-79.95988,40.44315],[-79.96084,40.44366],[-79.96112,40.44361],[-79.96199,40.44277],[-79.96288,40.44326],[-79.9632,40.44352],[-79.96338,40.44407],[-79.96325,40.44466],[-79.96576,40.44282],[-79.96606,40.44338],[-79.96802,40.4429],[-79.9679,40.44273],[-79.96851,40.44227],[-79.96807,40.44117],[-79.9679,40.44108],[-79.9675,40.43965],[-79.96756,40.43951],[-79.96776,40.43938],[-79.96836,40.43938],[-79.96871,40.43877],[-79.96978,40.43918],[-79.97049,40.43971],[-79.97132,40.43954],[-79.97168,40.43959],[-79.9719,40.43975],[-79.97228,40.44026],[-79.97324,40.44092],[-79.97352,40.44098],[-79.97395,40.44085],[-79.97321,40.44012],[-79.97302,40.43978],[-79.97376,40.44017],[-79.97486,40.43984],[-79.97621,40.43889],[-79.9775,40.4383]]]},"properties":{"geoid":"42003040200","mobility_p25":30.7,"mobility_p25_se":1.7,"mobility_unreliable":false,"mobility_black_p25":30.3,"mobility_white_p25":null}},{"type":"Feature","geometry":{"type":"Polygon","coordinates":[[[-80.17236,40.51085],[-80.17223,40.51079],[-80.17218,40.51086],[-80.16413,40.50746],[-80.164,40.5076],[-80.16112,40.50623],[-80.1503,40.50355],[-80.1479,40.50566],[-80.14629,40.50689],[-80.14659,40.50725],[-80.14675,40.50781],[-80.14729,40.5083],[-80.14759,40.50846],[-80.14857,40.5087],[-80.14875,40.50889],[-80.14874,40.50923],[-80.14839,40.51005],[-80.14831,40.51049],[-80.1489,40.51081],[-80.14921,40.5111],[-80.14931,40.51135],[-80.14903,40.51225],[-80.14902,40.51266],[-80.1492,40.51332],[-80.1498,40.51433],[-80.14964,40.51492],[-80.1524,40.51616],[-80.15431,40.51728],[-80.15505,40.51677],[-80.15567,40.51607],[-80.15667,40.5146],[-80.16679,40.51841],[-80.16895,40.51543],[-80.16954,40.5151],[-80.17051,40.51438],[-80.1716,40.51335],[-80.17217,40.51203],[-80.17195,40.51142],[-80.17236,40.51085]]]},"properties":{"geoid":"42003450700","mobility_p25":47,"mobility_p25_se":2.5,"mobility_unreliable":false,"mobility_black_p25":29.2,"mobility_white_p25":51.9}},{"type":"Feature","geometry":{"type":"Polygon","coordinates":[[[-80.17767,40.51802],[-80.17788,40.51782],[-80.17627,40.51758],[-80.17344,40.51191],[-80.17438,40.51052],[-80.17303,40.50998],[-80.17309,40.50991],[-80.17232,40.50959],[-80.17208,40.50995],[-80.17157,40.50975],[-80.1719,40.51051],[-80.17236,40.51085],[-80.17195,40.51142],[-80.17217,40.51203],[-80.1716,40.51335],[-80.17051,40.51438],[-80.16954,40.5151],[-80.16895,40.51543],[-80.16679,40.51841],[-80.15667,40.5146],[-80.15567,40.51607],[-80.15505,40.51677],[-80.15431,40.51728],[-80.15947,40.52104],[-80.16042,40.52247],[-80.16148,40.5238],[-80.16762,40.52623],[-80.17126,40.5274],[-80.17425,40.52314],[-80.17517,40.52191],[-80.17529,40.52189],[-80.17721,40.51917],[-80.17702,40.51908],[-80.17705,40.51901],[-80.17767,40.51802]]]},"properties":{"geoid":"42003450800","mobility_p25":40.4,"mobility_p25_se":2.4,"mobility_unreliable":false,"mobility_black_p25":37.9,"mobility_white_p25":42.7}},{"type":"Feature","geometry":{"type":"Polygon","coordinates":[[[-80.2336,40.45466],[-80.23285,40.45454],[-80.23164,40.45455],[-80.23134,40.45332],[-80.23128,40.45264],[-80.2302,40.45171],[-80.22895,40.45157],[-80.22874,40.45143],[-80.22854,40.44846],[-80.22937,40.44619],[-80.22942,40.44527],[-80.22933,40.445],[-80.22916,40.44478],[-80.22763,40.44378],[-80.22736,40.44338],[-80.22724,40.44088],[-80.22735,40.44008],[-80.22252,40.43995],[-80.21602,40.43917],[-80.21167,40.43917],[-80.21078,40.43942],[-80.20969,40.44021],[-80.20864,40.44066],[-80.20308,40.44176],[-80.20179,40.44185],[-80.19858,40.44174],[-80.19454,40.44132],[-80.19366,40.44144],[-80.19261,40.44179],[-80.19196,40.44192],[-80.1913,40.44192],[-80.19021,40.44176],[-80.18933,40.44181],[-80.18383,40.44366],[-80.17994,40.44407],[-80.17858,40.44404],[-80.17696,40.44472],[-80.17497,40.44542],[-80.17444,40.44558],[-80.17447,40.44544],[-80.17205,40.44605],[-80.17202,40.4462],[-80.17217,40.45211],[-80.17274,40.45251],[-80.17273,40.45576],[-80.17281,40.45759],[-80.17256,40.45811],[-80.17446,40.45731],[-80.17478,40.4571],[-80.17507,40.45706],[-80.17541,40.45691],[-80.17592,40.45651],[-80.17674,40.45641],[-80.1771,40.45627],[-80.17734,40.45614],[-80.17767,40.45573],[-80.17832,40.45555],[-80.18122,40.45623],[-80.18172,40.45625],[-80.18237,40.4564],[-80.18248,40.45614],[-80.18262,40.45604],[-80.18337,40.45591],[-80.18351,40.456],[-80.18355,40.45616],[-80.18432,40.45666],[-80.18561,40.45682],[-80.18592,40.45709],[-80.18634,40.45772],[-80.18657,40.45778],[-80.18698,40.45763],[-80.1873,40.4576],[-80.18779,40.45769],[-80.18826,40.45787],[-80.18924,40.45743],[-80.19031,40.45652],[-80.19048,40.45646],[-80.19132,40.45649],[-80.19256,40.4558],[-80.19287,40.45542],[-80.19337,40.45506],[-80.19355,40.45456],[-80.19393,40.45453],[-80.19423,40.45428],[-80.19525,40.45434],[-80.19535,40.4543],[-80.19549,40.45395],[-80.19613,40.45392],[-80.1965,40.45353],[-80.19722,40.45335],[-80.19768,40.45312],[-80.19842,40.45246],[-80.1985,40.45234],[-80.19845,40.45206],[-80.19868,40.45178],[-80.1993,40.45133],[-80.19994,40.45137],[-80.2018,40.45099],[-80.20204,40.45115],[-80.20225,40.45109],[-80.20219,40.45099],[-80.20224,40.45088],[-80.20254,40.45085],[-80.20278,40.45094],[-80.20274,40.45119],[-80.20279,40.45126],[-80.20367,40.45132],[-80.20436,40.45171],[-80.20587,40.45289],[-80.20671,40.45339],[-80.20868,40.45378],[-80.20875,40.4537],[-80.20872,40.45355],[-80.20845,40.45347],[-80.20816,40.45305],[-80.20826,40.45295],[-80.20867,40.45291],[-80.21016,40.4534],[-80.21178,40.45371],[-80.21283,40.45505],[-80.21326,40.45613],[-80.21347,40.45758],[-80.21403,40.45805],[-80.21426,40.45814],[-80.21437,40.4581],[-80.21446,40.45781],[-80.2148,40.45749],[-80.21523,40.45673],[-80.21596,40.45679],[-80.21621,40.45672],[-80.21641,40.45661],[-80.21659,40.4563],[-80.2168,40.45622],[-80.21709,40.45632],[-80.21699,40.45668],[-80.21705,40.45686],[-80.21767,40.4574],[-80.2183,40.45753],[-80.21876,40.45789],[-80.21906,40.45802],[-80.21941,40.45791],[-80.21962,40.4581],[-80.22003,40.45829],[-80.22061,40.45836],[-80.22103,40.45831],[-80.22127,40.45818],[-80.22133,40.45802],[-80.22112,40.45716],[-80.22122,40.45682],[-80.2213,40.4559],[-80.22146,40.45574],[-80.22183,40.4556],[-80.22194,40.4554],[-80.22239,40.45512],[-80.22311,40.45486],[-80.22358,40.4548],[-80.22394,40.45486],[-80.22464,40.45557],[-80.22462,40.45639],[-80.22437,40.45663],[-80.22426,40.45712],[-80.22423,40.45784],[-80.22443,40.45831],[-80.22484,40.45847],[-80.22562,40.45853],[-80.22688,40.45835],[-80.22718,40.4582],[-80.22789,40.4576],[-80.22852,40.45729],[-80.2289,40.45692],[-80.22948,40.45658],[-80.22971,40.45618],[-80.23049,40.45531],[-80.23261,40.45468],[-80.2328,40.4547],[-80.23295,40.45503],[-80.2336,40.45466]]]},"properties":{"geoid":"42003453004","mobility_p25":49.9,"mobility_p25_se":2.3,"mobility_unreliable":false,"mobility_black_p25":39.6,"mobility_white_p25":50.8}},{"type":"Feature","geometry":{"type":"Polygon","coordinates":[[[-80.08098,40.4128],[-80.07682,40.40992],[-80.07328,40.40779],[-80.07026,40.4064],[-80.06906,40.40461],[-80.06875,40.40372],[-80.06786,40.40208],[-80.06742,40.40098],[-80.06967,40.39856],[-80.07426,40.39918],[-80.07527,40.39899],[-80.07578,40.39881],[-80.07633,40.39846],[-80.07692,40.39779],[-80.07717,40.39714],[-80.07715,40.39656],[-80.07595,40.39263],[-80.07547,40.39201],[-80.07416,40.39119],[-80.07381,40.39078],[-80.07154,40.39153],[-80.06886,40.39193],[-80.06786,40.39218],[-80.06644,40.39301],[-80.06569,40.39326],[-80.06626,40.39464],[-80.06634,40.39535],[-80.06549,40.39878],[-80.06486,40.39986],[-80.06427,40.40045],[-80.06258,40.40179],[-80.06148,40.4025],[-80.06049,40.40287],[-80.05665,40.40388],[-80.05602,40.4042],[-80.06668,40.40906],[-80.07472,40.41286],[-80.07471,40.41304],[-80.07423,40.41315],[-80.07386,40.4134],[-80.07504,40.41426],[-80.07513,40.41419],[-80.07583,40.41472],[-80.07592,40.41465],[-80.07667,40.41523],[-80.07677,40.41517],[-80.07715,40.41544],[-80.07735,40.41526],[-80.07866,40.41646],[-80.0793,40.41609],[-80.07961,40.41547],[-80.07959,40.41498],[-80.07903,40.41413],[-80.07895,40.41385],[-80.07906,40.41358],[-80.07931,40.41335],[-80.08098,40.4128]]]},"properties":{"geoid":"42003470502","mobility_p25":50.6,"mobility_p25_se":4,"mobility_unreliable":false,"mobility_black_p25":null,"mobility_white_p25":51.2}},{"type":"Feature","geometry":{"type":"Polygon","coordinates":[[[-79.96911,40.26864],[-79.91446,40.25244],[-79.91457,40.25227],[-79.91407,40.25265],[-79.91169,40.25647],[-79.90965,40.25846],[-79.90693,40.26042],[-79.90345,40.26243],[-79.90275,40.26291],[-79.90114,40.26411],[-79.89763,40.26697],[-79.89497,40.26892],[-79.88897,40.27404],[-79.88816,40.27493],[-79.88708,40.27593],[-79.88639,40.27682],[-79.88535,40.27782],[-79.88419,40.27868],[-79.88295,40.27928],[-79.88054,40.28063],[-79.87835,40.28225],[-79.87618,40.2836],[-79.87831,40.28503],[-79.88013,40.28538],[-79.88203,40.28341],[-79.88371,40.28284],[-79.88835,40.28319],[-79.8927,40.28091],[-79.89792,40.281],[-79.90047,40.28321],[-79.90021,40.28805],[-79.8999,40.2918],[-79.90014,40.2938],[-79.90067,40.29382],[-79.90284,40.29362],[-79.90382,40.29426],[-79.90422,40.29445],[-79.90632,40.29465],[-79.90738,40.29455],[-79.90806,40.29462],[-79.9084,40.29445],[-79.9094,40.29283],[-79.91086,40.29143],[-79.91134,40.29109],[-79.91181,40.29091],[-79.91291,40.29074],[-79.91289,40.29096],[-79.91319,40.29098],[-79.91428,40.29142],[-79.92188,40.28957],[-79.92253,40.2892],[-79.9229,40.28887],[-79.92316,40.2884],[-79.92335,40.28756],[-79.92389,40.28617],[-79.92419,40.28583],[-79.92477,40.2855],[-79.92533,40.28529],[-79.93483,40.28424],[-79.93558,40.28399],[-79.9362,40.2835],[-79.93646,40.28287],[-79.93644,40.28242],[-79.93607,40.2808],[-79.93612,40.28018],[-79.93658,40.27954],[-79.93737,40.27912],[-79.938,40.27903],[-79.94026,40.2791],[-79.94213,40.279],[-79.94303,40.27913],[-79.94362,40.27948],[-79.94568,40.2818],[-79.94641,40.28219],[-79.94697,40.28229],[-79.9475,40.28227],[-79.94838,40.28204],[-79.94952,40.28102],[-79.95026,40.28053],[-79.95149,40.28007],[-79.95692,40.27919],[-79.95739,40.27918],[-79.95983,40.27949],[-79.95615,40.27803],[-79.96309,40.27276],[-79.96911,40.26864]]]},"properties":{"geoid":"42003564500","mobility_p25":47.1,"mobility_p25_se":3.5,"mobility_unreliable":false,"mobility_black_p25":null,"mobility_white_p25":48.6}},{"type":"Feature","geometry":{"type":"Polygon","coordinates":[[[-79.82806,40.36121],[-79.82811,40.36118],[-79.82152,40.36109],[-79.81346,40.36068],[-79.81261,40.361],[-79.80614,40.36058],[-79.80595,40.36038],[-79.80267,40.36019],[-79.8028,40.36031],[-79.80355,40.36041],[-79.80163,40.36029],[-79.79601,40.36022],[-79.78584,40.3599],[-79.77441,40.35967],[-79.77108,40.37542],[-79.76815,40.38038],[-79.7673,40.38213],[-79.76609,40.3838],[-79.76608,40.38411],[-79.76594,40.38419],[-79.76546,40.38409],[-79.76518,40.38384],[-79.7649,40.38377],[-79.76457,40.38384],[-79.76439,40.38399],[-79.76396,40.38492],[-79.7637,40.38526],[-79.7636,40.38558],[-79.76401,40.38678],[-79.76442,40.38702],[-79.76467,40.38666],[-79.76495,40.3859],[-79.76541,40.38541],[-79.76561,40.38447],[-79.7662,40.38442],[-79.7665,40.38503],[-79.76817,40.38657],[-79.76918,40.38828],[-79.77196,40.39229],[-79.77485,40.39673],[-79.77633,40.3983],[-79.77709,40.39887],[-79.77897,40.39894],[-79.77924,40.39865],[-79.78071,40.39763],[-79.78153,40.39686],[-79.78304,40.39644],[-79.784,40.39633],[-79.78479,40.3965],[-79.78648,40.39656],[-79.78829,40.39634],[-79.78854,40.39648],[-79.78834,40.39727],[-79.78852,40.39782],[-79.78886,40.39795],[-79.78924,40.39788],[-79.79016,40.39736],[-79.79066,40.3974],[-79.79085,40.39763],[-79.79203,40.39786],[-79.79303,40.3973],[-79.79319,40.39645],[-79.79351,40.3958],[-79.79425,40.39526],[-79.79648,40.39431],[-79.79725,40.39407],[-79.79851,40.39394],[-79.80024,40.39396],[-79.80145,40.39412],[-79.80455,40.39422],[-79.80491,40.39408],[-79.80497,40.39374],[-79.80364,40.3926],[-79.80259,40.39142],[-79.79847,40.39063],[-79.7981,40.38967],[-79.79859,40.38813],[-79.79911,40.38774],[-79.79912,40.38745],[-79.79971,40.38701],[-79.79844,40.38645],[-79.79989,40.38604],[-79.80059,40.38598],[-79.80151,40.38544],[-79.80235,40.38521],[-79.80256,40.38501],[-79.80346,40.38479],[-79.80521,40.38376],[-79.80531,40.38357],[-79.80572,40.38323],[-79.80611,40.38306],[-79.80562,40.38241],[-79.80553,40.38246],[-79.80498,40.38187],[-79.80566,40.38148],[-79.80701,40.37936],[-79.81056,40.38066],[-79.81123,40.37908],[-79.81274,40.37949],[-79.81404,40.37671],[-79.81488,40.37277],[-79.81502,40.37057],[-79.81523,40.36988],[-79.81557,40.36929],[-79.81644,40.36847],[-79.81721,40.36803],[-79.81898,40.36726],[-79.82175,40.36629],[-79.8229,40.36567],[-79.8237,40.36502],[-79.82603,40.36239],[-79.82693,40.36179],[-79.82806,40.36121]]]},"properties":{"geoid":"42003564400","mobility_p25":46.5,"mobility_p25_se":1.9,"mobility_unreliable":false,"mobility_black_p25":40.4,"mobility_white_p25":48.4}},{"type":"Feature","geometry":{"type":"Polygon","coordinates":[[[-79.85239,40.4171],[-79.85261,40.41678],[-79.85059,40.41577],[-79.8499,40.41554],[-79.85,40.41532],[-79.84992,40.41461],[-79.85068,40.41432],[-79.84987,40.41392],[-79.84907,40.41173],[-79.84606,40.41201],[-79.84528,40.41161],[-79.84529,40.41208],[-79.84422,40.41225],[-79.84384,40.40965],[-79.84264,40.40886],[-79.84199,40.40814],[-79.84152,40.40789],[-79.83897,40.40579],[-79.83396,40.40946],[-79.83472,40.41084],[-79.83701,40.41294],[-79.83838,40.41508],[-79.83897,40.41487],[-79.83871,40.41524],[-79.83854,40.41533],[-79.8392,40.41648],[-79.84009,40.41621],[-79.84053,40.41692],[-79.83964,40.41722],[-79.84066,40.41891],[-79.84129,40.41865],[-79.84152,40.41901],[-79.8409,40.41931],[-79.84145,40.42017],[-79.84302,40.42211],[-79.84359,40.4245],[-79.84405,40.4251],[-79.84874,40.43039],[-79.84887,40.43071],[-79.84887,40.43106],[-79.84829,40.43316],[-79.84832,40.4334],[-79.84845,40.4336],[-79.84879,40.4334],[-79.84977,40.43248],[-79.85152,40.4315],[-79.8517,40.4311],[-79.85189,40.4301],[-79.85024,40.42465],[-79.84955,40.42331],[-79.84952,40.42293],[-79.84977,40.42232],[-79.85002,40.42117],[-79.85084,40.42044],[-79.85003,40.41979],[-79.85054,40.41947],[-79.85061,40.41923],[-79.85117,40.41837],[-79.85225,40.417],[-79.85239,40.4171]]]},"properties":{"geoid":"42003563900","mobility_p25":51.1,"mobility_p25_se":2.6,"mobility_unreliable":false,"mobility_black_p25":39.3,"mobility_white_p25":52.7}},{"type":"Feature","geometry":{"type":"Polygon","coordinates":[[[-80.05909,40.42946],[-80.05915,40.42933],[-80.05607,40.42811],[-80.05402,40.42799],[-80.05146,40.42714],[-80.05057,40.42707],[-80.04946,40.42681],[-80.04861,40.42634],[-80.0478,40.42574],[-80.04738,40.42596],[-80.0474,40.42701],[-80.04659,40.42703],[-80.04681,40.42737],[-80.04664,40.42942],[-80.04463,40.42906],[-80.04329,40.42819],[-80.0427,40.42867],[-80.04315,40.42804],[-80.04249,40.42862],[-80.04169,40.42899],[-80.03837,40.42785],[-80.03746,40.42855],[-80.03483,40.42836],[-80.03962,40.42067],[-80.03594,40.42013],[-80.03431,40.42003],[-80.03333,40.42017],[-80.03254,40.42042],[-80.03187,40.42079],[-80.03134,40.42126],[-80.0309,40.42181],[-80.03065,40.42248],[-80.03056,40.42313],[-80.0306,40.42366],[-80.03102,40.42561],[-80.03101,40.42643],[-80.03089,40.42697],[-80.03048,40.4279],[-80.0297,40.42893],[-80.02884,40.42963],[-80.02803,40.43008],[-80.02905,40.43058],[-80.03214,40.43253],[-80.03459,40.43373],[-80.03523,40.43389],[-80.03604,40.43391],[-80.03714,40.43381],[-80.03784,40.43361],[-80.03764,40.43411],[-80.03721,40.43453],[-80.0365,40.4347],[-80.03584,40.43469],[-80.03677,40.43508],[-80.03668,40.43539],[-80.03783,40.43566],[-80.03884,40.436],[-80.03863,40.43641],[-80.03913,40.43663],[-80.0396,40.43703],[-80.04127,40.43735],[-80.04424,40.43816],[-80.04596,40.4383],[-80.04775,40.4381],[-80.04921,40.43812],[-80.05094,40.4375],[-80.05236,40.43757],[-80.05338,40.43795],[-80.05422,40.43792],[-80.05712,40.43762],[-80.05912,40.43713],[-80.05792,40.4364],[-80.05799,40.43635],[-80.0581,40.43522],[-80.05802,40.43451],[-80.05756,40.43451],[-80.05729,40.43157],[-80.05752,40.43128],[-80.05791,40.43146],[-80.05909,40.42946]]]},"properties":{"geoid":"42003563100","mobility_p25":44.7,"mobility_p25_se":2.6,"mobility_unreliable":false,"mobility_black_p25":45.7,"mobility_white_p25":46}},{"type":"Feature","geometry":{"type":"Polygon","coordinates":[[[-80.01144,40.41549],[-80.01132,40.41516],[-80.01136,40.41507],[-80.00956,40.41402],[-80.01,40.413],[-80.00921,40.41258],[-80.00981,40.4121],[-80.00921,40.4123],[-80.00924,40.41202],[-80.00841,40.41159],[-80.00823,40.41164],[-80.00782,40.41066],[-80.00763,40.41041],[-80.00728,40.41006],[-80.00632,40.40954],[-80.00598,40.40928],[-80.00566,40.40872],[-80.00563,40.40826],[-80.00577,40.4071],[-80.00557,40.4065],[-80.00517,40.40602],[-80.00266,40.40413],[-80.00229,40.40356],[-80.00161,40.40191],[-80.00031,40.40213],[-79.99953,40.40218],[-79.99942,40.40165],[-79.99708,40.40158],[-79.99649,40.40171],[-79.9968,40.40968],[-79.99695,40.41101],[-79.9968,40.41139],[-79.99696,40.41173],[-79.99688,40.41339],[-79.99705,40.41379],[-79.99706,40.4153],[-79.99715,40.41537],[-79.99718,40.41587],[-79.9974,40.42165],[-79.99825,40.42144],[-79.99846,40.42172],[-80.00247,40.42177],[-80.00237,40.4211],[-80.00249,40.42103],[-80.00568,40.42067],[-80.00639,40.42053],[-80.00768,40.42009],[-80.00776,40.41996],[-80.00855,40.41962],[-80.00934,40.41895],[-80.00987,40.41835],[-80.01071,40.4178],[-80.01072,40.41763],[-80.01123,40.41709],[-80.01103,40.41592],[-80.0111,40.41558],[-80.01119,40.41539],[-80.01144,40.41549]]]},"properties":{"geoid":"42003562400","mobility_p25":34.6,"mobility_p25_se":1.6,"mobility_unreliable":false,"mobility_black_p25":30.8,"mobility_white_p25":45.4}},{"type":"Feature","geometry":{"type":"Polygon","coordinates":[[[-80.04743,40.43998],[-80.04734,40.4396],[-80.0473,40.43815],[-80.04623,40.43829],[-80.04473,40.43825],[-80.04317,40.43792],[-80.04092,40.43726],[-80.03976,40.43709],[-80.03913,40.43663],[-80.03863,40.43641],[-80.03884,40.436],[-80.03783,40.43566],[-80.03668,40.43539],[-80.03677,40.43508],[-80.03584,40.43469],[-80.0365,40.4347],[-80.03721,40.43453],[-80.03764,40.43411],[-80.03784,40.43361],[-80.03714,40.43381],[-80.03604,40.43391],[-80.03523,40.43389],[-80.03459,40.43373],[-80.03214,40.43253],[-80.02905,40.43058],[-80.02803,40.43008],[-80.0263,40.43101],[-80.02716,40.43178],[-80.02811,40.43296],[-80.02858,40.43338],[-80.02947,40.43391],[-80.02953,40.43384],[-80.03046,40.43435],[-80.0323,40.43546],[-80.03288,40.43621],[-80.03306,40.43688],[-80.0329,40.43899],[-80.03254,40.4398],[-80.03025,40.44214],[-80.03019,40.44207],[-80.02961,40.44264],[-80.0296,40.44281],[-80.0285,40.44394],[-80.02775,40.44394],[-80.02828,40.44426],[-80.02815,40.44429],[-80.02709,40.4462],[-80.02823,40.44666],[-80.03757,40.45405],[-80.04014,40.45247],[-80.04126,40.45192],[-80.04231,40.45155],[-80.04463,40.45047],[-80.04508,40.45015],[-80.04407,40.448],[-80.044,40.44776],[-80.04415,40.4469],[-80.04397,40.44614],[-80.04373,40.44589],[-80.04345,40.44574],[-80.0421,40.44545],[-80.04184,40.44527],[-80.04161,40.44497],[-80.04278,40.44399],[-80.04326,40.44432],[-80.04578,40.44233],[-80.04531,40.44195],[-80.04511,40.4421],[-80.04512,40.44195],[-80.0457,40.44076],[-80.04604,40.44047],[-80.04743,40.43998]]]},"properties":{"geoid":"42003562600","mobility_p25":37.5,"mobility_p25_se":1.7,"mobility_unreliable":false,"mobility_black_p25":29.3,"mobility_white_p25":40.8}},{"type":"Feature","geometry":{"type":"Polygon","coordinates":[[[-79.92749,40.48083],[-79.92757,40.48077],[-79.92558,40.48007],[-79.92238,40.47947],[-79.92226,40.47966],[-79.92016,40.47896],[-79.91968,40.4798],[-79.91617,40.47848],[-79.91594,40.47883],[-79.91498,40.47881],[-79.91388,40.47863],[-79.91334,40.47872],[-79.91311,40.47832],[-79.91312,40.47821],[-79.91354,40.47768],[-79.91376,40.47761],[-79.91387,40.47747],[-79.91431,40.47528],[-79.91332,40.47519],[-79.91323,40.47548],[-79.91235,40.47536],[-79.91239,40.47516],[-79.91082,40.47513],[-79.91082,40.47505],[-79.91165,40.47009],[-79.91196,40.46965],[-79.91239,40.46935],[-79.91274,40.46923],[-79.91484,40.46883],[-79.91468,40.4683],[-79.9146,40.46741],[-79.91113,40.4689],[-79.91035,40.46947],[-79.90955,40.47018],[-79.90862,40.47028],[-79.90784,40.47965],[-79.90785,40.48049],[-79.90807,40.48251],[-79.90793,40.48362],[-79.90757,40.48393],[-79.90692,40.48399],[-79.90653,40.48394],[-79.90637,40.48457],[-79.90535,40.48673],[-79.91248,40.48827],[-79.91325,40.48661],[-79.91364,40.48647],[-79.91547,40.48691],[-79.91625,40.48697],[-79.91841,40.4874],[-79.92007,40.48784],[-79.92025,40.48741],[-79.92053,40.4872],[-79.92046,40.48678],[-79.9206,40.48657],[-79.92235,40.48532],[-79.92433,40.48316],[-79.92749,40.48083]]]},"properties":{"geoid":"42003980100","mobility_p25":null,"mobility_p25_se":0,"mobility_unreliable":false,"mobility_black_p25":null,"mobility_white_p25":null}},{"type":"Feature","geometry":{"type":"Polygon","coordinates":[[[-79.91298,40.43864],[-79.91308,40.43803],[-79.90535,40.43809],[-79.90481,40.43819],[-79.90185,40.43939],[-79.89948,40.43956],[-79.89948,40.43969],[-79.89958,40.43975],[-79.89988,40.4404],[-79.89988,40.4408],[-79.90025,40.44086],[-79.90029,40.44098],[-79.90004,40.44116],[-79.89978,40.44113],[-79.8995,40.44146],[-79.89938,40.44184],[-79.89933,40.44237],[-79.89874,40.44375],[-79.89877,40.44384],[-79.90013,40.44431],[-79.89955,40.44524],[-79.90311,40.44641],[-79.90323,40.44633],[-79.90337,40.44637],[-79.90411,40.44586],[-79.90479,40.44586],[-79.90528,40.44504],[-79.9052,40.44501],[-79.90588,40.44436],[-79.90873,40.4445],[-79.90819,40.44557],[-79.90844,40.44565],[-79.90829,40.44594],[-79.91144,40.44698],[-79.91234,40.44673],[-79.91203,40.44677],[-79.91165,40.4467],[-79.91298,40.43864]]]},"properties":{"geoid":"42003981100","mobility_p25":null,"mobility_p25_se":0,"mobility_unreliable":false,"mobility_black_p25":null,"mobility_white_p25":null}},{"type":"Feature","geometry":{"type":"Polygon","coordinates":[[[-80.08947,40.50325],[-80.0895,40.5032],[-80.08767,40.50261],[-80.0839,40.50196],[-80.08145,40.50144],[-80.07956,40.50083],[-80.07779,40.50018],[-80.07625,40.49933],[-80.07501,40.49839],[-80.07494,40.50127],[-80.07487,40.50161],[-80.07532,40.50878],[-80.07752,40.50945],[-80.07851,40.51016],[-80.07796,40.51099],[-80.08052,40.51226],[-80.08052,40.51153],[-80.08074,40.51152],[-80.08074,40.5113],[-80.08128,40.5113],[-80.08141,40.51141],[-80.08249,40.51138],[-80.08352,40.51014],[-80.08457,40.51028],[-80.08553,40.51067],[-80.08579,40.51097],[-80.08763,40.51074],[-80.08768,40.51072],[-80.0875,40.51061],[-80.08784,40.5102],[-80.08816,40.5103],[-80.08823,40.51021],[-80.08831,40.51024],[-80.08885,40.50966],[-80.08871,40.50943],[-80.0887,40.50808],[-80.0881,40.50705],[-80.08793,40.50561],[-80.08812,40.50553],[-80.08947,40.50325]]]},"properties":{"geoid":"42003434000","mobility_p25":48.8,"mobility_p25_se":3.9,"mobility_unreliable":false,"mobility_black_p25":null,"mobility_white_p25":52.3}},{"type":"Feature","geometry":{"type":"Polygon","coordinates":[[[-80.10862,40.51321],[-80.10836,40.51052],[-80.09858,40.50697],[-80.09574,40.50576],[-80.0929,40.50432],[-80.09163,40.50385],[-80.0895,40.5032],[-80.08812,40.50553],[-80.08793,40.50561],[-80.0881,40.50705],[-80.0887,40.50808],[-80.08871,40.50943],[-80.08885,40.50966],[-80.08831,40.51024],[-80.08823,40.51021],[-80.08816,40.5103],[-80.08784,40.5102],[-80.0875,40.51061],[-80.08768,40.51072],[-80.08772,40.5112],[-80.08786,40.5112],[-80.08791,40.5123],[-80.08762,40.5123],[-80.08763,40.51274],[-80.08729,40.51275],[-80.08731,40.51307],[-80.08708,40.51308],[-80.08711,40.51706],[-80.08859,40.51698],[-80.08858,40.51661],[-80.09631,40.5164],[-80.0959,40.51478],[-80.09877,40.51471],[-80.09907,40.51462],[-80.10107,40.51535],[-80.1011,40.51548],[-80.10597,40.51656],[-80.10748,40.51682],[-80.10802,40.51472],[-80.10798,40.5146],[-80.10815,40.51394],[-80.10862,40.51321]]]},"properties":{"geoid":"42003435000","mobility_p25":51.2,"mobility_p25_se":2.9,"mobility_unreliable":false,"mobility_black_p25":null,"mobility_white_p25":51.9}},{"type":"Feature","geometry":{"type":"Polygon","coordinates":[[[-79.91228,40.45409],[-79.91242,40.45404],[-79.90984,40.45227],[-79.90865,40.45167],[-79.89322,40.44649],[-79.89242,40.45045],[-79.89264,40.45022],[-79.89289,40.45017],[-79.89361,40.45065],[-79.89483,40.45118],[-79.89963,40.45305],[-79.9058,40.45538],[-79.90615,40.45539],[-79.90768,40.45585],[-79.90969,40.45657],[-79.91228,40.45409]]]},"properties":{"geoid":"42003140500","mobility_p25":32.9,"mobility_p25_se":1.7,"mobility_unreliable":false,"mobility_black_p25":31.6,"mobility_white_p25":56.7}},{"type":"Feature","geometry":{"type":"Polygon","coordinates":[[[-79.99893,40.4296],[-79.99897,40.42953],[-79.99799,40.42922],[-79.99777,40.42903],[-79.99716,40.4289],[-79.99709,40.42917],[-79.99255,40.42766],[-79.9923,40.42768],[-79.99107,40.42732],[-79.98749,40.42604],[-79.98627,40.42575],[-79.97661,40.42513],[-79.97609,40.43025],[-79.976,40.43047],[-79.97582,40.43176],[-79.97524,40.43158],[-79.97439,40.43085],[-79.97382,40.43154],[-79.97379,40.43227],[-79.9735,40.43388],[-79.97547,40.43437],[-79.98907,40.43231],[-79.99018,40.43221],[-79.99665,40.43292],[-79.99893,40.4296]]]},"properties":{"geoid":"42003170200","mobility_p25":40.2,"mobility_p25_se":2.9,"mobility_unreliable":false,"mobility_black_p25":null,"mobility_white_p25":40.8}},{"type":"Feature","geometry":{"type":"Polygon","coordinates":[[[-79.98243,40.44649],[-79.98034,40.44363],[-79.98,40.44387],[-79.97927,40.44287],[-79.97562,40.44444],[-79.97505,40.44366],[-79.97087,40.44541],[-79.96896,40.44609],[-79.96516,40.44871],[-79.96487,40.44878],[-79.96537,40.45016],[-79.96436,40.45196],[-79.96435,40.45221],[-79.96492,40.45288],[-79.96598,40.45297],[-79.96644,40.45318],[-79.96666,40.45318],[-79.96946,40.452],[-79.96892,40.45115],[-79.97046,40.45049],[-79.97252,40.44962],[-79.973,40.45049],[-79.98243,40.44649]]]},"properties":{"geoid":"42003050100","mobility_p25":30.4,"mobility_p25_se":1.3,"mobility_unreliable":false,"mobility_black_p25":30.8,"mobility_white_p25":null}},{"type":"Feature","geometry":{"type":"Polygon","coordinates":[[[-79.93098,40.45206],[-79.92965,40.44983],[-79.92716,40.45064],[-79.92207,40.45269],[-79.92071,40.45289],[-79.92255,40.45586],[-79.92245,40.45679],[-79.9252,40.45738],[-79.92534,40.45416],[-79.92848,40.45288],[-79.93098,40.45206]]]},"properties":{"geoid":"42003070600","mobility_p25":38.1,"mobility_p25_se":7.2,"mobility_unreliable":true,"mobility_black_p25":null,"mobility_white_p25":37.4}},{"type":"Feature","geometry":{"type":"Polygon","coordinates":[[[-80.12591,40.48997],[-80.12505,40.48841],[-80.12449,40.48759],[-80.12399,40.48633],[-80.12345,40.48565],[-80.12338,40.48531],[-80.12304,40.48468],[-80.12264,40.48366],[-80.12162,40.48193],[-80.12107,40.48085],[-80.12108,40.48069],[-80.12086,40.48037],[-80.11711,40.48167],[-80.1162,40.4819],[-80.11265,40.48215],[-80.10886,40.48174],[-80.10602,40.48099],[-80.10499,40.48051],[-80.10439,40.47997],[-80.10298,40.47803],[-80.10173,40.47683],[-80.10084,40.47621],[-80.10002,40.47589],[-80.09794,40.47555],[-80.09552,40.475],[-80.09377,40.47413],[-80.09322,40.47406],[-80.0928,40.47412],[-80.09145,40.47476],[-80.09055,40.47502],[-80.08992,40.47509],[-80.08822,40.47504],[-80.08486,40.4758],[-80.08414,40.47571],[-80.08365,40.47804],[-80.08346,40.47978],[-80.0875,40.48569],[-80.08761,40.48636],[-80.09141,40.49174],[-80.09988,40.49484],[-80.09996,40.49559],[-80.09975,40.49685],[-80.0997,40.49816],[-80.09914,40.49943],[-80.10165,40.5002],[-80.10343,40.50088],[-80.11018,40.50257],[-80.11228,40.50319],[-80.11592,40.50396],[-80.11962,40.49901],[-80.12123,40.49648],[-80.12591,40.48997]]]},"properties":{"geoid":"42003460001","mobility_p25":49.2,"mobility_p25_se":3.4,"mobility_unreliable":false,"mobility_black_p25":null,"mobility_white_p25":49.4}},{"type":"Feature","geometry":{"type":"Polygon","coordinates":[[[-80.00393,40.49628],[-80.00399,40.49629],[-80.0037,40.49063],[-80.00319,40.48238],[-80.00177,40.48243],[-80.00168,40.48008],[-79.99878,40.47981],[-79.99854,40.47891],[-79.99652,40.47919],[-79.99535,40.47736],[-79.99599,40.47733],[-79.99583,40.47454],[-79.99643,40.47443],[-79.99761,40.47459],[-79.99754,40.47298],[-79.99186,40.47313],[-79.99329,40.47459],[-79.99341,40.47666],[-79.99502,40.47736],[-79.9928,40.47739],[-79.98893,40.47704],[-79.98809,40.47676],[-79.98788,40.4763],[-79.98777,40.47664],[-79.98745,40.47709],[-79.9861,40.4779],[-79.98604,40.47808],[-79.98619,40.47832],[-79.98354,40.47803],[-79.98269,40.47806],[-79.98267,40.47726],[-79.98253,40.47728],[-79.98256,40.48163],[-79.98265,40.48306],[-79.97882,40.48317],[-79.97515,40.48337],[-79.9751,40.48343],[-79.97515,40.48402],[-79.97523,40.48402],[-79.97567,40.48875],[-79.97601,40.49369],[-79.98383,40.49352],[-79.98428,40.49344],[-79.98528,40.49362],[-79.98565,40.50195],[-79.98971,40.50066],[-79.98962,40.49721],[-79.99428,40.49707],[-79.99414,40.49404],[-79.9952,40.49402],[-79.99547,40.49438],[-79.99597,40.49471],[-79.99814,40.49537],[-80.00393,40.49628]]]},"properties":{"geoid":"42003428200","mobility_p25":56.3,"mobility_p25_se":3.8,"mobility_unreliable":false,"mobility_black_p25":null,"mobility_white_p25":56.2}},{"type":"Feature","geometry":{"type":"Polygon","coordinates":[[[-80.03072,40.39528],[-80.03077,40.39501],[-80.02868,40.39126],[-80.02783,40.3916],[-80.01891,40.38682],[-80.01816,40.38645],[-80.01711,40.38631],[-80.01642,40.38513],[-80.01491,40.38607],[-80.01382,40.38656],[-80.01357,40.38609],[-80.01361,40.38571],[-80.01416,40.38577],[-80.01339,40.38348],[-80.01249,40.3834],[-80.01258,40.38307],[-80.01232,40.38303],[-80.01233,40.38297],[-80.01317,40.38283],[-80.01258,40.38089],[-80.01038,40.38044],[-80.01003,40.38092],[-80.00903,40.38102],[-80.00895,40.38114],[-80.00813,40.38087],[-80.00788,40.38096],[-80.00768,40.38113],[-80.00736,40.3809],[-80.00716,40.38153],[-80.00768,40.38301],[-80.00633,40.38347],[-80.00645,40.3835],[-80.00597,40.38361],[-80.00599,40.38403],[-80.00684,40.38577],[-80.00768,40.38722],[-80.00745,40.38752],[-80.00777,40.38823],[-80.00701,40.38847],[-80.00732,40.3887],[-80.00819,40.38991],[-80.0098,40.39084],[-80.00918,40.39107],[-80.00872,40.39216],[-80.00878,40.39238],[-80.01428,40.39211],[-80.01596,40.39177],[-80.0171,40.39188],[-80.01774,40.39212],[-80.02318,40.396],[-80.02366,40.39623],[-80.02409,40.3955],[-80.02457,40.39513],[-80.02586,40.39441],[-80.02663,40.39422],[-80.02716,40.39419],[-80.02795,40.39432],[-80.03035,40.39528],[-80.0307,40.39535],[-80.03072,40.39528]]]},"properties":{"geoid":"42003191800","mobility_p25":47.9,"mobility_p25_se":2.2,"mobility_unreliable":false,"mobility_black_p25":null,"mobility_white_p25":48.4}},{"type":"Feature","geometry":{"type":"Polygon","coordinates":[[[-80.00761,40.38827],[-80.00777,40.38823],[-80.00745,40.38752],[-80.00768,40.38722],[-80.00684,40.38577],[-80.00599,40.38403],[-80.00597,40.38361],[-80.00645,40.3835],[-80.00643,40.38346],[-80.00512,40.38388],[-80.00365,40.38204],[-80.00334,40.38117],[-80.00173,40.3797],[-80.00222,40.37929],[-80.00318,40.37884],[-80.00487,40.37763],[-80.00536,40.37713],[-80.00569,40.37661],[-80.00588,40.37599],[-80.00614,40.37549],[-80.00671,40.37486],[-80.00561,40.37468],[-80.00498,40.37446],[-80.00413,40.37398],[-80.00377,40.37439],[-80.00144,40.37489],[-80.00063,40.37551],[-80.00028,40.37602],[-79.99912,40.37734],[-79.99805,40.37647],[-79.99494,40.37567],[-79.994,40.37584],[-79.99411,40.37693],[-79.99371,40.37804],[-79.99358,40.37832],[-79.9928,40.37861],[-79.9932,40.3788],[-79.99358,40.3791],[-79.99416,40.37998],[-79.99547,40.38135],[-79.99589,40.38208],[-79.996,40.3826],[-79.99596,40.38307],[-79.99578,40.3836],[-79.99489,40.38501],[-79.99482,40.38584],[-79.99489,40.38612],[-79.9952,40.3866],[-79.99642,40.38796],[-79.99676,40.38861],[-79.9969,40.3894],[-79.99667,40.39061],[-79.99667,40.39103],[-79.99676,40.39149],[-79.99712,40.39231],[-79.99731,40.39299],[-79.99769,40.39259],[-79.99791,40.39219],[-79.99782,40.3912],[-79.99784,40.38975],[-79.9994,40.38989],[-79.99919,40.38892],[-80.00216,40.38819],[-80.00263,40.38862],[-80.00291,40.38872],[-80.00465,40.38836],[-80.00588,40.38837],[-80.00591,40.38881],[-80.00677,40.38884],[-80.00695,40.38904],[-80.00742,40.38884],[-80.00701,40.38847],[-80.00761,40.38827]]]},"properties":{"geoid":"42003320700","mobility_p25":41.8,"mobility_p25_se":3.5,"mobility_unreliable":false,"mobility_black_p25":null,"mobility_white_p25":45}},{"type":"Feature","geometry":{"type":"Polygon","coordinates":[[[-80.00362,40.42793],[-80.00384,40.42783],[-80.00207,40.42763],[-80.00073,40.42759],[-79.99897,40.42677],[-79.99865,40.42716],[-79.99844,40.4273],[-79.99825,40.42718],[-79.99845,40.42704],[-79.99822,40.4269],[-79.99803,40.42703],[-79.99783,40.4269],[-79.99802,40.42676],[-79.9978,40.42661],[-79.99762,40.42675],[-79.99745,40.42662],[-79.9976,40.42648],[-79.99776,40.42612],[-79.99755,40.42599],[-79.99753,40.42572],[-79.99728,40.41826],[-79.9881,40.41854],[-79.98803,40.41898],[-79.98811,40.41968],[-79.98762,40.41978],[-79.98812,40.41979],[-79.98822,40.42139],[-79.98731,40.42168],[-79.98815,40.42163],[-79.98821,40.42186],[-79.98736,40.42201],[-79.98733,40.42247],[-79.98888,40.42227],[-79.98892,40.42282],[-79.98869,40.42284],[-79.98855,40.42331],[-79.98805,40.42379],[-79.98778,40.42433],[-79.98773,40.42487],[-79.9882,40.42494],[-79.99019,40.42491],[-79.99079,40.42557],[-79.99212,40.42631],[-79.99264,40.42643],[-79.99356,40.4265],[-79.99375,40.42662],[-79.99404,40.42701],[-79.99452,40.42733],[-79.99585,40.42769],[-79.99679,40.42819],[-79.99708,40.42821],[-79.99755,40.42839],[-79.99803,40.4283],[-79.99844,40.42844],[-79.99894,40.42847],[-79.9996,40.42811],[-79.99978,40.42817],[-80.00033,40.42863],[-80.00143,40.42894],[-80.00207,40.42857],[-80.00265,40.42848],[-80.00324,40.42808],[-80.00362,40.42793]]]},"properties":{"geoid":"42003180300","mobility_p25":35.9,"mobility_p25_se":1.6,"mobility_unreliable":false,"mobility_black_p25":27.7,"mobility_white_p25":40.7}},{"type":"Feature","geometry":{"type":"Polygon","coordinates":[[[-80.00062,40.40208],[-80.00047,40.40156],[-80.00013,40.39902],[-79.99985,40.39838],[-79.99961,40.39801],[-79.9974,40.39538],[-79.99718,40.39553],[-79.99712,40.39567],[-79.99697,40.39554],[-79.9963,40.39445],[-79.99576,40.39451],[-79.99555,40.39435],[-79.99533,40.39315],[-79.99447,40.39322],[-79.99438,40.39253],[-79.99309,40.39261],[-79.99306,40.39321],[-79.99125,40.39345],[-79.9904,40.39158],[-79.99049,40.39121],[-79.98661,40.39133],[-79.9866,40.39247],[-79.98637,40.39434],[-79.98708,40.39573],[-79.98822,40.39761],[-79.98899,40.39918],[-79.9894,40.40225],[-79.99055,40.40481],[-79.99088,40.4053],[-79.99126,40.40569],[-79.99216,40.40624],[-79.99232,40.40643],[-79.99233,40.40659],[-79.99191,40.40717],[-79.99245,40.40738],[-79.99524,40.40781],[-79.99675,40.40816],[-79.99649,40.40171],[-79.99708,40.40158],[-79.99898,40.4016],[-79.99942,40.40165],[-79.99953,40.40218],[-80.00062,40.40208]]]},"properties":{"geoid":"42003290100","mobility_p25":41,"mobility_p25_se":2.6,"mobility_unreliable":false,"mobility_black_p25":35.1,"mobility_white_p25":44}},{"type":"Feature","geometry":{"type":"Polygon","coordinates":[[[-80.06429,40.31194],[-80.06134,40.31109],[-80.05928,40.31002],[-80.05875,40.30962],[-80.0586,40.30934],[-80.05835,40.30828],[-80.05814,40.3053],[-80.05795,40.305],[-80.05697,40.3043],[-80.0565,40.30373],[-80.05488,40.30287],[-80.05346,40.30176],[-80.05106,40.30041],[-80.04853,40.29952],[-80.0474,40.29932],[-80.04681,40.29816],[-80.04241,40.29732],[-80.04181,40.29697],[-80.04148,40.29715],[-80.0414,40.29739],[-80.04155,40.29923],[-80.04142,40.30022],[-80.04079,40.30137],[-80.04044,40.30276],[-80.04041,40.3039],[-80.04013,40.3052],[-80.03991,40.30528],[-80.03607,40.30513],[-80.0351,40.30628],[-80.03509,40.30744],[-80.03277,40.30811],[-80.03307,40.30884],[-80.03321,40.31014],[-80.03315,40.31073],[-80.033,40.31111],[-80.03454,40.31156],[-80.03726,40.31327],[-80.03754,40.31355],[-80.03761,40.31403],[-80.03772,40.31424],[-80.04015,40.3158],[-80.04077,40.31651],[-80.04418,40.31624],[-80.04458,40.31639],[-80.04648,40.31743],[-80.04736,40.31775],[-80.04835,40.31653],[-80.051,40.31459],[-80.052,40.31404],[-80.05294,40.31376],[-80.05382,40.31359],[-80.06429,40.31194]]]},"properties":{"geoid":"42003475303","mobility_p25":61.7,"mobility_p25_se":3.7,"mobility_unreliable":false,"mobility_black_p25":null,"mobility_white_p25":61.4}},{"type":"Feature","geometry":{"type":"Polygon","coordinates":[[[-79.86641,40.46091],[-79.8664,40.46027],[-79.86627,40.45982],[-79.866,40.45933],[-79.86538,40.45856],[-79.86063,40.45859],[-79.86064,40.45884],[-79.85962,40.45889],[-79.85962,40.45936],[-79.85802,40.45941],[-79.85728,40.45724],[-79.85695,40.45735],[-79.85554,40.45739],[-79.85555,40.4548],[-79.85547,40.45361],[-79.85424,40.45361],[-79.85422,40.45282],[-79.84432,40.44965],[-79.84378,40.45064],[-79.84374,40.4509],[-79.84386,40.45142],[-79.84382,40.45203],[-79.84399,40.45225],[-79.84451,40.45262],[-79.84477,40.45303],[-79.84462,40.45477],[-79.84409,40.4569],[-79.84384,40.45722],[-79.84304,40.45796],[-79.84296,40.45877],[-79.84269,40.4598],[-79.84267,40.46025],[-79.84242,40.46128],[-79.84242,40.4618],[-79.84255,40.46221],[-79.84275,40.46207],[-79.84278,40.46165],[-79.84285,40.46155],[-79.8431,40.46152],[-79.84329,40.46161],[-79.84376,40.46198],[-79.8447,40.46291],[-79.84567,40.46336],[-79.84613,40.46367],[-79.8472,40.46494],[-79.84734,40.46564],[-79.84731,40.46589],[-79.84719,40.46625],[-79.84688,40.4664],[-79.84691,40.46763],[-79.84707,40.46881],[-79.84792,40.47229],[-79.8486,40.4745],[-79.8485,40.47554],[-79.85219,40.4736],[-79.85324,40.47356],[-79.85604,40.47382],[-79.85654,40.47372],[-79.85737,40.47305],[-79.85874,40.47237],[-79.85905,40.47199],[-79.85929,40.4713],[-79.85929,40.47091],[-79.85914,40.47038],[-79.8592,40.47018],[-79.85961,40.46964],[-79.86008,40.46879],[-79.86057,40.4684],[-79.86174,40.46774],[-79.86285,40.46746],[-79.86432,40.46683],[-79.86528,40.46601],[-79.86542,40.46569],[-79.8658,40.46268],[-79.86641,40.46091]]]},"properties":{"geoid":"42003523200","mobility_p25":37.3,"mobility_p25_se":1.6,"mobility_unreliable":false,"mobility_black_p25":33.3,"mobility_white_p25":47.9}},{"type":"Feature","geometry":{"type":"Polygon","coordinates":[[[-79.77875,40.399],[-79.77887,40.39895],[-79.77709,40.39887],[-79.77633,40.3983],[-79.77485,40.39673],[-79.77196,40.39229],[-79.76918,40.38828],[-79.76817,40.38657],[-79.7665,40.38503],[-79.7662,40.38442],[-79.76561,40.38447],[-79.76541,40.38541],[-79.76495,40.3859],[-79.76467,40.38666],[-79.76534,40.38798],[-79.76583,40.38922],[-79.76608,40.39113],[-79.76575,40.39114],[-79.76568,40.39143],[-79.76491,40.39291],[-79.76488,40.39343],[-79.76504,40.3942],[-79.76469,40.39549],[-79.76437,40.396],[-79.76316,40.39715],[-79.76285,40.39757],[-79.76265,40.39809],[-79.76229,40.39954],[-79.76205,40.39999],[-79.76172,40.4004],[-79.76129,40.40077],[-79.76051,40.40119],[-79.75809,40.40183],[-79.75753,40.40216],[-79.75714,40.40259],[-79.75693,40.40317],[-79.75707,40.40519],[-79.75732,40.40692],[-79.75728,40.40753],[-79.75715,40.40792],[-79.75648,40.40904],[-79.75574,40.41001],[-79.75494,40.41053],[-79.75353,40.41107],[-79.75323,40.41126],[-79.75296,40.41161],[-79.75282,40.41195],[-79.75219,40.41482],[-79.75223,40.41693],[-79.75216,40.41715],[-79.75182,40.41747],[-79.75101,40.41772],[-79.75055,40.41803],[-79.7495,40.42007],[-79.74947,40.4203],[-79.7497,40.42152],[-79.74967,40.42236],[-79.75038,40.42383],[-79.75042,40.42534],[-79.75128,40.42786],[-79.75125,40.42846],[-79.75108,40.42926],[-79.75123,40.42977],[-79.75131,40.43055],[-79.7516,40.43197],[-79.75189,40.43263],[-79.75193,40.43302],[-79.75238,40.43407],[-79.75292,40.43437],[-79.75386,40.43558],[-79.75388,40.43637],[-79.75447,40.43731],[-79.75467,40.43753],[-79.75514,40.43782],[-79.75571,40.43796],[-79.75673,40.43804],[-79.75742,40.43831],[-79.76317,40.44246],[-79.76438,40.44312],[-79.76644,40.44394],[-79.76669,40.444],[-79.76675,40.44365],[-79.76658,40.44198],[-79.76671,40.44153],[-79.7681,40.43993],[-79.76946,40.43802],[-79.77141,40.43687],[-79.7724,40.43618],[-79.77164,40.43587],[-79.76443,40.43406],[-79.763,40.43361],[-79.76182,40.43309],[-79.76132,40.43306],[-79.76023,40.43328],[-79.76027,40.43306],[-79.76088,40.43206],[-79.76122,40.43107],[-79.76144,40.43075],[-79.76166,40.43053],[-79.76236,40.43012],[-79.76352,40.42912],[-79.76553,40.42802],[-79.76603,40.42789],[-79.76772,40.42773],[-79.76807,40.42762],[-79.76857,40.42717],[-79.76965,40.42654],[-79.77035,40.42586],[-79.77179,40.42487],[-79.77193,40.4247],[-79.77223,40.42387],[-79.77326,40.42234],[-79.77401,40.42147],[-79.77453,40.42067],[-79.77567,40.41937],[-79.7761,40.41857],[-79.77653,40.41796],[-79.77676,40.4173],[-79.77631,40.41719],[-79.7765,40.41672],[-79.77654,40.41602],[-79.77599,40.41435],[-79.77567,40.41397],[-79.77275,40.41454],[-79.77582,40.41043],[-79.7748,40.41008],[-79.77474,40.41035],[-79.77424,40.4102],[-79.77431,40.40992],[-79.77323,40.40955],[-79.77307,40.40963],[-79.77371,40.40981],[-79.77338,40.41037],[-79.77257,40.40983],[-79.77149,40.41041],[-79.76987,40.40802],[-79.77008,40.40763],[-79.76996,40.40707],[-79.76942,40.40598],[-79.76981,40.40406],[-79.77229,40.4017],[-79.77174,40.40137],[-79.77063,40.40042],[-79.77166,40.39986],[-79.77292,40.40086],[-79.77514,40.40217],[-79.77538,40.40222],[-79.77528,40.40187],[-79.77418,40.40057],[-79.77525,40.40002],[-79.77627,40.40009],[-79.77755,40.40033],[-79.77755,40.4001],[-79.77793,40.39943],[-79.77875,40.399]]]},"properties":{"geoid":"42003521301","mobility_p25":45.1,"mobility_p25_se":2.7,"mobility_unreliable":false,"mobility_black_p25":36.5,"mobility_white_p25":46.4}},{"type":"Feature","geometry":{"type":"Polygon","coordinates":[[[-80.07536,40.50883],[-80.07502,40.50357],[-80.0734,40.50343],[-80.07208,40.50318],[-80.07122,40.50259],[-80.06786,40.50134],[-80.06582,40.50016],[-80.06112,40.4983],[-80.0613,40.50029],[-80.06159,40.5058],[-80.06681,40.50829],[-80.0685,40.509],[-80.07536,40.50883]]]},"properties":{"geoid":"42003432300","mobility_p25":40.4,"mobility_p25_se":2.8,"mobility_unreliable":false,"mobility_black_p25":null,"mobility_white_p25":41.6}},{"type":"Feature","geometry":{"type":"Polygon","coordinates":[[[-80.17851,40.53014],[-80.17865,40.52994],[-80.1763,40.52895],[-80.17536,40.52862],[-80.17235,40.5278],[-80.16762,40.52623],[-80.16148,40.5238],[-80.15976,40.52323],[-80.15704,40.52256],[-80.15408,40.52205],[-80.14726,40.5204],[-80.14347,40.51907],[-80.13976,40.51739],[-80.13772,40.51633],[-80.13418,40.51534],[-80.13232,40.51504],[-80.12886,40.51481],[-80.12519,40.51419],[-80.12209,40.51344],[-80.12005,40.5131],[-80.11779,40.51283],[-80.1125,40.51184],[-80.10836,40.51052],[-80.10862,40.51321],[-80.10815,40.51394],[-80.10798,40.5146],[-80.10802,40.51472],[-80.10748,40.51682],[-80.10597,40.51656],[-80.1011,40.51548],[-80.10107,40.51535],[-80.09907,40.51462],[-80.09877,40.51471],[-80.0959,40.51478],[-80.09631,40.5164],[-80.08858,40.51661],[-80.08859,40.51698],[-80.08711,40.51706],[-80.08708,40.51308],[-80.08731,40.51307],[-80.08729,40.51275],[-80.08763,40.51274],[-80.08762,40.5123],[-80.08791,40.5123],[-80.08786,40.5112],[-80.08772,40.5112],[-80.08768,40.51072],[-80.08579,40.51097],[-80.08553,40.51067],[-80.08457,40.51028],[-80.08352,40.51014],[-80.08249,40.51138],[-80.08141,40.51141],[-80.08128,40.5113],[-80.08074,40.5113],[-80.08074,40.51152],[-80.08052,40.51153],[-80.08052,40.51226],[-80.07796,40.51099],[-80.07851,40.51016],[-80.07752,40.50945],[-80.07536,40.50883],[-80.0685,40.509],[-80.06681,40.50829],[-80.06159,40.5058],[-80.06229,40.51544],[-80.07124,40.51817],[-80.09588,40.52659],[-80.1064,40.53046],[-80.12156,40.53626],[-80.13342,40.54002],[-80.13344,40.53816],[-80.13329,40.53808],[-80.13325,40.53796],[-80.13294,40.53594],[-80.13271,40.53524],[-80.13462,40.53518],[-80.13462,40.53497],[-80.13459,40.53475],[-80.13348,40.53477],[-80.1332,40.53296],[-80.1403,40.53273],[-80.14042,40.53447],[-80.14592,40.5344],[-80.14641,40.54115],[-80.14916,40.54102],[-80.14918,40.54124],[-80.15045,40.54119],[-80.15118,40.54125],[-80.15732,40.54094],[-80.15735,40.54161],[-80.15973,40.54152],[-80.15974,40.54167],[-80.16314,40.54156],[-80.16373,40.54137],[-80.16496,40.54065],[-80.16682,40.54019],[-80.16793,40.53953],[-80.16867,40.53963],[-80.16945,40.53702],[-80.17229,40.53761],[-80.17538,40.53478],[-80.17851,40.53014]]]},"properties":{"geoid":"42003563800","mobility_p25":45,"mobility_p25_se":3.3,"mobility_unreliable":false,"mobility_black_p25":null,"mobility_white_p25":46.2}},{"type":"Feature","geometry":{"type":"Polygon","coordinates":[[[-80.18175,40.55673],[-80.18075,40.55619],[-80.18087,40.5546],[-80.18055,40.54915],[-80.18151,40.5486],[-80.17831,40.54531],[-80.17712,40.54586],[-80.17684,40.54637],[-80.17677,40.54669],[-80.17598,40.54661],[-80.17519,40.54807],[-80.17487,40.54762],[-80.17423,40.54813],[-80.17426,40.54916],[-80.17461,40.54974],[-80.17459,40.54986],[-80.17445,40.55001],[-80.17421,40.5501],[-80.17375,40.54998],[-80.17353,40.55002],[-80.17298,40.55075],[-80.17228,40.55046],[-80.17175,40.5507],[-80.17166,40.54839],[-80.17314,40.54883],[-80.17318,40.54797],[-80.17303,40.54759],[-80.17325,40.54715],[-80.17406,40.54655],[-80.17495,40.54564],[-80.17724,40.54426],[-80.17464,40.54161],[-80.17286,40.54053],[-80.17264,40.54076],[-80.17156,40.54127],[-80.17029,40.54088],[-80.16871,40.54056],[-80.16876,40.54078],[-80.16864,40.54083],[-80.16853,40.54058],[-80.16613,40.54115],[-80.16614,40.54155],[-80.1643,40.54255],[-80.16276,40.54407],[-80.1639,40.54671],[-80.16305,40.54765],[-80.16243,40.54775],[-80.16212,40.5475],[-80.16169,40.54745],[-80.16081,40.54525],[-80.15954,40.54531],[-80.15899,40.54614],[-80.15889,40.54829],[-80.15627,40.54752],[-80.15629,40.54561],[-80.15724,40.54459],[-80.15433,40.54471],[-80.15461,40.54417],[-80.15546,40.54298],[-80.15607,40.54269],[-80.15674,40.54259],[-80.15872,40.54288],[-80.16027,40.54281],[-80.16082,40.54288],[-80.16127,40.54272],[-80.16258,40.54175],[-80.16314,40.54156],[-80.15974,40.54167],[-80.15973,40.54152],[-80.15735,40.54161],[-80.15732,40.54094],[-80.15118,40.54125],[-80.15045,40.54119],[-80.14918,40.54124],[-80.14916,40.54102],[-80.14641,40.54115],[-80.14592,40.5344],[-80.14042,40.53447],[-80.1403,40.53273],[-80.1332,40.53296],[-80.13348,40.53477],[-80.13459,40.53475],[-80.13462,40.53497],[-80.13462,40.53518],[-80.13271,40.53524],[-80.13294,40.53594],[-80.13325,40.53796],[-80.13329,40.53808],[-80.13344,40.53816],[-80.13342,40.54002],[-80.12156,40.53626],[-80.1218,40.5414],[-80.12246,40.54885],[-80.12179,40.54933],[-80.12129,40.55007],[-80.1206,40.55052],[-80.12022,40.55096],[-80.1199,40.55115],[-80.11882,40.55152],[-80.11818,40.55191],[-80.11676,40.55223],[-80.11567,40.55286],[-80.11569,40.55317],[-80.11547,40.5542],[-80.11458,40.55635],[-80.11442,40.55712],[-80.11415,40.55774],[-80.11385,40.55877],[-80.11403,40.56007],[-80.11352,40.56227],[-80.11388,40.56598],[-80.11346,40.56614],[-80.11367,40.56634],[-80.11361,40.56663],[-80.11386,40.56686],[-80.1143,40.5676],[-80.11455,40.5676],[-80.11668,40.57046],[-80.11388,40.57051],[-80.11395,40.57278],[-80.11391,40.57546],[-80.12409,40.5822],[-80.12831,40.58483],[-80.13,40.58582],[-80.1345,40.58823],[-80.14365,40.58818],[-80.15602,40.58793],[-80.15538,40.57777],[-80.15606,40.57751],[-80.15665,40.57705],[-80.17052,40.57621],[-80.18152,40.57612],[-80.18091,40.56217],[-80.18152,40.56177],[-80.18065,40.55729],[-80.18175,40.55673]]]},"properties":{"geoid":"42003563300","mobility_p25":62.7,"mobility_p25_se":10.5,"mobility_unreliable":true,"mobility_black_p25":null,"mobility_white_p25":66.8}},{"type":"Feature","geometry":{"type":"Polygon","coordinates":[[[-80.2746,40.53917],[-80.27511,40.53875],[-80.27288,40.53527],[-80.26962,40.52954],[-80.26785,40.52599],[-80.26485,40.52083],[-80.26324,40.52144],[-80.26213,40.52263],[-80.26153,40.52283],[-80.26102,40.52392],[-80.26037,40.52419],[-80.25791,40.52473],[-80.25754,40.52467],[-80.25717,40.52446],[-80.25645,40.52451],[-80.25553,40.52482],[-80.25525,40.525],[-80.254,40.52512],[-80.25207,40.52555],[-80.25138,40.52555],[-80.25035,40.52593],[-80.24978,40.52588],[-80.24876,40.5263],[-80.24801,40.52629],[-80.24727,40.52649],[-80.24587,40.5273],[-80.24442,40.528],[-80.2437,40.52823],[-80.24262,40.52843],[-80.24077,40.52852],[-80.23822,40.52908],[-80.23779,40.52928],[-80.23583,40.52963],[-80.23356,40.52991],[-80.23234,40.53025],[-80.23158,40.53062],[-80.23055,40.53145],[-80.23008,40.53209],[-80.22902,40.53392],[-80.23008,40.53465],[-80.23141,40.53598],[-80.23401,40.53754],[-80.23518,40.53797],[-80.23562,40.538],[-80.23717,40.53838],[-80.23925,40.5395],[-80.24144,40.53974],[-80.24282,40.54007],[-80.24359,40.54051],[-80.24449,40.54143],[-80.24643,40.54184],[-80.24538,40.54187],[-80.24491,40.5421],[-80.2448,40.54233],[-80.24466,40.54346],[-80.2444,40.54368],[-80.24352,40.54397],[-80.24317,40.54421],[-80.24307,40.54445],[-80.2429,40.54567],[-80.24279,40.546],[-80.24259,40.54631],[-80.24214,40.54673],[-80.24248,40.54726],[-80.2442,40.55084],[-80.2459,40.55289],[-80.24673,40.55353],[-80.25142,40.55602],[-80.27165,40.54146],[-80.27394,40.53958],[-80.27438,40.53937],[-80.2746,40.53917]]]},"properties":{"geoid":"42003451104","mobility_p25":52.8,"mobility_p25_se":4.5,"mobility_unreliable":false,"mobility_black_p25":38.5,"mobility_white_p25":54.1}},{"type":"Feature","geometry":{"type":"Polygon","coordinates":[[[-80.26478,40.52083],[-80.26485,40.52083],[-80.26059,40.51375],[-80.25968,40.51111],[-80.25571,40.50948],[-80.25081,40.50767],[-80.24221,40.50276],[-80.24171,40.5029],[-80.24069,40.50295],[-80.23967,40.50678],[-80.23496,40.50579],[-80.23322,40.50531],[-80.23215,40.50491],[-80.23106,40.50434],[-80.22601,40.50074],[-80.22526,40.5004],[-80.22458,40.50022],[-80.22354,40.50009],[-80.21928,40.50011],[-80.21466,40.49999],[-80.21311,40.49986],[-80.21217,40.49965],[-80.21069,40.4991],[-80.20975,40.4986],[-80.20882,40.49796],[-80.20741,40.49882],[-80.20394,40.50009],[-80.20399,40.50068],[-80.20483,40.502],[-80.20546,40.50319],[-80.20667,40.50473],[-80.20784,40.50571],[-80.21286,40.51038],[-80.2174,40.51441],[-80.21769,40.51458],[-80.2183,40.51474],[-80.21967,40.51591],[-80.22096,40.51653],[-80.22136,40.51689],[-80.22305,40.51883],[-80.22421,40.51977],[-80.22438,40.52016],[-80.22434,40.52472],[-80.22457,40.52584],[-80.22476,40.52612],[-80.22538,40.52644],[-80.22593,40.52653],[-80.22659,40.52648],[-80.22824,40.52586],[-80.22898,40.52592],[-80.22938,40.52616],[-80.2295,40.52636],[-80.22949,40.52672],[-80.22894,40.5275],[-80.22894,40.52778],[-80.22919,40.52812],[-80.23012,40.52841],[-80.23047,40.52865],[-80.23086,40.52954],[-80.23088,40.52988],[-80.2306,40.53052],[-80.22937,40.53166],[-80.2286,40.53284],[-80.22853,40.53304],[-80.22857,40.53344],[-80.22873,40.53371],[-80.22902,40.53392],[-80.23008,40.53209],[-80.23055,40.53145],[-80.23158,40.53062],[-80.23234,40.53025],[-80.23356,40.52991],[-80.23583,40.52963],[-80.23779,40.52928],[-80.23822,40.52908],[-80.24077,40.52852],[-80.24262,40.52843],[-80.2437,40.52823],[-80.24442,40.528],[-80.24587,40.5273],[-80.24727,40.52649],[-80.24801,40.52629],[-80.24876,40.5263],[-80.24978,40.52588],[-80.25035,40.52593],[-80.25138,40.52555],[-80.25207,40.52555],[-80.254,40.52512],[-80.25525,40.525],[-80.25553,40.52482],[-80.25645,40.52451],[-80.25717,40.52446],[-80.25754,40.52467],[-80.25791,40.52473],[-80.26037,40.52419],[-80.26102,40.52392],[-80.26153,40.52283],[-80.26213,40.52263],[-80.26324,40.52144],[-80.26478,40.52083]]]},"properties":{"geoid":"42003451105","mobility_p25":44.8,"mobility_p25_se":2.7,"mobility_unreliable":false,"mobility_black_p25":38.2,"mobility_white_p25":48.3}},{"type":"Feature","geometry":{"type":"Polygon","coordinates":[[[-80.29596,40.42565],[-80.29619,40.42548],[-80.23305,40.37419],[-80.2315,40.37291],[-80.23139,40.37266],[-80.23072,40.37206],[-80.23045,40.37205],[-80.22296,40.3659],[-80.2221,40.36645],[-80.22185,40.36638],[-80.22177,40.36658],[-80.22124,40.36637],[-80.22096,40.36668],[-80.22204,40.3671],[-80.22224,40.36755],[-80.22166,40.36763],[-80.22043,40.36851],[-80.22295,40.37276],[-80.22256,40.37251],[-80.22244,40.37252],[-80.22217,40.37273],[-80.22168,40.37288],[-80.21953,40.37301],[-80.21894,40.37313],[-80.21715,40.37409],[-80.21657,40.37463],[-80.21648,40.37472],[-80.21652,40.375],[-80.21645,40.3752],[-80.21594,40.37531],[-80.2157,40.37584],[-80.21537,40.37617],[-80.21522,40.37647],[-80.21522,40.37676],[-80.21565,40.37663],[-80.21584,40.37668],[-80.21591,40.37688],[-80.21616,40.3772],[-80.21623,40.37753],[-80.21584,40.37775],[-80.21579,40.37784],[-80.21574,40.37817],[-80.21531,40.37895],[-80.21524,40.37936],[-80.21497,40.37986],[-80.21498,40.38029],[-80.21483,40.38064],[-80.21445,40.38069],[-80.21403,40.38056],[-80.21359,40.38073],[-80.21314,40.38112],[-80.21258,40.38221],[-80.21219,40.38245],[-80.21158,40.38333],[-80.2112,40.38363],[-80.21078,40.38373],[-80.21058,40.38338],[-80.21046,40.38332],[-80.21022,40.38355],[-80.20979,40.38378],[-80.20972,40.38396],[-80.20985,40.38436],[-80.20978,40.38472],[-80.20922,40.38495],[-80.20761,40.38501],[-80.20726,40.38522],[-80.20688,40.38528],[-80.20662,40.38542],[-80.20635,40.38572],[-80.2063,40.38599],[-80.20617,40.38613],[-80.20537,40.38634],[-80.205,40.38675],[-80.20459,40.38697],[-80.20452,40.3872],[-80.20473,40.38753],[-80.20454,40.38785],[-80.20359,40.38803],[-80.20319,40.38841],[-80.20285,40.38853],[-80.20266,40.3888],[-80.20225,40.38894],[-80.20196,40.38913],[-80.20103,40.38899],[-80.199,40.38969],[-80.19855,40.38953],[-80.19826,40.38964],[-80.19734,40.39038],[-80.19624,40.39104],[-80.19602,40.3911],[-80.19553,40.39149],[-80.19543,40.39169],[-80.19507,40.39198],[-80.19525,40.39219],[-80.19523,40.39227],[-80.19406,40.393],[-80.19378,40.39356],[-80.19364,40.39369],[-80.19216,40.39425],[-80.18953,40.39605],[-80.18907,40.39721],[-80.19107,40.39833],[-80.19252,40.39952],[-80.19264,40.39977],[-80.19273,40.40032],[-80.19361,40.40187],[-80.19491,40.40316],[-80.19529,40.4034],[-80.19645,40.40377],[-80.19775,40.40473],[-80.19344,40.40635],[-80.19039,40.40439],[-80.19222,40.40726],[-80.19252,40.40842],[-80.19248,40.40932],[-80.19306,40.40964],[-80.19544,40.41186],[-80.19745,40.41412],[-80.19789,40.41479],[-80.1984,40.41625],[-80.19852,40.4164],[-80.19925,40.41668],[-80.20048,40.41675],[-80.20071,40.41682],[-80.20086,40.41702],[-80.20099,40.41768],[-80.20152,40.41838],[-80.20169,40.4188],[-80.20396,40.41876],[-80.21036,40.41907],[-80.21101,40.4207],[-80.2119,40.42133],[-80.21206,40.42153],[-80.21262,40.42287],[-80.21296,40.42409],[-80.21364,40.42426],[-80.2139,40.42443],[-80.21467,40.42509],[-80.21545,40.42625],[-80.21822,40.42856],[-80.21951,40.42942],[-80.22184,40.43031],[-80.22324,40.43097],[-80.22584,40.43329],[-80.2265,40.43373],[-80.22908,40.43488],[-80.23385,40.43612],[-80.23574,40.4371],[-80.23616,40.43742],[-80.23655,40.43787],[-80.23882,40.44099],[-80.23951,40.44171],[-80.23731,40.44166],[-80.23348,40.4412],[-80.23291,40.44109],[-80.23163,40.44056],[-80.23072,40.44032],[-80.22735,40.44008],[-80.22724,40.44088],[-80.22736,40.44338],[-80.22763,40.44378],[-80.22916,40.44478],[-80.22933,40.445],[-80.22942,40.44527],[-80.22937,40.44619],[-80.22854,40.44846],[-80.22873,40.4514],[-80.22895,40.45157],[-80.22993,40.45164],[-80.23034,40.45179],[-80.23131,40.4527],[-80.23134,40.45332],[-80.23164,40.45455],[-80.23285,40.45454],[-80.2336,40.45466],[-80.23295,40.45503],[-80.23306,40.45512],[-80.23338,40.45517],[-80.23447,40.45492],[-80.23457,40.45462],[-80.23445,40.45402],[-80.23452,40.45377],[-80.23447,40.45309],[-80.23473,40.4528],[-80.23533,40.45245],[-80.23591,40.45233],[-80.2369,40.45231],[-80.23763,40.45208],[-80.23796,40.45222],[-80.2385,40.45205],[-80.23963,40.45214],[-80.24049,40.45199],[-80.24078,40.45188],[-80.24105,40.45162],[-80.24115,40.45134],[-80.24111,40.45123],[-80.24122,40.45114],[-80.24289,40.45048],[-80.24342,40.45039],[-80.24358,40.4503],[-80.24373,40.44999],[-80.2445,40.44982],[-80.24499,40.44979],[-80.24563,40.44988],[-80.24866,40.4497],[-80.24923,40.45005],[-80.25063,40.4499],[-80.25144,40.44949],[-80.25156,40.44935],[-80.25185,40.44932],[-80.25203,40.44903],[-80.25253,40.44876],[-80.25285,40.44874],[-80.25309,40.44863],[-80.25328,40.44844],[-80.25322,40.44816],[-80.25327,40.44806],[-80.25355,40.44786],[-80.25435,40.44749],[-80.25439,40.44717],[-80.25446,40.44712],[-80.25475,40.44703],[-80.25528,40.44712],[-80.25552,40.44706],[-80.25589,40.44662],[-80.25641,40.44643],[-80.25699,40.4456],[-80.25725,40.44551],[-80.25818,40.44546],[-80.25824,40.44518],[-80.25851,40.44519],[-80.25854,40.44505],[-80.25881,40.44491],[-80.25852,40.44477],[-80.25856,40.44467],[-80.25936,40.44449],[-80.26015,40.44413],[-80.26065,40.44378],[-80.26078,40.44359],[-80.26086,40.44303],[-80.26123,40.44275],[-80.26214,40.44234],[-80.26247,40.44231],[-80.26257,40.44222],[-80.26259,40.44205],[-80.26404,40.4414],[-80.26505,40.44125],[-80.2655,40.44136],[-80.26604,40.44113],[-80.26657,40.44102],[-80.26757,40.44099],[-80.26851,40.44127],[-80.26966,40.44143],[-80.27064,40.44177],[-80.27443,40.44192],[-80.27508,40.44205],[-80.27559,40.44235],[-80.27655,40.44249],[-80.2767,40.44259],[-80.27695,40.44253],[-80.27707,40.4426],[-80.27786,40.4426],[-80.27797,40.44275],[-80.2783,40.44271],[-80.27843,40.44285],[-80.27878,40.44275],[-80.27913,40.44291],[-80.27946,40.44293],[-80.27997,40.44281],[-80.28168,40.44272],[-80.28208,40.44278],[-80.28229,40.4426],[-80.2827,40.44191],[-80.28261,40.44144],[-80.28304,40.44109],[-80.2833,40.44078],[-80.28437,40.43876],[-80.28504,40.43349],[-80.29596,40.42565]]]},"properties":{"geoid":"42003564000","mobility_p25":43.6,"mobility_p25_se":2,"mobility_unreliable":false,"mobility_black_p25":null,"mobility_white_p25":44.5}},{"type":"Feature","geometry":{"type":"Polygon","coordinates":[[[-79.97096,40.40342],[-79.97087,40.40325],[-79.97087,40.40281],[-79.96905,40.40047],[-79.9648,40.39969],[-79.9639,40.39971],[-79.96348,40.39832],[-79.96299,40.39807],[-79.96256,40.39795],[-79.96106,40.39783],[-79.9588,40.39744],[-79.95816,40.39711],[-79.95774,40.38991],[-79.95492,40.38982],[-79.95435,40.38998],[-79.95402,40.39016],[-79.95244,40.39018],[-79.9501,40.3908],[-79.94977,40.39082],[-79.94952,40.39073],[-79.9495,40.39124],[-79.94915,40.39123],[-79.9492,40.39059],[-79.94728,40.39005],[-79.94707,40.39017],[-79.94634,40.39027],[-79.9444,40.39018],[-79.94384,40.38903],[-79.94365,40.3891],[-79.94209,40.38821],[-79.93612,40.3888],[-79.93538,40.38361],[-79.93553,40.3825],[-79.93547,40.38095],[-79.93828,40.38016],[-79.94253,40.37967],[-79.94289,40.37933],[-79.94315,40.37948],[-79.94406,40.37857],[-79.94333,40.37816],[-79.9455,40.37608],[-79.94367,40.37497],[-79.94273,40.37597],[-79.93944,40.37394],[-79.92658,40.375],[-79.92682,40.37602],[-79.92672,40.37705],[-79.92648,40.37768],[-79.92551,40.37961],[-79.9277,40.38139],[-79.92976,40.38284],[-79.93048,40.38327],[-79.93041,40.3835],[-79.93087,40.38365],[-79.93151,40.38403],[-79.93167,40.38429],[-79.93188,40.38493],[-79.93204,40.38589],[-79.93136,40.38824],[-79.93123,40.38918],[-79.93123,40.39075],[-79.93236,40.3915],[-79.93297,40.39732],[-79.9354,40.3969],[-79.93576,40.39948],[-79.93775,40.39949],[-79.93959,40.39992],[-79.94027,40.40021],[-79.94115,40.40074],[-79.94191,40.40132],[-79.94222,40.40165],[-79.94278,40.40238],[-79.94314,40.40311],[-79.94336,40.40377],[-79.94503,40.41124],[-79.94205,40.4118],[-79.93994,40.41265],[-79.93949,40.41334],[-79.93922,40.41549],[-79.93873,40.41579],[-79.93726,40.41761],[-79.9369,40.41793],[-79.93574,40.4188],[-79.93383,40.41979],[-79.9376,40.41916],[-79.94104,40.41887],[-79.94756,40.42199],[-79.94951,40.4251],[-79.95008,40.42488],[-79.95065,40.42508],[-79.95104,40.42491],[-79.95087,40.42518],[-79.94978,40.42561],[-79.94983,40.42567],[-79.95079,40.42549],[-79.95204,40.42492],[-79.95229,40.4249],[-79.95224,40.42543],[-79.95196,40.42602],[-79.9508,40.4272],[-79.95091,40.42717],[-79.95189,40.42622],[-79.95221,40.42605],[-79.95254,40.42598],[-79.95365,40.42599],[-79.95401,40.42627],[-79.95515,40.42748],[-79.95528,40.42739],[-79.95654,40.42868],[-79.95759,40.42937],[-79.95851,40.42938],[-79.95928,40.42918],[-79.9603,40.42864],[-79.95597,40.42457],[-79.95457,40.42077],[-79.95232,40.41124],[-79.95309,40.41118],[-79.95261,40.40885],[-79.95162,40.40537],[-79.95085,40.40375],[-79.94992,40.4024],[-79.94902,40.40131],[-79.94814,40.40042],[-79.9468,40.39935],[-79.9455,40.39846],[-79.94394,40.39777],[-79.94259,40.39733],[-79.94111,40.39713],[-79.93776,40.39695],[-79.9375,40.39566],[-79.93711,40.39527],[-79.93671,40.39516],[-79.93879,40.39503],[-79.93816,40.39298],[-79.94387,40.39417],[-79.94439,40.3944],[-79.94531,40.39493],[-79.94493,40.39542],[-79.94608,40.3959],[-79.94738,40.39691],[-79.95061,40.39962],[-79.95105,40.40024],[-79.95152,40.40003],[-79.95284,40.40171],[-79.95255,40.40218],[-79.95292,40.40267],[-79.9532,40.40252],[-79.95349,40.40321],[-79.95329,40.40326],[-79.95492,40.40685],[-79.95603,40.40662],[-79.95597,40.40689],[-79.95628,40.40719],[-79.95662,40.40777],[-79.95664,40.40823],[-79.95611,40.40912],[-79.9562,40.40943],[-79.95613,40.41031],[-79.95658,40.41035],[-79.95905,40.40974],[-79.95907,40.40906],[-79.95929,40.40906],[-79.95931,40.40873],[-79.9601,40.40876],[-79.96039,40.40776],[-79.96091,40.40756],[-79.96135,40.40808],[-79.96223,40.40816],[-79.96303,40.40788],[-79.96356,40.40879],[-79.96388,40.40874],[-79.96589,40.40723],[-79.97011,40.40476],[-79.97074,40.40346],[-79.97096,40.40342]]]},"properties":{"geoid":"42003562900","mobility_p25":40.9,"mobility_p25_se":2.2,"mobility_unreliable":false,"mobility_black_p25":27.6,"mobility_white_p25":45.4}},{"type":"Feature","geometry":{"type":"Polygon","coordinates":[[[-80.23951,40.44171],[-80.23882,40.44099],[-80.23655,40.43787],[-80.23616,40.43742],[-80.23574,40.4371],[-80.23385,40.43612],[-80.22908,40.43488],[-80.2265,40.43373],[-80.22584,40.43329],[-80.22324,40.43097],[-80.22184,40.43031],[-80.21951,40.42942],[-80.21822,40.42856],[-80.21545,40.42625],[-80.21467,40.42509],[-80.2139,40.42443],[-80.21364,40.42426],[-80.21296,40.42409],[-80.21262,40.42287],[-80.21206,40.42153],[-80.2119,40.42133],[-80.21101,40.4207],[-80.21036,40.41907],[-80.20396,40.41876],[-80.20169,40.4188],[-80.20152,40.41838],[-80.20099,40.41768],[-80.20086,40.41702],[-80.20071,40.41682],[-80.20048,40.41675],[-80.19925,40.41668],[-80.19854,40.41641],[-80.1984,40.41625],[-80.19789,40.41479],[-80.19745,40.41412],[-80.19544,40.41186],[-80.19306,40.40964],[-80.19248,40.40932],[-80.19252,40.40842],[-80.19222,40.40726],[-80.18984,40.40357],[-80.18894,40.40311],[-80.18464,40.40644],[-80.18159,40.40348],[-80.18208,40.40316],[-80.17971,40.40129],[-80.17988,40.40105],[-80.17767,40.39957],[-80.17666,40.4001],[-80.17553,40.40088],[-80.1747,40.40111],[-80.17335,40.40127],[-80.17272,40.40108],[-80.17251,40.40092],[-80.17237,40.40055],[-80.17214,40.39907],[-80.17219,40.39834],[-80.17164,40.39795],[-80.17121,40.39798],[-80.17079,40.39777],[-80.17035,40.39787],[-80.16959,40.39894],[-80.16923,40.40046],[-80.16935,40.40099],[-80.16927,40.40141],[-80.1687,40.402],[-80.16736,40.4182],[-80.16749,40.41826],[-80.16762,40.41815],[-80.16773,40.41817],[-80.1679,40.41843],[-80.1682,40.42015],[-80.16804,40.42082],[-80.16773,40.42079],[-80.16765,40.42095],[-80.16789,40.42137],[-80.16807,40.42194],[-80.16814,40.42245],[-80.1681,40.42287],[-80.16828,40.42298],[-80.16838,40.42317],[-80.16866,40.42334],[-80.16887,40.42375],[-80.16882,40.42397],[-80.1685,40.42415],[-80.16851,40.42451],[-80.16836,40.42485],[-80.16837,40.42499],[-80.16853,40.42513],[-80.16852,40.4254],[-80.16877,40.42616],[-80.16875,40.42625],[-80.1685,40.42637],[-80.16871,40.42672],[-80.1686,40.42708],[-80.16871,40.42732],[-80.16861,40.42766],[-80.16874,40.42793],[-80.16903,40.42809],[-80.16901,40.42832],[-80.16942,40.42853],[-80.16982,40.42912],[-80.16991,40.42947],[-80.16985,40.42986],[-80.17007,40.43024],[-80.16992,40.43094],[-80.17001,40.43105],[-80.17025,40.43109],[-80.17035,40.43173],[-80.17053,40.43193],[-80.17043,40.43212],[-80.17055,40.43247],[-80.17112,40.43287],[-80.17159,40.43345],[-80.17159,40.43372],[-80.17196,40.43421],[-80.17216,40.43431],[-80.17234,40.43491],[-80.17259,40.43518],[-80.17273,40.43552],[-80.17254,40.43598],[-80.17218,40.43634],[-80.17151,40.43659],[-80.17146,40.43682],[-80.17119,40.43717],[-80.17149,40.43734],[-80.17151,40.43764],[-80.17113,40.43953],[-80.17119,40.43962],[-80.17106,40.43993],[-80.17159,40.44148],[-80.1716,40.44183],[-80.17188,40.44232],[-80.17189,40.44248],[-80.17214,40.44278],[-80.17229,40.44366],[-80.17203,40.44401],[-80.17205,40.44605],[-80.17447,40.44544],[-80.17444,40.44558],[-80.17497,40.44542],[-80.17696,40.44472],[-80.17858,40.44404],[-80.17994,40.44407],[-80.18311,40.44376],[-80.18423,40.44356],[-80.18933,40.44181],[-80.19021,40.44176],[-80.1913,40.44192],[-80.19196,40.44192],[-80.19261,40.44179],[-80.19366,40.44144],[-80.19454,40.44132],[-80.19858,40.44174],[-80.20179,40.44185],[-80.20308,40.44176],[-80.20864,40.44066],[-80.20969,40.44021],[-80.21078,40.43942],[-80.21167,40.43917],[-80.21602,40.43917],[-80.22252,40.43995],[-80.22755,40.44009],[-80.23024,40.44026],[-80.23141,40.44049],[-80.23313,40.44115],[-80.23731,40.44166],[-80.23951,40.44171]]]},"properties":{"geoid":"42003453003","mobility_p25":44.1,"mobility_p25_se":4.8,"mobility_unreliable":false,"mobility_black_p25":null,"mobility_white_p25":45.9}},{"type":"Feature","geometry":{"type":"Polygon","coordinates":[[[-80.01807,40.44888],[-80.01707,40.44564],[-80.01683,40.44534],[-80.01645,40.44516],[-80.0165,40.44497],[-80.01642,40.44485],[-80.01629,40.44321],[-80.01457,40.44297],[-80.00808,40.4443],[-80.00334,40.44565],[-80.00387,40.44706],[-80.00469,40.44966],[-80.00591,40.44947],[-80.00741,40.44949],[-80.00831,40.44969],[-80.00895,40.44995],[-80.00873,40.44924],[-80.01032,40.44891],[-80.01044,40.44829],[-80.01068,40.4483],[-80.01066,40.44825],[-80.01504,40.44833],[-80.01589,40.44883],[-80.01807,40.44888]]]},"properties":{"geoid":"42003981200","mobility_p25":null,"mobility_p25_se":0,"mobility_unreliable":false,"mobility_black_p25":null,"mobility_white_p25":null}},{"type":"Feature","geometry":{"type":"Polygon","coordinates":[[[-80.06634,40.39535],[-80.06626,40.39464],[-80.06569,40.39326],[-80.0643,40.39324],[-80.06349,40.39306],[-80.05913,40.39081],[-80.05894,40.39098],[-80.05673,40.39145],[-80.05698,40.39237],[-80.0548,40.39265],[-80.05421,40.39292],[-80.05624,40.3956],[-80.05412,40.39649],[-80.05489,40.40095],[-80.05291,40.40116],[-80.0517,40.40067],[-80.05139,40.40146],[-80.05148,40.4015],[-80.0512,40.40194],[-80.05602,40.4042],[-80.05665,40.40388],[-80.06049,40.40287],[-80.06148,40.4025],[-80.06224,40.40205],[-80.06427,40.40045],[-80.0651,40.39954],[-80.06549,40.39878],[-80.06634,40.39535]]]},"properties":{"geoid":"42003470501","mobility_p25":52.5,"mobility_p25_se":3.8,"mobility_unreliable":false,"mobility_black_p25":null,"mobility_white_p25":55.5}},{"type":"Feature","geometry":{"type":"Polygon","coordinates":[[[-79.97341,40.43426],[-79.9735,40.43388],[-79.9603,40.42864],[-79.95928,40.42918],[-79.95851,40.42938],[-79.95759,40.42937],[-79.95654,40.42868],[-79.95528,40.42739],[-79.95515,40.42748],[-79.95401,40.42627],[-79.95365,40.42599],[-79.95254,40.42598],[-79.95221,40.42605],[-79.95189,40.42622],[-79.95043,40.4276],[-79.95147,40.42742],[-79.95256,40.42741],[-79.95387,40.42765],[-79.95471,40.42797],[-79.95578,40.42865],[-79.958,40.43093],[-79.95909,40.43177],[-79.95994,40.43222],[-79.96613,40.43492],[-79.96757,40.43546],[-79.96958,40.43594],[-79.96958,40.43586],[-79.96986,40.43587],[-79.9693,40.43577],[-79.97172,40.43599],[-79.97298,40.43601],[-79.97341,40.43426]]]},"properties":{"geoid":"42003980800","mobility_p25":null,"mobility_p25_se":null,"mobility_unreliable":true,"mobility_black_p25":null,"mobility_white_p25":null}},{"type":"Feature","geometry":{"type":"Polygon","coordinates":[[[-80.03734,40.4611],[-80.03585,40.4527],[-80.02823,40.44666],[-80.023,40.44453],[-80.01629,40.44321],[-80.01642,40.44485],[-80.0165,40.44497],[-80.01645,40.44516],[-80.01683,40.44534],[-80.01707,40.44564],[-80.0189,40.45152],[-80.02499,40.45041],[-80.02517,40.45083],[-80.02664,40.45057],[-80.0268,40.45106],[-80.02728,40.45098],[-80.0275,40.4514],[-80.0293,40.4569],[-80.02915,40.45693],[-80.02945,40.45734],[-80.03064,40.46098],[-80.03213,40.46206],[-80.0356,40.46136],[-80.03734,40.4611]]]},"properties":{"geoid":"42003980600","mobility_p25":null,"mobility_p25_se":0,"mobility_unreliable":false,"mobility_black_p25":null,"mobility_white_p25":null}},{"type":"Feature","geometry":{"type":"Polygon","coordinates":[[[-80.05111,40.46635],[-80.05118,40.4656],[-80.05037,40.46568],[-80.05042,40.46467],[-80.04595,40.46061],[-80.03585,40.4527],[-80.03734,40.4611],[-80.0356,40.46136],[-80.03213,40.46206],[-80.03149,40.46163],[-80.03131,40.46166],[-80.03134,40.46174],[-80.03078,40.46213],[-80.03084,40.46228],[-80.03149,40.46299],[-80.03174,40.46288],[-80.03389,40.46583],[-80.03541,40.4675],[-80.03631,40.46939],[-80.03819,40.4727],[-80.04303,40.47893],[-80.04371,40.4786],[-80.04839,40.47711],[-80.04757,40.47492],[-80.04713,40.47403],[-80.04684,40.47239],[-80.0471,40.47169],[-80.04777,40.47115],[-80.04965,40.46998],[-80.05027,40.46928],[-80.05096,40.46725],[-80.05111,40.46635]]]},"properties":{"geoid":"42003980900","mobility_p25":null,"mobility_p25_se":null,"mobility_unreliable":true,"mobility_black_p25":null,"mobility_white_p25":null}},{"type":"Feature","geometry":{"type":"Polygon","coordinates":[[[-80.0367,40.40078],[-80.03267,40.40154],[-80.03248,40.40173],[-80.03147,40.4004],[-80.03176,40.40009],[-80.02939,40.39721],[-80.02623,40.39831],[-80.02381,40.40012],[-80.02217,40.40174],[-80.01968,40.40371],[-80.01935,40.40405],[-80.01918,40.40431],[-80.0188,40.40535],[-80.01815,40.40776],[-80.01778,40.40845],[-80.0197,40.40918],[-80.02184,40.41066],[-80.02467,40.41057],[-80.02463,40.40934],[-80.02477,40.4087],[-80.02493,40.40842],[-80.02534,40.40799],[-80.02567,40.40778],[-80.02698,40.40712],[-80.02729,40.40767],[-80.02734,40.40857],[-80.02859,40.40856],[-80.0308,40.40935],[-80.03124,40.40943],[-80.0316,40.4093],[-80.03195,40.40936],[-80.0328,40.40794],[-80.03351,40.40734],[-80.03421,40.40696],[-80.03378,40.40617],[-80.0344,40.40595],[-80.03505,40.40585],[-80.03522,40.40572],[-80.03551,40.40524],[-80.03629,40.40529],[-80.03634,40.40426],[-80.03547,40.40429],[-80.03562,40.4017],[-80.0367,40.40078]]]},"properties":{"geoid":"42003192000","mobility_p25":42.9,"mobility_p25_se":2.3,"mobility_unreliable":false,"mobility_black_p25":39.3,"mobility_white_p25":44.2}},{"type":"Feature","geometry":{"type":"Polygon","coordinates":[[[-80.02087,40.55387],[-80.01974,40.55169],[-80.01782,40.54739],[-80.01749,40.54685],[-80.01675,40.54595],[-80.01693,40.54592],[-80.01448,40.54382],[-80.01311,40.54197],[-80.01245,40.54086],[-80.01099,40.53633],[-80.01095,40.53538],[-80.01107,40.53354],[-80.01096,40.53274],[-80.01046,40.53151],[-80.00994,40.53057],[-80.0091,40.53049],[-80.00806,40.53004],[-80.00741,40.52991],[-80.00674,40.52993],[-80.00415,40.53032],[-80.00404,40.53033],[-80.00375,40.53008],[-80.00385,40.53033],[-80.00391,40.53163],[-80.00377,40.53229],[-80.0032,40.5319],[-80.00293,40.53182],[-80.00046,40.53175],[-80.00045,40.53248],[-80.00029,40.53293],[-79.9989,40.53398],[-79.99886,40.53414],[-79.999,40.53515],[-79.99896,40.53527],[-79.99694,40.53651],[-79.99542,40.53805],[-79.99413,40.5384],[-79.99354,40.53869],[-79.99317,40.53878],[-79.99367,40.53896],[-79.99388,40.53924],[-79.99403,40.54325],[-79.99409,40.54349],[-79.99433,40.54382],[-79.9936,40.54334],[-79.98895,40.54355],[-79.98846,40.54364],[-79.98892,40.55394],[-79.99505,40.55401],[-80.00745,40.55395],[-80.00745,40.55404],[-80.01091,40.55392],[-80.02087,40.55387]]]},"properties":{"geoid":"42003429201","mobility_p25":53.6,"mobility_p25_se":4,"mobility_unreliable":false,"mobility_black_p25":null,"mobility_white_p25":55.7}},{"type":"Feature","geometry":{"type":"Polygon","coordinates":[[[-79.95228,40.42517],[-79.95229,40.4249],[-79.95209,40.4249],[-79.95079,40.42549],[-79.94983,40.42567],[-79.94978,40.42561],[-79.95087,40.42518],[-79.95104,40.42491],[-79.95065,40.42508],[-79.95008,40.42488],[-79.94951,40.4251],[-79.94756,40.42199],[-79.94104,40.41887],[-79.93984,40.41895],[-79.93973,40.429],[-79.93904,40.42885],[-79.94013,40.42951],[-79.94005,40.42981],[-79.94186,40.4301],[-79.94314,40.42965],[-79.94347,40.42926],[-79.94447,40.42908],[-79.94684,40.42847],[-79.94765,40.4286],[-79.94912,40.42912],[-79.94939,40.42889],[-79.94966,40.42919],[-79.94981,40.42858],[-79.95008,40.42806],[-79.95043,40.4276],[-79.95196,40.42602],[-79.95211,40.42576],[-79.95228,40.42517]]]},"properties":{"geoid":"42003151600","mobility_p25":38.6,"mobility_p25_se":2.8,"mobility_unreliable":false,"mobility_black_p25":null,"mobility_white_p25":40.8}},{"type":"Feature","geometry":{"type":"Polygon","coordinates":[[[-80.01092,40.35134],[-80.01067,40.35045],[-80.00853,40.3474],[-80.00688,40.34469],[-80.00666,40.34475],[-80.00562,40.34298],[-80.0016,40.34058],[-79.99818,40.33828],[-79.99768,40.33804],[-79.99663,40.3372],[-79.99517,40.33625],[-79.98881,40.33247],[-79.98954,40.33383],[-79.98989,40.33432],[-79.99051,40.33489],[-79.99146,40.33551],[-79.99152,40.33661],[-79.99147,40.33709],[-79.99098,40.33872],[-79.99087,40.33956],[-79.99106,40.34096],[-79.99158,40.34235],[-79.99179,40.3436],[-79.99194,40.34398],[-79.99249,40.34472],[-79.99451,40.34655],[-79.99579,40.34742],[-79.99606,40.34767],[-79.99628,40.34804],[-79.99636,40.3485],[-79.99617,40.34912],[-79.99491,40.35045],[-79.99547,40.35066],[-79.99658,40.35074],[-79.99748,40.3507],[-79.9982,40.35057],[-79.99823,40.35063],[-79.99888,40.35049],[-79.99974,40.35019],[-80.00412,40.34816],[-80.00428,40.3494],[-80.00372,40.34936],[-80.00415,40.34988],[-80.0039,40.34998],[-80.00417,40.35031],[-80.0037,40.35049],[-80.00378,40.3506],[-80.00352,40.35074],[-80.00343,40.35063],[-80.0031,40.35079],[-80.00537,40.35285],[-80.00677,40.35232],[-80.00739,40.35287],[-80.00904,40.35237],[-80.00916,40.35225],[-80.00944,40.35232],[-80.01049,40.35169],[-80.0104,40.3516],[-80.01092,40.35134]]]},"properties":{"geoid":"42003480102","mobility_p25":52.7,"mobility_p25_se":3.4,"mobility_unreliable":false,"mobility_black_p25":null,"mobility_white_p25":55.7}},{"type":"Feature","geometry":{"type":"Polygon","coordinates":[[[-79.99185,40.40726],[-79.99191,40.40717],[-79.98766,40.40608],[-79.98212,40.40588],[-79.98143,40.40574],[-79.9808,40.40949],[-79.98157,40.41042],[-79.98189,40.41611],[-79.98218,40.41608],[-79.98226,40.41767],[-79.98636,40.41756],[-79.98806,40.41848],[-79.98823,40.41847],[-79.98804,40.41443],[-79.98952,40.41222],[-79.99185,40.40726]]]},"properties":{"geoid":"42003481000","mobility_p25":40.2,"mobility_p25_se":1.8,"mobility_unreliable":false,"mobility_black_p25":30.1,"mobility_white_p25":43.6}},{"type":"Feature","geometry":{"type":"Polygon","coordinates":[[[-80.05762,40.48884],[-80.05769,40.4888],[-80.05647,40.48792],[-80.05735,40.4873],[-80.05472,40.4856],[-80.0513,40.48373],[-80.0511,40.48378],[-80.05071,40.48409],[-80.05066,40.48413],[-80.05073,40.48418],[-80.05,40.48478],[-80.04993,40.48539],[-80.04983,40.48562],[-80.04859,40.48642],[-80.04793,40.4863],[-80.04683,40.48716],[-80.04668,40.48715],[-80.04667,40.48704],[-80.04644,40.48716],[-80.04648,40.48752],[-80.0464,40.48783],[-80.04537,40.48852],[-80.04513,40.48905],[-80.04549,40.48966],[-80.04558,40.48994],[-80.04555,40.49016],[-80.04489,40.49088],[-80.04466,40.49137],[-80.04464,40.49188],[-80.04454,40.49213],[-80.04524,40.49335],[-80.0454,40.49376],[-80.04531,40.494],[-80.04553,40.49443],[-80.04601,40.49487],[-80.04711,40.49498],[-80.04778,40.49529],[-80.04822,40.49573],[-80.04843,40.49582],[-80.05132,40.49646],[-80.05268,40.49414],[-80.05242,40.49402],[-80.05463,40.49218],[-80.05579,40.49147],[-80.05508,40.49093],[-80.05562,40.49032],[-80.05762,40.48884]]]},"properties":{"geoid":"42003431100","mobility_p25":38.5,"mobility_p25_se":2.2,"mobility_unreliable":false,"mobility_black_p25":36,"mobility_white_p25":40}},{"type":"Feature","geometry":{"type":"Polygon","coordinates":[[[-80.10053,40.39578],[-80.1005,40.39506],[-80.10027,40.39437],[-80.10008,40.39417],[-80.09965,40.39393],[-80.09889,40.39387],[-80.09829,40.39394],[-80.09445,40.39478],[-80.09257,40.3951],[-80.08928,40.39513],[-80.08803,40.39492],[-80.08751,40.39455],[-80.08685,40.39379],[-80.08617,40.3925],[-80.08606,40.39204],[-80.08609,40.3912],[-80.08635,40.39009],[-80.08669,40.38926],[-80.08695,40.38885],[-80.08802,40.38781],[-80.08836,40.38758],[-80.08884,40.38742],[-80.08978,40.38731],[-80.0902,40.38719],[-80.08929,40.38671],[-80.08827,40.38641],[-80.08649,40.38613],[-80.08543,40.38605],[-80.08461,40.38614],[-80.08356,40.38653],[-80.08305,40.38688],[-80.08261,40.38732],[-80.08091,40.38978],[-80.08034,40.39027],[-80.07974,40.39062],[-80.07903,40.3909],[-80.0783,40.39106],[-80.07754,40.39111],[-80.0764,40.39102],[-80.07488,40.39068],[-80.07381,40.39078],[-80.07416,40.39119],[-80.07531,40.39188],[-80.07586,40.39246],[-80.07618,40.39322],[-80.07711,40.39637],[-80.07718,40.39687],[-80.07712,40.39739],[-80.07692,40.39779],[-80.07618,40.39858],[-80.07543,40.39895],[-80.07426,40.39918],[-80.07988,40.39987],[-80.07991,40.39922],[-80.08668,40.39868],[-80.08698,40.40326],[-80.08709,40.40326],[-80.08716,40.40296],[-80.08729,40.4028],[-80.08794,40.40242],[-80.08969,40.40183],[-80.09058,40.40144],[-80.09232,40.40136],[-80.09526,40.40059],[-80.09692,40.40043],[-80.09777,40.40027],[-80.09854,40.39998],[-80.0994,40.3989],[-80.09978,40.39826],[-80.10017,40.39784],[-80.10026,40.39698],[-80.10053,40.39578]]]},"properties":{"geoid":"42003470600","mobility_p25":47.4,"mobility_p25_se":2.4,"mobility_unreliable":false,"mobility_black_p25":null,"mobility_white_p25":48.7}},{"type":"Feature","geometry":{"type":"Polygon","coordinates":[[[-80.03149,40.46163],[-80.03058,40.46089],[-80.02945,40.45734],[-80.02915,40.45693],[-80.0293,40.4569],[-80.02781,40.4523],[-80.02728,40.45098],[-80.0268,40.45106],[-80.02664,40.45057],[-80.02517,40.45083],[-80.02499,40.45041],[-80.0189,40.45152],[-80.02059,40.45668],[-80.02346,40.45816],[-80.02354,40.45868],[-80.02344,40.4588],[-80.02496,40.45979],[-80.02939,40.4614],[-80.03035,40.46182],[-80.03078,40.46213],[-80.03134,40.46174],[-80.03131,40.46166],[-80.03149,40.46163]]]},"properties":{"geoid":"42003210700","mobility_p25":32,"mobility_p25_se":1.4,"mobility_unreliable":false,"mobility_black_p25":31.2,"mobility_white_p25":57.4}},{"type":"Feature","geometry":{"type":"Polygon","coordinates":[[[-79.94986,40.46218],[-79.94987,40.46209],[-79.94373,40.45881],[-79.94322,40.46234],[-79.9416,40.4622],[-79.94135,40.4641],[-79.94127,40.46415],[-79.93734,40.4634],[-79.93722,40.46337],[-79.93729,40.46327],[-79.93582,40.46292],[-79.93511,40.46473],[-79.93938,40.46453],[-79.94807,40.4657],[-79.94848,40.46422],[-79.94986,40.46218]]]},"properties":{"geoid":"42003080900","mobility_p25":41.2,"mobility_p25_se":3.2,"mobility_unreliable":false,"mobility_black_p25":27.9,"mobility_white_p25":48.8}},{"type":"Feature","geometry":{"type":"Polygon","coordinates":[[[-79.89849,40.45799],[-79.89853,40.45791],[-79.88809,40.45553],[-79.88773,40.45651],[-79.88837,40.45791],[-79.89107,40.45852],[-79.89045,40.46011],[-79.89269,40.46063],[-79.89259,40.46091],[-79.89266,40.46097],[-79.89756,40.46208],[-79.89755,40.46039],[-79.89849,40.45799]]]},"properties":{"geoid":"42003130200","mobility_p25":29.4,"mobility_p25_se":1.5,"mobility_unreliable":false,"mobility_black_p25":30.1,"mobility_white_p25":null}},{"type":"Feature","geometry":{"type":"Polygon","coordinates":[[[-79.90544,40.45529],[-79.90548,40.45524],[-79.90455,40.45487],[-79.89483,40.45118],[-79.89361,40.45065],[-79.89289,40.45017],[-79.89149,40.45222],[-79.89074,40.4541],[-79.89263,40.45453],[-79.8919,40.45639],[-79.90111,40.45849],[-79.90222,40.45569],[-79.90275,40.45491],[-79.90291,40.45489],[-79.90526,40.45556],[-79.90544,40.45529]]]},"properties":{"geoid":"42003130300","mobility_p25":29.4,"mobility_p25_se":1.5,"mobility_unreliable":false,"mobility_black_p25":30.1,"mobility_white_p25":null}},{"type":"Feature","geometry":{"type":"Polygon","coordinates":[[[-79.9082,40.38935],[-79.90782,40.38792],[-79.90663,40.38844],[-79.90639,40.38847],[-79.90173,40.38707],[-79.89749,40.38603],[-79.89735,40.38588],[-79.89751,40.38528],[-79.89655,40.38514],[-79.89645,40.38548],[-79.89557,40.38523],[-79.89453,40.38507],[-79.89439,40.38641],[-79.89472,40.38709],[-79.89485,40.38775],[-79.89469,40.38773],[-79.89465,40.38793],[-79.89442,40.38816],[-79.89415,40.38922],[-79.89425,40.38955],[-79.89397,40.39016],[-79.89365,40.39037],[-79.89348,40.39085],[-79.89361,40.39152],[-79.89405,40.39159],[-79.89396,40.3924],[-79.89405,40.39267],[-79.89476,40.39359],[-79.89477,40.394],[-79.89465,40.39451],[-79.89471,40.3947],[-79.89487,40.39476],[-79.89712,40.39419],[-79.89727,40.39428],[-79.89679,40.39429],[-79.89652,40.39481],[-79.89773,40.39578],[-79.89964,40.39549],[-79.89983,40.39612],[-79.90175,40.39782],[-79.90092,40.39823],[-79.90194,40.39943],[-79.90062,40.40003],[-79.90264,40.40131],[-79.90648,40.39939],[-79.90704,40.40006],[-79.90737,40.39958],[-79.90675,40.39907],[-79.90632,40.39857],[-79.90662,40.39832],[-79.90744,40.39682],[-79.90605,40.39602],[-79.90566,40.39599],[-79.90463,40.39612],[-79.90298,40.39488],[-79.90531,40.39316],[-79.90763,40.38918],[-79.9082,40.38935]]]},"properties":{"geoid":"42003484600","mobility_p25":47.9,"mobility_p25_se":3.2,"mobility_unreliable":false,"mobility_black_p25":null,"mobility_white_p25":51.3}},{"type":"Feature","geometry":{"type":"Polygon","coordinates":[[[-80.25142,40.55602],[-80.24875,40.55464],[-80.24584,40.55643],[-80.24216,40.55316],[-80.24027,40.55325],[-80.2404,40.54755],[-80.24028,40.54754],[-80.24032,40.54631],[-80.23894,40.54665],[-80.23848,40.54666],[-80.23697,40.54631],[-80.23659,40.54612],[-80.23612,40.5457],[-80.2349,40.54638],[-80.23447,40.54592],[-80.23213,40.54721],[-80.23207,40.54792],[-80.22554,40.54462],[-80.22579,40.54424],[-80.21755,40.54573],[-80.2135,40.5443],[-80.20925,40.54987],[-80.20749,40.55194],[-80.21034,40.55344],[-80.21188,40.55447],[-80.21361,40.55583],[-80.21572,40.55804],[-80.21991,40.56204],[-80.2213,40.5636],[-80.22214,40.56474],[-80.22243,40.56502],[-80.22682,40.57098],[-80.22858,40.57307],[-80.23201,40.57059],[-80.25142,40.55602]]]},"properties":{"geoid":"42003449000","mobility_p25":42.5,"mobility_p25_se":3.2,"mobility_unreliable":false,"mobility_black_p25":null,"mobility_white_p25":44.6}},{"type":"Feature","geometry":{"type":"Polygon","coordinates":[[[-80.00469,40.44966],[-80.00387,40.44706],[-80.00334,40.44565],[-79.99792,40.44727],[-79.99562,40.44844],[-79.99239,40.45041],[-79.99079,40.45159],[-79.99344,40.45382],[-79.99228,40.45477],[-79.99293,40.45523],[-79.99361,40.45525],[-79.99429,40.45494],[-79.99453,40.45497],[-79.99467,40.4554],[-79.9931,40.45579],[-79.9913,40.45673],[-79.99408,40.45796],[-79.99409,40.45827],[-79.99427,40.45805],[-79.99471,40.45821],[-79.99548,40.4581],[-79.99544,40.45833],[-79.99464,40.45972],[-79.99395,40.46054],[-79.99319,40.46122],[-79.995,40.46005],[-79.99608,40.45949],[-79.99849,40.45862],[-79.99917,40.45847],[-79.99952,40.45972],[-79.9997,40.45967],[-79.99973,40.45988],[-80.00004,40.45977],[-80.00005,40.45996],[-80.00098,40.45942],[-80.00083,40.45895],[-80.00224,40.45868],[-80.00157,40.45641],[-80.00262,40.45622],[-80.00091,40.45086],[-80.00134,40.45078],[-80.0012,40.45037],[-80.00469,40.44966]]]},"properties":{"geoid":"42003563200","mobility_p25":35.9,"mobility_p25_se":1.8,"mobility_unreliable":false,"mobility_black_p25":26.4,"mobility_white_p25":40.6}},{"type":"Feature","geometry":{"type":"Polygon","coordinates":[[[-80.15522,40.49677],[-80.1552,40.49634],[-80.15463,40.49544],[-80.15418,40.4953],[-80.15326,40.49551],[-80.15284,40.49548],[-80.15152,40.49485],[-80.15133,40.49469],[-80.15117,40.4942],[-80.15103,40.49406],[-80.15004,40.4936],[-80.1497,40.49331],[-80.14917,40.49226],[-80.14911,40.49172],[-80.1492,40.49144],[-80.14947,40.49131],[-80.1503,40.49116],[-80.14965,40.49036],[-80.14939,40.49033],[-80.14912,40.49047],[-80.14889,40.49077],[-80.14851,40.49161],[-80.14826,40.49169],[-80.14619,40.48993],[-80.14598,40.48962],[-80.14569,40.48875],[-80.14549,40.4884],[-80.14412,40.48727],[-80.144,40.48687],[-80.14405,40.48597],[-80.14394,40.48527],[-80.14364,40.48457],[-80.14317,40.48411],[-80.14271,40.48397],[-80.14221,40.48393],[-80.14003,40.48459],[-80.13934,40.48466],[-80.13866,40.48459],[-80.13731,40.48409],[-80.1335,40.48188],[-80.13189,40.48128],[-80.12518,40.48228],[-80.12467,40.48228],[-80.12387,40.482],[-80.12355,40.48179],[-80.12271,40.48057],[-80.1224,40.48026],[-80.12203,40.48012],[-80.12161,40.48015],[-80.12086,40.48037],[-80.12108,40.48069],[-80.12107,40.48085],[-80.12162,40.48193],[-80.12264,40.48366],[-80.12304,40.48468],[-80.12338,40.48531],[-80.12345,40.48565],[-80.12399,40.48633],[-80.12449,40.48759],[-80.12505,40.48841],[-80.12591,40.48997],[-80.12123,40.49648],[-80.11962,40.49901],[-80.11592,40.50396],[-80.12099,40.50483],[-80.12489,40.50569],[-80.12692,40.50628],[-80.13416,40.50891],[-80.13498,40.50931],[-80.1381,40.5113],[-80.14123,40.51262],[-80.14371,40.51346],[-80.1479,40.5145],[-80.14901,40.51471],[-80.14964,40.51492],[-80.1498,40.51433],[-80.1492,40.51332],[-80.14902,40.51266],[-80.14903,40.51225],[-80.14931,40.51135],[-80.14921,40.5111],[-80.1489,40.51081],[-80.14831,40.51049],[-80.14839,40.51005],[-80.14874,40.50923],[-80.14875,40.50889],[-80.14857,40.5087],[-80.14759,40.50846],[-80.14729,40.5083],[-80.14675,40.50781],[-80.14659,40.50725],[-80.14629,40.50689],[-80.14644,40.50675],[-80.14589,40.50644],[-80.14515,40.50527],[-80.14449,40.5044],[-80.14425,40.50384],[-80.14395,40.50368],[-80.14322,40.5036],[-80.14291,40.50327],[-80.14257,40.5031],[-80.14249,40.50299],[-80.14213,40.50303],[-80.1416,40.50285],[-80.14122,40.502],[-80.14113,40.50151],[-80.14125,40.50085],[-80.14128,40.49979],[-80.14165,40.49929],[-80.14188,40.49916],[-80.14229,40.49914],[-80.14273,40.4993],[-80.14311,40.49953],[-80.14413,40.50046],[-80.14453,40.50068],[-80.14464,40.50095],[-80.14462,40.50119],[-80.14477,40.50131],[-80.14492,40.5013],[-80.14581,40.50086],[-80.14631,40.50005],[-80.14668,40.49967],[-80.14703,40.49948],[-80.14729,40.49953],[-80.1479,40.50007],[-80.1485,40.50013],[-80.15111,40.49969],[-80.15161,40.49958],[-80.15181,40.49942],[-80.15219,40.49932],[-80.15271,40.49942],[-80.15338,40.49923],[-80.15355,40.49914],[-80.15349,40.49878],[-80.15427,40.49803],[-80.1551,40.49702],[-80.15522,40.49677]]]},"properties":{"geoid":"42003459101","mobility_p25":54.6,"mobility_p25_se":4.3,"mobility_unreliable":false,"mobility_black_p25":null,"mobility_white_p25":56.8}},{"type":"Feature","geometry":{"type":"Polygon","coordinates":[[[-80.06623,40.49097],[-80.0636,40.48893],[-80.06151,40.48749],[-80.05931,40.48614],[-80.05464,40.48297],[-80.05318,40.48217],[-80.0511,40.48378],[-80.0513,40.48373],[-80.05472,40.4856],[-80.05735,40.4873],[-80.05647,40.48792],[-80.05769,40.4888],[-80.05562,40.49032],[-80.05508,40.49093],[-80.05579,40.49147],[-80.05463,40.49218],[-80.05242,40.49402],[-80.05268,40.49414],[-80.05057,40.49774],[-80.05622,40.50073],[-80.06138,40.50158],[-80.06097,40.49679],[-80.06093,40.49555],[-80.06107,40.49553],[-80.06198,40.49472],[-80.06219,40.4943],[-80.06255,40.49388],[-80.06301,40.49361],[-80.06383,40.4934],[-80.06623,40.49097]]]},"properties":{"geoid":"42003431500","mobility_p25":42.1,"mobility_p25_se":2.4,"mobility_unreliable":false,"mobility_black_p25":47.6,"mobility_white_p25":43.7}},{"type":"Feature","geometry":{"type":"Polygon","coordinates":[[[-80.01708,40.35903],[-80.01162,40.35199],[-80.01152,40.35174],[-80.01148,40.35049],[-80.01067,40.35045],[-80.01092,40.35134],[-80.0104,40.3516],[-80.01049,40.35169],[-80.00944,40.35232],[-80.00916,40.35225],[-80.00904,40.35237],[-80.00739,40.35287],[-80.00677,40.35232],[-80.00537,40.35285],[-80.0031,40.35079],[-80.00343,40.35063],[-80.00352,40.35074],[-80.00378,40.3506],[-80.0037,40.35049],[-80.00417,40.35031],[-80.0039,40.34998],[-80.00415,40.34988],[-80.00372,40.34936],[-80.00428,40.3494],[-80.00412,40.34816],[-79.99931,40.35037],[-79.99823,40.35063],[-79.9982,40.35057],[-79.99679,40.35074],[-79.99547,40.35066],[-79.99491,40.35045],[-79.99417,40.3512],[-79.99609,40.35198],[-79.99598,40.35256],[-79.99628,40.35298],[-79.99537,40.35381],[-79.99517,40.35432],[-79.99519,40.35458],[-79.99551,40.35477],[-79.99629,40.35486],[-79.99651,40.35501],[-79.99669,40.35532],[-79.99739,40.35592],[-79.99865,40.35637],[-79.99904,40.35659],[-79.99979,40.35771],[-79.99966,40.35775],[-80.00052,40.3591],[-80.00077,40.35969],[-80.00078,40.36027],[-80.00025,40.3634],[-80.00012,40.36376],[-79.9996,40.36447],[-79.99939,40.36497],[-79.99941,40.36633],[-79.99927,40.36708],[-79.9985,40.36908],[-79.99767,40.37029],[-79.99865,40.37034],[-79.99991,40.37063],[-80.00155,40.3706],[-80.0079,40.36661],[-80.00488,40.36479],[-80.00964,40.36027],[-80.01122,40.36203],[-80.01282,40.36198],[-80.01594,40.35995],[-80.01629,40.35954],[-80.01641,40.359],[-80.01708,40.35903]]]},"properties":{"geoid":"42003477100","mobility_p25":56.8,"mobility_p25_se":3.4,"mobility_unreliable":false,"mobility_black_p25":null,"mobility_white_p25":57}},{"type":"Feature","geometry":{"type":"Polygon","coordinates":[[[-79.96926,40.3858],[-79.96924,40.38338],[-79.96906,40.38261],[-79.96876,40.38212],[-79.96843,40.38187],[-79.96652,40.3812],[-79.96676,40.38059],[-79.96579,40.38022],[-79.96372,40.37921],[-79.96277,40.37886],[-79.96509,40.37566],[-79.96402,40.37447],[-79.96423,40.3743],[-79.96162,40.37153],[-79.9621,40.37069],[-79.96262,40.37047],[-79.95845,40.36972],[-79.95806,40.36952],[-79.95774,40.36951],[-79.95689,40.36966],[-79.95647,40.36955],[-79.95583,40.36927],[-79.95548,40.36901],[-79.95436,40.36773],[-79.95386,40.36732],[-79.95163,40.36651],[-79.95002,40.36603],[-79.94981,40.36601],[-79.94977,40.36614],[-79.94949,40.36633],[-79.94937,40.36654],[-79.94918,40.36759],[-79.94896,40.36804],[-79.94814,40.36817],[-79.94787,40.36886],[-79.94577,40.36953],[-79.94324,40.37188],[-79.94206,40.37308],[-79.94065,40.37468],[-79.94273,40.37597],[-79.94367,40.37497],[-79.9455,40.37608],[-79.94333,40.37816],[-79.94406,40.37857],[-79.94315,40.37948],[-79.94289,40.37933],[-79.94253,40.37967],[-79.93828,40.38016],[-79.93547,40.38095],[-79.93553,40.3825],[-79.93538,40.38361],[-79.93612,40.3888],[-79.94209,40.38821],[-79.94365,40.3891],[-79.94384,40.38903],[-79.9444,40.39018],[-79.94634,40.39027],[-79.94707,40.39017],[-79.94728,40.39005],[-79.9492,40.39059],[-79.94915,40.39123],[-79.9495,40.39124],[-79.94952,40.39073],[-79.94977,40.39082],[-79.9501,40.3908],[-79.95244,40.39018],[-79.95402,40.39016],[-79.95435,40.38998],[-79.95492,40.38982],[-79.9572,40.3899],[-79.95716,40.3897],[-79.95867,40.39014],[-79.96064,40.39086],[-79.96139,40.39081],[-79.96228,40.39043],[-79.96265,40.39016],[-79.96355,40.38927],[-79.96377,40.38867],[-79.96411,40.38827],[-79.96577,40.38753],[-79.96675,40.38691],[-79.96695,40.38659],[-79.96713,40.38583],[-79.96926,40.3858]]]},"properties":{"geoid":"42003480400","mobility_p25":54.3,"mobility_p25_se":2.5,"mobility_unreliable":false,"mobility_black_p25":null,"mobility_white_p25":55.5}},{"type":"Feature","geometry":{"type":"Polygon","coordinates":[[[-79.84716,40.42857],[-79.84405,40.4251],[-79.84359,40.4245],[-79.84302,40.42211],[-79.84145,40.42017],[-79.8409,40.41931],[-79.84152,40.41901],[-79.84129,40.41865],[-79.84066,40.41891],[-79.83964,40.41722],[-79.84053,40.41692],[-79.84009,40.41621],[-79.8392,40.41648],[-79.83854,40.41533],[-79.83871,40.41524],[-79.83897,40.41487],[-79.83838,40.41508],[-79.83701,40.41294],[-79.83472,40.41084],[-79.83396,40.40946],[-79.83897,40.40579],[-79.83888,40.40571],[-79.83896,40.40566],[-79.83826,40.40517],[-79.83819,40.40411],[-79.83715,40.40246],[-79.83332,40.40533],[-79.83325,40.40647],[-79.83344,40.40672],[-79.83346,40.40697],[-79.83338,40.40776],[-79.83328,40.40793],[-79.83335,40.40884],[-79.83265,40.40984],[-79.83192,40.40928],[-79.8312,40.41067],[-79.82748,40.41006],[-79.82741,40.41101],[-79.8267,40.41393],[-79.82483,40.4125],[-79.82486,40.41258],[-79.82466,40.41246],[-79.82492,40.41311],[-79.82488,40.4138],[-79.82457,40.41449],[-79.82382,40.41561],[-79.82322,40.41621],[-79.8226,40.41646],[-79.82183,40.41669],[-79.82087,40.41679],[-79.82018,40.41778],[-79.82255,40.41657],[-79.82281,40.41652],[-79.82306,40.41663],[-79.82334,40.41692],[-79.82267,40.41737],[-79.82162,40.41779],[-79.82199,40.41796],[-79.82303,40.41772],[-79.82353,40.41772],[-79.82425,40.41794],[-79.82479,40.41839],[-79.82681,40.42159],[-79.82705,40.42216],[-79.82708,40.42293],[-79.8264,40.42502],[-79.82637,40.42572],[-79.82811,40.42538],[-79.8288,40.42584],[-79.82969,40.42317],[-79.83132,40.42294],[-79.83096,40.42392],[-79.82992,40.42749],[-79.83181,40.43044],[-79.83255,40.43031],[-79.83304,40.42939],[-79.83372,40.42873],[-79.83382,40.42805],[-79.83379,40.42753],[-79.83456,40.42867],[-79.84388,40.42812],[-79.84483,40.4293],[-79.84716,40.42857]]]},"properties":{"geoid":"42003520002","mobility_p25":46.3,"mobility_p25_se":2.5,"mobility_unreliable":false,"mobility_black_p25":41.1,"mobility_white_p25":48.6}},{"type":"Feature","geometry":{"type":"Polygon","coordinates":[[[-79.81124,40.46046],[-79.8109,40.46006],[-79.81011,40.45963],[-79.80972,40.45953],[-79.80789,40.45948],[-79.8063,40.45899],[-79.8046,40.45873],[-79.80331,40.45826],[-79.80263,40.45786],[-79.80191,40.45714],[-79.80085,40.45639],[-79.80036,40.45581],[-79.80019,40.45532],[-79.80014,40.45466],[-79.80059,40.45379],[-79.80063,40.45352],[-79.80057,40.45334],[-79.7976,40.45029],[-79.79717,40.44956],[-79.7971,40.44894],[-79.79686,40.44872],[-79.79667,40.44868],[-79.79641,40.44895],[-79.79628,40.45011],[-79.79474,40.45084],[-79.79288,40.45157],[-79.78916,40.4524],[-79.788,40.45273],[-79.7872,40.45314],[-79.78587,40.45425],[-79.78545,40.45446],[-79.78408,40.45558],[-79.78322,40.45599],[-79.7825,40.45652],[-79.78215,40.4569],[-79.78189,40.45756],[-79.78093,40.45913],[-79.77985,40.4598],[-79.77928,40.45989],[-79.77931,40.46104],[-79.7792,40.46277],[-79.77788,40.46354],[-79.77754,40.46404],[-79.77748,40.46502],[-79.77679,40.46583],[-79.7776,40.4696],[-79.7784,40.47598],[-79.77976,40.47653],[-79.7809,40.47639],[-79.78254,40.47662],[-79.78616,40.47789],[-79.78606,40.47773],[-79.79099,40.47501],[-79.79156,40.47488],[-79.79348,40.47538],[-79.79962,40.47754],[-79.79986,40.47722],[-79.79977,40.47691],[-79.79747,40.47541],[-79.79733,40.47517],[-79.79636,40.47229],[-79.79634,40.47208],[-79.79652,40.47155],[-79.7964,40.47068],[-79.79618,40.47005],[-79.79569,40.46938],[-79.7959,40.46837],[-79.79605,40.46815],[-79.79756,40.46814],[-79.79791,40.4681],[-79.79819,40.46796],[-79.79896,40.46654],[-79.79906,40.46568],[-79.79922,40.46527],[-79.79949,40.46489],[-79.80045,40.46416],[-79.8019,40.46358],[-79.80317,40.46293],[-79.80378,40.46274],[-79.80406,40.46257],[-79.80428,40.46211],[-79.80447,40.46102],[-79.80459,40.4608],[-79.80487,40.46057],[-79.80557,40.4604],[-79.80716,40.46037],[-79.80953,40.46016],[-79.81031,40.4602],[-79.81124,40.46046]]]},"properties":{"geoid":"42003523502","mobility_p25":37.9,"mobility_p25_se":3,"mobility_unreliable":false,"mobility_black_p25":33,"mobility_white_p25":42.9}},{"type":"Feature","geometry":{"type":"Polygon","coordinates":[[[-79.82099,40.48796],[-79.82096,40.48684],[-79.8207,40.48592],[-79.82032,40.48537],[-79.81925,40.4842],[-79.81842,40.48473],[-79.81779,40.48497],[-79.81733,40.4849],[-79.81522,40.48401],[-79.81454,40.48385],[-79.81384,40.48384],[-79.81269,40.48402],[-79.81174,40.48397],[-79.81104,40.48378],[-79.81044,40.4835],[-79.80991,40.48314],[-79.80889,40.48221],[-79.80762,40.48155],[-79.80455,40.48136],[-79.801,40.48084],[-79.80054,40.48047],[-79.79981,40.47792],[-79.79962,40.47754],[-79.79307,40.47526],[-79.79156,40.47488],[-79.79117,40.47492],[-79.78606,40.47773],[-79.78616,40.47789],[-79.78232,40.47657],[-79.78059,40.47639],[-79.77976,40.47653],[-79.77887,40.47617],[-79.77861,40.47655],[-79.77845,40.47649],[-79.77811,40.47825],[-79.77992,40.47847],[-79.77963,40.48007],[-79.77874,40.48086],[-79.78039,40.48178],[-79.78034,40.48193],[-79.78081,40.48218],[-79.78091,40.48366],[-79.78103,40.48393],[-79.78162,40.48476],[-79.78363,40.48642],[-79.78363,40.48653],[-79.78381,40.48667],[-79.78377,40.48677],[-79.78407,40.48696],[-79.78404,40.48717],[-79.78389,40.48726],[-79.78415,40.48733],[-79.78409,40.48748],[-79.78418,40.48772],[-79.78409,40.48786],[-79.78409,40.4881],[-79.78361,40.48852],[-79.78357,40.48894],[-79.78368,40.48919],[-79.78336,40.48988],[-79.78483,40.49072],[-79.78522,40.49101],[-79.78543,40.4913],[-79.78533,40.49226],[-79.7851,40.49331],[-79.784,40.49455],[-79.78443,40.49479],[-79.78493,40.49483],[-79.78557,40.49478],[-79.78605,40.49459],[-79.78634,40.49459],[-79.78865,40.49569],[-79.78905,40.49665],[-79.78895,40.4981],[-79.78887,40.49836],[-79.78826,40.49897],[-79.78813,40.4992],[-79.78816,40.49955],[-79.78898,40.50039],[-79.7893,40.50097],[-79.78953,40.50121],[-79.79006,40.50153],[-79.79087,40.50157],[-79.79125,40.50177],[-79.79185,40.50228],[-79.7924,40.50315],[-79.79244,40.50347],[-79.79234,40.50377],[-79.79186,40.50463],[-79.79192,40.50526],[-79.79145,40.50581],[-79.79145,40.50628],[-79.79179,40.50794],[-79.793,40.50979],[-79.79319,40.51024],[-79.79321,40.51061],[-79.79365,40.51148],[-79.794,40.51185],[-79.79442,40.51201],[-79.79462,40.51201],[-79.79539,40.51168],[-79.79605,40.51124],[-79.7967,40.511],[-79.79736,40.5109],[-79.79808,40.51024],[-79.79868,40.51024],[-79.79916,40.51046],[-79.79954,40.51101],[-79.79972,40.51179],[-79.80024,40.51234],[-79.8006,40.51312],[-79.80138,40.5138],[-79.80231,40.51433],[-79.80404,40.51457],[-79.80506,40.51409],[-79.80158,40.51254],[-79.80125,40.51226],[-79.80068,40.51148],[-79.79967,40.51035],[-79.79926,40.51003],[-79.79896,40.50995],[-79.79789,40.50992],[-79.79649,40.51015],[-79.79569,40.50987],[-79.7935,40.50743],[-79.79367,40.50707],[-79.79382,40.50696],[-79.7941,40.5069],[-79.79567,40.5069],[-79.79646,40.50695],[-79.79861,40.50732],[-79.79902,40.5073],[-79.80168,40.50663],[-79.80237,40.50634],[-79.80299,40.50597],[-79.80632,40.50351],[-79.80674,40.50311],[-79.80674,40.50279],[-79.8064,40.50187],[-79.80611,40.5007],[-79.80616,40.49932],[-79.80594,40.49833],[-79.80594,40.498],[-79.80621,40.49752],[-79.8077,40.49607],[-79.80859,40.49493],[-79.80942,40.49418],[-79.80974,40.49375],[-79.81054,40.49318],[-79.8111,40.49261],[-79.81157,40.49228],[-79.81332,40.49161],[-79.81478,40.49085],[-79.81644,40.49021],[-79.81986,40.4895],[-79.81998,40.48911],[-79.82013,40.48928],[-79.82083,40.48848],[-79.82099,40.48796]]]},"properties":{"geoid":"42003523702","mobility_p25":45.2,"mobility_p25_se":1.9,"mobility_unreliable":false,"mobility_black_p25":26.9,"mobility_white_p25":49.6}},{"type":"Feature","geometry":{"type":"Polygon","coordinates":[[[-79.78543,40.49155],[-79.78543,40.4913],[-79.78522,40.49101],[-79.78435,40.49039],[-79.78399,40.49027],[-79.78336,40.48988],[-79.78368,40.48919],[-79.78357,40.48894],[-79.78361,40.48852],[-79.78409,40.4881],[-79.78409,40.48786],[-79.78418,40.48772],[-79.78409,40.48748],[-79.78415,40.48733],[-79.78389,40.48726],[-79.78404,40.48717],[-79.78407,40.48696],[-79.78377,40.48677],[-79.78381,40.48667],[-79.78363,40.48653],[-79.78363,40.48642],[-79.78162,40.48476],[-79.78103,40.48393],[-79.78091,40.48366],[-79.78081,40.48218],[-79.78034,40.48193],[-79.78039,40.48178],[-79.77874,40.48086],[-79.77963,40.48007],[-79.77992,40.47847],[-79.77811,40.47825],[-79.77845,40.47649],[-79.77861,40.47655],[-79.77887,40.47617],[-79.7784,40.47598],[-79.7776,40.4696],[-79.77679,40.46583],[-79.77748,40.46502],[-79.77754,40.46404],[-79.77788,40.46354],[-79.7792,40.46277],[-79.7793,40.46095],[-79.77601,40.46028],[-79.77432,40.45972],[-79.77349,40.45966],[-79.77268,40.45982],[-79.7694,40.46086],[-79.7681,40.46202],[-79.76742,40.46207],[-79.76207,40.46181],[-79.76145,40.46159],[-79.7603,40.46048],[-79.75895,40.46031],[-79.7586,40.45986],[-79.75833,40.4599],[-79.75771,40.45972],[-79.75661,40.45965],[-79.75596,40.45976],[-79.75427,40.46029],[-79.75351,40.46028],[-79.75311,40.46009],[-79.75177,40.45919],[-79.74948,40.4582],[-79.74802,40.45716],[-79.74562,40.45665],[-79.74461,40.45663],[-79.73958,40.45779],[-79.73886,40.45776],[-79.73641,40.45653],[-79.73609,40.45626],[-79.73566,40.45564],[-79.73504,40.45515],[-79.73325,40.45439],[-79.73141,40.45334],[-79.73042,40.45306],[-79.72904,40.45244],[-79.72752,40.45149],[-79.72608,40.45077],[-79.72431,40.45006],[-79.72329,40.44941],[-79.72202,40.44879],[-79.72058,40.4478],[-79.71988,40.44743],[-79.71713,40.44649],[-79.71463,40.44591],[-79.71385,40.44584],[-79.71403,40.44727],[-79.71405,40.44849],[-79.71387,40.44985],[-79.71357,40.45083],[-79.71528,40.4511],[-79.7154,40.45128],[-79.71487,40.45201],[-79.71456,40.45293],[-79.71453,40.45343],[-79.71469,40.45392],[-79.71511,40.45437],[-79.71563,40.45468],[-79.7172,40.45518],[-79.71903,40.45608],[-79.72201,40.45884],[-79.72439,40.46059],[-79.72574,40.46147],[-79.72651,40.46229],[-79.7305,40.46569],[-79.73062,40.46589],[-79.73075,40.46724],[-79.73107,40.46822],[-79.73117,40.46941],[-79.73115,40.47042],[-79.73135,40.47113],[-79.73183,40.47188],[-79.7331,40.47294],[-79.7335,40.47337],[-79.7337,40.47382],[-79.73367,40.47466],[-79.73372,40.4749],[-79.73557,40.47688],[-79.73587,40.47768],[-79.73603,40.47784],[-79.73696,40.47755],[-79.73954,40.47767],[-79.74383,40.4773],[-79.74449,40.47714],[-79.74611,40.47745],[-79.74827,40.47741],[-79.74938,40.47777],[-79.75119,40.47822],[-79.75303,40.47854],[-79.75425,40.4784],[-79.75685,40.47836],[-79.75778,40.47827],[-79.75813,40.47822],[-79.75914,40.47777],[-79.76096,40.47815],[-79.76212,40.47863],[-79.76279,40.47906],[-79.76389,40.48036],[-79.7648,40.48171],[-79.76587,40.48371],[-79.76602,40.48387],[-79.76692,40.48426],[-79.76962,40.48567],[-79.77157,40.48636],[-79.77257,40.48702],[-79.77305,40.48764],[-79.77469,40.48885],[-79.77517,40.48899],[-79.77799,40.48928],[-79.77943,40.48971],[-79.78014,40.48979],[-79.78327,40.49047],[-79.78483,40.49118],[-79.78496,40.49135],[-79.78505,40.49174],[-79.78536,40.49176],[-79.78543,40.49155]]]},"properties":{"geoid":"42003526202","mobility_p25":48.5,"mobility_p25_se":2.2,"mobility_unreliable":false,"mobility_black_p25":34.4,"mobility_white_p25":49.2}},{"type":"Feature","geometry":{"type":"Polygon","coordinates":[[[-80.072,40.45336],[-80.07216,40.45328],[-80.06944,40.45157],[-80.06588,40.4505],[-80.06457,40.44974],[-80.06284,40.44854],[-80.05996,40.45068],[-80.05525,40.45211],[-80.0551,40.45254],[-80.05452,40.4526],[-80.05458,40.45329],[-80.05574,40.45385],[-80.05838,40.45429],[-80.05826,40.45471],[-80.05956,40.45493],[-80.05934,40.45561],[-80.05964,40.45537],[-80.06026,40.45595],[-80.0611,40.45543],[-80.06207,40.45635],[-80.06107,40.45704],[-80.06189,40.45794],[-80.06193,40.45833],[-80.06209,40.45827],[-80.06216,40.45835],[-80.06208,40.45869],[-80.06233,40.45946],[-80.06255,40.45958],[-80.06276,40.46],[-80.06259,40.46045],[-80.06246,40.46043],[-80.06282,40.46119],[-80.06406,40.46082],[-80.0639,40.46045],[-80.06428,40.46034],[-80.06438,40.46022],[-80.06418,40.45974],[-80.0642,40.4596],[-80.06475,40.45936],[-80.06484,40.45923],[-80.06481,40.45911],[-80.06697,40.45978],[-80.06745,40.4579],[-80.06722,40.45776],[-80.0669,40.45734],[-80.06734,40.45716],[-80.06747,40.45717],[-80.06713,40.45683],[-80.06711,40.456],[-80.06872,40.45522],[-80.07,40.45447],[-80.07019,40.45428],[-80.072,40.45336]]]},"properties":{"geoid":"42003202200","mobility_p25":42.2,"mobility_p25_se":2.2,"mobility_unreliable":false,"mobility_black_p25":33.5,"mobility_white_p25":48.4}},{"type":"Feature","geometry":{"type":"Polygon","coordinates":[[[-79.87235,40.42691],[-79.87167,40.42643],[-79.86953,40.42565],[-79.86908,40.42536],[-79.8687,40.42491],[-79.86825,40.42381],[-79.86809,40.42359],[-79.86771,40.42335],[-79.86639,40.42286],[-79.86388,40.42242],[-79.86136,40.42157],[-79.8597,40.42072],[-79.8582,40.42111],[-79.85152,40.41837],[-79.85238,40.41713],[-79.85225,40.417],[-79.85117,40.41837],[-79.85061,40.41923],[-79.85054,40.41947],[-79.85003,40.41979],[-79.85084,40.42044],[-79.85002,40.42117],[-79.84977,40.42232],[-79.84952,40.42293],[-79.84955,40.42331],[-79.85024,40.42465],[-79.85177,40.4297],[-79.85189,40.4301],[-79.85187,40.43038],[-79.85159,40.43145],[-79.84977,40.43248],[-79.84879,40.4334],[-79.84845,40.4336],[-79.84862,40.43386],[-79.85201,40.43689],[-79.85609,40.43378],[-79.85737,40.43487],[-79.85763,40.43521],[-79.86135,40.43843],[-79.86675,40.43132],[-79.86884,40.43221],[-79.86943,40.43201],[-79.87006,40.4319],[-79.87064,40.43193],[-79.87113,40.43206],[-79.87157,40.43175],[-79.87046,40.42994],[-79.87086,40.42936],[-79.87115,40.42865],[-79.8712,40.42839],[-79.87105,40.42759],[-79.87235,40.42691]]]},"properties":{"geoid":"42003518001","mobility_p25":49.5,"mobility_p25_se":4,"mobility_unreliable":false,"mobility_black_p25":22.5,"mobility_white_p25":56.2}},{"type":"Feature","geometry":{"type":"Polygon","coordinates":[[[-79.96601,40.45519],[-79.96574,40.45375],[-79.96435,40.45221],[-79.96436,40.45196],[-79.96537,40.45016],[-79.96487,40.44878],[-79.96454,40.44888],[-79.96235,40.44888],[-79.95925,40.44831],[-79.95847,40.44845],[-79.9549,40.45098],[-79.95407,40.4531],[-79.95413,40.45348],[-79.9544,40.45405],[-79.95527,40.4573],[-79.95579,40.45808],[-79.95595,40.4582],[-79.95695,40.45856],[-79.95698,40.45847],[-79.9572,40.45854],[-79.95707,40.45831],[-79.95798,40.45851],[-79.96042,40.45698],[-79.96429,40.45595],[-79.96601,40.45519]]]},"properties":{"geoid":"42003050600","mobility_p25":31.2,"mobility_p25_se":1.5,"mobility_unreliable":false,"mobility_black_p25":30,"mobility_white_p25":40}},{"type":"Feature","geometry":{"type":"Polygon","coordinates":[[[-79.89927,40.41706],[-79.89962,40.41545],[-79.89789,40.41495],[-79.89618,40.41399],[-79.89431,40.41269],[-79.89062,40.4104],[-79.88988,40.41154],[-79.88816,40.4148],[-79.88868,40.41509],[-79.88733,40.41689],[-79.88709,40.41684],[-79.88695,40.41751],[-79.88627,40.41867],[-79.88679,40.41932],[-79.88711,40.41988],[-79.88733,40.42069],[-79.88716,40.42075],[-79.8872,40.42114],[-79.88713,40.42163],[-79.88687,40.4227],[-79.88636,40.4242],[-79.88645,40.42432],[-79.88674,40.42438],[-79.88665,40.42465],[-79.88774,40.42501],[-79.88801,40.42468],[-79.88762,40.42424],[-79.89103,40.42291],[-79.89742,40.42011],[-79.89847,40.41881],[-79.89887,40.41885],[-79.89927,40.41706]]]},"properties":{"geoid":"42003515300","mobility_p25":41,"mobility_p25_se":2.4,"mobility_unreliable":false,"mobility_black_p25":33.9,"mobility_white_p25":50.2}},{"type":"Feature","geometry":{"type":"Polygon","coordinates":[[[-79.89448,40.43356],[-79.89456,40.43353],[-79.89273,40.43102],[-79.8921,40.42958],[-79.89239,40.42847],[-79.89238,40.42828],[-79.89092,40.42756],[-79.89027,40.42681],[-79.88801,40.42468],[-79.88774,40.42501],[-79.88665,40.42465],[-79.88674,40.42438],[-79.88645,40.42432],[-79.88618,40.42396],[-79.88521,40.4269],[-79.88546,40.42694],[-79.88477,40.4291],[-79.88463,40.43038],[-79.88486,40.43225],[-79.88578,40.43684],[-79.88597,40.43686],[-79.88958,40.43561],[-79.89448,40.43356]]]},"properties":{"geoid":"42003516100","mobility_p25":49.5,"mobility_p25_se":5.6,"mobility_unreliable":true,"mobility_black_p25":null,"mobility_white_p25":51.3}},{"type":"Feature","geometry":{"type":"Polygon","coordinates":[[[-79.88578,40.43684],[-79.88486,40.43225],[-79.88463,40.43038],[-79.88477,40.4291],[-79.88546,40.42694],[-79.88286,40.42675],[-79.88149,40.42607],[-79.87993,40.42844],[-79.87981,40.42839],[-79.8791,40.42871],[-79.87818,40.42895],[-79.87627,40.42788],[-79.87516,40.42836],[-79.87509,40.42897],[-79.87471,40.42934],[-79.87476,40.42937],[-79.87429,40.43008],[-79.87369,40.43085],[-79.8733,40.432],[-79.87262,40.43289],[-79.87219,40.43375],[-79.87403,40.43419],[-79.87424,40.43502],[-79.87418,40.43526],[-79.87636,40.43478],[-79.87753,40.4355],[-79.87918,40.43399],[-79.88266,40.43609],[-79.88578,40.43684]]]},"properties":{"geoid":"42003516200","mobility_p25":38.8,"mobility_p25_se":4.1,"mobility_unreliable":false,"mobility_black_p25":33.6,"mobility_white_p25":44.5}},{"type":"Feature","geometry":{"type":"Polygon","coordinates":[[[-79.9839,40.44852],[-79.98365,40.44764],[-79.98272,40.44637],[-79.973,40.45049],[-79.97252,40.44962],[-79.97046,40.45049],[-79.96892,40.45115],[-79.96946,40.452],[-79.96666,40.45318],[-79.96644,40.45318],[-79.96598,40.45297],[-79.96492,40.45288],[-79.96579,40.45384],[-79.96604,40.45545],[-79.96601,40.45566],[-79.96613,40.45571],[-79.96597,40.45587],[-79.96742,40.45521],[-79.9683,40.455],[-79.97003,40.45434],[-79.97367,40.45284],[-79.97425,40.45254],[-79.97568,40.45154],[-79.97685,40.45097],[-79.97797,40.45063],[-79.97985,40.45023],[-79.98146,40.44971],[-79.98149,40.44982],[-79.98176,40.4496],[-79.9839,40.44852]]]},"properties":{"geoid":"42003050900","mobility_p25":30.1,"mobility_p25_se":1.6,"mobility_unreliable":false,"mobility_black_p25":29.5,"mobility_white_p25":null}},{"type":"Feature","geometry":{"type":"Polygon","coordinates":[[[-79.87583,40.42808],[-79.87448,40.42498],[-79.87381,40.42366],[-79.87341,40.42305],[-79.87382,40.42221],[-79.87396,40.42155],[-79.87399,40.42069],[-79.87239,40.41783],[-79.87208,40.41739],[-79.87198,40.41668],[-79.87115,40.41688],[-79.87068,40.41681],[-79.87011,40.4164],[-79.8687,40.41585],[-79.86769,40.41513],[-79.86799,40.41453],[-79.86918,40.41427],[-79.86951,40.41404],[-79.86452,40.41139],[-79.86094,40.41175],[-79.86055,40.40902],[-79.85296,40.40897],[-79.85095,40.41045],[-79.84903,40.4117],[-79.84987,40.41392],[-79.85068,40.41432],[-79.84992,40.41461],[-79.85,40.41532],[-79.8499,40.41554],[-79.85059,40.41577],[-79.85261,40.41678],[-79.85152,40.41837],[-79.8582,40.42111],[-79.8597,40.42072],[-79.86136,40.42157],[-79.86388,40.42242],[-79.86639,40.42286],[-79.86771,40.42335],[-79.86809,40.42359],[-79.86825,40.42381],[-79.8687,40.42491],[-79.86908,40.42536],[-79.86953,40.42565],[-79.87167,40.42643],[-79.87235,40.42691],[-79.87105,40.42759],[-79.8712,40.42839],[-79.87115,40.42865],[-79.87086,40.42936],[-79.87046,40.42994],[-79.87157,40.43175],[-79.87113,40.43206],[-79.87064,40.43193],[-79.87006,40.4319],[-79.86943,40.43201],[-79.86884,40.43221],[-79.872,40.43354],[-79.87193,40.43368],[-79.87219,40.43375],[-79.87262,40.43289],[-79.8733,40.432],[-79.87369,40.43085],[-79.87429,40.43008],[-79.87476,40.42937],[-79.87471,40.42934],[-79.87509,40.42897],[-79.87516,40.42836],[-79.87583,40.42808]]]},"properties":{"geoid":"42003517000","mobility_p25":41.8,"mobility_p25_se":3.4,"mobility_unreliable":false,"mobility_black_p25":40.4,"mobility_white_p25":41.9}},{"type":"Feature","geometry":{"type":"Polygon","coordinates":[[[-79.78501,40.40047],[-79.78506,40.40042],[-79.7831,40.4009],[-79.77796,40.40178],[-79.77772,40.40097],[-79.7781,40.40107],[-79.77847,40.4005],[-79.77627,40.40009],[-79.77525,40.40002],[-79.77418,40.40057],[-79.77528,40.40187],[-79.77534,40.40222],[-79.77514,40.40217],[-79.77292,40.40086],[-79.77166,40.39986],[-79.77063,40.40042],[-79.77174,40.40137],[-79.77229,40.4017],[-79.77024,40.40362],[-79.76981,40.40406],[-79.76973,40.40423],[-79.76942,40.40598],[-79.76996,40.40707],[-79.77008,40.40763],[-79.76987,40.40802],[-79.77149,40.41041],[-79.77257,40.40983],[-79.77338,40.41037],[-79.77371,40.40981],[-79.77307,40.40963],[-79.77323,40.40955],[-79.77431,40.40992],[-79.77424,40.4102],[-79.77474,40.41035],[-79.7748,40.41008],[-79.77582,40.41043],[-79.77275,40.41454],[-79.77567,40.41397],[-79.77599,40.41435],[-79.77654,40.41602],[-79.7765,40.41672],[-79.77631,40.41719],[-79.77676,40.4173],[-79.77653,40.41796],[-79.77587,40.41904],[-79.77618,40.41925],[-79.77591,40.41984],[-79.77738,40.42021],[-79.77986,40.4224],[-79.7813,40.41902],[-79.77753,40.41811],[-79.77836,40.41613],[-79.77748,40.41585],[-79.77745,40.41619],[-79.77785,40.4162],[-79.77784,40.41656],[-79.77758,40.41656],[-79.77744,40.41676],[-79.77704,40.41693],[-79.77697,40.41688],[-79.77705,40.41677],[-79.77708,40.41619],[-79.77723,40.41619],[-79.7774,40.41582],[-79.77831,40.41354],[-79.77964,40.41055],[-79.77888,40.41057],[-79.77945,40.40925],[-79.77918,40.40923],[-79.77988,40.40761],[-79.78242,40.40493],[-79.78309,40.40434],[-79.78279,40.40406],[-79.78273,40.40387],[-79.78301,40.40309],[-79.78334,40.40254],[-79.78282,40.40216],[-79.78501,40.40047]]]},"properties":{"geoid":"42003522000","mobility_p25":43.1,"mobility_p25_se":2,"mobility_unreliable":false,"mobility_black_p25":null,"mobility_white_p25":43.8}},{"type":"Feature","geometry":{"type":"Polygon","coordinates":[[[-79.84478,40.4532],[-79.84464,40.45278],[-79.84382,40.45203],[-79.84386,40.45142],[-79.84374,40.45074],[-79.84023,40.44979],[-79.83535,40.44507],[-79.82952,40.44431],[-79.8294,40.44469],[-79.82836,40.44436],[-79.82799,40.44471],[-79.82827,40.44479],[-79.82639,40.45224],[-79.82613,40.4527],[-79.82583,40.45296],[-79.82368,40.45431],[-79.82324,40.45484],[-79.82298,40.45552],[-79.82297,40.45614],[-79.82327,40.45746],[-79.82328,40.45915],[-79.82336,40.45956],[-79.82383,40.46059],[-79.824,40.46121],[-79.82412,40.46364],[-79.82435,40.46459],[-79.82505,40.46547],[-79.82612,40.4662],[-79.82717,40.4655],[-79.82844,40.46488],[-79.83029,40.46471],[-79.83118,40.46499],[-79.83219,40.46567],[-79.8331,40.46694],[-79.83344,40.46716],[-79.83386,40.46729],[-79.83464,40.46742],[-79.83574,40.46735],[-79.8376,40.46662],[-79.83883,40.46571],[-79.83961,40.46442],[-79.83987,40.46349],[-79.84087,40.46228],[-79.84107,40.46148],[-79.84118,40.46128],[-79.84267,40.46021],[-79.84269,40.4598],[-79.843,40.4586],[-79.84305,40.45792],[-79.84384,40.45722],[-79.84414,40.45679],[-79.84457,40.45512],[-79.84478,40.4532]]]},"properties":{"geoid":"42003523400","mobility_p25":43.6,"mobility_p25_se":2.2,"mobility_unreliable":false,"mobility_black_p25":33.7,"mobility_white_p25":50}},{"type":"Feature","geometry":{"type":"Polygon","coordinates":[[[-79.85031,40.49601],[-79.85034,40.49594],[-79.84512,40.49598],[-79.84445,40.49676],[-79.84411,40.49732],[-79.84339,40.49956],[-79.84319,40.50079],[-79.84332,40.5023],[-79.84289,40.50336],[-79.8414,40.50344],[-79.84107,40.50357],[-79.84027,40.50351],[-79.83953,40.50335],[-79.83817,40.50266],[-79.83779,40.50221],[-79.83692,40.50208],[-79.8364,40.50186],[-79.83498,40.50149],[-79.83443,40.50121],[-79.83408,40.50085],[-79.83379,40.50085],[-79.8338,40.50135],[-79.83346,40.50138],[-79.83375,40.51031],[-79.83402,40.51271],[-79.83442,40.51204],[-79.83564,40.51148],[-79.83645,40.51149],[-79.83697,40.51173],[-79.8378,40.51181],[-79.84138,40.51191],[-79.8419,40.51186],[-79.84253,40.51151],[-79.84341,40.5113],[-79.84444,40.51118],[-79.84501,40.51038],[-79.84488,40.51011],[-79.84539,40.50956],[-79.84578,40.50879],[-79.84616,40.50832],[-79.84723,40.50766],[-79.84728,40.50787],[-79.84753,40.50775],[-79.84945,40.50743],[-79.84916,40.50604],[-79.84885,40.50366],[-79.84892,40.50244],[-79.84938,40.49886],[-79.84968,40.49759],[-79.85031,40.49601]]]},"properties":{"geoid":"42003524000","mobility_p25":48.9,"mobility_p25_se":2.4,"mobility_unreliable":false,"mobility_black_p25":null,"mobility_white_p25":48.2}},{"type":"Feature","geometry":{"type":"Polygon","coordinates":[[[-79.99665,40.43292],[-79.99018,40.43221],[-79.98907,40.43231],[-79.97547,40.43437],[-79.9735,40.43388],[-79.97264,40.43769],[-79.97355,40.43795],[-79.97589,40.43815],[-79.9939,40.43893],[-79.99411,40.43843],[-79.99397,40.43848],[-79.99417,40.43803],[-79.99403,40.43803],[-79.99453,40.43599],[-79.9946,40.43605],[-79.99665,40.43292]]]},"properties":{"geoid":"42003010300","mobility_p25":31.5,"mobility_p25_se":2.6,"mobility_unreliable":false,"mobility_black_p25":29.7,"mobility_white_p25":null}},{"type":"Feature","geometry":{"type":"Polygon","coordinates":[[[-79.95594,40.4603],[-79.95526,40.45969],[-79.95405,40.45827],[-79.95345,40.45784],[-79.95299,40.45763],[-79.95181,40.45738],[-79.94752,40.45687],[-79.94739,40.45801],[-79.94824,40.45846],[-79.94709,40.46062],[-79.95255,40.46355],[-79.95278,40.46361],[-79.95594,40.4603]]]},"properties":{"geoid":"42003080200","mobility_p25":41.7,"mobility_p25_se":3.2,"mobility_unreliable":false,"mobility_black_p25":null,"mobility_white_p25":43.5}},{"type":"Feature","geometry":{"type":"Polygon","coordinates":[[[-79.95148,40.45734],[-79.951,40.45593],[-79.94977,40.45311],[-79.94969,40.45258],[-79.94308,40.45457],[-79.94427,40.45525],[-79.94198,40.45594],[-79.94149,40.45504],[-79.93859,40.45591],[-79.93877,40.45615],[-79.93906,40.45631],[-79.94709,40.46062],[-79.94824,40.45846],[-79.94739,40.45801],[-79.94752,40.45687],[-79.95148,40.45734]]]},"properties":{"geoid":"42003080400","mobility_p25":44.1,"mobility_p25_se":3.9,"mobility_unreliable":false,"mobility_black_p25":35.2,"mobility_white_p25":52.6}},{"type":"Feature","geometry":{"type":"Polygon","coordinates":[[[-79.87202,40.41257],[-79.87193,40.41222],[-79.87134,40.41172],[-79.87097,40.41197],[-79.8661,40.40789],[-79.86569,40.40734],[-79.86545,40.40687],[-79.86541,40.40497],[-79.86304,40.40585],[-79.86251,40.40618],[-79.85961,40.40712],[-79.85894,40.40749],[-79.85775,40.40845],[-79.85733,40.40869],[-79.85784,40.40873],[-79.8588,40.40902],[-79.86055,40.40902],[-79.86094,40.41175],[-79.86452,40.41139],[-79.86951,40.41404],[-79.87202,40.41257]]]},"properties":{"geoid":"42003512900","mobility_p25":31.8,"mobility_p25_se":1.7,"mobility_unreliable":false,"mobility_black_p25":33.5,"mobility_white_p25":31.6}},{"type":"Feature","geometry":{"type":"Polygon","coordinates":[[[-79.88989,40.41153],[-79.89062,40.4104],[-79.88988,40.40989],[-79.8812,40.40555],[-79.87944,40.40423],[-79.87461,40.40754],[-79.87158,40.41157],[-79.87134,40.41172],[-79.87193,40.41222],[-79.87202,40.41257],[-79.87191,40.41264],[-79.8727,40.41314],[-79.87407,40.41373],[-79.87485,40.41396],[-79.87818,40.4145],[-79.87914,40.41472],[-79.88003,40.41501],[-79.88221,40.41593],[-79.88319,40.41599],[-79.88471,40.4164],[-79.88733,40.41689],[-79.88868,40.41509],[-79.88816,40.4148],[-79.88989,40.41153]]]},"properties":{"geoid":"42003514000","mobility_p25":34.2,"mobility_p25_se":1.9,"mobility_unreliable":false,"mobility_black_p25":31.3,"mobility_white_p25":40.3}},{"type":"Feature","geometry":{"type":"Polygon","coordinates":[[[-79.88733,40.42069],[-79.88711,40.41988],[-79.88679,40.41932],[-79.88627,40.41867],[-79.88695,40.41751],[-79.88709,40.41684],[-79.88471,40.4164],[-79.88319,40.41599],[-79.88221,40.41593],[-79.88003,40.41501],[-79.87818,40.4145],[-79.87485,40.41396],[-79.87346,40.4135],[-79.8727,40.41314],[-79.87191,40.41264],[-79.86918,40.41427],[-79.86799,40.41453],[-79.86769,40.41513],[-79.8687,40.41585],[-79.87011,40.4164],[-79.87068,40.41681],[-79.87115,40.41688],[-79.87198,40.41668],[-79.87208,40.41739],[-79.87239,40.41783],[-79.87399,40.42069],[-79.87396,40.42155],[-79.87382,40.42221],[-79.87352,40.42284],[-79.87641,40.42234],[-79.87728,40.42235],[-79.87738,40.42166],[-79.87842,40.42194],[-79.87893,40.422],[-79.88026,40.42174],[-79.88369,40.42274],[-79.88379,40.42274],[-79.88376,40.42264],[-79.88509,40.42285],[-79.88557,40.42301],[-79.88514,40.42428],[-79.886,40.42452],[-79.88618,40.42396],[-79.88636,40.4242],[-79.88687,40.4227],[-79.88713,40.42163],[-79.8872,40.42114],[-79.88716,40.42075],[-79.88733,40.42069]]]},"properties":{"geoid":"42003515100","mobility_p25":37,"mobility_p25_se":1.8,"mobility_unreliable":false,"mobility_black_p25":29.6,"mobility_white_p25":47.4}},{"type":"Feature","geometry":{"type":"Polygon","coordinates":[[[-79.88568,40.42549],[-79.886,40.42452],[-79.88514,40.42428],[-79.88557,40.42301],[-79.88509,40.42285],[-79.88376,40.42264],[-79.88379,40.42274],[-79.88369,40.42274],[-79.88026,40.42174],[-79.87893,40.422],[-79.87842,40.42194],[-79.87738,40.42166],[-79.87728,40.42235],[-79.87641,40.42234],[-79.87352,40.42284],[-79.87341,40.42305],[-79.87381,40.42366],[-79.87448,40.42498],[-79.87583,40.42808],[-79.87627,40.42788],[-79.87818,40.42895],[-79.8791,40.42871],[-79.87981,40.42839],[-79.87993,40.42844],[-79.88149,40.42607],[-79.88286,40.42675],[-79.88521,40.4269],[-79.88568,40.42549]]]},"properties":{"geoid":"42003515200","mobility_p25":34.2,"mobility_p25_se":2.4,"mobility_unreliable":false,"mobility_black_p25":27.9,"mobility_white_p25":38.2}},{"type":"Feature","geometry":{"type":"Polygon","coordinates":[[[-80.11251,40.35425],[-80.11086,40.35311],[-80.11029,40.35262],[-80.11006,40.35235],[-80.10988,40.35189],[-80.11013,40.35156],[-80.10803,40.35142],[-80.10745,40.35088],[-80.10689,40.35017],[-80.10619,40.3489],[-80.10608,40.34885],[-80.10461,40.34896],[-80.10463,40.34912],[-80.10363,40.34924],[-80.09979,40.34935],[-80.09881,40.34958],[-80.09807,40.35001],[-80.09562,40.35326],[-80.09206,40.35175],[-80.09023,40.35043],[-80.08993,40.35057],[-80.08769,40.35239],[-80.09525,40.35539],[-80.09539,40.35629],[-80.09624,40.35626],[-80.09693,40.35642],[-80.09819,40.357],[-80.09865,40.35709],[-80.09903,40.35758],[-80.09776,40.35753],[-80.09539,40.36209],[-80.09496,40.36269],[-80.09536,40.36317],[-80.09513,40.36322],[-80.09518,40.36337],[-80.09527,40.36335],[-80.09542,40.36383],[-80.09476,40.36419],[-80.09468,40.36432],[-80.09658,40.36376],[-80.09843,40.36363],[-80.09957,40.36346],[-80.10175,40.36355],[-80.10342,40.36314],[-80.10383,40.36317],[-80.10397,40.36329],[-80.10561,40.36243],[-80.10723,40.36136],[-80.11104,40.35798],[-80.1117,40.35701],[-80.11218,40.35602],[-80.11251,40.35425]]]},"properties":{"geoid":"42003457200","mobility_p25":43.5,"mobility_p25_se":2.5,"mobility_unreliable":false,"mobility_black_p25":39.3,"mobility_white_p25":45.2}},{"type":"Feature","geometry":{"type":"Polygon","coordinates":[[[-80.2273,40.57396],[-80.22858,40.57307],[-80.22682,40.57098],[-80.2213,40.5636],[-80.21991,40.56204],[-80.21572,40.55804],[-80.21361,40.55583],[-80.21188,40.55447],[-80.21012,40.55333],[-80.20828,40.55468],[-80.20488,40.55684],[-80.20342,40.55791],[-80.20092,40.55948],[-80.19773,40.56166],[-80.2033,40.56621],[-80.2046,40.56534],[-80.20462,40.56513],[-80.20528,40.56456],[-80.20702,40.56585],[-80.20917,40.56709],[-80.20888,40.56728],[-80.21011,40.56795],[-80.21254,40.56971],[-80.21462,40.57135],[-80.21352,40.57224],[-80.21484,40.57335],[-80.21588,40.57383],[-80.21739,40.57471],[-80.21823,40.57744],[-80.21871,40.57834],[-80.21918,40.57945],[-80.21946,40.57946],[-80.22013,40.57991],[-80.22056,40.57991],[-80.22069,40.57983],[-80.22123,40.57883],[-80.2217,40.57855],[-80.22227,40.57797],[-80.22252,40.57786],[-80.22302,40.578],[-80.22407,40.57727],[-80.22414,40.57712],[-80.22411,40.5768],[-80.22363,40.57592],[-80.22383,40.57545],[-80.22405,40.57527],[-80.22709,40.57415],[-80.2273,40.57396]]]},"properties":{"geoid":"42003448000","mobility_p25":49,"mobility_p25_se":3.4,"mobility_unreliable":false,"mobility_black_p25":null,"mobility_white_p25":50.4}},{"type":"Feature","geometry":{"type":"Polygon","coordinates":[[[-80.09532,40.4576],[-80.09455,40.45336],[-80.09465,40.45193],[-80.0945,40.45133],[-80.09404,40.45093],[-80.0936,40.45075],[-80.09326,40.45075],[-80.09257,40.45083],[-80.09151,40.45134],[-80.09071,40.45142],[-80.09024,40.45124],[-80.08994,40.45102],[-80.08952,40.45043],[-80.08953,40.44984],[-80.09102,40.44905],[-80.09027,40.44752],[-80.09011,40.44658],[-80.0904,40.44541],[-80.09016,40.44416],[-80.08924,40.44333],[-80.0881,40.44295],[-80.08407,40.44193],[-80.08288,40.44044],[-80.08249,40.44023],[-80.08252,40.44006],[-80.08231,40.44005],[-80.0824,40.44024],[-80.08075,40.43974],[-80.08051,40.44049],[-80.08023,40.44064],[-80.07812,40.44135],[-80.07635,40.44181],[-80.07851,40.44653],[-80.07695,40.44714],[-80.07635,40.44725],[-80.07653,40.44801],[-80.07315,40.44865],[-80.07294,40.44832],[-80.07159,40.44862],[-80.06836,40.44778],[-80.06722,40.44883],[-80.06704,40.44889],[-80.06668,40.44882],[-80.06619,40.44938],[-80.06535,40.44882],[-80.06535,40.44854],[-80.06429,40.44817],[-80.06432,40.44771],[-80.06401,40.44762],[-80.06363,40.44792],[-80.06261,40.44723],[-80.0619,40.44781],[-80.06276,40.4485],[-80.0654,40.45026],[-80.0662,40.45062],[-80.06944,40.45157],[-80.07216,40.45328],[-80.07019,40.45428],[-80.07,40.45447],[-80.06872,40.45522],[-80.06711,40.456],[-80.06713,40.45683],[-80.06747,40.45717],[-80.06734,40.45716],[-80.0669,40.45734],[-80.06722,40.45776],[-80.06745,40.4579],[-80.06697,40.45978],[-80.06899,40.46045],[-80.06946,40.46042],[-80.0705,40.46059],[-80.07326,40.46132],[-80.07388,40.46156],[-80.07544,40.46267],[-80.07498,40.46355],[-80.07476,40.46361],[-80.0765,40.46466],[-80.07734,40.46475],[-80.07806,40.46468],[-80.0794,40.46385],[-80.07993,40.46337],[-80.08052,40.46193],[-80.08089,40.46124],[-80.08119,40.46088],[-80.08227,40.46],[-80.08316,40.45961],[-80.0837,40.45944],[-80.08678,40.45986],[-80.08802,40.45974],[-80.09186,40.45985],[-80.09461,40.45972],[-80.09503,40.45942],[-80.09523,40.4591],[-80.09532,40.4576]]]},"properties":{"geoid":"42003563000","mobility_p25":34.5,"mobility_p25_se":1.6,"mobility_unreliable":false,"mobility_black_p25":29.1,"mobility_white_p25":48.2}},{"type":"Feature","geometry":{"type":"Polygon","coordinates":[[[-79.8177,40.3222],[-79.8177,40.322],[-79.81607,40.3196],[-79.81442,40.31987],[-79.81051,40.32016],[-79.80328,40.3198],[-79.79982,40.31916],[-79.79632,40.31824],[-79.79331,40.31708],[-79.79247,40.31658],[-79.79181,40.31598],[-79.79106,40.31521],[-79.79053,40.31448],[-79.79028,40.31378],[-79.79004,40.31232],[-79.79023,40.31098],[-79.79176,40.30907],[-79.79267,40.30837],[-79.79483,40.3071],[-79.79606,40.30658],[-79.79973,40.30561],[-79.80462,40.30404],[-79.80553,40.30351],[-79.80677,40.30224],[-79.80694,40.3016],[-79.80719,40.2995],[-79.80714,40.29882],[-79.80689,40.29787],[-79.80645,40.29702],[-79.80569,40.29618],[-79.80303,40.29364],[-79.80248,40.29321],[-79.80173,40.29278],[-79.80105,40.29258],[-79.79956,40.2926],[-79.79876,40.29287],[-79.79805,40.29344],[-79.79675,40.29461],[-79.79486,40.29654],[-79.79359,40.29764],[-79.7929,40.29799],[-79.79108,40.29807],[-79.78907,40.29784],[-79.7878,40.29753],[-79.78785,40.29769],[-79.78764,40.29902],[-79.78822,40.29933],[-79.78421,40.31389],[-79.7823,40.32153],[-79.78199,40.32382],[-79.7798,40.33321],[-79.77951,40.3351],[-79.77441,40.35967],[-79.78584,40.3599],[-79.79601,40.36022],[-79.80163,40.36029],[-79.80355,40.36041],[-79.8028,40.36031],[-79.80267,40.36019],[-79.80595,40.36038],[-79.80614,40.36058],[-79.81261,40.361],[-79.81302,40.36085],[-79.81342,40.36046],[-79.81224,40.36042],[-79.81164,40.35934],[-79.81024,40.35813],[-79.80983,40.3575],[-79.80848,40.35701],[-79.80818,40.35676],[-79.80798,40.35611],[-79.80792,40.35525],[-79.80737,40.35465],[-79.80663,40.35351],[-79.8053,40.35227],[-79.80444,40.35169],[-79.80264,40.35089],[-79.80101,40.35043],[-79.7998,40.35034],[-79.80039,40.34933],[-79.8004,40.34784],[-79.80023,40.34714],[-79.79963,40.34548],[-79.79875,40.34395],[-79.79941,40.3435],[-79.80301,40.33998],[-79.80392,40.33926],[-79.80454,40.3389],[-79.80581,40.33833],[-79.8087,40.33745],[-79.80962,40.33694],[-79.81382,40.33264],[-79.81543,40.33032],[-79.81715,40.32863],[-79.81644,40.32819],[-79.81621,40.32795],[-79.81595,40.32753],[-79.81583,40.32689],[-79.81624,40.32427],[-79.81748,40.3229],[-79.81764,40.32262],[-79.8177,40.3222]]]},"properties":{"geoid":"42003564200","mobility_p25":46.3,"mobility_p25_se":3.7,"mobility_unreliable":false,"mobility_black_p25":null,"mobility_white_p25":47.8}},{"type":"Feature","geometry":{"type":"Polygon","coordinates":[[[-80.21012,40.55333],[-80.20749,40.55194],[-80.20768,40.55167],[-80.20168,40.54817],[-80.20098,40.54758],[-80.19904,40.54544],[-80.19699,40.54293],[-80.19568,40.54121],[-80.19525,40.54046],[-80.1933,40.54144],[-80.19172,40.54241],[-80.1908,40.54285],[-80.1899,40.54353],[-80.18686,40.54541],[-80.18055,40.54915],[-80.18087,40.5546],[-80.18075,40.55619],[-80.18177,40.55672],[-80.18065,40.55729],[-80.18152,40.56177],[-80.18091,40.56217],[-80.18101,40.56461],[-80.18142,40.56437],[-80.18651,40.5689],[-80.18972,40.56708],[-80.19316,40.56492],[-80.19414,40.56413],[-80.19937,40.56051],[-80.19978,40.5603],[-80.20092,40.55948],[-80.20342,40.55791],[-80.20488,40.55684],[-80.20828,40.55468],[-80.21012,40.55333]]]},"properties":{"geoid":"42003446000","mobility_p25":59.6,"mobility_p25_se":7.3,"mobility_unreliable":true,"mobility_black_p25":null,"mobility_white_p25":57.9}},{"type":"Feature","geometry":{"type":"Polygon","coordinates":[[[-79.89939,40.47887],[-79.89934,40.47853],[-79.89877,40.47796],[-79.89855,40.47755],[-79.89861,40.47673],[-79.89847,40.47623],[-79.89837,40.47497],[-79.89847,40.4743],[-79.89828,40.47374],[-79.89808,40.47355],[-79.89847,40.47325],[-79.89874,40.47283],[-79.89925,40.47272],[-79.89605,40.46875],[-79.8966,40.46838],[-79.89744,40.46711],[-79.89802,40.46563],[-79.89898,40.46467],[-79.8962,40.46404],[-79.89445,40.46254],[-79.8931,40.46241],[-79.88999,40.46168],[-79.88997,40.46211],[-79.88828,40.47004],[-79.88772,40.47314],[-79.88708,40.47592],[-79.88755,40.47517],[-79.88824,40.47441],[-79.88859,40.47358],[-79.88905,40.47412],[-79.88861,40.47482],[-79.88865,40.47496],[-79.88897,40.47511],[-79.88918,40.47508],[-79.88985,40.47463],[-79.8938,40.47494],[-79.8937,40.47538],[-79.89302,40.4758],[-79.89277,40.47607],[-79.89264,40.47664],[-79.89271,40.47681],[-79.89289,40.47699],[-79.89413,40.47724],[-79.89475,40.4776],[-79.89541,40.47816],[-79.89626,40.47904],[-79.89653,40.47937],[-79.89712,40.48041],[-79.8974,40.48055],[-79.89799,40.48057],[-79.8985,40.4803],[-79.8991,40.47964],[-79.89928,40.47932],[-79.89939,40.47887]]]},"properties":{"geoid":"42003561900","mobility_p25":32.2,"mobility_p25_se":1.5,"mobility_unreliable":false,"mobility_black_p25":32.4,"mobility_white_p25":null}},{"type":"Feature","geometry":{"type":"Polygon","coordinates":[[[-80.12064,40.35958],[-80.1206,40.35918],[-80.12043,40.3588],[-80.11993,40.35826],[-80.11933,40.35813],[-80.11803,40.35813],[-80.11761,40.3579],[-80.11539,40.35577],[-80.11367,40.35491],[-80.1125,40.35423],[-80.11218,40.35602],[-80.1117,40.35701],[-80.11104,40.35798],[-80.10787,40.36084],[-80.1068,40.36169],[-80.10561,40.36243],[-80.10397,40.36329],[-80.10428,40.36369],[-80.10442,40.36374],[-80.10551,40.36345],[-80.10696,40.36329],[-80.10761,40.36335],[-80.10859,40.36365],[-80.11023,40.36386],[-80.11189,40.36446],[-80.11271,40.36487],[-80.11341,40.36536],[-80.1136,40.36563],[-80.11363,40.36605],[-80.11359,40.36629],[-80.11335,40.36679],[-80.11721,40.36744],[-80.11853,40.3634],[-80.11994,40.36225],[-80.1202,40.36139],[-80.12024,40.36101],[-80.12018,40.36105],[-80.12028,40.36094],[-80.12064,40.35958]]]},"properties":{"geoid":"42003457100","mobility_p25":43.6,"mobility_p25_se":4.1,"mobility_unreliable":false,"mobility_black_p25":null,"mobility_white_p25":47.8}},{"type":"Feature","geometry":{"type":"Polygon","coordinates":[[[-79.89887,40.41885],[-79.89847,40.41881],[-79.89742,40.42011],[-79.89103,40.42291],[-79.88762,40.42424],[-79.88839,40.42509],[-79.89027,40.42681],[-79.89092,40.42756],[-79.89238,40.42828],[-79.89239,40.42847],[-79.8921,40.42958],[-79.89259,40.43074],[-79.89557,40.43496],[-79.89664,40.43014],[-79.89711,40.42761],[-79.89663,40.42751],[-79.8951,40.42817],[-79.89425,40.42702],[-79.89376,40.42692],[-79.89288,40.42827],[-79.89231,40.42806],[-79.89227,40.42793],[-79.89114,40.42739],[-79.89101,40.4272],[-79.89208,40.42629],[-79.89347,40.42563],[-79.89419,40.42555],[-79.89469,40.42566],[-79.89525,40.42604],[-79.89671,40.42646],[-79.89675,40.42626],[-79.89749,40.42593],[-79.89887,40.41885]]]},"properties":{"geoid":"42003515401","mobility_p25":38.4,"mobility_p25_se":2.9,"mobility_unreliable":false,"mobility_black_p25":24,"mobility_white_p25":43.1}},{"type":"Feature","geometry":{"type":"Polygon","coordinates":[[[-79.98226,40.41767],[-79.98218,40.41608],[-79.98189,40.41611],[-79.98179,40.41411],[-79.97797,40.41423],[-79.977,40.41392],[-79.97562,40.41325],[-79.97498,40.41313],[-79.97352,40.41266],[-79.97203,40.41246],[-79.97146,40.41224],[-79.96931,40.41187],[-79.96804,40.41186],[-79.9675,40.41166],[-79.96488,40.41014],[-79.96448,40.4097],[-79.96448,40.40928],[-79.96388,40.40958],[-79.96348,40.40955],[-79.96283,40.40973],[-79.962,40.40968],[-79.96014,40.40992],[-79.95969,40.40991],[-79.95949,40.40975],[-79.95905,40.40978],[-79.95829,40.40997],[-79.95781,40.41034],[-79.95726,40.41056],[-79.95678,40.41063],[-79.95637,40.41063],[-79.95598,40.41047],[-79.9551,40.41055],[-79.95525,40.41106],[-79.95584,40.41095],[-79.95575,40.41428],[-79.9559,40.41539],[-79.95641,40.417],[-79.95739,40.41844],[-79.9579,40.41901],[-79.96129,40.42126],[-79.96143,40.42112],[-79.96162,40.42124],[-79.96273,40.42032],[-79.96257,40.42019],[-79.96272,40.4201],[-79.96304,40.41929],[-79.9636,40.41902],[-79.96404,40.41827],[-79.9651,40.41743],[-79.96644,40.41721],[-79.96706,40.41718],[-79.9709,40.41765],[-79.9757,40.41713],[-79.97603,40.41717],[-79.97658,40.41768],[-79.97675,40.41775],[-79.97835,40.41792],[-79.97887,40.41796],[-79.9806,40.41772],[-79.98226,40.41767]]]},"properties":{"geoid":"42003561600","mobility_p25":37.9,"mobility_p25_se":2.1,"mobility_unreliable":false,"mobility_black_p25":25.8,"mobility_white_p25":43.3}},{"type":"Feature","geometry":{"type":"Polygon","coordinates":[[[-79.98179,40.41411],[-79.98157,40.41042],[-79.9808,40.40949],[-79.98109,40.40784],[-79.98048,40.40716],[-79.97925,40.4067],[-79.97861,40.40638],[-79.97826,40.40615],[-79.97788,40.40571],[-79.97589,40.40438],[-79.97655,40.40392],[-79.97595,40.40403],[-79.97587,40.4042],[-79.97531,40.4045],[-79.97485,40.40463],[-79.97313,40.40487],[-79.97261,40.40481],[-79.97222,40.40502],[-79.96931,40.40548],[-79.96889,40.40565],[-79.96645,40.40702],[-79.96521,40.40797],[-79.96526,40.40833],[-79.96442,40.40918],[-79.96377,40.4095],[-79.96261,40.40968],[-79.96283,40.40973],[-79.96348,40.40955],[-79.96388,40.40958],[-79.96448,40.40928],[-79.96448,40.4097],[-79.96488,40.41014],[-79.96767,40.41173],[-79.96836,40.4119],[-79.96931,40.41187],[-79.97146,40.41224],[-79.97203,40.41246],[-79.97352,40.41266],[-79.97498,40.41313],[-79.97562,40.41325],[-79.977,40.41392],[-79.97797,40.41423],[-79.98179,40.41411]]]},"properties":{"geoid":"42003561700","mobility_p25":31.9,"mobility_p25_se":1.6,"mobility_unreliable":false,"mobility_black_p25":29.9,"mobility_white_p25":33.4}},{"type":"Feature","geometry":{"type":"Polygon","coordinates":[[[-80.19775,40.40473],[-80.19645,40.40377],[-80.19529,40.4034],[-80.19491,40.40316],[-80.19361,40.40187],[-80.19273,40.40032],[-80.19264,40.39977],[-80.19252,40.39952],[-80.19107,40.39833],[-80.18907,40.39721],[-80.18953,40.39615],[-80.18955,40.39493],[-80.19035,40.3944],[-80.19179,40.39415],[-80.18996,40.39228],[-80.18835,40.39326],[-80.18777,40.39264],[-80.1856,40.39392],[-80.18586,40.3942],[-80.1811,40.39635],[-80.1821,40.39766],[-80.17928,40.39872],[-80.17945,40.39885],[-80.17767,40.39957],[-80.17988,40.40105],[-80.17971,40.40129],[-80.18208,40.40316],[-80.18159,40.40348],[-80.18464,40.40644],[-80.18894,40.40311],[-80.18984,40.40357],[-80.19039,40.40439],[-80.19344,40.40635],[-80.19775,40.40473]]]},"properties":{"geoid":"42003455000","mobility_p25":49.5,"mobility_p25_se":4.7,"mobility_unreliable":false,"mobility_black_p25":null,"mobility_white_p25":52.1}},{"type":"Feature","geometry":{"type":"Polygon","coordinates":[[[-80.2226,40.36612],[-80.22296,40.3659],[-80.20091,40.34777],[-80.1846,40.33314],[-80.17624,40.33052],[-80.16125,40.3261],[-80.14585,40.32139],[-80.13604,40.33486],[-80.13453,40.33665],[-80.13253,40.33582],[-80.13311,40.33445],[-80.13341,40.33354],[-80.1297,40.33226],[-80.12838,40.332],[-80.12832,40.33384],[-80.12457,40.33306],[-80.12422,40.3332],[-80.12289,40.33526],[-80.12243,40.33524],[-80.12222,40.33547],[-80.12232,40.33569],[-80.12393,40.33693],[-80.12335,40.33719],[-80.12179,40.33838],[-80.12184,40.33997],[-80.12194,40.34019],[-80.1151,40.34448],[-80.11261,40.34814],[-80.11241,40.34862],[-80.11227,40.34928],[-80.1123,40.34961],[-80.1126,40.35024],[-80.11442,40.35212],[-80.1148,40.3527],[-80.11494,40.35311],[-80.115,40.35371],[-80.11478,40.35447],[-80.11445,40.35503],[-80.11481,40.35475],[-80.11526,40.35479],[-80.1167,40.35536],[-80.12034,40.35708],[-80.12033,40.35698],[-80.12056,40.3567],[-80.12115,40.35613],[-80.12299,40.3556],[-80.12322,40.3556],[-80.12352,40.3557],[-80.12383,40.35598],[-80.12448,40.35693],[-80.12485,40.35706],[-80.12529,40.35688],[-80.12633,40.35603],[-80.12775,40.35505],[-80.12928,40.35374],[-80.12934,40.35351],[-80.12925,40.35333],[-80.12833,40.35257],[-80.12822,40.35229],[-80.12895,40.35056],[-80.12908,40.35037],[-80.12929,40.35025],[-80.13089,40.35039],[-80.13193,40.35093],[-80.13311,40.35124],[-80.13633,40.35079],[-80.14135,40.35072],[-80.1427,40.35032],[-80.14297,40.35016],[-80.14325,40.34971],[-80.14348,40.34861],[-80.1438,40.34779],[-80.14503,40.34683],[-80.14642,40.34647],[-80.1476,40.34598],[-80.14783,40.34603],[-80.14827,40.34648],[-80.14849,40.34658],[-80.14885,40.34658],[-80.15003,40.34623],[-80.15036,40.34639],[-80.15071,40.34639],[-80.15428,40.34512],[-80.15447,40.3451],[-80.15465,40.34521],[-80.15472,40.34551],[-80.15348,40.3459],[-80.15251,40.34632],[-80.15163,40.34679],[-80.15048,40.3476],[-80.14956,40.34846],[-80.14786,40.35075],[-80.1473,40.35128],[-80.14633,40.35196],[-80.14547,40.35236],[-80.14386,40.35277],[-80.14044,40.35289],[-80.14047,40.35314],[-80.14068,40.35339],[-80.14528,40.35283],[-80.14596,40.35242],[-80.14612,40.3525],[-80.14646,40.35293],[-80.14621,40.35314],[-80.14557,40.35347],[-80.14131,40.35406],[-80.14144,40.35431],[-80.1405,40.3542],[-80.1407,40.35476],[-80.14281,40.3545],[-80.14301,40.35454],[-80.14566,40.35387],[-80.14661,40.35346],[-80.1474,40.35281],[-80.14852,40.35168],[-80.14903,40.35097],[-80.14963,40.34984],[-80.1502,40.3491],[-80.15109,40.34835],[-80.1527,40.34756],[-80.15376,40.34738],[-80.15475,40.34753],[-80.15499,40.34769],[-80.15561,40.34852],[-80.1562,40.34871],[-80.15672,40.34871],[-80.15916,40.3484],[-80.16093,40.3481],[-80.16139,40.34962],[-80.16135,40.34985],[-80.16082,40.35052],[-80.16021,40.3518],[-80.15977,40.35363],[-80.15924,40.35423],[-80.15918,40.3545],[-80.16114,40.35625],[-80.16458,40.35972],[-80.16736,40.36328],[-80.16919,40.36604],[-80.16967,40.3678],[-80.17113,40.37055],[-80.17172,40.37223],[-80.17181,40.37374],[-80.17156,40.37647],[-80.17195,40.37763],[-80.17221,40.37946],[-80.17294,40.38122],[-80.17756,40.38103],[-80.17864,40.38136],[-80.17938,40.38186],[-80.17989,40.38206],[-80.17979,40.38221],[-80.18087,40.38314],[-80.18153,40.38357],[-80.1823,40.38388],[-80.18309,40.38406],[-80.18481,40.38425],[-80.18719,40.38442],[-80.18665,40.38457],[-80.18614,40.38495],[-80.18597,40.3852],[-80.18582,40.38631],[-80.18563,40.38681],[-80.18529,40.38727],[-80.18446,40.388],[-80.18423,40.38835],[-80.18405,40.38886],[-80.18393,40.38991],[-80.1832,40.39126],[-80.18313,40.39156],[-80.18314,40.39205],[-80.18423,40.39494],[-80.18586,40.3942],[-80.1856,40.39392],[-80.18777,40.39264],[-80.18835,40.39326],[-80.18996,40.39228],[-80.19179,40.39415],[-80.19035,40.3944],[-80.18955,40.39493],[-80.18953,40.39605],[-80.19216,40.39425],[-80.19364,40.39369],[-80.19378,40.39356],[-80.19406,40.393],[-80.19523,40.39227],[-80.19525,40.39219],[-80.19507,40.39198],[-80.19543,40.39169],[-80.19553,40.39149],[-80.19602,40.3911],[-80.19624,40.39104],[-80.19734,40.39038],[-80.19826,40.38964],[-80.19855,40.38953],[-80.199,40.38969],[-80.20103,40.38899],[-80.20196,40.38913],[-80.20225,40.38894],[-80.20266,40.3888],[-80.20285,40.38853],[-80.20319,40.38841],[-80.20359,40.38803],[-80.20454,40.38785],[-80.20473,40.38753],[-80.20452,40.3872],[-80.20459,40.38697],[-80.205,40.38675],[-80.20537,40.38634],[-80.20617,40.38613],[-80.2063,40.38599],[-80.20635,40.38572],[-80.20662,40.38542],[-80.20688,40.38528],[-80.20726,40.38522],[-80.20761,40.38501],[-80.20922,40.38495],[-80.20978,40.38472],[-80.20985,40.38436],[-80.20972,40.38396],[-80.20979,40.38378],[-80.21022,40.38355],[-80.21046,40.38332],[-80.21058,40.38338],[-80.21078,40.38373],[-80.2112,40.38363],[-80.21158,40.38333],[-80.21219,40.38245],[-80.21258,40.38221],[-80.21314,40.38112],[-80.21359,40.38073],[-80.21403,40.38056],[-80.21445,40.38069],[-80.21483,40.38064],[-80.21498,40.38029],[-80.21497,40.37986],[-80.21524,40.37936],[-80.21531,40.37895],[-80.21574,40.37817],[-80.21579,40.37784],[-80.21584,40.37775],[-80.21623,40.37753],[-80.21616,40.3772],[-80.21591,40.37688],[-80.21584,40.37668],[-80.21565,40.37663],[-80.21522,40.37676],[-80.21522,40.37647],[-80.21537,40.37617],[-80.2157,40.37584],[-80.21594,40.37531],[-80.21645,40.3752],[-80.21652,40.375],[-80.21648,40.37472],[-80.21657,40.37463],[-80.21715,40.37409],[-80.21894,40.37313],[-80.21953,40.37301],[-80.22168,40.37288],[-80.22217,40.37273],[-80.22244,40.37252],[-80.22256,40.37251],[-80.22295,40.37276],[-80.22043,40.36851],[-80.22166,40.36763],[-80.22224,40.36755],[-80.22204,40.3671],[-80.22096,40.36668],[-80.22124,40.36637],[-80.22177,40.36658],[-80.22185,40.36638],[-80.2221,40.36645],[-80.2226,40.36612]]]},"properties":{"geoid":"42003456003","mobility_p25":47.3,"mobility_p25_se":3.1,"mobility_unreliable":false,"mobility_black_p25":null,"mobility_white_p25":48.7}},{"type":"Feature","geometry":{"type":"Polygon","coordinates":[[[-79.93704,40.45777],[-79.93703,40.45753],[-79.93649,40.45657],[-79.93406,40.45726],[-79.93426,40.45758],[-79.93407,40.45793],[-79.93067,40.46349],[-79.93452,40.46477],[-79.93511,40.46473],[-79.93582,40.46292],[-79.93607,40.46298],[-79.93704,40.45777]]]},"properties":{"geoid":"42003080700","mobility_p25":38.8,"mobility_p25_se":3.7,"mobility_unreliable":false,"mobility_black_p25":37.6,"mobility_white_p25":46.7}},{"type":"Feature","geometry":{"type":"Polygon","coordinates":[[[-80.21924,40.58174],[-80.219,40.58053],[-80.21867,40.57974],[-80.21883,40.57955],[-80.21918,40.57945],[-80.21871,40.57834],[-80.21823,40.57744],[-80.21739,40.57471],[-80.21588,40.57383],[-80.21484,40.57335],[-80.21352,40.57224],[-80.21462,40.57135],[-80.21254,40.56971],[-80.21011,40.56795],[-80.20888,40.56728],[-80.20917,40.56709],[-80.20702,40.56585],[-80.20528,40.56456],[-80.20462,40.56513],[-80.2046,40.56534],[-80.2033,40.56621],[-80.19773,40.56166],[-80.19414,40.56413],[-80.19316,40.56492],[-80.18972,40.56708],[-80.18651,40.5689],[-80.18949,40.57143],[-80.19578,40.57721],[-80.19754,40.57876],[-80.19777,40.57887],[-80.19929,40.58029],[-80.2048,40.58509],[-80.208,40.58806],[-80.20823,40.58789],[-80.20843,40.58759],[-80.20857,40.5872],[-80.20847,40.58703],[-80.20849,40.58683],[-80.20872,40.58659],[-80.20922,40.58622],[-80.21028,40.58573],[-80.21117,40.58498],[-80.21103,40.58454],[-80.21113,40.58362],[-80.21131,40.58314],[-80.21183,40.58248],[-80.21247,40.58202],[-80.21418,40.58115],[-80.21455,40.58082],[-80.21549,40.58091],[-80.21603,40.58107],[-80.217,40.5814],[-80.21791,40.58187],[-80.21898,40.58199],[-80.21919,40.58188],[-80.21924,40.58174]]]},"properties":{"geoid":"42003447000","mobility_p25":51.5,"mobility_p25_se":4,"mobility_unreliable":false,"mobility_black_p25":null,"mobility_white_p25":52.2}},{"type":"Feature","geometry":{"type":"Polygon","coordinates":[[[-79.86541,40.40497],[-79.8652,40.40356],[-79.8645,40.40244],[-79.86293,40.40113],[-79.8602,40.39908],[-79.85877,40.39836],[-79.86411,40.39227],[-79.85344,40.38841],[-79.85244,40.38985],[-79.85203,40.39021],[-79.85192,40.39072],[-79.8518,40.39169],[-79.85166,40.39215],[-79.85178,40.39252],[-79.85288,40.39273],[-79.85321,40.39304],[-79.85295,40.39374],[-79.85234,40.39431],[-79.8517,40.39451],[-79.84977,40.39428],[-79.8479,40.3938],[-79.84671,40.39362],[-79.84642,40.39396],[-79.84712,40.39414],[-79.84794,40.39461],[-79.84742,40.39505],[-79.8455,40.39905],[-79.84586,40.39954],[-79.84637,40.40177],[-79.84756,40.40285],[-79.85039,40.40361],[-79.85238,40.40483],[-79.8529,40.4054],[-79.85274,40.40617],[-79.85175,40.4095],[-79.85181,40.40981],[-79.85296,40.40897],[-79.8588,40.40902],[-79.85784,40.40873],[-79.85733,40.40869],[-79.85775,40.40845],[-79.85894,40.40749],[-79.85961,40.40712],[-79.86251,40.40618],[-79.86304,40.40585],[-79.86541,40.40497]]]},"properties":{"geoid":"42003512800","mobility_p25":35.8,"mobility_p25_se":1.9,"mobility_unreliable":false,"mobility_black_p25":34.2,"mobility_white_p25":35.9}},{"type":"Feature","geometry":{"type":"Polygon","coordinates":[[[-79.96868,40.47275],[-79.96385,40.46994],[-79.96229,40.46871],[-79.96091,40.4698],[-79.95963,40.4717],[-79.9578,40.4742],[-79.9576,40.47619],[-79.95695,40.47701],[-79.9557,40.47835],[-79.95983,40.48133],[-79.96069,40.48206],[-79.963,40.47996],[-79.96384,40.47905],[-79.96464,40.4781],[-79.96641,40.47557],[-79.96737,40.47455],[-79.96868,40.47275]]]},"properties":{"geoid":"42003090100","mobility_p25":36.3,"mobility_p25_se":2.2,"mobility_unreliable":false,"mobility_black_p25":32.3,"mobility_white_p25":40.4}},{"type":"Feature","geometry":{"type":"Polygon","coordinates":[[[-79.93426,40.45758],[-79.93406,40.45726],[-79.92272,40.46066],[-79.92262,40.46056],[-79.92123,40.46004],[-79.91741,40.45748],[-79.91669,40.45818],[-79.91644,40.45874],[-79.91577,40.45986],[-79.91568,40.46011],[-79.91571,40.46031],[-79.91607,40.46167],[-79.91638,40.46226],[-79.91741,40.46345],[-79.91835,40.46434],[-79.91877,40.46463],[-79.92164,40.46568],[-79.92347,40.46606],[-79.92426,40.4663],[-79.92812,40.46772],[-79.93426,40.45758]]]},"properties":{"geoid":"42003111500","mobility_p25":28.3,"mobility_p25_se":1.1,"mobility_unreliable":false,"mobility_black_p25":27.5,"mobility_white_p25":28.5}},{"type":"Feature","geometry":{"type":"Polygon","coordinates":[[[-79.8466,40.39373],[-79.84566,40.39319],[-79.84101,40.39174],[-79.83999,40.39112],[-79.83803,40.39074],[-79.83711,40.39089],[-79.83649,40.39211],[-79.83625,40.39339],[-79.83555,40.39431],[-79.8343,40.39508],[-79.83307,40.39633],[-79.8301,40.39835],[-79.8301,40.39934],[-79.83368,40.4004],[-79.83332,40.40533],[-79.83794,40.40184],[-79.83783,40.40056],[-79.84045,40.39904],[-79.84444,40.39785],[-79.84633,40.3941],[-79.8466,40.39373]]]},"properties":{"geoid":"42003510000","mobility_p25":40.3,"mobility_p25_se":2.7,"mobility_unreliable":false,"mobility_black_p25":35.3,"mobility_white_p25":44.9}},{"type":"Feature","geometry":{"type":"Polygon","coordinates":[[[-79.85292,40.4055],[-79.85261,40.40504],[-79.85238,40.40483],[-79.85039,40.40361],[-79.84756,40.40285],[-79.84637,40.40177],[-79.84586,40.39954],[-79.8455,40.39905],[-79.84742,40.39505],[-79.84794,40.39461],[-79.84712,40.39414],[-79.84642,40.39396],[-79.84444,40.39785],[-79.84045,40.39904],[-79.83783,40.40056],[-79.83794,40.40184],[-79.83715,40.40246],[-79.83819,40.40411],[-79.83826,40.40517],[-79.83896,40.40566],[-79.83888,40.40571],[-79.84099,40.40748],[-79.84152,40.40789],[-79.84199,40.40814],[-79.84264,40.40886],[-79.84384,40.40965],[-79.84422,40.41225],[-79.84529,40.41208],[-79.84528,40.41161],[-79.84606,40.41201],[-79.84904,40.41172],[-79.85181,40.40981],[-79.85175,40.4095],[-79.85292,40.4055]]]},"properties":{"geoid":"42003512000","mobility_p25":44.4,"mobility_p25_se":2.6,"mobility_unreliable":false,"mobility_black_p25":32.5,"mobility_white_p25":49.6}},{"type":"Feature","geometry":{"type":"Polygon","coordinates":[[[-79.87203,40.4468],[-79.871,40.44603],[-79.86929,40.44449],[-79.86868,40.44485],[-79.86831,40.44409],[-79.86869,40.44393],[-79.8706,40.44367],[-79.87074,40.44357],[-79.87092,40.44331],[-79.87118,40.4424],[-79.87162,40.44152],[-79.87175,40.44066],[-79.86781,40.44256],[-79.86601,40.44354],[-79.86531,40.44377],[-79.8623,40.44457],[-79.85404,40.44582],[-79.85424,40.45361],[-79.85547,40.45361],[-79.85555,40.4548],[-79.85554,40.45739],[-79.85695,40.45735],[-79.85728,40.45724],[-79.85802,40.45941],[-79.85962,40.45936],[-79.85962,40.45889],[-79.86064,40.45884],[-79.86063,40.45859],[-79.86703,40.45855],[-79.86828,40.45635],[-79.86584,40.45574],[-79.86714,40.44939],[-79.86756,40.44939],[-79.8674,40.4491],[-79.86899,40.44906],[-79.87024,40.44798],[-79.87203,40.4468]]]},"properties":{"geoid":"42003561400","mobility_p25":31.6,"mobility_p25_se":1.2,"mobility_unreliable":false,"mobility_black_p25":31.6,"mobility_white_p25":47.1}},{"type":"Feature","geometry":{"type":"Polygon","coordinates":[[[-79.87925,40.40435],[-79.87944,40.40423],[-79.87674,40.4022],[-79.87285,40.39825],[-79.87097,40.39665],[-79.86899,40.39513],[-79.86661,40.39355],[-79.86411,40.39227],[-79.85877,40.39836],[-79.8602,40.39908],[-79.86293,40.40113],[-79.8645,40.40244],[-79.8652,40.40356],[-79.86541,40.40497],[-79.86545,40.40687],[-79.86569,40.40734],[-79.8661,40.40789],[-79.87097,40.41197],[-79.87158,40.41157],[-79.87461,40.40754],[-79.87925,40.40435]]]},"properties":{"geoid":"42003513800","mobility_p25":33.6,"mobility_p25_se":1.4,"mobility_unreliable":false,"mobility_black_p25":32.1,"mobility_white_p25":36.6}},{"type":"Feature","geometry":{"type":"Polygon","coordinates":[[[-80.01959,40.42398],[-80.01778,40.42235],[-80.01664,40.42116],[-80.01626,40.42059],[-80.01611,40.41992],[-80.01624,40.41881],[-80.01614,40.41805],[-80.01568,40.41696],[-80.01528,40.41561],[-80.015,40.41517],[-80.01452,40.41474],[-80.0138,40.41436],[-80.01104,40.41357],[-80.00997,40.41308],[-80.00956,40.41402],[-80.01136,40.41507],[-80.01132,40.41516],[-80.01144,40.41549],[-80.01119,40.41539],[-80.0111,40.41558],[-80.01103,40.41592],[-80.01123,40.41709],[-80.01072,40.41763],[-80.01068,40.41784],[-80.00987,40.41835],[-80.00934,40.41895],[-80.00855,40.41962],[-80.00776,40.41996],[-80.00768,40.42009],[-80.00606,40.4206],[-80.00249,40.42103],[-80.00237,40.4211],[-80.00251,40.42222],[-80.00494,40.4222],[-80.00517,40.42702],[-80.0051,40.42713],[-80.00532,40.42717],[-80.00561,40.42701],[-80.00659,40.42677],[-80.00781,40.4262],[-80.00912,40.42426],[-80.01027,40.42457],[-80.01234,40.42244],[-80.01383,40.42248],[-80.01488,40.42267],[-80.01631,40.42196],[-80.01721,40.42295],[-80.0186,40.42422],[-80.01959,40.42398]]]},"properties":{"geoid":"42003191500","mobility_p25":39.7,"mobility_p25_se":2.6,"mobility_unreliable":false,"mobility_black_p25":null,"mobility_white_p25":42.3}},{"type":"Feature","geometry":{"type":"Polygon","coordinates":[[[-80.03193,40.40939],[-80.0316,40.4093],[-80.03124,40.40943],[-80.0308,40.40935],[-80.02859,40.40856],[-80.02734,40.40857],[-80.02729,40.40767],[-80.02698,40.40712],[-80.02567,40.40778],[-80.02534,40.40799],[-80.02493,40.40842],[-80.02477,40.4087],[-80.02463,40.40934],[-80.02467,40.41057],[-80.02184,40.41066],[-80.0197,40.40918],[-80.01778,40.40845],[-80.01581,40.41023],[-80.01533,40.41055],[-80.01285,40.41117],[-80.01175,40.41156],[-80.01057,40.41225],[-80.01007,40.41287],[-80.00929,40.41245],[-80.00921,40.41258],[-80.01,40.413],[-80.00997,40.41308],[-80.01098,40.41354],[-80.0138,40.41436],[-80.01476,40.41493],[-80.01515,40.41534],[-80.01528,40.41561],[-80.01568,40.41696],[-80.01614,40.41805],[-80.01624,40.41881],[-80.01611,40.41992],[-80.01626,40.42059],[-80.01664,40.42116],[-80.01778,40.42235],[-80.01959,40.42398],[-80.02103,40.42343],[-80.02134,40.42349],[-80.02148,40.424],[-80.02144,40.4246],[-80.0211,40.42523],[-80.02144,40.42547],[-80.02419,40.42628],[-80.02452,40.42648],[-80.02724,40.42946],[-80.02803,40.43008],[-80.02912,40.42943],[-80.03011,40.42846],[-80.03075,40.42733],[-80.03101,40.42643],[-80.03102,40.42561],[-80.03092,40.42491],[-80.03059,40.42474],[-80.03006,40.42419],[-80.02959,40.42243],[-80.02988,40.41592],[-80.02994,40.41509],[-80.03011,40.41429],[-80.03129,40.41077],[-80.03193,40.40939]]]},"properties":{"geoid":"42003191600","mobility_p25":41.7,"mobility_p25_se":2.1,"mobility_unreliable":false,"mobility_black_p25":31.8,"mobility_white_p25":44.7}},{"type":"Feature","geometry":{"type":"Polygon","coordinates":[[[-79.94737,40.46853],[-79.94736,40.46821],[-79.94724,40.46797],[-79.94681,40.46751],[-79.94657,40.46752],[-79.94593,40.46778],[-79.94448,40.46983],[-79.94258,40.47029],[-79.94258,40.46991],[-79.94222,40.46982],[-79.94221,40.46875],[-79.93462,40.46769],[-79.93279,40.47064],[-79.93297,40.47072],[-79.93454,40.47215],[-79.9353,40.47251],[-79.93782,40.47306],[-79.93941,40.47304],[-79.94033,40.47284],[-79.94206,40.47226],[-79.9437,40.47194],[-79.94449,40.47163],[-79.94567,40.47075],[-79.94646,40.47],[-79.94696,40.46939],[-79.94737,40.46853]]]},"properties":{"geoid":"42003101600","mobility_p25":30.9,"mobility_p25_se":1.6,"mobility_unreliable":false,"mobility_black_p25":31.8,"mobility_white_p25":null}},{"type":"Feature","geometry":{"type":"Polygon","coordinates":[[[-79.94681,40.46751],[-79.94612,40.46696],[-79.94645,40.46547],[-79.93933,40.46453],[-79.93644,40.46468],[-79.93462,40.46769],[-79.94221,40.46875],[-79.94222,40.46982],[-79.94258,40.46991],[-79.94258,40.47029],[-79.94448,40.46983],[-79.94593,40.46778],[-79.94657,40.46752],[-79.94681,40.46751]]]},"properties":{"geoid":"42003101700","mobility_p25":29.1,"mobility_p25_se":1.3,"mobility_unreliable":false,"mobility_black_p25":27.8,"mobility_white_p25":40.7}},{"type":"Feature","geometry":{"type":"Polygon","coordinates":[[[-79.94889,40.47828],[-79.94894,40.47817],[-79.94706,40.47761],[-79.94657,40.47759],[-79.94625,40.4777],[-79.94435,40.47868],[-79.94308,40.47995],[-79.9406,40.48201],[-79.94025,40.48196],[-79.93478,40.48059],[-79.93412,40.48034],[-79.93321,40.47986],[-79.93304,40.47964],[-79.93297,40.47937],[-79.93252,40.47691],[-79.93192,40.47522],[-79.9318,40.47539],[-79.93184,40.47608],[-79.93175,40.47637],[-79.93188,40.47637],[-79.93172,40.47648],[-79.93202,40.47858],[-79.92983,40.48539],[-79.92697,40.48769],[-79.92598,40.48762],[-79.92567,40.48794],[-79.92553,40.48831],[-79.92787,40.48885],[-79.92974,40.48912],[-79.93156,40.48914],[-79.93215,40.48903],[-79.93264,40.48903],[-79.93325,40.48906],[-79.93328,40.48914],[-79.93509,40.48914],[-79.9463,40.48516],[-79.94452,40.48359],[-79.94411,40.48359],[-79.94317,40.48318],[-79.94328,40.48301],[-79.94345,40.48297],[-79.94524,40.48316],[-79.945,40.48294],[-79.94569,40.48241],[-79.94502,40.48185],[-79.94667,40.4805],[-79.94692,40.48069],[-79.94755,40.48008],[-79.94666,40.47941],[-79.94769,40.47864],[-79.94697,40.4781],[-79.94715,40.478],[-79.94774,40.47796],[-79.94887,40.47835],[-79.94889,40.47828]]]},"properties":{"geoid":"42003101800","mobility_p25":45.8,"mobility_p25_se":3.4,"mobility_unreliable":false,"mobility_black_p25":44.8,"mobility_white_p25":46.1}},{"type":"Feature","geometry":{"type":"Polygon","coordinates":[[[-79.92858,40.47533],[-79.92831,40.47472],[-79.92835,40.47232],[-79.92103,40.46969],[-79.91879,40.4745],[-79.91617,40.47848],[-79.91968,40.4798],[-79.92016,40.47896],[-79.92226,40.47966],[-79.92238,40.47947],[-79.92558,40.48007],[-79.92757,40.48077],[-79.92777,40.47877],[-79.92812,40.4766],[-79.92858,40.47533]]]},"properties":{"geoid":"42003110200","mobility_p25":39.5,"mobility_p25_se":1.8,"mobility_unreliable":false,"mobility_black_p25":33.9,"mobility_white_p25":49.6}},{"type":"Feature","geometry":{"type":"Polygon","coordinates":[[[-80.00532,40.42717],[-80.0051,40.42713],[-80.00517,40.42702],[-80.00494,40.4222],[-80.00275,40.42227],[-80.00251,40.42222],[-80.00247,40.42177],[-79.99846,40.42172],[-79.99825,40.42144],[-79.9974,40.42165],[-79.99754,40.42594],[-79.99776,40.42612],[-79.9976,40.42648],[-79.99745,40.42662],[-79.99762,40.42675],[-79.9978,40.42661],[-79.99802,40.42676],[-79.99783,40.4269],[-79.99803,40.42703],[-79.99822,40.4269],[-79.99845,40.42704],[-79.99825,40.42718],[-79.99844,40.4273],[-79.99865,40.42716],[-79.99897,40.42677],[-80.00073,40.42759],[-80.00207,40.42763],[-80.00384,40.42783],[-80.00532,40.42717]]]},"properties":{"geoid":"42003180700","mobility_p25":40.4,"mobility_p25_se":2.4,"mobility_unreliable":false,"mobility_black_p25":26,"mobility_white_p25":44.7}},{"type":"Feature","geometry":{"type":"Polygon","coordinates":[[[-80.08571,40.42297],[-80.08574,40.42279],[-80.08541,40.42124],[-80.08451,40.42052],[-80.08268,40.4201],[-80.08157,40.42021],[-80.07959,40.42004],[-80.07666,40.42056],[-80.07565,40.42083],[-80.07516,40.42076],[-80.07486,40.4206],[-80.07478,40.42041],[-80.0748,40.42012],[-80.07603,40.41795],[-80.07636,40.4176],[-80.07716,40.41709],[-80.07866,40.41646],[-80.07735,40.41526],[-80.07715,40.41544],[-80.07677,40.41517],[-80.07667,40.41523],[-80.07592,40.41465],[-80.07583,40.41472],[-80.07513,40.41419],[-80.07504,40.41426],[-80.07386,40.4134],[-80.07281,40.41424],[-80.07177,40.41572],[-80.07153,40.41581],[-80.06805,40.416],[-80.06728,40.41622],[-80.06643,40.41678],[-80.06612,40.41723],[-80.0661,40.4175],[-80.06688,40.42062],[-80.06721,40.42246],[-80.0672,40.42278],[-80.06551,40.42512],[-80.06405,40.42623],[-80.06361,40.42638],[-80.05723,40.42644],[-80.05434,40.42754],[-80.05377,40.42794],[-80.05607,40.42811],[-80.05915,40.42933],[-80.05979,40.42828],[-80.06001,40.4283],[-80.06217,40.42905],[-80.06317,40.42787],[-80.06436,40.42876],[-80.06555,40.43035],[-80.06644,40.43054],[-80.06858,40.43136],[-80.0695,40.42993],[-80.07057,40.42863],[-80.07359,40.42564],[-80.07388,40.42546],[-80.0755,40.42498],[-80.08052,40.42372],[-80.08335,40.42373],[-80.0836,40.42379],[-80.08554,40.42384],[-80.08571,40.42297]]]},"properties":{"geoid":"42003562800","mobility_p25":42.1,"mobility_p25_se":3.6,"mobility_unreliable":false,"mobility_black_p25":null,"mobility_white_p25":46.3}},{"type":"Feature","geometry":{"type":"Polygon","coordinates":[[[-79.98796,40.36238],[-79.98774,40.36199],[-79.98691,40.36225],[-79.98333,40.36257],[-79.98266,40.36153],[-79.98234,40.36087],[-79.97485,40.36429],[-79.97112,40.36675],[-79.96488,40.36954],[-79.9621,40.37069],[-79.96162,40.37153],[-79.96423,40.3743],[-79.96402,40.37447],[-79.96509,40.37566],[-79.96277,40.37886],[-79.96372,40.37921],[-79.96579,40.38022],[-79.96676,40.38059],[-79.96652,40.3812],[-79.96843,40.38187],[-79.96876,40.38212],[-79.96906,40.38261],[-79.96924,40.38338],[-79.96926,40.3858],[-79.97102,40.38578],[-79.97408,40.38479],[-79.97647,40.38539],[-79.97765,40.38414],[-79.97661,40.38235],[-79.97593,40.38082],[-79.97551,40.37942],[-79.97541,40.37738],[-79.97554,40.3753],[-79.97554,40.37386],[-79.97515,40.3703],[-79.97535,40.36958],[-79.97574,40.36908],[-79.97665,40.3685],[-79.97894,40.36738],[-79.98029,40.36705],[-79.98069,40.36686],[-79.98263,40.36535],[-79.98409,40.36387],[-79.98454,40.36327],[-79.98488,40.36301],[-79.98677,40.36273],[-79.98796,40.36238]]]},"properties":{"geoid":"42003478200","mobility_p25":46.2,"mobility_p25_se":2.2,"mobility_unreliable":false,"mobility_black_p25":null,"mobility_white_p25":47.6}},{"type":"Feature","geometry":{"type":"Polygon","coordinates":[[[-80.0991,40.39389],[-80.09745,40.38786],[-80.097,40.38819],[-80.09533,40.38861],[-80.0941,40.38872],[-80.09259,40.38855],[-80.09162,40.3879],[-80.09109,40.38737],[-80.09085,40.387],[-80.08978,40.38731],[-80.08884,40.38742],[-80.08836,40.38758],[-80.08802,40.38781],[-80.08695,40.38885],[-80.08669,40.38926],[-80.08635,40.39009],[-80.08609,40.3912],[-80.08606,40.39204],[-80.08617,40.3925],[-80.08656,40.3933],[-80.08718,40.39423],[-80.08803,40.39492],[-80.08928,40.39513],[-80.09257,40.3951],[-80.09445,40.39478],[-80.09829,40.39394],[-80.0991,40.39389]]]},"properties":{"geoid":"42003471000","mobility_p25":42.2,"mobility_p25_se":4.3,"mobility_unreliable":false,"mobility_black_p25":null,"mobility_white_p25":43.6}},{"type":"Feature","geometry":{"type":"Polygon","coordinates":[[[-80.08668,40.42579],[-80.0867,40.42548],[-80.08544,40.42527],[-80.08499,40.42458],[-80.08554,40.42384],[-80.0836,40.42379],[-80.08335,40.42373],[-80.08052,40.42372],[-80.07431,40.42533],[-80.07359,40.42564],[-80.07057,40.42863],[-80.0695,40.42993],[-80.06858,40.43136],[-80.06644,40.43054],[-80.06555,40.43035],[-80.06436,40.42876],[-80.06317,40.42787],[-80.06217,40.42905],[-80.06001,40.4283],[-80.05979,40.42828],[-80.05791,40.43146],[-80.05752,40.43128],[-80.05729,40.43157],[-80.05756,40.43451],[-80.05802,40.43451],[-80.0581,40.43522],[-80.05799,40.43635],[-80.05792,40.4364],[-80.05912,40.43713],[-80.05932,40.43708],[-80.06012,40.43645],[-80.0603,40.43535],[-80.06119,40.4368],[-80.06154,40.43684],[-80.06172,40.43638],[-80.06124,40.43562],[-80.06385,40.43481],[-80.06369,40.43411],[-80.06567,40.43336],[-80.06734,40.43447],[-80.0674,40.43524],[-80.06753,40.43534],[-80.06755,40.43588],[-80.06747,40.43635],[-80.06682,40.43789],[-80.06868,40.4382],[-80.06905,40.43705],[-80.06973,40.43648],[-80.07091,40.43612],[-80.07207,40.43555],[-80.07368,40.43526],[-80.07396,40.43527],[-80.07506,40.43567],[-80.07645,40.4376],[-80.07806,40.43914],[-80.07959,40.44006],[-80.07981,40.44029],[-80.08021,40.44001],[-80.08061,40.44012],[-80.08075,40.43972],[-80.08071,40.43966],[-80.08079,40.43963],[-80.08052,40.43931],[-80.08048,40.43966],[-80.07968,40.43945],[-80.07813,40.43863],[-80.07796,40.43819],[-80.07726,40.4374],[-80.07555,40.43503],[-80.07537,40.43422],[-80.07639,40.43169],[-80.07692,40.43164],[-80.08038,40.43207],[-80.08376,40.43087],[-80.0853,40.42989],[-80.08634,40.42839],[-80.08655,40.42798],[-80.08668,40.42579]]]},"properties":{"geoid":"42003465800","mobility_p25":49.3,"mobility_p25_se":2.5,"mobility_unreliable":false,"mobility_black_p25":null,"mobility_white_p25":50.1}},{"type":"Feature","geometry":{"type":"Polygon","coordinates":[[[-80.11834,40.31684],[-80.11824,40.31645],[-80.11788,40.31609],[-80.11693,40.31581],[-80.11645,40.31553],[-80.11629,40.3152],[-80.11629,40.3149],[-80.11671,40.3139],[-80.11671,40.31349],[-80.11648,40.3129],[-80.11613,40.31248],[-80.11616,40.31232],[-80.11587,40.31251],[-80.10971,40.31028],[-80.10594,40.30913],[-80.09688,40.30657],[-80.09494,40.30591],[-80.09304,40.30743],[-80.09208,40.30838],[-80.09158,40.30907],[-80.09123,40.30982],[-80.08766,40.31945],[-80.087,40.32064],[-80.08637,40.32145],[-80.08541,40.32246],[-80.08431,40.32338],[-80.08303,40.3242],[-80.08224,40.32462],[-80.07564,40.3273],[-80.0748,40.32696],[-80.07439,40.32689],[-80.07383,40.32698],[-80.07296,40.32732],[-80.07239,40.32743],[-80.06711,40.3278],[-80.06618,40.32776],[-80.06633,40.32824],[-80.06652,40.32855],[-80.06768,40.32972],[-80.06891,40.33073],[-80.0694,40.33126],[-80.07011,40.33214],[-80.07009,40.33248],[-80.0704,40.33249],[-80.0717,40.33401],[-80.07333,40.33532],[-80.07467,40.33613],[-80.07568,40.33704],[-80.07646,40.33798],[-80.0772,40.33847],[-80.07768,40.33889],[-80.07804,40.33944],[-80.07804,40.34028],[-80.07922,40.34019],[-80.07932,40.34072],[-80.07957,40.34085],[-80.08057,40.34048],[-80.08075,40.33985],[-80.08088,40.33971],[-80.08184,40.33946],[-80.08237,40.33948],[-80.08405,40.33985],[-80.08451,40.33989],[-80.08645,40.33961],[-80.08685,40.33942],[-80.08745,40.3389],[-80.08786,40.33874],[-80.08944,40.33865],[-80.09123,40.33893],[-80.09148,40.33878],[-80.09163,40.33841],[-80.09183,40.33816],[-80.09227,40.33788],[-80.09269,40.33782],[-80.09445,40.33798],[-80.09485,40.33783],[-80.09518,40.33752],[-80.09566,40.3373],[-80.09597,40.33742],[-80.09774,40.33773],[-80.09805,40.33805],[-80.09858,40.33987],[-80.09849,40.34006],[-80.09764,40.34071],[-80.0976,40.34113],[-80.09781,40.34146],[-80.10027,40.34276],[-80.10185,40.34309],[-80.10269,40.34378],[-80.10312,40.34386],[-80.1034,40.34384],[-80.10396,40.34352],[-80.10388,40.34275],[-80.10396,40.34213],[-80.10416,40.34159],[-80.10476,40.34041],[-80.10515,40.34002],[-80.10641,40.33935],[-80.10686,40.33899],[-80.10813,40.33706],[-80.10857,40.33694],[-80.10964,40.33719],[-80.11003,40.33716],[-80.11143,40.33602],[-80.11205,40.33501],[-80.11294,40.3332],[-80.11347,40.33155],[-80.11206,40.33144],[-80.10982,40.33152],[-80.1087,40.33147],[-80.10755,40.33168],[-80.10686,40.33196],[-80.10497,40.33251],[-80.10387,40.3325],[-80.10201,40.33274],[-80.10138,40.33262],[-80.10103,40.33249],[-80.10094,40.3321],[-80.10101,40.33184],[-80.10162,40.33124],[-80.10159,40.33095],[-80.10107,40.33005],[-80.10104,40.32981],[-80.10116,40.32959],[-80.10117,40.32927],[-80.10093,40.32853],[-80.1007,40.32815],[-80.10081,40.32775],[-80.1012,40.32728],[-80.10149,40.32675],[-80.10179,40.32644],[-80.1034,40.32522],[-80.10561,40.32499],[-80.10676,40.32454],[-80.10794,40.32425],[-80.11015,40.32393],[-80.11064,40.32399],[-80.1118,40.32455],[-80.11272,40.32456],[-80.11358,40.32408],[-80.11401,40.32353],[-80.11421,40.32306],[-80.11451,40.32294],[-80.11531,40.32302],[-80.11558,40.32294],[-80.11578,40.32263],[-80.11585,40.32235],[-80.1158,40.32205],[-80.11553,40.32144],[-80.11543,40.32081],[-80.11546,40.32047],[-80.11596,40.31913],[-80.11584,40.31875],[-80.11523,40.31848],[-80.11521,40.31815],[-80.11528,40.31796],[-80.11565,40.31777],[-80.11597,40.31777],[-80.11644,40.31789],[-80.11711,40.31779],[-80.11786,40.31748],[-80.11822,40.31714],[-80.11834,40.31684]]]},"properties":{"geoid":"42003474202","mobility_p25":56.6,"mobility_p25_se":4.3,"mobility_unreliable":false,"mobility_black_p25":null,"mobility_white_p25":61.1}},{"type":"Feature","geometry":{"type":"Polygon","coordinates":[[[-79.75829,40.43893],[-79.75742,40.43831],[-79.757,40.43812],[-79.75543,40.43791],[-79.75467,40.43753],[-79.75388,40.43637],[-79.75386,40.43558],[-79.75292,40.43437],[-79.75238,40.43407],[-79.75193,40.43302],[-79.75189,40.43263],[-79.7516,40.43197],[-79.75146,40.43138],[-79.75123,40.42977],[-79.75108,40.42917],[-79.75125,40.42846],[-79.75128,40.42786],[-79.75042,40.42534],[-79.75038,40.42383],[-79.74966,40.42227],[-79.74945,40.42224],[-79.7477,40.42098],[-79.7467,40.41979],[-79.74632,40.4195],[-79.74351,40.41858],[-79.74273,40.4182],[-79.74035,40.41623],[-79.73981,40.41566],[-79.73875,40.41422],[-79.73772,40.41343],[-79.73655,40.41283],[-79.73484,40.41221],[-79.7321,40.41149],[-79.72884,40.41078],[-79.72826,40.4099],[-79.72778,40.40832],[-79.72756,40.40824],[-79.72725,40.4082],[-79.72494,40.40864],[-79.72405,40.40852],[-79.72332,40.40827],[-79.72301,40.40829],[-79.72265,40.40839],[-79.7224,40.40857],[-79.72214,40.40894],[-79.72259,40.40995],[-79.72449,40.41098],[-79.72536,40.41183],[-79.72602,40.41216],[-79.72706,40.41213],[-79.72753,40.41243],[-79.72765,40.41299],[-79.72757,40.41342],[-79.727,40.4144],[-79.72683,40.41447],[-79.72302,40.41496],[-79.72234,40.41492],[-79.72109,40.41425],[-79.71983,40.41383],[-79.7181,40.41361],[-79.71749,40.41367],[-79.71723,40.41379],[-79.71681,40.41414],[-79.71701,40.41505],[-79.71696,40.41527],[-79.71683,40.41545],[-79.71606,40.41583],[-79.71591,40.41633],[-79.71607,40.41722],[-79.71603,40.41741],[-79.7157,40.41749],[-79.71548,40.41742],[-79.7151,40.4175],[-79.71254,40.41865],[-79.71232,40.41884],[-79.71232,40.4193],[-79.71208,40.41957],[-79.71152,40.41975],[-79.71098,40.41979],[-79.71068,40.42047],[-79.70933,40.42099],[-79.70694,40.42232],[-79.70685,40.42245],[-79.70698,40.42335],[-79.70698,40.42402],[-79.70676,40.42463],[-79.70641,40.42507],[-79.70539,40.42545],[-79.70528,40.42575],[-79.70542,40.42611],[-79.70535,40.42623],[-79.70523,40.4263],[-79.70478,40.42632],[-79.70473,40.42756],[-79.70555,40.42789],[-79.70941,40.43004],[-79.71036,40.43036],[-79.7115,40.43054],[-79.71245,40.43051],[-79.7137,40.43021],[-79.72206,40.42721],[-79.72224,40.42727],[-79.7234,40.42716],[-79.72495,40.42741],[-79.72615,40.42793],[-79.72725,40.42879],[-79.73184,40.43357],[-79.73301,40.43461],[-79.73464,40.43573],[-79.73543,40.43616],[-79.73775,40.43727],[-79.73873,40.43763],[-79.74123,40.43831],[-79.74438,40.43866],[-79.75829,40.43893]]]},"properties":{"geoid":"42003521401","mobility_p25":50.5,"mobility_p25_se":3.3,"mobility_unreliable":false,"mobility_black_p25":50.7,"mobility_white_p25":52.6}},{"type":"Feature","geometry":{"type":"Polygon","coordinates":[[[-79.83674,40.53045],[-79.83657,40.53041],[-79.83669,40.53026],[-79.83612,40.52993],[-79.83606,40.53003],[-79.83351,40.52977],[-79.83303,40.52985],[-79.83259,40.52965],[-79.8325,40.52943],[-79.83157,40.52913],[-79.83117,40.52885],[-79.83063,40.52872],[-79.83,40.52872],[-79.82923,40.52835],[-79.82884,40.52825],[-79.82856,40.52801],[-79.82811,40.52799],[-79.82793,40.52457],[-79.82302,40.52562],[-79.82087,40.52617],[-79.82008,40.52429],[-79.81978,40.52386],[-79.81907,40.5231],[-79.81918,40.52284],[-79.81972,40.52213],[-79.81923,40.52095],[-79.8198,40.52048],[-79.81992,40.51894],[-79.82034,40.5181],[-79.81971,40.5174],[-79.81944,40.51777],[-79.81865,40.5183],[-79.81816,40.51839],[-79.8176,40.51837],[-79.81728,40.51828],[-79.81679,40.51794],[-79.81665,40.51771],[-79.81661,40.51666],[-79.81675,40.51486],[-79.81648,40.51454],[-79.81615,40.51432],[-79.81564,40.51416],[-79.81519,40.51436],[-79.81444,40.5152],[-79.81373,40.51628],[-79.81328,40.51652],[-79.81282,40.51649],[-79.81124,40.51587],[-79.81019,40.51574],[-79.809,40.5159],[-79.80875,40.51612],[-79.80846,40.5172],[-79.80823,40.51771],[-79.80775,40.51813],[-79.80721,40.51837],[-79.8067,40.51809],[-79.80646,40.5175],[-79.80653,40.51674],[-79.80649,40.51607],[-79.80684,40.5154],[-79.80696,40.51455],[-79.80675,40.51361],[-79.80664,40.51349],[-79.80623,40.51353],[-79.80404,40.51457],[-79.80231,40.51433],[-79.80138,40.5138],[-79.8006,40.51312],[-79.80024,40.51234],[-79.79972,40.51179],[-79.79954,40.51101],[-79.79916,40.51046],[-79.79845,40.51019],[-79.79808,40.51024],[-79.79736,40.5109],[-79.7967,40.511],[-79.79605,40.51124],[-79.79539,40.51168],[-79.79462,40.51201],[-79.79442,40.51201],[-79.794,40.51185],[-79.79365,40.51148],[-79.79331,40.51083],[-79.79321,40.51061],[-79.79319,40.51024],[-79.793,40.50979],[-79.79224,40.50857],[-79.7919,40.50818],[-79.79145,40.50628],[-79.79145,40.50581],[-79.79192,40.50526],[-79.79186,40.50463],[-79.79234,40.50377],[-79.79244,40.50347],[-79.7924,40.50315],[-79.79185,40.50228],[-79.79125,40.50177],[-79.79087,40.50157],[-79.79006,40.50153],[-79.78953,40.50121],[-79.7893,40.50097],[-79.78898,40.50039],[-79.78841,40.49984],[-79.78811,40.49939],[-79.78826,40.49897],[-79.78887,40.49836],[-79.78895,40.4981],[-79.78905,40.49665],[-79.78865,40.49569],[-79.78634,40.49459],[-79.78605,40.49459],[-79.78557,40.49478],[-79.78493,40.49483],[-79.78443,40.49479],[-79.78378,40.49449],[-79.78137,40.49449],[-79.77934,40.4938],[-79.77786,40.49369],[-79.77732,40.49371],[-79.77664,40.4939],[-79.77567,40.49398],[-79.77514,40.49417],[-79.77389,40.49495],[-79.77339,40.49572],[-79.77314,40.49594],[-79.77217,40.49647],[-79.76904,40.49718],[-79.7684,40.49745],[-79.76798,40.49795],[-79.76777,40.49855],[-79.76741,40.49886],[-79.76731,40.49906],[-79.76764,40.49953],[-79.76755,40.49997],[-79.76771,40.50028],[-79.76764,40.5005],[-79.76686,40.50088],[-79.76535,40.50199],[-79.76464,40.50234],[-79.76439,40.50277],[-79.76404,40.50308],[-79.76342,40.50345],[-79.763,40.50402],[-79.76261,40.50433],[-79.76204,40.50402],[-79.7616,40.50366],[-79.76076,40.50249],[-79.75961,40.50146],[-79.75571,40.49907],[-79.75487,40.49815],[-79.75346,40.49716],[-79.75291,40.49652],[-79.75261,40.49646],[-79.75164,40.49647],[-79.75,40.49657],[-79.74875,40.497],[-79.74831,40.49728],[-79.74778,40.4979],[-79.74588,40.50338],[-79.74562,40.50377],[-79.7447,40.50472],[-79.7443,40.50504],[-79.74361,40.50521],[-79.74256,40.50539],[-79.7418,40.50533],[-79.74137,40.50538],[-79.74019,40.50594],[-79.73985,40.50616],[-79.73939,40.50761],[-79.73923,40.50788],[-79.73895,40.50811],[-79.73535,40.50989],[-79.73295,40.51087],[-79.73263,40.51118],[-79.73162,40.51283],[-79.73129,40.514],[-79.7306,40.51545],[-79.73037,40.51574],[-79.72943,40.51659],[-79.729,40.5168],[-79.72785,40.51686],[-79.72672,40.51706],[-79.72405,40.51805],[-79.72223,40.51917],[-79.72096,40.52009],[-79.72074,40.52034],[-79.72051,40.52084],[-79.72018,40.52268],[-79.71996,40.52321],[-79.71973,40.52338],[-79.71901,40.52353],[-79.71638,40.52383],[-79.71432,40.52385],[-79.71205,40.52353],[-79.71171,40.52355],[-79.71126,40.5237],[-79.71056,40.52421],[-79.70992,40.5249],[-79.70954,40.52671],[-79.70966,40.52723],[-79.70988,40.52762],[-79.71262,40.53126],[-79.71278,40.53185],[-79.71285,40.53293],[-79.71342,40.53272],[-79.71437,40.53288],[-79.71507,40.53327],[-79.71562,40.5337],[-79.71801,40.53626],[-79.7184,40.5366],[-79.71859,40.53695],[-79.7187,40.53739],[-79.71989,40.53881],[-79.72009,40.5397],[-79.72042,40.54028],[-79.72113,40.54116],[-79.72164,40.54077],[-79.72238,40.54223],[-79.72371,40.54213],[-79.72461,40.54219],[-79.72689,40.54307],[-79.72809,40.54338],[-79.72871,40.54345],[-79.72956,40.54392],[-79.73048,40.54469],[-79.73193,40.54507],[-79.73263,40.54582],[-79.73268,40.54602],[-79.73241,40.54632],[-79.73258,40.54656],[-79.733,40.54671],[-79.73404,40.54684],[-79.73478,40.54827],[-79.73537,40.54884],[-79.73618,40.54918],[-79.73689,40.54933],[-79.73927,40.5495],[-79.74052,40.54948],[-79.74152,40.54933],[-79.74195,40.54911],[-79.74233,40.54871],[-79.74266,40.54852],[-79.74376,40.5491],[-79.74573,40.54971],[-79.7463,40.5502],[-79.74661,40.55061],[-79.7468,40.55069],[-79.74779,40.55085],[-79.74849,40.55126],[-79.7517,40.55182],[-79.75251,40.55155],[-79.75284,40.55135],[-79.75289,40.55125],[-79.75284,40.55096],[-79.75293,40.5509],[-79.7535,40.55086],[-79.75364,40.55064],[-79.75405,40.55047],[-79.75556,40.55041],[-79.75648,40.55018],[-79.75713,40.55012],[-79.75952,40.55063],[-79.76007,40.55106],[-79.761,40.55103],[-79.76219,40.55063],[-79.76509,40.54924],[-79.76414,40.54775],[-79.76383,40.54694],[-79.7637,40.54603],[-79.76377,40.545],[-79.76426,40.5441],[-79.76531,40.54175],[-79.76609,40.54071],[-79.76848,40.53878],[-79.77001,40.53781],[-79.77151,40.53697],[-79.77276,40.53633],[-79.77662,40.53493],[-79.77891,40.53449],[-79.78149,40.53423],[-79.78375,40.53411],[-79.78816,40.53462],[-79.7918,40.53523],[-79.79753,40.53624],[-79.79982,40.53682],[-79.80252,40.53726],[-79.80501,40.53746],[-79.80757,40.53728],[-79.80855,40.53712],[-79.81365,40.53662],[-79.82061,40.53636],[-79.82234,40.53617],[-79.82854,40.535],[-79.83082,40.53434],[-79.83319,40.53352],[-79.83527,40.53263],[-79.83473,40.53172],[-79.83591,40.53114],[-79.83674,40.53045]]]},"properties":{"geoid":"42003526101","mobility_p25":51.8,"mobility_p25_se":2.3,"mobility_unreliable":false,"mobility_black_p25":null,"mobility_white_p25":53.3}},{"type":"Feature","geometry":{"type":"Polygon","coordinates":[[[-80.10452,40.42897],[-80.10141,40.42518],[-80.10068,40.42555],[-80.10047,40.42543],[-80.10029,40.4256],[-80.09939,40.42684],[-80.09778,40.42865],[-80.09871,40.42935],[-80.09913,40.42986],[-80.10085,40.4309],[-80.10189,40.43043],[-80.10452,40.42897]]]},"properties":{"geoid":"42003459202","mobility_p25":47.8,"mobility_p25_se":5.5,"mobility_unreliable":true,"mobility_black_p25":null,"mobility_white_p25":44}},{"type":"Feature","geometry":{"type":"Polygon","coordinates":[[[-79.89485,40.38769],[-79.89472,40.38709],[-79.89439,40.38641],[-79.8946,40.38421],[-79.89091,40.38296],[-79.89089,40.38327],[-79.89047,40.38327],[-79.89035,40.38388],[-79.88998,40.38378],[-79.89007,40.38295],[-79.89082,40.38168],[-79.88938,40.38081],[-79.89025,40.38018],[-79.89095,40.37938],[-79.89131,40.37635],[-79.89005,40.37669],[-79.8882,40.37786],[-79.88638,40.37861],[-79.88151,40.38247],[-79.88111,40.38262],[-79.88046,40.38274],[-79.87793,40.38292],[-79.87878,40.38479],[-79.88026,40.38597],[-79.88119,40.38901],[-79.88166,40.3898],[-79.88233,40.39053],[-79.88362,40.39154],[-79.88495,40.39192],[-79.88571,40.39277],[-79.88701,40.39358],[-79.8881,40.39446],[-79.88951,40.39505],[-79.8914,40.39631],[-79.89368,40.39539],[-79.89351,40.39535],[-79.8937,40.39474],[-79.89427,40.39398],[-79.89432,40.39343],[-79.89365,40.39275],[-79.89362,40.39159],[-79.89348,40.39085],[-79.89365,40.39037],[-79.89397,40.39016],[-79.89425,40.38955],[-79.89415,40.38922],[-79.89442,40.38816],[-79.89465,40.38793],[-79.89469,40.38773],[-79.89485,40.38775],[-79.89485,40.38769]]]},"properties":{"geoid":"42003488100","mobility_p25":43.7,"mobility_p25_se":2.9,"mobility_unreliable":false,"mobility_black_p25":38,"mobility_white_p25":48.2}},{"type":"Feature","geometry":{"type":"Polygon","coordinates":[[[-80.0512,40.40194],[-80.04505,40.39904],[-80.04183,40.3994],[-80.04208,40.39975],[-80.03976,40.40132],[-80.03642,40.40428],[-80.03634,40.40426],[-80.03629,40.40529],[-80.03551,40.40524],[-80.03522,40.40572],[-80.03505,40.40585],[-80.0344,40.40595],[-80.03378,40.40617],[-80.03421,40.40696],[-80.03351,40.40734],[-80.0328,40.40794],[-80.03165,40.40988],[-80.03084,40.4121],[-80.03002,40.41471],[-80.02988,40.41592],[-80.02959,40.42243],[-80.02994,40.42393],[-80.0303,40.4245],[-80.03092,40.42491],[-80.0306,40.42366],[-80.03056,40.42313],[-80.03065,40.42248],[-80.0309,40.42181],[-80.03134,40.42126],[-80.03187,40.42079],[-80.03254,40.42042],[-80.03364,40.4201],[-80.03501,40.42004],[-80.03962,40.42067],[-80.0512,40.40194]]]},"properties":{"geoid":"42003202300","mobility_p25":47.9,"mobility_p25_se":3.1,"mobility_unreliable":false,"mobility_black_p25":31,"mobility_white_p25":52}},{"type":"Feature","geometry":{"type":"Polygon","coordinates":[[[-79.97492,40.44371],[-79.97505,40.44366],[-79.97452,40.44294],[-79.97439,40.44264],[-79.97424,40.4414],[-79.97395,40.44085],[-79.97358,40.44098],[-79.97324,40.44092],[-79.97228,40.44026],[-79.9719,40.43975],[-79.97168,40.43959],[-79.97132,40.43954],[-79.97049,40.43971],[-79.96978,40.43918],[-79.96871,40.43877],[-79.96836,40.43938],[-79.96776,40.43938],[-79.96756,40.43951],[-79.9675,40.43965],[-79.9679,40.44108],[-79.96807,40.44117],[-79.96851,40.44227],[-79.9679,40.44273],[-79.96802,40.4429],[-79.96606,40.44338],[-79.96576,40.44282],[-79.96325,40.44466],[-79.96278,40.44521],[-79.96255,40.44536],[-79.96195,40.44553],[-79.96114,40.44547],[-79.9606,40.44555],[-79.96028,40.44584],[-79.95996,40.4472],[-79.95954,40.4476],[-79.9592,40.4477],[-79.95891,40.44814],[-79.95847,40.44845],[-79.95925,40.44831],[-79.96235,40.44888],[-79.96454,40.44888],[-79.96516,40.44871],[-79.96896,40.44609],[-79.97087,40.44541],[-79.97492,40.44371]]]},"properties":{"geoid":"42003051000","mobility_p25":24.4,"mobility_p25_se":2,"mobility_unreliable":false,"mobility_black_p25":24.9,"mobility_white_p25":null}},{"type":"Feature","geometry":{"type":"Polygon","coordinates":[[[-79.90822,40.47497],[-79.90828,40.47422],[-79.9043,40.47402],[-79.90364,40.47418],[-79.9021,40.47521],[-79.90121,40.47559],[-79.89918,40.47606],[-79.89872,40.47604],[-79.89844,40.47588],[-79.89861,40.47673],[-79.89855,40.47755],[-79.89877,40.47796],[-79.89934,40.47853],[-79.89937,40.479],[-79.89922,40.47944],[-79.89872,40.48011],[-79.89816,40.48051],[-79.89759,40.48058],[-79.89712,40.48041],[-79.89653,40.47937],[-79.89626,40.47904],[-79.89541,40.47816],[-79.89475,40.4776],[-79.89413,40.47724],[-79.89289,40.47699],[-79.89271,40.47681],[-79.89264,40.47664],[-79.89277,40.47607],[-79.89302,40.4758],[-79.8937,40.47538],[-79.8938,40.47494],[-79.88985,40.47463],[-79.88918,40.47508],[-79.88897,40.47511],[-79.88865,40.47496],[-79.88861,40.47482],[-79.88905,40.47412],[-79.88859,40.47358],[-79.88824,40.47441],[-79.88755,40.47517],[-79.88708,40.47592],[-79.88656,40.47818],[-79.88536,40.47859],[-79.88498,40.47881],[-79.88467,40.47931],[-79.88377,40.48341],[-79.88821,40.48368],[-79.8882,40.48395],[-79.90089,40.48613],[-79.90168,40.48622],[-79.90168,40.48586],[-79.90535,40.48673],[-79.90637,40.48457],[-79.90653,40.48394],[-79.90692,40.48399],[-79.90757,40.48393],[-79.90793,40.48362],[-79.90807,40.48251],[-79.90785,40.48049],[-79.90784,40.47965],[-79.90822,40.47497]]]},"properties":{"geoid":"42003981800","mobility_p25":null,"mobility_p25_se":0,"mobility_unreliable":false,"mobility_black_p25":null,"mobility_white_p25":null}},{"type":"Feature","geometry":{"type":"Polygon","coordinates":[[[-80.05344,40.38493],[-80.05276,40.38379],[-80.05234,40.38251],[-80.05234,40.3822],[-80.05258,40.38125],[-80.05256,40.38027],[-80.04889,40.37334],[-80.04749,40.37594],[-80.04637,40.37757],[-80.04447,40.38063],[-80.04379,40.38356],[-80.04375,40.38392],[-80.044,40.38556],[-80.04371,40.38691],[-80.04723,40.38648],[-80.05106,40.38546],[-80.05344,40.38493]]]},"properties":{"geoid":"42003473200","mobility_p25":61,"mobility_p25_se":3.3,"mobility_unreliable":false,"mobility_black_p25":null,"mobility_white_p25":61.7}},{"type":"Feature","geometry":{"type":"Polygon","coordinates":[[[-80.09998,40.41165],[-80.09977,40.41098],[-80.09961,40.40909],[-80.09854,40.39998],[-80.09777,40.40027],[-80.09692,40.40043],[-80.09526,40.40059],[-80.09232,40.40136],[-80.09058,40.40144],[-80.08969,40.40183],[-80.08806,40.40236],[-80.08729,40.4028],[-80.08716,40.40296],[-80.08696,40.40384],[-80.08703,40.40417],[-80.08797,40.40643],[-80.08803,40.40674],[-80.08853,40.40651],[-80.08898,40.40718],[-80.08895,40.40738],[-80.08874,40.40754],[-80.08959,40.40765],[-80.09059,40.40809],[-80.09098,40.40835],[-80.09129,40.40878],[-80.09319,40.41059],[-80.09443,40.41275],[-80.09472,40.41307],[-80.0968,40.41393],[-80.09788,40.41511],[-80.09998,40.41165]]]},"properties":{"geoid":"42003468800","mobility_p25":42,"mobility_p25_se":2.8,"mobility_unreliable":false,"mobility_black_p25":33.7,"mobility_white_p25":41.6}},{"type":"Feature","geometry":{"type":"Polygon","coordinates":[[[-80.088,40.4068],[-80.08797,40.40643],[-80.08703,40.40417],[-80.08696,40.40384],[-80.08709,40.40326],[-80.08698,40.40326],[-80.08668,40.39868],[-80.07991,40.39922],[-80.07988,40.39987],[-80.06967,40.39856],[-80.06742,40.40098],[-80.06786,40.40208],[-80.06875,40.40372],[-80.06906,40.40461],[-80.07026,40.4064],[-80.07328,40.40779],[-80.07671,40.40985],[-80.0789,40.4113],[-80.07962,40.41121],[-80.07994,40.41132],[-80.08005,40.41197],[-80.08078,40.41126],[-80.08152,40.41077],[-80.08112,40.41042],[-80.0851,40.40793],[-80.08546,40.40825],[-80.08767,40.40683],[-80.088,40.4068]]]},"properties":{"geoid":"42003468900","mobility_p25":43.5,"mobility_p25_se":2.1,"mobility_unreliable":false,"mobility_black_p25":30.5,"mobility_white_p25":47}},{"type":"Feature","geometry":{"type":"Polygon","coordinates":[[[-80.0495,40.37114],[-80.04922,40.36758],[-80.04859,40.36609],[-80.04794,40.36404],[-80.04745,40.36352],[-80.04692,40.3632],[-80.04537,40.36355],[-80.04478,40.36388],[-80.04438,40.36422],[-80.04385,40.36493],[-80.0434,40.3653],[-80.04214,40.36628],[-80.04053,40.36737],[-80.03923,40.36788],[-80.03787,40.36829],[-80.03841,40.36877],[-80.0379,40.36904],[-80.03424,40.36982],[-80.03363,40.3702],[-80.03313,40.36974],[-80.03193,40.37041],[-80.03261,40.37098],[-80.03399,40.37279],[-80.03635,40.37507],[-80.03646,40.37542],[-80.0365,40.37604],[-80.03815,40.37652],[-80.04051,40.37771],[-80.04072,40.37771],[-80.04293,40.3803],[-80.04445,40.38068],[-80.04637,40.37757],[-80.04728,40.37628],[-80.04856,40.37398],[-80.04888,40.37337],[-80.04935,40.372],[-80.0495,40.37114]]]},"properties":{"geoid":"42003473401","mobility_p25":50.8,"mobility_p25_se":3.9,"mobility_unreliable":false,"mobility_black_p25":null,"mobility_white_p25":53.5}},{"type":"Feature","geometry":{"type":"Polygon","coordinates":[[[-79.87,40.34947],[-79.86964,40.34847],[-79.86988,40.34844],[-79.86981,40.3481],[-79.86851,40.34477],[-79.8675,40.343],[-79.86688,40.34222],[-79.8649,40.34063],[-79.86269,40.33954],[-79.8614,40.33882],[-79.8599,40.34004],[-79.86137,40.34169],[-79.86212,40.34241],[-79.86065,40.34333],[-79.85859,40.34122],[-79.85788,40.34087],[-79.85753,40.34158],[-79.85783,40.34166],[-79.85737,40.34258],[-79.85802,40.34278],[-79.85845,40.34314],[-79.85791,40.34561],[-79.85937,40.34664],[-79.86097,40.34675],[-79.86099,40.34881],[-79.85952,40.34883],[-79.85953,40.34968],[-79.86402,40.34961],[-79.86465,40.34953],[-79.86475,40.35],[-79.86903,40.34947],[-79.87,40.34947]]]},"properties":{"geoid":"42003552100","mobility_p25":27,"mobility_p25_se":2.5,"mobility_unreliable":false,"mobility_black_p25":28.2,"mobility_white_p25":null}},{"type":"Feature","geometry":{"type":"Polygon","coordinates":[[[-79.88561,40.34517],[-79.8818,40.34339],[-79.88097,40.34177],[-79.88013,40.34251],[-79.87851,40.3437],[-79.87437,40.34701],[-79.87344,40.34761],[-79.87253,40.34762],[-79.87167,40.34774],[-79.87091,40.3486],[-79.86996,40.34876],[-79.86988,40.34844],[-79.86964,40.34847],[-79.87019,40.34999],[-79.87049,40.35163],[-79.87038,40.35408],[-79.86958,40.35549],[-79.87296,40.3551],[-79.87655,40.35439],[-79.87829,40.35364],[-79.88026,40.35218],[-79.88141,40.35105],[-79.88233,40.34956],[-79.88561,40.34517]]]},"properties":{"geoid":"42003552200","mobility_p25":38.6,"mobility_p25_se":3,"mobility_unreliable":false,"mobility_black_p25":null,"mobility_white_p25":42.1}},{"type":"Feature","geometry":{"type":"Polygon","coordinates":[[[-80.00978,40.53058],[-80.00994,40.53057],[-80.00926,40.5298],[-80.00703,40.52818],[-80.00615,40.52719],[-80.00576,40.52646],[-80.00563,40.52602],[-80.00554,40.52504],[-80.00548,40.52282],[-80.00538,40.52192],[-80.00419,40.51404],[-79.99975,40.51334],[-79.99886,40.51312],[-79.99829,40.51286],[-79.99708,40.51207],[-79.99616,40.5116],[-79.9937,40.51082],[-79.99158,40.50974],[-79.99087,40.50911],[-79.9903,40.50818],[-79.98953,40.50768],[-79.9893,40.50739],[-79.98925,40.50699],[-79.98939,40.5067],[-79.98965,40.50647],[-79.99017,40.50622],[-79.9904,40.50589],[-79.99035,40.50568],[-79.98987,40.50529],[-79.98809,40.50596],[-79.98667,40.50605],[-79.98663,40.50627],[-79.98685,40.50985],[-79.98698,40.51448],[-79.98825,40.52458],[-79.98822,40.53581],[-79.98846,40.54364],[-79.98895,40.54355],[-79.9936,40.54334],[-79.99433,40.54382],[-79.99409,40.54349],[-79.99403,40.54325],[-79.99388,40.53924],[-79.99367,40.53896],[-79.99317,40.53878],[-79.99354,40.53869],[-79.99413,40.5384],[-79.99542,40.53805],[-79.99694,40.53651],[-79.99896,40.53527],[-79.999,40.53515],[-79.99886,40.53414],[-79.9989,40.53398],[-80.00029,40.53293],[-80.00045,40.53248],[-80.00046,40.53175],[-80.00293,40.53182],[-80.0032,40.5319],[-80.00377,40.53229],[-80.00391,40.53163],[-80.00385,40.53033],[-80.00375,40.53008],[-80.00404,40.53033],[-80.00415,40.53032],[-80.00674,40.52993],[-80.00741,40.52991],[-80.00806,40.53004],[-80.0091,40.53049],[-80.00978,40.53058]]]},"properties":{"geoid":"42003429202","mobility_p25":48.7,"mobility_p25_se":3.3,"mobility_unreliable":false,"mobility_black_p25":null,"mobility_white_p25":51.3}},{"type":"Feature","geometry":{"type":"Polygon","coordinates":[[[-80.02781,40.4958],[-80.02777,40.49102],[-80.02765,40.4907],[-80.02704,40.48984],[-80.02671,40.48892],[-80.02511,40.48598],[-80.02505,40.48574],[-80.02512,40.48525],[-80.02422,40.48582],[-80.02478,40.48583],[-80.02514,40.48685],[-80.02461,40.48703],[-80.02449,40.48668],[-80.02314,40.48718],[-80.02311,40.48749],[-80.02237,40.48917],[-80.02201,40.48915],[-80.02175,40.48977],[-80.02159,40.48986],[-80.02159,40.49004],[-80.02207,40.49006],[-80.02155,40.49133],[-80.02097,40.49116],[-80.02089,40.49137],[-80.02036,40.49124],[-80.01978,40.49032],[-80.0206,40.49037],[-80.02045,40.4907],[-80.02116,40.49088],[-80.02141,40.49028],[-80.02143,40.4899],[-80.0204,40.48983],[-80.02041,40.49028],[-80.01972,40.49024],[-80.01921,40.49],[-80.01995,40.48954],[-80.01983,40.48938],[-80.02032,40.48829],[-80.02015,40.48771],[-80.02024,40.48761],[-80.01888,40.48673],[-80.01758,40.48672],[-80.01752,40.4868],[-80.01704,40.48682],[-80.01683,40.48607],[-80.01644,40.48609],[-80.01708,40.485],[-80.01766,40.48359],[-80.018,40.48319],[-80.01814,40.48269],[-80.018,40.48266],[-80.01776,40.48234],[-80.01444,40.48386],[-80.01448,40.48391],[-80.01393,40.4843],[-80.01466,40.48435],[-80.01499,40.48446],[-80.01547,40.4848],[-80.01574,40.48534],[-80.01623,40.48678],[-80.01627,40.48783],[-80.01642,40.48802],[-80.01821,40.48924],[-80.01835,40.48951],[-80.01487,40.48804],[-80.0116,40.48777],[-80.01093,40.4876],[-80.00975,40.48634],[-80.00919,40.48373],[-80.00898,40.48348],[-80.00876,40.48337],[-80.0077,40.4831],[-80.00904,40.48686],[-80.00941,40.48849],[-80.00965,40.48881],[-80.0103,40.49166],[-80.00995,40.49168],[-80.01018,40.49264],[-80.01058,40.49345],[-80.01091,40.49384],[-80.01114,40.49379],[-80.01129,40.49358],[-80.01174,40.494],[-80.01205,40.49518],[-80.01192,40.4952],[-80.01232,40.49607],[-80.01251,40.49671],[-80.014,40.49648],[-80.01443,40.49658],[-80.01629,40.49744],[-80.0177,40.49734],[-80.01787,40.49725],[-80.01783,40.49735],[-80.02008,40.49771],[-80.01994,40.49678],[-80.02005,40.49623],[-80.02025,40.4957],[-80.02098,40.49461],[-80.02198,40.49384],[-80.02291,40.49529],[-80.02416,40.49505],[-80.02459,40.49548],[-80.02543,40.49533],[-80.0259,40.4968],[-80.02779,40.49649],[-80.02781,40.4958]]]},"properties":{"geoid":"42003260200","mobility_p25":35,"mobility_p25_se":2.3,"mobility_unreliable":false,"mobility_black_p25":31.2,"mobility_white_p25":38.5}},{"type":"Feature","geometry":{"type":"Polygon","coordinates":[[[-80.03305,40.43731],[-80.03298,40.43644],[-80.03271,40.43592],[-80.0323,40.43546],[-80.03046,40.43435],[-80.02953,40.43384],[-80.02947,40.43391],[-80.02858,40.43338],[-80.02811,40.43296],[-80.02716,40.43178],[-80.0263,40.43101],[-80.02803,40.43008],[-80.02724,40.42946],[-80.02452,40.42648],[-80.02419,40.42628],[-80.02144,40.42547],[-80.0211,40.42523],[-80.02097,40.42553],[-80.02108,40.42573],[-80.01976,40.4257],[-80.01916,40.42598],[-80.01993,40.42582],[-80.02085,40.42629],[-80.02026,40.42781],[-80.01996,40.428],[-80.0194,40.42887],[-80.01917,40.42886],[-80.01874,40.42927],[-80.01863,40.42988],[-80.01945,40.43003],[-80.01797,40.4348],[-80.01917,40.43498],[-80.01902,40.4354],[-80.01829,40.43629],[-80.01883,40.43637],[-80.01858,40.43737],[-80.01823,40.43778],[-80.01892,40.43814],[-80.01773,40.43974],[-80.02626,40.44298],[-80.0285,40.44394],[-80.0296,40.44281],[-80.02961,40.44264],[-80.03019,40.44207],[-80.03025,40.44214],[-80.03254,40.4398],[-80.0329,40.43899],[-80.03305,40.43731]]]},"properties":{"geoid":"42003191100","mobility_p25":46.2,"mobility_p25_se":2.9,"mobility_unreliable":false,"mobility_black_p25":null,"mobility_white_p25":46.8}},{"type":"Feature","geometry":{"type":"Polygon","coordinates":[[[-79.79626,40.59013],[-79.79644,40.59012],[-79.7961,40.58353],[-79.79537,40.58315],[-79.7931,40.58286],[-79.79185,40.58297],[-79.79075,40.5833],[-79.78812,40.58336],[-79.78794,40.57557],[-79.78758,40.57186],[-79.78018,40.57193],[-79.7757,40.56283],[-79.77205,40.56295],[-79.77347,40.5664],[-79.77413,40.56838],[-79.77469,40.57075],[-79.7748,40.5728],[-79.7747,40.57497],[-79.77434,40.57759],[-79.77369,40.58084],[-79.77336,40.58209],[-79.77162,40.58563],[-79.77079,40.5867],[-79.76982,40.58777],[-79.76807,40.58954],[-79.76404,40.59287],[-79.76553,40.5967],[-79.7664,40.59744],[-79.76655,40.5976],[-79.76657,40.59776],[-79.76771,40.59867],[-79.76988,40.59971],[-79.77209,40.60125],[-79.77992,40.60607],[-79.78912,40.60597],[-79.78847,40.59014],[-79.79102,40.59024],[-79.79626,40.59013]]]},"properties":{"geoid":"42003404000","mobility_p25":43.8,"mobility_p25_se":3.3,"mobility_unreliable":false,"mobility_black_p25":null,"mobility_white_p25":43.9}},{"type":"Feature","geometry":{"type":"Polygon","coordinates":[[[-80.03322,40.31032],[-80.03307,40.30884],[-80.03291,40.30841],[-80.03205,40.30657],[-80.03053,40.30428],[-80.03048,40.30393],[-80.03056,40.30233],[-80.03052,40.30186],[-80.02942,40.29729],[-80.02934,40.29632],[-80.02947,40.29566],[-80.02983,40.29494],[-80.03062,40.29376],[-80.0308,40.29332],[-80.03084,40.29303],[-80.03061,40.29225],[-80.03055,40.2921],[-80.03041,40.29201],[-80.02678,40.29489],[-80.02671,40.29486],[-80.02618,40.29604],[-80.02554,40.29788],[-80.02494,40.29781],[-80.02397,40.29823],[-80.02383,40.29839],[-80.02326,40.30058],[-80.02294,40.30087],[-80.02099,40.3022],[-80.02135,40.30253],[-80.02143,40.30272],[-80.02075,40.30339],[-80.02108,40.30352],[-80.02077,40.30404],[-80.02092,40.30407],[-80.02053,40.3047],[-80.02046,40.30467],[-80.01959,40.30586],[-80.01951,40.30579],[-80.00934,40.32112],[-80.0102,40.32179],[-80.01726,40.32596],[-80.01785,40.32646],[-80.02203,40.33054],[-80.02191,40.33006],[-80.02193,40.32966],[-80.02204,40.32931],[-80.02238,40.32882],[-80.02293,40.32842],[-80.02529,40.32742],[-80.02563,40.32717],[-80.02587,40.32686],[-80.026,40.3263],[-80.02575,40.32477],[-80.02578,40.32449],[-80.02684,40.32211],[-80.02705,40.32083],[-80.02694,40.31926],[-80.02705,40.31887],[-80.02893,40.31564],[-80.03151,40.31348],[-80.03189,40.31305],[-80.0324,40.31228],[-80.03298,40.31116],[-80.03322,40.31032]]]},"properties":{"geoid":"42003475402","mobility_p25":49.2,"mobility_p25_se":4.5,"mobility_unreliable":false,"mobility_black_p25":null,"mobility_white_p25":51.1}},{"type":"Feature","geometry":{"type":"Polygon","coordinates":[[[-79.89284,40.45023],[-79.89264,40.45022],[-79.89242,40.45045],[-79.89242,40.45027],[-79.89177,40.4501],[-79.89115,40.44982],[-79.88982,40.44905],[-79.88837,40.44774],[-79.88593,40.44691],[-79.88458,40.4493],[-79.88409,40.44914],[-79.88478,40.45185],[-79.88521,40.45255],[-79.88526,40.4527],[-79.88517,40.45287],[-79.88547,40.45344],[-79.88594,40.45507],[-79.8919,40.45639],[-79.89263,40.45453],[-79.89074,40.4541],[-79.89149,40.45222],[-79.89284,40.45023]]]},"properties":{"geoid":"42003130400","mobility_p25":28.9,"mobility_p25_se":1.5,"mobility_unreliable":false,"mobility_black_p25":29.8,"mobility_white_p25":null}},{"type":"Feature","geometry":{"type":"Polygon","coordinates":[[[-79.88594,40.45507],[-79.88547,40.45344],[-79.88517,40.45287],[-79.88526,40.4527],[-79.88521,40.45255],[-79.88478,40.45185],[-79.88403,40.44892],[-79.8829,40.44915],[-79.88219,40.44919],[-79.88161,40.44938],[-79.88147,40.44931],[-79.88122,40.44935],[-79.87831,40.44992],[-79.87269,40.44937],[-79.86714,40.44939],[-79.86584,40.45574],[-79.87264,40.45746],[-79.87256,40.45764],[-79.87162,40.45839],[-79.8717,40.46056],[-79.87063,40.46075],[-79.86922,40.46053],[-79.8691,40.46097],[-79.87057,40.46119],[-79.87138,40.46111],[-79.87228,40.46088],[-79.87314,40.46043],[-79.8745,40.45926],[-79.87534,40.45979],[-79.87521,40.45991],[-79.87527,40.45995],[-79.87564,40.45996],[-79.87553,40.46155],[-79.8769,40.46161],[-79.8763,40.4597],[-79.8774,40.45983],[-79.87749,40.45941],[-79.87728,40.45938],[-79.87737,40.45896],[-79.87907,40.45915],[-79.8792,40.45887],[-79.87915,40.45877],[-79.87769,40.45709],[-79.87963,40.45538],[-79.87993,40.45524],[-79.88087,40.45505],[-79.88301,40.4554],[-79.88409,40.45548],[-79.88594,40.45507]]]},"properties":{"geoid":"42003130600","mobility_p25":31.7,"mobility_p25_se":1.1,"mobility_unreliable":false,"mobility_black_p25":31.7,"mobility_white_p25":null}},{"type":"Feature","geometry":{"type":"Polygon","coordinates":[[[-79.90125,40.32012],[-79.9009,40.31651],[-79.90053,40.31662],[-79.89991,40.31555],[-79.90012,40.31505],[-79.8989,40.31557],[-79.89747,40.31413],[-79.89959,40.3121],[-79.90014,40.31246],[-79.90074,40.31204],[-79.89507,40.30601],[-79.89506,40.30609],[-79.8947,40.30558],[-79.89526,40.30488],[-79.89529,40.305],[-79.89698,40.30328],[-79.89955,40.30193],[-79.89536,40.29889],[-79.89264,40.29962],[-79.89123,40.29987],[-79.88992,40.30048],[-79.88919,40.30071],[-79.88492,40.2987],[-79.88396,40.29835],[-79.88175,40.29867],[-79.88037,40.29913],[-79.87953,40.29931],[-79.87841,40.29932],[-79.87727,40.29908],[-79.87709,40.29916],[-79.88044,40.29645],[-79.88068,40.29611],[-79.87814,40.29483],[-79.8746,40.29481],[-79.8746,40.29452],[-79.87329,40.29427],[-79.87549,40.28963],[-79.87735,40.28616],[-79.87816,40.28493],[-79.87618,40.2836],[-79.87503,40.28419],[-79.87381,40.28531],[-79.87209,40.28661],[-79.87069,40.2879],[-79.86832,40.29114],[-79.86775,40.29262],[-79.86732,40.29441],[-79.8671,40.29599],[-79.86731,40.2983],[-79.86778,40.30023],[-79.86845,40.302],[-79.86973,40.3035],[-79.87153,40.30511],[-79.87483,40.30771],[-79.87622,40.30871],[-79.87686,40.30906],[-79.87843,40.30964],[-79.88057,40.31018],[-79.88451,40.31157],[-79.89139,40.31473],[-79.89501,40.31778],[-79.896,40.31887],[-79.89668,40.31975],[-79.89845,40.31948],[-79.90125,40.32012]]]},"properties":{"geoid":"42003492700","mobility_p25":42,"mobility_p25_se":2.4,"mobility_unreliable":false,"mobility_black_p25":36.3,"mobility_white_p25":44}},{"type":"Feature","geometry":{"type":"Polygon","coordinates":[[[-80.0379,40.36904],[-80.03841,40.36877],[-80.03255,40.36355],[-80.03281,40.3633],[-80.03037,40.36224],[-80.031,40.36116],[-80.03306,40.36202],[-80.03336,40.36232],[-80.03354,40.3627],[-80.03572,40.3608],[-80.03563,40.36069],[-80.03676,40.35734],[-80.03695,40.35634],[-80.03626,40.35621],[-80.03669,40.35488],[-80.03293,40.35519],[-80.03035,40.35552],[-80.02822,40.35586],[-80.02868,40.35818],[-80.02874,40.36047],[-80.02858,40.361],[-80.02825,40.36142],[-80.02764,40.36263],[-80.02707,40.36323],[-80.02632,40.3637],[-80.02413,40.36466],[-80.02369,40.36469],[-80.02241,40.36444],[-80.02045,40.36467],[-80.01742,40.36534],[-80.0151,40.36622],[-80.01254,40.36822],[-80.01018,40.37049],[-80.00554,40.37446],[-80.00457,40.37422],[-80.00498,40.37446],[-80.00561,40.37468],[-80.00786,40.375],[-80.0079,40.37824],[-80.01319,40.37964],[-80.01409,40.37857],[-80.01498,40.37893],[-80.0154,40.37859],[-80.01682,40.37684],[-80.01368,40.3766],[-80.01235,40.37574],[-80.01191,40.37612],[-80.01076,40.37537],[-80.01121,40.37508],[-80.0112,40.37499],[-80.01173,40.37447],[-80.01404,40.37232],[-80.01481,40.373],[-80.01593,40.37429],[-80.01911,40.37602],[-80.02121,40.37659],[-80.02246,40.37523],[-80.01843,40.37171],[-80.02171,40.36957],[-80.02419,40.36906],[-80.02758,40.36815],[-80.02792,40.36798],[-80.03022,40.36928],[-80.03193,40.37041],[-80.03313,40.36974],[-80.03363,40.3702],[-80.03424,40.36982],[-80.0379,40.36904]]]},"properties":{"geoid":"42003476100","mobility_p25":52.5,"mobility_p25_se":2.2,"mobility_unreliable":false,"mobility_black_p25":null,"mobility_white_p25":54.6}},{"type":"Feature","geometry":{"type":"Polygon","coordinates":[[[-80.09983,40.38523],[-80.09968,40.3847],[-80.09921,40.3843],[-80.09894,40.38426],[-80.09769,40.3845],[-80.09634,40.38511],[-80.09308,40.38465],[-80.09263,40.38452],[-80.09324,40.38255],[-80.0929,40.38221],[-80.09172,40.38228],[-80.09137,40.38243],[-80.09116,40.38272],[-80.09109,40.383],[-80.0911,40.38401],[-80.09078,40.38413],[-80.09078,40.38368],[-80.09038,40.38245],[-80.09193,40.38034],[-80.09303,40.37848],[-80.09353,40.37736],[-80.09438,40.37479],[-80.09274,40.37446],[-80.09215,40.37418],[-80.09055,40.37277],[-80.08414,40.36832],[-80.08342,40.37104],[-80.08322,40.37136],[-80.08298,40.37156],[-80.08256,40.37176],[-80.0821,40.37182],[-80.08164,40.37177],[-80.08101,40.37152],[-80.08032,40.37138],[-80.0792,40.37163],[-80.07962,40.37215],[-80.07938,40.37228],[-80.07972,40.37267],[-80.07947,40.3728],[-80.08411,40.37711],[-80.08397,40.37758],[-80.07903,40.37639],[-80.07759,40.37649],[-80.07743,40.37673],[-80.07528,40.37741],[-80.06957,40.37824],[-80.06851,40.37637],[-80.06841,40.37643],[-80.06812,40.37606],[-80.06748,40.37645],[-80.06836,40.3773],[-80.06916,40.37849],[-80.06721,40.37983],[-80.06753,40.38032],[-80.06759,40.38061],[-80.06759,40.38089],[-80.06743,40.38118],[-80.0676,40.38103],[-80.0676,40.38123],[-80.06752,40.38128],[-80.06858,40.38255],[-80.06888,40.38278],[-80.06875,40.38296],[-80.06941,40.3833],[-80.06908,40.38679],[-80.07155,40.38545],[-80.07371,40.38723],[-80.0739,40.38751],[-80.07397,40.38797],[-80.07399,40.38818],[-80.0689,40.38889],[-80.06876,40.39195],[-80.07154,40.39153],[-80.0735,40.39086],[-80.07418,40.39074],[-80.07494,40.39068],[-80.0764,40.39102],[-80.07754,40.39111],[-80.0783,40.39106],[-80.07918,40.39085],[-80.08034,40.39027],[-80.08091,40.38978],[-80.08241,40.3876],[-80.08305,40.38688],[-80.08386,40.38639],[-80.08508,40.38607],[-80.08614,40.38609],[-80.08859,40.38647],[-80.08929,40.38671],[-80.0902,40.38719],[-80.09085,40.387],[-80.09109,40.38737],[-80.09162,40.3879],[-80.09259,40.38855],[-80.0941,40.38872],[-80.09481,40.38867],[-80.09607,40.38846],[-80.09678,40.38826],[-80.09706,40.38815],[-80.09745,40.38786],[-80.09753,40.38813],[-80.09815,40.38802],[-80.0992,40.38734],[-80.09937,40.38711],[-80.09961,40.3864],[-80.09956,40.3858],[-80.09983,40.38523]]]},"properties":{"geoid":"42003470300","mobility_p25":54.4,"mobility_p25_se":3.5,"mobility_unreliable":false,"mobility_black_p25":null,"mobility_white_p25":54.1}},{"type":"Feature","geometry":{"type":"Polygon","coordinates":[[[-80.09903,40.35758],[-80.09865,40.35709],[-80.09819,40.357],[-80.09647,40.35629],[-80.09468,40.35629],[-80.09272,40.35616],[-80.09083,40.35577],[-80.09044,40.35563],[-80.08853,40.35451],[-80.08807,40.35407],[-80.08788,40.35332],[-80.08706,40.35219],[-80.08557,40.35125],[-80.08311,40.34849],[-80.08291,40.34814],[-80.08276,40.34762],[-80.08263,40.34593],[-80.08218,40.34506],[-80.07988,40.34575],[-80.07892,40.34643],[-80.07764,40.34702],[-80.07602,40.34812],[-80.07541,40.34839],[-80.0745,40.34859],[-80.07399,40.34885],[-80.07383,40.35235],[-80.0735,40.35523],[-80.07332,40.35558],[-80.07301,40.35585],[-80.07262,40.35603],[-80.07165,40.35622],[-80.07147,40.35638],[-80.07148,40.35695],[-80.07185,40.35831],[-80.07103,40.35781],[-80.06964,40.35765],[-80.0678,40.35809],[-80.0658,40.35827],[-80.06561,40.35822],[-80.06552,40.3581],[-80.06564,40.35742],[-80.0656,40.35723],[-80.06436,40.3551],[-80.06335,40.35276],[-80.06143,40.34995],[-80.06105,40.34974],[-80.05843,40.34903],[-80.05663,40.34765],[-80.05505,40.34702],[-80.05463,40.34665],[-80.05288,40.35073],[-80.05117,40.35104],[-80.05092,40.35301],[-80.05848,40.35782],[-80.06434,40.36175],[-80.0725,40.36406],[-80.07282,40.36343],[-80.08141,40.36428],[-80.08183,40.36306],[-80.08283,40.36301],[-80.08483,40.36316],[-80.08568,40.36304],[-80.0863,40.36384],[-80.08694,40.36398],[-80.08766,40.36372],[-80.0873,40.36275],[-80.08767,40.36283],[-80.08751,40.36224],[-80.08833,40.36192],[-80.0891,40.36181],[-80.09303,40.36207],[-80.09292,40.3624],[-80.09326,40.36251],[-80.09426,40.36254],[-80.0943,40.36243],[-80.09446,40.36252],[-80.095,40.36296],[-80.0951,40.3631],[-80.09504,40.3633],[-80.09518,40.36337],[-80.09513,40.36322],[-80.09536,40.36317],[-80.09496,40.36269],[-80.09539,40.36209],[-80.09776,40.35753],[-80.09903,40.35758]]]},"properties":{"geoid":"42003474101","mobility_p25":44.6,"mobility_p25_se":4.1,"mobility_unreliable":false,"mobility_black_p25":null,"mobility_white_p25":48.4}},{"type":"Feature","geometry":{"type":"Polygon","coordinates":[[[-79.99927,40.42915],[-79.99866,40.42891],[-79.9983,40.42901],[-79.99806,40.42892],[-79.99614,40.4278],[-79.99452,40.42733],[-79.99404,40.42701],[-79.99375,40.42662],[-79.99356,40.4265],[-79.99264,40.42643],[-79.99212,40.42631],[-79.99079,40.42557],[-79.99019,40.42491],[-79.9882,40.42494],[-79.98773,40.42487],[-79.98778,40.42433],[-79.98805,40.42379],[-79.98855,40.42331],[-79.98869,40.42284],[-79.98892,40.42282],[-79.98888,40.42227],[-79.98733,40.42247],[-79.98736,40.42201],[-79.98821,40.42186],[-79.98815,40.42163],[-79.98731,40.42168],[-79.98822,40.42139],[-79.98812,40.41979],[-79.98762,40.41978],[-79.98811,40.41968],[-79.98803,40.41898],[-79.9881,40.41854],[-79.98818,40.41851],[-79.98636,40.41756],[-79.9806,40.41772],[-79.97887,40.41796],[-79.9798,40.41811],[-79.98046,40.41872],[-79.98016,40.41885],[-79.98006,40.41932],[-79.98019,40.41934],[-79.98012,40.42008],[-79.98027,40.42007],[-79.9803,40.42037],[-79.9807,40.42032],[-79.98067,40.42],[-79.9817,40.41984],[-79.98216,40.41988],[-79.98217,40.4201],[-79.98194,40.42035],[-79.98194,40.42086],[-79.98116,40.42071],[-79.98112,40.42096],[-79.98074,40.42102],[-79.98082,40.42069],[-79.98021,40.42068],[-79.97961,40.42095],[-79.97951,40.42101],[-79.97946,40.42128],[-79.97895,40.4218],[-79.97936,40.42167],[-79.97837,40.42226],[-79.97779,40.423],[-79.9777,40.42346],[-79.97755,40.42357],[-79.97643,40.42335],[-79.97617,40.42343],[-79.97611,40.42489],[-79.97498,40.42483],[-79.97496,40.42505],[-79.98295,40.42549],[-79.98627,40.42575],[-79.98749,40.42604],[-79.99107,40.42732],[-79.9923,40.42768],[-79.99255,40.42766],[-79.99709,40.42917],[-79.99716,40.4289],[-79.99777,40.42903],[-79.99799,40.42922],[-79.99897,40.42953],[-79.99927,40.42915]]]},"properties":{"geoid":"42003170600","mobility_p25":41.4,"mobility_p25_se":3,"mobility_unreliable":false,"mobility_black_p25":null,"mobility_white_p25":42.8}},{"type":"Feature","geometry":{"type":"Polygon","coordinates":[[[-79.88424,40.26891],[-79.88366,40.26812],[-79.8828,40.26736],[-79.8821,40.26693],[-79.88023,40.26599],[-79.87923,40.26524],[-79.87881,40.26478],[-79.87843,40.26393],[-79.8783,40.26339],[-79.87828,40.26273],[-79.87907,40.257],[-79.87911,40.25571],[-79.87777,40.2502],[-79.8775,40.24947],[-79.87705,40.2488],[-79.87646,40.24822],[-79.8737,40.24624],[-79.8727,40.2453],[-79.87219,40.24462],[-79.87179,40.2439],[-79.87126,40.24228],[-79.87086,40.24155],[-79.87079,40.24117],[-79.87058,40.24073],[-79.87024,40.24033],[-79.86989,40.2401],[-79.8698,40.23985],[-79.86957,40.23963],[-79.86777,40.23947],[-79.86712,40.23922],[-79.86699,40.23936],[-79.86494,40.23926],[-79.8625,40.24063],[-79.86127,40.24087],[-79.86014,40.24093],[-79.85956,40.24001],[-79.85598,40.23573],[-79.85588,40.23534],[-79.85573,40.23378],[-79.85582,40.23272],[-79.85578,40.23224],[-79.85497,40.23077],[-79.85418,40.22828],[-79.85383,40.2276],[-79.85338,40.22698],[-79.85242,40.22598],[-79.85017,40.22421],[-79.84977,40.22374],[-79.84915,40.22264],[-79.8486,40.2224],[-79.84696,40.22122],[-79.84426,40.21984],[-79.84228,40.21835],[-79.84203,40.21723],[-79.84175,40.2149],[-79.84095,40.21266],[-79.84072,40.2112],[-79.83925,40.20876],[-79.81996,40.21494],[-79.81779,40.21562],[-79.81692,40.2158],[-79.81674,40.21595],[-79.81442,40.21668],[-79.80061,40.22174],[-79.78259,40.22763],[-79.78694,40.22797],[-79.78769,40.22818],[-79.78917,40.22888],[-79.7903,40.22917],[-79.79534,40.22993],[-79.79727,40.23034],[-79.79929,40.23088],[-79.80345,40.23161],[-79.80439,40.23195],[-79.8056,40.23255],[-79.80663,40.23359],[-79.80711,40.23452],[-79.80745,40.23605],[-79.80743,40.23689],[-79.80726,40.23767],[-79.8069,40.23862],[-79.80608,40.24026],[-79.80535,40.24112],[-79.80403,40.24148],[-79.80336,40.2418],[-79.80291,40.24216],[-79.80226,40.24286],[-79.80035,40.24519],[-79.79911,40.24697],[-79.7984,40.2485],[-79.79794,40.2501],[-79.7974,40.2511],[-79.79689,40.25243],[-79.79581,40.25397],[-79.79396,40.25576],[-79.7903,40.25871],[-79.79071,40.25912],[-79.79127,40.25922],[-79.79172,40.25957],[-79.79153,40.26075],[-79.79159,40.26226],[-79.7919,40.26097],[-79.79211,40.2607],[-79.79453,40.26027],[-79.79637,40.25932],[-79.7976,40.25882],[-79.79769,40.25866],[-79.79765,40.2585],[-79.79692,40.25778],[-79.79671,40.25731],[-79.79742,40.2555],[-79.79761,40.25521],[-79.79788,40.25507],[-79.79904,40.25493],[-79.80059,40.25442],[-79.80084,40.25425],[-79.8019,40.25386],[-79.80266,40.25371],[-79.80405,40.25369],[-79.80885,40.25475],[-79.81179,40.25433],[-79.81446,40.25367],[-79.81706,40.25366],[-79.8175,40.25372],[-79.81824,40.25429],[-79.81963,40.2546],[-79.82496,40.25686],[-79.82507,40.25713],[-79.82478,40.25774],[-79.82485,40.2584],[-79.82521,40.25932],[-79.82579,40.26003],[-79.82754,40.26154],[-79.83001,40.26289],[-79.83076,40.26341],[-79.83198,40.26445],[-79.83334,40.26534],[-79.83367,40.2657],[-79.83571,40.26954],[-79.83736,40.27296],[-79.83758,40.27264],[-79.83924,40.27205],[-79.84062,40.27182],[-79.84229,40.27169],[-79.84309,40.27172],[-79.84337,40.27184],[-79.84403,40.27264],[-79.84435,40.27276],[-79.84453,40.27273],[-79.84558,40.27228],[-79.84653,40.27085],[-79.84764,40.27003],[-79.84913,40.27162],[-79.84977,40.27218],[-79.85096,40.27361],[-79.85132,40.27384],[-79.85324,40.27465],[-79.85392,40.27507],[-79.85501,40.27596],[-79.85558,40.27686],[-79.85593,40.2785],[-79.85677,40.27849],[-79.85823,40.27816],[-79.85973,40.27793],[-79.86076,40.27761],[-79.86196,40.2774],[-79.8622,40.27747],[-79.86302,40.27807],[-79.86493,40.27897],[-79.86582,40.27926],[-79.86622,40.27926],[-79.86682,40.27903],[-79.86886,40.27718],[-79.8696,40.27668],[-79.87028,40.27646],[-79.87101,40.27634],[-79.87174,40.27636],[-79.8731,40.2769],[-79.87348,40.27713],[-79.87396,40.27757],[-79.8746,40.27834],[-79.87535,40.27886],[-79.87451,40.27965],[-79.87576,40.28098],[-79.87776,40.28263],[-79.88054,40.28063],[-79.88272,40.27941],[-79.87919,40.27594],[-79.88129,40.27497],[-79.88098,40.27436],[-79.87941,40.27383],[-79.87902,40.27361],[-79.88077,40.27239],[-79.88112,40.27204],[-79.88201,40.27163],[-79.88319,40.27069],[-79.88334,40.27046],[-79.88414,40.2697],[-79.88424,40.26891]]]},"properties":{"geoid":"42003496102","mobility_p25":47.4,"mobility_p25_se":2.7,"mobility_unreliable":false,"mobility_black_p25":null,"mobility_white_p25":48.7}},{"type":"Feature","geometry":{"type":"Polygon","coordinates":[[[-79.82599,40.46646],[-79.82612,40.4662],[-79.82505,40.46547],[-79.82443,40.4647],[-79.82401,40.46499],[-79.82455,40.46535],[-79.82471,40.46555],[-79.82465,40.46588],[-79.82448,40.46602],[-79.82331,40.46631],[-79.82178,40.46604],[-79.82098,40.46556],[-79.8203,40.46466],[-79.81966,40.46419],[-79.8192,40.46403],[-79.81672,40.46362],[-79.81373,40.4616],[-79.8124,40.46109],[-79.8113,40.46048],[-79.81085,40.46033],[-79.81031,40.4602],[-79.80953,40.46016],[-79.80716,40.46037],[-79.80557,40.4604],[-79.80503,40.46051],[-79.80457,40.46083],[-79.80446,40.46105],[-79.80422,40.46231],[-79.80398,40.46263],[-79.80317,40.46293],[-79.8019,40.46358],[-79.80069,40.46404],[-79.79967,40.46472],[-79.79934,40.46507],[-79.79912,40.46547],[-79.79896,40.46654],[-79.79826,40.46789],[-79.798,40.46807],[-79.79756,40.46814],[-79.79605,40.46815],[-79.7958,40.46863],[-79.79569,40.46938],[-79.79618,40.47005],[-79.7964,40.47068],[-79.79652,40.47155],[-79.79634,40.47208],[-79.79636,40.47229],[-79.79733,40.47517],[-79.79747,40.47541],[-79.79977,40.47691],[-79.79986,40.47722],[-79.79962,40.47754],[-79.79981,40.47792],[-79.80046,40.48025],[-79.80057,40.48054],[-79.80078,40.48072],[-79.80122,40.48091],[-79.8029,40.48107],[-79.80455,40.48136],[-79.80762,40.48155],[-79.80889,40.48221],[-79.81026,40.48338],[-79.81129,40.48386],[-79.81198,40.484],[-79.81269,40.48402],[-79.81384,40.48384],[-79.81454,40.48385],[-79.81522,40.48401],[-79.81733,40.4849],[-79.81779,40.48497],[-79.81842,40.48473],[-79.81925,40.4842],[-79.8194,40.48394],[-79.81928,40.48385],[-79.81951,40.4834],[-79.82068,40.48219],[-79.82224,40.48099],[-79.82241,40.48076],[-79.82254,40.48039],[-79.82244,40.47835],[-79.82174,40.47677],[-79.82162,40.47636],[-79.82166,40.47609],[-79.8221,40.47517],[-79.82195,40.47431],[-79.8197,40.4725],[-79.81955,40.47217],[-79.81959,40.47179],[-79.81981,40.47146],[-79.82017,40.47121],[-79.82229,40.47047],[-79.82304,40.46999],[-79.82556,40.46748],[-79.82599,40.46646]]]},"properties":{"geoid":"42003523501","mobility_p25":42.6,"mobility_p25_se":1.9,"mobility_unreliable":false,"mobility_black_p25":32.8,"mobility_white_p25":52.2}},{"type":"Feature","geometry":{"type":"Polygon","coordinates":[[[-79.98967,40.57033],[-79.98913,40.5589],[-79.98899,40.55824],[-79.98892,40.55405],[-79.98269,40.55395],[-79.98271,40.55514],[-79.97902,40.55507],[-79.97928,40.5538],[-79.97199,40.55393],[-79.97187,40.55415],[-79.96734,40.55406],[-79.9626,40.55422],[-79.9581,40.55427],[-79.95022,40.55454],[-79.95017,40.55362],[-79.94962,40.55357],[-79.94965,40.55392],[-79.94428,40.5539],[-79.92812,40.55431],[-79.91508,40.55495],[-79.91542,40.58186],[-79.91553,40.58489],[-79.91644,40.58441],[-79.91721,40.58376],[-79.91936,40.58303],[-79.91985,40.58264],[-79.92039,40.58181],[-79.92163,40.58158],[-79.92215,40.58166],[-79.92577,40.58163],[-79.92996,40.58147],[-79.93167,40.58172],[-79.93243,40.58175],[-79.93405,40.58144],[-79.93481,40.58138],[-79.93587,40.58166],[-79.93644,40.58169],[-79.9379,40.58137],[-79.9391,40.58124],[-79.94935,40.58096],[-79.9503,40.58029],[-79.95102,40.57996],[-79.95161,40.57953],[-79.95266,40.57912],[-79.95327,40.57846],[-79.95345,40.57808],[-79.95378,40.57801],[-79.95446,40.57674],[-79.95469,40.57551],[-79.9548,40.57257],[-79.95467,40.57161],[-79.95419,40.56984],[-79.95417,40.56913],[-79.95442,40.56798],[-79.95487,40.56698],[-79.9557,40.56683],[-79.95565,40.56702],[-79.95538,40.56737],[-79.95541,40.56769],[-79.95593,40.56808],[-79.95688,40.56855],[-79.95748,40.56925],[-79.9589,40.56977],[-79.96142,40.57088],[-79.9619,40.56912],[-79.96219,40.56887],[-79.96268,40.56861],[-79.96448,40.56787],[-79.96488,40.56779],[-79.96627,40.56797],[-79.96695,40.56843],[-79.96692,40.56813],[-79.96673,40.56785],[-79.96474,40.5661],[-79.96452,40.56561],[-79.96495,40.56531],[-79.96573,40.56446],[-79.96546,40.56429],[-79.96632,40.56346],[-79.96639,40.56306],[-79.96693,40.56324],[-79.9687,40.56321],[-79.96984,40.56342],[-79.97187,40.56435],[-79.97617,40.56606],[-79.97708,40.56618],[-79.97914,40.56601],[-79.97998,40.56616],[-79.98098,40.56664],[-79.9826,40.56719],[-79.98393,40.56794],[-79.98967,40.57033]]]},"properties":{"geoid":"42003414200","mobility_p25":50.7,"mobility_p25_se":2.7,"mobility_unreliable":false,"mobility_black_p25":null,"mobility_white_p25":53.5}},{"type":"Feature","geometry":{"type":"Polygon","coordinates":[[[-80.06742,40.59585],[-80.06561,40.56657],[-80.06429,40.56585],[-80.06143,40.56488],[-80.06101,40.56446],[-80.06069,40.56331],[-80.06054,40.56307],[-80.05975,40.56381],[-80.0595,40.5643],[-80.05942,40.56465],[-80.05946,40.56535],[-80.0599,40.56711],[-80.05984,40.56763],[-80.05951,40.5681],[-80.05881,40.56852],[-80.05815,40.56865],[-80.05723,40.56868],[-80.05674,40.56861],[-80.05627,40.56828],[-80.05463,40.56626],[-80.05419,40.56611],[-80.05261,40.56586],[-80.05212,40.56587],[-80.05188,40.56595],[-80.05163,40.56613],[-80.05073,40.56735],[-80.04952,40.56797],[-80.04964,40.56838],[-80.04944,40.57038],[-80.04951,40.57094],[-80.04987,40.5716],[-80.05166,40.57332],[-80.05284,40.57483],[-80.05339,40.5752],[-80.05457,40.57559],[-80.05457,40.57574],[-80.05434,40.57625],[-80.05448,40.57655],[-80.05476,40.57667],[-80.05589,40.57686],[-80.05655,40.58151],[-80.05588,40.58145],[-80.05511,40.5815],[-80.04339,40.58322],[-80.0429,40.58318],[-80.04245,40.58303],[-80.04171,40.58249],[-80.04124,40.5823],[-80.03814,40.58205],[-80.03868,40.5828],[-80.03942,40.58338],[-80.04032,40.58381],[-80.04288,40.58471],[-80.04378,40.58522],[-80.04448,40.58588],[-80.04472,40.58579],[-80.04505,40.58601],[-80.04531,40.58626],[-80.04566,40.58681],[-80.04583,40.58693],[-80.04624,40.58703],[-80.04628,40.58711],[-80.04618,40.58735],[-80.04631,40.58741],[-80.04661,40.58737],[-80.04678,40.5875],[-80.04706,40.58755],[-80.04723,40.58772],[-80.0475,40.58775],[-80.04773,40.58822],[-80.04863,40.58861],[-80.04871,40.58878],[-80.0485,40.58906],[-80.04863,40.58911],[-80.0489,40.58904],[-80.04892,40.5892],[-80.04877,40.58935],[-80.04882,40.58944],[-80.04954,40.58948],[-80.05002,40.58998],[-80.04999,40.59008],[-80.04946,40.59003],[-80.0494,40.59008],[-80.04966,40.59049],[-80.0503,40.59058],[-80.05039,40.59082],[-80.05057,40.59095],[-80.05125,40.59073],[-80.05154,40.59078],[-80.05209,40.59138],[-80.05244,40.59154],[-80.05341,40.59226],[-80.0537,40.59269],[-80.05401,40.59296],[-80.05475,40.5933],[-80.05509,40.59359],[-80.05528,40.59342],[-80.05551,40.59343],[-80.0557,40.59325],[-80.05583,40.59323],[-80.05632,40.59344],[-80.05658,40.59329],[-80.05803,40.59338],[-80.05859,40.5936],[-80.0591,40.59357],[-80.0594,40.59371],[-80.05999,40.5938],[-80.06044,40.59397],[-80.06079,40.59396],[-80.06107,40.59428],[-80.06147,40.59423],[-80.06273,40.59446],[-80.0634,40.59434],[-80.06404,40.5945],[-80.06427,40.59466],[-80.06461,40.59471],[-80.06513,40.59498],[-80.0666,40.59526],[-80.06715,40.59554],[-80.06742,40.59585]]]},"properties":{"geoid":"42003413202","mobility_p25":51.3,"mobility_p25_se":4.1,"mobility_unreliable":false,"mobility_black_p25":null,"mobility_white_p25":52.3}},{"type":"Feature","geometry":{"type":"Polygon","coordinates":[[[-80.16148,40.5238],[-80.16042,40.52247],[-80.15947,40.52104],[-80.15431,40.51728],[-80.1524,40.51616],[-80.14964,40.51492],[-80.14901,40.51471],[-80.1479,40.5145],[-80.14371,40.51346],[-80.14123,40.51262],[-80.1381,40.5113],[-80.13498,40.50931],[-80.13416,40.50891],[-80.12692,40.50628],[-80.12489,40.50569],[-80.12099,40.50483],[-80.11901,40.50453],[-80.11434,40.50367],[-80.10343,40.50088],[-80.10165,40.5002],[-80.09914,40.49943],[-80.09332,40.49715],[-80.09161,40.49661],[-80.08695,40.4945],[-80.08325,40.49256],[-80.08104,40.49151],[-80.07818,40.4911],[-80.07578,40.49123],[-80.07381,40.49152],[-80.06988,40.49189],[-80.06753,40.49227],[-80.06886,40.4937],[-80.07026,40.49482],[-80.07625,40.49933],[-80.07779,40.50018],[-80.08145,40.50144],[-80.0839,40.50196],[-80.08767,40.50261],[-80.09163,40.50385],[-80.0929,40.50432],[-80.09574,40.50576],[-80.09858,40.50697],[-80.11004,40.51109],[-80.1125,40.51184],[-80.11779,40.51283],[-80.12005,40.5131],[-80.12209,40.51344],[-80.12519,40.51419],[-80.12886,40.51481],[-80.13232,40.51504],[-80.13418,40.51534],[-80.13772,40.51633],[-80.13976,40.51739],[-80.14347,40.51907],[-80.14726,40.5204],[-80.15408,40.52205],[-80.15704,40.52256],[-80.15976,40.52323],[-80.16148,40.5238]]]},"properties":{"geoid":"42003461000","mobility_p25":41.9,"mobility_p25_se":3.6,"mobility_unreliable":false,"mobility_black_p25":null,"mobility_white_p25":42.3}},{"type":"Feature","geometry":{"type":"Polygon","coordinates":[[[-80.12246,40.54885],[-80.1218,40.5414],[-80.12156,40.53626],[-80.1064,40.53046],[-80.09588,40.52659],[-80.07124,40.51817],[-80.06229,40.51544],[-80.06262,40.51895],[-80.06264,40.52173],[-80.06273,40.5234],[-80.06405,40.54225],[-80.06808,40.54507],[-80.07041,40.54642],[-80.0746,40.54907],[-80.08478,40.55598],[-80.09096,40.56007],[-80.0928,40.56141],[-80.09395,40.56206],[-80.09853,40.56506],[-80.10429,40.5691],[-80.11391,40.57546],[-80.11395,40.57278],[-80.11388,40.57051],[-80.11668,40.57046],[-80.11455,40.5676],[-80.1143,40.5676],[-80.11386,40.56686],[-80.11361,40.56663],[-80.11367,40.56634],[-80.11346,40.56614],[-80.11388,40.56598],[-80.11352,40.56227],[-80.11403,40.56007],[-80.11385,40.55877],[-80.11415,40.55774],[-80.11442,40.55712],[-80.11458,40.55635],[-80.11547,40.5542],[-80.11569,40.55317],[-80.11567,40.55286],[-80.11676,40.55223],[-80.11818,40.55191],[-80.11882,40.55152],[-80.1199,40.55115],[-80.12022,40.55096],[-80.1206,40.55052],[-80.12129,40.55007],[-80.12179,40.54933],[-80.12246,40.54885]]]},"properties":{"geoid":"42003437000","mobility_p25":51.9,"mobility_p25_se":4.3,"mobility_unreliable":false,"mobility_black_p25":null,"mobility_white_p25":55}},{"type":"Feature","geometry":{"type":"Polygon","coordinates":[[[-79.83863,40.51206],[-79.83865,40.51182],[-79.83697,40.51173],[-79.83645,40.51149],[-79.83549,40.51153],[-79.83442,40.51204],[-79.83414,40.51242],[-79.83368,40.51336],[-79.83343,40.51364],[-79.83211,40.51344],[-79.82947,40.51202],[-79.82905,40.51191],[-79.82785,40.51204],[-79.82756,40.51211],[-79.82606,40.51286],[-79.82589,40.51348],[-79.82536,40.51405],[-79.8249,40.51488],[-79.82476,40.51529],[-79.82453,40.51558],[-79.82411,40.5158],[-79.82372,40.51581],[-79.82357,40.51572],[-79.82309,40.51533],[-79.82256,40.51455],[-79.82239,40.51451],[-79.82077,40.51524],[-79.82035,40.51578],[-79.82015,40.51695],[-79.81971,40.5174],[-79.82034,40.5181],[-79.81992,40.51894],[-79.8198,40.52048],[-79.81923,40.52095],[-79.81972,40.52213],[-79.81918,40.52284],[-79.81907,40.5231],[-79.81978,40.52386],[-79.82008,40.52429],[-79.82087,40.52617],[-79.82147,40.52602],[-79.82114,40.52522],[-79.82134,40.5251],[-79.8213,40.52294],[-79.82283,40.52293],[-79.82275,40.52038],[-79.82777,40.52029],[-79.83757,40.52098],[-79.83828,40.51499],[-79.83863,40.51426],[-79.83847,40.51356],[-79.83863,40.51206]]]},"properties":{"geoid":"42003525100","mobility_p25":47.8,"mobility_p25_se":4,"mobility_unreliable":false,"mobility_black_p25":null,"mobility_white_p25":49}},{"type":"Feature","geometry":{"type":"Polygon","coordinates":[[[-79.84921,40.52395],[-79.84943,40.52355],[-79.84737,40.52296],[-79.83815,40.52102],[-79.82777,40.52029],[-79.82275,40.52038],[-79.82283,40.52293],[-79.8213,40.52294],[-79.82134,40.5251],[-79.82114,40.52522],[-79.82147,40.52602],[-79.82793,40.52457],[-79.82811,40.52799],[-79.82856,40.52801],[-79.82884,40.52825],[-79.82923,40.52835],[-79.83,40.52872],[-79.83063,40.52872],[-79.83117,40.52885],[-79.83157,40.52913],[-79.8325,40.52943],[-79.83259,40.52965],[-79.83303,40.52985],[-79.83351,40.52977],[-79.83606,40.53003],[-79.83612,40.52993],[-79.83669,40.53026],[-79.83657,40.53041],[-79.83674,40.53045],[-79.83591,40.53114],[-79.83473,40.53172],[-79.83527,40.53263],[-79.83817,40.5315],[-79.84031,40.53076],[-79.8423,40.5298],[-79.84397,40.52878],[-79.84743,40.5262],[-79.84843,40.52513],[-79.84921,40.52395]]]},"properties":{"geoid":"42003525300","mobility_p25":50,"mobility_p25_se":3.5,"mobility_unreliable":false,"mobility_black_p25":null,"mobility_white_p25":51.1}},{"type":"Feature","geometry":{"type":"Polygon","coordinates":[[[-79.86099,40.34881],[-79.86097,40.34675],[-79.85937,40.34664],[-79.85791,40.34561],[-79.85843,40.34311],[-79.85792,40.34275],[-79.85611,40.34222],[-79.85463,40.34521],[-79.85472,40.34656],[-79.8479,40.34564],[-79.8433,40.34533],[-79.84329,40.34663],[-79.84339,40.34714],[-79.84414,40.34718],[-79.84448,40.34982],[-79.84544,40.35115],[-79.8454,40.35164],[-79.84473,40.35211],[-79.84384,40.35301],[-79.84487,40.35341],[-79.84553,40.35343],[-79.84759,40.3529],[-79.84758,40.35283],[-79.84917,40.35227],[-79.85659,40.35162],[-79.85626,40.35029],[-79.85955,40.35016],[-79.85952,40.34883],[-79.86099,40.34881]]]},"properties":{"geoid":"42003550900","mobility_p25":32.2,"mobility_p25_se":1.5,"mobility_unreliable":false,"mobility_black_p25":31.8,"mobility_white_p25":35.8}},{"type":"Feature","geometry":{"type":"Polygon","coordinates":[[[-79.84606,40.34287],[-79.84604,40.34006],[-79.84442,40.34026],[-79.84417,40.33817],[-79.84275,40.33827],[-79.84266,40.33795],[-79.84243,40.33767],[-79.84157,40.33733],[-79.84094,40.33726],[-79.84037,40.33739],[-79.84005,40.33761],[-79.8396,40.33809],[-79.83931,40.33809],[-79.83942,40.33791],[-79.83808,40.33826],[-79.83607,40.33854],[-79.83571,40.33774],[-79.83359,40.33865],[-79.83684,40.34022],[-79.83639,40.3448],[-79.84599,40.34551],[-79.84599,40.34287],[-79.84606,40.34287]]]},"properties":{"geoid":"42003552000","mobility_p25":40.6,"mobility_p25_se":1.8,"mobility_unreliable":false,"mobility_black_p25":34.6,"mobility_white_p25":43.4}},{"type":"Feature","geometry":{"type":"Polygon","coordinates":[[[-79.90168,40.48747],[-79.90168,40.48622],[-79.8882,40.48395],[-79.88811,40.48518],[-79.88817,40.48644],[-79.88456,40.48677],[-79.88462,40.48838],[-79.88448,40.48895],[-79.8846,40.49092],[-79.88724,40.49115],[-79.89691,40.49261],[-79.89696,40.49174],[-79.8976,40.48788],[-79.90163,40.48899],[-79.90168,40.48747]]]},"properties":{"geoid":"42003980000","mobility_p25":null,"mobility_p25_se":0,"mobility_unreliable":false,"mobility_black_p25":null,"mobility_white_p25":null}},{"type":"Feature","geometry":{"type":"Polygon","coordinates":[[[-80.09943,40.42127],[-80.09883,40.41816],[-80.09207,40.4202],[-80.0918,40.42009],[-80.08935,40.41844],[-80.08846,40.41889],[-80.08595,40.41695],[-80.08442,40.41751],[-80.07947,40.41482],[-80.07964,40.41517],[-80.07961,40.41547],[-80.0793,40.41609],[-80.07866,40.41646],[-80.07716,40.41709],[-80.07636,40.4176],[-80.07603,40.41795],[-80.0748,40.42012],[-80.07478,40.42041],[-80.07486,40.4206],[-80.07516,40.42076],[-80.07565,40.42083],[-80.07666,40.42056],[-80.07959,40.42004],[-80.08157,40.42021],[-80.08268,40.4201],[-80.08451,40.42052],[-80.08541,40.42124],[-80.08574,40.42279],[-80.08554,40.42384],[-80.08499,40.42458],[-80.08544,40.42527],[-80.0867,40.42548],[-80.08655,40.42798],[-80.0853,40.42989],[-80.08376,40.43087],[-80.08187,40.43159],[-80.08038,40.43207],[-80.07692,40.43164],[-80.07639,40.43169],[-80.07537,40.43422],[-80.07555,40.43503],[-80.07726,40.4374],[-80.07796,40.43819],[-80.07813,40.43863],[-80.07965,40.43944],[-80.08048,40.43966],[-80.08052,40.43931],[-80.08078,40.43943],[-80.08118,40.43923],[-80.08273,40.43923],[-80.08279,40.43939],[-80.08378,40.44001],[-80.08524,40.4396],[-80.08636,40.43957],[-80.0865,40.43946],[-80.08567,40.43884],[-80.08601,40.43836],[-80.08694,40.43776],[-80.08778,40.43779],[-80.08844,40.43745],[-80.08877,40.43699],[-80.08957,40.43628],[-80.09123,40.43709],[-80.09272,40.43235],[-80.09038,40.43092],[-80.09234,40.42846],[-80.09528,40.42999],[-80.09648,40.42126],[-80.09943,40.42127]]]},"properties":{"geoid":"42003564100","mobility_p25":58.3,"mobility_p25_se":10.7,"mobility_unreliable":true,"mobility_black_p25":null,"mobility_white_p25":56.4}},{"type":"Feature","geometry":{"type":"Polygon","coordinates":[[[-79.84544,40.35146],[-79.84542,40.35108],[-79.84448,40.34982],[-79.84414,40.34718],[-79.84339,40.34714],[-79.84329,40.34663],[-79.8433,40.34533],[-79.83586,40.34474],[-79.83568,40.34487],[-79.8357,40.34537],[-79.83444,40.34597],[-79.83509,40.34676],[-79.83347,40.34739],[-79.83114,40.34782],[-79.83079,40.34807],[-79.83029,40.34921],[-79.83012,40.35076],[-79.83007,40.35099],[-79.82984,40.35126],[-79.8297,40.35188],[-79.82799,40.35224],[-79.82639,40.35201],[-79.8244,40.35417],[-79.82647,40.35519],[-79.82856,40.35655],[-79.82926,40.35685],[-79.83163,40.35754],[-79.83198,40.35804],[-79.83269,40.3572],[-79.83422,40.35588],[-79.83634,40.35439],[-79.83745,40.35315],[-79.83794,40.35275],[-79.8387,40.35254],[-79.84247,40.35256],[-79.84281,40.35261],[-79.84384,40.35301],[-79.84473,40.35211],[-79.8454,40.35164],[-79.84544,40.35146]]]},"properties":{"geoid":"42003551200","mobility_p25":36.6,"mobility_p25_se":1.6,"mobility_unreliable":false,"mobility_black_p25":32.4,"mobility_white_p25":38.1}},{"type":"Feature","geometry":{"type":"Polygon","coordinates":[[[-80.04625,40.33732],[-80.04403,40.33532],[-80.04368,40.33486],[-80.04274,40.32993],[-80.04266,40.32959],[-80.04246,40.32926],[-80.04155,40.32867],[-80.04127,40.32834],[-80.04097,40.32773],[-80.04019,40.32802],[-80.03897,40.32826],[-80.03849,40.32827],[-80.03674,40.32908],[-80.03558,40.32974],[-80.03482,40.33036],[-80.03118,40.33423],[-80.02957,40.33547],[-80.02874,40.33709],[-80.02861,40.33793],[-80.02866,40.33874],[-80.0286,40.34003],[-80.02836,40.34033],[-80.02749,40.34082],[-80.02655,40.34165],[-80.02594,40.34184],[-80.02615,40.34249],[-80.02722,40.34405],[-80.02732,40.34432],[-80.02738,40.34469],[-80.02731,40.34599],[-80.02882,40.3462],[-80.02891,40.34613],[-80.02897,40.34587],[-80.02959,40.34581],[-80.02967,40.34573],[-80.02978,40.34552],[-80.02969,40.34511],[-80.03071,40.34484],[-80.03511,40.34298],[-80.03832,40.34221],[-80.03964,40.34168],[-80.0418,40.34058],[-80.0455,40.33835],[-80.04576,40.33813],[-80.04625,40.33732]]]},"properties":{"geoid":"42003475102","mobility_p25":51.9,"mobility_p25_se":5.1,"mobility_unreliable":true,"mobility_black_p25":null,"mobility_white_p25":53.2}},{"type":"Feature","geometry":{"type":"Polygon","coordinates":[[[-80.08403,40.47626],[-80.08414,40.47571],[-80.08314,40.47536],[-80.08212,40.47464],[-80.08162,40.47395],[-80.08085,40.47236],[-80.07961,40.47135],[-80.07874,40.4708],[-80.07866,40.4706],[-80.07878,40.47015],[-80.07856,40.47005],[-80.07833,40.47002],[-80.07776,40.47034],[-80.07746,40.47034],[-80.07707,40.4702],[-80.07645,40.46975],[-80.07609,40.47035],[-80.07503,40.46998],[-80.07316,40.46892],[-80.07294,40.46918],[-80.07112,40.46957],[-80.06569,40.47096],[-80.06583,40.47572],[-80.06526,40.47572],[-80.0657,40.47622],[-80.06616,40.47656],[-80.06648,40.47656],[-80.06746,40.47625],[-80.06842,40.47583],[-80.06955,40.47506],[-80.07031,40.47468],[-80.071,40.47462],[-80.07164,40.47491],[-80.07284,40.47571],[-80.07469,40.47735],[-80.07589,40.4781],[-80.07745,40.47865],[-80.08022,40.47869],[-80.0817,40.47942],[-80.08297,40.47961],[-80.0829,40.48008],[-80.08346,40.47978],[-80.08365,40.47804],[-80.08403,40.47626]]]},"properties":{"geoid":"42003462600","mobility_p25":41,"mobility_p25_se":1.8,"mobility_unreliable":false,"mobility_black_p25":28.6,"mobility_white_p25":43.5}},{"type":"Feature","geometry":{"type":"Polygon","coordinates":[[[-80.14868,40.67428],[-80.14868,40.67385],[-80.1485,40.67377],[-80.14838,40.67028],[-80.14669,40.64234],[-80.14658,40.63911],[-80.14519,40.61475],[-80.07184,40.61627],[-80.0683,40.61629],[-80.06871,40.62275],[-80.06886,40.62334],[-80.06936,40.63287],[-80.07893,40.63261],[-80.07897,40.63166],[-80.07874,40.62964],[-80.08423,40.62951],[-80.08841,40.62931],[-80.08874,40.6358],[-80.09605,40.63551],[-80.09653,40.63784],[-80.09652,40.63833],[-80.08885,40.63862],[-80.08892,40.64085],[-80.08752,40.64095],[-80.08757,40.64201],[-80.08223,40.64223],[-80.08252,40.64325],[-80.08265,40.644],[-80.08308,40.6451],[-80.08311,40.64601],[-80.08165,40.64593],[-80.08057,40.64566],[-80.07965,40.64506],[-80.07958,40.64233],[-80.06978,40.64257],[-80.07143,40.67493],[-80.10144,40.67398],[-80.11994,40.67379],[-80.12779,40.6736],[-80.13178,40.67385],[-80.14868,40.67428]]]},"properties":{"geoid":"42003411000","mobility_p25":50.6,"mobility_p25_se":4.3,"mobility_unreliable":false,"mobility_black_p25":null,"mobility_white_p25":52.3}},{"type":"Feature","geometry":{"type":"Polygon","coordinates":[[[-79.95796,40.46518],[-79.95717,40.46238],[-79.95396,40.4629],[-79.95373,40.46281],[-79.95296,40.46361],[-79.95278,40.46361],[-79.95238,40.46346],[-79.94987,40.46209],[-79.94848,40.46422],[-79.94807,40.4657],[-79.95193,40.46617],[-79.95796,40.46518]]]},"properties":{"geoid":"42003090300","mobility_p25":38,"mobility_p25_se":2.7,"mobility_unreliable":false,"mobility_black_p25":null,"mobility_white_p25":41.2}},{"type":"Feature","geometry":{"type":"Polygon","coordinates":[[[-79.91182,40.37281],[-79.90854,40.37045],[-79.90344,40.37189],[-79.90029,40.36526],[-79.90525,40.36286],[-79.90494,40.36217],[-79.90599,40.36209],[-79.90718,40.36151],[-79.90762,40.36228],[-79.90766,40.36041],[-79.90776,40.36],[-79.90804,40.35935],[-79.90866,40.35856],[-79.90769,40.35839],[-79.90771,40.35826],[-79.90761,40.35839],[-79.90724,40.35843],[-79.90689,40.35857],[-79.90604,40.35944],[-79.90553,40.35978],[-79.90487,40.3599],[-79.90357,40.35984],[-79.90299,40.3595],[-79.90184,40.35787],[-79.90048,40.35625],[-79.90013,40.3561],[-79.89822,40.35602],[-79.89598,40.35679],[-79.89429,40.35763],[-79.89201,40.35783],[-79.88845,40.35895],[-79.88728,40.35923],[-79.88437,40.35942],[-79.88286,40.3598],[-79.88091,40.36002],[-79.88063,40.3602],[-79.88026,40.36063],[-79.87945,40.36186],[-79.87925,40.36234],[-79.8793,40.36308],[-79.87963,40.36421],[-79.87963,40.3646],[-79.87981,40.36529],[-79.87872,40.36582],[-79.87695,40.36696],[-79.87644,40.3674],[-79.87458,40.36968],[-79.87324,40.37219],[-79.87257,40.37279],[-79.87027,40.37428],[-79.86913,40.37464],[-79.86814,40.37474],[-79.86674,40.37476],[-79.86574,40.37459],[-79.86348,40.37402],[-79.86288,40.37396],[-79.86219,40.37401],[-79.86159,40.37415],[-79.86072,40.37463],[-79.86194,40.37587],[-79.86167,40.3761],[-79.86469,40.37858],[-79.8664,40.37986],[-79.86691,40.37968],[-79.86761,40.37961],[-79.86819,40.37967],[-79.86869,40.37985],[-79.87167,40.38218],[-79.87266,40.3827],[-79.87327,40.3829],[-79.87415,40.38302],[-79.8776,40.38294],[-79.88046,40.38274],[-79.88111,40.38262],[-79.88151,40.38247],[-79.88638,40.37861],[-79.8882,40.37786],[-79.89005,40.37669],[-79.89092,40.37642],[-79.89157,40.37632],[-79.89224,40.37632],[-79.89418,40.37667],[-79.89538,40.3766],[-79.89648,40.37618],[-79.89767,40.37526],[-79.8982,40.37517],[-79.90222,40.37539],[-79.90526,40.3754],[-79.90593,40.37556],[-79.90884,40.37669],[-79.91182,40.37281]]]},"properties":{"geoid":"42003488300","mobility_p25":43.9,"mobility_p25_se":3.8,"mobility_unreliable":false,"mobility_black_p25":null,"mobility_white_p25":45.3}},{"type":"Feature","geometry":{"type":"Polygon","coordinates":[[[-80.17007,40.43031],[-80.16985,40.42986],[-80.16991,40.42947],[-80.16974,40.42895],[-80.16942,40.42853],[-80.16901,40.42832],[-80.16903,40.42809],[-80.16874,40.42793],[-80.16861,40.42766],[-80.16871,40.42732],[-80.1686,40.42708],[-80.16871,40.42672],[-80.1685,40.42637],[-80.16875,40.42625],[-80.16877,40.42616],[-80.16852,40.4254],[-80.16853,40.42513],[-80.16837,40.42499],[-80.16836,40.42485],[-80.16851,40.42451],[-80.1685,40.42415],[-80.16882,40.42397],[-80.16887,40.42375],[-80.16866,40.42334],[-80.16838,40.42317],[-80.16828,40.42298],[-80.1681,40.42287],[-80.16814,40.42245],[-80.16807,40.42194],[-80.16789,40.42137],[-80.16765,40.42095],[-80.16773,40.42079],[-80.16804,40.42082],[-80.1682,40.42015],[-80.1679,40.41843],[-80.16773,40.41817],[-80.16762,40.41815],[-80.16749,40.41826],[-80.16736,40.4182],[-80.16927,40.39576],[-80.169,40.38535],[-80.16868,40.38376],[-80.16388,40.38235],[-80.15722,40.38027],[-80.15085,40.37964],[-80.15005,40.37935],[-80.14801,40.3788],[-80.14337,40.37762],[-80.14151,40.3773],[-80.14077,40.37725],[-80.13874,40.37678],[-80.1384,40.37658],[-80.13784,40.37643],[-80.1374,40.37614],[-80.1368,40.37589],[-80.1328,40.37322],[-80.13195,40.37278],[-80.13052,40.37248],[-80.13028,40.37215],[-80.12979,40.37203],[-80.12926,40.372],[-80.12869,40.37212],[-80.12763,40.37218],[-80.1268,40.37247],[-80.12539,40.37259],[-80.12498,40.37293],[-80.12429,40.37305],[-80.12334,40.3729],[-80.12297,40.37266],[-80.12178,40.37254],[-80.12092,40.37228],[-80.11967,40.37229],[-80.11949,40.3722],[-80.12006,40.37176],[-80.12134,40.37123],[-80.12205,40.37074],[-80.1224,40.3703],[-80.12245,40.36998],[-80.1224,40.36972],[-80.12215,40.36926],[-80.12173,40.36881],[-80.12117,40.36837],[-80.11997,40.36786],[-80.12013,40.36658],[-80.11987,40.36503],[-80.11976,40.36479],[-80.11975,40.3643],[-80.1198,40.36306],[-80.11994,40.36225],[-80.11853,40.3634],[-80.11721,40.36744],[-80.11335,40.36679],[-80.11359,40.36629],[-80.1136,40.36563],[-80.11341,40.36536],[-80.11271,40.36487],[-80.11189,40.36446],[-80.11023,40.36386],[-80.10859,40.36365],[-80.10761,40.36335],[-80.10696,40.36329],[-80.10551,40.36345],[-80.10442,40.36374],[-80.10428,40.36369],[-80.10396,40.36327],[-80.10364,40.36314],[-80.10319,40.36317],[-80.10175,40.36355],[-80.09957,40.36346],[-80.09843,40.36363],[-80.09658,40.36376],[-80.09536,40.36411],[-80.09451,40.36456],[-80.0943,40.36555],[-80.09427,40.36632],[-80.09441,40.36686],[-80.09449,40.36811],[-80.09466,40.36888],[-80.09509,40.36961],[-80.09585,40.37027],[-80.09667,40.37115],[-80.09708,40.37225],[-80.09821,40.37343],[-80.09821,40.37403],[-80.09765,40.37498],[-80.0973,40.37529],[-80.09664,40.37611],[-80.09549,40.37718],[-80.09473,40.37762],[-80.09437,40.37808],[-80.09341,40.38029],[-80.09337,40.38177],[-80.09324,40.38255],[-80.09263,40.38452],[-80.09308,40.38465],[-80.09634,40.38511],[-80.09769,40.3845],[-80.09894,40.38426],[-80.09921,40.3843],[-80.09943,40.38444],[-80.09968,40.3847],[-80.09985,40.38518],[-80.09956,40.3858],[-80.09956,40.38663],[-80.0992,40.38734],[-80.09815,40.38802],[-80.09753,40.38813],[-80.0991,40.39389],[-80.09965,40.39393],[-80.10008,40.39417],[-80.10027,40.39437],[-80.1005,40.39506],[-80.10053,40.39578],[-80.10026,40.39698],[-80.10017,40.39784],[-80.09978,40.39826],[-80.0994,40.3989],[-80.09854,40.39998],[-80.09961,40.40909],[-80.09977,40.41098],[-80.10586,40.4131],[-80.10791,40.41631],[-80.10955,40.4177],[-80.10978,40.41814],[-80.10924,40.41828],[-80.10891,40.4208],[-80.11019,40.42102],[-80.11077,40.42128],[-80.11144,40.42402],[-80.11502,40.42446],[-80.11462,40.42609],[-80.11551,40.42619],[-80.11626,40.42613],[-80.11812,40.42568],[-80.11894,40.42561],[-80.11977,40.42562],[-80.12064,40.42575],[-80.12265,40.4263],[-80.12421,40.42658],[-80.1254,40.42712],[-80.12638,40.42775],[-80.12892,40.42838],[-80.12937,40.42862],[-80.13096,40.42972],[-80.13411,40.43062],[-80.13505,40.43007],[-80.13535,40.43019],[-80.1363,40.43014],[-80.13748,40.43051],[-80.13849,40.4304],[-80.13914,40.43043],[-80.13955,40.43095],[-80.14041,40.43122],[-80.14578,40.43216],[-80.14724,40.43206],[-80.14823,40.43243],[-80.14889,40.43288],[-80.14938,40.43309],[-80.15107,40.43344],[-80.15166,40.4334],[-80.15465,40.43246],[-80.16607,40.43285],[-80.16731,40.43231],[-80.16828,40.43162],[-80.16892,40.43139],[-80.16937,40.43101],[-80.16994,40.43073],[-80.17007,40.43031]]]},"properties":{"geoid":"42003458000","mobility_p25":50,"mobility_p25_se":2.7,"mobility_unreliable":false,"mobility_black_p25":null,"mobility_white_p25":52.9}},{"type":"Feature","geometry":{"type":"Polygon","coordinates":[[[-79.85096,40.5173],[-79.85097,40.51586],[-79.85084,40.51419],[-79.84994,40.50918],[-79.84958,40.50775],[-79.84945,40.50743],[-79.84753,40.50775],[-79.84728,40.50787],[-79.84723,40.50766],[-79.84666,40.50797],[-79.84599,40.50851],[-79.84539,40.50956],[-79.84488,40.51011],[-79.84501,40.51038],[-79.84444,40.51118],[-79.84341,40.5113],[-79.84253,40.51151],[-79.8419,40.51186],[-79.84169,40.51189],[-79.83865,40.51182],[-79.83847,40.51356],[-79.83863,40.51426],[-79.83828,40.51499],[-79.83757,40.52098],[-79.8388,40.52113],[-79.84737,40.52296],[-79.84943,40.52355],[-79.8502,40.52172],[-79.85058,40.52016],[-79.85096,40.5173]]]},"properties":{"geoid":"42003525200","mobility_p25":46.5,"mobility_p25_se":3.5,"mobility_unreliable":false,"mobility_black_p25":null,"mobility_white_p25":46.2}},{"type":"Feature","geometry":{"type":"Polygon","coordinates":[[[-79.96201,40.43917],[-79.96207,40.43913],[-79.95842,40.43619],[-79.9582,40.43595],[-79.95817,40.43582],[-79.95641,40.43512],[-79.95618,40.43595],[-79.95233,40.43967],[-79.95155,40.43922],[-79.95107,40.43912],[-79.95056,40.43928],[-79.95084,40.43981],[-79.94968,40.44072],[-79.94924,40.44134],[-79.95034,40.44196],[-79.95168,40.44241],[-79.95229,40.44224],[-79.95266,40.44181],[-79.95304,40.44203],[-79.95354,40.44318],[-79.95539,40.44268],[-79.95644,40.44195],[-79.95744,40.44251],[-79.96201,40.43917]]]},"properties":{"geoid":"42003040500","mobility_p25":40.4,"mobility_p25_se":4,"mobility_unreliable":false,"mobility_black_p25":null,"mobility_white_p25":42.2}},{"type":"Feature","geometry":{"type":"Polygon","coordinates":[[[-79.97495,40.45629],[-79.97476,40.45621],[-79.97432,40.45646],[-79.97397,40.45645],[-79.97291,40.45561],[-79.97383,40.45474],[-79.97357,40.45456],[-79.97335,40.45418],[-79.97423,40.45332],[-79.97388,40.45285],[-79.97367,40.45284],[-79.97003,40.45434],[-79.9683,40.455],[-79.96742,40.45521],[-79.96597,40.45587],[-79.96613,40.45571],[-79.96601,40.45566],[-79.96601,40.45519],[-79.96429,40.45595],[-79.96042,40.45698],[-79.95798,40.45851],[-79.95707,40.45831],[-79.9572,40.45854],[-79.95698,40.45847],[-79.95695,40.45856],[-79.95722,40.45865],[-79.95721,40.45904],[-79.9562,40.46012],[-79.95616,40.46008],[-79.95594,40.4603],[-79.9566,40.46065],[-79.9571,40.46077],[-79.95819,40.46082],[-79.96608,40.45944],[-79.96664,40.46061],[-79.96716,40.46055],[-79.96807,40.46101],[-79.97495,40.45629]]]},"properties":{"geoid":"42003060500","mobility_p25":43.6,"mobility_p25_se":3.5,"mobility_unreliable":false,"mobility_black_p25":50.3,"mobility_white_p25":45.4}},{"type":"Feature","geometry":{"type":"Polygon","coordinates":[[[-79.94095,40.45132],[-79.93884,40.44769],[-79.93572,40.44793],[-79.92965,40.44983],[-79.93257,40.45475],[-79.9368,40.45271],[-79.94095,40.45132]]]},"properties":{"geoid":"42003070300","mobility_p25":48.4,"mobility_p25_se":9.7,"mobility_unreliable":true,"mobility_black_p25":null,"mobility_white_p25":56.5}},{"type":"Feature","geometry":{"type":"Polygon","coordinates":[[[-79.93406,40.45726],[-79.93098,40.45206],[-79.92848,40.45288],[-79.92534,40.45416],[-79.92504,40.45995],[-79.93406,40.45726]]]},"properties":{"geoid":"42003070500","mobility_p25":43.3,"mobility_p25_se":4.1,"mobility_unreliable":false,"mobility_black_p25":35.8,"mobility_white_p25":57.1}},{"type":"Feature","geometry":{"type":"Polygon","coordinates":[[[-79.92518,40.45768],[-79.9252,40.45738],[-79.92245,40.45679],[-79.92255,40.45586],[-79.92071,40.45289],[-79.91242,40.45404],[-79.92123,40.46004],[-79.92262,40.46056],[-79.92272,40.46066],[-79.92504,40.45995],[-79.92518,40.45768]]]},"properties":{"geoid":"42003070800","mobility_p25":49.2,"mobility_p25_se":6.1,"mobility_unreliable":true,"mobility_black_p25":null,"mobility_white_p25":71.3}},{"type":"Feature","geometry":{"type":"Polygon","coordinates":[[[-79.96229,40.46871],[-79.95796,40.46518],[-79.95193,40.46617],[-79.95191,40.46643],[-79.95165,40.46673],[-79.95177,40.46697],[-79.95244,40.46688],[-79.95268,40.46777],[-79.95414,40.4685],[-79.95503,40.46905],[-79.95439,40.46964],[-79.95539,40.47036],[-79.95415,40.47129],[-79.95629,40.47281],[-79.95642,40.47271],[-79.95805,40.47386],[-79.96091,40.4698],[-79.96229,40.46871]]]},"properties":{"geoid":"42003090200","mobility_p25":41.6,"mobility_p25_se":2.8,"mobility_unreliable":false,"mobility_black_p25":null,"mobility_white_p25":43.7}},{"type":"Feature","geometry":{"type":"Polygon","coordinates":[[[-80.18719,40.38442],[-80.18481,40.38425],[-80.18309,40.38406],[-80.1823,40.38388],[-80.18153,40.38357],[-80.18087,40.38314],[-80.17979,40.38221],[-80.17989,40.38206],[-80.17938,40.38186],[-80.17864,40.38136],[-80.17756,40.38103],[-80.17294,40.38122],[-80.17221,40.37946],[-80.17195,40.37763],[-80.17156,40.37647],[-80.17181,40.37374],[-80.17172,40.37223],[-80.17113,40.37055],[-80.16967,40.3678],[-80.16919,40.36604],[-80.16736,40.36328],[-80.16458,40.35972],[-80.16114,40.35625],[-80.15918,40.3545],[-80.15924,40.35423],[-80.15977,40.35363],[-80.16021,40.3518],[-80.16082,40.35052],[-80.16135,40.34985],[-80.16139,40.34962],[-80.16093,40.3481],[-80.15916,40.3484],[-80.15672,40.34871],[-80.1562,40.34871],[-80.15561,40.34852],[-80.15499,40.34769],[-80.15475,40.34753],[-80.15376,40.34738],[-80.1527,40.34756],[-80.15109,40.34835],[-80.1502,40.3491],[-80.14963,40.34984],[-80.14903,40.35097],[-80.14852,40.35168],[-80.1474,40.35281],[-80.14661,40.35346],[-80.14566,40.35387],[-80.14301,40.35454],[-80.14281,40.3545],[-80.1407,40.35476],[-80.1405,40.3542],[-80.14144,40.35431],[-80.14131,40.35406],[-80.14557,40.35347],[-80.14621,40.35314],[-80.14646,40.35293],[-80.14612,40.3525],[-80.14596,40.35242],[-80.14528,40.35283],[-80.14068,40.35339],[-80.14047,40.35314],[-80.14044,40.35289],[-80.14386,40.35277],[-80.14547,40.35236],[-80.14633,40.35196],[-80.1473,40.35128],[-80.14786,40.35075],[-80.14956,40.34846],[-80.15048,40.3476],[-80.15163,40.34679],[-80.15251,40.34632],[-80.15348,40.3459],[-80.15472,40.34551],[-80.15465,40.34521],[-80.15454,40.34512],[-80.15428,40.34512],[-80.1537,40.34529],[-80.15071,40.34639],[-80.15036,40.34639],[-80.15003,40.34623],[-80.14885,40.34658],[-80.14849,40.34658],[-80.14827,40.34648],[-80.14783,40.34603],[-80.1476,40.34598],[-80.14642,40.34647],[-80.14503,40.34683],[-80.1438,40.34779],[-80.14348,40.34861],[-80.14325,40.34971],[-80.14297,40.35016],[-80.1427,40.35032],[-80.14135,40.35072],[-80.13633,40.35079],[-80.13311,40.35124],[-80.13193,40.35093],[-80.13089,40.35039],[-80.12942,40.35024],[-80.12919,40.35029],[-80.12886,40.35074],[-80.12822,40.35237],[-80.12833,40.35257],[-80.12918,40.35324],[-80.12932,40.35343],[-80.12932,40.35368],[-80.12775,40.35505],[-80.125,40.35704],[-80.12466,40.35703],[-80.12448,40.35693],[-80.12383,40.35598],[-80.12352,40.3557],[-80.12322,40.3556],[-80.12299,40.3556],[-80.12115,40.35613],[-80.12056,40.3567],[-80.12033,40.35698],[-80.12034,40.35708],[-80.1167,40.35536],[-80.11526,40.35479],[-80.11473,40.35477],[-80.11433,40.35521],[-80.11539,40.35577],[-80.11761,40.3579],[-80.11803,40.35813],[-80.11933,40.35813],[-80.11993,40.35826],[-80.12043,40.3588],[-80.1206,40.35918],[-80.12064,40.35958],[-80.12055,40.36003],[-80.12028,40.36094],[-80.12018,40.36105],[-80.12024,40.36101],[-80.1202,40.36139],[-80.11985,40.36263],[-80.1198,40.36306],[-80.11976,40.36479],[-80.11987,40.36503],[-80.12013,40.36658],[-80.11997,40.36786],[-80.12117,40.36837],[-80.12173,40.36881],[-80.12215,40.36926],[-80.1224,40.36972],[-80.12245,40.36998],[-80.1224,40.3703],[-80.12205,40.37074],[-80.12175,40.37098],[-80.12111,40.37134],[-80.12006,40.37176],[-80.11949,40.3722],[-80.11969,40.37229],[-80.12092,40.37228],[-80.12178,40.37254],[-80.12266,40.37259],[-80.12297,40.37266],[-80.12334,40.3729],[-80.12429,40.37305],[-80.12498,40.37293],[-80.12539,40.37259],[-80.1268,40.37247],[-80.12763,40.37218],[-80.12869,40.37212],[-80.12926,40.372],[-80.12979,40.37203],[-80.13028,40.37215],[-80.13052,40.37248],[-80.13195,40.37278],[-80.1328,40.37322],[-80.1368,40.37589],[-80.1374,40.37614],[-80.13784,40.37643],[-80.1384,40.37658],[-80.13874,40.37678],[-80.14077,40.37725],[-80.14151,40.3773],[-80.14337,40.37762],[-80.14801,40.3788],[-80.15005,40.37935],[-80.15085,40.37964],[-80.15722,40.38027],[-80.16388,40.38235],[-80.16868,40.38376],[-80.169,40.38535],[-80.16927,40.39576],[-80.1687,40.402],[-80.16927,40.40141],[-80.16935,40.40099],[-80.16923,40.40046],[-80.16959,40.39894],[-80.1702,40.39811],[-80.17025,40.39792],[-80.17049,40.39781],[-80.17089,40.39778],[-80.17121,40.39798],[-80.17155,40.39792],[-80.17215,40.39827],[-80.1722,40.39843],[-80.17213,40.39888],[-80.17224,40.39987],[-80.17251,40.40092],[-80.17272,40.40108],[-80.1732,40.40126],[-80.17363,40.40127],[-80.17553,40.40088],[-80.17666,40.4001],[-80.17783,40.39948],[-80.17945,40.39885],[-80.17928,40.39872],[-80.1821,40.39766],[-80.1811,40.39635],[-80.18423,40.39494],[-80.18319,40.39226],[-80.18312,40.39187],[-80.1832,40.39126],[-80.18393,40.38991],[-80.18405,40.38886],[-80.18423,40.38835],[-80.18446,40.388],[-80.18541,40.38713],[-80.18571,40.38665],[-80.18586,40.38613],[-80.18597,40.3852],[-80.18646,40.38467],[-80.18719,40.38442]]]},"properties":{"geoid":"42003456001","mobility_p25":46.9,"mobility_p25_se":4,"mobility_unreliable":false,"mobility_black_p25":null,"mobility_white_p25":50.5}},{"type":"Feature","geometry":{"type":"Polygon","coordinates":[[[-79.88589,40.3593],[-79.88482,40.3574],[-79.88311,40.35757],[-79.88137,40.35757],[-79.8812,40.35719],[-79.88032,40.35736],[-79.87724,40.35771],[-79.87668,40.35434],[-79.87296,40.3551],[-79.86663,40.35599],[-79.86339,40.35631],[-79.86062,40.35641],[-79.85311,40.35645],[-79.85048,40.3566],[-79.84794,40.35693],[-79.84697,40.36034],[-79.84961,40.36083],[-79.84955,40.36073],[-79.85345,40.36131],[-79.85428,40.36101],[-79.85567,40.36397],[-79.8568,40.36563],[-79.85952,40.36702],[-79.8596,40.36804],[-79.85822,40.36784],[-79.85777,40.3692],[-79.85783,40.37049],[-79.85729,40.37085],[-79.86072,40.37463],[-79.86159,40.37415],[-79.86219,40.37401],[-79.86288,40.37396],[-79.86348,40.37402],[-79.86622,40.37469],[-79.86733,40.37478],[-79.86913,40.37464],[-79.87027,40.37428],[-79.87257,40.37279],[-79.87324,40.37219],[-79.87458,40.36968],[-79.87644,40.3674],[-79.87695,40.36696],[-79.87872,40.36582],[-79.87981,40.36529],[-79.87963,40.3646],[-79.87963,40.36421],[-79.8793,40.36308],[-79.87925,40.36234],[-79.87945,40.36186],[-79.88026,40.36063],[-79.88063,40.3602],[-79.88108,40.35996],[-79.88286,40.3598],[-79.88437,40.35942],[-79.88589,40.3593]]]},"properties":{"geoid":"42003488400","mobility_p25":47,"mobility_p25_se":2.2,"mobility_unreliable":false,"mobility_black_p25":34.5,"mobility_white_p25":50.2}},{"type":"Feature","geometry":{"type":"Polygon","coordinates":[[[-79.90108,40.45858],[-79.90111,40.45849],[-79.89853,40.45791],[-79.89755,40.46039],[-79.89756,40.46208],[-79.89266,40.46097],[-79.89259,40.46091],[-79.89269,40.46063],[-79.89045,40.46011],[-79.89107,40.45852],[-79.88837,40.45791],[-79.88773,40.45651],[-79.88809,40.45553],[-79.88611,40.45508],[-79.88405,40.45549],[-79.88301,40.4554],[-79.88082,40.45506],[-79.87963,40.45538],[-79.87769,40.45709],[-79.87915,40.45877],[-79.8792,40.45887],[-79.87907,40.45915],[-79.87931,40.45911],[-79.88999,40.46183],[-79.88999,40.46168],[-79.8931,40.46241],[-79.89445,40.46254],[-79.8962,40.46404],[-79.89898,40.46467],[-79.90063,40.46424],[-79.89903,40.46387],[-79.90108,40.45858]]]},"properties":{"geoid":"42003130100","mobility_p25":29.8,"mobility_p25_se":1.2,"mobility_unreliable":false,"mobility_black_p25":30.5,"mobility_white_p25":null}},{"type":"Feature","geometry":{"type":"Polygon","coordinates":[[[-79.94033,40.49642],[-79.94045,40.49637],[-79.93956,40.49467],[-79.93836,40.49098],[-79.93557,40.49149],[-79.93399,40.49159],[-79.93218,40.49169],[-79.92792,40.49154],[-79.92357,40.49072],[-79.92104,40.49004],[-79.90735,40.4872],[-79.90766,40.49082],[-79.9077,40.49229],[-79.9083,40.49178],[-79.90832,40.49183],[-79.90848,40.49168],[-79.9087,40.49165],[-79.91019,40.49271],[-79.90953,40.49333],[-79.90926,40.49374],[-79.90916,40.49419],[-79.90877,40.4951],[-79.90928,40.49527],[-79.91223,40.49584],[-79.91763,40.49662],[-79.92542,40.49729],[-79.92549,40.49905],[-79.92737,40.49899],[-79.92736,40.49767],[-79.93124,40.49738],[-79.93573,40.49721],[-79.93564,40.49746],[-79.93607,40.49728],[-79.93857,40.49684],[-79.94033,40.49642]]]},"properties":{"geoid":"42003424000","mobility_p25":42.7,"mobility_p25_se":2.3,"mobility_unreliable":false,"mobility_black_p25":null,"mobility_white_p25":43.7}},{"type":"Feature","geometry":{"type":"Polygon","coordinates":[[[-79.9935,40.38397],[-79.99355,40.38391],[-79.99337,40.38384],[-79.99288,40.38379],[-79.99189,40.38397],[-79.98972,40.384],[-79.98819,40.38434],[-79.98721,40.38444],[-79.98691,40.38373],[-79.98656,40.38183],[-79.98563,40.38165],[-79.98423,40.38157],[-79.98492,40.38119],[-79.98556,40.38071],[-79.98476,40.37943],[-79.98451,40.37997],[-79.98334,40.38152],[-79.98275,40.38149],[-79.98195,40.38064],[-79.97893,40.38165],[-79.97803,40.38185],[-79.97764,40.38174],[-79.97735,40.38131],[-79.97709,40.38123],[-79.97676,40.38114],[-79.97614,40.3813],[-79.97685,40.38284],[-79.97765,40.38414],[-79.97647,40.38539],[-79.97408,40.38479],[-79.97576,40.38721],[-79.97541,40.38828],[-79.97308,40.38872],[-79.97325,40.39084],[-79.97356,40.3922],[-79.97304,40.39246],[-79.97323,40.39278],[-79.97364,40.39275],[-79.9739,40.39343],[-79.97579,40.39312],[-79.97811,40.39697],[-79.97868,40.39697],[-79.97865,40.39663],[-79.97892,40.39542],[-79.97942,40.39432],[-79.98055,40.39247],[-79.98151,40.3913],[-79.98246,40.39057],[-79.98311,40.38947],[-79.9838,40.38733],[-79.98457,40.388],[-79.98498,40.38851],[-79.98587,40.39016],[-79.98651,40.39105],[-79.98661,40.39133],[-79.99049,40.39121],[-79.9904,40.39158],[-79.99125,40.39345],[-79.99306,40.39321],[-79.99309,40.39261],[-79.99351,40.39259],[-79.99342,40.39226],[-79.99301,40.39214],[-79.99281,40.39133],[-79.99321,40.3914],[-79.99294,40.39032],[-79.99274,40.39037],[-79.99275,40.39022],[-79.99248,40.3902],[-79.99218,40.39035],[-79.99129,40.38938],[-79.99114,40.38911],[-79.99126,40.38835],[-79.99114,40.38778],[-79.99132,40.38767],[-79.99223,40.38744],[-79.99199,40.38586],[-79.99201,40.38537],[-79.99056,40.38566],[-79.99035,40.38503],[-79.99293,40.38448],[-79.9935,40.38397]]]},"properties":{"geoid":"42003290400","mobility_p25":43.2,"mobility_p25_se":2.1,"mobility_unreliable":false,"mobility_black_p25":25.9,"mobility_white_p25":45.4}},{"type":"Feature","geometry":{"type":"Polygon","coordinates":[[[-80.17276,40.45763],[-80.17281,40.45759],[-80.17273,40.45576],[-80.17274,40.45251],[-80.17217,40.45211],[-80.17215,40.45191],[-80.17203,40.44401],[-80.17229,40.44366],[-80.17214,40.44278],[-80.17189,40.44248],[-80.17188,40.44232],[-80.1716,40.44183],[-80.17159,40.44148],[-80.17106,40.43993],[-80.17119,40.43962],[-80.17113,40.43953],[-80.17151,40.43764],[-80.17149,40.43734],[-80.17119,40.43717],[-80.17146,40.43682],[-80.17151,40.43659],[-80.17218,40.43634],[-80.17254,40.43598],[-80.17273,40.43552],[-80.17259,40.43518],[-80.17234,40.43491],[-80.17216,40.43431],[-80.17196,40.43421],[-80.17159,40.43372],[-80.17159,40.43345],[-80.17112,40.43287],[-80.17055,40.43247],[-80.17043,40.43212],[-80.17053,40.43193],[-80.17035,40.43173],[-80.17025,40.43109],[-80.17001,40.43105],[-80.16992,40.43094],[-80.16994,40.43073],[-80.16937,40.43101],[-80.16892,40.43139],[-80.16828,40.43162],[-80.16731,40.43231],[-80.16607,40.43285],[-80.15465,40.43246],[-80.15166,40.4334],[-80.15107,40.43344],[-80.14938,40.43309],[-80.14889,40.43288],[-80.14823,40.43243],[-80.14724,40.43206],[-80.14578,40.43216],[-80.14041,40.43122],[-80.13955,40.43095],[-80.13914,40.43043],[-80.13849,40.4304],[-80.13748,40.43051],[-80.1363,40.43014],[-80.13535,40.43019],[-80.13505,40.43007],[-80.13411,40.43062],[-80.13096,40.42972],[-80.12937,40.42862],[-80.12892,40.42838],[-80.12638,40.42775],[-80.1254,40.42712],[-80.12421,40.42658],[-80.12265,40.4263],[-80.12064,40.42575],[-80.11977,40.42562],[-80.11894,40.42561],[-80.11812,40.42568],[-80.11626,40.42613],[-80.11551,40.42619],[-80.11462,40.42609],[-80.11502,40.42446],[-80.11144,40.42402],[-80.11077,40.42128],[-80.11019,40.42102],[-80.10891,40.4208],[-80.10924,40.41828],[-80.10978,40.41814],[-80.10955,40.4177],[-80.10791,40.41631],[-80.10586,40.4131],[-80.09977,40.41098],[-80.09998,40.41165],[-80.09724,40.41615],[-80.09833,40.417],[-80.09786,40.41727],[-80.09831,40.41776],[-80.09883,40.41816],[-80.09943,40.42127],[-80.09648,40.42126],[-80.09528,40.42999],[-80.09234,40.42846],[-80.09038,40.43092],[-80.09272,40.43235],[-80.09123,40.43709],[-80.08957,40.43628],[-80.08877,40.43699],[-80.08844,40.43745],[-80.08778,40.43779],[-80.08694,40.43776],[-80.08601,40.43836],[-80.08567,40.43884],[-80.0865,40.43946],[-80.08636,40.43957],[-80.08524,40.4396],[-80.08378,40.44001],[-80.08279,40.43939],[-80.08273,40.43923],[-80.08118,40.43923],[-80.08078,40.43943],[-80.08052,40.43931],[-80.08079,40.43963],[-80.08071,40.43966],[-80.08075,40.43974],[-80.0824,40.44024],[-80.08231,40.44005],[-80.08252,40.44006],[-80.08249,40.44023],[-80.08288,40.44044],[-80.08407,40.44193],[-80.0881,40.44295],[-80.08924,40.44333],[-80.09016,40.44416],[-80.0904,40.44541],[-80.09011,40.44658],[-80.09027,40.44752],[-80.09102,40.44905],[-80.08953,40.44984],[-80.08952,40.45043],[-80.08994,40.45102],[-80.09024,40.45124],[-80.09071,40.45142],[-80.09151,40.45134],[-80.0927,40.45079],[-80.09337,40.45075],[-80.10448,40.44818],[-80.10636,40.44904],[-80.10845,40.45098],[-80.10877,40.4512],[-80.10969,40.45137],[-80.10993,40.45133],[-80.11048,40.45213],[-80.11267,40.45436],[-80.11204,40.45527],[-80.11202,40.45547],[-80.11208,40.45579],[-80.11257,40.45659],[-80.11227,40.45759],[-80.11229,40.45808],[-80.11306,40.45817],[-80.11368,40.4586],[-80.11413,40.45869],[-80.11509,40.45871],[-80.12016,40.46008],[-80.12209,40.46031],[-80.12236,40.46025],[-80.12341,40.45898],[-80.12523,40.45776],[-80.12543,40.45703],[-80.12572,40.45679],[-80.13094,40.45579],[-80.13187,40.45575],[-80.13373,40.45592],[-80.13426,40.45588],[-80.1347,40.45578],[-80.13631,40.45516],[-80.13686,40.45593],[-80.13717,40.45616],[-80.13809,40.45635],[-80.13979,40.45712],[-80.14092,40.45753],[-80.1436,40.45752],[-80.14498,40.45704],[-80.14599,40.45744],[-80.14758,40.45737],[-80.14769,40.45749],[-80.1477,40.45802],[-80.14783,40.45835],[-80.14917,40.4602],[-80.14978,40.46052],[-80.15132,40.46099],[-80.15195,40.46147],[-80.15213,40.46181],[-80.1522,40.46217],[-80.15224,40.46464],[-80.15238,40.465],[-80.15283,40.4655],[-80.15354,40.46586],[-80.15554,40.46636],[-80.15588,40.4664],[-80.15601,40.46623],[-80.15634,40.46611],[-80.15792,40.46663],[-80.15947,40.46667],[-80.16005,40.46659],[-80.16078,40.46624],[-80.16134,40.46586],[-80.16234,40.464],[-80.16143,40.46293],[-80.16104,40.46233],[-80.15953,40.46057],[-80.15948,40.4604],[-80.16012,40.46009],[-80.16025,40.45995],[-80.1605,40.45962],[-80.16066,40.45902],[-80.16092,40.45863],[-80.1611,40.45855],[-80.16145,40.45863],[-80.1617,40.45878],[-80.16201,40.45869],[-80.16248,40.45877],[-80.16256,40.45888],[-80.16255,40.45913],[-80.16176,40.45939],[-80.16175,40.45978],[-80.16201,40.46032],[-80.16165,40.46134],[-80.16188,40.46149],[-80.16266,40.46156],[-80.16344,40.46148],[-80.16366,40.46137],[-80.1645,40.46139],[-80.16757,40.4624],[-80.16814,40.46247],[-80.16885,40.46226],[-80.16903,40.46191],[-80.16907,40.46157],[-80.16886,40.4613],[-80.1675,40.46029],[-80.16749,40.46009],[-80.16807,40.45965],[-80.1687,40.45895],[-80.1699,40.45881],[-80.17068,40.45888],[-80.17124,40.45877],[-80.17251,40.45818],[-80.17276,40.45763]],[[-80.10241,40.4264],[-80.10452,40.42897],[-80.10189,40.43043],[-80.10085,40.4309],[-80.09913,40.42986],[-80.09871,40.42935],[-80.09778,40.42865],[-80.09939,40.42684],[-80.10047,40.42543],[-80.10068,40.42555],[-80.10141,40.42518],[-80.10241,40.4264]]]},"properties":{"geoid":"42003459201","mobility_p25":50.5,"mobility_p25_se":2.7,"mobility_unreliable":false,"mobility_black_p25":37.6,"mobility_white_p25":51.6}},{"type":"Feature","geometry":{"type":"Polygon","coordinates":[[[-80.03294,40.2881],[-80.03327,40.28754],[-80.0325,40.28767],[-80.02528,40.28536],[-80.02545,40.2851],[-80.02158,40.28402],[-80.00315,40.27852],[-80.00278,40.27868],[-80.00259,40.27911],[-80.00235,40.2794],[-80.00123,40.28022],[-80.00131,40.28106],[-80.00206,40.28227],[-80.00192,40.28249],[-79.99994,40.28411],[-79.9987,40.28473],[-79.9979,40.28661],[-79.99759,40.28674],[-79.9964,40.28688],[-79.9962,40.28705],[-79.99622,40.28721],[-79.99679,40.28834],[-79.99694,40.28929],[-79.99724,40.28986],[-79.99722,40.29038],[-79.99654,40.29253],[-79.99468,40.29519],[-79.99454,40.29551],[-79.99446,40.29823],[-79.99454,40.29887],[-79.99536,40.30225],[-79.99628,40.30412],[-79.99637,40.30445],[-79.99645,40.30668],[-79.99785,40.30682],[-79.99873,40.30711],[-79.99924,40.30735],[-79.99977,40.30771],[-80.00102,40.30875],[-80.0023,40.30998],[-80.0051,40.31344],[-80.0087,40.3203],[-80.00934,40.32112],[-80.01951,40.30579],[-80.01959,40.30586],[-80.02046,40.30467],[-80.02053,40.3047],[-80.02092,40.30407],[-80.02077,40.30404],[-80.02108,40.30352],[-80.02075,40.30339],[-80.02143,40.30272],[-80.02135,40.30253],[-80.02099,40.3022],[-80.02314,40.30073],[-80.02335,40.30036],[-80.02385,40.29837],[-80.02405,40.29818],[-80.02494,40.29781],[-80.02554,40.29788],[-80.02618,40.29604],[-80.02671,40.29486],[-80.02678,40.29489],[-80.03047,40.29199],[-80.0321,40.28955],[-80.03294,40.2881]]]},"properties":{"geoid":"42003490002","mobility_p25":48.4,"mobility_p25_se":2.2,"mobility_unreliable":false,"mobility_black_p25":24.6,"mobility_white_p25":53.2}},{"type":"Feature","geometry":{"type":"Polygon","coordinates":[[[-79.85344,40.38841],[-79.84979,40.38516],[-79.84668,40.38304],[-79.84394,40.38091],[-79.84115,40.37841],[-79.83915,40.37588],[-79.83719,40.37165],[-79.83672,40.36948],[-79.83644,40.36708],[-79.83637,40.36499],[-79.83419,40.36146],[-79.83378,40.36134],[-79.8334,40.36186],[-79.83343,40.36221],[-79.8332,40.36267],[-79.83206,40.36217],[-79.83213,40.36301],[-79.83082,40.36307],[-79.83074,40.36218],[-79.83047,40.3622],[-79.82988,40.36167],[-79.82938,40.36161],[-79.82918,40.36118],[-79.82811,40.36118],[-79.82693,40.36179],[-79.82603,40.36239],[-79.8237,40.36502],[-79.8229,40.36567],[-79.82175,40.36629],[-79.81898,40.36726],[-79.81771,40.36778],[-79.81662,40.36834],[-79.81569,40.36915],[-79.81523,40.36988],[-79.81502,40.37057],[-79.81488,40.37277],[-79.81404,40.37671],[-79.81388,40.37708],[-79.81668,40.3786],[-79.81651,40.38015],[-79.81645,40.38021],[-79.81618,40.38007],[-79.81559,40.38078],[-79.81568,40.38087],[-79.81612,40.38094],[-79.81324,40.38467],[-79.81214,40.38429],[-79.81152,40.38669],[-79.81438,40.38987],[-79.81445,40.39096],[-79.8144,40.39292],[-79.813,40.39513],[-79.81631,40.39709],[-79.81597,40.39792],[-79.81617,40.39848],[-79.81735,40.39981],[-79.81818,40.40015],[-79.81875,40.40049],[-79.82451,40.40302],[-79.82667,40.40423],[-79.82779,40.40429],[-79.82781,40.40288],[-79.82991,40.40064],[-79.83077,40.39955],[-79.8301,40.39934],[-79.8301,40.39835],[-79.83307,40.39633],[-79.8343,40.39508],[-79.83555,40.39431],[-79.83625,40.39339],[-79.83649,40.39211],[-79.83711,40.39089],[-79.83803,40.39074],[-79.83999,40.39112],[-79.84101,40.39174],[-79.84566,40.39319],[-79.84653,40.39368],[-79.84663,40.3937],[-79.84671,40.39362],[-79.84769,40.39377],[-79.84977,40.39428],[-79.85174,40.39451],[-79.85234,40.39431],[-79.85295,40.39374],[-79.85321,40.39304],[-79.85288,40.39273],[-79.85178,40.39252],[-79.85166,40.39215],[-79.8518,40.39169],[-79.85203,40.39021],[-79.85244,40.38985],[-79.85344,40.38841]]]},"properties":{"geoid":"42003504100","mobility_p25":44,"mobility_p25_se":1.6,"mobility_unreliable":false,"mobility_black_p25":32.7,"mobility_white_p25":48.2}},{"type":"Feature","geometry":{"type":"Polygon","coordinates":[[[-79.84024,40.32737],[-79.83949,40.32594],[-79.83885,40.32355],[-79.83839,40.32286],[-79.83699,40.32159],[-79.83287,40.32438],[-79.83239,40.32311],[-79.8317,40.32086],[-79.83078,40.32058],[-79.83001,40.32045],[-79.82812,40.32055],[-79.82718,40.32042],[-79.82561,40.3217],[-79.82358,40.32303],[-79.82298,40.32273],[-79.82149,40.32055],[-79.82001,40.31809],[-79.81847,40.31888],[-79.81607,40.31961],[-79.8177,40.322],[-79.81769,40.32244],[-79.81748,40.3229],[-79.81624,40.32427],[-79.81583,40.32689],[-79.81589,40.32735],[-79.81621,40.32795],[-79.81691,40.32851],[-79.81814,40.32736],[-79.8196,40.3301],[-79.81999,40.33209],[-79.81999,40.33328],[-79.8203,40.33814],[-79.81883,40.33817],[-79.81912,40.34378],[-79.82195,40.34388],[-79.82177,40.34469],[-79.82457,40.34485],[-79.82861,40.3447],[-79.82918,40.34539],[-79.83097,40.34791],[-79.83122,40.3478],[-79.83347,40.34739],[-79.83509,40.34676],[-79.83444,40.34597],[-79.8357,40.34537],[-79.83567,40.34495],[-79.83573,40.34479],[-79.83593,40.34474],[-79.83639,40.3448],[-79.83681,40.34076],[-79.83677,40.34067],[-79.83686,40.34028],[-79.83678,40.34019],[-79.8317,40.33773],[-79.83107,40.33622],[-79.83118,40.33513],[-79.83164,40.33515],[-79.83175,40.33413],[-79.83183,40.33406],[-79.83451,40.33422],[-79.83495,40.33408],[-79.83504,40.33424],[-79.83518,40.33294],[-79.83585,40.3321],[-79.83597,40.33145],[-79.8354,40.32903],[-79.83674,40.32812],[-79.83805,40.32802],[-79.84024,40.32737]]]},"properties":{"geoid":"42003551300","mobility_p25":42.5,"mobility_p25_se":3,"mobility_unreliable":false,"mobility_black_p25":null,"mobility_white_p25":43.5}},{"type":"Feature","geometry":{"type":"Polygon","coordinates":[[[-79.89,40.46187],[-79.88734,40.46113],[-79.87931,40.45911],[-79.87897,40.45915],[-79.87737,40.45896],[-79.87728,40.45938],[-79.87749,40.45941],[-79.8774,40.45983],[-79.8763,40.4597],[-79.8769,40.46161],[-79.87553,40.46155],[-79.87564,40.45996],[-79.87527,40.45995],[-79.87521,40.45991],[-79.87534,40.45979],[-79.8745,40.45926],[-79.87314,40.46043],[-79.87228,40.46088],[-79.87138,40.46111],[-79.87057,40.46119],[-79.8691,40.46097],[-79.86922,40.46053],[-79.87063,40.46075],[-79.8717,40.46056],[-79.87162,40.45839],[-79.87256,40.45764],[-79.87264,40.45746],[-79.86828,40.45635],[-79.86703,40.45855],[-79.86538,40.45856],[-79.866,40.45933],[-79.86627,40.45982],[-79.86642,40.46049],[-79.86641,40.46091],[-79.86576,40.46285],[-79.86542,40.46569],[-79.86528,40.46601],[-79.86432,40.46683],[-79.86285,40.46746],[-79.86174,40.46774],[-79.86057,40.4684],[-79.86008,40.46879],[-79.85961,40.46964],[-79.8592,40.47018],[-79.85914,40.47038],[-79.85929,40.47091],[-79.85929,40.4713],[-79.85893,40.47218],[-79.85851,40.47252],[-79.85737,40.47305],[-79.85654,40.47372],[-79.8558,40.47384],[-79.85324,40.47356],[-79.85219,40.4736],[-79.8485,40.47554],[-79.84805,40.47774],[-79.84815,40.47843],[-79.84836,40.47887],[-79.8488,40.47948],[-79.8509,40.48212],[-79.85154,40.4828],[-79.85207,40.48315],[-79.85283,40.48349],[-79.8569,40.48517],[-79.85746,40.48525],[-79.85954,40.48705],[-79.86117,40.48635],[-79.86278,40.48581],[-79.8655,40.48507],[-79.87424,40.48355],[-79.87663,40.48332],[-79.87956,40.48325],[-79.88377,40.48341],[-79.88467,40.47931],[-79.88498,40.47881],[-79.88536,40.47859],[-79.88656,40.47818],[-79.88772,40.47314],[-79.88828,40.47004],[-79.89,40.46187]]]},"properties":{"geoid":"42003523100","mobility_p25":33.3,"mobility_p25_se":1.2,"mobility_unreliable":false,"mobility_black_p25":33,"mobility_white_p25":45.8}},{"type":"Feature","geometry":{"type":"Polygon","coordinates":[[[-80.08218,40.34506],[-80.0816,40.3442],[-80.0811,40.34314],[-80.08084,40.34283],[-80.08044,40.34257],[-80.07951,40.3423],[-80.07923,40.34213],[-80.07812,40.34115],[-80.078,40.34073],[-80.07804,40.33944],[-80.07768,40.33889],[-80.0772,40.33847],[-80.07646,40.33798],[-80.07568,40.33704],[-80.07467,40.33613],[-80.07333,40.33532],[-80.0717,40.33401],[-80.0704,40.33249],[-80.07009,40.33248],[-80.07011,40.33214],[-80.06918,40.331],[-80.06768,40.32972],[-80.06652,40.32855],[-80.06633,40.32824],[-80.06538,40.32528],[-80.06549,40.32474],[-80.06727,40.32395],[-80.06776,40.32364],[-80.06917,40.32235],[-80.07072,40.32125],[-80.071,40.32097],[-80.07175,40.31978],[-80.0722,40.31842],[-80.07212,40.31778],[-80.07094,40.31542],[-80.0706,40.31494],[-80.07012,40.31461],[-80.06974,40.31446],[-80.0681,40.31428],[-80.06769,40.31414],[-80.06569,40.31883],[-80.06542,40.31968],[-80.06278,40.32623],[-80.05996,40.33261],[-80.05874,40.33578],[-80.05749,40.33989],[-80.05669,40.34174],[-80.05593,40.3421],[-80.05651,40.34282],[-80.05591,40.34311],[-80.05601,40.34324],[-80.05463,40.34665],[-80.05505,40.34702],[-80.05663,40.34765],[-80.05843,40.34903],[-80.06105,40.34974],[-80.06143,40.34995],[-80.06335,40.35276],[-80.06436,40.3551],[-80.0656,40.35723],[-80.06564,40.35742],[-80.06552,40.3581],[-80.06561,40.35822],[-80.0658,40.35827],[-80.0678,40.35809],[-80.06964,40.35765],[-80.07103,40.35781],[-80.07185,40.35831],[-80.07148,40.35695],[-80.07147,40.35638],[-80.07165,40.35622],[-80.07262,40.35603],[-80.07301,40.35585],[-80.07332,40.35558],[-80.0735,40.35523],[-80.07383,40.35235],[-80.07399,40.34885],[-80.0745,40.34859],[-80.07541,40.34839],[-80.07602,40.34812],[-80.07764,40.34702],[-80.07892,40.34643],[-80.07988,40.34575],[-80.08218,40.34506]]]},"properties":{"geoid":"42003474102","mobility_p25":52.5,"mobility_p25_se":4.7,"mobility_unreliable":false,"mobility_black_p25":null,"mobility_white_p25":52.9}},{"type":"Feature","geometry":{"type":"Polygon","coordinates":[[[-79.97358,40.53061],[-79.97334,40.53016],[-79.97273,40.52965],[-79.97238,40.52898],[-79.97251,40.52873],[-79.97243,40.52852],[-79.97248,40.52829],[-79.97326,40.52743],[-79.97314,40.5266],[-79.97261,40.52614],[-79.97217,40.52589],[-79.97168,40.52535],[-79.97136,40.52523],[-79.97096,40.52493],[-79.97102,40.52337],[-79.97029,40.52243],[-79.96995,40.52234],[-79.96905,40.52246],[-79.9686,40.52228],[-79.9681,40.52154],[-79.96786,40.5206],[-79.96767,40.52027],[-79.9672,40.52005],[-79.96687,40.52003],[-79.96646,40.52018],[-79.9661,40.52049],[-79.96569,40.52116],[-79.96483,40.52157],[-79.96389,40.52153],[-79.96349,40.52142],[-79.96314,40.52119],[-79.96312,40.5202],[-79.96322,40.51977],[-79.96347,40.51929],[-79.96343,40.51912],[-79.96329,40.51856],[-79.96214,40.51692],[-79.96193,40.51634],[-79.96183,40.51565],[-79.96219,40.51452],[-79.96217,40.51431],[-79.96184,40.51388],[-79.9622,40.51353],[-79.96124,40.51227],[-79.96052,40.51326],[-79.96041,40.51287],[-79.96059,40.5123],[-79.9615,40.51147],[-79.96165,40.51105],[-79.96146,40.51076],[-79.9599,40.50978],[-79.96025,40.50892],[-79.96026,40.50873],[-79.96013,40.50856],[-79.95991,40.50844],[-79.95834,40.50809],[-79.95789,40.50789],[-79.95757,40.50765],[-79.95693,40.50655],[-79.95634,40.50596],[-79.9562,40.50538],[-79.95076,40.50553],[-79.95161,40.50674],[-79.95177,40.50674],[-79.95204,40.50747],[-79.95245,40.50813],[-79.95189,40.50825],[-79.95212,40.50853],[-79.94862,40.50867],[-79.94818,40.50787],[-79.94813,40.50736],[-79.9475,40.50748],[-79.94788,40.50934],[-79.94823,40.51013],[-79.9485,40.51043],[-79.94914,40.51089],[-79.9515,40.51195],[-79.95214,40.51244],[-79.95476,40.51556],[-79.95503,40.51625],[-79.95507,40.51651],[-79.95491,40.51724],[-79.95323,40.52048],[-79.95248,40.52114],[-79.95047,40.52204],[-79.94984,40.52245],[-79.94924,40.52315],[-79.94905,40.52347],[-79.94896,40.52387],[-79.94895,40.52471],[-79.94918,40.52522],[-79.95151,40.52848],[-79.95222,40.5293],[-79.95271,40.52962],[-79.95343,40.52991],[-79.9559,40.53032],[-79.95759,40.53094],[-79.96247,40.53616],[-79.96264,40.53658],[-79.96268,40.53835],[-79.96384,40.53705],[-79.96397,40.53679],[-79.96392,40.53645],[-79.9632,40.53563],[-79.96088,40.53385],[-79.96011,40.53312],[-79.95984,40.5327],[-79.95977,40.5324],[-79.95997,40.5318],[-79.9602,40.53187],[-79.96005,40.53222],[-79.96012,40.53256],[-79.96056,40.53282],[-79.96105,40.53279],[-79.96205,40.53217],[-79.96301,40.53181],[-79.96331,40.53184],[-79.96531,40.53251],[-79.96599,40.53286],[-79.96665,40.53339],[-79.9671,40.53398],[-79.96775,40.53507],[-79.9682,40.53547],[-79.96901,40.53572],[-79.97055,40.53568],[-79.96802,40.53252],[-79.97122,40.53173],[-79.97337,40.5308],[-79.97358,40.53061]]]},"properties":{"geoid":"42003426400","mobility_p25":52.7,"mobility_p25_se":2.9,"mobility_unreliable":false,"mobility_black_p25":null,"mobility_white_p25":51.7}},{"type":"Feature","geometry":{"type":"Polygon","coordinates":[[[-80.08342,40.46772],[-80.08346,40.46765],[-80.08092,40.46675],[-80.07981,40.46669],[-80.08006,40.46546],[-80.0795,40.46503],[-80.07865,40.46553],[-80.07765,40.4658],[-80.0777,40.46474],[-80.07671,40.46469],[-80.07626,40.46456],[-80.07476,40.46361],[-80.07233,40.46137],[-80.06953,40.46083],[-80.06855,40.46079],[-80.0669,40.4613],[-80.0662,40.46164],[-80.06603,40.46342],[-80.06608,40.46487],[-80.06635,40.4655],[-80.0662,40.46568],[-80.0656,40.4658],[-80.06564,40.46775],[-80.06576,40.46807],[-80.06622,40.46867],[-80.06629,40.46891],[-80.06613,40.46915],[-80.06715,40.46964],[-80.06743,40.47003],[-80.06757,40.47049],[-80.07112,40.46957],[-80.07294,40.46918],[-80.07316,40.46892],[-80.07503,40.46998],[-80.07609,40.47035],[-80.07645,40.46975],[-80.07707,40.4702],[-80.07746,40.47034],[-80.07776,40.47034],[-80.07833,40.47002],[-80.07856,40.47005],[-80.07878,40.47015],[-80.07866,40.4706],[-80.07869,40.47076],[-80.07915,40.47104],[-80.07986,40.47052],[-80.07942,40.47021],[-80.07952,40.46918],[-80.08026,40.46935],[-80.08191,40.47005],[-80.08342,40.46772]]]},"properties":{"geoid":"42003463900","mobility_p25":38.1,"mobility_p25_se":2,"mobility_unreliable":false,"mobility_black_p25":22.4,"mobility_white_p25":41}},{"type":"Feature","geometry":{"type":"Polygon","coordinates":[[[-80.02874,40.36047],[-80.0287,40.3584],[-80.02848,40.35706],[-80.02267,40.35745],[-80.0229,40.35908],[-80.0223,40.35928],[-80.01641,40.359],[-80.01629,40.35954],[-80.01594,40.35995],[-80.01282,40.36198],[-80.01122,40.36203],[-80.00964,40.36027],[-80.00488,40.36479],[-80.0079,40.36661],[-80.00392,40.36916],[-80.00081,40.37104],[-80.00159,40.37484],[-80.00377,40.37439],[-80.00413,40.37398],[-80.00454,40.37421],[-80.00554,40.37446],[-80.01018,40.37049],[-80.01254,40.36822],[-80.01467,40.36649],[-80.01515,40.3662],[-80.01742,40.36534],[-80.02045,40.36467],[-80.02241,40.36444],[-80.02369,40.36469],[-80.02413,40.36466],[-80.02632,40.3637],[-80.02707,40.36323],[-80.02753,40.3628],[-80.02825,40.36142],[-80.02858,40.361],[-80.02874,40.36047]]]},"properties":{"geoid":"42003476200","mobility_p25":55.6,"mobility_p25_se":3.1,"mobility_unreliable":false,"mobility_black_p25":null,"mobility_white_p25":55.6}},{"type":"Feature","geometry":{"type":"Polygon","coordinates":[[[-79.86133,40.3429],[-79.86056,40.34218],[-79.85823,40.33958],[-79.85784,40.33979],[-79.85693,40.33875],[-79.85634,40.33841],[-79.85574,40.33908],[-79.85009,40.33776],[-79.84417,40.33817],[-79.84442,40.34026],[-79.84604,40.34006],[-79.84599,40.34551],[-79.8479,40.34564],[-79.85472,40.34656],[-79.85463,40.34521],[-79.85611,40.34222],[-79.85737,40.34258],[-79.85783,40.34166],[-79.85753,40.34158],[-79.85788,40.34087],[-79.85859,40.34122],[-79.86065,40.34333],[-79.86133,40.3429]]]},"properties":{"geoid":"42003552300","mobility_p25":34.6,"mobility_p25_se":1.4,"mobility_unreliable":false,"mobility_black_p25":30.8,"mobility_white_p25":41.8}},{"type":"Feature","geometry":{"type":"Polygon","coordinates":[[[-79.88718,40.44465],[-79.88713,40.44446],[-79.88072,40.44234],[-79.8788,40.44568],[-79.87865,40.44716],[-79.87925,40.44976],[-79.88122,40.44935],[-79.88147,40.44931],[-79.88161,40.44938],[-79.88219,40.44919],[-79.8829,40.44915],[-79.88403,40.44892],[-79.88409,40.44914],[-79.88458,40.4493],[-79.88718,40.44465]]]},"properties":{"geoid":"42003561200","mobility_p25":30,"mobility_p25_se":1.4,"mobility_unreliable":false,"mobility_black_p25":30.4,"mobility_white_p25":null}},{"type":"Feature","geometry":{"type":"Polygon","coordinates":[[[-80.07396,40.29984],[-80.07401,40.29972],[-80.0692,40.2983],[-80.0693,40.30001],[-80.06909,40.30094],[-80.06775,40.30298],[-80.06744,40.3038],[-80.06743,40.30477],[-80.06806,40.30816],[-80.06813,40.30916],[-80.06809,40.30951],[-80.06775,40.3102],[-80.06737,40.31072],[-80.06705,40.31099],[-80.06613,40.31151],[-80.06526,40.31181],[-80.05999,40.31258],[-80.05294,40.31376],[-80.052,40.31404],[-80.051,40.31459],[-80.04835,40.31653],[-80.04714,40.31809],[-80.0469,40.31914],[-80.04751,40.32173],[-80.04783,40.32348],[-80.0477,40.3241],[-80.04726,40.3249],[-80.04677,40.32532],[-80.04594,40.3258],[-80.04291,40.32646],[-80.04118,40.32692],[-80.03849,40.32827],[-80.03897,40.32826],[-80.04019,40.32802],[-80.04097,40.32773],[-80.04127,40.32834],[-80.04155,40.32867],[-80.04246,40.32926],[-80.04266,40.32959],[-80.04274,40.32993],[-80.04368,40.33486],[-80.04403,40.33532],[-80.04627,40.33729],[-80.04671,40.33694],[-80.0488,40.33625],[-80.05068,40.33535],[-80.05118,40.3352],[-80.05115,40.3371],[-80.05141,40.3383],[-80.0523,40.34045],[-80.0538,40.3452],[-80.054,40.3457],[-80.05463,40.34665],[-80.05601,40.34324],[-80.05591,40.34311],[-80.05651,40.34282],[-80.05593,40.3421],[-80.05669,40.34174],[-80.05749,40.33989],[-80.05874,40.33578],[-80.05996,40.33261],[-80.06278,40.32623],[-80.06542,40.31968],[-80.06569,40.31883],[-80.06769,40.31414],[-80.06939,40.3098],[-80.07096,40.30608],[-80.07396,40.29984]]]},"properties":{"geoid":"42003475200","mobility_p25":57,"mobility_p25_se":3.2,"mobility_unreliable":false,"mobility_black_p25":null,"mobility_white_p25":57.1}},{"type":"Feature","geometry":{"type":"Polygon","coordinates":[[[-80.04783,40.32348],[-80.04751,40.32173],[-80.0469,40.31914],[-80.04714,40.31809],[-80.04736,40.31775],[-80.04648,40.31743],[-80.04458,40.31639],[-80.04418,40.31624],[-80.04077,40.31651],[-80.04015,40.3158],[-80.03772,40.31424],[-80.03761,40.31403],[-80.03754,40.31355],[-80.03726,40.31327],[-80.03454,40.31156],[-80.033,40.31111],[-80.03231,40.31244],[-80.03165,40.31334],[-80.0292,40.31537],[-80.02878,40.31584],[-80.02705,40.31887],[-80.02694,40.31926],[-80.02705,40.32083],[-80.02684,40.32211],[-80.02578,40.32449],[-80.02575,40.32477],[-80.026,40.3263],[-80.02587,40.32686],[-80.02563,40.32717],[-80.02529,40.32742],[-80.02274,40.32853],[-80.02224,40.32897],[-80.02193,40.32966],[-80.02191,40.33006],[-80.02203,40.33054],[-80.02293,40.33189],[-80.02378,40.33299],[-80.02408,40.33356],[-80.02407,40.33524],[-80.02434,40.33618],[-80.02468,40.33669],[-80.02569,40.33774],[-80.02599,40.33821],[-80.02612,40.33902],[-80.02577,40.34068],[-80.02594,40.34184],[-80.02655,40.34165],[-80.02749,40.34082],[-80.02836,40.34033],[-80.0286,40.34003],[-80.02866,40.33874],[-80.02861,40.33793],[-80.02874,40.33709],[-80.02957,40.33547],[-80.03118,40.33423],[-80.03482,40.33036],[-80.03558,40.32974],[-80.03674,40.32908],[-80.04118,40.32692],[-80.04291,40.32646],[-80.04558,40.32591],[-80.04618,40.32569],[-80.04677,40.32532],[-80.04726,40.3249],[-80.0477,40.3241],[-80.04783,40.32348]]]},"properties":{"geoid":"42003475301","mobility_p25":48.8,"mobility_p25_se":2.5,"mobility_unreliable":false,"mobility_black_p25":null,"mobility_white_p25":49.4}},{"type":"Feature","geometry":{"type":"Polygon","coordinates":[[[-79.9713,40.22948],[-79.97128,40.22817],[-79.97092,40.22689],[-79.96932,40.22467],[-79.96882,40.22412],[-79.96685,40.22209],[-79.95794,40.21426],[-79.95604,40.2133],[-79.95489,40.21277],[-79.95318,40.21225],[-79.95038,40.21156],[-79.94433,40.21066],[-79.94219,40.2102],[-79.93657,40.20899],[-79.93288,40.20795],[-79.92929,40.20708],[-79.92681,40.20602],[-79.9246,40.20495],[-79.92275,40.20366],[-79.91871,40.20028],[-79.91642,40.19897],[-79.91378,40.1979],[-79.91078,40.19698],[-79.90506,40.19571],[-79.90033,40.19484],[-79.89736,40.19446],[-79.89477,40.19429],[-79.89125,40.19448],[-79.88874,40.19473],[-79.8856,40.19538],[-79.88112,40.19665],[-79.87788,40.19703],[-79.87486,40.19722],[-79.8717,40.1973],[-79.85007,40.20468],[-79.83925,40.20876],[-79.84072,40.2112],[-79.84095,40.21266],[-79.84175,40.2149],[-79.84203,40.21723],[-79.84228,40.21835],[-79.84426,40.21984],[-79.84696,40.22122],[-79.8486,40.2224],[-79.84915,40.22264],[-79.84977,40.22374],[-79.85017,40.22421],[-79.85242,40.22598],[-79.85338,40.22698],[-79.85383,40.2276],[-79.85418,40.22828],[-79.85497,40.23077],[-79.85578,40.23224],[-79.85582,40.23272],[-79.85573,40.23378],[-79.85588,40.23534],[-79.85598,40.23573],[-79.85956,40.24001],[-79.86014,40.24093],[-79.86127,40.24087],[-79.8625,40.24063],[-79.86494,40.23926],[-79.86699,40.23936],[-79.86712,40.23922],[-79.86777,40.23947],[-79.86957,40.23963],[-79.8698,40.23985],[-79.86989,40.2401],[-79.87024,40.24033],[-79.87058,40.24073],[-79.87079,40.24117],[-79.87086,40.24155],[-79.87126,40.24228],[-79.87179,40.2439],[-79.87219,40.24462],[-79.8727,40.2453],[-79.8737,40.24624],[-79.87646,40.24822],[-79.87705,40.2488],[-79.8775,40.24947],[-79.87777,40.2502],[-79.87911,40.25571],[-79.87907,40.257],[-79.87828,40.26273],[-79.8783,40.26339],[-79.87843,40.26393],[-79.87881,40.26478],[-79.87923,40.26524],[-79.88023,40.26599],[-79.8821,40.26693],[-79.8828,40.26736],[-79.88366,40.26812],[-79.88425,40.26889],[-79.88653,40.26689],[-79.88738,40.26748],[-79.88976,40.26549],[-79.8903,40.26519],[-79.89045,40.26524],[-79.89091,40.26497],[-79.89098,40.26503],[-79.89123,40.2653],[-79.89076,40.26557],[-79.89087,40.26569],[-79.89198,40.26524],[-79.89231,40.26503],[-79.89158,40.26439],[-79.89398,40.26356],[-79.89419,40.26443],[-79.89464,40.26429],[-79.8948,40.26498],[-79.89491,40.26517],[-79.89499,40.26649],[-79.8949,40.26716],[-79.89631,40.26792],[-79.89763,40.26697],[-79.90114,40.26411],[-79.90275,40.26291],[-79.90345,40.26243],[-79.90693,40.26042],[-79.90965,40.25846],[-79.91169,40.25647],[-79.91407,40.25265],[-79.91457,40.25227],[-79.91474,40.25198],[-79.91592,40.25082],[-79.9175,40.24945],[-79.92194,40.24671],[-79.92526,40.24506],[-79.93075,40.24297],[-79.93415,40.24213],[-79.93759,40.24152],[-79.94301,40.2411],[-79.95063,40.24084],[-79.95407,40.24055],[-79.95683,40.2402],[-79.96259,40.23877],[-79.96684,40.23654],[-79.96811,40.23541],[-79.97004,40.2333],[-79.97069,40.232],[-79.97087,40.2315],[-79.97112,40.23073],[-79.9713,40.22948]]]},"properties":{"geoid":"42003495000","mobility_p25":50.8,"mobility_p25_se":2.7,"mobility_unreliable":false,"mobility_black_p25":null,"mobility_white_p25":50.2}},{"type":"Feature","geometry":{"type":"Polygon","coordinates":[[[-79.80469,40.40206],[-79.80453,40.40136],[-79.80407,40.40079],[-79.804,40.40052],[-79.80449,40.39767],[-79.80453,40.3968],[-79.80363,40.3965],[-79.80204,40.39567],[-79.80216,40.39558],[-79.80149,40.39513],[-79.8018,40.39481],[-79.80147,40.39463],[-79.80145,40.3941],[-79.80024,40.39396],[-79.79851,40.39394],[-79.79725,40.39407],[-79.79648,40.39431],[-79.79425,40.39526],[-79.79351,40.3958],[-79.79319,40.39645],[-79.79303,40.3973],[-79.79203,40.39786],[-79.79085,40.39763],[-79.79066,40.3974],[-79.79016,40.39736],[-79.78924,40.39788],[-79.78886,40.39795],[-79.78852,40.39782],[-79.78834,40.39727],[-79.78854,40.39648],[-79.78829,40.39634],[-79.78648,40.39656],[-79.78479,40.3965],[-79.784,40.39633],[-79.78304,40.39644],[-79.78153,40.39686],[-79.78071,40.39763],[-79.77924,40.39865],[-79.77897,40.39894],[-79.77793,40.39943],[-79.77755,40.4001],[-79.77755,40.40033],[-79.77847,40.4005],[-79.7781,40.40107],[-79.77772,40.40097],[-79.77796,40.40178],[-79.7831,40.4009],[-79.78506,40.40042],[-79.78282,40.40216],[-79.78334,40.40254],[-79.78301,40.40309],[-79.78273,40.40387],[-79.78279,40.40406],[-79.78309,40.40434],[-79.78242,40.40493],[-79.77988,40.40761],[-79.77918,40.40923],[-79.77945,40.40925],[-79.77888,40.41057],[-79.77964,40.41055],[-79.77831,40.41354],[-79.7774,40.41582],[-79.77723,40.41619],[-79.77708,40.41619],[-79.77705,40.41677],[-79.77697,40.41688],[-79.77704,40.41693],[-79.77744,40.41676],[-79.77758,40.41656],[-79.77784,40.41656],[-79.77785,40.4162],[-79.77745,40.41619],[-79.77748,40.41585],[-79.77836,40.41613],[-79.77753,40.41811],[-79.7813,40.41902],[-79.77986,40.4224],[-79.77738,40.42021],[-79.77591,40.41984],[-79.77618,40.41925],[-79.77587,40.41904],[-79.77567,40.41937],[-79.77453,40.42067],[-79.77401,40.42147],[-79.77326,40.42234],[-79.77223,40.42387],[-79.77193,40.4247],[-79.77179,40.42487],[-79.77035,40.42586],[-79.76965,40.42654],[-79.76857,40.42717],[-79.76807,40.42762],[-79.76772,40.42773],[-79.76603,40.42789],[-79.76553,40.42802],[-79.76352,40.42912],[-79.76236,40.43012],[-79.76166,40.43053],[-79.76144,40.43075],[-79.76122,40.43107],[-79.76088,40.43206],[-79.76031,40.43299],[-79.76023,40.43328],[-79.76132,40.43306],[-79.76182,40.43309],[-79.763,40.43361],[-79.76443,40.43406],[-79.77164,40.43587],[-79.77299,40.43647],[-79.77647,40.43748],[-79.77727,40.43743],[-79.77914,40.43708],[-79.78012,40.43656],[-79.78064,40.43608],[-79.7828,40.43505],[-79.7831,40.43463],[-79.78335,40.4334],[-79.78351,40.43311],[-79.78466,40.43181],[-79.78707,40.42879],[-79.78863,40.42666],[-79.78966,40.42566],[-79.79027,40.42464],[-79.79119,40.42389],[-79.79134,40.42368],[-79.79196,40.42255],[-79.79264,40.42052],[-79.79408,40.41943],[-79.79577,40.41772],[-79.79676,40.41688],[-79.79781,40.41639],[-79.79983,40.41596],[-79.80061,40.41445],[-79.80108,40.41295],[-79.80184,40.41159],[-79.80183,40.41138],[-79.80122,40.41016],[-79.80119,40.40973],[-79.80177,40.40881],[-79.80306,40.40718],[-79.80433,40.40533],[-79.8041,40.40387],[-79.80462,40.40249],[-79.80469,40.40206]]]},"properties":{"geoid":"42003521302","mobility_p25":45.7,"mobility_p25_se":2.3,"mobility_unreliable":false,"mobility_black_p25":41.7,"mobility_white_p25":47.8}},{"type":"Feature","geometry":{"type":"Polygon","coordinates":[[[-79.83783,40.50223],[-79.83767,40.50154],[-79.83716,40.50196],[-79.83666,40.50177],[-79.83633,40.5015],[-79.83626,40.50137],[-79.83618,40.50015],[-79.8359,40.49924],[-79.83518,40.49808],[-79.83495,40.49711],[-79.83454,40.49625],[-79.83381,40.49519],[-79.83336,40.495],[-79.8322,40.49485],[-79.83077,40.49514],[-79.82955,40.49522],[-79.82773,40.49476],[-79.82745,40.49461],[-79.82733,40.49425],[-79.82726,40.49336],[-79.82757,40.49243],[-79.82762,40.49196],[-79.82745,40.49093],[-79.82716,40.49067],[-79.82671,40.49058],[-79.82319,40.49056],[-79.82188,40.49014],[-79.82013,40.49005],[-79.81986,40.4895],[-79.81644,40.49021],[-79.81478,40.49085],[-79.81332,40.49161],[-79.81157,40.49228],[-79.8111,40.49261],[-79.81054,40.49318],[-79.80974,40.49375],[-79.80942,40.49418],[-79.80859,40.49493],[-79.8077,40.49607],[-79.80621,40.49752],[-79.80594,40.498],[-79.80594,40.49833],[-79.80616,40.49932],[-79.80611,40.5007],[-79.8064,40.50187],[-79.80674,40.50279],[-79.80674,40.50311],[-79.80632,40.50351],[-79.80299,40.50597],[-79.80237,40.50634],[-79.80168,40.50663],[-79.79902,40.5073],[-79.79841,40.50729],[-79.79646,40.50695],[-79.79429,40.50689],[-79.79375,40.50699],[-79.7935,40.50743],[-79.79548,40.50969],[-79.7958,40.50993],[-79.79649,40.51015],[-79.79789,40.50992],[-79.79896,40.50995],[-79.79926,40.51003],[-79.79967,40.51035],[-79.80068,40.51148],[-79.80125,40.51226],[-79.80158,40.51254],[-79.80497,40.51405],[-79.80527,40.51401],[-79.80623,40.51353],[-79.80664,40.51349],[-79.80675,40.51361],[-79.80696,40.51455],[-79.80684,40.5154],[-79.80649,40.51607],[-79.80653,40.51674],[-79.80646,40.5175],[-79.80662,40.51801],[-79.8071,40.51835],[-79.80721,40.51837],[-79.80775,40.51813],[-79.80823,40.51771],[-79.80846,40.5172],[-79.80875,40.51612],[-79.809,40.5159],[-79.81019,40.51574],[-79.81124,40.51587],[-79.81282,40.51649],[-79.81328,40.51652],[-79.81373,40.51628],[-79.81444,40.5152],[-79.81519,40.51436],[-79.81564,40.51416],[-79.81615,40.51432],[-79.81648,40.51454],[-79.81675,40.51486],[-79.81661,40.51666],[-79.81665,40.51771],[-79.81679,40.51794],[-79.81728,40.51828],[-79.8176,40.51837],[-79.81816,40.51839],[-79.81889,40.51819],[-79.81961,40.5176],[-79.81974,40.51733],[-79.82015,40.51695],[-79.82035,40.51578],[-79.8207,40.5153],[-79.82101,40.51511],[-79.8218,40.51482],[-79.82239,40.51451],[-79.82256,40.51455],[-79.82269,40.51469],[-79.82309,40.51533],[-79.82372,40.51581],[-79.82411,40.5158],[-79.82453,40.51558],[-79.82476,40.51529],[-79.8249,40.51488],[-79.82536,40.51405],[-79.82589,40.51348],[-79.82606,40.51286],[-79.82756,40.51211],[-79.8291,40.51191],[-79.82947,40.51202],[-79.831,40.51279],[-79.83211,40.51344],[-79.83343,40.51364],[-79.83368,40.51336],[-79.83402,40.51271],[-79.83375,40.51031],[-79.83346,40.50138],[-79.8338,40.50135],[-79.83379,40.50085],[-79.83408,40.50085],[-79.83443,40.50121],[-79.83498,40.50149],[-79.8364,40.50186],[-79.83692,40.50208],[-79.83783,40.50223]]]},"properties":{"geoid":"42003523701","mobility_p25":51.6,"mobility_p25_se":2.4,"mobility_unreliable":false,"mobility_black_p25":39.5,"mobility_white_p25":53.4}},{"type":"Feature","geometry":{"type":"Polygon","coordinates":[[[-80.01835,40.48951],[-80.01821,40.48924],[-80.01642,40.48802],[-80.01627,40.48783],[-80.01623,40.48678],[-80.01574,40.48534],[-80.01547,40.4848],[-80.01527,40.4846],[-80.01466,40.48435],[-80.01365,40.48424],[-80.01295,40.48366],[-80.01293,40.48329],[-80.01362,40.48242],[-80.01379,40.48201],[-80.01335,40.48089],[-80.01307,40.48042],[-80.01369,40.47999],[-80.01299,40.47977],[-80.0127,40.48019],[-80.01211,40.48003],[-80.01175,40.47972],[-80.01196,40.47869],[-80.01266,40.47873],[-80.01285,40.47815],[-80.01358,40.47804],[-80.01438,40.47731],[-80.01545,40.47718],[-80.01569,40.477],[-80.01587,40.47672],[-80.01587,40.47647],[-80.01578,40.47632],[-80.01496,40.4758],[-80.01443,40.47477],[-80.01391,40.47486],[-80.01125,40.47495],[-80.01211,40.47565],[-80.01215,40.47614],[-80.00776,40.47671],[-80.00779,40.47758],[-80.00751,40.4808],[-80.00755,40.48168],[-80.00785,40.48313],[-80.00876,40.48337],[-80.00898,40.48348],[-80.00919,40.48373],[-80.00975,40.48634],[-80.01074,40.48746],[-80.01126,40.48773],[-80.01487,40.48804],[-80.01835,40.48951]]]},"properties":{"geoid":"42003260700","mobility_p25":36.7,"mobility_p25_se":2.5,"mobility_unreliable":false,"mobility_black_p25":30.7,"mobility_white_p25":44.5}},{"type":"Feature","geometry":{"type":"Polygon","coordinates":[[[-80.0077,40.4831],[-80.00785,40.48313],[-80.00755,40.48168],[-80.00751,40.48058],[-80.00779,40.47758],[-80.00776,40.47671],[-80.00746,40.47589],[-80.005,40.47221],[-80.00287,40.4732],[-80.00055,40.47329],[-80.0005,40.47418],[-79.99921,40.47431],[-79.9977,40.47459],[-79.99643,40.47443],[-79.99583,40.47454],[-79.99599,40.47733],[-79.99535,40.47736],[-79.99652,40.47919],[-79.99854,40.47891],[-79.99878,40.47981],[-80.00168,40.48008],[-80.00177,40.48243],[-80.00319,40.48238],[-80.00322,40.48294],[-80.00359,40.48291],[-80.00424,40.48329],[-80.00472,40.48332],[-80.00493,40.48321],[-80.00559,40.48256],[-80.00598,40.48236],[-80.00648,40.4828],[-80.0077,40.4831]]]},"properties":{"geoid":"42003260900","mobility_p25":23.6,"mobility_p25_se":1.5,"mobility_unreliable":false,"mobility_black_p25":24.1,"mobility_white_p25":null}},{"type":"Feature","geometry":{"type":"Polygon","coordinates":[[[-79.97967,40.4427],[-79.9792,40.44216],[-79.97902,40.44176],[-79.97888,40.44108],[-79.97865,40.44084],[-79.97795,40.4405],[-79.97834,40.44012],[-79.97736,40.43937],[-79.97572,40.43921],[-79.97486,40.43984],[-79.97376,40.44017],[-79.97302,40.43978],[-79.97321,40.44012],[-79.97381,40.44067],[-79.97413,40.44115],[-79.97429,40.44161],[-79.97433,40.44244],[-79.9745,40.4429],[-79.97562,40.44444],[-79.97967,40.4427]]]},"properties":{"geoid":"42003051100","mobility_p25":27.4,"mobility_p25_se":2.1,"mobility_unreliable":false,"mobility_black_p25":26.5,"mobility_white_p25":null}},{"type":"Feature","geometry":{"type":"Polygon","coordinates":[[[-79.91641,40.41659],[-79.9161,40.41608],[-79.91561,40.4157],[-79.91165,40.41497],[-79.91146,40.41484],[-79.91095,40.415],[-79.90799,40.41547],[-79.90597,40.41571],[-79.90312,40.41591],[-79.90151,40.41588],[-79.89962,40.41545],[-79.89878,40.41928],[-79.89749,40.42593],[-79.89675,40.42626],[-79.89671,40.42646],[-79.89525,40.42604],[-79.89469,40.42566],[-79.89419,40.42555],[-79.89347,40.42563],[-79.89208,40.42629],[-79.89101,40.42724],[-79.89114,40.42739],[-79.89218,40.42789],[-79.89262,40.42757],[-79.89291,40.42707],[-79.89329,40.42677],[-79.894,40.42653],[-79.8948,40.42644],[-79.89543,40.42655],[-79.89623,40.42693],[-79.89701,40.42649],[-79.89724,40.42648],[-79.89792,40.42661],[-79.89845,40.42659],[-79.89893,40.42691],[-79.90069,40.42721],[-79.90171,40.42721],[-79.90214,40.4271],[-79.90319,40.42636],[-79.90385,40.42615],[-79.9044,40.42612],[-79.90527,40.42633],[-79.90554,40.42627],[-79.90572,40.42613],[-79.90662,40.42597],[-79.90687,40.4257],[-79.90698,40.42489],[-79.90721,40.42461],[-79.90729,40.42398],[-79.90762,40.42395],[-79.90782,40.42414],[-79.90851,40.42393],[-79.90972,40.42254],[-79.90982,40.42226],[-79.91002,40.42211],[-79.91171,40.42005],[-79.91204,40.41986],[-79.91404,40.4192],[-79.91439,40.41873],[-79.91529,40.41813],[-79.91572,40.41728],[-79.91576,40.41706],[-79.9162,40.41681],[-79.91641,40.41659]]]},"properties":{"geoid":"42003141100","mobility_p25":54.2,"mobility_p25_se":5,"mobility_unreliable":true,"mobility_black_p25":null,"mobility_white_p25":56.9}},{"type":"Feature","geometry":{"type":"Polygon","coordinates":[[[-79.94472,40.41131],[-79.94503,40.41124],[-79.94442,40.40844],[-79.94336,40.40377],[-79.94314,40.40311],[-79.94278,40.40238],[-79.94191,40.40132],[-79.94143,40.40094],[-79.94027,40.40021],[-79.93959,40.39992],[-79.93775,40.39949],[-79.93576,40.39948],[-79.9354,40.3969],[-79.93297,40.39732],[-79.93301,40.39763],[-79.93156,40.39816],[-79.92916,40.39926],[-79.92722,40.40093],[-79.92406,40.40449],[-79.9212,40.40822],[-79.91857,40.41076],[-79.92027,40.41203],[-79.92076,40.41163],[-79.92131,40.41236],[-79.92156,40.41222],[-79.9217,40.41177],[-79.92201,40.41193],[-79.9223,40.41171],[-79.92277,40.4118],[-79.92281,40.41208],[-79.92259,40.41274],[-79.92289,40.41278],[-79.92285,40.41293],[-79.92353,40.41354],[-79.92342,40.41373],[-79.92387,40.414],[-79.92497,40.41505],[-79.92491,40.41545],[-79.92565,40.41636],[-79.9258,40.41665],[-79.92605,40.41793],[-79.92621,40.41824],[-79.92677,40.41891],[-79.92813,40.4191],[-79.92817,40.41968],[-79.92921,40.41975],[-79.92913,40.41925],[-79.92955,40.41916],[-79.9295,40.419],[-79.93069,40.41889],[-79.9307,40.41904],[-79.93221,40.41896],[-79.93231,40.41983],[-79.93369,40.41973],[-79.93383,40.41979],[-79.93574,40.4188],[-79.93714,40.41773],[-79.93873,40.41579],[-79.93922,40.41549],[-79.93949,40.41334],[-79.93994,40.41265],[-79.94205,40.4118],[-79.94472,40.41131]]]},"properties":{"geoid":"42003562300","mobility_p25":33.7,"mobility_p25_se":1.2,"mobility_unreliable":false,"mobility_black_p25":26.9,"mobility_white_p25":47.1}},{"type":"Feature","geometry":{"type":"Polygon","coordinates":[[[-79.91851,40.55479],[-79.91836,40.55441],[-79.91804,40.55407],[-79.91644,40.55308],[-79.91487,40.55186],[-79.9145,40.55118],[-79.91433,40.54989],[-79.91412,40.54959],[-79.91405,40.54963],[-79.91379,40.54989],[-79.91365,40.55028],[-79.91362,40.55147],[-79.91353,40.55191],[-79.91264,40.55307],[-79.91139,40.55383],[-79.9107,40.55455],[-79.9102,40.55483],[-79.90966,40.55499],[-79.90811,40.55509],[-79.90785,40.55528],[-79.90751,40.55647],[-79.90728,40.55812],[-79.90696,40.55944],[-79.90505,40.56102],[-79.9051,40.56307],[-79.90484,40.56371],[-79.90438,40.56413],[-79.90331,40.56472],[-79.9028,40.56457],[-79.9029,40.56501],[-79.90252,40.56549],[-79.90245,40.5657],[-79.90219,40.56754],[-79.9017,40.56824],[-79.90097,40.56882],[-79.90007,40.56924],[-79.89946,40.56935],[-79.89712,40.56951],[-79.89641,40.5697],[-79.89597,40.56994],[-79.89329,40.57184],[-79.89231,40.57183],[-79.89218,40.57178],[-79.89213,40.57164],[-79.89324,40.57062],[-79.89335,40.57033],[-79.89335,40.5697],[-79.89379,40.56937],[-79.89378,40.56923],[-79.89284,40.56875],[-79.89198,40.56863],[-79.89077,40.56828],[-79.88985,40.56824],[-79.88831,40.56838],[-79.888,40.56856],[-79.88702,40.56961],[-79.88642,40.56994],[-79.88537,40.57022],[-79.88293,40.57053],[-79.88177,40.57096],[-79.87625,40.57108],[-79.87552,40.571],[-79.87526,40.57088],[-79.87354,40.56918],[-79.87253,40.56829],[-79.87217,40.5682],[-79.86924,40.56816],[-79.86874,40.568],[-79.86844,40.56768],[-79.86811,40.56667],[-79.86755,40.56617],[-79.86709,40.56597],[-79.86654,40.56593],[-79.86552,40.56628],[-79.86524,40.5663],[-79.86319,40.56715],[-79.8626,40.56714],[-79.86106,40.56681],[-79.86001,40.56632],[-79.85942,40.56617],[-79.85939,40.56549],[-79.85876,40.56392],[-79.85838,40.56328],[-79.85762,40.56249],[-79.85832,40.56256],[-79.85888,40.563],[-79.85927,40.56356],[-79.85981,40.56487],[-79.85993,40.56491],[-79.86006,40.56486],[-79.86026,40.56279],[-79.85989,40.56237],[-79.85895,40.56192],[-79.8586,40.56134],[-79.85832,40.56062],[-79.84968,40.56077],[-79.83724,40.56122],[-79.83492,40.56121],[-79.82358,40.56167],[-79.82364,40.56297],[-79.82317,40.56405],[-79.82303,40.56403],[-79.82296,40.5643],[-79.82271,40.56469],[-79.82243,40.56467],[-79.82217,40.56634],[-79.81144,40.56653],[-79.81214,40.58452],[-79.81207,40.58728],[-79.81221,40.58856],[-79.81222,40.59027],[-79.81258,40.59911],[-79.82062,40.59907],[-79.84235,40.5984],[-79.84857,40.59839],[-79.86023,40.59809],[-79.87905,40.59744],[-79.91595,40.59637],[-79.91575,40.58941],[-79.91559,40.5871],[-79.91542,40.58186],[-79.91508,40.55495],[-79.91851,40.55479]]]},"properties":{"geoid":"42003415001","mobility_p25":48.1,"mobility_p25_se":3.1,"mobility_unreliable":false,"mobility_black_p25":null,"mobility_white_p25":48.9}},{"type":"Feature","geometry":{"type":"Polygon","coordinates":[[[-79.99417,40.67357],[-79.99394,40.66804],[-79.99197,40.63149],[-79.98903,40.63155],[-79.9884,40.63149],[-79.98778,40.63125],[-79.98683,40.63061],[-79.9863,40.63035],[-79.9839,40.62985],[-79.98289,40.63],[-79.98169,40.63071],[-79.98111,40.63091],[-79.98019,40.63097],[-79.97845,40.63067],[-79.97802,40.63067],[-79.9774,40.6308],[-79.97647,40.63127],[-79.97577,40.63145],[-79.97523,40.63138],[-79.97274,40.63076],[-79.97171,40.63027],[-79.97129,40.63015],[-79.96833,40.62996],[-79.9678,40.63017],[-79.96628,40.63113],[-79.96574,40.63116],[-79.96359,40.63092],[-79.96144,40.63113],[-79.9593,40.63239],[-79.95643,40.63351],[-79.95583,40.63351],[-79.95433,40.63316],[-79.95212,40.63323],[-79.95206,40.63335],[-79.95062,40.63423],[-79.94894,40.63488],[-79.9474,40.63511],[-79.9439,40.63509],[-79.94183,40.63534],[-79.94079,40.63521],[-79.93985,40.63481],[-79.93957,40.63462],[-79.9389,40.63384],[-79.9383,40.63332],[-79.93777,40.63288],[-79.93728,40.6326],[-79.93582,40.63312],[-79.93545,40.63316],[-79.93432,40.63285],[-79.93299,40.63229],[-79.93277,40.63227],[-79.93259,40.63237],[-79.93151,40.63373],[-79.93134,40.6341],[-79.93126,40.63463],[-79.93106,40.63483],[-79.92944,40.63547],[-79.92858,40.63589],[-79.92803,40.63601],[-79.92684,40.63705],[-79.92564,40.63757],[-79.925,40.63795],[-79.92454,40.63837],[-79.92385,40.63861],[-79.92269,40.63928],[-79.92262,40.63948],[-79.92264,40.64019],[-79.92289,40.64239],[-79.92319,40.65021],[-79.92388,40.66369],[-79.92418,40.67302],[-79.92962,40.67289],[-79.93761,40.67284],[-79.95994,40.67228],[-79.98784,40.67359],[-79.99417,40.67357]]]},"properties":{"geoid":"42003408001","mobility_p25":54.8,"mobility_p25_se":2.8,"mobility_unreliable":false,"mobility_black_p25":null,"mobility_white_p25":56}},{"type":"Feature","geometry":{"type":"Polygon","coordinates":[[[-80.06561,40.56657],[-80.06472,40.55271],[-80.02747,40.55387],[-80.02087,40.55387],[-80.02465,40.56049],[-80.02496,40.5612],[-80.02519,40.5621],[-80.02521,40.56331],[-80.02509,40.56396],[-80.02346,40.56975],[-80.02337,40.57097],[-80.02352,40.57213],[-80.03695,40.57194],[-80.03803,40.5663],[-80.03909,40.5627],[-80.03941,40.56106],[-80.03997,40.56186],[-80.04125,40.56294],[-80.0414,40.56331],[-80.04144,40.56389],[-80.04155,40.56408],[-80.04364,40.5665],[-80.04405,40.56671],[-80.04432,40.56676],[-80.04578,40.56671],[-80.04718,40.56687],[-80.04878,40.5673],[-80.04931,40.56766],[-80.04952,40.56797],[-80.05073,40.56735],[-80.05163,40.56613],[-80.05188,40.56595],[-80.05238,40.56584],[-80.05419,40.56611],[-80.05463,40.56626],[-80.05627,40.56828],[-80.05674,40.56861],[-80.05723,40.56868],[-80.05815,40.56865],[-80.05901,40.56844],[-80.05965,40.56794],[-80.05984,40.56763],[-80.05991,40.56729],[-80.05943,40.56517],[-80.0595,40.5643],[-80.05986,40.56366],[-80.06054,40.56307],[-80.06069,40.56331],[-80.06101,40.56446],[-80.06143,40.56488],[-80.06429,40.56585],[-80.06561,40.56657]]]},"properties":{"geoid":"42003413300","mobility_p25":53.4,"mobility_p25_se":3.2,"mobility_unreliable":false,"mobility_black_p25":null,"mobility_white_p25":55.1}},{"type":"Feature","geometry":{"type":"Polygon","coordinates":[[[-79.91501,40.527],[-79.91408,40.5086],[-79.91292,40.50864],[-79.91284,40.50826],[-79.9129,40.50776],[-79.91126,40.50777],[-79.91129,40.50867],[-79.90858,40.50874],[-79.90832,40.50381],[-79.90236,40.50398],[-79.90221,40.49975],[-79.90175,40.49991],[-79.90105,40.50039],[-79.901,40.50035],[-79.90015,40.49899],[-79.90041,40.4989],[-79.89939,40.49715],[-79.89983,40.49679],[-79.90002,40.4961],[-79.89979,40.49581],[-79.89893,40.4954],[-79.89787,40.49513],[-79.89656,40.4938],[-79.89691,40.49261],[-79.88983,40.49153],[-79.88997,40.49481],[-79.89044,40.49478],[-79.89115,40.49703],[-79.89029,40.49736],[-79.88881,40.49816],[-79.88713,40.49872],[-79.88596,40.49893],[-79.88508,40.49886],[-79.88363,40.49924],[-79.88363,40.49918],[-79.87846,40.4995],[-79.87862,40.50369],[-79.87254,40.50388],[-79.87278,40.50971],[-79.87162,40.50975],[-79.87202,40.51935],[-79.87224,40.52716],[-79.8719,40.52661],[-79.87144,40.52608],[-79.86726,40.52225],[-79.86758,40.52851],[-79.85527,40.52879],[-79.85551,40.53641],[-79.8677,40.53594],[-79.86785,40.53729],[-79.868,40.54186],[-79.86834,40.5469],[-79.87453,40.54678],[-79.87455,40.5521],[-79.88155,40.55129],[-79.88325,40.55125],[-79.88425,40.55102],[-79.88472,40.5508],[-79.88495,40.55057],[-79.8854,40.54955],[-79.88572,40.54916],[-79.88618,40.54885],[-79.88689,40.54865],[-79.88805,40.54884],[-79.88887,40.54919],[-79.88988,40.55007],[-79.89049,40.55082],[-79.89081,40.55102],[-79.89237,40.55098],[-79.89232,40.54951],[-79.8971,40.54919],[-79.89706,40.54864],[-79.89607,40.54868],[-79.89593,40.54614],[-79.89661,40.54612],[-79.89848,40.54262],[-79.90075,40.54367],[-79.90299,40.53958],[-79.90298,40.53949],[-79.90178,40.53952],[-79.90214,40.53784],[-79.90239,40.53803],[-79.90282,40.53805],[-79.90301,40.53832],[-79.90315,40.53835],[-79.90363,40.53943],[-79.90403,40.53951],[-79.9041,40.54229],[-79.90435,40.54609],[-79.90516,40.54616],[-79.906,40.54637],[-79.90835,40.54769],[-79.91019,40.5483],[-79.9102,40.54698],[-79.91296,40.54686],[-79.91271,40.54087],[-79.91365,40.54085],[-79.91322,40.54031],[-79.91309,40.54001],[-79.91213,40.53883],[-79.9111,40.53773],[-79.91249,40.53687],[-79.91313,40.53611],[-79.91404,40.53227],[-79.91448,40.53104],[-79.91138,40.53112],[-79.91134,40.53057],[-79.91163,40.53056],[-79.91162,40.5304],[-79.9131,40.53036],[-79.91328,40.52992],[-79.91307,40.52957],[-79.91278,40.5294],[-79.91254,40.52913],[-79.91225,40.52894],[-79.91161,40.52874],[-79.91145,40.52811],[-79.91181,40.52709],[-79.91501,40.527]]]},"properties":{"geoid":"42003422000","mobility_p25":46.7,"mobility_p25_se":5.6,"mobility_unreliable":true,"mobility_black_p25":null,"mobility_white_p25":53.5}},{"type":"Feature","geometry":{"type":"Polygon","coordinates":[[[-80.02148,40.42419],[-80.02139,40.42355],[-80.0211,40.42341],[-80.01906,40.42416],[-80.0186,40.42422],[-80.01721,40.42295],[-80.01631,40.42196],[-80.01488,40.42267],[-80.01383,40.42248],[-80.01234,40.42244],[-80.01027,40.42457],[-80.00912,40.42426],[-80.00781,40.4262],[-80.00679,40.42671],[-80.00561,40.42701],[-80.00324,40.42808],[-80.00265,40.42848],[-80.002,40.4286],[-80.00153,40.42892],[-80.00134,40.42893],[-80.00033,40.42863],[-79.99966,40.42812],[-79.99948,40.42814],[-79.99894,40.42847],[-79.99844,40.42844],[-79.99803,40.4283],[-79.99755,40.42839],[-79.99708,40.42821],[-79.99679,40.42819],[-79.99806,40.42892],[-79.9983,40.42901],[-79.99866,40.42891],[-79.99878,40.42896],[-80.00096,40.42976],[-80.00271,40.43053],[-80.00305,40.4303],[-80.0041,40.43012],[-80.00557,40.43075],[-80.00584,40.43075],[-80.00647,40.43051],[-80.00594,40.43119],[-80.0099,40.43334],[-80.01072,40.4309],[-80.01276,40.43052],[-80.01361,40.43027],[-80.01508,40.42912],[-80.01703,40.42708],[-80.01741,40.42676],[-80.01817,40.42631],[-80.01976,40.4257],[-80.02108,40.42573],[-80.02097,40.42546],[-80.02133,40.42487],[-80.02148,40.42419]]]},"properties":{"geoid":"42003191400","mobility_p25":39.3,"mobility_p25_se":2.3,"mobility_unreliable":false,"mobility_black_p25":24.7,"mobility_white_p25":41.1}},{"type":"Feature","geometry":{"type":"Polygon","coordinates":[[[-79.92683,40.37625],[-79.92677,40.37564],[-79.92658,40.375],[-79.92498,40.37509],[-79.92468,40.37306],[-79.92344,40.37053],[-79.92236,40.37071],[-79.92228,40.36863],[-79.92067,40.36536],[-79.91373,40.36551],[-79.91331,40.36464],[-79.9119,40.36501],[-79.91129,40.36407],[-79.91082,40.36285],[-79.90867,40.3635],[-79.90863,40.36346],[-79.90821,40.36357],[-79.90718,40.36151],[-79.90599,40.36209],[-79.90494,40.36217],[-79.90525,40.36286],[-79.90029,40.36526],[-79.90344,40.37189],[-79.90854,40.37045],[-79.91182,40.37281],[-79.90884,40.37669],[-79.90934,40.3769],[-79.90835,40.37815],[-79.91029,40.37855],[-79.9104,40.37844],[-79.91059,40.37877],[-79.91067,40.37868],[-79.91148,40.37958],[-79.91169,40.38054],[-79.9133,40.38093],[-79.91398,40.38088],[-79.91815,40.37939],[-79.91982,40.37817],[-79.92026,40.37803],[-79.92066,40.37813],[-79.92183,40.37866],[-79.92303,40.37888],[-79.92349,40.37914],[-79.92391,40.37906],[-79.92551,40.37961],[-79.92656,40.37751],[-79.92678,40.37678],[-79.92683,40.37625]]]},"properties":{"geoid":"42003310200","mobility_p25":47.1,"mobility_p25_se":2.9,"mobility_unreliable":false,"mobility_black_p25":null,"mobility_white_p25":48.5}},{"type":"Feature","geometry":{"type":"Polygon","coordinates":[[[-79.89434,40.44125],[-79.89436,40.44118],[-79.89427,40.44124],[-79.8915,40.44122],[-79.88693,40.43969],[-79.88639,40.43969],[-79.88655,40.4405],[-79.88769,40.44466],[-79.88713,40.44446],[-79.88718,40.44461],[-79.88713,40.44481],[-79.88593,40.44691],[-79.88837,40.44774],[-79.88982,40.44905],[-79.89044,40.44946],[-79.89177,40.4501],[-79.89242,40.45027],[-79.89434,40.44125]]]},"properties":{"geoid":"42003560400","mobility_p25":34.2,"mobility_p25_se":1.8,"mobility_unreliable":false,"mobility_black_p25":33.4,"mobility_white_p25":35.8}},{"type":"Feature","geometry":{"type":"Polygon","coordinates":[[[-79.89557,40.43496],[-79.89456,40.43353],[-79.88958,40.43561],[-79.88597,40.43686],[-79.88578,40.43684],[-79.88639,40.43969],[-79.88693,40.43969],[-79.8915,40.44122],[-79.89427,40.44124],[-79.89436,40.44118],[-79.89492,40.43884],[-79.89484,40.43865],[-79.89557,40.43496]]]},"properties":{"geoid":"42003560500","mobility_p25":41.4,"mobility_p25_se":3,"mobility_unreliable":false,"mobility_black_p25":30.3,"mobility_white_p25":59.2}},{"type":"Feature","geometry":{"type":"Polygon","coordinates":[[[-79.88764,40.44464],[-79.88769,40.44466],[-79.88655,40.4405],[-79.88578,40.43684],[-79.88266,40.43609],[-79.87935,40.44189],[-79.88764,40.44464]]]},"properties":{"geoid":"42003560600","mobility_p25":31.4,"mobility_p25_se":1.6,"mobility_unreliable":false,"mobility_black_p25":30.1,"mobility_white_p25":37.3}},{"type":"Feature","geometry":{"type":"Polygon","coordinates":[[[-79.88261,40.43616],[-79.88266,40.43609],[-79.87918,40.43399],[-79.87753,40.4355],[-79.87636,40.43478],[-79.87418,40.43526],[-79.87424,40.43502],[-79.87403,40.43419],[-79.87193,40.43368],[-79.872,40.43354],[-79.86675,40.43132],[-79.86555,40.43289],[-79.86853,40.43438],[-79.8715,40.43565],[-79.87254,40.43617],[-79.87351,40.43708],[-79.87404,40.43799],[-79.87516,40.43893],[-79.87586,40.43932],[-79.87628,40.43976],[-79.87664,40.44084],[-79.8768,40.44101],[-79.87935,40.44189],[-79.88261,40.43616]]]},"properties":{"geoid":"42003561000","mobility_p25":35,"mobility_p25_se":1.7,"mobility_unreliable":false,"mobility_black_p25":33.8,"mobility_white_p25":56.2}},{"type":"Feature","geometry":{"type":"Polygon","coordinates":[[[-80.09996,40.49559],[-80.09988,40.49484],[-80.09141,40.49174],[-80.08761,40.48636],[-80.0875,40.48569],[-80.08346,40.47978],[-80.0829,40.48008],[-80.08297,40.47961],[-80.0817,40.47942],[-80.08022,40.47869],[-80.07766,40.47868],[-80.07722,40.47859],[-80.07607,40.47817],[-80.07474,40.47739],[-80.07311,40.47591],[-80.07123,40.47469],[-80.071,40.47462],[-80.07031,40.47468],[-80.06955,40.47506],[-80.06859,40.47573],[-80.06803,40.47602],[-80.06707,40.4764],[-80.06636,40.47657],[-80.0661,40.47653],[-80.06586,40.47636],[-80.06526,40.47572],[-80.05256,40.47585],[-80.04786,40.47581],[-80.04848,40.4773],[-80.04974,40.47914],[-80.05172,40.48129],[-80.05464,40.48297],[-80.05931,40.48614],[-80.06206,40.48786],[-80.06607,40.4908],[-80.06753,40.49227],[-80.06988,40.49189],[-80.07381,40.49152],[-80.07578,40.49123],[-80.07818,40.4911],[-80.08104,40.49151],[-80.08325,40.49256],[-80.08695,40.4945],[-80.09161,40.49661],[-80.09332,40.49715],[-80.09914,40.49943],[-80.0997,40.49816],[-80.09975,40.49685],[-80.09996,40.49559]]]},"properties":{"geoid":"42003462100","mobility_p25":40,"mobility_p25_se":2.5,"mobility_unreliable":false,"mobility_black_p25":16.9,"mobility_white_p25":45.1}},{"type":"Feature","geometry":{"type":"Polygon","coordinates":[[[-80.04444,40.38072],[-80.04293,40.3803],[-80.04072,40.37771],[-80.04051,40.37771],[-80.03815,40.37652],[-80.0365,40.37604],[-80.03646,40.37542],[-80.03635,40.37507],[-80.03399,40.37279],[-80.03339,40.37193],[-80.03237,40.37075],[-80.0308,40.36964],[-80.02792,40.36798],[-80.02758,40.36815],[-80.02419,40.36906],[-80.02171,40.36957],[-80.01843,40.37171],[-80.02246,40.37523],[-80.02121,40.37659],[-80.02345,40.37746],[-80.02276,40.38076],[-80.02017,40.38373],[-80.02022,40.3867],[-80.02313,40.38711],[-80.02201,40.38849],[-80.02783,40.3916],[-80.02868,40.39126],[-80.03362,40.3898],[-80.03251,40.38831],[-80.03373,40.38819],[-80.03451,40.3884],[-80.03452,40.38718],[-80.0348,40.38718],[-80.03581,40.38484],[-80.03597,40.38461],[-80.03676,40.38434],[-80.03627,40.38377],[-80.03886,40.38302],[-80.03908,40.38411],[-80.03931,40.38449],[-80.04062,40.38564],[-80.04125,40.38631],[-80.04059,40.38673],[-80.0417,40.38797],[-80.04234,40.38768],[-80.04292,40.38837],[-80.04354,40.38753],[-80.04393,40.38599],[-80.04398,40.38518],[-80.04375,40.38392],[-80.04444,40.38072]]]},"properties":{"geoid":"42003473300","mobility_p25":57.9,"mobility_p25_se":3.1,"mobility_unreliable":false,"mobility_black_p25":null,"mobility_white_p25":59.2}},{"type":"Feature","geometry":{"type":"Polygon","coordinates":[[[-80.02381,40.40012],[-80.02027,40.40003],[-80.02117,40.39921],[-80.0187,40.39741],[-80.01797,40.398],[-80.01606,40.39662],[-80.0147,40.39631],[-80.01638,40.39266],[-80.01604,40.39266],[-80.01516,40.39285],[-80.01502,40.39295],[-80.01466,40.39381],[-80.0141,40.39585],[-80.01367,40.39645],[-80.01339,40.39668],[-80.01155,40.39762],[-80.00968,40.39902],[-80.00902,40.39943],[-80.00766,40.39972],[-80.0066,40.40038],[-80.00461,40.40086],[-80.00192,40.40186],[-80.00161,40.40191],[-80.00229,40.40356],[-80.00266,40.40413],[-80.00517,40.40602],[-80.00557,40.4065],[-80.00577,40.4071],[-80.00563,40.40826],[-80.00566,40.40872],[-80.00598,40.40928],[-80.00632,40.40954],[-80.00728,40.41006],[-80.00763,40.41041],[-80.00782,40.41066],[-80.00823,40.41164],[-80.00841,40.41159],[-80.00924,40.41202],[-80.00921,40.4123],[-80.00981,40.4121],[-80.00929,40.41245],[-80.01007,40.41287],[-80.01057,40.41225],[-80.01175,40.41156],[-80.01285,40.41117],[-80.01533,40.41055],[-80.01581,40.41023],[-80.01745,40.40876],[-80.01778,40.40845],[-80.01815,40.40776],[-80.0188,40.40535],[-80.01918,40.40431],[-80.01935,40.40405],[-80.01968,40.40371],[-80.02217,40.40174],[-80.02381,40.40012]]]},"properties":{"geoid":"42003191700","mobility_p25":42.9,"mobility_p25_se":2.5,"mobility_unreliable":false,"mobility_black_p25":null,"mobility_white_p25":44.2}},{"type":"Feature","geometry":{"type":"Polygon","coordinates":[[[-80.09821,40.37403],[-80.09821,40.37343],[-80.09708,40.37225],[-80.09667,40.37115],[-80.09585,40.37027],[-80.09509,40.36961],[-80.09466,40.36888],[-80.09449,40.36811],[-80.09441,40.36686],[-80.09427,40.36632],[-80.0943,40.36555],[-80.09451,40.36456],[-80.09536,40.36411],[-80.09468,40.36432],[-80.09476,40.36419],[-80.09542,40.36383],[-80.09527,40.36335],[-80.09512,40.36338],[-80.09504,40.3633],[-80.0951,40.3631],[-80.09483,40.36279],[-80.0943,40.36243],[-80.09426,40.36254],[-80.09326,40.36251],[-80.09292,40.3624],[-80.09303,40.36207],[-80.09249,40.36203],[-80.09247,40.36208],[-80.08947,40.36182],[-80.08833,40.36192],[-80.08751,40.36224],[-80.08767,40.36283],[-80.0873,40.36275],[-80.08766,40.36372],[-80.08694,40.36398],[-80.0863,40.36384],[-80.08568,40.36304],[-80.08483,40.36316],[-80.08283,40.36301],[-80.08183,40.36306],[-80.08141,40.36428],[-80.07282,40.36343],[-80.07266,40.36378],[-80.07446,40.36503],[-80.07359,40.3655],[-80.07552,40.36715],[-80.07786,40.3695],[-80.07876,40.37083],[-80.0792,40.37163],[-80.08032,40.37138],[-80.08101,40.37152],[-80.08164,40.37177],[-80.0821,40.37182],[-80.08256,40.37176],[-80.08298,40.37156],[-80.08322,40.37136],[-80.08342,40.37104],[-80.08414,40.36832],[-80.09055,40.37277],[-80.09215,40.37418],[-80.09274,40.37446],[-80.09438,40.37479],[-80.09353,40.37736],[-80.09303,40.37848],[-80.09193,40.38034],[-80.09038,40.38245],[-80.09078,40.38368],[-80.09078,40.38413],[-80.0911,40.38401],[-80.09109,40.383],[-80.09116,40.38272],[-80.09137,40.38243],[-80.09172,40.38228],[-80.0929,40.38221],[-80.09324,40.38255],[-80.09337,40.38177],[-80.09341,40.38029],[-80.09437,40.37808],[-80.09473,40.37762],[-80.09549,40.37718],[-80.09664,40.37611],[-80.0973,40.37529],[-80.09765,40.37498],[-80.09821,40.37403]]]},"properties":{"geoid":"42003470400","mobility_p25":52.8,"mobility_p25_se":3.7,"mobility_unreliable":false,"mobility_black_p25":null,"mobility_white_p25":54.3}},{"type":"Feature","geometry":{"type":"Polygon","coordinates":[[[-79.99636,40.3485],[-79.99628,40.34804],[-79.99606,40.34767],[-79.99451,40.34655],[-79.99286,40.34506],[-79.99225,40.34446],[-79.99185,40.34378],[-79.99158,40.34235],[-79.99106,40.34096],[-79.99087,40.33956],[-79.99098,40.33872],[-79.99147,40.33709],[-79.99152,40.33661],[-79.99144,40.33548],[-79.99051,40.33489],[-79.98989,40.33432],[-79.98954,40.33383],[-79.98881,40.33247],[-79.98666,40.33119],[-79.98543,40.32953],[-79.98554,40.33003],[-79.98557,40.33218],[-79.98525,40.33245],[-79.98535,40.33343],[-79.98421,40.33327],[-79.98166,40.33546],[-79.98092,40.33598],[-79.98037,40.33623],[-79.97905,40.33649],[-79.97697,40.33624],[-79.97688,40.33669],[-79.97808,40.3372],[-79.97588,40.33805],[-79.97474,40.33731],[-79.96909,40.34038],[-79.96918,40.34046],[-79.96923,40.34038],[-79.96944,40.34057],[-79.96828,40.34181],[-79.96733,40.3417],[-79.96689,40.3418],[-79.96686,40.34206],[-79.96703,40.34238],[-79.97104,40.34383],[-79.97199,40.34427],[-79.97242,40.34458],[-79.97272,40.34492],[-79.9731,40.34558],[-79.97566,40.34493],[-79.97577,40.34456],[-79.97775,40.34442],[-79.98149,40.34478],[-79.98441,40.34521],[-79.98507,40.34537],[-79.9855,40.34558],[-79.98597,40.34595],[-79.98753,40.34804],[-79.98807,40.3486],[-79.98909,40.34929],[-79.99036,40.34977],[-79.99491,40.35045],[-79.99608,40.34926],[-79.99625,40.34897],[-79.99636,40.3485]]]},"properties":{"geoid":"42003480101","mobility_p25":44.1,"mobility_p25_se":2.1,"mobility_unreliable":false,"mobility_black_p25":24.6,"mobility_white_p25":49.9}},{"type":"Feature","geometry":{"type":"Polygon","coordinates":[[[-79.86881,40.38195],[-79.86886,40.38193],[-79.86644,40.37988],[-79.86469,40.37858],[-79.86167,40.3761],[-79.86194,40.37587],[-79.85913,40.37293],[-79.8592,40.3729],[-79.85718,40.37077],[-79.84488,40.37368],[-79.84168,40.37439],[-79.84142,40.37436],[-79.83877,40.37512],[-79.83915,40.37588],[-79.84115,40.37841],[-79.84394,40.38091],[-79.84668,40.38304],[-79.84979,40.38516],[-79.85347,40.38843],[-79.8545,40.38877],[-79.85846,40.38683],[-79.86881,40.38195]]]},"properties":{"geoid":"42003486700","mobility_p25":34.6,"mobility_p25_se":1.7,"mobility_unreliable":false,"mobility_black_p25":31.2,"mobility_white_p25":37.8}},{"type":"Feature","geometry":{"type":"Polygon","coordinates":[[[-79.87629,40.32099],[-79.87411,40.32021],[-79.87444,40.31987],[-79.87468,40.31933],[-79.87469,40.31908],[-79.87525,40.31786],[-79.87468,40.31713],[-79.87387,40.31754],[-79.87219,40.31595],[-79.87001,40.31602],[-79.86829,40.31784],[-79.86708,40.31952],[-79.86546,40.31823],[-79.8639,40.31736],[-79.86451,40.31633],[-79.86238,40.31547],[-79.86187,40.31611],[-79.86021,40.315],[-79.86003,40.31499],[-79.8602,40.31568],[-79.85996,40.31732],[-79.86077,40.3176],[-79.86014,40.31847],[-79.85848,40.31775],[-79.85774,40.31881],[-79.85816,40.31899],[-79.85838,40.31872],[-79.85954,40.31923],[-79.85816,40.32113],[-79.8568,40.32081],[-79.85693,40.32003],[-79.85583,40.3191],[-79.85535,40.31928],[-79.85358,40.31928],[-79.8523,40.31794],[-79.8475,40.31729],[-79.84608,40.318],[-79.84117,40.32015],[-79.84173,40.32116],[-79.84276,40.32366],[-79.84319,40.32446],[-79.84397,40.32555],[-79.84454,40.32654],[-79.84525,40.32723],[-79.84603,40.32799],[-79.84698,40.32872],[-79.84839,40.32944],[-79.85337,40.33237],[-79.85502,40.33349],[-79.85583,40.33422],[-79.85758,40.33621],[-79.85827,40.33677],[-79.86091,40.33335],[-79.86113,40.33264],[-79.86106,40.33066],[-79.8626,40.32935],[-79.86323,40.32921],[-79.86383,40.32894],[-79.8651,40.32873],[-79.86646,40.32882],[-79.86792,40.32907],[-79.86958,40.32923],[-79.87015,40.32941],[-79.87115,40.32993],[-79.87166,40.33006],[-79.87272,40.3299],[-79.87337,40.32969],[-79.8739,40.32946],[-79.87508,40.32873],[-79.87424,40.32796],[-79.87231,40.32644],[-79.87629,40.32099]]]},"properties":{"geoid":"42003498000","mobility_p25":45.7,"mobility_p25_se":3.1,"mobility_unreliable":false,"mobility_black_p25":null,"mobility_white_p25":46.2}},{"type":"Feature","geometry":{"type":"Polygon","coordinates":[[[-79.89761,40.3225],[-79.89762,40.32184],[-79.89743,40.32113],[-79.89585,40.32117],[-79.89363,40.32109],[-79.89376,40.32185],[-79.8938,40.32284],[-79.89389,40.32751],[-79.89385,40.33087],[-79.89295,40.3312],[-79.89245,40.33108],[-79.89253,40.3308],[-79.88935,40.33086],[-79.8894,40.33068],[-79.88935,40.32767],[-79.88843,40.32767],[-79.88842,40.32438],[-79.88625,40.3244],[-79.8862,40.32581],[-79.88555,40.32526],[-79.88429,40.3239],[-79.88413,40.32384],[-79.88416,40.32477],[-79.88192,40.3246],[-79.88103,40.32482],[-79.87898,40.32502],[-79.87857,40.32484],[-79.87821,40.32401],[-79.8779,40.32376],[-79.87741,40.3236],[-79.8747,40.32312],[-79.87465,40.32319],[-79.87231,40.32644],[-79.87424,40.32796],[-79.87543,40.32908],[-79.88311,40.3324],[-79.88323,40.33275],[-79.8839,40.33546],[-79.88354,40.33612],[-79.88471,40.33697],[-79.88348,40.33954],[-79.88341,40.33954],[-79.88329,40.33981],[-79.88243,40.34063],[-79.88097,40.34177],[-79.8818,40.34339],[-79.88561,40.34517],[-79.88636,40.34417],[-79.88871,40.34173],[-79.89188,40.33899],[-79.89385,40.33646],[-79.89497,40.33463],[-79.89543,40.33374],[-79.89617,40.33164],[-79.89636,40.33093],[-79.89629,40.33088],[-79.89638,40.33089],[-79.8968,40.3288],[-79.89721,40.32576],[-79.8975,40.32427],[-79.89761,40.3225]]]},"properties":{"geoid":"42003499300","mobility_p25":47.3,"mobility_p25_se":3.6,"mobility_unreliable":false,"mobility_black_p25":null,"mobility_white_p25":47.8}},{"type":"Feature","geometry":{"type":"Polygon","coordinates":[[[-80.04299,40.479],[-80.04303,40.47893],[-80.03845,40.47307],[-80.03771,40.47177],[-80.03736,40.47182],[-80.03727,40.4721],[-80.03786,40.47286],[-80.03653,40.4749],[-80.03578,40.47468],[-80.03524,40.47417],[-80.03629,40.47316],[-80.0365,40.47281],[-80.0365,40.47262],[-80.03486,40.47414],[-80.03512,40.47509],[-80.03416,40.4758],[-80.03332,40.47619],[-80.03243,40.47646],[-80.03172,40.47649],[-80.03168,40.47727],[-80.03088,40.47891],[-80.03084,40.47918],[-80.03105,40.47959],[-80.0317,40.48039],[-80.03396,40.48171],[-80.03522,40.48147],[-80.04181,40.47989],[-80.04282,40.47967],[-80.043,40.47969],[-80.04294,40.47922],[-80.04299,40.479]]]},"properties":{"geoid":"42003270300","mobility_p25":36.5,"mobility_p25_se":2.2,"mobility_unreliable":false,"mobility_black_p25":29.2,"mobility_white_p25":39.6}}],"metadata":{"sources":["https://opportunityinsights.org/wp-content/uploads/2018/10/tract_outcomes_simple.csv","https://tigerweb.geo.census.gov/arcgis/rest/services/TIGERweb/tigerWMS_Census2010/MapServer/14"],"builtAt":"2026-09-26T18:57:58.979Z"}}