{"type":"FeatureCollection","features":[{"type":"Feature","geometry":{"type":"Polygon","coordinates":[[[-80.17393,40.42239],[-80.1722,40.42134],[-80.17039,40.42064],[-80.17002,40.42031],[-80.16991,40.42005],[-80.16987,40.41977],[-80.16995,40.41904],[-80.16994,40.41877],[-80.16967,40.41822],[-80.1696,40.41795],[-80.16961,40.4177],[-80.16977,40.41698],[-80.16975,40.41641],[-80.16968,40.41625],[-80.16951,40.41612],[-80.16921,40.41597],[-80.16894,40.41592],[-80.16729,40.41601],[-80.16595,40.41593],[-80.16581,40.41585],[-80.16558,40.41549],[-80.16532,40.41533],[-80.16449,40.41516],[-80.16348,40.41505],[-80.16292,40.4149],[-80.16245,40.41441],[-80.16215,40.41397],[-80.16202,40.41364],[-80.16199,40.41332],[-80.16215,40.4133],[-80.16228,40.41292],[-80.16228,40.41271],[-80.16221,40.41259],[-80.16194,40.41236],[-80.16206,40.41168],[-80.16223,40.41134],[-80.1625,40.41113],[-80.16246,40.41106],[-80.16196,40.41072],[-80.16295,40.41038],[-80.16325,40.411],[-80.16339,40.41097],[-80.16509,40.41047],[-80.16543,40.41033],[-80.16587,40.41003],[-80.16695,40.40889],[-80.16831,40.40678],[-80.16873,40.40656],[-80.16914,40.40559],[-80.16928,40.40475],[-80.16949,40.40392],[-80.17004,40.40317],[-80.17074,40.4031],[-80.17409,40.40753],[-80.1761,40.40866],[-80.17626,40.40816],[-80.18054,40.41191],[-80.18125,40.41324],[-80.18179,40.41336],[-80.18192,40.41359],[-80.18144,40.41383],[-80.18098,40.4152],[-80.18118,40.41563],[-80.1819,40.41636],[-80.18211,40.41717],[-80.18242,40.41749],[-80.18183,40.41853],[-80.18113,40.41814],[-80.18098,40.41885],[-80.18091,40.41963],[-80.18098,40.42008],[-80.1817,40.42015],[-80.18204,40.42188],[-80.1814,40.42238],[-80.17687,40.41889],[-80.17443,40.42147],[-80.17389,40.42153],[-80.17433,40.42229],[-80.17428,40.42227],[-80.1742,40.4224],[-80.17439,40.42266],[-80.17393,40.42239]],[[-80.16282,40.41378],[-80.16252,40.41351],[-80.16216,40.41382],[-80.1624,40.41425],[-80.16282,40.41378]]]},"properties":{"name":"Pgh Botanic Garden","municipality":null,"kind":"county_park"}},{"type":"Feature","geometry":{"type":"Polygon","coordinates":[[[-80.17935,40.43233],[-80.17897,40.43223],[-80.17088,40.43124],[-80.17101,40.43207],[-80.17217,40.43358],[-80.17286,40.43553],[-80.17251,40.43621],[-80.17167,40.43619],[-80.16917,40.43642],[-80.16708,40.43655],[-80.16216,40.43667],[-80.16012,40.43922],[-80.16003,40.43986],[-80.15825,40.43902],[-80.15795,40.43875],[-80.15787,40.43847],[-80.15779,40.43657],[-80.1577,40.43624],[-80.15747,40.43572],[-80.14847,40.43502],[-80.14864,40.4328],[-80.14907,40.43304],[-80.14959,40.43317],[-80.1499,40.43202],[-80.15005,40.43203],[-80.15369,40.42781],[-80.15158,40.42743],[-80.15135,40.42591],[-80.15152,40.42537],[-80.15147,40.42536],[-80.15159,40.42495],[-80.15,40.42466],[-80.15111,40.42316],[-80.15117,40.42319],[-80.15135,40.42295],[-80.15129,40.42293],[-80.15147,40.42269],[-80.15153,40.42271],[-80.15206,40.422],[-80.15364,40.4222],[-80.15481,40.41949],[-80.1535,40.41937],[-80.15406,40.41835],[-80.15406,40.41774],[-80.15427,40.41724],[-80.15452,40.41632],[-80.1547,40.41587],[-80.15482,40.41561],[-80.15508,40.41531],[-80.15522,40.41506],[-80.15526,40.41469],[-80.15515,40.41381],[-80.15516,40.4135],[-80.15591,40.41199],[-80.15616,40.4119],[-80.15777,40.41205],[-80.15988,40.41196],[-80.16036,40.412],[-80.16065,40.41214],[-80.16117,40.41253],[-80.16107,40.41343],[-80.1619,40.41333],[-80.16203,40.41358],[-80.16204,40.41374],[-80.16236,40.41427],[-80.16279,40.4148],[-80.16298,40.41493],[-80.16348,40.41505],[-80.16449,40.41516],[-80.16532,40.41533],[-80.16558,40.41549],[-80.16581,40.41585],[-80.16598,40.41594],[-80.16729,40.41601],[-80.16897,40.41592],[-80.16937,40.41603],[-80.16964,40.41621],[-80.16975,40.41639],[-80.16979,40.41684],[-80.1696,40.41795],[-80.16967,40.41822],[-80.16994,40.41877],[-80.16995,40.41904],[-80.16987,40.41977],[-80.16996,40.42019],[-80.17012,40.42043],[-80.17055,40.42071],[-80.1722,40.42134],[-80.17363,40.42224],[-80.17439,40.42266],[-80.17532,40.4239],[-80.17558,40.42452],[-80.17647,40.4261],[-80.17672,40.42645],[-80.17844,40.42793],[-80.17789,40.42813],[-80.17939,40.42928],[-80.18049,40.42973],[-80.18066,40.4296],[-80.18201,40.43036],[-80.18245,40.43097],[-80.17935,40.43233]]]},"properties":{"name":"Settlers Cabin","municipality":null,"kind":"county_park"}},{"type":"Feature","geometry":{"type":"MultiPolygon","coordinates":[[[[-79.70379,40.66472],[-79.70298,40.66549],[-79.70293,40.66546],[-79.70272,40.66568],[-79.70278,40.66573],[-79.70267,40.66584],[-79.70188,40.66653],[-79.70056,40.66658],[-79.70056,40.66651],[-79.69971,40.66653],[-79.69971,40.66661],[-79.6993,40.66661],[-79.69923,40.66694],[-79.69755,40.66693],[-79.69777,40.66645],[-79.69764,40.66222],[-79.6974,40.66223],[-79.6974,40.66169],[-79.69704,40.66059],[-79.69665,40.65982],[-79.69563,40.65746],[-79.69689,40.65721],[-79.69566,40.65511],[-79.6955,40.65451],[-79.69253,40.64998],[-79.69375,40.64962],[-79.69416,40.649],[-79.69327,40.64903],[-79.69326,40.64873],[-79.69277,40.64888],[-79.69238,40.64475],[-79.69345,40.64468],[-79.69349,40.6443],[-79.69321,40.64421],[-79.69378,40.64233],[-79.69543,40.64121],[-79.69667,40.64022],[-79.69741,40.6401],[-79.69619,40.64266],[-79.69764,40.64307],[-79.69739,40.64358],[-79.69855,40.64354],[-79.69859,40.64405],[-79.69996,40.64402],[-79.69998,40.64443],[-79.7008,40.64463],[-79.70058,40.64514],[-79.70101,40.64525],[-79.70124,40.64474],[-79.70377,40.64532],[-79.70339,40.64591],[-79.70392,40.64696],[-79.70423,40.64683],[-79.70509,40.64812],[-79.70479,40.64822],[-79.70505,40.64822],[-79.70541,40.64933],[-79.7048,40.64943],[-79.70462,40.64957],[-79.70415,40.64956],[-79.70409,40.65145],[-79.70422,40.65146],[-79.70409,40.65209],[-79.7072,40.65248],[-79.70759,40.65095],[-79.70821,40.65089],[-79.70828,40.65094],[-79.70795,40.65241],[-79.70784,40.65246],[-79.70782,40.65256],[-79.70788,40.65264],[-79.70772,40.6533],[-79.70711,40.65322],[-79.70705,40.65349],[-79.7067,40.65344],[-79.70648,40.65438],[-79.70717,40.65437],[-79.70713,40.6545],[-79.70703,40.65453],[-79.70699,40.65461],[-79.70701,40.65467],[-79.70712,40.65472],[-79.70712,40.65483],[-79.70721,40.65484],[-79.70719,40.6554],[-79.70723,40.65541],[-79.70722,40.65555],[-79.70726,40.65555],[-79.70731,40.65584],[-79.70732,40.65666],[-79.70728,40.65667],[-79.70746,40.65755],[-79.70757,40.65851],[-79.70768,40.65877],[-79.70769,40.65901],[-79.7076,40.65901],[-79.7076,40.65917],[-79.70751,40.65917],[-79.70744,40.65954],[-79.70753,40.65955],[-79.70756,40.65987],[-79.70764,40.65988],[-79.70762,40.66002],[-79.7077,40.66003],[-79.70764,40.66028],[-79.70761,40.66027],[-79.70735,40.66092],[-79.70729,40.66091],[-79.70708,40.66126],[-79.70687,40.66148],[-79.70683,40.66146],[-79.70675,40.66157],[-79.70671,40.66156],[-79.70655,40.66178],[-79.70658,40.66179],[-79.70632,40.6622],[-79.70635,40.66221],[-79.70615,40.66243],[-79.70619,40.66245],[-79.70598,40.66266],[-79.70603,40.66269],[-79.70527,40.66326],[-79.70511,40.66351],[-79.70477,40.66383],[-79.70449,40.66402],[-79.70446,40.664],[-79.70423,40.66421],[-79.70406,40.66447],[-79.70379,40.66472]]],[[[-79.70035,40.66589],[-79.70031,40.66507],[-79.69934,40.66511],[-79.69932,40.66592],[-79.70035,40.66589]]],[[[-79.69629,40.66684],[-79.69644,40.6665],[-79.6968,40.66651],[-79.69663,40.66712],[-79.69591,40.66815],[-79.69478,40.66816],[-79.69485,40.66803],[-79.69595,40.66725],[-79.69629,40.66684]]],[[[-79.69492,40.6705],[-79.69457,40.67094],[-79.69446,40.67083],[-79.69492,40.6705]]],[[[-79.69492,40.6705],[-79.69504,40.67002],[-79.69554,40.66931],[-79.69644,40.66842],[-79.6966,40.66849],[-79.69669,40.66836],[-79.69655,40.66831],[-79.69671,40.66814],[-79.69903,40.66824],[-79.70011,40.6682],[-79.69946,40.66889],[-79.69942,40.66886],[-79.69916,40.66906],[-79.69905,40.66899],[-79.69871,40.66931],[-79.69881,40.66938],[-79.69871,40.66949],[-79.69865,40.66945],[-79.69837,40.66964],[-79.69832,40.66961],[-79.6982,40.66972],[-79.69688,40.66971],[-79.69589,40.67106],[-79.69582,40.67019],[-79.69571,40.67018],[-79.69573,40.66978],[-79.69554,40.66972],[-79.69557,40.66968],[-79.69546,40.66967],[-79.69524,40.67011],[-79.69492,40.6705]]],[[[-79.69537,40.67079],[-79.69507,40.67113],[-79.69471,40.67092],[-79.69533,40.67017],[-79.69537,40.67079]]],[[[-79.69539,40.67128],[-79.69523,40.67121],[-79.69538,40.67107],[-79.69539,40.67128]]]]},"properties":{"name":"Harrison Hills","municipality":null,"kind":"county_park"}},{"type":"Feature","geometry":{"type":"MultiPolygon","coordinates":[[[[-79.97421,40.58097],[-79.97479,40.58092],[-79.97467,40.58105],[-79.97309,40.58196],[-79.97283,40.58216],[-79.97262,40.5824],[-79.97247,40.58266],[-79.97239,40.58301],[-79.97239,40.58329],[-79.97248,40.58356],[-79.97135,40.58335],[-79.97086,40.58254],[-79.97151,40.58165],[-79.97243,40.58115],[-79.97421,40.58097]]],[[[-79.98196,40.59938],[-79.98002,40.59939],[-79.98104,40.59849],[-79.98208,40.59706],[-79.98289,40.59691],[-79.9828,40.59741],[-79.98286,40.59777],[-79.98283,40.59797],[-79.98233,40.59892],[-79.98204,40.59933],[-79.98196,40.59938]]],[[[-79.99571,40.59744],[-79.99499,40.59789],[-79.99346,40.59815],[-79.99205,40.59876],[-79.99081,40.59544],[-79.99141,40.59572],[-79.99144,40.59588],[-79.99227,40.59611],[-79.99283,40.59651],[-79.99316,40.59684],[-79.99365,40.5969],[-79.99398,40.5968],[-79.99392,40.5965],[-79.99464,40.59614],[-79.99431,40.59572],[-79.99424,40.59553],[-79.99437,40.59472],[-79.99447,40.59454],[-79.99413,40.59459],[-79.99071,40.59463],[-79.99027,40.59456],[-79.98977,40.5943],[-79.98863,40.59386],[-79.98775,40.59368],[-79.98732,40.59365],[-79.98619,40.59392],[-79.98579,40.59407],[-79.98558,40.59425],[-79.98479,40.59537],[-79.98464,40.59585],[-79.98445,40.59616],[-79.98422,40.5963],[-79.98256,40.59688],[-79.98231,40.59691],[-79.98165,40.59654],[-79.9817,40.59643],[-79.98031,40.59533],[-79.98013,40.59572],[-79.97996,40.59567],[-79.9798,40.59602],[-79.97963,40.59596],[-79.98026,40.59195],[-79.98096,40.58812],[-79.97818,40.58938],[-79.97364,40.58876],[-79.97378,40.58868],[-79.97383,40.58855],[-79.97445,40.58818],[-79.97568,40.58776],[-79.97629,40.58736],[-79.97654,40.58709],[-79.97676,40.58668],[-79.97684,40.58636],[-79.97681,40.58591],[-79.9767,40.58559],[-79.97652,40.58529],[-79.97626,40.58502],[-79.97594,40.5848],[-79.97557,40.58462],[-79.97518,40.5845],[-79.97407,40.58435],[-79.97424,40.58389],[-79.97268,40.5836],[-79.97256,40.58325],[-79.97263,40.5828],[-79.97289,40.58244],[-79.97357,40.58192],[-79.97483,40.58118],[-79.97508,40.58092],[-79.97525,40.58059],[-79.97532,40.58021],[-79.97527,40.57989],[-79.97509,40.57947],[-79.9756,40.57896],[-79.97632,40.57804],[-79.9765,40.57813],[-79.97733,40.57801],[-79.97787,40.57821],[-79.97866,40.57832],[-79.98016,40.57814],[-79.97954,40.57861],[-79.97985,40.5793],[-79.98053,40.57994],[-79.98109,40.58092],[-79.98209,40.5809],[-79.98632,40.58105],[-79.98633,40.58094],[-79.9901,40.58107],[-79.99018,40.58327],[-79.99504,40.58316],[-79.99513,40.58391],[-79.9983,40.58409],[-79.99859,40.58717],[-79.99943,40.58725],[-80.00009,40.58753],[-80.00052,40.58755],[-80.00126,40.5877],[-80.0015,40.58786],[-80.00152,40.58814],[-80.00857,40.58791],[-80.00851,40.5867],[-80.01287,40.58674],[-80.01327,40.58758],[-80.01397,40.58869],[-80.01435,40.58911],[-80.01464,40.58999],[-80.0147,40.59058],[-80.01465,40.59192],[-80.01436,40.59204],[-80.01445,40.5924],[-80.01435,40.59242],[-80.01447,40.59246],[-80.01448,40.59251],[-80.01439,40.59258],[-80.01445,40.59262],[-80.0145,40.59259],[-80.01469,40.59333],[-80.01495,40.5933],[-80.01594,40.59419],[-80.01692,40.5952],[-80.01757,40.59563],[-80.01826,40.59617],[-80.01877,40.59666],[-80.01908,40.59712],[-80.02214,40.59712],[-80.0223,40.60169],[-80.02219,40.60173],[-80.0223,40.60197],[-80.022,40.60205],[-80.02232,40.60362],[-80.02374,40.60363],[-80.02377,40.60347],[-80.02957,40.60414],[-80.02945,40.60635],[-80.02945,40.60889],[-80.03024,40.6089],[-80.03024,40.60941],[-80.03006,40.60935],[-80.02985,40.60937],[-80.02945,40.60964],[-80.02947,40.60976],[-80.02987,40.60974],[-80.02997,40.612],[-80.02998,40.61451],[-80.0314,40.61493],[-80.03141,40.61582],[-80.03298,40.61589],[-80.03298,40.61658],[-80.03631,40.61665],[-80.03632,40.61678],[-80.04098,40.61687],[-80.04259,40.61607],[-80.04281,40.61632],[-80.0443,40.61613],[-80.04421,40.61574],[-80.04321,40.61453],[-80.0429,40.61456],[-80.04292,40.61413],[-80.04875,40.61419],[-80.0487,40.61154],[-80.04956,40.61151],[-80.05064,40.61295],[-80.05166,40.61292],[-80.05195,40.61421],[-80.05184,40.6142],[-80.05215,40.6154],[-80.05197,40.61542],[-80.05228,40.61664],[-80.05246,40.61664],[-80.05241,40.61906],[-80.05173,40.61906],[-80.05172,40.61965],[-80.0511,40.61966],[-80.05111,40.62048],[-80.05213,40.62047],[-80.05213,40.62061],[-80.05006,40.62055],[-80.05007,40.62092],[-80.04687,40.62085],[-80.04689,40.62002],[-80.04585,40.62],[-80.0458,40.61977],[-80.03691,40.61968],[-80.03701,40.62334],[-80.0378,40.6236],[-80.03838,40.62372],[-80.03792,40.62397],[-80.03765,40.62427],[-80.03721,40.62544],[-80.03735,40.62544],[-80.03772,40.62664],[-80.03381,40.62674],[-80.02902,40.62707],[-80.02887,40.62699],[-80.02871,40.627],[-80.02872,40.62709],[-80.02773,40.62719],[-80.02744,40.61983],[-80.02477,40.61984],[-80.01786,40.62011],[-80.01795,40.62123],[-80.01706,40.62128],[-80.01363,40.62144],[-80.01166,40.62044],[-80.01025,40.62051],[-80.01027,40.62081],[-80.00157,40.62112],[-80.00151,40.61933],[-80.00094,40.61935],[-80.00091,40.6188],[-80.00055,40.61882],[-80.00041,40.61621],[-80.00017,40.61621],[-80.00013,40.61596],[-79.99833,40.61596],[-79.99802,40.61546],[-79.99753,40.61495],[-79.9975,40.61498],[-79.99405,40.61262],[-79.99349,40.61205],[-79.99329,40.61165],[-79.9983,40.61151],[-79.99771,40.60418],[-79.99808,40.60417],[-79.99756,40.60311],[-79.99689,40.60244],[-79.99627,40.60138],[-79.99642,40.60135],[-79.99632,40.6011],[-79.99619,40.60046],[-79.99622,40.60007],[-79.99594,40.60001],[-79.99625,40.59816],[-79.99635,40.59818],[-79.99646,40.59756],[-79.99571,40.59744]]],[[[-80.01523,40.60321],[-80.01481,40.60249],[-80.0139,40.6027],[-80.01374,40.60281],[-80.01367,40.60297],[-80.01391,40.60373],[-80.01523,40.60321]]],[[[-80.01022,40.5906],[-80.01008,40.59029],[-80.00973,40.59037],[-80.00989,40.5907],[-80.01022,40.5906]]],[[[-79.97803,40.58091],[-79.97963,40.58094],[-79.97942,40.58062],[-79.97955,40.58054],[-79.97925,40.58004],[-79.97867,40.57937],[-79.97659,40.57934],[-79.97586,40.57971],[-79.9756,40.58038],[-79.9757,40.58073],[-79.97534,40.58152],[-79.97469,40.58156],[-79.97469,40.58174],[-79.97453,40.5818],[-79.97447,40.5819],[-79.97423,40.58191],[-79.9733,40.58339],[-79.97438,40.58358],[-79.97454,40.58322],[-79.97517,40.58295],[-79.97542,40.58275],[-79.97561,40.58251],[-79.97926,40.58397],[-79.97798,40.58091],[-79.97803,40.58091]]],[[[-79.98049,40.59494],[-79.98153,40.59612],[-79.98406,40.5956],[-79.98448,40.59511],[-79.98347,40.59467],[-79.98185,40.59427],[-79.98069,40.59451],[-79.98049,40.59494]]]]},"properties":{"name":"North Park","municipality":null,"kind":"county_park"}},{"type":"Feature","geometry":{"type":"MultiPolygon","coordinates":[[[[-79.83221,40.24016],[-79.8322,40.24016],[-79.8322,40.24016],[-79.83221,40.24016]]],[[[-79.83342,40.22397],[-79.83382,40.22403],[-79.83354,40.2247],[-79.83423,40.22465],[-79.83426,40.22399],[-79.83431,40.224],[-79.83441,40.22595],[-79.83493,40.22607],[-79.83507,40.22655],[-79.8384,40.22744],[-79.83815,40.2279],[-79.83949,40.22816],[-79.83964,40.22823],[-79.84021,40.22772],[-79.8405,40.22732],[-79.84041,40.22773],[-79.84003,40.22832],[-79.83807,40.22997],[-79.83805,40.2302],[-79.83686,40.23026],[-79.83624,40.23078],[-79.8365,40.23096],[-79.83661,40.23089],[-79.83694,40.23114],[-79.83725,40.23094],[-79.83818,40.23194],[-79.83847,40.23322],[-79.83766,40.23378],[-79.83815,40.23651],[-79.84167,40.23644],[-79.84184,40.23743],[-79.84105,40.23744],[-79.84104,40.23827],[-79.84301,40.23869],[-79.8441,40.23863],[-79.8443,40.23736],[-79.84568,40.23733],[-79.84586,40.23809],[-79.84698,40.23806],[-79.84734,40.23991],[-79.8553,40.23867],[-79.85535,40.2393],[-79.85491,40.24152],[-79.85565,40.24295],[-79.85604,40.24348],[-79.85625,40.24368],[-79.85816,40.24492],[-79.85847,40.24563],[-79.85901,40.24592],[-79.85804,40.24697],[-79.85751,40.24668],[-79.8569,40.24736],[-79.85744,40.24766],[-79.85647,40.24873],[-79.85541,40.24819],[-79.85401,40.24973],[-79.85456,40.25],[-79.85393,40.2507],[-79.85359,40.25053],[-79.85319,40.25099],[-79.8534,40.25142],[-79.85379,40.25181],[-79.85353,40.25229],[-79.85326,40.25304],[-79.85295,40.25502],[-79.85249,40.25478],[-79.85244,40.25486],[-79.85071,40.25432],[-79.84938,40.25424],[-79.84875,40.2541],[-79.84814,40.25416],[-79.84816,40.25426],[-79.84725,40.2543],[-79.84657,40.25447],[-79.84585,40.25487],[-79.84561,40.25468],[-79.84477,40.25519],[-79.84445,40.25495],[-79.84477,40.2544],[-79.84504,40.2541],[-79.84476,40.2525],[-79.8446,40.25223],[-79.84437,40.25198],[-79.84361,40.25153],[-79.84399,40.25081],[-79.84278,40.2502],[-79.84239,40.25091],[-79.84192,40.25064],[-79.84178,40.25052],[-79.84169,40.25036],[-79.84159,40.24969],[-79.84145,40.24938],[-79.83991,40.24756],[-79.83956,40.247],[-79.83953,40.24673],[-79.83943,40.24645],[-79.83901,40.24578],[-79.83937,40.24568],[-79.83911,40.24434],[-79.83843,40.24436],[-79.83847,40.24385],[-79.83829,40.24383],[-79.83803,40.24409],[-79.83801,40.24516],[-79.83927,40.24682],[-79.83936,40.24681],[-79.83937,40.24686],[-79.83165,40.24773],[-79.82918,40.24595],[-79.82999,40.24558],[-79.82907,40.24484],[-79.8276,40.24335],[-79.82696,40.24225],[-79.82675,40.24161],[-79.82684,40.2404],[-79.82516,40.23976],[-79.82445,40.23958],[-79.82469,40.23902],[-79.82344,40.23831],[-79.82033,40.23669],[-79.81985,40.23647],[-79.81913,40.23643],[-79.81947,40.23542],[-79.81939,40.23517],[-79.82002,40.23495],[-79.81907,40.23317],[-79.81855,40.23306],[-79.81877,40.23242],[-79.8202,40.23099],[-79.82066,40.2312],[-79.82083,40.23073],[-79.82624,40.23057],[-79.8263,40.22901],[-79.82773,40.22859],[-79.82837,40.2287],[-79.82952,40.22867],[-79.82831,40.22705],[-79.82737,40.22637],[-79.82786,40.22597],[-79.82834,40.22535],[-79.82864,40.22517],[-79.82873,40.22549],[-79.82892,40.22537],[-79.83019,40.22503],[-79.83112,40.2248],[-79.83113,40.22484],[-79.83275,40.22448],[-79.83278,40.2244],[-79.83289,40.22438],[-79.83284,40.22409],[-79.83342,40.22397]]],[[[-79.82727,40.23853],[-79.82741,40.2402],[-79.82845,40.24038],[-79.82857,40.23984],[-79.82914,40.23991],[-79.82889,40.24051],[-79.82982,40.24035],[-79.82961,40.24081],[-79.83061,40.24064],[-79.83179,40.24024],[-79.83211,40.24017],[-79.8322,40.24016],[-79.83198,40.24041],[-79.83448,40.24035],[-79.83452,40.24028],[-79.83416,40.24021],[-79.83223,40.24008],[-79.83211,40.23896],[-79.83029,40.23926],[-79.83025,40.23934],[-79.82727,40.23853]]],[[[-79.84114,40.24629],[-79.8401,40.24657],[-79.84035,40.24686],[-79.84129,40.2466],[-79.84114,40.24629]]]]},"properties":{"name":"Round Hill","municipality":null,"kind":"county_park"}},{"type":"Feature","geometry":{"type":"Polygon","coordinates":[[[-79.92786,40.57017],[-79.92762,40.57068],[-79.92359,40.5708],[-79.92367,40.57225],[-79.92348,40.57267],[-79.9117,40.57305],[-79.91032,40.57336],[-79.91042,40.57586],[-79.90762,40.57598],[-79.90744,40.57333],[-79.90089,40.57349],[-79.89977,40.56997],[-79.89997,40.56997],[-79.89998,40.56934],[-79.90096,40.56892],[-79.90158,40.56852],[-79.9018,40.56833],[-79.90234,40.56752],[-79.90251,40.56609],[-79.90256,40.56609],[-79.90269,40.56556],[-79.90298,40.56515],[-79.90334,40.56487],[-79.90459,40.56417],[-79.90489,40.56387],[-79.90509,40.56355],[-79.9051,40.56384],[-79.9064,40.5638],[-79.90637,40.56339],[-79.90658,40.56338],[-79.90648,40.56223],[-79.90601,40.56225],[-79.90597,40.56165],[-79.90788,40.55951],[-79.9088,40.55949],[-79.90905,40.56393],[-79.91293,40.56383],[-79.91278,40.56151],[-79.91273,40.55917],[-79.91636,40.55899],[-79.91651,40.56368],[-79.92897,40.56334],[-79.92893,40.56365],[-79.92883,40.5639],[-79.92819,40.56492],[-79.92805,40.56534],[-79.92793,40.5683],[-79.92796,40.56973],[-79.92786,40.57017]]]},"properties":{"name":"Hartwood Acres","municipality":null,"kind":"county_park"}},{"type":"Feature","geometry":{"type":"Polygon","coordinates":[[[-80.0008,40.28736],[-80.00171,40.28727],[-80.00252,40.28737],[-80.00319,40.28761],[-80.00433,40.2883],[-80.00466,40.28839],[-80.00533,40.28848],[-80.00577,40.28905],[-80.00634,40.29148],[-80.00584,40.29336],[-80.00575,40.29397],[-80.00586,40.29393],[-80.00626,40.29511],[-80.00707,40.29662],[-80.00834,40.29787],[-80.00803,40.29804],[-80.00851,40.29845],[-80.00883,40.29827],[-80.01002,40.29936],[-80.00442,40.30287],[-80.00549,40.30476],[-80.00527,40.30604],[-80.00935,40.30768],[-80.01062,40.30827],[-80.01024,40.30855],[-80.01308,40.30956],[-80.01294,40.30972],[-80.01576,40.31204],[-80.01771,40.31355],[-80.01845,40.31541],[-80.01893,40.31677],[-80.01951,40.3199],[-80.02079,40.31941],[-80.02072,40.31997],[-80.02075,40.32032],[-80.02088,40.32073],[-80.02113,40.32113],[-80.02154,40.32155],[-80.02575,40.32514],[-80.02588,40.32583],[-80.02486,40.32591],[-80.02462,40.32563],[-80.02377,40.32731],[-80.02206,40.32714],[-80.02222,40.32886],[-80.022,40.32915],[-80.02184,40.32956],[-80.0218,40.33],[-80.0219,40.33043],[-80.0218,40.33071],[-80.02064,40.33301],[-80.01662,40.32817],[-80.01302,40.3306],[-80.01345,40.3315],[-80.01276,40.33221],[-80.01474,40.33265],[-80.01196,40.33609],[-80.00997,40.33524],[-80.00865,40.33685],[-80.00666,40.33622],[-80.00532,40.33574],[-80.00499,40.33557],[-80.00187,40.33354],[-80.001,40.3331],[-80.00049,40.33291],[-79.99869,40.33246],[-79.99701,40.33173],[-79.99409,40.33075],[-79.99315,40.33053],[-79.99379,40.32909],[-79.98968,40.32811],[-79.9913,40.32734],[-79.99184,40.32765],[-79.99216,40.32749],[-79.99223,40.32741],[-79.9919,40.32706],[-79.99051,40.3245],[-79.99158,40.32436],[-79.99155,40.32422],[-79.99146,40.32404],[-79.99021,40.32311],[-79.99594,40.32241],[-79.99647,40.32058],[-79.99573,40.32068],[-79.99609,40.31956],[-79.99614,40.31923],[-79.99597,40.31801],[-79.99587,40.31764],[-79.99551,40.31716],[-79.99538,40.3169],[-79.99545,40.31601],[-79.99539,40.31579],[-79.99526,40.3156],[-79.99411,40.31476],[-79.99399,40.31488],[-79.99373,40.31501],[-79.99267,40.31543],[-79.99235,40.31551],[-79.99141,40.31442],[-79.99154,40.31369],[-79.99153,40.31351],[-79.99171,40.31348],[-79.99139,40.31302],[-79.99052,40.31097],[-79.99025,40.3102],[-79.99023,40.30996],[-79.99029,40.3097],[-79.99052,40.30927],[-79.99085,40.30893],[-79.99159,40.30837],[-79.99183,40.30808],[-79.99194,40.3078],[-79.99162,40.30776],[-79.99094,40.30741],[-79.9906,40.307],[-79.99243,40.30525],[-79.99259,40.30527],[-79.99278,40.30495],[-79.99146,40.3043],[-79.99378,40.30211],[-79.99409,40.30229],[-79.99509,40.30134],[-79.99532,40.30227],[-79.99545,40.30229],[-80.00035,40.30032],[-80.00021,40.29745],[-79.99782,40.29563],[-79.99828,40.29443],[-79.99967,40.29298],[-80.00126,40.29249],[-80.00126,40.29093],[-80.00246,40.29059],[-80.00141,40.29037],[-79.99977,40.29013],[-80.00018,40.28865],[-80.00014,40.28763],[-80.00082,40.28741],[-80.0008,40.28736]]]},"properties":{"name":"South Park","municipality":null,"kind":"county_park"}},{"type":"Feature","geometry":{"type":"Polygon","coordinates":[[[-79.75553,40.45917],[-79.75716,40.45914],[-79.75714,40.45861],[-79.75763,40.45861],[-79.75775,40.45867],[-79.75795,40.45914],[-79.75864,40.46011],[-79.75878,40.46287],[-79.75863,40.46287],[-79.75825,40.46369],[-79.75892,40.46388],[-79.75828,40.46521],[-79.75723,40.46652],[-79.75692,40.46714],[-79.75533,40.46866],[-79.75491,40.46966],[-79.75471,40.47028],[-79.75473,40.47044],[-79.7556,40.47095],[-79.75595,40.47134],[-79.75634,40.47245],[-79.75647,40.47309],[-79.75348,40.47338],[-79.75386,40.47439],[-79.75191,40.47475],[-79.75214,40.47547],[-79.75196,40.47549],[-79.75123,40.47452],[-79.74971,40.47523],[-79.75069,40.47647],[-79.74773,40.47668],[-79.74774,40.47709],[-79.74687,40.47713],[-79.74661,40.47677],[-79.74624,40.47679],[-79.74523,40.47541],[-79.74393,40.4758],[-79.74392,40.47472],[-79.74367,40.47429],[-79.73659,40.47758],[-79.73608,40.47776],[-79.73584,40.47743],[-79.73665,40.47741],[-79.73661,40.47669],[-79.73587,40.47668],[-79.73583,40.47591],[-79.73503,40.47619],[-79.73388,40.47499],[-79.73377,40.47483],[-79.73372,40.47465],[-79.73377,40.47396],[-79.73374,40.4737],[-79.73358,40.47337],[-79.73327,40.47303],[-79.73368,40.47275],[-79.73253,40.47181],[-79.73244,40.47187],[-79.73236,40.47178],[-79.73181,40.47179],[-79.73143,40.47117],[-79.73121,40.47046],[-79.73122,40.46903],[-79.73118,40.46849],[-79.73257,40.46847],[-79.73244,40.46534],[-79.73311,40.46533],[-79.7331,40.46475],[-79.73319,40.46475],[-79.73315,40.46311],[-79.73291,40.46312],[-79.73283,40.46021],[-79.7377,40.46014],[-79.73967,40.46015],[-79.74013,40.46029],[-79.74026,40.4602],[-79.74038,40.46024],[-79.74026,40.4602],[-79.74053,40.4602],[-79.74069,40.46028],[-79.74084,40.46055],[-79.741,40.46047],[-79.7393,40.45777],[-79.73887,40.4577],[-79.73647,40.45651],[-79.73619,40.45627],[-79.73572,40.45561],[-79.73532,40.45527],[-79.73702,40.45446],[-79.73591,40.45264],[-79.74022,40.45163],[-79.74042,40.45236],[-79.74466,40.45178],[-79.7447,40.45478],[-79.74573,40.45478],[-79.74474,40.45599],[-79.74462,40.45652],[-79.74456,40.45658],[-79.74459,40.45671],[-79.74502,40.45668],[-79.74552,40.45671],[-79.74784,40.45717],[-79.74821,40.45735],[-79.74925,40.45815],[-79.7497,40.4584],[-79.75137,40.45909],[-79.75157,40.459],[-79.75198,40.45867],[-79.75308,40.45943],[-79.75397,40.45985],[-79.75528,40.45921],[-79.75526,40.45917],[-79.75553,40.45917]]]},"properties":{"name":"Boyce Park","municipality":null,"kind":"county_park"}},{"type":"Feature","geometry":{"type":"Polygon","coordinates":[[[-79.80977,40.62446],[-79.81007,40.62338],[-79.81013,40.62298],[-79.80982,40.62222],[-79.80965,40.62197],[-79.80916,40.6216],[-79.809,40.62132],[-79.80896,40.62115],[-79.80901,40.62001],[-79.80879,40.61939],[-79.80864,40.61862],[-79.8084,40.61798],[-79.80823,40.61769],[-79.80768,40.61701],[-79.80709,40.61661],[-79.80683,40.61617],[-79.80608,40.6159],[-79.80582,40.61566],[-79.80532,40.61457],[-79.80499,40.61279],[-79.80433,40.6118],[-79.80407,40.61158],[-79.80347,40.61123],[-79.80346,40.61117],[-79.80402,40.61075],[-79.80432,40.6106],[-79.80604,40.61021],[-79.8071,40.6101],[-79.80815,40.61028],[-79.80891,40.61078],[-79.81039,40.61144],[-79.81056,40.6117],[-79.81054,40.61175],[-79.80997,40.61176],[-79.80985,40.61234],[-79.81025,40.61231],[-79.81176,40.61291],[-79.8115,40.61207],[-79.81163,40.6121],[-79.81269,40.61376],[-79.81318,40.61372],[-79.81302,40.61216],[-79.81404,40.61217],[-79.8141,40.61275],[-79.81628,40.61269],[-79.81625,40.61203],[-79.81468,40.61207],[-79.81513,40.6117],[-79.81574,40.6113],[-79.81719,40.61077],[-79.81781,40.61032],[-79.81849,40.61006],[-79.81983,40.60931],[-79.82022,40.60921],[-79.82035,40.60921],[-79.82062,40.61026],[-79.82142,40.6103],[-79.8216,40.61083],[-79.82192,40.61129],[-79.82231,40.61168],[-79.82277,40.61196],[-79.8226,40.6131],[-79.82336,40.61337],[-79.82355,40.61309],[-79.82448,40.61335],[-79.8249,40.6127],[-79.82657,40.61326],[-79.8269,40.6135],[-79.82711,40.61384],[-79.82719,40.61502],[-79.82728,40.61532],[-79.82749,40.6156],[-79.82785,40.61585],[-79.82744,40.61636],[-79.82785,40.61655],[-79.82857,40.61665],[-79.82886,40.6163],[-79.82921,40.61646],[-79.83017,40.6171],[-79.83077,40.6174],[-79.83086,40.61753],[-79.83085,40.61851],[-79.8313,40.61844],[-79.83135,40.61989],[-79.83187,40.62201],[-79.83241,40.62346],[-79.83227,40.62363],[-79.83119,40.62335],[-79.83122,40.62443],[-79.8316,40.62444],[-79.83117,40.62528],[-79.83119,40.62581],[-79.83074,40.62611],[-79.83048,40.62639],[-79.82968,40.62785],[-79.82944,40.62812],[-79.82838,40.62892],[-79.82765,40.62957],[-79.82723,40.62936],[-79.82703,40.62957],[-79.82744,40.62979],[-79.8269,40.63043],[-79.82662,40.63065],[-79.82641,40.63044],[-79.82518,40.63096],[-79.8253,40.63119],[-79.82102,40.63347],[-79.82064,40.63289],[-79.81954,40.63328],[-79.81981,40.63363],[-79.81977,40.63396],[-79.81864,40.63415],[-79.81881,40.6348],[-79.81843,40.63471],[-79.81817,40.6347],[-79.81612,40.63507],[-79.81461,40.63493],[-79.81461,40.63479],[-79.81408,40.6349],[-79.81411,40.63575],[-79.81173,40.63576],[-79.81182,40.63685],[-79.81176,40.63739],[-79.80845,40.63746],[-79.80827,40.63483],[-79.80821,40.63125],[-79.80903,40.63145],[-79.80902,40.63131],[-79.80825,40.63066],[-79.8082,40.62989],[-79.8081,40.62975],[-79.80774,40.62957],[-79.80473,40.62961],[-79.80482,40.62439],[-79.80916,40.62437],[-79.80924,40.62492],[-79.8091,40.62507],[-79.80903,40.62529],[-79.80892,40.62533],[-79.80893,40.62544],[-79.80941,40.62549],[-79.81133,40.62546],[-79.81129,40.62444],[-79.80977,40.62446]],[[-79.83037,40.62464],[-79.82934,40.62447],[-79.82908,40.62526],[-79.83006,40.62543],[-79.83037,40.62464]],[[-79.80649,40.61419],[-79.80638,40.6138],[-79.8061,40.61383],[-79.80603,40.61343],[-79.80519,40.61352],[-79.80538,40.61431],[-79.80649,40.61419]]]},"properties":{"name":"Deer Lakes","municipality":null,"kind":"county_park"}},{"type":"Feature","geometry":{"type":"MultiPolygon","coordinates":[[[[-79.79134,40.33696],[-79.79076,40.33739],[-79.79024,40.33763],[-79.78932,40.33773],[-79.78934,40.33616],[-79.79138,40.33692],[-79.79134,40.33696]]],[[[-79.79181,40.33734],[-79.79279,40.33726],[-79.79288,40.33708],[-79.79333,40.33698],[-79.79416,40.33541],[-79.7929,40.33489],[-79.79383,40.33337],[-79.79521,40.33253],[-79.79564,40.33215],[-79.79605,40.33163],[-79.79679,40.3309],[-79.797,40.33062],[-79.79711,40.32986],[-79.79703,40.32962],[-79.79691,40.32949],[-79.79766,40.32906],[-79.79815,40.32937],[-79.7992,40.33071],[-79.79978,40.33124],[-79.80123,40.33194],[-79.80147,40.33215],[-79.80199,40.33277],[-79.80176,40.3329],[-79.80194,40.33311],[-79.80168,40.33326],[-79.80176,40.33393],[-79.80179,40.33465],[-79.80253,40.33466],[-79.80251,40.33536],[-79.80269,40.33546],[-79.80291,40.33848],[-79.80289,40.33916],[-79.80323,40.33946],[-79.80295,40.33968],[-79.80228,40.34037],[-79.8009,40.34109],[-79.79888,40.34196],[-79.79885,40.34179],[-79.79816,40.34243],[-79.79877,40.34285],[-79.79792,40.34344],[-79.79859,40.3439],[-79.7976,40.34434],[-79.79656,40.34463],[-79.79638,40.34409],[-79.79563,40.34427],[-79.79582,40.34479],[-79.79525,40.34491],[-79.7952,40.3448],[-79.79424,40.34513],[-79.79334,40.3456],[-79.79322,40.3455],[-79.79275,40.34586],[-79.79286,40.34594],[-79.79258,40.34618],[-79.79232,40.34651],[-79.79194,40.34645],[-79.79167,40.34651],[-79.79164,40.34659],[-79.79082,40.34637],[-79.79038,40.34651],[-79.78919,40.34848],[-79.78745,40.35184],[-79.78724,40.35179],[-79.78704,40.35208],[-79.78454,40.35418],[-79.78282,40.3558],[-79.78089,40.35569],[-79.77925,40.35484],[-79.77965,40.35349],[-79.77991,40.35234],[-79.77864,40.35228],[-79.77935,40.3482],[-79.77498,40.34964],[-79.77627,40.34428],[-79.77657,40.34322],[-79.77666,40.34319],[-79.7769,40.34171],[-79.77758,40.33965],[-79.77781,40.33962],[-79.77867,40.33526],[-79.77952,40.3351],[-79.78092,40.33431],[-79.78197,40.33403],[-79.78237,40.33374],[-79.7826,40.33343],[-79.78277,40.3334],[-79.78327,40.33495],[-79.78329,40.33595],[-79.78417,40.33553],[-79.78455,40.33662],[-79.78389,40.33694],[-79.78407,40.33761],[-79.78441,40.33861],[-79.78517,40.34037],[-79.78603,40.34153],[-79.78655,40.34112],[-79.78577,40.33996],[-79.78647,40.33945],[-79.78848,40.33836],[-79.78845,40.33833],[-79.78927,40.33788],[-79.78968,40.3378],[-79.79027,40.33785],[-79.79062,40.33776],[-79.79137,40.33716],[-79.79181,40.33734]]]]},"properties":{"name":"White Oak Park","municipality":null,"kind":"county_park"}},{"type":"Feature","geometry":{"type":"Polygon","coordinates":[[[-80.07348,40.51367],[-80.07373,40.51397],[-80.07378,40.51484],[-80.07253,40.51486],[-80.07252,40.51481],[-80.07291,40.51445],[-80.07317,40.51381],[-80.07337,40.51366],[-80.07348,40.51367]]]},"properties":{"name":"BEN AVON HEIGHTS PARK","municipality":"BEN AVON HEIGHTS BOROUGH","kind":"municipal_park"}},{"type":"Feature","geometry":{"type":"Polygon","coordinates":[[[-80.08244,40.52183],[-80.08243,40.5215],[-80.08193,40.52148],[-80.08218,40.51852],[-80.08867,40.51832],[-80.08871,40.51921],[-80.08848,40.51951],[-80.08838,40.51972],[-80.08825,40.52084],[-80.08802,40.52121],[-80.0876,40.52153],[-80.08727,40.52166],[-80.08691,40.5217],[-80.0859,40.52157],[-80.08554,40.52158],[-80.08533,40.52164],[-80.08363,40.52246],[-80.08316,40.52253],[-80.0818,40.52262],[-80.08189,40.52186],[-80.08244,40.52183]]]},"properties":{"name":"AVONWORTH COMMUNITY PARK","municipality":"KILBUCK TOWNSHIP","kind":"municipal_park"}},{"type":"Feature","geometry":{"type":"Polygon","coordinates":[[[-79.75749,40.65921],[-79.75749,40.65803],[-79.75836,40.6584],[-79.75872,40.65842],[-79.75937,40.6581],[-79.75946,40.65918],[-79.75749,40.65921]]]},"properties":{"name":"FAWN TOWNSHIP COMMUNITY PARK","municipality":"FAWN TOWNSHIP","kind":"municipal_park"}},{"type":"Feature","geometry":{"type":"Polygon","coordinates":[[[-79.7193,40.61342],[-79.7219,40.60933],[-79.72294,40.60829],[-79.72338,40.60807],[-79.72352,40.60821],[-79.72289,40.60856],[-79.72233,40.60908],[-79.72221,40.60936],[-79.72198,40.60957],[-79.72082,40.61141],[-79.72022,40.61267],[-79.71953,40.61351],[-79.7193,40.61342]]]},"properties":{"name":"FRED C SKWIRUT MEMORIAL PARK","municipality":"HARRISON TOWNSHIP","kind":"municipal_park"}},{"type":"Feature","geometry":{"type":"Polygon","coordinates":[[[-79.74347,40.60268],[-79.74277,40.60206],[-79.74446,40.60174],[-79.74525,40.60163],[-79.74589,40.60144],[-79.74665,40.60135],[-79.74679,40.60141],[-79.74689,40.60162],[-79.74703,40.60174],[-79.74704,40.60181],[-79.74711,40.60178],[-79.74704,40.60132],[-79.74717,40.60115],[-79.74876,40.60084],[-79.74923,40.60069],[-79.75028,40.60027],[-79.75296,40.59934],[-79.75325,40.59975],[-79.75281,40.59983],[-79.74977,40.60088],[-79.74726,40.60189],[-79.74574,40.60239],[-79.74347,40.60268]]]},"properties":{"name":"TARENTUM PARK","municipality":"TARENTUM BOROUGH","kind":"municipal_park"}},{"type":"Feature","geometry":{"type":"Polygon","coordinates":[[[-80.08268,40.38755],[-80.08279,40.38739],[-80.08284,40.38741],[-80.08293,40.38731],[-80.08291,40.38729],[-80.08335,40.38742],[-80.08401,40.38751],[-80.08461,40.38737],[-80.0845,40.38807],[-80.08255,40.38776],[-80.08268,40.38755]]]},"properties":{"name":"MUNICIPAL PARK BASEBALL FIELD","municipality":"SCOTT TOWNSHIP","kind":"municipal_park"}},{"type":"Feature","geometry":{"type":"Polygon","coordinates":[[[-80.08068,40.36507],[-80.08074,40.36492],[-80.08117,40.36501],[-80.08112,40.36515],[-80.08068,40.36507]]]},"properties":{"name":"SILLVIEW PARK","municipality":"SCOTT TOWNSHIP","kind":"municipal_park"}},{"type":"Feature","geometry":{"type":"Polygon","coordinates":[[[-80.08609,40.39604],[-80.08626,40.39548],[-80.08645,40.39559],[-80.08646,40.39571],[-80.08609,40.39604]]]},"properties":{"name":"PATTYS PARK","municipality":"SCOTT TOWNSHIP","kind":"municipal_park"}},{"type":"Feature","geometry":{"type":"Polygon","coordinates":[[[-80.08923,40.39416],[-80.08917,40.39449],[-80.08903,40.39447],[-80.08908,40.39415],[-80.08923,40.39416]]]},"properties":{"name":"ZERO STREET TOT LOT","municipality":"HOMESTEAD BOROUGH","kind":"municipal_park"}},{"type":"Feature","geometry":{"type":"Polygon","coordinates":[[[-80.08686,40.39248],[-80.08711,40.39249],[-80.0871,40.39263],[-80.0869,40.39262],[-80.08686,40.39248]]]},"properties":{"name":"WASHINGTON STREET PARKLET","municipality":"HOMESTEAD BOROUGH","kind":"municipal_park"}},{"type":"Feature","geometry":{"type":"Polygon","coordinates":[[[-80.09232,40.40163],[-80.09249,40.40161],[-80.0927,40.40179],[-80.0925,40.40192],[-80.09223,40.4017],[-80.09232,40.40163]]]},"properties":{"name":"IRISHTOWN TOT LOT","municipality":"CARNEGIE BOROUGH","kind":"municipal_park"}},{"type":"Feature","geometry":{"type":"Polygon","coordinates":[[[-80.00789,40.3772],[-80.00785,40.37581],[-80.00816,40.37561],[-80.00844,40.37527],[-80.00842,40.3752],[-80.00879,40.37547],[-80.00864,40.37578],[-80.01048,40.37631],[-80.01106,40.37685],[-80.0108,40.37699],[-80.00891,40.37664],[-80.00872,40.37693],[-80.0085,40.37708],[-80.0085,40.37699],[-80.00828,40.37685],[-80.00789,40.3772]]]},"properties":{"name":"RIEHL PARK","municipality":"CASTLE SHANNON BOROUGH","kind":"municipal_park"}},{"type":"Feature","geometry":{"type":"Polygon","coordinates":[[[-80.00918,40.36663],[-80.00925,40.36632],[-80.01052,40.36731],[-80.00964,40.36791],[-80.00937,40.36769],[-80.00951,40.36752],[-80.00938,40.36732],[-80.00942,40.36707],[-80.00918,40.36663]]]},"properties":{"name":"MUNICIPAL CENTER FIELD","municipality":"CASTLE SHANNON BOROUGH","kind":"municipal_park"}},{"type":"Feature","geometry":{"type":"Polygon","coordinates":[[[-80.02158,40.36854],[-80.02178,40.36907],[-80.02173,40.36909],[-80.02137,40.36865],[-80.02146,40.36852],[-80.02158,40.36854]]]},"properties":{"name":"MYRTLE CHESTNUT PARKLET","municipality":"CASTLE SHANNON BOROUGH","kind":"municipal_park"}},{"type":"Feature","geometry":{"type":"Polygon","coordinates":[[[-80.0245,40.36327],[-80.02471,40.36359],[-80.02418,40.36375],[-80.0241,40.36374],[-80.0241,40.36367],[-80.0245,40.36327]]]},"properties":{"name":"PROSPECT PARKLET","municipality":"CASTLE SHANNON BOROUGH","kind":"municipal_park"}},{"type":"Feature","geometry":{"type":"Polygon","coordinates":[[[-79.97344,40.3736],[-79.97362,40.3749],[-79.9748,40.37484],[-79.97493,40.37524],[-79.97542,40.37513],[-79.97542,40.37527],[-79.97497,40.37537],[-79.97456,40.37562],[-79.97453,40.37602],[-79.97459,40.37634],[-79.97355,40.37701],[-79.96809,40.37454],[-79.97344,40.3736]]]},"properties":{"name":"BRENTWOOD PARK","municipality":"BRENTWOOD BOROUGH","kind":"municipal_park"}},{"type":"Feature","geometry":{"type":"Polygon","coordinates":[[[-79.91003,40.40243],[-79.91048,40.40208],[-79.911,40.40247],[-79.91134,40.40261],[-79.91169,40.4031],[-79.91065,40.40278],[-79.91003,40.40243]]]},"properties":{"name":"MCLEAN PLAYGROUND","municipality":"HOMESTEAD BOROUGH","kind":"municipal_park"}},{"type":"Feature","geometry":{"type":"Polygon","coordinates":[[[-79.77854,40.45376],[-79.77853,40.4538],[-79.77842,40.45379],[-79.77756,40.45364],[-79.77755,40.45297],[-79.77779,40.45299],[-79.77787,40.45333],[-79.77816,40.45328],[-79.77821,40.45347],[-79.77838,40.45344],[-79.77849,40.45377],[-79.77854,40.45376]]]},"properties":{"name":"GREENLEAF PARK","municipality":"MONROEVILLE MUNICIPALITY","kind":"municipal_park"}},{"type":"Feature","geometry":{"type":"Polygon","coordinates":[[[-79.79033,40.44688],[-79.78947,40.44672],[-79.78949,40.44631],[-79.78968,40.44569],[-79.78969,40.44515],[-79.78924,40.44515],[-79.78924,40.44499],[-79.78969,40.44498],[-79.78968,40.44383],[-79.79076,40.44421],[-79.79042,40.44473],[-79.79277,40.44502],[-79.7928,40.44513],[-79.79186,40.44537],[-79.79133,40.44613],[-79.7904,40.4469],[-79.79033,40.44688]]]},"properties":{"name":"COTTONWOOD PARK","municipality":"MONROEVILLE MUNICIPALITY","kind":"municipal_park"}},{"type":"Feature","geometry":{"type":"Polygon","coordinates":[[[-79.72425,40.49942],[-79.72405,40.49913],[-79.72407,40.49908],[-79.72476,40.49868],[-79.72488,40.4985],[-79.72497,40.4982],[-79.72548,40.49838],[-79.72631,40.49839],[-79.72469,40.49927],[-79.72434,40.49944],[-79.72425,40.49942]]]},"properties":{"name":"RENTON PARK","municipality":"PLUM BOROUGH","kind":"municipal_park"}},{"type":"Feature","geometry":{"type":"Polygon","coordinates":[[[-79.75658,40.50591],[-79.7614,40.50353],[-79.76183,40.50394],[-79.76275,40.50449],[-79.76272,40.50454],[-79.76242,40.50469],[-79.76147,40.5051],[-79.76024,40.50522],[-79.75957,40.50541],[-79.75703,40.50672],[-79.75654,40.50688],[-79.75541,40.50714],[-79.75455,40.5076],[-79.75406,40.50775],[-79.75257,40.50793],[-79.75176,40.5081],[-79.75136,40.50775],[-79.75147,40.50735],[-79.75466,40.50656],[-79.75658,40.50591]]]},"properties":{"name":"PLUM CREEK PARK","municipality":"PLUM BOROUGH","kind":"municipal_park"}},{"type":"Feature","geometry":{"type":"Polygon","coordinates":[[[-79.72391,40.47783],[-79.7213,40.47671],[-79.7206,40.47679],[-79.72044,40.47534],[-79.72049,40.47473],[-79.72019,40.4747],[-79.72007,40.47448],[-79.72006,40.47435],[-79.72055,40.47433],[-79.7206,40.47417],[-79.71973,40.47262],[-79.72075,40.47215],[-79.7205,40.47183],[-79.72032,40.47169],[-79.72071,40.47132],[-79.72121,40.47131],[-79.72257,40.47193],[-79.7228,40.47345],[-79.72343,40.47384],[-79.72474,40.47391],[-79.72505,40.47398],[-79.72594,40.4735],[-79.72587,40.4755],[-79.72686,40.47747],[-79.72451,40.47859],[-79.72391,40.47783]]]},"properties":{"name":"LARRY MILLS PARK","municipality":"PLUM BOROUGH","kind":"municipal_park"}},{"type":"Feature","geometry":{"type":"Polygon","coordinates":[[[-79.83101,40.44218],[-79.83127,40.44111],[-79.83151,40.44114],[-79.83177,40.4408],[-79.83285,40.44071],[-79.83285,40.44065],[-79.83295,40.44065],[-79.83357,40.44107],[-79.83462,40.44192],[-79.8341,40.44323],[-79.83544,40.44509],[-79.83129,40.44455],[-79.83192,40.4423],[-79.83101,40.44218]]]},"properties":{"name":"BULLOCK PENS PARK","municipality":"CHURCHILL BOROUGH","kind":"municipal_park"}},{"type":"Feature","geometry":{"type":"MultiPolygon","coordinates":[[[[-79.82542,40.4102],[-79.8255,40.40975],[-79.82585,40.4098],[-79.8258,40.41025],[-79.82542,40.4102]]],[[[-79.82595,40.41027],[-79.82601,40.40983],[-79.82636,40.40988],[-79.82631,40.41032],[-79.82595,40.41027]]]]},"properties":{"name":"LARIMER AVENUE PLAYGROUND","municipality":"TURTLE CREEK BOROUGH","kind":"municipal_park"}},{"type":"Feature","geometry":{"type":"MultiPolygon","coordinates":[[[[-79.86328,40.42119],[-79.8635,40.42118],[-79.86326,40.42217],[-79.86183,40.42169],[-79.86179,40.42124],[-79.86328,40.42119]]],[[[-79.86362,40.42196],[-79.86397,40.42189],[-79.86412,40.42191],[-79.86399,40.4224],[-79.86356,40.42227],[-79.86362,40.42196]]]]},"properties":{"name":"BRADDOCK HILLS MUNICIPAL BLDG PARK","municipality":"BRADDOCK HILLS BOROUGH","kind":"municipal_park"}},{"type":"Feature","geometry":{"type":"Polygon","coordinates":[[[-79.88395,40.41533],[-79.88352,40.41522],[-79.88386,40.41454],[-79.88358,40.41443],[-79.88385,40.41391],[-79.88437,40.41435],[-79.8847,40.41415],[-79.88475,40.41419],[-79.88432,40.41446],[-79.88497,40.41465],[-79.88443,40.41548],[-79.88395,40.41533]]]},"properties":{"name":"RANKIN FIELD","municipality":"RANKIN BOROUGH","kind":"municipal_park"}},{"type":"Feature","geometry":{"type":"Polygon","coordinates":[[[-79.90506,40.40198],[-79.90452,40.40225],[-79.90431,40.402],[-79.90485,40.40173],[-79.90506,40.40198]]]},"properties":{"name":"CHARLIE BATCH PLAYGROUND","municipality":"HOMESTEAD BOROUGH","kind":"municipal_park"}},{"type":"Feature","geometry":{"type":"Polygon","coordinates":[[[-79.90982,40.40515],[-79.91019,40.40485],[-79.91034,40.40497],[-79.90997,40.40526],[-79.90982,40.40515]]]},"properties":{"name":"PROPEL PLAYGROUND","municipality":"HOMESTEAD BOROUGH","kind":"municipal_park"}},{"type":"Feature","geometry":{"type":"Polygon","coordinates":[[[-79.91329,40.39699],[-79.91311,40.39689],[-79.91216,40.39699],[-79.9116,40.39638],[-79.91174,40.39638],[-79.91169,40.39604],[-79.91289,40.39599],[-79.91333,40.39587],[-79.91371,40.39567],[-79.91417,40.3953],[-79.9144,40.395],[-79.91456,40.39469],[-79.91466,40.39425],[-79.91491,40.39429],[-79.91561,40.39479],[-79.91592,40.39453],[-79.91609,40.39464],[-79.91329,40.39699]]]},"properties":{"name":"CALHOUN COMMUNITY PARK","municipality":"WEST HOMESTEAD BOROUGH","kind":"municipal_park"}},{"type":"Feature","geometry":{"type":"Polygon","coordinates":[[[-79.8953,40.2717],[-79.89458,40.2712],[-79.8941,40.27159],[-79.89388,40.27145],[-79.89539,40.27013],[-79.89677,40.27125],[-79.89644,40.27148],[-79.89633,40.27139],[-79.89563,40.27193],[-79.8953,40.2717]]]},"properties":{"name":"WEST ELIZABETH BALL FIELD","municipality":"WEST ELIZABETH BOROUGH","kind":"municipal_park"}},{"type":"Feature","geometry":{"type":"Polygon","coordinates":[[[-79.90103,40.27092],[-79.90127,40.27075],[-79.90174,40.27113],[-79.90128,40.27132],[-79.9009,40.271],[-79.90103,40.27092]]]},"properties":{"name":"ART CELESTINO PARK","municipality":"WEST ELIZABETH BOROUGH","kind":"municipal_park"}},{"type":"Feature","geometry":{"type":"Polygon","coordinates":[[[-79.88927,40.59821],[-79.88913,40.59715],[-79.89332,40.59702],[-79.89361,40.59749],[-79.89378,40.59878],[-79.89059,40.59904],[-79.89053,40.59818],[-79.88927,40.59821]]]},"properties":{"name":"SIMONETTI FIELD","municipality":"WEST DEER TOWNSHIP","kind":"municipal_park"}},{"type":"Feature","geometry":{"type":"Polygon","coordinates":[[[-79.8541,40.56127],[-79.85391,40.56118],[-79.85385,40.56128],[-79.85343,40.56113],[-79.85352,40.56088],[-79.85366,40.56085],[-79.85434,40.56109],[-79.8542,40.56131],[-79.8541,40.56127]]]},"properties":{"name":"INDIANOLA COMMUNITY PARKLET","municipality":"INDIANA TOWNSHIP","kind":"municipal_park"}},{"type":"Feature","geometry":{"type":"Polygon","coordinates":[[[-79.83268,40.4082],[-79.8331,40.40814],[-79.83305,40.40829],[-79.83266,40.40834],[-79.83262,40.4082],[-79.83268,40.4082]]]},"properties":{"name":"SENECA STREET TOT LOT","municipality":"TURTLE CREEK BOROUGH","kind":"municipal_park"}},{"type":"Feature","geometry":{"type":"Polygon","coordinates":[[[-79.81928,40.40212],[-79.81949,40.40186],[-79.81961,40.40191],[-79.81941,40.40218],[-79.81928,40.40212]]]},"properties":{"name":"SEVENTH STREET PLAYGROUND ","municipality":"TURTLE CREEK BOROUGH","kind":"municipal_park"}},{"type":"Feature","geometry":{"type":"Polygon","coordinates":[[[-79.98544,40.52344],[-79.9859,40.52342],[-79.98594,40.52402],[-79.98547,40.52403],[-79.98544,40.52344]]]},"properties":{"name":"VIENNA WOODS PARKLET","municipality":"SHALER TOWNSHIP","kind":"municipal_park"}},{"type":"Feature","geometry":{"type":"MultiPolygon","coordinates":[[[[-79.94053,40.53981],[-79.9406,40.53949],[-79.94135,40.53937],[-79.94152,40.539],[-79.94128,40.53862],[-79.94068,40.53845],[-79.94081,40.53816],[-79.94123,40.53838],[-79.94205,40.53851],[-79.9424,40.5384],[-79.94272,40.53822],[-79.94305,40.53793],[-79.94317,40.53757],[-79.94301,40.53724],[-79.94436,40.53598],[-79.94463,40.53392],[-79.94219,40.53392],[-79.94221,40.53134],[-79.9426,40.53125],[-79.9439,40.53136],[-79.94461,40.53153],[-79.94527,40.53198],[-79.94547,40.53201],[-79.94567,40.53196],[-79.94639,40.5314],[-79.94724,40.53063],[-79.9476,40.53022],[-79.94758,40.52992],[-79.94697,40.52861],[-79.94806,40.52841],[-79.94817,40.52874],[-79.94887,40.52861],[-79.94885,40.52826],[-79.94905,40.52822],[-79.94934,40.52789],[-79.94952,40.53198],[-79.94852,40.532],[-79.94656,40.53337],[-79.94673,40.53369],[-79.94623,40.53444],[-79.94556,40.53619],[-79.94587,40.53644],[-79.94631,40.53652],[-79.94625,40.53698],[-79.94582,40.53705],[-79.94556,40.53671],[-79.94504,40.53714],[-79.945,40.53743],[-79.945,40.53777],[-79.94546,40.53826],[-79.94598,40.53843],[-79.94563,40.5387],[-79.9443,40.53801],[-79.9427,40.53923],[-79.94269,40.53962],[-79.94372,40.5396],[-79.94372,40.53968],[-79.9433,40.53967],[-79.94329,40.541],[-79.94207,40.53987],[-79.94115,40.53988],[-79.94053,40.53981]]],[[[-79.94523,40.53185],[-79.94488,40.53159],[-79.94547,40.53174],[-79.94643,40.53038],[-79.94483,40.52873],[-79.94319,40.52816],[-79.94318,40.528],[-79.94653,40.5279],[-79.94743,40.53003],[-79.94743,40.53021],[-79.94705,40.53063],[-79.94566,40.53185],[-79.94544,40.53192],[-79.94523,40.53185]]]]},"properties":{"name":"FALL RUN PARK","municipality":"SHALER TOWNSHIP","kind":"municipal_park"}},{"type":"Feature","geometry":{"type":"Polygon","coordinates":[[[-79.86386,40.55389],[-79.86342,40.55369],[-79.86309,40.55399],[-79.86271,40.55348],[-79.8626,40.55315],[-79.86281,40.55248],[-79.86281,40.55224],[-79.86333,40.55223],[-79.86399,40.55247],[-79.86457,40.55249],[-79.8646,40.55289],[-79.86413,40.55296],[-79.86406,40.55302],[-79.86437,40.55352],[-79.86465,40.55417],[-79.86386,40.55389]]]},"properties":{"name":"HIGHBURY PARK","municipality":"HARMAR TOWNSHIP","kind":"municipal_park"}},{"type":"Feature","geometry":{"type":"Polygon","coordinates":[[[-79.8332,40.60178],[-79.83342,40.60187],[-79.83358,40.60214],[-79.83287,40.60235],[-79.83285,40.60229],[-79.83313,40.60181],[-79.8332,40.60178]]]},"properties":{"name":"RUSSELLTON TOT LOT","municipality":"WEST DEER TOWNSHIP","kind":"municipal_park"}},{"type":"Feature","geometry":{"type":"MultiPolygon","coordinates":[[[[-80.03026,40.62891],[-80.03037,40.62806],[-80.03041,40.62713],[-80.03384,40.62694],[-80.03398,40.6289],[-80.03279,40.62882],[-80.03293,40.63074],[-80.03565,40.63485],[-80.03333,40.6348],[-80.0329,40.634],[-80.03216,40.63308],[-80.03172,40.63217],[-80.03114,40.63156],[-80.03092,40.63124],[-80.0307,40.63074],[-80.03026,40.62891]]],[[[-80.03015,40.63016],[-80.02984,40.62904],[-80.02772,40.62775],[-80.0277,40.62734],[-80.02878,40.62725],[-80.0288,40.62737],[-80.02905,40.62735],[-80.02904,40.62723],[-80.03029,40.62714],[-80.03025,40.62805],[-80.03014,40.62881],[-80.03043,40.63013],[-80.03032,40.63079],[-80.03015,40.63016]]],[[[-80.03126,40.63209],[-80.03091,40.63146],[-80.03162,40.63221],[-80.03205,40.63312],[-80.0328,40.63404],[-80.0332,40.6348],[-80.03294,40.63479],[-80.03265,40.63425],[-80.0318,40.63316],[-80.03151,40.63252],[-80.03126,40.63209]]]]},"properties":{"name":"PINE HAVEN PARK","municipality":"PINE TOWNSHIP","kind":"municipal_park"}},{"type":"Feature","geometry":{"type":"MultiPolygon","coordinates":[[[[-80.14536,40.57881],[-80.14543,40.5783],[-80.14291,40.57838],[-80.1421,40.56299],[-80.13911,40.56313],[-80.13991,40.56155],[-80.14244,40.56143],[-80.14261,40.56208],[-80.14413,40.56236],[-80.14655,40.56308],[-80.1477,40.56433],[-80.14939,40.56485],[-80.15134,40.56449],[-80.15144,40.56487],[-80.15151,40.56658],[-80.14957,40.56666],[-80.14833,40.56994],[-80.14917,40.57112],[-80.14866,40.57128],[-80.14779,40.5714],[-80.14698,40.57165],[-80.14555,40.57148],[-80.14287,40.5716],[-80.14287,40.57169],[-80.14562,40.57157],[-80.14702,40.57174],[-80.14788,40.57148],[-80.1488,40.57134],[-80.15041,40.57076],[-80.15049,40.57106],[-80.15073,40.57128],[-80.15104,40.5714],[-80.15179,40.5715],[-80.15218,40.57176],[-80.15223,40.57173],[-80.15239,40.57188],[-80.1582,40.57315],[-80.15827,40.5736],[-80.15824,40.57383],[-80.15781,40.57469],[-80.15753,40.57557],[-80.15725,40.57604],[-80.1568,40.57659],[-80.15654,40.5771],[-80.15632,40.57729],[-80.15586,40.57755],[-80.15539,40.57772],[-80.15535,40.57712],[-80.15117,40.57724],[-80.15134,40.57906],[-80.14745,40.58039],[-80.14624,40.58011],[-80.14527,40.57996],[-80.14497,40.57914],[-80.14536,40.57881]]],[[[-80.17045,40.57656],[-80.17053,40.57622],[-80.1682,40.57636],[-80.16883,40.57541],[-80.16905,40.57526],[-80.16958,40.5751],[-80.16973,40.57495],[-80.1698,40.57478],[-80.16981,40.57423],[-80.16976,40.57396],[-80.16936,40.57287],[-80.16889,40.57177],[-80.16883,40.57151],[-80.16883,40.57106],[-80.16874,40.57063],[-80.16875,40.5704],[-80.16894,40.56987],[-80.16922,40.56958],[-80.16996,40.56925],[-80.17102,40.56909],[-80.17184,40.56886],[-80.17224,40.56854],[-80.17286,40.56766],[-80.17309,40.56752],[-80.17337,40.56749],[-80.17422,40.56772],[-80.17523,40.5679],[-80.17618,40.56818],[-80.17746,40.56837],[-80.17787,40.56848],[-80.17837,40.56874],[-80.17919,40.56941],[-80.17958,40.56965],[-80.18124,40.57023],[-80.18145,40.57332],[-80.18155,40.57679],[-80.17434,40.57673],[-80.17025,40.57662],[-80.17045,40.57656]]],[[[-80.15838,40.57329],[-80.15791,40.57117],[-80.15772,40.57075],[-80.15685,40.56952],[-80.15651,40.56913],[-80.15551,40.5682],[-80.15364,40.56669],[-80.1538,40.56649],[-80.16122,40.56621],[-80.1604,40.56688],[-80.16051,40.56883],[-80.16491,40.5686],[-80.16488,40.568],[-80.16547,40.56781],[-80.16588,40.56745],[-80.16628,40.56723],[-80.16699,40.56671],[-80.16759,40.56675],[-80.1684,40.56652],[-80.16911,40.5665],[-80.1697,40.56635],[-80.17249,40.56601],[-80.1715,40.56434],[-80.17121,40.56341],[-80.16994,40.56333],[-80.16924,40.56339],[-80.16896,40.56347],[-80.16888,40.56273],[-80.16995,40.56231],[-80.17066,40.56234],[-80.17337,40.56228],[-80.17357,40.56257],[-80.17403,40.563],[-80.17467,40.56475],[-80.17471,40.56506],[-80.17467,40.56531],[-80.17441,40.56568],[-80.17385,40.56625],[-80.17307,40.56653],[-80.17279,40.56672],[-80.17274,40.56693],[-80.17292,40.56731],[-80.17292,40.56745],[-80.17267,40.56771],[-80.17215,40.56849],[-80.17191,40.5687],[-80.17144,40.56888],[-80.16997,40.56889],[-80.16904,40.56905],[-80.16862,40.56925],[-80.168,40.5698],[-80.16663,40.57073],[-80.16599,40.57107],[-80.16522,40.57128],[-80.16221,40.57168],[-80.16026,40.57221],[-80.15972,40.5724],[-80.15939,40.57259],[-80.15869,40.57335],[-80.15851,40.57338],[-80.15838,40.57329]]],[[[-80.15675,40.57707],[-80.15692,40.57665],[-80.15739,40.57609],[-80.15768,40.57557],[-80.15792,40.57481],[-80.15807,40.57448],[-80.15912,40.57308],[-80.15946,40.57273],[-80.15969,40.57257],[-80.1607,40.57221],[-80.16219,40.57178],[-80.16478,40.57145],[-80.16577,40.57124],[-80.16626,40.57106],[-80.1667,40.5708],[-80.16808,40.56986],[-80.16867,40.56934],[-80.16895,40.56919],[-80.1693,40.56908],[-80.16986,40.56899],[-80.17106,40.56898],[-80.17003,40.56914],[-80.16965,40.56926],[-80.16907,40.56956],[-80.16879,40.56992],[-80.16861,40.5705],[-80.16871,40.57107],[-80.16872,40.5716],[-80.16965,40.574],[-80.16968,40.57476],[-80.16962,40.57492],[-80.16949,40.57503],[-80.16897,40.57519],[-80.16874,40.57534],[-80.16807,40.57637],[-80.15675,40.57707]]],[[[-80.15672,40.57707],[-80.15963,40.57699],[-80.16084,40.5785],[-80.16265,40.57971],[-80.16234,40.58016],[-80.16411,40.58145],[-80.16449,40.582],[-80.16474,40.58269],[-80.1653,40.58397],[-80.16327,40.5842],[-80.16228,40.58293],[-80.16005,40.58301],[-80.15861,40.58622],[-80.15879,40.58919],[-80.15882,40.59001],[-80.15878,40.59005],[-80.15837,40.5898],[-80.15776,40.57904],[-80.15547,40.57904],[-80.1554,40.57783],[-80.15616,40.57753],[-80.15647,40.57732],[-80.15672,40.57707]]],[[[-80.15396,40.56727],[-80.15394,40.56709],[-80.1554,40.56827],[-80.1564,40.56919],[-80.15676,40.56962],[-80.15772,40.57106],[-80.1582,40.57315],[-80.15239,40.57188],[-80.15223,40.57173],[-80.15228,40.5717],[-80.15223,40.57165],[-80.15191,40.57145],[-80.15165,40.57137],[-80.15097,40.57128],[-80.15075,40.57118],[-80.15061,40.57104],[-80.15053,40.57084],[-80.15054,40.57068],[-80.15076,40.5702],[-80.151,40.56987],[-80.15211,40.56883],[-80.15298,40.56819],[-80.15379,40.56772],[-80.15394,40.56752],[-80.15396,40.56727]]],[[[-80.1746,40.56566],[-80.1748,40.56556],[-80.17488,40.56557],[-80.17772,40.56359],[-80.17776,40.56567],[-80.18028,40.56656],[-80.18109,40.56656],[-80.18124,40.57013],[-80.17961,40.56955],[-80.17924,40.56932],[-80.17845,40.56867],[-80.1779,40.56839],[-80.17748,40.56828],[-80.17616,40.56808],[-80.17522,40.5678],[-80.17409,40.56759],[-80.17306,40.56728],[-80.17286,40.56694],[-80.17291,40.56675],[-80.17317,40.56659],[-80.17389,40.56634],[-80.1746,40.56566]]],[[[-80.15151,40.56658],[-80.15144,40.56487],[-80.15169,40.56547],[-80.15191,40.56577],[-80.15328,40.5666],[-80.15379,40.56697],[-80.15384,40.56729],[-80.1538,40.56754],[-80.15365,40.5677],[-80.15268,40.56827],[-80.15184,40.56892],[-80.15087,40.56985],[-80.15065,40.57016],[-80.15051,40.57052],[-80.15038,40.57066],[-80.15009,40.57081],[-80.14917,40.57112],[-80.14833,40.56994],[-80.14957,40.56666],[-80.15151,40.56658]]],[[[-80.15356,40.56661],[-80.15353,40.56665],[-80.15332,40.56651],[-80.15366,40.56649],[-80.15356,40.56661]]]]},"properties":{"name":"SEWICKLEY HEIGHTS PARK","municipality":"SEWICKLEY HEIGHTS BOROUGH","kind":"municipal_park"}},{"type":"Feature","geometry":{"type":"MultiPolygon","coordinates":[[[[-80.15347,40.54221],[-80.15361,40.54389],[-80.15235,40.54425],[-80.15245,40.54579],[-80.14977,40.54715],[-80.14902,40.54777],[-80.14894,40.5479],[-80.14892,40.54812],[-80.14845,40.54811],[-80.14835,40.54751],[-80.14794,40.54615],[-80.14796,40.54585],[-80.1482,40.54543],[-80.14864,40.54521],[-80.1503,40.54486],[-80.15082,40.54465],[-80.15114,40.5444],[-80.15347,40.54221]]],[[[-80.14953,40.5449],[-80.1493,40.54126],[-80.15043,40.54122],[-80.15063,40.5413],[-80.15094,40.54133],[-80.15098,40.54141],[-80.15063,40.54247],[-80.15058,40.54343],[-80.15072,40.54379],[-80.15113,40.54415],[-80.15115,40.54421],[-80.15083,40.54449],[-80.15051,40.54467],[-80.14953,40.5449]]]]},"properties":{"name":"FERN HOLLOW NATURE CENTER","municipality":"SEWICKLEY HEIGHTS BOROUGH","kind":"municipal_park"}},{"type":"Feature","geometry":{"type":"Polygon","coordinates":[[[-80.17025,40.53006],[-80.16949,40.53174],[-80.16897,40.5315],[-80.16929,40.53103],[-80.16936,40.53055],[-80.16949,40.5304],[-80.16979,40.53012],[-80.16996,40.53008],[-80.17002,40.52998],[-80.17025,40.53006]]]},"properties":{"name":"MARY ROBERTS RINEHART PARK","municipality":"GLEN OSBORNE BOROUGH","kind":"municipal_park"}},{"type":"Feature","geometry":{"type":"Polygon","coordinates":[[[-80.18192,40.54038],[-80.18229,40.54018],[-80.18249,40.54031],[-80.18221,40.54056],[-80.18192,40.54038]]]},"properties":{"name":"WALNUT STREET PARK","municipality":"SEWICKLEY BOROUGH","kind":"municipal_park"}},{"type":"Feature","geometry":{"type":"Polygon","coordinates":[[[-80.20193,40.55893],[-80.20151,40.55848],[-80.20062,40.55892],[-80.20007,40.55847],[-80.20145,40.55769],[-80.20147,40.55751],[-80.20271,40.55705],[-80.20283,40.55716],[-80.20388,40.55646],[-80.20439,40.55755],[-80.20389,40.55768],[-80.20193,40.55893]]]},"properties":{"name":"MORROW PONTEFRACT PARK","municipality":"EDGEWORTH BOROUGH","kind":"municipal_park"}},{"type":"Feature","geometry":{"type":"Polygon","coordinates":[[[-80.2082,40.58206],[-80.20873,40.58159],[-80.21046,40.58271],[-80.20925,40.58381],[-80.20754,40.58264],[-80.2082,40.58206]]]},"properties":{"name":"AMBRIDGE AVENUE PARK","municipality":"LEET TOWNSHIP","kind":"municipal_park"}},{"type":"Feature","geometry":{"type":"Polygon","coordinates":[[[-80.20244,40.57164],[-80.20305,40.57178],[-80.20351,40.57195],[-80.20308,40.57222],[-80.20244,40.57178],[-80.20244,40.57164]]]},"properties":{"name":"QUAKER HEIGHTS PARK","municipality":"LEET TOWNSHIP","kind":"municipal_park"}},{"type":"Feature","geometry":{"type":"MultiPolygon","coordinates":[[[[-80.18973,40.56709],[-80.19296,40.56494],[-80.19322,40.5651],[-80.1934,40.56528],[-80.19351,40.5655],[-80.19353,40.56573],[-80.19348,40.56594],[-80.19304,40.56691],[-80.19231,40.56826],[-80.19135,40.56935],[-80.19051,40.57003],[-80.18971,40.57109],[-80.18942,40.57137],[-80.18651,40.56891],[-80.18973,40.56709]]],[[[-80.19101,40.56149],[-80.19152,40.56115],[-80.1923,40.56269],[-80.19505,40.56485],[-80.19519,40.56578],[-80.19411,40.56735],[-80.19242,40.56952],[-80.19046,40.57237],[-80.18949,40.57144],[-80.18981,40.57114],[-80.19062,40.57008],[-80.19144,40.56941],[-80.19242,40.5683],[-80.19315,40.56695],[-80.1936,40.56597],[-80.19365,40.56572],[-80.19361,40.56543],[-80.19344,40.56517],[-80.19325,40.565],[-80.19269,40.56465],[-80.19221,40.5639],[-80.19149,40.5633],[-80.19121,40.56263],[-80.19118,40.56199],[-80.19101,40.56149]]]]},"properties":{"name":"WALKER PARK","municipality":"EDGEWORTH BOROUGH","kind":"municipal_park"}},{"type":"Feature","geometry":{"type":"Polygon","coordinates":[[[-80.2057,40.56396],[-80.20653,40.56343],[-80.20613,40.56302],[-80.20706,40.56242],[-80.20784,40.56328],[-80.2062,40.56432],[-80.2057,40.56396]]]},"properties":{"name":"HENLE PARK","municipality":"LEETSDALE BOROUGH","kind":"municipal_park"}},{"type":"Feature","geometry":{"type":"Polygon","coordinates":[[[-80.13726,40.60995],[-80.14001,40.6053],[-80.14461,40.60527],[-80.14493,40.61085],[-80.13902,40.61105],[-80.13726,40.60995]]]},"properties":{"name":"LINBROOK PARK ","municipality":"FRANKLIN PARK BOROUGH","kind":"municipal_park"}},{"type":"Feature","geometry":{"type":"Polygon","coordinates":[[[-80.12041,40.58269],[-80.1206,40.58268],[-80.12069,40.58497],[-80.12134,40.58616],[-80.11843,40.58636],[-80.11789,40.58548],[-80.11755,40.58471],[-80.11735,40.58397],[-80.11718,40.58286],[-80.11726,40.58282],[-80.12041,40.58269]]]},"properties":{"name":"ACORN PARK","municipality":"FRANKLIN PARK BOROUGH","kind":"municipal_park"}},{"type":"Feature","geometry":{"type":"Polygon","coordinates":[[[-80.0722,40.57003],[-80.07185,40.56925],[-80.07081,40.56953],[-80.07058,40.56906],[-80.07151,40.56821],[-80.07133,40.5681],[-80.07167,40.56777],[-80.0747,40.56826],[-80.07484,40.56909],[-80.07475,40.56905],[-80.07376,40.56908],[-80.07402,40.57049],[-80.07234,40.57053],[-80.07245,40.57123],[-80.07252,40.57128],[-80.07228,40.57129],[-80.07216,40.57062],[-80.0722,40.57062],[-80.0722,40.57053],[-80.0722,40.57003]]]},"properties":{"name":"OLD ORCHARD PARK","municipality":"FRANKLIN PARK BOROUGH","kind":"municipal_park"}},{"type":"Feature","geometry":{"type":"Polygon","coordinates":[[[-80.10034,40.5848],[-80.09899,40.58201],[-80.09916,40.58191],[-80.09863,40.58133],[-80.09852,40.57972],[-80.09839,40.57975],[-80.09831,40.57881],[-80.09731,40.57886],[-80.09657,40.57784],[-80.09646,40.57497],[-80.09778,40.57525],[-80.09886,40.57537],[-80.09945,40.57555],[-80.09985,40.57578],[-80.10031,40.57643],[-80.1005,40.57708],[-80.1006,40.57716],[-80.10046,40.57716],[-80.10057,40.57941],[-80.10241,40.57912],[-80.1037,40.57995],[-80.10379,40.58174],[-80.10373,40.58175],[-80.10377,40.58245],[-80.10361,40.58245],[-80.10355,40.58259],[-80.1038,40.5826],[-80.10475,40.58245],[-80.10458,40.58272],[-80.1036,40.58309],[-80.10182,40.58398],[-80.10107,40.58426],[-80.10081,40.58478],[-80.10034,40.5848]]]},"properties":{"name":"BLUEBERRY HILL PARK","municipality":"FRANKLIN PARK BOROUGH","kind":"municipal_park"}},{"type":"Feature","geometry":{"type":"Polygon","coordinates":[[[-80.07709,40.6128],[-80.07756,40.61277],[-80.07766,40.61372],[-80.0791,40.6137],[-80.0791,40.6142],[-80.07901,40.61473],[-80.07896,40.61564],[-80.0789,40.61579],[-80.07876,40.61591],[-80.07795,40.61603],[-80.07777,40.61595],[-80.07715,40.614],[-80.07708,40.61344],[-80.07709,40.6128]]]},"properties":{"name":"MEL LUBERT PRESERVE","municipality":"FRANKLIN PARK BOROUGH","kind":"municipal_park"}},{"type":"Feature","geometry":{"type":"Polygon","coordinates":[[[-80.04989,40.59097],[-80.0492,40.59028],[-80.04761,40.59102],[-80.04719,40.58961],[-80.04725,40.58956],[-80.04707,40.58859],[-80.04686,40.58819],[-80.0467,40.58798],[-80.04646,40.5878],[-80.04645,40.58775],[-80.04672,40.5879],[-80.04746,40.58854],[-80.04783,40.58866],[-80.04839,40.58808],[-80.04872,40.58831],[-80.04974,40.58918],[-80.05122,40.59019],[-80.05047,40.59097],[-80.05054,40.59119],[-80.04989,40.59097]]]},"properties":{"name":"VESTAL PARK","municipality":"MCCANDLESS TOWNSHIP","kind":"municipal_park"}},{"type":"Feature","geometry":{"type":"Polygon","coordinates":[[[-80.10939,40.65979],[-80.10913,40.6553],[-80.11871,40.65492],[-80.11905,40.66087],[-80.11817,40.66091],[-80.11777,40.66084],[-80.1157,40.65975],[-80.11502,40.65955],[-80.11454,40.65951],[-80.11339,40.65964],[-80.11224,40.65992],[-80.1116,40.66024],[-80.11079,40.66094],[-80.11044,40.66115],[-80.11,40.66129],[-80.10947,40.6613],[-80.10939,40.65979]]]},"properties":{"name":"KNOB HILL COMMUNITY PARK","municipality":"MARSHALL TOWNSHIP","kind":"municipal_park"}},{"type":"Feature","geometry":{"type":"Polygon","coordinates":[[[-79.82914,40.512],[-79.831,40.51281],[-79.8295,40.51315],[-79.82976,40.51382],[-79.82866,40.51345],[-79.82766,40.51224],[-79.82914,40.512]]]},"properties":{"name":"CREEKSIDE PARK","municipality":"OAKMONT BOROUGH","kind":"municipal_park"}},{"type":"Feature","geometry":{"type":"Polygon","coordinates":[[[-80.1678,40.39354],[-80.16521,40.39325],[-80.16522,40.39228],[-80.16638,40.39245],[-80.16657,40.39236],[-80.16961,40.39234],[-80.16949,40.39252],[-80.16806,40.39252],[-80.168,40.39346],[-80.16789,40.39344],[-80.1678,40.39354]]]},"properties":{"name":"KELLY PARK","municipality":"COLLIER TOWNSHIP","kind":"municipal_park"}},{"type":"Feature","geometry":{"type":"Polygon","coordinates":[[[-79.88084,40.49798],[-79.88083,40.49784],[-79.8793,40.49788],[-79.87927,40.49765],[-79.87911,40.49733],[-79.87907,40.49685],[-79.87935,40.49663],[-79.88098,40.4966],[-79.88102,40.49624],[-79.88149,40.49527],[-79.88179,40.49478],[-79.88243,40.49676],[-79.88343,40.49871],[-79.88354,40.4992],[-79.88125,40.49934],[-79.88084,40.49798]]]},"properties":{"name":"OHARA TOWNSHIP COMMUNITY PARK","municipality":"OHARA TOWNSHIP","kind":"municipal_park"}},{"type":"Feature","geometry":{"type":"Polygon","coordinates":[[[-79.86443,40.49055],[-79.86409,40.48975],[-79.86574,40.48909],[-79.86577,40.49022],[-79.86443,40.49055]]]},"properties":{"name":"BLAWNOX COMMUNITY PARK","municipality":"BLAWNOX BOROUGH","kind":"municipal_park"}},{"type":"Feature","geometry":{"type":"Polygon","coordinates":[[[-80.09969,40.35789],[-80.09982,40.35778],[-80.10053,40.35827],[-80.09957,40.35907],[-80.09874,40.3585],[-80.09872,40.35822],[-80.09916,40.35819],[-80.09969,40.35789]]]},"properties":{"name":"COOK SCHOOL PARK","municipality":"BRIDGEVILLE BOROUGH","kind":"municipal_park"}},{"type":"Feature","geometry":{"type":"Polygon","coordinates":[[[-80.09785,40.35672],[-80.09745,40.3564],[-80.09691,40.35627],[-80.09646,40.35602],[-80.09536,40.35603],[-80.09528,40.35555],[-80.09652,40.35564],[-80.09708,40.35618],[-80.0975,40.35637],[-80.09814,40.35645],[-80.0985,40.35618],[-80.09821,40.35579],[-80.09796,40.35485],[-80.09889,40.35362],[-80.09956,40.35392],[-80.09961,40.35364],[-80.10037,40.35371],[-80.10032,40.35407],[-80.09989,40.35402],[-80.09953,40.35408],[-80.09932,40.35523],[-80.0995,40.35555],[-80.0996,40.35586],[-80.09932,40.3568],[-80.09855,40.35696],[-80.09785,40.35672]]]},"properties":{"name":"MCLAUGHLIN PARK","municipality":"BRIDGEVILLE BOROUGH","kind":"municipal_park"}},{"type":"Feature","geometry":{"type":"Polygon","coordinates":[[[-80.16511,40.51673],[-80.1655,40.51623],[-80.16582,40.51638],[-80.16545,40.51688],[-80.16511,40.51673]]]},"properties":{"name":"RIDGE AVENUE TOT LOT","municipality":"CORAOPOLIS BOROUGH","kind":"municipal_park"}},{"type":"Feature","geometry":{"type":"Polygon","coordinates":[[[-80.15831,40.51932],[-80.15815,40.51922],[-80.158,40.51947],[-80.15752,40.51907],[-80.15776,40.51876],[-80.1607,40.51984],[-80.16025,40.52054],[-80.15831,40.51932]]]},"properties":{"name":"RIVERFRONT PARK","municipality":"CORAOPOLIS BOROUGH","kind":"municipal_park"}},{"type":"Feature","geometry":{"type":"Polygon","coordinates":[[[-80.07705,40.42687],[-80.07742,40.42653],[-80.07783,40.42679],[-80.07747,40.42713],[-80.07705,40.42687]]]},"properties":{"name":"LINWOOD PARK ","municipality":"CRAFTON BOROUGH","kind":"municipal_park"}},{"type":"Feature","geometry":{"type":"Polygon","coordinates":[[[-80.06262,40.43701],[-80.0626,40.4368],[-80.06336,40.43726],[-80.06311,40.43745],[-80.06268,40.43749],[-80.06262,40.43701]]]},"properties":{"name":"NOBLE PARK","municipality":"CRAFTON BOROUGH","kind":"municipal_park"}},{"type":"Feature","geometry":{"type":"Polygon","coordinates":[[[-80.2201,40.55502],[-80.22019,40.55492],[-80.22013,40.55597],[-80.21998,40.55615],[-80.21963,40.55623],[-80.21957,40.55582],[-80.21996,40.55531],[-80.21999,40.55514],[-80.2201,40.55502]]]},"properties":{"name":"RIVERVIEW PARK","municipality":"CRESCENT TOWNSHIP","kind":"municipal_park"}},{"type":"Feature","geometry":{"type":"Polygon","coordinates":[[[-80.23566,40.55346],[-80.23597,40.55375],[-80.23586,40.55388],[-80.23586,40.55417],[-80.23531,40.55419],[-80.2353,40.55358],[-80.23566,40.55346]]]},"properties":{"name":"SAUTTER PARK","municipality":"CRESCENT TOWNSHIP","kind":"municipal_park"}},{"type":"Feature","geometry":{"type":"Polygon","coordinates":[[[-80.21672,40.55617],[-80.21596,40.55551],[-80.21569,40.55569],[-80.2146,40.55459],[-80.21468,40.55454],[-80.2124,40.55262],[-80.21267,40.5524],[-80.21335,40.55282],[-80.2133,40.55286],[-80.21578,40.55442],[-80.21575,40.55445],[-80.21668,40.55503],[-80.21665,40.55507],[-80.21799,40.55591],[-80.21672,40.55617]]]},"properties":{"name":"SHOUSE PARK","municipality":"CRESCENT TOWNSHIP","kind":"municipal_park"}},{"type":"Feature","geometry":{"type":"Polygon","coordinates":[[[-79.89081,40.35049],[-79.89116,40.35029],[-79.8914,40.35056],[-79.89105,40.35075],[-79.89081,40.35049]]]},"properties":{"name":"DRAVOSBURG BASKETBALL COURTS","municipality":"DRAVOSBURG BOROUGH","kind":"municipal_park"}},{"type":"Feature","geometry":{"type":"Polygon","coordinates":[[[-79.80862,40.38254],[-79.8088,40.38209],[-79.80964,40.38242],[-79.80954,40.38266],[-79.80862,40.38254]]]},"properties":{"name":"CHICORA STREET PARK","municipality":"EAST MCKEESPORT BOROUGH","kind":"municipal_park"}},{"type":"Feature","geometry":{"type":"Polygon","coordinates":[[[-80.08875,40.50805],[-80.08852,40.5077],[-80.09067,40.50888],[-80.09072,40.509],[-80.09065,40.50906],[-80.09014,40.50918],[-80.08967,40.50939],[-80.08967,40.5092],[-80.08875,40.5091],[-80.08875,40.50805]]]},"properties":{"name":"LANCE CORPORAL PATRICK B KENNY MEMORIAL FIELD","municipality":"EMSWORTH BOROUGH","kind":"municipal_park"}},{"type":"Feature","geometry":{"type":"Polygon","coordinates":[[[-79.83985,40.33642],[-79.84013,40.33625],[-79.83962,40.33478],[-79.84071,40.3338],[-79.84153,40.33432],[-79.84047,40.3353],[-79.84046,40.33624],[-79.84037,40.3364],[-79.83994,40.3367],[-79.83985,40.33642]]]},"properties":{"name":"DUNCAN FIELD","municipality":"CITY OF MCKEESPORT","kind":"municipal_park"}},{"type":"Feature","geometry":{"type":"Polygon","coordinates":[[[-79.84171,40.33286],[-79.84208,40.3331],[-79.84115,40.33394],[-79.8408,40.33372],[-79.84171,40.33286]]]},"properties":{"name":"CHRISTY PARK","municipality":"CITY OF MCKEESPORT","kind":"municipal_park"}},{"type":"Feature","geometry":{"type":"Polygon","coordinates":[[[-79.85065,40.33781],[-79.8509,40.33732],[-79.8515,40.33747],[-79.85191,40.33706],[-79.85223,40.33718],[-79.85178,40.33808],[-79.85065,40.33781]]]},"properties":{"name":"RIVERVIEW PARK","municipality":"CITY OF MCKEESPORT","kind":"municipal_park"}},{"type":"Feature","geometry":{"type":"Polygon","coordinates":[[[-79.83129,40.35269],[-79.83077,40.35324],[-79.82913,40.35236],[-79.82965,40.35183],[-79.83129,40.35269]]]},"properties":{"name":"FAWCETT PLAN PLAYGROUND","municipality":"CITY OF MCKEESPORT","kind":"municipal_park"}},{"type":"Feature","geometry":{"type":"Polygon","coordinates":[[[-79.8646,40.3496],[-79.86467,40.34997],[-79.86413,40.35003],[-79.86406,40.34966],[-79.8646,40.3496]]]},"properties":{"name":"KELLY PARK","municipality":"CITY OF MCKEESPORT","kind":"municipal_park"}},{"type":"Feature","geometry":{"type":"MultiPolygon","coordinates":[[[[-79.86531,40.35189],[-79.86524,40.35186],[-79.8652,40.35162],[-79.86612,40.35149],[-79.86619,40.35177],[-79.86531,40.35189]]],[[[-79.86621,40.35187],[-79.86529,40.35198],[-79.86526,40.35194],[-79.8662,40.35181],[-79.86621,40.35187]]]]},"properties":{"name":"KENNEDY PARK","municipality":"CITY OF MCKEESPORT","kind":"municipal_park"}},{"type":"Feature","geometry":{"type":"Polygon","coordinates":[[[-79.80041,40.22964],[-79.80029,40.22994],[-79.8001,40.2299],[-79.80023,40.22959],[-79.80041,40.22964]]]},"properties":{"name":"SMITHDALE PARK","municipality":"ELIZABETH TOWNSHIP","kind":"municipal_park"}},{"type":"Feature","geometry":{"type":"Polygon","coordinates":[[[-79.75613,40.60337],[-79.75598,40.60317],[-79.757,40.60273],[-79.75707,40.60301],[-79.75707,40.60319],[-79.75626,40.60355],[-79.75613,40.60337]]]},"properties":{"name":"GRANDVIEW PARK","municipality":"TARENTUM BOROUGH","kind":"municipal_park"}},{"type":"Feature","geometry":{"type":"Polygon","coordinates":[[[-79.85071,40.4287],[-79.84967,40.42764],[-79.84922,40.42599],[-79.85004,40.42586],[-79.85058,40.42765],[-79.85032,40.4277],[-79.85056,40.42822],[-79.85071,40.4287]]]},"properties":{"name":"KOCH PARK","municipality":"FOREST HILLS BOROUGH","kind":"municipal_park"}},{"type":"Feature","geometry":{"type":"Polygon","coordinates":[[[-79.86215,40.42526],[-79.86209,40.42496],[-79.86305,40.42494],[-79.86339,40.42484],[-79.8636,40.42494],[-79.86304,40.42536],[-79.86281,40.42559],[-79.86266,40.42583],[-79.86253,40.42629],[-79.86206,40.42588],[-79.86215,40.42526]]]},"properties":{"name":"RYAN GLENN PARK","municipality":"FOREST HILLS BOROUGH","kind":"municipal_park"}},{"type":"Feature","geometry":{"type":"Polygon","coordinates":[[[-79.85609,40.42565],[-79.8556,40.42541],[-79.85511,40.42553],[-79.8549,40.42504],[-79.8538,40.42447],[-79.85444,40.42369],[-79.85528,40.4228],[-79.85924,40.42472],[-79.85871,40.42524],[-79.85789,40.42659],[-79.85609,40.42565]]]},"properties":{"name":"FOREST HILLS MAIN PARK","municipality":"FOREST HILLS BOROUGH","kind":"municipal_park"}},{"type":"Feature","geometry":{"type":"Polygon","coordinates":[[[-79.89008,40.32102],[-79.89005,40.32005],[-79.89077,40.32005],[-79.89081,40.32101],[-79.89008,40.32102]]]},"properties":{"name":"9TH STREET PARK","municipality":"GLASSPORT BOROUGH","kind":"municipal_park"}},{"type":"Feature","geometry":{"type":"Polygon","coordinates":[[[-79.89234,40.31887],[-79.89243,40.31885],[-79.89272,40.31926],[-79.89321,40.32018],[-79.89225,40.32036],[-79.8918,40.31895],[-79.89234,40.31887]]]},"properties":{"name":"9TH STREET PARK ","municipality":"GLASSPORT BOROUGH","kind":"municipal_park"}},{"type":"Feature","geometry":{"type":"Polygon","coordinates":[[[-80.09043,40.39049],[-80.09048,40.3902],[-80.09105,40.39026],[-80.09099,40.39066],[-80.09041,40.3906],[-80.09043,40.39049]]]},"properties":{"name":"ELLSWORTH AVENUE PLAYGROUND","municipality":"HEIDELBERG BOROUGH","kind":"municipal_park"}},{"type":"Feature","geometry":{"type":"Polygon","coordinates":[[[-80.21501,40.58062],[-80.21508,40.5802],[-80.21526,40.58021],[-80.21516,40.58008],[-80.21548,40.57994],[-80.21556,40.58005],[-80.21594,40.58012],[-80.21584,40.58078],[-80.21501,40.58062]]]},"properties":{"name":"MOUND STREET PLAYGROUND","municipality":"LEET TOWNSHIP","kind":"municipal_park"}},{"type":"Feature","geometry":{"type":"Polygon","coordinates":[[[-79.84776,40.32167],[-79.84767,40.32209],[-79.84789,40.32227],[-79.84786,40.32233],[-79.8484,40.32267],[-79.84827,40.3228],[-79.84841,40.32289],[-79.84802,40.32331],[-79.84758,40.32319],[-79.84629,40.32241],[-79.84636,40.32227],[-79.84677,40.32198],[-79.84685,40.3216],[-79.84776,40.32167]]]},"properties":{"name":"MANOR PARK","municipality":"LIBERTY BOROUGH","kind":"municipal_park"}},{"type":"Feature","geometry":{"type":"Polygon","coordinates":[[[-79.7364,40.4252],[-79.73633,40.42505],[-79.73587,40.42509],[-79.73574,40.42475],[-79.73539,40.42445],[-79.73502,40.42432],[-79.73462,40.42431],[-79.7341,40.42446],[-79.73388,40.42461],[-79.73369,40.42483],[-79.7336,40.4248],[-79.733,40.4258],[-79.73284,40.42616],[-79.7329,40.42625],[-79.73216,40.42652],[-79.73164,40.42568],[-79.73214,40.42547],[-79.73198,40.42522],[-79.7322,40.4232],[-79.73374,40.42458],[-79.73412,40.4239],[-79.7347,40.42344],[-79.73538,40.42301],[-79.73539,40.42214],[-79.73581,40.42248],[-79.73678,40.42382],[-79.73792,40.42602],[-79.73836,40.42666],[-79.73748,40.42756],[-79.7364,40.4252]]]},"properties":{"name":"FERNDALE PARK","municipality":"MONROEVILLE MUNICIPALITY","kind":"municipal_park"}},{"type":"Feature","geometry":{"type":"Polygon","coordinates":[[[-79.78249,40.44873],[-79.78243,40.44833],[-79.78349,40.44853],[-79.78353,40.44902],[-79.78308,40.44916],[-79.7832,40.44936],[-79.78335,40.44947],[-79.78315,40.44973],[-79.78281,40.44929],[-79.78257,40.44925],[-79.78249,40.44873]]]},"properties":{"name":"GARDEN PARK","municipality":"MONROEVILLE MUNICIPALITY","kind":"municipal_park"}},{"type":"Feature","geometry":{"type":"Polygon","coordinates":[[[-79.79073,40.45141],[-79.79095,40.452],[-79.78913,40.45239],[-79.78803,40.45269],[-79.78714,40.45312],[-79.78629,40.45385],[-79.78581,40.4541],[-79.78588,40.45422],[-79.78531,40.45449],[-79.78408,40.45555],[-79.78332,40.45504],[-79.78323,40.45468],[-79.78257,40.45433],[-79.78011,40.45397],[-79.77853,40.4538],[-79.77854,40.45376],[-79.77984,40.45347],[-79.78152,40.45314],[-79.78272,40.45262],[-79.78346,40.45263],[-79.78346,40.45228],[-79.78367,40.45228],[-79.78367,40.45263],[-79.78403,40.45263],[-79.78472,40.45249],[-79.78483,40.45205],[-79.78487,40.45208],[-79.78565,40.45149],[-79.78736,40.4509],[-79.78769,40.45084],[-79.7883,40.45088],[-79.79086,40.45041],[-79.79125,40.45058],[-79.79178,40.45009],[-79.79194,40.45016],[-79.79156,40.45072],[-79.79164,40.45075],[-79.79265,40.45075],[-79.79347,40.45043],[-79.79396,40.44996],[-79.79406,40.45001],[-79.79398,40.45014],[-79.79348,40.45055],[-79.79269,40.45099],[-79.79071,40.45135],[-79.79073,40.45141]]]},"properties":{"name":"GLENWOOD PARK","municipality":"MONROEVILLE MUNICIPALITY","kind":"municipal_park"}},{"type":"Feature","geometry":{"type":"Polygon","coordinates":[[[-79.72384,40.43971],[-79.72471,40.43879],[-79.72464,40.43902],[-79.72482,40.43902],[-79.72483,40.43924],[-79.72493,40.43931],[-79.72548,40.43878],[-79.72672,40.43954],[-79.72579,40.44054],[-79.72497,40.44119],[-79.7247,40.44145],[-79.72457,40.44151],[-79.72426,40.44184],[-79.72353,40.44112],[-79.72301,40.44074],[-79.72384,40.43971]]]},"properties":{"name":"HAWKEYE PARK","municipality":"MONROEVILLE MUNICIPALITY","kind":"municipal_park"}},{"type":"Feature","geometry":{"type":"Polygon","coordinates":[[[-79.75265,40.40158],[-79.75256,40.40131],[-79.75205,40.40021],[-79.75184,40.39929],[-79.75202,40.39814],[-79.75238,40.39499],[-79.75428,40.39487],[-79.75403,40.39402],[-79.75542,40.39424],[-79.7541,40.3973],[-79.7544,40.39831],[-79.75433,40.39904],[-79.75458,40.39965],[-79.757,40.40136],[-79.75668,40.40163],[-79.75595,40.4015],[-79.75514,40.40153],[-79.75448,40.40175],[-79.75422,40.40221],[-79.7544,40.40284],[-79.75467,40.40316],[-79.75279,40.40303],[-79.75297,40.40277],[-79.75265,40.40158]]]},"properties":{"name":"KELVINGTON PARK","municipality":"MONROEVILLE MUNICIPALITY","kind":"municipal_park"}},{"type":"Feature","geometry":{"type":"Polygon","coordinates":[[[-79.80139,40.42005],[-79.80166,40.41921],[-79.80244,40.41983],[-79.80153,40.42004],[-79.80144,40.42002],[-79.80131,40.42036],[-79.80127,40.42036],[-79.80139,40.42005]]]},"properties":{"name":"MADDEN PARK","municipality":"MONROEVILLE MUNICIPALITY","kind":"municipal_park"}},{"type":"Feature","geometry":{"type":"Polygon","coordinates":[[[-79.76163,40.46],[-79.76188,40.45966],[-79.76273,40.45973],[-79.76257,40.46025],[-79.76249,40.4609],[-79.76121,40.46054],[-79.76163,40.46]]]},"properties":{"name":"MAPLE VISTA PARK","municipality":"MONROEVILLE MUNICIPALITY","kind":"municipal_park"}},{"type":"Feature","geometry":{"type":"Polygon","coordinates":[[[-79.79586,40.40002],[-79.79596,40.39909],[-79.79818,40.39913],[-79.79817,40.39943],[-79.79866,40.39943],[-79.79862,40.40099],[-79.796,40.40096],[-79.7958,40.40008],[-79.79586,40.40002]]]},"properties":{"name":"OVERLOOK PARK","municipality":"MONROEVILLE MUNICIPALITY","kind":"municipal_park"}},{"type":"Feature","geometry":{"type":"Polygon","coordinates":[[[-79.78955,40.42179],[-79.79008,40.42202],[-79.79036,40.42219],[-79.78983,40.42339],[-79.7889,40.42314],[-79.78955,40.42179]]]},"properties":{"name":"PATTON HEIGHTS PARK","municipality":"MONROEVILLE MUNICIPALITY","kind":"municipal_park"}},{"type":"Feature","geometry":{"type":"Polygon","coordinates":[[[-79.78946,40.41948],[-79.78968,40.41918],[-79.78532,40.41739],[-79.78624,40.41519],[-79.79213,40.4176],[-79.79176,40.41835],[-79.79154,40.41827],[-79.79114,40.4191],[-79.7918,40.41936],[-79.79175,40.41949],[-79.79132,40.41932],[-79.79096,40.41968],[-79.78973,40.41921],[-79.78928,40.41983],[-79.78923,40.41981],[-79.78946,40.41948]]]},"properties":{"name":"PIONEER PARK","municipality":"MONROEVILLE MUNICIPALITY","kind":"municipal_park"}},{"type":"Feature","geometry":{"type":"Polygon","coordinates":[[[-79.72261,40.41513],[-79.72273,40.41507],[-79.72337,40.41507],[-79.72546,40.41471],[-79.72602,40.41451],[-79.72718,40.41445],[-79.72664,40.41492],[-79.72599,40.41531],[-79.72528,40.41558],[-79.72441,40.41579],[-79.72396,40.41578],[-79.72261,40.41513]]]},"properties":{"name":"VALLEY PARK","municipality":"MONROEVILLE MUNICIPALITY","kind":"municipal_park"}},{"type":"Feature","geometry":{"type":"Polygon","coordinates":[[[-79.98373,40.44034],[-79.984,40.44022],[-79.98431,40.44065],[-79.98405,40.44076],[-79.98373,40.44034]]]},"properties":{"name":"ALBERT TURK GRAHAM PARK","municipality":"CITY OF PITTSBURGH","kind":"municipal_park"}},{"type":"Feature","geometry":{"type":"Polygon","coordinates":[[[-79.73749,40.41824],[-79.73692,40.41822],[-79.7341,40.41846],[-79.73415,40.41585],[-79.73469,40.41547],[-79.73548,40.41525],[-79.73543,40.41252],[-79.7361,40.41276],[-79.73693,40.41316],[-79.73829,40.41395],[-79.73871,40.41428],[-79.73783,40.41465],[-79.73836,40.41547],[-79.73929,40.41511],[-79.7402,40.41617],[-79.73969,40.41657],[-79.73996,40.41678],[-79.74046,40.41641],[-79.74142,40.41723],[-79.74074,40.41875],[-79.74145,40.41933],[-79.74287,40.42017],[-79.74252,40.42088],[-79.74193,40.42125],[-79.74119,40.42087],[-79.73992,40.42055],[-79.73933,40.42045],[-79.73964,40.41857],[-79.73749,40.41824]]]},"properties":{"name":"HERITAGE PARK","municipality":"MONROEVILLE MUNICIPALITY","kind":"municipal_park"}},{"type":"Feature","geometry":{"type":"Polygon","coordinates":[[[-80.21068,40.51378],[-80.21076,40.51357],[-80.21099,40.51363],[-80.21105,40.51373],[-80.211,40.51387],[-80.21068,40.51378]]]},"properties":{"name":"AMHERST PLAY LOT","municipality":"MOON TOWNSHIP","kind":"municipal_park"}},{"type":"Feature","geometry":{"type":"Polygon","coordinates":[[[-80.24977,40.53661],[-80.25073,40.53659],[-80.25036,40.53777],[-80.24955,40.53776],[-80.24989,40.53715],[-80.24977,40.53661]]]},"properties":{"name":"BON MEADE-MEADE DRIVE PLAY AREA","municipality":"MOON TOWNSHIP","kind":"municipal_park"}},{"type":"Feature","geometry":{"type":"Polygon","coordinates":[[[-80.27007,40.53122],[-80.26994,40.53132],[-80.26775,40.53148],[-80.26724,40.53142],[-80.26833,40.53025],[-80.26928,40.52975],[-80.27007,40.53122]]]},"properties":{"name":"WHISPERING WOODS FIELD","municipality":"MOON TOWNSHIP","kind":"municipal_park"}},{"type":"Feature","geometry":{"type":"Polygon","coordinates":[[[-80.18817,40.52415],[-80.18826,40.52404],[-80.18823,40.52391],[-80.1876,40.52338],[-80.18733,40.52332],[-80.18701,40.52339],[-80.18686,40.52314],[-80.18651,40.52326],[-80.18615,40.52325],[-80.18615,40.52354],[-80.1861,40.52354],[-80.18612,40.52325],[-80.1858,40.5232],[-80.18569,40.52349],[-80.18565,40.52348],[-80.18577,40.52319],[-80.18546,40.52309],[-80.18526,40.52335],[-80.18522,40.52334],[-80.18542,40.52308],[-80.18445,40.52267],[-80.18497,40.52238],[-80.18545,40.52221],[-80.18541,40.52214],[-80.18611,40.52176],[-80.18752,40.52319],[-80.18866,40.52421],[-80.18835,40.52432],[-80.18817,40.52415]]]},"properties":{"name":"MOONCREST PASSIVE PLAY AREA","municipality":"MOON TOWNSHIP","kind":"municipal_park"}},{"type":"Feature","geometry":{"type":"Polygon","coordinates":[[[-80.0169,40.3496],[-80.01723,40.34937],[-80.01747,40.34903],[-80.01754,40.34863],[-80.01742,40.34822],[-80.01716,40.3479],[-80.01591,40.34718],[-80.01548,40.34681],[-80.01527,40.34656],[-80.01506,40.34619],[-80.0149,40.3456],[-80.01572,40.34547],[-80.01985,40.34737],[-80.0216,40.34808],[-80.02073,40.34928],[-80.02109,40.34942],[-80.01962,40.35109],[-80.01854,40.3507],[-80.01798,40.35042],[-80.01745,40.35008],[-80.0169,40.3496]]]},"properties":{"name":"MILLENNIUM PARK","municipality":"BETHEL PARK MUNICIPALITY","kind":"municipal_park"}},{"type":"Feature","geometry":{"type":"Polygon","coordinates":[[[-80.02874,40.3518],[-80.029,40.35163],[-80.02989,40.3523],[-80.03019,40.35205],[-80.03026,40.35218],[-80.0309,40.35261],[-80.02943,40.35337],[-80.02903,40.35284],[-80.02824,40.3525],[-80.02826,40.35234],[-80.02874,40.3518]]]},"properties":{"name":"MOLLY HILL PARK","municipality":"BETHEL PARK MUNICIPALITY","kind":"municipal_park"}},{"type":"Feature","geometry":{"type":"Polygon","coordinates":[[[-80.04521,40.34931],[-80.04487,40.34913],[-80.04478,40.34926],[-80.04454,40.34914],[-80.04464,40.34902],[-80.0422,40.34788],[-80.04206,40.34798],[-80.04148,40.34771],[-80.0435,40.34662],[-80.04434,40.34721],[-80.04457,40.34724],[-80.0446,40.34734],[-80.04472,40.34738],[-80.04458,40.34761],[-80.04466,40.34786],[-80.0455,40.34832],[-80.04518,40.3487],[-80.04594,40.34935],[-80.04553,40.34947],[-80.04521,40.34931]]]},"properties":{"name":"VILLAGE GREEN PARK","municipality":"BETHEL PARK MUNICIPALITY","kind":"municipal_park"}},{"type":"Feature","geometry":{"type":"Polygon","coordinates":[[[-79.98191,40.41269],[-79.9819,40.4125],[-79.98174,40.4125],[-79.98171,40.41209],[-79.9825,40.41206],[-79.98254,40.41267],[-79.98191,40.41269]]]},"properties":{"name":"ORMSBY PARK","municipality":"MOUNT OLIVER BOROUGH","kind":"municipal_park"}},{"type":"Feature","geometry":{"type":"Polygon","coordinates":[[[-79.84259,40.40376],[-79.84294,40.4036],[-79.84341,40.4044],[-79.84301,40.40453],[-79.84259,40.40376]]]},"properties":{"name":"BRINTON AVENUE PARK","municipality":"NORTH BRADDOCK BOROUGH","kind":"municipal_park"}},{"type":"Feature","geometry":{"type":"Polygon","coordinates":[[[-79.8606,40.40168],[-79.86084,40.40149],[-79.8609,40.40153],[-79.86097,40.40146],[-79.8613,40.4017],[-79.86098,40.40195],[-79.8606,40.40168]]]},"properties":{"name":"BELL AVENUE PARK","municipality":"NORTH BRADDOCK BOROUGH","kind":"municipal_park"}},{"type":"Feature","geometry":{"type":"Polygon","coordinates":[[[-79.83974,40.40271],[-79.84013,40.40263],[-79.84019,40.40269],[-79.83991,40.40286],[-79.83974,40.40271]]]},"properties":{"name":"RIDGE AVENUE BASKETBALL COURTS","municipality":"NORTH BRADDOCK BOROUGH","kind":"municipal_park"}},{"type":"Feature","geometry":{"type":"Polygon","coordinates":[[[-79.82726,40.39614],[-79.82723,40.39611],[-79.82757,40.39601],[-79.8281,40.39671],[-79.828,40.39674],[-79.82726,40.39614]]]},"properties":{"name":"DIXON PLAYGROUND","municipality":"NORTH VERSAILLES TOWNSHIP","kind":"municipal_park"}},{"type":"Feature","geometry":{"type":"Polygon","coordinates":[[[-79.84295,40.38638],[-79.84296,40.38622],[-79.84351,40.38625],[-79.84345,40.3864],[-79.84358,40.38668],[-79.84345,40.38694],[-79.84321,40.38702],[-79.84302,40.38671],[-79.84295,40.38638]]]},"properties":{"name":"WEST CARTER PLAYGROUND","municipality":"NORTH VERSAILLES TOWNSHIP","kind":"municipal_park"}},{"type":"Feature","geometry":{"type":"Polygon","coordinates":[[[-80.19035,40.39941],[-80.19032,40.39949],[-80.19036,40.39959],[-80.19072,40.40001],[-80.18946,40.40033],[-80.18937,40.40035],[-80.18926,40.40029],[-80.18921,40.39978],[-80.18963,40.39976],[-80.18993,40.39949],[-80.19035,40.39941]]]},"properties":{"name":"HUCK FIELD","municipality":"OAKDALE BOROUGH","kind":"municipal_park"}},{"type":"Feature","geometry":{"type":"Polygon","coordinates":[[[-80.18484,40.40514],[-80.18502,40.40474],[-80.18568,40.40488],[-80.18617,40.40526],[-80.18462,40.40644],[-80.18392,40.40577],[-80.18489,40.40517],[-80.18484,40.40514]]]},"properties":{"name":"RYAN FIELD","municipality":"OAKDALE BOROUGH","kind":"municipal_park"}},{"type":"Feature","geometry":{"type":"Polygon","coordinates":[[[-79.84346,40.52454],[-79.84401,40.52318],[-79.8446,40.52332],[-79.84464,40.52305],[-79.84516,40.5231],[-79.84509,40.52343],[-79.84709,40.5239],[-79.84643,40.52488],[-79.84575,40.52565],[-79.84325,40.52506],[-79.84346,40.52454]]]},"properties":{"name":"RIVERVIEW PARK","municipality":"OAKMONT BOROUGH","kind":"municipal_park"}},{"type":"Feature","geometry":{"type":"Polygon","coordinates":[[[-79.8167,40.51766],[-79.81655,40.51725],[-79.81656,40.51602],[-79.81646,40.51557],[-79.81626,40.51532],[-79.81578,40.51511],[-79.81531,40.51505],[-79.81484,40.51516],[-79.81455,40.51533],[-79.81403,40.51599],[-79.81381,40.51621],[-79.81352,40.51641],[-79.81313,40.51655],[-79.81274,40.51657],[-79.81273,40.51644],[-79.81333,40.51591],[-79.81288,40.51542],[-79.81169,40.5136],[-79.81272,40.51319],[-79.81392,40.512],[-79.81675,40.51223],[-79.81699,40.51271],[-79.81989,40.51242],[-79.82067,40.51297],[-79.81986,40.5139],[-79.81969,40.51457],[-79.81974,40.51482],[-79.82023,40.5153],[-79.82027,40.51542],[-79.81997,40.51673],[-79.81983,40.51699],[-79.81932,40.51735],[-79.8189,40.51793],[-79.81865,40.51808],[-79.81833,40.51819],[-79.81802,40.51822],[-79.81772,40.51818],[-79.8173,40.51799],[-79.81692,40.51761],[-79.81683,40.51766],[-79.81697,40.51789],[-79.8173,40.51813],[-79.81755,40.51823],[-79.8174,40.51819],[-79.81701,40.51797],[-79.8167,40.51766]]]},"properties":{"name":"PENN HILLS PARK","municipality":"PENN HILLS MUNICIPALITY","kind":"municipal_park"}},{"type":"Feature","geometry":{"type":"Polygon","coordinates":[[[-79.99721,40.62182],[-79.99881,40.6219],[-79.99904,40.622],[-79.99921,40.62215],[-79.99942,40.62253],[-79.99958,40.62273],[-79.99994,40.6229],[-80.0002,40.62294],[-80.00024,40.62303],[-79.99675,40.62307],[-79.99621,40.62236],[-79.99671,40.62199],[-79.99721,40.62182]]]},"properties":{"name":"KARRINGTON WOODS PARK","municipality":"PINE TOWNSHIP","kind":"municipal_park"}},{"type":"Feature","geometry":{"type":"Polygon","coordinates":[[[-79.77612,40.40205],[-79.77605,40.40174],[-79.77522,40.40188],[-79.77418,40.40058],[-79.77526,40.40003],[-79.77627,40.40009],[-79.77848,40.40051],[-79.77829,40.40072],[-79.7781,40.40108],[-79.77772,40.40098],[-79.77783,40.40134],[-79.77743,40.40099],[-79.77729,40.40109],[-79.77766,40.4014],[-79.77777,40.40176],[-79.77612,40.40205]]]},"properties":{"name":"CLIFF ADAMS FIELD","municipality":"PITCAIRN BOROUGH","kind":"municipal_park"}},{"type":"Feature","geometry":{"type":"Polygon","coordinates":[[[-79.95237,40.32992],[-79.95334,40.3286],[-79.95478,40.32994],[-79.9534,40.33049],[-79.95312,40.33025],[-79.95309,40.33003],[-79.95284,40.32991],[-79.95237,40.32992]]]},"properties":{"name":"PLEASANT KINGDOM","municipality":"PLEASANT HILLS BOROUGH","kind":"municipal_park"}},{"type":"Feature","geometry":{"type":"Polygon","coordinates":[[[-80.10491,40.39321],[-80.10332,40.39178],[-80.1032,40.39158],[-80.10312,40.39115],[-80.10302,40.39096],[-80.10263,40.39058],[-80.10161,40.3901],[-80.10163,40.39006],[-80.101,40.38982],[-80.10103,40.38974],[-80.09983,40.38962],[-80.09946,40.38877],[-80.09936,40.38879],[-80.0991,40.38818],[-80.09982,40.38737],[-80.10008,40.38674],[-80.10093,40.38755],[-80.1042,40.39088],[-80.10995,40.38795],[-80.10991,40.38854],[-80.11102,40.38855],[-80.11092,40.38989],[-80.10983,40.39023],[-80.10719,40.39119],[-80.10683,40.39137],[-80.10651,40.39162],[-80.1058,40.3914],[-80.10565,40.39242],[-80.10603,40.39233],[-80.10574,40.39282],[-80.10546,40.39316],[-80.10517,40.39329],[-80.10491,40.39321]]]},"properties":{"name":"HILLTOP PARK","municipality":"COLLIER TOWNSHIP","kind":"municipal_park"}},{"type":"Feature","geometry":{"type":"Polygon","coordinates":[[[-79.85158,40.50586],[-79.85253,40.50568],[-79.85246,40.5052],[-79.85251,40.50504],[-79.85248,40.50475],[-79.85147,40.50494],[-79.85147,40.50417],[-79.85155,40.50339],[-79.85298,40.50391],[-79.85305,40.50389],[-79.8531,40.50456],[-79.85392,40.50516],[-79.85311,40.50578],[-79.85314,40.50625],[-79.85328,40.50677],[-79.85165,40.50623],[-79.85158,40.50586]]]},"properties":{"name":"RAYMOND A SCHAFER JR MEMORIAL PARK","municipality":"OHARA TOWNSHIP","kind":"municipal_park"}},{"type":"Feature","geometry":{"type":"Polygon","coordinates":[[[-80.08759,40.48635],[-80.08749,40.48638],[-80.08698,40.48629],[-80.08652,40.48634],[-80.08631,40.48648],[-80.08631,40.48624],[-80.08739,40.48561],[-80.08752,40.48569],[-80.08759,40.48635]]]},"properties":{"name":"ISLAND HIEIGHTS PARK","municipality":"STOWE TOWNSHIP","kind":"municipal_park"}},{"type":"Feature","geometry":{"type":"Polygon","coordinates":[[[-79.75527,40.54498],[-79.75585,40.54509],[-79.75573,40.54548],[-79.75534,40.54539],[-79.75527,40.54527],[-79.75498,40.54517],[-79.75513,40.54502],[-79.75527,40.54498]]]},"properties":{"name":"LOGANS FERRY PARK","municipality":"PLUM BOROUGH","kind":"municipal_park"}},{"type":"Feature","geometry":{"type":"Polygon","coordinates":[[[-79.93112,40.65997],[-79.92355,40.65742],[-79.9234,40.65386],[-79.92425,40.65384],[-79.92422,40.65181],[-79.92459,40.65172],[-79.92462,40.65282],[-79.92642,40.65272],[-79.92644,40.65378],[-79.92976,40.65368],[-79.92966,40.65388],[-79.92968,40.65417],[-79.92994,40.65486],[-79.93016,40.65494],[-79.93172,40.65486],[-79.93171,40.65581],[-79.93377,40.65574],[-79.9338,40.65618],[-79.93139,40.65625],[-79.93148,40.65732],[-79.93432,40.65755],[-79.93429,40.65767],[-79.93149,40.65744],[-79.93135,40.65847],[-79.93183,40.65911],[-79.93112,40.65997]]]},"properties":{"name":"RICHLAND COMMUNITY PARK","municipality":"RICHLAND TOWNSHIP","kind":"municipal_park"}},{"type":"Feature","geometry":{"type":"Polygon","coordinates":[[[-80.13012,40.46884],[-80.12942,40.46768],[-80.13017,40.46727],[-80.13057,40.46767],[-80.13234,40.46668],[-80.13204,40.46627],[-80.1325,40.46613],[-80.13332,40.46602],[-80.13519,40.46606],[-80.135,40.46648],[-80.13525,40.46663],[-80.13536,40.46681],[-80.13452,40.46712],[-80.13405,40.4674],[-80.13371,40.4679],[-80.13361,40.46819],[-80.13422,40.46831],[-80.13377,40.47008],[-80.13004,40.46895],[-80.13012,40.46884]]]},"properties":{"name":"CLEVER PARK","municipality":"ROBINSON TOWNSHIP","kind":"municipal_park"}},{"type":"Feature","geometry":{"type":"Polygon","coordinates":[[[-80.05613,40.54829],[-80.05605,40.54587],[-80.0573,40.54542],[-80.05623,40.54244],[-80.05873,40.54238],[-80.05877,40.54292],[-80.06043,40.54286],[-80.06165,40.54501],[-80.06276,40.54528],[-80.06281,40.54612],[-80.06332,40.54623],[-80.06266,40.54725],[-80.062,40.54727],[-80.06197,40.54701],[-80.06171,40.54668],[-80.06122,40.54657],[-80.06078,40.54685],[-80.05965,40.5466],[-80.05844,40.54677],[-80.05793,40.54701],[-80.05733,40.54771],[-80.05734,40.54826],[-80.05613,40.54829]]]},"properties":{"name":"REIS RUN PARK","municipality":"ROSS TOWNSHIP","kind":"municipal_park"}},{"type":"Feature","geometry":{"type":"Polygon","coordinates":[[[-80.03563,40.50138],[-80.03574,40.50054],[-80.03759,40.50079],[-80.03746,40.50129],[-80.03694,40.5012],[-80.03673,40.50159],[-80.0376,40.50171],[-80.03668,40.5034],[-80.03571,40.50345],[-80.03482,40.50519],[-80.03367,40.50531],[-80.0317,40.50489],[-80.03141,40.50422],[-80.03326,40.5028],[-80.03455,40.50196],[-80.0356,40.5016],[-80.03563,40.50138]]]},"properties":{"name":"DENNY PARK","municipality":"ROSS TOWNSHIP","kind":"municipal_park"}},{"type":"Feature","geometry":{"type":"Polygon","coordinates":[[[-80.04715,40.54285],[-80.04634,40.54285],[-80.04745,40.54115],[-80.04888,40.5396],[-80.04921,40.53967],[-80.04913,40.54035],[-80.04865,40.54282],[-80.04715,40.54285]]]},"properties":{"name":"MAYER PARK","municipality":"ROSS TOWNSHIP","kind":"municipal_park"}},{"type":"Feature","geometry":{"type":"Polygon","coordinates":[[[-79.9955,40.50373],[-79.99546,40.50307],[-79.99446,40.50311],[-79.99439,40.50113],[-79.99742,40.50045],[-79.99759,40.50109],[-79.9961,40.50131],[-79.99635,40.50226],[-79.99868,40.50191],[-79.99744,40.50365],[-79.9955,40.50373]]]},"properties":{"name":"OESTERLE FIELD","municipality":"ROSS TOWNSHIP","kind":"municipal_park"}},{"type":"Feature","geometry":{"type":"Polygon","coordinates":[[[-80.05052,40.50598],[-80.0502,40.50582],[-80.05014,40.50598],[-80.04962,40.50567],[-80.04997,40.50532],[-80.05031,40.50553],[-80.05024,40.50571],[-80.05056,40.50587],[-80.05052,40.50598]]]},"properties":{"name":"QUAILL PARK","municipality":"ROSS TOWNSHIP","kind":"municipal_park"}},{"type":"Feature","geometry":{"type":"Polygon","coordinates":[[[-80.02618,40.52753],[-80.02627,40.52729],[-80.02671,40.52739],[-80.02661,40.52765],[-80.02618,40.52753]]]},"properties":{"name":"2ND AVENUE PARK","municipality":"ROSS TOWNSHIP","kind":"municipal_park"}},{"type":"Feature","geometry":{"type":"Polygon","coordinates":[[[-79.99872,40.53147],[-79.9987,40.53122],[-80.00022,40.53126],[-80.00034,40.53176],[-80.00035,40.53222],[-79.9988,40.53218],[-79.99872,40.53147]]]},"properties":{"name":"TYLER PARK","municipality":"ROSS TOWNSHIP","kind":"municipal_park"}},{"type":"Feature","geometry":{"type":"Polygon","coordinates":[[[-80.08932,40.41907],[-80.08956,40.41912],[-80.09008,40.4196],[-80.08808,40.42091],[-80.08851,40.41948],[-80.08932,40.41907]]]},"properties":{"name":"PARRISH PARK","municipality":"ROSSLYN FARMS BOROUGH","kind":"municipal_park"}},{"type":"Feature","geometry":{"type":"Polygon","coordinates":[[[-80.09491,40.42416],[-80.09522,40.42411],[-80.09528,40.42463],[-80.09524,40.42489],[-80.09508,40.42511],[-80.09488,40.42527],[-80.09471,40.42534],[-80.09426,40.42543],[-80.09387,40.42437],[-80.09491,40.42416]]]},"properties":{"name":"ROSSLYN FARMS SOCCER FIELD","municipality":"ROSSLYN FARMS BOROUGH","kind":"municipal_park"}},{"type":"Feature","geometry":{"type":"Polygon","coordinates":[[[-80.08896,40.42099],[-80.08928,40.42126],[-80.08887,40.42152],[-80.08857,40.42125],[-80.08896,40.42099]]]},"properties":{"name":"ROSSYLN FARMS TENNIS COURTS","municipality":"ROSSLYN FARMS BOROUGH","kind":"municipal_park"}},{"type":"Feature","geometry":{"type":"Polygon","coordinates":[[[-80.09073,40.3996],[-80.09183,40.3993],[-80.09198,40.3996],[-80.09086,40.39991],[-80.09073,40.3996]]]},"properties":{"name":"GREGG STREET PARK","municipality":"SCOTT TOWNSHIP","kind":"municipal_park"}},{"type":"Feature","geometry":{"type":"Polygon","coordinates":[[[-80.07655,40.36361],[-80.0767,40.36353],[-80.07722,40.36369],[-80.07611,40.36419],[-80.07595,40.36392],[-80.07655,40.36361]]]},"properties":{"name":"LARSEN PARK","municipality":"SCOTT TOWNSHIP","kind":"municipal_park"}},{"type":"Feature","geometry":{"type":"Polygon","coordinates":[[[-80.07528,40.37741],[-80.07543,40.37737],[-80.0757,40.37787],[-80.07513,40.37803],[-80.07451,40.37802],[-80.07455,40.37752],[-80.07528,40.37741]]]},"properties":{"name":"MEADOWLARK PARK","municipality":"SCOTT TOWNSHIP","kind":"municipal_park"}},{"type":"Feature","geometry":{"type":"Polygon","coordinates":[[[-80.18654,40.53557],[-80.18703,40.53517],[-80.18784,40.53573],[-80.18737,40.53614],[-80.18654,40.53557]]]},"properties":{"name":"CHADWICK STREET PARK","municipality":"SEWICKLEY BOROUGH","kind":"municipal_park"}},{"type":"Feature","geometry":{"type":"Polygon","coordinates":[[[-80.18031,40.53309],[-80.17865,40.53233],[-80.18047,40.53289],[-80.18031,40.53309]]]},"properties":{"name":"MAPLE LANE PARK","municipality":"SEWICKLEY BOROUGH","kind":"municipal_park"}},{"type":"Feature","geometry":{"type":"MultiPolygon","coordinates":[[[[-80.1832,40.53607],[-80.18409,40.53648],[-80.18418,40.53657],[-80.18424,40.53671],[-80.18419,40.53673],[-80.1832,40.53607]]],[[[-80.18467,40.53676],[-80.18589,40.53737],[-80.18561,40.53763],[-80.18448,40.53692],[-80.18444,40.53685],[-80.18448,40.53678],[-80.18467,40.53676]]]]},"properties":{"name":"PARK PLACE","municipality":"SEWICKLEY BOROUGH","kind":"municipal_park"}},{"type":"Feature","geometry":{"type":"Polygon","coordinates":[[[-80.12306,40.56299],[-80.11482,40.56323],[-80.11508,40.56197],[-80.11559,40.5601],[-80.12303,40.55998],[-80.12302,40.56013],[-80.12489,40.56015],[-80.12505,40.56047],[-80.12505,40.5606],[-80.12488,40.5609],[-80.12387,40.56227],[-80.12331,40.56222],[-80.12311,40.5627],[-80.12316,40.56294],[-80.12307,40.56295],[-80.12306,40.56299]]]},"properties":{"name":"SEWICKLEY HILLS PARK","municipality":"SEWICKLEY HILLS BOROUGH","kind":"municipal_park"}},{"type":"Feature","geometry":{"type":"Polygon","coordinates":[[[-79.97326,40.50816],[-79.97263,40.50732],[-79.97169,40.50762],[-79.97159,40.50633],[-79.97427,40.50627],[-79.9742,40.50643],[-79.97439,40.50717],[-79.97395,40.50777],[-79.97326,40.50816]]]},"properties":{"name":"DENNY PARK","municipality":"SHALER TOWNSHIP","kind":"municipal_park"}},{"type":"Feature","geometry":{"type":"Polygon","coordinates":[[[-79.9869,40.5532],[-79.98682,40.5529],[-79.98631,40.55297],[-79.98613,40.55206],[-79.98783,40.55127],[-79.98672,40.55046],[-79.98878,40.55038],[-79.98893,40.55395],[-79.9871,40.55394],[-79.9869,40.5532]]]},"properties":{"name":"ELLEN HUGHES PARK","municipality":"SHALER TOWNSHIP","kind":"municipal_park"}},{"type":"Feature","geometry":{"type":"Polygon","coordinates":[[[-79.97231,40.5285],[-79.9724,40.5283],[-79.97302,40.52759],[-79.97286,40.52447],[-79.97387,40.52448],[-79.97398,40.52844],[-79.97367,40.52853],[-79.97286,40.52837],[-79.97242,40.5287],[-79.97231,40.5285]]]},"properties":{"name":"FAWCETT FIELDS","municipality":"SHALER TOWNSHIP","kind":"municipal_park"}},{"type":"Feature","geometry":{"type":"Polygon","coordinates":[[[-79.96288,40.48391],[-79.96389,40.48387],[-79.96456,40.48517],[-79.96415,40.48528],[-79.96461,40.48616],[-79.96428,40.48628],[-79.96451,40.48673],[-79.96387,40.48703],[-79.96232,40.48409],[-79.96263,40.48408],[-79.96288,40.48391]]]},"properties":{"name":"DUSS PARK","municipality":"SHALER TOWNSHIP","kind":"municipal_park"}},{"type":"Feature","geometry":{"type":"Polygon","coordinates":[[[-79.95547,40.51201],[-79.95621,40.51157],[-79.95707,40.51281],[-79.95499,40.51324],[-79.95494,40.51232],[-79.95547,40.51201]]]},"properties":{"name":"RICHTER PARK","municipality":"SHALER TOWNSHIP","kind":"municipal_park"}},{"type":"Feature","geometry":{"type":"Polygon","coordinates":[[[-79.92538,40.49475],[-79.92587,40.49469],[-79.9259,40.49521],[-79.92541,40.49526],[-79.92538,40.49475]]]},"properties":{"name":"MARION GERARDI MEMORIAL PARK","municipality":"SHARPSBURG BOROUGH","kind":"municipal_park"}},{"type":"Feature","geometry":{"type":"Polygon","coordinates":[[[-79.89007,40.41648],[-79.89085,40.41655],[-79.89074,40.41698],[-79.89093,40.41705],[-79.89078,40.4173],[-79.88993,40.41718],[-79.89007,40.41648]]]},"properties":{"name":"COLLINGWOOD AVENUE PARK","municipality":"SWISSVALE BOROUGH","kind":"municipal_park"}},{"type":"Feature","geometry":{"type":"Polygon","coordinates":[[[-79.81932,40.41251],[-79.81924,40.41234],[-79.81932,40.4122],[-79.81941,40.41222],[-79.81951,40.41193],[-79.81926,40.41189],[-79.8193,40.4115],[-79.81945,40.4115],[-79.81945,40.41121],[-79.81986,40.4112],[-79.81994,40.41137],[-79.82071,40.41183],[-79.82011,40.41259],[-79.81984,40.41249],[-79.81946,40.41261],[-79.81932,40.41251]]]},"properties":{"name":"HAMILTON AVENUE PLAYGROUND","municipality":"TURTLE CREEK BOROUGH","kind":"municipal_park"}},{"type":"Feature","geometry":{"type":"Polygon","coordinates":[[[-80.06318,40.34611],[-80.06059,40.34338],[-80.06205,40.34217],[-80.06286,40.34282],[-80.06463,40.3438],[-80.0661,40.34239],[-80.06823,40.34372],[-80.06853,40.3438],[-80.07032,40.34613],[-80.06824,40.3458],[-80.06602,40.34675],[-80.0641,40.34706],[-80.06318,40.34611]]]},"properties":{"name":"GILFILLAN PARK","municipality":"UPPER SAINT CLAIR MUNICIPALITY","kind":"municipal_park"}},{"type":"Feature","geometry":{"type":"Polygon","coordinates":[[[-79.84675,40.50086],[-79.84676,40.50079],[-79.84733,40.50084],[-79.8471,40.50205],[-79.8466,40.50201],[-79.84675,40.50086]]]},"properties":{"name":"RIVER BANK PARK","municipality":"VERONA BOROUGH","kind":"municipal_park"}},{"type":"Feature","geometry":{"type":"Polygon","coordinates":[[[-79.83609,40.50586],[-79.83602,40.50462],[-79.83714,40.50468],[-79.83706,40.50586],[-79.83609,40.50586]]]},"properties":{"name":"CRIBBS FIELD","municipality":"VERONA BOROUGH","kind":"municipal_park"}},{"type":"Feature","geometry":{"type":"Polygon","coordinates":[[[-79.83269,40.31429],[-79.83289,40.31405],[-79.83344,40.31429],[-79.83325,40.31453],[-79.83269,40.31429]]]},"properties":{"name":"FIRST STREET PLAYGROUND","municipality":"VERSAILLES BOROUGH","kind":"municipal_park"}},{"type":"Feature","geometry":{"type":"Polygon","coordinates":[[[-79.84094,40.63594],[-79.841,40.6359],[-79.842,40.63591],[-79.84202,40.63603],[-79.84181,40.63707],[-79.84101,40.63707],[-79.84097,40.63703],[-79.84094,40.63594]]]},"properties":{"name":"CURTISVILLE PARK & PLAYGROUND","municipality":"WEST DEER TOWNSHIP","kind":"municipal_park"}},{"type":"Feature","geometry":{"type":"Polygon","coordinates":[[[-79.87046,40.63247],[-79.87009,40.63223],[-79.87004,40.63227],[-79.86865,40.6317],[-79.86752,40.6324],[-79.86735,40.63231],[-79.86789,40.63204],[-79.86996,40.63075],[-79.8699,40.63062],[-79.87689,40.62821],[-79.87583,40.62665],[-79.88043,40.62645],[-79.88074,40.62765],[-79.88071,40.62791],[-79.88077,40.62823],[-79.88094,40.62883],[-79.87968,40.62905],[-79.87965,40.62893],[-79.87756,40.62962],[-79.87785,40.63018],[-79.87855,40.63079],[-79.8752,40.63228],[-79.87512,40.6321],[-79.8727,40.63213],[-79.87277,40.6337],[-79.87259,40.6337],[-79.87253,40.63259],[-79.87065,40.6326],[-79.87046,40.63247]]]},"properties":{"name":"BAIRDFORD PARK","municipality":"WEST DEER TOWNSHIP","kind":"municipal_park"}},{"type":"Feature","geometry":{"type":"Polygon","coordinates":[[[-79.89218,40.274],[-79.89228,40.2739],[-79.89262,40.27412],[-79.89231,40.27439],[-79.89197,40.27418],[-79.89218,40.274]]]},"properties":{"name":"FIRST STREET PARK","municipality":"WEST ELIZABETH BOROUGH","kind":"municipal_park"}},{"type":"Feature","geometry":{"type":"Polygon","coordinates":[[[-79.91753,40.40219],[-79.91755,40.40205],[-79.91801,40.40226],[-79.91778,40.40239],[-79.91772,40.40232],[-79.91775,40.40228],[-79.91753,40.40219]]]},"properties":{"name":"8TH AVENUE PLAYRGOUND","municipality":"WEST HOMESTEAD BOROUGH","kind":"municipal_park"}},{"type":"Feature","geometry":{"type":"MultiPolygon","coordinates":[[[[-79.87562,40.37029],[-79.87695,40.37027],[-79.87744,40.37039],[-79.87777,40.37058],[-79.8783,40.37136],[-79.87593,40.37263],[-79.8752,40.37193],[-79.87448,40.37137],[-79.87448,40.37125],[-79.87539,40.37033],[-79.87562,40.37029]]],[[[-79.87692,40.37022],[-79.87595,40.37022],[-79.87545,40.37027],[-79.87615,40.36957],[-79.87677,40.36982],[-79.8771,40.36953],[-79.87756,40.36979],[-79.87724,40.37001],[-79.87741,40.37033],[-79.87692,40.37022]]]]},"properties":{"name":"STEVEN MICKLO MEMORIAL COMPLEX","municipality":"WEST MIFFLIN BOROUGH","kind":"municipal_park"}},{"type":"Feature","geometry":{"type":"Polygon","coordinates":[[[-79.91013,40.3529],[-79.91046,40.35247],[-79.91097,40.35274],[-79.91062,40.35314],[-79.91013,40.3529]]]},"properties":{"name":"FLEETWOOD PLAYGROUND","municipality":"WEST MIFFLIN BOROUGH","kind":"municipal_park"}},{"type":"Feature","geometry":{"type":"Polygon","coordinates":[[[-79.92442,40.37252],[-79.92344,40.37054],[-79.92236,40.37072],[-79.92232,40.37022],[-79.92329,40.37008],[-79.92583,40.36892],[-79.92602,40.36918],[-79.92617,40.36916],[-79.92624,40.36961],[-79.92617,40.36961],[-79.92603,40.36978],[-79.92623,40.36976],[-79.92636,40.37059],[-79.92532,40.37112],[-79.92551,40.37222],[-79.92442,40.37252]]]},"properties":{"name":"NORDEEN PLAYGROUND","municipality":"WEST MIFFLIN BOROUGH","kind":"municipal_park"}},{"type":"Feature","geometry":{"type":"Polygon","coordinates":[[[-79.92017,40.33402],[-79.92043,40.33313],[-79.9223,40.33411],[-79.92195,40.33484],[-79.9231,40.33518],[-79.92242,40.33639],[-79.91942,40.33576],[-79.91967,40.33469],[-79.92017,40.33402]]]},"properties":{"name":"WINKLEVOSS FIELD","municipality":"WEST MIFFLIN BOROUGH","kind":"municipal_park"}},{"type":"Feature","geometry":{"type":"Polygon","coordinates":[[[-79.81156,40.35223],[-79.81316,40.35149],[-79.81339,40.35178],[-79.81454,40.35126],[-79.8159,40.35234],[-79.81317,40.35451],[-79.81095,40.35372],[-79.81156,40.35223]]]},"properties":{"name":"HERITAGE HILL PARK","municipality":"WHITE OAK BOROUGH","kind":"municipal_park"}},{"type":"Feature","geometry":{"type":"Polygon","coordinates":[[[-79.80057,40.35172],[-79.80075,40.35094],[-79.80009,40.35075],[-79.79977,40.35077],[-79.79961,40.35083],[-79.80052,40.34927],[-79.80054,40.34807],[-79.80044,40.34748],[-79.80028,40.34703],[-79.80246,40.34661],[-79.80263,40.34856],[-79.80335,40.34882],[-79.80447,40.34969],[-79.80323,40.35158],[-79.8019,40.35131],[-79.80159,40.35131],[-79.80134,40.35171],[-79.80057,40.35172]]]},"properties":{"name":"WHITE OAK ATHLETIC ASSOCIATION","municipality":"WHITE OAK BOROUGH","kind":"municipal_park"}},{"type":"Feature","geometry":{"type":"Polygon","coordinates":[[[-79.81791,40.42637],[-79.81769,40.42556],[-79.81779,40.42548],[-79.81769,40.42529],[-79.81722,40.42476],[-79.8169,40.42426],[-79.81819,40.42421],[-79.81893,40.42489],[-79.81864,40.42645],[-79.81791,40.42637]]]},"properties":{"name":"LINHART PARK","municipality":"WILKINS TOWNSHIP","kind":"municipal_park"}},{"type":"Feature","geometry":{"type":"Polygon","coordinates":[[[-79.88298,40.44113],[-79.88315,40.44082],[-79.8838,40.44104],[-79.88363,40.44134],[-79.88298,40.44113]]]},"properties":{"name":"FERGUSON PARK","municipality":"WILKINSBURG BOROUGH","kind":"municipal_park"}},{"type":"Feature","geometry":{"type":"Polygon","coordinates":[[[-79.88376,40.4474],[-79.8837,40.44718],[-79.88419,40.44734],[-79.88402,40.44765],[-79.8838,40.44758],[-79.88376,40.4474]]]},"properties":{"name":"HOLMES STREET PARK","municipality":"WILKINSBURG BOROUGH","kind":"municipal_park"}},{"type":"Feature","geometry":{"type":"Polygon","coordinates":[[[-79.87461,40.44788],[-79.87474,40.44746],[-79.87551,40.44763],[-79.87581,40.44666],[-79.87647,40.44688],[-79.87647,40.447],[-79.87641,40.44699],[-79.87647,40.44729],[-79.87649,40.44975],[-79.87432,40.44953],[-79.87445,40.44836],[-79.87461,40.44788]]]},"properties":{"name":"HUNTER PARK","municipality":"WILKINSBURG BOROUGH","kind":"municipal_park"}},{"type":"Feature","geometry":{"type":"Polygon","coordinates":[[[-79.81306,40.39796],[-79.81315,40.39787],[-79.81539,40.39932],[-79.81528,40.39941],[-79.81306,40.39796]]]},"properties":{"name":"AIRBRAKE PARK","municipality":"WILMERDING BOROUGH","kind":"municipal_park"}},{"type":"Feature","geometry":{"type":"Polygon","coordinates":[[[-79.80636,40.55465],[-79.8065,40.55455],[-79.8067,40.55493],[-79.80622,40.55519],[-79.80584,40.55513],[-79.80636,40.55465]]]},"properties":{"name":"PLATE DRIVE TOT LOT","municipality":"SPRINGDALE TOWNSHIP","kind":"municipal_park"}},{"type":"Feature","geometry":{"type":"Polygon","coordinates":[[[-80.02432,40.2938],[-80.0246,40.2939],[-80.02431,40.29424],[-80.02417,40.29417],[-80.02422,40.29403],[-80.02416,40.29386],[-80.02432,40.2938]]]},"properties":{"name":"WHITEWOOD PARK","municipality":"SOUTH PARK TOWNSHIP","kind":"municipal_park"}},{"type":"Feature","geometry":{"type":"Polygon","coordinates":[[[-79.9803,40.35222],[-79.98026,40.35214],[-79.98036,40.35169],[-79.98047,40.35156],[-79.98034,40.35071],[-79.98091,40.3506],[-79.98084,40.35046],[-79.98173,40.3503],[-79.98235,40.3508],[-79.98193,40.35103],[-79.98265,40.35181],[-79.98197,40.35192],[-79.98124,40.35242],[-79.98132,40.35261],[-79.98123,40.35263],[-79.98103,40.35212],[-79.9803,40.35222]]]},"properties":{"name":"WHITEHALL MUNICIPAL COMPLEX PARK","municipality":"WHITEHALL BOROUGH","kind":"municipal_park"}},{"type":"Feature","geometry":{"type":"Polygon","coordinates":[[[-80.16807,40.60436],[-80.16809,40.60432],[-80.16824,40.60433],[-80.16854,40.6051],[-80.16911,40.6058],[-80.1683,40.60561],[-80.16761,40.60556],[-80.16807,40.60436]]]},"properties":{"name":"BELL ACRES MUNICIPAL PARK","municipality":"BELL ACRES BOROUGH","kind":"municipal_park"}},{"type":"Feature","geometry":{"type":"Polygon","coordinates":[[[-80.0489,40.48841],[-80.04871,40.48836],[-80.0486,40.48841],[-80.04833,40.48824],[-80.04819,40.48799],[-80.04813,40.48714],[-80.04928,40.48674],[-80.04943,40.48699],[-80.04937,40.48701],[-80.04969,40.48747],[-80.0494,40.48757],[-80.0496,40.48788],[-80.04949,40.48806],[-80.04949,40.48824],[-80.04907,40.48845],[-80.0489,40.48841]]]},"properties":{"name":"GILLOTT FIELD","municipality":"BELLEVUE BOROUGH","kind":"municipal_park"}},{"type":"Feature","geometry":{"type":"Polygon","coordinates":[[[-80.07581,40.51001],[-80.07582,40.51042],[-80.07639,40.51019],[-80.07673,40.51041],[-80.0778,40.51095],[-80.07765,40.51117],[-80.07577,40.51175],[-80.07548,40.51189],[-80.07537,40.51002],[-80.07581,40.51001]]]},"properties":{"name":"AVON PARK","municipality":"KILBUCK TOWNSHIP","kind":"municipal_park"}},{"type":"Feature","geometry":{"type":"Polygon","coordinates":[[[-79.87187,40.40938],[-79.87204,40.40922],[-79.87217,40.40929],[-79.87192,40.40954],[-79.87179,40.40947],[-79.87187,40.40938]]]},"properties":{"name":"CAMP AVENUE COMMUNITY PLAYGROUND","municipality":"BRADDOCK BOROUGH","kind":"municipal_park"}},{"type":"Feature","geometry":{"type":"Polygon","coordinates":[[[-80.07469,40.40158],[-80.07518,40.40141],[-80.07692,40.40227],[-80.07637,40.40294],[-80.07647,40.40326],[-80.0755,40.40342],[-80.07584,40.4048],[-80.07468,40.40508],[-80.07476,40.40517],[-80.07442,40.40528],[-80.07333,40.40474],[-80.07222,40.40435],[-80.07051,40.40419],[-80.07019,40.40397],[-80.07023,40.40392],[-80.07007,40.40377],[-80.07002,40.40364],[-80.0701,40.40322],[-80.07469,40.40158]]]},"properties":{"name":"CARNEGIE PARK","municipality":"CARNEGIE BOROUGH","kind":"municipal_park"}},{"type":"Feature","geometry":{"type":"Polygon","coordinates":[[[-79.92765,40.54336],[-79.92923,40.5433],[-79.93064,40.54298],[-79.93035,40.54269],[-79.92933,40.54211],[-79.92927,40.54176],[-79.93167,40.54168],[-79.93296,40.54159],[-79.9329,40.54186],[-79.93292,40.54217],[-79.9333,40.54305],[-79.9334,40.54341],[-79.93287,40.54392],[-79.93241,40.54422],[-79.93173,40.54423],[-79.93168,40.54484],[-79.9317,40.54534],[-79.92774,40.54543],[-79.92771,40.54469],[-79.92758,40.54469],[-79.92757,40.54437],[-79.92769,40.54437],[-79.92765,40.54336]]]},"properties":{"name":"MIDDLE ROAD COMMUNITY PARK","municipality":"INDIANA TOWNSHIP","kind":"municipal_park"}},{"type":"Feature","geometry":{"type":"Polygon","coordinates":[[[-80.06208,40.48279],[-80.06273,40.48249],[-80.06292,40.48274],[-80.06225,40.483],[-80.06208,40.48279]]]},"properties":{"name":"PRESTON PARK","municipality":"STOWE TOWNSHIP","kind":"municipal_park"}},{"type":"Feature","geometry":{"type":"Polygon","coordinates":[[[-80.07087,40.47433],[-80.07085,40.47458],[-80.07041,40.47462],[-80.07031,40.4744],[-80.07079,40.47427],[-80.07087,40.47433]]]},"properties":{"name":"NORWOOD PARK","municipality":"STOWE TOWNSHIP","kind":"municipal_park"}},{"type":"Feature","geometry":{"type":"Polygon","coordinates":[[[-80.07776,40.42909],[-80.0785,40.42864],[-80.07958,40.42811],[-80.08087,40.42874],[-80.08338,40.43059],[-80.08096,40.43147],[-80.07776,40.42909]]]},"properties":{"name":"MEYER MIDDLETON PARK","municipality":"CRAFTON BOROUGH","kind":"municipal_park"}},{"type":"Feature","geometry":{"type":"Polygon","coordinates":[[[-80.08311,40.43193],[-80.08375,40.43173],[-80.0847,40.43127],[-80.08492,40.43146],[-80.08383,40.43226],[-80.08361,40.43232],[-80.08355,40.4322],[-80.08316,40.43217],[-80.08278,40.43221],[-80.08274,40.43213],[-80.08311,40.43193]]]},"properties":{"name":"HAMILTON ROAD PARK","municipality":"THORNBURG BOROUGH","kind":"municipal_park"}},{"type":"Feature","geometry":{"type":"Polygon","coordinates":[[[-80.04747,40.34378],[-80.04794,40.34431],[-80.04715,40.34475],[-80.0467,40.34423],[-80.04747,40.34378]]]},"properties":{"name":"UPMC BALLFIELD","municipality":"BETHEL PARK MUNICIPALITY","kind":"municipal_park"}},{"type":"Feature","geometry":{"type":"Polygon","coordinates":[[[-79.87971,40.29085],[-79.88009,40.29076],[-79.8802,40.29104],[-79.87982,40.29112],[-79.87971,40.29085]]]},"properties":{"name":"REED STREET PLAYGROUND","municipality":"CITY OF CLAIRTON","kind":"municipal_park"}},{"type":"Feature","geometry":{"type":"Polygon","coordinates":[[[-80.18631,40.39813],[-80.1862,40.39827],[-80.186,40.39819],[-80.18597,40.39812],[-80.18604,40.39804],[-80.18631,40.39813]]]},"properties":{"name":"CLINTON AVENUE PAVILION","municipality":"OAKDALE BOROUGH","kind":"municipal_park"}},{"type":"Feature","geometry":{"type":"Polygon","coordinates":[[[-80.24762,40.55781],[-80.24791,40.55769],[-80.24839,40.55775],[-80.2483,40.55815],[-80.24872,40.55825],[-80.24869,40.5583],[-80.24727,40.55796],[-80.24762,40.55781]]]},"properties":{"name":"HUNTSRIDGE PARK","municipality":"CRESCENT TOWNSHIP","kind":"municipal_park"}},{"type":"Feature","geometry":{"type":"Polygon","coordinates":[[[-79.88589,40.19667],[-79.88906,40.19596],[-79.88909,40.19695],[-79.88492,40.19751],[-79.88471,40.19697],[-79.88589,40.19667]]]},"properties":{"name":"GALLATIN SUNNYSIDE PARK","municipality":"FORWARD TOWNSHIP","kind":"municipal_park"}},{"type":"Feature","geometry":{"type":"Polygon","coordinates":[[[-79.81937,40.54156],[-79.81936,40.54142],[-79.82063,40.5414],[-79.82072,40.54175],[-79.82087,40.54397],[-79.81954,40.544],[-79.81937,40.54156]]]},"properties":{"name":"HARMAR SOCCER FIELD","municipality":"HARMAR TOWNSHIP","kind":"municipal_park"}},{"type":"Feature","geometry":{"type":"Polygon","coordinates":[[[-79.84924,40.5357],[-79.84955,40.53542],[-79.85055,40.53613],[-79.85012,40.53641],[-79.84992,40.53626],[-79.84965,40.53615],[-79.84912,40.53601],[-79.84886,40.5359],[-79.84889,40.53585],[-79.84924,40.5357]]]},"properties":{"name":"TERRACE DRIVE PARK","municipality":"HARMAR TOWNSHIP","kind":"municipal_park"}},{"type":"Feature","geometry":{"type":"Polygon","coordinates":[[[-79.81393,40.54175],[-79.8139,40.54089],[-79.8147,40.54098],[-79.8147,40.54102],[-79.81502,40.54102],[-79.81503,40.54174],[-79.81393,40.54175]]]},"properties":{"name":"ACMETONIA PARK","municipality":"HARMAR TOWNSHIP","kind":"municipal_park"}},{"type":"Feature","geometry":{"type":"Polygon","coordinates":[[[-80.14275,40.51636],[-80.14323,40.51555],[-80.144,40.5158],[-80.14355,40.51659],[-80.14275,40.51636]]]},"properties":{"name":"COTTAGE PARK","municipality":"NEVILLE TOWNSHIP","kind":"municipal_park"}},{"type":"Feature","geometry":{"type":"Polygon","coordinates":[[[-79.94963,40.37138],[-79.94943,40.37119],[-79.94922,40.37072],[-79.94901,40.37056],[-79.94982,40.37011],[-79.95026,40.37121],[-79.95078,40.37109],[-79.95087,40.37133],[-79.94991,40.37162],[-79.94963,40.37138]]]},"properties":{"name":"DEERVUE PARK","municipality":"BALDWIN BOROUGH","kind":"municipal_park"}},{"type":"Feature","geometry":{"type":"Polygon","coordinates":[[[-79.9534,40.28812],[-79.95649,40.28734],[-79.95672,40.28804],[-79.95715,40.28865],[-79.95474,40.28973],[-79.9534,40.28812]]]},"properties":{"name":"GILL HLL PARK","municipality":"JEFFERSON HILLS BOROUGH","kind":"municipal_park"}},{"type":"Feature","geometry":{"type":"Polygon","coordinates":[[[-79.91932,40.31502],[-79.91895,40.31492],[-79.91821,40.31519],[-79.9179,40.31523],[-79.91787,40.31516],[-79.91724,40.31522],[-79.91719,40.31495],[-79.91782,40.3149],[-79.91759,40.31319],[-79.9198,40.31325],[-79.92223,40.31391],[-79.92217,40.31633],[-79.92126,40.31632],[-79.92126,40.31601],[-79.91914,40.31541],[-79.91932,40.31502]]]},"properties":{"name":"885 ANDREW REILLY MEMORIAL PARK","municipality":"JEFFERSON HILLS BOROUGH","kind":"municipal_park"}},{"type":"Feature","geometry":{"type":"Polygon","coordinates":[[[-79.86006,40.32472],[-79.85982,40.32406],[-79.86009,40.32405],[-79.86008,40.32336],[-79.86161,40.32396],[-79.86143,40.32408],[-79.86152,40.32424],[-79.86006,40.32472]]]},"properties":{"name":"LIBERTY PARK","municipality":"LIBERTY BOROUGH","kind":"municipal_park"}},{"type":"Feature","geometry":{"type":"Polygon","coordinates":[[[-79.86804,40.34654],[-79.86845,40.3465],[-79.86907,40.34957],[-79.86872,40.34961],[-79.86804,40.34654]]]},"properties":{"name":"GERGELY RIVERFRONT PARK","municipality":"CITY OF MCKEESPORT","kind":"municipal_park"}},{"type":"Feature","geometry":{"type":"Polygon","coordinates":[[[-80.19195,40.40535],[-80.19202,40.40529],[-80.19254,40.40536],[-80.19302,40.40557],[-80.19347,40.40584],[-80.19372,40.40626],[-80.19347,40.40635],[-80.19345,40.40668],[-80.19327,40.40738],[-80.193,40.40777],[-80.1927,40.40781],[-80.1926,40.40746],[-80.19286,40.40714],[-80.19273,40.40694],[-80.1921,40.4065],[-80.19155,40.40567],[-80.19195,40.40535]]]},"properties":{"name":"OAKDALE PARK","municipality":"OAKDALE BOROUGH","kind":"municipal_park"}},{"type":"Feature","geometry":{"type":"Polygon","coordinates":[[[-80.09948,40.43019],[-80.09962,40.43005],[-80.09986,40.43006],[-80.09988,40.4302],[-80.09973,40.43038],[-80.09948,40.43019]]]},"properties":{"name":"PENNSBURY PARK PLAYGROUND","municipality":"PENNSBURY VILLAGE BOROUGH","kind":"municipal_park"}},{"type":"Feature","geometry":{"type":"Polygon","coordinates":[[[-80.0363,40.6593],[-80.0363,40.65956],[-80.04051,40.65958],[-80.04051,40.65934],[-80.04453,40.65938],[-80.04457,40.66035],[-80.0459,40.66033],[-80.04593,40.66093],[-80.04475,40.66135],[-80.04453,40.66151],[-80.04362,40.6624],[-80.042,40.66335],[-80.04182,40.66355],[-80.04175,40.66373],[-80.03285,40.66389],[-80.0329,40.66301],[-80.03296,40.66279],[-80.03458,40.65928],[-80.0363,40.6593]]]},"properties":{"name":"PINE COMMUNITY PARK","municipality":"PINE TOWNSHIP","kind":"municipal_park"}},{"type":"Feature","geometry":{"type":"Polygon","coordinates":[[[-79.81427,40.43982],[-79.81333,40.43863],[-79.81294,40.43834],[-79.8127,40.43825],[-79.81253,40.43657],[-79.81347,40.43615],[-79.81461,40.43526],[-79.81419,40.4349],[-79.81441,40.43472],[-79.81488,40.43523],[-79.81342,40.43728],[-79.81591,40.43777],[-79.81549,40.43916],[-79.8162,40.43913],[-79.81623,40.4395],[-79.81573,40.44005],[-79.81554,40.44014],[-79.81482,40.44032],[-79.81427,40.43982]]]},"properties":{"name":"EASTMONT PARK","municipality":"WILKINS TOWNSHIP","kind":"municipal_park"}},{"type":"Feature","geometry":{"type":"Polygon","coordinates":[[[-79.83765,40.42084],[-79.84025,40.4196],[-79.84072,40.42038],[-79.84196,40.42189],[-79.84253,40.42159],[-79.84266,40.42174],[-79.84217,40.42201],[-79.84231,40.42273],[-79.84155,40.42286],[-79.84146,40.4224],[-79.84133,40.42247],[-79.84149,40.42326],[-79.84119,40.4234],[-79.84098,40.42342],[-79.84056,40.4229],[-79.83993,40.42321],[-79.83988,40.42315],[-79.83996,40.42233],[-79.83977,40.42185],[-79.83944,40.42152],[-79.83923,40.4214],[-79.83873,40.42123],[-79.83735,40.42098],[-79.83765,40.42084]]]},"properties":{"name":"LIONS PARK","municipality":"WILKINS TOWNSHIP","kind":"municipal_park"}},{"type":"Feature","geometry":{"type":"Polygon","coordinates":[[[-80.05651,40.52435],[-80.05605,40.5226],[-80.05684,40.52226],[-80.05723,40.52317],[-80.05753,40.52436],[-80.05651,40.52435]]]},"properties":{"name":"HERGE PARK","municipality":"ROSS TOWNSHIP","kind":"municipal_park"}},{"type":"Feature","geometry":{"type":"Polygon","coordinates":[[[-80.06835,40.36073],[-80.06951,40.36014],[-80.07014,40.36061],[-80.06969,40.36111],[-80.06829,40.36147],[-80.06818,40.36113],[-80.06835,40.36073]]]},"properties":{"name":"BEADLING SOCCER FIELD","municipality":"UPPER SAINT CLAIR MUNICIPALITY","kind":"municipal_park"}},{"type":"Feature","geometry":{"type":"Polygon","coordinates":[[[-80.05317,40.31495],[-80.05332,40.31498],[-80.05272,40.31569],[-80.0523,40.31525],[-80.05317,40.31495]]]},"properties":{"name":"BIRCH TREE PARK","municipality":"BETHEL PARK MUNICIPALITY","kind":"municipal_park"}},{"type":"Feature","geometry":{"type":"Polygon","coordinates":[[[-80.06667,40.46777],[-80.06701,40.4677],[-80.06707,40.46786],[-80.06672,40.46793],[-80.06667,40.46777]]]},"properties":{"name":"3RD STREET PARKLET","municipality":"MCKEES ROCKS BOROUGH","kind":"municipal_park"}},{"type":"Feature","geometry":{"type":"Polygon","coordinates":[[[-79.85694,40.46339],[-79.85741,40.4631],[-79.85808,40.46293],[-79.85808,40.46316],[-79.85843,40.46315],[-79.85845,40.46352],[-79.8571,40.46355],[-79.85694,40.46339]]]},"properties":{"name":"BON AIR PARK","municipality":"PENN HILLS MUNICIPALITY","kind":"municipal_park"}},{"type":"Feature","geometry":{"type":"Polygon","coordinates":[[[-80.09248,40.31775],[-80.09219,40.31748],[-80.09163,40.31717],[-80.09046,40.31726],[-80.0904,40.31678],[-80.09307,40.31666],[-80.09307,40.31803],[-80.09286,40.3181],[-80.09248,40.31775]]]},"properties":{"name":"LITTLE BOYCE ATHLETIC FIELD","municipality":"UPPER SAINT CLAIR MUNICIPALITY","kind":"municipal_park"}},{"type":"Feature","geometry":{"type":"Polygon","coordinates":[[[-79.88721,40.35084],[-79.88749,40.35053],[-79.88824,40.35091],[-79.88817,40.35134],[-79.88721,40.35084]]]},"properties":{"name":"KIDSVILLE PLAYGROUND","municipality":"DRAVOSBURG BOROUGH","kind":"municipal_park"}},{"type":"Feature","geometry":{"type":"Polygon","coordinates":[[[-80.03999,40.52059],[-80.041,40.52044],[-80.04101,40.52137],[-80.04,40.52155],[-80.03999,40.52059]]]},"properties":{"name":"BRONX FIELD","municipality":"WEST VIEW BOROUGH","kind":"municipal_park"}},{"type":"Feature","geometry":{"type":"Polygon","coordinates":[[[-80.06357,40.33243],[-80.06331,40.33189],[-80.06327,40.33142],[-80.06333,40.33127],[-80.06506,40.3312],[-80.06516,40.33168],[-80.06523,40.33236],[-80.06474,40.33238],[-80.06468,40.3318],[-80.06363,40.33184],[-80.06365,40.33238],[-80.06384,40.33242],[-80.06382,40.33283],[-80.06355,40.33282],[-80.06357,40.33243]]]},"properties":{"name":"BROOKSIDE PARK","municipality":"UPPER SAINT CLAIR MUNICIPALITY","kind":"municipal_park"}},{"type":"Feature","geometry":{"type":"Polygon","coordinates":[[[-80.06626,40.50174],[-80.06645,40.50138],[-80.06686,40.50083],[-80.06715,40.501],[-80.06702,40.50111],[-80.06661,40.5019],[-80.06626,40.50174]]]},"properties":{"name":"CALIFORNIA AVENUE PARK","municipality":"AVALON BOROUGH","kind":"municipal_park"}},{"type":"Feature","geometry":{"type":"Polygon","coordinates":[[[-79.90627,40.34305],[-79.90629,40.34302],[-79.90701,40.34302],[-79.90717,40.34525],[-79.9061,40.34529],[-79.90614,40.34603],[-79.906,40.34605],[-79.90586,40.34371],[-79.90627,40.34305]]]},"properties":{"name":"CAMDEN SOFTBALL COMPLEX ","municipality":"WEST MIFFLIN BOROUGH","kind":"municipal_park"}},{"type":"Feature","geometry":{"type":"Polygon","coordinates":[[[-80.05631,40.35025],[-80.0559,40.35006],[-80.05602,40.34992],[-80.05643,40.35012],[-80.05682,40.34964],[-80.05763,40.35036],[-80.05705,40.35102],[-80.0562,40.35039],[-80.05631,40.35025]]]},"properties":{"name":"CLAIR PARK","municipality":"UPPER SAINT CLAIR MUNICIPALITY","kind":"municipal_park"}},{"type":"Feature","geometry":{"type":"Polygon","coordinates":[[[-80.04373,40.38048],[-80.04375,40.38013],[-80.04439,40.38053],[-80.04433,40.38063],[-80.04373,40.38048]]]},"properties":{"name":"CLEARVIEW COMMON","municipality":"MOUNT LEBANON MUNICIPALITY","kind":"municipal_park"}},{"type":"Feature","geometry":{"type":"Polygon","coordinates":[[[-80.04215,40.51691],[-80.04224,40.5165],[-80.0427,40.51655],[-80.04261,40.51696],[-80.04215,40.51691]]]},"properties":{"name":"COLUMBIA AVENUE PLAYGROUND","municipality":"WEST VIEW BOROUGH","kind":"municipal_park"}},{"type":"Feature","geometry":{"type":"Polygon","coordinates":[[[-79.84902,40.37477],[-79.84937,40.37458],[-79.84958,40.37481],[-79.84923,40.37499],[-79.84902,40.37477]]]},"properties":{"name":"HAMILTON AVENUE PLAYGROUND","municipality":"CITY OF DUQUESNE","kind":"municipal_park"}},{"type":"Feature","geometry":{"type":"Polygon","coordinates":[[[-79.84775,40.37259],[-79.84787,40.37288],[-79.84703,40.37308],[-79.84691,40.37279],[-79.84775,40.37259]],[[-79.84733,40.37278],[-79.84733,40.37276],[-79.84731,40.37273],[-79.84733,40.37278]]]},"properties":{"name":"GRANT AVENUE PARKLET","municipality":"CITY OF DUQUESNE","kind":"municipal_park"}},{"type":"Feature","geometry":{"type":"Polygon","coordinates":[[[-80.1119,40.32862],[-80.11155,40.32816],[-80.11143,40.32791],[-80.11132,40.32727],[-80.11139,40.32725],[-80.11134,40.32707],[-80.11129,40.32708],[-80.11121,40.32685],[-80.11128,40.32683],[-80.11071,40.32551],[-80.11072,40.32539],[-80.11082,40.32529],[-80.11173,40.32505],[-80.11468,40.32466],[-80.11714,40.32534],[-80.12184,40.33132],[-80.12406,40.33204],[-80.12171,40.33565],[-80.11462,40.33667],[-80.11541,40.33547],[-80.11584,40.33456],[-80.11594,40.33421],[-80.11598,40.33391],[-80.11594,40.33372],[-80.11537,40.33252],[-80.11517,40.33226],[-80.11496,40.33203],[-80.11438,40.33171],[-80.11441,40.33147],[-80.11377,40.33098],[-80.11396,40.33028],[-80.11394,40.33012],[-80.11386,40.32996],[-80.1137,40.32982],[-80.11227,40.32897],[-80.1119,40.32862]],[[-80.11622,40.32823],[-80.11576,40.32724],[-80.11571,40.32731],[-80.11622,40.32823]]]},"properties":{"name":"FAIRVIEW PARK","municipality":"SOUTH FAYETTE TOWNSHIP","kind":"municipal_park"}},{"type":"Feature","geometry":{"type":"Polygon","coordinates":[[[-80.02793,40.51378],[-80.0281,40.51369],[-80.02831,40.51393],[-80.02814,40.51402],[-80.02793,40.51378]]]},"properties":{"name":"JOHN W FARLEY PLAYGROUND","municipality":"WEST VIEW BOROUGH","kind":"municipal_park"}},{"type":"Feature","geometry":{"type":"Polygon","coordinates":[[[-79.90759,40.40583],[-79.90875,40.40524],[-79.9093,40.40574],[-79.90806,40.40637],[-79.90759,40.40583]]]},"properties":{"name":"FRICK PARK","municipality":"HOMESTEAD BOROUGH","kind":"municipal_park"}},{"type":"Feature","geometry":{"type":"Polygon","coordinates":[[[-79.77103,40.40949],[-79.77123,40.40927],[-79.77192,40.40971],[-79.7717,40.40993],[-79.77103,40.40949]]]},"properties":{"name":"FRIENDSHIP PARK","municipality":"PITCAIRN BOROUGH","kind":"municipal_park"}},{"type":"Feature","geometry":{"type":"Polygon","coordinates":[[[-80.01129,40.29111],[-80.01179,40.29089],[-80.01202,40.29121],[-80.01172,40.29138],[-80.01129,40.29111]]]},"properties":{"name":"GROVE PARK","municipality":"SOUTH PARK TOWNSHIP","kind":"municipal_park"}},{"type":"Feature","geometry":{"type":"Polygon","coordinates":[[[-80.05147,40.40444],[-80.05171,40.40417],[-80.05077,40.40369],[-80.0508,40.40353],[-80.05058,40.40321],[-80.05066,40.40317],[-80.05026,40.4026],[-80.0511,40.40226],[-80.05151,40.40274],[-80.052,40.40432],[-80.05193,40.40428],[-80.05162,40.40453],[-80.05147,40.40444]]]},"properties":{"name":"HALE PARK","municipality":"GREEN TREE BOROUGH","kind":"municipal_park"}},{"type":"Feature","geometry":{"type":"Polygon","coordinates":[[[-80.07562,40.30353],[-80.07546,40.30341],[-80.07715,40.30333],[-80.07732,40.30345],[-80.07783,40.30344],[-80.0783,40.30391],[-80.07678,40.30439],[-80.07562,40.30353]]]},"properties":{"name":"HAYS PARK","municipality":"UPPER SAINT CLAIR MUNICIPALITY","kind":"municipal_park"}},{"type":"Feature","geometry":{"type":"Polygon","coordinates":[[[-79.9713,40.36014],[-79.97078,40.35953],[-79.97039,40.35972],[-79.96911,40.35949],[-79.96867,40.35966],[-79.96839,40.35924],[-79.96988,40.3582],[-79.97143,40.36005],[-79.9713,40.36014]]]},"properties":{"name":"HIGHLAND PARK","municipality":"WHITEHALL BOROUGH","kind":"municipal_park"}},{"type":"Feature","geometry":{"type":"Polygon","coordinates":[[[-80.01878,40.36169],[-80.01887,40.36162],[-80.01971,40.36168],[-80.01959,40.36206],[-80.01943,40.36209],[-80.02058,40.36359],[-80.01825,40.36406],[-80.01803,40.36326],[-80.01806,40.36284],[-80.01779,40.36243],[-80.01878,40.36169]]]},"properties":{"name":"HAMILTON PARK","municipality":"CASTLE SHANNON BOROUGH","kind":"municipal_park"}},{"type":"Feature","geometry":{"type":"Polygon","coordinates":[[[-80.02864,40.51887],[-80.02874,40.51885],[-80.0288,40.51916],[-80.02848,40.5192],[-80.02841,40.5189],[-80.02864,40.51887]]]},"properties":{"name":"GLENMORE PARK","municipality":"WEST VIEW BOROUGH","kind":"municipal_park"}},{"type":"Feature","geometry":{"type":"Polygon","coordinates":[[[-80.01013,40.50034],[-80.01021,40.49993],[-80.01073,40.49984],[-80.01075,40.5002],[-80.01049,40.5002],[-80.01024,40.50038],[-80.01013,40.50034]]]},"properties":{"name":"NELSON PARK","municipality":"ROSS TOWNSHIP","kind":"municipal_park"}},{"type":"Feature","geometry":{"type":"Polygon","coordinates":[[[-80.03923,40.49805],[-80.03974,40.49708],[-80.04385,40.49767],[-80.04335,40.49855],[-80.04476,40.49955],[-80.04477,40.49983],[-80.04431,40.50002],[-80.044,40.50026],[-80.04252,40.49954],[-80.03923,40.49805]]]},"properties":{"name":"SEVILLE PARK","municipality":"ROSS TOWNSHIP","kind":"municipal_park"}},{"type":"Feature","geometry":{"type":"Polygon","coordinates":[[[-80.01289,40.37135],[-80.01377,40.3706],[-80.01506,40.37172],[-80.0142,40.37245],[-80.01289,40.37135]]]},"properties":{"name":"OBRIEN FIELD","municipality":"CASTLE SHANNON BOROUGH","kind":"municipal_park"}},{"type":"Feature","geometry":{"type":"Polygon","coordinates":[[[-80.06637,40.44204],[-80.06649,40.44068],[-80.06843,40.44128],[-80.06744,40.4431],[-80.06688,40.44318],[-80.06682,40.44323],[-80.06651,40.44308],[-80.06631,40.44275],[-80.06637,40.44204]]]},"properties":{"name":"FOSTER PARK","municipality":"INGRAM BOROUGH","kind":"municipal_park"}},{"type":"Feature","geometry":{"type":"Polygon","coordinates":[[[-80.0778,40.31911],[-80.07795,40.31872],[-80.07941,40.31926],[-80.07943,40.31931],[-80.07929,40.31989],[-80.07886,40.32013],[-80.0778,40.31911]]]},"properties":{"name":"JOHNSTON PARK","municipality":"UPPER SAINT CLAIR MUNICIPALITY","kind":"municipal_park"}},{"type":"Feature","geometry":{"type":"Polygon","coordinates":[[[-79.87443,40.4753],[-79.8744,40.47524],[-79.8793,40.47523],[-79.87956,40.47542],[-79.87923,40.47566],[-79.87787,40.47618],[-79.87775,40.47631],[-79.87769,40.47647],[-79.87773,40.47725],[-79.87767,40.47756],[-79.87752,40.4777],[-79.87706,40.47785],[-79.87667,40.47787],[-79.87627,40.47774],[-79.87584,40.47735],[-79.87556,40.47676],[-79.8749,40.4761],[-79.87443,40.4753]]]},"properties":{"name":"PENN HILLS MULTIPURPOSE CENTER","municipality":"PENN HILLS MUNICIPALITY","kind":"municipal_park"}},{"type":"Feature","geometry":{"type":"MultiPolygon","coordinates":[[[[-80.052,40.37296],[-80.05189,40.37283],[-80.05241,40.37277],[-80.05599,40.37174],[-80.05695,40.3724],[-80.05777,40.37281],[-80.05766,40.37258],[-80.05795,40.37235],[-80.05808,40.37246],[-80.05864,40.37179],[-80.05952,40.37123],[-80.05718,40.37424],[-80.05608,40.37601],[-80.05548,40.37739],[-80.05521,40.37774],[-80.05508,40.37771],[-80.05473,40.37726],[-80.0552,40.37705],[-80.052,40.37296]]],[[[-80.05691,40.37497],[-80.05728,40.3744],[-80.05723,40.37465],[-80.05691,40.37497]]],[[[-80.05736,40.37458],[-80.05756,40.37438],[-80.0579,40.37482],[-80.05705,40.37499],[-80.05734,40.37469],[-80.05736,40.37458]]],[[[-80.05658,40.37551],[-80.05679,40.37519],[-80.05779,40.37502],[-80.05792,40.37506],[-80.05792,40.37529],[-80.05774,40.37556],[-80.05732,40.3754],[-80.05707,40.37576],[-80.05661,40.37559],[-80.05658,40.37551]]],[[[-80.05649,40.37571],[-80.05694,40.3759],[-80.05667,40.37636],[-80.05614,40.37773],[-80.05575,40.37809],[-80.05544,40.3779],[-80.05542,40.37783],[-80.05565,40.37743],[-80.05616,40.37621],[-80.05649,40.37571]]]]},"properties":{"name":"MOUNT LEBANON MAIN PARK","municipality":"MOUNT LEBANON MUNICIPALITY","kind":"municipal_park"}},{"type":"Feature","geometry":{"type":"Polygon","coordinates":[[[-80.10796,40.51461],[-80.10622,40.51375],[-80.1067,40.51252],[-80.11117,40.51377],[-80.11101,40.51445],[-80.10992,40.51431],[-80.10908,40.51458],[-80.10901,40.51485],[-80.10796,40.51461]]]},"properties":{"name":"MARMO COMMUNITY PARK","municipality":"EMSWORTH BOROUGH","kind":"municipal_park"}},{"type":"Feature","geometry":{"type":"Polygon","coordinates":[[[-79.78625,40.48989],[-79.78657,40.4895],[-79.7873,40.48951],[-79.78664,40.49025],[-79.78625,40.48989]]]},"properties":{"name":"MEADOW PARK","municipality":"PENN HILLS MUNICIPALITY","kind":"municipal_park"}},{"type":"Feature","geometry":{"type":"Polygon","coordinates":[[[-80.04723,40.3878],[-80.04736,40.38776],[-80.04806,40.38925],[-80.04752,40.38937],[-80.04681,40.38792],[-80.04723,40.3878]]]},"properties":{"name":"MEADOWCROFT PARK","municipality":"MOUNT LEBANON MUNICIPALITY","kind":"municipal_park"}},{"type":"Feature","geometry":{"type":"Polygon","coordinates":[[[-79.8571,40.37304],[-79.85646,40.37284],[-79.85641,40.37292],[-79.85626,40.37283],[-79.85584,40.37235],[-79.85599,40.37227],[-79.85601,40.37217],[-79.85553,40.37162],[-79.85667,40.37136],[-79.85633,40.37105],[-79.85718,40.37086],[-79.85785,40.37155],[-79.85759,40.3717],[-79.85822,40.37236],[-79.85799,40.37249],[-79.85816,40.37266],[-79.85801,40.37276],[-79.8571,40.37304]]]},"properties":{"name":"POLISH HILL PARK","municipality":"CITY OF DUQUESNE","kind":"municipal_park"}},{"type":"Feature","geometry":{"type":"Polygon","coordinates":[[[-80.03967,40.32066],[-80.03997,40.3206],[-80.04034,40.322],[-80.03723,40.3224],[-80.03708,40.32236],[-80.03677,40.32116],[-80.03967,40.32066]]]},"properties":{"name":"MINERS MEMORIAL PARK","municipality":"BETHEL PARK MUNICIPALITY","kind":"municipal_park"}},{"type":"Feature","geometry":{"type":"Polygon","coordinates":[[[-80.13177,40.39053],[-80.13178,40.39095],[-80.13159,40.39124],[-80.13122,40.39133],[-80.13075,40.39032],[-80.13098,40.39024],[-80.13177,40.39053]]]},"properties":{"name":"GAZEBO PARK & VETERANS MEMORIAL","municipality":"COLLIER TOWNSHIP","kind":"municipal_park"}},{"type":"Feature","geometry":{"type":"Polygon","coordinates":[[[-79.86845,40.58169],[-79.86841,40.57933],[-79.87083,40.58175],[-79.87204,40.58304],[-79.8714,40.58294],[-79.87082,40.58276],[-79.86845,40.58182],[-79.86845,40.58169]]]},"properties":{"name":"MUNICIPAL FIELD","municipality":"INDIANA TOWNSHIP","kind":"municipal_park"}},{"type":"Feature","geometry":{"type":"Polygon","coordinates":[[[-79.88349,40.35369],[-79.88387,40.35353],[-79.88433,40.35415],[-79.88396,40.35432],[-79.88349,40.35369]]]},"properties":{"name":"NORTH HILL PLAYGROUND","municipality":"DRAVOSBURG BOROUGH","kind":"municipal_park"}},{"type":"Feature","geometry":{"type":"Polygon","coordinates":[[[-80.03744,40.33776],[-80.03738,40.33763],[-80.03716,40.33768],[-80.03707,40.33748],[-80.03714,40.33711],[-80.0377,40.33696],[-80.0377,40.33682],[-80.03795,40.33677],[-80.03855,40.33837],[-80.03811,40.33848],[-80.03757,40.33804],[-80.03744,40.33776]]]},"properties":{"name":"OAK TREE PARK","municipality":"BETHEL PARK MUNICIPALITY","kind":"municipal_park"}},{"type":"Feature","geometry":{"type":"Polygon","coordinates":[[[-79.98952,40.36838],[-79.99014,40.36818],[-79.98995,40.36874],[-79.99002,40.36911],[-79.98954,40.36916],[-79.98866,40.36899],[-79.98813,40.36897],[-79.98806,40.36883],[-79.98952,40.36838]]]},"properties":{"name":"FRANK PARK","municipality":"WHITEHALL BOROUGH","kind":"municipal_park"}},{"type":"Feature","geometry":{"type":"Polygon","coordinates":[[[-80.00736,40.35712],[-80.00725,40.35719],[-80.00725,40.35712],[-80.00656,40.35707],[-80.0078,40.35646],[-80.00893,40.35611],[-80.00956,40.35623],[-80.0085,40.35692],[-80.00809,40.35731],[-80.00736,40.35712]]]},"properties":{"name":"OVERLOOK PARK","municipality":"WHITEHALL BOROUGH","kind":"municipal_park"}},{"type":"Feature","geometry":{"type":"Polygon","coordinates":[[[-80.06424,40.4125],[-80.06436,40.4122],[-80.06499,40.41235],[-80.06515,40.41193],[-80.0659,40.41177],[-80.06575,40.41215],[-80.0653,40.41293],[-80.06463,40.41324],[-80.06469,40.4131],[-80.06406,40.41282],[-80.06424,40.4125]]]},"properties":{"name":"PARKEDGE PARK","municipality":"GREEN TREE BOROUGH","kind":"municipal_park"}},{"type":"Feature","geometry":{"type":"Polygon","coordinates":[[[-79.83071,40.44859],[-79.83154,40.4487],[-79.83149,40.44897],[-79.8306,40.44885],[-79.83071,40.44859]]]},"properties":{"name":"PENN VIEW PARK","municipality":"PENN HILLS MUNICIPALITY","kind":"municipal_park"}},{"type":"Feature","geometry":{"type":"Polygon","coordinates":[[[-80.03389,40.52299],[-80.03454,40.52286],[-80.03472,40.52331],[-80.03406,40.52346],[-80.03389,40.52299]]]},"properties":{"name":"RICHARD E POWELL PARK","municipality":"WEST VIEW BOROUGH","kind":"municipal_park"}},{"type":"Feature","geometry":{"type":"Polygon","coordinates":[[[-80.03826,40.3305],[-80.03794,40.32943],[-80.03805,40.32942],[-80.03807,40.32949],[-80.03897,40.3294],[-80.03914,40.32983],[-80.03942,40.32977],[-80.03964,40.33039],[-80.04142,40.32997],[-80.04152,40.33023],[-80.04268,40.33001],[-80.04285,40.33073],[-80.03871,40.33215],[-80.03826,40.3305]]]},"properties":{"name":"PETER PAGE PARK","municipality":"BETHEL PARK MUNICIPALITY","kind":"municipal_park"}},{"type":"Feature","geometry":{"type":"Polygon","coordinates":[[[-80.01196,40.34069],[-80.01242,40.3404],[-80.01217,40.34016],[-80.01316,40.33983],[-80.01279,40.34057],[-80.01268,40.34064],[-80.01254,40.3405],[-80.01206,40.34079],[-80.01196,40.34069]]]},"properties":{"name":"PINE TREE PARK","municipality":"BETHEL PARK MUNICIPALITY","kind":"municipal_park"}},{"type":"Feature","geometry":{"type":"Polygon","coordinates":[[[-79.89967,40.45325],[-79.9007,40.45364],[-79.90001,40.4545],[-79.89907,40.45405],[-79.89967,40.45325]]]},"properties":{"name":"HOMEWOOD PARK","municipality":"CITY OF PITTSBURGH","kind":"municipal_park"}},{"type":"Feature","geometry":{"type":"Polygon","coordinates":[[[-79.88862,40.45574],[-79.88992,40.45603],[-79.88978,40.45641],[-79.88849,40.45612],[-79.88862,40.45574]]]},"properties":{"name":"BAXTER PARK","municipality":"CITY OF PITTSBURGH","kind":"municipal_park"}},{"type":"Feature","geometry":{"type":"Polygon","coordinates":[[[-80.05683,40.58839],[-80.0617,40.58827],[-80.06305,40.58871],[-80.06306,40.58902],[-80.05611,40.58924],[-80.05683,40.58839]]]},"properties":{"name":"POTTER PARK","municipality":"MCCANDLESS TOWNSHIP","kind":"municipal_park"}},{"type":"Feature","geometry":{"type":"Polygon","coordinates":[[[-80.1172,40.37418],[-80.11764,40.37401],[-80.11791,40.37449],[-80.11751,40.3748],[-80.11691,40.3743],[-80.1172,40.37418]]]},"properties":{"name":"PRESTO PARK","municipality":"COLLIER TOWNSHIP","kind":"municipal_park"}},{"type":"Feature","geometry":{"type":"Polygon","coordinates":[[[-79.9611,40.36648],[-79.95968,40.36507],[-79.96383,40.36438],[-79.96396,40.36485],[-79.9637,40.36537],[-79.96311,40.36572],[-79.96244,40.36569],[-79.9611,40.36648]]]},"properties":{"name":"WALLACE PARK","municipality":"WHITEHALL BOROUGH","kind":"municipal_park"}},{"type":"Feature","geometry":{"type":"Polygon","coordinates":[[[-80.10211,40.34574],[-80.10214,40.34529],[-80.10043,40.34497],[-80.0992,40.34501],[-80.09729,40.34355],[-80.09585,40.34328],[-80.09631,40.34257],[-80.09929,40.3442],[-80.10038,40.34471],[-80.10398,40.34504],[-80.10393,40.34539],[-80.10341,40.34539],[-80.10341,40.34559],[-80.10317,40.3456],[-80.10252,40.34572],[-80.10134,40.34607],[-80.1013,40.34598],[-80.10211,40.34574]]]},"properties":{"name":"RAVINE PARK","municipality":"UPPER SAINT CLAIR MUNICIPALITY","kind":"municipal_park"}},{"type":"Feature","geometry":{"type":"Polygon","coordinates":[[[-80.18752,40.53625],[-80.18771,40.53607],[-80.1905,40.53844],[-80.18996,40.53872],[-80.18838,40.53687],[-80.18752,40.53625]]]},"properties":{"name":"RIVERFRONT PARK","municipality":"SEWICKLEY BOROUGH","kind":"municipal_park"}},{"type":"Feature","geometry":{"type":"Polygon","coordinates":[[[-80.0343,40.36337],[-80.03463,40.36316],[-80.03482,40.36333],[-80.03515,40.36312],[-80.03554,40.36347],[-80.03487,40.3639],[-80.0343,40.36337]]]},"properties":{"name":"ROCKWOOD PARK","municipality":"MOUNT LEBANON MUNICIPALITY","kind":"municipal_park"}},{"type":"Feature","geometry":{"type":"Polygon","coordinates":[[[-80.06929,40.41531],[-80.06983,40.41527],[-80.06986,40.41555],[-80.06933,40.41558],[-80.06929,40.41531]]]},"properties":{"name":"ROOK PARK","municipality":"GREEN TREE BOROUGH","kind":"municipal_park"}},{"type":"Feature","geometry":{"type":"Polygon","coordinates":[[[-79.82695,40.58803],[-79.82726,40.58802],[-79.82727,40.58864],[-79.82556,40.58867],[-79.8255,40.58853],[-79.82549,40.58807],[-79.82695,40.58803]]]},"properties":{"name":"RURAL RIDGE COMMUNITY PARK","municipality":"INDIANA TOWNSHIP","kind":"municipal_park"}},{"type":"Feature","geometry":{"type":"Polygon","coordinates":[[[-79.96557,40.39692],[-79.96557,40.3968],[-79.96604,40.3968],[-79.96603,40.39722],[-79.96591,40.39723],[-79.96557,40.39692]]]},"properties":{"name":"SANDA PARK","municipality":"BALDWIN BOROUGH","kind":"municipal_park"}},{"type":"Feature","geometry":{"type":"Polygon","coordinates":[[[-79.82177,40.52145],[-79.81945,40.52147],[-79.81924,40.52096],[-79.81948,40.52073],[-79.82004,40.52032],[-79.82019,40.51878],[-79.82061,40.51795],[-79.82061,40.51604],[-79.8217,40.51603],[-79.82167,40.51864],[-79.82177,40.52145]]]},"properties":{"name":"DARK HOLLOW WOODS PARK","municipality":"OAKMONT BOROUGH","kind":"municipal_park"}},{"type":"Feature","geometry":{"type":"Polygon","coordinates":[[[-79.88696,40.26858],[-79.88745,40.26817],[-79.88819,40.26867],[-79.8877,40.26909],[-79.88696,40.26858]]]},"properties":{"name":"DUKE PARK","municipality":"ELIZABETH BOROUGH","kind":"municipal_park"}},{"type":"Feature","geometry":{"type":"Polygon","coordinates":[[[-79.8897,40.27176],[-79.8905,40.27112],[-79.89059,40.27119],[-79.88968,40.27193],[-79.8898,40.27202],[-79.88812,40.27351],[-79.88785,40.2733],[-79.8897,40.27176]]]},"properties":{"name":"RIVERFRONT PARK","municipality":"ELIZABETH BOROUGH","kind":"municipal_park"}},{"type":"Feature","geometry":{"type":"Polygon","coordinates":[[[-79.71632,40.62708],[-79.71494,40.62712],[-79.71489,40.62628],[-79.71636,40.62477],[-79.71818,40.62543],[-79.71884,40.62581],[-79.71782,40.6267],[-79.71704,40.62748],[-79.71632,40.62708]]]},"properties":{"name":"ALSCO COMMUNITY PARK","municipality":"HARRISON TOWNSHIP","kind":"municipal_park"}},{"type":"Feature","geometry":{"type":"Polygon","coordinates":[[[-79.72015,40.61346],[-79.72021,40.61338],[-79.72072,40.61342],[-79.72094,40.61358],[-79.72031,40.61399],[-79.72032,40.61412],[-79.72057,40.61429],[-79.72036,40.61443],[-79.72031,40.61444],[-79.71981,40.61403],[-79.71995,40.61372],[-79.72015,40.61346]]]},"properties":{"name":"NATRONA PARK","municipality":"HARRISON TOWNSHIP","kind":"municipal_park"}},{"type":"Feature","geometry":{"type":"Polygon","coordinates":[[[-80.10443,40.40637],[-80.10487,40.40614],[-80.1056,40.40692],[-80.10472,40.40739],[-80.10419,40.40683],[-80.10464,40.4066],[-80.10443,40.40637]]]},"properties":{"name":"SKVARCA PARK","municipality":"COLLIER TOWNSHIP","kind":"municipal_park"}},{"type":"Feature","geometry":{"type":"Polygon","coordinates":[[[-79.98325,40.34836],[-79.98373,40.34825],[-79.98403,40.34905],[-79.98229,40.34942],[-79.98207,40.34864],[-79.98325,40.34836]]]},"properties":{"name":"SNYDER PARK","municipality":"WHITEHALL BOROUGH","kind":"municipal_park"}},{"type":"Feature","geometry":{"type":"Polygon","coordinates":[[[-80.04705,40.41071],[-80.04741,40.41046],[-80.04791,40.4109],[-80.0478,40.41098],[-80.04702,40.41073],[-80.04705,40.41071]]]},"properties":{"name":"SODINI PARKLET","municipality":"GREEN TREE BOROUGH","kind":"municipal_park"}},{"type":"Feature","geometry":{"type":"Polygon","coordinates":[[[-79.77537,40.40665],[-79.77553,40.4063],[-79.77582,40.40638],[-79.77638,40.40644],[-79.77603,40.40684],[-79.77607,40.40697],[-79.77604,40.40709],[-79.77583,40.40722],[-79.77565,40.40723],[-79.77555,40.40718],[-79.77573,40.40676],[-79.77537,40.40665]]]},"properties":{"name":"SUMMERS FIELD","municipality":"PITCAIRN BOROUGH","kind":"municipal_park"}},{"type":"Feature","geometry":{"type":"Polygon","coordinates":[[[-79.96535,40.34702],[-79.96572,40.34742],[-79.967,40.34831],[-79.96578,40.34851],[-79.96529,40.34718],[-79.96535,40.34702]]]},"properties":{"name":"SPRINGDALE PARK","municipality":"BALDWIN BOROUGH","kind":"municipal_park"}},{"type":"Feature","geometry":{"type":"Polygon","coordinates":[[[-79.77751,40.41668],[-79.77758,40.41656],[-79.77784,40.41656],[-79.77786,40.41621],[-79.77745,40.4162],[-79.77748,40.41586],[-79.77836,40.41614],[-79.77753,40.41812],[-79.77887,40.4184],[-79.7813,40.41903],[-79.77986,40.42241],[-79.77738,40.42022],[-79.77592,40.41985],[-79.77619,40.41926],[-79.77592,40.41908],[-79.77617,40.41868],[-79.77658,40.41815],[-79.77679,40.41748],[-79.77703,40.41694],[-79.77744,40.41678],[-79.77751,40.41668]]]},"properties":{"name":"SUGAR CAMP PARK","municipality":"PITCAIRN BOROUGH","kind":"municipal_park"}},{"type":"Feature","geometry":{"type":"Polygon","coordinates":[[[-79.90941,40.40631],[-79.90974,40.40615],[-79.90999,40.40637],[-79.90962,40.40656],[-79.90941,40.40631]]]},"properties":{"name":"SULLIVAN PLAYGROUND","municipality":"HOMESTEAD BOROUGH","kind":"municipal_park"}},{"type":"Feature","geometry":{"type":"Polygon","coordinates":[[[-80.02849,40.3843],[-80.02845,40.38423],[-80.02818,40.38427],[-80.02806,40.38407],[-80.02751,40.38415],[-80.02746,40.38405],[-80.02623,40.38395],[-80.02672,40.38216],[-80.02681,40.38205],[-80.02843,40.38272],[-80.02821,40.38357],[-80.02881,40.3847],[-80.02873,40.38471],[-80.02849,40.3843]]]},"properties":{"name":"SUNSET HILLS PARK","municipality":"MOUNT LEBANON MUNICIPALITY","kind":"municipal_park"}},{"type":"Feature","geometry":{"type":"Polygon","coordinates":[[[-80.06637,40.50618],[-80.06694,40.50601],[-80.06702,40.50576],[-80.0672,40.5057],[-80.06743,40.50613],[-80.06637,40.50618]]]},"properties":{"name":"N BIRMINGHAM TOT LOT","municipality":"AVALON BOROUGH","kind":"municipal_park"}},{"type":"Feature","geometry":{"type":"Polygon","coordinates":[[[-80.07054,40.49997],[-80.07063,40.49986],[-80.07079,40.49996],[-80.07073,40.50005],[-80.07054,40.49997]]]},"properties":{"name":"S BIRMINGHAM TOT LOT","municipality":"AVALON BOROUGH","kind":"municipal_park"}},{"type":"Feature","geometry":{"type":"Polygon","coordinates":[[[-79.80713,40.51045],[-79.80698,40.51027],[-79.80554,40.50746],[-79.80889,40.50609],[-79.80937,40.50635],[-79.8095,40.50619],[-79.81155,40.50646],[-79.81196,40.50645],[-79.81195,40.50685],[-79.8124,40.50686],[-79.81237,40.50712],[-79.81219,40.50734],[-79.81174,40.5075],[-79.81122,40.50759],[-79.81095,40.50772],[-79.81083,40.50786],[-79.81077,40.50802],[-79.8108,40.50824],[-79.81097,40.50849],[-79.81116,40.50866],[-79.81074,40.50884],[-79.81111,40.50955],[-79.80748,40.51074],[-79.80713,40.51045]]]},"properties":{"name":"TURNER FRIENDSHIP PARK","municipality":"PENN HILLS MUNICIPALITY","kind":"municipal_park"}},{"type":"Feature","geometry":{"type":"Polygon","coordinates":[[[-80.05715,40.39525],[-80.05723,40.39521],[-80.05706,40.39591],[-80.05875,40.39591],[-80.05893,40.39727],[-80.05686,40.39755],[-80.0571,40.39891],[-80.05457,40.39907],[-80.05412,40.3965],[-80.05715,40.39525]]]},"properties":{"name":"TWIN HILLS TRAILS PARK","municipality":"SCOTT TOWNSHIP","kind":"municipal_park"}},{"type":"Feature","geometry":{"type":"Polygon","coordinates":[[[-79.99288,40.36007],[-79.99254,40.35958],[-79.9935,40.35919],[-79.99393,40.35982],[-79.99405,40.35966],[-79.9946,40.35993],[-79.99435,40.36024],[-79.99367,40.35993],[-79.9933,40.36023],[-79.99306,40.36033],[-79.99288,40.36007]]]},"properties":{"name":"UNION PARK","municipality":"WHITEHALL BOROUGH","kind":"municipal_park"}},{"type":"Feature","geometry":{"type":"Polygon","coordinates":[[[-79.78396,40.47169],[-79.78354,40.47142],[-79.78335,40.4716],[-79.78141,40.46908],[-79.78253,40.46759],[-79.78464,40.46778],[-79.78671,40.46907],[-79.7854,40.47026],[-79.78525,40.47046],[-79.78481,40.47084],[-79.78396,40.47169]]]},"properties":{"name":"UNIVERSAL PARK","municipality":"PENN HILLS MUNICIPALITY","kind":"municipal_park"}},{"type":"Feature","geometry":{"type":"Polygon","coordinates":[[[-80.05965,40.56416],[-80.05971,40.564],[-80.05992,40.56369],[-80.06053,40.56315],[-80.06063,40.56333],[-80.06084,40.56427],[-80.06093,40.56449],[-80.06104,40.56465],[-80.0615,40.56507],[-80.0615,40.56546],[-80.05962,40.56562],[-80.05952,40.56518],[-80.0595,40.56483],[-80.05955,40.56449],[-80.05965,40.56416]]]},"properties":{"name":"WALL PARK","municipality":"MCCANDLESS TOWNSHIP","kind":"municipal_park"}},{"type":"Feature","geometry":{"type":"Polygon","coordinates":[[[-80.17269,40.55064],[-80.17228,40.55047],[-80.17176,40.5507],[-80.17166,40.5484],[-80.17315,40.54884],[-80.17322,40.54799],[-80.17307,40.54763],[-80.17325,40.54711],[-80.1741,40.54646],[-80.17492,40.54562],[-80.17592,40.54493],[-80.17723,40.54426],[-80.17824,40.54529],[-80.17707,40.54584],[-80.17678,40.54636],[-80.17671,40.54672],[-80.17598,40.54662],[-80.17519,40.54807],[-80.17487,40.54763],[-80.17424,40.54814],[-80.17426,40.54916],[-80.1746,40.54973],[-80.17461,40.54984],[-80.17455,40.54993],[-80.1744,40.55005],[-80.17422,40.5501],[-80.17375,40.54998],[-80.17359,40.55],[-80.17341,40.55016],[-80.17298,40.55076],[-80.17269,40.55064]]]},"properties":{"name":"WAR MEMORIAL PARK","municipality":"SEWICKLEY BOROUGH","kind":"municipal_park"}},{"type":"Feature","geometry":{"type":"Polygon","coordinates":[[[-80.07505,40.65523],[-80.07499,40.65466],[-80.07723,40.65454],[-80.0781,40.65457],[-80.07838,40.65448],[-80.07902,40.65518],[-80.07877,40.65537],[-80.07859,40.65515],[-80.07794,40.65474],[-80.07741,40.65571],[-80.07506,40.65538],[-80.07505,40.65523]]]},"properties":{"name":"WARRENDALE PARK","municipality":"MARSHALL TOWNSHIP","kind":"municipal_park"}},{"type":"Feature","geometry":{"type":"Polygon","coordinates":[[[-80.18947,40.54725],[-80.18939,40.54656],[-80.19077,40.54773],[-80.18969,40.54845],[-80.18955,40.5479],[-80.18947,40.54725]]]},"properties":{"name":"WAY PARK","municipality":"EDGEWORTH BOROUGH","kind":"municipal_park"}},{"type":"Feature","geometry":{"type":"Polygon","coordinates":[[[-80.13644,40.39458],[-80.13676,40.3946],[-80.13582,40.3966],[-80.13454,40.39624],[-80.13495,40.39537],[-80.13507,40.39523],[-80.13571,40.39474],[-80.13606,40.39462],[-80.13644,40.39458]]]},"properties":{"name":"WEBB PARK","municipality":"COLLIER TOWNSHIP","kind":"municipal_park"}},{"type":"Feature","geometry":{"type":"Polygon","coordinates":[[[-79.88294,40.3624],[-79.88326,40.36051],[-79.88391,40.36057],[-79.88403,40.35995],[-79.88384,40.35958],[-79.88422,40.35947],[-79.88499,40.3594],[-79.8849,40.35958],[-79.88511,40.35967],[-79.88485,40.36013],[-79.88574,40.36077],[-79.88655,40.36068],[-79.88711,40.36069],[-79.88781,40.36231],[-79.88898,40.36197],[-79.88929,40.36399],[-79.88996,40.3659],[-79.88945,40.3659],[-79.88699,40.36544],[-79.88701,40.36539],[-79.88603,40.3652],[-79.88638,40.3642],[-79.88294,40.3624]]]},"properties":{"name":"RYAN HACKE MEMORIAL PLAYGROUND","municipality":"WEST MIFFLIN BOROUGH","kind":"municipal_park"}},{"type":"Feature","geometry":{"type":"Polygon","coordinates":[[[-79.94739,40.50221],[-79.9469,40.50197],[-79.94699,40.50115],[-79.94725,40.50115],[-79.94832,40.50134],[-79.94832,40.50125],[-79.9488,40.50137],[-79.94903,40.50222],[-79.94881,40.50216],[-79.94843,40.50255],[-79.94808,40.50271],[-79.94779,40.50245],[-79.94739,40.50221]]]},"properties":{"name":"DOUGHERTY VETERANS FIELD","municipality":"ETNA BOROUGH","kind":"municipal_park"}},{"type":"Feature","geometry":{"type":"Polygon","coordinates":[[[-80.03301,40.38174],[-80.03312,40.38165],[-80.03534,40.38331],[-80.03476,40.38333],[-80.03445,40.38341],[-80.03279,40.38432],[-80.03253,40.38401],[-80.0323,40.38412],[-80.0323,40.38394],[-80.0328,40.3837],[-80.03303,40.38288],[-80.03305,40.38239],[-80.03291,40.38182],[-80.03301,40.38174]]]},"properties":{"name":"WILLIAMSBURG PARK","municipality":"MOUNT LEBANON MUNICIPALITY","kind":"municipal_park"}},{"type":"Feature","geometry":{"type":"Polygon","coordinates":[[[-80.05017,40.41916],[-80.04982,40.41923],[-80.04958,40.4194],[-80.0494,40.41854],[-80.04945,40.41859],[-80.04987,40.41834],[-80.04992,40.41838],[-80.05023,40.41824],[-80.04991,40.41792],[-80.05138,40.41708],[-80.05181,40.41762],[-80.05201,40.4177],[-80.05223,40.41771],[-80.05228,40.41805],[-80.05268,40.41847],[-80.05318,40.41871],[-80.05076,40.41982],[-80.05079,40.41958],[-80.05067,40.41937],[-80.05044,40.41922],[-80.05017,40.41916]]]},"properties":{"name":"WILSON PARK - GREEN TREE POOL","municipality":"GREEN TREE BOROUGH","kind":"municipal_park"}},{"type":"Feature","geometry":{"type":"Polygon","coordinates":[[[-80.06661,40.32517],[-80.06635,40.32482],[-80.06548,40.32513],[-80.06558,40.32488],[-80.06578,40.32472],[-80.06733,40.32403],[-80.0678,40.32372],[-80.06815,40.32376],[-80.0688,40.32348],[-80.06898,40.32347],[-80.06913,40.32354],[-80.06962,40.32407],[-80.06952,40.3241],[-80.0694,40.32399],[-80.06923,40.32407],[-80.06933,40.32415],[-80.06795,40.32471],[-80.0674,40.32505],[-80.06647,40.32579],[-80.06652,40.32564],[-80.06674,40.32535],[-80.06661,40.32517]]]},"properties":{"name":"WILTSHIRE PARK","municipality":"UPPER SAINT CLAIR MUNICIPALITY","kind":"municipal_park"}},{"type":"Feature","geometry":{"type":"Polygon","coordinates":[[[-80.18027,40.54002],[-80.18057,40.53977],[-80.18068,40.53984],[-80.18037,40.5401],[-80.18027,40.54002]]]},"properties":{"name":"WOLCOTT PARK","municipality":"SEWICKLEY BOROUGH","kind":"municipal_park"}},{"type":"Feature","geometry":{"type":"Polygon","coordinates":[[[-80.04177,40.48454],[-80.04228,40.48404],[-80.04348,40.48439],[-80.04334,40.48468],[-80.04404,40.48506],[-80.04382,40.48544],[-80.04245,40.48459],[-80.04229,40.48453],[-80.04216,40.48477],[-80.04177,40.48454]]]},"properties":{"name":"MARMADUKE PLAYGROUND","municipality":"CITY OF PITTSBURGH","kind":"municipal_park"}},{"type":"Feature","geometry":{"type":"Polygon","coordinates":[[[-79.94735,40.48611],[-79.94635,40.48661],[-79.9463,40.48657],[-79.94597,40.48672],[-79.94583,40.48642],[-79.94585,40.4861],[-79.94604,40.48579],[-79.94671,40.48554],[-79.94735,40.48611]]]},"properties":{"name":"FIFTY SEVENTH STREET PARK","municipality":"CITY OF PITTSBURGH","kind":"municipal_park"}},{"type":"Feature","geometry":{"type":"Polygon","coordinates":[[[-80.03511,40.48226],[-80.03421,40.48175],[-80.03482,40.48163],[-80.03496,40.4818],[-80.03511,40.48226]]]},"properties":{"name":"LEGION MEMORIAL PARK","municipality":"CITY OF PITTSBURGH","kind":"municipal_park"}},{"type":"Feature","geometry":{"type":"Polygon","coordinates":[[[-80.02955,40.47638],[-80.02933,40.4766],[-80.02892,40.47636],[-80.02927,40.47621],[-80.02955,40.47638]]]},"properties":{"name":"WOODS RUN PARK","municipality":"CITY OF PITTSBURGH","kind":"municipal_park"}},{"type":"Feature","geometry":{"type":"Polygon","coordinates":[[[-80.01111,40.4691],[-80.0138,40.46861],[-80.01391,40.46895],[-80.01408,40.46904],[-80.01352,40.46965],[-80.01195,40.46997],[-80.01206,40.47029],[-80.00916,40.47085],[-80.00903,40.47055],[-80.00894,40.46989],[-80.01108,40.46949],[-80.01107,40.46945],[-80.01121,40.46942],[-80.01111,40.4691]]]},"properties":{"name":"FOWLER PARK","municipality":"CITY OF PITTSBURGH","kind":"municipal_park"}},{"type":"Feature","geometry":{"type":"Polygon","coordinates":[[[-80.00576,40.45325],[-80.00557,40.45271],[-80.00482,40.45285],[-80.00476,40.45267],[-80.00552,40.45254],[-80.0053,40.45185],[-80.00537,40.45184],[-80.00543,40.45201],[-80.00633,40.45185],[-80.00655,40.45253],[-80.00586,40.45265],[-80.00604,40.45319],[-80.00674,40.45306],[-80.00676,40.45313],[-80.00505,40.45344],[-80.00504,40.45338],[-80.00576,40.45325]]]},"properties":{"name":"BUHL COMMUNITY PARK AT ALLEGHENY SQUARE","municipality":"CITY OF PITTSBURGH","kind":"municipal_park"}},{"type":"Feature","geometry":{"type":"Polygon","coordinates":[[[-79.93935,40.45662],[-79.93866,40.45682],[-79.93876,40.4563],[-79.93935,40.45662]]]},"properties":{"name":"MORROW TRIANGLE PARK","municipality":"CITY OF PITTSBURGH","kind":"municipal_park"}},{"type":"Feature","geometry":{"type":"Polygon","coordinates":[[[-79.9419,40.45681],[-79.94236,40.45632],[-79.94293,40.45662],[-79.94248,40.45712],[-79.9419,40.45681]]]},"properties":{"name":"OSCEOLA PARK","municipality":"CITY OF PITTSBURGH","kind":"municipal_park"}},{"type":"Feature","geometry":{"type":"Polygon","coordinates":[[[-79.90109,40.45343],[-79.90239,40.45184],[-79.90441,40.45252],[-79.90316,40.45423],[-79.90109,40.45343]]]},"properties":{"name":"WESTINGHOUSE PARK","municipality":"CITY OF PITTSBURGH","kind":"municipal_park"}},{"type":"Feature","geometry":{"type":"Polygon","coordinates":[[[-79.95639,40.47272],[-79.95738,40.47193],[-79.95864,40.47284],[-79.95789,40.47384],[-79.95639,40.47272]]]},"properties":{"name":"LESLIE PARK","municipality":"CITY OF PITTSBURGH","kind":"municipal_park"}},{"type":"Feature","geometry":{"type":"Polygon","coordinates":[[[-79.97662,40.42349],[-79.97555,40.42325],[-79.97477,40.4232],[-79.97455,40.42298],[-79.97463,40.42238],[-79.97473,40.42229],[-79.97483,40.42194],[-79.97465,40.42191],[-79.97461,40.42203],[-79.97454,40.42202],[-79.97448,40.42098],[-79.97395,40.42089],[-79.97415,40.41977],[-79.97467,40.41982],[-79.97469,40.41945],[-79.97547,40.41947],[-79.97544,40.41967],[-79.977,40.41983],[-79.97707,40.41948],[-79.97733,40.4195],[-79.97742,40.41907],[-79.97763,40.41909],[-79.97772,40.41862],[-79.97736,40.41858],[-79.97741,40.41828],[-79.97941,40.41849],[-79.97939,40.4181],[-79.97975,40.41811],[-79.97986,40.41816],[-79.98046,40.41878],[-79.98026,40.4189],[-79.98026,40.41937],[-79.98102,40.41939],[-79.98105,40.41982],[-79.98084,40.41982],[-79.98084,40.41989],[-79.98133,40.41987],[-79.98134,40.42022],[-79.98194,40.4202],[-79.98217,40.4199],[-79.98212,40.42028],[-79.98215,40.42032],[-79.98193,40.42063],[-79.98205,40.42068],[-79.98199,40.4208],[-79.98036,40.42055],[-79.97961,40.42095],[-79.9799,40.42126],[-79.97909,40.42175],[-79.97849,40.42205],[-79.97808,40.42244],[-79.97773,40.42227],[-79.97753,40.42226],[-79.9767,40.42339],[-79.97663,40.42339],[-79.97662,40.42349]]]},"properties":{"name":"SOUTH SIDE PARK","municipality":"CITY OF PITTSBURGH","kind":"municipal_park"}},{"type":"Feature","geometry":{"type":"Polygon","coordinates":[[[-79.9281,40.46401],[-79.92771,40.46468],[-79.92702,40.46442],[-79.92688,40.46467],[-79.9267,40.4646],[-79.92734,40.46355],[-79.92756,40.46363],[-79.92785,40.46315],[-79.92841,40.46334],[-79.92813,40.46381],[-79.92803,40.46388],[-79.92803,40.46396],[-79.9281,40.46401]]]},"properties":{"name":"GARLAND PARK","municipality":"CITY OF PITTSBURGH","kind":"municipal_park"}},{"type":"Feature","geometry":{"type":"Polygon","coordinates":[[[-80.06524,40.46051],[-80.0649,40.45987],[-80.06503,40.45983],[-80.0649,40.45958],[-80.06509,40.45919],[-80.0677,40.46003],[-80.06614,40.46051],[-80.06524,40.46051]]]},"properties":{"name":"MCGONIGLE PARK","municipality":"CITY OF PITTSBURGH","kind":"municipal_park"}},{"type":"Feature","geometry":{"type":"Polygon","coordinates":[[[-80.00667,40.45876],[-80.00637,40.45882],[-80.00632,40.45867],[-80.00662,40.4586],[-80.00667,40.45876]]]},"properties":{"name":"LORIANE STREET PARK","municipality":"CITY OF PITTSBURGH","kind":"municipal_park"}},{"type":"Feature","geometry":{"type":"Polygon","coordinates":[[[-80.00434,40.46146],[-80.00444,40.46151],[-80.00462,40.46205],[-80.00355,40.46227],[-80.00332,40.46165],[-80.00434,40.46146]]]},"properties":{"name":"FINEVIEW PARK","municipality":"CITY OF PITTSBURGH","kind":"municipal_park"}},{"type":"Feature","geometry":{"type":"Polygon","coordinates":[[[-80.00547,40.43159],[-80.00551,40.43154],[-80.00575,40.43167],[-80.00588,40.43152],[-80.00618,40.43166],[-80.00633,40.43151],[-80.00802,40.43234],[-80.00993,40.43344],[-80.01067,40.43393],[-80.01116,40.43429],[-80.01194,40.43503],[-80.01185,40.43514],[-80.01124,40.43461],[-80.00963,40.43353],[-80.00598,40.43189],[-80.00547,40.43159]]]},"properties":{"name":"GRANDVIEW OVERLOOK","municipality":"CITY OF PITTSBURGH","kind":"municipal_park"}},{"type":"Feature","geometry":{"type":"Polygon","coordinates":[[[-79.82849,40.40979],[-79.82885,40.40978],[-79.82886,40.41005],[-79.8285,40.41006],[-79.82849,40.40979]]]},"properties":{"name":"BOONE ALLEY PLAY LOT","municipality":"TURTLE CREEK BOROUGH","kind":"municipal_park"}},{"type":"Feature","geometry":{"type":"Polygon","coordinates":[[[-79.94516,40.41314],[-79.9447,40.41324],[-79.94444,40.41271],[-79.94498,40.41258],[-79.94503,40.41282],[-79.94516,40.41314]]]},"properties":{"name":"LEWIS PARK","municipality":"CITY OF PITTSBURGH","kind":"municipal_park"}},{"type":"Feature","geometry":{"type":"Polygon","coordinates":[[[-79.93549,40.40474],[-79.93538,40.4047],[-79.9361,40.4037],[-79.93634,40.40383],[-79.93709,40.40357],[-79.93715,40.4035],[-79.93724,40.4036],[-79.93728,40.40356],[-79.93821,40.40472],[-79.93703,40.40528],[-79.9359,40.40482],[-79.93549,40.40474]]]},"properties":{"name":"BURGWIN PARK","municipality":"CITY OF PITTSBURGH","kind":"municipal_park"}},{"type":"Feature","geometry":{"type":"Polygon","coordinates":[[[-79.98621,40.46256],[-79.98576,40.46197],[-79.98568,40.46203],[-79.98536,40.46159],[-79.98601,40.46116],[-79.98608,40.46122],[-79.98792,40.46084],[-79.98788,40.46088],[-79.98723,40.46102],[-79.98648,40.4623],[-79.98665,40.46238],[-79.98629,40.46266],[-79.98621,40.46256]]]},"properties":{"name":"GARDNER PARK","municipality":"CITY OF PITTSBURGH","kind":"municipal_park"}},{"type":"Feature","geometry":{"type":"Polygon","coordinates":[[[-79.98281,40.44415],[-79.98292,40.44411],[-79.98327,40.44458],[-79.98291,40.44473],[-79.98256,40.44426],[-79.98281,40.44415]]]},"properties":{"name":"GRANVILLE PARK","municipality":"CITY OF PITTSBURGH","kind":"municipal_park"}},{"type":"Feature","geometry":{"type":"Polygon","coordinates":[[[-79.99217,40.46007],[-79.99228,40.46039],[-79.99176,40.46049],[-79.99165,40.46017],[-79.99217,40.46007]]]},"properties":{"name":"CATALONO PARK","municipality":"CITY OF PITTSBURGH","kind":"municipal_park"}},{"type":"Feature","geometry":{"type":"MultiPolygon","coordinates":[[[[-79.91322,40.46809],[-79.91464,40.46749],[-79.91371,40.46808],[-79.91334,40.46826],[-79.91322,40.46809]]],[[[-79.90875,40.47051],[-79.90884,40.47038],[-79.90926,40.47037],[-79.90974,40.47017],[-79.91083,40.46923],[-79.91149,40.46882],[-79.91309,40.46814],[-79.91321,40.46832],[-79.91138,40.46923],[-79.90958,40.47075],[-79.90952,40.4705],[-79.90931,40.47048],[-79.90952,40.4713],[-79.90932,40.47267],[-79.90847,40.47393],[-79.90875,40.47051]]],[[[-79.9123,40.47557],[-79.91205,40.47525],[-79.91206,40.47516],[-79.9124,40.47517],[-79.91236,40.47537],[-79.91325,40.47548],[-79.91332,40.47518],[-79.91422,40.4752],[-79.91418,40.47545],[-79.91409,40.47556],[-79.91402,40.47581],[-79.91382,40.47605],[-79.9138,40.47673],[-79.91373,40.47704],[-79.91275,40.47694],[-79.9125,40.47679],[-79.91244,40.47669],[-79.9124,40.47575],[-79.9123,40.47557]]],[[[-79.91417,40.47558],[-79.91422,40.4756],[-79.91376,40.47757],[-79.91371,40.4776],[-79.9139,40.4767],[-79.91393,40.47604],[-79.91411,40.47582],[-79.91417,40.47558]]],[[[-79.91088,40.47522],[-79.91092,40.47515],[-79.91184,40.47516],[-79.91228,40.47573],[-79.91233,40.47661],[-79.91238,40.47688],[-79.91263,40.47701],[-79.91337,40.47709],[-79.9135,40.47719],[-79.91332,40.47745],[-79.91259,40.47784],[-79.91201,40.47828],[-79.91179,40.4785],[-79.91183,40.47771],[-79.91179,40.47757],[-79.91163,40.47735],[-79.91124,40.477],[-79.911,40.47666],[-79.91108,40.4758],[-79.91088,40.47522]]],[[[-79.91397,40.47857],[-79.91348,40.47858],[-79.91334,40.47852],[-79.91324,40.47842],[-79.91319,40.47829],[-79.91321,40.47816],[-79.91358,40.47775],[-79.91376,40.47767],[-79.91362,40.47827],[-79.91476,40.4784],[-79.91495,40.4781],[-79.91601,40.47851],[-79.91588,40.47871],[-79.91541,40.47877],[-79.91483,40.47873],[-79.91397,40.47857]]],[[[-79.91378,40.47871],[-79.91409,40.47872],[-79.91465,40.47884],[-79.91554,40.47892],[-79.91579,40.47898],[-79.916,40.47911],[-79.91654,40.47961],[-79.91744,40.48003],[-79.91767,40.48017],[-79.91782,40.48035],[-79.91784,40.48048],[-79.91774,40.48074],[-79.91702,40.48124],[-79.91675,40.48149],[-79.91566,40.48282],[-79.91556,40.48297],[-79.9155,40.48318],[-79.9152,40.48339],[-79.91509,40.48354],[-79.91485,40.4834],[-79.91412,40.48328],[-79.91383,40.48318],[-79.91375,40.48299],[-79.91363,40.48206],[-79.91352,40.48177],[-79.91327,40.48149],[-79.9127,40.48108],[-79.91255,40.4808],[-79.91252,40.48051],[-79.91261,40.47978],[-79.91283,40.47929],[-79.913,40.47909],[-79.91335,40.47884],[-79.91378,40.47871]]],[[[-79.90698,40.47944],[-79.907,40.47916],[-79.90771,40.47928],[-79.9077,40.48051],[-79.90789,40.48191],[-79.90792,40.48262],[-79.90776,40.48368],[-79.90763,40.48385],[-79.90737,40.48394],[-79.90657,40.48388],[-79.90671,40.48297],[-79.90698,40.47944]]],[[[-79.91509,40.48385],[-79.91517,40.48386],[-79.91521,40.48394],[-79.91517,40.48415],[-79.91504,40.48421],[-79.91486,40.48417],[-79.9148,40.48407],[-79.91483,40.484],[-79.91509,40.48385]]],[[[-79.91451,40.48433],[-79.91416,40.48395],[-79.91388,40.48333],[-79.91478,40.48348],[-79.915,40.48364],[-79.91507,40.48375],[-79.91476,40.48393],[-79.91469,40.48409],[-79.91479,40.48425],[-79.91497,40.4843],[-79.91512,40.48429],[-79.91528,40.48418],[-79.91533,40.48395],[-79.91524,40.48367],[-79.91526,40.48352],[-79.91554,40.4833],[-79.91553,40.48351],[-79.91573,40.48391],[-79.9157,40.48425],[-79.9153,40.48448],[-79.91475,40.48443],[-79.91451,40.48433]]],[[[-79.91268,40.48466],[-79.91245,40.48379],[-79.91223,40.48337],[-79.91199,40.48322],[-79.91104,40.48296],[-79.9108,40.48282],[-79.91058,40.48259],[-79.91051,40.48227],[-79.91061,40.48191],[-79.91092,40.48149],[-79.91105,40.48119],[-79.91107,40.48103],[-79.91092,40.48066],[-79.91092,40.48038],[-79.91133,40.47947],[-79.91176,40.47874],[-79.91217,40.4783],[-79.91269,40.47793],[-79.91343,40.47753],[-79.91365,40.47722],[-79.91358,40.47753],[-79.91304,40.47821],[-79.91305,40.47838],[-79.91315,40.47863],[-79.91312,40.47876],[-79.91277,40.47908],[-79.91267,40.47924],[-79.91245,40.47973],[-79.91236,40.48041],[-79.91244,40.48095],[-79.91256,40.48115],[-79.9132,40.4816],[-79.91336,40.48178],[-79.91349,40.48211],[-79.91361,40.483],[-79.91388,40.4837],[-79.91412,40.48413],[-79.91447,40.48443],[-79.91498,40.48457],[-79.91531,40.48457],[-79.91574,40.48436],[-79.91583,40.48425],[-79.91585,40.48387],[-79.91565,40.4835],[-79.91569,40.48308],[-79.91696,40.48151],[-79.9178,40.4809],[-79.91798,40.48068],[-79.91802,40.48034],[-79.91786,40.48009],[-79.91672,40.47954],[-79.91627,40.47916],[-79.91614,40.47899],[-79.91614,40.47871],[-79.91623,40.4786],[-79.91956,40.47987],[-79.91947,40.48038],[-79.91906,40.48103],[-79.91828,40.48174],[-79.91817,40.482],[-79.91831,40.48229],[-79.91826,40.48251],[-79.91813,40.48261],[-79.91787,40.4827],[-79.91755,40.48264],[-79.91704,40.48247],[-79.91674,40.48246],[-79.91641,40.48258],[-79.91626,40.48273],[-79.9162,40.48288],[-79.91623,40.48319],[-79.91677,40.4838],[-79.91684,40.48411],[-79.91676,40.48443],[-79.91626,40.48531],[-79.91614,40.48536],[-79.91584,40.48538],[-79.91432,40.48514],[-79.91298,40.48488],[-79.91278,40.48478],[-79.91268,40.48466]]],[[[-79.90641,40.48447],[-79.90653,40.48404],[-79.90737,40.48416],[-79.90777,40.48432],[-79.90837,40.48488],[-79.90895,40.48518],[-79.91085,40.48571],[-79.91125,40.48588],[-79.91301,40.48634],[-79.91313,40.48644],[-79.91314,40.48654],[-79.91005,40.48562],[-79.90756,40.48473],[-79.90641,40.48447]]],[[[-79.91769,40.48718],[-79.91595,40.4868],[-79.91571,40.48668],[-79.91517,40.4863],[-79.9148,40.48615],[-79.91369,40.48599],[-79.9134,40.48608],[-79.91318,40.48603],[-79.91315,40.48611],[-79.90962,40.4852],[-79.90912,40.48502],[-79.90863,40.48475],[-79.90824,40.48437],[-79.90806,40.48397],[-79.90806,40.4836],[-79.90821,40.48274],[-79.90822,40.48234],[-79.90801,40.4807],[-79.908,40.47944],[-79.90844,40.4743],[-79.9095,40.47271],[-79.90981,40.47079],[-79.91149,40.46935],[-79.91384,40.46819],[-79.91475,40.46762],[-79.91514,40.46797],[-79.91465,40.46825],[-79.91483,40.46851],[-79.91492,40.46875],[-79.91244,40.46924],[-79.91204,40.46946],[-79.91186,40.46961],[-79.91165,40.46986],[-79.91152,40.47015],[-79.91071,40.47521],[-79.91091,40.47578],[-79.91083,40.47667],[-79.91106,40.47702],[-79.91163,40.47755],[-79.91167,40.47771],[-79.91166,40.47816],[-79.9115,40.47867],[-79.91075,40.48032],[-79.91072,40.48063],[-79.91086,40.48092],[-79.91087,40.48119],[-79.91041,40.48191],[-79.91033,40.48218],[-79.91034,40.48241],[-79.91044,40.48265],[-79.91071,40.48294],[-79.91094,40.48307],[-79.91189,40.48333],[-79.91212,40.48348],[-79.91232,40.48388],[-79.91251,40.4847],[-79.9126,40.48483],[-79.91274,40.48492],[-79.91303,40.48502],[-79.91449,40.48529],[-79.91601,40.48551],[-79.91625,40.48545],[-79.91647,40.48528],[-79.91699,40.48432],[-79.91698,40.48397],[-79.91694,40.48381],[-79.91637,40.48306],[-79.91636,40.4829],[-79.91646,40.48273],[-79.91665,40.48262],[-79.91688,40.48258],[-79.91765,40.4828],[-79.9179,40.48281],[-79.91815,40.48275],[-79.91836,40.48262],[-79.91847,40.48242],[-79.91847,40.48223],[-79.91836,40.48199],[-79.9185,40.48171],[-79.91865,40.48161],[-79.91906,40.48156],[-79.91926,40.48149],[-79.9195,40.48128],[-79.91965,40.48119],[-79.91996,40.48121],[-79.92007,40.48134],[-79.92005,40.48148],[-79.91961,40.48229],[-79.91954,40.48284],[-79.91958,40.48298],[-79.91972,40.48311],[-79.9205,40.4836],[-79.92081,40.48386],[-79.92118,40.48432],[-79.92119,40.48455],[-79.92105,40.48474],[-79.91792,40.48718],[-79.91787,40.48721],[-79.91769,40.48718]]],[[[-79.91968,40.48767],[-79.91971,40.48756],[-79.91953,40.48762],[-79.91854,40.48735],[-79.91844,40.4872],[-79.91849,40.48699],[-79.92094,40.48505],[-79.92127,40.48476],[-79.9214,40.48447],[-79.92133,40.48422],[-79.92084,40.48365],[-79.92001,40.48312],[-79.91981,40.48297],[-79.91975,40.48287],[-79.91975,40.48257],[-79.91981,40.48227],[-79.92024,40.48153],[-79.92026,40.48137],[-79.92022,40.48123],[-79.92009,40.48109],[-79.91982,40.48102],[-79.91954,40.48108],[-79.91933,40.4812],[-79.91915,40.48138],[-79.91904,40.48134],[-79.91962,40.48049],[-79.9197,40.48028],[-79.91975,40.47983],[-79.92018,40.47917],[-79.92038,40.47911],[-79.92052,40.47913],[-79.92234,40.47976],[-79.92254,40.47944],[-79.92406,40.48002],[-79.92462,40.47982],[-79.92735,40.48083],[-79.92734,40.48099],[-79.92547,40.48165],[-79.92647,40.48209],[-79.92613,40.48226],[-79.92595,40.48252],[-79.92663,40.48314],[-79.92674,40.48326],[-79.92671,40.48331],[-79.92624,40.48327],[-79.92577,40.48331],[-79.92533,40.48343],[-79.92492,40.48362],[-79.92464,40.48383],[-79.92249,40.48581],[-79.92119,40.48681],[-79.92137,40.48695],[-79.92075,40.48681],[-79.92061,40.48712],[-79.92032,40.48723],[-79.92013,40.48747],[-79.91981,40.4874],[-79.91968,40.48767]]],[[[-79.91932,40.4881],[-79.91757,40.4877],[-79.91755,40.48773],[-79.91648,40.48739],[-79.91337,40.48657],[-79.91346,40.4865],[-79.91358,40.48649],[-79.91536,40.48694],[-79.91606,40.48703],[-79.91685,40.48728],[-79.9186,40.48767],[-79.91863,40.48756],[-79.9192,40.48775],[-79.91918,40.4878],[-79.91956,40.48788],[-79.91951,40.48809],[-79.91934,40.48805],[-79.91932,40.4881]]]]},"properties":{"name":"HIGHLAND PARK","municipality":"CITY OF PITTSBURGH","kind":"municipal_park"}},{"type":"Feature","geometry":{"type":"Polygon","coordinates":[[[-79.98164,40.44982],[-79.98241,40.44952],[-79.9811,40.4502],[-79.9801,40.45063],[-79.97897,40.45104],[-79.9766,40.45169],[-79.97626,40.45197],[-79.97576,40.45226],[-79.97413,40.45288],[-79.97418,40.45273],[-79.9745,40.45257],[-79.97584,40.45166],[-79.97659,40.45126],[-79.97811,40.45074],[-79.98004,40.45037],[-79.98089,40.45011],[-79.98164,40.44982]]]},"properties":{"name":"FRANK CURTO PARK","municipality":"CITY OF PITTSBURGH","kind":"municipal_park"}},{"type":"Feature","geometry":{"type":"Polygon","coordinates":[[[-80.01479,40.45936],[-80.01443,40.45943],[-80.01424,40.45884],[-80.0146,40.45878],[-80.01479,40.45936]]]},"properties":{"name":"JEFFERSON PARK","municipality":"CITY OF PITTSBURGH","kind":"municipal_park"}},{"type":"Feature","geometry":{"type":"Polygon","coordinates":[[[-79.91297,40.46644],[-79.91292,40.46637],[-79.91249,40.46653],[-79.9123,40.46623],[-79.91254,40.46614],[-79.9127,40.46638],[-79.91288,40.46631],[-79.91272,40.46607],[-79.91319,40.46588],[-79.91355,40.46642],[-79.91347,40.46646],[-79.91372,40.46681],[-79.91333,40.46699],[-79.91297,40.46644]]]},"properties":{"name":"LARIMER PARK","municipality":"CITY OF PITTSBURGH","kind":"municipal_park"}},{"type":"Feature","geometry":{"type":"Polygon","coordinates":[[[-80.01307,40.43156],[-80.01319,40.43119],[-80.01303,40.43116],[-80.01305,40.43109],[-80.01259,40.43101],[-80.01271,40.43064],[-80.01341,40.43045],[-80.01358,40.43058],[-80.01361,40.43159],[-80.01351,40.43165],[-80.01307,40.43156]]]},"properties":{"name":"REAM PARK","municipality":"CITY OF PITTSBURGH","kind":"municipal_park"}},{"type":"Feature","geometry":{"type":"Polygon","coordinates":[[[-80.06093,40.46131],[-80.06058,40.46121],[-80.06045,40.46126],[-80.05865,40.4607],[-80.05885,40.46032],[-80.05832,40.46017],[-80.0572,40.46025],[-80.05691,40.46016],[-80.05862,40.45955],[-80.05837,40.45872],[-80.05771,40.45859],[-80.05726,40.45845],[-80.05718,40.45808],[-80.05754,40.45799],[-80.05787,40.45777],[-80.05808,40.45744],[-80.0581,40.45716],[-80.05797,40.45686],[-80.05689,40.45573],[-80.05766,40.45531],[-80.05788,40.45552],[-80.05825,40.45531],[-80.05813,40.4552],[-80.0593,40.45538],[-80.05922,40.45561],[-80.05939,40.45581],[-80.05929,40.45611],[-80.0593,40.45657],[-80.0601,40.45609],[-80.06046,40.45644],[-80.06059,40.45628],[-80.0614,40.45578],[-80.062,40.45633],[-80.06055,40.45722],[-80.06175,40.45835],[-80.06174,40.45842],[-80.06209,40.45828],[-80.06217,40.45837],[-80.06208,40.45871],[-80.06233,40.45947],[-80.06255,40.45959],[-80.06274,40.45989],[-80.06256,40.46042],[-80.06238,40.46039],[-80.06289,40.46125],[-80.06312,40.46145],[-80.06254,40.46156],[-80.06109,40.46147],[-80.06097,40.46142],[-80.06093,40.46131]]]},"properties":{"name":"SHERADEN PARK","municipality":"CITY OF PITTSBURGH","kind":"municipal_park"}},{"type":"Feature","geometry":{"type":"Polygon","coordinates":[[[-80.03364,40.43988],[-80.03391,40.43916],[-80.03382,40.43874],[-80.03387,40.43837],[-80.03411,40.43805],[-80.03447,40.43807],[-80.03427,40.43994],[-80.03364,40.43988]]]},"properties":{"name":"WABASH PARK","municipality":"CITY OF PITTSBURGH","kind":"municipal_park"}},{"type":"Feature","geometry":{"type":"Polygon","coordinates":[[[-80.06405,40.452],[-80.06432,40.45166],[-80.06441,40.45168],[-80.06407,40.4523],[-80.06386,40.45224],[-80.06405,40.452]]]},"properties":{"name":"MUTUAL PARK","municipality":"CITY OF PITTSBURGH","kind":"municipal_park"}},{"type":"Feature","geometry":{"type":"Polygon","coordinates":[[[-79.97647,40.43676],[-79.97649,40.43661],[-79.97674,40.43661],[-79.97673,40.43677],[-79.97647,40.43676]]]},"properties":{"name":"TUSTIN PARK","municipality":"CITY OF PITTSBURGH","kind":"municipal_park"}},{"type":"Feature","geometry":{"type":"Polygon","coordinates":[[[-80.0038,40.46035],[-80.00358,40.45974],[-80.00378,40.4597],[-80.00368,40.45941],[-80.00387,40.45939],[-80.00383,40.4593],[-80.00399,40.45927],[-80.00462,40.45959],[-80.00491,40.46047],[-80.00476,40.46042],[-80.00388,40.46059],[-80.0038,40.46035]]]},"properties":{"name":"FINEVIEW FIELD","municipality":"CITY OF PITTSBURGH","kind":"municipal_park"}},{"type":"Feature","geometry":{"type":"Polygon","coordinates":[[[-79.9599,40.43478],[-79.96007,40.43454],[-79.96038,40.43466],[-79.9602,40.43491],[-79.9599,40.43478]]]},"properties":{"name":"NIAGARA PARK","municipality":"CITY OF PITTSBURGH","kind":"municipal_park"}},{"type":"Feature","geometry":{"type":"Polygon","coordinates":[[[-80.0271,40.53773],[-80.02703,40.53622],[-80.03018,40.53583],[-80.03048,40.53691],[-80.03018,40.53704],[-80.02926,40.53727],[-80.02715,40.53776],[-80.0271,40.53773]]]},"properties":{"name":"SCHARMYN PARK","municipality":"ROSS TOWNSHIP","kind":"municipal_park"}},{"type":"Feature","geometry":{"type":"Polygon","coordinates":[[[-80.02861,40.53135],[-80.02884,40.5312],[-80.02903,40.53124],[-80.02919,40.53189],[-80.02875,40.53196],[-80.02861,40.53135]]]},"properties":{"name":"ANN ALLISON HOOVER MEMORIAL PARK","municipality":"ROSS TOWNSHIP","kind":"municipal_park"}},{"type":"Feature","geometry":{"type":"Polygon","coordinates":[[[-80.01633,40.53867],[-80.01663,40.53849],[-80.01744,40.5394],[-80.01738,40.53944],[-80.01757,40.53963],[-80.01664,40.54019],[-80.01707,40.5406],[-80.01632,40.54112],[-80.01517,40.53936],[-80.01633,40.53867]]]},"properties":{"name":"WINDHURST FIELD","municipality":"ROSS TOWNSHIP","kind":"municipal_park"}},{"type":"Feature","geometry":{"type":"Polygon","coordinates":[[[-80.00258,40.54437],[-80.00251,40.54434],[-80.00248,40.54392],[-80.00221,40.5438],[-80.00218,40.54341],[-80.00226,40.54334],[-80.00524,40.54326],[-80.00498,40.54351],[-80.00474,40.54382],[-80.0046,40.54412],[-80.00453,40.5444],[-80.00361,40.54441],[-80.00348,40.54435],[-80.00282,40.54456],[-80.00258,40.54437]]]},"properties":{"name":"TED BARTLETT MEMORIAL FIELD","municipality":"ROSS TOWNSHIP","kind":"municipal_park"}},{"type":"Feature","geometry":{"type":"Polygon","coordinates":[[[-79.99286,40.54348],[-79.99325,40.54395],[-79.9927,40.54406],[-79.99261,40.54381],[-79.99259,40.54359],[-79.99267,40.54349],[-79.99286,40.54348]]]},"properties":{"name":"AMITY PARK","municipality":"ROSS TOWNSHIP","kind":"municipal_park"}},{"type":"Feature","geometry":{"type":"Polygon","coordinates":[[[-80.04184,40.55092],[-80.04197,40.5506],[-80.04183,40.5506],[-80.04182,40.55034],[-80.04222,40.5503],[-80.04262,40.54932],[-80.04301,40.54931],[-80.04262,40.55027],[-80.04237,40.55044],[-80.04213,40.55076],[-80.04184,40.55092]]]},"properties":{"name":"MAIN BOULEVARD PARK","municipality":"ROSS TOWNSHIP","kind":"municipal_park"}},{"type":"Feature","geometry":{"type":"Polygon","coordinates":[[[-79.9442,40.49468],[-79.94362,40.49432],[-79.94518,40.49389],[-79.9442,40.49468]]]},"properties":{"name":"HAFNER BALL FIELD","municipality":"ETNA BOROUGH","kind":"municipal_park"}},{"type":"Feature","geometry":{"type":"Polygon","coordinates":[[[-79.85899,40.33239],[-79.85911,40.33223],[-79.85874,40.33196],[-79.8588,40.33183],[-79.85888,40.33125],[-79.85965,40.33073],[-79.86043,40.33118],[-79.86078,40.3306],[-79.86094,40.33071],[-79.86097,40.33106],[-79.86077,40.33105],[-79.86067,40.3322],[-79.86014,40.33286],[-79.85941,40.33262],[-79.85899,40.33239]]]},"properties":{"name":"LATROBE PARK","municipality":"LIBERTY BOROUGH","kind":"municipal_park"}},{"type":"Feature","geometry":{"type":"Polygon","coordinates":[[[-80.00172,40.44736],[-80.00043,40.44778],[-80.00048,40.44775],[-80.00037,40.44761],[-80.00133,40.44729],[-80.00168,40.44725],[-80.00172,40.44736]]]},"properties":{"name":"ALCOA PARK","municipality":"CITY OF PITTSBURGH","kind":"municipal_park"}},{"type":"Feature","geometry":{"type":"Polygon","coordinates":[[[-80.03192,40.47331],[-80.03192,40.47301],[-80.03197,40.47301],[-80.03196,40.4729],[-80.03173,40.4729],[-80.03173,40.47263],[-80.03312,40.47262],[-80.03315,40.47331],[-80.03192,40.47331]]]},"properties":{"name":"YOUNG FIELD PARK","municipality":"CITY OF PITTSBURGH","kind":"municipal_park"}},{"type":"Feature","geometry":{"type":"Polygon","coordinates":[[[-79.85059,40.33867],[-79.85072,40.3384],[-79.85098,40.33848],[-79.85084,40.33875],[-79.85059,40.33867]]]},"properties":{"name":"GREEN PLAYCES","municipality":"CITY OF MCKEESPORT","kind":"municipal_park"}},{"type":"Feature","geometry":{"type":"Polygon","coordinates":[[[-79.87976,40.42854],[-79.87917,40.42942],[-79.87958,40.42971],[-79.87828,40.42939],[-79.87762,40.42931],[-79.87763,40.4291],[-79.87743,40.42906],[-79.87663,40.42906],[-79.87663,40.42898],[-79.87647,40.42899],[-79.87613,40.42903],[-79.87616,40.42911],[-79.87602,40.42916],[-79.87575,40.42899],[-79.87586,40.42872],[-79.87595,40.42818],[-79.87522,40.42836],[-79.87627,40.42789],[-79.87818,40.42895],[-79.87976,40.42854]]]},"properties":{"name":"DICKSON PARK","municipality":"EDGEWOOD BOROUGH","kind":"municipal_park"}},{"type":"Feature","geometry":{"type":"Polygon","coordinates":[[[-79.86061,40.4698],[-79.86029,40.46968],[-79.86045,40.46938],[-79.86081,40.46918],[-79.86154,40.46953],[-79.86134,40.46978],[-79.86124,40.47005],[-79.86061,40.4698]]]},"properties":{"name":"ABER ROAD PARK","municipality":"PENN HILLS MUNICIPALITY","kind":"municipal_park"}},{"type":"Feature","geometry":{"type":"Polygon","coordinates":[[[-79.83773,40.45131],[-79.83751,40.45181],[-79.83711,40.45172],[-79.83647,40.45171],[-79.83675,40.45118],[-79.83773,40.45131]]]},"properties":{"name":"PAT SENECA PARK","municipality":"PENN HILLS MUNICIPALITY","kind":"municipal_park"}},{"type":"Feature","geometry":{"type":"Polygon","coordinates":[[[-79.83949,40.47038],[-79.83998,40.4704],[-79.84047,40.47028],[-79.84088,40.47038],[-79.84135,40.47012],[-79.84139,40.47016],[-79.84099,40.47035],[-79.84109,40.47048],[-79.84046,40.47084],[-79.84031,40.47074],[-79.84003,40.47111],[-79.83954,40.47067],[-79.83949,40.47038]]]},"properties":{"name":"LEE DRIVE PARK","municipality":"PENN HILLS MUNICIPALITY","kind":"municipal_park"}},{"type":"Feature","geometry":{"type":"Polygon","coordinates":[[[-79.82635,40.45944],[-79.82637,40.45911],[-79.82811,40.45912],[-79.82806,40.45825],[-79.82747,40.45824],[-79.82749,40.45786],[-79.8299,40.45784],[-79.82994,40.45893],[-79.82909,40.45895],[-79.82911,40.4595],[-79.82635,40.45949],[-79.82635,40.45944]]]},"properties":{"name":"DUFF PARK","municipality":"PENN HILLS MUNICIPALITY","kind":"municipal_park"}},{"type":"Feature","geometry":{"type":"Polygon","coordinates":[[[-79.81491,40.45519],[-79.81547,40.45523],[-79.816,40.45514],[-79.81691,40.45482],[-79.81708,40.45467],[-79.81713,40.45453],[-79.81713,40.45442],[-79.81702,40.45423],[-79.81672,40.45407],[-79.81636,40.45409],[-79.81563,40.45433],[-79.81472,40.45425],[-79.81473,40.45421],[-79.81562,40.45428],[-79.81567,40.45382],[-79.81541,40.45368],[-79.81565,40.45274],[-79.81568,40.45241],[-79.81579,40.4524],[-79.816,40.4529],[-79.81625,40.45321],[-79.81664,40.45344],[-79.81709,40.45357],[-79.81826,40.45356],[-79.81826,40.4542],[-79.81808,40.45434],[-79.81785,40.45468],[-79.81777,40.45507],[-79.81729,40.45526],[-79.81689,40.45567],[-79.81678,40.45603],[-79.81678,40.45647],[-79.8159,40.45671],[-79.8154,40.45603],[-79.81536,40.45604],[-79.81512,40.45563],[-79.81507,40.45565],[-79.81491,40.45519]]]},"properties":{"name":"PENN HILLS DOG PARK","municipality":"PENN HILLS MUNICIPALITY","kind":"municipal_park"}},{"type":"Feature","geometry":{"type":"Polygon","coordinates":[[[-79.82788,40.47772],[-79.82918,40.47686],[-79.82951,40.47693],[-79.82965,40.47753],[-79.82845,40.47812],[-79.82788,40.47772]]]},"properties":{"name":"CRESCENT HILLS COMMUNITY PARK","municipality":"PENN HILLS MUNICIPALITY","kind":"municipal_park"}},{"type":"Feature","geometry":{"type":"Polygon","coordinates":[[[-80.07729,40.43618],[-80.0763,40.43469],[-80.07624,40.43445],[-80.07618,40.43352],[-80.0761,40.43352],[-80.07618,40.43324],[-80.07673,40.43206],[-80.07697,40.43191],[-80.07728,40.43185],[-80.07841,40.43212],[-80.07839,40.43219],[-80.07914,40.43224],[-80.07914,40.43219],[-80.08007,40.43226],[-80.08007,40.43222],[-80.08097,40.43222],[-80.081,40.43228],[-80.08066,40.43258],[-80.08042,40.43292],[-80.08026,40.43327],[-80.08019,40.43365],[-80.0802,40.43398],[-80.08028,40.43431],[-80.08077,40.43529],[-80.08054,40.43529],[-80.08071,40.43599],[-80.07792,40.43596],[-80.07729,40.43618]]]},"properties":{"name":"THORNBURG CONSERVATION PARK","municipality":"THORNBURG BOROUGH","kind":"municipal_park"}},{"type":"Feature","geometry":{"type":"Polygon","coordinates":[[[-80.04118,40.42354],[-80.04013,40.42253],[-80.0403,40.42242],[-80.03887,40.42098],[-80.03928,40.42073],[-80.04261,40.42119],[-80.04254,40.42155],[-80.04354,40.42163],[-80.04423,40.42154],[-80.04488,40.42179],[-80.04558,40.42233],[-80.04568,40.42233],[-80.04434,40.42335],[-80.04333,40.42269],[-80.04279,40.42301],[-80.04292,40.42316],[-80.04217,40.42355],[-80.04209,40.42347],[-80.04147,40.42379],[-80.04118,40.42354]]]},"properties":{"name":"GREEN TREE PARK","municipality":"GREEN TREE BOROUGH","kind":"municipal_park"}},{"type":"Feature","geometry":{"type":"Polygon","coordinates":[[[-79.79332,40.51097],[-79.79328,40.51084],[-79.79312,40.51089],[-79.79305,40.51083],[-79.79305,40.51006],[-79.79278,40.50947],[-79.79208,40.5085],[-79.79197,40.50832],[-79.79205,40.50826],[-79.79177,40.50798],[-79.79196,40.50713],[-79.79277,40.5068],[-79.79284,40.50683],[-79.79292,40.50744],[-79.79318,40.50828],[-79.79346,40.50881],[-79.79326,40.50882],[-79.79336,40.50915],[-79.79323,40.50931],[-79.7933,40.50943],[-79.79322,40.50948],[-79.79374,40.50996],[-79.79399,40.51063],[-79.79393,40.51096],[-79.79406,40.51136],[-79.79361,40.51129],[-79.79346,40.5112],[-79.79332,40.51097]]]},"properties":{"name":"MILLTOWN COMMUNITY PARK","municipality":"PENN HILLS MUNICIPALITY","kind":"municipal_park"}},{"type":"Feature","geometry":{"type":"Polygon","coordinates":[[[-79.92141,40.50064],[-79.92139,40.50007],[-79.92031,40.5001],[-79.92022,40.49836],[-79.92007,40.49827],[-79.92002,40.49723],[-79.92439,40.49762],[-79.92401,40.49909],[-79.92367,40.49904],[-79.92348,40.49964],[-79.92315,40.5004],[-79.92265,40.50033],[-79.92141,40.50064]]]},"properties":{"name":"MEADOW PARK","municipality":"OHARA TOWNSHIP","kind":"municipal_park"}},{"type":"Feature","geometry":{"type":"Polygon","coordinates":[[[-79.93327,40.5127],[-79.93292,40.5127],[-79.93279,40.51016],[-79.93494,40.51012],[-79.93502,40.51139],[-79.93451,40.51127],[-79.93453,40.51166],[-79.9349,40.51175],[-79.93519,40.51192],[-79.93493,40.51217],[-79.9353,40.51239],[-79.93509,40.51258],[-79.93448,40.51259],[-79.93449,40.51277],[-79.93328,40.51279],[-79.93327,40.5127]]]},"properties":{"name":"WOODLAND PARK","municipality":"OHARA TOWNSHIP","kind":"municipal_park"}},{"type":"Feature","geometry":{"type":"Polygon","coordinates":[[[-79.93303,40.5043],[-79.9331,40.50596],[-79.93188,40.50598],[-79.93182,40.50434],[-79.93303,40.5043]]]},"properties":{"name":"GEORGE J SACCO PARK","municipality":"OHARA TOWNSHIP","kind":"municipal_park"}},{"type":"Feature","geometry":{"type":"Polygon","coordinates":[[[-80.00554,40.44378],[-80.00568,40.44379],[-80.00246,40.44458],[-79.99937,40.44556],[-79.99931,40.44548],[-80.00262,40.44445],[-80.00519,40.44382],[-80.00554,40.44378]]]},"properties":{"name":"ALLEGHENY RIVERFRONT PARK","municipality":"CITY OF PITTSBURGH","kind":"municipal_park"}},{"type":"Feature","geometry":{"type":"Polygon","coordinates":[[[-79.95479,40.4297],[-79.95467,40.42961],[-79.95442,40.42981],[-79.95369,40.42926],[-79.95396,40.42902],[-79.95414,40.42915],[-79.95513,40.42834],[-79.95603,40.42916],[-79.9551,40.42992],[-79.95479,40.4297]]]},"properties":{"name":"FRAZIER PARK","municipality":"CITY OF PITTSBURGH","kind":"municipal_park"}},{"type":"Feature","geometry":{"type":"Polygon","coordinates":[[[-79.92421,40.43237],[-79.92424,40.43229],[-79.92442,40.43213],[-79.92559,40.43211],[-79.92561,40.4326],[-79.9245,40.43263],[-79.92421,40.43237]]]},"properties":{"name":"DAVIS PARK","municipality":"CITY OF PITTSBURGH","kind":"municipal_park"}},{"type":"Feature","geometry":{"type":"Polygon","coordinates":[[[-80.07952,40.44895],[-80.08041,40.44823],[-80.0815,40.44899],[-80.08062,40.44972],[-80.07952,40.44895]]]},"properties":{"name":"FAIRYWOOD PARK","municipality":"CITY OF PITTSBURGH","kind":"municipal_park"}},{"type":"Feature","geometry":{"type":"Polygon","coordinates":[[[-79.97455,40.4176],[-79.97579,40.41774],[-79.97557,40.41898],[-79.97431,40.41894],[-79.97455,40.4176]]]},"properties":{"name":"ARLINGTON PARK","municipality":"CITY OF PITTSBURGH","kind":"municipal_park"}},{"type":"Feature","geometry":{"type":"Polygon","coordinates":[[[-80.03291,40.48847],[-80.03288,40.48842],[-80.03234,40.48856],[-80.0321,40.4881],[-80.03203,40.48813],[-80.03203,40.48799],[-80.03057,40.4871],[-80.02985,40.48714],[-80.02977,40.48686],[-80.02904,40.48636],[-80.02908,40.48633],[-80.02716,40.48499],[-80.02636,40.48383],[-80.02641,40.48384],[-80.02642,40.48373],[-80.02647,40.48287],[-80.02644,40.48256],[-80.02751,40.48253],[-80.02761,40.48372],[-80.02793,40.48378],[-80.0281,40.48365],[-80.02915,40.48449],[-80.0293,40.48448],[-80.02933,40.48394],[-80.02992,40.48438],[-80.03001,40.48439],[-80.02997,40.48449],[-80.03008,40.4845],[-80.03022,40.4846],[-80.03042,40.48461],[-80.0304,40.48531],[-80.03089,40.48553],[-80.03149,40.48561],[-80.03147,40.48593],[-80.03169,40.48597],[-80.03169,40.48636],[-80.03214,40.48644],[-80.03232,40.48664],[-80.03241,40.48661],[-80.03236,40.48646],[-80.03242,40.48644],[-80.0337,40.4888],[-80.03321,40.48899],[-80.03292,40.489],[-80.03291,40.48847]]]},"properties":{"name":"BRIGHTON HEIGHTS PARK","municipality":"CITY OF PITTSBURGH","kind":"municipal_park"}},{"type":"Feature","geometry":{"type":"Polygon","coordinates":[[[-80.07434,40.45754],[-80.07328,40.45757],[-80.07312,40.45644],[-80.0753,40.45638],[-80.07532,40.45794],[-80.07465,40.45762],[-80.07434,40.45754]]]},"properties":{"name":"CHARTIERS PARK","municipality":"CITY OF PITTSBURGH","kind":"municipal_park"}},{"type":"Feature","geometry":{"type":"Polygon","coordinates":[[[-80.00742,40.44602],[-80.00737,40.44593],[-80.00745,40.44591],[-80.00734,40.44561],[-80.01161,40.44495],[-80.01478,40.44472],[-80.01676,40.44485],[-80.01741,40.44495],[-80.01995,40.44572],[-80.01986,40.44589],[-80.01742,40.44521],[-80.01639,40.44502],[-80.01521,40.44496],[-80.014,40.44503],[-80.01279,40.44553],[-80.0117,40.44578],[-80.0116,40.44543],[-80.00746,40.44618],[-80.00741,40.44619],[-80.00742,40.44602]]]},"properties":{"name":"NORTHSHORE RIVERFRONT PARK","municipality":"CITY OF PITTSBURGH","kind":"municipal_park"}},{"type":"Feature","geometry":{"type":"Polygon","coordinates":[[[-79.96192,40.41445],[-79.96106,40.41316],[-79.96246,40.41261],[-79.96261,40.41295],[-79.96276,40.41297],[-79.96291,40.4133],[-79.96317,40.41422],[-79.96319,40.41447],[-79.96192,40.41445]]]},"properties":{"name":"DEVLIN PARK","municipality":"CITY OF PITTSBURGH","kind":"municipal_park"}},{"type":"Feature","geometry":{"type":"Polygon","coordinates":[[[-80.02419,40.45852],[-80.02577,40.45824],[-80.02585,40.45849],[-80.02604,40.45846],[-80.0263,40.45924],[-80.0249,40.4588],[-80.02419,40.45852]]]},"properties":{"name":"MANCHESTER PARK","municipality":"CITY OF PITTSBURGH","kind":"municipal_park"}},{"type":"Feature","geometry":{"type":"Polygon","coordinates":[[[-79.96724,40.42186],[-79.96671,40.42276],[-79.96543,40.42213],[-79.96504,40.42185],[-79.96545,40.42123],[-79.9658,40.42125],[-79.96587,40.42098],[-79.96732,40.42159],[-79.96718,40.42183],[-79.96724,40.42186]]]},"properties":{"name":"MONONGAHELA PARK","municipality":"CITY OF PITTSBURGH","kind":"municipal_park"}},{"type":"Feature","geometry":{"type":"Polygon","coordinates":[[[-80.00039,40.42863],[-80.0007,40.42806],[-80.00052,40.42797],[-80.00023,40.42851],[-79.99969,40.42807],[-79.99953,40.42799],[-79.99945,40.42805],[-79.9992,40.42781],[-79.99898,40.42803],[-79.99866,40.42776],[-79.99859,40.42787],[-79.99792,40.42766],[-79.99773,40.42798],[-79.99673,40.42763],[-79.99615,40.42721],[-79.99621,40.4271],[-79.99541,40.42695],[-79.99534,40.42716],[-79.99512,40.42715],[-79.99499,40.42743],[-79.99467,40.42732],[-79.9944,40.42721],[-79.99458,40.427],[-79.99446,40.42695],[-79.9943,40.42715],[-79.99401,40.42681],[-79.99448,40.42647],[-79.99443,40.42624],[-79.9943,40.42602],[-79.99321,40.4255],[-79.99276,40.42565],[-79.99244,40.42584],[-79.9924,40.42578],[-79.99276,40.42558],[-79.99296,40.42527],[-79.99276,40.42519],[-79.99146,40.42521],[-79.99121,40.42518],[-79.99139,40.42511],[-79.99306,40.42507],[-79.99328,40.42472],[-79.99352,40.42472],[-79.99341,40.42428],[-79.99399,40.42428],[-79.99409,40.42471],[-79.99625,40.42466],[-79.99629,40.42536],[-79.99744,40.42597],[-79.99742,40.42608],[-79.99749,40.42618],[-79.99757,40.42615],[-79.99778,40.42626],[-79.99737,40.4267],[-79.99766,40.42685],[-79.99782,40.42668],[-79.99798,40.42676],[-79.99782,40.42694],[-79.99796,40.42701],[-79.99812,40.42684],[-79.99829,40.42693],[-79.99814,40.42709],[-79.99882,40.42744],[-79.99911,40.42696],[-79.99932,40.42699],[-80.00063,40.42767],[-80.0033,40.42773],[-80.00312,40.42811],[-80.00286,40.42826],[-80.00261,40.42807],[-80.00232,40.4283],[-80.00269,40.4284],[-80.00262,40.42846],[-80.00199,40.42855],[-80.00191,40.42861],[-80.00151,40.42841],[-80.00145,40.42852],[-80.00086,40.42829],[-80.00065,40.4287],[-80.00039,40.42863]]]},"properties":{"name":"GRANDVIEW PARK","municipality":"CITY OF PITTSBURGH","kind":"municipal_park"}},{"type":"Feature","geometry":{"type":"Polygon","coordinates":[[[-79.99692,40.44105],[-79.99726,40.44053],[-79.99804,40.44082],[-79.99768,40.44134],[-79.99692,40.44105]]]},"properties":{"name":"MELLON SQUARE PARK","municipality":"CITY OF PITTSBURGH","kind":"municipal_park"}},{"type":"Feature","geometry":{"type":"Polygon","coordinates":[[[-79.85785,40.33868],[-79.85803,40.3386],[-79.8583,40.33887],[-79.85749,40.33927],[-79.85728,40.33901],[-79.85785,40.33868]]]},"properties":{"name":"HADLEY PARK","municipality":"CITY OF MCKEESPORT","kind":"municipal_park"}},{"type":"Feature","geometry":{"type":"Polygon","coordinates":[[[-79.95213,40.4373],[-79.95103,40.43704],[-79.95097,40.43695],[-79.95108,40.43689],[-79.9522,40.43714],[-79.95227,40.43724],[-79.95213,40.4373]]]},"properties":{"name":"OAKLAND SQUARE","municipality":"CITY OF PITTSBURGH","kind":"municipal_park"}},{"type":"Feature","geometry":{"type":"Polygon","coordinates":[[[-80.07494,40.41437],[-80.07522,40.41458],[-80.07482,40.41488],[-80.07455,40.41466],[-80.07494,40.41437]]]},"properties":{"name":"EAST CARNEGIE PARK","municipality":"CITY OF PITTSBURGH","kind":"municipal_park"}},{"type":"Feature","geometry":{"type":"Polygon","coordinates":[[[-80.00073,40.4214],[-80.00068,40.42112],[-80.0021,40.42112],[-80.00208,40.42173],[-80.00078,40.42171],[-80.00073,40.4214]]]},"properties":{"name":"WARRINGTON PARK","municipality":"CITY OF PITTSBURGH","kind":"municipal_park"}},{"type":"Feature","geometry":{"type":"Polygon","coordinates":[[[-80.04212,40.43933],[-80.04335,40.43804],[-80.04383,40.43815],[-80.0438,40.43886],[-80.04478,40.44011],[-80.04376,40.44081],[-80.04212,40.43933]]]},"properties":{"name":"HERSCHEL PARK","municipality":"CITY OF PITTSBURGH","kind":"municipal_park"}},{"type":"Feature","geometry":{"type":"Polygon","coordinates":[[[-80.05166,40.4731],[-80.05091,40.47217],[-80.05119,40.47204],[-80.05139,40.47229],[-80.05239,40.4718],[-80.05309,40.47267],[-80.05212,40.47314],[-80.05298,40.47422],[-80.05267,40.47437],[-80.05166,40.4731]]]},"properties":{"name":"RANGER FIELD & PLAYGROUND","municipality":"MCKEES ROCKS BOROUGH","kind":"municipal_park"}},{"type":"Feature","geometry":{"type":"Polygon","coordinates":[[[-79.97369,40.45306],[-79.97413,40.45289],[-79.97453,40.45308],[-79.97323,40.4542],[-79.97377,40.4547],[-79.97282,40.45557],[-79.97249,40.4558],[-79.97199,40.45603],[-79.97101,40.45634],[-79.97012,40.45646],[-79.96866,40.45524],[-79.96956,40.45468],[-79.97369,40.45306]]]},"properties":{"name":"WEST PENN PARK","municipality":"CITY OF PITTSBURGH","kind":"municipal_park"}},{"type":"Feature","geometry":{"type":"Polygon","coordinates":[[[-80.01835,40.42966],[-80.01946,40.42982],[-80.01864,40.43239],[-80.0173,40.4322],[-80.01809,40.42962],[-80.01835,40.42966]]]},"properties":{"name":"OLYMPIA PARK","municipality":"CITY OF PITTSBURGH","kind":"municipal_park"}},{"type":"Feature","geometry":{"type":"Polygon","coordinates":[[[-80.04973,40.43143],[-80.04948,40.43153],[-80.04948,40.43017],[-80.0496,40.43033],[-80.04993,40.43021],[-80.04966,40.42978],[-80.04979,40.42973],[-80.04994,40.42998],[-80.05027,40.42986],[-80.05012,40.42961],[-80.05051,40.42947],[-80.05146,40.43085],[-80.04973,40.43143]]]},"properties":{"name":"WESTWOOD SCHOOL PARK","municipality":"CITY OF PITTSBURGH","kind":"municipal_park"}},{"type":"Feature","geometry":{"type":"Polygon","coordinates":[[[-79.9275,40.44366],[-79.9263,40.44363],[-79.92627,40.44303],[-79.92779,40.44308],[-79.92781,40.44368],[-79.9275,40.44366]]]},"properties":{"name":"WIGHTMAN PARK","municipality":"CITY OF PITTSBURGH","kind":"municipal_park"}},{"type":"Feature","geometry":{"type":"Polygon","coordinates":[[[-79.9043,40.45772],[-79.90433,40.45765],[-79.90484,40.45776],[-79.90478,40.45804],[-79.90421,40.45795],[-79.9043,40.45772]]]},"properties":{"name":"DALLAS PARK","municipality":"CITY OF PITTSBURGH","kind":"municipal_park"}},{"type":"Feature","geometry":{"type":"Polygon","coordinates":[[[-79.93224,40.46731],[-79.93247,40.46662],[-79.93298,40.46671],[-79.93285,40.46711],[-79.93288,40.46712],[-79.93281,40.46739],[-79.93224,40.46731]]]},"properties":{"name":"KITE HILL PARK","municipality":"CITY OF PITTSBURGH","kind":"municipal_park"}},{"type":"Feature","geometry":{"type":"Polygon","coordinates":[[[-79.92034,40.39399],[-79.92041,40.39371],[-79.92109,40.39384],[-79.92103,40.39412],[-79.92034,40.39399]]]},"properties":{"name":"ROLAND LOCKRIDGE COMMUNITY PARK","municipality":"CITY OF PITTSBURGH","kind":"municipal_park"}},{"type":"Feature","geometry":{"type":"MultiPolygon","coordinates":[[[[-80.03575,40.43772],[-80.03581,40.4364],[-80.03592,40.43598],[-80.03605,40.43584],[-80.03619,40.43579],[-80.03705,40.43596],[-80.03829,40.43635],[-80.03898,40.43663],[-80.0395,40.43706],[-80.03943,40.4371],[-80.0389,40.43684],[-80.03734,40.43782],[-80.03655,40.43765],[-80.03642,40.43823],[-80.03557,40.43817],[-80.03575,40.43772]]],[[[-80.03512,40.43565],[-80.03548,40.43551],[-80.03603,40.43543],[-80.03676,40.43551],[-80.03761,40.43572],[-80.03764,40.43565],[-80.03866,40.43595],[-80.04023,40.43663],[-80.03969,40.43697],[-80.03903,40.43648],[-80.03817,40.43614],[-80.03742,40.43589],[-80.03616,40.43561],[-80.03597,40.43562],[-80.03582,40.43573],[-80.03575,40.43591],[-80.03559,40.43662],[-80.03558,40.43763],[-80.03537,40.4382],[-80.03515,40.43811],[-80.03531,40.43763],[-80.03537,40.43701],[-80.03524,40.43653],[-80.03518,40.43647],[-80.03557,40.43626],[-80.03504,40.43569],[-80.03512,40.43565]]]]},"properties":{"name":"WEST END PARK","municipality":"CITY OF PITTSBURGH","kind":"municipal_park"}},{"type":"Feature","geometry":{"type":"Polygon","coordinates":[[[-79.83271,40.35958],[-79.83294,40.35923],[-79.83325,40.35934],[-79.83272,40.36012],[-79.83242,40.36],[-79.83271,40.35958]]]},"properties":{"name":"HIGHLAND GROVE PLAYGROUND","municipality":"CITY OF MCKEESPORT","kind":"municipal_park"}},{"type":"Feature","geometry":{"type":"Polygon","coordinates":[[[-79.87539,40.35041],[-79.87565,40.35031],[-79.87583,40.3506],[-79.87558,40.35069],[-79.87539,40.35041]]]},"properties":{"name":"SAYFOOT PARK","municipality":"CITY OF MCKEESPORT","kind":"municipal_park"}},{"type":"Feature","geometry":{"type":"Polygon","coordinates":[[[-79.91157,40.43795],[-79.91223,40.43797],[-79.91301,40.43781],[-79.91306,40.43784],[-79.91301,40.438],[-79.91157,40.43795]]]},"properties":{"name":"VIETNAM ISLAND - AMERICAN LEGION MEMORIAL GARDENS","municipality":"CITY OF PITTSBURGH","kind":"municipal_park"}},{"type":"Feature","geometry":{"type":"Polygon","coordinates":[[[-80.03981,40.44302],[-80.04024,40.44276],[-80.04059,40.44303],[-80.04008,40.44337],[-80.03986,40.44318],[-80.03981,40.44302]]]},"properties":{"name":"TOWNSEND PARK","municipality":"CITY OF PITTSBURGH","kind":"municipal_park"}},{"type":"Feature","geometry":{"type":"Polygon","coordinates":[[[-80.05137,40.43935],[-80.05168,40.43792],[-80.05451,40.43831],[-80.05315,40.43881],[-80.05258,40.43922],[-80.05289,40.43946],[-80.05282,40.43951],[-80.05252,40.43927],[-80.05151,40.44],[-80.05109,40.43962],[-80.05133,40.43953],[-80.05137,40.43935]]]},"properties":{"name":"DUNBAR PARK","municipality":"CITY OF PITTSBURGH","kind":"municipal_park"}},{"type":"Feature","geometry":{"type":"Polygon","coordinates":[[[-80.02355,40.42344],[-80.0226,40.4234],[-80.02286,40.42188],[-80.0245,40.42204],[-80.02428,40.42347],[-80.02355,40.42344]]]},"properties":{"name":"TROPICAL PARK","municipality":"CITY OF PITTSBURGH","kind":"municipal_park"}},{"type":"Feature","geometry":{"type":"Polygon","coordinates":[[[-80.0005,40.40734],[-80.00052,40.40766],[-79.99946,40.40768],[-79.99944,40.40736],[-80.0005,40.40734]]]},"properties":{"name":"BON AIR PARK","municipality":"CITY OF PITTSBURGH","kind":"municipal_park"}},{"type":"Feature","geometry":{"type":"Polygon","coordinates":[[[-80.01942,40.41515],[-80.01907,40.41534],[-80.01874,40.41535],[-80.01852,40.41524],[-80.01794,40.41521],[-80.0176,40.4153],[-80.01702,40.4153],[-80.01658,40.41522],[-80.01645,40.41515],[-80.01639,40.41466],[-80.01661,40.41464],[-80.0166,40.41426],[-80.01703,40.41427],[-80.01803,40.41418],[-80.01804,40.41453],[-80.01934,40.4145],[-80.01942,40.41515]]]},"properties":{"name":"VANUCCI PARK","municipality":"CITY OF PITTSBURGH","kind":"municipal_park"}},{"type":"Feature","geometry":{"type":"Polygon","coordinates":[[[-79.84603,40.32222],[-79.8453,40.3219],[-79.84557,40.32149],[-79.84649,40.32192],[-79.84609,40.32225],[-79.84603,40.32222]]]},"properties":{"name":"LIBERTY BOROUGH SOCCER FIELD","municipality":"LIBERTY BOROUGH","kind":"municipal_park"}},{"type":"Feature","geometry":{"type":"Polygon","coordinates":[[[-79.84629,40.32184],[-79.8465,40.32151],[-79.84685,40.3216],[-79.84677,40.32198],[-79.84636,40.32227],[-79.84629,40.32241],[-79.84609,40.32225],[-79.84649,40.32192],[-79.84629,40.32184]]]},"properties":{"name":"SENIOR CITIZENS GROVE","municipality":"LIBERTY BOROUGH","kind":"municipal_park"}},{"type":"Feature","geometry":{"type":"Polygon","coordinates":[[[-80.01183,40.40567],[-80.01209,40.40429],[-80.01518,40.40464],[-80.01491,40.40602],[-80.01183,40.40567]]]},"properties":{"name":"MOORE PARK","municipality":"CITY OF PITTSBURGH","kind":"municipal_park"}},{"type":"Feature","geometry":{"type":"Polygon","coordinates":[[[-79.89998,40.46888],[-79.89995,40.46883],[-79.8994,40.46904],[-79.89925,40.4683],[-79.89934,40.46827],[-79.89947,40.46849],[-79.89947,40.46789],[-79.90011,40.46822],[-79.90035,40.46795],[-79.90077,40.46817],[-79.90097,40.46851],[-79.90124,40.46841],[-79.90141,40.46871],[-79.90004,40.46922],[-79.89985,40.46893],[-79.89998,40.46888]]]},"properties":{"name":"PAULSON PARK","municipality":"CITY OF PITTSBURGH","kind":"municipal_park"}},{"type":"Feature","geometry":{"type":"Polygon","coordinates":[[[-79.97305,40.44443],[-79.97281,40.44413],[-79.97228,40.44214],[-79.97227,40.44186],[-79.97256,40.44162],[-79.97262,40.44143],[-79.97284,40.4414],[-79.9732,40.44096],[-79.97348,40.44106],[-79.97387,40.441],[-79.97395,40.44105],[-79.97414,40.44144],[-79.97422,40.44234],[-79.97435,40.44287],[-79.97489,40.44364],[-79.97343,40.44425],[-79.97332,40.44395],[-79.97314,40.44399],[-79.97326,40.44434],[-79.97305,40.44443]]]},"properties":{"name":"KENNARD PARK","municipality":"CITY OF PITTSBURGH","kind":"municipal_park"}},{"type":"Feature","geometry":{"type":"Polygon","coordinates":[[[-79.97441,40.44033],[-79.97387,40.44062],[-79.97343,40.44022],[-79.97323,40.43996],[-79.97311,40.43963],[-79.9731,40.4393],[-79.97391,40.43934],[-79.97389,40.43946],[-79.97451,40.43949],[-79.97447,40.4398],[-79.97478,40.43983],[-79.97473,40.44016],[-79.97441,40.44033]]]},"properties":{"name":"MARTIN LUTHER KING PARK","municipality":"CITY OF PITTSBURGH","kind":"municipal_park"}},{"type":"Feature","geometry":{"type":"Polygon","coordinates":[[[-80.0128,40.45766],[-80.01302,40.45762],[-80.01308,40.45779],[-80.01278,40.45785],[-80.01273,40.45767],[-80.0128,40.45766]]]},"properties":{"name":"ALPINE GARDENS PARK","municipality":"CITY OF PITTSBURGH","kind":"municipal_park"}},{"type":"Feature","geometry":{"type":"Polygon","coordinates":[[[-79.93831,40.41476],[-79.93863,40.41421],[-79.93922,40.41476],[-79.93911,40.41544],[-79.93865,40.41575],[-79.93857,40.41587],[-79.93793,40.41563],[-79.93785,40.41553],[-79.9381,40.41521],[-79.93831,40.41476]]]},"properties":{"name":"GLADSTONE PARK","municipality":"CITY OF PITTSBURGH","kind":"municipal_park"}},{"type":"Feature","geometry":{"type":"Polygon","coordinates":[[[-79.93131,40.38326],[-79.932,40.38324],[-79.93202,40.38374],[-79.93141,40.38341],[-79.93131,40.38326]]]},"properties":{"name":"HAYS PARK","municipality":"CITY OF PITTSBURGH","kind":"municipal_park"}},{"type":"Feature","geometry":{"type":"Polygon","coordinates":[[[-79.96512,40.43535],[-79.96532,40.43516],[-79.96559,40.43554],[-79.96527,40.43551],[-79.96526,40.43546],[-79.965,40.43558],[-79.96512,40.43535]]]},"properties":{"name":"LAWN & OPHELIA PARK","municipality":"CITY OF PITTSBURGH","kind":"municipal_park"}},{"type":"Feature","geometry":{"type":"Polygon","coordinates":[[[-79.99568,40.46202],[-79.9958,40.46194],[-79.99596,40.46209],[-79.99566,40.46226],[-79.99558,40.46208],[-79.99568,40.46202]]]},"properties":{"name":"LEISTER STREET PARK","municipality":"CITY OF PITTSBURGH","kind":"municipal_park"}},{"type":"Feature","geometry":{"type":"MultiPolygon","coordinates":[[[[-80.01242,40.41524],[-80.0132,40.41516],[-80.0135,40.41533],[-80.01294,40.41538],[-80.01241,40.41531],[-80.01242,40.41524]]],[[[-80.01478,40.41646],[-80.01447,40.41598],[-80.01479,40.41601],[-80.01481,40.41621],[-80.01494,40.41656],[-80.01478,40.41646]]],[[[-80.01897,40.42477],[-80.01892,40.42472],[-80.01888,40.42474],[-80.01767,40.42357],[-80.01613,40.42191],[-80.01569,40.42139],[-80.01552,40.42112],[-80.01542,40.4209],[-80.01544,40.42072],[-80.01528,40.41884],[-80.01454,40.41647],[-80.01428,40.41602],[-80.01477,40.41661],[-80.01496,40.41667],[-80.01509,40.41716],[-80.01512,40.41715],[-80.01515,40.41726],[-80.01488,40.41727],[-80.01538,40.41913],[-80.01558,40.42008],[-80.01547,40.42045],[-80.01556,40.42045],[-80.01557,40.42067],[-80.01567,40.4209],[-80.01594,40.42125],[-80.01614,40.42172],[-80.01761,40.4233],[-80.01762,40.42339],[-80.01943,40.42509],[-80.01936,40.42518],[-80.01894,40.42479],[-80.01897,40.42477]]],[[[-80.01546,40.42622],[-80.01523,40.42605],[-80.01527,40.42586],[-80.01525,40.42555],[-80.01562,40.42555],[-80.01562,40.4255],[-80.01546,40.42514],[-80.01523,40.42513],[-80.01522,40.42474],[-80.01318,40.42469],[-80.01318,40.42431],[-80.01355,40.42432],[-80.01356,40.42409],[-80.01368,40.4241],[-80.01368,40.42398],[-80.01392,40.42399],[-80.01357,40.42398],[-80.01356,40.42371],[-80.01341,40.4237],[-80.0134,40.42338],[-80.01285,40.42336],[-80.01325,40.42315],[-80.0136,40.42317],[-80.01366,40.42251],[-80.01381,40.42256],[-80.01384,40.42239],[-80.0142,40.4224],[-80.01451,40.42172],[-80.01465,40.42171],[-80.01402,40.42142],[-80.01422,40.4205],[-80.01487,40.41852],[-80.01459,40.41847],[-80.01458,40.41831],[-80.01394,40.41762],[-80.01338,40.41625],[-80.01321,40.41569],[-80.01184,40.41557],[-80.01179,40.41541],[-80.01261,40.41547],[-80.01313,40.41556],[-80.01343,40.41566],[-80.01374,40.41583],[-80.01413,40.41622],[-80.01434,40.41669],[-80.01507,40.41911],[-80.01517,40.4209],[-80.01532,40.42125],[-80.01587,40.42198],[-80.01718,40.42345],[-80.01917,40.42534],[-80.01726,40.42579],[-80.01657,40.42632],[-80.0162,40.42605],[-80.01566,40.42645],[-80.0154,40.42626],[-80.01546,40.42622]]]]},"properties":{"name":"MOUNT WASHINGTON PARK","municipality":"CITY OF PITTSBURGH","kind":"municipal_park"}},{"type":"Feature","geometry":{"type":"Polygon","coordinates":[[[-79.84373,40.34806],[-79.84375,40.34785],[-79.84386,40.34786],[-79.84388,40.34762],[-79.84414,40.34764],[-79.8442,40.34809],[-79.84373,40.34806]]]},"properties":{"name":"CHESTER PARK","municipality":"CITY OF MCKEESPORT","kind":"municipal_park"}},{"type":"Feature","geometry":{"type":"Polygon","coordinates":[[[-79.98543,40.42847],[-79.98541,40.42772],[-79.98619,40.42772],[-79.98626,40.42778],[-79.9863,40.42845],[-79.98543,40.42847]]]},"properties":{"name":"ARMSTRONG PARK","municipality":"CITY OF PITTSBURGH","kind":"municipal_park"}},{"type":"Feature","geometry":{"type":"Polygon","coordinates":[[[-80.05412,40.40865],[-80.05505,40.40808],[-80.05419,40.40743],[-80.05428,40.40732],[-80.05421,40.4073],[-80.05466,40.40676],[-80.05495,40.40633],[-80.05451,40.40618],[-80.05481,40.40595],[-80.05432,40.40555],[-80.05448,40.40544],[-80.05485,40.40573],[-80.05579,40.40503],[-80.05717,40.40671],[-80.05784,40.40784],[-80.05453,40.40872],[-80.0541,40.40908],[-80.05386,40.40893],[-80.05388,40.40887],[-80.05416,40.40869],[-80.05412,40.40865]]]},"properties":{"name":"GREEN TREE NATURE CENTER","municipality":"GREEN TREE BOROUGH","kind":"municipal_park"}},{"type":"Feature","geometry":{"type":"Polygon","coordinates":[[[-79.90525,40.49652],[-79.90531,40.49636],[-79.90723,40.49624],[-79.90766,40.49645],[-79.90768,40.49672],[-79.9066,40.4969],[-79.90551,40.49651],[-79.90525,40.49652]]]},"properties":{"name":"ASPINWALL FIREMANS PARK","municipality":"ASPINWALL BOROUGH","kind":"municipal_park"}},{"type":"Feature","geometry":{"type":"Polygon","coordinates":[[[-80.19107,40.54986],[-80.19117,40.54995],[-80.1909,40.55014],[-80.19079,40.55005],[-80.19107,40.54986]]]},"properties":{"name":"CHESTNUT ROAD PARKLET","municipality":"EDGEWORTH BOROUGH","kind":"municipal_park"}},{"type":"Feature","geometry":{"type":"Polygon","coordinates":[[[-80.06614,40.50379],[-80.06606,40.50377],[-80.06595,40.50362],[-80.06707,40.50321],[-80.06891,40.50332],[-80.06879,40.50402],[-80.06717,40.5037],[-80.06669,40.50373],[-80.06629,40.50381],[-80.06614,40.50379]]]},"properties":{"name":"AVALON PARK","municipality":"AVALON BOROUGH","kind":"municipal_park"}},{"type":"Feature","geometry":{"type":"Polygon","coordinates":[[[-79.99272,40.3976],[-79.99265,40.39751],[-79.99274,40.39751],[-79.99263,40.3971],[-79.99222,40.39668],[-79.99174,40.39638],[-79.99185,40.39636],[-79.99152,40.39578],[-79.99266,40.39583],[-79.9927,40.39521],[-79.99298,40.39526],[-79.99294,40.39577],[-79.99323,40.39645],[-79.99425,40.39649],[-79.9949,40.39597],[-79.99496,40.39597],[-79.99488,40.3969],[-79.99492,40.39702],[-79.99571,40.39675],[-79.99605,40.39725],[-79.99566,40.3975],[-79.99504,40.39761],[-79.99364,40.39755],[-79.99319,40.39815],[-79.99336,40.39837],[-79.99224,40.39856],[-79.99203,40.39812],[-79.9922,40.39807],[-79.99215,40.39797],[-79.99238,40.39791],[-79.99219,40.39767],[-79.99272,40.3976]]]},"properties":{"name":"VOLUNTEERS PARK","municipality":"CITY OF PITTSBURGH","kind":"municipal_park"}},{"type":"Feature","geometry":{"type":"MultiPolygon","coordinates":[[[[-79.94773,40.4415],[-79.94754,40.4414],[-79.94729,40.44155],[-79.94713,40.44158],[-79.94296,40.44071],[-79.94293,40.44077],[-79.94197,40.44056],[-79.94201,40.44046],[-79.93789,40.4396],[-79.93762,40.43945],[-79.9345,40.43881],[-79.93419,40.43887],[-79.93337,40.43792],[-79.93345,40.43783],[-79.93421,40.4378],[-79.93331,40.43454],[-79.93271,40.43195],[-79.93306,40.42988],[-79.93244,40.42984],[-79.93208,40.42952],[-79.93376,40.42924],[-79.93518,40.42935],[-79.93584,40.42894],[-79.93689,40.42884],[-79.93763,40.42883],[-79.93829,40.42892],[-79.94056,40.43018],[-79.94229,40.43034],[-79.94343,40.42987],[-79.94333,40.42969],[-79.94357,40.42961],[-79.94527,40.42849],[-79.94626,40.42823],[-79.94622,40.42853],[-79.94711,40.42861],[-79.94717,40.42811],[-79.94813,40.42819],[-79.94848,40.42805],[-79.94917,40.42813],[-79.94933,40.42805],[-79.94964,40.42881],[-79.94954,40.42942],[-79.94956,40.43079],[-79.94975,40.43309],[-79.94977,40.43392],[-79.94972,40.43436],[-79.9496,40.43438],[-79.94954,40.43456],[-79.9494,40.43546],[-79.94933,40.43629],[-79.9494,40.43768],[-79.94967,40.43981],[-79.94947,40.44037],[-79.94818,40.44171],[-79.94773,40.4415]]],[[[-79.94927,40.42871],[-79.94907,40.42829],[-79.94846,40.42823],[-79.94836,40.42873],[-79.94932,40.42882],[-79.94927,40.42871]]],[[[-79.94976,40.42902],[-79.94977,40.42888],[-79.95035,40.42893],[-79.95026,40.43009],[-79.94987,40.42935],[-79.94976,40.42902]]],[[[-79.95037,40.43219],[-79.9504,40.43077],[-79.95077,40.4308],[-79.95077,40.43074],[-79.9504,40.43071],[-79.95041,40.43039],[-79.95032,40.43024],[-79.95042,40.42893],[-79.95085,40.42968],[-79.95109,40.42994],[-79.95135,40.43036],[-79.95146,40.43043],[-79.95085,40.43041],[-79.95084,40.43047],[-79.95114,40.43048],[-79.95158,40.4307],[-79.95119,40.43116],[-79.95116,40.43144],[-79.95077,40.43143],[-79.95075,40.43166],[-79.95113,40.43167],[-79.95102,40.4322],[-79.95037,40.43219]]],[[[-79.9503,40.43429],[-79.95031,40.43345],[-79.95047,40.43346],[-79.95048,40.4334],[-79.95031,40.43339],[-79.95038,40.43226],[-79.95102,40.43226],[-79.95097,40.43286],[-79.95109,40.4336],[-79.9509,40.43422],[-79.9503,40.43429]]],[[[-79.94982,40.43177],[-79.9497,40.42946],[-79.95022,40.4303],[-79.95023,40.43283],[-79.95009,40.43375],[-79.95009,40.43432],[-79.94985,40.43436],[-79.94991,40.43388],[-79.94982,40.43177]]],[[[-79.95001,40.43451],[-79.95008,40.4345],[-79.95007,40.43593],[-79.94987,40.43592],[-79.95001,40.43451]]],[[[-79.95029,40.43448],[-79.95086,40.43441],[-79.95068,40.43511],[-79.95074,40.43597],[-79.95028,40.43595],[-79.95029,40.43448]]],[[[-79.94996,40.43716],[-79.95008,40.43642],[-79.95024,40.43606],[-79.95116,40.43609],[-79.95115,40.43621],[-79.95121,40.43622],[-79.95106,40.43637],[-79.95065,40.43636],[-79.95058,40.43702],[-79.95041,40.437],[-79.95037,40.43742],[-79.95054,40.43743],[-79.95052,40.43771],[-79.95071,40.43805],[-79.95007,40.43826],[-79.94996,40.43716]]],[[[-79.94993,40.444],[-79.9493,40.44267],[-79.94838,40.44249],[-79.94906,40.44176],[-79.94928,40.44182],[-79.94947,40.44166],[-79.95036,40.44055],[-79.95261,40.44055],[-79.95373,40.44303],[-79.95153,40.44363],[-79.94993,40.444]]]]},"properties":{"name":"SCHENLEY PARK","municipality":"CITY OF PITTSBURGH","kind":"municipal_park"}},{"type":"Feature","geometry":{"type":"Polygon","coordinates":[[[-79.89088,40.46532],[-79.89015,40.46535],[-79.89013,40.46476],[-79.89082,40.46472],[-79.89268,40.46516],[-79.89251,40.46578],[-79.89242,40.46592],[-79.89235,40.46632],[-79.89253,40.46634],[-79.89248,40.46659],[-79.89159,40.46648],[-79.89101,40.466],[-79.89097,40.46539],[-79.89088,40.46532]]]},"properties":{"name":"CHADWICK PARK","municipality":"CITY OF PITTSBURGH","kind":"municipal_park"}},{"type":"Feature","geometry":{"type":"Polygon","coordinates":[[[-79.97773,40.45029],[-79.97762,40.45014],[-79.97755,40.45017],[-79.97689,40.44926],[-79.97745,40.44902],[-79.97748,40.44906],[-79.97789,40.44888],[-79.97769,40.44862],[-79.97833,40.44835],[-79.97932,40.44967],[-79.97942,40.44968],[-79.97968,40.45002],[-79.97957,40.45007],[-79.97955,40.45021],[-79.97913,40.45039],[-79.97839,40.45042],[-79.97811,40.45057],[-79.97795,40.45059],[-79.97773,40.45029]]]},"properties":{"name":"AMMON PARK","municipality":"CITY OF PITTSBURGH","kind":"municipal_park"}},{"type":"Feature","geometry":{"type":"Polygon","coordinates":[[[-79.9731,40.42125],[-79.9731,40.42131],[-79.97319,40.42144],[-79.97316,40.42166],[-79.97264,40.42163],[-79.97255,40.42121],[-79.9731,40.42125]]]},"properties":{"name":"ELEANOR STREET PARK","municipality":"CITY OF PITTSBURGH","kind":"municipal_park"}},{"type":"Feature","geometry":{"type":"Polygon","coordinates":[[[-80.05062,40.46066],[-80.05072,40.46056],[-80.051,40.46072],[-80.05089,40.46083],[-80.05062,40.46066]]]},"properties":{"name":"ESPLEN PARK","municipality":"CITY OF PITTSBURGH","kind":"municipal_park"}},{"type":"Feature","geometry":{"type":"Polygon","coordinates":[[[-79.98559,40.44691],[-79.98532,40.44655],[-79.98544,40.4465],[-79.98533,40.44634],[-79.98566,40.44622],[-79.9858,40.44641],[-79.98604,40.44631],[-79.98618,40.44649],[-79.98614,40.44669],[-79.98595,40.44686],[-79.98579,40.44682],[-79.98559,40.44691]]]},"properties":{"name":"AUGUST WILSON PARK","municipality":"CITY OF PITTSBURGH","kind":"municipal_park"}},{"type":"Feature","geometry":{"type":"Polygon","coordinates":[[[-79.99194,40.4707],[-79.99192,40.47065],[-79.99126,40.47086],[-79.99089,40.46982],[-79.99386,40.46977],[-79.99386,40.47001],[-79.99399,40.47031],[-79.99223,40.471],[-79.99214,40.47107],[-79.99194,40.4707]]]},"properties":{"name":"SPRING HILL PARK","municipality":"CITY OF PITTSBURGH","kind":"municipal_park"}},{"type":"Feature","geometry":{"type":"Polygon","coordinates":[[[-80.02495,40.43809],[-80.02458,40.43857],[-80.02426,40.43843],[-80.02412,40.43841],[-80.02425,40.43792],[-80.02495,40.43809]]]},"properties":{"name":"EILEEN MCCOY PARK","municipality":"CITY OF PITTSBURGH","kind":"municipal_park"}},{"type":"Feature","geometry":{"type":"Polygon","coordinates":[[[-79.98617,40.46508],[-79.98608,40.46612],[-79.98534,40.46613],[-79.98563,40.46554],[-79.98579,40.46491],[-79.9862,40.46498],[-79.98617,40.46508]]]},"properties":{"name":"SPRING GARDEN PARK","municipality":"CITY OF PITTSBURGH","kind":"municipal_park"}},{"type":"Feature","geometry":{"type":"MultiPolygon","coordinates":[[[[-80.0558,40.43929],[-80.05613,40.43918],[-80.05627,40.43943],[-80.05596,40.43954],[-80.0558,40.43929]]],[[[-80.05598,40.43958],[-80.05629,40.43948],[-80.05644,40.43973],[-80.05612,40.43983],[-80.05598,40.43958]]]]},"properties":{"name":"ANDREW JOSEPH KUKURUDA PARK","municipality":"CITY OF PITTSBURGH","kind":"municipal_park"}},{"type":"Feature","geometry":{"type":"Polygon","coordinates":[[[-79.96736,40.45156],[-79.96729,40.45143],[-79.96717,40.45148],[-79.96696,40.45115],[-79.96767,40.45085],[-79.96797,40.45131],[-79.96736,40.45156]]]},"properties":{"name":"VINCENNES PARK","municipality":"CITY OF PITTSBURGH","kind":"municipal_park"}},{"type":"Feature","geometry":{"type":"Polygon","coordinates":[[[-79.90179,40.4214],[-79.90137,40.4212],[-79.90179,40.42066],[-79.90186,40.42066],[-79.90243,40.42091],[-79.90197,40.42148],[-79.90179,40.4214]]]},"properties":{"name":"SWISSHELMM PARK","municipality":"CITY OF PITTSBURGH","kind":"municipal_park"}},{"type":"Feature","geometry":{"type":"Polygon","coordinates":[[[-79.99443,40.34459],[-79.99491,40.34446],[-79.99525,40.34478],[-79.99457,40.34498],[-79.99492,40.34607],[-79.99472,40.34611],[-79.99344,40.34489],[-79.99443,40.34459]]]},"properties":{"name":"MCANNULTY PARK","municipality":"BALDWIN BOROUGH","kind":"municipal_park"}},{"type":"Feature","geometry":{"type":"Polygon","coordinates":[[[-80.18588,40.39785],[-80.18595,40.39774],[-80.18613,40.39779],[-80.18606,40.3979],[-80.18588,40.39785]]]},"properties":{"name":"NOBLESTOWN ROAD PARKLET","municipality":"OAKDALE BOROUGH","kind":"municipal_park"}},{"type":"Feature","geometry":{"type":"Polygon","coordinates":[[[-79.94574,40.42082],[-79.94564,40.4206],[-79.94601,40.42063],[-79.94602,40.42051],[-79.94577,40.42006],[-79.9461,40.41995],[-79.94627,40.42026],[-79.94637,40.42016],[-79.94673,40.42005],[-79.94727,40.4207],[-79.94728,40.42082],[-79.94752,40.42111],[-79.9474,40.42123],[-79.94748,40.4216],[-79.94748,40.42187],[-79.94734,40.42184],[-79.94592,40.42115],[-79.94574,40.42082]]]},"properties":{"name":"BUD HAMMER PARK","municipality":"CITY OF PITTSBURGH","kind":"municipal_park"}},{"type":"Feature","geometry":{"type":"Polygon","coordinates":[[[-79.94791,40.48027],[-79.9485,40.47993],[-79.94866,40.4801],[-79.94861,40.48013],[-79.9488,40.48034],[-79.94834,40.4806],[-79.94791,40.48027]]]},"properties":{"name":"DUNCAN PARK","municipality":"CITY OF PITTSBURGH","kind":"municipal_park"}},{"type":"Feature","geometry":{"type":"Polygon","coordinates":[[[-79.95078,40.42731],[-79.95049,40.42737],[-79.95025,40.42762],[-79.94976,40.4284],[-79.94964,40.42882],[-79.94933,40.42805],[-79.94917,40.42813],[-79.94831,40.42803],[-79.94839,40.42771],[-79.94904,40.42778],[-79.94999,40.42768],[-79.95004,40.42745],[-79.95022,40.42735],[-79.94975,40.42695],[-79.95044,40.42679],[-79.95078,40.42731]]]},"properties":{"name":"FOUR MILE RUN PARK","municipality":"CITY OF PITTSBURGH","kind":"municipal_park"}},{"type":"Feature","geometry":{"type":"Polygon","coordinates":[[[-79.92808,40.47849],[-79.92788,40.47848],[-79.92805,40.47882],[-79.92675,40.47832],[-79.92716,40.4774],[-79.92767,40.47657],[-79.92841,40.47681],[-79.92833,40.47766],[-79.92809,40.47758],[-79.92808,40.47849]]]},"properties":{"name":"HETHS PARK","municipality":"CITY OF PITTSBURGH","kind":"municipal_park"}},{"type":"Feature","geometry":{"type":"Polygon","coordinates":[[[-79.99455,40.43825],[-79.99447,40.43812],[-79.99485,40.43812],[-79.99455,40.43825]]]},"properties":{"name":"JAIL TRAINGLE","municipality":"CITY OF PITTSBURGH","kind":"municipal_park"}},{"type":"Feature","geometry":{"type":"Polygon","coordinates":[[[-79.98563,40.3992],[-79.9856,40.3991],[-79.98585,40.39907],[-79.98588,40.39916],[-79.98614,40.39911],[-79.98623,40.39938],[-79.98572,40.39947],[-79.98563,40.3992]]]},"properties":{"name":"LEOLYN PARK","municipality":"CITY OF PITTSBURGH","kind":"municipal_park"}},{"type":"Feature","geometry":{"type":"Polygon","coordinates":[[[-80.02423,40.45728],[-80.02416,40.45708],[-80.02425,40.45707],[-80.0242,40.45692],[-80.02414,40.45693],[-80.02402,40.45652],[-80.02542,40.45626],[-80.02566,40.45701],[-80.02559,40.45702],[-80.02561,40.4571],[-80.02454,40.45729],[-80.02452,40.45723],[-80.02423,40.45728]]]},"properties":{"name":"MANCHESTER SCHOOL PARK","municipality":"CITY OF PITTSBURGH","kind":"municipal_park"}},{"type":"Feature","geometry":{"type":"MultiPolygon","coordinates":[[[[-80.00956,40.45425],[-80.00886,40.45208],[-80.01098,40.45169],[-80.01144,40.45179],[-80.01316,40.4525],[-80.01355,40.45257],[-80.01398,40.45257],[-80.0144,40.45386],[-80.01439,40.45394],[-80.01428,40.45397],[-80.00869,40.455],[-80.0085,40.45445],[-80.00956,40.45425]]],[[[-80.00961,40.45141],[-80.01026,40.45129],[-80.01047,40.45155],[-80.00968,40.45169],[-80.00961,40.45141]]],[[[-80.00794,40.44966],[-80.0084,40.44972],[-80.00886,40.44989],[-80.00908,40.45067],[-80.00949,40.45176],[-80.0088,40.45187],[-80.00809,40.44968],[-80.00794,40.44966]]],[[[-80.01106,40.45148],[-80.0107,40.45151],[-80.01049,40.45125],[-80.01337,40.45071],[-80.01392,40.45238],[-80.0135,40.45237],[-80.01313,40.45229],[-80.01106,40.45148]]]]},"properties":{"name":"WEST PARK","municipality":"CITY OF PITTSBURGH","kind":"municipal_park"}},{"type":"Feature","geometry":{"type":"Polygon","coordinates":[[[-79.95659,40.43581],[-79.95665,40.43576],[-79.95679,40.4354],[-79.95768,40.43579],[-79.95654,40.43585],[-79.95659,40.43581]]]},"properties":{"name":"ZULEMA PARK","municipality":"CITY OF PITTSBURGH","kind":"municipal_park"}},{"type":"Feature","geometry":{"type":"MultiPolygon","coordinates":[[[[-79.98078,40.42311],[-79.98134,40.42192],[-79.98203,40.42191],[-79.98169,40.42326],[-79.98078,40.42311]]],[[[-79.98064,40.42341],[-79.98074,40.4232],[-79.98153,40.42335],[-79.98149,40.4235],[-79.98064,40.42341]]]]},"properties":{"name":"WINTERS PARK","municipality":"CITY OF PITTSBURGH","kind":"municipal_park"}},{"type":"Feature","geometry":{"type":"Polygon","coordinates":[[[-79.97225,40.45826],[-79.97354,40.45738],[-79.97377,40.45758],[-79.9725,40.45847],[-79.97225,40.45826]]]},"properties":{"name":"DENNY PARK","municipality":"CITY OF PITTSBURGH","kind":"municipal_park"}},{"type":"Feature","geometry":{"type":"Polygon","coordinates":[[[-79.94048,40.46613],[-79.94054,40.46587],[-79.94079,40.46591],[-79.94072,40.46617],[-79.94048,40.46613]]]},"properties":{"name":"NELSON MANDELA PEACE PARK","municipality":"CITY OF PITTSBURGH","kind":"municipal_park"}},{"type":"Feature","geometry":{"type":"Polygon","coordinates":[[[-80.00012,40.46681],[-79.99938,40.46707],[-79.99924,40.46674],[-79.99954,40.46619],[-79.9997,40.46608],[-80.00012,40.46681]]]},"properties":{"name":"SCHERER PARK","municipality":"CITY OF PITTSBURGH","kind":"municipal_park"}},{"type":"Feature","geometry":{"type":"Polygon","coordinates":[[[-79.99921,40.43619],[-79.99932,40.4362],[-79.99914,40.43648],[-79.99877,40.43683],[-79.99862,40.43691],[-79.99908,40.43625],[-79.99921,40.43619]]]},"properties":{"name":"THOMAS PARK","municipality":"CITY OF PITTSBURGH","kind":"municipal_park"}},{"type":"Feature","geometry":{"type":"Polygon","coordinates":[[[-79.98345,40.4631],[-79.98353,40.46303],[-79.9836,40.46308],[-79.98382,40.4629],[-79.98397,40.46302],[-79.98386,40.46311],[-79.98409,40.46328],[-79.98377,40.46354],[-79.98331,40.4632],[-79.98345,40.4631]]]},"properties":{"name":"TROY HILL CITIZENS PARK","municipality":"CITY OF PITTSBURGH","kind":"municipal_park"}},{"type":"Feature","geometry":{"type":"Polygon","coordinates":[[[-80.03079,40.46682],[-80.03135,40.46672],[-80.03146,40.467],[-80.03173,40.46697],[-80.0311,40.46752],[-80.03079,40.46682]]]},"properties":{"name":"WASHBURN SQUARE PARK","municipality":"CITY OF PITTSBURGH","kind":"municipal_park"}},{"type":"Feature","geometry":{"type":"Polygon","coordinates":[[[-79.97393,40.46737],[-79.97425,40.46769],[-79.97432,40.46765],[-79.97454,40.4679],[-79.97522,40.46752],[-79.97534,40.46782],[-79.97518,40.46799],[-79.97528,40.46808],[-79.97539,40.468],[-79.97538,40.46817],[-79.9749,40.4686],[-79.97403,40.46925],[-79.97282,40.46999],[-79.97262,40.4701],[-79.97249,40.47009],[-79.97244,40.46997],[-79.97268,40.46947],[-79.97303,40.46883],[-79.97393,40.46737]]]},"properties":{"name":"WASHINGTONS LANDING PARK","municipality":"CITY OF PITTSBURGH","kind":"municipal_park"}},{"type":"Feature","geometry":{"type":"Polygon","coordinates":[[[-79.80198,40.38634],[-79.80293,40.38582],[-79.80192,40.38662],[-79.80173,40.38649],[-79.80198,40.38634]]]},"properties":{"name":"JOSEPHNE STREET PLAYGROUND","municipality":"EAST MCKEESPORT BOROUGH","kind":"municipal_park"}},{"type":"Feature","geometry":{"type":"Polygon","coordinates":[[[-80.01504,40.38017],[-80.01448,40.3801],[-80.01398,40.37997],[-80.01319,40.37964],[-80.01409,40.37858],[-80.01571,40.37923],[-80.01654,40.3797],[-80.01701,40.37933],[-80.01794,40.38001],[-80.01814,40.38008],[-80.01837,40.38009],[-80.01844,40.38055],[-80.01797,40.38054],[-80.01504,40.38017]]]},"properties":{"name":"ARMSTRONG PARK","municipality":"BALDWIN TOWNSHIP","kind":"municipal_park"}},{"type":"Feature","geometry":{"type":"Polygon","coordinates":[[[-79.9386,40.50456],[-79.93863,40.50389],[-79.9393,40.50389],[-79.94135,40.50361],[-79.94175,40.50399],[-79.94257,40.5042],[-79.94244,40.50446],[-79.94244,40.50473],[-79.93998,40.5048],[-79.93997,40.50452],[-79.93954,40.50453],[-79.93947,40.50454],[-79.93948,40.50481],[-79.93861,40.50483],[-79.9386,40.50456]]]},"properties":{"name":"FARRELL FIELD PARK","municipality":"SHALER TOWNSHIP","kind":"municipal_park"}},{"type":"Feature","geometry":{"type":"Polygon","coordinates":[[[-79.83113,40.31709],[-79.83086,40.31721],[-79.83065,40.31695],[-79.83093,40.31682],[-79.83113,40.31709]]]},"properties":{"name":"WES WILLIAMS MEMORIAL PLAYGROUND","municipality":"VERSAILLES BOROUGH","kind":"municipal_park"}},{"type":"Feature","geometry":{"type":"Polygon","coordinates":[[[-79.86864,40.34045],[-79.86932,40.34021],[-79.86963,40.33998],[-79.87086,40.34191],[-79.8699,40.34242],[-79.86874,40.34069],[-79.86879,40.34067],[-79.86864,40.34045]]]},"properties":{"name":"ROMINE AVENUE PARK","municipality":"PORT VUE BOROUGH","kind":"municipal_park"}},{"type":"Feature","geometry":{"type":"Polygon","coordinates":[[[-79.87322,40.33341],[-79.87268,40.33311],[-79.87243,40.33331],[-79.87133,40.33257],[-79.87059,40.33192],[-79.87125,40.3312],[-79.87008,40.33066],[-79.87036,40.33032],[-79.87201,40.33048],[-79.87542,40.32907],[-79.87678,40.32965],[-79.87588,40.33018],[-79.87648,40.33043],[-79.87476,40.33145],[-79.87429,40.33163],[-79.87295,40.33185],[-79.87297,40.33219],[-79.87287,40.33219],[-79.8729,40.33274],[-79.87308,40.33293],[-79.87331,40.3331],[-79.87388,40.33328],[-79.87383,40.33356],[-79.87322,40.33341]]]},"properties":{"name":"PORT VUE ATHLETIC ASSOCIATION BALLFIELDS","municipality":"PORT VUE BOROUGH","kind":"municipal_park"}},{"type":"Feature","geometry":{"type":"Polygon","coordinates":[[[-80.0024,40.44042],[-80.00243,40.44038],[-80.00298,40.44058],[-80.00272,40.441],[-80.00217,40.44081],[-80.0024,40.44042]]]},"properties":{"name":"MARKET SQUARE","municipality":"CITY OF PITTSBURGH","kind":"municipal_park"}},{"type":"Feature","geometry":{"type":"Polygon","coordinates":[[[-79.965,40.44255],[-79.965,40.44266],[-79.9648,40.44266],[-79.96478,40.44256],[-79.965,40.44255]]]},"properties":{"name":"SHALANES PLAY YARD","municipality":"CITY OF PITTSBURGH","kind":"municipal_park"}},{"type":"Feature","geometry":{"type":"Polygon","coordinates":[[[-79.97744,40.34189],[-79.97722,40.34141],[-79.97684,40.34101],[-79.97686,40.34095],[-79.97714,40.34076],[-79.97596,40.33973],[-79.9749,40.33961],[-79.97482,40.33847],[-79.97538,40.33825],[-79.97726,40.33988],[-79.97745,40.33975],[-79.97918,40.34122],[-79.97902,40.34148],[-79.97846,40.3416],[-79.97836,40.34192],[-79.978,40.34188],[-79.97753,40.34194],[-79.97744,40.34189]]]},"properties":{"name":"LELAND PARK","municipality":"BALDWIN BOROUGH","kind":"municipal_park"}},{"type":"Feature","geometry":{"type":"Polygon","coordinates":[[[-79.77962,40.54619],[-79.77949,40.54371],[-79.77981,40.54369],[-79.78021,40.54631],[-79.77964,40.54649],[-79.77962,40.54619]]]},"properties":{"name":"DESMONDS FIELD SLED RIDING","municipality":"SPRINGDALE BOROUGH","kind":"municipal_park"}},{"type":"Feature","geometry":{"type":"Polygon","coordinates":[[[-79.8852,40.34883],[-79.88465,40.34856],[-79.88563,40.34701],[-79.88736,40.34773],[-79.88603,40.34925],[-79.8852,40.34883]]]},"properties":{"name":"DRAVOSBURG BALLFIELD","municipality":"DRAVOSBURG BOROUGH","kind":"municipal_park"}},{"type":"Feature","geometry":{"type":"Polygon","coordinates":[[[-79.80109,40.36521],[-79.8005,40.36493],[-79.79986,40.36471],[-79.7994,40.36429],[-79.79938,40.36331],[-79.79982,40.36313],[-79.80147,40.36517],[-79.80128,40.36532],[-79.80109,40.36521]]]},"properties":{"name":"FAIRHAVEN FIELD","municipality":"NORTH VERSAILLES TOWNSHIP","kind":"municipal_park"}},{"type":"Feature","geometry":{"type":"Polygon","coordinates":[[[-79.8065,40.37488],[-79.80697,40.37484],[-79.80698,40.37508],[-79.80656,40.37506],[-79.80651,40.37501],[-79.8065,40.37488]]]},"properties":{"name":"CLINTON EDWARD PARK","municipality":"NORTH VERSAILLES TOWNSHIP","kind":"municipal_park"}},{"type":"Feature","geometry":{"type":"Polygon","coordinates":[[[-79.83451,40.38564],[-79.83397,40.38439],[-79.83357,40.38442],[-79.83357,40.3843],[-79.83498,40.38415],[-79.83501,40.3839],[-79.83627,40.38367],[-79.83677,40.38386],[-79.83708,40.38457],[-79.83613,40.38541],[-79.83498,40.38527],[-79.83496,40.38523],[-79.83459,40.38532],[-79.83472,40.3856],[-79.83451,40.38564]]]},"properties":{"name":"CRESTAS PARK","municipality":"NORTH VERSAILLES TOWNSHIP","kind":"municipal_park"}},{"type":"Feature","geometry":{"type":"Polygon","coordinates":[[[-79.81945,40.3978],[-79.81971,40.39754],[-79.82083,40.3982],[-79.81937,40.39883],[-79.81878,40.39846],[-79.81945,40.3978]]]},"properties":{"name":"WEST WILMERDING PARK","municipality":"NORTH VERSAILLES TOWNSHIP","kind":"municipal_park"}},{"type":"Feature","geometry":{"type":"Polygon","coordinates":[[[-79.80887,40.38203],[-79.80909,40.38168],[-79.80857,40.3815],[-79.80912,40.3806],[-79.81033,40.38105],[-79.81002,40.38201],[-79.80957,40.38185],[-79.80936,40.3822],[-79.80887,40.38203]]]},"properties":{"name":"EAST FIELD","municipality":"EAST MCKEESPORT BOROUGH","kind":"municipal_park"}},{"type":"Feature","geometry":{"type":"Polygon","coordinates":[[[-79.80935,40.39182],[-79.80962,40.39182],[-79.80962,40.39261],[-79.80875,40.39262],[-79.80875,40.39226],[-79.80884,40.39207],[-79.80907,40.39189],[-79.80935,40.39182]]]},"properties":{"name":"WILMERDING TOWN SQUARE","municipality":"WILMERDING BOROUGH","kind":"municipal_park"}},{"type":"Feature","geometry":{"type":"Polygon","coordinates":[[[-79.84082,40.39504],[-79.84093,40.39433],[-79.84142,40.39436],[-79.84163,40.39511],[-79.84082,40.39504]]]},"properties":{"name":"BESSEMER AVENUE PARK","municipality":"EAST PITTSBURGH BOROUGH","kind":"municipal_park"}},{"type":"Feature","geometry":{"type":"Polygon","coordinates":[[[-79.84093,40.39433],[-79.83947,40.3942],[-79.83952,40.39383],[-79.83934,40.39382],[-79.83942,40.39323],[-79.84048,40.39354],[-79.84111,40.39386],[-79.8413,40.39408],[-79.84142,40.39436],[-79.84093,40.39433]]]},"properties":{"name":"QUARRY FIELD","municipality":"EAST PITTSBURGH BOROUGH","kind":"municipal_park"}},{"type":"Feature","geometry":{"type":"Polygon","coordinates":[[[-79.86462,40.40095],[-79.86493,40.40071],[-79.86545,40.40109],[-79.86514,40.40133],[-79.86462,40.40095]]]},"properties":{"name":"BRADDOCK AVENUE PLAYGROUND","municipality":"BRADDOCK BOROUGH","kind":"municipal_park"}},{"type":"Feature","geometry":{"type":"Polygon","coordinates":[[[-79.86445,40.40164],[-79.86454,40.40156],[-79.86485,40.40178],[-79.8646,40.40198],[-79.8643,40.40176],[-79.86445,40.40164]]]},"properties":{"name":"LIBRARY STREET BASKETBALL COURT","municipality":"BRADDOCK BOROUGH","kind":"municipal_park"}},{"type":"Feature","geometry":{"type":"Polygon","coordinates":[[[-79.86943,40.39993],[-79.86974,40.3997],[-79.86984,40.39977],[-79.86953,40.40001],[-79.86943,40.39993]]]},"properties":{"name":"WASHINGTON STREET COMMUNITY PLAYGROUND","municipality":"BRADDOCK BOROUGH","kind":"municipal_park"}},{"type":"Feature","geometry":{"type":"Polygon","coordinates":[[[-79.87333,40.405],[-79.87342,40.40493],[-79.87374,40.40517],[-79.87366,40.40524],[-79.87333,40.405]]]},"properties":{"name":"3RD STREET COMMUNITY PLAYGROUND","municipality":"BRADDOCK BOROUGH","kind":"municipal_park"}},{"type":"Feature","geometry":{"type":"Polygon","coordinates":[[[-79.89353,40.42063],[-79.89338,40.42041],[-79.89332,40.42043],[-79.89313,40.42014],[-79.89281,40.42026],[-79.89225,40.41937],[-79.89207,40.41917],[-79.89254,40.41835],[-79.89222,40.41824],[-79.89232,40.41807],[-79.89188,40.41768],[-79.89232,40.41693],[-79.89363,40.41755],[-79.89421,40.41762],[-79.89431,40.41737],[-79.89639,40.41819],[-79.89739,40.41825],[-79.89724,40.41846],[-79.89637,40.41826],[-79.89593,40.41824],[-79.89511,40.41842],[-79.89498,40.41883],[-79.8949,40.41958],[-79.89452,40.41982],[-79.8944,40.41999],[-79.8937,40.42012],[-79.89365,40.42031],[-79.89376,40.42053],[-79.89353,40.42063]]]},"properties":{"name":"LES GETZ MEMORIAL PARK","municipality":"SWISSVALE BOROUGH","kind":"municipal_park"}},{"type":"Feature","geometry":{"type":"Polygon","coordinates":[[[-79.88405,40.43391],[-79.88446,40.43354],[-79.88487,40.43362],[-79.88491,40.43386],[-79.88412,40.43401],[-79.88404,40.43397],[-79.88405,40.43391]]]},"properties":{"name":"MEMORIAL PARK ","municipality":"EDGEWOOD BOROUGH","kind":"municipal_park"}},{"type":"Feature","geometry":{"type":"Polygon","coordinates":[[[-79.92915,40.52556],[-79.9284,40.5253],[-79.92768,40.52533],[-79.92763,40.52527],[-79.92762,40.52512],[-79.92797,40.52511],[-79.92794,40.52441],[-79.92913,40.52439],[-79.9296,40.52485],[-79.92968,40.5252],[-79.92915,40.52556]]]},"properties":{"name":"RUTH S WEIR PARK","municipality":"OHARA TOWNSHIP","kind":"municipal_park"}},{"type":"Feature","geometry":{"type":"Polygon","coordinates":[[[-79.91599,40.49552],[-79.91612,40.49554],[-79.91625,40.49513],[-79.91758,40.49533],[-79.91743,40.49584],[-79.91655,40.49575],[-79.91619,40.49567],[-79.91597,40.4956],[-79.91599,40.49552]]]},"properties":{"name":"HEINZ MEMORIAL FIELD","municipality":"SHARPSBURG BOROUGH","kind":"municipal_park"}},{"type":"Feature","geometry":{"type":"Polygon","coordinates":[[[-79.92854,40.49556],[-79.92953,40.49516],[-79.92954,40.49539],[-79.92666,40.49648],[-79.92665,40.4963],[-79.92854,40.49556]]]},"properties":{"name":"KENNEDY PARK","municipality":"SHARPSBURG BOROUGH","kind":"municipal_park"}},{"type":"Feature","geometry":{"type":"Polygon","coordinates":[[[-79.97267,40.47095],[-79.97321,40.47052],[-79.97328,40.47061],[-79.97385,40.47019],[-79.9738,40.47015],[-79.97583,40.46866],[-79.97574,40.46902],[-79.97558,40.46934],[-79.97414,40.47056],[-79.97287,40.47153],[-79.97226,40.4721],[-79.96927,40.47546],[-79.96837,40.47637],[-79.96824,40.47628],[-79.96845,40.47609],[-79.96849,40.47597],[-79.96844,40.47581],[-79.9683,40.47568],[-79.96898,40.47474],[-79.9702,40.47324],[-79.97077,40.47259],[-79.97267,40.47095]]]},"properties":{"name":"MILLVALE RIVERFRONT PARK","municipality":"MILLVALE BOROUGH","kind":"municipal_park"}},{"type":"Feature","geometry":{"type":"Polygon","coordinates":[[[-79.99407,40.478],[-79.99448,40.47784],[-79.99465,40.47809],[-79.99419,40.47827],[-79.99407,40.478]]]},"properties":{"name":"SPRING GARDEN PARK & PLAYGROUND","municipality":"RESERVE TOWNSHIP","kind":"municipal_park"}},{"type":"Feature","geometry":{"type":"Polygon","coordinates":[[[-79.97513,40.49401],[-79.97494,40.49534],[-79.97215,40.49546],[-79.97262,40.49469],[-79.9729,40.49458],[-79.97298,40.49407],[-79.97333,40.49329],[-79.9738,40.49316],[-79.9743,40.49282],[-79.97517,40.49334],[-79.97513,40.49401]]]},"properties":{"name":"MILLVALE BOROUGH ATHLETIC FIELD","municipality":"MILLVALE BOROUGH","kind":"municipal_park"}},{"type":"Feature","geometry":{"type":"Polygon","coordinates":[[[-80.04695,40.41933],[-80.0474,40.4192],[-80.04763,40.41953],[-80.04689,40.41973],[-80.04675,40.41938],[-80.04695,40.41933]]]},"properties":{"name":"MUNICIPAL CENTER PARK","municipality":"GREEN TREE BOROUGH","kind":"municipal_park"}},{"type":"Feature","geometry":{"type":"Polygon","coordinates":[[[-80.14098,40.51977],[-80.14081,40.52003],[-80.13952,40.51955],[-80.13976,40.51917],[-80.14098,40.51977]]]},"properties":{"name":"GLENFIELD BOROUGH - RIVERSIDE PARK","municipality":"GLENFIELD BOROUGH","kind":"municipal_park"}},{"type":"Feature","geometry":{"type":"Polygon","coordinates":[[[-79.8798,40.27631],[-79.88026,40.2761],[-79.88122,40.27708],[-79.88022,40.27769],[-79.87917,40.27666],[-79.87984,40.27635],[-79.8798,40.27631]]]},"properties":{"name":"WYLIE FIELD","municipality":"ELIZABETH BOROUGH","kind":"municipal_park"}},{"type":"Feature","geometry":{"type":"Polygon","coordinates":[[[-79.87219,40.27575],[-79.87167,40.27578],[-79.87165,40.27528],[-79.87015,40.27476],[-79.87324,40.27368],[-79.87427,40.27482],[-79.87376,40.27521],[-79.87376,40.27548],[-79.87297,40.27592],[-79.87219,40.27575]]]},"properties":{"name":"BLAINE HILL SOFTBALL FIELD","municipality":"ELIZABETH TOWNSHIP","kind":"municipal_park"}},{"type":"Feature","geometry":{"type":"Polygon","coordinates":[[[-80.10729,40.34638],[-80.10798,40.34649],[-80.10749,40.34703],[-80.10754,40.34735],[-80.1077,40.34748],[-80.10763,40.34769],[-80.10765,40.34802],[-80.10783,40.34816],[-80.10852,40.3483],[-80.10869,40.34829],[-80.11013,40.3487],[-80.1107,40.34987],[-80.11057,40.35037],[-80.11007,40.35155],[-80.10818,40.35143],[-80.1075,40.35087],[-80.10686,40.35005],[-80.10631,40.34897],[-80.10664,40.34887],[-80.10649,40.34861],[-80.10759,40.34794],[-80.10729,40.34761],[-80.10729,40.34638]]]},"properties":{"name":"CHARTIERS PARK","municipality":"BRIDGEVILLE BOROUGH","kind":"municipal_park"}},{"type":"Feature","geometry":{"type":"MultiPolygon","coordinates":[[[[-80.10414,40.36327],[-80.10388,40.36306],[-80.10408,40.36311],[-80.10533,40.36252],[-80.10628,40.36197],[-80.10736,40.36111],[-80.10954,40.35918],[-80.10973,40.35922],[-80.10768,40.36109],[-80.10679,40.36184],[-80.1056,40.36258],[-80.10414,40.36327]]],[[[-80.11058,40.35845],[-80.11101,40.35805],[-80.11134,40.35821],[-80.11048,40.35861],[-80.11003,40.35893],[-80.11058,40.35845]]]]},"properties":{"name":"TRIANGLE PARK","municipality":"BRIDGEVILLE BOROUGH","kind":"municipal_park"}},{"type":"Feature","geometry":{"type":"Polygon","coordinates":[[[-79.96774,40.41945],[-79.96774,40.41911],[-79.96871,40.41926],[-79.96866,40.41959],[-79.96774,40.41945]]]},"properties":{"name":"COBDEN STREET PARK","municipality":"CITY OF PITTSBURGH","kind":"municipal_park"}},{"type":"Feature","geometry":{"type":"Polygon","coordinates":[[[-80.06977,40.46742],[-80.06973,40.46595],[-80.07031,40.46594],[-80.071,40.46712],[-80.07066,40.46739],[-80.07057,40.46733],[-80.06977,40.46742]]]},"properties":{"name":"THIRD STREET PARK","municipality":"MCKEES ROCKS BOROUGH","kind":"municipal_park"}},{"type":"Feature","geometry":{"type":"Polygon","coordinates":[[[-80.11326,40.56316],[-80.1129,40.56425],[-80.10855,40.56438],[-80.10845,40.56224],[-80.1082,40.56224],[-80.10822,40.5622],[-80.10945,40.56173],[-80.10885,40.56074],[-80.10766,40.56118],[-80.10675,40.5598],[-80.10644,40.55887],[-80.10633,40.55824],[-80.11315,40.55806],[-80.1134,40.5598],[-80.11358,40.56182],[-80.11326,40.56316]]]},"properties":{"name":"OHIO TOWNSHIP COMMUNITY PARK AND NATURE CENTER","municipality":"OHIO TOWNSHIP","kind":"municipal_park"}},{"type":"Feature","geometry":{"type":"Polygon","coordinates":[[[-80.10407,40.56452],[-80.1041,40.5656],[-80.10255,40.56568],[-80.10287,40.56508],[-80.10339,40.56455],[-80.10405,40.56417],[-80.10407,40.56452]]]},"properties":{"name":"OHIO TOWNSHIP BALL FIELD","municipality":"OHIO TOWNSHIP","kind":"municipal_park"}},{"type":"Feature","geometry":{"type":"Polygon","coordinates":[[[-79.96172,40.33998],[-79.96212,40.33966],[-79.96254,40.34002],[-79.96205,40.3403],[-79.96172,40.33998]]]},"properties":{"name":"ROUTE 51 PLAYGROUND","municipality":"PLEASANT HILLS BOROUGH","kind":"municipal_park"}},{"type":"Feature","geometry":{"type":"Polygon","coordinates":[[[-79.95237,40.32992],[-79.95211,40.3299],[-79.95142,40.33054],[-79.95051,40.33],[-79.95126,40.32924],[-79.95237,40.32992]]]},"properties":{"name":"BREISINGER FIELD","municipality":"PLEASANT HILLS BOROUGH","kind":"municipal_park"}},{"type":"Feature","geometry":{"type":"Polygon","coordinates":[[[-79.9648,40.32355],[-79.96578,40.32294],[-79.96467,40.32198],[-79.96436,40.32179],[-79.9637,40.32172],[-79.962,40.32304],[-79.96123,40.32308],[-79.96082,40.32193],[-79.96069,40.32208],[-79.96058,40.3219],[-79.96041,40.32176],[-79.96019,40.32167],[-79.95993,40.32163],[-79.96074,40.32071],[-79.96166,40.31993],[-79.96196,40.31989],[-79.96743,40.32187],[-79.96694,40.32264],[-79.96702,40.32267],[-79.96687,40.32359],[-79.96644,40.32424],[-79.96533,40.32399],[-79.9648,40.32355]]]},"properties":{"name":"MOWRY PARK","municipality":"PLEASANT HILLS BOROUGH","kind":"municipal_park"}},{"type":"Feature","geometry":{"type":"Polygon","coordinates":[[[-79.99318,40.28341],[-79.99302,40.28338],[-79.99294,40.28342],[-79.99118,40.28273],[-79.99106,40.28287],[-79.99011,40.28134],[-79.99249,40.28072],[-79.9941,40.27989],[-79.99527,40.27914],[-79.99585,40.27889],[-79.99626,40.2789],[-79.9965,40.27901],[-79.99712,40.27961],[-79.99712,40.28035],[-79.9968,40.28058],[-79.996,40.28103],[-79.9957,40.28069],[-79.99525,40.28115],[-79.99533,40.2819],[-79.99572,40.28239],[-79.99645,40.28274],[-79.997,40.28285],[-79.9969,40.28318],[-79.99706,40.28321],[-79.99631,40.28509],[-79.99584,40.28501],[-79.99508,40.28373],[-79.99318,40.28341]]]},"properties":{"name":"EVANS PARK","municipality":"SOUTH PARK TOWNSHIP","kind":"municipal_park"}},{"type":"Feature","geometry":{"type":"Polygon","coordinates":[[[-79.98847,40.31597],[-79.98718,40.31643],[-79.98653,40.3159],[-79.98608,40.31524],[-79.98825,40.31505],[-79.98847,40.31597]]]},"properties":{"name":"WILSON PARK","municipality":"SOUTH PARK TOWNSHIP","kind":"municipal_park"}},{"type":"Feature","geometry":{"type":"Polygon","coordinates":[[[-80.00672,40.2836],[-80.0073,40.2829],[-80.00743,40.28294],[-80.00735,40.28304],[-80.00831,40.28337],[-80.00856,40.28342],[-80.00869,40.28306],[-80.00908,40.28329],[-80.0082,40.28506],[-80.00635,40.28405],[-80.00672,40.2836]]]},"properties":{"name":"HIGHLAND PARK","municipality":"SOUTH PARK TOWNSHIP","kind":"municipal_park"}},{"type":"Feature","geometry":{"type":"Polygon","coordinates":[[[-79.89896,40.40571],[-79.89947,40.40582],[-79.89946,40.40645],[-79.89845,40.40636],[-79.89896,40.40571]]]},"properties":{"name":"11TH AVENUE PLAYGROUND","municipality":"MUNHALL BOROUGH","kind":"municipal_park"}},{"type":"Feature","geometry":{"type":"Polygon","coordinates":[[[-79.90279,40.40751],[-79.90372,40.40745],[-79.90379,40.4081],[-79.90236,40.4082],[-79.90228,40.40754],[-79.90279,40.40751]]]},"properties":{"name":"JOHN F KENNEDY PARK","municipality":"MUNHALL BOROUGH","kind":"municipal_park"}},{"type":"Feature","geometry":{"type":"Polygon","coordinates":[[[-79.89412,40.40455],[-79.89443,40.40407],[-79.89496,40.40414],[-79.89486,40.40443],[-79.89472,40.40455],[-79.89444,40.40462],[-79.89412,40.40455]]]},"properties":{"name":"VINE STREET PLAYGROUND","municipality":"MUNHALL BOROUGH","kind":"municipal_park"}},{"type":"Feature","geometry":{"type":"Polygon","coordinates":[[[-79.90431,40.39823],[-79.90526,40.39712],[-79.90579,40.39743],[-79.90641,40.39797],[-79.9063,40.39852],[-79.90594,40.39889],[-79.90514,40.39929],[-79.90431,40.39823]]]},"properties":{"name":"WEST FIELD","municipality":"MUNHALL BOROUGH","kind":"municipal_park"}},{"type":"Feature","geometry":{"type":"Polygon","coordinates":[[[-79.90723,40.38742],[-79.90719,40.38725],[-79.90677,40.38732],[-79.90633,40.38564],[-79.90644,40.38562],[-79.90651,40.38589],[-79.90675,40.38585],[-79.90678,40.38599],[-79.9072,40.38592],[-79.9076,40.3874],[-79.90724,40.38746],[-79.90723,40.38742]]]},"properties":{"name":"TRAUTMAN FIELD","municipality":"MUNHALL BOROUGH","kind":"municipal_park"}},{"type":"Feature","geometry":{"type":"Polygon","coordinates":[[[-79.89614,40.38012],[-79.89614,40.38001],[-79.89639,40.37932],[-79.89741,40.37795],[-79.898,40.37736],[-79.89866,40.37894],[-79.89826,40.37971],[-79.898,40.37989],[-79.8981,40.38009],[-79.89824,40.38019],[-79.8981,40.38029],[-79.89779,40.38001],[-79.89672,40.38065],[-79.89614,40.38012]]]},"properties":{"name":"WOODHILL PARK","municipality":"MUNHALL BOROUGH","kind":"municipal_park"}},{"type":"Feature","geometry":{"type":"Polygon","coordinates":[[[-79.89249,40.38313],[-79.89281,40.38324],[-79.89264,40.38354],[-79.8923,40.38342],[-79.89249,40.38313]]]},"properties":{"name":"VIDEO PLAYGROUND","municipality":"MUNHALL BOROUGH","kind":"municipal_park"}},{"type":"Feature","geometry":{"type":"Polygon","coordinates":[[[-79.89091,40.38171],[-79.89114,40.38132],[-79.89152,40.38137],[-79.89122,40.38183],[-79.89086,40.38295],[-79.89084,40.38329],[-79.89054,40.38329],[-79.89037,40.38385],[-79.89016,40.38379],[-79.89008,40.3837],[-79.89006,40.38318],[-79.89014,40.38295],[-79.89091,40.38171]]]},"properties":{"name":"COAL ROAD PLAYGROUND","municipality":"MUNHALL BOROUGH","kind":"municipal_park"}},{"type":"Feature","geometry":{"type":"Polygon","coordinates":[[[-79.80364,40.297],[-79.80399,40.29682],[-79.80435,40.29724],[-79.80407,40.29736],[-79.80379,40.29722],[-79.80364,40.297]]]},"properties":{"name":"SOUTH VERSAILLES TOWNSHIP PLAYGROUND","municipality":"SOUTH VERSAILLES TOWNSHIP","kind":"municipal_park"}},{"type":"Feature","geometry":{"type":"Polygon","coordinates":[[[-79.77178,40.54416],[-79.77436,40.54405],[-79.77441,40.54412],[-79.77451,40.54408],[-79.77498,40.54459],[-79.77229,40.54467],[-79.77178,40.54416]]]},"properties":{"name":"BOUQUET PARK","municipality":"SPRINGDALE TOWNSHIP","kind":"municipal_park"}},{"type":"Feature","geometry":{"type":"Polygon","coordinates":[[[-79.78886,40.54986],[-79.78886,40.54963],[-79.78891,40.54963],[-79.78887,40.54833],[-79.78933,40.54831],[-79.79011,40.54869],[-79.79067,40.54906],[-79.7906,40.54932],[-79.79038,40.54957],[-79.79021,40.54969],[-79.7899,40.54983],[-79.78886,40.54986]]]},"properties":{"name":"WILLIAMS STREET PARK","municipality":"SPRINGDALE TOWNSHIP","kind":"municipal_park"}},{"type":"Feature","geometry":{"type":"MultiPolygon","coordinates":[[[[-79.77918,40.55544],[-79.78099,40.55534],[-79.7811,40.55598],[-79.78121,40.55636],[-79.78173,40.55724],[-79.78189,40.55766],[-79.782,40.5586],[-79.78209,40.56013],[-79.78235,40.56089],[-79.78243,40.56269],[-79.77651,40.56282],[-79.77599,40.55562],[-79.77918,40.55544]]],[[[-79.78115,40.5555],[-79.78112,40.55534],[-79.78203,40.55536],[-79.78223,40.55789],[-79.78233,40.56048],[-79.78221,40.56],[-79.78208,40.55799],[-79.78196,40.55745],[-79.78136,40.55637],[-79.78115,40.5555]]]]},"properties":{"name":"AGAN PARK","municipality":"SPRINGDALE TOWNSHIP","kind":"municipal_park"}},{"type":"Feature","geometry":{"type":"Polygon","coordinates":[[[-79.73838,40.60297],[-79.73851,40.60283],[-79.73943,40.60277],[-79.73993,40.60266],[-79.74058,40.6026],[-79.74108,40.60244],[-79.74278,40.60215],[-79.7429,40.60218],[-79.74347,40.60268],[-79.74257,40.60281],[-79.74172,40.60287],[-79.73972,40.60289],[-79.73842,40.60305],[-79.73838,40.60297]]]},"properties":{"name":"BRACKENRIDGE BOROUGH PARK","municipality":"BRACKENRIDGE BOROUGH","kind":"municipal_park"}},{"type":"Feature","geometry":{"type":"Polygon","coordinates":[[[-79.87809,40.30121],[-79.87804,40.30113],[-79.87755,40.30132],[-79.87701,40.30058],[-79.87796,40.29981],[-79.87781,40.29936],[-79.87786,40.29931],[-79.87907,40.29944],[-79.87963,40.29987],[-79.87809,40.30121]]]},"properties":{"name":"BLAIR BALLFIELD","municipality":"CITY OF CLAIRTON","kind":"municipal_park"}},{"type":"Feature","geometry":{"type":"Polygon","coordinates":[[[-79.89444,40.30351],[-79.89261,40.30315],[-79.89166,40.30335],[-79.89103,40.30333],[-79.88996,40.30307],[-79.88754,40.30266],[-79.88738,40.30327],[-79.88581,40.30225],[-79.88496,40.3028],[-79.88526,40.30249],[-79.88563,40.30226],[-79.88725,40.30161],[-79.88932,40.30086],[-79.8899,40.30058],[-79.88982,40.30043],[-79.88993,40.3004],[-79.89,40.30053],[-79.89099,40.30013],[-79.89144,40.30007],[-79.89276,40.29972],[-79.89355,40.29961],[-79.89437,40.30046],[-79.8947,40.30022],[-79.89504,40.30089],[-79.89614,40.30237],[-79.89623,40.30265],[-79.89626,40.30315],[-79.89609,40.30363],[-79.89576,40.30406],[-79.89529,40.3044],[-79.89467,40.30361],[-79.89444,40.30351]]]},"properties":{"name":"CLAIRTON PARK","municipality":"CITY OF CLAIRTON","kind":"municipal_park"}},{"type":"Feature","geometry":{"type":"Polygon","coordinates":[[[-79.89299,40.29235],[-79.89296,40.29208],[-79.89362,40.29206],[-79.89365,40.29287],[-79.89306,40.29292],[-79.89299,40.29235]]]},"properties":{"name":"10TH STREET PARK","municipality":"CITY OF CLAIRTON","kind":"municipal_park"}},{"type":"Feature","geometry":{"type":"Polygon","coordinates":[[[-79.89533,40.30781],[-79.89548,40.30785],[-79.89559,40.30796],[-79.89544,40.30804],[-79.89551,40.30807],[-79.89538,40.30814],[-79.89522,40.30832],[-79.89533,40.30844],[-79.89521,40.3085],[-79.89485,40.30822],[-79.89514,40.30787],[-79.89533,40.30781]]]},"properties":{"name":"DELAWARE AVENUE PLAYGROUND","municipality":"CITY OF CLAIRTON","kind":"municipal_park"}},{"type":"Feature","geometry":{"type":"Polygon","coordinates":[[[-79.89318,40.28959],[-79.89274,40.28954],[-79.89282,40.28919],[-79.89281,40.28886],[-79.89267,40.28868],[-79.89355,40.2898],[-79.8935,40.28981],[-79.89328,40.28954],[-79.89318,40.28959]]]},"properties":{"name":"JEFFERSON DRIVE PARK","municipality":"CITY OF CLAIRTON","kind":"municipal_park"}},{"type":"Feature","geometry":{"type":"MultiPolygon","coordinates":[[[[-79.83066,40.33954],[-79.83073,40.3395],[-79.83083,40.33963],[-79.83047,40.33978],[-79.8304,40.33965],[-79.83066,40.33954]]],[[[-79.82669,40.33983],[-79.8264,40.33926],[-79.82628,40.3388],[-79.82622,40.33833],[-79.82627,40.33745],[-79.82636,40.33687],[-79.82677,40.33569],[-79.82866,40.33648],[-79.82911,40.33658],[-79.82927,40.33664],[-79.8293,40.33671],[-79.82965,40.33679],[-79.83244,40.33811],[-79.83197,40.33868],[-79.83164,40.33867],[-79.83139,40.33874],[-79.83064,40.33939],[-79.83067,40.33941],[-79.83008,40.33963],[-79.82956,40.33976],[-79.82904,40.33981],[-79.82822,40.33961],[-79.82801,40.3396],[-79.82767,40.33966],[-79.82689,40.3399],[-79.82669,40.33983]]],[[[-79.8303,40.33973],[-79.83047,40.33996],[-79.83015,40.34009],[-79.82998,40.33979],[-79.83022,40.3397],[-79.8303,40.33973]]],[[[-79.82697,40.33998],[-79.82771,40.33976],[-79.82818,40.3397],[-79.82896,40.3399],[-79.82938,40.33989],[-79.82987,40.33981],[-79.83009,40.34012],[-79.82924,40.34046],[-79.82965,40.341],[-79.8281,40.3417],[-79.8269,40.34012],[-79.82689,40.34004],[-79.82697,40.33998]]],[[[-79.82654,40.34398],[-79.82309,40.34396],[-79.82257,40.33697],[-79.82233,40.33443],[-79.82659,40.33568],[-79.8263,40.33655],[-79.82613,40.3375],[-79.8261,40.33848],[-79.82626,40.33925],[-79.82641,40.33962],[-79.82666,40.34003],[-79.82905,40.34318],[-79.82804,40.3437],[-79.8276,40.34388],[-79.82711,40.34398],[-79.82654,40.34398]]]]},"properties":{"name":"RENZIEHAUSEN PARK","municipality":"CITY OF MCKEESPORT","kind":"municipal_park"}},{"type":"Feature","geometry":{"type":"Polygon","coordinates":[[[-79.93884,40.49231],[-79.93883,40.49222],[-79.93894,40.4922],[-79.93895,40.49229],[-79.93949,40.49218],[-79.94124,40.49169],[-79.94127,40.49184],[-79.94031,40.49209],[-79.94034,40.49218],[-79.94007,40.49227],[-79.93888,40.49251],[-79.93884,40.49231]]]},"properties":{"name":"ETNA RIVERFRONT TRAIL AND PARK","municipality":"ETNA BOROUGH","kind":"municipal_park"}},{"type":"Feature","geometry":{"type":"Polygon","coordinates":[[[-79.88329,40.44365],[-79.88347,40.44334],[-79.88376,40.44344],[-79.88359,40.44374],[-79.88329,40.44365]]]},"properties":{"name":"HAROLD YOUNG PARKLET","municipality":"WILMERDING BOROUGH","kind":"municipal_park"}},{"type":"Feature","geometry":{"type":"Polygon","coordinates":[[[-79.87925,40.34917],[-79.87979,40.34881],[-79.88007,40.34906],[-79.87952,40.34942],[-79.87925,40.34917]]]},"properties":{"name":"10TH WARD PARK","municipality":"CITY OF MCKEESPORT","kind":"municipal_park"}},{"type":"Feature","geometry":{"type":"Polygon","coordinates":[[[-79.8883,40.30537],[-79.88841,40.30527],[-79.88897,40.30565],[-79.88868,40.30591],[-79.88811,40.30552],[-79.8883,40.30537]]]},"properties":{"name":"KABOOM PLAYGROUND","municipality":"CITY OF CLAIRTON","kind":"municipal_park"}},{"type":"Feature","geometry":{"type":"Polygon","coordinates":[[[-79.85045,40.34365],[-79.85072,40.34365],[-79.85072,40.34522],[-79.85045,40.34522],[-79.85045,40.34365]]]},"properties":{"name":"UPPER PARK","municipality":"CITY OF MCKEESPORT","kind":"municipal_park"}},{"type":"Feature","geometry":{"type":"Polygon","coordinates":[[[-79.85114,40.34957],[-79.85055,40.34957],[-79.85047,40.34807],[-79.85107,40.34805],[-79.85114,40.34957]]]},"properties":{"name":"LOWER PARK","municipality":"CITY OF MCKEESPORT","kind":"municipal_park"}},{"type":"Feature","geometry":{"type":"Polygon","coordinates":[[[-79.86662,40.40482],[-79.86669,40.40478],[-79.86687,40.40494],[-79.86667,40.40507],[-79.86647,40.40489],[-79.86662,40.40482]]]},"properties":{"name":"CENTER AVENUE PLAYGROUND","municipality":"BRADDOCK BOROUGH","kind":"municipal_park"}},{"type":"Feature","geometry":{"type":"Polygon","coordinates":[[[-80.00453,40.41652],[-80.00452,40.41624],[-80.0048,40.41624],[-80.0048,40.41652],[-80.00453,40.41652]]]},"properties":{"name":"DR LOUIS A VENSON ENRICHMENT PARKLET","municipality":"CITY OF PITTSBURGH","kind":"municipal_park"}},{"type":"Feature","geometry":{"type":"Polygon","coordinates":[[[-79.86983,40.40469],[-79.87016,40.4044],[-79.87114,40.40495],[-79.87083,40.40525],[-79.86983,40.40469]]]},"properties":{"name":"BRADDOCK CIVIC PLAZA","municipality":"BRADDOCK BOROUGH","kind":"municipal_park"}},{"type":"Feature","geometry":{"type":"Polygon","coordinates":[[[-80.21965,40.55629],[-80.21963,40.55623],[-80.21998,40.55615],[-80.22012,40.55599],[-80.22019,40.55492],[-80.22043,40.55468],[-80.22041,40.55613],[-80.22046,40.55654],[-80.22039,40.55659],[-80.22024,40.55659],[-80.21965,40.55629]]]},"properties":{"name":"CRESCENT GAZEBO","municipality":"CRESCENT TOWNSHIP","kind":"municipal_park"}},{"type":"Feature","geometry":{"type":"Polygon","coordinates":[[[-79.89678,40.28802],[-79.89681,40.28841],[-79.89594,40.28843],[-79.89586,40.28838],[-79.89569,40.2881],[-79.89573,40.28805],[-79.89678,40.28802]]]},"properties":{"name":"SOLTIS DRIVE PARK","municipality":"CITY OF CLAIRTON","kind":"municipal_park"}},{"type":"Feature","geometry":{"type":"Polygon","coordinates":[[[-79.80094,40.38965],[-79.80086,40.3893],[-79.80115,40.38926],[-79.80123,40.38962],[-79.80094,40.38965]]]},"properties":{"name":"TISSONIA PARK","municipality":"EAST MCKEESPORT BOROUGH","kind":"municipal_park"}},{"type":"Feature","geometry":{"type":"Polygon","coordinates":[[[-80.04342,40.38851],[-80.04378,40.38807],[-80.04423,40.38844],[-80.04376,40.38877],[-80.04342,40.38851]]]},"properties":{"name":"CHURCH PLACE PARK","municipality":"MOUNT LEBANON MUNICIPALITY","kind":"municipal_park"}},{"type":"Feature","geometry":{"type":"Polygon","coordinates":[[[-79.88452,40.28445],[-79.88519,40.28425],[-79.88512,40.28413],[-79.88517,40.28411],[-79.88487,40.28354],[-79.88624,40.2831],[-79.88723,40.28316],[-79.88728,40.28391],[-79.88741,40.28391],[-79.88743,40.28421],[-79.88619,40.28458],[-79.88637,40.28493],[-79.88481,40.2854],[-79.88441,40.28463],[-79.88457,40.28458],[-79.88452,40.28445]]]},"properties":{"name":"FARNSWORTH AVENUE PLAYGROUND","municipality":"CITY OF CLAIRTON","kind":"municipal_park"}},{"type":"Feature","geometry":{"type":"Polygon","coordinates":[[[-80.17692,40.39535],[-80.17597,40.39489],[-80.17554,40.39538],[-80.17507,40.39521],[-80.17315,40.39484],[-80.17244,40.394],[-80.17124,40.39363],[-80.17122,40.39348],[-80.17045,40.39357],[-80.16991,40.39225],[-80.17162,40.39144],[-80.17121,40.39023],[-80.17311,40.38938],[-80.17707,40.38778],[-80.17842,40.39026],[-80.17927,40.39199],[-80.1817,40.39147],[-80.18188,40.39165],[-80.18163,40.39175],[-80.18193,40.3921],[-80.18128,40.39241],[-80.18199,40.39302],[-80.18288,40.39256],[-80.18249,40.39222],[-80.18316,40.39233],[-80.18418,40.39497],[-80.18313,40.39544],[-80.18287,40.39518],[-80.17966,40.39671],[-80.17692,40.39535]]]},"properties":{"name":"PRESERVATION PARK","municipality":"SOUTH FAYETTE TOWNSHIP","kind":"municipal_park"}},{"type":"Feature","geometry":{"type":"Polygon","coordinates":[[[-80.1682,40.38443],[-80.16877,40.38363],[-80.17016,40.38428],[-80.17105,40.38448],[-80.17263,40.38435],[-80.17358,40.38392],[-80.17415,40.38314],[-80.17535,40.38326],[-80.17551,40.38271],[-80.17573,40.38276],[-80.17591,40.38288],[-80.17602,40.38303],[-80.17604,40.38321],[-80.17597,40.38336],[-80.1752,40.38442],[-80.17696,40.38495],[-80.17704,40.38478],[-80.17874,40.38525],[-80.17778,40.38751],[-80.17311,40.38938],[-80.17206,40.38856],[-80.17228,40.38842],[-80.1682,40.38443]]]},"properties":{"name":"BOYS HOME PARK","municipality":"SOUTH FAYETTE TOWNSHIP","kind":"municipal_park"}},{"type":"Feature","geometry":{"type":"Polygon","coordinates":[[[-80.23488,40.41952],[-80.23317,40.41818],[-80.2372,40.41534],[-80.24068,40.41722],[-80.23804,40.41929],[-80.23792,40.41878],[-80.23693,40.41957],[-80.23457,40.42014],[-80.23426,40.42001],[-80.23488,40.41952]]]},"properties":{"name":"DONALDSON COMMUNITY PARK","municipality":"NORTH FAYETTE TOWNSHIP","kind":"municipal_park"}},{"type":"Feature","geometry":{"type":"Polygon","coordinates":[[[-80.22326,40.41739],[-80.22333,40.41714],[-80.22455,40.41713],[-80.22454,40.41626],[-80.22408,40.41616],[-80.22292,40.41619],[-80.22284,40.41661],[-80.2216,40.41689],[-80.22049,40.41656],[-80.22314,40.41476],[-80.22366,40.41505],[-80.22383,40.41496],[-80.2243,40.41436],[-80.2244,40.4143],[-80.22562,40.41508],[-80.22481,40.41571],[-80.22573,40.41623],[-80.2251,40.41834],[-80.22394,40.41765],[-80.22326,40.41739]]]},"properties":{"name":"NORTH FAYETTE PARK KOZLOFF BALL FIELD","municipality":"NORTH FAYETTE TOWNSHIP","kind":"municipal_park"}},{"type":"Feature","geometry":{"type":"Polygon","coordinates":[[[-80.30334,40.49107],[-80.29758,40.49004],[-80.29783,40.48887],[-80.29847,40.48752],[-80.3001,40.48661],[-80.30034,40.48578],[-80.30164,40.48549],[-80.30218,40.48518],[-80.304,40.48512],[-80.30432,40.48523],[-80.30357,40.4874],[-80.30342,40.49108],[-80.30334,40.49107]]]},"properties":{"name":"CLINTON COMMUNITY PARK ","municipality":"FINDLAY TOWNSHIP","kind":"municipal_park"}},{"type":"Feature","geometry":{"type":"Polygon","coordinates":[[[-80.2962,40.48895],[-80.29783,40.48887],[-80.29763,40.48978],[-80.29684,40.48973],[-80.29653,40.48944],[-80.29625,40.48928],[-80.2962,40.48895]]]},"properties":{"name":"CLINTON BALLFIELD","municipality":"FINDLAY TOWNSHIP","kind":"municipal_park"}},{"type":"Feature","geometry":{"type":"Polygon","coordinates":[[[-80.26744,40.46509],[-80.26816,40.46337],[-80.27162,40.46521],[-80.27129,40.46567],[-80.27064,40.46536],[-80.27001,40.46494],[-80.26985,40.46496],[-80.2696,40.46596],[-80.26939,40.46717],[-80.26872,40.46849],[-80.26718,40.46899],[-80.26551,40.46819],[-80.26571,40.46653],[-80.26717,40.4657],[-80.26744,40.46509]]]},"properties":{"name":"FINDLAY RECREATION AND SPORTS COMPLEX","municipality":"FINDLAY TOWNSHIP","kind":"municipal_park"}},{"type":"Feature","geometry":{"type":"Polygon","coordinates":[[[-80.27041,40.46517],[-80.27064,40.46536],[-80.26999,40.46685],[-80.26948,40.46665],[-80.26985,40.46496],[-80.27001,40.46494],[-80.27041,40.46517]]]},"properties":{"name":"LAKE LEOPOLD","municipality":"FINDLAY TOWNSHIP","kind":"municipal_park"}},{"type":"Feature","geometry":{"type":"Polygon","coordinates":[[[-80.2113,40.46758],[-80.21166,40.46705],[-80.21359,40.46759],[-80.21251,40.46822],[-80.21181,40.46808],[-80.21191,40.4679],[-80.21126,40.46766],[-80.2113,40.46758]]]},"properties":{"name":"ATEN BALLFIELD","municipality":"FINDLAY TOWNSHIP","kind":"municipal_park"}},{"type":"Feature","geometry":{"type":"Polygon","coordinates":[[[-80.21108,40.45593],[-80.21044,40.45542],[-80.21033,40.45543],[-80.21032,40.45538],[-80.21038,40.45537],[-80.2108,40.45407],[-80.21219,40.45557],[-80.21141,40.45619],[-80.21108,40.45593]]]},"properties":{"name":"OLD RIDGE BALLFIELD","municipality":"FINDLAY TOWNSHIP","kind":"municipal_park"}},{"type":"Feature","geometry":{"type":"Polygon","coordinates":[[[-80.18719,40.52608],[-80.18555,40.52508],[-80.18688,40.52503],[-80.18712,40.52516],[-80.1874,40.52491],[-80.18765,40.52514],[-80.1878,40.52548],[-80.18746,40.52554],[-80.1875,40.52571],[-80.18719,40.52608]]]},"properties":{"name":"MOONCREST PLAY LOT","municipality":"MOON TOWNSHIP","kind":"municipal_park"}},{"type":"Feature","geometry":{"type":"Polygon","coordinates":[[[-80.19613,40.5076],[-80.1971,40.50793],[-80.19899,40.51078],[-80.19991,40.51075],[-80.19954,40.51129],[-80.20033,40.51165],[-80.19992,40.51211],[-80.19986,40.51224],[-80.19991,40.51227],[-80.19832,40.51452],[-80.195,40.51098],[-80.19491,40.51101],[-80.19347,40.50954],[-80.19519,40.50727],[-80.19613,40.5076]]]},"properties":{"name":"ROBIN HILL PARK","municipality":"MOON TOWNSHIP","kind":"municipal_park"}},{"type":"Feature","geometry":{"type":"Polygon","coordinates":[[[-80.25245,40.53959],[-80.25214,40.53925],[-80.25233,40.53912],[-80.25245,40.53892],[-80.2529,40.53906],[-80.25372,40.53917],[-80.25431,40.53917],[-80.25402,40.53993],[-80.25245,40.53959]]]},"properties":{"name":"BON MEADE LOCH SHIN PLAY LOT","municipality":"MOON TOWNSHIP","kind":"municipal_park"}},{"type":"Feature","geometry":{"type":"Polygon","coordinates":[[[-80.24881,40.54175],[-80.2478,40.54174],[-80.2478,40.54171],[-80.24769,40.54174],[-80.24759,40.54172],[-80.24759,40.54168],[-80.24752,40.54168],[-80.24756,40.54175],[-80.24744,40.54171],[-80.24745,40.54175],[-80.24645,40.54177],[-80.24538,40.54155],[-80.24566,40.54107],[-80.24497,40.54093],[-80.24569,40.53986],[-80.24608,40.53896],[-80.24728,40.53966],[-80.24927,40.53957],[-80.24925,40.54186],[-80.24881,40.54175]]]},"properties":{"name":"BAKER FIELDS","municipality":"MOON TOWNSHIP","kind":"municipal_park"}},{"type":"Feature","geometry":{"type":"Polygon","coordinates":[[[-80.244,40.53181],[-80.24319,40.53128],[-80.24259,40.53106],[-80.24205,40.53105],[-80.24203,40.53018],[-80.24352,40.53021],[-80.24287,40.52865],[-80.2436,40.5285],[-80.24425,40.5283],[-80.24433,40.52841],[-80.24462,40.52841],[-80.24448,40.52822],[-80.24476,40.52811],[-80.24499,40.52837],[-80.24491,40.52841],[-80.24847,40.52854],[-80.24851,40.53144],[-80.24846,40.53345],[-80.2469,40.53334],[-80.24692,40.53257],[-80.24607,40.5323],[-80.24583,40.53169],[-80.24472,40.53167],[-80.2447,40.53318],[-80.24475,40.53322],[-80.24473,40.53371],[-80.24467,40.5337],[-80.24467,40.53336],[-80.244,40.53181]]]},"properties":{"name":"OLSEN PARK","municipality":"MOON TOWNSHIP","kind":"municipal_park"}},{"type":"Feature","geometry":{"type":"Polygon","coordinates":[[[-80.04537,40.31282],[-80.04573,40.31201],[-80.0461,40.31188],[-80.04727,40.31254],[-80.0471,40.31281],[-80.04771,40.31297],[-80.04769,40.31311],[-80.04685,40.31314],[-80.04669,40.31329],[-80.04642,40.31311],[-80.04537,40.31282]]]},"properties":{"name":"ELM TREE PARK","municipality":"BETHEL PARK MUNICIPALITY","kind":"municipal_park"}},{"type":"Feature","geometry":{"type":"Polygon","coordinates":[[[-80.03455,40.29195],[-80.03329,40.29135],[-80.03274,40.29147],[-80.03271,40.29139],[-80.03334,40.29125],[-80.03578,40.2914],[-80.03564,40.29246],[-80.03618,40.2927],[-80.03625,40.29429],[-80.03797,40.29445],[-80.03803,40.29568],[-80.03531,40.2953],[-80.03457,40.29492],[-80.03335,40.29421],[-80.0339,40.2935],[-80.03344,40.29333],[-80.03455,40.29195]]]},"properties":{"name":"SIMMONS PARK","municipality":"BETHEL PARK MUNICIPALITY","kind":"municipal_park"}},{"type":"Feature","geometry":{"type":"Polygon","coordinates":[[[-79.82987,40.31051],[-79.83101,40.31051],[-79.83248,40.31076],[-79.83236,40.31172],[-79.83014,40.31184],[-79.82839,40.31232],[-79.82765,40.31115],[-79.82915,40.3106],[-79.82987,40.31051]]]},"properties":{"name":"BOSTON RIVERFRONT PARK","municipality":"ELIZABETH TOWNSHIP","kind":"municipal_park"}},{"type":"Feature","geometry":{"type":"MultiPolygon","coordinates":[[[[-79.79241,40.31236],[-79.79245,40.31182],[-79.79267,40.31098],[-79.7931,40.31106],[-79.79298,40.31142],[-79.79358,40.3115],[-79.79366,40.31221],[-79.79344,40.31231],[-79.79365,40.31258],[-79.79359,40.31261],[-79.79338,40.31234],[-79.79244,40.31276],[-79.79241,40.31236]]],[[[-79.79202,40.31184],[-79.79224,40.31179],[-79.79218,40.31224],[-79.79221,40.31284],[-79.79209,40.31288],[-79.7918,40.31245],[-79.79202,40.31184]]]]},"properties":{"name":"TWELE FIELD","municipality":"ELIZABETH TOWNSHIP","kind":"municipal_park"}},{"type":"Feature","geometry":{"type":"Polygon","coordinates":[[[-79.85283,40.26745],[-79.85334,40.2669],[-79.85394,40.26722],[-79.85295,40.26829],[-79.85238,40.2679],[-79.85283,40.26745]]]},"properties":{"name":"STONEYBROOK PARK","municipality":"ELIZABETH TOWNSHIP","kind":"municipal_park"}},{"type":"Feature","geometry":{"type":"Polygon","coordinates":[[[-79.83585,40.26813],[-79.83602,40.26687],[-79.83679,40.26714],[-79.83708,40.26716],[-79.8371,40.26702],[-79.83823,40.26714],[-79.8384,40.26721],[-79.83912,40.26794],[-79.83774,40.26829],[-79.83764,40.26806],[-79.83804,40.26779],[-79.83716,40.26743],[-79.83691,40.26725],[-79.83585,40.26813]]]},"properties":{"name":"HIGHLAND MEADOWS PARK","municipality":"ELIZABETH TOWNSHIP","kind":"municipal_park"}},{"type":"Feature","geometry":{"type":"Polygon","coordinates":[[[-79.7931,40.26777],[-79.79378,40.26856],[-79.79292,40.26897],[-79.79222,40.26819],[-79.7931,40.26777]]]},"properties":{"name":"INDUSTRY BALLFIELD","municipality":"ELIZABETH TOWNSHIP","kind":"municipal_park"}},{"type":"Feature","geometry":{"type":"MultiPolygon","coordinates":[[[[-79.7984,40.25086],[-79.79844,40.25055],[-79.79944,40.25055],[-79.79867,40.25187],[-79.79883,40.25194],[-79.79882,40.25198],[-79.79832,40.25264],[-79.79724,40.25393],[-79.79634,40.25491],[-79.79508,40.25606],[-79.79503,40.25609],[-79.79458,40.2558],[-79.79529,40.25511],[-79.79657,40.25421],[-79.79707,40.25366],[-79.79763,40.25279],[-79.79823,40.25169],[-79.79832,40.25148],[-79.7984,40.25086]]],[[[-79.79877,40.25234],[-79.79901,40.25201],[-79.79971,40.25228],[-79.79827,40.25367],[-79.79752,40.25447],[-79.79798,40.25468],[-79.79696,40.25502],[-79.79561,40.25624],[-79.79547,40.25642],[-79.79518,40.25621],[-79.7965,40.25501],[-79.79713,40.25435],[-79.7985,40.25273],[-79.79877,40.25234]]]]},"properties":{"name":"BLYTHEDALE PARK","municipality":"ELIZABETH TOWNSHIP","kind":"municipal_park"}},{"type":"Feature","geometry":{"type":"Polygon","coordinates":[[[-79.91727,40.37039],[-79.91726,40.36957],[-79.91742,40.36957],[-79.91753,40.3697],[-79.91755,40.37009],[-79.91768,40.37019],[-79.91748,40.37038],[-79.91727,40.37039]]]},"properties":{"name":"LINCOLN PLACE PARK","municipality":"CITY OF PITTSBURGH","kind":"municipal_park"}},{"type":"Feature","geometry":{"type":"Polygon","coordinates":[[[-79.92318,40.3666],[-79.92321,40.36664],[-79.92338,40.36657],[-79.92342,40.36664],[-79.92218,40.36718],[-79.92244,40.36769],[-79.92188,40.36782],[-79.9214,40.36687],[-79.9229,40.36621],[-79.92318,40.3666]]]},"properties":{"name":"EDGEWATER PLAYGROUND","municipality":"WEST MIFFLIN BOROUGH","kind":"municipal_park"}},{"type":"Feature","geometry":{"type":"Polygon","coordinates":[[[-79.87729,40.36151],[-79.87707,40.36109],[-79.87731,40.36149],[-79.87778,40.36116],[-79.87846,40.36155],[-79.87816,40.36175],[-79.87801,40.36213],[-79.8765,40.36292],[-79.87602,40.3628],[-79.87669,40.36231],[-79.87642,40.36213],[-79.87729,40.36151]]]},"properties":{"name":"GLENNY LANE PARK","municipality":"WEST MIFFLIN BOROUGH","kind":"municipal_park"}},{"type":"Feature","geometry":{"type":"Polygon","coordinates":[[[-79.87314,40.36091],[-79.87328,40.36103],[-79.87246,40.36188],[-79.8723,40.36184],[-79.87218,40.36162],[-79.87177,40.36123],[-79.87237,40.3602],[-79.87314,40.36091]]]},"properties":{"name":"KANSAS STREET PARK","municipality":"WEST MIFFLIN BOROUGH","kind":"municipal_park"}},{"type":"Feature","geometry":{"type":"Polygon","coordinates":[[[-79.85974,40.37268],[-79.85999,40.37258],[-79.86023,40.37259],[-79.86017,40.37288],[-79.86011,40.37285],[-79.85997,40.37293],[-79.85974,40.37268]]]},"properties":{"name":"EDGEWOOD PLAYGROUND","municipality":"WEST MIFFLIN BOROUGH","kind":"municipal_park"}},{"type":"Feature","geometry":{"type":"Polygon","coordinates":[[[-79.87253,40.38574],[-79.87313,40.38678],[-79.87226,40.38702],[-79.87169,40.38602],[-79.87253,40.38574]]]},"properties":{"name":"KENNY FIELD","municipality":"WEST MIFFLIN BOROUGH","kind":"municipal_park"}},{"type":"Feature","geometry":{"type":"Polygon","coordinates":[[[-79.88559,40.38799],[-79.88561,40.38767],[-79.88661,40.3877],[-79.8866,40.38797],[-79.88603,40.38795],[-79.886,40.38828],[-79.88556,40.38827],[-79.88559,40.38799]]]},"properties":{"name":"5TH AVENUE PLAYGROUND","municipality":"WEST MIFFLIN BOROUGH","kind":"municipal_park"}},{"type":"Feature","geometry":{"type":"Polygon","coordinates":[[[-79.88841,40.39175],[-79.88911,40.39159],[-79.88959,40.39169],[-79.88949,40.39199],[-79.88841,40.39175]]]},"properties":{"name":"WEST STREET PLAYGROUND","municipality":"WEST MIFFLIN BOROUGH","kind":"municipal_park"}},{"type":"Feature","geometry":{"type":"Polygon","coordinates":[[[-79.85333,40.35798],[-79.85378,40.35795],[-79.85387,40.3586],[-79.85381,40.3586],[-79.85402,40.3596],[-79.85367,40.36065],[-79.85405,40.36073],[-79.85409,40.36082],[-79.85357,40.36096],[-79.85345,40.36132],[-79.85209,40.36112],[-79.85173,40.35819],[-79.85333,40.35798]]]},"properties":{"name":"MIFFLIN STREET PARK","municipality":"WEST MIFFLIN BOROUGH","kind":"municipal_park"}},{"type":"Feature","geometry":{"type":"Polygon","coordinates":[[[-80.02385,40.37362],[-80.02343,40.37409],[-80.02267,40.3737],[-80.02306,40.37319],[-80.02385,40.37362]]]},"properties":{"name":"COUNTRY CLUB PARK","municipality":"MOUNT LEBANON MUNICIPALITY","kind":"municipal_park"}},{"type":"Feature","geometry":{"type":"Polygon","coordinates":[[[-80.04598,40.35532],[-80.04645,40.35556],[-80.04546,40.35585],[-80.04546,40.35575],[-80.04598,40.35532]]]},"properties":{"name":"HIGHLAND TERRACE PARK","municipality":"MOUNT LEBANON MUNICIPALITY","kind":"municipal_park"}},{"type":"Feature","geometry":{"type":"Polygon","coordinates":[[[-80.0924,40.34556],[-80.09088,40.34592],[-80.09063,40.34522],[-80.09014,40.34507],[-80.08967,40.34511],[-80.08955,40.34427],[-80.09239,40.34477],[-80.0924,40.34556]]]},"properties":{"name":"TUSTIN PARK","municipality":"UPPER SAINT CLAIR MUNICIPALITY","kind":"municipal_park"}},{"type":"Feature","geometry":{"type":"Polygon","coordinates":[[[-80.02018,40.38439],[-80.02017,40.3836],[-80.02066,40.38353],[-80.02066,40.38339],[-80.02165,40.38344],[-80.02166,40.38368],[-80.02237,40.38397],[-80.02238,40.38405],[-80.02262,40.38409],[-80.02271,40.38361],[-80.0229,40.38366],[-80.02281,40.38408],[-80.02342,40.3842],[-80.0234,40.38425],[-80.02329,40.38423],[-80.02332,40.38689],[-80.02313,40.38712],[-80.02022,40.38671],[-80.02018,40.38439]]]},"properties":{"name":"MCNEILLY PARK","municipality":"MOUNT LEBANON MUNICIPALITY","kind":"municipal_park"}},{"type":"Feature","geometry":{"type":"Polygon","coordinates":[[[-80.08357,40.34994],[-80.08367,40.35017],[-80.08378,40.35025],[-80.08289,40.35182],[-80.08161,40.35145],[-80.08148,40.35153],[-80.08113,40.35085],[-80.08131,40.35032],[-80.08193,40.34975],[-80.08231,40.34996],[-80.08357,40.34994]]]},"properties":{"name":"TROTWOOD PARK","municipality":"UPPER SAINT CLAIR MUNICIPALITY","kind":"municipal_park"}},{"type":"Feature","geometry":{"type":"Polygon","coordinates":[[[-80.0734,40.36231],[-80.07323,40.36185],[-80.07296,40.36156],[-80.07257,40.36136],[-80.07263,40.36043],[-80.07195,40.36034],[-80.07288,40.36013],[-80.07305,40.35996],[-80.07318,40.36012],[-80.07353,40.35998],[-80.07363,40.36008],[-80.07298,40.3603],[-80.07296,40.36048],[-80.07314,40.36102],[-80.0734,40.3615],[-80.07365,40.36179],[-80.07407,40.36201],[-80.07423,40.36162],[-80.07453,40.36165],[-80.07459,40.3621],[-80.07501,40.36207],[-80.07463,40.36263],[-80.07468,40.36366],[-80.07401,40.36359],[-80.07377,40.36341],[-80.0734,40.36231]]]},"properties":{"name":"BRYNWICK PARK","municipality":"UPPER SAINT CLAIR MUNICIPALITY","kind":"municipal_park"}},{"type":"Feature","geometry":{"type":"Polygon","coordinates":[[[-80.07901,40.34014],[-80.0783,40.34023],[-80.07816,40.34019],[-80.07812,40.34011],[-80.07815,40.33969],[-80.07808,40.33939],[-80.07748,40.33848],[-80.07689,40.33823],[-80.07657,40.338],[-80.07585,40.33712],[-80.07467,40.33607],[-80.07571,40.3349],[-80.07696,40.33554],[-80.07886,40.33617],[-80.07881,40.33633],[-80.07894,40.33689],[-80.07945,40.33815],[-80.07982,40.33889],[-80.07998,40.33907],[-80.08026,40.33916],[-80.07907,40.33948],[-80.07943,40.34015],[-80.0793,40.34025],[-80.07918,40.34017],[-80.07901,40.34014]]]},"properties":{"name":"UPPER ST CLAIR TENNIS COURTS & 3 HOLE GOLF COURSE","municipality":"UPPER SAINT CLAIR MUNICIPALITY","kind":"municipal_park"}},{"type":"Feature","geometry":{"type":"Polygon","coordinates":[[[-80.07917,40.3403],[-80.07922,40.34073],[-80.07933,40.34086],[-80.07948,40.34093],[-80.07941,40.34113],[-80.08094,40.34159],[-80.07958,40.34228],[-80.07927,40.3421],[-80.07832,40.34129],[-80.07815,40.34103],[-80.07807,40.34073],[-80.0781,40.34045],[-80.07818,40.34036],[-80.07892,40.34027],[-80.07902,40.34032],[-80.07906,40.34028],[-80.07917,40.3403]]]},"properties":{"name":"MARMION FIELD","municipality":"UPPER SAINT CLAIR MUNICIPALITY","kind":"municipal_park"}},{"type":"Feature","geometry":{"type":"Polygon","coordinates":[[[-80.09468,40.33103],[-80.09441,40.3303],[-80.0956,40.33034],[-80.09565,40.32938],[-80.09578,40.32857],[-80.09761,40.32819],[-80.0991,40.33414],[-80.09558,40.3342],[-80.09555,40.33351],[-80.09548,40.33314],[-80.09514,40.33233],[-80.09468,40.33103]]]},"properties":{"name":"MORTON FIELD COMPLEX","municipality":"UPPER SAINT CLAIR MUNICIPALITY","kind":"municipal_park"}},{"type":"Feature","geometry":{"type":"Polygon","coordinates":[[[-80.10037,40.33722],[-80.09995,40.33715],[-80.10007,40.33797],[-80.09981,40.33817],[-80.0992,40.33813],[-80.0991,40.33414],[-80.09761,40.32819],[-80.09578,40.32857],[-80.09586,40.3278],[-80.09592,40.32771],[-80.0975,40.32736],[-80.09753,40.32656],[-80.09747,40.32655],[-80.09747,40.32651],[-80.09765,40.32457],[-80.09773,40.32436],[-80.09817,40.32383],[-80.09827,40.3236],[-80.09823,40.32305],[-80.09794,40.3227],[-80.09793,40.32232],[-80.09772,40.32179],[-80.09759,40.3204],[-80.09744,40.32006],[-80.09731,40.31943],[-80.09733,40.31905],[-80.09756,40.31842],[-80.0977,40.31786],[-80.09798,40.31623],[-80.09811,40.316],[-80.09847,40.31568],[-80.09958,40.31516],[-80.10026,40.31542],[-80.10147,40.31564],[-80.10201,40.3156],[-80.10284,40.31577],[-80.10356,40.31582],[-80.10429,40.3158],[-80.10492,40.31571],[-80.10692,40.31524],[-80.10727,40.31524],[-80.10761,40.31531],[-80.10798,40.31549],[-80.10823,40.31575],[-80.10832,40.31594],[-80.10855,40.3167],[-80.1092,40.31779],[-80.10957,40.31775],[-80.10965,40.32254],[-80.10542,40.32319],[-80.1033,40.325],[-80.1033,40.32524],[-80.10289,40.32567],[-80.10197,40.32634],[-80.10105,40.32734],[-80.1006,40.32809],[-80.10104,40.32869],[-80.1012,40.32922],[-80.1011,40.33004],[-80.10153,40.33065],[-80.10164,40.33119],[-80.10099,40.33201],[-80.10099,40.33243],[-80.10143,40.33265],[-80.10232,40.33276],[-80.1039,40.33251],[-80.10498,40.33252],[-80.10713,40.33186],[-80.1076,40.33167],[-80.10883,40.33149],[-80.11027,40.33154],[-80.11099,40.33148],[-80.11224,40.33148],[-80.11341,40.33155],[-80.11306,40.33275],[-80.11244,40.33415],[-80.11182,40.33522],[-80.11065,40.33661],[-80.11018,40.33704],[-80.11,40.33713],[-80.10968,40.33717],[-80.10868,40.33691],[-80.10834,40.33693],[-80.1066,40.33571],[-80.10424,40.33817],[-80.10037,40.33722]]]},"properties":{"name":"BOYCE MAYVIEW PARK","municipality":"UPPER SAINT CLAIR MUNICIPALITY","kind":"municipal_park"}},{"type":"Feature","geometry":{"type":"Polygon","coordinates":[[[-80.07101,40.33214],[-80.07113,40.3321],[-80.07138,40.3322],[-80.07109,40.33222],[-80.07101,40.33214]]]},"properties":{"name":"MEMORIAL GARDEN","municipality":"UPPER SAINT CLAIR MUNICIPALITY","kind":"municipal_park"}},{"type":"Feature","geometry":{"type":"Polygon","coordinates":[[[-80.02868,40.4085],[-80.0278,40.4085],[-80.02776,40.40784],[-80.02811,40.40783],[-80.02829,40.40773],[-80.02865,40.40788],[-80.02868,40.4085]]]},"properties":{"name":"ABLE LONG PARK","municipality":"CITY OF PITTSBURGH","kind":"municipal_park"}},{"type":"Feature","geometry":{"type":"Polygon","coordinates":[[[-79.88965,40.4361],[-79.88922,40.43572],[-79.88997,40.43547],[-79.89066,40.43643],[-79.89084,40.4366],[-79.89078,40.43662],[-79.89079,40.43676],[-79.89035,40.43685],[-79.89027,40.43665],[-79.88965,40.4361]]]},"properties":{"name":"WHITNEY PARK","municipality":"WILKINSBURG BOROUGH","kind":"municipal_park"}},{"type":"Feature","geometry":{"type":"Polygon","coordinates":[[[-79.87389,40.44478],[-79.87424,40.44478],[-79.87416,40.44492],[-79.87388,40.4448],[-79.87372,40.44496],[-79.87349,40.44507],[-79.87361,40.4453],[-79.87341,40.44536],[-79.8733,40.44513],[-79.873,40.44522],[-79.87282,40.44534],[-79.87291,40.44551],[-79.87276,40.44556],[-79.87245,40.44528],[-79.8732,40.44484],[-79.87352,40.44478],[-79.87389,40.44478]]]},"properties":{"name":"PARK AVENUE PARK","municipality":"WILKINSBURG BOROUGH","kind":"municipal_park"}},{"type":"Feature","geometry":{"type":"Polygon","coordinates":[[[-80.0255,40.40393],[-80.02548,40.40389],[-80.02611,40.40391],[-80.02609,40.4044],[-80.02645,40.4045],[-80.02631,40.40483],[-80.0265,40.40488],[-80.02636,40.40517],[-80.02575,40.40497],[-80.02538,40.40468],[-80.02579,40.40445],[-80.0255,40.40393]]]},"properties":{"name":"PAULINE PARK","municipality":"CITY OF PITTSBURGH","kind":"municipal_park"}},{"type":"Feature","geometry":{"type":"Polygon","coordinates":[[[-80.02113,40.41511],[-80.02107,40.41403],[-80.02257,40.41396],[-80.02264,40.41514],[-80.02114,40.41522],[-80.02113,40.41511]]]},"properties":{"name":"ALTON PARK","municipality":"CITY OF PITTSBURGH","kind":"municipal_park"}},{"type":"Feature","geometry":{"type":"Polygon","coordinates":[[[-80.0386,40.40718],[-80.03775,40.40771],[-80.03762,40.40757],[-80.03697,40.40798],[-80.03664,40.40757],[-80.03754,40.40712],[-80.03748,40.4067],[-80.03819,40.40679],[-80.0386,40.40718]]]},"properties":{"name":"BANKSVILLE SCHOOL PARK","municipality":"CITY OF PITTSBURGH","kind":"municipal_park"}},{"type":"Feature","geometry":{"type":"Polygon","coordinates":[[[-79.88787,40.43898],[-79.88743,40.43883],[-79.88737,40.43855],[-79.88843,40.43831],[-79.88869,40.43871],[-79.88829,40.43858],[-79.88812,40.43888],[-79.88799,40.43883],[-79.88791,40.43899],[-79.88787,40.43898]]]},"properties":{"name":"TAYLOR PARK","municipality":"WILKINSBURG BOROUGH","kind":"municipal_park"}},{"type":"Feature","geometry":{"type":"Polygon","coordinates":[[[-80.02218,40.45234],[-80.02208,40.45202],[-80.02383,40.4517],[-80.02393,40.45203],[-80.02218,40.45234]]]},"properties":{"name":"MCKNIGHT PARK","municipality":"CITY OF PITTSBURGH","kind":"municipal_park"}},{"type":"Feature","geometry":{"type":"Polygon","coordinates":[[[-79.89309,40.44337],[-79.89316,40.44298],[-79.89309,40.44298],[-79.89305,40.44323],[-79.89294,40.44323],[-79.89294,40.44296],[-79.89284,40.44289],[-79.89284,40.44283],[-79.89289,40.44283],[-79.8929,40.44256],[-79.8928,40.44257],[-79.89278,40.44235],[-79.89294,40.44236],[-79.89297,40.44296],[-79.89344,40.44295],[-79.89342,40.44301],[-79.89337,40.443],[-79.89335,40.44321],[-79.89367,40.44326],[-79.89365,40.44333],[-79.89335,40.44328],[-79.89326,40.4434],[-79.89309,40.44337]]]},"properties":{"name":"ROSA PARKS PARK","municipality":"WILKINSBURG BOROUGH","kind":"municipal_park"}},{"type":"Feature","geometry":{"type":"Polygon","coordinates":[[[-79.80454,40.39464],[-79.80405,40.39461],[-79.80411,40.39452],[-79.80422,40.39449],[-79.80463,40.39451],[-79.80462,40.39464],[-79.80454,40.39464]]]},"properties":{"name":"AVENUE U PLAYGROUND","municipality":"WILMERDING BOROUGH","kind":"municipal_park"}},{"type":"Feature","geometry":{"type":"Polygon","coordinates":[[[-79.87043,40.38944],[-79.8712,40.38928],[-79.87053,40.38975],[-79.87043,40.38944]]]},"properties":{"name":"GLENN STREET PLAYGROUND","municipality":"WEST MIFFLIN BOROUGH","kind":"municipal_park"}},{"type":"Feature","geometry":{"type":"Polygon","coordinates":[[[-79.90024,40.37288],[-79.90238,40.37227],[-79.90293,40.37261],[-79.9029,40.37279],[-79.90234,40.37285],[-79.90207,40.37297],[-79.90183,40.37315],[-79.90163,40.37341],[-79.90147,40.37389],[-79.90039,40.37397],[-79.9002,40.37393],[-79.90051,40.37344],[-79.90024,40.37288]]]},"properties":{"name":"CLOVER LANE PLAYGROUND","municipality":"WEST MIFFLIN BOROUGH","kind":"municipal_park"}},{"type":"Feature","geometry":{"type":"Polygon","coordinates":[[[-80.1452,40.50526],[-80.14403,40.50552],[-80.14334,40.50563],[-80.14324,40.50552],[-80.14302,40.50482],[-80.14329,40.50464],[-80.14402,40.50488],[-80.14419,40.50484],[-80.14503,40.50507],[-80.1452,40.50526]]]},"properties":{"name":"GROVETON BALLFIELD","municipality":"ROBINSON TOWNSHIP","kind":"municipal_park"}},{"type":"Feature","geometry":{"type":"Polygon","coordinates":[[[-79.93048,40.34554],[-79.92916,40.34554],[-79.92937,40.34477],[-79.9299,40.34412],[-79.93019,40.34337],[-79.931,40.34201],[-79.92914,40.34121],[-79.92945,40.34076],[-79.9313,40.34152],[-79.9321,40.34246],[-79.93349,40.34249],[-79.93353,40.34284],[-79.93573,40.34263],[-79.93586,40.34363],[-79.93363,40.34384],[-79.93375,40.34484],[-79.93351,40.34486],[-79.93363,40.34526],[-79.934,40.34564],[-79.93377,40.34596],[-79.93048,40.34554]]]},"properties":{"name":"BOST PLAYGROUND","municipality":"WEST MIFFLIN BOROUGH","kind":"municipal_park"}},{"type":"Feature","geometry":{"type":"Polygon","coordinates":[[[-79.85972,40.30849],[-79.86124,40.30835],[-79.86145,40.30906],[-79.85927,40.30949],[-79.85972,40.30849]]]},"properties":{"name":"LINCOLN BOROUGH - BELLBRIDGE SOCCER FIELD","municipality":"LINCOLN BOROUGH","kind":"municipal_park"}},{"type":"Feature","geometry":{"type":"Polygon","coordinates":[[[-80.0706,40.33244],[-80.07075,40.33237],[-80.07111,40.33279],[-80.07085,40.33292],[-80.07062,40.33263],[-80.07071,40.33259],[-80.0706,40.33244]]]},"properties":{"name":"VETERANS MONUMENT PARK","municipality":"UPPER SAINT CLAIR MUNICIPALITY","kind":"municipal_park"}},{"type":"Feature","geometry":{"type":"Polygon","coordinates":[[[-80.0504,40.30394],[-80.05042,40.30355],[-80.05017,40.30354],[-80.04983,40.30385],[-80.04898,40.30232],[-80.04911,40.30205],[-80.05036,40.30247],[-80.05042,40.30312],[-80.05106,40.3036],[-80.0505,40.30356],[-80.05048,40.30394],[-80.0504,40.30394]]]},"properties":{"name":"SHAMROCK PARK","municipality":"BETHEL PARK MUNICIPALITY","kind":"municipal_park"}},{"type":"Feature","geometry":{"type":"Polygon","coordinates":[[[-80.05723,40.33054],[-80.05883,40.3303],[-80.05883,40.33057],[-80.05806,40.33061],[-80.0572,40.33078],[-80.05723,40.33054]]]},"properties":{"name":"BROOKSIDE PARK A","municipality":"BETHEL PARK MUNICIPALITY","kind":"municipal_park"}},{"type":"Feature","geometry":{"type":"Polygon","coordinates":[[[-79.96255,40.46283],[-79.96249,40.46244],[-79.96303,40.46234],[-79.96299,40.46208],[-79.96388,40.462],[-79.96402,40.46295],[-79.96224,40.46312],[-79.96219,40.46286],[-79.96255,40.46283]]]},"properties":{"name":"SULLIVAN PARK","municipality":"CITY OF PITTSBURGH","kind":"municipal_park"}},{"type":"Feature","geometry":{"type":"Polygon","coordinates":[[[-79.93304,40.48442],[-79.93082,40.48405],[-79.93175,40.48115],[-79.93266,40.48275],[-79.93481,40.48352],[-79.93405,40.48461],[-79.93304,40.48442]]]},"properties":{"name":"DINAN PARK","municipality":"CITY OF PITTSBURGH","kind":"municipal_park"}},{"type":"Feature","geometry":{"type":"Polygon","coordinates":[[[-79.9246,40.48387],[-79.92502,40.48357],[-79.92554,40.48336],[-79.92612,40.48327],[-79.92669,40.48331],[-79.92634,40.48387],[-79.9268,40.484],[-79.92675,40.48416],[-79.92707,40.48428],[-79.92706,40.48432],[-79.92672,40.48417],[-79.92602,40.48474],[-79.92574,40.48471],[-79.9246,40.48387]]]},"properties":{"name":"JOE NATOLI PARK","municipality":"CITY OF PITTSBURGH","kind":"municipal_park"}},{"type":"Feature","geometry":{"type":"Polygon","coordinates":[[[-79.99067,40.3909],[-79.99073,40.39076],[-79.99072,40.39059],[-79.98951,40.38822],[-79.99108,40.38781],[-79.9912,40.38826],[-79.99114,40.38891],[-79.99118,40.3892],[-79.99165,40.39014],[-79.99187,40.39037],[-79.99215,40.39019],[-79.99222,40.39026],[-79.9923,40.3902],[-79.99252,40.39026],[-79.99259,40.39048],[-79.99249,40.39049],[-79.99284,40.39081],[-79.99299,40.3908],[-79.99315,40.39147],[-79.99284,40.39151],[-79.99288,40.3919],[-79.99282,40.39221],[-79.99336,40.39229],[-79.99339,40.39243],[-79.99313,40.39246],[-79.99305,40.39275],[-79.99309,40.39276],[-79.99314,40.39314],[-79.99131,40.39337],[-79.99053,40.39159],[-79.99005,40.39118],[-79.99044,40.39116],[-79.99067,40.3909]]]},"properties":{"name":"PHILLIPS PARK","municipality":"CITY OF PITTSBURGH","kind":"municipal_park"}},{"type":"Feature","geometry":{"type":"Polygon","coordinates":[[[-79.95282,40.48077],[-79.95268,40.48093],[-79.9524,40.48072],[-79.95249,40.48061],[-79.95282,40.48077]]]},"properties":{"name":"MCCANDLESS PARK","municipality":"CITY OF PITTSBURGH","kind":"municipal_park"}},{"type":"Feature","geometry":{"type":"Polygon","coordinates":[[[-79.94164,40.47128],[-79.94099,40.4697],[-79.94196,40.46984],[-79.9422,40.46883],[-79.94416,40.46911],[-79.94407,40.4695],[-79.94451,40.46965],[-79.94443,40.46977],[-79.94241,40.47024],[-79.94273,40.47102],[-79.94164,40.47128]]]},"properties":{"name":"FORT PITT PARK","municipality":"CITY OF PITTSBURGH","kind":"municipal_park"}},{"type":"Feature","geometry":{"type":"Polygon","coordinates":[[[-80.06614,40.42654],[-80.0656,40.42585],[-80.06522,40.42602],[-80.065,40.42629],[-80.06463,40.42613],[-80.06519,40.42543],[-80.06574,40.42496],[-80.0662,40.42557],[-80.06636,40.42567],[-80.06654,40.42591],[-80.067,40.42574],[-80.06752,40.42643],[-80.0675,40.42659],[-80.06729,40.42677],[-80.06707,40.42649],[-80.06634,40.4268],[-80.06614,40.42654]]]},"properties":{"name":"OAKWOOD PARK","municipality":"CITY OF PITTSBURGH","kind":"municipal_park"}},{"type":"Feature","geometry":{"type":"Polygon","coordinates":[[[-80.00584,40.39152],[-80.00473,40.39091],[-80.00393,40.39068],[-80.0016,40.39049],[-79.99962,40.39024],[-79.99947,40.39024],[-79.99941,40.39033],[-79.99941,40.39045],[-79.99876,40.3904],[-79.9986,40.38911],[-80.00106,40.38856],[-80.00123,40.38847],[-80.00115,40.38827],[-80.00178,40.38789],[-80.00258,40.38865],[-80.00278,40.38879],[-80.00352,40.38869],[-80.00363,40.38897],[-80.00388,40.38892],[-80.00376,40.38864],[-80.00488,40.38842],[-80.00559,40.38844],[-80.00558,40.38881],[-80.00671,40.38884],[-80.00685,40.3889],[-80.00695,40.38904],[-80.00736,40.38887],[-80.00804,40.38983],[-80.00965,40.39082],[-80.0094,40.39082],[-80.00864,40.39215],[-80.00646,40.39173],[-80.00584,40.39152]]]},"properties":{"name":"BROOKLINE MEMORIAL PARK","municipality":"CITY OF PITTSBURGH","kind":"municipal_park"}},{"type":"Feature","geometry":{"type":"Polygon","coordinates":[[[-80.03467,40.44748],[-80.03345,40.44642],[-80.03292,40.44661],[-80.03242,40.44622],[-80.03337,40.44565],[-80.03301,40.44528],[-80.03251,40.44503],[-80.03211,40.44498],[-80.03208,40.44455],[-80.03397,40.44444],[-80.03399,40.44461],[-80.03378,40.44491],[-80.03402,40.44511],[-80.03375,40.44529],[-80.0341,40.4456],[-80.03405,40.44564],[-80.03438,40.44593],[-80.03391,40.44622],[-80.03498,40.44719],[-80.03467,40.44748]]]},"properties":{"name":"WEST END - ELLIOT OVERLOOK PARK","municipality":"CITY OF PITTSBURGH","kind":"municipal_park"}},{"type":"Feature","geometry":{"type":"Polygon","coordinates":[[[-79.951,40.43855],[-79.95037,40.43876],[-79.95022,40.43851],[-79.95086,40.4383],[-79.951,40.43855]]]},"properties":{"name":"BOUNDARY STREET PARK","municipality":"CITY OF PITTSBURGH","kind":"municipal_park"}},{"type":"Feature","geometry":{"type":"Polygon","coordinates":[[[-80.01927,40.48997],[-80.01999,40.48952],[-80.01986,40.48938],[-80.01985,40.48925],[-80.02027,40.48832],[-80.02021,40.48813],[-80.02028,40.4881],[-80.02018,40.48777],[-80.02025,40.48763],[-80.01887,40.48673],[-80.01759,40.48673],[-80.01752,40.48681],[-80.01704,40.48683],[-80.01683,40.48608],[-80.01645,40.4861],[-80.01708,40.485],[-80.01793,40.48293],[-80.01819,40.48281],[-80.01801,40.48267],[-80.01775,40.48235],[-80.01445,40.48387],[-80.01448,40.48392],[-80.01402,40.48422],[-80.01374,40.48419],[-80.01311,40.4837],[-80.01298,40.48345],[-80.01305,40.48326],[-80.01376,40.48238],[-80.01389,40.48215],[-80.01389,40.48194],[-80.01332,40.48063],[-80.01312,40.48037],[-80.01368,40.48],[-80.0132,40.47981],[-80.01317,40.47985],[-80.01299,40.47978],[-80.01273,40.48016],[-80.01196,40.47987],[-80.01189,40.47978],[-80.01188,40.47969],[-80.01209,40.47868],[-80.01267,40.47875],[-80.01274,40.47837],[-80.01279,40.47836],[-80.01282,40.47824],[-80.01342,40.4782],[-80.01366,40.47742],[-80.0143,40.47745],[-80.01854,40.47727],[-80.01887,40.477],[-80.01972,40.4766],[-80.02153,40.47653],[-80.02154,40.47674],[-80.02169,40.47668],[-80.02449,40.47665],[-80.02533,40.47622],[-80.02582,40.47622],[-80.02616,40.47636],[-80.02635,40.4762],[-80.02661,40.47635],[-80.02636,40.47645],[-80.02673,40.47671],[-80.02684,40.47661],[-80.02664,40.47648],[-80.02676,40.47642],[-80.02729,40.47673],[-80.02658,40.47746],[-80.027,40.47769],[-80.02583,40.4789],[-80.02583,40.47899],[-80.02598,40.47899],[-80.026,40.47938],[-80.02332,40.47941],[-80.02558,40.48281],[-80.02506,40.4852],[-80.02423,40.48576],[-80.02477,40.48582],[-80.02514,40.48686],[-80.02462,40.48704],[-80.0245,40.48669],[-80.02315,40.48719],[-80.02311,40.48749],[-80.02238,40.48917],[-80.02214,40.48911],[-80.02211,40.48918],[-80.02201,40.48915],[-80.02172,40.48982],[-80.02041,40.48976],[-80.02042,40.49022],[-80.01968,40.49018],[-80.01927,40.48997]]]},"properties":{"name":"RIVERVIEW PARK","municipality":"CITY OF PITTSBURGH","kind":"municipal_park"}},{"type":"Feature","geometry":{"type":"Polygon","coordinates":[[[-80.0566,40.43605],[-80.05711,40.43623],[-80.05647,40.43637],[-80.05642,40.43607],[-80.0566,40.43605]]]},"properties":{"name":"CRAFTON HEIGHTS PARK","municipality":"CITY OF PITTSBURGH","kind":"municipal_park"}},{"type":"Feature","geometry":{"type":"Polygon","coordinates":[[[-80.01992,40.46513],[-80.01991,40.46492],[-80.02019,40.46486],[-80.02021,40.46507],[-80.02025,40.46506],[-80.02028,40.46523],[-80.01993,40.46526],[-80.01992,40.46513]]]},"properties":{"name":"CROSS & STRAUSS PARK","municipality":"CITY OF PITTSBURGH","kind":"municipal_park"}},{"type":"Feature","geometry":{"type":"Polygon","coordinates":[[[-79.97601,40.43243],[-79.97587,40.43243],[-79.97586,40.43247],[-79.97542,40.43243],[-79.97454,40.43229],[-79.97419,40.43219],[-79.97412,40.43213],[-79.97331,40.43179],[-79.97059,40.43116],[-79.97038,40.43109],[-79.97045,40.43083],[-79.97053,40.43089],[-79.971,40.431],[-79.97367,40.43125],[-79.97577,40.43182],[-79.97633,40.43193],[-79.97689,40.43196],[-79.97749,40.43208],[-79.9787,40.43212],[-79.9787,40.43207],[-79.98012,40.43197],[-79.98011,40.43203],[-79.98182,40.43189],[-79.9818,40.43217],[-79.98033,40.43227],[-79.97837,40.43257],[-79.97773,40.43259],[-79.97717,40.43247],[-79.97601,40.43243]]]},"properties":{"name":"SOUTH SIDE RIVERFRONT PARK","municipality":"CITY OF PITTSBURGH","kind":"municipal_park"}},{"type":"Feature","geometry":{"type":"Polygon","coordinates":[[[-80.0662,40.45275],[-80.06623,40.45267],[-80.06644,40.45275],[-80.0668,40.45313],[-80.06694,40.45387],[-80.06639,40.45387],[-80.06636,40.45327],[-80.0662,40.45275]]]},"properties":{"name":"TUXEDO STREET SKATE PARK","municipality":"CITY OF PITTSBURGH","kind":"municipal_park"}},{"type":"Feature","geometry":{"type":"Polygon","coordinates":[[[-79.80134,40.54019],[-79.80081,40.54023],[-79.80074,40.53919],[-79.80133,40.53945],[-79.80134,40.54019]]]},"properties":{"name":"MACLEAN PARKLET","municipality":"CHESWICK BOROUGH","kind":"municipal_park"}},{"type":"Feature","geometry":{"type":"Polygon","coordinates":[[[-79.79478,40.53803],[-79.79476,40.53709],[-79.79601,40.53737],[-79.7966,40.53745],[-79.7973,40.53768],[-79.79721,40.538],[-79.7967,40.53794],[-79.7958,40.53806],[-79.79478,40.53803]]]},"properties":{"name":"RACHEL CARSON PARK","municipality":"CHESWICK BOROUGH","kind":"municipal_park"}},{"type":"Feature","geometry":{"type":"Polygon","coordinates":[[[-79.82833,40.50854],[-79.82825,40.50648],[-79.8294,40.50646],[-79.82948,40.50851],[-79.82833,40.50854]]]},"properties":{"name":"MCKINLEY FIELD","municipality":"PENN HILLS MUNICIPALITY","kind":"municipal_park"}},{"type":"Feature","geometry":{"type":"Polygon","coordinates":[[[-79.91866,40.47937],[-79.91788,40.47907],[-79.91833,40.47834],[-79.9191,40.47864],[-79.91866,40.47937]]]},"properties":{"name":"HIGHLAND PARK - FLYNN PARKLET","municipality":"CITY OF PITTSBURGH","kind":"municipal_park"}},{"type":"Feature","geometry":{"type":"Polygon","coordinates":[[[-80.00653,40.43144],[-80.00662,40.43134],[-80.00675,40.43141],[-80.00667,40.43151],[-80.00653,40.43144]]]},"properties":{"name":"SHILOH STREET PARK","municipality":"CITY OF PITTSBURGH","kind":"municipal_park"}},{"type":"Feature","geometry":{"type":"Polygon","coordinates":[[[-79.88622,40.44126],[-79.88646,40.44133],[-79.88649,40.44151],[-79.88613,40.4414],[-79.88622,40.44126]]]},"properties":{"name":"WOOD STREET GAZEBO","municipality":"WILKINSBURG BOROUGH","kind":"municipal_park"}},{"type":"Feature","geometry":{"type":"Polygon","coordinates":[[[-79.86287,40.43261],[-79.86288,40.4324],[-79.86316,40.43239],[-79.86319,40.43267],[-79.86287,40.43261]]]},"properties":{"name":"BRIGHT PARK","municipality":"FOREST HILLS BOROUGH","kind":"municipal_park"}},{"type":"Feature","geometry":{"type":"Polygon","coordinates":[[[-80.03881,40.35889],[-80.03893,40.35844],[-80.03952,40.35825],[-80.03927,40.35796],[-80.03938,40.3579],[-80.03964,40.35819],[-80.04006,40.3579],[-80.04109,40.3575],[-80.04136,40.35746],[-80.04169,40.35733],[-80.04192,40.35695],[-80.0416,40.35647],[-80.04197,40.35658],[-80.042,40.35653],[-80.04249,40.35661],[-80.04226,40.3568],[-80.04247,40.35695],[-80.04285,40.35664],[-80.04363,40.3566],[-80.04485,40.35629],[-80.045,40.35632],[-80.04508,40.3564],[-80.04522,40.35681],[-80.04454,40.35697],[-80.04459,40.35732],[-80.04361,40.35753],[-80.04344,40.35765],[-80.04328,40.35725],[-80.04241,40.35746],[-80.04237,40.35785],[-80.04171,40.35788],[-80.04126,40.3578],[-80.04095,40.3578],[-80.04069,40.3579],[-80.04048,40.35822],[-80.0405,40.3585],[-80.03989,40.35867],[-80.04007,40.35901],[-80.04003,40.35904],[-80.03984,40.35868],[-80.03944,40.35901],[-80.03921,40.35984],[-80.03883,40.35994],[-80.03882,40.35964],[-80.03872,40.35926],[-80.03881,40.35889]]]},"properties":{"name":"HOODRIDGE PARK","municipality":"MOUNT LEBANON MUNICIPALITY","kind":"municipal_park"}},{"type":"Feature","geometry":{"type":"MultiPolygon","coordinates":[[[[-80.05592,40.35863],[-80.05609,40.35846],[-80.05514,40.35823],[-80.05486,40.35787],[-80.0554,40.35767],[-80.05656,40.35798],[-80.05645,40.35809],[-80.05691,40.35823],[-80.05688,40.35829],[-80.05756,40.35847],[-80.05759,40.35843],[-80.05812,40.35856],[-80.05786,40.35909],[-80.05592,40.35863]]],[[[-80.05366,40.35712],[-80.05377,40.35699],[-80.05443,40.3573],[-80.0544,40.35734],[-80.05453,40.35741],[-80.05438,40.35759],[-80.05458,40.35782],[-80.05378,40.35819],[-80.0536,40.35794],[-80.05318,40.35771],[-80.05366,40.35712]]]]},"properties":{"name":"IROQUOIS PARK","municipality":"MOUNT LEBANON MUNICIPALITY","kind":"municipal_park"}},{"type":"Feature","geometry":{"type":"MultiPolygon","coordinates":[[[[-80.06357,40.36303],[-80.06398,40.36221],[-80.06425,40.36227],[-80.06434,40.36205],[-80.06587,40.36267],[-80.06636,40.36276],[-80.06687,40.36277],[-80.06665,40.36283],[-80.064,40.36284],[-80.06377,40.36308],[-80.06357,40.36303]]],[[[-80.06946,40.36424],[-80.06963,40.36372],[-80.06934,40.36386],[-80.06896,40.36356],[-80.0692,40.36311],[-80.06729,40.3637],[-80.06731,40.36268],[-80.06757,40.36269],[-80.06768,40.36258],[-80.06965,40.36196],[-80.06983,40.36195],[-80.06994,40.36202],[-80.07012,40.36263],[-80.07042,40.36299],[-80.0706,40.36411],[-80.07048,40.36414],[-80.07041,40.36434],[-80.07061,40.36489],[-80.07067,40.36558],[-80.0708,40.36601],[-80.07077,40.36648],[-80.07058,40.36691],[-80.07051,40.36761],[-80.07069,40.3679],[-80.06953,40.36789],[-80.06956,40.3656],[-80.06938,40.36559],[-80.0694,40.36444],[-80.06946,40.36424]]]]},"properties":{"name":"ROBB HOLLOW PARK","municipality":"MOUNT LEBANON MUNICIPALITY","kind":"municipal_park"}},{"type":"Feature","geometry":{"type":"Polygon","coordinates":[[[-79.91779,40.5052],[-79.91794,40.50517],[-79.91855,40.50484],[-79.91768,40.50588],[-79.91779,40.5052]]]},"properties":{"name":"BRIARCLIFF PARK","municipality":"OHARA TOWNSHIP","kind":"municipal_park"}},{"type":"Feature","geometry":{"type":"Polygon","coordinates":[[[-79.77687,40.53972],[-79.77654,40.53886],[-79.77688,40.53868],[-79.77677,40.53834],[-79.77698,40.53826],[-79.77682,40.53789],[-79.77769,40.53755],[-79.77858,40.5405],[-79.77724,40.54075],[-79.77687,40.53972]]]},"properties":{"name":"LAMPUS PARK","municipality":"SPRINGDALE BOROUGH","kind":"municipal_park"}},{"type":"Feature","geometry":{"type":"Polygon","coordinates":[[[-79.77656,40.58142],[-79.77783,40.58149],[-79.77765,40.58189],[-79.77658,40.58165],[-79.77664,40.58336],[-79.77389,40.58264],[-79.77469,40.58041],[-79.77531,40.58078],[-79.77562,40.58128],[-79.77588,40.58139],[-79.77656,40.58142]]]},"properties":{"name":"RIVER FRONT PARK","municipality":"EAST DEER TOWNSHIP","kind":"municipal_park"}},{"type":"Feature","geometry":{"type":"Polygon","coordinates":[[[-79.77783,40.58149],[-79.77656,40.58142],[-79.77652,40.58032],[-79.77869,40.58028],[-79.77862,40.58107],[-79.77844,40.58165],[-79.77783,40.58149]]]},"properties":{"name":"MEMORIAL PARK","municipality":"EAST DEER TOWNSHIP","kind":"municipal_park"}},{"type":"Feature","geometry":{"type":"Polygon","coordinates":[[[-80.03044,40.46246],[-80.03079,40.4624],[-80.03085,40.46261],[-80.03046,40.46268],[-80.0304,40.46249],[-80.03044,40.46246]]]},"properties":{"name":"MARSHALL-CALIFORNIA PARK","municipality":"CITY OF PITTSBURGH","kind":"municipal_park"}},{"type":"Feature","geometry":{"type":"Polygon","coordinates":[[[-79.97657,40.46928],[-79.97675,40.46905],[-79.97716,40.46923],[-79.97736,40.46942],[-79.97697,40.46954],[-79.97689,40.46943],[-79.97657,40.46928]]]},"properties":{"name":"LOOKOUT STREET PARK","municipality":"CITY OF PITTSBURGH","kind":"municipal_park"}},{"type":"Feature","geometry":{"type":"Polygon","coordinates":[[[-79.95871,40.45602],[-79.95721,40.45524],[-79.95814,40.45347],[-79.95997,40.45409],[-79.96066,40.4547],[-79.95871,40.45602]]]},"properties":{"name":"ROBERT E WILLIAMS PARK","municipality":"CITY OF PITTSBURGH","kind":"municipal_park"}},{"type":"Feature","geometry":{"type":"Polygon","coordinates":[[[-79.94475,40.46232],[-79.94754,40.46255],[-79.94776,40.46264],[-79.94774,40.46278],[-79.94761,40.46284],[-79.94478,40.4626],[-79.94459,40.46249],[-79.94462,40.46235],[-79.94475,40.46232]]]},"properties":{"name":"FRIENDSHIP PARK","municipality":"CITY OF PITTSBURGH","kind":"municipal_park"}},{"type":"Feature","geometry":{"type":"Polygon","coordinates":[[[-79.88501,40.41554],[-79.88514,40.41529],[-79.88549,40.41539],[-79.88536,40.41564],[-79.88501,40.41554]]]},"properties":{"name":"GAS STREET PLAYGROUND","municipality":"RANKIN BOROUGH","kind":"municipal_park"}},{"type":"Feature","geometry":{"type":"Polygon","coordinates":[[[-79.86741,40.35134],[-79.86746,40.3516],[-79.86692,40.35166],[-79.86687,40.35139],[-79.86741,40.35134]]]},"properties":{"name":"MEMORIAL PARK","municipality":"CITY OF MCKEESPORT","kind":"municipal_park"}},{"type":"Feature","geometry":{"type":"Polygon","coordinates":[[[-79.97555,40.48068],[-79.97526,40.48074],[-79.97539,40.48059],[-79.97555,40.48068]]]},"properties":{"name":"MCCARTHY PARK","municipality":"MILLVALE BOROUGH","kind":"municipal_park"}},{"type":"Feature","geometry":{"type":"Polygon","coordinates":[[[-79.86601,40.40858],[-79.86637,40.40834],[-79.8666,40.40853],[-79.86644,40.40865],[-79.86644,40.40873],[-79.86652,40.40881],[-79.86641,40.40892],[-79.86601,40.40858]]]},"properties":{"name":"HAWKINS AVENUE PARK","municipality":"NORTH BRADDOCK BOROUGH","kind":"municipal_park"}},{"type":"Feature","geometry":{"type":"Polygon","coordinates":[[[-79.94487,40.40625],[-79.94509,40.40622],[-79.94515,40.40649],[-79.94472,40.40655],[-79.94466,40.40628],[-79.94487,40.40625]]]},"properties":{"name":"KABOOM PLAYGROUND","municipality":"CITY OF PITTSBURGH","kind":"municipal_park"}},{"type":"Feature","geometry":{"type":"Polygon","coordinates":[[[-80.04756,40.49558],[-80.04768,40.49534],[-80.048,40.49561],[-80.04794,40.4957],[-80.04756,40.49558]]]},"properties":{"name":"MAPLE PARK","municipality":"ROSS TOWNSHIP","kind":"municipal_park"}},{"type":"Feature","geometry":{"type":"Polygon","coordinates":[[[-79.98571,40.44085],[-79.98581,40.44103],[-79.98561,40.44112],[-79.98549,40.44095],[-79.98571,40.44085]]]},"properties":{"name":"FREEDOM CORNER","municipality":"CITY OF PITTSBURGH","kind":"municipal_park"}},{"type":"Feature","geometry":{"type":"Polygon","coordinates":[[[-80.22717,40.37151],[-80.22712,40.37141],[-80.22703,40.37144],[-80.22711,40.37094],[-80.22682,40.3705],[-80.22705,40.37034],[-80.22742,40.37028],[-80.22744,40.37032],[-80.2279,40.37017],[-80.22832,40.37009],[-80.22848,40.37058],[-80.22867,40.37055],[-80.22887,40.37116],[-80.22877,40.3712],[-80.22862,40.37095],[-80.22845,40.37101],[-80.22861,40.37126],[-80.22733,40.37176],[-80.22717,40.37151]]]},"properties":{"name":"EAST END PARK","municipality":"MCDONALD BOROUGH","kind":"municipal_park"}},{"type":"Feature","geometry":{"type":"Polygon","coordinates":[[[-80.01863,40.49214],[-80.01863,40.49238],[-80.01884,40.49248],[-80.01884,40.49286],[-80.01796,40.49288],[-80.01794,40.49214],[-80.01863,40.49214]]]},"properties":{"name":"GARVIN PARK","municipality":"CITY OF PITTSBURGH","kind":"municipal_park"}},{"type":"Feature","geometry":{"type":"Polygon","coordinates":[[[-80.08926,40.4059],[-80.08914,40.40597],[-80.08886,40.40575],[-80.08898,40.40567],[-80.08926,40.4059]]]},"properties":{"name":"W MAIN STREET PARKLET","municipality":"CARNEGIE BOROUGH","kind":"municipal_park"}},{"type":"Feature","geometry":{"type":"MultiPolygon","coordinates":[[[[-79.99223,40.44128],[-79.9919,40.44061],[-79.99275,40.44055],[-79.99275,40.44058],[-79.99331,40.44042],[-79.99366,40.44095],[-79.99362,40.44099],[-79.99227,40.44135],[-79.99223,40.44128]]],[[[-79.99354,40.44121],[-79.99377,40.44116],[-79.99399,40.44126],[-79.99404,40.44144],[-79.99392,40.44165],[-79.99353,40.44139],[-79.99317,40.4413],[-79.99354,40.44121]]]]},"properties":{"name":"FRANKIE PACE PARK","municipality":"CITY OF PITTSBURGH","kind":"municipal_park"}},{"type":"Feature","geometry":{"type":"Polygon","coordinates":[[[-79.89009,40.28968],[-79.89012,40.2897],[-79.88988,40.29001],[-79.88971,40.29039],[-79.88967,40.2904],[-79.88948,40.29011],[-79.88948,40.28997],[-79.88958,40.28988],[-79.89009,40.28968]]]},"properties":{"name":"DESIDERIO PARK","municipality":"CITY OF CLAIRTON","kind":"municipal_park"}},{"type":"Feature","geometry":{"type":"Polygon","coordinates":[[[-79.8862,40.4197],[-79.88628,40.41961],[-79.88636,40.41966],[-79.88654,40.4199],[-79.88651,40.41995],[-79.88613,40.4198],[-79.8862,40.4197]]]},"properties":{"name":"ROSLYN STREET STATION PLAYGROUND","municipality":"SWISSVALE BOROUGH","kind":"municipal_park"}},{"type":"Feature","geometry":{"type":"MultiPolygon","coordinates":[[[[-79.88782,40.41959],[-79.8877,40.41948],[-79.88771,40.41942],[-79.8881,40.41928],[-79.88818,40.4193],[-79.88822,40.41945],[-79.88782,40.41959]]],[[[-79.8882,40.41916],[-79.88853,40.41903],[-79.88865,40.41921],[-79.88832,40.41934],[-79.8882,40.41916]]],[[[-79.88727,40.41979],[-79.88714,40.41973],[-79.88718,40.41962],[-79.88752,40.4195],[-79.88765,40.41955],[-79.88762,40.41966],[-79.88727,40.41979]]]]},"properties":{"name":"PARK AVENUE PARK","municipality":"SWISSVALE BOROUGH","kind":"municipal_park"}},{"type":"Feature","geometry":{"type":"Polygon","coordinates":[[[-80.02413,40.45971],[-80.02454,40.45964],[-80.0246,40.45985],[-80.0242,40.45992],[-80.02413,40.45971]]]},"properties":{"name":"CAL-BRIDE PLAYGROUND","municipality":"CITY OF PITTSBURGH","kind":"municipal_park"}},{"type":"Feature","geometry":{"type":"MultiPolygon","coordinates":[[[[-79.91614,40.45218],[-79.91718,40.45111],[-79.91788,40.45151],[-79.91811,40.45128],[-79.91828,40.45137],[-79.92009,40.45118],[-79.9206,40.45283],[-79.91599,40.45345],[-79.91635,40.45256],[-79.91597,40.45235],[-79.91614,40.45218]]],[[[-79.91614,40.4536],[-79.91769,40.45338],[-79.91778,40.45377],[-79.91547,40.45602],[-79.91264,40.45406],[-79.91614,40.4536]]]]},"properties":{"name":"MELLON PARK","municipality":"CITY OF PITTSBURGH","kind":"municipal_park"}},{"type":"Feature","geometry":{"type":"MultiPolygon","coordinates":[[[[-80.17404,40.49122],[-80.17398,40.4886],[-80.1777,40.4865],[-80.17739,40.48629],[-80.17675,40.4857],[-80.17673,40.48563],[-80.17843,40.4856],[-80.17958,40.48521],[-80.18032,40.48545],[-80.1872,40.488],[-80.18576,40.48811],[-80.18581,40.48847],[-80.18657,40.48841],[-80.18702,40.48864],[-80.18636,40.48922],[-80.18618,40.48963],[-80.18595,40.49121],[-80.18611,40.49302],[-80.18607,40.49342],[-80.18245,40.49373],[-80.18225,40.49462],[-80.18115,40.49443],[-80.17798,40.49191],[-80.1776,40.49155],[-80.17638,40.49133],[-80.17404,40.49122]]],[[[-80.18949,40.49156],[-80.18951,40.49013],[-80.1863,40.48995],[-80.18638,40.48954],[-80.18651,40.48929],[-80.18767,40.48831],[-80.18786,40.48819],[-80.1882,40.48804],[-80.18946,40.48789],[-80.1907,40.48918],[-80.19128,40.49001],[-80.19175,40.49032],[-80.19249,40.49063],[-80.19209,40.49086],[-80.192,40.49098],[-80.19196,40.49096],[-80.19189,40.49113],[-80.19162,40.49142],[-80.19138,40.49198],[-80.18949,40.49156]]]]},"properties":{"name":"MOON PARK","municipality":"MOON TOWNSHIP","kind":"municipal_park"}},{"type":"Feature","geometry":{"type":"Polygon","coordinates":[[[-79.88825,40.45166],[-79.88822,40.4517],[-79.88803,40.45161],[-79.88806,40.45158],[-79.88825,40.45166]]]},"properties":{"name":"ZION AND FRIENDS PLAYZONE","municipality":"CITY OF PITTSBURGH","kind":"municipal_park"}},{"type":"Feature","geometry":{"type":"MultiPolygon","coordinates":[[[[-79.89766,40.43955],[-79.89635,40.43653],[-79.8973,40.4363],[-79.89723,40.43609],[-79.89733,40.43606],[-79.89715,40.43559],[-79.89814,40.43533],[-79.89781,40.43447],[-79.89734,40.43373],[-79.89776,40.43357],[-79.89775,40.43349],[-79.89821,40.4333],[-79.89801,40.43302],[-79.89906,40.43258],[-79.89854,40.43184],[-79.89896,40.4317],[-79.89945,40.4319],[-79.89969,40.43189],[-79.89985,40.43178],[-79.8999,40.43149],[-79.90013,40.43123],[-79.90002,40.43113],[-79.90001,40.43125],[-79.89985,40.43148],[-79.89981,40.43174],[-79.8997,40.43184],[-79.89955,40.43187],[-79.89896,40.43166],[-79.8985,40.43181],[-79.89805,40.43123],[-79.89898,40.43079],[-79.89824,40.42972],[-79.89956,40.42918],[-79.89898,40.42857],[-79.89875,40.42867],[-79.89866,40.42862],[-79.89815,40.42792],[-79.89728,40.42767],[-79.89711,40.42773],[-79.89714,40.42761],[-79.89666,40.42752],[-79.89512,40.42819],[-79.89428,40.42703],[-79.8938,40.42693],[-79.89292,40.42823],[-79.89219,40.42795],[-79.89244,40.42736],[-79.8926,40.42713],[-79.89282,40.4269],[-79.89311,40.42669],[-79.89342,40.42654],[-79.89377,40.42644],[-79.8944,40.42633],[-79.89561,40.42622],[-79.90578,40.42567],[-79.90605,40.42604],[-79.90618,40.42635],[-79.90606,40.42677],[-79.90576,40.4274],[-79.90337,40.42784],[-79.90318,40.42793],[-79.9029,40.4282],[-79.90244,40.42846],[-79.90196,40.42856],[-79.90126,40.42853],[-79.90111,40.42864],[-79.90096,40.42905],[-79.901,40.42906],[-79.90117,40.42865],[-79.90126,40.42857],[-79.90197,40.42859],[-79.90246,40.42848],[-79.90293,40.42823],[-79.90329,40.42791],[-79.9038,40.42778],[-79.9056,40.42744],[-79.90569,40.42748],[-79.90579,40.42771],[-79.90593,40.42779],[-79.90649,40.42785],[-79.9068,40.42777],[-79.90704,40.42756],[-79.90724,40.42696],[-79.90748,40.42654],[-79.90759,40.42645],[-79.91179,40.42835],[-79.9153,40.42979],[-79.91525,40.42984],[-79.91516,40.42983],[-79.91411,40.42932],[-79.91368,40.42928],[-79.91369,40.42936],[-79.91396,40.42933],[-79.91419,40.42939],[-79.91522,40.4299],[-79.91514,40.43031],[-79.91508,40.43032],[-79.91453,40.43009],[-79.91435,40.42968],[-79.91426,40.42961],[-79.91383,40.42955],[-79.91285,40.42958],[-79.91277,40.42971],[-79.91294,40.43043],[-79.91304,40.43062],[-79.91218,40.43106],[-79.91118,40.43149],[-79.91103,40.43148],[-79.91029,40.43108],[-79.90874,40.43077],[-79.9087,40.43081],[-79.90904,40.43087],[-79.90904,40.43093],[-79.90825,40.4313],[-79.90783,40.43125],[-79.90753,40.43132],[-79.90755,40.43136],[-79.90787,40.43129],[-79.90823,40.43135],[-79.90902,40.43099],[-79.90937,40.43094],[-79.91033,40.43112],[-79.91101,40.4315],[-79.91115,40.43153],[-79.91227,40.43106],[-79.91339,40.43046],[-79.91411,40.43037],[-79.91512,40.43041],[-79.9151,40.4315],[-79.9141,40.43207],[-79.91401,40.43207],[-79.91401,40.43212],[-79.91316,40.43258],[-79.91285,40.43257],[-79.91285,40.43264],[-79.91307,40.43264],[-79.91213,40.43312],[-79.91164,40.43301],[-79.91142,40.43307],[-79.91133,40.43291],[-79.90934,40.43392],[-79.90969,40.43568],[-79.90917,40.43586],[-79.90886,40.43615],[-79.90875,40.43651],[-79.90881,40.43684],[-79.90904,40.43713],[-79.90932,40.4373],[-79.91138,40.43795],[-79.90546,40.43802],[-79.90484,40.43816],[-79.90213,40.43926],[-79.90177,40.43935],[-79.89777,40.43959],[-79.89766,40.43955]]],[[[-79.9142,40.41559],[-79.91464,40.41541],[-79.91508,40.41574],[-79.91428,40.41607],[-79.91372,40.41627],[-79.91326,40.41594],[-79.9142,40.41559]]],[[[-79.92124,40.41913],[-79.92112,40.41905],[-79.9214,40.41887],[-79.92152,40.41859],[-79.92149,40.41841],[-79.92127,40.41801],[-79.92116,40.41703],[-79.92123,40.41664],[-79.92159,40.41599],[-79.92172,40.41603],[-79.92204,40.41556],[-79.92254,40.41513],[-79.92261,40.41517],[-79.92236,40.41538],[-79.92268,40.41538],[-79.92293,40.41544],[-79.92266,40.41585],[-79.92331,40.41608],[-79.92318,40.41628],[-79.92206,40.41587],[-79.92182,40.41623],[-79.92235,40.41643],[-79.92216,40.4171],[-79.92256,40.41779],[-79.92236,40.41803],[-79.92287,40.41829],[-79.92265,40.41864],[-79.92255,40.4191],[-79.92201,40.41909],[-79.92214,40.42002],[-79.92209,40.42017],[-79.92181,40.42002],[-79.92138,40.41926],[-79.92124,40.41913]]],[[[-79.90004,40.42583],[-79.90066,40.42558],[-79.90063,40.42551],[-79.90083,40.4255],[-79.90088,40.4257],[-79.90225,40.42549],[-79.90161,40.42442],[-79.90438,40.42341],[-79.90481,40.42448],[-79.90567,40.42553],[-79.90004,40.42583]]],[[[-79.90915,40.42533],[-79.90853,40.42531],[-79.9057,40.42545],[-79.90485,40.42445],[-79.90447,40.42332],[-79.9052,40.42303],[-79.90703,40.42327],[-79.90708,40.42352],[-79.90712,40.42348],[-79.90738,40.42355],[-79.90753,40.42412],[-79.90761,40.42403],[-79.90624,40.41837],[-79.91148,40.41757],[-79.91277,40.41703],[-79.9139,40.41639],[-79.91527,40.41739],[-79.91556,40.41712],[-79.91566,40.4169],[-79.91578,40.41679],[-79.91601,40.41672],[-79.91615,40.41659],[-79.9166,40.41665],[-79.91712,40.41567],[-79.91718,40.41584],[-79.91712,40.41603],[-79.91712,40.41619],[-79.91788,40.41566],[-79.91864,40.41578],[-79.91899,40.41592],[-79.91939,40.41589],[-79.9196,40.4158],[-79.91976,40.41566],[-79.92016,40.415],[-79.92036,40.41476],[-79.92076,40.41451],[-79.92136,40.41433],[-79.92064,40.415],[-79.92047,40.41529],[-79.92036,40.41564],[-79.92018,40.41595],[-79.91993,40.41617],[-79.91958,40.41633],[-79.91926,40.4164],[-79.91836,40.41636],[-79.91819,40.41642],[-79.91794,40.41658],[-79.91753,40.41713],[-79.91767,40.41727],[-79.91768,40.41747],[-79.91781,40.41768],[-79.91734,40.41805],[-79.91661,40.4189],[-79.91602,40.41944],[-79.91484,40.42029],[-79.91444,40.42049],[-79.91359,40.42071],[-79.91296,40.4211],[-79.91197,40.42214],[-79.90965,40.42476],[-79.90988,40.42484],[-79.91159,40.42507],[-79.91157,40.42491],[-79.91192,40.42488],[-79.912,40.4252],[-79.91228,40.42574],[-79.90915,40.42533]]],[[[-79.90783,40.42567],[-79.90888,40.42566],[-79.90835,40.42583],[-79.9076,40.42626],[-79.90749,40.4257],[-79.90783,40.42567]]],[[[-79.91296,40.43037],[-79.91281,40.42968],[-79.91285,40.42961],[-79.91296,40.42959],[-79.91384,40.42958],[-79.91425,40.42964],[-79.91432,40.4297],[-79.91449,40.4301],[-79.91498,40.43031],[-79.91493,40.43035],[-79.91411,40.43034],[-79.91355,40.4304],[-79.91336,40.43044],[-79.91311,40.43055],[-79.91302,40.43052],[-79.91296,40.43037]]],[[[-79.90307,40.44636],[-79.89964,40.44523],[-79.89991,40.44475],[-79.8999,40.4447],[-79.90014,40.44433],[-79.89878,40.44385],[-79.89881,40.44386],[-79.89891,40.44349],[-79.89939,40.44235],[-79.89942,40.44182],[-79.8995,40.44153],[-79.89978,40.44127],[-79.89983,40.44114],[-79.90005,40.44118],[-79.90029,40.441],[-79.90026,40.44089],[-79.89992,40.44082],[-79.89997,40.44067],[-79.89992,40.44051],[-79.89968,40.44007],[-79.89958,40.43977],[-79.89951,40.43976],[-79.89952,40.43964],[-79.90148,40.43954],[-79.9019,40.43947],[-79.90195,40.43961],[-79.90147,40.43972],[-79.90134,40.43994],[-79.90064,40.44046],[-79.90071,40.44067],[-79.90097,40.44105],[-79.90173,40.44205],[-79.90189,40.44239],[-79.90208,40.44354],[-79.90195,40.44421],[-79.90196,40.44437],[-79.90205,40.44463],[-79.90268,40.44537],[-79.90381,40.44582],[-79.90375,40.44603],[-79.90337,40.44632],[-79.90321,40.44631],[-79.90307,40.44636]]]]},"properties":{"name":"FRICK PARK","municipality":"CITY OF PITTSBURGH","kind":"municipal_park"}},{"type":"Feature","geometry":{"type":"MultiPolygon","coordinates":[[[[-79.94225,40.38953],[-79.94138,40.38962],[-79.94145,40.38913],[-79.93994,40.38913],[-79.93992,40.38962],[-79.9388,40.38957],[-79.93882,40.38943],[-79.93636,40.3893],[-79.93628,40.38882],[-79.94215,40.3882],[-79.94396,40.38905],[-79.94458,40.39007],[-79.94384,40.39016],[-79.94354,40.39014],[-79.94327,40.39003],[-79.94261,40.38961],[-79.94225,40.38953]]],[[[-79.95614,40.40908],[-79.95665,40.40819],[-79.95656,40.40777],[-79.95625,40.40718],[-79.95592,40.4069],[-79.956,40.40663],[-79.95487,40.40684],[-79.95334,40.4032],[-79.95354,40.40315],[-79.95324,40.40248],[-79.95296,40.40263],[-79.95262,40.40218],[-79.95284,40.40168],[-79.95155,40.40004],[-79.95108,40.40026],[-79.95061,40.39968],[-79.95064,40.39964],[-79.94846,40.39781],[-79.94767,40.3972],[-79.9477,40.39718],[-79.9461,40.39603],[-79.94493,40.39548],[-79.94529,40.39501],[-79.94385,40.39436],[-79.93834,40.39301],[-79.93744,40.38998],[-79.93859,40.38997],[-79.93861,40.3897],[-79.94025,40.38978],[-79.9407,40.38974],[-79.94077,40.38978],[-79.94093,40.38977],[-79.94093,40.38972],[-79.9415,40.38976],[-79.94228,40.38967],[-79.94254,40.38973],[-79.94327,40.3902],[-79.94364,40.3903],[-79.94475,40.3902],[-79.94598,40.39032],[-79.94702,40.39018],[-79.94741,40.39019],[-79.94925,40.39071],[-79.94928,40.39138],[-79.94963,40.39137],[-79.94962,40.39087],[-79.94988,40.39092],[-79.95012,40.39089],[-79.95222,40.39029],[-79.95287,40.39022],[-79.954,40.39024],[-79.95428,40.39014],[-79.9545,40.38996],[-79.95472,40.3899],[-79.95776,40.38992],[-79.95814,40.39716],[-79.95848,40.39739],[-79.95889,40.39752],[-79.96107,40.39783],[-79.96264,40.39796],[-79.96349,40.39838],[-79.9639,40.39969],[-79.96359,40.39964],[-79.96236,40.40155],[-79.964,40.40213],[-79.96814,40.40133],[-79.96804,40.40394],[-79.97016,40.40456],[-79.97013,40.40465],[-79.96601,40.4072],[-79.96394,40.40872],[-79.96357,40.40879],[-79.96301,40.4079],[-79.96223,40.40816],[-79.9614,40.40811],[-79.96096,40.40757],[-79.96054,40.40778],[-79.96032,40.4077],[-79.96008,40.40875],[-79.95929,40.40872],[-79.95927,40.40905],[-79.95906,40.40905],[-79.95904,40.40974],[-79.95656,40.41027],[-79.95614,40.4102],[-79.95624,40.40937],[-79.95614,40.40908]]],[[[-79.94848,40.39562],[-79.94825,40.39557],[-79.9481,40.3959],[-79.94834,40.39594],[-79.94848,40.39562]]],[[[-79.95629,40.41075],[-79.95625,40.41059],[-79.95643,40.41065],[-79.95661,40.41064],[-79.95629,40.41075]]]]},"properties":{"name":"HAYS WOODS","municipality":"CITY OF PITTSBURGH","kind":"municipal_park"}},{"type":"Feature","geometry":{"type":"Polygon","coordinates":[[[-80.21509,40.56832],[-80.21475,40.56828],[-80.21458,40.56784],[-80.21438,40.56764],[-80.21442,40.56762],[-80.21489,40.56779],[-80.21544,40.56785],[-80.21567,40.5681],[-80.21521,40.56839],[-80.21509,40.56832]]]},"properties":{"name":"LYNN KOHLMEYER PARK","municipality":"LEETSDALE BOROUGH","kind":"municipal_park"}},{"type":"Feature","geometry":{"type":"Polygon","coordinates":[[[-79.73188,40.45352],[-79.7319,40.45309],[-79.73404,40.45372],[-79.73428,40.45399],[-79.73426,40.45434],[-79.73401,40.45459],[-79.73391,40.45456],[-79.73304,40.45415],[-79.73188,40.45352]]]},"properties":{"name":"PENN HALL FIELD","municipality":"MONROEVILLE MUNICIPALITY","kind":"municipal_park"}},{"type":"Feature","geometry":{"type":"Polygon","coordinates":[[[-80.16721,40.54012],[-80.16764,40.53992],[-80.16786,40.54001],[-80.16811,40.54028],[-80.16787,40.54039],[-80.16758,40.54042],[-80.16743,40.54037],[-80.16721,40.54012]]]},"properties":{"name":"WIFFLE BALL PARK","municipality":"SEWICKLEY BOROUGH","kind":"municipal_park"}},{"type":"Feature","geometry":{"type":"Polygon","coordinates":[[[-79.94431,40.40659],[-79.94465,40.40654],[-79.94468,40.40675],[-79.94436,40.40681],[-79.94431,40.40659]]]},"properties":{"name":"ELIZABETH STREET TOT LOT","municipality":"CITY OF PITTSBURGH","kind":"municipal_park"}},{"type":"Feature","geometry":{"type":"Polygon","coordinates":[[[-79.90841,40.46355],[-79.90853,40.46347],[-79.90876,40.46368],[-79.90802,40.46417],[-79.90779,40.46396],[-79.90841,40.46355]]]},"properties":{"name":"LARIMER ORCHARD","municipality":"CITY OF PITTSBURGH","kind":"municipal_park"}},{"type":"Feature","geometry":{"type":"Polygon","coordinates":[[[-79.91918,40.46374],[-79.91939,40.46383],[-79.9191,40.46422],[-79.91913,40.46465],[-79.91841,40.4642],[-79.91889,40.46404],[-79.91918,40.46374]]]},"properties":{"name":"LIBERTY GREEN PARK","municipality":"CITY OF PITTSBURGH","kind":"municipal_park"}},{"type":"Feature","geometry":{"type":"Polygon","coordinates":[[[-79.97437,40.48101],[-79.97457,40.4808],[-79.97472,40.48089],[-79.97453,40.48109],[-79.97437,40.48101]]]},"properties":{"name":"GAP PARK","municipality":"MILLVALE BOROUGH","kind":"municipal_park"}},{"type":"Feature","geometry":{"type":"Polygon","coordinates":[[[-79.93434,40.49509],[-79.93432,40.49493],[-79.93444,40.49493],[-79.93446,40.49509],[-79.93434,40.49509]]]},"properties":{"name":"CURLY PARK","municipality":"SHARPSBURG BOROUGH","kind":"municipal_park"}},{"type":"Feature","geometry":{"type":"Polygon","coordinates":[[[-79.9276,40.4933],[-79.9276,40.49316],[-79.92942,40.49324],[-79.92942,40.49348],[-79.92868,40.49352],[-79.92797,40.49349],[-79.92797,40.49331],[-79.9276,40.4933]]]},"properties":{"name":"JAMES SHARP LANDING","municipality":"SHARPSBURG BOROUGH","kind":"municipal_park"}},{"type":"Feature","geometry":{"type":"MultiPolygon","coordinates":[[[[-80.00506,40.44362],[-80.00568,40.44351],[-80.00298,40.44418],[-80.00294,40.44411],[-80.00506,40.44362]]],[[[-80.00249,40.44423],[-80.00262,40.4442],[-80.00266,40.44426],[-80.00108,40.44474],[-80.00104,40.44468],[-80.00249,40.44423]]],[[[-79.9999,40.44503],[-80.00076,40.44476],[-80.00077,40.44484],[-79.99925,40.44536],[-79.9992,40.44525],[-79.9999,40.44503]]],[[[-79.99885,40.44536],[-79.99892,40.44535],[-79.99895,40.44547],[-79.99839,40.44568],[-79.99859,40.44549],[-79.99885,40.44536]]]]},"properties":{"name":"ALLEGHENY RIVERFRONT PARK UPPER LEVEL","municipality":"CITY OF PITTSBURGH","kind":"municipal_park"}},{"type":"Feature","geometry":{"type":"Polygon","coordinates":[[[-79.93723,40.4684],[-79.93729,40.46815],[-79.93763,40.4682],[-79.93757,40.46845],[-79.93723,40.4684]]]},"properties":{"name":null,"municipality":"CITY OF PITTSBURGH","kind":"municipal_park"}},{"type":"Feature","geometry":{"type":"Polygon","coordinates":[[[-79.81037,40.37616],[-79.81229,40.37658],[-79.81177,40.37786],[-79.81141,40.37778],[-79.81119,40.3783],[-79.80963,40.3779],[-79.81037,40.37616]]]},"properties":{"name":"PARK TERRACE FIELD","municipality":"NORTH VERSAILLES TOWNSHIP","kind":"municipal_park"}},{"type":"Feature","geometry":{"type":"Polygon","coordinates":[[[-79.90338,40.48869],[-79.90316,40.48864],[-79.90272,40.48871],[-79.902,40.48873],[-79.90222,40.48828],[-79.90196,40.4882],[-79.90215,40.48779],[-79.90255,40.48786],[-79.90258,40.48775],[-79.90373,40.48797],[-79.90388,40.48789],[-79.90486,40.48815],[-79.90496,40.48876],[-79.90525,40.48924],[-79.90494,40.4894],[-79.90544,40.48977],[-79.90285,40.48902],[-79.90349,40.48889],[-79.90338,40.48869]]]},"properties":{"name":"ASPINWALL RIVERFRONT PARK","municipality":"ASPINWALL BOROUGH","kind":"municipal_park"}},{"type":"Feature","geometry":{"type":"Polygon","coordinates":[[[-79.94589,40.54022],[-79.94528,40.54023],[-79.94473,40.54037],[-79.94459,40.5403],[-79.94439,40.54006],[-79.94437,40.53967],[-79.9445,40.53967],[-79.94598,40.53843],[-79.9465,40.53866],[-79.94601,40.5395],[-79.94599,40.53971],[-79.94619,40.53972],[-79.9468,40.53997],[-79.94674,40.54037],[-79.94589,40.54022]]]},"properties":{"name":"STONERIDGE PARK","municipality":"SHALER TOWNSHIP","kind":"municipal_park"}},{"type":"Feature","geometry":{"type":"Polygon","coordinates":[[[-79.95536,40.46246],[-79.95545,40.46266],[-79.95396,40.46289],[-79.95406,40.46263],[-79.95464,40.4619],[-79.95499,40.46156],[-79.95536,40.46246]]]},"properties":{"name":"OFFICER PAUL J SCIULLO II MEMORIAL FIELD","municipality":"CITY OF PITTSBURGH","kind":"municipal_park"}},{"type":"Feature","geometry":{"type":"MultiPolygon","coordinates":[[[[-80.00141,40.41581],[-80.00135,40.41349],[-79.99802,40.41355],[-79.99806,40.41478],[-79.99788,40.41453],[-79.99767,40.41436],[-79.99741,40.41421],[-79.99715,40.41414],[-79.99717,40.41363],[-79.99729,40.41337],[-79.99745,40.41314],[-79.99819,40.41254],[-79.99897,40.41201],[-79.9994,40.41188],[-79.99976,40.41187],[-80.00142,40.4121],[-80.00204,40.41211],[-80.00522,40.41142],[-80.00567,40.41187],[-80.00568,40.41216],[-80.00581,40.41227],[-80.00595,40.41224],[-80.00657,40.41331],[-80.00689,40.41373],[-80.00651,40.41342],[-80.00612,40.41368],[-80.00571,40.41335],[-80.00572,40.41397],[-80.00376,40.414],[-80.0038,40.41576],[-80.00141,40.41581]]],[[[-79.99691,40.41184],[-79.99689,40.41148],[-79.99846,40.41149],[-79.99851,40.41105],[-79.99865,40.41105],[-79.99872,40.41048],[-80.00212,40.41083],[-80.00342,40.41052],[-80.00352,40.41041],[-80.00352,40.4103],[-80.00291,40.40926],[-80.00289,40.4087],[-80.00328,40.40865],[-80.00344,40.40906],[-80.00368,40.40945],[-80.00485,40.41102],[-80.00511,40.41129],[-80.00207,40.41196],[-80.00161,40.41197],[-79.99983,40.41174],[-79.99947,40.41173],[-79.99905,40.41182],[-79.99864,40.41201],[-79.99743,40.41295],[-79.99725,40.41312],[-79.99698,40.41356],[-79.99691,40.41184]]],[[[-79.99703,40.41452],[-79.99702,40.41426],[-79.9974,40.41436],[-79.99771,40.41457],[-79.99795,40.41496],[-79.99809,40.41557],[-79.99707,40.41559],[-79.99703,40.41452]]]]},"properties":{"name":"MCKINLEY PARK","municipality":"CITY OF PITTSBURGH","kind":"municipal_park"}},{"type":"Feature","geometry":{"type":"Polygon","coordinates":[[[-79.84978,40.41368],[-79.84992,40.41342],[-79.85012,40.41339],[-79.85024,40.41374],[-79.84985,40.41385],[-79.84978,40.41368]]]},"properties":{"name":"CLIFFWOOD PARK","municipality":"BRADDOCK HILLS BOROUGH","kind":"municipal_park"}},{"type":"Feature","geometry":{"type":"Polygon","coordinates":[[[-80.03756,40.41546],[-80.03584,40.41451],[-80.03648,40.41384],[-80.03689,40.41407],[-80.03766,40.41325],[-80.03895,40.414],[-80.04002,40.41288],[-80.04142,40.41427],[-80.04123,40.41446],[-80.04104,40.41435],[-80.0407,40.41448],[-80.04103,40.41468],[-80.04037,40.41535],[-80.03994,40.4151],[-80.03963,40.41542],[-80.03841,40.41454],[-80.03756,40.41546]]]},"properties":{"name":"BANKSVILLE PARK","municipality":"CITY OF PITTSBURGH","kind":"municipal_park"}},{"type":"Feature","geometry":{"type":"Polygon","coordinates":[[[-80.07197,40.33416],[-80.07285,40.33373],[-80.07298,40.33393],[-80.07362,40.3334],[-80.07571,40.3349],[-80.07467,40.33607],[-80.07365,40.33549],[-80.073,40.33502],[-80.07197,40.33416]]]},"properties":{"name":"UPPER ST CLAIR MUNICIPAL PARK","municipality":"UPPER SAINT CLAIR MUNICIPALITY","kind":"municipal_park"}},{"type":"Feature","geometry":{"type":"Polygon","coordinates":[[[-80.02903,40.32947],[-80.0286,40.32949],[-80.02862,40.33038],[-80.02729,40.33045],[-80.02689,40.33058],[-80.0268,40.32927],[-80.02774,40.32912],[-80.02826,40.32896],[-80.02827,40.32929],[-80.02902,40.32925],[-80.02903,40.32947]]]},"properties":{"name":"PARK AVENUE FIELDS","municipality":"BETHEL PARK MUNICIPALITY","kind":"municipal_park"}},{"type":"Feature","geometry":{"type":"Polygon","coordinates":[[[-79.82297,40.27043],[-79.82328,40.26999],[-79.82486,40.27068],[-79.82381,40.27171],[-79.82298,40.27118],[-79.82297,40.27043]]]},"properties":{"name":"MUNICIPAL BALL FIELD","municipality":"ELIZABETH TOWNSHIP","kind":"municipal_park"}},{"type":"Feature","geometry":{"type":"Polygon","coordinates":[[[-79.79958,40.24661],[-79.80133,40.24709],[-79.80092,40.24787],[-79.79926,40.24745],[-79.79958,40.24661]]]},"properties":{"name":"BLYTHEDALE BALLFIELD","municipality":"ELIZABETH TOWNSHIP","kind":"municipal_park"}},{"type":"Feature","geometry":{"type":"Polygon","coordinates":[[[-79.87803,40.37617],[-79.87796,40.37614],[-79.87731,40.37631],[-79.8773,40.37626],[-79.8794,40.37561],[-79.87957,40.37711],[-79.87803,40.37617]]]},"properties":{"name":"CASTLE DRIVE PLAYGROUND","municipality":"WEST MIFFLIN BOROUGH","kind":"municipal_park"}},{"type":"Feature","geometry":{"type":"Polygon","coordinates":[[[-79.89524,40.51811],[-79.89435,40.51726],[-79.89412,40.51691],[-79.89389,40.5164],[-79.89373,40.51596],[-79.89364,40.51551],[-79.89358,40.51394],[-79.89352,40.51357],[-79.89313,40.51251],[-79.89284,40.51196],[-79.89259,40.51168],[-79.89348,40.51062],[-79.895,40.51064],[-79.89499,40.51034],[-79.89559,40.5101],[-79.89581,40.51016],[-79.89623,40.51054],[-79.897,40.51095],[-79.89772,40.51108],[-79.89898,40.51141],[-79.89987,40.51148],[-79.89997,40.51181],[-79.89672,40.5113],[-79.89453,40.5117],[-79.8948,40.51527],[-79.8954,40.51629],[-79.89565,40.51653],[-79.89794,40.51757],[-79.90003,40.51742],[-79.90013,40.51797],[-79.90297,40.51789],[-79.9031,40.5202],[-79.90381,40.52077],[-79.90386,40.52123],[-79.90497,40.52214],[-79.90498,40.52232],[-79.90513,40.52261],[-79.90552,40.52296],[-79.90617,40.52408],[-79.90573,40.52413],[-79.9053,40.52405],[-79.90424,40.52344],[-79.90348,40.52274],[-79.90291,40.52182],[-79.9025,40.5213],[-79.90216,40.52099],[-79.90176,40.52072],[-79.90104,40.52043],[-79.9,40.52021],[-79.8996,40.52008],[-79.89788,40.51909],[-79.89732,40.51892],[-79.89596,40.51863],[-79.89565,40.51846],[-79.89524,40.51811]]]},"properties":{"name":"TRILLIUM TRAIL ","municipality":"FOX CHAPEL BOROUGH","kind":"municipal_park"}},{"type":"Feature","geometry":{"type":"Polygon","coordinates":[[[-80.09616,40.39319],[-80.09638,40.39408],[-80.09529,40.39432],[-80.09505,40.39335],[-80.09616,40.39319]]]},"properties":{"name":"HEIDELBERG PARK","municipality":"HOMESTEAD BOROUGH","kind":"municipal_park"}},{"type":"Feature","geometry":{"type":"Polygon","coordinates":[[[-79.72451,40.40983],[-79.7249,40.4096],[-79.72538,40.40949],[-79.72799,40.40956],[-79.72813,40.40995],[-79.72877,40.41074],[-79.72798,40.41151],[-79.72778,40.41132],[-79.72692,40.41096],[-79.72586,40.41038],[-79.72505,40.4101],[-79.72451,40.40983]]]},"properties":{"name":"BEL AIRE PARK","municipality":"MONROEVILLE MUNICIPALITY","kind":"municipal_park"}},{"type":"Feature","geometry":{"type":"Polygon","coordinates":[[[-79.7266,40.49727],[-79.72805,40.49662],[-79.72894,40.49773],[-79.72743,40.49853],[-79.72709,40.49834],[-79.72726,40.49825],[-79.72653,40.4973],[-79.7266,40.49727]]]},"properties":{"name":"RENTON BALLFIELD","municipality":"PLUM BOROUGH","kind":"municipal_park"}},{"type":"Feature","geometry":{"type":"Polygon","coordinates":[[[-79.96246,40.49316],[-79.95836,40.49328],[-79.9581,40.49272],[-79.96164,40.49154],[-79.96246,40.49316]]]},"properties":{"name":"NEWLAND FIELD","municipality":"SHALER TOWNSHIP","kind":"municipal_park"}},{"type":"Feature","geometry":{"type":"Polygon","coordinates":[[[-79.9779,40.49834],[-79.97785,40.49826],[-79.97835,40.49831],[-79.97842,40.49841],[-79.97804,40.49859],[-79.97787,40.49835],[-79.9779,40.49834]]]},"properties":{"name":"GALLY PARK","municipality":"SHALER TOWNSHIP","kind":"municipal_park"}},{"type":"Feature","geometry":{"type":"Polygon","coordinates":[[[-79.96552,40.52444],[-79.96549,40.52405],[-79.96562,40.5237],[-79.96398,40.52376],[-79.96411,40.52356],[-79.9653,40.52277],[-79.96526,40.52212],[-79.96473,40.52138],[-79.96572,40.52102],[-79.96574,40.52105],[-79.96658,40.5207],[-79.96692,40.52067],[-79.96724,40.52075],[-79.96758,40.52102],[-79.96802,40.5218],[-79.96796,40.52201],[-79.96807,40.52239],[-79.96864,40.52289],[-79.96867,40.52314],[-79.96877,40.52314],[-79.9687,40.52347],[-79.96882,40.52404],[-79.96879,40.5243],[-79.9685,40.52447],[-79.96761,40.52449],[-79.96761,40.52412],[-79.96568,40.52415],[-79.96565,40.52456],[-79.96548,40.52458],[-79.96552,40.52444]]]},"properties":{"name":"KIWANIS PARK","municipality":"SHALER TOWNSHIP","kind":"municipal_park"}},{"type":"Feature","geometry":{"type":"Polygon","coordinates":[[[-79.95548,40.53009],[-79.95533,40.5297],[-79.9553,40.52944],[-79.95551,40.52932],[-79.9561,40.52924],[-79.95614,40.52935],[-79.95671,40.52931],[-79.95672,40.5295],[-79.95685,40.5295],[-79.95688,40.5298],[-79.95658,40.53028],[-79.95608,40.53015],[-79.95548,40.53009]]]},"properties":{"name":"GLENSHAW FIELD","municipality":"SHALER TOWNSHIP","kind":"municipal_park"}},{"type":"Feature","geometry":{"type":"Polygon","coordinates":[[[-80.21837,40.58185],[-80.21693,40.58135],[-80.21696,40.58116],[-80.21865,40.58168],[-80.21883,40.58063],[-80.219,40.58064],[-80.21925,40.58135],[-80.21921,40.58173],[-80.21905,40.58185],[-80.21837,40.58185]]]},"properties":{"name":"PLUM STREET PARK","municipality":"LEET TOWNSHIP","kind":"municipal_park"}},{"type":"Feature","geometry":{"type":"Polygon","coordinates":[[[-79.89206,40.52395],[-79.89246,40.52297],[-79.89442,40.52292],[-79.89443,40.52274],[-79.89536,40.52272],[-79.89571,40.52344],[-79.89577,40.52371],[-79.89634,40.5237],[-79.89643,40.5252],[-79.89756,40.52518],[-79.89775,40.52529],[-79.89837,40.52551],[-79.89913,40.52553],[-79.8992,40.5265],[-79.8978,40.52654],[-79.89787,40.5275],[-79.8952,40.5276],[-79.89166,40.52447],[-79.89188,40.52424],[-79.89206,40.52395]]]},"properties":{"name":"RIDING MEADOW PARK","municipality":"FOX CHAPEL BOROUGH","kind":"municipal_park"}},{"type":"Feature","geometry":{"type":"Polygon","coordinates":[[[-80.07814,40.40013],[-80.07823,40.39968],[-80.07966,40.39987],[-80.07804,40.40285],[-80.07788,40.40276],[-80.07799,40.40257],[-80.07811,40.40058],[-80.0783,40.40025],[-80.07814,40.40013]]]},"properties":{"name":"CHIODO FIELDS","municipality":"CARNEGIE BOROUGH","kind":"municipal_park"}},{"type":"Feature","geometry":{"type":"Polygon","coordinates":[[[-80.16038,40.52063],[-80.16084,40.51989],[-80.16211,40.52037],[-80.16143,40.52127],[-80.16038,40.52063]]]},"properties":{"name":"SHELLY Y JONES PARK","municipality":"CORAOPOLIS BOROUGH","kind":"municipal_park"}},{"type":"Feature","geometry":{"type":"Polygon","coordinates":[[[-80.07435,40.43972],[-80.07391,40.43969],[-80.0736,40.43973],[-80.07363,40.43964],[-80.07314,40.43955],[-80.07311,40.43918],[-80.07322,40.43912],[-80.07329,40.43899],[-80.07331,40.4385],[-80.0722,40.4383],[-80.07252,40.43729],[-80.07322,40.43742],[-80.07335,40.43701],[-80.0751,40.43692],[-80.07528,40.43693],[-80.07574,40.43726],[-80.07558,40.43777],[-80.07523,40.43771],[-80.07507,40.43821],[-80.07472,40.43815],[-80.07441,40.43919],[-80.07435,40.43972]]]},"properties":{"name":"CRAFTON PARK","municipality":"CRAFTON BOROUGH","kind":"municipal_park"}},{"type":"Feature","geometry":{"type":"Polygon","coordinates":[[[-79.74386,40.41285],[-79.74269,40.41202],[-79.74151,40.41127],[-79.74091,40.41184],[-79.73966,40.41109],[-79.74042,40.41034],[-79.73938,40.40969],[-79.73798,40.411],[-79.7376,40.41057],[-79.73764,40.41014],[-79.73743,40.40948],[-79.73774,40.40857],[-79.74067,40.40913],[-79.74101,40.40981],[-79.7433,40.40874],[-79.74154,40.40766],[-79.7425,40.40692],[-79.74332,40.40754],[-79.74431,40.40788],[-79.74477,40.4083],[-79.74524,40.40844],[-79.74531,40.40808],[-79.74545,40.40809],[-79.74538,40.40848],[-79.74599,40.40865],[-79.74685,40.40874],[-79.74767,40.41024],[-79.7489,40.41165],[-79.74881,40.41172],[-79.74617,40.41032],[-79.74586,40.41065],[-79.746,40.41114],[-79.74543,40.41122],[-79.74565,40.41207],[-79.74565,40.41233],[-79.74577,40.41251],[-79.74597,40.41263],[-79.74631,40.41268],[-79.7464,40.41267],[-79.74645,40.4126],[-79.74691,40.41281],[-79.74679,40.41294],[-79.74676,40.41314],[-79.74679,40.41336],[-79.74688,40.41357],[-79.7472,40.414],[-79.74783,40.41442],[-79.74843,40.41519],[-79.74865,40.41534],[-79.74892,40.41545],[-79.74872,40.41588],[-79.74695,40.41523],[-79.74713,40.41511],[-79.74448,40.41409],[-79.74452,40.4136],[-79.74374,40.41298],[-79.74386,40.41285]]]},"properties":{"name":"BEECHWOOD PARK","municipality":"MONROEVILLE MUNICIPALITY","kind":"municipal_park"}},{"type":"Feature","geometry":{"type":"Polygon","coordinates":[[[-80.09378,40.39562],[-80.09459,40.39559],[-80.09461,40.39587],[-80.0938,40.3959],[-80.09378,40.39562]]]},"properties":{"name":"SAMPSON PARK","municipality":"SCOTT TOWNSHIP","kind":"municipal_park"}},{"type":"Feature","geometry":{"type":"Polygon","coordinates":[[[-80.08719,40.36506],[-80.08757,40.36415],[-80.08989,40.36464],[-80.08987,40.36478],[-80.08912,40.36462],[-80.08859,40.36518],[-80.08719,40.36506]]]},"properties":{"name":"SPINNER FIELD","municipality":"SCOTT TOWNSHIP","kind":"municipal_park"}},{"type":"Feature","geometry":{"type":"Polygon","coordinates":[[[-79.84433,40.50548],[-79.84451,40.50384],[-79.84462,40.50385],[-79.84462,40.50415],[-79.8447,40.5046],[-79.84472,40.50549],[-79.84433,40.50548]]]},"properties":{"name":"RAILROAD PARK","municipality":"VERONA BOROUGH","kind":"municipal_park"}},{"type":"Feature","geometry":{"type":"Polygon","coordinates":[[[-79.82056,40.35565],[-79.82097,40.35533],[-79.82136,40.35563],[-79.82094,40.35594],[-79.82056,40.35565]]]},"properties":{"name":"LARRY E BISHOP MEMORIAL PLAYGROUND","municipality":"WHITE OAK BOROUGH","kind":"municipal_park"}},{"type":"Feature","geometry":{"type":"Polygon","coordinates":[[[-79.93112,40.58551],[-79.93224,40.58527],[-79.93238,40.58506],[-79.93234,40.58481],[-79.93238,40.58457],[-79.93248,40.58441],[-79.93276,40.58414],[-79.93304,40.58366],[-79.93332,40.5835],[-79.93374,40.58344],[-79.93447,40.58347],[-79.93446,40.58326],[-79.93508,40.5832],[-79.9355,40.58302],[-79.93558,40.58278],[-79.93537,40.58157],[-79.93597,40.58175],[-79.93641,40.58178],[-79.93808,40.58144],[-79.93851,40.58848],[-79.93122,40.58861],[-79.93112,40.58551]]]},"properties":{"name":"HAMPTON TOWNSHIP COMMUNITY PARK","municipality":"HAMPTON TOWNSHIP","kind":"municipal_park"}},{"type":"Feature","geometry":{"type":"Polygon","coordinates":[[[-80.09651,40.4066],[-80.09757,40.40577],[-80.09798,40.40628],[-80.09873,40.40679],[-80.09879,40.40712],[-80.09867,40.40728],[-80.09848,40.40735],[-80.09642,40.40741],[-80.09607,40.40693],[-80.09651,40.4066]]]},"properties":{"name":"SEVENTH AVENUE PARK","municipality":"CARNEGIE BOROUGH","kind":"municipal_park"}},{"type":"Feature","geometry":{"type":"Polygon","coordinates":[[[-79.98491,40.47366],[-79.98565,40.4734],[-79.98569,40.47429],[-79.98499,40.47431],[-79.98499,40.47404],[-79.98509,40.47401],[-79.98491,40.47366]]]},"properties":{"name":"PROM PARK","municipality":"RESERVE TOWNSHIP","kind":"municipal_park"}},{"type":"Feature","geometry":{"type":"Polygon","coordinates":[[[-80.06178,40.4733],[-80.06181,40.47329],[-80.06197,40.47351],[-80.06172,40.47375],[-80.06147,40.47341],[-80.06178,40.4733]]]},"properties":{"name":"HARRIET STREET PARK","municipality":"MCKEES ROCKS BOROUGH","kind":"municipal_park"}},{"type":"Feature","geometry":{"type":"Polygon","coordinates":[[[-80.0054,40.51647],[-80.00709,40.51636],[-80.00696,40.51605],[-80.00721,40.51561],[-80.00778,40.5157],[-80.00872,40.51625],[-80.00893,40.51625],[-80.00901,40.51619],[-80.0092,40.51627],[-80.00954,40.5181],[-80.00654,40.51814],[-80.00657,40.51786],[-80.00616,40.51732],[-80.00617,40.51675],[-80.00548,40.51672],[-80.0054,40.51647]]]},"properties":{"name":"ROSS MUNICIPAL CENTER PARK - JOHN HERB FIELD","municipality":"ROSS TOWNSHIP","kind":"municipal_park"}},{"type":"Feature","geometry":{"type":"Polygon","coordinates":[[[-80.12676,40.51104],[-80.12682,40.51076],[-80.1272,40.51088],[-80.12706,40.51113],[-80.12676,40.51104]]]},"properties":{"name":"MAYERNIK PARK","municipality":"NEVILLE TOWNSHIP","kind":"municipal_park"}},{"type":"Feature","geometry":{"type":"Polygon","coordinates":[[[-80.12841,40.51354],[-80.12848,40.51197],[-80.12893,40.5121],[-80.12901,40.51182],[-80.12993,40.51173],[-80.13038,40.51185],[-80.12994,40.5139],[-80.12841,40.51354]],[[-80.12887,40.51301],[-80.12912,40.51304],[-80.12919,40.51272],[-80.12894,40.5127],[-80.12887,40.51301]]]},"properties":{"name":"NEVILLE WAR MEMORIAL PARK","municipality":"NEVILLE TOWNSHIP","kind":"municipal_park"}},{"type":"Feature","geometry":{"type":"Polygon","coordinates":[[[-80.24454,40.45386],[-80.24506,40.45372],[-80.24511,40.45378],[-80.24572,40.45359],[-80.24721,40.455],[-80.2475,40.4552],[-80.24603,40.45652],[-80.24423,40.45394],[-80.24454,40.45386]]]},"properties":{"name":"ELM STREET PARK","municipality":"FINDLAY TOWNSHIP","kind":"municipal_park"}},{"type":"Feature","geometry":{"type":"Polygon","coordinates":[[[-79.85539,40.30726],[-79.85659,40.30727],[-79.85645,40.30809],[-79.8555,40.30801],[-79.85521,40.30759],[-79.85521,40.30726],[-79.85539,40.30726]]]},"properties":{"name":"BREZNAY MEMORIAL FIELD","municipality":"LINCOLN BOROUGH","kind":"municipal_park"}},{"type":"Feature","geometry":{"type":"Polygon","coordinates":[[[-80.00279,40.44772],[-80.00268,40.4474],[-80.00204,40.44749],[-80.00195,40.4472],[-80.00359,40.4467],[-80.00374,40.44714],[-80.00324,40.44723],[-80.00317,40.44733],[-80.00327,40.44763],[-80.00279,40.44772]]]},"properties":{"name":"ALLEGHENY LANDING PARK","municipality":"CITY OF PITTSBURGH","kind":"municipal_park"}},{"type":"Feature","geometry":{"type":"Polygon","coordinates":[[[-79.98714,40.5157],[-79.98699,40.51449],[-79.98767,40.51448],[-79.98781,40.5157],[-79.98881,40.5157],[-79.98888,40.51621],[-79.98719,40.51625],[-79.98714,40.5157]]]},"properties":{"name":"ROSECLIFF PARK","municipality":"ROSS TOWNSHIP","kind":"municipal_park"}},{"type":"Feature","geometry":{"type":"Polygon","coordinates":[[[-80.01024,40.54824],[-80.0091,40.54821],[-80.00929,40.54756],[-80.00972,40.54762],[-80.01,40.54776],[-80.0104,40.54809],[-80.01088,40.54821],[-80.01088,40.54826],[-80.01024,40.54824]]]},"properties":{"name":"JOHNANNA FIELD","municipality":"ROSS TOWNSHIP","kind":"municipal_park"}},{"type":"Feature","geometry":{"type":"Polygon","coordinates":[[[-79.88374,40.46511],[-79.88431,40.4651],[-79.88433,40.46582],[-79.88369,40.46583],[-79.88369,40.46557],[-79.88375,40.46549],[-79.88374,40.46511]]]},"properties":{"name":"ROSS STREET PARK","municipality":"PENN HILLS MUNICIPALITY","kind":"municipal_park"}},{"type":"Feature","geometry":{"type":"Polygon","coordinates":[[[-79.78413,40.49446],[-79.78481,40.49378],[-79.7848,40.49365],[-79.78494,40.4933],[-79.7851,40.49332],[-79.78524,40.49388],[-79.78547,40.4943],[-79.78523,40.49466],[-79.78499,40.49466],[-79.78499,40.49459],[-79.78413,40.49446]]]},"properties":{"name":"BESSEMER FIELD","municipality":"PENN HILLS MUNICIPALITY","kind":"municipal_park"}},{"type":"Feature","geometry":{"type":"Polygon","coordinates":[[[-79.92471,40.50132],[-79.92488,40.50202],[-79.92462,40.50134],[-79.92471,40.50132]]]},"properties":{"name":"SLIM JIM PARKLET","municipality":"OHARA TOWNSHIP","kind":"municipal_park"}},{"type":"Feature","geometry":{"type":"Polygon","coordinates":[[[-79.97398,40.42877],[-79.97448,40.42885],[-79.97437,40.43013],[-79.97372,40.43009],[-79.97366,40.42959],[-79.97373,40.42875],[-79.97398,40.42877]]]},"properties":{"name":"ORMSBY PARK","municipality":"CITY OF PITTSBURGH","kind":"municipal_park"}},{"type":"Feature","geometry":{"type":"MultiPolygon","coordinates":[[[[-79.90838,40.37004],[-79.9084,40.37008],[-79.90825,40.37013],[-79.90842,40.3705],[-79.90344,40.3719],[-79.9026,40.37017],[-79.90333,40.36997],[-79.90352,40.37018],[-79.90385,40.37036],[-79.90418,40.37049],[-79.90439,40.3705],[-79.90496,40.3704],[-79.90568,40.3704],[-79.90672,40.3701],[-79.90721,40.37013],[-79.90723,40.37021],[-79.90764,40.3702],[-79.90771,40.37032],[-79.90813,40.3702],[-79.90816,40.3701],[-79.90838,40.37004]]],[[[-79.90835,40.36999],[-79.90765,40.37011],[-79.90663,40.37007],[-79.90566,40.37035],[-79.90504,40.37035],[-79.90426,40.37047],[-79.90358,40.37018],[-79.90337,40.36995],[-79.90777,40.36871],[-79.90837,40.36995],[-79.90835,40.36999]]]]},"properties":{"name":"MCBRIDE PARK","municipality":"CITY OF PITTSBURGH","kind":"municipal_park"}},{"type":"Feature","geometry":{"type":"Polygon","coordinates":[[[-80.12859,40.45078],[-80.12842,40.45073],[-80.12828,40.451],[-80.12813,40.45092],[-80.12884,40.44948],[-80.12929,40.44919],[-80.12912,40.44903],[-80.12923,40.44887],[-80.12807,40.44841],[-80.12826,40.44811],[-80.1271,40.4477],[-80.12712,40.44721],[-80.13052,40.44638],[-80.12919,40.44452],[-80.13052,40.44428],[-80.1318,40.44415],[-80.13172,40.44472],[-80.13172,40.44606],[-80.1319,40.44637],[-80.13202,40.44678],[-80.13329,40.44785],[-80.13389,40.44801],[-80.13411,40.44836],[-80.13414,40.44854],[-80.1335,40.44902],[-80.1326,40.44919],[-80.13192,40.44904],[-80.13177,40.45033],[-80.12965,40.45011],[-80.12946,40.45128],[-80.12894,40.4512],[-80.12845,40.45105],[-80.12859,40.45078]]]},"properties":{"name":"BURKETT PARK","municipality":"ROBINSON TOWNSHIP","kind":"municipal_park"}},{"type":"Feature","geometry":{"type":"MultiPolygon","coordinates":[[[[-79.90316,40.53835],[-79.90349,40.53829],[-79.90302,40.53833],[-79.90302,40.53825],[-79.90282,40.53806],[-79.90239,40.53803],[-79.90214,40.53785],[-79.90209,40.53808],[-79.90168,40.53788],[-79.90122,40.5375],[-79.90092,40.53745],[-79.90087,40.53717],[-79.90101,40.53695],[-79.89983,40.53654],[-79.89948,40.53651],[-79.89943,40.53605],[-79.89927,40.53564],[-79.89889,40.53522],[-79.89869,40.53479],[-79.89863,40.53441],[-79.89756,40.53439],[-79.89678,40.53465],[-79.897,40.53403],[-79.89569,40.53303],[-79.89644,40.53227],[-79.89714,40.53124],[-79.89758,40.53137],[-79.89792,40.53165],[-79.89769,40.53212],[-79.89827,40.53283],[-79.89838,40.53254],[-79.89934,40.53323],[-79.90015,40.53354],[-79.89986,40.53389],[-79.89975,40.53511],[-79.90037,40.53593],[-79.9013,40.53645],[-79.903,40.53647],[-79.903,40.53731],[-79.90389,40.53729],[-79.90403,40.5371],[-79.90442,40.53725],[-79.90481,40.53729],[-79.90483,40.53771],[-79.90396,40.53773],[-79.90403,40.53952],[-79.90364,40.53944],[-79.90348,40.53905],[-79.90316,40.53845],[-79.90316,40.53835]]],[[[-79.88962,40.53597],[-79.89055,40.53506],[-79.89153,40.53505],[-79.89149,40.53383],[-79.89236,40.53343],[-79.89261,40.5346],[-79.89232,40.53477],[-79.8919,40.53511],[-79.89133,40.53606],[-79.88962,40.53597]]]]},"properties":{"name":"HIDDEN FALLS TRAIL","municipality":"FOX CHAPEL BOROUGH","kind":"municipal_park"}},{"type":"Feature","geometry":{"type":"MultiPolygon","coordinates":[[[[-79.90342,40.52527],[-79.90337,40.52428],[-79.90187,40.52435],[-79.90228,40.5253],[-79.90194,40.52539],[-79.90156,40.52562],[-79.9014,40.52563],[-79.90123,40.52557],[-79.90139,40.52535],[-79.90042,40.52445],[-79.90009,40.5237],[-79.90071,40.52314],[-79.90062,40.52252],[-79.90028,40.52227],[-79.89865,40.52196],[-79.8989,40.5213],[-79.89873,40.52102],[-79.89844,40.52072],[-79.89835,40.52012],[-79.89793,40.51982],[-79.8969,40.51962],[-79.89652,40.51979],[-79.89631,40.52044],[-79.89643,40.52105],[-79.89629,40.52132],[-79.89631,40.52176],[-79.89656,40.52182],[-79.89695,40.5221],[-79.89732,40.52243],[-79.89739,40.52268],[-79.89443,40.52274],[-79.89451,40.52176],[-79.8945,40.52113],[-79.89472,40.51812],[-79.89206,40.51819],[-79.8915,40.51892],[-79.89119,40.51913],[-79.89083,40.5188],[-79.89147,40.51806],[-79.89237,40.51737],[-79.8931,40.51704],[-79.89379,40.51702],[-79.89412,40.51716],[-79.89471,40.51777],[-79.89551,40.51848],[-79.89581,40.51867],[-79.89613,40.51878],[-79.89722,40.51899],[-79.89781,40.51916],[-79.89959,40.52018],[-79.89997,40.5203],[-79.90097,40.5205],[-79.9016,40.52075],[-79.90207,40.52105],[-79.90248,40.52144],[-79.90281,40.52186],[-79.90332,40.52271],[-79.90355,40.52298],[-79.90416,40.5235],[-79.90509,40.52408],[-79.90522,40.52423],[-79.90523,40.52442],[-79.90455,40.52593],[-79.9043,40.52676],[-79.90405,40.52711],[-79.90397,40.52711],[-79.90395,40.52704],[-79.90405,40.52678],[-79.90404,40.52662],[-79.90397,40.52649],[-79.90372,40.52629],[-79.90342,40.52527]]],[[[-79.90338,40.52739],[-79.90349,40.52638],[-79.90345,40.52638],[-79.90345,40.52602],[-79.90357,40.52637],[-79.90386,40.52663],[-79.90388,40.52676],[-79.90377,40.52704],[-79.90388,40.52729],[-79.90364,40.52775],[-79.90349,40.52739],[-79.90338,40.52739]]]]},"properties":{"name":"LOCKHART PARK","municipality":"FOX CHAPEL BOROUGH","kind":"municipal_park"}},{"type":"Feature","geometry":{"type":"MultiPolygon","coordinates":[[[[-79.90939,40.52873],[-79.90943,40.52825],[-79.90934,40.528],[-79.90915,40.52781],[-79.90873,40.52752],[-79.90853,40.5273],[-79.90815,40.52667],[-79.90742,40.52613],[-79.90727,40.52589],[-79.9072,40.52547],[-79.90702,40.52529],[-79.90801,40.5251],[-79.90802,40.52517],[-79.90791,40.52533],[-79.90802,40.52545],[-79.90832,40.5254],[-79.90966,40.52543],[-79.90976,40.52599],[-79.90887,40.52609],[-79.90871,40.5263],[-79.90895,40.52686],[-79.9091,40.5271],[-79.90932,40.52724],[-79.90954,40.52722],[-79.91018,40.52767],[-79.91069,40.52783],[-79.91108,40.52761],[-79.91115,40.52768],[-79.91041,40.52816],[-79.91062,40.52849],[-79.91083,40.52866],[-79.91077,40.52871],[-79.91052,40.52862],[-79.91024,40.52836],[-79.91,40.52842],[-79.90976,40.52931],[-79.90971,40.5299],[-79.90975,40.5304],[-79.90967,40.53047],[-79.90948,40.53047],[-79.9094,40.5303],[-79.90935,40.52994],[-79.90939,40.52873]]],[[[-79.90607,40.52499],[-79.90529,40.52497],[-79.90521,40.52492],[-79.90522,40.52485],[-79.90538,40.52451],[-79.9055,40.5244],[-79.9064,40.52411],[-79.90666,40.52515],[-79.90632,40.52502],[-79.90607,40.52499]]],[[[-79.90617,40.52542],[-79.90536,40.52506],[-79.9062,40.52508],[-79.90669,40.52527],[-79.90671,40.52535],[-79.90684,40.52531],[-79.90701,40.52539],[-79.90709,40.52549],[-79.90716,40.5259],[-79.90726,40.52608],[-79.90747,40.5263],[-79.90811,40.52677],[-79.90833,40.52721],[-79.90865,40.52757],[-79.90662,40.52626],[-79.90654,40.52559],[-79.90617,40.52542]]],[[[-79.90954,40.53059],[-79.90974,40.53054],[-79.90966,40.53081],[-79.90952,40.53082],[-79.90948,40.53065],[-79.90954,40.53059]]]]},"properties":{"name":"HIL N DALE PARK","municipality":"FOX CHAPEL BOROUGH","kind":"municipal_park"}},{"type":"Feature","geometry":{"type":"Polygon","coordinates":[[[-79.88713,40.49976],[-79.88492,40.49962],[-79.88507,40.50003],[-79.88557,40.50081],[-79.8853,40.50142],[-79.8853,40.50155],[-79.88439,40.50157],[-79.88463,40.50088],[-79.88344,40.50076],[-79.88368,40.49949],[-79.88378,40.49934],[-79.88394,40.49922],[-79.88508,40.49894],[-79.88536,40.49893],[-79.88597,40.49901],[-79.88745,40.49872],[-79.88896,40.49818],[-79.89011,40.49755],[-79.89014,40.49813],[-79.88937,40.49834],[-79.88816,40.49892],[-79.88759,40.49929],[-79.88719,40.49977],[-79.88745,40.50026],[-79.88836,40.50028],[-79.88855,40.50127],[-79.88866,40.5014],[-79.88936,40.50188],[-79.88937,40.50201],[-79.88921,40.5021],[-79.88882,40.50208],[-79.88781,40.50165],[-79.8881,40.50137],[-79.88751,40.50061],[-79.88713,40.49976]]]},"properties":{"name":"FAY PARK","municipality":"FOX CHAPEL BOROUGH","kind":"municipal_park"}},{"type":"Feature","geometry":{"type":"MultiPolygon","coordinates":[[[[-79.88491,40.50766],[-79.88368,40.5065],[-79.88347,40.50735],[-79.88229,40.50718],[-79.88242,40.50652],[-79.8832,40.50545],[-79.88378,40.50424],[-79.88381,40.50466],[-79.88391,40.50496],[-79.88473,40.50608],[-79.88504,40.50637],[-79.88599,40.50708],[-79.88627,40.5072],[-79.88717,40.50746],[-79.88754,40.50767],[-79.88777,40.50796],[-79.88811,40.50894],[-79.88774,40.50936],[-79.88746,40.51017],[-79.88735,40.51026],[-79.88726,40.51027],[-79.88721,40.51021],[-79.88754,40.5093],[-79.88767,40.50857],[-79.88722,40.50836],[-79.88549,40.50821],[-79.88491,40.50766]]],[[[-79.88243,40.50034],[-79.88209,40.49969],[-79.88141,40.49999],[-79.88114,40.49935],[-79.88354,40.4992],[-79.88308,40.5018],[-79.88308,40.50216],[-79.88316,40.50254],[-79.8831,40.50259],[-79.88274,40.50267],[-79.88249,40.50265],[-79.88231,40.50254],[-79.88176,40.50163],[-79.88254,40.50055],[-79.88243,40.50034]]],[[[-79.88408,40.50281],[-79.88528,40.50228],[-79.88529,40.50353],[-79.88398,40.50358],[-79.88408,40.50281]]],[[[-79.88326,40.50356],[-79.88361,40.50355],[-79.88365,40.5039],[-79.88359,40.50421],[-79.88297,40.50551],[-79.88243,40.50622],[-79.88231,40.50626],[-79.8822,40.50625],[-79.88208,40.50617],[-79.88251,40.50593],[-79.88274,40.5054],[-79.8818,40.50516],[-79.88275,40.50357],[-79.88326,40.50356]]],[[[-79.87868,40.50671],[-79.87863,40.50597],[-79.87885,40.50615],[-79.87965,40.50651],[-79.88005,40.50657],[-79.88037,40.50647],[-79.88061,40.50647],[-79.88137,40.50624],[-79.88138,40.50616],[-79.88155,40.50614],[-79.88182,40.5062],[-79.88214,40.50638],[-79.88219,40.50647],[-79.88167,40.50721],[-79.88137,40.50745],[-79.88138,40.50695],[-79.87868,40.50671]]]]},"properties":{"name":"SALAMANDER PARK","municipality":"FOX CHAPEL BOROUGH","kind":"municipal_park"}},{"type":"Feature","geometry":{"type":"Polygon","coordinates":[[[-79.90762,40.49494],[-79.90773,40.4947],[-79.90781,40.49472],[-79.90771,40.49242],[-79.90902,40.49324],[-79.90906,40.49418],[-79.90892,40.49451],[-79.90872,40.49471],[-79.90876,40.49473],[-79.90861,40.49483],[-79.90817,40.49497],[-79.90762,40.49494]]]},"properties":{"name":"ASPINWALL 5TH ST PLAYGROUND","municipality":"ASPINWALL BOROUGH","kind":"municipal_park"}},{"type":"Feature","geometry":{"type":"Polygon","coordinates":[[[-80.20838,40.45739],[-80.20841,40.45731],[-80.20873,40.45736],[-80.20868,40.45752],[-80.20842,40.45747],[-80.20838,40.45739]]]},"properties":{"name":"WESTBURY TOT LOT","municipality":"FINDLAY TOWNSHIP","kind":"municipal_park"}},{"type":"Feature","geometry":{"type":"Polygon","coordinates":[[[-80.0546,40.33014],[-80.05512,40.33004],[-80.05553,40.33004],[-80.05722,40.33029],[-80.05719,40.33037],[-80.05685,40.33046],[-80.05545,40.33062],[-80.05493,40.33077],[-80.0546,40.33014]]]},"properties":{"name":"BROOKSIDE PARK B","municipality":"BETHEL PARK MUNICIPALITY","kind":"municipal_park"}},{"type":"Feature","geometry":{"type":"Polygon","coordinates":[[[-79.84656,40.51028],[-79.84671,40.50989],[-79.84698,40.51004],[-79.84714,40.51026],[-79.8466,40.51031],[-79.84656,40.51028]]]},"properties":{"name":"RIVERS EDGE OF OAKMONT PARK","municipality":"OAKMONT BOROUGH","kind":"municipal_park"}},{"type":"Feature","geometry":{"type":"Polygon","coordinates":[[[-80.00206,40.44162],[-80.00215,40.44149],[-80.00241,40.44159],[-80.00235,40.44169],[-80.00194,40.4418],[-80.00206,40.44162]]]},"properties":{"name":"TRIANGLE PARK","municipality":"CITY OF PITTSBURGH","kind":"municipal_park"}},{"type":"Feature","geometry":{"type":"Polygon","coordinates":[[[-79.89636,40.53141],[-79.89643,40.53108],[-79.89629,40.53029],[-79.89635,40.52975],[-79.89632,40.52901],[-79.89578,40.52758],[-79.89787,40.5275],[-79.89849,40.52897],[-79.89936,40.52934],[-79.89986,40.52997],[-79.89956,40.52993],[-79.89867,40.52961],[-79.89801,40.52961],[-79.8978,40.52966],[-79.89759,40.52983],[-79.89706,40.53105],[-79.89629,40.53219],[-79.89588,40.53265],[-79.89631,40.53199],[-79.89636,40.53141]]]},"properties":{"name":"HARDIE VALLEY PARK","municipality":"FOX CHAPEL BOROUGH","kind":"municipal_park"}},{"type":"Feature","geometry":{"type":"Polygon","coordinates":[[[-79.88541,40.42985],[-79.88579,40.4298],[-79.88531,40.4302],[-79.88493,40.42995],[-79.88541,40.42985]]]},"properties":{"name":"LAUREL STREET PLAYGROUND","municipality":"EDGEWOOD BOROUGH","kind":"municipal_park"}},{"type":"Feature","geometry":{"type":"Polygon","coordinates":[[[-79.88311,40.40286],[-79.88149,40.40186],[-79.8817,40.40174],[-79.88271,40.40145],[-79.88353,40.40094],[-79.88406,40.40185],[-79.88428,40.40178],[-79.88438,40.40198],[-79.88416,40.40205],[-79.88429,40.40225],[-79.88385,40.40278],[-79.88335,40.40301],[-79.88311,40.40286]]]},"properties":{"name":"BARNEY PARK","municipality":"WHITAKER BOROUGH","kind":"municipal_park"}},{"type":"Feature","geometry":{"type":"Polygon","coordinates":[[[-79.88732,40.43239],[-79.88739,40.43218],[-79.88752,40.43222],[-79.88814,40.43181],[-79.88923,40.43205],[-79.88918,40.43213],[-79.88879,40.43204],[-79.88876,40.43209],[-79.88911,40.43223],[-79.88847,40.4332],[-79.88762,40.43337],[-79.88749,40.43292],[-79.88715,40.43285],[-79.88732,40.43239]]]},"properties":{"name":"KOENIG FIELD","municipality":"EDGEWOOD BOROUGH","kind":"municipal_park"}},{"type":"Feature","geometry":{"type":"Polygon","coordinates":[[[-80.01784,40.59111],[-80.01828,40.5905],[-80.01807,40.59021],[-80.02014,40.58903],[-80.02089,40.5885],[-80.0214,40.589],[-80.02123,40.58927],[-80.02006,40.58979],[-80.02027,40.59004],[-80.02073,40.59038],[-80.01915,40.59076],[-80.01933,40.59126],[-80.01908,40.59159],[-80.01797,40.59155],[-80.01798,40.5915],[-80.01783,40.59149],[-80.01789,40.59116],[-80.01784,40.59111]]]},"properties":{"name":"DEVLIN MEMORIAL PARK","municipality":"MCCANDLESS TOWNSHIP","kind":"municipal_park"}},{"type":"Feature","geometry":{"type":"Polygon","coordinates":[[[-79.83845,40.4116],[-79.83876,40.41141],[-79.84006,40.41266],[-79.83892,40.41334],[-79.83763,40.4121],[-79.83845,40.4116]]]},"properties":{"name":"CHALFANT PARK","municipality":"CHALFANT BOROUGH","kind":"municipal_park"}},{"type":"Feature","geometry":{"type":"Polygon","coordinates":[[[-80.06119,40.43069],[-80.06192,40.43054],[-80.06192,40.4306],[-80.06146,40.43074],[-80.06124,40.4309],[-80.0603,40.43257],[-80.06003,40.43323],[-80.06023,40.43531],[-80.06011,40.43627],[-80.06005,40.43643],[-80.05995,40.43657],[-80.05927,40.43704],[-80.05928,40.43694],[-80.0599,40.43644],[-80.06006,40.43535],[-80.05988,40.43399],[-80.05984,40.43306],[-80.06119,40.43069]]]},"properties":{"name":"CLEARVIEW PARK","municipality":"CRAFTON BOROUGH","kind":"municipal_park"}},{"type":"Feature","geometry":{"type":"Polygon","coordinates":[[[-79.9898,40.3379],[-79.99037,40.33604],[-79.99092,40.33585],[-79.99105,40.33595],[-79.99103,40.33708],[-79.99089,40.33762],[-79.99074,40.33799],[-79.99084,40.33801],[-79.99075,40.33825],[-79.99102,40.33832],[-79.99048,40.33859],[-79.99041,40.33873],[-79.99035,40.3395],[-79.99066,40.33946],[-79.99074,40.33999],[-79.98969,40.34011],[-79.98953,40.33933],[-79.98954,40.3387],[-79.98965,40.33865],[-79.98967,40.3384],[-79.98977,40.33827],[-79.9898,40.3379]]]},"properties":{"name":"COLEWOOD PARK","municipality":"BALDWIN BOROUGH","kind":"municipal_park"}},{"type":"Feature","geometry":{"type":"Polygon","coordinates":[[[-79.71757,40.42713],[-79.71668,40.42615],[-79.71527,40.42684],[-79.71404,40.42539],[-79.71511,40.42341],[-79.71401,40.42305],[-79.71413,40.42279],[-79.71475,40.42299],[-79.71477,40.42295],[-79.71604,40.42312],[-79.71624,40.42268],[-79.71519,40.4221],[-79.71525,40.42196],[-79.7152,40.42148],[-79.71526,40.4212],[-79.7156,40.42069],[-79.71573,40.41994],[-79.71642,40.42038],[-79.71676,40.42016],[-79.71598,40.41922],[-79.71626,40.41871],[-79.71716,40.41915],[-79.71743,40.41884],[-79.7176,40.41849],[-79.71767,40.4185],[-79.7175,40.41886],[-79.71794,40.41884],[-79.71814,40.41894],[-79.71765,40.41951],[-79.71782,40.42003],[-79.71748,40.42009],[-79.71728,40.41987],[-79.71712,40.41993],[-79.7173,40.42016],[-79.71683,40.42025],[-79.71831,40.42207],[-79.72082,40.42181],[-79.72073,40.42143],[-79.7209,40.42141],[-79.72099,40.42179],[-79.72124,40.42174],[-79.72214,40.42241],[-79.72234,40.42338],[-79.72242,40.42339],[-79.72227,40.42498],[-79.72182,40.42429],[-79.72214,40.4233],[-79.72113,40.42316],[-79.72058,40.42384],[-79.71896,40.42555],[-79.71757,40.42713]]]},"properties":{"name":"ALPINE PARK","municipality":"MONROEVILLE MUNICIPALITY","kind":"municipal_park"}},{"type":"Feature","geometry":{"type":"Polygon","coordinates":[[[-80.0687,40.62282],[-80.06999,40.62252],[-80.07134,40.6223],[-80.0719,40.62216],[-80.07257,40.62183],[-80.07341,40.62119],[-80.07352,40.62293],[-80.06878,40.62309],[-80.0687,40.62282]]]},"properties":{"name":"ALTMYER PARK","municipality":"MARSHALL TOWNSHIP","kind":"municipal_park"}},{"type":"Feature","geometry":{"type":"Polygon","coordinates":[[[-80.08635,40.38593],[-80.08664,40.38552],[-80.0865,40.38548],[-80.08623,40.38586],[-80.08574,40.38558],[-80.08486,40.38536],[-80.08456,40.38524],[-80.08497,40.38428],[-80.08538,40.38438],[-80.0869,40.38108],[-80.08731,40.38142],[-80.08814,40.38185],[-80.08908,40.38213],[-80.08944,40.38253],[-80.08887,40.38278],[-80.08924,40.38325],[-80.08928,40.38362],[-80.08782,40.38582],[-80.0876,40.38576],[-80.08737,40.38611],[-80.08646,40.386],[-80.08635,40.38593]]]},"properties":{"name":"SCOTT PARK","municipality":"SCOTT TOWNSHIP","kind":"municipal_park"}},{"type":"Feature","geometry":{"type":"Polygon","coordinates":[[[-80.05365,40.49551],[-80.05438,40.49582],[-80.05446,40.49569],[-80.05516,40.49602],[-80.05436,40.49718],[-80.05306,40.49648],[-80.05365,40.49551]]]},"properties":{"name":"BAYNE PARK","municipality":"BELLEVUE BOROUGH","kind":"municipal_park"}},{"type":"Feature","geometry":{"type":"Polygon","coordinates":[[[-80.03958,40.5062],[-80.03966,40.50513],[-80.03962,40.50305],[-80.03965,40.50174],[-80.03972,40.5016],[-80.0405,40.50161],[-80.0405,40.50106],[-80.0427,40.50111],[-80.04365,40.50249],[-80.04421,40.5044],[-80.0457,40.50471],[-80.0465,40.50644],[-80.04398,40.50607],[-80.03957,40.50694],[-80.03958,40.5062]]]},"properties":{"name":"BELLEVUE MEMORIAL PARK","municipality":"ROSS TOWNSHIP","kind":"municipal_park"}},{"type":"Feature","geometry":{"type":"Polygon","coordinates":[[[-80.04275,40.39435],[-80.04396,40.39547],[-80.04477,40.39495],[-80.04468,40.39486],[-80.04541,40.3944],[-80.04565,40.39471],[-80.04565,40.39508],[-80.04635,40.39508],[-80.04637,40.39574],[-80.04627,40.39615],[-80.04483,40.39891],[-80.0447,40.39887],[-80.04457,40.39795],[-80.04436,40.39764],[-80.04378,40.39729],[-80.04347,40.39726],[-80.04331,40.39719],[-80.04287,40.39657],[-80.04249,40.3962],[-80.04137,40.39547],[-80.04141,40.39521],[-80.04136,40.39502],[-80.0414,40.39494],[-80.04275,40.39435]]]},"properties":{"name":"DORMONT PARK","municipality":"DORMONT BOROUGH","kind":"municipal_park"}},{"type":"Feature","geometry":{"type":"Polygon","coordinates":[[[-80.02926,40.39027],[-80.02925,40.3897],[-80.02966,40.38967],[-80.02969,40.38959],[-80.0306,40.38981],[-80.03103,40.39059],[-80.02876,40.39127],[-80.02867,40.39094],[-80.02866,40.39034],[-80.02926,40.39027]]]},"properties":{"name":"BEGGS SNYDER PARK","municipality":"MOUNT LEBANON MUNICIPALITY","kind":"municipal_park"}},{"type":"Feature","geometry":{"type":"Polygon","coordinates":[[[-80.05129,40.36945],[-80.05127,40.36917],[-80.0495,40.36925],[-80.04943,40.36815],[-80.05003,40.36798],[-80.05125,40.36731],[-80.05171,40.36717],[-80.05219,40.3672],[-80.05564,40.36797],[-80.05607,40.36802],[-80.05694,40.36798],[-80.05767,40.36759],[-80.05818,40.36743],[-80.0599,40.36725],[-80.05965,40.3684],[-80.06022,40.36843],[-80.05968,40.36966],[-80.05946,40.36919],[-80.05956,40.36879],[-80.05847,40.36878],[-80.05657,40.36949],[-80.05464,40.36961],[-80.0543,40.36906],[-80.05134,40.37006],[-80.05129,40.36945]]]},"properties":{"name":"BIRD PARK","municipality":"MOUNT LEBANON MUNICIPALITY","kind":"municipal_park"}},{"type":"Feature","geometry":{"type":"Polygon","coordinates":[[[-79.94429,40.49949],[-79.94429,40.49943],[-79.94472,40.49944],[-79.94475,40.49976],[-79.94519,40.50005],[-79.94486,40.50036],[-79.94478,40.50016],[-79.94424,40.50016],[-79.94429,40.49949]]]},"properties":{"name":"ETNA PLAYGROUND","municipality":"ETNA BOROUGH","kind":"municipal_park"}},{"type":"Feature","geometry":{"type":"Polygon","coordinates":[[[-79.85918,40.58298],[-79.85896,40.57924],[-79.8589,40.57924],[-79.85886,40.57848],[-79.86446,40.57873],[-79.86552,40.57802],[-79.86556,40.57807],[-79.86572,40.578],[-79.86588,40.57816],[-79.86591,40.57813],[-79.86613,40.57841],[-79.86634,40.57886],[-79.86639,40.57922],[-79.86634,40.57924],[-79.86634,40.57934],[-79.86644,40.57934],[-79.86644,40.57954],[-79.86617,40.58003],[-79.86577,40.58045],[-79.86572,40.58064],[-79.86531,40.58087],[-79.86508,40.58081],[-79.8649,40.58084],[-79.86487,40.5808],[-79.86441,40.58093],[-79.86425,40.58088],[-79.86392,40.58102],[-79.8626,40.58193],[-79.86234,40.58202],[-79.86241,40.58211],[-79.86215,40.58219],[-79.86218,40.58228],[-79.86111,40.58265],[-79.85943,40.583],[-79.85918,40.58298]]]},"properties":{"name":"EMMERLING COMMUNITY PARK","municipality":"INDIANA TOWNSHIP","kind":"municipal_park"}},{"type":"Feature","geometry":{"type":"MultiPolygon","coordinates":[[[[-80.02137,40.54329],[-80.02002,40.54194],[-80.01835,40.54302],[-80.01857,40.54187],[-80.01757,40.54139],[-80.01673,40.54171],[-80.01645,40.5413],[-80.01823,40.54019],[-80.01884,40.54076],[-80.02042,40.53986],[-80.02155,40.54099],[-80.02211,40.54062],[-80.02316,40.53965],[-80.02331,40.53985],[-80.02405,40.54046],[-80.02238,40.54186],[-80.02137,40.54329]]],[[[-80.01632,40.54112],[-80.01707,40.5406],[-80.01723,40.54076],[-80.01644,40.54128],[-80.01632,40.54112]]]]},"properties":{"name":"EVERGREEN COMMUNITY PARK","municipality":"ROSS TOWNSHIP","kind":"municipal_park"}},{"type":"Feature","geometry":{"type":"Polygon","coordinates":[[[-79.8561,40.51339],[-79.85801,40.51335],[-79.85889,40.51448],[-79.85469,40.51463],[-79.85486,40.51342],[-79.8561,40.51339]]]},"properties":{"name":"BEULAH FREY PARK","municipality":"OHARA TOWNSHIP","kind":"municipal_park"}},{"type":"Feature","geometry":{"type":"Polygon","coordinates":[[[-79.87018,40.45447],[-79.87037,40.45425],[-79.87038,40.45374],[-79.8687,40.4535],[-79.86857,40.45314],[-79.86917,40.45222],[-79.87137,40.45233],[-79.87172,40.4532],[-79.87227,40.45371],[-79.87136,40.45438],[-79.87117,40.45425],[-79.871,40.45438],[-79.87081,40.45426],[-79.87044,40.45461],[-79.87018,40.45447]]]},"properties":{"name":"EAST HILLS PARK","municipality":"CITY OF PITTSBURGH","kind":"municipal_park"}},{"type":"Feature","geometry":{"type":"Polygon","coordinates":[[[-80.06185,40.50592],[-80.06307,40.50479],[-80.06366,40.50468],[-80.06356,40.50452],[-80.06549,40.50388],[-80.06552,40.50397],[-80.06573,40.50396],[-80.06575,40.50415],[-80.06567,40.50439],[-80.06528,40.50474],[-80.06496,40.50492],[-80.06395,40.50533],[-80.06349,40.50567],[-80.06328,40.50608],[-80.06324,40.50646],[-80.06327,40.50664],[-80.06185,40.50592]]]},"properties":{"name":"AVALON POOL","municipality":"AVALON BOROUGH","kind":"municipal_park"}},{"type":"Feature","geometry":{"type":"Polygon","coordinates":[[[-79.98816,40.45916],[-79.98794,40.45837],[-79.98945,40.45807],[-79.98969,40.45816],[-79.98997,40.45897],[-79.98824,40.45939],[-79.98816,40.45916]]]},"properties":{"name":"COWLEY PARK","municipality":"CITY OF PITTSBURGH","kind":"municipal_park"}},{"type":"Feature","geometry":{"type":"Polygon","coordinates":[[[-79.98633,40.40821],[-79.98481,40.40731],[-79.98425,40.40785],[-79.98417,40.40781],[-79.9842,40.40778],[-79.98355,40.4074],[-79.98349,40.40746],[-79.98382,40.40766],[-79.98339,40.40808],[-79.98222,40.40738],[-79.9827,40.40692],[-79.98213,40.40657],[-79.98298,40.4063],[-79.98445,40.40623],[-79.98447,40.40598],[-79.9864,40.40605],[-79.98664,40.408],[-79.98633,40.40781],[-79.98641,40.40825],[-79.98633,40.40821]]]},"properties":{"name":"TRANSVERSE PARK","municipality":"MOUNT OLIVER BOROUGH","kind":"municipal_park"}},{"type":"Feature","geometry":{"type":"Polygon","coordinates":[[[-79.92276,40.26669],[-79.92369,40.26598],[-79.9233,40.26589],[-79.92279,40.26558],[-79.922,40.26618],[-79.92139,40.26571],[-79.91959,40.26449],[-79.91918,40.26406],[-79.91854,40.26318],[-79.91938,40.26289],[-79.91898,40.26221],[-79.91993,40.26128],[-79.92234,40.26274],[-79.92564,40.25959],[-79.93094,40.26283],[-79.92501,40.26832],[-79.92445,40.268],[-79.92332,40.26712],[-79.92338,40.26707],[-79.92335,40.26705],[-79.92306,40.26683],[-79.923,40.26687],[-79.92276,40.26669]]]},"properties":{"name":"BEEDLE PARK","municipality":"JEFFERSON HILLS BOROUGH","kind":"municipal_park"}},{"type":"Feature","geometry":{"type":"Polygon","coordinates":[[[-80.09725,40.33417],[-80.0991,40.33414],[-80.0992,40.33813],[-80.09792,40.33774],[-80.09783,40.33733],[-80.09758,40.33697],[-80.09775,40.33635],[-80.09768,40.33614],[-80.09739,40.33581],[-80.09748,40.3354],[-80.09749,40.33511],[-80.09741,40.33477],[-80.09726,40.33465],[-80.09725,40.33417]]]},"properties":{"name":"BAKER PARK","municipality":"UPPER SAINT CLAIR MUNICIPALITY","kind":"municipal_park"}},{"type":"Feature","geometry":{"type":"Polygon","coordinates":[[[-79.95956,40.4664],[-79.96091,40.46542],[-79.96275,40.4669],[-79.96146,40.46791],[-79.95956,40.4664]]]},"properties":{"name":"ARSENAL PARK","municipality":"CITY OF PITTSBURGH","kind":"municipal_park"}},{"type":"Feature","geometry":{"type":"Polygon","coordinates":[[[-80.17511,40.59471],[-80.17515,40.59263],[-80.17005,40.5929],[-80.1675,40.59285],[-80.16753,40.59253],[-80.16761,40.59235],[-80.16787,40.59198],[-80.16963,40.58987],[-80.16968,40.58989],[-80.17006,40.58943],[-80.17308,40.59143],[-80.1752,40.5909],[-80.17518,40.59176],[-80.18242,40.59158],[-80.1822,40.58956],[-80.18215,40.58819],[-80.18712,40.58804],[-80.19214,40.58803],[-80.19162,40.59226],[-80.19132,40.59396],[-80.19041,40.59399],[-80.18969,40.59393],[-80.18875,40.59338],[-80.18809,40.59327],[-80.18718,40.59326],[-80.18583,40.59256],[-80.18554,40.59267],[-80.18492,40.59312],[-80.18452,40.5935],[-80.18411,40.59402],[-80.18396,40.59414],[-80.18367,40.59426],[-80.1832,40.59432],[-80.1828,40.59447],[-80.17511,40.59471]]]},"properties":{"name":"BELL ACRES NATURE PARK","municipality":"BELL ACRES BOROUGH","kind":"municipal_park"}},{"type":"Feature","geometry":{"type":"MultiPolygon","coordinates":[[[[-80.02804,40.44351],[-80.0257,40.44247],[-80.02417,40.44186],[-80.01795,40.43953],[-80.01867,40.43859],[-80.01913,40.43867],[-80.02051,40.43925],[-80.02072,40.43901],[-80.02138,40.43934],[-80.02205,40.43987],[-80.02376,40.44077],[-80.02473,40.44093],[-80.0246,40.44107],[-80.02514,40.44135],[-80.026,40.44156],[-80.02632,40.44175],[-80.0265,40.44179],[-80.0267,40.44169],[-80.02675,40.44152],[-80.02777,40.441],[-80.02792,40.44047],[-80.02859,40.44062],[-80.02973,40.43985],[-80.02937,40.43955],[-80.02916,40.4392],[-80.03123,40.43853],[-80.03154,40.43837],[-80.03142,40.43929],[-80.03103,40.43971],[-80.03076,40.44021],[-80.03,40.44077],[-80.02965,40.44049],[-80.02938,40.44067],[-80.02974,40.44096],[-80.02987,40.44101],[-80.0305,40.44056],[-80.02974,40.44162],[-80.02933,40.44207],[-80.02888,40.44229],[-80.02857,40.44204],[-80.0285,40.44209],[-80.0288,40.44233],[-80.02868,40.44264],[-80.02824,40.44227],[-80.02819,40.4423],[-80.02858,40.44271],[-80.02802,40.44311],[-80.02804,40.44351]]],[[[-80.0282,40.43638],[-80.02728,40.43622],[-80.02725,40.43633],[-80.02651,40.4362],[-80.02707,40.43561],[-80.02737,40.43506],[-80.02821,40.43471],[-80.02857,40.43438],[-80.02972,40.4351],[-80.03026,40.43438],[-80.03212,40.43548],[-80.03256,40.43595],[-80.03281,40.43637],[-80.03217,40.43665],[-80.03227,40.43823],[-80.03233,40.43823],[-80.03236,40.4388],[-80.03208,40.43975],[-80.03145,40.44036],[-80.03156,40.44043],[-80.02959,40.44238],[-80.02944,40.44218],[-80.02989,40.44167],[-80.03047,40.44092],[-80.03122,40.43978],[-80.03158,40.43941],[-80.0317,40.43817],[-80.03158,40.4381],[-80.03113,40.43809],[-80.03021,40.43839],[-80.03003,40.43805],[-80.029,40.43839],[-80.02898,40.43834],[-80.02937,40.43701],[-80.02984,40.43656],[-80.02988,40.4362],[-80.02908,40.43587],[-80.02929,40.43515],[-80.02851,40.43529],[-80.0282,40.43638]]],[[[-80.023,40.4317],[-80.02259,40.43164],[-80.02238,40.43256],[-80.02203,40.43252],[-80.02225,40.43155],[-80.02237,40.43157],[-80.02238,40.43151],[-80.02226,40.43149],[-80.02232,40.43122],[-80.02244,40.43124],[-80.02247,40.4311],[-80.02225,40.43107],[-80.02206,40.43081],[-80.02236,40.43067],[-80.02233,40.43062],[-80.02195,40.43079],[-80.02198,40.43084],[-80.02168,40.43097],[-80.02122,40.43038],[-80.0216,40.43021],[-80.02147,40.43006],[-80.02177,40.42993],[-80.0217,40.42983],[-80.0214,40.42997],[-80.02078,40.42908],[-80.02043,40.42928],[-80.02041,40.42935],[-80.01973,40.42926],[-80.01998,40.4283],[-80.02017,40.42825],[-80.02032,40.42804],[-80.0218,40.4272],[-80.02257,40.42735],[-80.02252,40.42766],[-80.02272,40.42769],[-80.02282,40.42742],[-80.02292,40.42744],[-80.02281,40.42772],[-80.02293,40.42776],[-80.02311,40.42749],[-80.02324,40.42758],[-80.02306,40.42781],[-80.02303,40.42793],[-80.02331,40.42818],[-80.02343,40.42851],[-80.02371,40.42853],[-80.02376,40.42879],[-80.02341,40.42882],[-80.02339,40.4292],[-80.02329,40.42921],[-80.02333,40.42937],[-80.02338,40.42937],[-80.02374,40.42989],[-80.0232,40.43012],[-80.02324,40.43017],[-80.02352,40.43004],[-80.02356,40.4301],[-80.02328,40.43022],[-80.02331,40.43026],[-80.02384,40.43004],[-80.02388,40.43009],[-80.02363,40.43019],[-80.02366,40.43024],[-80.02391,40.43014],[-80.02402,40.43029],[-80.02349,40.4305],[-80.02353,40.43056],[-80.02373,40.43082],[-80.02415,40.43062],[-80.02457,40.43109],[-80.0241,40.43129],[-80.02323,40.43151],[-80.02315,40.43191],[-80.02347,40.4321],[-80.02346,40.43215],[-80.02311,40.4321],[-80.02314,40.43198],[-80.02296,40.4319],[-80.023,40.4317]]],[[[-80.02094,40.42861],[-80.02075,40.42842],[-80.0207,40.42845],[-80.02089,40.42864],[-80.02094,40.42861]]],[[[-80.02652,40.43579],[-80.02627,40.43571],[-80.02633,40.4356],[-80.02654,40.43566],[-80.02656,40.43556],[-80.0257,40.43528],[-80.02615,40.43452],[-80.0258,40.43441],[-80.02589,40.43425],[-80.02618,40.43435],[-80.02622,40.4343],[-80.02592,40.43421],[-80.02602,40.43403],[-80.02555,40.43387],[-80.02572,40.43357],[-80.02533,40.43343],[-80.02536,40.43339],[-80.02492,40.43327],[-80.02483,40.43342],[-80.02448,40.4333],[-80.02445,40.43335],[-80.02407,40.4332],[-80.02403,40.43325],[-80.0243,40.43334],[-80.02416,40.4336],[-80.02356,40.43336],[-80.02353,40.43349],[-80.02316,40.43413],[-80.02266,40.43406],[-80.02273,40.43379],[-80.02309,40.43384],[-80.02312,40.43367],[-80.02277,40.43363],[-80.0229,40.43314],[-80.0233,40.43319],[-80.0234,40.43276],[-80.02375,40.43281],[-80.02378,40.4327],[-80.02343,40.43265],[-80.02348,40.43238],[-80.02383,40.43244],[-80.02381,40.43255],[-80.02395,40.43256],[-80.02395,40.43253],[-80.02434,40.43259],[-80.02442,40.43242],[-80.02474,40.43252],[-80.02462,40.43279],[-80.02471,40.43282],[-80.02532,40.43255],[-80.0256,40.43265],[-80.02543,40.43296],[-80.02515,40.43286],[-80.02504,40.43306],[-80.02547,40.43321],[-80.02599,40.43229],[-80.02655,40.43304],[-80.02704,40.43328],[-80.02743,40.4333],[-80.02751,40.43304],[-80.02815,40.43295],[-80.02848,40.4333],[-80.02858,40.43333],[-80.02802,40.43364],[-80.02735,40.43424],[-80.02727,40.43462],[-80.02691,40.43549],[-80.02649,40.43595],[-80.02652,40.43579]]],[[[-80.01332,40.43604],[-80.01259,40.43691],[-80.00859,40.43394],[-80.00757,40.4333],[-80.00527,40.43218],[-80.0056,40.43179],[-80.00537,40.43167],[-80.00539,40.43164],[-80.00557,40.43173],[-80.00593,40.43198],[-80.00918,40.43343],[-80.0097,40.43371],[-80.01073,40.43439],[-80.01139,40.43488],[-80.01189,40.43534],[-80.01225,40.43554],[-80.01266,40.43563],[-80.01285,40.43558],[-80.01298,40.43545],[-80.01312,40.43546],[-80.01302,40.43592],[-80.01319,40.43596],[-80.01332,40.43604]]],[[[-80.00362,40.4297],[-80.00361,40.43011],[-80.00342,40.43011],[-80.00301,40.43023],[-80.0027,40.43045],[-80.0012,40.42976],[-79.99992,40.42932],[-80.0003,40.42871],[-80.00076,40.42884],[-80.00147,40.42916],[-80.00137,40.42944],[-80.00211,40.42976],[-80.00229,40.4296],[-80.00259,40.42896],[-80.00243,40.42881],[-80.0026,40.42872],[-80.00271,40.42878],[-80.00292,40.42837],[-80.00306,40.42824],[-80.00345,40.42864],[-80.00415,40.42826],[-80.00565,40.42759],[-80.00572,40.42813],[-80.00539,40.42945],[-80.00521,40.42968],[-80.00506,40.42956],[-80.00489,40.42862],[-80.00474,40.42856],[-80.00459,40.42862],[-80.00405,40.42857],[-80.00342,40.42938],[-80.00373,40.42944],[-80.00362,40.4297]]],[[[-80.01864,40.43841],[-80.01782,40.43951],[-80.01614,40.43865],[-80.01425,40.43778],[-80.01444,40.43756],[-80.01436,40.43746],[-80.01522,40.43696],[-80.01661,40.43771],[-80.01683,40.43746],[-80.01864,40.43841]]],[[[-80.00497,40.43149],[-80.00482,40.43168],[-80.00424,40.43127],[-80.00404,40.43146],[-80.00362,40.43123],[-80.00353,40.43134],[-80.0033,40.43124],[-80.00348,40.43101],[-80.0026,40.43057],[-80.00258,40.43066],[-80.00228,40.43054],[-80.00211,40.43078],[-80.00171,40.43071],[-80.00184,40.43046],[-80.00164,40.43068],[-80.00121,40.43057],[-80.00058,40.43024],[-80.00087,40.42993],[-80.00079,40.42989],[-80.00065,40.43004],[-80.00026,40.42984],[-80.0004,40.42968],[-80.00017,40.42956],[-80.00004,40.42971],[-79.99974,40.42956],[-79.99983,40.42947],[-79.99947,40.42938],[-79.99963,40.42935],[-80.00009,40.42945],[-80.00342,40.43093],[-80.00497,40.43149]]],[[[-80.01897,40.42477],[-80.01892,40.42472],[-80.01888,40.42474],[-80.01767,40.42357],[-80.01613,40.42191],[-80.01554,40.42115],[-80.01542,40.4209],[-80.01544,40.42072],[-80.01528,40.41884],[-80.01454,40.41647],[-80.01428,40.41602],[-80.01477,40.41661],[-80.01496,40.41667],[-80.01509,40.41716],[-80.01512,40.41715],[-80.01515,40.41726],[-80.01488,40.41727],[-80.01538,40.41913],[-80.01558,40.42008],[-80.01547,40.42045],[-80.01556,40.42045],[-80.01557,40.42067],[-80.01567,40.4209],[-80.01594,40.42125],[-80.01614,40.42172],[-80.01761,40.4233],[-80.01762,40.42339],[-80.01943,40.42509],[-80.01936,40.42518],[-80.01894,40.42479],[-80.01897,40.42477]]],[[[-80.00551,40.43147],[-80.00543,40.43157],[-80.00282,40.4305],[-80.00286,40.43048],[-80.00347,40.43078],[-80.00399,40.43096],[-80.00424,40.43067],[-80.00477,40.43073],[-80.00449,40.43109],[-80.00551,40.43147]]],[[[-79.99884,40.42792],[-79.99877,40.42803],[-79.9987,40.42844],[-79.99856,40.42844],[-79.99816,40.42829],[-79.99842,40.42782],[-79.99859,40.42787],[-79.99866,40.42776],[-79.99884,40.42792]]],[[[-79.99142,40.42526],[-79.99146,40.42521],[-79.9918,40.42521],[-79.99166,40.42541],[-79.99182,40.42541],[-79.99162,40.42573],[-79.99121,40.42561],[-79.99142,40.42526]]],[[[-79.99208,40.42603],[-79.99251,40.42616],[-79.99261,40.42598],[-79.99275,40.42599],[-79.9928,40.42637],[-79.99241,40.42634],[-79.99214,40.42625],[-79.992,40.42617],[-79.99208,40.42603]]],[[[-80.00472,40.42867],[-80.00476,40.42869],[-80.0049,40.42938],[-80.00436,40.42943],[-80.00463,40.42908],[-80.00472,40.42867]]],[[[-79.99869,40.42853],[-79.99852,40.42884],[-79.99827,40.42891],[-79.99803,40.42884],[-79.99818,40.42886],[-79.99822,40.42879],[-79.99809,40.42874],[-79.99826,40.42843],[-79.9985,40.42853],[-79.99869,40.42853]]],[[[-80.01351,40.43496],[-80.01342,40.43538],[-80.01311,40.43531],[-80.01315,40.43492],[-80.01351,40.43496]]],[[[-80.01242,40.41524],[-80.0132,40.41516],[-80.0135,40.41533],[-80.01294,40.41538],[-80.01241,40.41531],[-80.01242,40.41524]]],[[[-79.99219,40.42587],[-79.99208,40.42603],[-79.99196,40.42596],[-79.99188,40.4261],[-79.99109,40.42565],[-79.99154,40.42582],[-79.99219,40.42587]]],[[[-79.99826,40.42777],[-79.99795,40.4283],[-79.99774,40.42834],[-79.99809,40.42771],[-79.99826,40.42777]]],[[[-80.01494,40.41656],[-80.01482,40.41652],[-80.01447,40.41598],[-80.01479,40.41601],[-80.01481,40.41621],[-80.01494,40.41656]]],[[[-79.99782,40.42841],[-79.99769,40.42865],[-79.99698,40.42824],[-79.99754,40.42841],[-79.99782,40.42841]]],[[[-79.99621,40.4271],[-79.99592,40.42763],[-79.99579,40.42761],[-79.99603,40.42707],[-79.99621,40.4271]]],[[[-80.00416,40.42955],[-80.00411,40.42975],[-80.00375,40.42968],[-80.00384,40.42947],[-80.00416,40.42955]]],[[[-80.0233,40.43286],[-80.02326,40.43303],[-80.02292,40.43298],[-80.02295,40.43281],[-80.0233,40.43286]]],[[[-79.99113,40.42526],[-79.99098,40.42552],[-79.99073,40.42535],[-79.99102,40.42525],[-79.99113,40.42526]]],[[[-79.99654,40.42752],[-79.99635,40.42778],[-79.99625,40.42771],[-79.99639,40.42742],[-79.99654,40.42752]]],[[[-80.02566,40.43168],[-80.02562,40.43171],[-80.02514,40.43135],[-80.02517,40.4313],[-80.02566,40.43168]]],[[[-79.99773,40.42798],[-79.99754,40.42831],[-79.99745,40.42827],[-79.99764,40.42795],[-79.99773,40.42798]]],[[[-79.99637,40.42741],[-79.99622,40.4277],[-79.99612,40.42768],[-79.9963,40.42736],[-79.99637,40.42741]]],[[[-80.00412,40.43017],[-80.00415,40.43014],[-80.0045,40.4303],[-80.00447,40.43035],[-80.00412,40.43017]]],[[[-80.02399,40.43391],[-80.02396,40.43396],[-80.02357,40.43382],[-80.0236,40.43377],[-80.02399,40.43391]]],[[[-80.02398,40.43166],[-80.02397,40.43172],[-80.02363,40.43167],[-80.02364,40.43162],[-80.02398,40.43166]]],[[[-80.02395,40.43183],[-80.02394,40.43189],[-80.02359,40.43184],[-80.0236,40.43179],[-80.02395,40.43183]]],[[[-80.02401,40.43156],[-80.02399,40.43161],[-80.02365,40.43156],[-80.02367,40.43151],[-80.02401,40.43156]]],[[[-80.02918,40.44252],[-80.02911,40.44255],[-80.02898,40.4424],[-80.02906,40.44236],[-80.02918,40.44252]]],[[[-80.00264,40.43087],[-80.00255,40.43095],[-80.00242,40.4309],[-80.00258,40.43079],[-80.00264,40.43087]]]]},"properties":{"name":"EMERALD VIEW PARK","municipality":"CITY OF PITTSBURGH","kind":"municipal_park"}},{"type":"Feature","geometry":{"type":"MultiPolygon","coordinates":[[[[-79.87484,40.43904],[-79.87501,40.43892],[-79.87578,40.43936],[-79.8761,40.43969],[-79.87573,40.43951],[-79.8749,40.43945],[-79.87484,40.43939],[-79.87506,40.43924],[-79.87484,40.43904]]],[[[-79.87403,40.43807],[-79.87493,40.43886],[-79.87476,40.43898],[-79.87385,40.43819],[-79.87403,40.43807]]]]},"properties":{"name":"ARDMORE WALL PARK","municipality":"WILMERDING BOROUGH","kind":"municipal_park"}},{"type":"Feature","geometry":{"type":"Polygon","coordinates":[[[-79.8927,40.51704],[-79.89234,40.51638],[-79.89286,40.51618],[-79.89356,40.51574],[-79.89369,40.51621],[-79.89391,40.51674],[-79.89389,40.51681],[-79.8938,40.51687],[-79.89312,40.51689],[-79.8927,40.51704]]]},"properties":{"name":"SCOTT PARK","municipality":"FOX CHAPEL BOROUGH","kind":"municipal_park"}},{"type":"Feature","geometry":{"type":"MultiPolygon","coordinates":[[[[-79.80724,40.41584],[-79.80781,40.41539],[-79.80834,40.41579],[-79.8096,40.41554],[-79.80966,40.41573],[-79.80973,40.41647],[-79.80965,40.41647],[-79.80789,40.41796],[-79.80635,40.41654],[-79.80724,40.41584]]],[[[-79.80716,40.41542],[-79.80729,40.41532],[-79.80758,40.41556],[-79.80746,40.41565],[-79.80716,40.41542]]]]},"properties":{"name":"BELLWOOD PARK","municipality":"MONROEVILLE MUNICIPALITY","kind":"municipal_park"}},{"type":"Feature","geometry":{"type":"MultiPolygon","coordinates":[[[[-79.95494,40.37918],[-79.95461,40.37925],[-79.95409,40.3796],[-79.95421,40.37924],[-79.95417,40.37889],[-79.95393,40.37854],[-79.95356,40.37831],[-79.95327,40.37823],[-79.95302,40.37821],[-79.95211,40.37791],[-79.95181,40.37841],[-79.94916,40.37754],[-79.95002,40.376],[-79.95249,40.37703],[-79.95292,40.37746],[-79.95407,40.37551],[-79.95558,40.37585],[-79.95568,40.37568],[-79.9566,40.37656],[-79.95509,40.37725],[-79.95595,40.37829],[-79.95762,40.37915],[-79.95888,40.37967],[-79.95737,40.37982],[-79.95638,40.37974],[-79.95601,40.37964],[-79.9552,40.37923],[-79.95494,40.37918]]],[[[-79.95438,40.3827],[-79.95425,40.38246],[-79.95432,40.38201],[-79.9551,40.38179],[-79.95553,40.38174],[-79.956,40.38182],[-79.95659,40.38205],[-79.95615,40.38279],[-79.95552,40.38265],[-79.95444,40.38283],[-79.95438,40.3827]]],[[[-79.95599,40.38002],[-79.95582,40.37994],[-79.95568,40.38016],[-79.95516,40.38001],[-79.9546,40.38005],[-79.95414,40.38026],[-79.95376,40.38067],[-79.95358,40.38065],[-79.95399,40.3798],[-79.95415,40.37974],[-79.95468,40.37937],[-79.95492,40.37932],[-79.95514,40.37936],[-79.95598,40.37978],[-79.95634,40.37988],[-79.95741,40.37995],[-79.9591,40.37976],[-79.95955,40.37995],[-79.95901,40.38068],[-79.95918,40.38075],[-79.95761,40.38345],[-79.95662,40.38271],[-79.95641,40.38264],[-79.95697,40.38174],[-79.95682,40.38167],[-79.95701,40.38134],[-79.95634,40.38107],[-79.95677,40.38037],[-79.95599,40.38002]]]]},"properties":{"name":"ELMLEAF PARK","municipality":"BALDWIN BOROUGH","kind":"municipal_park"}},{"type":"Feature","geometry":{"type":"Polygon","coordinates":[[[-79.99593,40.53773],[-79.99686,40.5367],[-79.99772,40.53613],[-79.99783,40.53874],[-79.99547,40.53876],[-79.99543,40.53816],[-79.9955,40.53814],[-79.99593,40.53773]]]},"properties":{"name":"BRUNO SAMMARTINO PARK","municipality":"ROSS TOWNSHIP","kind":"municipal_park"}},{"type":"Feature","geometry":{"type":"Polygon","coordinates":[[[-79.97002,40.57932],[-79.96977,40.57906],[-79.96984,40.57903],[-79.96976,40.5789],[-79.96948,40.57869],[-79.96985,40.57812],[-79.97268,40.57908],[-79.97232,40.57927],[-79.97146,40.57926],[-79.97084,40.5794],[-79.97002,40.57932]]]},"properties":{"name":"MCCASLIN PARK","municipality":"HAMPTON","kind":"municipal_park"}},{"type":"Feature","geometry":{"type":"Polygon","coordinates":[[[-80.1005,40.47411],[-80.1004,40.47387],[-80.09985,40.47401],[-80.10026,40.47297],[-80.10029,40.47279],[-80.10033,40.47277],[-80.10046,40.47197],[-80.1002,40.47042],[-80.10018,40.47025],[-80.10023,40.47012],[-80.10033,40.47003],[-80.10142,40.46958],[-80.10312,40.46914],[-80.1038,40.46888],[-80.10421,40.46862],[-80.10454,40.4683],[-80.10518,40.46727],[-80.10526,40.46724],[-80.10548,40.4673],[-80.10747,40.47232],[-80.1005,40.47411]]]},"properties":{"name":"FAIRHAVEN PARK","municipality":"KENNEDY TOWNSHIP","kind":"municipal_park"}},{"type":"Feature","geometry":{"type":"Polygon","coordinates":[[[-79.91606,40.278],[-79.91452,40.27791],[-79.91508,40.27632],[-79.91726,40.27642],[-79.91661,40.27802],[-79.91606,40.278]]]},"properties":{"name":"TEPE PARK","municipality":"JEFFERSON HILLS BOROUGH","kind":"municipal_park"}},{"type":"Feature","geometry":{"type":"Polygon","coordinates":[[[-79.77094,40.44994],[-79.77084,40.44953],[-79.76918,40.44956],[-79.76918,40.44876],[-79.76989,40.44875],[-79.7699,40.44782],[-79.77149,40.44781],[-79.77124,40.44868],[-79.77227,40.44884],[-79.77189,40.45019],[-79.77095,40.45006],[-79.77094,40.44994]]]},"properties":{"name":"EVERGREEN PARK","municipality":"MONROEVILLE MUNICIPALITY","kind":"municipal_park"}},{"type":"Feature","geometry":{"type":"Polygon","coordinates":[[[-79.88841,40.50896],[-79.88902,40.50867],[-79.89001,40.50935],[-79.89068,40.50951],[-79.89074,40.51062],[-79.89033,40.51047],[-79.88995,40.51025],[-79.88839,40.50911],[-79.88835,40.50903],[-79.88841,40.50896]]]},"properties":{"name":"MCCAHILL PARK","municipality":"FOX CHAPEL BOROUGH","kind":"municipal_park"}},{"type":"Feature","geometry":{"type":"Polygon","coordinates":[[[-79.84424,40.41765],[-79.84303,40.4177],[-79.84237,40.41733],[-79.84198,40.41721],[-79.84158,40.41649],[-79.84209,40.41632],[-79.84206,40.41601],[-79.84258,40.41612],[-79.84264,40.41588],[-79.84304,40.41523],[-79.8431,40.41496],[-79.84306,40.41468],[-79.84348,40.41459],[-79.84366,40.4146],[-79.8444,40.41503],[-79.84548,40.41579],[-79.84519,40.41603],[-79.84566,40.4164],[-79.84509,40.41638],[-79.84456,40.41657],[-79.84538,40.41791],[-79.84458,40.41819],[-79.84424,40.41765]]]},"properties":{"name":"FOREST WOODLAWN PARK","municipality":"FOREST HILLS","kind":"municipal_park"}},{"type":"Feature","geometry":{"type":"Polygon","coordinates":[[[-79.84203,40.39474],[-79.84168,40.39472],[-79.84144,40.39405],[-79.84259,40.39412],[-79.84259,40.3942],[-79.84211,40.39417],[-79.84212,40.39475],[-79.84203,40.39474]]]},"properties":{"name":"TRAX ALLEY PLAYGROUND","municipality":"EAST PITTSBURGH","kind":"municipal_park"}},{"type":"Feature","geometry":{"type":"Polygon","coordinates":[[[-79.89131,40.44259],[-79.89113,40.4429],[-79.89105,40.44287],[-79.89122,40.44256],[-79.89131,40.44259]]]},"properties":{"name":"REGENT SQUARE DOG PARK","municipality":"WILKINSBURG","kind":"municipal_park"}},{"type":"Feature","geometry":{"type":"Polygon","coordinates":[[[-79.91665,40.26181],[-79.91728,40.26166],[-79.91777,40.26164],[-79.918,40.26261],[-79.91692,40.26289],[-79.91674,40.2628],[-79.91669,40.26265],[-79.91665,40.26181]]]},"properties":{"name":"LOBBS PARK","municipality":"JEFFERSON HILLS BOROUGH","kind":"municipal_park"}},{"type":"Feature","geometry":{"type":"Polygon","coordinates":[[[-79.8418,40.41885],[-79.84042,40.41659],[-79.84115,40.41634],[-79.84123,40.41636],[-79.84135,40.41657],[-79.84158,40.41649],[-79.84198,40.41721],[-79.84246,40.41737],[-79.84303,40.4177],[-79.84424,40.41765],[-79.84458,40.41819],[-79.84377,40.41848],[-79.84373,40.41843],[-79.84192,40.41905],[-79.8418,40.41885]]]},"properties":{"name":"WESTINGHOUSE RECREATION CENTER PARK & LODGE","municipality":"FOREST HILLS BOROUGH","kind":"municipal_park"}},{"type":"Feature","geometry":{"type":"Polygon","coordinates":[[[-79.93843,40.42611],[-79.93696,40.42615],[-79.93644,40.42423],[-79.93666,40.42417],[-79.93705,40.42421],[-79.9373,40.42431],[-79.93759,40.42454],[-79.938,40.42506],[-79.93843,40.42611]]]},"properties":{"name":"MAGEE PARK","municipality":"CITY OF PITTSBURGH","kind":"municipal_park"}},{"type":"Feature","geometry":{"type":"Polygon","coordinates":[[[-79.76045,40.4164],[-79.76043,40.41485],[-79.7605,40.41449],[-79.76071,40.41398],[-79.75972,40.41304],[-79.76242,40.41061],[-79.76265,40.41062],[-79.76372,40.41166],[-79.76429,40.41235],[-79.76582,40.41397],[-79.76513,40.41468],[-79.76463,40.41556],[-79.76438,40.4163],[-79.76399,40.41621],[-79.76375,40.41649],[-79.76359,40.41689],[-79.76121,40.41964],[-79.76044,40.41762],[-79.76014,40.41747],[-79.76032,40.41707],[-79.76045,40.4164]]]},"properties":{"name":"MONROEVILLE COMMUNITY PARK EAST","municipality":"MONROEVILLE MUNICIPALITY","kind":"municipal_park"}},{"type":"Feature","geometry":{"type":"Polygon","coordinates":[[[-79.76962,40.41581],[-79.77041,40.41564],[-79.77236,40.41729],[-79.77318,40.41619],[-79.77385,40.41648],[-79.77248,40.41925],[-79.77069,40.42122],[-79.77119,40.42182],[-79.77103,40.42228],[-79.77141,40.423],[-79.77044,40.42389],[-79.77039,40.42333],[-79.77008,40.42307],[-79.7691,40.42276],[-79.76855,40.42264],[-79.76809,40.4222],[-79.76675,40.42171],[-79.76565,40.42236],[-79.76734,40.4231],[-79.76628,40.42385],[-79.767,40.4243],[-79.76704,40.42517],[-79.766,40.42519],[-79.76566,40.42526],[-79.76424,40.4232],[-79.76398,40.42301],[-79.76392,40.42259],[-79.7625,40.42279],[-79.76201,40.4228],[-79.762,40.42222],[-79.76177,40.42222],[-79.76211,40.42146],[-79.76318,40.42179],[-79.76369,40.42164],[-79.76379,40.42089],[-79.76353,40.41887],[-79.76404,40.41901],[-79.76422,40.41863],[-79.76363,40.41846],[-79.764,40.41769],[-79.76441,40.4178],[-79.76451,40.41761],[-79.76489,40.41785],[-79.76705,40.4173],[-79.76747,40.4183],[-79.76837,40.41912],[-79.76888,40.41912],[-79.76961,40.41787],[-79.76843,40.41718],[-79.76962,40.41581]]]},"properties":{"name":"MONROEVILLE COMMUNITY PARK WEST","municipality":"MONROEVILLE MUNICIPALITY","kind":"municipal_park"}},{"type":"Feature","geometry":{"type":"Polygon","coordinates":[[[-80.20771,40.38188],[-80.2068,40.38136],[-80.20767,40.38049],[-80.20869,40.38107],[-80.20791,40.38186],[-80.20779,40.38179],[-80.20771,40.38188]]]},"properties":{"name":"STURGEON PARK","municipality":"SOUTH FAYETTE TOWNSHIP","kind":"municipal_park"}},{"type":"Feature","geometry":{"type":"Polygon","coordinates":[[[-79.93032,40.462],[-79.92865,40.4614],[-79.92895,40.4609],[-79.93028,40.46138],[-79.93012,40.46163],[-79.93049,40.46171],[-79.93032,40.462]]]},"properties":{"name":"ENRIGHT PARK","municipality":"CITY OF PITTSBURGH","kind":"municipal_park"}},{"type":"Feature","geometry":{"type":"Polygon","coordinates":[[[-80.16075,40.39979],[-80.16048,40.39934],[-80.16043,40.39893],[-80.16027,40.39892],[-80.16029,40.39878],[-80.16038,40.39858],[-80.16087,40.39793],[-80.16118,40.39742],[-80.16113,40.39741],[-80.16167,40.3962],[-80.16511,40.39556],[-80.16513,40.39625],[-80.16768,40.39553],[-80.16978,40.39728],[-80.16907,40.39817],[-80.16667,40.39963],[-80.16536,40.39978],[-80.16532,40.39957],[-80.16075,40.39979]]]},"properties":{"name":"COLLIER PARK","municipality":"COLLIER TOWNSHIP","kind":"municipal_park"}},{"type":"Feature","geometry":{"type":"Polygon","coordinates":[[[-80.03649,40.4776],[-80.03686,40.47717],[-80.03666,40.47649],[-80.03701,40.47643],[-80.03704,40.47656],[-80.03796,40.47639],[-80.03822,40.47726],[-80.03787,40.47732],[-80.03792,40.47747],[-80.03758,40.47753],[-80.03753,40.47738],[-80.03739,40.4774],[-80.03741,40.47748],[-80.03706,40.47755],[-80.03715,40.47744],[-80.03705,40.47745],[-80.03678,40.47775],[-80.03649,40.4776]]]},"properties":{"name":"ALLEGHENY LAND TRUST ST JOHNS GREEN","municipality":"CITY OF PITTSBURGH","kind":"municipal_park"}},{"type":"Feature","geometry":{"type":"MultiPolygon","coordinates":[[[[-80.00263,40.45608],[-80.00179,40.45341],[-80.00255,40.45327],[-80.00297,40.45453],[-80.00322,40.45449],[-80.00346,40.45526],[-80.0053,40.45491],[-80.00536,40.45507],[-80.00626,40.45491],[-80.00641,40.45543],[-80.00271,40.45615],[-80.00263,40.45608]]],[[[-80.00097,40.45092],[-80.00172,40.45077],[-80.00176,40.45087],[-80.00197,40.45082],[-80.00211,40.45123],[-80.00201,40.45125],[-80.00261,40.45304],[-80.00173,40.4532],[-80.00097,40.45092]]],[[[-80.00653,40.45467],[-80.00631,40.45401],[-80.00757,40.45376],[-80.00781,40.45405],[-80.00825,40.45396],[-80.00837,40.45432],[-80.00827,40.45434],[-80.00849,40.45508],[-80.00678,40.45539],[-80.00653,40.45467]]]]},"properties":{"name":"EAST PARK","municipality":"CITY OF PITTSBURGH","kind":"municipal_park"}},{"type":"Feature","geometry":{"type":"Polygon","coordinates":[[[-79.89262,40.32797],[-79.8931,40.32795],[-79.89314,40.32873],[-79.89264,40.32874],[-79.89262,40.32797]]]},"properties":{"name":"HONOR ROLL PARK","municipality":"GLASSPORT BOROUGH","kind":"municipal_park"}},{"type":"Feature","geometry":{"type":"Polygon","coordinates":[[[-80.14341,40.3561],[-80.14353,40.35558],[-80.144,40.35567],[-80.14411,40.35537],[-80.14406,40.35509],[-80.1442,40.35508],[-80.14413,40.35464],[-80.14467,40.35457],[-80.14464,40.35509],[-80.14471,40.3551],[-80.14472,40.35505],[-80.14507,40.35507],[-80.14507,40.35519],[-80.14557,40.35521],[-80.14556,40.35535],[-80.14583,40.35537],[-80.14582,40.35544],[-80.14597,40.35545],[-80.14596,40.35555],[-80.14603,40.35555],[-80.14603,40.3556],[-80.14662,40.35579],[-80.14594,40.35609],[-80.14514,40.35625],[-80.14436,40.35626],[-80.14341,40.3561]]]},"properties":{"name":"MORGAN PARK","municipality":"SOUTH FAYETTE TOWNSHIP","kind":"municipal_park"}},{"type":"Feature","geometry":{"type":"MultiPolygon","coordinates":[[[[-79.9915,40.47401],[-79.99147,40.47315],[-79.9897,40.4732],[-79.98874,40.4721],[-79.98872,40.47206],[-79.98919,40.47186],[-79.98902,40.47157],[-79.98934,40.47144],[-79.98993,40.47133],[-79.98988,40.47117],[-79.98901,40.47119],[-79.98853,40.47129],[-79.98843,40.4709],[-79.98828,40.4709],[-79.9884,40.47132],[-79.98814,40.47137],[-79.98802,40.4709],[-79.98742,40.47089],[-79.98742,40.47048],[-79.99034,40.47047],[-79.99031,40.47039],[-79.99038,40.47038],[-79.99041,40.47044],[-79.99073,40.47038],[-79.99071,40.47035],[-79.99082,40.47037],[-79.99108,40.47032],[-79.99126,40.47085],[-79.99192,40.47064],[-79.99319,40.4731],[-79.99205,40.47313],[-79.99214,40.47399],[-79.9915,40.47401]]],[[[-79.98638,40.46685],[-79.9864,40.46655],[-79.98654,40.46655],[-79.98655,40.46642],[-79.98602,40.46642],[-79.98605,40.46619],[-79.98533,40.46617],[-79.98563,40.46554],[-79.98579,40.46491],[-79.9862,40.46498],[-79.98617,40.46508],[-79.98625,40.46509],[-79.98645,40.46428],[-79.9868,40.46438],[-79.98664,40.46512],[-79.98673,40.46513],[-79.9869,40.46436],[-79.98729,40.46379],[-79.98748,40.46424],[-79.98863,40.46287],[-79.98902,40.46314],[-79.98898,40.46327],[-79.98955,40.46363],[-79.98952,40.46365],[-79.98959,40.46376],[-79.98978,40.46394],[-79.98929,40.46407],[-79.98888,40.4636],[-79.98884,40.46368],[-79.98904,40.46391],[-79.98838,40.46403],[-79.98847,40.46429],[-79.98756,40.46447],[-79.98781,40.46519],[-79.98732,40.46516],[-79.98747,40.4656],[-79.98679,40.46573],[-79.98693,40.46612],[-79.98716,40.46608],[-79.98737,40.46665],[-79.98781,40.46657],[-79.98792,40.46687],[-79.98638,40.46685]]],[[[-79.98654,40.46783],[-79.98654,40.46737],[-79.98715,40.46738],[-79.98714,40.46783],[-79.98654,40.46783]]],[[[-79.98702,40.46939],[-79.98691,40.46904],[-79.98801,40.46905],[-79.98804,40.4694],[-79.98702,40.46939]]],[[[-79.99581,40.47297],[-79.99547,40.4719],[-79.99724,40.47209],[-79.99742,40.47291],[-79.99581,40.47297]]],[[[-79.99758,40.47456],[-79.99752,40.47299],[-79.99986,40.47287],[-79.99922,40.47047],[-79.99986,40.47023],[-80.00067,40.4712],[-80.00032,40.4714],[-80.00051,40.4716],[-80.00048,40.47168],[-80.00086,40.4716],[-80.00055,40.47266],[-80.00019,40.47261],[-80.00011,40.47287],[-80.00006,40.47392],[-79.99966,40.47389],[-79.99836,40.47413],[-79.99844,40.47441],[-79.99821,40.47446],[-79.99812,40.4744],[-79.99811,40.47433],[-79.99826,40.47409],[-79.99819,40.47406],[-79.99807,40.47421],[-79.99796,40.47423],[-79.99798,40.47446],[-79.99758,40.47456]]]]},"properties":{"name":"SPRING HILL/SPRING GARDEN GREENWAY","municipality":"CITY OF PITTSBURGH","kind":"greenway"}},{"type":"Feature","geometry":{"type":"MultiPolygon","coordinates":[[[[-80.01577,40.4631],[-80.01556,40.46288],[-80.01566,40.46283],[-80.01586,40.46306],[-80.01643,40.46277],[-80.01623,40.46254],[-80.01652,40.46239],[-80.01673,40.46261],[-80.01686,40.46255],[-80.01665,40.46232],[-80.0172,40.46204],[-80.0174,40.46265],[-80.01733,40.46269],[-80.01707,40.46245],[-80.01699,40.4625],[-80.01725,40.46274],[-80.01711,40.46282],[-80.01685,40.46258],[-80.01678,40.46263],[-80.01704,40.46287],[-80.01571,40.46366],[-80.01514,40.46342],[-80.01577,40.4631]]],[[[-80.0158,40.46054],[-80.01589,40.46071],[-80.01582,40.46073],[-80.01574,40.46055],[-80.0158,40.46054]]],[[[-80.01687,40.46063],[-80.0168,40.46041],[-80.01715,40.46034],[-80.01721,40.46051],[-80.01701,40.46055],[-80.01703,40.4606],[-80.01722,40.46056],[-80.01724,40.46061],[-80.01707,40.46064],[-80.01709,40.46069],[-80.0169,40.46073],[-80.01687,40.46063]]],[[[-80.01692,40.46079],[-80.01708,40.46076],[-80.01711,40.46086],[-80.01695,40.46089],[-80.01692,40.46079]]],[[[-80.01531,40.46091],[-80.01593,40.4608],[-80.01599,40.46089],[-80.0155,40.46113],[-80.01531,40.46091]]],[[[-80.01592,40.46108],[-80.01607,40.46101],[-80.01611,40.46107],[-80.01589,40.46118],[-80.01584,40.46112],[-80.01592,40.46108]]],[[[-80.0172,40.46107],[-80.01701,40.46107],[-80.01696,40.4609],[-80.01711,40.46087],[-80.01718,40.46096],[-80.01712,40.46086],[-80.01731,40.46082],[-80.01743,40.4612],[-80.01707,40.46125],[-80.01702,40.4611],[-80.0172,40.46107]]],[[[-80.01728,40.46138],[-80.01747,40.46136],[-80.01751,40.46148],[-80.01716,40.46154],[-80.01712,40.46141],[-80.01728,40.46138]]],[[[-80.01638,40.46126],[-80.0162,40.46099],[-80.01683,40.46088],[-80.0169,40.4611],[-80.01662,40.46115],[-80.01664,40.46121],[-80.01692,40.46116],[-80.0171,40.46171],[-80.01673,40.46181],[-80.01638,40.46126]]],[[[-80.0156,40.4617],[-80.01574,40.46162],[-80.0162,40.46215],[-80.01606,40.46223],[-80.0156,40.4617]]],[[[-80.01726,40.46184],[-80.01722,40.46172],[-80.01746,40.46152],[-80.01757,40.46161],[-80.01741,40.46173],[-80.01749,40.46179],[-80.01765,40.46168],[-80.01777,40.46177],[-80.01757,40.46194],[-80.01767,40.462],[-80.01738,40.46222],[-80.01726,40.46184]]],[[[-80.01614,40.46227],[-80.01618,40.46225],[-80.01628,40.46237],[-80.01602,40.4625],[-80.01591,40.46239],[-80.01614,40.46227]]],[[[-80.01881,40.46288],[-80.01901,40.46272],[-80.01912,40.4628],[-80.01892,40.46296],[-80.01881,40.46288]]],[[[-80.01746,40.46326],[-80.01762,40.46316],[-80.01769,40.4634],[-80.01763,40.46344],[-80.01746,40.46326]]],[[[-80.01901,40.46303],[-80.01922,40.46287],[-80.01971,40.46324],[-80.01971,40.46356],[-80.01901,40.46303]]],[[[-80.01918,40.46368],[-80.01836,40.46306],[-80.01775,40.46344],[-80.01765,40.46314],[-80.01836,40.46269],[-80.0197,40.4637],[-80.01923,40.46375],[-80.01918,40.46368]]],[[[-80.01502,40.46387],[-80.01509,40.46376],[-80.01536,40.46386],[-80.01522,40.46395],[-80.01502,40.46387]]],[[[-80.0166,40.4638],[-80.01739,40.46331],[-80.01757,40.46348],[-80.01666,40.46404],[-80.01648,40.46388],[-80.0166,40.4638]]],[[[-80.01925,40.4638],[-80.01972,40.46375],[-80.01973,40.46403],[-80.01919,40.46403],[-80.01918,40.4638],[-80.01925,40.4638]]],[[[-80.01473,40.46414],[-80.01482,40.46398],[-80.01503,40.46406],[-80.01483,40.46417],[-80.01473,40.46414]]],[[[-80.01645,40.4639],[-80.01647,40.46388],[-80.01659,40.46404],[-80.01621,40.46421],[-80.01609,40.46407],[-80.01645,40.4639]]],[[[-80.01446,40.46425],[-80.0145,40.46417],[-80.01471,40.46424],[-80.01461,40.4643],[-80.01446,40.46425]]],[[[-80.01965,40.46509],[-80.01976,40.46491],[-80.01978,40.46509],[-80.01965,40.46509]]],[[[-80.01956,40.46523],[-80.01959,40.46517],[-80.01979,40.46518],[-80.01979,40.46526],[-80.01956,40.46523]]],[[[-80.01948,40.46535],[-80.01951,40.4653],[-80.01977,40.46534],[-80.01968,40.46565],[-80.01942,40.46582],[-80.01925,40.46567],[-80.01948,40.46535]]],[[[-80.01922,40.4657],[-80.01939,40.46584],[-80.01909,40.46604],[-80.01896,40.46593],[-80.01922,40.4657]]],[[[-80.01921,40.46467],[-80.01921,40.46461],[-80.01975,40.4646],[-80.01976,40.46479],[-80.01925,40.46559],[-80.01889,40.46592],[-80.01857,40.46606],[-80.01843,40.46565],[-80.01879,40.46532],[-80.01921,40.46467]]],[[[-80.01765,40.46614],[-80.01771,40.4661],[-80.01794,40.4663],[-80.01786,40.46633],[-80.01765,40.46614]]],[[[-80.01887,40.46599],[-80.01901,40.46609],[-80.01865,40.46633],[-80.01857,40.46611],[-80.01887,40.46599]]],[[[-80.01726,40.46653],[-80.01716,40.46611],[-80.01746,40.46648],[-80.01742,40.46649],[-80.0173,40.46631],[-80.01726,40.46632],[-80.01736,40.46651],[-80.01726,40.46653]]],[[[-80.0168,40.46652],[-80.01687,40.4667],[-80.01654,40.46682],[-80.01649,40.46665],[-80.0168,40.46652]]],[[[-80.01761,40.46649],[-80.01851,40.46615],[-80.01859,40.46637],[-80.01692,40.46695],[-80.01685,40.46677],[-80.01761,40.46649]]],[[[-80.0173,40.46692],[-80.01743,40.46687],[-80.01754,40.46705],[-80.01741,40.4671],[-80.0173,40.46692]]]]},"properties":{"name":"PERRY SOUTH GREENWAY","municipality":"CITY OF PITTSBURGH","kind":"greenway"}},{"type":"Feature","geometry":{"type":"MultiPolygon","coordinates":[[[[-80.01389,40.39743],[-80.01411,40.39693],[-80.01449,40.39706],[-80.01664,40.3975],[-80.01678,40.39778],[-80.01428,40.3977],[-80.01428,40.39765],[-80.01388,40.39763],[-80.01389,40.39743]]],[[[-80.01364,40.39802],[-80.0138,40.39757],[-80.01284,40.39703],[-80.01335,40.39677],[-80.01356,40.39699],[-80.0138,40.39687],[-80.01349,40.39669],[-80.01409,40.39689],[-80.01385,40.39744],[-80.01382,40.39798],[-80.01364,40.39802]]],[[[-80.01364,40.39802],[-80.01331,40.39806],[-80.01108,40.39949],[-80.01144,40.39987],[-80.01136,40.39986],[-80.01162,40.40015],[-80.0112,40.40037],[-80.01072,40.39985],[-80.01105,40.40025],[-80.01063,40.40047],[-80.01029,40.40011],[-80.00892,40.40007],[-80.00893,40.39979],[-80.00968,40.39981],[-80.00958,40.39942],[-80.00944,40.3992],[-80.00966,40.39909],[-80.01163,40.39763],[-80.01235,40.39729],[-80.01364,40.39802]]],[[[-80.00683,40.40031],[-80.00736,40.39998],[-80.00756,40.4003],[-80.00761,40.40028],[-80.00707,40.40068],[-80.00671,40.40038],[-80.00683,40.40031]]],[[[-80.00661,40.40108],[-80.00701,40.40079],[-80.00738,40.40109],[-80.00657,40.40167],[-80.00631,40.4013],[-80.00661,40.40108]]],[[[-80.00806,40.40186],[-80.00807,40.40158],[-80.0085,40.40159],[-80.0085,40.40187],[-80.00806,40.40186]]],[[[-80.00369,40.40182],[-80.00384,40.40162],[-80.00443,40.40164],[-80.00409,40.40203],[-80.00369,40.40182]]],[[[-80.00732,40.40128],[-80.00747,40.40117],[-80.00778,40.40142],[-80.00688,40.40204],[-80.00681,40.40202],[-80.00665,40.40178],[-80.00732,40.40128]]],[[[-80.0043,40.40199],[-80.00467,40.40155],[-80.00518,40.40158],[-80.00467,40.40218],[-80.0043,40.40199]]],[[[-80.00697,40.40205],[-80.00721,40.40189],[-80.00763,40.4019],[-80.00762,40.40218],[-80.00697,40.40205]]],[[[-80.0061,40.40598],[-80.00462,40.40481],[-80.0044,40.40459],[-80.00444,40.40451],[-80.0044,40.40443],[-80.00422,40.40441],[-80.00456,40.40419],[-80.0037,40.40333],[-80.00432,40.40257],[-80.00507,40.40256],[-80.00516,40.40286],[-80.00551,40.403],[-80.00659,40.40279],[-80.00654,40.40367],[-80.00839,40.40373],[-80.00837,40.40427],[-80.01184,40.40437],[-80.01183,40.40422],[-80.01473,40.40455],[-80.01472,40.40461],[-80.01209,40.4043],[-80.01183,40.40567],[-80.01491,40.40602],[-80.01486,40.40629],[-80.01016,40.40573],[-80.00833,40.40618],[-80.00799,40.40651],[-80.0081,40.4074],[-80.00618,40.40623],[-80.0061,40.40598]]],[[[-80.01145,40.40768],[-80.01158,40.40767],[-80.01131,40.40846],[-80.01053,40.40906],[-80.00877,40.40786],[-80.01145,40.40768]]],[[[-80.01163,40.40958],[-80.01175,40.40948],[-80.01288,40.40957],[-80.01294,40.4097],[-80.0119,40.40997],[-80.01148,40.40969],[-80.01163,40.40958]]]]},"properties":{"name":"MOORE GREENWAY","municipality":"CITY OF PITTSBURGH","kind":"greenway"}},{"type":"Feature","geometry":{"type":"MultiPolygon","coordinates":[[[[-80.02355,40.4899],[-80.02608,40.48873],[-80.02626,40.48932],[-80.02462,40.49001],[-80.02444,40.48977],[-80.02431,40.48983],[-80.02448,40.49007],[-80.02441,40.4901],[-80.02424,40.48986],[-80.02395,40.48998],[-80.02418,40.49008],[-80.02402,40.49029],[-80.02388,40.49031],[-80.02345,40.49013],[-80.02355,40.4899]]],[[[-80.02651,40.49064],[-80.02532,40.49012],[-80.02513,40.48989],[-80.02576,40.48962],[-80.02593,40.48987],[-80.02606,40.48981],[-80.02623,40.49013],[-80.0259,40.49023],[-80.02598,40.49036],[-80.0263,40.49026],[-80.02651,40.49064]]],[[[-80.0251,40.49382],[-80.02478,40.49374],[-80.02512,40.49326],[-80.02618,40.49352],[-80.02607,40.49378],[-80.02555,40.49365],[-80.02544,40.4939],[-80.0251,40.49382]]],[[[-80.02409,40.49332],[-80.02345,40.49293],[-80.02378,40.49279],[-80.02491,40.49348],[-80.02474,40.49372],[-80.02409,40.49332]]],[[[-80.02604,40.49307],[-80.02593,40.49334],[-80.02557,40.49324],[-80.02624,40.49262],[-80.02624,40.49228],[-80.02633,40.49228],[-80.02632,40.49256],[-80.02678,40.49257],[-80.02676,40.49297],[-80.02642,40.49288],[-80.02617,40.4931],[-80.02604,40.49307]]],[[[-80.02703,40.48973],[-80.02665,40.48985],[-80.02655,40.48965],[-80.02644,40.48964],[-80.02619,40.48976],[-80.02603,40.48951],[-80.02635,40.48938],[-80.02634,40.48934],[-80.02676,40.48921],[-80.02703,40.48973]]],[[[-80.0265,40.49179],[-80.0268,40.49168],[-80.02687,40.49177],[-80.0272,40.49165],[-80.02721,40.49181],[-80.02633,40.49216],[-80.02554,40.49216],[-80.0265,40.49179]]],[[[-80.02382,40.49221],[-80.02394,40.4921],[-80.02428,40.4923],[-80.02379,40.49276],[-80.02342,40.4929],[-80.02337,40.49263],[-80.02382,40.49221]]],[[[-80.02589,40.49078],[-80.0256,40.49064],[-80.02577,40.49041],[-80.02661,40.49079],[-80.02666,40.49087],[-80.02635,40.49098],[-80.02589,40.49078]]],[[[-80.02669,40.49066],[-80.02644,40.49022],[-80.02679,40.4901],[-80.02712,40.49069],[-80.0268,40.49081],[-80.02669,40.49066]]],[[[-80.02779,40.49339],[-80.02781,40.49437],[-80.02734,40.49445],[-80.02779,40.49339]]],[[[-80.02524,40.49141],[-80.02544,40.49133],[-80.0256,40.49158],[-80.02467,40.49193],[-80.02445,40.49172],[-80.02451,40.49169],[-80.02463,40.49179],[-80.02506,40.49162],[-80.02499,40.49151],[-80.02524,40.49141]]],[[[-80.02735,40.49306],[-80.02735,40.49285],[-80.02769,40.49285],[-80.02771,40.49325],[-80.0276,40.49349],[-80.02726,40.4934],[-80.02735,40.49319],[-80.02735,40.49306]]],[[[-80.02718,40.49359],[-80.02724,40.49346],[-80.02758,40.49355],[-80.02726,40.49427],[-80.02707,40.49385],[-80.02718,40.49359]]],[[[-80.02446,40.49031],[-80.02457,40.4903],[-80.02488,40.49043],[-80.02467,40.49072],[-80.02394,40.49038],[-80.02446,40.49031]]],[[[-80.02329,40.49254],[-80.02322,40.4926],[-80.02283,40.49234],[-80.02346,40.4921],[-80.02363,40.49221],[-80.02329,40.49254]]],[[[-80.0249,40.48999],[-80.02505,40.48992],[-80.02526,40.49019],[-80.02509,40.49041],[-80.02451,40.49015],[-80.0249,40.48999]]],[[[-80.02519,40.49263],[-80.02507,40.49274],[-80.02482,40.49258],[-80.02506,40.49235],[-80.02525,40.49228],[-80.02545,40.49228],[-80.02545,40.49255],[-80.02529,40.49255],[-80.02519,40.49263]]],[[[-80.02551,40.49204],[-80.025,40.49224],[-80.02478,40.49203],[-80.02535,40.49181],[-80.02551,40.49204]]],[[[-80.02484,40.49416],[-80.02453,40.49408],[-80.0247,40.49384],[-80.02522,40.49397],[-80.0251,40.49422],[-80.02484,40.49416]]],[[[-80.02709,40.49256],[-80.027,40.49256],[-80.027,40.49228],[-80.02727,40.49228],[-80.02727,40.49256],[-80.02736,40.49256],[-80.02736,40.49283],[-80.02709,40.49283],[-80.02709,40.49256]]],[[[-80.0261,40.49228],[-80.02609,40.49257],[-80.02587,40.49278],[-80.0255,40.49255],[-80.02582,40.49256],[-80.02582,40.49228],[-80.0261,40.49228]]],[[[-80.02436,40.49399],[-80.02409,40.49382],[-80.02432,40.49361],[-80.02467,40.49382],[-80.02449,40.49406],[-80.02436,40.49399]]],[[[-80.02386,40.48918],[-80.02388,40.48911],[-80.02422,40.4892],[-80.02415,40.48939],[-80.02432,40.48943],[-80.02422,40.48947],[-80.02378,40.48937],[-80.02386,40.48918]]],[[[-80.02722,40.49195],[-80.02731,40.49191],[-80.02731,40.49217],[-80.02666,40.49216],[-80.02722,40.49195]]],[[[-80.02691,40.49301],[-80.02694,40.49294],[-80.0272,40.49294],[-80.02718,40.49323],[-80.02685,40.49314],[-80.02691,40.49301]]],[[[-80.02665,40.48985],[-80.02673,40.48999],[-80.02638,40.49011],[-80.0263,40.48997],[-80.02665,40.48985]]],[[[-80.02477,40.48922],[-80.02449,40.48935],[-80.02433,40.48931],[-80.02451,40.48908],[-80.02477,40.48922]]],[[[-80.02564,40.49299],[-80.02542,40.49321],[-80.02523,40.49316],[-80.02551,40.49291],[-80.02564,40.49299]]],[[[-80.02322,40.4926],[-80.02328,40.49297],[-80.023,40.4928],[-80.02322,40.4926]]],[[[-80.02497,40.49227],[-80.02493,40.4923],[-80.02465,40.49213],[-80.02473,40.49205],[-80.02497,40.49227]]],[[[-80.0269,40.49256],[-80.02691,40.49283],[-80.02682,40.49283],[-80.02682,40.49256],[-80.0269,40.49256]]]]},"properties":{"name":"OBSERVATORY HILL HOLLOWS GREENWAY","municipality":"CITY OF PITTSBURGH","kind":"greenway"}},{"type":"Feature","geometry":{"type":"MultiPolygon","coordinates":[[[[-79.93411,40.48908],[-79.93281,40.48901],[-79.93146,40.48908],[-79.93093,40.48827],[-79.93117,40.48798],[-79.9336,40.48782],[-79.93366,40.48713],[-79.93372,40.48699],[-79.93381,40.48688],[-79.93388,40.48691],[-79.93404,40.48674],[-79.93418,40.48687],[-79.93437,40.48674],[-79.93475,40.48714],[-79.93499,40.48755],[-79.93478,40.48763],[-79.93479,40.48772],[-79.93505,40.48763],[-79.93519,40.48788],[-79.93481,40.48801],[-79.93481,40.48811],[-79.93524,40.48796],[-79.93539,40.4882],[-79.93483,40.48839],[-79.93487,40.48875],[-79.93457,40.48874],[-79.93412,40.48895],[-79.93411,40.48908]]],[[[-79.94126,40.4828],[-79.943,40.48234],[-79.94351,40.48278],[-79.94232,40.48274],[-79.9419,40.48278],[-79.94105,40.48296],[-79.94105,40.48286],[-79.94126,40.4828]]],[[[-79.94292,40.48301],[-79.94272,40.48292],[-79.9419,40.48293],[-79.94242,40.48287],[-79.94316,40.4829],[-79.94309,40.48308],[-79.94292,40.48301]]],[[[-79.94336,40.48319],[-79.9435,40.48302],[-79.9438,40.48304],[-79.94409,40.48331],[-79.94392,40.48344],[-79.94336,40.48319]]],[[[-79.94319,40.48392],[-79.94301,40.48375],[-79.94258,40.48379],[-79.94124,40.48325],[-79.94125,40.4831],[-79.94269,40.48307],[-79.9432,40.48328],[-79.94326,40.48338],[-79.94374,40.48355],[-79.94319,40.48392]]],[[[-79.93903,40.48599],[-79.93922,40.48594],[-79.93939,40.48624],[-79.9393,40.48627],[-79.93903,40.48599]]],[[[-79.93974,40.48627],[-79.94042,40.48603],[-79.9403,40.48592],[-79.93946,40.48622],[-79.93929,40.48592],[-79.9399,40.48578],[-79.93996,40.48558],[-79.93987,40.48549],[-79.94016,40.48478],[-79.94044,40.48476],[-79.94187,40.48622],[-79.94096,40.48657],[-79.94064,40.48626],[-79.93965,40.48661],[-79.93942,40.48639],[-79.93974,40.48627]]],[[[-79.93515,40.48753],[-79.93493,40.48717],[-79.93542,40.48724],[-79.93581,40.487],[-79.93591,40.48726],[-79.93515,40.48753]]],[[[-79.93665,40.48647],[-79.9368,40.48637],[-79.93749,40.48635],[-79.93772,40.48627],[-79.93849,40.48708],[-79.93663,40.48773],[-79.93609,40.48682],[-79.93665,40.48647]]],[[[-79.93796,40.48736],[-79.93856,40.48715],[-79.93875,40.48737],[-79.93753,40.4878],[-79.93738,40.48757],[-79.93796,40.48736]]],[[[-79.9358,40.4874],[-79.93594,40.48734],[-79.93604,40.4876],[-79.93534,40.48785],[-79.93519,40.48761],[-79.9358,40.4874]]],[[[-79.93155,40.48793],[-79.93219,40.48762],[-79.9324,40.48788],[-79.93155,40.48793]]],[[[-79.93592,40.48774],[-79.93607,40.48768],[-79.93617,40.48794],[-79.93551,40.48816],[-79.93537,40.48792],[-79.93592,40.48774]]],[[[-79.92761,40.48817],[-79.92768,40.48797],[-79.92867,40.4882],[-79.92858,40.48839],[-79.92761,40.48817]]],[[[-79.92579,40.48801],[-79.92728,40.48835],[-79.92718,40.48861],[-79.92567,40.48826],[-79.92579,40.48801]]],[[[-79.92919,40.48853],[-79.92929,40.48829],[-79.92969,40.4883],[-79.92957,40.48862],[-79.92919,40.48853]]],[[[-79.92734,40.48865],[-79.92745,40.48839],[-79.92787,40.48849],[-79.9281,40.48882],[-79.92734,40.48865]]],[[[-79.92876,40.48891],[-79.92943,40.48887],[-79.9294,40.489],[-79.92876,40.48891]]],[[[-79.92356,40.48911],[-79.92368,40.48876],[-79.92399,40.48883],[-79.92386,40.48917],[-79.92356,40.48911]]],[[[-79.92987,40.48884],[-79.92997,40.48883],[-79.92992,40.48907],[-79.92973,40.48905],[-79.92978,40.48884],[-79.92987,40.48884]]],[[[-79.92668,40.48894],[-79.92677,40.48869],[-79.92795,40.48897],[-79.9279,40.48911],[-79.92734,40.48909],[-79.92668,40.48894]]],[[[-79.93026,40.48881],[-79.93045,40.48907],[-79.93004,40.48907],[-79.93008,40.48882],[-79.93026,40.48881]]],[[[-79.92419,40.48924],[-79.92432,40.48891],[-79.92487,40.48904],[-79.92474,40.48936],[-79.92419,40.48924]]],[[[-79.92684,40.48931],[-79.92694,40.48907],[-79.92731,40.48915],[-79.92726,40.48941],[-79.92684,40.48931]]],[[[-79.92503,40.48942],[-79.92515,40.4891],[-79.9255,40.48918],[-79.92537,40.48949],[-79.92503,40.48942]]],[[[-79.92792,40.48944],[-79.92793,40.48917],[-79.92797,40.48917],[-79.928,40.48909],[-79.92799,40.48944],[-79.92792,40.48944]]],[[[-79.92806,40.48944],[-79.92809,40.48899],[-79.92873,40.48908],[-79.92871,40.48946],[-79.92806,40.48944]]]]},"properties":{"name":"ALLEGHENY RIVER GREENWAY","municipality":"CITY OF PITTSBURGH","kind":"greenway"}},{"type":"Feature","geometry":{"type":"MultiPolygon","coordinates":[[[[-79.96221,40.43395],[-79.96247,40.43357],[-79.96311,40.43382],[-79.96317,40.43377],[-79.96436,40.43429],[-79.96417,40.43457],[-79.96366,40.43436],[-79.96221,40.43395]]],[[[-79.96075,40.43301],[-79.96043,40.43286],[-79.96034,40.43286],[-79.96031,40.43292],[-79.96014,40.43281],[-79.96008,40.43283],[-79.95992,40.43239],[-79.96089,40.43279],[-79.96075,40.43301]]],[[[-79.96163,40.43336],[-79.96166,40.43332],[-79.96186,40.43341],[-79.9618,40.43348],[-79.9616,40.4334],[-79.96163,40.43336]]],[[[-79.96194,40.43349],[-79.96196,40.43345],[-79.96215,40.43353],[-79.9621,40.43361],[-79.96191,40.43353],[-79.96194,40.43349]]],[[[-79.96214,40.43357],[-79.96217,40.43354],[-79.96237,40.43362],[-79.96231,40.4337],[-79.96211,40.43362],[-79.96214,40.43357]]],[[[-79.96425,40.4346],[-79.96444,40.43432],[-79.96558,40.43482],[-79.96529,40.43502],[-79.96425,40.4346]]],[[[-79.96639,40.43542],[-79.96661,40.43532],[-79.96676,40.43538],[-79.96682,40.43531],[-79.96698,40.43542],[-79.96696,40.43549],[-79.96622,40.43554],[-79.96639,40.43542]]],[[[-79.96582,40.43566],[-79.96541,40.43508],[-79.96571,40.43489],[-79.96606,40.43504],[-79.96585,40.43519],[-79.96589,40.43523],[-79.96609,40.43507],[-79.96636,40.43525],[-79.96582,40.43566]]],[[[-79.967,40.43555],[-79.96709,40.43555],[-79.9671,40.43576],[-79.96596,40.43575],[-79.96613,40.4356],[-79.967,40.43555]]],[[[-79.96733,40.43576],[-79.96733,40.43559],[-79.96749,40.43565],[-79.96744,40.43576],[-79.96733,40.43576]]],[[[-79.96754,40.43576],[-79.96762,40.43559],[-79.96773,40.43561],[-79.96767,40.43575],[-79.96754,40.43576]]]]},"properties":{"name":"OAKCLIFFE GREENWAY","municipality":"CITY OF PITTSBURGH","kind":"greenway"}},{"type":"Feature","geometry":{"type":"MultiPolygon","coordinates":[[[[-79.97915,40.45039],[-79.97955,40.45021],[-79.97957,40.45007],[-79.98085,40.44954],[-79.98093,40.44967],[-79.98268,40.44817],[-79.98341,40.44783],[-79.98365,40.44803],[-79.98384,40.44795],[-79.98406,40.44783],[-79.98385,40.44764],[-79.98441,40.44741],[-79.9847,40.44773],[-79.98222,40.44938],[-79.98199,40.44949],[-79.9815,40.44971],[-79.98034,40.45011],[-79.97915,40.45039]]],[[[-79.97913,40.45039],[-79.97772,40.45066],[-79.97668,40.45101],[-79.97582,40.45144],[-79.9744,40.45242],[-79.97391,40.4527],[-79.97299,40.4523],[-79.97773,40.45029],[-79.97795,40.45059],[-79.97811,40.45057],[-79.97839,40.45042],[-79.97913,40.45039]]],[[[-79.98522,40.44749],[-79.98602,40.44679],[-79.98608,40.44684],[-79.98599,40.44712],[-79.98603,40.44713],[-79.98612,40.44683],[-79.98605,40.44677],[-79.98614,40.44669],[-79.98773,40.44601],[-79.98871,40.44501],[-79.98896,40.44535],[-79.98465,40.44808],[-79.98382,40.44853],[-79.98375,40.44846],[-79.98522,40.44749]]],[[[-79.95431,40.45805],[-79.95458,40.45789],[-79.95485,40.45833],[-79.95608,40.45969],[-79.95561,40.45998],[-79.95439,40.45853],[-79.95402,40.4582],[-79.95431,40.45805]]],[[[-79.95723,40.46073],[-79.95583,40.46005],[-79.95578,40.46002],[-79.95584,40.45999],[-79.95627,40.46026],[-79.95662,40.4604],[-79.95746,40.46053],[-79.9582,40.46047],[-79.96119,40.45991],[-79.96127,40.46017],[-79.95819,40.46074],[-79.95767,40.46078],[-79.95723,40.46073]]],[[[-79.9761,40.45367],[-79.97367,40.45529],[-79.9735,40.45516],[-79.97542,40.45347],[-79.97555,40.45353],[-79.97568,40.45349],[-79.9761,40.45367]]],[[[-79.95675,40.45992],[-79.95654,40.45982],[-79.95641,40.4597],[-79.95634,40.45933],[-79.95678,40.45886],[-79.95711,40.45897],[-79.95661,40.4595],[-79.95723,40.45912],[-79.95734,40.45922],[-79.95684,40.4595],[-79.95707,40.45964],[-79.95709,40.4596],[-79.95727,40.45976],[-79.95764,40.45979],[-79.95786,40.45969],[-79.95798,40.46002],[-79.95746,40.46007],[-79.95675,40.45992]]],[[[-79.9701,40.45377],[-79.97316,40.45248],[-79.97351,40.45262],[-79.9701,40.45398],[-79.97003,40.45387],[-79.9701,40.45377]]],[[[-79.97285,40.45321],[-79.97028,40.45421],[-79.97016,40.45405],[-79.97361,40.45267],[-79.97383,40.45276],[-79.97285,40.45321]]],[[[-79.95527,40.45792],[-79.95484,40.45722],[-79.95514,40.45712],[-79.9558,40.45821],[-79.95697,40.4586],[-79.9571,40.45872],[-79.95713,40.45888],[-79.95556,40.45839],[-79.95527,40.45792]]],[[[-79.9586,40.45866],[-79.95824,40.45874],[-79.9579,40.45868],[-79.95915,40.45791],[-79.95942,40.45815],[-79.96034,40.45777],[-79.96044,40.45791],[-79.9586,40.45866]]],[[[-79.97711,40.45166],[-79.97879,40.45119],[-79.97836,40.45158],[-79.97751,40.45183],[-79.97694,40.45232],[-79.97658,40.45239],[-79.97711,40.45166]]],[[[-79.97195,40.45275],[-79.97288,40.45235],[-79.97311,40.45245],[-79.97014,40.45371],[-79.97037,40.4534],[-79.97195,40.45275]]],[[[-79.96758,40.45502],[-79.96915,40.45436],[-79.96938,40.45447],[-79.96929,40.4546],[-79.96831,40.45498],[-79.96725,40.45524],[-79.96758,40.45502]]],[[[-79.95544,40.4587],[-79.95532,40.4586],[-79.95551,40.45845],[-79.9567,40.45884],[-79.9563,40.45925],[-79.95608,40.45899],[-79.95544,40.4587]]],[[[-79.97761,40.45192],[-79.97827,40.45172],[-79.97843,40.45206],[-79.9779,40.45241],[-79.97742,40.45208],[-79.97761,40.45192]]],[[[-79.97698,40.45141],[-79.97709,40.45136],[-79.97625,40.45252],[-79.97581,40.45223],[-79.97633,40.45192],[-79.97674,40.45156],[-79.97698,40.45141]]],[[[-79.95344,40.45763],[-79.95333,40.45768],[-79.95303,40.45757],[-79.95247,40.45707],[-79.95293,40.45681],[-79.95344,40.45763]]],[[[-79.96335,40.45857],[-79.96323,40.4584],[-79.96356,40.45828],[-79.96414,40.45911],[-79.96372,40.45918],[-79.96367,40.45902],[-79.96335,40.45857]]],[[[-79.97557,40.45272],[-79.97583,40.45289],[-79.97574,40.45297],[-79.97561,40.45289],[-79.97574,40.45297],[-79.97546,40.45322],[-79.97524,40.45308],[-79.97518,40.45312],[-79.97541,40.45326],[-79.97533,40.45333],[-79.97473,40.45306],[-79.97557,40.45272]]],[[[-79.96265,40.45964],[-79.96274,40.45962],[-79.96282,40.45989],[-79.9619,40.46007],[-79.96181,40.45979],[-79.96265,40.45964]]],[[[-79.95602,40.46005],[-79.9559,40.45995],[-79.95618,40.45978],[-79.95672,40.46006],[-79.95657,40.4603],[-79.95602,40.46005]]],[[[-79.96558,40.4584],[-79.96532,40.45834],[-79.96569,40.45816],[-79.96612,40.45872],[-79.96586,40.45884],[-79.96558,40.4584]]],[[[-79.97616,40.4528],[-79.9763,40.45268],[-79.97642,40.45275],[-79.9763,40.45268],[-79.97649,40.45249],[-79.97682,40.45244],[-79.97655,40.45277],[-79.97647,40.45272],[-79.97655,40.45277],[-79.97628,40.45302],[-79.97606,40.45289],[-79.97616,40.4528]]],[[[-79.95766,40.46047],[-79.9575,40.46047],[-79.9575,40.4602],[-79.95803,40.46015],[-79.95811,40.46041],[-79.95766,40.46047]]],[[[-79.96131,40.45736],[-79.96159,40.45724],[-79.96169,40.45739],[-79.96085,40.45774],[-79.96074,40.4576],[-79.96131,40.45736]]],[[[-79.985,40.44716],[-79.98584,40.44681],[-79.98512,40.44744],[-79.98494,40.44719],[-79.985,40.44716]]],[[[-79.97559,40.4533],[-79.97602,40.45293],[-79.97623,40.45307],[-79.97618,40.45311],[-79.9761,40.45306],[-79.97618,40.45311],[-79.97595,40.45332],[-79.97556,40.45343],[-79.97548,40.4534],[-79.97559,40.4533]]],[[[-79.96709,40.458],[-79.96698,40.45786],[-79.96738,40.45767],[-79.96755,40.45796],[-79.9672,40.45813],[-79.96709,40.458]]],[[[-79.96157,40.45984],[-79.96173,40.45981],[-79.96181,40.46007],[-79.96135,40.46016],[-79.96126,40.45989],[-79.96157,40.45984]]],[[[-79.98281,40.44931],[-79.98284,40.44929],[-79.98318,40.44955],[-79.98295,40.44969],[-79.98258,40.44943],[-79.98281,40.44931]]],[[[-79.96446,40.45622],[-79.96408,40.45638],[-79.96387,40.45617],[-79.96429,40.45606],[-79.96446,40.45622]]],[[[-79.95412,40.45797],[-79.95369,40.45782],[-79.95361,40.45768],[-79.95389,40.45757],[-79.95412,40.45797]]],[[[-79.96271,40.45929],[-79.96286,40.45926],[-79.96295,40.45952],[-79.96265,40.45958],[-79.96255,40.45931],[-79.96271,40.45929]]],[[[-79.97593,40.45244],[-79.97598,40.4524],[-79.97622,40.45255],[-79.976,40.45275],[-79.97576,40.45259],[-79.97593,40.45244]]],[[[-79.97564,40.45231],[-79.97576,40.45226],[-79.97594,40.45236],[-79.97573,40.45257],[-79.97544,40.45238],[-79.97564,40.45231]]],[[[-79.96114,40.45967],[-79.96122,40.45963],[-79.96135,40.45981],[-79.96082,40.4599],[-79.96076,40.45983],[-79.96114,40.45967]]],[[[-79.96854,40.45504],[-79.96901,40.45488],[-79.96843,40.45518],[-79.96787,40.45523],[-79.96854,40.45504]]],[[[-79.98348,40.4492],[-79.98323,40.44933],[-79.98305,40.44917],[-79.9833,40.44904],[-79.98348,40.4492]]],[[[-79.98456,40.44734],[-79.98461,40.44732],[-79.98482,40.44765],[-79.98474,40.4477],[-79.98456,40.44752],[-79.98446,40.44738],[-79.98456,40.44734]]],[[[-79.9637,40.45654],[-79.96355,40.4566],[-79.96327,40.45632],[-79.96343,40.45628],[-79.9637,40.45654]]],[[[-79.96249,40.45653],[-79.96264,40.45649],[-79.96269,40.45665],[-79.96249,40.45674],[-79.96241,40.45655],[-79.96249,40.45653]]],[[[-79.95855,40.4599],[-79.95847,40.45992],[-79.95821,40.45955],[-79.95829,40.45952],[-79.95855,40.4599]]],[[[-79.96296,40.45667],[-79.96301,40.45665],[-79.96312,40.45678],[-79.96293,40.45687],[-79.96281,40.45673],[-79.96296,40.45667]]],[[[-79.97561,40.45275],[-79.97557,40.45272],[-79.97567,40.45268],[-79.9759,40.45283],[-79.97583,40.45289],[-79.97561,40.45275]]],[[[-79.9583,40.46038],[-79.95821,40.4604],[-79.95811,40.46014],[-79.9582,40.46012],[-79.9583,40.46038]]],[[[-79.98368,40.44851],[-79.98374,40.44847],[-79.98378,40.44854],[-79.98352,40.44869],[-79.98347,40.44864],[-79.98368,40.44851]]],[[[-79.98488,40.4483],[-79.98472,40.44839],[-79.98462,40.4483],[-79.98479,40.44822],[-79.98488,40.4483]]],[[[-79.98363,40.4491],[-79.98354,40.44916],[-79.98338,40.449],[-79.98345,40.44895],[-79.98363,40.4491]]],[[[-79.96364,40.4594],[-79.96357,40.45941],[-79.96348,40.45914],[-79.96356,40.45913],[-79.96364,40.4594]]],[[[-79.98444,40.44855],[-79.98432,40.44863],[-79.98421,40.44853],[-79.98433,40.44847],[-79.98444,40.44855]]],[[[-79.96292,40.45656],[-79.96278,40.45661],[-79.96272,40.45647],[-79.9628,40.45645],[-79.96292,40.45656]]],[[[-79.98603,40.44747],[-79.98584,40.44764],[-79.98576,40.44761],[-79.986,40.44745],[-79.98603,40.44747]]],[[[-79.98576,40.44772],[-79.98566,40.4478],[-79.98555,40.44774],[-79.98567,40.44766],[-79.98576,40.44772]]],[[[-79.96223,40.45716],[-79.96216,40.45719],[-79.96205,40.45705],[-79.96213,40.45702],[-79.96223,40.45716]]],[[[-79.96351,40.45902],[-79.96341,40.45904],[-79.96334,40.45878],[-79.96351,40.45902]]],[[[-79.98559,40.44786],[-79.98552,40.44791],[-79.98542,40.44782],[-79.9855,40.44777],[-79.98559,40.44786]]],[[[-79.97527,40.4534],[-79.97522,40.45344],[-79.97496,40.45328],[-79.97527,40.4534]]],[[[-79.98541,40.44798],[-79.98535,40.44801],[-79.98525,40.44793],[-79.98532,40.44789],[-79.98541,40.44798]]],[[[-79.9607,40.45992],[-79.96062,40.45994],[-79.96055,40.45985],[-79.96063,40.45982],[-79.9607,40.45992]]]]},"properties":{"name":"BIGELOW GREENWAY","municipality":"CITY OF PITTSBURGH","kind":"greenway"}},{"type":"Feature","geometry":{"type":"MultiPolygon","coordinates":[[[[-79.91276,40.42613],[-79.91222,40.42513],[-79.91215,40.42494],[-79.91222,40.42493],[-79.91219,40.42481],[-79.91212,40.42482],[-79.91205,40.42438],[-79.91243,40.42435],[-79.91237,40.42442],[-79.91242,40.42444],[-79.91275,40.42409],[-79.91324,40.42383],[-79.91381,40.4238],[-79.91386,40.42421],[-79.91336,40.42422],[-79.91312,40.42428],[-79.91289,40.4245],[-79.91277,40.42477],[-79.91277,40.42498],[-79.91283,40.42519],[-79.91325,40.426],[-79.91291,40.42608],[-79.91297,40.42619],[-79.91333,40.42609],[-79.91346,40.42625],[-79.91311,40.4264],[-79.91327,40.42655],[-79.913,40.42673],[-79.91272,40.42649],[-79.91279,40.4263],[-79.91276,40.42613]]],[[[-79.91402,40.42424],[-79.91398,40.4238],[-79.91433,40.4238],[-79.91439,40.42435],[-79.91402,40.42424]]]]},"properties":{"name":"NINE MILE RUN GREENWAY","municipality":"CITY OF PITTSBURGH","kind":"greenway"}},{"type":"Feature","geometry":{"type":"MultiPolygon","coordinates":[[[[-79.98619,40.42513],[-79.98634,40.42446],[-79.98622,40.42441],[-79.98647,40.42402],[-79.98712,40.42342],[-79.98789,40.42299],[-79.98892,40.42289],[-79.98952,40.42277],[-79.98958,40.42285],[-79.98876,40.42324],[-79.98866,40.42312],[-79.98856,40.42315],[-79.9886,40.42302],[-79.98802,40.42338],[-79.98768,40.42372],[-79.9876,40.4237],[-79.98749,40.42376],[-79.98753,40.42391],[-79.9875,40.42397],[-79.98722,40.42392],[-79.9872,40.42398],[-79.98712,40.42397],[-79.987,40.42429],[-79.98707,40.4243],[-79.98703,40.4244],[-79.9871,40.42441],[-79.98705,40.42452],[-79.98699,40.4245],[-79.98677,40.42508],[-79.98655,40.42501],[-79.98656,40.42553],[-79.9865,40.42553],[-79.98652,40.4253],[-79.98617,40.42522],[-79.98619,40.42513]]],[[[-79.98814,40.42341],[-79.9883,40.4233],[-79.98839,40.42338],[-79.98802,40.42386],[-79.98779,40.42374],[-79.98814,40.42341]]],[[[-79.98736,40.42459],[-79.98737,40.42455],[-79.98754,40.42458],[-79.98757,40.42445],[-79.98742,40.42442],[-79.9876,40.42396],[-79.98774,40.4238],[-79.98798,40.42391],[-79.98779,40.42418],[-79.98769,40.42471],[-79.98734,40.42463],[-79.98736,40.42459]]],[[[-79.98797,40.42405],[-79.98845,40.42343],[-79.98863,40.42367],[-79.98854,40.42375],[-79.98842,40.42361],[-79.98828,40.42382],[-79.98841,40.42389],[-79.98831,40.42408],[-79.98829,40.42424],[-79.98844,40.4246],[-79.988,40.42461],[-79.98801,40.42488],[-79.98774,40.42489],[-79.98786,40.42419],[-79.98797,40.42405]]],[[[-79.98867,40.42489],[-79.98867,40.42469],[-79.98889,40.42477],[-79.98959,40.42481],[-79.9899,40.42487],[-79.98867,40.42489]]]]},"properties":{"name":"KNOXVILLE INCLINE GREENWAY","municipality":"CITY OF PITTSBURGH","kind":"greenway"}},{"type":"Feature","geometry":{"type":"MultiPolygon","coordinates":[[[[-79.99667,40.3773],[-79.99549,40.37694],[-79.99549,40.377],[-79.99494,40.37687],[-79.99495,40.37572],[-79.99416,40.37578],[-79.99519,40.37508],[-79.99592,40.37545],[-79.99648,40.37563],[-79.99677,40.37566],[-79.99679,40.37572],[-79.99712,40.37583],[-79.99732,40.37627],[-79.99805,40.37648],[-79.99816,40.37656],[-79.99757,40.37707],[-79.99688,40.37732],[-79.99682,40.37727],[-79.99689,40.37687],[-79.99682,40.37686],[-79.99673,40.37733],[-79.99667,40.3773]]],[[[-80.00044,40.37584],[-80.00067,40.37558],[-80.001,40.37578],[-80.00075,40.37603],[-80.00044,40.37584]]],[[[-80.00046,40.3763],[-80.00016,40.37613],[-80.0004,40.37585],[-80.00073,40.37604],[-80.00046,40.3763]]],[[[-80.00067,40.37618],[-80.00104,40.37579],[-80.00138,40.37599],[-80.00085,40.37653],[-80.00051,40.37633],[-80.00067,40.37618]]],[[[-79.99987,40.37651],[-80.0001,40.37624],[-80.00038,40.37641],[-80.00012,40.37666],[-79.99987,40.37651]]],[[[-80.00118,40.37639],[-80.00174,40.37582],[-80.00203,40.37607],[-80.0013,40.37679],[-80.00096,40.3766],[-80.00118,40.37639]]],[[[-79.99961,40.37681],[-79.99984,40.37655],[-80.0001,40.37669],[-79.99984,40.37695],[-79.99961,40.37681]]],[[[-79.99786,40.37699],[-79.99825,40.37664],[-79.99853,40.37686],[-79.99816,40.37719],[-79.99786,40.37699]]],[[[-80.00036,40.37648],[-80.00041,40.37643],[-80.00075,40.37662],[-80.00022,40.37717],[-79.99988,40.37697],[-80.00036,40.37648]]],[[[-79.99921,40.37727],[-79.99951,40.37691],[-79.99976,40.37703],[-79.99937,40.3774],[-79.99921,40.37727]]],[[[-80.00103,40.37713],[-80.00125,40.37691],[-80.00158,40.37711],[-80.0011,40.37759],[-80.00077,40.3774],[-80.00103,40.37713]]],[[[-79.99973,40.37712],[-79.99978,40.37706],[-80.00012,40.37726],[-79.99973,40.37766],[-79.99942,40.37743],[-79.99973,40.37712]]],[[[-80.00082,40.37675],[-80.00088,40.37669],[-80.00122,40.37689],[-80.00036,40.37776],[-80.00002,40.37756],[-80.00082,40.37675]]],[[[-79.99617,40.37729],[-79.99619,40.37722],[-79.99666,40.37737],[-79.99654,40.37804],[-79.99604,40.37798],[-79.99617,40.37729]]],[[[-80.00059,40.37758],[-80.00093,40.37776],[-80.00072,40.37797],[-80.00039,40.37778],[-80.00059,40.37758]]],[[[-79.99697,40.37742],[-79.99762,40.37718],[-79.99781,40.37704],[-79.99816,40.37727],[-79.99858,40.37691],[-79.99895,40.3772],[-79.99864,40.37748],[-79.99674,40.37817],[-79.99667,40.37811],[-79.99678,40.37755],[-79.99697,40.37742]]],[[[-80.00168,40.37725],[-80.00173,40.37719],[-80.00206,40.37739],[-80.00121,40.37825],[-80.00087,40.37806],[-80.00168,40.37725]]],[[[-79.99474,40.37766],[-79.99476,40.37758],[-79.99537,40.37764],[-79.99519,40.37859],[-79.99451,40.37851],[-79.99474,40.37766]]],[[[-79.99986,40.37771],[-79.99992,40.37765],[-80.00026,40.37785],[-79.99956,40.37856],[-79.99925,40.37832],[-79.99986,40.37771]]],[[[-80.00022,40.37795],[-80.0003,40.37787],[-80.00062,40.37807],[-79.99987,40.37882],[-79.99959,40.37859],[-80.00022,40.37795]]],[[[-79.99656,40.37874],[-79.99659,40.37855],[-79.99696,40.37858],[-79.99692,40.3785],[-79.99665,40.37836],[-79.99668,40.37832],[-79.99872,40.37758],[-79.9991,40.37724],[-79.9997,40.37769],[-79.99913,40.37824],[-79.99901,40.37814],[-79.99696,40.37888],[-79.99698,40.37878],[-79.99656,40.37874]]],[[[-80.00066,40.37826],[-80.00078,40.37815],[-80.00152,40.3786],[-80.00113,40.37888],[-80.00073,40.37864],[-80.00094,40.37843],[-80.00066,40.37826]]],[[[-79.99875,40.37884],[-79.99891,40.37878],[-79.9991,40.3791],[-79.99895,40.37915],[-79.99875,40.37884]]],[[[-79.99715,40.37897],[-79.99827,40.37856],[-79.99846,40.37888],[-79.99734,40.37929],[-79.99715,40.37897]]],[[[-79.99895,40.37931],[-79.99979,40.37902],[-79.99964,40.3789],[-79.99918,40.37907],[-79.99899,40.37875],[-79.99932,40.37864],[-79.99926,40.37859],[-79.99864,40.37882],[-79.99844,40.37849],[-79.99892,40.37832],[-79.99921,40.37836],[-80.00023,40.37916],[-80.00007,40.37924],[-80.00002,40.3792],[-79.99917,40.37968],[-79.99895,40.37931]]],[[[-79.99449,40.37866],[-79.9945,40.37861],[-79.99517,40.37868],[-79.99505,40.37932],[-79.99582,40.38056],[-79.99538,40.38071],[-79.99444,40.37914],[-79.99449,40.37866]]],[[[-80.0003,40.37963],[-80.00057,40.37944],[-80.00077,40.37961],[-80.00003,40.38043],[-79.99978,40.38065],[-79.99951,40.38019],[-80.0003,40.37963]]],[[[-79.99887,40.38048],[-79.99935,40.3803],[-79.99962,40.38074],[-79.9987,40.38117],[-79.99838,40.38065],[-79.99887,40.38048]]]]},"properties":{"name":"FAIRHAVEN PARK","municipality":"CITY OF PITTSBURGH","kind":"greenway"}},{"type":"Feature","geometry":{"type":"MultiPolygon","coordinates":[[[[-80.02786,40.42965],[-80.02624,40.42765],[-80.02448,40.42592],[-80.02382,40.42555],[-80.02272,40.42522],[-80.02232,40.42515],[-80.0218,40.42516],[-80.02155,40.42508],[-80.02118,40.42492],[-80.02093,40.4247],[-80.02015,40.42396],[-80.02045,40.42358],[-80.02153,40.42358],[-80.02121,40.42334],[-80.01894,40.42325],[-80.01903,40.42266],[-80.01834,40.42261],[-80.01788,40.42235],[-80.01824,40.42239],[-80.01862,40.42227],[-80.01875,40.42125],[-80.01888,40.42095],[-80.01933,40.42068],[-80.02308,40.42062],[-80.02286,40.42188],[-80.0245,40.42204],[-80.02428,40.42347],[-80.02355,40.42344],[-80.02335,40.42447],[-80.0248,40.42453],[-80.02486,40.42494],[-80.02526,40.42533],[-80.02591,40.42546],[-80.02631,40.42542],[-80.02651,40.42658],[-80.02657,40.42675],[-80.02681,40.42695],[-80.02723,40.42702],[-80.02759,40.42688],[-80.02777,40.42663],[-80.02725,40.42357],[-80.02716,40.42357],[-80.02727,40.42352],[-80.02715,40.42338],[-80.02675,40.42311],[-80.02646,40.42301],[-80.0262,40.42339],[-80.02637,40.42234],[-80.02664,40.42236],[-80.02663,40.42243],[-80.02702,40.42247],[-80.0271,40.42198],[-80.02654,40.42193],[-80.0266,40.42147],[-80.02835,40.42165],[-80.0281,40.42361],[-80.02913,40.42364],[-80.0292,40.42469],[-80.02957,40.42469],[-80.02959,40.42478],[-80.0294,40.425],[-80.02934,40.42525],[-80.02974,40.42638],[-80.02952,40.42752],[-80.02918,40.42831],[-80.0291,40.42829],[-80.02862,40.42875],[-80.0282,40.4292],[-80.02805,40.42944],[-80.02793,40.42941],[-80.02786,40.42965]]],[[[-80.01514,40.41391],[-80.01474,40.41368],[-80.01477,40.41362],[-80.01362,40.41318],[-80.01349,40.41333],[-80.01321,40.41321],[-80.01297,40.41355],[-80.01116,40.41279],[-80.01121,40.41263],[-80.01107,40.41261],[-80.01124,40.41228],[-80.01146,40.41204],[-80.01151,40.41205],[-80.01144,40.41232],[-80.01503,40.41293],[-80.01644,40.41388],[-80.01514,40.41391]]],[[[-80.01597,40.4169],[-80.01549,40.41549],[-80.01648,40.41538],[-80.01639,40.41467],[-80.01661,40.41464],[-80.0166,40.41426],[-80.01703,40.41427],[-80.01803,40.41418],[-80.01804,40.41453],[-80.01929,40.4145],[-80.01932,40.41515],[-80.02028,40.41513],[-80.0203,40.41545],[-80.01956,40.41548],[-80.01958,40.41578],[-80.02032,40.41575],[-80.02033,40.41593],[-80.02268,40.41582],[-80.02274,40.41689],[-80.01921,40.41704],[-80.01783,40.41684],[-80.01614,40.41688],[-80.01614,40.41716],[-80.01605,40.41717],[-80.01597,40.4169]]],[[[-80.02482,40.42723],[-80.02426,40.42701],[-80.02397,40.42702],[-80.02371,40.42683],[-80.02318,40.42659],[-80.02164,40.42618],[-80.02142,40.42644],[-80.02039,40.42599],[-80.01979,40.42558],[-80.01997,40.42556],[-80.0202,40.42578],[-80.02056,40.42579],[-80.02069,40.42562],[-80.02225,40.42588],[-80.02285,40.42611],[-80.02292,40.42613],[-80.02292,40.42609],[-80.02409,40.42658],[-80.02478,40.42707],[-80.02488,40.42717],[-80.02482,40.42723]]]]},"properties":{"name":"SELDOM SEEN PARK","municipality":"CITY OF PITTSBURGH","kind":"greenway"}},{"type":"Feature","geometry":{"type":"MultiPolygon","coordinates":[[[[-79.9328,40.4133],[-79.93267,40.41313],[-79.93214,40.41338],[-79.93197,40.41314],[-79.93279,40.4128],[-79.93297,40.413],[-79.93303,40.41297],[-79.93286,40.41277],[-79.93437,40.41229],[-79.93484,40.41179],[-79.93437,40.41071],[-79.93377,40.41088],[-79.93394,40.41108],[-79.93374,40.41128],[-79.93334,40.41102],[-79.93308,40.411],[-79.93365,40.41137],[-79.93202,40.41171],[-79.93193,40.41147],[-79.93207,40.41144],[-79.93198,40.41122],[-79.93068,40.41148],[-79.92979,40.41029],[-79.9318,40.4092],[-79.93553,40.4053],[-79.93585,40.40543],[-79.93539,40.40611],[-79.93562,40.40635],[-79.93598,40.4058],[-79.93612,40.40585],[-79.93608,40.40591],[-79.93642,40.40605],[-79.93634,40.40617],[-79.93599,40.40604],[-79.93572,40.40643],[-79.93598,40.40669],[-79.93625,40.4063],[-79.93664,40.40645],[-79.93642,40.40678],[-79.93691,40.40696],[-79.9367,40.40724],[-79.9364,40.40712],[-79.93632,40.40726],[-79.9374,40.40769],[-79.93721,40.40798],[-79.93733,40.40803],[-79.93685,40.40869],[-79.93704,40.40926],[-79.93773,40.40921],[-79.93775,40.40941],[-79.93825,40.40938],[-79.93826,40.40946],[-79.93776,40.40949],[-79.93777,40.40956],[-79.93716,40.40959],[-79.93731,40.41],[-79.93688,40.4101],[-79.937,40.4104],[-79.93733,40.41032],[-79.93725,40.41008],[-79.93767,40.40999],[-79.93765,40.40993],[-79.9378,40.40989],[-79.93817,40.40982],[-79.93833,40.40985],[-79.93854,40.41038],[-79.93887,40.41031],[-79.93902,40.4107],[-79.93859,40.41095],[-79.93855,40.41084],[-79.93773,40.411],[-79.93783,40.41126],[-79.93738,40.41108],[-79.93705,40.41115],[-79.93713,40.41141],[-79.93663,40.41152],[-79.93648,40.41128],[-79.93584,40.41087],[-79.93575,40.41096],[-79.93561,40.41136],[-79.93516,40.41147],[-79.93525,40.41169],[-79.93542,40.41172],[-79.93553,40.41161],[-79.93601,40.41202],[-79.93562,40.41231],[-79.93491,40.41263],[-79.93332,40.41316],[-79.93287,40.41339],[-79.9328,40.4133]]],[[[-79.9396,40.40924],[-79.94003,40.40921],[-79.94005,40.4094],[-79.93963,40.40951],[-79.9396,40.40924]]],[[[-79.93916,40.41062],[-79.93882,40.40974],[-79.93955,40.40953],[-79.93962,40.4097],[-79.93976,40.40967],[-79.93986,40.40992],[-79.94022,40.40984],[-79.94038,40.41029],[-79.94003,40.41037],[-79.94015,40.41069],[-79.93792,40.41171],[-79.93716,40.41158],[-79.93715,40.41153],[-79.9383,40.41128],[-79.93919,40.41075],[-79.93916,40.41062]]],[[[-79.93423,40.41178],[-79.93463,40.4117],[-79.93466,40.41178],[-79.93454,40.41192],[-79.93423,40.41178]]],[[[-79.93407,40.4119],[-79.93414,40.41181],[-79.9345,40.41198],[-79.93436,40.41216],[-79.93368,40.41237],[-79.93407,40.4119]]],[[[-79.93341,40.41154],[-79.93377,40.41146],[-79.93403,40.41169],[-79.93345,40.41245],[-79.9328,40.41265],[-79.93191,40.41304],[-79.9312,40.412],[-79.93341,40.41154]]],[[[-79.93392,40.41312],[-79.93405,40.41308],[-79.93412,40.41325],[-79.93351,40.41346],[-79.93372,40.41319],[-79.93392,40.41312]]],[[[-79.93461,40.41403],[-79.93484,40.41397],[-79.93494,40.41423],[-79.93432,40.41438],[-79.93421,40.41411],[-79.93461,40.41403]]],[[[-79.94132,40.4146],[-79.94167,40.41451],[-79.94189,40.41493],[-79.94141,40.41507],[-79.94118,40.41463],[-79.94132,40.4146]]],[[[-79.93603,40.41574],[-79.93591,40.41548],[-79.93585,40.4155],[-79.9355,40.41469],[-79.93337,40.41521],[-79.9331,40.41481],[-79.93567,40.41418],[-79.93535,40.41343],[-79.93473,40.41358],[-79.93458,40.41323],[-79.93527,40.41318],[-79.93679,40.41255],[-79.93831,40.41394],[-79.93585,40.4146],[-79.93619,40.41542],[-79.93598,40.41547],[-79.93609,40.41572],[-79.93603,40.41574]]],[[[-79.93972,40.41517],[-79.93965,40.415],[-79.93936,40.41507],[-79.93952,40.41393],[-79.94022,40.41375],[-79.94028,40.41403],[-79.94025,40.41427],[-79.94019,40.41426],[-79.94011,40.41503],[-79.94032,40.4156],[-79.93995,40.41569],[-79.93972,40.41517]]],[[[-79.94405,40.41689],[-79.944,40.41686],[-79.9432,40.41711],[-79.94275,40.41627],[-79.94318,40.41613],[-79.94315,40.41606],[-79.94272,40.4162],[-79.94255,40.41588],[-79.94298,40.41575],[-79.94295,40.41568],[-79.94251,40.41582],[-79.94181,40.41447],[-79.94238,40.41431],[-79.9427,40.41491],[-79.94326,40.41477],[-79.94359,40.41541],[-79.94305,40.41558],[-79.94359,40.41659],[-79.94413,40.41642],[-79.94431,40.41681],[-79.94486,40.4173],[-79.94479,40.41732],[-79.94405,40.41689]]],[[[-79.94234,40.41743],[-79.94225,40.41742],[-79.94216,40.41786],[-79.94208,40.41786],[-79.94216,40.41741],[-79.9418,40.41737],[-79.94172,40.41782],[-79.94163,40.41781],[-79.94171,40.41736],[-79.94162,40.41735],[-79.94165,40.41717],[-79.94225,40.41698],[-79.94275,40.41793],[-79.94234,40.41788],[-79.94242,40.41744],[-79.94234,40.41743]]],[[[-79.94865,40.42241],[-79.94861,40.42236],[-79.94841,40.42243],[-79.94817,40.42203],[-79.94836,40.42204],[-79.94825,40.42192],[-79.94748,40.42187],[-79.94749,40.42154],[-79.9474,40.42123],[-79.94758,40.42107],[-79.94609,40.41928],[-79.94576,40.41936],[-79.94557,40.41902],[-79.9453,40.41909],[-79.94515,40.41872],[-79.94555,40.41862],[-79.94551,40.41857],[-79.94457,40.41881],[-79.94459,40.41884],[-79.94416,40.41891],[-79.94413,40.41883],[-79.94406,40.41884],[-79.94388,40.41845],[-79.94355,40.41853],[-79.94366,40.4188],[-79.94353,40.41885],[-79.94336,40.41845],[-79.94383,40.41832],[-79.94377,40.41819],[-79.94331,40.41833],[-79.94312,40.41789],[-79.94307,40.41728],[-79.94263,40.41741],[-79.94244,40.41703],[-79.94291,40.41688],[-79.94307,40.41719],[-79.94322,40.41723],[-79.94398,40.417],[-79.94477,40.41745],[-79.94496,40.41739],[-79.94504,40.41746],[-79.94469,40.41758],[-79.94473,40.41764],[-79.9451,40.41751],[-79.94515,40.41756],[-79.94477,40.41769],[-79.94482,40.41774],[-79.94521,40.41761],[-79.94531,40.4177],[-79.9449,40.41784],[-79.94495,40.4179],[-79.94537,40.41776],[-79.94545,40.41783],[-79.94557,40.41775],[-79.94543,40.41766],[-79.94539,40.41732],[-79.94514,40.41739],[-79.94448,40.41678],[-79.94446,40.41673],[-79.94486,40.4166],[-79.94483,40.41655],[-79.94443,40.41668],[-79.94372,40.41534],[-79.94392,40.41528],[-79.94401,40.41543],[-79.9443,40.41534],[-79.94469,40.4161],[-79.94481,40.41606],[-79.94491,40.41624],[-79.94527,40.41633],[-79.94535,40.41646],[-79.94551,40.41646],[-79.94579,40.41676],[-79.94547,40.41686],[-79.94549,40.41701],[-79.94603,40.41683],[-79.94631,40.41737],[-79.94666,40.41725],[-79.94741,40.4187],[-79.94732,40.41872],[-79.94746,40.41898],[-79.94759,40.41894],[-79.94786,40.41952],[-79.94831,40.41931],[-79.94846,40.41957],[-79.94829,40.41964],[-79.94844,40.4199],[-79.9486,40.41983],[-79.9492,40.42082],[-79.94887,40.42094],[-79.94948,40.4218],[-79.94955,40.42178],[-79.94971,40.42201],[-79.94868,40.42244],[-79.94865,40.42241]]],[[[-79.9498,40.42553],[-79.94965,40.42529],[-79.94957,40.42532],[-79.94947,40.42516],[-79.9501,40.42493],[-79.95032,40.42504],[-79.94973,40.42526],[-79.94988,40.4255],[-79.9498,40.42553]]],[[[-79.95116,40.42488],[-79.95101,40.42485],[-79.95085,40.42509],[-79.95076,40.42497],[-79.95048,40.42499],[-79.95041,40.42495],[-79.95056,40.42472],[-79.95034,40.42445],[-79.95021,40.42466],[-79.95009,40.42445],[-79.95028,40.42437],[-79.94943,40.42335],[-79.95056,40.42286],[-79.95066,40.42301],[-79.9502,40.42321],[-79.95025,40.42328],[-79.95071,40.42308],[-79.95098,40.42348],[-79.9506,40.42366],[-79.95147,40.42459],[-79.95121,40.42488],[-79.9514,40.42511],[-79.95086,40.42539],[-79.95013,40.42553],[-79.95079,40.42528],[-79.951,40.42512],[-79.95116,40.42488]]],[[[-79.94947,40.42535],[-79.94962,40.42556],[-79.94902,40.42551],[-79.94947,40.42535]]]]},"properties":{"name":"HAZELWOOD PARK","municipality":"CITY OF PITTSBURGH","kind":"greenway"}},{"type":"Feature","geometry":{"type":"Polygon","coordinates":[[[-79.9919,40.43773],[-79.99197,40.437],[-79.99268,40.43707],[-79.99263,40.43752],[-79.99254,40.43767],[-79.99235,40.43775],[-79.9919,40.43773]]]},"properties":{"name":"DUQUESNE UNIVERSITY BROTTIER COMMONS","municipality":"CITY OF PITTSBURGH","kind":"greenway"}}],"metadata":{"sources":["https://services1.arcgis.com/vdNDkVykv9vEWFX4/arcgis/rest/services/Allegheny_County_Municipal_Parks_New/FeatureServer/0","https://services1.arcgis.com/vdNDkVykv9vEWFX4/arcgis/rest/services/ParkBoundaries/FeatureServer/0","https://services1.arcgis.com/vdNDkVykv9vEWFX4/arcgis/rest/services/Allegheny_County_Greenways_New/FeatureServer/0"],"builtAt":"2026-09-26T18:41:43.697Z"}}