{"type":"FeatureCollection","features":[{"type":"Feature","geometry":{"type":"Point","coordinates":[-80.002487,40.463712]},"properties":{"permit_id":"09-03633","address":"1922 WARREN ST, Pittsburgh, 15212-","issue_date":null,"completed_date":"2021-05-12","status":"Completed","typology":"unknown","units":null,"classification_confidence":"low","zon_new":"R1D-H","neighborhood":"Fineview","days_to_issue":null,"days_elapsed_if_open":null,"censored":false,"same_parcel_n":1,"work_desc":null}},{"type":"Feature","geometry":{"type":"Point","coordinates":[-79.935974,40.484962]},"properties":{"permit_id":"09-05226","address":"1451 SIMONA DR, Pittsburgh, 15201-","issue_date":null,"completed_date":"2021-07-11","status":"Completed","typology":"unknown","units":null,"classification_confidence":"low","zon_new":"R1D-L","neighborhood":"Stanton Heights","days_to_issue":null,"days_elapsed_if_open":null,"censored":false,"same_parcel_n":1,"work_desc":null}},{"type":"Feature","geometry":{"type":"Point","coordinates":[-79.905985,40.458122]},"properties":{"permit_id":"10-05297","address":"6800 FRANKSTOWN AVE, Pittsburgh, 15208-","issue_date":null,"completed_date":"2021-12-16","status":"Completed","typology":"unknown","units":null,"classification_confidence":"low","zon_new":"R2-L","neighborhood":"Homewood West","days_to_issue":null,"days_elapsed_if_open":null,"censored":false,"same_parcel_n":1,"work_desc":null}},{"type":"Feature","geometry":{"type":"Point","coordinates":[-79.920149,40.476051]},"properties":{"permit_id":"12-B-02525","address":"28 AZIMUTH CT, Pittsburgh, 15206-","issue_date":null,"completed_date":"2022-11-04","status":"Completed","typology":"multi_unit_4_19","units":6,"classification_confidence":"med","zon_new":"LNC","neighborhood":"Highland Park","days_to_issue":null,"days_elapsed_if_open":null,"censored":false,"same_parcel_n":1,"work_desc":null}},{"type":"Feature","geometry":{"type":"Point","coordinates":[-79.969556,40.423121]},"properties":{"permit_id":"14-B-03566","address":"2615 STELLA ST, Pittsburgh, 15203-","issue_date":null,"completed_date":"2020-07-29","status":"Completed","typology":"single_detached","units":1,"classification_confidence":"med","zon_new":"H","neighborhood":"South Side Slopes","days_to_issue":null,"days_elapsed_if_open":null,"censored":false,"same_parcel_n":1,"work_desc":null}},{"type":"Feature","geometry":{"type":"Point","coordinates":[-79.936793,40.423864]},"properties":{"permit_id":"16-B-00470","address":"780 GREENFIELD AVE, Pittsburgh, 15217-","issue_date":null,"completed_date":"2020-08-12","status":"Completed","typology":"single_detached","units":1,"classification_confidence":"med","zon_new":"RM-M","neighborhood":"Greenfield","days_to_issue":null,"days_elapsed_if_open":null,"censored":false,"same_parcel_n":1,"work_desc":null}},{"type":"Feature","geometry":{"type":"Point","coordinates":[-79.936683,40.423876]},"properties":{"permit_id":"16-B-00471","address":"782 GREENFIELD AVE, Pittsburgh, PA 15217-","issue_date":null,"completed_date":"2020-08-12","status":"Completed","typology":"single_detached","units":1,"classification_confidence":"med","zon_new":"RM-M","neighborhood":"Greenfield","days_to_issue":null,"days_elapsed_if_open":null,"censored":false,"same_parcel_n":1,"work_desc":null}},{"type":"Feature","geometry":{"type":"Point","coordinates":[-79.987016,40.429873]},"properties":{"permit_id":"16-B-01619","address":"1122 MURIEL ST, Pittsburgh, 15203-","issue_date":null,"completed_date":"2021-01-19","status":"Completed","typology":"single_detached","units":1,"classification_confidence":"med","zon_new":"NDI","neighborhood":"South Side Flats","days_to_issue":null,"days_elapsed_if_open":null,"censored":false,"same_parcel_n":1,"work_desc":null}},{"type":"Feature","geometry":{"type":"Point","coordinates":[-79.987093,40.429871]},"properties":{"permit_id":"16-B-01620","address":"1118 MURIEL ST, Pittsburgh, 15203-","issue_date":null,"completed_date":"2021-11-17","status":"Completed","typology":"single_detached","units":1,"classification_confidence":"med","zon_new":"NDI","neighborhood":"South Side Flats","days_to_issue":null,"days_elapsed_if_open":null,"censored":false,"same_parcel_n":1,"work_desc":null}},{"type":"Feature","geometry":{"type":"Point","coordinates":[-79.987171,40.429869]},"properties":{"permit_id":"16-B-01621","address":"1114 MURIEL ST, Pittsburgh, 15203-","issue_date":null,"completed_date":"2021-10-21","status":"Completed","typology":"single_detached","units":1,"classification_confidence":"med","zon_new":"NDI","neighborhood":"South Side Flats","days_to_issue":null,"days_elapsed_if_open":null,"censored":false,"same_parcel_n":1,"work_desc":null}},{"type":"Feature","geometry":{"type":"Point","coordinates":[-79.987248,40.429867]},"properties":{"permit_id":"16-B-01623","address":"1110 MURIEL ST, Pittsburgh, 15203-","issue_date":null,"completed_date":"2021-09-10","status":"Completed","typology":"single_detached","units":1,"classification_confidence":"med","zon_new":"NDI","neighborhood":"South Side Flats","days_to_issue":null,"days_elapsed_if_open":null,"censored":false,"same_parcel_n":1,"work_desc":null}},{"type":"Feature","geometry":{"type":"Point","coordinates":[-79.987325,40.429865]},"properties":{"permit_id":"16-B-01624","address":"1106 MURIEL ST, Pittsburgh, 15203-","issue_date":null,"completed_date":"2021-09-23","status":"Completed","typology":"single_detached","units":1,"classification_confidence":"med","zon_new":"NDI","neighborhood":"South Side Flats","days_to_issue":null,"days_elapsed_if_open":null,"censored":false,"same_parcel_n":1,"work_desc":null}},{"type":"Feature","geometry":{"type":"Point","coordinates":[-79.931298,40.487345]},"properties":{"permit_id":"16-B-01916","address":"6414 ADELPHIA ST, Pittsburgh, 15206-","issue_date":null,"completed_date":"2020-05-21","status":"Completed","typology":"single_detached","units":1,"classification_confidence":"med","zon_new":"R1D-L","neighborhood":"Stanton Heights","days_to_issue":null,"days_elapsed_if_open":null,"censored":false,"same_parcel_n":1,"work_desc":null}},{"type":"Feature","geometry":{"type":"Point","coordinates":[-79.918717,40.456154]},"properties":{"permit_id":"16-B-03697","address":"6408 MELISSA ST, Pittsburgh, PA 15206-","issue_date":null,"completed_date":"2021-09-16","status":"Completed","typology":"unknown","units":null,"classification_confidence":"low","zon_new":"SP-9","neighborhood":"Shadyside","days_to_issue":null,"days_elapsed_if_open":null,"censored":false,"same_parcel_n":2,"work_desc":null}},{"type":"Feature","geometry":{"type":"Point","coordinates":[-79.963323,40.471415]},"properties":{"permit_id":"16-B-03771","address":"127 1/2 BANNER Way, Pittsburgh, PA 15201-","issue_date":null,"completed_date":"2020-06-26","status":"Completed","typology":"unknown","units":null,"classification_confidence":"low","zon_new":"R1A-VH","neighborhood":"Central Lawrenceville","days_to_issue":null,"days_elapsed_if_open":null,"censored":false,"same_parcel_n":1,"work_desc":null}},{"type":"Feature","geometry":{"type":"Point","coordinates":[-79.978219,40.42485]},"properties":{"permit_id":"16-B-03892","address":"1962 JOSEPHINE ST, Pittsburgh, 15203-","issue_date":null,"completed_date":"2021-09-03","status":"Completed","typology":"single_detached","units":1,"classification_confidence":"med","zon_new":"H","neighborhood":"South Side Slopes","days_to_issue":null,"days_elapsed_if_open":null,"censored":false,"same_parcel_n":5,"work_desc":null}},{"type":"Feature","geometry":{"type":"Point","coordinates":[-79.978219,40.42485]},"properties":{"permit_id":"16-B-03894","address":"1962 JOSEPHINE ST, Pittsburgh, 15203-","issue_date":null,"completed_date":"2020-12-10","status":"Completed","typology":"single_detached","units":1,"classification_confidence":"med","zon_new":"H","neighborhood":"South Side Slopes","days_to_issue":null,"days_elapsed_if_open":null,"censored":false,"same_parcel_n":5,"work_desc":null}},{"type":"Feature","geometry":{"type":"Point","coordinates":[-79.978219,40.42485]},"properties":{"permit_id":"16-B-03895","address":"1962 JOSEPHINE ST, Pittsburgh, 15203-","issue_date":null,"completed_date":"2021-04-27","status":"Completed","typology":"single_detached","units":1,"classification_confidence":"med","zon_new":"H","neighborhood":"South Side Slopes","days_to_issue":null,"days_elapsed_if_open":null,"censored":false,"same_parcel_n":5,"work_desc":null}},{"type":"Feature","geometry":{"type":"Point","coordinates":[-79.978219,40.42485]},"properties":{"permit_id":"16-B-03896","address":"1962 JOSEPHINE ST, Pittsburgh, 15203-","issue_date":null,"completed_date":"2022-03-17","status":"Completed","typology":"single_detached","units":1,"classification_confidence":"med","zon_new":"H","neighborhood":"South Side Slopes","days_to_issue":null,"days_elapsed_if_open":null,"censored":false,"same_parcel_n":5,"work_desc":null}},{"type":"Feature","geometry":{"type":"Point","coordinates":[-79.946658,40.454964]},"properties":{"permit_id":"16-B-03898","address":"763 BROUGHTON ST, Pittsburgh, 15213-","issue_date":null,"completed_date":"2021-05-03","status":"Completed","typology":"two_unit","units":2,"classification_confidence":"med","zon_new":"UNC","neighborhood":"Bloomfield","days_to_issue":null,"days_elapsed_if_open":null,"censored":false,"same_parcel_n":1,"work_desc":null}},{"type":"Feature","geometry":{"type":"Point","coordinates":[-79.978219,40.42485]},"properties":{"permit_id":"16-B-03904","address":"1962 JOSEPHINE ST, Pittsburgh, 15203-","issue_date":null,"completed_date":"2022-02-18","status":"Completed","typology":"single_detached","units":1,"classification_confidence":"med","zon_new":"H","neighborhood":"South Side Slopes","days_to_issue":null,"days_elapsed_if_open":null,"censored":false,"same_parcel_n":5,"work_desc":null}},{"type":"Feature","geometry":{"type":"Point","coordinates":[-79.918717,40.456154]},"properties":{"permit_id":"16-B-04055","address":"6408 MELISSA ST, Pittsburgh, PA 15206-","issue_date":null,"completed_date":"2021-09-21","status":"Completed","typology":"single_detached","units":1,"classification_confidence":"med","zon_new":"SP-9","neighborhood":"Shadyside","days_to_issue":null,"days_elapsed_if_open":null,"censored":false,"same_parcel_n":2,"work_desc":null}},{"type":"Feature","geometry":{"type":"Point","coordinates":[-79.9414,40.41846]},"properties":{"permit_id":"16-B-04200","address":"4445 PARADE ST, Pittsburgh, 15207-","issue_date":null,"completed_date":"2020-10-22","status":"Completed","typology":"single_detached","units":1,"classification_confidence":"med","zon_new":"R1D-M","neighborhood":"Hazelwood","days_to_issue":null,"days_elapsed_if_open":null,"censored":false,"same_parcel_n":1,"work_desc":null}},{"type":"Feature","geometry":{"type":"Point","coordinates":[-79.918416,40.440595]},"properties":{"permit_id":"16-B-04517","address":"6355 AYLESBORO AVE, Pittsburgh, 15217-","issue_date":null,"completed_date":"2020-08-05","status":"Completed","typology":"single_detached","units":1,"classification_confidence":"med","zon_new":"R2-L","neighborhood":"Squirrel Hill North","days_to_issue":null,"days_elapsed_if_open":null,"censored":false,"same_parcel_n":1,"work_desc":null}},{"type":"Feature","geometry":{"type":"Point","coordinates":[-80.011188,40.458363]},"properties":{"permit_id":"17-B-00027","address":"237 CARRINGTON ST, Pittsburgh, 15212-","issue_date":null,"completed_date":"2020-05-11","status":"Completed","typology":"single_detached","units":1,"classification_confidence":"med","zon_new":"R1A-VH","neighborhood":"Central Northside","days_to_issue":null,"days_elapsed_if_open":null,"censored":false,"same_parcel_n":1,"work_desc":null}},{"type":"Feature","geometry":{"type":"Point","coordinates":[-80.011259,40.458351]},"properties":{"permit_id":"17-B-00029","address":"239 CARRINGTON ST, Pittsburgh, 15212-","issue_date":null,"completed_date":"2020-05-11","status":"Completed","typology":"single_detached","units":1,"classification_confidence":"med","zon_new":"R1A-VH","neighborhood":"Central Northside","days_to_issue":null,"days_elapsed_if_open":null,"censored":false,"same_parcel_n":1,"work_desc":null}},{"type":"Feature","geometry":{"type":"Point","coordinates":[-79.963734,40.466727]},"properties":{"permit_id":"17-B-01041","address":"211 38TH ST, Pittsburgh, 15201-","issue_date":null,"completed_date":"2020-03-17","status":"Completed","typology":"single_detached","units":1,"classification_confidence":"med","zon_new":"LNC","neighborhood":"Lower Lawrenceville","days_to_issue":null,"days_elapsed_if_open":null,"censored":false,"same_parcel_n":1,"work_desc":null}},{"type":"Feature","geometry":{"type":"Point","coordinates":[-79.918662,40.440557]},"properties":{"permit_id":"17-B-01245","address":"6345 AYLESBORO AVE, Pittsburgh, 15217-","issue_date":null,"completed_date":"2020-08-05","status":"Completed","typology":"single_detached","units":1,"classification_confidence":"med","zon_new":"R2-L","neighborhood":"Squirrel Hill North","days_to_issue":null,"days_elapsed_if_open":null,"censored":false,"same_parcel_n":2,"work_desc":null}},{"type":"Feature","geometry":{"type":"Point","coordinates":[-79.918662,40.440557]},"properties":{"permit_id":"17-B-01246","address":"6345 AYLESBORO AVE, Pittsburgh, 15217-","issue_date":null,"completed_date":"2020-08-05","status":"Completed","typology":"single_detached","units":1,"classification_confidence":"med","zon_new":"R2-L","neighborhood":"Squirrel Hill North","days_to_issue":null,"days_elapsed_if_open":null,"censored":false,"same_parcel_n":2,"work_desc":null}},{"type":"Feature","geometry":{"type":"Point","coordinates":[-79.964374,40.46526]},"properties":{"permit_id":"17-B-01582","address":"221 36TH ST, Pittsburgh, PA 15201-","issue_date":null,"completed_date":"2020-08-04","status":"Completed","typology":"multi_unit_4_19","units":14,"classification_confidence":"med","zon_new":"R1A-H","neighborhood":"Lower Lawrenceville","days_to_issue":null,"days_elapsed_if_open":null,"censored":false,"same_parcel_n":1,"work_desc":null}},{"type":"Feature","geometry":{"type":"Point","coordinates":[-79.920408,40.478009]},"properties":{"permit_id":"17-B-02026","address":"5705 CALLOWHILL ST, Pittsburgh, PA 15206-","issue_date":null,"completed_date":"2020-06-18","status":"Completed","typology":"two_unit","units":2,"classification_confidence":"med","zon_new":"R2-L","neighborhood":"Highland Park","days_to_issue":null,"days_elapsed_if_open":null,"censored":false,"same_parcel_n":1,"work_desc":null}},{"type":"Feature","geometry":{"type":"Point","coordinates":[-80.013355,40.458815]},"properties":{"permit_id":"17-B-02046","address":"517 W JEFFERSON ST, Pittsburgh, PA 15212-","issue_date":null,"completed_date":"2023-01-31","status":"Completed","typology":"single_detached","units":1,"classification_confidence":"med","zon_new":"R1A-VH","neighborhood":"Central Northside","days_to_issue":null,"days_elapsed_if_open":null,"censored":false,"same_parcel_n":1,"work_desc":null}},{"type":"Feature","geometry":{"type":"Point","coordinates":[-80.013425,40.458802]},"properties":{"permit_id":"17-B-02047","address":"519 W JEFFERSON ST, Pittsburgh, PA 15212-","issue_date":null,"completed_date":"2023-01-31","status":"Completed","typology":"single_detached","units":1,"classification_confidence":"med","zon_new":"R1A-VH","neighborhood":"Central Northside","days_to_issue":null,"days_elapsed_if_open":null,"censored":false,"same_parcel_n":1,"work_desc":null}},{"type":"Feature","geometry":{"type":"Point","coordinates":[-80.013493,40.458789]},"properties":{"permit_id":"17-B-02048","address":"521 W JEFFERSON ST, Pittsburgh, PA 15212-","issue_date":null,"completed_date":"2023-02-08","status":"Completed","typology":"single_detached","units":1,"classification_confidence":"med","zon_new":"R1A-VH","neighborhood":"Central Northside","days_to_issue":null,"days_elapsed_if_open":null,"censored":false,"same_parcel_n":1,"work_desc":null}},{"type":"Feature","geometry":{"type":"Point","coordinates":[-80.025326,40.439896]},"properties":{"permit_id":"17-B-02606","address":"221 REPUBLIC ST, Pittsburgh, 15211-","issue_date":null,"completed_date":"2020-03-17","status":"Completed","typology":"single_detached","units":1,"classification_confidence":"med","zon_new":"R1D-M","neighborhood":"Duquesne Heights","days_to_issue":null,"days_elapsed_if_open":null,"censored":false,"same_parcel_n":1,"work_desc":null}},{"type":"Feature","geometry":{"type":"Point","coordinates":[-80.025459,40.439749]},"properties":{"permit_id":"17-B-02607","address":"227 REPUBLIC ST, Pittsburgh, 15211-","issue_date":null,"completed_date":"2020-02-28","status":"Completed","typology":"single_detached","units":1,"classification_confidence":"med","zon_new":"R1D-M","neighborhood":"Duquesne Heights","days_to_issue":null,"days_elapsed_if_open":null,"censored":false,"same_parcel_n":1,"work_desc":null}},{"type":"Feature","geometry":{"type":"Point","coordinates":[-79.949079,40.484241]},"properties":{"permit_id":"17-B-02681","address":"5555 BUTLER ST, Pittsburgh, PA 15201-","issue_date":null,"completed_date":"2020-01-07","status":"Completed","typology":"single_detached","units":1,"classification_confidence":"med","zon_new":"RIV-MU","neighborhood":"Upper Lawrenceville","days_to_issue":null,"days_elapsed_if_open":null,"censored":false,"same_parcel_n":1,"work_desc":null}},{"type":"Feature","geometry":{"type":"Point","coordinates":[-79.948793,40.484243]},"properties":{"permit_id":"17-B-02683","address":"5571 BUTLER ST, Pittsburgh, PA 15201-","issue_date":null,"completed_date":"2020-01-24","status":"Completed","typology":"single_detached","units":1,"classification_confidence":"med","zon_new":"RIV-MU","neighborhood":"Upper Lawrenceville","days_to_issue":null,"days_elapsed_if_open":null,"censored":false,"same_parcel_n":1,"work_desc":null}},{"type":"Feature","geometry":{"type":"Point","coordinates":[-79.948833,40.484289]},"properties":{"permit_id":"17-B-02684","address":"5573 BUTLER ST, Pittsburgh, PA 15201-","issue_date":null,"completed_date":"2020-01-28","status":"Completed","typology":"single_detached","units":1,"classification_confidence":"med","zon_new":"RIV-MU","neighborhood":"Upper Lawrenceville","days_to_issue":null,"days_elapsed_if_open":null,"censored":false,"same_parcel_n":1,"work_desc":null}},{"type":"Feature","geometry":{"type":"Point","coordinates":[-79.948904,40.484385]},"properties":{"permit_id":"17-B-02686","address":"5577 BUTLER ST, Pittsburgh, PA 15201-","issue_date":null,"completed_date":"2020-01-28","status":"Completed","typology":"single_detached","units":1,"classification_confidence":"med","zon_new":"RIV-MU","neighborhood":"Upper Lawrenceville","days_to_issue":null,"days_elapsed_if_open":null,"censored":false,"same_parcel_n":1,"work_desc":null}},{"type":"Feature","geometry":{"type":"Point","coordinates":[-79.948589,40.484372]},"properties":{"permit_id":"17-B-02691","address":"5583 BUTLER ST, Pittsburgh, PA 15201-","issue_date":null,"completed_date":"2020-02-14","status":"Completed","typology":"single_detached","units":1,"classification_confidence":"med","zon_new":"RIV-MU","neighborhood":"Upper Lawrenceville","days_to_issue":null,"days_elapsed_if_open":null,"censored":false,"same_parcel_n":1,"work_desc":null}},{"type":"Feature","geometry":{"type":"Point","coordinates":[-79.948371,40.484467]},"properties":{"permit_id":"17-B-02708","address":"164 56TH ST, Pittsburgh, PA 15201-","issue_date":null,"completed_date":"2020-06-24","status":"Completed","typology":"single_detached","units":1,"classification_confidence":"med","zon_new":"RIV-MU","neighborhood":"Upper Lawrenceville","days_to_issue":null,"days_elapsed_if_open":null,"censored":false,"same_parcel_n":1,"work_desc":null}},{"type":"Feature","geometry":{"type":"Point","coordinates":[-79.948408,40.484511]},"properties":{"permit_id":"17-B-02709","address":"160 56TH ST, Pittsburgh, PA 15201-","issue_date":null,"completed_date":"2020-03-08","status":"Completed","typology":"single_detached","units":1,"classification_confidence":"med","zon_new":"RIV-MU","neighborhood":"Upper Lawrenceville","days_to_issue":null,"days_elapsed_if_open":null,"censored":false,"same_parcel_n":1,"work_desc":null}},{"type":"Feature","geometry":{"type":"Point","coordinates":[-80.02521,40.440024]},"properties":{"permit_id":"17-B-02724","address":"217 REPUBLIC ST, Pittsburgh, PA 15211-","issue_date":null,"completed_date":"2020-01-13","status":"Completed","typology":"single_detached","units":1,"classification_confidence":"med","zon_new":"R1D-M","neighborhood":"Duquesne Heights","days_to_issue":null,"days_elapsed_if_open":null,"censored":false,"same_parcel_n":1,"work_desc":null}},{"type":"Feature","geometry":{"type":"Point","coordinates":[-80.02527,40.439959]},"properties":{"permit_id":"17-B-02725","address":"219 REPUBLIC ST, Pittsburgh, PA 15211-","issue_date":null,"completed_date":"2020-01-13","status":"Completed","typology":"single_detached","units":1,"classification_confidence":"med","zon_new":"R1D-M","neighborhood":"Duquesne Heights","days_to_issue":null,"days_elapsed_if_open":null,"censored":false,"same_parcel_n":1,"work_desc":null}},{"type":"Feature","geometry":{"type":"Point","coordinates":[-80.025389,40.439827]},"properties":{"permit_id":"17-B-02726","address":"223 REPUBLIC ST, Pittsburgh, PA 15211-","issue_date":null,"completed_date":"2020-03-10","status":"Completed","typology":"single_detached","units":1,"classification_confidence":"med","zon_new":"R1D-M","neighborhood":"Duquesne Heights","days_to_issue":null,"days_elapsed_if_open":null,"censored":false,"same_parcel_n":1,"work_desc":null}},{"type":"Feature","geometry":{"type":"Point","coordinates":[-80.025526,40.439676]},"properties":{"permit_id":"17-B-02727","address":"229 REPUBLIC ST, Pittsburgh, 15211-","issue_date":null,"completed_date":"2020-07-26","status":"Completed","typology":"single_detached","units":1,"classification_confidence":"med","zon_new":"R1D-M","neighborhood":"Duquesne Heights","days_to_issue":null,"days_elapsed_if_open":null,"censored":false,"same_parcel_n":1,"work_desc":null}},{"type":"Feature","geometry":{"type":"Point","coordinates":[-79.950216,40.48403]},"properties":{"permit_id":"17-B-02730","address":"143 55TH ST, Pittsburgh, PA 15201-","issue_date":null,"completed_date":"2020-10-21","status":"Completed","typology":"single_detached","units":1,"classification_confidence":"med","zon_new":"RIV-MU","neighborhood":"Upper Lawrenceville","days_to_issue":null,"days_elapsed_if_open":null,"censored":false,"same_parcel_n":1,"work_desc":null}},{"type":"Feature","geometry":{"type":"Point","coordinates":[-79.950286,40.484126]},"properties":{"permit_id":"17-B-02732","address":"135 55TH ST, Pittsburgh, PA 15201-","issue_date":null,"completed_date":"2020-11-03","status":"Completed","typology":"single_detached","units":1,"classification_confidence":"med","zon_new":"RIV-MU","neighborhood":"Upper Lawrenceville","days_to_issue":null,"days_elapsed_if_open":null,"censored":false,"same_parcel_n":1,"work_desc":null}},{"type":"Feature","geometry":{"type":"Point","coordinates":[-80.024916,40.439867]},"properties":{"permit_id":"17-B-02737","address":"214 SEWARD ST, Pittsburgh, 15211-","issue_date":null,"completed_date":"2021-02-01","status":"Completed","typology":"single_detached","units":1,"classification_confidence":"med","zon_new":"R1D-M","neighborhood":"Duquesne Heights","days_to_issue":null,"days_elapsed_if_open":null,"censored":false,"same_parcel_n":1,"work_desc":null}},{"type":"Feature","geometry":{"type":"Point","coordinates":[-80.024977,40.4398]},"properties":{"permit_id":"17-B-02738","address":"216 SEWARD ST, Pittsburgh, 15211-","issue_date":null,"completed_date":"2021-02-01","status":"Completed","typology":"single_detached","units":1,"classification_confidence":"med","zon_new":"R1D-M","neighborhood":"Duquesne Heights","days_to_issue":null,"days_elapsed_if_open":null,"censored":false,"same_parcel_n":1,"work_desc":null}},{"type":"Feature","geometry":{"type":"Point","coordinates":[-80.025036,40.439735]},"properties":{"permit_id":"17-B-02739","address":"218 SEWARD ST, Pittsburgh, 15211-","issue_date":null,"completed_date":"2021-03-10","status":"Completed","typology":"single_detached","units":1,"classification_confidence":"med","zon_new":"R1D-M","neighborhood":"Duquesne Heights","days_to_issue":null,"days_elapsed_if_open":null,"censored":false,"same_parcel_n":1,"work_desc":null}},{"type":"Feature","geometry":{"type":"Point","coordinates":[-80.025117,40.439645]},"properties":{"permit_id":"17-B-02740","address":"220 SEWARD ST, Pittsburgh, 15211-","issue_date":null,"completed_date":"2021-10-21","status":"Completed","typology":"single_detached","units":1,"classification_confidence":"med","zon_new":"R1D-M","neighborhood":"Duquesne Heights","days_to_issue":null,"days_elapsed_if_open":null,"censored":false,"same_parcel_n":1,"work_desc":null}},{"type":"Feature","geometry":{"type":"Point","coordinates":[-79.950006,40.484123]},"properties":{"permit_id":"17-B-02750","address":"5517 BERLIN Way, Pittsburgh, PA 15201-","issue_date":null,"completed_date":"2021-06-24","status":"Completed","typology":"single_detached","units":1,"classification_confidence":"med","zon_new":"RIV-MU","neighborhood":"Upper Lawrenceville","days_to_issue":null,"days_elapsed_if_open":null,"censored":false,"same_parcel_n":1,"work_desc":null}},{"type":"Feature","geometry":{"type":"Point","coordinates":[-79.950112,40.484262]},"properties":{"permit_id":"17-B-02753","address":"5523 BERLIN Way, Pittsburgh, PA 15201-","issue_date":null,"completed_date":"2020-11-13","status":"Completed","typology":"single_detached","units":1,"classification_confidence":"med","zon_new":"RIV-MU","neighborhood":"Upper Lawrenceville","days_to_issue":null,"days_elapsed_if_open":null,"censored":false,"same_parcel_n":1,"work_desc":null}},{"type":"Feature","geometry":{"type":"Point","coordinates":[-79.949776,40.484231]},"properties":{"permit_id":"17-B-02755","address":"5529 BERLIN Way, Pittsburgh, PA 15201-","issue_date":null,"completed_date":"2021-02-19","status":"Completed","typology":"single_detached","units":1,"classification_confidence":"med","zon_new":"RIV-MU","neighborhood":"Upper Lawrenceville","days_to_issue":null,"days_elapsed_if_open":null,"censored":false,"same_parcel_n":1,"work_desc":null}},{"type":"Feature","geometry":{"type":"Point","coordinates":[-79.949813,40.484274]},"properties":{"permit_id":"17-B-02756","address":"5531 BERLIN Way, Pittsburgh, PA 15201-","issue_date":null,"completed_date":"2021-02-19","status":"Completed","typology":"single_detached","units":1,"classification_confidence":"med","zon_new":"RIV-MU","neighborhood":"Upper Lawrenceville","days_to_issue":null,"days_elapsed_if_open":null,"censored":false,"same_parcel_n":1,"work_desc":null}},{"type":"Feature","geometry":{"type":"Point","coordinates":[-79.949536,40.484277]},"properties":{"permit_id":"17-B-02764","address":"5545 BERLIN Way, Pittsburgh, PA 15201-","issue_date":null,"completed_date":"2021-03-15","status":"Completed","typology":"single_detached","units":1,"classification_confidence":"med","zon_new":"RIV-MU","neighborhood":"Upper Lawrenceville","days_to_issue":null,"days_elapsed_if_open":null,"censored":false,"same_parcel_n":1,"work_desc":null}},{"type":"Feature","geometry":{"type":"Point","coordinates":[-79.949604,40.484368]},"properties":{"permit_id":"17-B-02766","address":"5549 BERLIN Way, Pittsburgh, PA 15201-","issue_date":null,"completed_date":"2021-03-18","status":"Completed","typology":"single_detached","units":1,"classification_confidence":"med","zon_new":"RIV-MU","neighborhood":"Upper Lawrenceville","days_to_issue":null,"days_elapsed_if_open":null,"censored":false,"same_parcel_n":1,"work_desc":null}},{"type":"Feature","geometry":{"type":"Point","coordinates":[-79.949669,40.484459]},"properties":{"permit_id":"17-B-02768","address":"5553 BERLIN Way, Pittsburgh, PA 15201-","issue_date":null,"completed_date":"2021-03-15","status":"Completed","typology":"single_detached","units":1,"classification_confidence":"med","zon_new":"RIV-MU","neighborhood":"Upper Lawrenceville","days_to_issue":null,"days_elapsed_if_open":null,"censored":false,"same_parcel_n":1,"work_desc":null}},{"type":"Feature","geometry":{"type":"Point","coordinates":[-79.94933,40.484424]},"properties":{"permit_id":"17-B-02769","address":"5557 BERLIN Way, Pittsburgh, PA 15201-","issue_date":null,"completed_date":"2021-09-01","status":"Completed","typology":"single_detached","units":1,"classification_confidence":"med","zon_new":"RIV-MU","neighborhood":"Upper Lawrenceville","days_to_issue":null,"days_elapsed_if_open":null,"censored":false,"same_parcel_n":1,"work_desc":null}},{"type":"Feature","geometry":{"type":"Point","coordinates":[-79.949399,40.484518]},"properties":{"permit_id":"17-B-02771","address":"5561 BERLIN Way, Pittsburgh, PA 15201-","issue_date":null,"completed_date":"2021-05-05","status":"Completed","typology":"single_detached","units":1,"classification_confidence":"med","zon_new":"RIV-MU","neighborhood":"Upper Lawrenceville","days_to_issue":null,"days_elapsed_if_open":null,"censored":false,"same_parcel_n":1,"work_desc":null}},{"type":"Feature","geometry":{"type":"Point","coordinates":[-79.949118,40.484518]},"properties":{"permit_id":"17-B-02773","address":"5571 BERLIN Way, Pittsburgh, PA 15201-","issue_date":null,"completed_date":"2021-05-24","status":"Completed","typology":"single_detached","units":1,"classification_confidence":"med","zon_new":"RIV-MU","neighborhood":"Upper Lawrenceville","days_to_issue":null,"days_elapsed_if_open":null,"censored":false,"same_parcel_n":1,"work_desc":null}},{"type":"Feature","geometry":{"type":"Point","coordinates":[-79.949224,40.484656]},"properties":{"permit_id":"17-B-02776","address":"5577 BERLIN Way, Pittsburgh, PA 15201-","issue_date":null,"completed_date":"2021-06-08","status":"Completed","typology":"single_detached","units":1,"classification_confidence":"med","zon_new":"RIV-MU","neighborhood":"Upper Lawrenceville","days_to_issue":null,"days_elapsed_if_open":null,"censored":false,"same_parcel_n":1,"work_desc":null}},{"type":"Feature","geometry":{"type":"Point","coordinates":[-79.948888,40.484625]},"properties":{"permit_id":"17-B-02778","address":"5583 BERLIN Way, Pittsburgh, PA 15201-","issue_date":null,"completed_date":"2021-09-10","status":"Completed","typology":"single_detached","units":1,"classification_confidence":"med","zon_new":"RIV-MU","neighborhood":"Upper Lawrenceville","days_to_issue":null,"days_elapsed_if_open":null,"censored":false,"same_parcel_n":1,"work_desc":null}},{"type":"Feature","geometry":{"type":"Point","coordinates":[-79.948928,40.484669]},"properties":{"permit_id":"17-B-02779","address":"5585 BERLIN Way, Pittsburgh, PA 15201-","issue_date":null,"completed_date":"2021-07-22","status":"Completed","typology":"single_detached","units":1,"classification_confidence":"med","zon_new":"RIV-MU","neighborhood":"Upper Lawrenceville","days_to_issue":null,"days_elapsed_if_open":null,"censored":false,"same_parcel_n":1,"work_desc":null}},{"type":"Feature","geometry":{"type":"Point","coordinates":[-79.948647,40.484671]},"properties":{"permit_id":"17-B-02782","address":"146 56TH ST, Pittsburgh, PA 15201-","issue_date":null,"completed_date":"2021-08-25","status":"Completed","typology":"single_detached","units":1,"classification_confidence":"med","zon_new":"RIV-MU","neighborhood":"Upper Lawrenceville","days_to_issue":null,"days_elapsed_if_open":null,"censored":false,"same_parcel_n":1,"work_desc":null}},{"type":"Feature","geometry":{"type":"Point","coordinates":[-79.948715,40.484762]},"properties":{"permit_id":"17-B-02784","address":"138 56TH ST, Pittsburgh, PA 15201-","issue_date":null,"completed_date":"2021-08-25","status":"Completed","typology":"single_detached","units":1,"classification_confidence":"med","zon_new":"RIV-MU","neighborhood":"Upper Lawrenceville","days_to_issue":null,"days_elapsed_if_open":null,"censored":false,"same_parcel_n":1,"work_desc":null}},{"type":"Feature","geometry":{"type":"Point","coordinates":[-79.94878,40.484852]},"properties":{"permit_id":"17-B-02786","address":"130 56TH ST, Pittsburgh, PA 15201-","issue_date":null,"completed_date":"2021-08-16","status":"Completed","typology":"single_detached","units":1,"classification_confidence":"med","zon_new":"RIV-MU","neighborhood":"Upper Lawrenceville","days_to_issue":null,"days_elapsed_if_open":null,"censored":false,"same_parcel_n":1,"work_desc":null}},{"type":"Feature","geometry":{"type":"Point","coordinates":[-79.996539,40.424817]},"properties":{"permit_id":"17-B-03028","address":"646 SCIENCE ST, Pittsburgh, 15210-","issue_date":null,"completed_date":"2023-02-06","status":"Completed","typology":"unknown","units":null,"classification_confidence":"low","zon_new":"R1D-M","neighborhood":"Allentown","days_to_issue":null,"days_elapsed_if_open":null,"censored":false,"same_parcel_n":1,"work_desc":null}},{"type":"Feature","geometry":{"type":"Point","coordinates":[-79.950673,40.478743]},"properties":{"permit_id":"17-B-03571","address":"5224 DUNCAN ST, Pittsburgh, 15201-","issue_date":null,"completed_date":"2021-02-03","status":"Completed","typology":"single_detached","units":1,"classification_confidence":"med","zon_new":"R1A-VH","neighborhood":"Upper Lawrenceville","days_to_issue":null,"days_elapsed_if_open":null,"censored":false,"same_parcel_n":1,"work_desc":null}},{"type":"Feature","geometry":{"type":"Point","coordinates":[-79.963954,40.466334]},"properties":{"permit_id":"17-B-03657","address":"216 38TH ST, Pittsburgh, 15201-","issue_date":null,"completed_date":"2022-04-05","status":"Completed","typology":"single_detached","units":1,"classification_confidence":"med","zon_new":"R1A-H","neighborhood":"Lower Lawrenceville","days_to_issue":null,"days_elapsed_if_open":null,"censored":false,"same_parcel_n":1,"work_desc":null}},{"type":"Feature","geometry":{"type":"Point","coordinates":[-80.031135,40.444085]},"properties":{"permit_id":"17-B-04326","address":"44 ELLIOTT ST, Pittsburgh, 15220-","issue_date":null,"completed_date":"2022-01-24","status":"Completed","typology":"single_detached","units":1,"classification_confidence":"med","zon_new":"H","neighborhood":"Elliott","days_to_issue":null,"days_elapsed_if_open":null,"censored":false,"same_parcel_n":1,"work_desc":null}},{"type":"Feature","geometry":{"type":"Point","coordinates":[-79.900924,40.456142]},"properties":{"permit_id":"17-B-04421","address":"7002 KELLY ST, Pittsburgh, 15208-","issue_date":null,"completed_date":"2020-03-02","status":"Completed","typology":"multi_unit_4_19","units":4,"classification_confidence":"med","zon_new":"RM-M","neighborhood":"Homewood South","days_to_issue":null,"days_elapsed_if_open":null,"censored":false,"same_parcel_n":3,"work_desc":null}},{"type":"Feature","geometry":{"type":"Point","coordinates":[-79.900924,40.456142]},"properties":{"permit_id":"17-B-04422","address":"7002 KELLY ST, Pittsburgh, 15208-","issue_date":null,"completed_date":"2020-03-02","status":"Completed","typology":"multi_unit_4_19","units":4,"classification_confidence":"med","zon_new":"RM-M","neighborhood":"Homewood South","days_to_issue":null,"days_elapsed_if_open":null,"censored":false,"same_parcel_n":3,"work_desc":null}},{"type":"Feature","geometry":{"type":"Point","coordinates":[-79.900924,40.456142]},"properties":{"permit_id":"17-B-04423","address":"7002 KELLY ST, Pittsburgh, 15208-","issue_date":null,"completed_date":"2020-02-06","status":"Completed","typology":"multi_unit_4_19","units":4,"classification_confidence":"med","zon_new":"RM-M","neighborhood":"Homewood South","days_to_issue":null,"days_elapsed_if_open":null,"censored":false,"same_parcel_n":3,"work_desc":null}},{"type":"Feature","geometry":{"type":"Point","coordinates":[-79.901928,40.455414]},"properties":{"permit_id":"17-B-04424","address":"7012 HAMILTON AVE, Pittsburgh, PA 15208-","issue_date":null,"completed_date":"2020-01-28","status":"Completed","typology":"three_unit","units":3,"classification_confidence":"med","zon_new":"RM-M","neighborhood":"Homewood South","days_to_issue":null,"days_elapsed_if_open":null,"censored":false,"same_parcel_n":4,"work_desc":null}},{"type":"Feature","geometry":{"type":"Point","coordinates":[-79.900484,40.455072]},"properties":{"permit_id":"17-B-04443","address":"7072 HAMILTON AVE, Pittsburgh, PA 15208-","issue_date":null,"completed_date":"2020-01-28","status":"Completed","typology":"single_detached","units":1,"classification_confidence":"med","zon_new":"RM-M","neighborhood":"Homewood South","days_to_issue":null,"days_elapsed_if_open":null,"censored":false,"same_parcel_n":7,"work_desc":null}},{"type":"Feature","geometry":{"type":"Point","coordinates":[-79.900484,40.455072]},"properties":{"permit_id":"17-B-04447","address":"7072 HAMILTON AVE, Pittsburgh, PA 15208-","issue_date":null,"completed_date":"2020-01-13","status":"Completed","typology":"single_detached","units":1,"classification_confidence":"med","zon_new":"RM-M","neighborhood":"Homewood South","days_to_issue":null,"days_elapsed_if_open":null,"censored":false,"same_parcel_n":7,"work_desc":null}},{"type":"Feature","geometry":{"type":"Point","coordinates":[-79.900484,40.455072]},"properties":{"permit_id":"17-B-04448","address":"7072 HAMILTON AVE, Pittsburgh, PA 15208-","issue_date":null,"completed_date":"2020-01-13","status":"Completed","typology":"single_detached","units":1,"classification_confidence":"med","zon_new":"RM-M","neighborhood":"Homewood South","days_to_issue":null,"days_elapsed_if_open":null,"censored":false,"same_parcel_n":7,"work_desc":null}},{"type":"Feature","geometry":{"type":"Point","coordinates":[-79.900484,40.455072]},"properties":{"permit_id":"17-B-04449","address":"7072 HAMILTON AVE, Pittsburgh, PA 15208-","issue_date":null,"completed_date":"2020-01-13","status":"Completed","typology":"single_detached","units":1,"classification_confidence":"med","zon_new":"RM-M","neighborhood":"Homewood South","days_to_issue":null,"days_elapsed_if_open":null,"censored":false,"same_parcel_n":7,"work_desc":null}},{"type":"Feature","geometry":{"type":"Point","coordinates":[-79.900484,40.455072]},"properties":{"permit_id":"17-B-04450","address":"7072 HAMILTON AVE, Pittsburgh, PA 15208-","issue_date":null,"completed_date":"2020-01-13","status":"Completed","typology":"single_detached","units":1,"classification_confidence":"med","zon_new":"RM-M","neighborhood":"Homewood South","days_to_issue":null,"days_elapsed_if_open":null,"censored":false,"same_parcel_n":7,"work_desc":null}},{"type":"Feature","geometry":{"type":"Point","coordinates":[-79.900484,40.455072]},"properties":{"permit_id":"17-B-04451","address":"7072 HAMILTON AVE, Pittsburgh, PA 15208-","issue_date":null,"completed_date":"2020-01-13","status":"Completed","typology":"single_detached","units":1,"classification_confidence":"med","zon_new":"RM-M","neighborhood":"Homewood South","days_to_issue":null,"days_elapsed_if_open":null,"censored":false,"same_parcel_n":7,"work_desc":null}},{"type":"Feature","geometry":{"type":"Point","coordinates":[-79.901928,40.455414]},"properties":{"permit_id":"17-B-04452","address":"7012 HAMILTON AVE, Pittsburgh, PA 15208-","issue_date":null,"completed_date":"2020-01-30","status":"Completed","typology":"single_detached","units":1,"classification_confidence":"med","zon_new":"RM-M","neighborhood":"Homewood South","days_to_issue":null,"days_elapsed_if_open":null,"censored":false,"same_parcel_n":4,"work_desc":null}},{"type":"Feature","geometry":{"type":"Point","coordinates":[-79.901928,40.455414]},"properties":{"permit_id":"17-B-04453","address":"7012 HAMILTON AVE, Pittsburgh, PA 15208-","issue_date":null,"completed_date":"2020-01-30","status":"Completed","typology":"single_detached","units":1,"classification_confidence":"med","zon_new":"RM-M","neighborhood":"Homewood South","days_to_issue":null,"days_elapsed_if_open":null,"censored":false,"same_parcel_n":4,"work_desc":null}},{"type":"Feature","geometry":{"type":"Point","coordinates":[-79.901928,40.455414]},"properties":{"permit_id":"17-B-04454","address":"7012 HAMILTON AVE, Pittsburgh, PA 15208-","issue_date":null,"completed_date":"2020-01-30","status":"Completed","typology":"single_detached","units":1,"classification_confidence":"med","zon_new":"RM-M","neighborhood":"Homewood South","days_to_issue":null,"days_elapsed_if_open":null,"censored":false,"same_parcel_n":4,"work_desc":null}},{"type":"Feature","geometry":{"type":"Point","coordinates":[-79.900484,40.455072]},"properties":{"permit_id":"17-B-04462","address":"7072 HAMILTON AVE, Pittsburgh, PA 15208-","issue_date":null,"completed_date":"2020-01-13","status":"Completed","typology":"two_unit","units":2,"classification_confidence":"med","zon_new":"RM-M","neighborhood":"Homewood South","days_to_issue":null,"days_elapsed_if_open":null,"censored":false,"same_parcel_n":7,"work_desc":null}},{"type":"Feature","geometry":{"type":"Point","coordinates":[-79.901056,40.455716]},"properties":{"permit_id":"17-B-04465","address":"7025 HAMILTON AVE, Pittsburgh, 15208-","issue_date":null,"completed_date":"2020-01-28","status":"Completed","typology":"two_unit","units":2,"classification_confidence":"med","zon_new":"RM-M","neighborhood":"Homewood South","days_to_issue":null,"days_elapsed_if_open":null,"censored":false,"same_parcel_n":1,"work_desc":null}},{"type":"Feature","geometry":{"type":"Point","coordinates":[-79.960246,40.473107]},"properties":{"permit_id":"17-B-04786","address":"167 45TH ST, Pittsburgh, 15201-","issue_date":null,"completed_date":"2020-02-20","status":"Completed","typology":"unknown","units":null,"classification_confidence":"low","zon_new":"R1A-VH","neighborhood":"Central Lawrenceville","days_to_issue":null,"days_elapsed_if_open":null,"censored":false,"same_parcel_n":1,"work_desc":null}},{"type":"Feature","geometry":{"type":"Point","coordinates":[-79.938231,40.445034]},"properties":{"permit_id":"18-B-00019","address":"5131 PENTON RD, Pittsburgh, 15213-","issue_date":null,"completed_date":"2021-04-09","status":"Completed","typology":"single_detached","units":1,"classification_confidence":"med","zon_new":"R1D-VL","neighborhood":"Squirrel Hill North","days_to_issue":null,"days_elapsed_if_open":null,"censored":false,"same_parcel_n":1,"work_desc":null}},{"type":"Feature","geometry":{"type":"Point","coordinates":[-80.022534,40.434772]},"properties":{"permit_id":"18-B-00981","address":"436 SWEETBRIAR ST, Pittsburgh, PA 15211-","issue_date":null,"completed_date":"2021-12-06","status":"Completed","typology":"single_detached","units":1,"classification_confidence":"med","zon_new":"R1D-M","neighborhood":"Duquesne Heights","days_to_issue":null,"days_elapsed_if_open":null,"censored":false,"same_parcel_n":1,"work_desc":null}},{"type":"Feature","geometry":{"type":"Point","coordinates":[-79.927879,40.481076]},"properties":{"permit_id":"18-B-01824","address":"1408 CHISLETT ST, Pittsburgh, 15206-","issue_date":null,"completed_date":"2020-05-21","status":"Completed","typology":"unknown","units":null,"classification_confidence":"low","zon_new":"P","neighborhood":"Morningside","days_to_issue":null,"days_elapsed_if_open":null,"censored":false,"same_parcel_n":1,"work_desc":null}},{"type":"Feature","geometry":{"type":"Point","coordinates":[-79.97953,40.454929]},"properties":{"permit_id":"18-B-01944","address":"2554 SMALLMAN ST, Pittsburgh, PA 15222-","issue_date":null,"completed_date":"2021-09-20","status":"Completed","typology":"multi_unit_20plus","units":27,"classification_confidence":"med","zon_new":"RIV-IMU","neighborhood":"Strip District","days_to_issue":null,"days_elapsed_if_open":null,"censored":false,"same_parcel_n":1,"work_desc":null}},{"type":"Feature","geometry":{"type":"Point","coordinates":[-79.946289,40.480501]},"properties":{"permit_id":"18-B-02174","address":"822 55TH ST, Pittsburgh, PA 15201-","issue_date":null,"completed_date":"2020-01-03","status":"Completed","typology":"unknown","units":null,"classification_confidence":"low","zon_new":"R1D-L","neighborhood":"Stanton Heights","days_to_issue":null,"days_elapsed_if_open":null,"censored":false,"same_parcel_n":1,"work_desc":null}},{"type":"Feature","geometry":{"type":"Point","coordinates":[-80.020625,40.438669]},"properties":{"permit_id":"18-B-02535","address":"106 PLYMOUTH ST, Pittsburgh, 15211-","issue_date":null,"completed_date":"2020-10-19","status":"Completed","typology":"single_detached","units":1,"classification_confidence":"med","zon_new":"GPRC","neighborhood":"Duquesne Heights","days_to_issue":null,"days_elapsed_if_open":null,"censored":false,"same_parcel_n":1,"work_desc":null}},{"type":"Feature","geometry":{"type":"Point","coordinates":[-79.951511,40.482954]},"properties":{"permit_id":"18-B-02639","address":"5335 BUTLER ST, Pittsburgh, PA 15201-","issue_date":null,"completed_date":"2020-05-21","status":"Completed","typology":"multi_unit_4_19","units":4,"classification_confidence":"med","zon_new":"RIV-MU","neighborhood":"Upper Lawrenceville","days_to_issue":null,"days_elapsed_if_open":null,"censored":false,"same_parcel_n":1,"work_desc":null}},{"type":"Feature","geometry":{"type":"Point","coordinates":[-79.927322,40.470006]},"properties":{"permit_id":"18-B-03349","address":"703 N NEGLEY AVE, Pittsburgh, 15206-","issue_date":null,"completed_date":"2020-11-17","status":"Completed","typology":"single_detached","units":1,"classification_confidence":"med","zon_new":"RM-M","neighborhood":"East Liberty","days_to_issue":null,"days_elapsed_if_open":null,"censored":false,"same_parcel_n":1,"work_desc":null}},{"type":"Feature","geometry":{"type":"Point","coordinates":[-79.927312,40.470077]},"properties":{"permit_id":"18-B-03350","address":"705 N NEGLEY AVE, Pittsburgh, 15206-","issue_date":null,"completed_date":"2021-01-13","status":"Completed","typology":"single_detached","units":1,"classification_confidence":"med","zon_new":"RM-M","neighborhood":"East Liberty","days_to_issue":null,"days_elapsed_if_open":null,"censored":false,"same_parcel_n":1,"work_desc":null}},{"type":"Feature","geometry":{"type":"Point","coordinates":[-79.927293,40.470116]},"properties":{"permit_id":"18-B-03351","address":"707 N NEGLEY AVE, Pittsburgh, 15206-","issue_date":null,"completed_date":"2020-12-03","status":"Completed","typology":"single_detached","units":1,"classification_confidence":"med","zon_new":"RM-M","neighborhood":"East Liberty","days_to_issue":null,"days_elapsed_if_open":null,"censored":false,"same_parcel_n":1,"work_desc":null}},{"type":"Feature","geometry":{"type":"Point","coordinates":[-79.927276,40.470155]},"properties":{"permit_id":"18-B-03352","address":"709 N NEGLEY AVE, Pittsburgh, 15206-","issue_date":null,"completed_date":"2021-01-13","status":"Completed","typology":"single_detached","units":1,"classification_confidence":"med","zon_new":"RM-M","neighborhood":"East Liberty","days_to_issue":null,"days_elapsed_if_open":null,"censored":false,"same_parcel_n":1,"work_desc":null}},{"type":"Feature","geometry":{"type":"Point","coordinates":[-79.927253,40.470208]},"properties":{"permit_id":"18-B-03354","address":"711 N NEGLEY AVE, Pittsburgh, 15206-","issue_date":null,"completed_date":"2021-01-13","status":"Completed","typology":"single_detached","units":1,"classification_confidence":"med","zon_new":"RM-M","neighborhood":"East Liberty","days_to_issue":null,"days_elapsed_if_open":null,"censored":false,"same_parcel_n":1,"work_desc":null}},{"type":"Feature","geometry":{"type":"Point","coordinates":[-79.949588,40.45954]},"properties":{"permit_id":"18-B-03382","address":"614 EDMOND ST, Pittsburgh, 15224-","issue_date":null,"completed_date":"2020-10-30","status":"Completed","typology":"two_unit","units":2,"classification_confidence":"med","zon_new":"R2-VH","neighborhood":"Bloomfield","days_to_issue":null,"days_elapsed_if_open":null,"censored":false,"same_parcel_n":1,"work_desc":null}},{"type":"Feature","geometry":{"type":"Point","coordinates":[-79.924133,40.468939]},"properties":{"permit_id":"18-B-03509","address":"5727 HAYS ST, Pittsburgh, PA 15206-","issue_date":null,"completed_date":"2020-10-28","status":"Completed","typology":"single_detached","units":1,"classification_confidence":"med","zon_new":"R2-H","neighborhood":"East Liberty","days_to_issue":null,"days_elapsed_if_open":null,"censored":false,"same_parcel_n":1,"work_desc":null}},{"type":"Feature","geometry":{"type":"Point","coordinates":[-79.926552,40.464126]},"properties":{"permit_id":"18-B-03611","address":"5809 HARVARD ST, Pittsburgh, PA 15206-","issue_date":null,"completed_date":"2020-12-22","status":"Completed","typology":"multi_unit_4_19","units":6,"classification_confidence":"med","zon_new":"UNC","neighborhood":"East Liberty","days_to_issue":null,"days_elapsed_if_open":null,"censored":false,"same_parcel_n":3,"work_desc":null}},{"type":"Feature","geometry":{"type":"Point","coordinates":[-79.925499,40.464108]},"properties":{"permit_id":"18-B-03619","address":"270 N BEATTY ST, Pittsburgh, PA 15206-","issue_date":null,"completed_date":"2020-12-22","status":"Completed","typology":"multi_unit_4_19","units":6,"classification_confidence":"med","zon_new":"UNC","neighborhood":"East Liberty","days_to_issue":null,"days_elapsed_if_open":null,"censored":false,"same_parcel_n":1,"work_desc":null}},{"type":"Feature","geometry":{"type":"Point","coordinates":[-79.926552,40.464126]},"properties":{"permit_id":"18-B-03620","address":"5809 HARVARD ST, Pittsburgh, PA 15206-","issue_date":null,"completed_date":"2020-12-22","status":"Completed","typology":"multi_unit_4_19","units":12,"classification_confidence":"med","zon_new":"UNC","neighborhood":"East Liberty","days_to_issue":null,"days_elapsed_if_open":null,"censored":false,"same_parcel_n":3,"work_desc":null}},{"type":"Feature","geometry":{"type":"Point","coordinates":[-79.926552,40.464126]},"properties":{"permit_id":"18-B-03622","address":"5809 HARVARD ST, Pittsburgh, PA 15206-","issue_date":null,"completed_date":"2020-12-22","status":"Completed","typology":"multi_unit_20plus","units":24,"classification_confidence":"med","zon_new":"UNC","neighborhood":"East Liberty","days_to_issue":null,"days_elapsed_if_open":null,"censored":false,"same_parcel_n":3,"work_desc":null}},{"type":"Feature","geometry":{"type":"Point","coordinates":[-79.988653,40.450988]},"properties":{"permit_id":"18-B-04221","address":"1679 WATERFRONT PL, Pittsburgh, PA 15222-","issue_date":null,"completed_date":"2022-12-15","status":"Completed","typology":"multi_unit_20plus","units":178,"classification_confidence":"med","zon_new":"SP-8","neighborhood":"Strip District","days_to_issue":null,"days_elapsed_if_open":null,"censored":false,"same_parcel_n":1,"work_desc":null}},{"type":"Feature","geometry":{"type":"Point","coordinates":[-79.987488,40.451788]},"properties":{"permit_id":"18-B-04223","address":"1759 WATERFRONT PL, Pittsburgh, PA 15222-","issue_date":null,"completed_date":"2022-04-29","status":"Completed","typology":"multi_unit_20plus","units":264,"classification_confidence":"med","zon_new":"SP-8","neighborhood":"Strip District","days_to_issue":null,"days_elapsed_if_open":null,"censored":false,"same_parcel_n":1,"work_desc":null}},{"type":"Feature","geometry":{"type":"Point","coordinates":[-79.952884,40.459827]},"properties":{"permit_id":"18-B-04289","address":"457 TAYLOR ST, Pittsburgh, PA 15224-","issue_date":null,"completed_date":"2020-07-08","status":"Completed","typology":"single_detached","units":1,"classification_confidence":"med","zon_new":"R2-VH","neighborhood":"Bloomfield","days_to_issue":null,"days_elapsed_if_open":null,"censored":false,"same_parcel_n":1,"work_desc":null}},{"type":"Feature","geometry":{"type":"Point","coordinates":[-79.96448,40.466863]},"properties":{"permit_id":"18-B-04877","address":"3725 BUTLER ST, Pittsburgh, PA 15201","issue_date":null,"completed_date":"2023-01-20","status":"Completed","typology":"multi_unit_20plus","units":24,"classification_confidence":"med","zon_new":"LNC","neighborhood":"Lower Lawrenceville","days_to_issue":null,"days_elapsed_if_open":null,"censored":false,"same_parcel_n":1,"work_desc":null}},{"type":"Feature","geometry":{"type":"Point","coordinates":[-79.962002,40.463355]},"properties":{"permit_id":"19-B-00282","address":"335 37TH ST, Pittsburgh, 15201-","issue_date":null,"completed_date":"2020-10-26","status":"Completed","typology":"single_detached","units":1,"classification_confidence":"med","zon_new":"R1A-H","neighborhood":"Lower Lawrenceville","days_to_issue":null,"days_elapsed_if_open":null,"censored":false,"same_parcel_n":1,"work_desc":null}},{"type":"Feature","geometry":{"type":"Point","coordinates":[-79.962343,40.425098]},"properties":{"permit_id":"19-B-00446","address":"2984 SIDNEY ST, Pittsburgh, PA 15203-","issue_date":null,"completed_date":"2022-07-11","status":"Completed","typology":"multi_unit_20plus","units":182,"classification_confidence":"med","zon_new":"SP-5","neighborhood":"South Side Flats","days_to_issue":null,"days_elapsed_if_open":null,"censored":false,"same_parcel_n":1,"work_desc":null}},{"type":"Feature","geometry":{"type":"Point","coordinates":[-79.937029,40.439783]},"properties":{"permit_id":"19-B-00566","address":"200 SCHENLEY RD, Pittsburgh, 15217-","issue_date":null,"completed_date":"2020-03-16","status":"Completed","typology":"unknown","units":null,"classification_confidence":"low","zon_new":"RP","neighborhood":"Squirrel Hill North","days_to_issue":null,"days_elapsed_if_open":null,"censored":false,"same_parcel_n":1,"work_desc":null}},{"type":"Feature","geometry":{"type":"Point","coordinates":[-79.952131,40.479874]},"properties":{"permit_id":"19-B-00597","address":"5222 KEYSTONE ST, Pittsburgh, 15201-","issue_date":null,"completed_date":"2020-02-07","status":"Completed","typology":"unknown","units":null,"classification_confidence":"low","zon_new":"R1A-VH","neighborhood":"Upper Lawrenceville","days_to_issue":null,"days_elapsed_if_open":null,"censored":false,"same_parcel_n":1,"work_desc":null}},{"type":"Feature","geometry":{"type":"Point","coordinates":[-79.965427,40.458014]},"properties":{"permit_id":"19-B-00626","address":"3209 DOBSON ST, Pittsburgh, PA 15219-","issue_date":null,"completed_date":"2022-08-12","status":"Completed","typology":"unknown","units":null,"classification_confidence":"low","zon_new":"R2-H","neighborhood":"Polish Hill","days_to_issue":null,"days_elapsed_if_open":null,"censored":false,"same_parcel_n":1,"work_desc":null}},{"type":"Feature","geometry":{"type":"Point","coordinates":[-80.012852,40.458924]},"properties":{"permit_id":"19-B-00849","address":"501 W JEFFERSON ST, Pittsburgh, PA 15212-","issue_date":null,"completed_date":"2021-02-23","status":"Completed","typology":"unknown","units":null,"classification_confidence":"low","zon_new":"R1A-VH","neighborhood":"Central Northside","days_to_issue":null,"days_elapsed_if_open":null,"censored":false,"same_parcel_n":1,"work_desc":null}},{"type":"Feature","geometry":{"type":"Point","coordinates":[-79.967406,40.462224]},"properties":{"permit_id":"19-B-00887","address":"3350 PENN AVE, Pittsburgh, PA 15201-","issue_date":null,"completed_date":"2021-11-29","status":"Completed","typology":"multi_unit_20plus","units":20,"classification_confidence":"med","zon_new":"UI","neighborhood":"Lower Lawrenceville","days_to_issue":null,"days_elapsed_if_open":null,"censored":false,"same_parcel_n":1,"work_desc":null}},{"type":"Feature","geometry":{"type":"Point","coordinates":[-79.966966,40.462596]},"properties":{"permit_id":"19-B-00888","address":"207 34TH ST, Pittsburgh, PA 15201-","issue_date":null,"completed_date":"2021-11-30","status":"Completed","typology":"multi_unit_4_19","units":15,"classification_confidence":"med","zon_new":"LNC","neighborhood":"Lower Lawrenceville","days_to_issue":null,"days_elapsed_if_open":null,"censored":false,"same_parcel_n":1,"work_desc":null}},{"type":"Feature","geometry":{"type":"Point","coordinates":[-79.987166,40.451234]},"properties":{"permit_id":"19-B-00962","address":"1724 WATERFRONT PL, Pittsburgh, PA 15222-","issue_date":null,"completed_date":"2020-12-21","status":"Completed","typology":"single_detached","units":1,"classification_confidence":"med","zon_new":"SP-8","neighborhood":"Strip District","days_to_issue":null,"days_elapsed_if_open":null,"censored":false,"same_parcel_n":1,"work_desc":null}},{"type":"Feature","geometry":{"type":"Point","coordinates":[-79.929709,40.468476]},"properties":{"permit_id":"19-B-01006","address":"5503 MARGARETTA ST, Pittsburgh, 15206-","issue_date":null,"completed_date":"2020-06-08","status":"Completed","typology":"unknown","units":null,"classification_confidence":"low","zon_new":"R2-H","neighborhood":"Garfield","days_to_issue":null,"days_elapsed_if_open":null,"censored":false,"same_parcel_n":1,"work_desc":null}},{"type":"Feature","geometry":{"type":"Point","coordinates":[-79.931295,40.469853]},"properties":{"permit_id":"19-B-01016","address":"5452 BLACK ST, Pittsburgh, PA 15206-","issue_date":null,"completed_date":"2020-09-08","status":"Completed","typology":"single_detached","units":1,"classification_confidence":"med","zon_new":"R3-M","neighborhood":"Garfield","days_to_issue":null,"days_elapsed_if_open":null,"censored":false,"same_parcel_n":1,"work_desc":null}},{"type":"Feature","geometry":{"type":"Point","coordinates":[-79.931325,40.453143]},"properties":{"permit_id":"19-B-01115","address":"711 S NEGLEY AVE, Pittsburgh, PA 15232-","issue_date":null,"completed_date":"2022-09-23","status":"Completed","typology":"three_unit","units":3,"classification_confidence":"med","zon_new":"RM-M","neighborhood":"Shadyside","days_to_issue":null,"days_elapsed_if_open":null,"censored":false,"same_parcel_n":1,"work_desc":null}},{"type":"Feature","geometry":{"type":"Point","coordinates":[-79.950117,40.480889]},"properties":{"permit_id":"19-B-01147","address":"5307 HOLMES ST, Pittsburgh, 15201-","issue_date":null,"completed_date":"2022-01-03","status":"Completed","typology":"unknown","units":null,"classification_confidence":"low","zon_new":"R1A-VH","neighborhood":"Upper Lawrenceville","days_to_issue":null,"days_elapsed_if_open":null,"censored":false,"same_parcel_n":1,"work_desc":null}},{"type":"Feature","geometry":{"type":"Point","coordinates":[-79.950176,40.48085]},"properties":{"permit_id":"19-B-01148","address":"5305 HOLMES ST, Pittsburgh, 15201-","issue_date":null,"completed_date":"2022-01-03","status":"Completed","typology":"unknown","units":null,"classification_confidence":"low","zon_new":"R1A-VH","neighborhood":"Upper Lawrenceville","days_to_issue":null,"days_elapsed_if_open":null,"censored":false,"same_parcel_n":1,"work_desc":null}},{"type":"Feature","geometry":{"type":"Point","coordinates":[-79.958551,40.464485]},"properties":{"permit_id":"19-B-01335","address":"3932 WOOLSLAYER Way, Pittsburgh, PA 15224-","issue_date":null,"completed_date":"2020-09-24","status":"Completed","typology":"unknown","units":null,"classification_confidence":"low","zon_new":"R1A-H","neighborhood":"Lower Lawrenceville","days_to_issue":null,"days_elapsed_if_open":null,"censored":false,"same_parcel_n":1,"work_desc":null}},{"type":"Feature","geometry":{"type":"Point","coordinates":[-79.958625,40.464472]},"properties":{"permit_id":"19-B-01336","address":"3930 WOOLSLAYER Way, Pittsburgh, PA 15224-","issue_date":null,"completed_date":"2020-09-24","status":"Completed","typology":"single_detached","units":1,"classification_confidence":"med","zon_new":"R1A-H","neighborhood":"Lower Lawrenceville","days_to_issue":null,"days_elapsed_if_open":null,"censored":false,"same_parcel_n":1,"work_desc":null}},{"type":"Feature","geometry":{"type":"Point","coordinates":[-79.990523,40.427456]},"properties":{"permit_id":"19-B-01515","address":"806 SELBY Way, Pittsburgh, PA 15203-","issue_date":null,"completed_date":"2020-07-27","status":"Completed","typology":"single_detached","units":1,"classification_confidence":"med","zon_new":"R2-VH","neighborhood":"South Side Flats","days_to_issue":null,"days_elapsed_if_open":null,"censored":false,"same_parcel_n":1,"work_desc":null}},{"type":"Feature","geometry":{"type":"Point","coordinates":[-79.99045,40.427448]},"properties":{"permit_id":"19-B-01517","address":"808 SELBY Way, Pittsburgh, 15203-","issue_date":null,"completed_date":"2020-07-27","status":"Completed","typology":"single_detached","units":1,"classification_confidence":"med","zon_new":"R2-VH","neighborhood":"South Side Flats","days_to_issue":null,"days_elapsed_if_open":null,"censored":false,"same_parcel_n":1,"work_desc":null}},{"type":"Feature","geometry":{"type":"Point","coordinates":[-80.008639,40.458172]},"properties":{"permit_id":"19-B-01690","address":"26 JACKSONIA ST, Pittsburgh, 15212-","issue_date":null,"completed_date":"2021-02-25","status":"Completed","typology":"single_detached","units":1,"classification_confidence":"med","zon_new":"R1A-VH","neighborhood":"Central Northside","days_to_issue":null,"days_elapsed_if_open":null,"censored":false,"same_parcel_n":1,"work_desc":null}},{"type":"Feature","geometry":{"type":"Point","coordinates":[-79.935244,40.416408]},"properties":{"permit_id":"19-B-01698","address":"549 BLACKSTONE ST, Pittsburgh, PA 15207-","issue_date":null,"completed_date":"2020-01-10","status":"Completed","typology":"single_detached","units":1,"classification_confidence":"med","zon_new":"H","neighborhood":"Hazelwood","days_to_issue":null,"days_elapsed_if_open":null,"censored":false,"same_parcel_n":1,"work_desc":null}},{"type":"Feature","geometry":{"type":"Point","coordinates":[-79.94638,40.467403]},"properties":{"permit_id":"19-B-01808","address":"4718 MOSSFIELD ST, Pittsburgh, 15224-","issue_date":null,"completed_date":"2021-05-21","status":"Completed","typology":"single_detached","units":1,"classification_confidence":"med","zon_new":"R1D-M","neighborhood":"Garfield","days_to_issue":null,"days_elapsed_if_open":null,"censored":false,"same_parcel_n":1,"work_desc":null}},{"type":"Feature","geometry":{"type":"Point","coordinates":[-79.950013,40.481393]},"properties":{"permit_id":"19-B-01990","address":"5324 KEYSTONE ST, Pittsburgh, PA 15201-","issue_date":null,"completed_date":"2021-05-07","status":"Completed","typology":"single_detached","units":1,"classification_confidence":"med","zon_new":"R1A-VH","neighborhood":"Upper Lawrenceville","days_to_issue":null,"days_elapsed_if_open":null,"censored":false,"same_parcel_n":1,"work_desc":null}},{"type":"Feature","geometry":{"type":"Point","coordinates":[-79.976702,40.455833]},"properties":{"permit_id":"BDA-2024-00084","address":"319 27TH ST, Pittsburgh, PA 15222-","issue_date":"2024-11-15","completed_date":null,"status":"Issued","typology":"single_detached","units":5,"classification_confidence":"med","zon_new":"RIV-IMU","neighborhood":"Strip District","days_to_issue":156,"days_elapsed_if_open":null,"censored":false,"same_parcel_n":6,"work_desc":"MASTER PERMIT FOR CONSTRUCTION OF (5) HOUSES"}},{"type":"Feature","geometry":{"type":"Point","coordinates":[-79.890559,40.471495]},"properties":{"permit_id":"BDA-2024-00864","address":"1687 ELROD Way, Pittsburgh, PA 15206-","issue_date":"2025-02-18","completed_date":null,"status":"Completed","typology":"single_detached","units":1,"classification_confidence":"high","zon_new":"R1D-L","neighborhood":"Lincoln-Lemington-Belmar","days_to_issue":238,"days_elapsed_if_open":null,"censored":false,"same_parcel_n":1,"work_desc":"CONSTRUCTION OF THREE STORY BUILDING AS SINGLE FAMILY (DETACHED) DWELLING WITH TWO CAR INTEGRAL GARAGE AND COVERED PORCH AT FRONT"}},{"type":"Feature","geometry":{"type":"Point","coordinates":[-79.890206,40.459227]},"properties":{"permit_id":"BDA-2024-01050","address":"7413 HERMITAGE ST, Pittsburgh, PA 15208-","issue_date":"2024-12-13","completed_date":null,"status":"Issued","typology":"two_unit","units":2,"classification_confidence":"high","zon_new":"RM-M","neighborhood":"Homewood North","days_to_issue":168,"days_elapsed_if_open":null,"censored":false,"same_parcel_n":1,"work_desc":"CONSTRUCTION OF A THREE-STORY WOOD-FRAMED, TWO-FAMILY DWELLING WITH SECOND FLOOR FRONT PORCH AND REAR LANDING & STAIRS."}},{"type":"Feature","geometry":{"type":"Point","coordinates":[-79.943851,40.466463]},"properties":{"permit_id":"BDA-2024-01101","address":"4930 BROAD ST, Pittsburgh, PA 15224-","issue_date":"2025-09-23","completed_date":null,"status":"Issued","typology":"single_attached","units":1,"classification_confidence":"high","zon_new":"R1D-H","neighborhood":"Garfield","days_to_issue":452,"days_elapsed_if_open":null,"censored":false,"same_parcel_n":1,"work_desc":"CONSTRUCTION OF A 3 STORY MODULAR ATTACHED SINGLE FAMILY DWELLING WITH BASEMENT LEVEL AND SITE BUILT DECK AND PARKING PAD AT REAR"}},{"type":"Feature","geometry":{"type":"Point","coordinates":[-79.977548,40.382537]},"properties":{"permit_id":"BDA-2024-01173","address":"17 STEWART AVE #3, Pittsburgh, PA 15227-","issue_date":"2024-10-29","completed_date":null,"status":"Issued","typology":"two_unit","units":2,"classification_confidence":"med","zon_new":"R2-L","neighborhood":"Carrick","days_to_issue":120,"days_elapsed_if_open":null,"censored":false,"same_parcel_n":1,"work_desc":"INTERIOR ALTERATIONS CHANGE IN USE TO TWO-FAMILY DWELLING"}},{"type":"Feature","geometry":{"type":"Point","coordinates":[-80.001788,40.417816]},"properties":{"permit_id":"BDA-2024-01240","address":"320 CEDARHURST ST, Pittsburgh, PA 15210-","issue_date":"2024-10-18","completed_date":null,"status":"Issued","typology":"senior","units":null,"classification_confidence":"high","zon_new":"R2-H","neighborhood":"Beltzhoover","days_to_issue":108,"days_elapsed_if_open":null,"censored":false,"same_parcel_n":1,"work_desc":"ALTERATIONS AND ADDITION TO EXISTING THREE STORY SCHOOL TO CONVERT INTO SENIOR LOFTS WITH GROUND LEVEL AMENITY AREA"}},{"type":"Feature","geometry":{"type":"Point","coordinates":[-79.943919,40.466477]},"properties":{"permit_id":"BDA-2024-01364","address":"4928 BROAD ST, Pittsburgh, PA 15224-","issue_date":"2025-09-23","completed_date":null,"status":"Issued","typology":"single_attached","units":1,"classification_confidence":"high","zon_new":"R1D-H","neighborhood":"Garfield","days_to_issue":445,"days_elapsed_if_open":null,"censored":false,"same_parcel_n":1,"work_desc":"CONSTRUCTION OF A 3 STORY MODULAR ATTACHED SINGLE FAMILY DWELLING WITH BASEMENT LEVEL AND SITE BUILT DECK AND PARKING PAD AT REAR"}},{"type":"Feature","geometry":{"type":"Point","coordinates":[-80.004485,40.43891]},"properties":{"permit_id":"BDA-2024-01367","address":"125 1ST AVE, Pittsburgh, PA 15222-","issue_date":"2025-01-21","completed_date":null,"status":"Completed","typology":"single_detached","units":1,"classification_confidence":"high","zon_new":"GT-C","neighborhood":"Central Business District","days_to_issue":200,"days_elapsed_if_open":null,"censored":false,"same_parcel_n":1,"work_desc":"CHANGE IN USE OF BUILDING FROM OFFICE TO SINGLE FAMILY DWELLING"}},{"type":"Feature","geometry":{"type":"Point","coordinates":[-79.95675,40.46631]},"properties":{"permit_id":"BDA-2024-01550","address":"4048 GENEVA ST, Pittsburgh, 15201-","issue_date":null,"completed_date":null,"status":"Application Finalization","typology":"two_unit","units":2,"classification_confidence":"med","zon_new":"R1A-H","neighborhood":"Central Lawrenceville","days_to_issue":null,"days_elapsed_if_open":809,"censored":true,"same_parcel_n":1,"work_desc":"CHANGE IN USE TO TWO-FAMILY DWELLING"}},{"type":"Feature","geometry":{"type":"Point","coordinates":[-80.025488,40.412377]},"properties":{"permit_id":"BDA-2024-01641","address":"1513 METHYL ST, Pittsburgh, 15216-","issue_date":null,"completed_date":null,"status":"Applicant Revisions","typology":"two_unit","units":2,"classification_confidence":"med","zon_new":"R1D-H","neighborhood":"Beechview","days_to_issue":null,"days_elapsed_if_open":808,"censored":true,"same_parcel_n":1,"work_desc":"CHANGE IN USE TO TWO-FAMILY DWELLING"}},{"type":"Feature","geometry":{"type":"Point","coordinates":[-79.913244,40.464537]},"properties":{"permit_id":"BDA-2024-01723","address":"6277 MEADOW ST, Pittsburgh, PA 15206-","issue_date":null,"completed_date":null,"status":"Applicant Revisions","typology":"unknown","units":null,"classification_confidence":"low","zon_new":"R2-H","neighborhood":"Larimer","days_to_issue":null,"days_elapsed_if_open":807,"censored":true,"same_parcel_n":1,"work_desc":null}},{"type":"Feature","geometry":{"type":"Point","coordinates":[-79.99328,40.460028]},"properties":{"permit_id":"BDA-2024-01734","address":"1102 SPRING GARDEN AVE, Pittsburgh, PA 15212-","issue_date":"2024-09-05","completed_date":null,"status":"Issued","typology":"single_detached","units":1,"classification_confidence":"high","zon_new":"R1A-H","neighborhood":"Spring Garden","days_to_issue":56,"days_elapsed_if_open":null,"censored":false,"same_parcel_n":1,"work_desc":"NEW 3 STORY SINGLE FAMILY DWELLING WITH INTERGRAL 2 CAR GARAGE"}},{"type":"Feature","geometry":{"type":"Point","coordinates":[-79.966141,40.468903]},"properties":{"permit_id":"BDA-2024-02179","address":"3812 FOSTER ST, Pittsburgh, PA 15201-","issue_date":"2025-06-03","completed_date":null,"status":"Issued","typology":"multi_unit_size_unknown","units":null,"classification_confidence":"med","zon_new":"RIV-IMU","neighborhood":"Lower Lawrenceville","days_to_issue":317,"days_elapsed_if_open":null,"censored":false,"same_parcel_n":1,"work_desc":"CONSTRUCTION OF FIVE STORY RESIDENTIAL APARTMENT PODIUM BUILDING WITH PARKING GARAGE ON FIRST FLOOR, ONE COURTYARD WITH POOL, ONE COURTYARD WITH SEATING AND INT"}},{"type":"Feature","geometry":{"type":"Point","coordinates":[-80.009802,40.428724]},"properties":{"permit_id":"BDA-2024-02439","address":"132 PROSPECT ST, Pittsburgh, PA 15211-","issue_date":"2025-03-04","completed_date":null,"status":"Completed","typology":"single_attached","units":1,"classification_confidence":"high","zon_new":"R2-H","neighborhood":"Mount Washington","days_to_issue":221,"days_elapsed_if_open":null,"censored":false,"same_parcel_n":1,"work_desc":"CONSTRUCTION OF MASONRY & WOOD-FRAMED THREE-STORY ATTACHED SINGLE-FAMILY DWELLING WITH BASEMENT, INTEGRAL ONE-CAR GARAGE, FIRST FLOOR REAR DECK & THIRD FLOOR BA"}},{"type":"Feature","geometry":{"type":"Point","coordinates":[-80.009882,40.42871]},"properties":{"permit_id":"BDA-2024-02441","address":"134 PROSPECT ST, Pittsburgh, PA 15211-","issue_date":"2025-03-04","completed_date":null,"status":"Issued","typology":"single_attached","units":1,"classification_confidence":"high","zon_new":"R2-H","neighborhood":"Mount Washington","days_to_issue":221,"days_elapsed_if_open":null,"censored":false,"same_parcel_n":1,"work_desc":"CONSTRUCTION OF MASONRY & WOOD-FRAMED THREE-STORY ATTACHED SINGLE-FAMILY DWELLING WITH BASEMENT, ONE-CAR CARPORT, FIRST FLOOR REAR DECK & THIRD FLOOR BALCONY"}},{"type":"Feature","geometry":{"type":"Point","coordinates":[-79.918241,40.369309]},"properties":{"permit_id":"BDA-2024-02446","address":"1072 ELWELL ST, Pittsburgh, 15207-","issue_date":null,"completed_date":null,"status":"Application Incomplete","typology":"unknown","units":null,"classification_confidence":"low","zon_new":"R1D-L","neighborhood":"Lincoln Place","days_to_issue":null,"days_elapsed_if_open":790,"censored":true,"same_parcel_n":1,"work_desc":null}},{"type":"Feature","geometry":{"type":"Point","coordinates":[-80.003792,40.467675]},"properties":{"permit_id":"BDA-2024-02714","address":"No primary address specified","issue_date":null,"completed_date":null,"status":"Application Incomplete","typology":"unknown","units":null,"classification_confidence":"low","zon_new":"H","neighborhood":"Perry South","days_to_issue":null,"days_elapsed_if_open":786,"censored":true,"same_parcel_n":1,"work_desc":null}},{"type":"Feature","geometry":{"type":"Point","coordinates":[-79.951475,40.477726]},"properties":{"permit_id":"BDA-2024-02719","address":"5179 STANTON AVE, Pittsburgh, 15201-","issue_date":null,"completed_date":null,"status":"Application Incomplete","typology":"unknown","units":null,"classification_confidence":"low","zon_new":"R1A-VH","neighborhood":"Upper Lawrenceville","days_to_issue":null,"days_elapsed_if_open":786,"censored":true,"same_parcel_n":1,"work_desc":null}},{"type":"Feature","geometry":{"type":"Point","coordinates":[-79.993144,40.460033]},"properties":{"permit_id":"BDA-2024-02749","address":"1106 SPRING GARDEN AVE, Pittsburgh, PA 15212-","issue_date":"2024-09-05","completed_date":null,"status":"Issued","typology":"single_detached","units":1,"classification_confidence":"high","zon_new":"R1A-H","neighborhood":"Spring Garden","days_to_issue":34,"days_elapsed_if_open":null,"censored":false,"same_parcel_n":1,"work_desc":"NEW 3 STORY SINGLE FAMILY DETACHED DWELLING WITH INTERGRAL 2 CAR GARAGE"}},{"type":"Feature","geometry":{"type":"Point","coordinates":[-79.936514,40.465856]},"properties":{"permit_id":"BDA-2024-02898","address":"5345 BROAD ST, Pittsburgh, PA 15224-","issue_date":null,"completed_date":null,"status":"Application Finalization","typology":"single_detached","units":1,"classification_confidence":"high","zon_new":"R1D-H","neighborhood":"Garfield","days_to_issue":null,"days_elapsed_if_open":781,"censored":true,"same_parcel_n":1,"work_desc":"NEW CONSTRUCTION OF A SINGLE-FAMILY HOME"}},{"type":"Feature","geometry":{"type":"Point","coordinates":[-80.023845,40.457057]},"properties":{"permit_id":"BDA-2024-02988","address":"1216 RUSH ST, Pittsburgh, PA 15233-","issue_date":"2025-01-10","completed_date":null,"status":"Issued","typology":"single_attached","units":1,"classification_confidence":"high","zon_new":"R1A-VH","neighborhood":"Manchester","days_to_issue":156,"days_elapsed_if_open":null,"censored":false,"same_parcel_n":1,"work_desc":"CONSTRUCTION OF SINGLE FAMILY ATTACHED DWELLING"}},{"type":"Feature","geometry":{"type":"Point","coordinates":[-79.969591,40.420657]},"properties":{"permit_id":"BDA-2024-03041","address":"2712 BURHAM ST, Pittsburgh, 15203-","issue_date":null,"completed_date":null,"status":"Application Finalization","typology":"single_detached","units":1,"classification_confidence":"high","zon_new":"R1D-H","neighborhood":"South Side Slopes","days_to_issue":null,"days_elapsed_if_open":779,"censored":true,"same_parcel_n":1,"work_desc":"NEW 3 STORY + BASEMENT SINGLE FAMILY DWELLING WITH 1ST AND 3RD FLOOR FRONT DECKS, WITH TWO CAR INTEGRAL GARAGE AT BASEMENT, AND RETAINING WALL AT REAR. DEMO EXI"}},{"type":"Feature","geometry":{"type":"Point","coordinates":[-79.969493,40.42064]},"properties":{"permit_id":"BDA-2024-03042","address":"2714 BURHAM ST, Pittsburgh, PA 15203-","issue_date":null,"completed_date":null,"status":"Application Finalization","typology":"single_detached","units":1,"classification_confidence":"high","zon_new":"R1D-H","neighborhood":"South Side Slopes","days_to_issue":null,"days_elapsed_if_open":779,"censored":true,"same_parcel_n":1,"work_desc":"NEW 3 STORY + BASEMENT SINGLE FAMILY DWELLING WITH 1ST AND 3RD FLOOR FRONT DECKS, WITH TWO CAR INTEGRAL GARAGE AT BASEMENT, AND RETAINING WALL AT REAR."}},{"type":"Feature","geometry":{"type":"Point","coordinates":[-79.954245,40.434973]},"properties":{"permit_id":"BDA-2024-03134","address":"3408 WARD ST #201, Pittsburgh, PA 15213-","issue_date":"2024-11-13","completed_date":null,"status":"Completed","typology":"two_unit","units":2,"classification_confidence":"med","zon_new":"UC-MU","neighborhood":"Central Oakland","days_to_issue":93,"days_elapsed_if_open":null,"censored":false,"same_parcel_n":1,"work_desc":"CHANGE IN USE TO TWO-FAMILY DWELLING"}},{"type":"Feature","geometry":{"type":"Point","coordinates":[-80.023944,40.457027]},"properties":{"permit_id":"BDA-2024-03146","address":"1220 RUSH ST, Pittsburgh, PA 15233-","issue_date":"2025-01-10","completed_date":null,"status":"Issued","typology":"single_attached","units":1,"classification_confidence":"high","zon_new":"R1A-VH","neighborhood":"Manchester","days_to_issue":151,"days_elapsed_if_open":null,"censored":false,"same_parcel_n":1,"work_desc":"CONSTRUCTION OF SINGLE FAMILY ATTACHED DWELLING UNIT"}},{"type":"Feature","geometry":{"type":"Point","coordinates":[-79.983792,40.400578]},"properties":{"permit_id":"BDA-2024-03536","address":"246 E MEYERS ST, Pittsburgh, PA 15210-","issue_date":"2024-09-19","completed_date":null,"status":"Completed","typology":"two_unit","units":2,"classification_confidence":"med","zon_new":"R1D-H","neighborhood":"Carrick","days_to_issue":30,"days_elapsed_if_open":null,"censored":false,"same_parcel_n":1,"work_desc":"CHANGE IN USE TO EXISTING 2 STORY DETACHED BUILDING AS TWO FAMILY DWELLING"}},{"type":"Feature","geometry":{"type":"Point","coordinates":[-79.970965,40.451935]},"properties":{"permit_id":"BDA-2024-03554","address":"2702 Lucas CT, Pittsburgh, PA 15219-","issue_date":"2025-05-30","completed_date":null,"status":"Amendment Review","typology":"multi_unit_20plus","units":70,"classification_confidence":"high","zon_new":"RM-M","neighborhood":"Bedford Dwellings","days_to_issue":283,"days_elapsed_if_open":null,"censored":false,"same_parcel_n":22,"work_desc":"IN PHASE 2A OF BEDFORD DEVELOPMENT, 70 NEW UNITS IN 8 NEW BUILDINGS, ON SITE PARKING WITH PLAY AREAS"}},{"type":"Feature","geometry":{"type":"Point","coordinates":[-80.001827,40.426075]},"properties":{"permit_id":"BDA-2024-03702","address":"316 KAMBACH ST, Pittsburgh, 15211-","issue_date":"2024-09-23","completed_date":null,"status":"Completed","typology":"two_unit","units":2,"classification_confidence":"med","zon_new":"R1D-H","neighborhood":"Mount Washington","days_to_issue":32,"days_elapsed_if_open":null,"censored":false,"same_parcel_n":1,"work_desc":"CHANGE IN USE OF EXISTING 3 STORY DETACHED BUILING AS TWO FAMILY DWELLING"}},{"type":"Feature","geometry":{"type":"Point","coordinates":[-79.949082,40.47943]},"properties":{"permit_id":"BDA-2024-03769","address":"726 53RD ST, Pittsburgh, PA 15201-","issue_date":"2024-10-24","completed_date":null,"status":"Completed","typology":"single_detached","units":1,"classification_confidence":"high","zon_new":"R1A-VH","neighborhood":"Upper Lawrenceville","days_to_issue":59,"days_elapsed_if_open":null,"censored":false,"same_parcel_n":1,"work_desc":"CONSTRUCTION OF NEW 3 STORY DETACHED BUILDING AS SINGLE FAMILY DWELLING WITH INTEGRAL GARAGE, ROOFTOP DECK AND INGROUND SWIMMING POOL IN FRONT YARD"}},{"type":"Feature","geometry":{"type":"Point","coordinates":[-79.887946,40.449222]},"properties":{"permit_id":"BDA-2024-03948","address":"7874 SUSQUEHANNA ST, Pittsburgh, PA 15208-","issue_date":"2025-01-28","completed_date":null,"status":"Issued","typology":"two_unit","units":2,"classification_confidence":"high","zon_new":"RM-M","neighborhood":"Homewood South","days_to_issue":153,"days_elapsed_if_open":null,"censored":false,"same_parcel_n":1,"work_desc":"CONSTRUCTION OF A TWO-FAMILY DWELLING"}},{"type":"Feature","geometry":{"type":"Point","coordinates":[-79.950971,40.464768]},"properties":{"permit_id":"BDA-2024-04003","address":"4560 FRIENDSHIP AVE, Pittsburgh, 15224-","issue_date":"2025-05-09","completed_date":null,"status":"Completed","typology":"two_unit","units":2,"classification_confidence":"med","zon_new":"R1A-H","neighborhood":"Bloomfield","days_to_issue":253,"days_elapsed_if_open":null,"censored":false,"same_parcel_n":2,"work_desc":"NON-STRUCTURAL INTEIROR ALTERATIONS THROUTOUT TO INCLUDE KITCHEN AND BATHROOM RENOVATIONS. CHANGE IN USE TO TWO-FAMILY DWELLING"}},{"type":"Feature","geometry":{"type":"Point","coordinates":[-79.921855,40.468822]},"properties":{"permit_id":"BDA-2024-04036","address":"726 SUPREME Way #201, Pittsburgh, PA 15206-","issue_date":"2026-03-12","completed_date":null,"status":"Issued","typology":"multi_unit_4_19","units":6,"classification_confidence":"high","zon_new":"RM-M","neighborhood":"East Liberty","days_to_issue":559,"days_elapsed_if_open":null,"censored":false,"same_parcel_n":1,"work_desc":"NEW CONSTRUCTION OF A THREE-STORY BUILDING CONTAINING SIX DWELLING UNITS AND CONSTRUCTION OF A SURFACE PARKING LOT AT THE REAR."}},{"type":"Feature","geometry":{"type":"Point","coordinates":[-79.925044,40.466096]},"properties":{"permit_id":"BDA-2024-04101","address":"424 BORLAND ST, Pittsburgh, PA 15206-","issue_date":null,"completed_date":null,"status":"Applicant Revisions","typology":"unknown","units":null,"classification_confidence":"low","zon_new":"R2-M","neighborhood":"East Liberty","days_to_issue":null,"days_elapsed_if_open":755,"censored":true,"same_parcel_n":1,"work_desc":null}},{"type":"Feature","geometry":{"type":"Point","coordinates":[-80.010352,40.45638]},"properties":{"permit_id":"BDA-2024-04141","address":"1303 SHERMAN AVE, Pittsburgh, 15212-","issue_date":null,"completed_date":null,"status":"Application Incomplete","typology":"unknown","units":null,"classification_confidence":"low","zon_new":"R1A-H","neighborhood":"Central Northside","days_to_issue":null,"days_elapsed_if_open":753,"censored":true,"same_parcel_n":1,"work_desc":null}},{"type":"Feature","geometry":{"type":"Point","coordinates":[-79.977693,40.457543]},"properties":{"permit_id":"BDA-2024-04164","address":"55 27TH ST, Pittsburgh, PA 15222-","issue_date":"2026-01-07","completed_date":null,"status":"Issued","typology":"multi_unit_20plus","units":224,"classification_confidence":"high","zon_new":"RIV-IMU","neighborhood":"Strip District","days_to_issue":491,"days_elapsed_if_open":null,"censored":false,"same_parcel_n":1,"work_desc":"CONSTRUCT NEW 6-STORY, PODIUM BUILDING, WITH 224 DWELLING UNITS (12 TYPE A), AMENITY SPACES AND LEASING OFFICE ON GROUND LEVEL."}},{"type":"Feature","geometry":{"type":"Point","coordinates":[-79.925311,40.438298]},"properties":{"permit_id":"BDA-2024-04167","address":"5667 FORBES AVE, Pittsburgh, PA 15217-","issue_date":"2026-07-30","completed_date":null,"status":"Issued","typology":"single_attached","units":1,"classification_confidence":"high","zon_new":"RM-M","neighborhood":"Squirrel Hill North","days_to_issue":695,"days_elapsed_if_open":null,"censored":false,"same_parcel_n":2,"work_desc":"CONSTRUCTION OF 3 STORY ATTACHED SINGLE FAMILY DWELLING WITH INTEGRAL GARAGE, INTERIOR POOL AND EXTERIOR POOL AT REAR OF BUILDING"}},{"type":"Feature","geometry":{"type":"Point","coordinates":[-80.028013,40.406902]},"properties":{"permit_id":"BDA-2024-04168","address":"1924 BROADWAY AVE, Pittsburgh, 15216-","issue_date":null,"completed_date":null,"status":"Application Finalization","typology":"unknown","units":null,"classification_confidence":"low","zon_new":"R1D-H","neighborhood":"Beechview","days_to_issue":null,"days_elapsed_if_open":753,"censored":true,"same_parcel_n":1,"work_desc":null}},{"type":"Feature","geometry":{"type":"Point","coordinates":[-79.953176,40.481043]},"properties":{"permit_id":"BDA-2024-04565","address":"5238 DRESDEN Way, Pittsburgh, PA 15201-","issue_date":null,"completed_date":null,"status":"Applicant Revisions","typology":"unknown","units":null,"classification_confidence":"low","zon_new":"R1A-VH","neighborhood":"Upper Lawrenceville","days_to_issue":null,"days_elapsed_if_open":744,"censored":true,"same_parcel_n":1,"work_desc":null}},{"type":"Feature","geometry":{"type":"Point","coordinates":[-79.959266,40.459603]},"properties":{"permit_id":"BDA-2024-04655","address":"3552 MELWOOD AVE, Pittsburgh, PA 15213-","issue_date":"2024-11-19","completed_date":null,"status":"Revoked","typology":"two_unit","units":2,"classification_confidence":"med","zon_new":"R2-H","neighborhood":"Polish Hill","days_to_issue":67,"days_elapsed_if_open":null,"censored":false,"same_parcel_n":2,"work_desc":"NEW FIRE RATED ASSEMBLIES, INTERIOR ALTERATIONS TO CONVERT INTO 2-FAMILY DWELLING"}},{"type":"Feature","geometry":{"type":"Point","coordinates":[-79.925311,40.438298]},"properties":{"permit_id":"BDA-2024-04690","address":"5667 FORBES AVE, Pittsburgh, PA 15217-","issue_date":"2026-07-30","completed_date":null,"status":"Issued","typology":"single_attached","units":1,"classification_confidence":"high","zon_new":"RM-M","neighborhood":"Squirrel Hill North","days_to_issue":682,"days_elapsed_if_open":null,"censored":false,"same_parcel_n":2,"work_desc":"CONSTRUCTION OF 3 STORY ATTACHED SINGLE FAMILY DWELLING WITH INTEGRAL GARAGE AND EXTERIOR POOL AT REAR OF BUILDING (5665 FORBES AVE)"}},{"type":"Feature","geometry":{"type":"Point","coordinates":[-79.956297,40.431878]},"properties":{"permit_id":"BDA-2024-04695","address":"3208 JULIET ST #2, Pittsburgh, PA 15213-","issue_date":"2025-02-19","completed_date":null,"status":"Completed","typology":"two_unit","units":2,"classification_confidence":"med","zon_new":"R1A-H","neighborhood":"South Oakland","days_to_issue":156,"days_elapsed_if_open":null,"censored":false,"same_parcel_n":1,"work_desc":"CHANGE IN USE TO TWO-FAMILY DWELLING"}},{"type":"Feature","geometry":{"type":"Point","coordinates":[-79.933033,40.437414]},"properties":{"permit_id":"BDA-2024-04860","address":"5 DARLINGTON CT, Pittsburgh, PA 15217-","issue_date":"2025-02-17","completed_date":null,"status":"Issued","typology":"single_detached","units":1,"classification_confidence":"high","zon_new":"R1D-VL","neighborhood":"Squirrel Hill South","days_to_issue":152,"days_elapsed_if_open":null,"censored":false,"same_parcel_n":1,"work_desc":"CONSTRUCTION OF WOOD & MASONRY FRAMED THREE-STORY SINGLE-FAMILY DWELLING WITH TWO-CAR INTEGRAL GARAGE AND THIRD FLOOR TERRACE."}},{"type":"Feature","geometry":{"type":"Point","coordinates":[-79.985456,40.445651]},"properties":{"permit_id":"BDA-2024-04900","address":"713 CASSATT ST, Pittsburgh, 15219-","issue_date":null,"completed_date":null,"status":"Applicant Revisions","typology":"single_detached","units":1,"classification_confidence":"high","zon_new":"RM-M","neighborhood":"Crawford-Roberts","days_to_issue":null,"days_elapsed_if_open":737,"censored":true,"same_parcel_n":1,"work_desc":"TWO-STORY ADDITION, RETAINING WALL AND 12'-3\" X 13' FIRST FLOOR DECK WITH STEPS TO GRADE AT REAR AND FRONT PORCH AND STEPS (IN CASSATT STREET RIGHT-OF-WAY) AT F"}},{"type":"Feature","geometry":{"type":"Point","coordinates":[-79.938108,40.45741]},"properties":{"permit_id":"BDA-2024-04915","address":"5401 BAUM BLVD, Pittsburgh, PA 15232-","issue_date":null,"completed_date":null,"status":"Applicant Revisions","typology":"multi_unit_size_unknown","units":null,"classification_confidence":"low","zon_new":"UNC","neighborhood":"Bloomfield","days_to_issue":null,"days_elapsed_if_open":736,"censored":true,"same_parcel_n":4,"work_desc":"[no description; same-parcel BDA-2026-05596] NEW CONSTRUCTION OF 5 STORY APARTMENT BUILDING"}},{"type":"Feature","geometry":{"type":"Point","coordinates":[-80.055449,40.441405]},"properties":{"permit_id":"BDA-2024-04953","address":"1225 ROUND TOP ST, Pittsburgh, PA 15205","issue_date":null,"completed_date":null,"status":"Applicant Revisions","typology":"unknown","units":null,"classification_confidence":"low","zon_new":"R2-L","neighborhood":"Crafton Heights","days_to_issue":null,"days_elapsed_if_open":736,"censored":true,"same_parcel_n":2,"work_desc":null}},{"type":"Feature","geometry":{"type":"Point","coordinates":[-80.028673,40.458635]},"properties":{"permit_id":"BDA-2024-05015","address":"1420 ADAMS ST, Pittsburgh, 15233-","issue_date":null,"completed_date":null,"status":"Applicant Revisions","typology":"unknown","units":null,"classification_confidence":"low","zon_new":"R1A-VH","neighborhood":"Manchester","days_to_issue":null,"days_elapsed_if_open":733,"censored":true,"same_parcel_n":1,"work_desc":null}},{"type":"Feature","geometry":{"type":"Point","coordinates":[-79.917583,40.43958]},"properties":{"permit_id":"BDA-2024-05051","address":"1631 DENNISTON ST, Pittsburgh, PA 15217-","issue_date":null,"completed_date":null,"status":"Application Incomplete","typology":"unknown","units":null,"classification_confidence":"low","zon_new":"R2-L","neighborhood":"Squirrel Hill North","days_to_issue":null,"days_elapsed_if_open":733,"censored":true,"same_parcel_n":1,"work_desc":null}},{"type":"Feature","geometry":{"type":"Point","coordinates":[-80.025939,40.410899]},"properties":{"permit_id":"BDA-2024-05214","address":"No primary address specified","issue_date":null,"completed_date":null,"status":"Application Incomplete","typology":"unknown","units":null,"classification_confidence":"low","zon_new":"R1D-H","neighborhood":"Beechview","days_to_issue":null,"days_elapsed_if_open":730,"censored":true,"same_parcel_n":1,"work_desc":null}},{"type":"Feature","geometry":{"type":"Point","coordinates":[-79.977078,40.445333]},"properties":{"permit_id":"BDA-2024-05307","address":"2165 CENTRE AVE #404, Pittsburgh, PA 15219-","issue_date":"2025-04-23","completed_date":null,"status":"Issued","typology":"multi_unit_4_19","units":12,"classification_confidence":"high","zon_new":"LNC","neighborhood":"Middle Hill","days_to_issue":205,"days_elapsed_if_open":null,"censored":false,"same_parcel_n":1,"work_desc":"CONSTRUCT A NEW FOUR-STORY BUILDING WITH A BASEMENT. THE NEW BUILDING INCLUDES FUTURE COMMERCIAL TENANT SPACE ON THE FIRST FLOOR, STORAGE & UTILITIES IN BASEMEN"}},{"type":"Feature","geometry":{"type":"Point","coordinates":[-79.94829,40.413011]},"properties":{"permit_id":"BDA-2024-05483","address":"4612 LYTLE ST #518, Pittsburgh, PA 15207-","issue_date":"2025-08-28","completed_date":null,"status":"Issued","typology":"multi_unit_size_unknown","units":null,"classification_confidence":"med","zon_new":"SP-10","neighborhood":"Hazelwood","days_to_issue":329,"days_elapsed_if_open":null,"censored":false,"same_parcel_n":1,"work_desc":"CONSTRUCTION OF 5 STORY APARTMENT BUILDING WITH 1ST FLOOR AMENITY SPACES AND UNFINISHED COMMERCIAL SPACE WITH PARKING LOT AND PLAY STRUCTURE"}},{"type":"Feature","geometry":{"type":"Point","coordinates":[-79.922302,40.486181]},"properties":{"permit_id":"BDA-2024-05563","address":"1928 ANTIETAM ST, Pittsburgh, 15206-","issue_date":null,"completed_date":null,"status":"Application Finalization","typology":"unknown","units":null,"classification_confidence":"low","zon_new":"R1A-H","neighborhood":"Morningside","days_to_issue":null,"days_elapsed_if_open":721,"censored":true,"same_parcel_n":1,"work_desc":null}},{"type":"Feature","geometry":{"type":"Point","coordinates":[-79.987199,40.420796]},"properties":{"permit_id":"BDA-2024-05806","address":"28 MOUNT OLIVER ST, Pittsburgh, PA 15210-","issue_date":null,"completed_date":null,"status":"Applicant Revisions","typology":"two_unit","units":2,"classification_confidence":"med","zon_new":"H","neighborhood":"South Side Slopes","days_to_issue":null,"days_elapsed_if_open":716,"censored":true,"same_parcel_n":1,"work_desc":"NON-STRUCTRAL INTERIOR ALTERATIONS THROUGHOUT CHANGE IN USE TO TWO-FAMILY DWELLING"}},{"type":"Feature","geometry":{"type":"Point","coordinates":[-79.923235,40.455111]},"properties":{"permit_id":"BDA-2024-05863","address":"6229 SELLERS ST, Pittsburgh, PA 15206-","issue_date":"2026-03-31","completed_date":null,"status":"Issued","typology":"unknown","units":null,"classification_confidence":"low","zon_new":"RM-M","neighborhood":"Shadyside","days_to_issue":536,"days_elapsed_if_open":null,"censored":false,"same_parcel_n":13,"work_desc":null}},{"type":"Feature","geometry":{"type":"Point","coordinates":[-79.950971,40.464768]},"properties":{"permit_id":"BDA-2024-05890","address":"4560 FRIENDSHIP AVE, Pittsburgh, 15224-","issue_date":null,"completed_date":null,"status":"Applicant Revisions","typology":"two_unit","units":2,"classification_confidence":"med","zon_new":"R1A-H","neighborhood":"Bloomfield","days_to_issue":null,"days_elapsed_if_open":712,"censored":true,"same_parcel_n":2,"work_desc":"INTERIOR ALTERATION THROUGHOUT TO INCLUDE KITCHEN BATHROOM NEW FLOORS AND FINISHES. CHANGE IN USE TO TWO-FAMILY DWELLING"}},{"type":"Feature","geometry":{"type":"Point","coordinates":[-79.973603,40.421487]},"properties":{"permit_id":"BDA-2024-05897","address":"2305 PRIMROSE ST, Pittsburgh, PA 15203-","issue_date":"2025-04-25","completed_date":null,"status":"Issued","typology":"single_detached","units":1,"classification_confidence":"high","zon_new":"R1D-H","neighborhood":"South Side Slopes","days_to_issue":193,"days_elapsed_if_open":null,"censored":false,"same_parcel_n":1,"work_desc":"CONSTRUCTION OF NEW THREE STORY SINGLE-FAMILY DWELLING WITH INTEGRAL TWO-CAR GARAGE AS WELL AS FIRST, SECOND & THIRD FLOOR TERRACES"}},{"type":"Feature","geometry":{"type":"Point","coordinates":[-80.024696,40.395363]},"properties":{"permit_id":"BDA-2024-05898","address":"2640 PIONEER AVE, Pittsburgh, PA 15226-","issue_date":null,"completed_date":null,"status":"Applicant Revisions","typology":"two_unit","units":2,"classification_confidence":"med","zon_new":"R2-H","neighborhood":"Brookline","days_to_issue":null,"days_elapsed_if_open":712,"censored":true,"same_parcel_n":1,"work_desc":"CHANGE IN USE TO TWO-STORY BUILDIUNG A TWO-FAMILY DWELLING"}},{"type":"Feature","geometry":{"type":"Point","coordinates":[-79.919375,40.432042]},"properties":{"permit_id":"BDA-2024-05913","address":"5928 PHILLIPS AVE, Pittsburgh, PA 15217-","issue_date":"2024-10-24","completed_date":null,"status":"Issued","typology":"two_unit","units":2,"classification_confidence":"med","zon_new":"RM-M","neighborhood":"Squirrel Hill South","days_to_issue":10,"days_elapsed_if_open":null,"censored":false,"same_parcel_n":1,"work_desc":"CHANGE IN USE OCCUPANCY FOR USE OF EXISTING THREE-STORY BUILDING AS TWO-FAMILY DWELLING WITH TWO INTEGRAL GARAGES AT REAR"}},{"type":"Feature","geometry":{"type":"Point","coordinates":[-80.005402,40.448486]},"properties":{"permit_id":"BDA-2024-05918","address":"430 W GENERAL ROBINSON ST, Pittsburgh, PA 15212-","issue_date":"2025-04-03","completed_date":null,"status":"Issued","typology":"multi_unit_size_unknown","units":null,"classification_confidence":"med","zon_new":"RIV-NS","neighborhood":"North Shore","days_to_issue":171,"days_elapsed_if_open":null,"censored":false,"same_parcel_n":2,"work_desc":"NEW CONSTRUCTION OF 11-STORY BUILDING THAT CONSISTS OF A FIRST FLOOR PARKING GARAGE, DWELLING UNITS ON FLOORS 2 THROUGH 11 WITH ASSOCIATED AMENITY SPACES."}},{"type":"Feature","geometry":{"type":"Point","coordinates":[-79.970255,40.423346]},"properties":{"permit_id":"BDA-2024-05942","address":"66 BARRY ST, Pittsburgh, 15203-","issue_date":"2024-11-15","completed_date":null,"status":"Issued","typology":"unknown","units":null,"classification_confidence":"low","zon_new":"H","neighborhood":"South Side Slopes","days_to_issue":31,"days_elapsed_if_open":null,"censored":false,"same_parcel_n":1,"work_desc":null}},{"type":"Feature","geometry":{"type":"Point","coordinates":[-79.920049,40.456783]},"properties":{"permit_id":"BDA-2024-05978","address":"6348 KAUFMAN Way, Pittsburgh, PA 15206-","issue_date":"2026-01-22","completed_date":null,"status":"Issued","typology":"single_attached","units":1,"classification_confidence":"high","zon_new":"R2-M","neighborhood":"Shadyside","days_to_issue":464,"days_elapsed_if_open":null,"censored":false,"same_parcel_n":4,"work_desc":"NEW CONSTRUCTION OF 3-STORY TOWNHOME WITH INTEGRAL GARAGE AND DECKS"}},{"type":"Feature","geometry":{"type":"Point","coordinates":[-79.939824,40.458017]},"properties":{"permit_id":"BDA-2024-06006","address":"456 S ATLANTIC AVE, Pittsburgh, PA 15224-","issue_date":"2024-11-15","completed_date":null,"status":"Completed","typology":"single_detached","units":1,"classification_confidence":"med","zon_new":"R3-M","neighborhood":"Bloomfield","days_to_issue":30,"days_elapsed_if_open":null,"censored":false,"same_parcel_n":1,"work_desc":"24'-0'' X 24'-0'' TWO CAR, ONE STORY DETACHED GARAGE AT REAR OF SINGLE -FAMILY DWELLING."}},{"type":"Feature","geometry":{"type":"Point","coordinates":[-79.915049,40.462638]},"properties":{"permit_id":"BDA-2024-06033","address":"159 AUBURN ST, Pittsburgh, 15206-","issue_date":null,"completed_date":null,"status":"Applicant Revisions","typology":"unknown","units":null,"classification_confidence":"low","zon_new":"R2-H","neighborhood":"Larimer","days_to_issue":null,"days_elapsed_if_open":710,"censored":true,"same_parcel_n":1,"work_desc":null}},{"type":"Feature","geometry":{"type":"Point","coordinates":[-79.953341,40.439547]},"properties":{"permit_id":"BDA-2024-06034","address":"3816 PIER ST, Pittsburgh, 15213-","issue_date":"2026-06-12","completed_date":null,"status":"Issued","typology":"two_unit","units":2,"classification_confidence":"high","zon_new":"R-MU","neighborhood":"Central Oakland","days_to_issue":604,"days_elapsed_if_open":null,"censored":false,"same_parcel_n":1,"work_desc":"CHANGE IN USE FROM SINGLE FAMILY TO 2 FAMILY DWELLING. INTERIOR STRUCTURAL AND NON STRUCTURAL WORK, ADD BATHROOM ON 3RD FLOOR."}},{"type":"Feature","geometry":{"type":"Point","coordinates":[-79.948976,40.480574]},"properties":{"permit_id":"BDA-2024-06100","address":"No primary address specified","issue_date":null,"completed_date":null,"status":"Applicant Revisions","typology":"unknown","units":null,"classification_confidence":"low","zon_new":"R1A-VH","neighborhood":"Upper Lawrenceville","days_to_issue":null,"days_elapsed_if_open":709,"censored":true,"same_parcel_n":1,"work_desc":null}},{"type":"Feature","geometry":{"type":"Point","coordinates":[-79.913203,40.464497]},"properties":{"permit_id":"BDA-2024-06280","address":"6279 MEADOW ST, Pittsburgh, PA 15206-","issue_date":null,"completed_date":null,"status":"Applicant Revisions","typology":"unknown","units":null,"classification_confidence":"low","zon_new":"R2-H","neighborhood":"Larimer","days_to_issue":null,"days_elapsed_if_open":703,"censored":true,"same_parcel_n":1,"work_desc":null}},{"type":"Feature","geometry":{"type":"Point","coordinates":[-79.914694,40.44831]},"properties":{"permit_id":"BDA-2024-06300","address":"514 S LINDEN AVE, Pittsburgh, 15208-","issue_date":null,"completed_date":null,"status":"Applicant Revisions","typology":"two_unit","units":2,"classification_confidence":"med","zon_new":"R1D-L","neighborhood":"Point Breeze","days_to_issue":null,"days_elapsed_if_open":703,"censored":true,"same_parcel_n":1,"work_desc":"CHANGE IN USE OF TWO-STORY BUILDING AS TWO-FAMILY DWELLING"}},{"type":"Feature","geometry":{"type":"Point","coordinates":[-80.005402,40.448486]},"properties":{"permit_id":"BDA-2024-06377","address":"430 W GENERAL ROBINSON ST, Pittsburgh, PA 15212-","issue_date":"2025-01-29","completed_date":null,"status":"Issued","typology":"multi_unit_size_unknown","units":null,"classification_confidence":"low","zon_new":"RIV-NS","neighborhood":"North Shore","days_to_issue":97,"days_elapsed_if_open":null,"censored":false,"same_parcel_n":2,"work_desc":"[generic: FOUNDATION THROUGH LEVEL TWO INCLUDING STAIR AND ELEVATOR SHAFT CONSTRUCTION REL; same-parcel BDA-2024-05918] NEW CONSTRUCTION OF 11-STORY BUILDING TH"}},{"type":"Feature","geometry":{"type":"Point","coordinates":[-79.988167,40.47337]},"properties":{"permit_id":"BDA-2024-06445","address":"2524 SPRING GARDEN AVE, Pittsburgh, 15212-","issue_date":null,"completed_date":null,"status":"Applicant Revisions","typology":"unknown","units":null,"classification_confidence":"low","zon_new":"R1D-L","neighborhood":"Spring Garden","days_to_issue":null,"days_elapsed_if_open":699,"censored":true,"same_parcel_n":1,"work_desc":null}},{"type":"Feature","geometry":{"type":"Point","coordinates":[-79.983197,40.438968]},"properties":{"permit_id":"BDA-2024-06537","address":"1620 COLWELL ST, Pittsburgh, PA 15219-","issue_date":null,"completed_date":null,"status":"Applicant Revisions","typology":"unknown","units":null,"classification_confidence":"low","zon_new":"UPR-A","neighborhood":"Crawford-Roberts","days_to_issue":null,"days_elapsed_if_open":696,"censored":true,"same_parcel_n":1,"work_desc":null}},{"type":"Feature","geometry":{"type":"Point","coordinates":[-79.997247,40.436888]},"properties":{"permit_id":"BDA-2024-06603","address":"529 COURT PL, Pittsburgh, 15219-","issue_date":"2025-05-14","completed_date":null,"status":"Issued","typology":"multi_unit_size_unknown","units":null,"classification_confidence":"med","zon_new":"GT-B","neighborhood":"Central Business District","days_to_issue":195,"days_elapsed_if_open":null,"censored":false,"same_parcel_n":1,"work_desc":"RECONFIGURATION OF EXISTING BUILDING FOR CHANGE IN USE FROM RESTAURANT/VACANT TO R-2 APARTMENT BUILDING"}},{"type":"Feature","geometry":{"type":"Point","coordinates":[-80.057527,40.451201]},"properties":{"permit_id":"BDA-2024-06675","address":"1101 BERRY ST, Pittsburgh, 15204-","issue_date":"2025-01-07","completed_date":null,"status":"Completed","typology":"two_unit","units":2,"classification_confidence":"med","zon_new":"R2-L","neighborhood":"Crafton Heights","days_to_issue":64,"days_elapsed_if_open":null,"censored":false,"same_parcel_n":1,"work_desc":"NON-STRUCTURAL INTERIOR ALTERATIONS THROUGHOUT TO INCLUDE KITCHEN BATHROOM AND IFNISHES. EXTERIOR ALTERATIONS TO INCLUDE NEW WINDOWS SIDING AND CHANGE IN USE TO"}},{"type":"Feature","geometry":{"type":"Point","coordinates":[-79.921003,40.488294]},"properties":{"permit_id":"BDA-2024-06682","address":"No primary address specified","issue_date":null,"completed_date":null,"status":"Applicant Revisions","typology":"unknown","units":null,"classification_confidence":"low","zon_new":"RIV-MU","neighborhood":"Morningside","days_to_issue":null,"days_elapsed_if_open":691,"censored":true,"same_parcel_n":1,"work_desc":null}},{"type":"Feature","geometry":{"type":"Point","coordinates":[-80.005343,40.456485]},"properties":{"permit_id":"BDA-2024-06712","address":"1212 LORAINE ST, Pittsburgh, PA 15212-","issue_date":null,"completed_date":null,"status":"Application Finalization","typology":"single_detached","units":1,"classification_confidence":"high","zon_new":"R1A-VH","neighborhood":"Central Northside","days_to_issue":null,"days_elapsed_if_open":691,"censored":true,"same_parcel_n":1,"work_desc":"NEW CONSTRUCTION RESIDENTIAL SINGLE FAMILY DWELLING"}},{"type":"Feature","geometry":{"type":"Point","coordinates":[-80.025988,40.462415]},"properties":{"permit_id":"BDA-2024-06746","address":"1229 SUCCESS ST #2, Pittsburgh, PA 15212-","issue_date":"2025-09-08","completed_date":null,"status":"Completed","typology":"two_unit","units":2,"classification_confidence":"med","zon_new":"RM-M","neighborhood":"California-Kirkbride","days_to_issue":307,"days_elapsed_if_open":null,"censored":false,"same_parcel_n":1,"work_desc":"INTERIOR AND EXTERIOR RENOVATION INCLUDING REBUILD EXTERIOR STAIRS, REPLACE ROOFING, SIDING, AND WINDOWS; CHANGE IN USE TO 2 FAMILY DWELLING"}},{"type":"Feature","geometry":{"type":"Point","coordinates":[-79.996294,40.455663]},"properties":{"permit_id":"BDA-2024-06837","address":"824 PERALTA ST, Pittsburgh, 15212-","issue_date":"2025-06-09","completed_date":null,"status":"Issued","typology":"two_unit","units":2,"classification_confidence":"med","zon_new":"R1A-VH","neighborhood":"East Allegheny","days_to_issue":215,"days_elapsed_if_open":null,"censored":false,"same_parcel_n":1,"work_desc":"NON-STRUCTURAL INTERIOR ALTERATIONS THROUGHOUT TO INCLUDE KITCHEN AND BATHROOM RENOVATIONS. EXTERIOR ALTERATIONS TO INCLUDE NEW ROOF SIDING DOORS AND WINDOWS. C"}},{"type":"Feature","geometry":{"type":"Point","coordinates":[-79.921795,40.488479]},"properties":{"permit_id":"BDA-2024-06956","address":"No primary address specified","issue_date":null,"completed_date":null,"status":"Applicant Revisions","typology":"unknown","units":null,"classification_confidence":"low","zon_new":"RIV-MU","neighborhood":"Morningside","days_to_issue":null,"days_elapsed_if_open":687,"censored":true,"same_parcel_n":1,"work_desc":null}},{"type":"Feature","geometry":{"type":"Point","coordinates":[-79.92092,40.488274]},"properties":{"permit_id":"BDA-2024-06958","address":"No primary address specified","issue_date":null,"completed_date":null,"status":"Applicant Revisions","typology":"unknown","units":null,"classification_confidence":"low","zon_new":"RIV-MU","neighborhood":"Morningside","days_to_issue":null,"days_elapsed_if_open":687,"censored":true,"same_parcel_n":1,"work_desc":null}},{"type":"Feature","geometry":{"type":"Point","coordinates":[-80.015321,40.431133]},"properties":{"permit_id":"BDA-2024-06973","address":"No primary address specified","issue_date":null,"completed_date":null,"status":"Applicant Revisions","typology":"unknown","units":null,"classification_confidence":"low","zon_new":"RM-M","neighborhood":"Mount Washington","days_to_issue":null,"days_elapsed_if_open":685,"censored":true,"same_parcel_n":1,"work_desc":null}},{"type":"Feature","geometry":{"type":"Point","coordinates":[-79.969543,40.452388]},"properties":{"permit_id":"BDA-2024-07307","address":"817 Darby ST #426, Pittsburgh, PA 15219-","issue_date":"2025-05-29","completed_date":null,"status":"Issued","typology":"multi_unit_size_unknown","units":null,"classification_confidence":"med","zon_new":"RM-M","neighborhood":"Bedford Dwellings","days_to_issue":191,"days_elapsed_if_open":null,"censored":false,"same_parcel_n":1,"work_desc":"NEW CONSTRUCTION OF FIVE-STORY APARTMENT BUILDING AND SITE WORK THAT INCLUDES SURFACE PARKING, PERGOLA, DUMPSTER ENCLOSURE AND SITE WORK"}},{"type":"Feature","geometry":{"type":"Point","coordinates":[-79.969953,40.452928]},"properties":{"permit_id":"BDA-2024-07308","address":"859 Darby ST #420, Pittsburgh, PA 15219-","issue_date":"2025-07-23","completed_date":null,"status":"Issued","typology":"multi_unit_size_unknown","units":null,"classification_confidence":"med","zon_new":"RM-M","neighborhood":"Bedford Dwellings","days_to_issue":246,"days_elapsed_if_open":null,"censored":false,"same_parcel_n":1,"work_desc":"NEW CONSTRUCTION OF FOUR-STORY APARTMENT BUILDING AND SITE WORK THAT INCLUDES SURFACE PARKING AND PLAYGROUND."}},{"type":"Feature","geometry":{"type":"Point","coordinates":[-79.958541,40.438586]},"properties":{"permit_id":"BDA-2024-07484","address":"294 MCKEE PL #1125, Pittsburgh, PA 15213-","issue_date":"2025-06-06","completed_date":null,"status":"Issued","typology":"multi_unit_size_unknown","units":null,"classification_confidence":"med","zon_new":"R-MU","neighborhood":"Central Oakland","days_to_issue":196,"days_elapsed_if_open":null,"censored":false,"same_parcel_n":1,"work_desc":"NEW CONSTRUCTION OF AN 11 STORY APARTMENT BUILDING, SITE WORK, COVERED PARKING, ACCESSORY MAINTENANCE BUILDING AND PARKING CAROUSELS."}},{"type":"Feature","geometry":{"type":"Point","coordinates":[-79.9403,40.422193]},"properties":{"permit_id":"BDA-2024-07488","address":"4231 SHIELDS ST #B, Pittsburgh, PA 15207-","issue_date":"2025-01-29","completed_date":null,"status":"Issued","typology":"two_unit","units":2,"classification_confidence":"med","zon_new":"R1D-M","neighborhood":"Greenfield","days_to_issue":68,"days_elapsed_if_open":null,"censored":false,"same_parcel_n":1,"work_desc":"CHANGE IN USE TO 2 FAMILY DWELLING, 2ND FLOOR COVERED DECK (18'-0\" X 7'-2\"), WINDOWS, SIDING, ROOFING,"}},{"type":"Feature","geometry":{"type":"Point","coordinates":[-80.00247,40.416074]},"properties":{"permit_id":"BDA-2024-07550","address":"235 MICHIGAN ST, Pittsburgh, 15210-","issue_date":null,"completed_date":null,"status":"Application Finalization","typology":"two_unit","units":2,"classification_confidence":"high","zon_new":"R2-H","neighborhood":"Beltzhoover","days_to_issue":null,"days_elapsed_if_open":670,"censored":true,"same_parcel_n":1,"work_desc":"CONVERSION OF EXISTING SINGLE FAMILY DWELLING TO TWO-FAMILY DWELLING. INTERIOR RENOVATIONS THROUGHOUT ON ALL LEVELS, WORK INCLUDES SELECTIVE DEMOLITION, NEW CEI"}},{"type":"Feature","geometry":{"type":"Point","coordinates":[-79.968094,40.456077]},"properties":{"permit_id":"BDA-2024-07631","address":"3048 PHELAN Way, Pittsburgh, PA 15219-","issue_date":null,"completed_date":null,"status":"Applicant Revisions","typology":"unknown","units":null,"classification_confidence":"low","zon_new":"R2-H","neighborhood":"Polish Hill","days_to_issue":null,"days_elapsed_if_open":668,"censored":true,"same_parcel_n":1,"work_desc":null}},{"type":"Feature","geometry":{"type":"Point","coordinates":[-80.037913,40.445511]},"properties":{"permit_id":"BDA-2024-07665","address":"513 LORENZ AVE, Pittsburgh, 15220-","issue_date":null,"completed_date":null,"status":"Applicant Revisions","typology":"unknown","units":null,"classification_confidence":"low","zon_new":"R1D-H","neighborhood":"Elliott","days_to_issue":null,"days_elapsed_if_open":663,"censored":true,"same_parcel_n":1,"work_desc":null}},{"type":"Feature","geometry":{"type":"Point","coordinates":[-79.98729,40.427084]},"properties":{"permit_id":"BDA-2024-07668","address":"111 S 11TH ST, Pittsburgh, PA 15203-","issue_date":null,"completed_date":null,"status":"Applicant Revisions","typology":"unknown","units":null,"classification_confidence":"low","zon_new":"R1A-VH","neighborhood":"South Side Flats","days_to_issue":null,"days_elapsed_if_open":663,"censored":true,"same_parcel_n":2,"work_desc":null}},{"type":"Feature","geometry":{"type":"Point","coordinates":[-79.923703,40.421478]},"properties":{"permit_id":"BDA-2024-07702","address":"3163 SHADY AVE, Pittsburgh, PA 15217-","issue_date":"2025-05-02","completed_date":null,"status":"Completed","typology":"two_unit","units":2,"classification_confidence":"med","zon_new":"R2-L","neighborhood":"Squirrel Hill South","days_to_issue":150,"days_elapsed_if_open":null,"censored":false,"same_parcel_n":1,"work_desc":"MINOR WORK INTERIOR ALTERATIONS. CHANGE IN USE TO TWO FAMILY DWELLING"}},{"type":"Feature","geometry":{"type":"Point","coordinates":[-80.014565,40.426864]},"properties":{"permit_id":"BDA-2024-07864","address":"225 WILBERT ST, Pittsburgh, PA 15211-","issue_date":"2025-04-04","completed_date":null,"status":"Issued","typology":"single_detached","units":1,"classification_confidence":"high","zon_new":"R1D-H","neighborhood":"Mount Washington","days_to_issue":119,"days_elapsed_if_open":null,"censored":false,"same_parcel_n":1,"work_desc":"CONSTRUCTION OF WOOD-FRAMED THREE-STORY SINGLE FAMILY DWELLING WITH INTEGRAL TWO-CAR GARAGE"}},{"type":"Feature","geometry":{"type":"Point","coordinates":[-79.924877,40.467113]},"properties":{"permit_id":"BDA-2024-07968","address":"516 N EUCLID AVE, Pittsburgh, PA 15206-","issue_date":"2025-04-09","completed_date":null,"status":"Issued","typology":"two_unit","units":2,"classification_confidence":"high","zon_new":"R2-H","neighborhood":"East Liberty","days_to_issue":121,"days_elapsed_if_open":null,"censored":false,"same_parcel_n":1,"work_desc":"CONSTRUCTION OF TWO-FAMILY DWELLING WITH INTEGRAL ONE-CAR GARAGES FOR EACH DWELLING UNIT"}},{"type":"Feature","geometry":{"type":"Point","coordinates":[-80.081554,40.446595]},"properties":{"permit_id":"BDA-2024-07969","address":"2039 BROADHEAD FORDING RD, Pittsburgh, PA 15205-","issue_date":"2025-01-10","completed_date":null,"status":"Completed","typology":"senior","units":48,"classification_confidence":"low","zon_new":"P","neighborhood":"Fairywood","days_to_issue":32,"days_elapsed_if_open":null,"censored":false,"same_parcel_n":2,"work_desc":"[no description; same-parcel BDA-2026-00712] NEW CONSTRUCTION FOR 3-STORY, MULTI-FAMILY SENIOR HOUSING WITH 48 DWELLING UNITS (HILL TOP VILLAS). AMENITY SPACES "}},{"type":"Feature","geometry":{"type":"Point","coordinates":[-79.932288,40.426555]},"properties":{"permit_id":"BDA-2024-07979","address":"905 WELFER ST #2, Pittsburgh, PA 15217-","issue_date":null,"completed_date":null,"status":"Applicant Revisions","typology":"two_unit","units":2,"classification_confidence":"med","zon_new":"R1D-H","neighborhood":"Greenfield","days_to_issue":null,"days_elapsed_if_open":655,"censored":true,"same_parcel_n":1,"work_desc":"CHANGE IN USE TO TWO-STORY AS TWO-FAMILY DWELLING"}},{"type":"Feature","geometry":{"type":"Point","coordinates":[-79.963444,40.472424]},"properties":{"permit_id":"BDA-2024-08266","address":"4215 WILLOW ST #427, Pittsburgh, PA 15201-","issue_date":null,"completed_date":null,"status":"Applicant Revisions","typology":"multi_unit_20plus","units":97,"classification_confidence":"high","zon_new":"RIV-IMU","neighborhood":"Central Lawrenceville","days_to_issue":null,"days_elapsed_if_open":647,"censored":true,"same_parcel_n":1,"work_desc":"**CONSTRUCTION OF 6 STORY APARTMENT WITH WITH 97 DWELLING UNITS , OUTDOOR AMENITY SPACE ON SECOND LEVEL WITH POOL, INTEGRAL AND EXTERIOR PARKING (53 SPACES INCL"}},{"type":"Feature","geometry":{"type":"Point","coordinates":[-79.952671,40.431441]},"properties":{"permit_id":"BDA-2024-08418","address":"No primary address specified","issue_date":null,"completed_date":null,"status":"Applicant Revisions","typology":"unknown","units":null,"classification_confidence":"low","zon_new":"R1A-H","neighborhood":"South Oakland","days_to_issue":null,"days_elapsed_if_open":639,"censored":true,"same_parcel_n":1,"work_desc":null}},{"type":"Feature","geometry":{"type":"Point","coordinates":[-80.027626,40.455107]},"properties":{"permit_id":"BDA-2024-08481","address":"1422 LIVERPOOL ST, Pittsburgh, PA 15233-","issue_date":null,"completed_date":null,"status":"Applicant Revisions","typology":"unknown","units":null,"classification_confidence":"low","zon_new":"R2-H","neighborhood":"Manchester","days_to_issue":null,"days_elapsed_if_open":635,"censored":true,"same_parcel_n":1,"work_desc":null}},{"type":"Feature","geometry":{"type":"Point","coordinates":[-79.973683,40.421494]},"properties":{"permit_id":"BDA-2025-00176","address":"2303 PRIMROSE ST, Pittsburgh, PA 15203-","issue_date":"2025-04-25","completed_date":null,"status":"Issued","typology":"single_detached","units":1,"classification_confidence":"high","zon_new":"R1D-H","neighborhood":"South Side Slopes","days_to_issue":107,"days_elapsed_if_open":null,"censored":false,"same_parcel_n":1,"work_desc":"CONSTRUCTION OF NEW THREE-STORY SINGLE-FAMILY DWELLING WITH INTEGRAL TWO-CAR GARAGE IN BASEMENT AS WELL AS FIRST, SECOND & THIRD FLOOR ROOF TERRACES"}},{"type":"Feature","geometry":{"type":"Point","coordinates":[-80.017776,40.436242]},"properties":{"permit_id":"BDA-2025-00312","address":"134 HALLOCK ST, Pittsburgh, PA 15211-","issue_date":"2025-05-30","completed_date":null,"status":"Issued","typology":"single_detached","units":1,"classification_confidence":"high","zon_new":"R1D-H","neighborhood":"Mount Washington","days_to_issue":136,"days_elapsed_if_open":null,"censored":false,"same_parcel_n":1,"work_desc":"CONSTRUCTION OF THREE-STORY SINGLE-FAMILY DWELLING WITH INTEGRAL 2 CAR GARAGE AND ROOFTOP DECK"}},{"type":"Feature","geometry":{"type":"Point","coordinates":[-79.905091,40.419716]},"properties":{"permit_id":"BDA-2025-00438","address":"1137 POCONO ST, Pittsburgh, PA 15218-","issue_date":null,"completed_date":null,"status":"Application Incomplete","typology":"unknown","units":null,"classification_confidence":"low","zon_new":"R1D-L","neighborhood":"Swisshelm Park","days_to_issue":null,"days_elapsed_if_open":617,"censored":true,"same_parcel_n":1,"work_desc":null}},{"type":"Feature","geometry":{"type":"Point","coordinates":[-79.988752,40.465595]},"properties":{"permit_id":"BDA-2025-00471","address":"1381 DAMAS ST, Pittsburgh, 15212-","issue_date":null,"completed_date":null,"status":"Applicant Revisions","typology":"single_detached","units":1,"classification_confidence":"high","zon_new":"R1D-H","neighborhood":"Spring Hill-City View","days_to_issue":null,"days_elapsed_if_open":613,"censored":true,"same_parcel_n":1,"work_desc":"CONSTRUCTION OF GARAGE AT REAR OF EXISTING SINGLE-FAMILY DWELLING"}},{"type":"Feature","geometry":{"type":"Point","coordinates":[-79.91977,40.433038]},"properties":{"permit_id":"BDA-2025-00560","address":"5900 DOUGLAS ST, Pittsburgh, PA 15217-","issue_date":"2025-06-27","completed_date":null,"status":"Completed","typology":"two_unit","units":2,"classification_confidence":"high","zon_new":"RM-M","neighborhood":"Squirrel Hill South","days_to_issue":155,"days_elapsed_if_open":null,"censored":false,"same_parcel_n":1,"work_desc":"INTERIOR RENOVATION, ADDING A BATHROOM ON THE FIRST FLOOR, 1 HOUR FIRE RESISTANCE RATING BETWEEN DWELLING UNITS (WALL, STAIR WALL AND FLOOR) TO CONVERT SINGLE F"}},{"type":"Feature","geometry":{"type":"Point","coordinates":[-79.957026,40.478928]},"properties":{"permit_id":"BDA-2025-00794","address":"167 50TH ST, Pittsburgh, PA 15201-","issue_date":null,"completed_date":null,"status":"Applicant Revisions","typology":"single_attached","units":1,"classification_confidence":"high","zon_new":"RIV-MU","neighborhood":"Central Lawrenceville","days_to_issue":null,"days_elapsed_if_open":604,"censored":true,"same_parcel_n":1,"work_desc":"TOWNHOUSE DEVELOPMENT COMMON DRIVEWAY"}},{"type":"Feature","geometry":{"type":"Point","coordinates":[-79.993016,40.427061]},"properties":{"permit_id":"BDA-2025-00811","address":"624 WINDOM ST, Pittsburgh, PA 15203-","issue_date":"2025-07-25","completed_date":null,"status":"Issued","typology":"single_detached","units":1,"classification_confidence":"high","zon_new":"H","neighborhood":"South Side Slopes","days_to_issue":176,"days_elapsed_if_open":null,"censored":false,"same_parcel_n":1,"work_desc":"CONSTRUCTION OF 3 STORY SINGLE FAMILY DWELLING WITH INTEGRAL GARAGE AND ROOFTOP DECK"}},{"type":"Feature","geometry":{"type":"Point","coordinates":[-79.992941,40.427036]},"properties":{"permit_id":"BDA-2025-00813","address":"626 WINDOM ST, Pittsburgh, PA 15203-","issue_date":"2025-07-24","completed_date":null,"status":"Issued","typology":"single_detached","units":1,"classification_confidence":"high","zon_new":"H","neighborhood":"South Side Slopes","days_to_issue":175,"days_elapsed_if_open":null,"censored":false,"same_parcel_n":1,"work_desc":"CONSTRUCTION OF 3 STORY SINGLE FAMILY DWELLING WITH INTEGRAL GARAGE AND ROOFTOP DECK"}},{"type":"Feature","geometry":{"type":"Point","coordinates":[-79.962622,40.464134]},"properties":{"permit_id":"BDA-2025-00853","address":"3634 PENN AVE, Pittsburgh, PA 15201-","issue_date":null,"completed_date":null,"status":"Application Finalization","typology":"multi_unit_20plus","units":40,"classification_confidence":"high","zon_new":"LNC","neighborhood":"Lower Lawrenceville","days_to_issue":null,"days_elapsed_if_open":603,"censored":true,"same_parcel_n":1,"work_desc":"CONSTRUCTION OF 3-STORY APARTMENT BUILDING WITH MEZZANINE ATOP PODIUM CONTAINING PARKING GARAGE AND AMENITY SPACES, INCLUDING 40 DWELLING UNITS AND OUTDOOR PATI"}},{"type":"Feature","geometry":{"type":"Point","coordinates":[-79.977329,40.443956]},"properties":{"permit_id":"BDA-2025-00940","address":"2117 ROSE ST, Pittsburgh, PA 15219-","issue_date":"2025-02-25","completed_date":null,"status":"Issued","typology":"unknown","units":null,"classification_confidence":"low","zon_new":"RM-M","neighborhood":"Middle Hill","days_to_issue":21,"days_elapsed_if_open":null,"censored":false,"same_parcel_n":2,"work_desc":null}},{"type":"Feature","geometry":{"type":"Point","coordinates":[-79.900631,40.455618]},"properties":{"permit_id":"BDA-2025-00945","address":"7039 HAMILTON AVE #201, Pittsburgh, PA 15208-","issue_date":null,"completed_date":null,"status":"Application Finalization","typology":"two_unit","units":2,"classification_confidence":"high","zon_new":"RM-M","neighborhood":"Homewood South","days_to_issue":null,"days_elapsed_if_open":599,"censored":true,"same_parcel_n":1,"work_desc":"CONSTRUCTION OF TWO STORY DETACHED MODULAR TWO FAMILY DWELLING WITH EXTERIOR STAIR"}},{"type":"Feature","geometry":{"type":"Point","coordinates":[-79.952753,40.454634]},"properties":{"permit_id":"BDA-2025-00951","address":"419 MELWOOD AVE #1025, Pittsburgh, PA 15213-","issue_date":null,"completed_date":null,"status":"Applicant Revisions","typology":"multi_unit_size_unknown","units":null,"classification_confidence":"low","zon_new":"UC-MU","neighborhood":"North Oakland","days_to_issue":null,"days_elapsed_if_open":599,"censored":true,"same_parcel_n":3,"work_desc":"[no description; same-parcel BP-2022-03687] CONSTRUCT NEW TEN STORY APARTMENT BUILDING WITH BELOW GRADE GARAGE"}},{"type":"Feature","geometry":{"type":"Point","coordinates":[-80.025089,40.411683]},"properties":{"permit_id":"BDA-2025-01101","address":"1530 BEECHVIEW AVE, Pittsburgh, 15216-","issue_date":"2025-11-19","completed_date":null,"status":"Issued","typology":"two_unit","units":2,"classification_confidence":"med","zon_new":"R1D-H","neighborhood":"Beechview","days_to_issue":285,"days_elapsed_if_open":null,"censored":false,"same_parcel_n":1,"work_desc":"ALTERATIONS TO CONVERT FIRST FLOOR OFFICES TO TWO DWELLING UNITS WITH FRONT PORCH IN EXISTING 3 STORY BUILDING"}},{"type":"Feature","geometry":{"type":"Point","coordinates":[-79.92949,40.453212]},"properties":{"permit_id":"BDA-2025-01109","address":"724 MARYLAND AVE, Pittsburgh, 15232-","issue_date":null,"completed_date":null,"status":"Application Incomplete","typology":"unknown","units":null,"classification_confidence":"low","zon_new":"R2-M","neighborhood":"Shadyside","days_to_issue":null,"days_elapsed_if_open":594,"censored":true,"same_parcel_n":2,"work_desc":null}},{"type":"Feature","geometry":{"type":"Point","coordinates":[-79.946715,40.427781]},"properties":{"permit_id":"BDA-2025-01149","address":"403 SALINE ST #2, Pittsburgh, PA 15207-","issue_date":"2026-05-29","completed_date":null,"status":"Issued","typology":"multi_unit_size_unknown","units":null,"classification_confidence":"med","zon_new":"R1D-H","neighborhood":"Greenfield","days_to_issue":473,"days_elapsed_if_open":null,"censored":false,"same_parcel_n":1,"work_desc":"ALTERATIONS TO CREATE BATHROOM, KITCHEN CONVERTING FIRST FLOOR TO ONE APARTMENT, RENOVATION OF SECOND THROUGH 4TH FLOOR APARTMENTS WITH NEW WINDOWS, FIXTURES AN"}},{"type":"Feature","geometry":{"type":"Point","coordinates":[-79.959736,40.437549]},"properties":{"permit_id":"BDA-2025-01223","address":"233 HALKET ST, Pittsburgh, 15213-","issue_date":"2026-09-11","completed_date":null,"status":"Issued","typology":"multi_unit_size_unknown","units":null,"classification_confidence":"med","zon_new":"UC-MU","neighborhood":"Central Oakland","days_to_issue":576,"days_elapsed_if_open":null,"censored":false,"same_parcel_n":2,"work_desc":"PHASED CONSTRUCTION OF FOUNDATIONS THROUGH LEVEL 2 OF NEW 12 STORY APARTMENT BUILDING WITH INTEGRAL GARAGE"}},{"type":"Feature","geometry":{"type":"Point","coordinates":[-80.026299,40.41093]},"properties":{"permit_id":"BDA-2025-01319","address":"1545 RUTHERFORD AVE, Pittsburgh, 15216-","issue_date":null,"completed_date":null,"status":"Application Incomplete","typology":"unknown","units":null,"classification_confidence":"low","zon_new":"R1D-H","neighborhood":"Beechview","days_to_issue":null,"days_elapsed_if_open":588,"censored":true,"same_parcel_n":1,"work_desc":null}},{"type":"Feature","geometry":{"type":"Point","coordinates":[-79.94947,40.479327]},"properties":{"permit_id":"BDA-2025-01367","address":"5259 WICKLIFF ST, Pittsburgh, PA 15201-","issue_date":null,"completed_date":null,"status":"Application Finalization","typology":"single_detached","units":1,"classification_confidence":"high","zon_new":"R1A-VH","neighborhood":"Upper Lawrenceville","days_to_issue":null,"days_elapsed_if_open":585,"censored":true,"same_parcel_n":1,"work_desc":"NEW CONSTRUCTION OF A 3-STORY DETACHED SINGLE-FAMILY DWELLING WITH ATTACHED GARAGE."}},{"type":"Feature","geometry":{"type":"Point","coordinates":[-79.972033,40.437742]},"properties":{"permit_id":"BDA-2025-01390","address":"2323 5TH AVE #301, Pittsburgh, PA 15213-","issue_date":null,"completed_date":null,"status":"Applicant Revisions","typology":"three_unit","units":3,"classification_confidence":"high","zon_new":"UPR-B","neighborhood":"West Oakland","days_to_issue":null,"days_elapsed_if_open":584,"censored":true,"same_parcel_n":1,"work_desc":"CONSTRUCTION OF A THREE-STORY APARTMENT BUILDING WITH 3 UNITS"}},{"type":"Feature","geometry":{"type":"Point","coordinates":[-80.014414,40.426859]},"properties":{"permit_id":"BDA-2025-01415","address":"223 WILBERT ST, Pittsburgh, PA 15211-","issue_date":"2025-04-04","completed_date":null,"status":"Issued","typology":"single_detached","units":1,"classification_confidence":"high","zon_new":"R1D-H","neighborhood":"Mount Washington","days_to_issue":44,"days_elapsed_if_open":null,"censored":false,"same_parcel_n":1,"work_desc":"CONSTRUCTION OF WOOD-FRAMED THREE-STORY SINGLE FAMILY DWELLING WITH INTEGRAL TWO-CAR GARAGE"}},{"type":"Feature","geometry":{"type":"Point","coordinates":[-80.011062,40.458864]},"properties":{"permit_id":"BDA-2025-01446","address":"235 E JEFFERSON ST, Pittsburgh, PA 15212","issue_date":null,"completed_date":null,"status":"Applicant Revisions","typology":"unknown","units":null,"classification_confidence":"low","zon_new":"R1A-VH","neighborhood":"Central Northside","days_to_issue":null,"days_elapsed_if_open":583,"censored":true,"same_parcel_n":1,"work_desc":null}},{"type":"Feature","geometry":{"type":"Point","coordinates":[-80.022735,40.396111]},"properties":{"permit_id":"BDA-2025-01449","address":"519 BROOKLINE BLVD, Pittsburgh, 15226-","issue_date":"2025-10-29","completed_date":null,"status":"Issued","typology":"two_unit","units":2,"classification_confidence":"med","zon_new":"LNC","neighborhood":"Brookline","days_to_issue":251,"days_elapsed_if_open":null,"censored":false,"same_parcel_n":1,"work_desc":"INTERIOR ALTERATIONS TO CONVERT MEDICAL OFFICE/ SINGLE-FAMILY DWELLING INTO TWO-FAMILY DWELLING"}},{"type":"Feature","geometry":{"type":"Point","coordinates":[-80.023414,40.455361]},"properties":{"permit_id":"BDA-2025-01465","address":"1217 LIVERPOOL ST, Pittsburgh, PA 15233-","issue_date":"2025-10-24","completed_date":null,"status":"Completed","typology":"single_detached","units":1,"classification_confidence":"high","zon_new":"R1A-H","neighborhood":"Manchester","days_to_issue":246,"days_elapsed_if_open":null,"censored":false,"same_parcel_n":1,"work_desc":"CONSTRUCTION OF THREE-STORY WOOD-FRAMED SINGLE-FAMILY DWELLING"}},{"type":"Feature","geometry":{"type":"Point","coordinates":[-80.023356,40.455195]},"properties":{"permit_id":"BDA-2025-01468","address":"1216 WARLO ST, Pittsburgh, PA 15233-","issue_date":"2025-10-16","completed_date":null,"status":"Issued","typology":"single_detached","units":1,"classification_confidence":"high","zon_new":"R1A-H","neighborhood":"Manchester","days_to_issue":238,"days_elapsed_if_open":null,"censored":false,"same_parcel_n":1,"work_desc":"CONSTRUCTION OF THREE-STORY WOOD-FRAMED SINGLE-FAMILY DWELLING WITH FULL BASMENT AND INTEGRAL ONE-CAR GARAGE."}},{"type":"Feature","geometry":{"type":"Point","coordinates":[-79.950102,40.47881]},"properties":{"permit_id":"BDA-2025-01499","address":"5237 WICKLIFF ST, Pittsburgh, PA 15201-","issue_date":"2025-06-09","completed_date":null,"status":"Issued","typology":"single_detached","units":1,"classification_confidence":"high","zon_new":"R1A-VH","neighborhood":"Upper Lawrenceville","days_to_issue":108,"days_elapsed_if_open":null,"censored":false,"same_parcel_n":1,"work_desc":"CONSTRUCTION OF NEW SINGLE FAMILY DWELLING UNIT"}},{"type":"Feature","geometry":{"type":"Point","coordinates":[-79.952028,40.465978]},"properties":{"permit_id":"BDA-2025-01500","address":"4506 PENN AVE, Pittsburgh, 15224-","issue_date":null,"completed_date":null,"status":"Application Finalization","typology":"two_unit","units":2,"classification_confidence":"med","zon_new":"LNC","neighborhood":"Bloomfield","days_to_issue":null,"days_elapsed_if_open":582,"censored":true,"same_parcel_n":1,"work_desc":"RENNOVATION OF THREE STORY BUILDING WITH OFFICE IN BASEMENT AND FIRST FLOOR, PARTIAL CHANGE IN USE TO INCLUDE TWO DWELLING UNITS ON THE SECOND FLOOR, THIRD FLOO"}},{"type":"Feature","geometry":{"type":"Point","coordinates":[-80.01299,40.385576]},"properties":{"permit_id":"BDA-2025-01539","address":"2702 TARBEL ST, Pittsburgh, PA 15226-","issue_date":"2025-06-30","completed_date":null,"status":"Issued","typology":"single_detached","units":1,"classification_confidence":"high","zon_new":"R1D-M","neighborhood":"Brookline","days_to_issue":126,"days_elapsed_if_open":null,"censored":false,"same_parcel_n":1,"work_desc":"CONSTRUCTION OF NEW 2 STORY SINGLE FAMILY DWELLING WITH ATTIC"}},{"type":"Feature","geometry":{"type":"Point","coordinates":[-80.016051,40.432849]},"properties":{"permit_id":"BDA-2025-01588","address":"307 LABELLE ST, Pittsburgh, 15211-","issue_date":"2025-03-18","completed_date":null,"status":"Issued","typology":"unknown","units":null,"classification_confidence":"low","zon_new":"R1D-M","neighborhood":"Mount Washington","days_to_issue":21,"days_elapsed_if_open":null,"censored":false,"same_parcel_n":1,"work_desc":null}},{"type":"Feature","geometry":{"type":"Point","coordinates":[-79.97502,40.458284]},"properties":{"permit_id":"BDA-2025-01698","address":"2854 SMALLMAN ST, Pittsburgh, PA 15222-","issue_date":"2026-01-08","completed_date":null,"status":"Issued","typology":"single_detached","units":1,"classification_confidence":"med","zon_new":"RIV-IMU","neighborhood":"Strip District","days_to_issue":315,"days_elapsed_if_open":null,"censored":false,"same_parcel_n":1,"work_desc":"CONSTRUCTION OF NEW THREE-STORY DWELLING WITH INTERGRAL GARAGE AND SECOND FLOOR DECK"}},{"type":"Feature","geometry":{"type":"Point","coordinates":[-79.948161,40.412031]},"properties":{"permit_id":"BDA-2025-01706","address":"4615 BLAIR ST #516, Pittsburgh, PA 15207-","issue_date":null,"completed_date":null,"status":"In Review","typology":"multi_unit_size_unknown","units":null,"classification_confidence":"med","zon_new":"SP-10","neighborhood":"Hazelwood","days_to_issue":null,"days_elapsed_if_open":576,"censored":true,"same_parcel_n":2,"work_desc":"CONSTRUCTION OF A THREE-STORY APARTMENT BUILDING WITH SURFACE PARKING, CONSISTING OF PRE-MANUFACTURED MODULAR COMPONANTS AND SITE-BUILT ELEMENTS."}},{"type":"Feature","geometry":{"type":"Point","coordinates":[-79.994488,40.421161]},"properties":{"permit_id":"BDA-2025-01891","address":"119 WALTER ST, Pittsburgh, 15210-","issue_date":"2025-03-11","completed_date":null,"status":"Amendment Review","typology":"two_unit","units":2,"classification_confidence":"med","zon_new":"R1D-H","neighborhood":"Allentown","days_to_issue":6,"days_elapsed_if_open":null,"censored":false,"same_parcel_n":1,"work_desc":"NON-STRUCTURAL EXTERIOR RENOVATIONS, NEW DOORS, WINDOWS, ROOFING AND SIDING. CHANGE IN USE TO TWO-FAMILY DWELLING"}},{"type":"Feature","geometry":{"type":"Point","coordinates":[-80.003817,40.443489]},"properties":{"permit_id":"BDA-2025-02033","address":"120 CECIL PL, Pittsburgh, 15222-","issue_date":null,"completed_date":null,"status":"Ready For Issue","typology":"multi_unit_size_unknown","units":null,"classification_confidence":"med","zon_new":"GT-C","neighborhood":"Central Business District","days_to_issue":null,"days_elapsed_if_open":565,"censored":true,"same_parcel_n":1,"work_desc":"RENOVATIONS FOR A CHANGE OF USE FROM EXISTING BOILER PLANT TO APARTMENTS. SITE MODIFICATIONS TO INCLUDE NEW SIDEWALKS, 2 PARKING SPACES, & A LANDSCAPED PLAYGROU"}},{"type":"Feature","geometry":{"type":"Point","coordinates":[-79.942553,40.407794]},"properties":{"permit_id":"BDA-2025-02094","address":"120 TIPTON ST, Pittsburgh, PA 15207-","issue_date":null,"completed_date":null,"status":"Applicant Revisions","typology":"single_detached","units":1,"classification_confidence":"high","zon_new":"R1D-M","neighborhood":"Hazelwood","days_to_issue":null,"days_elapsed_if_open":564,"censored":true,"same_parcel_n":1,"work_desc":"CONSTRUCTION OF TWO-STORY SINGLE-FAMILY DWELLING WITH INTEGRAL TWO-CAR GARAGE AS WLL AS ONE COVERED SECOND FLOOR DECK AND ONE UNCOVERED SECOND FLOOR DECK."}},{"type":"Feature","geometry":{"type":"Point","coordinates":[-79.980675,40.466871]},"properties":{"permit_id":"BDA-2025-02185","address":"1936 LOWRIE ST, Pittsburgh, PA 15212-","issue_date":"2026-06-10","completed_date":null,"status":"Issued","typology":"two_unit","units":2,"classification_confidence":"med","zon_new":"R1A-H","neighborhood":"Troy Hill","days_to_issue":455,"days_elapsed_if_open":null,"censored":false,"same_parcel_n":1,"work_desc":"CHANGE IN USE TO TWO-FAMILY DWELLING"}},{"type":"Feature","geometry":{"type":"Point","coordinates":[-79.920624,40.475776]},"properties":{"permit_id":"BDA-2025-02214","address":"5804 BRYANT ST #302, Pittsburgh, PA 15206-","issue_date":"2025-08-13","completed_date":null,"status":"Issued","typology":"multi_unit_size_unknown","units":null,"classification_confidence":"med","zon_new":"LNC","neighborhood":"Highland Park","days_to_issue":153,"days_elapsed_if_open":null,"censored":false,"same_parcel_n":1,"work_desc":"CONSTRUCTION OF A 3-STORY, MIXED USE BUILDING, INCLUDING 4 TYPE B DWELLING UNITS, GROUND FLOOR COMMERCIAL TENANT SPACE, INTEGRAL PARKING, AND ACCESSORY STORAGE"}},{"type":"Feature","geometry":{"type":"Point","coordinates":[-79.998935,40.454417]},"properties":{"permit_id":"BDA-2025-02249","address":"604 EMLIN ST, Pittsburgh, PA 15212-","issue_date":null,"completed_date":null,"status":"Applicant Revisions","typology":"unknown","units":null,"classification_confidence":"low","zon_new":"R1A-VH","neighborhood":"East Allegheny","days_to_issue":null,"days_elapsed_if_open":561,"censored":true,"same_parcel_n":1,"work_desc":null}},{"type":"Feature","geometry":{"type":"Point","coordinates":[-79.976367,40.429181]},"properties":{"permit_id":"BDA-2025-02426","address":"2032 SIDNEY ST, Pittsburgh, PA 15203-","issue_date":null,"completed_date":null,"status":"Application Finalization","typology":"single_detached","units":1,"classification_confidence":"high","zon_new":"LNC","neighborhood":"South Side Flats","days_to_issue":null,"days_elapsed_if_open":556,"censored":true,"same_parcel_n":1,"work_desc":"CHANGE IN USE FROM COMMERCIAL MIXED USE TO SINGLE FAMILY DWELLING"}},{"type":"Feature","geometry":{"type":"Point","coordinates":[-79.937135,40.477834]},"properties":{"permit_id":"BDA-2025-02505","address":"115 ELENA CT, Pittsburgh, PA 15201-","issue_date":"2025-08-14","completed_date":null,"status":"Issued","typology":"single_detached","units":1,"classification_confidence":"high","zon_new":"R1D-L","neighborhood":"Stanton Heights","days_to_issue":146,"days_elapsed_if_open":null,"censored":false,"same_parcel_n":2,"work_desc":"COMPLETION OF CONSTRUCTION (STARTED UNDER BP-2022-16199) OF WOOD-FRAMED SINGLE-FAMILY DWELLING WITH CRAWL SPACE BELOW AND PARKING PAD IN FRONT."}},{"type":"Feature","geometry":{"type":"Point","coordinates":[-79.986362,40.4461]},"properties":{"permit_id":"BDA-2025-02644","address":"No primary address specified","issue_date":null,"completed_date":null,"status":"Application Finalization","typology":"two_unit","units":2,"classification_confidence":"high","zon_new":"RM-M","neighborhood":"Crawford-Roberts","days_to_issue":null,"days_elapsed_if_open":551,"censored":true,"same_parcel_n":2,"work_desc":"NEW TWO STORY BUILDING AS TWO FAMILY DWELLING"}},{"type":"Feature","geometry":{"type":"Point","coordinates":[-79.932468,40.46504]},"properties":{"permit_id":"BDA-2025-02723","address":"5490 BROAD ST, Pittsburgh, PA 15206-","issue_date":"2025-04-25","completed_date":null,"status":"Issued","typology":"two_unit","units":2,"classification_confidence":"med","zon_new":"R2-H","neighborhood":"Garfield","days_to_issue":30,"days_elapsed_if_open":null,"censored":false,"same_parcel_n":1,"work_desc":"INTERIOR ALTERATIONS THROUGHT NEW INTERIOR FINISHES AND EXTERIOR ALTERATIONS TO INCLUDE NEW WINDOWS AND ROOF REPLACEMNT. CHANGE IN USE TO TWO-FAMILY DWELLING"}},{"type":"Feature","geometry":{"type":"Point","coordinates":[-79.961868,40.473264]},"properties":{"permit_id":"BDA-2025-02740","address":"123 44TH ST, Pittsburgh, PA 15201-","issue_date":"2025-09-29","completed_date":null,"status":"Completed","typology":"two_unit","units":2,"classification_confidence":"med","zon_new":"R1A-VH","neighborhood":"Central Lawrenceville","days_to_issue":187,"days_elapsed_if_open":null,"censored":false,"same_parcel_n":1,"work_desc":"REPAIR, RE-SURFACE, & PARTIAL-RECONSTRUCT EXTERIOR COVERED DECK(PORCH) WITH STAIRS TO GRADE. CHANGE IN USE TO TWO-FAMILY DWELLING"}},{"type":"Feature","geometry":{"type":"Point","coordinates":[-79.930291,40.478544]},"properties":{"permit_id":"BDA-2025-02745","address":"1141 JANCEY ST, Pittsburgh, 15206-","issue_date":"2025-04-01","completed_date":null,"status":"Issued","typology":"unknown","units":null,"classification_confidence":"low","zon_new":"R1D-H","neighborhood":"Morningside","days_to_issue":6,"days_elapsed_if_open":null,"censored":false,"same_parcel_n":1,"work_desc":null}},{"type":"Feature","geometry":{"type":"Point","coordinates":[-80.022757,40.402419]},"properties":{"permit_id":"BDA-2025-02768","address":"2275 PAULINE AVE, Pittsburgh, PA 15216-","issue_date":"2025-06-11","completed_date":null,"status":"Completed","typology":"two_unit","units":2,"classification_confidence":"med","zon_new":"H","neighborhood":"Beechview","days_to_issue":76,"days_elapsed_if_open":null,"censored":false,"same_parcel_n":1,"work_desc":"CHANGE IN USE TO TWO-FAMILY DWELLING"}},{"type":"Feature","geometry":{"type":"Point","coordinates":[-80.011392,40.385987]},"properties":{"permit_id":"BDA-2025-03017","address":"1554 BERKSHIRE AVE, Pittsburgh, 15226-","issue_date":null,"completed_date":null,"status":"Application Finalization","typology":"unknown","units":null,"classification_confidence":"low","zon_new":"R1D-M","neighborhood":"Brookline","days_to_issue":null,"days_elapsed_if_open":542,"censored":true,"same_parcel_n":1,"work_desc":null}},{"type":"Feature","geometry":{"type":"Point","coordinates":[-79.986362,40.4461]},"properties":{"permit_id":"BDA-2025-03100","address":"No primary address specified","issue_date":null,"completed_date":null,"status":"Application Finalization","typology":"two_unit","units":2,"classification_confidence":"high","zon_new":"RM-M","neighborhood":"Crawford-Roberts","days_to_issue":null,"days_elapsed_if_open":540,"censored":true,"same_parcel_n":2,"work_desc":"NEW TWO STORY BUILDING AS TWO FAMILY DWELLING"}},{"type":"Feature","geometry":{"type":"Point","coordinates":[-79.898187,40.4431]},"properties":{"permit_id":"BDA-2025-03134","address":"7521 GRAYMORE RD, Pittsburgh, 15221-","issue_date":null,"completed_date":null,"status":"Applicant Revisions","typology":"unknown","units":null,"classification_confidence":"low","zon_new":"R1D-L","neighborhood":"Point Breeze","days_to_issue":null,"days_elapsed_if_open":540,"censored":true,"same_parcel_n":1,"work_desc":null}},{"type":"Feature","geometry":{"type":"Point","coordinates":[-80.008688,40.468618]},"properties":{"permit_id":"BDA-2025-03142","address":"4 E MCINTYRE AVE, Pittsburgh, PA 15214-","issue_date":"2025-07-03","completed_date":null,"status":"Completed","typology":"two_unit","units":2,"classification_confidence":"med","zon_new":"R1D-H","neighborhood":"Perry South","days_to_issue":89,"days_elapsed_if_open":null,"censored":false,"same_parcel_n":1,"work_desc":"NON-STRUCTURAL INTERIOR ALTERATION THROUGHOUT. CHANGE IN USE TO TWO FAMILY DWELLING"}},{"type":"Feature","geometry":{"type":"Point","coordinates":[-79.948669,40.465566]},"properties":{"permit_id":"BDA-2025-03251","address":"4624 PENN AVE, Pittsburgh, 15224-","issue_date":"2025-09-24","completed_date":null,"status":"Completed","typology":"two_unit","units":2,"classification_confidence":"med","zon_new":"LNC","neighborhood":"Bloomfield","days_to_issue":169,"days_elapsed_if_open":null,"censored":false,"same_parcel_n":1,"work_desc":"CHANGE IN USE TO TWO-FAMILY DWELLING"}},{"type":"Feature","geometry":{"type":"Point","coordinates":[-79.991873,40.420719]},"properties":{"permit_id":"BDA-2025-03335","address":"1300 ARLINGTON AVE, Pittsburgh, 15210-","issue_date":null,"completed_date":null,"status":"Applicant Revisions","typology":"two_unit","units":2,"classification_confidence":"med","zon_new":"R1D-H","neighborhood":"Allentown","days_to_issue":null,"days_elapsed_if_open":534,"censored":true,"same_parcel_n":2,"work_desc":"INTERIOR AND EXTERIOR ALTERATIONS TO SINGLE-FAMILY DWELLING. NEW ROOF, DOORS, WINDOWS. CHANGE IN USE TO TWO-FAMILY DWELLING."}},{"type":"Feature","geometry":{"type":"Point","coordinates":[-80.065175,40.454238]},"properties":{"permit_id":"BDA-2025-03359","address":"1246 FAULKNER ST, Pittsburgh, 15204-","issue_date":null,"completed_date":null,"status":"Applicant Revisions","typology":"two_unit","units":2,"classification_confidence":"med","zon_new":"R1D-H","neighborhood":"Sheraden","days_to_issue":null,"days_elapsed_if_open":534,"censored":true,"same_parcel_n":1,"work_desc":"INTERIOR ALTERATIONS THROUGHOUT TO INCLUDE NEW FINISHES KITCHEN AND RENOVATIONS EXTERIOR ALTERATIONS TO INCLUDE NEW SIDING AND ROOFING. CHANGE IN USE TO TWO-FAM"}},{"type":"Feature","geometry":{"type":"Point","coordinates":[-80.000809,40.454788]},"properties":{"permit_id":"BDA-2025-03363","address":"814 JAMES ST, Pittsburgh, PA 15212","issue_date":null,"completed_date":null,"status":"Applicant Revisions","typology":"unknown","units":null,"classification_confidence":"low","zon_new":"R1A-VH","neighborhood":"East Allegheny","days_to_issue":null,"days_elapsed_if_open":534,"censored":true,"same_parcel_n":1,"work_desc":null}},{"type":"Feature","geometry":{"type":"Point","coordinates":[-80.014263,40.426854]},"properties":{"permit_id":"BDA-2025-03396","address":"221 WILBERT ST, Pittsburgh, PA 15211-","issue_date":"2025-10-06","completed_date":null,"status":"Issued","typology":"single_detached","units":1,"classification_confidence":"high","zon_new":"R1D-H","neighborhood":"Mount Washington","days_to_issue":178,"days_elapsed_if_open":null,"censored":false,"same_parcel_n":1,"work_desc":"CONSTRUCTION OF WOOD-FRAMED THREE-STORY SINGLE FAMILY DWELLING WITH INTEGRAL TWO-CAR GARAGE"}},{"type":"Feature","geometry":{"type":"Point","coordinates":[-80.014112,40.42685]},"properties":{"permit_id":"BDA-2025-03398","address":"219 WILBERT ST, Pittsburgh, PA 15211-","issue_date":"2026-01-05","completed_date":null,"status":"Issued","typology":"single_detached","units":1,"classification_confidence":"high","zon_new":"R1D-H","neighborhood":"Mount Washington","days_to_issue":269,"days_elapsed_if_open":null,"censored":false,"same_parcel_n":1,"work_desc":"CONSTRUCTION OF WOOD-FRAMED THREE-STORY SINGLE FAMILY DWELLING WITH INTEGRAL TWO-CAR GARAGE"}},{"type":"Feature","geometry":{"type":"Point","coordinates":[-80.014098,40.485986]},"properties":{"permit_id":"BDA-2025-03471","address":"117 DUNLAP ST, Pittsburgh, PA 15214-","issue_date":null,"completed_date":null,"status":"Applicant Revisions","typology":"unknown","units":null,"classification_confidence":"low","zon_new":"R1D-M","neighborhood":"Perry North","days_to_issue":null,"days_elapsed_if_open":529,"censored":true,"same_parcel_n":1,"work_desc":null}},{"type":"Feature","geometry":{"type":"Point","coordinates":[-80.027751,40.457334]},"properties":{"permit_id":"BDA-2025-03483","address":"1408 LAKE ST, Pittsburgh, PA 15233-","issue_date":null,"completed_date":null,"status":"Applicant Revisions","typology":"unknown","units":null,"classification_confidence":"low","zon_new":"R1A-VH","neighborhood":"Manchester","days_to_issue":null,"days_elapsed_if_open":529,"censored":true,"same_parcel_n":1,"work_desc":null}},{"type":"Feature","geometry":{"type":"Point","coordinates":[-79.946897,40.45746]},"properties":{"permit_id":"BDA-2025-03540","address":"4932 YEW ST, Pittsburgh, PA 15224-","issue_date":null,"completed_date":null,"status":"Applicant Revisions","typology":"unknown","units":null,"classification_confidence":"low","zon_new":"R1A-H","neighborhood":"Bloomfield","days_to_issue":null,"days_elapsed_if_open":528,"censored":true,"same_parcel_n":1,"work_desc":null}},{"type":"Feature","geometry":{"type":"Point","coordinates":[-79.891492,40.45164]},"properties":{"permit_id":"BDA-2025-04074","address":"7606 TIOGA ST, Pittsburgh, PA 15208-","issue_date":"2026-06-04","completed_date":null,"status":"Issued","typology":"single_detached","units":1,"classification_confidence":"med","zon_new":"UI","neighborhood":"Homewood South","days_to_issue":401,"days_elapsed_if_open":null,"censored":false,"same_parcel_n":1,"work_desc":"NEW CONSTRUCTION OF A DETACHED DWELLING, SITE WORK, SLAB ON GRADE, AND PARKING PAD"}},{"type":"Feature","geometry":{"type":"Point","coordinates":[-79.895045,40.453022]},"properties":{"permit_id":"BDA-2025-04075","address":"7326 TIOGA ST, Pittsburgh, 15208-","issue_date":null,"completed_date":null,"status":"Applicant Revisions","typology":"unknown","units":null,"classification_confidence":"low","zon_new":"R1A-VH","neighborhood":"Homewood South","days_to_issue":null,"days_elapsed_if_open":515,"censored":true,"same_parcel_n":1,"work_desc":null}},{"type":"Feature","geometry":{"type":"Point","coordinates":[-79.90813,40.461296]},"properties":{"permit_id":"BDA-2025-04076","address":"550 LINCOLN AVE, Pittsburgh, PA 15206-","issue_date":"2025-08-26","completed_date":null,"status":"Issued","typology":"single_attached","units":1,"classification_confidence":"high","zon_new":"R1D-M","neighborhood":"Larimer","days_to_issue":119,"days_elapsed_if_open":null,"censored":false,"same_parcel_n":1,"work_desc":"CONSTRUCITON OF SINGLE FAMILY ATTACHED DWELLING"}},{"type":"Feature","geometry":{"type":"Point","coordinates":[-79.993506,40.457029]},"properties":{"permit_id":"BDA-2025-04337","address":"915 RICKENBACH ST, Pittsburgh, PA 15212-","issue_date":"2026-01-16","completed_date":null,"status":"Issued","typology":"single_detached","units":1,"classification_confidence":"high","zon_new":"R1A-H","neighborhood":"East Allegheny","days_to_issue":256,"days_elapsed_if_open":null,"censored":false,"same_parcel_n":1,"work_desc":"NEW CONSTRUCTION OF 3 STORY SINGLE FAMILY DWELLING"}},{"type":"Feature","geometry":{"type":"Point","coordinates":[-79.993535,40.457115]},"properties":{"permit_id":"BDA-2025-04339","address":"917 RICKENBACH ST, Pittsburgh, PA 15212-","issue_date":"2026-01-16","completed_date":null,"status":"Issued","typology":"single_detached","units":1,"classification_confidence":"high","zon_new":"R1A-H","neighborhood":"East Allegheny","days_to_issue":256,"days_elapsed_if_open":null,"censored":false,"same_parcel_n":1,"work_desc":"NEW CONSTRUCTION OF 3 STORY SINGLE FAMILY DWELLING"}},{"type":"Feature","geometry":{"type":"Point","coordinates":[-79.99377,40.45698]},"properties":{"permit_id":"BDA-2025-04344","address":"914 AHLERS Way, Pittsburgh, PA 15212-","issue_date":"2026-01-16","completed_date":null,"status":"Issued","typology":"single_detached","units":1,"classification_confidence":"high","zon_new":"R1A-H","neighborhood":"East Allegheny","days_to_issue":256,"days_elapsed_if_open":null,"censored":false,"same_parcel_n":1,"work_desc":"NEW CONSTRUCTION OF 3 STORY SINGLE FAMILY DWELLING"}},{"type":"Feature","geometry":{"type":"Point","coordinates":[-79.9938,40.457066]},"properties":{"permit_id":"BDA-2025-04345","address":"916 AHLERS Way, Pittsburgh, PA 15212-","issue_date":"2026-01-16","completed_date":null,"status":"Issued","typology":"single_detached","units":1,"classification_confidence":"high","zon_new":"R1A-H","neighborhood":"East Allegheny","days_to_issue":256,"days_elapsed_if_open":null,"censored":false,"same_parcel_n":1,"work_desc":"NEW CONSTRUCTION OF 3 STORY SINGLE FAMILY DWELLING"}},{"type":"Feature","geometry":{"type":"Point","coordinates":[-79.989534,40.46066]},"properties":{"permit_id":"BDA-2025-04711","address":"1256 SPRING GARDEN AVE, Pittsburgh, 15212-","issue_date":null,"completed_date":null,"status":"Applicant Revisions","typology":"single_detached","units":1,"classification_confidence":"high","zon_new":"R1A-VH","neighborhood":"Spring Garden","days_to_issue":null,"days_elapsed_if_open":501,"censored":true,"same_parcel_n":1,"work_desc":"** CONSTRUCTION OF NEW SINGLE FAMILY DWELLING"}},{"type":"Feature","geometry":{"type":"Point","coordinates":[-79.983709,40.4529]},"properties":{"permit_id":"BDA-2025-04798","address":"49 21ST ST, Pittsburgh, PA 15222-","issue_date":null,"completed_date":null,"status":"Applicant Revisions","typology":"multi_unit_size_unknown","units":null,"classification_confidence":"med","zon_new":"RIV-IMU","neighborhood":"Strip District","days_to_issue":null,"days_elapsed_if_open":500,"censored":true,"same_parcel_n":1,"work_desc":"CONTRUCTION OF NEW 6 STORY APARTMENT BUILDING WITH INTEGRAL 1ST FLOOR PARKING GARAGE"}},{"type":"Feature","geometry":{"type":"Point","coordinates":[-79.920313,40.383631]},"properties":{"permit_id":"BDA-2025-04987","address":"4458 CASSABILL DR, Pittsburgh, PA 15120-","issue_date":"2025-07-28","completed_date":null,"status":"Completed","typology":"single_detached","units":1,"classification_confidence":"high","zon_new":"P","neighborhood":"New Homestead","days_to_issue":72,"days_elapsed_if_open":null,"censored":false,"same_parcel_n":1,"work_desc":"CONSTRUCTION OF A TWO-STORY WOOD FRAMED SINGLE-FAMILY DWELLING WITH FULL BASEMENT AND INTEGRAL TWO-CAR GARAGE"}},{"type":"Feature","geometry":{"type":"Point","coordinates":[-79.999958,40.457114]},"properties":{"permit_id":"BDA-2025-05447","address":"1110 MIDDLE ST, Pittsburgh, 15212-","issue_date":"2026-05-29","completed_date":null,"status":"Issued","typology":"two_unit","units":2,"classification_confidence":"med","zon_new":"R1A-VH","neighborhood":"East Allegheny","days_to_issue":366,"days_elapsed_if_open":null,"censored":false,"same_parcel_n":1,"work_desc":"INTERIOR AND EXTERIOR ALTERATIONS THROUGHOUT TO FACILITATE CHANGE IN USE TO TWO-FAMILY DWELLING"}},{"type":"Feature","geometry":{"type":"Point","coordinates":[-79.966924,40.456444]},"properties":{"permit_id":"BDA-2025-05704","address":"3106 BRERETON ST, Pittsburgh, PA 15219-","issue_date":"2025-08-15","completed_date":null,"status":"Issued","typology":"single_attached","units":1,"classification_confidence":"high","zon_new":"LNC","neighborhood":"Polish Hill","days_to_issue":74,"days_elapsed_if_open":null,"censored":false,"same_parcel_n":1,"work_desc":"CHANGE IN USE FROM OFFICE TO ATTACHED SINGLE FAMILY DWELLING WITH STUDIO OFFICE ON FIRST FLOOR AND LOFT, KITCHEN, BATHROOMS, BEDROOM, ADDITON OF VESIBULE AND AC"}},{"type":"Feature","geometry":{"type":"Point","coordinates":[-79.981752,40.436258]},"properties":{"permit_id":"BDA-2025-05710","address":"57 MILTENBERGER ST, Pittsburgh, 15219-","issue_date":"2025-08-11","completed_date":null,"status":"Issued","typology":"two_unit","units":2,"classification_confidence":"med","zon_new":"UPR-B","neighborhood":"Bluff","days_to_issue":69,"days_elapsed_if_open":null,"censored":false,"same_parcel_n":1,"work_desc":"CHANGE IN USE TO 2 FAMILY DWELLING, INTERIOR AND EXTERIOR MODIFICATIONS"}},{"type":"Feature","geometry":{"type":"Point","coordinates":[-79.965274,40.442805]},"properties":{"permit_id":"BDA-2025-05768","address":"No primary address specified","issue_date":null,"completed_date":null,"status":"Application Incomplete","typology":"unknown","units":null,"classification_confidence":"low","zon_new":"R1A-VH","neighborhood":"West Oakland","days_to_issue":null,"days_elapsed_if_open":479,"censored":true,"same_parcel_n":1,"work_desc":null}},{"type":"Feature","geometry":{"type":"Point","coordinates":[-79.920423,40.459811]},"properties":{"permit_id":"BDA-2025-05791","address":"6307 PENN AVE, Pittsburgh, PA 15206","issue_date":null,"completed_date":null,"status":"Applicant Revisions","typology":"multi_unit_size_unknown","units":null,"classification_confidence":"low","zon_new":"SP-9","neighborhood":"East Liberty","days_to_issue":null,"days_elapsed_if_open":479,"censored":true,"same_parcel_n":2,"work_desc":"[no description; same-parcel BDA-2025-11988] CONSTRUCTION OF MIXED USE APARTMENTBUILDING W/ INTEGRAL PARKING AND AMENITY SPACES"}},{"type":"Feature","geometry":{"type":"Point","coordinates":[-79.976398,40.437528]},"properties":{"permit_id":"BDA-2025-06002","address":"2035 FORBES AVE, Pittsburgh, PA 15219-","issue_date":"2025-09-30","completed_date":null,"status":"Completed","typology":"two_unit","units":2,"classification_confidence":"high","zon_new":"UPR-B","neighborhood":"Bluff","days_to_issue":113,"days_elapsed_if_open":null,"censored":false,"same_parcel_n":1,"work_desc":"RENNOVATION THROUGHOUT TO CONVERT SINGLE FAMILY TO TWO FAMILY DWELLING INCLUDING REMOVAL OF WALLS, RECONFIGURING STAIR LANDING, UNIT SEPARATION, FLOORING, FINIS"}},{"type":"Feature","geometry":{"type":"Point","coordinates":[-79.976199,40.437452]},"properties":{"permit_id":"BDA-2025-06011","address":"2037 FORBES AVE, Pittsburgh, PA 15219-","issue_date":"2025-11-13","completed_date":null,"status":"Issued","typology":"two_unit","units":2,"classification_confidence":"med","zon_new":"UPR-B","neighborhood":"Bluff","days_to_issue":157,"days_elapsed_if_open":null,"censored":false,"same_parcel_n":2,"work_desc":"INTERIOR/EXTERIOR ALTERATIONS THROUGHOUT CHANGE IN USE TO TWO-FAMILY DWELLING"}},{"type":"Feature","geometry":{"type":"Point","coordinates":[-79.915014,40.443995]},"properties":{"permit_id":"BDA-2025-06024","address":"6604 WOODWELL ST, Pittsburgh, 15217-","issue_date":null,"completed_date":null,"status":"Application Finalization","typology":"unknown","units":null,"classification_confidence":"low","zon_new":"RM-M","neighborhood":"Squirrel Hill North","days_to_issue":null,"days_elapsed_if_open":474,"censored":true,"same_parcel_n":1,"work_desc":null}},{"type":"Feature","geometry":{"type":"Point","coordinates":[-79.967737,40.442087]},"properties":{"permit_id":"BDA-2025-06026","address":"2525 SEINE Way, Pittsburgh, PA 15213-","issue_date":"2026-01-06","completed_date":null,"status":"Issued","typology":"single_detached","units":1,"classification_confidence":"high","zon_new":"R1A-H","neighborhood":"West Oakland","days_to_issue":211,"days_elapsed_if_open":null,"censored":false,"same_parcel_n":1,"work_desc":"CONSTRUCT NEW 2 STORY + BASEMENT GARAGE SINGLE FAMILY DWELLING WITH 2ND FLOOR BALCONY (5'-8\" X 18'-7\") AND INTEGRAL 2 CAR GARAGE FACING WYANDOTTIE STREET"}},{"type":"Feature","geometry":{"type":"Point","coordinates":[-79.922829,40.479465]},"properties":{"permit_id":"BDA-2025-06093","address":"1425 N NEGLEY AVE, Pittsburgh, 15206-","issue_date":"2025-08-04","completed_date":null,"status":"Issued","typology":"two_unit","units":2,"classification_confidence":"high","zon_new":"R2-L","neighborhood":"Highland Park","days_to_issue":54,"days_elapsed_if_open":null,"censored":false,"same_parcel_n":1,"work_desc":"INTERIOR RENOVATIONS THROUGHOUT CONSTRUCTION OF SECOND FLOOR ADDITION AS A PART OF CONVERSION OF SINGLE-FAMILY DWELLING TO A TWO-FAMILY DWELLING"}},{"type":"Feature","geometry":{"type":"Point","coordinates":[-80.020192,40.492668]},"properties":{"permit_id":"BDA-2025-06328","address":"4072 FRANKLIN RD, Pittsburgh, PA 15214-","issue_date":null,"completed_date":null,"status":"Applicant Revisions","typology":"single_detached","units":1,"classification_confidence":"high","zon_new":"R1D-L","neighborhood":"Perry North","days_to_issue":null,"days_elapsed_if_open":467,"censored":true,"same_parcel_n":1,"work_desc":"CHANGE OF USE FROM RECTORY TO SINGLE FAMILY DWELLING IN EXISTING 3 STORY BUILDING"}},{"type":"Feature","geometry":{"type":"Point","coordinates":[-79.98729,40.427084]},"properties":{"permit_id":"BDA-2025-06340","address":"111 S 11TH ST, Pittsburgh, PA 15203-","issue_date":null,"completed_date":null,"status":"Applicant Revisions","typology":"single_detached","units":1,"classification_confidence":"med","zon_new":"R1A-VH","neighborhood":"South Side Flats","days_to_issue":null,"days_elapsed_if_open":467,"censored":true,"same_parcel_n":2,"work_desc":"NEW CONSTRUCTION OF A 3-STORY DWELLING INCLUDING FOUNDATOIN, SLAB ON GRADE FLOOR, FRAMING, FIXTURES AND FINISHES."}},{"type":"Feature","geometry":{"type":"Point","coordinates":[-79.987289,40.42703]},"properties":{"permit_id":"BDA-2025-06341","address":"113 S 11TH ST, Pittsburgh, PA 15203-","issue_date":null,"completed_date":null,"status":"Applicant Revisions","typology":"single_detached","units":1,"classification_confidence":"med","zon_new":"R1A-VH","neighborhood":"South Side Flats","days_to_issue":null,"days_elapsed_if_open":467,"censored":true,"same_parcel_n":1,"work_desc":"NEW CONSTRUCTION OF A 3-STORY DWELLING INCLUDING FOUNDATOIN, SLAB ON GRADE FLOOR, FRAMING, FIXUTRES AND FINISHES."}},{"type":"Feature","geometry":{"type":"Point","coordinates":[-79.99325,40.459614]},"properties":{"permit_id":"BDA-2025-06620","address":"1065 SPRING GARDEN AVE, Pittsburgh, PA 15212-","issue_date":null,"completed_date":null,"status":"Applicant Revisions","typology":"unknown","units":null,"classification_confidence":"low","zon_new":"R1A-H","neighborhood":"Spring Garden","days_to_issue":null,"days_elapsed_if_open":459,"censored":true,"same_parcel_n":1,"work_desc":null}},{"type":"Feature","geometry":{"type":"Point","coordinates":[-79.959266,40.459603]},"properties":{"permit_id":"BDA-2025-06622","address":"3552 MELWOOD AVE, Pittsburgh, PA 15213-","issue_date":"2025-07-23","completed_date":null,"status":"Issued","typology":"two_unit","units":2,"classification_confidence":"med","zon_new":"R2-H","neighborhood":"Polish Hill","days_to_issue":29,"days_elapsed_if_open":null,"censored":false,"same_parcel_n":2,"work_desc":"INTERIOR ALTERATION TO INCLUDE KITCHEN AND BATHROOM RENOVATIONS. CHANGE IN USE TO TWO-FAMILY DWELLING"}},{"type":"Feature","geometry":{"type":"Point","coordinates":[-79.894796,40.445555]},"properties":{"permit_id":"BDA-2025-06633","address":"210 EAST END AVE, Pittsburgh, 15221-","issue_date":null,"completed_date":null,"status":"Applicant Revisions","typology":"multi_unit_4_19","units":10,"classification_confidence":"med","zon_new":"R2-L","neighborhood":"Point Breeze","days_to_issue":null,"days_elapsed_if_open":459,"censored":true,"same_parcel_n":1,"work_desc":"INTERIOR RENNOVATION TO CONVERT FUNERAL HOME AND SINGLE FAMILY DWELLING TO 10 UNIT APARTMENTS IN EXISTING 3 STORY BUILDING"}},{"type":"Feature","geometry":{"type":"Point","coordinates":[-79.931741,40.471131]},"properties":{"permit_id":"BDA-2025-06720","address":"No primary address specified","issue_date":null,"completed_date":null,"status":"Applicant Revisions","typology":"other_group","units":null,"classification_confidence":"high","zon_new":"H","neighborhood":"East Liberty","days_to_issue":null,"days_elapsed_if_open":457,"censored":true,"same_parcel_n":1,"work_desc":"CONSTRUCTION OF 2 STORY WITH BASEMENT GROUP HOME WITH 12 SLEEPING ROOMS, KITCHENS, LOUNGES, OFFICES, ELEVATOR, AND INTEGRAL GARAGE"}},{"type":"Feature","geometry":{"type":"Point","coordinates":[-79.933027,40.447146]},"properties":{"permit_id":"BDA-2025-06884","address":"5421 DUNMOYLE ST, Pittsburgh, PA 15217-","issue_date":null,"completed_date":null,"status":"Application Finalization","typology":"single_detached","units":1,"classification_confidence":"high","zon_new":"R1D-VL","neighborhood":"Squirrel Hill North","days_to_issue":null,"days_elapsed_if_open":453,"censored":true,"same_parcel_n":1,"work_desc":"NEW CONSTRUCTION OF SINGLE FAMILY DWELLING"}},{"type":"Feature","geometry":{"type":"Point","coordinates":[-79.938577,40.441049]},"properties":{"permit_id":"BDA-2025-07119","address":"206 GLADSTONE RD, Pittsburgh, 15217-","issue_date":null,"completed_date":null,"status":"Application Incomplete","typology":"unknown","units":null,"classification_confidence":"low","zon_new":"R1D-L","neighborhood":"Squirrel Hill North","days_to_issue":null,"days_elapsed_if_open":446,"censored":true,"same_parcel_n":1,"work_desc":null}},{"type":"Feature","geometry":{"type":"Point","coordinates":[-79.939445,40.467821]},"properties":{"permit_id":"BDA-2025-07401","address":"5197 ROSETTA ST, Pittsburgh, PA 15224-","issue_date":null,"completed_date":null,"status":"Applicant Revisions","typology":"single_attached","units":1,"classification_confidence":"high","zon_new":"R1D-H","neighborhood":"Garfield","days_to_issue":null,"days_elapsed_if_open":439,"censored":true,"same_parcel_n":1,"work_desc":"CONSTRUCTION OF A 3 STORY PREFABRICATED ATTACHED SINGLE FAMILY DWELLING WITH BASEMENT AND SITE BUILT FOUNDATION AND FRONT PORCH WITH STAIRS"}},{"type":"Feature","geometry":{"type":"Point","coordinates":[-79.939515,40.467832]},"properties":{"permit_id":"BDA-2025-07409","address":"5195 ROSETTA ST, Pittsburgh, PA 15224-","issue_date":null,"completed_date":null,"status":"Applicant Revisions","typology":"single_attached","units":1,"classification_confidence":"high","zon_new":"R1D-H","neighborhood":"Garfield","days_to_issue":null,"days_elapsed_if_open":439,"censored":true,"same_parcel_n":1,"work_desc":"CONSTRUCTION OF A 3 STORY PREFABRICATED ATTACHED SINGLE FAMILY DWELLING WITH BASEMENT AND SITE BUILT FOUNDATION AND FRONT PORCH WITH STAIRS"}},{"type":"Feature","geometry":{"type":"Point","coordinates":[-79.939585,40.467842]},"properties":{"permit_id":"BDA-2025-07410","address":"5193 ROSETTA ST, Pittsburgh, PA 15224-","issue_date":null,"completed_date":null,"status":"Applicant Revisions","typology":"single_attached","units":1,"classification_confidence":"high","zon_new":"R1D-H","neighborhood":"Garfield","days_to_issue":null,"days_elapsed_if_open":439,"censored":true,"same_parcel_n":1,"work_desc":"CONSTRUCTION OF A 3 STORY PREFABRICATED ATTACHED SINGLE FAMILY DWELLING WITH BASEMENT AND SITE BUILT FOUNDATION AND FRONT PORCH WITH STAIRS"}},{"type":"Feature","geometry":{"type":"Point","coordinates":[-79.939656,40.467852]},"properties":{"permit_id":"BDA-2025-07412","address":"5191 ROSETTA ST, Pittsburgh, PA 15224-","issue_date":null,"completed_date":null,"status":"Applicant Revisions","typology":"single_attached","units":1,"classification_confidence":"high","zon_new":"R1D-H","neighborhood":"Garfield","days_to_issue":null,"days_elapsed_if_open":439,"censored":true,"same_parcel_n":1,"work_desc":"CONSTRUCTION OF A 3 STORY PREFABRICATED ATTACHED SINGLE FAMILY DWELLING WITH BASEMENT, SITE BUILT FOUNDATION AND FRONT PORCH WITH STAIRS"}},{"type":"Feature","geometry":{"type":"Point","coordinates":[-80.019784,40.43877]},"properties":{"permit_id":"BDA-2025-07745","address":"1318 GRANDVIEW AVE, Pittsburgh, PA 15211","issue_date":"2026-05-12","completed_date":null,"status":"Issued","typology":"single_detached","units":1,"classification_confidence":"high","zon_new":"GPRC","neighborhood":"Duquesne Heights","days_to_issue":293,"days_elapsed_if_open":null,"censored":false,"same_parcel_n":2,"work_desc":"PHASED CONSTRUCTION - INFILL OF CORE + SHELL AS 3 STORY SINGLE FAMILY DWELLING"}},{"type":"Feature","geometry":{"type":"Point","coordinates":[-79.931891,40.435856]},"properties":{"permit_id":"BDA-2025-07802","address":"5440 DARLINGTON RD, Pittsburgh, PA 15217-","issue_date":"2025-09-08","completed_date":null,"status":"Issued","typology":"single_detached","units":1,"classification_confidence":"high","zon_new":"R1D-VL","neighborhood":"Squirrel Hill South","days_to_issue":45,"days_elapsed_if_open":null,"censored":false,"same_parcel_n":1,"work_desc":"SITE WORK TO INCLUDE DEMOLITION OF SINGLE-CAR GARAGE CONSTRUCTION OF TWO-CAR GARAGE AT REAR OF EXISTING SINGLE-FAMILY GARAGE"}},{"type":"Feature","geometry":{"type":"Point","coordinates":[-79.994068,40.456872]},"properties":{"permit_id":"BDA-2025-07805","address":"No primary address specified","issue_date":"2026-05-18","completed_date":null,"status":"Issued","typology":"unknown","units":null,"classification_confidence":"low","zon_new":"R1A-VH","neighborhood":"East Allegheny","days_to_issue":297,"days_elapsed_if_open":null,"censored":false,"same_parcel_n":1,"work_desc":null}},{"type":"Feature","geometry":{"type":"Point","coordinates":[-80.019661,40.466308]},"properties":{"permit_id":"BDA-2025-08275","address":"2446 N CHARLES ST, Pittsburgh, PA 15214-","issue_date":null,"completed_date":null,"status":"Applicant Revisions","typology":"single_detached","units":1,"classification_confidence":"high","zon_new":"R1D-H","neighborhood":"Perry South","days_to_issue":null,"days_elapsed_if_open":415,"censored":true,"same_parcel_n":2,"work_desc":"SIX NEW SINGLE FAMILY DWELLINGS"}},{"type":"Feature","geometry":{"type":"Point","coordinates":[-80.021912,40.454146]},"properties":{"permit_id":"BDA-2025-08500","address":"1116 SHEFFIELD ST, Pittsburgh, PA 15233-","issue_date":null,"completed_date":null,"status":"Applicant Revisions","typology":"unknown","units":null,"classification_confidence":"low","zon_new":"RM-M","neighborhood":"Manchester","days_to_issue":null,"days_elapsed_if_open":408,"censored":true,"same_parcel_n":1,"work_desc":null}},{"type":"Feature","geometry":{"type":"Point","coordinates":[-80.021992,40.454133]},"properties":{"permit_id":"BDA-2025-08505","address":"1118 SHEFFIELD ST, Pittsburgh, PA 15233-","issue_date":null,"completed_date":null,"status":"Applicant Revisions","typology":"unknown","units":null,"classification_confidence":"low","zon_new":"RM-M","neighborhood":"Manchester","days_to_issue":null,"days_elapsed_if_open":408,"censored":true,"same_parcel_n":1,"work_desc":null}},{"type":"Feature","geometry":{"type":"Point","coordinates":[-80.022072,40.454119]},"properties":{"permit_id":"BDA-2025-08506","address":"1120 SHEFFIELD ST, Pittsburgh, PA 15233-","issue_date":null,"completed_date":null,"status":"Applicant Revisions","typology":"unknown","units":null,"classification_confidence":"low","zon_new":"RM-M","neighborhood":"Manchester","days_to_issue":null,"days_elapsed_if_open":408,"censored":true,"same_parcel_n":1,"work_desc":null}},{"type":"Feature","geometry":{"type":"Point","coordinates":[-79.976344,40.44952]},"properties":{"permit_id":"BDA-2025-08528","address":"2281 BEDFORD AVE #104, Pittsburgh, PA 15219-","issue_date":"2026-09-10","completed_date":null,"status":"Issued","typology":"multi_unit_4_19","units":12,"classification_confidence":"high","zon_new":"RM-M","neighborhood":"Bedford Dwellings","days_to_issue":338,"days_elapsed_if_open":null,"censored":false,"same_parcel_n":10,"work_desc":"IN PHASE III OF BEDFORD DWELLING, NEW 3 STORY BUILDING WITH 1 AND 2 BEDROOM APARTMENTS (12 UNITS TOTAL ) 3 TYPE A AND 1 TYPE B UNIT ON FIRST FLOOR"}},{"type":"Feature","geometry":{"type":"Point","coordinates":[-79.944678,40.415346]},"properties":{"permit_id":"BDA-2025-09147","address":"No primary address specified","issue_date":null,"completed_date":null,"status":"Applicant Revisions","typology":"unknown","units":null,"classification_confidence":"low","zon_new":"R1D-H","neighborhood":"Hazelwood","days_to_issue":null,"days_elapsed_if_open":388,"censored":true,"same_parcel_n":1,"work_desc":null}},{"type":"Feature","geometry":{"type":"Point","coordinates":[-80.044089,40.402807]},"properties":{"permit_id":"BDA-2025-09823","address":"119 OLD OAK CT, Pittsburgh, 15220-","issue_date":null,"completed_date":null,"status":"Application Finalization","typology":"unknown","units":null,"classification_confidence":"low","zon_new":"R1D-L","neighborhood":"Banksville","days_to_issue":null,"days_elapsed_if_open":368,"censored":true,"same_parcel_n":1,"work_desc":null}},{"type":"Feature","geometry":{"type":"Point","coordinates":[-79.944794,40.45212]},"properties":{"permit_id":"BDA-2025-09979","address":"420 COVENTRY RD, Pittsburgh, PA 15213-","issue_date":"2025-10-22","completed_date":null,"status":"Issued","typology":"unknown","units":null,"classification_confidence":"low","zon_new":"R1D-L","neighborhood":"Shadyside","days_to_issue":25,"days_elapsed_if_open":null,"censored":false,"same_parcel_n":1,"work_desc":null}},{"type":"Feature","geometry":{"type":"Point","coordinates":[-79.947582,40.458505]},"properties":{"permit_id":"BDA-2025-10092","address":"608 S MILLVALE AVE, Pittsburgh, 15224-","issue_date":null,"completed_date":null,"status":"Applicant Revisions","typology":"unknown","units":null,"classification_confidence":"low","zon_new":"R1A-H","neighborhood":"Bloomfield","days_to_issue":null,"days_elapsed_if_open":361,"censored":true,"same_parcel_n":1,"work_desc":null}},{"type":"Feature","geometry":{"type":"Point","coordinates":[-79.909042,40.454815]},"properties":{"permit_id":"BDA-2025-10176","address":"6744 MCPHERSON BLVD, Pittsburgh, PA 15208-","issue_date":"2026-07-22","completed_date":null,"status":"Issued","typology":"single_detached","units":1,"classification_confidence":"high","zon_new":"R1D-L","neighborhood":"Point Breeze North","days_to_issue":293,"days_elapsed_if_open":null,"censored":false,"same_parcel_n":1,"work_desc":"NEW 3-STORY DETACHED SINGLE-FAMILY DWELLING, INTEGRAL GARAGE, AND DECK."}},{"type":"Feature","geometry":{"type":"Point","coordinates":[-79.932744,40.462409]},"properties":{"permit_id":"BDA-2025-10182","address":"150 STRATFORD AVE, Pittsburgh, 15206-","issue_date":"2025-12-01","completed_date":null,"status":"Completed","typology":"two_unit","units":2,"classification_confidence":"med","zon_new":"R3-M","neighborhood":"Friendship","days_to_issue":60,"days_elapsed_if_open":null,"censored":false,"same_parcel_n":1,"work_desc":"NON-STRUCTURAL INTERIOR AND EXTERIOR ALTERATIONS TO FACILITATE CHANGE IN USE TO TWO-FAMILY DWELLING"}},{"type":"Feature","geometry":{"type":"Point","coordinates":[-79.914966,40.463825]},"properties":{"permit_id":"BDA-2025-10226","address":"No primary address specified","issue_date":null,"completed_date":null,"status":"Application Finalization","typology":"two_unit","units":2,"classification_confidence":"high","zon_new":"R2-H","neighborhood":"Larimer","days_to_issue":null,"days_elapsed_if_open":358,"censored":true,"same_parcel_n":1,"work_desc":"CONSTRUCTION OF AN ATTACHED TWO-STORY TWO-FAMILY DWELLING WITH FRONT PORCH AND DECK STRUCTURE"}},{"type":"Feature","geometry":{"type":"Point","coordinates":[-79.974873,40.458161]},"properties":{"permit_id":"BDA-2025-10274","address":"2855 MULBERRY Way, Pittsburgh, PA 15201-","issue_date":"2026-01-07","completed_date":null,"status":"Issued","typology":"single_detached","units":1,"classification_confidence":"med","zon_new":"RIV-IMU","neighborhood":"Strip District","days_to_issue":93,"days_elapsed_if_open":null,"censored":false,"same_parcel_n":1,"work_desc":"CONSTRUCTION OF NEW THREE-STORY DWELLING WITH INTERGRAL GARAGE AND SECOND FLOOR DECK"}},{"type":"Feature","geometry":{"type":"Point","coordinates":[-80.026422,40.453223]},"properties":{"permit_id":"BDA-2025-10490","address":"1406 SHEFFIELD ST, Pittsburgh, 15233-","issue_date":null,"completed_date":null,"status":"Applicant Revisions","typology":"unknown","units":null,"classification_confidence":"low","zon_new":"R2-H","neighborhood":"Manchester","days_to_issue":null,"days_elapsed_if_open":351,"censored":true,"same_parcel_n":1,"work_desc":null}},{"type":"Feature","geometry":{"type":"Point","coordinates":[-79.926358,40.468225]},"properties":{"permit_id":"BDA-2025-10536","address":"530 MELLON ST, Pittsburgh, PA 15206-","issue_date":"2026-07-31","completed_date":null,"status":"Issued","typology":"single_detached","units":1,"classification_confidence":"high","zon_new":"R2-H","neighborhood":"East Liberty","days_to_issue":291,"days_elapsed_if_open":null,"censored":false,"same_parcel_n":1,"work_desc":"NEW 3 STORY SINGLE FAMILY DWELLING WITH DETACHED GARAGE"}},{"type":"Feature","geometry":{"type":"Point","coordinates":[-79.948376,40.445738]},"properties":{"permit_id":"BDA-2025-10686","address":"4606 WINTHROP ST, Pittsburgh, PA 15213-","issue_date":"2026-07-13","completed_date":null,"status":"Issued","typology":"three_unit","units":3,"classification_confidence":"med","zon_new":"UC-MU","neighborhood":"North Oakland","days_to_issue":269,"days_elapsed_if_open":null,"censored":false,"same_parcel_n":1,"work_desc":"MODIFICATIONS TO TENANT SEPARATIONS AS PART OF CHANGE IN USE FROM PARTIAL GROUP B TO 3 DWELLING UNITS"}},{"type":"Feature","geometry":{"type":"Point","coordinates":[-80.047911,40.431192]},"properties":{"permit_id":"BDA-2025-10734","address":"1842 ELMDALE RD, Pittsburgh, PA 15205-","issue_date":"2025-12-03","completed_date":null,"status":"Completed","typology":"single_detached","units":1,"classification_confidence":"high","zon_new":"R1D-L","neighborhood":"Westwood","days_to_issue":44,"days_elapsed_if_open":null,"censored":false,"same_parcel_n":1,"work_desc":"CONSTRUCTION OF TWO-STORY WOOD-FRAMED SINGLE-FAMILY DWELLING WITH FULL BASEMENT AND ATTACHED TWO-CAR GARAGE,"}},{"type":"Feature","geometry":{"type":"Point","coordinates":[-79.916988,40.450015]},"properties":{"permit_id":"BDA-2025-11011","address":"1129 BEECHWOOD BLVD, Pittsburgh, PA 15206-","issue_date":"2026-05-19","completed_date":null,"status":"Issued","typology":"single_detached","units":1,"classification_confidence":"high","zon_new":"R1D-VL","neighborhood":"Point Breeze","days_to_issue":204,"days_elapsed_if_open":null,"censored":false,"same_parcel_n":1,"work_desc":"CONSTRUCTION OF 3-STORY SINGLE FAMILY DETACHED SINGLE FAMILY DWELLING WITH TERRACES, INTEGRAL GARAGE, AND RETAINING WALLS"}},{"type":"Feature","geometry":{"type":"Point","coordinates":[-79.92949,40.453212]},"properties":{"permit_id":"BDA-2025-11184","address":"724 MARYLAND AVE, Pittsburgh, 15232-","issue_date":null,"completed_date":null,"status":"Applicant Revisions","typology":"unknown","units":null,"classification_confidence":"low","zon_new":"R2-M","neighborhood":"Shadyside","days_to_issue":null,"days_elapsed_if_open":328,"censored":true,"same_parcel_n":2,"work_desc":null}},{"type":"Feature","geometry":{"type":"Point","coordinates":[-79.991873,40.420719]},"properties":{"permit_id":"BDA-2025-11409","address":"1300 ARLINGTON AVE, Pittsburgh, 15210-","issue_date":"2026-04-02","completed_date":null,"status":"Issued","typology":"two_unit","units":2,"classification_confidence":"med","zon_new":"R1D-H","neighborhood":"Allentown","days_to_issue":147,"days_elapsed_if_open":null,"censored":false,"same_parcel_n":2,"work_desc":"STRUCTURAL INTERIOR AND EXTERIOR ALTERATIONS TO SINGLE-FAMILY DWELLING. NEW ROOF, DOORS, WINDOWS. CHANGE IN USE TO TWO-FAMILY DWELLING."}},{"type":"Feature","geometry":{"type":"Point","coordinates":[-79.959736,40.437549]},"properties":{"permit_id":"BDA-2025-11790","address":"233 HALKET ST, Pittsburgh, 15213-","issue_date":null,"completed_date":null,"status":"In Review","typology":"multi_unit_size_unknown","units":null,"classification_confidence":"med","zon_new":"UC-MU","neighborhood":"Central Oakland","days_to_issue":null,"days_elapsed_if_open":193,"censored":true,"same_parcel_n":2,"work_desc":"COMPLETION OF PHASED CONSTRUCTION OF 12 STORY APARTMENT BUILDING WITH INTEGRAL PARKING GARAGE ON FLOORS 1-2 (LEVEL 1 ENCLOSED; LEVEL 2 OPEN)"}},{"type":"Feature","geometry":{"type":"Point","coordinates":[-79.98883,40.403448]},"properties":{"permit_id":"BDA-2025-11802","address":"101 LINNVIEW AVE, Pittsburgh, PA 15210-","issue_date":"2026-01-08","completed_date":null,"status":"Issued","typology":"two_unit","units":2,"classification_confidence":"med","zon_new":"R1D-H","neighborhood":"Carrick","days_to_issue":51,"days_elapsed_if_open":null,"censored":false,"same_parcel_n":1,"work_desc":"NON-STRUCTURAL INTERIOR ALTERATIONS TO FACILITATE CHANGE IN USE TO TWO-FAMILY DWELLING"}},{"type":"Feature","geometry":{"type":"Point","coordinates":[-79.920423,40.459811]},"properties":{"permit_id":"BDA-2025-11988","address":"6307 PENN AVE, Pittsburgh, PA 15206","issue_date":null,"completed_date":null,"status":"Applicant Revisions","typology":"multi_unit_size_unknown","units":null,"classification_confidence":"med","zon_new":"SP-9","neighborhood":"East Liberty","days_to_issue":null,"days_elapsed_if_open":304,"censored":true,"same_parcel_n":2,"work_desc":"CONSTRUCTION OF MIXED USE APARTMENTBUILDING W/ INTEGRAL PARKING AND AMENITY SPACES"}},{"type":"Feature","geometry":{"type":"Point","coordinates":[-79.917839,40.470349]},"properties":{"permit_id":"BDA-2025-12215","address":"848 N SHERIDAN AVE, Pittsburgh, 15206-","issue_date":null,"completed_date":null,"status":"Application Incomplete","typology":"unknown","units":null,"classification_confidence":"low","zon_new":"R2-H","neighborhood":"Highland Park","days_to_issue":null,"days_elapsed_if_open":298,"censored":true,"same_parcel_n":1,"work_desc":null}},{"type":"Feature","geometry":{"type":"Point","coordinates":[-80.014471,40.460837]},"properties":{"permit_id":"BDA-2025-12227","address":"No primary address specified","issue_date":null,"completed_date":null,"status":"Applicant Revisions","typology":"unknown","units":null,"classification_confidence":"low","zon_new":"H","neighborhood":"Perry South","days_to_issue":null,"days_elapsed_if_open":298,"censored":true,"same_parcel_n":1,"work_desc":null}},{"type":"Feature","geometry":{"type":"Point","coordinates":[-79.956665,40.477707]},"properties":{"permit_id":"BDA-2025-12243","address":"4921 BUTLER ST, Pittsburgh, PA 15201-","issue_date":"2026-06-25","completed_date":null,"status":"Issued","typology":"single_detached","units":1,"classification_confidence":"high","zon_new":"LNC","neighborhood":"Central Lawrenceville","days_to_issue":204,"days_elapsed_if_open":null,"censored":false,"same_parcel_n":1,"work_desc":"CONSTRUCTION OF THREE-STORY WOOD FRAMED SINGLE FAMILY DWELLING WITH INTEGRAL TWO-CAR GARAGE AND ROOF DECKS AT 2ND & 3RD FLOORS."}},{"type":"Feature","geometry":{"type":"Point","coordinates":[-79.933865,40.467788]},"properties":{"permit_id":"BDA-2025-12551","address":"5413 HILLCREST ST, Pittsburgh, PA 15206-","issue_date":null,"completed_date":null,"status":"Application Finalization","typology":"single_detached","units":1,"classification_confidence":"high","zon_new":"R2-H","neighborhood":"Garfield","days_to_issue":null,"days_elapsed_if_open":285,"censored":true,"same_parcel_n":1,"work_desc":"CONSTRUCTION OF TWO-STORY WOOD-FRAMED SINGLE FAMILY DWELLING WITH INTEGRAL ONE-CAR GARAGE."}},{"type":"Feature","geometry":{"type":"Point","coordinates":[-80.022267,40.439653]},"properties":{"permit_id":"BDA-2025-12611","address":"1505 GRANDVIEW AVE, Pittsburgh, PA 15211-","issue_date":null,"completed_date":null,"status":"Application Finalization","typology":"unknown","units":null,"classification_confidence":"low","zon_new":"GPRB","neighborhood":"Duquesne Heights","days_to_issue":null,"days_elapsed_if_open":284,"censored":true,"same_parcel_n":1,"work_desc":null}},{"type":"Feature","geometry":{"type":"Point","coordinates":[-79.976199,40.437452]},"properties":{"permit_id":"BDA-2025-12689","address":"2037 FORBES AVE, Pittsburgh, PA 15219-","issue_date":null,"completed_date":null,"status":"In Review","typology":"single_attached","units":1,"classification_confidence":"high","zon_new":"UPR-B","neighborhood":"Bluff","days_to_issue":null,"days_elapsed_if_open":283,"censored":true,"same_parcel_n":2,"work_desc":"CONSTRUCTION OF THREE, 3 STORY TOWNHOMES WITH REAR DECK AND INTEGRAL GARAGE ON SITE"}},{"type":"Feature","geometry":{"type":"Point","coordinates":[-79.948161,40.412031]},"properties":{"permit_id":"BDA-2025-12693","address":"4615 BLAIR ST #516, Pittsburgh, PA 15207-","issue_date":null,"completed_date":null,"status":"Application Incomplete","typology":"multi_unit_size_unknown","units":null,"classification_confidence":"low","zon_new":"SP-10","neighborhood":"Hazelwood","days_to_issue":null,"days_elapsed_if_open":283,"censored":true,"same_parcel_n":2,"work_desc":"[no description; same-parcel BDA-2025-01706] CONSTRUCTION OF A THREE-STORY APARTMENT BUILDING WITH SURFACE PARKING, CONSISTING OF PRE-MANUFACTURED MODULAR COMPO"}},{"type":"Feature","geometry":{"type":"Point","coordinates":[-79.938108,40.45741]},"properties":{"permit_id":"BDA-2025-12815","address":"5401 BAUM BLVD, Pittsburgh, PA 15232-","issue_date":null,"completed_date":null,"status":"Applicant Revisions","typology":"multi_unit_size_unknown","units":null,"classification_confidence":"low","zon_new":"UNC","neighborhood":"Bloomfield","days_to_issue":null,"days_elapsed_if_open":278,"censored":true,"same_parcel_n":4,"work_desc":"[no description; same-parcel BDA-2026-05596] NEW CONSTRUCTION OF 5 STORY APARTMENT BUILDING"}},{"type":"Feature","geometry":{"type":"Point","coordinates":[-79.993712,40.456809]},"properties":{"permit_id":"BDA-2026-00213","address":"908 AHLERS Way, Pittsburgh, PA 15212-","issue_date":"2026-03-31","completed_date":null,"status":"Issued","typology":"single_detached","units":1,"classification_confidence":"high","zon_new":"R1A-H","neighborhood":"East Allegheny","days_to_issue":81,"days_elapsed_if_open":null,"censored":false,"same_parcel_n":1,"work_desc":"NEW CONSTRUCTION OF 3 STORY SINGLE FAMILY DWELLING"}},{"type":"Feature","geometry":{"type":"Point","coordinates":[-79.993741,40.456894]},"properties":{"permit_id":"BDA-2026-00215","address":"910 AHLERS Way, Pittsburgh, PA 15212-","issue_date":"2026-03-31","completed_date":null,"status":"Issued","typology":"single_detached","units":1,"classification_confidence":"high","zon_new":"R1A-H","neighborhood":"East Allegheny","days_to_issue":81,"days_elapsed_if_open":null,"censored":false,"same_parcel_n":1,"work_desc":"NEW CONSTRUCTION OF 3 STORY SINGLE FAMILY DWELLING"}},{"type":"Feature","geometry":{"type":"Point","coordinates":[-79.95877,40.452506]},"properties":{"permit_id":"BDA-2026-00297","address":"3315 CAMP ST, Pittsburgh, PA 15219-","issue_date":"2026-08-03","completed_date":null,"status":"Issued","typology":"single_detached","units":1,"classification_confidence":"med","zon_new":"R2-L","neighborhood":"Upper Hill","days_to_issue":201,"days_elapsed_if_open":null,"censored":false,"same_parcel_n":1,"work_desc":"NEW CONSTRUCTION OF A SINGLE STORY DETACHED DWELLING WITH INTEGRAL GARAGE, FRONT PORCH AND SIDE DECK."}},{"type":"Feature","geometry":{"type":"Point","coordinates":[-79.98364,40.447882]},"properties":{"permit_id":"BDA-2026-00554","address":"1709 ARCENA ST, Pittsburgh, PA 15219-","issue_date":"2026-08-05","completed_date":null,"status":"Issued","typology":"single_detached","units":1,"classification_confidence":"high","zon_new":"RM-M","neighborhood":"Bedford Dwellings","days_to_issue":194,"days_elapsed_if_open":null,"censored":false,"same_parcel_n":1,"work_desc":"CONSTRUCTION OF TWO-STORY SINGLE-FAMILY DWELLING WITH INTEGRAL GARAGE, POOL, HOT TUB, WOOD DECK AND FENCE. STRUCTURE IS MASONRY & WOOD-FRAMED ON SPREAD FOOTERS "}},{"type":"Feature","geometry":{"type":"Point","coordinates":[-80.019661,40.466308]},"properties":{"permit_id":"BDA-2026-00689","address":"2446 N CHARLES ST, Pittsburgh, PA 15214-","issue_date":null,"completed_date":null,"status":"Application Finalization","typology":"single_detached","units":1,"classification_confidence":"high","zon_new":"R1D-H","neighborhood":"Perry South","days_to_issue":null,"days_elapsed_if_open":240,"censored":true,"same_parcel_n":2,"work_desc":"2-STORY, SINGLE-FAMILY DWELLING"}},{"type":"Feature","geometry":{"type":"Point","coordinates":[-80.019735,40.466235]},"properties":{"permit_id":"BDA-2026-00692","address":"2442 N CHARLES ST, Pittsburgh, PA 15214-","issue_date":null,"completed_date":null,"status":"Application Finalization","typology":"single_detached","units":1,"classification_confidence":"high","zon_new":"R1D-H","neighborhood":"Perry South","days_to_issue":null,"days_elapsed_if_open":240,"censored":true,"same_parcel_n":1,"work_desc":"NEW CONSTRUCTION OF 2-STORY, SINGLE-FAMILY DWELLING"}},{"type":"Feature","geometry":{"type":"Point","coordinates":[-80.019822,40.466168]},"properties":{"permit_id":"BDA-2026-00693","address":"2438 N CHARLES ST, Pittsburgh, PA 15214-","issue_date":null,"completed_date":null,"status":"Application Finalization","typology":"single_detached","units":1,"classification_confidence":"high","zon_new":"R1D-H","neighborhood":"Perry South","days_to_issue":null,"days_elapsed_if_open":240,"censored":true,"same_parcel_n":1,"work_desc":"2-STORY, SINGLE-FAMILY DWELLING"}},{"type":"Feature","geometry":{"type":"Point","coordinates":[-80.019909,40.4661]},"properties":{"permit_id":"BDA-2026-00694","address":"2434 N CHARLES ST, Pittsburgh, PA 15214-","issue_date":null,"completed_date":null,"status":"Application Finalization","typology":"single_detached","units":1,"classification_confidence":"high","zon_new":"R1D-H","neighborhood":"Perry South","days_to_issue":null,"days_elapsed_if_open":240,"censored":true,"same_parcel_n":1,"work_desc":"NEW CONSTRUCTION OF 2 STORY SINGLE FAMILY DWELLING"}},{"type":"Feature","geometry":{"type":"Point","coordinates":[-80.019995,40.466032]},"properties":{"permit_id":"BDA-2026-00695","address":"2430 N CHARLES ST, Pittsburgh, PA 15214-","issue_date":null,"completed_date":null,"status":"Application Finalization","typology":"single_detached","units":1,"classification_confidence":"high","zon_new":"R1D-H","neighborhood":"Perry South","days_to_issue":null,"days_elapsed_if_open":240,"censored":true,"same_parcel_n":1,"work_desc":"2-STORY, SINGLE-FAMILY DWELLING"}},{"type":"Feature","geometry":{"type":"Point","coordinates":[-80.02008,40.465964]},"properties":{"permit_id":"BDA-2026-00696","address":"2426 N CHARLES ST, Pittsburgh, PA 15214-","issue_date":null,"completed_date":null,"status":"Application Finalization","typology":"single_detached","units":1,"classification_confidence":"high","zon_new":"R1D-H","neighborhood":"Perry South","days_to_issue":null,"days_elapsed_if_open":240,"censored":true,"same_parcel_n":1,"work_desc":"2-STORY, SINGLE-FAMILY DWELLING"}},{"type":"Feature","geometry":{"type":"Point","coordinates":[-80.081554,40.446595]},"properties":{"permit_id":"BDA-2026-00712","address":"2039 BROADHEAD FORDING RD, Pittsburgh, PA 15205-","issue_date":null,"completed_date":null,"status":"Applicant Revisions","typology":"senior","units":48,"classification_confidence":"high","zon_new":"P","neighborhood":"Fairywood","days_to_issue":null,"days_elapsed_if_open":239,"censored":true,"same_parcel_n":2,"work_desc":"NEW CONSTRUCTION FOR 3-STORY, MULTI-FAMILY SENIOR HOUSING WITH 48 DWELLING UNITS (HILL TOP VILLAS). AMENITY SPACES INCLUDE A COMMUNITY ROOM, FITNESS ROOM, & MAN"}},{"type":"Feature","geometry":{"type":"Point","coordinates":[-79.929516,40.469191]},"properties":{"permit_id":"BDA-2026-00813","address":"5514 BLACK ST, Pittsburgh, PA 15206-","issue_date":"2026-08-11","completed_date":null,"status":"Issued","typology":"single_detached","units":1,"classification_confidence":"high","zon_new":"R3-M","neighborhood":"Garfield","days_to_issue":188,"days_elapsed_if_open":null,"censored":false,"same_parcel_n":1,"work_desc":"NEW CONSTRUCTION OF A SINGLE-FAMILY DETACHED DWELLING"}},{"type":"Feature","geometry":{"type":"Point","coordinates":[-79.971478,40.420292]},"properties":{"permit_id":"BDA-2026-00896","address":"2421 COBDEN ST, Pittsburgh, PA 15203-","issue_date":null,"completed_date":null,"status":"Applicant Revisions","typology":"single_detached","units":1,"classification_confidence":"high","zon_new":"R1D-H","neighborhood":"South Side Slopes","days_to_issue":null,"days_elapsed_if_open":230,"censored":true,"same_parcel_n":1,"work_desc":"TWO STORY SINGLE FAMILY DWELLING"}},{"type":"Feature","geometry":{"type":"Point","coordinates":[-79.948566,40.481679]},"properties":{"permit_id":"BDA-2026-00952","address":"520 KENDALL ST, Pittsburgh, PA 15201","issue_date":null,"completed_date":null,"status":"Applicant Revisions","typology":"unknown","units":null,"classification_confidence":"low","zon_new":"H","neighborhood":"Upper Lawrenceville","days_to_issue":null,"days_elapsed_if_open":229,"censored":true,"same_parcel_n":1,"work_desc":null}},{"type":"Feature","geometry":{"type":"Point","coordinates":[-80.006143,40.428453]},"properties":{"permit_id":"BDA-2026-00993","address":"315 WYOMING ST, Pittsburgh, PA 15211-","issue_date":"2026-02-17","completed_date":null,"status":"Amendment Review","typology":"two_unit","units":2,"classification_confidence":"med","zon_new":"R2-H","neighborhood":"Mount Washington","days_to_issue":6,"days_elapsed_if_open":null,"censored":false,"same_parcel_n":1,"work_desc":"NON STRUCTRUAL INTERIOR ALTERATIONS TO INCLUDE NEW FINISHES KITCHEN AND BATHROOM RENOVATIONS. CHANGE IN USE TO TWO-FAMILY DWELLING"}},{"type":"Feature","geometry":{"type":"Point","coordinates":[-79.932556,40.4634]},"properties":{"permit_id":"BDA-2026-01130","address":"121 S FAIRMOUNT ST, Pittsburgh, 15206-","issue_date":null,"completed_date":null,"status":"Application Finalization","typology":"unknown","units":null,"classification_confidence":"low","zon_new":"R3-M","neighborhood":"Friendship","days_to_issue":null,"days_elapsed_if_open":222,"censored":true,"same_parcel_n":1,"work_desc":null}},{"type":"Feature","geometry":{"type":"Point","coordinates":[-79.979059,40.386492]},"properties":{"permit_id":"BDA-2026-01372","address":"2535 BROWNSVILLE RD #327, Pittsburgh, PA 15210-","issue_date":null,"completed_date":null,"status":"Applicant Revisions","typology":"multi_unit_size_unknown","units":null,"classification_confidence":"med","zon_new":"R1D-L","neighborhood":"Carrick","days_to_issue":null,"days_elapsed_if_open":214,"censored":true,"same_parcel_n":1,"work_desc":"CONSTRUCT A NEW 3 STORIES APARTMENT BUILDING WITH 24 CAR (2 ACCESSIBLE) PARKING LOT AT REAR"}},{"type":"Feature","geometry":{"type":"Point","coordinates":[-80.019951,40.413262]},"properties":{"permit_id":"BDA-2026-02055","address":"No primary address specified","issue_date":null,"completed_date":null,"status":"Applicant Revisions","typology":"unknown","units":null,"classification_confidence":"low","zon_new":"R1D-H","neighborhood":"Beechview","days_to_issue":null,"days_elapsed_if_open":193,"censored":true,"same_parcel_n":1,"work_desc":null}},{"type":"Feature","geometry":{"type":"Point","coordinates":[-79.916997,40.437316]},"properties":{"permit_id":"BDA-2026-02177","address":"1717 DENNISTON ST, Pittsburgh, PA 15217-","issue_date":null,"completed_date":null,"status":"Application Incomplete","typology":"unknown","units":null,"classification_confidence":"low","zon_new":"R2-L","neighborhood":"Squirrel Hill South","days_to_issue":null,"days_elapsed_if_open":191,"censored":true,"same_parcel_n":1,"work_desc":null}},{"type":"Feature","geometry":{"type":"Point","coordinates":[-80.00195,40.427479]},"properties":{"permit_id":"BDA-2026-02359","address":"No primary address specified","issue_date":null,"completed_date":null,"status":"Applicant Revisions","typology":"unknown","units":null,"classification_confidence":"low","zon_new":"R1D-H","neighborhood":"Mount Washington","days_to_issue":null,"days_elapsed_if_open":185,"censored":true,"same_parcel_n":1,"work_desc":null}},{"type":"Feature","geometry":{"type":"Point","coordinates":[-80.000202,40.416871]},"properties":{"permit_id":"BDA-2026-02606","address":"403 CHALFONT ST, Pittsburgh, PA 15210-","issue_date":null,"completed_date":null,"status":"Applicant Revisions","typology":"unknown","units":null,"classification_confidence":"low","zon_new":"R2-H","neighborhood":"Beltzhoover","days_to_issue":null,"days_elapsed_if_open":179,"censored":true,"same_parcel_n":1,"work_desc":null}},{"type":"Feature","geometry":{"type":"Point","coordinates":[-80.000018,40.416874]},"properties":{"permit_id":"BDA-2026-02608","address":"407 CHALFONT ST, Pittsburgh, PA 15210-","issue_date":null,"completed_date":null,"status":"Applicant Revisions","typology":"single_detached","units":1,"classification_confidence":"high","zon_new":"R2-H","neighborhood":"Beltzhoover","days_to_issue":null,"days_elapsed_if_open":179,"censored":true,"same_parcel_n":1,"work_desc":"CONSTRUCTION OF THREE-STORY WOOD-FRAMED SINGLE-FAMILY DWELLING WITH COVERED FRONT & REAR PORCHES. WORK INCLUDES SITE WORK, PREFABRICATED CONCRETE FOUNDATION AND"}},{"type":"Feature","geometry":{"type":"Point","coordinates":[-79.999848,40.416878]},"properties":{"permit_id":"BDA-2026-02637","address":"413 CHALFONT ST, Pittsburgh, PA 15210-","issue_date":null,"completed_date":null,"status":"Applicant Revisions","typology":"unknown","units":null,"classification_confidence":"low","zon_new":"R2-H","neighborhood":"Beltzhoover","days_to_issue":null,"days_elapsed_if_open":178,"censored":true,"same_parcel_n":1,"work_desc":null}},{"type":"Feature","geometry":{"type":"Point","coordinates":[-79.932123,40.45638]},"properties":{"permit_id":"BDA-2026-02809","address":"5738 PIERCE ST, Pittsburgh, 15232-","issue_date":null,"completed_date":null,"status":"Application Incomplete","typology":"unknown","units":null,"classification_confidence":"low","zon_new":"R1A-VH","neighborhood":"Shadyside","days_to_issue":null,"days_elapsed_if_open":173,"censored":true,"same_parcel_n":1,"work_desc":null}},{"type":"Feature","geometry":{"type":"Point","coordinates":[-79.924218,40.424397]},"properties":{"permit_id":"BDA-2026-02847","address":"3030 SHADY AVE, Pittsburgh, PA 15217-","issue_date":null,"completed_date":null,"status":"Application Incomplete","typology":"unknown","units":null,"classification_confidence":"low","zon_new":"R2-L","neighborhood":"Squirrel Hill South","days_to_issue":null,"days_elapsed_if_open":172,"censored":true,"same_parcel_n":1,"work_desc":null}},{"type":"Feature","geometry":{"type":"Point","coordinates":[-79.979107,40.38276]},"properties":{"permit_id":"BDA-2026-02976","address":"46 STEWART AVE, Pittsburgh, PA 15227-","issue_date":"2026-06-15","completed_date":null,"status":"Issued","typology":"unknown","units":null,"classification_confidence":"low","zon_new":"R2-L","neighborhood":"Carrick","days_to_issue":67,"days_elapsed_if_open":null,"censored":false,"same_parcel_n":1,"work_desc":null}},{"type":"Feature","geometry":{"type":"Point","coordinates":[-79.95837,40.452321]},"properties":{"permit_id":"BDA-2026-03123","address":"3312 CAMP ST, Pittsburgh, PA 15219-","issue_date":null,"completed_date":null,"status":"Applicant Revisions","typology":"unknown","units":null,"classification_confidence":"low","zon_new":"R2-L","neighborhood":"Upper Hill","days_to_issue":null,"days_elapsed_if_open":165,"censored":true,"same_parcel_n":1,"work_desc":null}},{"type":"Feature","geometry":{"type":"Point","coordinates":[-79.95832,40.452426]},"properties":{"permit_id":"BDA-2026-03125","address":"3316 CAMP ST, Pittsburgh, 15219-","issue_date":null,"completed_date":null,"status":"Applicant Revisions","typology":"unknown","units":null,"classification_confidence":"low","zon_new":"R2-L","neighborhood":"Upper Hill","days_to_issue":null,"days_elapsed_if_open":165,"censored":true,"same_parcel_n":1,"work_desc":null}},{"type":"Feature","geometry":{"type":"Point","coordinates":[-79.958526,40.452106]},"properties":{"permit_id":"BDA-2026-03126","address":"No primary address specified","issue_date":null,"completed_date":null,"status":"Applicant Revisions","typology":"unknown","units":null,"classification_confidence":"low","zon_new":"R2-L","neighborhood":"Upper Hill","days_to_issue":null,"days_elapsed_if_open":165,"censored":true,"same_parcel_n":1,"work_desc":null}},{"type":"Feature","geometry":{"type":"Point","coordinates":[-79.958441,40.451691]},"properties":{"permit_id":"BDA-2026-03127","address":"No primary address specified","issue_date":null,"completed_date":null,"status":"Applicant Revisions","typology":"unknown","units":null,"classification_confidence":"low","zon_new":"R2-L","neighborhood":"Upper Hill","days_to_issue":null,"days_elapsed_if_open":165,"censored":true,"same_parcel_n":1,"work_desc":null}},{"type":"Feature","geometry":{"type":"Point","coordinates":[-79.958335,40.451655]},"properties":{"permit_id":"BDA-2026-03128","address":"No primary address specified","issue_date":null,"completed_date":null,"status":"Applicant Revisions","typology":"unknown","units":null,"classification_confidence":"low","zon_new":"R2-L","neighborhood":"Upper Hill","days_to_issue":null,"days_elapsed_if_open":165,"censored":true,"same_parcel_n":1,"work_desc":null}},{"type":"Feature","geometry":{"type":"Point","coordinates":[-80.004265,40.453092]},"properties":{"permit_id":"BDA-2026-03436","address":"4 ALLEGHENY CENTER, Pittsburgh, PA 15212-","issue_date":"2026-08-27","completed_date":null,"status":"Issued","typology":"multi_unit_size_unknown","units":null,"classification_confidence":"med","zon_new":"UNC","neighborhood":"Allegheny Center","days_to_issue":126,"days_elapsed_if_open":null,"censored":false,"same_parcel_n":1,"work_desc":"CONVERSION/MODIFICATION OF EXISTING OFFICE BUILDING TO RESIDENTIAL APARTMENTS, RESIDENTIAL FLOORS 2 - 10, AMENITY ACTIVITY SPACE - BASEMENT, OFFICE - 1ST FLOOR"}},{"type":"Feature","geometry":{"type":"Point","coordinates":[-80.055449,40.441405]},"properties":{"permit_id":"BDA-2026-03472","address":"1225 ROUND TOP ST, Pittsburgh, PA 15205","issue_date":null,"completed_date":null,"status":"Applicant Revisions","typology":"single_detached","units":1,"classification_confidence":"med","zon_new":"R2-L","neighborhood":"Crafton Heights","days_to_issue":null,"days_elapsed_if_open":156,"censored":true,"same_parcel_n":2,"work_desc":"NEW CONSTRUCTION OF A 3-STORY HOME."}},{"type":"Feature","geometry":{"type":"Point","coordinates":[-79.924754,40.422185]},"properties":{"permit_id":"BDA-2026-03497","address":"4233 LUDWICK ST, Pittsburgh, 15217-","issue_date":"2026-05-27","completed_date":null,"status":"Issued","typology":"unknown","units":null,"classification_confidence":"low","zon_new":"R2-L","neighborhood":"Squirrel Hill South","days_to_issue":33,"days_elapsed_if_open":null,"censored":false,"same_parcel_n":1,"work_desc":null}},{"type":"Feature","geometry":{"type":"Point","coordinates":[-80.028533,40.458201]},"properties":{"permit_id":"BDA-2026-03504","address":"No primary address specified","issue_date":null,"completed_date":null,"status":"Applicant Revisions","typology":"unknown","units":null,"classification_confidence":"low","zon_new":"R1A-VH","neighborhood":"Manchester","days_to_issue":null,"days_elapsed_if_open":154,"censored":true,"same_parcel_n":1,"work_desc":null}},{"type":"Feature","geometry":{"type":"Point","coordinates":[-80.04119,40.481702]},"properties":{"permit_id":"BDA-2026-03517","address":"No primary address specified","issue_date":null,"completed_date":null,"status":"Application Incomplete","typology":"unknown","units":null,"classification_confidence":"low","zon_new":"LNC","neighborhood":"Brighton Heights","days_to_issue":null,"days_elapsed_if_open":153,"censored":true,"same_parcel_n":1,"work_desc":null}},{"type":"Feature","geometry":{"type":"Point","coordinates":[-79.926931,40.467551]},"properties":{"permit_id":"BDA-2026-03536","address":"No primary address specified","issue_date":null,"completed_date":null,"status":"Applicant Revisions","typology":"unknown","units":null,"classification_confidence":"low","zon_new":"RM-M","neighborhood":"East Liberty","days_to_issue":null,"days_elapsed_if_open":152,"censored":true,"same_parcel_n":1,"work_desc":null}},{"type":"Feature","geometry":{"type":"Point","coordinates":[-79.925263,40.467307]},"properties":{"permit_id":"BDA-2026-03745","address":"517 N EUCLID AVE, Pittsburgh, PA 15206-","issue_date":"2026-06-12","completed_date":null,"status":"Completed","typology":"unknown","units":null,"classification_confidence":"low","zon_new":"R2-H","neighborhood":"East Liberty","days_to_issue":43,"days_elapsed_if_open":null,"censored":false,"same_parcel_n":2,"work_desc":null}},{"type":"Feature","geometry":{"type":"Point","coordinates":[-79.932773,40.467989]},"properties":{"permit_id":"BDA-2026-03980","address":"No primary address specified","issue_date":null,"completed_date":null,"status":"Applicant Revisions","typology":"unknown","units":null,"classification_confidence":"low","zon_new":"R2-H","neighborhood":"Garfield","days_to_issue":null,"days_elapsed_if_open":142,"censored":true,"same_parcel_n":1,"work_desc":"NEW CONSTRUCTION INCLUDING CONCRETE FOOTERS, CMU FOUNDATION, WOOD FRAMING, ROOF TRUSSES, FIXTURES AND FINISHES."}},{"type":"Feature","geometry":{"type":"Point","coordinates":[-79.943255,40.467209]},"properties":{"permit_id":"BDA-2026-04073","address":"5012 KINCAID ST, Pittsburgh, PA 15224-","issue_date":"2026-09-03","completed_date":null,"status":"Issued","typology":"unknown","units":null,"classification_confidence":"low","zon_new":"R1D-H","neighborhood":"Garfield","days_to_issue":115,"days_elapsed_if_open":null,"censored":false,"same_parcel_n":1,"work_desc":null}},{"type":"Feature","geometry":{"type":"Point","coordinates":[-79.916243,40.463068]},"properties":{"permit_id":"BDA-2026-04101","address":"128 AUBURN ST, Pittsburgh, PA 15206-","issue_date":null,"completed_date":null,"status":"Applicant Revisions","typology":"single_attached","units":1,"classification_confidence":"high","zon_new":"R2-H","neighborhood":"Larimer","days_to_issue":null,"days_elapsed_if_open":138,"censored":true,"same_parcel_n":1,"work_desc":"NEW 4 STORY SINGLE FAMILY ATTACHED DWELLING WITH DETACHED GARAGE AT REAR"}},{"type":"Feature","geometry":{"type":"Point","coordinates":[-79.976846,40.437958]},"properties":{"permit_id":"BDA-2026-04236","address":"2018 5TH AVE, Pittsburgh, PA 15219-","issue_date":"2026-07-13","completed_date":null,"status":"Issued","typology":"two_unit","units":2,"classification_confidence":"med","zon_new":"UPR-B","neighborhood":"Bluff","days_to_issue":61,"days_elapsed_if_open":null,"censored":false,"same_parcel_n":1,"work_desc":"RECONFIGURATION OF SPACE FOR CHANGE IN USE TO TWO FAMILY DWELLING INCLUDING NEW 3-TIER DECK AT REAR"}},{"type":"Feature","geometry":{"type":"Point","coordinates":[-79.967828,40.417919]},"properties":{"permit_id":"BDA-2026-04360","address":"2822 SALISBURY ST, Pittsburgh, 15210-","issue_date":"2026-08-11","completed_date":null,"status":"Issued","typology":"two_unit","units":2,"classification_confidence":"med","zon_new":"R1D-H","neighborhood":"South Side Slopes","days_to_issue":85,"days_elapsed_if_open":null,"censored":false,"same_parcel_n":1,"work_desc":"CHANGE IN USE TO TWO-FAMILY DWELLING"}},{"type":"Feature","geometry":{"type":"Point","coordinates":[-79.96178,40.465171]},"properties":{"permit_id":"BDA-2026-04443","address":"285 38TH ST, Pittsburgh, 15201-","issue_date":null,"completed_date":null,"status":"Application Finalization","typology":"unknown","units":null,"classification_confidence":"low","zon_new":"R1A-H","neighborhood":"Lower Lawrenceville","days_to_issue":null,"days_elapsed_if_open":129,"censored":true,"same_parcel_n":1,"work_desc":null}},{"type":"Feature","geometry":{"type":"Point","coordinates":[-79.922876,40.44024]},"properties":{"permit_id":"BDA-2026-04593","address":"1541 MURRAY AVE, Pittsburgh, PA 15217-","issue_date":"2026-06-04","completed_date":null,"status":"Issued","typology":"unknown","units":null,"classification_confidence":"low","zon_new":"R1D-VL","neighborhood":"Squirrel Hill North","days_to_issue":13,"days_elapsed_if_open":null,"censored":false,"same_parcel_n":1,"work_desc":null}},{"type":"Feature","geometry":{"type":"Point","coordinates":[-79.924022,40.48644]},"properties":{"permit_id":"BDA-2026-04745","address":"6907 STANDISH ST, Pittsburgh, 15206-","issue_date":null,"completed_date":null,"status":"Application Incomplete","typology":"unknown","units":null,"classification_confidence":"low","zon_new":"R1A-H","neighborhood":"Morningside","days_to_issue":null,"days_elapsed_if_open":121,"censored":true,"same_parcel_n":1,"work_desc":null}},{"type":"Feature","geometry":{"type":"Point","coordinates":[-79.926505,40.439295]},"properties":{"permit_id":"BDA-2026-04850","address":"5632 AYLESBORO AVE, Pittsburgh, 15217-","issue_date":null,"completed_date":null,"status":"Applicant Revisions","typology":"unknown","units":null,"classification_confidence":"low","zon_new":"R1D-VL","neighborhood":"Squirrel Hill North","days_to_issue":null,"days_elapsed_if_open":120,"censored":true,"same_parcel_n":1,"work_desc":null}},{"type":"Feature","geometry":{"type":"Point","coordinates":[-79.986917,40.426791]},"properties":{"permit_id":"BDA-2026-04873","address":"1113 FREYBURG ST, Pittsburgh, PA 15203-","issue_date":null,"completed_date":null,"status":"Application Finalization","typology":"single_detached","units":1,"classification_confidence":"med","zon_new":"R1A-VH","neighborhood":"South Side Flats","days_to_issue":null,"days_elapsed_if_open":119,"censored":true,"same_parcel_n":1,"work_desc":"NEW CONSTRUCTION OF 3-STORY RESIDENCE INCLUDING, SLAB-ON-GRADE, CRAWL SPACE FOUNDATION, WOOD FRAMING, NEW FIXTURES AND FINISHES."}},{"type":"Feature","geometry":{"type":"Point","coordinates":[-79.986849,40.426792]},"properties":{"permit_id":"BDA-2026-04874","address":"1115 FREYBURG ST, Pittsburgh, PA 15203-","issue_date":null,"completed_date":null,"status":"Application Finalization","typology":"single_detached","units":1,"classification_confidence":"med","zon_new":"R1A-VH","neighborhood":"South Side Flats","days_to_issue":null,"days_elapsed_if_open":119,"censored":true,"same_parcel_n":1,"work_desc":"NEW CONSTRUCTION OF 3-STORY RESIDENCE INCLUDING, SLAB-ON-GRADE, CRAWL SPACE FOUNDATION, WOOD FRAMING, NEW FIXTURES AND FINISHES."}},{"type":"Feature","geometry":{"type":"Point","coordinates":[-79.967952,40.448393]},"properties":{"permit_id":"BDA-2026-04997","address":"542 FRANCIS ST, Pittsburgh, PA 15219-","issue_date":"2026-06-15","completed_date":null,"status":"Issued","typology":"unknown","units":null,"classification_confidence":"low","zon_new":"RM-M","neighborhood":"Middle Hill","days_to_issue":13,"days_elapsed_if_open":null,"censored":false,"same_parcel_n":1,"work_desc":null}},{"type":"Feature","geometry":{"type":"Point","coordinates":[-79.898424,40.430523]},"properties":{"permit_id":"BDA-2026-05175","address":"1109 RICHMOND ST, Pittsburgh, 15218-","issue_date":"2026-07-10","completed_date":null,"status":"Completed","typology":"unknown","units":null,"classification_confidence":"low","zon_new":"R1D-H","neighborhood":"Regent Square","days_to_issue":35,"days_elapsed_if_open":null,"censored":false,"same_parcel_n":1,"work_desc":null}},{"type":"Feature","geometry":{"type":"Point","coordinates":[-79.977328,40.465244]},"properties":{"permit_id":"BDA-2026-05516","address":"700 WATERFRONT DR, Pittsburgh, PA 15222-","issue_date":null,"completed_date":null,"status":"Applicant Revisions","typology":"unknown","units":null,"classification_confidence":"low","zon_new":"RIV-MU","neighborhood":"Troy Hill","days_to_issue":null,"days_elapsed_if_open":103,"censored":true,"same_parcel_n":1,"work_desc":null}},{"type":"Feature","geometry":{"type":"Point","coordinates":[-79.970085,40.422893]},"properties":{"permit_id":"BDA-2026-05526","address":"73 1/2 BARRY ST, Pittsburgh, PA 15203-","issue_date":null,"completed_date":null,"status":"Applicant Revisions","typology":"two_unit","units":2,"classification_confidence":"high","zon_new":"H","neighborhood":"South Side Slopes","days_to_issue":null,"days_elapsed_if_open":103,"censored":true,"same_parcel_n":1,"work_desc":"NO WORK BEING PREFORMED - CHANGE IN USE FROM A SINGLE-FAMILY TO A TWO-FAMILY DWELLING"}},{"type":"Feature","geometry":{"type":"Point","coordinates":[-79.948638,40.425687]},"properties":{"permit_id":"BDA-2026-05544","address":"309 GREENFIELD AVE, Pittsburgh, 15207-","issue_date":null,"completed_date":null,"status":"Reviews Paused","typology":"two_unit","units":2,"classification_confidence":"med","zon_new":"H","neighborhood":"Greenfield","days_to_issue":null,"days_elapsed_if_open":102,"censored":true,"same_parcel_n":1,"work_desc":"INTERIOR ALTERATIONS THROUGHOUT TO INCLUDE NEW FINISHES EXTERIOR ALTERATIONS TO INCLUDE NEW DOORS AND WINDOWS AT EXISTING TWO-FAMILY DWELLNG CHANGE IN USE TO TW"}},{"type":"Feature","geometry":{"type":"Point","coordinates":[-79.938108,40.45741]},"properties":{"permit_id":"BDA-2026-05596","address":"5401 BAUM BLVD, Pittsburgh, PA 15232-","issue_date":null,"completed_date":null,"status":"Applicant Revisions","typology":"multi_unit_size_unknown","units":null,"classification_confidence":"med","zon_new":"UNC","neighborhood":"Bloomfield","days_to_issue":null,"days_elapsed_if_open":102,"censored":true,"same_parcel_n":4,"work_desc":"NEW CONSTRUCTION OF 5 STORY APARTMENT BUILDING"}},{"type":"Feature","geometry":{"type":"Point","coordinates":[-79.979053,40.425721]},"properties":{"permit_id":"BDA-2026-05765","address":"1900 MARY ST, Pittsburgh, PA 15203-","issue_date":null,"completed_date":null,"status":"Applicant Revisions","typology":"multi_unit_20plus","units":200,"classification_confidence":"high","zon_new":"UI","neighborhood":"South Side Flats","days_to_issue":null,"days_elapsed_if_open":95,"censored":true,"same_parcel_n":1,"work_desc":"CONSTRUCTION OF A 4-STORY APARTMENT BUILDING WITH 200 UNITS (6 TYPE A) AND AMENITY SPACES."}},{"type":"Feature","geometry":{"type":"Point","coordinates":[-80.011797,40.458659]},"properties":{"permit_id":"BDA-2026-05774","address":"1600 SATURN Way, Pittsburgh, PA 15212-","issue_date":null,"completed_date":null,"status":"Applicant Revisions","typology":"unknown","units":null,"classification_confidence":"low","zon_new":"R1A-VH","neighborhood":"Central Northside","days_to_issue":null,"days_elapsed_if_open":96,"censored":true,"same_parcel_n":1,"work_desc":"DEMOLITION TO EXISTING FOUNDATION, PARTIAL INFILL OF EXISTING BASEMENT, NEW SLAB AND ADDITION OF 4 STORIES UTILIZING WOOD FRAMING, ROOF TRUSSES."}},{"type":"Feature","geometry":{"type":"Point","coordinates":[-80.017511,40.453992]},"properties":{"permit_id":"BDA-2026-05843","address":"901 BEHAN ST, Pittsburgh, PA 15233-","issue_date":null,"completed_date":null,"status":"Applicant Revisions","typology":"unknown","units":null,"classification_confidence":"low","zon_new":"UI","neighborhood":"Central Northside","days_to_issue":null,"days_elapsed_if_open":94,"censored":true,"same_parcel_n":1,"work_desc":null}},{"type":"Feature","geometry":{"type":"Point","coordinates":[-79.954736,40.433048]},"properties":{"permit_id":"BDA-2026-05908","address":"3274 WARD ST, Pittsburgh, 15213-","issue_date":null,"completed_date":null,"status":"Applicant Revisions","typology":"two_unit","units":2,"classification_confidence":"high","zon_new":"R1A-VH","neighborhood":"South Oakland","days_to_issue":null,"days_elapsed_if_open":93,"censored":true,"same_parcel_n":1,"work_desc":"INTERIOR AND EXTERIOR ALTERATIONS TO CONVERT EXISTING SINGLE-FAMILY DWELLING INTO TWO-FAMILY DWELLING"}},{"type":"Feature","geometry":{"type":"Point","coordinates":[-79.901523,40.45497]},"properties":{"permit_id":"BDA-2026-05909","address":"7029 SUSQUEHANNA ST #201, Pittsburgh, PA 15208-","issue_date":null,"completed_date":null,"status":"Applicant Revisions","typology":"two_unit","units":2,"classification_confidence":"high","zon_new":"UI","neighborhood":"Homewood South","days_to_issue":null,"days_elapsed_if_open":93,"censored":true,"same_parcel_n":1,"work_desc":"INTERIOR ALTERATIONS THROUGHOUT TO CONVERT SINGLE-FAMILY DWELLING INTO TWO-FAMILY DWELLING. CONSTRUCTION OF DECK WITH STAIRS TO GRADE AND PARKING PAD AT REAR OF"}},{"type":"Feature","geometry":{"type":"Point","coordinates":[-79.917036,40.423791]},"properties":{"permit_id":"BDA-2026-05968","address":"272 ANITA AVE, Pittsburgh, 15217-","issue_date":null,"completed_date":null,"status":"Applicant Revisions","typology":"unknown","units":null,"classification_confidence":"low","zon_new":"R1D-L","neighborhood":"Squirrel Hill South","days_to_issue":null,"days_elapsed_if_open":89,"censored":true,"same_parcel_n":1,"work_desc":null}},{"type":"Feature","geometry":{"type":"Point","coordinates":[-80.013345,40.459279]},"properties":{"permit_id":"BDA-2026-06177","address":"113 GUADALUPE PL, Pittsburgh, PA 15212-","issue_date":null,"completed_date":null,"status":"In Review","typology":"single_attached","units":1,"classification_confidence":"high","zon_new":"H","neighborhood":"Central Northside","days_to_issue":null,"days_elapsed_if_open":86,"censored":true,"same_parcel_n":1,"work_desc":"NEW CONSTRUCTION OF 4-STORY TOWNHOUSE"}},{"type":"Feature","geometry":{"type":"Point","coordinates":[-80.029533,40.478963]},"properties":{"permit_id":"BDA-2026-06215","address":"3443 CAMPUS ST, Pittsburgh, 15212-","issue_date":"2026-09-03","completed_date":null,"status":"Issued","typology":"unknown","units":null,"classification_confidence":"low","zon_new":"R1D-M","neighborhood":"Brighton Heights","days_to_issue":59,"days_elapsed_if_open":null,"censored":false,"same_parcel_n":1,"work_desc":null}},{"type":"Feature","geometry":{"type":"Point","coordinates":[-79.977983,40.458555]},"properties":{"permit_id":"BDA-2026-06490","address":"2801 RAILROAD ST, Pittsburgh, PA 15222-","issue_date":null,"completed_date":null,"status":"Application Incomplete","typology":"unknown","units":null,"classification_confidence":"low","zon_new":"RIV-IMU","neighborhood":"Strip District","days_to_issue":null,"days_elapsed_if_open":74,"censored":true,"same_parcel_n":1,"work_desc":null}},{"type":"Feature","geometry":{"type":"Point","coordinates":[-79.945277,40.420681]},"properties":{"permit_id":"BDA-2026-06619","address":"4255 BRISTOL ST, Pittsburgh, PA 15207-","issue_date":null,"completed_date":null,"status":"Applicant Revisions","typology":"two_unit","units":2,"classification_confidence":"high","zon_new":"R1D-M","neighborhood":"Hazelwood","days_to_issue":null,"days_elapsed_if_open":72,"censored":true,"same_parcel_n":1,"work_desc":"INTERIOR ALTERATIONS TO CONVERT SINGLE-FAMILY DWELLING INTO A TWO-FAMILY DWELLING"}},{"type":"Feature","geometry":{"type":"Point","coordinates":[-80.008491,40.428602]},"properties":{"permit_id":"BDA-2026-06679","address":"107 NATCHEZ ST, Pittsburgh, PA 15211-","issue_date":null,"completed_date":null,"status":"In Review","typology":"single_detached","units":1,"classification_confidence":"med","zon_new":"R2-H","neighborhood":"Mount Washington","days_to_issue":null,"days_elapsed_if_open":68,"censored":true,"same_parcel_n":1,"work_desc":"NEW CONSTRUCTION OF A 3-STORY DWELLING"}},{"type":"Feature","geometry":{"type":"Point","coordinates":[-79.955719,40.478813]},"properties":{"permit_id":"BDA-2026-06786","address":"5111 BUTLER ST, Pittsburgh, PA 15201-","issue_date":null,"completed_date":null,"status":"Applicant Revisions","typology":"multi_unit_size_unknown","units":null,"classification_confidence":"med","zon_new":"LNC","neighborhood":"Upper Lawrenceville","days_to_issue":null,"days_elapsed_if_open":66,"censored":true,"same_parcel_n":1,"work_desc":"NEW THREE-STORY MIXED USE BUILDING CONSISTING OF A COMMERCIAL TENANT SPACE, COURTYARD, AND RESIDENT OFF-STREET PARKING AT THE GROUND LEVEL AND (4) TWO-STORY 2 B"}},{"type":"Feature","geometry":{"type":"Point","coordinates":[-79.919546,40.467115]},"properties":{"permit_id":"BDA-2026-06934","address":"622 N SHERIDAN AVE, Pittsburgh, PA 15206-","issue_date":null,"completed_date":null,"status":"Application Finalization","typology":"three_unit","units":3,"classification_confidence":"high","zon_new":"R3-M","neighborhood":"East Liberty","days_to_issue":null,"days_elapsed_if_open":61,"censored":true,"same_parcel_n":1,"work_desc":"INTERIOR ALTERATIONS TO CONVERT TWO-FAMILY DWELLING TO 3-FAMILY DWELLING. EXTERIOR WORK TO INCLUDE CONSTRUCTION OF 3-LEVEL EXTERIOR WITH STAIRS TO GRADE AT REAR"}},{"type":"Feature","geometry":{"type":"Point","coordinates":[-79.963097,40.458129]},"properties":{"permit_id":"BDA-2026-07032","address":"3321 CARGILL ST, Pittsburgh, 15219-","issue_date":null,"completed_date":null,"status":"Applicant Revisions","typology":"two_unit","units":2,"classification_confidence":"high","zon_new":"R2-H","neighborhood":"Polish Hill","days_to_issue":null,"days_elapsed_if_open":58,"censored":true,"same_parcel_n":1,"work_desc":"CONSTRUCTION OF THREE-STORY WOOD-FRAMED TWO-FAMILY DWELLING WITH DECK ON THIRD FLOOR AND DETACHED TWO-CAR GARAGE."}},{"type":"Feature","geometry":{"type":"Point","coordinates":[-80.038057,40.428378]},"properties":{"permit_id":"BDA-2026-07302","address":"718 SPRINGFIELD ST, Pittsburgh, 15220-","issue_date":null,"completed_date":null,"status":"Application Incomplete","typology":"unknown","units":null,"classification_confidence":"low","zon_new":"R1D-L","neighborhood":"Ridgemont","days_to_issue":null,"days_elapsed_if_open":50,"censored":true,"same_parcel_n":1,"work_desc":null}},{"type":"Feature","geometry":{"type":"Point","coordinates":[-80.016705,40.457505]},"properties":{"permit_id":"BDA-2026-07483","address":"1527 MCCULLOUGH ST, Pittsburgh, PA 15212-","issue_date":null,"completed_date":null,"status":"Application Incomplete","typology":"unknown","units":null,"classification_confidence":"low","zon_new":"R1A-M","neighborhood":"California-Kirkbride","days_to_issue":null,"days_elapsed_if_open":44,"censored":true,"same_parcel_n":2,"work_desc":null}},{"type":"Feature","geometry":{"type":"Point","coordinates":[-80.013322,40.457383]},"properties":{"permit_id":"BDA-2026-07491","address":"No primary address specified","issue_date":null,"completed_date":null,"status":"Applicant Revisions","typology":"unknown","units":null,"classification_confidence":"low","zon_new":"R1A-VH","neighborhood":"Central Northside","days_to_issue":null,"days_elapsed_if_open":44,"censored":true,"same_parcel_n":1,"work_desc":null}},{"type":"Feature","geometry":{"type":"Point","coordinates":[-79.965689,40.456915]},"properties":{"permit_id":"BDA-2026-08272","address":"3215 BRERETON ST, Pittsburgh, 15219-","issue_date":null,"completed_date":null,"status":"In Review","typology":"two_unit","units":2,"classification_confidence":"med","zon_new":"LNC","neighborhood":"Polish Hill","days_to_issue":null,"days_elapsed_if_open":18,"censored":true,"same_parcel_n":1,"work_desc":"GUT RENOVATON, ADD NON-BEARING WALLS, NEW KITCHEN AND BATHROOMS, CHANGE IN USE TO 2 FAMILY DWELLING"}},{"type":"Feature","geometry":{"type":"Point","coordinates":[-79.938108,40.45741]},"properties":{"permit_id":"BDA-2026-08305","address":"5401 BAUM BLVD, Pittsburgh, PA 15232-","issue_date":null,"completed_date":null,"status":"Application Incomplete","typology":"multi_unit_size_unknown","units":null,"classification_confidence":"low","zon_new":"UNC","neighborhood":"Bloomfield","days_to_issue":null,"days_elapsed_if_open":17,"censored":true,"same_parcel_n":4,"work_desc":"[no description; same-parcel BDA-2026-05596] NEW CONSTRUCTION OF 5 STORY APARTMENT BUILDING"}},{"type":"Feature","geometry":{"type":"Point","coordinates":[-79.905711,40.453593]},"properties":{"permit_id":"BDA-2026-08413","address":"6920 MCPHERSON BLVD, Pittsburgh, PA 15208","issue_date":null,"completed_date":null,"status":"In Review","typology":"single_attached","units":1,"classification_confidence":"high","zon_new":"R1D-L","neighborhood":"Point Breeze North","days_to_issue":null,"days_elapsed_if_open":15,"censored":true,"same_parcel_n":1,"work_desc":"3-story single family residence with basement, attached sunroom at first floor, and detached single-car garage."}},{"type":"Feature","geometry":{"type":"Point","coordinates":[-79.962066,40.471623]},"properties":{"permit_id":"BDA-2026-08429","address":"No primary address specified","issue_date":null,"completed_date":null,"status":"In Review","typology":"unknown","units":null,"classification_confidence":"low","zon_new":"R1A-VH","neighborhood":"Central Lawrenceville","days_to_issue":null,"days_elapsed_if_open":15,"censored":true,"same_parcel_n":1,"work_desc":"NEW CONSTRUCTION INCLUDING CONCRETE FOOTERS, CMU FOUNDATION WALLS, WOOD FRAMING, FIXTURES AND FINSIHES."}},{"type":"Feature","geometry":{"type":"Point","coordinates":[-79.972738,40.423858]},"properties":{"permit_id":"BDA-2026-08523","address":"No primary address specified","issue_date":null,"completed_date":null,"status":"In Review","typology":"unknown","units":null,"classification_confidence":"low","zon_new":"H","neighborhood":"South Side Slopes","days_to_issue":null,"days_elapsed_if_open":11,"censored":true,"same_parcel_n":1,"work_desc":null}},{"type":"Feature","geometry":{"type":"Point","coordinates":[-79.930942,40.426071]},"properties":{"permit_id":"BDA-2026-08603","address":"1009 WELFER ST, Pittsburgh, 15217-","issue_date":null,"completed_date":null,"status":"Submitted","typology":"unknown","units":null,"classification_confidence":"low","zon_new":"R1D-H","neighborhood":"Greenfield","days_to_issue":null,"days_elapsed_if_open":10,"censored":true,"same_parcel_n":1,"work_desc":null}},{"type":"Feature","geometry":{"type":"Point","coordinates":[-79.896491,40.442899]},"properties":{"permit_id":"BDA-2026-08648","address":"457 S BRADDOCK AVE, Pittsburgh, 15221-","issue_date":null,"completed_date":null,"status":"Submitted","typology":"unknown","units":null,"classification_confidence":"low","zon_new":"R2-L","neighborhood":"Point Breeze","days_to_issue":null,"days_elapsed_if_open":9,"censored":true,"same_parcel_n":1,"work_desc":null}},{"type":"Feature","geometry":{"type":"Point","coordinates":[-79.927168,40.455448]},"properties":{"permit_id":"BP-2019-00108","address":"360 LAMONT PL, Pittsburgh, 15232-","issue_date":"2019-08-26","completed_date":null,"status":"Completed","typology":"two_unit","units":2,"classification_confidence":"high","zon_new":"R2-M","neighborhood":"Shadyside","days_to_issue":89,"days_elapsed_if_open":null,"censored":false,"same_parcel_n":1,"work_desc":"Construction of a two-family townhome"}},{"type":"Feature","geometry":{"type":"Point","coordinates":[-79.95496,40.471023]},"properties":{"permit_id":"BP-2019-00208","address":"4623 BANCROFT ST, Pittsburgh, PA 15201-","issue_date":"2019-08-13","completed_date":null,"status":"Completed","typology":"single_detached","units":1,"classification_confidence":"high","zon_new":"R1A-H","neighborhood":"Central Lawrenceville","days_to_issue":75,"days_elapsed_if_open":null,"censored":false,"same_parcel_n":1,"work_desc":"CONSTRUCT THREE STORY SINGLE FAMILY DWELLING AMENDMENT: ADD ROOF TOP DECK AND SPIRAL STAIR ON THIRD STORY AMENDMENT WITHDRAWAL PER APPLICANT REQUEST AMENDMENT2 "}},{"type":"Feature","geometry":{"type":"Point","coordinates":[-79.964615,40.43537]},"properties":{"permit_id":"BP-2019-00266","address":"210 OPHELIA ST, Pittsburgh, PA 15213-","issue_date":"2019-11-05","completed_date":null,"status":"Completed","typology":"unknown","units":null,"classification_confidence":"low","zon_new":"R1A-VH","neighborhood":"South Oakland","days_to_issue":158,"days_elapsed_if_open":null,"censored":false,"same_parcel_n":1,"work_desc":"NEW CONSTRUCTION"}},{"type":"Feature","geometry":{"type":"Point","coordinates":[-79.938586,40.467276]},"properties":{"permit_id":"BP-2019-01649","address":"5249 BROWN Way, Pittsburgh, PA 15224-","issue_date":"2021-09-20","completed_date":null,"status":"Completed","typology":"single_detached","units":1,"classification_confidence":"high","zon_new":"H","neighborhood":"Garfield","days_to_issue":816,"days_elapsed_if_open":null,"censored":false,"same_parcel_n":1,"work_desc":"CONSTRUCT A 2-STORY SINGLE FAMILY PREFABRICATED MODULAR DWELLING WITH INTEGRAL GARAGE AND DECK OFF THE FIRST FLOOR."}},{"type":"Feature","geometry":{"type":"Point","coordinates":[-79.951707,40.481966]},"properties":{"permit_id":"BP-2019-01650","address":"5310 DRESDEN Way, Pittsburgh, PA 15201-","issue_date":"2019-09-19","completed_date":null,"status":"Completed","typology":"single_attached","units":1,"classification_confidence":"high","zon_new":"R1A-VH","neighborhood":"Upper Lawrenceville","days_to_issue":84,"days_elapsed_if_open":null,"censored":false,"same_parcel_n":1,"work_desc":"CONSTRUCTION OF A NEW 3-STORY SINGLE FAMILY DWELLING WITH SINGLE ATTACHED SINGLE CAR GARAGE, ROOFTOP DECK AND ROOFTOP VESTIBULE."}},{"type":"Feature","geometry":{"type":"Point","coordinates":[-80.024442,40.440353]},"properties":{"permit_id":"BP-2019-01999","address":"1654 RUTLEDGE ST, Pittsburgh, PA 15211-","issue_date":"2019-08-13","completed_date":null,"status":"Completed","typology":"single_detached","units":1,"classification_confidence":"med","zon_new":"R1D-M","neighborhood":"Duquesne Heights","days_to_issue":41,"days_elapsed_if_open":null,"censored":false,"same_parcel_n":1,"work_desc":"NEW 4 BEDROOM HOUSE WITH INTEGRAL PARKING, ROOF DECK AND REAR DECK."}},{"type":"Feature","geometry":{"type":"Point","coordinates":[-80.024533,40.440414]},"properties":{"permit_id":"BP-2019-02005","address":"1660 RUTLEDGE ST, Pittsburgh, PA 15211-","issue_date":"2019-08-13","completed_date":null,"status":"Completed","typology":"single_detached","units":1,"classification_confidence":"med","zon_new":"R1D-M","neighborhood":"Duquesne Heights","days_to_issue":41,"days_elapsed_if_open":null,"censored":false,"same_parcel_n":1,"work_desc":"NEW 4 BEDROOM HOUSE WITH INTEGRAL PARKING, ROOF DECK"}},{"type":"Feature","geometry":{"type":"Point","coordinates":[-79.958431,40.460194]},"properties":{"permit_id":"BP-2019-02218","address":"3711 MELWOOD AVE, Pittsburgh, PA 15213-","issue_date":"2019-10-25","completed_date":null,"status":"Completed","typology":"single_detached","units":1,"classification_confidence":"high","zon_new":"H","neighborhood":"Polish Hill","days_to_issue":108,"days_elapsed_if_open":null,"censored":false,"same_parcel_n":1,"work_desc":"NEW DETACHED 2 STORY SINGLE FAMILY DWELLING WITH INTEGRAL 1 CAR GARAGE"}},{"type":"Feature","geometry":{"type":"Point","coordinates":[-79.8986,40.461177]},"properties":{"permit_id":"BP-2019-02223","address":"7037 HERMITAGE ST, Pittsburgh, PA 15208-","issue_date":"2020-11-04","completed_date":null,"status":"Expired","typology":"single_attached","units":1,"classification_confidence":"high","zon_new":"R2-L","neighborhood":"Homewood North","days_to_issue":484,"days_elapsed_if_open":null,"censored":false,"same_parcel_n":1,"work_desc":"NEW ATTACHED TWO-STORY SINGLE FAMILY DWELLING WITH SLAB ON GRADE AND LOW SLOPED ROOF"}},{"type":"Feature","geometry":{"type":"Point","coordinates":[-80.042041,40.413155]},"properties":{"permit_id":"BP-2019-03205","address":"1348 CARNAHAN RD, Pittsburgh, PA 15220-","issue_date":"2019-09-04","completed_date":null,"status":"Completed","typology":"single_detached","units":1,"classification_confidence":"high","zon_new":"R1D-L","neighborhood":"Banksville","days_to_issue":41,"days_elapsed_if_open":null,"censored":false,"same_parcel_n":1,"work_desc":"NEW CONSTRUCTION OF SINGLE FAMILY HOME"}},{"type":"Feature","geometry":{"type":"Point","coordinates":[-80.041781,40.413319]},"properties":{"permit_id":"BP-2019-03226","address":"1341 KIRSOPP AVE, Pittsburgh, PA 15220-","issue_date":"2019-09-04","completed_date":null,"status":"Completed","typology":"single_detached","units":1,"classification_confidence":"med","zon_new":"R1D-L","neighborhood":"Banksville","days_to_issue":41,"days_elapsed_if_open":null,"censored":false,"same_parcel_n":1,"work_desc":"build new house"}},{"type":"Feature","geometry":{"type":"Point","coordinates":[-79.962329,40.46259]},"properties":{"permit_id":"BP-2019-03908","address":"504 37TH ST, Pittsburgh, PA 15201-","issue_date":"2021-01-20","completed_date":null,"status":"Completed","typology":"single_detached","units":1,"classification_confidence":"high","zon_new":"P","neighborhood":"Lower Lawrenceville","days_to_issue":534,"days_elapsed_if_open":null,"censored":false,"same_parcel_n":1,"work_desc":"CONSTRUCTION OF NEW 3-STORY SINGLE FAMILY DWELLING WITH ROOFTOP DECK AND INTEGRAL 2-CAR GARAGE"}},{"type":"Feature","geometry":{"type":"Point","coordinates":[-79.931112,40.469781]},"properties":{"permit_id":"BP-2019-04077","address":"5456 BLACK ST, Pittsburgh, PA 15206-","issue_date":"2019-11-18","completed_date":null,"status":"Completed","typology":"single_detached","units":1,"classification_confidence":"high","zon_new":"R3-M","neighborhood":"Garfield","days_to_issue":103,"days_elapsed_if_open":null,"censored":false,"same_parcel_n":1,"work_desc":"NEW 2 STORY SINGLE FAMILY DWELLING"}},{"type":"Feature","geometry":{"type":"Point","coordinates":[-79.931204,40.469817]},"properties":{"permit_id":"BP-2019-04078","address":"5454 BLACK ST, Pittsburgh, PA 15206-","issue_date":"2019-11-18","completed_date":null,"status":"Completed","typology":"single_detached","units":1,"classification_confidence":"high","zon_new":"R3-M","neighborhood":"Garfield","days_to_issue":103,"days_elapsed_if_open":null,"censored":false,"same_parcel_n":1,"work_desc":"NEW 2 STORY SINGLE FAMILY DWELLING AMENDMENT: NEW 3 STORY SINGLE FAMILY DWELLING"}},{"type":"Feature","geometry":{"type":"Point","coordinates":[-79.961402,40.459292]},"properties":{"permit_id":"BP-2019-04173","address":"3501 MELWOOD AVE, Pittsburgh, PA 15213-","issue_date":"2020-03-11","completed_date":null,"status":"Completed","typology":"single_detached","units":1,"classification_confidence":"high","zon_new":"R2-H","neighborhood":"Polish Hill","days_to_issue":216,"days_elapsed_if_open":null,"censored":false,"same_parcel_n":1,"work_desc":"CONSTRUCT MODULAR 3 STORY SINGLE FAMILY DWELLING WITH INTEGRAL GARAGE AND 3RD FLOOR FRONT ROOD DECK"}},{"type":"Feature","geometry":{"type":"Point","coordinates":[-80.004457,40.427792]},"properties":{"permit_id":"BP-2019-04338","address":"435 NEFF ST, Pittsburgh, PA 15211-","issue_date":"2021-09-03","completed_date":null,"status":"Issued","typology":"single_detached","units":1,"classification_confidence":"high","zon_new":"P","neighborhood":"Mount Washington","days_to_issue":753,"days_elapsed_if_open":null,"censored":false,"same_parcel_n":1,"work_desc":"3 STORY SINGLE FAMILY DWELLING WITH DECK ON 2ND & 3RD FL WITH INTEGRAL GARAGE."}},{"type":"Feature","geometry":{"type":"Point","coordinates":[-80.004398,40.427818]},"properties":{"permit_id":"BP-2019-04339","address":"433 NEFF ST, Pittsburgh, PA 15211-","issue_date":"2021-07-26","completed_date":null,"status":"Issued","typology":"single_detached","units":1,"classification_confidence":"high","zon_new":"P","neighborhood":"Mount Washington","days_to_issue":714,"days_elapsed_if_open":null,"censored":false,"same_parcel_n":1,"work_desc":"3 STORY SINGLE FAMILY DWELLING WITH DECKS ON 2ND & 3RD FL & INTEGRAL GARAGE"}},{"type":"Feature","geometry":{"type":"Point","coordinates":[-79.953186,40.47915]},"properties":{"permit_id":"BP-2019-04364","address":"5177 KEYSTONE ST, Pittsburgh, PA 15201-","issue_date":"2019-09-27","completed_date":null,"status":"Completed","typology":"single_detached","units":1,"classification_confidence":"med","zon_new":"R1A-VH","neighborhood":"Upper Lawrenceville","days_to_issue":45,"days_elapsed_if_open":null,"censored":false,"same_parcel_n":1,"work_desc":"NEW 3 STORY HOUSE WITH HABITABLE BASEMENT BELOW, EXTERIOR DECK AT 1ST FLOOR AND ON TOP OF 2ND FLOOR. 2 CAR GARAGE"}},{"type":"Feature","geometry":{"type":"Point","coordinates":[-79.978418,40.429876]},"properties":{"permit_id":"BP-2019-04408","address":"1912 FOX Way, Pittsburgh, PA 15203-","issue_date":"2020-09-15","completed_date":null,"status":"Issued","typology":"single_detached","units":1,"classification_confidence":"high","zon_new":"R1A-VH","neighborhood":"South Side Flats","days_to_issue":399,"days_elapsed_if_open":null,"censored":false,"same_parcel_n":1,"work_desc":"CONSTRUCTION OF 3-STORY SINGLE FAMILY DWELLING"}},{"type":"Feature","geometry":{"type":"Point","coordinates":[-79.937396,40.448157]},"properties":{"permit_id":"BP-2019-04661","address":"5131 5TH AVE, Pittsburgh, PA 15232-","issue_date":"2020-10-14","completed_date":null,"status":"Completed","typology":"single_attached","units":1,"classification_confidence":"high","zon_new":"RM-M","neighborhood":"Shadyside","days_to_issue":425,"days_elapsed_if_open":null,"censored":false,"same_parcel_n":5,"work_desc":"CONSTRUCTION OF AN ATTACHED 3-STORY SINGLE FAMILY DWELLING WITH INTEGRAL 1-CAR GARAGE"}},{"type":"Feature","geometry":{"type":"Point","coordinates":[-79.963615,40.467268]},"properties":{"permit_id":"BP-2019-05338","address":"206 39TH ST, Pittsburgh, PA 15201-","issue_date":"2020-01-30","completed_date":null,"status":"Completed","typology":"single_detached","units":1,"classification_confidence":"high","zon_new":"LNC","neighborhood":"Lower Lawrenceville","days_to_issue":154,"days_elapsed_if_open":null,"censored":false,"same_parcel_n":1,"work_desc":"CONSTRUCTION OF 4 STORY SINGLE FAMILY DWELLING WITH ATTACHED GARAGE AND ROOFTOP DECK"}},{"type":"Feature","geometry":{"type":"Point","coordinates":[-79.927541,40.465434]},"properties":{"permit_id":"BP-2019-05455","address":"315 N SAINT CLAIR ST, Pittsburgh, PA 15206-","issue_date":"2020-12-02","completed_date":null,"status":"Completed","typology":"single_detached","units":1,"classification_confidence":"med","zon_new":"R2-M","neighborhood":"East Liberty","days_to_issue":460,"days_elapsed_if_open":null,"censored":false,"same_parcel_n":1,"work_desc":"CONSTRUCT 3-STORY HOUSE WITH BASEMENT, FRONT PORCH, REAR DECK, & FRONT ROOFTOP DECK"}},{"type":"Feature","geometry":{"type":"Point","coordinates":[-79.927498,40.465495]},"properties":{"permit_id":"BP-2019-05456","address":"317 N SAINT CLAIR ST, Pittsburgh, PA 15206-","issue_date":"2021-01-12","completed_date":null,"status":"Completed","typology":"single_detached","units":1,"classification_confidence":"med","zon_new":"R2-M","neighborhood":"East Liberty","days_to_issue":501,"days_elapsed_if_open":null,"censored":false,"same_parcel_n":1,"work_desc":"CONSTRUCT 3-STORY HOUSE WITH BASEMENT, FRONT PORCH, REAR DECK, & FRONT ROOFTOP DECK"}},{"type":"Feature","geometry":{"type":"Point","coordinates":[-79.969132,40.444564]},"properties":{"permit_id":"BP-2019-05492","address":"239 BLAKEY CT #310, Pittsburgh, PA 15219-","issue_date":"2020-01-22","completed_date":null,"status":"Completed","typology":"multi_unit_4_19","units":18,"classification_confidence":"high","zon_new":"RP","neighborhood":"Terrace Village","days_to_issue":141,"days_elapsed_if_open":null,"censored":false,"same_parcel_n":3,"work_desc":"NEW CONSTRUCTION OF A 3-STORY 18 UNIT APARTMENT BUILDING WITH BASEMENT"}},{"type":"Feature","geometry":{"type":"Point","coordinates":[-79.970501,40.444283]},"properties":{"permit_id":"BP-2019-05493","address":"10 TURRENTINE PL #208, Pittsburgh, PA 15213-","issue_date":"2020-01-22","completed_date":null,"status":"Completed","typology":"multi_unit_20plus","units":59,"classification_confidence":"high","zon_new":"RP","neighborhood":"Terrace Village","days_to_issue":141,"days_elapsed_if_open":null,"censored":false,"same_parcel_n":1,"work_desc":"CONSTRUCT A 59 UNIT 4 STORY MULTI-FAMILY DWELLING WITH SURFACE PARKING"}},{"type":"Feature","geometry":{"type":"Point","coordinates":[-79.969132,40.444564]},"properties":{"permit_id":"BP-2019-05495","address":"239 BLAKEY CT #310, Pittsburgh, PA 15219-","issue_date":"2020-01-21","completed_date":null,"status":"Completed","typology":"multi_unit_20plus","units":33,"classification_confidence":"high","zon_new":"RP","neighborhood":"Terrace Village","days_to_issue":140,"days_elapsed_if_open":null,"censored":false,"same_parcel_n":3,"work_desc":"CONSTRUCT NEW 3-STORY APARTMENT BUILDING TO INCLUDE 3 UNITS ON FIRST LEVEL, 10 UNITS ON SECOND LEVEL, 10 UNITS ON THIRD LEVEL, AND 10 UNITS ON FOUR LEVEL"}},{"type":"Feature","geometry":{"type":"Point","coordinates":[-79.969132,40.444564]},"properties":{"permit_id":"BP-2019-05496","address":"239 BLAKEY CT #310, Pittsburgh, PA 15219-","issue_date":"2020-01-17","completed_date":null,"status":"Completed","typology":"multi_unit_20plus","units":30,"classification_confidence":"high","zon_new":"RP","neighborhood":"Terrace Village","days_to_issue":136,"days_elapsed_if_open":null,"censored":false,"same_parcel_n":3,"work_desc":"CONSTRUCTION OF NEW THREE STORY WOOD FRAMED APARTMENT BUILDING"}},{"type":"Feature","geometry":{"type":"Point","coordinates":[-80.004337,40.427842]},"properties":{"permit_id":"BP-2019-05531","address":"431 NEFF ST, Pittsburgh, PA 15211-","issue_date":"2021-09-03","completed_date":null,"status":"Issued","typology":"single_detached","units":1,"classification_confidence":"high","zon_new":"P","neighborhood":"Mount Washington","days_to_issue":731,"days_elapsed_if_open":null,"censored":false,"same_parcel_n":1,"work_desc":"NEW THREE STORY SINGLE FAMILY DWELLING WITH DECKS ON 2ND & 3RD FL WITH INTEGRAL GARAGE."}},{"type":"Feature","geometry":{"type":"Point","coordinates":[-80.004517,40.427766]},"properties":{"permit_id":"BP-2019-05835","address":"437 NEFF ST, Pittsburgh, PA 15211-","issue_date":"2021-09-03","completed_date":null,"status":"Issued","typology":"single_detached","units":1,"classification_confidence":"high","zon_new":"P","neighborhood":"Mount Washington","days_to_issue":728,"days_elapsed_if_open":null,"censored":false,"same_parcel_n":1,"work_desc":"3 STORY SINGLE FAMILY DWELLING WITH DECK ON 2ND & 3RD FL WITH INTEGRAL GARAGE"}},{"type":"Feature","geometry":{"type":"Point","coordinates":[-79.976702,40.427119]},"properties":{"permit_id":"BP-2019-06027","address":"124 S 21ST ST, Pittsburgh, 15203-","issue_date":"2020-01-08","completed_date":null,"status":"Completed","typology":"single_detached","units":1,"classification_confidence":"high","zon_new":"R1A-VH","neighborhood":"South Side Flats","days_to_issue":119,"days_elapsed_if_open":null,"censored":false,"same_parcel_n":1,"work_desc":"NEW 2 STORY SINGLE FAMILY DWELLING ON EXISTING FOUNDATION"}},{"type":"Feature","geometry":{"type":"Point","coordinates":[-80.015131,40.458099]},"properties":{"permit_id":"BP-2019-06098","address":"1601 BUENA VISTA ST, Pittsburgh, PA 15212-","issue_date":"2020-11-04","completed_date":null,"status":"Completed","typology":"single_attached","units":1,"classification_confidence":"high","zon_new":"R1A-VH","neighborhood":"Central Northside","days_to_issue":420,"days_elapsed_if_open":null,"censored":false,"same_parcel_n":1,"work_desc":"CONSTRUCTION OF MODULAR 3-STORY TOWNHOUSE WITH INTEGRAL GARAGE, PRE-CAST FOUNDATION, REAR DECK AND ROOFTOP DECK"}},{"type":"Feature","geometry":{"type":"Point","coordinates":[-80.015152,40.45816]},"properties":{"permit_id":"BP-2019-06099","address":"1603 BUENA VISTA ST, Pittsburgh, PA 15212-","issue_date":"2020-11-05","completed_date":null,"status":"Completed","typology":"single_attached","units":1,"classification_confidence":"high","zon_new":"R1A-VH","neighborhood":"Central Northside","days_to_issue":421,"days_elapsed_if_open":null,"censored":false,"same_parcel_n":1,"work_desc":"CONSTRUCTION OF MODULAR 3-STORY TOWNHOUSE WITH INTEGRAL GARAGE, PRE-CAST FOUNDATION, REAR DECK AND ROOFTOP DECK"}},{"type":"Feature","geometry":{"type":"Point","coordinates":[-80.015168,40.458213]},"properties":{"permit_id":"BP-2019-06100","address":"1605 BUENA VISTA ST, Pittsburgh, PA 15212-","issue_date":"2020-11-04","completed_date":null,"status":"Completed","typology":"single_attached","units":1,"classification_confidence":"high","zon_new":"R1A-VH","neighborhood":"Central Northside","days_to_issue":420,"days_elapsed_if_open":null,"censored":false,"same_parcel_n":1,"work_desc":"CONSTRUCTION OF MODULAR 3-STORY TOWNHOUSE WITH INTEGRAL GARAGE, PRE-CAST FOUNDATION, REAR DECK AND ROOFTOP DECK"}},{"type":"Feature","geometry":{"type":"Point","coordinates":[-80.015186,40.458266]},"properties":{"permit_id":"BP-2019-06101","address":"1607 BUENA VISTA ST, Pittsburgh, PA 15212-","issue_date":"2020-11-04","completed_date":null,"status":"Completed","typology":"single_attached","units":1,"classification_confidence":"high","zon_new":"R1A-VH","neighborhood":"Central Northside","days_to_issue":420,"days_elapsed_if_open":null,"censored":false,"same_parcel_n":1,"work_desc":"CONSTRUCTION OF MODULAR 3-STORY TOWNHOUSE WITH INTEGRAL GARAGE, PRE-CAST FOUNDATION, REAR DECK AND ROOFTOP DECK"}},{"type":"Feature","geometry":{"type":"Point","coordinates":[-80.015203,40.458319]},"properties":{"permit_id":"BP-2019-06102","address":"1609 BUENA VISTA ST, Pittsburgh, PA 15212-","issue_date":"2020-11-04","completed_date":null,"status":"Completed","typology":"single_attached","units":1,"classification_confidence":"high","zon_new":"R1A-VH","neighborhood":"Central Northside","days_to_issue":420,"days_elapsed_if_open":null,"censored":false,"same_parcel_n":1,"work_desc":"CONSTRUCTION OF MODULAR 3-STORY TOWNHOUSE WITH INTEGRAL GARAGE, PRE-CAST FOUNDATION, REAR DECK AND ROOFTOP DECK"}},{"type":"Feature","geometry":{"type":"Point","coordinates":[-80.015222,40.458379]},"properties":{"permit_id":"BP-2019-06105","address":"1611 BUENA VISTA ST, Pittsburgh, PA 15212-","issue_date":"2020-11-05","completed_date":null,"status":"Completed","typology":"single_attached","units":1,"classification_confidence":"high","zon_new":"R1A-VH","neighborhood":"Central Northside","days_to_issue":421,"days_elapsed_if_open":null,"censored":false,"same_parcel_n":1,"work_desc":"CONSTRUCTION OF MODULAR 3-STORY TOWNHOUSE WITH INTEGRAL GARAGE, PRE-CAST FOUNDATION, REAR DECK AND ROOFTOP DECK"}},{"type":"Feature","geometry":{"type":"Point","coordinates":[-80.026013,40.436334]},"properties":{"permit_id":"BP-2019-06307","address":"431 SHALER ST, Pittsburgh, PA 15211-","issue_date":"2021-03-15","completed_date":null,"status":"Completed","typology":"single_detached","units":1,"classification_confidence":"high","zon_new":"R1A-H","neighborhood":"Duquesne Heights","days_to_issue":547,"days_elapsed_if_open":null,"censored":false,"same_parcel_n":1,"work_desc":"CONSTRUCTION OF MODULAR 3-STORY SINGLE FAMILY DWELLING WITH INTEGRAL GARAGE, PRE-CAST FOUNDATION"}},{"type":"Feature","geometry":{"type":"Point","coordinates":[-80.025332,40.436198]},"properties":{"permit_id":"BP-2019-06308","address":"415 CLARENCE ST, Pittsburgh, PA 15211-","issue_date":"2020-02-04","completed_date":null,"status":"Completed","typology":"single_detached","units":1,"classification_confidence":"med","zon_new":"R1A-H","neighborhood":"Duquesne Heights","days_to_issue":142,"days_elapsed_if_open":null,"censored":false,"same_parcel_n":1,"work_desc":"CONSTRUCT 3-STORY HOUSE WITH INTEGRAL PARKING & ROOFTOP DECK"}},{"type":"Feature","geometry":{"type":"Point","coordinates":[-79.982008,40.436814]},"properties":{"permit_id":"BP-2019-06395","address":"1721 LOCUST ST #302, Pittsburgh, PA 15219-","issue_date":"2020-01-29","completed_date":null,"status":"Completed","typology":"multi_unit_4_19","units":8,"classification_confidence":"high","zon_new":"UPR-B","neighborhood":"Bluff","days_to_issue":135,"days_elapsed_if_open":null,"censored":false,"same_parcel_n":1,"work_desc":"CONSTRUCTION OF THREE STORY, MASONRY VENEERED WOOD FRAMED, 8 UNIT APARTMENT BUILDING AND SITE WORK. AMENDED TO REVISE FOUNDATION DETAILS."}},{"type":"Feature","geometry":{"type":"Point","coordinates":[-79.965333,40.469568]},"properties":{"permit_id":"BP-2019-07202","address":"129 39TH ST, Pittsburgh, PA 15201-","issue_date":"2020-08-27","completed_date":null,"status":"Completed","typology":"multi_unit_20plus","units":343,"classification_confidence":"high","zon_new":"RIV-IMU","neighborhood":"Lower Lawrenceville","days_to_issue":332,"days_elapsed_if_open":null,"censored":false,"same_parcel_n":2,"work_desc":"CONSTRUCTION OF 5 STORY APARTMENT BUILDING WITH 343 UNITS"}},{"type":"Feature","geometry":{"type":"Point","coordinates":[-79.965333,40.469568]},"properties":{"permit_id":"BP-2019-07230","address":"129 39TH ST, Pittsburgh, PA 15201-","issue_date":"2020-08-25","completed_date":null,"status":"Completed","typology":"multi_unit_size_unknown","units":null,"classification_confidence":"med","zon_new":"RIV-IMU","neighborhood":"Lower Lawrenceville","days_to_issue":330,"days_elapsed_if_open":null,"censored":false,"same_parcel_n":2,"work_desc":"FOUNDATION ONLY FOR NEW 5 STORY RESIDENTIAL APARTMENT BUILDING"}},{"type":"Feature","geometry":{"type":"Point","coordinates":[-79.983834,40.454423]},"properties":{"permit_id":"BP-2019-07469","address":"2239 RAILROAD ST, Pittsburgh, 15222-","issue_date":"2020-05-04","completed_date":null,"status":"Completed","typology":"multi_unit_size_unknown","units":null,"classification_confidence":"low","zon_new":"RIV-IMU","neighborhood":"Strip District","days_to_issue":214,"days_elapsed_if_open":null,"censored":false,"same_parcel_n":3,"work_desc":"[generic: CONSTRUCT NEW BUILDING - PHASED CONSTRUCTION OF FOUNDATION & PARTIAL STRUCTURE (; same-parcel BP-2020-02808] CONSTRUCTION TO COMPLETION OF 7 STORY APA"}},{"type":"Feature","geometry":{"type":"Point","coordinates":[-79.981694,40.436843]},"properties":{"permit_id":"BP-2019-07739","address":"308 MILTENBERGER ST #302, Pittsburgh, PA 15219-","issue_date":"2020-01-29","completed_date":null,"status":"Completed","typology":"multi_unit_4_19","units":8,"classification_confidence":"high","zon_new":"UPR-B","neighborhood":"Bluff","days_to_issue":112,"days_elapsed_if_open":null,"censored":false,"same_parcel_n":1,"work_desc":"CONSTRUCT NEW 3 STORY STRUCTURE WITH 8 DWELLING UNITS"}},{"type":"Feature","geometry":{"type":"Point","coordinates":[-79.952988,40.465817]},"properties":{"permit_id":"BP-2019-08465","address":"4412 PENN AVE, Pittsburgh, PA 15224-","issue_date":"2020-01-31","completed_date":null,"status":"Completed","typology":"multi_unit_size_unknown","units":null,"classification_confidence":"med","zon_new":"LNC","neighborhood":"Bloomfield","days_to_issue":101,"days_elapsed_if_open":null,"censored":false,"same_parcel_n":1,"work_desc":"MINOR EXTERIOR WORK, INTERIOR RENOVATIONS TO CONVERT STRUCTURE INTO APARTMENTS"}},{"type":"Feature","geometry":{"type":"Point","coordinates":[-80.042208,40.413373]},"properties":{"permit_id":"BP-2019-08525","address":"1354 CARNAHAN RD, Pittsburgh, PA 15220-","issue_date":"2019-11-12","completed_date":null,"status":"Completed","typology":"single_detached","units":1,"classification_confidence":"high","zon_new":"R1D-L","neighborhood":"Banksville","days_to_issue":20,"days_elapsed_if_open":null,"censored":false,"same_parcel_n":1,"work_desc":"NEW 2 STORY SINGLE FAMILY DWELLING WITH 2 CAR GARAGE WITH A PORCH IN THE FRONT AND PATIO IN THE BACK."}},{"type":"Feature","geometry":{"type":"Point","coordinates":[-79.966902,40.439709]},"properties":{"permit_id":"BP-2019-08660","address":"110 BURROWS ST, Pittsburgh, PA 15213-","issue_date":"2020-03-13","completed_date":null,"status":"Completed","typology":"single_attached","units":1,"classification_confidence":"high","zon_new":"R1A-H","neighborhood":"West Oakland","days_to_issue":140,"days_elapsed_if_open":null,"censored":false,"same_parcel_n":1,"work_desc":"CONSTRUCTION OF NEW 3-STORY TOWNHOUSE IN ROW OF 10 TOWNHOUSES WITH INTEGRAL 1-CAR GARAGE"}},{"type":"Feature","geometry":{"type":"Point","coordinates":[-79.966893,40.439653]},"properties":{"permit_id":"BP-2019-08661","address":"112 BURROWS ST, Pittsburgh, PA 15213-","issue_date":"2020-03-13","completed_date":null,"status":"Completed","typology":"single_attached","units":1,"classification_confidence":"high","zon_new":"R1A-H","neighborhood":"West Oakland","days_to_issue":140,"days_elapsed_if_open":null,"censored":false,"same_parcel_n":1,"work_desc":"CONSTRUCTION OF NEW 3-STORY TOWNHOUSE IN A ROW OF 10 TOWNHOUSES WITH INTEGRAL 1-CAR GARAGE"}},{"type":"Feature","geometry":{"type":"Point","coordinates":[-79.966882,40.439605]},"properties":{"permit_id":"BP-2019-08662","address":"114 BURROWS ST, Pittsburgh, PA 15213-","issue_date":"2020-03-13","completed_date":null,"status":"Completed","typology":"single_attached","units":1,"classification_confidence":"high","zon_new":"R1A-H","neighborhood":"West Oakland","days_to_issue":140,"days_elapsed_if_open":null,"censored":false,"same_parcel_n":1,"work_desc":"CONSTRUCTION OF NEW 3-STORY TOWNHOUSE IN A ROW OF 10 TOWNHOUSES WITH INTEGRAL 1-CAR GARAGE"}},{"type":"Feature","geometry":{"type":"Point","coordinates":[-79.96687,40.439557]},"properties":{"permit_id":"BP-2019-08663","address":"116 BURROWS ST, Pittsburgh, PA 15213-","issue_date":"2020-03-17","completed_date":null,"status":"Completed","typology":"single_attached","units":1,"classification_confidence":"high","zon_new":"R1A-H","neighborhood":"West Oakland","days_to_issue":144,"days_elapsed_if_open":null,"censored":false,"same_parcel_n":1,"work_desc":"CONSTRUCTION OF NEW 3-STORY TOWNHOUSE IN A ROW OF 10 TOWNHOUSES WITH INTEGRAL 1-CAR GARAGE"}},{"type":"Feature","geometry":{"type":"Point","coordinates":[-79.966859,40.439508]},"properties":{"permit_id":"BP-2019-08664","address":"118 BURROWS ST, Pittsburgh, PA 15213-","issue_date":"2020-03-17","completed_date":null,"status":"Completed","typology":"single_attached","units":1,"classification_confidence":"high","zon_new":"R1A-H","neighborhood":"West Oakland","days_to_issue":144,"days_elapsed_if_open":null,"censored":false,"same_parcel_n":1,"work_desc":"CONSTRUCTION OF NEW 3-STORY TOWNHOUSE IN A ROW OF 10 TOWNHOUSES WITH INTEGRAL 1-CAR GARAGE"}},{"type":"Feature","geometry":{"type":"Point","coordinates":[-79.966846,40.439459]},"properties":{"permit_id":"BP-2019-08665","address":"120 BURROWS ST, Pittsburgh, PA 15213-","issue_date":"2020-03-17","completed_date":null,"status":"Completed","typology":"single_attached","units":1,"classification_confidence":"high","zon_new":"R1A-H","neighborhood":"West Oakland","days_to_issue":144,"days_elapsed_if_open":null,"censored":false,"same_parcel_n":1,"work_desc":"CONSTRUCTION OF NEW 3-STORY TOWNHOUSE IN A ROW OF 10 TOWNHOUSES WITH INTEGRAL 1-CAR GARAGE"}},{"type":"Feature","geometry":{"type":"Point","coordinates":[-79.966834,40.439411]},"properties":{"permit_id":"BP-2019-08734","address":"122 BURROWS ST, Pittsburgh, PA 15213-","issue_date":"2020-03-17","completed_date":null,"status":"Completed","typology":"single_attached","units":1,"classification_confidence":"high","zon_new":"R1A-H","neighborhood":"West Oakland","days_to_issue":143,"days_elapsed_if_open":null,"censored":false,"same_parcel_n":1,"work_desc":"CONSTRUCTION OF NEW 3-STORY TOWNHOUSE IN A ROW OF 10 TOWNHOUSES WITH INTEGRAL 1-CAR GARAGE"}},{"type":"Feature","geometry":{"type":"Point","coordinates":[-79.966823,40.439362]},"properties":{"permit_id":"BP-2019-08735","address":"124 BURROWS ST, Pittsburgh, PA 15213-","issue_date":"2020-03-17","completed_date":null,"status":"Completed","typology":"single_attached","units":1,"classification_confidence":"high","zon_new":"R1A-H","neighborhood":"West Oakland","days_to_issue":143,"days_elapsed_if_open":null,"censored":false,"same_parcel_n":1,"work_desc":"CONSTRUCTION OF NEW 3-STORY TOWNHOUSE IN A ROW OF 10 TOWNHOUSES WITH INTEGRAL 1-CAR GARAGE"}},{"type":"Feature","geometry":{"type":"Point","coordinates":[-79.966811,40.439314]},"properties":{"permit_id":"BP-2019-08736","address":"126 BURROWS ST, Pittsburgh, PA 15213-","issue_date":"2020-03-17","completed_date":null,"status":"Completed","typology":"single_attached","units":1,"classification_confidence":"high","zon_new":"R1A-H","neighborhood":"West Oakland","days_to_issue":143,"days_elapsed_if_open":null,"censored":false,"same_parcel_n":1,"work_desc":"CONSTRUCTION OF NEW 3-STORY TOWNHOUSE IN A ROW OF 10 TOWNHOUSES WITH INTEGRAL 1-CAR GARAGE"}},{"type":"Feature","geometry":{"type":"Point","coordinates":[-79.966799,40.439265]},"properties":{"permit_id":"BP-2019-08738","address":"128 BURROWS ST, Pittsburgh, PA 15213-","issue_date":"2020-03-17","completed_date":null,"status":"Completed","typology":"single_attached","units":1,"classification_confidence":"high","zon_new":"R1A-H","neighborhood":"West Oakland","days_to_issue":143,"days_elapsed_if_open":null,"censored":false,"same_parcel_n":1,"work_desc":"CONSTRUCTION OF NEW 3-STORY TOWNHOUSE IN A ROW OF 10 TOWNHOUSES WITH INTEGRAL 1-CAR GARAGE"}},{"type":"Feature","geometry":{"type":"Point","coordinates":[-79.966774,40.439163]},"properties":{"permit_id":"BP-2019-08739","address":"132 BURROWS ST, Pittsburgh, PA 15213-","issue_date":"2020-03-17","completed_date":null,"status":"Completed","typology":"single_attached","units":1,"classification_confidence":"high","zon_new":"R1A-H","neighborhood":"West Oakland","days_to_issue":143,"days_elapsed_if_open":null,"censored":false,"same_parcel_n":1,"work_desc":"CONSTRUCTION OF NEW 3-STORY TOWNHOUSE WITH INTEGRAL 1-CAR GARAGE"}},{"type":"Feature","geometry":{"type":"Point","coordinates":[-79.966762,40.439114]},"properties":{"permit_id":"BP-2019-08740","address":"134 BURROWS ST, Pittsburgh, PA 15213-","issue_date":"2020-03-17","completed_date":null,"status":"Completed","typology":"single_attached","units":1,"classification_confidence":"high","zon_new":"R1A-H","neighborhood":"West Oakland","days_to_issue":143,"days_elapsed_if_open":null,"censored":false,"same_parcel_n":1,"work_desc":"CONSTRUCTION OF NEW 3-STORY TOWNHOUSE WITH INTEGRAL 1-CAR GARAGE"}},{"type":"Feature","geometry":{"type":"Point","coordinates":[-79.96675,40.439066]},"properties":{"permit_id":"BP-2019-08741","address":"136 BURROWS ST, Pittsburgh, PA 15213-","issue_date":"2020-03-13","completed_date":null,"status":"Completed","typology":"single_attached","units":1,"classification_confidence":"high","zon_new":"R1A-H","neighborhood":"West Oakland","days_to_issue":139,"days_elapsed_if_open":null,"censored":false,"same_parcel_n":1,"work_desc":"CONSTRUCTION OF NEW 3-STORY TOWNHOUSE WITH INTEGRAL 1-CAR GARAGE"}},{"type":"Feature","geometry":{"type":"Point","coordinates":[-79.966739,40.43901]},"properties":{"permit_id":"BP-2019-08803","address":"138 BURROWS ST, Pittsburgh, PA 15213-","issue_date":"2020-03-13","completed_date":null,"status":"Completed","typology":"single_attached","units":1,"classification_confidence":"high","zon_new":"R1A-H","neighborhood":"West Oakland","days_to_issue":137,"days_elapsed_if_open":null,"censored":false,"same_parcel_n":1,"work_desc":"CONSTRUCTION OF NEW 3-STORY TOWNHOUSE WITH INTEGRAL 1-CAR GARAGE"}},{"type":"Feature","geometry":{"type":"Point","coordinates":[-79.96354,40.467214]},"properties":{"permit_id":"BP-2019-08989","address":"208 39TH ST, Pittsburgh, PA 15201-","issue_date":"2020-01-30","completed_date":null,"status":"Completed","typology":"single_detached","units":1,"classification_confidence":"high","zon_new":"LNC","neighborhood":"Lower Lawrenceville","days_to_issue":92,"days_elapsed_if_open":null,"censored":false,"same_parcel_n":1,"work_desc":"CONSTRUCTION OF 4 STORY SINGLE-FAMILY DWELLING WITH SECOND STORY DECK, FOURTH STORY ROOF DECK AND INTEGRAL GARAGE"}},{"type":"Feature","geometry":{"type":"Point","coordinates":[-79.937396,40.448157]},"properties":{"permit_id":"BP-2019-09342","address":"5131 5TH AVE, Pittsburgh, PA 15232-","issue_date":"2020-10-14","completed_date":null,"status":"Completed","typology":"single_attached","units":1,"classification_confidence":"high","zon_new":"RM-M","neighborhood":"Shadyside","days_to_issue":344,"days_elapsed_if_open":null,"censored":false,"same_parcel_n":5,"work_desc":"CONSTRUCTION OF A 4-STORY TOWNHOUSE WITH 2 CAR INTEGRAL GARAGE"}},{"type":"Feature","geometry":{"type":"Point","coordinates":[-79.937396,40.448157]},"properties":{"permit_id":"BP-2019-09343","address":"5131 5TH AVE, Pittsburgh, PA 15232-","issue_date":"2020-10-14","completed_date":null,"status":"Completed","typology":"single_attached","units":1,"classification_confidence":"high","zon_new":"RM-M","neighborhood":"Shadyside","days_to_issue":344,"days_elapsed_if_open":null,"censored":false,"same_parcel_n":5,"work_desc":"CONSTRUCTION OF A 4-STORY TOWNHOUSE WITH 2 CAR INTEGRAL GARAGE"}},{"type":"Feature","geometry":{"type":"Point","coordinates":[-79.937396,40.448157]},"properties":{"permit_id":"BP-2019-09344","address":"5131 5TH AVE, Pittsburgh, PA 15232-","issue_date":"2020-10-14","completed_date":null,"status":"Completed","typology":"single_attached","units":1,"classification_confidence":"high","zon_new":"RM-M","neighborhood":"Shadyside","days_to_issue":344,"days_elapsed_if_open":null,"censored":false,"same_parcel_n":5,"work_desc":"CONSTRUCTION OF A 4-STORY TOWNHOUSE WITH 2 CAR INTEGRAL GARAGE"}},{"type":"Feature","geometry":{"type":"Point","coordinates":[-79.937396,40.448157]},"properties":{"permit_id":"BP-2019-09345","address":"5131 5TH AVE, Pittsburgh, PA 15232-","issue_date":"2020-10-14","completed_date":null,"status":"Completed","typology":"single_attached","units":1,"classification_confidence":"high","zon_new":"RM-M","neighborhood":"Shadyside","days_to_issue":344,"days_elapsed_if_open":null,"censored":false,"same_parcel_n":5,"work_desc":"CONSTRUCTION OF A 4-STORY TOWNHOUSE WITH 2 CAR INTEGRAL GARAGE"}},{"type":"Feature","geometry":{"type":"Point","coordinates":[-80.025378,40.436124]},"properties":{"permit_id":"BP-2019-09389","address":"419 CLARENCE ST, Pittsburgh, PA 15211-","issue_date":"2020-08-25","completed_date":null,"status":"Completed","typology":"single_detached","units":1,"classification_confidence":"high","zon_new":"R1A-H","neighborhood":"Duquesne Heights","days_to_issue":293,"days_elapsed_if_open":null,"censored":false,"same_parcel_n":1,"work_desc":"NEW SINGLE FAMILY DWELLING"}},{"type":"Feature","geometry":{"type":"Point","coordinates":[-79.963716,40.467335]},"properties":{"permit_id":"BP-2019-09676","address":"204 39TH ST, Pittsburgh, PA 15201-","issue_date":"2020-01-30","completed_date":null,"status":"Completed","typology":"single_detached","units":1,"classification_confidence":"high","zon_new":"LNC","neighborhood":"Lower Lawrenceville","days_to_issue":79,"days_elapsed_if_open":null,"censored":false,"same_parcel_n":1,"work_desc":"CONSTRUCTION OF 4 STORY SINGLE-FAMILY DWELLING WITH FOURTH STORY ROOF DECK AND INTEGRAL GARAGE"}},{"type":"Feature","geometry":{"type":"Point","coordinates":[-79.945831,40.447613]},"properties":{"permit_id":"BP-2019-10470","address":"4735 5TH AVE, Pittsburgh, PA 15213-","issue_date":"2020-02-12","completed_date":null,"status":"Completed","typology":"other_group","units":null,"classification_confidence":"med","zon_new":"EMI","neighborhood":"Shadyside","days_to_issue":77,"days_elapsed_if_open":null,"censored":false,"same_parcel_n":1,"work_desc":"NEW BUILDING PHASED CONSTRUCTION - CONSTRUCT FOUNDATION AND SUPERSTRUCTURE OF NEW 6 STORY DORMITORY"}},{"type":"Feature","geometry":{"type":"Point","coordinates":[-79.950866,40.478084]},"properties":{"permit_id":"BP-2019-10867","address":"713 52ND ST, Pittsburgh, PA 15201-","issue_date":"2020-08-28","completed_date":null,"status":"Issued","typology":"single_detached","units":1,"classification_confidence":"med","zon_new":"R1A-VH","neighborhood":"Upper Lawrenceville","days_to_issue":266,"days_elapsed_if_open":null,"censored":false,"same_parcel_n":1,"work_desc":"CONSTRUCTION OF NEW 4 STORY MASONRY AND WOOD FRAMED DWELLING."}},{"type":"Feature","geometry":{"type":"Point","coordinates":[-79.966161,40.424712]},"properties":{"permit_id":"BP-2019-11185","address":"2830 LARKINS Way, Pittsburgh, PA 15203-","issue_date":"2020-05-12","completed_date":null,"status":"Completed","typology":"single_detached","units":1,"classification_confidence":"high","zon_new":"R2-VH","neighborhood":"South Side Flats","days_to_issue":152,"days_elapsed_if_open":null,"censored":false,"same_parcel_n":1,"work_desc":"NEW 3 STORY SINGLE FAMILY DWELLING"}},{"type":"Feature","geometry":{"type":"Point","coordinates":[-79.982103,40.438632]},"properties":{"permit_id":"BP-2019-11431","address":"1709 5TH AVE #101, Pittsburgh, PA 15219-","issue_date":"2020-09-16","completed_date":null,"status":"Completed","typology":"multi_unit_size_unknown","units":null,"classification_confidence":"med","zon_new":"UPR-A","neighborhood":"Crawford-Roberts","days_to_issue":273,"days_elapsed_if_open":null,"censored":false,"same_parcel_n":1,"work_desc":"CONSTRUCT NEW 6 STORY APARTMENT BUILDING"}},{"type":"Feature","geometry":{"type":"Point","coordinates":[-79.910188,40.455319]},"properties":{"permit_id":"BP-2019-11750","address":"6706 MCPHERSON BLVD, Pittsburgh, 15208-","issue_date":"2020-03-10","completed_date":null,"status":"Completed","typology":"single_detached","units":1,"classification_confidence":"high","zon_new":"R1D-L","neighborhood":"Point Breeze North","days_to_issue":71,"days_elapsed_if_open":null,"censored":false,"same_parcel_n":1,"work_desc":"NEW 3-STORY SINGLE FAMILY MODULAR DWELLING"}},{"type":"Feature","geometry":{"type":"Point","coordinates":[-80.019784,40.43877]},"properties":{"permit_id":"BP-2020-01125","address":"1318 GRANDVIEW AVE, Pittsburgh, PA 15211","issue_date":"2020-07-15","completed_date":null,"status":"Issued","typology":"single_detached","units":1,"classification_confidence":"high","zon_new":"GPRC","neighborhood":"Duquesne Heights","days_to_issue":175,"days_elapsed_if_open":null,"censored":false,"same_parcel_n":2,"work_desc":"NEW DEEP FOUNDATION IN FOOTPRINT OF EXISTING FOUNDATION FOR; FOUNDATION, SUPERSTRUCTURE, AND BUILDING ENVELOPE (CORE + SHELL) TO PROVIDE WEATHER ENVELOPE OF PHA"}},{"type":"Feature","geometry":{"type":"Point","coordinates":[-79.941917,40.422327]},"properties":{"permit_id":"BP-2020-01206","address":"4232 LYDIA ST, Pittsburgh, 15207-","issue_date":"2020-05-15","completed_date":null,"status":"Completed","typology":"single_detached","units":1,"classification_confidence":"high","zon_new":"R1D-H","neighborhood":"Greenfield","days_to_issue":113,"days_elapsed_if_open":null,"censored":false,"same_parcel_n":1,"work_desc":"NEW 2 STORY SINGLE FAMILY DWELLING WITH PORCH IN THE FRONT."}},{"type":"Feature","geometry":{"type":"Point","coordinates":[-79.962342,40.46268]},"properties":{"permit_id":"BP-2020-01603","address":"502 37TH ST, Pittsburgh, PA 15201-","issue_date":"2021-01-20","completed_date":null,"status":"Completed","typology":"single_detached","units":1,"classification_confidence":"high","zon_new":"P","neighborhood":"Lower Lawrenceville","days_to_issue":355,"days_elapsed_if_open":null,"censored":false,"same_parcel_n":1,"work_desc":"CONSTRUCTION OF NEW 3-STORY SINGLE FAMILY DWELLING WITH ROOFTOP DECK AND INTEGRAL 2-CAR GARAGE"}},{"type":"Feature","geometry":{"type":"Point","coordinates":[-79.997599,40.443302]},"properties":{"permit_id":"BP-2020-01636","address":"913 LIBERTY AVE, Pittsburgh, PA 15222-","issue_date":"2020-07-24","completed_date":null,"status":"Completed","typology":"multi_unit_size_unknown","units":null,"classification_confidence":"med","zon_new":"GT-C","neighborhood":"Central Business District","days_to_issue":175,"days_elapsed_if_open":null,"censored":false,"same_parcel_n":1,"work_desc":"GUT REMODEL, CONSTRUCT ROOF DECK AND STAIR/ELEVATOR PENTHOUSE, AND CONVERSION OF BUILDING INTO APARTMENTS AMENDMENT: MODIFIED FOR SINGLE STAIR FLOORS 2-5 REVISE"}},{"type":"Feature","geometry":{"type":"Point","coordinates":[-79.955237,40.478243]},"properties":{"permit_id":"BP-2020-01919","address":"5114 STANTON AVE, Pittsburgh, PA 15201-","issue_date":"2020-06-12","completed_date":null,"status":"Completed","typology":"single_detached","units":1,"classification_confidence":"high","zon_new":"LNC","neighborhood":"Upper Lawrenceville","days_to_issue":127,"days_elapsed_if_open":null,"censored":false,"same_parcel_n":1,"work_desc":"NEW SINGLE FAMILY DWELLING WITH INTEGRAL GARAGE & DECK."}},{"type":"Feature","geometry":{"type":"Point","coordinates":[-79.963832,40.466221]},"properties":{"permit_id":"BP-2020-02074","address":"222 38TH ST, Pittsburgh, PA 15201-","issue_date":"2020-06-24","completed_date":null,"status":"Completed","typology":"single_attached","units":1,"classification_confidence":"high","zon_new":"R1A-H","neighborhood":"Lower Lawrenceville","days_to_issue":135,"days_elapsed_if_open":null,"censored":false,"same_parcel_n":1,"work_desc":"CONSTRUCT NEW THREE STORY ATTACHED TOWNHOUSE WITH INTEGRAL GARAGE WITH ROOFTOP DECK, DECK AT GRADE, AND ROOFTOP DECK AT DWELLING UNIT"}},{"type":"Feature","geometry":{"type":"Point","coordinates":[-79.963781,40.466181]},"properties":{"permit_id":"BP-2020-02077","address":"224 38TH ST, Pittsburgh, PA 15201-","issue_date":"2020-06-24","completed_date":null,"status":"Completed","typology":"single_attached","units":1,"classification_confidence":"high","zon_new":"R1A-H","neighborhood":"Lower Lawrenceville","days_to_issue":135,"days_elapsed_if_open":null,"censored":false,"same_parcel_n":1,"work_desc":"CONSTRUCT NEW THREE STORY ATTACHED TOWNHOUSE WITH INTEGRAL GARAGE WITH ROOFTOP DECK, DECK AT GRADE, AND ROOFTOP DECK AT DWELLING UNIT"}},{"type":"Feature","geometry":{"type":"Point","coordinates":[-79.96373,40.46614]},"properties":{"permit_id":"BP-2020-02078","address":"226 38TH ST, Pittsburgh, PA 15201-","issue_date":"2020-06-24","completed_date":null,"status":"Completed","typology":"single_attached","units":1,"classification_confidence":"high","zon_new":"R1A-H","neighborhood":"Lower Lawrenceville","days_to_issue":135,"days_elapsed_if_open":null,"censored":false,"same_parcel_n":1,"work_desc":"CONSTRUCT NEW THREE STORY ATTACHED TOWNHOUSE WITH INTEGRAL GARAGE WITH ROOFTOP DECK, DECK AT GRADE, AND ROOFTOP DECK AT DWELLING UNIT"}},{"type":"Feature","geometry":{"type":"Point","coordinates":[-79.926078,40.467861]},"properties":{"permit_id":"BP-2020-02120","address":"513 N SAINT CLAIR ST, Pittsburgh, PA 15206-","issue_date":"2020-10-05","completed_date":null,"status":"Completed","typology":"single_detached","units":1,"classification_confidence":"high","zon_new":"R2-H","neighborhood":"East Liberty","days_to_issue":237,"days_elapsed_if_open":null,"censored":false,"same_parcel_n":1,"work_desc":"NEW CONSTRUCTION OF 3 STORY SINGLE FAMILY DWELLING WITH REAR DECK AT GROUND AND THIRD LEVELS, AND ONE STORY GARAGE AT REAR."}},{"type":"Feature","geometry":{"type":"Point","coordinates":[-79.926122,40.467797]},"properties":{"permit_id":"BP-2020-02121","address":"511 N SAINT CLAIR ST, Pittsburgh, PA 15206-","issue_date":"2020-10-01","completed_date":null,"status":"Completed","typology":"single_detached","units":1,"classification_confidence":"high","zon_new":"R2-H","neighborhood":"East Liberty","days_to_issue":233,"days_elapsed_if_open":null,"censored":false,"same_parcel_n":1,"work_desc":"NEW CONSTRUCTION OF 3 STORY SINGLE FAMILY DWELLING WITH REAR DECK AT GROUND AND THIRD LEVELS AND ONE STORY GARAGE AT REAR"}},{"type":"Feature","geometry":{"type":"Point","coordinates":[-79.912921,40.465052]},"properties":{"permit_id":"BP-2020-02123","address":"132 WINSLOW ST, Pittsburgh, PA 15206-","issue_date":"2020-12-10","completed_date":null,"status":"Completed","typology":"multi_unit_4_19","units":4,"classification_confidence":"high","zon_new":"LNC","neighborhood":"Larimer","days_to_issue":303,"days_elapsed_if_open":null,"censored":false,"same_parcel_n":4,"work_desc":"NEW CONSTRUCTION OF 4 UNIT APARTMENT BUILDING"}},{"type":"Feature","geometry":{"type":"Point","coordinates":[-79.912921,40.465052]},"properties":{"permit_id":"BP-2020-02125","address":"132 WINSLOW ST, Pittsburgh, PA 15206-","issue_date":"2020-12-10","completed_date":null,"status":"Completed","typology":"single_attached","units":1,"classification_confidence":"high","zon_new":"LNC","neighborhood":"Larimer","days_to_issue":303,"days_elapsed_if_open":null,"censored":false,"same_parcel_n":4,"work_desc":"NEW CONSTRUCTION OF SINGLE FAMILY ATTACHED DWELLING"}},{"type":"Feature","geometry":{"type":"Point","coordinates":[-79.912921,40.465052]},"properties":{"permit_id":"BP-2020-02126","address":"132 WINSLOW ST, Pittsburgh, PA 15206-","issue_date":"2020-12-10","completed_date":null,"status":"Completed","typology":"single_attached","units":1,"classification_confidence":"high","zon_new":"LNC","neighborhood":"Larimer","days_to_issue":303,"days_elapsed_if_open":null,"censored":false,"same_parcel_n":4,"work_desc":"NEW CONSTRUCTION OF SINGLE FAMILY ATTACHED DWELLING"}},{"type":"Feature","geometry":{"type":"Point","coordinates":[-79.912921,40.465052]},"properties":{"permit_id":"BP-2020-02127","address":"132 WINSLOW ST, Pittsburgh, PA 15206-","issue_date":"2020-12-10","completed_date":null,"status":"Completed","typology":"single_attached","units":1,"classification_confidence":"high","zon_new":"LNC","neighborhood":"Larimer","days_to_issue":303,"days_elapsed_if_open":null,"censored":false,"same_parcel_n":4,"work_desc":"NEW CONSTRUCTION OF 3 SINGLE FAMILY ATTACHED DWELLING"}},{"type":"Feature","geometry":{"type":"Point","coordinates":[-79.957641,40.477197]},"properties":{"permit_id":"BP-2020-02295","address":"4837 BLACKBERRY Way, Pittsburgh, PA 15201-","issue_date":"2020-05-21","completed_date":null,"status":"Completed","typology":"single_detached","units":1,"classification_confidence":"med","zon_new":"R1A-VH","neighborhood":"Central Lawrenceville","days_to_issue":98,"days_elapsed_if_open":null,"censored":false,"same_parcel_n":1,"work_desc":"CONSTRUCTION OF THREE STORY CONCRETE AND WOOD FRAMED DWELLING WITH ROOF DECK"}},{"type":"Feature","geometry":{"type":"Point","coordinates":[-80.024514,40.45801]},"properties":{"permit_id":"BP-2020-02459","address":"1227 COLUMBUS AVE, Pittsburgh, 15233-","issue_date":"2020-06-03","completed_date":null,"status":"Completed","typology":"single_detached","units":1,"classification_confidence":"high","zon_new":"R1A-VH","neighborhood":"Manchester","days_to_issue":106,"days_elapsed_if_open":null,"censored":false,"same_parcel_n":1,"work_desc":"2 STORY SINGLE FAMILY DWELLING WITH DETACHED GARAGE"}},{"type":"Feature","geometry":{"type":"Point","coordinates":[-79.979469,40.44465]},"properties":{"permit_id":"BP-2020-02630","address":"2033 CENTRE AVE, Pittsburgh, PA 15219","issue_date":"2021-04-13","completed_date":null,"status":"Completed","typology":"multi_unit_20plus","units":40,"classification_confidence":"med","zon_new":"LNC","neighborhood":"Middle Hill","days_to_issue":417,"days_elapsed_if_open":null,"censored":false,"same_parcel_n":1,"work_desc":"CONSTRUCTION OF MIXED USE 5 STORY PEDESTAL BUILDING AND 42 CAR PARKING LOT"}},{"type":"Feature","geometry":{"type":"Point","coordinates":[-79.891547,40.451801]},"properties":{"permit_id":"BP-2020-02805","address":"520 N BRADDOCK AVE, Pittsburgh, PA 15208-","issue_date":"2021-04-15","completed_date":null,"status":"Completed","typology":"single_detached","units":1,"classification_confidence":"high","zon_new":"UI","neighborhood":"Homewood South","days_to_issue":415,"days_elapsed_if_open":null,"censored":false,"same_parcel_n":1,"work_desc":"CONSTRUCTION OF A 2-STORY SINGLE FAMILY DWELLING WITH FRONT PORCH"}},{"type":"Feature","geometry":{"type":"Point","coordinates":[-79.983834,40.454423]},"properties":{"permit_id":"BP-2020-02808","address":"2239 RAILROAD ST, Pittsburgh, 15222-","issue_date":"2020-09-04","completed_date":null,"status":"Completed","typology":"multi_unit_20plus","units":220,"classification_confidence":"high","zon_new":"RIV-IMU","neighborhood":"Strip District","days_to_issue":192,"days_elapsed_if_open":null,"censored":false,"same_parcel_n":3,"work_desc":"CONSTRUCTION TO COMPLETION OF 7 STORY APARTMENT BUILDING WITH PARKING, OFFICE, AND RETAIL SPACE. THIS PHASE TO INCLUDE ALL NON FOUNDATION AND STEEL WORK. - AMEN"}},{"type":"Feature","geometry":{"type":"Point","coordinates":[-79.891621,40.451702]},"properties":{"permit_id":"BP-2020-02850","address":"518 N BRADDOCK AVE, Pittsburgh, PA 15208-","issue_date":"2021-05-03","completed_date":null,"status":"Completed","typology":"single_detached","units":1,"classification_confidence":"high","zon_new":"UI","neighborhood":"Homewood South","days_to_issue":432,"days_elapsed_if_open":null,"censored":false,"same_parcel_n":1,"work_desc":"Construct new detached 2 stories, 3 bedrooms, single family dwelling"}},{"type":"Feature","geometry":{"type":"Point","coordinates":[-79.891693,40.451602]},"properties":{"permit_id":"BP-2020-02853","address":"516 N BRADDOCK AVE, Pittsburgh, PA 15208-","issue_date":"2021-04-15","completed_date":null,"status":"Completed","typology":"single_detached","units":1,"classification_confidence":"high","zon_new":"UI","neighborhood":"Homewood South","days_to_issue":414,"days_elapsed_if_open":null,"censored":false,"same_parcel_n":1,"work_desc":"CONSTRUCTION OF A 2-STORY SINGLE FAMILY DWELLING WITH FRONT PORCH"}},{"type":"Feature","geometry":{"type":"Point","coordinates":[-79.93044,40.487755]},"properties":{"permit_id":"BP-2020-02907","address":"6512 ADELPHIA ST, Pittsburgh, PA 15206-","issue_date":"2020-05-11","completed_date":null,"status":"Completed","typology":"single_detached","units":1,"classification_confidence":"med","zon_new":"R1D-L","neighborhood":"Stanton Heights","days_to_issue":74,"days_elapsed_if_open":null,"censored":false,"same_parcel_n":1,"work_desc":"CONSTRUCTION OF 3 STORY MODULAR HOME WITH SITE BUILT ROOF DECK AND INTEGRAL ONE-CAR GARAGE"}},{"type":"Feature","geometry":{"type":"Point","coordinates":[-79.91938,40.455755]},"properties":{"permit_id":"BP-2020-02992","address":"313 DENNISTON ST, Pittsburgh, PA 15206-","issue_date":"2021-02-16","completed_date":null,"status":"Completed","typology":"single_detached","units":1,"classification_confidence":"med","zon_new":"R1A-H","neighborhood":"Shadyside","days_to_issue":354,"days_elapsed_if_open":null,"censored":false,"same_parcel_n":1,"work_desc":"BUILD 3-STORY HOUSE (NO BASEMENT)"}},{"type":"Feature","geometry":{"type":"Point","coordinates":[-80.02302,40.436808]},"properties":{"permit_id":"BP-2020-03148","address":"325 AUGUSTA ST, Pittsburgh, PA 15211-","issue_date":"2020-06-26","completed_date":null,"status":"Completed","typology":"single_detached","units":1,"classification_confidence":"high","zon_new":"R1A-H","neighborhood":"Duquesne Heights","days_to_issue":115,"days_elapsed_if_open":null,"censored":false,"same_parcel_n":1,"work_desc":"NEW 3 STORY SINGLE FAMILY DWELLING WITH INTEGRAL 2 CAR GARAGE. AMENDMENT TO ALLOW FIRE-TREATED PLYWOOD TO BE RUN HORIZONTALLY WITHOUT BLOCKING."}},{"type":"Feature","geometry":{"type":"Point","coordinates":[-79.931073,40.437385]},"properties":{"permit_id":"BP-2020-03437","address":"1712 MURDOCH RD, Pittsburgh, PA 15217-","issue_date":"2020-08-06","completed_date":null,"status":"Completed","typology":"single_detached","units":1,"classification_confidence":"high","zon_new":"R1D-VL","neighborhood":"Squirrel Hill South","days_to_issue":154,"days_elapsed_if_open":null,"censored":false,"same_parcel_n":1,"work_desc":"CONSTRUCT NEW TWO STORY, DETACHED SINGLE FAMILY DWELLING WITH INTEGRAL GARAGE, EXTERIOR DECKS AND RETAINING WALL"}},{"type":"Feature","geometry":{"type":"Point","coordinates":[-80.025858,40.436119]},"properties":{"permit_id":"BP-2020-03706","address":"422 CLARENCE ST, Pittsburgh, PA 15211-","issue_date":"2020-08-12","completed_date":null,"status":"Completed","typology":"single_detached","units":1,"classification_confidence":"high","zon_new":"R1A-H","neighborhood":"Duquesne Heights","days_to_issue":154,"days_elapsed_if_open":null,"censored":false,"same_parcel_n":1,"work_desc":"NEW 3 STORY SINGLE FAMILY DWELLING WITH INTEGRAL GARAGE AND ROOF DECK"}},{"type":"Feature","geometry":{"type":"Point","coordinates":[-79.966547,40.456875]},"properties":{"permit_id":"BP-2020-03851","address":"3115 BRERETON ST, Pittsburgh, 15219-","issue_date":"2021-01-20","completed_date":null,"status":"Completed","typology":"single_detached","units":1,"classification_confidence":"high","zon_new":"LNC","neighborhood":"Polish Hill","days_to_issue":314,"days_elapsed_if_open":null,"censored":false,"same_parcel_n":1,"work_desc":"NEW THREE (3) STORY SINGLE FAMILY DWELLING WITH 5'x23' DECK OFF the SECOND FLOOR AT REAR, 5'X23' DECK OFF the THIRD FLOOR AT REAR, AND ROOFTOP DECK."}},{"type":"Feature","geometry":{"type":"Point","coordinates":[-80.025757,40.436263]},"properties":{"permit_id":"BP-2020-03875","address":"418 CLARENCE ST, Pittsburgh, PA 15211-","issue_date":"2020-08-12","completed_date":null,"status":"Issued","typology":"single_detached","units":1,"classification_confidence":"high","zon_new":"R1A-H","neighborhood":"Duquesne Heights","days_to_issue":152,"days_elapsed_if_open":null,"censored":false,"same_parcel_n":1,"work_desc":"NEW 3 STORY SINGLE FAMILY DWELLING WITH INTEGRAL GARAGE AND ROOF DECK"}},{"type":"Feature","geometry":{"type":"Point","coordinates":[-80.045122,40.401102]},"properties":{"permit_id":"BP-2020-03917","address":"2227 OLD OAK DR, Pittsburgh, 15220-","issue_date":"2020-07-27","completed_date":null,"status":"Completed","typology":"single_detached","units":1,"classification_confidence":"high","zon_new":"R1D-L","neighborhood":"Banksville","days_to_issue":136,"days_elapsed_if_open":null,"censored":false,"same_parcel_n":1,"work_desc":"CONSTRUCTION OF ONE STORY SINGLE FAMILY DWELLING. WOOD & MASONRY CONSTRUCTION WITH MASONRY VENEER"}},{"type":"Feature","geometry":{"type":"Point","coordinates":[-79.966559,40.45706]},"properties":{"permit_id":"BP-2020-03925","address":"3116 DOBSON ST, Pittsburgh, PA 15219-","issue_date":"2021-01-20","completed_date":null,"status":"Completed","typology":"single_detached","units":1,"classification_confidence":"high","zon_new":"LNC","neighborhood":"Polish Hill","days_to_issue":311,"days_elapsed_if_open":null,"censored":false,"same_parcel_n":1,"work_desc":"CONSTRUCT NEW 3 STORY SINGLE FAMILY DWELLING WITH INTEGRAL 2 CAR GARAGE AND DECKS AT 2ND FLOOR REAR, 3RD FLOOR REAR, AND ROOF."}},{"type":"Feature","geometry":{"type":"Point","coordinates":[-80.025808,40.436191]},"properties":{"permit_id":"BP-2020-03953","address":"420 CLARENCE ST, Pittsburgh, PA 15211-","issue_date":"2020-08-12","completed_date":null,"status":"Completed","typology":"single_detached","units":1,"classification_confidence":"high","zon_new":"R1A-H","neighborhood":"Duquesne Heights","days_to_issue":149,"days_elapsed_if_open":null,"censored":false,"same_parcel_n":1,"work_desc":"CONSTRUCT NEW 3 STORY SINGLE FAMILY RESIDENCE"}},{"type":"Feature","geometry":{"type":"Point","coordinates":[-80.025909,40.436047]},"properties":{"permit_id":"BP-2020-03954","address":"424 CLARENCE ST, Pittsburgh, PA 15211-","issue_date":"2020-08-12","completed_date":null,"status":"Revoked","typology":"single_detached","units":1,"classification_confidence":"high","zon_new":"R1A-H","neighborhood":"Duquesne Heights","days_to_issue":149,"days_elapsed_if_open":null,"censored":false,"same_parcel_n":1,"work_desc":"SINGLE FAMILY DWELLING, 3-STORIES ABOVE GRADE IN ADDITION TO WALKOUT BASEMENT, ROOF DECK AND INTEGRAL ONE CAR GARAGE"}},{"type":"Feature","geometry":{"type":"Point","coordinates":[-79.939741,40.444594]},"properties":{"permit_id":"BP-2020-04066","address":"5093 FORBES AVE, Pittsburgh, PA 15213-","issue_date":"2021-02-24","completed_date":null,"status":"Completed","typology":"multi_unit_size_unknown","units":null,"classification_confidence":"med","zon_new":"EMI","neighborhood":"Squirrel Hill North","days_to_issue":344,"days_elapsed_if_open":null,"censored":false,"same_parcel_n":2,"work_desc":"FOUNDATION ONLY FOR NEW FOUR STORY APARTMENT BUILDING"}},{"type":"Feature","geometry":{"type":"Point","coordinates":[-80.02276,40.434417]},"properties":{"permit_id":"BP-2020-04087","address":"450 SWEETBRIAR ST, Pittsburgh, PA 15211-","issue_date":"2020-05-29","completed_date":null,"status":"Issued","typology":"single_detached","units":1,"classification_confidence":"high","zon_new":"R1D-M","neighborhood":"Duquesne Heights","days_to_issue":72,"days_elapsed_if_open":null,"censored":false,"same_parcel_n":1,"work_desc":"NEW 2 STORY SINGLE FAMILY DWELLING WITH DECK & INTEGRAL 2 CAR GARAGE."}},{"type":"Feature","geometry":{"type":"Point","coordinates":[-80.022799,40.434331]},"properties":{"permit_id":"BP-2020-04118","address":"452 SWEETBRIAR ST, Pittsburgh, PA 15211-","issue_date":"2020-05-29","completed_date":null,"status":"Completed","typology":"single_detached","units":1,"classification_confidence":"high","zon_new":"R1D-M","neighborhood":"Duquesne Heights","days_to_issue":72,"days_elapsed_if_open":null,"censored":false,"same_parcel_n":1,"work_desc":"NEW 2 STORY SINGLE FAMILY DWELLING WITH DECK & INTEGRAL 2 CAR GARAGE."}},{"type":"Feature","geometry":{"type":"Point","coordinates":[-80.022837,40.434245]},"properties":{"permit_id":"BP-2020-04124","address":"454 SWEETBRIAR ST, Pittsburgh, PA 15211-","issue_date":"2020-05-29","completed_date":null,"status":"Completed","typology":"single_detached","units":1,"classification_confidence":"high","zon_new":"R1D-M","neighborhood":"Duquesne Heights","days_to_issue":72,"days_elapsed_if_open":null,"censored":false,"same_parcel_n":1,"work_desc":"NEW 2 STORY SINGLE FAMILY DWELLING WITH DECK & INTEGRAL 2 CAR GARAGE."}},{"type":"Feature","geometry":{"type":"Point","coordinates":[-79.960499,40.474307]},"properties":{"permit_id":"BP-2020-04818","address":"143 46TH ST, Pittsburgh, PA 15201-","issue_date":"2020-07-06","completed_date":null,"status":"Issued","typology":"single_attached","units":1,"classification_confidence":"high","zon_new":"R1A-VH","neighborhood":"Central Lawrenceville","days_to_issue":84,"days_elapsed_if_open":null,"censored":false,"same_parcel_n":1,"work_desc":"NEW SINGLE FAMILY, FRAMED, ATTACHED ONE SIDE, 3 STORY DWELLING WITH DETACHED, SINGLE STORY, 2 CAR GARAGE IN REAR (GARAGE IS ATTACHED TO ADJACENT GARAGE). THE AD"}},{"type":"Feature","geometry":{"type":"Point","coordinates":[-79.960445,40.474268]},"properties":{"permit_id":"BP-2020-04822","address":"145 46TH ST, Pittsburgh, PA 15201-","issue_date":"2020-07-06","completed_date":null,"status":"Issued","typology":"single_attached","units":1,"classification_confidence":"high","zon_new":"R1A-VH","neighborhood":"Central Lawrenceville","days_to_issue":84,"days_elapsed_if_open":null,"censored":false,"same_parcel_n":1,"work_desc":"NEW SINGLE FAMILY, FRAMED, ATTACHED ONE SIDE, 3 STORY DWELLING WITH ROOF DECK AND DETACHED 2 CAR GARAGE IN REAR (GARAGE IS ATTACHED TO ADJACENT GARAGE). THE ADJ"}},{"type":"Feature","geometry":{"type":"Point","coordinates":[-79.965161,40.46265]},"properties":{"permit_id":"BP-2020-04936","address":"3439 DENNY ST, Pittsburgh, 15201-","issue_date":"2020-10-28","completed_date":null,"status":"Issued","typology":"single_detached","units":1,"classification_confidence":"high","zon_new":"R1A-H","neighborhood":"Lower Lawrenceville","days_to_issue":196,"days_elapsed_if_open":null,"censored":false,"same_parcel_n":1,"work_desc":"NEW 3 STORY SINGLE FAMILY HOME WITH INTEGRAL GARAGE, AND DECKS ON 2ND FLR, 3RD FLR, AND ROOF. AMENDMENT ADDS FOUNDATION ALTERATION/REPAIR FOR EXIST CONDITIONS."}},{"type":"Feature","geometry":{"type":"Point","coordinates":[-79.939741,40.444594]},"properties":{"permit_id":"BP-2020-05649","address":"5093 FORBES AVE, Pittsburgh, PA 15213-","issue_date":"2021-03-26","completed_date":null,"status":"Completed","typology":"other_group","units":37,"classification_confidence":"med","zon_new":"EMI","neighborhood":"Squirrel Hill North","days_to_issue":326,"days_elapsed_if_open":null,"censored":false,"same_parcel_n":2,"work_desc":"CONSTRUCT NEW FOUR STORY DORMITORY APARTMENT BUILDING WITH 37 UNITS"}},{"type":"Feature","geometry":{"type":"Point","coordinates":[-79.924977,40.465408]},"properties":{"permit_id":"BP-2020-06220","address":"403 N BEATTY ST, Pittsburgh, PA 15206-","issue_date":null,"completed_date":"2023-01-11","status":"Completed","typology":"unknown","units":null,"classification_confidence":"low","zon_new":"R2-M","neighborhood":"East Liberty","days_to_issue":null,"days_elapsed_if_open":null,"censored":false,"same_parcel_n":3,"work_desc":null}},{"type":"Feature","geometry":{"type":"Point","coordinates":[-79.924977,40.465408]},"properties":{"permit_id":"BP-2020-06223","address":"403 N BEATTY ST, Pittsburgh, PA 15206-","issue_date":null,"completed_date":"2023-01-11","status":"Completed","typology":"unknown","units":null,"classification_confidence":"low","zon_new":"R2-M","neighborhood":"East Liberty","days_to_issue":null,"days_elapsed_if_open":null,"censored":false,"same_parcel_n":3,"work_desc":null}},{"type":"Feature","geometry":{"type":"Point","coordinates":[-79.924977,40.465408]},"properties":{"permit_id":"BP-2020-06224","address":"403 N BEATTY ST, Pittsburgh, PA 15206-","issue_date":null,"completed_date":"2023-01-11","status":"Completed","typology":"unknown","units":null,"classification_confidence":"low","zon_new":"R2-M","neighborhood":"East Liberty","days_to_issue":null,"days_elapsed_if_open":null,"censored":false,"same_parcel_n":3,"work_desc":null}},{"type":"Feature","geometry":{"type":"Point","coordinates":[-79.924859,40.465602]},"properties":{"permit_id":"BP-2020-06225","address":"409 N BEATTY ST, Pittsburgh, PA 15206-","issue_date":"2020-08-14","completed_date":null,"status":"Completed","typology":"single_attached","units":1,"classification_confidence":"high","zon_new":"R2-M","neighborhood":"East Liberty","days_to_issue":93,"days_elapsed_if_open":null,"censored":false,"same_parcel_n":1,"work_desc":"CONSTRUCTION OF AN ATTACHED 3-STORY SINGLE FAMILY DWELLING"}},{"type":"Feature","geometry":{"type":"Point","coordinates":[-80.025094,40.457906]},"properties":{"permit_id":"BP-2020-06243","address":"1247 COLUMBUS AVE, Pittsburgh, 15233-","issue_date":"2020-06-10","completed_date":null,"status":"Completed","typology":"single_detached","units":1,"classification_confidence":"high","zon_new":"R1A-VH","neighborhood":"Manchester","days_to_issue":28,"days_elapsed_if_open":null,"censored":false,"same_parcel_n":1,"work_desc":"2 STORY SINGLE FAMILY DWELLING WITH DETACHED GARAGE"}},{"type":"Feature","geometry":{"type":"Point","coordinates":[-80.025486,40.457455]},"properties":{"permit_id":"BP-2020-06245","address":"1708 FULTON ST, Pittsburgh, 15233-","issue_date":"2020-06-03","completed_date":null,"status":"Completed","typology":"single_detached","units":1,"classification_confidence":"high","zon_new":"R1A-VH","neighborhood":"Manchester","days_to_issue":21,"days_elapsed_if_open":null,"censored":false,"same_parcel_n":1,"work_desc":"NEW 2-STORY SINGLE FAMILY DETACHED DWELLING WITH DETACHED 1-STORY GARAGE."}},{"type":"Feature","geometry":{"type":"Point","coordinates":[-80.025515,40.457548]},"properties":{"permit_id":"BP-2020-06246","address":"1714 FULTON ST, Pittsburgh, 15233-","issue_date":"2020-06-03","completed_date":null,"status":"Completed","typology":"single_detached","units":1,"classification_confidence":"high","zon_new":"R1A-VH","neighborhood":"Manchester","days_to_issue":21,"days_elapsed_if_open":null,"censored":false,"same_parcel_n":1,"work_desc":"NEW 2-STORY SINGLE FAMILY DETACHED DWELLING WITH DETACHED 1-STORY GARAGE."}},{"type":"Feature","geometry":{"type":"Point","coordinates":[-80.025591,40.457799]},"properties":{"permit_id":"BP-2020-06247","address":"1732 FULTON ST, Pittsburgh, 15233-","issue_date":"2020-06-03","completed_date":null,"status":"Completed","typology":"single_detached","units":1,"classification_confidence":"high","zon_new":"R1A-VH","neighborhood":"Manchester","days_to_issue":21,"days_elapsed_if_open":null,"censored":false,"same_parcel_n":1,"work_desc":"NEW 2-STORY SINGLE FAMILY DETACHED DWELLING WITH DETACHED 1-STORY GARAGE."}},{"type":"Feature","geometry":{"type":"Point","coordinates":[-80.009676,40.459415]},"properties":{"permit_id":"BP-2020-06251","address":"134 E JEFFERSON ST, Pittsburgh, PA 15212-","issue_date":"2020-08-19","completed_date":null,"status":"Completed","typology":"single_attached","units":1,"classification_confidence":"high","zon_new":"R1A-VH","neighborhood":"Central Northside","days_to_issue":98,"days_elapsed_if_open":null,"censored":false,"same_parcel_n":1,"work_desc":"NEW 3 STORY SINGLE FAMILY TOWNHOUSE AS PART OF GROUPING OF 4 WITH 3RD FLOOR DECK AND INTEGRAL PARKING."}},{"type":"Feature","geometry":{"type":"Point","coordinates":[-80.023894,40.434561]},"properties":{"permit_id":"BP-2020-06570","address":"454 WYOLA ST, Pittsburgh, PA 15211-","issue_date":"2020-09-24","completed_date":null,"status":"Completed","typology":"single_detached","units":1,"classification_confidence":"high","zon_new":"R1A-H","neighborhood":"Duquesne Heights","days_to_issue":129,"days_elapsed_if_open":null,"censored":false,"same_parcel_n":1,"work_desc":"CONSTRUCTION OF 3 STORY SINGLE FAMILY DWELLING AND RETAINING WALL"}},{"type":"Feature","geometry":{"type":"Point","coordinates":[-79.935619,40.467629]},"properties":{"permit_id":"BP-2020-06820","address":"5352 HILLCREST ST, Pittsburgh, PA 15224-","issue_date":"2023-09-08","completed_date":null,"status":"Completed","typology":"two_unit","units":2,"classification_confidence":"high","zon_new":"R1D-H","neighborhood":"Garfield","days_to_issue":1205,"days_elapsed_if_open":null,"censored":false,"same_parcel_n":1,"work_desc":"CONSTRUCTION OF NEW TWO FAMILY DWELLING"}},{"type":"Feature","geometry":{"type":"Point","coordinates":[-79.935552,40.467621]},"properties":{"permit_id":"BP-2020-06857","address":"5354 HILLCREST ST, Pittsburgh, PA 15224-","issue_date":"2023-09-08","completed_date":null,"status":"Completed","typology":"two_unit","units":2,"classification_confidence":"high","zon_new":"R1D-H","neighborhood":"Garfield","days_to_issue":1205,"days_elapsed_if_open":null,"censored":false,"same_parcel_n":1,"work_desc":"CONSTRUCTION OF NEW TWO FAMILY DWELLING WITH TWO (2) CAR PARKING PAD AT REAR AND 4' HIGH FENCE ALONG SIDE PROPERTY LINES AT REAR"}},{"type":"Feature","geometry":{"type":"Point","coordinates":[-79.935485,40.467608]},"properties":{"permit_id":"BP-2020-06858","address":"5356 HILLCREST ST, Pittsburgh, PA 15224-","issue_date":"2023-09-08","completed_date":null,"status":"Completed","typology":"two_unit","units":2,"classification_confidence":"high","zon_new":"R1D-H","neighborhood":"Garfield","days_to_issue":1205,"days_elapsed_if_open":null,"censored":false,"same_parcel_n":1,"work_desc":"CONSTRUCTION OF NEW TWO FAMILY DWELLING"}},{"type":"Feature","geometry":{"type":"Point","coordinates":[-79.996501,40.425358]},"properties":{"permit_id":"BP-2020-06956","address":"247 ZUZU CIR, Pittsburgh, 15210-","issue_date":"2020-12-10","completed_date":null,"status":"Completed","typology":"single_detached","units":1,"classification_confidence":"high","zon_new":"R1D-M","neighborhood":"Allentown","days_to_issue":202,"days_elapsed_if_open":null,"censored":false,"same_parcel_n":1,"work_desc":"CONSTRUCT NEW THREE STORY, SINGLE FAMILY DWELLING WITH INTEGRAL GARAGE AND ROOF DECK"}},{"type":"Feature","geometry":{"type":"Point","coordinates":[-79.996378,40.425247]},"properties":{"permit_id":"BP-2020-06958","address":"249 ZUZU CIR, Pittsburgh, 15210-","issue_date":"2020-12-10","completed_date":null,"status":"Completed","typology":"single_detached","units":1,"classification_confidence":"high","zon_new":"R1D-M","neighborhood":"Allentown","days_to_issue":202,"days_elapsed_if_open":null,"censored":false,"same_parcel_n":1,"work_desc":"CONSTRUCT NEW THREE STORY, SINGLE FAMILY DWELLING WITH INTEGRAL GARAGE AND ROOF DECK"}},{"type":"Feature","geometry":{"type":"Point","coordinates":[-80.014499,40.428905]},"properties":{"permit_id":"BP-2020-06960","address":"466 GRACE ST, Pittsburgh, PA 15211-","issue_date":"2021-03-15","completed_date":null,"status":"Issued","typology":"single_detached","units":1,"classification_confidence":"high","zon_new":"P","neighborhood":"Mount Washington","days_to_issue":297,"days_elapsed_if_open":null,"censored":false,"same_parcel_n":1,"work_desc":"NEW 2 STORY SINGLE FAMILY DWELLING WITH A DECK AT REAR & AN INTEGRAL GARAGE."}},{"type":"Feature","geometry":{"type":"Point","coordinates":[-79.936916,40.439762]},"properties":{"permit_id":"BP-2020-06968","address":"202 SCHENLEY RD, Pittsburgh, 15217-","issue_date":"2020-11-23","completed_date":null,"status":"Completed","typology":"single_attached","units":1,"classification_confidence":"high","zon_new":"RP","neighborhood":"Squirrel Hill North","days_to_issue":185,"days_elapsed_if_open":null,"censored":false,"same_parcel_n":1,"work_desc":"NEW 3 STORY SINGLE FAMILY MIDDLE TOWNHOUSE UNIT."}},{"type":"Feature","geometry":{"type":"Point","coordinates":[-79.91434,40.396702]},"properties":{"permit_id":"BP-2020-07343","address":"4315 Bench Way, Pittsburgh, PA 15120-","issue_date":"2020-10-20","completed_date":null,"status":"Completed","typology":"single_detached","units":1,"classification_confidence":"high","zon_new":"R1D-L","neighborhood":"New Homestead","days_to_issue":144,"days_elapsed_if_open":null,"censored":false,"same_parcel_n":1,"work_desc":"NEW SINGLE FAMILY DETACHED 2 STORY DWELLING"}},{"type":"Feature","geometry":{"type":"Point","coordinates":[-80.009622,40.459467]},"properties":{"permit_id":"BP-2020-07421","address":"132 E JEFFERSON ST, Pittsburgh, PA 15212-","issue_date":"2020-08-18","completed_date":null,"status":"Completed","typology":"single_attached","units":1,"classification_confidence":"high","zon_new":"R1A-VH","neighborhood":"Central Northside","days_to_issue":80,"days_elapsed_if_open":null,"censored":false,"same_parcel_n":1,"work_desc":"NEW 3-STORY SINGLE-FAMILY TOWNHOUSE AS PART OF GROUPING OF 4 WITH 3RD FLOOR DECK AND INTEGRAL PARKING."}},{"type":"Feature","geometry":{"type":"Point","coordinates":[-80.009561,40.459482]},"properties":{"permit_id":"BP-2020-07422","address":"130 E JEFFERSON ST, Pittsburgh, PA 15212-","issue_date":"2020-08-18","completed_date":null,"status":"Completed","typology":"single_attached","units":1,"classification_confidence":"high","zon_new":"R1A-VH","neighborhood":"Central Northside","days_to_issue":80,"days_elapsed_if_open":null,"censored":false,"same_parcel_n":1,"work_desc":"NEW 3 STORY SINGLE FAMILY TOWNHOUSE AS PART OF GROUPING OF 4 WITH 3RD FLOOR DECK AND INTEGRAL PARKING."}},{"type":"Feature","geometry":{"type":"Point","coordinates":[-80.009496,40.459495]},"properties":{"permit_id":"BP-2020-07423","address":"128 E JEFFERSON ST, Pittsburgh, PA 15212-","issue_date":"2020-08-18","completed_date":null,"status":"Completed","typology":"single_attached","units":1,"classification_confidence":"high","zon_new":"R1A-VH","neighborhood":"Central Northside","days_to_issue":80,"days_elapsed_if_open":null,"censored":false,"same_parcel_n":1,"work_desc":"NEW 3 STORY SINGLE FAMILY TOWNHOUSE AS PART OF GROUPING OF 4 WITH 3RD FLOOR DECK AND INTEGRAL PARKING."}},{"type":"Feature","geometry":{"type":"Point","coordinates":[-79.926155,40.467732]},"properties":{"permit_id":"BP-2020-07874","address":"509 N SAINT CLAIR ST, Pittsburgh, PA 15206-","issue_date":"2021-01-04","completed_date":null,"status":"Issued","typology":"single_detached","units":1,"classification_confidence":"high","zon_new":"R2-H","neighborhood":"East Liberty","days_to_issue":213,"days_elapsed_if_open":null,"censored":false,"same_parcel_n":1,"work_desc":"NEW 2 STORY SINGLE FAMILY DWELLING WITH DETACHED GARAGE."}},{"type":"Feature","geometry":{"type":"Point","coordinates":[-80.009882,40.458133]},"properties":{"permit_id":"BP-2020-08631","address":"1509 ARCH ST, Pittsburgh, PA 15212-","issue_date":"2021-05-18","completed_date":null,"status":"Completed","typology":"single_detached","units":1,"classification_confidence":"high","zon_new":"R1A-VH","neighborhood":"Central Northside","days_to_issue":336,"days_elapsed_if_open":null,"censored":false,"same_parcel_n":1,"work_desc":"NEW 3 STORY, FRAMED, SINGLE FAMILY DWELLING WITH INTEGRAL ONE CAR GARAGE, ADJACENT TO MIRROR DWELLING UNDER BP-2020-10830. MEXICAN WAR STREET HISTORIC AMENDMENT"}},{"type":"Feature","geometry":{"type":"Point","coordinates":[-80.00941,40.458301]},"properties":{"permit_id":"BP-2020-08636","address":"1514 ARCH ST, Pittsburgh, PA 15212-","issue_date":"2021-05-25","completed_date":null,"status":"Completed","typology":"single_detached","units":1,"classification_confidence":"high","zon_new":"R1A-VH","neighborhood":"Central Northside","days_to_issue":343,"days_elapsed_if_open":null,"censored":false,"same_parcel_n":1,"work_desc":"NEW 3 STORY, FRAMED, SINGLE-FAMILY DWELLING WITH INTEGRAL ONE-CAR GARAGE. EACH HOUSE IS ON A SEPARATE PARCEL."}},{"type":"Feature","geometry":{"type":"Point","coordinates":[-80.01009,40.458204]},"properties":{"permit_id":"BP-2020-08652","address":"211 ALPINE AVE, Pittsburgh, PA 15212-","issue_date":"2021-05-18","completed_date":null,"status":"Completed","typology":"single_detached","units":1,"classification_confidence":"high","zon_new":"R1A-VH","neighborhood":"Central Northside","days_to_issue":336,"days_elapsed_if_open":null,"censored":false,"same_parcel_n":1,"work_desc":"NEW 3 STORY, FRAMED, SINGLE FAMILY DWELLING WITH ONE CAR INTEGRAL GARAGE"}},{"type":"Feature","geometry":{"type":"Point","coordinates":[-80.010295,40.458154]},"properties":{"permit_id":"BP-2020-08653","address":"217 ALPINE AVE, Pittsburgh, PA 15212-","issue_date":"2021-05-18","completed_date":null,"status":"Completed","typology":"single_detached","units":1,"classification_confidence":"high","zon_new":"R1A-VH","neighborhood":"Central Northside","days_to_issue":336,"days_elapsed_if_open":null,"censored":false,"same_parcel_n":1,"work_desc":"CONSTRUCT NEW THREE STORY, DETACHED, FRAMED, SINGLE FAMILY DWELLING WITH INTEGRAL ONE CAR GARAGE"}},{"type":"Feature","geometry":{"type":"Point","coordinates":[-79.931457,40.458346]},"properties":{"permit_id":"BP-2020-09048","address":"5819 CENTRE AVE #101, Pittsburgh, PA 15206-","issue_date":"2021-01-19","completed_date":null,"status":"Completed","typology":"multi_unit_size_unknown","units":null,"classification_confidence":"med","zon_new":"UNC","neighborhood":"East Liberty","days_to_issue":214,"days_elapsed_if_open":null,"censored":false,"same_parcel_n":2,"work_desc":"SITE AND FOUNDATION WORK ONLY (UP TO 1ST FLOOR SLAB) FOR NEW 6 STORY APARTMENT BUILDING"}},{"type":"Feature","geometry":{"type":"Point","coordinates":[-80.016705,40.457505]},"properties":{"permit_id":"BP-2020-09054","address":"1527 MCCULLOUGH ST, Pittsburgh, PA 15212-","issue_date":"2020-06-30","completed_date":null,"status":"Issued","typology":"adu","units":1,"classification_confidence":"med","zon_new":"R1A-M","neighborhood":"California-Kirkbride","days_to_issue":10,"days_elapsed_if_open":null,"censored":false,"same_parcel_n":2,"work_desc":"INTERIOR & EXTERIOR RENOVATIONS TO CONVERT DETACHED GARAGE INTO SINGLE DWELLING UNIT (DETACHED) WITH COMMERCIAL KITCHEN & 6' BRICK FENCE AT REAR."}},{"type":"Feature","geometry":{"type":"Point","coordinates":[-80.010168,40.458175]},"properties":{"permit_id":"BP-2020-09174","address":"213 ALPINE AVE, Pittsburgh, PA 15212-","issue_date":"2021-05-18","completed_date":null,"status":"Completed","typology":"single_detached","units":1,"classification_confidence":"high","zon_new":"R1A-VH","neighborhood":"Central Northside","days_to_issue":330,"days_elapsed_if_open":null,"censored":false,"same_parcel_n":1,"work_desc":"NEW 3 STORY, FRAMED, SINGLE FAMILY DWELLING WITH INTEGRAL ONE CAR GARAGE; ADJACENT TO MIRROR DWELLING UNDER BP-2020-08652. EACH HOUSE IS ON A SEPARATE PARCEL. M"}},{"type":"Feature","geometry":{"type":"Point","coordinates":[-80.02384,40.434652]},"properties":{"permit_id":"BP-2020-09352","address":"450 WYOLA ST, Pittsburgh, PA 15211-","issue_date":"2020-10-26","completed_date":null,"status":"Completed","typology":"single_detached","units":1,"classification_confidence":"high","zon_new":"R1A-H","neighborhood":"Duquesne Heights","days_to_issue":124,"days_elapsed_if_open":null,"censored":false,"same_parcel_n":1,"work_desc":"CONSTRUCTION OF 3 STORY SINGLE FAMILY DWELLING AND RETAINING WALL"}},{"type":"Feature","geometry":{"type":"Point","coordinates":[-80.018349,40.43583]},"properties":{"permit_id":"BP-2020-09627","address":"No primary address specified","issue_date":"2020-10-29","completed_date":null,"status":"Expired","typology":"single_detached","units":1,"classification_confidence":"high","zon_new":"R1D-H","neighborhood":"Mount Washington","days_to_issue":124,"days_elapsed_if_open":null,"censored":false,"same_parcel_n":1,"work_desc":"NEW 2 STORY SINGLE FAMILY DWELLING."}},{"type":"Feature","geometry":{"type":"Point","coordinates":[-79.931457,40.458346]},"properties":{"permit_id":"BP-2020-09837","address":"5819 CENTRE AVE #101, Pittsburgh, PA 15206-","issue_date":"2021-03-23","completed_date":null,"status":"Completed","typology":"multi_unit_size_unknown","units":null,"classification_confidence":"med","zon_new":"UNC","neighborhood":"East Liberty","days_to_issue":266,"days_elapsed_if_open":null,"censored":false,"same_parcel_n":2,"work_desc":"PHASED CONSTRUCTION (ABOVEGROUND SUPER STRUCTURE, CORE, SHELL, & FITOUT) OF NEW 6 STORY APARTMENT BUILDING WITH GROUND FLOOR AMENITIES AND RETAIL TENANT SPACE"}},{"type":"Feature","geometry":{"type":"Point","coordinates":[-79.985553,40.424804]},"properties":{"permit_id":"BP-2020-10389","address":"100 BROSVILLE ST, Pittsburgh, 15203-","issue_date":"2020-10-02","completed_date":null,"status":"Completed","typology":"single_detached","units":1,"classification_confidence":"high","zon_new":"H","neighborhood":"South Side Slopes","days_to_issue":86,"days_elapsed_if_open":null,"censored":false,"same_parcel_n":1,"work_desc":"NEW SINGLE FAMILY DWELLING WITH INTEGRAL GARAGE & ROOFTOP DECK & RETAINING WALL."}},{"type":"Feature","geometry":{"type":"Point","coordinates":[-80.009916,40.458187]},"properties":{"permit_id":"BP-2020-10830","address":"1511 ARCH ST, Pittsburgh, PA 15212-","issue_date":"2021-05-18","completed_date":null,"status":"Completed","typology":"single_attached","units":1,"classification_confidence":"high","zon_new":"R1A-VH","neighborhood":"Central Northside","days_to_issue":307,"days_elapsed_if_open":null,"censored":false,"same_parcel_n":1,"work_desc":"NEW ATTACHED SINGLE FAMILY 3 STORY HOME WITH ONE CAR INTEGRAL GARAGE."}},{"type":"Feature","geometry":{"type":"Point","coordinates":[-79.96193,40.473855]},"properties":{"permit_id":"BP-2020-11763","address":"120 45TH ST, Pittsburgh, PA 15201-","issue_date":"2020-09-10","completed_date":null,"status":"Expired","typology":"single_detached","units":1,"classification_confidence":"high","zon_new":"R1A-VH","neighborhood":"Central Lawrenceville","days_to_issue":44,"days_elapsed_if_open":null,"censored":false,"same_parcel_n":1,"work_desc":"CONSTRUCT A 3-STORY SINGLE-FAMILY DWELLING WITH INTEGRAL GARAGE AND 2ND FLOOR REAR DECK AND ROOF DECK"}},{"type":"Feature","geometry":{"type":"Point","coordinates":[-79.978056,40.446288]},"properties":{"permit_id":"BP-2020-11892","address":"621 PERRY ST, Pittsburgh, PA 15219-","issue_date":"2026-03-26","completed_date":null,"status":"Issued","typology":"multi_unit_4_19","units":8,"classification_confidence":"high","zon_new":"RM-M","neighborhood":"Middle Hill","days_to_issue":2065,"days_elapsed_if_open":null,"censored":false,"same_parcel_n":1,"work_desc":"CONSTRUCTION OF A 3-STORY 8-UNIT APARTMENT BUILDING INCLUDING PARKING AND SITE WORK"}},{"type":"Feature","geometry":{"type":"Point","coordinates":[-79.989925,40.411856]},"properties":{"permit_id":"BP-2020-11979","address":"508 BROWNSVILLE RD, Pittsburgh, PA 15210-","issue_date":"2021-12-15","completed_date":null,"status":"Completed","typology":"multi_unit_size_unknown","units":null,"classification_confidence":"med","zon_new":"LNC","neighborhood":"Knoxville","days_to_issue":503,"days_elapsed_if_open":null,"censored":false,"same_parcel_n":1,"work_desc":"INTERIOR RENOVATIONS TO CHANGE USE TO APARTMENTS"}},{"type":"Feature","geometry":{"type":"Point","coordinates":[-79.96205,40.473757]},"properties":{"permit_id":"BP-2020-12556","address":"120 LOCARNA Way, Pittsburgh, PA 15201-","issue_date":"2020-09-14","completed_date":null,"status":"Completed","typology":"single_detached","units":1,"classification_confidence":"high","zon_new":"R1A-VH","neighborhood":"Central Lawrenceville","days_to_issue":35,"days_elapsed_if_open":null,"censored":false,"same_parcel_n":1,"work_desc":"CONSTRUCT A 3-STORY SINGLE-FAMILY DWELLING WITH INTEGRAL GARAGE AND 2ND FLOOR REAR DECK AND ROOF DECK"}},{"type":"Feature","geometry":{"type":"Point","coordinates":[-80.042265,40.413572]},"properties":{"permit_id":"BP-2020-13418","address":"1357 KIRSOPP AVE, Pittsburgh, PA 15220-","issue_date":"2020-09-25","completed_date":null,"status":"Completed","typology":"single_detached","units":1,"classification_confidence":"med","zon_new":"R1D-L","neighborhood":"Banksville","days_to_issue":35,"days_elapsed_if_open":null,"censored":false,"same_parcel_n":1,"work_desc":"New 1-story slab-on-on-grade dwelling unit with a trussed roof."}},{"type":"Feature","geometry":{"type":"Point","coordinates":[-80.005554,40.458307]},"properties":{"permit_id":"BP-2020-13429","address":"1427 SANDUSKY ST, Pittsburgh, PA 15212-","issue_date":"2021-11-03","completed_date":null,"status":"Completed","typology":"single_detached","units":1,"classification_confidence":"high","zon_new":"R1A-VH","neighborhood":"Central Northside","days_to_issue":439,"days_elapsed_if_open":null,"censored":false,"same_parcel_n":1,"work_desc":"3 STORY SINGLE FAMILY DWELLING WITH INTERGRAL ATTACHED GARAGE AND ROOFTOP DECK"}},{"type":"Feature","geometry":{"type":"Point","coordinates":[-79.968263,40.457937]},"properties":{"permit_id":"BP-2020-13526","address":"314 HARMAR ST, Pittsburgh, PA 15219-","issue_date":"2024-06-13","completed_date":null,"status":"Issued","typology":"single_attached","units":1,"classification_confidence":"high","zon_new":"R2-H","neighborhood":"Polish Hill","days_to_issue":1388,"days_elapsed_if_open":null,"censored":false,"same_parcel_n":1,"work_desc":"CONSTRUCTION OF 3 STORY ATTACHED SINGLE FAMILY DWELLING WITH ROOF TOP DECK, MACHINE ROOM, UNOCCUPIED BASEMENT AND INTEGRAL GARAGE"}},{"type":"Feature","geometry":{"type":"Point","coordinates":[-80.01487,40.428346]},"properties":{"permit_id":"BP-2020-14255","address":"496 GRACE ST, Pittsburgh, PA 15211-","issue_date":"2021-01-20","completed_date":null,"status":"Completed","typology":"single_detached","units":1,"classification_confidence":"high","zon_new":"P","neighborhood":"Mount Washington","days_to_issue":139,"days_elapsed_if_open":null,"censored":false,"same_parcel_n":1,"work_desc":"CONSTRUCT A 3-STORY SINGLE-FAMILY DWELLING WITH 2ND FLOOR DECK & INTEGRAL GARAGE"}},{"type":"Feature","geometry":{"type":"Point","coordinates":[-79.968364,40.448042]},"properties":{"permit_id":"BP-2020-14364","address":"537 FRANCIS ST, Pittsburgh, 15219-","issue_date":"2021-04-22","completed_date":null,"status":"Amendment Applicant Revisions","typology":"unknown","units":1,"classification_confidence":"med","zon_new":"RM-M","neighborhood":"Middle Hill","days_to_issue":226,"days_elapsed_if_open":null,"censored":false,"same_parcel_n":1,"work_desc":"INTERIOR / EXTERIOR ALTERATIONS...BASEMENT TO BE RENOVATED TO A DWELLING UNIT...CHANGE IN USE."}},{"type":"Feature","geometry":{"type":"Point","coordinates":[-79.953405,40.48075]},"properties":{"permit_id":"BP-2020-14497","address":"5226 DRESDEN Way, Pittsburgh, PA 15201-","issue_date":"2020-12-15","completed_date":null,"status":"Completed","typology":"single_detached","units":1,"classification_confidence":"high","zon_new":"R1A-VH","neighborhood":"Upper Lawrenceville","days_to_issue":97,"days_elapsed_if_open":null,"censored":false,"same_parcel_n":1,"work_desc":"NEW 3 STORY SINGLE FAMILY DWELLING WITH INTEGRAL GARAGE & ROOFTOP DECK."}},{"type":"Feature","geometry":{"type":"Point","coordinates":[-80.008872,40.46038]},"properties":{"permit_id":"BP-2020-15003","address":"No address. Parcel used to determine location","issue_date":null,"completed_date":"2022-03-09","status":"Completed","typology":"unknown","units":null,"classification_confidence":"low","zon_new":"R1A-VH","neighborhood":"Central Northside","days_to_issue":null,"days_elapsed_if_open":null,"censored":false,"same_parcel_n":1,"work_desc":null}},{"type":"Feature","geometry":{"type":"Point","coordinates":[-79.952989,40.478427]},"properties":{"permit_id":"BP-2020-15004","address":"5148 KEYSTONE ST, Pittsburgh, PA 15201-","issue_date":"2021-06-17","completed_date":null,"status":"Completed","typology":"single_detached","units":1,"classification_confidence":"high","zon_new":"R1A-VH","neighborhood":"Upper Lawrenceville","days_to_issue":273,"days_elapsed_if_open":null,"censored":false,"same_parcel_n":1,"work_desc":"CONSTRUCTION OF NEW 3 STORY SINGLE FAMILY DWELLING WITH INTEGRAL GARAGE, TWO BALCONIES, ROOF DECK, AND 8 FT RETAINING WALL"}},{"type":"Feature","geometry":{"type":"Point","coordinates":[-79.953368,40.480796]},"properties":{"permit_id":"BP-2020-15235","address":"5228 DRESDEN Way, Pittsburgh, PA 15201-","issue_date":"2020-12-15","completed_date":null,"status":"Completed","typology":"single_attached","units":1,"classification_confidence":"high","zon_new":"R1A-VH","neighborhood":"Upper Lawrenceville","days_to_issue":85,"days_elapsed_if_open":null,"censored":false,"same_parcel_n":1,"work_desc":"USE OF 3 STORY STRUCTURE AS SINGLE UNIT (ATTACHED) DWELLING WITH INTEGRAL PARKING AND ROOFTOP DECK AT FRONT."}},{"type":"Feature","geometry":{"type":"Point","coordinates":[-80.014825,40.428417]},"properties":{"permit_id":"BP-2020-16398","address":"492 GRACE ST, Pittsburgh, PA 15211-","issue_date":"2021-03-26","completed_date":null,"status":"Completed","typology":"single_detached","units":1,"classification_confidence":"high","zon_new":"P","neighborhood":"Mount Washington","days_to_issue":168,"days_elapsed_if_open":null,"censored":false,"same_parcel_n":1,"work_desc":"CONSTRUCT A 3-STORY SINGLE-FAMILY DWELLING WITH 2ND FLOOR DECK & INTEGRAL GARAGE"}},{"type":"Feature","geometry":{"type":"Point","coordinates":[-80.014781,40.428488]},"properties":{"permit_id":"BP-2020-16590","address":"488 GRACE ST, Pittsburgh, PA 15211-","issue_date":"2021-04-23","completed_date":null,"status":"Completed","typology":"single_detached","units":1,"classification_confidence":"high","zon_new":"P","neighborhood":"Mount Washington","days_to_issue":192,"days_elapsed_if_open":null,"censored":false,"same_parcel_n":1,"work_desc":"CONSTRUCT A 3-STORY SINGLE-FAMILY DWELLING WITH 2ND FLOOR DECK & INTEGRAL GARAGE"}},{"type":"Feature","geometry":{"type":"Point","coordinates":[-80.014737,40.428559]},"properties":{"permit_id":"BP-2020-16592","address":"484 GRACE ST, Pittsburgh, PA 15211-","issue_date":"2021-04-15","completed_date":null,"status":"Issued","typology":"single_detached","units":1,"classification_confidence":"med","zon_new":"P","neighborhood":"Mount Washington","days_to_issue":184,"days_elapsed_if_open":null,"censored":false,"same_parcel_n":1,"work_desc":"CONSTRUCT HOUSE WITH REAR DECK & INTEGRAL PARKING"}},{"type":"Feature","geometry":{"type":"Point","coordinates":[-79.934165,40.466006]},"properties":{"permit_id":"BP-2020-17065","address":"220 N GRAHAM ST, Pittsburgh, PA 15206-","issue_date":"2021-01-06","completed_date":null,"status":"Issued","typology":"single_detached","units":1,"classification_confidence":"med","zon_new":"R2-H","neighborhood":"Garfield","days_to_issue":79,"days_elapsed_if_open":null,"censored":false,"same_parcel_n":1,"work_desc":"CONSTRUCTION OF PRE-ENGINEERED MANUFACTURED DWELLING UNIT ON SITE BUILT FOUNDATION SYSTEM."}},{"type":"Feature","geometry":{"type":"Point","coordinates":[-79.92632,40.466442]},"properties":{"permit_id":"BP-2020-17592","address":"420 N SAINT CLAIR ST, Pittsburgh, PA 15206-","issue_date":"2021-06-02","completed_date":null,"status":"Application Finalization","typology":"unknown","units":null,"classification_confidence":"low","zon_new":"R2-M","neighborhood":"East Liberty","days_to_issue":219,"days_elapsed_if_open":null,"censored":false,"same_parcel_n":1,"work_desc":"New Construction of a two-story modular structure on superior wall foundations."}},{"type":"Feature","geometry":{"type":"Point","coordinates":[-79.962299,40.472392]},"properties":{"permit_id":"BP-2020-17940","address":"125 43RD ST, Pittsburgh, PA 15201-","issue_date":"2021-10-21","completed_date":null,"status":"Completed","typology":"single_detached","units":1,"classification_confidence":"high","zon_new":"R1A-VH","neighborhood":"Central Lawrenceville","days_to_issue":356,"days_elapsed_if_open":null,"censored":false,"same_parcel_n":1,"work_desc":"NEW CONSTRUCTION OF A THREE-STORY, SINGLE FAMILY, DETACHED, FRAMED CONSTRUCTION WITH AN EXISTING REAR GARAGE THAT WILL BE REPAIRED/MODIFIED TO 1 CAR GARAGE WITH"}},{"type":"Feature","geometry":{"type":"Point","coordinates":[-79.95615,40.47125]},"properties":{"permit_id":"BP-2020-17969","address":"4604 DAVISON ST, Pittsburgh, PA 15201-","issue_date":"2021-10-14","completed_date":null,"status":"Completed","typology":"single_detached","units":1,"classification_confidence":"med","zon_new":"R1A-H","neighborhood":"Central Lawrenceville","days_to_issue":347,"days_elapsed_if_open":null,"censored":false,"same_parcel_n":1,"work_desc":"CONSTRUCT 3-STORY MODULAR HOUSE WITH BASEMENT, INTEGRAL PARKING & ROOFTOP DECK"}},{"type":"Feature","geometry":{"type":"Point","coordinates":[-79.956091,40.471298]},"properties":{"permit_id":"BP-2020-17970","address":"4606 DAVISON ST, Pittsburgh, PA 15201-","issue_date":"2021-10-14","completed_date":null,"status":"Completed","typology":"single_detached","units":1,"classification_confidence":"med","zon_new":"R1A-H","neighborhood":"Central Lawrenceville","days_to_issue":347,"days_elapsed_if_open":null,"censored":false,"same_parcel_n":1,"work_desc":"CONSTRUCT 3-STORY MODULAR HOUSE WITH BASEMENT, INTEGRAL PARKING & ROOFTOP DECK"}},{"type":"Feature","geometry":{"type":"Point","coordinates":[-79.9583,40.460219]},"properties":{"permit_id":"BP-2020-18351","address":"3721 MELWOOD AVE, Pittsburgh, PA 15213-","issue_date":"2020-12-03","completed_date":null,"status":"Completed","typology":"single_detached","units":1,"classification_confidence":"high","zon_new":"H","neighborhood":"Polish Hill","days_to_issue":27,"days_elapsed_if_open":null,"censored":false,"same_parcel_n":1,"work_desc":"CONSTRUCTION OF TWO STORY STRUCTURE AS SINGLE FAMILY RESIDENTIAL (DETACHED) WITH ONE (1) CAR INTEGRAL GARAGE, 8' X 24'7.75\" DECK AT REAR, AND 6' X 16' FRONT POR"}},{"type":"Feature","geometry":{"type":"Point","coordinates":[-79.928255,40.441413]},"properties":{"permit_id":"BP-2020-18414","address":"1452 WIGHTMAN ST, Pittsburgh, PA 15217-","issue_date":"2021-10-11","completed_date":null,"status":"Completed","typology":"single_detached","units":1,"classification_confidence":"high","zon_new":"R1D-VL","neighborhood":"Squirrel Hill North","days_to_issue":339,"days_elapsed_if_open":null,"censored":false,"same_parcel_n":1,"work_desc":"Construct a new one story with a basement single family dwelling that includes an attached two car garage and a rear porch"}},{"type":"Feature","geometry":{"type":"Point","coordinates":[-79.997804,40.443655]},"properties":{"permit_id":"BP-2020-18474","address":"908 PENN AVE #205, Pittsburgh, PA 15222-","issue_date":"2020-12-15","completed_date":null,"status":"Completed","typology":"multi_unit_4_19","units":5,"classification_confidence":"high","zon_new":"GT-C","neighborhood":"Central Business District","days_to_issue":36,"days_elapsed_if_open":null,"censored":false,"same_parcel_n":1,"work_desc":"INTERIOR ALTERATIONS TO ADD FIVE NEW DWELLING UNITS ON 2ND FLOOR OF SEVEN STORY STRUCTURE AND BIKE PARKING IN BASEMENT"}},{"type":"Feature","geometry":{"type":"Point","coordinates":[-79.968428,40.460351]},"properties":{"permit_id":"BP-2020-18718","address":"3234 LIBERTY AVE #562, Pittsburgh, PA 15201-","issue_date":"2021-03-05","completed_date":null,"status":"Completed","typology":"multi_unit_size_unknown","units":null,"classification_confidence":"low","zon_new":"UI","neighborhood":"Polish Hill","days_to_issue":113,"days_elapsed_if_open":null,"censored":false,"same_parcel_n":2,"work_desc":"[generic: CONSTRUCT FOUNDATION FOR A NEW 5 STORY STRUCTURE; same-parcel BP-2020-19674] PHASED CONSTRUCTION OF 6-STORY BUILDING APARTMENT BUILDING WITH INTEGRAL "}},{"type":"Feature","geometry":{"type":"Point","coordinates":[-80.026089,40.43624]},"properties":{"permit_id":"BP-2020-18940","address":"439 SHALER ST, Pittsburgh, PA 15211-","issue_date":"2021-03-15","completed_date":null,"status":"Completed","typology":"single_detached","units":1,"classification_confidence":"high","zon_new":"R1A-H","neighborhood":"Duquesne Heights","days_to_issue":119,"days_elapsed_if_open":null,"censored":false,"same_parcel_n":1,"work_desc":"CONSTRUCTION OF MODULAR 3-STORY SINGLE FAMILY DWELLING WITH INTEGRAL GARAGE, PRE-CAST FOUNDATION"}},{"type":"Feature","geometry":{"type":"Point","coordinates":[-80.026165,40.436147]},"properties":{"permit_id":"BP-2020-18941","address":"449 SHALER ST, Pittsburgh, PA 15211-","issue_date":"2021-03-15","completed_date":null,"status":"Amendment Applicant Revisions","typology":"single_detached","units":1,"classification_confidence":"high","zon_new":"R1A-H","neighborhood":"Duquesne Heights","days_to_issue":119,"days_elapsed_if_open":null,"censored":false,"same_parcel_n":1,"work_desc":"TWO-STORY STRUCTURE AS SINGLE-UNIT (DETACHED) DWELLING WITH INTEGRAL PARKING ON FIRST FLOOR & ROOFTOP DECK."}},{"type":"Feature","geometry":{"type":"Point","coordinates":[-79.938809,40.460574]},"properties":{"permit_id":"BP-2020-19521","address":"No primary address specified","issue_date":"2021-05-18","completed_date":null,"status":"Applicant Revisions","typology":"three_unit","units":3,"classification_confidence":"high","zon_new":"R3-M","neighborhood":"Bloomfield","days_to_issue":169,"days_elapsed_if_open":null,"censored":false,"same_parcel_n":1,"work_desc":"CONSTRUCTION OF A 3-STORY 3-UNIT DWELLING WITH REAR EXTERIOR PARKING"}},{"type":"Feature","geometry":{"type":"Point","coordinates":[-79.968428,40.460351]},"properties":{"permit_id":"BP-2020-19674","address":"3234 LIBERTY AVE #562, Pittsburgh, PA 15201-","issue_date":"2021-05-24","completed_date":null,"status":"Completed","typology":"multi_unit_20plus","units":230,"classification_confidence":"high","zon_new":"UI","neighborhood":"Polish Hill","days_to_issue":173,"days_elapsed_if_open":null,"censored":false,"same_parcel_n":2,"work_desc":"PHASED CONSTRUCTION OF 6-STORY BUILDING APARTMENT BUILDING WITH INTEGRAL PARKING - SUPERSTRUCTURE, CORE, SHELL, & FIT-OUT"}},{"type":"Feature","geometry":{"type":"Point","coordinates":[-80.011178,40.46056]},"properties":{"permit_id":"BP-2020-19701","address":"1854 CLAYTON AVE, Pittsburgh, PA 15214-","issue_date":"2021-10-22","completed_date":null,"status":"Issued","typology":"single_detached","units":1,"classification_confidence":"high","zon_new":"H","neighborhood":"Perry South","days_to_issue":324,"days_elapsed_if_open":null,"censored":false,"same_parcel_n":1,"work_desc":"CONSTRUCTION OF NEW 3 STORY SINGLE FAMILY DWELLING WITH REAR DECK AND ATTACHED GARAGE AMENDMENT TO UPDATE FOUNDATION AND DISTANCES FROM ADJACENT PROPERTY LINES"}},{"type":"Feature","geometry":{"type":"Point","coordinates":[-79.953506,40.431671]},"properties":{"permit_id":"BP-2020-20670","address":"3268 DAWSON ST, Pittsburgh, 15213-","issue_date":"2021-06-04","completed_date":null,"status":"Issued","typology":"two_unit","units":2,"classification_confidence":"med","zon_new":"R1A-H","neighborhood":"South Oakland","days_to_issue":165,"days_elapsed_if_open":null,"censored":false,"same_parcel_n":1,"work_desc":"INTERIOR/EXTERIOR RENOVATIONS TO CONVERT FROM COMMERCIAL MIXED USE INTO TWO-FAMILY DWELLING OF A MASONRY, 3 STORY, DETACHED, DWELLING. PROJECT IS REVIEWED UNDER"}},{"type":"Feature","geometry":{"type":"Point","coordinates":[-79.957214,40.476972]},"properties":{"permit_id":"BP-2020-20746","address":"4837 BUTLER ST #202, Pittsburgh, PA 15201-","issue_date":"2021-09-24","completed_date":null,"status":"Completed","typology":"two_unit","units":2,"classification_confidence":"high","zon_new":"LNC","neighborhood":"Central Lawrenceville","days_to_issue":276,"days_elapsed_if_open":null,"censored":false,"same_parcel_n":1,"work_desc":"CONSTRUCTION OF NEW 3-STORY MIXED-USE BUILDING WITH COMMERCIAL TENANT (CORE & SHELL) SPACE AT THE FIRST FLOOR AND BASEMENT LEVEL WITH TWO RESIDENTIAL APARTMENT "}},{"type":"Feature","geometry":{"type":"Point","coordinates":[-80.011445,40.459267]},"properties":{"permit_id":"BP-2020-20777","address":"240 E JEFFERSON ST, Pittsburgh, PA 15212-","issue_date":"2021-06-25","completed_date":null,"status":"Completed","typology":"single_attached","units":1,"classification_confidence":"high","zon_new":"R1A-VH","neighborhood":"Central Northside","days_to_issue":184,"days_elapsed_if_open":null,"censored":false,"same_parcel_n":1,"work_desc":"CONSTRUCTION OF A 3-STORY MODULAR TOWNHOUSE INCLUDING SITE BUILT 2-CAR GARAGE ON THE BASEMENT LEVEL AND SITE BUILT DECKS ON FIRST FLOOR AND ROOF Amendment: Add "}},{"type":"Feature","geometry":{"type":"Point","coordinates":[-80.011345,40.459286]},"properties":{"permit_id":"BP-2020-20778","address":"238 E JEFFERSON ST, Pittsburgh, PA 15212-","issue_date":"2021-06-25","completed_date":null,"status":"Completed","typology":"single_detached","units":1,"classification_confidence":"med","zon_new":"R1A-VH","neighborhood":"Central Northside","days_to_issue":184,"days_elapsed_if_open":null,"censored":false,"same_parcel_n":1,"work_desc":"CONSTRUCTION OF NEW MODULAR HOUSE"}},{"type":"Feature","geometry":{"type":"Point","coordinates":[-80.011527,40.459251]},"properties":{"permit_id":"BP-2020-20779","address":"242 E JEFFERSON ST, Pittsburgh, PA 15212-","issue_date":"2021-06-25","completed_date":null,"status":"Completed","typology":"single_attached","units":1,"classification_confidence":"high","zon_new":"R1A-VH","neighborhood":"Central Northside","days_to_issue":184,"days_elapsed_if_open":null,"censored":false,"same_parcel_n":1,"work_desc":"CONSTRUCT MODULAR TOWNHOUSE"}},{"type":"Feature","geometry":{"type":"Point","coordinates":[-79.954179,40.435258]},"properties":{"permit_id":"BP-2021-00037","address":"3422 WARD ST, Pittsburgh, 15213-","issue_date":"2021-02-09","completed_date":null,"status":"Completed","typology":"two_unit","units":2,"classification_confidence":"med","zon_new":"UC-MU","neighborhood":"Central Oakland","days_to_issue":36,"days_elapsed_if_open":null,"censored":false,"same_parcel_n":1,"work_desc":"INTERIOR AND EXTERIOR ALTERATIONS TO CONVERT AN ATTACHED (BOTH SIDES) 2 STORY SINGLE FAMILY RESIDENCE TO A 2 FAMILY RESIDENCE."}},{"type":"Feature","geometry":{"type":"Point","coordinates":[-80.014693,40.428629]},"properties":{"permit_id":"BP-2021-00653","address":"480 GRACE ST, Pittsburgh, PA 15211-","issue_date":"2021-08-04","completed_date":null,"status":"Issued","typology":"single_detached","units":1,"classification_confidence":"high","zon_new":"P","neighborhood":"Mount Washington","days_to_issue":202,"days_elapsed_if_open":null,"censored":false,"same_parcel_n":1,"work_desc":"NEW 2 STORY SINGLE FAMILY DWELLING WITH A DECK AT REAR AND INTEGRAL GARAGE"}},{"type":"Feature","geometry":{"type":"Point","coordinates":[-79.967878,40.460024]},"properties":{"permit_id":"BP-2021-00770","address":"3220 SASSAFRAS Way #414, Pittsburgh, PA 15201-","issue_date":"2021-06-17","completed_date":null,"status":"Completed","typology":"multi_unit_size_unknown","units":null,"classification_confidence":"med","zon_new":"UI","neighborhood":"Polish Hill","days_to_issue":150,"days_elapsed_if_open":null,"censored":false,"same_parcel_n":1,"work_desc":"CONSTRUCTION OF NEW 6 STORY APARTMENT BUILDING WITH INTEGRAL GARAGE AND 1 LEVEL OF UNDERGROUND PARKING"}},{"type":"Feature","geometry":{"type":"Point","coordinates":[-79.994627,40.435309]},"properties":{"permit_id":"BP-2021-01086","address":"700 2ND AVE #533, Pittsburgh, PA 15219-","issue_date":"2021-09-16","completed_date":null,"status":"Completed","typology":"multi_unit_20plus","units":49,"classification_confidence":"med","zon_new":"RIV-MU","neighborhood":"Bluff","days_to_issue":237,"days_elapsed_if_open":null,"censored":false,"same_parcel_n":1,"work_desc":"PHASED CONSTRUCTION - SHELL, CORE & FIT-OUT OF FLOORS 1 - 5 IN A 5 STORY STRUCTURE."}},{"type":"Feature","geometry":{"type":"Point","coordinates":[-80.017808,40.436896]},"properties":{"permit_id":"BP-2021-01137","address":"117 MERIDAN ST, Pittsburgh, PA 15211-","issue_date":"2021-09-14","completed_date":null,"status":"Completed","typology":"single_detached","units":1,"classification_confidence":"high","zon_new":"R1D-H","neighborhood":"Mount Washington","days_to_issue":234,"days_elapsed_if_open":null,"censored":false,"same_parcel_n":1,"work_desc":"Construction of a new 3-story, single-family, residential dwelling with masonry block foundation walls and a proposed rooftop deck structure."}},{"type":"Feature","geometry":{"type":"Point","coordinates":[-80.014649,40.4287]},"properties":{"permit_id":"BP-2021-01259","address":"476 GRACE ST, Pittsburgh, PA 15211-","issue_date":"2021-06-01","completed_date":null,"status":"Issued","typology":"single_detached","units":1,"classification_confidence":"high","zon_new":"P","neighborhood":"Mount Washington","days_to_issue":126,"days_elapsed_if_open":null,"censored":false,"same_parcel_n":1,"work_desc":"NEW 2 STORY SINGLE FAMILY DWELLING WITH A DECK AT REAR & AN INTEGRAL GARAGE."}},{"type":"Feature","geometry":{"type":"Point","coordinates":[-79.959848,40.462909]},"properties":{"permit_id":"BP-2021-01854","address":"351 MANION Way, Pittsburgh, PA 15201-","issue_date":"2021-03-24","completed_date":null,"status":"Completed","typology":"single_detached","units":1,"classification_confidence":"high","zon_new":"R1A-H","neighborhood":"Lower Lawrenceville","days_to_issue":48,"days_elapsed_if_open":null,"censored":false,"same_parcel_n":1,"work_desc":"NEW CONSTRUCTION OF 3 STORY SINGLE FAMILY DWELLING WITH A TWO CAR INTEGRAL GARAGE, FIRST FLOOR DECK, ROOFTOP DECK, AND 6' FENCE ALONG SIDES AND REAR"}},{"type":"Feature","geometry":{"type":"Point","coordinates":[-80.012862,40.459267]},"properties":{"permit_id":"BP-2021-02095","address":"418 W JEFFERSON ST, Pittsburgh, PA 15212-","issue_date":"2021-06-24","completed_date":null,"status":"Issued","typology":"single_detached","units":1,"classification_confidence":"high","zon_new":"H","neighborhood":"Central Northside","days_to_issue":135,"days_elapsed_if_open":null,"censored":false,"same_parcel_n":1,"work_desc":"NEW CONSTRUCTION OF SINGLE UNIT DWELLING WITH INTERNAL GARAGE, FIRST FLOOR BALCONY, SECOND FLOOR BALCONY, THIRD FLOOR BALCONY, FIRST FLOOR DECK, SECOND FLOOR DE"}},{"type":"Feature","geometry":{"type":"Point","coordinates":[-80.008404,40.430319]},"properties":{"permit_id":"BP-2021-02573","address":"132 VIRGINIA AVE, Pittsburgh, 15211-","issue_date":"2021-06-10","completed_date":null,"status":"Issued","typology":"two_unit","units":2,"classification_confidence":"high","zon_new":"LNC","neighborhood":"Mount Washington","days_to_issue":112,"days_elapsed_if_open":null,"censored":false,"same_parcel_n":1,"work_desc":"REPAIR FOR FIRST FLOOR AND FOUNDATION DUE TO VEHICLE DAMAGE CHANGE IN USE FROM SINGLE FAMILY TO TWO-FAMILY DWELLING"}},{"type":"Feature","geometry":{"type":"Point","coordinates":[-80.017849,40.436801]},"properties":{"permit_id":"BP-2021-02686","address":"121 MERIDAN ST, Pittsburgh, PA 15211-","issue_date":"2021-09-14","completed_date":null,"status":"Issued","typology":"single_detached","units":1,"classification_confidence":"high","zon_new":"R1D-H","neighborhood":"Mount Washington","days_to_issue":205,"days_elapsed_if_open":null,"censored":false,"same_parcel_n":1,"work_desc":"Construction of a new 3-story, single-family, residential dwelling with masonry block foundation walls and a proposed rooftop deck structure."}},{"type":"Feature","geometry":{"type":"Point","coordinates":[-80.017889,40.436707]},"properties":{"permit_id":"BP-2021-02687","address":"125 MERIDAN ST, Pittsburgh, PA 15211-","issue_date":"2021-09-14","completed_date":null,"status":"Completed","typology":"single_detached","units":1,"classification_confidence":"med","zon_new":"R1D-H","neighborhood":"Mount Washington","days_to_issue":205,"days_elapsed_if_open":null,"censored":false,"same_parcel_n":1,"work_desc":"CONSTRUCT NEW 3-STORY HOUSE WITH BASEMENT, 4TH FLR STAIR PENTHOUSE & ROOFTOP DECK"}},{"type":"Feature","geometry":{"type":"Point","coordinates":[-80.017923,40.43661]},"properties":{"permit_id":"BP-2021-02688","address":"129 MERIDAN ST, Pittsburgh, PA 15211-","issue_date":"2021-09-14","completed_date":null,"status":"Issued","typology":"single_detached","units":1,"classification_confidence":"high","zon_new":"R1D-H","neighborhood":"Mount Washington","days_to_issue":205,"days_elapsed_if_open":null,"censored":false,"same_parcel_n":1,"work_desc":"Construction of a new 3-story, single-family, residential dwelling with masonry block foundation walls and a proposed rooftop deck structure."}},{"type":"Feature","geometry":{"type":"Point","coordinates":[-80.023438,40.459478]},"properties":{"permit_id":"BP-2021-02742","address":"1144 KIRKBRIDE ST #411, Pittsburgh, PA 15212-","issue_date":"2021-07-09","completed_date":null,"status":"Completed","typology":"multi_unit_20plus","units":30,"classification_confidence":"high","zon_new":"NDI","neighborhood":"California-Kirkbride","days_to_issue":137,"days_elapsed_if_open":null,"censored":false,"same_parcel_n":1,"work_desc":"CONSTRUCTION OF A 4-STORY 30 UNIT APARTMENT BUILDING AND 20 SPACE PARKING LOT INCLUDING 2 ACCESSIBLE SPACES. STRUCTURE TO INCLUDE 4 ACCESSIBLE UNITS, 26 TYPE B "}},{"type":"Feature","geometry":{"type":"Point","coordinates":[-79.949144,40.481567]},"properties":{"permit_id":"BP-2021-02846","address":"513 54TH ST, Pittsburgh, PA 15201-","issue_date":"2021-12-06","completed_date":null,"status":"Completed","typology":"single_detached","units":1,"classification_confidence":"med","zon_new":"H","neighborhood":"Upper Lawrenceville","days_to_issue":286,"days_elapsed_if_open":null,"censored":false,"same_parcel_n":1,"work_desc":"CONSTRUCT 3-STORY HOUSE WITH BASEMENT & REAR RETAINING WALL"}},{"type":"Feature","geometry":{"type":"Point","coordinates":[-79.925427,40.466188]},"properties":{"permit_id":"BP-2021-03154","address":"420 N EUCLID AVE, Pittsburgh, PA 15206-","issue_date":"2022-03-08","completed_date":null,"status":"Completed","typology":"single_detached","units":1,"classification_confidence":"high","zon_new":"R2-M","neighborhood":"East Liberty","days_to_issue":372,"days_elapsed_if_open":null,"censored":false,"same_parcel_n":1,"work_desc":"MODULAR CONSTRUCTION OF A 2-STORY SINGLE FAMILY DWELLING"}},{"type":"Feature","geometry":{"type":"Point","coordinates":[-79.934912,40.415871]},"properties":{"permit_id":"BP-2021-03389","address":"540 BLACKSTONE ST, Pittsburgh, PA 15207-","issue_date":"2021-05-18","completed_date":null,"status":"Completed","typology":"single_detached","units":1,"classification_confidence":"med","zon_new":"R2-L","neighborhood":"Hazelwood","days_to_issue":76,"days_elapsed_if_open":null,"censored":false,"same_parcel_n":1,"work_desc":"CONSTRUCT NEW 2-STORY HOUSE & DETACHED GARAGE IN REAR YARD"}},{"type":"Feature","geometry":{"type":"Point","coordinates":[-80.004689,40.460763]},"properties":{"permit_id":"BP-2021-03435","address":"1612 MEADVILLE ST, Pittsburgh, PA 15214-","issue_date":"2021-05-06","completed_date":null,"status":"Completed","typology":"single_detached","units":1,"classification_confidence":"med","zon_new":"R1D-H","neighborhood":"Fineview","days_to_issue":63,"days_elapsed_if_open":null,"censored":false,"same_parcel_n":1,"work_desc":"CONSTRUCT NEW TWO-STORY HOUSE WITH BASEMENT AND FIRST FLOOR DECK"}},{"type":"Feature","geometry":{"type":"Point","coordinates":[-79.949043,40.481504]},"properties":{"permit_id":"BP-2021-03981","address":"519 54TH ST, Pittsburgh, 15201-","issue_date":"2021-12-06","completed_date":null,"status":"Completed","typology":"single_detached","units":1,"classification_confidence":"med","zon_new":"H","neighborhood":"Upper Lawrenceville","days_to_issue":269,"days_elapsed_if_open":null,"censored":false,"same_parcel_n":1,"work_desc":"CONSTRUCT 3-STORY HOUSE WITH BASEMENT & REAR RETAINING WALL"}},{"type":"Feature","geometry":{"type":"Point","coordinates":[-79.926316,40.463524]},"properties":{"permit_id":"BP-2021-04310","address":"205 N BEATTY ST #417, Pittsburgh, PA 15206-","issue_date":"2021-06-29","completed_date":null,"status":"Completed","typology":"single_detached","units":42,"classification_confidence":"med","zon_new":"UNC","neighborhood":"East Liberty","days_to_issue":103,"days_elapsed_if_open":null,"censored":false,"same_parcel_n":1,"work_desc":"Construct new four stories residential apartment houses building containing 42 residential units Amendment: to include the parking lot in the certificate of occ"}},{"type":"Feature","geometry":{"type":"Point","coordinates":[-79.959154,40.476078]},"properties":{"permit_id":"BP-2021-04424","address":"4728 HATFIELD ST, Pittsburgh, PA 15201-","issue_date":"2021-08-04","completed_date":null,"status":"Issued","typology":"single_detached","units":1,"classification_confidence":"high","zon_new":"R1A-VH","neighborhood":"Central Lawrenceville","days_to_issue":138,"days_elapsed_if_open":null,"censored":false,"same_parcel_n":1,"work_desc":"CONSTRUCTION OF A 4-STORY SINGLE FAMILY DWELLING WITH ROOFTOP DECKS AT FRONT AND REAR"}},{"type":"Feature","geometry":{"type":"Point","coordinates":[-79.9667,40.466072]},"properties":{"permit_id":"BP-2021-04647","address":"3600 SMALLMAN ST, Pittsburgh, PA 15201-","issue_date":"2021-04-15","completed_date":null,"status":"Issued","typology":"single_detached","units":1,"classification_confidence":"high","zon_new":"R1A-VH","neighborhood":"Lower Lawrenceville","days_to_issue":23,"days_elapsed_if_open":null,"censored":false,"same_parcel_n":1,"work_desc":"CONSTRUCT 3-STORY SINGLE-FAMILY DWELLING AND DETACHED GARAGE"}},{"type":"Feature","geometry":{"type":"Point","coordinates":[-79.959205,40.47604]},"properties":{"permit_id":"BP-2021-04722","address":"4726 HATFIELD ST, Pittsburgh, PA 15201-","issue_date":"2021-08-04","completed_date":null,"status":"Issued","typology":"single_detached","units":1,"classification_confidence":"high","zon_new":"R1A-VH","neighborhood":"Central Lawrenceville","days_to_issue":133,"days_elapsed_if_open":null,"censored":false,"same_parcel_n":1,"work_desc":"CONSTRUCTION OF A 4-STORY SINGLE FAMILY DWELLING WITH ROOFTOP DECKS AT FRONT AND REAR"}},{"type":"Feature","geometry":{"type":"Point","coordinates":[-79.969876,40.461169]},"properties":{"permit_id":"BP-2021-04796","address":"3205 PENN AVE #634, Pittsburgh, PA 15201-","issue_date":"2021-09-03","completed_date":null,"status":"Completed","typology":"multi_unit_20plus","units":115,"classification_confidence":"high","zon_new":"RIV-IMU","neighborhood":"Strip District","days_to_issue":163,"days_elapsed_if_open":null,"censored":false,"same_parcel_n":1,"work_desc":"CONSTRUCT NEW SIX STORY APARTMENT BUILDING WITH PARKING AND AMENITY SPACES AT FIRST AND SIXTH STORY WITH 115 DWELLING UNITS ON STORIES TWO THROUGH SIX"}},{"type":"Feature","geometry":{"type":"Point","coordinates":[-79.929116,40.485245]},"properties":{"permit_id":"BP-2021-05256","address":"1689 MORNINGSIDE AVE, Pittsburgh, 15206-","issue_date":"2021-05-20","completed_date":null,"status":"Completed","typology":"two_unit","units":2,"classification_confidence":"med","zon_new":"R1D-H","neighborhood":"Morningside","days_to_issue":49,"days_elapsed_if_open":null,"censored":false,"same_parcel_n":1,"work_desc":"CHANGE OF USE OF EXISTING THREE-STORY SINGLE-FAMILY DWELLING TO A TWO-FAMILY DWELLING."}},{"type":"Feature","geometry":{"type":"Point","coordinates":[-79.977678,40.455798]},"properties":{"permit_id":"BP-2021-05282","address":"2635 PENN AVE #508, Pittsburgh, PA 15222-","issue_date":"2022-01-06","completed_date":null,"status":"Completed","typology":"multi_unit_size_unknown","units":null,"classification_confidence":"med","zon_new":"RIV-IMU","neighborhood":"Strip District","days_to_issue":280,"days_elapsed_if_open":null,"censored":false,"same_parcel_n":1,"work_desc":"FIT-OUT OF FLRS 2-6 AS APARTMENTS, EXCLUDES UNIT 508"}},{"type":"Feature","geometry":{"type":"Point","coordinates":[-80.014604,40.428771]},"properties":{"permit_id":"BP-2021-05516","address":"472 GRACE ST, Pittsburgh, PA 15211-","issue_date":"2021-05-27","completed_date":null,"status":"Issued","typology":"single_detached","units":1,"classification_confidence":"high","zon_new":"P","neighborhood":"Mount Washington","days_to_issue":51,"days_elapsed_if_open":null,"censored":false,"same_parcel_n":1,"work_desc":"NEW 2 STORY SINGLE FAMILY DWELLING WITH DECK OF 1ST FLOOR & INTEGRAL GARAGE"}},{"type":"Feature","geometry":{"type":"Point","coordinates":[-80.014552,40.428839]},"properties":{"permit_id":"BP-2021-05518","address":"468 GRACE ST, Pittsburgh, PA 15211-","issue_date":"2022-01-10","completed_date":null,"status":"Issued","typology":"single_detached","units":1,"classification_confidence":"high","zon_new":"P","neighborhood":"Mount Washington","days_to_issue":279,"days_elapsed_if_open":null,"censored":false,"same_parcel_n":1,"work_desc":"NEW 2 STORY SINGLE FAMILY DWELLING WITH DECK OF 1ST FLOOR & INTEGRAL GARAGE"}},{"type":"Feature","geometry":{"type":"Point","coordinates":[-80.007161,40.455665]},"properties":{"permit_id":"BP-2021-06358","address":"6 W NORTH AVE #212, Pittsburgh, PA 15212-","issue_date":"2021-07-21","completed_date":null,"status":"Completed","typology":"multi_unit_20plus","units":46,"classification_confidence":"med","zon_new":"LNC","neighborhood":"Central Northside","days_to_issue":93,"days_elapsed_if_open":null,"censored":false,"same_parcel_n":1,"work_desc":"CONSTRUCTION OF NEW 5 STORY MIXED-USE STRUCTURE"}},{"type":"Feature","geometry":{"type":"Point","coordinates":[-79.949336,40.480467]},"properties":{"permit_id":"BP-2021-06395","address":"5312 LOTUS Way, Pittsburgh, PA 15201-","issue_date":"2021-10-14","completed_date":null,"status":"Revoked","typology":"single_detached","units":1,"classification_confidence":"high","zon_new":"R1A-VH","neighborhood":"Upper Lawrenceville","days_to_issue":178,"days_elapsed_if_open":null,"censored":false,"same_parcel_n":1,"work_desc":"CONSTRUCT NEW THREE STORY SINGLE FAMILY DWELLING WITH ROOFTOP DECK AND INTEGRAL GARAGE"}},{"type":"Feature","geometry":{"type":"Point","coordinates":[-79.913322,40.465284]},"properties":{"permit_id":"BP-2021-07400","address":"116 WINSLOW ST, Pittsburgh, PA 15206-","issue_date":"2021-07-19","completed_date":null,"status":"Completed","typology":"single_detached","units":1,"classification_confidence":"med","zon_new":"LNC","neighborhood":"Larimer","days_to_issue":76,"days_elapsed_if_open":null,"censored":false,"same_parcel_n":6,"work_desc":"CONSTRUCT NEW 2-STORY HOUSE"}},{"type":"Feature","geometry":{"type":"Point","coordinates":[-79.913322,40.465284]},"properties":{"permit_id":"BP-2021-07407","address":"116 WINSLOW ST, Pittsburgh, PA 15206-","issue_date":"2021-07-19","completed_date":null,"status":"Completed","typology":"single_detached","units":1,"classification_confidence":"med","zon_new":"LNC","neighborhood":"Larimer","days_to_issue":76,"days_elapsed_if_open":null,"censored":false,"same_parcel_n":6,"work_desc":"CONSTRUCT NEW 2-1/2 STORY HOUSE"}},{"type":"Feature","geometry":{"type":"Point","coordinates":[-79.913322,40.465284]},"properties":{"permit_id":"BP-2021-07417","address":"116 WINSLOW ST, Pittsburgh, PA 15206-","issue_date":"2021-07-19","completed_date":null,"status":"Completed","typology":"single_detached","units":1,"classification_confidence":"med","zon_new":"LNC","neighborhood":"Larimer","days_to_issue":76,"days_elapsed_if_open":null,"censored":false,"same_parcel_n":6,"work_desc":"CONSTRUCT NEW 2-1/2 STORY HOUSE"}},{"type":"Feature","geometry":{"type":"Point","coordinates":[-79.913322,40.465284]},"properties":{"permit_id":"BP-2021-07422","address":"116 WINSLOW ST, Pittsburgh, PA 15206-","issue_date":"2021-07-19","completed_date":null,"status":"Completed","typology":"single_detached","units":1,"classification_confidence":"med","zon_new":"LNC","neighborhood":"Larimer","days_to_issue":76,"days_elapsed_if_open":null,"censored":false,"same_parcel_n":6,"work_desc":"CONSTRUCT NEW 2-1/2 STORY HOUSE"}},{"type":"Feature","geometry":{"type":"Point","coordinates":[-79.913322,40.465284]},"properties":{"permit_id":"BP-2021-07425","address":"116 WINSLOW ST, Pittsburgh, PA 15206-","issue_date":"2021-07-19","completed_date":null,"status":"Completed","typology":"single_detached","units":1,"classification_confidence":"med","zon_new":"LNC","neighborhood":"Larimer","days_to_issue":76,"days_elapsed_if_open":null,"censored":false,"same_parcel_n":6,"work_desc":"CONSTRUCT NEW 2-STORY HOUSE"}},{"type":"Feature","geometry":{"type":"Point","coordinates":[-79.913322,40.465284]},"properties":{"permit_id":"BP-2021-07429","address":"116 WINSLOW ST, Pittsburgh, PA 15206-","issue_date":"2021-07-21","completed_date":null,"status":"Completed","typology":"multi_unit_size_unknown","units":null,"classification_confidence":"med","zon_new":"LNC","neighborhood":"Larimer","days_to_issue":78,"days_elapsed_if_open":null,"censored":false,"same_parcel_n":6,"work_desc":"CONSTRUCT 3-STORY APARTMENT BUILDING"}},{"type":"Feature","geometry":{"type":"Point","coordinates":[-79.949819,40.480949]},"properties":{"permit_id":"BP-2021-07530","address":"5315 HOLMES ST, Pittsburgh, PA 15201-","issue_date":"2022-03-31","completed_date":null,"status":"Completed","typology":"single_detached","units":1,"classification_confidence":"high","zon_new":"R1A-VH","neighborhood":"Upper Lawrenceville","days_to_issue":330,"days_elapsed_if_open":null,"censored":false,"same_parcel_n":1,"work_desc":"CONSTRUCTION OF NEW SINGLE FAMILY DWELLING WITH FIRST FLOOR INTEGRAL ONE CAR GARAGE, SECOND AND THIRD FLOOR BALCONY AT FRONT AND ROOFTOP DECK"}},{"type":"Feature","geometry":{"type":"Point","coordinates":[-79.925263,40.467307]},"properties":{"permit_id":"BP-2021-07677","address":"517 N EUCLID AVE, Pittsburgh, PA 15206-","issue_date":"2021-06-25","completed_date":null,"status":"Issued","typology":"single_detached","units":1,"classification_confidence":"high","zon_new":"R2-H","neighborhood":"East Liberty","days_to_issue":49,"days_elapsed_if_open":null,"censored":false,"same_parcel_n":2,"work_desc":"NEW CONSTRUCTION OF INDUSTRIALIZED 3-STORY SINGLE-FAMILY DWELLING WITH DECK OFF REAR 2ND-STORY AND TWO-CAR INTEGRAL GARAGE AMENDMENT: Structural detail for rear"}},{"type":"Feature","geometry":{"type":"Point","coordinates":[-79.989538,40.457295]},"properties":{"permit_id":"BP-2021-07695","address":"1201 TROY HILL RD, Pittsburgh, PA 15212-","issue_date":"2022-03-29","completed_date":null,"status":"Issued","typology":"single_detached","units":1,"classification_confidence":"high","zon_new":"UI","neighborhood":"Troy Hill","days_to_issue":325,"days_elapsed_if_open":null,"censored":false,"same_parcel_n":1,"work_desc":"CONSTRUCTION OF NEW SINGLE FAMILY HOME WITH ADDITIONAL SUITE WITH 2 GUEST LODGING ROOMS AND ASSOCIATED SITEWORK"}},{"type":"Feature","geometry":{"type":"Point","coordinates":[-80.013212,40.459304]},"properties":{"permit_id":"BP-2021-07830","address":"508 W JEFFERSON ST, Pittsburgh, PA 15212-","issue_date":"2021-06-16","completed_date":null,"status":"Completed","typology":"single_attached","units":1,"classification_confidence":"high","zon_new":"H","neighborhood":"Central Northside","days_to_issue":36,"days_elapsed_if_open":null,"censored":false,"same_parcel_n":1,"work_desc":"New construction of a four-story, attached, single family dwelling unit. Structure will be sprinklered and fire separated from the neighboring attached unit wit"}},{"type":"Feature","geometry":{"type":"Point","coordinates":[-79.958674,40.439658]},"properties":{"permit_id":"BP-2021-08132","address":"3510 FORBES AVE, Pittsburgh, PA 15213-","issue_date":"2021-08-25","completed_date":null,"status":"Completed","typology":"multi_unit_size_unknown","units":null,"classification_confidence":"low","zon_new":"UC-E","neighborhood":"Central Oakland","days_to_issue":103,"days_elapsed_if_open":null,"censored":false,"same_parcel_n":3,"work_desc":"[generic: SITE WORK AND FOUNDATION FOR FUTURE 10-STORY MULTI-USE STRUCTURE; same-parcel BP-2021-08547] CONSTRUCTION OF NEW HIGHRISE APARTMENT BUILDING WITH ENCL"}},{"type":"Feature","geometry":{"type":"Point","coordinates":[-79.958674,40.439658]},"properties":{"permit_id":"BP-2021-08546","address":"3510 FORBES AVE, Pittsburgh, PA 15213-","issue_date":"2021-11-16","completed_date":null,"status":"Completed","typology":"multi_unit_size_unknown","units":null,"classification_confidence":"med","zon_new":"UC-E","neighborhood":"Central Oakland","days_to_issue":179,"days_elapsed_if_open":null,"censored":false,"same_parcel_n":3,"work_desc":"CONSTRUCTION OF SUPERSTRUCTURE (COLUMNS, FLOOR/CEILING SLABS, AND SHEAR WALLS) FOR PORTION OF NEW TEN STORY HIGHRISE APARTMENT BUILDING WITH ENCLOSED PARKING GA"}},{"type":"Feature","geometry":{"type":"Point","coordinates":[-79.958674,40.439658]},"properties":{"permit_id":"BP-2021-08547","address":"3510 FORBES AVE, Pittsburgh, PA 15213-","issue_date":"2022-01-11","completed_date":null,"status":"Completed","typology":"multi_unit_size_unknown","units":null,"classification_confidence":"med","zon_new":"UC-E","neighborhood":"Central Oakland","days_to_issue":235,"days_elapsed_if_open":null,"censored":false,"same_parcel_n":3,"work_desc":"CONSTRUCTION OF NEW HIGHRISE APARTMENT BUILDING WITH ENCLOSED PARKING GARAGE, TENANT AMENITY SPACES, COURTYARD, AND CORE AND SHELL SPACE FOR FUTURE TENANT(S)"}},{"type":"Feature","geometry":{"type":"Point","coordinates":[-79.927269,40.464965]},"properties":{"permit_id":"BP-2021-08568","address":"300 N SAINT CLAIR ST, Pittsburgh, PA 15206-","issue_date":"2021-09-01","completed_date":null,"status":"Issued","typology":"single_detached","units":1,"classification_confidence":"high","zon_new":"R2-M","neighborhood":"East Liberty","days_to_issue":101,"days_elapsed_if_open":null,"censored":false,"same_parcel_n":1,"work_desc":"CONSTRUCT 3-1/2 STORY SINGLE-FAMILY DWELLING WITH INTEGRAL GARAGE, FRONT PORCH & 2ND & 4TH FLR REAR DECKS"}},{"type":"Feature","geometry":{"type":"Point","coordinates":[-79.927233,40.465027]},"properties":{"permit_id":"BP-2021-08570","address":"302 N SAINT CLAIR ST, Pittsburgh, PA 15206-","issue_date":"2021-09-01","completed_date":null,"status":"Completed","typology":"single_detached","units":1,"classification_confidence":"high","zon_new":"R2-M","neighborhood":"East Liberty","days_to_issue":101,"days_elapsed_if_open":null,"censored":false,"same_parcel_n":1,"work_desc":"CONSTRUCT 3-1/2 STORY SINGLE-FAMILY DWELLING WITH INTEGRAL GARAGE, FRONT PORCH & 2ND & 4TH FLR REAR DECKS"}},{"type":"Feature","geometry":{"type":"Point","coordinates":[-80.024684,40.460022]},"properties":{"permit_id":"BP-2021-08667","address":"1227 KUNKLE AVE, Pittsburgh, PA 15212-","issue_date":null,"completed_date":"2022-11-29","status":"Completed","typology":"two_unit","units":2,"classification_confidence":"med","zon_new":"NDI","neighborhood":"California-Kirkbride","days_to_issue":null,"days_elapsed_if_open":null,"censored":false,"same_parcel_n":1,"work_desc":null}},{"type":"Feature","geometry":{"type":"Point","coordinates":[-80.024256,40.459779]},"properties":{"permit_id":"BP-2021-08673","address":"1923 SEDGWICK ST, Pittsburgh, PA 15212-","issue_date":null,"completed_date":"2022-11-29","status":"Completed","typology":"two_unit","units":2,"classification_confidence":"med","zon_new":"NDI","neighborhood":"California-Kirkbride","days_to_issue":null,"days_elapsed_if_open":null,"censored":false,"same_parcel_n":1,"work_desc":null}},{"type":"Feature","geometry":{"type":"Point","coordinates":[-80.024922,40.459986]},"properties":{"permit_id":"BP-2021-08676","address":"1237 KUNKLE AVE, Pittsburgh, PA 15212-","issue_date":null,"completed_date":"2022-12-01","status":"Completed","typology":"two_unit","units":2,"classification_confidence":"med","zon_new":"NDI","neighborhood":"California-Kirkbride","days_to_issue":null,"days_elapsed_if_open":null,"censored":false,"same_parcel_n":1,"work_desc":null}},{"type":"Feature","geometry":{"type":"Point","coordinates":[-80.024838,40.460301]},"properties":{"permit_id":"BP-2021-08682","address":"1232 KUNKLE AVE, Pittsburgh, PA 15212-","issue_date":"2021-07-01","completed_date":null,"status":"Completed","typology":"single_attached","units":1,"classification_confidence":"high","zon_new":"R1A-M","neighborhood":"California-Kirkbride","days_to_issue":37,"days_elapsed_if_open":null,"censored":false,"same_parcel_n":1,"work_desc":"The new construction of an attached single-family dwelling (Unit 3A). New slab-on-grade two-story unit with wood-framed walls and floor/roofs."}},{"type":"Feature","geometry":{"type":"Point","coordinates":[-80.024997,40.460272]},"properties":{"permit_id":"BP-2021-08684","address":"1236 KUNKLE AVE, Pittsburgh, PA 15212-","issue_date":"2021-07-09","completed_date":null,"status":"Completed","typology":"single_attached","units":1,"classification_confidence":"high","zon_new":"R1A-M","neighborhood":"California-Kirkbride","days_to_issue":45,"days_elapsed_if_open":null,"censored":false,"same_parcel_n":1,"work_desc":"The new construction of an attached single-family dwelling (Unit 3B). New slab-on-grade two-story unit with wood-framed walls and floor/roofs."}},{"type":"Feature","geometry":{"type":"Point","coordinates":[-80.025142,40.460246]},"properties":{"permit_id":"BP-2021-08685","address":"1246 KUNKLE AVE, Pittsburgh, PA 15212-","issue_date":"2021-07-09","completed_date":null,"status":"Completed","typology":"single_attached","units":1,"classification_confidence":"high","zon_new":"R1A-M","neighborhood":"California-Kirkbride","days_to_issue":45,"days_elapsed_if_open":null,"censored":false,"same_parcel_n":1,"work_desc":"The new construction of an attached single-family dwelling (Unit 2A). New slab-on-grade two-story unit with wood-framed walls and floor/roofs."}},{"type":"Feature","geometry":{"type":"Point","coordinates":[-80.025281,40.460221]},"properties":{"permit_id":"BP-2021-08686","address":"1252 KUNKLE AVE, Pittsburgh, PA 15212-","issue_date":"2021-07-01","completed_date":null,"status":"Completed","typology":"single_attached","units":1,"classification_confidence":"high","zon_new":"R1A-M","neighborhood":"California-Kirkbride","days_to_issue":37,"days_elapsed_if_open":null,"censored":false,"same_parcel_n":1,"work_desc":"The new construction of an attached single-family dwelling (Unit 2B). New slab-on-grade two-story unit with wood-framed walls and floor/roofs."}},{"type":"Feature","geometry":{"type":"Point","coordinates":[-80.025421,40.460197]},"properties":{"permit_id":"BP-2021-08687","address":"1262 KUNKLE AVE, Pittsburgh, PA 15212-","issue_date":"2021-07-09","completed_date":null,"status":"Completed","typology":"single_attached","units":1,"classification_confidence":"high","zon_new":"R1A-M","neighborhood":"California-Kirkbride","days_to_issue":45,"days_elapsed_if_open":null,"censored":false,"same_parcel_n":1,"work_desc":"The new construction of an attached single-family dwelling (Unit 1A). New slab-on-grade two-story unit with wood-framed walls and floor/roofs."}},{"type":"Feature","geometry":{"type":"Point","coordinates":[-80.025643,40.460175]},"properties":{"permit_id":"BP-2021-08689","address":"1266 KUNKLE AVE, Pittsburgh, PA 15212-","issue_date":"2021-07-01","completed_date":null,"status":"Completed","typology":"single_attached","units":1,"classification_confidence":"high","zon_new":"R1A-M","neighborhood":"California-Kirkbride","days_to_issue":37,"days_elapsed_if_open":null,"censored":false,"same_parcel_n":1,"work_desc":"The new construction of an attached single-family dwelling (Unit 1B). New slab-on-grade two-story unit with wood-framed walls and floor/roofs."}},{"type":"Feature","geometry":{"type":"Point","coordinates":[-79.968593,40.45597]},"properties":{"permit_id":"BP-2021-08816","address":"3011 PAULOWNA ST, Pittsburgh, PA 15219-","issue_date":"2021-08-27","completed_date":null,"status":"Issued","typology":"single_detached","units":1,"classification_confidence":"med","zon_new":"R2-H","neighborhood":"Polish Hill","days_to_issue":93,"days_elapsed_if_open":null,"censored":false,"same_parcel_n":1,"work_desc":"CONSTRUCTION OF THREE STORY WOOD FRAMED DWELLING UNIT WITH INTEGRAL GARAGE AND ROOF DECK"}},{"type":"Feature","geometry":{"type":"Point","coordinates":[-80.017576,40.436828]},"properties":{"permit_id":"BP-2021-09044","address":"114 HALLOCK ST, Pittsburgh, PA 15211-","issue_date":"2021-08-06","completed_date":null,"status":"Issued","typology":"single_detached","units":1,"classification_confidence":"high","zon_new":"R1D-H","neighborhood":"Mount Washington","days_to_issue":66,"days_elapsed_if_open":null,"censored":false,"same_parcel_n":1,"work_desc":"Construction of a new 3-story, single-family, residential dwelling with masonry block foundation walls and a proposed rooftop deck structure."}},{"type":"Feature","geometry":{"type":"Point","coordinates":[-80.017609,40.436731]},"properties":{"permit_id":"BP-2021-09076","address":"118 HALLOCK ST, Pittsburgh, PA 15211-","issue_date":"2021-08-06","completed_date":null,"status":"Completed","typology":"single_detached","units":1,"classification_confidence":"med","zon_new":"R1D-H","neighborhood":"Mount Washington","days_to_issue":65,"days_elapsed_if_open":null,"censored":false,"same_parcel_n":1,"work_desc":"CONSTRUCT 3-STORY HOUSE WITH ROOFTOP DECK"}},{"type":"Feature","geometry":{"type":"Point","coordinates":[-80.017642,40.436636]},"properties":{"permit_id":"BP-2021-09077","address":"122 HALLOCK ST, Pittsburgh, PA 15211-","issue_date":"2021-08-06","completed_date":null,"status":"Issued","typology":"single_detached","units":1,"classification_confidence":"high","zon_new":"R1D-H","neighborhood":"Mount Washington","days_to_issue":65,"days_elapsed_if_open":null,"censored":false,"same_parcel_n":1,"work_desc":"Construction of a new 3-story, single-family, residential dwelling with masonry block foundation walls and a proposed rooftop deck structure."}},{"type":"Feature","geometry":{"type":"Point","coordinates":[-80.017668,40.436538]},"properties":{"permit_id":"BP-2021-09079","address":"126 HALLOCK ST, Pittsburgh, PA 15211-","issue_date":"2021-08-06","completed_date":null,"status":"Completed","typology":"single_detached","units":1,"classification_confidence":"high","zon_new":"R1D-H","neighborhood":"Mount Washington","days_to_issue":65,"days_elapsed_if_open":null,"censored":false,"same_parcel_n":1,"work_desc":"Construction of a new 3-story, single-family, residential dwelling with masonry block foundation walls and a proposed rooftop deck structure."}},{"type":"Feature","geometry":{"type":"Point","coordinates":[-80.023809,40.437147]},"properties":{"permit_id":"BP-2021-09113","address":"319 EDITH ST, Pittsburgh, PA 15211-","issue_date":"2021-11-30","completed_date":null,"status":"Issued","typology":"single_detached","units":1,"classification_confidence":"high","zon_new":"R1A-H","neighborhood":"Duquesne Heights","days_to_issue":181,"days_elapsed_if_open":null,"censored":false,"same_parcel_n":2,"work_desc":"NEW CONSTRUCTION OF A SINGLE FAMILY DWELLING...EXTERIOR RENOVATION TO AN EXISTING DETACHED GARAGE...NEW RETAING WALLS IN REAR YARD."}},{"type":"Feature","geometry":{"type":"Point","coordinates":[-79.952824,40.429009]},"properties":{"permit_id":"BP-2021-09228","address":"3747 FRAZIER ST, Pittsburgh, PA 15213-","issue_date":null,"completed_date":"2023-04-14","status":"Completed","typology":"single_detached","units":1,"classification_confidence":"med","zon_new":"R1A-H","neighborhood":"South Oakland","days_to_issue":null,"days_elapsed_if_open":null,"censored":false,"same_parcel_n":1,"work_desc":null}},{"type":"Feature","geometry":{"type":"Point","coordinates":[-79.952765,40.428966]},"properties":{"permit_id":"BP-2021-09229","address":"3749 FRAZIER ST, Pittsburgh, PA 15213-","issue_date":null,"completed_date":"2023-04-14","status":"Completed","typology":"single_detached","units":1,"classification_confidence":"med","zon_new":"R1A-H","neighborhood":"South Oakland","days_to_issue":null,"days_elapsed_if_open":null,"censored":false,"same_parcel_n":1,"work_desc":null}},{"type":"Feature","geometry":{"type":"Point","coordinates":[-79.952703,40.428919]},"properties":{"permit_id":"BP-2021-09230","address":"3751 FRAZIER ST, Pittsburgh, PA 15213-","issue_date":null,"completed_date":"2023-04-14","status":"Completed","typology":"single_detached","units":1,"classification_confidence":"med","zon_new":"R1A-H","neighborhood":"South Oakland","days_to_issue":null,"days_elapsed_if_open":null,"censored":false,"same_parcel_n":1,"work_desc":null}},{"type":"Feature","geometry":{"type":"Point","coordinates":[-79.952545,40.428802]},"properties":{"permit_id":"BP-2021-09231","address":"3787 FRAZIER ST, Pittsburgh, PA 15213-","issue_date":null,"completed_date":"2023-04-14","status":"Completed","typology":"single_detached","units":1,"classification_confidence":"med","zon_new":"R1A-H","neighborhood":"South Oakland","days_to_issue":null,"days_elapsed_if_open":null,"censored":false,"same_parcel_n":1,"work_desc":null}},{"type":"Feature","geometry":{"type":"Point","coordinates":[-79.933541,40.466561]},"properties":{"permit_id":"BP-2021-09242","address":"5438 ROSETTA ST, Pittsburgh, PA 15206-","issue_date":"2021-07-27","completed_date":null,"status":"Completed","typology":"single_detached","units":1,"classification_confidence":"high","zon_new":"R2-H","neighborhood":"Garfield","days_to_issue":53,"days_elapsed_if_open":null,"censored":false,"same_parcel_n":1,"work_desc":"NEW CONSTRUCTION OF DETACHED TWO STORY SINGLE FAMILY DWELLING WITH INTEGRAL ONE CAR GARAGE AND DECK AT REAR"}},{"type":"Feature","geometry":{"type":"Point","coordinates":[-79.920568,40.465505]},"properties":{"permit_id":"BP-2021-09362","address":"500 N SHERIDAN AVE, Pittsburgh, PA 15206-","issue_date":"2021-08-02","completed_date":null,"status":"Issued","typology":"single_detached","units":1,"classification_confidence":"med","zon_new":"R1A-H","neighborhood":"East Liberty","days_to_issue":56,"days_elapsed_if_open":null,"censored":false,"same_parcel_n":1,"work_desc":"CONSTRUCT NEW THREE STORY, MODULAR HOME WITH SITE-BUILT BASEMENT, REAR DECK, AND DETACHED ONE STORY GARAGE"}},{"type":"Feature","geometry":{"type":"Point","coordinates":[-79.980644,40.453103]},"properties":{"permit_id":"BP-2021-09836","address":"2330 PENN AVE #801, Pittsburgh, PA 15222-","issue_date":"2022-05-23","completed_date":null,"status":"Completed","typology":"multi_unit_4_19","units":19,"classification_confidence":"high","zon_new":"RIV-IMU","neighborhood":"Strip District","days_to_issue":342,"days_elapsed_if_open":null,"censored":false,"same_parcel_n":1,"work_desc":"INTERIOR ALTERATIONS TO FLOORS 2 THROUGH 8 TO CREATE 19 DWELLING UNTIS AT EXISTING CORE AND SHELL HIGHRISE STRUCTURE"}},{"type":"Feature","geometry":{"type":"Point","coordinates":[-79.927195,40.465088]},"properties":{"permit_id":"BP-2021-10088","address":"306 N SAINT CLAIR ST, Pittsburgh, PA 15206-","issue_date":"2021-09-02","completed_date":null,"status":"Completed","typology":"single_detached","units":1,"classification_confidence":"high","zon_new":"R2-M","neighborhood":"East Liberty","days_to_issue":74,"days_elapsed_if_open":null,"censored":false,"same_parcel_n":1,"work_desc":"CONSTRUCT 3-1/2 STORY SINGLE-FAMILY DWELLING WITH INTEGRAL GARAGE, FRONT PORCH & 2ND & 4TH FLR REAR DECKS"}},{"type":"Feature","geometry":{"type":"Point","coordinates":[-79.927159,40.46515]},"properties":{"permit_id":"BP-2021-10089","address":"308 N SAINT CLAIR ST, Pittsburgh, PA 15206-","issue_date":"2021-09-01","completed_date":null,"status":"Completed","typology":"single_detached","units":1,"classification_confidence":"high","zon_new":"R2-M","neighborhood":"East Liberty","days_to_issue":73,"days_elapsed_if_open":null,"censored":false,"same_parcel_n":1,"work_desc":"CONSTRUCT 3-1/2 STORY SINGLE-FAMILY DWELLING WITH INTEGRAL GARAGE, FRONT PORCH & 2ND & 4TH FLR REAR DECKS"}},{"type":"Feature","geometry":{"type":"Point","coordinates":[-79.927072,40.465199]},"properties":{"permit_id":"BP-2021-10090","address":"312 N SAINT CLAIR ST, Pittsburgh, PA 15206-","issue_date":"2021-08-17","completed_date":null,"status":"Completed","typology":"single_detached","units":1,"classification_confidence":"high","zon_new":"R2-M","neighborhood":"East Liberty","days_to_issue":58,"days_elapsed_if_open":null,"censored":false,"same_parcel_n":1,"work_desc":"CONSTRUCT 3-1/2 STORY SINGLE-FAMILY DWELLING WITH INTEGRAL GARAGE, FRONT PORCH & 2ND & 4TH FLR REAR DECKS"}},{"type":"Feature","geometry":{"type":"Point","coordinates":[-79.927016,40.465251]},"properties":{"permit_id":"BP-2021-10091","address":"314 N SAINT CLAIR ST, Pittsburgh, PA 15206-","issue_date":"2021-08-17","completed_date":null,"status":"Completed","typology":"single_detached","units":1,"classification_confidence":"high","zon_new":"R2-M","neighborhood":"East Liberty","days_to_issue":58,"days_elapsed_if_open":null,"censored":false,"same_parcel_n":1,"work_desc":"CONSTRUCT 3-1/2 STORY SINGLE-FAMILY DWELLING WITH INTEGRAL GARAGE, FRONT PORCH & 2ND & 4TH FLR REAR DECKS"}},{"type":"Feature","geometry":{"type":"Point","coordinates":[-79.926991,40.465316]},"properties":{"permit_id":"BP-2021-10092","address":"318 N SAINT CLAIR ST, Pittsburgh, PA 15206-","issue_date":"2021-08-17","completed_date":null,"status":"Completed","typology":"single_detached","units":1,"classification_confidence":"high","zon_new":"R2-M","neighborhood":"East Liberty","days_to_issue":58,"days_elapsed_if_open":null,"censored":false,"same_parcel_n":1,"work_desc":"CONSTRUCT 3-1/2 STORY SINGLE-FAMILY DWELLING WITH INTEGRAL GARAGE, FRONT PORCH & 2ND & 4TH FLR REAR DECKS"}},{"type":"Feature","geometry":{"type":"Point","coordinates":[-79.927027,40.465406]},"properties":{"permit_id":"BP-2021-10093","address":"320 N SAINT CLAIR ST, Pittsburgh, PA 15206-","issue_date":"2021-08-16","completed_date":null,"status":"Completed","typology":"single_detached","units":1,"classification_confidence":"med","zon_new":"R2-M","neighborhood":"East Liberty","days_to_issue":57,"days_elapsed_if_open":null,"censored":false,"same_parcel_n":1,"work_desc":"CONSTRUCT A 3-STORY HOUSE WITH 4TH FLR ROOF DECK & STAIR PENTHOUSE/STORAGE"}},{"type":"Feature","geometry":{"type":"Point","coordinates":[-80.018233,40.43802]},"properties":{"permit_id":"BP-2021-10295","address":"1204 GRANDVIEW AVE, Pittsburgh, PA 15211-","issue_date":"2021-07-27","completed_date":null,"status":"Completed","typology":"single_detached","units":1,"classification_confidence":"high","zon_new":"GPRC","neighborhood":"Mount Washington","days_to_issue":35,"days_elapsed_if_open":null,"censored":false,"same_parcel_n":3,"work_desc":"NEW FOUNDATION FOR FUTURE 3 STORY SINGLE-FAMILY DETACHED RESIDENCE. THIS PERMIT IS ONLY FOR FOUNDATIONS COMPOSED OF MICROPILES. THE APPLICANT HAS CHANGED FROM D"}},{"type":"Feature","geometry":{"type":"Point","coordinates":[-79.983543,40.446842]},"properties":{"permit_id":"BP-2021-11417","address":"1870 CLIFF ST, Pittsburgh, PA 15219-","issue_date":"2021-08-23","completed_date":null,"status":"Completed","typology":"single_detached","units":1,"classification_confidence":"high","zon_new":"RM-M","neighborhood":"Crawford-Roberts","days_to_issue":45,"days_elapsed_if_open":null,"censored":false,"same_parcel_n":1,"work_desc":"NEW TWO-STORY STRUCTURE WITH MAIN LEVEL ROOF DECK & UPPER LEVEL ROOF DECK AS SINGLE FAMILY DWELLING WITH TWO-CAR INTEGRAL GARAGE."}},{"type":"Feature","geometry":{"type":"Point","coordinates":[-79.923376,40.473127]},"properties":{"permit_id":"BP-2021-12047","address":"932 MELLON ST, Pittsburgh, 15206-","issue_date":"2021-10-06","completed_date":null,"status":"Completed","typology":"single_detached","units":1,"classification_confidence":"high","zon_new":"R2-M","neighborhood":"Highland Park","days_to_issue":78,"days_elapsed_if_open":null,"censored":false,"same_parcel_n":1,"work_desc":"CONSTRUCTION OF MODULAR 3-STORY SINGLE FAMILY DWELLING WITH SITE BUILT FOUNDATION AND DETACHED GARAGE"}},{"type":"Feature","geometry":{"type":"Point","coordinates":[-79.923337,40.473189]},"properties":{"permit_id":"BP-2021-12051","address":"934 MELLON ST, Pittsburgh, 15206-","issue_date":"2021-10-06","completed_date":null,"status":"Completed","typology":"single_detached","units":1,"classification_confidence":"high","zon_new":"R2-M","neighborhood":"Highland Park","days_to_issue":78,"days_elapsed_if_open":null,"censored":false,"same_parcel_n":1,"work_desc":"CONSTRUCTION OF MODULAR 3-STORY SINGLE FAMILY DWELLING WITH SITE BUILT FOUNDATION AND DETACHED GARAGE"}},{"type":"Feature","geometry":{"type":"Point","coordinates":[-79.965153,40.467351]},"properties":{"permit_id":"BP-2021-12464","address":"180 38TH ST, Pittsburgh, 15201-","issue_date":"2021-09-10","completed_date":null,"status":"Completed","typology":"single_detached","units":1,"classification_confidence":"med","zon_new":"R1A-VH","neighborhood":"Lower Lawrenceville","days_to_issue":45,"days_elapsed_if_open":null,"censored":false,"same_parcel_n":1,"work_desc":"CONSTRUCT NEW 3-STORY HOUSE WITH BASEMENT"}},{"type":"Feature","geometry":{"type":"Point","coordinates":[-80.00886,40.45983]},"properties":{"permit_id":"BP-2021-12774","address":"17 LANE Way, Pittsburgh, PA 15212-","issue_date":"2021-10-11","completed_date":null,"status":"Issued","typology":"single_detached","units":1,"classification_confidence":"high","zon_new":"R1A-VH","neighborhood":"Central Northside","days_to_issue":70,"days_elapsed_if_open":null,"censored":false,"same_parcel_n":1,"work_desc":"CONSTRUCTION OF NEW SINGLE FAMILY DWELLING WITH TWO CAR GARAGE AND DECK AT TOP OF GARAGE"}},{"type":"Feature","geometry":{"type":"Point","coordinates":[-79.918597,40.398194]},"properties":{"permit_id":"BP-2021-13523","address":"4340 ARMORHILL AVE, Pittsburgh, PA 15120-","issue_date":"2021-09-29","completed_date":null,"status":"Completed","typology":"single_detached","units":1,"classification_confidence":"med","zon_new":"R1D-L","neighborhood":"New Homestead","days_to_issue":47,"days_elapsed_if_open":null,"censored":false,"same_parcel_n":1,"work_desc":"CONSTRUCTION OF COMPLETE 2 STORY DWELLING WITH WALKOUT BASEMENT"}},{"type":"Feature","geometry":{"type":"Point","coordinates":[-80.018233,40.43802]},"properties":{"permit_id":"BP-2021-13583","address":"1204 GRANDVIEW AVE, Pittsburgh, PA 15211-","issue_date":"2021-11-30","completed_date":null,"status":"Completed","typology":"single_detached","units":1,"classification_confidence":"high","zon_new":"GPRC","neighborhood":"Mount Washington","days_to_issue":106,"days_elapsed_if_open":null,"censored":false,"same_parcel_n":3,"work_desc":"NEW 3 STORY, DETACHED, MASONRY AND CONCRETE, CORE + SHELL FOR SINGLE FAMILY DWELLING PHASED CONSTRUCTION WITH REAR DECKS AT BASEMENT, 1ST, 2ND, AND 3RD FLOORS. "}},{"type":"Feature","geometry":{"type":"Point","coordinates":[-79.974574,40.430396]},"properties":{"permit_id":"BP-2021-13829","address":"2137 WHARTON ST, Pittsburgh, PA 15203-","issue_date":"2022-07-26","completed_date":null,"status":"Issued","typology":"single_attached","units":1,"classification_confidence":"high","zon_new":"RIV-MU","neighborhood":"South Side Flats","days_to_issue":342,"days_elapsed_if_open":null,"censored":false,"same_parcel_n":1,"work_desc":"CONSTRUCTION OF NEW 3-STORY SINGLE FAMILY ATTACHED DWELLING WITH BALCONY GARAGE AND ROOFTOP DECK"}},{"type":"Feature","geometry":{"type":"Point","coordinates":[-79.968522,40.455974]},"properties":{"permit_id":"BP-2021-13881","address":"3011 1/2 PAULOWNA ST, Pittsburgh, PA 15219-","issue_date":"2021-09-16","completed_date":null,"status":"Completed","typology":"single_detached","units":1,"classification_confidence":"med","zon_new":"R2-H","neighborhood":"Polish Hill","days_to_issue":28,"days_elapsed_if_open":null,"censored":false,"same_parcel_n":1,"work_desc":"CONSTRUCT 3-STORY HOUSE WITH BASEMENT, 1ST FLR & 3RD FLR DECKS"}},{"type":"Feature","geometry":{"type":"Point","coordinates":[-79.936717,40.467786]},"properties":{"permit_id":"BP-2021-14515","address":"5322 HILLCREST ST, Pittsburgh, PA 15224-","issue_date":"2023-03-06","completed_date":null,"status":"Completed","typology":"single_detached","units":1,"classification_confidence":"high","zon_new":"R1D-H","neighborhood":"Garfield","days_to_issue":552,"days_elapsed_if_open":null,"censored":false,"same_parcel_n":1,"work_desc":"NEW CONSTRUCTION OF A SINGLE-STORY, SINGLE FAMILY DETACHED DWELLING. WOOD FRAMED w/ SUPERIOR WALL FOUNDATION."}},{"type":"Feature","geometry":{"type":"Point","coordinates":[-79.937399,40.466323]},"properties":{"permit_id":"BP-2021-14605","address":"5316 KINCAID ST, Pittsburgh, PA 15224-","issue_date":"2023-03-09","completed_date":null,"status":"Completed","typology":"single_detached","units":1,"classification_confidence":"high","zon_new":"R1D-H","neighborhood":"Garfield","days_to_issue":554,"days_elapsed_if_open":null,"censored":false,"same_parcel_n":1,"work_desc":"NEW CONSTRUCTION OF A SINGLE-STORY, SINGLE FAMILY DETACHED DWELLING. WOOD FRAMED w/ SUPERIOR WALL FOUNDATION."}},{"type":"Feature","geometry":{"type":"Point","coordinates":[-79.936087,40.46693]},"properties":{"permit_id":"BP-2021-14629","address":"5360 ROSETTA ST, Pittsburgh, PA 15224-","issue_date":"2023-03-03","completed_date":null,"status":"Completed","typology":"single_detached","units":1,"classification_confidence":"high","zon_new":"R1D-H","neighborhood":"Garfield","days_to_issue":547,"days_elapsed_if_open":null,"censored":false,"same_parcel_n":1,"work_desc":"NEW CONSTRUCTION OF A SINGLE-STORY, SINGLE FAMILY DETACHED DWELLING. WOOD FRAMED w/ SUPERIOR WALL FOUNDATION."}},{"type":"Feature","geometry":{"type":"Point","coordinates":[-79.934635,40.466758]},"properties":{"permit_id":"BP-2021-14633","address":"5410 ROSETTA ST, Pittsburgh, PA 15206-","issue_date":"2023-03-06","completed_date":null,"status":"Completed","typology":"single_detached","units":1,"classification_confidence":"high","zon_new":"R2-H","neighborhood":"Garfield","days_to_issue":550,"days_elapsed_if_open":null,"censored":false,"same_parcel_n":1,"work_desc":"NEW CONSTRUCTION OF A SINGLE-STORY, SINGLE-FAMILY DETACHED DWELLING."}},{"type":"Feature","geometry":{"type":"Point","coordinates":[-79.936046,40.466561]},"properties":{"permit_id":"BP-2021-14634","address":"5347 KINCAID ST, Pittsburgh, 15224-","issue_date":"2023-03-09","completed_date":null,"status":"Completed","typology":"single_detached","units":1,"classification_confidence":"med","zon_new":"R1D-H","neighborhood":"Garfield","days_to_issue":553,"days_elapsed_if_open":null,"censored":false,"same_parcel_n":1,"work_desc":"CONSTRUCT 2-STORY HOUSE WITH BASEMENT & FRONT PORCH"}},{"type":"Feature","geometry":{"type":"Point","coordinates":[-79.935849,40.467334]},"properties":{"permit_id":"BP-2021-14635","address":"5361 ROSETTA ST, Pittsburgh, 15224-","issue_date":"2023-03-06","completed_date":null,"status":"Completed","typology":"single_detached","units":1,"classification_confidence":"high","zon_new":"R1D-H","neighborhood":"Garfield","days_to_issue":550,"days_elapsed_if_open":null,"censored":false,"same_parcel_n":1,"work_desc":"NEW CONSTRUCTION OF A TWO-STORY, SINGLE FAMILY DETACHED DWELLING. WOOD FRAMED w/ SUPERIOR WALL FOUNDATION."}},{"type":"Feature","geometry":{"type":"Point","coordinates":[-79.935935,40.466028]},"properties":{"permit_id":"BP-2021-14637","address":"213 N AIKEN AVE, Pittsburgh, 15206-","issue_date":"2023-03-10","completed_date":null,"status":"Completed","typology":"single_detached","units":1,"classification_confidence":"med","zon_new":"R2-H","neighborhood":"Garfield","days_to_issue":554,"days_elapsed_if_open":null,"censored":false,"same_parcel_n":1,"work_desc":"CONSTRUCT A 2-STORY HOUSE WITH FRONT PORCH"}},{"type":"Feature","geometry":{"type":"Point","coordinates":[-79.935871,40.466096]},"properties":{"permit_id":"BP-2021-14638","address":"215 N AIKEN AVE, Pittsburgh, 15206-","issue_date":"2023-03-06","completed_date":null,"status":"Completed","typology":"single_detached","units":1,"classification_confidence":"med","zon_new":"R2-H","neighborhood":"Garfield","days_to_issue":550,"days_elapsed_if_open":null,"censored":false,"same_parcel_n":1,"work_desc":"CONSTRUCT A 2-STORY HOUSE WITH FRONT PORCH"}},{"type":"Feature","geometry":{"type":"Point","coordinates":[-79.935835,40.466891]},"properties":{"permit_id":"BP-2021-14640","address":"5368 ROSETTA ST, Pittsburgh, 15224-","issue_date":"2023-03-06","completed_date":null,"status":"Completed","typology":"single_detached","units":1,"classification_confidence":"med","zon_new":"R1D-H","neighborhood":"Garfield","days_to_issue":550,"days_elapsed_if_open":null,"censored":false,"same_parcel_n":1,"work_desc":"CONSTRUCT A 2-STORY HOUSE WITH A BASEMENT, FRONT PORCH & REAR DECK"}},{"type":"Feature","geometry":{"type":"Point","coordinates":[-79.935763,40.46688]},"properties":{"permit_id":"BP-2021-14641","address":"5370 ROSETTA ST, Pittsburgh, PA 15224-","issue_date":"2023-03-06","completed_date":null,"status":"Completed","typology":"single_detached","units":1,"classification_confidence":"med","zon_new":"R1D-H","neighborhood":"Garfield","days_to_issue":550,"days_elapsed_if_open":null,"censored":false,"same_parcel_n":1,"work_desc":"CONSTRUCT A 2-STORY HOUSE WITH A BASEMENT, FRONT PORCH & REAR DECK"}},{"type":"Feature","geometry":{"type":"Point","coordinates":[-79.934618,40.468165]},"properties":{"permit_id":"BP-2021-14643","address":"425 N AIKEN AVE, Pittsburgh, PA 15206-","issue_date":"2023-03-06","completed_date":null,"status":"Completed","typology":"single_detached","units":1,"classification_confidence":"med","zon_new":"R2-H","neighborhood":"Garfield","days_to_issue":550,"days_elapsed_if_open":null,"censored":false,"same_parcel_n":1,"work_desc":"CONSTRUCT 2-STORY HOUSE"}},{"type":"Feature","geometry":{"type":"Point","coordinates":[-79.934582,40.468222]},"properties":{"permit_id":"BP-2021-14644","address":"429 N AIKEN AVE, Pittsburgh, PA 15206-","issue_date":"2023-06-12","completed_date":null,"status":"Completed","typology":"single_detached","units":1,"classification_confidence":"med","zon_new":"R2-H","neighborhood":"Garfield","days_to_issue":648,"days_elapsed_if_open":null,"censored":false,"same_parcel_n":1,"work_desc":"CONSTRUCT 2-STORY HOUSE"}},{"type":"Feature","geometry":{"type":"Point","coordinates":[-79.934533,40.468305]},"properties":{"permit_id":"BP-2021-14646","address":"433 N AIKEN AVE, Pittsburgh, PA 15206-","issue_date":"2023-03-06","completed_date":null,"status":"Completed","typology":"single_detached","units":1,"classification_confidence":"med","zon_new":"R2-H","neighborhood":"Garfield","days_to_issue":550,"days_elapsed_if_open":null,"censored":false,"same_parcel_n":1,"work_desc":"CONSTRUCT 2-STORY HOUSE"}},{"type":"Feature","geometry":{"type":"Point","coordinates":[-79.935617,40.467299]},"properties":{"permit_id":"BP-2021-14651","address":"5375 ROSETTA ST, Pittsburgh, 15224-","issue_date":"2023-03-06","completed_date":null,"status":"Completed","typology":"single_attached","units":1,"classification_confidence":"high","zon_new":"R1D-H","neighborhood":"Garfield","days_to_issue":550,"days_elapsed_if_open":null,"censored":false,"same_parcel_n":1,"work_desc":"NEW CONSTRUCTION OF A 2-STORY, SINGLE FAMILY ATTACHED DWELLING. WOOD FRAMED w/ SUPERIOR WALL FOUNDATION."}},{"type":"Feature","geometry":{"type":"Point","coordinates":[-79.935497,40.467297]},"properties":{"permit_id":"BP-2021-14652","address":"5377 ROSETTA ST, Pittsburgh, 15224-","issue_date":"2023-03-06","completed_date":null,"status":"Completed","typology":"single_detached","units":1,"classification_confidence":"med","zon_new":"R1D-H","neighborhood":"Garfield","days_to_issue":550,"days_elapsed_if_open":null,"censored":false,"same_parcel_n":1,"work_desc":"CONSTRUCT A 2-STORY HOUSE WITH PORCH"}},{"type":"Feature","geometry":{"type":"Point","coordinates":[-79.935232,40.467181]},"properties":{"permit_id":"BP-2021-14660","address":"305 N AIKEN AVE, Pittsburgh, PA 15206-","issue_date":"2023-03-10","completed_date":null,"status":"Completed","typology":"single_detached","units":1,"classification_confidence":"med","zon_new":"R2-H","neighborhood":"Garfield","days_to_issue":554,"days_elapsed_if_open":null,"censored":false,"same_parcel_n":1,"work_desc":"CONSTRUCT 2-STORY HOUSE WITH PORCH & DECK"}},{"type":"Feature","geometry":{"type":"Point","coordinates":[-79.937545,40.467113]},"properties":{"permit_id":"BP-2021-14662","address":"5302 ROSETTA ST, Pittsburgh, 15224-","issue_date":"2023-03-06","completed_date":null,"status":"Completed","typology":"single_detached","units":1,"classification_confidence":"med","zon_new":"R1D-H","neighborhood":"Garfield","days_to_issue":550,"days_elapsed_if_open":null,"censored":false,"same_parcel_n":1,"work_desc":"CONSTRUCTION OF A 2-STORY HOUSE WITH A BASEMENT, FRONT PORCH & REAR DECK"}},{"type":"Feature","geometry":{"type":"Point","coordinates":[-79.935031,40.466559]},"properties":{"permit_id":"BP-2021-14663","address":"234 N AIKEN AVE, Pittsburgh, 15206-","issue_date":"2023-03-09","completed_date":null,"status":"Completed","typology":"single_detached","units":1,"classification_confidence":"high","zon_new":"R2-H","neighborhood":"Garfield","days_to_issue":553,"days_elapsed_if_open":null,"censored":false,"same_parcel_n":1,"work_desc":"NEW CONSTRUCTION OF A 2-STORY, SINGLE-FAMILY DETACHED DWELLING"}},{"type":"Feature","geometry":{"type":"Point","coordinates":[-79.936434,40.466186]},"properties":{"permit_id":"BP-2021-14664","address":"5348 KINCAID ST, Pittsburgh, PA 15224-","issue_date":"2023-03-06","completed_date":null,"status":"Completed","typology":"single_detached","units":1,"classification_confidence":"high","zon_new":"R1D-H","neighborhood":"Garfield","days_to_issue":550,"days_elapsed_if_open":null,"censored":false,"same_parcel_n":1,"work_desc":"NEW CONSTRUCTION OF A 2-STORY, SINGLE FAMILY DETACHED DWELLING. WOOD FRAMED w/ SUPERIOR WALL FOUNDATION."}},{"type":"Feature","geometry":{"type":"Point","coordinates":[-79.919291,40.466662]},"properties":{"permit_id":"BP-2021-14848","address":"611 COLLINS AVE, Pittsburgh, PA 15206-","issue_date":"2021-12-13","completed_date":null,"status":"Completed","typology":"single_detached","units":1,"classification_confidence":"high","zon_new":"R1A-H","neighborhood":"East Liberty","days_to_issue":97,"days_elapsed_if_open":null,"censored":false,"same_parcel_n":1,"work_desc":"CONSTRUCTION OF NEW INDUSTRIALIZED SINGLE FAMILY HOUSING WITH GARAGE"}},{"type":"Feature","geometry":{"type":"Point","coordinates":[-79.913609,40.46365]},"properties":{"permit_id":"BP-2021-16004","address":"6321 CARVER ST, Pittsburgh, PA 15206-","issue_date":"2021-10-12","completed_date":null,"status":"Completed","typology":"single_detached","units":1,"classification_confidence":"high","zon_new":"R2-H","neighborhood":"Larimer","days_to_issue":18,"days_elapsed_if_open":null,"censored":false,"same_parcel_n":1,"work_desc":"CONSTRUCTION OF 2-STORY SINGLE FAMILY DWELLING."}},{"type":"Feature","geometry":{"type":"Point","coordinates":[-80.004108,40.427943]},"properties":{"permit_id":"BP-2021-16144","address":"424 WILLIAM ST, Pittsburgh, PA 15211-","issue_date":"2022-03-11","completed_date":null,"status":"Completed","typology":"single_detached","units":1,"classification_confidence":"high","zon_new":"P","neighborhood":"Mount Washington","days_to_issue":164,"days_elapsed_if_open":null,"censored":false,"same_parcel_n":1,"work_desc":"NEW CONSTRUCTION OF 3-STORY SINGLE FAMILY DWELLING WITH TWO CAR INTEGRAL GARAGE IN BASEMENT, FIRST AND SECOND FLOOR DECKS AT REAR. WALKWAY ALONG SIDE."}},{"type":"Feature","geometry":{"type":"Point","coordinates":[-79.913727,40.46425]},"properties":{"permit_id":"BP-2021-16420","address":"6274 MEADOW ST, Pittsburgh, PA 15206-","issue_date":"2021-10-20","completed_date":null,"status":"Completed","typology":"single_detached","units":1,"classification_confidence":"high","zon_new":"R2-H","neighborhood":"Larimer","days_to_issue":17,"days_elapsed_if_open":null,"censored":false,"same_parcel_n":1,"work_desc":"CONSTRUCTION OF NEW 2 STORY WOOD FRAMED SINGLE FAMILY RESIDENCE"}},{"type":"Feature","geometry":{"type":"Point","coordinates":[-80.000643,40.455414]},"properties":{"permit_id":"BP-2021-16634","address":"512 SUISMON ST, Pittsburgh, PA 15212-","issue_date":"2022-04-11","completed_date":null,"status":"Completed","typology":"single_detached","units":1,"classification_confidence":"med","zon_new":"R1A-VH","neighborhood":"East Allegheny","days_to_issue":187,"days_elapsed_if_open":null,"censored":false,"same_parcel_n":1,"work_desc":"DEMOLISH 2-STORY HOUSE & BUILD NEW 3-STORY HOUSE ON EXISTING & NEW FOUNDATIONS"}},{"type":"Feature","geometry":{"type":"Point","coordinates":[-80.019804,40.406814]},"properties":{"permit_id":"BP-2021-17301","address":"1820 RINGWALT ST, Pittsburgh, 15216-","issue_date":"2022-07-18","completed_date":null,"status":"Completed","typology":"two_unit","units":2,"classification_confidence":"high","zon_new":"R1D-M","neighborhood":"Beechview","days_to_issue":272,"days_elapsed_if_open":null,"censored":false,"same_parcel_n":1,"work_desc":"INTERIOR & EXTERIOR ALTERATIONS CONVERT SINGLE-FAMILY DWELLING INTO TWO-FAMILY DWELLING. INCLUDES NEW WALLS, CEIL/FLOOR ASSEMBLIES, DOORS & HARDWARE, WINDOWS, C"}},{"type":"Feature","geometry":{"type":"Point","coordinates":[-79.959017,40.47044]},"properties":{"permit_id":"BP-2021-17703","address":"233 43RD ST, Pittsburgh, PA 15201-","issue_date":"2022-06-06","completed_date":null,"status":"Completed","typology":"single_attached","units":1,"classification_confidence":"high","zon_new":"R1A-H","neighborhood":"Central Lawrenceville","days_to_issue":223,"days_elapsed_if_open":null,"censored":false,"same_parcel_n":19,"work_desc":"CONSTRUCT 4-STORY TOWNHOUSE SINGLE FAMILY DWELLING"}},{"type":"Feature","geometry":{"type":"Point","coordinates":[-79.974559,40.43056]},"properties":{"permit_id":"BP-2021-17877","address":"2136 MERRIMAN Way, Pittsburgh, PA 15203-","issue_date":"2022-07-26","completed_date":null,"status":"Issued","typology":"single_attached","units":1,"classification_confidence":"high","zon_new":"RIV-MU","neighborhood":"South Side Flats","days_to_issue":271,"days_elapsed_if_open":null,"censored":false,"same_parcel_n":1,"work_desc":"CONSTRUCTION OF NEW SINGLE FAMILY ATTACHED DWELLING WITH BALCONY GARAGE AND ROOFTOP DECK"}},{"type":"Feature","geometry":{"type":"Point","coordinates":[-79.952753,40.454634]},"properties":{"permit_id":"BP-2021-18694","address":"419 MELWOOD AVE #1025, Pittsburgh, PA 15213-","issue_date":"2022-05-04","completed_date":null,"status":"Completed","typology":"multi_unit_size_unknown","units":null,"classification_confidence":"low","zon_new":"UC-MU","neighborhood":"North Oakland","days_to_issue":174,"days_elapsed_if_open":null,"censored":false,"same_parcel_n":3,"work_desc":"[generic: CONSTRUCT FOUNDATION AND PORTION OF SUPERSTRUCTURE FOR BELOW GRADE PARKING WITH ; same-parcel BP-2022-03687] CONSTRUCT NEW TEN STORY APARTMENT BUILDIN"}},{"type":"Feature","geometry":{"type":"Point","coordinates":[-79.986901,40.445927]},"properties":{"permit_id":"BP-2021-18698","address":"1703 CLIFF ST, Pittsburgh, PA 15219-","issue_date":"2022-11-28","completed_date":null,"status":"Completed","typology":"single_detached","units":1,"classification_confidence":"high","zon_new":"RM-M","neighborhood":"Crawford-Roberts","days_to_issue":382,"days_elapsed_if_open":null,"censored":false,"same_parcel_n":1,"work_desc":"CONSTRUCT 3-STORY SINGLE-FAMILY DWELLING WITH INTEGRAL GARAGE & 2ND & 3RD FLR DECKS"}},{"type":"Feature","geometry":{"type":"Point","coordinates":[-79.986977,40.445895]},"properties":{"permit_id":"BP-2021-18700","address":"1701 CLIFF ST, Pittsburgh, PA 15219-","issue_date":"2022-11-28","completed_date":null,"status":"Completed","typology":"single_detached","units":1,"classification_confidence":"high","zon_new":"RM-M","neighborhood":"Crawford-Roberts","days_to_issue":382,"days_elapsed_if_open":null,"censored":false,"same_parcel_n":1,"work_desc":"CONSTRUCT 3-STORY SINGLE-FAMILY DWELLING WITH INTEGRAL GARAGE & 2ND & 3RD FLR DECKS"}},{"type":"Feature","geometry":{"type":"Point","coordinates":[-79.977329,40.443956]},"properties":{"permit_id":"BP-2021-19641","address":"2117 ROSE ST, Pittsburgh, PA 15219-","issue_date":"2022-11-02","completed_date":null,"status":"Completed","typology":"single_detached","units":1,"classification_confidence":"high","zon_new":"RM-M","neighborhood":"Middle Hill","days_to_issue":334,"days_elapsed_if_open":null,"censored":false,"same_parcel_n":2,"work_desc":"NEW CONSTRUCTION OF AN 2-STORY SINGLE-FAMILY DWELLING WITH REAR DECK"}},{"type":"Feature","geometry":{"type":"Point","coordinates":[-79.977276,40.443979]},"properties":{"permit_id":"BP-2021-19644","address":"2119 ROSE ST, Pittsburgh, PA 15219-","issue_date":"2022-11-02","completed_date":null,"status":"Completed","typology":"single_detached","units":1,"classification_confidence":"high","zon_new":"RM-M","neighborhood":"Middle Hill","days_to_issue":334,"days_elapsed_if_open":null,"censored":false,"same_parcel_n":1,"work_desc":"NEW CONSTRUCTION OF AN 2-STORY SINGLE-FAMILY DWELLING WITH REAR DECK"}},{"type":"Feature","geometry":{"type":"Point","coordinates":[-79.977223,40.444002]},"properties":{"permit_id":"BP-2021-19645","address":"2121 ROSE ST, Pittsburgh, PA 15219-","issue_date":"2022-11-02","completed_date":null,"status":"Completed","typology":"single_detached","units":1,"classification_confidence":"high","zon_new":"RM-M","neighborhood":"Middle Hill","days_to_issue":334,"days_elapsed_if_open":null,"censored":false,"same_parcel_n":1,"work_desc":"NEW CONSTRUCTION OF A 2-STORY SINGLE-FAMILY DWELLING WITH REAR DECK"}},{"type":"Feature","geometry":{"type":"Point","coordinates":[-79.977165,40.444026]},"properties":{"permit_id":"BP-2021-19646","address":"2123 ROSE ST, Pittsburgh, PA 15219-","issue_date":"2022-11-02","completed_date":null,"status":"Completed","typology":"single_detached","units":1,"classification_confidence":"high","zon_new":"RM-M","neighborhood":"Middle Hill","days_to_issue":334,"days_elapsed_if_open":null,"censored":false,"same_parcel_n":1,"work_desc":"NEW CONSTRUCTION OF A 2-STORY SINGLE-FAMILY DWELLING WITH REAR DECK"}},{"type":"Feature","geometry":{"type":"Point","coordinates":[-79.977108,40.444051]},"properties":{"permit_id":"BP-2021-19647","address":"2125 ROSE ST, Pittsburgh, PA 15219-","issue_date":"2022-11-03","completed_date":null,"status":"Completed","typology":"single_detached","units":1,"classification_confidence":"high","zon_new":"RM-M","neighborhood":"Middle Hill","days_to_issue":335,"days_elapsed_if_open":null,"censored":false,"same_parcel_n":1,"work_desc":"NEW CONSTRUCTION OF AN A 2-STORY SINGLE-FAMILY DWELLING WITH REAR DECK"}},{"type":"Feature","geometry":{"type":"Point","coordinates":[-79.977054,40.444073]},"properties":{"permit_id":"BP-2021-19648","address":"2127 ROSE ST, Pittsburgh, PA 15219-","issue_date":"2022-11-02","completed_date":null,"status":"Completed","typology":"single_detached","units":1,"classification_confidence":"high","zon_new":"RM-M","neighborhood":"Middle Hill","days_to_issue":334,"days_elapsed_if_open":null,"censored":false,"same_parcel_n":1,"work_desc":"NEW CONSTRUCTION OF A 2-STORY SINGLE-FAMILY DWELLING WITH REAR DECK"}},{"type":"Feature","geometry":{"type":"Point","coordinates":[-79.987144,40.426778]},"properties":{"permit_id":"BP-2021-19771","address":"1107 FREYBURG ST, Pittsburgh, PA 15203-","issue_date":"2022-10-20","completed_date":null,"status":"Completed","typology":"single_detached","units":1,"classification_confidence":"high","zon_new":"R1A-VH","neighborhood":"South Side Flats","days_to_issue":318,"days_elapsed_if_open":null,"censored":false,"same_parcel_n":1,"work_desc":"CONSTRUCTION OF THREE STORY WOOD FRAMED SINGLE FAMILY DWELLING UNIT WITH INTEGRAL GARAGE"}},{"type":"Feature","geometry":{"type":"Point","coordinates":[-80.015597,40.454071]},"properties":{"permit_id":"BP-2021-20508","address":"810 W NORTH AVE #207, Pittsburgh, PA 15233-","issue_date":"2022-10-05","completed_date":null,"status":"Completed","typology":"multi_unit_20plus","units":38,"classification_confidence":"med","zon_new":"NDI","neighborhood":"Central Northside","days_to_issue":288,"days_elapsed_if_open":null,"censored":false,"same_parcel_n":1,"work_desc":"ALTERATION AND CHANGE IN USE TO CREATE 38 UNITS IN MULTI-FAMILY RESIDENTIAL IN 4 STORY BUILDING AND ASSOCIATED SITE WORK"}},{"type":"Feature","geometry":{"type":"Point","coordinates":[-79.965819,40.42949]},"properties":{"permit_id":"BP-2021-20601","address":"2695 SOUTH WATER ST #442, Pittsburgh, PA 15203-","issue_date":"2022-03-25","completed_date":null,"status":"Completed","typology":"multi_unit_size_unknown","units":null,"classification_confidence":"med","zon_new":"SP-5","neighborhood":"South Side Flats","days_to_issue":93,"days_elapsed_if_open":null,"censored":false,"same_parcel_n":2,"work_desc":"CONSTRUCTION OF FOUNDATIONS ONLY FOR NEW APARTMENT BUILDING WITH INTEGRATED PARKING GARAGE"}},{"type":"Feature","geometry":{"type":"Point","coordinates":[-79.914923,40.397167]},"properties":{"permit_id":"BP-2021-20746","address":"4316 Bench Way, Pittsburgh, PA 15120-","issue_date":"2022-03-14","completed_date":null,"status":"Issued","typology":"single_detached","units":1,"classification_confidence":"high","zon_new":"R1D-L","neighborhood":"New Homestead","days_to_issue":77,"days_elapsed_if_open":null,"censored":false,"same_parcel_n":1,"work_desc":"CONSTRUCTION OF TWO STORY SINGLE FAMILY DWELLING WITH INTEGRAL GARAGE AS WELL AS RETAINING WALLS"}},{"type":"Feature","geometry":{"type":"Point","coordinates":[-79.907127,40.454791]},"properties":{"permit_id":"BP-2021-20808","address":"6823 MCPHERSON BLVD, Pittsburgh, PA 15208-","issue_date":"2022-05-09","completed_date":null,"status":"Completed","typology":"single_detached","units":1,"classification_confidence":"high","zon_new":"R1D-L","neighborhood":"Point Breeze North","days_to_issue":132,"days_elapsed_if_open":null,"censored":false,"same_parcel_n":1,"work_desc":"CONSTRUCT NEW 3 STORY MODULAR SINGLE FAMILY DWELLING WITH FRONT PORCH AND REAR DECK OFF OF 1ST FLOOR AND 4' RETAINING WALLS AT FRONT"}},{"type":"Feature","geometry":{"type":"Point","coordinates":[-79.959018,40.473702]},"properties":{"permit_id":"BP-2022-00038","address":"186 HOME ST, Pittsburgh, PA 15201-","issue_date":"2022-03-01","completed_date":null,"status":"Completed","typology":"single_detached","units":1,"classification_confidence":"med","zon_new":"R1A-VH","neighborhood":"Central Lawrenceville","days_to_issue":57,"days_elapsed_if_open":null,"censored":false,"same_parcel_n":1,"work_desc":"CONSTRUCT 3-STORY HOUSE WITH REAR GARAGE & DECK"}},{"type":"Feature","geometry":{"type":"Point","coordinates":[-79.958967,40.473664]},"properties":{"permit_id":"BP-2022-00046","address":"188 HOME ST, Pittsburgh, PA 15201-","issue_date":"2022-03-04","completed_date":null,"status":"Completed","typology":"single_detached","units":1,"classification_confidence":"med","zon_new":"R1A-VH","neighborhood":"Central Lawrenceville","days_to_issue":60,"days_elapsed_if_open":null,"censored":false,"same_parcel_n":1,"work_desc":"CONSTRUCT 3-STORY HOUSE WITH REAR GARAGE & DECK"}},{"type":"Feature","geometry":{"type":"Point","coordinates":[-79.958911,40.4736]},"properties":{"permit_id":"BP-2022-00047","address":"190 HOME ST, Pittsburgh, PA 15201-","issue_date":"2022-03-02","completed_date":null,"status":"Completed","typology":"single_detached","units":1,"classification_confidence":"med","zon_new":"R1A-VH","neighborhood":"Central Lawrenceville","days_to_issue":58,"days_elapsed_if_open":null,"censored":false,"same_parcel_n":1,"work_desc":"CONSTRUCT 3-STORY HOUSE WITH REAR GARAGE & DECK"}},{"type":"Feature","geometry":{"type":"Point","coordinates":[-79.999202,40.45473]},"properties":{"permit_id":"BP-2022-00334","address":"802 MIDDLE ST, Pittsburgh, PA 15212-","issue_date":"2022-10-20","completed_date":null,"status":"Issued","typology":"single_attached","units":1,"classification_confidence":"high","zon_new":"R1A-VH","neighborhood":"East Allegheny","days_to_issue":285,"days_elapsed_if_open":null,"censored":false,"same_parcel_n":1,"work_desc":"NEW ATTACHED 3 STORY SINGLE FAMILY DWELLING WITH 2 CAR GARAGE AND 2ND FLOOR DECK."}},{"type":"Feature","geometry":{"type":"Point","coordinates":[-79.99922,40.45479]},"properties":{"permit_id":"BP-2022-00335","address":"804 MIDDLE ST, Pittsburgh, PA 15212-","issue_date":"2022-10-20","completed_date":null,"status":"Issued","typology":"single_attached","units":1,"classification_confidence":"high","zon_new":"R1A-VH","neighborhood":"East Allegheny","days_to_issue":285,"days_elapsed_if_open":null,"censored":false,"same_parcel_n":1,"work_desc":"NEW ATTACHED 3 STORY SINGLE FAMILY DWELLING WITH 2 CAR GARAGE AND 2ND FLOOR DECK."}},{"type":"Feature","geometry":{"type":"Point","coordinates":[-79.959017,40.47044]},"properties":{"permit_id":"BP-2022-01095","address":"233 43RD ST, Pittsburgh, PA 15201-","issue_date":"2022-06-06","completed_date":null,"status":"Completed","typology":"single_detached","units":1,"classification_confidence":"med","zon_new":"R1A-H","neighborhood":"Central Lawrenceville","days_to_issue":131,"days_elapsed_if_open":null,"censored":false,"same_parcel_n":19,"work_desc":"CONSTRUCT 4-STORY HOUSE"}},{"type":"Feature","geometry":{"type":"Point","coordinates":[-79.959017,40.47044]},"properties":{"permit_id":"BP-2022-01097","address":"233 43RD ST, Pittsburgh, PA 15201-","issue_date":"2022-06-06","completed_date":null,"status":"Completed","typology":"single_attached","units":1,"classification_confidence":"high","zon_new":"R1A-H","neighborhood":"Central Lawrenceville","days_to_issue":131,"days_elapsed_if_open":null,"censored":false,"same_parcel_n":19,"work_desc":"CONSTRUCT 4-STORY TOWNHOUSE SINGLE FAMILY DWELLING"}},{"type":"Feature","geometry":{"type":"Point","coordinates":[-79.959017,40.47044]},"properties":{"permit_id":"BP-2022-01100","address":"233 43RD ST, Pittsburgh, PA 15201-","issue_date":"2022-06-06","completed_date":null,"status":"Completed","typology":"single_attached","units":1,"classification_confidence":"high","zon_new":"R1A-H","neighborhood":"Central Lawrenceville","days_to_issue":131,"days_elapsed_if_open":null,"censored":false,"same_parcel_n":19,"work_desc":"CONSTRUCT 4-STORY TOWNHOUSE"}},{"type":"Feature","geometry":{"type":"Point","coordinates":[-79.959017,40.47044]},"properties":{"permit_id":"BP-2022-01101","address":"233 43RD ST, Pittsburgh, PA 15201-","issue_date":"2022-06-06","completed_date":null,"status":"Completed","typology":"single_attached","units":1,"classification_confidence":"high","zon_new":"R1A-H","neighborhood":"Central Lawrenceville","days_to_issue":131,"days_elapsed_if_open":null,"censored":false,"same_parcel_n":19,"work_desc":"CONSTRUCT 4-STORY TOWNHOUSE SINGLE FAMILY DWELLING"}},{"type":"Feature","geometry":{"type":"Point","coordinates":[-79.959017,40.47044]},"properties":{"permit_id":"BP-2022-01103","address":"233 43RD ST, Pittsburgh, PA 15201-","issue_date":"2022-06-06","completed_date":null,"status":"Completed","typology":"single_attached","units":1,"classification_confidence":"high","zon_new":"R1A-H","neighborhood":"Central Lawrenceville","days_to_issue":131,"days_elapsed_if_open":null,"censored":false,"same_parcel_n":19,"work_desc":"CONSTRUCTION OF A 4-STORY TOWNHOUSE IN A ROW OF 4 TOWNHOUSES INCLUDING PRIVATE GARAGE ON FIRST FLOOR"}},{"type":"Feature","geometry":{"type":"Point","coordinates":[-79.959017,40.47044]},"properties":{"permit_id":"BP-2022-01104","address":"233 43RD ST, Pittsburgh, PA 15201-","issue_date":"2022-06-06","completed_date":null,"status":"Completed","typology":"single_attached","units":1,"classification_confidence":"high","zon_new":"R1A-H","neighborhood":"Central Lawrenceville","days_to_issue":131,"days_elapsed_if_open":null,"censored":false,"same_parcel_n":19,"work_desc":"CONSTRUCTION OF A 4-STORY TOWNHOUSE IN A ROW OF 4 TOWNHOUSES INCLUDING PRIVATE GARAGE ON FIRST FLOOR"}},{"type":"Feature","geometry":{"type":"Point","coordinates":[-79.959017,40.47044]},"properties":{"permit_id":"BP-2022-01106","address":"233 43RD ST, Pittsburgh, PA 15201-","issue_date":"2022-06-06","completed_date":null,"status":"Completed","typology":"single_attached","units":1,"classification_confidence":"high","zon_new":"R1A-H","neighborhood":"Central Lawrenceville","days_to_issue":131,"days_elapsed_if_open":null,"censored":false,"same_parcel_n":19,"work_desc":"CONSTRUCTION OF A 4-STORY TOWNHOUSE IN A ROW OF 4 TOWNHOUSES INCLUDING PRIVATE GARAGE ON FIRST FLOOR"}},{"type":"Feature","geometry":{"type":"Point","coordinates":[-79.959017,40.47044]},"properties":{"permit_id":"BP-2022-01107","address":"233 43RD ST, Pittsburgh, PA 15201-","issue_date":"2022-06-06","completed_date":null,"status":"Completed","typology":"single_attached","units":1,"classification_confidence":"high","zon_new":"R1A-H","neighborhood":"Central Lawrenceville","days_to_issue":131,"days_elapsed_if_open":null,"censored":false,"same_parcel_n":19,"work_desc":"CONSTRUCTION OF A 4-STORY TOWNHOUSE IN A ROW OF 4 TOWNHOUSES INCLUDING PRIVATE GARAGE ON FIRST FLOOR"}},{"type":"Feature","geometry":{"type":"Point","coordinates":[-79.935386,40.466123]},"properties":{"permit_id":"BP-2022-01601","address":"5400 KINCAID ST, Pittsburgh, PA 15206-","issue_date":"2023-01-20","completed_date":null,"status":"Completed","typology":"single_detached","units":1,"classification_confidence":"high","zon_new":"R2-H","neighborhood":"Garfield","days_to_issue":350,"days_elapsed_if_open":null,"censored":false,"same_parcel_n":1,"work_desc":"CONSTRUCTION OF 3 STORY, WOOD FRAMED, SINGLE-FAMILY DWELLING WITH 3RD FLOOR ROOF-TOP DECK"}},{"type":"Feature","geometry":{"type":"Point","coordinates":[-79.914764,40.366367]},"properties":{"permit_id":"BP-2022-01676","address":"5720 LAUDER ST, Pittsburgh, PA 15207-","issue_date":"2022-04-19","completed_date":null,"status":"Completed","typology":"single_detached","units":1,"classification_confidence":"high","zon_new":"R1D-L","neighborhood":"Lincoln Place","days_to_issue":71,"days_elapsed_if_open":null,"censored":false,"same_parcel_n":1,"work_desc":"CONSTRUCTION OF NEW TWO STORY SINGLE FAMILY DWELLING WITH TWO CAR INTEGRAL GARAGE"}},{"type":"Feature","geometry":{"type":"Point","coordinates":[-79.920168,40.475696]},"properties":{"permit_id":"BP-2022-01896","address":"5816 BRYANT ST, Pittsburgh, PA 15206-","issue_date":"2022-02-24","completed_date":null,"status":"Completed","typology":"single_detached","units":1,"classification_confidence":"med","zon_new":"LNC","neighborhood":"Highland Park","days_to_issue":14,"days_elapsed_if_open":null,"censored":false,"same_parcel_n":1,"work_desc":"NEW CONSTRUCTION OF 3 STORY HOUSE WITH 3RD FLOOR DECK AT REAR"}},{"type":"Feature","geometry":{"type":"Point","coordinates":[-80.041716,40.412776]},"properties":{"permit_id":"BP-2022-02007","address":"1336 CARNAHAN RD, Pittsburgh, PA 15220-","issue_date":"2022-07-25","completed_date":null,"status":"Completed","typology":"single_detached","units":1,"classification_confidence":"high","zon_new":"R1D-L","neighborhood":"Banksville","days_to_issue":161,"days_elapsed_if_open":null,"censored":false,"same_parcel_n":1,"work_desc":"ONE STORY STRUCTURE AS SINGLE UNIT DWELLING WITH TWO CAR INTEGRAL GARAGE AT FRONT."}},{"type":"Feature","geometry":{"type":"Point","coordinates":[-79.983834,40.454423]},"properties":{"permit_id":"BP-2022-02152","address":"2239 RAILROAD ST, Pittsburgh, 15222-","issue_date":"2022-04-13","completed_date":null,"status":"Completed","typology":"multi_unit_20plus","units":220,"classification_confidence":"med","zon_new":"RIV-IMU","neighborhood":"Strip District","days_to_issue":56,"days_elapsed_if_open":null,"censored":false,"same_parcel_n":3,"work_desc":"Interior fit-out of core and shell space. First fit-out of area."}},{"type":"Feature","geometry":{"type":"Point","coordinates":[-79.965819,40.42949]},"properties":{"permit_id":"BP-2022-02311","address":"2695 SOUTH WATER ST #442, Pittsburgh, PA 15203-","issue_date":"2022-06-21","completed_date":null,"status":"Completed","typology":"multi_unit_size_unknown","units":null,"classification_confidence":"med","zon_new":"SP-5","neighborhood":"South Side Flats","days_to_issue":123,"days_elapsed_if_open":null,"censored":false,"same_parcel_n":2,"work_desc":"PHASED CONSTRUCTION OF NEW APARTMENT SUPERSTRUCTURE, CORE, SHELL, AND FIT-OUT WITH INTEGRATED PARKING GARAGE"}},{"type":"Feature","geometry":{"type":"Point","coordinates":[-80.01213,40.429957]},"properties":{"permit_id":"BP-2022-02342","address":"343 GRACE ST, Pittsburgh, 15211-","issue_date":"2022-11-03","completed_date":null,"status":"Completed","typology":"two_unit","units":2,"classification_confidence":"high","zon_new":"R1D-H","neighborhood":"Mount Washington","days_to_issue":258,"days_elapsed_if_open":null,"censored":false,"same_parcel_n":1,"work_desc":"INTERIOR ALTERATIONS TO CONVERT SINGLE FAMILY DWELLING TO TWO FAMILY DWELLING."}},{"type":"Feature","geometry":{"type":"Point","coordinates":[-79.949634,40.482146]},"properties":{"permit_id":"BP-2022-02600","address":"5409 KEYSTONE ST, Pittsburgh, 15201-","issue_date":"2022-05-20","completed_date":null,"status":"Completed","typology":"single_detached","units":1,"classification_confidence":"high","zon_new":"R1A-VH","neighborhood":"Upper Lawrenceville","days_to_issue":86,"days_elapsed_if_open":null,"censored":false,"same_parcel_n":1,"work_desc":"Construction of a new detached car garage structure accessory to a single family dwelling"}},{"type":"Feature","geometry":{"type":"Point","coordinates":[-79.949693,40.482113]},"properties":{"permit_id":"BP-2022-02601","address":"5407 KEYSTONE ST, Pittsburgh, PA 15201-","issue_date":"2022-05-20","completed_date":null,"status":"Completed","typology":"single_detached","units":1,"classification_confidence":"high","zon_new":"R1A-VH","neighborhood":"Upper Lawrenceville","days_to_issue":86,"days_elapsed_if_open":null,"censored":false,"same_parcel_n":1,"work_desc":"Construction of a new detached car garage structure accessory to a single family dwelling"}},{"type":"Feature","geometry":{"type":"Point","coordinates":[-79.949585,40.479263]},"properties":{"permit_id":"BP-2022-03216","address":"5255 WICKLIFF ST, Pittsburgh, PA 15201-","issue_date":"2022-09-16","completed_date":null,"status":"Issued","typology":"single_detached","units":1,"classification_confidence":"high","zon_new":"R1A-VH","neighborhood":"Upper Lawrenceville","days_to_issue":193,"days_elapsed_if_open":null,"censored":false,"same_parcel_n":1,"work_desc":"CONSTRUCTION OF NEW THREE STORY SINGLE FAMILY DWELLING WITH INTEGRAL SINGLE CAR GARAGE ON VACANT LOT"}},{"type":"Feature","geometry":{"type":"Point","coordinates":[-79.952753,40.454634]},"properties":{"permit_id":"BP-2022-03687","address":"419 MELWOOD AVE #1025, Pittsburgh, PA 15213-","issue_date":"2022-06-28","completed_date":null,"status":"Completed","typology":"multi_unit_size_unknown","units":null,"classification_confidence":"med","zon_new":"UC-MU","neighborhood":"North Oakland","days_to_issue":105,"days_elapsed_if_open":null,"censored":false,"same_parcel_n":3,"work_desc":"CONSTRUCT NEW TEN STORY APARTMENT BUILDING WITH BELOW GRADE GARAGE"}},{"type":"Feature","geometry":{"type":"Point","coordinates":[-79.979638,40.437938]},"properties":{"permit_id":"BP-2022-04190","address":"110 GIST ST #102, Pittsburgh, PA 15219-","issue_date":"2023-02-21","completed_date":null,"status":"Completed","typology":"two_unit","units":2,"classification_confidence":"med","zon_new":"UPR-B","neighborhood":"Bluff","days_to_issue":336,"days_elapsed_if_open":null,"censored":false,"same_parcel_n":1,"work_desc":"INTERIOR ALTERATIONS FOR CONVERSION OF EXISTING UNCERTIFIED BUILDING TO CERTIFIED TWO FAMILY DWELLING."}},{"type":"Feature","geometry":{"type":"Point","coordinates":[-79.979633,40.437987]},"properties":{"permit_id":"BP-2022-04194","address":"108 GIST ST #102, Pittsburgh, PA 15219-","issue_date":"2023-03-03","completed_date":null,"status":"Completed","typology":"two_unit","units":2,"classification_confidence":"med","zon_new":"UPR-B","neighborhood":"Bluff","days_to_issue":346,"days_elapsed_if_open":null,"censored":false,"same_parcel_n":1,"work_desc":"INTERIOR ALTERATIONS FOR CONVERSION OF EXISTING UNCERTIFIED BUILDING TO CERTIFIED TWO FAMILY DWELLING."}},{"type":"Feature","geometry":{"type":"Point","coordinates":[-79.966017,40.464855]},"properties":{"permit_id":"BP-2022-04877","address":"3529 BUTLER ST, Pittsburgh, 15201-","issue_date":"2022-06-15","completed_date":null,"status":"Completed","typology":"multi_unit_size_unknown","units":null,"classification_confidence":"med","zon_new":"LNC","neighborhood":"Lower Lawrenceville","days_to_issue":75,"days_elapsed_if_open":null,"censored":false,"same_parcel_n":1,"work_desc":"REPLACING EXPIRED PERMIT 14-B-01227 (CORE AND SHELL) AS WELL AS THE FIT-OUT OF BUILDING WITH MERCANTILE ON 1ST FLR & APARTMENTS ON FLRS 2-3, INCLUDES THE COMPLE"}},{"type":"Feature","geometry":{"type":"Point","coordinates":[-80.023579,40.434187]},"properties":{"permit_id":"BP-2022-04929","address":"475 WYOLA ST, Pittsburgh, PA 15211-","issue_date":"2022-06-01","completed_date":null,"status":"Application Finalization","typology":"single_detached","units":1,"classification_confidence":"high","zon_new":"P","neighborhood":"Duquesne Heights","days_to_issue":58,"days_elapsed_if_open":null,"censored":false,"same_parcel_n":1,"work_desc":"NEW CONSTRUCTION OF TWO-STORY SINGLE FAMILY DWELLING WITH TWO CAR INTEGRAL GARAGE AT FRONT AND FIRST FLOOR DECK AT REAR"}},{"type":"Feature","geometry":{"type":"Point","coordinates":[-80.042813,40.440386]},"properties":{"permit_id":"BP-2022-05097","address":"800 HERSCHEL ST, Pittsburgh, PA 15220-","issue_date":"2023-07-12","completed_date":null,"status":"Completed","typology":"single_detached","units":1,"classification_confidence":"med","zon_new":"R1D-L","neighborhood":"Elliott","days_to_issue":463,"days_elapsed_if_open":null,"censored":false,"same_parcel_n":1,"work_desc":"CONSTRUCT 2-STORY HOUSE WITH BASEMENT, SIDE PORCH & REAR DECKS"}},{"type":"Feature","geometry":{"type":"Point","coordinates":[-79.974646,40.4304]},"properties":{"permit_id":"BP-2022-05262","address":"2135 WHARTON ST, Pittsburgh, PA 15203-","issue_date":"2022-07-26","completed_date":null,"status":"Issued","typology":"single_attached","units":1,"classification_confidence":"high","zon_new":"RIV-MU","neighborhood":"South Side Flats","days_to_issue":110,"days_elapsed_if_open":null,"censored":false,"same_parcel_n":1,"work_desc":"CONSTRUCTION OF NEW SINGLE FAMILY ATTACHED DWELLING WITH BALCONY GARAGE AND ROOFTOP DECK."}},{"type":"Feature","geometry":{"type":"Point","coordinates":[-79.974707,40.430568]},"properties":{"permit_id":"BP-2022-05312","address":"2132 MERRIMAN Way, Pittsburgh, PA 15203-","issue_date":"2022-07-26","completed_date":null,"status":"Issued","typology":"single_attached","units":1,"classification_confidence":"high","zon_new":"RIV-MU","neighborhood":"South Side Flats","days_to_issue":109,"days_elapsed_if_open":null,"censored":false,"same_parcel_n":1,"work_desc":"CONSTRUCTION OF NEW SINGLE FAMILY ATTACHED DWELLING WITH BALCONY GARAGE AND ROOFTOP DECK."}},{"type":"Feature","geometry":{"type":"Point","coordinates":[-79.974723,40.430404]},"properties":{"permit_id":"BP-2022-05314","address":"2133 WHARTON ST, Pittsburgh, PA 15203-","issue_date":"2022-07-26","completed_date":null,"status":"Issued","typology":"single_attached","units":1,"classification_confidence":"high","zon_new":"RIV-MU","neighborhood":"South Side Flats","days_to_issue":109,"days_elapsed_if_open":null,"censored":false,"same_parcel_n":1,"work_desc":"CONSTRUCTION OF NEW SINGLE FAMILY ATTACHED DWELLING WITH BALCONY GARAGE AND ROOFTOP DECK."}},{"type":"Feature","geometry":{"type":"Point","coordinates":[-79.97463,40.430564]},"properties":{"permit_id":"BP-2022-05316","address":"2134 MERRIMAN Way, Pittsburgh, PA 15203-","issue_date":"2022-07-26","completed_date":null,"status":"Issued","typology":"single_attached","units":1,"classification_confidence":"high","zon_new":"RIV-MU","neighborhood":"South Side Flats","days_to_issue":109,"days_elapsed_if_open":null,"censored":false,"same_parcel_n":1,"work_desc":"CONSTRUCTION OF NEW 3-STORY SINGLE FAMILY ATTACHED DWELLING WITH BALCONY GARAGE AND ROOFTOP DECK"}},{"type":"Feature","geometry":{"type":"Point","coordinates":[-79.9748,40.430408]},"properties":{"permit_id":"BP-2022-05319","address":"2131 WHARTON ST, Pittsburgh, PA 15203-","issue_date":"2022-07-26","completed_date":null,"status":"Issued","typology":"single_attached","units":1,"classification_confidence":"high","zon_new":"RIV-MU","neighborhood":"South Side Flats","days_to_issue":109,"days_elapsed_if_open":null,"censored":false,"same_parcel_n":1,"work_desc":"CONSTRUCTION OF NEW 3-STORY SINGLE FAMILY ATTACHED DWELLING WITH BALCONY GARAGE AND ROOFTOP DECK"}},{"type":"Feature","geometry":{"type":"Point","coordinates":[-79.974784,40.430572]},"properties":{"permit_id":"BP-2022-05321","address":"2130 MERRIMAN Way, Pittsburgh, PA 15203-","issue_date":"2022-07-26","completed_date":null,"status":"Issued","typology":"single_attached","units":1,"classification_confidence":"high","zon_new":"RIV-MU","neighborhood":"South Side Flats","days_to_issue":109,"days_elapsed_if_open":null,"censored":false,"same_parcel_n":1,"work_desc":"CONSTRUCTION OF NEW SINGLE FAMILY ATTACHED DWELLING WITH BALCONY GARAGE AND ROOFTOP DECK."}},{"type":"Feature","geometry":{"type":"Point","coordinates":[-79.949118,40.463483]},"properties":{"permit_id":"BP-2022-07002","address":"202 PEARL ST, Pittsburgh, PA 15224-","issue_date":"2023-05-26","completed_date":null,"status":"Completed","typology":"single_detached","units":1,"classification_confidence":"high","zon_new":"R1A-H","neighborhood":"Bloomfield","days_to_issue":386,"days_elapsed_if_open":null,"censored":false,"same_parcel_n":1,"work_desc":"NEW 4 STORY SINGLE FAMILY DWELLING WITH A INTEGRAL GARAGE & DECK ON SIDE & REAR OFF OF FIRST FLOOR & ROOFTOP DECK."}},{"type":"Feature","geometry":{"type":"Point","coordinates":[-79.949182,40.463415]},"properties":{"permit_id":"BP-2022-07003","address":"204 PEARL ST, Pittsburgh, PA 15224-","issue_date":"2023-05-26","completed_date":null,"status":"Completed","typology":"single_detached","units":1,"classification_confidence":"high","zon_new":"R1A-H","neighborhood":"Bloomfield","days_to_issue":386,"days_elapsed_if_open":null,"censored":false,"same_parcel_n":1,"work_desc":"NEW 4 STORY SINGLE FAMILY DWELLING WITH A INTEGRAL GARAGE & DECK AT REAR OFF OF FIRST FLOOR & ROOFTOP DECK."}},{"type":"Feature","geometry":{"type":"Point","coordinates":[-79.949224,40.46337]},"properties":{"permit_id":"BP-2022-07005","address":"206 PEARL ST, Pittsburgh, PA 15224-","issue_date":"2023-05-26","completed_date":null,"status":"Completed","typology":"single_detached","units":1,"classification_confidence":"high","zon_new":"R1A-H","neighborhood":"Bloomfield","days_to_issue":386,"days_elapsed_if_open":null,"censored":false,"same_parcel_n":1,"work_desc":"NEW 4 STORY SINGLE FAMILY DWELLING WITH A INTEGRAL GARAGE & DECK AT REAR OFF OF FIRST FLOOR & ROOFTOP DECK."}},{"type":"Feature","geometry":{"type":"Point","coordinates":[-79.949267,40.463324]},"properties":{"permit_id":"BP-2022-07006","address":"208 PEARL ST, Pittsburgh, PA 15224-","issue_date":"2023-05-26","completed_date":null,"status":"Completed","typology":"single_detached","units":1,"classification_confidence":"high","zon_new":"R1A-H","neighborhood":"Bloomfield","days_to_issue":386,"days_elapsed_if_open":null,"censored":false,"same_parcel_n":1,"work_desc":"NEW 4 STORY SINGLE FAMILY DWELLING WITH A INTEGRAL GARAGE & DECK AT REAR OFF OF FIRST FLOOR & ROOFTOP DECK."}},{"type":"Feature","geometry":{"type":"Point","coordinates":[-79.949313,40.463276]},"properties":{"permit_id":"BP-2022-07007","address":"210 PEARL ST, Pittsburgh, PA 15224-","issue_date":"2023-05-26","completed_date":null,"status":"Completed","typology":"single_detached","units":1,"classification_confidence":"high","zon_new":"R1A-H","neighborhood":"Bloomfield","days_to_issue":386,"days_elapsed_if_open":null,"censored":false,"same_parcel_n":1,"work_desc":"NEW 4 STORY SINGLE FAMILY DWELLING WITH A INTEGRAL GARAGE & DECK ON SIDE & REAR OFF OF FIRST FLOOR & ROOFTOP DECK."}},{"type":"Feature","geometry":{"type":"Point","coordinates":[-80.018233,40.43802]},"properties":{"permit_id":"BP-2022-07328","address":"1204 GRANDVIEW AVE, Pittsburgh, PA 15211-","issue_date":"2022-06-07","completed_date":null,"status":"Completed","typology":"single_detached","units":1,"classification_confidence":"high","zon_new":"GPRC","neighborhood":"Mount Washington","days_to_issue":28,"days_elapsed_if_open":null,"censored":false,"same_parcel_n":3,"work_desc":"PHASED CONSTRUCTION BUILD OUT INTERIOR FOR 3 STORY SINGLE FAMILY DWELLING."}},{"type":"Feature","geometry":{"type":"Point","coordinates":[-79.962909,40.473067]},"properties":{"permit_id":"BP-2022-07337","address":"108 43RD HALF ST, Pittsburgh, PA 15201-","issue_date":"2025-11-21","completed_date":null,"status":"Issued","typology":"single_detached","units":1,"classification_confidence":"high","zon_new":"R1A-VH","neighborhood":"Central Lawrenceville","days_to_issue":1291,"days_elapsed_if_open":null,"censored":false,"same_parcel_n":1,"work_desc":"NEW THREE STORY SINGLE-FAMILY (DETACHED) DWELLING WITH TWO CAR INTEGRAL GARAGE IN FRONT, AND 6' TALL PRIVACY FENCE ON SOUTHERLY SIDE, 24' X 12'-4\" ROOFTOP DECK "}},{"type":"Feature","geometry":{"type":"Point","coordinates":[-79.943684,40.410801]},"properties":{"permit_id":"BP-2022-07587","address":"4824 CHATSWORTH AVE, Pittsburgh, PA 15207-","issue_date":"2023-07-28","completed_date":null,"status":"Completed","typology":"single_attached","units":1,"classification_confidence":"high","zon_new":"LNC","neighborhood":"Hazelwood","days_to_issue":438,"days_elapsed_if_open":null,"censored":false,"same_parcel_n":1,"work_desc":"Construct a new attached 2 stories single family dwelling with a front porch and a rear deck"}},{"type":"Feature","geometry":{"type":"Point","coordinates":[-79.94365,40.410738]},"properties":{"permit_id":"BP-2022-07588","address":"4826 CHATSWORTH AVE, Pittsburgh, PA 15207-","issue_date":"2023-07-28","completed_date":null,"status":"Completed","typology":"single_attached","units":1,"classification_confidence":"high","zon_new":"LNC","neighborhood":"Hazelwood","days_to_issue":438,"days_elapsed_if_open":null,"censored":false,"same_parcel_n":1,"work_desc":"Construct a new attached 2 stories single family dwelling with a front porch and a rear deck"}},{"type":"Feature","geometry":{"type":"Point","coordinates":[-79.935613,40.457561]},"properties":{"permit_id":"BP-2022-07874","address":"5546 BAUM BLVD, Pittsburgh, PA 15232-","issue_date":"2022-10-21","completed_date":null,"status":"Issued","typology":"multi_unit_size_unknown","units":null,"classification_confidence":"med","zon_new":"UNC","neighborhood":"Friendship","days_to_issue":155,"days_elapsed_if_open":null,"censored":false,"same_parcel_n":1,"work_desc":"New construction of an 11-story (9 above-2 below grade) residential highrise. The structure is to be constructed of concrete foundation walls and structural sla"}},{"type":"Feature","geometry":{"type":"Point","coordinates":[-80.079431,40.449899]},"properties":{"permit_id":"BP-2022-08200","address":"104 CEDARWOOD PL, Pittsburgh, PA 15205-","issue_date":"2022-12-14","completed_date":null,"status":"Completed","typology":"single_attached","units":1,"classification_confidence":"high","zon_new":"RM-M","neighborhood":"Fairywood","days_to_issue":203,"days_elapsed_if_open":null,"censored":false,"same_parcel_n":46,"work_desc":"CONSTRUCTION OF A 1-STORY TOWNHOUSE WITH A SLAB-ON-GRADE FLOOR & PRE-ENGINEERED TRUSSED ROOF"}},{"type":"Feature","geometry":{"type":"Point","coordinates":[-80.079431,40.449899]},"properties":{"permit_id":"BP-2022-08214","address":"104 CEDARWOOD PL, Pittsburgh, PA 15205-","issue_date":"2022-12-14","completed_date":null,"status":"Completed","typology":"single_attached","units":1,"classification_confidence":"high","zon_new":"RM-M","neighborhood":"Fairywood","days_to_issue":203,"days_elapsed_if_open":null,"censored":false,"same_parcel_n":46,"work_desc":"CONSTRUCTION OF A 1-STORY TOWNHOUSE WITH A SLAB-ON-GRADE FLOOR & PRE-ENGINEERED TRUSSED ROOF"}},{"type":"Feature","geometry":{"type":"Point","coordinates":[-80.079431,40.449899]},"properties":{"permit_id":"BP-2022-08215","address":"104 CEDARWOOD PL, Pittsburgh, PA 15205-","issue_date":"2022-12-14","completed_date":null,"status":"Completed","typology":"single_attached","units":1,"classification_confidence":"high","zon_new":"RM-M","neighborhood":"Fairywood","days_to_issue":203,"days_elapsed_if_open":null,"censored":false,"same_parcel_n":46,"work_desc":"CONSTRUCTION OF A 1-STORY TOWNHOUSE WITH A SLAB-ON-GRADE FLOOR & PRE-ENGINEERED TRUSSED ROOF"}},{"type":"Feature","geometry":{"type":"Point","coordinates":[-80.079431,40.449899]},"properties":{"permit_id":"BP-2022-08216","address":"104 CEDARWOOD PL, Pittsburgh, PA 15205-","issue_date":"2022-12-14","completed_date":null,"status":"Completed","typology":"single_attached","units":1,"classification_confidence":"high","zon_new":"RM-M","neighborhood":"Fairywood","days_to_issue":203,"days_elapsed_if_open":null,"censored":false,"same_parcel_n":46,"work_desc":"CONSTRUCTION OF A 1-STORY TOWNHOUSE WITH A SLAB-ON-GRADE FLOOR & PRE-ENGINEERED TRUSSED ROOF"}},{"type":"Feature","geometry":{"type":"Point","coordinates":[-80.079431,40.449899]},"properties":{"permit_id":"BP-2022-08217","address":"104 CEDARWOOD PL, Pittsburgh, PA 15205-","issue_date":"2022-12-14","completed_date":null,"status":"Completed","typology":"single_attached","units":1,"classification_confidence":"high","zon_new":"RM-M","neighborhood":"Fairywood","days_to_issue":203,"days_elapsed_if_open":null,"censored":false,"same_parcel_n":46,"work_desc":"CONSTRUCTION OF A 1-STORY TOWNHOUSE WITH A SLAB-ON-GRADE FLOOR & PRE-ENGINEERED TRUSSED ROOF"}},{"type":"Feature","geometry":{"type":"Point","coordinates":[-80.079431,40.449899]},"properties":{"permit_id":"BP-2022-08218","address":"104 CEDARWOOD PL, Pittsburgh, PA 15205-","issue_date":"2022-12-14","completed_date":null,"status":"Completed","typology":"single_attached","units":1,"classification_confidence":"high","zon_new":"RM-M","neighborhood":"Fairywood","days_to_issue":203,"days_elapsed_if_open":null,"censored":false,"same_parcel_n":46,"work_desc":"CONSTRUCTION OF A 1-STORY TOWNHOUSE WITH A SLAB-ON-GRADE FLOOR & PRE-ENGINEERED TRUSSED ROOF"}},{"type":"Feature","geometry":{"type":"Point","coordinates":[-80.079431,40.449899]},"properties":{"permit_id":"BP-2022-08219","address":"104 CEDARWOOD PL, Pittsburgh, PA 15205-","issue_date":"2022-12-14","completed_date":null,"status":"Completed","typology":"single_attached","units":1,"classification_confidence":"high","zon_new":"RM-M","neighborhood":"Fairywood","days_to_issue":203,"days_elapsed_if_open":null,"censored":false,"same_parcel_n":46,"work_desc":"CONSTRUCTION OF A 1-STORY TOWNHOUSE WITH A SLAB-ON-GRADE FLOOR & PRE-ENGINEERED TRUSSED ROOF"}},{"type":"Feature","geometry":{"type":"Point","coordinates":[-80.079431,40.449899]},"properties":{"permit_id":"BP-2022-08220","address":"104 CEDARWOOD PL, Pittsburgh, PA 15205-","issue_date":"2022-12-14","completed_date":null,"status":"Completed","typology":"single_attached","units":1,"classification_confidence":"high","zon_new":"RM-M","neighborhood":"Fairywood","days_to_issue":203,"days_elapsed_if_open":null,"censored":false,"same_parcel_n":46,"work_desc":"CONSTRUCTION OF A 1-STORY TOWNHOUSE WITH A SLAB-ON-GRADE FLOOR & PRE-ENGINEERED TRUSSED ROOF"}},{"type":"Feature","geometry":{"type":"Point","coordinates":[-80.079431,40.449899]},"properties":{"permit_id":"BP-2022-08221","address":"104 CEDARWOOD PL, Pittsburgh, PA 15205-","issue_date":"2022-12-14","completed_date":null,"status":"Completed","typology":"single_attached","units":1,"classification_confidence":"high","zon_new":"RM-M","neighborhood":"Fairywood","days_to_issue":203,"days_elapsed_if_open":null,"censored":false,"same_parcel_n":46,"work_desc":"CONSTRUCTION OF A 1-STORY TOWNHOUSE WITH A SLAB-ON-GRADE FLOOR & PRE-ENGINEERED TRUSSED ROOF"}},{"type":"Feature","geometry":{"type":"Point","coordinates":[-80.079431,40.449899]},"properties":{"permit_id":"BP-2022-08222","address":"104 CEDARWOOD PL, Pittsburgh, PA 15205-","issue_date":"2022-12-14","completed_date":null,"status":"Completed","typology":"two_unit","units":2,"classification_confidence":"high","zon_new":"RM-M","neighborhood":"Fairywood","days_to_issue":203,"days_elapsed_if_open":null,"censored":false,"same_parcel_n":46,"work_desc":"CONSTRUCTION OF A 1-STORY TWO-FAMILY DWELLING STRUCTURE WITH A SLAB-ON-GRADE FLOOR & PRE-ENGINEERED TRUSSED ROOF"}},{"type":"Feature","geometry":{"type":"Point","coordinates":[-80.079431,40.449899]},"properties":{"permit_id":"BP-2022-08223","address":"104 CEDARWOOD PL, Pittsburgh, PA 15205-","issue_date":"2022-12-14","completed_date":null,"status":"Completed","typology":"single_attached","units":1,"classification_confidence":"high","zon_new":"RM-M","neighborhood":"Fairywood","days_to_issue":203,"days_elapsed_if_open":null,"censored":false,"same_parcel_n":46,"work_desc":"CONSTRUCTION OF A 1-STORY TOWNHOUSE WITH A SLAB-ON-GRADE FLOOR & PRE-ENGINEERED TRUSSED ROOF"}},{"type":"Feature","geometry":{"type":"Point","coordinates":[-80.079431,40.449899]},"properties":{"permit_id":"BP-2022-08224","address":"104 CEDARWOOD PL, Pittsburgh, PA 15205-","issue_date":"2022-12-14","completed_date":null,"status":"Completed","typology":"single_attached","units":1,"classification_confidence":"high","zon_new":"RM-M","neighborhood":"Fairywood","days_to_issue":203,"days_elapsed_if_open":null,"censored":false,"same_parcel_n":46,"work_desc":"CONSTRUCTION OF A 1-STORY TOWNHOUSE WITH A SLAB-ON-GRADE FLOOR & PRE-ENGINEERED TRUSSED ROOF"}},{"type":"Feature","geometry":{"type":"Point","coordinates":[-79.956545,40.471919]},"properties":{"permit_id":"BP-2022-08294","address":"265 46TH ST #2316, Pittsburgh, PA 15201-","issue_date":"2022-09-23","completed_date":null,"status":"Completed","typology":"unknown","units":2,"classification_confidence":"med","zon_new":"RM-M","neighborhood":"Central Lawrenceville","days_to_issue":120,"days_elapsed_if_open":null,"censored":false,"same_parcel_n":1,"work_desc":"INTERIOR ALTERATIONS TO CREATE 2 ADDITIONAL DWELLING UNITS FROM 2 EXISTING STORAGE ROOMS"}},{"type":"Feature","geometry":{"type":"Point","coordinates":[-79.967086,40.442116]},"properties":{"permit_id":"BP-2022-08898","address":"2535 ALLEQUIPPA ST, Pittsburgh, PA 15213-","issue_date":"2023-11-13","completed_date":null,"status":"Issued","typology":"single_detached","units":1,"classification_confidence":"high","zon_new":"R1A-H","neighborhood":"West Oakland","days_to_issue":524,"days_elapsed_if_open":null,"censored":false,"same_parcel_n":1,"work_desc":"CONSTRUCTION OF NEW TWO-STORY SINGLE-FAMILY DWELLING WITH TWO CAR INTEGRAL GARAGE IN BASEMENT AND ROOFTOP DECK"}},{"type":"Feature","geometry":{"type":"Point","coordinates":[-80.079431,40.449899]},"properties":{"permit_id":"BP-2022-09498","address":"104 CEDARWOOD PL, Pittsburgh, PA 15205-","issue_date":"2022-12-14","completed_date":null,"status":"Completed","typology":"single_attached","units":1,"classification_confidence":"high","zon_new":"RM-M","neighborhood":"Fairywood","days_to_issue":181,"days_elapsed_if_open":null,"censored":false,"same_parcel_n":46,"work_desc":"CONSTRUCTION OF A 1-STORY TOWNHOUSE WITH A SLAB-ON-GRADE FLOOR & PRE-ENGINEERED TRUSSED ROOF"}},{"type":"Feature","geometry":{"type":"Point","coordinates":[-80.079431,40.449899]},"properties":{"permit_id":"BP-2022-09499","address":"104 CEDARWOOD PL, Pittsburgh, PA 15205-","issue_date":"2022-12-14","completed_date":null,"status":"Completed","typology":"single_attached","units":1,"classification_confidence":"high","zon_new":"RM-M","neighborhood":"Fairywood","days_to_issue":181,"days_elapsed_if_open":null,"censored":false,"same_parcel_n":46,"work_desc":"CONSTRUCTION OF A 1-STORY TOWNHOUSE WITH A SLAB-ON-GRADE FLOOR & PRE-ENGINEERED TRUSSED ROOF"}},{"type":"Feature","geometry":{"type":"Point","coordinates":[-80.079431,40.449899]},"properties":{"permit_id":"BP-2022-09500","address":"104 CEDARWOOD PL, Pittsburgh, PA 15205-","issue_date":"2022-12-14","completed_date":null,"status":"Completed","typology":"single_attached","units":1,"classification_confidence":"high","zon_new":"RM-M","neighborhood":"Fairywood","days_to_issue":181,"days_elapsed_if_open":null,"censored":false,"same_parcel_n":46,"work_desc":"CONSTRUCTION OF A 1-STORY TOWNHOUSE WITH A SLAB-ON-GRADE FLOOR & PRE-ENGINEERED TRUSSED ROOF"}},{"type":"Feature","geometry":{"type":"Point","coordinates":[-80.079431,40.449899]},"properties":{"permit_id":"BP-2022-09501","address":"104 CEDARWOOD PL, Pittsburgh, PA 15205-","issue_date":"2022-12-14","completed_date":null,"status":"Completed","typology":"single_attached","units":1,"classification_confidence":"high","zon_new":"RM-M","neighborhood":"Fairywood","days_to_issue":181,"days_elapsed_if_open":null,"censored":false,"same_parcel_n":46,"work_desc":"CONSTRUCTION OF A 1-STORY TOWNHOUSE WITH A SLAB-ON-GRADE FLOOR & PRE-ENGINEERED TRUSSED ROOF"}},{"type":"Feature","geometry":{"type":"Point","coordinates":[-80.079431,40.449899]},"properties":{"permit_id":"BP-2022-09502","address":"104 CEDARWOOD PL, Pittsburgh, PA 15205-","issue_date":"2022-12-14","completed_date":null,"status":"Completed","typology":"single_attached","units":1,"classification_confidence":"high","zon_new":"RM-M","neighborhood":"Fairywood","days_to_issue":181,"days_elapsed_if_open":null,"censored":false,"same_parcel_n":46,"work_desc":"CONSTRUCTION OF A 1-STORY TOWNHOUSE WITH A SLAB-ON-GRADE FLOOR & PRE-ENGINEERED TRUSSED ROOF"}},{"type":"Feature","geometry":{"type":"Point","coordinates":[-80.079431,40.449899]},"properties":{"permit_id":"BP-2022-09503","address":"104 CEDARWOOD PL, Pittsburgh, PA 15205-","issue_date":"2022-12-14","completed_date":null,"status":"Completed","typology":"single_attached","units":1,"classification_confidence":"high","zon_new":"RM-M","neighborhood":"Fairywood","days_to_issue":181,"days_elapsed_if_open":null,"censored":false,"same_parcel_n":46,"work_desc":"CONSTRUCTION OF A 1-STORY TOWNHOUSE WITH A SLAB-ON-GRADE FLOOR & PRE-ENGINEERED TRUSSED ROOF"}},{"type":"Feature","geometry":{"type":"Point","coordinates":[-80.079431,40.449899]},"properties":{"permit_id":"BP-2022-09504","address":"104 CEDARWOOD PL, Pittsburgh, PA 15205-","issue_date":"2022-12-14","completed_date":null,"status":"Completed","typology":"single_attached","units":1,"classification_confidence":"high","zon_new":"RM-M","neighborhood":"Fairywood","days_to_issue":181,"days_elapsed_if_open":null,"censored":false,"same_parcel_n":46,"work_desc":"CONSTRUCTION OF A 1-STORY TOWNHOUSE WITH A SLAB-ON-GRADE FLOOR & PRE-ENGINEERED TRUSSED ROOF"}},{"type":"Feature","geometry":{"type":"Point","coordinates":[-80.079431,40.449899]},"properties":{"permit_id":"BP-2022-09505","address":"104 CEDARWOOD PL, Pittsburgh, PA 15205-","issue_date":"2022-12-14","completed_date":null,"status":"Completed","typology":"single_attached","units":1,"classification_confidence":"high","zon_new":"RM-M","neighborhood":"Fairywood","days_to_issue":181,"days_elapsed_if_open":null,"censored":false,"same_parcel_n":46,"work_desc":"CONSTRUCTION OF A 1-STORY TOWNHOUSE WITH A SLAB-ON-GRADE FLOOR & PRE-ENGINEERED TRUSSED ROOF"}},{"type":"Feature","geometry":{"type":"Point","coordinates":[-80.079431,40.449899]},"properties":{"permit_id":"BP-2022-09506","address":"104 CEDARWOOD PL, Pittsburgh, PA 15205-","issue_date":"2022-12-14","completed_date":null,"status":"Completed","typology":"single_attached","units":1,"classification_confidence":"high","zon_new":"RM-M","neighborhood":"Fairywood","days_to_issue":181,"days_elapsed_if_open":null,"censored":false,"same_parcel_n":46,"work_desc":"CONSTRUCTION OF A 1-STORY TOWNHOUSE WITH A SLAB-ON-GRADE FLOOR & PRE-ENGINEERED TRUSSED ROOF"}},{"type":"Feature","geometry":{"type":"Point","coordinates":[-80.079431,40.449899]},"properties":{"permit_id":"BP-2022-09507","address":"104 CEDARWOOD PL, Pittsburgh, PA 15205-","issue_date":"2022-12-14","completed_date":null,"status":"Completed","typology":"single_attached","units":1,"classification_confidence":"high","zon_new":"RM-M","neighborhood":"Fairywood","days_to_issue":181,"days_elapsed_if_open":null,"censored":false,"same_parcel_n":46,"work_desc":"CONSTRUCTION OF A 1-STORY TOWNHOUSE WITH A SLAB-ON-GRADE FLOOR & PRE-ENGINEERED TRUSSED ROOF"}},{"type":"Feature","geometry":{"type":"Point","coordinates":[-80.079431,40.449899]},"properties":{"permit_id":"BP-2022-09508","address":"104 CEDARWOOD PL, Pittsburgh, PA 15205-","issue_date":"2022-12-14","completed_date":null,"status":"Completed","typology":"single_attached","units":1,"classification_confidence":"high","zon_new":"RM-M","neighborhood":"Fairywood","days_to_issue":181,"days_elapsed_if_open":null,"censored":false,"same_parcel_n":46,"work_desc":"CONSTRUCTION OF A 1-STORY TOWNHOUSE WITH A SLAB-ON-GRADE FLOOR & PRE-ENGINEERED TRUSSED ROOF"}},{"type":"Feature","geometry":{"type":"Point","coordinates":[-80.079431,40.449899]},"properties":{"permit_id":"BP-2022-09509","address":"104 CEDARWOOD PL, Pittsburgh, PA 15205-","issue_date":"2022-12-14","completed_date":null,"status":"Completed","typology":"single_attached","units":1,"classification_confidence":"high","zon_new":"RM-M","neighborhood":"Fairywood","days_to_issue":181,"days_elapsed_if_open":null,"censored":false,"same_parcel_n":46,"work_desc":"CONSTRUCTION OF A 1-STORY TOWNHOUSE WITH A SLAB-ON-GRADE FLOOR & PRE-ENGINEERED TRUSSED ROOF"}},{"type":"Feature","geometry":{"type":"Point","coordinates":[-80.079431,40.449899]},"properties":{"permit_id":"BP-2022-09529","address":"104 CEDARWOOD PL, Pittsburgh, PA 15205-","issue_date":"2022-12-14","completed_date":null,"status":"Completed","typology":"single_attached","units":1,"classification_confidence":"high","zon_new":"RM-M","neighborhood":"Fairywood","days_to_issue":181,"days_elapsed_if_open":null,"censored":false,"same_parcel_n":46,"work_desc":"CONSTRUCTION OF A 1-STORY TOWNHOUSE WITH A SLAB-ON-GRADE FLOOR & PRE-ENGINEERED TRUSSED ROOF"}},{"type":"Feature","geometry":{"type":"Point","coordinates":[-80.079431,40.449899]},"properties":{"permit_id":"BP-2022-09530","address":"104 CEDARWOOD PL, Pittsburgh, PA 15205-","issue_date":"2022-12-14","completed_date":null,"status":"Completed","typology":"single_attached","units":1,"classification_confidence":"high","zon_new":"RM-M","neighborhood":"Fairywood","days_to_issue":181,"days_elapsed_if_open":null,"censored":false,"same_parcel_n":46,"work_desc":"CONSTRUCTION OF A 1-STORY TOWNHOUSE WITH A SLAB-ON-GRADE FLOOR & PRE-ENGINEERED TRUSSED ROOF"}},{"type":"Feature","geometry":{"type":"Point","coordinates":[-80.079431,40.449899]},"properties":{"permit_id":"BP-2022-09532","address":"104 CEDARWOOD PL, Pittsburgh, PA 15205-","issue_date":"2022-12-14","completed_date":null,"status":"Completed","typology":"single_attached","units":1,"classification_confidence":"high","zon_new":"RM-M","neighborhood":"Fairywood","days_to_issue":181,"days_elapsed_if_open":null,"censored":false,"same_parcel_n":46,"work_desc":"CONSTRUCTION OF A 1-STORY TOWNHOUSE WITH A SLAB-ON-GRADE FLOOR & PRE-ENGINEERED TRUSSED ROOF"}},{"type":"Feature","geometry":{"type":"Point","coordinates":[-80.079431,40.449899]},"properties":{"permit_id":"BP-2022-09533","address":"104 CEDARWOOD PL, Pittsburgh, PA 15205-","issue_date":"2022-12-14","completed_date":null,"status":"Completed","typology":"single_attached","units":1,"classification_confidence":"high","zon_new":"RM-M","neighborhood":"Fairywood","days_to_issue":181,"days_elapsed_if_open":null,"censored":false,"same_parcel_n":46,"work_desc":"CONSTRUCTION OF A 1-STORY TOWNHOUSE WITH A SLAB-ON-GRADE FLOOR & PRE-ENGINEERED TRUSSED ROOF"}},{"type":"Feature","geometry":{"type":"Point","coordinates":[-80.079431,40.449899]},"properties":{"permit_id":"BP-2022-09535","address":"104 CEDARWOOD PL, Pittsburgh, PA 15205-","issue_date":"2022-12-14","completed_date":null,"status":"Completed","typology":"single_attached","units":1,"classification_confidence":"high","zon_new":"RM-M","neighborhood":"Fairywood","days_to_issue":181,"days_elapsed_if_open":null,"censored":false,"same_parcel_n":46,"work_desc":"CONSTRUCTION OF A 1-STORY TOWNHOUSE WITH A SLAB-ON-GRADE FLOOR & PRE-ENGINEERED TRUSSED ROOF"}},{"type":"Feature","geometry":{"type":"Point","coordinates":[-80.079431,40.449899]},"properties":{"permit_id":"BP-2022-09536","address":"104 CEDARWOOD PL, Pittsburgh, PA 15205-","issue_date":"2022-12-14","completed_date":null,"status":"Completed","typology":"single_attached","units":1,"classification_confidence":"high","zon_new":"RM-M","neighborhood":"Fairywood","days_to_issue":181,"days_elapsed_if_open":null,"censored":false,"same_parcel_n":46,"work_desc":"CONSTRUCTION OF A 1-STORY TOWNHOUSE WITH A SLAB-ON-GRADE FLOOR & PRE-ENGINEERED TRUSSED ROOF"}},{"type":"Feature","geometry":{"type":"Point","coordinates":[-80.079431,40.449899]},"properties":{"permit_id":"BP-2022-09537","address":"104 CEDARWOOD PL, Pittsburgh, PA 15205-","issue_date":"2022-12-14","completed_date":null,"status":"Completed","typology":"single_attached","units":1,"classification_confidence":"high","zon_new":"RM-M","neighborhood":"Fairywood","days_to_issue":181,"days_elapsed_if_open":null,"censored":false,"same_parcel_n":46,"work_desc":"CONSTRUCTION OF A 1-STORY TOWNHOUSE WITH A SLAB-ON-GRADE FLOOR & PRE-ENGINEERED TRUSSED ROOF"}},{"type":"Feature","geometry":{"type":"Point","coordinates":[-80.079431,40.449899]},"properties":{"permit_id":"BP-2022-09538","address":"104 CEDARWOOD PL, Pittsburgh, PA 15205-","issue_date":"2022-12-14","completed_date":null,"status":"Completed","typology":"single_attached","units":1,"classification_confidence":"high","zon_new":"RM-M","neighborhood":"Fairywood","days_to_issue":181,"days_elapsed_if_open":null,"censored":false,"same_parcel_n":46,"work_desc":"CONSTRUCTION OF A 1-STORY TOWNHOUSE WITH A SLAB-ON-GRADE FLOOR & PRE-ENGINEERED TRUSSED ROOF"}},{"type":"Feature","geometry":{"type":"Point","coordinates":[-80.079431,40.449899]},"properties":{"permit_id":"BP-2022-09539","address":"104 CEDARWOOD PL, Pittsburgh, PA 15205-","issue_date":"2022-12-14","completed_date":null,"status":"Completed","typology":"single_attached","units":1,"classification_confidence":"high","zon_new":"RM-M","neighborhood":"Fairywood","days_to_issue":181,"days_elapsed_if_open":null,"censored":false,"same_parcel_n":46,"work_desc":"CONSTRUCTION OF A 1-STORY TOWNHOUSE WITH A SLAB-ON-GRADE FLOOR & PRE-ENGINEERED TRUSSED ROOF"}},{"type":"Feature","geometry":{"type":"Point","coordinates":[-80.079431,40.449899]},"properties":{"permit_id":"BP-2022-09541","address":"104 CEDARWOOD PL, Pittsburgh, PA 15205-","issue_date":"2022-12-14","completed_date":null,"status":"Completed","typology":"single_attached","units":1,"classification_confidence":"high","zon_new":"RM-M","neighborhood":"Fairywood","days_to_issue":181,"days_elapsed_if_open":null,"censored":false,"same_parcel_n":46,"work_desc":"CONSTRUCTION OF A 1-STORY TOWNHOUSE WITH A SLAB-ON-GRADE FLOOR & PRE-ENGINEERED TRUSSED ROOF"}},{"type":"Feature","geometry":{"type":"Point","coordinates":[-80.079431,40.449899]},"properties":{"permit_id":"BP-2022-09542","address":"104 CEDARWOOD PL, Pittsburgh, PA 15205-","issue_date":"2022-12-14","completed_date":null,"status":"Completed","typology":"single_attached","units":1,"classification_confidence":"high","zon_new":"RM-M","neighborhood":"Fairywood","days_to_issue":181,"days_elapsed_if_open":null,"censored":false,"same_parcel_n":46,"work_desc":"CONSTRUCTION OF A 1-STORY TOWNHOUSE WITH A SLAB-ON-GRADE FLOOR & PRE-ENGINEERED TRUSSED ROOF"}},{"type":"Feature","geometry":{"type":"Point","coordinates":[-80.079431,40.449899]},"properties":{"permit_id":"BP-2022-09543","address":"104 CEDARWOOD PL, Pittsburgh, PA 15205-","issue_date":"2022-12-14","completed_date":null,"status":"Completed","typology":"single_attached","units":1,"classification_confidence":"high","zon_new":"RM-M","neighborhood":"Fairywood","days_to_issue":181,"days_elapsed_if_open":null,"censored":false,"same_parcel_n":46,"work_desc":"CONSTRUCTION OF A 1-STORY TOWNHOUSE WITH A SLAB-ON-GRADE FLOOR & PRE-ENGINEERED TRUSSED ROOF"}},{"type":"Feature","geometry":{"type":"Point","coordinates":[-80.079431,40.449899]},"properties":{"permit_id":"BP-2022-09545","address":"104 CEDARWOOD PL, Pittsburgh, PA 15205-","issue_date":"2022-12-08","completed_date":null,"status":"Completed","typology":"single_attached","units":1,"classification_confidence":"high","zon_new":"RM-M","neighborhood":"Fairywood","days_to_issue":175,"days_elapsed_if_open":null,"censored":false,"same_parcel_n":46,"work_desc":"CONSTRUCTION OF A 1-STORY TOWNHOUSE WITH A SLAB-ON-GRADE FLOOR & PRE-ENGINEERED TRUSSED ROOF"}},{"type":"Feature","geometry":{"type":"Point","coordinates":[-80.079431,40.449899]},"properties":{"permit_id":"BP-2022-09546","address":"104 CEDARWOOD PL, Pittsburgh, PA 15205-","issue_date":"2022-12-14","completed_date":null,"status":"Completed","typology":"single_attached","units":1,"classification_confidence":"high","zon_new":"RM-M","neighborhood":"Fairywood","days_to_issue":181,"days_elapsed_if_open":null,"censored":false,"same_parcel_n":46,"work_desc":"CONSTRUCTION OF A 1-STORY TOWNHOUSE WITH A SLAB-ON-GRADE FLOOR & PRE-ENGINEERED TRUSSED ROOF"}},{"type":"Feature","geometry":{"type":"Point","coordinates":[-80.079431,40.449899]},"properties":{"permit_id":"BP-2022-09547","address":"104 CEDARWOOD PL, Pittsburgh, PA 15205-","issue_date":"2022-12-14","completed_date":null,"status":"Completed","typology":"single_attached","units":1,"classification_confidence":"high","zon_new":"RM-M","neighborhood":"Fairywood","days_to_issue":181,"days_elapsed_if_open":null,"censored":false,"same_parcel_n":46,"work_desc":"CONSTRUCTION OF A 1-STORY TOWNHOUSE WITH A SLAB-ON-GRADE FLOOR & PRE-ENGINEERED TRUSSED ROOF"}},{"type":"Feature","geometry":{"type":"Point","coordinates":[-80.079431,40.449899]},"properties":{"permit_id":"BP-2022-09548","address":"104 CEDARWOOD PL, Pittsburgh, PA 15205-","issue_date":"2022-12-14","completed_date":null,"status":"Revoked","typology":"single_attached","units":1,"classification_confidence":"high","zon_new":"RM-M","neighborhood":"Fairywood","days_to_issue":181,"days_elapsed_if_open":null,"censored":false,"same_parcel_n":46,"work_desc":"CONSTRUCTION OF A 1-STORY ATTACHED SINGLE FAMILY DWELLING WITH A SLAB-ON-GRADE FLOOR & PRE-ENGINEERED TRUSSED ROOF"}},{"type":"Feature","geometry":{"type":"Point","coordinates":[-80.079431,40.449899]},"properties":{"permit_id":"BP-2022-09549","address":"104 CEDARWOOD PL, Pittsburgh, PA 15205-","issue_date":"2022-12-14","completed_date":null,"status":"Completed","typology":"single_attached","units":1,"classification_confidence":"high","zon_new":"RM-M","neighborhood":"Fairywood","days_to_issue":181,"days_elapsed_if_open":null,"censored":false,"same_parcel_n":46,"work_desc":"CONSTRUCTION OF A 1-STORY TOWNHOUSE WITH A SLAB-ON-GRADE FLOOR & PRE-ENGINEERED TRUSSED ROOF"}},{"type":"Feature","geometry":{"type":"Point","coordinates":[-80.079431,40.449899]},"properties":{"permit_id":"BP-2022-09550","address":"104 CEDARWOOD PL, Pittsburgh, PA 15205-","issue_date":"2022-12-14","completed_date":null,"status":"Completed","typology":"single_attached","units":1,"classification_confidence":"high","zon_new":"RM-M","neighborhood":"Fairywood","days_to_issue":181,"days_elapsed_if_open":null,"censored":false,"same_parcel_n":46,"work_desc":"CONSTRUCTION OF A 1-STORY TOWNHOUSE WITH A SLAB-ON-GRADE FLOOR & PRE-ENGINEERED TRUSSED ROOF"}},{"type":"Feature","geometry":{"type":"Point","coordinates":[-80.079431,40.449899]},"properties":{"permit_id":"BP-2022-09551","address":"104 CEDARWOOD PL, Pittsburgh, PA 15205-","issue_date":"2022-12-14","completed_date":null,"status":"Completed","typology":"single_attached","units":1,"classification_confidence":"high","zon_new":"RM-M","neighborhood":"Fairywood","days_to_issue":181,"days_elapsed_if_open":null,"censored":false,"same_parcel_n":46,"work_desc":"CONSTRUCTION OF A 1-STORY TOWNHOUSE WITH A SLAB-ON-GRADE FLOOR & PRE-ENGINEERED TRUSSED ROOF"}},{"type":"Feature","geometry":{"type":"Point","coordinates":[-80.079431,40.449899]},"properties":{"permit_id":"BP-2022-09552","address":"104 CEDARWOOD PL, Pittsburgh, PA 15205-","issue_date":"2022-12-14","completed_date":null,"status":"Completed","typology":"single_attached","units":1,"classification_confidence":"high","zon_new":"RM-M","neighborhood":"Fairywood","days_to_issue":181,"days_elapsed_if_open":null,"censored":false,"same_parcel_n":46,"work_desc":"CONSTRUCTION OF A 1-STORY TOWNHOUSE WITH A SLAB-ON-GRADE FLOOR & PRE-ENGINEERED TRUSSED ROOF"}},{"type":"Feature","geometry":{"type":"Point","coordinates":[-80.079431,40.449899]},"properties":{"permit_id":"BP-2022-09553","address":"104 CEDARWOOD PL, Pittsburgh, PA 15205-","issue_date":"2022-12-14","completed_date":null,"status":"Completed","typology":"single_attached","units":1,"classification_confidence":"high","zon_new":"RM-M","neighborhood":"Fairywood","days_to_issue":181,"days_elapsed_if_open":null,"censored":false,"same_parcel_n":46,"work_desc":"CONSTRUCTION OF A 1-STORY TOWNHOUSE WITH A SLAB-ON-GRADE FLOOR & PRE-ENGINEERED TRUSSED ROOF"}},{"type":"Feature","geometry":{"type":"Point","coordinates":[-80.079431,40.449899]},"properties":{"permit_id":"BP-2022-09554","address":"104 CEDARWOOD PL, Pittsburgh, PA 15205-","issue_date":"2022-12-14","completed_date":null,"status":"Completed","typology":"single_attached","units":1,"classification_confidence":"high","zon_new":"RM-M","neighborhood":"Fairywood","days_to_issue":181,"days_elapsed_if_open":null,"censored":false,"same_parcel_n":46,"work_desc":"CONSTRUCTION OF A 1-STORY TOWNHOUSE WITH A SLAB-ON-GRADE FLOOR & PRE-ENGINEERED TRUSSED ROOF"}},{"type":"Feature","geometry":{"type":"Point","coordinates":[-80.007112,40.455928]},"properties":{"permit_id":"BP-2022-09765","address":"1201 FEDERAL ST #204, Pittsburgh, PA 15212-","issue_date":"2022-10-06","completed_date":null,"status":"Completed","typology":"multi_unit_size_unknown","units":null,"classification_confidence":"med","zon_new":"LNC","neighborhood":"Central Northside","days_to_issue":107,"days_elapsed_if_open":null,"censored":false,"same_parcel_n":1,"work_desc":"NEW 3-STORY APARTMENT BUILDING"}},{"type":"Feature","geometry":{"type":"Point","coordinates":[-79.908258,40.461254]},"properties":{"permit_id":"BP-2022-10429","address":"546 LINCOLN AVE, Pittsburgh, PA 15206-","issue_date":"2022-10-10","completed_date":null,"status":"Completed","typology":"single_detached","units":1,"classification_confidence":"med","zon_new":"R1D-M","neighborhood":"Larimer","days_to_issue":101,"days_elapsed_if_open":null,"censored":false,"same_parcel_n":1,"work_desc":"CONSTRUCT 2-STORY HOUSE WITH REAR DECK"}},{"type":"Feature","geometry":{"type":"Point","coordinates":[-79.908352,40.461233]},"properties":{"permit_id":"BP-2022-10430","address":"542 LINCOLN AVE, Pittsburgh, PA 15206-","issue_date":"2022-10-10","completed_date":null,"status":"Completed","typology":"single_detached","units":1,"classification_confidence":"med","zon_new":"R1D-M","neighborhood":"Larimer","days_to_issue":101,"days_elapsed_if_open":null,"censored":false,"same_parcel_n":1,"work_desc":"CONSTRUCT 2-STORY HOUSE WITH REAR DECK"}},{"type":"Feature","geometry":{"type":"Point","coordinates":[-79.987934,40.445389]},"properties":{"permit_id":"BP-2022-10847","address":"1547 CLIFF ST, Pittsburgh, PA 15219-","issue_date":"2022-12-14","completed_date":null,"status":"Completed","typology":"single_attached","units":1,"classification_confidence":"high","zon_new":"RM-M","neighborhood":"Crawford-Roberts","days_to_issue":155,"days_elapsed_if_open":null,"censored":false,"same_parcel_n":4,"work_desc":"3 STORY ATTACHED SINGLE FAMILY DWELLING WITH DECK AT REAR OFF OF FIRST FLOOR."}},{"type":"Feature","geometry":{"type":"Point","coordinates":[-79.987934,40.445389]},"properties":{"permit_id":"BP-2022-10854","address":"1547 CLIFF ST, Pittsburgh, PA 15219-","issue_date":"2022-12-14","completed_date":null,"status":"Completed","typology":"single_attached","units":1,"classification_confidence":"high","zon_new":"RM-M","neighborhood":"Crawford-Roberts","days_to_issue":155,"days_elapsed_if_open":null,"censored":false,"same_parcel_n":4,"work_desc":"CONSTRUCTION OF NEW 3 STORY ATTACHED SINGLE FAMILY DWELLING (UNIT 4) WITH DECK AT REAR OFF OF FIRST FLOOR."}},{"type":"Feature","geometry":{"type":"Point","coordinates":[-79.987934,40.445389]},"properties":{"permit_id":"BP-2022-10856","address":"1547 CLIFF ST, Pittsburgh, PA 15219-","issue_date":"2022-12-14","completed_date":null,"status":"Completed","typology":"single_attached","units":1,"classification_confidence":"high","zon_new":"RM-M","neighborhood":"Crawford-Roberts","days_to_issue":155,"days_elapsed_if_open":null,"censored":false,"same_parcel_n":4,"work_desc":"3 STORY ATTACHED SINGLE FAMILY DWELLING WITH DECK AT REAR OFF OF FIRST FLOOR."}},{"type":"Feature","geometry":{"type":"Point","coordinates":[-79.987934,40.445389]},"properties":{"permit_id":"BP-2022-10858","address":"1547 CLIFF ST, Pittsburgh, PA 15219-","issue_date":"2022-12-14","completed_date":null,"status":"Completed","typology":"single_attached","units":1,"classification_confidence":"high","zon_new":"RM-M","neighborhood":"Crawford-Roberts","days_to_issue":155,"days_elapsed_if_open":null,"censored":false,"same_parcel_n":4,"work_desc":"3 STORY ATTACHED SINGLE FAMILY DWELLING WITH DECK AT REAR OFF OF FIRST FLOOR."}},{"type":"Feature","geometry":{"type":"Point","coordinates":[-79.914936,40.462542]},"properties":{"permit_id":"BP-2022-11364","address":"163 AUBURN ST, Pittsburgh, PA 15206-","issue_date":"2022-09-14","completed_date":null,"status":"Completed","typology":"two_unit","units":2,"classification_confidence":"high","zon_new":"R2-H","neighborhood":"Larimer","days_to_issue":56,"days_elapsed_if_open":null,"censored":false,"same_parcel_n":1,"work_desc":"NEW CONSTRUCTION OF A TWO FAMILY DWELLING"}},{"type":"Feature","geometry":{"type":"Point","coordinates":[-79.916575,40.465124]},"properties":{"permit_id":"BP-2022-11365","address":"37 MAYFLOWER ST, Pittsburgh, PA 15206-","issue_date":"2022-09-16","completed_date":null,"status":"Completed","typology":"single_detached","units":1,"classification_confidence":"high","zon_new":"R2-H","neighborhood":"Larimer","days_to_issue":58,"days_elapsed_if_open":null,"censored":false,"same_parcel_n":1,"work_desc":"NEW CONSTRUCTION OF A SINGLE FAMILY DWELLING"}},{"type":"Feature","geometry":{"type":"Point","coordinates":[-80.014896,40.452015]},"properties":{"permit_id":"BP-2022-11495","address":"823 WESTERN AVE, Pittsburgh, PA 15233-","issue_date":"2022-10-06","completed_date":null,"status":"Completed","typology":"single_detached","units":1,"classification_confidence":"high","zon_new":"LNC","neighborhood":"Allegheny West","days_to_issue":76,"days_elapsed_if_open":null,"censored":false,"same_parcel_n":1,"work_desc":"NEW SINGLE FAMILY DWELLING WITH DETACHED TWO CAR GARAGE AT REAR"}},{"type":"Feature","geometry":{"type":"Point","coordinates":[-79.95321,40.479314]},"properties":{"permit_id":"BP-2022-11855","address":"442 52ND ST, Pittsburgh, PA 15201-","issue_date":"2023-02-09","completed_date":null,"status":"Completed","typology":"single_detached","units":1,"classification_confidence":"high","zon_new":"R1A-VH","neighborhood":"Upper Lawrenceville","days_to_issue":196,"days_elapsed_if_open":null,"censored":false,"same_parcel_n":1,"work_desc":"CONSTRUCTION OF SINGLE FAMILY DWELLING WITH INTEGRAL TWO CAR GARAGE AT FRONT, SECOND FLOOR DECK AT REAR AND THIRD LEVEL DECK"}},{"type":"Feature","geometry":{"type":"Point","coordinates":[-79.951468,40.458519]},"properties":{"permit_id":"BP-2022-13268","address":"4728 LORIGAN ST #301, Pittsburgh, PA 15224-","issue_date":"2022-10-10","completed_date":null,"status":"Completed","typology":"two_unit","units":2,"classification_confidence":"high","zon_new":"R2-VH","neighborhood":"Bloomfield","days_to_issue":51,"days_elapsed_if_open":null,"censored":false,"same_parcel_n":1,"work_desc":"NEW THREE STORY TWO FAMILY DWELLING WITH 2 CAR INTEGRAL GARAGE ON FIRST FLOOR & BALCONY AT REAR ON 2ND & 3RD FLOOR. 2ND FLOOR APARTMENT; APT 201 4728 LORIGAN ST"}},{"type":"Feature","geometry":{"type":"Point","coordinates":[-80.019701,40.460932]},"properties":{"permit_id":"BP-2022-13374","address":"902 MORRISON ST, Pittsburgh, PA 15212-","issue_date":"2023-06-29","completed_date":null,"status":"Issued","typology":"single_detached","units":1,"classification_confidence":"high","zon_new":"P","neighborhood":"California-Kirkbride","days_to_issue":310,"days_elapsed_if_open":null,"censored":false,"same_parcel_n":1,"work_desc":"THREE-STORY MODULAR STRUCTURE AS SINGLE UNIT RESIDENCE WITH 24' X 10' ONE CAR PARKING PAD AT SIDE AND 12'-0\" X 15'-8 1/2\" THIRD FLOOR ROOF DECK AT REAR."}},{"type":"Feature","geometry":{"type":"Point","coordinates":[-80.023669,40.434946]},"properties":{"permit_id":"BP-2022-13563","address":"440 WYOLA ST, Pittsburgh, PA 15211-","issue_date":"2022-11-04","completed_date":null,"status":"Completed","typology":"single_detached","units":1,"classification_confidence":"high","zon_new":"R1A-H","neighborhood":"Duquesne Heights","days_to_issue":71,"days_elapsed_if_open":null,"censored":false,"same_parcel_n":1,"work_desc":"NEW THREE-STORY STRUCTURE AS SINGLE UNIT DWELLING WITH INTEGRAL TWO-CAR GARAGE."}},{"type":"Feature","geometry":{"type":"Point","coordinates":[-79.986861,40.422295]},"properties":{"permit_id":"BP-2022-14036","address":"1035 E WARRINGTON AVE, Pittsburgh, PA 15210-","issue_date":"2022-11-07","completed_date":null,"status":"Issued","typology":"single_detached","units":1,"classification_confidence":"high","zon_new":"H","neighborhood":"South Side Slopes","days_to_issue":66,"days_elapsed_if_open":null,"censored":false,"same_parcel_n":1,"work_desc":"CONSTRUCTION OF NEW 3-STORY SINGLE FAMILY DWELLING WITH INTEGRAL PARKING, 1ST FLR REAR DECKS, 2ND FLR SIDE DECK, 3RD FLR SIDE & REAR PARTIALLY COVERED DECK & TR"}},{"type":"Feature","geometry":{"type":"Point","coordinates":[-79.962251,40.470385]},"properties":{"permit_id":"BP-2022-14282","address":"167 41ST ST, Pittsburgh, PA 15201-","issue_date":"2023-05-23","completed_date":null,"status":"Completed","typology":"single_detached","units":1,"classification_confidence":"high","zon_new":"R1A-VH","neighborhood":"Central Lawrenceville","days_to_issue":257,"days_elapsed_if_open":null,"censored":false,"same_parcel_n":1,"work_desc":"CONSTRUCTION NEW 3-STORY SINGLE FAMILY DWELLING WITH INTEGRAL GARAGE AND ROOFTOP DECK"}},{"type":"Feature","geometry":{"type":"Point","coordinates":[-79.936366,40.482852]},"properties":{"permit_id":"BP-2022-15055","address":"1361 HAWTHORNE ST, Pittsburgh, PA 15201-","issue_date":"2023-11-09","completed_date":null,"status":"Issued","typology":"single_detached","units":1,"classification_confidence":"high","zon_new":"R1D-L","neighborhood":"Stanton Heights","days_to_issue":413,"days_elapsed_if_open":null,"censored":false,"same_parcel_n":1,"work_desc":"CONSTRUCTION OF NEW 3-STORY SINGLE FAMILY DWELLING WITH ONE CAR GARAGE SECOND FLOOR DECK WITH STAIRS TO GRADE AT REAR AND ROOFTOP DECK"}},{"type":"Feature","geometry":{"type":"Point","coordinates":[-79.953576,40.439136]},"properties":{"permit_id":"BP-2022-15117","address":"353 OAKLAND AVE, Pittsburgh, PA 15213-","issue_date":"2023-01-20","completed_date":null,"status":"Completed","typology":"two_unit","units":2,"classification_confidence":"med","zon_new":"R-MU","neighborhood":"Central Oakland","days_to_issue":119,"days_elapsed_if_open":null,"censored":false,"same_parcel_n":1,"work_desc":"AMENDED TO CHANGE PERMIT FROM MINOR WORK TO INTERIOR/EXTERIOR ALTERATIONS TO EXISTING GARAGE WITH A CHANGE OF USE TO A TWO-FAMILY DWELLING."}},{"type":"Feature","geometry":{"type":"Point","coordinates":[-79.919381,40.469009]},"properties":{"permit_id":"BP-2022-15164","address":"6050 STANTON AVE, Pittsburgh, PA 15206-","issue_date":"2022-11-14","completed_date":null,"status":"Completed","typology":"single_detached","units":1,"classification_confidence":"med","zon_new":"R3-M","neighborhood":"East Liberty","days_to_issue":49,"days_elapsed_if_open":null,"censored":false,"same_parcel_n":1,"work_desc":"CONSTRUCTION OF 2-1/2 STORY MODULAR HOUSE"}},{"type":"Feature","geometry":{"type":"Point","coordinates":[-79.949646,40.481045]},"properties":{"permit_id":"BP-2022-15283","address":"5321 HOLMES ST, Pittsburgh, PA 15201-","issue_date":"2023-02-07","completed_date":null,"status":"Completed","typology":"single_detached","units":1,"classification_confidence":"high","zon_new":"R1A-VH","neighborhood":"Upper Lawrenceville","days_to_issue":133,"days_elapsed_if_open":null,"censored":false,"same_parcel_n":1,"work_desc":"CONSTRUCTION OF NEW 3 STORY SINGLE FAMILY DWELLING WITH INTEGRAL GARAGE AND ROOFTOP DECK"}},{"type":"Feature","geometry":{"type":"Point","coordinates":[-80.008227,40.458861]},"properties":{"permit_id":"BP-2022-15429","address":"10 ALPINE AVE, Pittsburgh, PA 15212-","issue_date":"2023-08-23","completed_date":null,"status":"Issued","typology":"single_attached","units":1,"classification_confidence":"high","zon_new":"R1A-VH","neighborhood":"Central Northside","days_to_issue":328,"days_elapsed_if_open":null,"censored":false,"same_parcel_n":1,"work_desc":"3 STORY TOWNHOUSE WITH BASEMNET & INTEGRAL GARAGE & ROOFTOP DECK."}},{"type":"Feature","geometry":{"type":"Point","coordinates":[-80.00814,40.458879]},"properties":{"permit_id":"BP-2022-15430","address":"8 ALPINE AVE, Pittsburgh, PA 15212-","issue_date":"2023-08-23","completed_date":null,"status":"Issued","typology":"single_attached","units":1,"classification_confidence":"high","zon_new":"R1A-VH","neighborhood":"Central Northside","days_to_issue":328,"days_elapsed_if_open":null,"censored":false,"same_parcel_n":1,"work_desc":"3 STORY TOWNHOUSE WITH INTEGRAL GARAGE & ROOFTOP DECK."}},{"type":"Feature","geometry":{"type":"Point","coordinates":[-80.008063,40.458894]},"properties":{"permit_id":"BP-2022-15431","address":"6 ALPINE AVE, Pittsburgh, PA 15212-","issue_date":"2023-08-23","completed_date":null,"status":"Issued","typology":"single_attached","units":1,"classification_confidence":"high","zon_new":"R1A-VH","neighborhood":"Central Northside","days_to_issue":328,"days_elapsed_if_open":null,"censored":false,"same_parcel_n":1,"work_desc":"3 STORY TOWNHOUSE WITH INTEGRAL GARAGE & ROOFTOP DECK."}},{"type":"Feature","geometry":{"type":"Point","coordinates":[-80.007975,40.458911]},"properties":{"permit_id":"BP-2022-15432","address":"4 ALPINE AVE, Pittsburgh, PA 15212-","issue_date":"2023-08-23","completed_date":null,"status":"Issued","typology":"single_attached","units":1,"classification_confidence":"high","zon_new":"R1A-VH","neighborhood":"Central Northside","days_to_issue":328,"days_elapsed_if_open":null,"censored":false,"same_parcel_n":1,"work_desc":"3 STORY TOWNHOUSE WITH INTEGRAL GARAGE & ROOFTOP DECK & INSTALL HVAC UNIT ON ROOFTOP."}},{"type":"Feature","geometry":{"type":"Point","coordinates":[-79.962089,40.470514]},"properties":{"permit_id":"BP-2022-16091","address":"166 BANNER Way, Pittsburgh, PA 15201-","issue_date":"2024-09-19","completed_date":null,"status":"Completed","typology":"single_detached","units":1,"classification_confidence":"high","zon_new":"R1A-VH","neighborhood":"Central Lawrenceville","days_to_issue":707,"days_elapsed_if_open":null,"censored":false,"same_parcel_n":1,"work_desc":"CONSTRUCTION OF OF 3-STORY WOOD-FRAMED SINGLE FAMILY DWELLING WITH INTEGRAL TWO-CAR GARAGE AND ROOFTOP DECK & ACCESS STAIRWAY"}},{"type":"Feature","geometry":{"type":"Point","coordinates":[-79.937135,40.477834]},"properties":{"permit_id":"BP-2022-16199","address":"115 ELENA CT, Pittsburgh, PA 15201-","issue_date":"2023-05-17","completed_date":null,"status":"Revoked","typology":"single_detached","units":1,"classification_confidence":"high","zon_new":"R1D-L","neighborhood":"Stanton Heights","days_to_issue":215,"days_elapsed_if_open":null,"censored":false,"same_parcel_n":2,"work_desc":"CONSTRUCTION OF NEW ONE STORY SINGLE FAMILY DWELLING WITH DECK AT REAR"}},{"type":"Feature","geometry":{"type":"Point","coordinates":[-80.001458,40.453649]},"properties":{"permit_id":"BP-2022-16429","address":"708 CEDAR AVE, Pittsburgh, PA 15212-","issue_date":"2023-07-20","completed_date":null,"status":"Completed","typology":"single_attached","units":1,"classification_confidence":"high","zon_new":"R1A-VH","neighborhood":"East Allegheny","days_to_issue":274,"days_elapsed_if_open":null,"censored":false,"same_parcel_n":1,"work_desc":"CONSTRUCTION OF 3 STORY SINGLE FAMILY ATTACHED DWELLING WITH ONE-CAR DETACHED GARAGE AT REAR"}},{"type":"Feature","geometry":{"type":"Point","coordinates":[-80.001443,40.453609]},"properties":{"permit_id":"BP-2022-16430","address":"706 CEDAR AVE, Pittsburgh, PA 15212-","issue_date":"2023-07-20","completed_date":null,"status":"Completed","typology":"single_attached","units":1,"classification_confidence":"high","zon_new":"R1A-VH","neighborhood":"East Allegheny","days_to_issue":274,"days_elapsed_if_open":null,"censored":false,"same_parcel_n":1,"work_desc":"CONSTRUCTION OF 3 SINGLE FAMILY ATTACHED DWELLING WITH ONE-CAR DETACHED GARAGE AT REAR"}},{"type":"Feature","geometry":{"type":"Point","coordinates":[-79.92322,40.457531]},"properties":{"permit_id":"BP-2022-16431","address":"263 EMERSON ST, Pittsburgh, 15206-","issue_date":"2022-11-16","completed_date":null,"status":"Completed","typology":"two_unit","units":2,"classification_confidence":"med","zon_new":"R1A-H","neighborhood":"Shadyside","days_to_issue":28,"days_elapsed_if_open":null,"censored":false,"same_parcel_n":1,"work_desc":"INTERIOR RENOVATIONS TO CONVERT STRUCTURE INTO TWO FAMILY DWELLING, EXTERIOR RENOVATIONS TO INCLUDE REPLACE PORCH AT FRONT, SECOND FLOOR DECK AT REAR AND FIRST "}},{"type":"Feature","geometry":{"type":"Point","coordinates":[-79.95779,40.45191]},"properties":{"permit_id":"BP-2022-16441","address":"923 BRYN MAWR RD, Pittsburgh, 15219-","issue_date":"2023-10-18","completed_date":null,"status":"Completed","typology":"two_unit","units":2,"classification_confidence":"high","zon_new":"R2-L","neighborhood":"Upper Hill","days_to_issue":363,"days_elapsed_if_open":null,"censored":false,"same_parcel_n":1,"work_desc":"INTERIOR ALTERTION TO CONVERT SINGLE-FAMILY DWELLING INTO A TWO-FAMILY DWELLING"}},{"type":"Feature","geometry":{"type":"Point","coordinates":[-80.024609,40.439517]},"properties":{"permit_id":"BP-2022-17357","address":"219 SEWARD ST, Pittsburgh, PA 15211-","issue_date":"2022-12-28","completed_date":null,"status":"Completed","typology":"single_detached","units":1,"classification_confidence":"med","zon_new":"R1D-M","neighborhood":"Duquesne Heights","days_to_issue":50,"days_elapsed_if_open":null,"censored":false,"same_parcel_n":1,"work_desc":"CONSTRUCT 3-STORY HOUSE"}},{"type":"Feature","geometry":{"type":"Point","coordinates":[-79.932596,40.445991]},"properties":{"permit_id":"BP-2022-17615","address":"5422 WILKINS AVE, Pittsburgh, PA 15217-","issue_date":"2023-05-23","completed_date":null,"status":"Completed","typology":"single_detached","units":1,"classification_confidence":"high","zon_new":"R1D-L","neighborhood":"Squirrel Hill North","days_to_issue":190,"days_elapsed_if_open":null,"censored":false,"same_parcel_n":1,"work_desc":"CONSTRUCTION OF NEW TWO STORY SINGLE FAMILY DWELLING WITH INTERGAL GARAGE AND SECOND FLOOR DECK AT REAR."}},{"type":"Feature","geometry":{"type":"Point","coordinates":[-80.039035,40.438499]},"properties":{"permit_id":"BP-2022-17641","address":"525 WESTON Way, Pittsburgh, PA 15220-","issue_date":"2023-02-06","completed_date":null,"status":"Completed","typology":"single_detached","units":1,"classification_confidence":"high","zon_new":"H","neighborhood":"Elliott","days_to_issue":84,"days_elapsed_if_open":null,"censored":false,"same_parcel_n":1,"work_desc":"CONSTRUCTION OF NEW SINGLE FAMILY DWELLING WITH ONE CAR GARAGE AND DECK AT REAR"}},{"type":"Feature","geometry":{"type":"Point","coordinates":[-80.039175,40.438534]},"properties":{"permit_id":"BP-2022-17642","address":"529 WESTON Way, Pittsburgh, PA 15220-","issue_date":"2023-02-06","completed_date":null,"status":"Completed","typology":"single_detached","units":1,"classification_confidence":"high","zon_new":"H","neighborhood":"Elliott","days_to_issue":84,"days_elapsed_if_open":null,"censored":false,"same_parcel_n":1,"work_desc":"CONSTRUCTION OF NEW SINGLE FAMILY DWELLING WITH ONE CAR GARAGE AND DECK AT REAR"}},{"type":"Feature","geometry":{"type":"Point","coordinates":[-79.925546,40.45682]},"properties":{"permit_id":"BP-2022-17661","address":"316 S HIGHLAND AVE #402, Pittsburgh, PA 15206-","issue_date":"2023-04-24","completed_date":null,"status":"Completed","typology":"multi_unit_4_19","units":9,"classification_confidence":"high","zon_new":"RM-H","neighborhood":"Shadyside","days_to_issue":160,"days_elapsed_if_open":null,"censored":false,"same_parcel_n":1,"work_desc":"CONSTRUCTION OF A 4-STORY 9-UNIT APARTMENT BUILDING WITH ROOFTOP DECK AND BASEMENT GARAGE"}},{"type":"Feature","geometry":{"type":"Point","coordinates":[-79.921106,40.458797]},"properties":{"permit_id":"BP-2022-17693","address":"163 SHADY AVE #114, Pittsburgh, PA 15206-","issue_date":"2023-05-11","completed_date":null,"status":"Completed","typology":"multi_unit_size_unknown","units":null,"classification_confidence":"low","zon_new":"UNC","neighborhood":"Shadyside","days_to_issue":177,"days_elapsed_if_open":null,"censored":false,"same_parcel_n":3,"work_desc":"[generic: PHASED CONSTRUCTION OF CORE AND SHELL FOR PARTIAL 1ST FLOOR OF FUTURE 6-STORY MU; same-parcel BP-2023-08890] PHASED CONSTRUCTION OF APARTMENT BUILDING"}},{"type":"Feature","geometry":{"type":"Point","coordinates":[-80.007546,40.466154]},"properties":{"permit_id":"BP-2022-17791","address":"No primary address specified","issue_date":"2023-07-11","completed_date":null,"status":"Completed","typology":"single_detached","units":1,"classification_confidence":"med","zon_new":"R1D-H","neighborhood":"Perry South","days_to_issue":237,"days_elapsed_if_open":null,"censored":false,"same_parcel_n":1,"work_desc":"CONSTRUCT NEW 2-STORY HOUSE WITH BASEMENT & INTEGRAL GARAGE"}},{"type":"Feature","geometry":{"type":"Point","coordinates":[-80.024666,40.43946]},"properties":{"permit_id":"BP-2022-17907","address":"221 SEWARD ST, Pittsburgh, PA 15211-","issue_date":"2022-12-28","completed_date":null,"status":"Completed","typology":"single_detached","units":1,"classification_confidence":"med","zon_new":"R1D-M","neighborhood":"Duquesne Heights","days_to_issue":40,"days_elapsed_if_open":null,"censored":false,"same_parcel_n":1,"work_desc":"CONSTRUCT 3-STORY HOUSE"}},{"type":"Feature","geometry":{"type":"Point","coordinates":[-80.008329,40.456914]},"properties":{"permit_id":"BP-2022-18261","address":"1319 REDDOUR ST, Pittsburgh, PA 15212-","issue_date":"2023-01-06","completed_date":null,"status":"Issued","typology":"single_detached","units":1,"classification_confidence":"high","zon_new":"R1A-VH","neighborhood":"Central Northside","days_to_issue":39,"days_elapsed_if_open":null,"censored":false,"same_parcel_n":1,"work_desc":"CONSTRUCTION OF TWO STORY SINGLE FAMILY DWELLING, CONC. PATIO AND PARKING PAD AMENDED 03-22-2023 TO INCLUDE SINGLE VEHICLE ATTACHED GARAGE"}},{"type":"Feature","geometry":{"type":"Point","coordinates":[-80.028289,40.456879]},"properties":{"permit_id":"BP-2022-18821","address":"1426 JUNIATA ST, Pittsburgh, PA 15233-","issue_date":"2023-05-24","completed_date":null,"status":"Completed","typology":"unknown","units":null,"classification_confidence":"low","zon_new":"R1A-VH","neighborhood":"Manchester","days_to_issue":168,"days_elapsed_if_open":null,"censored":false,"same_parcel_n":1,"work_desc":"CONSTRUCTION OF 2-STORY BUILDING"}},{"type":"Feature","geometry":{"type":"Point","coordinates":[-79.994131,40.456073]},"properties":{"permit_id":"BP-2022-19020","address":"918 PERALTA ST, Pittsburgh, PA 15212-","issue_date":"2023-01-31","completed_date":null,"status":"Revoked","typology":"two_unit","units":2,"classification_confidence":"med","zon_new":"R1A-VH","neighborhood":"East Allegheny","days_to_issue":50,"days_elapsed_if_open":null,"censored":false,"same_parcel_n":2,"work_desc":"INTERIOR RENOVATIONS THROUGHOUT. CHANGE OF USE AS TWO FAMILY DWELLING. CONSTRUCTION OF THIRD FLOOR ADDITION AND SECOND FLOOR DECK WITH STAIRS TO GRADE AT REAR"}},{"type":"Feature","geometry":{"type":"Point","coordinates":[-80.006199,40.456374]},"properties":{"permit_id":"BP-2022-19369","address":"1211 BOYLE ST, Pittsburgh, PA 15212-","issue_date":"2023-11-22","completed_date":null,"status":"Completed","typology":"single_detached","units":1,"classification_confidence":"high","zon_new":"R1A-VH","neighborhood":"Central Northside","days_to_issue":341,"days_elapsed_if_open":null,"censored":false,"same_parcel_n":1,"work_desc":"CONSTRUCTION OF NEW 3 STORY SINGLE FAMILY DWELLING WITH FIRST FLOOR DECK WITH STEPS TO GRADE, ONE CAR PARKING PAD AND 6' TALL FENCE ENCLOSING YARD"}},{"type":"Feature","geometry":{"type":"Point","coordinates":[-80.006216,40.456427]},"properties":{"permit_id":"BP-2022-19382","address":"1213 BOYLE ST, Pittsburgh, PA 15212-","issue_date":"2023-11-21","completed_date":null,"status":"Completed","typology":"single_detached","units":1,"classification_confidence":"high","zon_new":"R1A-VH","neighborhood":"Central Northside","days_to_issue":340,"days_elapsed_if_open":null,"censored":false,"same_parcel_n":1,"work_desc":"CONSTRUCTION OF NEW 3 STORY SINGLE FAMILY DWELLING WITH FIRST FLOOR DECK WITH STEPS TO GRADE, ONE CAR PARKING PAD AND 6' TALL FENCE ENCLOSING YARD"}},{"type":"Feature","geometry":{"type":"Point","coordinates":[-79.95849,40.468345]},"properties":{"permit_id":"BP-2022-19500","address":"273 MAIN ST, Pittsburgh, 15201-","issue_date":"2023-04-17","completed_date":null,"status":"Completed","typology":"single_detached","units":1,"classification_confidence":"high","zon_new":"R1A-H","neighborhood":"Central Lawrenceville","days_to_issue":119,"days_elapsed_if_open":null,"censored":false,"same_parcel_n":1,"work_desc":"CONSTRUCTION OF DETACHED GARAGE AT REAR OF SINGLE FAMILY DWELLING"}},{"type":"Feature","geometry":{"type":"Point","coordinates":[-79.994131,40.456073]},"properties":{"permit_id":"BP-2022-19715","address":"918 PERALTA ST, Pittsburgh, PA 15212-","issue_date":"2023-04-14","completed_date":null,"status":"Issued","typology":"two_unit","units":2,"classification_confidence":"med","zon_new":"R1A-VH","neighborhood":"East Allegheny","days_to_issue":113,"days_elapsed_if_open":null,"censored":false,"same_parcel_n":2,"work_desc":"INTERIOR RENOVATIONS THROUGHOUT. CHANGE OF USE AS TWO FAMILY DWELLING. CONSTRUCTION OF THIRD FLOOR ADDITION AND SECOND FLOOR DECK WITH STAIRS TO GRADE AT REAR"}},{"type":"Feature","geometry":{"type":"Point","coordinates":[-79.990059,40.45711]},"properties":{"permit_id":"BP-2022-19856","address":"1137 TROY HILL RD, Pittsburgh, 15212-","issue_date":"2023-05-30","completed_date":null,"status":"Issued","typology":"two_unit","units":2,"classification_confidence":"med","zon_new":"UI","neighborhood":"Troy Hill","days_to_issue":152,"days_elapsed_if_open":null,"censored":false,"same_parcel_n":1,"work_desc":"INTERIOR RENOVATIONS FOR CHANGE OF USE TO TWO UNIT DWELLING WITH FIRST FLOOR BATHROOM &ADD JOISTS DECK AT 2ND FLOOR REAR."}},{"type":"Feature","geometry":{"type":"Point","coordinates":[-79.926379,40.466344]},"properties":{"permit_id":"BP-2023-00854","address":"414 N SAINT CLAIR ST, Pittsburgh, PA 15206-","issue_date":"2023-03-06","completed_date":null,"status":"Completed","typology":"single_detached","units":1,"classification_confidence":"med","zon_new":"R2-M","neighborhood":"East Liberty","days_to_issue":52,"days_elapsed_if_open":null,"censored":false,"same_parcel_n":1,"work_desc":"CONSTRUCT 2-STORY HOUSE WITH INTEGRAL GARAGE & REAR ROOFTOP DECK"}},{"type":"Feature","geometry":{"type":"Point","coordinates":[-79.974082,40.458829]},"properties":{"permit_id":"BP-2023-00939","address":"2930 SMALLMAN ST #408, Pittsburgh, PA 15201-","issue_date":"2023-12-20","completed_date":null,"status":"Completed","typology":"multi_unit_size_unknown","units":null,"classification_confidence":"med","zon_new":"RIV-IMU","neighborhood":"Strip District","days_to_issue":338,"days_elapsed_if_open":null,"censored":false,"same_parcel_n":1,"work_desc":"NEW SEVEN-STORY RESIDENTIAL HIGHRISE APARTMENT BUILDING UTILIZING PODIUM CONSTRUCTION (TYPE IA ON FIRST TWO FLOORS AND IIIA ABOVE), FOUNDATION FOR 3 MECHANICAL "}},{"type":"Feature","geometry":{"type":"Point","coordinates":[-79.921106,40.458797]},"properties":{"permit_id":"BP-2023-01622","address":"163 SHADY AVE #114, Pittsburgh, PA 15206-","issue_date":"2023-11-03","completed_date":null,"status":"Completed","typology":"multi_unit_size_unknown","units":null,"classification_confidence":"low","zon_new":"UNC","neighborhood":"Shadyside","days_to_issue":281,"days_elapsed_if_open":null,"censored":false,"same_parcel_n":3,"work_desc":"[generic: PHASED CONSTRUCTION OF CORE AND SHELL FOR 2-STORY BUILDING; same-parcel BP-2023-08890] PHASED CONSTRUCTION OF APARTMENT BUILDING ON FLOORS 2-6 OF A 6 "}},{"type":"Feature","geometry":{"type":"Point","coordinates":[-79.980308,40.455696]},"properties":{"permit_id":"BP-2023-01855","address":"2558 RAILROAD ST #627, Pittsburgh, PA 15222-","issue_date":"2024-09-18","completed_date":null,"status":"Completed","typology":"multi_unit_size_unknown","units":null,"classification_confidence":"med","zon_new":"RIV-IMU","neighborhood":"Strip District","days_to_issue":596,"days_elapsed_if_open":null,"censored":false,"same_parcel_n":1,"work_desc":"CONSTRUCT A NEW 6 STORIES RESIDENTIAL APARTMENT BUILDING WITH FIRST FLOOR RETAIL AND PARKING"}},{"type":"Feature","geometry":{"type":"Point","coordinates":[-79.975324,40.416549]},"properties":{"permit_id":"BP-2023-01889","address":"2217 SPRING ST #2, Pittsburgh, PA 15210-","issue_date":"2023-07-31","completed_date":null,"status":"Completed","typology":"two_unit","units":2,"classification_confidence":"med","zon_new":"R2-L","neighborhood":"Arlington","days_to_issue":181,"days_elapsed_if_open":null,"censored":false,"same_parcel_n":1,"work_desc":"INTERIOR AND EXTERIOR ALTERATIONS AND CHANGE IN USE TO 2 FAMILY DWELLING, NEW WINDOWS, REPAIR/REBUILD FRONT PORCH IN KIND, INTERIOR RENOVATIONS"}},{"type":"Feature","geometry":{"type":"Point","coordinates":[-80.008292,40.456803]},"properties":{"permit_id":"BP-2023-02248","address":"1313 REDDOUR ST, Pittsburgh, PA 15212-","issue_date":"2023-03-02","completed_date":null,"status":"Issued","typology":"single_detached","units":1,"classification_confidence":"high","zon_new":"R1A-VH","neighborhood":"Central Northside","days_to_issue":24,"days_elapsed_if_open":null,"censored":false,"same_parcel_n":1,"work_desc":"3 STORY SINGLE FAMILY DWELLING"}},{"type":"Feature","geometry":{"type":"Point","coordinates":[-80.000354,40.456817]},"properties":{"permit_id":"BP-2023-02300","address":"524 E NORTH AVE, Pittsburgh, 15212-","issue_date":"2023-02-23","completed_date":null,"status":"Issued","typology":"single_detached","units":1,"classification_confidence":"high","zon_new":"R1A-VH","neighborhood":"East Allegheny","days_to_issue":16,"days_elapsed_if_open":null,"censored":false,"same_parcel_n":1,"work_desc":"INTERIOR RENOVATIONS TO CONVERT FORMER CHURCH INTO SINGLE UNIT DWELLING WITH PATIO ON FIRST FLOOR & LOFT IN 2ND FLOOR."}},{"type":"Feature","geometry":{"type":"Point","coordinates":[-79.994315,40.455646]},"properties":{"permit_id":"BP-2023-02377","address":"906 PHINEAS ST, Pittsburgh, 15212-","issue_date":"2023-05-04","completed_date":null,"status":"Completed","typology":"two_unit","units":2,"classification_confidence":"med","zon_new":"R1A-VH","neighborhood":"East Allegheny","days_to_issue":85,"days_elapsed_if_open":null,"censored":false,"same_parcel_n":1,"work_desc":"ADDITION AND CHANGE IN USE TO TWO FAMILY DWELLING, MINOR EXTERIOR ALTERATION TO EXISTING HOUSE"}},{"type":"Feature","geometry":{"type":"Point","coordinates":[-79.905993,40.461899]},"properties":{"permit_id":"BP-2023-02513","address":"975 WASHINGTON BLVD #308, Pittsburgh, PA 15206-","issue_date":"2023-08-22","completed_date":null,"status":"Completed","typology":"other_group","units":null,"classification_confidence":"med","zon_new":"RM-H","neighborhood":"Larimer","days_to_issue":193,"days_elapsed_if_open":null,"censored":false,"same_parcel_n":1,"work_desc":"CONSTRUCT A NEW THREE STORIES BUILDING TO BE USED AS RESIDENTIAL APARTMENTS AND TREATMENT FACILITY WITH EXTERIOR RETAINING WALL OVER 4 FEET IN HEIGHT."}},{"type":"Feature","geometry":{"type":"Point","coordinates":[-79.989299,40.438096]},"properties":{"permit_id":"BP-2023-02527","address":"1045 FORBES AVE #1125, Pittsburgh, PA 15219-","issue_date":"2023-08-03","completed_date":null,"status":"Completed","typology":"multi_unit_size_unknown","units":null,"classification_confidence":"med","zon_new":"EMI","neighborhood":"Bluff","days_to_issue":174,"days_elapsed_if_open":null,"censored":false,"same_parcel_n":1,"work_desc":"CONSTRUCT NEW 12 STORY APARTMENT BUILDING WITH TENANT AMENITY SPACES, EXTERIOR COURTYARD, PERGOLA, AND SURFACE PARKING"}},{"type":"Feature","geometry":{"type":"Point","coordinates":[-79.948294,40.42423]},"properties":{"permit_id":"BP-2023-03437","address":"14 YODER ST, Pittsburgh, PA 15207-","issue_date":"2023-06-05","completed_date":null,"status":"Completed","typology":"single_detached","units":1,"classification_confidence":"high","zon_new":"H","neighborhood":"Greenfield","days_to_issue":101,"days_elapsed_if_open":null,"censored":false,"same_parcel_n":1,"work_desc":"CONSTRUCTION OF NEW THREE-STORY SINGLE FAMILY DWELLING WITH INTEGRAL TWO-CAR GARAGE, FRONT PORCHE & STAIRS TO GRADE AS WELL AS REAR DECK & STAIRS TO GRADE"}},{"type":"Feature","geometry":{"type":"Point","coordinates":[-79.993653,40.456638]},"properties":{"permit_id":"BP-2023-03546","address":"902 AHLERS Way, Pittsburgh, PA 15212-","issue_date":"2023-05-02","completed_date":null,"status":"Completed","typology":"single_attached","units":1,"classification_confidence":"high","zon_new":"R1A-H","neighborhood":"East Allegheny","days_to_issue":64,"days_elapsed_if_open":null,"censored":false,"same_parcel_n":1,"work_desc":"CONSTRUCTION OF NEW THREE STORY (ATTACHED) SINGLE-FAMILY DWELLING WITH ROOFTOP DECK AT REAR"}},{"type":"Feature","geometry":{"type":"Point","coordinates":[-79.993683,40.456723]},"properties":{"permit_id":"BP-2023-03547","address":"904 AHLERS Way, Pittsburgh, PA 15212-","issue_date":"2023-05-03","completed_date":null,"status":"Completed","typology":"single_attached","units":1,"classification_confidence":"high","zon_new":"R1A-H","neighborhood":"East Allegheny","days_to_issue":65,"days_elapsed_if_open":null,"censored":false,"same_parcel_n":1,"work_desc":"CONSTRUCTION OF NEW THREE STORY (ATTACHED) SINGLE-FAMILY DWELLING WITH ROOFTOP DECK AT REAR"}},{"type":"Feature","geometry":{"type":"Point","coordinates":[-79.993388,40.456687]},"properties":{"permit_id":"BP-2023-03550","address":"903 RICKENBACH ST, Pittsburgh, PA 15212-","issue_date":"2023-05-02","completed_date":null,"status":"Completed","typology":"single_attached","units":1,"classification_confidence":"high","zon_new":"R1A-H","neighborhood":"East Allegheny","days_to_issue":64,"days_elapsed_if_open":null,"censored":false,"same_parcel_n":1,"work_desc":"CONSTRUCTION OF NEW THREE STORY (ATTACHED) SINGLE-FAMILY DWELLING WITH ROOFTOP DECK AT REAR"}},{"type":"Feature","geometry":{"type":"Point","coordinates":[-79.993418,40.456773]},"properties":{"permit_id":"BP-2023-03551","address":"905 RICKENBACH ST, Pittsburgh, PA 15212-","issue_date":"2023-05-02","completed_date":null,"status":"Completed","typology":"single_attached","units":1,"classification_confidence":"high","zon_new":"R1A-H","neighborhood":"East Allegheny","days_to_issue":64,"days_elapsed_if_open":null,"censored":false,"same_parcel_n":1,"work_desc":"CONSTRUCTION OF NEW THREE STORY (ATTACHED) SINGLE-FAMILY DWELLING WITH ROOFTOP DECK AT REAR"}},{"type":"Feature","geometry":{"type":"Point","coordinates":[-80.008494,40.456815]},"properties":{"permit_id":"BP-2023-03865","address":"1236 BUTTERFIELD Way, Pittsburgh, PA 15212-","issue_date":"2023-04-13","completed_date":null,"status":"Issued","typology":"single_detached","units":1,"classification_confidence":"high","zon_new":"R1A-VH","neighborhood":"Central Northside","days_to_issue":42,"days_elapsed_if_open":null,"censored":false,"same_parcel_n":1,"work_desc":"NEW CONSTRUCTION OF SINGLE FAMILY DWELLING WITH ONE CAR INTEGRAL GARAGE AT FRONT AND 6' TALL FENCE ENCLOSING REAR YARD"}},{"type":"Feature","geometry":{"type":"Point","coordinates":[-79.939784,40.402125]},"properties":{"permit_id":"BP-2023-04068","address":"5506 SUNNYSIDE ST, Pittsburgh, PA 15207-","issue_date":"2023-07-28","completed_date":null,"status":"Completed","typology":"single_detached","units":1,"classification_confidence":"high","zon_new":"R1A-H","neighborhood":"Hazelwood","days_to_issue":144,"days_elapsed_if_open":null,"censored":false,"same_parcel_n":1,"work_desc":"CONSTRUCTION OF A NEW THREE-STORY, SINGLE-FAMILY DWELLING BUILDING, WITH A FULL HEIGHT CMU FOUNDATION."}},{"type":"Feature","geometry":{"type":"Point","coordinates":[-79.993092,40.427085]},"properties":{"permit_id":"BP-2023-04662","address":"622 WINDOM ST, Pittsburgh, PA 15203-","issue_date":"2023-07-12","completed_date":null,"status":"Completed","typology":"single_detached","units":1,"classification_confidence":"med","zon_new":"H","neighborhood":"South Side Slopes","days_to_issue":119,"days_elapsed_if_open":null,"censored":false,"same_parcel_n":1,"work_desc":"CONSTRUCT 2 STORY HOUSE WITH BASEMENT & ROOFTOP DECK"}},{"type":"Feature","geometry":{"type":"Point","coordinates":[-79.962474,40.454273]},"properties":{"permit_id":"BP-2023-04674","address":"3374 WEBSTER AVE, Pittsburgh, 15219-","issue_date":"2023-08-08","completed_date":null,"status":"Completed","typology":"single_detached","units":1,"classification_confidence":"high","zon_new":"R2-L","neighborhood":"Upper Hill","days_to_issue":146,"days_elapsed_if_open":null,"censored":false,"same_parcel_n":1,"work_desc":"CONSTRUCTION OF DETACHED TWO CAR GARAGE AT REAR OF EXISTING SINGLE-FAMILY DWELLING"}},{"type":"Feature","geometry":{"type":"Point","coordinates":[-80.006367,40.458095]},"properties":{"permit_id":"BP-2023-04921","address":"1424 BOYLE ST, Pittsburgh, PA 15212-","issue_date":"2025-05-05","completed_date":null,"status":"Issued","typology":"single_detached","units":1,"classification_confidence":"high","zon_new":"R1A-VH","neighborhood":"Central Northside","days_to_issue":777,"days_elapsed_if_open":null,"censored":false,"same_parcel_n":1,"work_desc":"CONSTRUCTION OF THREE-STORY STRUCTURE AS SINGLE FAMILY (DETACHED) DWELLING WITH 6' TALL FENCE ALONG REAR PROPERTY LINE, ROOFTOP DECK WITH PENTHOUSE STORAGE AND "}},{"type":"Feature","geometry":{"type":"Point","coordinates":[-79.885374,40.448263]},"properties":{"permit_id":"BP-2023-05410","address":"1435 PITT ST, Pittsburgh, 15221-","issue_date":"2023-08-14","completed_date":null,"status":"Issued","typology":"single_detached","units":1,"classification_confidence":"high","zon_new":"RM-M","neighborhood":"Homewood South","days_to_issue":140,"days_elapsed_if_open":null,"censored":false,"same_parcel_n":1,"work_desc":"CONSTRUCTION OF TWO STORY DETACHED SINGLE FAMILY DWELLING WITH THREE CAR INTEGRAL GARAGE, COVERED FRONT PORCH, AND SECOND FLOOR COVERED DECK ON THE SOUTH SIDE, "}},{"type":"Feature","geometry":{"type":"Point","coordinates":[-79.997635,40.420241]},"properties":{"permit_id":"BP-2023-06684","address":"212 BELTZHOOVER AVE, Pittsburgh, PA 15210-","issue_date":"2023-09-19","completed_date":null,"status":"Issued","typology":"single_detached","units":1,"classification_confidence":"med","zon_new":"R2-H","neighborhood":"Beltzhoover","days_to_issue":154,"days_elapsed_if_open":null,"censored":false,"same_parcel_n":1,"work_desc":"FOUNDATIONS, STAIRS/LANDINGS, AND PLACEMENT OF PRE-MANUFACTURED HOME (SINGLE-WIDE)"}},{"type":"Feature","geometry":{"type":"Point","coordinates":[-79.917348,40.465208]},"properties":{"permit_id":"BP-2023-06904","address":"22 MAYFLOWER ST, Pittsburgh, PA 15206-","issue_date":"2023-06-16","completed_date":null,"status":"Issued","typology":"single_detached","units":1,"classification_confidence":"high","zon_new":"R1D-H","neighborhood":"Larimer","days_to_issue":56,"days_elapsed_if_open":null,"censored":false,"same_parcel_n":1,"work_desc":"CONSTRUCTION OF WOOD FRAMED TWO-STORY DETACHED SINGLE FAMILY DWELLING"}},{"type":"Feature","geometry":{"type":"Point","coordinates":[-79.917265,40.465131]},"properties":{"permit_id":"BP-2023-06905","address":"26 MAYFLOWER ST, Pittsburgh, PA 15206-","issue_date":"2023-06-05","completed_date":null,"status":"Issued","typology":"single_detached","units":1,"classification_confidence":"high","zon_new":"R1D-H","neighborhood":"Larimer","days_to_issue":45,"days_elapsed_if_open":null,"censored":false,"same_parcel_n":1,"work_desc":"CONSTRUCTION OF WOOD FRAMED TWO-STORY DETACHED SINGLE FAMILY DWELLING"}},{"type":"Feature","geometry":{"type":"Point","coordinates":[-79.921106,40.458797]},"properties":{"permit_id":"BP-2023-08890","address":"163 SHADY AVE #114, Pittsburgh, PA 15206-","issue_date":"2024-08-02","completed_date":null,"status":"Completed","typology":"multi_unit_size_unknown","units":null,"classification_confidence":"med","zon_new":"UNC","neighborhood":"Shadyside","days_to_issue":437,"days_elapsed_if_open":null,"censored":false,"same_parcel_n":3,"work_desc":"PHASED CONSTRUCTION OF APARTMENT BUILDING ON FLOORS 2-6 OF A 6 STORY BUILDING."}},{"type":"Feature","geometry":{"type":"Point","coordinates":[-79.950947,40.460493]},"properties":{"permit_id":"BP-2023-08967","address":"413 PEARL ST, Pittsburgh, PA 15224-","issue_date":"2023-09-15","completed_date":null,"status":"Issued","typology":"single_detached","units":1,"classification_confidence":"high","zon_new":"R2-VH","neighborhood":"Bloomfield","days_to_issue":114,"days_elapsed_if_open":null,"censored":false,"same_parcel_n":1,"work_desc":"CONSTRUCTION OF A NEW MODULAR THREE STORY SINGLE FAMILY DWELLING WITH A DETACHED GARAGE AND A ROOFTOP DECK"}},{"type":"Feature","geometry":{"type":"Point","coordinates":[-79.985423,40.467121]},"properties":{"permit_id":"BP-2023-09172","address":"1704 SPRING GARDEN AVE, Pittsburgh, 15212-","issue_date":"2023-09-27","completed_date":null,"status":"Issued","typology":"two_unit","units":2,"classification_confidence":"high","zon_new":"R1D-L","neighborhood":"Spring Garden","days_to_issue":122,"days_elapsed_if_open":null,"censored":false,"same_parcel_n":1,"work_desc":"INTERIOR ALTERATIONS TO INCLUDE CONVERSION OF A SINGLE-FAMILY DWELLING INTO A TWO-FAMILY DWELLING. EXTERIOR ALTERATIONS TO INCLUDE CONSTRUCTION OF TWO TEIR DECK"}},{"type":"Feature","geometry":{"type":"Point","coordinates":[-79.978642,40.386271]},"properties":{"permit_id":"BP-2023-09688","address":"2545 BROWNSVILLE RD, Pittsburgh, 15210-","issue_date":"2025-01-08","completed_date":null,"status":"Issued","typology":"two_unit","units":2,"classification_confidence":"med","zon_new":"R1D-L","neighborhood":"Carrick","days_to_issue":582,"days_elapsed_if_open":null,"censored":false,"same_parcel_n":1,"work_desc":"INTERIOR/EXTERIOR RENOVATIONS TO CONVERT EXISTING COMMERCIAL 1ST FLR SPACE INTO 2 DWELLING UNITS, INCLUDING NEW WALLS, WINDOWS/DOORS, BATHROOMS, KITCHENS, CASEW"}},{"type":"Feature","geometry":{"type":"Point","coordinates":[-79.956268,40.471154]},"properties":{"permit_id":"BP-2023-10044","address":"4600 DAVISON ST, Pittsburgh, PA 15201-","issue_date":"2023-07-31","completed_date":null,"status":"Completed","typology":"single_detached","units":1,"classification_confidence":"med","zon_new":"R1A-H","neighborhood":"Central Lawrenceville","days_to_issue":49,"days_elapsed_if_open":null,"censored":false,"same_parcel_n":1,"work_desc":"CONSTRUCT 3-STORY MODULAR HOUSE WITH BASEMENT, INTEGRAL PARKING & ROOFTOP DECK"}},{"type":"Feature","geometry":{"type":"Point","coordinates":[-79.956209,40.471202]},"properties":{"permit_id":"BP-2023-10045","address":"4602 DAVISON ST, Pittsburgh, PA 15201-","issue_date":"2023-07-31","completed_date":null,"status":"Completed","typology":"single_detached","units":1,"classification_confidence":"med","zon_new":"R1A-H","neighborhood":"Central Lawrenceville","days_to_issue":49,"days_elapsed_if_open":null,"censored":false,"same_parcel_n":1,"work_desc":"CONSTRUCT 3-STORY MODULAR HOUSE WITH BASEMENT, INTEGRAL PARKING & ROOFTOP DECK"}},{"type":"Feature","geometry":{"type":"Point","coordinates":[-79.982,40.439819]},"properties":{"permit_id":"BP-2023-10218","address":"1738 REED ST #424, Pittsburgh, PA 15219-","issue_date":"2024-03-25","completed_date":null,"status":"Completed","typology":"single_attached","units":1,"classification_confidence":"high","zon_new":"RP","neighborhood":"Crawford-Roberts","days_to_issue":285,"days_elapsed_if_open":null,"censored":false,"same_parcel_n":12,"work_desc":"CONSTRUCT 3-STORY SINGLE-FAMILY ATTACHED DWELLING WITH INTEGRAL PARKING (IN A GROUP OF 5 TOWN HOMES)"}},{"type":"Feature","geometry":{"type":"Point","coordinates":[-79.982,40.439819]},"properties":{"permit_id":"BP-2023-10219","address":"1738 REED ST #424, Pittsburgh, PA 15219-","issue_date":"2024-03-27","completed_date":null,"status":"Completed","typology":"multi_unit_size_unknown","units":null,"classification_confidence":"med","zon_new":"RP","neighborhood":"Crawford-Roberts","days_to_issue":287,"days_elapsed_if_open":null,"censored":false,"same_parcel_n":12,"work_desc":"CONSTRUCT 3-STORY APARTMENT BUILDING"}},{"type":"Feature","geometry":{"type":"Point","coordinates":[-79.981645,40.441072]},"properties":{"permit_id":"BP-2023-10227","address":"1829 REED ST, Pittsburgh, PA 15219-","issue_date":"2024-03-25","completed_date":null,"status":"Completed","typology":"multi_unit_4_19","units":4,"classification_confidence":"high","zon_new":"RM-M","neighborhood":"Crawford-Roberts","days_to_issue":285,"days_elapsed_if_open":null,"censored":false,"same_parcel_n":5,"work_desc":"CONSTRUCT 3-STORY APARTMENT BUILDING WITH 4 UNITS"}},{"type":"Feature","geometry":{"type":"Point","coordinates":[-79.982,40.439819]},"properties":{"permit_id":"BP-2023-10228","address":"1738 REED ST #424, Pittsburgh, PA 15219-","issue_date":"2024-03-25","completed_date":null,"status":"Completed","typology":"single_attached","units":1,"classification_confidence":"high","zon_new":"RP","neighborhood":"Crawford-Roberts","days_to_issue":285,"days_elapsed_if_open":null,"censored":false,"same_parcel_n":12,"work_desc":"CONSTRUCT 3-STORY SINGLE-FAMILY ATTACHED DWELLING WITH INTEGRAL PARKING (IN A GROUP OF 5 TOWN HOMES)"}},{"type":"Feature","geometry":{"type":"Point","coordinates":[-79.982,40.439819]},"properties":{"permit_id":"BP-2023-10238","address":"1738 REED ST #424, Pittsburgh, PA 15219-","issue_date":"2024-03-27","completed_date":null,"status":"Completed","typology":"multi_unit_size_unknown","units":null,"classification_confidence":"med","zon_new":"RP","neighborhood":"Crawford-Roberts","days_to_issue":287,"days_elapsed_if_open":null,"censored":false,"same_parcel_n":12,"work_desc":"CONSTRUCT 4-STORY APARTMENT BUILDING WITH BASEMENT"}},{"type":"Feature","geometry":{"type":"Point","coordinates":[-79.981472,40.440311]},"properties":{"permit_id":"BP-2023-10239","address":"1800 REED ST #616, Pittsburgh, PA 15219-","issue_date":"2024-04-03","completed_date":null,"status":"Completed","typology":"multi_unit_size_unknown","units":null,"classification_confidence":"med","zon_new":"RP","neighborhood":"Crawford-Roberts","days_to_issue":294,"days_elapsed_if_open":null,"censored":false,"same_parcel_n":1,"work_desc":"CONSTRUCT 6-STORY APARTMENT BUILDING PODIUM CONSTRUCTION WITH 3-HOUR HORIZONTAL BUILDING SEPRATION PROVIDED BETWEEN 1ST & 2ND FLRS, TYPE 1A 1ST FLR (NO GROUP H)"}},{"type":"Feature","geometry":{"type":"Point","coordinates":[-79.933906,40.469374]},"properties":{"permit_id":"BP-2023-10959","address":"524 ELORA Way, Pittsburgh, PA 15206-","issue_date":"2025-11-21","completed_date":null,"status":"Issued","typology":"single_attached","units":1,"classification_confidence":"high","zon_new":"R2-H","neighborhood":"Garfield","days_to_issue":879,"days_elapsed_if_open":null,"censored":false,"same_parcel_n":2,"work_desc":"CONSTRUCT THREE-STORY ATTACHED SINGLE FAMILY DWELLING WITH ONE CAR INTEGRAL GARAGE AND SECOND FLOOR DECK AT REAR"}},{"type":"Feature","geometry":{"type":"Point","coordinates":[-79.933906,40.469374]},"properties":{"permit_id":"BP-2023-10960","address":"524 ELORA Way, Pittsburgh, PA 15206-","issue_date":"2025-11-21","completed_date":null,"status":"Issued","typology":"single_attached","units":1,"classification_confidence":"high","zon_new":"R2-H","neighborhood":"Garfield","days_to_issue":879,"days_elapsed_if_open":null,"censored":false,"same_parcel_n":2,"work_desc":"CONSTRUCT THREE-STORY ATTACHED SINGLE FAMILY DWELLING WITH ONE CAR INTEGRAL GARAGE AND SECOND FLOOR DECK AT REAR"}},{"type":"Feature","geometry":{"type":"Point","coordinates":[-79.933864,40.469453]},"properties":{"permit_id":"BP-2023-10961","address":"526 ELORA Way, Pittsburgh, PA 15206-","issue_date":"2025-11-21","completed_date":null,"status":"Issued","typology":"single_detached","units":1,"classification_confidence":"high","zon_new":"R2-H","neighborhood":"Garfield","days_to_issue":879,"days_elapsed_if_open":null,"censored":false,"same_parcel_n":1,"work_desc":"CONSTRUCT THREE-STORY DETACHED SINGLE FAMILY DWELLING WITH ONE CAR INTEGRAL GARAGE AND SECOND FLOOR DECK AT REAR"}},{"type":"Feature","geometry":{"type":"Point","coordinates":[-80.023809,40.437147]},"properties":{"permit_id":"BP-2023-11030","address":"319 EDITH ST, Pittsburgh, PA 15211-","issue_date":"2023-09-26","completed_date":null,"status":"Issued","typology":"unknown","units":null,"classification_confidence":"low","zon_new":"R1A-H","neighborhood":"Duquesne Heights","days_to_issue":91,"days_elapsed_if_open":null,"censored":false,"same_parcel_n":2,"work_desc":"NEW CONSTRUCTION OF A NEW RETAING WALLS SUPPORTING A SURCHARGE IN REAR YARD."}},{"type":"Feature","geometry":{"type":"Point","coordinates":[-79.963177,40.470099]},"properties":{"permit_id":"BP-2023-11505","address":"4012 FOSTER ST, Pittsburgh, 15201-","issue_date":"2024-01-29","completed_date":null,"status":"Issued","typology":"two_unit","units":2,"classification_confidence":"high","zon_new":"RIV-IMU","neighborhood":"Central Lawrenceville","days_to_issue":207,"days_elapsed_if_open":null,"censored":false,"same_parcel_n":1,"work_desc":"CONVERT SINGLE FAMILY DWELLING TO TWO FAMILY DWELLING IN EXISTING TWO STORY BUILDING"}},{"type":"Feature","geometry":{"type":"Point","coordinates":[-80.022177,40.439627]},"properties":{"permit_id":"BP-2023-12098","address":"1503 GRANDVIEW AVE, Pittsburgh, PA 15211-","issue_date":"2024-12-24","completed_date":null,"status":"Issued","typology":"single_attached","units":1,"classification_confidence":"high","zon_new":"GPRB","neighborhood":"Duquesne Heights","days_to_issue":525,"days_elapsed_if_open":null,"censored":false,"same_parcel_n":1,"work_desc":"CONSTRUCTION OF ATTACHED SINGLE FAMILY 4 STORY DWELLING AT 1503 GRANDVIEW AVE UNIT TYPE I, NOTED AS #20 ON SITE PLAN"}},{"type":"Feature","geometry":{"type":"Point","coordinates":[-79.996797,40.423005]},"properties":{"permit_id":"BP-2023-12518","address":"615 EXCELSIOR ST, Pittsburgh, PA 15210-","issue_date":"2024-01-19","completed_date":null,"status":"Completed","typology":"single_detached","units":1,"classification_confidence":"high","zon_new":"R1D-H","neighborhood":"Allentown","days_to_issue":178,"days_elapsed_if_open":null,"censored":false,"same_parcel_n":1,"work_desc":"CONSTRUCTION OF THREE-STORY STRUCTURE AS SINGLE-FAMILY DWELLING WITH FIRST FLOOR DECK AT REAR"}},{"type":"Feature","geometry":{"type":"Point","coordinates":[-79.970009,40.459999]},"properties":{"permit_id":"BP-2023-12549","address":"3129 LIBERTY AVE #511, Pittsburgh, PA 15201-","issue_date":"2023-12-12","completed_date":null,"status":"Issued","typology":"multi_unit_size_unknown","units":null,"classification_confidence":"med","zon_new":"UI","neighborhood":"Strip District","days_to_issue":140,"days_elapsed_if_open":null,"censored":false,"same_parcel_n":1,"work_desc":"CONSTRUCTION OF 5 STORY APARTMENT BUILDING WITH INTEGRAL GARAGE ON FIRST FLOOR AND ROOF TOP DECK LIMITED TO R-2 USE"}},{"type":"Feature","geometry":{"type":"Point","coordinates":[-79.996692,40.422578]},"properties":{"permit_id":"BP-2023-12593","address":"616 EXCELSIOR ST, Pittsburgh, PA 15210-","issue_date":"2024-01-03","completed_date":null,"status":"Completed","typology":"single_detached","units":1,"classification_confidence":"high","zon_new":"R1D-H","neighborhood":"Allentown","days_to_issue":161,"days_elapsed_if_open":null,"censored":false,"same_parcel_n":1,"work_desc":"CONSTRUCTION OF THREE-STORY STRUCTURE AS SINGLE-FAMILY DWELLING WITH FIRST FLOOR DECK AT REAR"}},{"type":"Feature","geometry":{"type":"Point","coordinates":[-79.996479,40.42258]},"properties":{"permit_id":"BP-2023-12595","address":"620 EXCELSIOR ST, Pittsburgh, PA 15210-","issue_date":"2024-01-03","completed_date":null,"status":"Completed","typology":"single_detached","units":1,"classification_confidence":"high","zon_new":"R1D-H","neighborhood":"Allentown","days_to_issue":161,"days_elapsed_if_open":null,"censored":false,"same_parcel_n":1,"work_desc":"CONSTRUCTION OF THREE-STORY STRUCTURE AS SINGLE-FAMILY DWELLING WITH FIRST FLOOR DECK AT REAR"}},{"type":"Feature","geometry":{"type":"Point","coordinates":[-79.996458,40.423479]},"properties":{"permit_id":"BP-2023-12963","address":"622 EUREKA ST, Pittsburgh, PA 15210-","issue_date":"2024-01-03","completed_date":null,"status":"Completed","typology":"single_detached","units":1,"classification_confidence":"high","zon_new":"R1D-H","neighborhood":"Allentown","days_to_issue":155,"days_elapsed_if_open":null,"censored":false,"same_parcel_n":1,"work_desc":"CONSTRUCTION OF NEW THREE STORY BUILDING AS A SINGLE FAMILY (DETACHED) DWELLING WTH ONE PORCH AT FRONT; FIRST FLOOR DECK AND ONE CAR PARKING PAD AT REAR"}},{"type":"Feature","geometry":{"type":"Point","coordinates":[-79.995633,40.423618]},"properties":{"permit_id":"BP-2023-12966","address":"702 EUREKA ST, Pittsburgh, PA 15210-","issue_date":"2024-01-03","completed_date":null,"status":"Completed","typology":"single_detached","units":1,"classification_confidence":"high","zon_new":"R1D-H","neighborhood":"Allentown","days_to_issue":155,"days_elapsed_if_open":null,"censored":false,"same_parcel_n":1,"work_desc":"CONSTRUCTION OF NEW ONE STORY BUILDING AS A SINGLE FAMILY (DETACHED) DWELLING WTH PORCH AT FRONT; AND ONE CAR PARKING PAD ON CORNER OF EUREKA"}},{"type":"Feature","geometry":{"type":"Point","coordinates":[-79.995405,40.423484]},"properties":{"permit_id":"BP-2023-12968","address":"710 EUREKA ST, Pittsburgh, PA 15210-","issue_date":"2024-01-03","completed_date":null,"status":"Completed","typology":"single_detached","units":1,"classification_confidence":"high","zon_new":"R1D-H","neighborhood":"Allentown","days_to_issue":155,"days_elapsed_if_open":null,"censored":false,"same_parcel_n":1,"work_desc":"CONSTRUCTION OF NEW ONE STORY BUILDING AS A SINGLE FAMILY (DETACHED) DWELLING WTH PORCH AT FRONT; AND ONE CAR PARKING PAD ON CORNER OF EUREKA"}},{"type":"Feature","geometry":{"type":"Point","coordinates":[-79.935433,40.466799]},"properties":{"permit_id":"BP-2023-13217","address":"236 ELORA Way, Pittsburgh, PA 15224-","issue_date":"2023-10-16","completed_date":null,"status":"Completed","typology":"single_detached","units":1,"classification_confidence":"med","zon_new":"R2-H","neighborhood":"Garfield","days_to_issue":73,"days_elapsed_if_open":null,"censored":false,"same_parcel_n":1,"work_desc":"CONSTRUCTION OF A 3-SOTRY PREFABRICATED HOUSE"}},{"type":"Feature","geometry":{"type":"Point","coordinates":[-79.915019,40.460222]},"properties":{"permit_id":"BP-2023-13277","address":"6440 FRANKSTOWN AVE, Pittsburgh, PA 15206-","issue_date":"2025-06-26","completed_date":null,"status":"Issued","typology":"multi_unit_20plus","units":220,"classification_confidence":"high","zon_new":"UI","neighborhood":"Larimer","days_to_issue":689,"days_elapsed_if_open":null,"censored":false,"same_parcel_n":1,"work_desc":"CONSTRUCTION OF NEW 220 UNIT 5 STORY APARTMENT BUILDING WITH PARKING GARAGE, INTERIOR COUTYARD WITH POOL AT GRADE"}},{"type":"Feature","geometry":{"type":"Point","coordinates":[-79.903323,40.457672]},"properties":{"permit_id":"BP-2023-13598","address":"6920 BENNETT ST, Pittsburgh, PA 15208-","issue_date":"2023-09-26","completed_date":null,"status":"Completed","typology":"two_unit","units":2,"classification_confidence":"high","zon_new":"RM-M","neighborhood":"Homewood West","days_to_issue":46,"days_elapsed_if_open":null,"censored":false,"same_parcel_n":1,"work_desc":"CONSTRUCTION OF WOOD FRAMED TWO-STORY TWO-FAMILY DWELLING WITH COVERED PORCH"}},{"type":"Feature","geometry":{"type":"Point","coordinates":[-79.903249,40.457656]},"properties":{"permit_id":"BP-2023-13599","address":"6920 1/2 BENNETT ST, Pittsburgh, PA 15208-","issue_date":"2023-09-26","completed_date":null,"status":"Completed","typology":"two_unit","units":2,"classification_confidence":"high","zon_new":"RM-M","neighborhood":"Homewood West","days_to_issue":46,"days_elapsed_if_open":null,"censored":false,"same_parcel_n":1,"work_desc":"CONSTRUCTION OF WOOD FRAMED TWO-STORY TWO-FAMILY DWELLING WITH COVERED PORCH"}},{"type":"Feature","geometry":{"type":"Point","coordinates":[-79.974992,40.437838]},"properties":{"permit_id":"BP-2023-13872","address":"2120 5TH AVE #414, Pittsburgh, PA 15219-","issue_date":"2024-02-23","completed_date":null,"status":"Completed","typology":"multi_unit_size_unknown","units":null,"classification_confidence":"med","zon_new":"UPR-B","neighborhood":"Bluff","days_to_issue":191,"days_elapsed_if_open":null,"censored":false,"same_parcel_n":1,"work_desc":"CONSTRUCTION OF FOUR STORY MULTI UNIT APARTMENT BUILDING"}},{"type":"Feature","geometry":{"type":"Point","coordinates":[-79.992793,40.422655]},"properties":{"permit_id":"BP-2023-13920","address":"828 EXCELSIOR ST, Pittsburgh, PA 15210-","issue_date":"2024-01-03","completed_date":null,"status":"Completed","typology":"single_detached","units":1,"classification_confidence":"high","zon_new":"R1D-H","neighborhood":"Allentown","days_to_issue":140,"days_elapsed_if_open":null,"censored":false,"same_parcel_n":1,"work_desc":"CONSTRUCTION OF A WOOD-FRAMED THREE-STORY SINGLE-FAMILY DWELLING WITH PREFABRICATED PRECAST CONCRETE FOUNDATION SYSTEM. AS WELL AS ONE-STORY OPEN PORCH AT FRONT"}},{"type":"Feature","geometry":{"type":"Point","coordinates":[-79.99206,40.423062]},"properties":{"permit_id":"BP-2023-13923","address":"845 EXCELSIOR ST, Pittsburgh, PA 15210-","issue_date":"2024-01-31","completed_date":null,"status":"Completed","typology":"single_detached","units":1,"classification_confidence":"high","zon_new":"R1D-H","neighborhood":"Allentown","days_to_issue":168,"days_elapsed_if_open":null,"censored":false,"same_parcel_n":1,"work_desc":"CONSTRUCTION OF A WOOD-FRAMED THREE-STORY SINGLE-FAMILY DWELLING WITH PREFABRICATED PRECAST CONCRETE FOUNDATION SYSTEM. AS WELL AS ONE-STORY OPEN PORCH AT FRONT"}},{"type":"Feature","geometry":{"type":"Point","coordinates":[-79.991522,40.423655]},"properties":{"permit_id":"BP-2023-13924","address":"904 EUREKA ST, Pittsburgh, PA 15210-","issue_date":"2024-01-03","completed_date":null,"status":"Completed","typology":"single_detached","units":1,"classification_confidence":"high","zon_new":"R1D-H","neighborhood":"Allentown","days_to_issue":140,"days_elapsed_if_open":null,"censored":false,"same_parcel_n":1,"work_desc":"CONSTRUCTION OF A WOOD-FRAMED THREE-STORY SINGLE-FAMILY DWELLING WITH PREFABRICATED PRECAST CONCRETE FOUNDATION SYSTEM AS WELL AS ONE-STORY OPEN PORCH AT FRONT "}},{"type":"Feature","geometry":{"type":"Point","coordinates":[-79.996587,40.422579]},"properties":{"permit_id":"BP-2023-14003","address":"618 EXCELSIOR ST, Pittsburgh, PA 15210-","issue_date":"2024-01-03","completed_date":null,"status":"Completed","typology":"single_detached","units":1,"classification_confidence":"high","zon_new":"R1D-H","neighborhood":"Allentown","days_to_issue":139,"days_elapsed_if_open":null,"censored":false,"same_parcel_n":1,"work_desc":"CONSTRUCTION OF A WOOD-FRAMED THREE-STORY SINGLE-FAMILY DWELLING WITH PREFABRICATED PRECAST CONCRETE FOUNDATION SYSTEM AS WELL AS ONE-STORY OPEN PORCH AT FRONT "}},{"type":"Feature","geometry":{"type":"Point","coordinates":[-79.996108,40.424]},"properties":{"permit_id":"BP-2023-14007","address":"6 MILLBRIDGE ST, Pittsburgh, PA 15210-","issue_date":"2024-01-03","completed_date":null,"status":"Completed","typology":"single_detached","units":1,"classification_confidence":"high","zon_new":"R1D-H","neighborhood":"Allentown","days_to_issue":139,"days_elapsed_if_open":null,"censored":false,"same_parcel_n":1,"work_desc":"CONSTRUCTION OF A WOOD-FRAMED THREE-STORY SINGLE-FAMILY DWELLING WITH PREFABRICATED PRECAST CONCRETE FOUNDATION SYSTEM AS WELL AS ONE-STORY OPEN PORCH AT FRONT "}},{"type":"Feature","geometry":{"type":"Point","coordinates":[-79.993439,40.424106]},"properties":{"permit_id":"BP-2023-14008","address":"814 MCLAIN ST, Pittsburgh, PA 15210-","issue_date":"2024-01-03","completed_date":null,"status":"Completed","typology":"single_detached","units":1,"classification_confidence":"high","zon_new":"R1D-H","neighborhood":"Allentown","days_to_issue":139,"days_elapsed_if_open":null,"censored":false,"same_parcel_n":1,"work_desc":"CONSTRUCTION OF A WOOD-FRAMED THREE-STORY SINGLE-FAMILY DWELLING WITH PREFABRICATED PRECAST CONCRETE FOUNDATION SYSTEM AS WELL AS ONE-STORY OPEN PORCH AT FRONT "}},{"type":"Feature","geometry":{"type":"Point","coordinates":[-79.968198,40.457886]},"properties":{"permit_id":"BP-2023-14083","address":"316 HARMAR ST, Pittsburgh, PA 15219-","issue_date":"2024-06-13","completed_date":null,"status":"Completed","typology":"single_attached","units":1,"classification_confidence":"high","zon_new":"R2-H","neighborhood":"Polish Hill","days_to_issue":299,"days_elapsed_if_open":null,"censored":false,"same_parcel_n":1,"work_desc":"CONSTRUCTION OF 3 STORY ATTACHED SINGLE FAMILY DWELLING WITH ROOF TOP DECK, MACHINE ROOM, UNOCCUPIED BASEMENT AND INTEGRAL GARAGE"}},{"type":"Feature","geometry":{"type":"Point","coordinates":[-79.982,40.439819]},"properties":{"permit_id":"BP-2023-14152","address":"1738 REED ST #424, Pittsburgh, PA 15219-","issue_date":"2024-03-25","completed_date":null,"status":"Completed","typology":"single_attached","units":1,"classification_confidence":"high","zon_new":"RP","neighborhood":"Crawford-Roberts","days_to_issue":217,"days_elapsed_if_open":null,"censored":false,"same_parcel_n":12,"work_desc":"CONSTRUCT 3-STORY SINGLE-FAMILY ATTACHED DWELLING WITH INTEGRAL PARKING (IN A GROUP OF 5 TOWN HOMES)"}},{"type":"Feature","geometry":{"type":"Point","coordinates":[-79.982,40.439819]},"properties":{"permit_id":"BP-2023-14168","address":"1738 REED ST #424, Pittsburgh, PA 15219-","issue_date":"2024-03-25","completed_date":null,"status":"Completed","typology":"single_attached","units":1,"classification_confidence":"high","zon_new":"RP","neighborhood":"Crawford-Roberts","days_to_issue":217,"days_elapsed_if_open":null,"censored":false,"same_parcel_n":12,"work_desc":"CONSTRUCT 3-STORY SINGLE-FAMILY ATTACHED DWELLING WITH INTEGRAL PARKING (IN A GROUP OF 5 TOWN HOMES)"}},{"type":"Feature","geometry":{"type":"Point","coordinates":[-79.982,40.439819]},"properties":{"permit_id":"BP-2023-14169","address":"1738 REED ST #424, Pittsburgh, PA 15219-","issue_date":"2024-03-25","completed_date":null,"status":"Completed","typology":"single_attached","units":1,"classification_confidence":"high","zon_new":"RP","neighborhood":"Crawford-Roberts","days_to_issue":217,"days_elapsed_if_open":null,"censored":false,"same_parcel_n":12,"work_desc":"CONSTRUCT 3-STORY SINGLE-FAMILY ATTACHED DWELLING WITH INTEGRAL PARKING (IN A GROUP OF 5 TOWN HOMES)"}},{"type":"Feature","geometry":{"type":"Point","coordinates":[-79.982,40.439819]},"properties":{"permit_id":"BP-2023-14170","address":"1738 REED ST #424, Pittsburgh, PA 15219-","issue_date":"2024-03-25","completed_date":null,"status":"Completed","typology":"single_attached","units":1,"classification_confidence":"high","zon_new":"RP","neighborhood":"Crawford-Roberts","days_to_issue":217,"days_elapsed_if_open":null,"censored":false,"same_parcel_n":12,"work_desc":"CONSTRUCT 3-STORY SINGLE-FAMILY ATTACHED DWELLING WITH INTEGRAL PARKING (IN A GROUP OF 5 TOWN HOMES)"}},{"type":"Feature","geometry":{"type":"Point","coordinates":[-79.982,40.439819]},"properties":{"permit_id":"BP-2023-14172","address":"1738 REED ST #424, Pittsburgh, PA 15219-","issue_date":"2024-03-25","completed_date":null,"status":"Completed","typology":"single_attached","units":1,"classification_confidence":"high","zon_new":"RP","neighborhood":"Crawford-Roberts","days_to_issue":217,"days_elapsed_if_open":null,"censored":false,"same_parcel_n":12,"work_desc":"CONSTRUCT 3-STORY SINGLE-FAMILY ATTACHED DWELLING WITH INTEGRAL PARKING (IN A GROUP OF 5 TOWN HOMES)"}},{"type":"Feature","geometry":{"type":"Point","coordinates":[-79.982,40.439819]},"properties":{"permit_id":"BP-2023-14173","address":"1738 REED ST #424, Pittsburgh, PA 15219-","issue_date":"2024-03-25","completed_date":null,"status":"Completed","typology":"single_detached","units":1,"classification_confidence":"high","zon_new":"RP","neighborhood":"Crawford-Roberts","days_to_issue":217,"days_elapsed_if_open":null,"censored":false,"same_parcel_n":12,"work_desc":"CONSTRUCT 3-STORY SINGLE-FAMILY DWELLING"}},{"type":"Feature","geometry":{"type":"Point","coordinates":[-79.982,40.439819]},"properties":{"permit_id":"BP-2023-14174","address":"1738 REED ST #424, Pittsburgh, PA 15219-","issue_date":"2024-03-25","completed_date":null,"status":"Completed","typology":"single_detached","units":1,"classification_confidence":"high","zon_new":"RP","neighborhood":"Crawford-Roberts","days_to_issue":217,"days_elapsed_if_open":null,"censored":false,"same_parcel_n":12,"work_desc":"CONSTRUCT 3-STORY SINGLE-FAMILY DWELLING"}},{"type":"Feature","geometry":{"type":"Point","coordinates":[-79.982,40.439819]},"properties":{"permit_id":"BP-2023-14175","address":"1738 REED ST #424, Pittsburgh, PA 15219-","issue_date":"2024-03-25","completed_date":null,"status":"Completed","typology":"single_detached","units":1,"classification_confidence":"high","zon_new":"RP","neighborhood":"Crawford-Roberts","days_to_issue":217,"days_elapsed_if_open":null,"censored":false,"same_parcel_n":12,"work_desc":"CONSTRUCT 3-STORY SINGLE-FAMILY DWELLING"}},{"type":"Feature","geometry":{"type":"Point","coordinates":[-79.981645,40.441072]},"properties":{"permit_id":"BP-2023-14176","address":"1829 REED ST, Pittsburgh, PA 15219-","issue_date":"2024-03-25","completed_date":null,"status":"Completed","typology":"single_attached","units":1,"classification_confidence":"high","zon_new":"RM-M","neighborhood":"Crawford-Roberts","days_to_issue":217,"days_elapsed_if_open":null,"censored":false,"same_parcel_n":5,"work_desc":"CONSTRUCT 3-STORY SINGLE-FAMILY ATTACHED DWELLING WITH INTEGRAL PARKING (IN A GROUP OF 3 TOWN HOMES)"}},{"type":"Feature","geometry":{"type":"Point","coordinates":[-79.981645,40.441072]},"properties":{"permit_id":"BP-2023-14178","address":"1829 REED ST, Pittsburgh, PA 15219-","issue_date":"2024-03-25","completed_date":null,"status":"Completed","typology":"single_attached","units":1,"classification_confidence":"high","zon_new":"RM-M","neighborhood":"Crawford-Roberts","days_to_issue":217,"days_elapsed_if_open":null,"censored":false,"same_parcel_n":5,"work_desc":"CONSTRUCT 3-STORY SINGLE-FAMILY ATTACHED DWELLING WITH INTEGRAL PARKING (IN A GROUP OF 3 TOWN HOMES)"}},{"type":"Feature","geometry":{"type":"Point","coordinates":[-79.981645,40.441072]},"properties":{"permit_id":"BP-2023-14179","address":"1829 REED ST, Pittsburgh, PA 15219-","issue_date":"2024-03-25","completed_date":null,"status":"Completed","typology":"single_attached","units":1,"classification_confidence":"high","zon_new":"RM-M","neighborhood":"Crawford-Roberts","days_to_issue":217,"days_elapsed_if_open":null,"censored":false,"same_parcel_n":5,"work_desc":"CONSTRUCT 3-STORY SINGLE-FAMILY ATTACHED DWELLING WITH INTEGRAL PARKING (IN A GROUP OF 3 TOWN HOMES)"}},{"type":"Feature","geometry":{"type":"Point","coordinates":[-79.981645,40.441072]},"properties":{"permit_id":"BP-2023-14181","address":"1829 REED ST, Pittsburgh, PA 15219-","issue_date":"2024-03-27","completed_date":null,"status":"Completed","typology":"two_unit","units":2,"classification_confidence":"high","zon_new":"RM-M","neighborhood":"Crawford-Roberts","days_to_issue":219,"days_elapsed_if_open":null,"censored":false,"same_parcel_n":5,"work_desc":"CONSTRUCT 3-STORY TWO-FAMILY DWELLING"}},{"type":"Feature","geometry":{"type":"Point","coordinates":[-79.965645,40.457111]},"properties":{"permit_id":"BP-2023-14270","address":"412 HANCOCK ST, Pittsburgh, PA 15219-","issue_date":"2024-03-20","completed_date":null,"status":"Completed","typology":"two_unit","units":2,"classification_confidence":"med","zon_new":"LNC","neighborhood":"Polish Hill","days_to_issue":211,"days_elapsed_if_open":null,"censored":false,"same_parcel_n":1,"work_desc":"INTERIOR AND EXTERIOR RENOVATION THROUGHOUT TO CONVERT 3 STORY BUILDING TO TWO FAMILY DWELLING"}},{"type":"Feature","geometry":{"type":"Point","coordinates":[-79.990264,40.424079]},"properties":{"permit_id":"BP-2023-14372","address":"8 RENWICK ST, Pittsburgh, PA 15210-","issue_date":"2024-01-31","completed_date":null,"status":"Completed","typology":"single_detached","units":1,"classification_confidence":"med","zon_new":"R1D-H","neighborhood":"Allentown","days_to_issue":160,"days_elapsed_if_open":null,"censored":false,"same_parcel_n":1,"work_desc":"NEW 2 STORY HOUSE WITH REAR DECK AT 1ST FLOOR"}},{"type":"Feature","geometry":{"type":"Point","coordinates":[-79.990263,40.424012]},"properties":{"permit_id":"BP-2023-14374","address":"6 RENWICK ST, Pittsburgh, PA 15210-","issue_date":"2024-01-31","completed_date":null,"status":"Completed","typology":"single_detached","units":1,"classification_confidence":"med","zon_new":"R1D-H","neighborhood":"Allentown","days_to_issue":160,"days_elapsed_if_open":null,"censored":false,"same_parcel_n":1,"work_desc":"NEW 3 STORY HOUSE WITH REAR DECK AT 2ND FLOOR"}},{"type":"Feature","geometry":{"type":"Point","coordinates":[-79.967212,40.441132]},"properties":{"permit_id":"BP-2023-14502","address":"3117 ELLERS ST, Pittsburgh, PA 15213-","issue_date":"2023-12-08","completed_date":null,"status":"Completed","typology":"single_attached","units":1,"classification_confidence":"high","zon_new":"R1A-H","neighborhood":"West Oakland","days_to_issue":104,"days_elapsed_if_open":null,"censored":false,"same_parcel_n":1,"work_desc":"CONSTRUCTION OF A 3 STORY MODULAR SINGLE FAMILY DWELLING (ATTACHED) WITH SITE BUILT FOUNDATION AND 2 CAR INTEGRAL GARAGE AND DECK AT FRONT"}},{"type":"Feature","geometry":{"type":"Point","coordinates":[-79.967123,40.441146]},"properties":{"permit_id":"BP-2023-14503","address":"3119 ELLERS ST, Pittsburgh, PA 15213-","issue_date":"2023-12-08","completed_date":null,"status":"Completed","typology":"single_attached","units":1,"classification_confidence":"high","zon_new":"R1A-H","neighborhood":"West Oakland","days_to_issue":104,"days_elapsed_if_open":null,"censored":false,"same_parcel_n":1,"work_desc":"CONSTRUCTION OF A 3 STORY MODULAR SINGLE FAMILY DWELLING (ATTACHED) WITH SITE BUILT FOUNDATION AND 2 CAR INTEGRAL GARAGE AND DECK AT FRONT"}},{"type":"Feature","geometry":{"type":"Point","coordinates":[-79.967022,40.441165]},"properties":{"permit_id":"BP-2023-14504","address":"3121 ELLERS ST, Pittsburgh, PA 15213-","issue_date":"2023-12-08","completed_date":null,"status":"Completed","typology":"single_detached","units":1,"classification_confidence":"high","zon_new":"R1A-H","neighborhood":"West Oakland","days_to_issue":104,"days_elapsed_if_open":null,"censored":false,"same_parcel_n":1,"work_desc":"CONSTRUCTION OF A 3 STORY MODULAR SINGLE FAMILY DWELLING (DETTACHED) WITH SITE BUILT FOUNDATION AND 2 CAR INTEGRAL GARAGE AND DECK AT FRONT"}},{"type":"Feature","geometry":{"type":"Point","coordinates":[-79.92908,40.47336]},"properties":{"permit_id":"BP-2023-15068","address":"5436 JACKSON ST, Pittsburgh, PA 15206-","issue_date":"2023-11-15","completed_date":null,"status":"Completed","typology":"two_unit","units":2,"classification_confidence":"high","zon_new":"R2-M","neighborhood":"Morningside","days_to_issue":70,"days_elapsed_if_open":null,"censored":false,"same_parcel_n":1,"work_desc":"CONSTRUCTION OF WOOD-FRAMED THREE-STORY SINGLE-FAMILY DWELLING WITH ROOF DECK AND INTEGRAL DOUBLE-CAR GARAGE"}},{"type":"Feature","geometry":{"type":"Point","coordinates":[-79.975469,40.457868]},"properties":{"permit_id":"BP-2023-15093","address":"2828 SMALLMAN ST, Pittsburgh, 15222-","issue_date":"2025-02-11","completed_date":null,"status":"Issued","typology":"two_unit","units":2,"classification_confidence":"med","zon_new":"RIV-IMU","neighborhood":"Strip District","days_to_issue":524,"days_elapsed_if_open":null,"censored":false,"same_parcel_n":1,"work_desc":"CONVERSION OF MIXED USE/SINGLE-FAMILY DWELLING INTO TWO-FAMILY DWELLING. ADDTION OF ROOF OVER EXISTING EXTERIOR STAIRCASE. CHANAGE IN USE TO COMMERCIAL STRUCTUR"}},{"type":"Feature","geometry":{"type":"Point","coordinates":[-79.939685,40.411671]},"properties":{"permit_id":"BP-2023-15142","address":"333 FLOWERS AVE, Pittsburgh, PA 15207-","issue_date":"2023-12-12","completed_date":null,"status":"Completed","typology":"single_detached","units":1,"classification_confidence":"high","zon_new":"R1A-H","neighborhood":"Hazelwood","days_to_issue":96,"days_elapsed_if_open":null,"censored":false,"same_parcel_n":1,"work_desc":"CONSTRUCTION OF NEW SINGLE-FAMILY DWELLING"}},{"type":"Feature","geometry":{"type":"Point","coordinates":[-79.939595,40.411718]},"properties":{"permit_id":"BP-2023-15630","address":"337 FLOWERS AVE, Pittsburgh, PA 15207-","issue_date":"2023-12-12","completed_date":null,"status":"Completed","typology":"single_detached","units":1,"classification_confidence":"high","zon_new":"R1A-H","neighborhood":"Hazelwood","days_to_issue":89,"days_elapsed_if_open":null,"censored":false,"same_parcel_n":1,"work_desc":"NEW TWO STORY SINGLE FAMILY DWELLING."}},{"type":"Feature","geometry":{"type":"Point","coordinates":[-79.939496,40.41176]},"properties":{"permit_id":"BP-2023-15632","address":"341 FLOWERS AVE, Pittsburgh, PA 15207-","issue_date":"2023-12-12","completed_date":null,"status":"Completed","typology":"single_detached","units":1,"classification_confidence":"high","zon_new":"R1A-H","neighborhood":"Hazelwood","days_to_issue":89,"days_elapsed_if_open":null,"censored":false,"same_parcel_n":1,"work_desc":"NEW 2 STORY SINGLE FAMILY DWELLING."}},{"type":"Feature","geometry":{"type":"Point","coordinates":[-79.898155,40.431932]},"properties":{"permit_id":"BP-2023-16045","address":"1027 LANCASTER AVE, Pittsburgh, PA 15218-","issue_date":"2024-01-16","completed_date":null,"status":"Completed","typology":"two_unit","units":2,"classification_confidence":"med","zon_new":"R1D-M","neighborhood":"Regent Square","days_to_issue":118,"days_elapsed_if_open":null,"censored":false,"same_parcel_n":1,"work_desc":"MINOR WORK INTERIOR ALTERATIONS. CONSTRUCTION OF FIRST FLOOR DECK. CHANGE IN USE TO TWO-FAMILY DWELLING"}},{"type":"Feature","geometry":{"type":"Point","coordinates":[-79.973485,40.426199]},"properties":{"permit_id":"BP-2023-16418","address":"144 S 23RD ST #2, Pittsburgh, PA 15203-","issue_date":"2024-06-26","completed_date":null,"status":"Completed","typology":"two_unit","units":2,"classification_confidence":"med","zon_new":"R1A-VH","neighborhood":"South Side Flats","days_to_issue":273,"days_elapsed_if_open":null,"censored":false,"same_parcel_n":1,"work_desc":"EXTERIOR ALTERATIONS TO INCLUDE NEW ROOF AND TRIM. CHANGE IN USE TO TWO-FAMILY DWELLING"}},{"type":"Feature","geometry":{"type":"Point","coordinates":[-80.030569,40.471395]},"properties":{"permit_id":"BP-2023-16566","address":"2922 SHADELAND AVE, Pittsburgh, 15212-","issue_date":"2024-05-17","completed_date":null,"status":"Issued","typology":"two_unit","units":2,"classification_confidence":"med","zon_new":"LNC","neighborhood":"Marshall-Shadeland","days_to_issue":231,"days_elapsed_if_open":null,"censored":false,"same_parcel_n":1,"work_desc":"ALTERATIONS TO FIRST AND SECOND FLOOR TO CONVERT TO TWO FAMILY DWELLING"}},{"type":"Feature","geometry":{"type":"Point","coordinates":[-79.961301,40.465255]},"properties":{"permit_id":"BP-2023-17243","address":"290 39TH ST, Pittsburgh, PA 15201-","issue_date":"2024-05-01","completed_date":null,"status":"Completed","typology":"single_detached","units":1,"classification_confidence":"high","zon_new":"R1A-H","neighborhood":"Lower Lawrenceville","days_to_issue":203,"days_elapsed_if_open":null,"censored":false,"same_parcel_n":1,"work_desc":"NEW CONSTRUCTION OF 3 STORY SINGLE FAMILY DWELLING WITH INTEGRAL GARAGE, ROOFTOP DECK, FRONT AND REAR PORCH"}},{"type":"Feature","geometry":{"type":"Point","coordinates":[-79.974489,40.45922]},"properties":{"permit_id":"BP-2023-17247","address":"2935 SMALLMAN ST, Pittsburgh, PA 15201-","issue_date":"2024-01-03","completed_date":null,"status":"Completed","typology":"multi_unit_size_unknown","units":null,"classification_confidence":"med","zon_new":"RIV-IMU","neighborhood":"Strip District","days_to_issue":84,"days_elapsed_if_open":null,"censored":false,"same_parcel_n":1,"work_desc":"CONSTRUCTION OF 6 STORY APARTMENT BUILDING"}},{"type":"Feature","geometry":{"type":"Point","coordinates":[-79.974578,40.459701]},"properties":{"permit_id":"BP-2023-17248","address":"102 30TH ST #631, Pittsburgh, PA 15201-","issue_date":"2024-01-03","completed_date":null,"status":"Issued","typology":"multi_unit_size_unknown","units":null,"classification_confidence":"med","zon_new":"RIV-IMU","neighborhood":"Strip District","days_to_issue":84,"days_elapsed_if_open":null,"censored":false,"same_parcel_n":1,"work_desc":"CONSTRUCTION OF NEW SIX STORY PODIUM STRUCTURE (IA ON GROUND IIIA 2-6th FLOORS) WITH TENANT AMENITY SPACE, OUTDOOR COURTYARD AND POOL AT FIRST STORY ROOF, APART"}},{"type":"Feature","geometry":{"type":"Point","coordinates":[-79.898362,40.430433]},"properties":{"permit_id":"BP-2023-17255","address":"1111 RICHMOND ST, Pittsburgh, 15218-","issue_date":"2023-11-09","completed_date":null,"status":"Issued","typology":"single_detached","units":1,"classification_confidence":"high","zon_new":"R1D-H","neighborhood":"Regent Square","days_to_issue":29,"days_elapsed_if_open":null,"censored":false,"same_parcel_n":1,"work_desc":"DEMOLITION OF EXISTING GARAGE AND CONSTRUCTION OF NEW DETATCHED GARAGE AT REAR OF EXISTING SINGLE-FAMILY DWELLING"}},{"type":"Feature","geometry":{"type":"Point","coordinates":[-79.995033,40.422918]},"properties":{"permit_id":"BP-2023-17986","address":"719 EXCELSIOR ST, Pittsburgh, PA 15210-","issue_date":"2024-01-03","completed_date":null,"status":"Completed","typology":"single_detached","units":1,"classification_confidence":"med","zon_new":"R1D-H","neighborhood":"Allentown","days_to_issue":71,"days_elapsed_if_open":null,"censored":false,"same_parcel_n":1,"work_desc":"NEW 3 STORY HOUSE WITH PREFABRICATED FOUNDATION"}},{"type":"Feature","geometry":{"type":"Point","coordinates":[-79.99475,40.422643]},"properties":{"permit_id":"BP-2023-17989","address":"728 EXCELSIOR ST, Pittsburgh, PA 15210-","issue_date":"2024-01-03","completed_date":null,"status":"Completed","typology":"single_detached","units":1,"classification_confidence":"med","zon_new":"R1D-H","neighborhood":"Allentown","days_to_issue":71,"days_elapsed_if_open":null,"censored":false,"same_parcel_n":1,"work_desc":"NEW 3 STORY HOUSE WITH PREFABRICATED FOUNDATION"}},{"type":"Feature","geometry":{"type":"Point","coordinates":[-79.993578,40.422976]},"properties":{"permit_id":"BP-2023-17991","address":"803 EXCELSIOR ST, Pittsburgh, PA 15210-","issue_date":"2024-01-31","completed_date":null,"status":"Completed","typology":"single_detached","units":1,"classification_confidence":"med","zon_new":"R1D-H","neighborhood":"Allentown","days_to_issue":99,"days_elapsed_if_open":null,"censored":false,"same_parcel_n":1,"work_desc":"NEW 2 STORY HOUSE WITH PREFABRICATED FOUNDATION"}},{"type":"Feature","geometry":{"type":"Point","coordinates":[-79.993483,40.422977]},"properties":{"permit_id":"BP-2023-17992","address":"805 EXCELSIOR ST, Pittsburgh, PA 15210-","issue_date":"2024-11-19","completed_date":null,"status":"Completed","typology":"single_detached","units":1,"classification_confidence":"med","zon_new":"R1D-H","neighborhood":"Allentown","days_to_issue":392,"days_elapsed_if_open":null,"censored":false,"same_parcel_n":1,"work_desc":"NEW 3 STORY HOUSE WITH PREFABRICATED FOUNDATION"}},{"type":"Feature","geometry":{"type":"Point","coordinates":[-79.993388,40.422977]},"properties":{"permit_id":"BP-2023-17993","address":"807 EXCELSIOR ST, Pittsburgh, PA 15210-","issue_date":"2024-01-31","completed_date":null,"status":"Completed","typology":"single_detached","units":1,"classification_confidence":"med","zon_new":"R1D-H","neighborhood":"Allentown","days_to_issue":99,"days_elapsed_if_open":null,"censored":false,"same_parcel_n":1,"work_desc":"NEW 2 STORY HOUSE WITH PREFABRICATED FOUNDATION"}},{"type":"Feature","geometry":{"type":"Point","coordinates":[-79.977063,40.437137]},"properties":{"permit_id":"BP-2023-18003","address":"2016 FORBES AVE #201, Pittsburgh, PA 15219-","issue_date":"2024-04-17","completed_date":null,"status":"Completed","typology":"two_unit","units":2,"classification_confidence":"high","zon_new":"UPR-B","neighborhood":"Bluff","days_to_issue":176,"days_elapsed_if_open":null,"censored":false,"same_parcel_n":1,"work_desc":"INTERIOR & EXTERIOR ALTERATIONS FOR THE CONVERSION OF SINGLE-FAMILY DWELLING INTO TWO-FAMILY DWELLING. WORK INCLUDES NEW WALLS, CEILINGS, DOORS & HARDWARE, WIND"}},{"type":"Feature","geometry":{"type":"Point","coordinates":[-79.994001,40.42244]},"properties":{"permit_id":"BP-2023-18109","address":"45 ALLEN ST, Pittsburgh, PA 15210-","issue_date":"2024-01-03","completed_date":null,"status":"Completed","typology":"single_detached","units":1,"classification_confidence":"med","zon_new":"R1D-H","neighborhood":"Allentown","days_to_issue":69,"days_elapsed_if_open":null,"censored":false,"same_parcel_n":1,"work_desc":"NEW 3 STORY HOUSE WITH PREFABRICATED FOUNDATION"}},{"type":"Feature","geometry":{"type":"Point","coordinates":[-79.995086,40.423877]},"properties":{"permit_id":"BP-2023-18323","address":"717 EUREKA ST, Pittsburgh, PA 15210-","issue_date":"2024-01-03","completed_date":null,"status":"Completed","typology":"single_detached","units":1,"classification_confidence":"med","zon_new":"R1D-H","neighborhood":"Allentown","days_to_issue":65,"days_elapsed_if_open":null,"censored":false,"same_parcel_n":1,"work_desc":"NEW 3 STORY HOUSE WITH PREFABRICATED FOUNDATION"}},{"type":"Feature","geometry":{"type":"Point","coordinates":[-79.994975,40.423879]},"properties":{"permit_id":"BP-2023-18326","address":"719 EUREKA ST, Pittsburgh, PA 15210-","issue_date":"2024-01-03","completed_date":null,"status":"Completed","typology":"single_detached","units":1,"classification_confidence":"med","zon_new":"R1D-H","neighborhood":"Allentown","days_to_issue":65,"days_elapsed_if_open":null,"censored":false,"same_parcel_n":1,"work_desc":"NEW 3 STORY HOUSE WITH PREFABRICATED FOUNDATION"}},{"type":"Feature","geometry":{"type":"Point","coordinates":[-79.994854,40.423495]},"properties":{"permit_id":"BP-2023-18427","address":"724 EUREKA ST, Pittsburgh, PA 15210-","issue_date":"2024-01-03","completed_date":null,"status":"Completed","typology":"single_detached","units":1,"classification_confidence":"high","zon_new":"R1D-H","neighborhood":"Allentown","days_to_issue":64,"days_elapsed_if_open":null,"censored":false,"same_parcel_n":1,"work_desc":"CONSTRUCTION OF NEW THREE STORY BUILDING AS A SINGLE FAMILY (DETACHED) DWELLING WTH ONE PORCH AT FRONT; FIRST FLOOR DECK AND ONE CAR PARKING PAD AT REAR"}},{"type":"Feature","geometry":{"type":"Point","coordinates":[-79.994766,40.423494]},"properties":{"permit_id":"BP-2023-18429","address":"726 EUREKA ST, Pittsburgh, PA 15210-","issue_date":"2024-01-03","completed_date":null,"status":"Completed","typology":"single_detached","units":1,"classification_confidence":"high","zon_new":"R1D-H","neighborhood":"Allentown","days_to_issue":64,"days_elapsed_if_open":null,"censored":false,"same_parcel_n":1,"work_desc":"CONSTRUCTION OF NEW THREE STORY BUILDING AS A SINGLE FAMILY (DETACHED) DWELLING WTH ONE PORCH AT FRONT; FIRST FLOOR DECK AND ONE CAR PARKING PAD AT REAR"}},{"type":"Feature","geometry":{"type":"Point","coordinates":[-79.994507,40.423601]},"properties":{"permit_id":"BP-2023-18499","address":"732 EUREKA ST, Pittsburgh, PA 15210-","issue_date":"2024-01-31","completed_date":null,"status":"Completed","typology":"single_detached","units":1,"classification_confidence":"med","zon_new":"R1D-H","neighborhood":"Allentown","days_to_issue":91,"days_elapsed_if_open":null,"censored":false,"same_parcel_n":1,"work_desc":"NEW 2 STORY HOUSE WITH PREFABRICATED FOUNDATION"}},{"type":"Feature","geometry":{"type":"Point","coordinates":[-79.994505,40.423886]},"properties":{"permit_id":"BP-2023-18502","address":"731 EUREKA ST, Pittsburgh, PA 15210-","issue_date":"2024-01-31","completed_date":null,"status":"Completed","typology":"single_detached","units":1,"classification_confidence":"med","zon_new":"R1D-H","neighborhood":"Allentown","days_to_issue":91,"days_elapsed_if_open":null,"censored":false,"same_parcel_n":1,"work_desc":"NEW 2 STORY HOUSE WITH PREFABRICATED FOUNDATION"}},{"type":"Feature","geometry":{"type":"Point","coordinates":[-79.994417,40.4235]},"properties":{"permit_id":"BP-2023-18504","address":"734 EUREKA ST, Pittsburgh, PA 15210-","issue_date":"2024-01-31","completed_date":null,"status":"Completed","typology":"single_detached","units":1,"classification_confidence":"med","zon_new":"R1D-H","neighborhood":"Allentown","days_to_issue":91,"days_elapsed_if_open":null,"censored":false,"same_parcel_n":1,"work_desc":"NEW 2 STORY HOUSE WITH PREFABRICATED FOUNDATION"}},{"type":"Feature","geometry":{"type":"Point","coordinates":[-79.994236,40.423586]},"properties":{"permit_id":"BP-2023-18505","address":"740 EUREKA ST, Pittsburgh, PA 15210-","issue_date":"2024-01-31","completed_date":null,"status":"Completed","typology":"single_detached","units":1,"classification_confidence":"med","zon_new":"R1D-H","neighborhood":"Allentown","days_to_issue":91,"days_elapsed_if_open":null,"censored":false,"same_parcel_n":1,"work_desc":"NEW 2 STORY HOUSE WITH PREFABRICATED FOUNDATION"}},{"type":"Feature","geometry":{"type":"Point","coordinates":[-79.938829,40.469277]},"properties":{"permit_id":"BP-2023-19298","address":"5205 COLUMBO ST, Pittsburgh, PA 15224-","issue_date":"2024-04-09","completed_date":null,"status":"Completed","typology":"single_detached","units":1,"classification_confidence":"high","zon_new":"R1D-H","neighborhood":"Garfield","days_to_issue":146,"days_elapsed_if_open":null,"censored":false,"same_parcel_n":1,"work_desc":"CONSTRUCTTION OF NEW MODULAR SINGLE-FAMILY DWELLING ON PRECAST FOUNDATION"}},{"type":"Feature","geometry":{"type":"Point","coordinates":[-79.951762,40.440064]},"properties":{"permit_id":"BP-2023-19344","address":"373 YARROW Way #2, Pittsburgh, PA 15213-","issue_date":"2023-12-01","completed_date":null,"status":"Completed","typology":"two_unit","units":2,"classification_confidence":"high","zon_new":"R2-H","neighborhood":"Central Oakland","days_to_issue":16,"days_elapsed_if_open":null,"censored":false,"same_parcel_n":1,"work_desc":"CONSTRUCTION OF 3 STORY 2 FAMILY ATTACHED DWELLING WITH INTEGRAL GARAGE IN LOWER LEVEL (Sub Building Permit for BP-2022-13065 )"}},{"type":"Feature","geometry":{"type":"Point","coordinates":[-79.951655,40.440287]},"properties":{"permit_id":"BP-2023-19380","address":"372 JONCAIRE ST #2, Pittsburgh, PA 15213-","issue_date":"2023-12-01","completed_date":null,"status":"Completed","typology":"two_unit","units":2,"classification_confidence":"high","zon_new":"R2-H","neighborhood":"Central Oakland","days_to_issue":15,"days_elapsed_if_open":null,"censored":false,"same_parcel_n":1,"work_desc":"CONSTRUCTION OF 3 STORY 2 FAMILY ATTACHED DWELLING WITH INTEGRAL GARAGE IN LOWER LEVEL (Sub Building Permit for BP-2022-13067 )"}},{"type":"Feature","geometry":{"type":"Point","coordinates":[-79.951546,40.440267]},"properties":{"permit_id":"BP-2023-19381","address":"374 JONCAIRE ST #2, Pittsburgh, PA 15213-","issue_date":"2023-12-01","completed_date":null,"status":"Completed","typology":"two_unit","units":2,"classification_confidence":"high","zon_new":"R2-H","neighborhood":"Central Oakland","days_to_issue":15,"days_elapsed_if_open":null,"censored":false,"same_parcel_n":1,"work_desc":"CONSTRUCTION OF 3 STORY 2 FAMILY ATTACHED DWELLING WITH INTEGRAL GARAGE IN LOWER LEVEL (Sub Building Permit for BP-2022-13068 )"}},{"type":"Feature","geometry":{"type":"Point","coordinates":[-79.951845,40.440108]},"properties":{"permit_id":"BP-2023-19384","address":"371 YARROW Way #2, Pittsburgh, PA 15213-","issue_date":"2023-12-01","completed_date":null,"status":"Completed","typology":"two_unit","units":2,"classification_confidence":"high","zon_new":"R2-H","neighborhood":"Central Oakland","days_to_issue":15,"days_elapsed_if_open":null,"censored":false,"same_parcel_n":1,"work_desc":"CONSTRUCTION OF 3 STORY 2 UNIT DWELLING WITH INTEGRAL GARAGE IN LOWER LEVEL"}},{"type":"Feature","geometry":{"type":"Point","coordinates":[-79.953153,40.482032]},"properties":{"permit_id":"BP-2023-19503","address":"5275 BUTLER ST #690, Pittsburgh, PA 15201-","issue_date":"2024-09-16","completed_date":null,"status":"Issued","typology":"multi_unit_size_unknown","units":null,"classification_confidence":"med","zon_new":"RIV-MU","neighborhood":"Upper Lawrenceville","days_to_issue":304,"days_elapsed_if_open":null,"censored":false,"same_parcel_n":1,"work_desc":"COMPLETION OF PHASED CONSTRUCTION OF NEW APARTMENT BUILDING: THIS PHASE INCLUDES SUPERSTRUCTURE ABOVE 2ND FLOOR MEZZANINE LEVEL; COMPLETE EXTERIOR SHELL, BUILDI"}},{"type":"Feature","geometry":{"type":"Point","coordinates":[-79.99362,40.423998]},"properties":{"permit_id":"BP-2023-19862","address":"6 ALLEN ST, Pittsburgh, PA 15210-","issue_date":"2024-01-31","completed_date":null,"status":"Completed","typology":"single_detached","units":1,"classification_confidence":"high","zon_new":"R1D-H","neighborhood":"Allentown","days_to_issue":64,"days_elapsed_if_open":null,"censored":false,"same_parcel_n":1,"work_desc":"NEW STORY SINGLE FAMILY, SINGLE STORY DWELLING WITH PORCH AND FRONT AND REAR"}},{"type":"Feature","geometry":{"type":"Point","coordinates":[-79.995985,40.422657]},"properties":{"permit_id":"BP-2023-19864","address":"636 EXCELSIOR ST, Pittsburgh, PA 15210-","issue_date":"2024-01-31","completed_date":null,"status":"Completed","typology":"single_detached","units":1,"classification_confidence":"med","zon_new":"R1D-H","neighborhood":"Allentown","days_to_issue":64,"days_elapsed_if_open":null,"censored":false,"same_parcel_n":1,"work_desc":"NEW SINGLE STORY HOUSE WITH PREFABRICATED FOUNDATION"}},{"type":"Feature","geometry":{"type":"Point","coordinates":[-79.995654,40.422661]},"properties":{"permit_id":"BP-2023-19865","address":"702 EXCELSIOR ST, Pittsburgh, PA 15210-","issue_date":"2024-01-31","completed_date":null,"status":"Completed","typology":"single_detached","units":1,"classification_confidence":"med","zon_new":"R1D-H","neighborhood":"Allentown","days_to_issue":64,"days_elapsed_if_open":null,"censored":false,"same_parcel_n":1,"work_desc":"NEW SINGLE STORY HOUSE WITH PREFABRICATED FOUNDATION"}},{"type":"Feature","geometry":{"type":"Point","coordinates":[-80.023983,40.440544]},"properties":{"permit_id":"BP-2023-20540","address":"1623 GRANDVIEW AVE, Pittsburgh, PA 15211-","issue_date":"2024-12-24","completed_date":null,"status":"Issued","typology":"single_attached","units":1,"classification_confidence":"high","zon_new":"GPRB","neighborhood":"Duquesne Heights","days_to_issue":382,"days_elapsed_if_open":null,"censored":false,"same_parcel_n":1,"work_desc":"CONSTRUCTION OF ATTACHED SINGLE FAMILY 4 STORY DWELLING AT 1623 GRANDVIEW AVE, TOWN I"}},{"type":"Feature","geometry":{"type":"Point","coordinates":[-80.023898,40.440509]},"properties":{"permit_id":"BP-2023-20548","address":"1621 GRANDVIEW AVE, Pittsburgh, PA 15211-","issue_date":"2024-12-24","completed_date":null,"status":"Issued","typology":"single_attached","units":1,"classification_confidence":"high","zon_new":"GPRB","neighborhood":"Duquesne Heights","days_to_issue":382,"days_elapsed_if_open":null,"censored":false,"same_parcel_n":1,"work_desc":"CONSTRUCTION OF ATTACHED SINGLE FAMILY 4 STORY DWELLING AT 1621 GRANDVIEW AVE TOWN II"}},{"type":"Feature","geometry":{"type":"Point","coordinates":[-80.023832,40.440476]},"properties":{"permit_id":"BP-2023-20549","address":"1619 GRANDVIEW AVE, Pittsburgh, PA 15211-","issue_date":"2024-12-24","completed_date":null,"status":"Issued","typology":"single_attached","units":1,"classification_confidence":"high","zon_new":"GPRB","neighborhood":"Duquesne Heights","days_to_issue":382,"days_elapsed_if_open":null,"censored":false,"same_parcel_n":1,"work_desc":"CONSTRUCTION OF ATTACHED SINGLE FAMILY 4 STORY DWELLING AT 1619 GRANDVIEW AVE TOWN II"}},{"type":"Feature","geometry":{"type":"Point","coordinates":[-80.023751,40.440432]},"properties":{"permit_id":"BP-2023-20550","address":"1617 GRANDVIEW AVE, Pittsburgh, PA 15211-","issue_date":"2024-12-24","completed_date":null,"status":"Completed","typology":"single_attached","units":1,"classification_confidence":"high","zon_new":"GPRB","neighborhood":"Duquesne Heights","days_to_issue":382,"days_elapsed_if_open":null,"censored":false,"same_parcel_n":1,"work_desc":"CONSTRUCTION OF ATTACHED SINGLE FAMILY 4 STORY DWELLING AT (1617 GRANDVIEW AVE TYPE TOWN 1"}},{"type":"Feature","geometry":{"type":"Point","coordinates":[-79.944206,40.411629]},"properties":{"permit_id":"BP-2023-21229","address":"125 HAZELWOOD AVE #202, Pittsburgh, PA 15207-","issue_date":"2024-06-24","completed_date":null,"status":"Completed","typology":"multi_unit_4_19","units":4,"classification_confidence":"high","zon_new":"LNC","neighborhood":"Hazelwood","days_to_issue":185,"days_elapsed_if_open":null,"censored":false,"same_parcel_n":1,"work_desc":"NEW CONSTRUCTION, 3-STORY CONDOMINIUM BUILDING WITH 4 DWELLING UNITS."}},{"type":"Feature","geometry":{"type":"Point","coordinates":[-79.928069,40.424008]},"properties":{"permit_id":"BP-2024-00661","address":"4129 MURRAY AVE, Pittsburgh, PA 15217-","issue_date":"2024-03-08","completed_date":null,"status":"Completed","typology":"two_unit","units":2,"classification_confidence":"med","zon_new":"R2-M","neighborhood":"Greenfield","days_to_issue":56,"days_elapsed_if_open":null,"censored":false,"same_parcel_n":1,"work_desc":"INTERIOR & EXTERIOR ALTERATIONS TO KITCHEN, BATHROOM, REPLACE WINDOWS (ALL MINOR WORK) & CHANGE IN USE TO TWO FAMILY DWELLING. NO STRUCTURAL WORK."}},{"type":"Feature","geometry":{"type":"Point","coordinates":[-80.023652,40.44038]},"properties":{"permit_id":"BP-2024-00726","address":"1611 GRANDVIEW AVE, Pittsburgh, PA 15211-","issue_date":"2024-12-24","completed_date":null,"status":"Completed","typology":"single_attached","units":1,"classification_confidence":"high","zon_new":"GPRB","neighborhood":"Duquesne Heights","days_to_issue":344,"days_elapsed_if_open":null,"censored":false,"same_parcel_n":1,"work_desc":"CONSTRUCTION OF ATTACHED SINGLE FAMILY 4 STORY DWELLING AT (1611 GRANDVIEW AVE TYPE TOWN 1"}},{"type":"Feature","geometry":{"type":"Point","coordinates":[-80.02357,40.440337]},"properties":{"permit_id":"BP-2024-00727","address":"1609 GRANDVIEW AVE, Pittsburgh, PA 15211-","issue_date":"2024-12-24","completed_date":null,"status":"Completed","typology":"single_attached","units":1,"classification_confidence":"high","zon_new":"GPRB","neighborhood":"Duquesne Heights","days_to_issue":344,"days_elapsed_if_open":null,"censored":false,"same_parcel_n":1,"work_desc":"CONSTRUCTION OF ATTACHED SINGLE FAMILY 4 STORY DWELLING AT (1609 GRANDVIEW AVE TYPE TOWN II"}},{"type":"Feature","geometry":{"type":"Point","coordinates":[-80.023505,40.440302]},"properties":{"permit_id":"BP-2024-00728","address":"1607 GRANDVIEW AVE, Pittsburgh, PA 15211-","issue_date":"2024-12-24","completed_date":null,"status":"Completed","typology":"single_attached","units":1,"classification_confidence":"high","zon_new":"GPRB","neighborhood":"Duquesne Heights","days_to_issue":344,"days_elapsed_if_open":null,"censored":false,"same_parcel_n":1,"work_desc":"CONSTRUCTION OF ATTACHED SINGLE FAMILY 4 STORY DWELLING AT (1607 GRANDVIEW AVE TYPE TOWN II"}},{"type":"Feature","geometry":{"type":"Point","coordinates":[-80.023436,40.440274]},"properties":{"permit_id":"BP-2024-00729","address":"1605 GRANDVIEW AVE, Pittsburgh, PA 15211-","issue_date":"2024-12-24","completed_date":null,"status":"Completed","typology":"single_attached","units":1,"classification_confidence":"high","zon_new":"GPRB","neighborhood":"Duquesne Heights","days_to_issue":344,"days_elapsed_if_open":null,"censored":false,"same_parcel_n":1,"work_desc":"CONSTRUCTION OF ATTACHED SINGLE FAMILY 4 STORY DWELLING AT (1605 GRANDVIEW AVE TYPE TOWN II"}},{"type":"Feature","geometry":{"type":"Point","coordinates":[-80.023342,40.440248]},"properties":{"permit_id":"BP-2024-00730","address":"1603 GRANDVIEW AVE, Pittsburgh, PA 15211-","issue_date":"2024-12-24","completed_date":null,"status":"Completed","typology":"single_attached","units":1,"classification_confidence":"high","zon_new":"GPRB","neighborhood":"Duquesne Heights","days_to_issue":344,"days_elapsed_if_open":null,"censored":false,"same_parcel_n":1,"work_desc":"CONSTRUCTION OF ATTACHED SINGLE FAMILY 4 STORY DWELLING AT (1603 GRANDVIEW AVE TYPE TOWN I"}},{"type":"Feature","geometry":{"type":"Point","coordinates":[-79.993166,40.427111]},"properties":{"permit_id":"BP-2024-00754","address":"620 WINDOM ST, Pittsburgh, PA 15203-","issue_date":"2024-08-20","completed_date":null,"status":"Issued","typology":"single_detached","units":1,"classification_confidence":"high","zon_new":"H","neighborhood":"South Side Slopes","days_to_issue":217,"days_elapsed_if_open":null,"censored":false,"same_parcel_n":1,"work_desc":"CONSTRUCT A NEW TWO STORIES AND A BASEMENT SINGLE FAMILY DWELLING WITH A ROOF DECK AND A RETAINING WALL"}},{"type":"Feature","geometry":{"type":"Point","coordinates":[-79.983362,40.446938]},"properties":{"permit_id":"BP-2024-00874","address":"843 LEDLIE ST, Pittsburgh, PA 15219-","issue_date":"2024-07-17","completed_date":null,"status":"Completed","typology":"single_detached","units":1,"classification_confidence":"high","zon_new":"RM-M","neighborhood":"Crawford-Roberts","days_to_issue":181,"days_elapsed_if_open":null,"censored":false,"same_parcel_n":1,"work_desc":"NEW SINGLE FAMILY MODULAR DWELLING WITH MODULAR FOUNDATION SYSTEM"}},{"type":"Feature","geometry":{"type":"Point","coordinates":[-79.983322,40.446883]},"properties":{"permit_id":"BP-2024-00875","address":"841 LEDLIE ST, Pittsburgh, PA 15219-","issue_date":"2024-07-17","completed_date":null,"status":"Completed","typology":"single_detached","units":1,"classification_confidence":"high","zon_new":"RM-M","neighborhood":"Crawford-Roberts","days_to_issue":181,"days_elapsed_if_open":null,"censored":false,"same_parcel_n":1,"work_desc":"NEW SINGLE FAMILY MODULAR DWELLING WITH MODULAR FOUNDATION SYSTEM"}},{"type":"Feature","geometry":{"type":"Point","coordinates":[-79.943238,40.450084]},"properties":{"permit_id":"BP-2024-01881","address":"624 MOREWOOD AVE, Pittsburgh, PA 15213-","issue_date":"2025-06-17","completed_date":null,"status":"Issued","typology":"single_detached","units":1,"classification_confidence":"high","zon_new":"R1D-VL","neighborhood":"Shadyside","days_to_issue":497,"days_elapsed_if_open":null,"censored":false,"same_parcel_n":1,"work_desc":"CONSTRUCTION OF NEW TWO-STORY WOOD FRAMED SINGLE-FAMILY DWELLING WITH INTEGRAL TWO-CAR GARAGE AND ROOF DECKS AT SECOND-FLOOR LEVEL OF FRONT & REAR OF DWELLING. "}},{"type":"Feature","geometry":{"type":"Point","coordinates":[-79.993447,40.456858]},"properties":{"permit_id":"BP-2024-02120","address":"909 RICKENBACH ST, Pittsburgh, PA 15212-","issue_date":"2024-04-12","completed_date":null,"status":"Completed","typology":"single_detached","units":1,"classification_confidence":"high","zon_new":"R1A-H","neighborhood":"East Allegheny","days_to_issue":60,"days_elapsed_if_open":null,"censored":false,"same_parcel_n":1,"work_desc":"NEW THREE STORY STRUCTURE WITH TWO CAR INTEGRAL GARAGE AND 18'8\" X 11'9\" THIRD FLOOR DECK AT REAR & 8' X 6' SECOND FLOOR DECK AT SOUTHERLY SIDE, TWO CAR PARKING"}},{"type":"Feature","geometry":{"type":"Point","coordinates":[-79.993477,40.456944]},"properties":{"permit_id":"BP-2024-02124","address":"911 RICKENBACH ST, Pittsburgh, PA 15212-","issue_date":"2024-04-12","completed_date":null,"status":"Completed","typology":"single_detached","units":1,"classification_confidence":"high","zon_new":"R1A-H","neighborhood":"East Allegheny","days_to_issue":60,"days_elapsed_if_open":null,"censored":false,"same_parcel_n":1,"work_desc":"NEW THREE STORY STRUCTURE WITH TWO CAR INTEGRAL GARAGE AND 18'8\" X 11'9\" THIRD FLOOR DECK AT REAR & 8' X 6' SECOND FLOOR DECK AT SOUTHERLY SIDE, TWO CAR PARKING"}},{"type":"Feature","geometry":{"type":"Point","coordinates":[-79.983815,40.427781]},"properties":{"permit_id":"BP-2024-02436","address":"1407 SARAH ST, Pittsburgh, PA 15203-","issue_date":"2024-10-18","completed_date":null,"status":"Completed","typology":"single_detached","units":1,"classification_confidence":"high","zon_new":"R1A-VH","neighborhood":"South Side Flats","days_to_issue":245,"days_elapsed_if_open":null,"censored":false,"same_parcel_n":1,"work_desc":"SINGLE FAMILY 3 STORY WITH INTEGRATED 1 CAR GARAGE, 2ND FLOOR REAR DECK, AND 3RD STORY FRONT COVERED DECK"}},{"type":"Feature","geometry":{"type":"Point","coordinates":[-79.983891,40.42778]},"properties":{"permit_id":"BP-2024-02437","address":"1403 SARAH ST #2, Pittsburgh, PA 15203-","issue_date":"2024-10-18","completed_date":null,"status":"Issued","typology":"two_unit","units":2,"classification_confidence":"high","zon_new":"R1A-VH","neighborhood":"South Side Flats","days_to_issue":245,"days_elapsed_if_open":null,"censored":false,"same_parcel_n":1,"work_desc":"2-FAMILY 3 STORY WITH INTEGRATED 2 CAR GARAGE AND 3RD STORY FRONT COVERED DECK"}},{"type":"Feature","geometry":{"type":"Point","coordinates":[-79.957097,40.465065]},"properties":{"permit_id":"BP-2024-02514","address":"4018 PENN AVE, Pittsburgh, 15224-","issue_date":"2024-06-21","completed_date":null,"status":"Completed","typology":"two_unit","units":2,"classification_confidence":"med","zon_new":"LNC","neighborhood":"Bloomfield","days_to_issue":124,"days_elapsed_if_open":null,"censored":false,"same_parcel_n":1,"work_desc":"INTERIOR ALTERATIONS, NEW KTICHEN/BAHTROOMS, NEW PARTITIONS, PARTIAL CEILINGS AND DOORS TO CONVERT EXISTING OFFICE BUILDING INTO TWO-FAMILY DWELLING"}},{"type":"Feature","geometry":{"type":"Point","coordinates":[-79.94446,40.406466]},"properties":{"permit_id":"BP-2024-02733","address":"5114 GLOSTER ST, Pittsburgh, 15207-","issue_date":"2024-03-15","completed_date":null,"status":"Issued","typology":"two_unit","units":2,"classification_confidence":"med","zon_new":"R1A-VH","neighborhood":"Hazelwood","days_to_issue":23,"days_elapsed_if_open":null,"censored":false,"same_parcel_n":1,"work_desc":"INTERIOR NON-STRUCTURAL ALTERATIONS AND A CHANGE IN USE (TO LEGALLY RECORD AS A TWO-FAMILY DWELLING). THE COMMON WALL FINISHES WERE REMOVED. NEW RATED COMMON WA"}},{"type":"Feature","geometry":{"type":"Point","coordinates":[-80.015129,40.451972]},"properties":{"permit_id":"BP-2024-03545","address":"829 WESTERN AVE, Pittsburgh, PA 15233-","issue_date":"2024-06-04","completed_date":null,"status":"Completed","typology":"single_detached","units":1,"classification_confidence":"high","zon_new":"LNC","neighborhood":"Allegheny West","days_to_issue":90,"days_elapsed_if_open":null,"censored":false,"same_parcel_n":1,"work_desc":"CONSTRUCTION OF 3 STORY DETACHED SINGLE FAMILY DWELLING INCLUDING PORCH ON SIDE AND SECOND FLOOR DECK AT REAR WITH DETACHED GARAGE AT REAR OF PROPERTY"}},{"type":"Feature","geometry":{"type":"Point","coordinates":[-79.913003,40.444345]},"properties":{"permit_id":"BP-2024-03917","address":"6662 WOODWELL ST, Pittsburgh, PA 15217-","issue_date":"2024-04-30","completed_date":null,"status":"Issued","typology":"two_unit","units":2,"classification_confidence":"med","zon_new":"RM-M","neighborhood":"Squirrel Hill North","days_to_issue":49,"days_elapsed_if_open":null,"censored":false,"same_parcel_n":1,"work_desc":"REPLACEMENT OF WINDOWS AND CHANGE IN USE TO TWO-FAMILY DWELLING"}},{"type":"Feature","geometry":{"type":"Point","coordinates":[-79.986745,40.459438]},"properties":{"permit_id":"BP-2024-03925","address":"1342 GOETTMAN ST, Pittsburgh, PA 15212-","issue_date":"2024-03-13","completed_date":null,"status":"Issued","typology":"two_unit","units":2,"classification_confidence":"med","zon_new":"R1D-H","neighborhood":"Troy Hill","days_to_issue":1,"days_elapsed_if_open":null,"censored":false,"same_parcel_n":1,"work_desc":"INTERIOR AND EXTERIOR ALTERATIONS THROUGHOUT. CHANGE IN USE TO TWO-FAMILY DWELLING"}},{"type":"Feature","geometry":{"type":"Point","coordinates":[-79.983016,40.445471]},"properties":{"permit_id":"BP-2024-04388","address":"1907 WEBSTER AVE, Pittsburgh, PA 15219-","issue_date":"2024-11-27","completed_date":null,"status":"Issued","typology":"single_detached","units":1,"classification_confidence":"high","zon_new":"RM-M","neighborhood":"Crawford-Roberts","days_to_issue":253,"days_elapsed_if_open":null,"censored":false,"same_parcel_n":1,"work_desc":"CONSTRUCTION OF SINGLE FAMILY DETACHED DWELLING WITH INTEGRAL GARAGE AND BALCONIES FROM SECOND AND THIRD FLOORS IN FRONT"}},{"type":"Feature","geometry":{"type":"Point","coordinates":[-79.945579,40.465113]},"properties":{"permit_id":"BP-2024-05014","address":"4842 PENN AVE #303, Pittsburgh, PA 15224-","issue_date":"2024-08-08","completed_date":null,"status":"Completed","typology":"multi_unit_4_19","units":8,"classification_confidence":"high","zon_new":"LNC","neighborhood":"Bloomfield","days_to_issue":133,"days_elapsed_if_open":null,"censored":false,"same_parcel_n":1,"work_desc":"CONSTRUCT A NEW 3 STORY BUILDING TO INCLUDE 8 RESIDENTIAL APARTMENT UNITS (INCLUDING 2 TYPE B UNITS)"}},{"type":"Feature","geometry":{"type":"Point","coordinates":[-79.982754,40.425922]},"properties":{"permit_id":"BP-2024-05085","address":"183 S 16TH ST, Pittsburgh, 15203-","issue_date":"2024-05-10","completed_date":null,"status":"Issued","typology":"single_detached","units":1,"classification_confidence":"high","zon_new":"R1A-VH","neighborhood":"South Side Flats","days_to_issue":42,"days_elapsed_if_open":null,"censored":false,"same_parcel_n":1,"work_desc":"CONSTRUCTION OF WOOD & STEEL FRAMED THREE-STORY SINGLE-FAMILY DWELLING WITH INTEGRAL ONE-CAR GARAGE AND ROOF DECK AT THIRD FLOOR LEVEL"}},{"type":"Feature","geometry":{"type":"Point","coordinates":[-79.976702,40.455833]},"properties":{"permit_id":"BP-2024-05523","address":"319 27TH ST, Pittsburgh, PA 15222-","issue_date":"2024-09-03","completed_date":null,"status":"Issued","typology":"single_attached","units":1,"classification_confidence":"high","zon_new":"RIV-IMU","neighborhood":"Strip District","days_to_issue":151,"days_elapsed_if_open":null,"censored":false,"same_parcel_n":6,"work_desc":"CONSTRUCTION OF FOUR STORY TOWNHOUSE WITH INTEGRAL GARAGE"}},{"type":"Feature","geometry":{"type":"Point","coordinates":[-79.976702,40.455833]},"properties":{"permit_id":"BP-2024-05525","address":"319 27TH ST, Pittsburgh, PA 15222-","issue_date":"2024-11-19","completed_date":null,"status":"Issued","typology":"single_attached","units":1,"classification_confidence":"high","zon_new":"RIV-IMU","neighborhood":"Strip District","days_to_issue":228,"days_elapsed_if_open":null,"censored":false,"same_parcel_n":6,"work_desc":"CONSTRUCTION OF FOUR STORY TOWNHOUSE WITH INTEGRAL GARAGE"}},{"type":"Feature","geometry":{"type":"Point","coordinates":[-80.041444,40.412928]},"properties":{"permit_id":"BP-2024-05871","address":"1329 KIRSOPP AVE, Pittsburgh, PA 15220-","issue_date":"2024-06-06","completed_date":null,"status":"Issued","typology":"single_detached","units":1,"classification_confidence":"med","zon_new":"R1D-L","neighborhood":"Banksville","days_to_issue":56,"days_elapsed_if_open":null,"censored":false,"same_parcel_n":1,"work_desc":"CONSTRUCTION OF TWO-STORY WOOD-FRAMED DWELLING WITH POURED-CONCRETE BASEMENT AND INTEGRAL WOOD-FRAMED TWO-CAR GARAGE."}},{"type":"Feature","geometry":{"type":"Point","coordinates":[-79.938838,40.466183]},"properties":{"permit_id":"BP-2024-06742","address":"5217 BROAD ST, Pittsburgh, PA 15224-","issue_date":"2024-10-07","completed_date":null,"status":"Completed","typology":"single_detached","units":1,"classification_confidence":"high","zon_new":"R1D-H","neighborhood":"Garfield","days_to_issue":164,"days_elapsed_if_open":null,"censored":false,"same_parcel_n":1,"work_desc":"NEW 2 STORY STRUCTURE WITH FIRST FLOOR PORCH AND TWO (2) PARKING PADS AT REAR OF SINGLE FAMILY DWELLING."}},{"type":"Feature","geometry":{"type":"Point","coordinates":[-80.02729,40.453174]},"properties":{"permit_id":"BP-2024-07158","address":"1428 SHEFFIELD ST, Pittsburgh, PA 15233-","issue_date":"2026-01-06","completed_date":null,"status":"Completed","typology":"adu","units":1,"classification_confidence":"med","zon_new":"R2-H","neighborhood":"Manchester","days_to_issue":613,"days_elapsed_if_open":null,"censored":false,"same_parcel_n":1,"work_desc":"CONVERSION OF 2 STORY EXISTING DETACHED 4 CAR GARAGE TO SINGLE FAMILY DWELLING WITH INTEGRAL GARAGE AT REAR OF PROPERTY"}},{"type":"Feature","geometry":{"type":"Point","coordinates":[-79.948147,40.480856]},"properties":{"permit_id":"BP-2024-08436","address":"5406 DUNCAN ST, Pittsburgh, PA 15201-","issue_date":"2024-09-10","completed_date":null,"status":"Completed","typology":"single_detached","units":1,"classification_confidence":"high","zon_new":"H","neighborhood":"Upper Lawrenceville","days_to_issue":109,"days_elapsed_if_open":null,"censored":false,"same_parcel_n":1,"work_desc":"CONSTRUCTION OF THREE-STORY WOOD-FRAMED SINGLE FAMILY DWELLING WITH INTEGRAL TWO-CAR GARAGE AND BASEMENT"}},{"type":"Feature","geometry":{"type":"Point","coordinates":[-79.959017,40.47044]},"properties":{"permit_id":"BP-2024-08777","address":"233 43RD ST, Pittsburgh, PA 15201-","issue_date":"2024-10-29","completed_date":null,"status":"Issued","typology":"single_attached","units":1,"classification_confidence":"high","zon_new":"R1A-H","neighborhood":"Central Lawrenceville","days_to_issue":151,"days_elapsed_if_open":null,"censored":false,"same_parcel_n":19,"work_desc":"CONSTRUCTION OF 4 STORY SINGLE FAMILY ATTACHED DWELLING UNIT WITH INTEGRAL GARAGE AS PART OF 8 UNIT CLUSTER."}},{"type":"Feature","geometry":{"type":"Point","coordinates":[-79.959017,40.47044]},"properties":{"permit_id":"BP-2024-08780","address":"233 43RD ST, Pittsburgh, PA 15201-","issue_date":"2024-10-29","completed_date":null,"status":"Completed","typology":"single_attached","units":1,"classification_confidence":"high","zon_new":"R1A-H","neighborhood":"Central Lawrenceville","days_to_issue":151,"days_elapsed_if_open":null,"censored":false,"same_parcel_n":19,"work_desc":"CONSTRUCTION OF 4 STORY SINGLE FAMILY ATTACHED DWELLING UNIT WITH INTEGRAL GARAGE AS PART OF 8 UNIT CLUSTER."}},{"type":"Feature","geometry":{"type":"Point","coordinates":[-79.959017,40.47044]},"properties":{"permit_id":"BP-2024-08781","address":"233 43RD ST, Pittsburgh, PA 15201-","issue_date":"2024-10-21","completed_date":null,"status":"Application Finalization","typology":"single_attached","units":1,"classification_confidence":"high","zon_new":"R1A-H","neighborhood":"Central Lawrenceville","days_to_issue":143,"days_elapsed_if_open":null,"censored":false,"same_parcel_n":19,"work_desc":"CONSTRUCTION OF 4 STORY SINGLE FAMILY ATTACHED DWELLING UNIT WITH INTEGRAL GARAGE AS PART OF 8 UNIT CLUSTER."}},{"type":"Feature","geometry":{"type":"Point","coordinates":[-79.959017,40.47044]},"properties":{"permit_id":"BP-2024-08783","address":"233 43RD ST, Pittsburgh, PA 15201-","issue_date":"2024-10-21","completed_date":null,"status":"Completed","typology":"single_attached","units":1,"classification_confidence":"high","zon_new":"R1A-H","neighborhood":"Central Lawrenceville","days_to_issue":143,"days_elapsed_if_open":null,"censored":false,"same_parcel_n":19,"work_desc":"CONSTRUCTION OF 4 STORY SINGLE FAMILY ATTACHED DWELLING UNIT WITH INTEGRAL GARAGE AS PART OF 8 UNIT CLUSTER."}},{"type":"Feature","geometry":{"type":"Point","coordinates":[-79.959017,40.47044]},"properties":{"permit_id":"BP-2024-08785","address":"233 43RD ST, Pittsburgh, PA 15201-","issue_date":"2024-10-03","completed_date":null,"status":"Application Finalization","typology":"single_attached","units":1,"classification_confidence":"high","zon_new":"R1A-H","neighborhood":"Central Lawrenceville","days_to_issue":125,"days_elapsed_if_open":null,"censored":false,"same_parcel_n":19,"work_desc":"CONSTRUCTION OF 4 STORY SINGLE FAMILY ATTACHED DWELLING UNIT WITH INTEGRAL GARAGE AS PART OF 8 UNIT CLUSTER."}},{"type":"Feature","geometry":{"type":"Point","coordinates":[-79.959017,40.47044]},"properties":{"permit_id":"BP-2024-08786","address":"233 43RD ST, Pittsburgh, PA 15201-","issue_date":"2024-10-03","completed_date":null,"status":"Issued","typology":"single_attached","units":1,"classification_confidence":"high","zon_new":"R1A-H","neighborhood":"Central Lawrenceville","days_to_issue":125,"days_elapsed_if_open":null,"censored":false,"same_parcel_n":19,"work_desc":"CONSTRUCTION OF 4 STORY SINGLE FAMILY ATTACHED DWELLING UNIT WITH INTEGRAL GARAGE AS PART OF 8 UNIT CLUSTER."}},{"type":"Feature","geometry":{"type":"Point","coordinates":[-79.959017,40.47044]},"properties":{"permit_id":"BP-2024-08787","address":"233 43RD ST, Pittsburgh, PA 15201-","issue_date":"2024-09-16","completed_date":null,"status":"Application Finalization","typology":"single_attached","units":1,"classification_confidence":"high","zon_new":"R1A-H","neighborhood":"Central Lawrenceville","days_to_issue":108,"days_elapsed_if_open":null,"censored":false,"same_parcel_n":19,"work_desc":"CONSTRUCTION OF 4 STORY SINGLE FAMILY ATTACHED DWELLING UNIT WITH INTEGRAL GARAGE AS PART OF 8 UNIT CLUSTER."}},{"type":"Feature","geometry":{"type":"Point","coordinates":[-79.959017,40.47044]},"properties":{"permit_id":"BP-2024-08788","address":"233 43RD ST, Pittsburgh, PA 15201-","issue_date":"2024-09-16","completed_date":null,"status":"Issued","typology":"single_attached","units":1,"classification_confidence":"high","zon_new":"R1A-H","neighborhood":"Central Lawrenceville","days_to_issue":108,"days_elapsed_if_open":null,"censored":false,"same_parcel_n":19,"work_desc":"CONSTRUCTION OF 4 STORY SINGLE FAMILY ATTACHED DWELLING UNIT WITH INTEGRAL GARAGE AS PART OF 8 UNIT CLUSTER."}},{"type":"Feature","geometry":{"type":"Point","coordinates":[-79.958381,40.470238]},"properties":{"permit_id":"BP-2024-08789","address":"254 44TH ST, Pittsburgh, PA 15201-","issue_date":"2024-11-01","completed_date":null,"status":"Issued","typology":"single_attached","units":1,"classification_confidence":"high","zon_new":"R1A-H","neighborhood":"Central Lawrenceville","days_to_issue":154,"days_elapsed_if_open":null,"censored":false,"same_parcel_n":1,"work_desc":"CONSTRUCTION OF 4 STORY SINGLE FAMILY ATTACHED DWELLING UNIT WITH INTEGRAL GARAGE AS PART OF 2 UNIT CLUSTER."}},{"type":"Feature","geometry":{"type":"Point","coordinates":[-79.958319,40.470192]},"properties":{"permit_id":"BP-2024-08790","address":"256 44TH ST, Pittsburgh, PA 15201-","issue_date":"2024-11-01","completed_date":null,"status":"Issued","typology":"single_attached","units":1,"classification_confidence":"high","zon_new":"R1A-H","neighborhood":"Central Lawrenceville","days_to_issue":154,"days_elapsed_if_open":null,"censored":false,"same_parcel_n":1,"work_desc":"CONSTRUCTION OF 4 STORY SINGLE FAMILY ATTACHED DWELLING UNIT WITH INTEGRAL GARAGE AS PART OF 2 UNIT CLUSTER."}},{"type":"Feature","geometry":{"type":"Point","coordinates":[-79.959017,40.47044]},"properties":{"permit_id":"BP-2024-08791","address":"233 43RD ST, Pittsburgh, PA 15201-","issue_date":"2024-09-05","completed_date":null,"status":"Completed","typology":"single_attached","units":1,"classification_confidence":"high","zon_new":"R1A-H","neighborhood":"Central Lawrenceville","days_to_issue":97,"days_elapsed_if_open":null,"censored":false,"same_parcel_n":19,"work_desc":"CONSTRUCTION OF 4 STORY SINGLE FAMILY ATTACHED DWELLING UNIT WITH INTEGRAL GARAGE AS PART OF 2 UNIT CLUSTER."}},{"type":"Feature","geometry":{"type":"Point","coordinates":[-79.959017,40.47044]},"properties":{"permit_id":"BP-2024-08792","address":"233 43RD ST, Pittsburgh, PA 15201-","issue_date":"2024-09-05","completed_date":null,"status":"Completed","typology":"single_attached","units":1,"classification_confidence":"high","zon_new":"R1A-H","neighborhood":"Central Lawrenceville","days_to_issue":97,"days_elapsed_if_open":null,"censored":false,"same_parcel_n":19,"work_desc":"CONSTRUCTION OF 4 STORY SINGLE FAMILY ATTACHED DWELLING UNIT WITH INTEGRAL GARAGE AS PART OF 2 UNIT CLUSTER."}},{"type":"Feature","geometry":{"type":"Point","coordinates":[-79.976702,40.455833]},"properties":{"permit_id":"BP-2024-09599","address":"319 27TH ST, Pittsburgh, PA 15222-","issue_date":"2024-11-19","completed_date":null,"status":"Issued","typology":"single_attached","units":1,"classification_confidence":"high","zon_new":"RIV-IMU","neighborhood":"Strip District","days_to_issue":155,"days_elapsed_if_open":null,"censored":false,"same_parcel_n":6,"work_desc":"CONSTRUCTION OF FOUR STORY TOWNHOUSE WITH INTEGRAL GARAGE"}},{"type":"Feature","geometry":{"type":"Point","coordinates":[-79.976702,40.455833]},"properties":{"permit_id":"BP-2024-09600","address":"319 27TH ST, Pittsburgh, PA 15222-","issue_date":"2024-11-19","completed_date":null,"status":"Issued","typology":"single_attached","units":1,"classification_confidence":"high","zon_new":"RIV-IMU","neighborhood":"Strip District","days_to_issue":155,"days_elapsed_if_open":null,"censored":false,"same_parcel_n":6,"work_desc":"CONSTRUCTION OF FOUR STORY TOWNHOUSE WITH INTEGRAL GARAGE"}},{"type":"Feature","geometry":{"type":"Point","coordinates":[-79.976702,40.455833]},"properties":{"permit_id":"BP-2024-09601","address":"319 27TH ST, Pittsburgh, PA 15222-","issue_date":"2024-11-21","completed_date":null,"status":"Issued","typology":"single_attached","units":1,"classification_confidence":"high","zon_new":"RIV-IMU","neighborhood":"Strip District","days_to_issue":157,"days_elapsed_if_open":null,"censored":false,"same_parcel_n":6,"work_desc":"CONSTRUCTION OF 4 STORY TOWNHOUSE WITH INTEGRAL GARAGE"}},{"type":"Feature","geometry":{"type":"Point","coordinates":[-79.89012,40.459208]},"properties":{"permit_id":"BP-2024-10699","address":"7419 HERMITAGE ST, Pittsburgh, PA 15208-","issue_date":"2024-12-13","completed_date":null,"status":"Issued","typology":"two_unit","units":2,"classification_confidence":"high","zon_new":"RM-M","neighborhood":"Homewood North","days_to_issue":140,"days_elapsed_if_open":null,"censored":false,"same_parcel_n":1,"work_desc":"CONSTRUCTION OF A THREE-STORY WOOD-FRAMED, TWO-FAMILY DWELLING WITH SECOND FLOOR FRONT PORCH AND REAR LANDING & STAIRS."}},{"type":"Feature","geometry":{"type":"Point","coordinates":[-79.890031,40.459188]},"properties":{"permit_id":"BP-2024-10700","address":"7423 HERMITAGE ST, Pittsburgh, PA 15208-","issue_date":"2024-12-13","completed_date":null,"status":"Issued","typology":"two_unit","units":2,"classification_confidence":"high","zon_new":"RM-M","neighborhood":"Homewood North","days_to_issue":140,"days_elapsed_if_open":null,"censored":false,"same_parcel_n":1,"work_desc":"CONSTRUCTION OF A THREE-STORY WOOD-FRAMED, TWO-FAMILY DWELLING WITH SECOND FLOOR FRONT PORCH AND REAR LANDING & STAIRS."}},{"type":"Feature","geometry":{"type":"Point","coordinates":[-79.889945,40.459169]},"properties":{"permit_id":"BP-2024-10701","address":"7427 HERMITAGE ST, Pittsburgh, PA 15208-","issue_date":"2024-12-13","completed_date":null,"status":"Issued","typology":"two_unit","units":2,"classification_confidence":"high","zon_new":"RM-M","neighborhood":"Homewood North","days_to_issue":140,"days_elapsed_if_open":null,"censored":false,"same_parcel_n":1,"work_desc":"CONSTRUCTION OF A THREE-STORY WOOD-FRAMED, TWO-FAMILY DWELLING WITH SECOND FLOOR FRONT PORCH AND REAR LANDING & STAIRS."}},{"type":"Feature","geometry":{"type":"Point","coordinates":[-79.970965,40.451935]},"properties":{"permit_id":"BP-2024-13989","address":"2702 Lucas CT, Pittsburgh, PA 15219-","issue_date":"2025-05-29","completed_date":null,"status":"Issued","typology":"multi_unit_4_19","units":9,"classification_confidence":"high","zon_new":"RM-M","neighborhood":"Bedford Dwellings","days_to_issue":188,"days_elapsed_if_open":null,"censored":false,"same_parcel_n":22,"work_desc":"CONSTRUCTION OF 3 STORY APARTMENT, BUILDING NUMBER A7 WITH 9 APARTMENTS (3) ONE BEDROOM AND (6) TWO BEDROOM UNITS"}},{"type":"Feature","geometry":{"type":"Point","coordinates":[-79.970965,40.451935]},"properties":{"permit_id":"BP-2024-13990","address":"2702 Lucas CT, Pittsburgh, PA 15219-","issue_date":"2025-05-29","completed_date":null,"status":"Issued","typology":"multi_unit_4_19","units":14,"classification_confidence":"high","zon_new":"RM-M","neighborhood":"Bedford Dwellings","days_to_issue":188,"days_elapsed_if_open":null,"censored":false,"same_parcel_n":22,"work_desc":"CONSTRUCTION OF 3 STORY APARTMENT BUILDING NUMBER A6 WITH 14 APARTMENTS (8) ONE BEDROOM AND (6) TWO BEDROOM UNITS"}},{"type":"Feature","geometry":{"type":"Point","coordinates":[-79.970965,40.451935]},"properties":{"permit_id":"BP-2024-13991","address":"2702 Lucas CT, Pittsburgh, PA 15219-","issue_date":"2025-05-29","completed_date":null,"status":"Issued","typology":"multi_unit_4_19","units":9,"classification_confidence":"high","zon_new":"RM-M","neighborhood":"Bedford Dwellings","days_to_issue":188,"days_elapsed_if_open":null,"censored":false,"same_parcel_n":22,"work_desc":"CONSTRUCTION OF 3 STORY APARTMENT BUILDING NUMBER A4 WITH 9 APARTMENTS (3) TWO BEDROOM AND (6) THREE BEDROOM UNITS"}},{"type":"Feature","geometry":{"type":"Point","coordinates":[-79.970965,40.451935]},"properties":{"permit_id":"BP-2024-13992","address":"2702 Lucas CT, Pittsburgh, PA 15219-","issue_date":"2025-05-29","completed_date":null,"status":"Issued","typology":"multi_unit_4_19","units":9,"classification_confidence":"high","zon_new":"RM-M","neighborhood":"Bedford Dwellings","days_to_issue":188,"days_elapsed_if_open":null,"censored":false,"same_parcel_n":22,"work_desc":"CONSTRUCTION OF 3 STORY APARTMENT BUILDING NO A3 WITH 9 APARTMENTS (3) TWO BEDROOM AND (6) THREE BEDROOM UNITS"}},{"type":"Feature","geometry":{"type":"Point","coordinates":[-79.970965,40.451935]},"properties":{"permit_id":"BP-2024-13993","address":"2702 Lucas CT, Pittsburgh, PA 15219-","issue_date":"2025-05-29","completed_date":null,"status":"Completed","typology":"single_attached","units":1,"classification_confidence":"high","zon_new":"RM-M","neighborhood":"Bedford Dwellings","days_to_issue":188,"days_elapsed_if_open":null,"censored":false,"same_parcel_n":22,"work_desc":"NEW THREE BEDROOM TWO STORY SINGLE FAMILY ATTACHED DWELLING, UNIT 100 IN BUILDING A1 (GROUP OF 4 TOWN HOMES)"}},{"type":"Feature","geometry":{"type":"Point","coordinates":[-79.970965,40.451935]},"properties":{"permit_id":"BP-2024-13994","address":"2702 Lucas CT, Pittsburgh, PA 15219-","issue_date":"2025-05-29","completed_date":null,"status":"Completed","typology":"single_attached","units":1,"classification_confidence":"high","zon_new":"RM-M","neighborhood":"Bedford Dwellings","days_to_issue":188,"days_elapsed_if_open":null,"censored":false,"same_parcel_n":22,"work_desc":"NEW THREE BEDROOM TWO STORY SINGLE FAMILY ATTACHED DWELLING, UNIT 101 IN BUILDING A1 (GROUP OF 4 TOWN HOMES)"}},{"type":"Feature","geometry":{"type":"Point","coordinates":[-79.970965,40.451935]},"properties":{"permit_id":"BP-2024-13995","address":"2702 Lucas CT, Pittsburgh, PA 15219-","issue_date":"2025-05-29","completed_date":null,"status":"Issued","typology":"single_attached","units":1,"classification_confidence":"high","zon_new":"RM-M","neighborhood":"Bedford Dwellings","days_to_issue":188,"days_elapsed_if_open":null,"censored":false,"same_parcel_n":22,"work_desc":"NEW THREE BEDROOM TWO STORY SINGLE FAMILY ATTACHED DWELLING, UNIT 102 IN BUILDING A1 (GROUP OF 4 TOWN HOMES)"}},{"type":"Feature","geometry":{"type":"Point","coordinates":[-79.970965,40.451935]},"properties":{"permit_id":"BP-2024-13996","address":"2702 Lucas CT, Pittsburgh, PA 15219-","issue_date":"2025-05-29","completed_date":null,"status":"Completed","typology":"single_attached","units":1,"classification_confidence":"high","zon_new":"RM-M","neighborhood":"Bedford Dwellings","days_to_issue":188,"days_elapsed_if_open":null,"censored":false,"same_parcel_n":22,"work_desc":"NEW THREE BEDROOM TWO STORY SINGLE FAMILY ATTACHED DWELLING, UNIT 103 IN BUILDING A1 (GROUP OF 4 TOWN HOMES)"}},{"type":"Feature","geometry":{"type":"Point","coordinates":[-79.970965,40.451935]},"properties":{"permit_id":"BP-2024-13997","address":"2702 Lucas CT, Pittsburgh, PA 15219-","issue_date":"2025-05-29","completed_date":null,"status":"Issued","typology":"single_attached","units":1,"classification_confidence":"high","zon_new":"RM-M","neighborhood":"Bedford Dwellings","days_to_issue":188,"days_elapsed_if_open":null,"censored":false,"same_parcel_n":22,"work_desc":"NEW FOUR BEDROOM THREE STORY SINGLE FAMILY ATTACHED DWELLING, UNIT 200 IN BUILDING A2 (GROUP OF 6 TOWN HOMES)"}},{"type":"Feature","geometry":{"type":"Point","coordinates":[-79.970965,40.451935]},"properties":{"permit_id":"BP-2024-13998","address":"2702 Lucas CT, Pittsburgh, PA 15219-","issue_date":"2025-05-29","completed_date":null,"status":"Issued","typology":"single_attached","units":1,"classification_confidence":"high","zon_new":"RM-M","neighborhood":"Bedford Dwellings","days_to_issue":188,"days_elapsed_if_open":null,"censored":false,"same_parcel_n":22,"work_desc":"NEW FOUR BEDROOM THREE STORY SINGLE FAMILY ATTACHED DWELLING, UNIT 201 IN BUILDING A2 (GROUP OF 6 TOWN HOMES)"}},{"type":"Feature","geometry":{"type":"Point","coordinates":[-79.970965,40.451935]},"properties":{"permit_id":"BP-2024-13999","address":"2702 Lucas CT, Pittsburgh, PA 15219-","issue_date":"2025-05-29","completed_date":null,"status":"Issued","typology":"single_attached","units":1,"classification_confidence":"high","zon_new":"RM-M","neighborhood":"Bedford Dwellings","days_to_issue":188,"days_elapsed_if_open":null,"censored":false,"same_parcel_n":22,"work_desc":"NEW THREE BEDROOM TWO STORY SINGLE FAMILY ATTACHED DWELLING, UNIT 202 IN BUILDING A2 (GROUP OF 6 TOWN HOMES)"}},{"type":"Feature","geometry":{"type":"Point","coordinates":[-79.970965,40.451935]},"properties":{"permit_id":"BP-2024-14000","address":"2702 Lucas CT, Pittsburgh, PA 15219-","issue_date":"2025-05-29","completed_date":null,"status":"Issued","typology":"single_attached","units":1,"classification_confidence":"high","zon_new":"RM-M","neighborhood":"Bedford Dwellings","days_to_issue":188,"days_elapsed_if_open":null,"censored":false,"same_parcel_n":22,"work_desc":"NEW THREE BEDROOM TWO STORY SINGLE FAMILY ATTACHED DWELLING, UNIT 203 IN BUILDING A2 (GROUP OF 6 TOWN HOMES)"}},{"type":"Feature","geometry":{"type":"Point","coordinates":[-79.970965,40.451935]},"properties":{"permit_id":"BP-2024-14001","address":"2702 Lucas CT, Pittsburgh, PA 15219-","issue_date":"2025-05-29","completed_date":null,"status":"Issued","typology":"single_attached","units":1,"classification_confidence":"high","zon_new":"RM-M","neighborhood":"Bedford Dwellings","days_to_issue":188,"days_elapsed_if_open":null,"censored":false,"same_parcel_n":22,"work_desc":"NEW THREE BEDROOM TWO STORY SINGLE FAMILY ATTACHED DWELLING, UNIT 204 IN BUILDING A2 (GROUP OF 6 TOWN HOMES)"}},{"type":"Feature","geometry":{"type":"Point","coordinates":[-79.970965,40.451935]},"properties":{"permit_id":"BP-2024-14002","address":"2702 Lucas CT, Pittsburgh, PA 15219-","issue_date":"2025-05-29","completed_date":null,"status":"Issued","typology":"single_attached","units":1,"classification_confidence":"high","zon_new":"RM-M","neighborhood":"Bedford Dwellings","days_to_issue":188,"days_elapsed_if_open":null,"censored":false,"same_parcel_n":22,"work_desc":"NEW THREE BEDROOM TWO STORY SINGLE FAMILY ATTACHED DWELLING, UNIT 205 IN BUILDING A2 (GROUP OF 6 TOWN HOMES)"}},{"type":"Feature","geometry":{"type":"Point","coordinates":[-79.970965,40.451935]},"properties":{"permit_id":"BP-2024-14003","address":"2702 Lucas CT, Pittsburgh, PA 15219-","issue_date":"2025-05-29","completed_date":null,"status":"Issued","typology":"single_attached","units":1,"classification_confidence":"high","zon_new":"RM-M","neighborhood":"Bedford Dwellings","days_to_issue":188,"days_elapsed_if_open":null,"censored":false,"same_parcel_n":22,"work_desc":"NEW THREE BEDROOM TWO STORY SINGLE FAMILY ATTACHED DWELLING, UNIT 500 IN BUILDING A5 (GROUP OF 6 TOWN HOMES)"}},{"type":"Feature","geometry":{"type":"Point","coordinates":[-79.970965,40.451935]},"properties":{"permit_id":"BP-2024-14004","address":"2702 Lucas CT, Pittsburgh, PA 15219-","issue_date":"2025-05-29","completed_date":null,"status":"Issued","typology":"single_attached","units":1,"classification_confidence":"high","zon_new":"RM-M","neighborhood":"Bedford Dwellings","days_to_issue":188,"days_elapsed_if_open":null,"censored":false,"same_parcel_n":22,"work_desc":"NEW THREE BEDROOM TWO STORY SINGLE FAMILY ATTACHED DWELLING, UNIT 501 IN BUILDING A5 (GROUP OF 6 TOWN HOMES)"}},{"type":"Feature","geometry":{"type":"Point","coordinates":[-79.970965,40.451935]},"properties":{"permit_id":"BP-2024-14005","address":"2702 Lucas CT, Pittsburgh, PA 15219-","issue_date":"2025-05-29","completed_date":null,"status":"Issued","typology":"single_attached","units":1,"classification_confidence":"high","zon_new":"RM-M","neighborhood":"Bedford Dwellings","days_to_issue":188,"days_elapsed_if_open":null,"censored":false,"same_parcel_n":22,"work_desc":"NEW THREE BEDROOM TWO STORY SINGLE FAMILY ATTACHED DWELLING, UNIT 502 IN BUILDING A5 (GROUP OF 6 TOWN HOMES)"}},{"type":"Feature","geometry":{"type":"Point","coordinates":[-79.970965,40.451935]},"properties":{"permit_id":"BP-2024-14006","address":"2702 Lucas CT, Pittsburgh, PA 15219-","issue_date":"2025-05-29","completed_date":null,"status":"Issued","typology":"single_attached","units":1,"classification_confidence":"high","zon_new":"RM-M","neighborhood":"Bedford Dwellings","days_to_issue":188,"days_elapsed_if_open":null,"censored":false,"same_parcel_n":22,"work_desc":"NEW THREE BEDROOM TWO STORY SINGLE FAMILY ATTACHED DWELLING, UNIT 503 IN BUILDING A5 (GROUP OF 6 TOWN HOMES)"}},{"type":"Feature","geometry":{"type":"Point","coordinates":[-79.970965,40.451935]},"properties":{"permit_id":"BP-2024-14007","address":"2702 Lucas CT, Pittsburgh, PA 15219-","issue_date":"2025-05-29","completed_date":null,"status":"Issued","typology":"single_attached","units":1,"classification_confidence":"high","zon_new":"RM-M","neighborhood":"Bedford Dwellings","days_to_issue":188,"days_elapsed_if_open":null,"censored":false,"same_parcel_n":22,"work_desc":"NEW THREE BEDROOM TWO STORY SINGLE FAMILY ATTACHED DWELLING, UNIT 504 IN BUILDING A5 (GROUP OF 6 TOWN HOMES)"}},{"type":"Feature","geometry":{"type":"Point","coordinates":[-79.970965,40.451935]},"properties":{"permit_id":"BP-2024-14008","address":"2702 Lucas CT, Pittsburgh, PA 15219-","issue_date":"2025-05-29","completed_date":null,"status":"Issued","typology":"single_attached","units":1,"classification_confidence":"high","zon_new":"RM-M","neighborhood":"Bedford Dwellings","days_to_issue":188,"days_elapsed_if_open":null,"censored":false,"same_parcel_n":22,"work_desc":"NEW THREE BEDROOM TWO STORY SINGLE FAMILY ATTACHED DWELLING, UNIT 505 IN BUILDING A5 (GROUP OF 6 TOWN HOMES)"}},{"type":"Feature","geometry":{"type":"Point","coordinates":[-79.970965,40.451935]},"properties":{"permit_id":"BP-2025-00108","address":"2702 Lucas CT, Pittsburgh, PA 15219-","issue_date":"2025-05-29","completed_date":null,"status":"Issued","typology":"multi_unit_4_19","units":13,"classification_confidence":"high","zon_new":"RM-M","neighborhood":"Bedford Dwellings","days_to_issue":142,"days_elapsed_if_open":null,"censored":false,"same_parcel_n":22,"work_desc":"CONSTRUCTION OF 3 STORY APARTMENT BUILDING NUMBER A8 WITH 13 APARTMENTS (7) ONE BEDROOM AND (6) TWO BEDROOM UNITS"}},{"type":"Feature","geometry":{"type":"Point","coordinates":[-79.907977,40.46135]},"properties":{"permit_id":"BP-2025-04951","address":"554 LINCOLN AVE, Pittsburgh, PA 15206-","issue_date":"2025-08-26","completed_date":null,"status":"Issued","typology":"single_attached","units":1,"classification_confidence":"high","zon_new":"R1D-M","neighborhood":"Larimer","days_to_issue":21,"days_elapsed_if_open":null,"censored":false,"same_parcel_n":1,"work_desc":"CONSTRUCITON OF SINGLE FAMILY ATTACHED DWELLING"}},{"type":"Feature","geometry":{"type":"Point","coordinates":[-79.976344,40.44952]},"properties":{"permit_id":"BP-2025-07214","address":"2281 BEDFORD AVE #104, Pittsburgh, PA 15219-","issue_date":"2026-09-14","completed_date":null,"status":"Issued","typology":"multi_unit_4_19","units":10,"classification_confidence":"high","zon_new":"RM-M","neighborhood":"Bedford Dwellings","days_to_issue":326,"days_elapsed_if_open":null,"censored":false,"same_parcel_n":10,"work_desc":"IN PHASE III OF BEDFORD DWELLING, NEW 3 STORY BUILDING WITH 1 AND 2 BEDROOM APARTMENTS (10 UNITS TOTAL ) 1 TYPE A AND 5 TYPE B UNIT ON FIRST FLOOR"}},{"type":"Feature","geometry":{"type":"Point","coordinates":[-79.976344,40.44952]},"properties":{"permit_id":"BP-2025-07215","address":"2281 BEDFORD AVE #104, Pittsburgh, PA 15219-","issue_date":"2026-09-14","completed_date":null,"status":"Issued","typology":"multi_unit_4_19","units":9,"classification_confidence":"high","zon_new":"RM-M","neighborhood":"Bedford Dwellings","days_to_issue":326,"days_elapsed_if_open":null,"censored":false,"same_parcel_n":10,"work_desc":"NEW 3 STORY BUILDING WITH 2 AND 3 BEDROOM UNITS (TOTAL 9) APARTMENTS (1 TYPE A AND 2 TYPE B)"}},{"type":"Feature","geometry":{"type":"Point","coordinates":[-79.976781,40.45017]},"properties":{"permit_id":"BP-2025-07216","address":"2257 SOMERS DR, Pittsburgh, PA 15219-","issue_date":"2026-09-14","completed_date":null,"status":"Issued","typology":"multi_unit_4_19","units":9,"classification_confidence":"high","zon_new":"RM-M","neighborhood":"Bedford Dwellings","days_to_issue":326,"days_elapsed_if_open":null,"censored":false,"same_parcel_n":3,"work_desc":"NEW 3 STORY BUILDING E1 WITH 2 AND 3 BEDROOM UNITS (TOTAL 9) APARTMENTS (2 TYPE A AND 1 TYPE B)"}},{"type":"Feature","geometry":{"type":"Point","coordinates":[-79.976781,40.45017]},"properties":{"permit_id":"BP-2025-07217","address":"2257 SOMERS DR, Pittsburgh, PA 15219-","issue_date":"2026-09-14","completed_date":null,"status":"Issued","typology":"multi_unit_4_19","units":9,"classification_confidence":"high","zon_new":"RM-M","neighborhood":"Bedford Dwellings","days_to_issue":326,"days_elapsed_if_open":null,"censored":false,"same_parcel_n":3,"work_desc":"NEW 3 STORY BUILDING E2 WITH 2 AND 3 BEDROOM UNITS (TOTAL 9) APARTMENTS (2 TYPE A AND 1 TYPE B)"}},{"type":"Feature","geometry":{"type":"Point","coordinates":[-79.976781,40.45017]},"properties":{"permit_id":"BP-2025-07218","address":"2257 SOMERS DR, Pittsburgh, PA 15219-","issue_date":"2026-09-14","completed_date":null,"status":"Issued","typology":"multi_unit_4_19","units":9,"classification_confidence":"high","zon_new":"RM-M","neighborhood":"Bedford Dwellings","days_to_issue":326,"days_elapsed_if_open":null,"censored":false,"same_parcel_n":3,"work_desc":"CONSTRUCTION OF 3 STORY BUILDING E3 WITH 2 AND 3 BEDROOM UNITS (TOTAL 9) APARTMENTS (3 TYPE B)"}},{"type":"Feature","geometry":{"type":"Point","coordinates":[-79.976344,40.44952]},"properties":{"permit_id":"BP-2025-07219","address":"2281 BEDFORD AVE #104, Pittsburgh, PA 15219-","issue_date":"2026-09-14","completed_date":null,"status":"Issued","typology":"single_attached","units":1,"classification_confidence":"high","zon_new":"RM-M","neighborhood":"Bedford Dwellings","days_to_issue":326,"days_elapsed_if_open":null,"censored":false,"same_parcel_n":10,"work_desc":"NEW THREE STORY, THREE BEDROOM SINGLE FAMILY ATTACHED DWELLING, UNIT 100 IN BUILDING A (GROUP OF 7 TOWN HOMES)"}},{"type":"Feature","geometry":{"type":"Point","coordinates":[-79.976344,40.44952]},"properties":{"permit_id":"BP-2025-07220","address":"2281 BEDFORD AVE #104, Pittsburgh, PA 15219-","issue_date":"2026-09-14","completed_date":null,"status":"Issued","typology":"single_attached","units":1,"classification_confidence":"high","zon_new":"RM-M","neighborhood":"Bedford Dwellings","days_to_issue":326,"days_elapsed_if_open":null,"censored":false,"same_parcel_n":10,"work_desc":"NEW THREE STORY, THREE BEDROOM SINGLE FAMILY ATTACHED DWELLING, UNIT 101 IN BUILDING A (GROUP OF 7 TOWN HOMES)"}},{"type":"Feature","geometry":{"type":"Point","coordinates":[-79.976344,40.44952]},"properties":{"permit_id":"BP-2025-07221","address":"2281 BEDFORD AVE #104, Pittsburgh, PA 15219-","issue_date":"2026-09-14","completed_date":null,"status":"Issued","typology":"single_attached","units":1,"classification_confidence":"high","zon_new":"RM-M","neighborhood":"Bedford Dwellings","days_to_issue":326,"days_elapsed_if_open":null,"censored":false,"same_parcel_n":10,"work_desc":"NEW THREE STORY, THREE BEDROOM SINGLE FAMILY ATTACHED DWELLING, UNIT 102 IN BUILDING A (GROUP OF 7 TOWN HOMES)"}},{"type":"Feature","geometry":{"type":"Point","coordinates":[-79.976344,40.44952]},"properties":{"permit_id":"BP-2025-07222","address":"2281 BEDFORD AVE #104, Pittsburgh, PA 15219-","issue_date":"2026-09-14","completed_date":null,"status":"Issued","typology":"single_attached","units":1,"classification_confidence":"high","zon_new":"RM-M","neighborhood":"Bedford Dwellings","days_to_issue":326,"days_elapsed_if_open":null,"censored":false,"same_parcel_n":10,"work_desc":"NEW THREE STORY, THREE BEDROOM SINGLE FAMILY ATTACHED DWELLING, UNIT 103 IN BUILDING A (GROUP OF 7 TOWN HOMES)"}},{"type":"Feature","geometry":{"type":"Point","coordinates":[-79.976344,40.44952]},"properties":{"permit_id":"BP-2025-07223","address":"2281 BEDFORD AVE #104, Pittsburgh, PA 15219-","issue_date":"2026-09-14","completed_date":null,"status":"Issued","typology":"single_attached","units":1,"classification_confidence":"high","zon_new":"RM-M","neighborhood":"Bedford Dwellings","days_to_issue":326,"days_elapsed_if_open":null,"censored":false,"same_parcel_n":10,"work_desc":"NEW THREE STORY, THREE BEDROOM SINGLE FAMILY ATTACHED DWELLING, UNIT 104 IN BUILDING A (GROUP OF 7 TOWN HOMES)"}},{"type":"Feature","geometry":{"type":"Point","coordinates":[-79.976344,40.44952]},"properties":{"permit_id":"BP-2025-07224","address":"2281 BEDFORD AVE #104, Pittsburgh, PA 15219-","issue_date":"2026-09-14","completed_date":null,"status":"Issued","typology":"single_attached","units":1,"classification_confidence":"high","zon_new":"RM-M","neighborhood":"Bedford Dwellings","days_to_issue":326,"days_elapsed_if_open":null,"censored":false,"same_parcel_n":10,"work_desc":"NEW THREE STORY, THREE BEDROOM SINGLE FAMILY ATTACHED DWELLING, UNIT 105 IN BUILDING A (GROUP OF 7 TOWN HOMES)"}},{"type":"Feature","geometry":{"type":"Point","coordinates":[-79.976344,40.44952]},"properties":{"permit_id":"BP-2025-07225","address":"2281 BEDFORD AVE #104, Pittsburgh, PA 15219-","issue_date":"2026-09-14","completed_date":null,"status":"Issued","typology":"single_attached","units":1,"classification_confidence":"high","zon_new":"RM-M","neighborhood":"Bedford Dwellings","days_to_issue":326,"days_elapsed_if_open":null,"censored":false,"same_parcel_n":10,"work_desc":"NEW THREE STORY, THREE BEDROOM SINGLE FAMILY ATTACHED DWELLING, UNIT 106 IN BUILDING A (GROUP OF 7 TOWN HOMES)"}},{"type":"Feature","geometry":{"type":"Point","coordinates":[-79.920049,40.456783]},"properties":{"permit_id":"BP-2025-09222","address":"6348 KAUFMAN Way, Pittsburgh, PA 15206-","issue_date":"2026-01-27","completed_date":null,"status":"Issued","typology":"single_attached","units":1,"classification_confidence":"high","zon_new":"R2-M","neighborhood":"Shadyside","days_to_issue":20,"days_elapsed_if_open":null,"censored":false,"same_parcel_n":4,"work_desc":"NEW CONSTRUCTION OF 3-STORY TOWNHOME WITH INTEGRAL GARAGE AND DECKS"}},{"type":"Feature","geometry":{"type":"Point","coordinates":[-79.920049,40.456783]},"properties":{"permit_id":"BP-2025-09223","address":"6348 KAUFMAN Way, Pittsburgh, PA 15206-","issue_date":"2026-01-27","completed_date":null,"status":"Issued","typology":"single_attached","units":1,"classification_confidence":"high","zon_new":"R2-M","neighborhood":"Shadyside","days_to_issue":20,"days_elapsed_if_open":null,"censored":false,"same_parcel_n":4,"work_desc":"NEW CONSTRUCTION OF 3-STORY TOWNHOME WITH INTEGRAL GARAGE AND DECKS"}},{"type":"Feature","geometry":{"type":"Point","coordinates":[-79.920049,40.456783]},"properties":{"permit_id":"BP-2025-09224","address":"6348 KAUFMAN Way, Pittsburgh, PA 15206-","issue_date":"2026-01-27","completed_date":null,"status":"Issued","typology":"single_attached","units":1,"classification_confidence":"high","zon_new":"R2-M","neighborhood":"Shadyside","days_to_issue":20,"days_elapsed_if_open":null,"censored":false,"same_parcel_n":4,"work_desc":"NEW CONSTRUCTION OF 3-STORY TOWNHOME WITH INTEGRAL GARAGE AND DECKS"}},{"type":"Feature","geometry":{"type":"Point","coordinates":[-79.923235,40.455111]},"properties":{"permit_id":"BP-2026-00483","address":"6229 SELLERS ST, Pittsburgh, PA 15206-","issue_date":"2026-04-06","completed_date":null,"status":"Issued","typology":"single_attached","units":1,"classification_confidence":"high","zon_new":"RM-M","neighborhood":"Shadyside","days_to_issue":74,"days_elapsed_if_open":null,"censored":false,"same_parcel_n":13,"work_desc":"NEW TOWNHOUSE INCLUDING FOUNDATION, WALLS, DOORS, AND FINSIHES."}},{"type":"Feature","geometry":{"type":"Point","coordinates":[-79.923235,40.455111]},"properties":{"permit_id":"BP-2026-00484","address":"6229 SELLERS ST, Pittsburgh, PA 15206-","issue_date":"2026-04-06","completed_date":null,"status":"Issued","typology":"single_attached","units":1,"classification_confidence":"high","zon_new":"RM-M","neighborhood":"Shadyside","days_to_issue":74,"days_elapsed_if_open":null,"censored":false,"same_parcel_n":13,"work_desc":"NEW TOWNHOUSE INCLUDING FOUNDATION, WALLS, DOORS, AND FINSIHES."}},{"type":"Feature","geometry":{"type":"Point","coordinates":[-79.923235,40.455111]},"properties":{"permit_id":"BP-2026-00485","address":"6229 SELLERS ST, Pittsburgh, PA 15206-","issue_date":"2026-04-06","completed_date":null,"status":"Issued","typology":"single_attached","units":1,"classification_confidence":"high","zon_new":"RM-M","neighborhood":"Shadyside","days_to_issue":74,"days_elapsed_if_open":null,"censored":false,"same_parcel_n":13,"work_desc":"NEW TOWNHOUSE INCLUDING FOUNDATION, WALLS, DOORS, AND FINSIHES."}},{"type":"Feature","geometry":{"type":"Point","coordinates":[-79.923235,40.455111]},"properties":{"permit_id":"BP-2026-00486","address":"6229 SELLERS ST, Pittsburgh, PA 15206-","issue_date":"2026-04-06","completed_date":null,"status":"Issued","typology":"single_attached","units":1,"classification_confidence":"high","zon_new":"RM-M","neighborhood":"Shadyside","days_to_issue":74,"days_elapsed_if_open":null,"censored":false,"same_parcel_n":13,"work_desc":"NEW TOWNHOUSE INCLUDING FOUNDATION, WALLS, DOORS, AND FINSIHES."}},{"type":"Feature","geometry":{"type":"Point","coordinates":[-79.923235,40.455111]},"properties":{"permit_id":"BP-2026-00487","address":"6229 SELLERS ST, Pittsburgh, PA 15206-","issue_date":"2026-04-06","completed_date":null,"status":"Issued","typology":"single_attached","units":1,"classification_confidence":"high","zon_new":"RM-M","neighborhood":"Shadyside","days_to_issue":74,"days_elapsed_if_open":null,"censored":false,"same_parcel_n":13,"work_desc":"NEW TOWNHOUSE INCLUDING FOUNDATION, WALLS, DOORS, AND FINSIHES."}},{"type":"Feature","geometry":{"type":"Point","coordinates":[-79.923235,40.455111]},"properties":{"permit_id":"BP-2026-00488","address":"6229 SELLERS ST, Pittsburgh, PA 15206-","issue_date":"2026-04-06","completed_date":null,"status":"Issued","typology":"single_attached","units":1,"classification_confidence":"high","zon_new":"RM-M","neighborhood":"Shadyside","days_to_issue":74,"days_elapsed_if_open":null,"censored":false,"same_parcel_n":13,"work_desc":"NEW TOWNHOUSE INCLUDING FOUNDATION, WALLS, DOORS, AND FINSIHES."}},{"type":"Feature","geometry":{"type":"Point","coordinates":[-79.923235,40.455111]},"properties":{"permit_id":"BP-2026-00489","address":"6229 SELLERS ST, Pittsburgh, PA 15206-","issue_date":"2026-04-06","completed_date":null,"status":"Issued","typology":"single_attached","units":1,"classification_confidence":"high","zon_new":"RM-M","neighborhood":"Shadyside","days_to_issue":74,"days_elapsed_if_open":null,"censored":false,"same_parcel_n":13,"work_desc":"NEW TOWNHOUSE INCLUDING FOUNDATION, WALLS, DOORS, AND FINSIHES."}},{"type":"Feature","geometry":{"type":"Point","coordinates":[-79.923235,40.455111]},"properties":{"permit_id":"BP-2026-00490","address":"6229 SELLERS ST, Pittsburgh, PA 15206-","issue_date":"2026-04-06","completed_date":null,"status":"Issued","typology":"single_attached","units":1,"classification_confidence":"high","zon_new":"RM-M","neighborhood":"Shadyside","days_to_issue":74,"days_elapsed_if_open":null,"censored":false,"same_parcel_n":13,"work_desc":"NEW TOWNHOUSE INCLUDING FOUNDATION, WALLS, DOORS, AND FINSIHES."}},{"type":"Feature","geometry":{"type":"Point","coordinates":[-79.923235,40.455111]},"properties":{"permit_id":"BP-2026-00491","address":"6229 SELLERS ST, Pittsburgh, PA 15206-","issue_date":"2026-04-06","completed_date":null,"status":"Issued","typology":"single_attached","units":1,"classification_confidence":"high","zon_new":"RM-M","neighborhood":"Shadyside","days_to_issue":74,"days_elapsed_if_open":null,"censored":false,"same_parcel_n":13,"work_desc":"NEW TOWNHOUSE INCLUDING FOUNDATION, WALLS, DOORS, AND FINSIHES."}},{"type":"Feature","geometry":{"type":"Point","coordinates":[-79.923235,40.455111]},"properties":{"permit_id":"BP-2026-00492","address":"6229 SELLERS ST, Pittsburgh, PA 15206-","issue_date":"2026-04-06","completed_date":null,"status":"Issued","typology":"single_attached","units":1,"classification_confidence":"high","zon_new":"RM-M","neighborhood":"Shadyside","days_to_issue":74,"days_elapsed_if_open":null,"censored":false,"same_parcel_n":13,"work_desc":"NEW TOWNHOUSE INCLUDING FOUNDATION, WALLS, DOORS, AND FINSIHES."}},{"type":"Feature","geometry":{"type":"Point","coordinates":[-79.923235,40.455111]},"properties":{"permit_id":"BP-2026-00493","address":"6229 SELLERS ST, Pittsburgh, PA 15206-","issue_date":"2026-04-06","completed_date":null,"status":"Issued","typology":"single_attached","units":1,"classification_confidence":"high","zon_new":"RM-M","neighborhood":"Shadyside","days_to_issue":74,"days_elapsed_if_open":null,"censored":false,"same_parcel_n":13,"work_desc":"NEW TOWNHOUSE INCLUDING FOUNDATION, WALLS, DOORS, AND FINSIHES."}},{"type":"Feature","geometry":{"type":"Point","coordinates":[-79.923235,40.455111]},"properties":{"permit_id":"BP-2026-00494","address":"6229 SELLERS ST, Pittsburgh, PA 15206-","issue_date":"2026-04-06","completed_date":null,"status":"Issued","typology":"single_attached","units":1,"classification_confidence":"high","zon_new":"RM-M","neighborhood":"Shadyside","days_to_issue":74,"days_elapsed_if_open":null,"censored":false,"same_parcel_n":13,"work_desc":"NEW TOWNHOUSE INCLUDING FOUNDATION, WALLS, DOORS, AND FINSIHES."}},{"type":"Feature","geometry":{"type":"Point","coordinates":[-79.891364,40.451583]},"properties":{"permit_id":"BP-2026-02194","address":"7610 TIOGA ST, Pittsburgh, PA 15208-","issue_date":"2026-06-04","completed_date":null,"status":"Issued","typology":"single_detached","units":1,"classification_confidence":"med","zon_new":"UI","neighborhood":"Homewood South","days_to_issue":65,"days_elapsed_if_open":null,"censored":false,"same_parcel_n":1,"work_desc":"NEW CONSTRUCTION OF A DETACHED DWELLING, SITE WORK, SLAB ON GRADE, AND PARKING PAD"}},{"type":"Feature","geometry":{"type":"Point","coordinates":[-79.891238,40.451524]},"properties":{"permit_id":"BP-2026-02195","address":"7614 TIOGA ST, Pittsburgh, PA 15208-","issue_date":"2026-06-04","completed_date":null,"status":"Issued","typology":"single_detached","units":1,"classification_confidence":"med","zon_new":"UI","neighborhood":"Homewood South","days_to_issue":65,"days_elapsed_if_open":null,"censored":false,"same_parcel_n":1,"work_desc":"NEW CONSTRUCTION OF A DETACHED DWELLING, SITE WORK, SLAB ON GRADE, AND PARKING PAD"}}],"metadata":{"source":"research/datasets/legal-feasibility/permits-new-residential.geojson (pulled 2026-09-26)","builtAt":"2026-09-26T19:15:48.177Z"}}