name,address,lat,lon,tier,snap_store_type,achd_category,snap_authorized,sources
DOLLARTREE 11649,"412 Broadway St, Coraopolis 15108",40.516827,-80.161499,other_food_retail,Other,Chain Packaged Food Only,True,USDA_SNAP+ACHD
Yard & Abroad 4124789059,"1566 Park Ave, Pittsburgh 15221",40.44585,-79.871269,full_grocery,Grocery Store,Retail/Convenience Store,True,USDA_SNAP+ACHD
A And S Market And Deli,"3417 Main St, Homestead 15120",40.385891,-79.90271,convenience_limited,Convenience Store,Retail/Convenience Store,True,USDA_SNAP+ACHD
Marwa Halal Market And Bakery,"3538 Saw Mill Run Blvd, Brentwood 15227",40.372276,-79.982224,full_grocery,Grocery Store,,True,USDA_SNAP
Costco Wholesale 0332,"202 Costco Dr, Pittsburgh 15205",40.459522,-80.16523,full_grocery,Super Store,Packaged Food Only,True,USDA_SNAP+ACHD
Sana Enterprise Oil Inc,"1498 Center Ave, Pittsburgh 15229",40.515266,-80.045097,other_food_retail,Convenience Store,Packaged Food Only,True,USDA_SNAP+ACHD
Eden's Market,"99 Alfred St, Pittsburgh 15228",40.380722,-80.044167,full_grocery,Grocery Store,Retail/Convenience Store,True,USDA_SNAP+ACHD
G&m United Llc,"3100 Brownlee Ave, McKeesport 15132",40.348686,-79.84079,other_food_retail,Convenience Store,Packaged Food Only,True,USDA_SNAP+ACHD
Alstan Mini Mart No,"2526 Monroeville Blvd, Monroeville 15146",40.426559,-79.788078,other_food_retail,Convenience Store,Retail/Convenience Store,True,USDA_SNAP+ACHD
Garfield Community Farm Farmer's Market,"509 Wicklow St, Pittsburgh 15224",40.468887,-79.935013,farmers_market,Farmers and Markets,,True,USDA_SNAP
Millvale Tobacco Outlet,"225 North Ave, Millvale 15209",40.481602,-79.974564,other_food_retail,Convenience Store,Retail/Convenience Store,True,USDA_SNAP+ACHD
JOHN & GERRY'S FRUIT MKT,"2850 Freeport Rd, Springdale 15144",40.55418,-79.770889,other_food_retail,Other,,True,USDA_SNAP
Pittsburgh Commissary 2309,"79 Soldiers Ln, Coraopolis 15108",40.501141,-80.217148,full_grocery,Supermarket,,True,USDA_SNAP
APlus 40225,"300 Grant Ave, Millvale 15209",40.47961,-79.972122,convenience_limited,Convenience Store,Chain Retail/Convenience Store,True,USDA_SNAP+ACHD
Sheetz 115,"8500 Perry Hwy, Pittsburgh 15237",40.560596,-80.038971,convenience_limited,Convenience Store,Chain Retail/Convenience Store,True,USDA_SNAP+ACHD
PITALAND INC.,"620 Brookline Blvd, Pittsburgh 15226",40.395084,-80.021919,full_grocery,Grocery Store,Seasonal/Farmers Market,True,USDA_SNAP+ACHD
A & M MARKET,"320 Coal St, Pittsburgh 15221",40.435783,-79.88279,convenience_limited,Convenience Store,Retail/Convenience Store,True,USDA_SNAP+ACHD
SHALER SHOP N SAVE,"1620 Babcock Blvd, Pittsburgh 15209",40.498802,-79.979286,full_grocery,Super Store,Chain Supermarket,True,USDA_SNAP+ACHD
OU'S INTERNATIONAL COMPANY,"705 Penn Ave, Wilkinsburg 15221",40.443775,-79.884293,full_grocery,Grocery Store,Chain Packaged Food Only,True,USDA_SNAP+ACHD
DOLLAR GENERAL 7214,"1515 Washington Blvd, McKeesport 15133",40.333874,-79.880249,other_food_retail,Other,Chain Packaged Food Only,True,USDA_SNAP+ACHD
CVS Pharmacy 4070,"10600 Frankstown Rd, Pittsburgh 15235",40.460537,-79.842117,other_food_retail,Other,Chain Packaged Food Only,True,USDA_SNAP+ACHD
Giant Eagle 52,"132 Ben Avon Heights Rd, Pittsburgh 15237",40.522621,-80.068924,full_grocery,Super Store,,True,USDA_SNAP
CVS Pharmacy 4144,"3075 W Liberty Ave, Pittsburgh 15216",40.391556,-80.038597,other_food_retail,Other,Chain Retail/Convenience Store,True,USDA_SNAP+ACHD
Walmart 2603,"300 Walmart Dr, Gibsonia 15044",40.623096,-79.946533,full_grocery,Super Store,Chain Retail/Convenience Store,True,USDA_SNAP+ACHD
Sheetz 824,"950 Presque Isle Drive, Pittsburgh 15239",40.463268,-79.705963,convenience_limited,Convenience Store,Chain Retail/Convenience Store,True,USDA_SNAP+ACHD
Giant Eagle 65,"4110 Brighton Rd, Pittsburgh 15212",40.489182,-80.044174,full_grocery,Super Store,Chain Supermarket,True,USDA_SNAP+ACHD
Sheetz 123,"5300 Route 8, Gibsonia 15044",40.614388,-79.947159,convenience_limited,Convenience Store,Chain Retail/Convenience Store,True,USDA_SNAP+ACHD
DOLLAR GENERAL 9002,"28 Monongahela Ave, Glassport 15045",40.334904,-79.891243,other_food_retail,Other,Chain Packaged Food Only,True,USDA_SNAP+ACHD
Giant Eagle 25,"1029 W View Park Dr, Pittsburgh 15229",40.516693,-80.039078,full_grocery,Super Store,Chain Supermarket,True,USDA_SNAP+ACHD
DOLLAR GENERAL 7673,"1811 Main St, Sharpsburg 15215",40.494343,-79.921242,other_food_retail,Other,Chain Packaged Food Only,True,USDA_SNAP+ACHD
GIANT EAGLE 38,"1901 Murray Ave, Pittsburgh 15217",40.435654,-79.922806,full_grocery,Super Store,Chain Packaged Food Only,True,USDA_SNAP+ACHD
Sham Stop & Shop Halal Market,"3033 Banksville Rd, Pittsburgh 15216",40.4011,-80.042442,full_grocery,Grocery Store,Supermarket,True,USDA_SNAP+ACHD
SUPER ONE,"2601 S Braddock Ave, Pittsburgh 15218",40.415695,-79.876701,convenience_limited,Convenience Store,Retail/Convenience Store,True,USDA_SNAP+ACHD
CVS Pharmacy 4008,"242 5th Ave, Pittsburgh 15222",40.440914,-80.000961,other_food_retail,Other,Chain Packaged Food Only,True,USDA_SNAP+ACHD
DAILY MART,"1125 Arlington Ave, Pittsburgh 15203",40.422237,-79.991722,convenience_limited,Convenience Store,Retail/Convenience Store,True,USDA_SNAP+ACHD
Sheetz 189,"1505 Pittsburgh St, Cheswick 15024",40.542034,-79.79879,convenience_limited,Convenience Store,Chain Retail/Convenience Store,True,USDA_SNAP+ACHD
RUSSELLTON SHOP N SAVE,"908 LITTLE DEER CREEK VALLEY, RUSSELLTON 15076",40.607555,-79.833443,full_grocery,Super Store,,True,USDA_SNAP
ROBERT WHOLEY CO. INC.,"1711 Penn Ave, Pittsburgh 15222",40.449944,-79.985756,full_grocery,Super Store,Supermarket,True,USDA_SNAP+ACHD
HOLIDAY PARK SHOP N SAVE,"2362 Golden Mile Hwy, Pittsburgh 15239",40.462288,-79.704643,full_grocery,Super Store,Chain Supermarket,True,USDA_SNAP+ACHD
DOLLAR GENERAL 3388,"470 Penn Lincoln Dr, Imperial 15126",40.442856,-80.235916,other_food_retail,Other,Chain Packaged Food Only,True,USDA_SNAP+ACHD
DOLLAR GENERAL 8554,"716 Clairton Blvd, Pittsburgh 15236",40.32679,-79.945686,other_food_retail,Other,Chain Packaged Food Only,True,USDA_SNAP+ACHD
Sheetz 360,"3954 William Penn Hwy, Monroeville 15146",40.438126,-79.774239,convenience_limited,Convenience Store,Chain Retail/Convenience Store,True,USDA_SNAP+ACHD
Giant Eagle 37,"18 Quaker Village Shopping Ctr, Leetsdale 15056",40.558182,-80.204231,full_grocery,Super Store,,True,USDA_SNAP
LEONARD LABRIOLA FOODS,"605 Freeport Rd, Sharpsburg 15215",40.488213,-79.898766,full_grocery,Grocery Store,Chain Supermarket,True,USDA_SNAP+ACHD
WING FAT HONG,"2306 Penn Ave, Pittsburgh 15222",40.452946,-79.981262,full_grocery,Other,Supermarket,True,USDA_SNAP+ACHD
CVS PHARMACY 4091,"7404 Church St, Swissvale 15218",40.42152,-79.889481,other_food_retail,Other,Chain Packaged Food Only,True,USDA_SNAP+ACHD
Dollar General 0817,"5000 Library Rd, Bethel Park 15102",40.342625,-80.027107,other_food_retail,Other,Packaged Food Only,True,USDA_SNAP+ACHD
LE'S SUPER GK,"5482 Penn Ave, Pittsburgh 15206",40.464123,-79.93261,convenience_limited,Convenience Store,Retail/Convenience Store,True,USDA_SNAP+ACHD
Kuhns Market,"661 Lincoln Ave, Bellevue 15202",40.497169,-80.06028,full_grocery,Super Store,Chain Supermarket,True,USDA_SNAP+ACHD
DOLLAR GENERAL 7878,"10730 Frankstown Rd, Pittsburgh 15235",40.461605,-79.841011,other_food_retail,Other,Chain Packaged Food Only,True,USDA_SNAP+ACHD
DOLLAR GENERAL 4225,"1985 Lincoln Way, White Oak 15131",40.338963,-79.809547,other_food_retail,Other,,True,USDA_SNAP
Sheetz 327,"2100 Mosside Blvd, Monroeville 15146",40.398006,-79.768784,convenience_limited,Convenience Store,Chain Retail/Convenience Store,True,USDA_SNAP+ACHD
LEONARD LABRIOLA ITALIAN GROCERY,"4039 Monroeville Blvd, Monroeville 15146",40.435246,-79.769012,full_grocery,Grocery Store,Chain Supermarket,True,USDA_SNAP+ACHD
McKees Rocks Sunoco A-Plus,"351 Stanhope St, Pittsburgh 15204",40.463562,-80.056213,other_food_retail,Convenience Store,Chain Retail/Convenience Store,True,USDA_SNAP+ACHD
Giant Eagle 4,"5055 Library Rd, Bethel Park 15102",40.337273,-80.025223,full_grocery,Super Store,,True,USDA_SNAP
Safran s Super Market,"429 Walnut St, Sewickley 15143",40.541046,-80.182266,full_grocery,Supermarket,Supermarket,True,USDA_SNAP+ACHD
DOLLAR GENERAL 0542,"352 N 2nd Ave, Elizabeth 15037",40.273895,-79.885162,other_food_retail,Other,Chain Packaged Food Only,True,USDA_SNAP+ACHD
7-Eleven Store 36205,"6106 Saltsburg Rd, Verona 15147",40.484097,-79.818901,convenience_limited,Convenience Store,Chain Retail/Convenience Store,True,USDA_SNAP+ACHD
7-Eleven Store 36139,"285 Mount Lebanon Blvd, Pittsburgh 15234",40.368843,-80.037247,convenience_limited,Convenience Store,Chain Retail/Convenience Store,True,USDA_SNAP+ACHD
DOLLAR GENERAL 4384,"1701 Lincoln Hwy, N Versailles 15137",40.370461,-79.78614,other_food_retail,Other,,True,USDA_SNAP
Giant Eagle 35,"1717 Cochran Rd, Pittsburgh 15220",40.392399,-80.066032,full_grocery,Super Store,Chain Supermarket,True,USDA_SNAP+ACHD
Decarlo Market Llc,"560 McKeesport Rd, Elizabeth 15037",40.278534,-79.875458,other_food_retail,Other,Retail/Convenience Store,True,USDA_SNAP+ACHD
Sheetz 277,"12000 Perry Hwy, Wexford 15090",40.633732,-80.059708,convenience_limited,Convenience Store,Chain Retail/Convenience Store,True,USDA_SNAP+ACHD
Giant Eagle 77,"254 Yost Blvd, Pittsburgh 15221",40.414722,-79.855362,full_grocery,Super Store,Chain Supermarket,True,USDA_SNAP+ACHD
Walmart 5040,"2200 Washington Pike, Carnegie 15106",40.386765,-80.096191,full_grocery,Super Store,Chain Retail/Convenience Store,True,USDA_SNAP+ACHD
Schwebel Baking Co of PA 7,"4315 Walnut St, McKeesport 15132",40.321175,-79.83519,specialty_food,Specialty Store,,True,USDA_SNAP
Walmart Supercenter 2281,"2351 Century Dr, West Mifflin 15122",40.343925,-79.943527,full_grocery,Super Store,,True,USDA_SNAP
Brownsville Road Foodland,"1119 Brownsville Rd, Pittsburgh 15210",40.404987,-79.989662,full_grocery,Super Store,Chain Supermarket,True,USDA_SNAP+ACHD
ALDI 69045,"880 Butler St, Pittsburgh 15223",40.51165,-79.944878,full_grocery,Supermarket,Chain Packaged Food Only,True,USDA_SNAP+ACHD
CVS Pharmacy 7612,"237 Monroeville Ave, Turtle Creek 15145",40.405937,-79.823128,other_food_retail,Other,Chain Packaged Food Only,True,USDA_SNAP+ACHD
PEOPLES GROCERY,"5136 Penn Ave, Pittsburgh 15224",40.464752,-79.941284,convenience_limited,Convenience Store,Retail/Convenience Store,True,USDA_SNAP+ACHD
DOLLAR GENERAL 4607,"491 Lincoln Ave, Bellevue 15202",40.495201,-80.055374,other_food_retail,Other,Chain Packaged Food Only,True,USDA_SNAP+ACHD
Kang's Sambok Grocery,"1735 Penn Ave, Pittsburgh 15222",40.450455,-79.985252,full_grocery,Other,Supermarket,True,USDA_SNAP+ACHD
Giant Eagle 14,"7000 Oxford Dr, Bethel Park 15102",40.347183,-80.049194,full_grocery,Super Store,,True,USDA_SNAP
GIANT EAGLE 40,"5550 Centre Ave, Pittsburgh 15232",40.456913,-79.935165,full_grocery,Super Store,Chain Supermarket,True,USDA_SNAP+ACHD
DOLLAR GENERAL 7045,"3060 Sussex Ave, Pittsburgh 15226",40.383801,-80.01609,other_food_retail,Other,Chain Packaged Food Only,True,USDA_SNAP+ACHD
Walmart Supercenter 2588,"100 Wal Mart Drive, North Versailles 15137",40.386124,-79.82254,full_grocery,Super Store,,True,USDA_SNAP
EAST END FOOD CO-OP,"7516 Meade St, Pittsburgh 15208",40.447983,-79.895752,full_grocery,Supermarket,Supermarket,True,USDA_SNAP+ACHD
CVS PHARMACY 4152,"5600 Wilkins Ave, Pittsburgh 15217",40.444054,-79.927635,other_food_retail,Other,Chain Packaged Food Only,True,USDA_SNAP+ACHD
ALDI 69046,"1766 Golden Mile Hwy, Monroeville 15146",40.444717,-79.712738,full_grocery,Supermarket,Chain Packaged Food Only,True,USDA_SNAP+ACHD
SUNOCO MINI MARKET,"7403 Washington Ave, Pittsburgh 15218",40.420128,-79.888954,convenience_limited,Convenience Store,Chain Retail/Convenience Store,True,USDA_SNAP+ACHD
DOLLAR GENERAL 3606,"1830 Pennsylvania Ave, West Mifflin 15122",40.362114,-79.862251,other_food_retail,Other,Chain Packaged Food Only,True,USDA_SNAP+ACHD
Trader Joe's 638,"6343 Penn Ave, Pittsburgh 15206",40.458904,-79.919426,full_grocery,Supermarket,Chain Supermarket,True,USDA_SNAP+ACHD
Weiss Meats,"100 Terence Dr, Pittsburgh 15236",40.331253,-79.973007,specialty_food,Specialty Store,,True,USDA_SNAP
Fifth Ave Shop N Save,"815 5th Ave, McKeesport 15132",40.35191,-79.856026,full_grocery,Supermarket,Chain Supermarket,True,USDA_SNAP+ACHD
Walmart 3738,"100 Highlands Mall, Natrona Heights 15065",40.646206,-79.712196,full_grocery,Super Store,,True,USDA_SNAP
Target 2201,"4801 McKnight Rd, Pittsburgh 15237",40.528229,-80.007042,full_grocery,Super Store,,True,USDA_SNAP
Unimart,"748 Brownsville Rd, Pittsburgh 15210",40.408722,-79.991592,convenience_limited,Convenience Store,Chain Retail/Convenience Store,True,USDA_SNAP+ACHD
PENN HILLS SHOP N SAVE,"2820 Main St, Pittsburgh 15235",40.476143,-79.784698,full_grocery,Super Store,Chain Supermarket,True,USDA_SNAP+ACHD
DOLLAR GENERAL 7091,"5724 Smithfield St, McKeesport 15135",40.311054,-79.825462,other_food_retail,Other,Chain Packaged Food Only,True,USDA_SNAP+ACHD
DOLLAR GENERAL 4355,"351 Hoffman Blvd, Duquesne 15110",40.38319,-79.864586,other_food_retail,Other,Chain Packaged Food Only,True,USDA_SNAP+ACHD
Giant Eagle 63,"4250 Murray Ave, Pittsburgh 15217",40.422279,-79.929565,full_grocery,Super Store,Chain Supermarket,True,USDA_SNAP+ACHD
Sheetz 353,"5410 Campbells Run Rd, Pittsburgh 15205",40.447906,-80.157707,convenience_limited,Convenience Store,Chain Retail/Convenience Store,True,USDA_SNAP+ACHD
Etna Express,"421 Butler St, Etna 15223",40.498726,-79.944214,other_food_retail,Convenience Store,Packaged Food Only,True,USDA_SNAP+ACHD
COMMUNITY SUPERMARKET,"1710 Pacific Ave, Natrona Heights 15065",40.621109,-79.724091,full_grocery,Super Store,Chain Supermarket,True,USDA_SNAP+ACHD
VERONA GIANT EAGLE,"200 Allegheny River Blvd, Verona 15147",40.499237,-79.844475,full_grocery,Super Store,Chain Retail/Convenience Store,True,USDA_SNAP+ACHD
DOLLAR GENERAL 4990,"926 5th Ave, Coraopolis 15108",40.517933,-80.165611,other_food_retail,Other,Chain Packaged Food Only,True,USDA_SNAP+ACHD
Unity Tobacco Outlet & Convenience Store,"325 Unity Trestle Rd, Pittsburgh 15239",40.489368,-79.778061,other_food_retail,Convenience Store,Retail/Convenience Store,True,USDA_SNAP+ACHD
Gordon Food Service Store MP133,"3620 William Penn Hwy, Monroeville 15146",40.432182,-79.801254,full_grocery,Supermarket,,True,USDA_SNAP
Gordon Food Service Store MP134,"510 Clairton Blvd, Pittsburgh 15236",40.333809,-79.946472,full_grocery,Supermarket,Chain Supermarket,True,USDA_SNAP+ACHD
Select & Save Mart,"448 Brownsville Rd, Pittsburgh 15210",40.412254,-79.989815,convenience_limited,Convenience Store,Retail/Convenience Store,True,USDA_SNAP+ACHD
Target 2385,"2661 Freeport Rd, Pittsburgh 15238",40.537399,-79.837234,full_grocery,Super Store,,True,USDA_SNAP
DOLLAR GENERAL 7927,"120 Penn Ave, Turtle Creek 15145",40.404518,-79.830719,other_food_retail,Other,,True,USDA_SNAP
Sultan Bey,"4601 Centre Ave, Pittsburgh 15213",40.452114,-79.95195,full_grocery,Grocery Store,Supermarket,True,USDA_SNAP+ACHD
Giant Eagle 73,"9901 Mountain View Dr, West Mifflin 15122",40.338432,-79.951004,full_grocery,Super Store,,True,USDA_SNAP
ALDI 69044,"100 Aldi Dr, North Versailles 15137",40.369694,-79.779541,full_grocery,Supermarket,Chain Packaged Food Only,True,USDA_SNAP+ACHD
Walmart Supercenter 2300,"250 Summit Park Dr, Pittsburgh 15275",40.448399,-80.177292,full_grocery,Super Store,,True,USDA_SNAP
Dollar General 8103,"131 Bradford Ave, Pittsburgh 15205",40.434078,-80.066765,other_food_retail,Other,Chain Packaged Food Only,True,USDA_SNAP+ACHD
New Trios Market Llc,"3900 Perrysville Ave, Pittsburgh 15214",40.489632,-80.01812,other_food_retail,Convenience Store,Retail/Convenience Store,True,USDA_SNAP+ACHD
Dollar General 2643,"500 Pine Hollow Rd., McKees Rocks 15136",40.47541,-80.098602,other_food_retail,Other,,True,USDA_SNAP
Target Store 1219,"4004 Monroeville Blvd, Monroeville 15146",40.435696,-79.770859,full_grocery,Super Store,,True,USDA_SNAP
Giant Eagle 31,"5260 Grove Rd, Pittsburgh 15236",40.358002,-80.001999,full_grocery,Super Store,Chain Supermarket,True,USDA_SNAP+ACHD
Seven Days Grocery,"2122 Brownsville Rd, Pittsburgh 15210",40.392303,-79.987999,full_grocery,Grocery Store,Supermarket,True,USDA_SNAP+ACHD
ALDI 69054,"16 Federal Dr, Penn Hills 15235",40.462601,-79.827042,full_grocery,Supermarket,,True,USDA_SNAP
Target Store 1253,"360 E WATERFORD DR, Homestead 15120",40.400059,-79.902542,full_grocery,Super Store,,True,USDA_SNAP
Target Store 1217,"600 Chauvet Dr, Pittsburgh 15275",40.447014,-80.182732,full_grocery,Super Store,,True,USDA_SNAP
Target Store 1218,"9805 MCKNIGHT RD, Pittsburgh 15237",40.585663,-80.036606,full_grocery,Super Store,,True,USDA_SNAP
Dollar General 10277,"1695 McFarland Rd, Pittsburgh 15216",40.395996,-80.046486,other_food_retail,Other,Chain Packaged Food Only,True,USDA_SNAP+ACHD
MURRAY AVE KOSHER INC.,"1916 Murray Ave, Pittsburgh 15217",40.43544,-79.922867,full_grocery,Grocery Store,,True,USDA_SNAP
DOLLAR GENERAL 1126,"7248 Saltsburg Rd, Pittsburgh 15235",40.476555,-79.788376,other_food_retail,Other,Chain Packaged Food Only,True,USDA_SNAP+ACHD
CoGo's 1322,"510 Station Street, BRIDGEVILLE 15017",40.357666,-80.110374,convenience_limited,Convenience Store,,True,USDA_SNAP
La Grocery West Indian American,"511 Larimer Ave, Pittsburgh 15206",40.465565,-79.914169,full_grocery,Grocery Store,Retail/Convenience Store,True,USDA_SNAP+ACHD
Dollar General 10875,"5032 William Penn Hwy, Monroeville 15146",40.427937,-79.708176,other_food_retail,Other,Chain Packaged Food Only,True,USDA_SNAP+ACHD
WALGREENS 09803,"324 Hulton Rd, Oakmont 15139",40.525734,-79.841568,other_food_retail,Other,Chain Retail/Convenience Store,True,USDA_SNAP+ACHD
Las Palmas 2,"326 Atwood St, Pittsburgh 15213",40.439068,-79.95517,full_grocery,Grocery Store,Retail/Convenience Store,True,USDA_SNAP+ACHD
Target Stores 2262,"600 Grandview Dr, Gibsonia 15044",40.623089,-80.01429,full_grocery,Super Store,,True,USDA_SNAP
Walmart 3838,"2010 Village Center Dr, Tarentum 15084",40.562939,-79.803284,full_grocery,Super Store,,True,USDA_SNAP
DollarTree 2103,"1014 W View Park Dr, Pittsburgh 15229",40.516693,-80.039078,other_food_retail,Other,,True,USDA_SNAP
CVS PHARMACY 7611,"4849 William Flynn Hwy, Allison Park 15101",40.599445,-79.947502,other_food_retail,Other,Chain Packaged Food Only,True,USDA_SNAP+ACHD
CVS Pharmacy 3999,"401 Chestnut St, Carnegie 15106",40.41008,-80.082382,other_food_retail,Other,Chain Packaged Food Only,True,USDA_SNAP+ACHD
CVS Pharmacy 4002,"70 W Steuben St, Pittsburgh 15205",40.439049,-80.069809,other_food_retail,Other,Chain Packaged Food Only,True,USDA_SNAP+ACHD
Copperleaf Food Group Richland LLC 213102,"5375 William Flynn Hwy, Gibsonia 15044",40.619793,-79.94677,full_grocery,Super Store,,True,USDA_SNAP
DollarTree 142,"1759 S Braddock Ave, Pittsburgh 15218",40.427151,-79.886116,other_food_retail,Other,Chain Packaged Food Only,True,USDA_SNAP+ACHD
DollarTree 258,"12 Federal Dr, Pittsburgh 15235",40.464207,-79.82666,other_food_retail,Other,,True,USDA_SNAP
Sheetz 379,"9002 University Blvd, Moon Township 15108",40.503254,-80.222305,convenience_limited,Convenience Store,Chain Retail/Convenience Store,True,USDA_SNAP+ACHD
ALDI 69052,"100 Costco Dr, Robinson Township 15205",40.45723,-80.166725,full_grocery,Supermarket,Chain Packaged Food Only,True,USDA_SNAP+ACHD
Giant Eagle 78,"230 Rodi Rd, Pittsburgh 15235",40.461739,-79.825195,full_grocery,Super Store,Chain Supermarket,True,USDA_SNAP+ACHD
DOLLAR GENERAL 7672,"494 Pittsburgh St, Springdale 15144",40.541203,-79.786591,other_food_retail,Other,Chain Packaged Food Only,True,USDA_SNAP+ACHD
Community Supermarket Mkt Inc,"1117 Milltown Rd, Verona 15147",40.498432,-79.79055,full_grocery,Super Store,Packaged Food Only,True,USDA_SNAP+ACHD
Giant Eagle 61,"2021 Wharton St, Pittsburgh 15203",40.430408,-79.976952,full_grocery,Super Store,Chain Supermarket,True,USDA_SNAP+ACHD
ALDI 60079 60079,"5159 Library Rd, Bethel Park 15102",40.33485,-80.024025,full_grocery,Supermarket,,True,USDA_SNAP
Walgreens 09043,"1701 William Flynn Hwy, Glenshaw 15116",40.538826,-79.962555,other_food_retail,Other,Chain Retail/Convenience Store,True,USDA_SNAP+ACHD
TARGET STORES 2077,"288 Mt Nebo Pointe Rd, Pittsburgh 15237",40.535103,-80.067467,full_grocery,Super Store,,True,USDA_SNAP
DollarTree 203,"1155 Washington Pike, Bridgeville 15017",40.368584,-80.102608,other_food_retail,Other,,True,USDA_SNAP
DollarTree 1275,"110 Walmart Dr, N Versailles 15137",40.385948,-79.822449,other_food_retail,Other,,True,USDA_SNAP
Sheetz 376,"1000 Clairton Blvd, Pittsburgh 15236",40.320049,-79.942833,convenience_limited,Convenience Store,Chain Retail/Convenience Store,True,USDA_SNAP+ACHD
Horizon Market,"328 E 6th Ave, Tarentum 15084",40.603176,-79.752884,other_food_retail,Convenience Store,Packaged Food Only,True,USDA_SNAP+ACHD
CVS Pharmacy 4369,"4610 Centre Ave, Pittsburgh 15213",40.451984,-79.951614,other_food_retail,Other,Chain Packaged Food Only,True,USDA_SNAP+ACHD
7-Eleven 36140,"1001 Western Ave, Pittsburgh 15233",40.451183,-80.019157,convenience_limited,Convenience Store,Chain Retail/Convenience Store,True,USDA_SNAP+ACHD
Dollar General 10426,"995 Greensburg Pike, E Pittsburgh 15112",40.416763,-79.839432,other_food_retail,Other,Chain Packaged Food Only,True,USDA_SNAP+ACHD
CVS Pharmacy 2348,"3422 Forbes Ave, Pittsburgh 15213",40.438953,-79.960526,other_food_retail,Other,Chain Packaged Food Only,True,USDA_SNAP+ACHD
Beer Buddy Llc,"355 5th Ave, Pittsburgh 15222",40.440403,-79.998795,convenience_limited,Convenience Store,Retail/Convenience Store,True,USDA_SNAP+ACHD
Sheetz 459,"2175 Hulton Rd, Verona 15147",40.526493,-79.817093,convenience_limited,Convenience Store,Chain Retail/Convenience Store,True,USDA_SNAP+ACHD
BFS Foods 64,"3984 Monroeville Blvd, Monroeville 15146",40.436333,-79.772949,convenience_limited,Convenience Store,Chain Retail/Convenience Store,True,USDA_SNAP+ACHD
Giant Eagle 68,"5990 University Blvd, Coraopolis 15108",40.519936,-80.217804,full_grocery,Super Store,,True,USDA_SNAP
Walgreens 9675,"6201 Saltsburg Rd, Pittsburgh 15235",40.485325,-79.816605,other_food_retail,Other,Chain Packaged Food Only,True,USDA_SNAP+ACHD
WALGREENS 9281,"5956 Penn Cir S, Pittsburgh 15206",40.459389,-79.926712,other_food_retail,Other,Chain Retail/Convenience Store,True,USDA_SNAP+ACHD
R&M VARIETY STORE,"1739 Pennsylvania Ave, West Mifflin 15122",40.362057,-79.861015,convenience_limited,Convenience Store,Retail/Convenience Store,True,USDA_SNAP+ACHD
DollarTree 228,"1360 Park Manor Blvd, Pittsburgh 15205",40.453693,-80.162445,other_food_retail,Other,,True,USDA_SNAP
R Asian Grocery Store,"3621 Brownsville Rd, Pittsburgh 15227",40.373295,-79.97525,full_grocery,Grocery Store,Packaged Food Only,True,USDA_SNAP+ACHD
Giant Eagle 5103,"2611 Freeport Rd, Pittsburgh 15238",40.537903,-79.838844,full_grocery,Super Store,Chain Retail/Convenience Store,True,USDA_SNAP+ACHD
DollarTree 618,"5253 Library Rd, Bethel Park 15102",40.331806,-80.02282,other_food_retail,Other,,True,USDA_SNAP
Oliver Market Inc,"200 Brownsville Rd, Pittsburgh 15210",40.415852,-79.987442,full_grocery,Grocery Store,Seasonal/Farmers Market,True,USDA_SNAP+ACHD
Quick Stop,"3349 Liberty Ave, Pittsburgh 15201",40.461678,-79.966484,convenience_limited,Convenience Store,Chain Retail/Convenience Store,True,USDA_SNAP+ACHD
K Stop Convenience,"2903 Brighton Rd, Pittsburgh 15212",40.471584,-80.027321,convenience_limited,Convenience Store,Retail/Convenience Store,True,USDA_SNAP+ACHD
ALDI 69047,"239 Clairton Blvd, West Mifflin 15122",40.337536,-79.937469,full_grocery,Supermarket,,True,USDA_SNAP
Target 2757,"6231 Penn Ave, Pittsburgh 15206",40.460236,-79.92141,full_grocery,Super Store,Chain Supermarket,True,USDA_SNAP+ACHD
Exxon,"1405 N State St, Clairton 15025",40.318211,-79.899307,other_food_retail,Convenience Store,Chain Packaged Food Only,True,USDA_SNAP+ACHD
Marathon,"150 Route 30, Oakdale 15071",40.440994,-80.238335,other_food_retail,Convenience Store,Retail/Convenience Store,True,USDA_SNAP+ACHD
Gordon Food Service Store MP136,"1 Urbano Way, Pittsburgh 15205",40.457901,-80.166237,full_grocery,Supermarket,Chain Supermarket,True,USDA_SNAP+ACHD
Walgreens 09736,"4885 McKnight Rd, Pittsburgh 15237",40.529621,-80.010056,other_food_retail,Other,Chain Packaged Food Only,True,USDA_SNAP+ACHD
MT WASHINGTON FOODLAND,"125 Virginia Ave, Mount Washington 15211",40.429771,-80.008003,full_grocery,Super Store,Chain Supermarket,True,USDA_SNAP+ACHD
Sam's Club 4952,"2000 Village Center Dr, Tarentum 15084",40.565792,-79.804161,full_grocery,Super Store,Chain Supermarket,True,USDA_SNAP+ACHD
Sam's Club 6575,"249 Summit Park Dr, Pittsburgh 15275",40.448364,-80.177429,full_grocery,Super Store,,True,USDA_SNAP
Sam's Club 6677,"3621 William Penn Hwy, Monroeville 15146",40.436462,-79.799423,full_grocery,Super Store,Chain Retail/Convenience Store,True,USDA_SNAP+ACHD
Sheetz 631,"1002 California Ave, Natrona Heights 15065",40.618546,-79.73246,convenience_limited,Convenience Store,Chain Retail/Convenience Store,True,USDA_SNAP+ACHD
Sheetz 629,"5554 Steubenville Pike, McKees Rocks 15136",40.450958,-80.127953,convenience_limited,Convenience Store,,True,USDA_SNAP
DollarTree 236,"240 Mount Nebo Pointe Rd, Pittsburgh 15237",40.534687,-80.065094,other_food_retail,Other,Chain Retail/Convenience Store,True,USDA_SNAP+ACHD
DollarTree 1831,"400 Walmart Dr, Gibsonia 15044",40.62225,-79.944115,other_food_retail,Other,,True,USDA_SNAP
Family Dollar 11692,"3210 Brighton Rd, Pittsburgh 15212",40.475838,-80.030792,other_food_retail,Other,Chain Packaged Food Only,True,USDA_SNAP+ACHD
Dollar General Store 18057,"93 Joseph St, Pittsburgh 15227",40.389996,-79.965088,other_food_retail,Other,Chain Packaged Food Only,True,USDA_SNAP+ACHD
DollarTree 1012,"324 Towne Square Way, Brentwood 15227",40.367634,-79.982201,other_food_retail,Other,,True,USDA_SNAP
DollarTree 4222,"1020 Village Center Dr, Tarentum 15084",40.568371,-79.803947,other_food_retail,Other,Chain Packaged Food Only,True,USDA_SNAP+ACHD
Family Dollar 2116,"240 Hays Ave, Pittsburgh 15210",40.414139,-79.987801,other_food_retail,Other,Packaged Food Only,True,USDA_SNAP+ACHD
Family Dollar 2396,"909 Main St, Sharpsburg 15215",40.4944,-79.933113,other_food_retail,Other,Chain Packaged Food Only,True,USDA_SNAP+ACHD
Family Dollar 3182,"123 Lincoln Ave, Millvale 15209",40.478718,-79.969887,other_food_retail,Other,Chain Packaged Food Only,True,USDA_SNAP+ACHD
CVS Pharmacy 4103,"355 LINCOLN AVE, PITTSBURGH 15202",40.493916,-80.052246,other_food_retail,Other,Chain Packaged Food Only,True,USDA_SNAP+ACHD
7-Eleven 40226H,"1020 Mount Royal Blvd, Pittsburgh 15223",40.517345,-79.958626,convenience_limited,Convenience Store,Chain Retail/Convenience Store,True,USDA_SNAP+ACHD
Walgreens 1034,"112 W Steuben St, Crafton 15205",40.439423,-80.072441,other_food_retail,Other,Chain Packaged Food Only,True,USDA_SNAP+ACHD
DollarTree 4287,"47 Walsh Rd, Pittsburgh 15205",40.440235,-80.071236,other_food_retail,Other,Chain Packaged Food Only,True,USDA_SNAP+ACHD
Walgreens 10345,"7628 Penn Ave, Pittsburgh 15221",40.447014,-79.894867,other_food_retail,Other,Chain Packaged Food Only,True,USDA_SNAP+ACHD
Dollar General 17870,"420 Scenery Dr, Elizabeth 15037",40.276772,-79.837517,other_food_retail,Other,Chain Packaged Food Only,True,USDA_SNAP+ACHD
Family Dollar 3340,"6 Craighton Russellton Rd, Russellton 15076",40.616779,-79.832703,other_food_retail,Other,,True,USDA_SNAP
Family Dollar 4708,"300 Broadway St, Carnegie 15106",40.408497,-80.085793,full_grocery,Other,Chain Supermarket,True,USDA_SNAP+ACHD
Family Dollar 6554,"2347 5th Ave, McKeesport 15132",40.354141,-79.836624,other_food_retail,Other,Chain Packaged Food Only,True,USDA_SNAP+ACHD
Family Dollar 6598,"9010 Frankstown Rd, Pittsburgh 15235",40.460903,-79.865608,other_food_retail,Other,Packaged Food Only,True,USDA_SNAP+ACHD
Shree Anika Inc,"2700 Mosside Blvd, Monroeville 15146",40.434181,-79.75354,convenience_limited,Convenience Store,,True,USDA_SNAP
Nation Style Grocery,"1002 5th Ave, Coraopolis 15108",40.517242,-80.164436,full_grocery,Grocery Store,Chain Retail/Convenience Store,True,USDA_SNAP+ACHD
Rg Caribbean Grocery Llc,"1300 Brodhead Rd, Coraopolis 15108",40.534985,-80.229279,full_grocery,Grocery Store,Chain Retail/Convenience Store,True,USDA_SNAP+ACHD
Costco Wholesale 0332,"202 Costco Dr, Pittsburgh 15205",40.459488,-80.165062,full_grocery,Super Store,,True,USDA_SNAP
ALDI 69015,"450 56th St, Pittsburgh 15201",40.483231,-79.948639,full_grocery,Supermarket,,True,USDA_SNAP
Dollar General 8549,"425 Perry Hwy, West View 15229",40.519135,-80.03228,other_food_retail,Other,Chain Packaged Food Only,True,USDA_SNAP+ACHD
Dollar General 12185,"3750 Saw Mill Run Blvd, Pittsburgh 15227",40.370979,-79.982643,other_food_retail,Other,Chain Packaged Food Only,True,USDA_SNAP+ACHD
Homestead Cogo's,"3439 W Run Rd, Homestead 15120",40.388214,-79.909126,convenience_limited,Convenience Store,Retail/Convenience Store,True,USDA_SNAP+ACHD
Quick Mart Pitt Llc,"1815 N Charles St, Pittsburgh 15212",40.460091,-80.017525,other_food_retail,Convenience Store,Packaged Food Only,True,USDA_SNAP+ACHD
Sweet Panda Asian Market,"114 S 23rd St, Pittsburgh 15203",40.427517,-79.973145,full_grocery,Grocery Store,Packaged Food Only,True,USDA_SNAP+ACHD
Speedway 2926,"222 State St, Clairton 15025",40.299042,-79.875786,convenience_limited,Convenience Store,Chain Retail/Convenience Store,True,USDA_SNAP+ACHD
Dollar General 17869,"2610 S Braddock Ave, Swissvale 15218",40.414993,-79.876747,other_food_retail,Other,Chain Packaged Food Only,True,USDA_SNAP+ACHD
CVS Pharmacy 4051,"1740 Washington Rd, Pittsburgh 15241",40.347225,-80.05468,other_food_retail,Other,Chain Packaged Food Only,True,USDA_SNAP+ACHD
CVS Pharmacy 2333,"5242 Clairton Blvd, Pittsburgh 15236",40.343586,-79.970428,other_food_retail,Other,Chain Packaged Food Only,True,USDA_SNAP+ACHD
CVS Pharmacy 2447,"5190 Library Rd, Bethel Park 15102",40.334,-80.024139,other_food_retail,Other,Chain Packaged Food Only,True,USDA_SNAP+ACHD
CVS Pharmacy 2449,"11240 Perry Hwy, Wexford 15090",40.621548,-80.054352,other_food_retail,Other,Chain Packaged Food Only,True,USDA_SNAP+ACHD
CVS Pharmacy 3189,"510 Brookline Blvd, Pittsburgh 15226",40.395626,-80.023567,other_food_retail,Other,Chain Packaged Food Only,True,USDA_SNAP+ACHD
CVS Pharmacy 4045,"1775 Golden Mile Hwy, Monroeville 15146",40.444702,-79.713707,other_food_retail,Other,Chain Packaged Food Only,True,USDA_SNAP+ACHD
CVS Pharmacy 5094,"328 Cochran Rd, Pittsburgh 15228",40.382473,-80.052292,other_food_retail,Other,Chain Packaged Food Only,True,USDA_SNAP+ACHD
Dollar General 11536,"700 Worthington Ave, Clairton 15025",40.291748,-79.889984,full_grocery,Other,Chain Packaged Food Only,True,USDA_SNAP+ACHD
J & S Food Mart,"625 W Grant Ave, Duquesne 15110",40.371792,-79.851715,other_food_retail,Convenience Store,Retail/Convenience Store,True,USDA_SNAP+ACHD
ALDI 69068,"4578 Route 8, Allison Park 15101",40.588596,-79.949257,full_grocery,Supermarket,Chain Packaged Food Only,True,USDA_SNAP+ACHD
Dollar General 19008,"1215 Brighton Rd, Pittsburgh 15233",40.454773,-80.014885,other_food_retail,Other,Chain Packaged Food Only,True,USDA_SNAP+ACHD
Walgreens 10917,"6906 University Blvd, Coraopolis 15108",40.517277,-80.220886,other_food_retail,Other,Chain Retail/Convenience Store,True,USDA_SNAP+ACHD
DollarTree 3810,"28 Highlands Mall, Natrona Heights 15065",40.646248,-79.71022,other_food_retail,Other,,True,USDA_SNAP
Sams Market Inc,"7356 Stranahan St, Pittsburgh 15206",40.461655,-79.889992,other_food_retail,Convenience Store,Packaged Food Only,True,USDA_SNAP+ACHD
Dollar General 19273,"3600 Walnut St, McKeesport 15132",40.327644,-79.840454,other_food_retail,Other,Chain Packaged Food Only,True,USDA_SNAP+ACHD
DollarTree 218,"1099 Mountain View Dr, West Mifflin 15122",40.3461,-79.946579,other_food_retail,Other,,True,USDA_SNAP
CIO Store 13,"1980 Painters Run Rd, Pittsburgh 15241",40.364124,-80.08609,convenience_limited,Convenience Store,Retail/Convenience Store,True,USDA_SNAP+ACHD
CIO Store 14,"1909 Painters Run Rd, Pittsburgh 15241",40.36356,-80.086166,convenience_limited,Convenience Store,Retail/Convenience Store,True,USDA_SNAP+ACHD
CIO Store 15,"2305 O'neil Blvd, Mckeesport 15132",40.353027,-79.825424,convenience_limited,Convenience Store,,True,USDA_SNAP
DollarTree 4084,"1712 Mount Royal Blvd, Glenshaw 15116",40.525848,-79.962013,other_food_retail,Other,Chain Packaged Food Only,True,USDA_SNAP+ACHD
Mckees Mart 3,"2511 Grandview Ave, McKeesport 15132",40.335445,-79.834709,other_food_retail,Convenience Store,Packaged Food Only,True,USDA_SNAP+ACHD
Giant Eagle 97,"6310 Penn Ave, Pittsburgh 15206",40.459225,-79.92057,full_grocery,Super Store,,True,USDA_SNAP
Family Dollar 2467,"1868 Homeville Rd, West Mifflin 15122",40.393948,-79.88868,other_food_retail,Other,,True,USDA_SNAP
CVS Pharmacy 258,"5703 Steubenville Pike, MC Kees Rocks 15136",40.452034,-80.133972,other_food_retail,Other,Chain Retail/Convenience Store,True,USDA_SNAP+ACHD
Family Dollar 8379,"821 Chartiers Ave, McKees Rocks 15136",40.465576,-80.065361,other_food_retail,Other,Chain Retail/Convenience Store,True,USDA_SNAP+ACHD
New Big Toms Corner Store,"1300 Woodland Ave, Pittsburgh 15212",40.469227,-80.030281,other_food_retail,Convenience Store,Packaged Food Only,True,USDA_SNAP+ACHD
CVS 5890,"3893 William Penn Hwy, Monroeville 15146",40.437435,-79.778694,other_food_retail,Other,Chain Packaged Food Only,True,USDA_SNAP+ACHD
Taza Market,"500 2nd Street, Pitcairn 15140",40.402569,-79.777924,convenience_limited,Convenience Store,Retail/Convenience Store,True,USDA_SNAP+ACHD
Carl's Cafe,"337 5th Ave, Braddock 15104",40.414101,-79.881729,other_food_retail,Convenience Store,Packaged Food Only,True,USDA_SNAP+ACHD
ALDI 69080,"5631 Baum Blvd, Pittsburgh 15206",40.458309,-79.935036,full_grocery,Supermarket,Chain Packaged Food Only,True,USDA_SNAP+ACHD
Salem Market & Grill,"2923 Penn Ave, Pittsburgh 15201",40.458275,-79.973602,full_grocery,Grocery Store,Retail/Convenience Store,True,USDA_SNAP+ACHD
Family Dollar 11553,"1111 Lincoln Ave, Pittsburgh 15206",40.464329,-79.900467,other_food_retail,Other,Chain Packaged Food Only,True,USDA_SNAP+ACHD
Sunoco Cheswick,"1001 Pittsburgh St, Cheswick 15024",40.540886,-79.807198,convenience_limited,Convenience Store,Chain Retail/Convenience Store,True,USDA_SNAP+ACHD
Tbones Marketplace,"100 VIP Dr, Wexford 15090",40.616528,-80.093468,full_grocery,Supermarket,,True,USDA_SNAP
International Market,"2116 Noble St, Swissvale 15218",40.420254,-79.885063,other_food_retail,Convenience Store,Packaged Food Only,True,USDA_SNAP+ACHD
Sheetz 515,"4599 Library Rd, Bethel Park 15102",40.351242,-80.023338,convenience_limited,Convenience Store,Chain Retail/Convenience Store,True,USDA_SNAP+ACHD
Dollar General 13486,"1718 Broadview Blvd, Natrona Heights 15065",40.623268,-79.724915,other_food_retail,Other,,True,USDA_SNAP
Walgreens 09187,"1741 Washington Rd, Pittsburgh 15241",40.347286,-80.05442,other_food_retail,Other,Chain Packaged Food Only,True,USDA_SNAP+ACHD
Walgreens 09188,"4 Old Clairton Rd, Pittsburgh 15236",40.340645,-79.966316,other_food_retail,Other,Chain Packaged Food Only,True,USDA_SNAP+ACHD
Sheetz 500,"1910 Mt Nebo Rd, Sewickley 15143",40.5532,-80.113899,convenience_limited,Convenience Store,Chain Retail/Convenience Store,True,USDA_SNAP+ACHD
Verona Shell,"4901 Allegheny River Blvd, Verona 15147",40.485184,-79.856018,convenience_limited,Convenience Store,Chain Retail/Convenience Store,True,USDA_SNAP+ACHD
Walgreens 09950,"2055 Old Washington Pike, Carnegie 15106",40.388176,-80.091354,other_food_retail,Other,Chain Packaged Food Only,True,USDA_SNAP+ACHD
DollarTree 4019,"100 Allegheny River Blvd, Verona 15147",40.49844,-79.844933,other_food_retail,Other,,True,USDA_SNAP
Meme's Market,"1608 Walz St, Pittsburgh 15212",40.463295,-79.991211,convenience_limited,Convenience Store,Retail/Convenience Store,True,USDA_SNAP+ACHD
Kohli's Indian Imports 1,"319 S Craig St, Pittsburgh 15213",40.445095,-79.948479,full_grocery,Grocery Store,Retail/Convenience Store,True,USDA_SNAP+ACHD
Pit Stop Express,"4501 Ohio River Blvd, Pittsburgh 15202",40.491482,-80.061142,other_food_retail,Convenience Store,Chain Packaged Food Only,True,USDA_SNAP+ACHD
The Fresh Market 138,"1551 Washington Rd, Mt Lebanon 15228",40.35458,-80.049263,full_grocery,Supermarket,Chain Retail/Convenience Store,True,USDA_SNAP+ACHD
7-Eleven Store 40121A,"3299 Saw Mill Run Blvd, Pittsburgh 15227",40.376118,-79.983681,convenience_limited,Convenience Store,Chain Retail/Convenience Store,True,USDA_SNAP+ACHD
Homestead Food Mart,"238 E 8th Ave, Homestead 15120",40.40744,-79.909248,convenience_limited,Convenience Store,Chain Retail/Convenience Store,True,USDA_SNAP+ACHD
Whole Foods Market 10377,"10576 Perry Hwy, Wexford 15090",40.612209,-80.052834,full_grocery,Super Store,Chain Packaged Food Only,True,USDA_SNAP+ACHD
7-Eleven 188,"321 Camp Hollow Rd, West Mifflin 15122",40.349525,-79.92704,convenience_limited,Convenience Store,,True,USDA_SNAP
Hanini Market,"1105 Franklin Ave, Pittsburgh 15221",40.438927,-79.878822,convenience_limited,Convenience Store,Chain Retail/Convenience Store,True,USDA_SNAP+ACHD
Marathon Save N Go,"5610 William Flynn Hwy, Gibsonia 15044",40.635475,-79.939026,other_food_retail,Convenience Store,Packaged Food Only,True,USDA_SNAP+ACHD
Family Dollar 4774,"533 Miller Ave, Clairton 15025",40.293968,-79.883018,other_food_retail,Other,Packaged Food Only,True,USDA_SNAP+ACHD
Family Dollar 5224,"340 Curry Hollow Rd, Pittsburgh 15236",40.336502,-79.978645,other_food_retail,Other,,True,USDA_SNAP
Family Dollar 5250,"2020 Wharton St, Pittsburgh 15203",40.430031,-79.976822,other_food_retail,Other,Chain Packaged Food Only,True,USDA_SNAP+ACHD
Family Dollar 5275,"450 56th St, Pittsburgh 15201",40.483231,-79.948639,other_food_retail,Other,Chain Packaged Food Only,True,USDA_SNAP+ACHD
Family Dollar 5518,"607 Lincoln Ave, Bellevue 15202",40.497025,-80.058571,other_food_retail,Other,Chain Packaged Food Only,True,USDA_SNAP+ACHD
Family Dollar 5940,"715 E 8th Ave, Homestead 15120",40.409061,-79.904015,other_food_retail,Other,,True,USDA_SNAP
Family Dollar 7199,"1917 Centre Ave, Pittsburgh 15219",40.443523,-79.980499,other_food_retail,Other,Chain Retail/Convenience Store,True,USDA_SNAP+ACHD
Family Dollar 775,"152 McKees Rocks Plz, MC Kees Rocks 15136",40.465332,-80.056602,other_food_retail,Other,Retail/Convenience Store,True,USDA_SNAP+ACHD
Whitehall Center,"1406 Radford Rd, Pittsburgh 15227",40.363575,-79.96801,full_grocery,Grocery Store,Supermarket,True,USDA_SNAP+ACHD
Family Dollar 7618,"1201 Foster Ave, Pittsburgh 15205",40.439804,-80.068947,other_food_retail,Other,Chain Packaged Food Only,True,USDA_SNAP+ACHD
Speedway 6503,"2325 5th Ave, Mckeesport 15132",40.35339,-79.837303,convenience_limited,Convenience Store,Chain Retail/Convenience Store,True,USDA_SNAP+ACHD
Family Dollar 1769,"355 Lincoln Hwy, North Versailles 15137",40.381916,-79.818733,other_food_retail,Other,,True,USDA_SNAP
Family Dollar 824,"1500 Yost Blvd, Pittsburgh 15221",40.409607,-79.856125,other_food_retail,Other,,True,USDA_SNAP
Family Dollar 1631,"130 Lysle Blvd, McKeesport 15132",40.350891,-79.867218,other_food_retail,Other,Chain Packaged Food Only,True,USDA_SNAP+ACHD
DollarTree 6092,"713 E 8th Ave, Homestead 15120",40.409939,-79.904793,other_food_retail,Other,,True,USDA_SNAP
Brownsville Beer Outlet 2,"1303 Brownsville Rd, Pittsburgh 15210",40.402748,-79.989273,convenience_limited,Convenience Store,,True,USDA_SNAP
Mercy Market LLC,"6 Mercy St, Pittsburgh 15214",40.462399,-80.008545,other_food_retail,Convenience Store,Packaged Food Only,True,USDA_SNAP+ACHD
Broadway Market Of Mckees Rocks Inc,"295 Broadway Ave, McKees Rocks 15136",40.467594,-80.067329,convenience_limited,Convenience Store,Retail/Convenience Store,True,USDA_SNAP+ACHD
Bloomfield Saturday Market,"5050 Liberty Ave, Pittsburgh 15224",40.459114,-79.944321,farmers_market,Farmers and Markets,,True,USDA_SNAP
CVS 10034,"611 Duncan Ave, Pittsburgh 15237",40.568375,-80.023155,other_food_retail,Other,Chain Packaged Food Only,True,USDA_SNAP+ACHD
Dollar General 14967,"740 Lysle Blvd, McKeesport 15132",40.352184,-79.857201,other_food_retail,Other,Chain Packaged Food Only,True,USDA_SNAP+ACHD
DollarTree 5587,"3428 William Penn Hwy, Pittsburgh 15235",40.430149,-79.812737,other_food_retail,Other,,True,USDA_SNAP
Dylamato's Market  LLC,"5414 2nd Ave, Pittsburgh 15207",40.402439,-79.941544,full_grocery,Grocery Store,Retail/Convenience Store,True,USDA_SNAP+ACHD
DollarTree 4994,"1600 Hoffman Blvd, West Mifflin 15122",40.382389,-79.868668,other_food_retail,Other,,True,USDA_SNAP
Sunoco Haymaker,"1855 Haymaker Rd, Monroeville 15146",40.391651,-79.765884,convenience_limited,Convenience Store,Chain Retail/Convenience Store,True,USDA_SNAP+ACHD
4704325.0 4235,"200 Market Place Dr, Imperial 15126",40.441097,-80.240456,convenience_limited,Convenience Store,Chain Retail/Convenience Store,True,USDA_SNAP+ACHD
Sheetz 468,"3457 William Penn Hwy, Pittsburgh 15235",40.430664,-79.811241,convenience_limited,Convenience Store,Chain Retail/Convenience Store,True,USDA_SNAP+ACHD
Speedway 2900,"4830 William Penn Hwy, Monroeville 15146",40.427555,-79.72094,convenience_limited,Convenience Store,Chain Retail/Convenience Store,True,USDA_SNAP+ACHD
Speedway 2901,"4380 Old William Penn Hwy, Monroeville 15146",40.444107,-79.768204,convenience_limited,Convenience Store,Chain Retail/Convenience Store,True,USDA_SNAP+ACHD
Speedway 2902,"4420 Browns Hill Rd, Pittsburgh 15217",40.419083,-79.927536,other_food_retail,Convenience Store,Chain Retail/Convenience Store,True,USDA_SNAP+ACHD
Fuelland,"2373 Noblestown Rd, Pittsburgh 15205",40.426785,-80.056145,convenience_limited,Convenience Store,,True,USDA_SNAP
Speedway 2917,"4363 Broadway Blvd, Monroeville 15146",40.398506,-79.770157,convenience_limited,Convenience Store,Chain Retail/Convenience Store,True,USDA_SNAP+ACHD
Dollar General 16488,"2409 Rte 286, Plum 15239",40.464756,-79.705376,other_food_retail,Other,Chain Packaged Food Only,True,USDA_SNAP+ACHD
7-eleven Store 2701-36154b 36154B,"1101 Brookline Blvd, Pittsburgh 15226",40.392017,-80.014915,other_food_retail,Convenience Store,Chain Retail/Convenience Store,True,USDA_SNAP+ACHD
Haymaker Village Supermarkets,"4548 Broadway Blvd, Monroeville 15146",40.389145,-79.767189,full_grocery,Super Store,Chain Supermarket,True,USDA_SNAP+ACHD
Super One Convenience,"4432 Greensprings Ave, West Mifflin 15122",40.385887,-79.880447,full_grocery,Convenience Store,Chain Retail/Convenience Store,True,USDA_SNAP+ACHD
Dollar General 15559,"4725 Centre Ave, Pittsburgh 15213",40.452847,-79.948906,other_food_retail,Other,Chain Packaged Food Only,True,USDA_SNAP+ACHD
Giant Eagle 24,"3239 Washington Pike, Bridgeville 15017",40.341564,-80.119629,full_grocery,Super Store,,True,USDA_SNAP
Saad United Inc,"1318 Federal Street, Pittsburgh 15212",40.457172,-80.007156,convenience_limited,Convenience Store,Retail/Convenience Store,True,USDA_SNAP+ACHD
DollarTree 5553,"1630 Arlington Ave, Pittsburgh 15210",40.417965,-79.987106,other_food_retail,Other,,True,USDA_SNAP
North Side Valero,"820 Pennsylvania Ave, Pittsburgh 15233",40.455967,-80.016212,other_food_retail,Convenience Store,Packaged Food Only,True,USDA_SNAP+ACHD
Sunoco,"427 Brownsville Rd, Pittsburgh 15210",40.412334,-79.989426,convenience_limited,Convenience Store,,True,USDA_SNAP
Trader Joe's 630,"1600 Washington Rd, Pittsburgh 15228",40.354828,-80.050743,full_grocery,Supermarket,,True,USDA_SNAP
ALDI 69077,"11800 Perry Hwy, Wexford 15090",40.629917,-80.055717,full_grocery,Supermarket,Chain Packaged Food Only,True,USDA_SNAP+ACHD
DollarTree 5033,"8 Quaker Village Shopping Ctr, Leetsdale 15056",40.558041,-80.204536,other_food_retail,Other,,True,USDA_SNAP
DollarTree 5038,"4714 McKnight Rd, Pittsburgh 15237",40.521194,-80.004639,other_food_retail,Other,Chain Packaged Food Only,True,USDA_SNAP+ACHD
Dollar General 8740,"4500 Broadway Blvd, Monroeville 15146",40.3908,-79.767181,other_food_retail,Other,Chain Packaged Food Only,True,USDA_SNAP+ACHD
Candy Safe Supermarket,"300 Brownsville Rd, Pittsburgh 15210",40.414303,-79.988365,convenience_limited,Convenience Store,Retail/Convenience Store,True,USDA_SNAP+ACHD
Sunshine Snacks & Smokes,"6015 Penn Ave, Pittsburgh 15206",40.461494,-79.923965,other_food_retail,Convenience Store,Chain Packaged Food Only,True,USDA_SNAP+ACHD
Holy Kow LLC,"2300 Versailles Ave, Mckeesport 15132",40.345795,-79.849129,convenience_limited,Convenience Store,Retail/Convenience Store,True,USDA_SNAP+ACHD
DollarTree 5207,"1061 Washington Ave, Carnegie 15106",40.397861,-80.082741,other_food_retail,Other,Chain Packaged Food Only,True,USDA_SNAP+ACHD
Target 2787,"201 S Hills Vlg, Pittsburgh 15241",40.343624,-80.057304,full_grocery,Super Store,Chain Supermarket,True,USDA_SNAP+ACHD
Jag Dev Convenience Store,"2134 E Carson St, Pittsburgh 15203",40.428196,-79.974808,other_food_retail,Convenience Store,Packaged Food Only,True,USDA_SNAP+ACHD
ALDI 66079,"2628 East Carson St, Pittsburgh 15203",40.427162,-79.967392,full_grocery,Supermarket,Chain Packaged Food Only,True,USDA_SNAP+ACHD
Aldi 96,"1160 Washington Ave, Carnegie 15106",40.396835,-80.084763,full_grocery,Supermarket,Chain Packaged Food Only,True,USDA_SNAP+ACHD
Sheetz 582,"4723 William Penn Hwy, Monroeville 15146",40.434216,-79.732582,convenience_limited,Convenience Store,,True,USDA_SNAP
Aldi 90,"7350 Saltsburg Rd, Penn Hills 15235",40.477737,-79.785881,full_grocery,Supermarket,Chain Packaged Food Only,True,USDA_SNAP+ACHD
Aldi 89,"300 Eden Park Blvd, McKeesport 15132",40.327381,-79.840118,full_grocery,Supermarket,,True,USDA_SNAP
Aldi 92,"5239 Brownsville Rd, Baldwin 15236",40.342377,-79.985191,full_grocery,Supermarket,Chain Packaged Food Only,True,USDA_SNAP+ACHD
CIO Store 11,"3739 Library Rd, Pittsburgh 15234",40.36451,-80.021362,convenience_limited,Convenience Store,,True,USDA_SNAP
DollarTree 6173,"1615 Lincoln Way, White Oak 15131",40.34753,-79.816849,other_food_retail,Other,,True,USDA_SNAP
Trader Joe's 624,"9020 Covenant Ave, Pittsburgh 15237",40.570343,-80.021835,full_grocery,Supermarket,Chain Supermarket,True,USDA_SNAP+ACHD
Green Tree Farmers Market in the Park,"895 Greentree Rd, Pittsburgh 15220",40.42189,-80.042274,farmers_market,Farmers and Markets,,True,USDA_SNAP
ALDI 69091 69091,"5200 Penn Ave, Pittsburgh 15224",40.464542,-79.939735,full_grocery,Supermarket,Chain Packaged Food Only,True,USDA_SNAP+ACHD
Marathon,"2601 Freeport Rd, Pittsburgh 15238",40.537525,-79.840126,convenience_limited,Convenience Store,Chain Retail/Convenience Store,True,USDA_SNAP+ACHD
7-eleven Store 36192b,"650 Clairton Blvd, Pittsburgh 15236",40.32888,-79.945724,convenience_limited,Convenience Store,,True,USDA_SNAP
ALDI 69097 69097,"127 E 7th Ave, Homestead 15120",40.407085,-79.911819,full_grocery,Supermarket,Chain Packaged Food Only,True,USDA_SNAP+ACHD
DollarTree 4790,"1701 Duncan Ave, Allison Park 15101",40.566422,-79.998596,other_food_retail,Other,,True,USDA_SNAP
Sheetz 476,"3025 Babcock Blvd, Pittsburgh 15237",40.515194,-80.008842,convenience_limited,Convenience Store,Chain Retail/Convenience Store,True,USDA_SNAP+ACHD
CIO Store 17,"5735 Baum Blvd, Pittsburgh 15206",40.458771,-79.932533,convenience_limited,Convenience Store,Chain Retail/Convenience Store,True,USDA_SNAP+ACHD
Family Dollar 11619,"3215 Versailles Ave, McKeesport 15132",40.3451,-79.839432,other_food_retail,Other,Chain Packaged Food Only,True,USDA_SNAP+ACHD
DollarTree 6275,"937 Ohio Ave, Glassport 15045",40.319763,-79.890808,other_food_retail,Other,Chain Packaged Food Only,True,USDA_SNAP+ACHD
ALDI 69018,"11 E Steuben St, Oakdale 15071",40.440727,-80.236893,full_grocery,Supermarket,,True,USDA_SNAP
Waltmire Pharmacy,"1435 Spring Garden Ave, Pittsburgh 15212",40.462692,-79.98687,other_food_retail,Convenience Store,Chain Packaged Food Only,True,USDA_SNAP+ACHD
Dollar General 15169,"120 Three Degree Rd, Pittsburgh 15237",40.5443,-80.032997,other_food_retail,Other,Chain Packaged Food Only,True,USDA_SNAP+ACHD
GetGo 3487,"801 Mount Royal Blvd, Pittsburgh 15223",40.514198,-79.959587,convenience_limited,Convenience Store,Chain Retail/Convenience Store,True,USDA_SNAP+ACHD
Samba Market,"2520 Bedford Ave, Pittsburgh 15219",40.450806,-79.972191,convenience_limited,Convenience Store,Retail/Convenience Store,True,USDA_SNAP+ACHD
Pk Mart & Asian Grocery,"3406 Saw Mill Run Blvd, Pittsburgh 15227",40.373447,-79.982216,full_grocery,Grocery Store,Packaged Food Only,True,USDA_SNAP+ACHD
Family Dollar 11650,"642 Monongahela Ave, Glassport 15045",40.324791,-79.892509,other_food_retail,Other,Chain Packaged Food Only,True,USDA_SNAP+ACHD
Whole Foods Market 10242,"111 Siena Dr, Upper St Clair 15241",40.346088,-80.058052,full_grocery,Super Store,Chain Supermarket,True,USDA_SNAP+ACHD
Joes Butcher Shop,"502 Broadway, Pitcairn 15140",40.402035,-79.777718,full_grocery,Grocery Store,Retail/Convenience Store,True,USDA_SNAP+ACHD
Sheetz 619,"2871 Freeport Rd, Pittsburgh 15238",40.538578,-79.830887,convenience_limited,Convenience Store,Chain Retail/Convenience Store,True,USDA_SNAP+ACHD
Mckees Mart,"3111 Walnut St, McKeesport 15132",40.330902,-79.843445,other_food_retail,Convenience Store,Packaged Food Only,True,USDA_SNAP+ACHD
Speedway 2905,"303 Hulton Rd, Oakmont 15139",40.526009,-79.842438,convenience_limited,Convenience Store,Chain Retail/Convenience Store,True,USDA_SNAP+ACHD
Kajal Oil And Gas Inc 001,"127 McMurray Rd, Pittsburgh 15241",40.326485,-80.065742,convenience_limited,Convenience Store,,True,USDA_SNAP
Giant Eagle 91,"318 Cedar Ave, Pittsburgh 15212",40.45145,-80.001038,full_grocery,Super Store,,True,USDA_SNAP
Dollar General 14985,"5800 Buttermilk Hollow Rd, Pittsburgh 15207",40.365013,-79.908501,other_food_retail,Other,Chain Packaged Food Only,True,USDA_SNAP+ACHD
Lnc Store  9 Pitcairn Sunoco,"479 Broadway, Pitcairn 15140",40.401695,-79.778191,convenience_limited,Convenience Store,Chain Retail/Convenience Store,True,USDA_SNAP+ACHD
Dollar General 32038,"1200 Pittsburgh St, Cheswick 15024",40.540634,-79.803749,other_food_retail,Other,Chain Packaged Food Only,True,USDA_SNAP+ACHD
Prashant Mini Mart,"3646 Library Rd, Pittsburgh 15234",40.364918,-80.01944,convenience_limited,Convenience Store,,True,USDA_SNAP
DollarTree 4501,"4313 Walnut St, McKeesport 15132",40.322071,-79.833015,other_food_retail,Other,,True,USDA_SNAP
ALDI 69072,"3089 Sussex Ave, Baldwin Township 15226",40.383774,-80.014183,full_grocery,Supermarket,Chain Packaged Food Only,True,USDA_SNAP+ACHD
DollarTree 4522,"2350 Noblestown Rd, Pittsburgh 15205",40.427067,-80.05558,other_food_retail,Other,,True,USDA_SNAP
Dollar General 30649,"12818 Frankstown Rd, Pittsburgh 15235",40.480705,-79.821983,other_food_retail,Other,Chain Packaged Food Only,True,USDA_SNAP+ACHD
Sheraden Shoppe N Kitchen,"2827 Chartiers Ave, Pittsburgh 15204",40.453438,-80.054932,convenience_limited,Convenience Store,Retail/Convenience Store,True,USDA_SNAP+ACHD
Quick Sub Mart,"164 Freeport Rd, Pittsburgh 15238",40.491398,-79.866074,convenience_limited,Convenience Store,Chain Retail/Convenience Store,True,USDA_SNAP+ACHD
Maruti Convenience LLC,"1100 Fawcett Ave, White Oak 15131",40.352627,-79.825722,convenience_limited,Convenience Store,Retail/Convenience Store,True,USDA_SNAP+ACHD
Gk Foodmart Inc.,"1026 Walnut St, Mckeesport 15132",40.345345,-79.863747,convenience_limited,Convenience Store,Retail/Convenience Store,True,USDA_SNAP+ACHD
Farm Fresh Market Of Pittsburgh Inc,"226 N Negley Ave, Pittsburgh 15206",40.465454,-79.929451,full_grocery,Grocery Store,Retail/Convenience Store,True,USDA_SNAP+ACHD
Par Mar Store 90,"7021 Steubenville Pike, Oakdale 15071",40.444153,-80.174416,convenience_limited,Convenience Store,Chain Retail/Convenience Store,True,USDA_SNAP+ACHD
Giant Eagle 6379,"420 E Waterfront Dr, Homestead 15120",40.411018,-79.908493,full_grocery,Super Store,Chain Retail/Convenience Store,True,USDA_SNAP+ACHD
Par Mar Store 88,"431 W 7th Ave, Homestead 15120",40.402348,-79.917999,convenience_limited,Convenience Store,Chain Retail/Convenience Store,True,USDA_SNAP+ACHD
Par Mar Store 104,"501 Lowries Run Rd, Pittsburgh 15237",40.534248,-80.053116,convenience_limited,Convenience Store,Chain Retail/Convenience Store,True,USDA_SNAP+ACHD
Family Dollar 12193,"140 W 7th Ave, Tarentum 15084",40.600372,-79.760628,other_food_retail,Other,Chain Packaged Food Only,True,USDA_SNAP+ACHD
Kwik Fill 239,"152 McGovern Blvd, Crescent 15046",40.563625,-80.227875,convenience_limited,Convenience Store,Chain Retail/Convenience Store,True,USDA_SNAP+ACHD
Kwik Fill 246,"400 Allegheny River Blvd, Oakmont 15139",40.516479,-79.842865,convenience_limited,Convenience Store,Chain Retail/Convenience Store,True,USDA_SNAP+ACHD
Speedway 2911,"1200 Long Run Rd, White Oak 15131",40.333549,-79.812927,convenience_limited,Convenience Store,Chain Retail/Convenience Store,True,USDA_SNAP+ACHD
Spice N Sabzi,"1120 Park Manor Blvd, Pittsburgh 15205",40.453209,-80.162468,other_food_retail,Other,Chain Retail/Convenience Store,True,USDA_SNAP+ACHD
Giant Eagle 93,"600 Towne Square Way, Pittsburgh 15227",40.367905,-79.982513,full_grocery,Super Store,,True,USDA_SNAP
Be.wild.er Farm Llc,"7115 Ridge Rd, Natrona Heights 15065",40.657589,-79.747337,farmers_market,Farmers and Markets,,True,USDA_SNAP
GetGo 3013,"2414 5th Ave, McKeesport 15132",40.355335,-79.83564,convenience_limited,Convenience Store,Chain Retail/Convenience Store,True,USDA_SNAP+ACHD
Lizzies Dairy On Whitaker,"106 Whitaker St, Homestead 15120",40.401485,-79.888206,convenience_limited,Convenience Store,Retail/Convenience Store,True,USDA_SNAP+ACHD
Kingz Korner Market,"1417 N Lang Ave, Pittsburgh 15208",40.462669,-79.897758,convenience_limited,Convenience Store,Retail/Convenience Store,True,USDA_SNAP+ACHD
DollarTree 5828,"1516 Brighton Rd, Pittsburgh 15212",40.457397,-80.015732,other_food_retail,Other,,True,USDA_SNAP
Sunoco ARLINTON,"1643 Arlington Ave, Pittsburgh 15210",40.417816,-79.986694,convenience_limited,Convenience Store,Chain Retail/Convenience Store,True,USDA_SNAP+ACHD
GetGo 3476,"800 Allegheny River Blvd, Verona 15147",40.50737,-79.843391,convenience_limited,Convenience Store,Chain Retail/Convenience Store,True,USDA_SNAP+ACHD
DollarTree 6074,"7181 Saltsburg Rd, Pittsburgh 15235",40.476898,-79.789146,specialty_food,Other,Bakery,True,USDA_SNAP+ACHD
GetGo 3188,"1001 Lebanon Rd, West Mifflin 15122",40.361393,-79.931969,convenience_limited,Convenience Store,Chain Retail/Convenience Store,True,USDA_SNAP+ACHD
Dollar General 15784,"2301 Brownsville Rd, South Park 15129",40.298351,-79.994438,other_food_retail,Other,Chain Packaged Food Only,True,USDA_SNAP+ACHD
APlus 40164H,"1710 Washington Rd, Pittsburgh 15241",40.347973,-80.053047,convenience_limited,Convenience Store,,True,USDA_SNAP
Aplus 40224,"4639 Clairton Blvd, Pittsburgh 15236",40.355904,-79.979805,convenience_limited,Convenience Store,,True,USDA_SNAP
Dollar General 19684,"1701 Babcock Blvd, Millvale 15209",40.500275,-79.980591,other_food_retail,Other,Chain Packaged Food Only,True,USDA_SNAP+ACHD
Aldi 81,"3013 Washington Pike, Bridgeville 15017",40.354206,-80.114853,full_grocery,Supermarket,,True,USDA_SNAP
Family Dollar 11688,"1200 Swissvale Ave, Pittsburgh 15221",40.443134,-79.876694,other_food_retail,Other,Chain Packaged Food Only,True,USDA_SNAP+ACHD
LNC Brentwood 11,"3767 Brownsville Rd, Pittsburgh 15227",40.370502,-79.975128,convenience_limited,Convenience Store,Chain Retail/Convenience Store,True,USDA_SNAP+ACHD
CIO Store 18,"5340 Perry Hwy, Pittsburgh 15229",40.510017,-80.029587,convenience_limited,Convenience Store,,True,USDA_SNAP
La Poblanita International Inc,"801 4th Ave, Coraopolis 15108",40.520756,-80.169479,convenience_limited,Convenience Store,Retail/Convenience Store,True,USDA_SNAP+ACHD
GetGo 3021,"7675 McKnight Rd, Pittsburgh 15237",40.545223,-80.017082,convenience_limited,Convenience Store,Chain Retail/Convenience Store,True,USDA_SNAP+ACHD
Buttermilk Hollow Shop N Save 21-4088,"4647 Buttermilk Hollow Rd, West Mifflin 15122",40.360996,-79.90654,full_grocery,Super Store,Chain Supermarket,True,USDA_SNAP+ACHD
B & M Market Llc 0,"3038 Chartiers Ave, Pittsburgh 15204",40.454063,-80.059494,other_food_retail,Convenience Store,Packaged Food Only,True,USDA_SNAP+ACHD
Bethel Park Cash N Save,"3405 S Park Rd, Bethel Park 15102",40.32143,-80.057053,convenience_limited,Convenience Store,Chain Retail/Convenience Store,True,USDA_SNAP+ACHD
DollarTree 7202,"2860 Wildwood Road Ext, Allison Park 15101",40.590294,-79.946892,other_food_retail,Other,,True,USDA_SNAP
Dhale Market Inc,"811 Wood St, Pittsburgh 15221",40.442406,-79.885498,other_food_retail,Convenience Store,Retail/Convenience Store,True,USDA_SNAP+ACHD
GetGo 3488,"5603 Babcock Boulevard, Pittsburgh 15237",40.546913,-80.029327,convenience_limited,Convenience Store,Chain Retail/Convenience Store,True,USDA_SNAP+ACHD
Aldi 93,"7221 McKnight Rd, Ross Township 15237",40.537319,-80.011223,full_grocery,Supermarket,,True,USDA_SNAP
Giant Eagle 18,"1671 Butler Plank Rd, Glenshaw 15116",40.537663,-79.965134,full_grocery,Super Store,Chain Retail/Convenience Store,True,USDA_SNAP+ACHD
Trend Market 3,"711 Broadway Ave, MC Kees Rocks 15136",40.472443,-80.073761,convenience_limited,Convenience Store,,True,USDA_SNAP
The Quick Serve,"400 Union Ave, Bellevue 15202",40.505806,-80.06144,convenience_limited,Convenience Store,,True,USDA_SNAP
GetGo 3032,"10500 Perry Hwy, Wexford 15090",40.609539,-80.052605,convenience_limited,Convenience Store,Chain Retail/Convenience Store,True,USDA_SNAP+ACHD
GetGo 3600,"2811 Jacks Run Rd, White Oak 15131",40.338196,-79.807678,convenience_limited,Convenience Store,Chain Retail/Convenience Store,True,USDA_SNAP+ACHD
Monroeville Grocery Llc,"312 Mall Blvd, Monroeville 15146",40.434807,-79.786293,full_grocery,Supermarket,,True,USDA_SNAP
GetGo 3108,"10525 Frankstown Rd, Pittsburgh 15235",40.460499,-79.843254,convenience_limited,Convenience Store,Chain Retail/Convenience Store,True,USDA_SNAP+ACHD
Unimart,"551 N State St, Clairton 15025",40.309601,-79.890945,convenience_limited,Convenience Store,Chain Retail/Convenience Store,True,USDA_SNAP+ACHD
Speedway 2910,"5701 Grand Ave, Pittsburgh 15225",40.511734,-80.1325,convenience_limited,Convenience Store,Chain Retail/Convenience Store,True,USDA_SNAP+ACHD
Dollar General 31767,"210 9th St, Glassport 15045",40.320751,-79.892082,other_food_retail,Other,Chain Packaged Food Only,True,USDA_SNAP+ACHD
Crossroad Sunoco Neighbourhood Market,"4600 Homestead Duquesne Rd, West Mifflin 15122",40.376308,-79.894196,convenience_limited,Convenience Store,Chain Retail/Convenience Store,True,USDA_SNAP+ACHD
Hanini's Market,"2625 Brownsville Rd, Pittsburgh 15227",40.385017,-79.978188,convenience_limited,Convenience Store,Chain Retail/Convenience Store,True,USDA_SNAP+ACHD
DOLLARTREE 11472,"1130 Perry Hwy, Pittsburgh 15237",40.547295,-80.035561,other_food_retail,Other,,True,USDA_SNAP
Six Guys Grocers Inc,"10293 Perry Hwy, Wexford 15090",40.603165,-80.050072,other_food_retail,Other,,True,USDA_SNAP
Dollar General 31200,"4934 2nd Ave, Pittsburgh 15207",40.408981,-79.944183,other_food_retail,Other,Chain Retail/Convenience Store,True,USDA_SNAP+ACHD
Fresh Thyme Market 451BDG,"1155 Washington Pk, Bridgeville 15017",40.368591,-80.102608,full_grocery,Super Store,,True,USDA_SNAP
Fresh Thyme Market 452PLH,"665 Clairton Blvd, Pittsburgh 15236",40.329353,-79.945076,full_grocery,Super Store,,True,USDA_SNAP
Speedway 2906,"1700 Lincoln Hwy, North Versailles 15137",40.370361,-79.786156,convenience_limited,Convenience Store,Chain Retail/Convenience Store,True,USDA_SNAP+ACHD
Kay United Inc,"570 Miller Ave, Clairton 15025",40.29269,-79.883102,convenience_limited,Convenience Store,Retail/Convenience Store,True,USDA_SNAP+ACHD
Par Mar Store 60,"7208 State Route 908, Tarentum 15084",40.659119,-79.781952,convenience_limited,Convenience Store,Chain Retail/Convenience Store,True,USDA_SNAP+ACHD
Fifth Avenue Food Market Llc,"1701 5th Ave, Pittsburgh 15219",40.438488,-79.982468,full_grocery,Grocery Store,Retail/Convenience Store,True,USDA_SNAP+ACHD
Edna S Market & Deli,"529 Mount Pleasant Rd, Pittsburgh 15214",40.477821,-80.000206,convenience_limited,Convenience Store,Chain Retail/Convenience Store,True,USDA_SNAP+ACHD
Deep Asian Groceries,"4010 Saw Mill Run Blvd, Pittsburgh 15227",40.368999,-79.983498,full_grocery,Grocery Store,Retail/Convenience Store,True,USDA_SNAP+ACHD
Par Mar Store 81,"921 Brodhead Rd, Coraopolis 15108",40.517426,-80.221893,convenience_limited,Convenience Store,Chain Retail/Convenience Store,True,USDA_SNAP+ACHD
Brooklyn 2 Market Inc,"7926 Frankstown Ave, Pittsburgh 15221",40.455254,-79.884956,other_food_retail,Convenience Store,Packaged Food Only,True,USDA_SNAP+ACHD
Roadside Distributors Inc,"188 Butler St, Pittsburgh 15223",40.493336,-79.948311,convenience_limited,Convenience Store,Retail/Convenience Store,True,USDA_SNAP+ACHD
Curry Hollow Sunoco,"370 Curry Hollow Rd, Pittsburgh 15236",40.336803,-79.97863,convenience_limited,Convenience Store,Chain Retail/Convenience Store,True,USDA_SNAP+ACHD
DOLLAR GENERAL 19007,"700 E Warrington Ave, Pittsburgh 15210",40.421753,-79.995491,farmers_market,Other,Seasonal/Farmers Market,True,USDA_SNAP+ACHD
DOLLAR GENERAL 19281,"7402 Church St, Swissvale 15218",40.421944,-79.890114,other_food_retail,Other,,True,USDA_SNAP
DOLLAR EAGLE DISCOUNTS,"1552 Beechview Ave, Pittsburgh 15216",40.410713,-80.025009,other_food_retail,Convenience Store,Packaged Food Only,True,USDA_SNAP+ACHD
Edgewood Avenue Express Inc. Convenienc,"253 Edgewood Ave, Pittsburgh 15218",40.43026,-79.884354,convenience_limited,Convenience Store,Retail/Convenience Store,True,USDA_SNAP+ACHD
Deep Oil Corporation,"2105 Walnut St, McKeesport 15132",40.336369,-79.852737,convenience_limited,Convenience Store,Chain Retail/Convenience Store,True,USDA_SNAP+ACHD
DOLLAR GENERAL 19485,"289 Oak Rd, Gibsonia 15044",40.629856,-79.888435,other_food_retail,Other,Chain Packaged Food Only,True,USDA_SNAP+ACHD
Aldi 69060,"1040 Village Center Dr, Tarentum 15084",40.567204,-79.802254,full_grocery,Supermarket,,True,USDA_SNAP
Rebel 910,"6999 Clairton Rd, West Mifflin 15122",40.345139,-79.938957,convenience_limited,Convenience Store,Chain Retail/Convenience Store,True,USDA_SNAP+ACHD
The Avenue,"1614 Penn Ave, Pittsburgh 15221",40.442871,-79.86721,convenience_limited,Convenience Store,Retail/Convenience Store,True,USDA_SNAP+ACHD
7-eleven Store 36189A,"6250 Library Rd, Bethel Park 15102",40.293461,-80.031151,convenience_limited,Convenience Store,Chain Retail/Convenience Store,True,USDA_SNAP+ACHD
Sunoco,"7701 Penn Ave, Pittsburgh 15221",40.446556,-79.89325,convenience_limited,Convenience Store,Chain Retail/Convenience Store,True,USDA_SNAP+ACHD
White Oak Mini Mart,"1513 Lincoln Way, White Oak 15131",40.348915,-79.818016,convenience_limited,Convenience Store,Retail/Convenience Store,True,USDA_SNAP+ACHD
DollarTree 6413,"4680 Old William Penn Hwy, Monroeville 15146",40.440285,-79.742294,other_food_retail,Other,,True,USDA_SNAP
Lotus Food,"1649 Penn Ave, Pittsburgh 15222",40.449608,-79.986259,full_grocery,Grocery Store,Supermarket,True,USDA_SNAP+ACHD
Thompson Run Market,"333 Thompson Run Rd, Pittsburgh 15237",40.527672,-79.988708,convenience_limited,Convenience Store,Retail/Convenience Store,True,USDA_SNAP+ACHD
Uni Mart Port Vue,"1181 Romine Ave, McKeesport 15133",40.342308,-79.871338,convenience_limited,Convenience Store,Chain Retail/Convenience Store,True,USDA_SNAP+ACHD
7-Eleven Store 36195,"2 Heckel Rd, McKees Rocks 15136",40.474373,-80.094933,other_food_retail,Convenience Store,Chain Retail/Convenience Store,True,USDA_SNAP+ACHD
Kuhn's Market,"537 W. Ingomar Road, Ingomar 15127",40.582069,-80.050919,full_grocery,Super Store,,True,USDA_SNAP
Nataliya's European Food Market,"4370 Murray Ave, Pittsburgh 15217",40.419895,-79.928581,full_grocery,Grocery Store,Retail/Convenience Store,True,USDA_SNAP+ACHD
Waad Mini Mart,"7006 Frankstown Ave, Pittsburgh 15208",40.458382,-79.900787,other_food_retail,Convenience Store,Packaged Food Only,True,USDA_SNAP+ACHD
Happy Mart,"1100 Penn Ave, Pittsburgh 15221",40.440899,-79.877411,convenience_limited,Convenience Store,Retail/Convenience Store,True,USDA_SNAP+ACHD
Forest Hills Farmers Market,"4400 Greensburg Pike, Pittsburgh 15221",40.41769,-79.840485,farmers_market,Farmers and Markets,,True,USDA_SNAP
Tom Friday's Market,"3639 California Ave, Pittsburgh 15212",40.481148,-80.041649,full_grocery,Grocery Store,Retail/Convenience Store,True,USDA_SNAP+ACHD
The Hotspot Of Glassport,"601 Monongahela Ave, Glassport 15045",40.325863,-79.892082,convenience_limited,Convenience Store,Retail/Convenience Store,True,USDA_SNAP+ACHD
ALDI 69065,"2830 Gracy Center Way, Coraopolis 15108",40.517616,-80.216225,full_grocery,Supermarket,Chain Packaged Food Only,True,USDA_SNAP+ACHD
Dhillon Mart Inc,"1 Duncan Station Rd, McKeesport 15135",40.286583,-79.812935,convenience_limited,Convenience Store,Retail/Convenience Store,True,USDA_SNAP+ACHD
Groceria Merante,"3454 Bates St, Pittsburgh 15213",40.436619,-79.955414,full_grocery,Grocery Store,Retail/Convenience Store,True,USDA_SNAP+ACHD
CIO Store 19,"4100A Steubenville Pike, Pittsburgh 15205",40.440056,-80.084404,convenience_limited,Convenience Store,,True,USDA_SNAP
DOLLAR GENERAL 18694,"1517 State Route 51, Clairton 15025",40.299698,-79.9216,other_food_retail,Other,Chain Packaged Food Only,True,USDA_SNAP+ACHD
Sheetz 610,"211 Mount Nebo Rd, Pittsburgh 15237",40.531303,-80.07019,convenience_limited,Convenience Store,,True,USDA_SNAP
Rahma Grocery And Halal Meat,"409 E Main St, Carnegie 15106",40.410366,-80.082191,other_food_retail,Other,Retail/Convenience Store,True,USDA_SNAP+ACHD
Par Mar Store 75,"710 Brown Ave, Turtle Creek 15145",40.426041,-79.834785,convenience_limited,Convenience Store,,True,USDA_SNAP
CVS 10767,"4664 Browns Hill Rd, Pittsburgh 15217",40.414097,-79.923134,other_food_retail,Other,Chain Packaged Food Only,True,USDA_SNAP+ACHD
CVS Pharmacy 5103,"1003 California Ave, Natrona Heights 15065",40.618511,-79.732513,other_food_retail,Other,Chain Packaged Food Only,True,USDA_SNAP+ACHD
Walmart Supercenter 4644,"7500 University Blvd, Moon Township 15108",40.51498,-80.222328,full_grocery,Super Store,,True,USDA_SNAP
Freeman Family Farm And Greenhouse 0,"1426 Juniata St, Pittsburgh 15233",40.456871,-80.028328,full_grocery,Grocery Store,Retail/Convenience Store,True,USDA_SNAP+ACHD
LNC McKees Rocks 15,"137 Clever Rd, MC Kees Rocks 15136",40.469604,-80.100403,convenience_limited,Convenience Store,,True,USDA_SNAP
Bob's Autotorium Inc,"1408 River Rd, Homestead 15120",40.403496,-79.88253,convenience_limited,Convenience Store,Retail/Convenience Store,True,USDA_SNAP+ACHD
Dollar General Store 17160,"1227 State Route 837, Jefferson Hills 15025",40.315754,-79.897614,other_food_retail,Other,,True,USDA_SNAP
In & Out Corner Market,"300 Helen St, McKees Rocks 15136",40.47398,-80.057198,convenience_limited,Convenience Store,Retail/Convenience Store,True,USDA_SNAP+ACHD
Sheetz 677,"3109 Washington Pike, Bridgeville 15017",40.348637,-80.111542,convenience_limited,Convenience Store,Chain Retail/Convenience Store,True,USDA_SNAP+ACHD
Sheetz 678,"973 William Flynn Hwy, Glenshaw 15116",40.513885,-79.952347,convenience_limited,Convenience Store,,True,USDA_SNAP
7-eleven Store #40243a 40243A,"310 Cedar Ave, Pittsburgh 15212",40.451134,-80.000679,convenience_limited,Convenience Store,Chain Retail/Convenience Store,True,USDA_SNAP+ACHD
Giant Penn 915,"2 Rich Hill Rd, Cheswick 15024",40.549671,-79.838539,convenience_limited,Convenience Store,,True,USDA_SNAP
Elizabeth Giant Eagle 1614,"800 McKeesport Rd, Elizabeth 15037",40.27993,-79.875702,full_grocery,Other,Chain Supermarket,True,USDA_SNAP+ACHD
P&w Mini Mart 1,"410 Scenery Dr, Elizabeth 15037",40.277,-79.837448,convenience_limited,Convenience Store,Chain Retail/Convenience Store,True,USDA_SNAP+ACHD
Sheraden Tobacco Outlet Inc,"649 Hillsboro St, Pittsburgh 15204",40.453259,-80.054085,convenience_limited,Convenience Store,,True,USDA_SNAP
Super Mart Braddock,"524 Braddock Ave, Braddock 15104",40.403988,-79.869644,convenience_limited,Convenience Store,Retail/Convenience Store,True,USDA_SNAP+ACHD
Sheetz 617,"2615 Nicholson Rd, Sewickley 15143",40.612438,-80.099915,convenience_limited,Convenience Store,Chain Retail/Convenience Store,True,USDA_SNAP+ACHD
Giant Eagle 2425,"517 Beaver St, Sewickley 15143",40.540085,-80.179573,other_food_retail,Other,Chain Packaged Food Only,True,USDA_SNAP+ACHD
Speedway 2916,"4315 Kennywood Blvd, West Mifflin 15122",40.390274,-79.868843,convenience_limited,Convenience Store,Chain Retail/Convenience Store,True,USDA_SNAP+ACHD
7-Eleven Store #40217A,"4779 Liberty Ave, Pittsburgh 15224",40.461189,-79.947304,other_food_retail,Convenience Store,Chain Retail/Convenience Store,True,USDA_SNAP+ACHD
CIO Stores LLC 21 21,"1605 5th Ave, Pittsburgh 15219",40.438534,-79.983665,convenience_limited,Convenience Store,Retail/Convenience Store,True,USDA_SNAP+ACHD
North Versailles Save A Lot,"355 Lincoln Hwy, North Versailles 15137",40.384495,-79.821281,full_grocery,Supermarket,Chain Supermarket,True,USDA_SNAP+ACHD
Family Dollar 12885,"3430 William Penn Hwy, Pittsburgh 15235",40.429108,-79.812935,farmers_market,Other,Seasonal/Farmers Market,True,USDA_SNAP+ACHD
Speedway 6721,"50 Angelina Ave, McKees Rocks 15136",40.47295,-80.060486,convenience_limited,Convenience Store,Chain Retail/Convenience Store,True,USDA_SNAP+ACHD
APlus 40233H,"19090 Perry Hwy, Mars 16046",40.673698,-80.09845,convenience_limited,Convenience Store,,True,USDA_SNAP
Jimman Sunoco,"2904 5th Ave, McKeesport 15132",40.358383,-79.831238,convenience_limited,Convenience Store,Chain Retail/Convenience Store,True,USDA_SNAP+ACHD
Noble Asian Shwe Myanmar Grocery Store Llc,"2830 Clairton Blvd, Pittsburgh 15227",40.377949,-79.988205,full_grocery,Grocery Store,Retail/Convenience Store,True,USDA_SNAP+ACHD
Mckeesport Valero,"231 5th Ave, McKeesport 15132",40.351181,-79.865479,convenience_limited,Convenience Store,Chain Retail/Convenience Store,True,USDA_SNAP+ACHD
Westwood Asian Bazaar,"2165 Noblestown Rd, Pittsburgh 15205",40.429836,-80.053444,full_grocery,Grocery Store,Retail/Convenience Store,True,USDA_SNAP+ACHD
Euro Mart,"4150 Saw Mill Run Blvd, Pittsburgh 15227",40.366058,-79.984848,other_food_retail,Convenience Store,Packaged Food Only,True,USDA_SNAP+ACHD
Greenfield Tobacco Shop Llc,"4205 Murray Ave, Pittsburgh 15217",40.422935,-79.928459,other_food_retail,Convenience Store,Packaged Food Only,True,USDA_SNAP+ACHD
7-Eleven 40288,"2000 Eastern Ave, Verona 15147",40.521042,-79.814064,convenience_limited,Convenience Store,Chain Retail/Convenience Store,True,USDA_SNAP+ACHD
DollarTree 1272,"2830 Gracy Center Way, Coraopolis 15108",40.517616,-80.216225,other_food_retail,Other,,True,USDA_SNAP
Lnc Store 13  Bp Lnc 13,"4731 Buttermilk Hollow Rd, West Mifflin 15122",40.359383,-79.90802,other_food_retail,Convenience Store,Chain Retail/Convenience Store,True,USDA_SNAP+ACHD
Penn Express Mart Llc,"12120 Frankstown Rd, Pittsburgh 15235",40.471107,-79.819756,other_food_retail,Convenience Store,Packaged Food Only,True,USDA_SNAP+ACHD
Brooklyn Foodmart Corporation,"1500 Lincoln Ave, Pittsburgh 15206",40.468678,-79.895844,other_food_retail,Convenience Store,Packaged Food Only,True,USDA_SNAP+ACHD
Dollar General 31355,"5410 Keeport Dr, Pittsburgh 15236",40.337006,-79.979744,other_food_retail,Other,Chain Retail/Convenience Store,True,USDA_SNAP+ACHD
5th Avenue Convenience,"336 5th Ave, McKeesport 15132",40.351048,-79.863319,other_food_retail,Convenience Store,Packaged Food Only,True,USDA_SNAP+ACHD
Bombay Food Market,"4605 Centre Ave, Pittsburgh 15213",40.452148,-79.951782,full_grocery,Grocery Store,,True,USDA_SNAP
CK Mart Sharpsburgh,"501 N Main St, Pittsburgh 15215",40.494808,-79.936752,convenience_limited,Convenience Store,Chain Retail/Convenience Store,True,USDA_SNAP+ACHD
Family Dollar 12168,"2116 Brownsville Rd, Pittsburgh 15210",40.392666,-79.986618,other_food_retail,Other,Chain Packaged Food Only,True,USDA_SNAP+ACHD
Oriental Market,"7300 Old McKnight Rd, Pittsburgh 15237",40.537045,-80.010185,full_grocery,Supermarket,,True,USDA_SNAP
Farmer Girl Eb,"1 Noblestown Rd, Pittsburgh 15205",40.44043,-80.035797,full_grocery,Grocery Store,Retail/Convenience Store,True,USDA_SNAP+ACHD
Sheetz 705,"2400 Lebanon Church Rd, West Mifflin 15122",40.34819,-79.938156,convenience_limited,Convenience Store,Chain Retail/Convenience Store,True,USDA_SNAP+ACHD
Dollar General 21679,"1930 Spring Garden Ave, Pittsburgh 15212",40.469845,-79.985909,other_food_retail,Other,Chain Packaged Food Only,True,USDA_SNAP+ACHD
Carnegie Farmers Market,"111 E Main St, Carnegie 15106",40.40749,-80.08654,farmers_market,Farmers and Markets,Retail/Convenience Store,True,USDA_SNAP+ACHD
7 Eleven - 40172 40172,"3505 Library Rd, Pittsburgh 15234",40.366364,-80.014503,convenience_limited,Convenience Store,Chain Retail/Convenience Store,True,USDA_SNAP+ACHD
7-Eleven Store 36187,"4630 William Flynn Hwy, Allison Park 15101",40.59066,-79.947563,convenience_limited,Convenience Store,Chain Retail/Convenience Store,True,USDA_SNAP+ACHD
7-Eleven Store 36138,"740 W Ingomar Rd, Pittsburgh 15237",40.581692,-80.055992,convenience_limited,Convenience Store,Chain Retail/Convenience Store,True,USDA_SNAP+ACHD
Bp Carson Street N/A,"1006 E Carson St, Pittsburgh 15203",40.428524,-79.988274,convenience_limited,Convenience Store,Chain Retail/Convenience Store,True,USDA_SNAP+ACHD
7-eleven Store 40110a,"600 Rodi Rd, Pittsburgh 15235",40.449184,-79.827499,convenience_limited,Convenience Store,Chain Retail/Convenience Store,True,USDA_SNAP+ACHD
Sheetz 679,"1297 Washington Pike, Bridgeville 15017",40.37608,-80.098251,convenience_limited,Convenience Store,Chain Retail/Convenience Store,True,USDA_SNAP+ACHD
CIO Stores LLC 26 26,"411 Perry Hwy, Pittsburgh 15229",40.518433,-80.032051,convenience_limited,Convenience Store,Chain Retail/Convenience Store,True,USDA_SNAP+ACHD
Neupane Brothers Llc N/A,"308 Curry Hollow Rd, Pittsburgh 15236",40.337521,-79.976082,full_grocery,Grocery Store,Retail/Convenience Store,True,USDA_SNAP+ACHD
Brownsville Beer And Convenience,"224 Brownsville Rd, Pittsburgh 15210",40.41539,-79.98777,other_food_retail,Convenience Store,Packaged Food Only,True,USDA_SNAP+ACHD
The Blue Slide Market,"2333 Beechwood Blvd, Pittsburgh 15217",40.433201,-79.914513,convenience_limited,Convenience Store,,True,USDA_SNAP
Pashupati Llc,"721 Island Ave, McKees Rocks 15136",40.472889,-80.062088,convenience_limited,Convenience Store,,True,USDA_SNAP
7-eleven Store 35968b,"525 Perry Hwy, Pittsburgh 15229",40.522503,-80.034737,convenience_limited,Convenience Store,Chain Retail/Convenience Store,True,USDA_SNAP+ACHD
Dollar General 21279,"960 Unity Center Rd, Plum 15239",40.479942,-79.763626,other_food_retail,Other,Chain Packaged Food Only,True,USDA_SNAP+ACHD
Ukani Brothers,"2900 Banksville Rd, Pittsburgh 15216",40.403049,-80.041542,convenience_limited,Convenience Store,Retail/Convenience Store,True,USDA_SNAP+ACHD
California Mini Mart LLC,"3901 California Ave, Pittsburgh 15212",40.485088,-80.042328,convenience_limited,Convenience Store,Retail/Convenience Store,True,USDA_SNAP+ACHD
Double Fresh Llc 426,"5250 Brownsville Road, Pittsburgh 15236",40.342293,-79.985275,full_grocery,Other,Supermarket,True,USDA_SNAP+ACHD
Sam's Club 6679,"2251 Century Dr, West Mifflin 15122",40.343906,-79.949051,full_grocery,Super Store,Chain Retail/Convenience Store,True,USDA_SNAP+ACHD
Hazelwood Market Of Pittsburgh Inc,"5009 2nd Ave, Pittsburgh 15207",40.408245,-79.94339,full_grocery,Convenience Store,Retail/Convenience Store,True,USDA_SNAP+ACHD
Par Mar Store 200,"101 Mile Lock Ln, Brackenridge 15014",40.604538,-79.73423,convenience_limited,Convenience Store,Chain Retail/Convenience Store,True,USDA_SNAP+ACHD
Par Mar Store 56,"8197 McKnight Rd, Pittsburgh 15237",40.55751,-80.023376,convenience_limited,Convenience Store,Chain Retail/Convenience Store,True,USDA_SNAP+ACHD
Sturges Orchards,"1738 Penn Ave, Pittsburgh 15222",40.449936,-79.98558,farmers_market,Farmers and Markets,,True,USDA_SNAP
Community Market Bloomfield 96,"4401 Liberty Ave, Pittsburgh 15224",40.464138,-79.952065,full_grocery,Super Store,Chain Supermarket,True,USDA_SNAP+ACHD
BJ's Wholesale Club Inc. 388,"4000 Victoria St, Bridgeville 15017",40.359829,-80.127457,full_grocery,Super Store,,True,USDA_SNAP
Produce Marketplace,"519 Saint Clair Ave, Clairton 15025",40.293354,-79.886345,convenience_limited,Convenience Store,Retail/Convenience Store,True,USDA_SNAP+ACHD
Monroeville Farmers Market,"200 Mall Circle Dr., Pittsburgh 15219",40.429188,-79.795311,farmers_market,Farmers and Markets,,True,USDA_SNAP
Baraka International Market Inc.,"2740 Saw Mill Run Blvd, Pittsburgh 15227",40.378273,-79.991417,full_grocery,Grocery Store,Packaged Food Only,True,USDA_SNAP+ACHD
Family Dollar 12538,"10707 Frankstown Rd, Pittsburgh 15235",40.461151,-79.841858,other_food_retail,Other,,True,USDA_SNAP
Whole Foods Market 10694,"5700 Penn Avenue, Pittsburgh 15206",40.462753,-79.928749,full_grocery,Super Store,Chain Supermarket,True,USDA_SNAP+ACHD
Z&a Enterprise Llc N/A,"2800 Brownsville Rd, Pittsburgh 15227",40.383442,-79.977524,convenience_limited,Convenience Store,Retail/Convenience Store,True,USDA_SNAP+ACHD
Kaas Enterprise Llc,"1017 4th Ave, Coraopolis 15108",40.518318,-80.162811,full_grocery,Supermarket,Supermarket,True,USDA_SNAP+ACHD
Wilkinsburg Farmers Market,"739 Penn Ave, Wilkinsburg 15221",40.443558,-79.883682,farmers_market,Farmers and Markets,,True,USDA_SNAP
7-eleven Store #36131b 36131B,"10 W Prospect Ave, Pittsburgh 15205",40.445267,-80.066078,convenience_limited,Convenience Store,Retail/Convenience Store,True,USDA_SNAP+ACHD
Bellevue Farmers Market,"34 N Balph Ave, Pittsburgh 15202",40.496513,-80.054329,farmers_market,Farmers and Markets,,True,USDA_SNAP
DollarTree 8562,"2858 Banksville Rd, Pittsburgh 15216",40.404572,-80.039886,other_food_retail,Other,Chain Packaged Food Only,True,USDA_SNAP+ACHD
La Madina Mediterranean Halal Market,"2880 Banksville Rd, Pittsburgh 15216",40.404137,-80.040634,full_grocery,Grocery Store,Retail/Convenience Store,True,USDA_SNAP+ACHD
Lawrenceville Farmers Market,"115 41st St, Pittsburgh 15201",40.471462,-79.963829,farmers_market,Farmers and Markets,,True,USDA_SNAP
Global Food Market,"1200 Hodgkiss St, Pittsburgh 15212",40.46767,-80.026886,full_grocery,Grocery Store,Retail/Convenience Store,True,USDA_SNAP+ACHD
Blackberry Meadows Farm,"7115 Ridge Rd, Natrona Heights 15065",40.657578,-79.74733,farmers_market,Farmers and Markets,,True,USDA_SNAP
7-eleven Store #40169a 40169A,"1001 Washington Pike, Bridgeville 15017",40.364525,-80.109421,convenience_limited,Convenience Store,Chain Retail/Convenience Store,True,USDA_SNAP+ACHD
Giant Penn 902,"7338 Butler St, Pittsburgh 15206",40.487453,-79.919861,convenience_limited,Convenience Store,Chain Retail/Convenience Store,True,USDA_SNAP+ACHD
Forbes Street Market,"3955 Forbes Ave, Pittsburgh 15260",40.442791,-79.955254,full_grocery,Grocery Store,Chain Retail/Convenience Store,True,USDA_SNAP+ACHD
Damauli Bazar,"600 Old Clairton Rd, Pittsburgh 15236",40.325451,-79.957047,full_grocery,Grocery Store,Packaged Food Only,True,USDA_SNAP+ACHD
Dollar General 20881,"2417 Brownsville Rd, Pittsburgh 15210",40.387127,-79.982269,other_food_retail,Other,Chain Packaged Food Only,True,USDA_SNAP+ACHD
Jeet's Sunoco no,"5457 Perrysville Ave, Pittsburgh 15229",40.513458,-80.030685,convenience_limited,Convenience Store,Chain Retail/Convenience Store,True,USDA_SNAP+ACHD
Unimart Brownsville Rd,"1926 Brownsville Rd, Pittsburgh 15210",40.3951,-79.98716,convenience_limited,Convenience Store,Chain Retail/Convenience Store,True,USDA_SNAP+ACHD
Marathon,"2022 Washington Rd, Heidelburg 15106",40.387718,-80.08992,convenience_limited,Convenience Store,,True,USDA_SNAP
DollarTree 9021,"7219 McKnight Rd, Pittsburgh 15237",40.538021,-80.013359,other_food_retail,Other,,True,USDA_SNAP
Super Snacks Mart LLC,"817 E Warrington Ave, Pittsburgh 15210",40.421967,-79.993057,other_food_retail,Convenience Store,Packaged Food Only,True,USDA_SNAP+ACHD
Global Fresh Halal Meat & Groceries,"4411 Old William Penn Hwy, Monroeville 15146",40.445995,-79.764297,full_grocery,Grocery Store,Retail/Convenience Store,True,USDA_SNAP+ACHD
Dollar General 22867,"1108 Milltown Rd, Verona 15147",40.498741,-79.789368,other_food_retail,Other,Chain Packaged Food Only,True,USDA_SNAP+ACHD
Dollar General 22935,"2501 Mosside Blvd, Monroeville 15146",40.425907,-79.754646,other_food_retail,Other,Chain Packaged Food Only,True,USDA_SNAP+ACHD
Pronios Food Services Llc,"1055 Unity Center Rd, Pittsburgh 15239",40.478172,-79.759918,specialty_food,Specialty Store,Retail/Convenience Store,True,USDA_SNAP+ACHD
Rocks Express,"700 Frederick St, McKees Rocks 15136",40.47134,-80.064957,other_food_retail,Convenience Store,Retail/Convenience Store,True,USDA_SNAP+ACHD
Nepali Bazaar Llc,"4040 Saw Mill Run Blvd, Pittsburgh 15227",40.367764,-79.984116,full_grocery,Grocery Store,Packaged Food Only,True,USDA_SNAP+ACHD
Bp Gas Station,"1001 Evergreen Ave, Pittsburgh 15209",40.490726,-79.971939,convenience_limited,Convenience Store,Chain Retail/Convenience Store,True,USDA_SNAP+ACHD
7-eleven Store #40106a 40106A,"195 N Craig St, Pittsburgh 15213",40.449333,-79.951042,convenience_limited,Convenience Store,Retail/Convenience Store,True,USDA_SNAP+ACHD
Z Corner Store,"520 Pittsburgh Mills Cir, Tarentum 15084",40.575214,-79.794685,convenience_limited,Convenience Store,,True,USDA_SNAP
Save-a-lot,"725 Ross Ave, Pittsburgh 15221",40.442791,-79.884163,full_grocery,Supermarket,Chain Supermarket,True,USDA_SNAP+ACHD
7-Eleven 40101,"1201 AIRPORT BLVD, PITTSBURG 15231",40.497334,-80.256706,convenience_limited,Convenience Store,,True,USDA_SNAP
Orquidea Latin Market,"4415 Old William Penn Hwy, Monroeville 15146",40.446121,-79.763611,full_grocery,Grocery Store,Packaged Food Only,True,USDA_SNAP+ACHD
Munhall Gas,"2907 Homestead Duquesne Rd, Homestead 15120",40.391281,-79.893707,other_food_retail,Convenience Store,Retail/Convenience Store,True,USDA_SNAP+ACHD
Deluca's Deli & Catering,"546 Brookline Blvd, Pittsburgh 15226",40.395241,-80.022591,full_grocery,Grocery Store,Chain Bakery,True,USDA_SNAP+ACHD
Kiev International Market,"4223 Murray Ave, Pittsburgh 15217",40.422344,-79.928635,other_food_retail,Other,Retail/Convenience Store,True,USDA_SNAP+ACHD
Homewood Quick Pick N/A,"7201 Frankstown Ave, Pittsburgh 15208",40.457523,-79.896095,other_food_retail,Convenience Store,Retail/Convenience Store,True,USDA_SNAP+ACHD
Sunoco Bellevue N/A,"4528 Ohio River Blvd, Pittsburgh 15202",40.492054,-80.061394,convenience_limited,Convenience Store,Chain Retail/Convenience Store,True,USDA_SNAP+ACHD
Aldi 69048,"3995 William Penn Hwy, Monroeville 15146",40.43837,-79.772926,full_grocery,Supermarket,Chain Packaged Food Only,True,USDA_SNAP+ACHD
Dhaliwal Bros LLC,"808 Liberty Ave, Pittsburgh 15222",40.44252,-79.998764,other_food_retail,Convenience Store,Retail/Convenience Store,True,USDA_SNAP+ACHD
Grow Pittsburgh Farm Stands,"1000 Braddock Ave, Braddock 15104",40.399052,-79.863136,farmers_market,Farmers and Markets,,True,USDA_SNAP
BJ's Wholesale Club 387,"6720 Northway Dr, Pittsburgh 15237",40.55138,-80.021736,full_grocery,Super Store,,True,USDA_SNAP
Duquesne Super Mart Inc,"9 S 2nd St, Duquesne 15110",40.372902,-79.846657,convenience_limited,Convenience Store,Retail/Convenience Store,True,USDA_SNAP+ACHD
Unimart,"3400 Versailles Ave, McKeesport 15132",40.34462,-79.837158,convenience_limited,Convenience Store,Chain Retail/Convenience Store,True,USDA_SNAP+ACHD
Fudi Asian Mart,"5020 Centre Ave, Pittsburgh 15213",40.454197,-79.943596,full_grocery,Grocery Store,Chain Retail/Convenience Store,True,USDA_SNAP+ACHD
Mt. Washington Farmers Market,"403 Grandview Ave, Pittsburgh 15211",40.434341,-80.011864,farmers_market,Farmers and Markets,,True,USDA_SNAP
Grab N Go,"7261 Steubenville Pike, Oakdale 15071",40.442585,-80.18615,convenience_limited,Convenience Store,Retail/Convenience Store,True,USDA_SNAP+ACHD
Bob Exxon,"2602 Freeport Rd, Natrona Heights 15065",40.633564,-79.713821,convenience_limited,Convenience Store,Chain Retail/Convenience Store,True,USDA_SNAP+ACHD
Fresh International Market,"7511 Thomas Blvd, Pittsburgh 15208",40.449638,-79.894691,full_grocery,Supermarket,Chain Supermarket,True,USDA_SNAP+ACHD
The Original Hotspot,"539 Monongahela Ave, Glassport 15045",40.326244,-79.892181,convenience_limited,Convenience Store,,True,USDA_SNAP
Par Mar Store 204,"901 Ohio River Blvd, Pittsburgh 15202",40.495754,-80.06646,convenience_limited,Convenience Store,Chain Retail/Convenience Store,True,USDA_SNAP+ACHD
Cogos 1780,"3402 Main St, Homestead 15120",40.386532,-79.903084,convenience_limited,Convenience Store,Chain Retail/Convenience Store,True,USDA_SNAP+ACHD
Momin Enterprise Llc,"3242 Brighton Rd, Pittsburgh 15212",40.476307,-80.031456,convenience_limited,Convenience Store,Retail/Convenience Store,True,USDA_SNAP+ACHD
Lucky Raj Mart,"619 McGovern Blvd, Coraopolis 15108",40.545181,-80.219177,other_food_retail,Convenience Store,Packaged Food Only,True,USDA_SNAP+ACHD
Quick Pizza & Hogie,"3565 Harts Run Rd, Pittsburgh 15238",40.545757,-79.902061,convenience_limited,Convenience Store,,True,USDA_SNAP
Kuhn's Market 3,"1130 Highwood St, Pittsburgh 15212",40.468643,-80.026672,full_grocery,Supermarket,Chain Supermarket,True,USDA_SNAP+ACHD
Kuhn's Market 4,"3125 Banksville Rd, Pittsburgh 15216",40.39978,-80.043343,full_grocery,Super Store,Chain Supermarket,True,USDA_SNAP+ACHD
Braddock Foodmart,"529 4th St, Braddock 15104",40.407314,-79.869179,convenience_limited,Convenience Store,Retail/Convenience Store,True,USDA_SNAP+ACHD
B Express Mart 2,"3518 Brownsville Rd, Pittsburgh 15227",40.374413,-79.975861,full_grocery,Grocery Store,Chain Retail/Convenience Store,True,USDA_SNAP+ACHD
Mcneilly Food Mart,"580 McNeilly Rd, Pittsburgh 15226",40.383499,-80.02018,convenience_limited,Convenience Store,Chain Retail/Convenience Store,True,USDA_SNAP+ACHD
Millvale Market,"524 Grant Ave, Pittsburgh 15209",40.48103,-79.974724,convenience_limited,Convenience Store,Retail/Convenience Store,True,USDA_SNAP+ACHD
Giant Eagle 29,"1356 Hoffman Blvd, West Mifflin 15122",40.384293,-79.868217,full_grocery,Super Store,Chain Supermarket,True,USDA_SNAP+ACHD
Ravi S Mart,"967 Liberty Ave, Pittsburgh 15222",40.443802,-79.995674,other_food_retail,Convenience Store,Retail/Convenience Store,True,USDA_SNAP+ACHD
Smile Stop Llc,"2615 Liberty Way, Mckeesport 15133",40.328598,-79.856117,other_food_retail,Convenience Store,Chain Packaged Food Only,True,USDA_SNAP+ACHD
Target Store T3392,"482 Smithfield St, Pittsburgh 15219",40.439861,-79.998718,full_grocery,Super Store,Chain Packaged Food Only,True,USDA_SNAP+ACHD
Sunoco Pittsburgh,"900 Butler St, Pittsburgh 15223",40.511627,-79.946655,convenience_limited,Convenience Store,Chain Retail/Convenience Store,True,USDA_SNAP+ACHD
Par Mar Store 203,"899 Freeport Rd, Creighton 15030",40.582066,-79.778885,convenience_limited,Convenience Store,Chain Retail/Convenience Store,True,USDA_SNAP+ACHD
Baldwin Indo Grocery,"5403 Clairton Blvd, Pittsburgh 15236",40.343071,-79.968338,full_grocery,Grocery Store,Retail/Convenience Store,True,USDA_SNAP+ACHD
Svs Desi Bazaar,"6521 Robinson Center Dr, Pittsburgh 15205",40.455456,-80.162018,convenience_limited,Convenience Store,Retail/Convenience Store,True,USDA_SNAP+ACHD
Gurbani LLC,"544 North Ave, Millvale 15209",40.485039,-79.972786,convenience_limited,Convenience Store,Retail/Convenience Store,True,USDA_SNAP+ACHD
Dc Foodmart,"929 Union Ave, McKeesport 15132",40.346779,-79.854538,convenience_limited,Convenience Store,Retail/Convenience Store,True,USDA_SNAP+ACHD
Giant Penn 912,"103 E 22nd Ave, Homestead 15120",40.397713,-79.902771,convenience_limited,Convenience Store,Chain Retail/Convenience Store,True,USDA_SNAP+ACHD
7-Eleven Store 36188,"4775 Mcknight Rd, Pittsburgh 15237",40.521473,-80.005562,convenience_limited,Convenience Store,Chain Retail/Convenience Store,True,USDA_SNAP+ACHD
Arlington Mart Llc,"2208 Arlington Ave, Pittsburgh 15210",40.417149,-79.975533,convenience_limited,Convenience Store,Retail/Convenience Store,True,USDA_SNAP+ACHD
Olympia Shop N Save,"4313 Walnut St, McKeesport 15132",40.322071,-79.833015,full_grocery,Supermarket,,True,USDA_SNAP
Dravosburg Mini Mart,"209 3rd St, Dravosburg 15034",40.349098,-79.891602,other_food_retail,Convenience Store,Retail/Convenience Store,True,USDA_SNAP+ACHD
A & E Deli,"105 Brownsville Rd, Pittsburgh 15210",40.417347,-79.986526,convenience_limited,Convenience Store,Retail/Convenience Store,True,USDA_SNAP+ACHD
ALDI 60025 60025,"114 Chartiers Ave, McKees Rocks 15136",40.463543,-80.056862,full_grocery,Supermarket,,True,USDA_SNAP
51 Express Mart,"5150 Clairton Blvd, Pittsburgh 15236",40.343929,-79.97197,full_grocery,Grocery Store,Retail/Convenience Store,True,USDA_SNAP+ACHD
Giant 914,"2619 Wexford Bayne Rd, Sewickley 15143",40.615261,-80.09903,convenience_limited,Convenience Store,,True,USDA_SNAP
Giant Eagle 69,"9001 Frankstown Rd, Pittsburgh 15235",40.462677,-79.865265,full_grocery,Super Store,Chain Supermarket,True,USDA_SNAP+ACHD
Dollar General 23440,"201 Starr Rd, Russellton 15076",40.617573,-79.834961,other_food_retail,Other,Chain Packaged Food Only,True,USDA_SNAP+ACHD
GetGo 3705,"410 Chestnut St, Carnegie 15106",40.409344,-80.082344,other_food_retail,Convenience Store,Chain Packaged Food Only,True,USDA_SNAP+ACHD
GetGo 3489,"2401 Ferguson Rd, Allison Park 15101",40.555656,-79.971382,convenience_limited,Convenience Store,Chain Retail/Convenience Store,True,USDA_SNAP+ACHD
GetGo 3641,"3029 Washington Pike, Bridgeville 15017",40.353016,-80.114136,other_food_retail,Convenience Store,Chain Retail/Convenience Store,True,USDA_SNAP+ACHD
GetGo 3137,"8A Quaker Vlg Shpg Ctr, Leetsdale 15056",40.558773,-80.204765,convenience_limited,Convenience Store,Chain Retail/Convenience Store,True,USDA_SNAP+ACHD
GetGo 3064,"4924 Baum Blvd, Pittsburgh 15213",40.454578,-79.945808,convenience_limited,Convenience Store,Chain Retail/Convenience Store,True,USDA_SNAP+ACHD
Giant Eagle 45,"9805 McKnight Rd, Pittsburgh 15237",40.584927,-80.040855,full_grocery,Super Store,Chain Packaged Food Only,True,USDA_SNAP+ACHD
Giant Eagle 67,"8080 McIntyre Sq Dr, PITTSBURGH 15237",40.556938,-80.018425,full_grocery,Super Store,,True,USDA_SNAP
Mariam Supermarket Inc 1,"413 Commerce St, Wilmerding 15148",40.392788,-79.80912,other_food_retail,Convenience Store,Packaged Food Only,True,USDA_SNAP+ACHD
Bethel Park Farmers' Market,"30 Corrigan Dr, Bethel Park 15102",40.327065,-80.018402,farmers_market,Farmers and Markets,,True,USDA_SNAP
Target Store 1270,"1717 Lebanon Church Rd, Pittsburgh 15236",40.34779,-79.95163,full_grocery,Super Store,,True,USDA_SNAP
K & D LLC,"105 Seminary Ave, Oakdale 15071",40.396637,-80.183594,convenience_limited,Convenience Store,,True,USDA_SNAP
Dukes Shaler Sunoco,"1329 Babcock Blvd, Pittsburgh 15209",40.495773,-79.976852,convenience_limited,Convenience Store,Chain Retail/Convenience Store,True,USDA_SNAP+ACHD
Uni-Mart,"298 Knoedler Rd, Pittsburgh 15236",40.341736,-79.981544,convenience_limited,Convenience Store,Chain Retail/Convenience Store,True,USDA_SNAP+ACHD
GetGo 3038,"5801 Forward Ave, Pittsburgh 15217",40.429985,-79.923187,convenience_limited,Convenience Store,Chain Retail/Convenience Store,True,USDA_SNAP+ACHD
Kuhn s Market,"700 Beulah Rd, Turtle Creek 15145",40.426727,-79.835388,full_grocery,Super Store,Chain Supermarket,True,USDA_SNAP+ACHD
J L Kennedy Meat Stand,"344 N Sheridan Ave, Pittsburgh 15206",40.464432,-79.921524,specialty_food,Specialty Store,Retail/Convenience Store,True,USDA_SNAP+ACHD
Dollar General 31874,"109 Allegheny River Blvd, Oakmont 15139",40.512653,-79.842865,other_food_retail,Other,,True,USDA_SNAP
Brookline Sunoco,"533 Brookline Blvd, Pittsburgh 15226",40.395721,-80.022652,convenience_limited,Convenience Store,Chain Retail/Convenience Store,True,USDA_SNAP+ACHD
4TH E wood Market,"245 4th Ave, Pittsburgh 15222",40.439518,-80.001625,other_food_retail,Convenience Store,Packaged Food Only,True,USDA_SNAP+ACHD
Wilkins Shop N Save,"3335 William Penn Hwy, Pittsburgh 15235",40.432346,-79.817902,full_grocery,Super Store,Chain Supermarket,True,USDA_SNAP+ACHD
GetGo 3379,"430 E Waterfront Dr, Homestead 15120",40.41243,-79.908882,convenience_limited,Convenience Store,Chain Retail/Convenience Store,True,USDA_SNAP+ACHD
Abes Market,"1860 Centre Ave, Pittsburgh 15219",40.44278,-79.980812,other_food_retail,Convenience Store,Retail/Convenience Store,True,USDA_SNAP+ACHD
White Oak Giant Eagle,"2001 Lincoln Way, White Oak 15131",40.337402,-79.80867,full_grocery,Super Store,,True,USDA_SNAP
Djs Quick Stop,"345 Route 30, Clinton 15026",40.497066,-80.362083,convenience_limited,Convenience Store,,True,USDA_SNAP
Us Gas,"4215 Ohio River Blvd, Pittsburgh 15202",40.487545,-80.056,other_food_retail,Convenience Store,Packaged Food Only,True,USDA_SNAP+ACHD
Mega Deli,"995 Greensburg Pike, East Pittsburgh 15112",40.416763,-79.839432,convenience_limited,Convenience Store,Retail/Convenience Store,True,USDA_SNAP+ACHD
Dollar General 24733,"3582 Saxonburg Rd, Natrona Heights 15065",40.666954,-79.72966,other_food_retail,Other,Chain Retail/Convenience Store,True,USDA_SNAP+ACHD
Triangle Convenience Store 1,"101 Amanda Ave, Pittsburgh 15210",40.414539,-79.988243,convenience_limited,Convenience Store,Retail/Convenience Store,True,USDA_SNAP+ACHD
Giant Eagle 72,"910 Freeport Rd, Pittsburgh 15238",40.488525,-79.892212,full_grocery,Super Store,,True,USDA_SNAP
GetGo 3043,"140 Towne Centre Blvd, Wexford 15090",40.631508,-80.055733,convenience_limited,Convenience Store,Chain Retail/Convenience Store,True,USDA_SNAP+ACHD
GetGo 3060,"4000 Monroeville Blvd, Monroeville 15146",40.435406,-79.772583,convenience_limited,Convenience Store,Chain Retail/Convenience Store,True,USDA_SNAP+ACHD
Giant Eagle 2,"1800 McKees Rocks Rd, MC Kees Rocks 15136",40.467796,-80.097649,full_grocery,Super Store,Chain Supermarket,True,USDA_SNAP+ACHD
Giant Eagle 47,"100 Settlers Ridge Center Dr, Pittsburgh 15205",40.441647,-80.151352,full_grocery,Super Store,Chain Supermarket,True,USDA_SNAP+ACHD
N And S 1 LLC,"3112 Chartiers Ave, Pittsburgh 15204",40.453705,-80.061562,other_food_retail,Convenience Store,Packaged Food Only,True,USDA_SNAP+ACHD
News Corner,"A15 Monroeville Mall, Monroeville 15146",40.43264,-79.795464,convenience_limited,Convenience Store,,True,USDA_SNAP
GetGo 3399,"317 Old Haymaker Rd, Monroeville 15146",40.445229,-79.759781,convenience_limited,Convenience Store,Chain Retail/Convenience Store,True,USDA_SNAP+ACHD
Lincoln Mini Mart Inc,"1403 Lincoln Avenue, Pittsburgh 15206",40.468136,-79.896988,other_food_retail,Convenience Store,Chain Retail/Convenience Store,True,USDA_SNAP+ACHD
Juba Grocery Store Llc,"2721 Brownsville Rd, Pittsburgh 15227",40.383789,-79.977356,full_grocery,Grocery Store,Packaged Food Only,True,USDA_SNAP+ACHD
GetGo 3107,"4000 Butler St, Pittsburgh 15201",40.468689,-79.961678,convenience_limited,Convenience Store,,True,USDA_SNAP
Bryant Street Market,"5901 Bryant Street, Pittsburgh 15206",40.475685,-79.919601,full_grocery,Grocery Store,Packaged Food Only,True,USDA_SNAP+ACHD
Stop & Shop Convenience,"2110 Ardmore Blvd, Pittsburgh 15221",40.419338,-79.849854,convenience_limited,Convenience Store,Retail/Convenience Store,True,USDA_SNAP+ACHD
GetGo 3280,"1700 William Flynn Hwy, Glenshaw 15116",40.538128,-79.961708,full_grocery,Convenience Store,Chain Retail/Convenience Store,True,USDA_SNAP+ACHD
GetGo 3117,"117 S 18th St, Pittsburgh 15203",40.427551,-79.980347,convenience_limited,Convenience Store,Chain Retail/Convenience Store,True,USDA_SNAP+ACHD
ALDI 80002 80002,"6290 Northway Dr, Pittsburgh 15237",40.551971,-80.023262,full_grocery,Supermarket,,True,USDA_SNAP
GetGo 3003,"3247 E Carson St, Pittsburgh 15203",40.423176,-79.960098,convenience_limited,Convenience Store,Chain Retail/Convenience Store,True,USDA_SNAP+ACHD
Marathon,"710 W 5th Ave, Mckeesport 15132",40.346626,-79.880852,convenience_limited,Convenience Store,Chain Retail/Convenience Store,True,USDA_SNAP+ACHD
The Elliotts Town Market,"928 Chartiers Ave, Pittsburgh 15220",40.443832,-80.040421,other_food_retail,Convenience Store,Retail/Convenience Store,True,USDA_SNAP+ACHD
DollarTree 9506,"4900 Library Rd, Bethel Park 15102",40.345737,-80.027855,other_food_retail,Other,Retail/Convenience Store,True,USDA_SNAP+ACHD
Leonard Labriola's Italian Store,"112 Northgate Dr, Warrendale 15086",40.650532,-80.078217,full_grocery,Supermarket,Chain Supermarket,True,USDA_SNAP+ACHD
GetGo 3616,"3601 Saw Mill Run Blvd, Pittsburgh 15227",40.372204,-79.981277,other_food_retail,Convenience Store,Chain Retail/Convenience Store,True,USDA_SNAP+ACHD
Uni-Mart,"830 Allegheny River Blvd, Oakmont 15139",40.524696,-79.840996,convenience_limited,Convenience Store,Chain Retail/Convenience Store,True,USDA_SNAP+ACHD
Bhangal Llc,"1003 Freeport Rd, Cheswick 15024",40.540619,-79.814148,convenience_limited,Convenience Store,Chain Retail/Convenience Store,True,USDA_SNAP+ACHD
Babcock Sunoco,"3278 Babcock Blvd, Pittsburgh 15237",40.530476,-80.017662,other_food_retail,Convenience Store,Chain Packaged Food Only,True,USDA_SNAP+ACHD
Brookline Minimartt,"1001 Brookline Blvd, Pittsburgh 15226",40.392315,-80.017296,convenience_limited,Convenience Store,Chain Retail/Convenience Store,True,USDA_SNAP+ACHD
Cousins Market,"1694 Laketon Rd, Pittsburgh 15221",40.449059,-79.867775,other_food_retail,Convenience Store,Packaged Food Only,True,USDA_SNAP+ACHD
KUHNS MARKET,"4801 McKnight Rd, Pittsburgh 15237",40.528229,-80.007042,full_grocery,Super Store,,True,USDA_SNAP
GetGo 3130,"1636 Cochran Rd, Pittsburgh 15220",40.39185,-80.060623,convenience_limited,Convenience Store,Chain Retail/Convenience Store,True,USDA_SNAP+ACHD
Kum & Go,"262 5th Ave, Pittsburgh 15222",40.440674,-80.00061,other_food_retail,Convenience Store,Chain Packaged Food Only,True,USDA_SNAP+ACHD
Clairton Mini Mart Inc,"540 Saint Clair Ave, Clairton 15025",40.293232,-79.887077,convenience_limited,Convenience Store,Retail/Convenience Store,True,USDA_SNAP+ACHD
GetGo 3147,"1599 S Braddock Ave, Pittsburgh 15218",40.427235,-79.889305,convenience_limited,Convenience Store,Chain Retail/Convenience Store,True,USDA_SNAP+ACHD
Fishes And Loaves Cooperative Ministries,"131 E Elizabeth St, Pittsburgh 15207",40.407532,-79.941986,farmers_market,Farmers and Markets,,True,USDA_SNAP
ROCHESTER ROAD SHOP AND SAVE,"184 Rochester Rd, West View 15229",40.520245,-80.018051,full_grocery,Super Store,Chain Supermarket,True,USDA_SNAP+ACHD
Tarentum Mini Mart,"331 E 6th Ave, Tarentum 15084",40.603249,-79.752762,convenience_limited,Convenience Store,,True,USDA_SNAP
Hamro Llc,"4994 Library Rd, Bethel Park 15102",40.342625,-80.027107,full_grocery,Grocery Store,,True,USDA_SNAP
Grab N Go,"1010 Clifton Rd, Bethel Park 15102",40.297604,-80.045807,convenience_limited,Convenience Store,Chain Retail/Convenience Store,True,USDA_SNAP+ACHD
Red Wolf Trading,"2168 Centre Ave, Pittsburgh 15219",40.445141,-79.976547,convenience_limited,Convenience Store,Retail/Convenience Store,True,USDA_SNAP+ACHD
Shop N Go One,"6001 Buttermilk Hollow Rd, Pittsburgh 15207",40.362659,-79.907257,convenience_limited,Convenience Store,Chain Retail/Convenience Store,True,USDA_SNAP+ACHD
GetGo 3691,"4099 Grandview Dr, Gibsonia 15044",40.642937,-79.938026,convenience_limited,Convenience Store,Chain Retail/Convenience Store,True,USDA_SNAP+ACHD
7- Eleven - F 119,"22 Grant Ave, Pittsburgh 15223",40.503883,-79.948753,convenience_limited,Convenience Store,Chain Retail/Convenience Store,True,USDA_SNAP+ACHD
Sitaram Oil Corporation,"2000 S Braddock Ave, Pittsburgh 15218",40.422035,-79.88588,convenience_limited,Convenience Store,Chain Retail/Convenience Store,True,USDA_SNAP+ACHD
GLENSHAW SHOP N SAVE,"917 Butler St, Pittsburgh 15223",40.511402,-79.949158,full_grocery,Super Store,Chain Supermarket,True,USDA_SNAP+ACHD
Rojels Foods LLC/ Bethel Park Shop N Save,"5001 Library Road, Bethel Park 15102",40.342155,-80.025978,full_grocery,Super Store,,True,USDA_SNAP
ALDI 74060 74060,"2348 Ardmore Blvd, Pittsburgh 15221",40.416534,-79.848167,full_grocery,Supermarket,Chain Packaged Food Only,True,USDA_SNAP+ACHD
South Park Xpress,"4114 Brownsville Rd, South Park 15129",40.286903,-80.021744,full_grocery,Grocery Store,Packaged Food Only,True,USDA_SNAP+ACHD
IMPERIAL SHOP N SAVE,"600 Market Place Dr, Oakdale 15071",40.440228,-80.241295,full_grocery,Supermarket,Chain Supermarket,True,USDA_SNAP+ACHD
GetGo 3667,"1820 Lincoln Hwy, North Versailles 15137",40.367817,-79.781219,convenience_limited,Convenience Store,Chain Retail/Convenience Store,True,USDA_SNAP+ACHD
GetGo 3023,"1250 Chartiers Ave, MC Kees Rocks 15136",40.465538,-80.073631,convenience_limited,Convenience Store,Chain Retail/Convenience Store,True,USDA_SNAP+ACHD
GetGo 3650,"4900 Steubenville Pike, Pittsburgh 15205",40.449608,-80.106415,convenience_limited,Convenience Store,Chain Retail/Convenience Store,True,USDA_SNAP+ACHD
GetGo 3057,"6513 Steubenville Pike, Pittsburgh 15205",40.447365,-80.162834,other_food_retail,Convenience Store,Chain Packaged Food Only,True,USDA_SNAP+ACHD
Uni Mart,"2321 Worton Blvd, West Mifflin 15122",40.360252,-79.87178,convenience_limited,Convenience Store,Chain Retail/Convenience Store,True,USDA_SNAP+ACHD
United Brother Llc,"1761 Pine Hollow Rd, McKees Rocks 15136",40.475693,-80.100464,convenience_limited,Convenience Store,Retail/Convenience Store,True,USDA_SNAP+ACHD
7-Eleven 36143B,"601 Penn Ave, Pittsburgh 15222",40.443115,-80.001999,convenience_limited,Convenience Store,Chain Retail/Convenience Store,True,USDA_SNAP+ACHD
South Park Sunoco,"5660 Brownsville Rd, Pittsburgh 15236",40.330643,-79.987984,convenience_limited,Convenience Store,Chain Retail/Convenience Store,True,USDA_SNAP+ACHD
Cogos1784,"1530 Potomac Ave, Pittsburgh 15216",40.39732,-80.035736,convenience_limited,Convenience Store,,True,USDA_SNAP
GetGo 3005,"998 Hayden Blvd, Elizabeth 15037",40.264595,-79.878822,other_food_retail,Convenience Store,Chain Packaged Food Only,True,USDA_SNAP+ACHD
GetGo 3109,"436 Lincoln Hwy, East MC Keesport 15035",40.380581,-79.811539,convenience_limited,Convenience Store,Chain Retail/Convenience Store,True,USDA_SNAP+ACHD
Bridgeville Giant Eagle 1241,"1025 Washington Pike, Bridgeville 15017",40.364407,-80.110413,full_grocery,Super Store,,True,USDA_SNAP
Tigermart Exxon,"5700 Homeville Rd, West Mifflin 15122",40.36628,-79.87162,convenience_limited,Convenience Store,Chain Retail/Convenience Store,True,USDA_SNAP+ACHD
7-Eleven Store 2701 36124B,"1400 Radford Rd, Pittsburgh 15227",40.36401,-79.967728,convenience_limited,Convenience Store,Chain Retail/Convenience Store,True,USDA_SNAP+ACHD
Harvest On Main,"808 Main St, Pittsburgh 15215",40.494827,-79.934189,convenience_limited,Convenience Store,,True,USDA_SNAP
Many More Asian Market,"3050 Smallman St, Pittsburgh 15201",40.460068,-79.972733,full_grocery,Grocery Store,Supermarket,True,USDA_SNAP+ACHD
Giant Eagle 60,"4010 Monroeville Blvd, Monroeville 15146",40.432102,-79.772667,full_grocery,Super Store,Chain Supermarket,True,USDA_SNAP+ACHD
Dollar General 24234,"1225 Chartiers Ave, McKees Rocks 15136",40.464703,-80.071632,other_food_retail,Other,Chain Retail/Convenience Store,True,USDA_SNAP+ACHD
7-eleven Store 2701 36185A,"2269 Noblestown Rd, Pittsburgh 15205",40.4282,-80.05352,convenience_limited,Convenience Store,Chain Retail/Convenience Store,True,USDA_SNAP+ACHD
Keystone Mini Mart Inc,"932 Penn Ave, Turtle Creek 15145",40.404022,-79.824615,convenience_limited,Convenience Store,Retail/Convenience Store,True,USDA_SNAP+ACHD
Steel Vape And Mart Inc,"2961 W Liberty Ave, Pittsburgh 15216",40.393684,-80.035423,convenience_limited,Convenience Store,Retail/Convenience Store,True,USDA_SNAP+ACHD
Cogo's 1493,"620 Lincoln Ave, Bellevue 15202",40.497578,-80.058922,convenience_limited,Convenience Store,Chain Retail/Convenience Store,True,USDA_SNAP+ACHD
GetGo 3172,"1081 Freeport Rd, Pittsburgh 15238",40.487926,-79.883728,convenience_limited,Convenience Store,Chain Retail/Convenience Store,True,USDA_SNAP+ACHD
Fueland 228,"1927 Brownsville Rd, Pittsburgh 15210",40.395298,-79.986801,convenience_limited,Convenience Store,Chain Retail/Convenience Store,True,USDA_SNAP+ACHD
7-eleven Inc F 36193A,"999 Greentree Rd, Pittsburgh 15220",40.416752,-80.044968,convenience_limited,Convenience Store,Chain Retail/Convenience Store,True,USDA_SNAP+ACHD
7-eleven Store 2701 36191A,"8136 Ohio River Blvd, Pittsburgh 15202",40.510258,-80.094368,convenience_limited,Convenience Store,Chain Retail/Convenience Store,True,USDA_SNAP+ACHD
Blue Nile Mini Mart Inc,"2152 Wylie Ave, Pittsburgh 15219",40.445515,-79.977455,convenience_limited,Convenience Store,Retail/Convenience Store,True,USDA_SNAP+ACHD
Pines Plaza Shop-n-save 21-1325,"1130 Perry Hwy, Pittsburgh 15237",40.547703,-80.03672,full_grocery,Supermarket,,True,USDA_SNAP
Gulf Bridgeville,"449 Railroad St, Bridgeville 15017",40.357914,-80.110336,convenience_limited,Convenience Store,Chain Retail/Convenience Store,True,USDA_SNAP+ACHD
Rossi's Market,"64 Forest Grove Rd, Coraopolis 15108",40.481182,-80.130737,convenience_limited,Convenience Store,Retail/Convenience Store,True,USDA_SNAP+ACHD
Swissvale Farmers Market NAFNMP,"7301 Schoyer Ave, Pittsburgh 15218",40.423512,-79.893562,farmers_market,Farmers and Markets,,True,USDA_SNAP
Giant Penn 909,"5738 Smithfield St, McKeesport 15135",40.311047,-79.824821,convenience_limited,Convenience Store,Chain Retail/Convenience Store,True,USDA_SNAP+ACHD
Ak&Ak United Inc dba Ak Schwartz Market,"1901 5th Ave, Pittsburgh 15219",40.438339,-79.979271,full_grocery,Convenience Store,Retail/Convenience Store,True,USDA_SNAP+ACHD
Giant Eagle 43,"155 Towne Centre Dr, Wexford 15090",40.631577,-80.05455,full_grocery,Super Store,Chain Supermarket,True,USDA_SNAP+ACHD
Giant Eagle 64,"3812 Oneil Blvd, McKeesport 15132",40.347309,-79.831345,full_grocery,Super Store,Chain Supermarket,True,USDA_SNAP+ACHD
Sisters Grocery,"2950 Brownsville Rd, Pittsburgh 15227",40.381481,-79.976547,convenience_limited,Convenience Store,Retail/Convenience Store,True,USDA_SNAP+ACHD
GetGo 3106,"408 Penn Ave, Pittsburgh 15221",40.444904,-79.889297,convenience_limited,Convenience Store,Chain Retail/Convenience Store,True,USDA_SNAP+ACHD
Sj Retail Services Llc,"1704 Pennsylvania Ave, West Mifflin 15122",40.362118,-79.859055,convenience_limited,Convenience Store,,True,USDA_SNAP
Grandview Store,"1902 Grandview Ave, McKeesport 15132",40.340019,-79.83699,convenience_limited,Convenience Store,,True,USDA_SNAP
Come-N-Go,"2003 S Braddock Ave, Pittsburgh 15218",40.422104,-79.885483,convenience_limited,Convenience Store,Retail/Convenience Store,True,USDA_SNAP+ACHD
Lampert's Market,"2010 Eden Park Blvd, McKeesport 15132",40.342628,-79.829147,full_grocery,Convenience Store,Supermarket,True,USDA_SNAP+ACHD
The Fresh Market 266,"5880 Centre Ave, Pittsburgh 15206",40.458466,-79.928978,full_grocery,Supermarket,,True,USDA_SNAP
7-eleven Store 2701 36186A,"3915 William Flynn Hwy, Allison Park 15101",40.559368,-79.959244,convenience_limited,Convenience Store,Chain Retail/Convenience Store,True,USDA_SNAP+ACHD
819 Liberty LLC,"819 Liberty Ave, Pittsburgh 15222",40.443108,-79.998344,convenience_limited,Convenience Store,Retail/Convenience Store,True,USDA_SNAP+ACHD
Super Stop Convenience Store Inc.,"430 Kenmawr Ave, Rankin 15104",40.411827,-79.876274,convenience_limited,Convenience Store,Retail/Convenience Store,True,USDA_SNAP+ACHD
Las Palmas Iga 2,"1616 Broadway Ave, Pittsburgh 15216",40.410118,-80.02478,full_grocery,Grocery Store,Chain Supermarket,True,USDA_SNAP+ACHD
K & Z LLC,"101 Fern Hollow Rd, Coraopolis 15108",40.520992,-80.192963,convenience_limited,Convenience Store,Chain Retail/Convenience Store,True,USDA_SNAP+ACHD
Dollar General 31781,"1211 Chartiers Ave, Pittsburgh 15220",40.445492,-80.043228,other_food_retail,Other,,True,USDA_SNAP
Braddock Avenue Express,"1101 S Braddock Ave, Pittsburgh 15218",40.432709,-79.893913,specialty_food,Convenience Store,Packaged Food Only,True,USDA_SNAP+ACHD
Heidelberg Shop N Save,"2100 Washington Pike, Carnegie 15106",40.386105,-80.092674,full_grocery,Super Store,Chain Supermarket,True,USDA_SNAP+ACHD
CASTLE SHANNON SHOP N SAVE,"799 Castle Shannon Blvd, Pittsburgh 15234",40.368637,-80.028931,full_grocery,Super Store,Chain Supermarket,True,USDA_SNAP+ACHD
Bloomfield Bp,"4006 Liberty Ave, Pittsburgh 15224",40.462864,-79.956894,convenience_limited,Convenience Store,Chain Retail/Convenience Store,True,USDA_SNAP+ACHD
Giant Eagle 1619,"1705 S Braddock Ave, Pittsburgh 15218",40.425644,-79.886856,full_grocery,Super Store,Chain Supermarket,True,USDA_SNAP+ACHD
Bailie Food Mart,"2316 Bailey Ave, McKeesport 15132",40.341343,-79.848839,convenience_limited,Convenience Store,Retail/Convenience Store,True,USDA_SNAP+ACHD
7-eleven Store 2701 36183A,"209 Ohio River Blvd, Sewickley 15143",40.544964,-80.193504,convenience_limited,Convenience Store,Chain Retail/Convenience Store,True,USDA_SNAP+ACHD
Quality Foods Corp - DBA/ Kuhn's Market 5 5,"2413 Ferguson Rd, Allison Park 15101",40.555687,-79.971794,full_grocery,Super Store,,True,USDA_SNAP
BP To Go,"1600 S Braddock Ave, Pittsburgh 15218",40.427029,-79.89061,convenience_limited,Convenience Store,Chain Retail/Convenience Store,True,USDA_SNAP+ACHD
Century Square Shop N Save,"2381 Mountain View Dr, West Mifflin 15122",40.346218,-79.943558,full_grocery,Super Store,,True,USDA_SNAP
Elizabeth Pharmacy Inc.,"5041 2nd Ave, Pittsburgh 15207",40.4072,-79.943268,other_food_retail,Convenience Store,Packaged Food Only,True,USDA_SNAP+ACHD
7-eleven Store 36159A,"1350 Wildwood Rd, Gibsonia 15044",40.594669,-79.994194,convenience_limited,Convenience Store,Chain Retail/Convenience Store,True,USDA_SNAP+ACHD
Strip District Meats,"2121 Penn Ave, Pittsburgh 15222",40.452065,-79.98262,full_grocery,Super Store,,True,USDA_SNAP
Marathon,"956 Greentree Rd, Pittsburgh 15220",40.419632,-80.046539,convenience_limited,Convenience Store,Chain Retail/Convenience Store,True,USDA_SNAP+ACHD
Gibsonia Giant Eagle 1291,"400 Northtowne Sq, Gibsonia 15044",40.636471,-79.941765,full_grocery,Super Store,Chain Supermarket,True,USDA_SNAP+ACHD
LNC Duquesne 17,"818 Duquesne Blvd, Duquesne 15110",40.382771,-79.85675,convenience_limited,Convenience Store,Chain Retail/Convenience Store,True,USDA_SNAP+ACHD
Miami Market Inc. 1,"646 Herron Ave, Pittsburgh 15219",40.452477,-79.964241,other_food_retail,Convenience Store,Packaged Food Only,True,USDA_SNAP+ACHD
Mckees Mart,"713 Chartiers Ave, McKees Rocks 15136",40.465519,-80.062103,convenience_limited,Convenience Store,Retail/Convenience Store,True,USDA_SNAP+ACHD
Hook's Market,"11632 Frankstown Rd, Pittsburgh 15235",40.465096,-79.827499,other_food_retail,Convenience Store,Packaged Food Only,True,USDA_SNAP+ACHD
Balaji Holdings Inc,"509 E Ohio St, Pittsburgh 15212",40.453377,-80.000153,specialty_food,Convenience Store,Chain Bakery,True,USDA_SNAP+ACHD
Sheetz 852,"5800 Grand Ave, Pittsburgh 15225",40.513111,-80.133217,convenience_limited,Convenience Store,Chain Retail/Convenience Store,True,USDA_SNAP+ACHD
Sheetz 253,"251 Curry Hollow Rd, Pittsburgh 15236",40.336151,-79.970589,convenience_limited,Convenience Store,Chain Retail/Convenience Store,True,USDA_SNAP+ACHD
LNC BP 18,"4311 Steubenville Pike, Pittsburgh 15205",40.440079,-80.093178,convenience_limited,Convenience Store,Chain Retail/Convenience Store,True,USDA_SNAP+ACHD
Marathon,"6680 Frankstown Ave, Pittsburgh 15206",40.458553,-79.908569,convenience_limited,Convenience Store,Chain Retail/Convenience Store,True,USDA_SNAP+ACHD
Right Market On Penn Inc,"1028 Penn Ave, Wilkinsburg 15221",40.44136,-79.87838,other_food_retail,Convenience Store,Packaged Food Only,True,USDA_SNAP+ACHD
G's Mini Mart Corp,"200 3rd St, Carnegie 15106",40.403587,-80.089882,convenience_limited,Convenience Store,Retail/Convenience Store,True,USDA_SNAP+ACHD
Giant Penn 905,"3800 Walnut St, McKeesport 15132",40.325531,-79.839729,convenience_limited,Convenience Store,Chain Retail/Convenience Store,True,USDA_SNAP+ACHD
Baldwin Sunoco,"2929 Churchview Ave, Pittsburgh 15227",40.385384,-79.973122,convenience_limited,Convenience Store,Chain Retail/Convenience Store,True,USDA_SNAP+ACHD
New Road Nepali-Indo-Mart 1,"2300 Noblestown Rd, Pittsburgh 15205",40.427837,-80.054321,full_grocery,Grocery Store,Retail/Convenience Store,True,USDA_SNAP+ACHD
Rim Market,"641 Broadway Ave, MC Kees Rocks 15136",40.471638,-80.072624,convenience_limited,Convenience Store,Retail/Convenience Store,True,USDA_SNAP+ACHD
White Oak Giant Eagle 1220,"2001 Lincoln Way, Allegheny 15131",40.335518,-79.804024,full_grocery,Super Store,,True,USDA_SNAP
Giant Penn 917,"4100 Grandview Dr, Gibsonia 15044",40.641617,-79.937874,convenience_limited,Convenience Store,Chain Retail/Convenience Store,True,USDA_SNAP+ACHD
ANN'S MARKET,"2316 Webster Ave, Pittsburgh 15219",40.448425,-79.975273,convenience_limited,Convenience Store,Retail/Convenience Store,True,USDA_SNAP+ACHD
Giant 920 920,"940 Sheraton Dr, Mars 16046",40.673065,-80.097504,convenience_limited,Convenience Store,Chain Retail/Convenience Store,True,USDA_SNAP+ACHD
Homies Smoke Plus Inc,"1006 Lincoln Ave, Pittsburgh 15206",40.463871,-79.901558,other_food_retail,Convenience Store,Packaged Food Only,True,USDA_SNAP+ACHD
Dollar General 25849,"3011 Liberty Way, McKeesport 15133",40.324711,-79.85627,other_food_retail,Other,Retail/Convenience Store,True,USDA_SNAP+ACHD
Asian Grocery,"300 Mount Lebanon Blvd, Pittsburgh 15234",40.368683,-80.034859,full_grocery,Grocery Store,Supermarket,True,USDA_SNAP+ACHD
Perry Market,"2601 Perrysville Ave, Pittsburgh 15214",40.471069,-80.008896,other_food_retail,Convenience Store,Packaged Food Only,True,USDA_SNAP+ACHD
Riverside Sunoco,"336 Monongahela Ave, Glassport 15045",40.329426,-79.892815,other_food_retail,Convenience Store,Packaged Food Only,True,USDA_SNAP+ACHD
7-eleven Store #36128b,"6403 Brownsville Rd, Pittsburgh 15236",40.321873,-79.994728,convenience_limited,Convenience Store,Chain Retail/Convenience Store,True,USDA_SNAP+ACHD
Shashwat LLC,"6063 Library Rd, Bethel Park 15102",40.300518,-80.0298,convenience_limited,Convenience Store,Retail/Convenience Store,True,USDA_SNAP+ACHD
Market On Liberty Inc,"905 Liberty Ave, Pittsburgh 15222",40.443253,-79.99778,convenience_limited,Convenience Store,Retail/Convenience Store,True,USDA_SNAP+ACHD
OG'S Mini Mart,"378 Broadway, Pitcairn 15140",40.401581,-79.780388,convenience_limited,Convenience Store,Retail/Convenience Store,True,USDA_SNAP+ACHD
Marathon,"100 E 7th Ave, Tarentum 15084",40.601704,-79.756622,convenience_limited,Convenience Store,Chain Retail/Convenience Store,True,USDA_SNAP+ACHD
Dollar General 25064,"9969 Saltsburg Rd, Pittsburgh 15239",40.489304,-79.709175,other_food_retail,Other,,True,USDA_SNAP
Haninis Market And Subs,"3245 Brighton Rd, Pittsburgh 15212",40.476379,-80.031914,convenience_limited,Convenience Store,Chain Retail/Convenience Store,True,USDA_SNAP+ACHD
Sunshine Market,"605 E Ohio St, Pittsburgh 15212",40.453594,-79.998932,other_food_retail,Convenience Store,Packaged Food Only,True,USDA_SNAP+ACHD
Bunny's All In One,"603 Braddock Ave, Braddock 15104",40.403332,-79.868225,other_food_retail,Convenience Store,Chain Packaged Food Only,True,USDA_SNAP+ACHD
CVS Pharmacy 11712,"417 Chartiers St, Bridgeville 15017",40.355854,-80.113258,other_food_retail,Other,Chain Packaged Food Only,True,USDA_SNAP+ACHD
51 International Market LLC,"3330 Saw Mill Run Blvd, Pittsburgh 15227",40.374546,-79.983025,full_grocery,Grocery Store,Packaged Food Only,True,USDA_SNAP+ACHD
Crafton Giant Eagle 1246,"51 Walsh Road, Pittsburgh 15205",40.440441,-80.07225,full_grocery,Super Store,Chain Supermarket,True,USDA_SNAP+ACHD
Gujjar Jatt Llc,"601 Saint Clair Ave, Clairton 15025",40.293613,-79.887505,convenience_limited,Convenience Store,,True,USDA_SNAP
Sheetz 834,"4875 University Blvd, Coraopolis 15108",40.53746,-80.198303,convenience_limited,Convenience Store,Chain Retail/Convenience Store,True,USDA_SNAP+ACHD
Naina Mini Mart,"1800 Forbes Ave, Pittsburgh 15219",40.437347,-79.981323,other_food_retail,Convenience Store,Packaged Food Only,True,USDA_SNAP+ACHD
Many More Market Place,"2767 Liberty Ave, Pittsburgh 15222",40.456158,-79.975571,full_grocery,Grocery Store,,True,USDA_SNAP
Bridges And Bottles On Sixth Inc,"137 6th St, Pittsburgh 15222",40.443115,-80.001999,convenience_limited,Convenience Store,,True,USDA_SNAP
Noblestown Road Giant Eagle 6,"2103 Noblestown Rd, Pittsburgh 15205",40.430656,-80.052002,full_grocery,Super Store,Chain Retail/Convenience Store,True,USDA_SNAP+ACHD
Brighton Mini Mart,"3889 Brighton Rd, Pittsburgh 15212",40.486717,-80.037201,convenience_limited,Convenience Store,Retail/Convenience Store,True,USDA_SNAP+ACHD
Silk Road Supermarket,"744 Brookline Blvd, Pittsburgh 15226",40.393745,-80.020508,full_grocery,Grocery Store,Retail/Convenience Store,True,USDA_SNAP+ACHD
N M Mart,"2100 Noble St, Swissvale 15218",40.42028,-79.885429,convenience_limited,Convenience Store,Retail/Convenience Store,True,USDA_SNAP+ACHD
Frenchi's Deli Inc,"449 Atwood St, Pittsburgh 15213",40.437218,-79.952583,convenience_limited,Convenience Store,Retail/Convenience Store,True,USDA_SNAP+ACHD
La Veracruzana 1,"324 E 8th Ave, Homestead 15120",40.408146,-79.908089,full_grocery,Grocery Store,Retail/Convenience Store,True,USDA_SNAP+ACHD
Afghan Halal Market 1,"435 McNeilly Rd, Pittsburgh 15226",40.382973,-80.015419,full_grocery,Grocery Store,Retail/Convenience Store,True,USDA_SNAP+ACHD
Beer And Wine Greenfield LLC,"503 Greenfield Ave, Pittsburgh 15207",40.425766,-79.942307,convenience_limited,Convenience Store,Retail/Convenience Store,True,USDA_SNAP+ACHD
Gul & Jan Llc,"901 Elizabeth St, Pittsburgh 15221",40.42617,-79.841225,convenience_limited,Convenience Store,Retail/Convenience Store,True,USDA_SNAP+ACHD
Millvale Convenience Store,"215 North Ave, Millvale 15209",40.481346,-79.974815,specialty_food,Convenience Store,Seasonal/Farmers Market,True,USDA_SNAP+ACHD
White Nile Mini Mart Inc,"2222 Webster Ave, Pittsburgh 15219",40.447567,-79.977013,other_food_retail,Convenience Store,Packaged Food Only,True,USDA_SNAP+ACHD
South Park Cogo's,"2733 S Park Rd, Bethel Park 15102",40.327553,-80.032394,convenience_limited,Convenience Store,Chain Retail/Convenience Store,True,USDA_SNAP+ACHD
Gorkha Brothers Llc,"4002 Saw Mill Run Blvd, Pittsburgh 15227",40.368992,-79.983498,full_grocery,Grocery Store,,True,USDA_SNAP
Super Express Mart,"703 6th St, Braddock 15104",40.406029,-79.863541,convenience_limited,Convenience Store,Retail/Convenience Store,True,USDA_SNAP+ACHD
Shah Sunoco,"903 Lincoln Hwy, North Versailles 15137",40.378784,-79.804634,other_food_retail,Convenience Store,Chain Packaged Food Only,True,USDA_SNAP+ACHD
Tandoori Market,"1435 Potomac Ave, Pittsburgh 15216",40.395889,-80.035088,full_grocery,Grocery Store,Retail/Convenience Store,True,USDA_SNAP+ACHD
Street Market,"1018 W North Ave, Pittsburgh 15233",40.453289,-80.020294,other_food_retail,Convenience Store,Packaged Food Only,True,USDA_SNAP+ACHD
Shop N Save 1,"1886 Homeville Rd, West Mifflin 15122",40.365013,-79.872261,full_grocery,Supermarket,,True,USDA_SNAP
7-eleven Store 36145d,"643 Liberty Ave, Pittsburgh 15222",40.442589,-80.000214,convenience_limited,Convenience Store,Chain Retail/Convenience Store,True,USDA_SNAP+ACHD
Global Food Pittsburgh,"914 Penn Ave, Wilkinsburg 15221",40.442215,-79.880539,other_food_retail,Other,,True,USDA_SNAP
Northside Farmers Market,"0 E Ohio St And Cedar Ave., Pittsburgh 15212",40.454002,-80.003258,farmers_market,Farmers and Markets,,True,USDA_SNAP
East End Farmers Market,"100 Larimer Ave, Pittsburgh 15206",40.462063,-79.919411,farmers_market,Farmers and Markets,,True,USDA_SNAP
Carrick Farmers Market,"1529 Brownsville Rd, Pittsburgh 15210",40.400024,-79.988754,farmers_market,Farmers and Markets,Retail/Convenience Store,True,USDA_SNAP+ACHD
Squirrel Hill Farmers Market,"5737 Beacon St, Pittsburgh 15217",40.435631,-79.92363,farmers_market,Farmers and Markets,,True,USDA_SNAP
Pennsylvania Macaroni Company Inc,"2010 Penn Ave, Pittsburgh 15222",40.451134,-79.98349,full_grocery,Supermarket,Retail/Convenience Store,True,USDA_SNAP+ACHD
Market Square Farmers Market,"1 Third Ave, Pittsburgh 15222",40.439636,-80.003548,farmers_market,Farmers and Markets,,True,USDA_SNAP
Mp Mart,"5001 Curry Rd, Pittsburgh 15236",40.348969,-79.995262,other_food_retail,Other,Packaged Food Only,True,USDA_SNAP+ACHD
Ridge Convenient Store,"850 Boyce Rd, Bridgeville 15017",40.32822,-80.125664,convenience_limited,Convenience Store,Retail/Convenience Store,True,USDA_SNAP+ACHD
Al-liwan Javed Inc,"4061 Perrysville Ave, Pittsburgh 15214",40.492348,-80.021721,convenience_limited,Convenience Store,Retail/Convenience Store,True,USDA_SNAP+ACHD
Pgh Convenience,"625 Stanwix St, Pittsburgh 15222",40.443077,-80.004753,convenience_limited,Convenience Store,Retail/Convenience Store,True,USDA_SNAP+ACHD
ALDI 69103,"2515 Banksville Rd, Pittsburgh 15216",40.405788,-80.035995,full_grocery,Supermarket,,True,USDA_SNAP
ALDI 69076,"401 Penn Ave, Pittsburgh 15221",40.44558,-79.889053,full_grocery,Supermarket,Chain Packaged Food Only,True,USDA_SNAP+ACHD
Choice Tobacco Outlet Of Oakdale,"7859 Steubenville Pike, Oakdale 15071",40.439377,-80.218849,other_food_retail,Convenience Store,Chain Retail/Convenience Store,True,USDA_SNAP+ACHD
Wagner's Market Inc,"4798 Middle Road, Gibsonia 15044",40.60574,-79.926003,full_grocery,Supermarket,Retail/Convenience Store,True,USDA_SNAP+ACHD
DollarTree 10360,"725 Lysle Blvd, McKeesport 15132",40.352551,-79.857399,other_food_retail,Other,,True,USDA_SNAP
Jacks Market & Beauty Supplies Inc,"245 E 8th Ave, Homestead 15120",40.407955,-79.909523,convenience_limited,Convenience Store,Retail/Convenience Store,True,USDA_SNAP+ACHD
7-Eleven 36144J,"95 Warrendale Bayne Rd, Warrendale 15086",40.655735,-80.086853,convenience_limited,Convenience Store,Chain Retail/Convenience Store,True,USDA_SNAP+ACHD
Sam's Club 6678,"289 Nebo Point Dr, Pittsburgh 15237",40.534184,-80.067947,full_grocery,Super Store,Chain Supermarket,True,USDA_SNAP+ACHD
International Food Market Llc,"5305 Brightwood Rd, Bethel Park 15102",40.327957,-80.030106,convenience_limited,Convenience Store,,True,USDA_SNAP
DollarTree 10981,"2336 Ardmore Blvd, Pittsburgh 15221",40.415222,-79.848991,other_food_retail,Other,Chain Packaged Food Only,True,USDA_SNAP+ACHD
Zezo Supermarket Inc,"801 Broadway Ave, MC Kees Rocks 15136",40.472832,-80.074829,convenience_limited,Convenience Store,Retail/Convenience Store,True,USDA_SNAP+ACHD
Unimart,"852 5th Ave, Coraopolis 15108",40.518257,-80.167252,convenience_limited,Convenience Store,Retail/Convenience Store,True,USDA_SNAP+ACHD
Giant Eagle 2426,"211 Virginia Avenue, Pittsburgh 15211",40.430565,-80.009995,other_food_retail,Other,,True,USDA_SNAP
Braddock Hills Mini Mart,"1050 Brinton Rd, Pittsburgh 15221",40.429062,-79.874763,convenience_limited,Convenience Store,Retail/Convenience Store,True,USDA_SNAP+ACHD
Oakdale mini mart,"7520 Steubenville Pike, Oakdale 15071",40.442158,-80.201385,convenience_limited,Convenience Store,Retail/Convenience Store,True,USDA_SNAP+ACHD
South Side Market,"2120 Jane St, Pittsburgh 15203",40.426334,-79.975563,farmers_market,Farmers and Markets,,True,USDA_SNAP
Giant Eagle Mobile Market 1270,"3239 Washington Pike, Bridgeville 15017",40.340958,-80.118401,full_grocery,Other,Chain Supermarket,True,USDA_SNAP+ACHD
DollarTree 11090,"975 Freeport Rd, Pittsburgh 15238",40.487972,-79.887276,other_food_retail,Other,Chain Packaged Food Only,True,USDA_SNAP+ACHD
Costco Wholesale 0649,"501 Waterfront Dr W, West Homestead 15120",40.402977,-79.921417,full_grocery,Super Store,Chain Packaged Food Only,True,USDA_SNAP+ACHD
Dollar General 31952,"900 Mount Royal Blvd, Pittsburgh 15223",40.515697,-79.958702,other_food_retail,Other,,True,USDA_SNAP
Cheapskates,RM 100 Monroeville Mall PA 15146,40.4292639820001,-79.796029818,farmers_market,,Chain Packaged Food Only,False,USDA_SNAP+ACHD
Sewickley Fish & Poultry,428 Beaver St PA 15143,40.54041,-80.180928,other_food_retail,,Chain Retail/Convenience Store,False,USDA_SNAP+ACHD
Eckerd Drug,146 Sixth St PA 15222,40.442796,-80.002512,other_food_retail,,Chain Packaged Food Only,False,ACHD
Eckerd Drug,425 Hoffman Blvd PA 15110,40.382262,-79.8663735,other_food_retail,,Chain Packaged Food Only,False,USDA_SNAP+ACHD
Co Go's,303 Unity Center Rd PA 15239,40.49001,-79.779492,convenience_limited,,Chain Retail/Convenience Store,False,ACHD
Fairview Floral,9236 Perry Hwy PA 15237,40.575411,-80.036622,convenience_limited,,Retail/Convenience Store,False,ACHD
Betsy Ann Chocolates,941 Freeport Rd PA 15238,40.487967,-79.887987,other_food_retail,,Chain Packaged Food Only,False,ACHD
Nooks & Crannies,1900 Penn Ave PA 15222,40.4441594714318,-79.8625361874347,other_food_retail,,Packaged Food Only,False,ACHD
Family Dollar,100 Allegheny River Blvd PA 15147,40.498083,-79.8450075,other_food_retail,,Retail/Convenience Store,False,USDA_SNAP+ACHD
Penny Pinchers,1325 E Carson St PA 15203,40.4272710000001,-79.9682388749999,farmers_market,,Seasonal/Farmers Market,False,USDA_SNAP+ACHD
Roppo Gulf,4001 Butler St PA 15224,40.469103,-79.9623495,convenience_limited,,Retail/Convenience Store,False,USDA_SNAP+ACHD
TRM Cycles,1908-1910 Donner St PA 15135,40.310784,-79.827138,other_food_retail,,Packaged Food Only,False,ACHD
Marraccini's Market,1985 Lincoln Way PA 15131,40.3386975660697,-79.8083082907507,full_grocery,,Retail/Convenience Store,False,USDA_SNAP+ACHD
CVS/Pharmacy,4120 Brownsville Rd PA 15227,40.366089,-79.9820415,specialty_food,,Bakery,False,USDA_SNAP+ACHD
Guenterts Bakery,1900 Monongahela Ave PA 15218,40.421745,-79.8905475,specialty_food,,Chain Bakery,False,USDA_SNAP+ACHD
Betsy Ann Chocolates,3075 Clairton Rd PA 15123,40.338333,-79.943076,farmers_market,,Retail/Convenience Store,False,USDA_SNAP+ACHD
Cedar Market,20 Cedar Blvd PA 15228,40.381758,-80.04528,other_food_retail,,Packaged Food Only,False,ACHD
Duke's News,2409 W Liberty Ave PA 15226,40.3938609750001,-80.035104922,other_food_retail,,Packaged Food Only,False,ACHD
Popcorn Delight,5643 1/2 Penn Ave PA 15206,40.465111752,-79.9422412179999,convenience_limited,,Retail/Convenience Store,False,ACHD
Best Buy #588,473 Clairton Blvd PA 15236,40.334841,-79.9447005,other_food_retail,,Chain Packaged Food Only,False,ACHD
Eckerd Drug #6789,220 Washington Rd PA 15216,40.389138,-80.042823,other_food_retail,,Chain Packaged Food Only,False,USDA_SNAP+ACHD
Hollywood Video  #038142,828 Hazelwood Ave PA 15217,40.419315,-79.92801,other_food_retail,,Chain Packaged Food Only,False,ACHD
Co Go's,448 Pittsburgh St PA 15144,40.540914,-79.7876955,convenience_limited,,Chain Retail/Convenience Store,False,USDA_SNAP+ACHD
CVS/Pharmacy #5102,2 Allegheny Center Mall #1164 PA 15212,40.451706,-80.00397,other_food_retail,,Chain Packaged Food Only,False,ACHD
Sunoco Turnpike Service Station,Butler Plaza / Pa Turnpike PA 15086,40.6560025430001,-80.072298678,convenience_limited,,Chain Retail/Convenience Store,False,ACHD
Pletz 76,421 Rodi Rd PA 15235,40.455027,-79.822836,convenience_limited,,Chain Retail/Convenience Store,False,USDA_SNAP+ACHD
Highland Deli,2601 Bowman Ave PA 15132,40.357863,-79.8357105,convenience_limited,,Retail/Convenience Store,False,ACHD
Ronald Berry,McKees Rocks Plaza PA 15136,40.4654917240001,-80.058074889,farmers_market,,Chain Packaged Food Only,False,USDA_SNAP+ACHD
UPMC Magee-Womens Hospital Gift Shop,300 Halket  Street PA 15213,40.436964,-79.9608195,other_food_retail,,Chain Retail/Convenience Store,False,USDA_SNAP+ACHD
Schwebel Baking Co #48,500 Perry Hwy PA 15229,40.521699,-80.033652,other_food_retail,,Chain Packaged Food Only,False,ACHD
Cheswick East & West,1500 Pittsburgh St PA 15024,40.541049,-79.7988015,other_food_retail,,Packaged Food Only,False,ACHD
Brownsville News,117 Brownsville Rd PA 15210,40.417047,-79.9864605,other_food_retail,,Packaged Food Only,False,USDA_SNAP+ACHD
Card & Party Giant,3432 Wm Penn Hwy PA 15235,40.4292840200347,-79.8131856562607,other_food_retail,,Chain Packaged Food Only,False,USDA_SNAP+ACHD
Card & Party Giant,1025 Washington Pike RMG-7 PA 15017,40.365558,-80.1085545,full_grocery,,Chain Packaged Food Only,False,USDA_SNAP+ACHD
Wheel & Wedge Cheese House,441 Jane St PA 15106,40.412259,-80.0810235,convenience_limited,,Retail/Convenience Store,False,ACHD
Periwinkle's Bakery,2799 Freeport Rd PA 15238,40.538547,-79.8332625,specialty_food,,Bakery,False,ACHD
Portman's Farm Market,3249 Washington Pike PA 15017,40.340007,-80.119854,convenience_limited,,Chain Retail/Convenience Store,False,USDA_SNAP+ACHD
A J Corner Store,225 Atlantic Ave PA 15132,40.352220577,-79.871292443,farmers_market,,Seasonal/Farmers Market,False,USDA_SNAP+ACHD
Jo's Snack Shack,1720 Sumac St PA 15132,40.340763,-79.841466,convenience_limited,,Retail/Convenience Store,False,ACHD
B P Oil #7160,1699 Pine Hollow Rd PA 15136,40.474620047,-80.098041087,full_grocery,,Chain Supermarket,False,USDA_SNAP+ACHD
B P Oil #0961,650 Clairton Blvd PA 15236,40.328919,-79.945398,convenience_limited,,Chain Retail/Convenience Store,False,USDA_SNAP+ACHD
B P Oil #00995,1102 Perry Hwy PA 15237,40.544964,-80.035425,convenience_limited,,Chain Retail/Convenience Store,False,ACHD
Faber Coe & Gregg,1 Chatham Ctr  / Lobby PA 15219,40.4397796150001,-79.9921931919999,other_food_retail,,Chain Packaged Food Only,False,USDA_SNAP+ACHD
Goeffrey Boehm Chocolates,1705 E Carson St PA 15203,40.429008,-79.981722,other_food_retail,,Chain Packaged Food Only,False,ACHD
Exxon #20575,2699 Mosside Blvd PA 15146,40.433436,-79.7531715,convenience_limited,,Chain Retail/Convenience Store,False,USDA_SNAP+ACHD
Shenot's Farm Market,3754 Wexford Run Road PA 15090,40.627017,-80.079678,convenience_limited,,Retail/Convenience Store,False,ACHD
Just Ducky Tours,5 Station Sq PA 15219,40.434317128,-80.0062920079999,other_food_retail,,Chain Packaged Food Only,False,USDA_SNAP+ACHD
Victor's Fine Floral,3014 Walnut St PA 15132,40.331079,-79.844193,other_food_retail,,Packaged Food Only,False,ACHD
Daniel Esper Stand Hpark Farm,Butler St PA 15206,40.469534192,-79.961515053,specialty_food,,Packaged Food Only,False,USDA_SNAP+ACHD
Squirrel Hill Theatre,5824 Forward Ave PA 15217,40.4294146160776,-79.9227546445169,convenience_limited,,Retail/Convenience Store,False,ACHD
Family Store,2537 Perrysville Ave PA 15214,40.4707958503691,-80.0087435982094,other_food_retail,,Packaged Food Only,False,USDA_SNAP+ACHD
B P Oil #7100,1717 Freeport Rd PA 15065,40.62393,-79.724916,convenience_limited,,Chain Retail/Convenience Store,False,ACHD
Yum Yum Tree,1530 Park Manor Dr / Sp  306 PA 15205,40.454631,-80.1644085,other_food_retail,,Chain Packaged Food Only,False,USDA_SNAP+ACHD
Livingston Pharmacy,558 Miller Ave PA 15025,40.293072,-79.8829785,other_food_retail,,Packaged Food Only,False,USDA_SNAP+ACHD
Quick Stop Shop,1300 Federal St PA 15212,40.456791,-80.006796,other_food_retail,,Packaged Food Only,False,USDA_SNAP+ACHD
B P Oil #7159,100 Fox Chapel Rd PA 15238,40.489335,-79.8825735,convenience_limited,,Chain Retail/Convenience Store,False,USDA_SNAP+ACHD
Ames #540,5375 Wm Flynn Hwy PA 15044,40.6196288312961,-79.946500490498,full_grocery,,Chain Supermarket,False,USDA_SNAP+ACHD
Northwood Mkt,1026 Wood St PA 15221,40.444353,-79.884216,other_food_retail,,Packaged Food Only,False,USDA_SNAP+ACHD
Eckerd Drug,1165 McKinney Lane PA 15220,40.423005,-80.0350245,specialty_food,,Chain Packaged Food Only,False,USDA_SNAP+ACHD
Marcos News & Smokes Shop,119 E 8th Ave PA 15120,40.385304,-79.8852825,other_food_retail,,Packaged Food Only,False,ACHD
Betty's Home Made Candies,102 Steinbach Rd PA 15025,40.291362,-79.9667235,other_food_retail,,Packaged Food Only,False,ACHD
Golden Triangle News/Condom Na,814-816 Liberty Ave PA 15222,40.4418679990001,-80.002641903,full_grocery,,Supermarket,False,USDA_SNAP+ACHD
Giant Eagle #14 / Market District South Hills,7000 Oxford  Drive PA 15102,40.347225,-80.0465445,full_grocery,,Chain Supermarket,False,ACHD
Broadway Foodland,1604 Broadway Ave PA 15216,40.410378,-80.0248995,full_grocery,,Chain Supermarket,False,USDA_SNAP+ACHD
Millvale Express,4902 Cypress St PA 15224,40.458564,-79.94709,convenience_limited,,Retail/Convenience Store,False,USDA_SNAP+ACHD
Exxon #21478,2022 Washington Pike PA 15106,40.398072943,-80.0843985779999,convenience_limited,,Chain Retail/Convenience Store,False,USDA_SNAP+ACHD
Oakcliffe Corner Store,3200 Kennett Square PA 15213,40.4343,-79.961175,convenience_limited,,Retail/Convenience Store,False,USDA_SNAP+ACHD
7 Eleven  #191,190 Lothrop  St PA 15213,40.44177,-79.9600815,convenience_limited,,Retail/Convenience Store,False,USDA_SNAP+ACHD
Rustica International,1105 E Carson St PA 15203,40.4289,-79.9872165,full_grocery,,Supermarket,False,ACHD
Christoff's Kitchen Pgh Farmer's Mkts,41 Prestley Rd PA 15017,40.371561,-80.113329,farmers_market,,Seasonal/Farmers Market,False,ACHD
Eckerd Drug,9335 McKnight Rd PA 15237,40.573755,-80.0249625,other_food_retail,,Chain Packaged Food Only,False,ACHD
Eastern Mountain Sports,1000 Ross Park Mall Dr / Ross Park Mall PA 15237,40.5428928200001,-80.0084684399999,specialty_food,,Packaged Food Only,False,USDA_SNAP+ACHD
Best Buy #586,5000 Alicia Dr PA 15102,40.346352,-80.0448615,other_food_retail,,Chain Packaged Food Only,False,ACHD
White Oak Exxon,2531 Lincoln Way PA 15131,40.326021,-79.792929,convenience_limited,,Chain Retail/Convenience Store,False,ACHD
Stop-N-Go Food Stores,1 Old Steubenville Pike PA 15071,40.4446024330001,-80.146116708,other_food_retail,,Chain Retail/Convenience Store,False,USDA_SNAP+ACHD
J & M UDF,117-119 E 22nd St PA 15120,40.398111,-79.9017615,convenience_limited,,Chain Retail/Convenience Store,False,ACHD
Mauro Amoco,7409 Saltsburg Rd PA 15235,40.477653,-79.7845995,convenience_limited,,Chain Retail/Convenience Store,False,USDA_SNAP+ACHD
Frank & Dom's Produce,11822 Frankstown Rd PA 15235,40.468941,-79.8235785,convenience_limited,,Retail/Convenience Store,False,USDA_SNAP+ACHD
Schuler's Service Center,293 Corliss Street and Chartiers Avenue PA 15220,40.450185,-80.0447535,other_food_retail,,Packaged Food Only,False,ACHD
Gifts Galore,499 Taft Ave PA 15122,40.3617405844099,-79.8614233500414,specialty_food,,Bakery,False,USDA_SNAP+ACHD
Greenwald One Stop,770 Hayden Blvd PA 15037,40.267107,-79.883037,other_food_retail,,Packaged Food Only,False,ACHD
Sunoco A Plus Mini Market #7476,2350 Centre Ave PA 15219,40.445478,-79.972398,convenience_limited,,Chain Retail/Convenience Store,False,USDA_SNAP+ACHD
Blockbuster Video,6401 Penn Ave PA 15206,40.458537,-79.9182315,full_grocery,,Chain Packaged Food Only,False,USDA_SNAP+ACHD
Tobacco Outlet,4501 Liberty Ave PA 15224,40.463244,-79.9515765,other_food_retail,,Packaged Food Only,False,ACHD
Denny Mackie's Service Center,1675 Duncan Ave PA 15101,40.566231,-79.999236,other_food_retail,,Chain Retail/Convenience Store,False,USDA_SNAP+ACHD
Sherm Edwards Candies,2384 Route  286 /  Holiday Park PA 15239,40.463001,-79.704621,other_food_retail,,Chain Packaged Food Only,False,USDA_SNAP+ACHD
Dollar General #3606,1611 Pennsylvania Ave PA 15122,40.36185,-79.8575715,other_food_retail,,Chain Packaged Food Only,False,ACHD
Spirit Of The Red Horse,Pgh Intl Airport  / AC-05 PA 15231,40.496050833,-80.2552682259999,specialty_food,,Chain Retail/Convenience Store,False,USDA_SNAP+ACHD
Giant Eagle #37,5 Quaker Village Shopping Center PA 15056,40.559283,-80.203914,full_grocery,,Chain Retail/Convenience Store,False,USDA_SNAP+ACHD
Braddock News,739 Braddock Ave PA 15104,40.4010034390001,-79.865021048,other_food_retail,,Packaged Food Only,False,USDA_SNAP+ACHD
Joann Fabric & Crafts #970,513 Clairton Blvd PA 15236,40.333725,-79.9447095,other_food_retail,,Chain Packaged Food Only,False,ACHD
Carrick Cookie Store,2616 Brownsville Rd PA 15227,40.384944,-79.978491,specialty_food,,Seasonal/Farmers Market,False,USDA_SNAP+ACHD
The Coffee Shop,107 Second St PA 15037,40.273191,-79.8866415,convenience_limited,,Retail/Convenience Store,False,ACHD
Schob's Little Store,601 Longfellow Dr PA 15120,40.38795,-79.913025,convenience_limited,,Retail/Convenience Store,False,USDA_SNAP+ACHD
Sunrise Sunoco #1,4830 Wm Penn Hwy PA 15146,40.4272019516724,-79.7208178411936,convenience_limited,,Chain Retail/Convenience Store,False,ACHD
In A Minute Convenience Store,625 Ardmore Blvd PA 15221,40.437126,-79.8738345,convenience_limited,,Chain Retail/Convenience Store,False,USDA_SNAP+ACHD
Lamberts Sunoco II,255 Unity Center Rd PA 15239,40.49001,-79.7805495,convenience_limited,,Retail/Convenience Store,False,USDA_SNAP+ACHD
Arlington Deli,2332 Arlington Ave PA 15210,40.417218,-79.9732575,specialty_food,,Bakery,False,USDA_SNAP+ACHD
Jean's Hallmark Shop #3,1836 Union Ave PA 15065,40.624398,-79.721874,other_food_retail,,Packaged Food Only,False,ACHD
Allegheny General Hospital Gift Shop,320 North Avenue PA 15212,40.457061,-80.0036955,other_food_retail,,Chain Retail/Convenience Store,False,USDA_SNAP+ACHD
Townsend's Sweet Shoppe,545 Lincoln Ave PA 15202,40.4963420930001,-80.056698104,other_food_retail,,Retail/Convenience Store,False,USDA_SNAP+ACHD
Arrowhead Snack Bar @ Butler's Golf Course,800 Rock Run Road PA 15037,40.267611,-79.812666,convenience_limited,,Retail/Convenience Store,False,ACHD
K M L Sales,1600 Smallman St PA 15222,40.4519820360001,-79.984803971,other_food_retail,,Chain Packaged Food Only,False,USDA_SNAP+ACHD
Atlantic Mini Mart,1630 Cochran Rd PA 15220,40.392126,-80.0612235,convenience_limited,,Chain Retail/Convenience Store,False,USDA_SNAP+ACHD
Shop'n Save,5001 Library Rd PA 15102,40.341096,-80.024661,full_grocery,,Chain Supermarket,False,USDA_SNAP+ACHD
Ken's News & Lottery,1903 E Carson St PA 15203,40.428819,-79.9789095,other_food_retail,,Packaged Food Only,False,ACHD
GNC,1816 Penn Ave PA 15222,40.4506025104442,-79.9843098980416,other_food_retail,,Chain Packaged Food Only,False,USDA_SNAP+ACHD
City News Inc,422 Wood St PA 15222,40.439871,-80.00073,specialty_food,,Chain Bakery,False,USDA_SNAP+ACHD
Crazy Joe's,1400 Kenberma Ave PA 15216,40.412934,-80.0222265,other_food_retail,,Packaged Food Only,False,USDA_SNAP+ACHD
Viga's Fat Boy Deli Mart,41 Beltzhoover Ave PA 15210,40.424337,-79.997301,other_food_retail,,Packaged Food Only,False,USDA_SNAP+ACHD
Deluca's Specialty Pastry Shop,12911 Frankstown Rd PA 15235,40.481352,-79.822071,specialty_food,,Bakery,False,ACHD
Foodland,1730 Pacific Ave PA 15065,40.621698,-79.723215,full_grocery,,Chain Supermarket,False,ACHD
Ace's Breakaway & Play,417 Smithfield St PA 15222,40.439205,-79.999407,specialty_food,,Bakery,False,USDA_SNAP+ACHD
Schenley Heights Market & Deli,900 Bryn Mawr Rd PA 15219,40.451868,-79.9587405,convenience_limited,,Retail/Convenience Store,False,USDA_SNAP+ACHD
Amish Bakery & Market,175 Swiss Lane Route 48 PA 15037,40.281012,-79.8353235,convenience_limited,,Retail/Convenience Store,False,ACHD
Joel's Pastries,301 E 8th Ave PA 15120,40.408065,-79.9092585,specialty_food,,Bakery,False,ACHD
The Good Life Market,1121 Bower Hill Rd PA 15243,40.37508,-80.0692515,other_food_retail,,Retail/Convenience Store,False,USDA_SNAP+ACHD
Co Go's #466,935 Beaver Grade Rd PA 15108,40.5113332807553,-80.2129136114091,other_food_retail,,Packaged Food Only,False,USDA_SNAP+ACHD
Homeplace #92,160 Quinn Dr PA 15275,40.446144,-80.179659,convenience_limited,,Retail/Convenience Store,False,ACHD
Turner's Place,2129 Perrysville Ave PA 15214,40.464198,-80.0114895,other_food_retail,,Retail/Convenience Store,False,USDA_SNAP+ACHD
Deep Valley Lakes,7111 Old Steubenville Pike PA 15071,40.438422,-80.180343,farmers_market,,Seasonal/Farmers Market,False,USDA_SNAP+ACHD
Meadow Corner Store,6501 Meadow St PA 15206,40.4622423513493,-79.910829210868,convenience_limited,,Retail/Convenience Store,False,ACHD
Smoke Rings & Sweet Things,500 Grant St PA 15219,40.439646,-79.9958925,other_food_retail,,Packaged Food Only,False,ACHD
The Nutrition Club,4100 Wm Penn Hwy PA 15146,40.4374877013123,-79.7652261037833,other_food_retail,,Chain Packaged Food Only,False,ACHD
7 Eleven  #116,423 James St PA 15145,40.408902,-79.819074,convenience_limited,,Chain Retail/Convenience Store,False,USDA_SNAP+ACHD
Just The Best Bakery,5899 Steubenville Pike PA 15136,40.449015,-80.1410805,specialty_food,,Retail/Convenience Store,False,USDA_SNAP+ACHD
Christopher M's Fudge,4801 Mcknight Rd PA 15237,40.525416,-80.0077905,full_grocery,,Chain Bakery,False,USDA_SNAP+ACHD
Sharons Deli Mart,512 E Pittsburgh / McKeesport Blvd PA 15137,40.369851,-79.8292125,convenience_limited,,Retail/Convenience Store,False,USDA_SNAP+ACHD
Candy Rama,711 Liberty Ave PA 15222,40.44276,-79.999479,other_food_retail,,Retail/Convenience Store,False,USDA_SNAP+ACHD
Giant Eagle,2920 Brownsville Rd PA 15227,40.384872402,-79.9778840929999,full_grocery,,Retail/Convenience Store,False,USDA_SNAP+ACHD
Sweeties,3268 Dawson St PA 15213,40.431672,-79.95357,convenience_limited,,Retail/Convenience Store,False,USDA_SNAP+ACHD
R & R Coffee Shop,3100 Versailles Ave PA 15132,40.345002,-79.8408315,convenience_limited,,Retail/Convenience Store,False,USDA_SNAP+ACHD
Frank's North Side B P,701 Allegheny Ave PA 15233,40.5221834629941,-79.8427628014761,convenience_limited,,Chain Retail/Convenience Store,False,ACHD
Bell's Mini Mart,100 5th Ave 1st Floor PA 15222,40.44141,-80.002872,other_food_retail,,Chain Packaged Food Only,False,USDA_SNAP+ACHD
Sweet Time General Store & Gathering Place,435 E Ohio St PA 15212,40.453317,-80.000478,other_food_retail,,Packaged Food Only,False,ACHD
Marlene Moore's Dance Studio,205 2nd St PA 15037,40.2713921330001,-79.8887867999999,other_food_retail,,Packaged Food Only,False,ACHD
La Charcuterie,5863 Ellsworth Ave PA 15232,40.457601,-79.929279,other_food_retail,,Packaged Food Only,False,USDA_SNAP+ACHD
Viv's Market,301 W Elizabeth St PA 15207,40.406796,-79.945902,convenience_limited,,Retail/Convenience Store,False,ACHD
Quick Stop Convience,9555 Babcock Blvd PA 15101,40.579821,-80.0076015,convenience_limited,,Retail/Convenience Store,False,USDA_SNAP+ACHD
7 Eleven  #108,998 Broadhead Rd PA 15108,40.524237,-80.223876,other_food_retail,,Chain Packaged Food Only,False,USDA_SNAP+ACHD
Julie Marie's Bakery,1725 Leechburg Rd PA 15235,40.4928,-79.791372,specialty_food,,Bakery,False,USDA_SNAP+ACHD
Promises Gift Shop & Deli,2336 Babcock Blvd PA 15237,40.51404,-80.0030295,convenience_limited,,Retail/Convenience Store,False,ACHD
Vinnie's Candy,638 Broadway Ave PA 15136,40.471821,-80.0723205,other_food_retail,,Packaged Food Only,False,ACHD
Seach Bakery,1272 Benton Ave PA 15212,40.484754,-80.035371,specialty_food,,Bakery,False,USDA_SNAP+ACHD
Joy's Variety,5110 Penn Ave PA 15224,40.464801,-79.942338,other_food_retail,,Packaged Food Only,False,USDA_SNAP+ACHD
Cigars Etc,1928 E Carson St PA 15203,40.428333,-79.9779555,other_food_retail,,Packaged Food Only,False,ACHD
Phar-Mor,46-47 Greater Southern Shopping Center PA 15017,40.368235634,-80.103587883,full_grocery,,Chain Packaged Food Only,False,USDA_SNAP+ACHD
The Hello Shop,Highlands Shoppes PA 15065,40.616280966,-79.7308226659999,other_food_retail,,Packaged Food Only,False,USDA_SNAP+ACHD
Quick Mart,197 Seavey Rd PA 15209,40.499694,-79.954785,convenience_limited,,Chain Retail/Convenience Store,False,USDA_SNAP+ACHD
India Grocers,120 Three Degree Rd PA 15237,40.543848,-80.0330535,other_food_retail,,Chain Packaged Food Only,False,USDA_SNAP+ACHD
Frank's Nursey & Crafts,5030 Wm Penn Hwy PA 15146,40.4282105761316,-79.7083279584894,other_food_retail,,Chain Packaged Food Only,False,ACHD
Bedford Gold Coast,1727 Bedford Ave PA 15219,40.445361,-79.9856055,convenience_limited,,Chain Retail/Convenience Store,False,USDA_SNAP+ACHD
7 Eleven Store #163,5045 Bakerstown Rd PA 15044,40.661793,-80.0038125,convenience_limited,,Retail/Convenience Store,False,USDA_SNAP+ACHD
News/Break,700 Beulah Rd Shpg Cnt PA 15145,40.427073,-79.8347745,full_grocery,,Chain Supermarket,False,USDA_SNAP+ACHD
Popcorn Fancy,Northway Mall PA 15237,40.549641707,-80.022656725,farmers_market,,Packaged Food Only,False,USDA_SNAP+ACHD
Schwartz's Supermarket #3,800 Warrington Ave PA 15210,40.4212511690001,-80.000913157,full_grocery,,Packaged Food Only,False,USDA_SNAP+ACHD
Sandy's Convenience Store,324 Waddell Ave PA 15025,40.2932122359326,-79.8826150612707,other_food_retail,,Retail/Convenience Store,False,USDA_SNAP+ACHD
Jerry's Market,101 5th Ave PA 15229,40.527081,-80.024139,convenience_limited,,Retail/Convenience Store,False,ACHD
7 Eleven #56133-4,8929 University Blvd PA 15108,40.50441,-80.2222245,convenience_limited,,Chain Retail/Convenience Store,False,USDA_SNAP+ACHD
Macioce's Mkt,6545 Saltsburg Rd PA 15235,40.482063,-79.8081885,specialty_food,,Bakery,False,USDA_SNAP+ACHD
Marshall's #324,954 Freeport Road PA 15238,40.488948,-79.891965,other_food_retail,,Chain Packaged Food Only,False,USDA_SNAP+ACHD
Eckerd Drug,6093 Steubenville Pike PA 15136,40.443921,-80.1462465,other_food_retail,,Chain Packaged Food Only,False,ACHD
Phar-Mor,12 Federal Dr PA 15235,40.463307,-79.8270165,full_grocery,,Chain Packaged Food Only,False,USDA_SNAP+ACHD
Eckerd Drug,700 Warrington Ave PA 15210,40.421511,-79.9954875,other_food_retail,,Chain Packaged Food Only,False,ACHD
Sheraden Market,2928 Sheraden Blvd PA 15204,40.454127,-80.053758,full_grocery,,Supermarket,False,USDA_SNAP+ACHD
7 Eleven #106,Bigelow Sq PA 15219,40.440524833,-79.994019475,convenience_limited,,Chain Retail/Convenience Store,False,USDA_SNAP+ACHD
Hieber's Drug Store,3500 5th Ave PA 15213,40.440411,-79.959843,other_food_retail,,Packaged Food Only,False,USDA_SNAP+ACHD
B P Oil #1067,6999 Clairton Rd PA 15122,40.345173,-79.939539,convenience_limited,,Chain Retail/Convenience Store,False,ACHD
Lucky Store,5150 Butler St PA 15201,40.479669,-79.9545825,convenience_limited,,Retail/Convenience Store,False,ACHD
Calligan Pharmacy,412 4th Ave PA 15084,40.602402,-79.7513355,other_food_retail,,Packaged Food Only,False,USDA_SNAP+ACHD
Giant Eagle #67,8080 McIntyre Square Drive PA 15237,40.555287,-80.0188245,full_grocery,,Chain Retail/Convenience Store,False,USDA_SNAP+ACHD
Phar-Mor,3739 Holiday Ctr PA 15146,40.4364432460001,-79.7856928849999,other_food_retail,,Chain Packaged Food Only,False,ACHD
Butler Street Market,5310 Butler St PA 15201,40.482261,-79.952058,specialty_food,,Bakery,False,USDA_SNAP+ACHD
Block Buster Video,2001 Lincoln Way PA 15131,40.336083,-79.805574,full_grocery,,Chain Supermarket,False,USDA_SNAP+ACHD
Jenny Lind Cornerstore,2418 Jenny Lind St PA 15132,40.338585,-79.847424,convenience_limited,,Retail/Convenience Store,False,USDA_SNAP+ACHD
Mt Washington Pharmacy,40 Southern Ave PA 15211,40.428756,-80.0081595,other_food_retail,,Packaged Food Only,False,ACHD
Verona News,754 Allegheny River Boulevard PA 15147,40.506309,-79.8430905,other_food_retail,,Packaged Food Only,False,ACHD
Foodland Great Valley,500 Lincoln Hwy PA 15137,40.384751426,-79.8220416679999,full_grocery,,Chain Packaged Food Only,False,USDA_SNAP+ACHD
Cheswick Foodland,1306 Pittsburgh St PA 15024,40.540284,-79.8019065,full_grocery,,Chain Packaged Food Only,False,USDA_SNAP+ACHD
Giant Eagle,1000 Hayden Blvd PA 15037,40.264758,-79.8794505,full_grocery,,Chain Supermarket,False,ACHD
IKEA Swede Shoppe & Bistro,2001 Park Manor Boulevard PA 15205,40.451868,-80.1680895,other_food_retail,,Packaged Food Only,False,USDA_SNAP+ACHD
F & M Deli,2130 5th Ave PA 15219,40.4383419000001,-79.974718292,specialty_food,,Chain Packaged Food Only,False,USDA_SNAP+ACHD
Dollar Tree #218,3527 Mountain View Dr PA 15122,40.344822,-79.944786,other_food_retail,,Chain Packaged Food Only,False,USDA_SNAP+ACHD
Frank's Store,5200 Lytle Ave PA 15207,40.405032,-79.9451775,convenience_limited,,Retail/Convenience Store,False,ACHD
Mighty Dollar,6375 Ste 15  Penn Ave PA 15206,40.459275,-79.9172955,other_food_retail,,Chain Packaged Food Only,False,USDA_SNAP+ACHD
Shop 'n Save / Pines Plaza,1130 Perry Highway PA 15237,40.547934,-80.035578,full_grocery,,Chain Packaged Food Only,False,USDA_SNAP+ACHD
Kellys Candies,Emmerling Pz / RT 910 PA 15024,40.581286592,-79.866694637,convenience_limited,,Retail/Convenience Store,False,USDA_SNAP+ACHD
Exxon,3500 Forbes Ave PA 15213,40.4398088216794,-79.9589119773645,convenience_limited,,Chain Retail/Convenience Store,False,ACHD
Gloria Jean's Gourmet Coffee Beans,301 South Hills Village PA 15241,40.342446,-80.0556525,specialty_food,,Chain Packaged Food Only,False,USDA_SNAP+ACHD
Walmart Super Center #2300,250 Summit Park Drive PA 15275,40.447287,-80.1762435,full_grocery,,Chain Supermarket,False,ACHD
Tara's Carnival On Wheels,1527 Federal St PA 15212,40.459005,-80.0080515,specialty_food,,Chain Bakery,False,ACHD
Wood Street Bread Company,723 Wood St PA 15221,40.441959,-79.8860655,specialty_food,,Bakery,False,ACHD
Ames #1131,11660 Kelket Dr PA 15235,40.462083,-79.8253155,other_food_retail,,Chain Packaged Food Only,False,ACHD
Vic Novak's Choice Meats,29 Hazlett St PA 15214,40.475277,-80.004447,convenience_limited,,Retail/Convenience Store,False,ACHD
Sandy's Deli,101 McGovern Blvd PA 15046,40.559535,-80.22339,convenience_limited,,Retail/Convenience Store,False,ACHD
Giant Eagle #671,862 Sleepy Hollow Rd PA 15234,40.373235,-80.018676,full_grocery,,Chain Supermarket,False,ACHD
The Ultimate Pastry Shop,445 Beaver St PA 15143,40.540491,-80.180514,specialty_food,,Bakery,False,USDA_SNAP+ACHD
Party Cake Shop,706 Brookline Blvd PA 15226,40.394511,-80.021502,full_grocery,,Bakery,False,USDA_SNAP+ACHD
Dollar Tree,5055 Library Rd PA 15102,40.338495,-80.023653,full_grocery,,Chain Packaged Food Only,False,USDA_SNAP+ACHD
Entenmann's/Brownberry Disc Bk,2644 Mosside Blvd PA 15146,40.431843,-79.7505615,specialty_food,,Chain Packaged Food Only,False,USDA_SNAP+ACHD
Bloomfield Market,601 52nd St PA 15201,40.478796,-79.9519275,convenience_limited,,Retail/Convenience Store,False,USDA_SNAP+ACHD
Blockbuster Video,4700 McKnight Rd PA 15237,40.523193,-80.0046045,other_food_retail,,Chain Packaged Food Only,False,ACHD
Wagner's St Clair Mini Mart,2520 Washington Rd PA 15241,40.318812,-80.0882955,convenience_limited,,Retail/Convenience Store,False,USDA_SNAP+ACHD
Village Foodland,1886 Homeville Rd PA 15122,40.365396,-79.873245,full_grocery,,Bakery,False,USDA_SNAP+ACHD
Ames,6500 Steubenville Pike PA 15205,40.449222,-80.1595845,other_food_retail,,Chain Packaged Food Only,False,USDA_SNAP+ACHD
Plaza Princess Pastries,Heights Pz PA 15065,40.6223680750001,-79.7249932839999,specialty_food,,Packaged Food Only,False,USDA_SNAP+ACHD
Casoli's Deli,66 Orchard St PA 15003,40.5802659926165,-80.2172270960056,convenience_limited,,Retail/Convenience Store,False,ACHD
Blockbuster Video,1720 Washington Rd PA 15241,40.348287,-80.0536545,other_food_retail,,Chain Packaged Food Only,False,USDA_SNAP+ACHD
Zoom In Market,1039 Hamil Rd PA 15147,40.502412,-79.8126255,convenience_limited,,Retail/Convenience Store,False,ACHD
The Nutty Angel,3801 Greensprings Ave / Front PA 15122,40.391559,-79.8834105,specialty_food,,Bakery,False,USDA_SNAP+ACHD
Djole's Market,2127 Rose St PA 15219,40.444038,-79.977033,convenience_limited,,Retail/Convenience Store,False,ACHD
North Hills Citgo,9235 Perry Hwy PA 15237,40.574394,-80.0375265,convenience_limited,,Chain Retail/Convenience Store,False,ACHD
Marshall's #237,1900 Greentree Road PA 15220,40.39632,-80.0673165,other_food_retail,,Chain Packaged Food Only,False,USDA_SNAP+ACHD
Marriott Gift Shop / Pittsburgh Airport,777 Aten Rd PA 15108,40.459914,-80.1930825,other_food_retail,,Packaged Food Only,False,USDA_SNAP+ACHD
Cinnamon Jim's,1500 Washington Rd PA 15228,40.356873,-80.0512875,specialty_food,,Chain Retail/Convenience Store,False,USDA_SNAP+ACHD
Ruggeri's Food Shoope,196 N Craig St PA 15213,40.449699,-79.9504965,convenience_limited,,Retail/Convenience Store,False,USDA_SNAP+ACHD
GLC Snacks & Things,625 Liberty Ave / CNG Tower PA 15222,40.4424144450001,-80.001084072,other_food_retail,,Retail/Convenience Store,False,USDA_SNAP+ACHD
West Deer Variety Store,W Deer Plaza PA 15076,40.6086628990001,-79.8335038559999,full_grocery,,Chain Supermarket,False,USDA_SNAP+ACHD
Betsy Ann Chocolates,4885 McKnight Rd PA 15237,40.529925,-80.009631,specialty_food,,Chain Packaged Food Only,False,USDA_SNAP+ACHD
Giant Eagle #72 / Market District Waterworks,910 Freeport  Road PA 15238,40.488084,-79.8943185,full_grocery,,Chain Retail/Convenience Store,False,USDA_SNAP+ACHD
Giant Eagle #638,4612 Centre Ave PA 15213,40.452507069,-79.950333469,full_grocery,,Packaged Food Only,False,USDA_SNAP+ACHD
J C Penney,1006 Ross Park Mall Dr PA 15237,40.543119,-80.006778,other_food_retail,,Chain Packaged Food Only,False,ACHD
Tokyo Japanese Food Store,5855 Ellsworth Ave PA 15232,40.456822248,-79.929338348,convenience_limited,,Retail/Convenience Store,False,USDA_SNAP+ACHD
John McGinnis & Co,3759 Library Rd PA 15234,40.364163,-80.0224695,full_grocery,,Supermarket,False,ACHD
Penn Hills Foodland #6795,12012 Frankstown Rd PA 15235,40.470426,-79.821351,full_grocery,,Chain Supermarket,False,ACHD
House Of Laundry,418 Brownsville Rd PA 15210,40.413042,-79.989345,other_food_retail,,Packaged Food Only,False,ACHD
Blockbuster Video,5235 Clairton Blvd PA 15236,40.343958,-79.970436,other_food_retail,,Chain Packaged Food Only,False,ACHD
B P Oil #7047,6250 Library Rd PA 15102,40.293702,-80.031051,other_food_retail,,Chain Packaged Food Only,False,USDA_SNAP+ACHD
Library Pharmacy,2800 Brownsville Rd PA 15129,40.290066,-79.997733,other_food_retail,,Packaged Food Only,False,ACHD
B P Oil #57427,3010 Washington Pike PA 15017,40.354209,-80.1153405,convenience_limited,,Chain Retail/Convenience Store,False,USDA_SNAP+ACHD
A Angelini & Son,411 S Main St PA 15215,40.494321,-79.93656,convenience_limited,,Retail/Convenience Store,False,ACHD
Listortis Mkt,483 Center Ave PA 15147,40.506633,-79.839729,full_grocery,,Supermarket,False,ACHD
C & S Candy Store,42 Grant Ave PA 15223,40.504482,-79.9492635,other_food_retail,,Packaged Food Only,False,ACHD
Fifth Ave Variety,216 5th Ave PA 15132,40.350753,-79.8658695,other_food_retail,,Chain Packaged Food Only,False,USDA_SNAP+ACHD
Blockbuster Video,1984 Greentree Rd PA 15220,40.3955972150001,-80.0670958379999,other_food_retail,,Chain Packaged Food Only,False,ACHD
The Card Center #1,404 Smithfield St PA 15222,40.438854,-79.999299,other_food_retail,,Packaged Food Only,False,ACHD
Chow Chow Train,5165 Butler St PA 15201,40.480191,-79.9549065,convenience_limited,,Retail/Convenience Store,False,ACHD
Kmart #3928,400 Northtowne Sq PA 15044,40.636467,-79.9422975,other_food_retail,,Chain Packaged Food Only,False,ACHD
Family Mart,801 Penn Ave PA 15221,40.442886,-79.881633,convenience_limited,,Retail/Convenience Store,False,USDA_SNAP+ACHD
Soergel's Orchards,2573 Brandt School Road PA 15090,40.614588,-80.0927505,full_grocery,,Retail/Convenience Store,False,USDA_SNAP+ACHD
Ames,451 Clairton Blvd PA 15236,40.33566,-79.945065,other_food_retail,,Chain Packaged Food Only,False,USDA_SNAP+ACHD
Milwaukee Superette,3396 Milwaukee St PA 15219,40.453974,-79.961553,convenience_limited,,Retail/Convenience Store,False,ACHD
Ames #1101,877 Freeport Rd PA 15238,40.488354,-79.8888825,other_food_retail,,Chain Packaged Food Only,False,ACHD
Tee Pees Floral & Gift Shop,100 Vip Dr PA 15090,40.616712,-80.0927955,full_grocery,,Supermarket,False,USDA_SNAP+ACHD
Uni-Mart 04647,612 Old Clairton Rd PA 15236,40.325031,-79.957404,other_food_retail,,Packaged Food Only,False,USDA_SNAP+ACHD
UPMC Montefiore Gift Shop,3459 5th Ave PA 15213,40.440348,-79.9614225,convenience_limited,,Retail/Convenience Store,False,ACHD
Monzo Sunoco,600 Lysle Blvd PA 15132,40.351662,-79.859232,convenience_limited,,Chain Retail/Convenience Store,False,USDA_SNAP+ACHD
7 Eleven #136,987 Greentree Rd PA 15220,40.418109,-80.045127,convenience_limited,,Chain Retail/Convenience Store,False,USDA_SNAP+ACHD
Maggi's Laundry,8131 Ohio River Blvd PA 15202,40.5099,-80.0943435,other_food_retail,,Packaged Food Only,False,ACHD
B P Oil #7289,10594 Perry Hwy PA 15090,40.6068216030001,-80.0525144439999,other_food_retail,,Retail/Convenience Store,False,USDA_SNAP+ACHD
America's Pantry,4701 5th Ave PA 15213,40.447269,-79.9471845,convenience_limited,,Chain Retail/Convenience Store,False,USDA_SNAP+ACHD
Simply Nutritious,569 Lincoln Ave PA 15202,40.496598,-80.0579205,farmers_market,,Seasonal/Farmers Market,False,USDA_SNAP+ACHD
7 Eleven #178,4689 Verona Rd PA 15147,40.47552,-79.849224,convenience_limited,,Chain Retail/Convenience Store,False,USDA_SNAP+ACHD
Gene's Variety,406 Corey Ave PA 15104,40.408245,-79.867548,other_food_retail,,Packaged Food Only,False,USDA_SNAP+ACHD
Chuck's Place,1000 Liberty Ave PA 15219,40.443408,-79.9946145,other_food_retail,,Packaged Food Only,False,USDA_SNAP+ACHD
Machi Market,5724 Butler St PA 15201,40.485384,-79.945272,convenience_limited,,Retail/Convenience Store,False,ACHD
CVS/Pharmacy,902 Brookline Blvd PA 15226,40.392783,-80.019162,other_food_retail,,Chain Packaged Food Only,False,ACHD
Country Crossroads,2479 Wildwood Rd PA 15091,40.594068,-79.969572,convenience_limited,,Retail/Convenience Store,False,ACHD
Brittany's Hallmark,Rt 8 and 910 Northtowne PA 15044,40.636846274,-79.942166377,other_food_retail,,Chain Packaged Food Only,False,USDA_SNAP+ACHD
Food 4 Less,3625 Wm Penn Hwy PA 15146,40.4345657322561,-79.8006213629145,full_grocery,,Chain Packaged Food Only,False,USDA_SNAP+ACHD
Dollar Zone,327-31 E 8th Ave PA 15120,40.403286,-79.9165035,other_food_retail,,Chain Packaged Food Only,False,ACHD
Jenny Lee Bakery,Kenmawr Pz PA 15136,40.4741466310001,-80.0965382589999,specialty_food,,Chain Bakery,False,ACHD
BP Oil #07414,4260 Evergreen  Road PA 15214,40.495725,-80.007579,convenience_limited,,Retail/Convenience Store,False,ACHD
Blockbuster Video,1789 S Braddock Ave PA 15218,40.424364,-79.8873165,other_food_retail,,Chain Packaged Food Only,False,ACHD
Smith's Bakery,774 Penn Ave PA 15221,40.442868,-79.8827805,specialty_food,,Seasonal/Farmers Market,False,USDA_SNAP+ACHD
The Hello Shop,1025 West View Park Dr PA 15229,40.5160886950001,-80.037854667,other_food_retail,,Packaged Food Only,False,ACHD
Manno's Italian Food Store,937 Mellon St PA 15206,40.473396,-79.9237665,convenience_limited,,Retail/Convenience Store,False,USDA_SNAP+ACHD
7 Eleven,3955 Forbes Ave PA 15213,40.442931,-79.955019,convenience_limited,,Chain Retail/Convenience Store,False,USDA_SNAP+ACHD
Bellevue Tobacco,615 Lincoln Ave PA 15202,40.497048,-80.0588835,other_food_retail,,Packaged Food Only,False,USDA_SNAP+ACHD
Bryant Street Lottery,5802 Bayant St PA 15206,40.475889,-79.920711,convenience_limited,,Retail/Convenience Store,False,USDA_SNAP+ACHD
Wilson's Pharmacy,4101 Penn  Avenue PA 15224,40.465881,-79.955217,other_food_retail,,Packaged Food Only,False,ACHD
CVS/Pharmacy #3994,1821 McKees Rocks Rd PA 15136,40.468023,-80.0953785,other_food_retail,,Packaged Food Only,False,USDA_SNAP+ACHD
Value City Dept Store #17100,300-390 Curry Hollow Rd PA 15236,40.337595,-79.975782,other_food_retail,,Chain Packaged Food Only,False,ACHD
Sunoco #8154,5204 Interboro Avenue PA 15207,40.370274,-79.913214,convenience_limited,,Chain Retail/Convenience Store,False,ACHD
Pittsburgh Playhouse,222 Craft Ave PA 15213,40.436379,-79.9625745,other_food_retail,,Packaged Food Only,False,ACHD
The Pretzel Shop,2316 E Carson St PA 15203,40.428108,-79.9722045,convenience_limited,,Retail/Convenience Store,False,ACHD
Ames #2354,4235 Walnut St PA 15132,40.320954,-79.835733,other_food_retail,,Chain Packaged Food Only,False,ACHD
Large Sunoco,1344 Clairton Blvd PA 15025,40.306014,-79.9352145,convenience_limited,,Chain Retail/Convenience Store,False,USDA_SNAP+ACHD
Popeye's,1510 Saxonburg Blvd PA 15084,40.653936,-79.8393285,other_food_retail,,Retail/Convenience Store,False,USDA_SNAP+ACHD
Koledins Rejuvenation Ctr,505 Broad St PA 15143,40.540509,-80.1802035,other_food_retail,,Packaged Food Only,False,ACHD
HoneyBaked Ham Store,4780 McKnight Road PA 15237,40.523904,-80.0046405,convenience_limited,,Chain Retail/Convenience Store,False,USDA_SNAP+ACHD
GNC #3812,4526 Broadway Blvd PA 15146,40.390056,-79.7671215,other_food_retail,,Chain Packaged Food Only,False,ACHD
Roberts B P,1800 Golden Mile Hwy PA 15239,40.446153,-79.713351,convenience_limited,,Chain Retail/Convenience Store,False,ACHD
Dorothy's Confections,1903 Donner St PA 15135,40.310451,-79.8273855,other_food_retail,,Packaged Food Only,False,USDA_SNAP+ACHD
"Faber, Coe Gregg, Inc",101 Mall Blvd PA 15146,40.431744,-79.792569,other_food_retail,,Chain Packaged Food Only,False,ACHD
Penn Allegheny Truck Stop,5374 Wm Flynn Hwy PA 15044,40.6191579136974,-79.9436370769617,convenience_limited,,Retail/Convenience Store,False,ACHD
Southern Ave Market,190 Southern Ave PA 15211,40.424589,-80.0104995,convenience_limited,,Retail/Convenience Store,False,ACHD
Hollywood Video #038111,1870 Broadview Blvd PA 15065,40.624623,-79.722873,other_food_retail,,Chain Packaged Food Only,False,ACHD
B P Oil #57410,1927 E Railroad St PA 15106,40.388238,-80.089236,convenience_limited,,Chain Retail/Convenience Store,False,USDA_SNAP+ACHD
Shalimar Halal Meat & Grocery,352 Atwood St PA 15213,40.438422,-79.954578,convenience_limited,,Retail/Convenience Store,False,USDA_SNAP+ACHD
The Smokehouse Deli,999 Steen Rd PA 15142,40.376547,-80.108307,farmers_market,,Seasonal/Farmers Market,False,USDA_SNAP+ACHD
Island Heat Spinning Studios,4033 Freeport Rd PA 15065,40.648995,-79.709346,other_food_retail,,Packaged Food Only,False,ACHD
Betsy Ann Chocolates,120 5th Ave Place- 2nd Floor PA 15222,40.441896,-80.00343,other_food_retail,,Packaged Food Only,False,USDA_SNAP+ACHD
G&R Video Connection,6 Bailey Ave PA 15211,40.426848,-80.005302,other_food_retail,,Packaged Food Only,False,ACHD
Best Buy #584,430 Home Drive PA 15275,40.452651,-80.1814275,other_food_retail,,Chain Packaged Food Only,False,ACHD
One Stop Mini Mart,3601 Blvd Of The Allies PA 15213,40.434768,-79.954209,convenience_limited,,Retail/Convenience Store,False,USDA_SNAP+ACHD
The Little Village Store,515 Kohne St PA 15210,40.410198,-79.9734915,other_food_retail,,Packaged Food Only,False,USDA_SNAP+ACHD
Baum & Millvale Exxon,4764 Baum Blvd PA 15213,40.45419,-79.947828,convenience_limited,,Chain Retail/Convenience Store,False,USDA_SNAP+ACHD
Pastry Perfections,1082 Bower Hill Rd PA 15243,40.3758005980001,-80.067893984,full_grocery,,Chain Supermarket,False,USDA_SNAP+ACHD
CVS/Pharmacy #5108,5430 Centre Ave PA 15232,40.4559,-79.937343,other_food_retail,,Chain Packaged Food Only,False,ACHD
Shop N Go,2226  Route 837 PA 15088,40.268214,-79.9021485,convenience_limited,,Chain Retail/Convenience Store,False,ACHD
Crate Kitchenware & Cooking School,1960 Greentree Road PA 15220,40.395375,-80.0670375,other_food_retail,,Packaged Food Only,False,ACHD
India Grocers,2101 Greentree Rd B-119.5 PA 15220,40.390623,-80.072334,convenience_limited,,Retail/Convenience Store,False,ACHD
Eckerd Drug,133 Church Hill Rd PA 15136,40.442562,-80.148825,other_food_retail,,Chain Packaged Food Only,False,ACHD
Turtle Express,557 James St PA 15145,40.412475,-79.8188175,convenience_limited,,Retail/Convenience Store,False,USDA_SNAP+ACHD
Ames #1089,7005 Clairton Rd PA 15122,40.345947,-79.9399035,other_food_retail,,Chain Packaged Food Only,False,USDA_SNAP+ACHD
Sherm's Place,490 E North Ave PA 15212,40.456629,-80.002098,other_food_retail,,Packaged Food Only,False,USDA_SNAP+ACHD
Take 2 Video,3467 Bates St PA 15213,40.436973,-79.9552395,other_food_retail,,Chain Packaged Food Only,False,ACHD
Pittsburgh Cigar Co,8623 Old Perry Hwy PA 15237,40.561731,-80.0401365,other_food_retail,,Packaged Food Only,False,ACHD
Walmart Super Center #2588,100 Walmart Drive PA 15137,40.386888,-79.824294,full_grocery,,Chain Supermarket,False,ACHD
Discount Plus,421 5th Ave PA 15132,40.350853253,-79.866838072,convenience_limited,,Retail/Convenience Store,False,USDA_SNAP+ACHD
Honey Baked Ham Co,329 Penn Center Blvd PA 15235,40.412034,-80.0899335,convenience_limited,,Chain Retail/Convenience Store,False,ACHD
Brown's Dairy Store,403 Bessemer Ave PA 15112,40.3944557990001,-79.841080397,convenience_limited,,Retail/Convenience Store,False,ACHD
Giant Eagle,4313 Walnut St PA 15132,40.322349,-79.8340815,full_grocery,,Chain Packaged Food Only,False,USDA_SNAP+ACHD
Frenchy's News,322 5th  Ave/Lobby PA 15222,40.440294,-79.999776,other_food_retail,,Packaged Food Only,False,USDA_SNAP+ACHD
Toot N Scoot,321 Camp Hollow Rd PA 15122,40.34871,-79.926633,convenience_limited,,Chain Retail/Convenience Store,False,USDA_SNAP+ACHD
Sam's Club #6679,2932 Lebanon Church Rd PA 15122,40.349020597,-79.931804442,other_food_retail,,Chain Retail/Convenience Store,False,USDA_SNAP+ACHD
Lefty's,426 E Ohio St PA 15212,40.453623,-80.000775,other_food_retail,,Packaged Food Only,False,ACHD
Office Depot #152,4049 Wm Penn Hwy PA 15146,40.4405881190876,-79.7706282054701,other_food_retail,,Chain Packaged Food Only,False,ACHD
Elizabeth BP,141 McKeesport Road PA 15037,40.274757,-79.883622,convenience_limited,,Chain Retail/Convenience Store,False,ACHD
Office Depot #125,1763 S Braddock Ave PA 15218,40.433005016,-79.89452296,farmers_market,,Seasonal/Farmers Market,False,USDA_SNAP+ACHD
Dollar Tree #258,64 Federal Dr PA 15235,40.462272,-79.826913,other_food_retail,,Retail/Convenience Store,False,USDA_SNAP+ACHD
Nancy B's Bakery,415  W 8th (Rear) Avenue PA 15120,40.402863,-79.917165,specialty_food,,Bakery,False,ACHD
Alfred's Deli Plus,3041 Brereton St PA 15219,40.456764,-79.968339,convenience_limited,,Retail/Convenience Store,False,ACHD
Eckerd Drug,700 Penn Ave PA 15221,40.443507,-79.8846705,other_food_retail,,Chain Packaged Food Only,False,USDA_SNAP+ACHD
Erin's Hallmark,529 Lincoln Ave PA 15202,40.495851,-80.0567955,other_food_retail,,Packaged Food Only,False,ACHD
East Oriental Food Store,4025 Wm Penn Hwy PA 15146,40.4391471519123,-79.7713763558305,other_food_retail,,Chain Retail/Convenience Store,False,USDA_SNAP+ACHD
Tardivo Brothers Bakery,22 Wabash St PA 15220,40.440654,-80.035056,specialty_food,,Bakery,False,USDA_SNAP+ACHD
Michael's Arts & Crafts #9990,3759 Wm Penn Hwy PA 15146,40.437700636217,-79.786228381099,other_food_retail,,Chain Packaged Food Only,False,ACHD
Brookline Market,924 Brookline Blvd PA 15226,40.39236,-80.0186535,full_grocery,,Supermarket,False,USDA_SNAP+ACHD
Sunoco A Plus Mini Market,7345 Saltsburg Rd PA 15235,40.478112,-79.7853195,other_food_retail,,Chain Packaged Food Only,False,USDA_SNAP+ACHD
Dollar Rama,320 Curry Hollow Rd PA 15236,40.337406,-79.976565,other_food_retail,,Chain Packaged Food Only,False,ACHD
Target #1217,600 Chauvet Drive PA 15275,40.446324,-80.1836145,other_food_retail,,Chain Packaged Food Only,False,ACHD
Jean's Hallmark,595 Clairton Blvd PA 15236,40.332528,-79.944201,other_food_retail,,Packaged Food Only,False,ACHD
Eckerd Drug,5550 Clayborne PA 15232,40.4566054440019,-79.9343652788186,full_grocery,,Chain Supermarket,False,USDA_SNAP+ACHD
Spring Run Market,1207 Spring Run Rd PA 15108,40.546215,-80.242263,convenience_limited,,Retail/Convenience Store,False,ACHD
Hollers,3117 Walnut St PA 15132,40.330647,-79.84287,convenience_limited,,Retail/Convenience Store,False,ACHD
Ray Evanoski Produce Stand,Pine Creek Rd PA 15237,40.585107409,-80.039226675,farmers_market,,Seasonal/Farmers Market,False,ACHD
Welsh's Deli,3179 Harts Run Rd PA 15116,40.560876,-79.928208,convenience_limited,,Retail/Convenience Store,False,ACHD
Hechingers,2100 Washington Pike PA 15106,40.386267,-80.0931015,other_food_retail,,Chain Packaged Food Only,False,USDA_SNAP+ACHD
Mitchell's Amoco,9700 Perry Hwy PA 15237,40.582368,-80.037918,convenience_limited,,Chain Retail/Convenience Store,False,ACHD
Value City Dept Store #172,Highland Mall / Route 28 PA 15065,40.6463165000001,-79.711609553,other_food_retail,,Chain Packaged Food Only,False,USDA_SNAP+ACHD
Stoecklein Bake Shop,469 Freeport Rd PA 15238,40.496247,-79.857621,specialty_food,,Bakery,False,ACHD
Family Deli,514 Main St PA 15112,40.395762,-79.8413355,convenience_limited,,Retail/Convenience Store,False,ACHD
Katie's Korner,4097 Battleridge Rd PA 15031,40.34871,-80.164368,specialty_food,,Chain Bakery,False,USDA_SNAP+ACHD
Allendale Market,3333 Allendale St PA 15204,40.457268,-80.063226,other_food_retail,,Packaged Food Only,False,USDA_SNAP+ACHD
C J's Mini Market,610 Southern Ave PA 15211,40.421538,-80.012844,other_food_retail,,Retail/Convenience Store,False,USDA_SNAP+ACHD
Bally Sports Club,119 Sixth St PA 15222,40.443579,-80.001747,other_food_retail,,Chain Packaged Food Only,False,USDA_SNAP+ACHD
Judy's Town News,1132 Brackenridge Ave PA 15014,40.606074,-79.7348115,other_food_retail,,Retail/Convenience Store,False,USDA_SNAP+ACHD
Ames #1048,1300 Hoffman Blvd PA 15122,40.383666,-79.867989,other_food_retail,,Chain Packaged Food Only,False,ACHD
E & A Mart,2101 Murray Ave PA 15217,40.433598,-79.922853,other_food_retail,,Packaged Food Only,False,ACHD
McEachern C Store,617 Wood St PA 15221,40.441239,-79.8862635,convenience_limited,,Retail/Convenience Store,False,ACHD
Ames #543,2641 Freeport Rd PA 15238,40.488554224,-79.89035649,full_grocery,,Retail/Convenience Store,False,USDA_SNAP+ACHD
Clairton News,520 N State St PA 15025,40.309002,-79.8896655,other_food_retail,,Packaged Food Only,False,ACHD
Del Monte Corp Company Store,1075 Progress St PA 15212,40.455207,-79.989696,convenience_limited,,Retail/Convenience Store,False,ACHD
Jenny Lee Bakery #1,430 Market St PA 15222,40.440996,-80.0021655,specialty_food,,Chain Bakery,False,USDA_SNAP+ACHD
Boston Stitchery,5731 Smithfield St PA 15135,40.311315,-79.8253065,other_food_retail,,Packaged Food Only,False,ACHD
La Cava's Italian Market,1805 Golden Mile Hwy / Rt 286 PA 15239,40.4791202110001,-79.705502113,other_food_retail,,Chain Packaged Food Only,False,USDA_SNAP+ACHD
Phar-Mor,1005 Freeport Rd PA 15238,40.488003,-79.885881,other_food_retail,,Chain Packaged Food Only,False,USDA_SNAP+ACHD
South Fayette Shop N Save,3239 Washington Pke PA 15017,40.341159,-80.11854,full_grocery,,Chain Supermarket,False,ACHD
Heavenly Harvest,471 Lincoln Ave PA 15202,40.494978,-80.0548515,convenience_limited,,Retail/Convenience Store,False,ACHD
Eckerd Drug,425 Perry Hwy PA 15229,40.519242,-80.032545,other_food_retail,,Chain Packaged Food Only,False,ACHD
Cookies By Design,332 5th Ave 1st Floor PA 15222,40.440222,-79.9994745,specialty_food,,Bakery,False,ACHD
Shadyside Natural Foods,5401 Baum Blvd PA 15232,40.457241,-79.938153,convenience_limited,,Retail/Convenience Store,False,ACHD
MeMe's Market,601 Lincoln Ave PA 15206,40.461795,-79.9078905,convenience_limited,,Retail/Convenience Store,False,USDA_SNAP+ACHD
Marshall's #779,460 E Waterfront Dr PA 15120,40.411287,-79.9075125,other_food_retail,,Chain Packaged Food Only,False,ACHD
Stagno's Italian Accent,1747 Chislett St PA 15206,40.485429,-79.926048,convenience_limited,,Retail/Convenience Store,False,ACHD
Faber Coe & Gregg Inc,300 6th Ave PA 15222,40.441878,-79.999245,other_food_retail,,Retail/Convenience Store,False,USDA_SNAP+ACHD
7 Eleven #157,11359 Perry Hwy PA 15090,40.622985,-80.054316,convenience_limited,,Chain Retail/Convenience Store,False,USDA_SNAP+ACHD
Joe Grana's Market,1627 Oak Grove Ave PA 15218,40.423275,-79.896177,convenience_limited,,Retail/Convenience Store,False,ACHD
GNC,Highlands Mall / Freeport PA 15065,40.645479944,-79.7123572099999,other_food_retail,,Chain Packaged Food Only,False,ACHD
Co Go's,1601 Freeport Rd PA 15065,40.621293,-79.7286105,convenience_limited,,Chain Retail/Convenience Store,False,ACHD
Prantls Bakery,5525 Walnut St PA 15232,40.451589,-79.9328745,specialty_food,,Chain Bakery,False,USDA_SNAP+ACHD
Matt's Mini Market,3301 Brighton Rd PA 15212,40.4756738390001,-80.030540115,other_food_retail,,Retail/Convenience Store,False,USDA_SNAP+ACHD
Elizabeth Convience,206 Plum St PA 15037,40.272066,-79.887276,specialty_food,,Retail/Convenience Store,False,USDA_SNAP+ACHD
K & M Tobacco Outlet,4366 Old Wm Penn Hwy PA 15146,40.442826145268,-79.7704494369665,other_food_retail,,Packaged Food Only,False,USDA_SNAP+ACHD
Sunoco A Plus Mini Market #6967,3446 5th Ave Ext PA 15137,40.366998,-79.818966,convenience_limited,,Chain Retail/Convenience Store,False,ACHD
Oakland Produce & Deli,366 Atwood St PA 15213,40.438161,-79.9542585,convenience_limited,,Retail/Convenience Store,False,ACHD
Mello News,204 Federal St PA 15212,40.448502,-80.0039925,other_food_retail,,Packaged Food Only,False,ACHD
Eckerd Drug,1816 Homeville Rd PA 15122,40.365099,-79.8716295,other_food_retail,,Chain Packaged Food Only,False,ACHD
B P Oil-Airport #7013,9411 University Blvd PA 15108,40.502007,-80.2215765,other_food_retail,,Chain Retail/Convenience Store,False,USDA_SNAP+ACHD
Tate's Confectionery,6 Cochran PA 15110,40.3713734067686,-79.8537063736588,convenience_limited,,Retail/Convenience Store,False,ACHD
Ames #1050,1000 Park Manor Rd PA 15205,40.452615,-80.1617625,other_food_retail,,Chain Packaged Food Only,False,ACHD
Co Go's,2421 McNeilly Rd PA 15226,40.381803,-80.0091315,convenience_limited,,Retail/Convenience Store,False,USDA_SNAP+ACHD
Oakland Food Mart,3459 Ward St PA 15213,40.436406,-79.9543575,convenience_limited,,Retail/Convenience Store,False,USDA_SNAP+ACHD
Phar-Mor,4775 Mountain View Dr PA 15122,40.345011,-79.943796,other_food_retail,,Chain Packaged Food Only,False,ACHD
John's Confectionery,114 Hamilton Ave PA 15110,40.3747738000001,-79.849168406,other_food_retail,,Packaged Food Only,False,USDA_SNAP+ACHD
Grisnik Bakery,442 St Clair Ave PA 15025,40.292766,-79.885269,specialty_food,,Retail/Convenience Store,False,USDA_SNAP+ACHD
Paul's Auto Service,836 Monongahela Ave PA 15045,40.321539,-79.892829,other_food_retail,,Packaged Food Only,False,ACHD
Ames #541,5070 Wm Penn Hwy PA 15146,40.426585143549,-79.7078601686547,other_food_retail,,Chain Packaged Food Only,False,USDA_SNAP+ACHD
Doug's Market,1327 Arch Street PA 15212,40.45725,-80.0095815,convenience_limited,,Retail/Convenience Store,False,USDA_SNAP+ACHD
Folino Brothers,1069 3rd St PA 15137,40.376367,-79.808112,full_grocery,,Retail/Convenience Store,False,USDA_SNAP+ACHD
Thu Dam Grocery,65 Knox Ave PA 15210,40.4172,-79.990866,other_food_retail,,Packaged Food Only,False,ACHD
Dollar Tree,Parkway Center Mall  S-1223 PA 15220,40.4258257430001,-80.041167151,other_food_retail,,Chain Packaged Food Only,False,ACHD
Balcer Bakery,2126 E Carson St PA 15203,40.428117,-79.9751385,specialty_food,,Bakery,False,ACHD
Melwood Drug Co,4631 Centre Ave PA 15213,40.452408,-79.9506585,other_food_retail,,Packaged Food Only,False,ACHD
Richland Pharmacy,5576 Wm Flynn Hwy PA 15044,40.6342746472747,-79.9395542460416,other_food_retail,,Packaged Food Only,False,ACHD
H & H Fish & Poultry,328 6th St PA 15132,40.349961,-79.863552,convenience_limited,,Retail/Convenience Store,False,USDA_SNAP+ACHD
Giant Eagle #45,225 Blazier Drive PA 15237,40.584375,-80.038152,full_grocery,,Chain Retail/Convenience Store,False,USDA_SNAP+ACHD
JLB Automotive Center,5002 Buttermilk Hollow Rd PA 15122,40.356081,-79.9123275,other_food_retail,,Packaged Food Only,False,ACHD
Joe's Butcher Shop,922 Main St PA 15215,40.494708,-79.93278,convenience_limited,,Retail/Convenience Store,False,USDA_SNAP+ACHD
Kunst Bakery,3610 Forbes Ave PA 15213,40.440762,-79.957836,specialty_food,,Bakery,False,USDA_SNAP+ACHD
Lazarus Confectionary,301 5th Ave PA 15222,40.440708,-79.999713,other_food_retail,,Chain Packaged Food Only,False,ACHD
Quality Farm Market,3128 Library Rd PA 15234,40.372758,-80.0077365,full_grocery,,Supermarket,False,ACHD
$ For All,503 Lincoln Ave PA 15202,40.495518,-80.055936,other_food_retail,,Packaged Food Only,False,ACHD
5 Twelve Food Mart,4201 Penn Ave PA 15224,40.466061,-79.954452,convenience_limited,,Retail/Convenience Store,False,USDA_SNAP+ACHD
Julie Karadus,3415 Lincoln Ave PA 15122,40.390695,-79.887699,farmers_market,,Seasonal/Farmers Market,False,ACHD
Elluinger's  Meats,2330 Wildwood Rd PA 15091,40.593546,-79.9764615,farmers_market,,Packaged Food Only,False,USDA_SNAP+ACHD
Days Inn Gift Shop,1150 Banksville Rd PA 15216,40.419198,-80.0302635,other_food_retail,,Chain Packaged Food Only,False,ACHD
Candy Etc,429 Forbes Ave and 1st PA 15219,40.439142,-79.99785,other_food_retail,,Chain Packaged Food Only,False,USDA_SNAP+ACHD
Hawkins Market,542 Hawkins Ave PA 15104,40.4086541130001,-79.866242643,convenience_limited,,Retail/Convenience Store,False,ACHD
Blockbuster Video,1358 Poplar St PA 15205,40.427667,-80.052201,other_food_retail,,Chain Packaged Food Only,False,ACHD
Goldman's Shell,6701 Frankstown Ave PA 15208,40.458834,-79.907562,convenience_limited,,Retail/Convenience Store,False,USDA_SNAP+ACHD
CVS/Pharmacy #4100,2802 Duquesne Plaza S/C PA 15110,40.374659976,-79.846102302,other_food_retail,,Chain Packaged Food Only,False,ACHD
Shur Save,649 Old Clairton Rd PA 15236,40.32423,-79.95681,full_grocery,,Chain Supermarket,False,ACHD
Faber Coe & Gregg,444 Liberty Ave PA 15222,40.44087,-80.0046945,other_food_retail,,Chain Packaged Food Only,False,USDA_SNAP+ACHD
Faber Coe & Gregg,603 Stanwix St / Gateway  2 PA 15222,40.442229,-80.0045865,farmers_market,,Seasonal/Farmers Market,False,USDA_SNAP+ACHD
Faber Coe & Gregg,600 Commonwealth Place PA 15222,40.441734,-80.0064045,other_food_retail,,Chain Packaged Food Only,False,USDA_SNAP+ACHD
Eckerd Drug,3801 Brighton Rd PA 15212,40.484502,-80.0361135,other_food_retail,,Chain Packaged Food Only,False,ACHD
Better Maid Donuts Co,1178 Steuben St PA 15220,40.441581,-80.0478405,specialty_food,,Bakery,False,USDA_SNAP+ACHD
Dorothy Scheerbaum's Bakery,5554 Gibson Rd PA 15044,40.626135,-79.9677585,specialty_food,,Bakery,False,ACHD
Hunter Bros,856 Allegheny River Blvd PA 15139,40.525344,-79.840377,convenience_limited,,Retail/Convenience Store,False,ACHD
Lori Lynn's Bakery,1600 Texas Ave PA 15122,40.366251,-79.858899,specialty_food,,Bakery,False,ACHD
Giant Eagle #52,132 Ben Avon Heights Road PA 15237,40.521636,-80.069139,full_grocery,,Chain Supermarket,False,ACHD
Browns Grocery,618 Gearing Ave PA 15210,40.416678,-80.005086,convenience_limited,,Retail/Convenience Store,False,USDA_SNAP+ACHD
Co Go's,6221 Saltsburg Rd PA 15235,40.484664,-79.815915,convenience_limited,,Chain Retail/Convenience Store,False,ACHD
Jenny Lee Bakery,Crafton-Ingram Shopping Ctr @ Foster Ave PA 15205,40.4415269460001,-80.070835121,full_grocery,,Packaged Food Only,False,USDA_SNAP+ACHD
Co Go's,3301 Saw Mill Run Blvd PA 15227,40.375395,-79.9829235,convenience_limited,,Chain Retail/Convenience Store,False,ACHD
Simple Treat,4734 Liberty Ave PA 15224,40.4613,-79.9488945,specialty_food,,Retail/Convenience Store,False,USDA_SNAP+ACHD
Hermanowski Wholesale,1907 Penn Ave PA 15222,40.45104,-79.984494,other_food_retail,,Packaged Food Only,False,ACHD
Tippys Dairy Store,1518 Mifflin St PA 15120,40.403016,-79.903431,convenience_limited,,Retail/Convenience Store,False,USDA_SNAP+ACHD
Toot N Scoot #4,Railroad and Station St PA 15017,40.3584300740001,-80.110006234,convenience_limited,,Chain Retail/Convenience Store,False,ACHD
Sam's Club #6575,249 Summit Park Drive PA 15275,40.449555,-80.1779895,full_grocery,,Chain Retail/Convenience Store,False,USDA_SNAP+ACHD
7 Eleven  #190,3725 Sutherland Ave PA 15213,40.4457118349014,-79.9626970165129,convenience_limited,,Chain Retail/Convenience Store,False,ACHD
Nina's One Stop,822 Wood St PA 15221,40.442679,-79.8849765,other_food_retail,,Packaged Food Only,False,USDA_SNAP+ACHD
B P Oil #7007,921 Brodhead Rd PA 15108,40.516857,-80.2220985,convenience_limited,,Chain Retail/Convenience Store,False,ACHD
Galaxy Digital,1211 Brownsville Rd PA 15210,40.403763,-79.9898445,other_food_retail,,Retail/Convenience Store,False,USDA_SNAP+ACHD
Nationwide Nutrition Outlet,4871 Clairton Blvd PA 15236,40.349448,-79.9755525,other_food_retail,,Chain Packaged Food Only,False,ACHD
Glenshaw Sunoco,1800 Wm Flynn Hwy PA 15116,40.5411468462617,-79.9633248899085,convenience_limited,,Chain Retail/Convenience Store,False,USDA_SNAP+ACHD
Schubert's Superette,3200 Chartiers Ave PA 15204,40.453929,-80.064396,convenience_limited,,Retail/Convenience Store,False,USDA_SNAP+ACHD
Amish Bakery & Market,5913 Smithfield St PA 15135,40.312701,-79.823277,convenience_limited,,Retail/Convenience Store,False,USDA_SNAP+ACHD
Dave's Meats & Deli,1525 Potomac Ave PA 15216,40.396959,-80.035911,specialty_food,,Retail/Convenience Store,False,USDA_SNAP+ACHD
Potomac Bakery,1419 Potomac  Avenue PA 15216,40.395429,-80.034768,specialty_food,,Bakery,False,ACHD
M Sredy General Merchandise,3431 Rainbow Run Rd PA 15037,40.206159,-79.858107,convenience_limited,,Retail/Convenience Store,False,ACHD
Sebastian Grocery,524 N 6th St PA 15025,40.306005,-79.8934185,convenience_limited,,Retail/Convenience Store,False,ACHD
Hollywood Video #038303,450 56th St PA 15201,40.483575,-79.9481025,full_grocery,,Chain Packaged Food Only,False,USDA_SNAP+ACHD
Dollar Discount Stores,5301 Grove Rd PA 15236,40.358232,-80.001792,specialty_food,,Chain Packaged Food Only,False,USDA_SNAP+ACHD
Old Hickory Deli Foodmart,1001 Old Hickory Lane PA 15025,40.280715,-79.95726,convenience_limited,,Retail/Convenience Store,False,ACHD
Waterworks Cinemas,930 Freeport Rd PA 15238,40.489947,-79.8936975,convenience_limited,,Retail/Convenience Store,False,ACHD
Allegheny Athletic Club,333 Northgate Dr / Box 526 PA 15086,40.655106,-80.081991,other_food_retail,,Packaged Food Only,False,ACHD
Quik Serv Sunoco Food Mart,400 Union Avenue PA 15202,40.503933,-80.061786,convenience_limited,,Retail/Convenience Store,False,ACHD
7 Eleven #175 / Subway,5230 Library Rd PA 15102,40.331718,-80.023383,other_food_retail,,Chain Retail/Convenience Store,False,USDA_SNAP+ACHD
Moio's Italian Pastry Shop,4209 Wm Penn  Highway PA 15146,40.4395661230826,-79.7615274233802,specialty_food,,Bakery,False,ACHD
Jenny Craig Wgt Loss Ctr,3747 Wm Penn Hwy PA 15146,40.4370932283443,-79.7871308755028,other_food_retail,,Chain Packaged Food Only,False,ACHD
Hickman St News,351 Hickman St PA 15017,40.357098,-80.1132345,other_food_retail,,Packaged Food Only,False,USDA_SNAP+ACHD
West Coast Video #1341,734 Brookline Blvd PA 15226,40.393962,-80.020701,other_food_retail,,Chain Packaged Food Only,False,ACHD
Family Dollar #22467,1868 Homeville Rd PA 15122,40.365144,-79.8726465,other_food_retail,,Chain Packaged Food Only,False,ACHD
Hilltop Donut Shop,951 Airbrake Ave PA 15145,40.40388,-79.8241455,convenience_limited,,Retail/Convenience Store,False,ACHD
Tobacco Station,3235 W Liberty Ave PA 15216,40.389822,-80.040852,other_food_retail,,Packaged Food Only,False,ACHD
Mt Lebanon Market Place,95 Central Sq PA 15228,40.380048,-80.044452,other_food_retail,,Packaged Food Only,False,ACHD
Candy Bouquet,3347 Babcock Blvd PA 15237,40.534713,-80.0199135,other_food_retail,,Chain Packaged Food Only,False,ACHD
Giant Eagle #0034,6511 Steubenville Pike PA 15205,40.446126,-80.1624375,full_grocery,,Chain Packaged Food Only,False,USDA_SNAP+ACHD
BK Food Market,815 Universal Rd PA 15235,40.461138,-79.811901,convenience_limited,,Retail/Convenience Store,False,USDA_SNAP+ACHD
Faber Coe & Gregg,11 Stanwix St PA 15222,40.439106,-80.006337,other_food_retail,,Chain Packaged Food Only,False,ACHD
Melia Mkt,1935 Crafton Blvd PA 15205,40.431447,-80.0697015,other_food_retail,,Retail/Convenience Store,False,USDA_SNAP+ACHD
Huckleberry's,105 Seminary Ave  108 PA 15071,40.396959,-80.183637,convenience_limited,,Retail/Convenience Store,False,USDA_SNAP+ACHD
Co Go's,555 Bruceton Rd PA 15236,40.328649,-79.946739,convenience_limited,,Chain Retail/Convenience Store,False,ACHD
H D Dudt Bakery,11010 Perry Highway PA 15090,40.618323,-80.0551305,specialty_food,,Bakery,False,ACHD
John's Leader Drug,109 Penn Pz PA 15145,40.405815,-79.826445,other_food_retail,,Packaged Food Only,False,USDA_SNAP+ACHD
Climax Curb Market,500 Climax St PA 15210,40.419873,-79.9986645,convenience_limited,,Retail/Convenience Store,False,ACHD
Kullman Bakery,225 Brownsville Rd PA 15210,40.415076,-79.987293,specialty_food,,Packaged Food Only,False,USDA_SNAP+ACHD
Brozs Mkt,279 45th St PA 15201,40.470741,-79.957116,convenience_limited,,Retail/Convenience Store,False,ACHD
The Ped L Ers Market,209 Industry Rd PA 15018,40.272552,-79.797735,full_grocery,,Supermarket,False,USDA_SNAP+ACHD
McCrum's Dairy,210 4th St PA 15034,40.349898,-79.8928245,other_food_retail,,Packaged Food Only,False,USDA_SNAP+ACHD
Smokin' Joe's News,2606 Lincoln Way E PA 15131,40.325193,-79.792731,other_food_retail,,Packaged Food Only,False,ACHD
Crafter's Attic,5217 Library Rd PA 15102,40.333239,-80.023149,farmers_market,,Seasonal/Farmers Market,False,USDA_SNAP+ACHD
Lucky's Market,418 5th Ave PA 15132,40.351104,-79.8625665,convenience_limited,,Retail/Convenience Store,False,USDA_SNAP+ACHD
The Washery,3021 Library Rd PA 15236,40.332528854,-80.0219810629999,other_food_retail,,Chain Packaged Food Only,False,USDA_SNAP+ACHD
Baker Street,2034 Murray Ave PA 15217,40.43385,-79.923141,specialty_food,,Bakery,False,USDA_SNAP+ACHD
Jerry's Meat Market,3103 Brereton St PA 15219,40.4568,-79.96707,convenience_limited,,Retail/Convenience Store,False,USDA_SNAP+ACHD
Icky Sticky & Goo,South Hills Village PA 15241,40.339113738,-80.0578472349999,farmers_market,,Chain Packaged Food Only,False,USDA_SNAP+ACHD
Instant Replay Video,6300 Steubenville Pike PA 15205,40.448142,-80.154936,other_food_retail,,Chain Packaged Food Only,False,ACHD
Dollar General #4379,4015 Freeport Rd PA 15065,40.646907,-79.7100255,other_food_retail,,Packaged Food Only,False,ACHD
Stop-N-Go Food Stores,1770 Pine Hollow Rd PA 15136,40.476672,-80.100945,convenience_limited,,Chain Retail/Convenience Store,False,USDA_SNAP+ACHD
Wheel & Wedge Cheese House,601 W Main St PA 15106,40.402188,-80.094195,convenience_limited,,Retail/Convenience Store,False,ACHD
King Bargain,2021 Penn Ave PA 15222,40.451625,-79.98363,convenience_limited,,Retail/Convenience Store,False,USDA_SNAP+ACHD
Hudson Mini Mart,6500 Saltsburg Rd PA 15235,40.482333,-79.809534,other_food_retail,,Chain Packaged Food Only,False,USDA_SNAP+ACHD
Giant Eagle #73,9901 Mountain View  Drive PA 15122,40.339656,-79.9497495,full_grocery,,Chain Retail/Convenience Store,False,USDA_SNAP+ACHD
Discount Bakery,906 Wood St PA 15221,40.443093,-79.8849045,other_food_retail,,Packaged Food Only,False,USDA_SNAP+ACHD
Homestead Citgo,1617 West St PA 15120,40.400955,-79.9056765,other_food_retail,,Packaged Food Only,False,USDA_SNAP+ACHD
Cards Plus,5854 Forbes Ave PA 15217,40.43781,-79.9208415,other_food_retail,,Packaged Food Only,False,ACHD
Carol Wayne Chocolates,3805 Forbes Ave PA 15213,40.441824,-79.9568415,other_food_retail,,Packaged Food Only,False,USDA_SNAP+ACHD
Giant Eagle #6345,1701 Lincoln Hwy PA 15137,40.372425,-79.785126,full_grocery,,Chain Packaged Food Only,False,USDA_SNAP+ACHD
Eckerd Drug,969 Greentree Rd PA 15220,40.420386,-80.0449695,other_food_retail,,Chain Packaged Food Only,False,ACHD
Minitalia Foods,4415 Old Wm Penn Hwy PA 15146,40.4310759708795,-79.765443046404,convenience_limited,,Retail/Convenience Store,False,ACHD
Eckerd Drug,1907 Lebanon Church Rd PA 15122,40.34844,-79.950258,other_food_retail,,Chain Packaged Food Only,False,ACHD
GNC #5039,163 Allegheny River Blvd PA 15147,40.4977788460001,-79.8450537749999,other_food_retail,,Chain Packaged Food Only,False,ACHD
Gulf Mart,3000 Route 8 Burchfield Rd PA 15101,40.546206,-79.961391,convenience_limited,,Chain Retail/Convenience Store,False,ACHD
Washington Plaza Market,1420 Centre Ave PA 15219,40.44042,-79.986429,convenience_limited,,Retail/Convenience Store,False,USDA_SNAP+ACHD
Gulf Tower Newstand,707 Grant St PA 15219,40.44258,-79.9952265,other_food_retail,,Packaged Food Only,False,USDA_SNAP+ACHD
Persephones,643 Allegheny Ave PA 15139,40.521321,-79.842978,convenience_limited,,Retail/Convenience Store,False,ACHD
Spring Garden Shop'n Save,1930 Spring Garden Ave PA 15212,40.469562,-79.986501,full_grocery,,Chain Supermarket,False,USDA_SNAP+ACHD
North Braddock Dari-Deli,1536 Brinton Ave PA 15104,40.402359,-79.8419205,convenience_limited,,Retail/Convenience Store,False,USDA_SNAP+ACHD
North Braddock Market,623 Jones St PA 15104,40.40424,-79.861977,other_food_retail,,Retail/Convenience Store,False,USDA_SNAP+ACHD
Eckerd Drug,600 Oxford Dr PA 15146,40.429737,-79.7880825,other_food_retail,,Chain Packaged Food Only,False,ACHD
Rick's Market,2408 Reed St PA 15219,40.444983,-79.971579,convenience_limited,,Retail/Convenience Store,False,USDA_SNAP+ACHD
Keystone Plumbing,6030 Broad St PA 15206,40.4603771800001,-79.916963129,other_food_retail,,Chain Packaged Food Only,False,ACHD
Oates Brother's Convenience,614 Miller Ave PA 15025,40.292037,-79.8833655,convenience_limited,,Retail/Convenience Store,False,ACHD
Blooms Cut-Rate,2716 5th  Avenue PA 15132,40.357044,-79.8325785,other_food_retail,,Packaged Food Only,False,ACHD
Grant Bldg Cigars,330 Grant St  / Grant Bldg PA 15222,40.437651885,-79.9975356149999,other_food_retail,,Chain Packaged Food Only,False,USDA_SNAP+ACHD
Co Go's #322,510 Station St PA 15017,40.357233,-80.1105795,convenience_limited,,Chain Retail/Convenience Store,False,ACHD
Stop-N-Go Food Stores,8110 Ohio River Blvd PA 15202,40.50999,-80.092143,convenience_limited,,Chain Retail/Convenience Store,False,USDA_SNAP+ACHD
Co Go's,2628 Mosside Blvd PA 15146,40.4270114240001,-79.752624698,convenience_limited,,Chain Retail/Convenience Store,False,ACHD
India Grocers,3936 Monroeville Blvd PA 15146,40.437072,-79.7773005,other_food_retail,,Retail/Convenience Store,False,USDA_SNAP+ACHD
The New Glen Deli,447 Carothers Ave PA 15106,40.399929,-80.088075,convenience_limited,,Retail/Convenience Store,False,USDA_SNAP+ACHD
7 Eleven #110-3,2101 Freeport Rd PA 15065,40.627017,-79.721559,convenience_limited,,Chain Retail/Convenience Store,False,USDA_SNAP+ACHD
Cookies By Design,3456 Wm Penn Hwy PA 15235,40.4293116962994,-79.8105015283085,specialty_food,,Bakery,False,ACHD
Nibbles & Licks,557 Lincoln Ave PA 15202,40.4964,-80.057502,specialty_food,,Bakery,False,USDA_SNAP+ACHD
Co Go's #338,3767 Brownsville Rd PA 15227,40.370598,-79.974819,convenience_limited,,Chain Retail/Convenience Store,False,USDA_SNAP+ACHD
Giant Eagle #3,2661 Freeport Rd PA 15238,40.538358,-79.8364305,full_grocery,,Chain Packaged Food Only,False,USDA_SNAP+ACHD
7 Days Convenience Store,619 Forrest Ave PA 15202,40.502493,-80.054523,other_food_retail,,Packaged Food Only,False,USDA_SNAP+ACHD
McCartan Hardware,2101 Perrysville Ave PA 15214,40.463811,-80.0121825,other_food_retail,,Packaged Food Only,False,USDA_SNAP+ACHD
Prima 7 Eleven #5776,3646 Library Rd PA 15234,40.365171,-80.0195535,convenience_limited,,Chain Retail/Convenience Store,False,USDA_SNAP+ACHD
T J Maxx #822,580 E Waterfront Dr PA 15120,40.411854,-79.90515,other_food_retail,,Chain Packaged Food Only,False,ACHD
Glassmere Fuel Service #205,1967 Saxonburg Boulevard PA 15084,40.629312,-79.855065,convenience_limited,,Retail/Convenience Store,False,ACHD
Kaufmann's Candy,Monroeville Mall Blvd PA 15146,40.4326567030001,-79.7911415249999,other_food_retail,,Chain Packaged Food Only,False,ACHD
Pott's Grocery,623 Brushton Ave PA 15208,40.453578,-79.889148,other_food_retail,,Packaged Food Only,False,USDA_SNAP+ACHD
New USA Foods,600 Beltzhoover Ave PA 15210,40.417362,-79.997526,other_food_retail,,Packaged Food Only,False,ACHD
Sunrise Sunoco #2,1721 Banksville Rd PA 15216,40.408983,-80.031699,convenience_limited,,Chain Retail/Convenience Store,False,USDA_SNAP+ACHD
CVS/Pharmacy,3137 Banksville Rd PA 15216,40.407235411,-80.03773781,other_food_retail,,Chain Packaged Food Only,False,ACHD
Short Stop Confectionary,2516 Grandview Ave PA 15132,40.335327,-79.8351525,convenience_limited,,Retail/Convenience Store,False,ACHD
Doc's New Idea's,2145 Centre Ave PA 15219,40.445145,-79.9774965,convenience_limited,,Retail/Convenience Store,False,ACHD
Charlson Drug,804 Brookline Blvd PA 15226,40.393449,-80.0199855,other_food_retail,,Packaged Food Only,False,USDA_SNAP+ACHD
Szerbin Market,1717 West St PA 15120,40.400253,-79.905006,convenience_limited,,Retail/Convenience Store,False,ACHD
Pride St Deli,1425 Forbes Ave PA 15219,40.437927,-79.9853715,convenience_limited,,Retail/Convenience Store,False,USDA_SNAP+ACHD
Us Auto/Ashland,8650 University Blvd PA 15108,40.506687,-80.2235925,other_food_retail,,Packaged Food Only,False,ACHD
Valley Fresh Mkt / Triangle Deli,451 Rochester Rd PA 15237,40.534515,-80.0510265,convenience_limited,,Retail/Convenience Store,False,ACHD
Exxon #28367,10705 Frankstown Rd PA 15235,40.463153192,-79.851609821,other_food_retail,,Chain Packaged Food Only,False,USDA_SNAP+ACHD
Star Flick,807 Liberty Ave PA 15222,40.442958,-79.9986645,other_food_retail,,Packaged Food Only,False,ACHD
Hazlett Service,921 Russellton Rd PA 15024,40.556277,-79.8197355,convenience_limited,,Chain Retail/Convenience Store,False,ACHD
Uni-Mart #4614,5724 Ellsworth Ave PA 15232,40.455225,-79.931466,convenience_limited,,Chain Retail/Convenience Store,False,USDA_SNAP+ACHD
CVS/Pharmacy,1909 Monongahela Ave PA 15218,40.422222,-79.8885225,other_food_retail,,Chain Packaged Food Only,False,ACHD
Bickerton's News,534 Brookline Blvd PA 15226,40.395519,-80.0227845,other_food_retail,,Packaged Food Only,False,ACHD
Broadway Dari Store,412 Broadway PA 15136,40.469166,-80.0687745,other_food_retail,,Packaged Food Only,False,USDA_SNAP+ACHD
Lewis Grocery,92 Sylvania Ave PA 15210,40.417092,-80.006031,convenience_limited,,Retail/Convenience Store,False,ACHD
Quik Shot,1100 Lincoln Hwy PA 15137,40.377726,-79.80345,full_grocery,,Supermarket,False,ACHD
Larimer Ave Grocery,535 Larimer Ave PA 15145,40.4099776470001,-79.8261342009999,other_food_retail,,Packaged Food Only,False,ACHD
Newsland,824 E Pittsburgh Pz PA 15112,40.400532,-79.834761,other_food_retail,,Packaged Food Only,False,ACHD
Showcase Cinemas East,3455 Wm Penn Hwy PA 15235,40.4312415531613,-79.8115003876322,convenience_limited,,Retail/Convenience Store,False,ACHD
Zieglers Uncommon Market,5228 Thoms Run Rd /  Rear PA 15142,40.372713,-80.1194895,convenience_limited,,Retail/Convenience Store,False,ACHD
B P Oil #1000,2269 Noblestown Rd PA 15205,40.42809,-80.0531955,convenience_limited,,Chain Retail/Convenience Store,False,ACHD
Toot N Scoot #21,1215 Lebanon Rd PA 15122,40.359096,-79.9337475,convenience_limited,,Chain Retail/Convenience Store,False,USDA_SNAP+ACHD
Co Go's,226 Center Rd PA 15146,40.440483,-79.76718,convenience_limited,,Chain Retail/Convenience Store,False,ACHD
Daniels Discount Variety,5724 Curry  Road PA 15236,40.329387,-79.9884855,other_food_retail,,Packaged Food Only,False,ACHD
St Clair Algeo,1786 N Highland Rd PA 15241,40.349178,-80.052318,convenience_limited,,Retail/Convenience Store,False,ACHD
North Hills News,7600 McKnight Rd PA 15237,40.544343,-80.0143335,other_food_retail,,Packaged Food Only,False,ACHD
Meyers Store,1116 Bradish St PA 15203,40.427037,-79.986798,convenience_limited,,Retail/Convenience Store,False,ACHD
Mancini's Bakery,601 Woodward Ave PA 15136,40.471362,-80.07093,specialty_food,,Chain Bakery,False,ACHD
Saint Kitts Kitchen,6100 St Marie PA 15206,40.468185,-79.919118,convenience_limited,,Retail/Convenience Store,False,ACHD
Salvatore Timpani Service Stat,8136 Ohio River Blvd PA 15202,40.510593,-80.094096,convenience_limited,,Chain Retail/Convenience Store,False,USDA_SNAP+ACHD
Filling Station,135 E 8th Ave PA 15120,40.406868,-79.911423,convenience_limited,,Retail/Convenience Store,False,ACHD
Enrico Biscotti Co,2022 Penn Avenue PA 15222,40.45131,-79.983243,specialty_food,,Bakery,False,ACHD
Dear Stella,4113 Butler St PA 15201,40.469895,-79.9610715,other_food_retail,,Packaged Food Only,False,ACHD
Wayne's BP,4006 Liberty Ave PA 15224,40.462542,-79.9568415,convenience_limited,,Chain Retail/Convenience Store,False,ACHD
Gus's & Angel's,2207 Ardmore Blvd PA 15221,40.417758,-79.8483825,other_food_retail,,Packaged Food Only,False,ACHD
Morningside Market,1748 Chislett PA 15206,40.485222,-79.9258005,convenience_limited,,Retail/Convenience Store,False,USDA_SNAP+ACHD
GNC #2837,5990 University Blvd PA 15108,40.521555,-80.219277,full_grocery,,Retail/Convenience Store,False,USDA_SNAP+ACHD
Carson News,1604 E Carson St PA 15203,40.428765,-79.9823565,other_food_retail,,Packaged Food Only,False,ACHD
Co Go's,463 Perry Hwy PA 15229,40.520646,-80.0333775,convenience_limited,,Chain Retail/Convenience Store,False,ACHD
Stop-N-Go Food Stores,3961 Gibsonia Rd PA 15044,40.633542,-79.955028,convenience_limited,,Chain Retail/Convenience Store,False,USDA_SNAP+ACHD
Minerva Bakery,927 5th Avenue PA 15132,40.351959,-79.854714,specialty_food,,Bakery,False,ACHD
Barker's Meats & Poultry,5 Foster Ave / Crafton-Ingram Shopping Ctr PA 15205,40.441365,-80.069211,convenience_limited,,Chain Retail/Convenience Store,False,ACHD
Red & White Pharmacy,93 Joseph St PA 15227,40.38948,-79.9646895,other_food_retail,,Packaged Food Only,False,USDA_SNAP+ACHD
Kinley Drug,7401 Frankstown Ave PA 15208,40.456521,-79.8917085,other_food_retail,,Packaged Food Only,False,ACHD
Duseks,224 Grant Ave PA 15209,40.479282,-79.97166,convenience_limited,,Retail/Convenience Store,False,ACHD
B P Oil,8936 Frankstown Rd PA 15235,40.460652,-79.8670935,other_food_retail,,Chain Packaged Food Only,False,USDA_SNAP+ACHD
Tom Ward's Sunoco,50 Fox Chapel Road PA 15238,40.488885,-79.8826635,convenience_limited,,Chain Retail/Convenience Store,False,ACHD
Fink's Amoco,1640 Saw Mill Run Blvd PA 15210,40.396392,-79.9986555,convenience_limited,,Chain Retail/Convenience Store,False,USDA_SNAP+ACHD
Atrium Gift Shoppe,550 Cherrington Pkwy PA 15108,40.494762,-80.204562,other_food_retail,,Packaged Food Only,False,USDA_SNAP+ACHD
GNC,116 West Bridge St PA 15120,40.408047,-79.91622,other_food_retail,,Chain Packaged Food Only,False,USDA_SNAP+ACHD
Faces Photography & Video Mini Mart,756  Penn Ave PA 15221,40.442994,-79.8832485,other_food_retail,,Packaged Food Only,False,ACHD
The Corner Market,1191 Lewis Ave PA 15108,40.506066,-80.1403155,other_food_retail,,Packaged Food Only,False,ACHD
Holiday Park Shop'n Save,1766 Golden Mile Hwy PA 15146,40.444425,-79.7127165,full_grocery,,Chain Supermarket,False,ACHD
Yum Yum Tree,1729 S Braddock Ave PA 15218,40.426515,-79.8865245,other_food_retail,,Chain Packaged Food Only,False,ACHD
Jenny Craig Wgt Loss Ctr,1067 Mountain View Dr PA 15122,40.345758,-79.9482015,other_food_retail,,Chain Packaged Food Only,False,ACHD
Bonnie & Clyde's,2608 Brownsville Rd PA 15227,40.385232,-79.9786665,other_food_retail,,Packaged Food Only,False,USDA_SNAP+ACHD
V's Variety,4521 Butler St PA 15201,40.472838,-79.959051,convenience_limited,,Retail/Convenience Store,False,ACHD
Pat Catan's Craft Center,2969 Industrial Blvd PA 15102,40.326525,-80.040474,convenience_limited,,Chain Retail/Convenience Store,False,ACHD
Perry's Market II,212 E. Eighth Ave PA 15120,40.407102,-79.9101585,convenience_limited,,Retail/Convenience Store,False,ACHD
J Weisberg & Son,1806 Smallman St PA 15222,40.451067,-79.985241,convenience_limited,,Retail/Convenience Store,False,ACHD
Jorden's Sunoco,806 Freeport Rd PA 15238,40.498875,-79.8531975,convenience_limited,,Chain Retail/Convenience Store,False,USDA_SNAP+ACHD
The Card Center #3,645 Smithfield St PA 15222,40.442697,-79.9971435,other_food_retail,,Chain Packaged Food Only,False,ACHD
Jenny Lee Bakery,620 Island Ave PA 15136,40.4710564310001,-80.0605848449999,convenience_limited,,Chain Retail/Convenience Store,False,ACHD
West Coast Video #1067,1900 Murray Ave PA 15217,40.435875,-79.9230645,other_food_retail,,Chain Packaged Food Only,False,USDA_SNAP+ACHD
Dave's Terrace Bakery,5253 Brownsville Rd PA 15236,40.342086,-79.9842735,specialty_food,,Bakery,False,ACHD
Brilliant Market,27 Brilliant Ave PA 15215,40.489731,-79.90119,convenience_limited,,Retail/Convenience Store,False,USDA_SNAP+ACHD
Candlewood Suites,100 Chauvet Dr PA 15275,40.449042,-80.183223,other_food_retail,,Packaged Food Only,False,USDA_SNAP+ACHD
Glassmere Food Mart #252,3001 Freeport Road PA 15144,40.560201,-79.7728995,convenience_limited,,Retail/Convenience Store,False,ACHD
Sproul's Market,300 Center Ave PA 15238,40.489317,-79.863669,convenience_limited,,Retail/Convenience Store,False,ACHD
G&S Food Market,767 Penn Ave PA 15221,40.443219,-79.882803,convenience_limited,,Retail/Convenience Store,False,ACHD
Bi-Lo Foods #256,Freeport Rd / Rte#28 PA 15065,40.6297812220001,-79.717777235,full_grocery,,Packaged Food Only,False,USDA_SNAP+ACHD
Triangle Grocery,1010 N 6th St PA 15025,40.310712,-79.8986295,other_food_retail,,Retail/Convenience Store,False,USDA_SNAP+ACHD
Manal Market,1105 Franklin Ave PA 15221,40.439151,-79.878753,convenience_limited,,Retail/Convenience Store,False,ACHD
O'Brien's Pharmacy,3400 South Park Rd PA 15102,40.3216803278001,-80.0581431856788,full_grocery,,Supermarket,False,USDA_SNAP+ACHD
J & K Plus Store  # 104,3001 Jacks Run Rd. PA 15131,40.344696,-79.7985045,convenience_limited,,Chain Retail/Convenience Store,False,ACHD
Cheswick North & South,1501 Pittsburgh St PA 15024,40.5414750940001,-79.797654999,other_food_retail,,Packaged Food Only,False,ACHD
Duke's Highland News,122 N Highland Ave PA 15206,40.462038,-79.9244055,convenience_limited,,Retail/Convenience Store,False,USDA_SNAP+ACHD
Auggie's Shopping Center,906 5th Ave PA 15219,40.438584,-79.991361,other_food_retail,,Packaged Food Only,False,ACHD
Tobacco Plus,6417 Saltsburg Rd PA 15235,40.483755,-79.8103035,other_food_retail,,Packaged Food Only,False,USDA_SNAP+ACHD
Allshouse BP Service,345 Unity Center Rd PA 15239,40.48965,-79.778196,convenience_limited,,Chain Retail/Convenience Store,False,ACHD
B P Oil #1988,1541 Washington Rd PA 15228,40.355523,-80.0498475,convenience_limited,,Chain Retail/Convenience Store,False,USDA_SNAP+ACHD
Chahine Bakery - Farmer's  Mkt,2324 Freedom Ave PA 15226,40.389687,-80.011224,farmers_market,,Seasonal/Farmers Market,False,ACHD
Shirer's Pharmacy,7901 Saltsburg Rd PA 15239,40.476798,-79.76043,other_food_retail,,Chain Retail/Convenience Store,False,USDA_SNAP+ACHD
A J Foodmart,2193 Babcock Blvd PA 15209,40.51035,-79.993368,convenience_limited,,Retail/Convenience Store,False,ACHD
Asian Food,2112 Penn Avenue PA 15222,40.451823,-79.982568,convenience_limited,,Retail/Convenience Store,False,ACHD
Sam's Club #6678,7207 McKnight Rd PA 15237,40.533066,-80.011647,full_grocery,,Chain Supermarket,False,ACHD
R & B Smoke Shop,4322 Penn Ave PA 15224,40.4657772764488,-79.9534664099418,farmers_market,,Seasonal/Farmers Market,False,USDA_SNAP+ACHD
B P Oil #7089,2000 Montour Church Rd PA 15071,40.446486,-80.173719,other_food_retail,,Packaged Food Only,False,USDA_SNAP+ACHD
Pearson's Sunoco,5290 Steubenville Pike PA 15205,40.449654,-80.1191025,other_food_retail,,Chain Packaged Food Only,False,USDA_SNAP+ACHD
Marshall's #562,1200 Park Manor Boulevard PA 15205,40.453911,-80.1625455,other_food_retail,,Chain Packaged Food Only,False,ACHD
Pasha's Convenience Shop,5104 Butler St PA 15201,40.478445,-79.955307,convenience_limited,,Retail/Convenience Store,False,ACHD
Foodland,5700 Smithfield St PA 15135,40.310253,-79.8257475,full_grocery,,Chain Supermarket,False,ACHD
Target #1270,1717 Lebanon Church Road PA 15236,40.348161,-79.953903,other_food_retail,,Chain Packaged Food Only,False,ACHD
Briar Rose Gifts,444 Freeport Rd PA 15238,40.495347,-79.857909,convenience_limited,,Retail/Convenience Store,False,ACHD
Thrifty's Keystone Outlet,613 Clairton Blvd PA 15236,40.331826,-79.9441155,other_food_retail,,Chain Packaged Food Only,False,ACHD
Trolley Stop,1603 Broadway Ave PA 15216,40.410387,-80.024418,other_food_retail,,Packaged Food Only,False,ACHD
The Bakery at Bakerstown,5950 Wm Flynn Hwy PA 15007,40.6556680051949,-79.9349103456485,specialty_food,,Bakery,False,ACHD
The Coffee Pot,2912 Sheraden Blvd PA 15204,40.453726160923,-80.053772197623,other_food_retail,,Packaged Food Only,False,ACHD
Lamont Butler,633 Seagirt St PA 15221,40.452822,-79.8796845,farmers_market,,Seasonal/Farmers Market,False,ACHD
Therapeutic Alternatives,105 Brillant Ave PA 15215,40.490127,-79.9009875,other_food_retail,,Packaged Food Only,False,ACHD
Mitro's,2010 Smallman St PA 15222,40.451823,-79.9842015,farmers_market,,Seasonal/Farmers Market,False,USDA_SNAP+ACHD
Mia Groceria,3400 Fifth Av PA 15213,40.439115,-79.9618815,other_food_retail,,Packaged Food Only,False,ACHD
Engel's Flowers & Gifts,3470 Babcock Blvd PA 15237,40.542588,-80.0271315,other_food_retail,,Packaged Food Only,False,USDA_SNAP+ACHD
Mt Nebo Service,1706 Mt Nebo Road PA 15143,40.553658,-80.1089145,convenience_limited,,Chain Retail/Convenience Store,False,ACHD
John McClements Inc,925 Penn Ave PA 15222,40.4442,-79.997373,other_food_retail,,Packaged Food Only,False,ACHD
Veracruz Tienda Mexicana,413 Semple St PA 15213,40.436928,-79.954452,convenience_limited,,Retail/Convenience Store,False,ACHD
LaCava's Italian Market,1761 Golden Mile Hwy PA 15146,40.443939,-79.7139675,full_grocery,,Supermarket,False,ACHD
Chocolate & Chances,2 PPG Place/Lobby PA 15222,40.440465,-80.0033355,specialty_food,,Retail/Convenience Store,False,USDA_SNAP+ACHD
R & M News,12248 Frankstown Rd PA 15235,40.472316,-79.8191595,convenience_limited,,Retail/Convenience Store,False,ACHD
Honey Bear/Spee-D Mart #223,2131 Ardmore Boulevard PA 15221,40.419045,-79.849053,convenience_limited,,Chain Retail/Convenience Store,False,ACHD
Sunoco Mini Mart,6700 University Blvd PA 15108,40.517784,-80.220474,convenience_limited,,Chain Retail/Convenience Store,False,USDA_SNAP+ACHD
Bethel Bakery,5200 Brightwood  Road PA 15102,40.329711,-80.0302815,specialty_food,,Bakery,False,ACHD
Sil's,6000 Noblestown Road PA 15071,40.398372,-80.1875295,convenience_limited,,Retail/Convenience Store,False,ACHD
Posey's Supermarket,924 Lincoln Ave PA 15206,40.4604522430001,-79.911437617,convenience_limited,,Retail/Convenience Store,False,ACHD
India Grocers,5040 Wm Penn Hwy PA 15146,40.4276338831587,-79.7079120824762,convenience_limited,,Retail/Convenience Store,False,ACHD
West Coast Video,100 Foster Ave PA 15205,40.442427,-80.0680725,convenience_limited,,Chain Retail/Convenience Store,False,USDA_SNAP+ACHD
Hollywood Video #038300,5110 Library Rd PA 15102,40.337505,-80.0261865,other_food_retail,,Chain Packaged Food Only,False,USDA_SNAP+ACHD
Forest Hills Shop'n Save,21 Yost Blvd PA 15221,40.414356,-79.8470775,full_grocery,,Chain Supermarket,False,ACHD
Sunoco #6966,3039 Freeport Rd PA 15065,40.64229,-79.710777,convenience_limited,,Chain Retail/Convenience Store,False,USDA_SNAP+ACHD
Card & Party Giant,217 Summit Park Dr PA 15275,40.448232,-80.180064,other_food_retail,,Chain Packaged Food Only,False,ACHD
S&Q Mini Mart,1015 Lincoln Way PA 15131,40.354857,-79.825509,convenience_limited,,Retail/Convenience Store,False,USDA_SNAP+ACHD
The Toffee House,100 Robinson Center Dr PA 15205,40.454541,-80.157114,farmers_market,,Packaged Food Only,False,USDA_SNAP+ACHD
Terya Food  Mart,600 W Railroad Ave PA 15147,40.503942,-79.8450975,other_food_retail,,Packaged Food Only,False,ACHD
Blockbuster Video,600 Lincoln Ave PA 15202,40.497066,-80.0581275,other_food_retail,,Chain Packaged Food Only,False,ACHD
Simply Decadent Desserts,910 Beaver Grade Rd PA 15108,40.5120947459125,-80.2154534995707,specialty_food,,Bakery,False,ACHD
Jenny Craig Weight Loss Center,3563 Mountain View Drive PA 15122,40.344876,-79.9443675,other_food_retail,,Chain Packaged Food Only,False,ACHD
Office Max #6075,4080 Wm Penn Hwy PA 15146,40.4373118230498,-79.7675197873783,other_food_retail,,Chain Packaged Food Only,False,USDA_SNAP+ACHD
Grants Grocery,301 Birmingham Ave PA 15210,40.403106,-79.984224,convenience_limited,,Retail/Convenience Store,False,ACHD
Ku-Ba's,828 Thompson Run Rd PA 15122,40.365018,-79.898859,convenience_limited,,Retail/Convenience Store,False,ACHD
Plaza News Plus,1901 Lincoln Hwy PA 15137,40.368528,-79.7774895,convenience_limited,,Retail/Convenience Store,False,ACHD
Dollar N Up,721 Brookline Blvd PA 15226,40.394556,-80.0208405,other_food_retail,,Retail/Convenience Store,False,USDA_SNAP+ACHD
Dollar Tree #203,1155 Washington Pike #10 PA 15017,40.369212,-80.1025515,other_food_retail,,Chain Packaged Food Only,False,ACHD
Macy's #589,100 Pittsburgh Mills Circle PA 15084,40.572675,-79.8009795,other_food_retail,,Chain Packaged Food Only,False,ACHD
Neal News,400 Cherry Way PA 15219,40.438737,-79.998606,other_food_retail,,Packaged Food Only,False,USDA_SNAP+ACHD
The Little Deli,910 Galveston Ave PA 15233,40.452327,-80.016489,other_food_retail,,Packaged Food Only,False,USDA_SNAP+ACHD
$1.00 Super Store,180 Quinn Dr PA 15275,40.44573,-80.1783945,other_food_retail,,Chain Packaged Food Only,False,USDA_SNAP+ACHD
Rich Matthews Candy Stand,527 Thompson Run Rd PA 15122,40.373082068,-79.897597019,other_food_retail,,Packaged Food Only,False,ACHD
Daniel Esper Farm Market,Allegheny Center PA 15212,40.4532882720001,-80.003388763,farmers_market,,Seasonal/Farmers Market,False,ACHD
Chatham Market & Deli,49 Chatham Center PA 15219,40.447492255,-79.9238271579999,convenience_limited,,Retail/Convenience Store,False,ACHD
G & J Convenience Store,1311 Grandview Ave PA 15104,40.405734,-79.8427755,convenience_limited,,Retail/Convenience Store,False,ACHD
Pitt Quick Stop,260 Atwood St PA 15213,40.439628,-79.95618,other_food_retail,,Packaged Food Only,False,USDA_SNAP+ACHD
Co Go's #496,721 Island Ave PA 15136,40.473135,-80.062515,other_food_retail,,Chain Retail/Convenience Store,False,USDA_SNAP+ACHD
Cash & Save,2929 Saw Mill Run Blvd PA 15227,40.377438,-79.9859115,convenience_limited,,Chain Retail/Convenience Store,False,USDA_SNAP+ACHD
Rose's Cafe,3233 Brighton Rd PA 15212,40.475952,-80.031726,convenience_limited,,Retail/Convenience Store,False,ACHD
Taft Ave Meat Mkt,219 St Joseph St PA 15210,40.413374533936,-79.9819324898585,full_grocery,,Supermarket,False,USDA_SNAP+ACHD
B P Oil #57119,3984 Monroeville Blvd PA 15146,40.436064,-79.7730525,convenience_limited,,Chain Retail/Convenience Store,False,ACHD
The Kitchen Wizard,5874 Forbes Ave PA 15217,40.437801,-79.9200945,other_food_retail,,Packaged Food Only,False,USDA_SNAP+ACHD
In Good Taste,5830 Forbes Ave PA 15217,40.43781,-79.921728,specialty_food,,Retail/Convenience Store,False,USDA_SNAP+ACHD
Kessling Drug Store,2929 Liberty Way PA 15133,40.325175,-79.8564195,other_food_retail,,Retail/Convenience Store,False,USDA_SNAP+ACHD
Dollar General #13123,100 Westinghouse Avenue PA 15148,40.392945,-79.8100245,other_food_retail,,Chain Packaged Food Only,False,ACHD
Lucas Sunoco,4491 Wm Penn Hwy PA 15146,40.439082324741,-79.7518032561053,convenience_limited,,Chain Retail/Convenience Store,False,ACHD
Lynn's Grocery Store,201 3rd St PA 15104,40.404537,-79.87401,convenience_limited,,Retail/Convenience Store,False,ACHD
Kramer's Fruit Market,7180 Steubenville Pike PA 15071,40.444011,-80.1823005,farmers_market,,Seasonal/Farmers Market,False,ACHD
Wexford Food 4 Less,10688 Perry Hwy PA 15090,40.614642,-80.0531775,full_grocery,,Chain Supermarket,False,USDA_SNAP+ACHD
J J's Mini Mart,1519 Evans Ave PA 15132,40.342158,-79.849188,convenience_limited,,Chain Retail/Convenience Store,False,ACHD
Dollar Tree #228,1925 Park Manor Blvd PA 15205,40.454559,-80.1678195,other_food_retail,,Chain Packaged Food Only,False,ACHD
Elias Union 76,5441 Steubenville Pike PA 15136,40.449006,-80.1244215,other_food_retail,,Chain Packaged Food Only,False,USDA_SNAP+ACHD
Elle's Kitchen Gourmet Market & Deli,1 Forsythe Rd  Ste  3 PA 15142,40.374738,-80.1156285,convenience_limited,,Retail/Convenience Store,False,ACHD
St Moritz Chocolatier,301 Grant St / 1 Oxford Ctr PA 15219,40.437999114,-79.998606866,other_food_retail,,Packaged Food Only,False,USDA_SNAP+ACHD
The Driving Range Parkway Center,875 Greentree Rd PA 15205,40.424517,-80.041743,other_food_retail,,Chain Packaged Food Only,False,USDA_SNAP+ACHD
Fueland #06,501 Lowries Run Rd PA 15237,40.533885,-80.0528445,convenience_limited,,Chain Retail/Convenience Store,False,ACHD
Double Car Wash,2305 O'Neil Blvd PA 15131,40.351851,-79.829316,convenience_limited,,Retail/Convenience Store,False,USDA_SNAP+ACHD
ABC's Variety Shop,410 Waddel St PA 15025,40.2932725766433,-79.8838358168521,other_food_retail,,Packaged Food Only,False,ACHD
Moses Quality Market,3758 Willow Ave PA 15234,40.365693,-80.0238735,convenience_limited,,Retail/Convenience Store,False,ACHD
Just A Buck,2122 Brownsville Rd PA 15210,40.392459,-79.9873515,other_food_retail,,Retail/Convenience Store,False,USDA_SNAP+ACHD
Milo's Pharmacy,Wilmerding Pz PA 15148,40.3929188330001,-79.8077179169999,other_food_retail,,Packaged Food Only,False,ACHD
Dee's Delights,3809 Grace St PA 15120,40.383423,-79.90452,full_grocery,,Supermarket,False,USDA_SNAP+ACHD
We're Smokin BBQ NWCC Car Cruise,2312 Babcock Blvd PA 15237,40.513815,-80.001504,farmers_market,,Seasonal/Farmers Market,False,USDA_SNAP+ACHD
Priscilla's Pastries,608 MacFarlane Dr PA 15235,40.454991,-79.843752,specialty_food,,Bakery,False,ACHD
Speedy Gourmet,2108 Murray Ave PA 15217,40.433373,-79.923222,specialty_food,,Bakery,False,USDA_SNAP+ACHD
Glassport Lanes,839 Monongahela Ave PA 15045,40.321359,-79.892109,other_food_retail,,Packaged Food Only,False,ACHD
Bondable Baskets,6312 Helen St PA 15129,40.2921,-80.027541,other_food_retail,,Packaged Food Only,False,ACHD
Gordon Food Service,3620 Wm Penn Hwy PA 15146,40.4320784359189,-79.7996115341044,full_grocery,,Chain Supermarket,False,ACHD
Dawu Salils Place,1910 Monongahela Ave PA 15218,40.421475,-79.8903675,other_food_retail,,Packaged Food Only,False,USDA_SNAP+ACHD
Fueland #04,2373 Noblestown Rd PA 15205,40.426551,-80.0560035,convenience_limited,,Chain Retail/Convenience Store,False,USDA_SNAP+ACHD
Sunoco Mini Market,9100 Perry Highway PA 15237,40.57236,-80.0364915,convenience_limited,,Chain Retail/Convenience Store,False,USDA_SNAP+ACHD
Cookies By Design,5994-D Steubenville Pike PA 15136,40.446711,-80.144001,specialty_food,,Bakery,False,ACHD
This N That Shoppe,100F Boyce Park Dr PA 15239,40.477761,-79.7448375,other_food_retail,,Packaged Food Only,False,USDA_SNAP+ACHD
Pittsburgh Stop Inc,4210 Main St PA 15224,40.46472,-79.9541235,farmers_market,,Seasonal/Farmers Market,False,ACHD
Emmanuel Pastries Connection,2101 Centre Ave PA 15219,40.444524,-79.978878,specialty_food,,Bakery,False,ACHD
Gil's Spot,91 Amanda St PA 15210,40.414806,-79.988184,other_food_retail,,Packaged Food Only,False,USDA_SNAP+ACHD
David Bates - Woodland Flea Mkt,526 Thompson Run Rd PA 15122,40.366989,-79.8938145,farmers_market,,Seasonal/Farmers Market,False,ACHD
City Farm National Food Mkt,2316 Penn Ave PA 15222,40.4530590262033,-79.9807101430014,full_grocery,,Supermarket,False,ACHD
Hollywood Video #038-332,4846 McKnight Rd PA 15237,40.528665,-80.007021,other_food_retail,,Chain Packaged Food Only,False,ACHD
Christine's Place,3114 Brighton Rd PA 15212,40.474188,-80.0290035,other_food_retail,,Packaged Food Only,False,USDA_SNAP+ACHD
YMCA / Downtown / Snack Bar,330 Blvd Of The Allies PA 15222,40.437819,-80.0012475,other_food_retail,,Chain Packaged Food Only,False,ACHD
Tienda La Jimenez,1663 Broadway Ave PA 15216,40.408848,-80.0244855,other_food_retail,,Packaged Food Only,False,USDA_SNAP+ACHD
Co Go's #2821,1513 Lincoln Way PA 15131,40.349097,-79.81776,convenience_limited,,Chain Retail/Convenience Store,False,USDA_SNAP+ACHD
Nikki's Place,1501 N Lang Ave PA 15208,40.462848,-79.8975405,other_food_retail,,Retail/Convenience Store,False,USDA_SNAP+ACHD
Max Muscle #1301,12063 Perry Hwy PA 15090,40.631994,-80.0605755,other_food_retail,,Chain Packaged Food Only,False,ACHD
Rem's Place,911 Swissvale Ave PA 15221,40.44105,-79.8781185,other_food_retail,,Packaged Food Only,False,USDA_SNAP+ACHD
Candy Bouquet #588,609 Washington Ave PA 15017,40.356963,-80.1126675,other_food_retail,,Chain Retail/Convenience Store,False,USDA_SNAP+ACHD
Petsmart #588,1134 Northway Mall PA 15237,40.492602,-79.97463,other_food_retail,,Chain Packaged Food Only,False,ACHD
Traditions Bakery,453 Washington Ave PA 15017,40.358709,-80.11197,specialty_food,,Bakery,False,ACHD
Prudence Tunney Stand,Allegheny County FM 07 PA 15206,40.461656546,-79.924973675,farmers_market,,Seasonal/Farmers Market,False,USDA_SNAP+ACHD
Big Dollar Shop,1711 Eden Park Blvd PA 15132,40.347009,-79.8317865,other_food_retail,,Packaged Food Only,False,ACHD
S & K Market,132 Burrows St PA 15213,40.43916,-79.966701,convenience_limited,,Retail/Convenience Store,False,USDA_SNAP+ACHD
Princess Produce & Corner Mkt,1404 Swissvale Ave PA 15221,40.4347041980001,-79.881830365,other_food_retail,,Packaged Food Only,False,ACHD
B P Oil #07003,209 Ohio River Blvd PA 15143,40.545288,-80.194473,convenience_limited,,Chain Retail/Convenience Store,False,ACHD
Market 24,301 Craft Ave PA 15213,40.435524,-79.960797,convenience_limited,,Chain Retail/Convenience Store,False,ACHD
Stanwix News Inc,500 Liberty Ave PA 15222,40.441284,-80.003628,other_food_retail,,Chain Packaged Food Only,False,USDA_SNAP+ACHD
Royal's Fast Food,1042 Shawnee Ridge Dr PA 15024,40.564656,-79.8446475,farmers_market,,Seasonal/Farmers Market,False,ACHD
Rebecca's Gift Baskets,2936 W Liberty Ave PA 15216,40.394448,-80.035389,other_food_retail,,Packaged Food Only,False,USDA_SNAP+ACHD
Avalon Stop N Shop,632 California Ave PA 15202,40.501215,-80.0680185,convenience_limited,,Retail/Convenience Store,False,USDA_SNAP+ACHD
Michael's Arts & Crafts,3505 Mountain View Dr PA 15122,40.344723,-79.9456185,other_food_retail,,Chain Packaged Food Only,False,ACHD
Dairy Mart #4203,7920 Saltsburg Rd PA 15239,40.477374,-79.7592285,convenience_limited,,Chain Retail/Convenience Store,False,USDA_SNAP+ACHD
Cafe Anatolia,24 Market Sq PA 15222,40.441131,-80.0028855,other_food_retail,,Packaged Food Only,False,ACHD
Macy's #632,3000 Robinson Centre Drive PA 15205,40.456575,-80.1586215,other_food_retail,,Chain Packaged Food Only,False,ACHD
Dee's Retro - Candy,339 Horning Rd PA 15102,40.342527,-80.0189055,other_food_retail,,Packaged Food Only,False,ACHD
Triple Play,1064 3rd St PA 15137,40.377501,-79.807185,convenience_limited,,Retail/Convenience Store,False,ACHD
Quick Mart,853 Seavey Rd PA 15209,40.490991,-79.969824,convenience_limited,,Retail/Convenience Store,False,ACHD
REI #101,412 27th  Street PA 15203,40.428522,-79.965765,other_food_retail,,Chain Packaged Food Only,False,ACHD
Dollar General #7697,3623 William Penn Hwy PA 15146,40.437511622,-79.7574833689999,other_food_retail,,Chain Packaged Food Only,False,ACHD
Giant Eagle,318 Cedar Ave PA 15212,40.451499,-79.9996725,full_grocery,,Chain Supermarket,False,USDA_SNAP+ACHD
B P Mini-Market,695 Rodi Rd PA 15235,40.4451800228312,-79.8278409078326,convenience_limited,,Chain Retail/Convenience Store,False,USDA_SNAP+ACHD
GetGo #3352,156 Ben Avon Heights Road PA 15237,40.52151,-80.0679015,other_food_retail,,Chain Packaged Food Only,False,USDA_SNAP+ACHD
Bane's Candy Cove,1016 5th Ave PA 15108,40.517109,-80.163711,other_food_retail,,Packaged Food Only,False,USDA_SNAP+ACHD
English Rose Bakery & More,313 Castle Shannon Blvd PA 15234,40.376484,-80.037396,specialty_food,,Bakery,False,USDA_SNAP+ACHD
Greenock Deli,1127 Greenock Heights PA 15135,40.312053,-79.8038145,convenience_limited,,Retail/Convenience Store,False,USDA_SNAP+ACHD
Omaha Steaks,142 West Bridge St PA 15120,40.407525,-79.9163145,other_food_retail,,Chain Packaged Food Only,False,ACHD
B P Oil #52509,2 Beaver Grade Rd PA 15136,40.452579,-80.133129,convenience_limited,,Chain Retail/Convenience Store,False,USDA_SNAP+ACHD
Clever Corner Mart & Deli,561 Clever Rd PA 15136,40.465557,-80.137692,convenience_limited,,Retail/Convenience Store,False,USDA_SNAP+ACHD
Dollar Wave,8050 McKnight Rd PA 15237,40.554882,-80.018982,other_food_retail,,Chain Retail/Convenience Store,False,USDA_SNAP+ACHD
Pinebridge Apothecary & Cafe,1590 McLaughlin Run Rd PA 15241,40.356524978,-80.0961055019999,other_food_retail,,Packaged Food Only,False,ACHD
Perry's Convenience Store,722 N Homewood PA 15208,40.456134,-79.896555,specialty_food,,Bakery,False,USDA_SNAP+ACHD
Candy Bouquet,10900 Perry Hwy PA 15090,40.616829,-80.055009,other_food_retail,,Chain Packaged Food Only,False,USDA_SNAP+ACHD
Home Depot #4136,400 N Highland  Avenue PA 15206,40.465161,-79.9221735,other_food_retail,,Chain Packaged Food Only,False,ACHD
Bui's Kwik Trip,313 S Trenton Ave PA 15221,40.443768,-79.8920325,specialty_food,,Bakery,False,USDA_SNAP+ACHD
Paddy Cake Bakery,745 W Ingomar Rd PA 15127,40.5818618120001,-80.055607536,full_grocery,,Chain Supermarket,False,USDA_SNAP+ACHD
Fun Party Store #3,4518 Broadway Blvd PA 15146,40.390353,-79.7671395,other_food_retail,,Chain Packaged Food Only,False,ACHD
Home Depot #4115,9971 Mountain View  Drive PA 15122,40.341699,-79.951986,other_food_retail,,Chain Packaged Food Only,False,ACHD
Little Joe's Corner Store,269 Republic St PA 15211,40.438836,-80.0264205,convenience_limited,,Retail/Convenience Store,False,ACHD
Between World's,15 Boggs Ave PA 15211,40.4222093280001,-80.009791048,other_food_retail,,Packaged Food Only,False,USDA_SNAP+ACHD
Kim's Grocery Store,713 Braddock Ave PA 15104,40.402188,-79.866801,convenience_limited,,Retail/Convenience Store,False,ACHD
Denise's Variety Store,1701 Lowrie St PA 15212,40.463676,-79.9824015,other_food_retail,,Packaged Food Only,False,ACHD
Sunoco Gas Station #363372402,825 Duquesne Blvd PA 15110,40.382685,-79.8574455,other_food_retail,,Packaged Food Only,False,USDA_SNAP+ACHD
Penn Ave Market,830 Penn Ave PA 15221,40.442283,-79.880922,convenience_limited,,Retail/Convenience Store,False,USDA_SNAP+ACHD
HoneyBaked Ham Co #1505-8450,1630 Washington  Road PA 15241,40.351743,-80.0511975,full_grocery,,Chain Supermarket,False,USDA_SNAP+ACHD
B P Oil #7005,1829 W Liberty Ave PA 15226,40.405626,-80.018397,convenience_limited,,Retail/Convenience Store,False,USDA_SNAP+ACHD
Gibsonia Pharmacy & Healthcenter,5499 Wm Flynn Hwy PA 15044,40.6252656451227,-79.9423987363651,other_food_retail,,Packaged Food Only,False,ACHD
Mother Earth Herbs,12703 Perry Hwy  Unit C PA 15090,40.640238,-80.0658855,other_food_retail,,Packaged Food Only,False,ACHD
Renee's Hallmark,185 Blazier Drive PA 15237,40.584618,-80.0392275,other_food_retail,,Chain Packaged Food Only,False,ACHD
Aldi #53,5159 Library  Road PA 15102,40.335183,-80.0228385,other_food_retail,,Chain Packaged Food Only,False,ACHD
Bloomfield Varieties,4514 Liberty Ave PA 15224,40.462686,-79.9514505,convenience_limited,,Retail/Convenience Store,False,USDA_SNAP+ACHD
Tobacco Station #2,4211 Clairton Blvd PA 15227,40.365099,-79.984359,other_food_retail,,Chain Packaged Food Only,False,ACHD
Cimino's News,406  Mill St PA 15108,40.518234,-80.164044,convenience_limited,,Retail/Convenience Store,False,ACHD
Kaufmann's,113 Pittsburgh Mills Circle PA 15084,40.5729477880001,-79.797834216,farmers_market,,Retail/Convenience Store,False,USDA_SNAP+ACHD
Candy Bouquet #588,1840 Mayview Rd / Ste 105 PA 15017,40.318272,-80.11872,other_food_retail,,Chain Packaged Food Only,False,USDA_SNAP+ACHD
The Good Life Market,3141 Banksville Rd PA 15216,40.399506,-80.043768,other_food_retail,,Packaged Food Only,False,USDA_SNAP+ACHD
Home Depot #4117,440 Home Drive PA 15275,40.453101,-80.18289,other_food_retail,,Chain Packaged Food Only,False,ACHD
Low Carbs & More,4280 Northern Pike PA 15146,40.433463,-79.753725,other_food_retail,,Packaged Food Only,False,ACHD
Hazelwood Variety Store,215 Courtland St PA 15207,40.405239,-79.945749,convenience_limited,,Retail/Convenience Store,False,ACHD
Shingar,4141 Old Wm Penn Hwy PA 15146,40.443408423877,-79.7903958898615,other_food_retail,,Retail/Convenience Store,False,USDA_SNAP+ACHD
GNC #8619,519  Grant St PA 15219,40.442266192,-79.994528573,other_food_retail,,Chain Packaged Food Only,False,ACHD
Petsmart # 1331,3739 Wm Penn Hwy PA 15146,40.4364206437944,-79.7870954688863,other_food_retail,,Chain Packaged Food Only,False,USDA_SNAP+ACHD
Washington Road News,656 Washington Rd PA 15228,40.381083,-80.044713,other_food_retail,,Retail/Convenience Store,False,USDA_SNAP+ACHD
Chapel Ridge Plaza,164 Freeport Rd PA 15238,40.491369,-79.865568,convenience_limited,,Chain Retail/Convenience Store,False,USDA_SNAP+ACHD
8th & Amity Corner Variety Store,200 E 8th Ave PA 15120,40.407012,-79.9106265,other_food_retail,,Retail/Convenience Store,False,USDA_SNAP+ACHD
Rosenthal Gifts,910 Sheraton Dr PA 16046,40.668849,-80.094987,other_food_retail,,Packaged Food Only,False,USDA_SNAP+ACHD
Staples #711,6521 Steubenville Pike PA 15205,40.447638,-80.1615555,other_food_retail,,Chain Packaged Food Only,False,ACHD
A Taste of Chocolate,1597 Washington Pike PA 15017,40.382451,-80.095545,other_food_retail,,Chain Retail/Convenience Store,False,USDA_SNAP+ACHD
Jimiz,912 Pittsburgh St PA 15144,40.541427,-79.7772375,specialty_food,,Bakery,False,USDA_SNAP+ACHD
Shuman's Forbes Market,419 Wood St PA 15222,40.439961,-80.0011035,convenience_limited,,Chain Retail/Convenience Store,False,ACHD
Frick Park Market,7103 Reynolds St PA 15208,40.447215,-79.9051095,convenience_limited,,Retail/Convenience Store,False,USDA_SNAP+ACHD
Crafters Showcase,653 Clairton Blvd PA 15236,40.290198354,-79.925461373,other_food_retail,,Chain Retail/Convenience Store,False,USDA_SNAP+ACHD
Office Max #046,374 Mall Circle Dr PA 15146,40.426596,-79.795161,other_food_retail,,Chain Packaged Food Only,False,ACHD
B P Oil #0986,4030 Wm Penn Hwy PA 15146,40.4383164570781,-79.7687127526787,convenience_limited,,Chain Retail/Convenience Store,False,ACHD
Mc Crory #3164,2007 Wharton Sq PA 15203,40.431375,-79.9774065,other_food_retail,,Retail/Convenience Store,False,USDA_SNAP+ACHD
Garden Theater,12 W North Ave PA 15212,40.479516,-79.9759035,other_food_retail,,Packaged Food Only,False,ACHD
7 Eleven #114,7615 Saltsburg Rd PA 15239,40.476321,-79.7784165,convenience_limited,,Retail/Convenience Store,False,USDA_SNAP+ACHD
Betsy Ann Chocolates,2606 Brandt School Rd PA 15090,40.6150584235254,-80.0913275821174,other_food_retail,,Packaged Food Only,False,USDA_SNAP+ACHD
L & M Deli Mart,5700 Grand Ave PA 15225,40.512996,-80.132382,convenience_limited,,Retail/Convenience Store,False,USDA_SNAP+ACHD
Supplement World,42 Wabash Ave PA 15220,40.440195,-80.034561,other_food_retail,,Retail/Convenience Store,False,USDA_SNAP+ACHD
House Of India,7051 Steubenville Pike / Suite 1 PA 15071,40.4432524605032,-80.1753928906248,other_food_retail,,Packaged Food Only,False,ACHD
Pittsburgh Meat Co,756 Brownsville Rd PA 15210,40.408443,-79.9914915,convenience_limited,,Chain Retail/Convenience Store,False,USDA_SNAP+ACHD
Penzeys Spices,5875 Forbes Ave PA 15217,40.438215,-79.920108,other_food_retail,,Chain Packaged Food Only,False,ACHD
Phar-Mor,1800 Park Manor Blvd PA 15205,40.454586,-80.1668835,other_food_retail,,Chain Packaged Food Only,False,ACHD
Zozos Citgo,280 Hulton Rd PA 15147,40.489047,-79.8199965,convenience_limited,,Chain Retail/Convenience Store,False,USDA_SNAP+ACHD
Happiness Is Homemade,1818 Brownsville Rd PA 15210,40.396626,-79.987878,specialty_food,,Bakery,False,ACHD
Marathon Bridgeville Fuel Stop Tri-State Petroleum #220,3011 Washington Pike PA 15017,40.367658297,-80.108839525,other_food_retail,,Chain Packaged Food Only,False,USDA_SNAP+ACHD
Puff Discount Tobacco,10991 Frankstown Rd PA 15235,40.46661,-79.838091,other_food_retail,,Packaged Food Only,False,USDA_SNAP+ACHD
Joann Fabric & Crafts #2045,7375 McKnight Road PA 15237,40.538619,-80.01333,other_food_retail,,Chain Packaged Food Only,False,ACHD
Fineview Market,439 Catoma St PA 15212,40.460724,-80.002665,convenience_limited,,Retail/Convenience Store,False,ACHD
Cash & Carry,1021 Perry Hwy PA 15237,40.540563,-80.03655,convenience_limited,,Chain Retail/Convenience Store,False,USDA_SNAP+ACHD
Speedy Food Mart,1602 5th Ave PA 15108,40.513248,-80.1536085,convenience_limited,,Retail/Convenience Store,False,USDA_SNAP+ACHD
Creative Dinners & More,12017 Perry Hwy PA 15090,40.631544,-80.0592435,convenience_limited,,Retail/Convenience Store,False,USDA_SNAP+ACHD
New Young's Oriental Grocery,5813 Forward Avenue PA 15217,40.429764,-79.9229925,convenience_limited,,Retail/Convenience Store,False,USDA_SNAP+ACHD
Knox News,2102 Broadway Ave PA 15216,40.405374,-80.0301105,convenience_limited,,Retail/Convenience Store,False,ACHD
Dormont News,1408 Potomac Ave PA 15216,40.395366,-80.034381,other_food_retail,,Packaged Food Only,False,USDA_SNAP+ACHD
Sunoco A Plus,5013 Butler St PA 15201,40.478283,-79.956243,convenience_limited,,Chain Retail/Convenience Store,False,USDA_SNAP+ACHD
University News & Gifts,100 Lytton Ave PA 15213,40.44609,-79.954632,other_food_retail,,Packaged Food Only,False,ACHD
Balde's Market,701 5th Ave PA 15108,40.520538,-80.1716085,convenience_limited,,Retail/Convenience Store,False,ACHD
Smoker Friendly,6080 Steubenville Pike PA 15136,40.443975,-80.145387,other_food_retail,,Packaged Food Only,False,USDA_SNAP+ACHD
Vento's Italian Market,3336 Babcock Blvd PA 15237,40.534344,-80.0188785,convenience_limited,,Chain Retail/Convenience Store,False,USDA_SNAP+ACHD
Family Dollar #25940,715 8th Avenue PA 15120,40.4091554500001,-79.9051578099999,full_grocery,,Chain Packaged Food Only,False,USDA_SNAP+ACHD
Northern Produce,521 Grant Ave PA 15209,40.480749,-79.9748955,convenience_limited,,Retail/Convenience Store,False,USDA_SNAP+ACHD
West View Stop N Shop,330 Center Ave PA 15229,40.5165798780001,-80.0219269739999,convenience_limited,,Retail/Convenience Store,False,USDA_SNAP+ACHD
Mexico Tienda,1542 Beechview Ave PA 15216,40.411089,-80.0249985,other_food_retail,,Retail/Convenience Store,False,USDA_SNAP+ACHD
R T Olde Tyme Kettle Korn,509 Browntown Rd PA 15068,40.542237,-79.7468715,farmers_market,,Seasonal/Farmers Market,False,ACHD
Family Dollar #26347,401 6th Street PA 15104,40.403754,-79.868673,other_food_retail,,Chain Packaged Food Only,False,USDA_SNAP+ACHD
Edible Arrangements,250 Mt Lebanon Blvd PA 15234,40.36797,-80.0369685,other_food_retail,,Chain Packaged Food Only,False,USDA_SNAP+ACHD
Kingston News,601 Grant St PA 15219,40.441086,-79.996014,other_food_retail,,Packaged Food Only,False,ACHD
Kohli's Indian Emporium,3103 Banksville Rd PA 15216,40.400325,-80.042985,other_food_retail,,Packaged Food Only,False,ACHD
"Lamps, Candles, & Bears Oh My!",3760 Willow Ave PA 15234,40.365918,-80.023716,other_food_retail,,Packaged Food Only,False,ACHD
Joe's Take Out,6571 Library Rd PA 15129,40.286565,-80.022915,other_food_retail,,Packaged Food Only,False,ACHD
One Stop Mini Mart #102,444 McMurray Rd PA 15102,40.312107,-80.0663805,convenience_limited,,Chain Retail/Convenience Store,False,USDA_SNAP+ACHD
B & Z Deli,3392 Saxonburg Boulevard PA 15116,40.5486763007714,-79.9140947188678,other_food_retail,,Packaged Food Only,False,USDA_SNAP+ACHD
Bethel Bargain,4136 Library Rd PA 15234,40.358934,-80.0291475,other_food_retail,,Packaged Food Only,False,USDA_SNAP+ACHD
Sunoco A Plus Mini Mart,1969 Lincoln Way PA 15131,40.339854,-79.8106185,convenience_limited,,Chain Retail/Convenience Store,False,USDA_SNAP+ACHD
Wizards,153 Boggs Ave PA 15211,40.426227,-80.0074305,other_food_retail,,Packaged Food Only,False,ACHD
Vanilla Pastry Studio,406 S Main St PA 15220,40.441689,-80.0332065,specialty_food,,Bakery,False,ACHD
Ron's B P,10 Virginia Ave PA 15211,40.429386,-80.0066295,convenience_limited,,Chain Retail/Convenience Store,False,ACHD
Dollar Discount,1017 West View Park Dr PA 15229,40.516047,-80.038332,other_food_retail,,Chain Retail/Convenience Store,False,USDA_SNAP+ACHD
Dollar Tree #142,1759 Braddock Avenue PA 15218,40.427397,-79.88625,other_food_retail,,Chain Packaged Food Only,False,ACHD
Penn Exxon,4010 Penn Ave PA 15224,40.46508,-79.957521,convenience_limited,,Chain Retail/Convenience Store,False,USDA_SNAP+ACHD
Metro News #3,817 Penn Ave PA 15222,40.4558026055818,-80.0158650646,other_food_retail,,Chain Packaged Food Only,False,ACHD
Simply Decadent Desserts,1136 - H1 Thorn Run Rd PA 15108,40.505832,-80.2095525,specialty_food,,Bakery,False,ACHD
The Yellow Ribbon Gift Shop,Guys Run Rd PA 15238,40.5342368760001,-79.845421883,other_food_retail,,Packaged Food Only,False,ACHD
Jo-Ann Fabrics & Crafts #846,1001 Freeport Rd PA 15238,40.487985,-79.8862185,other_food_retail,,Chain Packaged Food Only,False,USDA_SNAP+ACHD
Jo-Ann Fabrics #985,1360 Park Manor Blvd PA 15205,40.454388,-80.163126,other_food_retail,,Chain Packaged Food Only,False,USDA_SNAP+ACHD
Gourmet Avenue Kiosk,2100 Wharton St / Box #27 PA 15203,40.430088,-79.975665,convenience_limited,,Retail/Convenience Store,False,ACHD
Sunoco #7280,127 McMurray Rd PA 15241,40.326642,-80.065512,convenience_limited,,Chain Retail/Convenience Store,False,USDA_SNAP+ACHD
Frozen Eggs & Fruit Co,121 Boggs Ave PA 15211,40.42647,-80.0069895,other_food_retail,,Packaged Food Only,False,ACHD
News Plus,902 Penn Ave PA 15222,40.4046452906382,-79.8258286275849,other_food_retail,,Packaged Food Only,False,ACHD
Your Store Of Stores,741 Monongahela Ave PA 15045,40.322808,-79.8920955,other_food_retail,,Packaged Food Only,False,USDA_SNAP+ACHD
Macy's #622,400 Mall Circle  Drive PA 15146,40.428684,-79.7933205,other_food_retail,,Chain Packaged Food Only,False,ACHD
Discount Tobacco & News,1929 Murray Avenue PA 15217,40.435146,-79.9227045,other_food_retail,,Packaged Food Only,False,ACHD
Sandy's Hallmark,Quaker Village Shop Ctr PA 15056,40.5588739570001,-80.2034474129999,other_food_retail,,Chain Packaged Food Only,False,USDA_SNAP+ACHD
Blockbuster Video #19,6300 Forbes Ave PA 15217,40.43772,-79.918992,other_food_retail,,Chain Packaged Food Only,False,ACHD
Nationwide Nutrition Outlet,1764 Park Manor Blvd PA 15205,40.454595,-80.1664605,other_food_retail,,Chain Packaged Food Only,False,ACHD
7 Eleven #56120,900 Presque Isle Dr PA 15239,40.463154,-79.7066865,convenience_limited,,Retail/Convenience Store,False,USDA_SNAP+ACHD
Mt Washington Sunoco,1 Virginia Ave PA 15211,40.429044,-80.007075,other_food_retail,,Retail/Convenience Store,False,USDA_SNAP+ACHD
MC Enterprises The Shop,174 Little Deer Creek Rd PA 15024,40.590351,-79.8267915,convenience_limited,,Retail/Convenience Store,False,ACHD
Jo-Ann Fabrics & Crafts #219,4093 Wm Penn Hwy PA 15146,40.4397619045023,-79.7688612426212,other_food_retail,,Chain Packaged Food Only,False,ACHD
Point Breeze Exxon,7600 Penn Ave PA 15221,40.4417332890001,-79.8778919379999,other_food_retail,,Retail/Convenience Store,False,USDA_SNAP+ACHD
Stanton Heights Deli,4399 Stanton Ave PA 15201,40.482207,-79.9405245,convenience_limited,,Retail/Convenience Store,False,ACHD
Pittsburgh Coliseum,7310 Frankstown Ave PA 15208,40.456422,-79.8932565,convenience_limited,,Chain Retail/Convenience Store,False,USDA_SNAP+ACHD
Pittsburgh's Original Kettle Korn,Eastland Flea Mkt PA 15137,40.37938172,-79.8278443839999,farmers_market,,Seasonal/Farmers Market,False,ACHD
Springdale Pharmacy,838 Pittsburgh St PA 15144,40.541202,-79.7785245,other_food_retail,,Packaged Food Only,False,USDA_SNAP+ACHD
One Stop Video,4984 Middle Rd PA 15044,40.605336,-79.925985,other_food_retail,,Packaged Food Only,False,ACHD
T  Stop,1541 Fallowfield Ave PA 15216,40.4110826880001,-80.0236293789999,other_food_retail,,Packaged Food Only,False,ACHD
Teez T's,2853 Chartiers Ave PA 15204,40.453695,-80.0557515,other_food_retail,,Packaged Food Only,False,ACHD
Magnolia Market,400 Whitaker St PA 15120,40.397751,-79.8848775,other_food_retail,,Packaged Food Only,False,ACHD
7 Eleven #174,429 Railroad St PA 15017,40.358196,-80.110062,convenience_limited,,Chain Retail/Convenience Store,False,ACHD
Wylie Corner Store,2425 Wylie Ave PA 15219,40.447845,-79.972668,other_food_retail,,Packaged Food Only,False,ACHD
Shop N Save / Century Square,2381 Mountain View Dr PA 15122,40.344912,-79.9465995,full_grocery,,Chain Supermarket,False,USDA_SNAP+ACHD
Homas the Convenience and Rose,424 Greenfield Ave PA 15207,40.425264,-79.942797,convenience_limited,,Retail/Convenience Store,False,ACHD
Candy Bouquet of Wexford,11565 Perry Hwy PA 15090,40.625667,-80.0547435,other_food_retail,,Chain Packaged Food Only,False,ACHD
Amish Cookies,Allegheny County Farmers Markets PA 15219,40.430361738,-79.9966056389999,farmers_market,,Seasonal/Farmers Market,False,USDA_SNAP+ACHD
Lil' Bear & Bella,1001 Brackenridge Ave PA 15014,40.605012,-79.7394915,convenience_limited,,Retail/Convenience Store,False,ACHD
The Beanery,185 Bradford Rd PA 15015,40.638006,-80.0813295,convenience_limited,,Retail/Convenience Store,False,USDA_SNAP+ACHD
Pittsburgh Cigar Co,8501 Perry Hwy PA 15237,40.560669,-80.0397225,convenience_limited,,Retail/Convenience Store,False,ACHD
Family Dollar #20824,1500 Yost Boulevard PA 15221,40.414896,-79.8536925,other_food_retail,,Chain Packaged Food Only,False,ACHD
Chocolate To Di For,10339 Perry Hwy PA 15090,40.604094,-80.0512335,specialty_food,,Bakery,False,USDA_SNAP+ACHD
Aida Food Mart,4115 Browsville Rd PA 15227,40.365837,-79.9817895,other_food_retail,,Packaged Food Only,False,USDA_SNAP+ACHD
S & S Tobacco Outlet,4034 Clairton Blvd PA 15227,40.368159,-79.9838955,specialty_food,,Bakery,False,USDA_SNAP+ACHD
Oasis African Food Market,4108 Clairton Blvd PA 15227,40.367169,-79.9843725,convenience_limited,,Retail/Convenience Store,False,USDA_SNAP+ACHD
Al Pongracz Vendor (Water),North Shore Area PA 15212,40.4484850000001,-80.003665003,farmers_market,,Seasonal/Farmers Market,False,ACHD
South Fayette Sunoco,140 Millers Run Road PA 15017,40.357215,-80.119746,convenience_limited,,Chain Retail/Convenience Store,False,ACHD
Candy Bouquet & Goodies For You,49 Maingate St PA 15205,40.447683,-80.066205,other_food_retail,,Packaged Food Only,False,ACHD
Honey Baked Ham,3750 Wm Penn Hwy PA 15146,40.4351576367962,-79.7877743875699,convenience_limited,,Chain Retail/Convenience Store,False,ACHD
Wicks  'N  Beans,2207 Murray Ave PA 15217,40.432563,-79.9229745,other_food_retail,,Packaged Food Only,False,ACHD
Earth & Heaven,214 S Craig St PA 15213,40.44591,-79.94907,other_food_retail,,Packaged Food Only,False,ACHD
Terry's Texaco,3032 Freeport Rd PA 15065,40.643073,-79.7099265,other_food_retail,,Packaged Food Only,False,ACHD
Five Below / Waterworks,950 Freeport Road PA 15238,40.489056,-79.892307,other_food_retail,,Chain Packaged Food Only,False,ACHD
Snac Shac,600 Herron Ave PA 15219,40.45919093,-79.966687717,convenience_limited,,Retail/Convenience Store,False,ACHD
Make - A - Cake,99 Rochester Road PA 15229,40.521303,-80.02566,other_food_retail,,Packaged Food Only,False,ACHD
Mission Market,2400 Mission St PA 15203,40.422996,-79.9725015,convenience_limited,,Retail/Convenience Store,False,ACHD
GNC #8136,2747 E Carson St PA 15203,40.426731,-79.966125,other_food_retail,,Chain Packaged Food Only,False,ACHD
Shiv Gasoline,4732 Lebanon Church Rd PA 15034,40.354848,-79.90038,other_food_retail,,Chain Packaged Food Only,False,USDA_SNAP+ACHD
Toadflax,822 S Aiken Ave PA 15232,40.450293,-79.93584,other_food_retail,,Packaged Food Only,False,ACHD
Office Depot #100,4000 Oxford Drive PA 15102,40.346307,-80.0508015,other_food_retail,,Retail/Convenience Store,False,USDA_SNAP+ACHD
Kuhn's Market,5775 Baptist Rd PA 15102,40.348881,-80.0147295,full_grocery,,Chain Packaged Food Only,False,USDA_SNAP+ACHD
Prescription Center Plus,2850 Brownsville Rd PA 15129,40.289445,-79.9974495,other_food_retail,,Packaged Food Only,False,ACHD
Family Dollar #25224,240 Curry Hollow Rd PA 15236,40.337145,-79.972479,other_food_retail,,Chain Packaged Food Only,False,ACHD
The Chocolate Moose,732 Filbert St PA 15232,40.451688,-79.933266,specialty_food,,Chain Bakery,False,USDA_SNAP+ACHD
Bloomfield News & Tobacco,4619 Liberty Ave PA 15224,40.462488,-79.950159,other_food_retail,,Packaged Food Only,False,USDA_SNAP+ACHD
Old Allegheny Shoppe,4755 Clairton Boulevard PA 15236,40.352589,-79.977384,other_food_retail,,Packaged Food Only,False,ACHD
Candy Bouquet & Goodies For You,3 W Prospect St / Rear PA 15205,40.444713,-80.066268,farmers_market,,Seasonal/Farmers Market,False,USDA_SNAP+ACHD
Busy Beaver #53,88 Steuben Street PA 15204,40.439646,-80.0704665,other_food_retail,,Chain Packaged Food Only,False,ACHD
Duffy's Beer,294 Curry Hollow PA 15236,40.337424,-79.9753275,other_food_retail,,Chain Packaged Food Only,False,USDA_SNAP+ACHD
D / 's Corner Store,640 Indiana Ave PA 15045,40.324545,-79.888617,convenience_limited,,Retail/Convenience Store,False,ACHD
Dollar Store,McKees Rocks Plaza / 144 Chartiers Ave PA 15136,40.424697,-80.077923,other_food_retail,,Chain Packaged Food Only,False,USDA_SNAP+ACHD
Frick Park Automotive,585 S Braddock Ave PA 15221,40.439988,-79.897365,other_food_retail,,Packaged Food Only,False,ACHD
Stratmore Stop & Shop,1511 Stratmore St PA 15205,40.438179,-80.0560755,other_food_retail,,Retail/Convenience Store,False,USDA_SNAP+ACHD
Goodies to Go,1224 James St PA 15146,40.41891,-79.8095385,other_food_retail,,Packaged Food Only,False,USDA_SNAP+ACHD
Comet News,540 Braddock Ave PA 15104,40.403682,-79.869501,other_food_retail,,Packaged Food Only,False,ACHD
Dollar Tree,1631 S Braddock Ave PA 15218,40.427019,-79.8876765,other_food_retail,,Chain Packaged Food Only,False,ACHD
Hite's Mart,900 Western Ave PA 15233,40.452102,-80.0167005,convenience_limited,,Retail/Convenience Store,False,ACHD
Home Depot #4159,999 Ross Park Mall Drive PA 15237,40.544604,-80.0118405,other_food_retail,,Chain Packaged Food Only,False,ACHD
Three Rivers Candy,125 W Station Sq Dr  168 PA 15219,40.4331191892446,-80.0045741747113,other_food_retail,,Packaged Food Only,False,ACHD
Connelly's Sunoco,325 Hulton Rd PA 15139,40.525956,-79.841142,convenience_limited,,Chain Retail/Convenience Store,False,USDA_SNAP+ACHD
Dollar Discount #9327,228 Semple St PA 15213,40.4394571611267,-79.9582180095495,other_food_retail,,Packaged Food Only,False,USDA_SNAP+ACHD
Family Dollar #6137,5160 Penn Avenue PA 15224,40.464459,-79.9406055,other_food_retail,,Chain Packaged Food Only,False,USDA_SNAP+ACHD
Pittsburgh's Original Kettle Korn,7226 Baptist Rd--South Park Shops PA 15102,40.332501,-80.021457,farmers_market,,Seasonal/Farmers Market,False,ACHD
Sir's Corner Mart,322 Sewickley Oakmont Rd PA 15237,40.538259,-80.049906,convenience_limited,,Retail/Convenience Store,False,USDA_SNAP+ACHD
Grill Guyz- NWCC Car Cruise,1000 Dorothy St Apt 603 PA 15108,40.48218,-80.106777,farmers_market,,Seasonal/Farmers Market,False,USDA_SNAP+ACHD
Payless Market,944 Brookline Blvd PA 15226,40.392018,-80.017992,convenience_limited,,Retail/Convenience Store,False,ACHD
New Super One,510 Laurel Dr PA 15146,40.448439,-79.7819715,convenience_limited,,Chain Retail/Convenience Store,False,USDA_SNAP+ACHD
Keystone Rusks,108 Hayeswold Dr PA 15108,40.493754,-80.1933525,specialty_food,,Bakery,False,ACHD
Greg's Bakery & Ozzio's Pizzeria,507 Foreland Ave PA 15212,40.45419,-80.000442,specialty_food,,Bakery,False,ACHD
Little Vellow Feather General Store,3727 Saxonburg Blvd PA 15238,40.57803,-79.887708,convenience_limited,,Retail/Convenience Store,False,USDA_SNAP+ACHD
Dollar Wave,324 Towne Square Way PA 15227,40.366989,-79.982505,other_food_retail,,Chain Packaged Food Only,False,USDA_SNAP+ACHD
Atria's - NWCC Car Cruise,12980 Perry Hwy PA 15090,40.642659,-80.0669745,farmers_market,,Seasonal/Farmers Market,False,ACHD
Pizza Hut #605011- NWCC Car Cruise,10650 Perry Hwy PA 15090,40.614021,-80.054496,farmers_market,,Seasonal/Farmers Market,False,ACHD
Party Cake Shop,295 Beverly Road PA 15216,40.388634,-80.0493705,specialty_food,,Chain Bakery,False,ACHD
Cheap Tobacco Outlet,705 Penn Ave PA 15145,40.405104,-79.825941,other_food_retail,,Packaged Food Only,False,USDA_SNAP+ACHD
Puff Discount Tobacco,10752 Frankstown Rd PA 15235,40.461786,-79.8403995,convenience_limited,,Retail/Convenience Store,False,ACHD
Mike & Daves Italian Bread Place,2351 Noblestown Rd PA 15205,40.426794,-80.0552025,specialty_food,,Chain Retail/Convenience Store,False,USDA_SNAP+ACHD
Toadflax,5500 Walnut St PA 15232,40.45104,-79.9336575,other_food_retail,,Chain Packaged Food Only,False,USDA_SNAP+ACHD
Ron's Hoagies,Heinz Field PA 15212,40.454190952,-79.991055144,farmers_market,,Seasonal/Farmers Market,False,ACHD
Four Corners Confectionery,1526 Middle St PA 15215,40.495437,-79.925508,convenience_limited,,Retail/Convenience Store,False,ACHD
Schooley's Auto Service & Convience Store,4101 Steubenville Pike PA 15205,40.439853,-80.084889,other_food_retail,,Packaged Food Only,False,ACHD
Tim's Bloomfield News,4826 Liberty Ave PA 15224,40.459932,-79.946235,convenience_limited,,Retail/Convenience Store,False,ACHD
I've Got Worms Millvale Riverfront,110 Riverfront Park PA 15209,40.471569124,-79.972424815,farmers_market,,Seasonal/Farmers Market,False,ACHD
Buck or $2,550 Butler St PA 15223,40.500459,-79.9431075,other_food_retail,,Packaged Food Only,False,ACHD
Winer Wellness Center,2419 Baldwick Road PA 15205,40.426641,-80.0578125,other_food_retail,,Packaged Food Only,False,ACHD
Buyers Depot,200 Loews Drive PA 15137,40.389615,-79.8222735,specialty_food,,Packaged Food Only,False,USDA_SNAP+ACHD
Kelly's Candies,6535 Saltsburg Rd PA 15235,40.482414,-79.808715,other_food_retail,,Packaged Food Only,False,ACHD
B P Oil #7288,365 E Main St PA 15106,40.410153,-80.0829405,other_food_retail,,Chain Packaged Food Only,False,USDA_SNAP+ACHD
Blockbuster Video,202 Rodi Rd PA 15235,40.464729,-79.824933,other_food_retail,,Chain Packaged Food Only,False,ACHD
Nielsen's,1 Oliver Pz PA 15222,40.376730325,-79.849605848,other_food_retail,,Chain Packaged Food Only,False,ACHD
Cookies By Design,1105 Bower Hill Rd PA 15243,40.375512,-80.068545,specialty_food,,Chain Bakery,False,USDA_SNAP+ACHD
GNC #1078,938 Freeport Road PA 15238,40.489191,-79.892766,other_food_retail,,Chain Packaged Food Only,False,ACHD
Imported European Foods,807 Lincoln Hwy PA 15137,40.378869,-79.8050115,other_food_retail,,Packaged Food Only,False,ACHD
Marathon Gas Station,208 Mansfield Boulevard PA 15106,40.409028,-80.08587,other_food_retail,,Chain Packaged Food Only,False,ACHD
Blockbuster Video,2010 Wharton St PA 15203,40.430061,-79.97715,other_food_retail,,Chain Packaged Food Only,False,ACHD
Terry's Corner Market,337 Hale St PA 15208,40.4518940666455,-79.8878622189645,convenience_limited,,Retail/Convenience Store,False,ACHD
The Tanning Room,1305 E Carson St PA 15203,40.428963,-79.985043,other_food_retail,,Packaged Food Only,False,ACHD
American Country Collection,South Hills Village #1300-1301 PA 15241,40.338459,-80.055468,other_food_retail,,Packaged Food Only,False,ACHD
Amandari Co,2501 Elkridge Dr PA 15090,40.598478,-80.0879895,other_food_retail,,Packaged Food Only,False,ACHD
Wm Penn Smoke Shop,132 N Highland Ave PA 15206,40.46229,-79.924275,other_food_retail,,Packaged Food Only,False,USDA_SNAP+ACHD
GNC #2511,5600 Wm Flynn Hwy PA 15044,40.6353098464868,-79.9399144834689,other_food_retail,,Chain Retail/Convenience Store,False,USDA_SNAP+ACHD
Pulled Out A Plum,541 Lincoln Ave PA 15202,40.496094,-80.0571015,specialty_food,,Bakery,False,USDA_SNAP+ACHD
Three Rivers Convenience,709 Penn Ave PA 15222,40.443498,-79.9999155,other_food_retail,,Packaged Food Only,False,ACHD
Hollywood Theater,1449 Potomac Ave PA 15216,40.396131,-80.035344,convenience_limited,,Retail/Convenience Store,False,USDA_SNAP+ACHD
Minnie's Market,622 South Ave PA 15221,40.457016,-79.8517305,convenience_limited,,Retail/Convenience Store,False,ACHD
Nic's Tobacco Outlet,1620 Lincoln Way PA 15131,40.347108,-79.81713,other_food_retail,,Retail/Convenience Store,False,USDA_SNAP+ACHD
Nina's Select Deli,520 Washington Rd PA 15228,40.383675,-80.0440875,convenience_limited,,Retail/Convenience Store,False,ACHD
JT's BBQ,329 E Union Rd PA 15024,40.608594,-79.851303,farmers_market,,Seasonal/Farmers Market,False,ACHD
Yaz Anthony Bottled Water,2246 Manor Ave PA 15218,40.420476,-79.881921,farmers_market,,Seasonal/Farmers Market,False,ACHD
Mediterra Mkt & Cafe,2103 Penn Ave PA 15222,40.451868,-79.983072,convenience_limited,,Retail/Convenience Store,False,USDA_SNAP+ACHD
Pet Smart #1525,1025 Village Center Drive PA 15084,40.5669901836724,-79.8007690215625,other_food_retail,,Packaged Food Only,False,ACHD
Sunoco A Plus Mini Market,514 N Highland Ave PA 15206,40.466268,-79.922169,convenience_limited,,Chain Retail/Convenience Store,False,ACHD
Marshall's #623,6220 Northway Drive PA 15238,40.5519287888423,-80.0217017624304,other_food_retail,,Chain Packaged Food Only,False,ACHD
Marshall's Shell,1520 Spring Garden Avenue PA 15212,40.464747,-79.986006,convenience_limited,,Chain Retail/Convenience Store,False,ACHD
Blockbuster Video,5438 Baum Blvd PA 15232,40.457151,-79.937046,other_food_retail,,Packaged Food Only,False,ACHD
Macy's #620,1004 Ross Park Mall Drive PA 15237,40.5414,-80.008488,other_food_retail,,Chain Packaged Food Only,False,ACHD
Wagner's Service,W Hardies Rd / Route  8 PA 15044,40.593633224,-79.946760705,convenience_limited,,Chain Retail/Convenience Store,False,ACHD
Equita,3609 Butler St PA 15201,40.465728,-79.9653285,farmers_market,,Seasonal/Farmers Market,False,USDA_SNAP+ACHD
Presbyteria Hospital Gift Shop,200 Lothrop St PA 15213,40.442238,-79.9609275,farmers_market,,Chain Retail/Convenience Store,False,USDA_SNAP+ACHD
The Riverboat Rib Co.,Logans Ferry Boat Dock PA 15068,40.5414332170001,-79.762647494,farmers_market,,Seasonal/Farmers Market,False,ACHD
Market News,210 Forbes Ave PA 15222,40.440447,-80.002098,other_food_retail,,Chain Packaged Food Only,False,ACHD
Prestogeorge Fine Foods,1719 Penn Avenue PA 15222,40.450203,-79.985709,specialty_food,,Chain Bakery,False,USDA_SNAP+ACHD
Vocational Business Alliance Corner Café,500 Market  Street PA 15132,40.350411,-79.866972,other_food_retail,,Packaged Food Only,False,ACHD
Marjorie's Candies & Cookies,1783 Golden Mile Hwy PA 15146,40.4392770700001,-79.712405721,other_food_retail,,Packaged Food Only,False,ACHD
Lily Dollar,2352    B Golden Mile Hwy PA 15239,40.461867,-79.704954,other_food_retail,,Packaged Food Only,False,USDA_SNAP+ACHD
Harry's Dairy,221 5th St PA 15148,40.401684,-79.817157,other_food_retail,,Packaged Food Only,False,ACHD
Bargain Corner,901 Hayden Blvd PA 15037,40.26618,-79.879833,convenience_limited,,Retail/Convenience Store,False,ACHD
Mr Cheesecake,1272 Cook School Rd PA 15017,40.358916,-80.100378,farmers_market,,Seasonal/Farmers Market,False,ACHD
Callifonte Foods,125 Community Park Rd PA 15690,40.428036,-80.10027,farmers_market,,Seasonal/Farmers Market,False,ACHD
Katie's Kandy,609 Amity Street PA 15120,40.4077767189371,-79.9114497463724,convenience_limited,,Retail/Convenience Store,False,ACHD
Priory Fine Pastries,528 E Ohio St PA 15212,40.453875,-79.999794,specialty_food,,Chain Bakery,False,USDA_SNAP+ACHD
Dee's Cake & Candy Supplies,4231 Steubenville Pike PA 15205,40.439358,-80.0898615,other_food_retail,,Packaged Food Only,False,USDA_SNAP+ACHD
Lily Mae's,1024 Walnut St PA 15132,40.3226264460001,-79.833160286,other_food_retail,,Packaged Food Only,False,USDA_SNAP+ACHD
Dollar Max,4715 Liberty Ave PA 15224,40.462074,-79.9492095,full_grocery,,Supermarket,False,USDA_SNAP+ACHD
A & B Mini Market,1601 Sumac St PA 15132,40.342059,-79.8411465,convenience_limited,,Retail/Convenience Store,False,USDA_SNAP+ACHD
The Medicine Shoppe,5850 Meridian Rd PA 15044,40.653558,-79.9586865,other_food_retail,,Chain Packaged Food Only,False,ACHD
Eckerd Drug #6043,2600 Monroeville Blvd PA 15146,40.4317525000001,-79.783575325,other_food_retail,,Chain Packaged Food Only,False,ACHD
Sunmart,4417 Butler St PA 15201,40.472064,-79.9596495,convenience_limited,,Retail/Convenience Store,False,USDA_SNAP+ACHD
Nellie's Sandwiches,3524 5th Ave PA 15213,40.441014,-79.959078,farmers_market,,Seasonal/Farmers Market,False,USDA_SNAP+ACHD
Greco Gourmet Catering,3889 Washington Rd PA 15228,40.351877087,-80.050328717,farmers_market,,Seasonal/Farmers Market,False,USDA_SNAP+ACHD
JD'S Old Fashion Popcorn Strip,1700 Penn Ave PA 15222,40.449654,-79.985691,convenience_limited,,Retail/Convenience Store,False,ACHD
Little C 's Novelties,6328 Butler St PA 15201,40.488894,-79.934751,farmers_market,,Seasonal/Farmers Market,False,ACHD
The Snack Shack,408 Peters Dr PA 15116,40.551849,-79.9829415,farmers_market,,Seasonal/Farmers Market,False,ACHD
Instant Impressions,4812 Liberty Ave PA 15224,40.460193,-79.946721,convenience_limited,,Retail/Convenience Store,False,USDA_SNAP+ACHD
Marada Golf Course,1434 Rt  30 West PA 15026,40.493403,-80.307018,convenience_limited,,Retail/Convenience Store,False,ACHD
B P Oil #7338,999 Greentree Rd PA 15220,40.416705,-80.044596,convenience_limited,,Chain Retail/Convenience Store,False,ACHD
Crossroads #104,4100 Library Rd PA 15234,40.360626,-80.0290755,convenience_limited,,Chain Retail/Convenience Store,False,ACHD
Ross Dress For Less #1418,500 Settlers Ridge Center Drive PA 15205,40.440942,-80.148096,other_food_retail,,Chain Packaged Food Only,False,ACHD
Puff Discount Tobacco,1963 Wharton Street PA 15203,40.431411,-79.97787,other_food_retail,,Chain Packaged Food Only,False,ACHD
Mt Oliver Tobacco Outlet,242 Brownsville Rd PA 15210,40.414806,-79.987887,other_food_retail,,Packaged Food Only,False,ACHD
Michael's Arts & Crafts #7757,1030 Village Center Drive PA 15084,40.567869,-79.8035445,other_food_retail,,Chain Packaged Food Only,False,ACHD
Betty Starn Baked Goods,5151 Park Ave PA 15102,40.330962,-80.028711,farmers_market,,Seasonal/Farmers Market,False,ACHD
B & B's Place,3800 Brighton Rd PA 15212,40.484547,-80.035695,convenience_limited,,Retail/Convenience Store,False,ACHD
Labama Variety Store,2419 McNeilly Rd PA 15226,40.381947,-80.009361,other_food_retail,,Packaged Food Only,False,ACHD
Ardmore Foodland,2348 Ardmore Blvd PA 15221,40.415805,-79.8486165,full_grocery,,Chain Supermarket,False,ACHD
B P Oil/Crafton,40 Foster Ave PA 15205,40.440042,-80.0691975,convenience_limited,,Chain Retail/Convenience Store,False,ACHD
One Stop,819 Brushton Ave PA 15208,40.455342,-79.888302,convenience_limited,,Retail/Convenience Store,False,ACHD
Sunrise Sunoco,4380 Old Wm Penn Hwy PA 15146,40.4438219548604,-79.7680171473763,convenience_limited,,Chain Retail/Convenience Store,False,ACHD
The Vitamin Shoppe,210 Settlers Ridge Center Drive PA 15205,40.440474,-80.150382,other_food_retail,,Chain Packaged Food Only,False,ACHD
Pat's Grocery,322 Knox Ave PA 15210,40.419549,-79.9909335,other_food_retail,,Packaged Food Only,False,ACHD
Fort Couch Foodland,59 Fort Couch Rd PA 15241,40.337397,-80.051877,full_grocery,,Chain Supermarket,False,ACHD
Reynolds Super Mkt,6738 Reynolds St PA 15206,40.450248,-79.9144875,full_grocery,,Supermarket,False,ACHD
Catanese Super Mart,285 Northgate Dr PA 15086,40.654719,-80.0805735,convenience_limited,,Retail/Convenience Store,False,ACHD
Select Food Market,510 Beaver St PA 15143,40.539852,-80.180118,full_grocery,,Supermarket,False,ACHD
Linden Mkt,3730 Brighton Rd PA 15212,40.484142,-80.0352135,convenience_limited,,Retail/Convenience Store,False,ACHD
Pittsburgh Popcorn Co,3710 5th Avenue PA 15213,40.441842,-79.957971,convenience_limited,,Chain Retail/Convenience Store,False,ACHD
Andrew Sekula,135 S 19th St PA 15203,40.426974,-79.979085,convenience_limited,,Retail/Convenience Store,False,ACHD
Bombay Emporium,294 Craft Ave PA 15213,40.435632,-79.96158,convenience_limited,,Retail/Convenience Store,False,ACHD
Deutschtown Market,1017 Chestnut Street PA 15212,40.457511,-79.9955595,convenience_limited,,Retail/Convenience Store,False,USDA_SNAP+ACHD
Aldi #47,239 Clairton Boulevard PA 15122,40.339944,-79.9544385,other_food_retail,,Chain Packaged Food Only,False,ACHD
Cream King &  Valley Deli Mart,549 Long Rd PA 15235,40.454586,-79.836588,convenience_limited,,Retail/Convenience Store,False,ACHD
Crafters' Attic,1910 Cochran Rd PA 15220,40.394097,-80.062659,convenience_limited,,Chain Retail/Convenience Store,False,ACHD
Kofenya Espress,2559 Washington Rd Ste 310 PA 15241,40.31595,-80.0883225,convenience_limited,,Chain Retail/Convenience Store,False,ACHD
Pleasant Hills Exxon 02-584,700 Clairton Blvd PA 15236,40.328172,-79.9453935,other_food_retail,,Chain Packaged Food Only,False,USDA_SNAP+ACHD
MJM Video & Snacks,12228 Frankstown Rd PA 15235,40.471911,-79.8191235,other_food_retail,,Packaged Food Only,False,ACHD
Combo Mini Mart,1235 Muldowney St PA 15207,40.368924,-79.9140375,convenience_limited,,Retail/Convenience Store,False,USDA_SNAP+ACHD
Les Bonbons Bakery,1100 Galveston Ave PA 15212,40.453668,-80.016912,specialty_food,,Bakery,False,ACHD
The Grape Seed,442 Shady Ave PA 15017,40.359339,-80.113221,other_food_retail,,Packaged Food Only,False,ACHD
Dollar Madness,228 Crafton Ingram Shopping Center PA 15205,40.44186,-80.070417,other_food_retail,,Packaged Food Only,False,ACHD
Phar-Mor,5000 Oxford Dr PA 15102,40.347063,-80.052903,other_food_retail,,Chain Packaged Food Only,False,ACHD
Diggans Sunoco,4068 Penn Ave PA 15224,40.46544,-79.955298,convenience_limited,,Chain Retail/Convenience Store,False,USDA_SNAP+ACHD
Etta's Attic & Country Store,10113 Saltsburg Rd PA 15239,40.48974,-79.7041755,other_food_retail,,Packaged Food Only,False,ACHD
Gilmore's Grocery,323 Sefler St (Rear) PA 15136,40.468518,-80.0619435,convenience_limited,,Retail/Convenience Store,False,ACHD
Travel Traders #3073,300 W Station Square Drive PA 15219,40.434975,-80.0069895,other_food_retail,,Packaged Food Only,False,ACHD
Cammie Sins Tea Boutique,190 Castle Shannon Boulevard PA 15228,40.377564,-80.040681,specialty_food,,Bakery,False,ACHD
Cafe Chocolade,7061 Steubenville Pike PA 15071,40.4433,-80.1763515,specialty_food,,Bakery,False,ACHD
Ligonier Street Deli,3353 Ligonier St PA 15201,40.462209,-79.9668315,convenience_limited,,Retail/Convenience Store,False,ACHD
Auto Zone #1816,1320 Lincoln Highway PA 15137,40.375611,-79.798068,other_food_retail,,Chain Packaged Food Only,False,ACHD
7 Eleven #193,420 Smithfield Street PA 15222,40.439205,-79.9990605,convenience_limited,,Retail/Convenience Store,False,USDA_SNAP+ACHD
At Your Convenience,2548 Brownsville Rd PA 15210,40.385727,-79.979004,convenience_limited,,Retail/Convenience Store,False,ACHD
Boulevard Sweet Shoppe,614 Allegheny River Boulevard PA 15139,40.519539,-79.8423525,convenience_limited,,Retail/Convenience Store,False,USDA_SNAP+ACHD
Blast From The Past,1717 Lowrie St. PA 15212,40.464126,-79.982064,other_food_retail,,Packaged Food Only,False,ACHD
West Coast Video #1089,4614 Liberty Ave PA 15224,40.462101,-79.9504245,other_food_retail,,Chain Packaged Food Only,False,ACHD
A & B Donuts,514 E 8th Ave PA 15120,40.408758,-79.9047045,specialty_food,,Chain Bakery,False,USDA_SNAP+ACHD
Grandpa Joe's Candy Shop,2124 Penn Avenue PA 15222,40.452003,-79.982244,convenience_limited,,Chain Retail/Convenience Store,False,ACHD
Dunham's Sports,200 Northtown Square PA 15044,40.637709,-79.9427385,other_food_retail,,Chain Packaged Food Only,False,ACHD
Five Points Artisan Bakery,6520 Wilkins  Avenue PA 15217,40.444335,-79.916859,specialty_food,,Bakery,False,ACHD
Sweet ! A True Bakery,301 Fairview Road PA 15238,40.533525,-79.883451,specialty_food,,Bakery,False,ACHD
Panther Hollow Junction,340 S Bouquet St PA 15213,40.439943,-79.953228,other_food_retail,,Packaged Food Only,False,ACHD
Sunoco / OM Enterprise,601 McNeilly Road PA 15226,40.383081,-80.0208765,convenience_limited,,Retail/Convenience Store,False,ACHD
Auto Zone #5296,208 Penn  Avenue PA 15221,40.445937,-79.8923745,other_food_retail,,Chain Packaged Food Only,False,ACHD
Hobby Lobby,2365 Mountainview Drive PA 15122,40.34511,-79.947216,other_food_retail,,Chain Packaged Food Only,False,ACHD
Sheetz Convenience Store #582,4723 Wm Penn  Highway PA 15146,40.435131326877,-79.7329605409134,convenience_limited,,Chain Retail/Convenience Store,False,ACHD
Rose's #493,1258 Hoffman Boulevard PA 15122,40.3836775510001,-79.868936113,other_food_retail,,Packaged Food Only,False,USDA_SNAP+ACHD
Marshall's #1091,9931 Mountain View Drive PA 15122,40.341087,-79.9515045,other_food_retail,,Packaged Food Only,False,USDA_SNAP+ACHD
Rivers Casino / Pastry Kitchen,777 Casino Dr PA 15212,40.447134,-80.0218575,specialty_food,,Chain Bakery,False,ACHD
Catoris Candies,3805 Willow Ave PA 15234,40.365648,-80.0251425,other_food_retail,,Packaged Food Only,False,ACHD
Ilario's Italian & Slovak Bake Shoppe,1709 Monongahela Ave PA 15218,40.423401,-79.8911865,convenience_limited,,Retail/Convenience Store,False,ACHD
Ley's Shell #2,2405 Golden Mile Hwy PA 15239,40.464063,-79.7058,convenience_limited,,Chain Retail/Convenience Store,False,USDA_SNAP+ACHD
Flavors,500 St Clair Ave PA 15025,40.292793,-79.8857595,other_food_retail,,Packaged Food Only,False,ACHD
Kuhn's Market,2412 Ferguson Road PA 15101,40.5549333517801,-79.9724557251409,full_grocery,,Chain Packaged Food Only,False,USDA_SNAP+ACHD
Sunoco A Plus #40224H,4639 Clairton Blvd PA 15236,40.356135,-79.9796385,convenience_limited,,Chain Retail/Convenience Store,False,ACHD
Pittsburgh Fitness Project,5500 Butler Street PA 15201,40.5114659280001,-79.9446060189999,other_food_retail,,Packaged Food Only,False,ACHD
Michael Bros Nursery,47 Michael Road PA 15024,40.607973,-79.8458085,convenience_limited,,Retail/Convenience Store,False,ACHD
Aldi #81,3013 Washington Pike PA 15017,40.353849,-80.1129915,other_food_retail,,Chain Packaged Food Only,False,ACHD
Auto Laundry / BP,11835 Frankstown  Road PA 15235,40.469796,-79.8239385,other_food_retail,,Chain Packaged Food Only,False,ACHD
Busy Beaver #65,4743 Plummer Street PA 15201,40.475538,-79.9585065,other_food_retail,,Chain Packaged Food Only,False,ACHD
International Maket LTD,13 Dewalt Avenue PA 15227,40.36491,-79.983612,other_food_retail,,Packaged Food Only,False,ACHD
Titan Express,1704 Pennsylvania  Avenue PA 15122,40.36239,-79.85916,convenience_limited,,Retail/Convenience Store,False,ACHD
Etc Catering,6636 Jackson St PA 15206,40.475106,-79.9117245,farmers_market,,Seasonal/Farmers Market,False,ACHD
Espresso Specialty Foods,906 Main St PA 15215,40.494726,-79.9333515,farmers_market,,Seasonal/Farmers Market,False,ACHD
Omaha Steaks,265 Settlers Ridge Center Drive PA 15205,40.440726,-80.1499185,other_food_retail,,Chain Packaged Food Only,False,ACHD
Co Go's #1478,1256 Rt #30 PA 15026,40.489119,-80.2947105,convenience_limited,,Chain Retail/Convenience Store,False,ACHD
Popcorn N That,10263 Perry Hwy PA 15090,40.601142,-80.04924,farmers_market,,Seasonal/Farmers Market,False,ACHD
Dee's Minimart,540 St Clair Avenue PA 15025,40.293009,-79.887123,convenience_limited,,Retail/Convenience Store,False,ACHD
Big Daddy's,564 Forbes Avenue PA 15219,40.4376553061948,-79.9950741901677,convenience_limited,,Retail/Convenience Store,False,ACHD
Dobaria Convenience Store,244 Provost Road PA 15227,40.375215,-79.994394,convenience_limited,,Retail/Convenience Store,False,ACHD
Colangelo's,207 21st Street PA 15222,40.451562,-79.9827705,specialty_food,,Chain Retail/Convenience Store,False,USDA_SNAP+ACHD
Smallman Street News,2018 Smallman St PA 15222,40.452039,-79.9839,other_food_retail,,Packaged Food Only,False,ACHD
Kuhn's Market,745 Ingomar Road PA 15237,40.580937,-80.055837,full_grocery,,Chain Supermarket,False,ACHD
Nothing Bundt Cakes,100 Siena Drive PA 15241,40.347009,-80.057979,specialty_food,,Chain Bakery,False,ACHD
EZ Energy #362 / 7 Eleven #36206H,638 Brown Avenue PA 15145,40.42584,-79.8344325,convenience_limited,,Chain Retail/Convenience Store,False,USDA_SNAP+ACHD
Edible Arrangements,6506 Steubenville  Pike PA 15205,40.449204,-80.159895,convenience_limited,,Chain Retail/Convenience Store,False,ACHD
The Bridgeside Market,201 Chestnut Street PA 15143,40.536198,-80.182944,convenience_limited,,Retail/Convenience Store,False,ACHD
Handmade Pasta By Yvonne,3333 Babcock Boulevard PA 15237,40.53375,-80.019279,convenience_limited,,Retail/Convenience Store,False,ACHD
Mrs T's Market,558 N Braddock Ave PA 15208,40.452741,-79.891092,convenience_limited,,Retail/Convenience Store,False,ACHD
The Vitamin Shoppe,4145 Wm Penn Highway PA 15146,40.4394492850976,-79.7657902210807,other_food_retail,,Chain Packaged Food Only,False,ACHD
Mosside Sunoco,2700 Mosside Blvd PA 15146,40.434444,-79.7533695,convenience_limited,,Chain Retail/Convenience Store,False,ACHD
Hag's Place,728 Monongahela  Avenue PA 15045,40.323348,-79.892658,other_food_retail,,Packaged Food Only,False,ACHD
Special Thoughts Gift Shoppe,1701 Freeport Road PA 15065,40.622949,-79.72623,other_food_retail,,Packaged Food Only,False,ACHD
Insomnia Cookies,115 Meyran Avenue PA 15213,40.440915,-79.958592,specialty_food,,Chain Bakery,False,ACHD
Sunoco,304 Freeport Road PA 15215,40.489335,-79.90335,convenience_limited,,Chain Retail/Convenience Store,False,ACHD
Hilltop Pharmacy,818 Warrington Avenue PA 15210,40.421637,-79.992927,other_food_retail,,Chain Retail/Convenience Store,False,USDA_SNAP+ACHD
Bella Christie's Sweet Boutique,761 Providence Boulevard PA 15237,40.570128,-80.020818,specialty_food,,Chain Bakery,False,ACHD
New Super One,4341 Old Wm Penn Hwy PA 15146,40.4348338082123,-79.7494295876344,convenience_limited,,Retail/Convenience Store,False,ACHD
Alaska Wild Salmon Co Express,515 Burkes Dr PA 15108,40.478148,-80.1442935,farmers_market,,Seasonal/Farmers Market,False,ACHD
Select Mini Mart,5829 Forward Ave PA 15217,40.4296008286908,-79.9223725760722,farmers_market,,Packaged Food Only,False,USDA_SNAP+ACHD
Michael's Arts & Crafts #9186,700 Settlers Ridge Center Drive PA 15205,40.440753,-80.1477675,other_food_retail,,Chain Packaged Food Only,False,ACHD
Stan's Produce,1902 Babcock Boulevard PA 15209,40.504266,-79.9879905,convenience_limited,,Retail/Convenience Store,False,ACHD
Wash Works Laundry House,900 Sleepy Hollow  Road PA 15234,40.372056,-80.0176185,other_food_retail,,Packaged Food Only,False,USDA_SNAP+ACHD
Knox News,1206 Arlington Ave 1st Floor PA 15201,40.4181122860001,-79.975100761,convenience_limited,,Retail/Convenience Store,False,ACHD
Walmart #4644,7500 University  Boulevard PA 15108,40.515597,-80.2241415,full_grocery,,Chain Retail/Convenience Store,False,USDA_SNAP+ACHD
Mana Indo Mart,10293 Perry Hwy #204 PA 15090,40.602996,-80.050455,convenience_limited,,Chain Retail/Convenience Store,False,USDA_SNAP+ACHD
Smokey Joe's Tobacco & Candy,1174 Universal Rd PA 15235,40.4616845725537,-79.8038968690614,other_food_retail,,Packaged Food Only,False,ACHD
Dollar Tree #3810,28 Highlands Mall PA 15065,40.644846,-79.7123745,other_food_retail,,Retail/Convenience Store,False,USDA_SNAP+ACHD
Allegheny Coffee & Tea Exchange,2005 Penn Avenue PA 15222,40.451301,-79.983936,convenience_limited,,Chain Retail/Convenience Store,False,ACHD
HomeGoods #524,2000 Park Manor Boulevard PA 15205,40.453812,-80.169768,other_food_retail,,Chain Packaged Food Only,False,ACHD
Todland Supermarket,3050 Smallman Street PA 15201,40.459824,-79.972569,convenience_limited,,Retail/Convenience Store,False,ACHD
Breadworks,Allegheny County Farmers Market PA 15212,40.450454859,-80.015674992,farmers_market,,Seasonal/Farmers Market,False,ACHD
Leslie Park Floral,4607 Butler St PA 15201,40.473162,-79.9588305,specialty_food,,Chain Bakery,False,USDA_SNAP+ACHD
Gifted Hands Gift Shop,100 Church Road PA 15090,40.625001,-80.0543205,other_food_retail,,Packaged Food Only,False,USDA_SNAP+ACHD
Dollar General #17160,1227 State Rt 837 PA 15025,40.256091,-79.920594,other_food_retail,,Chain Packaged Food Only,False,ACHD
Five Below,587 Clairton Boulevard PA 15236,40.332843,-79.9442235,other_food_retail,,Chain Packaged Food Only,False,ACHD
Bangey Bazar,311 Brownsville Avenue PA 15210,40.413978,-79.9880805,convenience_limited,,Retail/Convenience Store,False,USDA_SNAP+ACHD
Ziggy's Variety Unlimited,401 Commerce St PA 15148,40.392774,-79.8087825,other_food_retail,,Packaged Food Only,False,ACHD
Frosting & Crumbs,2139 Le Gran  Drive PA 15044,40.610718,-79.987518,specialty_food,,Bakery,False,ACHD
Basket of Pittsburgh,210 Bilmar Drive PA 15205,40.446576,-80.0975565,other_food_retail,,Packaged Food Only,False,ACHD
Colaizzi Brothers,Allegheny County Farmers Market PA 15222,40.439766451,-80.00168285,farmers_market,,Seasonal/Farmers Market,False,USDA_SNAP+ACHD
Frankie's Produce,6032 Saltsburg Rd PA 15147,40.483764,-79.8200865,convenience_limited,,Retail/Convenience Store,False,ACHD
Uncle Mikes,11 Carrie Street PA 15212,40.461606,-80.0021385,convenience_limited,,Retail/Convenience Store,False,ACHD
Dollar General #17751,1110 Clinton Road PA 15026,40.49451,-80.2885275,other_food_retail,,Chain Packaged Food Only,False,ACHD
The Enrico Biscotti Co,665 Washington Rd PA 15228,40.381326,-80.044047,specialty_food,,Chain Bakery,False,ACHD
India Mart,2101 Greentree Rd Suite 1195 PA 15220,40.39119,-80.0690895,other_food_retail,,Retail/Convenience Store,False,USDA_SNAP+ACHD
885 Skate Park,349 Lebanon Rd PA 15122,40.371462,-79.9264395,other_food_retail,,Packaged Food Only,False,ACHD
CCAC North Bookstore #1318,8701 Perry Highway PA 15237,40.565853,-80.040141,other_food_retail,,Chain Packaged Food Only,False,USDA_SNAP+ACHD
Top It Deli,950 Pittsburgh St / Suite #A PA 15144,40.541598,-79.77573,convenience_limited,,Retail/Convenience Store,False,ACHD
Bread Spread by Susan,Park Ave PA 15102,40.329985504,-80.027781585,farmers_market,,Seasonal/Farmers Market,False,USDA_SNAP+ACHD
Auto Zone #4689,23 Yost  Boulevard PA 15221,40.414491,-79.848018,other_food_retail,,Chain Packaged Food Only,False,ACHD
Brinx Market,1268 Brinton Road PA 15221,40.422456,-79.8650055,other_food_retail,,Retail/Convenience Store,False,USDA_SNAP+ACHD
3 R Tobacco Outlet,1103 Browsville Road PA 15210,40.405491,-79.990551,convenience_limited,,Retail/Convenience Store,False,ACHD
All Ready,919 Mellon St PA 15206,40.47291,-79.9240905,convenience_limited,,Retail/Convenience Store,False,ACHD
Quick Mart,3337 Babcock Boulevard PA 15237,40.534047,-80.019486,convenience_limited,,Retail/Convenience Store,False,ACHD
Tarentum Mart,303 E 6th Ave PA 15084,40.602717,-79.754265,convenience_limited,,Retail/Convenience Store,False,USDA_SNAP+ACHD
Equita,100 43rd St PA 15201,40.472865,-79.96392,other_food_retail,,Packaged Food Only,False,ACHD
Walmart Supercenter #3738,100 Highlands Mall PA 15065,40.646997,-79.7129595,full_grocery,,Chain Supermarket,False,ACHD
Just-Ice Place,19 5th St PA 15034,40.351428,-79.891461,other_food_retail,,Packaged Food Only,False,ACHD
Mediterranean Market,2021 Carson Street PA 15203,40.428801,-79.9766955,convenience_limited,,Retail/Convenience Store,False,ACHD
Home Depot #4123,112 Ben Avon Heights Road PA 15237,40.52097,-80.072919,other_food_retail,,Chain Packaged Food Only,False,ACHD
Basket of Pittsburgh,1401 McLaughlin Run Road PA 15241,40.355811,-80.090064,other_food_retail,,Packaged Food Only,False,ACHD
Sunoco,113 Noble Avenue PA 15205,40.434957,-80.0656245,convenience_limited,,Chain Retail/Convenience Store,False,ACHD
The Corner Store,100 Westinghouse Ave PA 15137,40.362354,-79.826436,convenience_limited,,Retail/Convenience Store,False,ACHD
Carline Cafe,109 California Avenue PA 15202,40.503537,-80.0736255,other_food_retail,,Packaged Food Only,False,ACHD
Test Client 04292019,542 4th Avenue PA 15219,40.437234,-79.9961445,full_grocery,,Bakery,False,USDA_SNAP+ACHD
Ice Cream & Things,1336 Juniata  Street PA 15233,40.45698,-80.0271675,convenience_limited,,Retail/Convenience Store,False,ACHD
Trello Cioccolato,914 Beaver Grade   Road PA 15108,40.511826,-80.215083,convenience_limited,,Retail/Convenience Store,False,ACHD
GNC #1378,285 Settlers Ridge Center Drive PA 15205,40.4406,-80.1495045,other_food_retail,,Chain Packaged Food Only,False,ACHD
Gaby Et Jules Patisseries et Macarons,5837 Forbes Avenue PA 15217,40.438242,-79.921575,specialty_food,,Bakery,False,ACHD
Cuddy's Home of The Stix,7901 Tioga Street PA 15208,40.450248,-79.8865245,farmers_market,,Seasonal/Farmers Market,False,USDA_SNAP+ACHD
Goodwill #330,3 Urbano Way PA 15205,40.457367,-80.1652905,other_food_retail,,Chain Packaged Food Only,False,ACHD
Holiday Inn Gift Shop One,8256 University Boulevard PA 15108,40.51053,-80.225064,other_food_retail,,Packaged Food Only,False,ACHD
Betsy Ann Chocolates,4960 Route 8 PA 15101,40.603014,-79.944057,other_food_retail,,Chain Packaged Food Only,False,USDA_SNAP+ACHD
Rosebud Fine Food Market,100 7th St PA 15222,40.444137,-80.0009955,full_grocery,,Supermarket,False,ACHD
Turquoise Int'l Food & Gift Store,1823 Murray Ave PA 15217,40.436433,-79.9227405,convenience_limited,,Retail/Convenience Store,False,USDA_SNAP+ACHD
Fresh Thyme Farmer's Market #452,665 Clairton  Boulevard PA 15236,40.330053,-79.944201,full_grocery,,Chain Supermarket,False,ACHD
88 Tobacco,5815 Library Road PA 15102,40.309776,-80.0328285,other_food_retail,,Packaged Food Only,False,ACHD
Mr Butcher,7777 McKnight Road PA 15237,40.547358,-80.0182485,convenience_limited,,Retail/Convenience Store,False,ACHD
Eleven Brothers Grocery Store,2825 Brownsville Road PA 15227,40.382946,-79.9766865,other_food_retail,,Packaged Food Only,False,ACHD
Coen Markets #1237,2880 Brownsville Road PA 15129,40.28769,-79.9969905,convenience_limited,,Chain Retail/Convenience Store,False,ACHD
Choice Tobaccco,5129 Brightwood Road PA 15102,40.330962,-80.0301645,other_food_retail,,Packaged Food Only,False,USDA_SNAP+ACHD
Dollar Tree #5033,8 Quaker Village Shopping Center PA 15056,40.559463,-80.2027215,other_food_retail,,Packaged Food Only,False,ACHD
Food Glorious Food,5906 Bryant Street PA 15206,40.475439,-79.9196085,specialty_food,,Bakery,False,ACHD
Duquesne University / Fisher Market Express @ Fisher Hall,711 Forbes  Avenue PA 15282,40.438206,-79.9924005,convenience_limited,,Retail/Convenience Store,False,ACHD
Frank's Confectionery,289 Baldwin Road PA 15207,40.390065,-79.932609,other_food_retail,,Packaged Food Only,False,ACHD
Sunoco,214 Rodi Road PA 15235,40.463055,-79.8244515,other_food_retail,,Chain Packaged Food Only,False,ACHD
Grandview Coffee Shop,1717 Grandview Ave PA 15132,40.340853,-79.8366105,other_food_retail,,Packaged Food Only,False,ACHD
Greater Pitt Dekhockey,517 Twin Oaks Dr PA 15235,40.478976,-79.790445,other_food_retail,,Packaged Food Only,False,ACHD
ZSMF  Enterprises Gulf Station,1400 Saw Mill Run Blvd PA 15210,40.401792,-80.000775,convenience_limited,,Chain Retail/Convenience Store,False,ACHD
Dollar Tree #4790,1701 Duncan Avenue PA 15101,40.567356,-79.9994025,other_food_retail,,Chain Retail/Convenience Store,False,USDA_SNAP+ACHD
Oakmont Bakery,1 Sweet Street PA 15139,40.525641,-79.8422535,specialty_food,,Bakery,False,ACHD
Dollar Tree #7202,2860 Wildwood Road PA 15101,40.589838,-79.9468245,other_food_retail,,Chain Packaged Food Only,False,ACHD
Market C @ UPMC Shadyside,5150 Centre Avenue PA 15232,40.454523,-79.941618,convenience_limited,,Chain Retail/Convenience Store,False,ACHD
Fueland,801 Island  Avenue PA 15136,40.473585,-80.0634915,convenience_limited,,Chain Retail/Convenience Store,False,USDA_SNAP+ACHD
Market C Ground Floor @ UPMC Mercy Hospital,1400  Locust  Street PA 15219,40.436037,-79.985457,convenience_limited,,Chain Retail/Convenience Store,False,USDA_SNAP+ACHD
University Store on Fifth,4000 5th  Avenue PA 15213,40.443183,-79.956135,other_food_retail,,Packaged Food Only,False,ACHD
Giant Eagle #93,600 Towne Square Way PA 15227,40.365639,-79.983405,full_grocery,,Chain Retail/Convenience Store,False,USDA_SNAP+ACHD
James Vending Micro Market @ GFS Distribution Center,225 Solar  Drive PA 15126,40.439385,-80.30079,other_food_retail,,Chain Packaged Food Only,False,ACHD
The Pavilion Pantry @ Hilton Garden Inn,250 Forbes Avenue PA 15222,40.440249,-80.001558,other_food_retail,,Packaged Food Only,False,ACHD
Goodwill,2604 Monroeville Boulevard PA 15146,40.430655,-79.7848605,other_food_retail,,Chain Packaged Food Only,False,ACHD
Gas N Go,1530 Potomac Avenue PA 15216,40.397193,-80.0354745,convenience_limited,,Chain Retail/Convenience Store,False,ACHD
Le Cupcake Shoppe,109 Capital Avenue PA 15226,40.404924,-80.0184825,specialty_food,,Bakery,False,ACHD
Dunham's Sports,2315 Mountain View Drive PA 15122,40.34529,-79.9478235,other_food_retail,,Chain Packaged Food Only,False,USDA_SNAP+ACHD
Travel Traders #3086,1000 Penn Avenue PA 15222,40.444218,-79.994889,other_food_retail,,Chain Packaged Food Only,False,ACHD
Old Navy #5529,4120 Wm Penn Hwy PA 15146,40.4374071109223,-79.7656104923658,other_food_retail,,Chain Packaged Food Only,False,ACHD
Farmhouse Brewing Supply,710 Main Street PA 15215,40.494771,-79.934877,other_food_retail,,Packaged Food Only,False,ACHD
Sushi with Gusto,799 Castle Shannon Boulevard PA 15234,40.369194,-80.02863,convenience_limited,,Chain Retail/Convenience Store,False,ACHD
Tobacco Outlet,506 Richland Avenue PA 15034,40.348499745,-79.8920211769999,other_food_retail,,Packaged Food Only,False,ACHD
Walmart Super Center #3838,2010 Village Center Drive PA 15084,40.564089,-79.804143,full_grocery,,Chain Supermarket,False,ACHD
Laurie's Hallmark #5,258 Mt Nebo Pointe Dr PA 15237,40.535095767,-80.06674014,other_food_retail,,Chain Packaged Food Only,False,ACHD
Market C @ Aerotech,101 Zeta Drive PA 15238,40.501152,-79.8658335,convenience_limited,,Chain Retail/Convenience Store,False,ACHD
Healthy Self,519 Broad St PA 15143,40.540716,-80.1798885,other_food_retail,,Packaged Food Only,False,ACHD
HomeGoods #597,200 Mall Boulevard PA 15146,40.432662,-79.789347,other_food_retail,,Chain Packaged Food Only,False,ACHD
Five Below,1010 Settlers Ridge Center Drive PA 15205,40.439772,-80.1481545,other_food_retail,,Chain Packaged Food Only,False,ACHD
Micro Market @ Zoll Lifevest,1001 Commerce Drive PA 15024,40.55643,-79.8493185,other_food_retail,,Chain Packaged Food Only,False,ACHD
B & J's Convenience Store,4909 Penn Ave PA 15224,40.465458,-79.9447905,other_food_retail,,Packaged Food Only,False,USDA_SNAP+ACHD
TCA Mini Mart,1615B Penn Ave PA 15222,40.449168,-79.987284,other_food_retail,,Packaged Food Only,False,ACHD
TJ's Deli Mart #3,100 Clinton Ave PA 15071,40.39848,-80.185842,convenience_limited,,Chain Retail/Convenience Store,False,ACHD
Mid East Sweets,1019 Carson Street PA 15203,40.428846,-79.987743,other_food_retail,,Packaged Food Only,False,ACHD
Los Campos Mexican Grocery,11566 Perry Highway PA 15090,40.626216,-80.054289,convenience_limited,,Retail/Convenience Store,False,ACHD
Dick's Sporting Goods #129,350 Waterfront Drive PA 15120,40.410126,-79.9110765,other_food_retail,,Chain Packaged Food Only,False,ACHD
L K & J Convenience Store,2535 Main Street PA 15235,40.471506,-79.78842,other_food_retail,,Packaged Food Only,False,ACHD
Coen Markets #1229,2401 Carson Street PA 15203,40.428513,-79.970814,convenience_limited,,Chain Retail/Convenience Store,False,ACHD
Dollar General #20044,4706 Route 8 PA 15101,40.594554,-79.9473015,other_food_retail,,Retail/Convenience Store,False,USDA_SNAP+ACHD
La Palapa,2401 Penn Avenue PA 15222,40.4538162396953,-79.9804875222509,convenience_limited,,Retail/Convenience Store,False,ACHD
Dunham's Sports #9017,3700 Wm Penn Highway PA 15146,40.4346380836974,-79.7894119879582,other_food_retail,,Chain Packaged Food Only,False,USDA_SNAP+ACHD
Market C @ UPMC St Margaret,815 Freeport  Road PA 15215,40.489146,-79.895502,convenience_limited,,Retail/Convenience Store,False,USDA_SNAP+ACHD
Mt Troy Deli,2005 Mt Troy Rd PA 15212,40.469472,-79.9820775,convenience_limited,,Chain Retail/Convenience Store,False,ACHD
Clark's Dairy House,3606 Frazier St PA 15213,40.430439,-79.9554195,convenience_limited,,Retail/Convenience Store,False,ACHD
Mirch Masala,8 Main Street PA 15106,40.406778,-80.0873235,other_food_retail,,Packaged Food Only,False,ACHD
Market C @ PWC Property Solutions / Keystone Summit,3000 Ericsson Drive PA 15086,40.65849,-80.1018405,convenience_limited,,Chain Retail/Convenience Store,False,ACHD
H & S  2 News,535 Smithfield St PA 15222,40.441392,-79.99803,convenience_limited,,Retail/Convenience Store,False,ACHD
Willy's Discount,422 Mill St PA 15108,40.517838,-80.1643545,convenience_limited,,Retail/Convenience Store,False,ACHD
Dea's Sweet Treats & More,201 7th St PA 15104,40.40120021014,-79.8691159219951,other_food_retail,,Packaged Food Only,False,ACHD
Francis Insight Market,1125 Locust St PA 15132,40.3440584845689,-79.8620716533336,convenience_limited,,Retail/Convenience Store,False,ACHD
Cheswick Theatre 2,1500 Freeport Rd PA 15024,40.6729738742426,-80.0716301796502,other_food_retail,,Chain Packaged Food Only,False,ACHD
Tobacco Outlet #3,1920 Spring Garden Ave PA 15212,40.469247,-79.986384,convenience_limited,,Chain Retail/Convenience Store,False,ACHD
Uni-Mart,1601 Lowrie Street PA 15212,40.462443,-79.9830585,convenience_limited,,Chain Retail/Convenience Store,False,USDA_SNAP+ACHD
Auto Zone #4622,6052 University  Boulevard PA 15108,40.519782,-80.218602,other_food_retail,,Chain Packaged Food Only,False,ACHD
Penn Hills Sunoco,3899 Old William Penn Highway PA 15235,40.444236,-79.813557,convenience_limited,,Chain Retail/Convenience Store,False,USDA_SNAP+ACHD
William Penn Highway Sunoco,3406 William Penn Highway PA 15235,40.430583,-79.8155595,other_food_retail,,Packaged Food Only,False,USDA_SNAP+ACHD
Sweet b Sweet Shop,5895 Heckert Road PA 15007,40.650867,-79.9344135,specialty_food,,Bakery,False,ACHD
Honey Baked Ham Co-Holiday Express,100 Quinn Dr PA 15275,40.447089,-80.179902,farmers_market,,Seasonal/Farmers Market,False,ACHD
Shannon Sweet Stop,3776 Willow Avenue PA 15234,40.365981,-80.02485,convenience_limited,,Retail/Convenience Store,False,ACHD
Ross Dress for Less #1737,560 Waterfront Drive PA 15120,40.411674,-79.9059645,other_food_retail,,Chain Packaged Food Only,False,ACHD
Dollar Tree #4994,1600 Hoffman Boulevard PA 15122,40.383378,-79.867107,other_food_retail,,Chain Packaged Food Only,False,ACHD
Flanagan's Sweets N Treats,718 Brookline Blvd PA 15226,40.394241,-80.021106,convenience_limited,,Retail/Convenience Store,False,ACHD
Sugar Spell Scoops,1014 Canal Street PA 15215,40.49487,-79.9321185,convenience_limited,,Retail/Convenience Store,False,ACHD
A J Wright #188,256 Crafton Ingram Shopping Ctr PA 15205,40.441752,-80.071281,other_food_retail,,Chain Packaged Food Only,False,ACHD
Auto Zone #6783,625 8th Avenue PA 15120,40.409388,-79.9039485,other_food_retail,,Chain Packaged Food Only,False,ACHD
A Sweet Morsel,3612 Wm Flynn Highway PA 15101,40.5538565395811,-79.9580167673951,specialty_food,,Bakery,False,ACHD
Jaiden's Place,1206 Arlington Ave PA 15210,40.42152,-79.9924275,other_food_retail,,Packaged Food Only,False,ACHD
Goodwill,2700 Carson Street PA 15203,40.426668,-79.9668945,other_food_retail,,Chain Packaged Food Only,False,ACHD
Busy Beaver #51,2940 Library Road PA 15234,40.375242,-80.005923,other_food_retail,,Chain Packaged Food Only,False,ACHD
Papermart,5000 Baum Blvd PA 15213,40.4548850188003,-79.9444774860635,other_food_retail,,Packaged Food Only,False,ACHD
Aldi #93,7221 McKnight Road PA 15237,40.537008,-80.0128215,other_food_retail,,Chain Packaged Food Only,False,ACHD
Post Gazette Market C,2201 Sweeney Drive PA 15026,40.497237,-80.289162,convenience_limited,,Chain Retail/Convenience Store,False,ACHD
Dollar Tree #06173,1615 Lincoln  Way PA 15131,40.347747,-79.8162615,other_food_retail,,Packaged Food Only,False,USDA_SNAP+ACHD
Dick's Sporting Goods,501 Mall Circle  Drive PA 15146,40.429539,-79.7973525,other_food_retail,,Chain Packaged Food Only,False,USDA_SNAP+ACHD
Marathon / Sweet Pea's #18,5340 Perrysville  Road PA 15229,40.511691,-80.0312715,convenience_limited,,Chain Retail/Convenience Store,False,ACHD
Lori's Gifts,5230 Centre Ave PA 15232,40.454658,-79.939584,other_food_retail,,Chain Packaged Food Only,False,ACHD
Dollar Discount,404 Wood St PA 15222,40.439547,-80.000973,convenience_limited,,Retail/Convenience Store,False,USDA_SNAP+ACHD
Dollar Tree #5828,1516 Brighton Avenue PA 15212,40.457259,-80.015436,other_food_retail,,Chain Packaged Food Only,False,ACHD
Carson News & Lottery,1404 Carson Street PA 15203,40.428666,-79.983882,other_food_retail,,Packaged Food Only,False,ACHD
Oakmont Olive Oil Co,640 Allegheny River Boulevard PA 15139,40.520196,-79.8422805,convenience_limited,,Retail/Convenience Store,False,ACHD
Pittsburgh Poison All Stars,1 Herron  Street PA 15202,40.506381,-80.0896725,other_food_retail,,Packaged Food Only,False,ACHD
Walmart Fuel Center,107 Walmart  Drive PA 15137,40.387194,-79.8225885,convenience_limited,,Chain Retail/Convenience Store,False,ACHD
Merante Brothers Italian American Market,6 Marion Street PA 15219,40.438179,-79.9842825,convenience_limited,,Retail/Convenience Store,False,ACHD
Sheetz Convenience Store #610,211 Mt Nebo Road PA 15237,40.533246,-80.0715465,convenience_limited,,Chain Retail/Convenience Store,False,ACHD
Madison Ave Specialty Cakes,994 Perry Highway PA 15237,40.539132,-80.0360235,specialty_food,,Bakery,False,ACHD
Hampton Sunoco,4785 Route 8 PA 15101,40.59702,-79.9479135,convenience_limited,,Chain Retail/Convenience Store,False,ACHD
Auto Zone #4696,10451 Perry Highway PA 15090,40.608009,-80.0529255,other_food_retail,,Chain Retail/Convenience Store,False,USDA_SNAP+ACHD
The Cafe At The Heinz History Center,1212 Smallman Street PA 15222,40.446621,-79.9922025,convenience_limited,,Retail/Convenience Store,False,ACHD
Sheetz Convenience Store #629,5554 Steubenville Pike PA 15136,40.452111,-80.129214,convenience_limited,,Chain Retail/Convenience Store,False,ACHD
West View Sunoco,100 Rochester Road PA 15229,40.520493,-80.0251065,convenience_limited,,Chain Retail/Convenience Store,False,ACHD
Wexford Beer Distributor,10624 Perry Highway PA 15090,40.613184,-80.053137,convenience_limited,,Retail/Convenience Store,False,ACHD
TJ's Deli Mart #1,357 Lincoln Avenue PA 15057,40.371561,-80.2295235,convenience_limited,,Chain Retail/Convenience Store,False,ACHD
King City Market,7900 Bennett  Street PA 15221,40.45392,-79.885089,other_food_retail,,Packaged Food Only,False,ACHD
AMC CLASSIC South Hills Village 10,700 Fort Couch  Road PA 15241,40.343409,-80.053983,convenience_limited,,Chain Retail/Convenience Store,False,ACHD
Dollar Tree #01272,2830 Gracy Center Way PA 15108,40.517649,-80.2169865,other_food_retail,,Chain Packaged Food Only,False,USDA_SNAP+ACHD
L & K Bundt Shop,407 Quarter Horse Lane PA 15026,40.478355,-80.314056,specialty_food,,Bakery,False,ACHD
Pastries A-La-Carte,81 Clairton Blvd PA 15236,40.339431,-79.961454,specialty_food,,Bakery,False,ACHD
Laurie's Hallmark,3090 McIntyre Square Drive PA 15237,40.552488,-80.015625,other_food_retail,,Chain Packaged Food Only,False,ACHD
The Olive Tap,108 19th Street PA 15222,40.450906567698,-79.9849144344696,convenience_limited,,Retail/Convenience Store,False,ACHD
Dollar Tree #5553,1630 Arlington Avenue PA 15210,40.417362,-79.9874145,full_grocery,,Chain Supermarket,False,USDA_SNAP+ACHD
Good L’Oven Cookie Shop,417 Lincoln Avenue PA 15202,40.494132,-80.0532855,convenience_limited,,Chain Retail/Convenience Store,False,ACHD
Carnegie Beer Outlet,429 Main Street PA 15106,40.403169,-80.0928225,convenience_limited,,Retail/Convenience Store,False,ACHD
Cee Vee Vending @ Niagara Bottling,201 Solar Drive PA 15126,40.442337,-80.296596,convenience_limited,,Chain Retail/Convenience Store,False,ACHD
La Gourmandine,300 Cochran  Road PA 15228,40.380615,-80.052417,specialty_food,,Chain Bakery,False,ACHD
Quicky Mart,668 Washington Road PA 15228,40.380642,-80.0447265,convenience_limited,,Retail/Convenience Store,False,USDA_SNAP+ACHD
Sunoco A Plus #40101H,1201 Airport  Boulevard PA 15231,40.494186,-80.267193,convenience_limited,,Chain Retail/Convenience Store,False,ACHD
Radio Shack #01-4170,961 Freeport Rd PA 15238,40.487958,-79.887627,other_food_retail,,Chain Packaged Food Only,False,ACHD
Market C @ Lanxess,111 RIDC Park West  Drive PA 15275,40.456638,-80.1965205,convenience_limited,,Chain Retail/Convenience Store,False,ACHD
The Rink,100 4 PPG Place PA 15222,40.439628,-80.0027865,farmers_market,,Seasonal/Farmers Market,False,USDA_SNAP+ACHD
Carnegie Mini Mart,801 Main Street PA 15106,40.401216,-80.095365,convenience_limited,,Retail/Convenience Store,False,USDA_SNAP+ACHD
Market C @ UPMC Quantum One,2 Hot Metal Street PA 15203,40.425885,-79.9645095,convenience_limited,,Chain Retail/Convenience Store,False,ACHD
Tienda La Jimenez,1619 Broadway Ave PA 15216,40.409901,-80.024373,convenience_limited,,Retail/Convenience Store,False,ACHD
Daryl's Famous Nutrolls,134 Broadlawn Drive PA 15037,40.283037,-79.8330285,specialty_food,,Bakery,False,ACHD
Dosa Cupcakes and More,526 Broadway Boulevard PA 15140,40.402035,-79.777206,other_food_retail,,Packaged Food Only,False,ACHD
Go Go's Market,5001 2nd Avenue PA 15207,40.408479,-79.943472,other_food_retail,,Packaged Food Only,False,ACHD
Grandpa Joe's Candy Shop,695 Washington Road PA 15228,40.380327,-80.0444655,other_food_retail,,Chain Packaged Food Only,False,ACHD
Drift Hookah Lounge,2236 Murray Avenue PA 15217,40.43169,-79.9233705,other_food_retail,,Packaged Food Only,False,ACHD
Old Navy #7196,8900 Covenant Avenue PA 15237,40.569588,-80.0221095,other_food_retail,,Chain Packaged Food Only,False,ACHD
Mesh's Place In The Park,South Park Fairground PA 15129,40.303486434,-79.9973571469999,farmers_market,,Seasonal/Farmers Market,False,ACHD
Aldi #69,6290 Northway Drive PA 15237,40.550769,-80.0225865,other_food_retail,,Chain Packaged Food Only,False,ACHD
Gallaghers Pharmacy,426 W Grant Ave PA 15110,40.372578,-79.8502095,other_food_retail,,Packaged Food Only,False,ACHD
Grace Asian Grocery,1237 Route 51 (Clairton Blvd) Highway PA 15025,40.310541,-79.936677,convenience_limited,,Retail/Convenience Store,False,ACHD
Market C @ Pittsburgh Post-Gazette,358 North Shore  Drive PA 15212,40.44618,-80.0111565,convenience_limited,,Chain Retail/Convenience Store,False,ACHD
Ron's Old Fashioned Sno Cones,Penn Ave PA 15222,40.4523040730001,-79.981811319,farmers_market,,Seasonal/Farmers Market,False,ACHD
Hungry Cupcake,7 McKrell  Road PA 15076,40.619835,-79.8339195,other_food_retail,,Packaged Food Only,False,ACHD
Market C @ UPMC Clinical Lab,110 McKee  Place PA 15213,40.440195,-79.9601265,convenience_limited,,Chain Retail/Convenience Store,False,ACHD
TLC Foods,401 Freeport Rd PA 15238,40.494861,-79.859484,convenience_limited,,Retail/Convenience Store,False,ACHD
PPG PAINTS Arena / 06.01.01 #215 Drink Market,1001 5th Avenue PA 15219,40.439493,-79.9895835,other_food_retail,,Packaged Food Only,False,USDA_SNAP+ACHD
Puritan Paint / Basement Level,352 Butler St PA 15223,40.49622,-79.9438995,other_food_retail,,Retail/Convenience Store,False,USDA_SNAP+ACHD
Edible Arrangements,3050 McIntyre Square Drive PA 15237,40.552344,-80.016066,convenience_limited,,Chain Retail/Convenience Store,False,ACHD
Exxon,2501 Brighton Road PA 15212,40.466916,-80.025543,convenience_limited,,Chain Retail/Convenience Store,False,ACHD
Target #2077,288 Mt Nebo Pointe Drive PA 15237,40.535694,-80.068554,other_food_retail,,Chain Packaged Food Only,False,ACHD
Hog Dog Winery,141 Biscayne  Terrace PA 15212,40.486824,-79.994367,farmers_market,,Seasonal/Farmers Market,False,ACHD
Beacom's Store,120 State Route 908 Extension PA 15084,40.63824,-79.8105645,other_food_retail,,Retail/Convenience Store,False,USDA_SNAP+ACHD
Arsenal Beer Emporium,4104 Butler Street PA 15201,40.469508,-79.960986,convenience_limited,,Retail/Convenience Store,False,ACHD
The Pie Place - Seasonal,1775 Highland Road PA 15241,40.349079,-80.0532495,farmers_market,,Seasonal/Farmers Market,False,ACHD
Sunoco A Plus #40164H,1710 Washington  Road PA 15241,40.348332,-80.0528895,convenience_limited,,Chain Retail/Convenience Store,False,ACHD
Pittsburgh Pie Guy,934 Lilac Street PA 15217,40.42413,-79.93188,farmers_market,,Seasonal/Farmers Market,False,ACHD
Home Depot #4116,3550 Wm Penn Hwy PA 15235,40.4290899323591,-79.8053328723998,other_food_retail,,Chain Packaged Food Only,False,ACHD
Mash Mini Mart,4341 Old Wm Penn  Highway PA 15146,40.4432791302631,-79.7737168100843,convenience_limited,,Retail/Convenience Store,False,ACHD
Shanthi Supermarket,1008 Greentree Road PA 15220,40.416507,-80.0452305,other_food_retail,,Packaged Food Only,False,ACHD
Home Depot #4156,102 Aldi Dr PA 15137,40.370868,-79.780014,other_food_retail,,Chain Packaged Food Only,False,ACHD
Hi -Tops Seasonal Tent,220 Federal St PA 15212,40.449943541,-80.0051102,farmers_market,,Seasonal/Farmers Market,False,ACHD
Carlena's Italian Market & Deli,1883 Painters Run Rd PA 15241,40.363002,-80.08551,convenience_limited,,Retail/Convenience Store,False,ACHD
AHN Forbes Hospital Gift Shop,2570 Haymaker Road PA 15146,40.428252,-79.74765,other_food_retail,,Packaged Food Only,False,ACHD
Crumbl Cookies North Fayette,306 McHolme Drive PA 15275,40.448826,-80.1742905,specialty_food,,Chain Bakery,False,ACHD
Crumbl Cookies Monroeville,4158 Wm Penn Highway PA 15146,40.4378367516253,-79.7651647851827,specialty_food,,Chain Bakery,False,ACHD
Panda Supermarket,5818 Forbes Avenue PA 15217,40.437801,-79.922187,convenience_limited,,Retail/Convenience Store,False,ACHD
June Vendor,1536 Teal Terrace PA 15237,40.5468,-80.013033,farmers_market,,Seasonal/Farmers Market,False,ACHD
Redstart Roasters,6901 Lynn Way PA 15208,40.454613,-79.9049385,specialty_food,,Bakery,False,USDA_SNAP+ACHD
Keystone Cultures Co. (TFF),119 Long Lane PA 16854,40.512447,-80.212833,farmers_market,,Seasonal/Farmers Market,False,ACHD
Crust Worthy Third Space,235 Trenton Avenue PA 15221,40.417398,-79.8518565,specialty_food,,Seasonal/Farmers Market,False,USDA_SNAP+ACHD
Walgreens @ St. Clair Health,1000 Bower Hill Road PA 15243,40.378059,-80.066808,other_food_retail,,Chain Packaged Food Only,False,ACHD
Glaciers,1616  Shaw Avenue PA 15132,40.349718,-79.854075,farmers_market,,Seasonal/Farmers Market,False,ACHD
The sweetest thing I know,6953 1/2 Frankstown  Avenue PA 15208,40.458789,-79.901685,farmers_market,,Seasonal/Farmers Market,False,ACHD
Springdale Food Mart / Chester's,627 Pittsburgh Street PA 15144,40.541454,-79.783047,convenience_limited,,Chain Retail/Convenience Store,False,ACHD
CobblerWorld Bake Shop,1059 Penn Avenue PA 15222,40.444911,-79.9944525,other_food_retail,,Chain Packaged Food Only,False,ACHD
Hot Dog Lady,5150 Colewood  Drive PA 15236,40.343121,-79.9910595,farmers_market,,Seasonal/Farmers Market,False,ACHD
Nurture,331 Johnston Avenue PA 15207,40.406211,-79.9385265,farmers_market,,Seasonal/Farmers Market,False,ACHD
Kaleidoscope Dolls,10850 Perry Hwy PA 15090,40.616289,-80.054838,other_food_retail,,Packaged Food Only,False,ACHD
Olive & Marlowe,3867  Isabella  Avenue PA 15101,40.557339,-79.970976,farmers_market,,Seasonal/Farmers Market,False,ACHD
The Cheese Queen,156 Brownsville Road PA 15210,40.416102,-79.987266,farmers_market,,Seasonal/Farmers Market,False,USDA_SNAP+ACHD
Dragonflies & Daydreams,3596 Brighton Rd PA 15212,40.481622,-80.0335485,other_food_retail,,Packaged Food Only,False,ACHD
Sugar Butter Bakery,331 Main Street PA 15106,40.409631,-80.0836245,specialty_food,,Bakery,False,ACHD
Wigle Whiskey and Threadbare Cider,PO Box 1317 PA 15230,40.461307307,-79.914773945,farmers_market,,Seasonal/Farmers Market,False,USDA_SNAP+ACHD
All Things Empanada,84 Craighead St Street PA 15211,40.422825,-79.9986285,farmers_market,,Seasonal/Farmers Market,False,ACHD
Pittsburgh Mobile Bars,2731  Charles Street PA 15214,40.469616,-80.0150355,farmers_market,,Seasonal/Farmers Market,False,ACHD
Repurposed,7805 McKnight Road PA 15237,40.547934,-80.018703,other_food_retail,,Packaged Food Only,False,ACHD
West Liberty Beer & Tobacco,1347A West Liberty  Avenue PA 15226,40.410846,-80.0127135,convenience_limited,,Retail/Convenience Store,False,ACHD
Carrabbia's Quik Mart,511 Island Ave PA 15136,40.470759,-80.060994,convenience_limited,,Retail/Convenience Store,False,ACHD
Coen Markets #1232,4071 Beechwood Boulevard PA 15217,40.426551,-79.938261,convenience_limited,,Chain Retail/Convenience Store,False,ACHD
Sugar Mama Cotton Candy,11748 Frankstown  Avenue PA 15235,40.467978,-79.8248385,farmers_market,,Seasonal/Farmers Market,False,ACHD
Troomy eatz,821 Broadway  Avenue PA 15136,40.473072,-80.075619,farmers_market,,Seasonal/Farmers Market,False,ACHD
Sherry’s Family Market,549 Bessemer Avenue PA 15112,40.395195,-79.8393825,other_food_retail,,Packaged Food Only,False,ACHD
Fairly Local Foods,5736 Villahaven Drive PA 15236,40.34907,-80.0127135,farmers_market,,Seasonal/Farmers Market,False,ACHD
Wood Stoked Barbeque,109  Curry Hollow  Road PA 15236,40.339755,-79.967412,farmers_market,,Seasonal/Farmers Market,False,ACHD
Corner Store,1442 Lowrie St PA 15212,40.461291,-79.985214,convenience_limited,,Retail/Convenience Store,False,ACHD
American Thrift Center,1806 Homeville Road PA 15122,40.365261,-79.8712515,other_food_retail,,Packaged Food Only,False,ACHD
Petsmart Store #2306,523 Clairton Boulevard PA 15236,40.333356,-79.9444665,other_food_retail,,Chain Packaged Food Only,False,ACHD
Shell / Sweet Pea's,1424 US Route 30 PA 15026,40.493493,-80.30619,convenience_limited,,Chain Retail/Convenience Store,False,ACHD
Ollie's Bargain Outlet,4505 Century Drive PA 15122,40.343121,-79.9438365,other_food_retail,,Chain Packaged Food Only,False,ACHD
Natural Alternative,400 Swiss Lane PA 15037,40.280877,-79.834536,other_food_retail,,Packaged Food Only,False,ACHD
Confections by Casey Renee,1019 Wood Street PA 15221,40.444236,-79.8845715,specialty_food,,Bakery,False,ACHD
Poppa's Soul Cuisine,636  Chester  Avenue PA 15214,40.465593,-80.018046,farmers_market,,Seasonal/Farmers Market,False,USDA_SNAP+ACHD
Mexa LLC,37 Owendale Avenue PA 15227,40.381668,-79.978104,farmers_market,,Seasonal/Farmers Market,False,ACHD
Dosa Cupcakes,1930 Hampstead Drive PA 15235,40.438458,-79.8420825,farmers_market,,Seasonal/Farmers Market,False,ACHD
Panaderia Jazmin,300 Beverly Road PA 15216,40.388877,-80.0498835,specialty_food,,Bakery,False,USDA_SNAP+ACHD
Barberry Farm,337  Barberry Road PA 15143,40.567824,-80.1384075,farmers_market,,Seasonal/Farmers Market,False,ACHD
VegFair24,435 Garner  Court PA 15213,40.442427,-79.970643,farmers_market,,Seasonal/Farmers Market,False,ACHD
Grandpa & Grandma's,1408 Ravine Street PA 15120,40.395744,-79.895124,farmers_market,,Seasonal/Farmers Market,False,ACHD
Brew Gentlemen,512 Braddock Avenue PA 15104,40.404105,-79.8702705,farmers_market,,Seasonal/Farmers Market,False,USDA_SNAP+ACHD
D & Ts' Universe,2115 Lowrie Street PA 15212,40.469067,-79.9785945,farmers_market,,Seasonal/Farmers Market,False,ACHD
ShadoBeni,1124 Davis PA 15212,40.481892,-80.0314425,farmers_market,,Seasonal/Farmers Market,False,ACHD
BJ's Wholesale Club #388,4000 Victoria Street PA 15017,40.360959,-80.1245565,full_grocery,,Chain Supermarket,False,ACHD
Target #2262 - Grocery,550 Grandview Crossing  Drive PA 15044,40.641876,-79.9417395,other_food_retail,,Chain Packaged Food Only,False,ACHD
Lori's Gifts,2775 Mosside Boulevard PA 15146,40.436937,-79.7605335,other_food_retail,,Chain Retail/Convenience Store,False,USDA_SNAP+ACHD
Children's Hospital / Lori's Gifts,4401 Penn Ave / 1St Fl - Main PA 15224,40.466421,-79.9529895,convenience_limited,,Chain Retail/Convenience Store,False,USDA_SNAP+ACHD
Gabe's,3500 McIntyre Square Drive PA 15237,40.554279,-80.016255,other_food_retail,,Chain Packaged Food Only,False,ACHD
Buyers Depot Variety,1738 Greenburg  Avenue PA 15137,40.387014,-79.8214815,other_food_retail,,Packaged Food Only,False,ACHD
Dollar Tree #06413,4680 Old William Penn  Highway PA 15146,40.439205,-79.7433615,other_food_retail,,Chain Packaged Food Only,False,USDA_SNAP+ACHD
HomeGoods #634,850 Providence Boulevard PA 15237,40.569102,-80.0196885,other_food_retail,,Chain Packaged Food Only,False,ACHD
Kate's Cafe,1711 J Jancey Street PA 15206,40.485168,-79.927704,farmers_market,,Seasonal/Farmers Market,False,ACHD
Coen Markets #1239,304 Virginia  Avenue PA 15211,40.431438,-80.0107875,convenience_limited,,Chain Retail/Convenience Store,False,ACHD
Store Front,5700 Centre Ave / Suite D PA 15206,40.45716,-79.9335405,convenience_limited,,Retail/Convenience Store,False,ACHD
Sky's The Limit Market,6113 Broad Street PA 15206,40.462083,-79.92252,other_food_retail,,Packaged Food Only,False,ACHD
Dollar Tree #1275,110 Walmart Drive PA 15137,40.385853,-79.822836,other_food_retail,,Chain Packaged Food Only,False,ACHD
Paper Mart P6,1310 Park Manor Blvd PA 15205,40.454199,-80.1628425,other_food_retail,,Chain Packaged Food Only,False,ACHD
Market C / Guardian Cafe @ Guardian Protective Services,174 Thorn Hill Road PA 15086,40.67064,-80.1108225,convenience_limited,,Chain Retail/Convenience Store,False,ACHD
Ania's Candy,2527 Park Hill Dr # 1 PA 15221,40.456647,-79.8725565,other_food_retail,,Packaged Food Only,False,ACHD
Bloomfield Groceria,237 Cedarville Street PA 15224,40.461867,-79.9485435,other_food_retail,,Packaged Food Only,False,USDA_SNAP+ACHD
Bake For You,1126 Harvard Circle PA 15212,40.48488,-80.030709,specialty_food,,Bakery,False,ACHD
Puff N Stuff Tobacco Outlet,975 Greentree Rd PA 15220,40.418757,-80.045532,other_food_retail,,Packaged Food Only,False,ACHD
Insomnia Cookies,1734 Carson Street PA 15203,40.428585,-79.9808355,specialty_food,,Retail/Convenience Store,False,USDA_SNAP+ACHD
Elizabeth Citgo,2002 Lincoln Boulevard PA 15037,40.278942,-79.8747975,convenience_limited,,Chain Retail/Convenience Store,False,ACHD
Coen Markets #1234,1501 Canal Street PA 15215,40.496688,-79.9260165,convenience_limited,,Chain Retail/Convenience Store,False,ACHD
Market C @ AAA,5900 Baum Boulevard PA 15206,40.459779,-79.927299,convenience_limited,,Chain Retail/Convenience Store,False,ACHD
Ben Avon Mini Mart,200 Division Avenue PA 15202,40.503969,-80.0753985,other_food_retail,,Packaged Food Only,False,ACHD
Willie's Smokehouse,221 Commercial Avenue PA 15215,40.490307,-79.9041825,other_food_retail,,Packaged Food Only,False,USDA_SNAP+ACHD
Scorch Garden (TFF),1314 Orangewood Avenue PA 15216,40.413717,-80.0186535,farmers_market,,Seasonal/Farmers Market,False,ACHD
Beer Towne,619 Warrendale Road PA 15044,40.668327,-80.02089,convenience_limited,,Retail/Convenience Store,False,ACHD
Chimney Cakery,1820 Pioneer Avenue PA 15226,40.40514,-80.015364,farmers_market,,Seasonal/Farmers Market,False,ACHD
Kizzle Foods,846 Thorn Street PA 15143,40.534299,-80.177589,farmers_market,,Seasonal/Farmers Market,False,ACHD
Circle K #4201,501 Main Street PA 15215,40.494474,-79.9362585,convenience_limited,,Chain Retail/Convenience Store,False,ACHD
Eide's Entertainment,1121 Penn Avenue PA 15222,40.445352,-79.993278,other_food_retail,,Packaged Food Only,False,ACHD
Loafers Bread Company,10600 Perry Highway PA 15090,40.612743,-80.053119,specialty_food,,Chain Bakery,False,ACHD
Duquesne University / Connections @ Student Union,1000 Locust Street PA 15219,40.43664,-79.99083,convenience_limited,,Retail/Convenience Store,False,ACHD
Boyd & Blair Potato Vodka,1101 William Flynn Highway PA 15116,40.521609,-79.9492455,farmers_market,,Seasonal/Farmers Market,False,ACHD
Money Mike's,17  Forbes Road PA 15085,40.388787,-79.751736,farmers_market,,Seasonal/Farmers Market,False,ACHD
El Colibri,474 44TH  Street PA 15201,40.466484,-79.9538805,farmers_market,,Seasonal/Farmers Market,False,ACHD
Wu's Shaved Ice,1260 Rolling Meadow Drive PA 15241,40.344111,-80.097408,farmers_market,,Seasonal/Farmers Market,False,ACHD
The Blue House Bakery,1113 Gromwell  Lane PA 15017,40.365333,-80.1269415,farmers_market,,Seasonal/Farmers Market,False,ACHD
Agape Dumplings,440 Cochran Road PA 15228,40.38354,-80.0528805,farmers_market,,Seasonal/Farmers Market,False,ACHD
The Cakery,479 Perry  Highway PA 15229,40.52115,-80.0337375,specialty_food,,Bakery,False,ACHD
Patel Brothers,312 Mall Boulevard PA 15146,40.434525,-79.785567,full_grocery,,Chain Supermarket,False,ACHD
Bhangal Mcknight Exxon,4616 McKnight Road PA 15237,40.506102,-80.0072865,convenience_limited,,Chain Retail/Convenience Store,False,ACHD
Smithfield News,115 Smithfield Street PA 15222,40.437711,-80.0004825,convenience_limited,,Retail/Convenience Store,False,ACHD
Arsenal Cider House (TFF),300 39th Street PA 15201,40.46508,-79.9609365,farmers_market,,Seasonal/Farmers Market,False,ACHD
BJ's Wholesale Club #387,6270 Northway Drive PA 15237,40.549005,-80.02143,full_grocery,,Chain Supermarket,False,ACHD
Harvest Moon Coffee & Chocolates,206 Corbet  Street PA 15084,40.601529,-79.7511825,farmers_market,,Seasonal/Farmers Market,False,ACHD
Baked True North,1137 Perry Highway PA 15237,40.549014,-80.0372925,specialty_food,,Seasonal/Farmers Market,False,USDA_SNAP+ACHD
Harps Treats,3912 Evergreen  Drive PA 15146,40.446144,-79.7692995,farmers_market,,Seasonal/Farmers Market,False,ACHD
Wellness Wally Around the World,103  Jamestown  Drive PA 15216,40.393224,-80.0561385,farmers_market,,Seasonal/Farmers Market,False,ACHD
Mazzotta Winery,4092 Gibsonia Road PA 15044,40.634865,-79.941042,farmers_market,,Seasonal/Farmers Market,False,ACHD
Poco A Poco,137 Elizabeth  Street PA 15207,40.406667639,-79.944501905,farmers_market,,Seasonal/Farmers Market,False,ACHD
Pure Grub (TFF),3101  Penn Avenue PA 15201,40.460022,-79.9713765,farmers_market,,Seasonal/Farmers Market,False,ACHD
Adan Market 2,707 Warrington Avenue PA 15210,40.421988,-79.995456,other_food_retail,,Packaged Food Only,False,ACHD
Copper Coast Confections,3860 Kim Lane PA 15044,40.660155,-79.9478505,farmers_market,,Seasonal/Farmers Market,False,ACHD
Wild Rise Bakery,PO BOX 8944 PA 15221,40.4152794460001,-79.8546372499999,farmers_market,,Seasonal/Farmers Market,False,ACHD
24 Carrot Juice/Abu and Darla Timbo,4114 Penn Ave Avenue PA 15224,40.465629,-79.9544295,farmers_market,,Seasonal/Farmers Market,False,ACHD
Peebles Express,8716 Peebles Road PA 15237,40.567176,-80.007579,convenience_limited,,Chain Retail/Convenience Store,False,ACHD
Aldi #73,114 Chartiers Avenue PA 15136,40.465422,-80.055648,other_food_retail,,Chain Packaged Food Only,False,ACHD
La Roche University / Bookstore #703,9000 Babcock Boulevard PA 15237,40.568589,-80.014491,other_food_retail,,Chain Packaged Food Only,False,ACHD
"La Palapa, Mexican Cuisine & Mezcal Bar",2224 Carson Street PA 15203,40.428171,-79.97355,farmers_market,,Seasonal/Farmers Market,False,USDA_SNAP+ACHD
Aicha's Store,507 Bessemer  Avenue PA 15112,40.395294,-79.8412635,other_food_retail,,Packaged Food Only,False,ACHD
Aldi #60,1040 Village Center  Drive PA 15084,40.567572,-79.8034185,other_food_retail,,Chain Packaged Food Only,False,ACHD
Market C @ Rosedale Technical College,215  Beechum Drive PA 15205,40.452039,-80.1038205,convenience_limited,,Chain Retail/Convenience Store,False,ACHD
Coen Markets #1231,1709 Saw Mill Run  Boulevard PA 15210,40.395942,-79.9973055,convenience_limited,,Chain Retail/Convenience Store,False,ACHD
Edible Arrangements #1668,1001 Liberty Avenue PA 15222,40.444569,-79.9939935,convenience_limited,,Chain Retail/Convenience Store,False,ACHD
Schiller’s Apothecary,811 S Aiken Avenue PA 15232,40.450581,-79.9353225,other_food_retail,,Packaged Food Only,False,ACHD
Kyle's Cakes N'at (TFF),543 North Avenue PA 15209,40.484943,-79.973181,specialty_food,,Bakery,False,USDA_SNAP+ACHD
Sunoco A Plus #40135H,339 Cochran Road PA 15228,40.382586,-80.0527815,convenience_limited,,Chain Retail/Convenience Store,False,ACHD
Dillner Family Farm Market,80 Oak Road PA 15044,40.622949,-79.9001415,convenience_limited,,Retail/Convenience Store,False,ACHD
Gabe's,5505 Century  Drive PA 15122,40.341951,-79.9424595,other_food_retail,,Chain Packaged Food Only,False,ACHD
Nim Nim Convenience Store,4010  Saw Mill Run  Boulevard PA 15227,40.36878,-79.983639,convenience_limited,,Retail/Convenience Store,False,ACHD
Habovick's Backyard BBQ,124 Pickwick  Drive PA 15102,40.343436,-80.044551,farmers_market,,Seasonal/Farmers Market,False,ACHD
"Jay's Southern Kitchen LLC,",110  Long Valley Drive Ext Extension PA 15108,40.491279,-80.1027045,farmers_market,,Seasonal/Farmers Market,False,ACHD
Atobabs Grocery,825 Linden (East Pittsburgh Mall) Avenue PA 15112,40.400973,-79.8348105,convenience_limited,,Retail/Convenience Store,False,ACHD
Ms. Diane's Homemade Baked Goods & More,341 Virginia PA 15221,40.417038,-79.868637,farmers_market,,Seasonal/Farmers Market,False,ACHD
Market C @ U.S. Steel Tower 24th Floor,600 Grant Street PA 15219,40.441356,-79.994853,other_food_retail,,Chain Packaged Food Only,False,USDA_SNAP+ACHD
Coen Markets #1236,925 Carson Street PA 15203,40.428981,-79.989003,convenience_limited,,Chain Retail/Convenience Store,False,ACHD
Vibo's Italian Bakery,881 Brackenridge Avenue PA 15014,40.604481,-79.74126,specialty_food,,Bakery,False,USDA_SNAP+ACHD
Hello Hummus,131 Prospect  Avenue PA 15205,40.447224,-80.070804,farmers_market,,Seasonal/Farmers Market,False,ACHD
Gaby et Jules Cafe,6006 Penn Avenue PA 15206,40.461147,-79.92459,convenience_limited,,Chain Retail/Convenience Store,False,ACHD
Micro Market @ Schroeder Industries,580 West Park  Road PA 15056,40.566996,-80.2186785,other_food_retail,,Chain Packaged Food Only,False,ACHD
Tarentum Farmer's Market,302 Black Oak Drive PA 15065,40.624353,-79.747344,farmers_market,,Seasonal/Farmers Market,False,ACHD
R’Mya’s Treats,518 Halsey  Avenue PA 15221,40.41954,-79.848351,farmers_market,,Seasonal/Farmers Market,False,ACHD
Mascari's Duncan Manor Exxon / Staks,1700 Ferguson Road PA 15101,40.565466,-79.998579,convenience_limited,,Chain Retail/Convenience Store,False,ACHD
Fannie Mae's Gifts,527 Lucia  Road PA 15221,40.422411,-79.8362685,farmers_market,,Seasonal/Farmers Market,False,ACHD
INandis Ireations,3311 Scathelocke Road PA 15235,40.435929,-79.8309225,farmers_market,,Seasonal/Farmers Market,False,ACHD
Jam Jerk,535 Atlantic  Avenue PA 15221,40.419108,-79.847514,farmers_market,,Seasonal/Farmers Market,False,ACHD
Palmer Pharmacy,738 Little Deer Creek Valley Road PA 15076,40.61754,-79.833582,convenience_limited,,Retail/Convenience Store,False,ACHD
Sunoco Minimart,104 Clairton Boulevard PA 15236,40.338648,-79.959762,convenience_limited,,Chain Retail/Convenience Store,False,ACHD
Allegheny Beverage,2311 Freeport Road PA 15065,40.630338,-79.717824,convenience_limited,,Retail/Convenience Store,False,ACHD
Reeds Sweet Treets,316 Flowers  Avenue PA 15207,40.411062,-79.940016,farmers_market,,Seasonal/Farmers Market,False,ACHD
Ericka Davis,5424  Broad  Street PA 15206,40.465314,-79.934958,farmers_market,,Seasonal/Farmers Market,False,ACHD
Shell / Sweet Pea's #19,3998 Steubenville  Pike PA 15205,40.440168,-80.084088,other_food_retail,,Chain Packaged Food Only,False,ACHD
Acrisure Stadium / Walk Thru Brew 119,500 Art Rooney Avenue PA 15212,40.4467,-80.01574,other_food_retail,,Packaged Food Only,False,USDA_SNAP+ACHD
Brother's Beer,2604 Golden Mile Highway PA 15239,40.46967,-79.7059485,other_food_retail,,Packaged Food Only,False,ACHD
Duke's Marathon,4695 Campbells Run Road PA 15205,40.429899,-80.1336645,convenience_limited,,Chain Retail/Convenience Store,False,ACHD
BP Elizabeth,314 Scenery Drive PA 15037,40.277664,-79.837623,convenience_limited,,Chain Retail/Convenience Store,False,USDA_SNAP+ACHD
RN Market,256 S Highland PA 15206,40.457277,-79.925346,convenience_limited,,Retail/Convenience Store,False,ACHD
Smoke Connection,5804 Forbes Avenue PA 15217,40.437909,-79.9226235,other_food_retail,,Packaged Food Only,False,ACHD
Ollie's Bargain Outlet,4201 Walnut  Street PA 15132,40.322232,-79.837326,other_food_retail,,Chain Packaged Food Only,False,USDA_SNAP+ACHD
Le Beau Gateau (TFF),145 Westland Drive PA 15217,40.42728,-79.915311,farmers_market,,Seasonal/Farmers Market,False,ACHD
DashMart,3232 Penn Avenue PA 15201,40.461264,-79.9688295,convenience_limited,,Chain Retail/Convenience Store,False,ACHD
Rolling Pepperoni,6140 Butler  Street PA 15201,40.48803,-79.9377165,specialty_food,,Bakery,False,ACHD
Market C @ Aerotech Epsilon Building,610 Epsilon Drive PA 15238,40.501188,-79.875648,convenience_limited,,Chain Retail/Convenience Store,False,ACHD
Nothing Bundt Cakes,3470 William Penn Highway PA 15235,40.4284101063391,-79.8091868739375,specialty_food,,Chain Bakery,False,ACHD
World Wide Eatz,101 North main  Street PA 15301,40.495446,-79.9385805,farmers_market,,Seasonal/Farmers Market,False,ACHD
Forsythe Miniature Golf,920 Forsythe Road PA 15106,40.405302,-80.0761095,convenience_limited,,Retail/Convenience Store,False,ACHD
The Pickle Jar (TFF),452 Canterbury Circle PA 15106,40.410288,-80.110971,farmers_market,,Seasonal/Farmers Market,False,ACHD
Old Navy #1107,630 Waterfront Drive PA 15120,40.412124,-79.904268,other_food_retail,,Chain Packaged Food Only,False,ACHD
Brew-Thru Beer and More,264 Yost Boulevard PA 15221,40.414077,-79.8556635,convenience_limited,,Retail/Convenience Store,False,ACHD
Botanical Vegan Cafe and Market,59 Bradford  Avenue PA 15205,40.432275,-80.0648595,farmers_market,,Seasonal/Farmers Market,False,ACHD
Mercearia Brazilian Mini Market,4091 Route 8 Highway PA 15101,40.567977,-79.9549515,convenience_limited,,Retail/Convenience Store,False,ACHD
Istanbul Grille,1620  painters run Road PA 15243,40.361139,-80.070822,farmers_market,,Seasonal/Farmers Market,False,ACHD
Daily Grind,6231 Saltsburg Road PA 15235,40.484547,-79.8156585,specialty_food,,Bakery,False,USDA_SNAP+ACHD
Danielle's Test Kitchen (TEST Client),2121 Nobelstown  Road,40.42971,-80.052039,specialty_food,,Bakery,False,USDA_SNAP+ACHD
Black Dog Wine Company,7425 Steubenville Pike PA 15071,40.440951,-80.196669,farmers_market,,Seasonal/Farmers Market,False,ACHD
Clairton Beer Distributor,112 Elm Street PA 15025,40.308885,-79.8909255,other_food_retail,,Retail/Convenience Store,False,USDA_SNAP+ACHD
Florey Farms,141 Robinson  Street PA 15213,40.438935,-79.965972,farmers_market,,Seasonal/Farmers Market,False,ACHD
Puff House,225 Ross Street PA 15219,40.436991,-79.997094,convenience_limited,,Retail/Convenience Store,False,ACHD
In n Out Corner Market,4900 Penn Avenue PA 15224,40.464945,-79.944867,convenience_limited,,Retail/Convenience Store,False,ACHD
Forno Brenci,23 Sipe Road PA 15108,40.491819,-80.10882,farmers_market,,Seasonal/Farmers Market,False,ACHD
Logan's Lemonade,839 Vankirk Street  Street PA 15025,40.28598,-79.884756,farmers_market,,Seasonal/Farmers Market,False,ACHD
Save On Beer,933 Sheraton Drive PA 16046,40.671765,-80.0959365,convenience_limited,,Retail/Convenience Store,False,ACHD
Mariani's Gourmet Foods,3100 Penn Ave PA 15201,40.459716,-79.971039,farmers_market,,Seasonal/Farmers Market,False,ACHD
Pure Grub,209  Commercial  Avenue PA 15215,40.490424,-79.9047045,specialty_food,,Bakery,False,USDA_SNAP+ACHD
Aldi #89,300 Eden Park  Boulevard PA 15132,40.327533,-79.838658,other_food_retail,,Chain Packaged Food Only,False,ACHD
Market C @ Clearview Credit Union,8805 University Boulevard PA 15108,40.505373,-80.222346,convenience_limited,,Chain Retail/Convenience Store,False,ACHD
Minnie's Market,7720 Waverly St PA 15221,40.443678,-79.893837,other_food_retail,,Packaged Food Only,False,USDA_SNAP+ACHD
Lori's Gifts #636 @ AHN Wexford Medical Mall,12311 Perry Highway PA 15090,40.635621,-80.063955,other_food_retail,,Chain Packaged Food Only,False,ACHD
2C Premium Coffee,227  Sebring  Avenue PA 15216,40.412277,-80.0141085,farmers_market,,Seasonal/Farmers Market,False,ACHD
Harper's Hut,1747 Crestline  Street PA 15221,40.450905,-79.876827,farmers_market,,Seasonal/Farmers Market,False,ACHD
Kennywood,4800 Kennywood  Boulevard PA 15122,40.38543,-79.8650325,farmers_market,,Seasonal/Farmers Market,False,USDA_SNAP+ACHD
Market C @ PPG Industries,125 Colfax Street PA 15144,40.537161,-79.7848335,convenience_limited,,Chain Retail/Convenience Store,False,ACHD
Frankie’s Sausage,807 Main Street PA 15215,40.494483,-79.934364,convenience_limited,,Retail/Convenience Store,False,ACHD
Soul Pasta,4903 Baum  Boulevard PA 15213,40.45473,-79.9464555,farmers_market,,Seasonal/Farmers Market,False,ACHD
Green Valley Beer Distributor,501 East Pittsburgh McKeesport  Boulevard PA 15137,40.369446,-79.830765,other_food_retail,,Packaged Food Only,False,ACHD
Chan's concessions (2023 2024),88 Wenzell  Place PA 15216,40.398741,-80.0287155,farmers_market,,Seasonal/Farmers Market,False,ACHD
Tim's Corner Market,2130 Broadway Avenue PA 15216,40.404042,-80.0304795,convenience_limited,,Retail/Convenience Store,False,ACHD
Vintage Arbor Cafe,421 Highland Avenue PA 15206,40.465359,-79.9234425,convenience_limited,,Retail/Convenience Store,False,ACHD
Breadworks,2110 Brighton Rd PA 15212,40.462182,-80.018991,specialty_food,,Bakery,False,ACHD
Travel Traders #3181,530 Wm Penn Place PA 15230,40.442418,-80.0026785,other_food_retail,,Chain Packaged Food Only,False,ACHD
Pitt Eats / Petersen Events Center / Pitt on the Go,3719 Terrace Street PA 15213,40.443939,-79.9623,other_food_retail,,Packaged Food Only,False,ACHD
Beedle Park Concession Stand,1599 Decker Street PA 15025,40.262247,-79.923447,other_food_retail,,Packaged Food Only,False,ACHD
Avenue C @ BNY Client Services Center,500 Ross Street PA 15215,40.4397181468091,-79.9948822123413,convenience_limited,,Chain Retail/Convenience Store,False,ACHD
Flyspace Productions,1700 Island Avenue PA 15233,40.462164,-80.034039,farmers_market,,Seasonal/Farmers Market,False,USDA_SNAP+ACHD
3 2 Go @ CCAC West Hills,1000 McKee  Road PA 15071,40.437045,-80.1933255,other_food_retail,,Chain Packaged Food Only,False,ACHD
The Cakery,3524 McClure  Avenue PA 15212,40.479525,-80.0351775,farmers_market,,Seasonal/Farmers Market,False,ACHD
Mystic Mixtures Potion Bar,3 Ohara Place PA 15201,40.462281,-79.96266,farmers_market,,Seasonal/Farmers Market,False,ACHD
Market C @ UPMC Children's Hospital North,2599 Wexford Bayne Road PA 15143,40.614111,-80.101044,convenience_limited,,Chain Retail/Convenience Store,False,ACHD
Harvest Valley Farms,6003 Cunningham Road PA 15044,40.663908,-79.93494,convenience_limited,,Retail/Convenience Store,False,ACHD
Beer on Butler,4811 Butler Street PA 15201,40.476438,-79.95798,convenience_limited,,Retail/Convenience Store,False,ACHD
Big Benjy Catering,616 Dick  Street PA 15106,40.408182,-80.092071,farmers_market,,Seasonal/Farmers Market,False,ACHD
Edgewood Beer & Tobacco,1639 Braddock Avenue PA 15218,40.428036,-79.88742,convenience_limited,,Retail/Convenience Store,False,ACHD
Sweet Pea's,3739 Library Road PA 15234,40.364388,-80.020386,convenience_limited,,Retail/Convenience Store,False,USDA_SNAP+ACHD
Donna Brazilian Market,1110 5th Avenue PA 15108,40.516542,-80.162244,convenience_limited,,Retail/Convenience Store,False,ACHD
Cinnaholic,6168 Centre Avenue PA 15206,40.460157,-79.922835,specialty_food,,Chain Bakery,False,ACHD
Burlington #191,432 Smithfield Street PA 15222,40.43952,-79.998768,other_food_retail,,Chain Packaged Food Only,False,USDA_SNAP+ACHD
Silver Star Old Fashioned Deli,1726 Middletown Road PA 15136,40.468329,-80.0845875,convenience_limited,,Retail/Convenience Store,False,ACHD
Press House,112 Douglas Road PA 15143,40.553946,-80.088741,farmers_market,,Seasonal/Farmers Market,False,ACHD
Shivers Shaved Ice,3638 Crestview Drive PA 15044,40.627827,-79.981893,farmers_market,,Seasonal/Farmers Market,False,ACHD
Beer Bros - Greenfield,4073 Beechwood Boulevard PA 15217,40.426866,-79.9389135,convenience_limited,,Chain Retail/Convenience Store,False,ACHD
McBroom Distributor,1200 Braddock Avenue PA 15218,40.431573,-79.893351,other_food_retail,,Packaged Food Only,False,ACHD
Coffee That Helps,217 Rush Valley Road Road PA 15146,40.412133,-79.756578,farmers_market,,Seasonal/Farmers Market,False,ACHD
Black & Gold Beer Warehouse,1000 Bradish Street PA 15203,40.427019,-79.9883595,other_food_retail,,Packaged Food Only,False,ACHD
Jaya's General Store,5300 Verona Road PA 15147,40.479741,-79.8392475,other_food_retail,,Packaged Food Only,False,ACHD
Crumbl Cookies Bethel Park,2409 South Park Road PA 15102,40.329369,-80.0226135,specialty_food,,Chain Bakery,False,ACHD
Maisaa's Kitchen,241  Oak Hill  Drive PA 15213,40.440564,-79.9701975,farmers_market,,Seasonal/Farmers Market,False,ACHD
Bellevue Farmers Market,201 Fisk Avenue PA 15202,40.502367,-80.074323,farmers_market,,Seasonal/Farmers Market,False,ACHD
Cirkul Water Bottle,106  Spring House  Lane PA 15044,40.64652,-79.995924,farmers_market,,Seasonal/Farmers Market,False,ACHD
Lucy's Banh Mi,3140 Penn Avenue PA 15201,40.460337,-79.970319,farmers_market,,Seasonal/Farmers Market,False,ACHD
Nothing Bundt Cakes,5824 Penn Avenue PA 15206,40.462119,-79.9274025,specialty_food,,Chain Bakery,False,ACHD
Uni-Mart,228 Moon Clinton Rd PA 15108,40.513311,-80.22573,convenience_limited,,Chain Retail/Convenience Store,False,ACHD
Wild River Kettle,5913 Keystone Drive PA 15102,40.309821,-80.0390385,farmers_market,,Seasonal/Farmers Market,False,USDA_SNAP+ACHD
Dollar Tree #09021,7219B McKnight Road PA 15237,40.537809,-80.013204,other_food_retail,,Chain Packaged Food Only,False,ACHD
Community Cultures,913 Heths Avenue PA 15206,40.474674,-79.928487,farmers_market,,Seasonal/Farmers Market,False,ACHD
S&F Cafe,6601 Hamilton Avenue PA 15206,40.457979,-79.910541,convenience_limited,,Retail/Convenience Store,False,USDA_SNAP+ACHD
Father & Son Family Bakery,431 Perry Highway PA 15209,40.6533778800001,-80.0846691789999,specialty_food,,Chain Bakery,False,ACHD
Uncle Fester's Favorites,1367 Lincoln Drive PA 15061,40.491126,-80.3023065,farmers_market,,Seasonal/Farmers Market,False,ACHD
Phanny’s Finest Catering,6932 Kelly  Street PA 15208,40.456683,-79.902972,farmers_market,,Seasonal/Farmers Market,False,ACHD
Noopys Sweet Shoppe,902  Ross  Avenue PA 15221,40.441329,-79.881012,farmers_market,,Seasonal/Farmers Market,False,ACHD
Target Stores #1219 / Starbucks,4004 Monroeville  Boulevard PA 15146,40.434102,-79.772679,convenience_limited,,Chain Retail/Convenience Store,False,ACHD
Third Space Bakery,5349 Penn Avenue PA 15224,40.464909,-79.9365465,specialty_food,,Seasonal/Farmers Market,False,USDA_SNAP+ACHD
Save-Mor Beer & Pop Warehouse,4516 Browns Hill Road PA 15217,40.416939,-79.9254675,convenience_limited,,Retail/Convenience Store,False,ACHD
Dick's Sporting Goods,5000 Robinson Centre Drive PA 15205,40.453119,-80.156331,other_food_retail,,Chain Packaged Food Only,False,ACHD
Vanilla Pastry Studio,6014 Centre Avenue PA 15206,40.459914,-79.924329,specialty_food,,Bakery,False,ACHD
Coen Markets #1243,500 Market Place Drive PA 15071,40.440042,-80.2394865,convenience_limited,,Chain Retail/Convenience Store,False,ACHD
Little Tony's Mini Mart,304 Ross Street PA 15219,40.437099,-79.9965225,convenience_limited,,Retail/Convenience Store,False,ACHD
Sudsy's Beer and Cigar Store,6080 Library Road PA 15102,40.299732,-80.03043,convenience_limited,,Retail/Convenience Store,False,ACHD
Community Kitchen Pittsburgh,107 Flowers  Avenue PA 15207,40.410189,-79.9437195,full_grocery,,Seasonal/Farmers Market,False,USDA_SNAP+ACHD
NedalGyro-Greekfood,126 rae ave PA 15228,40.383621,-80.0487585,farmers_market,,Seasonal/Farmers Market,False,ACHD
Dormont BP,2873 West Liberty Avenue PA 15216,40.39542,-80.033157,convenience_limited,,Chain Retail/Convenience Store,False,ACHD
Iron City Boulders,143 51st Street PA 15201,40.47984,-79.9568775,convenience_limited,,Retail/Convenience Store,False,ACHD
Nothing Bundt Cakes,208 McHolme Drive PA 15275,40.449825,-80.174556,specialty_food,,Chain Bakery,False,ACHD
TC Candy,101 Brownsville Road PA 15210,40.417416,-79.9860735,convenience_limited,,Retail/Convenience Store,False,ACHD
Southern Sausage,145 Everglade  Drive PA 15235,40.474332,-79.8171165,farmers_market,,Seasonal/Farmers Market,False,USDA_SNAP+ACHD
Amarraca,711 Browns Lane PA 15237,40.546593,-80.0194635,full_grocery,,Supermarket,False,ACHD
Glenn Distributing Inc.,315 North Avenue PA 15209,40.482171,-79.974099,convenience_limited,,Retail/Convenience Store,False,ACHD
Uni-Mart #4620,417 S Craig St PA 15213,40.444704,-79.9485705,convenience_limited,,Chain Retail/Convenience Store,False,ACHD
Madsen Donuts,3609 Library Road PA 15234,40.364928,-80.0177985,specialty_food,,Chain Bakery,False,ACHD
Coven Brewing,4901  Butler Street PA 15201,40.477257,-79.9570665,farmers_market,,Seasonal/Farmers Market,False,ACHD
3 2 Go @ CCAC South Campus,1750 Clairton Road PA 15122,40.329657,-79.9243065,other_food_retail,,Chain Packaged Food Only,False,USDA_SNAP+ACHD
1:11 Juice Bar,1313 Martha Street PA 15120,40.404735,-79.899255,farmers_market,,Seasonal/Farmers Market,False,ACHD
"Hickory Farms, LLC",P.O. Box 817 OH 43537,40.480253974,-80.076351178,farmers_market,,Seasonal/Farmers Market,False,ACHD
Crumbl Cookies #0775,6300 B Northway Drive PA 15237,40.551372,-80.0232795,specialty_food,,Chain Bakery,False,USDA_SNAP+ACHD
Family Dollar #23675,7627 Penn Avenue PA 15221,40.447053,-79.893711,other_food_retail,,Chain Packaged Food Only,False,ACHD
Billy D's Corner Store,7647 Fransktown  Avenue PA 15208,40.455765,-79.888149,other_food_retail,,Packaged Food Only,False,ACHD
John Pietraszewski,409 Elizabeth Ave PA 15037,40.272579,-79.874235,convenience_limited,,Retail/Convenience Store,False,ACHD
The Smokey City's 412 BBQ llc,2706  Village Rd. Road PA 15205,40.449366,-80.0770815,farmers_market,,Seasonal/Farmers Market,False,ACHD
Freshly Pressed,1115 Fox Hill Dr Apt 202 Apartment PA 15146,40.440951,-79.7863455,farmers_market,,Seasonal/Farmers Market,False,ACHD
Snackcuterie,54 Fordham Avenue PA 15229,40.520403,-80.0458515,farmers_market,,Seasonal/Farmers Market,False,ACHD
Kim McLaughlin DBA McLaughlin Distillery,3799  Blackburn  Road PA 15143,40.553037,-80.120493,farmers_market,,Seasonal/Farmers Market,False,ACHD
Anytime Market,726 Broadway Avenue PA 15136,40.472955,-80.074143,other_food_retail,,Packaged Food Only,False,USDA_SNAP+ACHD
Halal Gyro Guys,2119  Swallow Hill Road PA 15220,40.394529,-80.076303,farmers_market,,Seasonal/Farmers Market,False,ACHD
Market C @ Hitachi Rail,1000 Technology Drive PA 15219,40.433571,-79.9671195,convenience_limited,,Chain Retail/Convenience Store,False,ACHD
Giant Eagle,666 Allegheny River Blvd PA 15139,40.52106,-79.841493,full_grocery,,Chain Supermarket,False,ACHD
Specialty Eatz n Treatz,606 Saint Clair Street PA 15206,40.468347,-79.925193,farmers_market,,Seasonal/Farmers Market,False,ACHD
Food Shoppe,5878 Northumberland  Street PA 15217,40.441563,-79.9205355,full_grocery,,Supermarket,False,ACHD
Fat Butcher,5151 Butler Street PA 15201,40.479822,-79.955055,full_grocery,,Supermarket,False,ACHD
Darnelladarlingdelights,6943 Bennett  Street PA 15208,40.457898,-79.902225,farmers_market,,Seasonal/Farmers Market,False,ACHD
Animal House PGH,6916 Bishop Street PA 15206,40.485456,-79.924806,farmers_market,,Seasonal/Farmers Market,False,ACHD
Dollar General #2643,536 Pine Hollow Road PA 15136,40.474026,-80.097507,other_food_retail,,Chain Packaged Food Only,False,ACHD
Big Bob's BBQ and Catering,3703 3703 Northfield Dr Drive PA 15044,40.626441,-79.972965,farmers_market,,Seasonal/Farmers Market,False,USDA_SNAP+ACHD
Tom's Diner on Wheels,817 Londonderry Drive PA 15234,40.377645,-80.010648,farmers_market,,Seasonal/Farmers Market,False,ACHD
Market C @ R&R Express HQ,100 Commerce Drive PA 15275,40.457673,-80.1946035,convenience_limited,,Chain Retail/Convenience Store,False,ACHD
Steel Valley Farmers Market,PO Box 161 PA 15120,40.4101566350001,-79.911536476,farmers_market,,Seasonal/Farmers Market,False,ACHD
Goose Run Farm,106 Cedar Drive PA 15317,40.441257,-80.049168,farmers_market,,Seasonal/Farmers Market,False,ACHD
Dollar General #4384,1712 Lincoln Highway PA 15137,40.369671,-79.7853465,other_food_retail,,Chain Packaged Food Only,False,ACHD
Ham N Eggers Diner,9601 Frankstown ave Avenue PA 15235,40.46247,-79.8591285,farmers_market,,Seasonal/Farmers Market,False,ACHD
Uni-Mart,2951 Ridge Rd PA 15129,40.289958,-79.9818615,convenience_limited,,Chain Retail/Convenience Store,False,ACHD
Mary Jane’s Kitchen,798  Herron  Avenue PA 15147,40.506273,-79.840629,farmers_market,,Seasonal/Farmers Market,False,ACHD
PNC Park / Walk Thru Bru #125,115 Federal  Street PA 15212,40.446981,-80.0059815,other_food_retail,,Packaged Food Only,False,USDA_SNAP+ACHD
Mediterranean Tastes LLC,349 Rockhill Road PA 15243,40.367898,-80.0886015,farmers_market,,Seasonal/Farmers Market,False,ACHD
3 2 Go @ CCAC Allegheny Campus,839 Ridge Avenue PA 15212,40.450014,-80.01477,other_food_retail,,Chain Packaged Food Only,False,ACHD
FESTA FAMILY FARMS,907 OLD LEECHBURG Road PA 15239,40.496832,-79.7512455,farmers_market,,Seasonal/Farmers Market,False,ACHD
Miller Avenue Food Mart,672 Miller Avenue PA 15025,40.290426,-79.8837165,convenience_limited,,Chain Retail/Convenience Store,False,USDA_SNAP+ACHD
RJSCP Tasties,100 StationSquare  Drive PA 15219,40.433391,-80.003646,farmers_market,,Seasonal/Farmers Market,False,ACHD
Mediterra Bakehouse,801 801 Parkway View Dr Drive PA 15205,40.434345,-80.129682,farmers_market,,Seasonal/Farmers Market,False,ACHD
H3ART Farms,118  Maple  Avenue PA 15218,40.432518,-79.884009,farmers_market,,Seasonal/Farmers Market,False,ACHD
Paisano's,2126 Douglas Run Road PA 15083,40.242672,-79.806069,convenience_limited,,Retail/Convenience Store,False,ACHD
"DonutNV of Pittsburgh, PA",1005  Mitchell  Drive PA 15136,40.473414,-80.1322245,farmers_market,,Seasonal/Farmers Market,False,ACHD
Farhia Food Service,2624 Stayton  Street PA 15212,40.469256,-80.0269785,farmers_market,,Seasonal/Farmers Market,False,ACHD
Deramo Beverage,1404 4th  Avenue PA 15108,40.515057,-80.155962,convenience_limited,,Retail/Convenience Store,False,ACHD
Uni-Mart,1300 Coraopolis Heights Road PA 15108,40.501449,-80.175861,convenience_limited,,Chain Retail/Convenience Store,False,USDA_SNAP+ACHD
Quitu Empanadas,168 Hallock Street PA 15211,40.435335,-80.0180235,farmers_market,,Seasonal/Farmers Market,False,ACHD
Lviv European Kitchen Pierogies Restaurant Catering (TFF),940 5th Avenue PA 15108,40.517577,-80.165151,farmers_market,,Seasonal/Farmers Market,False,ACHD
The Beer Mine,1870 Painters Run  Road PA 15241,40.363128,-80.083773,convenience_limited,,Retail/Convenience Store,False,ACHD
Market C @ UPMC Biomedical Science Tower,203 Lothrop Street PA 15213,40.441707,-79.9614585,convenience_limited,,Retail/Convenience Store,False,ACHD
Beer Lovers,2502-2504 Carson Street PA 15203,40.427577,-79.96959,convenience_limited,,Retail/Convenience Store,False,ACHD
Quality Market,10045 Frankstown Road PA 15235,40.465053,-79.8538635,convenience_limited,,Retail/Convenience Store,False,ACHD
Goodwill,4005 Freeport Road PA 15065,40.644855,-79.710588,other_food_retail,,Chain Packaged Food Only,False,ACHD
Trace Brewing,4312 Main Street  Street PA 15224,40.464036,-79.9532595,specialty_food,,Retail/Convenience Store,False,USDA_SNAP+ACHD
Ascend Point Breeze,7443 Thomas Boulevard PA 15208,40.450842,-79.895808,convenience_limited,,Chain Retail/Convenience Store,False,ACHD
Four Soils Farm (Shared Commercial Kitchen),332 Homer Drive PA 15145,40.43295,-79.8369705,farmers_market,,Seasonal/Farmers Market,False,ACHD
Smokin Joes Variety,4772 Liberty Ave PA 15224,40.460724,-79.9477245,other_food_retail,,Packaged Food Only,False,ACHD
CCAC Boyce Bookstore,595 Beatty  Road PA 15146,40.45356,-79.7524335,other_food_retail,,Chain Packaged Food Only,False,USDA_SNAP+ACHD
The Sweet Shop,512 Rt 30 PA 15126,40.45068,-80.250678,other_food_retail,,Packaged Food Only,False,ACHD
Yong's Market,5427 Wellesley PA 15206,40.47561,-79.92882,convenience_limited,,Retail/Convenience Store,False,ACHD
Jaidens Place,819  Brownsville  Road PA 15210,40.407768,-79.9912305,farmers_market,,Seasonal/Farmers Market,False,ACHD
The Beer Warehouse,409 Railroad  Street PA 15017,40.358781,-80.10954,other_food_retail,,Packaged Food Only,False,ACHD
Co Go's #786,2003 S Braddock Ave PA 15218,40.422429,-79.8853005,convenience_limited,,Chain Retail/Convenience Store,False,ACHD
Benders' Place,5901  Heckert Rd PA 15007,40.651209,-79.9345125,convenience_limited,,Retail/Convenience Store,False,ACHD
Bolan's Candy,428 Wood St PA 15222,40.437351,-79.9532505,other_food_retail,,Chain Packaged Food Only,False,ACHD
Michael's Arts & Crafts #1581,660 Waterfront  Drive PA 15120,40.412313,-79.9039485,other_food_retail,,Chain Packaged Food Only,False,ACHD
Market C @ UPMC Presbyterian Falk Clinic,3601 5th Avenue PA 15213,40.441509,-79.9593255,convenience_limited,,Chain Retail/Convenience Store,False,ACHD
Sweet Inspirations LLC,185 McAlister  Drive PA 15235,40.450932,-79.7999715,farmers_market,,Seasonal/Farmers Market,False,ACHD
Market C @ UPMC Mercy Pavilion,1622 Locust Street PA 15219,40.436235,-79.9837875,other_food_retail,,Chain Packaged Food Only,False,ACHD
Batter & Dough Baking Company,344 Station Street PA 15017,40.358493,-80.1126855,specialty_food,,Bakery,False,ACHD
C&D Holistic Herbs,3011  Zephyr Avenue PA 15204,40.456512,-80.053893,farmers_market,,Seasonal/Farmers Market,False,ACHD
Co Go's #795,1711 Rt  885 South PA 15122,40.328883,-79.932159,convenience_limited,,Chain Retail/Convenience Store,False,ACHD
Park Pastries,4004 1/2 Main St PA 15120,40.382208,-79.905051,specialty_food,,Bakery,False,ACHD
Sunoco Market 24,6481 Frankstown Avenue PA 15206,40.46067,-79.913952,convenience_limited,,Chain Retail/Convenience Store,False,ACHD
Koreyinz Inc,1546 Fulton Street PA 15233,40.456044,-80.025147,farmers_market,,Seasonal/Farmers Market,False,ACHD
Sunoco A Plus #40233H,19090 Perry Highway PA 16046,40.673952,-80.0978085,convenience_limited,,Chain Retail/Convenience Store,False,ACHD
Twin Brook Dairy,234 OLDE ORCHARD Drive PA 15017,40.341987,-80.121195,farmers_market,,Seasonal/Farmers Market,False,ACHD
Hey Tabouli Lebanese,29  Dorrington Road PA 15106,40.393575,-80.110764,farmers_market,,Seasonal/Farmers Market,False,ACHD
Fuzzy's Market,426 6th St PA 15045,40.325931,-79.8896835,convenience_limited,,Retail/Convenience Store,False,ACHD
Calli Outreach Center,1405 Frey Road PA 15235,40.451697,-79.798626,other_food_retail,,Packaged Food Only,False,ACHD
Rocket Fizz,255 Bridge Street PA 15120,40.40739,-79.9176915,other_food_retail,,Chain Packaged Food Only,False,ACHD
The Diabetic Pastry Chef,1438  Old Meadow Road PA 15241,40.351869,-80.094285,farmers_market,,Seasonal/Farmers Market,False,ACHD
Steel Valley Farmers Market,210 Emerson  Street PA 15120,40.385754,-79.904754,farmers_market,,Seasonal/Farmers Market,False,ACHD
Nepal Supermarket,2790 Saw Mill Run  Boulevard PA 15227,40.378113,-79.9895655,convenience_limited,,Retail/Convenience Store,False,ACHD
Best Buy #432,145 Mall Circle  Drive PA 15146,40.430934,-79.7998275,other_food_retail,,Chain Packaged Food Only,False,ACHD
T & L on the Rocks,503 Payne Hill road Road PA 15025,40.301595,-79.919082,farmers_market,,Seasonal/Farmers Market,False,ACHD
"HARVEST SPICE COMPANY, LLC - ID: 168818",115  Snell Drive PA 15108,40.511916,-80.209395,farmers_market,,Seasonal/Farmers Market,False,ACHD
Pirollo's Delicatessen,307 Hulton Rd PA 15147,40.489767,-79.819434,convenience_limited,,Retail/Convenience Store,False,ACHD
Target #1253,360 Waterfront Drive PA 15120,40.410459,-79.910064,other_food_retail,,Chain Packaged Food Only,False,ACHD
Market C @ UPMC Western Psychiatric Institute & Clinic,3811 O'Hara Street PA 15213,40.443714,-79.959897,convenience_limited,,Chain Retail/Convenience Store,False,ACHD
Rose henry Bakeshop,1424 NAVAHOE DR 1424 NAVAHOE DR Drive PA 15228,40.359195,-80.047782,farmers_market,,Seasonal/Farmers Market,False,ACHD
Veez Decadent Brownies,1308 Singer Place PA 15221,40.447071,-79.88202,farmers_market,,Seasonal/Farmers Market,False,ACHD
Unconventional Kitchen,8200  8200 McKnight  Road PA 15237,40.558482,-80.022231,farmers_market,,Seasonal/Farmers Market,False,ACHD
Market C @ UPMC Children's Primary Care Center,3420 5th Avenue PA 15213,40.439511,-79.9610985,other_food_retail,,Chain Packaged Food Only,False,ACHD
Beccari's Farm Market,5095 Thoms Run Road PA 15071,40.373955,-80.1331245,convenience_limited,,Retail/Convenience Store,False,ACHD
Oh Sweet Rosemary,602  bessemer ave  Avenue PA 15112,40.394808,-79.839063,farmers_market,,Seasonal/Farmers Market,False,ACHD
Kirkland's #600,1990 Park Manor  Boulevard PA 15205,40.454109,-80.1693405,other_food_retail,,Chain Packaged Food Only,False,ACHD
Wilkinsburg Beverage Company,601 Penn Avenue PA 15221,40.444173,-79.885422,convenience_limited,,Retail/Convenience Store,False,ACHD
Pete's Beer Distributor,401 Brownsville  Road PA 15210,40.413069,-79.988553,other_food_retail,,Packaged Food Only,False,ACHD
Babcock Beer,2199 Babcock Boulevard PA 15209,40.510503,-79.993683,other_food_retail,,Packaged Food Only,False,ACHD
DiAnoia's Eatery // Pizzeria Davide,2549 Penn  Avenue PA 15222,40.454928,-79.9788105,farmers_market,,Seasonal/Farmers Market,False,ACHD
Market C @ R&R Express Satellite,2000 Commerce  Drive PA 15275,40.459869,-80.1954,other_food_retail,,Chain Packaged Food Only,False,ACHD
Market C @ Buncher Company,1251 Waterfront Place PA 15222,40.448115,-79.992954,convenience_limited,,Chain Retail/Convenience Store,False,ACHD
Val's Sugar Shack LLC,437 Desota  Street PA 15035,40.384854,-79.807995,farmers_market,,Seasonal/Farmers Market,False,ACHD
Giant Eagle #9501 / Micro Fulfillment Center,1775 Braddock Avenue PA 15218,40.428018,-79.8861375,convenience_limited,,Chain Retail/Convenience Store,False,ACHD
Atlantic Food Market,1501 West Street PA 15120,40.401963,-79.906527,other_food_retail,,Packaged Food Only,False,ACHD
St Clair Hosp Out Patient Center Cafe #4,2000 Oxford  Drive PA 15102,40.344039,-80.052543,other_food_retail,,Chain Packaged Food Only,False,USDA_SNAP+ACHD
The Country Mercantile,220 Route 30 PA 15126,40.443417,-80.2413,other_food_retail,,Packaged Food Only,False,ACHD
Cup of Wontons LLC,235 Lehigh Avenue PA 15232,40.457745,-79.926048,farmers_market,,Seasonal/Farmers Market,False,ACHD
Homewood Farmers Market,6587 #2W Hamilton  Avenue PA 15206,40.458348,-79.9114095,farmers_market,,Seasonal/Farmers Market,False,ACHD
Sihan Puff and Tobacco,468 Broadway Boulevard PA 15140,40.40181,-79.7784705,other_food_retail,,Packaged Food Only,False,ACHD
Duquesne University / Market @ Brottier Hall,700 Forbes Avenue PA 15219,40.437441,-79.9931025,other_food_retail,,Packaged Food Only,False,ACHD
Wilson's Market,3458 Perrysville Ave PA 15214,40.4839194653309,-80.012888084238,convenience_limited,,Retail/Convenience Store,False,ACHD
Graze Craze,1153 Old Freeport Road PA 15238,40.487841,-79.878681,convenience_limited,,Chain Retail/Convenience Store,False,ACHD
Lori's Gifts #653,9100 Babcock Boulevard PA 15237,40.573242,-80.014194,other_food_retail,,Chain Retail/Convenience Store,False,USDA_SNAP+ACHD
Hollywood Video,111 Walmart Dr PA 15137,40.38633,-79.8223005,other_food_retail,,Chain Packaged Food Only,False,ACHD
Ron's Second Avenue Market,4825 Second  Ave PA 15207,40.407815423,-79.9438120299999,convenience_limited,,Retail/Convenience Store,False,ACHD
CVS/Pharmacy #4104,233 E 8th Ave PA 15120,40.407714,-79.909875,other_food_retail,,Chain Packaged Food Only,False,ACHD
American Natural / GP #915,2 Rich Hill Road PA 15024,40.549608,-79.8391035,convenience_limited,,Chain Retail/Convenience Store,False,ACHD
Lindenwood Distributing Inc.,830 Sleepy Holllow Road PA 15234,40.37382,-80.0197425,other_food_retail,,Packaged Food Only,False,ACHD
Prime Stop,6494 Frankstown Avenue PA 15206,40.460292,-79.9140015,convenience_limited,,Retail/Convenience Store,False,ACHD
Sudz Beer,6936 5th Avenue PA 15208,40.45779,-79.9083,convenience_limited,,Retail/Convenience Store,False,ACHD
Somali Bantu Community Association of Pittsburgh,109 Hazlett Street PA 15214,40.477563,-80.001783,farmers_market,,Seasonal/Farmers Market,False,ACHD
Beer-Lottery Store,3837 Northern Pike PA 15146,40.43835,-79.778457,convenience_limited,,Retail/Convenience Store,False,ACHD
Jamie’s strings and snacks,925 Hamlet Court PA 15146,40.427577,-79.7588775,farmers_market,,Seasonal/Farmers Market,False,ACHD
Uni-Mart  #4625,2570 Brandt School Rd PA 15090,40.613391,-80.089281,convenience_limited,,Chain Retail/Convenience Store,False,ACHD
St. Matthews A.M.E. Zion Church,345  Thorn Street PA 15143,40.540365,-80.1828405,farmers_market,,Seasonal/Farmers Market,False,ACHD
Chahine Bakery,2130 Murray Ave PA 15217,40.432869,-79.9232445,convenience_limited,,Chain Retail/Convenience Store,False,ACHD
7 Eleven #145,300 S Pacific Ave PA 15224,40.461993,-79.9406685,convenience_limited,,Chain Retail/Convenience Store,False,ACHD
The House of Brews Beer Distributor,1108 Park Manor  Boulevard PA 15205,40.452939,-80.16246,other_food_retail,,Packaged Food Only,False,ACHD
Bavarian Beer,2550 Brownsville Road PA 15129,40.293765,-79.9966935,convenience_limited,,Retail/Convenience Store,False,ACHD
CMU / Forbes Beeler Apartments / Scotty’s Market,5093 Forbes Avenue PA 15213,40.444236,-79.939008,convenience_limited,,Chain Retail/Convenience Store,False,ACHD
Mellinger Beer Distributor,402 Semple Street PA 15213,40.436892,-79.954929,other_food_retail,,Packaged Food Only,False,USDA_SNAP+ACHD
Community Drug & Food Mart,517 Greenfield Ave PA 15207,40.425831,-79.941861,other_food_retail,,Packaged Food Only,False,ACHD
Ritzland Beer Distributors,10733 Frankstown Road PA 15235,40.46166,-79.841385,other_food_retail,,Packaged Food Only,False,ACHD
Market C @ Haemonetics,1300 Clifford Ball  Drive PA 15026,40.50846,-80.3010195,convenience_limited,,Retail/Convenience Store,False,ACHD
Brew Burgh USA,2677A Monroeville Boulevard PA 15146,40.43556,-79.78239,convenience_limited,,Retail/Convenience Store,False,ACHD
Heartwood Millwork & Furniture Co,1913 Fox Chapel Rd PA 15238,40.551075,-79.8925365,other_food_retail,,Packaged Food Only,False,ACHD
Steel Goat Marketplace,200 Jefferson Road PA 15235,40.464279,-79.823979,convenience_limited,,Retail/Convenience Store,False,ACHD
Essex Beer Distributor,100 Market Place  Drive PA 15071,40.441356,-80.239644,convenience_limited,,Retail/Convenience Store,False,ACHD
Market C @ CMU Software Engineering Institute,4500 5th Avenue PA 15213,40.446495,-79.950033,convenience_limited,,Chain Retail/Convenience Store,False,ACHD
Salute Beer Distributor,2348 Golden Mile  Highway PA 15239,40.461606,-79.7048145,convenience_limited,,Retail/Convenience Store,False,ACHD
Market C @ PPG Industries Headquarters,1 PPG Place PA 15222,40.440006,-80.0038395,convenience_limited,,Chain Retail/Convenience Store,False,ACHD
Steel City Beer,2200 Main Street PA 15215,40.493754,-79.915014,convenience_limited,,Retail/Convenience Store,False,ACHD
Hobby Lobby,7507 McKnight Road PA 15237,40.542417,-80.0140365,other_food_retail,,Chain Packaged Food Only,False,ACHD
Diamond D Distributing Beer-N-AT,1450 Route 51 Highway PA 15025,40.300974,-79.9293915,other_food_retail,,Packaged Food Only,False,ACHD
Walmart Super Center #2281,2351 Century  Drive PA 15122,40.342392,-79.9466265,full_grocery,,Chain Supermarket,False,ACHD
J & M Dariette,552 3rd St PA 15025,40.292991,-79.8814305,convenience_limited,,Retail/Convenience Store,False,ACHD
T J Maxx #381,928 Freeport Road PA 15238,40.489119,-79.8932205,other_food_retail,,Chain Packaged Food Only,False,ACHD
TJ's Deli Mart #2,5942 Steubenville Pike PA 15136,40.448412,-80.1426645,convenience_limited,,Chain Retail/Convenience Store,False,ACHD
Pirollo's Italian Store,6219 Saltsburg Rd PA 15235,40.484691,-79.816248,convenience_limited,,Retail/Convenience Store,False,ACHD
Coen Markets #1247,5281 Library Road PA 15102,40.331322,-80.022105,convenience_limited,,Chain Retail/Convenience Store,False,ACHD
Friendship Beer,5604 Baum Boulevard PA 15206,40.457736,-79.9351875,convenience_limited,,Retail/Convenience Store,False,ACHD
East Street Beer,807 East Street PA 15212,40.455117,-79.9984575,other_food_retail,,Packaged Food Only,False,ACHD
Black & Gold Beer Distributor,506 Freeport Road PA 15238,40.496256,-79.856748,other_food_retail,,Packaged Food Only,False,ACHD
Kodiak Rush,855 Maine Street PA 15221,40.426965,-79.8516225,farmers_market,,Seasonal/Farmers Market,False,ACHD
Par Mar Store #75,710 Brown Avenue PA 15145,40.427532,-79.835958,convenience_limited,,Chain Retail/Convenience Store,False,ACHD
Paradigm Place,1201 1201 Bell Avenue PA 15104,40.400523,-79.8584535,farmers_market,,Seasonal/Farmers Market,False,ACHD
Dairy Mart,3817 Butler St PA 15201,40.467546,-79.964208,convenience_limited,,Chain Retail/Convenience Store,False,ACHD
Remember Me,3900 Penn Ave PA 15224,40.464747,-79.9598835,other_food_retail,,Packaged Food Only,False,ACHD
Speedway #9778,710 W 5th Ave PA 15132,40.34673,-79.881246,convenience_limited,,Chain Retail/Convenience Store,False,ACHD
Bethel Beer and More,441 McMurray Road PA 15102,40.311657,-80.066142,convenience_limited,,Retail/Convenience Store,False,ACHD
Duke's Beer,1632 Saw Mill Run  Boulevard PA 15210,40.396806,-79.998957,other_food_retail,,Packaged Food Only,False,ACHD
Casehandlers Distributors,900 Saw Mill Run Boulevard PA 15220,40.426947,-80.022852,other_food_retail,,Packaged Food Only,False,ACHD
American Natural / GP #914,2619 Wexford Bayne Road PA 15143,40.614831,-80.0988885,convenience_limited,,Chain Retail/Convenience Store,False,ACHD
Great Harvest Bread Co,315 Mt Lebanon Blvd PA 15234,40.369383,-80.0354475,specialty_food,,Bakery,False,ACHD
International Resale Inc,37 Braddock Ave PA 15104,40.406886,-79.874217,other_food_retail,,Packaged Food Only,False,ACHD
Self-Reliant Seitan,3625 Ada St PA 15120,40.384467,-79.9045785,farmers_market,,Seasonal/Farmers Market,False,ACHD
Tube City Beer Distributor,912  Walnut  Street PA 15132,40.346829,-79.864317,convenience_limited,,Retail/Convenience Store,False,ACHD
Hollywood Home Entertainment,2199 West Run Rd PA 15120,40.394862,-79.9025445,other_food_retail,,Packaged Food Only,False,ACHD
J&W Variety,12 Brilliant Ave PA 15215,40.489317,-79.900794,other_food_retail,,Packaged Food Only,False,ACHD
Dollar Plus,4523 Liberty Ave PA 15224,40.462911,-79.950915,other_food_retail,,Packaged Food Only,False,ACHD
Western Edge Seafood Outlet,11284 Perry Highway PA 15090,40.622031,-80.05356,convenience_limited,,Chain Retail/Convenience Store,False,ACHD
Sunoco A Plus #0363487002 (Dormont),3100 West Liberty Avenue PA 15216,40.391577,-80.0392185,convenience_limited,,Chain Retail/Convenience Store,False,ACHD
McTighe’s Drive Thru Beer Distributor,1607 William Flynn  Highway PA 15116,40.533201,-79.9594605,other_food_retail,,Packaged Food Only,False,ACHD
Brackenridge Beverage,825 1st Avenue PA 15014,40.603086,-79.743078,convenience_limited,,Retail/Convenience Store,False,ACHD
Sol Refill,3512 3512 Penn Avenue PA 15201,40.46391,-79.964523,farmers_market,,Seasonal/Farmers Market,False,ACHD
Eco Bistro Market House 365,100 Commons PA 15212,40.451004,-80.0051895,other_food_retail,,Chain Packaged Food Only,False,ACHD
Youth Life After-School Program,519 Penn Avenue PA 15145,40.405635,-79.8288615,other_food_retail,,Packaged Food Only,False,ACHD
Eckerd Drug,623 Clairton Blvd PA 15236,40.331448,-79.9440795,other_food_retail,,Chain Packaged Food Only,False,ACHD
Eckerd Drug,Miracle Mile S/C St28 PA 15146,40.4379256920001,-79.766863587,other_food_retail,,Chain Packaged Food Only,False,ACHD
Eckerd Drug,340 Curry Hollow Rd PA 15236,40.337334,-79.9772805,other_food_retail,,Chain Packaged Food Only,False,ACHD
Balson Distributing,7921 Saltsburg Road PA 15239,40.477509,-79.759881,other_food_retail,,Packaged Food Only,False,ACHD
Coen Markets #1227,20 Bailey Avenue PA 15211,40.426695,-80.0049195,convenience_limited,,Chain Retail/Convenience Store,False,ACHD
The Laundry Basket,824 James Street PA 15212,40.455,-80.000937,other_food_retail,,Packaged Food Only,False,ACHD
Janoski's Farm and Greenhouse,1714 U.S. Route 30 PA 15026,40.491954,-80.3312505,full_grocery,,Supermarket,False,ACHD
Keg N Case,5336 Perry Highway PA 15229,40.512384,-80.0296965,other_food_retail,,Packaged Food Only,False,ACHD
Northern Beer Traders,190 Rochester Road PA 15229,40.519692,-80.0166195,other_food_retail,,Packaged Food Only,False,ACHD
Brian’s Brew’ry Outlet,964 William Flynn  Highway PA 15116,40.51341,-79.950645,convenience_limited,,Retail/Convenience Store,False,ACHD
Banksville Beer,3040 Banksville Road PA 15216,40.400721,-80.043786,other_food_retail,,Packaged Food Only,False,ACHD
Market C @ Wesco Distribution,225 Station Square Drive PA 15219,40.43385,-80.005914,other_food_retail,,Chain Packaged Food Only,False,ACHD
Sarah's Hallmark,2000 Village Run Road PA 15090,40.633335,-80.0563635,convenience_limited,,Chain Retail/Convenience Store,False,ACHD
GNC,511 Towne Square Way PA 15227,40.366422,-79.981758,other_food_retail,,Chain Packaged Food Only,False,ACHD
Tous les Jours,6226 Penn Avenue PA 15206,40.46031,-79.9222815,specialty_food,,Chain Bakery,False,ACHD
Gene Boots,531 Clairton Blvd PA 15236,40.333131,-79.944291,other_food_retail,,Packaged Food Only,False,ACHD
Brentwood Distributing Co.,1200 Lebanon  Road PA 15122,40.358277,-79.937145,other_food_retail,,Packaged Food Only,False,ACHD
Harvie,28 McCandless Avenue PA 15201,40.482783,-79.9554825,convenience_limited,,Retail/Convenience Store,False,ACHD
Crafton Beverage Center,15 Foster Avenue PA 15205,40.441041,-80.06931,other_food_retail,,Packaged Food Only,False,ACHD
Twisted Lemonade's,47  Lincoln Avenue PA 15205,40.439799,-80.0654535,farmers_market,,Seasonal/Farmers Market,False,ACHD
McIntyre Beer,3320 McIntyre Square Drive PA 15237,40.553703,-80.0158095,other_food_retail,,Packaged Food Only,False,ACHD
Eckerd Drug,328 Cochran Rd PA 15228,40.382496,-80.05194,other_food_retail,,Chain Packaged Food Only,False,ACHD
Jakela Instrumentals,541 Hawkins  Avenue PA 15104,40.407516,-79.864371,farmers_market,,Seasonal/Farmers Market,False,ACHD
Beer Express,4326 Steubenville Pike PA 15205,40.440924,-80.092962,convenience_limited,,Retail/Convenience Store,False,ACHD
Joe's Beer Distributor,5319 William Flynn Highway PA 15044,40.616136,-79.9468605,other_food_retail,,Packaged Food Only,False,ACHD
Brew-Thru Beer Co.,1726-1728 Pine Hollow Road PA 15136,40.476006,-80.097399,convenience_limited,,Retail/Convenience Store,False,ACHD
Curry Hollow Foodland,350 Curry Hollow Rd #B117 PA 15236,40.337442,-79.977825,full_grocery,,Chain Supermarket,False,ACHD
HomeGoods #1154,980 Freeport Road PA 15238,40.488399,-79.8898095,other_food_retail,,Chain Packaged Food Only,False,ACHD
Evans Store,600 Broadway Ave PA 15140,40.402242,-79.7758515,other_food_retail,,Packaged Food Only,False,ACHD
Hollywood Video #038-301,15 Mall Dr PA 15220,40.421664,-80.037396,other_food_retail,,Chain Packaged Food Only,False,ACHD
Al's Market,24 Braddock Avenue PA 15104,40.406679,-79.874622,convenience_limited,,Retail/Convenience Store,False,ACHD
Market C @ Mellon Institute,4400 5th  Avenue PA 15213,40.446108,-79.951059,convenience_limited,,Retail/Convenience Store,False,ACHD
Steel Valley Beer,117 22nd Avenue PA 15120,40.397976,-79.902153,other_food_retail,,Packaged Food Only,False,ACHD
Dollar Tree #1831,400 Walmart  Drive PA 15044,40.622238,-79.9436925,other_food_retail,,Chain Packaged Food Only,False,ACHD
West View Tobacco/Beer Outlet,1030B West View Park Drive PA 15229,40.51764,-80.0380125,other_food_retail,,Packaged Food Only,False,ACHD
Market C @ FedEx Cargo Terminal,2000 Halverson Road PA 15108,40.50441,-80.2374795,convenience_limited,,Chain Retail/Convenience Store,False,ACHD
Shadeland Beer,100 Brighton Road PA 15202,40.490217,-80.045226,convenience_limited,,Retail/Convenience Store,False,ACHD
Presto Qwik Stop & Beer Distributor,5237 Thoms Run Road PA 15142,40.373235,-80.1193005,convenience_limited,,Retail/Convenience Store,False,ACHD
Mic's Market,537 Beaver  Street PA 15143,40.539501,-80.17929,convenience_limited,,Retail/Convenience Store,False,ACHD
Millies Italian Deli,1038 5th Ave PA 15108,40.516839,-80.162991,convenience_limited,,Retail/Convenience Store,False,ACHD
Showcase Cinemas & Rave Motion Pictures,301 Park Manor Dr PA 15205,40.449474,-80.1658935,convenience_limited,,Chain Retail/Convenience Store,False,ACHD
Simple Treat,2119 Murray Ave PA 15217,40.433184,-79.9228755,specialty_food,,Retail/Convenience Store,False,USDA_SNAP+ACHD
G C Murphy,220 5th Ave PA 15222,40.441041,-80.0015805,convenience_limited,,Chain Retail/Convenience Store,False,ACHD
Beatty's,2018 Rock Ledge St PA 15212,40.467213,-79.9898985,convenience_limited,,Retail/Convenience Store,False,ACHD
La Manna Bakery,5830 Library Rd PA 15102,40.309173,-80.0333505,specialty_food,,Bakery,False,ACHD
West End Bargain Barn,427 S Main St PA 15220,40.44114,-80.0338095,other_food_retail,,Packaged Food Only,False,ACHD
Kay's Hallmark,928 5th Ave PA 15108,40.5179709700001,-80.166311052,convenience_limited,,Retail/Convenience Store,False,ACHD
A B C 's Variety Shop,600 Locust St PA 15132,40.350006,-79.863039,convenience_limited,,Retail/Convenience Store,False,ACHD
Nature's Wisdom Vitamins &Herb,100 Broughton Rd PA 15102,40.3447880244034,-80.027087407453,convenience_limited,,Chain Retail/Convenience Store,False,ACHD
Kennedy Beer & Pop 4 Less,498 Pine Hollow Road PA 15136,40.473315,-80.096814,convenience_limited,,Retail/Convenience Store,False,ACHD
Kuhn's Market,4717 McKnight Rd PA 15237,40.517154,-80.005626,full_grocery,,Chain Retail/Convenience Store,False,USDA_SNAP+ACHD
Uni-Mart,322 Sew-Oakmont Rd PA 15237,40.524309,-80.045676,convenience_limited,,Chain Retail/Convenience Store,False,ACHD
CVS / Pharmacy #4369,4725 Centre Ave PA 15213,40.453434,-79.9490925,other_food_retail,,Chain Packaged Food Only,False,ACHD
Glenshaw Foodland,1700 Mt Royal Blvd PA 15116,40.525047,-79.961697,full_grocery,,Chain Supermarket,False,ACHD
Food Valu,Penn Plaza PA 15145,40.405775858,-79.825862921,full_grocery,,Chain Supermarket,False,ACHD
Sunshine Produce,2913 Walnut St PA 15132,40.331961,-79.844886,convenience_limited,,Retail/Convenience Store,False,ACHD
Stanton Negley Drugs,804 Negley Avenue PA 15206,40.471767,-79.926012,other_food_retail,,Packaged Food Only,False,ACHD
Campus Bookstore,3610 5th Ave PA 15213,40.441383,-79.9586055,convenience_limited,,Retail/Convenience Store,False,ACHD
Eckerd Drug,1 Walsh Ave PA 15205,40.439043,-80.070606,other_food_retail,,Chain Packaged Food Only,False,ACHD
Paddy Cake Bakery,4763 Liberty Avenue PA 15224,40.461255,-79.947657,specialty_food,,Bakery,False,ACHD
South Side Balloons Candies & Gifts,2020 E Carson St PA 15203,40.428369,-79.9767045,other_food_retail,,Packaged Food Only,False,ACHD
Pike Beverage Beer,7165 Steubenville Pike PA 15071,40.443651,-80.181558,other_food_retail,,Packaged Food Only,False,ACHD
Coleman’s  Catering Services,6809 Alcoma Drive PA 15235,40.480803,-79.8000705,farmers_market,,Seasonal/Farmers Market,False,ACHD
(TEST) Nicole's Bake Shop,2121  Noblestown Road PA 15235,40.427559052,-80.055452211,specialty_food,,Bakery,False,ACHD
Neighborhood Kombuchery,119 pleasant Street WV 26505,40.518828,-79.873461,farmers_market,,Seasonal/Farmers Market,False,ACHD
All American Field House / Cadence Fuel + Gear,1 Racquet  Lane PA 15146,40.432806,-79.785351,other_food_retail,,Packaged Food Only,False,ACHD
South Fayette Baseball Softball Association,P.O Box 303 p.o box 303 PA 15064,40.355300744,-80.14189987,farmers_market,,Seasonal/Farmers Market,False,ACHD
Oak Hill Market,504 Oak Hill Drive PA 15213,40.443273,-79.9696665,convenience_limited,,Retail/Convenience Store,False,ACHD
Brother Store,7521 Washington Avenue PA 15218,40.420962,-79.8868575,other_food_retail,,Packaged Food Only,False,ACHD
Idlynook,1809 Pioneer Drive PA 15143,40.589289,-80.0968815,farmers_market,,Seasonal/Farmers Market,False,ACHD
Grogan Beverage,840 4th Avenue PA 15108,40.519854,-80.168157,convenience_limited,,Retail/Convenience Store,False,ACHD
Upslope Pizza,537 537 Pat Haven Drive PA 15243,40.372758,-80.073495,farmers_market,,Seasonal/Farmers Market,False,ACHD
Beer & Beyond,494 Pittsburgh Street PA 15144,40.54059,-79.7866065,convenience_limited,,Retail/Convenience Store,False,ACHD
Tienda Mexicana El Pastorcito,3900 Monroeville Boulevard PA 15146,40.4303636860001,-79.790973706,other_food_retail,,Packaged Food Only,False,ACHD
Live Fire BBQ,130 Linhart  Lane PA 15236,40.346514,-79.987158,farmers_market,,Seasonal/Farmers Market,False,ACHD
Latin Market Calle,704 Lincoln Highway PA 15137,40.378851,-79.8063975,other_food_retail,,Packaged Food Only,False,ACHD
Sconeman,176 Longuevue Drive PA 15228,40.361886,-80.054046,farmers_market,,Seasonal/Farmers Market,False,ACHD
Black and Gold Beef Jerky,1004 Peak Drive PA 15129,40.28958,-80.0176095,farmers_market,,Seasonal/Farmers Market,False,USDA_SNAP+ACHD
Nouveau Quiche,2718  Blackridge  Avenue PA 15235,40.454739,-79.852905,farmers_market,,Seasonal/Farmers Market,False,ACHD
Hannah's Honey,934 Field Club  Road PA 15238,40.529358,-79.8584715,farmers_market,,Seasonal/Farmers Market,False,ACHD
Parkway Service Center,910 Saw Mill Run Boulevard PA 15220,40.426722,-80.0224515,convenience_limited,,Chain Retail/Convenience Store,False,ACHD
Uruk Hookah Lounge,57 10th Street PA 15203,40.429008,-79.988454,convenience_limited,,Retail/Convenience Store,False,ACHD
My Place Catering Crew,1114 Jane Street 1114 Jane Street PA 15221,40.435902,-79.880679,farmers_market,,Seasonal/Farmers Market,False,ACHD
Cravingz,719 Broadway Avenue PA 15136,40.47255,-80.074107,convenience_limited,,Retail/Convenience Store,False,ACHD
Tregunter Treats,105  Marvelwood Lane PA 15215,40.509396,-79.8983865,farmers_market,,Seasonal/Farmers Market,False,ACHD
Scott Township,705 McCoy Road PA 15136,40.481037,-80.0796375,farmers_market,,Seasonal/Farmers Market,False,ACHD
Ajuana Eat Creations &Design LLC,5434 5434 Mifflin Rd PA 15207,40.367655,-79.910622,farmers_market,,Seasonal/Farmers Market,False,ACHD
Sips Mobile Bar,139  Reaghard Drive PA 15024,40.622967,-79.861905,farmers_market,,Seasonal/Farmers Market,False,ACHD
SOUP DE VILLE,38  BRYANT Avenue PA 15202,40.491882,-80.0506035,farmers_market,,Seasonal/Farmers Market,False,ACHD
Grand Mart,2401 Arlington Avenue PA 15210,40.417605,-79.972785,convenience_limited,,Retail/Convenience Store,False,ACHD
YeGa Kimchi (TFF),210 Field Club Road PA 15238,40.516182,-79.8755445,farmers_market,,Seasonal/Farmers Market,False,ACHD
Binko's Pymatuning Lake Chili Co,36 Watson  Boulevard PA 15214,40.47813,-80.0102025,farmers_market,,Seasonal/Farmers Market,False,ACHD
Coen Markets #1244,5220 Clairton Boulevard PA 15236,40.343526,-79.971021,convenience_limited,,Chain Retail/Convenience Store,False,ACHD
Lil Snack Cotton Candy,60 Carol  Drive PA 15106,40.40064,-80.077149,farmers_market,,Seasonal/Farmers Market,False,ACHD
Lupisfamouspizza,2311 Babcock blvd Highway PA 15237,40.513329,-80.001009,farmers_market,,Seasonal/Farmers Market,False,ACHD
"Thomas & Fisk, Ltd.",920 Forest Avenue PA 15202,40.506372,-80.0510445,farmers_market,,Seasonal/Farmers Market,False,ACHD
SHRUBPITS Coffee,506 Overhill Drive PA 15137,40.370004,-79.830783,farmers_market,,Seasonal/Farmers Market,False,ACHD
A-1 Smoke Shop,582 Clairton Boulevard PA 15236,40.330791,-79.945965,other_food_retail,,Packaged Food Only,False,ACHD
Kabul Halal Food,15 Bower Hill Road PA 15228,40.386591,-80.0447445,farmers_market,,Seasonal/Farmers Market,False,ACHD
Buddy’s Brews on Carson,2112 Carson Street PA 15203,40.428279,-79.975638,convenience_limited,,Retail/Convenience Store,False,ACHD
Simply the best kettle corn,43 Third  Street PA 15748,40.303665,-79.8857865,farmers_market,,Seasonal/Farmers Market,False,ACHD
Lolev Beer,5247  Butler Street PA 15201,40.481622,-79.9538355,farmers_market,,Seasonal/Farmers Market,False,ACHD
Turnups Candy,524 larimer Ave PA 15206,40.465422,-79.9137585,farmers_market,,Seasonal/Farmers Market,False,ACHD
KT Italian Ice,1021 Crucible  Street PA 15220,40.443669,-80.0426655,farmers_market,,Seasonal/Farmers Market,False,ACHD
KizzleFoods Spice Shop,559 Beaver Street PA 15143,40.539132,-80.1790425,other_food_retail,,Packaged Food Only,False,ACHD
Zumi Treats,30 Beltzhoover Ave 30 Beltzhoover Ave Avenue PA 15210,40.42485,-79.997697,farmers_market,,Seasonal/Farmers Market,False,ACHD
Farm To Table PA,2515 Leticoe Street PA 15203,40.423428,-79.971228,farmers_market,,Seasonal/Farmers Market,False,ACHD
New Miss Dee's Market,1116 Bell Avenue PA 15104,40.400784,-79.8594795,convenience_limited,,Retail/Convenience Store,False,ACHD
TerriBerriez Sweet Boutique and Cafe',104  Oakview Avenue PA 15218,40.429125,-79.884135,farmers_market,,Seasonal/Farmers Market,False,ACHD
Coraopolis Fast Stop Citgo,879 Fourth Avenue PA 15108,40.519746,-80.166294,convenience_limited,,Chain Retail/Convenience Store,False,ACHD
Icy cups,100 Hyman pL Place PA 15213,40.441059,-79.9706205,farmers_market,,Seasonal/Farmers Market,False,ACHD
Bounty Beneath Mushrooms,107 Main Street PA 16262,40.520979,-80.1647775,farmers_market,,Seasonal/Farmers Market,False,ACHD
Weekend Panda,5438 Beacon Street PA 15217,40.433337,-79.9315605,farmers_market,,Seasonal/Farmers Market,False,ACHD
East Pittsburgh Sunoco,521 Lincoln Highway PA 15112,40.395321,-79.839063,convenience_limited,,Chain Retail/Convenience Store,False,ACHD
Universal Stainless Market C,600 Mayer Street PA 15017,40.367097,-80.098353,convenience_limited,,Retail/Convenience Store,False,USDA_SNAP+ACHD
Can we get it poppin?! Popcorn Company LLC,924  South Ave apt 1 Avenue PA 15221,40.440213,-79.880562,farmers_market,,Seasonal/Farmers Market,False,ACHD
Macaron Bar,3629 Butler Street PA 15201,40.46625,-79.964964,specialty_food,,Chain Bakery,False,ACHD
Pickles & Pancetta,850 Allegheny River Boulevard PA 15139,40.519822751,-79.842318211,convenience_limited,,Retail/Convenience Store,False,ACHD
dna coffee company,812 McDonald Street PA 15143,40.533264,-80.179155,farmers_market,,Seasonal/Farmers Market,False,ACHD
Kimchee Girl,5 Allen Street PA 17055,40.401585,-80.0783325,farmers_market,,Seasonal/Farmers Market,False,ACHD
Meadow Sweet Apiaries,3109 Pioneer Avenue PA 15226,40.395249,-80.0310555,farmers_market,,Seasonal/Farmers Market,False,ACHD
Five Star meals on wheels,51 Overland  Avenue PA 15110,40.379256,-79.855803,farmers_market,,Seasonal/Farmers Market,False,ACHD
BR3WED,431  Carnegie  Drive PA 15243,40.382469,-80.055207,farmers_market,,Seasonal/Farmers Market,False,ACHD
Market C @ Fresenius Kabi USA,300 Allegheny Drive PA 15086,40.664592,-80.0983215,convenience_limited,,Chain Retail/Convenience Store,False,ACHD
AHN West Penn Hospital Market C,4800 Friendship Avenue PA 15224,40.462128,-79.9462575,other_food_retail,,Packaged Food Only,False,ACHD
Bunsen Bakers,209 Elysian Street PA 15206,40.452354,-79.913718,farmers_market,,Seasonal/Farmers Market,False,ACHD
Garfield Market,340  Aiken  Avenue PA 15206,40.467564,-79.934409,convenience_limited,,Retail/Convenience Store,False,ACHD
Team Tabbies Tasty Treats,13 Cortland W Drive PA 15136,40.468608,-80.103681,farmers_market,,Seasonal/Farmers Market,False,ACHD
Bright Jade,26 26 Zug Avenue PA 15214,40.494618,-80.0311725,farmers_market,,Seasonal/Farmers Market,False,ACHD
Central Outreach Wellness Center / Central Cafe,127 Anderson Street PA 15212,40.4487,-80.000946,convenience_limited,,Chain Retail/Convenience Store,False,ACHD
Safko’s Ground Express,3632 Fieldstone  Drive PA 15120,40.39434,-79.9154505,farmers_market,,Seasonal/Farmers Market,False,ACHD
GetGo Gas Station #3642,6507 University Boulevard PA 15108,40.518252,-80.2185345,convenience_limited,,Chain Retail/Convenience Store,False,ACHD
Beers2Me,1005 Bee Street PA 15220,40.428009,-80.042229,convenience_limited,,Chain Retail/Convenience Store,False,ACHD
GetGo Cafe + Market #3107,4000 Butler  Street PA 16066,40.486274081,-79.9434164909999,convenience_limited,,Chain Retail/Convenience Store,False,ACHD
Ebisu Life Store,5846 Forbes Avenue PA 15217,40.43781,-79.9211835,other_food_retail,,Chain Packaged Food Only,False,ACHD
Dollar General #25064,9969 Saltsburg Road PA 15239,40.4901,-79.708167,convenience_limited,,Chain Retail/Convenience Store,False,ACHD
Duquesne University / Res Sipsa Market @ Kline School of Law,900 Locust Street PA 15282,40.436685,-79.9920045,convenience_limited,,Retail/Convenience Store,False,ACHD
Five Below #8277,12 Quaker Village Shopping Center PA 15056,40.559139,-80.2024695,other_food_retail,,Chain Packaged Food Only,False,ACHD
SAP Concur Coffee Bar,271 North Shore Drive PA 15212,40.446117,-80.009181,convenience_limited,,Chain Retail/Convenience Store,False,ACHD
GetGo Fuel Kiosk #3646,280  Crafton Ingram Shopping Center PA 15205,40.441626,-80.071974,other_food_retail,,Chain Packaged Food Only,False,ACHD
GetGo Fuel Kiosk #3185,1200 Hoffman Boulevard PA 15122,40.382766,-79.8681915,other_food_retail,,Chain Packaged Food Only,False,ACHD
Getgo #3127,14 Fort Couch Road PA 15241,40.3371,-80.0508375,other_food_retail,,Chain Packaged Food Only,False,ACHD
GetGo #3129,1540 Washington Road PA 15228,40.355676,-80.050743,other_food_retail,,Chain Packaged Food Only,False,ACHD
GetGo Gas Station #3619,1043 Braddock Avenue PA 15218,40.43322,-79.893918,other_food_retail,,Chain Packaged Food Only,False,ACHD
GetGo #3002,1809 McKees Rocks Road PA 15136,40.467744,-80.0962515,other_food_retail,,Chain Packaged Food Only,False,ACHD
GetGo #3659,9003 Frankstown  Road PA 15235,40.46202,-79.86447,other_food_retail,,Chain Packaged Food Only,False,ACHD
Cuvee Bottle Shop,5886 Forbes Avenue PA 15217,40.437819,-79.9195185,other_food_retail,,Packaged Food Only,False,ACHD
The Open Road,5401 Penn Avenue PA 15206,40.464819,-79.936209,convenience_limited,,Retail/Convenience Store,False,ACHD
Duquesne University / Forbes Market @ McGinley Hall,1045 Forbes Avenue PA 15282,40.438089,-79.989381,convenience_limited,,Retail/Convenience Store,False,ACHD
Roxanne's Refillery,516 California Avenue PA 15202,40.502286,-80.070714,other_food_retail,,Packaged Food Only,False,ACHD
Mort’s Fresh & Local,1608  Cochran Road PA 15220,40.391532,-80.0596485,convenience_limited,,Retail/Convenience Store,False,ACHD
KPS Beer Store,2104 Brownsville Road PA 15210,40.393134,-79.986897,other_food_retail,,Packaged Food Only,False,ACHD
Hussey Copper Front Market C,100 Washington Street PA 15056,40.573899,-80.2222875,other_food_retail,,Packaged Food Only,False,USDA_SNAP+ACHD
Lucy's banh mi,814 Jackman Avenue PA 15202,40.497651,-80.0674605,farmers_market,,Seasonal/Farmers Market,False,USDA_SNAP+ACHD
Market C @ Baptist Society,500 Providence Point Boulevard PA 15243,40.378752,-80.0892135,convenience_limited,,Retail/Convenience Store,False,ACHD
CobblerWorld Grab 'n Go,100 Jackson Avenue PA 15202,40.494555,-80.060751,other_food_retail,,Chain Packaged Food Only,False,ACHD
Kurt Lesker Market C Glassport,39 Allegheny Square PA 15045,40.319361,-79.893513,convenience_limited,,Chain Retail/Convenience Store,False,ACHD
Kurt Lesker Market C Clairton,1925 PA-51 PA 15025,40.291578,-79.912494,convenience_limited,,Chain Retail/Convenience Store,False,ACHD
Charm Thai Pgh,"451 Melwood Ave,  Building PA 15213",40.455288,-79.9532325,farmers_market,,Seasonal/Farmers Market,False,ACHD
Ollie’s Bargain Outlet,1015 Village Center Drive PA 15084,40.567122,-79.801029,other_food_retail,,Chain Packaged Food Only,False,ACHD
Market C @ American Airlines Hangar 3,102 Hangar Road PA 15108,40.493448,-80.235306,other_food_retail,,Packaged Food Only,False,ACHD
WMG Garden Supply & Peach’s Farm Market,509 Rochester  Road PA 15237,40.5204785112143,-80.0246118567917,convenience_limited,,Retail/Convenience Store,False,ACHD
"Wild Ones Native Plants, Natural Landscapes",1257 Love Street PA 15208,40.4205792717288,-79.902236774544,farmers_market,,Seasonal/Farmers Market,False,ACHD
Clark Candies,621 rear 1st Avenue PA 15084,40.602609,-79.7463225,farmers_market,,Seasonal/Farmers Market,False,USDA_SNAP+ACHD
Pleasant Hills Grocery Store,455 Bruceton Road PA 15236,40.330134,-79.950051,convenience_limited,,Retail/Convenience Store,False,ACHD
Ancient Grains Bakeshop,414 Forest Avenue PA 15202,40.499046,-80.050356,farmers_market,,Seasonal/Farmers Market,False,ACHD
Hammajack Foods LLC,4775 Frich Drive PA 15227,40.358124,-79.975161,farmers_market,,Seasonal/Farmers Market,False,ACHD
Wonderfill Market,370 Broadmoor Avenue PA 15228,40.376619,-80.0318205,other_food_retail,,Packaged Food Only,False,ACHD
USA PAN Warehouse - AVI,198 McGovern Boulevard PA 15046,40.568634,-80.2305675,convenience_limited,,Retail/Convenience Store,False,ACHD
Ecuatorianos en el Mundo,812 Broadway Avenue PA 15136,40.473279,-80.075124,convenience_limited,,Retail/Convenience Store,False,ACHD
Got Ya Focaccia,1407 Chelton Avenue PA 15226,40.388787,-80.012862,farmers_market,,Seasonal/Farmers Market,False,ACHD
Centre Ave Market,2228 Centre Avenue PA 15219,40.445127,-79.9749675,other_food_retail,,Packaged Food Only,False,ACHD
Te-Da’s Lemonade,109 Great Rock Drive PA 15102,40.3013842529122,-80.0573712843427,farmers_market,,Seasonal/Farmers Market,False,ACHD
Scott Farm 1789,1267 Oakdale Road Oakdale  Road PA 15071,40.4265653707791,-80.2014096043853,farmers_market,,Seasonal/Farmers Market,False,ACHD
Lincoln Lemonade,1416  ELm  Street PA 15221,40.4470675894194,-79.8810781609347,farmers_market,,Seasonal/Farmers Market,False,ACHD
KTM Concessions,1409 Westmoreland Avenue PA 15206,40.4681175125657,-79.8948774240155,farmers_market,,Seasonal/Farmers Market,False,ACHD
Mt. Ararat Church,271 Paulson  Avenue PA 15206,40.4624096801182,-79.9141699500338,farmers_market,,Seasonal/Farmers Market,False,ACHD
Kinder Being Cafe,715  East Street PA 15212,40.454613,-79.9982325,farmers_market,,Seasonal/Farmers Market,False,ACHD
Matt’s Pickle and Padel,301 Deer Run Road PA 15143,40.5279,-80.1387765,other_food_retail,,Packaged Food Only,False,ACHD
Modern Filipino Cuisine,417 Mapleview Drive Apt 2D PA 15220,40.4154,-80.036613,farmers_market,,Seasonal/Farmers Market,False,ACHD
Laurel Foodsystems @ Pepsi,7050 International Drive PA 15108,40.507632,-80.258805,convenience_limited,,Chain Retail/Convenience Store,False,ACHD
The Spot Mart 2,417 Wall Avenue PA 15140,40.403907,-79.780428,convenience_limited,,Chain Retail/Convenience Store,False,ACHD
Keno's Hawaiian Shave Ice,33 Hauck Drive PA 15235,40.452885,-79.823664,farmers_market,,Seasonal/Farmers Market,False,ACHD
777 Skill Games,2546 Library  Road,40.381326,-79.9989975,other_food_retail,,Packaged Food Only,False,ACHD
Market C @ RareMed,200 Industry Drive PA 15108,40.466574,-80.2027125,convenience_limited,,Retail/Convenience Store,False,ACHD
Bistro ToGo Catering,415 Ohio Street Street PA 15212,40.453227,-80.001063,farmers_market,,Seasonal/Farmers Market,False,ACHD
AIU Steel Valley Family Center,304 8th Avenue PA 15120,40.407795,-79.90884,other_food_retail,,Packaged Food Only,False,ACHD
Thefamiliarcreations,118 2nd Avenue PA 15037,40.272561,-79.8873075,specialty_food,,Bakery,False,ACHD
Nothin’ Basic,519 Monongahela Avenue PA 15045,40.32693,-79.89228,specialty_food,,Bakery,False,ACHD
Lil Bakery,109  Graham Street PA 15206,40.465071,-79.93503,farmers_market,,Seasonal/Farmers Market,False,ACHD
Le Petit Repas,104 Melrose Court PA 15017,40.343436,-80.1173925,farmers_market,,Seasonal/Farmers Market,False,ACHD
Millies Ice Cream Bloomfield Market,235  7th  Avenue PA 15120,40.408191,-79.910325,farmers_market,,Seasonal/Farmers Market,False,ACHD
Steel City Soda Jerks,2816 D Street PA 15133,40.326948,-79.8536205,farmers_market,,Seasonal/Farmers Market,False,ACHD
Prestigious Rib's,6939 McPherson  Boulevard PA 15219,40.453893,-79.904745,farmers_market,,Seasonal/Farmers Market,False,ACHD
MAD Bakeshop LLC,3010 Ponderosa  Drive PA 15101,40.550958,-79.9421715,farmers_market,,Seasonal/Farmers Market,False,ACHD
Chamos Bite LLC,323 Smith Way PA 15211,40.423923,-80.0065845,farmers_market,,Seasonal/Farmers Market,False,ACHD
Vendor Bender,2301 Murray Avenue PA 15217,40.431609,-79.923096,other_food_retail,,Packaged Food Only,False,ACHD
Laurel Foodsystems @ Alstom LCS,1501 Lebanon Church Road PA 15122,40.347621,-79.957215,other_food_retail,,Chain Packaged Food Only,False,ACHD
Laurel Foodsystems @ Core Mark,920 Irwin Run Road PA 15122,40.361616,-79.927542,other_food_retail,,Chain Packaged Food Only,False,ACHD
Harvest Valley Farm Market & Bakery,5820 William Flinn Highway PA 15007,40.64751,-79.9368345,convenience_limited,,Retail/Convenience Store,False,ACHD
Rosita Bakery,1035 4th  Avenue PA 15108,40.518018,-80.1623115,convenience_limited,,Retail/Convenience Store,False,ACHD
Horizon Market,328 6th Avenue PA 15084,40.598325,-79.763013,convenience_limited,,Retail/Convenience Store,False,ACHD
Kasbah Eatery,300 LIBERTY  Avenue PA 15222,40.440573,-80.0062605,farmers_market,,Seasonal/Farmers Market,False,ACHD
Keystone Klub,1754 Greensburg Ave PA 15137,40.387437,-79.821846,convenience_limited,,Retail/Convenience Store,False,ACHD
Laurel Foodsystems @ Fedex Ground Headquarters - HUB,1000 Fedex  Drive PA 15108,40.463496,-80.1774765,other_food_retail,,Packaged Food Only,False,USDA_SNAP+ACHD
Laurel Foodsystems @ Compunetix,2420 Mosside Boulevard PA 15146,40.418343,-79.756884,other_food_retail,,Chain Packaged Food Only,False,ACHD
Laurel Foodsystems @ Sysco Greco,1000 Blue Sky  Lane PA 15108,40.469166,-80.2243395,other_food_retail,,Packaged Food Only,False,ACHD
Sweetz & Savory,2019 Fairlawn  Street PA 15221,40.450554,-79.870905,farmers_market,,Seasonal/Farmers Market,False,ACHD
Laurel Foodsystems @ Pitt Ohio,1 Rich Hill Road PA 15024,40.551021,-79.838478,other_food_retail,,Chain Packaged Food Only,False,ACHD
Phat Bagel,523  Negley Avenue PA 15206,40.46841,-79.928028,farmers_market,,Seasonal/Farmers Market,False,ACHD
Laurel Foodsystems at WTAE,400 Ardmore Boulevard PA 15205,40.435839,-79.8686685,other_food_retail,,Chain Packaged Food Only,False,ACHD
Laurel Foodsystems @ Lowes West Mifflin,1025 Mountain View Drive PA 15122,40.346199,-79.948548,other_food_retail,,Chain Packaged Food Only,False,ACHD
Laurel Foodsystems @ PIA,5 Allegheny County Airport PA 15122,40.351185,-79.9265745,other_food_retail,,Chain Packaged Food Only,False,ACHD
Laurel Foodsystems @ Alstom ACAS,2001 Lebanon Road PA 15122,40.350303,-79.941708,other_food_retail,,Chain Packaged Food Only,False,ACHD
Laurel Foodsystems @ Nations Benefits,2291 Sweeney Road PA 15026,40.497363,-80.294553,other_food_retail,,Chain Packaged Food Only,False,ACHD
Laurel Foodsystems @ Pitt Ohio Express,15 27th Street PA 15222,40.458258,-79.979085,other_food_retail,,Chain Packaged Food Only,False,ACHD
Moochi & You,601 Lincoln Avenue PA 15202,40.496823,-80.058411,convenience_limited,,Retail/Convenience Store,False,ACHD
R Dub's Italian Ice,6537 Meadow st Street PA 15206,40.461264,-79.909803,farmers_market,,Seasonal/Farmers Market,False,ACHD
Laurel Foodsystems @ Ibex Global,500 Penn Center East  Boulevard PA 15235,40.427982,-79.810605,other_food_retail,,Chain Packaged Food Only,False,ACHD
Big Lots #3058,11628 Penn Hills  Drive PA 15235,40.463802,-79.8276105,convenience_limited,,Retail/Convenience Store,False,ACHD
Laurel Foodsystems @ Lowe’s Monroeville #1660,4200 William Penn Highway PA 15146,40.437189,-79.7626665,other_food_retail,,Chain Packaged Food Only,False,ACHD
Laurel Foodsystems @ Lowe’s Waterfront #0780,690 Waterfront Drive PA 15120,40.412691,-79.901775,other_food_retail,,Chain Packaged Food Only,False,ACHD
Laurel Foodsystems @ PCA,499 Nixon Road PA 15024,40.559202,-79.822935,other_food_retail,,Packaged Food Only,False,ACHD
Laurel Foodsystems @ Lowes PGH Mills,1005 Village Center Drive PA 15084,40.568769,-79.8005745,other_food_retail,,Packaged Food Only,False,ACHD
Laurel Food Systems @ Amazon Sewickley DPPI,501  North Drive PA 15143,40.530888,-80.138853,other_food_retail,,Chain Packaged Food Only,False,ACHD
Kwik Bites,4239 Murray Ave Avenue PA 15217,40.422069,-79.9286265,farmers_market,,Seasonal/Farmers Market,False,ACHD
Market C @ Amazon DAE7,833 East Pittsburgh McKeesport Boulevard PA 15137,40.378572,-79.8317415,other_food_retail,,Chain Packaged Food Only,False,ACHD
Berlin Packaging Office - AVI,2300 Sweeney  Drive PA 15026,40.500981,-80.291772,other_food_retail,,Chain Packaged Food Only,False,USDA_SNAP+ACHD
Jones Produce LLC,417 Allegheny  Avenue PA 15001,40.490343,-79.777377,farmers_market,,Seasonal/Farmers Market,False,ACHD
Laurel Foodsystems @ Lowe's North Fayette,400 Davis Boulevard PA 15275,40.45014,-80.171388,other_food_retail,,Chain Packaged Food Only,False,ACHD
Hazel Grove Brewing,4609 Irvine Street PA 15207,40.414212,-79.945389,farmers_market,,Seasonal/Farmers Market,False,ACHD
Vinnie's Shaved Ice,5533 Bryant St PA 15206,40.477968,-79.9250895,farmers_market,,Seasonal/Farmers Market,False,ACHD
Market C @ Matthews International Corp - Bronze Division,1315 Liberty Avenue PA 15226,40.411305,-80.0107335,other_food_retail,,Chain Packaged Food Only,False,ACHD
Mauri Mart,530 Chartiers Avenue PA 15136,40.465269,-80.0597565,convenience_limited,,Retail/Convenience Store,False,ACHD
Laurel Foodsystems@Presbytarian Senior Care,1215 Hulton Road PA 15139,40.526244,-79.82883,other_food_retail,,Chain Packaged Food Only,False,ACHD
Laurel Foodsystems @ Siemens Munhall,700 Waterfront Drive PA 15120,40.411116,-79.9001415,other_food_retail,,Chain Packaged Food Only,False,ACHD
Laurel Foodsystems @ Republic Waste,73 Industrial Way PA 15106,40.398867,-80.117478,other_food_retail,,Chain Packaged Food Only,False,ACHD
Prantl’s Bakery @ Omni William Penn Hotel,530 William Penn Place PA 15219,40.440609,-79.99659,specialty_food,,Chain Bakery,False,ACHD
Laurel Foodsystems @ Ferguson Plumbing,2006 Broadhead Fording Road PA 15205,40.448475,-80.083683,other_food_retail,,Chain Packaged Food Only,False,ACHD
Laurel Foodsystems @ Cellone's Bakery Inc,663 Napor Boulevard PA 15205,40.444956,-80.0887185,other_food_retail,,Chain Packaged Food Only,False,ACHD
Pete & Veda's Hot Dogs,426  Beechwood  Boulevard PA 15106,40.406373,-80.0856045,farmers_market,,Seasonal/Farmers Market,False,ACHD
Market C @ Encompass Health,320 Guys Run Road PA 15238,40.550004,-79.871067,other_food_retail,,Chain Packaged Food Only,False,ACHD
G.Y.M.,5345 Penn Avenue PA 15224,40.464783,-79.9368435,other_food_retail,,Packaged Food Only,False,ACHD
Dancing Salsas,108 LANSDOWNE Drive PA 15108,40.501026,-80.1715545,farmers_market,,Seasonal/Farmers Market,False,ACHD
Montour Youth Soccer Assn,298 Coraopolis  Road PA 15108,40.502511,-80.122176,farmers_market,,Seasonal/Farmers Market,False,ACHD
LaVeita Gibson,269   Prospect  Avenue PA 15205,40.447044,-80.076501,farmers_market,,Seasonal/Farmers Market,False,ACHD
Dynamic Coffee Roasters,5718 Steubenville Pike,40.452399,-80.1352305,farmers_market,,Seasonal/Farmers Market,False,ACHD
Reform Pilates,2722 Penn Avenue PA 15222,40.456152,-79.9762365,other_food_retail,,Packaged Food Only,False,ACHD
Laurel Foodsystems @ Amazon DPP7,177 McClaren Road PA 15108,40.4631365884002,-80.2217177143761,other_food_retail,,Chain Packaged Food Only,False,ACHD
Laurel Foodsystems @ Laurel Foodsystems,4590 Campbells Run Road PA 15205,40.429503,-80.1293445,other_food_retail,,Chain Packaged Food Only,False,ACHD
Laurel Foodsystems @ ATI Powder Metals,1001 Robb Hill Road PA 15071,40.422483,-80.1933525,other_food_retail,,Chain Packaged Food Only,False,ACHD
"Cannon Spice, LLC",1149 Paulson Avenue PA 15206,40.467906,-79.9045065,farmers_market,,Seasonal/Farmers Market,False,ACHD
A Graceful Taste,1500 Electric  Avenue PA 15212,40.4016747528839,-79.8369044019643,farmers_market,,Seasonal/Farmers Market,False,ACHD
