GEOID,hh1_model_vmt_per_hh,hh1_t_cost,hh1_ht,hh2_model_vmt_per_hh,hh2_t_cost,hh2_ht,hh3_model_vmt_per_hh,hh3_t_cost,hh3_ht,hh4_model_vmt_per_hh,hh4_t_cost,hh4_ht,hh5_model_vmt_per_hh,hh5_t_cost,hh5_ht,hh6_model_vmt_per_hh,hh6_t_cost,hh6_ht,hh7_model_vmt_per_hh,hh7_t_cost,hh7_ht,hh8_model_vmt_per_hh,hh8_t_cost,hh8_ht
42003429700,27974.64706,14844.11729,52.00187229,13646.64706,7408.998194,100.2738014,16580.64706,8927.882441,59.85974726,17710.64706,10589.36191,32.45914347,13178.47059,7628.639829,49.73687266,19555.64706,10325.83065,73.59956467,20419.64706,10895.95493,54.51075225,28200.82353,15640.80454,40.1697031
42003428100,24291.60339,13965.46559,53.24330819,11255.36102,6797.764074,100.2561891,14180.36102,8352.757572,61.09972432,15298.36102,10015.98019,33.72983457,11935.89322,7232.288228,52.40947348,17099.36102,9721.026,75.64335457,17958.36102,10262.39931,56.42481596,24512.82881,14788.86598,41.47217902
42003406000,33138.33586,17140.62087,57.00457881,18456.40587,9590.453499,118.8946334,21317.25449,11183.39601,68.77166129,22358.25449,12959.16879,36.33351138,16591.17313,9594.871245,55.53360109,23896.25449,12431.61738,82.35727392,24718.25449,12992.12229,60.35311841,33328.33586,18021.39253,43.8671311
42003430100,24872.42926,13922.27331,52.73200061,10385.19346,6458.230081,97.1962248,13401.42348,8013.485556,59.49507701,14630.19346,9680.143675,32.92352867,10979.18768,6908.303028,50.98207764,16846.42348,9491.132789,74.22005313,17758.42348,10073.65467,55.43026698,25139.42926,14710.0255,40.95459659
42003473200,23048.90566,12934.79776,52.00287128,7195.670991,5201.978027,92.62572032,10429.67099,6823.225711,57.61941508,11921.67099,8501.429117,31.81037378,9024.436321,5821.634253,48.7249106,14803.67099,8454.165441,72.59985075,15839.67099,9069.147562,54.06918519,23422.90566,13745.2082,40.18438395
42003472400,24268.13593,14010.40536,54.12417722,9419.035461,6403.054171,96.83039844,12449.03546,7963.018147,60.12261177,13695.03546,9651.148985,33.90605224,10179.93499,6876.539673,52.98513838,16135.03546,9533.31614,75.90557676,17055.03546,10115.42744,57.14686819,24541.98582,14812.54961,42.34893735
42003472300,20510.83792,11998.98473,48.7034389,6464.895874,4716.000806,88.8650819,9629.895874,6309.255797,54.85914917,11038.89587,7939.251444,29.70911538,8923.953831,5371.474986,44.91430613,13532.89587,7756.996989,68.1869661,14529.89587,8386.866677,50.41272614,20850.83792,12778.478,37.34188361
42003473100,23303.18375,13247.52362,52.28324796,9418.081272,5955.326616,98.6138604,12448.08127,7533.402012,59.97350503,13694.08127,9182.960695,32.52353412,10330.59364,6376.63223,49.60728883,15728.08127,8891.450271,73.82362542,16647.08127,9493.853066,54.70193295,23577.18375,14048.25785,40.30433684
42003494000,26183.86933,13988.76167,50.31884807,11297.98624,6506.532553,96.41982834,14308.98624,8057.189151,57.72750381,15531.98624,9716.424006,30.9224456,11020.10316,6686.239226,46.41890974,17526.36039,9428.272245,70.73761932,18434.98624,10027.19373,52.07393589,26447.86933,14772.33669,38.55468269
42003489001,26938.97626,14401.75836,52.74426926,11504.66849,6759.320094,99.06599867,14610.92694,8363.200986,60.05784118,15948.92694,10073.30725,32.77505745,12545.87763,7335.071231,50.62836316,18599.92694,9928.010797,74.69387737,19562.92694,10522.96352,55.37686248,27250.71781,15239.27061,40.79292051
42003482500,25818.69979,14150.87422,52.5541581,10775.4058,6566.806412,95.40675033,13849.4058,8153.070574,58.8399135,15148.4058,9843.994359,32.82967381,12002.27433,7199.668905,51.3279343,17790.4058,9746.54791,74.05704842,18735.4058,10334.69954,55.45818989,26113.69979,14986.65831,40.99916976
42003475101,24192.30718,13327.38285,51.50214669,9325.853088,5887.329187,97.01671954,12491.4207,7483.803871,58.88848759,13900.4207,9189.568104,31.82304424,11231.96661,6571.134783,48.74280523,16527.85309,9015.222444,72.99020671,17524.4207,9621.925619,53.86427647,24532.30718,14159.35452,39.60231832
42003551900,23191.30258,12047.72496,43.69048408,9960.767528,5132.896349,86.97301771,13080.76753,6678.759628,51.39394674,14434.76753,8273.781947,26.26434202,11705.23247,5573.399547,38.05734173,16295.76753,7894.344984,61.68762821,17266.76753,8504.230692,44.39477894,23509.30258,12788.04061,32.72138289
42003484500,25125.94044,13811.69104,51.61907969,11150.92118,6507.280538,97.30642921,14108.92118,8055.417611,59.01801438,15266.92118,9708.33648,32.22639299,10998.90193,6752.55444,49.13689593,17024.92118,9376.652655,72.64756125,17902.92118,9952.717484,53.99573623,25363.94044,14627.25314,39.95510452
42003980100,24294,14349.36116,56.47877036,11841,7418.33156,125.6108321,14839,9054.190687,71.43960661,16045,10825.30628,35.5722529,14807,8275.937555,53.78276815,18484,10363.10872,84.06055453,19385,10957.543,59.74124928,24551,15179.65676,42.18090359
42003562800,22940.37276,12960.2338,49.12385583,9982.658303,5966.327451,96.0648709,13032.6583,7509.424694,57.43293655,14301.6583,9178.288732,30.49563314,12039.43369,6621.743848,46.34257435,16386.6583,8877.767154,70.1852498,17317.6583,9471.937185,51.3860066,23223.37276,13754.70825,37.53374055
42003563000,25523.45348,14195.36243,53.0478296,11377.53205,6840.191544,103.1448991,14400.16609,8424.440755,61.7245713,15637.16609,10139.98134,33.19906949,11789.61061,7224.845912,50.65508993,17573.16609,9778.192702,75.4505596,18488.16609,10364.94091,55.64737947,25793.08753,15022.5497,40.82565468
42003426700,26570.80661,14486.07499,52.80566232,12414.18843,7128.63747,103.4153333,15397.8595,8688.218204,61.5837294,16587.18843,10381.15212,33.0327226,12359.24132,7424.745387,50.35228366,18409.18843,10029.4744,75.14231958,19302.18843,10609.85586,55.36106459,26821.80661,15286.27538,40.60299798
42003426800,30560.32229,16047.33422,56.30275919,14986.76276,8263.829102,107.8487434,17916.76276,9807.400846,64.51534991,19041.76276,11565.56254,35.50518223,13459.14503,8343.842987,54.87823034,20991.70457,11269.54925,79.68926429,21853.76276,11836.14917,59.39397803,30784.32229,16907.62345,43.83406457
42003271500,23721.5386,13400.29339,52.26396135,9799.78799,6053.042365,93.53558635,12782.99449,7571.67385,58.10760839,13972.78799,9198.986176,32.69609376,9861.037377,6286.590994,50.43817811,15735.78799,8954.050298,72.79950347,16627.99449,9530.554666,54.85953995,23971.7451,14174.38286,40.83804354
42003429400,26791.78147,14711.79037,54.48305826,10467.7719,6834.613092,99.5235063,13670.7719,8457.326977,61.06268384,15124.94461,10259.48491,34.01724575,12796.76234,7772.983164,53.69167447,18582.7719,10277.23785,77.36682205,19600.94461,10888.80153,57.76423935,27150.78147,15579.98115,42.43341957
42003120800,20913.86986,12131.62973,49.55021657,4388.856164,4312.265733,87.41656272,7794.287671,5946.290081,54.49991509,9494.856164,7679.567474,29.72006395,8174.705479,5336.556249,45.34509689,13189.28767,7761.664974,69.2308553,14324.28767,8404.117752,51.07280776,21372.86986,12927.91907,37.90972213
42003561500,22987.78012,12809.56127,49.23687722,9341.51714,5648.665623,92.03215308,12364.51714,7171.431992,56.00351908,13601.51714,8783.626266,30.37691391,9869.254163,5918.530794,45.78152109,15344.51714,8482.261031,68.9728675,16259.94466,9070.710065,51.09532241,23257.78012,13606.66484,37.9244804
42003190300,19093.88235,11768.35234,51.72180126,7536.176471,4962.664226,91.66631602,10550.17647,6461.512703,57.76895615,11776.17647,8037.725916,32.6761363,9942.470588,5569.114963,51.10456835,13440.17647,7778.757668,72.542823,14350.52941,8363.715984,54.83360897,19358.88235,12518.30468,40.49765008
42003563200,17067.55246,9901.512866,46.49897262,2904.544643,2630.513604,73.66338411,6336.987723,4172.38948,48.72810407,8069.544643,5734.479036,27.91577845,8156.422991,3699.832451,43.28571541,11238.54464,5879.161712,63.61301739,12387.98772,6524.624054,48.11406023,17539.55246,10654.11576,36.16113262
42003980000,22857.06316,12467.21657,51.3212957,7825.915789,5086.219575,99.80957466,11117.91579,6693.477762,59.77343235,12679.91579,8410.906732,31.29416568,9678.768421,5620.72962,46.41217955,14993.91579,8101.831318,72.75737934,16062.91579,8732.715169,52.8865513,23260.06316,13291.36691,38.86331711
42003564100,30344.68684,16343.1465,58.68183164,14268.76842,8428.421801,110.9415268,17242.79211,10008.3381,66.91109021,18421.76842,11773.75001,37.21824566,13130.89737,8603.466023,58.17707068,20688.76842,11566.71138,83.27608026,21575.79211,12139.01144,62.36630407,30590.68684,17222.47507,45.90691079
42003402000,25591.57413,13759.52952,50.22247198,10068.34385,6150.064149,94.09909652,13218.34385,7762.338639,57.06909987,14608.71924,9464.558423,30.816128,11874.11356,6852.215485,47.19166044,17559.34385,9386.00635,71.09809795,18547.34385,9989.734491,52.3916968,25924.57413,14582.8011,38.58573216
42003489002,29279.33333,15508.48106,54.93363147,13522.66667,7721.852174,103.9437613,16553.66667,9287.606535,62.567962,17800.66667,11025.14804,34.42138217,13490.11111,8132.070445,53.56982856,20295.66667,10883.22282,77.89913423,21215.66667,11463.51099,57.99899186,29553.33333,16333.456,42.66583077
42003481000,20254.81073,12082.03903,48.91886566,8044.132768,5190.754825,90.69516274,11048.13277,6722.211511,55.75414499,12262.13277,8326.881601,30.43438178,10143.5452,5759.312037,46.50378274,14128.67797,8047.191658,69.02705889,15033.13277,8633.835557,51.24813698,20515.26554,12866.10339,37.77441918
42003480102,27020.01517,14773.39677,54.00999818,12480.30349,7273.231583,101.3199728,15441.30349,8851.886344,61.59661599,16602.30349,10539.65037,34.04509045,12406.72989,7641.695735,52.90488956,18674.30349,10284.61921,76.4156706,19553.30349,10857.03182,57.08259282,27259.87709,15608.49442,42.09954241
42003461000,26870.7512,14438.14261,51.31198316,12682.62921,7173.13792,105.0184689,15747.12681,8749.060516,61.34585848,17035.12681,10502.71046,31.94253119,13817.50241,7690.865776,48.22113242,19230.12681,10130.63972,74.00319924,20170.12681,10727.75912,53.69000845,27161.25361,15277.17437,38.99767149
42003981800,22327,12020.43026,44.53114472,11283,5592.442647,91.09701179,14211,7063.036781,53.45724356,15334,8641.652037,27.48470345,12142,5834.134836,40.11100086,16217,8053.079093,63.39228272,17079,8636.52735,45.84099638,22550,12773.98667,33.58275246
42003437000,30301.82055,16009.33561,57.10384942,15315.22497,8426.845552,116.3515982,18263.22497,10031.59455,68.10296724,19409.22497,11792.69921,36.06985451,13944.91287,8481.275071,54.7926445,21093.22497,11306.62399,81.93891416,21965.22497,11881.0582,60.08671882,30534.82055,16873.96189,43.84325652
42003472100,21545.65039,12506.20748,50.0270642,7859.434646,5276.550073,90.88959538,10890.43465,6826.40451,56.17832336,12137.43465,8451.132799,30.91850631,8819.218898,5657.124529,46.96400019,14092.82598,8178.30561,69.79466959,15012.43465,8766.771125,52.00354369,21819.65039,13301.84312,38.69613058
42003464400,22500.82456,12557.21704,48.9231736,8334.382243,5270.972259,90.59590598,11473.90005,6856.873228,55.47548704,12851.90005,8494.101607,29.99582945,10368.93993,5895.863839,45.51744166,15268.38224,8298.420258,68.75545239,16250.38224,8921.377778,50.81334645,22828.34237,13343.36039,37.55121504
42003562500,23059.87581,13259.61616,50.45798798,9536.258435,6036.964,94.30078997,12516.25844,7604.634257,57.53955029,13701.25844,9243.836795,31.40163111,10401.29218,6461.665655,47.95870095,15677.25844,8948.44701,71.03440906,16568.25844,9528.867842,52.73803982,23308.87581,14059.7311,38.99984879
42003160900,19535.1413,11328.71232,49.28216929,4522.020186,3832.502112,84.97515737,7965.020186,5469.463319,53.9521271,9711.020186,7125.417819,29.87083288,9361.899068,4947.26482,46.11996184,13067.02019,7192.998671,68.83622091,14223.02019,7840.543934,51.26120147,20013.1413,12112.25046,37.97517157
42003563100,24018.26917,13793.43748,52.37600749,10912.80693,6632.391853,99.31681978,13899.80693,8210.044703,60.35039228,15092.80693,9878.347529,33.05023536,12445.06644,7265.288482,51.41937595,17173.80693,9604.038051,74.58249948,18068.52868,10194.14029,55.5161614,24270.54742,14622.41069,40.64823632
42003562400,22307.8913,13092.88671,51.36715825,8932.532609,5859.864285,92.23059528,11914.53261,7393.517599,57.33366141,13102.53261,9015.36573,32.14873073,10295.40217,6418.263528,50.10695124,15246.53261,8845.941855,72.04476002,16138.53261,9432.270831,54.17530837,22557.8913,13859.19909,40.06710231
42003562600,21783.53205,12723.03011,49.51878539,8032.021622,5478.020578,90.41158463,11136.02162,7033.307428,55.71479495,12471.02162,8697.531818,30.63307207,10639.5112,6263.719679,47.36679284,15070.02162,8573.599614,69.83995203,16032.02162,9171.968003,51.91777706,22093.53205,13512.38173,38.27483537
42003160800,19689.95474,12102.42127,49.39805897,8944.016973,5539.425929,94.66253925,11876.01697,7040.087969,57.53025724,13003.01697,8640.846999,31.1744168,11582.07921,6225.481949,48.06386778,14616.49788,8278.001083,70.54632061,15480.01697,8855.373138,52.25112029,19914.95474,12864.99976,38.10413143
42003564200,30475.77617,15949.95601,55.42200452,15964.25632,8492.862554,112.5123354,18874.25632,10076.82768,65.9277319,19974.25632,11813.67448,35.08617085,14622.96751,8563.734066,53.47022109,21546.25632,11327.69589,79.46723517,22396.25632,11895.7791,58.40278111,30689.77617,16805.53442,42.67368566
42003981100,19723,12069.30363,58.37338696,6765,5058.625616,125.2072863,9657,6588.725265,72.06488436,10735,8189.554222,35.74746558,2325,3896.853023,48.9745766,10033,7103.405119,82.32286234,10874,7689.696352,58.69515076,19928,12854.78974,43.33554208
42003423000,22259.66301,12728.31386,51.27670032,7809.796053,5343.986742,96.14075614,10938.2924,6944.248894,58.59575641,12303.79605,8600.947499,31.50220654,9142.425439,5805.28272,47.48217502,14542.2924,8334.661053,72.10439798,15518.2924,8938.977447,53.14015092,22582.15936,13523.01159,39.28640596
42003270400,22288.36794,12964.89931,50.74862552,9407.506375,5872.157003,93.35691761,12378.50638,7388.472321,57.41266511,13551.50638,9038.894567,31.78932886,10348.95811,6273.274368,48.85598444,15271.81967,8719.179663,71.2766953,16157.50638,9297.837368,53.28991992,22533.05464,13765.07098,39.4534844
42003270800,25300.90008,13813.12373,51.61018454,10964.58668,6373.442547,93.21923247,13921.58668,7887.661434,57.46846432,15079.42998,9538.993152,32.18979762,10511.95988,6557.345177,49.46537061,16869.42998,9279.743151,71.84493786,17746.58668,9852.197388,53.98590835,25538.05678,14613.73074,40.29168206
42003472200,21834.33874,12823.73405,51.65861292,7836.048649,5544.318579,96.8655445,10907.04865,7104.797993,59.00012265,12203.04865,8778.41239,31.9806685,9054.306306,5987.073332,48.5117695,14326.04865,8507.655311,72.84205515,15269.04865,9103.068746,53.85572558,22127.79099,13640.13182,39.75614228
42003465600,22591.63462,12770.48741,49.98318475,8318.14571,5452.116663,94.12847489,11469.14571,7016.246713,57.10341107,12861.14571,8695.252846,30.67944926,10022.62574,5986.757453,46.33499221,15132.63018,8454.220403,70.44277373,16121.14571,9061.151423,51.84110381,22924.63462,13567.90902,38.26941241
42003451104,34116.94246,17225.31621,57.39881583,18187.3888,9353.45721,116.0499891,21094.47667,10904.93429,67.64042086,22191.47667,12667.88984,36.17456517,15935.01089,9279.849776,55.4193302,24023.47667,12317.60923,82.1142261,24873.3888,12882.19747,60.47276775,34329.94246,18066.08755,44.24991358
42003418000,29063.64713,15491.86664,54.96476463,12605.25592,7594.391339,103.5379833,15746.25592,9201.320234,62.51478553,17126.25592,10984.25136,34.37150755,13763.72041,8248.816052,53.78522756,20246.11161,10944.1445,78.32292343,21229.11161,11540.71044,58.19599719,29391.64713,16371.42899,42.70023102
42003281400,22814.61141,13111.76947,50.26228047,10281.14795,6119.761175,96.00133869,13197.14795,7648.993174,58.06622866,14304.76471,9274.228101,31.44218612,10589.68449,6373.769115,47.61876202,15694.14795,8842.385508,70.8840673,16548.14795,9415.600475,52.50458447,23031.61141,13895.34007,38.76056068
42003410000,32311.73501,16140.2878,55.22611367,16045.47969,8225.36424,105.3144812,18970.47969,9742.310581,62.8494681,20089.52611,11425.01284,34.43497455,13352.27079,8004.066156,52.55751954,21817.47969,11154.59942,77.45494288,22676.52611,11721.91853,57.66848245,32533.73501,16943.80595,42.86237247
42003281500,22991.1616,13416.49166,51.48282496,10560.46961,6417.360931,98.66646802,13467.80801,7946.911975,59.62872494,14565.46961,9577.302986,32.3966958,11349.77762,6819.385532,49.73143747,16168.46961,9212.935876,73.09043292,17017.46961,9783.837157,54.20788144,23204.1616,14186.44353,39.7729596
42003413400,29109.95865,15424.22605,55.85876123,12723.59173,7478.852944,103.0939099,15763.59173,9044.162941,62.70259008,17021.59173,10765.38328,34.88517605,12164.22481,7759.660266,54.25478845,19541.49913,10655.54432,78.55776274,20466.59173,11237.38858,58.79368138,29388.86605,16246.13482,43.52093003
42003290200,23023.91756,13096.64187,50.63822113,9119.265649,5804.56253,92.92657436,12181.26565,7371.186144,57.15087103,13465.93435,9027.793209,31.46747825,10832.28244,6416.915673,48.53904748,15816.26565,8841.29318,71.29554523,16754.26565,9432.049384,53.11860869,23312.91756,13910.05173,39.23649404
42003453003,31261.01788,16190.30635,56.16400027,16255.13027,8587.654385,111.4139413,19173.25415,10163.97466,65.86726624,20285.13027,11896.9746,35.57777255,14879.36654,8689.468582,54.77497425,22060.13027,11513.32658,80.25820203,22916.13027,12080.24791,59.37421277,31480.01788,17053.49081,43.50185378
42003435000,26000.01695,14124.95567,51.56496918,11471.4661,6702.540225,99.22214708,14513.11864,8267.780702,59.49805542,15772.11864,9950.957204,32.00684955,12027.22034,7118.079449,48.81347647,17917.11864,9691.916861,73.10921221,18843.11864,10280.32527,53.87878905,26279.01695,14918.80615,39.62833524
42003434000,27341.36241,14951.98649,54.38883998,12222.85012,7303.821311,103.2098064,15136.85012,8873.519574,62.19615145,16242.85012,10566.79544,34.0128818,10471.5258,7253.807088,51.66916228,17899.85012,10189.04668,76.36718404,18752.85012,10755.85527,56.79678821,27558.17445,15791.83209,42.17410806
42003419000,29104.75,15240.4901,54.18639411,14222.5,7700.431117,106.1568276,17190.25,9252.84657,63.01313058,18360.25,10954.14285,33.93961475,12933.25,7751.81909,51.62629371,19974.5,10569.6986,76.79636652,20858.5,11146.32181,56.73898974,29347.75,16044.28753,41.7626651
42003473500,29066.97001,15791.03335,57.09896786,12425.62669,7739.051949,106.1686284,15497.62669,9372.908066,64.55909594,16793.62669,11143.25764,35.8168541,12398.28336,8170.564657,55.94776182,19614.62669,11027.9725,80.72575516,20557.62669,11613.79793,60.34782228,29360.97001,16666.23616,44.52403846
42003479000,26850.87805,14776.85283,54.20787991,12548.70732,7302.259233,100.4815881,15480.70732,8833.307506,61.30029598,16607.78492,10507.73965,34.23304416,12383.61419,7649.059913,53.53031983,18597.70732,10297.31161,76.5091646,19460.78492,10864.65063,57.43917131,27075.87805,15574.5818,42.37726519
42003473601,26972.34197,14641.08146,54.49669678,11664.19541,6969.669987,101.427168,14713.19541,8529.27836,61.6812859,15981.38081,10232.93341,34.03709922,12020.41966,7390.950088,52.8443733,18394.38081,10085.99094,76.94831619,19324.38081,10670.58676,57.38299205,27255.34197,15450.9981,42.32245694
42003483800,22119.42136,12363.97368,47.72738406,6545.675877,4762.996195,84.38382603,9859.158874,6374.019592,52.59843714,11447.15887,8068.434548,28.83780365,10211.93039,5770.69446,44.29591327,14876.15887,8114.477789,66.78836075,15957.67588,8741.916582,49.4430161,22532.90436,13166.22595,36.69268872
42003488200,27266.45116,14670.6524,52.48209882,12664.17931,7196.544533,100.7151165,15651.17931,8738.633695,60.35435326,16845.17931,10431.97265,32.77258088,12699.90746,7544.194019,50.35014806,18924.40746,10186.90589,74.43093429,19819.40746,10765.48184,55.09927554,27518.67931,15476.55503,40.53199664
42003468800,23189.24536,12893.07992,49.82609248,9385.807276,5691.632361,93.40526661,12442.38235,7245.829741,56.85384276,13719.80728,8894.285345,30.82650981,10529.3692,6152.906573,46.7803378,15751.80728,8612.914273,70.14363801,16686.38235,9205.220397,51.89502532,23475.82043,13699.14387,38.35938709
42003561600,22161.20461,13042.24656,50.48005145,10231.78034,6172.080016,94.79417863,13124.48144,7672.941087,57.86059498,14203.78034,9315.74936,31.9009851,11220.05717,6610.566664,49.20719898,15698.78034,8936.296743,71.42894753,16539.78034,9504.335788,53.30194299,22367.20461,13841.72115,39.25236401
42003261500,21522.59721,12406.10355,48.49286119,8802.343716,5402.676811,90.10401284,11788.34372,6945.918046,55.23045608,12980.34372,8535.321299,30.0172988,9794.659506,5758.812527,45.35230632,14601.34372,8181.008649,67.89202492,15495.34372,8780.550846,50.4103605,21774.59721,13174.88913,37.37056952
42003262000,20953.94899,12302.96346,48.48192188,9306.513878,5528.093062,89.76175895,12233.51388,7036.804854,55.2272487,13354.51388,8618.581511,30.3921317,10686.69692,5958.101336,46.50108939,14804.51388,8247.597185,68.15925486,15664.51388,8822.15115,50.85157029,21176.33083,13080.65818,37.60150085
42003401200,27294.99537,14323.43016,50.69621917,12377.58053,6849.774132,98.80478282,15403.58053,8414.499347,58.77152463,16644.58053,10090.50626,31.26364654,11970.55214,7026.079282,46.9012014,18546.58053,9754.979396,71.59681736,19463.58053,10342.71946,52.53519385,27566.99537,15152.43026,38.82253432
42003401300,30608.47558,16097.09436,55.93639051,14595.70937,8236.445632,107.4960749,17612.70937,9816.546984,64.23689469,18841.79824,11575.41251,35.14451885,14145.94315,8578.984538,54.66457521,21297.70937,11391.6955,79.57233075,22209.70937,11973.73058,59.11056408,30875.47558,16936.96944,43.41300199
42003270300,22527.12305,12857.72039,49.70900115,9238.818359,5725.449387,93.04270054,12221.81836,7243.928858,56.62762038,13411.41309,8870.068107,30.78576991,9750.703125,6011.918583,46.54008315,15083.41309,8535.800714,69.71317022,15976.41309,9118.086305,51.67448375,22777.52832,13632.37832,38.30241234
42003473602,27195.91781,14660.13217,54.63973641,12316.45317,7085.31915,101.4561328,15286.45317,8648.746559,61.88713905,16459.30211,10326.40634,34.33367138,11664.83747,7276.395227,53.02704862,18384.45317,10083.76269,76.92347243,19269.30211,10658.00464,57.59006004,27439.91781,15491.9236,42.60800685
42003474203,32372.77419,16943.27223,58.57385192,16070.48387,8951.211407,114.4986297,19009.43011,10523.57492,67.81082545,20144.48387,12299.69814,36.98115448,14127.13978,8974.486465,57.16797545,22225.48387,12017.5481,83.31872198,23092.48387,12585.16558,61.88778148,32600.82796,17788.35803,45.46667697
42003478100,22895.58897,12862.36946,49.94404487,8377.707753,5470.251345,92.20760331,11500.70775,7041.240349,56.39654774,12858.70775,8714.610028,30.6743734,9962.398608,6034.08281,46.62978558,15274.70775,8518.745998,70.10753868,16246.70775,9120.174125,51.8639394,23215.0169,13659.94652,38.41612082
42003463900,22634.09331,12736.39664,48.93593208,8944.925487,5569.037658,92.97509729,12036.92549,7132.801977,56.26039577,13356.92549,8793.898562,30.14448639,10898.75766,6177.628244,45.66428468,15633.92549,8542.674084,69.28032428,16588.92549,9140.970034,50.92158843,22937.59262,13545.78031,37.48278907
42003476200,26369.09895,14585.43204,54.18351109,11779.76343,7061.223299,100.5072501,14753.61992,8610.772762,61.32146396,15931.61992,10292.1494,34.06906429,11795.2844,7429.355705,53.02263664,18032.76343,10083.86228,76.42630743,18920.61992,10658.4404,57.22109507,26615.09895,15383.11072,42.23307336
42003473402,25542.4087,14086.36133,53.98986084,10054.7354,6407.718092,99.16821491,13116.7354,7969.263592,60.66119147,14400.7354,9694.406063,33.57856773,10040.30807,6725.265453,51.56524352,16679.7354,9477.743178,75.71195052,17617.7354,10066.63999,56.48735226,25831.4087,14921.84004,41.9299182
42003562000,15571.20609,9762.824874,44.37201958,3278.961421,2911.934263,77.94752302,6589.961421,4474.789826,49.26300272,8174.217259,6021.199596,26.62781216,8059.716751,3816.249952,39.84140627,10527.96142,5867.807712,61.5930802,11607.96142,6502.225837,45.4514507,15983.20609,10475.37436,33.79909521
42003457200,25913.21753,14071.33244,51.29277141,11786.05722,6749.105988,98.9030755,14790.38557,8313.913775,59.30957363,16005.38557,9996.496277,31.97583884,12317.22526,7157.374192,48.79542744,18044.38557,9697.236637,72.7895569,18949.38557,10280.71353,53.70553414,26174.21753,14898.46869,39.51068731
42003447000,32939.3653,17076.74475,57.84905556,17066.68493,9215.776215,116.241832,20001.68493,10821.53204,68.1870154,21131.68493,12610.28303,36.62380079,15418.10502,9289.211809,56.36257443,23157.68493,12241.58091,82.93708603,24022.68493,12809.84569,61.15412402,33166.26484,17964.99019,44.72722405
42003449000,31249.4064,16338.547,56.32923568,15814.58043,8596.689478,110.8893649,18748.58043,10190.57284,65.71116628,19877.68768,11937.83157,35.58735859,14240.86171,8667.937696,54.71326813,21724.58043,11569.11913,80.20000827,22588.68768,12137.46577,59.41392502,31476.29915,17202.53294,43.64760495
42003431100,22328.76688,12643.51934,49.8842559,9475.761603,5638.487374,97.186528,12443.7616,7169.520316,58.19228251,13614.7616,8770.168178,30.79545275,9495.756329,5741.849559,45.61010324,14867.20833,8289.04415,70.20529142,15751.20833,8894.014576,51.52374564,22571.76688,13395.16191,38.01978781
42003563800,29801.5973,15530.18085,55.36320275,14907.15101,7983.859148,110.2446214,17837.41723,9520.94095,64.96325279,18963.15101,11264.67856,34.79292188,12990.23716,7885.169831,52.57553501,20378.15101,10788.30151,78.65246818,21240.15101,11360.01269,57.94104258,30026.33108,16377.58849,42.63372251
42003507000,24252.48034,13390.20006,50.62027371,10289.04786,6142.494534,96.40967082,13265.04786,7691.625754,58.19472412,14447.04786,9343.864413,31.39286501,10585.61538,6469.573024,47.51363146,16368.04786,9024.573811,71.40937152,17257.04786,9605.758708,52.72219867,24499.48034,14200.6506,38.94303703
42003446000,32988.33383,17195.08052,59.15190203,15859.74003,9010.539372,115.938349,18835.74003,10603.60376,68.50408676,20015.81979,12443.54358,37.20382329,13661.226,8976.970437,57.11112037,22273.81979,12135.42949,84.05857541,23162.74003,12708.74874,62.23537107,33235.33383,18090.09792,45.8307859
42003561900,23117.49081,13127.98631,49.13018515,10648.03125,6206.492416,96.58347993,13558.03125,7715.534299,57.55195964,14658.49632,9369.014115,30.59892003,11069.50184,6478.311712,45.88902246,16089.49632,8910.983921,69.72095883,16940.49632,9485.13306,51.12555494,23331.49081,13929.2377,37.60834157
42003486900,24862.25136,13770.79235,50.5840308,11539.2731,6614.557199,97.18143961,14421.58967,8157.185526,58.50009531,15488.58967,9782.583484,31.59266593,11228.61141,6814.103616,47.89948048,17060.58967,9392.235539,71.39143995,17895.58967,9959.359429,52.82794737,25062.56793,14566.35165,39.01477515
42003487000,26538.4247,14346.543,51.72908002,12321.07329,6996.622703,100.2402219,15297.07329,8560.928206,59.99340008,16478.07329,10251.41889,32.31078525,12313.0241,7310.241305,49.2159594,18375.07329,9912.036519,73.40128516,19264.07329,10491.16509,54.16472542,26785.4247,15177.63319,39.85911145
42003451105,26470.90983,14251.4962,52.86626114,12017.42822,6901.783015,107.4824856,15137.42822,8524.659739,63.12901668,16491.42822,10259.037,32.86411366,13073.94662,7374.063104,49.47701939,18619.42822,9862.872477,75.99907305,19590.42822,10467.11079,55.18923606,26787.90983,15079.60447,40.14726184
42003564000,32216.15848,16665.06842,56.76449637,17037.45008,9012.192157,115.8024947,19927.45008,10595.2607,67.5627651,21004.45008,12358.96319,35.9178269,14650.74168,8871.193558,54.48908228,22443.45008,11869.4651,81.32948635,23283.45008,12434.34134,59.75721334,32421.15848,17539.56109,43.70857744
42003562900,25183.49503,14052.19409,51.91795405,11939.51889,6901.92271,101.3068244,14852.51889,8438.177517,60.55502079,15957.51889,10121.41203,32.62265574,11757.22266,7151.635039,49.61464287,17463.51889,9690.71968,73.74531043,18316.51889,10262.06101,54.45770715,25399.49503,14863.25225,40.02052079
42003486700,24829.79573,13341.20142,49.43125211,11237.65549,6236.504464,98.541037,14233.65549,7762.143084,58.17943367,15437.65549,9419.841142,30.48753688,11148.05488,6403.569748,45.12199974,16924.19512,8967.602947,70.06070207,17824.19512,9555.434121,51.04476882,25085.79573,14130.03922,37.55939859
42003416000,29621.41067,15511.86295,54.91074858,15449.93271,8131.551101,109.1050201,18328.93271,9685.645369,64.55779594,19392.13225,11387.04244,34.77571998,13611.45476,8081.867004,52.95362313,20634.93271,10885.59286,78.13679492,21467.93271,11449.21131,57.78341352,29820.41067,16353.40339,42.46315023
42003310300,27686,15138.34946,54.65149539,13211,7607.513149,101.2023842,16070,9163.356746,61.82549235,17108,10832.92664,34.59773703,11749,7701.782603,53.71256798,18750,10511.33169,76.75582807,19571,11067.42844,57.74645962,27875,15973.25629,42.83962188
42003300100,19878.28571,11915.43534,48.857631,7285.768266,4926.533624,87.5491312,10293.76827,6456.670952,54.6460286,11512.76827,8046.102775,30.32863647,9448.250818,5530.338297,46.64575597,13589.76827,7830.490898,68.36181338,14496.76827,8416.027525,51.14326482,20141.28571,12694.32566,37.93152344
42003320600,24845.24072,14204.0998,53.30421176,11725.50143,7021.076607,101.6935572,14615.50143,8583.287606,61.55246189,15692.50143,10245.30529,33.75828922,11796.76213,7354.846321,52.1578933,17331.50143,9870.346931,75.64154314,18170.50143,10435.60409,56.35844755,25050.24072,15024.77563,41.42649964
42003468900,22253.65542,12703.17762,49.93843913,9456.069538,5745.754883,97.94559354,12450.06954,7272.795374,58.47481325,13653.06954,8916.620016,30.95583358,10616.93565,6156.073609,46.492047,15371.52154,8528.770631,70.9944615,16271.06954,9116.716037,51.97869665,22509.65542,13485.88898,38.09166379
42003473401,24523.56846,13774.95869,53.20249091,10130.27017,6367.800374,101.1920829,13144.27017,7942.542241,61.16314592,14370.62103,9628.887576,33.14900465,10294.32274,6668.634025,50.42001624,16331.27017,9304.216172,75.14942319,17241.62103,9889.505561,55.61250618,24789.56846,14602.55525,41.03307779
42003475102,29177.86136,15559.79174,56.31425376,13282.97935,7715.27612,104.5268468,16279.92035,9308.412242,63.62778071,17484.92035,11033.7583,35.46413049,12731.03835,8021.636471,55.34153446,19888.97935,10857.99763,79.47032835,20789.92035,11433.46735,59.57023886,29434.86136,16417.45251,44.00883027
42003462600,23076.3258,12977.04974,49.6388483,9607.699383,5807.975864,92.90318841,12609.69938,7365.989624,56.64367734,13820.69938,8986.196961,30.76765208,10519.07297,6214.519697,46.75136893,15729.08839,8685.878242,69.78851626,16632.69938,9270.615727,51.71323034,23335.7148,13762.9222,38.26380178
42003457100,24589.35627,13426.92796,49.5434109,9986.331695,6056.642605,95.76257126,13136.3317,7669.659951,57.43581729,14527.3317,9365.446526,30.45222442,12208.3145,6816.30616,46.3214587,17224.83538,9169.286818,70.55641177,18212.83538,9794.509563,51.62796535,24922.35627,14259.57978,37.81441997
42003417200,26337.56676,14065.38857,50.398256,11797.17711,6709.851699,99.53365567,14857.17711,8269.1693,58.92092779,16140.17711,9983.314994,31.13290814,12450.78747,7120.730137,46.91947251,18284.17711,9668.167612,71.75941006,19221.17711,10261.53464,52.41662447,26625.56676,14879.68476,38.45024031
42003417100,27113.72404,14614.16907,52.37637922,12140.20299,7063.926535,99.80054258,15154.20299,8644.430769,60.07406913,16381.20299,10340.03428,32.63110189,12317.43405,7448.04117,50.06721519,18638.20299,10105.77284,74.15687834,19548.20299,10688.03037,54.89650021,27379.72404,15455.51352,40.47910278
42003477300,25079.84284,13781.07717,51.87524433,11015.17836,6499.223684,100.8672618,14061.17836,8074.57525,60.36918031,15326.17836,9769.307201,32.31846387,11770.51389,6933.333077,49.11525561,17325.17836,9435.868897,73.78969629,18253.17836,10026.06155,54.27284518,25360.84284,14610.23705,39.82879445
42003508000,23444.16275,12607.39125,48.49028443,9163.637584,5360.099802,91.22183075,12214.63758,6879.38853,55.18875413,13485.63758,8522.638173,29.59575911,8991.638423,5472.31262,43.66603875,15114.16359,8138.015933,67.50334512,16045.63758,8732.707288,49.68915915,23728.16275,13399.43334,37.07857863
42003456003,32103.93866,16636.23221,58.05395427,16688.53704,8892.596908,116.5647186,19601.53704,10450.9637,68.39084222,20705.38542,12200.86842,36.70490365,14560.9838,8817.632665,56.19975343,22326.53704,11793.74582,82.95567994,23179.38542,12366.27157,61.22679463,32319.93866,17468.41125,44.80491811
42003455000,29172.64318,15476.82153,53.87524295,14218.94453,7890.476369,105.0972965,17156.94453,9444.194715,62.44209555,18291.94453,11156.34948,33.76613783,13139.06597,8032.792345,51.68273125,20131.94453,10828.21265,76.45571793,20998.94453,11398.91749,56.55305203,29400.82309,16287.29545,41.60653857
42003480101,24767.96538,13620.48413,51.58452084,10641.98186,6313.016084,100.1824268,13691.98186,7900.029889,60.02845349,14960.98186,9570.023089,31.99321017,11133.99835,6666.715814,48.26754625,16847.98186,9227.652002,73.16999896,17778.98186,9836.742535,53.76928405,25050.96538,14446.08153,39.532512
42003563300,35394.07131,17742.64453,58.45172094,19007.55058,9739.168387,119.3149089,21869.47761,11283.36291,69.07498686,22911.47761,13052.01005,36.78410245,15588.95688,9406.338584,55.8966328,24522.47761,12643.5491,83.41096017,25345.47761,13201.50043,61.33532618,35584.99834,18587.66858,45.00406388
42003432300,23591.12231,12908.02263,48.87080304,9841.768718,5740.51818,93.5277848,12876.76872,7265.971637,56.23639307,14128.27131,8926.707606,30.06228967,10227.91772,5990.423405,44.80568994,15817.27131,8543.976719,68.6655619,16739.76872,9135.865732,50.46206919,23867.12231,13708.30578,37.38976
42003499400,26848.78523,14427.30116,51.62368241,12514.89262,7073.889937,101.5674418,15495.89262,8632.501042,60.28039963,16682.24832,10318.24113,32.13372358,12426.71141,7329.432843,48.62966322,18583.24832,9978.058902,73.43029245,19475.24832,10558.879,53.92243754,27097.78523,15247.18912,39.60077077
42003450700,25640.67384,13874.32014,50.09466373,12143.28017,6723.432211,99.32417324,15107.85066,8286.738279,58.94025682,16274.85066,9941.453556,31.14170065,12440.02748,7037.543115,46.89198585,17997.85066,9539.902226,71.29374254,18879.85066,10120.74025,52.18580707,25882.10335,14675.85754,38.29038165
42003450800,25083.26415,13664.41296,50.084195,10354.75542,6266.560641,98.25758327,13486.75542,7844.43327,58.35390316,14856.26555,9545.32476,30.7282726,12177.75681,6915.252316,46.52428673,17469.75542,9355.901556,71.4847676,18447.75542,9960.845061,52.10194247,25407.26415,14480.95731,38.11481846
42003453004,27854.3383,14785.14491,55.11990711,12340.5082,7119.33891,105.3643289,15399.5082,8683.461058,63.27970581,16680.5082,10403.11537,34.39866057,11335.3845,7211.363256,52.33350658,18485.5082,10065.96862,77.69908558,19421.5082,10655.64691,57.6041932,28142.3383,15603.07844,42.56901343
42003470502,26529.59146,14392.50824,53.81495846,10068.33155,6460.257198,94.61531886,13260.33155,8048.353068,58.98422678,14700.33155,9771.202551,33.38878235,11703.07165,7209.1146,52.69663977,17913.33155,9851.320694,75.44708134,18925.33155,10453.85325,56.80311963,26882.59146,15207.83955,42.09505502
42003448000,28813.94811,15183.28764,53.45568185,12724.15566,7401.962201,104.6658403,15843.15566,8997.023221,62.00269856,17196.8239,10770.55925,33.10404331,12950.36792,7789.10527,50.37654552,19730.15566,10537.4047,76.07940099,20700.8239,11136.02386,55.82808536,29131.27987,16055.42313,41.02271523
42003464300,23395.76838,13271.8489,51.10523405,9626.16973,5996.280545,94.72804975,12623.16973,7538.342294,57.91587408,13829.16973,9198.252257,31.81366607,10094.23713,6329.855862,48.51764456,15679.16973,8886.812775,71.67273388,16580.16973,9469.518399,53.3697266,23652.76838,14069.28751,39.55930539
42003492900,28512.04383,15083.35705,53.33320494,14034.86526,7630.988286,104.2166085,16940.86526,9155.598492,61.90044254,18037.63068,10839.4119,33.41277974,12388.45211,7590.176474,50.65489779,19448.86526,10425.6288,75.38166082,20297.63068,10993.51706,55.75509292,28724.27841,15887.26465,41.14685163
42003485000,24457.18381,13715.37642,50.83169564,11355.11467,6606.894218,96.45726903,14248.37774,8115.6825,58.32383436,15329.11467,9742.200687,31.86472991,11395.04553,6913.94744,48.9097116,16934.11467,9417.378316,71.81634272,17775.11467,9984.197052,53.39191426,24663.18381,14496.43319,39.36181045
42003501000,25803.59977,13837.29496,49.86855807,11352.86359,6511.065975,98.25063411,14411.86359,8066.951537,58.19391295,15693.39346,9751.385499,30.70554754,12245.65727,6963.343249,46.27066561,17914.86359,9478.211141,70.98399516,18851.39346,10072.02739,51.810721,26091.59977,14644.3924,38.00207066
42003500300,27371.29435,14785.99863,52.61575506,13494.92944,7472.840148,102.5182048,16412.92944,9000.852976,61.12424816,17522.70968,10682.86799,33.06858152,13407.56452,7801.075655,50.92672855,19379.92944,10381.00311,74.94199836,20234.92944,10950.19119,55.44473724,27589.29435,15588.34553,40.63585416
42003498000,29698.20223,15659.69806,54.16970456,15116.29135,8149.196387,106.288623,18026.29135,9685.124242,63.00267092,19128.15681,11397.80104,34.14601913,14281.24593,8363.094239,52.66284587,20985.29135,11091.20624,77.24903589,21836.29135,11657.25867,57.17135151,29913.20223,16474.90318,41.92078828
42003499300,28000.01031,15086.85281,53.3816174,13844.69588,7708.445316,105.3399281,16763.92784,9277.656838,62.5412777,17875.92784,10987.10852,33.61963187,13330.6134,7953.424903,51.42215883,19654.92784,10603.54989,76.17065615,20510.92784,11173.28484,56.1909256,28219.01031,15932.25404,41.19126862
42003564500,31557.02189,16522.48322,56.11681805,16613.37283,8927.758024,114.2900158,19529.20151,10489.66947,66.66147701,20637.20151,12259.38505,35.52031658,15353.38113,9056.137988,54.455797,22447.20151,11855.13807,80.69557451,23301.20151,12422.83593,59.29523238,31774.19321,17367.44549,43.20428564
42003564400,29046.19277,15293.73572,54.09784788,14433.07299,7833.07365,106.7705589,17392.07299,9416.12603,63.35479948,18552.07299,11133.31336,34.05796579,13816.71865,8056.78813,52.13028714,20393.07299,10746.30684,77.15253635,21272.07299,11329.79691,56.94190093,29285.19277,16138.30787,41.74155554
42003563900,25473.21636,14004.09646,52.20312596,10580.27805,6480.658452,97.43536151,13630.27805,8061.490802,59.27327852,14900.27805,9753.469585,32.44988975,11118.33974,6904.474954,49.80310616,17192.56102,9530.382168,73.55130297,18123.56102,10118.63772,54.65374728,25757.21636,14837.68502,40.41516293
42003405000,32319.09506,16667.47051,57.42195276,17075.7989,8994.437396,114.3309582,20008.7989,10587.94334,67.50721352,21136.87934,12346.60324,36.54331743,15835.58318,9154.997926,56.62468715,23057.7989,11973.48947,82.31520143,23921.7989,12541.20164,60.96684558,32545.09506,17539.50516,44.54183765
42003468700,24450.10811,13631.45725,50.98044087,9303.07371,6088.759808,94.47557561,12460.07371,7684.091573,57.66532252,13859.07371,9386.576082,31.47699706,11721.03931,6913.865983,48.7947717,16907.07371,9352.551186,72.30026128,17899.07371,9956.090612,53.52784117,24786.10811,14457.30285,39.35141036
42003561700,23623.34393,13786.15063,51.34377611,11496.37283,6861.833551,101.0204747,14371.37283,8396.610047,60.35057746,15429.37283,10047.17127,32.43411778,12364.40173,7323.022245,49.85317534,17014.37283,9647.655878,73.49507604,17845.37283,10214.19897,54.23066951,23820.34393,14567.46219,39.55372954
42003515401,21469.30217,12418.39341,50.24573121,6017.060935,4769.46191,86.38322125,9200.717863,6347.42188,54.57104372,10632.06093,8013.994621,30.65831807,7885.476628,5393.027359,47.09674935,13479.71786,7973.109169,69.48226306,14487.06093,8580.054904,52.11929518,21818.30217,13214.43175,39.03172905
42003101400,22024.83213,12631.82745,50.15126313,7656.505396,5240.670853,89.23765524,10709.16427,6771.743308,55.47954048,11981.5054,8397.953371,30.84795171,8186.178657,5551.016384,46.89239259,14001.16427,8185.252135,69.47735975,14933.5054,8774.956273,51.98186193,22309.83213,13404.22036,38.87564185
42003140300,20175.45165,12496.29266,53.48305178,5323.048982,4957.219614,96.28452267,8484.475827,6569.912136,59.8817653,9889.048982,8248.422335,32.98713673,6867.073155,5489.367986,50.35958562,12339.04898,8045.120784,74.71069021,13334.04898,8667.571636,55.70989194,20514.02481,13323.49706,41.35647729
42003460001,29853.67633,15608.54514,54.95680287,15089.47148,8049.025526,106.4081632,18013.47148,9610.604002,63.59206283,19131.47148,11309.95813,34.67972367,13817.50713,8142.636137,53.3724026,20822.47148,10957.60548,77.93460162,21680.59173,11523.95645,57.92672238,30075.55608,16453.46154,42.66347809
42003080700,15520.92359,9810.822582,46.23756555,4571.161209,3317.16579,87.17932513,7701.963896,4815.518847,53.38954583,9068.963896,6366.80862,28.19326356,8013.201511,3909.813856,41.58582056,10607.9639,5978.828403,65.03331517,11584.16121,6590.97488,47.52529516,15843.92359,10549.72236,35.0337757
42003070600,16377.42635,9972.718266,46.41806963,4464.635977,3207.304529,78.81383473,7521.635977,4685.993824,50.5761146,8799.078612,6174.894558,28.33390563,5221.288244,3260.334636,41.83636429,9691.635977,5750.078772,62.93742646,10626.63598,6346.39479,47.39457111,16663.42635,10694.70746,35.96969728
42003050100,16080.62745,10288.68921,45.18279902,5921.019608,3889.808161,81.7581396,8925.411765,5357.891328,51.05127786,10140.41176,6872.689673,27.95024875,8993.803922,4457.946308,42.23613902,11466.41176,6505.334926,63.07962056,12371.41176,7096.087997,46.95285732,16341.62745,11007.76309,34.80134246
42003090100,19851.34725,11511.66414,49.41394284,4985.062167,4063.043153,83.48232615,8163.062167,5602.532817,53.28195646,9587.622558,7205.288047,30.04954191,5531.337478,4247.920896,45.07536131,11498.06217,6990.534094,67.30663332,12502.06217,7599.601741,50.71207337,20197.78686,12291.40724,38.40124621
42003111500,17991.68728,10520.52496,45.34927304,3378.971845,3215.225407,80.07778191,6763.971845,4793.902115,50.02918366,8438.210659,6431.965774,26.86160883,6845.495224,3928.976957,39.48703612,11078.97185,6294.646213,62.60244621,12200.97185,6939.135418,45.93059907,18440.68728,11292.26175,34.41062374
42003140500,20998.31228,12167.11296,50.32120133,6856.288596,4899.063253,95.21743833,9995.288596,6459.040971,57.68568726,11372.2886,8119.315568,30.71576232,7692.264912,5164.671884,45.38272445,13179.2886,7749.394082,70.44550509,14161.2886,8357.751685,51.6771666,21325.69035,12954.9011,38.33351656
42003170200,18859.9822,11097.91689,51.43985578,2930.118932,3334.725908,80.15525551,6480.118932,4945.436761,53.41775561,8354.118932,6636.189373,31.41097615,8978.255663,4744.099992,50.28743173,12462.11893,6959.01327,71.00366879,13679.11893,7615.552509,54.20773923,19390.59466,11903.7242,40.47189274
42003261400,21123.81633,12427.64558,49.38951686,8487.285714,5438.51375,90.65401872,11491.67347,6954.371539,55.85959889,12707.28571,8567.428358,30.77038429,10150.53061,5924.605904,47.15438392,14566.28571,8301.397124,69.4294977,15471.28571,8885.751209,51.76114899,21384.81633,13218.19435,38.28039308
42003521100,29879.52963,15852.96273,56.08043616,14727.11111,8180.595956,108.0199809,17663.11111,9735.093583,64.59066282,18795.11111,11460.22894,35.4320318,13852.69259,8415.897121,55.06804941,20843.1963,11204.77206,79.73678414,21709.11111,11772.9588,59.36675439,30106.52963,16671.66573,43.58668142
42003496101,33936.75652,17788.88479,59.57577307,18186.09565,9922.272046,120.7873873,21095.07826,11510.04649,70.55458835,22193.09565,13327.61971,38.04738945,16261.41739,9987.43494,59.04864177,24097.07826,12937.9221,85.77863406,24946.09565,13500.47044,63.39813959,34149.77391,18654.64251,46.17351479
42003191100,21050.46797,12530.10851,52.07406395,8560.532033,5504.412587,93.11912342,11557.53203,7042.906123,58.33027176,12763.53203,8651.732604,32.84041093,10116.5961,6015.34474,51.13310943,14518.23398,8394.367147,73.07865761,15418.53203,8950.029277,55.03455667,21308.16992,13310.4488,40.73783711
42003478200,24342.92822,13703.0961,52.05113419,10244.34013,6354.165751,98.18683855,13240.34013,7907.632318,59.53816036,14444.66069,9567.493909,32.41331963,10630.75204,6719.691425,49.56186113,16422.34013,9290.88443,73.44518135,17322.34013,9873.012192,54.45859455,24599.24878,14486.55664,40.18170062
42003465800,23202.67903,13353.94066,52.06377697,9830.913428,6204.423085,99.55835543,12810.30153,7743.038514,60.14649593,13995.30153,9408.406488,32.56355264,10451.14782,6547.44982,49.60344077,15773.30153,9064.356954,73.78660983,16664.30153,9646.180137,54.59650936,23451.06714,14170.4648,40.16041495
42003471000,23280.02312,13174.27763,49.8930393,9121.219653,5841.582781,92.30463698,12239.21965,7415.051587,56.50170081,13592.21965,9082.126959,30.86979579,11826.41618,6685.381935,47.88318438,16402.21965,9008.972081,70.72148765,17371.21965,9606.808627,52.4313128,23597.02312,13958.2111,38.50664401
42003473300,26337.54649,14401.42414,53.97813708,11656.78952,6888.502401,100.7696601,14645.98943,8459.380435,61.38757367,15841.98943,10142.32003,33.84753527,11549.23246,7194.401156,52.25151138,17882.98943,9879.62823,76.07373806,18779.78952,10457.00713,56.79065327,26590.54649,15233.59511,41.97674616
42003462100,25520.41309,13998.76147,51.82388061,11218.58067,6619.087077,100.0021829,14242.58067,8181.252097,59.93405762,15482.58067,9857.295147,32.17490296,11598.3788,6968.650441,48.89773099,17473.58067,9556.861727,73.41279621,18390.58067,10144.15932,54.08295491,25791.41309,14789.46817,39.79727076
42003290400,23039.73716,13056.58947,50.06045156,9652.947633,5897.961695,93.93474832,12619.94763,7429.803514,57.1330632,13789.94763,9046.876449,31.06061864,10184.15811,6231.791046,47.16183524,15567.94763,8737.763866,70.35451611,16450.94763,9317.454634,52.15379475,23282.73716,13819.52853,38.57715576
42003040500,17878.33812,11037.81031,47.76556577,3719.893142,3715.697969,88.15559404,7206.69378,5378.979271,54.30274216,9004.69378,7062.093317,28.68192636,10077.04944,5044.536028,43.56848197,12565.69378,7068.568312,67.79609851,13746.69378,7727.609461,49.38054993,18377.33812,11822.43594,36.12376485
42003459201,26603.24227,14409.68202,55.0650896,11472.59665,6843.369368,104.8230873,14568.90979,8417.998732,63.21999401,15894.90979,10146.16273,34.46230137,11838.26418,7247.81357,53.05473241,18084.59665,9891.429177,78.07719669,19042.59665,10486.65967,57.93359486,26909.24227,15228.98693,42.56363282
42003120300,21622.73023,12702.25119,49.15776246,9371.195349,5811.186502,94.78956612,12277.19535,7356.319832,57.20149753,13372.66279,8960.844835,30.61792369,10035.19302,6131.101393,46.08337135,14828.19535,8518.53143,69.48624123,15676.19535,9092.562947,51.17909639,21835.19767,13478.16463,37.7097394
42003982200,20442.76923,11841.81665,49.8287837,0,3183.056065,73.86410829,0,4066.229635,46.80004137,2036.846154,5900.27387,28.24526954,9431.923077,5634.064538,48.54306792,12640.84615,7549.72273,68.83558667,14536.30769,8370.947825,52.41547321,21557.76923,12837.43889,39.13903736
42003560600,21324.35287,11870.22704,49.61678204,5128.955172,4107.589168,83.76514742,8380.955172,5703.368862,53.3544022,9894.955172,7317.711947,29.81581707,6023.117241,4429.363753,44.69273424,12427.95517,7218.015938,67.60332217,13473.95517,7836.115675,50.6398456,21707.35287,12644.90924,38.36285275
42003560500,19511.35406,11551.99693,48.77353323,6405.499647,4495.155809,88.16795439,9407.499647,6014.348234,54.67829282,10619.49965,7588.55857,29.89846749,6627.142049,4601.228253,44.36194614,11999.99647,7192.196895,67.35647079,12903.49965,7779.882097,50.09394696,19771.35406,12320.34039,37.56384399
42003560400,20105.76098,11064.80834,45.49337381,4857.673171,3624.173277,81.10320776,8201.409756,5218.63772,50.31496433,9827.409756,6839.630446,26.85583172,7315.795122,4165.823698,39.19593757,12399.40976,6674.181963,62.59151177,13498.40976,7312.758301,45.85256874,20534.02439,11818.9199,34.45694355
42003414101,33613,17194.71281,58.84571525,17210,9183.525167,115.0901792,20149,10782.79357,68.2328199,21284,12555.24121,37.26275254,14866,9121.639754,57.56544182,23216,12218.09369,83.66653576,24083,12784.74111,62.20392457,33842,18076.43917,45.78395187
42003429100,25651.94971,14293.16982,53.74528572,11366.14082,6935.513541,106.3044221,14418.73596,8515.621312,63.13901382,15691.73596,10278.34204,33.65591596,12366.92707,7461.632315,51.4411464,17904.14082,9943.686551,77.0448437,18836.73596,10535.48108,56.51609919,25936.54484,15143.34726,41.22530269
42003430200,24657.62249,13708.81342,51.77977025,10153.80589,6289.954749,97.28133857,13235.80589,7874.742923,59.11615344,14544.80589,9570.131043,32.1933345,11608.98929,6895.671084,49.56243058,17007.80589,9375.153016,73.33849431,17956.80589,9968.915685,54.33492583,24957.62249,14539.88503,39.99511992
42003403500,25809.56489,13887.99883,50.58754136,11269.74168,6526.782689,99.70210138,14310.74168,8080.663794,59.04051645,15568.74168,9780.011738,31.1928482,11676.91847,6847.569224,46.74626773,17646.74168,9456.9985,71.87497019,18572.74168,10048.9891,52.48600864,26088.03536,14694.70588,38.56788982
42003191500,19699.08163,11845.31731,47.96290672,8023.901361,5082.764553,89.2011034,10996.41497,6599.856259,54.80426423,12171.90136,8168.390394,29.8236489,9939.234694,5596.537543,45.38522862,13771.41497,7825.786174,67.47867551,14657.41497,8409.022039,50.07962281,19944.08163,12581.9982,36.95370854
42003191600,23190.12183,13452.22524,52.53014661,9959.934544,6278.876794,99.2032007,12949.93454,7818.290917,60.27600843,14147.93454,9470.536746,32.95661566,10949.74725,6730.44899,50.75802929,16008.93454,9179.345799,74.39032553,16905.93454,9761.222183,55.30030775,23444.12183,14244.84284,40.65547385
42003474202,32566.7292,16823.36347,59.12620775,15807.06873,8756.699989,116.5898193,18779.06873,10370.61868,68.89172284,19954.06873,12148.95823,37.16388802,13478.55607,8654.258487,56.76590038,21975.06873,11790.40625,84.00244543,22861.06873,12370.29106,62.09980275,32811.7292,17705.2251,45.71628307
42003490002,28956.98551,15284.00432,53.57715871,14731.69565,7959.087781,110.0591735,17637.0628,9501.501986,64.04947373,18733.0628,11211.25531,33.60606221,13213.1401,7901.250964,50.33865331,20084.0628,10700.08843,76.71609019,20932.69565,11271.65406,55.98960027,29168.98551,16130.12245,40.95635449
42003504100,27355.39238,14602.32023,52.24700766,13089.94933,7246.741993,102.8269578,16057.94933,8811.624195,61.09546298,17227.94933,10500.85335,32.66048911,12830.19083,7505.989821,49.63550071,19047.94933,10162.59145,74.46268431,19931.94933,10740.57391,54.77458821,27598.39238,15438.37509,40.17515713
42003551300,28162.87379,15038.59288,53.0938585,13302.98357,7512.389129,103.6735858,16288.23525,9067.822612,61.61511414,17479.98357,10780.18449,33.16200999,12984.59671,7770.035797,50.66958911,19516.23525,10491.78585,75.51044285,20410.23525,11070.74516,55.67665823,28413.87379,15857.96905,40.88945617
42003526302,28962.3218,15462.60753,54.82653212,13779.38062,7867.945367,110.9046699,16819.38062,9469.310344,65.00100167,18078.38062,11238.75468,34.28383639,13765.43945,8200.259153,52.13933721,20267.38062,10880.32385,78.70802167,21193.38062,11469.52511,57.50670933,29241.3218,16300.6374,41.9051093
42003496200,30717.23074,15962.98314,54.28515856,16150.24056,8486.723481,110.6939478,19045.48187,10063.33297,64.61902007,20129.24056,11791.96146,34.18774585,14624.25038,8507.326497,51.76620393,21677.24056,11309.16001,77.70830611,22519.48187,11875.72072,56.94818998,30924.47205,16814.28218,41.6642857
42003101800,24388.01961,13908.4134,52.7732896,10751.07843,6590.276806,95.40082477,13672.96863,8144.20459,59.16159114,14786.96863,9782.944065,33.32309337,10925.91765,6962.962579,52.02005301,16644.96863,9527.772026,74.03413212,17501.96863,10098.61507,55.83896707,24607.12941,14725.35049,41.40402308
42003202200,21897.06322,12771.70044,50.48496169,8917.132184,5698.563221,93.80829368,11835.13218,7218.311836,57.43862979,12945.13218,8814.476598,31.427262,8881.827586,5845.622716,47.4949459,14380.13218,8435.485177,70.62583081,15235.13218,9008.268962,52.57470093,22115.06322,13549.22298,39.04128597
42003518001,28247.03143,15308.26826,55.30010505,12590.71605,7521.058052,103.2067658,15636.71605,9099.319721,62.61294865,16901.71605,10867.36579,34.75826567,12879.50449,8003.424032,54.30404671,19463.71605,10713.12207,78.32992714,20391.71605,11296.02596,58.51406909,28528.03143,16166.16007,43.10973299
42003050900,15280.55,9594.037709,41.44072142,6738.61,3645.183913,81.4166996,9693.61,5077.507633,49.0300912,10849.61,6516.091818,25.29660046,9510.54,3964.856933,36.4049818,11358.61,5933.053504,58.24869864,12235.61,6524.212851,42.26058138,15517.55,10295.17135,31.19497883
42003050600,19036.78015,11749.22374,50.91193381,6697.573139,4755.440791,87.92771085,9707.897348,6256.476003,55.91998036,10929.89735,7814.776519,31.87162431,8175.690334,5167.300296,49.39728238,12530.89735,7568.006565,70.54210722,13439.57314,8152.218254,53.49914587,19300.78015,12494.80716,39.91184666
42003496102,32759.34054,16915.97295,56.79733227,17852.68649,9318.028269,116.6857416,20733.68649,10908.38586,67.90084523,21799.68649,12674.05639,36.09204489,16108.89189,9347.483848,55.27067693,23450.68649,12196.2518,81.77981295,24284.68649,12758.43955,60.05532631,32959.34054,17789.90235,43.75900774
42003523501,29391.53408,15654.69055,55.39890572,14290.96919,8024.044899,108.6836627,17261.96919,9594.245408,64.50887689,18435.96919,11328.83684,34.85239105,13617.20915,8260.643948,53.6363872,20456.96919,11021.8537,79.01903509,21342.96919,11597.50731,58.40366021,29636.53408,16475.71981,42.79384705
42003414200,32279.10586,16715.78584,57.05333074,16362.1841,8884.644535,113.6334913,19302.1841,10455.70408,66.80115801,20440.1841,12221.15423,35.95430279,14640.14812,8899.938842,55.15460901,22434.1841,11899.40199,81.51945392,23302.1841,12473.04521,60.1814976,32508.22008,17593.81434,44.10962222
42003522000,23916.92286,13075.20407,49.56516753,10117.752,5924.142235,95.8434291,13124.752,7451.366526,57.417734,14342.26114,9099.522311,30.56155494,10349.09029,6157.075813,45.61581778,16060.752,8730.625414,69.9444364,16966.752,9318.562162,51.32213437,24178.92286,13879.2802,37.89873123
42003451101,32082.15615,16695.02643,58.49272885,16034.77693,8790.208064,115.2176774,18997.89866,10359.63368,68.1045149,20162.89866,12127.32652,36.91404485,14019.64117,8722.019788,56.6918436,22008.89866,11784.11544,83.26502098,22890.77693,12356.77996,61.68202663,32322.15615,17537.98012,45.29123387
42003521500,29977.42341,15601.26429,55.42235083,14778.07736,8007.726095,108.7633465,17772.27334,9564.86779,64.5546072,18975.07736,11303.85743,34.90095927,14357.92728,8265.931679,53.78533127,21104.07736,11030.7667,79.18493052,22003.07736,11609.42204,58.54935843,30233.42341,16461.17159,42.86082018
42003020300,17204.54806,10186.53225,47.01116138,3732.993255,3160.734233,85.0225612,7243.993255,4757.345701,52.97023837,9071.993255,6393.60696,28.34372391,10835.22597,4677.698038,43.70112959,12589.99325,6485.499375,66.87609379,13784.99325,7147.408341,48.98322098,17715.54806,10974.44951,35.73235853
42003526301,32775.94159,17131.7633,58.52440841,17333.68378,9350.461981,116.6687378,20240.68378,10916.99788,68.63657709,21337.72035,12734.35399,37.30950737,15560.46254,9422.029508,57.82580801,23166.68378,12337.80333,83.83901655,24015.68378,12900.84718,62.18253587,32988.94159,18017.94815,45.46785077
42003509400,23888.77762,13197.14111,49.57105809,10152.7847,6053.328891,98.22939257,13212.7847,7623.563113,58.29900141,14494.7847,9312.42964,30.58849786,11557.79178,6568.135115,45.85165509,16613.22238,8965.768105,70.71904059,17549.7847,9562.092846,51.4858413,24177.77762,14016.6732,37.68665276
42003030500,15339.67097,9909.387728,44.25579651,5431.306452,3592.08819,81.89006568,8516.306452,5071.418002,50.69092189,9829.037097,6566.153581,27.16947442,9658.941935,4315.731776,40.79647062,11371.30645,6248.905564,62.25874198,12322.30645,6852.601673,45.88641392,15640.67097,10643.95393,33.80794735
42003981200,,,,,,,,,,,,,,,,,,,,,,,,
42003140600,21379.96629,12758.18711,51.70038991,7173.474554,5365.310604,93.68832043,10220.47455,6929.537072,57.93833081,11487.47455,8569.73509,31.95033546,7948.345671,5748.226649,48.69797268,13563.47455,8333.365689,72.15732512,14492.47455,8923.24251,53.79699815,21661.96629,13529.575,39.98771515
42003427000,21671.38717,12372.55865,48.2271485,8674.056528,5342.253104,90.91817747,11740.05653,6890.090641,55.28510873,13029.05653,8503.134164,29.72567266,10555.72589,5892.350861,44.98002799,14999.05653,8217.128286,68.00495264,15939.05653,8813.406562,50.11376412,21962.38717,13127.71848,36.94602722
42003250300,16751.29672,10462.18023,48.10716891,4708.24679,3588.283225,82.33138014,7746.24679,5082.096138,52.59311362,9001.24679,6574.871167,29.51016733,6044.694722,3809.522787,44.38004507,10304.24679,6253.855613,65.78336435,11227.74893,6845.437835,49.56155591,17028.79886,11159.0401,37.32261525
42003250700,19462.85224,11255.68004,46.07955587,7141.683377,4372.868751,81.92446133,10156.16623,5887.928703,51.27334817,11382.68338,7410.034927,28.2107359,7894.997361,4535.229808,41.90266246,12601.16623,7007.960752,63.29356297,13511.68338,7616.734335,47.29579727,19728.85224,11986.15934,35.55367907
42003241200,21351.32519,12379.93671,51.08333008,8756.646617,5334.849823,88.56775945,11750.64662,6862.552184,56.25909759,12952.64662,8428.860112,32.17099471,10029.96805,5781.505411,50.23554037,14627.64662,8185.047388,70.98686097,15526.64662,8764.326166,53.9362576,21607.32519,13149.81276,40.19099115
42003240600,20653.73628,12062.75008,50.49510449,7073.267508,4823.292879,87.18666801,10215.6265,6393.813761,55.42662856,11597.6265,7997.07859,31.37351912,9233.157729,5424.49683,48.61892995,13774.6265,7824.253062,70.10135305,14758.6265,8426.637214,52.91938256,20982.73628,12838.92006,39.46386822
42003250900,19049.20539,11415.34185,47.99879497,6761.205392,4509.305204,83.51578206,9804.205392,6027.623755,52.93701855,11065.59692,7591.522996,29.80731697,8902.205392,5063.490215,45.83158141,12877.59692,7350.559945,66.59766196,13804.59692,7940.724737,50.17730017,19329.20539,12180.42681,37.4291594
42003492700,27942.15498,14890.04609,52.3488669,12898.12915,7367.215116,104.049452,15929.12915,8937.201586,61.33928297,17176.12915,10681.23044,32.52963042,12868.46125,7680.290991,49.22629157,19316.12915,10352.91139,74.65709689,20236.12915,10940.59696,54.63578627,28216.15498,15723.41676,40.06252499
42003130100,21950.43902,12492.86306,48.27683447,9660.414634,5603.62565,91.37945546,12528.97073,7116.415748,55.51507081,13579.41463,8674.443446,29.9404042,8997.502439,5579.338198,44.42266562,14498.97073,8153.658991,67.30053175,15325.97073,8721.655815,49.83411115,22144.43902,13248.47698,37.13212982
42003488400,27417.62781,14750.22915,52.72988176,13390.48742,7396.066806,102.4254291,16311.72318,8929.510199,61.13520967,17426.48742,10599.35979,33.08402958,12792.58278,7587.206525,50.61027473,19092.48742,10253.51973,74.79527276,19950.48742,10823.81215,55.35761274,27637.62781,15541.77318,40.71609607
42003476100,23063.65154,12954.82843,50.09822244,8948.800146,5705.342222,96.46095826,12089.33089,7293.364269,58.03391399,13468.33089,8990.037895,30.88309008,11036.01025,6376.308345,46.78748327,15882.80015,8737.40108,71.24885115,16865.33089,9343.919845,52.18391287,23391.65154,13778.45722,38.27555559
42003070300,17360.46992,11017.69421,52.3733695,2474.38374,3524.377063,92.51150932,5872.38374,5137.837626,58.09419661,7562.770732,6836.315809,31.84621802,7263.684553,4611.471702,48.95909937,10962.38374,6867.804683,73.57065513,12092.38374,7510.270165,54.51812544,17815.46992,11826.02698,40.20898932
42003060500,18520.05714,11531.30623,48.68856374,6653.554037,4713.332572,88.46164252,9724.079503,6255.305677,55.06817613,11018.0795,7860.872107,30.34098515,9604.101863,5439.613203,46.65540434,12945.0795,7586.689366,68.52327038,13887.0795,8181.934871,51.09944779,18813.53168,12314.31967,37.69913809
42003070500,16611.57471,10209.6872,47.47190787,3115.833248,3080.485895,84.50165792,6485.833248,4682.538922,52.98997015,8141.833248,6272.733878,28.51133121,7980.09179,4048.129537,42.91710148,10966.83325,6200.484886,66.32835075,12079.83325,6842.437209,48.82038345,17052.57471,10954.01348,36.12581866
42003191800,23782.14634,13299.60419,51.36398316,9181.544715,5831.993526,91.37631078,12252.54472,7372.205123,56.83716149,13548.54472,9020.674045,31.87496336,10557.94309,6417.059776,49.61709365,16051.54472,8940.335374,71.85611023,16994.77236,9529.953603,53.94795614,24076.14634,14081.80926,40.02595183
42003151700,21253.28604,12695.9437,51.59761067,7779.283732,5483.45201,94.69582264,10846.90517,7033.510759,58.32902761,12136.90517,8690.975251,32.12799401,9874.524287,6144.734345,49.6291895,14448.90517,8505.053956,72.8036904,15389.28373,9097.534294,54.21582411,21544.90748,13483.31601,39.93722008
42003151600,20399.76862,12466.54327,51.11059648,8032.034865,5494.924122,93.87030795,11021.39382,7044.454614,58.04502096,12218.39382,8672.529775,32.10876093,10217.66006,6160.175272,49.80692056,14248.39382,8412.069481,72.23671835,15145.03487,8994.426924,53.97217218,20653.40967,13266.57713,39.72226868
42003429201,27195.89648,14835.87934,55.08431259,11023.3463,6971.777234,103.0954141,14149.3463,8604.308083,62.60496401,15511.59012,10352.15325,34.29549204,11674.79611,7483.762356,53.0509707,18278.3463,10234.26775,78.00446718,19252.59012,10831.41729,57.94975595,27516.89648,15689.1371,42.68486738
42003523502,28571.13451,15190.562,52.86145437,14585.09511,7886.219492,106.8313747,17519.09511,9466.947482,62.77381841,18650.09511,11183.10203,33.28097136,14347.05571,8171.491804,50.71362322,20438.09511,10756.13923,75.83591461,21303.09511,11340.48722,55.62639654,28798.13451,16032.49497,40.58129353
42003523702,28580.63697,15128.16671,52.80407921,14513.5516,7813.744176,106.8293015,17452.5516,9381.170384,62.70917974,18588.5516,11104.37616,33.18197807,14162.77951,8064.557793,50.4087122,20346.86488,10678.05878,75.72116235,21214.5516,11252.24755,55.45926624,28808.63697,15980.20785,40.50779764
42003526202,30865.5153,16138.79456,56.17639864,15661.15488,8504.764733,112.4680836,18624.96319,10099.79753,66.23260492,19790.15488,11865.56246,35.50610818,14791.79446,8706.444723,54.52470595,21786.96319,11486.8653,80.52601827,22668.15488,12060.44287,59.33849929,31106.32361,17012.70601,43.36080998
42003010300,20416.71429,11270.32253,50.72265767,4184.685714,3498.81394,79.78030012,7759.228571,5125.727959,52.92394125,9664.228571,6795.418515,30.8880171,9885.2,4814.559715,49.12106561,13676.22857,7080.039574,69.95138151,14907.22857,7741.006641,53.28021582,20959.71429,12073.42573,39.82066256
42003080200,16708.83562,10516.85698,45.89241034,5093.707436,3823.721263,80.92239363,8208.707436,5330.803158,51.07326643,9556.707436,6869.049985,28.20612356,8997.579256,4665.463635,43.27571979,11704.70744,6718.082478,64.18182543,12672.70744,7320.701219,47.88853988,17024.28474,11274.53768,35.46464697
42003130200,21982.73585,12865.02971,50.40636315,7662.796807,5435.205067,89.55628236,10643.79681,6972.994505,55.70548356,11828.79681,8584.239461,31.03039216,7573.857765,5630.1512,47.11742713,13724.79681,8340.654938,69.67653894,14615.79681,8920.158024,52.20444908,22231.73585,13625.03012,39.11240341
42003491200,29185.04481,15446.31104,54.12942298,14699.8778,8024.714681,109.9170063,17675.56212,9598.829942,64.35255179,18855.56212,11340.53972,34.03217129,14405.71079,8314.277865,51.89577911,20744.8778,10934.99831,77.78333717,21632.8778,11525.57272,56.96294974,29431.04481,16284.60719,41.48756383
42003080600,17164.28846,11050.67057,48.90933806,4415,4014.49147,86.02200797,7499.519231,5541.422431,54.15672019,8811,7129.073837,30.028971,6154.230769,4406.412523,45.2398974,10531.51923,6832.25738,67.59415201,11482.51923,7431.248383,50.54488882,17464.28846,11803.28512,37.8075268
42003429500,24305.49736,13309.71431,51.47795899,10215.13054,6029.484537,97.73575006,13246.13054,7601.22585,59.18261467,14493.13054,9244.283242,31.93732067,10063.76373,6223.668299,48.07583385,16094.55144,8868.636804,72.40115442,17015.13054,9458.094438,53.52512623,24579.49736,14104.72248,39.60196517
42003561000,23774.13667,13295.38098,51.47393739,7707.193333,5523.504781,91.83825573,10923.19333,7114.419365,56.89544378,12394.19333,8849.078354,31.53279081,9369.906667,6163.869902,48.43231651,15351.19333,8787.196426,71.88847251,16377.19333,9398.800849,53.55738812,24140.13667,14131.8691,39.85436147
42003475301,26557.56484,14512.36987,53.62085098,11652.78194,7006.579404,104.4636338,14732.78194,8601.731664,62.38360739,16039.12872,10335.75978,33.4701155,12710.34582,7573.117034,51.44540081,18509.78194,10098.77871,76.61289088,19457.78194,10692.21345,56.38237617,26856.21806,15329.98719,41.20465418
42003495000,33426.61151,17098.15041,57.48895169,18154.92566,9394.399318,117.0664381,21028.92566,10942.32127,68.17839001,22084.92566,12703.41437,36.46428135,15524.23981,9228.288912,55.71637734,23496.92566,12231.40653,82.31413114,24327.81535,12792.39632,60.6433916,33622.61151,17935.26269,44.35889287
42003439000,34324.63884,17640.12496,59.24590159,18821.20784,9852.784996,121.6891916,21683.20784,11413.5583,70.61842021,22727.20784,13202.16564,37.72785231,16199.69676,9716.663058,57.942659,24292.12777,12743.13875,85.2011429,25115.20784,13301.37304,62.74246482,34515.63884,18494.40034,45.73283581
42003431400,24300.80802,13459.1381,50.40983015,11598.68959,6486.996367,100.0631369,14514.68959,7996.22227,59.35419835,15622.68959,9636.817168,31.45750135,11398.57116,6626.790272,47.09084323,16841.68959,9147.522314,71.56909186,17695.68959,9722.670359,52.48300239,24518.26552,14241.63036,38.54980661
42003488600,27512.03251,14917.63286,54.37282938,12587.56307,7369.318718,104.3708224,15630.56307,8942.300676,62.69745117,16893.56307,10682.31154,34.15969825,13405.87256,7933.876013,53.106224,19360.56307,10489.23818,77.62080203,20287.56307,11074.96527,57.52159742,27792.25358,15746.079,42.08238108
42003552300,24303.23951,13344.86732,49.788929,10227.94355,6030.733592,91.30778764,13179.94355,7536.616936,55.86531305,14330.94355,9182.158897,30.82097626,10521.09992,6352.139698,47.06599179,16378.66972,8951.861547,69.60228728,17252.94355,9526.875733,51.8775395,24538.23951,14144.35032,38.59184027
42003427100,30286,16158.06045,57.07664366,15046,8418.449117,108.5588695,17957,10001.0279,65.45236327,19058,11729.56256,36.25897904,13691,8564.543314,56.52933081,20984,11433.31713,80.90614125,21835,11996.05216,60.58782159,30501,17021.09199,44.63581739
42003491101,31976.55371,16630.89085,57.82887126,16543.9222,8920.262815,116.8989841,19446.9222,10486.17054,68.3710787,20538.09479,12241.95438,36.56343076,14110.46327,8744.757891,55.62712769,22044.9222,11785.43514,82.65311276,22891.9222,12351.56141,60.8812106,32187.38112,17496.13704,44.60451377
42003452000,31435.28333,16253.48822,56.82515015,16374.10395,8609.533592,112.8832794,19305.10395,10183.07405,66.63738711,20431.95088,11918.17486,35.97451254,14727.61842,8618.040902,55.20301657,22062.95088,11508.10457,81.07466765,22925.10395,12077.19627,59.96568391,31660.28333,17114.47677,43.9847593
42003459102,29834.0854,15815.03915,56.11976063,15187.93536,8300.162227,112.2160369,18117.93536,9891.63849,66.25726994,19242.93536,11628.68204,35.53609102,14071.56903,8436.746788,54.44208192,20934.71907,11191.31672,80.29907003,21796.93536,11770.06349,59.25870756,30058.0854,16678.44342,43.33557955
42003451300,32181.0367,16721.04028,58.10788012,16036.9446,8784.895029,114.0195026,19026.9446,10391.15786,67.61245181,20224.9446,12166.90677,36.68772116,14702.85249,8911.470313,56.69035567,22380.9446,11869.5,82.85078573,23277.9446,12445.09064,61.41860434,32435.0367,17598.47709,45.06078501
42003470501,21130.22151,11718.4625,47.87399946,8213.377393,4755.72948,89.72076615,11238.76253,6285.01185,54.74072367,12478.76253,7838.011195,29.28257147,7621.303555,4637.154777,42.55012069,13290.37739,7281.285011,66.14895546,14207.37739,7874.971545,48.77096101,21401.83637,12458.28798,36.57090654
42003480300,27577.76667,15188.71394,55.88832644,12842.88,7593.595191,104.4127541,15804.96667,9148.357381,63.50165635,16969.88,10855.93737,35.37501525,12527.08,7921.906531,55.34835832,19010.96667,10627.40489,79.06392037,19891.96667,11199.08826,59.29148523,27818.76667,16001.88165,43.66871733
42003412001,34072.87666,17269.1462,58.94439183,17430.40629,9213.025395,116.5762828,20365.47279,10774.96436,68.5705797,21497.40629,12542.25363,37.12627795,14571.93591,9008.71861,56.88682606,23300.40629,12198.63669,83.70208421,24165.47279,12766.14267,62.00229478,34299.81016,18109.55255,45.63263096
42003404000,29501.15063,15512.98044,54.27506584,15021.90633,8113.606054,110.1728336,17959.90633,9676.034857,64.49738511,19093.61139,11406.71166,34.17111964,14097.36709,8227.087672,51.84034998,20775.90633,10964.91383,77.83788435,21642.61139,11538.41986,57.04798647,29729.15063,16363.16982,41.65034072
42003484600,23301.91273,13019.30114,49.64876184,9549.727273,5825.726479,94.22891894,12607.72727,7383.855338,57.03574054,13886.72727,9028.840628,30.69306503,11078.10364,6419.683976,46.79764307,16081.28909,8788.533099,70.28885735,17016.72727,9398.044502,51.83205074,23588.91273,13809.30835,38.11597409
42003551200,24536.43666,13266.55263,48.4334295,11030.22372,6153.895657,94.58791166,14011.22372,7669.642973,56.30844065,15197.69811,9331.164982,29.8669685,11445.48518,6439.64838,44.60024258,16936.69811,8952.236299,68.49458439,17828.22372,9536.426399,50.14536267,24786.43666,14069.01289,36.99043209
42003475402,30458.86753,15997.61095,55.83439503,15195.5412,8327.036506,110.9654379,18129.5412,9890.226119,65.40401758,19259.5412,11628.34444,35.09738788,13813.02262,8407.145304,53.67862821,21114.5412,11269.90582,79.63880849,21979.5412,11840.67001,58.70672689,30684.86753,16823.31656,43.02894448
42003413202,30485.49681,15659.35118,55.44402511,14943.63179,7925.215925,105.9481553,17861.63179,9451.194828,63.41562031,18973.63179,11130.53234,34.74193534,12478.76677,7741.703206,53.01053378,20472.63179,10782.85786,77.85244029,21327.63179,11349.25676,58.01143469,30704.38419,16457.86274,43.02331144
42003429202,28545.38866,15391.73382,56.22669556,13248.45243,7680.299575,105.0258317,16207.45243,9232.749994,63.73955438,17367.45243,10938.31509,35.47004288,12179.51619,7851.939497,55.16213121,19323.45243,10693.52913,79.24621852,20202.45243,11264.52671,59.43025017,28783.4666,16202.52314,43.91370626
42003260200,24814.87738,13973.56747,52.21866316,10392.03992,6529.50944,97.36560736,13399.03992,8079.082215,59.25676904,14618.03992,9762.463242,32.54551407,10808.20247,6928.23178,50.07677376,16739.03992,9531.998305,73.57154799,17645.03992,10113.62846,54.76251478,25076.87738,14774.92586,40.46012391
42003060300,18793.72319,11342.39993,49.01753598,5262.104943,4193.704981,88.40582024,8467.104943,5749.269606,54.9524948,9925.104943,7357.113623,29.92084059,7949.486692,4825.775308,45.24322517,12159.10494,7167.526635,68.42976204,13178.10494,7783.89159,50.72229522,19153.72319,12114.36873,37.63969584
42003111400,19656.01546,11961.33087,48.75117071,6642.381443,4875.686014,88.33780618,9689.381443,6426.370027,54.79104313,10954.38144,8044.459201,30.07872358,8240.203608,5337.714461,45.51837194,12847.38144,7748.520158,68.01495648,13776.38144,8340.232186,50.58296283,19937.01546,12750.85743,37.64343575
42003070900,17927.70916,10844.93319,49.31689702,2607.916697,3284.574279,85.75619561,6211.916697,4965.927465,54.29629958,8150.916697,6658.481346,29.63902913,9855.45781,4908.765598,46.19021031,12396.9167,6891.716468,69.63162172,13644.25027,7562.104971,51.40313942,18484.37558,11637.04338,37.71162521
42003111300,18397.86835,11155.53279,48.89518846,5572.118008,4190.140921,90.58494558,8649.750341,5725.012287,55.65683573,9953.118008,7319.278594,29.91074801,6630,4425.472307,44.10703832,11391.11801,6896.675747,68.0284313,12338.11801,7497.694256,50.17179444,18694.86835,11926.26173,37.37579524
42003120400,20108.15663,11602.44559,46.1976819,7127.638554,4632.083444,84.52060016,10167.09639,6157.557315,52.08232815,11425.09639,7747.918671,28.20687084,8640.036145,5064.789955,42.10136268,13278.09639,7459.020053,64.38823035,14203.09639,8035.724025,47.54009822,20386.6988,12375.39242,35.43702498
42003120700,20624.3506,11743.06233,46.65060339,7477.804781,4745.047905,84.56822622,10526.80478,6252.903292,52.27809571,11796.80478,7843.303757,28.5618656,8778.258964,5130.957097,42.83877293,13597.80478,7563.236763,64.87622892,14528.80478,8156.397078,48.15172544,20907.3506,12518.3001,35.91918061
42003516100,23133,13338.03309,51.91363824,8982.357143,5974.95556,95.84498427,11989.35714,7519.66781,58.66593043,13206.35714,9181.056991,32.27521042,9520.02381,6362.09302,49.46602156,15254.35714,8936.8919,72.90117063,16160.35714,9520.107903,54.29363309,23395,14128.33371,40.20315862
42003516200,23183.64631,13292.90631,51.60053086,9483.979263,6065.148429,98.22073302,12477.37673,7605.830181,59.35369814,13678.97926,9271.288096,32.09367133,10000.31221,6414.997428,48.72447013,15528.97926,8944.625865,72.89453834,16427.97926,9528.092134,53.87266955,23439.64631,14086.21348,39.70798962
42003456004,28089,14554.93974,53.86825405,12611.27225,6921.939671,103.1007491,15627.27225,8481.875918,61.84938873,16856.27225,10164.48772,33.4190976,10481.5445,6704.311944,49.92018156,18206.27225,9712.367531,75.28462792,19117.94764,10297.27721,55.74990584,28355.67539,15383.26022,41.52840233
42003526102,32722.19731,16883.0717,56.48458541,17952.1704,9326.485135,118.3159768,20826.1704,10889.352,68.17593711,21883.1704,12655.17891,35.76172092,16070.1435,9295.00948,54.33068215,23418.1704,12153.03196,81.54206508,24248.1704,12716.48845,59.50657833,32918.19731,17725.01486,43.24887872
42003445500,27223.15047,14604.92134,53.64564794,11011.79781,6770.405672,101.3126408,14147.79781,8370.509284,61.08312911,15521.79781,10127.73579,33.12923315,11352.75705,7173.340104,50.55523013,18124.10972,9938.429974,75.66206364,19104.10972,10538.67157,55.92229738,27549.15047,15446.65576,41.31645653
42003492800,26257.96018,14012.08952,50.0801261,11786.82852,6611.347363,96.0671792,14741.82852,8166.904274,57.58894207,15896.82852,9808.641312,30.89765628,11050.04303,6701.616343,46.28623097,17618.17469,9470.197482,70.37179902,18494.82852,10047.64056,51.84273722,26494.614,14813.64684,38.45984565
42003409000,32811.49329,16837.23506,58.63988883,16688.53267,8949.353681,117.356095,19641.53267,10519.54857,68.85067128,20794.53267,12297.63523,37.00050858,14692.57205,8916.690153,56.74999105,22717.53267,11935.25631,83.78419927,23593.38079,12507.45648,61.82862775,33047.34141,17685.31872,45.27277271
42003513800,24256.72395,13175.24719,49.51619217,8728.606411,5552.80001,88.79566226,11841.60641,7138.340887,54.90890982,13187.60641,8784.091005,30.21458644,9142.141585,5894.349675,45.67735105,15551.60641,8607.468536,68.62378126,16518.60641,9205.650927,51.07716691,24570.72395,13973.77471,38.25725199
42003561400,23215.62327,12961.76963,49.27670868,10457.3107,6015.139196,97.53877261,13415.3107,7547.59875,57.98976777,14573.85192,9187.11236,30.56292421,10850.53935,6252.536212,45.45595445,15995.3107,8710.710824,69.91548673,16873.3107,9293.540001,51.0803367,23453.16449,13760.81162,37.56872709
42003401100,31074.52329,16215.06833,54.94837498,16290.49863,8689.431667,113.107388,19210.75616,10260.67385,65.71197838,20323.75616,12015.07566,34.6235168,14996.47397,8773.749239,52.567,22024.49863,11553.64086,78.9869091,22881.49863,12126.24165,57.73986679,31293.78082,17048.46566,42.09604752
42003523400,27903.604,14981.19359,53.52291888,12850.52879,7389.664793,103.0235842,15890.52879,8981.784411,61.74416201,17148.30552,10709.75015,33.48246171,13428.45358,7878.129734,51.73203793,19570.30552,10496.24378,76.22786467,20495.52879,11081.62086,56.38189927,28181.604,15835.27779,41.36837715
42003408002,33321.4783,16873.04128,57.71990106,16663.78421,8847.657657,112.8216152,19627.85531,10443.33044,66.8323574,20794.85531,12206.99055,36.30020307,14305.16122,8753.308195,55.64023771,22770.78421,11874.87744,81.82841124,23652.78421,12446.38488,60.67577002,33562.4783,17748.57841,44.75412914
42003427200,26410.15857,14556.5674,53.94911828,12674.67422,7246.435024,103.6515215,15597.67422,8774.439724,62.28565607,16714.67422,10451.71727,34.03047918,12308.96787,7475.571021,52.4010366,18346.45222,10104.881,76.52245928,19204.67422,10674.62318,56.88994569,26631.15857,15356.35202,41.82441363
42003040200,21056.68276,11715.6114,47.65064859,0,2941.523652,73.0151242,2361.071724,4342.03395,46.96413647,5344.071724,6340.332902,27.13499963,13068.05241,6126.579652,45.98919381,14956.07172,7797.341456,67.54692926,16698.07172,8579.544863,50.23551311,22039.68276,12638.78506,36.7306773
42003101700,18337.29061,11244.74052,47.55149797,5678.959391,4242.122447,80.96677956,8682.959391,5748.481658,51.71788013,9896.959391,7283.796821,29.27951228,6946.246193,4616.524694,44.62700603,11571.57741,7040.766774,65.22393576,12475.95939,7625.498152,49.2766255,18597.67259,11964.87915,37.04865337
42003101600,18672.91071,11576.3871,48.00812502,8002.40051,5083.032245,95.61964543,10892.40051,6599.177218,57.09859415,11968.40051,8158.275919,29.82798342,9174.214286,5363.393176,44.05455772,12934.07653,7583.797258,68.19802686,13773.40051,8160.915777,49.69197789,18877.58673,12306.17629,36.41159959
42003180700,16851.27838,10953.21891,48.39502388,6473.640431,4409.328004,86.33843893,9415.092792,5894.709427,54.33062865,10554.09279,7404.284495,30.32554338,9100.454847,4959.825016,46.75106675,11949.64043,7078.657922,67.64836894,12818.09279,7656.985241,50.86059519,17081.27838,11661.89114,37.64568321
42003110200,19070.46429,11562.76154,49.36775794,5976.614564,4475.360497,90.224935,8977.070501,6022.856701,55.72958797,10187.61456,7588.334334,30.22674543,5978.764842,4514.893878,44.56000028,11456.61456,7141.441947,68.1805214,12359.61456,7730.076127,50.55685258,19329.46429,12313.11086,37.88226984
42003470300,27042.73835,14727.96019,54.31557166,11397.33577,7011.493976,103.3358608,14557.62605,8625.873766,62.2770762,15961.33577,10380.27486,33.8485421,13097.22347,7747.138823,52.65949268,18888.62605,10278.7714,77.47874665,19882.62605,10881.65929,57.30770375,27380.73835,15553.18939,41.91153047
42003474101,30458.71175,16257.92881,58.0464076,14644.22616,8392.705361,111.3919333,17587.22616,9957.525689,66.7205961,18728.22616,11742.96995,36.72381626,13272.74058,8521.868537,56.97928002,20838.22616,11454.56216,82.39073428,21708.22616,12023.31487,61.42774482,30689.71175,17129.46821,45.22839989
42003170600,19701.70875,12026.62511,50.43239044,8507.774572,5322.88227,91.04307607,11411.77457,6802.64017,56.80955071,12505.77457,8364.991636,31.89051636,9890.840397,5753.441163,49.46181442,13796.77457,8011.94349,70.72383548,14643.77457,8582.097956,53.30239258,19912.70875,12771.04951,39.40538105
42003090300,17133.41566,10329.97906,45.85484318,3934.9749,3233.888869,75.72023205,7159.9749,4784.548559,49.15357232,8641.449799,6316.602973,27.72553122,7581.534137,3992.716188,42.31151123,11130.4498,6252.025945,62.80084366,12160.9749,6869.399718,47.2726293,17502.94076,11059.57299,35.54581983
42003070800,17758.62405,10555.76165,46.86090643,4508.132576,3521.489096,85.62089077,7736.883523,5095.262077,52.9558944,9221.883523,6665.368032,28.18257839,7028.142992,4002.844031,41.35866332,11163.88352,6360.136028,65.00921252,12196.88352,6983.135767,47.6903795,18130.375,11293.23372,35.55356276
42003090200,18739.72093,10969.96317,48.33599169,1941.901163,3075.179849,77.70940676,5539.901163,4732.761116,50.79107032,7473.901163,6430.720633,28.73839074,8144.540698,4534.351362,44.90429409,11950.90116,6771.817776,66.77726289,13195.90116,7438.171724,50.00712398,19294.26163,11765.55746,37.35710779
42003100500,22173.50153,12945.09666,51.00015852,8969.156282,5784.776574,93.16601722,11942.85495,7331.505935,57.535231,13120.15628,8959.855357,31.88814403,9536.811032,6124.854925,48.87059235,14806.15628,8634.435533,71.39886671,15693.15628,9212.318893,53.42201077,22419.2002,13747.0525,39.66684857
42003140200,19496.54027,12037.18026,52.80850931,6021.310407,4843.380211,98.92066314,9161.310407,6432.275413,60.56839123,10540.31041,8078.221075,32.66292672,8177.61991,5436.121456,49.62287767,12670.31041,7805.51037,74.59344522,13652.31041,8412.131873,55.07832217,19824.54027,12825.00486,40.50780854
42003140100,22357.69288,13368.57999,56.05061983,7900.814061,5804.672925,97.73332642,10970.81406,7368.063034,61.64939131,12265.81406,9027.263143,35.2463262,8898.935245,6264.370042,55.33969846,14510.81406,8889.636071,78.17037166,15453.81406,9477.827438,59.29259647,22650.86772,14151.54914,44.04650511
42003191900,22552.32213,12969.68507,50.63223585,8893.742297,5710.347563,91.47275934,11905.7423,7273.064724,56.73914845,13129.7423,8894.886434,31.52582941,10260.60598,6255.377021,48.71018305,15330.46405,8701.611045,71.00068906,16239.46405,9283.911409,53.11776563,22816.60037,13763.11592,39.37452493
42003192000,23259.10011,13370.94824,51.65223045,9166.238967,6024.144971,96.13424049,12250.23897,7586.299826,58.69554568,13561.23897,9259.166821,32.11383667,11197.03875,6735.607183,49.766141,16100.89989,9128.217168,73.20815178,17051.23897,9722.366556,54.34344208,23559.10011,14173.02548,39.92468426
42003480400,27923.7638,14910.54946,53.20712314,13536.4914,7455.721641,101.4866037,16492.33937,8991.848922,61.05565413,17647.33937,10667.61628,33.42778717,13418.06697,7790.88147,51.77542762,19635.33937,10430.29133,75.44511892,20511.4914,11002.56516,56.12131778,28159.7638,15705.51628,41.27655473
42003431500,22654.08304,12663.2066,48.8752421,8329.170148,5376.989448,94.33190062,11504.17015,6948.303208,56.52244268,12924.17015,8637.895849,29.7777324,10109.25726,5898.47933,44.33140332,15190.79215,8353.848054,69.07557253,16193.17015,8967.292339,50.36032538,22999.08304,13464.49298,37.0933853
42003520002,26757.6395,14631.95786,53.502108,12658.41066,7269.854038,104.7199117,15601.41066,8822.702388,62.41043967,16743.10972,10509.19684,33.55845127,12205.88088,7487.335599,51.18065566,18454.41066,10137.34402,76.0883493,19324.41066,10712.0841,56.14499294,26988.6395,15458.72673,41.2379711
42003421200,30357.68859,16015.07004,56.03102401,15220.19783,8357.065383,108.7200094,18113.19783,9897.936343,64.76880316,19193.19783,11608.96591,35.39420396,13517.62935,8349.578778,54.50876305,20946.19783,11293.92574,79.57188834,21787.19783,11859.07958,59.17720998,30562.7663,16866.19932,43.5547588
42003407002,33266.30389,17129.06637,57.49131887,17833.45445,9377.085239,116.6571052,20745.45445,10975.31944,68.18397593,21847.54312,12751.60267,36.50647488,16118.69367,9434.866703,56.16690079,23687.45445,12342.45233,82.59996542,24539.45445,12910.81744,60.8782559,33481.30389,18009.93633,44.43727588
42003524000,23859.60787,13309.2415,49.73586439,9686.344882,6029.02919,96.20538105,12787.85512,7612.939506,57.68022101,14120.34488,9292.436205,30.64973503,11590.08189,6666.560347,46.50050076,16585.34488,9071.937113,70.81070625,17545.34488,9671.688685,51.84018428,24168.60787,14117.6838,37.99156959
42003490003,30478.55013,16078.48298,56.38007954,15032.50643,8360.384567,109.9230868,18001.39203,9926.427744,65.3607908,19172.50643,11716.58509,35.65753873,14164.34833,8593.077505,55.18763848,21276.50643,11400.32002,80.40602393,22160.50643,11973.41298,59.64626336,30722.43573,16950.25705,43.77528774
42003101100,21211.36591,12148.82121,48.92068735,6808.994294,4787.32446,88.20048375,9973.994294,6376.836897,54.68651736,11382.99429,8004.077174,29.8271971,8247.622682,5224.179639,44.79022116,13544.99429,7759.012876,67.92115366,14541.99429,8367.694936,50.37626786,21552.36591,12929.29532,37.60293429
42003475200,29121.18919,15584.03969,56.1729605,13316.93473,7749.16904,104.6814073,16318.93473,9312.726227,63.52855154,17530.93473,11036.55341,35.31838282,12888.54972,8079.815178,55.20133057,19935.86945,10894.23371,79.38186021,20838.93473,11472.83111,59.41594834,29380.25446,16402.51133,43.81955142
42003261200,24916.79612,14221.83817,53.27221725,10745.70097,6811.64441,100.0423796,13726.70097,8375.607196,60.78880318,14913.70097,10064.41389,33.43429386,11290.82718,7288.286801,51.83241959,17049.70097,9828.867202,75.41847219,17940.92233,10406.15819,56.17992737,25166.57476,15021.79768,41.33400384
42003480200,27440.51648,14923.17111,54.1603755,12495.29121,7334.29312,102.0184144,15475.29121,8885.062698,61.70285753,16661.29121,10623.32545,34.02307344,12224.91758,7662.36018,52.656545,18779.29121,10367.47651,76.55163787,19670.29121,10942.89592,57.08710676,27689.51648,15769.36627,42.12218688
42003490004,32942.96936,16883.9456,57.77337176,17300.36159,9074.111473,114.28496,20190.36159,10619.24603,67.37284479,21266.36159,12403.123,36.62871375,14771.75383,8947.302686,56.2512913,22867.36159,11986.92326,82.19777817,23707.36159,12548.40099,61.00103888,33147.96936,17754.58029,44.85523414
42003407001,32923.36795,16867.18148,56.80961837,17903.66966,9231.769814,115.7984595,20778.66966,10779.74262,67.47394243,21835.80085,12563.11482,36.05299989,15554.97137,9117.17928,54.96492229,23260.66966,12062.33562,81.38103545,24090.66966,12623.48726,59.90171037,33120.36795,17734.8963,43.83062164
42003432400,23544.28821,12924.96711,49.64769902,8596.686837,5434.701306,89.73594436,11713.68684,6977.651702,55.26949927,13063.68684,8625.318585,30.34392179,9344.694323,5787.558654,45.92042532,15294.68684,8439.577056,69.00434053,16263.68684,9039.359684,51.30008567,23861.28821,13731.15242,38.32487457
42003130300,20239.71696,11252.85176,45.99364951,6869.729426,4231.571163,82.87916649,9973.729426,5749.382893,51.36719974,11309.72943,7320.831808,27.87706764,8437.741895,4631.343643,41.43481772,13197.15711,7066.092785,63.73369803,14159.15711,7653.177925,47.11424851,20549.71696,12013.97648,35.25259592
42003080400,17160.98659,10644.23504,46.01244511,3807.179268,3531.772004,80.63399281,7161.179268,5144.598212,50.96565199,8798.179268,6761.443849,27.81262378,9407.371951,4786.793598,42.76277178,11966.17927,6760.243202,64.51306845,13071.17927,7421.814894,47.77635489,17594.63415,11433.84199,35.28285884
42003080900,18084.26612,10754.4687,47.24445591,2120.149864,3096.633084,78.76504239,5716.149864,4736.982615,50.63738246,7646.149864,6442.574081,28.12834367,9022.033606,4684.845206,43.85721878,12063.14986,6749.472546,66.01918983,13307.14986,7418.521963,49.0118805,18637.26612,11553.72784,36.29546872
42003130400,21709.1,12314.72676,48.62259674,6819.5,4805.785465,82.56385071,9819.8,6310.16492,52.26273573,11030.5,7889.048417,29.56963596,5801.9,4749.32993,44.224662,12687.5,7640.39332,65.8733555,13590.5,8222.673679,49.72388393,21968.4,13064.22564,37.84650825
42003130600,22771.59055,12693.82137,48.55226139,9685.401575,5669.134223,93.25008923,12653.40157,7194.872997,56.11945621,13824.40157,8791.874011,29.92084955,9873.212598,5837.03056,44.50084981,15277.40157,8382.998132,68.22077454,16161.40157,8964.934009,50.13866655,23014.59055,13464.44714,37.12964079
42003475401,28186.35344,15175.76083,54.56764666,13070.43388,7560.386365,105.1154959,16079.43388,9164.260357,63.03339758,17299.43388,10895.85085,34.27899717,13177.51432,7971.005173,52.9764343,19608.43388,10637.32072,77.6773071,20515.43388,11217.08638,57.56875817,28449.35344,16026.55235,42.25430339
42003040900,19682.40293,11531.71522,48.22239461,3041.131285,3661.763257,80.48314256,6745.131285,5381.317321,51.83063381,8806.131285,7132.383655,28.8912941,11568.42179,5711.269302,46.23583968,14059.13128,7601.836194,68.14513513,15364.13128,8303.874177,50.68178346,20288.40293,12379.06229,37.18085756
42003421100,28095.81029,15104.21234,55.48297603,11567.13505,7151.143352,103.4678398,14768.93783,8799.137483,62.89379255,16222.93783,10572.39829,34.59317956,13426.86817,7960.99357,54.2710527,19550.93783,10567.32274,78.96645846,20568.93783,11173.07367,58.70844185,28454.0075,15972.47106,43.0646047
42003180300,18512.9498,11353.11144,48.24295983,6885.007968,4573.24517,85.4445832,9875.423904,6073.948427,53.76706363,11073.4239,7610.354677,30.02579846,9367.066135,5161.103012,46.28350773,12879.00797,7379.478705,67.34930924,13776.00797,7963.40188,50.58463178,18766.9498,12075.74516,37.49301859
42003475303,32058.05698,16829.15213,59.09673283,15972.12085,8879.433038,114.2113399,18894.12085,10476.81114,68.21128981,20009.12085,12238.44926,37.48599258,13577.21165,8795.144887,57.92753302,21805.14778,11876.35817,83.73400051,22663.12085,12441.17824,62.47109603,32278.05698,17709.59335,46.0673251
42003503002,28054.9845,15044.17635,53.5515521,13486.74419,7583.453433,105.3309251,16444.74419,9143.814439,62.5094944,17602.74419,10852.49963,33.561739,13082.50388,7817.411234,51.25796879,19531.48062,10517.56858,76.30416376,20409.48062,11093.16955,56.24565679,28292.24806,15852.25134,41.22718854
42003429300,29250.6058,15377.25629,54.49977315,14468.09311,7827.938309,104.941118,17415.09311,9365.918051,62.79801528,18560.09311,11059.07561,34.30055344,13739.58041,8049.678863,53.02389353,20465.09311,10790.84659,77.35547869,21337.09311,11361.70482,57.50398854,29482.74002,16182.31313,42.26450376
42003414102,30851.10257,16014.80681,56.04376516,15610.73212,8362.511278,111.7927549,18538.94009,9918.864209,65.80028576,19661.73212,11649.32078,35.23495421,13718.36167,8312.896195,53.62006145,21267.73212,11234.76305,79.78501923,22128.94009,11805.06727,58.80439053,31074.10257,16836.53878,43.1666423
42003488300,29621.69849,15624.62941,55.27411635,13969.57789,7870.165818,105.1558719,16996.47035,9471.420168,63.32357481,18237.57789,11215.54729,34.78854301,13817.34975,8257.549198,54.07995515,20633.47035,11002.43885,78.51857084,21550.57789,11582.94268,58.45138309,29893.69849,16487.2535,42.9892536
42003458000,29065.83786,15364.26242,56.13402275,14128.53388,7780.487023,107.7308352,17101.53388,9324.691234,64.65690354,18277.53388,11069.20763,35.48157461,13062.06248,7909.402071,54.70338371,20015.53388,10712.00079,79.54184295,20902.53388,11286.97868,59.25517116,29310.83786,16213.20657,43.63891893
42003456001,32816.16824,16843.39667,56.91041518,17048.95776,9012.977059,113.4440392,19972.04516,10568.56004,66.6168877,21089.95776,12327.02569,35.88774126,15228.83467,9038.322487,55.1946124,23009.04516,12007.82384,81.26022255,23867.95776,12574.46308,60.03969458,33037.16824,17681.52492,43.98600872
42003523300,27932.11211,15076.44421,53.6829513,13799.40595,7720.584068,107.2695571,16759.40595,9301.466577,63.3775425,17920.40595,11032.9014,33.81488751,14096.41764,8138.194156,51.91618501,19975.1238,10683.63015,77.10775821,20854.40595,11259.7003,56.6562262,28170.39426,15929.50081,41.30254202
42003561100,22521.53012,12725.47999,49.2282895,9496.891566,5665.078939,91.44791089,12405.89157,7178.953918,55.91954676,13505.2599,8769.856259,30.51490055,9229.621343,5781.342655,45.86938255,14872.2599,8369.288775,68.63964311,15722.89157,8941.343345,51.03130225,22735.16179,13508.17292,38.02520276
42003425000,23421.21681,13182.85369,49.95924476,9478.83922,5907.77042,93.33431263,12533.83922,7488.982279,56.92151935,13809.45676,9141.027841,30.94123082,10961.46163,6483.125174,47.35875604,16084.83922,8910.095365,70.46306346,17018.83922,9501.628754,52.19357902,23706.59927,13984.76023,38.50959119
42003413500,26765.1961,14318.10788,53.00094389,12112.59772,6913.767181,105.1121882,15155.59772,8496.486131,62.25728861,16416.59772,10218.72524,32.99671962,11918.99933,7141.305857,49.62191021,18244.59772,9804.017679,75.42661816,19171.59772,10395.30171,55.24281645,27045.1961,15158.27561,40.54398045
42003426300,30263.40156,16034.53161,56.70561432,14605.75292,8219.59799,107.3237788,17558.75292,9808.409342,64.73640979,18710.75292,11539.58208,35.85211881,13495.10428,8415.928529,55.85191851,20845.72296,11293.19165,80.30241938,21720.75292,11861.99747,60.05052665,30499.3716,16897.7984,44.2956516
42003562300,22157.7093,12370.43864,46.2867483,9657.440698,5480.518682,87.91666732,12615.4407,7010.292057,53.25287434,13774.4407,8586.495002,28.49701518,10133.6657,5711.074739,42.34348033,15107.4407,8145.380505,64.73050995,15986.4407,8727.532413,47.69915071,22395.7093,13130.18398,35.44618304
42003141100,24720.81073,14042.14796,52.83733507,11420.46688,6818.958086,98.09582984,14295.46688,8367.689735,60.11029501,15353.60883,10005.28434,33.41916366,11202.12303,7110.625032,51.80643557,16982.46688,9706.41942,74.55847006,17813.46688,10267.14236,55.90119187,24917.81073,14853.69111,41.26622138
42003415001,33406.21389,17256.14233,58.3764528,17711.75924,9436.963698,119.0483086,20615.75924,11041.97399,69.40477346,21709.75924,12829.46694,37.00714932,15390.30459,9347.598685,56.55856388,23398.75924,12392.69891,83.82672807,24245.75924,12925.33853,61.58468151,33617.21389,18140.94532,45.01919667
42003523800,28315.27273,15216.54232,54.05652135,13786.44928,7730.939192,104.9151467,16745.44928,9278.403519,62.59622904,17905.44928,10994.40351,34.03587728,13683.62582,8088.765105,52.64392609,19961.44928,10728.12086,77.03986926,20839.44928,11301.4606,57.11595555,28554.27273,16033.20906,41.834454
42003520001,27144.89913,14676.39866,54.0221857,11566.83562,6994.314693,103.312103,14669.83562,8591.221463,62.09015726,16004.1264,10331.11592,33.60499325,12456.7721,7547.025848,51.82210706,18659.83562,10162.97791,76.79616497,19621.1264,10758.06277,56.73651728,27454.18991,15498.67349,41.62349479
42003552400,26874.92268,14413.89959,51.89274216,12274.8517,6943.307428,97.76759601,15242.64628,8499.654599,59.14992784,16412.64628,10169.59453,32.37059105,12217.36988,7265.485159,49.71921368,18501.64628,9923.226188,73.19551666,19384.8517,10498.50679,54.39705425,27117.92268,15233.94209,40.21203181
42003310200,27380.81643,15043.27692,54.77838219,12987.79076,7541.184748,102.3083954,15886.79076,9073.493867,62.18464099,16974.79076,10753.44901,34.64690494,12257.76508,7785.385388,54.01598282,18822.79076,10498.33591,77.33144846,19667.79076,11061.24836,58.0145769,27589.81643,15842.68076,42.80597878
42003210700,19622.29146,11403.16782,49.06173216,5321.020101,4029.126076,81.14376973,8505.020101,5577.24464,52.4592545,9937.020101,7161.381646,30.00800034,6933.532663,4439.672302,45.81086183,12080.0201,7036.844238,67.00953868,13088.0201,7645.588344,50.79502567,19971.8995,12175.34845,38.34246105
42003519000,29733.54126,15936.01202,57.07690909,13968.38042,8097.615297,108.1714928,16946.31608,9698.147067,65.2543355,18128.38042,11445.03842,36.05662271,13203.21958,8366.562956,56.16186091,20416.38042,11214.2095,80.95009511,21306.31608,11787.28955,60.44156148,29981.47692,16804.07999,44.51695124
42003040400,18110.30651,9948.246261,47.8329695,0,1785.101328,64.7693744,304.0027992,2609.887914,43.15223641,3067.249125,4384.231647,27.23360939,8435.191742,3695.607827,45.92675999,11233.24913,5751.146537,64.37555694,12920.655,6515.99682,49.8799324,19046.71239,10774.66345,37.81758605
42003420000,22079.90603,12342.04427,48.31325289,8517.044084,5239.021799,91.63507455,11610.04408,6775.242487,55.44212388,12931.04408,8415.12375,29.60990529,9791.182135,5647.861613,44.22107754,14802.04408,8086.032247,67.92486325,15758.04408,8687.420458,49.88283222,22384.47332,13120.78812,36.89237631
42003424000,22395.66402,12373.11729,48.66000216,7516.685185,4956.125593,88.58638132,10720.19048,6516.122841,54.46975776,12175.68519,8154.835211,29.53613797,9479.21164,5547.706107,44.66487591,14725.68519,8035.508988,67.97970571,15744.68519,8649.725093,50.22862934,22754.66402,13158.32672,37.31674107
42003260900,19833.171,10817.22193,40.05914578,9066.050186,4421.967014,81.39978242,11954.12268,5890.21641,47.76000922,13029.05019,7357.113677,23.84999237,8339.929368,4082.134202,32.17259906,13098.05019,6569.272423,55.18966928,13936.12268,7187.291432,39.53152931,20037.171,11538.35386,29.73578186
42003260700,23429.90665,13594.22607,52.43519673,10133.12719,6369.625855,98.76046892,13021.12719,7896.87199,59.98827218,14095.12719,9524.09426,32.81248797,9118.347725,6372.879699,49.66528318,15285.82147,9075.573139,73.4271899,16124.12719,9654.473206,54.69487601,23633.60093,14376.2304,40.6019544
42003980500,25645,14720.11789,58.5489039,13216,7577.720671,107.0178508,16076,9086.073829,66.29423854,17116,10737.89032,37.99126567,13833,8050.487889,61.0016843,18771,10481.44023,83.23376614,19593,11037.34247,63.38703831,25835,15507.58521,46.40205505
42003980300,,,,,,,,,,,,,,,,,,,,,,,,
42003980800,,,,,,,,,,,,,,,,,,,,,,,,
42003980900,,,,,,,,,,,,,,,,,,,,,,,,
42003981000,,,,,,,,,,,,,,,,,,,,,,,,
42003980400,,,,,,,,,,,,,,,,,,,,,,,,
42003514000,22038.53514,12480.43709,48.43644358,9144.486486,5512.899483,95.32652673,12144.48649,7059.042796,56.85291568,13354.48649,8686.803408,29.77943238,9739.821622,5763.037773,43.89017566,14821.48649,8211.969718,68.42131338,15723.87027,8802.34104,49.8565733,22297.53514,13250.57737,36.75329333
42003512900,23070.38369,12565.05182,47.43043671,10017.70393,5559.290821,88.08440044,12982.70393,7045.946224,53.7278931,14149.70393,8630.304647,29.24052571,10804.41994,5913.89703,44.26062908,15894.70393,8352.89728,66.38719462,16776.70393,8932.856937,49.21792174,23311.98792,13320.7702,36.53498568
42003515100,21982.42712,12474.07095,48.9337892,8685.510139,5403.933221,92.712116,11708.0076,6928.495029,56.14315769,12945.51014,8556.878692,30.14784719,9625.090621,5769.386569,45.24822756,14720.0076,8220.555393,68.80206413,15635.51014,8810.97447,50.68722158,22252.42712,13248.37809,37.48011198
42003512800,25454.32895,13777.08309,50.28129125,12106.7834,6641.160858,97.66070734,15019.7834,8183.168658,58.45934492,16123.7834,9808.103005,31.33816775,11457.60121,6736.903397,47.11538592,17449.7834,9353.280599,70.90287909,18302.7834,9925.748683,52.30192825,25669.69231,14569.93453,38.66026943
42003140800,20776.81011,12510.1274,51.71185515,7008.781854,5243.72257,97.4906411,10151.26971,6856.232132,59.43811591,11532.78185,8523.911579,31.95257907,9379.753594,5920.748067,48.62663662,13909.78185,8279.108822,73.23966664,14893.78185,8885.48017,53.94727185,21106.29797,13309.39941,39.63371114
42003980700,20272,11585.22797,53.55699526,3055,3510.746814,84.55832848,6534,5154.705426,55.86308208,8323,6809.540019,32.46864616,4475,3877.010464,49.57093595,10967,6760.214242,72.17631595,12143,7424.181452,55.13016248,20767,12393.19656,41.98420986
42003562700,17466.12057,10515.7344,48.37071836,3784.779433,3373.334769,86.63563546,7249.055319,4966.546253,54.17064396,9019.055319,6625.68365,29.31071939,9517.714184,4575.68091,44.81503121,12095.77943,6602.873215,68.19540762,13263.05532,7255.984495,50.2605847,17954.12057,11296.98715,36.93670577
42003429600,26104.1791,14277.72104,53.28479253,12202.8041,6974.692069,103.4577578,15137.48134,8540.802742,62.00499449,16267.8041,10206.05291,33.4217277,11307.10634,7058.564961,50.61747627,17683.8041,9752.4487,75.36142296,18548.8041,10326.61067,55.72434874,26330.1791,15090.9622,41.09088889
42003415002,32698.71904,16871.82246,57.01433216,17150.61553,9108.529743,114.8762827,20074.61553,10702.7371,67.32491609,21193.61553,12476.04451,36.09284234,15611.51201,9196.065259,55.48454749,23140.61553,12097.10534,81.75192174,23999.61553,12664.28031,60.26233715,32919.82625,17752.20606,44.04958863
42003488500,27244.93089,14768.72202,54.22623011,12624.97927,7307.880662,104.6163508,15624.97927,8894.782344,62.8175084,16834.21907,10617.08557,34.13409606,12647.74706,7675.603898,52.56156062,18879.21907,10294.89634,77.17009518,19781.21907,10875.38041,57.18362433,27503.93089,15616.04955,41.98345037
42003408001,32295.76039,16504.84514,56.4720571,16738.58758,8787.988621,115.3511593,19665.58758,10345.23052,67.01906303,20786.58758,12106.68663,35.46917642,14636.41476,8691.732085,53.6999703,22449.81878,11663.77945,80.79848609,23310.58758,12234.84058,59.17071913,32518.76039,17346.70262,43.31086993
42003413300,29705.81866,15606.40862,55.63963064,14080.41949,7880.589041,106.2245451,17087.53882,9446.593642,63.79898129,18306.41949,11177.43577,35.00102303,13654.02032,8165.70173,54.28909335,20607.41949,10982.09439,79.04547181,21513.41949,11560.35906,58.83124588,29968.81866,16460.49665,43.2446073
42003141400,21050.64993,12402.09038,50.93930486,7634.06907,5269.898442,95.41940796,10680.54245,6810.286742,58.20931732,11946.54245,8454.344878,31.51985183,8725.96159,5683.731314,47.67277479,13788.06907,8134.965724,71.67303797,14717.06907,8727.719965,52.99489823,21332.64993,13184.18815,39.13844031
42003484300,23638.36751,13341.92913,50.79874545,9747.420939,6074.19954,94.69665057,12765.42094,7637.913186,57.83042745,13996.42094,9301.929987,31.63269152,10426.81921,6485.710295,48.31218342,15952.42094,9001.462843,71.48849279,16864.76579,9587.052875,53.11595955,23905.36751,14158.43987,39.30346671
42003469000,27997.45508,15189.41054,55.89806494,11101.11978,7143.712793,100.3682889,14368.11978,8775.403544,62.04965663,15901.11978,10563.9569,34.99829853,14121.78448,8232.046047,56.15008562,19803.04401,10769.60544,79.60142207,20858.11978,11383.71042,59.77429397,28387.45508,16071.49786,43.79366411
42003552200,24878.84,13646.10119,49.79344908,9993.5,6156.970879,92.70716228,13070.5,7725.301569,56.32914317,14373.5,9424.564032,30.68000059,11304.5,6744.859537,46.96515072,16969.5,9264.686902,70.15878157,17916.16,9858.017016,51.90192756,25175.5,14459.11792,38.3793631
42003552100,22592.22843,11861.38184,45.13132212,7196.431472,4435.823212,85.12250991,10492.43147,6032.074626,51.37173676,12059.65482,7669.75885,26.66246313,9420.857868,4987.377528,38.68506791,14729.43147,7481.94102,62.93045029,15800.65482,8114.343936,45.51775517,22997.22843,12620.73482,33.88821186
42003552000,24255.09798,13298.71239,50.24525126,10217.76657,5974.093829,91.50070733,13156.76657,7508.762308,56.30775581,14292.76657,9106.365368,31.12128663,10147.43516,6207.817991,47.48554705,16176.76657,8849.864915,69.98164972,17044.76657,9432.878786,52.33283581,24483.36095,14093.23176,39.00724292
42003320700,25757.59004,14411.58522,53.25012122,11426.43678,6960.466816,99.24822423,14398.43678,8506.390562,60.45610944,15573.43678,10192.92943,33.4523921,11824.28352,7412.319251,52.04606464,17743.43678,9992.071003,75.30377612,18629.43678,10566.7851,56.23714388,26001.59004,15214.82098,41.43955139
42003040600,16700.31423,9982.036832,44.77013007,6562.299445,3593.836095,81.45953259,9550.299445,5034.511133,50.62894158,10745.29945,6498.499779,27.42665786,8218.284658,3717.20929,40.19776779,11400.29945,5986.200678,61.70816838,12295.6146,6575.98953,45.8063058,16953.31423,10663.5597,34.28463385
42003523200,28113.28389,15159.23029,54.08628675,13658.14354,7678.007936,104.8773081,16600.32695,9249.965189,62.7194026,17740.14354,10956.2531,34.05424759,13266.00319,7951.818088,52.46247159,19663.14354,10634.54208,76.94706894,20532.14354,11205.99327,57.03098392,28343.28389,16004.58136,41.89038324
42003413100,30565.85473,16014.89221,57.06851368,15299.46422,8362.539634,115.7162622,18218.46422,9930.434427,67.66073181,19329.46422,11671.33948,35.86235776,12975.07371,8190.805783,54.06851432,20760.46422,11170.86421,81.36547422,21616.46422,11742.01197,59.69792716,30784.14096,16839.76061,43.77158391
42003521301,25063.65138,13570.7481,51.96279616,11156.0498,6413.165692,105.533507,14258.0498,7997.935276,62.0609163,15590.0498,9731.479388,32.29488267,12642.44823,6963.889403,48.57452804,17713.0498,9337.432379,74.81248829,18674.0498,9940.518188,54.2824395,25372.65138,14418.49246,39.44723763
42003290100,23137.52288,13232.39894,50.06925758,9940.585434,6105.293147,94.6449003,12933.94771,7650.631805,57.43630126,14135.58543,9316.958852,31.23674041,11391.01027,6673.240791,47.94483578,16201.58543,9037.407483,70.92904144,17099.94771,9620.246034,52.5239889,23393.52288,14031.06313,38.6385149
42003141300,18978.04284,11479.14646,49.09877373,5398.473622,4330.394458,91.22032312,8630.473622,5901.288557,55.8892015,10120.47362,7534.225729,29.89950282,8561.904403,5067.91444,45.03273236,12538.47362,7349.989745,69.15841937,13573.47362,7970.824946,50.78012016,19351.04284,12265.05166,37.4296028
42003141000,22482.2454,13104.61976,52.14025504,8392.852761,5748.560667,94.39648988,11388.85276,7284.800282,58.34999639,12594.12883,8929.900663,32.44584031,8838.736196,6115.058606,49.87448628,14595.85276,8701.160686,72.89236642,15495.85276,9282.13045,54.55550522,22739.2454,13886.5526,40.5197505
42003412002,34577.08355,17329.33693,56.63633863,18199.754,9336.432585,113.2622199,21086.78339,10909.15219,66.25274519,22160.78339,12653.08122,35.55369572,15288.45384,9119.116209,54.13152131,23944.754,12295.7361,80.50718385,24782.754,12855.01032,59.37464022,34781.05415,18201.39932,43.75791728
42003270100,24388.58268,13792.82519,52.04222407,10445.15591,6448.211083,96.85768495,13386.15591,8002.719465,59.14031758,14524.15591,9656.74881,32.53105655,10173.47559,6661.242917,49.70104851,16255.15591,9321.054076,73.03689411,17123.15591,9894.101767,54.44890133,24617.83622,14609.85667,40.39824073
42003110600,21261.46791,12766.48482,51.73317331,8422.612299,5685.773147,96.19148609,11307.6123,7192.463875,58.84880713,12377.6123,8827.164899,32.31721822,7883.457219,5747.278204,48.76814569,13586.6123,8370.193606,72.2604661,14422.96257,8938.504128,53.86295173,21463.46791,13560.01278,40.06269804
42003459101,31491.554,16557.98824,56.79621442,16627.61431,8980.317004,115.9544253,19537.61431,10550.40271,67.64586765,20639.61431,12314.98324,36.02524127,15517.67461,9110.353116,55.34454076,22500.61431,11929.08087,81.909275,23351.61431,12496.23153,60.17011089,31706.554,17427.11955,43.77086151
42003477100,28245.25457,14934.06605,55.52954905,12314.41778,7096.12928,99.34134421,15354.41778,8676.927826,61.53322447,16612.41778,10362.85709,34.85621285,11670.581,7334.318955,54.4162092,18861.46346,10205.53304,77.51101624,19787.41778,10787.09955,58.5673561,28523.30024,15771.13418,43.60551139
42003191700,24251.13076,13975.62623,53.10133769,10410.4733,6643.100442,100.2633384,13442.4733,8206.046151,60.84612997,14691.4733,9909.508388,33.34959636,12039.81584,7309.43559,51.9581773,17054.74647,9716.321808,75.59611127,17975.4733,10301.9674,56.20653892,24525.40393,14785.30157,41.15123392
42003475304,30459.45895,15837.66837,55.9816971,14887.2986,8092.401417,108.9909005,17808.2986,9630.568948,64.70587968,18922.46661,11334.09851,35.07906594,12302.30625,7876.125464,53.24417765,20369.2986,10935.84011,78.9517755,21226.46661,11503.99441,58.53967832,30679.45895,16654.31191,43.29596897
42003525100,28376.0977,15176.24625,55.35360304,13783.7136,7645.598695,105.4503934,16673.7136,9171.553742,63.43636778,17749.7136,10877.71844,34.9205528,11688.3295,7522.100361,53.34988562,19042.7136,10437.09146,77.8330698,19882.7136,11000.83545,58.11836624,28581.0977,16005.4775,43.06290053
42003561200,22489.4427,12703.46038,50.13052956,6827.344944,5007.474988,86.74585499,9950.344944,6594.714067,54.57429217,11308.34494,8226.907363,30.52412356,6880.594382,5215.367116,45.9980197,13530.34494,8034.787168,68.66702129,14503.34494,8634.342548,51.52084972,22809.09551,13494.81468,38.89787673
42003411000,33107.00407,16980.81069,59.32780427,16762.27467,9009.69139,117.4876832,19731.27467,10619.9348,69.38854986,20903.27467,12400.13312,37.51555574,14845.43133,9008.763251,57.73514019,22930.27467,12082.13108,84.77415904,23815.16073,12655.29065,62.71869539,33351.00407,17861.06977,45.95359616
42003515200,21301.7856,12267.78183,48.93748951,9038.869462,5406.965649,92.35853112,11950.86946,6910.816135,56.20763874,13054.32911,8473.675076,30.37954429,9074.412975,5512.665789,45.42251104,14182.86946,8022.004699,68.51476111,15034.86946,8613.741722,50.77624778,21517.32595,13023.81314,37.65240078
42003428200,28133.62295,15485.4393,56.16377048,14366.22951,8101.966351,108.5941308,17243.22951,9674.504067,65.23174465,18303.22951,11378.53862,35.85554689,13641.7377,8334.487365,55.83723277,19907.22951,11023.91334,80.17302115,20739.22951,11584.56108,59.82082478,28331.62295,16332.40553,43.80042885
42003470400,26887.18281,14496.22528,52.77737401,12957.92717,7151.974719,99.56595139,15872.92717,8668.478423,60.24371992,16979.92717,10313.66693,33.18382155,12753.98325,7441.128112,51.40693504,18813.08303,10059.87141,74.60721285,19666.92717,10632.89271,55.67653736,27104.02695,15276.9576,41.03852518
42003140400,21796.49451,13248.49083,53.46346975,7465.725275,5758.694312,94.35696464,10451.92208,7315.0446,59.06985885,11644.72527,8964.9505,33.39309565,7561.152847,6069.684072,51.62475842,13620.92208,8743.091587,74.30932148,14515.72527,9328.081345,56.07775561,22048.49451,14030.2804,41.81640238
42003220600,19151.47771,10769.8096,49.31295049,772.6627418,2525.59232,74.41387004,3944.028595,4069.333328,49.56706788,6272.028595,5804.53723,28.91317734,8896.560135,4413.326663,46.5861268,12301.51892,6566.53806,67.8652854,13733.0286,7274.872824,51.31546416,19866.47771,11566.12316,38.35188022
42003460002,28932.22222,15372.94425,55.32446794,13604,7708.413147,107.4333318,16629,9274.590663,64.01551523,17869,11046.32702,34.72467036,13212.77778,7986.349793,53.37764515,19987,10744.36458,78.71787453,20903.77778,11327.77846,58.24026239,29203.22222,16233.1563,42.76418976
42003515300,22634.71469,12467.45997,49.07152568,7648.690047,4989.799466,87.49346894,10812.25782,6572.905862,54.40727301,12219.69005,8199.844426,29.90176032,8677.800948,5389.439439,45.09302902,14472.25782,8001.632421,67.94344452,15468.25782,8608.674013,50.5675252,22973.71469,13251.65776,37.84862658
42003517000,25209.94649,13706.44055,50.2326963,11294.19465,6459.606842,97.36169984,14354.19465,8028.972666,58.30705851,15635.59779,9715.293598,31.18895352,12692.84594,7036.851353,47.58890479,17841.19465,9442.887317,71.52564054,18777.59779,10035.06914,52.55208829,25497.94649,14516.62733,38.52485051
42003020100,20122.40223,10824.59952,50.45194799,0,2298.740332,79.00763479,572.13642,3270.11132,49.25322819,3862.076478,5242.71877,28.57737242,12579.75072,5253.701472,48.60781419,14059.07648,6878.596657,71.25126335,15951.07648,7697.365974,53.15581781,21234.40223,11716.43099,38.84944677
42003474201,32395.62151,17044.64294,59.86016715,16062.81505,9023.000664,115.603188,18971.81505,10589.75429,68.88105757,20070.81505,12395.54673,37.99544789,13322.0086,8874.108407,58.70219517,21855.81505,12021.80436,84.75311834,22705.81505,12584.57308,63.29174421,32609.62151,17927.6788,46.69924889
42003526201,32261.09211,16572.62835,56.17610327,16656.175,8801.571502,111.5313479,19584.175,10386.09875,65.74695068,20706.175,12137.5875,35.44349776,15068.25789,8871.552563,54.44460126,22648.175,11791.00162,80.17530171,23509.175,12358.36176,59.23877772,32484.18882,17444.45872,43.47794616
42003051100,17231,10155.48547,46.6669483,7586,3859.450371,80.87079436,10443,5264.20456,51.61127197,11480,6677.696314,29.18219084,6961,3536.407643,43.25344234,11130,6006.78526,63.26836453,11950,6574.69918,48.09028874,17419,10828.47193,36.45127969
42003521402,33300.92857,17099.61401,58.2253393,17467,9243.844625,116.3599235,20353.92857,10831.58465,68.38688981,21425.92857,12596.54718,36.89282831,15057,9146.958269,56.64459852,23191.92857,12191.33521,83.13500104,24028.92857,12752.53552,61.48111434,33503,17977.69565,45.10179114
42003422000,32465.21118,17148.85928,60.58067226,15924.75776,9070.703667,118.0178227,18898.75776,10695.61561,70.22340734,20076.75776,12496.08211,38.4343266,14279.30435,9158.677586,59.70234011,22322.75776,12202.64881,86.38342962,23210.75776,12775.13587,64.24358697,32711.21118,18044.54238,47.15379031
42003191400,17488.86667,11115.12616,47.77476149,7508.733333,4732.120851,90.18283545,10477.73333,6215.984174,55.29649824,11650.73333,7774.986322,29.99573042,10797.16667,5431.117795,45.97074647,13096.73333,7396.111129,67.88045586,13981.73333,7981.207524,50.32026917,17732.86667,11856.37087,36.80065515
42003497000,33287.25052,17216.98218,57.74725867,18485.03313,9603.709225,118.0524283,21350.03313,11188.97189,68.8518969,22396.09317,12959.52674,36.90480071,16739.87578,9665.327299,57.01985369,24042.03313,12544.19427,83.3803739,24867.03313,13102.3473,61.489446,33479.25052,18097.78799,44.70495068
42003413201,29156.76176,15503.98526,55.53994965,13537.82735,7754.547147,106.8563741,16569.82735,9365.859788,64.06926069,17817.64233,11111.00755,34.87522193,13246.89295,8082.065455,53.82032395,20111.82735,10850.47102,78.91933398,21032.64233,11433.63972,58.53599238,29430.76176,16360.13809,43.03220354
42003451102,27779.88805,14870.82394,54.06546033,13394.26435,7461.664103,108.2986097,16392.88711,9054.913829,63.9425118,17600.88711,10768.70907,33.88103079,13101.88617,7689.229323,51.3487452,19373.88711,10346.50636,77.30624928,20275.88711,10930.56816,56.66220003,28038.26529,15702.64326,41.43765411
42003051000,16504.67758,10102.07891,41.45225472,7254.29697,3951.837099,79.60046533,10195.29697,5425.060458,48.3610195,11334.29697,6884.232934,25.31842955,9031.706667,4117.25681,36.32629012,11741.29697,6245.046977,57.61120014,12610.29697,6860.647797,42.15968954,16733.88727,10789.20891,31.35305869
42003470600,23800.56468,13388.20717,51.05726128,9724.58209,6094.150315,96.66064515,12814.58209,7677.201769,58.62784477,14132.18159,9353.648986,31.7276279,11531.199,6753.082346,48.76491699,16534.58209,9146.001572,72.48714436,17488.58209,9742.151404,53.55679986,24102.56468,14216.18589,39.34718217
42003426400,27125.06617,14692.59786,53.15900175,12326.6992,7168.043475,101.32925,15321.92163,8717.425895,60.94199531,16525.6992,10418.68327,33.22729404,12275.55467,7508.290841,51.14375294,18635.6992,10176.98966,75.28485975,19535.6992,10756.56291,55.8503624,27381.84374,15503.98616,41.13132955
42003486800,24712.54565,13596.48392,49.40821715,10920.62046,6380.464821,96.35588117,13906.05501,7915.534131,57.41624654,15098.05501,9586.780225,30.53702651,11695.56436,6805.541094,46.11049623,17146.62046,9283.507432,70.12353024,18040.62046,9866.752261,51.40259395,24963.54565,14374.76126,37.76394052
42003523600,29091.13051,15366.64599,54.90266709,13968.33435,7748.477575,105.5807534,16956.33435,9338.92127,63.34148939,18151.33435,11059.26705,34.55275729,13717.37931,8086.507409,53.48449569,20345.33435,10795.42982,78.06466059,21240.33435,11371.28298,57.97253232,29344.13051,16214.76148,42.59032188
42003510000,22973.54597,12580.40328,48.06165429,8746.791469,5328.561294,91.21607995,11839.79147,6887.780338,55.07140679,13161.22654,8531.933772,29.26972695,9563.907109,5667.653999,43.38278031,15135.22654,8202.693737,67.33722947,16090.22654,8803.315737,49.32860153,23277.98104,13359.75313,36.60697846
42003512000,24451.95297,13374.76207,49.32005024,11318.95528,6323.252764,95.05067921,14277.95528,7834.976625,57.05014215,15436.95528,9470.826333,30.69962132,11909.95759,6696.573895,46.6372294,17142.95528,9136.08292,69.85697792,18021.33693,9714.845519,51.54314516,24690.33462,14154.03106,37.92694338
42003525300,27308.16975,14751.42609,53.33021408,11638,7053.998891,102.7684157,14740.6821,8643.95372,61.4324942,16074,10396.4175,33.07408233,12326.19444,7547.628217,50.68312849,18677,10206.93249,75.82516449,19638,10802.97453,55.83291444,27617.48765,15583.12419,41.00330253
42003550900,25267.35635,13587.25466,50.19091654,9694.873849,5966.832421,92.6103888,12834.51381,7530.922628,56.40491236,14211.87385,9218.492628,30.71456506,10806.39134,6488.668509,46.80907777,16870.87385,9107.391331,70.40723266,17852.87385,9709.344251,52.08255319,25594.99632,14387.8032,38.6288441
42003525200,23860.53623,13072.42148,49.93000666,8956.826087,5637.470283,96.43066529,12132.41546,7235.318386,57.75429222,13553.41546,8916.039884,30.42062813,10325.70531,6111.626449,45.3673299,15901.41546,8649.353216,70.53476554,16903.82609,9261.955374,51.45353173,24205.53623,13856.91649,37.91008229
42003980600,27191,14836.47018,56.96495776,8306,6290.918263,93.66092814,11860,7983.168905,60.34494226,13739,9823.351195,35.38792381,14416,8147.166362,58.75408729,19344,10476.34331,80.63807222,20563,11123.25197,61.36442978,27723,15700.56915,45.05562032
42003521302,24079.08897,13366.69667,52.44188435,11240.7242,6434.454862,106.4200671,14215.7242,7971.463311,62.7030873,15395.7242,9648.779246,32.85017074,11813.90658,6774.427303,49.42329808,16896.27135,9163.104893,75.31154897,17784.7242,9748.484794,54.90201852,24325.63612,14165.14496,39.93485886
42003523701,29943.54381,15941.05815,55.63864196,15760.21877,8499.484835,111.8977325,18650.21877,10048.55933,65.77253888,19727.04095,11773.81998,35.27278156,14909.71591,8699.773776,54.35012023,21437.04095,11394.72591,79.91149387,22276.21877,11959.00061,58.90543891,30148.36599,16759.68153,42.93373521
42003320400,24049.92532,13604.11371,51.38507516,9915.930736,6221.661906,93.50495942,12912.93074,7764.243965,57.6047729,14117.93074,9408.864168,32.01950467,10715.93615,6705.849159,49.63873365,16317.93074,9238.365681,72.13404162,17217.93074,9825.716297,53.99485745,24306.92532,14381.63733,39.96578267
42003521200,25364.57911,13872.56194,52.86101764,10348.82474,6375.788753,99.57090083,13485.82474,7956.245974,60.37363588,14861.82474,9682.758931,32.89950576,11724.07037,6996.598376,50.71266773,17378.82474,9496.534636,74.98651634,18359.82474,10097.72558,55.52562617,25690.93357,14691.6883,40.79494797
42003477200,26391.93783,14306.51966,52.83708129,12062.19705,6892.156624,99.65063913,15041.41728,8460.978445,60.43093178,16226.19705,10125.89388,33.09293862,12116.89673,7228.699095,50.97104164,18201.41728,9848.240409,74.63301516,19092.41728,10425.6933,55.53362875,26640.93783,15125.38389,40.97834858
42003521401,28115.51485,15092.15596,54.68245348,13923.59406,7740.720131,109.902436,16910.26961,9314.046664,64.76879954,18103.26961,11044.73726,34.48750842,14188.34882,8136.704357,52.93607375,20093.59406,10679.8518,78.64332049,20988.26961,11260.12184,57.75357377,28367.51485,15912.62411,41.99600316
42003526101,32112.85046,16524.73448,57.15368422,16920.59184,8868.012958,115.7335101,19824.40911,10446.53628,67.74303245,20917.59184,12200.10948,36.16810904,14688.15049,8755.787765,55.03178989,22401.40911,11743.21972,81.82563967,23248.40911,12309.41038,60.22720552,32324.66772,17393.79073,44.07686544
42003488100,27306.41268,14876.61475,53.61112167,13105.20488,7452.040859,101.9096812,16015.34439,9016.648316,61.51989426,17117.20488,10695.0631,33.81162878,12534.99707,7700.538591,52.23833101,18916.20488,10373.53721,75.86835458,19767.34439,10939.75125,56.5494104,27520.5522,15707.35925,41.7075413
42003459202,24270.78728,12737.37372,53.31068378,9357.856859,5203.60914,89.28388252,12324.85686,6663.781195,57.03878131,13494.85686,8220.246811,33.0698632,5044.926441,4356.619415,49.15745975,13613.85686,7668.829201,71.24869508,14496.85686,8243.786934,54.65471162,24512.78728,13497.39957,42.01969224
42003202300,23200.6232,13250.54086,50.96401117,9761.309735,6079.791147,97.48293207,12829.30973,7650.545451,58.89744485,14121.30973,9317.301231,31.74886018,11514.99627,6698.125789,48.65941342,16242.30973,9045.456195,72.45911001,17183.30973,9639.289632,53.46310226,23493.0503,14034.48758,39.17517299
42003523100,28237.0495,15327.70406,54.60800215,14060.99737,7906.540041,107.1155984,16979.81043,9480.01567,63.78966727,18089.99737,11197.87237,34.55484572,13682.75829,8199.454791,53.30842185,19949.99737,10843.15029,78.03252398,20805.81043,11411.67039,57.77293648,28455.0495,16180.07961,42.29416405
42003474102,29652.58626,15559.49727,55.54942653,13253.2791,7654.604979,104.4097514,16295.2791,9222.838148,62.97703671,17555.3913,10959.46782,34.69904333,12830.97195,7938.165496,53.77766429,20144.2791,10843.57356,78.57049438,21070.3913,11426.26301,58.53424478,29932.58626,16423.21811,43.21017411
