permit_id,issue_date,year,parcel_num,latitude,longitude,neighborhood,total_project_value,housing_type_guess,units_guess,comm_or_res,work_description
BDA-2024-00864,2025-02-18,2025,0173C00048000000,40.4714950184,-79.8905587718,Lincoln-Lemington-Belmar,513000,single_family,1,Residential,CONSTRUCTION OF THREE STORY BUILDING AS SINGLE FAMILY (DETACHED) DWELLING WITH TWO CAR INTEGRAL GARAGE AND COVERED PORCH AT FRONT
BDA-2024-01050,2024-12-13,2024,0174G00390000000,40.4592270899,-79.8902059054,Homewood North,200000,2_unit,2,Residential,"CONSTRUCTION OF A THREE-STORY WOOD-FRAMED, TWO-FAMILY DWELLING WITH SECOND FLOOR FRONT PORCH AND REAR LANDING & STAIRS."
BDA-2024-01101,2025-09-23,2025,0050K00172000000,40.4664630697,-79.9438512854,Garfield,200000,single_family,1,Residential,CONSTRUCTION OF A 3 STORY MODULAR ATTACHED SINGLE FAMILY DWELLING WITH BASEMENT LEVEL AND SITE BUILT DECK AND PARKING PAD AT REAR
BDA-2024-01364,2025-09-23,2025,0050K00173000000,40.466476543,-79.9439194934,Garfield,100000,single_family,1,Residential,CONSTRUCTION OF A 3 STORY MODULAR ATTACHED SINGLE FAMILY DWELLING WITH BASEMENT LEVEL AND SITE BUILT DECK AND PARKING PAD AT REAR
BDA-2024-01734,2024-09-05,2024,0024F00165000000,40.4600276598,-79.9932803187,Spring Garden,100000,single_family,1,Residential,NEW 3 STORY SINGLE FAMILY DWELLING WITH INTERGRAL 2 CAR GARAGE
BDA-2024-02179,2025-06-03,2025,0049E00118000000,40.4689032503,-79.9661405167,Lower Lawrenceville,31973000,multifamily_5plus,,Commercial,"CONSTRUCTION OF FIVE STORY RESIDENTIAL APARTMENT PODIUM BUILDING WITH PARKING GARAGE ON FIRST FLOOR, ONE COURTYARD WITH POOL, ONE COURTYARD WITH SEATING AND INTERIOR AMENITY SPACE ON SECOND FLOOR"
BDA-2024-02439,2025-03-04,2025,0004F00218000000,40.4287235336,-80.0098019525,Mount Washington,150000,single_family,1,Residential,"CONSTRUCTION OF MASONRY & WOOD-FRAMED THREE-STORY ATTACHED SINGLE-FAMILY DWELLING WITH BASEMENT, INTEGRAL ONE-CAR GARAGE, FIRST FLOOR REAR DECK & THIRD FLOOR BALCONY"
BDA-2024-02441,2025-03-04,2025,0004F00217000000,40.4287099938,-80.0098815659,Mount Washington,150000,single_family,1,Residential,"CONSTRUCTION OF MASONRY & WOOD-FRAMED THREE-STORY ATTACHED SINGLE-FAMILY DWELLING WITH BASEMENT, ONE-CAR CARPORT, FIRST FLOOR REAR DECK & THIRD FLOOR BALCONY"
BDA-2024-02749,2024-09-05,2024,0024F00168000000,40.4600326334,-79.9931440105,Spring Garden,100000,single_family,1,Residential,NEW 3 STORY SINGLE FAMILY DETACHED DWELLING WITH INTERGRAL 2 CAR GARAGE
BDA-2024-02988,2025-01-10,2025,0022L00026000000,40.4570570101,-80.0238448655,Manchester,450000,single_family,1,Residential,CONSTRUCTION OF SINGLE FAMILY ATTACHED DWELLING
BDA-2024-03146,2025-01-10,2025,0022L00024000000,40.457027336,-80.0239437218,Manchester,450000,single_family,1,Residential,CONSTRUCTION OF SINGLE FAMILY ATTACHED DWELLING UNIT
BDA-2024-03554,2025-05-30,2025,0010C00100000000,40.4519346183,-79.9709651456,Bedford Dwellings,14692703,unclassified,,Commercial,"IN PHASE 2A OF BEDFORD DEVELOPMENT, 70 NEW UNITS IN 8 NEW BUILDINGS, ON SITE PARKING WITH PLAY AREAS"
BDA-2024-03769,2024-10-24,2024,0081E00006000000,40.4794298656,-79.9490820575,Upper Lawrenceville,750000,single_family,1,Residential,"CONSTRUCTION OF NEW 3 STORY DETACHED BUILDING AS SINGLE FAMILY DWELLING WITH INTEGRAL GARAGE, ROOFTOP DECK AND INGROUND SWIMMING POOL IN FRONT YARD"
BDA-2024-03948,2025-01-28,2025,0175G00172000000,40.4492220441,-79.8879461056,Homewood South,300000,2_unit,2,Residential,CONSTRUCTION OF A TWO-FAMILY DWELLING
BDA-2024-04036,2026-03-12,2026,0083G00229000000,40.468821821,-79.9218552215,East Liberty,900000,single_family,1,Commercial,NEW CONSTRUCTION OF A THREE-STORY BUILDING CONTAINING SIX DWELLING UNITS AND CONSTRUCTION OF A SURFACE PARKING LOT AT THE REAR.
BDA-2024-04164,2026-01-07,2026,0025K00006000000,40.4575432136,-79.9776926525,Strip District,20000000,multifamily_5plus,224,Commercial,"CONSTRUCT NEW 6-STORY, PODIUM BUILDING, WITH 224 DWELLING UNITS (12 TYPE A), AMENITY SPACES AND LEASING OFFICE ON GROUND LEVEL."
BDA-2024-04167,2026-07-30,2026,0086F00302000000,40.438298319,-79.9253114386,Squirrel Hill North,500000,single_family,1,Residential,"CONSTRUCTION OF 3 STORY ATTACHED SINGLE FAMILY DWELLING WITH INTEGRAL GARAGE, INTERIOR POOL AND EXTERIOR POOL AT REAR OF BUILDING"
BDA-2024-04690,2026-07-30,2026,0086F00302000000,40.438298319,-79.9253114386,Squirrel Hill North,500000,single_family,1,Residential,CONSTRUCTION OF 3 STORY ATTACHED SINGLE FAMILY DWELLING WITH INTEGRAL GARAGE AND EXTERIOR POOL AT REAR OF BUILDING (5665 FORBES AVE)
BDA-2024-04860,2025-02-17,2025,0053M00045000000,40.4374139692,-79.9330325706,Squirrel Hill South,960000,single_family,1,Residential,CONSTRUCTION OF WOOD & MASONRY FRAMED THREE-STORY SINGLE-FAMILY DWELLING WITH TWO-CAR INTEGRAL GARAGE AND THIRD FLOOR TERRACE.
BDA-2024-05307,2025-04-23,2025,0010P00025000000,40.4453325628,-79.9770776774,Middle Hill,5783232,multifamily_5plus,12,Commercial,"CONSTRUCT A NEW FOUR-STORY BUILDING WITH A BASEMENT. THE NEW BUILDING INCLUDES FUTURE COMMERCIAL TENANT SPACE ON THE FIRST FLOOR, STORAGE & UTILITIES IN BASEMENT AND TOTAL OF 12 DWELLING UNITS ABOVE. NEW 3 SURFACE PARKING SPACES AND A GARBAGE ENCLOSURE ARE PROVIDED."
BDA-2024-05483,2025-08-28,2025,0056E00009000000,40.4130113038,-79.9482895796,Hazelwood,8850890,multifamily_5plus,,Commercial,CONSTRUCTION OF 5 STORY APARTMENT BUILDING WITH 1ST FLOOR AMENITY SPACES AND UNFINISHED COMMERCIAL SPACE WITH PARKING LOT AND PLAY STRUCTURE
BDA-2024-05486,2025-01-29,2025,0080G00044000000,40.4779435238,-79.9569146311,Central Lawrenceville,54000,single_family,1,Residential,CONSTRUCTION OF DECK AT REAR OF EXISTING SINGLE-FAMILY DWELLING
BDA-2024-05863,2026-03-31,2026,0084R00261000000,40.4551107705,-79.9232347759,Shadyside,3318708,unclassified,,Residential,
BDA-2024-05897,2025-04-25,2025,0013C00265000000,40.4214870785,-79.9736029159,South Side Slopes,200000,single_family,1,Residential,"CONSTRUCTION OF NEW THREE STORY SINGLE-FAMILY DWELLING WITH INTEGRAL TWO-CAR GARAGE AS WELL AS FIRST, SECOND & THIRD FLOOR TERRACES"
BDA-2024-05918,2025-04-03,2025,0008G00082000000,40.448485588,-80.0054022584,North Shore,25000000,single_family,1,Commercial,"NEW CONSTRUCTION OF 11-STORY BUILDING THAT CONSISTS OF A FIRST FLOOR PARKING GARAGE, DWELLING UNITS ON FLOORS 2 THROUGH 11 WITH ASSOCIATED AMENITY SPACES."
BDA-2024-05942,2024-11-15,2024,0013D00001000000,40.4233462021,-79.9702554807,South Side Slopes,8000,unclassified,,Residential,
BDA-2024-05978,2026-01-22,2026,0084M00036000000,40.4567829891,-79.9200493342,Shadyside,337052,townhouse,,Residential,NEW CONSTRUCTION OF 3-STORY TOWNHOME WITH INTEGRAL GARAGE AND DECKS
BDA-2024-06006,2024-11-15,2024,0051G00082000000,40.4580167261,-79.9398237473,Bloomfield,50000,single_family,1,Residential,"24'-0'' X 24'-0'' TWO CAR, ONE STORY DETACHED GARAGE AT REAR OF SINGLE -FAMILY DWELLING."
BDA-2024-07307,2025-05-29,2025,0010D00220000000,40.452388444,-79.9695426551,Bedford Dwellings,10622910,multifamily_5plus,,Commercial,"NEW CONSTRUCTION OF FIVE-STORY APARTMENT BUILDING AND SITE WORK THAT INCLUDES SURFACE PARKING, PERGOLA, DUMPSTER ENCLOSURE AND SITE WORK"
BDA-2024-07308,2025-07-23,2025,0025S00300000000,40.4529282367,-79.9699534714,Bedford Dwellings,9062418,multifamily_5plus,,Commercial,NEW CONSTRUCTION OF FOUR-STORY APARTMENT BUILDING AND SITE WORK THAT INCLUDES SURFACE PARKING AND PLAYGROUND.
BDA-2024-07484,2025-06-06,2025,0028F00308000000,40.4385861998,-79.9585412932,Central Oakland,31114000,multifamily_5plus,,Commercial,"NEW CONSTRUCTION OF AN 11 STORY APARTMENT BUILDING, SITE WORK, COVERED PARKING, ACCESSORY MAINTENANCE BUILDING AND PARKING CAROUSELS."
BDA-2024-07864,2025-04-04,2025,0004J00196000000,40.4268638416,-80.0145647903,Mount Washington,100000,single_family,1,Residential,CONSTRUCTION OF WOOD-FRAMED THREE-STORY SINGLE FAMILY DWELLING WITH INTEGRAL TWO-CAR GARAGE
BDA-2024-07968,2025-04-09,2025,0083K00208000000,40.4671125511,-79.9248772146,East Liberty,320000,2_unit,2,Residential,CONSTRUCTION OF TWO-FAMILY DWELLING WITH INTEGRAL ONE-CAR GARAGES FOR EACH DWELLING UNIT
BDA-2025-00176,2025-04-25,2025,0013C00266000000,40.4214938263,-79.9736830736,South Side Slopes,200000,single_family,1,Residential,"CONSTRUCTION OF NEW THREE-STORY SINGLE-FAMILY DWELLING WITH INTEGRAL TWO-CAR GARAGE IN BASEMENT AS WELL AS FIRST, SECOND & THIRD FLOOR ROOF TERRACES"
BDA-2025-00312,2025-05-30,2025,0006M00100000000,40.4362417691,-80.0177757268,Mount Washington,469465,single_family,1,Residential,CONSTRUCTION OF THREE-STORY SINGLE-FAMILY DWELLING WITH INTEGRAL 2 CAR GARAGE AND ROOFTOP DECK
BDA-2025-00811,2025-07-25,2025,0003K00167000000,40.4270606815,-79.9930161831,South Side Slopes,150000,single_family,1,Residential,CONSTRUCTION OF 3 STORY SINGLE FAMILY DWELLING WITH INTEGRAL GARAGE AND ROOFTOP DECK
BDA-2025-00813,2025-07-24,2025,0003K00168000000,40.4270356054,-79.9929409537,South Side Slopes,150000,single_family,1,Residential,CONSTRUCTION OF 3 STORY SINGLE FAMILY DWELLING WITH INTEGRAL GARAGE AND ROOFTOP DECK
BDA-2025-00940,2025-02-25,2025,0010P00186000000,40.4439563935,-79.9773291345,Middle Hill,500,unclassified,,Residential,
BDA-2025-01223,2026-09-11,2026,0028K00096000000,40.437549235,-79.9597359937,Central Oakland,51000000,multifamily_5plus,,Commercial,PHASED CONSTRUCTION OF FOUNDATIONS THROUGH LEVEL 2 OF NEW 12 STORY APARTMENT BUILDING WITH INTEGRAL GARAGE
BDA-2025-01415,2025-04-04,2025,0004J00195000000,40.4268589796,-80.0144139775,Mount Washington,100000,single_family,1,Residential,CONSTRUCTION OF WOOD-FRAMED THREE-STORY SINGLE FAMILY DWELLING WITH INTEGRAL TWO-CAR GARAGE
BDA-2025-01465,2025-10-24,2025,0022L00271000000,40.4553607716,-80.0234137317,Manchester,100000,single_family,1,Residential,CONSTRUCTION OF THREE-STORY WOOD-FRAMED SINGLE-FAMILY DWELLING
BDA-2025-01468,2025-10-16,2025,0022L00279000000,40.4551953474,-80.0233563325,Manchester,100000,single_family,1,Residential,CONSTRUCTION OF THREE-STORY WOOD-FRAMED SINGLE-FAMILY  DWELLING WITH FULL BASMENT AND INTEGRAL ONE-CAR GARAGE.
BDA-2025-01499,2025-06-09,2025,0080H00247000000,40.4788096357,-79.9501024845,Upper Lawrenceville,300000,single_family,1,Commercial,CONSTRUCTION OF NEW SINGLE FAMILY DWELLING UNIT
BDA-2025-01539,2025-06-30,2025,0096N00264000000,40.3855758353,-80.0129899239,Brookline,483655,single_family,1,Residential,CONSTRUCTION OF NEW 2 STORY SINGLE FAMILY DWELLING WITH ATTIC
BDA-2025-01588,2025-03-18,2025,0004A00016000000,40.4328490987,-80.0160512929,Mount Washington,30000,unclassified,,Residential,
BDA-2025-01698,2026-01-08,2026,0025F00199000000,40.4582835018,-79.9750197319,Strip District,250000,single_family,1,Residential,CONSTRUCTION OF NEW THREE-STORY DWELLING WITH INTERGRAL GARAGE AND SECOND FLOOR DECK
BDA-2025-02214,2025-08-13,2025,0082L00233000000,40.4757762328,-79.9206244784,Highland Park,2000000,multifamily_5plus,,Commercial,"CONSTRUCTION OF A 3-STORY, MIXED USE BUILDING, INCLUDING 4 TYPE B DWELLING UNITS, GROUND FLOOR COMMERCIAL TENANT SPACE, INTEGRAL PARKING, AND ACCESSORY STORAGE"
BDA-2025-02505,2025-08-14,2025,0081G00061000000,40.4778343814,-79.937134565,Stanton Heights,150000,single_family,1,Residential,COMPLETION OF CONSTRUCTION (STARTED UNDER BP-2022-16199) OF WOOD-FRAMED SINGLE-FAMILY DWELLING WITH CRAWL SPACE BELOW AND PARKING PAD IN FRONT.
BDA-2025-02745,2025-04-01,2025,0082E00217000000,40.4785443425,-79.9302910398,Morningside,6000,unclassified,,Residential,
BDA-2025-03396,2025-10-06,2025,0004J00193000000,40.4268542322,-80.0142630773,Mount Washington,100000,single_family,1,Residential,CONSTRUCTION OF WOOD-FRAMED THREE-STORY SINGLE FAMILY DWELLING WITH INTEGRAL TWO-CAR GARAGE
BDA-2025-03398,2026-01-05,2026,0004J00191000000,40.4268497886,-80.0141119278,Mount Washington,100000,single_family,1,Residential,CONSTRUCTION OF WOOD-FRAMED THREE-STORY SINGLE FAMILY DWELLING WITH INTEGRAL TWO-CAR GARAGE
BDA-2025-03892,2025-11-24,2025,0081A00034000A00,40.4804674016,-79.9493358025,Upper Lawrenceville,10000,unclassified,,Residential,INSTALLATION OF CAST-IN-PLACE CONCRETE RETAINING WALL ABUTTING TEMPORARY SHOTECRETE WALL
BDA-2025-04074,2026-06-04,2026,0175B00057000000,40.4516398603,-79.8914917853,Homewood South,500000,single_family,1,Residential,"NEW CONSTRUCTION OF A DETACHED DWELLING, SITE WORK, SLAB ON GRADE, AND PARKING PAD"
BDA-2025-04076,2025-08-26,2025,0125B00281000000,40.4612958887,-79.9081303882,Larimer,500000,single_family,1,Residential,CONSTRUCITON OF SINGLE FAMILY ATTACHED DWELLING
BDA-2025-04337,2026-01-16,2026,0024K00322000000,40.4570294133,-79.9935062271,East Allegheny,300000,single_family,1,Residential,NEW CONSTRUCTION OF 3 STORY SINGLE FAMILY DWELLING
BDA-2025-04339,2026-01-16,2026,0024K00330000000,40.4571152065,-79.993535161,East Allegheny,300000,single_family,1,Residential,NEW CONSTRUCTION OF 3 STORY SINGLE FAMILY DWELLING
BDA-2025-04344,2026-01-16,2026,0024K00320000000,40.4569799112,-79.9937703615,East Allegheny,300000,single_family,1,Residential,NEW CONSTRUCTION OF 3 STORY SINGLE FAMILY DWELLING
BDA-2025-04345,2026-01-16,2026,0024K00321000000,40.4570656377,-79.9937997465,East Allegheny,300000,single_family,1,Residential,NEW CONSTRUCTION OF 3 STORY SINGLE FAMILY DWELLING
BDA-2025-04987,2025-07-28,2025,0134D00040000000,40.3836307013,-79.9203133358,New Homestead,500000,single_family,1,Residential,CONSTRUCTION OF A TWO-STORY WOOD FRAMED SINGLE-FAMILY DWELLING WITH FULL BASEMENT AND INTEGRAL TWO-CAR GARAGE
BDA-2025-05886,2026-05-12,2026,0121K00309000000,40.4848394495,-79.9246518207,Morningside,250000,unclassified,,Residential,"12'-0"" x 16'-0"" STORAGE SHED FOR USE AS AGRICULTURAL STORAGE SHED TO STORE HORTICULTURAL PRODUCTS - NO HABITABLE SPACE"
BDA-2025-06026,2026-01-06,2026,0011D00124000000,40.4420874479,-79.9677367873,West Oakland,229500,single_family,1,Residential,"CONSTRUCT NEW 2 STORY + BASEMENT GARAGE SINGLE FAMILY DWELLING WITH 2ND FLOOR BALCONY (5'-8"" X 18'-7"") AND INTEGRAL 2 CAR GARAGE FACING WYANDOTTIE STREET"
BDA-2025-06510,2025-08-04,2025,0083D00039000000,40.4721924246,-79.9189664358,Highland Park,24000,single_family,1,Residential,REPLACEMENT OF PARITALLY COVERED DECK(PORCH) WITH STAIRS TO GRADE AT REAR OF EXISTING SINGLE-FAMILY DWELLING
BDA-2025-07745,2026-05-12,2026,0006H00045000000,40.4387700516,-80.0197836159,Duquesne Heights,250000,single_family,1,Residential,PHASED CONSTRUCTION - INFILL OF CORE + SHELL AS 3 STORY SINGLE FAMILY DWELLING
BDA-2025-07802,2025-09-08,2025,0086J00090000000,40.4358557507,-79.9318905127,Squirrel Hill South,30000,single_family,1,Residential,SITE WORK TO INCLUDE DEMOLITION OF SINGLE-CAR GARAGE CONSTRUCTION OF TWO-CAR GARAGE AT REAR OF EXISTING SINGLE-FAMILY GARAGE
BDA-2025-07805,2026-05-18,2026,0024K00301000000,40.4568719784,-79.9940680624,East Allegheny,1000,unclassified,,Residential,
BDA-2025-08001,2025-10-27,2025,0084G0025800RU00,40.4591946141,-79.9213772688,Shadyside,2000,multifamily_5plus,,Commercial,"ILLUMINATED CHANNEL LETTER SIGN (9'-2"" X 1'-8"") ABOVE ENTRANCE TO APARTMENTS"
BDA-2025-08528,2026-09-10,2026,0010F00300000000,40.4495198705,-79.9763439431,Bedford Dwellings,10730200,multifamily_5plus,12,Commercial,"IN PHASE III OF BEDFORD DWELLING, NEW 3 STORY BUILDING WITH 1 AND 2 BEDROOM APARTMENTS (12 UNITS TOTAL ) 3 TYPE A AND 1 TYPE B UNIT ON FIRST FLOOR"
BDA-2025-08546,2025-10-01,2025,0026M00195000000,40.4562223886,-79.9497643388,Bloomfield,36000,single_family,1,Residential,"DEMOLITION OF EXISTING WOOD DECK & CONCRETE PAD DEMOLITION OF EXISTING FRONT CONCRETE PORCH, PLANTER & OVERHANG. CONSTRUCTION OF NEW CONCRETE PORCH & ROOF AT FRONT AND CONSTRUCTION OF NEW DECK WITH STAIRS TO GRADE AT REAR OF EXISTING SINGLE-FAMILY DWELLING."
BDA-2025-09979,2025-10-22,2025,0052B00037000000,40.4521198294,-79.9447941187,Shadyside,5680,unclassified,,Residential,
BDA-2025-10176,2026-07-22,2026,0125P00035000000,40.4548146792,-79.9090422852,Point Breeze North,450000,single_family,1,Residential,"NEW 3-STORY DETACHED SINGLE-FAMILY DWELLING, INTEGRAL GARAGE, AND  DECK."
BDA-2025-10274,2026-01-07,2026,0025F00201000000,40.4581605645,-79.9748733005,Strip District,300000,single_family,1,Residential,CONSTRUCTION OF NEW THREE-STORY DWELLING WITH INTERGRAL GARAGE AND SECOND FLOOR DECK
BDA-2025-10536,2026-07-31,2026,0083F00206000000,40.4682245925,-79.9263578893,East Liberty,330000,single_family,1,Residential,NEW 3 STORY SINGLE FAMILY DWELLING WITH DETACHED GARAGE
BDA-2025-10734,2025-12-03,2025,0018A00105000000,40.4311920441,-80.0479108029,Westwood,500000,single_family,1,Residential,"CONSTRUCTION OF TWO-STORY WOOD-FRAMED SINGLE-FAMILY DWELLING WITH FULL BASEMENT AND ATTACHED TWO-CAR GARAGE,"
BDA-2025-11011,2026-05-19,2026,0085H00100000000,40.4500146224,-79.9169877107,Point Breeze,2480000,single_family,1,Residential,"CONSTRUCTION OF 3-STORY SINGLE FAMILY DETACHED SINGLE FAMILY DWELLING WITH TERRACES, INTEGRAL GARAGE, AND RETAINING WALLS"
BDA-2025-12243,2026-06-25,2026,0080G00086000000,40.4777073272,-79.9566646558,Central Lawrenceville,700000,single_family,1,Residential,CONSTRUCTION OF THREE-STORY WOOD FRAMED SINGLE FAMILY DWELLING WITH INTEGRAL TWO-CAR GARAGE AND ROOF DECKS AT 2ND & 3RD FLOORS.
BDA-2026-00213,2026-03-31,2026,0024K00314000000,40.4568087631,-79.9937119979,East Allegheny,350000,single_family,1,Residential,NEW CONSTRUCTION OF 3 STORY SINGLE FAMILY DWELLING
BDA-2026-00215,2026-03-31,2026,0024K00315000000,40.4568943309,-79.9937413554,East Allegheny,350000,single_family,1,Residential,NEW CONSTRUCTION OF 3 STORY SINGLE FAMILY DWELLING
BDA-2026-00297,2026-08-03,2026,0027B00014000000,40.4525063839,-79.9587696245,Upper Hill,300000,single_family,1,Residential,"NEW CONSTRUCTION OF A SINGLE STORY DETACHED DWELLING WITH INTEGRAL GARAGE, FRONT PORCH AND SIDE DECK."
BDA-2026-00554,2026-08-05,2026,0009M00089000000,40.4478821975,-79.9836404363,Bedford Dwellings,800000,single_family,1,Residential,"CONSTRUCTION OF TWO-STORY SINGLE-FAMILY DWELLING WITH INTEGRAL GARAGE, POOL, HOT TUB, WOOD DECK AND FENCE. STRUCTURE IS MASONRY & WOOD-FRAMED ON SPREAD FOOTERS AND CAISSONS & GRADE BEAMS. ALSO INCLUDES ROOFTOP SOLAR PANELS."
BDA-2026-00801,2026-03-18,2026,0028B00310000000,40.4424544322,-79.9598453087,West Oakland,1052000,unclassified,,Commercial,CONSTRUCTION OF A TEMPORARY ENCLOSED PEDESTRIAN WALKWAY WITH STORAGE TO CONNECT EXISTING HOSPITAL TO TRAILER USED FOR STERILE PROCESSING AND PLACEMENT OF TEMPORARY MOBILE STERILE PROCESSING UNIT TRAILER (TRAILER TO REST ON EXISTING ROAD BED)
BDA-2026-00813,2026-08-11,2026,0083E00072000000,40.4691911632,-79.9295160196,Garfield,350000,single_family,1,Residential,NEW CONSTRUCTION OF A SINGLE-FAMILY DETACHED DWELLING
BDA-2026-01173,2026-04-17,2026,0082S00055000000,40.4734573112,-79.9197388307,Highland Park,115000,single_family,1,Residential,INSTALLATION OF 7' X 13' POOL AT REAR OF SITE FOR SINGLE FAMILY DWELLING
BDA-2026-02976,2026-06-15,2026,0137A00381000000,40.3827598856,-79.9791071532,Carrick,1820,unclassified,,Residential,
BDA-2026-03497,2026-05-27,2026,0088B00270000000,40.4221852283,-79.9247542328,Squirrel Hill South,15000,unclassified,,Residential,
BDA-2026-03745,2026-06-12,2026,0083K00201000000,40.4673069867,-79.9252631451,East Liberty,7241,unclassified,,Residential,
BDA-2026-04073,2026-09-03,2026,0050K00044000000,40.4672094509,-79.9432546696,Garfield,2000,unclassified,,Residential,
BDA-2026-04593,2026-06-04,2026,0086G00051000000,40.4402403729,-79.922876293,Squirrel Hill North,3850,unclassified,,Residential,
BDA-2026-04997,2026-06-15,2026,0010H00146000000,40.4483928919,-79.9679520378,Middle Hill,2000,unclassified,,Residential,
BDA-2026-05175,2026-07-10,2026,0177E00132000001,40.4305233424,-79.8984239083,Regent Square,7787,unclassified,,Residential,
BDA-2026-06215,2026-09-03,2026,0076E00089000A00,40.4789627336,-80.0295328255,Brighton Heights,150,unclassified,,Residential,
BP-2019-00108,2019-08-26,2019,0084K00146000000,40.4554476305,-79.9271681715,Shadyside,210000,townhouse,2,Residential,Construction of a two-family townhome
BP-2019-00208,2019-08-13,2019,0049C00273000000,40.4710226045,-79.9549601922,Central Lawrenceville,345000,single_family,1,Residential,CONSTRUCT THREE STORY SINGLE FAMILY DWELLING AMENDMENT: ADD ROOF TOP DECK AND SPIRAL STAIR ON THIRD STORY AMENDMENT WITHDRAWAL PER APPLICANT REQUEST  AMENDMENT2  04/13/2021- REMOVE LOWER DECK FROM SCOPE OF WORK
BP-2019-00266,2019-11-05,2019,0028N00100000000,40.4353699488,-79.9646152587,South Oakland,255000,unclassified,,Residential,NEW CONSTRUCTION
BP-2019-01649,2021-09-20,2021,0050L00007000000,40.4672761476,-79.9385861354,Garfield,150000,single_family,1,Residential,CONSTRUCT A 2-STORY SINGLE FAMILY PREFABRICATED MODULAR DWELLING WITH INTEGRAL GARAGE AND DECK OFF THE FIRST FLOOR.
BP-2019-01650,2019-09-19,2019,0119S00041000000,40.4819657697,-79.9517074758,Upper Lawrenceville,160000,single_family,1,Residential,"CONSTRUCTION OF A NEW 3-STORY SINGLE FAMILY DWELLING WITH SINGLE ATTACHED SINGLE CAR GARAGE, ROOFTOP DECK AND ROOFTOP VESTIBULE."
BP-2019-01999,2019-08-13,2019,0006G00005000000,40.4403534346,-80.0244418974,Duquesne Heights,175000,single_family,1,Residential,"NEW 4 BEDROOM HOUSE WITH INTEGRAL PARKING, ROOF DECK AND REAR DECK."
BP-2019-02005,2019-08-13,2019,0006G00003000000,40.4404141555,-80.0245325211,Duquesne Heights,175000,single_family,1,Residential,"NEW 4 BEDROOM HOUSE WITH INTEGRAL PARKING, ROOF DECK"
BP-2019-02218,2019-10-25,2019,0026B00322000000,40.4601935184,-79.958430797,Polish Hill,140000,single_family,1,Residential,NEW DETACHED 2 STORY SINGLE FAMILY DWELLING WITH INTEGRAL 1 CAR GARAGE
BP-2019-02223,2020-11-04,2020,0174A00223000000,40.4611766947,-79.8985995504,Homewood North,20000,single_family,1,Residential,NEW ATTACHED TWO-STORY SINGLE FAMILY DWELLING WITH SLAB ON GRADE AND LOW SLOPED ROOF
BP-2019-02808,2019-09-09,2019,0114M00207000000,40.4863226351,-80.034370608,Brighton Heights,40400,unclassified,,Residential,"Masonary Garage,  24'x22'4x13'"
BP-2019-03205,2019-09-04,2019,0036B00055000000,40.4131553765,-80.0420409493,Banksville,150000,single_family,1,Residential,NEW CONSTRUCTION OF SINGLE FAMILY HOME
BP-2019-03226,2019-09-04,2019,0036B00053000000,40.4133187683,-80.0417814142,Banksville,175000,single_family,1,Residential,build new house
BP-2019-03908,2021-01-20,2021,0049N00363000000,40.4625895156,-79.9623287275,Lower Lawrenceville,200000,single_family,1,Residential,CONSTRUCTION OF NEW 3-STORY SINGLE FAMILY DWELLING WITH ROOFTOP DECK AND INTEGRAL 2-CAR GARAGE
BP-2019-04077,2019-11-18,2019,0083A00264000000,40.4697813583,-79.9311121191,Garfield,140000,single_family,1,Residential,NEW 2 STORY SINGLE FAMILY DWELLING
BP-2019-04078,2019-11-18,2019,0083A00266000000,40.4698168029,-79.9312044652,Garfield,175000,single_family,1,Residential,NEW 2 STORY SINGLE FAMILY DWELLING AMENDMENT: NEW 3 STORY SINGLE FAMILY DWELLING
BP-2019-04173,2020-03-11,2020,0026F00039000000,40.4592922936,-79.9614018051,Polish Hill,350000,single_family,1,Residential,CONSTRUCT MODULAR 3 STORY SINGLE FAMILY DWELLING WITH INTEGRAL GARAGE AND 3RD FLOOR FRONT ROOD DECK
BP-2019-04338,2021-09-03,2021,0004L00324000000,40.4277917278,-80.0044568574,Mount Washington,200000,single_family,1,Residential,3 STORY SINGLE FAMILY DWELLING WITH DECK ON 2ND & 3RD FL WITH INTEGRAL GARAGE.
BP-2019-04339,2021-07-26,2021,0004L00326000000,40.4278182633,-80.004397527,Mount Washington,200000,single_family,1,Residential,3 STORY SINGLE FAMILY DWELLING WITH DECKS ON 2ND & 3RD FL & INTEGRAL GARAGE
BP-2019-04364,2019-09-27,2019,0080H00011000000,40.479150247,-79.9531857587,Upper Lawrenceville,150000,single_family,1,Residential,"NEW 3 STORY HOUSE WITH HABITABLE BASEMENT BELOW, EXTERIOR DECK AT 1ST FLOOR AND ON TOP OF 2ND FLOOR. 2 CAR GARAGE"
BP-2019-04408,2020-09-15,2020,0012F00068000000,40.4298755577,-79.9784182121,South Side Flats,240000,single_family,1,Residential,CONSTRUCTION OF 3-STORY SINGLE FAMILY DWELLING
BP-2019-04661,2020-10-14,2020,0052G00133000000,40.4481567579,-79.9373961933,Shadyside,295200,single_family,1,Residential,CONSTRUCTION OF AN ATTACHED 3-STORY SINGLE FAMILY DWELLING WITH INTEGRAL 1-CAR GARAGE
BP-2019-05338,2020-01-30,2020,0049J00321000000,40.467267564,-79.9636151473,Lower Lawrenceville,175000,single_family,1,Commercial,CONSTRUCTION OF 4 STORY SINGLE FAMILY DWELLING WITH ATTACHED GARAGE AND ROOFTOP DECK
BP-2019-05455,2020-12-02,2020,0083K00083000000,40.4654340887,-79.9275409964,East Liberty,200000,single_family,1,Residential,"CONSTRUCT 3-STORY HOUSE WITH BASEMENT, FRONT PORCH, REAR DECK, & FRONT ROOFTOP DECK"
BP-2019-05456,2021-01-12,2021,0083K00082000000,40.4654949376,-79.9274984667,East Liberty,200000,single_family,1,Residential,"CONSTRUCT 3-STORY HOUSE WITH BASEMENT, FRONT PORCH, REAR DECK, & FRONT ROOFTOP DECK"
BP-2019-05492,2020-01-22,2020,0010S00075000000,40.4445641169,-79.9691318132,Terrace Village,2354552,multifamily_5plus,18,Commercial,NEW CONSTRUCTION OF A 3-STORY 18 UNIT APARTMENT BUILDING WITH BASEMENT
BP-2019-05493,2020-01-22,2020,0010S00072000000,40.4442830894,-79.970501214,Terrace Village,7717698,multifamily_5plus,59,Commercial,CONSTRUCT A 59 UNIT 4 STORY MULTI-FAMILY DWELLING WITH SURFACE PARKING
BP-2019-05495,2020-01-21,2020,0010S00075000000,40.4445641169,-79.9691318132,Terrace Village,4316678,3_4_unit,3,Commercial,"CONSTRUCT NEW 3-STORY APARTMENT BUILDING TO INCLUDE 3 UNITS ON FIRST LEVEL, 10 UNITS ON SECOND LEVEL, 10 UNITS ON THIRD LEVEL, AND 10 UNITS ON FOUR LEVEL"
BP-2019-05496,2020-01-17,2020,0010S00075000000,40.4445641169,-79.9691318132,Terrace Village,3924254,multifamily_5plus,,Commercial,CONSTRUCTION OF NEW THREE STORY WOOD FRAMED APARTMENT BUILDING
BP-2019-05531,2021-09-03,2021,0004L00328000000,40.427842456,-80.0043371381,Mount Washington,200000,single_family,1,Residential,NEW THREE STORY SINGLE FAMILY DWELLING WITH DECKS ON 2ND & 3RD FL WITH INTEGRAL GARAGE.
BP-2019-05835,2021-09-03,2021,0004L00322000000,40.4277664615,-80.0045168923,Mount Washington,200000,single_family,1,Residential,3 STORY SINGLE FAMILY DWELLING WITH DECK ON 2ND & 3RD FL WITH INTEGRAL GARAGE
BP-2019-05951,2020-01-14,2020,0083F00317000000,40.4676003867,-79.9250820463,East Liberty,15000,unclassified,,Residential,NEW DETACHED GARAGE
BP-2019-06027,2020-01-08,2020,0012K00221000000,40.427119177,-79.9767019405,South Side Flats,35000,single_family,1,Residential,NEW 2 STORY SINGLE FAMILY DWELLING ON EXISTING FOUNDATION
BP-2019-06098,2020-11-04,2020,0023E00383000000,40.4580994714,-80.0151314895,Central Northside,220000,townhouse,,Residential,"CONSTRUCTION OF MODULAR 3-STORY TOWNHOUSE WITH INTEGRAL GARAGE, PRE-CAST FOUNDATION, REAR DECK AND ROOFTOP DECK"
BP-2019-06099,2020-11-05,2020,0023E00382000000,40.4581599511,-80.0151516334,Central Northside,220000,townhouse,,Residential,"CONSTRUCTION OF MODULAR 3-STORY TOWNHOUSE WITH INTEGRAL GARAGE, PRE-CAST FOUNDATION, REAR DECK AND ROOFTOP DECK"
BP-2019-06100,2020-11-04,2020,0023E00381000000,40.4582129544,-80.0151681609,Central Northside,220000,townhouse,,Residential,"CONSTRUCTION OF MODULAR 3-STORY TOWNHOUSE WITH INTEGRAL GARAGE, PRE-CAST FOUNDATION, REAR DECK AND ROOFTOP DECK"
BP-2019-06101,2020-11-04,2020,0023E00380000000,40.4582657656,-80.0151858968,Central Northside,220000,townhouse,,Residential,"CONSTRUCTION OF MODULAR 3-STORY TOWNHOUSE WITH INTEGRAL GARAGE, PRE-CAST FOUNDATION, REAR DECK AND ROOFTOP DECK"
BP-2019-06102,2020-11-04,2020,0023E00379000000,40.4583185894,-80.0152029649,Central Northside,220000,townhouse,,Residential,"CONSTRUCTION OF MODULAR 3-STORY TOWNHOUSE WITH INTEGRAL GARAGE, PRE-CAST FOUNDATION, REAR DECK AND ROOFTOP DECK"
BP-2019-06105,2020-11-05,2020,0023E00378000000,40.4583788178,-80.0152224251,Central Northside,220000,townhouse,,Residential,"CONSTRUCTION OF MODULAR 3-STORY TOWNHOUSE WITH INTEGRAL GARAGE, PRE-CAST FOUNDATION, REAR DECK AND ROOFTOP DECK"
BP-2019-06307,2021-03-15,2021,0006K00366000000,40.4363336849,-80.0260125344,Duquesne Heights,150000,single_family,1,Residential,"CONSTRUCTION OF MODULAR 3-STORY SINGLE FAMILY DWELLING WITH INTEGRAL GARAGE, PRE-CAST FOUNDATION"
BP-2019-06308,2020-02-04,2020,0006K00303000000,40.4361976811,-80.0253322331,Duquesne Heights,200000,single_family,1,Residential,CONSTRUCT 3-STORY HOUSE WITH INTEGRAL PARKING & ROOFTOP DECK
BP-2019-06395,2020-01-29,2020,0011J00173000000,40.4368142278,-79.9820075982,Bluff,752000,multifamily_5plus,8,Commercial,"CONSTRUCTION OF THREE STORY, MASONRY VENEERED WOOD FRAMED, 8 UNIT APARTMENT BUILDING AND SITE WORK.  AMENDED TO REVISE FOUNDATION DETAILS."
BP-2019-07202,2020-08-27,2020,0049E00132000000,40.4695679428,-79.9653329962,Lower Lawrenceville,24500000,multifamily_5plus,343,Commercial,CONSTRUCTION OF 5 STORY APARTMENT BUILDING WITH 343 UNITS
BP-2019-07230,2020-08-25,2020,0049E00132000000,40.4695679428,-79.9653329962,Lower Lawrenceville,2012000,multifamily_5plus,,Commercial,FOUNDATION ONLY FOR NEW 5 STORY RESIDENTIAL APARTMENT BUILDING
BP-2019-07739,2020-01-29,2020,0011J00179000000,40.4368426269,-79.9816941799,Bluff,948000,multifamily_5plus,8,Commercial,CONSTRUCT NEW 3 STORY STRUCTURE WITH 8 DWELLING UNITS
BP-2019-08525,2019-11-12,2019,0036B00051000000,40.4133734957,-80.0422080715,Banksville,150000,single_family,1,Residential,NEW 2 STORY SINGLE FAMILY DWELLING WITH 2 CAR GARAGE WITH A PORCH IN THE FRONT AND PATIO IN THE BACK.
BP-2019-08660,2020-03-13,2020,0011H00400000000,40.4397091347,-79.966902345,West Oakland,55000,townhouse,,Residential,CONSTRUCTION OF NEW 3-STORY TOWNHOUSE IN ROW OF 10 TOWNHOUSES WITH INTEGRAL 1-CAR GARAGE
BP-2019-08661,2020-03-13,2020,0011H00402000000,40.4396528501,-79.9668934587,West Oakland,55000,townhouse,,Residential,CONSTRUCTION OF NEW 3-STORY TOWNHOUSE IN A ROW OF 10 TOWNHOUSES WITH INTEGRAL 1-CAR GARAGE
BP-2019-08662,2020-03-13,2020,0011H00404000000,40.4396046569,-79.9668816349,West Oakland,55000,townhouse,,Residential,CONSTRUCTION OF NEW 3-STORY TOWNHOUSE IN A ROW OF 10 TOWNHOUSES WITH INTEGRAL 1-CAR GARAGE
BP-2019-08663,2020-03-17,2020,0011H00406000000,40.4395566423,-79.9668698799,West Oakland,55000,townhouse,,Residential,CONSTRUCTION OF NEW 3-STORY TOWNHOUSE IN A ROW OF 10 TOWNHOUSES WITH INTEGRAL 1-CAR GARAGE
BP-2019-08664,2020-03-17,2020,0011H00408000000,40.4395077604,-79.966859087,West Oakland,55000,townhouse,,Residential,CONSTRUCTION OF NEW 3-STORY TOWNHOUSE IN A ROW OF 10 TOWNHOUSES WITH INTEGRAL 1-CAR GARAGE
BP-2019-08665,2020-03-17,2020,0011H00410000000,40.4394591989,-79.9668464886,West Oakland,55000,townhouse,,Residential,CONSTRUCTION OF NEW 3-STORY TOWNHOUSE IN A ROW OF 10 TOWNHOUSES WITH INTEGRAL 1-CAR GARAGE
BP-2019-08734,2020-03-17,2020,0011H00412000000,40.4394106615,-79.9668339853,West Oakland,55000,townhouse,,Residential,CONSTRUCTION OF NEW 3-STORY TOWNHOUSE IN A ROW OF 10 TOWNHOUSES WITH INTEGRAL 1-CAR GARAGE
BP-2019-08735,2020-03-17,2020,0011H00414000000,40.4393620089,-79.9668234657,West Oakland,55000,townhouse,,Residential,CONSTRUCTION OF NEW 3-STORY TOWNHOUSE IN A ROW OF 10 TOWNHOUSES WITH INTEGRAL 1-CAR GARAGE
BP-2019-08736,2020-03-17,2020,0011H00416000000,40.439313985,-79.9668109335,West Oakland,55000,townhouse,,Residential,CONSTRUCTION OF NEW 3-STORY TOWNHOUSE IN A ROW OF 10 TOWNHOUSES WITH INTEGRAL 1-CAR GARAGE
BP-2019-08738,2020-03-17,2020,0011H00418000000,40.4392650574,-79.9667989847,West Oakland,55000,townhouse,,Residential,CONSTRUCTION OF NEW 3-STORY TOWNHOUSE IN A ROW OF 10 TOWNHOUSES WITH INTEGRAL 1-CAR GARAGE
BP-2019-08739,2020-03-17,2020,0011H00422000000,40.4391631097,-79.9667735921,West Oakland,55000,townhouse,,Residential,CONSTRUCTION OF NEW 3-STORY TOWNHOUSE WITH INTEGRAL 1-CAR GARAGE
BP-2019-08740,2020-03-17,2020,0011H00424000000,40.4391144437,-79.9667617022,West Oakland,55000,townhouse,,Residential,CONSTRUCTION OF NEW 3-STORY TOWNHOUSE WITH INTEGRAL 1-CAR GARAGE
BP-2019-08741,2020-03-13,2020,0011H00426000000,40.4390658883,-79.9667501992,West Oakland,55000,townhouse,,Residential,CONSTRUCTION OF NEW 3-STORY TOWNHOUSE WITH INTEGRAL 1-CAR GARAGE
BP-2019-08803,2020-03-13,2020,0011H00428000000,40.4390101113,-79.9667392441,West Oakland,55000,townhouse,,Residential,CONSTRUCTION OF NEW 3-STORY TOWNHOUSE WITH INTEGRAL 1-CAR GARAGE
BP-2019-08989,2020-01-30,2020,0049J00322000000,40.467214096,-79.9635398255,Lower Lawrenceville,200000,single_family,1,Commercial,"CONSTRUCTION OF 4 STORY SINGLE-FAMILY DWELLING WITH SECOND STORY DECK, FOURTH STORY ROOF DECK AND INTEGRAL GARAGE"
BP-2019-09342,2020-10-14,2020,0052G00133000000,40.4481567579,-79.9373961933,Shadyside,295200,townhouse,,Commercial,CONSTRUCTION OF A 4-STORY TOWNHOUSE WITH 2 CAR INTEGRAL GARAGE
BP-2019-09343,2020-10-14,2020,0052G00133000000,40.4481567579,-79.9373961933,Shadyside,295200,townhouse,,Commercial,CONSTRUCTION OF A 4-STORY TOWNHOUSE WITH 2 CAR INTEGRAL GARAGE
BP-2019-09344,2020-10-14,2020,0052G00133000000,40.4481567579,-79.9373961933,Shadyside,295200,townhouse,,Commercial,CONSTRUCTION OF A 4-STORY TOWNHOUSE WITH 2 CAR INTEGRAL GARAGE
BP-2019-09345,2020-10-14,2020,0052G00133000000,40.4481567579,-79.9373961933,Shadyside,295200,townhouse,,Commercial,CONSTRUCTION OF A 4-STORY TOWNHOUSE WITH 2 CAR INTEGRAL GARAGE
BP-2019-09389,2020-08-25,2020,0006K00301000000,40.4361235399,-80.0253776732,Duquesne Heights,100000,single_family,1,Residential,NEW SINGLE FAMILY DWELLING
BP-2019-09676,2020-01-30,2020,0049J00320000000,40.4673352849,-79.9637163209,Lower Lawrenceville,200000,single_family,1,Commercial,CONSTRUCTION OF 4 STORY SINGLE-FAMILY DWELLING WITH FOURTH STORY ROOF DECK AND INTEGRAL GARAGE
BP-2019-10590,2020-01-27,2020,0009D00297000000,40.4514419346,-79.9868749545,Strip District,115000,townhouse,,Residential,CONSTRUCTION OF SITE RETAINING WALLS / PERIMETER FENCE ACCESSORY TO TOWNHOUSES
BP-2019-10867,2020-08-28,2020,0080H00271000000,40.4780841232,-79.9508657032,Upper Lawrenceville,120000,single_family,1,Commercial,CONSTRUCTION OF NEW 4 STORY MASONRY AND WOOD FRAMED DWELLING.
BP-2019-11185,2020-05-12,2020,0012S00125000000,40.4247122344,-79.9661609897,South Side Flats,410000,single_family,1,Residential,NEW 3 STORY SINGLE FAMILY DWELLING
BP-2019-11431,2020-09-16,2020,0011E00037000000,40.4386324646,-79.9821031662,Crawford-Roberts,5000000,multifamily_5plus,,Commercial,CONSTRUCT NEW 6 STORY APARTMENT BUILDING
BP-2019-11750,2020-03-10,2020,0125K00018000000,40.4553189626,-79.9101883922,Point Breeze North,10000,single_family,1,Residential,NEW 3-STORY SINGLE FAMILY MODULAR DWELLING
BP-2020-01125,2020-07-15,2020,0006H00045000000,40.4387700516,-80.0197836159,Duquesne Heights,320000,single_family,1,Residential,"NEW DEEP FOUNDATION IN FOOTPRINT OF EXISTING FOUNDATION FOR; FOUNDATION, SUPERSTRUCTURE, AND BUILDING ENVELOPE (CORE + SHELL) TO PROVIDE WEATHER ENVELOPE OF PHASED CONSTRUCTION OF A 2 STORY SINGLE FAMILY RESIDENCE WITH SIDE DECK AT FIRST FLOOR."
BP-2020-01206,2020-05-15,2020,0055B00293000000,40.4223266057,-79.9419171412,Greenfield,277000,single_family,1,Residential,NEW 2 STORY SINGLE FAMILY DWELLING WITH PORCH IN THE FRONT.
BP-2020-01603,2021-01-20,2021,0049N00361000000,40.462680187,-79.962341723,Lower Lawrenceville,200000,single_family,1,Residential,CONSTRUCTION OF NEW 3-STORY SINGLE FAMILY DWELLING WITH ROOFTOP DECK AND INTEGRAL 2-CAR GARAGE
BP-2020-01919,2020-06-12,2020,0080G00294000000,40.4782432764,-79.9552373072,Upper Lawrenceville,50000,single_family,1,Residential,NEW SINGLE FAMILY DWELLING WITH INTEGRAL GARAGE & DECK.
BP-2020-02074,2020-06-24,2020,0049J00227000000,40.4662210869,-79.9638318173,Lower Lawrenceville,175000,townhouse,,Residential,"CONSTRUCT NEW THREE STORY ATTACHED TOWNHOUSE WITH INTEGRAL GARAGE WITH ROOFTOP DECK, DECK AT GRADE, AND ROOFTOP DECK AT DWELLING UNIT"
BP-2020-02077,2020-06-24,2020,0049J00228000000,40.466180676,-79.9637811413,Lower Lawrenceville,175000,townhouse,,Residential,"CONSTRUCT NEW THREE STORY ATTACHED TOWNHOUSE WITH INTEGRAL GARAGE WITH ROOFTOP DECK, DECK AT GRADE, AND ROOFTOP DECK AT DWELLING UNIT"
BP-2020-02078,2020-06-24,2020,0049J00229000000,40.4661404165,-79.9637301025,Lower Lawrenceville,175000,townhouse,,Residential,"CONSTRUCT NEW THREE STORY ATTACHED TOWNHOUSE WITH INTEGRAL GARAGE WITH ROOFTOP DECK, DECK AT GRADE, AND ROOFTOP DECK AT DWELLING UNIT"
BP-2020-02120,2020-10-05,2020,0083F00235000000,40.4678613675,-79.9260783769,East Liberty,262925,single_family,1,Residential,"NEW CONSTRUCTION OF 3 STORY SINGLE FAMILY DWELLING WITH REAR DECK AT GROUND AND THIRD LEVELS, AND ONE STORY GARAGE AT REAR."
BP-2020-02121,2020-10-01,2020,0083F00234000000,40.4677967124,-79.9261215635,East Liberty,262925,single_family,1,Residential,NEW CONSTRUCTION OF 3 STORY SINGLE FAMILY DWELLING WITH REAR DECK AT GROUND AND THIRD LEVELS AND ONE STORY GARAGE AT REAR
BP-2020-02123,2020-12-10,2020,0124J00300000000,40.4650521708,-79.9129207668,Larimer,397582,3_4_unit,4,Commercial,NEW CONSTRUCTION OF 4 UNIT APARTMENT BUILDING
BP-2020-02125,2020-12-10,2020,0124J00300000000,40.4650521708,-79.9129207668,Larimer,89218,single_family,1,Residential,NEW CONSTRUCTION OF SINGLE FAMILY ATTACHED DWELLING
BP-2020-02126,2020-12-10,2020,0124J00300000000,40.4650521708,-79.9129207668,Larimer,89218,single_family,1,Residential,NEW CONSTRUCTION OF SINGLE FAMILY ATTACHED DWELLING
BP-2020-02127,2020-12-10,2020,0124J00300000000,40.4650521708,-79.9129207668,Larimer,89218,single_family,1,Residential,NEW CONSTRUCTION OF 3 SINGLE FAMILY ATTACHED DWELLING
BP-2020-02295,2020-05-21,2020,0080G00066000000,40.4771973279,-79.9576410454,Central Lawrenceville,315000,single_family,1,Residential,CONSTRUCTION OF THREE STORY CONCRETE AND WOOD FRAMED DWELLING WITH ROOF DECK
BP-2020-02459,2020-06-03,2020,0022G00230000000,40.4580101073,-80.024513657,Manchester,125000,single_family,1,Residential,2 STORY SINGLE FAMILY DWELLING WITH DETACHED GARAGE
BP-2020-02805,2021-04-15,2021,0175B00322000000,40.4518007897,-79.8915469733,Homewood South,187700,single_family,1,Residential,CONSTRUCTION OF A 2-STORY SINGLE FAMILY DWELLING WITH FRONT PORCH
BP-2020-02808,2020-09-04,2020,0024S00072000000,40.4544230904,-79.9838339608,Strip District,30165932,multifamily_5plus,,Commercial,"CONSTRUCTION TO COMPLETION OF 7 STORY APARTMENT BUILDING WITH PARKING, OFFICE, AND RETAIL SPACE.  THIS PHASE TO INCLUDE ALL NON FOUNDATION AND STEEL WORK. - AMENDED TO INCLUDE 6TH FLOOR FIRE PLACE AND GARAGE GATE"
BP-2020-02850,2021-05-03,2021,0175B00323000000,40.4517016796,-79.8916206525,Homewood South,187700,single_family,1,Residential,"Construct new detached 2 stories, 3 bedrooms, single family dwelling"
BP-2020-02853,2021-04-15,2021,0175B00324000000,40.4516016927,-79.8916928632,Homewood South,187700,single_family,1,Residential,CONSTRUCTION OF A 2-STORY SINGLE FAMILY DWELLING WITH FRONT PORCH
BP-2020-02907,2020-05-11,2020,0121E00202000000,40.4877551335,-79.9304397698,Stanton Heights,200000,single_family,1,Residential,CONSTRUCTION OF 3 STORY MODULAR HOME WITH SITE BUILT ROOF DECK AND INTEGRAL ONE-CAR GARAGE
BP-2020-02992,2021-02-16,2021,0084M00308000000,40.4557546882,-79.9193800261,Shadyside,350000,single_family,1,Residential,BUILD 3-STORY HOUSE (NO BASEMENT)
BP-2020-03148,2020-06-26,2020,0006L00138000000,40.4368082545,-80.0230201685,Duquesne Heights,0,single_family,1,Residential,NEW 3 STORY SINGLE FAMILY DWELLING WITH INTEGRAL 2 CAR GARAGE. AMENDMENT TO ALLOW FIRE-TREATED PLYWOOD TO BE RUN HORIZONTALLY WITHOUT BLOCKING.
BP-2020-03437,2020-08-06,2020,0086J00205000000,40.4373849482,-79.9310734887,Squirrel Hill South,390000,single_family,1,Residential,"CONSTRUCT NEW TWO STORY, DETACHED SINGLE FAMILY DWELLING WITH INTEGRAL GARAGE, EXTERIOR DECKS AND RETAINING WALL"
BP-2020-03706,2020-08-12,2020,0006K00284000000,40.4361190335,-80.025858093,Duquesne Heights,200000,single_family,1,Residential,NEW 3 STORY SINGLE FAMILY DWELLING WITH INTEGRAL GARAGE AND ROOF DECK
BP-2020-03851,2021-01-20,2021,0025M00096000000,40.4568745508,-79.9665466654,Polish Hill,200000,single_family,1,Residential,"NEW THREE (3) STORY SINGLE FAMILY DWELLING WITH 5'x23' DECK OFF the SECOND FLOOR AT REAR, 5'X23' DECK OFF the THIRD FLOOR AT REAR, AND ROOFTOP DECK."
BP-2020-03875,2020-08-12,2020,0006K00281000000,40.4362627543,-80.0257573428,Duquesne Heights,200000,single_family,1,Residential,NEW 3 STORY SINGLE FAMILY DWELLING WITH INTEGRAL GARAGE AND ROOF DECK
BP-2020-03917,2020-07-27,2020,0063F00012000000,40.4011019258,-80.0451223923,Banksville,250000,single_family,1,Residential,CONSTRUCTION OF ONE STORY SINGLE FAMILY DWELLING. WOOD & MASONRY CONSTRUCTION WITH MASONRY VENEER
BP-2020-03925,2021-01-20,2021,0025M00102000000,40.4570595621,-79.9665588168,Polish Hill,200000,single_family,1,Residential,"CONSTRUCT NEW 3 STORY SINGLE FAMILY DWELLING WITH INTEGRAL 2 CAR GARAGE AND DECKS AT 2ND FLOOR REAR, 3RD FLOOR REAR, AND ROOF."
BP-2020-03953,2020-08-12,2020,0006K00283000000,40.4361912023,-80.0258081498,Duquesne Heights,200000,single_family,1,Residential,CONSTRUCT NEW 3 STORY SINGLE FAMILY RESIDENCE
BP-2020-03954,2020-08-12,2020,0006K00285000000,40.4360472627,-80.0259087283,Duquesne Heights,200000,single_family,1,Residential,"SINGLE FAMILY DWELLING, 3-STORIES ABOVE GRADE IN ADDITION TO WALKOUT BASEMENT, ROOF DECK AND INTEGRAL ONE CAR GARAGE"
BP-2020-04066,2021-02-24,2021,0052R00060000000,40.4445944176,-79.9397408558,Squirrel Hill North,2000000,multifamily_5plus,,Commercial,FOUNDATION ONLY FOR NEW FOUR STORY APARTMENT BUILDING
BP-2020-04087,2020-05-29,2020,0006R00173000000,40.4344167807,-80.022759842,Duquesne Heights,175000,single_family,1,Residential,NEW 2 STORY SINGLE FAMILY DWELLING WITH DECK & INTEGRAL 2 CAR GARAGE.
BP-2020-04118,2020-05-29,2020,0006R00175000000,40.4343312738,-80.0227986455,Duquesne Heights,175000,single_family,1,Residential,NEW 2 STORY SINGLE FAMILY DWELLING WITH DECK & INTEGRAL 2 CAR GARAGE.
BP-2020-04124,2020-05-29,2020,0006R00177000000,40.4342454815,-80.0228369611,Duquesne Heights,175000,single_family,1,Residential,NEW 2 STORY SINGLE FAMILY DWELLING WITH DECK & INTEGRAL 2 CAR GARAGE.
BP-2020-04818,2020-07-06,2020,0080P00268000000,40.4743073732,-79.9604993778,Central Lawrenceville,300000,single_family,1,Residential,"NEW SINGLE FAMILY, FRAMED, ATTACHED ONE SIDE, 3 STORY DWELLING WITH DETACHED, SINGLE STORY, 2 CAR GARAGE IN REAR (GARAGE IS ATTACHED TO ADJACENT GARAGE). THE ADJACENT ATTACHED DWELLING IS UNDER BP-2020-04822 AT 145 46TH ST."
BP-2020-04822,2020-07-06,2020,0080P00266000000,40.4742681755,-79.9604447539,Central Lawrenceville,300000,single_family,1,Residential,"NEW SINGLE FAMILY, FRAMED, ATTACHED ONE SIDE, 3 STORY DWELLING WITH ROOF DECK AND DETACHED 2 CAR GARAGE IN REAR (GARAGE IS ATTACHED TO ADJACENT GARAGE). THE ADJACENT ATTACHED DWELLING IS UNDER BP-2020-04822 AT 145 46TH ST."
BP-2020-04936,2020-10-28,2020,0049N00202000000,40.4626501233,-79.9651612234,Lower Lawrenceville,0,single_family,1,Residential,"NEW 3 STORY SINGLE FAMILY HOME WITH INTEGRAL GARAGE, AND DECKS ON 2ND FLR, 3RD FLR, AND ROOF. AMENDMENT ADDS FOUNDATION ALTERATION/REPAIR FOR EXIST CONDITIONS."
BP-2020-05304,2020-07-09,2020,0004A00024000000,40.4331997715,-80.0154680326,Mount Washington,70000,unclassified,,Residential,SITE WORK & RETAINING WALLS ASSOCIATED WITH A NEW IN GROUND SWIMMING POOL ... THE SWIMMING POOL TO BE INCLUDED IN THE SCOPE OF WORK ON A FUTURE APPLICATION.
BP-2020-05649,2021-03-26,2021,0052R00060000000,40.4445944176,-79.9397408558,Squirrel Hill North,13700000,multifamily_5plus,37,Commercial,CONSTRUCT NEW FOUR STORY DORMITORY APARTMENT BUILDING WITH 37 UNITS
BP-2020-06225,2020-08-14,2020,0083K00008000000,40.4656021053,-79.9248588112,East Liberty,200000,single_family,1,Residential,CONSTRUCTION OF AN ATTACHED 3-STORY SINGLE FAMILY DWELLING
BP-2020-06243,2020-06-10,2020,0022F00296000000,40.4579063858,-80.0250943216,Manchester,125000,single_family,1,Residential,2 STORY SINGLE FAMILY DWELLING WITH DETACHED GARAGE
BP-2020-06245,2020-06-03,2020,0022K00056000000,40.4574549621,-80.025486432,Manchester,125000,single_family,1,Residential,NEW 2-STORY SINGLE FAMILY DETACHED DWELLING WITH DETACHED 1-STORY GARAGE.
BP-2020-06246,2020-06-03,2020,0022K00058000000,40.4575478583,-80.0255148393,Manchester,125000,single_family,1,Residential,NEW 2-STORY SINGLE FAMILY DETACHED DWELLING WITH DETACHED 1-STORY GARAGE.
BP-2020-06247,2020-06-03,2020,0022F00290000000,40.4577991409,-80.0255908858,Manchester,125000,single_family,1,Residential,NEW 2-STORY SINGLE FAMILY DETACHED DWELLING WITH DETACHED 1-STORY GARAGE.
BP-2020-06251,2020-08-19,2020,0023F00086000000,40.4594150218,-80.0096758609,Central Northside,200000,townhouse,1,Residential,NEW 3 STORY SINGLE FAMILY TOWNHOUSE AS PART OF GROUPING OF 4 WITH 3RD FLOOR DECK AND INTEGRAL PARKING.
BP-2020-06570,2020-09-24,2020,0006R00063000000,40.4345607807,-80.0238937263,Duquesne Heights,48000,single_family,1,Residential,CONSTRUCTION OF 3 STORY SINGLE FAMILY DWELLING AND RETAINING WALL
BP-2020-06820,2023-09-08,2023,0050H00036000000,40.4676292113,-79.9356194061,Garfield,75000,2_unit,2,Residential,CONSTRUCTION OF NEW TWO FAMILY DWELLING
BP-2020-06857,2023-09-08,2023,0050H00037000000,40.4676213335,-79.9355521919,Garfield,75000,2_unit,2,Residential,CONSTRUCTION OF NEW TWO FAMILY DWELLING WITH TWO (2) CAR PARKING PAD AT REAR AND 4' HIGH FENCE ALONG SIDE PROPERTY LINES AT REAR
BP-2020-06858,2023-09-08,2023,0050H00038000000,40.4676079042,-79.9354845406,Garfield,75000,2_unit,2,Residential,CONSTRUCTION OF NEW TWO FAMILY DWELLING
BP-2020-06956,2020-12-10,2020,0003N00246000000,40.4253581805,-79.9965010989,Allentown,220000,single_family,1,Residential,"CONSTRUCT NEW THREE STORY, SINGLE FAMILY DWELLING WITH INTEGRAL GARAGE AND ROOF DECK"
BP-2020-06958,2020-12-10,2020,0003N00247000000,40.4252473447,-79.9963782302,Allentown,220000,single_family,1,Residential,"CONSTRUCT NEW THREE STORY, SINGLE FAMILY DWELLING WITH INTEGRAL GARAGE AND ROOF DECK"
BP-2020-06960,2021-03-15,2021,0004E00068000000,40.4289052748,-80.0144993078,Mount Washington,120000,single_family,1,Residential,NEW 2 STORY SINGLE FAMILY DWELLING WITH A DECK AT REAR & AN INTEGRAL GARAGE.
BP-2020-06968,2020-11-23,2020,0053H00231000000,40.4397622105,-79.9369158061,Squirrel Hill North,225000,townhouse,1,Residential,NEW 3 STORY SINGLE FAMILY MIDDLE TOWNHOUSE UNIT.
BP-2020-07343,2020-10-20,2020,0131N00042000000,40.3967017909,-79.91433997,New Homestead,352000,single_family,1,Residential,NEW SINGLE FAMILY DETACHED 2 STORY DWELLING
BP-2020-07421,2020-08-18,2020,0023F00084000000,40.4594665188,-80.009621655,Central Northside,200000,townhouse,1,Residential,NEW 3-STORY SINGLE-FAMILY TOWNHOUSE AS PART OF GROUPING OF 4 WITH 3RD FLOOR DECK AND INTEGRAL PARKING.
BP-2020-07422,2020-08-18,2020,0023F00085000000,40.4594821912,-80.0095614886,Central Northside,200000,townhouse,1,Residential,NEW 3 STORY SINGLE FAMILY TOWNHOUSE AS PART OF GROUPING OF 4 WITH 3RD FLOOR DECK AND INTEGRAL PARKING.
BP-2020-07423,2020-08-18,2020,0023F00083000000,40.4594946746,-80.0094957381,Central Northside,200000,townhouse,1,Residential,NEW 3 STORY SINGLE FAMILY TOWNHOUSE AS PART OF GROUPING OF 4 WITH 3RD FLOOR DECK AND INTEGRAL PARKING.
BP-2020-07874,2021-01-04,2021,0083F00233000000,40.4677322292,-79.9261550749,East Liberty,236525,single_family,1,Residential,NEW 2 STORY SINGLE FAMILY DWELLING WITH DETACHED GARAGE.
BP-2020-08631,2021-05-18,2021,0023F00327000000,40.458133248,-80.0098823456,Central Northside,200000,single_family,1,Residential,"NEW 3 STORY, FRAMED, SINGLE FAMILY DWELLING WITH INTEGRAL ONE CAR GARAGE, ADJACENT TO MIRROR DWELLING UNDER BP-2020-10830.  MEXICAN WAR STREET HISTORIC AMENDMENT # 1 TO CHANGE FOUNDATION TO PRECAST"
BP-2020-08636,2021-05-25,2021,0023F00335000000,40.4583008089,-80.0094096675,Central Northside,200000,single_family,1,Residential,"NEW 3 STORY, FRAMED, SINGLE-FAMILY DWELLING WITH INTEGRAL ONE-CAR GARAGE. EACH HOUSE IS ON A SEPARATE PARCEL."
BP-2020-08652,2021-05-18,2021,0023F00289000000,40.4582041459,-80.0100896517,Central Northside,200000,single_family,1,Residential,"NEW 3 STORY, FRAMED, SINGLE FAMILY DWELLING WITH ONE CAR INTEGRAL GARAGE"
BP-2020-08653,2021-05-18,2021,0023F00285000000,40.4581542145,-80.0102945135,Central Northside,200000,single_family,1,Residential,"CONSTRUCT NEW THREE STORY, DETACHED, FRAMED, SINGLE FAMILY DWELLING WITH INTEGRAL ONE CAR GARAGE"
BP-2020-09048,2021-01-19,2021,0084E00262000000,40.4583462957,-79.9314571941,East Liberty,1170000,multifamily_5plus,,Commercial,SITE AND FOUNDATION WORK ONLY (UP TO 1ST FLOOR SLAB) FOR NEW 6 STORY APARTMENT BUILDING
BP-2020-09174,2021-05-18,2021,0023F00287000000,40.4581746278,-80.0101684625,Central Northside,200000,single_family,1,Residential,"NEW 3 STORY, FRAMED, SINGLE FAMILY DWELLING WITH INTEGRAL ONE CAR GARAGE; ADJACENT TO MIRROR DWELLING UNDER BP-2020-08652. EACH HOUSE IS ON A SEPARATE PARCEL.   MEXICAN WAR STREET HISTORIC AMEND # 1 TO CHANGE FOUNDATION TO PRECAST"
BP-2020-09352,2020-10-26,2020,0006R00064000000,40.434652209,-80.0238402579,Duquesne Heights,152000,single_family,1,Residential,CONSTRUCTION OF 3 STORY SINGLE FAMILY DWELLING AND RETAINING WALL
BP-2020-09627,2020-10-29,2020,0006M00137000000,40.4358298612,-80.0183487298,Mount Washington,320000,single_family,1,Residential,NEW 2 STORY SINGLE FAMILY DWELLING.
BP-2020-09837,2021-03-23,2021,0084E00262000000,40.4583462957,-79.9314571941,East Liberty,18360485,multifamily_5plus,,Commercial,"PHASED CONSTRUCTION (ABOVEGROUND SUPER STRUCTURE, CORE, SHELL, & FITOUT) OF NEW 6 STORY APARTMENT BUILDING WITH GROUND FLOOR AMENITIES AND RETAIL TENANT SPACE"
BP-2020-10389,2020-10-02,2020,0003S00108000000,40.4248040059,-79.98555309,South Side Slopes,100000,single_family,1,Residential,NEW SINGLE FAMILY DWELLING WITH INTEGRAL GARAGE & ROOFTOP DECK & RETAINING WALL.
BP-2020-10830,2021-05-18,2021,0023F00328000000,40.4581871811,-80.0099155839,Central Northside,200000,single_family,1,Residential,NEW ATTACHED SINGLE FAMILY 3 STORY HOME WITH ONE CAR INTEGRAL GARAGE.
BP-2020-11763,2020-09-10,2020,0080P00270000000,40.4738545817,-79.9619295634,Central Lawrenceville,280000,single_family,1,Residential,CONSTRUCT A 3-STORY SINGLE-FAMILY DWELLING WITH INTEGRAL GARAGE AND 2ND FLOOR REAR DECK AND ROOF DECK
BP-2020-11892,2026-03-26,2026,0010K00120000000,40.4462883794,-79.9780559538,Middle Hill,1200000,multifamily_5plus,8,Commercial,CONSTRUCTION OF A 3-STORY 8-UNIT APARTMENT BUILDING INCLUDING PARKING AND SITE WORK
BP-2020-12556,2020-09-14,2020,0080P00267000000,40.4737565911,-79.9620497702,Central Lawrenceville,280000,single_family,1,Residential,CONSTRUCT A 3-STORY SINGLE-FAMILY DWELLING WITH INTEGRAL GARAGE AND 2ND FLOOR REAR DECK AND ROOF DECK
BP-2020-13418,2020-09-25,2020,0036B00049000000,40.4135715192,-80.0422648936,Banksville,80000,single_family,1,Residential,New 1-story slab-on-on-grade dwelling unit with a trussed roof.
BP-2020-13429,2021-11-03,2021,0023G00139000000,40.4583072476,-80.0055544283,Central Northside,250000,single_family,1,Residential,3 STORY SINGLE FAMILY DWELLING WITH INTERGRAL ATTACHED GARAGE AND ROOFTOP DECK
BP-2020-13526,2024-06-13,2024,0025H00107000000,40.4579374299,-79.9682626986,Polish Hill,200000,single_family,1,Residential,"CONSTRUCTION OF 3 STORY ATTACHED SINGLE FAMILY DWELLING WITH ROOF TOP DECK, MACHINE ROOM, UNOCCUPIED BASEMENT AND INTEGRAL GARAGE"
BP-2020-14255,2021-01-20,2021,0004J00038000000,40.4283459054,-80.0148695725,Mount Washington,120000,single_family,1,Residential,CONSTRUCT A 3-STORY SINGLE-FAMILY DWELLING WITH 2ND FLOOR DECK & INTEGRAL GARAGE
BP-2020-14497,2020-12-15,2020,0080D00045000000,40.4807501532,-79.9534047098,Upper Lawrenceville,200000,single_family,1,Residential,NEW 3 STORY SINGLE FAMILY DWELLING WITH INTEGRAL GARAGE & ROOFTOP DECK.
BP-2020-15004,2021-06-17,2021,0080H00125000000,40.4784265508,-79.9529893842,Upper Lawrenceville,200000,single_family,1,Residential,"CONSTRUCTION OF NEW 3 STORY SINGLE FAMILY DWELLING WITH INTEGRAL GARAGE, TWO BALCONIES, ROOF DECK, AND 8 FT RETAINING WALL"
BP-2020-15235,2020-12-15,2020,0080D00045000100,40.4807961934,-79.953368126,Upper Lawrenceville,200000,single_family,1,Residential,USE OF 3 STORY STRUCTURE AS SINGLE UNIT (ATTACHED) DWELLING WITH INTEGRAL PARKING AND ROOFTOP DECK AT FRONT.
BP-2020-16398,2021-03-26,2021,0004E00060000000,40.428416795,-80.0148246955,Mount Washington,120000,single_family,1,Residential,CONSTRUCT A 3-STORY SINGLE-FAMILY DWELLING WITH 2ND FLOOR DECK & INTEGRAL GARAGE
BP-2020-16590,2021-04-23,2021,0004E00061000000,40.42848785,-80.0147808111,Mount Washington,120000,single_family,1,Residential,CONSTRUCT A 3-STORY SINGLE-FAMILY DWELLING WITH 2ND FLOOR DECK & INTEGRAL GARAGE
BP-2020-16592,2021-04-15,2021,0004E00062000000,40.4285585216,-80.0147368862,Mount Washington,120000,single_family,1,Residential,CONSTRUCT HOUSE WITH REAR DECK & INTEGRAL PARKING
BP-2020-17065,2021-01-06,2021,0050M00275000000,40.4660060655,-79.9341649212,Garfield,180000,single_family,1,Residential,CONSTRUCTION OF PRE-ENGINEERED MANUFACTURED DWELLING UNIT ON SITE BUILT FOUNDATION SYSTEM.
BP-2020-17592,2021-06-02,2021,0083K00161000000,40.4664423176,-79.9263195595,East Liberty,300000,unclassified,,Residential,New Construction of a two-story modular structure on superior wall foundations.
BP-2020-17940,2021-10-21,2021,0080N00052000000,40.4723917944,-79.9622990197,Central Lawrenceville,200000,single_family,1,Residential,"NEW CONSTRUCTION OF A THREE-STORY, SINGLE FAMILY, DETACHED, FRAMED CONSTRUCTION WITH AN EXISTING REAR GARAGE THAT WILL BE REPAIRED/MODIFIED TO 1 CAR GARAGE WITH CARPORT."
BP-2020-17969,2021-10-14,2021,0049C00204000000,40.4712500237,-79.9561496111,Central Lawrenceville,215000,single_family,1,Residential,"CONSTRUCT 3-STORY MODULAR HOUSE WITH BASEMENT, INTEGRAL PARKING & ROOFTOP DECK"
BP-2020-17970,2021-10-14,2021,0049C00202000000,40.4712980904,-79.9560906736,Central Lawrenceville,215000,single_family,1,Residential,"CONSTRUCT 3-STORY MODULAR HOUSE WITH BASEMENT, INTEGRAL PARKING & ROOFTOP DECK"
BP-2020-18351,2020-12-03,2020,0026B00320000000,40.4602185683,-79.9583000535,Polish Hill,300,single_family,1,Residential,"CONSTRUCTION OF TWO STORY STRUCTURE AS SINGLE FAMILY RESIDENTIAL (DETACHED) WITH ONE (1) CAR INTEGRAL GARAGE, 8' X 24'7.75"" DECK AT REAR, AND 6' X 16' FRONT PORCH AMENDMENT 1 : CHANGE IN BUILDING SIZE AND LAYOUT AMENDMENT 2 : Detail of new piers for Beams for garage floor AMENDMENT 3:  Fire Rating d"
BP-2020-18414,2021-10-11,2021,0086B00038000000,40.4414133789,-79.9282551867,Squirrel Hill North,750000,single_family,1,Residential,Construct a new one story with a basement single family dwelling that includes an attached two car garage and a rear porch
BP-2020-18940,2021-03-15,2021,0006K00365000000,40.4362402975,-80.0260891186,Duquesne Heights,150000,single_family,1,Residential,"CONSTRUCTION OF MODULAR 3-STORY SINGLE FAMILY DWELLING WITH INTEGRAL GARAGE, PRE-CAST FOUNDATION"
BP-2020-18941,2021-03-15,2021,0006K00364000000,40.4361474311,-80.0261649067,Duquesne Heights,150000,single_family,1,Residential,TWO-STORY STRUCTURE AS SINGLE-UNIT (DETACHED) DWELLING WITH INTEGRAL PARKING ON FIRST FLOOR & ROOFTOP DECK.
BP-2020-19521,2021-05-18,2021,0051C00145000000,40.4605737664,-79.9388091087,Bloomfield,400000,3_4_unit,3,Commercial,CONSTRUCTION OF A 3-STORY 3-UNIT DWELLING WITH REAR EXTERIOR PARKING
BP-2020-19674,2021-05-24,2021,0025D00264000000,40.4603506967,-79.9684280981,Polish Hill,17955514,multifamily_5plus,,Commercial,"PHASED CONSTRUCTION OF 6-STORY BUILDING APARTMENT BUILDING WITH INTEGRAL PARKING - SUPERSTRUCTURE, CORE, SHELL, & FIT-OUT"
BP-2020-19701,2021-10-22,2021,0023B00124000000,40.4605596246,-80.0111776957,Perry South,240000,single_family,1,Residential,CONSTRUCTION OF NEW 3 STORY SINGLE FAMILY DWELLING WITH REAR DECK AND ATTACHED GARAGE  AMENDMENT TO UPDATE FOUNDATION AND DISTANCES FROM ADJACENT PROPERTY LINES
BP-2020-20746,2021-09-24,2021,0080L00003000000,40.47697243,-79.9572139554,Central Lawrenceville,308700,multifamily_5plus,,Commercial,CONSTRUCTION OF NEW 3-STORY MIXED-USE BUILDING WITH COMMERCIAL TENANT (CORE & SHELL) SPACE AT THE FIRST FLOOR AND BASEMENT LEVEL WITH TWO RESIDENTIAL APARTMENT UNITS OCCUPYING THE SECOND AND THIRD FLOORS WITH PARTIAL PRIVATE ROOF DECKS
BP-2020-20777,2021-06-25,2021,0023F00107000000,40.4592674808,-80.0114454298,Central Northside,200000,townhouse,,Residential,"CONSTRUCTION OF A 3-STORY MODULAR TOWNHOUSE INCLUDING SITE BUILT 2-CAR GARAGE ON THE BASEMENT LEVEL AND SITE BUILT DECKS ON FIRST FLOOR AND ROOF Amendment: Add Electrical, Mechanical and Plumbing Permits"
BP-2020-20778,2021-06-25,2021,0023F00106000000,40.4592855101,-80.0113452731,Central Northside,200000,single_family,1,Residential,CONSTRUCTION OF NEW MODULAR HOUSE
BP-2020-20779,2021-06-25,2021,0023F00108000000,40.4592507718,-80.0115270624,Central Northside,200000,townhouse,,Residential,CONSTRUCT MODULAR TOWNHOUSE
BP-2021-00653,2021-08-04,2021,0004E00063000000,40.4286292679,-80.0146926323,Mount Washington,150000,single_family,1,Residential,NEW 2 STORY SINGLE FAMILY DWELLING WITH A DECK AT REAR AND INTEGRAL GARAGE
BP-2021-00770,2021-06-17,2021,0025H00062000000,40.4600244522,-79.9678780585,Polish Hill,9793642,multifamily_5plus,,Commercial,CONSTRUCTION OF NEW 6 STORY APARTMENT BUILDING WITH INTEGRAL GARAGE AND 1 LEVEL OF UNDERGROUND PARKING
BP-2021-00981,2021-05-13,2021,0029N00316000000,40.4250979403,-79.9623431987,South Side Flats,179187,single_family,1,Commercial,CONSTRUCT POOL ALONG SIDNEY STREET FRONTAGE OF FIRST FLOOR ROOF OF SIX-STORY MULTI-UNIT DWELLING
BP-2021-01137,2021-09-14,2021,0006M00314000000,40.4368961327,-80.0178080469,Mount Washington,150000,single_family,1,Residential,"Construction of a new 3-story, single-family, residential dwelling with masonry block foundation walls and a proposed rooftop deck structure."
BP-2021-01259,2021-06-01,2021,0004E00064000000,40.4287004862,-80.0146491102,Mount Washington,150000,single_family,1,Residential,NEW 2 STORY SINGLE FAMILY DWELLING WITH A DECK AT REAR & AN INTEGRAL GARAGE.
BP-2021-01854,2021-03-24,2021,0049P00306000000,40.462909095,-79.9598480034,Lower Lawrenceville,300000,single_family,1,Residential,"NEW CONSTRUCTION OF 3 STORY SINGLE FAMILY DWELLING WITH A TWO CAR INTEGRAL GARAGE, FIRST FLOOR DECK, ROOFTOP DECK, AND 6' FENCE ALONG SIDES AND REAR"
BP-2021-02095,2021-06-24,2021,0023E00072000000,40.4592665608,-80.0128618474,Central Northside,0,single_family,1,Residential,"NEW  CONSTRUCTION OF SINGLE UNIT DWELLING WITH INTERNAL GARAGE, FIRST FLOOR BALCONY, SECOND FLOOR BALCONY, THIRD FLOOR BALCONY, FIRST FLOOR DECK, SECOND FLOOR DECK, THIRD FLOOR DECK, AND ROOFTOP DECK. STEPS AND FENCE LOCATED AT THE REAR OF DWELLING  AMENDMENT TO ADD MISSING STRUCTURAL DRAWINGS"
BP-2021-02686,2021-09-14,2021,0006M00316000000,40.4368014683,-80.0178487406,Mount Washington,150000,single_family,1,Residential,"Construction of a new 3-story, single-family, residential dwelling with masonry block foundation walls and a proposed rooftop deck structure."
BP-2021-02687,2021-09-14,2021,0006M00318000000,40.436707179,-80.0178890319,Mount Washington,150000,single_family,1,Residential,"CONSTRUCT NEW 3-STORY HOUSE WITH BASEMENT, 4TH FLR STAIR PENTHOUSE & ROOFTOP DECK"
BP-2021-02688,2021-09-14,2021,0006M00320000000,40.436610456,-80.0179227059,Mount Washington,150000,single_family,1,Residential,"Construction of a new 3-story, single-family, residential dwelling with masonry block foundation walls and a proposed rooftop deck structure."
BP-2021-02742,2021-07-09,2021,0022G00127000000,40.4594777166,-80.0234379644,California-Kirkbride,3800000,multifamily_5plus,30,Commercial,"CONSTRUCTION OF A 4-STORY 30 UNIT APARTMENT BUILDING AND 20 SPACE PARKING LOT INCLUDING 2 ACCESSIBLE SPACES.  STRUCTURE TO INCLUDE 4 ACCESSIBLE UNITS, 26 TYPE B UNITS, AND FIRST FLOOR AMENITY SPACES"
BP-2021-02846,2021-12-06,2021,0081A00147000000,40.481566796,-79.9491438561,Upper Lawrenceville,200000,single_family,1,Residential,CONSTRUCT 3-STORY HOUSE WITH BASEMENT & REAR RETAINING WALL
BP-2021-03154,2022-03-08,2022,0083K00221000000,40.4661876613,-79.9254269921,East Liberty,180000,single_family,1,Residential,MODULAR CONSTRUCTION OF A 2-STORY SINGLE FAMILY DWELLING
BP-2021-03389,2021-05-18,2021,0055S00230000000,40.4158708714,-79.9349123813,Hazelwood,249947,single_family,1,Residential,CONSTRUCT NEW 2-STORY HOUSE & DETACHED GARAGE IN REAR YARD
BP-2021-03435,2021-05-06,2021,0023C00172000000,40.4607625302,-80.0046889086,Fineview,400000,single_family,1,Residential,CONSTRUCT NEW TWO-STORY HOUSE WITH BASEMENT AND FIRST FLOOR DECK
BP-2021-03981,2021-12-06,2021,0081A00145000000,40.4815042604,-79.9490430905,Upper Lawrenceville,200000,single_family,1,Residential,CONSTRUCT 3-STORY HOUSE WITH BASEMENT & REAR RETAINING WALL
BP-2021-04310,2021-06-29,2021,0083P00225000000,40.4635242262,-79.9263157894,East Liberty,4550689,multifamily_5plus,42,Commercial,Construct new four stories residential apartment houses building containing 42 residential units Amendment: to include the parking lot in the certificate of occupancy
BP-2021-04424,2021-08-04,2021,0080K00176000000,40.47607814,-79.959154267,Central Lawrenceville,125000,single_family,1,Commercial,CONSTRUCTION OF A 4-STORY SINGLE FAMILY DWELLING WITH ROOFTOP DECKS AT FRONT AND REAR
BP-2021-04647,2021-04-15,2021,0048M00025000000,40.4660724388,-79.9667001092,Lower Lawrenceville,5000,single_family,1,Residential,CONSTRUCT 3-STORY SINGLE-FAMILY DWELLING AND DETACHED GARAGE
BP-2021-04722,2021-08-04,2021,0080K00174000000,40.4760396322,-79.959204753,Central Lawrenceville,125000,single_family,1,Commercial,CONSTRUCTION OF A 4-STORY SINGLE FAMILY DWELLING WITH ROOFTOP DECKS AT FRONT AND REAR
BP-2021-04796,2021-09-03,2021,0025D00061000000,40.4611691528,-79.9698760428,Strip District,13152849,multifamily_5plus,115,Commercial,CONSTRUCT NEW SIX STORY APARTMENT BUILDING WITH PARKING AND AMENITY SPACES AT FIRST AND SIXTH STORY WITH 115 DWELLING UNITS ON STORIES TWO THROUGH SIX
BP-2021-05282,2022-01-06,2022,0025K00162000000,40.455798496,-79.9776779877,Strip District,1000000,multifamily_5plus,,Commercial,"FIT-OUT OF FLRS 2-6 AS APARTMENTS, EXCLUDES UNIT 508"
BP-2021-05516,2021-05-27,2021,0004E00065000000,40.4287711473,-80.0146042466,Mount Washington,120000,single_family,1,Residential,NEW 2 STORY SINGLE FAMILY DWELLING WITH DECK OF 1ST FLOOR & INTEGRAL GARAGE
BP-2021-05518,2022-01-10,2022,0004E00067000000,40.4288392008,-80.0145516009,Mount Washington,120000,single_family,1,Residential,NEW 2 STORY SINGLE FAMILY DWELLING WITH DECK OF 1ST FLOOR & INTEGRAL GARAGE
BP-2021-06395,2021-10-14,2021,0081A00034000A00,40.4804674016,-79.9493358025,Upper Lawrenceville,210000,single_family,1,Residential,CONSTRUCT NEW THREE STORY SINGLE FAMILY DWELLING WITH ROOFTOP DECK AND INTEGRAL GARAGE
BP-2021-07400,2021-07-19,2021,0124J00266000000,40.4652844329,-79.9133217409,Larimer,89218,single_family,1,Residential,CONSTRUCT NEW 2-STORY HOUSE
BP-2021-07407,2021-07-19,2021,0124J00266000000,40.4652844329,-79.9133217409,Larimer,89218,single_family,1,Residential,CONSTRUCT NEW 2-1/2 STORY HOUSE
BP-2021-07417,2021-07-19,2021,0124J00266000000,40.4652844329,-79.9133217409,Larimer,89218,single_family,1,Residential,CONSTRUCT NEW 2-1/2 STORY HOUSE
BP-2021-07422,2021-07-19,2021,0124J00266000000,40.4652844329,-79.9133217409,Larimer,89218,single_family,1,Residential,CONSTRUCT NEW 2-1/2 STORY HOUSE
BP-2021-07425,2021-07-19,2021,0124J00266000000,40.4652844329,-79.9133217409,Larimer,89218,single_family,1,Residential,CONSTRUCT NEW 2-STORY HOUSE
BP-2021-07429,2021-07-21,2021,0124J00266000000,40.4652844329,-79.9133217409,Larimer,5204019,multifamily_5plus,,Commercial,CONSTRUCT 3-STORY APARTMENT BUILDING
BP-2021-07530,2022-03-31,2022,0080D00327000000,40.480949448,-79.9498193051,Upper Lawrenceville,50000,single_family,1,Residential,"CONSTRUCTION OF NEW SINGLE FAMILY DWELLING WITH FIRST FLOOR INTEGRAL ONE CAR GARAGE, SECOND AND THIRD FLOOR BALCONY AT FRONT AND ROOFTOP DECK"
BP-2021-07677,2021-06-25,2021,0083K00201000000,40.4673069867,-79.9252631451,East Liberty,5000,single_family,1,Residential,"NEW CONSTRUCTION OF INDUSTRIALIZED 3-STORY SINGLE-FAMILY DWELLING WITH DECK OFF REAR 2ND-STORY AND TWO-CAR INTEGRAL GARAGE AMENDMENT: Structural detail for rear deck, 2nd level"
BP-2021-07830,2021-06-16,2021,0023E00388000000,40.4593042018,-80.0132119162,Central Northside,125000,single_family,1,Commercial,"New construction of a four-story, attached, single family dwelling unit. Structure will be sprinklered and fire separated from the neighboring attached unit with a 2 hr party wall."
BP-2021-08546,2021-11-16,2021,0028F00322000000,40.4396582241,-79.9586741342,Central Oakland,6550000,multifamily_5plus,,Commercial,"CONSTRUCTION OF SUPERSTRUCTURE (COLUMNS, FLOOR/CEILING SLABS, AND SHEAR WALLS) FOR PORTION OF NEW TEN STORY HIGHRISE APARTMENT BUILDING WITH ENCLOSED PARKING GARAGE AND CORE AND SHELL SPACE FOR FUTURE TENANT(S)"
BP-2021-08547,2022-01-11,2022,0028F00322000000,40.4396582241,-79.9586741342,Central Oakland,34186995,multifamily_5plus,,Commercial,"CONSTRUCTION OF NEW HIGHRISE APARTMENT BUILDING WITH ENCLOSED PARKING GARAGE, TENANT AMENITY SPACES, COURTYARD, AND CORE AND SHELL SPACE FOR FUTURE TENANT(S)"
BP-2021-08568,2021-09-01,2021,0083K00807000000,40.4649651114,-79.9272692725,East Liberty,100000,single_family,1,Residential,"CONSTRUCT 3-1/2 STORY SINGLE-FAMILY DWELLING WITH INTEGRAL GARAGE, FRONT PORCH & 2ND & 4TH FLR REAR DECKS"
BP-2021-08570,2021-09-01,2021,0083K00808000000,40.4650269766,-79.9272326957,East Liberty,100000,single_family,1,Residential,"CONSTRUCT 3-1/2 STORY SINGLE-FAMILY DWELLING WITH INTEGRAL GARAGE, FRONT PORCH & 2ND & 4TH FLR REAR DECKS"
BP-2021-08682,2021-07-01,2021,0022B00290000000,40.4603007292,-80.0248377594,California-Kirkbride,158000,single_family,1,Residential,The new construction of an attached single-family dwelling (Unit 3A). New slab-on-grade two-story unit with wood-framed walls and floor/roofs.
BP-2021-08684,2021-07-09,2021,0022B00289000000,40.4602721806,-80.024996781,California-Kirkbride,158000,single_family,1,Residential,The new construction of an attached single-family dwelling (Unit 3B). New slab-on-grade two-story unit with wood-framed walls and floor/roofs.
BP-2021-08685,2021-07-09,2021,0022B00286000000,40.4602459896,-80.0251424345,California-Kirkbride,158000,single_family,1,Residential,The new construction of an attached single-family dwelling (Unit 2A). New slab-on-grade two-story unit with wood-framed walls and floor/roofs.
BP-2021-08686,2021-07-01,2021,0022B00285000000,40.4602214928,-80.0252811063,California-Kirkbride,158000,single_family,1,Residential,The new construction of an attached single-family dwelling (Unit 2B). New slab-on-grade two-story unit with wood-framed walls and floor/roofs.
BP-2021-08687,2021-07-09,2021,0022B00283000000,40.4601968701,-80.025420954,California-Kirkbride,158000,single_family,1,Residential,The new construction of an attached single-family dwelling (Unit 1A). New slab-on-grade two-story unit with wood-framed walls and floor/roofs.
BP-2021-08689,2021-07-01,2021,0022B00281000000,40.4601753468,-80.0256426065,California-Kirkbride,158000,single_family,1,Residential,The new construction of an attached single-family dwelling (Unit 1B). New slab-on-grade two-story unit with wood-framed walls and floor/roofs.
BP-2021-08816,2021-08-27,2021,0025M00345000000,40.4559704982,-79.9685929412,Polish Hill,200000,single_family,1,Residential,CONSTRUCTION OF THREE STORY WOOD FRAMED DWELLING UNIT WITH INTEGRAL GARAGE AND ROOF DECK
BP-2021-09044,2021-08-06,2021,0006M00114000000,40.4368279289,-80.0175758223,Mount Washington,150000,single_family,1,Residential,"Construction of a new 3-story, single-family, residential dwelling with masonry block foundation walls and a proposed rooftop deck structure."
BP-2021-09076,2021-08-06,2021,0006M00116000000,40.4367312169,-80.0176087791,Mount Washington,150000,single_family,1,Residential,CONSTRUCT 3-STORY HOUSE WITH ROOFTOP DECK
BP-2021-09077,2021-08-06,2021,0006M00118000000,40.4366356193,-80.0176417765,Mount Washington,150000,single_family,1,Residential,"Construction of a new 3-story, single-family, residential dwelling with masonry block foundation walls and a proposed rooftop deck structure."
BP-2021-09079,2021-08-06,2021,0006M00120000000,40.436537543,-80.0176679943,Mount Washington,150000,single_family,1,Residential,"Construction of a new 3-story, single-family, residential dwelling with masonry block foundation walls and a proposed rooftop deck structure."
BP-2021-09113,2021-11-30,2021,0006L00053000000,40.4371468758,-80.0238093419,Duquesne Heights,450000,single_family,1,Residential,NEW CONSTRUCTION OF A SINGLE FAMILY DWELLING...EXTERIOR RENOVATION TO AN EXISTING DETACHED GARAGE...NEW RETAING WALLS IN REAR YARD.
BP-2021-09242,2021-07-27,2021,0050M00240000000,40.4665608265,-79.9335405296,Garfield,200000,single_family,1,Residential,NEW CONSTRUCTION OF DETACHED TWO STORY SINGLE FAMILY DWELLING WITH INTEGRAL ONE CAR GARAGE AND DECK AT REAR
BP-2021-09362,2021-08-02,2021,0083L00269000000,40.4655054595,-79.9205681539,East Liberty,177235,single_family,1,Residential,"CONSTRUCT NEW THREE STORY, MODULAR HOME WITH SITE-BUILT BASEMENT, REAR DECK, AND DETACHED ONE STORY GARAGE"
BP-2021-09836,2022-05-23,2022,0025N00270000000,40.4531028523,-79.980643832,Strip District,2200000,multifamily_5plus,19,Commercial,INTERIOR ALTERATIONS TO FLOORS 2 THROUGH 8 TO CREATE 19 DWELLING UNTIS AT EXISTING CORE AND SHELL HIGHRISE STRUCTURE
BP-2021-10088,2021-09-02,2021,0083K00809000000,40.4650881567,-79.9271950041,East Liberty,120000,single_family,1,Residential,"CONSTRUCT 3-1/2 STORY SINGLE-FAMILY DWELLING WITH INTEGRAL GARAGE, FRONT PORCH & 2ND & 4TH FLR REAR DECKS"
BP-2021-10089,2021-09-01,2021,0083K00810000000,40.4651503388,-79.9271587097,East Liberty,120000,single_family,1,Residential,"CONSTRUCT 3-1/2 STORY SINGLE-FAMILY DWELLING WITH INTEGRAL GARAGE, FRONT PORCH & 2ND & 4TH FLR REAR DECKS"
BP-2021-10090,2021-08-17,2021,0083K00811000000,40.4651991175,-79.9270724042,East Liberty,120000,single_family,1,Residential,"CONSTRUCT 3-1/2 STORY SINGLE-FAMILY DWELLING WITH INTEGRAL GARAGE, FRONT PORCH & 2ND & 4TH FLR REAR DECKS"
BP-2021-10091,2021-08-17,2021,0083K00812000000,40.4652513791,-79.9270159573,East Liberty,120000,single_family,1,Residential,"CONSTRUCT 3-1/2 STORY SINGLE-FAMILY DWELLING WITH INTEGRAL GARAGE, FRONT PORCH & 2ND & 4TH FLR REAR DECKS"
BP-2021-10092,2021-08-17,2021,0083K00813000000,40.4653155721,-79.9269911855,East Liberty,120000,single_family,1,Residential,"CONSTRUCT 3-1/2 STORY SINGLE-FAMILY DWELLING WITH INTEGRAL GARAGE, FRONT PORCH & 2ND & 4TH FLR REAR DECKS"
BP-2021-10093,2021-08-16,2021,0083K00814000000,40.4654063434,-79.9270270784,East Liberty,120000,single_family,1,Residential,CONSTRUCT A 3-STORY HOUSE WITH 4TH FLR ROOF DECK & STAIR PENTHOUSE/STORAGE
BP-2021-10295,2021-07-27,2021,0006M00008000000,40.4380203797,-80.0182329518,Mount Washington,250000,single_family,1,Residential,NEW FOUNDATION FOR FUTURE 3 STORY SINGLE-FAMILY DETACHED RESIDENCE. THIS PERMIT IS ONLY FOR FOUNDATIONS COMPOSED OF MICROPILES. THE APPLICANT HAS CHANGED FROM DRILLED CAISSONS TO MICROPILES ON 20210420.
BP-2021-11417,2021-08-23,2021,0009M00178000000,40.4468419873,-79.9835428455,Crawford-Roberts,300000,single_family,1,Residential,NEW TWO-STORY STRUCTURE WITH MAIN LEVEL ROOF DECK & UPPER LEVEL ROOF DECK AS SINGLE FAMILY DWELLING WITH TWO-CAR INTEGRAL GARAGE.
BP-2021-12047,2021-10-06,2021,0082R00059000000,40.473127136,-79.9233756724,Highland Park,192000,single_family,1,Residential,CONSTRUCTION OF MODULAR 3-STORY SINGLE FAMILY DWELLING WITH SITE BUILT FOUNDATION AND DETACHED GARAGE
BP-2021-12051,2021-10-06,2021,0082R00060000000,40.4731885664,-79.9233372929,Highland Park,192000,single_family,1,Residential,CONSTRUCTION OF MODULAR 3-STORY SINGLE FAMILY DWELLING WITH SITE BUILT FOUNDATION AND DETACHED GARAGE
BP-2021-12464,2021-09-10,2021,0049E00029000000,40.4673510102,-79.9651530856,Lower Lawrenceville,25000,single_family,1,Residential,CONSTRUCT NEW 3-STORY HOUSE WITH BASEMENT
BP-2021-12774,2021-10-11,2021,0023F00062000000,40.4598298294,-80.0088601912,Central Northside,200000,single_family,1,Residential,CONSTRUCTION OF NEW SINGLE FAMILY DWELLING WITH TWO CAR GARAGE AND DECK AT TOP OF GARAGE
BP-2021-13370,2022-03-18,2022,0049E00132000000,40.4695679428,-79.9653329962,Lower Lawrenceville,176000,multifamily_5plus,,Commercial,EXTERIOR ALTERATIONS AND SITE WORK TO CONSTRUCT COURTYARD WITH SWIMMING POOL AT NEW 5 STORY APARTMENT BUILDING
BP-2021-13523,2021-09-29,2021,0090M00114000000,40.3981938446,-79.9185974509,New Homestead,281485,single_family,1,Residential,CONSTRUCTION OF COMPLETE 2 STORY DWELLING WITH WALKOUT BASEMENT
BP-2021-13583,2021-11-30,2021,0006M00008000000,40.4380203797,-80.0182329518,Mount Washington,400000,single_family,1,Residential,"NEW 3 STORY, DETACHED, MASONRY AND CONCRETE, CORE + SHELL FOR SINGLE FAMILY DWELLING PHASED CONSTRUCTION WITH REAR DECKS AT BASEMENT, 1ST, 2ND, AND 3RD FLOORS. LOCATION FOR TWO SEPARATE ONE CAR GARAGES ON 1ST FLOOR. THE FOUNDATION WAS BUILT UNDER BP-2021-10295."
BP-2021-13829,2022-07-26,2022,0012F00261000000,40.430395525,-79.9745739128,South Side Flats,175500,single_family,1,Residential,CONSTRUCTION OF NEW 3-STORY SINGLE FAMILY ATTACHED DWELLING WITH BALCONY GARAGE AND ROOFTOP DECK
BP-2021-13881,2021-09-16,2021,0025M00346000000,40.4559743865,-79.9685218403,Polish Hill,200000,single_family,1,Residential,"CONSTRUCT 3-STORY HOUSE WITH BASEMENT, 1ST FLR & 3RD FLR DECKS"
BP-2021-14515,2023-03-06,2023,0050H00020000000,40.4677857498,-79.9367170648,Garfield,115000,single_family,1,Residential,"NEW CONSTRUCTION OF A SINGLE-STORY, SINGLE FAMILY DETACHED DWELLING. WOOD FRAMED w/ SUPERIOR WALL FOUNDATION."
BP-2021-14605,2023-03-09,2023,0050L00124000000,40.4663225334,-79.9373990739,Garfield,115000,single_family,1,Residential,"NEW CONSTRUCTION OF A SINGLE-STORY, SINGLE FAMILY DETACHED DWELLING. WOOD FRAMED w/ SUPERIOR WALL FOUNDATION."
BP-2021-14629,2023-03-03,2023,0050M00022000000,40.4669297008,-79.9360871928,Garfield,115000,single_family,1,Residential,"NEW CONSTRUCTION OF A SINGLE-STORY, SINGLE FAMILY DETACHED DWELLING. WOOD FRAMED w/ SUPERIOR WALL FOUNDATION."
BP-2021-14633,2023-03-06,2023,0050M00180000000,40.4667583522,-79.9346354016,Garfield,115000,single_family,1,Residential,"NEW CONSTRUCTION OF A SINGLE-STORY, SINGLE-FAMILY DETACHED DWELLING."
BP-2021-14634,2023-03-09,2023,0050M00044000000,40.4665608842,-79.9360459491,Garfield,175000,single_family,1,Residential,CONSTRUCT 2-STORY HOUSE WITH BASEMENT & FRONT PORCH
BP-2021-14635,2023-03-06,2023,0050M00001000000,40.4673337211,-79.9358486233,Garfield,175000,single_family,1,Residential,"NEW CONSTRUCTION OF A TWO-STORY, SINGLE FAMILY DETACHED DWELLING. WOOD FRAMED w/ SUPERIOR WALL FOUNDATION."
BP-2021-14637,2023-03-10,2023,0050M00071000000,40.4660279676,-79.9359349963,Garfield,175000,single_family,1,Residential,CONSTRUCT A 2-STORY HOUSE WITH FRONT PORCH
BP-2021-14638,2023-03-06,2023,0050M00070000000,40.4660957477,-79.9358706306,Garfield,175000,single_family,1,Residential,CONSTRUCT A 2-STORY HOUSE WITH FRONT PORCH
BP-2021-14640,2023-03-06,2023,0050M00026000000,40.4668914917,-79.9358350233,Garfield,175000,single_family,1,Residential,"CONSTRUCT A 2-STORY HOUSE WITH A BASEMENT, FRONT PORCH & REAR DECK"
BP-2021-14641,2023-03-06,2023,0050M00027000000,40.466879813,-79.9357625287,Garfield,175000,single_family,1,Residential,"CONSTRUCT A 2-STORY HOUSE WITH A BASEMENT, FRONT PORCH & REAR DECK"
BP-2021-14643,2023-03-06,2023,0050H00161000000,40.4681649562,-79.9346183118,Garfield,200000,single_family,1,Residential,CONSTRUCT 2-STORY HOUSE
BP-2021-14644,2023-06-12,2023,0050H00162000000,40.4682224942,-79.9345821032,Garfield,200000,single_family,1,Residential,CONSTRUCT 2-STORY HOUSE
BP-2021-14646,2023-03-06,2023,0050H00164000000,40.4683048775,-79.9345333647,Garfield,200000,single_family,1,Residential,CONSTRUCT 2-STORY HOUSE
BP-2021-14651,2023-03-06,2023,0050M00004000000,40.4672985628,-79.935616674,Garfield,200000,single_family,1,Residential,"NEW CONSTRUCTION OF A 2-STORY, SINGLE FAMILY ATTACHED DWELLING. WOOD FRAMED w/ SUPERIOR WALL FOUNDATION."
BP-2021-14652,2023-03-06,2023,0050M00005000000,40.4672967128,-79.9354974238,Garfield,200000,single_family,1,Residential,CONSTRUCT  A 2-STORY HOUSE WITH PORCH
BP-2021-14660,2023-03-10,2023,0050M00008000000,40.4671814261,-79.9352318031,Garfield,200000,single_family,1,Residential,CONSTRUCT 2-STORY HOUSE WITH PORCH & DECK
BP-2021-14662,2023-03-06,2023,0050L00019000A00,40.4671127484,-79.9375447912,Garfield,200000,single_family,1,Residential,"CONSTRUCTION OF A 2-STORY HOUSE WITH A BASEMENT, FRONT PORCH & REAR DECK"
BP-2021-14663,2023-03-09,2023,0050M00186000000,40.4665592327,-79.9350314977,Garfield,200000,single_family,1,Residential,"NEW CONSTRUCTION OF A 2-STORY, SINGLE-FAMILY DETACHED DWELLING"
BP-2021-14664,2023-03-06,2023,0050M00063000000,40.4661857335,-79.9364340275,Garfield,200000,single_family,1,Residential,"NEW CONSTRUCTION OF A 2-STORY, SINGLE FAMILY DETACHED DWELLING. WOOD FRAMED w/ SUPERIOR WALL FOUNDATION."
BP-2021-14848,2021-12-13,2021,0083M00044000000,40.4666621746,-79.9192907696,East Liberty,200000,single_family,1,Residential,CONSTRUCTION OF NEW INDUSTRIALIZED SINGLE FAMILY HOUSING WITH GARAGE
BP-2021-16004,2021-10-12,2021,0124N00413000000,40.4636495981,-79.9136094101,Larimer,220000,single_family,1,Residential,CONSTRUCTION OF 2-STORY SINGLE FAMILY DWELLING.
BP-2021-16144,2022-03-11,2022,0004L00183000000,40.4279429241,-80.0041077907,Mount Washington,302500,single_family,1,Residential,"NEW CONSTRUCTION OF 3-STORY SINGLE FAMILY DWELLING WITH TWO CAR INTEGRAL GARAGE IN BASEMENT, FIRST AND SECOND FLOOR DECKS AT REAR. WALKWAY ALONG SIDE."
BP-2021-16420,2021-10-20,2021,0124N00241000000,40.4642496869,-79.9137271043,Larimer,180000,single_family,1,Residential,CONSTRUCTION OF NEW 2 STORY WOOD FRAMED SINGLE FAMILY RESIDENCE
BP-2021-16634,2022-04-11,2022,0023M00296000000,40.4554144637,-80.0006428604,East Allegheny,225000,single_family,1,Residential,DEMOLISH 2-STORY HOUSE & BUILD NEW 3-STORY HOUSE ON EXISTING & NEW FOUNDATIONS
BP-2021-17703,2022-06-06,2022,0049B00287000000,40.4704397556,-79.9590168681,Central Lawrenceville,150000,townhouse,1,Commercial,CONSTRUCT 4-STORY TOWNHOUSE SINGLE FAMILY DWELLING
BP-2021-17877,2022-07-26,2022,0012F00252000000,40.4305602528,-79.9745587264,South Side Flats,175500,single_family,1,Residential,CONSTRUCTION OF NEW SINGLE FAMILY ATTACHED DWELLING WITH BALCONY GARAGE AND ROOFTOP DECK
BP-2021-18698,2022-11-28,2022,0009M00376000000,40.4459273192,-79.9869008961,Crawford-Roberts,200000,single_family,1,Residential,CONSTRUCT 3-STORY SINGLE-FAMILY DWELLING WITH INTEGRAL GARAGE & 2ND & 3RD FLR DECKS
BP-2021-18700,2022-11-28,2022,0009M00375000000,40.4458947142,-79.986977421,Crawford-Roberts,200000,single_family,1,Residential,CONSTRUCT 3-STORY SINGLE-FAMILY DWELLING WITH INTEGRAL GARAGE & 2ND & 3RD FLR DECKS
BP-2021-19641,2022-11-02,2022,0010P00186000000,40.4439563935,-79.9773291345,Middle Hill,150000,single_family,1,Residential,NEW CONSTRUCTION OF AN 2-STORY SINGLE-FAMILY DWELLING WITH REAR DECK
BP-2021-19644,2022-11-02,2022,0010P00187000000,40.4439788867,-79.9772760107,Middle Hill,150000,single_family,1,Residential,NEW CONSTRUCTION OF AN 2-STORY SINGLE-FAMILY DWELLING WITH REAR DECK
BP-2021-19645,2022-11-02,2022,0010P00188000000,40.4440019202,-79.9772230928,Middle Hill,150000,single_family,1,Residential,NEW CONSTRUCTION OF A 2-STORY SINGLE-FAMILY DWELLING WITH REAR DECK
BP-2021-19646,2022-11-02,2022,0010P00189000000,40.4440258971,-79.9771649275,Middle Hill,150000,single_family,1,Residential,NEW CONSTRUCTION OF A 2-STORY SINGLE-FAMILY DWELLING WITH REAR DECK
BP-2021-19647,2022-11-03,2022,0010P00190000000,40.4440508681,-79.9771075922,Middle Hill,150000,single_family,1,Residential,NEW CONSTRUCTION OF AN A 2-STORY SINGLE-FAMILY DWELLING WITH REAR DECK
BP-2021-19648,2022-11-02,2022,0010P00192000000,40.4440734281,-79.977054418,Middle Hill,150000,single_family,1,Residential,NEW CONSTRUCTION OF A 2-STORY SINGLE-FAMILY DWELLING WITH REAR DECK
BP-2021-19771,2022-10-20,2022,0003L00063000000,40.4267782079,-79.9871443337,South Side Flats,550000,single_family,1,Residential,CONSTRUCTION OF THREE STORY WOOD FRAMED SINGLE FAMILY DWELLING UNIT WITH INTEGRAL GARAGE
BP-2021-19994,2022-07-08,2022,0050M00029000000,40.466925891,-79.9353350039,Garfield,1000,unclassified,,Residential,Existing detached garage structure to be demolished and replaced with a new larger two-car detached garage accessory structure. New garage was built without a permit per CF-PLI-2021-041402.
BP-2021-20601,2022-03-25,2022,0026E00009000000,40.4294901026,-79.9658194883,South Side Flats,4200000,multifamily_5plus,,Commercial,CONSTRUCTION OF FOUNDATIONS ONLY FOR NEW APARTMENT BUILDING WITH INTEGRATED PARKING GARAGE
BP-2021-20746,2022-03-14,2022,0131J00060000000,40.3971673257,-79.9149232798,New Homestead,350000,single_family,1,Residential,CONSTRUCTION OF TWO STORY SINGLE FAMILY DWELLING WITH INTEGRAL GARAGE AS WELL AS RETAINING WALLS
BP-2021-20808,2022-05-09,2022,0125R00208000000,40.4547905004,-79.907127158,Point Breeze North,400000,single_family,1,Residential,CONSTRUCT NEW 3 STORY MODULAR SINGLE FAMILY DWELLING WITH FRONT PORCH AND REAR DECK OFF OF 1ST FLOOR AND 4' RETAINING WALLS AT FRONT
BP-2022-00038,2022-03-01,2022,0080P00323000000,40.4737018101,-79.9590181417,Central Lawrenceville,280000,single_family,1,Residential,CONSTRUCT 3-STORY HOUSE WITH REAR GARAGE & DECK
BP-2022-00046,2022-03-04,2022,0080P00321000000,40.4736644724,-79.9589667723,Central Lawrenceville,280000,single_family,1,Residential,CONSTRUCT 3-STORY HOUSE WITH REAR GARAGE & DECK
BP-2022-00047,2022-03-02,2022,0080P00319000000,40.473600415,-79.9589111846,Central Lawrenceville,280000,single_family,1,Residential,CONSTRUCT 3-STORY HOUSE WITH REAR GARAGE & DECK
BP-2022-00260,2022-06-15,2022,0084C00055000000,40.460015708,-79.9231934238,Shadyside,850000,multifamily_5plus,,Commercial,INTERIOR ALTERATIONS TO 3062 SF PORTION OF CORE AND SHELL TO CREATE BAR AND RESTAURANT WITH OUTDOOR SEATING IN EXISTING FIVE STORY APARTMENT BUILDING
BP-2022-00334,2022-10-20,2022,0024N00011000000,40.4547300774,-79.9992020714,East Allegheny,60000,single_family,1,Residential,NEW ATTACHED 3 STORY SINGLE FAMILY DWELLING WITH 2 CAR GARAGE AND 2ND FLOOR DECK.
BP-2022-00335,2022-10-20,2022,0024N00009000000,40.4547899422,-79.999220269,East Allegheny,50000,single_family,1,Residential,NEW ATTACHED 3 STORY SINGLE FAMILY DWELLING WITH 2 CAR GARAGE AND 2ND FLOOR DECK.
BP-2022-01097,2022-06-06,2022,0049B00287000000,40.4704397556,-79.9590168681,Central Lawrenceville,150000,townhouse,1,Commercial,CONSTRUCT 4-STORY TOWNHOUSE SINGLE FAMILY DWELLING
BP-2022-01100,2022-06-06,2022,0049B00287000000,40.4704397556,-79.9590168681,Central Lawrenceville,150000,townhouse,,Commercial,CONSTRUCT 4-STORY TOWNHOUSE
BP-2022-01101,2022-06-06,2022,0049B00287000000,40.4704397556,-79.9590168681,Central Lawrenceville,150000,townhouse,1,Commercial,CONSTRUCT 4-STORY TOWNHOUSE SINGLE FAMILY DWELLING
BP-2022-01103,2022-06-06,2022,0049B00287000000,40.4704397556,-79.9590168681,Central Lawrenceville,150000,townhouse,,Commercial,CONSTRUCTION OF A 4-STORY TOWNHOUSE IN A ROW OF 4 TOWNHOUSES INCLUDING PRIVATE GARAGE ON FIRST FLOOR
BP-2022-01104,2022-06-06,2022,0049B00287000000,40.4704397556,-79.9590168681,Central Lawrenceville,150000,townhouse,,Commercial,CONSTRUCTION OF A 4-STORY TOWNHOUSE IN A ROW OF 4 TOWNHOUSES INCLUDING PRIVATE GARAGE ON FIRST FLOOR
BP-2022-01106,2022-06-06,2022,0049B00287000000,40.4704397556,-79.9590168681,Central Lawrenceville,150000,townhouse,,Commercial,CONSTRUCTION OF A 4-STORY TOWNHOUSE IN A ROW OF 4 TOWNHOUSES INCLUDING PRIVATE GARAGE ON FIRST FLOOR
BP-2022-01107,2022-06-06,2022,0049B00287000000,40.4704397556,-79.9590168681,Central Lawrenceville,150000,townhouse,,Commercial,CONSTRUCTION OF A 4-STORY TOWNHOUSE IN A ROW OF 4 TOWNHOUSES INCLUDING PRIVATE GARAGE ON FIRST FLOOR
BP-2022-01601,2023-01-20,2023,0050M00165000A00,40.4661233307,-79.9353857185,Garfield,200000,single_family,1,Residential,"CONSTRUCTION OF 3 STORY, WOOD FRAMED, SINGLE-FAMILY DWELLING WITH 3RD FLOOR ROOF-TOP DECK"
BP-2022-01676,2022-04-19,2022,0184N00274000000,40.3663667031,-79.9147643054,Lincoln Place,402426,single_family,1,Residential,CONSTRUCTION OF NEW TWO STORY SINGLE FAMILY DWELLING WITH TWO CAR INTEGRAL GARAGE
BP-2022-01896,2022-02-24,2022,0082M00187000000,40.4756955256,-79.9201679188,Highland Park,260000,single_family,1,Residential,NEW CONSTRUCTION OF 3 STORY HOUSE WITH 3RD FLOOR DECK AT REAR
BP-2022-02007,2022-07-25,2022,0036B00061000000,40.4127756302,-80.041715858,Banksville,290000,single_family,1,Residential,ONE STORY STRUCTURE AS SINGLE UNIT DWELLING WITH TWO CAR INTEGRAL GARAGE AT FRONT.
BP-2022-02311,2022-06-21,2022,0026E00009000000,40.4294901026,-79.9658194883,South Side Flats,37000000,multifamily_5plus,,Commercial,"PHASED CONSTRUCTION OF NEW APARTMENT SUPERSTRUCTURE, CORE, SHELL, AND FIT-OUT WITH INTEGRATED PARKING GARAGE"
BP-2022-02600,2022-05-20,2022,0119S00014000000,40.4821458016,-79.9496344299,Upper Lawrenceville,150000,single_family,1,Residential,Construction of a new detached car garage structure accessory to a single family dwelling
BP-2022-02601,2022-05-20,2022,0119S00015000000,40.4821131403,-79.9496926629,Upper Lawrenceville,10000,single_family,1,Residential,Construction of a new detached car garage structure accessory to a single family dwelling
BP-2022-03216,2022-09-16,2022,0080H00234000000,40.4792633209,-79.9495848222,Upper Lawrenceville,350000,single_family,1,Residential,CONSTRUCTION OF NEW THREE STORY SINGLE FAMILY DWELLING WITH INTEGRAL SINGLE CAR GARAGE ON VACANT LOT
BP-2022-03687,2022-06-28,2022,0026S00135000000,40.4546339386,-79.9527528068,North Oakland,15000000,multifamily_5plus,,Commercial,CONSTRUCT NEW TEN STORY APARTMENT BUILDING WITH BELOW GRADE GARAGE
BP-2022-04877,2022-06-15,2022,0049N00004000000,40.4648548899,-79.966016625,Lower Lawrenceville,465000,multifamily_5plus,,Commercial,"REPLACING EXPIRED PERMIT 14-B-01227 (CORE AND SHELL) AS WELL AS THE FIT-OUT OF BUILDING WITH MERCANTILE ON 1ST FLR & APARTMENTS ON FLRS 2-3, INCLUDES THE COMPLETION OF THE BUILDING SHELL"
BP-2022-04929,2022-06-01,2022,0006R00123000000,40.4341865501,-80.0235786583,Duquesne Heights,175000,single_family,1,Residential,NEW CONSTRUCTION OF TWO-STORY SINGLE FAMILY DWELLING  WITH TWO CAR INTEGRAL GARAGE AT FRONT AND FIRST FLOOR DECK AT REAR
BP-2022-05097,2023-07-12,2023,0019F00056000000,40.4403859065,-80.0428134875,Elliott,100000,single_family,1,Residential,"CONSTRUCT 2-STORY HOUSE WITH BASEMENT, SIDE PORCH & REAR DECKS"
BP-2022-05262,2022-07-26,2022,0012F00260000000,40.4303995657,-79.9746456155,South Side Flats,175500,single_family,1,Residential,CONSTRUCTION OF NEW SINGLE FAMILY ATTACHED DWELLING WITH BALCONY GARAGE AND ROOFTOP DECK.
BP-2022-05312,2022-07-26,2022,0012F00250000000,40.4305683074,-79.9747073957,South Side Flats,175500,single_family,1,Residential,CONSTRUCTION OF NEW SINGLE FAMILY ATTACHED DWELLING WITH BALCONY GARAGE AND ROOFTOP DECK.
BP-2022-05314,2022-07-26,2022,0012F00259000000,40.4304038427,-79.974722612,South Side Flats,175500,single_family,1,Residential,CONSTRUCTION OF NEW SINGLE FAMILY ATTACHED DWELLING WITH BALCONY GARAGE AND ROOFTOP DECK.
BP-2022-05316,2022-07-26,2022,0012F00251000000,40.4305640113,-79.9746304496,South Side Flats,175500,single_family,1,Residential,CONSTRUCTION OF NEW 3-STORY SINGLE FAMILY ATTACHED DWELLING WITH BALCONY GARAGE AND ROOFTOP DECK
BP-2022-05319,2022-07-26,2022,0012F00258000000,40.4304079251,-79.9747996016,South Side Flats,175500,single_family,1,Residential,CONSTRUCTION OF NEW 3-STORY SINGLE FAMILY ATTACHED DWELLING WITH BALCONY GARAGE AND ROOFTOP DECK
BP-2022-05321,2022-07-26,2022,0012F00249000000,40.4305723244,-79.9747843234,South Side Flats,175500,single_family,1,Residential,CONSTRUCTION OF NEW SINGLE FAMILY ATTACHED DWELLING WITH BALCONY GARAGE AND ROOFTOP DECK.
BP-2022-07002,2023-05-26,2023,0050N00270000000,40.463482864,-79.94911778,Bloomfield,239574,single_family,1,Commercial,NEW 4 STORY SINGLE FAMILY DWELLING WITH A INTEGRAL GARAGE & DECK ON SIDE & REAR OFF OF FIRST FLOOR & ROOFTOP DECK.
BP-2022-07003,2023-05-26,2023,0050N00272000000,40.4634147375,-79.9491820242,Bloomfield,239574,single_family,1,Commercial,NEW 4 STORY SINGLE FAMILY DWELLING WITH A INTEGRAL GARAGE & DECK AT REAR OFF OF FIRST FLOOR & ROOFTOP DECK.
BP-2022-07005,2023-05-26,2023,0050N00274000000,40.4633696546,-79.9492244621,Bloomfield,239574,single_family,1,Commercial,NEW 4 STORY SINGLE FAMILY DWELLING WITH A INTEGRAL GARAGE & DECK AT REAR OFF OF FIRST FLOOR & ROOFTOP DECK.
BP-2022-07006,2023-05-26,2023,0050N00276000000,40.4633244597,-79.9492671592,Bloomfield,239574,single_family,1,Commercial,NEW 4 STORY SINGLE FAMILY DWELLING WITH A INTEGRAL GARAGE & DECK AT REAR OFF OF FIRST FLOOR & ROOFTOP DECK.
BP-2022-07007,2023-05-26,2023,0050N00278000000,40.4632755987,-79.9493131384,Bloomfield,239574,single_family,1,Commercial,NEW 4 STORY SINGLE FAMILY DWELLING WITH A INTEGRAL GARAGE & DECK ON SIDE & REAR OFF OF FIRST FLOOR & ROOFTOP DECK.
BP-2022-07328,2022-06-07,2022,0006M00008000000,40.4380203797,-80.0182329518,Mount Washington,645000,single_family,1,Residential,PHASED CONSTRUCTION BUILD OUT INTERIOR FOR 3 STORY SINGLE FAMILY DWELLING.
BP-2022-07337,2025-11-21,2025,0080N00115000000,40.4730665225,-79.9629091703,Central Lawrenceville,200000,single_family,1,Residential,"NEW THREE STORY SINGLE-FAMILY (DETACHED) DWELLING WITH TWO CAR INTEGRAL GARAGE IN FRONT, AND 6' TALL PRIVACY FENCE ON SOUTHERLY SIDE, 24' X 12'-4"" ROOFTOP DECK ON FOURTH FLOOR, AND 4' X 12'.3"" BALCONY ON SECOND FLOOR."
BP-2022-07587,2023-07-28,2023,0056F00331000000,40.4108008258,-79.9436836274,Hazelwood,407196,single_family,1,Residential,Construct a new attached 2 stories single family dwelling with a front porch and a rear deck
BP-2022-07588,2023-07-28,2023,0056F00330000000,40.4107375589,-79.9436498786,Hazelwood,407196,single_family,1,Residential,Construct a new attached 2 stories single family dwelling with a front porch and a rear deck
BP-2022-07874,2022-10-21,2022,0051M00020000000,40.4575610002,-79.9356130256,Friendship,35000000,unclassified,,Commercial,New construction of an 11-story (9 above-2 below grade) residential highrise. The structure is to be constructed of concrete foundation walls and structural slabs from the sub-cellar (Lowest Parking) to the top of Level 1 and steel framed (Heavy and Light gauge) with precast concrete plank from floo
BP-2022-08200,2022-12-14,2022,0070E00185000000,40.4498994083,-80.0794308566,Fairywood,182759,townhouse,,Residential,CONSTRUCTION OF A 1-STORY TOWNHOUSE WITH A SLAB-ON-GRADE FLOOR & PRE-ENGINEERED TRUSSED ROOF
BP-2022-08214,2022-12-14,2022,0070E00185000000,40.4498994083,-80.0794308566,Fairywood,182759,townhouse,,Residential,CONSTRUCTION OF A 1-STORY TOWNHOUSE WITH A SLAB-ON-GRADE FLOOR & PRE-ENGINEERED TRUSSED ROOF
BP-2022-08215,2022-12-14,2022,0070E00185000000,40.4498994083,-80.0794308566,Fairywood,182759,townhouse,,Residential,CONSTRUCTION OF A 1-STORY TOWNHOUSE WITH A SLAB-ON-GRADE FLOOR & PRE-ENGINEERED TRUSSED ROOF
BP-2022-08216,2022-12-14,2022,0070E00185000000,40.4498994083,-80.0794308566,Fairywood,182759,townhouse,,Residential,CONSTRUCTION OF A 1-STORY TOWNHOUSE WITH A SLAB-ON-GRADE FLOOR & PRE-ENGINEERED TRUSSED ROOF
BP-2022-08217,2022-12-14,2022,0070E00185000000,40.4498994083,-80.0794308566,Fairywood,182759,townhouse,,Residential,CONSTRUCTION OF A 1-STORY TOWNHOUSE WITH A SLAB-ON-GRADE FLOOR & PRE-ENGINEERED TRUSSED ROOF
BP-2022-08218,2022-12-14,2022,0070E00185000000,40.4498994083,-80.0794308566,Fairywood,182759,townhouse,,Residential,CONSTRUCTION OF A 1-STORY TOWNHOUSE WITH A SLAB-ON-GRADE FLOOR & PRE-ENGINEERED TRUSSED ROOF
BP-2022-08219,2022-12-14,2022,0070E00185000000,40.4498994083,-80.0794308566,Fairywood,182759,townhouse,,Residential,CONSTRUCTION OF A 1-STORY TOWNHOUSE WITH A SLAB-ON-GRADE FLOOR & PRE-ENGINEERED TRUSSED ROOF
BP-2022-08220,2022-12-14,2022,0070E00185000000,40.4498994083,-80.0794308566,Fairywood,182759,townhouse,,Residential,CONSTRUCTION OF A 1-STORY TOWNHOUSE WITH A SLAB-ON-GRADE FLOOR & PRE-ENGINEERED TRUSSED ROOF
BP-2022-08221,2022-12-14,2022,0070E00185000000,40.4498994083,-80.0794308566,Fairywood,182759,townhouse,,Residential,CONSTRUCTION OF A 1-STORY TOWNHOUSE WITH A SLAB-ON-GRADE FLOOR & PRE-ENGINEERED TRUSSED ROOF
BP-2022-08222,2022-12-14,2022,0070E00185000000,40.4498994083,-80.0794308566,Fairywood,182758,2_unit,2,Residential,CONSTRUCTION OF A 1-STORY TWO-FAMILY DWELLING STRUCTURE WITH A SLAB-ON-GRADE FLOOR & PRE-ENGINEERED TRUSSED ROOF
BP-2022-08223,2022-12-14,2022,0070E00185000000,40.4498994083,-80.0794308566,Fairywood,182759,townhouse,,Residential,CONSTRUCTION OF A 1-STORY TOWNHOUSE WITH A SLAB-ON-GRADE FLOOR & PRE-ENGINEERED TRUSSED ROOF
BP-2022-08224,2022-12-14,2022,0070E00185000000,40.4498994083,-80.0794308566,Fairywood,182759,townhouse,,Residential,CONSTRUCTION OF A 1-STORY TOWNHOUSE WITH A SLAB-ON-GRADE FLOOR & PRE-ENGINEERED TRUSSED ROOF
BP-2022-08225,2022-12-14,2022,0070E00375000000,40.4498763913,-80.0809420052,Fairywood,662901,townhouse,,Commercial,"CONSTRUCTION OF A NEW, SINGLE-STORY, WOOD-FRAMED TOWNHOUSE COMMUNITY CENTER STRUCTURE WITH A SLAB-ON-GRADE FLOOR AND MASONRY FROST WALLS. ROOF TO BE FRAMED WITH PRE-ENGINEERED WOOD ROOF TRUSSES."
BP-2022-08898,2023-11-13,2023,0011D00091000000,40.4421159036,-79.9670858738,West Oakland,250000,single_family,1,Residential,CONSTRUCTION OF NEW TWO-STORY SINGLE-FAMILY DWELLING WITH TWO CAR INTEGRAL GARAGE IN BASEMENT AND ROOFTOP DECK
BP-2022-09498,2022-12-14,2022,0070E00185000000,40.4498994083,-80.0794308566,Fairywood,182759,townhouse,,Residential,CONSTRUCTION OF A 1-STORY TOWNHOUSE WITH A SLAB-ON-GRADE FLOOR & PRE-ENGINEERED TRUSSED ROOF
BP-2022-09499,2022-12-14,2022,0070E00185000000,40.4498994083,-80.0794308566,Fairywood,182759,townhouse,,Residential,CONSTRUCTION OF A 1-STORY TOWNHOUSE WITH A SLAB-ON-GRADE FLOOR & PRE-ENGINEERED TRUSSED ROOF
BP-2022-09500,2022-12-14,2022,0070E00185000000,40.4498994083,-80.0794308566,Fairywood,182759,townhouse,,Residential,CONSTRUCTION OF A 1-STORY TOWNHOUSE WITH A SLAB-ON-GRADE FLOOR & PRE-ENGINEERED TRUSSED ROOF
BP-2022-09501,2022-12-14,2022,0070E00185000000,40.4498994083,-80.0794308566,Fairywood,182759,townhouse,,Residential,CONSTRUCTION OF A 1-STORY TOWNHOUSE WITH A SLAB-ON-GRADE FLOOR & PRE-ENGINEERED TRUSSED ROOF
BP-2022-09502,2022-12-14,2022,0070E00185000000,40.4498994083,-80.0794308566,Fairywood,182759,townhouse,,Residential,CONSTRUCTION OF A 1-STORY TOWNHOUSE WITH A SLAB-ON-GRADE FLOOR & PRE-ENGINEERED TRUSSED ROOF
BP-2022-09503,2022-12-14,2022,0070E00185000000,40.4498994083,-80.0794308566,Fairywood,182759,townhouse,,Residential,CONSTRUCTION OF A 1-STORY TOWNHOUSE WITH A SLAB-ON-GRADE FLOOR & PRE-ENGINEERED TRUSSED ROOF
BP-2022-09504,2022-12-14,2022,0070E00185000000,40.4498994083,-80.0794308566,Fairywood,182759,townhouse,,Residential,CONSTRUCTION OF A 1-STORY TOWNHOUSE WITH A SLAB-ON-GRADE FLOOR & PRE-ENGINEERED TRUSSED ROOF
BP-2022-09505,2022-12-14,2022,0070E00185000000,40.4498994083,-80.0794308566,Fairywood,182759,townhouse,,Residential,CONSTRUCTION OF A 1-STORY TOWNHOUSE WITH A SLAB-ON-GRADE FLOOR & PRE-ENGINEERED TRUSSED ROOF
BP-2022-09506,2022-12-14,2022,0070E00185000000,40.4498994083,-80.0794308566,Fairywood,182759,townhouse,,Residential,CONSTRUCTION OF A 1-STORY TOWNHOUSE WITH A SLAB-ON-GRADE FLOOR & PRE-ENGINEERED TRUSSED ROOF
BP-2022-09507,2022-12-14,2022,0070E00185000000,40.4498994083,-80.0794308566,Fairywood,182759,townhouse,,Residential,CONSTRUCTION OF A 1-STORY TOWNHOUSE WITH A SLAB-ON-GRADE FLOOR & PRE-ENGINEERED TRUSSED ROOF
BP-2022-09508,2022-12-14,2022,0070E00185000000,40.4498994083,-80.0794308566,Fairywood,182759,townhouse,,Residential,CONSTRUCTION OF A 1-STORY TOWNHOUSE WITH A SLAB-ON-GRADE FLOOR & PRE-ENGINEERED TRUSSED ROOF
BP-2022-09509,2022-12-14,2022,0070E00185000000,40.4498994083,-80.0794308566,Fairywood,182759,townhouse,,Residential,CONSTRUCTION OF A 1-STORY TOWNHOUSE WITH A SLAB-ON-GRADE FLOOR & PRE-ENGINEERED TRUSSED ROOF
BP-2022-09529,2022-12-14,2022,0070E00185000000,40.4498994083,-80.0794308566,Fairywood,182759,townhouse,,Residential,CONSTRUCTION OF A 1-STORY TOWNHOUSE WITH A SLAB-ON-GRADE FLOOR & PRE-ENGINEERED TRUSSED ROOF
BP-2022-09530,2022-12-14,2022,0070E00185000000,40.4498994083,-80.0794308566,Fairywood,182759,townhouse,,Residential,CONSTRUCTION OF A 1-STORY TOWNHOUSE WITH A SLAB-ON-GRADE FLOOR & PRE-ENGINEERED TRUSSED ROOF
BP-2022-09532,2022-12-14,2022,0070E00185000000,40.4498994083,-80.0794308566,Fairywood,182759,townhouse,,Residential,CONSTRUCTION OF A 1-STORY TOWNHOUSE WITH A SLAB-ON-GRADE FLOOR & PRE-ENGINEERED TRUSSED ROOF
BP-2022-09533,2022-12-14,2022,0070E00185000000,40.4498994083,-80.0794308566,Fairywood,182759,townhouse,,Residential,CONSTRUCTION OF A 1-STORY TOWNHOUSE WITH A SLAB-ON-GRADE FLOOR & PRE-ENGINEERED TRUSSED ROOF
BP-2022-09535,2022-12-14,2022,0070E00185000000,40.4498994083,-80.0794308566,Fairywood,182759,townhouse,,Residential,CONSTRUCTION OF A 1-STORY TOWNHOUSE WITH A SLAB-ON-GRADE FLOOR & PRE-ENGINEERED TRUSSED ROOF
BP-2022-09536,2022-12-14,2022,0070E00185000000,40.4498994083,-80.0794308566,Fairywood,182759,townhouse,,Residential,CONSTRUCTION OF A 1-STORY TOWNHOUSE WITH A SLAB-ON-GRADE FLOOR & PRE-ENGINEERED TRUSSED ROOF
BP-2022-09537,2022-12-14,2022,0070E00185000000,40.4498994083,-80.0794308566,Fairywood,182759,townhouse,,Residential,CONSTRUCTION OF A 1-STORY TOWNHOUSE WITH A SLAB-ON-GRADE FLOOR & PRE-ENGINEERED TRUSSED ROOF
BP-2022-09538,2022-12-14,2022,0070E00185000000,40.4498994083,-80.0794308566,Fairywood,182759,townhouse,,Residential,CONSTRUCTION OF A 1-STORY TOWNHOUSE WITH A SLAB-ON-GRADE FLOOR & PRE-ENGINEERED TRUSSED ROOF
BP-2022-09539,2022-12-14,2022,0070E00185000000,40.4498994083,-80.0794308566,Fairywood,182759,townhouse,,Residential,CONSTRUCTION OF A 1-STORY TOWNHOUSE WITH A SLAB-ON-GRADE FLOOR & PRE-ENGINEERED TRUSSED ROOF
BP-2022-09541,2022-12-14,2022,0070E00185000000,40.4498994083,-80.0794308566,Fairywood,182759,townhouse,,Residential,CONSTRUCTION OF A 1-STORY TOWNHOUSE WITH A SLAB-ON-GRADE FLOOR & PRE-ENGINEERED TRUSSED ROOF
BP-2022-09542,2022-12-14,2022,0070E00185000000,40.4498994083,-80.0794308566,Fairywood,182759,townhouse,,Residential,CONSTRUCTION OF A 1-STORY TOWNHOUSE WITH A SLAB-ON-GRADE FLOOR & PRE-ENGINEERED TRUSSED ROOF
BP-2022-09543,2022-12-14,2022,0070E00185000000,40.4498994083,-80.0794308566,Fairywood,182759,townhouse,,Residential,CONSTRUCTION OF A 1-STORY TOWNHOUSE WITH A SLAB-ON-GRADE FLOOR & PRE-ENGINEERED TRUSSED ROOF
BP-2022-09545,2022-12-08,2022,0070E00185000000,40.4498994083,-80.0794308566,Fairywood,182759,townhouse,,Residential,CONSTRUCTION OF A 1-STORY TOWNHOUSE WITH A SLAB-ON-GRADE FLOOR & PRE-ENGINEERED TRUSSED ROOF
BP-2022-09546,2022-12-14,2022,0070E00185000000,40.4498994083,-80.0794308566,Fairywood,182759,townhouse,,Residential,CONSTRUCTION OF A 1-STORY TOWNHOUSE WITH A SLAB-ON-GRADE FLOOR & PRE-ENGINEERED TRUSSED ROOF
BP-2022-09547,2022-12-14,2022,0070E00185000000,40.4498994083,-80.0794308566,Fairywood,182759,townhouse,,Residential,CONSTRUCTION OF A 1-STORY TOWNHOUSE WITH A SLAB-ON-GRADE FLOOR & PRE-ENGINEERED TRUSSED ROOF
BP-2022-09548,2022-12-14,2022,0070E00185000000,40.4498994083,-80.0794308566,Fairywood,182758,single_family,1,Residential,CONSTRUCTION OF A 1-STORY ATTACHED SINGLE FAMILY DWELLING WITH A SLAB-ON-GRADE FLOOR & PRE-ENGINEERED TRUSSED ROOF
BP-2022-09549,2022-12-14,2022,0070E00185000000,40.4498994083,-80.0794308566,Fairywood,182759,townhouse,,Residential,CONSTRUCTION OF A 1-STORY TOWNHOUSE WITH A SLAB-ON-GRADE FLOOR & PRE-ENGINEERED TRUSSED ROOF
BP-2022-09550,2022-12-14,2022,0070E00185000000,40.4498994083,-80.0794308566,Fairywood,182759,townhouse,,Residential,CONSTRUCTION OF A 1-STORY TOWNHOUSE WITH A SLAB-ON-GRADE FLOOR & PRE-ENGINEERED TRUSSED ROOF
BP-2022-09551,2022-12-14,2022,0070E00185000000,40.4498994083,-80.0794308566,Fairywood,182759,townhouse,,Residential,CONSTRUCTION OF A 1-STORY TOWNHOUSE WITH A SLAB-ON-GRADE FLOOR & PRE-ENGINEERED TRUSSED ROOF
BP-2022-09552,2022-12-14,2022,0070E00185000000,40.4498994083,-80.0794308566,Fairywood,182759,townhouse,,Residential,CONSTRUCTION OF A 1-STORY TOWNHOUSE WITH A SLAB-ON-GRADE FLOOR & PRE-ENGINEERED TRUSSED ROOF
BP-2022-09553,2022-12-14,2022,0070E00185000000,40.4498994083,-80.0794308566,Fairywood,182759,townhouse,,Residential,CONSTRUCTION OF A 1-STORY TOWNHOUSE WITH A SLAB-ON-GRADE FLOOR & PRE-ENGINEERED TRUSSED ROOF
BP-2022-09554,2022-12-14,2022,0070E00185000000,40.4498994083,-80.0794308566,Fairywood,182759,townhouse,,Residential,CONSTRUCTION OF A 1-STORY TOWNHOUSE WITH A SLAB-ON-GRADE FLOOR & PRE-ENGINEERED TRUSSED ROOF
BP-2022-09765,2022-10-06,2022,0023L00076000000,40.4559276701,-80.007112067,Central Northside,1247000,multifamily_5plus,,Commercial,NEW 3-STORY APARTMENT BUILDING
BP-2022-09803,2023-02-06,2023,0004J00038000000,40.4283459054,-80.0148695725,Mount Washington,20000,single_family,1,Residential,DECK AT REAR OF SINGLE FAMILY DWELLING.
BP-2022-10429,2022-10-10,2022,0125B00280000000,40.4612536812,-79.9082578545,Larimer,210000,single_family,1,Residential,CONSTRUCT 2-STORY HOUSE WITH REAR DECK
BP-2022-10430,2022-10-10,2022,0125B00278000000,40.4612328319,-79.9083520616,Larimer,210000,single_family,1,Residential,CONSTRUCT 2-STORY HOUSE WITH REAR DECK
BP-2022-10847,2022-12-14,2022,0009R00182000000,40.445388572,-79.9879335135,Crawford-Roberts,251533,single_family,1,Residential,3 STORY ATTACHED SINGLE FAMILY DWELLING WITH DECK AT REAR OFF OF FIRST FLOOR.
BP-2022-10854,2022-12-14,2022,0009R00182000000,40.445388572,-79.9879335135,Crawford-Roberts,251533,single_family,1,Residential,CONSTRUCTION OF NEW 3 STORY ATTACHED SINGLE FAMILY DWELLING (UNIT 4) WITH DECK AT REAR OFF OF FIRST FLOOR.
BP-2022-10856,2022-12-14,2022,0009R00182000000,40.445388572,-79.9879335135,Crawford-Roberts,251533,single_family,1,Residential,3 STORY ATTACHED SINGLE FAMILY DWELLING WITH DECK AT REAR OFF OF FIRST FLOOR.
BP-2022-10858,2022-12-14,2022,0009R00182000000,40.445388572,-79.9879335135,Crawford-Roberts,251533,single_family,1,Residential,3 STORY ATTACHED SINGLE FAMILY DWELLING WITH DECK AT REAR OFF OF FIRST FLOOR.
BP-2022-11364,2022-09-14,2022,0124N00014000000,40.4625415637,-79.9149359684,Larimer,333370,2_unit,2,Residential,NEW CONSTRUCTION OF A TWO FAMILY DWELLING
BP-2022-11365,2022-09-16,2022,0083M00187000000,40.4651236861,-79.9165749057,Larimer,306672,single_family,1,Residential,NEW CONSTRUCTION OF A SINGLE FAMILY DWELLING
BP-2022-11495,2022-10-06,2022,0008A00201000000,40.4520146239,-80.0148955897,Allegheny West,325000,single_family,1,Residential,NEW SINGLE FAMILY DWELLING WITH DETACHED TWO CAR GARAGE AT REAR
BP-2022-11855,2023-02-09,2023,0080H00005000000,40.4793140806,-79.9532098885,Upper Lawrenceville,310000,single_family,1,Commercial,"CONSTRUCTION OF SINGLE FAMILY DWELLING WITH INTEGRAL TWO CAR GARAGE AT FRONT, SECOND FLOOR DECK AT REAR AND THIRD LEVEL DECK"
BP-2022-13268,2022-10-10,2022,0026H00118000000,40.4585192037,-79.9514683707,Bloomfield,325000,2_unit,2,Residential,NEW THREE STORY TWO FAMILY DWELLING WITH 2 CAR INTEGRAL GARAGE ON FIRST FLOOR & BALCONY AT REAR ON 2ND & 3RD FLOOR. 2ND FLOOR APARTMENT; APT 201 4728 LORIGAN ST 3RD FLOOR APARTMENT; APT 301 4728 LORIGAN ST
BP-2022-13374,2023-06-29,2023,0022D00060000000,40.460932068,-80.0197014994,California-Kirkbride,350000,single_family,1,Residential,"THREE-STORY MODULAR STRUCTURE AS SINGLE UNIT RESIDENCE WITH 24' X 10' ONE CAR PARKING PAD AT SIDE AND 12'-0"" X 15'-8 1/2"" THIRD FLOOR ROOF DECK AT REAR."
BP-2022-13563,2022-11-04,2022,0006R00070000000,40.4349457666,-80.0236691753,Duquesne Heights,300000,single_family,1,Residential,NEW THREE-STORY STRUCTURE AS SINGLE UNIT DWELLING WITH INTEGRAL TWO-CAR GARAGE.
BP-2022-13862,2022-12-28,2022,0052R00060000000,40.4445944176,-79.9397408558,Squirrel Hill North,1500000,multifamily_5plus,,Commercial,INITIAL TENANT FIT OUT OF 1ST FLOOR TENANT SPACE AS MERCANTILE STORE WITH KITCHEN AND TOILET ROOMS IN MIXED USE 4 STORY APARTMENT BUILDING
BP-2022-14036,2022-11-07,2022,0014D00071000000,40.4222950791,-79.9868610588,South Side Slopes,100000,single_family,1,Residential,"CONSTRUCTION OF NEW 3-STORY SINGLE FAMILY DWELLING WITH INTEGRAL PARKING, 1ST FLR REAR DECKS, 2ND FLR SIDE DECK, 3RD FLR SIDE & REAR PARTIALLY COVERED DECK & TRELLIS"
BP-2022-14282,2023-05-23,2023,0049A00134000000,40.4703850982,-79.9622514679,Central Lawrenceville,300000,single_family,1,Residential,CONSTRUCTION NEW 3-STORY SINGLE FAMILY DWELLING WITH INTEGRAL GARAGE AND ROOFTOP DECK
BP-2022-15055,2023-11-09,2023,0120S00092000000,40.4828523457,-79.9363663652,Stanton Heights,200000,single_family,1,Residential,CONSTRUCTION OF NEW 3-STORY SINGLE FAMILY DWELLING WITH ONE CAR GARAGE SECOND FLOOR DECK WITH STAIRS TO GRADE AT REAR AND ROOFTOP DECK
BP-2022-15164,2022-11-14,2022,0083H00170000000,40.4690086761,-79.9193810213,East Liberty,200000,single_family,1,Residential,CONSTRUCTION OF 2-1/2 STORY MODULAR HOUSE
BP-2022-15283,2023-02-07,2023,0080D00310000000,40.4810453161,-79.9496455929,Upper Lawrenceville,300000,single_family,1,Residential,CONSTRUCTION OF NEW 3 STORY SINGLE FAMILY DWELLING WITH INTEGRAL GARAGE AND ROOFTOP DECK
BP-2022-15429,2023-08-23,2023,0023G00312000000,40.4588610488,-80.0082267008,Central Northside,200000,townhouse,,Residential,3 STORY TOWNHOUSE WITH BASEMNET & INTEGRAL GARAGE & ROOFTOP DECK.
BP-2022-15430,2023-08-23,2023,0023G00314000000,40.4588785675,-80.0081396062,Central Northside,200000,townhouse,,Residential,3 STORY TOWNHOUSE WITH INTEGRAL GARAGE & ROOFTOP DECK.
BP-2022-15431,2023-08-23,2023,0023G00316000000,40.4588940147,-80.0080625473,Central Northside,200000,townhouse,,Residential,3 STORY TOWNHOUSE WITH INTEGRAL GARAGE & ROOFTOP DECK.
BP-2022-15432,2023-08-23,2023,0023G00318000000,40.4589111073,-80.0079750676,Central Northside,200000,townhouse,,Residential,3 STORY TOWNHOUSE WITH INTEGRAL GARAGE & ROOFTOP DECK & INSTALL HVAC UNIT ON ROOFTOP.
BP-2022-16091,2024-09-19,2024,0049A00131000000,40.4705138001,-79.9620891512,Central Lawrenceville,300000,single_family,1,Residential,CONSTRUCTION OF OF 3-STORY WOOD-FRAMED SINGLE FAMILY DWELLING WITH INTEGRAL TWO-CAR GARAGE AND ROOFTOP DECK & ACCESS STAIRWAY
BP-2022-16199,2023-05-17,2023,0081G00061000000,40.4778343814,-79.937134565,Stanton Heights,165000,single_family,1,Residential,CONSTRUCTION OF NEW ONE STORY SINGLE FAMILY DWELLING WITH DECK AT REAR
BP-2022-16429,2023-07-20,2023,0023S00238000000,40.4536491837,-80.0014575379,East Allegheny,300000,single_family,1,Residential,CONSTRUCTION OF 3 STORY SINGLE FAMILY ATTACHED DWELLING WITH ONE-CAR DETACHED GARAGE AT REAR
BP-2022-16430,2023-07-20,2023,0023S00239000000,40.4536090119,-80.0014429418,East Allegheny,300000,single_family,1,Residential,CONSTRUCTION OF 3 SINGLE FAMILY ATTACHED DWELLING WITH ONE-CAR DETACHED GARAGE AT REAR
BP-2022-17357,2022-12-28,2022,0006F00249000000,40.4395173164,-80.0246087361,Duquesne Heights,100000,single_family,1,Residential,CONSTRUCT 3-STORY HOUSE
BP-2022-17615,2023-05-23,2023,0085J00274000000,40.4459913367,-79.9325955416,Squirrel Hill North,450000,single_family,1,Residential,CONSTRUCTION OF NEW TWO STORY SINGLE FAMILY DWELLING WITH INTERGAL GARAGE AND SECOND FLOOR DECK AT REAR.
BP-2022-17641,2023-02-06,2023,0019G00063000000,40.4384986702,-80.0390347167,Elliott,100000,single_family,1,Residential,CONSTRUCTION OF NEW SINGLE FAMILY DWELLING WITH ONE CAR GARAGE AND DECK AT REAR
BP-2022-17642,2023-02-06,2023,0019G00062000000,40.4385344355,-80.0391745251,Elliott,100000,single_family,1,Residential,CONSTRUCTION OF NEW SINGLE FAMILY DWELLING WITH ONE CAR GARAGE AND DECK AT REAR
BP-2022-17661,2023-04-24,2023,0084K00260000000,40.4568199116,-79.9255463383,Shadyside,450000,multifamily_5plus,9,Commercial,CONSTRUCTION OF A 4-STORY 9-UNIT APARTMENT BUILDING WITH ROOFTOP DECK AND BASEMENT GARAGE
BP-2022-17791,2023-07-11,2023,0046L00136000000,40.4661539472,-80.0075456422,Perry South,435203,single_family,1,Residential,CONSTRUCT NEW 2-STORY HOUSE WITH BASEMENT & INTEGRAL GARAGE
BP-2022-17907,2022-12-28,2022,0006G00088000000,40.4394603597,-80.0246664002,Duquesne Heights,100000,single_family,1,Residential,CONSTRUCT 3-STORY HOUSE
BP-2022-18261,2023-01-06,2023,0023K00391000000,40.456914215,-80.0083290822,Central Northside,100000,single_family,1,Residential,"CONSTRUCTION OF TWO STORY SINGLE FAMILY DWELLING, CONC. PATIO AND PARKING PAD AMENDED 03-22-2023 TO INCLUDE SINGLE VEHICLE ATTACHED GARAGE"
BP-2022-18821,2023-05-24,2023,0022K00118000000,40.4568787321,-80.0282887132,Manchester,150000,unclassified,,Residential,CONSTRUCTION OF 2-STORY BUILDING
BP-2022-19369,2023-11-22,2023,0023L00160000000,40.4563744955,-80.0061994996,Central Northside,185000,single_family,1,Residential,"CONSTRUCTION OF NEW 3 STORY SINGLE FAMILY DWELLING  WITH FIRST FLOOR DECK WITH STEPS TO GRADE, ONE CAR PARKING PAD AND 6' TALL FENCE ENCLOSING YARD"
BP-2022-19382,2023-11-21,2023,0023L00159000000,40.4564274224,-80.00621552,Central Northside,185000,single_family,1,Residential,"CONSTRUCTION OF NEW 3 STORY SINGLE FAMILY DWELLING  WITH FIRST FLOOR DECK WITH STEPS TO GRADE, ONE CAR PARKING PAD AND 6' TALL FENCE ENCLOSING YARD"
BP-2022-19500,2023-04-17,2023,0049F00249000000,40.468345392,-79.958490481,Central Lawrenceville,31785,single_family,1,Residential,CONSTRUCTION OF DETACHED GARAGE AT REAR OF SINGLE FAMILY DWELLING
BP-2023-00854,2023-03-06,2023,0083K00159000000,40.4663444597,-79.9263787293,East Liberty,400000,single_family,1,Residential,CONSTRUCT 2-STORY HOUSE WITH INTEGRAL GARAGE & REAR ROOFTOP DECK
BP-2023-00939,2023-12-20,2023,0025G00039000000,40.4588292868,-79.9740815055,Strip District,8417923,multifamily_5plus,,Commercial,"NEW SEVEN-STORY RESIDENTIAL HIGHRISE APARTMENT BUILDING UTILIZING PODIUM CONSTRUCTION (TYPE IA ON FIRST TWO FLOORS AND IIIA ABOVE), FOUNDATION FOR 3 MECHANICAL STACKED PARKING STRUCTURES (42 CARS)"
BP-2023-01855,2024-09-18,2024,0025J00150000000,40.4556956177,-79.9803076315,Strip District,15000000,multifamily_5plus,,Commercial,CONSTRUCT A NEW 6 STORIES RESIDENTIAL APARTMENT BUILDING WITH FIRST FLOOR RETAIL AND PARKING
BP-2023-02248,2023-03-02,2023,0023K00389000100,40.4568034017,-80.0082920782,Central Northside,150000,single_family,1,Residential,3 STORY SINGLE FAMILY DWELLING
BP-2023-02513,2023-08-22,2023,0125C00162000000,40.4618991147,-79.9059928624,Larimer,1800000,multifamily_5plus,,Commercial,CONSTRUCT A NEW THREE STORIES BUILDING TO BE USED AS RESIDENTIAL APARTMENTS AND TREATMENT FACILITY WITH EXTERIOR RETAINING WALL OVER 4 FEET IN HEIGHT.
BP-2023-02527,2023-08-03,2023,0002L00037000000,40.4380964887,-79.9892990452,Bluff,34000000,multifamily_5plus,,Commercial,"CONSTRUCT NEW 12 STORY APARTMENT BUILDING WITH TENANT AMENITY SPACES, EXTERIOR COURTYARD, PERGOLA, AND SURFACE PARKING"
BP-2023-03437,2023-06-05,2023,0054N00086000000,40.4242300759,-79.9482935753,Greenfield,280000,single_family,1,Residential,"CONSTRUCTION OF NEW THREE-STORY SINGLE FAMILY DWELLING WITH INTEGRAL TWO-CAR GARAGE, FRONT PORCHE & STAIRS TO GRADE AS WELL AS REAR DECK & STAIRS TO GRADE"
BP-2023-03546,2023-05-02,2023,0024K00310000000,40.4566380666,-79.9936530222,East Allegheny,150000,single_family,1,Residential,CONSTRUCTION OF NEW THREE STORY (ATTACHED) SINGLE-FAMILY DWELLING WITH ROOFTOP DECK AT REAR
BP-2023-03547,2023-05-03,2023,0024K00311000000,40.4567233818,-79.9936825286,East Allegheny,150000,single_family,1,Residential,CONSTRUCTION OF NEW THREE STORY (ATTACHED) SINGLE-FAMILY DWELLING WITH ROOFTOP DECK AT REAR
BP-2023-03550,2023-05-02,2023,0024K00312000000,40.4566870825,-79.9933882162,East Allegheny,150000,single_family,1,Residential,CONSTRUCTION OF NEW THREE STORY (ATTACHED) SINGLE-FAMILY DWELLING WITH ROOFTOP DECK AT REAR
BP-2023-03551,2023-05-02,2023,0024K00313000000,40.4567726178,-79.9934179571,East Allegheny,150000,single_family,1,Residential,CONSTRUCTION OF NEW THREE STORY (ATTACHED) SINGLE-FAMILY DWELLING WITH ROOFTOP DECK AT REAR
BP-2023-03865,2023-04-13,2023,0023K00390000000,40.4568149117,-80.0084936439,Central Northside,50000,single_family,1,Residential,NEW CONSTRUCTION OF SINGLE FAMILY DWELLING WITH ONE CAR INTEGRAL GARAGE AT FRONT AND 6' TALL FENCE ENCLOSING REAR YARD
BP-2023-04068,2023-07-28,2023,0057C00171000000,40.4021254312,-79.9397844298,Hazelwood,175000,single_family,1,Residential,"CONSTRUCTION OF A NEW THREE-STORY, SINGLE-FAMILY DWELLING BUILDING, WITH A FULL HEIGHT CMU FOUNDATION."
BP-2023-04662,2023-07-12,2023,0003K00166000000,40.4270853995,-79.9930921456,South Side Slopes,225000,single_family,1,Residential,CONSTRUCT 2 STORY HOUSE WITH BASEMENT & ROOFTOP DECK
BP-2023-04674,2023-08-08,2023,0026N00095000000,40.4542731099,-79.9624744804,Upper Hill,20000,single_family,1,Residential,CONSTRUCTION OF DETACHED TWO CAR GARAGE AT REAR OF EXISTING SINGLE-FAMILY DWELLING
BP-2023-04921,2025-05-05,2025,0023G00078000000,40.458094985,-80.0063667874,Central Northside,400000,single_family,1,Residential,"CONSTRUCTION OF THREE-STORY STRUCTURE AS SINGLE FAMILY (DETACHED) DWELLING WITH 6' TALL FENCE ALONG REAR PROPERTY LINE, ROOFTOP DECK WITH PENTHOUSE STORAGE AND STAIR ACCESS ON ROOF"
BP-2023-05410,2023-08-14,2023,0175H00028000000,40.4482633666,-79.885373944,Homewood South,150000,single_family,1,Residential,"CONSTRUCTION OF TWO STORY DETACHED SINGLE FAMILY DWELLING WITH THREE CAR INTEGRAL GARAGE, COVERED FRONT PORCH, AND SECOND FLOOR COVERED DECK ON THE SOUTH SIDE, ENGINEER REPORT CONFIRMING STRUCTURAL REPAIRS DUE TO FIRE"
BP-2023-06684,2023-09-19,2023,0014E00120000000,40.4202414115,-79.9976352314,Beltzhoover,104000,single_family,1,Residential,"FOUNDATIONS, STAIRS/LANDINGS, AND PLACEMENT OF PRE-MANUFACTURED HOME (SINGLE-WIDE)"
BP-2023-06904,2023-06-16,2023,0083M00174000000,40.4652075033,-79.9173481837,Larimer,250000,single_family,1,Residential,CONSTRUCTION OF WOOD FRAMED TWO-STORY DETACHED SINGLE FAMILY DWELLING
BP-2023-06905,2023-06-05,2023,0083M00176000000,40.4651314436,-79.9172647316,Larimer,250000,single_family,1,Residential,CONSTRUCTION OF WOOD FRAMED TWO-STORY DETACHED SINGLE FAMILY DWELLING
BP-2023-08339,2023-06-02,2023,0086N00003000000,40.4355848321,-79.9324658857,Squirrel Hill South,190780,unclassified,,Residential,INSTALLATION OF BELOW GRADE MICROPILE AND GRADE BEAM TO STABILIZE REAR SLOPE
BP-2023-08890,2024-08-02,2024,0084G00258000000,40.4587972853,-79.9211060768,Shadyside,16756822,multifamily_5plus,,Commercial,PHASED CONSTRUCTION OF APARTMENT BUILDING ON FLOORS 2-6 OF A 6 STORY BUILDING.
BP-2023-08967,2023-09-15,2023,0026D00288000000,40.4604930992,-79.9509465821,Bloomfield,350000,single_family,1,Residential,CONSTRUCTION OF A NEW MODULAR THREE STORY SINGLE FAMILY DWELLING WITH A DETACHED GARAGE AND A ROOFTOP DECK
BP-2023-10044,2023-07-31,2023,0049C00208000000,40.4711538426,-79.9562678277,Central Lawrenceville,250000,single_family,1,Residential,"CONSTRUCT 3-STORY MODULAR HOUSE WITH BASEMENT, INTEGRAL PARKING & ROOFTOP DECK"
BP-2023-10045,2023-07-31,2023,0049C00206000000,40.4712018933,-79.9562087574,Central Lawrenceville,250000,single_family,1,Residential,"CONSTRUCT 3-STORY MODULAR HOUSE WITH BASEMENT, INTEGRAL PARKING & ROOFTOP DECK"
BP-2023-10159,2023-11-15,2023,0007D00057000000,40.4523566837,-80.0179311952,Allegheny West,125000,unclassified,,Residential,CONSTRUCTION OF ONE STORY MASONRY TWO CAR DETACHED GARAGE WITH STEEL & WOOD ROOFTOP DECK AND STAIRS
BP-2023-10218,2024-03-25,2024,0011E00324000000,40.4398191177,-79.9819997078,Crawford-Roberts,223373,single_family,1,Residential,CONSTRUCT 3-STORY SINGLE-FAMILY ATTACHED DWELLING WITH INTEGRAL PARKING (IN A GROUP OF 5 TOWN HOMES)
BP-2023-10219,2024-03-27,2024,0011E00324000000,40.4398191177,-79.9819997078,Crawford-Roberts,1377514,multifamily_5plus,,Commercial,CONSTRUCT 3-STORY APARTMENT BUILDING
BP-2023-10227,2024-03-25,2024,0011A00326000000,40.4410720618,-79.981645253,Crawford-Roberts,1102011,3_4_unit,4,Commercial,CONSTRUCT 3-STORY APARTMENT BUILDING WITH 4 UNITS
BP-2023-10228,2024-03-25,2024,0011E00324000000,40.4398191177,-79.9819997078,Crawford-Roberts,223373,single_family,1,Residential,CONSTRUCT 3-STORY SINGLE-FAMILY ATTACHED DWELLING WITH INTEGRAL PARKING (IN A GROUP OF 5 TOWN HOMES)
BP-2023-10238,2024-03-27,2024,0011E00324000000,40.4398191177,-79.9819997078,Crawford-Roberts,10138505,multifamily_5plus,,Commercial,CONSTRUCT 4-STORY APARTMENT BUILDING WITH BASEMENT
BP-2023-10239,2024-04-03,2024,0011E00322000000,40.4403107392,-79.9814716979,Crawford-Roberts,11681321,multifamily_5plus,,Commercial,"CONSTRUCT 6-STORY APARTMENT BUILDING PODIUM CONSTRUCTION WITH 3-HOUR HORIZONTAL BUILDING SEPRATION PROVIDED BETWEEN 1ST & 2ND FLRS, TYPE 1A 1ST FLR (NO GROUP H), TYPE IIIA FLRS 2-6"
BP-2023-10959,2025-11-21,2025,0050H00182000000,40.4693738053,-79.9339064501,Garfield,150000,single_family,1,Residential,CONSTRUCT THREE-STORY ATTACHED SINGLE FAMILY DWELLING WITH ONE CAR INTEGRAL GARAGE AND SECOND FLOOR DECK AT REAR
BP-2023-10960,2025-11-21,2025,0050H00182000000,40.4693738053,-79.9339064501,Garfield,150000,single_family,1,Residential,CONSTRUCT THREE-STORY ATTACHED SINGLE FAMILY DWELLING WITH ONE CAR INTEGRAL GARAGE AND SECOND FLOOR DECK AT REAR
BP-2023-10961,2025-11-21,2025,0050H00184000000,40.4694529189,-79.9338642217,Garfield,160000,single_family,1,Residential,CONSTRUCT THREE-STORY DETACHED SINGLE FAMILY DWELLING WITH ONE CAR INTEGRAL GARAGE AND SECOND FLOOR DECK AT REAR
BP-2023-11030,2023-09-26,2023,0006L00053000000,40.4371468758,-80.0238093419,Duquesne Heights,40000,unclassified,,Residential,NEW CONSTRUCTION OF A NEW RETAING WALLS SUPPORTING A SURCHARGE IN REAR YARD.
BP-2023-11566,2024-02-09,2024,0080G00264000000,40.477738225,-79.9541101144,Upper Lawrenceville,25000,unclassified,,Residential,CONSTRUCTION OF ONE-STORY WOOD POLE BARN-FRAMED TWO-CAR GARAGE
BP-2023-12098,2024-12-24,2024,0006G00046000000,40.4396272637,-80.0221773774,Duquesne Heights,325000,single_family,1,Commercial,"CONSTRUCTION OF ATTACHED SINGLE FAMILY 4 STORY DWELLING AT 1503 GRANDVIEW AVE UNIT TYPE I, NOTED AS #20 ON SITE PLAN"
BP-2023-12518,2024-01-19,2024,0014A00250000000,40.4230047853,-79.996796732,Allentown,175000,single_family,1,Residential,CONSTRUCTION OF THREE-STORY STRUCTURE AS SINGLE-FAMILY DWELLING WITH FIRST FLOOR DECK AT REAR
BP-2023-12549,2023-12-12,2023,0025H00007000000,40.4599985975,-79.9700087119,Strip District,1500000,multifamily_5plus,,Commercial,CONSTRUCTION OF 5 STORY APARTMENT BUILDING WITH INTEGRAL GARAGE ON FIRST FLOOR AND ROOF TOP DECK LIMITED TO R-2 USE
BP-2023-12593,2024-01-03,2024,0014A00226000000,40.4225781869,-79.996692104,Allentown,175000,single_family,1,Residential,CONSTRUCTION OF THREE-STORY STRUCTURE AS SINGLE-FAMILY DWELLING WITH FIRST FLOOR DECK AT REAR
BP-2023-12595,2024-01-03,2024,0014A00223000000,40.4225802111,-79.9964788452,Allentown,175000,single_family,1,Residential,CONSTRUCTION OF THREE-STORY STRUCTURE AS SINGLE-FAMILY DWELLING WITH FIRST FLOOR DECK AT REAR
BP-2023-12963,2024-01-03,2024,0014A00283000000,40.423479067,-79.9964579707,Allentown,175000,single_family,1,Residential,CONSTRUCTION OF NEW THREE STORY BUILDING AS A SINGLE FAMILY (DETACHED) DWELLING WTH ONE PORCH AT FRONT; FIRST FLOOR DECK AND ONE CAR PARKING PAD AT REAR
BP-2023-12966,2024-01-03,2024,0003N00171000000,40.4236179217,-79.9956330378,Allentown,175000,single_family,1,Residential,CONSTRUCTION OF NEW ONE STORY BUILDING AS A SINGLE FAMILY (DETACHED) DWELLING WTH PORCH AT FRONT; AND ONE CAR PARKING PAD ON CORNER OF EUREKA
BP-2023-12968,2024-01-03,2024,0014A00292000000,40.4234841839,-79.9954050831,Allentown,175000,single_family,1,Residential,CONSTRUCTION OF NEW ONE STORY BUILDING AS A SINGLE FAMILY (DETACHED) DWELLING WTH PORCH AT FRONT; AND ONE CAR PARKING PAD ON CORNER OF EUREKA
BP-2023-13217,2023-10-16,2023,0050M00032000000,40.466798998,-79.9354333058,Garfield,500000,single_family,1,Residential,CONSTRUCTION OF A 3-SOTRY PREFABRICATED HOUSE
BP-2023-13277,2025-06-26,2025,0125A00052000000,40.4602215773,-79.9150186943,Larimer,21486282,multifamily_5plus,220,Commercial,"CONSTRUCTION OF NEW 220 UNIT 5 STORY APARTMENT BUILDING WITH PARKING GARAGE, INTERIOR COUTYARD WITH POOL AT GRADE"
BP-2023-13598,2023-09-26,2023,0125H00347000000,40.4576720199,-79.9033232022,Homewood West,250000,2_unit,2,Residential,CONSTRUCTION OF WOOD FRAMED TWO-STORY TWO-FAMILY DWELLING WITH COVERED PORCH
BP-2023-13599,2023-09-26,2023,0125H00346000000,40.4576563546,-79.9032491324,Homewood West,250000,2_unit,2,Residential,CONSTRUCTION OF WOOD FRAMED TWO-STORY TWO-FAMILY DWELLING WITH COVERED PORCH
BP-2023-13850,2023-11-28,2023,0025K00162000000,40.455798496,-79.9776779877,Strip District,15000,unclassified,,Commercial,PHASED CONSTRUCTION OF 6 STORY BUILDING - FIT-OUT OF UNIT 508
BP-2023-13872,2024-02-23,2024,0011K00048000000,40.4378382184,-79.974992254,Bluff,8828651,multifamily_5plus,,Commercial,CONSTRUCTION OF FOUR STORY MULTI UNIT APARTMENT BUILDING
BP-2023-13920,2024-01-03,2024,0014B00254000000,40.4226550864,-79.9927927689,Allentown,175000,single_family,1,Residential,CONSTRUCTION OF A WOOD-FRAMED THREE-STORY SINGLE-FAMILY DWELLING WITH PREFABRICATED PRECAST CONCRETE FOUNDATION SYSTEM. AS WELL AS ONE-STORY OPEN PORCH AT FRONT AND DECK AT REAR
BP-2023-13923,2024-01-31,2024,0014B00239000000,40.4230617985,-79.9920602075,Allentown,175000,single_family,1,Residential,CONSTRUCTION OF A WOOD-FRAMED THREE-STORY SINGLE-FAMILY DWELLING WITH PREFABRICATED PRECAST CONCRETE FOUNDATION SYSTEM. AS WELL AS ONE-STORY OPEN PORCH AT FRONT AND DECK AT REAR
BP-2023-13924,2024-01-03,2024,0003P00262000000,40.4236548512,-79.9915221793,Allentown,175000,single_family,1,Residential,CONSTRUCTION OF A WOOD-FRAMED THREE-STORY SINGLE-FAMILY DWELLING WITH PREFABRICATED PRECAST CONCRETE FOUNDATION SYSTEM AS WELL AS ONE-STORY OPEN PORCH AT FRONT AND DECK AT REAR
BP-2023-14003,2024-01-03,2024,0014A00224000000,40.4225790626,-79.9965873203,Allentown,175000,single_family,1,Residential,CONSTRUCTION OF A WOOD-FRAMED THREE-STORY SINGLE-FAMILY DWELLING WITH PREFABRICATED PRECAST CONCRETE FOUNDATION SYSTEM AS WELL AS ONE-STORY OPEN PORCH AT FRONT AND DECK AT REAR
BP-2023-14007,2024-01-03,2024,0003N00160000000,40.4240001894,-79.9961076424,Allentown,175000,single_family,1,Residential,CONSTRUCTION OF A WOOD-FRAMED THREE-STORY SINGLE-FAMILY DWELLING WITH PREFABRICATED PRECAST CONCRETE FOUNDATION SYSTEM AS WELL AS ONE-STORY OPEN PORCH AT FRONT AND DECK AT REAR
BP-2023-14008,2024-01-03,2024,0003P00216000000,40.4241058397,-79.9934394126,Allentown,175000,single_family,1,Residential,CONSTRUCTION OF A WOOD-FRAMED THREE-STORY SINGLE-FAMILY DWELLING WITH PREFABRICATED PRECAST CONCRETE FOUNDATION SYSTEM AS WELL AS ONE-STORY OPEN PORCH AT FRONT AND DECK AT REAR
BP-2023-14083,2024-06-13,2024,0025H00108000000,40.4578863342,-79.9681982009,Polish Hill,200000,single_family,1,Residential,"CONSTRUCTION OF 3 STORY ATTACHED SINGLE FAMILY DWELLING WITH ROOF TOP DECK, MACHINE ROOM, UNOCCUPIED BASEMENT AND INTEGRAL GARAGE"
BP-2023-14152,2024-03-25,2024,0011E00324000000,40.4398191177,-79.9819997078,Crawford-Roberts,223373,single_family,1,Residential,CONSTRUCT 3-STORY SINGLE-FAMILY ATTACHED DWELLING WITH INTEGRAL PARKING (IN A GROUP OF 5 TOWN HOMES)
BP-2023-14168,2024-03-25,2024,0011E00324000000,40.4398191177,-79.9819997078,Crawford-Roberts,223373,single_family,1,Residential,CONSTRUCT 3-STORY SINGLE-FAMILY ATTACHED DWELLING WITH INTEGRAL PARKING (IN A GROUP OF 5 TOWN HOMES)
BP-2023-14169,2024-03-25,2024,0011E00324000000,40.4398191177,-79.9819997078,Crawford-Roberts,223373,single_family,1,Residential,CONSTRUCT 3-STORY SINGLE-FAMILY ATTACHED DWELLING WITH INTEGRAL PARKING (IN A GROUP OF 5 TOWN HOMES)
BP-2023-14170,2024-03-25,2024,0011E00324000000,40.4398191177,-79.9819997078,Crawford-Roberts,223373,single_family,1,Residential,CONSTRUCT 3-STORY SINGLE-FAMILY ATTACHED DWELLING WITH INTEGRAL PARKING (IN A GROUP OF 5 TOWN HOMES)
BP-2023-14172,2024-03-25,2024,0011E00324000000,40.4398191177,-79.9819997078,Crawford-Roberts,223373,single_family,1,Residential,CONSTRUCT 3-STORY SINGLE-FAMILY ATTACHED DWELLING WITH INTEGRAL PARKING (IN A GROUP OF 5 TOWN HOMES)
BP-2023-14173,2024-03-25,2024,0011E00324000000,40.4398191177,-79.9819997078,Crawford-Roberts,223373,single_family,1,Residential,CONSTRUCT 3-STORY SINGLE-FAMILY DWELLING
BP-2023-14174,2024-03-25,2024,0011E00324000000,40.4398191177,-79.9819997078,Crawford-Roberts,223373,single_family,1,Residential,CONSTRUCT 3-STORY SINGLE-FAMILY DWELLING
BP-2023-14175,2024-03-25,2024,0011E00324000000,40.4398191177,-79.9819997078,Crawford-Roberts,223373,single_family,1,Residential,CONSTRUCT 3-STORY SINGLE-FAMILY DWELLING
BP-2023-14176,2024-03-25,2024,0011A00326000000,40.4410720618,-79.981645253,Crawford-Roberts,223373,single_family,1,Residential,CONSTRUCT 3-STORY SINGLE-FAMILY ATTACHED DWELLING WITH INTEGRAL PARKING (IN A GROUP OF 3 TOWN HOMES)
BP-2023-14178,2024-03-25,2024,0011A00326000000,40.4410720618,-79.981645253,Crawford-Roberts,223373,single_family,1,Residential,CONSTRUCT 3-STORY SINGLE-FAMILY ATTACHED DWELLING WITH INTEGRAL PARKING (IN A GROUP OF 3 TOWN HOMES)
BP-2023-14179,2024-03-25,2024,0011A00326000000,40.4410720618,-79.981645253,Crawford-Roberts,223373,single_family,1,Residential,CONSTRUCT 3-STORY SINGLE-FAMILY ATTACHED DWELLING WITH INTEGRAL PARKING (IN A GROUP OF 3 TOWN HOMES)
BP-2023-14181,2024-03-27,2024,0011A00326000000,40.4410720618,-79.981645253,Crawford-Roberts,223373,2_unit,2,Residential,CONSTRUCT 3-STORY TWO-FAMILY DWELLING
BP-2023-14245,2023-09-14,2023,0049P00219000000,40.464033275,-79.9579457189,Lower Lawrenceville,7000,unclassified,,Residential,"NEW 3'-4"" SEGMENTAL BLOCK RETAINING WALL AND GEOGRID SUPPORTING NEW CONCRETE PARKING PAD SURCHARGE."
BP-2023-14372,2024-01-31,2024,0003R00305000000,40.4240792076,-79.9902635484,Allentown,175000,single_family,1,Residential,NEW 2 STORY HOUSE WITH REAR DECK AT 1ST FLOOR
BP-2023-14374,2024-01-31,2024,0003R00306000000,40.4240119827,-79.9902632484,Allentown,175000,single_family,1,Residential,NEW 3 STORY HOUSE WITH REAR DECK AT 2ND FLOOR
BP-2023-14502,2023-12-08,2023,0011D00043000000,40.4411319958,-79.9672122877,West Oakland,150000,single_family,1,Residential,CONSTRUCTION OF A 3 STORY MODULAR SINGLE FAMILY DWELLING (ATTACHED) WITH SITE BUILT FOUNDATION AND 2 CAR INTEGRAL GARAGE AND DECK AT FRONT
BP-2023-14503,2023-12-08,2023,0011D00042000000,40.4411460381,-79.9671230102,West Oakland,150000,single_family,1,Residential,CONSTRUCTION OF A 3 STORY MODULAR SINGLE FAMILY DWELLING (ATTACHED) WITH SITE BUILT FOUNDATION AND 2 CAR INTEGRAL GARAGE AND DECK AT FRONT
BP-2023-14504,2023-12-08,2023,0011D00041000000,40.4411645987,-79.9670215006,West Oakland,150000,single_family,1,Residential,CONSTRUCTION OF A 3 STORY MODULAR SINGLE FAMILY DWELLING (DETTACHED) WITH SITE BUILT FOUNDATION AND 2 CAR INTEGRAL GARAGE AND DECK AT FRONT
BP-2023-15068,2023-11-15,2023,0082N00155000000,40.4733604127,-79.9290798822,Morningside,125000,single_family,1,Residential,CONSTRUCTION OF WOOD-FRAMED THREE-STORY SINGLE-FAMILY DWELLING WITH ROOF DECK AND INTEGRAL DOUBLE-CAR GARAGE
BP-2023-15087,2023-11-06,2023,0052C00303000000,40.4509109995,-79.9397636155,Shadyside,13000,single_family,1,Residential,INSTALL 7' TALL FENCE AT SIDE AND REAR OF SINGLE FAMILY DWELLING.
BP-2023-15142,2023-12-12,2023,0056C00241000000,40.4116705572,-79.9396850403,Hazelwood,150000,single_family,1,Residential,CONSTRUCTION OF NEW SINGLE-FAMILY DWELLING
BP-2023-15630,2023-12-12,2023,0056C00240000000,40.4117175053,-79.9395946278,Hazelwood,75000,single_family,1,Residential,NEW TWO STORY SINGLE FAMILY DWELLING.
BP-2023-15632,2023-12-12,2023,0056C00239000000,40.4117599738,-79.9394958047,Hazelwood,75000,single_family,1,Residential,NEW 2 STORY SINGLE FAMILY DWELLING.
BP-2023-17243,2024-05-01,2024,0049K00026000000,40.4652551742,-79.961300599,Lower Lawrenceville,500000,single_family,1,Residential,"NEW CONSTRUCTION OF 3 STORY SINGLE FAMILY DWELLING WITH INTEGRAL GARAGE, ROOFTOP DECK, FRONT AND REAR PORCH"
BP-2023-17247,2024-01-03,2024,0025F00184000000,40.4592203327,-79.9744889146,Strip District,11900000,multifamily_5plus,,Commercial,CONSTRUCTION OF 6 STORY APARTMENT BUILDING
BP-2023-17248,2024-01-03,2024,0025F00110000000,40.4597006087,-79.9745783674,Strip District,16100000,multifamily_5plus,,Commercial,"CONSTRUCTION OF NEW SIX STORY PODIUM STRUCTURE (IA ON GROUND IIIA 2-6th FLOORS) WITH TENANT AMENITY SPACE, OUTDOOR COURTYARD AND POOL AT FIRST STORY ROOF, APARTMENTS ON STORIES TWO THROUGH SIX"
BP-2023-17255,2023-11-09,2023,0177E00129000000,40.4304326329,-79.8983615671,Regent Square,30000,single_family,1,Residential,DEMOLITION OF EXISTING GARAGE AND CONSTRUCTION OF NEW DETATCHED GARAGE AT REAR OF EXISTING SINGLE-FAMILY DWELLING
BP-2023-17986,2024-01-03,2024,0014B00057000000,40.4229180369,-79.9950334736,Allentown,175000,single_family,1,Residential,NEW 3 STORY HOUSE WITH PREFABRICATED FOUNDATION
BP-2023-17989,2024-01-03,2024,0014B00067000000,40.4226432349,-79.9947498429,Allentown,175000,single_family,1,Residential,NEW 3 STORY HOUSE WITH PREFABRICATED FOUNDATION
BP-2023-17991,2024-01-31,2024,0014B00222000000,40.4229757725,-79.9935776072,Allentown,175000,single_family,1,Residential,NEW 2 STORY HOUSE WITH PREFABRICATED FOUNDATION
BP-2023-17992,2024-11-19,2024,0014B00223000000,40.4229770315,-79.9934828595,Allentown,175000,single_family,1,Residential,NEW 3 STORY HOUSE WITH PREFABRICATED FOUNDATION
BP-2023-17993,2024-01-31,2024,0014B00224000000,40.4229774226,-79.9933875273,Allentown,175000,single_family,1,Residential,NEW 2 STORY HOUSE WITH PREFABRICATED FOUNDATION
BP-2023-18109,2024-01-03,2024,0014B00078000000,40.4224404312,-79.9940011363,Allentown,175000,single_family,1,Residential,NEW 3 STORY HOUSE WITH PREFABRICATED FOUNDATION
BP-2023-18323,2024-01-03,2024,0003P00186000000,40.42387665,-79.995086221,Allentown,175000,single_family,1,Residential,NEW 3 STORY HOUSE WITH PREFABRICATED FOUNDATION
BP-2023-18326,2024-01-03,2024,0003P00187000000,40.4238791418,-79.9949754744,Allentown,175000,single_family,1,Residential,NEW 3 STORY HOUSE WITH PREFABRICATED FOUNDATION
BP-2023-18427,2024-01-03,2024,0014B00006000000,40.4234951571,-79.9948544176,Allentown,175000,single_family,1,Residential,CONSTRUCTION OF NEW THREE STORY BUILDING AS A SINGLE FAMILY (DETACHED) DWELLING WTH ONE PORCH AT FRONT; FIRST FLOOR DECK AND ONE CAR PARKING PAD AT REAR
BP-2023-18429,2024-01-03,2024,0014B00007000000,40.4234944527,-79.9947664643,Allentown,175000,single_family,1,Residential,CONSTRUCTION OF NEW THREE STORY BUILDING AS A SINGLE FAMILY (DETACHED) DWELLING WTH ONE PORCH AT FRONT; FIRST FLOOR DECK AND ONE CAR PARKING PAD AT REAR
BP-2023-18499,2024-01-31,2024,0003P00281000000,40.4236005848,-79.9945071017,Allentown,175000,single_family,1,Residential,NEW 2 STORY HOUSE WITH PREFABRICATED FOUNDATION
BP-2023-18502,2024-01-31,2024,0003P00197000000,40.4238860563,-79.9945051939,Allentown,175000,single_family,1,Residential,NEW 2 STORY HOUSE WITH PREFABRICATED FOUNDATION
BP-2023-18504,2024-01-31,2024,0014B00010000000,40.4234997207,-79.9944171242,Allentown,175000,single_family,1,Residential,NEW 2 STORY HOUSE WITH PREFABRICATED FOUNDATION
BP-2023-18505,2024-01-31,2024,0003P00277000000,40.423586157,-79.9942357158,Allentown,175000,single_family,1,Residential,NEW 2 STORY HOUSE WITH PREFABRICATED FOUNDATION
BP-2023-19298,2024-04-09,2024,0050G00303000000,40.4692769622,-79.938829449,Garfield,200000,single_family,1,Residential,CONSTRUCTTION OF NEW MODULAR SINGLE-FAMILY DWELLING ON PRECAST FOUNDATION
BP-2023-19344,2023-12-01,2023,0028H00223000000,40.4400640167,-79.9517622328,Central Oakland,275000,2_unit,2,Commercial,CONSTRUCTION OF 3 STORY 2 FAMILY ATTACHED DWELLING WITH INTEGRAL GARAGE IN LOWER LEVEL (Sub Building Permit for BP-2022-13065 )
BP-2023-19380,2023-12-01,2023,0028H00221000000,40.4402874712,-79.9516551313,Central Oakland,275000,2_unit,2,Residential,CONSTRUCTION OF 3 STORY 2 FAMILY ATTACHED DWELLING WITH INTEGRAL GARAGE IN LOWER LEVEL (Sub Building Permit for BP-2022-13067 )
BP-2023-19381,2023-12-01,2023,0028H00222000000,40.4402668261,-79.9515456468,Central Oakland,275000,2_unit,2,Commercial,CONSTRUCTION OF 3 STORY 2 FAMILY ATTACHED DWELLING WITH INTEGRAL GARAGE IN LOWER LEVEL (Sub Building Permit for BP-2022-13068 )
BP-2023-19384,2023-12-01,2023,0028H00224000000,40.4401082078,-79.9518450536,Central Oakland,275000,2_unit,2,Commercial,CONSTRUCTION OF 3 STORY 2 UNIT DWELLING WITH INTEGRAL GARAGE IN LOWER LEVEL
BP-2023-19503,2024-09-16,2024,0119S00242000000,40.4820317757,-79.9531533024,Upper Lawrenceville,31990000,multifamily_5plus,,Commercial,"COMPLETION OF PHASED CONSTRUCTION OF NEW APARTMENT BUILDING: THIS PHASE INCLUDES SUPERSTRUCTURE ABOVE 2ND FLOOR MEZZANINE LEVEL; COMPLETE EXTERIOR SHELL, BUILDING CORE, AND INTERIOR FIT-OUT THROUGHOUT"
BP-2023-19862,2024-01-31,2024,0003P00213000000,40.4239980757,-79.9936196793,Allentown,175000,single_family,1,Residential,"NEW STORY SINGLE FAMILY, SINGLE STORY DWELLING WITH PORCH AND FRONT AND REAR"
BP-2023-19864,2024-01-31,2024,0014A00215000000,40.4226573833,-79.9959846303,Allentown,175000,single_family,1,Residential,NEW SINGLE STORY HOUSE WITH PREFABRICATED FOUNDATION
BP-2023-19865,2024-01-31,2024,0014A00314000000,40.4226612161,-79.995653726,Allentown,175000,single_family,1,Residential,NEW SINGLE STORY HOUSE WITH PREFABRICATED FOUNDATION
BP-2023-20540,2024-12-24,2024,0006G00010000000,40.4405439125,-80.0239827781,Duquesne Heights,325000,single_family,1,Commercial,"CONSTRUCTION OF ATTACHED SINGLE FAMILY 4 STORY DWELLING AT 1623 GRANDVIEW AVE, TOWN I"
BP-2023-20548,2024-12-24,2024,0006G00012000000,40.4405090678,-80.0238978764,Duquesne Heights,325000,single_family,1,Commercial,CONSTRUCTION OF ATTACHED SINGLE FAMILY 4 STORY DWELLING AT 1621 GRANDVIEW AVE TOWN II
BP-2023-20549,2024-12-24,2024,0006G00015000000,40.4404757556,-80.0238323885,Duquesne Heights,325000,single_family,1,Commercial,CONSTRUCTION OF ATTACHED SINGLE FAMILY 4 STORY DWELLING AT 1619 GRANDVIEW AVE TOWN II
BP-2023-20550,2024-12-24,2024,0006G00016000000,40.4404321481,-80.0237508775,Duquesne Heights,325000,single_family,1,Commercial,CONSTRUCTION OF ATTACHED SINGLE FAMILY 4 STORY DWELLING AT (1617 GRANDVIEW AVE TYPE TOWN 1
BP-2023-21229,2024-06-24,2024,0056B00326000000,40.4116286437,-79.9442056368,Hazelwood,1350000,3_4_unit,4,Commercial,"NEW CONSTRUCTION, 3-STORY CONDOMINIUM BUILDING WITH 4 DWELLING UNITS."
BP-2024-00726,2024-12-24,2024,0006G00018000000,40.4403797902,-80.0236520731,Duquesne Heights,325000,single_family,1,Commercial,CONSTRUCTION OF ATTACHED SINGLE FAMILY 4 STORY DWELLING AT (1611 GRANDVIEW AVE TYPE TOWN 1
BP-2024-00727,2024-12-24,2024,0006G00019000000,40.440336542,-80.0235701615,Duquesne Heights,325000,single_family,1,Commercial,CONSTRUCTION OF ATTACHED SINGLE FAMILY 4 STORY DWELLING AT (1609 GRANDVIEW AVE TYPE TOWN II
BP-2024-00728,2024-12-24,2024,0006G00020000000,40.4403019962,-80.0235052807,Duquesne Heights,325000,single_family,1,Commercial,CONSTRUCTION OF ATTACHED SINGLE FAMILY 4 STORY DWELLING AT (1607 GRANDVIEW AVE TYPE TOWN II
BP-2024-00729,2024-12-24,2024,0006G00021000000,40.4402737661,-80.0234356063,Duquesne Heights,325000,single_family,1,Commercial,CONSTRUCTION OF ATTACHED SINGLE FAMILY 4 STORY DWELLING AT (1605 GRANDVIEW AVE TYPE TOWN II
BP-2024-00730,2024-12-24,2024,0006G00022000000,40.4402475089,-80.0233415802,Duquesne Heights,325000,single_family,1,Commercial,CONSTRUCTION OF ATTACHED SINGLE FAMILY 4 STORY DWELLING AT (1603 GRANDVIEW AVE TYPE TOWN I
BP-2024-00754,2024-08-20,2024,0003K00165000000,40.4271114307,-79.9931662843,South Side Slopes,225000,single_family,1,Residential,CONSTRUCT A NEW TWO STORIES AND A BASEMENT SINGLE FAMILY DWELLING WITH A ROOF DECK AND A RETAINING WALL
BP-2024-00874,2024-07-17,2024,0009M00167000000,40.4469378987,-79.9833621168,Crawford-Roberts,200000,single_family,1,Residential,NEW SINGLE FAMILY MODULAR DWELLING WITH MODULAR FOUNDATION SYSTEM
BP-2024-00875,2024-07-17,2024,0009M00169000000,40.446882921,-79.9833222267,Crawford-Roberts,200000,single_family,1,Residential,NEW SINGLE FAMILY MODULAR DWELLING WITH MODULAR FOUNDATION SYSTEM
BP-2024-00998,2024-02-22,2024,0081C00244000000,40.4797870204,-79.9398303192,Stanton Heights,14000,single_family,1,Residential,ADD 22.53' X 10' FIRST FLOOR DECK AT REAR OF SINGLE FAMILY DWELLING.
BP-2024-01881,2025-06-17,2025,0052F00162000000,40.4500836175,-79.9432378887,Shadyside,1859339,single_family,1,Residential,CONSTRUCTION OF NEW TWO-STORY WOOD FRAMED SINGLE-FAMILY DWELLING WITH INTEGRAL TWO-CAR GARAGE AND ROOF DECKS AT SECOND-FLOOR LEVEL OF FRONT & REAR OF DWELLING. DWELLING LOCATED IN AMONGST AND ADJACENT TO REMAINING STONE WALLS LEFT AFTER DEMOLITION (DP-2022-15099) OF EXISTING RESIDENCE LEAVING FREE S
BP-2024-02120,2024-04-12,2024,0024K00328000000,40.4568581576,-79.9934473985,East Allegheny,300000,single_family,1,Residential,"NEW THREE STORY STRUCTURE WITH TWO CAR INTEGRAL GARAGE AND 18'8"" X 11'9"" THIRD FLOOR DECK AT REAR & 8' X 6' SECOND FLOOR DECK AT SOUTHERLY SIDE, TWO CAR PARKING PAD AT REAR, 6' TALL FENCE ALONG NORTHERLY SIDE OF SINGLE FAMILY DWELLING."
BP-2024-02124,2024-04-12,2024,0024K00329000000,40.4569435572,-79.9934769393,East Allegheny,300000,single_family,1,Residential,"NEW THREE STORY STRUCTURE WITH TWO CAR INTEGRAL GARAGE AND 18'8"" X 11'9"" THIRD FLOOR DECK AT REAR & 8' X 6' SECOND FLOOR DECK AT SOUTHERLY SIDE, TWO CAR PARKING PAD AT REAR, 6' TALL FENCE ALONG NORTHERLY SIDE OF SINGLE FAMILY DWELLING."
BP-2024-02436,2024-10-18,2024,0003M00113000000,40.4277805388,-79.9838149891,South Side Flats,300000,single_family,1,Residential,"SINGLE FAMILY 3 STORY WITH INTEGRATED 1 CAR GARAGE, 2ND FLOOR REAR DECK,  AND 3RD STORY FRONT COVERED DECK"
BP-2024-02437,2024-10-18,2024,0003M00112000000,40.4277801237,-79.9838913071,South Side Flats,300000,2_unit,2,Residential,2-FAMILY 3 STORY WITH INTEGRATED 2 CAR GARAGE AND 3RD STORY FRONT COVERED DECK
BP-2024-03545,2024-06-04,2024,0008A00051000000,40.4519722616,-80.0151285851,Allegheny West,975000,single_family,1,Residential,CONSTRUCTION OF 3 STORY DETACHED SINGLE FAMILY DWELLING INCLUDING PORCH ON SIDE AND SECOND FLOOR DECK AT REAR WITH DETACHED GARAGE AT REAR OF PROPERTY
BP-2024-04388,2024-11-27,2024,0009M00322000000,40.4454709799,-79.9830162032,Crawford-Roberts,215000,single_family,1,Residential,CONSTRUCTION OF SINGLE FAMILY DETACHED DWELLING WITH INTEGRAL GARAGE AND BALCONIES FROM SECOND AND THIRD FLOORS IN FRONT
BP-2024-05014,2024-08-08,2024,0050J00081000000,40.4651130984,-79.9455790183,Bloomfield,1000000,multifamily_5plus,8,Commercial,CONSTRUCT A NEW 3 STORY BUILDING TO INCLUDE 8 RESIDENTIAL APARTMENT UNITS (INCLUDING 2 TYPE B UNITS)
BP-2024-05085,2024-05-10,2024,0012N00012000000,40.4259223764,-79.9827538783,South Side Flats,250000,single_family,1,Residential,CONSTRUCTION OF WOOD & STEEL FRAMED THREE-STORY SINGLE-FAMILY DWELLING WITH INTEGRAL ONE-CAR GARAGE AND ROOF DECK AT THIRD FLOOR LEVEL
BP-2024-05523,2024-09-03,2024,0025K00261000000,40.4558327029,-79.976702153,Strip District,200000,townhouse,,Commercial,CONSTRUCTION OF FOUR STORY TOWNHOUSE WITH INTEGRAL GARAGE
BP-2024-05525,2024-11-19,2024,0025K00261000000,40.4558327029,-79.976702153,Strip District,200000,townhouse,,Commercial,CONSTRUCTION OF FOUR STORY TOWNHOUSE WITH INTEGRAL GARAGE
BP-2024-05871,2024-06-06,2024,0036B00059000000,40.4129278975,-80.0414442066,Banksville,425093,single_family,1,Residential,CONSTRUCTION OF TWO-STORY WOOD-FRAMED DWELLING WITH POURED-CONCRETE BASEMENT AND INTEGRAL WOOD-FRAMED TWO-CAR GARAGE.
BP-2024-06742,2024-10-07,2024,0050L00156000000,40.466183373,-79.9388375843,Garfield,250000,single_family,1,Residential,NEW 2 STORY STRUCTURE WITH FIRST FLOOR PORCH AND TWO (2) PARKING PADS AT REAR OF SINGLE FAMILY DWELLING.
BP-2024-08436,2024-09-10,2024,0081A00129000000,40.480855961,-79.9481472522,Upper Lawrenceville,400000,single_family,1,Residential,CONSTRUCTION OF THREE-STORY WOOD-FRAMED SINGLE FAMILY DWELLING WITH INTEGRAL TWO-CAR GARAGE AND BASEMENT
BP-2024-08777,2024-10-29,2024,0049B00287000000,40.4704397556,-79.9590168681,Central Lawrenceville,150000,multifamily_5plus,8,Commercial,CONSTRUCTION OF 4 STORY SINGLE FAMILY ATTACHED DWELLING UNIT WITH INTEGRAL GARAGE AS PART OF 8 UNIT CLUSTER.
BP-2024-08780,2024-10-29,2024,0049B00287000000,40.4704397556,-79.9590168681,Central Lawrenceville,150000,multifamily_5plus,8,Commercial,CONSTRUCTION OF 4 STORY SINGLE FAMILY ATTACHED DWELLING UNIT WITH INTEGRAL GARAGE AS PART OF 8 UNIT CLUSTER.
BP-2024-08781,2024-10-21,2024,0049B00287000000,40.4704397556,-79.9590168681,Central Lawrenceville,150000,multifamily_5plus,8,Commercial,CONSTRUCTION OF 4 STORY SINGLE FAMILY ATTACHED DWELLING UNIT WITH INTEGRAL GARAGE AS PART OF 8 UNIT CLUSTER.
BP-2024-08783,2024-10-21,2024,0049B00287000000,40.4704397556,-79.9590168681,Central Lawrenceville,150000,multifamily_5plus,8,Commercial,CONSTRUCTION OF 4 STORY SINGLE FAMILY ATTACHED DWELLING UNIT WITH INTEGRAL GARAGE AS PART OF 8 UNIT CLUSTER.
BP-2024-08785,2024-10-03,2024,0049B00287000000,40.4704397556,-79.9590168681,Central Lawrenceville,150000,multifamily_5plus,8,Commercial,CONSTRUCTION OF 4 STORY SINGLE FAMILY ATTACHED DWELLING UNIT WITH INTEGRAL GARAGE AS PART OF 8 UNIT CLUSTER.
BP-2024-08786,2024-10-03,2024,0049B00287000000,40.4704397556,-79.9590168681,Central Lawrenceville,150000,multifamily_5plus,8,Commercial,CONSTRUCTION OF 4 STORY SINGLE FAMILY ATTACHED DWELLING UNIT WITH INTEGRAL GARAGE AS PART OF 8 UNIT CLUSTER.
BP-2024-08787,2024-09-16,2024,0049B00287000000,40.4704397556,-79.9590168681,Central Lawrenceville,150000,multifamily_5plus,8,Commercial,CONSTRUCTION OF 4 STORY SINGLE FAMILY ATTACHED DWELLING UNIT WITH INTEGRAL GARAGE AS PART OF 8 UNIT CLUSTER.
BP-2024-08788,2024-09-16,2024,0049B00287000000,40.4704397556,-79.9590168681,Central Lawrenceville,150000,multifamily_5plus,8,Commercial,CONSTRUCTION OF 4 STORY SINGLE FAMILY ATTACHED DWELLING UNIT WITH INTEGRAL GARAGE AS PART OF 8 UNIT CLUSTER.
BP-2024-08789,2024-11-01,2024,0049B00300000000,40.4702381546,-79.9583813074,Central Lawrenceville,150000,2_unit,2,Commercial,CONSTRUCTION OF 4 STORY SINGLE FAMILY ATTACHED DWELLING UNIT WITH INTEGRAL GARAGE AS PART OF 2 UNIT CLUSTER.
BP-2024-08790,2024-11-01,2024,0049B00301000000,40.4701916967,-79.9583187082,Central Lawrenceville,150000,2_unit,2,Commercial,CONSTRUCTION OF 4 STORY SINGLE FAMILY ATTACHED DWELLING UNIT WITH INTEGRAL GARAGE AS PART OF 2 UNIT CLUSTER.
BP-2024-08791,2024-09-05,2024,0049B00287000000,40.4704397556,-79.9590168681,Central Lawrenceville,150000,2_unit,2,Commercial,CONSTRUCTION OF 4 STORY SINGLE FAMILY ATTACHED DWELLING UNIT WITH INTEGRAL GARAGE AS PART OF 2 UNIT CLUSTER.
BP-2024-08792,2024-09-05,2024,0049B00287000000,40.4704397556,-79.9590168681,Central Lawrenceville,150000,2_unit,2,Commercial,CONSTRUCTION OF 4 STORY SINGLE FAMILY ATTACHED DWELLING UNIT WITH INTEGRAL GARAGE AS PART OF 2 UNIT CLUSTER.
BP-2024-09599,2024-11-19,2024,0025K00261000000,40.4558327029,-79.976702153,Strip District,250000,townhouse,,Commercial,CONSTRUCTION OF FOUR STORY TOWNHOUSE WITH INTEGRAL GARAGE
BP-2024-09600,2024-11-19,2024,0025K00261000000,40.4558327029,-79.976702153,Strip District,250000,townhouse,,Commercial,CONSTRUCTION OF FOUR STORY TOWNHOUSE WITH INTEGRAL GARAGE
BP-2024-09601,2024-11-21,2024,0025K00261000000,40.4558327029,-79.976702153,Strip District,250000,townhouse,,Commercial,CONSTRUCTION OF 4 STORY TOWNHOUSE WITH INTEGRAL GARAGE
BP-2024-10699,2024-12-13,2024,0174G00392000000,40.4592081661,-79.8901196469,Homewood North,200000,2_unit,2,Residential,"CONSTRUCTION OF A THREE-STORY WOOD-FRAMED, TWO-FAMILY DWELLING WITH SECOND FLOOR FRONT PORCH AND REAR LANDING & STAIRS."
BP-2024-10700,2024-12-13,2024,0174G00394000000,40.4591881057,-79.8900314849,Homewood North,200000,2_unit,2,Residential,"CONSTRUCTION OF A THREE-STORY WOOD-FRAMED, TWO-FAMILY DWELLING WITH SECOND FLOOR FRONT PORCH AND REAR LANDING & STAIRS."
BP-2024-10701,2024-12-13,2024,0174G00396000000,40.4591688656,-79.8899454117,Homewood North,200000,2_unit,2,Residential,"CONSTRUCTION OF A THREE-STORY WOOD-FRAMED, TWO-FAMILY DWELLING WITH SECOND FLOOR FRONT PORCH AND REAR LANDING & STAIRS."
BP-2024-13989,2025-05-29,2025,0010C00100000000,40.4519346183,-79.9709651456,Bedford Dwellings,1664169,multifamily_5plus,9,Commercial,"CONSTRUCTION OF 3 STORY APARTMENT, BUILDING NUMBER A7 WITH 9 APARTMENTS (3) ONE BEDROOM AND (6) TWO BEDROOM UNITS"
BP-2024-13990,2025-05-29,2025,0010C00100000000,40.4519346183,-79.9709651456,Bedford Dwellings,2362895,multifamily_5plus,14,Commercial,CONSTRUCTION OF 3 STORY APARTMENT BUILDING NUMBER A6 WITH 14 APARTMENTS (8) ONE BEDROOM AND (6) TWO BEDROOM UNITS
BP-2024-13991,2025-05-29,2025,0010C00100000000,40.4519346183,-79.9709651456,Bedford Dwellings,2102324,multifamily_5plus,9,Commercial,CONSTRUCTION OF 3 STORY APARTMENT BUILDING NUMBER A4 WITH 9 APARTMENTS (3) TWO BEDROOM AND (6) THREE BEDROOM UNITS
BP-2024-13992,2025-05-29,2025,0010C00100000000,40.4519346183,-79.9709651456,Bedford Dwellings,2102324,multifamily_5plus,9,Commercial,CONSTRUCTION OF 3 STORY APARTMENT BUILDING NO A3 WITH 9 APARTMENTS (3) TWO BEDROOM AND (6) THREE BEDROOM UNITS
BP-2024-13993,2025-05-29,2025,0010C00100000000,40.4519346183,-79.9709651456,Bedford Dwellings,257838,single_family,1,Residential,"NEW THREE BEDROOM TWO STORY SINGLE FAMILY ATTACHED DWELLING, UNIT 100 IN BUILDING A1 (GROUP OF 4 TOWN HOMES)"
BP-2024-13994,2025-05-29,2025,0010C00100000000,40.4519346183,-79.9709651456,Bedford Dwellings,257838,single_family,1,Residential,"NEW THREE BEDROOM TWO STORY SINGLE FAMILY ATTACHED DWELLING, UNIT 101 IN BUILDING A1 (GROUP OF 4 TOWN HOMES)"
BP-2024-13995,2025-05-29,2025,0010C00100000000,40.4519346183,-79.9709651456,Bedford Dwellings,257838,single_family,1,Residential,"NEW THREE BEDROOM TWO STORY SINGLE FAMILY ATTACHED DWELLING, UNIT 102 IN BUILDING A1 (GROUP OF 4 TOWN HOMES)"
BP-2024-13996,2025-05-29,2025,0010C00100000000,40.4519346183,-79.9709651456,Bedford Dwellings,257838,single_family,1,Residential,"NEW THREE BEDROOM TWO STORY SINGLE FAMILY ATTACHED DWELLING, UNIT 103 IN BUILDING A1 (GROUP OF 4 TOWN HOMES)"
BP-2024-13997,2025-05-29,2025,0010C00100000000,40.4519346183,-79.9709651456,Bedford Dwellings,276792,single_family,1,Residential,"NEW FOUR BEDROOM THREE STORY SINGLE FAMILY ATTACHED DWELLING, UNIT 200 IN BUILDING A2 (GROUP OF 6 TOWN HOMES)"
BP-2024-13998,2025-05-29,2025,0010C00100000000,40.4519346183,-79.9709651456,Bedford Dwellings,276792,single_family,1,Residential,"NEW FOUR BEDROOM THREE STORY SINGLE FAMILY ATTACHED DWELLING, UNIT 201 IN BUILDING A2 (GROUP OF 6 TOWN HOMES)"
BP-2024-13999,2025-05-29,2025,0010C00100000000,40.4519346183,-79.9709651456,Bedford Dwellings,276792,single_family,1,Residential,"NEW THREE BEDROOM TWO STORY SINGLE FAMILY ATTACHED DWELLING, UNIT 202 IN BUILDING A2 (GROUP OF 6 TOWN HOMES)"
BP-2024-14000,2025-05-29,2025,0010C00100000000,40.4519346183,-79.9709651456,Bedford Dwellings,276792,single_family,1,Residential,"NEW THREE BEDROOM TWO STORY SINGLE FAMILY ATTACHED DWELLING, UNIT 203 IN BUILDING A2 (GROUP OF 6 TOWN HOMES)"
BP-2024-14001,2025-05-29,2025,0010C00100000000,40.4519346183,-79.9709651456,Bedford Dwellings,276792,single_family,1,Residential,"NEW THREE BEDROOM TWO STORY SINGLE FAMILY ATTACHED DWELLING, UNIT 204 IN BUILDING A2 (GROUP OF 6 TOWN HOMES)"
BP-2024-14002,2025-05-29,2025,0010C00100000000,40.4519346183,-79.9709651456,Bedford Dwellings,276792,single_family,1,Residential,"NEW THREE BEDROOM TWO STORY SINGLE FAMILY ATTACHED DWELLING, UNIT 205 IN BUILDING A2 (GROUP OF 6 TOWN HOMES)"
BP-2024-14003,2025-05-29,2025,0010C00100000000,40.4519346183,-79.9709651456,Bedford Dwellings,257839,single_family,1,Residential,"NEW THREE BEDROOM TWO STORY SINGLE FAMILY ATTACHED DWELLING, UNIT 500 IN BUILDING A5 (GROUP OF 6 TOWN HOMES)"
BP-2024-14004,2025-05-29,2025,0010C00100000000,40.4519346183,-79.9709651456,Bedford Dwellings,257839,single_family,1,Residential,"NEW THREE BEDROOM TWO STORY SINGLE FAMILY ATTACHED DWELLING, UNIT 501 IN BUILDING A5 (GROUP OF 6 TOWN HOMES)"
BP-2024-14005,2025-05-29,2025,0010C00100000000,40.4519346183,-79.9709651456,Bedford Dwellings,257839,single_family,1,Residential,"NEW THREE BEDROOM TWO STORY SINGLE FAMILY ATTACHED DWELLING, UNIT 502  IN BUILDING A5 (GROUP OF 6 TOWN HOMES)"
BP-2024-14006,2025-05-29,2025,0010C00100000000,40.4519346183,-79.9709651456,Bedford Dwellings,257839,single_family,1,Residential,"NEW THREE BEDROOM TWO STORY SINGLE FAMILY ATTACHED DWELLING, UNIT 503 IN BUILDING A5 (GROUP OF 6 TOWN HOMES)"
BP-2024-14007,2025-05-29,2025,0010C00100000000,40.4519346183,-79.9709651456,Bedford Dwellings,257839,single_family,1,Residential,"NEW THREE BEDROOM TWO STORY SINGLE FAMILY ATTACHED DWELLING, UNIT 504 IN BUILDING A5 (GROUP OF 6 TOWN HOMES)"
BP-2024-14008,2025-05-29,2025,0010C00100000000,40.4519346183,-79.9709651456,Bedford Dwellings,257839,single_family,1,Residential,"NEW THREE BEDROOM TWO STORY SINGLE FAMILY ATTACHED DWELLING, UNIT 505  IN BUILDING A5 (GROUP OF 6 TOWN HOMES)"
BP-2025-00108,2025-05-29,2025,0010C00100000000,40.4519346183,-79.9709651456,Bedford Dwellings,1,multifamily_5plus,13,Commercial,CONSTRUCTION OF 3 STORY APARTMENT BUILDING NUMBER A8 WITH 13 APARTMENTS (7) ONE BEDROOM AND (6) TWO BEDROOM UNITS
BP-2025-04951,2025-08-26,2025,0125B00283000000,40.4613497396,-79.9079767566,Larimer,500000,single_family,1,Residential,CONSTRUCITON OF SINGLE FAMILY ATTACHED DWELLING
BP-2025-07214,2026-09-14,2026,0010F00300000000,40.4495198705,-79.9763439431,Bedford Dwellings,1,multifamily_5plus,10,Commercial,"IN PHASE III OF BEDFORD DWELLING, NEW 3 STORY BUILDING WITH 1 AND 2 BEDROOM APARTMENTS (10 UNITS TOTAL ) 1 TYPE A AND 5 TYPE B UNIT ON FIRST FLOOR"
BP-2025-07215,2026-09-14,2026,0010F00300000000,40.4495198705,-79.9763439431,Bedford Dwellings,1,multifamily_5plus,,Commercial,NEW 3 STORY BUILDING WITH 2 AND 3 BEDROOM UNITS (TOTAL 9) APARTMENTS  (1 TYPE A AND 2 TYPE B)
BP-2025-07216,2026-09-14,2026,0010F00400000000,40.4501701024,-79.9767810143,Bedford Dwellings,1,multifamily_5plus,,Commercial,NEW 3 STORY BUILDING E1  WITH 2 AND 3 BEDROOM UNITS (TOTAL 9) APARTMENTS  (2 TYPE A AND  1 TYPE B)
BP-2025-07217,2026-09-14,2026,0010F00400000000,40.4501701024,-79.9767810143,Bedford Dwellings,1,multifamily_5plus,,Commercial,NEW 3 STORY BUILDING E2  WITH 2 AND 3 BEDROOM UNITS (TOTAL 9) APARTMENTS  (2 TYPE A AND 1 TYPE B)
BP-2025-07218,2026-09-14,2026,0010F00400000000,40.4501701024,-79.9767810143,Bedford Dwellings,1,multifamily_5plus,,Commercial,CONSTRUCTION OF 3 STORY BUILDING E3  WITH 2 AND 3 BEDROOM UNITS (TOTAL 9) APARTMENTS  (3 TYPE B)
BP-2025-07219,2026-09-14,2026,0010F00300000000,40.4495198705,-79.9763439431,Bedford Dwellings,1,single_family,1,Residential,"NEW THREE STORY, THREE BEDROOM SINGLE FAMILY ATTACHED DWELLING, UNIT 100 IN BUILDING A (GROUP OF 7 TOWN HOMES)"
BP-2025-07220,2026-09-14,2026,0010F00300000000,40.4495198705,-79.9763439431,Bedford Dwellings,1,single_family,1,Residential,"NEW THREE STORY, THREE BEDROOM SINGLE FAMILY ATTACHED DWELLING, UNIT 101 IN BUILDING A (GROUP OF 7 TOWN HOMES)"
BP-2025-07221,2026-09-14,2026,0010F00300000000,40.4495198705,-79.9763439431,Bedford Dwellings,1,single_family,1,Residential,"NEW THREE STORY, THREE BEDROOM SINGLE FAMILY ATTACHED DWELLING, UNIT 102 IN BUILDING A (GROUP OF 7 TOWN HOMES)"
BP-2025-07222,2026-09-14,2026,0010F00300000000,40.4495198705,-79.9763439431,Bedford Dwellings,1,single_family,1,Residential,"NEW THREE STORY, THREE BEDROOM SINGLE FAMILY ATTACHED DWELLING, UNIT 103 IN BUILDING A (GROUP OF 7 TOWN HOMES)"
BP-2025-07223,2026-09-14,2026,0010F00300000000,40.4495198705,-79.9763439431,Bedford Dwellings,1,single_family,1,Residential,"NEW THREE STORY, THREE BEDROOM SINGLE FAMILY ATTACHED DWELLING, UNIT 104 IN BUILDING A (GROUP OF 7 TOWN HOMES)"
BP-2025-07224,2026-09-14,2026,0010F00300000000,40.4495198705,-79.9763439431,Bedford Dwellings,1,single_family,1,Residential,"NEW THREE STORY, THREE BEDROOM SINGLE FAMILY ATTACHED DWELLING, UNIT 105 IN BUILDING A (GROUP OF 7 TOWN HOMES)"
BP-2025-07225,2026-09-14,2026,0010F00300000000,40.4495198705,-79.9763439431,Bedford Dwellings,1,single_family,1,Residential,"NEW THREE STORY, THREE BEDROOM SINGLE FAMILY ATTACHED DWELLING, UNIT 106 IN BUILDING A (GROUP OF 7 TOWN HOMES)"
BP-2025-09222,2026-01-27,2026,0084M00036000000,40.4567829891,-79.9200493342,Shadyside,337052,townhouse,,Residential,NEW CONSTRUCTION OF 3-STORY TOWNHOME WITH INTEGRAL GARAGE AND DECKS
BP-2025-09223,2026-01-27,2026,0084M00036000000,40.4567829891,-79.9200493342,Shadyside,337052,townhouse,,Residential,NEW CONSTRUCTION OF 3-STORY TOWNHOME WITH INTEGRAL GARAGE AND DECKS
BP-2025-09224,2026-01-27,2026,0084M00036000000,40.4567829891,-79.9200493342,Shadyside,337052,townhouse,,Residential,NEW CONSTRUCTION OF 3-STORY TOWNHOME WITH INTEGRAL GARAGE AND DECKS
BP-2026-00483,2026-04-06,2026,0084R00261000000,40.4551107705,-79.9232347759,Shadyside,276559,townhouse,,Residential,"NEW TOWNHOUSE INCLUDING FOUNDATION, WALLS, DOORS, AND FINSIHES."
BP-2026-00484,2026-04-06,2026,0084R00261000000,40.4551107705,-79.9232347759,Shadyside,276559,townhouse,,Residential,"NEW TOWNHOUSE INCLUDING FOUNDATION, WALLS, DOORS, AND FINSIHES."
BP-2026-00485,2026-04-06,2026,0084R00261000000,40.4551107705,-79.9232347759,Shadyside,276559,townhouse,,Residential,"NEW TOWNHOUSE INCLUDING FOUNDATION, WALLS, DOORS, AND FINSIHES."
BP-2026-00486,2026-04-06,2026,0084R00261000000,40.4551107705,-79.9232347759,Shadyside,276559,townhouse,,Residential,"NEW TOWNHOUSE INCLUDING FOUNDATION, WALLS, DOORS, AND FINSIHES."
BP-2026-00487,2026-04-06,2026,0084R00261000000,40.4551107705,-79.9232347759,Shadyside,276559,townhouse,,Residential,"NEW TOWNHOUSE INCLUDING FOUNDATION, WALLS, DOORS, AND FINSIHES."
BP-2026-00488,2026-04-06,2026,0084R00261000000,40.4551107705,-79.9232347759,Shadyside,276559,townhouse,,Residential,"NEW TOWNHOUSE INCLUDING FOUNDATION, WALLS, DOORS, AND FINSIHES."
BP-2026-00489,2026-04-06,2026,0084R00261000000,40.4551107705,-79.9232347759,Shadyside,276559,townhouse,,Residential,"NEW TOWNHOUSE INCLUDING FOUNDATION, WALLS, DOORS, AND FINSIHES."
BP-2026-00490,2026-04-06,2026,0084R00261000000,40.4551107705,-79.9232347759,Shadyside,276559,townhouse,,Residential,"NEW TOWNHOUSE INCLUDING FOUNDATION, WALLS, DOORS, AND FINSIHES."
BP-2026-00491,2026-04-06,2026,0084R00261000000,40.4551107705,-79.9232347759,Shadyside,276559,townhouse,,Residential,"NEW TOWNHOUSE INCLUDING FOUNDATION, WALLS, DOORS, AND FINSIHES."
BP-2026-00492,2026-04-06,2026,0084R00261000000,40.4551107705,-79.9232347759,Shadyside,276559,townhouse,,Residential,"NEW TOWNHOUSE INCLUDING FOUNDATION, WALLS, DOORS, AND FINSIHES."
BP-2026-00493,2026-04-06,2026,0084R00261000000,40.4551107705,-79.9232347759,Shadyside,276559,townhouse,,Residential,"NEW TOWNHOUSE INCLUDING FOUNDATION, WALLS, DOORS, AND FINSIHES."
BP-2026-00494,2026-04-06,2026,0084R00261000000,40.4551107705,-79.9232347759,Shadyside,276559,townhouse,,Residential,"NEW TOWNHOUSE INCLUDING FOUNDATION, WALLS, DOORS, AND FINSIHES."
BP-2026-02194,2026-06-04,2026,0175B00058000000,40.451582516,-79.891364391,Homewood South,210000,single_family,1,Residential,"NEW CONSTRUCTION OF A DETACHED DWELLING, SITE WORK, SLAB ON GRADE, AND PARKING PAD"
BP-2026-02195,2026-06-04,2026,0175B00060000000,40.4515243871,-79.8912379308,Homewood South,210000,single_family,1,Residential,"NEW CONSTRUCTION OF A DETACHED DWELLING, SITE WORK, SLAB ON GRADE, AND PARKING PAD"
