geoid,land_sqmi,jobs_2023,jobs_2019,jobs_change,jobs_change_pct,jobs_per_sqmi,low_wage_jobs,mid_wage_jobs,high_wage_jobs,low_wage_share,jobs_retail,jobs_health,jobs_food_accommodation,jobs_manufacturing,jobs_education,jobs_professional,jobs_finance,resident_workers,resident_low_wage_workers,jobs_per_resident_worker,in_commuters_outside_county,in_commuters_outside_county_low_wage,in_commuter_share
420030103011,0.1068,91,93,-2,-0.022,852,9,5,77,0.099,0,0,10,79,0,0,0,163,28,0.56,39,4,0.429
420030103021,0.1037,2596,2961,-365,-0.123,25029,610,384,1602,0.235,39,119,319,2,1871,193,1,538,131,4.83,718,194,0.277
420030103022,0.1205,3897,4216,-319,-0.076,32347,543,944,2410,0.139,24,3194,19,85,0,146,0,140,40,27.84,1030,195,0.264
420030201001,0.1678,15586,14059,1527,0.109,92885,1494,1504,12588,0.096,60,203,850,13,1149,4392,4307,837,115,18.62,5130,565,0.329
420030201002,0.0711,7080,9958,-2878,-0.289,99583,540,896,5644,0.076,13,1078,310,0,169,2522,1382,552,81,12.83,2333,193,0.33
420030201003,0.0638,27997,18132,9865,0.544,438621,1417,2456,24124,0.051,347,414,961,15,73,3954,14057,331,46,84.58,9314,523,0.333
420030201004,0.1633,31525,30142,1383,0.046,193030,1406,3290,26829,0.045,111,430,1079,0,11,5298,14063,47,7,670.74,9977,489,0.316
420030201005,0.0853,4756,4770,-14,-0.003,55776,905,875,2976,0.19,67,110,913,84,171,283,1159,487,81,9.77,1582,286,0.333
420030203001,0.6142,9934,11218,-1284,-0.114,16173,1097,1719,7118,0.11,589,329,1159,550,228,2154,253,1085,104,9.16,2969,275,0.299
420030305001,0.143,294,325,-31,-0.095,2056,35,65,194,0.119,13,76,1,0,33,23,7,472,109,0.62,67,6,0.228
420030305002,0.1084,214,144,70,0.486,1975,76,67,71,0.355,81,65,2,0,0,23,8,453,105,0.47,80,31,0.374
420030305003,0.1068,2091,2554,-463,-0.181,19580,1048,330,713,0.501,0,6,635,0,0,139,228,348,64,6.01,550,219,0.263
420030402001,0.1244,5,16,-11,,40,0,1,4,0.0,0,2,0,0,0,2,0,248,60,0.02,0,0,0.0
420030402002,0.1091,9876,19756,-9880,-0.5,90487,800,1887,7189,0.081,5,8883,36,0,717,23,2,325,75,30.39,2802,282,0.284
420030404001,0.0281,720,718,2,0.003,25622,126,93,501,0.175,23,6,171,0,0,457,26,153,20,4.71,181,44,0.251
420030404002,0.0472,1068,522,546,1.046,22640,80,161,827,0.075,8,398,9,0,75,448,15,314,62,3.4,250,23,0.234
420030405001,0.104,3242,1707,1535,0.899,31187,615,648,1979,0.19,79,1463,722,1,9,40,11,304,74,10.66,983,249,0.303
420030405002,0.0788,1210,799,411,0.514,15353,201,270,739,0.166,48,795,174,0,2,3,29,326,89,3.71,368,69,0.304
420030406001,0.051,18,15,3,,353,9,3,6,0.5,3,0,8,0,0,1,0,268,75,0.07,5,4,0.278
420030406002,0.0463,79,60,19,0.317,1707,30,14,35,0.38,9,0,28,4,0,0,0,210,46,0.38,32,8,0.405
420030409001,0.1655,9869,8685,1184,0.136,59630,536,1691,7642,0.054,2,3201,40,0,1,157,4,461,114,21.41,1492,178,0.151
420030409002,0.0889,57,102,-45,-0.441,641,16,13,28,0.281,3,37,0,0,0,0,0,328,69,0.17,22,9,0.386
420030409003,0.0979,28,29,-1,,286,6,5,17,0.214,0,0,0,0,0,0,1,202,39,0.14,6,3,0.214
420030501001,0.119,157,255,-98,-0.384,1319,47,35,75,0.299,2,36,2,0,29,0,5,389,92,0.4,14,7,0.089
420030501002,0.1861,114,99,15,0.152,612,34,51,29,0.298,7,57,1,0,29,0,3,381,92,0.3,8,1,0.07
420030506001,0.1511,116,91,25,0.275,768,41,33,42,0.353,0,98,0,0,7,2,0,331,59,0.35,15,5,0.129
420030506002,0.1594,114,225,-111,-0.493,715,14,24,76,0.123,0,11,0,0,77,0,0,501,117,0.23,11,0,0.096
420030509001,0.1757,101,90,11,0.122,575,8,29,64,0.079,1,20,0,13,38,0,0,531,175,0.19,19,1,0.188
420030510001,0.0945,30,37,-7,,317,3,6,21,0.1,0,13,0,0,0,0,0,284,80,0.11,3,0,0.1
420030510002,0.155,43,81,-38,-0.469,277,11,22,10,0.256,0,8,35,0,0,0,0,251,64,0.17,9,2,0.209
420030511001,0.0751,185,40,145,,2462,5,8,172,0.027,0,25,0,0,0,0,160,229,74,0.81,60,1,0.324
420030603001,0.1501,529,507,22,0.043,3525,73,120,336,0.138,0,0,85,93,0,16,0,596,71,0.89,173,17,0.327
420030603002,0.2811,1813,1955,-142,-0.073,6450,400,408,1005,0.221,90,107,221,124,166,203,34,969,98,1.87,468,107,0.258
420030605001,0.1573,767,621,146,0.235,4877,115,135,517,0.15,17,3,45,23,0,213,0,320,60,2.4,217,29,0.283
420030605002,0.0989,46,81,-35,-0.432,465,6,6,34,0.13,0,1,4,12,0,1,0,281,51,0.16,11,1,0.239
420030703001,0.039,426,530,-104,-0.196,10931,139,121,166,0.326,107,19,167,13,29,12,17,263,26,1.62,90,35,0.211
420030703002,0.0438,807,934,-127,-0.136,18429,227,249,331,0.281,292,113,205,0,0,20,0,317,68,2.55,185,62,0.229
420030703003,0.0827,278,301,-23,-0.076,3362,91,73,114,0.327,23,27,77,0,6,39,35,288,47,0.97,59,26,0.212
420030705001,0.0558,46,42,4,,824,1,15,30,0.022,17,5,0,0,0,15,0,538,69,0.09,14,0,0.304
420030705002,0.0277,58,43,15,,2093,14,18,26,0.241,0,9,29,0,0,4,3,312,41,0.19,20,5,0.345
420030705003,0.0758,1185,2275,-1090,-0.479,15629,355,292,538,0.3,97,284,498,0,0,122,3,485,59,2.44,313,102,0.264
420030706001,0.0559,159,183,-24,-0.131,2846,46,35,78,0.289,0,12,0,0,69,11,0,374,43,0.43,29,10,0.182
420030706002,0.056,79,86,-7,-0.081,1411,11,22,46,0.139,1,1,1,2,41,2,0,475,61,0.17,18,3,0.228
420030708001,0.0719,527,590,-63,-0.107,7325,117,109,301,0.222,30,80,135,9,2,135,3,524,44,1.01,151,36,0.287
420030708002,0.1005,1054,403,651,1.615,10487,89,108,857,0.084,0,134,2,1,148,592,3,681,63,1.55,312,16,0.296
420030709001,0.1184,5725,6267,-542,-0.086,48362,451,1356,3918,0.079,380,4750,52,0,6,246,13,588,75,9.74,1632,164,0.285
420030709002,0.0528,114,93,21,0.226,2158,10,34,70,0.088,0,92,6,0,0,0,0,222,24,0.51,28,3,0.246
420030709003,0.086,39,57,-18,-0.316,454,8,14,17,0.205,0,3,0,0,2,2,0,248,31,0.16,8,2,0.205
420030709004,0.0539,283,266,17,0.064,5248,43,45,195,0.152,2,12,2,0,175,22,38,404,31,0.7,82,13,0.29
420030802001,0.0977,227,289,-62,-0.215,2323,56,64,107,0.247,20,16,63,0,0,5,7,597,81,0.38,90,13,0.396
420030802002,0.0353,67,83,-16,-0.193,1897,20,28,19,0.299,5,3,33,0,0,0,2,349,52,0.19,16,4,0.239
420030804001,0.0874,436,671,-235,-0.35,4989,77,140,219,0.177,4,260,79,0,29,14,14,477,87,0.91,139,21,0.319
420030804002,0.0788,1072,1162,-90,-0.077,13606,174,279,619,0.162,301,359,134,6,0,57,0,296,54,3.62,299,46,0.279
420030806001,0.0905,107,72,35,0.486,1182,28,24,55,0.262,6,26,0,0,41,7,0,711,98,0.15,29,1,0.271
420030806002,0.0658,450,333,117,0.351,6834,151,134,165,0.336,52,117,212,2,0,2,14,342,52,1.32,105,36,0.233
420030807001,0.0509,161,147,14,0.095,3161,17,40,104,0.106,10,39,0,0,86,7,0,411,78,0.39,35,5,0.217
420030807002,0.0553,298,277,21,0.076,5392,34,85,179,0.114,55,44,0,0,0,77,0,532,80,0.56,102,15,0.342
420030809001,0.0856,3454,2992,462,0.154,40344,326,666,2462,0.094,29,3291,41,11,0,9,30,538,76,6.42,1080,107,0.313
420030809002,0.0612,330,436,-106,-0.243,5393,87,72,171,0.264,42,138,29,0,59,29,0,438,59,0.75,95,25,0.288
420030901001,0.1195,1075,945,130,0.138,8997,163,220,692,0.152,57,6,177,321,0,182,5,609,57,1.77,250,34,0.233
420030901002,0.1401,900,587,313,0.533,6422,164,173,563,0.182,45,101,239,132,0,66,23,507,66,1.78,192,36,0.213
420030902001,0.0618,325,325,0,0.0,5263,94,107,124,0.289,23,50,96,3,0,11,0,453,63,0.72,88,33,0.271
420030902002,0.083,5318,3747,1571,0.419,64079,483,1154,3681,0.091,0,4749,164,0,0,11,1,593,77,8.97,1530,190,0.288
420030902003,0.0276,257,212,45,0.212,9312,36,82,139,0.14,15,231,5,0,0,0,0,331,49,0.78,80,10,0.311
420030903001,0.0428,210,205,5,0.024,4911,70,74,66,0.333,25,30,137,0,0,4,0,403,56,0.52,37,11,0.176
420030903002,0.0569,322,348,-26,-0.075,5662,40,96,186,0.124,48,15,63,19,37,66,4,357,47,0.9,37,4,0.115
420031005001,0.1304,96,119,-23,-0.193,736,23,15,58,0.24,0,30,0,0,37,1,0,393,69,0.24,12,4,0.125
420031005002,0.1456,44,21,23,,302,17,19,8,0.386,0,43,0,0,0,0,0,595,109,0.07,2,0,0.045
420031011001,0.0612,25,9,16,,409,4,2,19,0.16,0,4,0,0,0,7,0,728,102,0.03,9,2,0.36
420031011002,0.2478,1077,1114,-37,-0.033,4346,261,258,558,0.242,110,274,94,113,0,28,11,354,38,3.04,289,58,0.268
420031011003,0.0964,171,125,46,0.368,1775,57,62,52,0.333,57,4,0,12,0,3,0,342,52,0.5,44,9,0.257
420031014001,0.2199,165,171,-6,-0.035,750,62,48,55,0.376,29,10,18,0,0,6,0,609,80,0.27,41,9,0.248
420031014002,0.0447,41,12,29,,917,9,15,17,0.22,3,17,0,0,7,0,0,332,38,0.12,7,3,0.171
420031014003,0.0502,89,69,20,0.29,1774,12,39,38,0.135,3,56,0,0,0,8,0,405,66,0.22,7,1,0.079
420031014004,0.0577,9,7,2,,156,2,4,3,0.222,0,0,0,0,0,0,1,377,52,0.02,1,0,0.111
420031018001,0.1545,61,81,-20,-0.247,395,3,6,52,0.049,0,2,0,0,50,1,1,524,72,0.12,4,0,0.066
420031018002,0.3077,84,120,-36,-0.3,273,9,13,62,0.107,1,2,0,0,1,9,0,747,112,0.11,18,0,0.214
420031019001,0.1794,55,49,6,,307,10,19,26,0.182,0,44,0,0,0,11,0,444,95,0.12,6,0,0.109
420031019002,0.0842,295,116,179,1.543,3505,62,75,158,0.21,5,88,62,9,14,19,0,423,81,0.7,50,10,0.169
420031019003,0.0674,245,96,149,1.552,3636,61,55,129,0.249,0,168,0,0,0,0,0,280,54,0.88,47,8,0.192
420031102001,0.054,34,10,24,,630,9,6,19,0.265,6,7,0,0,0,0,0,315,48,0.11,5,2,0.147
420031102002,0.0561,244,247,-3,-0.012,4351,65,70,109,0.266,7,21,116,7,36,21,2,338,53,0.72,30,5,0.123
420031102003,0.1136,42,36,6,,370,13,6,23,0.31,0,0,0,8,15,0,0,595,82,0.07,10,1,0.238
420031102004,0.0876,46,28,18,,525,8,12,26,0.174,6,12,0,1,0,14,0,636,98,0.07,6,0,0.13
420031106001,0.1058,21,35,-14,,199,3,10,8,0.143,0,3,0,3,0,8,0,502,61,0.04,3,1,0.143
420031106002,0.0879,77,32,45,,876,14,24,39,0.182,0,39,0,0,0,12,0,393,46,0.2,13,1,0.169
420031106003,0.0525,0,4,-4,,0,0,0,0,,0,0,0,0,0,0,0,324,52,0.0,0,0,
420031113001,0.0613,61,12,49,,995,13,18,30,0.213,0,45,0,0,0,15,0,321,44,0.19,11,2,0.18
420031113002,0.0504,244,250,-6,-0.024,4840,21,50,173,0.086,1,103,0,1,98,33,0,316,48,0.77,45,3,0.184
420031113003,0.0349,8,22,-14,,229,4,1,3,0.5,0,3,0,0,0,0,0,275,35,0.03,2,0,0.25
420031113004,0.0621,134,132,2,0.015,2159,27,20,87,0.201,4,0,3,0,102,2,0,275,38,0.49,19,3,0.142
420031114001,0.06,350,112,238,2.125,5833,29,78,243,0.083,15,10,24,0,263,21,0,252,58,1.39,48,3,0.137
420031114002,0.0665,149,158,-9,-0.057,2241,43,48,58,0.289,0,66,38,4,2,26,0,376,71,0.4,31,10,0.208
420031115001,0.0949,1754,1195,559,0.468,18492,393,749,612,0.224,415,71,88,0,101,33,0,469,77,3.74,516,109,0.294
420031115002,0.17,5280,3405,1875,0.551,31051,976,1643,2661,0.185,466,2571,332,44,33,332,128,551,93,9.58,1630,334,0.309
420031115003,0.1078,741,864,-123,-0.142,6874,241,273,227,0.325,465,39,93,2,4,49,0,342,93,2.17,222,80,0.3
420031203001,0.2998,54,102,-48,-0.471,180,21,22,11,0.389,0,3,12,0,0,4,0,418,89,0.13,19,7,0.352
420031203002,0.117,16,13,3,,137,6,4,6,0.375,11,4,0,0,0,0,0,233,55,0.07,6,3,0.375
420031209001,0.1689,255,236,19,0.081,1510,44,74,137,0.173,18,48,0,1,73,8,0,193,40,1.32,81,16,0.318
420031209002,0.2763,3648,3180,468,0.147,13201,451,526,2671,0.124,130,560,279,183,29,117,49,365,79,9.99,918,106,0.252
420031302001,0.0626,39,41,-2,,623,1,4,34,0.026,0,5,0,0,34,0,0,212,51,0.18,5,0,0.128
420031302002,0.0719,20,11,9,,278,5,9,6,0.25,1,2,4,0,0,0,0,226,52,0.09,6,3,0.3
420031306001,0.2712,270,291,-21,-0.072,995,38,88,144,0.141,7,212,2,0,0,0,0,373,108,0.72,59,9,0.219
420031306002,0.2694,147,92,55,0.598,546,18,73,56,0.122,0,51,0,44,33,0,0,667,173,0.22,15,1,0.102
420031307001,0.1724,11,20,-9,,64,6,4,1,0.545,0,1,10,0,0,0,0,275,100,0.04,0,0,0.0
420031307002,0.1256,11,12,-1,,88,4,7,0,0.364,0,9,0,0,0,0,0,255,68,0.04,1,1,0.091
420031307003,0.1952,306,333,-27,-0.081,1567,43,98,165,0.141,3,5,12,27,63,0,3,231,70,1.32,43,5,0.141
420031308001,0.1104,33,8,25,,299,4,13,16,0.121,0,4,2,0,0,0,0,214,57,0.15,6,1,0.182
420031308002,0.1416,234,275,-41,-0.149,1653,53,79,102,0.226,3,131,4,0,12,2,2,279,67,0.84,34,2,0.145
420031308003,0.1352,212,230,-18,-0.078,1569,43,54,115,0.203,10,37,3,11,81,5,0,259,64,0.82,22,3,0.104
420031401001,0.3559,6341,6026,315,0.052,17815,537,676,5128,0.085,0,2,255,6,5300,266,3,858,98,7.39,978,109,0.154
420031401002,0.1726,226,159,67,0.421,1310,47,46,133,0.208,1,3,0,0,21,90,0,418,46,0.54,34,9,0.15
420031401003,0.0382,0,26,-26,,0,0,0,0,,0,0,0,0,0,0,0,1,0,0.0,0,0,
420031402001,0.1634,116,46,70,,710,27,28,61,0.233,0,0,31,0,0,3,0,411,62,0.28,43,15,0.371
420031402002,0.1298,38,62,-24,-0.387,293,4,11,23,0.105,0,2,0,1,0,7,0,409,60,0.09,9,1,0.237
420031403001,0.0594,95,53,42,0.792,1599,35,25,35,0.368,0,32,30,0,0,15,0,328,36,0.29,23,7,0.242
420031403002,0.0986,327,704,-377,-0.536,3318,97,121,109,0.297,31,57,91,17,33,7,2,402,39,0.81,90,29,0.275
420031403003,0.0942,688,638,50,0.078,7302,52,213,423,0.076,21,154,0,0,294,131,0,296,38,2.32,220,14,0.32
420031403004,0.0369,0,3,-3,,0,0,0,0,,0,0,0,0,0,0,0,26,6,0.0,0,0,
420031403005,0.0746,264,99,165,1.667,3538,44,68,152,0.167,0,66,0,0,0,16,45,341,58,0.77,86,13,0.326
420031404001,0.0813,20,43,-23,,246,4,6,10,0.2,0,0,0,0,0,7,0,318,35,0.06,3,0,0.15
420031404002,0.077,141,132,9,0.068,1831,24,44,73,0.17,11,23,29,0,42,16,0,314,34,0.45,20,4,0.142
420031404003,0.1641,135,125,10,0.08,822,35,44,56,0.259,8,2,31,2,17,47,0,445,58,0.3,25,7,0.185
420031405001,0.1511,1101,740,361,0.488,7286,152,232,717,0.138,146,179,5,172,38,145,5,376,63,2.93,224,27,0.203
420031405002,0.1508,136,121,15,0.124,902,30,29,77,0.221,5,9,0,40,0,24,0,621,105,0.22,32,11,0.235
420031408001,0.2355,359,367,-8,-0.022,1524,22,48,289,0.061,8,7,8,0,264,13,0,756,96,0.47,70,5,0.195
420031408002,0.1434,1373,897,476,0.531,9577,261,276,836,0.19,229,87,255,8,4,36,72,645,91,2.13,587,48,0.428
420031408003,0.0416,115,66,49,0.742,2764,30,27,58,0.261,12,38,9,0,0,0,13,331,49,0.35,33,6,0.287
420031411001,0.4763,48,34,14,,101,11,15,22,0.229,4,6,0,0,8,8,4,721,131,0.07,10,2,0.208
420031412001,0.1135,1,138,-137,-0.993,9,0,0,1,0.0,0,0,0,0,0,0,0,10,2,0.1,0,0,0.0
420031412002,0.2785,364,373,-9,-0.024,1307,108,94,162,0.297,46,40,36,0,89,28,0,1220,185,0.3,69,22,0.19
420031412003,0.1471,114,121,-7,-0.058,775,28,27,59,0.246,10,6,0,0,60,14,0,605,81,0.19,22,4,0.193
420031413001,0.1511,1009,1167,-158,-0.135,6676,280,258,471,0.278,91,391,112,0,107,176,55,521,85,1.94,258,74,0.256
420031413002,0.1145,81,43,38,,708,5,17,59,0.062,0,49,0,0,0,8,0,496,81,0.16,22,1,0.272
420031413003,0.0782,732,645,87,0.135,9355,205,302,225,0.28,6,521,123,15,0,43,3,685,104,1.07,136,40,0.186
420031414001,0.1071,59,75,-16,-0.213,551,4,7,48,0.068,0,3,0,3,39,3,0,409,61,0.14,9,0,0.153
420031414002,0.067,8,13,-5,,119,2,5,1,0.25,0,3,0,0,0,2,0,289,40,0.03,2,0,0.25
420031414003,0.1138,23,25,-2,,202,8,4,11,0.348,0,6,0,0,0,6,2,443,73,0.05,3,1,0.13
420031414004,0.4386,627,873,-246,-0.282,1429,175,225,227,0.279,92,238,135,84,0,8,0,820,122,0.76,150,44,0.239
420031414005,0.0563,222,215,7,0.033,3943,28,41,153,0.126,33,68,5,0,5,31,3,402,63,0.55,42,4,0.189
420031516001,0.0979,82,113,-31,-0.274,837,34,18,30,0.415,0,8,19,0,0,8,10,591,71,0.14,17,5,0.207
420031516002,0.2184,96,121,-25,-0.207,440,21,24,51,0.219,6,1,20,0,35,1,0,623,104,0.15,21,3,0.219
420031517001,0.0828,639,682,-43,-0.063,7721,170,283,186,0.266,130,453,23,0,0,6,6,410,66,1.56,122,34,0.191
420031517002,0.112,112,107,5,0.047,1000,33,41,38,0.295,24,40,18,0,1,2,0,295,44,0.38,18,7,0.161
420031517003,0.0631,12,5,7,,190,0,4,8,0.0,0,1,0,0,0,1,0,314,52,0.04,1,0,0.083
420031517004,0.0607,6,29,-23,,99,1,2,3,0.167,0,0,0,0,0,2,0,330,55,0.02,2,0,0.333
420031517005,0.0622,149,65,84,1.292,2394,29,50,70,0.195,10,64,19,0,0,29,1,429,61,0.35,28,7,0.188
420031517006,0.0774,16,16,0,,207,0,5,11,0.0,0,6,0,0,0,3,0,523,97,0.03,2,0,0.125
420031608001,0.3,484,646,-162,-0.251,1613,62,95,327,0.128,86,55,6,73,0,33,0,1008,181,0.48,120,22,0.248
420031608002,0.0976,3,8,-5,,31,1,0,2,0.333,0,0,0,0,0,0,0,355,62,0.01,0,0,0.0
420031609001,0.1567,6173,2576,3597,1.396,39390,622,1164,4387,0.101,283,579,336,242,37,843,34,493,72,12.52,1865,179,0.302
420031609002,0.2666,2512,3012,-500,-0.166,9423,385,521,1606,0.153,231,506,203,61,118,189,102,700,132,3.59,726,118,0.289
420031609003,0.0592,488,670,-182,-0.272,8250,148,131,209,0.303,28,61,85,128,16,21,4,440,61,1.11,136,40,0.279
420031610001,1.0216,105,130,-25,-0.192,103,22,18,65,0.21,6,10,11,0,57,0,0,1195,221,0.09,17,3,0.162
420031702001,0.1555,3947,2539,1408,0.555,25383,910,923,2114,0.231,120,1093,283,29,19,254,21,341,57,11.57,1430,288,0.362
420031702002,0.1343,986,1550,-564,-0.364,7344,190,240,556,0.193,295,103,152,39,0,24,0,357,58,2.76,355,68,0.36
420031702003,0.0698,421,445,-24,-0.054,6031,119,127,175,0.283,14,9,232,0,3,85,19,548,84,0.77,156,50,0.371
420031702004,0.0716,478,622,-144,-0.232,6679,106,99,273,0.222,26,90,107,0,18,125,24,562,100,0.85,171,35,0.358
420031706001,0.194,41,43,-2,,211,12,15,14,0.293,2,0,0,7,0,4,0,586,111,0.07,5,1,0.122
420031706002,0.1285,46,11,35,,358,2,10,34,0.043,0,1,0,4,0,0,0,357,59,0.13,9,0,0.196
420031803001,0.1827,88,98,-10,-0.102,482,22,22,44,0.25,7,21,15,0,34,8,0,423,82,0.21,12,3,0.136
420031803002,0.0598,180,182,-2,-0.011,3008,48,59,73,0.267,21,20,61,1,0,3,1,281,51,0.64,34,13,0.189
420031803003,0.0541,5,3,2,,92,0,5,0,0.0,0,5,0,0,0,0,0,277,63,0.02,0,0,0.0
420031807001,0.05,56,54,2,0.037,1121,21,21,14,0.375,30,6,14,0,0,4,1,307,58,0.18,12,2,0.214
420031807002,0.0494,7,16,-9,,142,5,2,0,0.714,0,7,0,0,0,0,0,332,62,0.02,1,1,0.143
420031807003,0.0528,12,10,2,,227,2,7,3,0.167,0,7,0,0,0,0,0,372,80,0.03,2,1,0.167
420031903001,0.1726,205,228,-23,-0.101,1187,44,66,95,0.215,2,5,107,0,0,5,0,624,91,0.33,22,3,0.107
420031903002,0.1319,119,120,-1,-0.008,902,30,53,36,0.252,16,1,65,0,0,9,0,347,53,0.34,19,4,0.16
420031911001,0.2749,151,117,34,0.291,549,13,35,103,0.086,21,0,0,4,0,0,0,487,77,0.31,49,2,0.325
420031911002,0.3448,417,259,158,0.61,1210,64,92,261,0.153,4,17,134,0,31,3,139,796,84,0.52,80,5,0.192
420031914001,0.147,328,293,35,0.119,2232,119,138,71,0.363,106,0,128,15,0,15,23,709,121,0.46,65,16,0.198
420031914002,0.2193,88,66,22,0.333,401,20,39,29,0.227,30,11,11,30,0,0,0,702,120,0.13,17,2,0.193
420031915001,0.2037,116,153,-37,-0.242,569,17,14,85,0.147,0,1,9,0,0,0,0,377,67,0.31,26,6,0.224
420031915002,0.1062,68,45,23,,640,18,13,37,0.265,0,21,17,3,0,6,0,713,109,0.1,13,6,0.191
420031916001,0.4494,329,352,-23,-0.065,732,9,36,284,0.027,0,2,0,0,280,0,0,374,64,0.88,35,2,0.106
420031916002,0.1911,65,57,8,0.14,340,6,19,40,0.092,9,0,0,0,37,5,0,373,69,0.17,16,1,0.246
420031916003,0.0659,14,10,4,,213,2,2,10,0.143,0,2,0,6,0,5,0,324,63,0.04,4,1,0.286
420031916004,0.0653,69,32,37,,1057,4,13,52,0.058,0,11,4,0,38,0,0,389,71,0.18,7,1,0.101
420031916005,0.1623,122,96,26,0.271,752,57,33,32,0.467,30,21,54,0,0,0,0,497,98,0.25,45,21,0.369
420031917001,0.5689,737,801,-64,-0.08,1295,43,102,592,0.058,120,19,22,318,238,0,1,1074,179,0.69,135,4,0.183
420031917002,0.1512,258,249,9,0.036,1707,43,98,117,0.167,116,96,28,0,0,0,0,658,118,0.39,57,8,0.221
420031918001,0.0581,91,75,16,0.213,1566,36,36,19,0.396,17,2,31,13,0,3,2,412,56,0.22,19,5,0.209
420031918002,0.0584,50,5,45,,857,5,6,39,0.1,0,0,2,0,0,3,0,377,65,0.13,20,2,0.4
420031918003,0.0734,20,38,-18,,272,10,2,8,0.5,0,0,7,0,0,0,0,287,41,0.07,7,5,0.35
420031918004,0.0806,148,149,-1,-0.007,1836,30,42,76,0.203,31,21,24,23,47,0,0,378,64,0.39,31,7,0.209
420031918005,0.1012,434,305,129,0.423,4288,49,86,299,0.113,24,56,16,6,2,6,0,337,58,1.29,142,13,0.327
420031918006,0.1227,191,304,-113,-0.372,1557,16,46,129,0.084,5,3,0,0,50,41,0,497,79,0.38,40,2,0.209
420031918007,0.0682,51,41,10,,748,11,31,9,0.216,0,6,6,29,0,0,0,478,70,0.11,10,2,0.196
420031919001,0.0809,2,4,-2,,25,0,0,2,0.0,0,2,0,0,0,0,0,424,85,0.0,0,0,0.0
420031919002,0.0713,132,154,-22,-0.143,1853,51,25,56,0.386,12,10,84,0,0,3,0,397,76,0.33,24,9,0.182
420031919003,0.0829,91,163,-72,-0.442,1098,12,18,61,0.132,67,0,1,0,0,0,0,343,63,0.27,13,2,0.143
420031920001,0.1097,26,28,-2,,237,4,3,19,0.154,0,1,0,0,0,3,0,379,76,0.07,5,0,0.192
420031920002,0.0951,392,412,-20,-0.049,4121,85,102,205,0.217,260,34,97,0,0,0,0,308,50,1.27,76,19,0.194
420031920003,0.1736,227,60,167,2.783,1308,56,57,114,0.247,4,157,45,0,0,0,0,335,66,0.68,30,6,0.132
420031920004,0.0838,148,246,-98,-0.398,1766,22,52,74,0.149,4,5,19,0,10,0,3,447,78,0.33,21,1,0.142
420031920005,0.0632,45,24,21,,712,18,14,13,0.4,1,0,23,0,0,0,0,269,60,0.17,6,2,0.133
420032022001,0.2113,50,19,31,,237,6,22,22,0.12,0,2,3,21,3,13,0,657,112,0.08,10,3,0.2
420032022002,0.0601,7,25,-18,,117,5,2,0,0.714,0,0,4,0,0,0,0,232,34,0.03,4,3,0.571
420032022003,0.0711,10,7,3,,141,0,2,8,0.0,0,1,0,3,0,1,0,295,44,0.03,2,0,0.2
420032023001,0.1787,147,289,-142,-0.491,822,54,63,30,0.367,0,8,117,0,0,12,0,388,43,0.38,38,14,0.259
420032023002,0.2134,402,512,-110,-0.215,1884,106,148,148,0.264,196,9,62,0,0,60,25,525,84,0.77,105,24,0.261
420032023003,0.2605,882,781,101,0.129,3385,82,148,652,0.093,80,252,1,12,20,5,0,427,62,2.07,311,22,0.353
420032023004,0.3251,107,160,-53,-0.331,329,23,15,69,0.215,5,7,5,0,0,4,4,578,88,0.19,46,6,0.43
420032413001,0.2802,937,1155,-218,-0.189,3344,67,121,749,0.072,5,3,1,66,0,121,27,812,143,1.15,300,12,0.32
420032413002,0.1886,464,379,85,0.224,2460,71,87,306,0.153,9,3,33,54,212,92,13,530,88,0.88,152,16,0.328
420032413003,0.2671,288,255,33,0.129,1078,59,103,126,0.205,25,7,11,100,0,51,2,377,62,0.76,78,16,0.271
420032509001,0.1,13,80,-67,-0.838,130,1,4,8,0.077,4,2,0,0,0,0,0,266,57,0.05,2,1,0.154
420032509002,0.1485,273,1,272,,1838,7,19,247,0.026,1,0,0,0,0,0,272,221,45,1.24,85,3,0.311
420032602001,0.1879,24,5,19,,128,5,5,14,0.208,0,10,0,2,0,0,0,322,65,0.07,1,0,0.042
420032602002,0.3357,231,207,24,0.116,688,17,43,171,0.074,7,5,1,0,66,67,2,752,135,0.31,54,3,0.234
420032607001,0.1428,14,7,7,,98,2,4,8,0.143,0,7,1,0,0,1,0,328,63,0.04,3,0,0.214
420032607002,0.1164,17,21,-4,,146,1,10,6,0.059,4,3,0,0,0,6,0,519,92,0.03,1,0,0.059
420032613001,0.3138,34,32,2,,108,1,8,25,0.029,0,34,0,0,0,0,0,542,146,0.06,7,0,0.206
420032613002,0.4419,323,311,12,0.039,731,19,28,276,0.059,9,1,0,0,0,47,0,520,117,0.62,116,4,0.359
420032614001,0.1183,96,93,3,0.032,811,15,33,48,0.156,0,4,0,88,0,0,0,248,64,0.39,15,3,0.156
420032614002,0.1365,153,112,41,0.366,1121,13,24,116,0.085,0,1,0,0,144,0,4,196,44,0.78,33,3,0.216
420032614003,0.0858,24,8,16,,280,6,3,15,0.25,0,1,0,0,17,1,0,216,47,0.11,7,2,0.292
420032614004,0.1272,141,150,-9,-0.06,1109,27,55,59,0.191,0,127,0,0,0,3,0,212,54,0.67,30,4,0.213
420032615001,0.1355,16,15,1,,118,6,6,4,0.375,3,7,0,0,0,0,0,331,73,0.05,7,3,0.438
420032615002,0.3029,336,494,-158,-0.32,1109,30,72,234,0.089,0,36,0,0,265,1,0,366,81,0.92,105,11,0.312
420032620001,0.2354,74,70,4,0.057,314,7,11,56,0.095,0,8,0,6,43,0,0,458,81,0.16,14,3,0.189
420032620002,0.0707,73,98,-25,-0.255,1032,17,24,32,0.233,0,67,0,0,0,0,0,313,64,0.23,10,2,0.137
420032620003,0.3302,21,16,5,,64,5,5,11,0.238,0,10,0,3,0,1,0,259,49,0.08,1,0,0.048
420032701001,0.1681,113,48,65,,672,45,32,36,0.398,3,6,0,0,0,22,2,793,119,0.14,45,23,0.398
420032701002,0.2333,52,56,-4,-0.071,223,19,22,11,0.365,10,12,11,10,0,0,0,522,89,0.1,11,4,0.212
420032703001,0.1493,82,85,-3,-0.035,549,36,25,21,0.439,0,22,10,0,0,0,0,484,90,0.17,15,4,0.183
420032703002,0.0797,57,66,-9,-0.136,716,10,10,37,0.175,0,7,0,0,40,0,0,365,73,0.16,12,2,0.211
420032708001,0.1239,162,185,-23,-0.124,1308,46,61,55,0.284,4,103,0,0,23,0,0,386,52,0.42,29,8,0.179
420032708002,0.1221,31,38,-7,,254,15,6,10,0.484,18,1,7,0,0,0,5,529,98,0.06,9,6,0.29
420032708003,0.2447,4,22,-18,,16,0,1,3,0.0,0,0,0,0,0,3,0,480,72,0.01,0,0,0.0
420032716001,0.2547,62,45,17,,243,29,21,12,0.468,11,5,4,0,0,0,0,368,89,0.17,19,7,0.306
420032716002,0.1337,310,374,-64,-0.171,2318,58,104,148,0.187,61,126,2,24,0,1,3,525,112,0.59,68,5,0.219
420032716003,0.15,9,34,-25,,60,7,1,1,0.778,1,3,3,0,0,0,0,518,144,0.02,1,1,0.111
420032716004,0.1527,89,107,-18,-0.168,583,2,22,65,0.022,5,8,0,2,40,0,32,373,76,0.24,23,0,0.258
420032814001,0.1344,9,4,5,,67,1,2,6,0.111,1,2,0,0,0,0,0,360,68,0.03,3,0,0.333
420032814002,0.3787,152,115,37,0.322,401,8,26,118,0.053,6,4,2,4,119,0,0,685,137,0.22,20,2,0.132
420032815001,0.1174,54,32,22,,460,13,15,26,0.241,0,0,0,0,0,0,0,256,35,0.21,13,4,0.241
420032815002,0.1208,5,21,-16,,41,1,2,2,0.2,0,1,0,0,0,2,0,519,96,0.01,1,0,0.2
420032901001,0.2852,138,135,3,0.022,484,36,38,64,0.261,34,3,19,0,0,10,0,264,46,0.52,48,9,0.348
420032901002,0.1017,157,173,-16,-0.092,1544,21,34,102,0.134,29,16,2,17,77,0,0,294,58,0.53,24,3,0.153
420032901003,0.1008,126,525,-399,-0.76,1251,54,40,32,0.429,38,0,54,0,0,3,11,391,65,0.32,42,17,0.333
420032902001,0.216,18,166,-148,-0.892,83,2,6,10,0.111,0,1,0,0,1,0,0,421,83,0.04,1,0,0.056
420032902002,0.1172,4,6,-2,,34,0,2,2,0.0,0,2,1,0,0,0,0,414,86,0.01,0,0,0.0
420032902003,0.0673,22,36,-14,,327,5,4,13,0.227,0,7,0,0,0,0,0,274,50,0.08,4,1,0.182
420032902004,0.0634,55,62,-7,-0.113,867,15,12,28,0.273,6,0,2,0,0,0,0,333,77,0.17,14,2,0.255
420032902005,0.0975,115,144,-29,-0.201,1180,34,64,17,0.296,108,1,1,0,0,0,0,448,96,0.26,12,5,0.104
420032904001,0.2088,89,102,-13,-0.127,426,5,13,71,0.056,7,5,0,3,71,0,0,578,119,0.15,15,0,0.169
420032904002,0.1994,163,159,4,0.025,817,47,47,69,0.288,25,35,6,5,44,0,2,591,91,0.28,35,12,0.215
420032904003,0.0685,97,65,32,0.492,1416,37,32,28,0.381,27,2,34,0,0,8,2,279,47,0.35,25,7,0.258
420032904004,0.1428,2,13,-11,,14,1,1,0,0.5,0,0,1,0,0,0,0,403,68,0.0,0,0,0.0
420033001001,0.0827,75,61,14,0.23,907,9,38,28,0.12,0,65,0,0,0,0,0,297,69,0.25,13,6,0.173
420033001002,0.0688,57,49,8,,828,4,28,25,0.07,1,48,0,0,0,0,0,265,63,0.22,3,0,0.053
420033001003,0.0541,70,37,33,,1293,19,34,17,0.271,0,27,30,0,0,0,0,261,57,0.27,10,5,0.143
420033001004,0.0471,57,50,7,0.14,1210,34,14,9,0.596,0,1,52,0,0,4,0,253,62,0.23,5,3,0.088
420033001005,0.0481,37,23,14,,770,14,21,2,0.378,2,33,0,0,0,2,0,271,65,0.14,4,2,0.108
420033102001,0.1109,7,9,-2,,63,2,2,3,0.286,0,0,0,0,0,0,0,348,55,0.02,2,0,0.286
420033102002,0.4664,64,63,1,0.016,137,18,28,18,0.281,16,16,2,3,0,5,0,859,112,0.07,16,3,0.25
420033102003,0.4043,69,56,13,0.232,171,9,9,51,0.13,5,0,0,0,38,14,0,350,73,0.2,12,3,0.174
420033204001,0.1883,106,134,-28,-0.209,563,28,43,35,0.264,28,41,23,0,0,0,0,377,61,0.28,19,4,0.179
420033204002,0.141,69,89,-20,-0.225,489,15,24,30,0.217,1,0,9,0,0,0,7,572,91,0.12,13,3,0.188
420033206001,0.2545,96,50,46,0.92,377,23,44,29,0.24,11,0,4,0,1,0,0,603,117,0.16,28,8,0.292
420033206002,0.3168,26,20,6,,82,5,5,16,0.192,0,0,0,0,0,8,0,660,117,0.04,4,0,0.154
420033207001,0.2814,43,64,-21,-0.328,153,4,11,28,0.093,7,1,0,0,0,1,5,549,67,0.08,15,1,0.349
420033207002,0.2259,152,184,-32,-0.174,673,23,47,82,0.151,30,5,3,1,0,16,0,247,33,0.62,50,6,0.329
420034011001,2.2786,1154,1035,119,0.115,506,278,442,434,0.241,733,17,76,106,13,21,3,690,117,1.67,763,188,0.661
420034011002,2.157,220,183,37,0.202,102,40,68,112,0.182,23,27,16,76,0,2,23,652,124,0.34,127,16,0.577
420034011003,0.274,136,133,3,0.023,496,48,56,32,0.353,0,40,69,0,0,13,6,374,64,0.36,72,24,0.529
420034011004,0.3791,136,84,52,0.619,359,11,50,75,0.081,10,112,0,0,0,4,5,465,81,0.29,73,2,0.537
420034012001,0.1799,52,57,-5,-0.088,289,10,9,33,0.192,0,0,0,18,0,0,0,299,54,0.17,28,4,0.538
420034012002,0.4117,611,747,-136,-0.182,1484,146,167,298,0.239,94,191,65,4,139,2,24,420,93,1.45,322,88,0.527
420034012003,0.2304,15,8,7,,65,5,7,3,0.333,0,2,0,0,0,0,0,258,45,0.06,8,2,0.533
420034012004,0.1881,258,253,5,0.02,1372,6,25,227,0.023,0,2,1,0,102,0,0,313,61,0.82,140,2,0.543
420034013001,0.1971,264,278,-14,-0.05,1339,86,59,119,0.326,2,10,106,82,0,6,27,685,112,0.39,135,31,0.511
420034013002,0.2894,7,4,3,,24,3,3,1,0.429,0,0,0,0,0,0,0,333,62,0.02,3,2,0.429
420034013003,0.8021,838,1102,-264,-0.24,1045,124,228,486,0.148,64,730,4,0,0,16,11,438,63,1.91,497,58,0.593
420034020001,0.0894,194,203,-9,-0.044,2171,28,59,107,0.144,1,154,0,0,39,0,0,293,48,0.66,111,12,0.572
420034020002,0.0856,28,24,4,,327,1,11,16,0.036,0,0,0,0,0,2,0,249,40,0.11,10,1,0.357
420034020003,0.1772,50,82,-32,-0.39,282,17,23,10,0.34,0,16,4,0,0,0,0,534,104,0.09,27,10,0.54
420034020004,0.161,669,822,-153,-0.186,4155,73,30,566,0.109,8,7,32,387,0,0,6,424,65,1.58,442,37,0.661
420034035001,0.6845,0,0,0,,0,0,0,0,,0,0,0,0,0,0,0,364,78,0.0,0,0,
420034035002,0.1168,68,79,-11,-0.139,582,29,21,18,0.426,0,27,25,0,0,6,0,327,58,0.21,29,14,0.426
420034035003,0.1339,435,435,0,0.0,3247,96,136,203,0.221,129,75,49,0,74,0,8,529,105,0.82,202,37,0.464
420034035004,0.1486,672,884,-212,-0.24,4522,99,168,405,0.147,28,132,18,19,0,13,27,383,80,1.75,336,39,0.5
420034035005,0.1462,223,254,-31,-0.122,1525,20,52,151,0.09,15,1,0,48,0,0,0,303,57,0.74,114,3,0.511
420034040001,2.2736,277,296,-19,-0.064,122,25,55,197,0.09,12,34,7,53,0,0,10,804,148,0.34,145,12,0.523
420034050001,9.3417,2273,2420,-147,-0.061,243,778,1034,461,0.342,1334,10,637,13,3,49,42,653,107,3.48,1331,423,0.586
420034060001,10.1566,164,205,-41,-0.2,16,32,34,98,0.195,18,0,5,0,21,0,0,775,111,0.21,86,23,0.524
420034060002,2.6987,91,110,-19,-0.173,34,34,36,21,0.374,1,5,0,0,0,0,0,272,47,0.33,49,21,0.538
420034070011,4.1823,57,11,46,,14,10,14,33,0.175,1,0,0,5,0,0,0,324,59,0.18,34,6,0.596
420034070012,3.0208,138,175,-37,-0.211,46,39,39,60,0.283,13,0,24,4,61,1,0,580,92,0.24,52,16,0.377
420034070013,5.451,387,418,-31,-0.074,71,67,108,212,0.173,29,25,18,5,62,23,6,822,129,0.47,188,27,0.486
420034070014,6.1419,539,524,15,0.029,88,60,126,353,0.111,25,20,0,123,0,15,5,815,140,0.66,280,31,0.519
420034070021,2.1894,289,776,-487,-0.628,132,45,51,193,0.156,49,6,5,70,0,89,0,584,95,0.49,136,16,0.471
420034070022,2.8897,439,411,28,0.068,152,81,82,276,0.185,9,29,38,0,186,0,0,743,116,0.59,131,14,0.298
420034070023,2.995,380,364,16,0.044,127,90,98,192,0.237,3,30,5,124,7,0,0,454,71,0.84,133,12,0.35
420034070024,2.0562,393,425,-32,-0.075,191,62,61,270,0.158,7,153,2,12,0,7,4,1452,225,0.27,170,13,0.433
420034080011,1.4831,723,689,34,0.049,487,232,209,282,0.321,368,57,53,0,0,42,31,764,151,0.95,390,115,0.539
420034080012,7.0109,1303,1398,-95,-0.068,186,172,380,751,0.132,21,107,44,12,295,23,3,1081,186,1.21,663,83,0.509
420034080013,1.6327,980,942,38,0.04,600,276,316,388,0.282,309,172,192,1,54,35,17,702,121,1.4,513,144,0.523
420034080021,3.0322,1503,1516,-13,-0.009,496,388,461,654,0.258,515,90,85,58,76,10,46,1218,208,1.23,760,157,0.506
420034080022,0.4526,112,139,-27,-0.194,247,46,43,23,0.411,8,6,12,0,0,6,1,633,105,0.18,44,18,0.393
420034080023,1.0199,560,616,-56,-0.091,549,170,142,248,0.304,103,104,121,0,0,50,27,1272,217,0.44,240,53,0.429
420034090011,0.8796,1481,1392,89,0.064,1684,191,307,983,0.129,79,870,47,0,11,90,190,518,89,2.86,760,75,0.513
420034090012,3.347,227,75,152,2.027,68,46,83,98,0.203,34,51,0,0,0,27,1,1308,205,0.17,109,24,0.48
420034090013,3.888,3747,2934,813,0.277,964,885,936,1926,0.236,1125,1023,320,15,149,111,93,1654,230,2.27,1754,333,0.468
420034090014,1.2121,3819,4152,-333,-0.08,3151,718,876,2225,0.188,462,998,478,112,66,574,284,923,144,4.14,1805,286,0.473
420034090021,2.79,158,44,114,,57,53,38,67,0.335,0,2,98,3,0,4,1,1225,176,0.13,77,17,0.487
420034090022,4.8511,416,343,73,0.213,86,118,69,229,0.284,30,26,73,0,6,80,2,1587,239,0.26,178,40,0.428
420034100001,0.8914,509,373,136,0.365,571,72,122,315,0.141,0,206,0,6,65,81,16,625,114,0.81,258,39,0.507
420034110011,7.1819,115,104,11,0.106,16,27,37,51,0.235,0,6,25,0,0,40,3,842,132,0.14,63,16,0.548
420034110012,3.7263,6455,7028,-573,-0.082,1732,450,670,5335,0.07,433,919,307,941,0,906,655,1108,154,5.83,3867,296,0.599
420034110021,2.7429,1738,1511,227,0.15,634,369,430,939,0.212,88,265,356,4,228,235,50,1620,199,1.07,887,181,0.51
420034110022,1.7907,797,678,119,0.176,445,177,189,431,0.222,132,158,84,0,24,232,35,1165,154,0.68,418,87,0.524
420034120021,1.4087,117,136,-19,-0.14,83,29,21,67,0.248,28,13,0,0,0,16,0,963,154,0.12,37,9,0.316
420034120022,1.7567,289,257,32,0.125,165,78,66,145,0.27,0,2,73,0,83,28,1,1509,236,0.19,97,32,0.336
420034120031,1.047,35,35,0,,33,8,9,18,0.229,0,1,0,0,3,11,2,1000,143,0.04,18,2,0.514
420034120032,0.7846,285,212,73,0.344,363,92,46,147,0.323,118,13,0,3,0,48,32,824,122,0.35,101,18,0.354
420034120033,1.3625,538,648,-110,-0.17,395,114,131,293,0.212,3,51,113,1,34,32,97,1149,215,0.47,240,52,0.446
420034120041,4.3094,166,207,-41,-0.198,39,58,23,85,0.349,12,3,0,4,51,6,0,669,114,0.25,71,25,0.428
420034120042,2.8713,2227,2066,161,0.078,776,224,394,1609,0.101,38,413,14,36,311,545,306,1392,166,1.6,1010,92,0.454
420034131001,3.0149,130,87,43,0.494,43,42,30,58,0.323,18,17,66,0,0,9,0,586,96,0.22,51,12,0.392
420034131002,0.7877,157,171,-14,-0.082,199,19,25,113,0.121,9,52,1,2,0,1,0,1093,193,0.14,48,6,0.306
420034131003,1.0873,468,508,-40,-0.079,430,77,146,245,0.165,42,160,10,6,18,64,29,680,94,0.69,173,23,0.37
420034131004,1.2685,945,780,165,0.212,745,216,224,505,0.229,208,81,186,1,194,195,11,1082,191,0.87,358,56,0.379
420034132011,0.529,1186,1140,46,0.04,2242,354,379,453,0.298,351,212,157,2,63,13,60,421,80,2.82,444,115,0.374
420034132012,0.4666,108,187,-79,-0.422,231,14,23,71,0.13,85,1,0,0,2,0,1,684,108,0.16,47,5,0.435
420034132013,0.4638,396,550,-154,-0.28,854,128,115,153,0.323,1,5,2,0,192,25,11,953,168,0.42,130,37,0.328
420034132021,0.8529,574,352,222,0.631,673,133,140,301,0.232,86,62,43,0,75,26,3,537,109,1.07,222,31,0.387
420034132022,0.7481,81,98,-17,-0.173,108,29,8,44,0.358,1,1,0,27,0,29,4,940,138,0.09,28,3,0.346
420034133001,0.9827,2869,2464,405,0.164,2920,618,868,1383,0.215,369,809,302,0,557,77,57,858,144,3.34,901,178,0.314
420034133002,0.952,212,179,33,0.184,223,102,41,69,0.481,53,26,1,0,46,20,7,1125,221,0.19,68,35,0.321
420034133003,0.2765,10,4,6,,36,0,0,10,0.0,0,0,0,0,0,0,1,321,53,0.03,4,0,0.4
420034134001,0.6772,234,220,14,0.064,346,41,63,130,0.175,0,9,19,2,0,46,3,828,121,0.28,87,10,0.372
420034134002,0.6465,2259,2313,-54,-0.023,3494,480,466,1313,0.212,488,273,168,0,144,539,79,654,90,3.45,912,179,0.404
420034134003,0.3729,36,32,4,,97,12,15,9,0.333,0,0,0,0,1,8,0,830,114,0.04,7,2,0.194
420034135001,1.0202,62,71,-9,-0.127,61,22,20,20,0.355,9,15,11,0,0,1,0,478,90,0.13,25,10,0.403
420034135002,1.0083,2100,1854,246,0.133,2083,674,568,858,0.321,419,479,542,11,25,36,87,1103,184,1.9,755,236,0.36
420034135003,0.4538,185,186,-1,-0.005,408,69,71,45,0.373,44,4,67,0,0,17,16,655,98,0.28,73,29,0.395
420034135004,0.8835,3657,3192,465,0.146,4139,534,905,2218,0.146,0,2924,77,0,610,6,0,977,157,3.74,1312,192,0.359
420034141011,0.794,151,78,73,0.936,190,35,40,76,0.232,8,49,2,4,39,29,0,1122,185,0.13,44,9,0.291
420034141012,1.7328,706,648,58,0.09,407,172,146,388,0.244,50,0,91,32,255,2,0,625,95,1.13,194,55,0.275
420034141013,0.6915,664,615,49,0.08,960,247,230,187,0.372,307,33,169,8,3,1,52,489,77,1.36,265,94,0.399
420034141014,0.5029,65,66,-1,-0.015,129,25,19,21,0.385,36,12,1,0,0,1,0,586,78,0.11,24,12,0.369
420034141021,1.9233,710,913,-203,-0.222,369,186,201,323,0.262,55,69,142,10,92,80,27,1385,255,0.51,263,54,0.37
420034141022,1.9425,965,643,322,0.501,497,295,254,416,0.306,15,232,206,12,106,39,95,1228,217,0.79,361,82,0.374
420034141023,3.1414,496,372,124,0.333,158,106,114,276,0.214,9,50,48,28,0,27,0,925,155,0.54,185,30,0.373
420034142001,0.541,278,336,-58,-0.173,514,27,68,183,0.097,24,80,0,0,2,28,21,518,90,0.54,86,2,0.309
420034142002,0.8989,402,416,-14,-0.034,447,146,140,116,0.363,92,123,53,0,55,27,3,828,147,0.49,109,36,0.271
420034142003,1.6859,370,335,35,0.104,219,62,98,210,0.168,0,9,6,4,9,25,9,776,152,0.48,146,20,0.395
420034142004,2.3529,720,737,-17,-0.023,306,61,111,548,0.085,19,92,12,2,77,476,0,835,145,0.86,264,11,0.367
420034150011,2.9499,544,554,-10,-0.018,184,108,154,282,0.199,0,119,26,40,13,0,0,537,78,1.01,206,36,0.379
420034150012,2.9578,1342,1280,62,0.048,454,93,184,1065,0.069,6,52,57,657,192,49,0,783,119,1.71,523,35,0.39
420034150013,6.6225,217,106,111,1.047,33,30,42,145,0.138,3,13,4,0,0,18,0,1097,162,0.2,84,10,0.387
420034150021,3.2944,840,606,234,0.386,255,57,83,700,0.068,4,18,0,11,58,537,0,701,117,1.2,337,17,0.401
420034150022,1.7392,342,382,-40,-0.105,197,112,120,110,0.327,5,122,140,0,0,10,0,530,77,0.65,97,21,0.284
420034160001,0.3374,75,137,-62,-0.453,222,29,17,29,0.387,0,18,0,0,0,0,3,473,88,0.16,16,5,0.213
420034160002,1.9155,36,67,-31,-0.463,19,15,10,11,0.417,12,1,0,0,0,4,0,418,85,0.09,16,5,0.444
420034171001,0.1736,206,217,-11,-0.051,1186,41,58,107,0.199,7,1,7,0,72,0,0,456,85,0.45,90,14,0.437
420034171002,0.1038,21,29,-8,,202,3,8,10,0.143,0,7,7,5,0,0,0,405,85,0.05,9,0,0.429
420034171003,0.1467,9,4,5,,61,0,2,7,0.0,0,0,0,0,0,2,0,308,66,0.03,3,0,0.333
420034172001,0.5094,607,842,-235,-0.279,1192,114,113,380,0.188,28,33,51,245,0,29,15,707,128,0.86,322,49,0.53
420034180001,0.4627,1115,1467,-352,-0.24,2410,110,143,862,0.099,109,53,14,628,0,31,2,914,122,1.22,628,49,0.563
420034190001,2.7605,3728,4039,-311,-0.077,1350,672,885,2171,0.18,521,416,419,528,29,325,18,463,79,8.05,1802,276,0.483
420034190002,0.4777,200,237,-37,-0.156,419,38,53,109,0.19,11,25,16,0,77,8,7,337,61,0.59,72,11,0.36
420034190003,2.6263,169,131,38,0.29,64,46,54,69,0.272,18,72,49,0,0,2,0,629,99,0.27,70,15,0.414
420034200001,0.2964,782,717,65,0.091,2638,108,194,480,0.138,80,59,56,270,11,91,0,785,121,1.0,253,21,0.324
420034211001,0.9566,1509,1845,-336,-0.182,1577,498,460,551,0.33,679,8,322,0,276,0,51,531,72,2.84,605,194,0.401
420034211002,0.472,1167,1552,-385,-0.248,2473,171,286,710,0.147,5,340,153,246,0,63,53,392,51,2.98,517,63,0.443
420034211003,1.5818,10230,11402,-1172,-0.103,6468,798,1686,7746,0.078,529,906,278,3366,97,1112,142,894,139,11.44,4383,331,0.428
420034211004,0.3815,456,266,190,0.714,1195,146,110,200,0.32,43,18,162,0,34,31,52,386,58,1.18,172,47,0.377
420034212001,1.2337,204,162,42,0.259,165,50,41,113,0.245,0,4,25,0,71,13,0,950,145,0.21,64,14,0.314
420034212002,0.808,112,91,21,0.231,139,11,14,87,0.098,0,6,1,2,0,18,6,516,60,0.22,43,2,0.384
420034212003,0.0712,28,20,8,,393,7,9,12,0.25,0,3,13,0,1,0,0,133,18,0.21,9,1,0.321
420034212004,1.4576,40,54,-14,-0.259,27,9,11,20,0.225,0,0,0,0,0,3,7,502,68,0.08,18,3,0.45
420034220001,1.942,129,113,16,0.142,66,20,40,69,0.155,0,3,0,7,0,9,5,776,95,0.17,26,5,0.202
420034220002,1.7019,587,615,-28,-0.046,345,140,141,306,0.239,0,3,27,2,227,1,0,363,44,1.62,148,40,0.252
420034220003,0.6071,123,73,50,0.685,203,38,28,57,0.309,2,6,31,0,14,26,16,366,42,0.34,31,8,0.252
420034220004,3.6165,269,327,-58,-0.177,74,73,50,146,0.271,0,39,58,1,43,21,5,850,105,0.32,61,23,0.227
420034230001,0.1535,73,199,-126,-0.633,476,10,27,36,0.137,0,37,0,0,2,4,11,523,90,0.14,19,1,0.26
420034230002,0.1085,435,424,11,0.026,4010,127,147,161,0.292,72,79,62,16,20,32,13,549,86,0.79,120,27,0.276
420034230003,0.0889,295,326,-31,-0.095,3320,91,71,133,0.308,25,48,49,13,13,2,5,508,63,0.58,92,24,0.312
420034240001,0.1395,570,634,-64,-0.101,4087,76,131,363,0.133,41,2,38,56,0,157,0,445,86,1.28,186,20,0.326
420034240002,0.2062,132,167,-35,-0.21,640,19,45,68,0.144,11,47,9,0,0,5,0,316,64,0.42,45,7,0.341
420034240003,0.1085,1424,1748,-324,-0.185,13126,351,502,571,0.246,38,309,60,57,0,46,21,329,63,4.33,442,101,0.31
420034240004,0.0805,212,236,-24,-0.102,2633,54,64,94,0.255,0,104,77,0,0,1,0,472,104,0.45,51,9,0.241
420034250001,0.1839,248,301,-53,-0.176,1349,60,54,134,0.242,33,0,24,23,0,12,0,280,42,0.89,77,16,0.31
420034250002,0.1151,235,704,-469,-0.666,2042,78,93,64,0.332,10,105,16,0,0,33,0,488,80,0.48,61,18,0.26
420034250003,0.1687,322,326,-4,-0.012,1908,53,50,219,0.165,3,5,23,199,6,2,0,540,89,0.6,86,11,0.267
420034250004,0.2683,736,751,-15,-0.02,2743,158,289,289,0.215,36,2,15,84,8,2,9,395,77,1.86,213,48,0.289
420034263001,0.7457,681,590,91,0.154,913,107,161,413,0.157,277,17,0,34,0,79,1,833,104,0.82,240,46,0.352
420034263002,0.6431,230,231,-1,-0.004,358,44,48,138,0.191,4,7,0,0,128,4,11,1112,177,0.21,71,14,0.309
420034263003,0.6237,157,91,66,0.725,252,71,38,48,0.452,0,3,0,0,0,12,1,1218,184,0.13,45,21,0.287
420034264001,0.4344,670,642,28,0.044,1542,155,172,343,0.231,76,80,114,23,136,2,22,517,84,1.3,162,42,0.242
420034264002,0.2271,144,93,51,0.548,634,29,54,61,0.201,28,35,26,0,0,12,1,508,73,0.28,46,9,0.319
420034264003,0.2413,20,10,10,,83,17,1,2,0.85,0,0,17,0,0,0,0,527,81,0.04,7,6,0.35
420034264004,0.4459,374,338,36,0.107,839,95,80,199,0.254,20,117,16,0,17,28,9,742,94,0.5,86,24,0.23
420034267001,0.2933,101,142,-41,-0.289,344,25,60,16,0.248,0,5,0,0,0,0,0,349,60,0.29,34,6,0.337
420034267002,1.1545,845,892,-47,-0.053,732,266,274,305,0.315,185,25,211,47,26,78,34,874,144,0.97,284,98,0.336
420034268001,0.615,197,260,-63,-0.242,320,53,52,92,0.269,22,25,43,34,0,0,5,691,105,0.29,46,7,0.234
420034268002,0.8222,221,315,-94,-0.298,269,43,63,115,0.195,95,1,21,13,39,4,0,1320,194,0.17,78,14,0.353
420034268003,0.5612,90,69,21,0.304,160,8,17,65,0.089,8,0,0,59,0,3,3,682,99,0.13,29,2,0.322
420034270001,0.2279,224,258,-34,-0.132,983,49,92,83,0.219,0,52,70,0,0,41,2,658,113,0.34,39,10,0.174
420034270002,0.2459,323,336,-13,-0.039,1314,62,106,155,0.192,12,22,66,64,0,72,0,414,92,0.78,82,16,0.254
420034270003,0.145,405,468,-63,-0.135,2793,116,123,166,0.286,75,30,33,46,0,82,0,682,136,0.59,98,23,0.242
420034271001,0.6235,67,93,-26,-0.28,107,15,16,36,0.224,0,1,0,0,0,4,0,898,147,0.07,23,4,0.343
420034271002,0.618,61,50,11,0.22,99,26,13,22,0.426,0,14,0,1,0,14,0,927,152,0.07,17,5,0.279
420034271003,1.1767,202,252,-50,-0.198,172,31,30,141,0.153,0,6,1,3,178,8,0,1086,180,0.19,33,4,0.163
420034272001,0.4562,1,2,-1,,2,0,1,0,0.0,1,0,0,0,0,0,0,636,101,0.0,0,0,0.0
420034272002,0.5653,164,200,-36,-0.18,290,76,47,41,0.463,72,0,14,0,0,16,3,661,108,0.25,36,14,0.22
420034272003,0.3967,95,83,12,0.145,239,9,33,53,0.095,4,1,0,0,0,3,3,713,93,0.13,28,3,0.295
420034272004,0.4255,138,164,-26,-0.159,324,8,8,122,0.058,0,0,0,0,0,1,0,569,86,0.24,41,3,0.297
420034281001,0.2416,37,44,-7,,153,8,6,23,0.216,0,0,0,0,16,0,0,322,45,0.11,8,2,0.216
420034281002,0.1153,5,21,-16,,43,0,1,4,0.0,0,0,0,0,0,0,4,359,57,0.01,0,0,0.0
420034282001,0.9275,54,55,-1,-0.018,58,10,23,21,0.185,0,4,0,10,0,2,0,329,60,0.16,15,3,0.278
420034282002,0.7798,125,62,63,1.016,160,49,38,38,0.392,10,6,17,0,0,0,0,824,145,0.15,25,8,0.2
420034291001,1.1008,1375,1345,30,0.022,1249,330,383,662,0.24,172,84,209,60,25,81,27,662,111,2.08,432,117,0.314
420034291002,1.1545,2024,1741,283,0.163,1753,656,594,774,0.324,766,246,358,0,72,92,40,752,103,2.69,663,224,0.328
420034292011,0.7145,267,196,71,0.362,374,120,63,84,0.449,151,2,49,0,0,22,0,956,134,0.28,112,57,0.419
420034292012,1.0962,3472,4049,-577,-0.143,3167,1239,1003,1230,0.357,2261,212,374,1,80,216,98,1435,189,2.42,1267,496,0.365
420034292021,0.4571,85,85,0,0.0,186,26,18,41,0.306,0,0,25,0,0,25,1,646,111,0.13,23,4,0.271
420034292022,0.4318,287,331,-44,-0.133,665,95,53,139,0.331,4,8,90,10,0,2,1,719,113,0.4,79,18,0.275
420034292023,0.7904,590,585,5,0.009,746,111,179,300,0.188,68,89,80,0,68,111,47,950,133,0.62,149,29,0.253
420034293001,0.7113,403,431,-28,-0.065,567,106,98,199,0.263,24,203,10,26,3,19,23,977,160,0.41,91,21,0.226
420034293002,0.6601,373,284,89,0.313,565,77,95,201,0.206,9,109,43,14,14,88,29,687,102,0.54,117,15,0.314
420034293003,1.0882,331,356,-25,-0.07,304,76,71,184,0.23,5,14,67,0,64,13,2,1049,169,0.32,78,9,0.236
420034293004,0.7637,243,354,-111,-0.314,318,32,63,148,0.132,15,0,0,21,0,6,0,449,68,0.54,71,6,0.292
420034294001,0.2566,523,600,-77,-0.128,2038,106,153,264,0.203,95,58,36,0,5,12,43,354,60,1.48,154,24,0.294
420034294002,0.4329,264,324,-60,-0.185,610,40,91,133,0.152,20,31,10,0,34,93,7,879,138,0.3,83,11,0.314
420034294003,0.3733,1496,2875,-1379,-0.48,4008,270,233,993,0.18,17,0,7,0,770,261,259,697,107,2.15,462,61,0.309
420034294004,0.3111,1426,1593,-167,-0.105,4584,95,193,1138,0.067,41,8,176,12,87,707,17,426,71,3.35,416,15,0.292
420034295001,0.5317,955,934,21,0.022,1796,399,322,234,0.418,385,17,338,2,0,16,27,933,163,1.02,325,138,0.34
420034295002,0.4434,583,727,-144,-0.198,1315,180,170,233,0.309,176,116,116,12,1,25,4,951,169,0.61,167,49,0.286
420034295003,0.6148,376,584,-208,-0.356,612,54,68,254,0.144,34,19,5,0,32,46,18,333,55,1.13,92,14,0.245
420034296001,1.0133,252,278,-26,-0.094,249,47,86,119,0.187,2,198,9,1,0,17,0,1372,218,0.18,37,2,0.147
420034296002,0.3163,104,145,-41,-0.283,329,8,21,75,0.077,0,2,0,0,2,30,0,523,87,0.2,35,1,0.337
420034297001,0.7942,128,195,-67,-0.344,161,20,29,79,0.156,0,12,0,0,0,2,5,829,126,0.15,44,8,0.344
420034297002,0.4152,138,135,3,0.022,332,28,51,59,0.203,68,11,0,0,22,0,0,493,91,0.28,48,7,0.348
420034301001,0.1117,71,74,-3,-0.041,635,21,15,35,0.296,4,5,24,0,0,9,0,442,91,0.16,15,4,0.211
420034301002,0.2181,270,262,8,0.031,1238,72,34,164,0.267,3,2,16,0,11,75,11,760,133,0.36,88,8,0.326
420034302001,0.1317,61,30,31,,463,11,20,30,0.18,10,10,0,0,0,9,0,462,94,0.13,20,6,0.328
420034302002,0.2492,1051,1053,-2,-0.002,4218,214,341,496,0.204,222,57,110,57,335,42,35,644,122,1.63,288,56,0.274
420034302003,0.1088,115,102,13,0.127,1057,43,33,39,0.374,33,5,12,5,0,0,0,518,91,0.22,33,13,0.287
420034302004,0.0933,33,22,11,,354,8,13,12,0.242,0,12,0,2,0,11,0,402,79,0.08,13,6,0.394
420034302005,0.0972,16,16,0,,165,4,9,3,0.25,2,0,10,0,0,2,0,419,70,0.04,3,1,0.188
420034311001,0.1439,97,108,-11,-0.102,674,28,40,29,0.289,28,17,29,0,0,12,0,866,122,0.11,22,12,0.227
420034311002,0.2129,200,147,53,0.361,939,63,72,65,0.315,8,10,69,0,0,0,0,908,133,0.22,51,17,0.255
420034314001,0.2663,64,39,25,,240,20,21,23,0.312,4,1,0,6,0,4,1,1108,203,0.06,4,1,0.062
420034315001,0.0656,154,119,35,0.294,2347,81,46,27,0.526,6,25,18,0,70,23,11,420,57,0.37,58,36,0.377
420034315002,0.0871,137,132,5,0.038,1573,21,27,89,0.153,0,67,0,0,0,2,14,442,60,0.31,37,6,0.27
420034315003,0.0802,372,880,-508,-0.577,4640,94,107,171,0.253,112,55,50,19,41,5,9,510,88,0.73,97,23,0.261
420034315004,0.1536,707,175,532,3.04,4602,110,156,441,0.156,18,505,87,14,0,51,0,355,56,1.99,189,21,0.267
420034323001,0.2575,68,93,-25,-0.269,264,22,31,15,0.324,0,40,11,1,0,1,0,511,91,0.13,24,4,0.353
420034323002,0.0847,415,657,-242,-0.368,4898,92,98,225,0.222,9,135,8,0,153,0,17,546,77,0.76,110,18,0.265
420034324001,0.075,52,63,-11,-0.175,693,10,14,28,0.192,0,5,0,0,0,24,0,494,84,0.11,17,3,0.327
420034324002,0.064,108,151,-43,-0.285,1687,24,26,58,0.222,24,23,12,4,0,3,0,446,83,0.24,27,6,0.25
420034324003,0.1355,447,420,27,0.064,3300,169,202,76,0.378,118,1,178,0,11,2,0,415,62,1.08,149,58,0.333
420034340001,0.1729,42,45,-3,,243,5,13,24,0.119,0,2,0,10,0,5,0,477,76,0.09,10,1,0.238
420034340002,0.2061,110,59,51,0.864,534,29,31,50,0.264,3,17,14,2,0,9,0,503,80,0.22,21,6,0.191
420034350001,0.3177,176,211,-35,-0.166,554,49,56,71,0.278,6,7,50,2,0,3,0,751,123,0.23,60,18,0.341
420034350002,0.251,473,559,-86,-0.154,1885,114,116,243,0.241,16,212,21,32,0,11,1,655,123,0.72,116,31,0.245
420034370001,4.1013,2583,2046,537,0.262,630,446,752,1385,0.173,998,63,18,0,287,668,175,1978,291,1.31,981,173,0.38
420034370002,2.7511,940,876,64,0.073,342,146,196,598,0.155,50,351,96,0,0,91,21,1376,205,0.68,327,58,0.348
420034390001,5.3516,102,123,-21,-0.171,19,17,33,52,0.167,2,5,0,27,0,7,4,688,92,0.15,49,11,0.48
420034455001,0.3558,1414,1422,-8,-0.006,3974,257,360,797,0.182,72,860,166,11,34,40,72,452,87,3.13,564,79,0.399
420034455002,0.4187,461,523,-62,-0.119,1101,200,133,128,0.434,55,13,4,0,20,15,8,662,143,0.7,189,68,0.41
420034455003,0.224,1127,1117,10,0.009,5030,249,200,678,0.221,142,98,162,0,184,126,120,552,93,2.04,445,80,0.395
420034460001,1.0629,397,455,-58,-0.127,374,56,78,263,0.141,15,119,2,0,145,8,4,365,51,1.09,229,28,0.577
420034460002,0.4334,658,901,-243,-0.27,1518,141,198,319,0.214,2,71,97,0,54,31,7,362,40,1.82,358,69,0.544
420034470001,1.502,639,650,-11,-0.017,425,95,175,369,0.149,4,217,6,0,380,0,0,803,150,0.8,298,37,0.466
420034480001,0.9995,2621,2990,-369,-0.123,2622,204,410,2007,0.078,141,68,51,856,62,6,3,589,102,4.45,1708,127,0.652
420034490001,1.0229,332,395,-63,-0.159,325,20,28,284,0.06,4,1,9,9,1,1,0,465,76,0.71,257,11,0.774
420034490002,1.0686,258,225,33,0.147,241,25,78,155,0.097,0,15,0,208,0,1,0,803,137,0.32,192,15,0.744
420034507001,0.4075,99,96,3,0.031,243,17,27,55,0.172,12,27,7,0,0,1,0,719,133,0.14,29,3,0.293
420034507002,0.3944,297,386,-89,-0.231,753,68,89,140,0.229,30,81,9,0,96,65,3,821,150,0.36,90,16,0.303
420034508001,0.2315,1085,970,115,0.119,4688,188,351,546,0.173,137,228,23,127,0,110,6,453,93,2.4,498,67,0.459
420034508002,0.1525,468,501,-33,-0.066,3070,135,143,190,0.288,96,5,91,30,0,20,7,440,71,1.06,182,39,0.389
420034508003,0.1443,30,4,26,,208,5,12,13,0.167,1,0,0,7,13,6,0,374,63,0.08,11,3,0.367
420034511011,2.0399,642,467,175,0.375,315,148,173,321,0.231,68,210,92,32,46,9,15,1081,189,0.59,285,50,0.444
420034511012,0.8068,963,1008,-45,-0.045,1194,180,271,512,0.187,629,66,66,0,22,21,3,732,122,1.32,399,72,0.414
420034511021,0.9435,136,146,-10,-0.068,144,30,21,85,0.221,10,10,0,0,5,0,0,794,137,0.17,70,8,0.515
420034511022,0.5172,282,201,81,0.403,545,41,70,171,0.145,1,34,0,0,32,0,0,375,60,0.75,162,20,0.574
420034511023,0.5395,408,344,64,0.186,756,153,125,130,0.375,48,60,87,1,0,17,15,695,120,0.59,169,61,0.414
420034511024,0.3023,947,1072,-125,-0.117,3133,346,151,450,0.365,6,3,67,0,756,0,0,485,87,1.95,380,147,0.401
420034511041,0.8648,128,117,11,0.094,148,60,44,24,0.469,0,2,27,4,0,12,2,1118,154,0.11,46,27,0.359
420034511042,2.0898,211,192,19,0.099,101,32,67,112,0.152,15,71,3,71,0,27,0,981,124,0.22,110,13,0.521
420034511051,0.7142,3425,3455,-30,-0.009,4795,417,641,2367,0.122,25,443,316,10,299,894,469,658,89,5.21,1573,172,0.459
420034511052,0.5631,888,644,244,0.379,1577,273,279,336,0.307,180,93,361,0,0,35,0,587,107,1.51,464,135,0.523
420034511053,2.3119,703,818,-115,-0.141,304,174,289,240,0.248,335,126,50,2,0,26,15,1153,192,0.61,362,77,0.515
420034513001,2.8548,4733,4082,651,0.159,1658,468,516,3749,0.099,0,1,236,0,19,907,1323,387,62,12.23,2210,245,0.467
420034513002,0.6093,55,33,22,,90,13,13,29,0.236,0,21,0,0,0,6,0,611,108,0.09,23,7,0.418
420034513003,1.656,284,201,83,0.413,171,40,86,158,0.141,7,64,72,9,3,16,0,635,104,0.45,128,20,0.451
420034513004,2.0032,198,296,-98,-0.331,99,37,57,104,0.187,0,0,14,0,0,104,0,1057,161,0.19,94,21,0.475
420034513005,0.9572,248,132,116,0.879,259,27,51,170,0.109,0,63,0,6,55,19,0,468,82,0.53,133,18,0.536
420034513006,4.1104,6499,6542,-43,-0.007,1581,516,999,4984,0.079,215,363,70,171,47,1738,815,466,76,13.95,3186,265,0.49
420034520001,12.7998,9870,9785,85,0.009,771,1344,1621,6905,0.136,229,9,269,297,0,277,5,420,59,23.5,5173,753,0.524
420034520002,2.518,6851,7029,-178,-0.025,2721,721,1036,5094,0.105,507,144,105,708,0,1124,15,950,140,7.21,3294,392,0.481
420034520003,3.2341,127,215,-88,-0.409,39,22,30,75,0.173,0,3,1,6,0,18,6,872,122,0.15,65,11,0.512
420034520004,13.7034,3001,826,2175,2.633,219,467,876,1658,0.156,35,2,16,56,102,30,3,1009,160,2.97,1746,257,0.582
420034530031,4.6456,913,967,-54,-0.056,197,165,177,571,0.181,16,47,63,91,376,22,0,763,127,1.2,350,70,0.383
420034530032,1.3693,766,305,461,1.511,559,130,221,415,0.17,36,489,41,20,87,6,1,266,46,2.88,313,45,0.409
420034530041,0.6434,859,1495,-636,-0.425,1335,46,271,542,0.054,0,1,0,0,0,781,0,858,145,1.0,335,16,0.39
420034530042,0.4619,173,336,-163,-0.485,375,33,43,97,0.191,2,2,14,18,18,3,2,975,146,0.18,83,14,0.48
420034530043,1.6198,6346,5120,1226,0.239,3918,1068,1434,3844,0.168,1936,1104,839,76,1,394,929,1373,232,4.62,2850,449,0.449
420034530044,0.1447,73,69,4,0.058,505,16,35,22,0.219,0,52,3,0,0,2,0,406,71,0.18,27,9,0.37
420034550001,0.4695,153,180,-27,-0.15,326,67,45,41,0.438,14,3,58,15,0,3,0,835,134,0.18,37,17,0.242
420034560011,2.4168,2112,1306,806,0.617,874,393,568,1151,0.186,214,34,149,18,536,17,1,650,89,3.25,833,115,0.394
420034560012,3.1719,173,125,48,0.384,55,34,36,103,0.197,2,35,18,1,0,23,2,1637,257,0.11,77,8,0.445
420034560031,2.7471,210,217,-7,-0.032,76,16,35,159,0.076,6,0,4,56,0,19,0,527,80,0.4,114,8,0.543
420034560032,0.5531,489,384,105,0.273,884,125,146,218,0.256,46,219,64,0,0,6,5,474,80,1.03,219,52,0.448
420034560033,7.6255,269,617,-348,-0.564,35,64,44,161,0.238,7,7,9,22,0,28,2,2004,319,0.13,163,38,0.606
420034560034,1.2807,2198,2127,71,0.033,1716,323,391,1484,0.147,112,266,56,4,43,253,92,955,142,2.3,1097,139,0.499
420034560041,1.3269,1733,1457,276,0.189,1306,255,357,1121,0.147,325,115,152,36,14,85,9,1048,150,1.65,910,119,0.525
420034560042,0.2399,395,514,-119,-0.232,1647,66,145,184,0.167,0,378,0,0,0,1,0,377,55,1.05,206,34,0.522
420034560043,0.9391,358,343,15,0.044,381,46,72,240,0.128,24,49,0,84,1,5,0,1250,185,0.29,191,23,0.534
420034571001,0.1985,51,54,-3,-0.056,257,15,10,26,0.294,0,1,0,0,33,0,3,419,87,0.12,18,2,0.353
420034571002,0.1645,840,1071,-231,-0.216,5107,211,225,404,0.251,90,160,141,27,1,118,35,425,78,1.98,311,51,0.37
420034572001,0.1415,38,64,-26,-0.406,269,5,5,28,0.132,29,0,4,0,0,0,0,289,57,0.13,12,3,0.316
420034572002,0.1237,14,21,-7,,113,1,6,7,0.071,0,0,0,3,0,0,0,440,76,0.03,3,1,0.214
420034572003,0.3375,324,367,-43,-0.117,960,78,111,135,0.241,93,111,63,5,0,12,0,705,117,0.46,65,22,0.201
420034572004,0.1295,30,21,9,,232,11,11,8,0.367,0,0,8,0,0,3,0,455,76,0.07,6,0,0.2
420034580011,3.2755,445,287,158,0.551,136,24,51,370,0.054,12,2,1,3,0,97,4,885,136,0.5,199,7,0.447
420034580012,3.5259,5968,6179,-211,-0.034,1693,1196,1352,3420,0.2,1097,626,553,427,369,1243,89,1354,175,4.41,2577,386,0.432
420034580021,0.4788,76,85,-9,-0.106,159,10,8,58,0.132,1,0,0,0,0,1,0,411,70,0.18,43,5,0.566
420034580022,3.8601,916,452,464,1.027,237,193,225,498,0.211,23,63,27,21,26,13,118,1204,170,0.76,532,113,0.581
420034580023,2.4735,1358,1636,-278,-0.17,549,159,295,904,0.117,13,0,2,134,0,68,16,644,84,2.11,776,98,0.571
420034591011,2.4038,555,416,139,0.334,231,71,147,337,0.128,31,119,0,56,0,22,0,892,184,0.62,337,48,0.607
420034591021,0.948,699,829,-130,-0.157,737,172,110,417,0.246,6,514,0,0,0,10,14,1002,146,0.7,214,42,0.306
420034591022,0.9366,400,415,-15,-0.036,427,64,74,262,0.16,4,16,36,3,285,17,0,568,86,0.7,91,19,0.228
420034591023,1.7993,472,490,-18,-0.037,262,66,131,275,0.14,0,377,13,5,5,8,0,1563,260,0.3,186,21,0.394
420034592011,2.7573,1930,2570,-640,-0.249,700,191,306,1433,0.099,158,197,56,23,0,465,55,697,90,2.77,911,99,0.472
420034592012,3.0344,7717,8383,-666,-0.079,2543,1996,1984,3737,0.259,2389,194,1538,469,59,1530,245,1120,159,6.89,3632,945,0.471
420034592013,2.4495,10496,10808,-312,-0.029,4285,1291,1870,7335,0.123,1406,641,578,388,19,1679,198,1192,165,8.81,4953,561,0.472
420034592014,0.8848,476,902,-426,-0.472,538,63,80,333,0.132,52,78,17,9,0,61,6,544,64,0.88,222,34,0.466
420034592021,0.0754,58,47,11,,769,17,12,29,0.293,0,22,9,0,1,0,0,466,79,0.12,15,1,0.259
420034600011,0.9303,72,99,-27,-0.273,77,20,15,37,0.278,0,8,0,0,10,10,2,875,140,0.08,30,10,0.417
420034600012,0.7338,393,478,-85,-0.178,536,30,73,290,0.076,0,152,0,0,77,3,0,673,99,0.58,150,13,0.382
420034600013,0.908,224,139,85,0.612,247,57,66,101,0.254,15,96,6,0,0,60,3,1053,153,0.21,98,23,0.438
420034600021,1.6188,2025,2196,-171,-0.078,1251,223,345,1457,0.11,366,32,110,39,191,166,62,580,84,3.49,836,69,0.413
420034600022,0.9751,995,1229,-234,-0.19,1020,133,202,660,0.134,52,535,46,0,0,22,20,940,155,1.06,398,36,0.4
420034600023,0.3181,30,17,13,,94,5,10,15,0.167,0,11,0,0,0,5,0,408,54,0.07,13,1,0.433
420034610001,1.531,2812,3065,-253,-0.083,1837,283,424,2105,0.101,79,1,218,387,0,60,0,538,111,5.23,1370,143,0.487
420034621001,0.6765,1212,1721,-509,-0.296,1792,130,221,861,0.107,54,83,1,382,0,40,0,249,49,4.87,446,45,0.368
420034621002,0.48,116,133,-17,-0.128,242,15,19,82,0.129,0,0,0,0,90,4,0,268,51,0.43,41,5,0.353
420034621003,0.4065,77,82,-5,-0.061,189,18,16,43,0.234,0,0,0,0,0,1,1,629,140,0.12,22,6,0.286
420034626001,0.1065,12,25,-13,,113,4,3,5,0.333,0,3,0,0,0,0,0,479,101,0.03,0,0,0.0
420034626002,0.1463,25,18,7,,171,6,14,5,0.24,0,5,5,0,0,0,0,403,86,0.06,8,3,0.32
420034626003,0.0652,25,35,-10,,383,13,9,3,0.52,5,7,7,6,0,0,0,341,87,0.07,5,3,0.2
420034626004,0.1013,230,252,-22,-0.087,2269,46,61,123,0.2,20,19,28,58,43,7,1,570,116,0.4,35,4,0.152
420034639001,0.1763,246,299,-53,-0.177,1395,90,77,79,0.366,60,40,91,0,0,2,19,578,115,0.43,76,20,0.309
420034639002,0.1477,387,408,-21,-0.051,2620,35,73,279,0.09,13,9,8,254,0,0,0,321,68,1.21,108,11,0.279
420034639003,0.0665,107,87,20,0.23,1609,32,32,43,0.299,1,49,0,0,6,0,0,350,88,0.31,25,7,0.234
420034643001,0.146,137,102,35,0.343,939,23,39,75,0.168,24,5,0,0,0,35,17,735,117,0.19,58,8,0.423
420034643002,0.1526,43,200,-157,-0.785,282,8,12,23,0.186,8,0,0,0,0,0,0,574,95,0.07,13,4,0.302
420034643003,0.1349,90,80,10,0.125,667,13,16,61,0.144,5,5,0,0,15,2,0,497,93,0.18,32,5,0.356
420034644001,0.1854,297,235,62,0.264,1602,39,76,182,0.131,60,4,26,47,0,0,0,503,124,0.59,119,19,0.401
420034644002,0.2809,988,1154,-166,-0.144,3518,93,142,753,0.094,3,116,2,40,0,0,0,407,107,2.43,494,29,0.5
420034644003,0.1992,597,667,-70,-0.105,2997,162,165,270,0.271,76,175,24,31,20,12,13,343,76,1.74,166,40,0.278
420034656001,0.21,492,440,52,0.118,2343,164,172,156,0.333,254,49,63,14,0,1,38,528,78,0.93,164,52,0.333
420034656002,0.1801,540,742,-202,-0.272,2998,144,184,212,0.267,33,53,24,0,0,74,0,695,121,0.78,168,49,0.311
420034658001,0.2269,129,147,-18,-0.122,568,20,15,94,0.155,22,0,0,0,45,29,0,823,143,0.16,40,6,0.31
420034658002,0.1613,93,68,25,0.368,577,12,34,47,0.129,2,6,0,0,18,1,0,537,95,0.17,29,3,0.312
420034658003,0.364,25,21,4,,69,8,4,13,0.32,0,5,0,0,0,9,0,523,91,0.05,9,3,0.36
420034687001,0.4289,1757,1789,-32,-0.018,4096,227,361,1169,0.129,83,128,90,281,33,99,73,600,98,2.93,762,86,0.434
420034687002,0.1174,65,75,-10,-0.133,553,1,18,46,0.015,0,13,0,0,0,44,0,339,49,0.19,20,0,0.308
420034688001,0.091,501,513,-12,-0.023,5503,74,98,329,0.148,8,71,36,13,19,55,9,374,61,1.34,193,21,0.385
420034688002,0.1044,118,270,-152,-0.563,1130,14,28,76,0.119,0,5,0,1,0,7,0,383,56,0.31,42,5,0.356
420034688003,0.2255,39,27,12,,173,4,11,24,0.103,0,1,0,0,0,0,0,791,123,0.05,13,1,0.333
420034689001,0.2474,110,90,20,0.222,445,26,23,61,0.236,23,6,0,0,10,44,0,621,112,0.18,43,10,0.391
420034689002,0.2772,288,261,27,0.103,1039,69,57,162,0.24,0,6,6,0,70,39,4,501,100,0.57,86,11,0.299
420034689003,0.1286,588,449,139,0.31,4573,115,147,326,0.196,14,44,34,2,0,184,14,719,125,0.82,187,27,0.318
420034690001,0.2262,819,773,46,0.06,3620,156,191,472,0.19,27,172,176,0,0,122,90,543,100,1.51,304,46,0.371
420034690002,0.7997,685,764,-79,-0.103,857,194,129,362,0.283,6,33,24,24,2,117,28,1213,179,0.56,260,66,0.38
420034690003,1.0495,9235,11320,-2085,-0.184,8800,1250,2020,5965,0.135,92,1340,354,236,36,1788,569,894,147,10.33,3337,374,0.361
420034703001,0.6334,824,1195,-371,-0.31,1301,232,277,315,0.282,439,77,173,0,28,4,15,687,118,1.2,268,77,0.325
420034703002,0.6906,3305,3550,-245,-0.069,4786,457,810,2038,0.138,4,2761,50,0,6,357,0,1152,199,2.87,970,123,0.293
420034704001,0.1531,0,0,0,,0,0,0,0,,0,0,0,0,0,0,0,542,102,0.0,0,0,
420034704002,0.1304,25,25,0,,192,6,9,10,0.24,12,3,0,0,0,0,0,411,76,0.06,4,1,0.16
420034704003,0.4077,221,198,23,0.116,542,79,52,90,0.357,3,40,0,5,55,2,0,737,126,0.3,62,22,0.281
420034705011,0.2149,58,111,-53,-0.477,270,18,17,23,0.31,0,5,16,0,0,9,0,1020,96,0.06,14,5,0.241
420034705012,0.2209,387,395,-8,-0.02,1752,107,92,188,0.276,2,179,66,0,0,5,32,809,100,0.48,89,19,0.23
420034705021,0.4277,539,507,32,0.063,1260,125,157,257,0.232,3,266,19,42,0,17,0,710,128,0.76,230,52,0.427
420034705022,0.2918,2440,2727,-287,-0.105,8363,289,339,1812,0.118,183,330,87,0,0,1355,152,748,145,3.26,1376,113,0.564
420034706001,0.528,1006,904,102,0.113,1905,172,246,588,0.171,89,106,123,109,122,81,0,809,157,1.24,347,36,0.345
420034706002,0.1001,402,356,46,0.129,4014,86,201,115,0.214,27,71,6,0,4,3,2,307,56,1.31,117,33,0.291
420034706003,0.0956,27,77,-50,-0.649,282,2,14,11,0.074,0,2,0,0,1,8,0,386,76,0.07,10,1,0.37
420034710001,0.2872,561,508,53,0.104,1954,181,194,186,0.323,73,45,191,21,14,57,13,709,145,0.79,148,48,0.264
420034721001,0.1257,259,237,22,0.093,2061,67,92,100,0.259,37,34,66,0,7,32,0,794,107,0.33,66,17,0.255
420034721002,0.0866,9,7,2,,104,1,3,5,0.111,0,1,0,0,0,4,0,507,67,0.02,0,0,0.0
420034722001,0.113,327,558,-231,-0.414,2893,92,114,121,0.281,23,32,97,46,0,8,12,660,91,0.5,52,8,0.159
420034722002,0.1387,68,97,-29,-0.299,490,13,14,41,0.191,4,13,0,0,41,1,0,626,94,0.11,6,1,0.088
420034723001,0.0586,151,113,38,0.336,2576,25,29,97,0.166,71,3,6,2,0,2,0,592,96,0.26,33,2,0.219
420034723002,0.0735,254,299,-45,-0.151,3455,51,54,149,0.201,27,7,25,0,173,1,0,542,82,0.47,54,7,0.213
420034724001,0.0902,211,159,52,0.327,2339,41,64,106,0.194,49,0,48,0,0,11,0,591,86,0.36,52,11,0.246
420034724002,0.074,9,1,8,,122,0,2,7,0.0,0,2,0,0,0,5,0,476,76,0.02,5,0,0.556
420034731001,0.2354,356,255,101,0.396,1512,151,88,117,0.424,80,8,48,0,0,7,18,659,112,0.54,75,29,0.211
420034731002,0.1158,93,103,-10,-0.097,803,42,29,22,0.452,8,2,40,0,0,3,0,405,73,0.23,17,6,0.183
420034731003,0.0867,253,191,62,0.325,2920,92,43,118,0.364,7,31,79,0,50,53,14,410,52,0.62,55,13,0.217
420034731004,0.0761,145,115,30,0.261,1906,45,37,63,0.31,2,8,94,1,2,24,8,344,58,0.42,22,3,0.152
420034731005,0.0671,160,182,-22,-0.121,2383,32,36,92,0.2,55,0,0,0,0,57,14,529,101,0.3,33,4,0.206
420034732001,0.0755,62,75,-13,-0.173,821,7,14,41,0.113,15,2,0,0,0,34,0,479,78,0.13,19,1,0.306
420034732002,0.0908,337,316,21,0.066,3713,110,100,127,0.326,110,56,113,12,4,22,6,500,98,0.67,64,7,0.19
420034732003,0.1155,840,1065,-225,-0.211,7271,190,172,478,0.226,23,84,104,0,0,129,42,614,115,1.37,177,21,0.211
420034733001,0.4224,230,296,-66,-0.223,545,57,72,101,0.248,2,131,0,0,62,17,0,589,93,0.39,54,10,0.235
420034733002,0.2966,591,645,-54,-0.084,1993,219,144,228,0.371,7,135,91,0,19,39,41,629,100,0.94,122,46,0.206
420034733003,0.356,65,57,8,0.14,183,10,28,27,0.154,0,2,0,0,39,2,0,591,86,0.11,12,1,0.185
420034733004,0.1178,162,292,-130,-0.445,1375,28,39,95,0.173,0,76,0,1,45,11,0,459,77,0.35,41,4,0.253
420034733005,0.081,28,12,16,,346,7,11,10,0.25,0,17,0,0,0,2,0,315,48,0.09,6,1,0.214
420034734011,0.159,127,108,19,0.176,799,38,33,56,0.299,29,42,3,0,10,8,2,315,55,0.4,25,6,0.197
420034734012,0.0677,46,51,-5,-0.098,680,12,14,20,0.261,0,4,30,0,0,3,8,281,58,0.16,9,2,0.196
420034734013,0.1298,381,409,-28,-0.068,2935,109,101,171,0.286,24,72,72,15,103,35,0,506,72,0.75,82,25,0.215
420034734014,0.2334,79,104,-25,-0.24,338,44,14,21,0.557,0,2,16,0,0,8,0,605,98,0.13,14,5,0.177
420034734021,0.1819,404,457,-53,-0.116,2221,113,134,157,0.28,98,136,74,2,12,21,9,484,74,0.83,116,35,0.287
420034734022,0.1303,255,295,-40,-0.136,1957,64,95,96,0.251,52,129,15,0,15,8,1,339,51,0.75,79,16,0.31
420034734023,0.3713,72,47,25,,194,11,14,47,0.153,0,1,0,0,32,16,0,926,132,0.08,14,0,0.194
420034735001,0.2332,649,513,136,0.265,2783,91,129,429,0.14,0,0,15,0,589,5,6,395,76,1.64,109,7,0.168
420034735002,0.2105,102,86,16,0.186,485,19,21,62,0.186,0,0,0,0,34,16,0,418,73,0.24,17,3,0.167
420034735003,0.4759,886,989,-103,-0.104,1862,350,316,220,0.395,228,194,321,0,24,27,1,982,164,0.9,238,87,0.269
420034736011,0.2939,434,383,51,0.133,1477,84,100,250,0.194,134,1,44,0,1,125,34,473,80,0.92,127,26,0.293
420034736012,0.281,430,525,-95,-0.181,1530,68,135,227,0.158,0,228,16,0,126,5,6,705,112,0.61,96,15,0.223
420034736013,0.2275,231,176,55,0.312,1016,64,67,100,0.277,10,102,12,0,8,9,45,767,130,0.3,75,24,0.325
420034736021,0.1826,23,30,-7,,126,10,3,10,0.435,0,8,0,0,0,4,1,299,49,0.08,7,4,0.304
420034736022,0.4589,185,130,55,0.423,403,33,47,105,0.178,30,83,14,0,21,2,0,821,128,0.23,45,7,0.243
420034736023,0.1288,65,71,-6,-0.085,504,11,13,41,0.169,0,7,2,0,0,36,0,325,68,0.2,24,2,0.369
420034736024,0.1763,293,262,31,0.118,1662,64,109,120,0.218,0,256,0,0,0,14,0,549,81,0.53,106,20,0.362
420034741011,0.653,240,212,28,0.132,368,91,80,69,0.379,19,65,42,19,2,10,16,1097,189,0.22,71,28,0.296
420034741012,0.9142,476,491,-15,-0.031,521,59,77,340,0.124,45,25,0,95,4,68,9,1063,190,0.45,153,16,0.321
420034741021,1.3094,2814,2609,205,0.079,2149,922,770,1122,0.328,1133,150,442,27,460,6,133,1104,168,2.55,861,303,0.306
420034741022,0.5394,405,377,28,0.074,751,114,105,186,0.281,7,136,94,1,23,62,10,616,99,0.66,129,30,0.319
420034742011,0.5563,152,136,16,0.118,273,27,36,89,0.178,0,60,18,0,6,30,11,621,117,0.24,43,3,0.283
420034742012,0.7206,87,80,7,0.087,121,25,27,35,0.287,34,23,4,0,1,12,8,706,126,0.12,27,3,0.31
420034742021,1.608,1179,1236,-57,-0.046,733,177,267,735,0.15,64,338,33,8,149,221,105,1204,215,0.98,497,72,0.422
420034742022,1.8131,896,777,119,0.153,494,364,144,388,0.406,2,10,72,0,123,35,0,1144,195,0.78,239,69,0.267
420034742031,0.4366,81,95,-14,-0.147,186,14,32,35,0.173,0,0,3,0,59,2,0,721,109,0.11,28,9,0.346
420034742032,0.3696,302,420,-118,-0.281,817,28,35,239,0.093,2,97,11,0,6,72,60,346,64,0.87,124,12,0.411
420034742033,0.8956,115,180,-65,-0.361,128,23,35,57,0.2,0,1,0,1,48,12,0,1189,163,0.1,43,13,0.374
420034751011,0.2368,20,12,8,,84,4,6,10,0.2,0,5,0,0,0,6,0,417,78,0.05,6,0,0.3
420034751012,0.2242,141,262,-121,-0.462,629,28,40,73,0.199,1,31,14,0,0,7,0,409,70,0.34,46,11,0.326
420034751013,0.3389,44,25,19,,130,16,14,14,0.364,2,16,0,0,0,1,1,667,109,0.07,6,3,0.136
420034751014,0.4105,3338,3651,-313,-0.086,8132,811,1053,1474,0.243,1158,905,408,8,74,134,278,848,133,3.94,1143,264,0.342
420034751021,0.7053,599,767,-168,-0.219,849,147,156,296,0.245,37,12,62,11,311,33,5,1034,185,0.58,129,29,0.215
420034752001,0.3189,40,37,3,,125,4,11,25,0.1,0,0,0,0,0,11,2,413,70,0.1,15,0,0.375
420034752002,0.5103,1089,1212,-123,-0.101,2134,436,283,370,0.4,696,22,203,0,0,2,2,763,109,1.43,400,168,0.367
420034752003,0.341,103,64,39,0.609,302,17,44,42,0.165,0,6,0,0,0,48,5,622,102,0.17,35,6,0.34
420034752004,0.6523,631,801,-170,-0.212,967,166,136,329,0.263,147,39,114,11,104,6,85,921,131,0.69,187,51,0.296
420034753011,0.2413,563,577,-14,-0.024,2334,202,217,144,0.359,149,55,177,120,0,12,0,372,65,1.51,214,71,0.38
420034753012,0.1571,133,154,-21,-0.136,846,39,50,44,0.293,4,62,13,4,0,5,0,262,41,0.51,49,9,0.368
420034753013,0.64,1459,1458,1,0.001,2280,132,275,1052,0.09,36,22,21,110,19,76,27,1061,182,1.38,558,54,0.382
420034753014,0.2696,532,521,11,0.021,1973,166,100,266,0.312,56,2,32,0,32,15,33,507,97,1.05,128,43,0.241
420034753031,0.4625,156,84,72,0.857,337,70,53,33,0.449,16,3,25,0,0,5,0,887,155,0.18,33,12,0.212
420034753032,0.3829,28,17,11,,73,3,8,17,0.107,0,0,0,0,0,1,0,543,79,0.05,11,2,0.393
420034753033,0.3535,45,65,-20,-0.308,127,3,12,30,0.067,0,0,2,0,43,0,0,530,88,0.08,8,1,0.178
420034753041,0.2195,32,28,4,,146,2,7,23,0.062,0,1,0,0,0,8,0,561,90,0.06,13,2,0.406
420034753042,0.6612,42,59,-17,-0.288,64,7,19,16,0.167,0,1,0,0,1,5,0,881,150,0.05,9,0,0.214
420034753043,0.3608,166,160,6,0.037,460,48,51,67,0.289,0,82,40,0,0,22,12,483,77,0.34,59,14,0.355
420034753044,0.4378,106,89,17,0.191,242,26,35,45,0.245,34,36,0,0,0,14,8,853,138,0.12,26,5,0.245
420034754011,0.7587,1216,873,343,0.393,1603,318,385,513,0.262,319,276,123,13,52,42,0,816,126,1.49,362,82,0.298
420034754012,0.5762,355,351,4,0.011,616,26,40,289,0.073,0,70,0,2,1,15,3,922,137,0.39,133,5,0.375
420034754013,0.9494,1426,1285,141,0.11,1502,497,486,443,0.349,634,217,290,0,10,44,48,397,61,3.59,455,141,0.319
420034754021,0.9271,258,297,-39,-0.131,278,57,62,139,0.221,47,26,3,0,0,90,37,795,111,0.32,102,21,0.395
420034754022,0.5664,246,299,-53,-0.177,434,54,76,116,0.22,1,17,89,0,78,3,12,895,133,0.27,77,22,0.313
420034761001,0.1147,108,106,2,0.019,942,17,20,71,0.157,10,6,0,0,0,0,0,339,59,0.32,32,7,0.296
420034761002,0.1959,393,509,-116,-0.228,2006,52,99,242,0.132,94,11,21,11,0,0,0,272,47,1.44,106,11,0.27
420034761003,0.2101,367,397,-30,-0.076,1747,85,130,152,0.232,109,48,40,4,32,53,15,450,79,0.82,93,17,0.253
420034761004,0.2378,1097,1085,12,0.011,4613,367,307,423,0.335,115,282,102,14,53,97,80,702,122,1.56,322,80,0.294
420034761005,0.1762,251,584,-333,-0.57,1424,114,75,62,0.454,38,99,25,4,28,2,5,672,108,0.37,60,27,0.239
420034762001,0.1221,70,53,17,0.321,574,5,8,57,0.071,2,0,0,0,0,54,0,411,61,0.17,20,0,0.286
420034762002,0.3311,288,377,-89,-0.236,870,72,91,125,0.25,68,49,7,36,0,1,1,763,132,0.38,73,16,0.253
420034762003,0.2098,68,68,0,0.0,324,9,20,39,0.132,5,10,4,0,2,0,1,663,102,0.1,10,3,0.147
420034771001,0.3009,593,687,-94,-0.137,1971,165,183,245,0.278,11,48,232,0,83,61,112,688,126,0.86,157,41,0.265
420034771002,0.2248,202,205,-3,-0.015,898,49,65,88,0.243,0,88,0,0,104,2,0,535,97,0.38,37,6,0.183
420034771003,0.3087,237,186,51,0.274,768,70,81,86,0.295,129,1,0,0,32,2,1,763,139,0.31,63,14,0.266
420034772001,0.2607,37,42,-5,,142,9,16,12,0.243,21,0,0,0,0,3,0,423,61,0.09,11,4,0.297
420034772002,0.1773,198,106,92,0.868,1117,26,53,119,0.131,0,45,0,108,0,0,0,356,53,0.56,69,8,0.348
420034772003,0.2562,327,311,16,0.051,1276,89,110,128,0.272,51,7,30,0,103,5,1,468,78,0.7,74,15,0.226
420034772004,0.4254,320,286,34,0.119,752,55,76,189,0.172,0,200,23,0,1,4,6,924,154,0.35,75,12,0.234
420034773001,0.082,25,24,1,,305,9,12,4,0.36,16,0,8,0,0,0,0,633,106,0.04,6,5,0.24
420034773002,0.075,4,44,-40,,53,0,3,1,0.0,0,0,3,0,0,0,0,494,104,0.01,0,0,0.0
420034773003,0.2563,84,78,6,0.077,328,7,27,50,0.083,3,18,0,5,52,0,0,603,94,0.14,21,2,0.25
420034773004,0.2782,1188,1091,97,0.089,4271,180,456,552,0.152,35,872,0,0,173,28,2,469,93,2.53,252,40,0.212
420034773005,0.6801,1892,1384,508,0.367,2782,359,860,673,0.19,29,339,0,0,0,44,7,852,136,2.22,458,101,0.242
420034781001,0.1031,84,61,23,0.377,815,10,38,36,0.119,0,49,0,0,0,32,0,640,100,0.13,24,5,0.286
420034781002,0.1003,253,310,-57,-0.184,2521,38,59,156,0.15,27,84,0,0,0,39,12,386,63,0.66,61,9,0.241
420034781003,0.2225,1234,1250,-16,-0.013,5547,363,424,447,0.294,286,408,163,9,20,28,142,510,85,2.42,394,119,0.319
420034781004,0.1588,133,89,44,0.494,837,56,41,36,0.421,33,12,66,0,0,7,0,560,81,0.24,40,18,0.301
420034782001,0.1996,712,573,139,0.243,3568,162,222,328,0.228,19,392,10,0,31,12,20,696,90,1.02,158,36,0.222
420034782002,0.4797,348,196,152,0.776,725,75,95,178,0.216,10,191,5,0,99,1,8,1091,172,0.32,65,13,0.187
420034782003,0.1847,118,168,-50,-0.298,639,28,32,58,0.237,15,7,28,0,38,0,2,1045,177,0.11,22,4,0.186
420034790001,0.2825,134,118,16,0.136,474,41,56,37,0.306,52,10,54,0,0,0,0,487,69,0.28,33,12,0.246
420034790002,0.2226,105,97,8,0.082,472,9,6,90,0.086,0,0,0,0,75,0,0,625,96,0.17,21,0,0.2
420034801011,0.1743,519,88,431,4.898,2977,68,24,427,0.131,0,13,74,0,0,3,3,306,53,1.7,214,18,0.412
420034801012,0.2621,157,145,12,0.083,599,75,31,51,0.478,12,6,15,0,51,0,20,558,91,0.28,44,20,0.28
420034801013,0.2157,586,565,21,0.037,2717,170,175,241,0.29,65,152,190,7,4,0,0,829,135,0.71,146,44,0.249
420034801014,0.233,163,203,-40,-0.197,700,43,47,73,0.264,9,98,0,0,0,8,0,1058,185,0.15,42,10,0.258
420034801021,0.2323,96,119,-23,-0.193,413,45,36,15,0.469,3,9,76,0,0,4,0,589,93,0.16,25,9,0.26
420034801022,0.1792,37,28,9,,206,7,16,14,0.189,1,14,0,0,0,0,0,655,96,0.06,7,1,0.189
420034801023,0.2425,168,260,-92,-0.354,693,16,37,115,0.095,0,0,0,0,45,0,0,486,85,0.35,42,4,0.25
420034802001,0.7709,538,376,162,0.431,698,111,140,287,0.206,7,260,19,0,148,0,0,1150,187,0.47,132,31,0.245
420034802002,0.1746,237,756,-519,-0.687,1358,33,30,174,0.139,29,65,1,0,0,0,0,361,53,0.66,71,5,0.3
420034802003,0.2517,153,163,-10,-0.061,608,35,48,70,0.229,9,2,35,0,20,14,0,439,60,0.35,47,8,0.307
420034803001,0.4796,25,18,7,,52,4,5,16,0.16,0,0,0,0,0,0,0,381,54,0.07,6,2,0.24
420034803002,0.3824,223,254,-31,-0.122,583,26,55,142,0.117,25,4,10,0,112,33,1,817,116,0.27,50,3,0.224
420034803003,0.2348,307,280,27,0.096,1308,37,34,236,0.121,16,200,17,0,0,71,0,723,105,0.42,54,7,0.176
420034804001,0.5202,67,45,22,,129,11,23,33,0.164,1,12,6,0,0,0,0,618,108,0.11,16,2,0.239
420034804002,0.5053,76,103,-27,-0.262,150,18,19,39,0.237,0,4,0,0,0,4,1,542,78,0.14,20,2,0.263
420034804003,0.2961,97,108,-11,-0.102,328,16,20,61,0.165,0,7,10,0,17,0,0,788,109,0.12,16,3,0.165
420034804004,0.6164,24,86,-62,-0.721,39,6,5,13,0.25,0,9,0,0,0,0,0,568,93,0.04,5,0,0.208
420034810001,0.0821,238,249,-11,-0.044,2898,60,73,105,0.252,120,20,5,0,0,19,1,415,92,0.57,71,18,0.298
420034810002,0.0816,193,338,-145,-0.429,2364,43,55,95,0.223,8,129,6,0,0,3,5,355,97,0.54,53,11,0.275
420034810003,0.0754,43,46,-3,,570,20,11,12,0.465,7,3,25,0,0,0,7,446,104,0.1,11,5,0.256
420034810004,0.1003,5,4,1,,50,1,3,1,0.2,0,2,0,0,0,0,0,313,80,0.02,2,0,0.4
420034825001,0.9218,1463,1658,-195,-0.118,1587,437,378,648,0.299,279,117,342,110,0,28,14,928,142,1.58,430,130,0.294
420034838001,0.0926,80,185,-105,-0.568,864,13,23,44,0.163,0,80,0,0,0,0,0,260,60,0.31,24,5,0.3
420034838002,0.3932,5005,5285,-280,-0.053,12728,1101,1345,2559,0.22,1142,282,753,8,1559,454,58,563,106,8.89,1599,357,0.319
420034838003,0.0903,108,204,-96,-0.471,1196,26,36,46,0.241,2,47,0,0,0,0,0,355,76,0.3,31,8,0.287
420034843001,0.498,694,847,-153,-0.181,1393,149,128,417,0.215,183,78,31,219,0,97,0,528,103,1.31,247,49,0.356
420034843002,0.2405,89,74,15,0.203,370,26,43,20,0.292,9,0,1,0,0,3,0,534,105,0.17,20,4,0.225
420034843003,0.1202,178,211,-33,-0.156,1481,33,44,101,0.185,0,8,0,23,43,3,43,505,95,0.35,33,5,0.185
420034845001,0.3704,79,24,55,,213,30,25,24,0.38,10,36,9,0,0,0,15,867,160,0.09,22,8,0.278
420034845002,0.1394,39,70,-31,-0.443,280,13,17,9,0.333,0,21,12,0,0,0,5,484,77,0.08,4,1,0.103
420034845003,0.1362,345,382,-37,-0.097,2533,105,122,118,0.304,31,61,49,0,38,2,12,548,95,0.63,86,25,0.249
420034845004,0.3241,31,40,-9,,96,8,16,7,0.258,22,0,0,2,0,0,0,855,148,0.04,10,1,0.323
420034846001,0.2131,263,273,-10,-0.037,1234,70,69,124,0.266,0,1,21,0,221,0,0,434,66,0.61,40,11,0.152
420034846002,0.2512,261,232,29,0.125,1039,62,71,128,0.238,14,126,31,0,3,23,0,606,114,0.43,35,10,0.134
420034850001,0.2963,33,33,0,,111,18,7,8,0.545,4,5,11,0,0,0,4,632,144,0.05,8,6,0.242
420034867001,0.7348,749,759,-10,-0.013,1019,45,152,552,0.06,2,184,39,333,0,14,0,563,130,1.33,230,19,0.307
420034867002,0.2275,138,119,19,0.16,606,27,40,71,0.196,12,26,0,0,0,0,0,293,82,0.47,45,6,0.326
420034868001,0.3731,342,351,-9,-0.026,917,38,68,236,0.111,9,18,11,30,79,91,0,287,72,1.19,118,9,0.345
420034868002,0.1219,21,34,-13,,172,9,7,5,0.429,0,6,0,0,0,0,0,437,87,0.05,7,2,0.333
420034869001,0.1138,7,7,0,,61,4,2,1,0.571,0,7,0,0,0,0,0,329,78,0.02,1,1,0.143
420034869002,0.2449,8,7,1,,33,2,2,4,0.25,0,7,0,0,0,0,0,227,67,0.04,0,0,0.0
420034870001,0.3945,71,67,4,0.06,180,13,21,37,0.183,2,0,17,0,0,3,0,313,66,0.23,20,3,0.282
420034870002,0.5718,362,337,25,0.074,633,60,53,249,0.166,13,13,11,4,0,0,0,494,105,0.73,148,14,0.409
420034881001,0.42,32,57,-25,-0.439,76,11,14,7,0.344,0,23,0,0,0,0,0,521,92,0.06,4,2,0.125
420034881002,0.2393,43,73,-30,-0.411,180,13,13,17,0.302,0,14,6,0,0,0,0,609,116,0.07,7,2,0.163
420034882001,0.5785,29,42,-13,,50,0,13,16,0.0,0,14,0,0,0,0,0,799,157,0.04,9,0,0.31
420034882002,0.3272,850,696,154,0.221,2598,386,206,258,0.454,140,43,34,0,129,6,6,291,56,2.92,201,76,0.236
420034882003,0.228,73,86,-13,-0.151,320,22,34,17,0.301,9,52,0,0,0,0,0,486,75,0.15,14,1,0.192
420034883001,0.499,46,48,-2,,92,16,10,20,0.348,7,9,0,0,0,3,0,545,94,0.08,22,9,0.478
420034883002,1.8992,4056,3823,233,0.061,2136,122,179,3755,0.03,137,2,27,9,208,3553,2,511,81,7.94,1375,23,0.339
420034884001,0.4093,41,269,-228,-0.848,100,7,17,17,0.171,17,0,0,0,0,1,0,532,111,0.08,10,2,0.244
420034884002,0.1939,16,18,-2,,83,6,6,4,0.375,5,1,6,0,0,0,0,469,73,0.03,3,1,0.188
420034884003,0.0716,57,57,0,0.0,796,20,24,13,0.351,42,7,0,0,0,4,0,468,86,0.12,8,3,0.14
420034884004,0.7654,190,152,38,0.25,248,88,62,40,0.463,104,8,20,0,0,15,0,819,146,0.23,40,14,0.211
420034885001,0.6336,471,413,58,0.14,743,33,129,309,0.07,19,0,0,0,0,1,0,460,63,1.02,168,7,0.357
420034885002,2.6564,2038,1856,182,0.098,767,218,335,1485,0.107,135,297,163,226,94,53,0,749,134,2.72,655,62,0.321
420034885003,0.4185,1023,1163,-140,-0.12,2445,124,290,609,0.121,144,109,56,212,0,15,247,348,61,2.94,332,28,0.325
420034886001,0.3773,56,92,-36,-0.391,148,10,19,27,0.179,0,11,19,0,1,0,0,328,59,0.17,20,0,0.357
420034886002,0.7749,324,1501,-1177,-0.784,418,53,69,202,0.164,10,9,7,113,0,1,4,376,75,0.86,131,15,0.404
420034886003,2.6967,3506,3374,132,0.039,1300,1054,1431,1021,0.301,2235,130,499,15,166,204,93,605,105,5.8,1605,439,0.458
420034886004,1.0294,1331,557,774,1.39,1293,86,123,1122,0.065,143,33,2,985,34,10,0,885,125,1.5,649,32,0.488
420034890011,0.1343,586,440,146,0.332,4362,145,234,207,0.247,109,138,172,42,3,10,27,317,38,1.85,219,52,0.374
420034890012,0.5833,2361,2216,145,0.065,4048,627,771,963,0.266,809,537,606,0,35,92,77,679,102,3.48,847,208,0.359
420034890013,0.7222,611,615,-4,-0.007,846,184,179,248,0.301,179,115,93,34,0,1,4,1289,197,0.47,191,60,0.313
420034890021,0.1456,965,618,347,0.561,6628,229,310,426,0.237,148,435,121,0,0,57,41,338,44,2.86,369,79,0.382
420034890022,0.3055,260,273,-13,-0.048,851,53,64,143,0.204,28,8,0,0,44,37,0,633,105,0.41,98,14,0.377
420034890023,0.2782,157,54,103,1.907,564,38,39,80,0.242,12,5,0,0,83,11,18,478,72,0.33,52,16,0.331
420034890024,0.6057,941,971,-30,-0.031,1554,131,260,550,0.139,0,434,0,172,0,15,5,475,64,1.98,288,48,0.306
420034900021,0.2193,112,84,28,0.333,511,56,25,31,0.5,19,6,40,9,5,0,0,557,81,0.2,50,25,0.446
420034900022,0.5868,100,111,-11,-0.099,170,13,29,58,0.13,0,0,0,0,63,3,0,582,94,0.17,31,6,0.31
420034900023,1.7388,135,167,-32,-0.192,78,51,41,43,0.378,16,8,33,0,0,16,1,890,139,0.15,43,17,0.319
420034900024,0.4392,33,104,-71,-0.683,75,11,17,5,0.333,17,1,0,0,0,4,0,304,52,0.11,19,8,0.576
420034900025,0.2013,50,71,-21,-0.296,248,12,8,30,0.24,0,6,7,0,0,0,3,396,72,0.13,15,2,0.3
420034900031,1.8497,279,467,-188,-0.403,151,57,77,145,0.204,13,20,45,0,173,7,7,448,74,0.62,76,17,0.272
420034900032,0.6944,442,723,-281,-0.389,637,143,122,177,0.324,51,168,23,33,0,5,0,617,92,0.72,100,33,0.226
420034900033,0.4701,678,450,228,0.507,1442,71,68,539,0.105,6,22,32,0,0,273,5,759,124,0.89,232,20,0.342
420034900041,0.5231,84,86,-2,-0.023,161,8,15,61,0.095,0,2,0,0,0,6,0,988,146,0.09,29,0,0.345
420034900042,1.6105,203,169,34,0.201,126,45,73,85,0.222,11,42,2,0,0,24,4,1220,183,0.17,80,11,0.394
420034900043,1.004,44,35,9,,44,6,8,30,0.136,0,5,6,0,0,0,0,389,68,0.11,20,1,0.455
420034911011,2.2026,193,168,25,0.149,88,51,41,101,0.264,3,49,7,16,2,20,3,1862,289,0.1,61,15,0.316
420034911012,2.1913,628,666,-38,-0.057,287,126,154,348,0.201,6,164,60,0,227,26,3,733,120,0.86,143,31,0.228
420034911013,2.0331,139,151,-12,-0.079,68,37,32,70,0.266,22,1,0,0,62,9,18,1302,193,0.11,29,8,0.209
420034912001,3.9856,2684,2715,-31,-0.011,673,338,676,1670,0.126,9,2214,123,68,62,88,47,1080,164,2.49,946,102,0.352
420034927001,1.3291,1622,1678,-56,-0.033,1220,84,58,1480,0.052,9,6,5,1478,10,6,0,450,110,3.6,910,37,0.561
420034927002,0.1563,58,59,-1,-0.017,371,7,6,45,0.121,0,0,0,0,0,0,0,345,88,0.17,41,6,0.707
420034928001,0.2952,256,295,-39,-0.132,867,51,72,133,0.199,61,19,21,21,94,3,0,410,102,0.62,82,18,0.32
420034928002,0.3407,29,44,-15,,85,4,13,12,0.138,3,3,0,0,0,0,15,540,126,0.05,12,1,0.414
420034929001,0.4922,36,76,-40,-0.526,73,14,15,7,0.389,1,0,15,0,0,0,0,531,124,0.07,6,5,0.167
420034929002,0.1559,6,11,-5,,38,2,0,4,0.333,0,0,0,0,0,0,0,292,65,0.02,2,0,0.333
420034940001,0.3429,370,344,26,0.076,1079,112,113,145,0.303,78,23,36,1,0,16,8,761,147,0.49,129,39,0.349
420034950001,11.4453,422,228,194,0.851,37,37,68,317,0.088,38,2,4,213,40,0,0,846,119,0.5,238,12,0.564
420034950002,7.4811,234,504,-270,-0.536,31,20,64,150,0.085,4,0,2,182,0,0,2,580,92,0.4,162,12,0.692
420034961011,1.487,451,518,-67,-0.129,303,112,117,222,0.248,34,61,74,22,211,1,8,694,119,0.65,156,28,0.346
420034961012,3.1001,226,258,-32,-0.124,73,46,35,145,0.204,0,11,5,86,0,4,14,744,122,0.3,102,11,0.451
420034961021,2.6783,622,548,74,0.135,232,158,170,294,0.254,176,17,36,22,99,8,5,756,119,0.82,248,45,0.399
420034961022,2.7927,241,203,38,0.187,86,67,98,76,0.278,14,76,32,11,0,0,4,736,131,0.33,101,16,0.419
420034961023,7.1223,184,97,87,0.897,26,47,46,91,0.255,6,0,15,0,0,33,0,529,96,0.35,88,20,0.478
420034962001,1.9119,199,294,-95,-0.323,104,48,54,97,0.241,45,0,8,16,0,23,0,747,122,0.27,64,14,0.322
420034962002,0.5381,55,64,-9,-0.141,102,11,12,32,0.2,0,10,4,0,29,0,0,448,83,0.12,17,2,0.309
420034962003,2.4706,103,126,-23,-0.183,42,41,29,33,0.398,2,5,12,1,26,0,0,813,132,0.13,23,8,0.223
420034962004,0.678,208,214,-6,-0.028,307,5,25,178,0.024,0,0,1,123,0,12,2,660,101,0.32,73,4,0.351
420034970001,4.7998,215,133,82,0.617,45,52,38,125,0.242,4,0,69,5,0,1,0,495,78,0.43,65,14,0.302
420034980001,0.4799,61,32,29,,127,8,11,42,0.131,0,2,0,36,0,0,0,662,118,0.09,14,0,0.23
420034980002,0.9505,156,191,-35,-0.183,164,37,39,80,0.237,8,3,48,0,71,2,0,626,108,0.25,59,17,0.378
420034993001,0.2257,198,220,-22,-0.1,877,24,29,145,0.121,7,0,31,0,0,0,0,276,50,0.72,97,8,0.49
420034993002,0.5695,48,3,45,,84,11,31,6,0.229,0,1,0,2,34,1,0,458,94,0.1,21,4,0.438
420034994001,0.5742,197,215,-18,-0.084,343,14,49,134,0.071,8,1,0,116,0,5,0,318,68,0.62,65,4,0.33
420034994002,0.0782,40,38,2,,511,16,14,10,0.4,30,1,1,0,0,0,0,380,92,0.11,18,6,0.45
420034994003,0.134,148,201,-53,-0.264,1104,42,34,72,0.284,29,35,5,0,0,1,22,505,110,0.29,31,7,0.209
420035003001,0.3815,123,141,-18,-0.128,322,22,16,85,0.179,9,20,3,0,0,0,0,619,103,0.2,44,6,0.358
420035003002,0.2522,27,32,-5,,107,9,11,7,0.333,16,2,0,0,0,0,0,338,48,0.08,11,6,0.407
420035003003,0.3482,60,68,-8,-0.118,172,2,8,50,0.033,0,0,0,0,57,0,0,279,37,0.22,15,1,0.25
420035003004,0.1519,26,21,5,,171,10,6,10,0.385,0,1,0,0,0,0,0,418,68,0.06,5,1,0.192
420035010001,0.4841,703,540,163,0.302,1452,105,165,433,0.149,60,59,3,86,55,46,10,717,134,0.98,327,38,0.465
420035030021,0.3939,72,66,6,0.091,183,18,23,31,0.25,17,39,0,0,0,0,0,419,72,0.17,38,13,0.528
420035030022,0.2692,196,129,67,0.519,728,55,49,92,0.281,7,31,2,0,102,20,11,508,89,0.39,79,19,0.403
420035030023,0.3565,139,141,-2,-0.014,390,61,34,44,0.439,0,42,48,0,0,4,0,582,100,0.24,49,23,0.353
420035030024,0.247,238,241,-3,-0.012,963,73,73,92,0.307,21,36,17,39,0,34,49,372,71,0.64,87,20,0.366
420035030025,0.8171,342,347,-5,-0.014,419,128,93,121,0.374,26,29,159,0,60,3,20,746,132,0.46,151,51,0.442
420035041001,0.4404,107,95,12,0.126,243,19,25,63,0.178,14,3,0,3,0,1,2,461,88,0.23,32,6,0.299
420035041002,0.7095,804,704,100,0.142,1133,195,428,181,0.243,594,3,78,0,0,9,21,237,53,3.39,396,95,0.493
420035041003,0.2197,36,40,-4,,164,19,16,1,0.528,0,13,3,0,0,1,0,332,64,0.11,14,7,0.389
420035041004,1.4024,168,319,-151,-0.473,120,40,46,82,0.238,9,14,27,0,0,2,0,626,123,0.27,64,19,0.381
420035041005,0.5907,551,811,-260,-0.321,933,204,176,171,0.37,48,96,107,9,0,30,14,552,94,1.0,220,84,0.399
420035070001,0.2173,72,79,-7,-0.089,331,7,20,45,0.097,0,0,0,0,0,0,0,377,72,0.19,24,3,0.333
420035070002,0.1958,231,194,37,0.191,1180,61,52,118,0.264,37,63,28,0,1,16,4,652,120,0.35,83,16,0.359
420035080001,0.2133,246,464,-218,-0.47,1153,28,30,188,0.114,0,0,1,176,0,5,1,337,75,0.73,112,6,0.455
420035080002,0.2158,180,144,36,0.25,834,71,48,61,0.394,16,14,23,0,65,1,7,431,95,0.42,49,21,0.272
420035094001,0.2372,167,162,5,0.031,704,49,53,65,0.293,8,94,4,0,0,1,0,526,99,0.32,49,15,0.293
420035094002,0.1538,73,74,-1,-0.014,475,4,11,58,0.055,5,8,0,0,54,0,0,447,76,0.16,15,0,0.205
420035094003,0.0735,15,17,-2,,204,3,5,7,0.2,6,0,0,0,0,0,0,312,64,0.05,4,1,0.267
420035094004,0.2529,297,406,-109,-0.268,1174,69,89,139,0.232,39,42,51,1,74,0,24,487,101,0.61,90,16,0.303
420035094005,0.2558,749,641,108,0.168,2929,116,140,493,0.155,53,112,7,201,0,230,4,411,83,1.82,213,28,0.284
420035100001,0.2965,691,946,-255,-0.27,2331,67,136,488,0.097,11,45,2,373,0,37,3,363,94,1.9,234,21,0.339
420035100002,0.0911,50,50,0,0.0,549,9,16,25,0.18,7,13,0,0,0,0,0,432,92,0.12,21,6,0.42
420035120001,0.1713,2,4,-2,,12,0,1,1,0.0,0,1,0,0,0,0,0,313,67,0.01,1,0,0.5
420035120002,0.3232,202,231,-29,-0.126,625,54,75,73,0.267,0,98,0,2,0,0,0,550,112,0.37,55,21,0.272
420035130001,0.8091,832,846,-14,-0.017,1028,44,57,731,0.053,0,15,33,703,36,0,0,506,141,1.64,388,15,0.466
420035130002,0.1888,53,138,-85,-0.616,281,25,12,16,0.472,0,5,14,0,0,3,0,403,109,0.13,19,4,0.358
420035138001,0.1066,63,71,-8,-0.113,591,1,10,52,0.016,0,2,0,0,0,0,0,286,68,0.22,28,0,0.444
420035138002,0.4566,635,767,-132,-0.172,1391,116,186,333,0.183,34,82,10,230,0,22,0,458,126,1.39,191,26,0.301
420035140001,0.0921,31,28,3,,337,14,12,5,0.452,1,0,0,0,0,0,0,271,56,0.11,7,2,0.226
420035140002,0.341,521,447,74,0.166,1528,49,80,392,0.094,5,64,21,45,0,0,0,384,86,1.36,246,18,0.472
420035151001,0.1966,85,88,-3,-0.034,432,24,8,53,0.282,0,1,0,0,0,0,0,363,75,0.23,25,5,0.294
420035151002,0.1614,253,300,-47,-0.157,1568,63,71,119,0.249,33,58,0,8,0,50,0,573,129,0.44,79,18,0.312
420035151003,0.0675,45,57,-12,-0.211,667,17,14,14,0.378,4,0,25,0,0,0,0,335,75,0.13,13,6,0.289
420035152001,0.1228,41,19,22,,334,21,7,13,0.512,0,9,17,0,0,5,0,474,81,0.09,17,10,0.415
420035152002,0.0878,49,37,12,,558,6,23,20,0.122,0,2,2,0,27,13,0,614,107,0.08,9,0,0.184
420035153001,0.0906,1178,985,193,0.196,12995,402,303,473,0.341,64,505,13,47,9,417,7,328,75,3.59,632,250,0.537
420035153002,0.2446,36,58,-22,-0.379,147,13,13,10,0.361,0,2,28,0,0,0,0,498,111,0.07,19,9,0.528
420035154011,0.1008,580,479,101,0.211,5753,169,207,204,0.291,302,2,144,0,70,15,16,498,83,1.16,186,55,0.321
420035154012,0.0536,52,29,23,,970,22,23,7,0.423,0,0,23,0,23,0,0,345,57,0.15,10,5,0.192
420035154013,0.0808,346,467,-121,-0.259,4282,96,153,97,0.277,20,224,59,0,0,9,0,441,73,0.78,79,25,0.228
420035161001,0.2755,299,264,35,0.133,1085,69,75,155,0.231,83,21,34,9,0,30,33,889,114,0.34,101,18,0.338
420035162001,0.1789,455,236,219,0.928,2544,60,139,256,0.132,1,98,6,5,276,7,0,435,53,1.05,137,25,0.301
420035162002,0.1335,118,85,33,0.388,884,12,27,79,0.102,0,18,6,0,0,10,0,569,74,0.21,30,3,0.254
420035170001,0.2996,112,1207,-1095,-0.907,374,22,38,52,0.196,12,20,25,0,0,12,0,309,55,0.36,36,4,0.321
420035170002,0.648,344,347,-3,-0.009,531,74,109,161,0.215,96,18,42,3,135,0,8,520,78,0.66,80,16,0.233
420035180011,0.293,369,510,-141,-0.276,1259,37,64,268,0.1,7,199,0,0,13,91,11,516,76,0.72,134,15,0.363
420035180012,0.324,467,463,4,0.009,1441,63,108,296,0.135,0,112,0,55,2,34,17,622,90,0.75,240,30,0.514
420035180013,0.3745,229,420,-191,-0.455,611,59,47,123,0.258,8,49,29,0,0,37,14,469,65,0.49,76,17,0.332
420035190001,0.8817,233,144,89,0.618,264,19,63,151,0.082,1,128,0,0,63,2,0,544,79,0.43,61,8,0.262
420035190002,0.7243,520,1535,-1015,-0.661,718,102,110,308,0.196,13,25,105,1,232,38,0,625,107,0.83,207,47,0.398
420035190003,0.5819,52,29,23,,89,14,10,28,0.269,0,28,0,3,0,0,4,371,58,0.14,23,5,0.442
420035200011,0.8975,2907,4312,-1405,-0.326,3239,623,936,1348,0.214,475,627,341,78,42,231,98,694,113,4.19,1324,303,0.455
420035200012,0.7929,357,466,-109,-0.234,450,100,132,125,0.28,199,49,66,0,0,2,7,916,161,0.39,167,47,0.468
420035200021,0.4648,278,286,-8,-0.028,598,94,110,74,0.338,66,47,5,0,0,5,0,519,89,0.54,76,22,0.273
420035200022,0.4096,84,89,-5,-0.056,205,26,28,30,0.31,13,2,12,0,0,2,14,541,88,0.16,25,3,0.298
420035200023,0.1759,28,27,1,,159,7,7,14,0.25,0,9,0,6,0,5,0,534,100,0.05,9,4,0.321
420035211001,0.4406,327,387,-60,-0.155,742,15,60,252,0.046,0,15,0,93,0,0,0,542,82,0.6,184,6,0.563
420035211002,0.3629,153,71,82,1.155,422,36,59,58,0.235,0,59,8,0,49,3,9,669,130,0.23,71,12,0.464
420035211003,1.0067,323,272,51,0.188,321,59,83,181,0.183,10,112,11,6,48,4,1,1155,203,0.28,105,15,0.325
420035212001,0.9039,2495,2512,-17,-0.007,2760,675,764,1056,0.271,1044,406,335,6,32,86,130,998,195,2.5,1106,297,0.443
420035212002,0.9703,5457,5533,-76,-0.014,5624,1385,1284,2788,0.254,2560,487,792,5,18,168,49,441,72,12.37,2439,608,0.447
420035212003,0.9558,85,113,-28,-0.248,89,25,36,24,0.294,0,51,9,0,0,0,0,634,107,0.13,37,7,0.435
420035213011,0.3827,3953,3692,261,0.071,10329,934,1157,1862,0.236,660,1790,676,63,1,213,237,371,68,10.65,1800,379,0.455
420035213012,0.3574,1534,1410,124,0.088,4292,227,449,858,0.148,36,518,97,8,431,168,78,554,92,2.77,655,101,0.427
420035213013,1.2678,66,76,-10,-0.132,52,32,18,16,0.485,2,4,20,0,0,0,0,365,58,0.18,29,13,0.439
420035213014,0.9534,806,1024,-218,-0.213,845,138,218,450,0.171,108,283,69,178,0,5,29,611,95,1.32,375,51,0.465
420035213021,0.408,408,464,-56,-0.121,1000,148,160,100,0.363,210,119,29,4,0,2,5,670,113,0.61,167,74,0.409
420035213022,0.1457,772,735,37,0.05,5297,135,172,465,0.175,276,188,5,0,0,2,33,444,86,1.74,274,54,0.355
420035213023,1.3604,1352,504,848,1.683,994,99,115,1138,0.073,51,35,0,3,11,983,0,636,123,2.13,622,36,0.46
420035213024,1.164,110,131,-21,-0.16,94,13,19,78,0.118,4,0,3,11,0,2,16,281,53,0.39,46,5,0.418
420035214011,2.0564,2462,1264,1198,0.948,1197,243,549,1670,0.099,247,1749,23,0,14,9,0,934,150,2.64,1090,100,0.443
420035214012,0.7722,159,218,-59,-0.271,206,59,62,38,0.371,82,3,31,0,0,27,0,388,60,0.41,82,31,0.516
420035214021,0.7538,36,17,19,,48,14,12,10,0.389,0,12,4,0,0,0,1,589,94,0.06,9,5,0.25
420035214022,0.867,102,82,20,0.244,118,8,20,74,0.078,0,1,0,0,60,0,0,627,98,0.16,61,3,0.598
420035214023,0.5951,9,70,-61,-0.871,15,0,3,6,0.0,0,1,0,0,0,4,0,562,73,0.02,3,0,0.333
420035215001,1.7972,1053,972,81,0.083,586,206,294,553,0.196,421,61,32,174,37,75,0,680,130,1.55,548,90,0.52
420035215002,1.6958,875,869,6,0.007,516,145,215,515,0.166,150,177,4,0,304,89,0,879,151,1.0,388,55,0.443
420035215003,0.555,953,1332,-379,-0.285,1717,143,180,630,0.15,21,210,30,147,5,123,9,378,71,2.52,454,43,0.476
420035220001,0.1015,30,45,-15,,296,13,8,9,0.433,6,9,7,0,0,0,0,271,61,0.11,8,2,0.267
420035220002,0.1207,553,1191,-638,-0.536,4583,39,47,467,0.071,8,5,27,1,32,0,0,637,150,0.87,201,14,0.363
420035220003,0.2834,213,199,14,0.07,752,68,102,43,0.319,1,0,0,0,0,0,0,433,91,0.49,67,25,0.315
420035231001,1.5694,421,410,11,0.027,268,87,116,218,0.207,28,36,0,13,0,29,0,538,122,0.78,95,16,0.226
420035231002,0.3759,103,42,61,,274,39,31,33,0.379,6,23,13,0,0,5,0,447,87,0.23,21,5,0.204
420035231003,0.2662,108,96,12,0.125,406,22,37,49,0.204,6,31,0,0,0,21,0,329,80,0.33,15,1,0.139
420035231004,0.4144,18,20,-2,,43,4,3,11,0.222,0,9,0,0,0,0,0,259,53,0.07,7,0,0.389
420035232001,0.6377,306,253,53,0.209,480,53,103,150,0.173,96,98,0,0,0,4,2,566,110,0.54,95,17,0.31
420035232002,0.2073,112,118,-6,-0.051,540,36,37,39,0.321,7,60,4,0,20,0,0,442,92,0.25,18,6,0.161
420035232003,0.2769,17,9,8,,61,5,6,6,0.294,0,11,0,0,0,1,0,495,100,0.03,6,0,0.353
420035232004,0.1214,68,51,17,0.333,560,24,34,10,0.353,33,0,4,0,0,1,0,267,55,0.25,18,6,0.265
420035233001,0.2723,88,78,10,0.128,323,20,34,34,0.227,31,23,3,0,0,3,0,358,59,0.25,26,5,0.295
420035233002,0.5176,135,107,28,0.262,261,40,45,50,0.296,22,37,32,0,0,19,11,596,86,0.23,41,16,0.304
420035233003,0.1473,116,129,-13,-0.101,787,37,42,37,0.319,27,15,24,0,0,20,0,324,61,0.36,33,15,0.284
420035233004,0.4403,62,43,19,,141,21,30,11,0.339,10,40,1,0,0,2,1,654,124,0.09,12,6,0.194
420035234001,0.3327,345,326,19,0.058,1037,61,146,138,0.177,40,148,9,0,1,6,0,631,117,0.55,116,20,0.336
420035234002,0.1063,28,1,27,,264,3,16,9,0.107,0,1,0,0,0,0,0,327,54,0.09,17,2,0.607
420035234003,0.1528,60,32,28,,393,24,17,19,0.4,0,33,0,0,0,0,0,341,59,0.18,18,4,0.3
420035234004,0.1632,19,109,-90,-0.826,116,3,5,11,0.158,0,0,0,0,0,4,0,331,56,0.06,10,2,0.526
420035234005,0.1922,221,241,-20,-0.083,1150,83,69,69,0.376,116,72,0,0,0,0,4,417,75,0.53,61,24,0.276
420035234006,0.3091,1287,1213,74,0.061,4164,361,364,562,0.28,337,389,159,0,0,36,40,321,58,4.01,454,117,0.353
420035235011,0.7299,304,219,85,0.388,416,42,35,227,0.138,8,40,8,0,0,1,0,853,168,0.36,90,9,0.296
420035235012,0.5843,287,349,-62,-0.178,491,67,93,127,0.233,45,13,51,0,105,0,13,732,125,0.39,87,24,0.303
420035235013,0.456,221,325,-104,-0.32,485,50,55,116,0.226,7,0,61,0,124,10,2,669,118,0.33,70,14,0.317
420035235021,1.8264,551,605,-54,-0.089,302,104,173,274,0.189,129,20,10,75,72,1,0,794,128,0.69,215,37,0.39
420035236001,1.1384,735,925,-190,-0.205,646,165,272,298,0.224,65,222,36,39,3,52,6,798,133,0.92,274,42,0.373
420035236002,0.2132,62,44,18,,291,12,22,28,0.194,12,46,0,0,1,0,0,472,92,0.13,21,5,0.339
420035236003,0.5924,382,406,-24,-0.059,645,31,66,285,0.081,0,28,0,188,161,0,0,961,167,0.4,120,12,0.314
420035237011,0.8518,29,34,-5,,34,8,8,13,0.276,0,14,0,0,0,9,0,374,61,0.08,3,0,0.103
420035237012,0.5961,38,32,6,,64,8,13,17,0.211,0,17,0,0,0,3,0,611,111,0.06,8,3,0.211
420035237013,0.4043,30,23,7,,74,5,9,16,0.167,0,11,0,0,0,2,0,452,82,0.07,6,2,0.2
420035237014,0.6762,205,206,-1,-0.005,303,17,53,135,0.083,1,32,0,114,0,4,0,508,74,0.4,47,4,0.229
420035237021,1.2882,286,355,-69,-0.194,222,84,79,123,0.294,99,30,29,0,0,4,12,805,114,0.36,114,25,0.399
420035237022,0.7482,284,448,-164,-0.366,380,93,92,99,0.327,44,93,63,0,0,11,0,686,124,0.41,93,26,0.327
420035237023,0.5639,449,445,4,0.009,796,85,171,193,0.189,33,20,22,4,0,0,3,535,105,0.84,172,30,0.383
420035237024,0.1137,47,39,8,,413,13,15,19,0.277,1,25,2,3,0,8,0,240,41,0.2,17,7,0.362
420035238001,0.371,74,119,-45,-0.378,199,10,28,36,0.135,0,50,0,0,0,0,0,618,107,0.12,14,3,0.189
420035238002,0.3131,93,98,-5,-0.051,297,18,34,41,0.194,26,60,0,0,0,0,0,370,63,0.25,21,4,0.226
420035238003,0.1721,351,269,82,0.305,2039,122,110,119,0.348,0,255,8,0,0,0,0,534,79,0.66,93,26,0.265
420035238004,0.9955,321,337,-16,-0.047,322,93,110,118,0.29,139,27,27,7,0,7,0,780,127,0.41,69,23,0.215
420035240001,0.0821,183,181,2,0.011,2229,61,42,80,0.333,34,11,30,12,30,6,5,290,61,0.63,41,10,0.224
420035240002,0.2298,676,525,151,0.288,2941,93,128,455,0.138,23,69,69,14,0,40,8,526,91,1.29,291,33,0.43
420035240003,0.1949,461,541,-80,-0.148,2365,23,92,346,0.05,32,1,0,338,0,0,0,316,62,1.46,181,11,0.393
420035251001,0.5243,294,328,-34,-0.104,561,27,32,235,0.092,0,10,0,0,11,6,0,1096,178,0.27,149,11,0.507
420035252001,0.1778,433,428,5,0.012,2435,134,158,141,0.309,85,52,46,8,8,22,58,560,102,0.77,147,37,0.339
420035252002,0.2553,1214,1283,-69,-0.054,4756,237,324,653,0.195,45,271,236,337,1,74,29,617,105,1.97,381,60,0.314
420035253001,0.2694,955,1041,-86,-0.083,3544,168,271,516,0.176,52,492,6,91,6,55,0,384,60,2.49,462,70,0.484
420035253002,0.3567,706,702,4,0.006,1979,156,176,374,0.221,27,45,63,167,120,12,26,731,112,0.97,237,40,0.336
420035261011,1.8094,319,306,13,0.042,176,57,101,161,0.179,11,0,73,8,52,5,0,282,40,1.13,150,21,0.47
420035261012,9.1666,964,1077,-113,-0.105,105,113,248,603,0.117,3,338,62,126,146,22,0,1510,262,0.64,433,39,0.449
420035261013,0.945,39,44,-5,,41,7,9,23,0.179,1,3,0,0,0,14,0,1089,166,0.04,20,3,0.513
420035261014,1.3248,518,607,-89,-0.147,391,153,172,193,0.295,58,309,86,2,0,16,7,476,71,1.09,214,59,0.413
420035261021,5.3274,290,232,58,0.25,54,70,89,131,0.241,5,68,1,19,0,19,0,1139,210,0.25,119,33,0.41
420035262011,0.6922,120,118,2,0.017,173,5,11,104,0.042,0,2,0,0,0,2,0,620,129,0.19,51,2,0.425
420035262012,1.6973,518,517,1,0.002,305,92,164,262,0.178,31,37,60,4,107,119,0,1160,214,0.45,212,20,0.409
420035262021,0.5105,254,230,24,0.104,498,42,84,128,0.165,20,22,4,34,24,10,2,573,85,0.44,118,17,0.465
420035262022,3.6311,1194,1714,-520,-0.303,329,197,271,726,0.165,54,50,68,75,4,187,40,1144,184,1.04,533,73,0.446
420035262023,0.2418,90,89,1,0.011,372,24,27,39,0.267,3,27,16,0,0,0,0,582,114,0.15,33,7,0.367
420035263011,0.5296,155,161,-6,-0.037,293,23,54,78,0.148,0,39,2,0,60,2,5,865,159,0.18,59,8,0.381
420035263012,1.1493,111,173,-62,-0.358,97,21,17,73,0.189,7,7,13,0,0,4,2,1098,173,0.1,40,3,0.36
420035263021,0.5013,564,709,-145,-0.205,1125,191,142,231,0.339,143,3,31,0,0,7,12,934,148,0.6,279,89,0.495
420035263022,0.2396,59,69,-10,-0.145,246,7,13,39,0.119,0,4,0,0,54,0,0,459,60,0.13,21,2,0.356
420035263023,0.4519,691,681,10,0.015,1529,110,142,439,0.159,105,56,79,126,1,95,4,609,97,1.13,346,29,0.501
420035263024,0.3524,626,564,62,0.11,1777,165,145,316,0.264,147,24,75,69,0,151,21,502,78,1.25,343,80,0.548
420035509001,0.2119,896,966,-70,-0.072,4229,101,281,514,0.113,5,832,12,0,0,0,0,234,52,3.83,273,35,0.305
420035509002,0.1702,71,84,-13,-0.155,417,19,32,20,0.268,7,41,7,0,0,0,0,372,92,0.19,22,7,0.31
420035512001,0.1538,68,41,27,,442,9,13,46,0.132,11,5,0,0,0,0,0,386,81,0.18,37,5,0.544
420035512002,0.2041,265,271,-6,-0.022,1299,83,99,83,0.313,0,185,5,0,0,6,1,489,102,0.54,61,18,0.23
420035512003,0.1472,26,32,-6,,177,10,11,5,0.385,11,14,0,0,0,0,0,451,112,0.06,9,4,0.346
420035513001,0.435,317,368,-51,-0.139,729,61,103,153,0.192,83,34,6,0,170,5,16,468,92,0.68,103,17,0.325
420035513002,1.0908,560,633,-73,-0.115,513,127,194,239,0.227,95,137,93,10,41,3,9,671,109,0.83,218,44,0.389
420035519001,0.6991,1462,1612,-150,-0.093,2091,287,487,688,0.196,110,465,63,93,126,7,32,461,128,3.17,432,80,0.295
420035520001,0.0561,7,4,3,,125,1,6,0,0.143,0,7,0,0,0,0,0,200,53,0.04,0,0,0.0
420035520002,0.0576,37,39,-2,,642,2,13,22,0.054,0,1,0,0,36,0,0,242,72,0.15,11,0,0.297
420035520003,0.0461,4,14,-10,,87,2,2,0,0.5,2,2,0,0,0,0,0,186,39,0.02,1,0,0.25
420035520004,0.0871,20,20,0,,230,6,9,5,0.3,11,8,0,0,0,0,0,291,77,0.07,7,2,0.35
420035521001,0.1666,525,1898,-1373,-0.723,3151,87,173,265,0.166,8,411,0,0,45,0,0,155,43,3.39,113,12,0.215
420035521002,0.1007,422,497,-75,-0.151,4190,35,73,314,0.083,1,169,8,0,0,0,0,195,63,2.16,121,10,0.287
420035522001,0.3127,440,555,-115,-0.207,1407,44,211,185,0.1,8,38,2,0,0,0,3,471,102,0.93,205,23,0.466
420035523001,0.1091,81,76,5,0.066,743,14,17,50,0.173,0,43,0,0,31,0,0,253,63,0.32,26,7,0.321
420035523002,0.1433,4,4,0,,28,0,1,3,0.0,0,2,0,0,0,0,0,257,51,0.02,1,0,0.25
420035523003,0.0684,57,56,1,0.018,833,8,10,39,0.14,8,0,2,0,40,0,0,207,50,0.28,16,1,0.281
420035524001,0.0815,3,2,1,,37,0,3,0,0.0,0,3,0,0,0,0,0,252,50,0.01,2,0,0.667
420035524002,0.1779,53,64,-11,-0.172,298,25,18,10,0.472,0,0,36,0,0,0,4,360,65,0.15,12,3,0.226
420035524003,0.5303,382,411,-29,-0.071,720,70,114,198,0.183,83,8,18,92,10,0,0,605,138,0.63,151,25,0.395
420035604001,0.1442,1104,1321,-217,-0.164,7656,139,248,717,0.126,49,500,64,0,0,6,0,367,72,3.01,383,32,0.347
420035604002,0.0534,42,119,-77,-0.647,787,2,15,25,0.048,0,25,0,0,0,4,0,426,94,0.1,13,0,0.31
420035605001,0.074,105,146,-41,-0.281,1420,16,34,55,0.152,0,0,22,0,0,9,0,555,78,0.19,23,4,0.219
420035605002,0.1053,53,76,-23,-0.303,503,6,18,29,0.113,1,2,0,0,0,8,0,672,113,0.08,8,0,0.151
420035614001,0.1287,22,14,8,,171,4,5,13,0.182,0,1,0,0,0,0,1,285,56,0.08,5,0,0.227
420035614002,0.2372,49,43,6,,207,10,12,27,0.204,0,22,0,0,1,0,0,460,88,0.11,10,0,0.204
420035614003,0.1761,168,109,59,0.541,954,18,21,129,0.107,6,16,0,9,0,0,0,415,99,0.4,73,3,0.435
420035614004,0.1625,143,177,-34,-0.192,880,31,39,73,0.217,11,4,19,6,0,2,0,614,115,0.23,32,6,0.224
420035615001,0.2209,292,315,-23,-0.073,1322,19,41,232,0.065,2,28,0,0,0,33,0,531,87,0.55,99,4,0.339
420035615002,0.1384,104,50,54,1.08,751,13,28,63,0.125,0,47,0,0,0,13,0,343,82,0.3,30,4,0.288
420035615003,0.1348,34,35,-1,,252,12,16,6,0.353,15,8,0,0,0,0,0,239,51,0.14,11,3,0.324
420035619001,0.1652,95,42,53,,575,9,20,66,0.095,0,35,0,0,52,0,0,286,74,0.33,30,2,0.316
420035619002,0.2521,129,37,92,,512,30,55,44,0.233,0,85,0,0,0,0,0,512,118,0.25,33,9,0.256
420035620001,0.0327,369,371,-2,-0.005,11301,81,110,178,0.22,57,153,85,0,0,14,10,333,67,1.11,101,28,0.274
420035620002,0.104,770,490,280,0.571,7407,97,193,480,0.126,54,266,49,7,0,36,1,284,67,2.71,204,31,0.265
420035620003,0.0899,468,325,143,0.44,5205,35,181,252,0.075,0,7,108,0,339,1,0,239,45,1.96,100,8,0.214
420035623001,0.6024,319,359,-40,-0.111,530,12,57,250,0.038,11,264,5,0,35,0,0,490,116,0.65,31,4,0.097
420035623002,0.261,0,0,0,,0,0,0,0,,0,0,0,0,0,0,0,0,0,,0,0,
420035623003,0.3401,263,270,-7,-0.026,773,34,97,132,0.129,21,61,31,58,11,5,5,743,171,0.35,49,7,0.186
420035624001,0.3149,213,159,54,0.34,676,52,79,82,0.244,136,34,26,0,0,0,0,464,81,0.46,41,11,0.192
420035624002,0.2447,254,236,18,0.076,1038,5,3,246,0.02,0,0,0,0,0,0,0,225,51,1.13,41,0,0.161
420035624003,0.1707,29,50,-21,-0.42,170,9,13,7,0.31,6,9,0,0,0,0,0,452,103,0.06,7,2,0.241
420035625001,0.4155,194,171,23,0.135,467,19,39,136,0.098,6,7,0,0,21,0,0,382,86,0.51,70,6,0.361
420035625002,0.136,113,153,-40,-0.261,831,16,27,70,0.142,17,5,0,16,68,0,0,350,67,0.32,20,4,0.177
420035625003,0.2287,178,137,41,0.299,778,12,24,142,0.067,0,4,1,4,0,0,0,420,88,0.42,67,4,0.376
420035626001,0.4182,796,1229,-433,-0.352,1903,248,211,337,0.312,6,15,0,72,0,22,7,525,110,1.52,239,77,0.3
420035626002,0.3901,521,644,-123,-0.191,1335,60,76,385,0.115,3,9,3,8,0,2,13,586,119,0.89,149,24,0.286
420035627001,0.1448,1183,1708,-525,-0.307,8169,245,257,681,0.207,10,107,41,29,674,24,93,285,30,4.15,316,77,0.267
420035627002,0.2064,3251,3596,-345,-0.096,15749,350,446,2455,0.108,2,453,179,3,299,561,446,672,79,4.84,958,87,0.295
420035628001,0.4335,745,749,-4,-0.005,1719,124,159,462,0.166,0,203,8,201,0,17,2,236,50,3.16,296,43,0.397
420035628002,0.2524,275,298,-23,-0.077,1090,65,79,131,0.236,25,20,48,20,40,9,52,438,78,0.63,89,16,0.324
420035629011,0.5591,560,41,519,,1002,14,38,508,0.025,0,1,0,23,2,428,0,249,58,2.25,126,3,0.225
420035629012,0.3102,181,145,36,0.248,583,50,32,99,0.276,3,67,9,0,0,4,0,414,89,0.44,38,6,0.21
420035630001,0.9697,2755,2052,703,0.343,2841,476,963,1316,0.173,61,127,2,202,0,6,0,498,95,5.53,1035,175,0.376
420035630002,0.2219,48,39,9,,216,4,10,34,0.083,0,7,0,0,0,0,1,335,54,0.14,13,1,0.271
420035630003,0.3291,70,66,4,0.061,213,12,17,41,0.171,18,0,0,21,9,0,0,520,86,0.13,18,4,0.257
420035631001,0.7086,238,188,50,0.266,336,31,32,175,0.13,0,0,0,9,37,1,0,683,125,0.35,73,12,0.307
420035631002,0.3395,328,428,-100,-0.234,966,95,107,126,0.29,136,18,51,2,0,4,0,1044,159,0.31,107,23,0.326
420035632011,0.1219,2674,2398,276,0.115,21932,166,283,2225,0.062,16,182,57,0,0,604,581,224,24,11.94,959,50,0.359
420035632021,0.1139,659,918,-259,-0.282,5784,209,187,263,0.317,155,94,209,18,0,48,17,416,61,1.58,165,46,0.25
420035632022,0.1213,601,614,-13,-0.021,4953,102,210,289,0.17,0,461,18,13,26,7,1,537,68,1.12,116,13,0.193
420035633001,2.4657,76,37,39,,31,12,36,28,0.158,0,1,32,12,0,2,8,332,51,0.23,28,7,0.368
420035633002,7.3241,258,490,-232,-0.473,35,53,41,164,0.205,0,0,0,0,12,33,0,409,69,0.63,100,22,0.388
420035638001,2.5323,221,247,-26,-0.105,87,54,67,100,0.244,1,12,2,0,0,8,0,311,48,0.71,89,20,0.403
420035638002,1.7812,950,903,47,0.052,533,161,229,560,0.169,38,374,0,46,0,22,3,742,107,1.28,375,51,0.395
420035638003,0.8198,36,53,-17,-0.321,44,9,6,21,0.25,0,1,0,0,0,0,0,83,17,0.43,11,0,0.306
420035638004,0.1727,82,98,-16,-0.163,475,24,18,40,0.293,0,0,25,36,0,3,0,27,6,3.04,21,4,0.256
420035638005,0.4302,155,190,-35,-0.184,360,14,36,105,0.09,9,70,0,0,48,5,4,224,37,0.69,65,4,0.419
420035638006,0.1736,72,68,4,0.059,415,25,20,27,0.347,0,0,0,0,0,1,0,159,27,0.45,26,5,0.361
420035639001,0.1583,109,102,7,0.069,689,12,14,83,0.11,6,0,0,18,0,76,0,358,52,0.3,52,5,0.477
420035639002,0.2879,1174,1297,-123,-0.095,4078,319,453,402,0.272,78,330,100,1,7,17,33,560,113,2.1,417,124,0.355
420035639003,0.0854,88,111,-23,-0.207,1031,18,20,50,0.205,2,22,0,0,2,8,3,483,73,0.18,28,6,0.318
420035639004,0.1999,99,67,32,0.478,495,57,30,12,0.576,0,0,23,0,0,0,0,480,56,0.21,39,27,0.394
420035640001,7.1023,397,522,-125,-0.239,56,52,72,273,0.131,21,10,0,45,75,28,6,1413,212,0.28,159,12,0.401
420035640002,6.5138,255,322,-67,-0.208,39,32,81,142,0.125,8,46,0,49,0,16,0,1280,193,0.2,115,13,0.451
420035640003,0.1929,113,88,25,0.284,586,3,15,95,0.027,24,0,0,0,0,0,0,215,39,0.53,52,1,0.46
420035640004,2.6926,1247,1091,156,0.143,463,274,305,668,0.22,175,40,164,50,248,1,28,844,152,1.48,541,98,0.434
420035641001,0.5555,460,319,141,0.442,828,33,68,359,0.072,0,5,2,7,121,122,0,258,40,1.78,139,8,0.302
420035641002,0.4376,468,468,0,0.0,1070,53,92,323,0.113,0,8,0,33,0,53,0,305,41,1.53,159,15,0.34
420035642001,0.8671,13,6,7,,15,1,5,7,0.077,0,0,0,0,0,0,0,131,19,0.1,5,0,0.385
420035642002,1.3259,331,374,-43,-0.115,250,121,84,126,0.366,75,2,85,28,0,2,0,431,83,0.77,136,33,0.411
420035642003,3.2095,821,718,103,0.143,256,211,218,392,0.257,280,80,74,0,252,11,16,431,92,1.9,358,62,0.436
420035644001,0.7331,222,229,-7,-0.031,303,54,70,98,0.243,118,11,15,0,0,2,0,470,78,0.47,103,19,0.464
420035644002,0.5387,83,92,-9,-0.098,154,42,22,19,0.506,3,0,16,4,0,2,2,516,90,0.16,31,14,0.373
420035644003,0.7241,321,280,41,0.146,443,71,67,183,0.221,38,34,29,88,10,3,6,447,65,0.72,131,24,0.408
420035644004,2.4174,807,933,-126,-0.135,334,178,281,348,0.221,401,13,51,71,0,12,3,638,102,1.26,364,76,0.451
420035644005,0.2251,68,78,-10,-0.128,302,10,18,40,0.147,0,0,0,4,0,0,0,214,35,0.32,37,3,0.544
420035644006,0.4373,204,256,-52,-0.203,466,48,93,63,0.235,0,0,4,4,0,0,0,227,47,0.9,74,22,0.363
420035644007,0.1884,218,48,170,,1157,26,124,68,0.119,0,0,0,0,0,0,0,26,2,8.38,103,11,0.472
420035645001,3.594,388,511,-123,-0.241,108,28,98,262,0.072,7,28,0,279,0,5,0,790,125,0.49,127,10,0.327
420035645002,2.5782,179,175,4,0.023,69,41,66,72,0.229,23,0,5,15,0,0,0,516,81,0.35,73,14,0.408
420035645003,0.1786,152,402,-250,-0.622,851,30,19,103,0.197,0,0,20,5,0,6,0,202,33,0.75,78,5,0.513
420035647001,0.0702,148,31,117,,2108,36,32,80,0.243,18,35,2,0,0,6,0,209,49,0.71,24,2,0.162
420035647002,0.1492,57,146,-89,-0.61,382,17,13,27,0.298,2,34,0,0,0,1,0,269,60,0.21,10,1,0.175
420035647003,0.1445,527,655,-128,-0.195,3647,111,153,263,0.211,65,151,46,2,20,7,16,428,119,1.23,148,24,0.281
420035648001,0.1601,55,43,12,,344,11,8,36,0.2,1,5,3,0,0,0,0,298,85,0.18,14,4,0.255
420035648002,0.1534,1093,390,703,1.803,7123,122,114,857,0.112,16,73,24,13,0,260,563,491,148,2.23,393,49,0.36
420035651001,0.2597,10662,9071,1591,0.175,41055,793,1988,7881,0.074,51,9452,125,24,10,341,41,1390,215,7.67,3533,247,0.331
420035652001,0.1401,280,605,-325,-0.537,1999,36,56,188,0.129,0,52,0,10,67,52,11,625,128,0.45,82,19,0.293
420035652002,0.1391,324,231,93,0.403,2330,86,82,156,0.265,11,55,19,1,116,6,0,329,68,0.98,70,27,0.216
420035652003,0.2168,381,299,82,0.274,1757,92,131,158,0.241,27,80,0,0,0,17,5,323,73,1.18,87,23,0.228
420035653001,2.5349,308,363,-55,-0.152,122,19,32,257,0.062,0,10,0,103,0,1,0,687,105,0.45,88,6,0.286
420039800001,0.2455,1838,1518,320,0.211,7488,226,531,1081,0.123,69,1762,0,0,0,0,0,38,13,48.37,575,86,0.313
420039801001,0.5592,304,360,-56,-0.156,544,85,63,156,0.28,0,0,102,0,0,10,20,41,13,7.41,65,10,0.214
420039803001,0.4997,44,44,0,,88,6,11,27,0.136,0,0,0,0,0,0,0,48,12,0.92,7,3,0.159
420039804001,0.4272,0,0,0,,0,0,0,0,,0,0,0,0,0,0,0,59,18,0.0,0,0,
420039805001,0.6222,171,200,-29,-0.145,275,55,30,86,0.322,0,1,61,0,0,0,0,62,16,2.76,23,8,0.135
420039806001,0.3791,7134,6694,440,0.066,18820,758,1738,4638,0.106,60,914,1623,258,111,449,109,55,13,129.71,2371,243,0.332
420039807001,0.2396,3627,3629,-2,-0.001,15138,431,777,2419,0.119,17,79,647,14,46,498,659,189,24,19.19,1227,120,0.338
420039808001,0.1336,1083,882,201,0.228,8104,23,40,1020,0.021,0,25,0,637,0,182,0,46,9,23.54,393,6,0.363
420039809001,0.5653,1649,1382,267,0.193,2917,70,51,1528,0.042,2,0,0,135,0,57,0,57,14,28.93,492,20,0.298
420039810001,0.5322,29,29,0,,54,5,5,19,0.172,0,0,0,0,0,0,0,49,7,0.59,5,2,0.172
420039811001,0.0435,0,0,0,,0,0,0,0,,0,0,0,0,0,0,0,24,8,0.0,0,0,
420039811002,0.2947,25,27,-2,,85,1,7,17,0.04,0,0,0,0,0,0,0,11,2,2.27,5,1,0.2
420039812001,0.1781,5829,6235,-406,-0.065,32731,1283,821,3725,0.22,56,298,1260,0,0,769,131,46,15,126.72,2236,342,0.384
420039818001,0.7038,4509,232,4277,18.435,6406,38,297,4174,0.008,0,4353,0,0,152,0,0,91,22,49.55,1084,8,0.24
420039822001,0.1952,21240,23534,-2294,-0.097,108789,2385,3627,15228,0.112,12,1579,679,3,17650,53,42,460,115,46.17,4444,677,0.209
