pin,address,usedesc,classdesc,owner_category,neighborhood,zoning,lat,lon,tract
0014J00235000000,505 CURTIN AVE,SINGLE FAMILY,RESIDENTIAL,Private,Beltzhoover,R2-H,40.41808208,-79.9985424,42003562400
0075D00080000000,3526 MCCLURE AVE,SINGLE FAMILY,RESIDENTIAL,Private,Brighton Heights,R1D-M,40.479657749239415,-80.03514498,42003270300
0047E00283000000,16 BLY ST,SINGLE FAMILY,RESIDENTIAL,Private,Spring Hill-City View,H,40.46738805827406,-79.99765683,42003262000
0124K00253000000,653 PAULSON AVE,SINGLE FAMILY,RESIDENTIAL,City,Larimer,H,40.46578289812319,-79.9090508,42003120900
0014C00387000000,976 MANTON WAY,SINGLE FAMILY,RESIDENTIAL,Private,Allentown,R1D-H,40.421228573980315,-79.9889543,42003180300
0023F00114000A00,1600 SATURN WAY,SINGLE FAMILY,RESIDENTIAL,Private,Central Northside,R1A-VH,40.45863417347254,-80.01178688,42003565100
0173A00032000000,7112 WILTSIE ST,SINGLE FAMILY,RESIDENTIAL,City,Lincoln-Lemington-Belmar,R1D-L,40.471351265889105,-79.89587523,42003561900
0083H00208000000,800 HEBERTON ST,APART: 5-19 UNITS,COMMERCIAL,Private,Highland Park,R1A-H,40.468823177730656,-79.91647629,42003110600
0036S00115000000,2524 DALEMOUNT ST,SINGLE FAMILY,RESIDENTIAL,Private,Beechview,H,40.40447129802817,-80.03566961,42003192000
0127K00105000000,1830 BEECHWOOD BLVD,SINGLE FAMILY,RESIDENTIAL,Private,Squirrel Hill South,R1D-VL,40.43740695840165,-79.91181672,42003140800
0125D00085000000,1108 N MURTLAND ST,ROWHOUSE,RESIDENTIAL,Private,Homewood North,R2-L,40.46059268146624,-79.90001613,42003130700
0174M00391000000,7739 FRANKSTOWN AVE,SINGLE FAMILY,RESIDENTIAL,Private,Homewood North,LNC,40.455437793839245,-79.88649049,42003130700
0174E00088000000,7115 RACE ST,SINGLE FAMILY,RESIDENTIAL,Private,Homewood North,R2-L,40.45938024193579,-79.89723761,42003130200
0033B00198000000,0 ARABELLA ST,VACANT LAND,RESIDENTIAL,Private,Knoxville,R1D-H,40.41254405582834,-79.9925702,42003300100
0013J00119000000,1940 ARLINGTON AVE,SINGLE FAMILY,RESIDENTIAL,Private,Arlington,RM-M,40.41768248310652,-79.97908332,42003161000
0012S00262000000,2621 JOSEPHINE ST,ROWHOUSE,RESIDENTIAL,Private,South Side Slopes,UI,40.42403222,-79.96918746,42003160800
0049G00337000000,4413 SHERROD ST,ROWHOUSE,RESIDENTIAL,Private,Central Lawrenceville,R1A-H,40.46886718,-79.95511188,42003090200
0012E00137000000,1613 BINGHAM ST,THREE FAMILY,RESIDENTIAL,Private,South Side Flats,R1A-VH,40.42959029558737,-79.98212583,42003170200
0173P00074000000,1344 SILVERTON AVE,SINGLE FAMILY,RESIDENTIAL,Private,Lincoln-Lemington-Belmar,R1D-L,40.46327322591235,-79.89149647,42003561900
0015G00039000000,166 W WARRINGTON AVE,SINGLE FAMILY,RESIDENTIAL,Private,Beltzhoover,R2-H,40.42048680237931,-80.00559378,42003562400
0019G00317000000,532 LOVELACE ST,TWO FAMILY,RESIDENTIAL,Private,Elliott,R1D-L,40.44014054229164,-80.03853948,42003562600
0033B00362000000,326 MOORE AVE,SINGLE FAMILY,RESIDENTIAL,Private,Knoxville,R1D-H,40.411681765881724,-79.99411144,42003300100
0013R00264000000,2429 SPRING ST,SINGLE FAMILY,RESIDENTIAL,Private,Arlington,R2-L,40.41631004853729,-79.9720275,42003161000
0080H00144000000,5228 HOLMES ST,SINGLE FAMILY,RESIDENTIAL,Private,Upper Lawrenceville,R1A-VH,40.47937066733317,-79.95133782,42003101100
0045A00190000000,0 SHADELAND AVE,VACANT LAND,RESIDENTIAL,Private,Marshall-Shadeland,LNC,40.47065035875334,-80.03023175,42003271600
0184K00186000000,5419 MIFFLIN RD,SINGLE FAMILY,RESIDENTIAL,Private,Lincoln Place,R1D-L,40.36805163116249,-79.91013035,42003310200
0184J00004000000,5203 INTERBORO AVE,"RESTAURANT, CAFET AND/OR BAR",COMMERCIAL,Private,Lincoln Place,LNC,40.370059500756334,-79.91255043,42003310200
0015R00292000000,842 DELMONT AVE,SINGLE FAMILY,RESIDENTIAL,Private,Beltzhoover,R2-H,40.41455489131854,-80.00412991,42003562400
0174F00106000000,7333 MONTICELLO ST,SINGLE FAMILY,RESIDENTIAL,Private,Homewood North,R2-L,40.45886518020683,-79.8917178,42003130200
0175B00149000000,7539 SUSQUEHANNA ST,SINGLE FAMILY,RESIDENTIAL,City,Homewood South,R1A-VH,40.451578088371704,-79.892302,42003130800
0124M00406000000,1305 OLIVANT ST,SINGLE FAMILY,RESIDENTIAL,Private,Lincoln-Lemington-Belmar,RM-M,40.46712691272045,-79.89974909,42003120300
0125H00151000000,7020 MONTICELLO ST,SINGLE FAMILY,RESIDENTIAL,City,Homewood North,R2-L,40.45991022674188,-79.89966777,42003130700
0015G00297000000,139 FREELAND ST,SINGLE FAMILY,RESIDENTIAL,Private,Beltzhoover,R2-H,40.41880779870994,-80.00443416,42003562400
0051L00129000000,5242 BAUM BLVD,"RESTAURANT, CAFET AND/OR BAR",COMMERCIAL,Private,Bloomfield,LNC,40.45622907345904,-79.94024278,42003080400
0172N00158000000,6940 HARTMAN LN,SINGLE FAMILY,RESIDENTIAL,City,Lincoln-Lemington-Belmar,R1D-L,40.47308696765404,-79.89633754,42003561900
0019D00302000000,441 S MAIN ST,OFFICE - 1-2 STORIES,COMMERCIAL,Private,West End,LNC,40.4408938,-80.03439496,42003562600
0033F00003000000,302 MOORE AVE,SINGLE FAMILY,RESIDENTIAL,Private,Knoxville,R1D-H,40.41135916900117,-79.99310601,42003300100
0014J00264000000,434 CHALFONT ST,SINGLE FAMILY,RESIDENTIAL,Private,Beltzhoover,R2-H,40.41646407028604,-79.99898314,42003562400
0026R00259000000,3887 BIGELOW BLVD,"RESTAURANT, CAFET AND/OR BAR",COMMERCIAL,Private,North Oakland,RM-VH,40.45475014,-79.95422503,42003562000
0051L00124000000,5242 BAUM BLVD,COMM AUX BUILDING,COMMERCIAL,Private,Bloomfield,LNC,40.456152645919175,-79.94049537,42003080400
0013C00306000000,17 HOLT ST,SINGLE FAMILY,RESIDENTIAL,Private,South Side Slopes,R1D-H,40.42231453509044,-79.97313137,42003160800
0124J00052000000,553 LENORA ST,SINGLE FAMILY,RESIDENTIAL,Private,Larimer,H,40.46705699032767,-79.9137191,42003120900
0014H00110000000,2604 QUARRY ST,SINGLE FAMILY,RESIDENTIAL,Private,South Side Slopes,R1A-VH,40.42060940190401,-79.98505089,42003170600
0124G00077000000,6419 DEAN ST,VACANT LAND,RESIDENTIAL,Private,Lincoln-Lemington-Belmar,RM-M,40.46907207121866,-79.90498541,42003120300
0174L00006000000,7416 RACE ST,SINGLE FAMILY,RESIDENTIAL,Private,Homewood North,RM-M,40.45745677532535,-79.89050904,42003130200
0174K00022000000,0 IDLEWILD ST,VACANT LAND,RESIDENTIAL,City,Homewood North,R2-L,40.45753961658167,-79.89411634,42003130200
0014J00248000000,607 CURTIN AVE,SINGLE FAMILY,RESIDENTIAL,Private,Beltzhoover,R2-H,40.41712858512421,-79.99851084,42003562400
0014D00055000000,1122 E WARRINGTON AVE,SINGLE FAMILY,RESIDENTIAL,Private,South Side Slopes,R1A-VH,40.42235958642651,-79.98561356,42003170600
0045H00081000000,666 MARSHALL AVE,SINGLE FAMILY,RESIDENTIAL,Private,Perry South,R1D-M,40.46894691389379,-80.0193716,42003261500
0012K00199000000,130 S 22ND ST,CONDOMINIUM COMMON PROPERTY,RESIDENTIAL,Private,South Side Flats,NDI,40.426869148654724,-79.97505311,42003160900
0006L00353000000,192 ONEIDA ST,SINGLE FAMILY,RESIDENTIAL,Private,Duquesne Heights,R1D-M,40.43577802070295,-80.0203946,42003191100
0174A00059000000,7148 MOUNT VERNON ST,SINGLE FAMILY,RESIDENTIAL,Private,Homewood North,R2-L,40.461373072404726,-79.89533646,42003130200
0085N00259000000,5519 WILKINS AVE,SINGLE FAMILY,RESIDENTIAL,Private,Squirrel Hill North,R2-L,40.44501610799836,-79.92936177,42003140200
0174A00099000000,7026 MOUNT VERNON ST,SINGLE FAMILY,RESIDENTIAL,Private,Homewood North,R2-L,40.46212575725133,-79.89867544,42003130700
0028R00242000000,3416 BATES ST,ROWHOUSE,RESIDENTIAL,Private,Central Oakland,UC-MU,40.43561945939459,-79.9559696,42003040600
0173F00252000000,1540 BROADHEAD ST,RES AUX BUILDING (NO HOUSE),RESIDENTIAL,Private,Lincoln-Lemington-Belmar,R1D-L,40.468309233821294,-79.89251092,42003561900
0127H00100000001,2005 BEECHWOOD BLVD,PUBLIC PARK,GOVERNMENT,City,Squirrel Hill South,P,40.432291192111364,-79.90639061,42003980300
0116E00129000000,3774 EAST ST,SINGLE FAMILY,RESIDENTIAL,Private,Perry North,R1D-M,40.48821122023177,-80.01410833,42003260200
0004L00046000100,348 WYOMING ST,THREE FAMILY,RESIDENTIAL,Private,Mount Washington,R2-H,40.42728125933138,-80.0066826,42003191400
0003L00062000000,1109 FREYBURG ST,TWO FAMILY,RESIDENTIAL,Private,South Side Flats,R1A-VH,40.42678710301457,-79.98705614,42003170200
0053C00044000000,209 GLADSTONE RD,SINGLE FAMILY,RESIDENTIAL,Private,Squirrel Hill North,R1D-L,40.441198951143804,-79.93781067,42003140100
0027A00253000000,721 SHAWNEE ST,SINGLE FAMILY,RESIDENTIAL,Private,Upper Hill,R2-L,40.45143039246039,-79.96269645,42003050600
0060B00168000000,221 MINOOKA ST,SINGLE FAMILY,RESIDENTIAL,Private,Carrick,R2-L,40.40294120964157,-79.99484517,42003290100
0116E00009000000,3720 BAYTREE ST,FOUR FAMILY,RESIDENTIAL,Private,Perry North,R1D-M,40.489029137680916,-80.01451424,42003260200
0010K00323000000,627 MIDTOWN SQ,SINGLE FAMILY,RESIDENTIAL,Private,Middle Hill,RM-M,40.44732953320729,-79.97590095,42003050100
0076N00024000B00,3 DAVIS ROW,ROWHOUSE,RESIDENTIAL,Private,Marshall-Shadeland,R1A-VH,40.47409803091908,-80.03188962,42003271600
0062B00142000000,2230 PALM BEACH AVE,SINGLE FAMILY,RESIDENTIAL,Private,Beechview,R1D-M,40.402939702200676,-80.02643505,42003192000
0045M00099000000,2446 N CHARLES ST,VACANT LAND,RESIDENTIAL,Private,Perry South,R1D-H,40.46630419744357,-80.01962821,42003261400
0125A00179000000,229 MAYFLOWER ST,VACANT LAND,RESIDENTIAL,Private,Larimer,R1D-H,40.46186249515638,-79.91287891,42003120900
0173C00055000000,1657 ELROD WAY,SINGLE FAMILY,RESIDENTIAL,Private,Lincoln-Lemington-Belmar,R1D-L,40.47092424373123,-79.89101441,42003561900
0034E00050000000,1408 WEST LIBERTY AVE,OFFICE/STORAGE OVER,COMMERCIAL,Private,Beechview,H,40.41130871690913,-80.01350631,42003191600
0014N00223000000,0 ROCHELLE ST,VACANT LAND,RESIDENTIAL,Private,Knoxville,R1D-H,40.41475088396862,-79.995739,42003300100
0054J00079000000,405 SALINE ST,SINGLE FAMILY,RESIDENTIAL,Private,Greenfield,R1D-H,40.42784620944759,-79.94656738,42003151600
0121E00172000000,6517 ADELPHIA ST,VACANT LAND,RESIDENTIAL,Private,Stanton Heights,R1D-L,40.48812873904874,-79.93026765,42003101800
0006R00048000000,506 WYOLA ST,SINGLE FAMILY,RESIDENTIAL,Private,Duquesne Heights,R1A-H,40.43378777938639,-80.02435739,42003191100
0020P00085000000,1019 CRUCIBLE ST,SINGLE FAMILY,RESIDENTIAL,Private,Elliott,R2-H,40.44360233189222,-80.0426282,42003562600
0019H00158000000,639 WALBRIDGE ST,SINGLE FAMILY,RESIDENTIAL,Private,Elliott,H,40.43994408367492,-80.03681188,42003562600
0174F00323000000,7236 IDLEWILD ST,SINGLE FAMILY,RESIDENTIAL,Private,Homewood North,R2-L,40.45761921108119,-79.89446908,42003130200
0012S00296000000,2531 JANE ST,ROWHOUSE,RESIDENTIAL,Private,South Side Flats,R1A-VH,40.425989621588066,-79.96940408,42003160900
0040C00297000000,1119 ROUND TOP ST,SINGLE FAMILY,RESIDENTIAL,Private,Crafton Heights,R2-L,40.44217411548469,-80.05371863,42003281500
0124N00222000000,400 LARIMER AVE,RETL/APT'S OVER,COMMERCIAL,URA,Larimer,LNC,40.464712512579545,-79.91500319,42003120900
0014H00038000000,2620 S 18TH ST,TWO FAMILY,RESIDENTIAL,Private,South Side Slopes,R1A-VH,40.42113129806021,-79.9860058,42003170600
0003P00246000000,101 EMERALD ST,SINGLE FAMILY,RESIDENTIAL,Private,Allentown,R1D-H,40.424187091793854,-79.99169141,42003180300
0086P00122000000,5711 MUNHALL RD,SINGLE FAMILY,RESIDENTIAL,Private,Squirrel Hill South,RM-M,40.433782486455485,-79.92482468,42003141300
0139F00008000000,1928 SEATON ST,SINGLE FAMILY,RESIDENTIAL,Private,Brookline,R1D-L,40.38193074599016,-80.00820019,42003191800
0124P00219000000,547 LOWELL ST,SINGLE FAMILY,RESIDENTIAL,Private,Larimer,R1D-H,40.46343208604273,-79.9096372,42003120900
0006J00025000000,426 BRADLEY ST,SINGLE FAMILY,RESIDENTIAL,Private,Duquesne Heights,P,40.43723343294403,-80.02906331,42003191100
0015R00187000000,809 MONTOOTH ST,SINGLE FAMILY,RESIDENTIAL,Private,Beltzhoover,R2-H,40.415419103345634,-80.00556543,42003562400
0055K00387000000,4511 PARADE ST,SINGLE FAMILY,RESIDENTIAL,Private,Hazelwood,R1D-M,40.41744423559326,-79.94125233,42003562901
0080B00012000000,30 51ST ST,LIGHT MANUFACTURING,INDUSTRIAL,Private,Central Lawrenceville,RIV-IMU,40.480452290591344,-79.95914002,42003090100
0083D00312000000,919 HEBERTON ST,SINGLE FAMILY,RESIDENTIAL,Private,Highland Park,R1D-L,40.47106421541671,-79.91626423,42003110600
0015L00199000000,613 MONTOOTH ST,SINGLE FAMILY,RESIDENTIAL,Private,Beltzhoover,R2-H,40.41683074058926,-80.00561617,42003562400
0049B00109000000,161 42ND ST,SINGLE FAMILY,RESIDENTIAL,Private,Central Lawrenceville,R1A-VH,40.47110003643466,-79.96164534,42003090100
0055C00127000000,4229 SHIELDS ST,SINGLE FAMILY,RESIDENTIAL,Private,Greenfield,R1D-M,40.42224881112413,-79.94026526,42003151600
0124M00017000000,6626 DEARY ST,SINGLE FAMILY,RESIDENTIAL,Private,Lincoln-Lemington-Belmar,RM-M,40.46531448796686,-79.9032404,42003120300
0056B00215000000,4711 MONONGAHELA ST,SINGLE FAMILY,RESIDENTIAL,Private,Hazelwood,R1D-H,40.41320684635487,-79.94330299,42003562901
0003A00080000000,59 S 2ND ST,"RESTAURANT, CAFET AND/OR BAR",COMMERCIAL,Private,South Shore,RIV-IMU,40.43094632138343,-79.99879733,42003980700
0054J00108000000,321 FOUR MILE RUN RD,VACANT LAND,RESIDENTIAL,Private,Greenfield,R1D-H,40.42781490041936,-79.9480579,42003151600
0010K00175000000,2202 WEBSTER AVE,SINGLE FAMILY,RESIDENTIAL,City,Middle Hill,LNC,40.447237056824136,-79.9775794,42003050100
0126M00147000000,129 S LEXINGTON AVE,TWO FAMILY,RESIDENTIAL,Private,Point Breeze,R1D-VL,40.447717125179274,-79.89984814,42003141200
0035C00249000000,1423 ALTON ST,SINGLE FAMILY,RESIDENTIAL,Private,Beechview,R1D-H,40.41234814639962,-80.02079986,42003191600
0014F00265000000,841 LOYAL WAY,SINGLE FAMILY,RESIDENTIAL,Private,Allentown,R1D-H,40.41971734371553,-79.99207893,42003180300
0004J00003000000,62 RUBICON ST,SINGLE FAMILY,RESIDENTIAL,Private,Mount Washington,P,40.427270730536975,-80.01607822,42003191400
0004J00039000000,500 GRACE ST,SINGLE FAMILY,RESIDENTIAL,Private,Mount Washington,P,40.428142321233466,-80.01496554,42003191400
0023D00109000000,8 EDENVALE ST,ROWHOUSE,RESIDENTIAL,Private,Fineview,R1D-H,40.461315855108495,-80.00292745,42003250900
0095E00015000000,2039 DARTMORE ST,SINGLE FAMILY,RESIDENTIAL,Private,Overbrook,R1D-H,40.39183892409486,-79.99545578,42003320400
0006L00307000000,211 PLYMOUTH ST,SINGLE FAMILY,RESIDENTIAL,Private,Duquesne Heights,R1D-M,40.435796896009656,-80.0208663,42003191100
0060L00110000000,112 NEWETT ST,SINGLE FAMILY,RESIDENTIAL,Private,Carrick,R2-L,40.39713137,-79.98996165,42003290100
0125B00082000000,6540 LLEWELLYN PL,SINGLE FAMILY,RESIDENTIAL,Private,Larimer,R1D-H,40.46147701609092,-79.90959938,42003120900
0025F0017700F400,2901 SMALLMAN ST,CONDOMINIUM,RESIDENTIAL,Private,Strip District,RIV-IMU,40.459071988357984,-79.97494541,42003020300
0120J00157000000,103 57TH ST,TWO FAMILY,RESIDENTIAL,Private,Stanton Heights,UI,40.48499726543736,-79.94580824,42003101800
0045M00105000000,2434 N CHARLES ST,VACANT LAND,RESIDENTIAL,Private,Perry South,R1D-H,40.46606842440442,-80.0199309,42003261400
0050H00363000000,414 N AIKEN AVE,ROWHOUSE,RESIDENTIAL,Private,Garfield,R2-H,40.468068273252065,-79.9341058,42003111400
0060R00237000000,1922 WESTMONT AVE,SINGLE FAMILY,RESIDENTIAL,Private,Carrick,R2-L,40.39498368826819,-79.98831053,42003290100
0014K00245000000,221 CHARLES ST,SINGLE FAMILY,RESIDENTIAL,Private,Knoxville,R1D-H,40.41675688368237,-79.99173019,42003300100
0014F00258000000,850 CLIMAX ST,SINGLE FAMILY,RESIDENTIAL,Private,Allentown,R1D-H,40.41989950522905,-79.99172369,42003180300
0049C00144000000,260 46TH ST,ROWHOUSE,RESIDENTIAL,Private,Central Lawrenceville,R1A-H,40.47139618253763,-79.95719667,42003090200
COMMON GROUND, ,,,Private,South Side Flats,RIV-MU,40.539822654495715,-80.15236925,42003563800
0016P00012000000,1337 ALVERADO AVE,SINGLE FAMILY,RESIDENTIAL,Private,Beechview,R1D-H,40.414599575663296,-80.0282735,42003191600
0019D00227000000,612 S MAIN ST,SINGLE FAMILY,RESIDENTIAL,Private,West End,LNC,40.44082300193313,-80.0363016,42003562600
COMMON GROUND, ,,,Private,South Side Flats,RIV-MU,40.539822654495715,-80.15236925,42003563800
0021J00072000000,2740 SACRAMENTO AVE,SINGLE FAMILY,RESIDENTIAL,Private,Sheraden,H,40.456059444202054,-80.04843789,42003562500
0050R00210000000,228 S PACIFIC AVE,SINGLE FAMILY,RESIDENTIAL,Private,Bloomfield,R2-M,40.46306626389779,-79.94058259,42003080600
0025C00231000000,3121 PENN AVE,WAREHOUSE,INDUSTRIAL,Private,Strip District,RIV-IMU,40.46035721470926,-79.97106466,42003020300
0049A00100000000,123 BANNER WAY,ROWHOUSE,RESIDENTIAL,Private,Central Lawrenceville,R1A-VH,40.47144927858645,-79.96338909,42003090100
0056J00234000000,5038 LYTLE ST,SINGLE FAMILY,RESIDENTIAL,Private,Hazelwood,R1A-VH,40.40684172349555,-79.94565332,42003562901
0076N00024000A00,2 DAVIS ROW,ROWHOUSE,RESIDENTIAL,Private,Marshall-Shadeland,R1A-VH,40.47409719774442,-80.03184446,42003271600
0014N00224000000,408 ROCHELLE ST,TWO FAMILY,RESIDENTIAL,Private,Knoxville,R1D-H,40.414753782538625,-79.99562986,42003300100
0062J00071000000,86 WENZELL PL,TWO FAMILY,RESIDENTIAL,Private,Beechview,R1A-H,40.398728272727524,-80.02873708,42003192000
0012M00090000000,22 S 27TH ST,RETL/APT'S OVER,COMMERCIAL,Private,South Side Flats,R2-VH,40.42640543322482,-79.96760621,42003160900
0084S00127000000,6420 KENTUCKY AVE,OWNED BY COLLEGE/UNIV/ACADEMY,GOVERNMENT,Private,Shadyside,R1A-H,40.45373892753392,-79.91884995,42003070800
0049G00287000000,363 44TH ST,ROWHOUSE,RESIDENTIAL,Private,Central Lawrenceville,R1A-H,40.46890334195638,-79.95585723,42003090200
0003G00133000000,1019 E CARSON ST,RETL/OFF OVER,COMMERCIAL,Private,South Side Flats,LNC,40.42886222757611,-79.98774317,42003170200
0138E00211000000,2525 KINGWOOD ST,SINGLE FAMILY,RESIDENTIAL,Private,Overbrook,R1D-L,40.38054199,-79.99760698,42003320700
0044M00019000000,106 IRELAND WAY,ROWHOUSE,RESIDENTIAL,Private,Marshall-Shadeland,R1A-H,40.46682346,-80.03328245,42003271600
0045B00175000000,0 WOODLAND AVE,VACANT LAND,RESIDENTIAL,City,Marshall-Shadeland,R1D-H,40.47005074232956,-80.02615978,42003271600
0080H00093000000,5115 HOLMES ST,SINGLE FAMILY,RESIDENTIAL,Private,Upper Lawrenceville,R1A-VH,40.477991620721724,-79.95288116,42003101100
0023G00144000000,1435 SANDUSKY ST,ROWHOUSE,RESIDENTIAL,Private,Central Northside,R1A-VH,40.458508045959476,-80.00561896,42003565100
0006R00259000000,246 PLYMOUTH ST,SINGLE FAMILY,RESIDENTIAL,Private,Duquesne Heights,R1D-M,40.434955690731094,-80.02163742,42003191100
0095K00022000000,305 QUEENSTON ST,SINGLE FAMILY,RESIDENTIAL,Private,Overbrook,R1D-H,40.38952524233431,-79.99330169,42003320400
0174F00038000000,7311 HERMITAGE ST,SINGLE FAMILY,RESIDENTIAL,Private,Homewood North,R2-L,40.45978145765261,-79.89248112,42003130200
0050M00149000000,5419 BROAD ST,SINGLE FAMILY,RESIDENTIAL,Private,Garfield,R2-H,40.46566132856825,-79.93490462,42003111400
0001R00020000000,210 W STATION SQUARE DR,"RESTAURANT, CAFET AND/OR BAR",COMMERCIAL,Private,South Shore,SP-4,40.433763987160035,-80.00452029,42003980700
0004J00180000000,504 NATCHEZ ST,SINGLE FAMILY,RESIDENTIAL,Private,Mount Washington,R1D-H,40.42681948814663,-80.0133855,42003191400
0045N00025000000,1308 JAWETT ST,SINGLE FAMILY,RESIDENTIAL,Private,Marshall-Shadeland,R1A-VH,40.46430408788243,-80.02887384,42003271600
0003S00232000000,1220 BREED ST,ROWHOUSE,RESIDENTIAL,Private,South Side Flats,UI,40.425877837909184,-79.98529448,42003170200
0048M00009000000,168 37TH ST,SINGLE FAMILY,RESIDENTIAL,Private,Lower Lawrenceville,R1A-VH,40.46664514572864,-79.96621255,42003060300
0173J00091000000,1313 LINCOLN AVE,SINGLE FAMILY,RESIDENTIAL,Private,Lincoln-Lemington-Belmar,RM-M,40.466799188959065,-79.89785547,42003120300
0040M00256000000,1605 NOBLESTOWN RD,COMMERCIAL GARAGE,COMMERCIAL,Private,Westwood,NDI,40.43783558280765,-80.04950166,42003563100
0091J00018000000,0 BALDWIN RD,VACANT LAND,RESIDENTIAL,Private,Hays,UI,40.38810093927137,-79.93226898,42003565300
0056F00373000000,4823 MONONGAHELA ST,SINGLE FAMILY,RESIDENTIAL,Private,Hazelwood,R1D-H,40.41101956102299,-79.94208114,42003562300
0056J00137000000,7 W TECUMSEH ST,ROWHOUSE,RESIDENTIAL,Private,Hazelwood,R1A-VH,40.40769261952121,-79.9471573,42003562901
0021R00033000000,2409 W CARSON ST,COMMERCIAL GARAGE,COMMERCIAL,Private,Esplen,RIV-MU,40.45316599545499,-80.0401221,42003562500
0046A00019000000,2624 LELAND ST,SINGLE FAMILY,RESIDENTIAL,Private,Perry South,R1D-H,40.47132979559262,-80.01219015,42003261500
0086M00183000A00,1808 SHADY AVE,ROWHOUSE,RESIDENTIAL,Private,Squirrel Hill South,RM-M,40.43673227631361,-79.91956301,42003140800
0096A00112000000,1063 BROOKLINE BLVD,COMM AUX BUILDING,COMMERCIAL,Private,Brookline,LNC,40.39210616808935,-80.01557059,42003191900
0006G00037000000,0 GRANDVIEW AVE,VACANT LAND,RESIDENTIAL,Private,Duquesne Heights,GPRB,40.43990265746773,-80.02267542,42003191100
0006R00329000000,302 ONEIDA ST,SINGLE FAMILY,RESIDENTIAL,Private,Duquesne Heights,R1D-M,40.433767081475345,-80.02085834,42003191100
0049G00185000000,4215 GENEVA ST,SINGLE FAMILY,RESIDENTIAL,Private,Central Lawrenceville,R1A-H,40.46754667,-79.95550186,42003090200
0003G00265000000,815 BINGHAM ST,OFFICE/WAREHOUSE,COMMERCIAL,Private,South Side Flats,RIV-IMU,40.42969845965237,-79.99021453,42003170200
0124R00130000000,1001 WASHINGTON BLVD,WAREHOUSE,INDUSTRIAL,Private,Larimer,UI,40.46297848218894,-79.90614385,42003120900
0050M00199000000,5413 ROSETTA ST,SINGLE FAMILY,RESIDENTIAL,City,Garfield,R2-H,40.46707686680095,-79.93442649,42003111400
0023A00102000000,34 NORMAN ST,ROWHOUSE,RESIDENTIAL,Private,Perry South,H,40.461861108303125,-80.01484947,42003261400
0174G00390000000,7413 HERMITAGE ST,VACANT LAND,RESIDENTIAL,Private,Homewood North,RM-M,40.45921814973239,-79.89020077,42003130700
0004S00229000000,230 RUXTON ST,ROWHOUSE,RESIDENTIAL,Private,Mount Washington,R1D-H,40.42476932820787,-80.00165598,42003180700
0026H00250000000,438 CEDARVILLE ST,SINGLE FAMILY,RESIDENTIAL,Private,Bloomfield,R2-VH,40.45958467215261,-79.95092802,42003080200
0004S00038000000,411 KATHLEEN ST,SINGLE FAMILY,RESIDENTIAL,Private,Mount Washington,R1D-H,40.42582419904262,-80.00058361,42003180700
0010F00172000000,2224 BEDFORD AVE,SINGLE FAMILY,RESIDENTIAL,Private,Middle Hill,RM-M,40.448435134940766,-79.97735847,42003050100
0014K00024000000,808 LILLIAN ST,SINGLE FAMILY,RESIDENTIAL,Private,Allentown,R1D-H,40.418538310448184,-79.99319188,42003180300
0025N00242000000,2508 PENN AVE,SINGLE FAMILY,RESIDENTIAL,Private,Strip District,RIV-IMU,40.45396410546786,-79.97938269,42003020300
0015S00200000000,807 ELDORA PL,SINGLE FAMILY,RESIDENTIAL,Private,Beltzhoover,R2-H,40.415587585368726,-80.00104585,42003562400
0175D00187000000,588 ROSEDALE ST,SINGLE FAMILY,RESIDENTIAL,City,Homewood South,RM-M,40.451683381559874,-79.88578993,42003130800
0004F00121000000,334 MAPLE TER,SINGLE FAMILY,RESIDENTIAL,Private,Mount Washington,R2-H,40.42988896748758,-80.01051383,42003191400
0023F00219000000,110 ALPINE AVE,SINGLE FAMILY,RESIDENTIAL,Private,Central Northside,R1A-VH,40.45857576418828,-80.00936996,42003565100
0174A00001000000,7151 UPLAND ST,SINGLE FAMILY,RESIDENTIAL,City,Homewood North,R2-L,40.462505498989515,-79.89528214,42003130700
0024B00145000000,1228 ITIN ST,SINGLE FAMILY,RESIDENTIAL,Private,Spring Hill-City View,R1D-M,40.46242260746953,-79.99136331,42003262000
0062F00127000000,2416 SARANAC AVE,SINGLE FAMILY,RESIDENTIAL,Private,Beechview,R1D-M,40.39956691829305,-80.02682196,42003192000
0033B00328000000,319 MOORE AVE,SINGLE FAMILY,RESIDENTIAL,Private,Knoxville,R1D-H,40.41200920173664,-79.99373871,42003300100
0003S00218000000,1 PIUS ST,CONDOMINIUM COMMON PROPERTY,RESIDENTIAL,Private,South Side Slopes,H,40.42506772702903,-79.98424334,42003170600
0015M00207000000,218 SYLVANIA AVE,SINGLE FAMILY,RESIDENTIAL,Private,Beltzhoover,R2-H,40.41715644230188,-80.00309562,42003562400
0054R00143000000,626 MINNESOTA ST,SINGLE FAMILY,RESIDENTIAL,Private,Greenfield,R1D-H,40.42505607,-79.93887872,42003151700
0028E00063000000,223 CHESTERFIELD RD,ROWHOUSE,RESIDENTIAL,Private,West Oakland,R1A-VH,40.44046288391387,-79.9634068,42003040200
0014G00004000000,402 KNOX AVE,SINGLE FAMILY,RESIDENTIAL,Private,Allentown,R1D-H,40.41903978,-79.99102123,42003180300
0012E00134000000,77 S 16TH ST,VACANT COMMERCIAL LAND,COMMERCIAL,Private,South Side Flats,R1A-VH,40.42956089351661,-79.98247506,42003170200
0001C01662015400,320 FORT DUQUESNE BLVD,CONDOMINIUM,RESIDENTIAL,Private,Central Business District,GT-D,40.442410574697504,-80.00709057,42003020100
0125C00204000000,844 INWOOD ST,SINGLE FAMILY,RESIDENTIAL,Private,Homewood West,R2-L,40.460021356535464,-79.90413109,42003130700
0056F00174000000,205 GLEN CALADH ST,ROWHOUSE,RESIDENTIAL,Private,Hazelwood,R1A-H,40.40973159770341,-79.94197481,42003562300
0014P00026000000,223 ZARA ST,VACANT LAND,RESIDENTIAL,Private,Knoxville,R1D-H,40.41601919407582,-79.99188678,42003300100
0128J00300000000,2565 MOUNT ROYAL RD,SINGLE FAMILY,RESIDENTIAL,Private,Squirrel Hill South,R1D-L,40.42839400798266,-79.91451715,42003140800
0078L00217000000,2833 MOUNT TROY RD,SINGLE FAMILY,RESIDENTIAL,Private,Spring Garden,H,40.47613782320447,-79.98821833,42003241300
0047C00055000000,58 SCHUBERT ST,SINGLE FAMILY,RESIDENTIAL,Private,Spring Garden,H,40.47147546373319,-79.9889729,42003241300
0004N00140000000,281 WADE ST,SINGLE FAMILY,RESIDENTIAL,Private,Mount Washington,R1D-H,40.424098386350046,-80.01204226,42003191400
0125B00176000000,0 LINCOLN AVE,VACANT LAND,RESIDENTIAL,Private,Larimer,R1D-M,40.46112074769366,-79.91018581,42003120900
0049J00249000000,258 38TH ST,ROWHOUSE,RESIDENTIAL,Private,Lower Lawrenceville,R1A-H,40.46530655836598,-79.96269927,42003060300
0062B00170000000,2305 PALM BEACH AVE,SINGLE FAMILY,RESIDENTIAL,Private,Beechview,R1D-M,40.402497614402975,-80.02587599,42003192000
0002F00175020700,112 WASHINGTON PL,CONDOMINIUM,RESIDENTIAL,Private,Crawford-Roberts,GT-E,40.43919166913326,-79.99294561,42003030500
0076J00114000000,0 CENTRAL AVE,VACANT LAND,RESIDENTIAL,Private,Marshall-Shadeland,R1D-H,40.47588681782138,-80.02936382,42003271600
0042G00275000000,3259 MOTOR ST,SINGLE FAMILY,RESIDENTIAL,Private,Sheraden,H,40.459178848496734,-80.05695094,42003562500
0006M00312141500,1 TRIMONT LN,CONDOMINIUM,RESIDENTIAL,Private,Duquesne Heights,AP,40.43842028,-80.02008561,42003191100
0050L00053000000,408 N PACIFIC AVE,SINGLE FAMILY,RESIDENTIAL,Private,Garfield,R1D-H,40.46710227,-79.93922783,42003101900
0120M00116000000,1513 HAWTHORNE ST,SINGLE FAMILY,RESIDENTIAL,Private,Stanton Heights,R1D-L,40.48541674340333,-79.93455255,42003101800
0139M00078000000,2650 LIBRARY RD,SINGLE FAMILY,RESIDENTIAL,Private,Overbrook,HC,40.37946656168981,-80.00142231,42003320700
0046D00235000000,2471 SUNSET AVE,SINGLE FAMILY,RESIDENTIAL,Private,Spring Hill-City View,H,40.47145931616256,-80.00118994,42003262000
0174K00029000000,0 IDLEWILD ST,VACANT LAND,RESIDENTIAL,City,Homewood North,R2-L,40.457376567478576,-79.89344806,42003130200
0056N00065000A00,5140 CHAPLAIN WAY,ROWHOUSE,RESIDENTIAL,Private,Hazelwood,R1A-VH,40.40564870737584,-79.9458098,42003562901
0095L00019000000,115 OVERBROOK BLVD,SINGLE FAMILY,RESIDENTIAL,Private,Carrick,R1D-L,40.38892968771825,-79.98713868,42003290400
0172N00015000000,6955 LEMINGTON AVE,VACANT LAND,RESIDENTIAL,Private,Lincoln-Lemington-Belmar,RM-M,40.472425549467204,-79.89867873,42003561900
0060C00138000000,1209 BROWNSVILLE RD,RETL/APT'S OVER,COMMERCIAL,Private,Carrick,HC,40.403743773208994,-79.98985297,42003290200
0087B00004000000,2028 WIGHTMAN ST,SINGLE FAMILY,RESIDENTIAL,Private,Squirrel Hill South,RM-M,40.43314329877641,-79.92785103,42003141300
0014G00119000000,951 FREELAND ST,SINGLE FAMILY,RESIDENTIAL,Private,Allentown,R1D-H,40.41938288912664,-79.98867135,42003180300
0013L00086000000,1505 ELEANOR ST,SINGLE FAMILY,RESIDENTIAL,Private,South Side Slopes,LNC,40.41778080541489,-79.97267641,42003160800
0124N00304000000,133 MEADOW ST,VACANT LAND,RESIDENTIAL,Private,Larimer,R1A-H,40.46468661404101,-79.91353399,42003120900
0049A00091000000,4118 WILLOW ST,SINGLE FAMILY,RESIDENTIAL,Private,Central Lawrenceville,R1A-VH,40.47176909370191,-79.96342711,42003090100
0019C00166000000,822 CRUCIBLE ST,MUNICIPAL URBAN RENEWAL,GOVERNMENT,City,Elliott,R1D-H,40.44251808116101,-80.03997118,42003562600
0042H00143000000,2961 SACRAMENTO AVE,TWO FAMILY,RESIDENTIAL,Private,Sheraden,R1D-H,40.457683451296845,-80.05058049,42003562500
0055P00080000000,203 TULLYMET ST,SINGLE FAMILY,RESIDENTIAL,Private,Hazelwood,R1D-H,40.415168554463094,-79.94458255,42003562901
0056P00183000000,5240 2ND AVE,ROWHOUSE,RESIDENTIAL,Private,Hazelwood,R1A-VH,40.40489102381568,-79.94284158,42003562300
0071R00181000000,134 CLEARFIELD PL,SINGLE FAMILY,RESIDENTIAL,Private,Windgap,R2-L,40.45434970461018,-80.07293269,42003563000
0174A00164000000,7152 KEDRON ST,TWO FAMILY,RESIDENTIAL,Private,Homewood North,R2-L,40.46071990851472,-79.8954199,42003130200
0045M00107000000,2430 N CHARLES ST,VACANT LAND,RESIDENTIAL,Private,Perry South,R1D-H,40.46598828610023,-80.02003254,42003261400
0021J00020000000,2762 STAFFORD ST,SINGLE FAMILY,RESIDENTIAL,Private,Sheraden,H,40.45594288375307,-80.04950912,42003562500
0015S00110000000,841 ESTELLA AVE,SINGLE FAMILY,RESIDENTIAL,Private,Beltzhoover,R2-H,40.41441847663689,-80.00002122,42003562400
0045S00047000000,733 CHAUTAUQUA CT,ROWHOUSE,RESIDENTIAL,Private,Perry South,R1A-VH,40.46384673465148,-80.01870309,42003261400
0026F00026000000,3501 FLAVIAN ST,TWO FAMILY,RESIDENTIAL,Private,Polish Hill,H,40.45962004511699,-79.96151549,42003060500
0095F00128000000,2129 WALTON AVE,TWO FAMILY,RESIDENTIAL,Private,Overbrook,R1D-H,40.39047248041428,-79.99363529,42003320400
0071A00008000000,3968 CHARTIERS AVE,SINGLE FAMILY,RESIDENTIAL,Private,Windgap,R1D-L,40.46025228580803,-80.07858997,42003563000
0062B00198000000,2192 PAULINE AVE,THREE FAMILY,RESIDENTIAL,Private,Beechview,H,40.40401324,-80.02497357,42003192000
0004F00210000000,52 SOUTHERN AVE,SINGLE FAMILY,RESIDENTIAL,Private,Mount Washington,R2-H,40.42845855717856,-80.00870044,42003191400
0040L00102000000,1420 BARR AVE,VACANT LAND,RESIDENTIAL,Private,Westwood,R1D-L,40.43701534220096,-80.05577852,42003563100
0014C00193000000,1021 SAINT MARTIN ST,SINGLE FAMILY,RESIDENTIAL,Private,South Side Slopes,H,40.42264132,-79.98740432,42003170600
0070D00234000000,3257 MIDDLETOWN RD,SINGLE FAMILY,RESIDENTIAL,Private,Windgap,R2-L,40.451179157329584,-80.06877561,42003563000
0023D00108000000,6 EDENVALE ST,ROWHOUSE,RESIDENTIAL,City,Fineview,R1D-H,40.46127956750115,-80.00292857,42003250900
0174N00277000000,7315 SUSQUEHANNA ST,THREE FAMILY,RESIDENTIAL,Private,Homewood South,R1A-VH,40.45292064042385,-79.8957169,42003130800
0185H00168000000,1063 COX PL,SINGLE FAMILY,RESIDENTIAL,Private,Lincoln Place,R1D-L,40.370335274987745,-79.91859826,42003310200
0011G00037000000,136 MOULTRIE ST,SINGLE FAMILY,RESIDENTIAL,Private,West Oakland,UPR-B,40.439070885309384,-79.97381984,42003040200
0020S00048000000,311 FAIRVIEW AVE,SINGLE FAMILY,RESIDENTIAL,Private,Elliott,R1D-M,40.44491348530183,-80.0356028,42003562600
0006M00312240000,1 TRIMONT LN,CONDOMINIUM,RESIDENTIAL,Private,Duquesne Heights,AP,40.43827491648056,-80.0200564,42003191100
0020K00105000000,1143 STRAHLEY PL,SINGLE FAMILY,RESIDENTIAL,Private,Elliott,R1D-L,40.44594103041765,-80.04262639,42003562600
0005F00032000000,1459 WOODRUFF ST,RES AUX BUILDING (NO HOUSE),RESIDENTIAL,Private,Duquesne Heights,UI,40.42857135796082,-80.02482258,42003191100
0129J00175000000,2005 BEECHWOOD BLVD,PUBLIC PARK,GOVERNMENT,City,Squirrel Hill South,RP,40.41723625222196,-79.91614328,42003141400
0124S00091000000,6710 ROWAN ST,SINGLE FAMILY,RESIDENTIAL,Private,Lincoln-Lemington-Belmar,RM-M,40.46410705705783,-79.90290019,42003120300
0080C00075000000,5204 BUTLER ST,ROWHOUSE,RESIDENTIAL,Private,Upper Lawrenceville,LNC,40.480445579093896,-79.95399763,42003101100
0024K00320000000,914 AHLERS WAY,VACANT LAND,RESIDENTIAL,Private,East Allegheny,R1A-H,,,
0014B00180000000,836 EUREKA ST,SINGLE FAMILY,RESIDENTIAL,Private,Allentown,R1D-H,40.423612305835825,-79.9924221,42003180300
0006S00012000000,239 ONEIDA ST,SINGLE FAMILY,RESIDENTIAL,Private,Duquesne Heights,R1D-M,40.43426412009078,-80.02013119,42003191100
0096F00236000000,2200 HOBSON ST,SINGLE FAMILY,RESIDENTIAL,Private,Brookline,R1D-M,40.38991148918115,-80.0089386,42003191800
0050F00045000000,4929 BROWN WAY,SINGLE FAMILY,RESIDENTIAL,Private,Garfield,R1D-H,40.46749925125395,-79.9433602,42003101900
0023L00145000000,1313 BOYLE ST,ROWHOUSE,RESIDENTIAL,Private,Central Northside,R1A-VH,40.45719605,-80.00636415,42003565100
0013N00076000000,140 DAWES ST,SINGLE FAMILY,RESIDENTIAL,Private,Arlington,R2-L,40.41559596619109,-79.98069974,42003161000
0033F00149000000,406 SUNCREST ST,SINGLE FAMILY,RESIDENTIAL,City,Knoxville,R1D-H,40.411201222597704,-79.99525296,42003300100
0014J00225000000,515 CEDARHURST ST,SINGLE FAMILY,RESIDENTIAL,Private,Beltzhoover,R2-H,40.41848926899545,-79.99820092,42003562400
0027D00149000000,4614 TRURO PL,SINGLE FAMILY,RESIDENTIAL,Private,North Oakland,OPR-B,40.45250035377806,-79.95163035,42003562000
0026A00140000000,3340 LIBERTY AVE,FOOD & DRINK PROCESSING,INDUSTRIAL,Private,Lower Lawrenceville,UI,40.46100711796245,-79.96649866,42003060300
0042C00091000000,3321 OREGON ST,SINGLE FAMILY,RESIDENTIAL,Private,Esplen,R1D-H,40.46208245776549,-80.05413493,42003562500
0015K00101000000,213 BOGGSTON AVE,SINGLE FAMILY,RESIDENTIAL,Private,Beltzhoover,H,40.41867661597128,-80.00896102,42003562400
COMMON GROUND, ,,,Private,South Side Flats,RIV-MU,40.539822654495715,-80.15236925,42003563800
0030L00101000000,3860 SOUTH WATER ST,OFFICE - 1-2 STORIES,COMMERCIAL,Private,South Side Flats,SP-5,40.41780581873146,-79.95571857,42003160900
0057G00223000000,5515 2ND AVE,SINGLE FAMILY,RESIDENTIAL,Private,Hazelwood,R1A-H,40.401513462915794,-79.93973211,42003562300
0014R00154000000,128 ROCHELLE ST,RES AUX BUILDING (NO HOUSE),RESIDENTIAL,Private,Knoxville,R1D-H,40.41492384209204,-79.98957985,42003300100
0056F00305000000,162 MARSDEN ST,ROWHOUSE,RESIDENTIAL,Private,Hazelwood,R1A-H,40.41064707542622,-79.94238233,42003562300
0013C00335000000,2310 MISSION ST,THREE FAMILY,RESIDENTIAL,Private,South Side Slopes,R1D-H,40.422864746438236,-79.97319919,42003160800
0049P00377000000,3815 LIBERTY AVE,RES AUX BUILDING (NO HOUSE),RESIDENTIAL,Private,Lower Lawrenceville,R1A-H,40.46256724103299,-79.96031674,42003060300
0173F00253000000,1540 BROADHEAD ST,SINGLE FAMILY,RESIDENTIAL,Private,Lincoln-Lemington-Belmar,R1D-L,40.46827867,-79.89259087,42003561900
0013H00056000000,2739 COBDEN ST,SINGLE FAMILY,RESIDENTIAL,Private,South Side Slopes,R1D-H,40.419845119435614,-79.96913965,42003160800
0119S00062000000,5401 CARNEGIE ST,ROWHOUSE,RESIDENTIAL,Private,Upper Lawrenceville,R1A-VH,40.482460342491336,-79.95052054,42003101100
0006M00181000000,131 COHASSETT ST,SINGLE FAMILY,RESIDENTIAL,Private,Mount Washington,R1D-H,40.43676816927529,-80.01850472,42003190300
0004E00036000000,737 OMAHA ST,SINGLE FAMILY,RESIDENTIAL,Private,Mount Washington,RM-M,40.43023932370701,-80.01521266,42003190300
0042J00324000000,1015 FAULKNER ST,SINGLE FAMILY,RESIDENTIAL,Private,Sheraden,R1D-H,40.45556438751322,-80.06201516,42003202200
0087N00094000000,911 LILAC ST,SINGLE FAMILY,RESIDENTIAL,Private,Greenfield,R1D-H,40.42495275028714,-79.93267961,42003151700
0173L00123000000,7324 LEMINGTON AVE,SINGLE FAMILY,RESIDENTIAL,Private,Lincoln-Lemington-Belmar,R1D-L,40.46649881321666,-79.88940421,42003561900
0025P00075000000,286 BRERETON ST,SINGLE FAMILY,RESIDENTIAL,Private,Strip District,H,40.45382636,-79.97454323,42003020300
0173F00212000000,1543 BROADHEAD ST,SINGLE FAMILY,RESIDENTIAL,Private,Lincoln-Lemington-Belmar,R1D-L,40.468701154998044,-79.89285812,42003561900
0014P00091000000,236 ZARA ST,SINGLE FAMILY,RESIDENTIAL,Private,Knoxville,R1D-H,40.41559325721331,-79.99227717,42003300100
0010N00023000000,117 ERIN ST,TOWNHOUSE,RESIDENTIAL,Private,Middle Hill,RM-M,40.445237819200294,-79.97983171,42003050100
0056G00097000000,4926 GLENWOOD AVE,SINGLE FAMILY,RESIDENTIAL,Private,Hazelwood,R1A-H,40.410078778125055,-79.94060725,42003562300
0002M00200000000,1621 FORBES AVE,COMM AUX BUILDING,COMMERCIAL,Private,Bluff,UPR-A,40.43782877675672,-79.98391506,42003010302
0041R00298000000,1518 STEUBEN ST,SINGLE FAMILY,RESIDENTIAL,Private,Crafton Heights,R2-L,40.44397650868573,-80.05468539,42003281400
0173F00025000000,1522 LINCOLN AVE,SINGLE FAMILY,RESIDENTIAL,Private,Lincoln-Lemington-Belmar,LNC,40.46905712791211,-79.8950687,42003561900
0002F00160000000,112 WASHINGTON PL,PARKING GARAGE/LOTS,COMMERCIAL,Private,Crawford-Roberts,GT-E,40.43956069135116,-79.99254258,42003030500
0060H00198000000,130 E MEYERS ST,SINGLE FAMILY,RESIDENTIAL,Private,Carrick,R1D-H,40.40018631,-79.98597851,42003290200
0050L00051000000,5208 BROWN WAY,SINGLE FAMILY,RESIDENTIAL,Private,Garfield,R1D-H,40.466964142465244,-79.93906569,42003101900
0050H00245000000,429 WICKLOW ST,VACANT LAND,RESIDENTIAL,Private,Garfield,R1D-H,40.468685818048925,-79.93532394,42003101900
0124S00197000000,6913 ODESSA PL,SINGLE FAMILY,RESIDENTIAL,City,Homewood West,R2-L,40.46323950028233,-79.90147454,42003130700
0082R00057000000,928 MELLON ST,SINGLE FAMILY,RESIDENTIAL,Private,Highland Park,R2-M,40.472996705689184,-79.92344448,42003110200
0015G00154000000,108 INDUSTRY ST,SINGLE FAMILY,RESIDENTIAL,Private,Beltzhoover,R2-H,40.41966784771748,-80.00559382,42003562400
0174G00151000000,7423 MONTICELLO ST,SINGLE FAMILY,RESIDENTIAL,Private,Homewood North,RM-M,40.458461921536625,-79.88992931,42003130700
0015M00263000000,413 CHALFONT ST,VACANT LAND,RESIDENTIAL,Private,Beltzhoover,R2-H,40.41686915,-79.99979044,42003562400
0125H00334000000,7005 BENNETT ST,ROWHOUSE,RESIDENTIAL,Private,Homewood South,RM-M,40.45766906878198,-79.90109645,42003130800
0020P00006000000,1036 STEUBEN ST,TWO FAMILY,RESIDENTIAL,Private,Elliott,R1D-L,40.443252429112164,-80.04425286,42003562600
0026R00164000000,3510 IOWA ST,SINGLE FAMILY,RESIDENTIAL,Private,Upper Hill,P,40.453205641127404,-79.9558182,42003050600
0173N00123000000,1617 N LANG AVE,SINGLE FAMILY,RESIDENTIAL,Private,Homewood North,R2-L,40.46391428717467,-79.89625893,42003130700
0033B00073000000,212 MATHEWS AVE,SINGLE FAMILY,RESIDENTIAL,Private,Knoxville,R1D-H,40.413405812212446,-79.99128184,42003300100
0080P00229000000,172 HOME ST,ROWHOUSE,RESIDENTIAL,Private,Central Lawrenceville,R1A-VH,40.474028853026944,-79.95939391,42003090100
0014C00189000000,1011 SAINT MARTIN ST,SINGLE FAMILY,RESIDENTIAL,Private,South Side Slopes,H,40.422602502194415,-79.98779601,42003170600
0012G00160000000,2315 WHARTON ST,LIGHT MANUFACTURING,INDUSTRIAL,Private,South Side Flats,RIV-IMU,40.430311807669014,-79.97238635,42003160900
0086B00071000000,5626 NORTHUMBERLAND ST,TWO FAMILY,RESIDENTIAL,Private,Squirrel Hill North,R2-L,40.440808378771486,-79.9265805,42003140300
0033B00308000000,227 MOORE AVE,SINGLE FAMILY,RESIDENTIAL,Private,Knoxville,R1D-H,40.41172334281304,-79.99200118,42003300100
0125R00177000000,6947 MCPHERSON BLVD,TWO FAMILY,RESIDENTIAL,Private,Point Breeze North,R1D-L,40.45383119,-79.90442268,42003140500
0045N00311000B00,2351 COLORADO ST,SINGLE FAMILY,RESIDENTIAL,Private,Marshall-Shadeland,R1A-VH,40.46377216034729,-80.03142496,42003271600
0097D00072000000,924 BROOKLINE BLVD,OFFICE/APARTMENTS OVER,COMMERCIAL,Private,Brookline,LNC,40.39236649739352,-80.01861676,42003191800
0173P00082000000,279 SILVERTON AVE,SINGLE FAMILY,RESIDENTIAL,Private,Lincoln-Lemington-Belmar,R1D-L,40.46375153627763,-79.89150745,42003561900
0124M00316000000,6648 HEDGE ST,SINGLE FAMILY,RESIDENTIAL,Private,Lincoln-Lemington-Belmar,RM-M,40.46624454573499,-79.90120089,42003120300
0014P00093000000,232 ZARA ST,SINGLE FAMILY,RESIDENTIAL,Private,Knoxville,R1D-H,40.41559718469852,-79.99213909,42003300100
0014C00197000000,1031 SAINT MARTIN ST,SINGLE FAMILY,RESIDENTIAL,Private,South Side Slopes,H,40.42265892431363,-79.98711174,42003170600
0028H00211000000,336 JONCAIRE ST,SINGLE FAMILY,RESIDENTIAL,Private,Central Oakland,R-MU,40.44033247162261,-79.95301408,42003040500
0134D00042000000,4464 CASSABILL DR,SINGLE FAMILY,RESIDENTIAL,Private,New Homestead,P,40.38371520184628,-79.92002939,42003565300
0035B00165000000,1412 METHYL ST,SINGLE FAMILY,RESIDENTIAL,Private,Beechview,R1D-H,40.413706081102326,-80.02607865,42003191600
0095H00227000000,134 DUFFLAND ST,SINGLE FAMILY,RESIDENTIAL,Private,Carrick,R1D-H,40.391839630674134,-79.98304544,42003290200
0094F00033000000,409 BRINWOOD AVE,SINGLE FAMILY,RESIDENTIAL,Private,Carrick,R1D-L,40.391641463542086,-79.97860822,42003290400
0004K00356000000,53 GREENBUSH ST,SINGLE FAMILY,RESIDENTIAL,Private,Mount Washington,R2-H,40.42749809,-80.00783707,42003191400
0056F00094000000,4800 2ND AVE,RETL/APT'S OVER,COMMERCIAL,Private,Hazelwood,LNC,40.41112167,-79.94482662,42003562300
0050H00335000000,5318 COLUMBO ST,SINGLE FAMILY,RESIDENTIAL,Private,Garfield,R1D-H,40.46876761707527,-79.93651599,42003101900
0056J00048000000,5021 LYTLE ST,ROWHOUSE,RESIDENTIAL,Private,Hazelwood,R1A-VH,40.407436729426614,-79.94528786,42003562901
0049N00166000000,3445 LIGONIER ST,SINGLE FAMILY,RESIDENTIAL,Private,Lower Lawrenceville,R1A-H,40.4630771,-79.96536194,42003060300
0175H00128000000,7935 TIOGA ST,SINGLE FAMILY,RESIDENTIAL,City,Homewood South,RM-M,40.44983166578618,-79.8854768,42003130800
0231L00096000000,2501 PARK HILL DR,ROWHOUSE,RESIDENTIAL,Private,East Hills,RP,40.45641153,-79.87346074,42003130600
0173E00062000000,1352 PAULSON AVE,SINGLE FAMILY,RESIDENTIAL,Private,Lincoln-Lemington-Belmar,RM-M,40.46941876505439,-79.89876287,42003120300
0024N00108000000,606 E OHIO ST,RETL/APT'S OVER,COMMERCIAL,Private,East Allegheny,LNC,40.454059488862626,-79.99883008,42003563202
0012K00212000000,2110 LARKINS WAY,ROWHOUSE,RESIDENTIAL,Private,South Side Flats,NDI,40.42701020965655,-79.97582842,42003160900
0076K00259000000,930 ROTHPLETZ ST,SINGLE FAMILY,RESIDENTIAL,Private,Marshall-Shadeland,R1D-M,40.475913573752884,-80.02521322,42003271600
0020R00092000000,0 CHARTIERS AVE,VACANT COMMERCIAL LAND,COMMERCIAL,City,Elliott,LNC,40.443480606255704,-80.04042981,42003562600
0174B00318000000,7224 KEDRON ST,SINGLE FAMILY,RESIDENTIAL,Private,Homewood North,R2-L,40.46035761802303,-79.89387116,42003130200
0019R00042000000,0 MCCARTNEY ST,VACANT LAND,RESIDENTIAL,Private,Westwood,H,40.43539355352294,-80.03824704,42003563100
0015H00289000000,240 E WARRINGTON AVE,SINGLE FAMILY,RESIDENTIAL,Private,Beltzhoover,R2-H,40.42073425792559,-80.00310355,42003562400
0075G00328000000,3500 FLEMING AVE,SINGLE FAMILY,RESIDENTIAL,Private,Brighton Heights,R1A-H,40.478591470051796,-80.03841298,42003270300
0087N00162000000,937 KENNEBEC ST,TWO FAMILY,RESIDENTIAL,Private,Greenfield,R1D-H,40.42496786,-79.9303775,42003151700
0231J00245000000,8336 PERCHMENT ST,SINGLE FAMILY,RESIDENTIAL,Private,Homewood North,P,40.45678547026183,-79.87914681,42003130700
0042C00144000000,3324 RADCLIFFE ST,SINGLE FAMILY,RESIDENTIAL,Private,Esplen,R1D-H,40.46159332557826,-80.05454966,42003562500
0010F00169000000,2228 BEDFORD AVE,RES AUX BUILDING (NO HOUSE),RESIDENTIAL,Private,Middle Hill,RM-M,40.448348114315166,-79.97722796,42003050100
0004E00131000000,344 GRACE ST,SINGLE FAMILY,RESIDENTIAL,Private,Mount Washington,R1D-H,40.43029465383578,-80.01264712,42003191400
0174S00022000000,7812 KELLY ST,SINGLE FAMILY,RESIDENTIAL,Private,Homewood South,RM-M,40.452888206132954,-79.8866767,42003130800
0033C00055000000,163 KNOX AVE,SINGLE FAMILY,RESIDENTIAL,Private,Knoxville,R1D-H,40.413199122098014,-79.99072816,42003300100
0048S00191000000,3408 CHARLOTTE ST,TOWNHOUSE,RESIDENTIAL,Private,Lower Lawrenceville,UI,40.46318929533456,-79.96779312,42003060300
0023B00070000000,1902 LITHGOW AVE,SINGLE FAMILY,RESIDENTIAL,Private,Perry South,H,40.462004032909455,-80.00977435,42003261400
0026R00037000000,3516 CAMP ST,SINGLE FAMILY,RESIDENTIAL,Private,Upper Hill,R2-L,40.453777939979176,-79.95759504,42003050600
0077P00334000000,2711 ELLIS ST,SINGLE FAMILY,RESIDENTIAL,Private,Perry South,H,40.47292803,-80.01142455,42003261500
0124S00243000000,6948 MOUNT VERNON ST,TWO FAMILY,RESIDENTIAL,Private,Homewood West,R2-L,40.46252121219538,-79.90022862,42003130700
0015B00024000000,253 SOUTHERN AVE,SINGLE FAMILY,RESIDENTIAL,Private,Mount Washington,R1D-H,40.423127160644206,-80.01133746,42003191500
0062A00289000000,2311 LOS ANGELES AVE,SINGLE FAMILY,RESIDENTIAL,Private,Beechview,R1D-M,40.402164634601505,-80.02871344,42003192000
0137B00031000000,22 MERRITT AVE,SINGLE FAMILY,RESIDENTIAL,Private,Carrick,R2-L,40.38389481304719,-79.97843422,42003290400
0041A00174000000,1403 TYNDALL ST,SINGLE FAMILY,RESIDENTIAL,Private,Sheraden,R1D-M,40.45041959139009,-80.06257291,42003202200
0085C00240000000,40 WOODLAND RD,SINGLE FAMILY,RESIDENTIAL,Private,Squirrel Hill North,R1D-VL,40.45055151282211,-79.92428849,42003140200
0055C00006000000,525 FARNSWORTH ST,THREE FAMILY,RESIDENTIAL,Private,Greenfield,R1D-M,40.423466182338785,-79.94073672,42003151600
0020L00194000000,1043 MARENA ST,RES AUX BUILDING (NO HOUSE),RESIDENTIAL,Private,Elliott,R1D-H,40.44688828054802,-80.03894358,42003562600
0014N00101000000,431 MICHIGAN ST,SINGLE FAMILY,RESIDENTIAL,Private,Beltzhoover,R2-H,40.416125844852054,-79.99915419,42003562400
0014R00158000000,126 ROCHELLE ST,SINGLE FAMILY,RESIDENTIAL,Private,Knoxville,R1D-H,40.41492820812074,-79.98940182,42003300100
0014N00084000000,452 MICHIGAN ST,SINGLE FAMILY,RESIDENTIAL,Private,Beltzhoover,R2-H,40.41572242526205,-79.9983621,42003562400
0062L00210000000,2437 PIONEER AVE,SINGLE FAMILY,RESIDENTIAL,Private,Brookline,R1D-M,40.39823830004802,-80.02199578,42003191900
0040M00259000000,1619 NOBLESTOWN RD,WAREHOUSE,INDUSTRIAL,Private,Westwood,NDI,40.43776061004229,-80.04976093,42003563100
0056N00140000000,5128 BLAIR ST,ROWHOUSE,RESIDENTIAL,Private,Hazelwood,R1A-VH,40.40578163937875,-79.94654621,42003562901
0056R00137000000,223 MANSION ST,SINGLE FAMILY,RESIDENTIAL,Private,Hazelwood,R1A-H,40.40435764524445,-79.94037738,42003562300
0015F00002000000,142 SOFFEL ST,SINGLE FAMILY,RESIDENTIAL,Private,Mount Washington,R1D-H,40.41946644549804,-80.01171715,42003191500
0025C00203000000,3150 SMALLMAN ST,WAREHOUSE,INDUSTRIAL,Private,Strip District,RIV-IMU,40.46099901719269,-79.97094643,42003020300
0046P00025000000,0 PERRYSVILLE AVE,VACANT LAND,RESIDENTIAL,Private,Perry South,R1D-H,40.46362609,-80.01165012,42003261400
0047E00014000000,921 SOUTH SIDE AVE,SINGLE FAMILY,RESIDENTIAL,Private,Spring Hill-City View,R1D-L,40.46954316665068,-79.9985011,42003262000
0006K00241000000,308 SHALER ST,SINGLE FAMILY,RESIDENTIAL,Private,Duquesne Heights,R1D-M,40.43779571445683,-80.02551823,42003191100
0042L00130000000,612 SHERWOOD AVE,SMALL DETACHED RET(UNDER 10000),COMMERCIAL,Private,Sheraden,R1D-H,40.455315799139974,-80.05433474,42003562500
0042H00293000000,3133 BRUNOT AVE,SINGLE FAMILY,RESIDENTIAL,Private,Sheraden,R1D-H,40.45950547814218,-80.05158456,42003562500
0012L00326000000,129 S 24TH ST,TWO FAMILY,RESIDENTIAL,Private,South Side Flats,R1A-VH,40.42626325162448,-79.97148418,42003160900
0045K00074000000,1123 INGHAM ST,SINGLE FAMILY,RESIDENTIAL,Private,Marshall-Shadeland,R1D-M,40.46676229488518,-80.02603686,42003271600
0025D00294000000,3340 LIBERTY AVE,VACANT INDUSTRIAL LAND,INDUSTRIAL,Private,Lower Lawrenceville,UI,40.46050774242692,-79.96643508,42003060300
0014A00105000000,103 CRAIGHEAD ST,SINGLE FAMILY,RESIDENTIAL,Private,Mount Washington,R1D-H,40.42208738924372,-79.99825923,42003180700
0050L00144000000,5307 BROAD ST,SINGLE FAMILY,RESIDENTIAL,Private,Garfield,R1D-H,40.46603327524083,-79.93785949,42003101900
0014C00190000000,1013 SAINT MARTIN ST,SINGLE FAMILY,RESIDENTIAL,Private,South Side Slopes,H,40.42260848553712,-79.98768917,42003170600
0125C00014000000,611 LINCOLN AVE,RETL/APT'S OVER,COMMERCIAL,Private,Larimer,RM-H,40.46190077333642,-79.90755127,42003120900
0014H00198000000,2429 GABLE ST,SINGLE FAMILY,RESIDENTIAL,Private,South Side Slopes,H,40.42070815619285,-79.98384586,42003170600
0025K00084000000,2800 SMALLMAN ST,OFFICE/WAREHOUSE,COMMERCIAL,Private,Strip District,RIV-IMU,40.45747146128457,-79.97603786,42003020300
0023H00313000000,117 FOUNTAIN ST,SINGLE FAMILY,RESIDENTIAL,Private,Fineview,RM-M,40.45911231,-80.00135202,42003250900
0021J00070000000,2738 SACRAMENTO AVE,VACANT LAND,RESIDENTIAL,Private,Sheraden,H,40.45594317782541,-80.04832964,42003562500
0033B00356000000,338 MOORE AVE,SINGLE FAMILY,RESIDENTIAL,City,Knoxville,R1D-H,40.411841837850545,-79.9946085,42003300100
0008D00020000002,412 E COMMONS,OFFICE-ELEVATOR -3 + STORIES,COMMERCIAL,Private,Allegheny Center,UNC,40.45132939,-80.00241012,42003562700
0049K00215000000,288 FISK ST,SINGLE FAMILY,RESIDENTIAL,Private,Central Lawrenceville,R1A-H,40.467153089309456,-79.95929433,42003090200
0051J00227000000,4930 YEW ST,SINGLE FAMILY,RESIDENTIAL,Private,Bloomfield,R1A-H,40.45749575350109,-79.94697364,42003080400
0011J00184000000,303 MILTENBERGER ST,ROWHOUSE,RESIDENTIAL,Private,Bluff,UPR-B,40.43693189472872,-79.98127962,42003010302
0138G00184000000,790 STEWART AVE,CEMETERY/MONUMENTS,COMMERCIAL,Private,Overbrook,P,40.38059502021137,-79.98721335,42003320400
0123E00068000000,121 HIGH PARK PL,SINGLE FAMILY,RESIDENTIAL,Private,Highland Park,R1D-M,40.47784770680603,-79.91577688,42003110600
0060B00082000000,118 MINOOKA ST,SINGLE FAMILY,RESIDENTIAL,Private,Carrick,R2-L,40.40354927040124,-79.99326048,42003290100
0174G00325000000,1313 COLLIER ST,SINGLE FAMILY,RESIDENTIAL,Private,Homewood North,R2-L,40.45991170512496,-79.8908068,42003130200
0041H00199000000,809 DUBOIS ST,ROWHOUSE,RESIDENTIAL,Private,Crafton Heights,P,40.44999942,-80.05079257,42003281400
0028J00014000000,2701 5TH AVE,ROWHOUSE,RESIDENTIAL,Private,West Oakland,UC-E,40.43759993625637,-79.96585841,42003040200
0061N00152000000,2020 EDGEBROOK AVE,SINGLE FAMILY,RESIDENTIAL,Private,Brookline,H,40.396537199804825,-80.01406784,42003191700
0174S00033000000,7815 KELLY ST,SINGLE FAMILY,RESIDENTIAL,Private,Homewood South,RM-M,40.45339126955114,-79.88645398,42003130800
0015H00125000A00,238 CLIMAX ST,TOWNHOUSE,RESIDENTIAL,Private,Beltzhoover,R2-H,40.419607656205635,-80.00262571,42003562400
0027G00066000000,4306 CENTRE AVE,SINGLE FAMILY,RESIDENTIAL,Private,North Oakland,R1D-VL,40.44905818545954,-79.95705178,42003562000
0097B00319000000,2733 PIONEER AVE,TWO FAMILY,RESIDENTIAL,Private,Brookline,R1D-M,40.39422633958592,-80.02569927,42003191800
0015M00184000000,332 SYLVANIA AVE,SINGLE FAMILY,RESIDENTIAL,City,Beltzhoover,R2-H,40.41717827398092,-80.0010727,42003562400
0006F00194000000,241 REPUBLIC ST,TWO FAMILY,RESIDENTIAL,Private,Duquesne Heights,R1D-M,40.439369051451926,-80.02580103,42003191100
0020P00026000000,1015 ZAHNISER ST,SINGLE FAMILY,RESIDENTIAL,Private,Crafton Heights,P,40.44328935545765,-80.04494391,42003281400
0081B00230000000,4359 STANTON AVE,SINGLE FAMILY,RESIDENTIAL,Private,Stanton Heights,R1D-L,40.48101786756637,-79.94221399,42003101800
0120K00200000000,6004 SAWYER ST,SINGLE FAMILY,RESIDENTIAL,Private,Stanton Heights,H,40.48609812170518,-79.94189643,42003101800
0012M00026000000,2512 E CARSON ST,VACANT COMMERCIAL LAND,COMMERCIAL,Private,South Side Flats,LNC,40.42746749731371,-79.96916552,42003160900
0062E00183000000,2419 WENZELL AVE,TWO FAMILY,RESIDENTIAL,Private,Beechview,R1D-M,40.40024598140795,-80.03101349,42003192000
0096H00086000000,2051 ALTMAR ST,SINGLE FAMILY,RESIDENTIAL,Private,Brookline,R1D-M,40.39118526363782,-80.00000538,42003320600
0026N00113000000,3381 WEBSTER AVE,SINGLE FAMILY,RESIDENTIAL,Private,Upper Hill,R2-L,40.45468566837556,-79.96282043,42003050600
0046K00111000000,129 LAFAYETTE AVE,ROWHOUSE,RESIDENTIAL,Private,Perry South,R1D-H,40.465241510495424,-80.01055932,42003261400
0077K00327000000,2858 PERRYSVILLE AVE,SINGLE FAMILY,RESIDENTIAL,Private,Perry South,R1D-H,40.47519886193644,-80.01111048,42003261500
0014J00296000000,510 CURTIN AVE,SINGLE FAMILY,RESIDENTIAL,City,Beltzhoover,R2-H,40.417934639771104,-79.99907982,42003562400
0075G00246000000,3415 FLEMING AVE,SINGLE FAMILY,RESIDENTIAL,Private,Brighton Heights,R1A-H,40.47709358939879,-80.03847112,42003270300
0044D00229000000,2901 CALIFORNIA AVE,SINGLE FAMILY,RESIDENTIAL,Private,Marshall-Shadeland,R1A-H,40.47006296795364,-80.0362535,42003271600
0231L00144000000,2613 EAST HILLS DR,TOWNHOUSE,RESIDENTIAL,Private,East Hills,RP,40.45702358664875,-79.87174948,42003130600
0033B00302000000,215 MOORE AVE,SINGLE FAMILY,RESIDENTIAL,Private,Knoxville,R1D-H,40.411607670407214,-79.99136038,42003300100
0013C00113000000,2506 MISSION ST,SINGLE FAMILY,RESIDENTIAL,Private,South Side Slopes,H,40.42270700681191,-79.97188022,42003160800
0003G00060000000,911 E CARSON ST,TWO FAMILY,RESIDENTIAL,Private,South Side Flats,RIV-MU,40.42889906,-79.98931444,42003170200
0174K00324000000,7346 BENNETT ST,SINGLE FAMILY,RESIDENTIAL,City,Homewood South,RM-M,40.455347932975975,-79.89272786,42003130800
0175C00022000000,7623 MULFORD ST,VACANT LAND,RESIDENTIAL,Private,Homewood South,RM-M,40.452573022534615,-79.89033315,42003130800
0124G00063000000,6333 DEAN ST,SINGLE FAMILY,RESIDENTIAL,Private,Lincoln-Lemington-Belmar,RM-M,40.46969538,-79.90606411,42003120300
0013G00011000000,1310 STERLING ST,SINGLE FAMILY,RESIDENTIAL,Private,South Side Slopes,R1D-H,40.419651910173954,-79.97454814,42003160800
0120J00100000000,5621 BUTLER ST,OFFICE - 1-2 STORIES,COMMERCIAL,Private,Upper Lawrenceville,RIV-MU,40.4849075,-79.94749021,42003101100
0025S00200000000,2913 BEDFORD AVE,ROWHOUSE,RESIDENTIAL,Private,Bedford Dwellings,RM-M,40.453059698144095,-79.96753066,42003050900
0045B00036000000,2917 STAYTON ST,SINGLE FAMILY,RESIDENTIAL,Private,Marshall-Shadeland,R1D-H,40.471471665559136,-80.02831326,42003271600
0012E00163000000,1714 FOX WAY,ROWHOUSE,RESIDENTIAL,Private,South Side Flats,R1A-VH,40.43004304621743,-79.98125204,42003170200
0095P00139000000,2329 FAIRLAND ST,SINGLE FAMILY,RESIDENTIAL,Private,Overbrook,R1D-H,40.386094333016295,-79.99351313,42003320400
0173G00034000000,1614 BROADHEAD ST,SINGLE FAMILY,RESIDENTIAL,Private,Lincoln-Lemington-Belmar,R1D-L,40.46884604336311,-79.89117176,42003561900
8000T00162000000,1800 WHITED ST,MOBILE HOME (IN PARK),RESIDENTIAL,Private,Brookline,P,40.395292926941316,-79.99848121,42003320600
0042H00104000000,3202 STAFFORD ST,SINGLE FAMILY,RESIDENTIAL,Private,Sheraden,H,40.45917215981538,-80.05308485,42003562500
0013G00341000000,2422 PATTERSON ST,SINGLE FAMILY,RESIDENTIAL,Private,South Side Slopes,R1D-H,40.41896630195116,-79.97174615,42003160800
0029C00088000000,3233 GORMAN WAY,SINGLE FAMILY,RESIDENTIAL,Private,South Oakland,R1A-H,40.43269361032632,-79.95728248,42003040900
0077B00192000000,128 WATSON BLVD,ROWHOUSE,RESIDENTIAL,Private,Perry North,R1D-L,40.48106809215216,-80.01004688,42003260700
0003M00427000000,1113 FREYBURG ST,BUILDERS LOT,RESIDENTIAL,Private,South Side Flats,R1A-VH,40.42678561823616,-79.98691289,42003170200
0041C00282000000,2803 FUSION ST,SINGLE FAMILY,RESIDENTIAL,Private,Crafton Heights,R2-L,40.45203377862814,-80.05468327,42003281400
0172N00148000000,6922 HARTMAN LN,TWO FAMILY,RESIDENTIAL,Private,Lincoln-Lemington-Belmar,R1D-L,40.473718362330914,-79.8967491,42003561900
0050K00321000000,4921 PENN AVE,RETL/APT'S OVER,COMMERCIAL,Private,Garfield,LNC,40.46541009678996,-79.94437434,42003101900
0061L00196000000,1674 FIAT ST,SINGLE FAMILY,RESIDENTIAL,Private,Brookline,R1D-L,40.39714000958475,-80.00562036,42003320600
0010M00031000000,2539 ELBA ST,ROWHOUSE,RESIDENTIAL,Private,Middle Hill,RM-M,40.446835977057255,-79.9696971,42003050100
0125F00121000000,6617 HAMILTON AVE,SMALL DETACHED RET(UNDER 10000),COMMERCIAL,Private,Larimer,UI,40.457830197463416,-79.90989403,42003120900
0175D00241000000,556 OAKWOOD ST,SINGLE FAMILY,RESIDENTIAL,Private,East Hills,RM-M,40.45035862203751,-79.88406906,42003130600
0042H00280000000,3111 BRUNOT AVE,SINGLE FAMILY,RESIDENTIAL,Private,Sheraden,R1D-H,40.45898743462986,-80.05081755,42003562500
0049S00125000000,4401 LIBERTY AVE,SUPERMARKETS,COMMERCIAL,Private,Bloomfield,LNC,40.46394355433763,-79.95232203,42003090300
0056G00098000A00,4924 GLENWOOD AVE,SINGLE FAMILY,RESIDENTIAL,Private,Hazelwood,R1A-H,40.41013853039695,-79.94059749,42003562300
0027A00328000000,711 ANAHEIM ST,SINGLE FAMILY,RESIDENTIAL,Private,Upper Hill,R2-L,40.45271578850559,-79.96246297,42003050600
0173F00077000000,7144 LEMINGTON AVE,SINGLE FAMILY,RESIDENTIAL,Private,Lincoln-Lemington-Belmar,RM-M,40.467331635696624,-79.89529463,42003561900
0023E00300000000,1600 BRIGHTON RD,SINGLE FAMILY,RESIDENTIAL,Private,Central Northside,LNC,40.45796600826294,-80.01571363,42003565100
0050L00063000000,5171 KINCAID ST,SINGLE FAMILY,RESIDENTIAL,Private,Garfield,R1D-H,40.46710438566252,-79.93998566,42003101900
0015L00085000001,83 SYLVANIA AVE,TWO FAMILY,RESIDENTIAL,Private,Beltzhoover,R2-H,40.41732623502397,-80.00655824,42003562400
0059N00222000000,2017 DOWLING ST,SINGLE FAMILY,RESIDENTIAL,Private,Carrick,R1D-H,40.39679562138411,-79.98043812,42003290200
0045A00208000000,3002 SHADELAND AVE,SINGLE FAMILY,RESIDENTIAL,Private,Marshall-Shadeland,LNC,40.47173913,-80.03057201,42003271600
0015H00242000000,205 HABERMAN AVE,SINGLE FAMILY,RESIDENTIAL,Private,Beltzhoover,LNC,40.42047167742866,-80.00216269,42003562400
0071S00057000000,1302 NOKOMIS ST,SINGLE FAMILY,RESIDENTIAL,Private,Sheraden,R1D-M,40.45484180582112,-80.06822595,42003202200
0012G00155000000,2329 WHARTON ST,WAREHOUSE,INDUSTRIAL,Private,South Side Flats,RIV-IMU,40.43031676635642,-79.97135944,42003160900
0086P00150000000,5600 MUNHALL RD,CONDOMINIUM COMMON PROPERTY,RESIDENTIAL,Private,Squirrel Hill South,RM-H,40.43344633064413,-79.9261579,42003141300
0024G00250000000,0 TRUAX WAY,SINGLE FAMILY,RESIDENTIAL,Private,Troy Hill,R1D-H,40.45922547,-79.98714592,42003241300
0049S00106000000,4401 LIBERTY AVE,VACANT COMMERCIAL LAND,COMMERCIAL,Private,Bloomfield,LNC,40.46412799387556,-79.95188956,42003090300
0015M00077000000,330 CEDARHURST ST,SINGLE FAMILY,RESIDENTIAL,Private,Beltzhoover,R2-H,40.41805632861078,-80.00028474,42003562400
0172N00054000000,6923 CHURCHLAND ST,SINGLE FAMILY,RESIDENTIAL,Private,Lincoln-Lemington-Belmar,RM-M,40.47285509680422,-79.8977939,42003561900
0003R00306000000,6 RENWICK ST,SINGLE FAMILY,RESIDENTIAL,Private,Allentown,R1D-H,40.42400294898501,-79.99025828,42003180300
0014L00196000B00,208 CHARLES ST,ROWHOUSE,RESIDENTIAL,Private,Knoxville,R1D-H,40.41642377125302,-79.99101803,42003300100
0012G00178000000,2329 WHARTON ST,OTHER,INDUSTRIAL,Private,South Side Flats,RIV-IMU,40.43067005750996,-79.97208053,42003160900
0014R00235000000,112 BAUSMAN ST,SINGLE FAMILY,RESIDENTIAL,Private,Knoxville,R1D-H,40.414243472976615,-79.98889932,42003300100
0042G00088000000,0 STAFFORD ST,VACANT LAND,RESIDENTIAL,Private,Sheraden,H,40.458968179867576,-80.05375111,42003562500
0034D00014000000,0 ELDORA PL,VACANT LAND,RESIDENTIAL,URA,Beltzhoover,R2-H,40.41365554254248,-80.00097574,42003562400
0042S00243000000,513 HAMMOND ST,SINGLE FAMILY,RESIDENTIAL,Private,Sheraden,R1D-H,40.45479458821159,-80.05158647,42003562500
0085A00300000300,5712 HOWE ST,CONDOMINIUM,RESIDENTIAL,Private,Shadyside,R2-M,40.45117152168104,-79.92976734,42003070600
0116J00040000000,3708 PERRYSVILLE AVE,SINGLE FAMILY,RESIDENTIAL,Private,Perry North,R1D-L,40.486430981538895,-80.01569937,42003260700
0024K00262000000,1010 CHESTNUT ST,ROWHOUSE,RESIDENTIAL,Private,East Allegheny,R1A-VH,40.457319606290625,-79.99502954,42003563202
0013M00030000000,2841 SALISBURY ST,SINGLE FAMILY,RESIDENTIAL,Private,South Side Slopes,R1D-H,40.41834693907159,-79.96764792,42003160800
0125A00162000000,230 CARVER ST,SINGLE FAMILY,RESIDENTIAL,Private,Larimer,R1D-H,40.461853353681306,-79.91229807,42003120900
0125D00173000000,1217 N MURTLAND ST,SINGLE FAMILY,RESIDENTIAL,City,Homewood West,R2-L,40.461877879137724,-79.90006172,42003130700
0042J00147000000,1010 STANHOPE ST,SINGLE FAMILY,RESIDENTIAL,Private,Sheraden,R1D-H,40.457016089442476,-80.06342585,42003202200
0081F00204000000,4314 COLERIDGE ST,SINGLE FAMILY,RESIDENTIAL,Private,Stanton Heights,R2-L,40.478070545326425,-79.94174472,42003100500
0174E00228000002,7209 IDLEWILD ST,SINGLE FAMILY,RESIDENTIAL,Private,Homewood North,R2-L,40.458236873219285,-79.89544398,42003130200
0046G00289000000,432 E BURGESS ST,SINGLE FAMILY,RESIDENTIAL,Private,Perry South,H,40.46869437863581,-80.00501957,42003261400
0014K00224000000,0 JUCUNDA ST,VACANT LAND,RESIDENTIAL,Private,Knoxville,R1D-H,40.41707592327142,-79.992029,42003300100
0014M00076000000,1789 ARLINGTON AVE,SINGLE FAMILY,RESIDENTIAL,Private,South Side Slopes,R2-M,40.417982431942555,-79.98309021,42003170600
0049N00091000000,3519 PENN AVE,RETL/APT'S OVER,COMMERCIAL,Private,Lower Lawrenceville,LNC,40.46435704211189,-79.96428725,42003060300
0124K00265000000,646 PAULSON AVE,SINGLE FAMILY,RESIDENTIAL,Private,Larimer,H,40.46548902526037,-79.90871218,42003120900
0174B00167000000,7207 MOUNT VERNON ST,ROWHOUSE,RESIDENTIAL,Private,Homewood North,R2-L,40.46153701924404,-79.89426327,42003130700
0124S00143000000,6812 LYRIC ST,SINGLE FAMILY,RESIDENTIAL,Private,Homewood West,R2-L,40.46309608350335,-79.90305764,42003130700
0124K00264000000,0 PAULSON AVE,VACANT LAND,RESIDENTIAL,City,Larimer,H,40.46551474,-79.90862646,42003120900
0019D00179000000,149 STEUBEN ST,SMALL DETACHED RET(UNDER 10000),COMMERCIAL,Private,West End,LNC,40.44182734675875,-80.03424177,42003562600
0042P00217000000,3061 CHARTIERS AVE,SINGLE FAMILY,RESIDENTIAL,Private,Sheraden,LNC,40.45359849628746,-80.0605363,42003202200
0013N00221000000,439 PARKWOOD RD,SINGLE FAMILY,RESIDENTIAL,Private,Arlington,R2-L,40.414519708835904,-79.97988728,42003161000
0087N00288000000,4140 MURRAY AVE,SINGLE FAMILY,RESIDENTIAL,Private,Greenfield,R2-M,40.423896768873874,-79.92876962,42003151700
0174F00081000000,7314 HERMITAGE ST,SINGLE FAMILY,RESIDENTIAL,Private,Homewood North,R2-L,40.459391624386555,-79.89255023,42003130200
0076K00118000000,3222 CENTRAL AVE,SINGLE FAMILY,RESIDENTIAL,Private,Marshall-Shadeland,R1D-H,40.47577448195468,-80.02819332,42003271600
0049L00280000000,4065 PENN AVE,RETL/APT'S OVER,COMMERCIAL,Private,Central Lawrenceville,LNC,40.465806722975955,-79.95558784,42003090200
0042M00264000000,0 STAFFORD ST,VACANT LAND,RESIDENTIAL,Private,Sheraden,R1D-H,40.456371609970894,-80.05045111,42003562500
0015B00029000000,231 SOUTHERN AVE,SINGLE FAMILY,RESIDENTIAL,Private,Mount Washington,R2-H,40.42341117599284,-80.01099334,42003191500
0138B00085000000,712 MAYTIDE ST,SINGLE FAMILY,RESIDENTIAL,Private,Carrick,R2-L,40.38418209901651,-79.99192403,42003290400
0097D00252000000,909 BELLAIRE AVE,SINGLE FAMILY,RESIDENTIAL,Private,Brookline,R1D-M,40.39369681244417,-80.0178347,42003191900
0045N00304000000,2332 CALIFORNIA AVE,SINGLE FAMILY,RESIDENTIAL,Private,Marshall-Shadeland,R1A-VH,40.46321024080973,-80.03129554,42003271600
0175C00144000000,534 BRUSHTON AVE,SINGLE FAMILY,RESIDENTIAL,Private,Homewood South,R1A-VH,40.450814072192635,-79.89004478,42003130800
0045E00297000000,1250 THELMA ST,SINGLE FAMILY,RESIDENTIAL,Private,Marshall-Shadeland,R1D-H,40.46876486164556,-80.02918825,42003271600
0042L00287000000,3021 ASHLYN ST,ROWHOUSE,RESIDENTIAL,Private,Sheraden,R1D-H,40.455513813774914,-80.05639919,42003562500
0125H00148000000,7010 MONTICELLO ST,SINGLE FAMILY,RESIDENTIAL,Private,Homewood North,R2-L,40.46006380835653,-79.89988869,42003130700
0049A00035000000,127 42ND ST,ROWHOUSE,RESIDENTIAL,Private,Central Lawrenceville,R1A-VH,40.47181850339129,-79.9626451,42003090100
0049A00052000A00,4120 FOSTER ST,SINGLE FAMILY,RESIDENTIAL,Private,Central Lawrenceville,R1A-VH,40.47089325551626,-79.96213214,42003090100
0001N00115000000,141 BIGHAM ST,TWO FAMILY,RESIDENTIAL,Private,Mount Washington,R1D-H,40.434620517959885,-80.01458534,42003190300
0029C00053000000,3504 FRAZIER ST,VACANT LAND,RESIDENTIAL,Private,South Oakland,R1A-H,40.43126538515407,-79.95664959,42003040900
0088B00077000000,3459 BEECHWOOD BLVD,SINGLE FAMILY,RESIDENTIAL,Private,Greenfield,R2-M,40.421369411340784,-79.92796225,42003151700
0015D00194000000,421 WINTON ST,SINGLE FAMILY,RESIDENTIAL,Private,Mount Washington,R1D-H,40.42329034643142,-79.99989209,42003180700
0014R00012000000,145 ZARA ST,SINGLE FAMILY,RESIDENTIAL,Private,Knoxville,R1D-H,40.41606052477826,-79.99037833,42003300100
0076J00197000000,3168 BRIGHTON RD,RETL/APT'S OVER,COMMERCIAL,Private,Marshall-Shadeland,LNC,40.47556341211146,-80.03025317,42003271600
COMMON GROUND, ,,,Private,South Side Flats,RIV-MU,40.539822654495715,-80.15236925,42003563800
0034M00062000000,252 FORDYCE ST,OWNED BY BOARD OF EDUCATION,GOVERNMENT,Private,Bon Air,R1D-L,40.407956237978375,-80.00078969,42003562400
0080H00198000A00,5115 POE WAY,SINGLE FAMILY,RESIDENTIAL,Private,Upper Lawrenceville,R1A-VH,40.47792337094887,-79.95117638,42003101100
0014L00058000000,145 ORCHARD PL,SINGLE FAMILY,RESIDENTIAL,Private,Knoxville,R1D-H,40.41828286,-79.99045903,42003300100
0006M00312220000,1 TRIMONT LN,CONDOMINIUM,RESIDENTIAL,Private,Duquesne Heights,AP,40.438329964924066,-80.01999922,42003191100
0083F00216000000,500 MELLON ST,SINGLE FAMILY,RESIDENTIAL,Private,East Liberty,RM-M,40.46766957933404,-79.92678237,42003111300
0011K00147000000,2017 TUSTIN ST,SINGLE FAMILY,RESIDENTIAL,Private,Bluff,UPR-B,40.43696113175637,-79.9770735,42003010302
0042G00029000000,3063 GLEN MAWR ST,SINGLE FAMILY,RESIDENTIAL,Private,Sheraden,R1D-H,40.45804366284126,-80.05426143,42003562500
0013D00238000C00,2716 MCCORD ST,SINGLE FAMILY,RESIDENTIAL,Private,South Side Slopes,H,40.42308117162401,-79.96830384,42003160800
0034G00076000000,402 TIMBERLAND AVE,TWO FAMILY,RESIDENTIAL,City,Bon Air,P,40.41004631,-80.00665545,42003562400
0050H00122000000,437 N GRAHAM ST,TWO FAMILY,RESIDENTIAL,Private,Garfield,R2-H,40.46844492806045,-79.93326775,42003111400
0061A00066000000,1921 PIONEER AVE,SINGLE FAMILY,RESIDENTIAL,Private,Brookline,R1D-M,40.403560794795375,-80.01508698,42003191700
0015S00113000000,839 ESTELLA AVE,SINGLE FAMILY,RESIDENTIAL,Private,Beltzhoover,R2-H,40.414515047072946,-80.00002444,42003562400
0006M00306000000,130 ONEIDA ST,SINGLE FAMILY,RESIDENTIAL,Private,Duquesne Heights,AP,40.43750912784482,-80.01998104,42003191100
0009N00059000000,909 LIBERTY AVE,RETL/STOR OVER,COMMERCIAL,Private,Central Business District,GT-C,40.44326884,-79.99768569,42003020100
0080K00173000000,4722 HATFIELD ST,SINGLE FAMILY,RESIDENTIAL,Private,Central Lawrenceville,R1A-VH,40.47595220515534,-79.95930114,42003090100
0013L00226000000,2402 ARLINGTON AVE,SINGLE FAMILY,RESIDENTIAL,Private,Arlington,LNC,40.41719789784963,-79.97274675,42003161000
0060R00228000000,1938 WESTMONT AVE,SINGLE FAMILY,RESIDENTIAL,Private,Carrick,R2-L,40.39444492563293,-79.98790124,42003290100
0016F00106000000,203 SHADYGROVE AVE,SINGLE FAMILY,RESIDENTIAL,Private,Beechview,R1D-L,40.42069419315611,-80.02569799,42003191600
0045A00200000000,2918 SHADELAND AVE,SINGLE FAMILY,RESIDENTIAL,Private,Marshall-Shadeland,LNC,40.47126684231256,-80.03042568,42003271600
0027B00053000000,811 BRYN MAWR RD,SINGLE FAMILY,RESIDENTIAL,Private,Upper Hill,R2-L,40.45254265663499,-79.95978455,42003050600
0014N00185000000,410 ZARA ST,SINGLE FAMILY,RESIDENTIAL,Private,Knoxville,R1D-H,40.41549652,-79.99579266,42003300100
0014B00087000000,727 CARNIVAL WAY,SINGLE FAMILY,RESIDENTIAL,City,Allentown,R1D-H,40.42242404588093,-79.99480379,42003180300
0076K00064000000,1015 GRAND AVE,SINGLE FAMILY,RESIDENTIAL,Private,Marshall-Shadeland,R1D-M,40.47464269067675,-80.02596981,42003271600
0046H00017000000,2315 BESSIE AVE,SINGLE FAMILY,RESIDENTIAL,Private,Spring Hill-City View,H,40.468851851483365,-79.9996165,42003262000
0049B00065000000,165 43RD 1/2 ST,TWO FAMILY,RESIDENTIAL,Private,Central Lawrenceville,R1A-VH,40.47163304301965,-79.96104582,42003090100
0174A00310000000,7024 HERMITAGE ST,SINGLE FAMILY,RESIDENTIAL,Private,Homewood North,R2-L,40.46087511,-79.89911076,42003130700
0174B00217000000,7311 MOUNT VERNON ST,ROWHOUSE,RESIDENTIAL,Private,Homewood North,R2-L,40.46073539769654,-79.89207474,42003130700
0042J00003000000,1128 MOYER ST,ROWHOUSE,RESIDENTIAL,Private,Sheraden,R1D-H,40.45733228,-80.06598879,42003202200
0025F0017700F600,2901 SMALLMAN ST,CONDOMINIUM,RESIDENTIAL,Private,Strip District,RIV-IMU,40.459041373776145,-79.97490788,42003020300
0057G00192000000,5520 2ND AVE,ROWHOUSE,RESIDENTIAL,Private,Hazelwood,UI,40.40108480893922,-79.9399404,42003562300
0052E00033000000,552 N NEVILLE ST,CONDOMINIUM COMMON PROPERTY,RESIDENTIAL,Private,North Oakland,RM-VH,40.44850414,-79.94848505,42003040400
0026N00150000000,3339 WEBSTER AVE,ROWHOUSE,RESIDENTIAL,Private,Upper Hill,R2-L,40.453868205973116,-79.96386766,42003050600
0040L00017000000,1502 STRATMORE ST,WAREHOUSE,INDUSTRIAL,Private,Crafton Heights,LNC,40.43800453682098,-80.05558428,42003281500
0042H00125000000,3034 STAFFORD ST,VACANT LAND,RESIDENTIAL,Private,Sheraden,R1D-H,40.458322868971315,-80.05167355,42003562500
0124N00061000000,154 MAYFLOWER ST,SINGLE FAMILY,RESIDENTIAL,Private,Larimer,R2-H,40.46294283410237,-79.9148272,42003120900
0042M00016000000,533 SHERWOOD AVE,SINGLE FAMILY,RESIDENTIAL,Private,Sheraden,R1D-H,40.45546235347181,-80.05312159,42003562500
0173J00145000000,1225 LINCOLN AVE,SINGLE FAMILY,RESIDENTIAL,Private,Lincoln-Lemington-Belmar,RM-M,40.46553634,-79.8984838,42003120300
0028H00206000000,335 S BOUQUET ST,ROWHOUSE,RESIDENTIAL,Private,Central Oakland,R-MU,40.44025619013817,-79.95316911,42003040500
0020R00052000000,706 LORENZ AVE,MUNICIPAL GOVERNMENT,GOVERNMENT,City,Elliott,LNC,40.44502339727905,-80.03950681,42003562600
0080H00255000000,5223 WICKLIFF ST,SINGLE FAMILY,RESIDENTIAL,Private,Upper Lawrenceville,R1A-VH,40.47839121090018,-79.95042804,42003101100
0001C01662022200,320 FORT DUQUESNE BLVD,CONDOMINIUM,RESIDENTIAL,Private,Central Business District,GT-D,40.44256839426258,-80.00706129,42003020100
0096N00003000000,2802 SAGEMAN AVE,SINGLE FAMILY,RESIDENTIAL,Private,Brookline,R1D-M,40.38698340959312,-80.01593468,42003191800
0174A00147000000,7121 KEDRON ST,SINGLE FAMILY,RESIDENTIAL,Private,Homewood North,R2-L,40.461393140995966,-79.89654237,42003130200
0001C01662012200,320 FORT DUQUESNE BLVD,CONDOMINIUM,RESIDENTIAL,Private,Central Business District,GT-D,40.442515125508855,-80.00650355,42003020100
0095P00044000000,2319 DARTMORE ST,SINGLE FAMILY,RESIDENTIAL,Private,Overbrook,LNC,40.38613140707796,-79.99443778,42003320400
0010D00261000000,625 HOLLACE ST,ROWHOUSE,RESIDENTIAL,Private,Middle Hill,RM-M,40.450525346280926,-79.96800506,42003050100
0023H00340000000,1507 COMPROMISE ST,SINGLE FAMILY,RESIDENTIAL,Private,Fineview,RM-M,40.45962657879802,-80.00122964,42003250900
0083E00145000000,5545 COLUMBO ST,SINGLE FAMILY,RESIDENTIAL,Private,Garfield,R2-H,40.46864539,-79.92888355,42003111400
0047A00191000000,1122 FABYAN ST,SINGLE FAMILY,RESIDENTIAL,Private,Spring Hill-City View,R1D-L,40.47078930932613,-79.99590786,42003262000
0025D00293000000,3340 LIBERTY AVE,VACANT COMMERCIAL LAND,COMMERCIAL,Private,Lower Lawrenceville,UI,40.46087137828868,-79.96681601,42003060300
0014F00173000000,838 INDUSTRY ST,SINGLE FAMILY,RESIDENTIAL,Private,Allentown,R1D-H,40.42071295392042,-79.99211852,42003180300
0042G00242000000,509 BOSTWICK ST,SINGLE FAMILY,RESIDENTIAL,Private,Sheraden,R1D-H,40.459172604950986,-80.0555574,42003562500
0174E00061000000,7028 MONTICELLO ST,VACANT LAND,RESIDENTIAL,City,Homewood North,R2-L,40.45994040985274,-79.89938187,42003130700
0023H00135000000,0 COMPROMISE ST,VACANT LAND,RESIDENTIAL,Private,Fineview,H,40.45993329575483,-80.00065503,42003250900
0026D00035000000,343 ELLA ST,ROWHOUSE,RESIDENTIAL,Private,Bloomfield,R2-VH,40.461926700143025,-79.95251132,42003080200
0096B00104000000,1227 BELLAIRE PL,SINGLE FAMILY,RESIDENTIAL,Private,Brookline,R1D-H,40.393223981606006,-80.01161351,42003320600
0028C00047000000,3721 FORBES AVE,RETL/OFF OVER,COMMERCIAL,Private,Central Oakland,UC-E,40.44156395556462,-79.95723324,42003040500
0026N00162000000,3328 MCNEIL PL,ROWHOUSE,RESIDENTIAL,Private,Upper Hill,R2-L,40.453904084063005,-79.96437126,42003050600
0174B00128000000,7244 UPLAND ST,ROWHOUSE,RESIDENTIAL,Private,Homewood North,R2-L,40.46149680929924,-79.89293783,42003130700
0006L00220000000,351 SWEETBRIAR ST,SINGLE FAMILY,RESIDENTIAL,Private,Duquesne Heights,R1D-M,40.435857254741634,-80.02202239,42003191100
0016S00080000000,1251 WESTFIELD ST,SINGLE FAMILY,RESIDENTIAL,Private,Beechview,R1D-H,40.41443856,-80.01910799,42003191600
0026N00088000000,3360 WEBSTER AVE,TWO FAMILY,RESIDENTIAL,Private,Upper Hill,R2-L,40.45395523,-79.96292081,42003050600
0024K00321000000,916 AHLERS WAY,VACANT LAND,RESIDENTIAL,Private,East Allegheny,R1A-H,,,
0086S00062000000,5890 HOBART ST,ROWHOUSE,RESIDENTIAL,Private,Squirrel Hill South,RM-M,40.43399730014757,-79.91919326,42003140800
0015L00045000000,67 LAFFERTY AVE,SINGLE FAMILY,RESIDENTIAL,Private,Beltzhoover,R2-H,40.417955103301885,-80.0075016,42003562400
0001H00281000000,420 WOOD ST,RETL/STOR OVER,COMMERCIAL,Private,Central Business District,GT-A,40.43984271990824,-80.00069838,42003020100
0003G00152000000,1101 BINGHAM ST,TWO FAMILY,RESIDENTIAL,Private,South Side Flats,NDI,40.42952979799814,-79.98736244,42003170200
0024D00055000000,1351 HERMAN ST,ROWHOUSE,RESIDENTIAL,Private,Troy Hill,R1D-H,40.46031639424359,-79.98694728,42003241300
0014J00055000000,433 JUCUNDA ST,SINGLE FAMILY,RESIDENTIAL,Private,Knoxville,R1D-H,40.41735609839751,-79.99684837,42003300100
0123P00055000000,6625 STANTON AVE,TWO FAMILY,RESIDENTIAL,Private,Highland Park,R1D-M,40.47339029885749,-79.9114365,42003110600
0121G00128000000,2004 JANCEY ST,SINGLE FAMILY,RESIDENTIAL,Private,Morningside,H,40.488263867637066,-79.9242235,42003101400
0020R00296000000,0 COMSTOCK WAY,VACANT LAND,RESIDENTIAL,City,Elliott,H,40.44374053010112,-80.03797534,42003562600
0173N00372000000,7011 MOUNT VERNON ST,SINGLE FAMILY,RESIDENTIAL,Private,Homewood North,R2-L,40.46258866039869,-79.89902645,42003130700
0045N00311000A00,2349 COLORADO ST,SINGLE FAMILY,RESIDENTIAL,Private,Marshall-Shadeland,R1A-VH,40.46372172705752,-80.03141101,42003271600
0125B00051000000,523 LINCOLN AVE,TWO FAMILY,RESIDENTIAL,Private,Larimer,R1D-H,40.461534305287344,-79.90891194,42003120900
0173A00041000000,7020 WILTSIE ST,SINGLE FAMILY,RESIDENTIAL,Private,Lincoln-Lemington-Belmar,R1D-L,40.471875562427684,-79.89645692,42003561900
0119S00054000200,5331 CARNEGIE ST,ROWHOUSE,RESIDENTIAL,Private,Upper Lawrenceville,R1A-VH,40.48225193931426,-79.95090257,42003101100
0091K00170000000,86 GRANGER ST,SINGLE FAMILY,RESIDENTIAL,Private,New Homestead,P,40.389325320646435,-79.92734766,42003565300
0014P00088000000,242 ZARA ST,SINGLE FAMILY,RESIDENTIAL,Private,Knoxville,R1D-H,40.41558170701992,-79.99269294,42003300100
0023F00203000000,26 ALPINE AVE,SINGLE FAMILY,RESIDENTIAL,Private,Central Northside,R1A-VH,40.45881042782328,-80.00882338,42003565100
0231B00163000000,8603 PERSHING ST,SINGLE FAMILY,RESIDENTIAL,Private,East Hills,R2-L,40.460861649044645,-79.87600177,42003130600
0049B00037000000,148 43RD HALF ST,ROWHOUSE,RESIDENTIAL,Private,Central Lawrenceville,R1A-VH,40.472024062402696,-79.96158058,42003090100
0056P00066000000,5119 LYTLE ST,SINGLE FAMILY,RESIDENTIAL,Private,Hazelwood,R1A-VH,40.406173792076196,-79.94496471,42003562901
0011K00004000000,1924 5TH AVE,ROWHOUSE,RESIDENTIAL,Private,Bluff,UPR-B,40.438021090481605,-79.97850976,42003010302
0091M00344000000,4576 GATES DR,SINGLE FAMILY,RESIDENTIAL,Private,New Homestead,R1D-L,40.38765356630589,-79.91943669,42003565300
0173E00066000000,1342 PAULSON AVE,SINGLE FAMILY,RESIDENTIAL,Private,Lincoln-Lemington-Belmar,RM-M,40.469335938332684,-79.89910357,42003120300
0048F00027000000,12 HECKELMAN ST,SINGLE FAMILY,RESIDENTIAL,Private,Troy Hill,R1D-H,40.46841611553951,-79.97857837,42003241300
0080D003090TH300,5283 HOLMES ST,CONDOMINIUM,RESIDENTIAL,Private,Upper Lawrenceville,R1A-VH,40.48049110891604,-79.95088445,42003101100
0013L00105000000,2418 ECCLES ST,SINGLE FAMILY,RESIDENTIAL,Private,South Side Slopes,R1D-H,40.417879591684894,-79.97199947,42003160800
0015L00186000000,617 GEARING AVE,SINGLE FAMILY,RESIDENTIAL,Private,Beltzhoover,R2-H,40.41668223,-80.00462016,42003562400
0020M00195000000,304 LORENZ AVE,SINGLE FAMILY,RESIDENTIAL,Private,Elliott,R1D-H,40.446997426416445,-80.03656737,42003562600
0231F00320000000,8510 FRANKSTOWN AVE,COMMERCIAL GARAGE,COMMERCIAL,Private,East Hills,LNC,40.45820037912983,-79.87508817,42003130600
0045F00048000000,1210 THELMA ST,SINGLE FAMILY,RESIDENTIAL,Private,Marshall-Shadeland,R1D-H,40.46907053389065,-80.02766093,42003271600
0056R00277000000,5211 GLENWOOD AVE,SINGLE FAMILY,RESIDENTIAL,Private,Hazelwood,R1A-H,40.40589873037098,-79.93941644,42003562300
0124M00317000000,6646 HEDGE ST,SINGLE FAMILY,RESIDENTIAL,Private,Lincoln-Lemington-Belmar,RM-M,40.466303284595604,-79.90131325,42003120300
0124S00245000A00,6954 MOUNT VERNON ST,ROWHOUSE,RESIDENTIAL,Private,Homewood West,R2-L,40.46242970817602,-79.90007405,42003130700
0009N00079000100,806 PENN AVE,CONDOMINIUM,RESIDENTIAL,Private,Central Business District,GT-C,40.44332747300909,-79.99893851,42003020100
0049F00322000000,247 42ND ST,ROWHOUSE,RESIDENTIAL,Private,Central Lawrenceville,R1A-H,40.469567234686096,-79.95874585,42003090200
0030L00100000000,3850 SOUTH WATER ST,OFFICE - 1-2 STORIES,COMMERCIAL,Private,South Side Flats,SP-5,40.417256385297215,-79.95565999,42003160900
0076J00142000000,3158 SORENTO ST,SINGLE FAMILY,RESIDENTIAL,Private,Marshall-Shadeland,R1D-H,40.47554047255177,-80.0294409,42003271600
0047H00169000000,1819 SPRING GARDEN AVE,TWO FAMILY,RESIDENTIAL,Private,Spring Garden,H,40.46799014413448,-79.98516785,42003241300
0014E00251000000,621 FREELAND ST,SINGLE FAMILY,RESIDENTIAL,Private,Allentown,R1D-H,40.419231188313645,-79.99641041,42003180300
0088G00167000000,3064 BEECHWOOD BLVD,SINGLE FAMILY,RESIDENTIAL,Private,Squirrel Hill South,R2-L,40.42102757124159,-79.92083843,42003141400
0083B00302000000,5618 STANTON AVE,TWO FAMILY,RESIDENTIAL,Private,East Liberty,RM-M,40.47097453476472,-79.92569855,42003111300
0075G00306000000,1428 HUBBARD ST,SINGLE FAMILY,RESIDENTIAL,Private,Brighton Heights,R1D-M,40.47842375760392,-80.0370098,42003270300
0017M00006000000,1108 CRANE AVE,SINGLE FAMILY,RESIDENTIAL,Private,Banksville,P,40.41775996631478,-80.03381888,42003202300
0024F00109000000,919 SPRING GARDEN AVE,RETL/APT'S OVER,COMMERCIAL,Private,East Allegheny,R1A-VH,40.457729278361214,-79.99466844,42003563202
0083B00195000000,751 N NEGLEY AVE,DAYCARE/PRIVATE SCHOOL,COMMERCIAL,Private,East Liberty,RM-M,40.47123877,-79.92678861,42003111300
0003P00200000000,735 EUREKA ST,SINGLE FAMILY,RESIDENTIAL,Private,Allentown,R1D-H,40.42386750045084,-79.99438724,42003180300
0126D00082000000,7138 MCPHERSON BLVD,SINGLE FAMILY,RESIDENTIAL,Private,Point Breeze North,R1D-L,40.451772274662424,-79.90032458,42003140500
0019N00186000000,101 SHADYHILL RD,TWO FAMILY,RESIDENTIAL,Private,Westwood,R1D-L,40.435488628377406,-80.04836917,42003563100
0013N00224000000,445 PARKWOOD RD,SINGLE FAMILY,RESIDENTIAL,Private,Arlington,R2-L,40.414525394024494,-79.97966567,42003161000
0006L00221000000,349 SWEETBRIAR ST,SINGLE FAMILY,RESIDENTIAL,Private,Duquesne Heights,R1D-M,40.435917090327415,-80.02200801,42003191100
0048E00223000000,1817 NIGGEL ST,TWO FAMILY,RESIDENTIAL,Private,Troy Hill,R1A-H,40.467786366876695,-79.98061832,42003241300
0049N00219000000,3475 DENNY ST,APART: 5-19 UNITS,COMMERCIAL,Private,Lower Lawrenceville,R1A-H,40.463429129318705,-79.96426308,42003060300
0014N00233000000,413 BAUSMAN ST,SINGLE FAMILY,RESIDENTIAL,Private,Knoxville,R1D-H,40.414421583771436,-79.9957195,42003300100
0006G00004000000,1627 GRANDVIEW AVE,SINGLE FAMILY,RESIDENTIAL,Private,Duquesne Heights,GPRB,40.44056985850786,-80.02413316,42003191100
0010H00177000000,541 MORGAN ST,SINGLE FAMILY,RESIDENTIAL,Private,Middle Hill,RM-M,40.44880085470771,-79.96772551,42003050100
0004R00074000000,54 RUTH ST,SINGLE FAMILY,RESIDENTIAL,Private,Mount Washington,R1D-H,40.42510488490972,-80.0053233,42003191500
0094P00084000000,148 SPENCER AVE,VACANT LAND,RESIDENTIAL,Private,Carrick,R1D-L,40.387005917288725,-79.97641112,42003290400
0025P00010000000,2608 PENN AVE,MUNICIPAL URBAN RENEWAL,GOVERNMENT,URA,Strip District,RIV-IMU,40.45483971377529,-79.97810947,42003020300
0025N00090000000,215 25TH ST,CONDOMINIUM COMMON PROPERTY,RESIDENTIAL,Private,Strip District,RIV-IMU,40.454661270497354,-79.98001885,42003020300
0003P00230000000,827 EUREKA ST,SINGLE FAMILY,RESIDENTIAL,Private,Allentown,R1D-H,40.423900462275036,-79.9927519,42003180300
0032N00315000000,410 LAUGHLIN AVE,SINGLE FAMILY,RESIDENTIAL,Private,Carrick,R1D-H,40.405075951483575,-79.9803357,42003290200
0135H00193000000,662 BALDWIN RD,VACANT LAND,RESIDENTIAL,Private,Hays,P,40.38126078614012,-79.93471729,42003565300
0096A00113000000,1063 BROOKLINE BLVD,FUNERAL HOMES,COMMERCIAL,Private,Brookline,LNC,40.39213213282105,-80.01541446,42003191900
0010F00111000000,2344 BEDFORD AVE,ROWHOUSE,RESIDENTIAL,Private,Middle Hill,RM-M,40.44944965534537,-79.97497422,42003050100
0033E00159000000,113 DUART ST,VACANT LAND,RESIDENTIAL,Private,Bon Air,R1D-L,40.409942476595866,-79.99738405,42003562400
0024B00030000000,1032 HASLAGE AVE,SINGLE FAMILY,RESIDENTIAL,Private,Spring Hill-City View,R1D-M,40.46201796652804,-79.99438664,42003262000
0006R00332000000,252 ONEIDA ST,SINGLE FAMILY,RESIDENTIAL,Private,Duquesne Heights,R1D-M,40.434007581062374,-80.02080482,42003191100
0014L00006000100,415 KNOX AVE,TWO FAMILY,RESIDENTIAL,Private,Allentown,R1D-H,40.41873544622252,-79.99045536,42003180300
0056J00175000A00,4 TECUMSEH ST,ROWHOUSE,RESIDENTIAL,Private,Hazelwood,R1A-VH,40.40754940579324,-79.94782714,42003562901
0045K00006000000,1233 HODGKISS ST,SINGLE FAMILY,RESIDENTIAL,HACP,Marshall-Shadeland,R1D-M,40.46707441053801,-80.02793508,42003271600
0049B00334000000,249 44TH ST,ROWHOUSE,RESIDENTIAL,Private,Central Lawrenceville,R1A-H,40.47053961538879,-79.95811877,42003090200
0124P00079000A00,6411 MEADOW ST,ROWHOUSE,RESIDENTIAL,Private,Larimer,R1A-H,40.46316944794667,-79.91184089,42003120900
0076K00160000000,934 GRAND AVE,SINGLE FAMILY,RESIDENTIAL,Private,Marshall-Shadeland,R1D-M,40.475390711850096,-80.025005,42003271600
0019D00188000000,171 STEUBEN ST,LIGHT MANUFACTURING,INDUSTRIAL,Private,West End,LNC,40.441575687182144,-80.03493955,42003562600
0009R00153000000,1523 BEDFORD AVE,ROWHOUSE,RESIDENTIAL,Private,Crawford-Roberts,RM-M,40.444348438249975,-79.98796278,42003030500
0055P00001000000,4625 IRVINE ST,SINGLE FAMILY,RESIDENTIAL,Private,Hazelwood,NDI,40.413878271020806,-79.945223,42003562901
0175J00061000000,121 CARNEGIE PL,TWO FAMILY,RESIDENTIAL,Private,Point Breeze,R1D-L,40.44743117464062,-79.89834798,42003141200
0003R00286000000,1000 ARLINGTON AVE,TWO FAMILY,RESIDENTIAL,Private,Allentown,H,40.42435922734959,-79.98903189,42003180300
0015R00204000000,716 GEARING AVE,SINGLE FAMILY,RESIDENTIAL,Private,Beltzhoover,R2-H,40.415911068521055,-80.00508294,42003562400
0124G00078000000,6419 DEAN ST,SINGLE FAMILY,RESIDENTIAL,Private,Lincoln-Lemington-Belmar,RM-M,40.469032876225164,-79.90491729,42003120300
0014N00218000A00,418 ROCHELLE ST,ROWHOUSE,RESIDENTIAL,Private,Knoxville,R1D-H,40.414737149871165,-79.9962535,42003300100
0116J00240000000,3520 PERRYSVILLE AVE,SINGLE FAMILY,RESIDENTIAL,Private,Perry North,R1D-L,40.48464359853464,-80.01453782,42003260700
0174K00273000000,7233 BENNETT ST,TWO FAMILY,RESIDENTIAL,City,Homewood South,RM-M,40.456408440406776,-79.89522313,42003130800
0062J00042000000,28 WENZELL PL,SINGLE FAMILY,RESIDENTIAL,Private,Beechview,R1A-H,40.398985927197664,-80.03062223,42003192000
0013C00112000000,2508 MISSION ST,SINGLE FAMILY,RESIDENTIAL,Private,South Side Slopes,H,40.42269177243255,-79.97182111,42003160800
0049B00098000000,185 42ND ST,ROWHOUSE,RESIDENTIAL,Private,Central Lawrenceville,LNC,40.470668606796984,-79.96101616,42003090100
0027K00019000000,3147 BRACKENRIDGE ST,SINGLE FAMILY,RESIDENTIAL,Private,Terrace Village,R2-L,40.447778149976024,-79.96068171,42003051000
0125A00070000000,6494 FRANKSTOWN AVE,RETL/APT'S OVER,COMMERCIAL,Private,Larimer,LNC,40.46028164289016,-79.91402587,42003120900
0024G00144000000,1328 TRUAX WAY,SINGLE FAMILY,RESIDENTIAL,Private,Troy Hill,R1D-H,40.45936289060556,-79.98731744,42003241300
0075H00153000000,3421 GASS AVE,SINGLE FAMILY,RESIDENTIAL,Private,Brighton Heights,R1D-M,40.47757919622897,-80.03515619,42003270300
0026A00022000000,3415 DENNY ST,SINGLE FAMILY,RESIDENTIAL,Private,Lower Lawrenceville,R1A-H,40.46216319145293,-79.96576229,42003060300
0015S00157000000,842 ESTELLA AVE,SINGLE FAMILY,RESIDENTIAL,City,Beltzhoover,R2-H,40.414403120353455,-80.00057839,42003562400
0124N00058000000,154 MAYFLOWER ST,VACANT LAND,RESIDENTIAL,Private,Larimer,R2-H,40.46304180304928,-79.91493748,42003120900
0013M00107000000,2834 SALISBURY ST,SINGLE FAMILY,RESIDENTIAL,Private,South Side Slopes,R1D-H,40.41776903999314,-79.9670062,42003160800
0139B00180000000,1828 SEATON ST,SINGLE FAMILY,RESIDENTIAL,Private,Brookline,R1D-L,40.38344228654564,-80.00966965,42003191800
0015R00093000000,717 TAFT AVE,SINGLE FAMILY,RESIDENTIAL,Private,Beltzhoover,R2-H,40.41563255966053,-80.00677914,42003562400
0174P00200000000,612 STERRETT ST,ROWHOUSE,RESIDENTIAL,Private,Homewood South,LNC,40.454378416500845,-79.89493657,42003130800
0045M00037000000,0 N CHARLES ST,VACANT LAND,RESIDENTIAL,Private,Perry South,H,40.466745304003744,-80.01965831,42003261500
0015L00008000000,64 CLIMAX ST,SINGLE FAMILY,RESIDENTIAL,Private,Beltzhoover,R2-H,40.418399190380605,-80.00739465,42003562400
0051E00211000000,4812 CYPRESS ST,SINGLE FAMILY,RESIDENTIAL,Private,Bloomfield,R1A-H,40.45874401731595,-79.94752746,42003080400
0048E00209000000,1955 STRAUBS LN,SINGLE FAMILY,RESIDENTIAL,Private,Troy Hill,R1A-H,40.46762805387146,-79.98107613,42003241300
0046N00329000000,525 MCCLINTOCK AVE,SINGLE FAMILY,RESIDENTIAL,Private,Perry South,R1D-H,40.46247809683397,-80.01449212,42003261400
0024J00265000000,848 BLOSSOM WAY,SINGLE FAMILY,RESIDENTIAL,Private,East Allegheny,R1A-VH,40.457354061324075,-79.99604096,42003563202
0134B00300000000,35 SLATE ST,SINGLE FAMILY,RESIDENTIAL,Private,New Homestead,P,40.38260497,-79.92647895,42003565300
0075G00216000000,3529 FLEMING AVE,SINGLE FAMILY,RESIDENTIAL,Private,Brighton Heights,R1A-H,40.479363585773264,-80.03919451,42003270300
0051E00227020500,622 GROSS ST,CONDOMINIUM,RESIDENTIAL,Private,Bloomfield,R2-H,40.45816127377309,-79.94633161,42003080400
0004J00290000000,457 NATCHEZ ST,TWO FAMILY,RESIDENTIAL,Private,Mount Washington,R1D-H,40.42714115396702,-80.01293829,42003191400
0172N00016000000,6955 LEMINGTON AVE,SINGLE FAMILY,RESIDENTIAL,Private,Lincoln-Lemington-Belmar,RM-M,40.47248181539781,-79.89872369,42003561900
0019S00116000000,423 GREENTREE RD,OFFICE/APARTMENTS OVER,COMMERCIAL,Private,West End,LNC,40.434984812777834,-80.03362274,42003562600
0232F00162000000,1711 CRESTLINE ST,SINGLE FAMILY,RESIDENTIAL,Private,East Hills,R2-L,40.44996556564773,-79.87685457,42003130600
0014J00287000000,425 SYLVANIA AVE,SINGLE FAMILY,RESIDENTIAL,Private,Beltzhoover,R2-H,40.417670244600856,-79.99940175,42003562400
0124G00338000000,1107 LARIMER AVE,SINGLE FAMILY,RESIDENTIAL,Private,Lincoln-Lemington-Belmar,RM-M,40.46823525312922,-79.9071313,42003120300
0050L00179000A00,5137 BROAD ST,SINGLE FAMILY,RESIDENTIAL,City,Garfield,R1D-H,40.46653683577309,-79.94102598,42003101900
0014F00030000000,206 WALTER ST,SINGLE FAMILY,RESIDENTIAL,Private,Allentown,R1D-H,40.42051943656947,-79.99502449,42003180300
0023L00238000000,1200 LORAINE ST,TWO FAMILY,RESIDENTIAL,Private,Central Northside,R1A-VH,40.456203008109604,-80.00525752,42003565100
0174F00095000000,7342 HERMITAGE ST,SINGLE FAMILY,RESIDENTIAL,Private,Homewood North,R2-L,40.45912249495273,-79.89135538,42003130200
0076A00213000000,3548 BRIGHTON RD,SINGLE FAMILY,RESIDENTIAL,Private,Brighton Heights,R1D-M,40.480823877249826,-80.03189822,42003270800
0029B00088000000,4 HODGE ST,SINGLE FAMILY,RESIDENTIAL,Private,South Oakland,H,40.43327204035127,-79.95904402,42003040900
0011G00146000000,18 ALLEQUIPPA ST,TWO FAMILY,RESIDENTIAL,Private,West Oakland,H,40.43878713585923,-79.97177037,42003040200
0185M00238000000,1109 RODGERS ST,SINGLE FAMILY,RESIDENTIAL,Private,Lincoln Place,R1D-L,40.368112754036936,-79.91702196,42003310200
0124F00081000000,0 LENORA ST,VACANT LAND,RESIDENTIAL,Private,Larimer,H,40.46815921739628,-79.91121033,42003120900
0042M00269000000,0 STAFFORD ST,VACANT LAND,RESIDENTIAL,City,Sheraden,R1D-H,40.456095630052204,-80.05019532,42003562500
0013K00071000000,2019 ARLINGTON AVE,SINGLE FAMILY,RESIDENTIAL,Private,South Side Slopes,R1D-H,40.41808856619065,-79.97781999,42003160800
0028G00263000000,350 OAKLAND AVE,ROWHOUSE,RESIDENTIAL,Private,Central Oakland,R-MU,40.43894031071087,-79.95411714,42003040500
0049P00247000000,337 39TH ST,ROWHOUSE,RESIDENTIAL,Private,Lower Lawrenceville,R1A-H,40.46336192045086,-79.95943966,42003060300
0005P00072000000,723 SHADYCREST RD,SINGLE FAMILY,RESIDENTIAL,Private,Beechview,R1A-M,40.42523108482106,-80.02594398,42003191600
0047C00003000000,2322 SPRING GARDEN AVE,SINGLE FAMILY,RESIDENTIAL,City,Spring Garden,R1D-L,40.471933970833504,-79.98704408,42003241300
0056P00196000000,5270 2ND AVE,ROWHOUSE,RESIDENTIAL,Private,Hazelwood,R1A-VH,40.404197012835965,-79.94274257,42003562300
0049B00368000000,242 45TH ST,ROWHOUSE,RESIDENTIAL,Private,Central Lawrenceville,R1A-H,40.47111036,-79.95825021,42003090200
0049F00146000000,253 FISK ST,ROWHOUSE,RESIDENTIAL,Private,Central Lawrenceville,R1A-H,40.468187958769256,-79.95975317,42003090200
0049G00315000000,326 45TH ST,TWO FAMILY,RESIDENTIAL,Private,Central Lawrenceville,R1A-H,40.4695119,-79.95613313,42003090200
0049R00015000000,4083 CABINET ST,ROWHOUSE,RESIDENTIAL,Private,Bloomfield,R1A-VH,40.46459782082308,-79.95431703,42003090300
0015K00243000000,17 SYLVANIA AVE,SINGLE FAMILY,RESIDENTIAL,Private,Beltzhoover,R2-H,40.41645269270459,-80.00911991,42003562400
0060L00160000000,1634 DELLROSE ST,SINGLE FAMILY,RESIDENTIAL,Private,Carrick,R2-L,40.398773850526126,-79.98984257,42003290100
0095H00148000000,2224 LUTZ AVE,RES AUX BUILDING (NO HOUSE),RESIDENTIAL,Private,Carrick,R1D-H,40.390392790943714,-79.98514032,42003290200
0049L00304000000,4314 PENN AVE,BANK,COMMERCIAL,Private,Bloomfield,LNC,40.465685170058826,-79.95370906,42003090300
0050L00332000000,5155 PENN AVE,ROWHOUSE,RESIDENTIAL,Private,Garfield,LNC,40.46492739844207,-79.9407498,42003101900
0137E00120000000,2920 PARKDALE AVE,SINGLE FAMILY,RESIDENTIAL,Private,Carrick,R2-L,40.38151074,-79.98247747,42003290400
0006M00312A20100,1 TRIMONT LN,CONDOMINIUM,RESIDENTIAL,Private,Duquesne Heights,AP,40.43810105272133,-80.01996524,42003191100
0076N00024000G00,8 DAVIS ROW,ROWHOUSE,RESIDENTIAL,Private,Marshall-Shadeland,R1A-VH,40.47410261896339,-80.03213497,42003271600
0120P00366000000,1005 PREMIER ST,SINGLE FAMILY,RESIDENTIAL,Private,Stanton Heights,R1D-L,40.48420177712354,-79.94185448,42003101800
0054K00291000000,507 SALINE ST,THREE FAMILY,RESIDENTIAL,Private,Greenfield,R1D-H,40.428283598184066,-79.94500167,42003151600
0057B00196000000,5274 2ND AVE,ROWHOUSE,RESIDENTIAL,Private,Hazelwood,R1A-VH,40.40413049528247,-79.94272269,42003562300
0175E00179000000,101 PENFIELD PL,ROWHOUSE,RESIDENTIAL,Private,Point Breeze North,R1A-H,40.44820134345907,-79.89746747,42003140500
0174H00242000000,1052 WHEELER ST,SINGLE FAMILY,RESIDENTIAL,Private,Homewood North,R2-L,40.45806972846269,-79.88428382,42003130700
0014F00235000000,850 PROCTOR WAY,SINGLE FAMILY,RESIDENTIAL,Private,Allentown,R1D-H,40.42032893809657,-79.99174963,42003180300
0125H00153000000,7022 MONTICELLO ST,SINGLE FAMILY,RESIDENTIAL,Private,Homewood North,R2-L,40.459971288013364,-79.89954835,42003130700
0014E00189000000,632 INDUSTRY ST,SINGLE FAMILY,RESIDENTIAL,Private,Allentown,R1D-H,40.42061889917561,-79.99601366,42003180300
0001D00101000000,529 LIBERTY AVE,APART:40+ UNITS,COMMERCIAL,Private,Central Business District,GT-C,40.441959695803426,-80.00265914,42003020100
0014G00100000000,75 E AMANDA AVE,SINGLE FAMILY,RESIDENTIAL,Private,Allentown,R1D-H,40.41884062162823,-79.98826748,42003180300
0050H00242000000,423 WICKLOW ST,VACANT LAND,RESIDENTIAL,Private,Garfield,R1D-H,40.46853648153294,-79.93541883,42003101900
0010H00313000000,2836 WYLIE AVE,SINGLE FAMILY,RESIDENTIAL,Private,Middle Hill,RM-M,40.45001434125748,-79.96660667,42003050100
0173E00197000000,1339 MANNING ST,SINGLE FAMILY,RESIDENTIAL,Private,Lincoln-Lemington-Belmar,RM-M,40.468116229896864,-79.89759828,42003120300
0025N00090000500,215 25TH ST,CONDOMINIUM,RESIDENTIAL,Private,Strip District,RIV-IMU,40.45484322114872,-79.97995845,42003020300
0077S00186000000,218 ESSEN ST,RES AUX BUILDING (NO HOUSE),RESIDENTIAL,Private,Spring Hill-City View,R1D-L,40.47302405027872,-80.0017134,42003262000
0019D00077000000,0 ATTICA ST,VACANT LAND,RESIDENTIAL,Private,Elliott,H,40.441912473656174,-80.03613815,42003562600
0014G00212000000,918 INDUSTRY ST,SINGLE FAMILY,RESIDENTIAL,Private,Allentown,R1D-H,40.42064098552247,-79.99081375,42003180300
0042M00129000000,2956 GLEN MAWR ST,RETL/APT'S OVER,COMMERCIAL,Private,Sheraden,R1D-H,40.45661008452237,-80.05232488,42003562500
0062G00303000000,2328 PIONEER AVE,SINGLE FAMILY,RESIDENTIAL,Private,Brookline,R1D-M,40.39951698143062,-80.0211304,42003191900
0042M00161000000,2963 MERWYN AVE,SINGLE FAMILY,RESIDENTIAL,Private,Sheraden,R1D-H,40.45688501021993,-80.0520566,42003562500
0049M00223000D00,4535 FRIENDSHIP AVE,ROWHOUSE,RESIDENTIAL,Private,Bloomfield,R1A-VH,40.46550320525333,-79.95137409,42003090300
0097M00030000000,1052 NORWICH AVE,SINGLE FAMILY,RESIDENTIAL,Private,Brookline,R1D-M,40.387365684263656,-80.01952388,42003191800
0232B00158000000,1733 CRESTLINE ST,SINGLE FAMILY,RESIDENTIAL,Private,East Hills,R2-L,40.450593860115106,-79.87686054,42003130600
0019C00275000000,757 STEUBEN ST,ROWHOUSE,RESIDENTIAL,Private,Elliott,R1A-H,40.44114755253225,-80.04058863,42003562600
0022R00148000000,1134 SHEFFIELD ST,ROWHOUSE,RESIDENTIAL,HACP,Manchester,RM-M,40.454015889565085,-80.02256454,42003565200
0020R00200000000,915 WILHELM ST,SINGLE FAMILY,RESIDENTIAL,Private,Elliott,R1D-H,40.44476673902302,-80.03823512,42003562600
0013K00135000000,2025 SPRING ST,SINGLE FAMILY,RESIDENTIAL,Private,Arlington,R2-L,40.417331473033265,-79.97758342,42003161000
0014P00074000000,322 ZARA ST,SINGLE FAMILY,RESIDENTIAL,Private,Knoxville,R1D-H,40.41554067590004,-79.99417817,42003300100
0003S00108000000,100 BROSVILLE ST,SINGLE FAMILY,RESIDENTIAL,Private,South Side Slopes,H,40.42482249204154,-79.98556953,42003170600
0014R00059000000,138 ZARA ST,SINGLE FAMILY,RESIDENTIAL,Private,Knoxville,R1D-H,40.41565638,-79.98999121,42003300100
0120J00204000000,5643 CARNEGIE ST,ROWHOUSE,RESIDENTIAL,Private,Upper Lawrenceville,R1D-H,40.48462672491477,-79.94608698,42003101100
0024D00199000000,1527 LOWRIE ST,SINGLE FAMILY,RESIDENTIAL,Private,Troy Hill,LNC,40.46175175,-79.98409942,42003241300
0006R00362000000,198 ONEIDA ST,SINGLE FAMILY,RESIDENTIAL,Private,Duquesne Heights,R1D-M,40.435562114749004,-80.02032152,42003191100
0174B00238000000,7330 MOUNT VERNON ST,SINGLE FAMILY,RESIDENTIAL,Private,Homewood North,R2-L,40.46006900266363,-79.89144925,42003130200
0060N00129000000,1875 SAW MILL RUN BLVD,TWO FAMILY,RESIDENTIAL,Private,Overbrook,HC,40.39477131255024,-79.99684646,42003320400
0016C00061000000,901 GLADYS AVE,SINGLE FAMILY,RESIDENTIAL,Private,Beechview,R1D-L,40.421296428923824,-80.0232103,42003191600
0082R00061000000,936 MELLON ST,THREE FAMILY,RESIDENTIAL,Private,Highland Park,R2-M,40.473256363888375,-79.92328412,42003110200
0026F00092000100,3548 MELWOOD AVE,SINGLE FAMILY,RESIDENTIAL,Private,Polish Hill,R2-H,40.45947927,-79.95945002,42003060500
0175H00088000000,7938 TIOGA ST,SINGLE FAMILY,RESIDENTIAL,Private,Homewood South,RM-M,40.44936959683981,-79.88565554,42003130800
0076L00173000000,859 SMITHTON AVE,SINGLE FAMILY,RESIDENTIAL,Private,Marshall-Shadeland,R1D-M,40.47504287624083,-80.02312509,42003271600
0014J00231000000,415 CURTIN AVE,SINGLE FAMILY,RESIDENTIAL,Private,Beltzhoover,R2-H,40.41847590178811,-79.99855615,42003562400
0033B00083000000,117 REDLYN ST,SINGLE FAMILY,RESIDENTIAL,Private,Knoxville,R1D-H,40.41281644479322,-79.99114643,42003300100
0231L00142000000,2615 EAST HILLS DR,ROWHOUSE,RESIDENTIAL,Private,East Hills,RP,40.45706188158021,-79.8717419,42003130600
0173P00049000000,1419 OAKDENE ST,SINGLE FAMILY,RESIDENTIAL,Private,Lincoln-Lemington-Belmar,R1D-L,40.46388457107174,-79.89116075,42003561900
0042G00348000000,3213 ASHLYN ST,SINGLE FAMILY,RESIDENTIAL,Private,Sheraden,R1D-H,40.45793562806052,-80.05661989,42003562500
0024A00157000000,46 ROSTOCK ST,SINGLE FAMILY,RESIDENTIAL,Private,Spring Hill-City View,H,40.462201418733166,-79.99738942,42003262000
0015D00154000000,92 ESTELLA AVE,SINGLE FAMILY,RESIDENTIAL,Private,Mount Washington,R1D-H,40.42243252280267,-80.0010451,42003180700
0071H00045000000,3603 CHARTIERS AVE,SINGLE FAMILY,RESIDENTIAL,Private,Chartiers City,R1D-L,40.45827886357314,-80.0693284,42003563000
0004J00095000000,501 GRACE ST,SINGLE FAMILY,RESIDENTIAL,Private,Mount Washington,R1D-H,40.427950576739995,-80.01446493,42003191400
0060L00092000000,105 W CHERRYHILL ST,SINGLE FAMILY,RESIDENTIAL,Private,Carrick,R2-L,40.39762321015491,-79.98999275,42003290100
0185S00320000000,5614 COX AVE,SINGLE FAMILY,RESIDENTIAL,Private,Lincoln Place,R1D-L,40.36744862299935,-79.91776614,42003310200
0026P00005000000,740 BRYN MAWR RD,SINGLE FAMILY,RESIDENTIAL,Private,Upper Hill,R2-L,40.45275532326865,-79.96161892,42003050600
0040C00175000000,1224 FORD ST,SINGLE FAMILY,RESIDENTIAL,Private,Crafton Heights,R2-L,40.442327746763866,-80.05626212,42003281500
0014J00020000000,615 BELTZHOOVER AVE,"CHURCHES, PUBLIC WORSHIP",COMMERCIAL,Private,Knoxville,R1D-H,40.416937586076294,-79.99702798,42003300100
0010H00102000000,2537 MAHON ST,VACANT LAND,RESIDENTIAL,Private,Middle Hill,RM-M,40.448189141968754,-79.97019679,42003050100
0095D00368000000,129 DUFFLAND ST,SINGLE FAMILY,RESIDENTIAL,Private,Carrick,R1D-H,40.39233485700507,-79.98324916,42003290200
0003R00072000000,1024 MANOR ST,SINGLE FAMILY,RESIDENTIAL,Private,South Side Slopes,H,40.42566859404248,-79.98787361,42003170600
0124P00189000000,510 WINFIELD ST,SINGLE FAMILY,RESIDENTIAL,Private,Larimer,R1D-H,40.46285168012751,-79.9111578,42003120900
0025D00292000000,3340 LIBERTY AVE,VACANT COMMERCIAL LAND,COMMERCIAL,Private,Lower Lawrenceville,UI,40.46083735726307,-79.9670639,42003060300
0006B00161050100,1700 GRANDVIEW AVE,CONDOMINIUM,RESIDENTIAL,Private,Duquesne Heights,GPRB,40.44085166,-80.02511191,42003191100
0173F00194000000,7211 SOMERSET ST,SINGLE FAMILY,RESIDENTIAL,Private,Lincoln-Lemington-Belmar,R1D-L,40.46787628026759,-79.89379203,42003561900
0135L00071000000,770 BALDWIN RD,TWO FAMILY,RESIDENTIAL,Private,Hays,R2-L,40.37821989120734,-79.93798254,42003565300
0124M00177000000,6643 APPLE ST,SINGLE FAMILY,RESIDENTIAL,Private,Lincoln-Lemington-Belmar,RM-M,40.46580411429498,-79.90127435,42003120300
0015B00049000000,15 LELIA ST,SINGLE FAMILY,RESIDENTIAL,Private,Mount Washington,R1D-H,40.42201288197067,-80.01147783,42003191500
0012E00242000000,1819 WRIGHTS WAY,SINGLE FAMILY,RESIDENTIAL,Private,South Side Flats,R1A-VH,40.429281080730526,-79.97961363,42003170200
0124M00379000000,6670 BOWER ST,SINGLE FAMILY,RESIDENTIAL,Private,Lincoln-Lemington-Belmar,RM-M,40.46649803051249,-79.89966633,42003120300
0052J00202000000,214 S NEVILLE ST,TWO FAMILY,RESIDENTIAL,Private,North Oakland,R1A-H,40.44609704101937,-79.94714233,42003040400
0033E00163000000,113 DUART ST,SINGLE FAMILY,RESIDENTIAL,Private,Bon Air,R1D-L,40.409705204523654,-79.99736068,42003562400
0175E00196000000,7423 PENN AVE,FOUR FAMILY,RESIDENTIAL,HACP,Point Breeze North,R1A-H,40.44798063164295,-79.8971553,42003140500
0023K00014000000,315 JACKSONIA ST,RES AUX BUILDING (NO HOUSE),RESIDENTIAL,Private,Central Northside,R1A-VH,40.45742153242047,-80.01104825,42003565100
0083A00270000000,5446 BLACK ST,SINGLE FAMILY,RESIDENTIAL,Private,Garfield,R3-M,40.46991924385558,-79.93155953,42003111400
0014N00116000000,503 MICHIGAN ST,SINGLE FAMILY,RESIDENTIAL,Private,Beltzhoover,R2-H,40.41608183261379,-79.99789806,42003562400
0173F00080000000,7127 LEMINGTON AVE,SINGLE FAMILY,RESIDENTIAL,Private,Lincoln-Lemington-Belmar,RM-M,40.46795239,-79.89514303,42003561900
0005K00021000000,1413 WOODRUFF ST,SINGLE FAMILY,RESIDENTIAL,Private,Duquesne Heights,UI,40.427467919752765,-80.02454364,42003191100
0062K00176000000,2615 W LIBERTY AVE,COMM AUX BUILDING,COMMERCIAL,Private,Brookline,HC,40.39730759265734,-80.02691435,42003191900
0051F00155000000,5125 LIBERTY AVE,DWG USED AS OFFICE,COMMERCIAL,Private,Bloomfield,LNC,40.45852657663802,-79.9425528,42003080600
0171G00047000000,921 FREEPORT RD,COMMUNITY SHOPPING CENTER,COMMERCIAL,Private,Lincoln-Lemington-Belmar,UNC,40.48807200255029,-79.88735022,42003980000
0024K00130000000,910 PHINEAS ST,SINGLE FAMILY,RESIDENTIAL,Private,East Allegheny,R1A-VH,40.455656724136816,-79.99420387,42003563202
0045E00330000000,1252 WOODLAND AVE,SINGLE FAMILY,RESIDENTIAL,Private,Marshall-Shadeland,R1A-VH,40.46944481485348,-80.02937979,42003271600
0030A00149000000,3020 HARCUM WAY,SINGLE FAMILY,RESIDENTIAL,Private,South Side Slopes,H,40.42260497606138,-79.9647378,42003160800
0061N00121000000,2215 STARKAMP ST,SINGLE FAMILY,RESIDENTIAL,Private,Brookline,R1D-M,40.39476705310923,-80.01523331,42003191700
0035D00002000000,1521 ROCKLAND AVE,SINGLE FAMILY,RESIDENTIAL,Private,Beechview,R1D-H,40.41155129160771,-80.01985528,42003191600
0046N00074000000,405 MELROSE AVE,THREE FAMILY,RESIDENTIAL,Private,Perry South,H,40.46469381604189,-80.01419902,42003261400
0121G00118000000,7116 BUTLER ST,SINGLE FAMILY,RESIDENTIAL,Private,Morningside,R2-H,40.48845896521974,-79.92375315,42003101400
0021J00002000000,2743 STAFFORD ST,SINGLE FAMILY,RESIDENTIAL,Private,Sheraden,H,40.45517348890993,-80.04933851,42003562500
0174A00165000000,7150 KEDRON ST,SINGLE FAMILY,RESIDENTIAL,Private,Homewood North,R2-L,40.460738086405115,-79.89550248,42003130200
0126K00256000000,7008 WILLARD ST,SINGLE FAMILY,RESIDENTIAL,Private,Point Breeze,R1D-L,40.44573073190445,-79.90833825,42003141200
0172R00075000000,1800 LINCOLN AVE,TWO FAMILY,RESIDENTIAL,Private,Lincoln-Lemington-Belmar,R1D-L,40.47279702643667,-79.88844552,42003561900
0004J00264000000,511 NATCHEZ ST,TWO FAMILY,RESIDENTIAL,Private,Mount Washington,R1D-H,40.42684509521486,-80.01292411,42003191400
0185S00270000000,1105 STOCK ST,SINGLE FAMILY,RESIDENTIAL,Private,Lincoln Place,R1D-L,40.36654074612186,-79.91719791,42003310200
0076N00311000000,3039 VENSEL WAY,SINGLE FAMILY,RESIDENTIAL,Private,Marshall-Shadeland,R1A-VH,40.47309763269196,-80.02930997,42003271600
0174H00051000000,1104 WHEELER ST,SINGLE FAMILY,RESIDENTIAL,Private,Homewood North,R2-L,40.45952774694418,-79.88449287,42003130700
0025G00175000000,3101 LIBERTY AVE,WAREHOUSE,INDUSTRIAL,Private,Strip District,RIV-IMU,40.459796005095214,-79.97092523,42003020300
0019D00027000000,0 ATTICA ST,VACANT LAND,RESIDENTIAL,Private,Elliott,H,40.442716570719405,-80.03606194,42003562600
0124K00202000000,0 THOMPSON ST,VACANT LAND,RESIDENTIAL,City,Larimer,R1D-H,40.46582745898504,-79.90979802,42003120900
0042M00152000000,3017 MERWYN AVE,SINGLE FAMILY,RESIDENTIAL,Private,Sheraden,R1D-H,40.45745053935775,-80.05258582,42003562500
0174R00157000000,7626 HAMILTON AVE,SINGLE FAMILY,RESIDENTIAL,Private,Homewood South,RM-M,40.45276055502922,-79.89018454,42003130800
0173C00227000000,7235 CAMPANIA AVE,SINGLE FAMILY,RESIDENTIAL,Private,Lincoln-Lemington-Belmar,R1D-L,40.47166411865448,-79.889894,42003561900
0010F00174000000,2222 BEDFORD AVE,ROWHOUSE,RESIDENTIAL,Private,Middle Hill,RM-M,40.44840021908096,-79.97744266,42003050100
0012J00454000000,1912 MARY ST,COMMERCIAL GARAGE,COMMERCIAL,Private,South Side Flats,R1A-VH,40.42620932660184,-79.97886096,42003170200
0024C00336000000,0 HERMAN ST,VACANT LAND,RESIDENTIAL,Private,Troy Hill,R1A-M,40.46050419691027,-79.98742109,42003241300
0014G00086000000,1512 ARLINGTON AVE,SINGLE FAMILY,RESIDENTIAL,Private,Allentown,R1D-H,40.418946781532306,-79.98911496,42003180300
0125C00207000000,850 INWOOD ST,SINGLE FAMILY,RESIDENTIAL,City,Homewood West,R2-L,40.46026187993631,-79.90427543,42003130700
0049S00128000000,4401 LIBERTY AVE,COMM AUX BUILDING,COMMERCIAL,Private,Bloomfield,LNC,40.46353457477395,-79.95175304,42003090300
0033R00060000000,129 CALHOUN AVE,SINGLE FAMILY,RESIDENTIAL,Private,Carrick,R1D-H,40.405894026395686,-79.98790589,42003290200
0085P00312000000,5735 WILKINS AVE,SINGLE FAMILY,RESIDENTIAL,Private,Squirrel Hill North,R1D-L,40.44420022337536,-79.92465699,42003140200
0013K00028000000,2126 ECCLES ST,SINGLE FAMILY,RESIDENTIAL,Private,South Side Slopes,R1D-H,40.41828587275833,-79.97624301,42003160800
0174F00241000000,7214 RACE ST,SINGLE FAMILY,RESIDENTIAL,City,Homewood North,R2-L,40.458490141322116,-79.89503578,42003130200
0054J00085000000,349 NAYLOR ST,SINGLE FAMILY,RESIDENTIAL,Private,Greenfield,R1D-H,40.427864333898505,-79.94705937,42003151600
0097F00007000000,703 NORWICH AVE,SINGLE FAMILY,RESIDENTIAL,Private,Brookline,R1D-M,40.39185071163663,-80.02492483,42003191800
0004P00150000000,217 SOUTHERN AVE,SINGLE FAMILY,RESIDENTIAL,Private,Mount Washington,R2-H,40.42372345517198,-80.01078294,42003191500
0080P00005000000,140 44TH ST,ROWHOUSE,RESIDENTIAL,Private,Central Lawrenceville,R1A-VH,40.47262941425236,-79.96185834,42003090100
0041S00143000000,1441 STEUBEN ST,SINGLE FAMILY,RESIDENTIAL,Private,Crafton Heights,R2-L,40.44301401331929,-80.05327553,42003281500
0020P00200000000,820 LORENZ AVE,SMALL DETACHED RET(UNDER 10000),COMMERCIAL,Private,Elliott,LNC,40.44368504985829,-80.04151449,42003562600
0015M00307000000,230 CHALFONT ST,TWO FAMILY,RESIDENTIAL,Private,Beltzhoover,R2-H,40.41639873,-80.00279453,42003562400
0026N00045000000,3331 MILWAUKEE ST,SINGLE FAMILY,RESIDENTIAL,Private,Upper Hill,R2-L,40.453261639951954,-79.96329232,42003050600
0006E00246000000,1882 GREENLEAF ST,SINGLE FAMILY,RESIDENTIAL,Private,Duquesne Heights,R1D-M,40.438347572479174,-80.03112572,42003191100
0047E00009000000,911 SOUTH SIDE AVE,SINGLE FAMILY,RESIDENTIAL,Private,Spring Hill-City View,R1D-L,40.46945607063607,-79.9988793,42003262000
0231N00185000000,635 SEAGIRT ST,SINGLE FAMILY,RESIDENTIAL,City,East Hills,RM-M,40.45288754,-79.87979083,42003130600
0004S00322000000,48 LACLEDE ST,SINGLE FAMILY,RESIDENTIAL,Private,Mount Washington,R1D-H,40.42498929294126,-80.00333214,42003180700
0231L00190000000,2514 PARK HILL DR,ROWHOUSE,RESIDENTIAL,URA,East Hills,RP,40.455933921492736,-79.87273722,42003130600
0126D00009000000,7132 JONATHAN ST,ROWHOUSE,RESIDENTIAL,Private,Point Breeze North,R1A-H,40.45269674967757,-79.90048299,42003140500
0174A00116000000,7011 KEDRON ST,SINGLE FAMILY,RESIDENTIAL,City,Homewood North,R2-L,40.46197429432234,-79.89925034,42003130700
0029S00195000000,128 GREENFIELD AVE,VACANT COMMERCIAL LAND,COMMERCIAL,Private,Hazelwood,H,40.42497019236463,-79.95134629,42003562901
0014H00024000000,207 WACHTER ST,SINGLE FAMILY,RESIDENTIAL,Private,South Side Slopes,H,40.42104540902666,-79.98650451,42003170600
0184J00076000000,1208 ELWELL ST,SINGLE FAMILY,RESIDENTIAL,Private,Lincoln Place,R1D-L,40.369349599588745,-79.91516244,42003310200
0114L00032000000,3929 MCCLURE AVE,SINGLE FAMILY,RESIDENTIAL,Private,Brighton Heights,R1D-M,40.48629690221783,-80.03954083,42003270100
0173A00314000000,6960 LEMINGTON AVE,SINGLE FAMILY,RESIDENTIAL,Private,Lincoln-Lemington-Belmar,RM-M,40.472044274377524,-79.89916557,42003120300
0174H00058000000,1120 WHEELER ST,SINGLE FAMILY,RESIDENTIAL,Private,Homewood North,R2-L,40.45991803100554,-79.88446475,42003130700
0023F00108000000,242 E JEFFERSON ST,TOWNHOUSE,RESIDENTIAL,Private,Central Northside,R1A-VH,40.45924214186442,-80.01152211,42003565100
0052M00196000000,20 UNGER LN,SINGLE FAMILY,RESIDENTIAL,Private,Squirrel Hill North,R1D-L,40.44551990645077,-79.93658814,42003140100
0049A00034000000,125 42ND ST,ROWHOUSE,RESIDENTIAL,Private,Central Lawrenceville,R1A-VH,40.47185497873461,-79.96269067,42003090100
0056B00220000000,4701 MONONGAHELA ST,TWO FAMILY,RESIDENTIAL,Private,Hazelwood,R1D-H,40.41347609045598,-79.94343855,42003562901
0175B00035000000,0 TIOGA ST,VACANT LAND,RESIDENTIAL,Private,Homewood South,R1A-VH,40.45257579004701,-79.89265167,42003130800
0028F00067000000,0 HALKET ST,VACANT LAND,RESIDENTIAL,Private,Central Oakland,UC-E,40.43902636354879,-79.96166674,42003040500
0174S00080000000,7808 BENNETT ST,SINGLE FAMILY,RESIDENTIAL,Private,Homewood South,RM-M,40.45387429777509,-79.88646507,42003130800
0019S00153000000,434 GREENTREE RD,VACANT COMMERCIAL LAND,COMMERCIAL,Private,West End,UI,40.43528439692463,-80.03439889,42003562600
0060F00269000000,1602 OAKHURST ST,SINGLE FAMILY,RESIDENTIAL,Private,Carrick,R2-L,40.399689176332046,-79.99120847,42003290100
0175C00023000000,7623 MULFORD ST,SINGLE FAMILY,RESIDENTIAL,Private,Homewood South,RM-M,40.452584211085686,-79.89040126,42003130800
0094F00120000000,414 KIRK AVE,SINGLE FAMILY,RESIDENTIAL,Private,Carrick,R1D-L,40.39173788717467,-79.97696409,42003290400
0175B00300000000,408 N BRADDOCK AVE,COMMERCIAL GARAGE,COMMERCIAL,Private,Homewood South,UI,40.45042422035169,-79.89219163,42003130800
0042M00170000000,2941 MERWYN AVE,SINGLE FAMILY,RESIDENTIAL,Private,Sheraden,R1D-H,40.45641261788559,-80.05161251,42003562500
0013C00157000000,2605 STROMBERG ST,SINGLE FAMILY,RESIDENTIAL,Private,South Side Slopes,R1D-H,40.421810290697316,-79.97030932,42003160800
0076J00113000000,3245 CENTRAL AVE,SINGLE FAMILY,RESIDENTIAL,City,Marshall-Shadeland,R1D-H,40.475827013734964,-80.02925476,42003271600
0175C00352000000,7720 HAMILTON AVE,SINGLE FAMILY,RESIDENTIAL,Private,Homewood South,RM-M,40.45231538868697,-79.88821346,42003130800
0042C00079000000,3322 OREGON ST,SINGLE FAMILY,RESIDENTIAL,Private,Esplen,RIV-RM,40.462252678267404,-80.05363317,42003562500
0185S00178000000,1122 STOCK ST,SINGLE FAMILY,RESIDENTIAL,Private,Lincoln Place,R1D-L,40.36608308156788,-79.91651719,42003310200
0052E00011030200,128 N CRAIG ST,CONDOMINIUM,RESIDENTIAL,Private,North Oakland,RM-VH,40.44804276149003,-79.94914648,42003040400
0124P00085000000,526 PAULSON AVE,ROWHOUSE,RESIDENTIAL,Private,Larimer,R1A-H,40.46365590977105,-79.91146953,42003120900
0006P00175000000,517 AUGUSTA ST,SINGLE FAMILY,RESIDENTIAL,Private,Duquesne Heights,R1A-H,40.43362453340466,-80.02486246,42003191100
0124M00181000000,6637 APPLE ST,SINGLE FAMILY,RESIDENTIAL,Private,Lincoln-Lemington-Belmar,RM-M,40.46596830684606,-79.90156664,42003120300
0174B00230000000,7337 MOUNT VERNON ST,SINGLE FAMILY,RESIDENTIAL,Private,Homewood North,R2-L,40.460572801178216,-79.89138851,42003130700
0004M00017000000,296 BAILEY AVE,TWO FAMILY,RESIDENTIAL,Private,Mount Washington,R1D-H,40.426737241925366,-80.00267671,42003180700
0016K00108000000,1206 BEECHVIEW AVE,SINGLE FAMILY,RESIDENTIAL,Private,Beechview,R1D-H,40.416697042593334,-80.02534515,42003191600
0124N00342000000,158 STOEBNER WAY,SINGLE FAMILY,RESIDENTIAL,Private,Larimer,R1A-H,40.464172068168686,-79.9122755,42003120900
0009M00258000A00,8 MONACA PL,SINGLE FAMILY,RESIDENTIAL,City,Crawford-Roberts,RM-M,40.44590539842572,-79.98473844,42003030500
0062H00096000000,2045 PIONEER AVE,SINGLE FAMILY,RESIDENTIAL,Private,Brookline,R1D-M,40.401240050979965,-80.01706841,42003191700
0013R00223000000,2428 SPRING ST,SINGLE FAMILY,RESIDENTIAL,Private,Arlington,LNC,40.41579064045855,-79.97201885,42003161000
0006M00141000000,146 MERIDAN ST,TOWNHOUSE,RESIDENTIAL,Private,Mount Washington,R1D-H,40.43642011938386,-80.01838625,42003190300
0033F00021000000,220 MOORE AVE,SINGLE FAMILY,RESIDENTIAL,Private,Knoxville,R1D-M,40.41119099852329,-79.99144942,42003300100
0040C00279000000,1654 ARNOLD ST,SINGLE FAMILY,RESIDENTIAL,Private,Crafton Heights,R2-L,40.442344165851544,-80.05466905,42003281500
0026D00079000000,444 TAYLOR ST,SINGLE FAMILY,RESIDENTIAL,Private,Bloomfield,R2-VH,40.460425586597026,-79.95281089,42003080200
0088L00004000000,3300 BEECHWOOD BLVD,SINGLE FAMILY,RESIDENTIAL,Private,Squirrel Hill South,R2-L,40.41851376071373,-79.92434634,42003141400
0046A00126000000,2639 NORWOOD AVE,SINGLE FAMILY,RESIDENTIAL,Private,Perry South,R1D-H,40.47141252500265,-80.01346046,42003261500
0071H00173000000,1109 OETTING ST,SINGLE FAMILY,RESIDENTIAL,Private,Sheraden,H,40.45939405,-80.06681541,42003202200
0056G00033000000,302 FLOWERS AVE,SINGLE FAMILY,RESIDENTIAL,Private,Hazelwood,R1A-H,40.41081307,-79.94042838,42003562300
0184E00251000002,5042 DELEHANTY ST,SINGLE FAMILY,RESIDENTIAL,Private,Lincoln Place,R1D-L,40.372043730616404,-79.91341068,42003310200
0050P00218000000,5135 CORAL ST,ROWHOUSE,RESIDENTIAL,Private,Bloomfield,LNC,40.46437559105585,-79.94152393,42003080900
0014E00040000000,404 CURTIN AVE,SINGLE FAMILY,RESIDENTIAL,Private,Beltzhoover,R2-H,40.41883927489303,-79.99910858,42003562400
0047M00214000000,1815 RIALTO ST,SINGLE FAMILY,RESIDENTIAL,Private,Troy Hill,R1D-H,40.466818418428176,-79.98286013,42003241300
0042C00047000000,3252 STAFFORD ST,SINGLE FAMILY,RESIDENTIAL,Private,Sheraden,H,40.460088354766455,-80.05455858,42003562500
0138G00204000000,790 STEWART AVE,VACANT LAND,RESIDENTIAL,Private,Overbrook,P,40.38175220553564,-79.9874687,42003320400
0033B00101000000,114 REDLYN ST,SINGLE FAMILY,RESIDENTIAL,Private,Knoxville,R1D-H,40.41291324601003,-79.99168057,42003300100
0015S00194000000,821 ELDORA PL,SINGLE FAMILY,RESIDENTIAL,Private,Beltzhoover,R2-H,40.41519346918479,-80.00103233,42003562400
0125C00128000000,919 WASHINGTON BLVD,CHARITABLE EXEMPTION/HOS/HOMES,OTHER,Private,Larimer,RM-H,40.46058038496647,-79.90694663,42003120900
0004N00129000000,492 NORTON ST,TWO FAMILY,RESIDENTIAL,Private,Mount Washington,R2-H,40.42492791309898,-80.01238632,42003191400
0004S00059000000,420 KATHLEEN ST,SINGLE FAMILY,RESIDENTIAL,Private,Mount Washington,R1D-H,40.425429318273274,-80.00011888,42003180700
0006J00017000000,476 BRADLEY ST,SINGLE FAMILY,RESIDENTIAL,Private,Duquesne Heights,P,40.436606422175174,-80.02951508,42003191100
0004J00185000000,211 WILBERT ST,VACANT LAND,RESIDENTIAL,Private,Mount Washington,R1D-H,40.42682840339378,-80.01364698,42003191400
0054J00155000000,307 SALINE ST,SINGLE FAMILY,RESIDENTIAL,Private,Greenfield,R1D-H,40.42734194152098,-79.94855933,42003151600
0014A00072000000,432 KINGSBORO ST,ROWHOUSE,RESIDENTIAL,Private,Beltzhoover,R2-H,40.42160654307918,-79.99920939,42003562400
0042J00309000000,1022 FAULKNER ST,TWO FAMILY,RESIDENTIAL,Private,Sheraden,R1D-H,40.455695727727104,-80.06261318,42003202200
0049A00155000000,127 BANNER WAY,SINGLE FAMILY,RESIDENTIAL,Private,Central Lawrenceville,R1A-VH,40.47136443498977,-79.96325756,42003090100
0035N00165000000,2008 BROADWAY AVE,SINGLE FAMILY,RESIDENTIAL,Private,Beechview,R1D-H,40.40635184859626,-80.02908786,42003192000
0025D00243000000,3340 LIBERTY AVE,VACANT COMMERCIAL LAND,COMMERCIAL,Private,Lower Lawrenceville,UI,40.461162292182664,-79.96750748,42003060300
0056L00338000000,5033 AMPERE ST,SINGLE FAMILY,RESIDENTIAL,City,Hazelwood,R1D-M,40.40873750758114,-79.93800399,42003562300
0023G00305000000,1532 FEDERAL ST,SINGLE FAMILY,RESIDENTIAL,Private,Fineview,H,40.459078852389744,-80.00753087,42003250900
0184K00119000000,5405 KEEFE ST,VACANT LAND,RESIDENTIAL,Private,Lincoln Place,R1D-L,40.36866723,-79.91117121,42003310200
0014F00295000000,319 ALLEN ST,SINGLE FAMILY,RESIDENTIAL,Private,Allentown,R1D-H,40.41948577770862,-79.99342997,42003180300
0055P00146000000,0 SYLVAN AVE,VACANT LAND,RESIDENTIAL,City,Hazelwood,H,40.414119503997426,-79.94330002,42003562901
0033C00066000000,151 KNOX AVE,TWO FAMILY,RESIDENTIAL,Private,Knoxville,R1D-H,40.41377846261855,-79.99072558,42003300100
0006M00006000000,1208 GRANDVIEW AVE,RETL/APT'S OVER,COMMERCIAL,Private,Mount Washington,GPRC,40.438101654557116,-80.0183971,42003190300
0049L00286000000,4105 PENN AVE,OFFICE/APARTMENTS OVER,COMMERCIAL,Private,Central Lawrenceville,LNC,40.46584017132622,-79.95495787,42003090200
0174B00222000000,7321 MOUNT VERNON ST,SINGLE FAMILY,RESIDENTIAL,Private,Homewood North,R2-L,40.46067947589713,-79.89182333,42003130700
0041B00017000000,1123 NEWCOMER ST,SINGLE FAMILY,RESIDENTIAL,Private,Sheraden,H,40.452648039026265,-80.06066398,42003202200
0120J00055000000,5624 HARRISON ST,ROWHOUSE,RESIDENTIAL,Private,Upper Lawrenceville,RIV-MU,40.48515976224777,-79.94789439,42003101100
0124F00124000000,53 ORPHAN ST,SINGLE FAMILY,RESIDENTIAL,Private,Larimer,H,40.468740470393996,-79.91014317,42003120900
0049B00084000A00,165 42ND ST,SINGLE FAMILY,RESIDENTIAL,Private,Central Lawrenceville,R1A-VH,40.47104110837092,-79.96153468,42003090100
0094E00240000000,0 RADIANT ST,VACANT LAND,RESIDENTIAL,Private,Carrick,R1D-L,40.39048092295352,-79.97975742,42003290400
0137A00378000000,52 STEWART AVE,SINGLE FAMILY,RESIDENTIAL,Private,Carrick,R2-L,40.38270992087897,-79.97936263,42003290400
0045K00063000000,1223 INGHAM ST,SINGLE FAMILY,RESIDENTIAL,Private,Marshall-Shadeland,R1D-M,40.46642026048117,-80.02715683,42003271600
0021N00048000000,2705 MERWYN AVE,SINGLE FAMILY,RESIDENTIAL,Private,Sheraden,H,40.453634905925604,-80.0490199,42003562500
0055G00115000000,4319 WINTERBURN AVE,SINGLE FAMILY,RESIDENTIAL,Private,Greenfield,R1D-M,40.42065168805308,-79.93951692,42003151700
0055E00043000000,98 IRVINE ST,SINGLE FAMILY,RESIDENTIAL,Private,Hazelwood,UI,40.42089404951289,-79.94908909,42003562901
0094E00289000000,2433 DIEHL AVE,SINGLE FAMILY,RESIDENTIAL,Private,Carrick,R1D-L,40.39078725559004,-79.97921438,42003290400
0019B00004000000,857 CRUCIBLE ST,SINGLE FAMILY,RESIDENTIAL,Private,Elliott,R1D-H,40.44287296912286,-80.04157556,42003562600
0083K00022000000,411 N SAINT CLAIR ST,ROWHOUSE,RESIDENTIAL,Private,East Liberty,R2-M,40.46639935675371,-79.9268703,42003111500
0051A00163000000,4705 CORDAY WAY,COMMERCIAL GARAGE,COMMERCIAL,Private,Bloomfield,LNC,40.46231654036847,-79.9494007,42003080900
0042C00208000000,409 TABOR ST,SINGLE FAMILY,RESIDENTIAL,Private,Esplen,R1D-H,40.46133497027965,-80.05532948,42003562500
0174B00279000000,0 KEDRON ST,MUNICIPAL GOVERNMENT,GOVERNMENT,City,Homewood North,R2-L,40.46064537893181,-79.89338515,42003130200
0028A00122000000,267 DUNSEITH ST,SINGLE FAMILY,RESIDENTIAL,Private,West Oakland,R1A-VH,40.442724074475144,-79.96526331,42003040200
0083M00196000000,17 MAYFLOWER ST,VACANT LAND,RESIDENTIAL,URA,Larimer,R1D-H,40.465569665574094,-79.9170684,42003120900
0042H00015000000,3036 GLEN MAWR ST,SINGLE FAMILY,RESIDENTIAL,Private,Sheraden,R1D-H,40.457708929397626,-80.05334409,42003562500
0014N00202000000,425 ROCHELLE ST,SINGLE FAMILY,RESIDENTIAL,Private,Knoxville,R1D-H,40.41514297853909,-79.99646775,42003300100
0039J00277000000,0 PENSDALE ST,VACANT LAND,RESIDENTIAL,Private,Oakwood,R1D-L,40.428258193207554,-80.06441868,42003562800
0014F00032000000,202 WALTER ST,SINGLE FAMILY,RESIDENTIAL,Private,Allentown,R1D-H,40.42069172375607,-79.99496298,42003180300
0174G00259000A00,1202 PINERIDGE ST,SINGLE FAMILY,RESIDENTIAL,Private,Homewood North,RM-M,40.45914878925203,-79.88960876,42003130700
0060M00013000000,1740 CONCORDIA ST,SINGLE FAMILY,RESIDENTIAL,Private,Carrick,R1D-H,40.39749368258581,-79.98687599,42003290200
0033E00214000000,424 SUNCREST ST,SINGLE FAMILY,RESIDENTIAL,Private,Knoxville,R1D-H,40.411196703264594,-79.99609737,42003300100
0042S00021000000,0 BERGMAN ST,VACANT LAND,RESIDENTIAL,Private,Sheraden,R1D-H,40.45397505620473,-80.05268151,42003562500
0004P00149000000,219 SOUTHERN AVE,SINGLE FAMILY,RESIDENTIAL,Private,Mount Washington,R2-H,40.423672995469275,-80.01081352,42003191500
0015A00080000000,631 CHESS ST,SINGLE FAMILY,RESIDENTIAL,Private,Mount Washington,R1D-H,40.42151867736348,-80.0135524,42003191500
0014F00332000000,855 FREELAND ST,SINGLE FAMILY,RESIDENTIAL,Private,Allentown,R1D-H,40.41932338302077,-79.99160997,42003180300
0003K00161000000,0 WINDOM ST,CONDOMINIUM COMMON PROPERTY,RESIDENTIAL,Private,South Side Slopes,H,40.42752083,-79.99397669,42003170600
0049R00162000000,4058 CABINET ST,SINGLE FAMILY,RESIDENTIAL,Private,Bloomfield,R1A-VH,40.464224182183784,-79.95515975,42003090300
0047J00182000000,0 OVERBECK ST,VACANT LAND,RESIDENTIAL,Private,Spring Hill-City View,H,40.466199770695575,-79.99805951,42003262000
0174G00142000000,7443 MONTICELLO ST,SINGLE FAMILY,RESIDENTIAL,Private,Homewood North,RM-M,40.458284034242084,-79.88914955,42003130700
0011E00173000000,223 LOMBARD ST,SINGLE FAMILY,RESIDENTIAL,Private,Crawford-Roberts,RM-M,40.43972647889073,-79.97914324,42003030500
0049L00147000000,353 MAIN ST,ROWHOUSE,RESIDENTIAL,Private,Central Lawrenceville,R1A-H,40.46655852353013,-79.95608417,42003090200
0070C00104000000,3461 HARRISBURG ST,SINGLE FAMILY,RESIDENTIAL,Private,Windgap,R2-L,40.452016054948885,-80.07368821,42003563000
0024K00291000000,1008 CONSTANCE ST,ROWHOUSE,RESIDENTIAL,Private,East Allegheny,NDI,40.457475242672636,-79.99426074,42003563202
0051E00227000000,622 GROSS ST,CONDOMINIUM COMMON PROPERTY,RESIDENTIAL,Private,Bloomfield,R2-H,40.457974424613006,-79.9464263,42003080400
0019B00020000000,842 STEUBEN ST,SINGLE FAMILY,RESIDENTIAL,Private,Elliott,R1D-H,40.44242344895277,-80.04155847,42003562600
0002F00321000000,822 5TH AVE,OWNED BY COLLEGE/UNIV/ACADEMY,GOVERNMENT,Private,Bluff,UPR-A,40.43860487656422,-79.99186735,42003010302
0013H00086000000,2636 COBDEN ST,SINGLE FAMILY,RESIDENTIAL,Private,South Side Slopes,R1D-H,40.41961417504404,-79.96950412,42003160800
0024E00204000000,0 VISTA ST,VACANT LAND,RESIDENTIAL,City,East Allegheny,R1A-VH,40.45848895739926,-79.9957809,42003563202
0070D00264000000,3230 WELLER ST,SINGLE FAMILY,RESIDENTIAL,Private,Windgap,R2-L,40.450701297538984,-80.06813165,42003563000
0049L00006000000,337 FISK ST,SINGLE FAMILY,RESIDENTIAL,Private,Central Lawrenceville,R1A-H,40.466431532609505,-79.95750525,42003090200
0087A00156000000,5423 HOBART ST,SINGLE FAMILY,RESIDENTIAL,Private,Squirrel Hill South,R2-L,40.43237137163754,-79.93185816,42003141300
0060N00120000000,1801 SAW MILL RUN BLVD,RETL/APT'S OVER,COMMERCIAL,Private,Overbrook,HC,40.39532366109562,-79.99700124,42003320400
0094E00241000000,0 RADIANT ST,VACANT LAND,RESIDENTIAL,Private,Carrick,R1D-L,40.390556179276935,-79.97985482,42003290400
0174B00143000000,7318 UPLAND ST,SINGLE FAMILY,RESIDENTIAL,City,Homewood North,RM-M,40.460999103823596,-79.8916074,42003130700
0095H00177000000,2224 LUTZ AVE,SINGLE FAMILY,RESIDENTIAL,Private,Carrick,R1D-H,40.39048855769573,-79.98494271,42003290200
0056D00178000000,451 KILBOURNE ST,SINGLE FAMILY,RESIDENTIAL,Private,Hazelwood,R1D-H,40.41225081253015,-79.93614824,42003562300
0015D00142000000,307 KINGSBORO ST,TWO FAMILY,RESIDENTIAL,Private,Mount Washington,R1D-H,40.421929642063375,-80.00122743,42003180700
0084G00128000000,241 EMERSON ST,TWO FAMILY,RESIDENTIAL,Private,Shadyside,R1A-H,40.45814611699334,-79.92310166,42003070800
0173L00108000000,1538 OBERLIN ST,SINGLE FAMILY,RESIDENTIAL,Private,Lincoln-Lemington-Belmar,R1D-L,40.46643606,-79.88983734,42003561900
0174L00092000000,7601 BENNETT ST,THREE FAMILY,RESIDENTIAL,Private,Homewood South,RM-M,40.455203181683835,-79.89015677,42003130800
0014P00128000000,311 ROCHELLE ST,SINGLE FAMILY,RESIDENTIAL,Private,Knoxville,R1D-H,40.41522116,-79.99365528,42003300100
0049B00078000000,4211 FOSTER ST,ROWHOUSE,RESIDENTIAL,Private,Central Lawrenceville,R1A-VH,40.47144761,-79.96184965,42003090100
0014J00245000000,601 CURTIN AVE,SINGLE FAMILY,RESIDENTIAL,Private,Beltzhoover,R2-H,40.417338140231436,-79.99851737,42003562400
0075R00071000000,3226 CALIFORNIA AVE,SINGLE FAMILY,RESIDENTIAL,Private,Brighton Heights,R1A-H,40.47396404399123,-80.03827343,42003270300
0231E00265000000,1047 STONEVILLE ST,SINGLE FAMILY,RESIDENTIAL,Private,Homewood North,R2-L,40.45804351525834,-79.88008152,42003130700
0003P00187000000,719 EUREKA ST,SINGLE FAMILY,RESIDENTIAL,Private,Allentown,R1D-H,40.42386987626696,-79.9949702,42003180300
COMMON GROUND, ,,,Private,South Side Flats,RIV-MU,40.539822654495715,-80.15236925,42003563800
0014B00072000000,740 EXCELSIOR ST,SINGLE FAMILY,RESIDENTIAL,Private,Allentown,R1D-H,40.42263260723982,-79.99430936,42003180300
0085B00062108200,5903 5TH AVE,CONDOMINIUM,RESIDENTIAL,Private,Shadyside,RM-M,40.451814140641055,-79.92540704,42003070600
0003S00290000000,19 WELSH WAY,COMMERCIAL GARAGE,COMMERCIAL,Private,South Side Slopes,H,40.42523490628752,-79.98685607,42003170600
COMMON GROUND, ,,,Private,South Side Flats,RIV-MU,40.539822654495715,-80.15236925,42003563800
0075S00123000000,3184 MCCLURE AVE,RETL/APT'S OVER,COMMERCIAL,Private,Marshall-Shadeland,UI,40.473727797308804,-80.03484562,42003271600
0174E00060000B00,7028 MONTICELLO ST,VACANT LAND,RESIDENTIAL,City,Homewood North,R2-L,40.45973606,-79.89935269,42003130700
0047J00255000000,120 OVERBECK ST,SINGLE FAMILY,RESIDENTIAL,Private,Spring Hill-City View,H,40.465665437400226,-79.9973651,42003262000
0025N00030000000,2419 SMALLMAN ST,COMMON AREA,RESIDENTIAL,Private,Strip District,RIV-IMU,40.45462914365097,-79.98112044,42003020300
0174F00274000000,7332 RACE ST,SINGLE FAMILY,RESIDENTIAL,Private,Homewood North,R2-L,40.45774493372038,-79.89178695,42003130200
0174G00015000000,7415 RACE ST,SINGLE FAMILY,RESIDENTIAL,Private,Homewood North,RM-M,40.45785842761694,-79.89053068,42003130200
0059A00152000000,357 PARALLEL AVE,TWO FAMILY,RESIDENTIAL,Private,Carrick,P,40.403274546422004,-79.98139125,42003290200
0173F00155000000,1562 WESTMORELAND AVE,SINGLE FAMILY,RESIDENTIAL,Private,Lincoln-Lemington-Belmar,R1D-L,40.469170169886944,-79.89277227,42003561900
0056F00372000000,4821 MONONGAHELA ST,SINGLE FAMILY,RESIDENTIAL,Private,Hazelwood,R1D-H,40.41106437416408,-79.94223927,42003562300
0049P00215000000,3940 MINTWOOD ST,SINGLE FAMILY,RESIDENTIAL,Private,Lower Lawrenceville,R1A-H,40.46397739128194,-79.95823027,42003060300
0044H00163000000,2705 PITLER ST,SINGLE FAMILY,RESIDENTIAL,Private,Marshall-Shadeland,R1A-H,40.46833285690987,-80.03446757,42003271600
0045N00063000000,1332 MARSHALL AVE,ROWHOUSE,RESIDENTIAL,Private,Marshall-Shadeland,R1A-VH,40.463401967477985,-80.02941904,42003271600
0028H00072000000,3832 BATES ST,ROWHOUSE,RESIDENTIAL,Private,Central Oakland,R-MU,40.43954353588443,-79.95232207,42003040600
0231E00175000000,1075 SILVERDALE ST,SINGLE FAMILY,RESIDENTIAL,Private,Homewood North,R2-L,40.45820418089413,-79.88105339,42003130700
0014C00306000A00,1010 E WARRINGTON AVE,SINGLE FAMILY,RESIDENTIAL,Private,South Side Slopes,R1A-VH,40.42180115310318,-79.98784508,42003170600
0054P00065000000,529 GREENFIELD AVE,SMALL DETACHED RET(UNDER 10000),COMMERCIAL,Private,Greenfield,LNC,40.42600393553533,-79.94136706,42003151600
0035J00092000000,209 COAST AVE,TWO FAMILY,RESIDENTIAL,Private,Beechview,H,40.40832946929791,-80.02877895,42003192000
0049E00096000A00,181 39TH ST,ROWHOUSE,RESIDENTIAL,Private,Lower Lawrenceville,R1A-VH,40.467936644004105,-79.96463537,42003060300
0003J00089000000,510 ARLINGTON AVE,SINGLE FAMILY,RESIDENTIAL,Private,Allentown,H,40.427226023935916,-79.99544664,42003180300
0023F00220000000,110 ALPINE ALY,RES AUX BUILDING (NO HOUSE),RESIDENTIAL,Private,Central Northside,R1A-VH,40.458543711953716,-80.00954281,42003565100
0049B00010000000,164 44TH ST,SINGLE FAMILY,RESIDENTIAL,Private,Central Lawrenceville,R1A-VH,40.47206594532864,-79.96106821,42003090100
0125G00304000000,6727 FRANKSTOWN AVE,SINGLE FAMILY,RESIDENTIAL,Private,Homewood West,UI,40.45875734453456,-79.90717005,42003130700
0028S00009000000,3401 DAWSON ST,SINGLE FAMILY,RESIDENTIAL,Private,Central Oakland,UC-MU,40.4345842,-79.95342174,42003040600
0124J00049000000,559 LENORA ST,SINGLE FAMILY,RESIDENTIAL,Private,Larimer,H,40.46714983398809,-79.91349479,42003120900
0045S00136000000,0 CHAUTAUQUA ST,VACANT LAND,RESIDENTIAL,Private,Perry South,R1A-VH,40.46405762133668,-80.01694399,42003261400
0002M00234000000,1615 TUSTIN ST,TWO FAMILY,RESIDENTIAL,Private,Bluff,UPR-A,40.43721870129356,-79.98346819,42003010302
0173L00065000000,1504 OAKDENE ST,SINGLE FAMILY,RESIDENTIAL,Private,Lincoln-Lemington-Belmar,R1D-L,40.46561657619489,-79.89068053,42003561900
0174A00314000000,7012 HERMITAGE ST,SINGLE FAMILY,RESIDENTIAL,Private,Homewood North,R2-L,40.46097247798881,-79.89945204,42003130700
0004S00253000000,56 PASADENA ST,SINGLE FAMILY,RESIDENTIAL,Private,Mount Washington,R1D-H,40.423730520455116,-80.00207353,42003180700
0076P00056000000,1055 SMITHTON AVE,SINGLE FAMILY,RESIDENTIAL,Private,Marshall-Shadeland,R1D-M,40.473992546639536,-80.02693232,42003271600
0120P00138000000,234 57TH ST,SINGLE FAMILY,RESIDENTIAL,Private,Upper Lawrenceville,R1D-H,40.48364793834217,-79.9449457,42003101100
0003R00095000000,0 FRITZ ST,VACANT LAND,RESIDENTIAL,Private,South Side Slopes,H,40.42568172697462,-79.98832097,42003170600
0033B00131000000,310 MATHEWS AVE,SINGLE FAMILY,RESIDENTIAL,Private,Knoxville,R1D-H,40.41314916657886,-79.99348942,42003300100
0042M00281000A00,2751 STAFFORD ST,ROWHOUSE,RESIDENTIAL,Private,Sheraden,H,40.45537150949961,-80.04947407,42003562500
0061N00015000000,817 EATHAN AVE,SINGLE FAMILY,RESIDENTIAL,Private,Brookline,R1D-M,40.39676983070597,-80.01581137,42003191700
0023A00334000000,1766 PERRYSVILLE AVE,SINGLE FAMILY,RESIDENTIAL,Private,Perry South,H,40.460262411039984,-80.01195884,42003261400
0015A00094000000,19 SIMMS ST,SINGLE FAMILY,RESIDENTIAL,Private,Mount Washington,R1D-H,40.42227626328371,-80.0134103,42003191500
0015B00030000000,229 SOUTHERN AVE,SINGLE FAMILY,RESIDENTIAL,Private,Mount Washington,R2-H,40.42345220402114,-80.01096811,42003191500
0047E00259000000,80 ROYAL ST,SINGLE FAMILY,RESIDENTIAL,Private,Spring Hill-City View,H,40.46804813380404,-79.99767735,42003262000
0010D00166000B00,2713 WEBSTER AVE,SINGLE FAMILY,RESIDENTIAL,Private,Bedford Dwellings,RM-M,40.451095577445884,-79.9694463,42003050900
0042H00093000000,3216 STAFFORD ST,SINGLE FAMILY,RESIDENTIAL,Private,Sheraden,H,40.45950587360798,-80.05356975,42003562500
0055J00082000000,4415 IRVINE ST,COMMERCIAL GARAGE,COMMERCIAL,Private,Hazelwood,NDI,40.41680732097813,-79.94680144,42003562901
0033E00238000000,434 DAYTONA ST,SINGLE FAMILY,RESIDENTIAL,Private,Knoxville,R1D-H,40.41074204,-79.99643215,42003300100
0174B00060000000,7257 UPLAND ST,SINGLE FAMILY,RESIDENTIAL,Private,Homewood North,R2-L,40.461764782089276,-79.89233825,42003130700
0055P00192000000,4521 SYLVAN AVE,SINGLE FAMILY,RESIDENTIAL,Private,Hazelwood,H,40.416269385962515,-79.94373236,42003562901
0029G00283000000,3210 DAWSON ST,SINGLE FAMILY,RESIDENTIAL,Private,South Oakland,R1A-H,40.43013476096851,-79.95383519,42003040900
0010L00311000000,528 JUNILLA ST,SINGLE FAMILY,RESIDENTIAL,Private,Middle Hill,RM-M,40.44717714822477,-79.97092436,42003050100
0049B00118000B00,169 BANNER WAY,ROWHOUSE,RESIDENTIAL,Private,Central Lawrenceville,R1A-VH,40.470627262183676,-79.96183991,42003090100
0040H00273000000,1506 OBEY ST,SINGLE FAMILY,RESIDENTIAL,Private,Crafton Heights,R2-L,40.440384459540894,-80.0506416,42003281500
0088H00161000000,2005 BEECHWOOD BLVD,VACANT LAND,RESIDENTIAL,City,Squirrel Hill South,RP,40.41679273736501,-79.91724955,42003141400
0014F00201000A00,812 INDUSTRY ST,PARKING GARAGE/LOTS,COMMERCIAL,Private,Allentown,R1D-H,40.420543593714605,-79.99316435,42003180300
0020P00201000000,814 LORENZ AVE,TWO FAMILY,RESIDENTIAL,City,Elliott,LNC,40.443747396024534,-80.04142948,42003562600
0013E00094000000,1721 MARCUS WAY,SINGLE FAMILY,RESIDENTIAL,Private,South Side Slopes,P,40.42002742,-79.98150865,42003170600
0048N00075000000,1811 LOWRIE ST,TWO FAMILY,RESIDENTIAL,Private,Troy Hill,LNC,40.464829410867665,-79.98155483,42003241300
0184N00232000000,1151 MARGRAY ST,SINGLE FAMILY,RESIDENTIAL,Private,Lincoln Place,R1D-L,40.36732669633304,-79.91548878,42003310200
0120J00207000000,0 57TH ST,VACANT LAND,RESIDENTIAL,Private,Upper Lawrenceville,R1D-H,40.48472804287919,-79.94597125,42003101100
0015M00156000000,0 SYLVANIA AVE,VACANT LAND,RESIDENTIAL,City,Beltzhoover,R2-H,40.417660099544584,-80.00000257,42003562400
0011G00111000000,26 GAZZAM ST,SINGLE FAMILY,RESIDENTIAL,Private,West Oakland,H,40.43895741647738,-79.97204444,42003040200
0076L00166000000,913 SMITHTON AVE,SINGLE FAMILY,RESIDENTIAL,Private,Marshall-Shadeland,R1D-M,40.474789628169646,-80.02365677,42003271600
0035F00170000000,1115 HAMPSHIRE AVE,SINGLE FAMILY,RESIDENTIAL,Private,Beechview,R1D-H,40.41032045042086,-80.02626744,42003191600
0055S00027000000,80 CLARION ST,SINGLE FAMILY,RESIDENTIAL,Private,Hazelwood,H,40.413936458906306,-79.93450548,42003562300
0056L00280000000,5033 STEELE CT,SINGLE FAMILY,RESIDENTIAL,City,Hazelwood,R1D-M,40.408503130265586,-79.9393365,42003562300
0034L00240000000,1044 SAW MILL RUN BLVD,LIGHT MANUFACTURING,INDUSTRIAL,Private,Bon Air,NDI,40.407636774630525,-80.00487167,42003562400
0056P00007000000,5142 LYTLE ST,ROWHOUSE,RESIDENTIAL,Private,Hazelwood,R1A-VH,40.405332805196224,-79.94523332,42003562901
0014F00359000000,840 FREELAND ST,SINGLE FAMILY,RESIDENTIAL,Private,Allentown,R1D-H,40.41896820049587,-79.99204809,42003180300
0050E00003000B00,312 N MATHILDA ST,ROWHOUSE,RESIDENTIAL,Private,Garfield,R1A-H,40.46740689633672,-79.94577109,42003101900
0070D00136000000,3233 FARONIA ST,SINGLE FAMILY,RESIDENTIAL,Private,Sheraden,R1D-M,40.451609739851776,-80.0675703,42003202200
0042M00218000000,2932 MERWYN AVE,SINGLE FAMILY,RESIDENTIAL,Private,Sheraden,R1D-H,40.45646637930692,-80.05105237,42003562500
0032A00024000000,415 SAINT JOSEPH ST,SINGLE FAMILY,RESIDENTIAL,Private,Mt. Oliver,R1D-M,40.41367692,-79.98110648,42003161000
0077P00348000000,0 ELLIS ST,VACANT LAND,RESIDENTIAL,Private,Perry South,H,40.47259022657891,-80.01154715,42003261500
0042J00116000000,1216 STANHOPE ST,SINGLE FAMILY,RESIDENTIAL,Private,Sheraden,R1D-H,40.45577615448774,-80.06561643,42003202200
0001C01662M00800,320 FORT DUQUESNE BLVD,CONDOMINIUM,RESIDENTIAL,Private,Central Business District,GT-D,40.44269919170791,-80.00675483,42003020100
0172N00055000000,6919 CHURCHLAND ST,SINGLE FAMILY,RESIDENTIAL,Private,Lincoln-Lemington-Belmar,RM-M,40.472914817247464,-79.89784255,42003561900
0082J00073000000,5201 WELLESLEY AVE,SINGLE FAMILY,RESIDENTIAL,Private,Morningside,R1D-H,40.47638709779102,-79.93132994,42003101400
0026F00169000000,3521 BETHOVEN ST,SINGLE FAMILY,RESIDENTIAL,Private,Polish Hill,R2-H,40.458831337394635,-79.96025527,42003060500
0048N00062000000,1721 LOWRIE ST,SINGLE FAMILY,RESIDENTIAL,Private,Troy Hill,LNC,40.46409426799667,-79.98179357,42003241300
0076J00140000000,3154 SORENTO ST,SINGLE FAMILY,RESIDENTIAL,Private,Marshall-Shadeland,R1D-H,40.47546713857969,-80.02934779,42003271600
0075G00259000000,3436 FLEMING AVE,SINGLE FAMILY,RESIDENTIAL,Private,Brighton Heights,R1A-H,40.477812309292204,-80.03824024,42003270300
0033R00091000000,41 CALHOUN AVE,SINGLE FAMILY,RESIDENTIAL,Private,Carrick,R1D-H,40.40651466568368,-79.99039408,42003290200
0114R00164000000,1545 COOPER AVE,SINGLE FAMILY,RESIDENTIAL,Private,Brighton Heights,R1D-M,40.48297188223823,-80.03986183,42003270100
0124L00089000000,6529 DEARY ST,SINGLE FAMILY,RESIDENTIAL,Private,Lincoln-Lemington-Belmar,RM-M,40.46669180642873,-79.90463331,42003120300
0129J00045000000,134 BLACKMORE ST,SINGLE FAMILY,RESIDENTIAL,Private,Swisshelm Park,R2-L,40.41684681714973,-79.91493437,42003141100
0028L00334000000,3462 SAINT JAMES PL,ROWHOUSE,RESIDENTIAL,Private,Central Oakland,R-MU,40.43656303357631,-79.95500777,42003040600
0124S00253000000,6957 MOUNT VERNON ST,SINGLE FAMILY,RESIDENTIAL,Private,Homewood West,R2-L,40.46276672299182,-79.89987203,42003130700
0162R00294000000,4137 FRANKLIN RD,ROWHOUSE,RESIDENTIAL,Private,Perry North,R1D-L,40.493835878265976,-80.02133131,42003260200
0114N00169000000,2033 TERMON AVE,ROWHOUSE,RESIDENTIAL,Private,Brighton Heights,R1D-M,40.48276071,-80.04584707,42003270100
0015L00184000000,613 GEARING AVE,SINGLE FAMILY,RESIDENTIAL,Private,Beltzhoover,R2-H,40.416821082041636,-80.00462348,42003562400
0124M00001000000,6615 ROWAN ST,VACANT LAND,RESIDENTIAL,City,Lincoln-Lemington-Belmar,RM-M,40.46509687943306,-79.90363665,42003120300
0053H00047000000,5415 NORTHUMBERLAND ST,SINGLE FAMILY,RESIDENTIAL,Private,Squirrel Hill North,R1D-L,40.43938309612402,-79.93351711,42003140100
0004P00288000000,403 BOGGS AVE,TWO FAMILY,RESIDENTIAL,Private,Mount Washington,R1D-H,40.42408874638478,-80.00899605,42003191500
0044H00212000000,2807 HOLBROOK ST,SINGLE FAMILY,RESIDENTIAL,Private,Marshall-Shadeland,R1A-H,40.46900462,-80.03521867,42003271600
0015R00127000000,914 MONTOOTH ST,SINGLE FAMILY,RESIDENTIAL,Private,Beltzhoover,R2-H,40.41463377626088,-80.00607591,42003562400
0055P00028000000,4531 MONONGAHELA ST,TWO FAMILY,RESIDENTIAL,Private,Hazelwood,R1D-H,40.41544430362847,-79.9451577,42003562901
0050K00205000000,0 DEARBORN ST,VACANT LAND,RESIDENTIAL,Private,Garfield,R1D-H,40.466204723588156,-79.94448066,42003101900
0033C00085000000,160 KNOX AVE,SINGLE FAMILY,RESIDENTIAL,Private,Knoxville,R1D-H,40.413394591888505,-79.99015408,42003300100
0049R00261C10100,4045 LIBERTY AVE,CONDOMINIUM UNIT,COMMERCIAL,Private,Bloomfield,NDI,40.46331898073798,-79.95563749,42003090300
0045M00101000000,2442 N CHARLES ST,VACANT LAND,RESIDENTIAL,Private,Perry South,R1D-H,40.46622724864061,-80.0197265,42003261400
0035J00133000000,112 CAGWIN ST,SINGLE FAMILY,RESIDENTIAL,Private,Beechview,H,40.40845711340696,-80.02972731,42003192000
0084C00156000000,6107 PENN AVE,BANK,COMMERCIAL,Private,East Liberty,UNC,40.461207840076305,-79.92319138,42003111500
0054G00027000000,753 SALINE ST,SINGLE FAMILY,RESIDENTIAL,Private,Greenfield,R1D-H,40.42973541124851,-79.9403289,42003151600
0081A00072000000,5311 WICKLIFF ST,SINGLE FAMILY,RESIDENTIAL,Private,Upper Lawrenceville,R1A-VH,40.479924938341924,-79.94872148,42003101100
0006J00031000000,408 BRADLEY ST,SINGLE FAMILY,RESIDENTIAL,Private,Duquesne Heights,P,40.43750638432342,-80.02898645,42003191100
0006M00117A00200,1105 GRANDVIEW AVE,CONDOMINIUM,RESIDENTIAL,Private,Mount Washington,GPRB,40.437211335121674,-80.01761846,42003190300
0051A00063000000,4776 SCIOTA ST,SINGLE FAMILY,RESIDENTIAL,Private,Bloomfield,R1A-H,40.46004503389106,-79.94809436,42003080200
0014N00184000000,412 ZARA ST,SINGLE FAMILY,RESIDENTIAL,Private,Knoxville,R1D-H,40.41549297483616,-79.99592604,42003300100
0028E00079000000,149 CHESTERFIELD RD,ROWHOUSE,RESIDENTIAL,Private,West Oakland,R1A-VH,40.440009246628826,-79.96283566,42003040200
0049J00281000000,249 38TH ST,ROWHOUSE,RESIDENTIAL,Private,Lower Lawrenceville,R1A-H,40.46587917654909,-79.96271615,42003060300
0174M00069000000,1005 BLACKADORE ST,SINGLE FAMILY,RESIDENTIAL,Private,Homewood North,R2-L,40.456562086256056,-79.88338584,42003130700
0175M00003000000,7928 MADIERA ST,SINGLE FAMILY,RESIDENTIAL,Private,Homewood South,RM-M,40.4478132,-79.88664449,42003130800
0015L00254000000,504 DELMONT AVE,SINGLE FAMILY,RESIDENTIAL,City,Beltzhoover,R2-H,40.41805903072981,-80.0042961,42003562400
0047A00293000000,1134 SOUTH SIDE AVE,SINGLE FAMILY,RESIDENTIAL,Private,Spring Hill-City View,R1D-L,40.47037505512591,-79.99554423,42003262000
0004J00280000000,262 PROSPECT ST,SINGLE FAMILY,RESIDENTIAL,Private,Mount Washington,R1D-H,40.42731935671519,-80.0119567,42003191400
0045N00137000000,2357 MCCOOK ST,ROWHOUSE,RESIDENTIAL,Private,Marshall-Shadeland,R1A-VH,40.46411960826636,-80.03016137,42003271600
0054J00078000000,409 SALINE ST,SINGLE FAMILY,RESIDENTIAL,City,Greenfield,R1D-H,40.427879308941186,-79.94650414,42003151600
0124N00035000000,119 AUBURN ST,SINGLE FAMILY,RESIDENTIAL,Private,Larimer,R2-H,40.46351374854542,-79.91603867,42003120900
0062E00150000000,2637 MACKINAW AVE,TWO FAMILY,RESIDENTIAL,Private,Beechview,R1D-M,40.40013333052403,-80.02869985,42003192000
0056N00152000000,5152 BLAIR ST,ROWHOUSE,RESIDENTIAL,Private,Hazelwood,R1A-VH,40.40529501067031,-79.94644549,42003562901
0174B00224000000,0 MOUNT VERNON ST,VACANT LAND,RESIDENTIAL,Private,Homewood North,R2-L,40.46065568707676,-79.89171521,42003130700
0045J00288000000,1325 HIGHWOOD ST,SINGLE FAMILY,RESIDENTIAL,Private,Marshall-Shadeland,R1D-M,40.46726084299969,-80.03032205,42003271600
0025C00232000000,3121 PENN AVE,WAREHOUSE,INDUSTRIAL,Private,Strip District,RIV-IMU,40.46040156188482,-79.97100035,42003020300
0027B00077000000,808 BRYN MAWR RD,ROWHOUSE,RESIDENTIAL,Private,Upper Hill,R2-L,40.452236503027166,-79.96007722,42003050600
0033B00274000000,223 MARLAND ST,SINGLE FAMILY,RESIDENTIAL,Private,Knoxville,R1D-H,40.41218496876481,-79.99160931,42003300100
0049J00291000000,231 38TH ST,SINGLE FAMILY,RESIDENTIAL,Private,Lower Lawrenceville,R1A-H,40.466215288159404,-79.96310777,42003060300
0049P00122000000,328 39TH ST,ROWHOUSE,RESIDENTIAL,Private,Lower Lawrenceville,R1A-H,40.46398447991618,-79.95999043,42003060300
0040C00255000000,216 HOLLYWOOD ST,SINGLE FAMILY,RESIDENTIAL,Private,Crafton Heights,R2-L,40.44260143078913,-80.05422574,42003281500
0033J00180000000,108 ABNER AVE,SINGLE FAMILY,RESIDENTIAL,Private,Bon Air,R1D-L,40.408442617326365,-79.99766067,42003562400
COMMON GROUND, ,,,Private,South Side Flats,RIV-MU,40.539822654495715,-80.15236925,42003563800
0088B00026000000,4213 MURRAY AVE,RETL/APT'S OVER,COMMERCIAL,Private,Greenfield,LNC,40.42275617929837,-79.92857717,42003151700
0014F00292000000,307 ALLEN ST,SINGLE FAMILY,RESIDENTIAL,Private,Allentown,R1D-H,40.41967789682962,-79.99343477,42003180300
0014B00370000000,922 MANTON WAY,SINGLE FAMILY,RESIDENTIAL,Private,Allentown,R1D-H,40.42119597772748,-79.99133205,42003180300
0096M00228000000,110 AARON AVE,SINGLE FAMILY,RESIDENTIAL,Private,Overbrook,R1D-M,40.388603337822786,-79.99960241,42003320700
0174H00146000000,1075 BLACKADORE ST,SINGLE FAMILY,RESIDENTIAL,Private,Homewood North,R2-L,40.45828044632653,-79.88384128,42003130700
0097L00048000000,955 NORWICH AVE,SINGLE FAMILY,RESIDENTIAL,Private,Brookline,R1D-M,40.389056797057094,-80.02106646,42003191800
0006C00004000000,1635 GRANDVIEW AVE,SINGLE FAMILY,RESIDENTIAL,Private,Duquesne Heights,GPRB,40.440638979722806,-80.02444466,42003191100
0014E00136000000,18 CURTIN AVE,SINGLE FAMILY,RESIDENTIAL,Private,Beltzhoover,R2-H,40.420354413064366,-79.99861543,42003562400
0001D00259C51100,301 5TH AVE,CONDOMINIUM,RESIDENTIAL,Private,Central Business District,GT-A,40.441047400081246,-79.99920242,42003020100
0081A00121000000,819 54TH ST,SINGLE FAMILY,RESIDENTIAL,Private,Upper Lawrenceville,H,40.48048391055872,-79.9476889,42003101100
0040F00056000000,1570 CUMBERLAND ST,SINGLE FAMILY,RESIDENTIAL,Private,Crafton Heights,R2-L,40.43943793,-80.05817771,42003281500
0049B00066000000,175 43RD 1/2 ST,TWO FAMILY,RESIDENTIAL,Private,Central Lawrenceville,R1A-VH,40.47147522043539,-79.96084986,42003090100
0080D00227000000,5402 KEYSTONE ST,ROWHOUSE,RESIDENTIAL,Private,Upper Lawrenceville,R1A-VH,40.48176705,-79.9495524,42003101100
0014E00061000000,314 BELTZHOOVER AVE,SINGLE FAMILY,RESIDENTIAL,Private,Beltzhoover,R2-H,40.41949057,-79.99760479,42003562400
0045M00110000000,0 N CHARLES ST,VACANT LAND,RESIDENTIAL,Private,Perry South,R1D-H,40.46584893075833,-80.02018809,42003261400
0096S00029000000,68 BRIGGS ST,TWO FAMILY,RESIDENTIAL,Private,Overbrook,R1D-M,40.38664994248258,-79.99976468,42003320700
0014R00172000000,89 AMANDA AVE,OFFICE/APARTMENTS OVER,COMMERCIAL,Private,Knoxville,LNC,40.41485645186416,-79.98833279,42003300100
0056B00341000000,160 HAZELWOOD AVE,SINGLE FAMILY,RESIDENTIAL,Private,Hazelwood,R1D-H,40.411541732937714,-79.94209727,42003562300
0021N00026000000,0 GLEN MAWR ST,VACANT LAND,RESIDENTIAL,Private,Sheraden,H,40.45305159611024,-80.04869705,42003562500
0052N00257000000,415 S CRAIG ST,RETL/OFF OVER,COMMERCIAL,Private,North Oakland,OPR-B,40.444667622901356,-79.94851872,42003040400
0015L00246000000,509 GEARING AVE,SINGLE FAMILY,RESIDENTIAL,Private,Beltzhoover,R2-H,40.41776016587306,-80.00477485,42003562400
0028M00108000000,3449 PARKVIEW AVE,THREE FAMILY,RESIDENTIAL,Private,Central Oakland,R1A-H,,,
0004G00284000000,20 E SYCAMORE ST,VACANT LAND,RESIDENTIAL,Private,Mount Washington,P,40.42999633196893,-80.00366124,42003191400
0013C00014000000,25 KOSCIUSKO WAY,ROWHOUSE,RESIDENTIAL,Private,South Side Slopes,H,40.423318134161725,-79.97055019,42003160800
0054F00100000000,529 SALINE ST,RES AUX BUILDING (NO HOUSE),RESIDENTIAL,Private,Greenfield,R1D-H,40.42858748900863,-79.9445317,42003151600
0002M00205000A00,1621 FORBES ST,COMM AUX BUILDING,COMMERCIAL,Private,Bluff,UPR-A,40.43794635389374,-79.98365816,42003010302
0013C00365000000,47 STERLING ST,ROWHOUSE,RESIDENTIAL,Private,South Side Slopes,H,40.42291447731795,-79.9740363,42003160800
0013E00115000000,1621 SAINT PATRICK ST,SINGLE FAMILY,RESIDENTIAL,Private,South Side Slopes,H,40.42063953819139,-79.98245048,42003170600
0081D00203000000,124 STANTON CT W,SINGLE FAMILY,RESIDENTIAL,Private,Stanton Heights,R1D-L,40.48170202262181,-79.9352727,42003101800
0033C00161000000,326 BROWNSVILLE RD,RETL/APT'S OVER,COMMERCIAL,Private,Knoxville,LNC,40.41374130678705,-79.98880219,42003300100
0040G00256000000,102 ELMONT ST,SINGLE FAMILY,RESIDENTIAL,Private,Crafton Heights,R2-L,40.43923598222824,-80.05510839,42003281500
0006P00107000000,471 EDITH ST,SINGLE FAMILY,RESIDENTIAL,Private,Duquesne Heights,R1A-H,40.43448691158267,-80.02535793,42003191100
0006M00030120700,1000 GRANDVIEW AVE,CONDOMINIUM,RESIDENTIAL,Private,Mount Washington,GPRB,40.43729996341377,-80.01601816,42003190300
0137A00366000000,120 STEWART AVE,SINGLE FAMILY,RESIDENTIAL,Private,Carrick,R2-L,40.382541457651094,-79.98048681,42003290400
0162R00171000000,4063 VINCETON ST,SINGLE FAMILY,RESIDENTIAL,Private,Perry North,R1D-L,40.49236303833633,-80.0222334,42003260200
0004K00334000000,208 BOGGS AVE,SINGLE FAMILY,RESIDENTIAL,Private,Mount Washington,R2-H,40.42628603138305,-80.00804007,42003191400
0080P00268000000,143 46TH ST,TOWNHOUSE,RESIDENTIAL,Private,Central Lawrenceville,R1A-VH,40.47429806098096,-79.96049436,42003090100
0174C00138000000,7531 UPLAND ST,SINGLE FAMILY,RESIDENTIAL,Private,Homewood North,RM-M,40.460867390804644,-79.88893554,42003130700
0062D00344000000,2028 PIONEER AVE,SINGLE FAMILY,RESIDENTIAL,Private,Brookline,R1D-H,40.40194926144324,-80.01671328,42003191700
0014G00043000000,913 FREELAND ST,SINGLE FAMILY,RESIDENTIAL,Private,Allentown,R1D-H,40.419352689252904,-79.99017356,42003180300
0044M00034000000,2654 WOODLAND AVE,SINGLE FAMILY,RESIDENTIAL,Private,Marshall-Shadeland,R1A-H,40.46719228923009,-80.03392452,42003271600
0014R00063000000,132 ZARA ST,ROWHOUSE,RESIDENTIAL,Private,Knoxville,R1D-H,40.415663997067874,-79.98970215,42003300100
0082M00341000000,1302 N HIGHLAND AVE,SINGLE FAMILY,RESIDENTIAL,Private,Highland Park,R1D-M,40.47585901042519,-79.91750787,42003110600
0080D00309000000,5267 HOLMES ST,CONDO DEVELOPMENTAL LAND,RESIDENTIAL,Private,Upper Lawrenceville,R1A-VH,40.480398913780554,-79.9509237,42003101100
0014K00201000000,318 JUCUNDA ST,SINGLE FAMILY,RESIDENTIAL,Private,Knoxville,R1D-H,40.417021733007935,-79.99398595,42003300100
0041A00026000000,1334 PRITCHARD ST,SINGLE FAMILY,RESIDENTIAL,Private,Sheraden,H,40.452380855907364,-80.06495289,42003202200
0014R00064000000,130 ZARA ST,ROWHOUSE,RESIDENTIAL,Private,Knoxville,R1D-H,40.41566510747711,-79.98965964,42003300100
0060E00106000000,1346 NOBLES LN,SINGLE FAMILY,RESIDENTIAL,Private,Carrick,P,40.40050997638588,-79.99835752,42003290100
0004S00285000000,75 HABERMAN AVE,SINGLE FAMILY,RESIDENTIAL,Private,Mount Washington,R1D-H,40.42399263,-80.00246988,42003180700
0055P00100000000,4520 MONONGAHELA ST,SINGLE FAMILY,RESIDENTIAL,Private,Hazelwood,R1D-H,40.415899180631634,-79.94481859,42003562901
0032F00304000000,512 ENGSTLER ST,SINGLE FAMILY,RESIDENTIAL,Private,St. Clair,R2-L,40.41085255221183,-79.9758099,42003161000
0056B00017000000,4636 CHATSWORTH AVE,SINGLE FAMILY,RESIDENTIAL,Private,Hazelwood,NDI,40.41367164780256,-79.94509825,42003562901
0095M00090000000,23 BECKS RUN RD,SINGLE FAMILY,RESIDENTIAL,Private,Carrick,R1D-L,40.38824717,-79.98374091,42003290200
0097D00110000000,925 BROOKLINE BLVD,SMALL DETACHED RET(UNDER 10000),COMMERCIAL,Private,Brookline,LNC,40.39278232627461,-80.01815004,42003191900
0060K00203000000,1652 MOUNT JOSEPH ST,SINGLE FAMILY,RESIDENTIAL,Private,Carrick,R2-L,40.39787433553402,-79.99135013,42003290100
0056G00100000000,4924 GLENWOOD AVE,SINGLE FAMILY,RESIDENTIAL,Private,Hazelwood,R1A-H,40.41020204822436,-79.9406504,42003562300
0035C00012000000,1518 FALLOWFIELD AVE,TWO FAMILY,RESIDENTIAL,City,Beechview,R1D-M,40.412166378010326,-80.02412724,42003191600
0087D00168000000,6327 CROMBIE ST,SINGLE FAMILY,RESIDENTIAL,Private,Squirrel Hill South,R2-L,40.43119948790542,-79.91680403,42003140800
0020R00007000000,722 BUCYRUS ST,SINGLE FAMILY,RESIDENTIAL,Private,Elliott,R2-H,40.44533597532473,-80.04047616,42003562600
0174P00202000000,616 STERRETT ST,ROWHOUSE,RESIDENTIAL,Private,Homewood South,LNC,40.45444242689951,-79.89490019,42003130800
0013P00214000000,2108 BRENT ST,SINGLE FAMILY,RESIDENTIAL,Private,Arlington,R2-L,40.41543791943891,-79.97741102,42003161000
0040L00164000000,1403 BARR AVE,SINGLE FAMILY,RESIDENTIAL,Private,Westwood,R1D-L,40.43669505672397,-80.05495656,42003563100
0080H00013000C00,5162 NATRONA WAY,ROWHOUSE,RESIDENTIAL,Private,Upper Lawrenceville,R1A-VH,40.479060062958965,-79.9534106,42003101100
0045K00206000000,1134 RIDGELAND DR,SINGLE FAMILY,RESIDENTIAL,Private,Marshall-Shadeland,R1D-M,40.465263437804474,-80.02596878,42003271600
0013P00092000000,228 STERLING ST,SINGLE FAMILY,RESIDENTIAL,Private,Arlington,R2-L,40.415268438243686,-79.97522967,42003161000
0173L00115000000,1550 OBERLIN ST,SINGLE FAMILY,RESIDENTIAL,Private,Lincoln-Lemington-Belmar,R1D-L,40.466879148445116,-79.8898709,42003561900
0016P00284000000,1321 BEECHVIEW AVE,SINGLE FAMILY,RESIDENTIAL,Private,Beechview,R1D-M,40.415293326396494,-80.02469587,42003191600
0174G00147000000,7431 MONTICELLO ST,ROWHOUSE,RESIDENTIAL,Private,Homewood North,RM-M,40.45837867677393,-79.88956653,42003130700
0015L00057000B00,72 LAFFERTY AVE,ROWHOUSE,RESIDENTIAL,Private,Beltzhoover,R2-H,40.417598422265236,-80.00712162,42003562400
0133P00152000000,4647 WEST RUN RD,SINGLE FAMILY,RESIDENTIAL,Private,Lincoln Place,R1D-L,40.377339718660735,-79.90974175,42003310200
0010K00330000000,630 MIDTOWN SQ,SINGLE FAMILY,RESIDENTIAL,Private,Middle Hill,RM-M,40.447568526223726,-79.97543284,42003050100
0124K00184000000,185 SHETLAND ST,TWO FAMILY,RESIDENTIAL,City,Larimer,R1D-H,40.46512978672423,-79.91070414,42003120900
0050J00076000000,4827 PENN AVE,RETL/OFF OVER,COMMERCIAL,Private,Garfield,LNC,40.465486178909835,-79.9453243,42003101900
0015D00087000C00,211 KINGSBORO ST,ROWHOUSE,RESIDENTIAL,Private,Mount Washington,R1D-H,40.421900203010935,-80.00195795,42003180700
0076P00066000000,1061 SMITHTON AVE,VACANT LAND,RESIDENTIAL,Private,Marshall-Shadeland,R1D-M,40.47404198349537,-80.02729447,42003271600
0095K00233000000,2230 LUCINA AVE,SINGLE FAMILY,RESIDENTIAL,Private,Overbrook,R1D-H,40.38819495506327,-79.99266473,42003320400
0028A00362000000,244 CHESTERFIELD RD,ROWHOUSE,RESIDENTIAL,Private,West Oakland,R1A-VH,40.44102626314202,-79.96358031,42003040200
0011K00144000000,2017 TUSTIN ST,ROWHOUSE,RESIDENTIAL,Private,Bluff,UPR-B,40.43697936943862,-79.97729197,42003010302
0014N00069000000,827 ASHDALE ST,SINGLE FAMILY,RESIDENTIAL,Private,Beltzhoover,R2-H,40.415152979610134,-79.99935727,42003562400
0028N00130000000,63 LAWN ST,TWO FAMILY,RESIDENTIAL,Private,South Oakland,R1A-VH,40.43466222773741,-79.96386212,42003040900
0243B00166000000,5921 RODGERS ST,SINGLE FAMILY,RESIDENTIAL,Private,Lincoln Place,R1D-L,40.36392606578284,-79.90976976,42003310200
0174H00365000000,7741 MONTICELLO ST,SINGLE FAMILY,RESIDENTIAL,Private,Homewood North,R2-L,40.45854133,-79.88683995,42003130700
0231F00233000000,8520 DERSAM ST,SINGLE FAMILY,RESIDENTIAL,Private,East Hills,R2-L,40.459505484343644,-79.8752616,42003130600
0049C00262000000,343 46TH ST,ROWHOUSE,RESIDENTIAL,Private,Central Lawrenceville,R1A-H,40.47057176662504,-79.95534424,42003090200
0027G00045000000,4345 SCHENLEY FARMS TER,SINGLE FAMILY,RESIDENTIAL,Private,Upper Hill,R1D-L,40.45029531163808,-79.95651215,42003050600
0015K00111000000,209 TAFT AVE,SINGLE FAMILY,RESIDENTIAL,Private,Beltzhoover,R2-H,40.41858617,-80.00832877,42003562400
0014A00238000000,75 BELTZHOOVER AVE,SINGLE FAMILY,RESIDENTIAL,Private,Allentown,R1D-H,40.42292910506887,-79.99723547,42003180300
0057G00344000000,120 ALLUVIAN ST,SINGLE FAMILY,RESIDENTIAL,Private,Glen Hazel,P,40.40056772,-79.93723618,42003562300
0137E00155000000,148 OWENDALE AVE,SINGLE FAMILY,RESIDENTIAL,Private,Carrick,R2-L,40.381110250684166,-79.98121295,42003290400
0050G00239000000,5149 HILLCREST ST,SINGLE FAMILY,RESIDENTIAL,Private,Garfield,R1D-H,40.46872021751856,-79.94041036,42003101900
0060E00209000000,1317 NOBLES LN,SINGLE FAMILY,RESIDENTIAL,Private,Carrick,R2-L,40.40057641713578,-79.99759843,42003290100
0040C00159000000,508 STRATMORE ST,SINGLE FAMILY,RESIDENTIAL,Private,Crafton Heights,R2-L,40.441651816081674,-80.05682092,42003281500
0026K00051000000,3435 RIDGWAY ST,SINGLE FAMILY,RESIDENTIAL,Private,Polish Hill,H,40.45712024394831,-79.96068206,42003060500
0051B00242000000,371 S EVALINE ST,ROWHOUSE,RESIDENTIAL,Private,Bloomfield,R1D-M,40.46015467792078,-79.94153477,42003080600
0173A00147000000,6983 LEMINGTON AVE,ROWHOUSE,RESIDENTIAL,Private,Lincoln-Lemington-Belmar,RM-M,40.471813858736404,-79.89817879,42003561900
0174F00227000000,7225 RACE ST,SINGLE FAMILY,RESIDENTIAL,Private,Homewood North,R2-L,40.45873723802452,-79.8943903,42003130200
0135H00123000000,630 CALERA ST,SINGLE FAMILY,RESIDENTIAL,Private,Hays,R2-L,40.38172421750197,-79.93374327,42003565300
0054R00256000000,752 GREENFIELD AVE,TWO FAMILY,RESIDENTIAL,Private,Greenfield,R1D-H,40.42478986218713,-79.93815648,42003151700
0006R00371000000,313 ONEIDA ST,SINGLE FAMILY,RESIDENTIAL,Private,Duquesne Heights,R1D-M,40.43331772,-80.02033882,42003191100
0046K00257000000,253 SEABRIGHT ST,TWO FAMILY,RESIDENTIAL,Private,Perry South,R1D-H,40.466391295671194,-80.00837155,42003261400
0174R00047000000,716 N BRADDOCK AVE,ROWHOUSE,RESIDENTIAL,Private,Homewood South,RM-M,40.454563474026784,-79.89033012,42003130800
0173E00092000000,1363 MONTEZUMA ST,SINGLE FAMILY,RESIDENTIAL,Private,Lincoln-Lemington-Belmar,RM-M,40.46894441158564,-79.89797511,42003120300
0174F00060000000,7216 HERMITAGE ST,SINGLE FAMILY,RESIDENTIAL,Private,Homewood North,R2-L,40.45982237384685,-79.8944484,42003130200
0003L00099000000,1101 SARAH ST,SINGLE FAMILY,RESIDENTIAL,Private,South Side Flats,R1A-VH,40.42785748517605,-79.98739333,42003170200
0080D0011400AB00,5239 NATRONA WAY,SINGLE FAMILY,RESIDENTIAL,Private,Upper Lawrenceville,R1A-VH,,,
0004E00191000000,436 BELONDA ST,SINGLE FAMILY,RESIDENTIAL,Private,Mount Washington,R1D-H,40.42849645733304,-80.01359461,42003191400
0138D00203000000,247 MERRITT AVE,SINGLE FAMILY,RESIDENTIAL,Private,Carrick,R2-L,40.38337244557961,-79.98410138,42003290400
0014B00227000000,813 EXCELSIOR ST,SINGLE FAMILY,RESIDENTIAL,Private,Allentown,R1D-H,40.423039762893566,-79.9931262,42003180300
0172R00162000000,7143 VERONA BLVD,SINGLE FAMILY,RESIDENTIAL,Private,Lincoln-Lemington-Belmar,R1D-L,40.47447460678072,-79.8878467,42003561900
0041C00226000000,2838 FRONTENAC ST,SINGLE FAMILY,RESIDENTIAL,Private,Crafton Heights,R2-L,40.45168102242412,-80.05625537,42003281400
0175J00216000000,122 S BRADDOCK AVE,ROWHOUSE,RESIDENTIAL,Private,Point Breeze,R2-L,40.44652484,-79.89568837,42003141200
0013H00014000000,2802 BURHAM ST,SINGLE FAMILY,RESIDENTIAL,Private,South Side Slopes,R1D-H,40.420597747109476,-79.96903593,42003160800
0070J00054000000,415 FAIRYWOOD ST,VACANT LAND,RESIDENTIAL,Private,Fairywood,R1D-L,40.44735220737091,-80.08023115,42003563000
0080D00119000000,5233 NATRONA WAY,ROWHOUSE,RESIDENTIAL,Private,Upper Lawrenceville,R1A-VH,40.48041064744519,-79.95273669,42003101100
0052S00022000000,5318 BEELER ST,SINGLE FAMILY,RESIDENTIAL,Private,Squirrel Hill North,R1D-L,40.44523728252447,-79.93336758,42003140100
0124H00190000000,1250 PAULSON AVE,SINGLE FAMILY,RESIDENTIAL,Private,Lincoln-Lemington-Belmar,RM-M,40.46850610307134,-79.90136829,42003120300
0076K00228000000,3230 ROTHPLETZ ST,SINGLE FAMILY,RESIDENTIAL,Private,Marshall-Shadeland,R1D-H,40.476370855989856,-80.02768164,42003271600
0024C00079000000,1357 DIANA ST,SINGLE FAMILY,RESIDENTIAL,Private,Spring Hill-City View,R1A-H,40.462078397895205,-79.9893185,42003262000
0044H00258000000,2806 CALIFORNIA AVE,ROWHOUSE,RESIDENTIAL,Private,Marshall-Shadeland,R1A-H,40.46897117278362,-80.03540423,42003271600
0049A00036000A00,129 42ND ST,SINGLE FAMILY,RESIDENTIAL,Private,Central Lawrenceville,R1A-VH,40.471784394015685,-79.96259511,42003090100
0042D00322000000,0 JOSLYN ST,VACANT LAND,RESIDENTIAL,Private,Sheraden,H,40.46038667886932,-80.05333978,42003562500
0080P00246000000,4629 PLUMMER ST,ROWHOUSE,RESIDENTIAL,Private,Central Lawrenceville,R1A-VH,40.47437433317016,-79.95978983,42003090100
0174E00030000000,7138 MONTICELLO ST,TWO FAMILY,RESIDENTIAL,Private,Homewood North,R2-L,40.45954649303304,-79.89644056,42003130200
0015L00258000000,512 DELMONT AVE,SINGLE FAMILY,RESIDENTIAL,Private,Beltzhoover,R2-H,40.41777773637735,-80.00426084,42003562400
0019S00127000000,176 WABASH ST,SINGLE FAMILY,RESIDENTIAL,Private,West End,LNC,40.43520464063677,-80.03309477,42003562600
0042S00319000000,2767 MERWYN AVE,SINGLE FAMILY,RESIDENTIAL,Private,Sheraden,R1D-H,40.45508243639474,-80.05038879,42003562500
0040S00159000000,1325 PRESTON ST,SINGLE FAMILY,RESIDENTIAL,Private,Westwood,R1D-L,40.43543467405077,-80.05325113,42003563100
0174B00216000000,7309 MOUNT VERNON ST,ROWHOUSE,RESIDENTIAL,Private,Homewood North,R2-L,40.46074549520173,-79.89212913,42003130700
0045N00151000000,2334 ATMORE ST,ROWHOUSE,RESIDENTIAL,Private,Marshall-Shadeland,R1A-VH,40.463221886874194,-80.03030847,42003271600
0035S00272000000,1914 WOODWARD AVE,SINGLE FAMILY,RESIDENTIAL,Private,Brookline,R1D-H,40.404258122441796,-80.01757867,42003191700
0004A00206000000,224 BERTHA ST,SINGLE FAMILY,RESIDENTIAL,Private,Mount Washington,R2-H,40.43187467,-80.01222529,42003190300
0003M00343000A00,131 S 12TH ST,ROWHOUSE,RESIDENTIAL,Private,South Side Flats,R1A-VH,40.42647467124485,-79.98612374,42003170200
0051E00227010300,622 GROSS ST,CONDOMINIUM,RESIDENTIAL,Private,Bloomfield,R2-H,40.45814064229013,-79.94645578,42003080400
0080D00320000A00,521 53RD ST,ROWHOUSE,RESIDENTIAL,Private,Upper Lawrenceville,R1A-VH,40.48074073068959,-79.95026592,42003101100
0012K00154000000,118 S 21ST ST,SINGLE FAMILY,RESIDENTIAL,Private,South Side Flats,R1A-VH,40.42733087751126,-79.9766118,42003170200
0029D00032000000,3266 DAWSON ST,SINGLE FAMILY,RESIDENTIAL,Private,South Oakland,R1A-H,40.431606129933975,-79.95351584,42003040900
0014P00120000000,247 ROCHELLE ST,SINGLE FAMILY,RESIDENTIAL,Private,Knoxville,R1D-H,40.41519643103427,-79.99275213,42003300100
0035L00258000000,1816 FAIRACRES AVE,TWO FAMILY,RESIDENTIAL,Private,Beechview,R1D-M,40.40698225,-80.02081043,42003192000
0001E00130000100,210 W STATION SQUARE DR,COMM AUX BUILDING,COMMERCIAL,Private,South Shore,SP-4,40.43444948149091,-80.00478471,42003980700
0010C00027000000,2528 BEDFORD AVE,SINGLE FAMILY,RESIDENTIAL,Private,Bedford Dwellings,RM-M,40.45061915696771,-79.97179371,42003050900
0003M00110000000,65 S 14TH ST,SINGLE FAMILY,RESIDENTIAL,Private,South Side Flats,R1A-VH,40.427872397480904,-79.9838891,42003170200
0040M00029000000,1882 NOBLESTOWN RD,SINGLE FAMILY,RESIDENTIAL,Private,Westwood,R1D-L,40.43617447056639,-80.05251669,42003563100
0013J00110000000,1920 ARLINGTON AVE,SINGLE FAMILY,RESIDENTIAL,Private,Arlington,RM-M,40.417597502621845,-79.97981281,42003161000
0033C00089000000,170 KNOX AVE,TWO FAMILY,RESIDENTIAL,Private,Knoxville,R1D-H,40.41298718,-79.99029443,42003300100
0003L00194000000,948 PRETENSE WAY,TOWNHOUSE,RESIDENTIAL,Private,South Side Flats,NDI,40.42669497132511,-79.98869821,42003170200
0014P00210000000,311 BAUSMAN ST,SINGLE FAMILY,RESIDENTIAL,Private,Knoxville,R1D-H,40.41447800627203,-79.99356681,42003300100
0014G00193000000,911 CLIMAX ST,SINGLE FAMILY,RESIDENTIAL,Private,Allentown,R1D-H,40.420180741246895,-79.98993179,42003180300
0085N00215000000,5532 WILKINS AVE,SINGLE FAMILY,RESIDENTIAL,Private,Squirrel Hill North,R2-L,40.444571897826044,-79.92932218,42003140100
0013L00064000000,2316 SALISBURY ST,SINGLE FAMILY,RESIDENTIAL,Private,South Side Slopes,R1D-H,40.41867604871991,-79.97328001,42003160800
0173G00172000000,7335 SOMERSET ST,SINGLE FAMILY,RESIDENTIAL,Private,Lincoln-Lemington-Belmar,R1D-L,40.46791243553755,-79.8900247,42003561900
0080P00088000A00,189 LOCARNA WAY,SINGLE FAMILY,RESIDENTIAL,Private,Central Lawrenceville,R1A-VH,40.47220588638688,-79.95988535,42003090100
0046J00248000000,303 ELSDON ST,SINGLE FAMILY,RESIDENTIAL,Private,Perry South,R1D-H,40.466810353620424,-80.01349128,42003261400
0015D00298000000,414 KINGSBORO ST,SINGLE FAMILY,RESIDENTIAL,Private,Beltzhoover,R2-H,40.42156813864064,-79.99991245,42003562400
0091S00098000000,4548 MAPLEDALE DR,SINGLE FAMILY,RESIDENTIAL,Private,New Homestead,R1D-L,40.38625821276019,-79.9187709,42003565300
0119S00177000000,5413 BUTLER ST,RETL/APT'S OVER,COMMERCIAL,Private,Upper Lawrenceville,RIV-MU,40.483280660550214,-79.95092244,42003101100
0086M00118000000,1726 DENNISTON ST,SINGLE FAMILY,RESIDENTIAL,Private,Squirrel Hill South,R2-L,40.437351091520675,-79.91785652,42003140800
0124S00044000000,6728 DEARY ST,SINGLE FAMILY,RESIDENTIAL,Private,Lincoln-Lemington-Belmar,RM-M,40.46444974977672,-79.90176983,42003120300
0042P00164000000,3016 CHARTIERS AVE,VACANT COMMERCIAL LAND,COMMERCIAL,Private,Sheraden,LNC,40.454477075408725,-80.05907596,42003202200
0040C00110000000,500 STRATMORE ST,SINGLE FAMILY,RESIDENTIAL,Private,Crafton Heights,R2-L,40.441347111824726,-80.05659088,42003281500
0004A00128000000,219 MERRIMAC ST,SINGLE FAMILY,RESIDENTIAL,Private,Mount Washington,R1D-H,40.432297007393174,-80.01333261,42003190300
0013K00091000000,2021 NORTE WAY,SINGLE FAMILY,RESIDENTIAL,Private,Arlington,R2-L,40.417694043554796,-79.97763975,42003161000
0015D00122000000,73 PASADENA ST,SINGLE FAMILY,RESIDENTIAL,Private,Mount Washington,R1D-H,40.42308404242357,-80.00149306,42003180700
0116E00209000000,3825 EAST ST,SINGLE FAMILY,RESIDENTIAL,City,Perry North,R1D-M,40.488292685486634,-80.01606944,42003260700
0087S00226000000,2880 FERNWALD RD,SINGLE FAMILY,RESIDENTIAL,Private,Squirrel Hill South,R1D-L,40.42446378174872,-79.9170205,42003141400
0050S00229000000,116 S GRAHAM ST,TWO FAMILY,RESIDENTIAL,Private,Bloomfield,R2-M,40.463958057068396,-79.93567434,42003080900
0033E00148000000,114 TARRAGONNA ST,SINGLE FAMILY,RESIDENTIAL,Private,Bon Air,R1D-L,40.40970750742022,-79.99707548,42003562400
0120K00147000000,6010 BUTLER ST,ROWHOUSE,RESIDENTIAL,Private,Stanton Heights,UI,40.48619333598816,-79.94275229,42003101800
0076K00102000000,3207 CENTRAL AVE,SINGLE FAMILY,RESIDENTIAL,Private,Marshall-Shadeland,R1D-H,40.475055079378166,-80.02786533,42003271600
0020L00027000000,1047 LAKEWOOD ST,SINGLE FAMILY,RESIDENTIAL,Private,Elliott,R2-H,40.44595581438431,-80.0404354,42003562600
0133K00143000000,4627 PLAPORT ST,SINGLE FAMILY,RESIDENTIAL,Private,Lincoln Place,R1D-L,40.37776775987804,-79.90953908,42003310200
0015M00278000000,400 CHALFONT ST,SINGLE FAMILY,RESIDENTIAL,Private,Beltzhoover,R2-H,40.41644207905372,-80.00023393,42003562400
0174R00308000000,7734 KELLY ST,SINGLE FAMILY,RESIDENTIAL,Private,Homewood South,RM-M,40.45316657178365,-79.88746125,42003130800
0174F00023000000,7341 HERMITAGE ST,SINGLE FAMILY,RESIDENTIAL,Private,Homewood North,R2-L,40.45950748727286,-79.89121593,42003130200
0030N00050000000,2945 DEVLIN ST,SINGLE FAMILY,RESIDENTIAL,Private,Arlington,R2-L,40.41521513160402,-79.96547756,42003161000
0040C00160000000,510 STRATMORE ST,ROWHOUSE,RESIDENTIAL,Private,Crafton Heights,R2-L,40.441735233632876,-80.05687201,42003281500
0049M00119000000,4568 PENN AVE,SMALL DETACHED RET(UNDER 10000),COMMERCIAL,Private,Bloomfield,LNC,40.465728699635534,-79.94979157,42003090300
0026B00049000000,3904 LIBERTY AVE,SINGLE FAMILY,RESIDENTIAL,Private,Lower Lawrenceville,R1A-H,40.46228599942903,-79.95901965,42003060300
0077B00176000000,3424 TALCO ST,SINGLE FAMILY,RESIDENTIAL,Private,Perry North,H,40.481675787650666,-80.00915671,42003260700
0084L00020000000,263 EMERSON ST,SINGLE FAMILY,RESIDENTIAL,Private,Shadyside,R1A-H,40.45752081517131,-79.92321234,42003070800
0173R00009000000,1320 OAKDENE ST,SINGLE FAMILY,RESIDENTIAL,Private,Lincoln-Lemington-Belmar,R1D-L,40.46251147633403,-79.89058361,42003561900
0138F00225000000,121 ODETTE ST,SINGLE FAMILY,RESIDENTIAL,Private,Overbrook,R1D-H,40.38148833342495,-79.99263922,42003320400
0050J00017000000,4817 BROAD ST,ROWHOUSE,RESIDENTIAL,Private,Garfield,R1A-H,40.46707834431988,-79.94535799,42003101900
0121G00127000000,2004 JANCEY ST,VACANT LAND,RESIDENTIAL,Private,Morningside,H,40.48803710918143,-79.92374223,42003101400
0134A00113000000,642 MIFFLIN RD,SINGLE FAMILY,RESIDENTIAL,Private,Hays,R2-L,40.382296293120724,-79.92926346,42003565300
0080G00064000000,184 49TH ST,SINGLE FAMILY,RESIDENTIAL,Private,Central Lawrenceville,R1A-VH,40.477345285516925,-79.95764169,42003090100
0002D00256000000,1504 CENTRE AVE,PUBLIC PARK,GOVERNMENT,City,Crawford-Roberts,RP,40.440969426536746,-79.98565254,42003030500
0174K00136000000,7401 FRANKSTOWN AVE,RETL/STOR OVER,COMMERCIAL,Private,Homewood North,RM-M,40.45659735463618,-79.89166682,42003130200
0039D00013000000,1752 WARRIORS RD,SINGLE FAMILY,RESIDENTIAL,Private,Westwood,R1D-L,40.432389656149816,-80.0495976,42003563100
0174A00055000000,7143 MOUNT VERNON ST,SINGLE FAMILY,RESIDENTIAL,Private,Homewood North,R2-L,40.461831506624016,-79.89555608,42003130700
0056K00203000000,129 E ELIZABETH ST,SINGLE FAMILY,RESIDENTIAL,Private,Hazelwood,R1D-M,40.407532998169444,-79.94210816,42003562300
0231B00157000000,8609 PERSHING ST,SINGLE FAMILY,RESIDENTIAL,Private,East Hills,R2-L,40.46115017009424,-79.87599197,42003130600
0049M00288000000,4433 HOWLEY ST,OFFICE/WAREHOUSE,COMMERCIAL,Private,Bloomfield,LNC,40.465040510167064,-79.95201234,42003090300
0175D00134000000,7923 TACOMA ST,TWO FAMILY,RESIDENTIAL,City,Homewood South,RM-M,40.45076268764719,-79.88545143,42003130800
0001H00181000000,223 4TH AVE,CONDOMINIUM UNIT,COMMERCIAL,Private,Central Business District,GT-A,40.43989849678191,-80.00217263,42003020100
0013D00153000000,2710 MISSION ST,SINGLE FAMILY,RESIDENTIAL,Private,South Side Slopes,R1D-H,40.42197772763646,-79.96897423,42003160800
0016K00051000000,1213 BELASCO AVE,VACANT LAND,RESIDENTIAL,Private,Beechview,R1D-H,40.41698408,-80.02713716,42003191600
0035F00087000000,1534 BELASCO AVE,SINGLE FAMILY,RESIDENTIAL,Private,Beechview,R1D-H,40.41083374842391,-80.02773486,42003191600
0060R00298000000,1935 WESTMONT AVE,SINGLE FAMILY,RESIDENTIAL,Private,Carrick,R2-L,40.394756497664915,-79.98750245,42003290100
0026K00328000000,3531 MILWAUKEE ST,SINGLE FAMILY,RESIDENTIAL,Private,Upper Hill,R2-L,40.45570401352377,-79.95971078,42003050600
0095K00209000000,2265 WALTON AVE,SINGLE FAMILY,RESIDENTIAL,Private,Overbrook,R1D-H,40.38746893750111,-79.99288275,42003320400
0003S00029000000,115 SAINT JOSEPH WAY,SINGLE FAMILY,RESIDENTIAL,Private,South Side Slopes,H,40.42399954564747,-79.98575789,42003170600
0174E00060000C00,7028 MONTICELLO ST,VACANT LAND,RESIDENTIAL,City,Homewood North,R2-L,40.459740465959975,-79.89939461,42003130700
0045K00230000000,1111 RIDGELAND DR,SINGLE FAMILY,RESIDENTIAL,Private,Marshall-Shadeland,R1D-M,40.46577890522842,-80.02548851,42003271600
0056L00210000000,446 E ELIZABETH ST,SINGLE FAMILY,RESIDENTIAL,Private,Hazelwood,R1D-M,40.40713743144501,-79.93691375,42003562300
0139M00075000000,2644 LIBRARY RD,SINGLE FAMILY,RESIDENTIAL,Private,Overbrook,HC,40.37965846792948,-80.00122397,42003320700
0049E00071000000,187 38TH ST,ROWHOUSE,RESIDENTIAL,Private,Lower Lawrenceville,R1A-VH,40.46756566,-79.96488919,42003060300
0014N00193000000,407 ROCHELLE ST,SINGLE FAMILY,RESIDENTIAL,Private,Knoxville,R1D-H,40.41516680618467,-79.99556435,42003300100
0030E00268000000,3217 EDWARDS WAY,SINGLE FAMILY,RESIDENTIAL,Private,South Side Slopes,R2-L,40.420705054197015,-79.96305907,42003160800
0015D00242000000,410 EDGEMONT ST,SINGLE FAMILY,RESIDENTIAL,Private,Mount Washington,R1D-H,40.42222524099146,-80.00020419,42003180700
0138D00064000000,365 MAYTIDE ST,SINGLE FAMILY,RESIDENTIAL,Private,Carrick,R2-L,40.38431189404067,-79.98674931,42003290400
0010R00103000000,2401 REED ST,COMMERCIAL GARAGE,COMMERCIAL,Private,Middle Hill,LNC,40.44535985129822,-79.97157886,42003050100
0138H00185000000,790 STEWART AVE,VACANT LAND,RESIDENTIAL,Private,Overbrook,P,40.381729717112975,-79.98698925,42003320400
0124M00319000000,6640 HEDGE ST,SINGLE FAMILY,RESIDENTIAL,Private,Lincoln-Lemington-Belmar,RM-M,40.466389900828986,-79.90144986,42003120300
0076E00053000000,1148 WOODS RUN AVE,SINGLE FAMILY,RESIDENTIAL,Private,Brighton Heights,H,40.477078366904905,-80.03026619,42003270800
0045R00018000000,1102 SUCCESS ST,SINGLE FAMILY,RESIDENTIAL,Private,California-Kirkbride,RM-M,40.463158585368426,-80.02379265,42003565200
0019C00143000000,736 JANEWOOD WAY,SINGLE FAMILY,RESIDENTIAL,Private,Elliott,R1A-H,40.44226537925315,-80.03922552,42003562600
0014N00131000000,420 CHARLES ST,SINGLE FAMILY,RESIDENTIAL,Private,Knoxville,R1D-H,40.41620976,-79.99663316,42003300100
0056F00340000000,132 HAZELWOOD AVE,SINGLE FAMILY,RESIDENTIAL,Private,Hazelwood,R1D-H,40.411300229285864,-79.94355307,42003562300
0014P00257000000,238 BAUSMAN ST,SINGLE FAMILY,RESIDENTIAL,City,Knoxville,R1D-H,40.41409852392989,-79.99238665,42003300100
0033B00102000000,112 REDLYN ST,SINGLE FAMILY,RESIDENTIAL,Private,Knoxville,R1D-H,40.41296763783601,-79.99168123,42003300100
0024C00141000000,1254 HIGH ST,ROWHOUSE,RESIDENTIAL,Private,Spring Garden,R1D-M,40.46130745132006,-79.98974563,42003241300
0013H00012000000,2715 BURHAM ST,SINGLE FAMILY,RESIDENTIAL,Private,South Side Slopes,R1D-H,40.42087574272037,-79.96934415,42003160800
0014J00218000000,520 CEDARHURST ST,SINGLE FAMILY,RESIDENTIAL,Private,Beltzhoover,R2-H,40.418100304126376,-79.99791733,42003562400
0075D00276000000,3558 GERBER AVE,SINGLE FAMILY,RESIDENTIAL,Private,Brighton Heights,R1D-M,40.48110870058839,-80.03318974,42003270300
0049B00130000B00,185 BANNER WAY,ROWHOUSE,RESIDENTIAL,Private,Central Lawrenceville,R1A-VH,40.47039542858262,-79.9615188,42003090100
0174L00073000000,817 N BRADDOCK AVE,TOWNHOUSE,RESIDENTIAL,Private,Homewood South,RM-M,40.45568909106274,-79.89044267,42003130800
COMMON GROUND, ,,,Private,South Side Flats,RIV-MU,40.539822654495715,-80.15236925,42003563800
0061P00145000000,1229 GALLUPE DR,SINGLE FAMILY,RESIDENTIAL,Private,Brookline,R1D-L,40.39506810552161,-80.01023658,42003320600
0014L00275000000,1034 MOUNT OLIVER ST,SINGLE FAMILY,RESIDENTIAL,Private,South Side Slopes,RM-M,40.41840608109615,-79.98721831,42003170600
0014L00163000000,102 JUCUNDA ST,ROWHOUSE,RESIDENTIAL,Private,Knoxville,R1D-H,40.41717752612459,-79.98830196,42003300100
0027B00274000000,739 CHEROKEE ST,ROWHOUSE,RESIDENTIAL,Private,Upper Hill,R2-L,40.45198880033748,-79.96181759,42003050600
0045B00160000000,3008 STAYTON ST,COMMERCIAL GARAGE,COMMERCIAL,Private,Marshall-Shadeland,LNC,40.47226422361261,-80.02795896,42003271600
0016P00049000000,1326 BELASCO AVE,SINGLE FAMILY,RESIDENTIAL,Private,Beechview,R1D-H,40.41510212003796,-80.0279558,42003191600
0004F00306000000,164 VIRGINIA AVE,SINGLE FAMILY,RESIDENTIAL,Private,Mount Washington,LNC,40.43075655862152,-80.00920644,42003191400
0040C00162000000,514 STRATMORE ST,ROWHOUSE,RESIDENTIAL,Private,Crafton Heights,R2-L,40.44181957608776,-80.05692202,42003281500
0174R00330000000,7724 FLEURY WAY,THREE FAMILY,RESIDENTIAL,Private,Homewood South,RM-M,40.45376627,-79.88758629,42003130800
0138F00181000000,730 HORNING ST,SINGLE FAMILY,RESIDENTIAL,Private,Overbrook,R1D-H,40.38216030849555,-79.99244927,42003320400
0014C00303000A00,1002 E WARRINGTON AVE,SINGLE FAMILY,RESIDENTIAL,Private,South Side Slopes,R1A-VH,40.42176513554752,-79.98809098,42003170600
0014N00205000000,431 ROCHELLE ST,SINGLE FAMILY,RESIDENTIAL,Private,Knoxville,R1D-H,40.41513587973492,-79.9967375,42003300100
0014P00234000000,332 BAUSMAN ST,SINGLE FAMILY,RESIDENTIAL,Private,Knoxville,R1D-H,40.41403366559456,-79.99453529,42003300100
0035F00209000000,1548 METHYL ST,SINGLE FAMILY,RESIDENTIAL,Private,Beechview,R1D-H,40.410809068715146,-80.0259292,42003191600
0005C00089000000,456 ONEIDA ST,SINGLE FAMILY,RESIDENTIAL,Private,Duquesne Heights,R1D-M,40.43117753695477,-80.02148931,42003191100
0060B00106000000,23 MINOOKA ST,SINGLE FAMILY,RESIDENTIAL,Private,Carrick,R2-L,40.40402138147125,-79.9913124,42003290100
0174M00055000000,1033 BLACKADORE ST,SINGLE FAMILY,RESIDENTIAL,Private,Homewood North,R2-L,40.457305252681074,-79.88344369,42003130700
0071S00158000000,1305 NOKOMIS ST,SINGLE FAMILY,RESIDENTIAL,Private,Sheraden,R1D-M,40.454606038534436,-80.06797125,42003202200
0033B00306000000,223 MOORE AVE,SINGLE FAMILY,RESIDENTIAL,Private,Knoxville,R1D-H,40.411625072154465,-79.99180789,42003300100
0124L00199000000,6615 ROWAN ST,VACANT LAND,RESIDENTIAL,City,Lincoln-Lemington-Belmar,RM-M,40.465175354642184,-79.9037704,42003120300
0055S00224000000,246 BLACKSTONE ST,SINGLE FAMILY,RESIDENTIAL,Private,Hazelwood,R2-L,40.41596238225556,-79.9345003,42003562300
0005K00020000000,1413 WOODRUFF ST,VACANT LAND,RESIDENTIAL,Private,Duquesne Heights,UI,40.427536649254726,-80.02456098,42003191100
0019H00234000000,31 NOBLESTOWN RD,TWO FAMILY,RESIDENTIAL,Private,West End,LNC,40.43957153596495,-80.03494488,42003562600
0051B00243000000,371 S EVALINE ST,ROWHOUSE,RESIDENTIAL,Private,Bloomfield,R1D-M,40.46019574991686,-79.94152993,42003080600
0096A00110000000,1063 BROOKLINE BLVD,COMM AUX BUILDING,COMMERCIAL,Private,Brookline,LNC,40.39207749391043,-80.01576128,42003191900
0015M00068000000,416 CEDARHURST ST,SINGLE FAMILY,RESIDENTIAL,Private,Beltzhoover,R2-H,40.418067524924105,-79.99957294,42003562400
0012N00012000000,183 S 16TH ST,VACANT LAND,RESIDENTIAL,Private,South Side Flats,R1A-VH,40.42591083154591,-79.98274944,42003170200
0125D00106000000,0 HERMITAGE ST,VACANT LAND,RESIDENTIAL,City,Homewood North,R2-L,40.46099690750574,-79.89954473,42003130700
0033E00137000000,120 REIFERT ST,SINGLE FAMILY,RESIDENTIAL,Private,Bon Air,R1D-L,40.40908509474454,-79.99727575,42003562400
0175D00301000000,610 SINGER PL,SINGLE FAMILY,RESIDENTIAL,Private,East Hills,RM-M,40.45151119676032,-79.88311508,42003130600
0035R00311000000,1840 FAIRACRES AVE,SINGLE FAMILY,RESIDENTIAL,Private,Beechview,R1D-M,40.40653748,-80.02076387,42003192000
0046J00280000000,229 CHESTER AVE,SINGLE FAMILY,RESIDENTIAL,City,Perry South,R1D-H,40.46702374415573,-80.01279422,42003261400
0039L00145000000,2510 BALDWICK RD,DRY CLEANING PLANTS/LAUNDRIES,COMMERCIAL,Private,Oakwood,LNC,40.42730486248441,-80.05728844,42003562800
0056L00024000000,5018 GLENWOOD AVE,VACANT LAND,RESIDENTIAL,Private,Hazelwood,R1D-M,40.40854330729632,-79.94031221,42003562300
0028L00227000000,370 ATWOOD ST,"RESTAURANT, CAFET AND/OR BAR",COMMERCIAL,Private,Central Oakland,R-MU,40.438034680230906,-79.9541906,42003040500
0033P00333000000,34 MINOOKA ST,SINGLE FAMILY,RESIDENTIAL,Private,Carrick,R2-L,40.40425654153649,-79.99211974,42003290100
0012M00136000000,97 S 25TH ST,ROWHOUSE,RESIDENTIAL,Private,South Side Flats,R2-VH,40.42717074969519,-79.96989152,42003160900
0004P00158000000,201 SOUTHERN AVE,SINGLE FAMILY,RESIDENTIAL,Private,Mount Washington,R2-H,40.42411579013595,-80.01050895,42003191500
0015D00087000B00,213 KINGSBORO ST,ROWHOUSE,RESIDENTIAL,Private,Mount Washington,R1D-H,40.421902124407694,-80.00189921,42003180700
0095L00285000000,424 ARISTON AVE,SINGLE FAMILY,RESIDENTIAL,Private,Carrick,R1D-L,40.38727524,-79.99077623,42003290400
0004A00082000000,223 AMABELL ST,SINGLE FAMILY,RESIDENTIAL,Private,Mount Washington,R1D-H,40.43224506427529,-80.01422748,42003190300
0067P00062000000,721 DOOLITTLE ST,SINGLE FAMILY,RESIDENTIAL,Private,East Carnegie,R2-L,40.41463921335472,-80.07560221,42003562800
0003L00434000000,1106 BRADISH ST,BUILDERS LOT,RESIDENTIAL,Private,South Side Flats,R1A-VH,40.426976425970494,-79.98713848,42003170200
0124S00064000000,6731 ROWAN ST,SINGLE FAMILY,RESIDENTIAL,Private,Lincoln-Lemington-Belmar,RM-M,40.464145208517586,-79.90203334,42003120300
0013D00054000000,71 BARRY ST,SINGLE FAMILY,RESIDENTIAL,Private,South Side Slopes,H,40.42298344180402,-79.97003418,42003160800
0175A00010000000,7308 SUSQUEHANNA ST,SINGLE FAMILY,RESIDENTIAL,Private,Homewood South,R1A-VH,40.45271648868471,-79.89629429,42003130800
0003M00353000000,48 ENON WAY,SINGLE FAMILY,RESIDENTIAL,Private,South Side Flats,R1A-VH,40.426142411160825,-79.98590955,42003170200
0010D00253000000,641 HOLLACE ST,ROWHOUSE,RESIDENTIAL,Private,Middle Hill,RM-M,40.450841114442454,-79.96820141,42003050100
0003H00111000000,25 S 14TH ST,SINGLE FAMILY,RESIDENTIAL,Private,South Side Flats,LNC,40.429213923523015,-79.98390716,42003170200
0033F00013000000,236 MOORE AVE,SINGLE FAMILY,RESIDENTIAL,Private,Knoxville,R1D-M,40.41125138455602,-79.99216938,42003300100
0001C01662141100,320 FORT DUQUESNE BLVD,CONDOMINIUM,RESIDENTIAL,Private,Central Business District,GT-D,40.44252001584331,-80.00688054,42003020100
0015S00193000000,825 ELDORA PL,SINGLE FAMILY,RESIDENTIAL,Private,Beltzhoover,R2-H,40.41512669684194,-80.00103004,42003562400
0005L00147000000,1459 WOODRUFF ST,COMM AUX BUILDING,COMMERCIAL,Private,Duquesne Heights,UI,40.42816346523495,-80.02415335,42003191100
0014M00022000000,2801 S 18TH ST,COMMERCIAL GARAGE,COMMERCIAL,Private,South Side Slopes,P,40.41810308477303,-79.98602464,42003170600
0077P00098000000,2647 MAPLE AVE,TWO FAMILY,RESIDENTIAL,Private,Perry South,H,40.47252163,-80.00866082,42003261500
0041E00236000000,5 JENKINS ST,SINGLE FAMILY,RESIDENTIAL,Private,Windgap,R2-L,40.44878446556515,-80.06439292,42003563000
0049C00136000000,278 46TH ST,ROWHOUSE,RESIDENTIAL,Private,Central Lawrenceville,R1A-H,40.47112342080311,-79.95670645,42003090200
0024B00061000000,1025 HASLAGE AVE,"CHURCHES, PUBLIC WORSHIP",COMMERCIAL,Private,Spring Hill-City View,R1D-M,40.46163595920083,-79.99431517,42003262000
0022C00151000000,0 LAMONT ST,VACANT LAND,RESIDENTIAL,Private,California-Kirkbride,P,40.460343687387535,-80.02068184,42003565200
0049L00340000000,4040 PENN AVE,SINGLE FAMILY,RESIDENTIAL,Private,Bloomfield,LNC,40.46520294955251,-79.95623645,42003090300
0033F00329000000,313 MCKINLEY ST,SINGLE FAMILY,RESIDENTIAL,Private,Knoxville,R1D-M,40.40960495118751,-79.99391146,42003300100
0010L00335000000,2509 HALLETT ST,SINGLE FAMILY,RESIDENTIAL,Private,Middle Hill,RM-M,40.447418360874266,-79.97036753,42003050100
0001N00312000000,150 ULYSSES ST,SINGLE FAMILY,RESIDENTIAL,Private,Mount Washington,R1D-H,40.43356311154992,-80.01260662,42003190300
0006B00161100400,1700 GRANDVIEW AVE,CONDOMINIUM,RESIDENTIAL,Private,Duquesne Heights,GPRB,40.44095799873928,-80.02491788,42003191100
0050G00069000000,5173 ROSETTA ST,VACANT LAND,RESIDENTIAL,URA,Garfield,R1D-H,40.46790444,-79.94007078,42003101900
0087R00108000000,6387 EBDY ST,SINGLE FAMILY,RESIDENTIAL,Private,Squirrel Hill South,R2-L,40.42454603342469,-79.92089582,42003141400
0018B00067000000,1037 JEROME ST,SINGLE FAMILY,RESIDENTIAL,Private,Westwood,R1D-L,40.43226537287663,-80.04467606,42003563100
0051E00001000000,606 EDMOND ST,SINGLE FAMILY,RESIDENTIAL,Private,Bloomfield,R2-VH,40.45978247538843,-79.94947835,42003080200
0013N00219000000,435 PARKWOOD RD,SINGLE FAMILY,RESIDENTIAL,Private,Arlington,R2-L,40.41451367182549,-79.98010872,42003161000
0024K00328000000,909 RICKENBACH ST,VACANT LAND,RESIDENTIAL,Private,East Allegheny,R1A-H,40.45685473427325,-79.99344669,42003563202
0039J00051000000,69 OAKWOOD RD,SINGLE FAMILY,RESIDENTIAL,Private,Oakwood,R1D-L,40.426980779668796,-80.06547279,42003562800
0015G00268000000,120 CLIMAX ST,SINGLE FAMILY,RESIDENTIAL,Private,Beltzhoover,R2-H,40.41905387554664,-80.00488539,42003562400
0080P00098000000,177 45TH ST,ROWHOUSE,RESIDENTIAL,Private,Central Lawrenceville,R1A-VH,40.47283567680145,-79.95988481,42003090100
0015H00308000000,310 E WARRINGTON AVE,SINGLE FAMILY,RESIDENTIAL,Private,Beltzhoover,LNC,40.42083801,-80.00185577,42003562400
0016N00080000000,1330 BANKSVILLE RD,AUTO SERV STATION,COMMERCIAL,Private,Banksville,HC,40.41527561,-80.03035729,42003202300
0054R00157000000,625 BLANTON ST,SINGLE FAMILY,RESIDENTIAL,Private,Greenfield,R1D-H,40.42457598819615,-79.93871525,42003151700
0055P00200000000,4541 SYLVAN AVE,SINGLE FAMILY,RESIDENTIAL,Private,Hazelwood,H,40.415654492589894,-79.94340701,42003562901
0184E00256000000,5034 DELEHANTY ST,SINGLE FAMILY,RESIDENTIAL,Private,Lincoln Place,R1D-L,40.37223855437526,-79.91352081,42003310200
0076N00211000000,3120 FREDERICK ST,SINGLE FAMILY,RESIDENTIAL,Private,Marshall-Shadeland,R1A-VH,40.47404650395641,-80.03080095,42003271600
0022S00187000000,1112 GALVESTON AVE,LIGHT MANUFACTURING,INDUSTRIAL,Private,Central Northside,UI,40.454076143632314,-80.01695185,42003565100
0134H00089000000,807 BEECHLAND ST,SINGLE FAMILY,RESIDENTIAL,Private,New Homestead,R1D-L,40.38102796171018,-79.91918757,42003565300
0004F00021000000,315 GRACE ST,SINGLE FAMILY,RESIDENTIAL,Private,Mount Washington,R1D-H,40.43037816457481,-80.01119923,42003191400
0056R00273000000,312 JOHNSTON AVE,SINGLE FAMILY,RESIDENTIAL,Private,Hazelwood,R1A-H,40.40583047146674,-79.93910495,42003562300
0027C00010000000,927 CLARISSA ST,ROWHOUSE,RESIDENTIAL,Private,Upper Hill,R2-L,40.45256153307058,-79.95735117,42003050600
0049R00261000000,0 LIBERTY AVE,COMMON AREA OR GREENBELT,RESIDENTIAL,Private,Bloomfield,NDI,40.463341598090224,-79.95568837,42003090300
0005L00159000000,1413 WOODRUFF ST,VACANT COMMERCIAL LAND,COMMERCIAL,Private,Duquesne Heights,UI,40.42719955974579,-80.02437943,42003191100
0057B00195000000,5276 2ND AVE,ROWHOUSE,RESIDENTIAL,Private,Hazelwood,R1A-VH,40.40408570767818,-79.9427092,42003562300
0011K00141000A00,2005 TUSTIN ST,VACANT LAND,RESIDENTIAL,Private,Bluff,UPR-B,40.43696857392206,-79.97751538,42003010302
0041H00196000000,803 DUBOIS ST,ROWHOUSE,RESIDENTIAL,Private,Crafton Heights,P,40.45009600032371,-80.0507298,42003281400
0004L00169020000,6 NEFF ST,CONDOMINIUM,RESIDENTIAL,Private,Mount Washington,R2-H,40.42757235337939,-80.00574311,42003191400
0231F00055000000,8446 PARK WAY,SINGLE FAMILY,RESIDENTIAL,Private,East Hills,R2-L,40.45956605685194,-79.87675788,42003130600
0004L00032000000,92 WYOMING ST,TWO FAMILY,RESIDENTIAL,Private,Mount Washington,R2-H,40.42766540032439,-80.00674705,42003191400
0232G00274000000,2001 SWISSVALE AVE,SINGLE FAMILY,RESIDENTIAL,Private,East Hills,RP,40.44960689422205,-79.87448042,42003130600
0071R00185000000,131 CLEARFIELD PL,SINGLE FAMILY,RESIDENTIAL,Private,Windgap,R2-L,40.453825527884824,-80.07328562,42003563000
0023E00053000300,1781 PERRYSVILLE AVE,CONDOMINIUM,RESIDENTIAL,Private,Central Northside,H,40.45993945110154,-80.01244707,42003565100
0185S00251000000,5639 OLLIE ST,MOBILE HOME,RESIDENTIAL,Private,Lincoln Place,R1D-L,40.366755699835466,-79.91824888,42003310200
0076J00106000000,3227 CENTRAL AVE,RES AUX BUILDING (NO HOUSE),RESIDENTIAL,Private,Marshall-Shadeland,R1D-H,40.475559322203424,-80.02878528,42003271600
0060C00122000000,1303 BROWNSVILLE RD,SMALL DETACHED RET(UNDER 10000),COMMERCIAL,Private,Carrick,HC,40.40271274,-79.98931651,42003290200
0231F00231000000,8518 DERSAM ST,SINGLE FAMILY,RESIDENTIAL,Private,East Hills,R2-L,40.45940146477025,-79.87538294,42003130600
0014N00194000000,409 ROCHELLE ST,SINGLE FAMILY,RESIDENTIAL,Private,Knoxville,R1D-H,40.41516378418787,-79.99567965,42003300100
0028M00053000000,414 ATWOOD ST,FOUR FAMILY,RESIDENTIAL,Private,Central Oakland,R-MU,40.437533740239274,-79.95358382,42003040600
0173C00147000000,1688 BROADHEAD ST,SINGLE FAMILY,RESIDENTIAL,Private,Lincoln-Lemington-Belmar,R1D-L,40.470417689965004,-79.88943078,42003561900
0042P00192000000,3117 CHARTIERS AVE,SINGLE FAMILY,RESIDENTIAL,Private,Sheraden,LNC,40.45328637450623,-80.06164013,42003202200
0056G00030000000,308 FLOWERS AVE,TWO FAMILY,RESIDENTIAL,Private,Hazelwood,R1A-H,40.41090564917004,-79.9402257,42003562300
0062G00114000000,2444 WOODWARD AVE,SINGLE FAMILY,RESIDENTIAL,Private,Brookline,R1D-M,40.39929129963035,-80.02366443,42003191900
0041B00130000000,1226 HILLSBORO ST,SINGLE FAMILY,RESIDENTIAL,Private,Sheraden,H,40.451171812079004,-80.06077467,42003202200
0003L00014000000,0 WINDOM ST,VACANT LAND,RESIDENTIAL,Private,South Side Slopes,H,40.42644923780095,-79.99093381,42003170600
0055G00102000000,4314 WINTERBURN AVE,SINGLE FAMILY,RESIDENTIAL,Private,Greenfield,R1D-M,40.42070283079003,-79.94015581,42003151600
0071F00322000000,3828 MERLE ST,OWNED BY METRO HOUSING AU,GOVERNMENT,HACP,Windgap,R1D-L,40.45827642133665,-80.07721889,42003563000
0082A00100000000,1210 DUFFIELD ST,SINGLE FAMILY,RESIDENTIAL,Private,Morningside,R1D-H,40.48002206215918,-79.931288,42003101400
0173E00048000000,1386 PAULSON AVE,SINGLE FAMILY,RESIDENTIAL,Private,Lincoln-Lemington-Belmar,RM-M,40.469706804811366,-79.89756625,42003120300
0026N00092000000,3368 WEBSTER AVE,SINGLE FAMILY,RESIDENTIAL,Private,Upper Hill,R2-L,40.45413462434286,-79.962659,42003050600
0174B00110000000,0 N HOMEWOOD AVE,VACANT LAND,RESIDENTIAL,City,Homewood North,R2-L,40.46182673848414,-79.89480876,42003130700
0174B00308000000,0 KEDRON ST,VACANT LAND,RESIDENTIAL,City,Homewood North,R2-L,40.460550546684296,-79.89472756,42003130200
0026J00162000000,3317 RIDGWAY ST,SINGLE FAMILY,RESIDENTIAL,Private,Polish Hill,H,40.45569000821984,-79.96543639,42003060500
0173K00035000000,7233 LEMINGTON AVE,SINGLE FAMILY,RESIDENTIAL,Private,Lincoln-Lemington-Belmar,R1D-L,40.467355429733345,-79.89236339,42003561900
0125H00241000000,7023 FRANKSTOWN AVE,SINGLE FAMILY,RESIDENTIAL,City,Homewood North,RM-M,40.45850156949032,-79.89994051,42003130700
0033F00352000000,234 ALICE ST,SINGLE FAMILY,RESIDENTIAL,Private,Knoxville,R1D-M,40.409628714789896,-79.99305915,42003300100
0173J00035000000,1320 POINTVIEW ST,SINGLE FAMILY,RESIDENTIAL,Private,Lincoln-Lemington-Belmar,RM-M,40.467061360722695,-79.89808227,42003120300
0011J00167000A00,1708 TUSTIN ST,ROWHOUSE,RESIDENTIAL,Private,Bluff,UPR-B,40.436983268128856,-79.98228234,42003010302
0125M00322000000,6949 HAMILTON AVE,SINGLE FAMILY,RESIDENTIAL,Private,Homewood West,RM-M,40.45610091057654,-79.90272776,42003130700
0014N00253000000,432 BAUSMAN ST,SINGLE FAMILY,RESIDENTIAL,Private,Knoxville,R1D-H,40.413995993508294,-79.99650915,42003300100
0014G00325000000,24 MOUNT OLIVER ST,SINGLE FAMILY,RESIDENTIAL,Private,South Side Slopes,H,40.4209058,-79.98711999,42003170600
0081C00236000000,1169 MCCABE ST,SINGLE FAMILY,RESIDENTIAL,Private,Stanton Heights,R1D-L,40.48013721500109,-79.93926744,42003100500
0033F00084000000,229 SUNCREST ST,SINGLE FAMILY,RESIDENTIAL,Private,Knoxville,R1D-M,40.410825035468726,-79.99189806,42003300100
0020K00019000000,1217 CHARTIERS AVE,SINGLE FAMILY,RESIDENTIAL,Private,Crafton Heights,NDI,40.445626056120936,-80.04370008,42003281400
0114R00042000000,1453 BENTON AVE,TWO FAMILY,RESIDENTIAL,Private,Brighton Heights,R1D-M,40.48406898187348,-80.03907764,42003270100
0003M00260000000,119 S 13TH ST,SINGLE FAMILY,RESIDENTIAL,Private,South Side Flats,R1A-VH,40.42660356208688,-79.98493602,42003170200
0085L00063000000,1211 SHADY AVE,SINGLE FAMILY,RESIDENTIAL,Private,Point Breeze,R1D-L,40.447317399366106,-79.92109844,42003140400
0076J00348000000,3235 BRIGHTON RD,RETL/APT'S OVER,COMMERCIAL,Private,Marshall-Shadeland,LNC,40.47598736980007,-80.03177008,42003271600
0080D00023000000,5238 BUTLER ST,BARS,COMMERCIAL,Private,Upper Lawrenceville,LNC,40.481313961830416,-79.95354627,42003101100
0062J00057000000,60 WENZELL PL,SINGLE FAMILY,RESIDENTIAL,Private,Beechview,R1A-H,40.39820405836151,-80.02968527,42003192000
0040L00101000000,1420 BARR AVE,SINGLE FAMILY,RESIDENTIAL,Private,Westwood,R1D-L,40.43702447019386,-80.05568977,42003563100
0125A00280000000,230 AUBURN ST,COMMERCIAL GARAGE,COMMERCIAL,Private,Larimer,UI,40.46102084119088,-79.91393166,42003120900
0075D00220000000,3555 GERBER AVE,SINGLE FAMILY,RESIDENTIAL,Private,Brighton Heights,R1D-M,40.48098913364143,-80.0337416,42003270300
0015D00153000000,94 ESTELLA AVE,SINGLE FAMILY,RESIDENTIAL,Private,Mount Washington,R1D-H,40.422362864759336,-80.00103587,42003180700
0025N00252000000,2428 PENN AVE,OFFICE/WAREHOUSE,COMMERCIAL,Private,Strip District,RIV-IMU,40.453692643719265,-79.97977225,42003020300
0174B00294000000,0 N HOMEWOOD AVE,VACANT LAND,RESIDENTIAL,City,Homewood North,R2-L,40.46086624154684,-79.89470997,42003130200
0005K00023000000,1413 WOODRUFF ST,VACANT LAND,RESIDENTIAL,Private,Duquesne Heights,UI,40.42735581751443,-80.02451525,42003191100
0015C00192000000,301 PAUR ST,SINGLE FAMILY,RESIDENTIAL,Private,Mount Washington,R1D-H,40.42213624438792,-80.00580439,42003191500
0050F00300000000,4931 BROWN WAY,SINGLE FAMILY,RESIDENTIAL,Private,Garfield,R1D-H,40.46764309826702,-79.94322906,42003101900
0042H00043000000,3060 MERWYN AVE,VACANT LAND,RESIDENTIAL,Private,Sheraden,H,40.45873248595061,-80.05316894,42003562500
0120J00155000000,5706 BUTLER ST,ROWHOUSE,RESIDENTIAL,Private,Stanton Heights,UI,40.48512860026952,-79.94574233,42003101800
0022C00189000000,939 LAMONT ST,SINGLE FAMILY,RESIDENTIAL,Private,California-Kirkbride,R1A-M,40.46008475985407,-80.02067187,42003565200
0057B00193000000,5280 2ND AVE,ROWHOUSE,RESIDENTIAL,Private,Hazelwood,R1A-VH,40.404003161903475,-79.94268615,42003562300
0047K00076000000,7 WOESSNER AVE,SINGLE FAMILY,RESIDENTIAL,Private,Spring Hill-City View,R1A-H,40.46540847046749,-79.99292531,42003262000
0095M00080000000,47 BECKS RUN RD,SINGLE FAMILY,RESIDENTIAL,Private,Carrick,R1D-L,40.38917864,-79.9835074,42003290200
0019R00010000000,508 WITTMAN ST,SINGLE FAMILY,RESIDENTIAL,Private,Westwood,H,40.435166944346676,-80.04106306,42003563100
0024G00177000000,1135 BRABEC ST,ROWHOUSE,RESIDENTIAL,Private,Troy Hill,R1A-H,40.45848519273764,-79.99064664,42003241300
0082P00099000000,5550 AVONDALE PL,SINGLE FAMILY,RESIDENTIAL,Private,Highland Park,R1D-H,40.47335173205481,-79.92652201,42003110200
0047G00198000000,1521 HETZEL ST,SINGLE FAMILY,RESIDENTIAL,Private,Spring Hill-City View,R1D-M,40.46773954811927,-79.98769784,42003262000
0080D00063000000,5257 CARNEGIE ST,ROWHOUSE,RESIDENTIAL,Private,Upper Lawrenceville,R1A-VH,40.481438780341826,-79.95236226,42003101100
0054E00004000000,102 BOUNDARY ST,SINGLE FAMILY,RESIDENTIAL,Private,Greenfield,P,40.4286866,-79.94899536,42003151600
0125R00161000000,6948 MCPHERSON BLVD,TWO FAMILY,RESIDENTIAL,Private,Point Breeze North,R1D-L,40.45326434790339,-79.90474965,42003140500
0114K00139000000,3946 OSWALD ST,VACANT LAND,RESIDENTIAL,Private,Brighton Heights,R1D-M,40.48561556,-80.04362046,42003270100
0005G00330000000,1459 WOODRUFF ST,COMM AUX BUILDING,COMMERCIAL,Private,Duquesne Heights,UI,40.42845580260968,-80.02425973,42003191100
0173F00188000000,1304 WESTMORELAND AVE,SINGLE FAMILY,RESIDENTIAL,Private,Lincoln-Lemington-Belmar,R1D-L,40.467862191524254,-79.89409827,42003561900
0047D00121000000,0 SPRING GARDEN AVE,VACANT LAND,RESIDENTIAL,City,Spring Garden,H,40.47147358809061,-79.98612245,42003241300
0014P00025000000,223 ZARA ST,VACANT LAND,RESIDENTIAL,Private,Knoxville,R1D-H,40.41602180830125,-79.99179391,42003300100
0124D00212000000,6428 OLIVANT ST,SINGLE FAMILY,RESIDENTIAL,Private,Lincoln-Lemington-Belmar,RM-M,40.47115125076116,-79.90220304,42003120300
0003L00061000000,1111 FREYBURG ST,SINGLE FAMILY,RESIDENTIAL,Private,South Side Flats,R1A-VH,40.426788319945324,-79.98698273,42003170200
0033B00211000000,313 ARABELLA ST,SINGLE FAMILY,RESIDENTIAL,Private,Knoxville,R1D-H,40.41276893,-79.99349927,42003300100
0061M00255000000,1725 HALLOWELL ST,SINGLE FAMILY,RESIDENTIAL,Private,Brookline,R1D-L,40.39704663982264,-80.00130483,42003320600
0049J00089050600,3725 BUTLER ST,CONDOMINIUM,RESIDENTIAL,Private,Lower Lawrenceville,LNC,40.46691068816201,-79.96466934,42003060300
0174J00244000000,0 N HOMEWOOD AVE,MUNICIPAL GOVERNMENT,GOVERNMENT,City,Homewood South,LNC,40.455999892691764,-79.89651827,42003130800
0120H00101000000,6320 SAWYER ST,SINGLE FAMILY,RESIDENTIAL,Private,Stanton Heights,H,40.48858557642477,-79.93495393,42003101800
0174R00034000000,7616 BENNETT ST,SINGLE FAMILY,RESIDENTIAL,Private,Homewood South,RM-M,40.45455831969038,-79.88951288,42003130800
0013K00288000000,1531 FERNLEAF ST,SINGLE FAMILY,RESIDENTIAL,Private,South Side Slopes,R1D-H,40.41746503969899,-79.9756976,42003160800
0024F00019000000,923 VISTA ST,SINGLE FAMILY,RESIDENTIAL,Private,East Allegheny,H,40.45931254483364,-79.99527,42003563202
0046J00336000000,2220 WILSON AVE,SINGLE FAMILY,RESIDENTIAL,City,Perry South,R1D-H,40.465552393513555,-80.01248499,42003261400
0020L00134000000,326 LORENZ AVE,ROWHOUSE,RESIDENTIAL,Private,Elliott,R1D-H,40.446639389134724,-80.03700309,42003562600
0048A00260000000,2116 STRAUBS LN,SINGLE FAMILY,RESIDENTIAL,Private,Troy Hill,H,40.47016839722331,-79.9792214,42003241300
0175D00161000000,7920 INGLENOOK PL,ROWHOUSE,RESIDENTIAL,Private,Homewood South,RM-M,40.450952407596496,-79.88505128,42003130800
0028N00140000000,313 LAWN ST,ROWHOUSE,RESIDENTIAL,Private,South Oakland,R1A-VH,40.434493674817254,-79.96316781,42003040900
0014R00171000000,87 AMANDA AVE,RETL/APT'S OVER,COMMERCIAL,Private,Knoxville,LNC,40.414921097887344,-79.9883355,42003300100
0083C00228000000,5826 JACKSON ST,RETL/APT'S OVER,COMMERCIAL,Private,Highland Park,R2-M,40.47127159490475,-79.92139219,42003110200
0137B00037000000,21 MERRITT AVE,SINGLE FAMILY,RESIDENTIAL,Private,Carrick,R2-L,40.38360643682048,-79.97839458,42003290400
0028P00319000000,3328 NIAGARA ST,SINGLE FAMILY,RESIDENTIAL,Private,South Oakland,R1A-VH,40.43555589903414,-79.95928245,42003040900
0028A00349000000,216 CHESTERFIELD RD,ROWHOUSE,RESIDENTIAL,Private,West Oakland,R1A-VH,40.440632213451856,-79.96308024,42003040200
0013C00363000000,43 STERLING ST,ROWHOUSE,RESIDENTIAL,Private,South Side Slopes,H,40.42300700980897,-79.97402818,42003160800
0080F00142000A00,4854 PLUM WAY,ROWHOUSE,RESIDENTIAL,Private,Central Lawrenceville,R1A-VH,40.477448205883576,-79.95829529,42003090100
0138D00054000000,339 MAYTIDE ST,TWO FAMILY,RESIDENTIAL,Private,Carrick,R2-L,40.38431700016796,-79.98584123,42003290400
0124L00203000000,6615 ROWAN ST,VACANT LAND,RESIDENTIAL,City,Lincoln-Lemington-Belmar,RM-M,40.465354314788485,-79.90407299,42003120300
0087J00188000000,926 FLEMINGTON ST,SINGLE FAMILY,RESIDENTIAL,Private,Greenfield,R1D-H,40.427215726085215,-79.93181056,42003151700
0023A00098000000,22 NORMAN ST,ROWHOUSE,RESIDENTIAL,Private,Perry South,H,40.461977342661775,-80.01462141,42003261400
0013P00191000000,2130 SUR WAY,SINGLE FAMILY,RESIDENTIAL,Private,Arlington,R2-L,40.414937720587304,-79.97650732,42003161000
0049L00148000000,355 MAIN ST,ROWHOUSE,RESIDENTIAL,Private,Central Lawrenceville,R1A-H,40.46652071486669,-79.95603839,42003090200
0174B00168000000,7205 MOUNT VERNON ST,ROWHOUSE,RESIDENTIAL,Private,Homewood North,R2-L,40.46154889271086,-79.89431515,42003130700
0174B00223000000,7323 MOUNT VERNON ST,SINGLE FAMILY,RESIDENTIAL,Private,Homewood North,R2-L,40.460668186390606,-79.89177139,42003130700
0046K00263000000,249 SEABRIGHT ST,SINGLE FAMILY,RESIDENTIAL,Private,Perry South,R1D-H,40.46635071,-80.00864881,42003261400
0015D00302000000,422 KINGSBORO ST,SINGLE FAMILY,RESIDENTIAL,Private,Beltzhoover,R2-H,40.42156257203053,-79.99954676,42003562400
0173C00011000000,1662 LINCOLN AVE,VACANT LAND,RESIDENTIAL,Private,Lincoln-Lemington-Belmar,R1D-L,40.47186729494449,-79.89091365,42003561900
0050G00065000000,5185 ROSETTA ST,VACANT LAND,RESIDENTIAL,URA,Garfield,R1D-H,40.46786301792609,-79.93979106,42003101900
0033A00351000000,412 MOORE AVE,SINGLE FAMILY,RESIDENTIAL,Private,Knoxville,R1D-H,40.41172796912756,-79.99552218,42003300100
0035B00129000000,1528 RUTHERFORD AVE,SINGLE FAMILY,RESIDENTIAL,Private,Beechview,R1D-H,40.41168498766663,-80.02681603,42003191600
0173A00172000000,7039 LEMINGTON AVE,SINGLE FAMILY,RESIDENTIAL,Private,Lincoln-Lemington-Belmar,RM-M,40.47052936091981,-79.89707171,42003561900
0046J00184000000,2216 HOLYOKE ST,SINGLE FAMILY,RESIDENTIAL,Private,Perry South,R1D-H,40.46513954,-80.01372678,42003261400
0096K00023000000,1611 CHELTON AVE,SINGLE FAMILY,RESIDENTIAL,Private,Brookline,R1D-M,40.38744196348703,-80.01099322,42003191800
0184K00121000000,5405 KEEFE ST,MOBILE HOME,RESIDENTIAL,Private,Lincoln Place,R1D-L,40.36876917202004,-79.91114599,42003310200
0029G00232000000,3204 WARD ST,SINGLE FAMILY,RESIDENTIAL,Private,South Oakland,R1A-H,40.43078606063381,-79.9550539,42003040900
0029C00211000000,3255 WARD ST,THREE FAMILY,RESIDENTIAL,Private,South Oakland,R1A-H,40.432508528055884,-79.95546183,42003040900
0054R00086000000,528 COYNE TER,SINGLE FAMILY,RESIDENTIAL,Private,Greenfield,R1D-H,40.42385931211549,-79.94089541,42003151600
0045N00318000000,2406 CALIFORNIA AVE,SINGLE FAMILY,RESIDENTIAL,Private,Marshall-Shadeland,R1A-H,40.46412012085647,-80.03188804,42003271600
0025D00236000000,3340 LIBERTY AVE,VACANT COMMERCIAL LAND,COMMERCIAL,Private,Lower Lawrenceville,UI,40.461186992144356,-79.96720522,42003060300
0175H00070000000,7953 SUSQUEHANNA ST,VACANT LAND,RESIDENTIAL,Private,Homewood South,RM-M,40.448821238158445,-79.88522137,42003130800
0027H00096000000,225 N DITHRIDGE ST,LODGE HALL/AMUSEMENT PARK,COMMERCIAL,Private,North Oakland,RM-VH,40.44961750140254,-79.9525212,42003562000
0023B00202000000,1685 PERRYSVILLE AVE,TWO FAMILY,RESIDENTIAL,Private,Central Northside,H,40.46055925,-80.0092664,42003565100
0231E00075000000,0 LAWNDALE ST,VACANT LAND,RESIDENTIAL,Private,Homewood North,R2-L,40.45769810899974,-79.8820706,42003130700
0014F00058000A00,222 HELEN WAY,SINGLE FAMILY,RESIDENTIAL,Private,Allentown,R1D-H,40.42013067562254,-79.99432529,42003180300
0173K00086000000,7206 LEMINGTON AVE,SINGLE FAMILY,RESIDENTIAL,Private,Lincoln-Lemington-Belmar,R1D-L,40.466764736755984,-79.89343001,42003561900
0030A00083000000,3016 MARY ST,SINGLE FAMILY,RESIDENTIAL,Private,South Side Slopes,H,40.422397480738155,-79.96540421,42003160800
0077F00133000000,35 WATSON BLVD,SINGLE FAMILY,RESIDENTIAL,Private,Perry North,R1D-L,40.478507017892674,-80.0102855,42003260700
0120K00149000000,6004 BUTLER ST,ROWHOUSE,RESIDENTIAL,Private,Stanton Heights,UI,40.4861613,-79.94284244,42003101800
0082P00167000000,5522 JACKSON ST,SINGLE FAMILY,RESIDENTIAL,Private,Highland Park,R1D-H,40.47278092451738,-79.9274674,42003110200
0172N00049000000,6935 CHURCHLAND ST,SINGLE FAMILY,RESIDENTIAL,Private,Lincoln-Lemington-Belmar,RM-M,40.47255345859237,-79.8975513,42003561900
0124G00340000000,1105 LARIMER AVE,SINGLE FAMILY,RESIDENTIAL,Private,Lincoln-Lemington-Belmar,RM-M,40.468157904744324,-79.90720902,42003120300
0030E00312000000,108 HANDLER ST,ROWHOUSE,RESIDENTIAL,Private,South Side Slopes,R2-L,40.42110729012392,-79.96196951,42003160800
0035N00162000000,2010 BROADWAY AVE,SINGLE FAMILY,RESIDENTIAL,Private,Beechview,R1D-H,40.406306029992024,-80.02917462,42003192000
0010N00344000000,403 GROVE ST,SINGLE FAMILY,RESIDENTIAL,Private,Middle Hill,RM-M,40.44307947211913,-79.97921124,42003050100
0012M00196000000,110 S 26TH ST,ROWHOUSE,RESIDENTIAL,Private,South Side Flats,R1A-VH,40.42603976170314,-79.96923244,42003160900
0173E00315000000,1369 GROTTO ST,SINGLE FAMILY,RESIDENTIAL,Private,Lincoln-Lemington-Belmar,RM-M,40.46806755639905,-79.89612411,42003561900
0056L00258000000,5017 GLENWOOD AVE,SINGLE FAMILY,RESIDENTIAL,Private,Hazelwood,R1D-M,40.408788881297156,-79.93976054,42003562300
0004L00164000000,315 WYOMING ST,SINGLE FAMILY,RESIDENTIAL,Private,Mount Washington,R2-H,40.42847163214448,-80.00613727,42003191400
0042H00129000000,3020 STAFFORD ST,SINGLE FAMILY,RESIDENTIAL,Private,Sheraden,R1D-H,40.45813569094431,-80.0514983,42003562500
0080G00176000000,5118 BUTLER ST,TWO FAMILY,RESIDENTIAL,Private,Upper Lawrenceville,LNC,40.47883968820067,-79.95513699,42003101100
0001C01662N01200,320 FORT DUQUESNE BLVD,CONDOMINIUM,RESIDENTIAL,Private,Central Business District,GT-D,40.442757916879046,-80.00673093,42003020100
0033R00093000000,39 CALHOUN AVE,TWO FAMILY,RESIDENTIAL,Private,Carrick,R1D-H,40.40654803,-79.9905145,42003290200
0015G00296000000,137 FREELAND ST,SINGLE FAMILY,RESIDENTIAL,Private,Beltzhoover,R2-H,40.41878129514904,-80.00455112,42003562400
0020B00296000000,290 CORLISS ST,WAREHOUSE/MULTI-TENANT,INDUSTRIAL,Private,Sheraden,UI,40.45158695692278,-80.04374221,42003562500
0174P00163000000,7369 HAMILTON AVE,ROWHOUSE,RESIDENTIAL,Private,Homewood South,RM-M,40.45381660918838,-79.89315147,42003130800
0045M00403000000,544 W BURGESS ST,SINGLE FAMILY,RESIDENTIAL,Private,Perry South,H,40.46533374929057,-80.0164282,42003261400
0067R00240000000,251 PRINGLE ST,SINGLE FAMILY,RESIDENTIAL,Private,East Carnegie,P,40.41623053772163,-80.07168,42003562800
0014G00158000000,930 CLIMAX ST,SINGLE FAMILY,RESIDENTIAL,Private,Allentown,R1D-H,40.41984766388162,-79.98897116,42003180300
0014P00060000000,324 CHARLES ST,OWNED BY BOARD OF EDUCATION,GOVERNMENT,Private,Knoxville,R1D-H,40.416114887145646,-79.99407282,42003300100
8000T00181000000,1800 WHITED ST,MOBILE HOME (IN PARK),RESIDENTIAL,Private,Brookline,P,40.39551878109286,-79.99855836,42003320600
0095D00241000000,12 E WOODFORD AVE,SINGLE FAMILY,RESIDENTIAL,Private,Carrick,R1D-H,40.39307946301041,-79.98580089,42003290200
0095R00181000000,440 ANTENOR AVE,SINGLE FAMILY,RESIDENTIAL,Private,Overbrook,R1D-H,40.385078654765586,-79.99100145,42003320400
0012R00179000000,2324 JOSEPHINE ST,RETL/STOR OVER,COMMERCIAL,Private,South Side Slopes,UI,40.42439118439238,-79.97261134,42003160800
0010M00198000000,2629 BRACKENRIDGE ST,ROWHOUSE,RESIDENTIAL,Private,Terrace Village,EMI,40.446605525847886,-79.96710697,42003051000
0004F00150000000,12 GASKEL ST,SINGLE FAMILY,RESIDENTIAL,Private,Mount Washington,R2-H,40.429542443337375,-80.00939501,42003191400
0014H00235000000,1604 GABLE ST,SINGLE FAMILY,RESIDENTIAL,Private,South Side Slopes,H,40.420893421277526,-79.98315725,42003170600
0081A00181000000,742 KENDALL ST,SINGLE FAMILY,RESIDENTIAL,Private,Stanton Heights,H,40.48046238480582,-79.94693984,42003101800
0012M00330000000,2603 E CARSON ST,CONDOMINIUM UNIT,COMMERCIAL,Private,South Side Flats,SP-5,40.427590741753576,-79.96741756,42003160900
0174G00281000000,7420 MOUNT VERNON ST,SINGLE FAMILY,RESIDENTIAL,Private,Homewood North,RM-M,40.45984716696634,-79.88979234,42003130700
0014P00239000000,322 BAUSMAN ST,SINGLE FAMILY,RESIDENTIAL,Private,Knoxville,R1D-H,40.414048403642994,-79.99408485,42003300100
0033E00209000000,434 SUNCREST ST,SINGLE FAMILY,RESIDENTIAL,Private,Knoxville,R1D-H,40.411185065370056,-79.9965458,42003300100
0025F0017700E300,2901 SMALLMAN ST,CONDOMINIUM,RESIDENTIAL,Private,Strip District,RIV-IMU,40.45888590720182,-79.97470548,42003020300
0081C00260000000,1172 MCCABE ST,SINGLE FAMILY,RESIDENTIAL,Private,Stanton Heights,R1D-L,40.479811862658146,-79.93876503,42003100500
0055P00051000000,4628 MONONGAHELA ST,OWNED BY METRO HOUSING AU,GOVERNMENT,HACP,Hazelwood,R1D-H,40.413977509094984,-79.94430793,42003562901
0029S00071000000,15 SYLVAN AVE,SINGLE FAMILY,RESIDENTIAL,Private,Greenfield,H,40.425207147378096,-79.95025114,42003151600
0027A00089000000,2930 ORBIN ST,SINGLE FAMILY,RESIDENTIAL,Private,Middle Hill,RM-M,40.45133666520386,-79.96570023,42003050100
0049C00052000A00,272 SERVICE WAY,ROWHOUSE,RESIDENTIAL,Private,Central Lawrenceville,R1A-H,40.47061900061624,-79.95772019,42003090200
0046J00160000000,527 W BURGESS ST,SINGLE FAMILY,RESIDENTIAL,Private,Perry South,H,40.465019742170405,-80.01573381,42003261400
0012F00254000000,42 S 22ND ST,ROWHOUSE,RESIDENTIAL,Private,South Side Flats,R1A-VH,40.43004946103541,-79.97471101,42003160900
0040G00062000000,139 CLAIRTONICA ST,SINGLE FAMILY,RESIDENTIAL,Private,Crafton Heights,R2-L,40.439254115779924,-80.05736651,42003281500
0081F00191000000,4348 COLERIDGE ST,SINGLE FAMILY,RESIDENTIAL,Private,Stanton Heights,R2-L,40.47894330852443,-79.94191109,42003100500
0046A00093000000,2832 N CHARLES ST,SINGLE FAMILY,RESIDENTIAL,Private,Perry South,R1D-H,40.470017874027484,-80.01268338,42003261400
0175M00007000000,7934 MADIERA ST,SINGLE FAMILY,RESIDENTIAL,Private,Homewood South,RM-M,40.44770391852099,-79.88631859,42003130800
0042P00336000000,926 TYNDALL ST,SINGLE FAMILY,RESIDENTIAL,Private,Sheraden,H,40.45342652,-80.05847289,42003202200
0018E00139000000,1954 ELMDALE RD,SINGLE FAMILY,RESIDENTIAL,Private,Westwood,R1D-L,40.429258113600525,-80.04678471,42003563100
0013D00169000000,2740 MISSION ST,SINGLE FAMILY,RESIDENTIAL,Private,South Side Slopes,R1D-H,40.42168456541509,-79.96808745,42003160800
0006M00117000000,1105 GRANDVIEW AVE,CONDOMINIUM COMMON PROPERTY,RESIDENTIAL,Private,Mount Washington,GPRB,40.43716254788794,-80.01761484,42003190300
0174L00030000000,0 IDLEWILD ST,VACANT LAND,RESIDENTIAL,City,Homewood North,RM-M,40.457204725126196,-79.89088637,42003130200
0010H00326000000,2829 WYLIE AVE,ROWHOUSE,RESIDENTIAL,Private,Middle Hill,RM-M,40.45026781350736,-79.96713979,42003050100
0125A00178000000,229 MAYFLOWER ST,SINGLE FAMILY,RESIDENTIAL,Private,Larimer,R1D-H,40.461815844100144,-79.9128243,42003120900
0035N00282000000,2119 BROADWAY AVE,SINGLE FAMILY,RESIDENTIAL,Private,Beechview,R1D-M,40.40440107406857,-80.02980514,42003192000
0035S00253000000,1818 WOODWARD AVE,SINGLE FAMILY,RESIDENTIAL,Private,Brookline,P,40.405503833145154,-80.01718916,42003191700
0124H00231000000,1202 PAULSON AVE,SINGLE FAMILY,RESIDENTIAL,Private,Lincoln-Lemington-Belmar,RM-M,40.46793484713656,-79.90318875,42003120300
0080N00137000000,116 44TH ST,ROWHOUSE,RESIDENTIAL,Private,Central Lawrenceville,R1A-VH,40.47312815998163,-79.96240341,42003090100
0076J00217000000,3127 SORENTO ST,SINGLE FAMILY,RESIDENTIAL,Private,Marshall-Shadeland,LNC,40.47464388598005,-80.02909309,42003271600
0006M00312221000,1 TRIMONT LN,CONDOMINIUM,RESIDENTIAL,Private,Duquesne Heights,AP,40.43834004497904,-80.01996177,42003191100
0081H00344000000,103 ELENA CT,SINGLE FAMILY,RESIDENTIAL,Private,Stanton Heights,R1D-L,40.478177223083655,-79.93662996,42003100500
0015R00032000000,29 BIGGER ST,SINGLE FAMILY,RESIDENTIAL,Private,Beltzhoover,R2-H,40.415208989969614,-80.00756571,42003562400
0050R00310000000,5152 PENN AVE,DAYCARE/PRIVATE SCHOOL,COMMERCIAL,Private,Bloomfield,LNC,40.46449541726049,-79.94087081,42003080900
0116K00258000A00,404 VENTURE ST,ROWHOUSE,RESIDENTIAL,Private,Perry North,R1D-M,40.48539465873874,-80.01177477,42003260700
0174F00142000000,7205 MONTICELLO ST,SINGLE FAMILY,RESIDENTIAL,Private,Homewood North,R2-L,40.459626562119006,-79.89509895,42003130200
0011J00193000000,1811 LOCUST ST,TWO FAMILY,RESIDENTIAL,Private,Bluff,UPR-B,40.43675524715503,-79.98101156,42003010302
0081G00251000000,1152 WOODBINE ST,SINGLE FAMILY,RESIDENTIAL,Private,Stanton Heights,R2-L,40.47939305455184,-79.94078633,42003100500
0184A00217000000,5038 LOUGEAN AVE,SINGLE FAMILY,RESIDENTIAL,Private,Lincoln Place,R1D-L,40.374304924502965,-79.91472028,42003310200
0045K00056000000,1247 INGHAM ST,SINGLE FAMILY,RESIDENTIAL,Private,Marshall-Shadeland,R1D-M,40.46624641148138,-80.02807777,42003271600
0049N00167000000,3445 SPRING WAY,SINGLE FAMILY,RESIDENTIAL,Private,Lower Lawrenceville,R1A-H,40.46318611910911,-79.96549348,42003060300
0060E00058000000,1405 DENISE ST,SINGLE FAMILY,RESIDENTIAL,Private,Carrick,P,40.39975026,-79.99846261,42003290100
0015M00261000000,407 CHALFONT ST,VACANT LAND,RESIDENTIAL,Private,Beltzhoover,R2-H,40.416866608995456,-79.99996363,42003562400
0020R00002000000,728 RUDOLPH ST,SINGLE FAMILY,RESIDENTIAL,City,Elliott,R2-H,40.445412256934695,-80.04096488,42003562600
0015A00217000000,605 SOUTHERN AVE,SINGLE FAMILY,RESIDENTIAL,Private,Mount Washington,R1D-H,40.42159247,-80.01233014,42003191500
0049N00157000000,3459 LIGONIER ST,SINGLE FAMILY,RESIDENTIAL,Private,Lower Lawrenceville,R1A-H,40.46341820834388,-79.96499906,42003060300
0050K00234000000,5105 DEARBORN ST,SINGLE FAMILY,RESIDENTIAL,Private,Garfield,R1D-H,40.46591508937365,-79.94233779,42003101900
0042P00055000000,3120 UNIVERSAL ST,SINGLE FAMILY,RESIDENTIAL,Private,Sheraden,R1D-H,40.45424265422162,-80.06112926,42003202200
0033K00048000000,236 WILBUR ST,TWO FAMILY,RESIDENTIAL,Private,Knoxville,R1D-H,40.40775757912929,-79.99421195,42003300100
0094F00164000000,315 SPENCER AVE,SINGLE FAMILY,RESIDENTIAL,Private,Carrick,R1D-L,40.39048686743716,-79.976571,42003290400
0048J00044000000,1722 HOLLINGER WAY,SINGLE FAMILY,RESIDENTIAL,Private,Troy Hill,R1A-H,40.46656636354893,-79.98175807,42003241300
0049B00301000000,256 44TH ST,CONDO DEVELOPMENTAL LAND,RESIDENTIAL,Private,Central Lawrenceville,R1A-H,40.470183269601534,-79.95831282,42003090200
0020R00090000100,921 CHARTIERS AVE,RETL/APT'S OVER,COMMERCIAL,Private,Elliott,LNC,40.443528358802006,-80.04051279,42003562600
0002H00076000000,1505 5TH AVE,RETL/APT'S OVER,COMMERCIAL,Private,Crawford-Roberts,UPR-A,40.43874231669666,-79.98475938,42003030500
0080H00188000000,5175 STANTON AVE,SINGLE FAMILY,RESIDENTIAL,Private,Upper Lawrenceville,R1A-VH,40.47772006164151,-79.95182405,42003101100
0095H00398000001,73 BECKS RUN RD,SINGLE FAMILY,RESIDENTIAL,Private,Carrick,R1D-L,40.39020809749494,-79.98304862,42003290200
0231F00009000000,8517 PERSHING ST,SINGLE FAMILY,RESIDENTIAL,City,East Hills,R2-L,40.45971437712249,-79.87597091,42003130600
0174B00237000000,7332 MOUNT VERNON ST,SINGLE FAMILY,RESIDENTIAL,Private,Homewood North,R2-L,40.46004942006917,-79.89136314,42003130200
0014G00244000000,980 INDUSTRY ST,SINGLE FAMILY,RESIDENTIAL,Private,Allentown,R1D-H,40.42068515853247,-79.98868772,42003180300
0081E00012000000,5264 WICKLIFF ST,SINGLE FAMILY,RESIDENTIAL,Private,Upper Lawrenceville,H,40.47918916047821,-79.94891714,42003101100
0015K00147000000,42 CLIMAX ST,SINGLE FAMILY,RESIDENTIAL,Private,Beltzhoover,R2-H,40.41808146036434,-80.00838951,42003562400
0013K00232000000,2206 ELSIE ST,SINGLE FAMILY,RESIDENTIAL,Private,Arlington,LNC,40.41670635393055,-79.97579528,42003161000
0080N00055000000,117 43RD ST,ROWHOUSE,RESIDENTIAL,Private,Central Lawrenceville,R1A-VH,40.47251992313195,-79.96247799,42003090100
0175D00295000000,622 SINGER PL,SINGLE FAMILY,RESIDENTIAL,Private,East Hills,RM-M,40.45195811458775,-79.88325486,42003130600
0174E00096000000,7137 RACE ST,SINGLE FAMILY,RESIDENTIAL,Private,Homewood North,R2-L,40.45919166376667,-79.89638876,42003130200
0016K00030000000,1213 BELASCO AVE,SINGLE FAMILY,RESIDENTIAL,Private,Beechview,R1D-H,40.416651705922455,-80.02749996,42003191600
0033C00071000000,123 MATHEWS AVE,SINGLE FAMILY,RESIDENTIAL,Private,Knoxville,R1D-H,40.41390107893643,-79.99013342,42003300100
0011D00006000000,3108 ELLERS ST,VACANT LAND,RESIDENTIAL,Private,West Oakland,R1A-H,40.44076546145913,-79.96739996,42003040200
0050G00202000000,616 N ATLANTIC AVE,SINGLE FAMILY,RESIDENTIAL,Private,Garfield,R1D-H,40.46852426600661,-79.93772014,42003101900
0091S00096000000,4554 MAPLEDALE DR,SINGLE FAMILY,RESIDENTIAL,HACP,New Homestead,R1D-L,40.38634124442335,-79.9189606,42003565300
0033B00249000000,316 ARABELLA ST,SINGLE FAMILY,RESIDENTIAL,Private,Knoxville,R1D-H,40.412364247379934,-79.99372779,42003300100
0026F00349000000,3630 RIDGWAY ST,VACANT LAND,RESIDENTIAL,Private,Upper Hill,R2-L,40.458331048154335,-79.95784012,42003050600
0174S00078000000,7810 BENNETT ST,SINGLE FAMILY,RESIDENTIAL,Private,Homewood South,RM-M,40.453847582062934,-79.88635762,42003130800
0048B00055000000,2147 STRAUBS LN,SINGLE FAMILY,RESIDENTIAL,Private,Troy Hill,R1D-H,40.470757954083446,-79.97825366,42003241300
0028N00089000000,236 OPHELIA ST,SINGLE FAMILY,RESIDENTIAL,Private,South Oakland,R1A-VH,40.43508920971361,-79.96378684,42003040900
0025L00032000000,2828 LIBERTY AVE,OFFICE-WALKUP -3 + STORIES,COMMERCIAL,Private,Polish Hill,UI,40.45667522126672,-79.97376075,42003060500
0088K00004000000,3308 BEECHWOOD BLVD,SINGLE FAMILY,RESIDENTIAL,Private,Squirrel Hill South,R2-L,40.41858772118146,-79.92452953,42003141400
0174B00006000000,7363 STRANAHAN ST,SINGLE FAMILY,RESIDENTIAL,Private,Lincoln-Lemington-Belmar,R1D-L,40.46223748263473,-79.891441,42003561900
0075M00078000000,3317 MCCLURE AVE,SINGLE FAMILY,RESIDENTIAL,Private,Brighton Heights,H,40.476227079530005,-80.03675182,42003270300
0055C00043000000,4236 SHIELDS ST,SINGLE FAMILY,RESIDENTIAL,Private,Greenfield,R1D-M,40.42217694,-79.94082246,42003151600
0076N00369000000,3028 VENSEL WAY,SINGLE FAMILY,RESIDENTIAL,Private,Marshall-Shadeland,R1D-H,40.472721000115776,-80.02875288,42003271600
0128E00017000000,6453 NICHOLSON ST,SINGLE FAMILY,RESIDENTIAL,Private,Squirrel Hill South,R2-L,40.430428412109045,-79.91575272,42003140800
0003M00428000000,1110 BRADISH ST,BUILDERS LOT,RESIDENTIAL,Private,South Side Flats,R1A-VH,40.42700677070098,-79.98692019,42003170200
0014E00157000000,527 INDUSTRY ST,SINGLE FAMILY,RESIDENTIAL,Private,Beltzhoover,R2-H,40.420946391138635,-79.9978757,42003562400
0173J00147000000,1221 LINCOLN AVE,SINGLE FAMILY,RESIDENTIAL,Private,Lincoln-Lemington-Belmar,RM-M,40.46545256632912,-79.89858161,42003120300
0010P00174000000,2112 HEMANS ST,ROWHOUSE,RESIDENTIAL,Private,Middle Hill,RM-M,40.44412236939477,-79.97774256,42003050100
0015D00232000000,407 EDGEMONT ST,SINGLE FAMILY,RESIDENTIAL,Private,Mount Washington,R1D-H,40.42262093987984,-80.00041594,42003180700
0015G00035000000,160 W WARRINGTON AVE,TWO FAMILY,RESIDENTIAL,Private,Beltzhoover,R2-H,40.42054614347487,-80.0052441,42003562400
0084G00042000000,229 CARRON ST,SINGLE FAMILY,RESIDENTIAL,Private,Shadyside,R1A-H,40.45814770491531,-79.92430454,42003070800
0080G00142000000,5107 BUTLER ST,ROWHOUSE,RESIDENTIAL,Private,Upper Lawrenceville,LNC,40.47867152621399,-79.95577497,42003101100
0014E00225000000,304 MILLBRIDGE ST,SINGLE FAMILY,RESIDENTIAL,Private,Allentown,R1D-H,40.41973802901575,-79.996032,42003180300
0097D00158000000,824 BELLAIRE AVE,SINGLE FAMILY,RESIDENTIAL,Private,Brookline,R1D-M,40.39366162045632,-80.01866057,42003191900
0014B00406000000,905 EXCELSIOR ST,SINGLE FAMILY,RESIDENTIAL,Private,Allentown,R1D-H,40.42293861505518,-79.99167456,42003180300
0013L00211000000,2429 CHARCOT ST,DAYCARE/PRIVATE SCHOOL,COMMERCIAL,Private,Arlington,LNC,40.41731973,-79.97155042,42003161000
0085A00300000100,5712 HOWE ST,CONDOMINIUM,RESIDENTIAL,Private,Shadyside,R2-M,40.45124729545869,-79.92980559,42003070600
0139S00005000000,2806 HOMEHURST AVE,SINGLE FAMILY,RESIDENTIAL,Private,Overbrook,R1D-M,40.375686305637714,-80.00347966,42003320700
0051E00005000000,524 EDMOND ST,SINGLE FAMILY,RESIDENTIAL,Private,Bloomfield,R2-VH,40.459960322721024,-79.94930132,42003080200
COMMON GROUND, ,,,Private,South Side Flats,RIV-MU,40.539822654495715,-80.15236925,42003563800
0049B00376000000,258 45TH ST,ROWHOUSE,RESIDENTIAL,Private,Central Lawrenceville,R1A-H,40.470830336403615,-79.95797224,42003090200
0015D00039000000,114 LACLEDE ST,SINGLE FAMILY,RESIDENTIAL,Private,Mount Washington,R1D-H,40.42263096792545,-80.00308182,42003180700
0119S00074000000,5426 DRESDEN WAY,SINGLE FAMILY,RESIDENTIAL,Private,Upper Lawrenceville,R1A-VH,40.482907908162616,-79.94994126,42003101100
0049K00015000000,306 39TH ST,ROWHOUSE,RESIDENTIAL,Private,Lower Lawrenceville,LNC,40.46496458018859,-79.96075084,42003060300
0049A00307000000,135 40TH ST,LIGHT MANUFACTURING,INDUSTRIAL,Private,Central Lawrenceville,RIV-IMU,40.47054457650839,-79.96409881,42003090100
0056F00306000000,160 MARSDEN ST,ROWHOUSE,RESIDENTIAL,Private,Hazelwood,R1A-H,40.410636035969425,-79.94243233,42003562300
0138F00117000000,2640 IVYGLEN ST,SINGLE FAMILY,RESIDENTIAL,Private,Overbrook,R1D-H,40.38014645,-79.99211521,42003320400
0087R00179000000,6353 MONITOR ST,TWO FAMILY,RESIDENTIAL,Private,Squirrel Hill South,R2-L,40.42548726261484,-79.92174325,42003141400
0080G00251000000,5110 CARNEGIE ST,SINGLE FAMILY,RESIDENTIAL,Private,Upper Lawrenceville,R1A-VH,40.47802257247429,-79.95440951,42003101100
0119S00012000000,5404 NATRONA WAY,ROWHOUSE,RESIDENTIAL,Private,Upper Lawrenceville,R1A-VH,40.48207210799766,-79.94985722,42003101100
0076N00034000000,3121 SHADELAND AVE,OFFICE/WAREHOUSE,COMMERCIAL,Private,Marshall-Shadeland,R1A-VH,40.47368770079404,-80.03181635,42003271600
0048E00256000000,2037 STRAUBS LN,SINGLE FAMILY,RESIDENTIAL,Private,Troy Hill,R1D-H,40.46895192874724,-79.97985442,42003241300
0004B00224000000,229 GRANDVIEW AVE,CONDOMINIUM COMMON PROPERTY,RESIDENTIAL,Private,Mount Washington,GPRA,,,
0060E00195000000,1415 NOBLES LN,SINGLE FAMILY,RESIDENTIAL,Private,Carrick,R2-L,40.39966173250248,-79.99743504,42003290100
0020M00128000000,904 VALONIA ST,SINGLE FAMILY,RESIDENTIAL,City,Elliott,R1D-M,40.44578113274633,-80.03580307,42003562600
0128R00200000000,2005 BEECHWOOD BLVD,MUNICIPAL URBAN RENEWAL,GOVERNMENT,URA,Swisshelm Park,RP,40.42354247925009,-79.90543607,42003141100
0174F00165000000,7240 MONTICELLO ST,SINGLE FAMILY,RESIDENTIAL,Private,Homewood North,R2-L,40.45891706016242,-79.89368922,42003130200
0009N00031000000,965 LIBERTY AVE,RETL/OFF OVER,COMMERCIAL,Private,Central Business District,GT-C,40.44379491181425,-79.99575245,42003020100
0125A00186000000,211 MAYFLOWER ST,VACANT LAND,RESIDENTIAL,City,Larimer,R1D-H,40.462188764994174,-79.91324396,42003120900
0010G00180000000,2426 WEBSTER AVE,SINGLE FAMILY,RESIDENTIAL,Private,Middle Hill,RM-M,40.44916806109226,-79.97309645,42003050100
0036N00024000000,2399 HIGH OAK DR,SINGLE FAMILY,RESIDENTIAL,Private,Banksville,R1D-L,40.40646137346061,-80.04628742,42003202300
0015D00059000000,87 HABERMAN AVE,SINGLE FAMILY,RESIDENTIAL,Private,Mount Washington,R1D-H,40.42350348459403,-80.00243359,42003180700
0067P00174000000,805 IDLEWOOD AVE,SINGLE FAMILY,RESIDENTIAL,Private,East Carnegie,R2-L,40.41581214970138,-80.07552878,42003562800
0055K00224000000,4511 GLADSTONE ST,SINGLE FAMILY,RESIDENTIAL,Private,Hazelwood,H,40.41684525,-79.94275027,42003562901
0004F00250000000,22 NATCHEZ ST,SINGLE FAMILY,RESIDENTIAL,Private,Mount Washington,R2-H,40.42926934143671,-80.00889951,42003191400
0013J00112000000,1924 ARLINGTON AVE,RETL/APT'S OVER,COMMERCIAL,Private,Arlington,RM-M,40.417610414973666,-79.97963461,42003161000
0029S00070000000,15 SYLVAN AVE,VACANT LAND,RESIDENTIAL,Private,Greenfield,H,40.42523828249195,-79.95016634,42003151600
0173C00012000000,1662 LINCOLN AVE,MUNICIPAL URBAN RENEWAL,GOVERNMENT,Private,Lincoln-Lemington-Belmar,R1D-L,40.47180820804684,-79.89096468,42003561900
0172N00060000000,6909 CHURCHLAND ST,SINGLE FAMILY,RESIDENTIAL,Private,Lincoln-Lemington-Belmar,RM-M,40.473156446626234,-79.898034,42003561900
0042M00312000000,2955 SACRAMENTO AVE,SINGLE FAMILY,RESIDENTIAL,Private,Sheraden,R1D-H,40.45755146543136,-80.05045571,42003562500
0087D00097000000,2276 SHADY AVE,SINGLE FAMILY,RESIDENTIAL,Private,Squirrel Hill South,R2-L,40.43152001035736,-79.91905099,42003140800
0012E00284000000,1600 BINGHAM ST,RETL/APT'S OVER,COMMERCIAL,Private,South Side Flats,R1A-VH,40.42939027326344,-79.98250525,42003170200
0035J00093000000,207 COAST AVE,SINGLE FAMILY,RESIDENTIAL,Private,Beechview,H,40.40842541655954,-80.0288915,42003192000
0013F00180000000,2124 SALISBURY ST,SINGLE FAMILY,RESIDENTIAL,Private,South Side Slopes,R1D-H,40.419084166869496,-79.97616651,42003160800
0024H00017000000,1337 TRUAX WAY,SINGLE FAMILY,RESIDENTIAL,Private,Troy Hill,R1D-H,40.45939399177354,-79.98691229,42003241300
0015S00073000000,824 ASHDALE ST,SINGLE FAMILY,RESIDENTIAL,Private,Beltzhoover,R2-H,40.415278238245435,-79.99969212,42003562400
0080D00290000000,5210 KEYSTONE ST,SINGLE FAMILY,RESIDENTIAL,Private,Upper Lawrenceville,R1A-VH,40.47961094586415,-79.95241431,42003101100
0173C00010000000,1662 LINCOLN AVE,SINGLE FAMILY,RESIDENTIAL,Private,Lincoln-Lemington-Belmar,R1D-L,40.47192479237747,-79.89085921,42003561900
0004A00107000000,200 MERRIMAC ST,MEDICAL CLINICS/OFFICES,COMMERCIAL,Private,Mount Washington,R1D-H,40.43278073474007,-80.01377673,42003190300
0174C00203000000,1315 OBERLIN ST,SINGLE FAMILY,RESIDENTIAL,Private,Lincoln-Lemington-Belmar,R1D-L,40.46218464902148,-79.89024952,42003561900
0107M00029000000,2064 MAZETTE PL,SINGLE FAMILY,RESIDENTIAL,Private,Fairywood,R1D-L,40.44672863175136,-80.08345441,42003563000
0013H00113000000,2623 PATTERSON ST,SINGLE FAMILY,RESIDENTIAL,Private,South Side Slopes,R1D-H,40.41906517430725,-79.97016062,42003160800
0015R00201000000,712 GEARING AVE,RES AUX BUILDING (NO HOUSE),RESIDENTIAL,Private,Beltzhoover,R2-H,40.41612723400506,-80.00509201,42003562400
0050M00007000000,325 N AIKEN AVE,SINGLE FAMILY,RESIDENTIAL,Private,Garfield,R2-H,40.46727187044467,-79.93515469,42003101900
0028E00146000000,120 ROBINSON ST,OWNED BY COLLEGE/UNIV/ACADEMY,GOVERNMENT,Private,West Oakland,R1A-VH,40.43833607585956,-79.96514066,42003040200
0046N00312000000,0 PERRYSVILLE AVE,VACANT LAND,RESIDENTIAL,Private,Perry South,R1D-H,40.462793807663594,-80.01315484,42003261400
0016R00067000000,1406 DAGMAR AVE,SINGLE FAMILY,RESIDENTIAL,Private,Beechview,R1D-H,40.414040599667935,-80.02329614,42003191600
0162R00226000000,4047 PERRYSVILLE AVE,FUNERAL HOMES,COMMERCIAL,Private,Perry North,LNC,40.49196453,-80.02141342,42003260200
0023E00190000000,600 ARMANDALE ST,FOUR FAMILY,RESIDENTIAL,Private,Central Northside,R1A-VH,40.45839601730837,-80.01401765,42003565100
0013K00308000000,2231 ARLINGTON AVE,SINGLE FAMILY,RESIDENTIAL,Private,South Side Slopes,LNC,40.41738015259083,-79.97471617,42003160800
0020M00228000000,1021 RUE GRANDE VUE ST,SINGLE FAMILY,RESIDENTIAL,Private,Elliott,R1D-H,40.44779589121653,-80.03616606,42003562600
0173R00116000000,1464 OBERLIN ST,SINGLE FAMILY,RESIDENTIAL,Private,Lincoln-Lemington-Belmar,R1D-L,40.46488725953158,-79.8897798,42003561900
0034K00348000000,685 SOUTHCREST DR,SINGLE FAMILY,RESIDENTIAL,Private,Brookline,R1D-L,40.406640568785306,-80.01168026,42003191700
0096A00004000000,2436 STARKAMP ST,SINGLE FAMILY,RESIDENTIAL,Private,Brookline,R1D-M,40.39401182388393,-80.0160449,42003191900
0080H00138000000,5216 HOLMES ST,SINGLE FAMILY,RESIDENTIAL,Private,Upper Lawrenceville,R1A-VH,40.479130933293305,-79.95164613,42003101100
0024C00134000000,1264 HIGH ST,SINGLE FAMILY,RESIDENTIAL,Private,Spring Garden,R1D-M,40.46157021,-79.98945844,42003241300
0024B00188000000,1042 GOEHRING ST,VACANT LAND,RESIDENTIAL,Private,Spring Hill-City View,H,40.46088160972453,-79.99391627,42003262000
0021P00195000000,1323 ROCKYHILL ST,SINGLE FAMILY,RESIDENTIAL,Private,Sheraden,H,40.45386525961991,-80.04216518,42003562500
0012S00196000000,2809 EDWARDS WAY,TWO FAMILY,RESIDENTIAL,City,South Side Slopes,R1A-VH,40.423966011973214,-79.96781601,42003160800
0092S00022000000,500 BALDWIN RD,RETL/APT'S OVER,COMMERCIAL,Private,Hays,UI,40.38603187,-79.93300284,42003565300
0045B00190000000,2802 MCDOWELL ST,SINGLE FAMILY,RESIDENTIAL,Private,Marshall-Shadeland,R1D-H,40.470737761743855,-80.02649868,42003271600
0011E00187000000,216 WICK ST,SINGLE FAMILY,RESIDENTIAL,City,Crawford-Roberts,RM-M,40.439557663517604,-79.97951992,42003030500
0006N00096000000,1935 WOODVILLE AVE,COMM AUX BUILDING,COMMERCIAL,Private,West End,UI,40.434121331245485,-80.03268882,42003562600
0032S00063000000,632 BECKS RUN RD,SINGLE FAMILY,RESIDENTIAL,City,St. Clair,P,40.4065205,-79.96862329,42003161000
0014G00146000000,927 LOYAL WAY,VACANT LAND,RESIDENTIAL,Private,Allentown,R1D-H,40.41974573535111,-79.98964096,42003180300
0137A00033000000,38 MAYTIDE ST,THREE FAMILY,RESIDENTIAL,Private,Carrick,R2-L,40.38455336960523,-79.97976405,42003290400
0087D00253000000,6349 PHILLIPS AVE,SINGLE FAMILY,RESIDENTIAL,Private,Squirrel Hill South,R2-L,40.43271356330649,-79.91641218,42003140800
0080L00016000A00,4822 BLACKBERRY WAY,ROWHOUSE,RESIDENTIAL,Private,Central Lawrenceville,LNC,40.47664908981782,-79.95782841,42003090100
0096C00146000000,1510 BELLAIRE PL,SINGLE FAMILY,RESIDENTIAL,Private,Brookline,R1D-L,40.39315657424588,-80.00537331,42003320600
0015B00108000000,434 BOGGS AVE,SINGLE FAMILY,RESIDENTIAL,Private,Mount Washington,R2-H,40.42345588672911,-80.01013098,42003191500
0004R00315000000,76 HARWOOD ST,SINGLE FAMILY,RESIDENTIAL,Private,Mount Washington,R1D-H,40.42398216606933,-80.00412306,42003180700
0094B00213000000,2707 CUSTER AVE,SINGLE FAMILY,RESIDENTIAL,Private,Carrick,R1D-L,40.39331357922983,-79.97600925,42003290400
0029C00317000100,3289 DAWSON ST,CONDOMINIUM,RESIDENTIAL,Private,South Oakland,R1A-VH,40.432726381427706,-79.9539674,42003040900
0025N00168000000,2227 PENN AVE,SMALL DETACHED RET(UNDER 10000),COMMERCIAL,Private,Strip District,RIV-IMU,40.452895875074915,-79.98178876,42003020300
0133J00222000000,1032 GOLDENROD ST,SINGLE FAMILY,RESIDENTIAL,Private,Lincoln Place,R1D-L,40.37753413928033,-79.91298931,42003310200
0049B00299000000,250 44TH ST,CONDOMINIUM COMMON PROPERTY,RESIDENTIAL,Private,Central Lawrenceville,R1A-H,40.470148883334666,-79.95873449,42003090200
0005C00121000000,1321 VIRGINIA AVE,SINGLE FAMILY,RESIDENTIAL,Private,Duquesne Heights,R1D-M,40.432672934896544,-80.02172488,42003191100
0137E00102000000,2931 PARKDALE AVE,SINGLE FAMILY,RESIDENTIAL,Private,Carrick,R2-L,40.381465007330966,-79.9817695,42003290400
0014F00358000000,838 FREELAND ST,SINGLE FAMILY,RESIDENTIAL,Private,Allentown,R1D-H,40.418966693034484,-79.99214403,42003180300
0033A00244000000,429 PARKLOW ST,SINGLE FAMILY,RESIDENTIAL,Private,Knoxville,R1D-H,40.413222087231986,-79.99639324,42003300100
0047D00028000000,2 SCHUBERT ST,SINGLE FAMILY,RESIDENTIAL,Private,Spring Garden,R1D-L,40.471553936650096,-79.98674628,42003241300
0014N00206000000,433 ROCHELLE ST,SINGLE FAMILY,RESIDENTIAL,Private,Knoxville,R1D-H,40.415099680615235,-79.99682331,42003300100
0006F00249000000,219 SEWARD ST,SINGLE FAMILY,RESIDENTIAL,Private,Duquesne Heights,R1D-M,40.439508104733505,-80.0246035,42003191100
0004L00294000000,45 CUSHMAN ST,SINGLE FAMILY,RESIDENTIAL,Private,Mount Washington,R1D-H,40.42615642,-80.00413986,42003180700
0005F00044000000,1459 WOODRUFF ST,LODGE HALL/AMUSEMENT PARK,COMMERCIAL,Private,Duquesne Heights,UI,40.42898268996911,-80.02490554,42003191100
0055E00042000000,98 IRVINE ST,VACANT LAND,RESIDENTIAL,Private,Hazelwood,UI,40.42099003541075,-79.94915311,42003562901
0114D00058000000,1143 FLORA ST,TWO FAMILY,RESIDENTIAL,Private,Brighton Heights,H,40.49043708058583,-80.03398204,42003270800
0033J00164000000,117 SCHUCHERT ST,SINGLE FAMILY,RESIDENTIAL,Private,Bon Air,R1D-L,40.40817500432495,-79.99741614,42003562400
0042S00115000000,2750 BERGMAN ST,SINGLE FAMILY,RESIDENTIAL,Private,Sheraden,R1D-H,40.45337109672957,-80.05151631,42003562500
0081H00264000000,5062 ROSECREST PL,SINGLE FAMILY,RESIDENTIAL,Private,Stanton Heights,R1D-L,40.47741643431691,-79.93544541,42003100500
0083C00235000000,816 N BEATTY ST,SINGLE FAMILY,RESIDENTIAL,Private,Highland Park,R2-M,40.470940907004774,-79.92180272,42003110200
0174N00307000000,7228 SUSQUEHANNA ST,SINGLE FAMILY,RESIDENTIAL,Private,Homewood South,R1A-VH,40.4530618,-79.89717467,42003130800
0019H00121000000,40 NOBLESTOWN RD,SINGLE FAMILY,RESIDENTIAL,Private,Elliott,H,40.439380860852346,-80.03540503,42003562600
0027A00080000000,2923 ORBIN ST,SINGLE FAMILY,RESIDENTIAL,Private,Middle Hill,RM-M,40.45171815531769,-79.9660017,42003050100
0092S00029000000,500 BALDWIN RD,COMM AUX BUILDING,COMMERCIAL,Private,Hays,UI,40.38629636726635,-79.93291692,42003565300
0003L00009000000,820 NEWTON ST,SINGLE FAMILY,RESIDENTIAL,Private,South Side Slopes,H,40.42608617,-79.99076705,42003170600
0014D00267000000,2507 S 18TH ST,SINGLE FAMILY,RESIDENTIAL,Private,South Side Slopes,LNC,40.42157335715203,-79.98386737,42003170600
0042H00138000000,336 MINTON ST,SINGLE FAMILY,RESIDENTIAL,Private,Sheraden,R1D-H,40.45778752806566,-80.05103399,42003562500
0039C00326000000,1463 WILLOUGHBY ST,SINGLE FAMILY,RESIDENTIAL,Private,Westwood,R1D-L,40.43092417927809,-80.05635184,42003563100
0174J00322000000,7129 BENNETT ST,SINGLE FAMILY,RESIDENTIAL,Private,Homewood South,RM-M,40.45695516616105,-79.89763304,42003130800
0033K00128000000,219 REIFERT ST,ROWHOUSE,RESIDENTIAL,Private,Knoxville,R1D-H,40.40841025720316,-79.9928937,42003300100
COMMON GROUND, ,,,Private,South Side Flats,RIV-MU,40.539822654495715,-80.15236925,42003563800
0056R00292000000,321 JOHNSTON AVE,SINGLE FAMILY,RESIDENTIAL,Private,Hazelwood,R1D-M,40.40643821726794,-79.93888189,42003562300
0014N00240000000,427 BAUSMAN ST,SINGLE FAMILY,RESIDENTIAL,Private,Knoxville,R1D-H,40.414403569423996,-79.99634354,42003300100
0120K00186000000,5726 BUTLER ST,TWO FAMILY,RESIDENTIAL,Private,Stanton Heights,UI,40.48534119331214,-79.94514767,42003101800
0011L00062000000,110 KIRKPATRICK ST,ROWHOUSE,RESIDENTIAL,Private,West Oakland,UPR-B,40.43800773322497,-79.97245332,42003040200
0010M00196000000,2633 BRACKENRIDGE ST,ROWHOUSE,RESIDENTIAL,Private,Terrace Village,EMI,40.44667236859294,-79.96700237,42003051000
0004J00300000000,429 NATCHEZ ST,SINGLE FAMILY,RESIDENTIAL,Private,Mount Washington,R1D-H,40.427766735102104,-80.01250787,42003191400
0018C00204000000,540 RIDGEMONT DR,SINGLE FAMILY,RESIDENTIAL,Private,Ridgemont,R1D-L,40.43104472981513,-80.0380584,42003563100
0231N00187000000,641 SEAGIRT ST,SINGLE FAMILY,RESIDENTIAL,Private,East Hills,RM-M,40.45305635051392,-79.87985547,42003130600
0054J00283000000,407 ALGER ST,SINGLE FAMILY,RESIDENTIAL,Private,Greenfield,H,40.42664104,-79.94623977,42003151600
0174B00276000000,7245 KEDRON ST,ROWHOUSE,RESIDENTIAL,Private,Homewood North,R2-L,40.4606109,-79.89323392,42003130200
0032G00257000000,515 KOHNE ST,SMALL DETACHED RET(UNDER 10000),COMMERCIAL,Private,St. Clair,RM-M,40.410330683314804,-79.97351573,42003161000
0001J00062003300,812 GRANDVIEW AVE,CONDOMINIUM,RESIDENTIAL,Private,Mount Washington,GPRA,40.43629010867356,-80.01472665,42003190300
0007N00125000000,236 ELLIOTT ST,SINGLE FAMILY,RESIDENTIAL,Private,Elliott,H,40.44371414724355,-80.0317541,42003562600
0021J00029000000,330 HAMMOND ST,SINGLE FAMILY,RESIDENTIAL,Private,Sheraden,H,40.456295,-80.04941604,42003562500
0033R00178000000,150 WYNOKA ST,SINGLE FAMILY,RESIDENTIAL,Private,Carrick,R1D-H,40.404997006578036,-79.98693776,42003290200
0003L00096000000,1107 SARAH ST,ROWHOUSE,RESIDENTIAL,Private,South Side Flats,R1A-VH,40.42786074470167,-79.98717737,42003170200
0026H00362000000,460 TAYLOR ST,TWO FAMILY,RESIDENTIAL,Private,Bloomfield,H,40.459967915374754,-79.95334253,42003080200
0023F00330000000,1515 ARCH ST,ROWHOUSE,RESIDENTIAL,Private,Central Northside,R1A-VH,40.45831530118086,-80.00983931,42003565100
0003L00430000000,1110 BRADISH ST,BUILDERS LOT,RESIDENTIAL,Private,South Side Flats,R1A-VH,40.42700553195497,-79.98699092,42003170200
0125D00063000A00,1021 N MURTLAND ST,SINGLE FAMILY,RESIDENTIAL,City,Homewood West,R2-L,40.46020797430023,-79.9006234,42003130700
0042S00084000000,2755 BERGMAN ST,SINGLE FAMILY,RESIDENTIAL,Private,Sheraden,R1D-H,40.453230845916146,-80.05212655,42003562500
0013M00005000000,2845 PATTERSON ST,SINGLE FAMILY,RESIDENTIAL,Private,South Side Slopes,H,40.41862098596782,-79.96728797,42003160800
0056K00186000000,5035 2ND AVE,RETL/STOR OVER,COMMERCIAL,Private,Hazelwood,LNC,40.40740744793078,-79.94307635,42003562300
0047L00153000000,1916 BADER ST,SINGLE FAMILY,RESIDENTIAL,Private,Spring Hill-City View,R1D-H,40.466338001225274,-79.98848923,42003262000
0014L00094000000,103 JUCUNDA ST,SINGLE FAMILY,RESIDENTIAL,Private,Knoxville,R1D-H,40.41755505945034,-79.98837757,42003300100
0002G00004000000,1004 5TH AVE,OWNED BY COLLEGE/UNIV/ACADEMY,GOVERNMENT,Private,Bluff,UPR-A,40.438549278847596,-79.99066991,42003010302
0009R00146000000,1539 BEDFORD AVE,"CHURCHES, PUBLIC WORSHIP",COMMERCIAL,Private,Crawford-Roberts,RM-M,40.44457324602558,-79.98747689,42003030500
0096E00125000000,1229 WAREMAN AVE,SINGLE FAMILY,RESIDENTIAL,Private,Brookline,R1D-M,40.39049652956791,-80.01231455,42003191800
0124N00017000000,157 AUBURN ST,SINGLE FAMILY,RESIDENTIAL,Private,Larimer,R2-H,40.46268111252183,-79.91510027,42003120900
0055F00231000000,371 BIGELOW ST,SINGLE FAMILY,RESIDENTIAL,Private,Greenfield,R1D-M,40.41947781997563,-79.94183008,42003151600
0013C00337000000,2316 MISSION ST,TWO FAMILY,RESIDENTIAL,Private,South Side Slopes,R1D-H,40.422879322495255,-79.97291098,42003160800
0012G00170000000,2329 WHARTON ST,PARKING GARAGE/LOTS,COMMERCIAL,Private,South Side Flats,RIV-IMU,40.43057020094708,-79.97104535,42003160900
0056L00318000000,5034 AMPERE ST,SINGLE FAMILY,RESIDENTIAL,Private,Hazelwood,R1D-M,40.408733276739454,-79.93857629,42003562300
0040G00005000000,1526 CUMBERLAND ST,SINGLE FAMILY,RESIDENTIAL,Private,Crafton Heights,R2-L,40.43830104211657,-80.0575267,42003281500
0014N00219000000,418 ROCHELLE ST,ROWHOUSE,RESIDENTIAL,Private,Knoxville,R1D-H,40.414738911395176,-79.9961871,42003300100
0231N00105000000,8209 BRICELYN ST,TWO FAMILY,RESIDENTIAL,Private,East Hills,R2-L,40.45457216177626,-79.87977633,42003130600
0041R00064000000,1631 STEUBEN ST,SINGLE FAMILY,RESIDENTIAL,Private,Crafton Heights,R2-L,40.443407289663035,-80.05630263,42003281500
0001H00181001700,223 4TH AVE,CONDOMINIUM UNIT,COMMERCIAL,Private,Central Business District,GT-A,40.43994580043238,-80.00216541,42003020100
0033B00199000000,247 ARABELLA ST,SINGLE FAMILY,RESIDENTIAL,Private,Knoxville,R1D-H,40.41254240617528,-79.99264637,42003300100
0080H00210000000,5217 POE WAY,SINGLE FAMILY,RESIDENTIAL,Private,Upper Lawrenceville,R1A-VH,40.47853324708209,-79.95078607,42003101100
0124R00311000000,6625 LYRIC ST,SINGLE FAMILY,RESIDENTIAL,Private,Lincoln-Lemington-Belmar,RM-M,40.46433923309679,-79.90417215,42003120300
0125G00208000000,833 INWOOD ST,SINGLE FAMILY,RESIDENTIAL,Private,Homewood West,R2-L,40.45932702,-79.90495211,42003130700
0004S00011000000,28 HABERMAN AVE,SINGLE FAMILY,RESIDENTIAL,Private,Mount Washington,R1D-H,40.42595330880549,-80.00282483,42003180700
0049B00196000A00,4406 EDEN WAY,ROWHOUSE,RESIDENTIAL,Private,Central Lawrenceville,LNC,40.47190677,-79.95991188,42003090100
0033S00224000000,19 LACONA ST,SINGLE FAMILY,RESIDENTIAL,Private,Carrick,R1D-H,40.40508182054898,-79.9844945,42003290200
0014P00121000000,249 ROCHELLE ST,SINGLE FAMILY,RESIDENTIAL,Private,Knoxville,R1D-H,40.41519331429784,-79.99288613,42003300100
0055G00218000000,4318 MCCASLIN ST,SINGLE FAMILY,RESIDENTIAL,Private,Greenfield,R1D-M,40.42075236132796,-79.93762988,42003151700
0033A00330000000,433 MOORE AVE,TWO FAMILY,RESIDENTIAL,Private,Knoxville,R1D-H,40.41154846761314,-79.99607302,42003300100
0003L00219000000,106 S 9TH ST,SINGLE FAMILY,RESIDENTIAL,Private,South Side Flats,H,40.42706331996839,-79.98999738,42003170200
0096A00109000000,1063 BROOKLINE BLVD,COMM AUX BUILDING,COMMERCIAL,Private,Brookline,LNC,40.392067834080414,-80.01585765,42003191900
0003K00086000000,729 ARLINGTON AVE,SINGLE FAMILY,RESIDENTIAL,Private,South Side Slopes,H,40.42628801525268,-79.99160164,42003170600
0126E00001000000,518 GETTYSBURG ST,SINGLE FAMILY,RESIDENTIAL,Private,Point Breeze,R1D-M,40.44940191265442,-79.9161255,42003140400
0035R00002000000,1839 REALTY AVE,SINGLE FAMILY,RESIDENTIAL,Private,Beechview,R1D-H,40.40643369654167,-80.0242584,42003192000
0163E00125000000,4493 MOREFIELD ST,SINGLE FAMILY,RESIDENTIAL,Private,Summer Hill,R1D-M,40.49880756915513,-80.01387806,42003261300
0004P00179000000,163 SOUTHERN AVE,TWO FAMILY,RESIDENTIAL,Private,Mount Washington,R2-H,40.424858689993464,-80.00957173,42003191400
0174B00061000000,7255 UPLAND ST,SINGLE FAMILY,RESIDENTIAL,Private,Homewood North,R2-L,40.46178446371837,-79.89242566,42003130700
0045N00285000000,1413 HALSEY PL,SINGLE FAMILY,RESIDENTIAL,Private,Marshall-Shadeland,R1A-VH,40.46383731933602,-80.03151476,42003271600
0009N00176000000,819 PENN AVE,OFFICE-ELEVATOR -3 + STORIES,COMMERCIAL,Private,Central Business District,GT-C,40.44384732849428,-79.99869908,42003020100
0046N00146000000,0 HOLYOKE ST,VACANT LAND,RESIDENTIAL,Private,Perry South,H,40.464435083475195,-80.01404346,42003261400
0022H00039000000,924 CALIFORNIA AVE,SINGLE FAMILY,RESIDENTIAL,Private,California-Kirkbride,RM-M,40.45925810404919,-80.02010687,42003565200
0173C00306000000,258 TRAVELLA BLVD,SINGLE FAMILY,RESIDENTIAL,Private,Lincoln-Lemington-Belmar,R1D-L,40.47137472173521,-79.88805576,42003561900
0081H00254000000,5070 ROSECREST DR,SINGLE FAMILY,RESIDENTIAL,Private,Stanton Heights,R1D-L,40.47705897150627,-79.93493484,42003100500
0060E00193000000,1419 NOBLES LN,SINGLE FAMILY,RESIDENTIAL,Private,Carrick,R2-L,40.39950574599414,-79.99741664,42003290100
0077N00089000000,258 KENNEDY AVE,SINGLE FAMILY,RESIDENTIAL,Private,Perry South,R1D-H,40.47432395029069,-80.01273715,42003261500
0071G00226000000,3599 HARLOW PL,SINGLE FAMILY,RESIDENTIAL,Private,Chartiers City,R1D-L,40.45852410848178,-80.07159672,42003563000
0002G00022000000,1100 5TH AVE,OFFICE-WALKUP -3 + STORIES,COMMERCIAL,Private,Bluff,UPR-A,40.43848241190682,-79.98918557,42003010302
0049J00256000000,269 ATER WAY,SINGLE FAMILY,RESIDENTIAL,Private,Lower Lawrenceville,R1A-H,40.46504950684585,-79.96251665,42003060300
0014A00076000000,436 KINGSBORO ST,ROWHOUSE,RESIDENTIAL,Private,Beltzhoover,R2-H,40.421617015488344,-79.99902824,42003562400
0013L00308000000,2436 CHARCOT ST,SINGLE FAMILY,RESIDENTIAL,Private,Arlington,R2-L,40.41661750447216,-79.97157565,42003161000
0002A00025000000,820 LIBERTY AVE,RETL/APT'S OVER,COMMERCIAL,Private,Central Business District,GT-A,40.44261826182033,-79.99804869,42003020100
0056P00027000000,5228 LYTLE ST,SINGLE FAMILY,RESIDENTIAL,Private,Hazelwood,GI,40.40421151885668,-79.94508848,42003562901
0011K00144000B00,2011 TUSTIN ST,ROWHOUSE,RESIDENTIAL,Private,Bluff,UPR-B,40.43698522927074,-79.97742658,42003010302
0005F00030000000,1459 WOODRUFF ST,VACANT LAND,RESIDENTIAL,Private,Duquesne Heights,UI,40.42846496874981,-80.02479483,42003191100
0003N00159000000,2 MILLBRIDGE ST,SINGLE FAMILY,RESIDENTIAL,Private,Allentown,R1D-H,40.42409107504547,-79.99610309,42003180300
0051L00131000000,5242 BAUM BLVD,PARKING GARAGE/LOTS,COMMERCIAL,Private,Bloomfield,LNC,40.45626996528049,-79.94010767,42003080400
0042G00274000000,3261 MOTOR ST,SINGLE FAMILY,RESIDENTIAL,Private,Sheraden,H,40.459214524396856,-80.0570311,42003562500
0124M00003000000,6615 ROWAN ST,MUNICIPAL GOVERNMENT,GOVERNMENT,City,Lincoln-Lemington-Belmar,RM-M,40.465017619527295,-79.90349968,42003120300
0014D00162000000,208 SAINT THOMAS ST,SINGLE FAMILY,RESIDENTIAL,Private,South Side Slopes,R1A-VH,40.42279709743075,-79.98522157,42003170600
0080G00213000000,5145 CARNEGIE ST,SINGLE FAMILY,RESIDENTIAL,Private,Upper Lawrenceville,R1A-VH,40.479145146644825,-79.95434197,42003101100
0174R00314000000,7741 KELLY ST,ROWHOUSE,RESIDENTIAL,City,Homewood South,RM-M,40.45352879223913,-79.8872605,42003130800
0046A00044000000,2645 LELAND ST,SINGLE FAMILY,RESIDENTIAL,Private,Perry South,R1D-H,40.47190192765485,-80.012826,42003261500
0042L00167000000,3134 LANDIS ST,SINGLE FAMILY,RESIDENTIAL,Private,Sheraden,R1D-H,40.45736647607077,-80.05637625,42003562500
0004P00054000000,50 NORTON ST,SINGLE FAMILY,RESIDENTIAL,Private,Mount Washington,R1D-H,40.425712941194796,-80.01060709,42003191400
0173J00316000000,327 MINGO ST,SINGLE FAMILY,RESIDENTIAL,Private,Lincoln-Lemington-Belmar,RM-M,40.46586195606757,-79.89531111,42003561900
0083C00319000000,825 N HIGHLAND AVE,SINGLE FAMILY,RESIDENTIAL,Private,Highland Park,R1D-L,40.470628884217454,-79.92095776,42003110200
0051J00022000000,130 MOREWOOD AVE,SINGLE FAMILY,RESIDENTIAL,Private,Bloomfield,R2-M,40.45587749008343,-79.94914369,42003080400
0057G00170000A00,5618 2ND AVE,ROWHOUSE,RESIDENTIAL,Private,Hazelwood,R1A-H,40.40044686825069,-79.93884321,42003562300
0049B00386000000,229 45TH ST,LODGE HALL/AMUSEMENT PARK,COMMERCIAL,Private,Central Lawrenceville,R1A-H,40.471666821281445,-79.95819215,42003090200
0014G00251000000,990 INDUSTRY ST,SINGLE FAMILY,RESIDENTIAL,Private,Allentown,R1D-H,40.420746135502334,-79.98835966,42003180300
0013G00385000000,2413 SALISBURY ST,SINGLE FAMILY,RESIDENTIAL,Private,South Side Slopes,R1D-H,40.41891423880275,-79.97211939,42003160800
0011E00113000000,1901 5TH AVE,RETL/APT'S OVER,COMMERCIAL,Private,Crawford-Roberts,UPR-B,40.43852034583469,-79.97926168,42003030500
0174S00240000000,8003 BENNETT ST,AUTO SERV STATION,COMMERCIAL,Private,East Hills,NDI,40.45439215613324,-79.88397855,42003130600
0005G00283000000,753 LIME ST,SINGLE FAMILY,RESIDENTIAL,Private,Duquesne Heights,P,40.42882939257113,-80.02365978,42003191100
0174H00056000000,0 WHEELER ST,SINGLE FAMILY,RESIDENTIAL,Private,Homewood North,R2-L,40.459804398467334,-79.88447295,42003130700
0124H00155000000,1329 PAULSON AVE,SINGLE FAMILY,RESIDENTIAL,Private,Lincoln-Lemington-Belmar,RM-M,40.46947436,-79.90025188,42003120300
0033B00048000000,225 MATHEWS AVE,SINGLE FAMILY,RESIDENTIAL,Private,Knoxville,R1D-H,40.41345542624926,-79.99232369,42003300100
0184N00071000000,5751 INTERBORO AVE,SINGLE FAMILY,RESIDENTIAL,Private,Lincoln Place,R1D-L,40.36601327546705,-79.9123374,42003310200
0010G00081000000,634 WATT ST,SINGLE FAMILY,RESIDENTIAL,Private,Middle Hill,RM-M,40.44973434439815,-79.97061279,42003050100
0056R00090000000,227 WINSTON ST,SINGLE FAMILY,RESIDENTIAL,Private,Hazelwood,R1A-H,40.40516143311783,-79.94041915,42003562300
0174G00250000000,7451 HERMITAGE ST,SINGLE FAMILY,RESIDENTIAL,Private,Homewood North,RM-M,40.45898543,-79.88886051,42003130700
0004G00069000000,309 SHILOH ST,OFFICE/RETAIL OVER,COMMERCIAL,Private,Mount Washington,LNC,40.42903756529667,-80.0071813,42003191400
0137A00286000000,149 CLAUS AVE,SINGLE FAMILY,RESIDENTIAL,Private,Carrick,R2-L,40.38272899160873,-79.98172751,42003290400
0001C01662024500,320 FORT DUQUESNE BLVD,CONDOMINIUM,RESIDENTIAL,Private,Central Business District,GT-D,40.442192085358315,-80.00684204,42003020100
0003M00343000000,131 S 12TH ST,ROWHOUSE,RESIDENTIAL,Private,South Side Flats,R1A-VH,40.42651880295074,-79.98612475,42003170200
0057G00224000000,5517 2ND AVE,SINGLE FAMILY,RESIDENTIAL,Private,Hazelwood,R1A-H,40.40147323,-79.93966382,42003562300
0095L00189000000,2282 ALMONT ST,SINGLE FAMILY,RESIDENTIAL,Private,Carrick,R1D-L,40.38842750070296,-79.98876236,42003290400
0014P00216000000,323 BAUSMAN ST,SINGLE FAMILY,RESIDENTIAL,Private,Knoxville,R1D-H,40.41446327281235,-79.9941044,42003300100
0025L00027000000,2828 LIBERTY AVE,COMM AUX BUILDING,COMMERCIAL,Private,Polish Hill,UI,40.45659238742708,-79.97338046,42003060500
0026N00205000000,3363 MONROE ST,SINGLE FAMILY,RESIDENTIAL,Private,Upper Hill,R2-L,40.45495667118139,-79.96386091,42003050600
0056R00243000000,301 WINSTON ST,SINGLE FAMILY,RESIDENTIAL,Private,Hazelwood,R1A-H,40.405344808672524,-79.93927638,42003562300
0026J00075000000,0 HERRON AVE,VACANT LAND,RESIDENTIAL,Private,Polish Hill,R2-H,40.45634862478359,-79.9650422,42003060500
0004L00169010000,6 NEFF ST,CONDOMINIUM,RESIDENTIAL,Private,Mount Washington,R2-H,40.42756542216519,-80.00579719,42003191400
0174P00391000000,7514 BENNETT ST,TWO FAMILY,RESIDENTIAL,Private,Homewood South,RM-M,40.45506506330101,-79.89175213,42003130800
0015D00180000000,412 EUREKA ST,SINGLE FAMILY,RESIDENTIAL,Private,Mount Washington,R1D-H,40.42362499,-80.00023784,42003180700
0087G00109000000,6328 FORWARD AVE,TWO FAMILY,RESIDENTIAL,Private,Squirrel Hill South,RM-M,40.42864715055735,-79.92032276,42003141400
0174G00287000000,1209 PINERIDGE ST,SINGLE FAMILY,RESIDENTIAL,Private,Homewood North,RM-M,40.45954808526941,-79.88993034,42003130700
0045N00224000000,2341 ATMORE ST,SINGLE FAMILY,RESIDENTIAL,Private,Marshall-Shadeland,R1A-VH,40.46330426778096,-80.0308609,42003271600
0081M00301000000,954 ORANMORE ST,SINGLE FAMILY,RESIDENTIAL,Private,Stanton Heights,R1D-L,40.476702318666966,-79.93682498,42003100500
0051M00073000000,5535 CENTRE AVE,ROWHOUSE,RESIDENTIAL,Private,Friendship,UNC,40.45714444281528,-79.93557556,42003080700
0023L00175000000,1207 LORAINE ST,VACANT LAND,RESIDENTIAL,Private,Central Northside,R1A-VH,40.45627842856194,-80.00574735,42003565100
0016R00103000000,1217 DAGMAR AVE,SINGLE FAMILY,RESIDENTIAL,Private,Beechview,R1D-H,40.415888794167785,-80.0228551,42003191600
0050E00018000000,418 N MATHILDA ST,SINGLE FAMILY,RESIDENTIAL,Private,Garfield,R1A-H,40.468143655655616,-79.94539017,42003101900
0042S00169000000,2779 ZEPHYR AVE,SINGLE FAMILY,RESIDENTIAL,Private,Sheraden,R1D-H,40.45423557526589,-80.05181244,42003562500
0011E00009000000,1712 5TH AVE,VACANT COMMERCIAL LAND,COMMERCIAL,Private,Bluff,UPR-A,40.438171236378146,-79.98213229,42003010302
0032E00062000000,413 WALDE ST,SINGLE FAMILY,RESIDENTIAL,Private,Mt. Oliver,R1D-M,40.41069786628973,-79.98083122,42003161000
0050S00001000000,5345 PENN AVE,LODGE HALL/AMUSEMENT PARK,COMMERCIAL,Private,Garfield,LNC,40.46485460775129,-79.93682924,42003101900
0045M00292000000,520 CHESTER AVE,SINGLE FAMILY,RESIDENTIAL,Private,Perry South,H,40.466668912284106,-80.01636147,42003261400
0014N00114000000,503 MICHIGAN ST,RES AUX BUILDING (NO HOUSE),RESIDENTIAL,Private,Beltzhoover,R2-H,40.41617451182714,-79.99790011,42003562400
0129H00103000000,1248 POCONO ST,SINGLE FAMILY,RESIDENTIAL,Private,Swisshelm Park,R1D-L,40.41943989787858,-79.90206409,42003141100
0094F00241000000,2719 WATERMAN AVE,SINGLE FAMILY,RESIDENTIAL,Private,Carrick,R1D-L,40.39178094967181,-79.9755574,42003290400
0023C00215000000,1709 LANARK ST,VACANT LAND,RESIDENTIAL,Private,Fineview,R1D-H,40.46160561674187,-80.00472112,42003250900
0056J00087000000,316 PATH WAY,SINGLE FAMILY,RESIDENTIAL,Private,Hazelwood,R1A-VH,40.40712916527811,-79.94624379,42003562901
0114R00199000000,1413 COOPER AVE,SINGLE FAMILY,RESIDENTIAL,Private,Brighton Heights,R1D-M,40.483452796232115,-80.03732317,42003270100
0006R00007000000,426 AUGUSTA ST,SINGLE FAMILY,RESIDENTIAL,Private,Duquesne Heights,R1A-H,40.435496150111405,-80.02429722,42003191100
0024F00130000000,1006 SALTER WAY,SINGLE FAMILY,RESIDENTIAL,City,Spring Garden,R1A-VH,40.45851628,-79.99456453,42003241300
0013D00057000000,75 BARRY ST,SINGLE FAMILY,RESIDENTIAL,Private,South Side Slopes,H,40.42282959577887,-79.97010365,42003160800
0021N00054000000,2657 MERWYN AVE,VACANT LAND,RESIDENTIAL,Private,Sheraden,H,40.45341665952429,-80.04867346,42003562500
0172N00017000000,6953 LEMINGTON AVE,SINGLE FAMILY,RESIDENTIAL,Private,Lincoln-Lemington-Belmar,RM-M,40.47254181474296,-79.89877335,42003561900
0080P00086000A00,187 LOCARNA WAY,VACANT LAND,RESIDENTIAL,Private,Central Lawrenceville,R1A-VH,40.47225718524586,-79.96000569,42003090100
0024G00139000000,1332 TRUAX WAY,SINGLE FAMILY,RESIDENTIAL,Private,Troy Hill,R1D-H,40.45945132595754,-79.98714623,42003241300
0085C00032000200,6109 5TH AVE,CONDOMINIUM,RESIDENTIAL,Private,Shadyside,RM-M,40.45258189062588,-79.9230532,42003070600
0013C00343000000,2315 MISSION ST,SINGLE FAMILY,RESIDENTIAL,Private,South Side Slopes,R1D-H,40.423295160117846,-79.9728593,42003160800
0082M00193000000,5822 BRYANT ST,ROWHOUSE,RESIDENTIAL,Private,Highland Park,LNC,40.475643438155785,-79.9200428,42003110200
0033E00271000000,429 ALICE ST,SINGLE FAMILY,RESIDENTIAL,City,Knoxville,R1D-M,40.410352885382025,-79.99655884,42003300100
0087S00110000000,6457 MONITOR ST,SINGLE FAMILY,RESIDENTIAL,Private,Squirrel Hill South,R1D-L,40.42525226369074,-79.91750245,42003141400
0015B00092000000,517 GRIFFIN ST,SINGLE FAMILY,RESIDENTIAL,Private,Mount Washington,R1D-H,40.42269531,-80.01077524,42003191500
0049S00101000000,4664 GANGWISH ST,SINGLE FAMILY,RESIDENTIAL,Private,Bloomfield,LNC,40.464026557319876,-79.95162233,42003090300
0080D0011400AL00,5239 NATRONA WAY,ROWHOUSE,RESIDENTIAL,Private,Upper Lawrenceville,R1A-VH,,,
0006B00161090100,1700 GRANDVIEW AVE,CONDOMINIUM,RESIDENTIAL,Private,Duquesne Heights,GPRB,40.44089408992124,-80.02497578,42003191100
0071P00130000000,3500 CLEARFIELD ST,CEMETERY/MONUMENTS,COMMERCIAL,Private,Windgap,P,40.45375204644313,-80.07519132,42003563000
0041H00197000000,805 DUBOIS ST,ROWHOUSE,RESIDENTIAL,Private,Crafton Heights,P,40.45006556536976,-80.05075462,42003281400
0055P00169000000,0 SYLVAN AVE,VACANT LAND,RESIDENTIAL,Private,Hazelwood,H,40.41475053,-79.94378347,42003562901
0049B00097000000,185 42ND ST,ROWHOUSE,RESIDENTIAL,Private,Central Lawrenceville,LNC,40.4706437,-79.96098177,42003090100
0042L00077000000,3106 BERGMAN ST,SINGLE FAMILY,RESIDENTIAL,Private,Sheraden,R1D-H,40.45705217096242,-80.05494691,42003562500
0174B00144000000,7320 UPLAND ST,SINGLE FAMILY,RESIDENTIAL,Private,Homewood North,RM-M,40.46097548901649,-79.89149928,42003130700
0185D00106000000,5137 GLENHURST RD,SINGLE FAMILY,RESIDENTIAL,Private,Lincoln Place,R1D-L,40.37421694449347,-79.91784232,42003310200
0174A00293000000,1127 N LANG AVE,RETL/APT'S OVER,COMMERCIAL,Private,Homewood North,R2-L,40.46054555068393,-79.89777559,42003130700
0060N00124000000,1875 SAW MILL RUN BLVD,AUTO SALES & SERVICE,COMMERCIAL,Private,Overbrook,HC,40.394888340002645,-79.99704782,42003320400
0022D00107000000,842 KIRKBRIDE ST,SINGLE FAMILY,RESIDENTIAL,Private,California-Kirkbride,R1A-M,40.46023699,-80.01858024,42003565200
0124N00401000000,6226 MEADOW ST,THREE FAMILY,RESIDENTIAL,Private,Larimer,LNC,40.464735956145255,-79.91428257,42003120900
0082H00068000000,5711 CALLOWHILL ST,SINGLE FAMILY,RESIDENTIAL,Private,Highland Park,R2-L,40.47797616868554,-79.92013661,42003110200
0125F00275000000,500 FINLEY ST,OFFICE-ELEVATOR -3 + STORIES,COMMERCIAL,Private,Larimer,UI,40.460235622239985,-79.90808182,42003120900
0055P00002000000,4624 CHATSWORTH AVE,SINGLE FAMILY,RESIDENTIAL,Private,Hazelwood,NDI,40.41400346845485,-79.94521772,42003562901
0055S00058000000,5 TESLA ST,SINGLE FAMILY,RESIDENTIAL,Private,Hazelwood,H,40.41459358043069,-79.93308003,42003562300
0057C00360000000,251 RENOVA ST,SINGLE FAMILY,RESIDENTIAL,Private,Hazelwood,R1A-H,40.40238663563047,-79.93762598,42003562300
0124H00019000000,1257 ALBUM ST,SINGLE FAMILY,RESIDENTIAL,Private,Lincoln-Lemington-Belmar,RM-M,40.469662980379944,-79.90193344,42003120300
0042C00095000000,302 OREGON ST,FOUR FAMILY,RESIDENTIAL,Private,Esplen,R1D-H,40.461773788481516,-80.05389317,42003562500
0014M00011000000,1049 MOUNT OLIVER ST,SINGLE FAMILY,RESIDENTIAL,Private,South Side Slopes,RM-M,40.41839143,-79.98652225,42003170600
0081L00200000000,854 ORANMORE ST,SINGLE FAMILY,RESIDENTIAL,Private,Stanton Heights,R1D-L,40.47479843486859,-79.93732684,42003100500
0055S00064000000,6 PRESCOTT ST,SINGLE FAMILY,RESIDENTIAL,Private,Hazelwood,H,40.414421349278506,-79.93343704,42003562300
0075M00003000000,3273 BAINTON ST,SINGLE FAMILY,RESIDENTIAL,Private,Brighton Heights,R1A-H,40.47483212425028,-80.03686842,42003270300
0097G00064000000,808 BAYRIDGE AVE,SINGLE FAMILY,RESIDENTIAL,Private,Brookline,R1D-M,40.39151464364584,-80.02223623,42003191800
0019C00213000000,911 AMHERST ST,ROWHOUSE,RESIDENTIAL,Private,Elliott,R1A-H,40.441589460851674,-80.03995715,42003562600
0054L00073000000,3913 NANTASKET ST,ROWHOUSE,RESIDENTIAL,Private,Greenfield,RM-M,40.42740368384136,-79.94038324,42003151600
0047E00114000000,5 SHANK ST,SINGLE FAMILY,RESIDENTIAL,Private,Spring Hill-City View,H,40.469386451252525,-79.99761537,42003262000
0026A00093000000,3638 LIBERTY AVE,SINGLE FAMILY,RESIDENTIAL,Private,Lower Lawrenceville,R1A-H,40.46174736011369,-79.96240052,42003060300
0231K00271000000,721 WILKINSBURG AVE,SINGLE FAMILY,RESIDENTIAL,Private,East Hills,R2-L,40.455475787926524,-79.87557908,42003130600
0116J00233000000,3612 PERRYSVILLE AVE,SINGLE FAMILY,RESIDENTIAL,Private,Perry North,R1D-L,40.484816140583604,-80.01496204,42003260700
0085S00282000000,1427 DENNISTON ST,SINGLE FAMILY,RESIDENTIAL,Private,Squirrel Hill North,R2-L,40.44311213472041,-79.91853692,42003140300
0083S00293000000,112 AUBURN ST,SINGLE FAMILY,RESIDENTIAL,Private,Larimer,R2-H,40.46342965921299,-79.91665931,42003120900
0013L00034000000,2317 ARLINGTON AVE,SMALL DETACHED RET(UNDER 10000),COMMERCIAL,Private,South Side Slopes,LNC,40.41750567,-79.97379251,42003160800
0015S00196000000,817 ELDORA PL,SINGLE FAMILY,RESIDENTIAL,Private,Beltzhoover,R2-H,40.415331747531695,-80.00103708,42003562400
0090M00152000000,4339 ARMORHILL AVE,SINGLE FAMILY,RESIDENTIAL,Private,New Homestead,R1D-L,40.39790157319872,-79.91817494,42003565300
0063C00180000000,2724 STRACHAN AVE,SINGLE FAMILY,RESIDENTIAL,HACP,Banksville,R2-L,40.402950285317225,-80.03885556,42003202300
0050L00168000000,5171 JORDAN WAY,SINGLE FAMILY,RESIDENTIAL,Private,Garfield,R1D-H,40.46639722696734,-79.9399528,42003101900
0175H00134000000,7951 TIOGA ST,SINGLE FAMILY,RESIDENTIAL,Private,Homewood South,RM-M,40.44966324914053,-79.88496942,42003130800
0023K00135000A00,1234 PALO ALTO ST,TWO FAMILY,RESIDENTIAL,Private,Central Northside,R1A-H,40.456376037573236,-80.01090724,42003565100
0010G00002000000,2519 MAHON ST,ROWHOUSE,RESIDENTIAL,Private,Middle Hill,RM-M,40.44794588928626,-79.97076151,42003050100
0097D00199000000,2526 STARKAMP ST,SINGLE FAMILY,RESIDENTIAL,Private,Brookline,R1D-M,40.39282209712389,-80.01661647,42003191900
0174B00338000000,7221 HERMITAGE ST,SINGLE FAMILY,RESIDENTIAL,Private,Homewood North,R2-L,40.460159841261344,-79.89414384,42003130200
0001D00259C71600,301 5TH AVE,CONDOMINIUM,RESIDENTIAL,Private,Central Business District,GT-A,40.440668250061535,-79.99978303,42003020100
0012N00296000000,34 MAGDALENE ST,ROWHOUSE,RESIDENTIAL,Private,South Side Slopes,R1A-VH,40.423625436228406,-79.98044622,42003170600
0045G00046000000,833 MARSHALL AVE,SINGLE FAMILY,RESIDENTIAL,Private,Perry South,R1D-M,40.46805518826568,-80.02054604,42003261500
0022P00089000000,0 CHATEAU ST,VACANT LAND,RESIDENTIAL,Private,Manchester,R1A-H,40.454351421542206,-80.02816971,42003565200
0030A00308000000,3118 JANE ST,RES AUX BUILDING (NO HOUSE),RESIDENTIAL,Private,South Side Slopes,R2-L,40.42207770037732,-79.96331357,42003160800
0027B00084000000,818 BRYN MAWR RD,TWO FAMILY,RESIDENTIAL,Private,Upper Hill,R2-L,40.45210893958575,-79.9597016,42003050600
0025R00052000000,253 BRERETON ST,SINGLE FAMILY,RESIDENTIAL,Private,Strip District,H,40.454104850233406,-79.97422911,42003020300
0019S00156000000,434 GREENTREE RD,BARS,COMMERCIAL,Private,West End,LNC,40.43510289787201,-80.03424275,42003562600
0027C00045000000,3110 IOWA ST,SINGLE FAMILY,RESIDENTIAL,Private,Upper Hill,R2-L,40.45051385,-79.95752197,42003050600
0134F00240000000,17 SLATE ST,SINGLE FAMILY,RESIDENTIAL,Private,New Homestead,P,40.382058484624906,-79.92721416,42003565300
0085M00186000000,633 GETTYSBURG ST,ROWHOUSE,RESIDENTIAL,Private,Point Breeze,R1D-M,40.44778459816939,-79.91688691,42003140400
0024F00144000000,1024 SALTER WAY,SINGLE FAMILY,RESIDENTIAL,Private,Spring Garden,R1A-VH,40.45903461127692,-79.99424295,42003241300
0119S00059000000,204 54TH ST,ROWHOUSE,RESIDENTIAL,Private,Upper Lawrenceville,R1A-VH,40.48245176795279,-79.95083677,42003101100
0057C00094000000,37 ALMEDA ST,SINGLE FAMILY,RESIDENTIAL,Private,Hazelwood,R1A-H,40.40347407,-79.94036108,42003562300
0080P00083000000,180 45TH ST,SINGLE FAMILY,RESIDENTIAL,Private,Central Lawrenceville,R1A-VH,40.47245873190694,-79.96008977,42003090100
0050R00012000000,5211 PENN AVE,ROWHOUSE,RESIDENTIAL,Private,Garfield,LNC,40.46476171428108,-79.93949479,42003101900
0023C00199000000,1619 MYLER ST,SINGLE FAMILY,RESIDENTIAL,Private,Fineview,R1D-H,40.46130986064539,-80.0041411,42003250900
0019C00121000000,716 LINHART ST,SINGLE FAMILY,RESIDENTIAL,Private,Elliott,H,40.44164781837535,-80.03821139,42003562600
0120N00034000000,5436 NATRONA WAY,SINGLE FAMILY,RESIDENTIAL,Private,Upper Lawrenceville,R1A-VH,40.48256833446686,-79.94899542,42003101100
0014A00051000000,432 EDGEMONT ST,SINGLE FAMILY,RESIDENTIAL,Private,Mount Washington,R1D-H,40.42220447000704,-79.99922861,42003180700
0001J00062002400,812 GRANDVIEW AVE,CONDOMINIUM,RESIDENTIAL,Private,Mount Washington,GPRA,40.436335141860766,-80.01481676,42003190300
0033B00018000000,313 MATHEWS AVE,SINGLE FAMILY,RESIDENTIAL,Private,Knoxville,R1D-H,40.413649237995834,-79.99354771,42003300100
0015G00118000000,203 INDUSTRY ST,SINGLE FAMILY,RESIDENTIAL,Private,Beltzhoover,R2-H,40.420330617822266,-80.00442562,42003562400
0071M00088000000,3518 OLTMAN ST,SINGLE FAMILY,RESIDENTIAL,Private,Chartiers City,R1D-L,40.457160735705926,-80.06793427,42003563000
0138C00290000000,517 SUNNYLAND AVE,SINGLE FAMILY,RESIDENTIAL,Private,Overbrook,R1D-L,40.38236420655347,-79.98853733,42003320400
0040D00024000000,40 ARNOLD ST,SINGLE FAMILY,RESIDENTIAL,Private,Crafton Heights,R2-L,40.44139461231343,-80.05331649,42003281500
0042L00014000000,3032 ZEPHYR AVE,SINGLE FAMILY,RESIDENTIAL,Private,Sheraden,R1D-H,40.457174272908574,-80.05396771,42003562500
0006M00281000000,176 ONEIDA ST,TWO FAMILY,RESIDENTIAL,Private,Duquesne Heights,R1D-M,40.436282717193016,-80.02027637,42003191100
0042L00027000000,0 ZEPHYR AVE,VACANT LAND,RESIDENTIAL,City,Sheraden,R1D-H,40.457339338657974,-80.05473457,42003562500
0116P00181000000,185 WATSON BLVD,SINGLE FAMILY,RESIDENTIAL,Private,Perry North,R1D-L,40.48289069385286,-80.01034149,42003260700
0095C00242000000,17 W WOODFORD AVE,SINGLE FAMILY,RESIDENTIAL,Private,Carrick,R2-L,40.39305890659777,-79.98736481,42003290100
0095C00027000000,230 PARKFIELD ST,SINGLE FAMILY,RESIDENTIAL,Private,Carrick,R1D-L,40.39317871242479,-79.9907803,42003290100
0163G00048000000,4617 MOUNT TROY ROAD EXT,SINGLE FAMILY,RESIDENTIAL,Private,Summer Hill,H,40.49708908647227,-80.00691924,42003261300
0013H00351000000,2946 MISSION ST,TWO FAMILY,RESIDENTIAL,Private,South Side Slopes,R1D-H,40.420778150081034,-79.96612611,42003160800
0041D00021000000,1704 FUSION ST,SINGLE FAMILY,RESIDENTIAL,City,Crafton Heights,P,40.45207007033141,-80.05300583,42003281400
0012S00115000000,2811 JANE ST,ROWHOUSE,RESIDENTIAL,Private,South Side Flats,R2-VH,40.42484032241019,-79.96668595,42003160900
0020M00083000000,910 ELKTON ST,TWO FAMILY,RESIDENTIAL,Private,Elliott,R1D-M,40.44638509046658,-80.03523758,42003562600
0014R00194000000,129 BAUSMAN ST,SINGLE FAMILY,RESIDENTIAL,Private,Knoxville,R1D-H,40.414593719037356,-79.98957026,42003300100
0056N00109000A00,5137 BLAIR ST,ROWHOUSE,RESIDENTIAL,Private,Hazelwood,R1A-VH,40.40565852118009,-79.94602703,42003562901
0033P00325000000,18 MINOOKA ST,SINGLE FAMILY,RESIDENTIAL,Private,Carrick,R2-L,40.404484598171585,-79.99144256,42003290100
0088C00270000000,6650 LANDVIEW RD,SINGLE FAMILY,RESIDENTIAL,Private,Squirrel Hill South,R2-L,40.42151510379248,-79.9208609,42003141400
0175D00162000000,7922 INGLENOOK PL,ROWHOUSE,RESIDENTIAL,Private,Homewood South,RM-M,40.45093367821618,-79.8849746,42003130800
0173C00322000000,101 TRAVELLA BLVD,SINGLE FAMILY,RESIDENTIAL,Private,Lincoln-Lemington-Belmar,R1D-L,40.472150748784465,-79.88841155,42003561900
0120P00131000000,222 57TH ST,SINGLE FAMILY,RESIDENTIAL,Private,Upper Lawrenceville,R1D-H,40.48394936035366,-79.94528322,42003101100
0025P00011000000,2608 PENN AVE,MUNICIPAL GOVERNMENT,GOVERNMENT,City,Strip District,RIV-IMU,40.45486609239216,-79.97807586,42003020300
0173R00011000000,1326 OAKDENE ST,SINGLE FAMILY,RESIDENTIAL,Private,Lincoln-Lemington-Belmar,R1D-L,40.46270594645491,-79.8905886,42003561900
0046K00161000000,2125 FEDERAL STREET EXT,ROWHOUSE,RESIDENTIAL,City,Perry South,R1D-H,40.464988423796505,-80.01032516,42003261400
0095H00205000000,2140 HAZELDELL ST,SINGLE FAMILY,RESIDENTIAL,Private,Carrick,R1D-H,40.391960083407675,-79.98550161,42003290200
0049P00362000000,355 MANION WAY,SINGLE FAMILY,RESIDENTIAL,Private,Lower Lawrenceville,R1A-H,40.46271194372105,-79.9597938,42003060300
0015P00014000000,28 SYLVANIA AVE,SINGLE FAMILY,RESIDENTIAL,City,Beltzhoover,R2-H,40.41594126,-80.00857839,42003562400
0014K00199000000,322 JUCUNDA ST,TWO FAMILY,RESIDENTIAL,Private,Knoxville,R1D-H,40.417016362667475,-79.99418762,42003300100
0014R00166000000,110 ROCHELLE ST,VACANT LAND,RESIDENTIAL,Private,Knoxville,R1D-H,40.41494653248974,-79.98866193,42003300100
0046P00298000000,1900 FEDERAL STREET EXT,RETL/APT'S OVER,COMMERCIAL,Private,Fineview,R1D-L,40.46247550766375,-80.0085563,42003250900
0025C00192000000,3200 SMALLMAN ST,WAREHOUSE,INDUSTRIAL,Private,Strip District,RIV-IMU,40.46138746157453,-79.97038917,42003020300
0050M00310000000,5452 BROAD ST,SINGLE FAMILY,RESIDENTIAL,Private,Garfield,R2-H,40.465174966965385,-79.93389707,42003111400
0047S00258000000,1612 HATTERAS ST,ROWHOUSE,RESIDENTIAL,Private,Troy Hill,R1D-H,40.46360076395677,-79.98396926,42003241300
0014J00009000000,409 CHARLES ST,SINGLE FAMILY,RESIDENTIAL,Private,Knoxville,R1D-H,40.41664567463825,-79.99585607,42003300100
0042C00089000000,232 OREGON ST,ROWHOUSE,RESIDENTIAL,Private,Esplen,R1D-H,40.46219961069365,-80.05420616,42003562500
0125M00166000000,7009 KELLY ST,WAREHOUSE,INDUSTRIAL,Private,Homewood South,RM-M,40.456758945609494,-79.90117846,42003130800
0014F00184000000,834 INDUSTRY ST,SINGLE FAMILY,RESIDENTIAL,Private,Allentown,R1D-H,40.42063554170971,-79.99229537,42003180300
0004N00192000000,33 MARNE WAY,SINGLE FAMILY,RESIDENTIAL,Private,Mount Washington,P,40.423630866401275,-80.01320661,42003191400
0095H00199000000,2152 HAZELDELL ST,SINGLE FAMILY,RESIDENTIAL,Private,Carrick,R1D-H,40.39158366812957,-79.98571068,42003290200
0075B00285000000,3614 GRENADA ST,SINGLE FAMILY,RESIDENTIAL,Private,Brighton Heights,R1A-H,40.48010285,-80.04267378,42003270100
0056P00055000000,5145 LYTLE ST,SINGLE FAMILY,RESIDENTIAL,Private,Hazelwood,R1A-VH,40.40552518053011,-79.94479699,42003562901
0001C01662A00500,320 FORT DUQUESNE BLVD,CONDOMINIUM,RESIDENTIAL,Private,Central Business District,GT-D,40.442625847871156,-80.00682659,42003020100
0012J00257000000,1810 HARCUM WAY,SINGLE FAMILY,RESIDENTIAL,Private,South Side Flats,R1A-VH,40.426370165309685,-79.98029752,42003170200
0011L00059000000,2312 BEELEN ST,ROWHOUSE,RESIDENTIAL,Private,West Oakland,UPR-B,40.43792492601756,-79.9722616,42003040200
0012S00143000000,2714 JANE ST,TWO FAMILY,RESIDENTIAL,Private,South Side Flats,R2-VH,40.42493408313082,-79.9674999,42003160900
0014R00170000000,85 AMANDA AVE,SINGLE FAMILY,RESIDENTIAL,Private,Knoxville,LNC,40.41498579,-79.9883381,42003300100
0056R00091000000,225 WINSTON ST,SINGLE FAMILY,RESIDENTIAL,Private,Hazelwood,R1A-H,40.405147348442085,-79.94050793,42003562300
0046J00009000000,402 CHESTER AVE,SINGLE FAMILY,RESIDENTIAL,Private,Perry South,H,40.46731981558354,-80.01485914,42003261400
0062A00090000000,2807 NEELD AVE,TWO FAMILY,RESIDENTIAL,Private,Beechview,R1D-M,40.40248084242845,-80.03138381,42003192000
0049A00294000200,4011 FOSTER ST,ROWHOUSE,RESIDENTIAL,Private,Central Lawrenceville,RIV-IMU,40.47022908903721,-79.96347907,42003090100
0047A00265000000,1035 SHREVE ST,SINGLE FAMILY,RESIDENTIAL,Private,Spring Hill-City View,R1D-L,40.470615824021884,-79.99772826,42003262000
0174S00084000000,7721 BENNETT ST,SINGLE FAMILY,RESIDENTIAL,Private,Homewood South,RM-M,40.45446170761507,-79.88693408,42003130800
0173B00121000000,1614 LINCOLN AVE,SINGLE FAMILY,RESIDENTIAL,Private,Lincoln-Lemington-Belmar,R1D-L,40.47067609742119,-79.89197322,42003561900
0060C00298000000,121 LINNVIEW AVE,SINGLE FAMILY,RESIDENTIAL,Private,Carrick,R1D-H,40.403583297885994,-79.98790306,42003290200
0010M00014000000,2516 HALLETT ST,SINGLE FAMILY,RESIDENTIAL,Private,Middle Hill,RM-M,40.44713858879447,-79.96987643,42003050100
0040C00184000000,131 FORD ST,SINGLE FAMILY,RESIDENTIAL,Private,Crafton Heights,R2-L,40.442571080722225,-80.05552138,42003281500
0013C00281000000,2323 SIERRA ST,ROWHOUSE,RESIDENTIAL,Private,South Side Slopes,R1D-H,40.42178961391686,-79.97276563,42003160800
0046A00225000000,2641 LINWOOD AVE,SINGLE FAMILY,RESIDENTIAL,Private,Perry South,R1D-H,40.47142385202999,-80.01467566,42003261500
0080P00088000000,187 LOCARNA WAY,SINGLE FAMILY,RESIDENTIAL,Private,Central Lawrenceville,R1A-VH,40.472210500516674,-79.95993005,42003090100
0014N00085000000,454 MICHIGAN ST,SINGLE FAMILY,RESIDENTIAL,Private,Beltzhoover,R2-H,40.41572390852228,-79.99827589,42003562400
0044D00305000000,1426 EVANDALE RD,SINGLE FAMILY,RESIDENTIAL,Private,Marshall-Shadeland,R1D-H,40.469906104242334,-80.03315767,42003271600
0051R00102000000,582 S AIKEN AVE,SINGLE FAMILY,RESIDENTIAL,Private,Shadyside,R2-M,40.45331326419933,-79.93737916,42003070900
0174R00314000A00,7743 KELLY ST,ROWHOUSE,RESIDENTIAL,Private,Homewood South,RM-M,40.45351723776602,-79.88720784,42003130800
0083M00321000000,708 MOGA ST,ROWHOUSE,RESIDENTIAL,Private,East Liberty,R1A-H,40.46710939631458,-79.91729646,42003111300
0014M00003000000,1037 MOUNT OLIVER ST,LODGE HALL/AMUSEMENT PARK,COMMERCIAL,Private,South Side Slopes,H,40.418711456983296,-79.986806,42003170600
0053H00184000000,5387 NORTHUMBERLAND ST,SINGLE FAMILY,RESIDENTIAL,Private,Squirrel Hill North,R1D-L,40.43906815746861,-79.9347181,42003140100
0014P00174000000,226 ROCHELLE ST,SINGLE FAMILY,RESIDENTIAL,Private,Knoxville,R1D-H,40.41486422401655,-79.99185211,42003300100
0022B00208000000,1306 STRANMORE ST,SINGLE FAMILY,RESIDENTIAL,Private,California-Kirkbride,R1A-M,40.46070621166758,-80.02635619,42003565200
0174G00167000000,7350 HERMITAGE ST,SINGLE FAMILY,RESIDENTIAL,Private,Homewood North,R2-L,40.45904586262193,-79.89101515,42003130200
0067R00230000000,615 NOBLESTOWN RD,SINGLE FAMILY,RESIDENTIAL,Private,East Carnegie,P,40.41591313636065,-80.07182018,42003562800
0025N00205000000,2517 PENN AVE,LIGHT MANUFACTURING,INDUSTRIAL,Private,Strip District,RIV-IMU,40.45447882436317,-79.97951782,42003020300
0045A00025000000,1411 FORSYTHE ST,SINGLE FAMILY,RESIDENTIAL,Private,Marshall-Shadeland,R1D-H,40.47068123780054,-80.03243276,42003271600
0026N00017000000,0 MILWAUKEE ST,VACANT LAND,RESIDENTIAL,City,Upper Hill,R2-L,40.453394557510975,-79.96239266,42003050600
0012E00132000000,77 S 16TH ST,SINGLE FAMILY,RESIDENTIAL,Private,South Side Flats,R1A-VH,40.429640797002904,-79.98247279,42003170200
0026P00076000000,746 CLARISSA ST,ROWHOUSE,RESIDENTIAL,Private,Upper Hill,R2-L,40.453084553944066,-79.96026032,42003050600
0029C00054000000,3504 FRAZIER ST,SINGLE FAMILY,RESIDENTIAL,Private,South Oakland,R1A-H,40.43132145363663,-79.95672231,42003040900
0049R00009000000,4204 MAIN ST,ROWHOUSE,RESIDENTIAL,Private,Bloomfield,R1A-VH,40.46474318,-79.95427262,42003090300
0045E00333000000,1256 WOODLAND AVE,SINGLE FAMILY,RESIDENTIAL,Private,Marshall-Shadeland,R1A-VH,40.46935235294882,-80.0296253,42003271600
0085A00034000000,810 IVY ST,RETL/OFF OVER,COMMERCIAL,Private,Shadyside,LNC,40.451217623805555,-79.93225751,42003070300
0049B00402000000,4126 FOSTER ST,SINGLE FAMILY,RESIDENTIAL,Private,Central Lawrenceville,R1A-VH,40.47103273774252,-79.96195805,42003090100
0075H00238000000,3423 SHADELAND AVE,SINGLE FAMILY,RESIDENTIAL,Private,Brighton Heights,R1D-M,40.47784287,-80.03403626,42003270300
0020R00131000000,735 LORENZ AVE,SMALL DETACHED RET(UNDER 10000),COMMERCIAL,Private,Elliott,LNC,40.44412056954185,-80.03992399,42003562600
0175N00193000000,7609 EDGERTON AVE,ROWHOUSE,RESIDENTIAL,Private,Point Breeze,R2-L,40.44314687043026,-79.89621435,42003141200
0056D00066000000,553 FLOWERS AVE,SINGLE FAMILY,RESIDENTIAL,Private,Hazelwood,H,40.413713132743354,-79.93353481,42003562300
0055D00321000000,921 NORFOLK ST,SINGLE FAMILY,RESIDENTIAL,Private,Greenfield,R1D-H,40.42274809086116,-79.93298549,42003151700
0011K00263000000,2012 TUSTIN ST,ROWHOUSE,RESIDENTIAL,Private,Bluff,UPR-B,40.436673815343426,-79.97738727,42003010302
0028A00123000000,267 DUNSEITH ST,VACANT LAND,RESIDENTIAL,Private,West Oakland,R1A-VH,40.44279270392176,-79.96526901,42003040200
0033C00061000000,157 KNOX AVE,SINGLE FAMILY,RESIDENTIAL,Private,Knoxville,R1D-H,40.413506295410414,-79.99074051,42003300100
0138C00113000000,503 MAYTIDE ST,SINGLE FAMILY,RESIDENTIAL,Private,Overbrook,R1D-L,40.38407034713863,-79.98838487,42003320400
0024C00148000000,1242 HIGH ST,SINGLE FAMILY,RESIDENTIAL,Private,Spring Garden,R1D-M,40.46121206330301,-79.99017672,42003241300
0127P00085000000,6725 FOREST GLEN RD,SINGLE FAMILY,RESIDENTIAL,Private,Squirrel Hill South,R1D-VL,40.43495845622786,-79.90986081,42003140800
0096B00213000000,1411 BROOKLINE BLVD,SINGLE FAMILY,RESIDENTIAL,Private,Brookline,R1D-H,40.392580589949134,-80.00873069,42003320600
0055P00027000000,4529 MONONGAHELA ST,SINGLE FAMILY,RESIDENTIAL,Private,Hazelwood,R1D-H,40.41551709265425,-79.94514083,42003562901
0004J00040000000,502 GRACE ST,SINGLE FAMILY,RESIDENTIAL,Private,Mount Washington,P,40.42808486157584,-80.01500591,42003191400
0185L00158000000,910 MIFFLINRIDGE RD,SINGLE FAMILY,RESIDENTIAL,Private,Lincoln Place,R1D-L,40.36958014366861,-79.92186579,42003310200
0049C00041000000,4411 DAVISON ST,ROWHOUSE,RESIDENTIAL,Private,Central Lawrenceville,R1A-H,40.47036487794853,-79.95770878,42003090200
0013N00223000000,439 PARKWOOD RD,VACANT LAND,RESIDENTIAL,Private,Arlington,R2-L,40.41452276550072,-79.97976452,42003161000
0056N00125000000,401 W ELIZABETH ST,ROWHOUSE,RESIDENTIAL,Private,Hazelwood,R1A-VH,40.40633904192553,-79.94655084,42003562901
0046N00138000000,2131 HOLYOKE ST,SINGLE FAMILY,RESIDENTIAL,Private,Perry South,H,40.464106786508026,-80.01443865,42003261400
0014R00165000000,112 ROCHELLE ST,SINGLE FAMILY,RESIDENTIAL,Private,Knoxville,R1D-H,40.41494401311037,-79.988763,42003300100
0162R00349000000,4120 FRANKLIN RD,SINGLE FAMILY,RESIDENTIAL,Private,Perry North,R1D-L,40.49353289332485,-80.0208938,42003260200
0082E00105000000,1150 DUFFIELD ST,SINGLE FAMILY,RESIDENTIAL,Private,Morningside,R1D-H,40.47912655777163,-79.93157616,42003101400
0015S00087000000,848 ASHDALE ST,SINGLE FAMILY,RESIDENTIAL,Private,Beltzhoover,R2-H,40.41461190550209,-79.99966891,42003562400
0026F00258000000,3421 BIGELOW BLVD,OFFICE - 1-2 STORIES,COMMERCIAL,Private,Polish Hill,RM-M,40.457740190664474,-79.96162989,42003060500
0126A00246000000,6746 JUNIATA PL,TWO FAMILY,RESIDENTIAL,Private,Point Breeze,R1D-M,40.45140690685203,-79.91267978,42003140400
0049P00136000000,3829 MINTWOOD ST,SINGLE FAMILY,RESIDENTIAL,Private,Lower Lawrenceville,R1A-H,40.464112184547886,-79.96019339,42003060300
0115D00148000000,34 BONVUE ST,SINGLE FAMILY,RESIDENTIAL,Private,Perry North,R1D-M,40.49034162754787,-80.01709592,42003260200
0020L00148000000,1038 VALONIA ST,SINGLE FAMILY,RESIDENTIAL,Private,Elliott,R1D-H,40.44747516941349,-80.03770111,42003562600
0027A00263000000,630 OSSIPEE ST,SINGLE FAMILY,RESIDENTIAL,Private,Upper Hill,R2-L,40.45166608751596,-79.96323545,42003050600
0119S00053000000,5331 CARNEGIE ST,ROWHOUSE,RESIDENTIAL,Private,Upper Lawrenceville,R1A-VH,40.48223934975073,-79.95094969,42003101100
0050G00063000000,5191 ROSETTA ST,VACANT LAND,RESIDENTIAL,Private,Garfield,R1D-H,40.46784277309682,-79.93965065,42003101900
0134H00050000000,792 BEECHLAND ST,SINGLE FAMILY,RESIDENTIAL,Private,New Homestead,R1D-L,40.38092451209957,-79.92043934,42003565300
0049P00354000000,3913 LIBERTY AVE,VACANT COMMERCIAL LAND,COMMERCIAL,Private,Lower Lawrenceville,R1A-H,40.46279459255353,-79.95892666,42003060300
0010L00304000000,510 JUNILLA ST,SINGLE FAMILY,RESIDENTIAL,Private,Middle Hill,RM-M,40.44665158286538,-79.97064508,42003050100
0175H00033000000,7940 SUSQUEHANNA ST,SINGLE FAMILY,RESIDENTIAL,Private,Homewood South,RM-M,40.44847161331987,-79.88581139,42003130800
0042M00083000000,2949 GLEN MAWR ST,SINGLE FAMILY,RESIDENTIAL,Private,Sheraden,R1D-H,40.456172586554146,-80.05250774,42003562500
0003J00098000000,419 BAILEY AVE,SINGLE FAMILY,RESIDENTIAL,Private,Mount Washington,R1D-H,40.42697905346808,-79.9985779,42003180700
0014G00101000000,73 E AMANDA AVE,SINGLE FAMILY,RESIDENTIAL,Private,Allentown,R1D-H,40.41890073107383,-79.988352,42003180300
0004F00051000000,300 NATCHEZ ST,SINGLE FAMILY,RESIDENTIAL,Private,Mount Washington,R1D-H,40.42918786859878,-80.01085497,42003191400
0125A00375000000,169 AUBURN ST,SINGLE FAMILY,RESIDENTIAL,City,Larimer,R2-H,40.462392587238625,-79.91477609,42003120900
0019F00036000000,719 WYMORE ST,SINGLE FAMILY,RESIDENTIAL,Private,Elliott,R1D-L,40.43975270169578,-80.04154976,42003562600
0174P00167000000,7361 HAMILTON AVE,ROWHOUSE,RESIDENTIAL,Private,Homewood South,RM-M,40.453875432205976,-79.89336082,42003130800
0036S00262000000,626 WENZELL AVE,SINGLE FAMILY,RESIDENTIAL,Private,Beechview,R1D-M,40.404620572552446,-80.03317561,42003192000
0056G00016000000,342 FLOWERS AVE,SINGLE FAMILY,RESIDENTIAL,Private,Hazelwood,R1A-H,40.411335996845516,-79.93926317,42003562300
0125L00204000000,6919 HAMILTON AVE,SINGLE FAMILY,RESIDENTIAL,City,Homewood West,RM-M,40.45633641298979,-79.90375804,42003130700
0174P00175000000,7345 HAMILTON AVE,ROWHOUSE,RESIDENTIAL,Private,Homewood South,RM-M,40.45397526887059,-79.89380555,42003130800
0003G00140000000,47 S 11TH ST,ROWHOUSE,RESIDENTIAL,Private,South Side Flats,LNC,40.42907316314593,-79.98729011,42003170200
0022K00342000000,1307 N FRANKLIN ST,SINGLE FAMILY,RESIDENTIAL,Private,Manchester,R2-H,40.45594144912449,-80.02563385,42003565200
0124M00052000000,6619 DEARY ST,ROWHOUSE,RESIDENTIAL,Private,Lincoln-Lemington-Belmar,RM-M,40.46582214895226,-79.90316055,42003120300
0015E00015000000,34 SOFFEL ST,SINGLE FAMILY,RESIDENTIAL,Private,Mount Washington,R1D-H,40.41980543747816,-80.01416147,42003191500
0011K00172000000,214 SENECA ST,ROWHOUSE,RESIDENTIAL,Private,Bluff,UPR-B,40.43687758678785,-79.97619489,42003010302
0006R00190000000,401 SWEETBRIAR ST,APART: 5-19 UNITS,COMMERCIAL,Private,Duquesne Heights,R1D-M,40.43560772324769,-80.02201412,42003191100
0087J00156000000,1044 FLEMINGTON ST,SINGLE FAMILY,RESIDENTIAL,Private,Greenfield,R1D-H,40.42666007838036,-79.92915086,42003151700
0042R00230000000,933 CHETOPA ST,SINGLE FAMILY,RESIDENTIAL,Private,Sheraden,H,40.45290144753518,-80.05723289,42003202200
0026N00095000000,3374 WEBSTER AVE,SINGLE FAMILY,RESIDENTIAL,Private,Upper Hill,R2-L,40.45426539519081,-79.96247075,42003050600
0010P00149000000,2200 CENTRE AVE,RETL/APT'S OVER,COMMERCIAL,Private,Middle Hill,LNC,40.44507836724305,-79.97594144,42003050100
0011J00301000000,55 MILTENBERGER ST,ROWHOUSE,RESIDENTIAL,Private,Bluff,UPR-B,40.43630031998678,-79.98174128,42003010302
0060P00112000000,364 COPPERFIELD AVE,MOBILE HOME,RESIDENTIAL,Private,Carrick,R1D-L,40.39553469482616,-79.99427733,42003290100
0139F00081000000,166 AIDAN CT,TOWNHOUSE,RESIDENTIAL,Private,Brookline,R2-L,40.38134276622899,-80.01009087,42003191800
0015B00035000A00,512 GRIFFIN ST,SINGLE FAMILY,RESIDENTIAL,Private,Mount Washington,R1D-H,40.42291347508332,-80.01110081,42003191500
0124K00254000000,655 PAULSON AVE,SINGLE FAMILY,RESIDENTIAL,City,Larimer,H,40.46581149559769,-79.90900815,42003120900
0015H00304000000,304 E WARRINGTON AVE,RETL/APT'S OVER,COMMERCIAL,Private,Beltzhoover,LNC,40.42088370027177,-80.00208566,42003562400
0042G00132000000,3324 GLEN MAWR ST,TWO FAMILY,RESIDENTIAL,Private,Sheraden,H,40.45959574987896,-80.05667621,42003562500
0015P00027000000,4 SYLVANIA AVE,SINGLE FAMILY,RESIDENTIAL,Private,Beltzhoover,H,40.41587008394307,-80.00970453,42003562400
0059N00070000000,223 HORNADAY RD,SINGLE FAMILY,RESIDENTIAL,Private,Carrick,R1D-H,40.395939900116026,-79.98170888,42003290200
0033E00326000000,330 REIFERT ST,SINGLE FAMILY,RESIDENTIAL,Private,Knoxville,R1D-H,40.409173466628346,-79.99532621,42003300100
0162R00197000000,406 WABANA ST,SINGLE FAMILY,RESIDENTIAL,Private,Perry North,R1D-L,40.49189881729482,-80.02325783,42003260200
0014L00115000000,147 JUCUNDA ST,SINGLE FAMILY,RESIDENTIAL,Private,Knoxville,R1D-H,40.41754154469973,-79.99021627,42003300100
0042L00305000000,3021 LANDIS ST,CHARITABLE EXEMPTION/HOS/HOMES,OTHER,Private,Sheraden,R1D-H,40.45537072432703,-80.05537191,42003562500
0036N00133000000,2460 HAYSON AVE,SINGLE FAMILY,RESIDENTIAL,Private,Banksville,R1D-L,40.404327978193116,-80.04795473,42003202300
0120M00156000000,4602 AMSTERDAM ST,SINGLE FAMILY,RESIDENTIAL,Private,Stanton Heights,R1D-L,40.486730740492256,-79.93385354,42003101800
0032B00102000000,521 FISHER ST,COMMERCIAL GARAGE,COMMERCIAL,Private,Mt. Oliver,R1D-M,40.41149015915712,-79.97849408,42003161000
0033A00290000000,434 ARABELLA ST,SINGLE FAMILY,RESIDENTIAL,Private,Knoxville,R1D-H,40.412146114637004,-79.99638232,42003300100
0060D00211000000,317 BIRMINGHAM AVE,SINGLE FAMILY,RESIDENTIAL,Private,Carrick,R1D-H,40.403412341949995,-79.98364808,42003290200
0013M00093000000,2814 ECCLES ST,SINGLE FAMILY,RESIDENTIAL,Private,South Side Slopes,R1D-H,40.41786209187906,-79.96813054,42003160800
0174L00133000000,7622 FRANKSTOWN AVE,OFFICE - 1-2 STORIES,COMMERCIAL,Private,Homewood South,LNC,40.455513480279684,-79.88922907,42003130800
0056R00221000000,300 WINSTON ST,SINGLE FAMILY,RESIDENTIAL,Private,Hazelwood,R1A-H,40.40492052047995,-79.9391502,42003562300
0051K00061000000,5150 LIBERTY AVE,VACANT COMMERCIAL LAND,COMMERCIAL,Private,Bloomfield,LNC,40.45755737924063,-79.94201049,42003080400
0010L00110000000,2322 WYLIE AVE,SINGLE FAMILY,RESIDENTIAL,Private,Middle Hill,RM-M,40.44689603442779,-79.97392177,42003050100
0003M00426000000,1114 BRADISH ST,BUILDERS LOT,RESIDENTIAL,Private,South Side Flats,R1A-VH,40.42700773756391,-79.9868529,42003170200
0033R00162000000,129 WYNOKA ST,SINGLE FAMILY,RESIDENTIAL,Private,Carrick,R1D-H,40.40556484224391,-79.98803546,42003290200
0042G00268000000,0 GLEN MAWR ST,VACANT LAND,RESIDENTIAL,Private,Sheraden,R1D-H,40.45930743352422,-80.05642923,42003562500
0060E00211000000,1303 CLOVERDALE ST,SINGLE FAMILY,RESIDENTIAL,Private,Carrick,R2-L,40.40071363349688,-79.9974437,42003290100
0056C00074000000,0 FLOWERS AVE,VACANT LAND,RESIDENTIAL,Private,Hazelwood,R1D-H,40.41215673831469,-79.93700186,42003562300
0004P00045000000,454 NORTON ST,SINGLE FAMILY,RESIDENTIAL,Private,Mount Washington,R2-H,40.42516954695805,-80.01103184,42003191400
0018G00132000000,725 RIDGEMONT DR,SINGLE FAMILY,RESIDENTIAL,Private,Ridgemont,R1D-L,40.42888521,-80.03941926,42003563100
0174K00023000000,0 IDLEWILD ST,VACANT LAND,RESIDENTIAL,City,Homewood North,R2-L,40.45752141328325,-79.89403877,42003130200
0040G00277000000,1521 STRATMORE ST,SINGLE FAMILY,RESIDENTIAL,Private,Crafton Heights,R2-L,40.43856308427637,-80.05605946,42003281500
0045B00037000000,2915 STAYTON ST,SINGLE FAMILY,RESIDENTIAL,Private,Marshall-Shadeland,R1D-H,40.47147717713178,-80.028112,42003271600
0062A00106000000,2318 BROADWAY AVE,COMM AUX BUILDING,COMMERCIAL,Private,Beechview,R1D-M,40.401854154123306,-80.03143981,42003192000
0021J00138000000,2649 GLASGOW ST,OWNED BY METRO HOUSING AU,GOVERNMENT,HACP,Sheraden,H,40.45518835933167,-80.04695471,42003562500
0035E00158000000,849 COAST AVE,VACANT LAND,RESIDENTIAL,Private,Beechview,H,40.40914438571866,-80.03067266,42003192000
0003M00327000000,115 S 12TH ST,TWO FAMILY,RESIDENTIAL,Private,South Side Flats,R1A-VH,40.42703721469247,-79.98611818,42003170200
0014B00139000000,732 E WARRINGTON AVE,COMM AUX BUILDING,COMMERCIAL,Private,Allentown,LNC,40.42152567887527,-79.99430202,42003180300
0060R00185000000,1814 OAKHURST ST,SINGLE FAMILY,RESIDENTIAL,Private,Carrick,R2-L,40.39650688673001,-79.98977482,42003290100
0014F00368000000,861 LILLIAN ST,SINGLE FAMILY,RESIDENTIAL,Private,Allentown,R1D-H,40.41890103,-79.99132204,42003180300
0231R00088000000,2218 PARK HILL DR,TOWNHOUSE,RESIDENTIAL,Private,East Hills,RP,40.454145739915624,-79.87384167,42003130600
0012K00199003B00,130 S 22ND ST,CONDOMINIUM,RESIDENTIAL,Private,South Side Flats,NDI,40.42686689910777,-79.97492865,42003160900
0115D00226000000,3886 EAST ST,SINGLE FAMILY,RESIDENTIAL,Private,Perry North,LNC,40.48933530803265,-80.01754072,42003260200
0011J00300000000,57 MILTENBERGER ST,TWO FAMILY,RESIDENTIAL,Private,Bluff,UPR-B,40.43624790168206,-79.98174546,42003010302
0174M00313000000,7721 BAXTER ST,TWO FAMILY,RESIDENTIAL,Private,Homewood North,RM-M,40.456540919634335,-79.88680714,42003130700
0016L00018000000,1100 GLADYS AVE,SINGLE FAMILY,RESIDENTIAL,Private,Beechview,R1D-L,40.41806236578609,-80.02439711,42003191600
0014E00077000000,518 LOYAL WAY,SINGLE FAMILY,RESIDENTIAL,Private,Beltzhoover,R2-H,40.41943450042169,-79.99805788,42003562400
0006R00199000000,421 SWEETBRIAR ST,SINGLE FAMILY,RESIDENTIAL,Private,Duquesne Heights,R1D-M,40.43511804019392,-80.02209071,42003191100
0011J00220000000,300 GIST ST,VACANT LAND,RESIDENTIAL,Private,Bluff,UPR-B,40.436789885483606,-79.97970582,42003010302
0006E00247000000,1882 GREENLEAF ST,VACANT LAND,RESIDENTIAL,Private,Duquesne Heights,R1D-M,40.43831297712783,-80.03120774,42003191100
0041G00024000000,1243 STRAKA ST,SINGLE FAMILY,RESIDENTIAL,Private,Crafton Heights,R2-L,40.44952132013466,-80.05752076,42003281400
0174M00025000000,904 BLACKADORE ST,SINGLE FAMILY,RESIDENTIAL,City,Homewood North,LNC,40.455615471555895,-79.88313386,42003130700
0014K00222000000,222 JUCUNDA ST,SINGLE FAMILY,RESIDENTIAL,Private,Knoxville,R1D-H,40.41707134912413,-79.99220454,42003300100
0085A00184000000,5705 WALNUT ST,SINGLE FAMILY,RESIDENTIAL,Private,Shadyside,R2-M,40.45237231097202,-79.9306182,42003070500
0056L00299000000,5044 ORINOCO ST,SINGLE FAMILY,RESIDENTIAL,Private,Hazelwood,R1D-M,40.40834554030839,-79.9390925,42003562300
0014R00187000000,115 BAUSMAN ST,SINGLE FAMILY,RESIDENTIAL,Private,Knoxville,R1D-H,40.414611803978765,-79.98893417,42003300100
0172N00155000000,6934 HARTMAN LN,SINGLE FAMILY,RESIDENTIAL,Private,Lincoln-Lemington-Belmar,R1D-L,40.47330594053677,-79.89646408,42003561900
0046B00130000000,2941 N CHARLES ST,SINGLE FAMILY,RESIDENTIAL,Private,Perry South,R1D-H,40.47104270808445,-80.00969889,42003261500
0125B00327000000,519 FINLEY ST,SINGLE FAMILY,RESIDENTIAL,Private,Larimer,R1D-M,40.46071173399245,-79.90837963,42003120900
0046J00238000000,314 W BURGESS ST,SINGLE FAMILY,RESIDENTIAL,Private,Perry South,R1D-H,40.466374587230035,-80.01397011,42003261400
0062P00219000000,2712 PIONEER AVE,SINGLE FAMILY,RESIDENTIAL,Private,Brookline,R1D-M,40.39477087892227,-80.02569682,42003191900
0021E00089000000,1005 POWELL AVE,SINGLE FAMILY,RESIDENTIAL,Private,Esplen,RIV-MU,40.45792017115121,-80.04591802,42003562500
COMMON GROUND, ,,,Private,South Side Flats,RIV-MU,40.539822654495715,-80.15236925,42003563800
0174P00168000000,7359 HAMILTON AVE,ROWHOUSE,RESIDENTIAL,Private,Homewood South,RM-M,40.453887750471864,-79.89341559,42003130800
0042C00076000000,0 STADIUM ST,VACANT LAND,RESIDENTIAL,Private,Sheraden,H,40.46072662078422,-80.05374837,42003562500
0025D00296000000,3340 LIBERTY AVE,VACANT INDUSTRIAL LAND,INDUSTRIAL,Private,Lower Lawrenceville,UI,40.46062552623799,-79.96647051,42003060300
0004R00167000000,243 SMITH WAY,RES AUX BUILDING (NO HOUSE),RESIDENTIAL,Private,Mount Washington,R1D-H,40.424015623920184,-80.00768472,42003191500
0028P00333000000,3319 NIAGARA ST,SINGLE FAMILY,RESIDENTIAL,Private,South Oakland,R1A-VH,40.435487228075885,-79.95974626,42003040900
0020M00112000000,915 ELKTON ST,SINGLE FAMILY,RESIDENTIAL,City,Elliott,R1D-M,40.44623337959988,-80.03573849,42003562600
0027B00139000000,809 ANAHEIM ST,SINGLE FAMILY,RESIDENTIAL,Private,Upper Hill,R2-L,40.452015350548564,-79.96013423,42003050600
0050K00340000000,5025 PENN AVE,RETL/APT'S OVER,COMMERCIAL,Private,Garfield,LNC,40.465216398968145,-79.94300122,42003101900
0076N00007000000,1347 GEYER AVE,SINGLE FAMILY,RESIDENTIAL,Private,Marshall-Shadeland,R1A-VH,40.474178340434584,-80.03255955,42003271600
0173A00012000000,7107 WILTSIE ST,SINGLE FAMILY,RESIDENTIAL,Private,Lincoln-Lemington-Belmar,R1D-L,40.47179399280943,-79.89564274,42003561900
0060C00229000000,101 BIRMINGHAM AVE,FOUR FAMILY,RESIDENTIAL,Private,Carrick,R1D-H,40.40253307,-79.98835768,42003290200
0095H00178000000,2222 LUTZ AVE,SINGLE FAMILY,RESIDENTIAL,Private,Carrick,R1D-H,40.3905276,-79.9850406,42003290200
0015C00183000000,144 RUTH ST,TWO FAMILY,RESIDENTIAL,Private,Mount Washington,R1D-H,40.42214795085664,-80.00520837,42003191500
0125K00148000000,6725 HAMILTON AVE,SINGLE FAMILY,RESIDENTIAL,Private,Homewood West,R1D-L,40.45730825318599,-79.90802342,42003130700
0002A00132000001,530 SMITHFIELD ST,MUNICIPAL GOVERNMENT,GOVERNMENT,City,Central Business District,GT-A,40.440925776296524,-79.99747202,42003020100
0014K00003000000,720 LILLIAN ST,SINGLE FAMILY,RESIDENTIAL,Private,Allentown,R1D-H,40.41851466684189,-79.99489896,42003180300
0013M00081000000,2808 SALISBURY ST,SINGLE FAMILY,RESIDENTIAL,Private,South Side Slopes,R1D-H,40.41808089,-79.96887932,42003160800
0014R00066000000,128 ZARA ST,ROWHOUSE,RESIDENTIAL,Private,Knoxville,R1D-H,40.41566749283765,-79.98957024,42003300100
0007D00010000000,1014 ABDELL ST,ROWHOUSE,RESIDENTIAL,Private,Manchester,RM-M,40.45268201094318,-80.01988379,42003565200
0056F00380000000,183 MARSDEN ST,SINGLE FAMILY,RESIDENTIAL,Private,Hazelwood,R1D-H,40.41135386842453,-79.94175839,42003562300
0060A00270000000,232 NOBLES LN,SINGLE FAMILY,RESIDENTIAL,Private,Carrick,P,40.40251164197245,-79.99545593,42003290100
0028L00181000A00,369 SEMPLE ST,ROWHOUSE,RESIDENTIAL,Private,Central Oakland,R-MU,40.43751235782385,-79.95514303,42003040500
0019M00015000000,150 WARDEN ST,SINGLE FAMILY,RESIDENTIAL,Private,West End,R1D-VH,40.43610706393255,-80.03507218,42003562600
0016F00073000000,973 TROPICAL AVE,SINGLE FAMILY,RESIDENTIAL,Private,Beechview,R1D-L,40.41946629575522,-80.02465902,42003191600
0049S00322000000,4526 LIBERTY AVE,RETL/APT'S OVER,COMMERCIAL,Private,Bloomfield,LNC,40.46251837484903,-79.95112427,42003080200
0042M00109000000,2906 GLEN MAWR ST,RETL/APT'S OVER,COMMERCIAL,Private,Sheraden,R1D-H,40.455520397445156,-80.05130471,42003562500
0087R00034000000,6345 CATON ST,SINGLE FAMILY,RESIDENTIAL,Private,Squirrel Hill South,R2-L,40.42400897045419,-79.92229073,42003141400
0006J00027000000,420 BRADLEY ST,SINGLE FAMILY,RESIDENTIAL,Private,Duquesne Heights,P,40.43732491460858,-80.0290383,42003191100
0083S00302000000,132 AUBURN ST,SINGLE FAMILY,RESIDENTIAL,Private,Larimer,R2-H,40.46297227266315,-79.91613675,42003120900
0175D00186000000,586 ROSEDALE ST,SINGLE FAMILY,RESIDENTIAL,Private,Homewood South,RM-M,40.451611881363114,-79.88581644,42003130800
0126M00156000000,122 LEXINGTON PL,SINGLE FAMILY,RESIDENTIAL,Private,Point Breeze,R1D-VL,40.44682441509094,-79.89968578,42003141200
0116A00268000000,217 BONVUE ST,ROWHOUSE,RESIDENTIAL,Private,Perry North,R1D-M,40.489567754759285,-80.01491752,42003260200
0014P00109000000,221 ROCHELLE ST,SINGLE FAMILY,RESIDENTIAL,Private,Knoxville,R1D-H,40.41528207975168,-79.9916665,42003300100
0033K00209000000,758 BROWNSVILLE RD,VACANT COMMERCIAL LAND,COMMERCIAL,Private,Knoxville,LNC,40.40815072666798,-79.99173624,42003300100
0049G00285000000,367 44TH ST,ROWHOUSE,RESIDENTIAL,Private,Central Lawrenceville,R1A-H,40.468846718681924,-79.95578063,42003090200
0055D00105000000,850 DEELY ST,SINGLE FAMILY,RESIDENTIAL,Private,Greenfield,R1D-M,40.42341018,-79.93390584,42003151700
0086S00059000000,5896 HOBART ST,ROWHOUSE,RESIDENTIAL,Private,Squirrel Hill South,RM-M,40.434035263666544,-79.91893369,42003140800
0080K00240000000,4632 MODOC WAY,SINGLE FAMILY,RESIDENTIAL,Private,Central Lawrenceville,R1A-VH,40.474745748329454,-79.95957559,42003090100
0004L00133000000,6 BOGGS AVE,OFFICE/APARTMENTS OVER,COMMERCIAL,Private,Mount Washington,LNC,40.42718274885447,-80.00588192,42003191400
0014J00040000000,401 JUCUNDA ST,SINGLE FAMILY,RESIDENTIAL,Private,Knoxville,R1D-H,40.41739802048981,-79.99532548,42003300100
0006M00179000000,127 COHASSETT ST,SINGLE FAMILY,RESIDENTIAL,Private,Mount Washington,R1D-H,40.436898749506966,-80.01847321,42003190300
0022G00302000000,941 LAMONT ST,SINGLE FAMILY,RESIDENTIAL,Private,California-Kirkbride,R1A-M,40.46006266596409,-80.02073994,42003565200
0076N00006000000,1341 GEYER AVE,SINGLE FAMILY,RESIDENTIAL,Private,Marshall-Shadeland,R1A-VH,40.474296746656606,-80.03254686,42003271600
0174G00145000A00,7433 MONTICELLO ST,ROWHOUSE,RESIDENTIAL,Private,Homewood North,RM-M,40.458367081633405,-79.88951379,42003130700
0056P00064000A00,5127 ROMA WAY,SINGLE FAMILY,RESIDENTIAL,Private,Hazelwood,R1A-VH,40.40608403945306,-79.944711,42003562901
0042M00301000000,2940 STAFFORD ST,SINGLE FAMILY,RESIDENTIAL,Private,Sheraden,R1D-H,40.457035830046124,-80.05047114,42003562500
0013P00088000000,236 STERLING ST,SINGLE FAMILY,RESIDENTIAL,Private,Arlington,R2-L,40.415042892979706,-79.97526323,42003161000
0054J00282000000,406 ALGER ST,SINGLE FAMILY,RESIDENTIAL,Private,Greenfield,H,40.42661147665187,-79.94631765,42003151600
0060K00199000000,1712 MOUNT JOSEPH ST,SINGLE FAMILY,RESIDENTIAL,Private,Carrick,R2-L,40.397255899019044,-79.99121298,42003290100
0080G00196000A00,5106 DRESDEN WAY,SINGLE FAMILY,RESIDENTIAL,Private,Upper Lawrenceville,R1A-VH,40.47827502788234,-79.95498659,42003101100
0026K00255000000,3448 WEBSTER AVE,ROWHOUSE,RESIDENTIAL,City,Upper Hill,R2-L,40.45565484,-79.96043316,42003050600
0049P00401000000,297 38TH ST,ROWHOUSE,RESIDENTIAL,Private,Lower Lawrenceville,LNC,40.46482876882997,-79.96159733,42003060300
0057G00314000000,228 RENOVA ST,SINGLE FAMILY,RESIDENTIAL,Private,Hazelwood,R1A-H,40.40157010709839,-79.93753967,42003562300
0012L00001000000,2200 E CARSON ST,RETL/APT'S OVER,COMMERCIAL,Private,South Side Flats,LNC,40.428219769784135,-79.97447291,42003160900
0125R00054000000,6911 THOMAS BLVD,TWO FAMILY,RESIDENTIAL,Private,Point Breeze North,R1D-L,40.45331268677393,-79.90624108,42003140500
0062L00148000000,422 WINTERHILL ST,TWO FAMILY,RESIDENTIAL,Private,Brookline,R1D-M,40.39703116220491,-80.02405083,42003191900
0033C00133000000,500 BROWNSVILLE RD,OFFICE - 1-2 STORIES,COMMERCIAL,Private,Knoxville,LNC,40.411929877052515,-79.98984827,42003300100
0121E00151000000,6419 ADELPHIA ST,SINGLE FAMILY,RESIDENTIAL,Private,Stanton Heights,R1D-L,40.48768641477195,-79.93148019,42003101800
0046A00264000000,412 MARSHALL AVE,SINGLE FAMILY,RESIDENTIAL,Private,Perry South,R1D-H,40.471913072908016,-80.01591845,42003261500
0173J00236000000,1307 GROTTO ST,SINGLE FAMILY,RESIDENTIAL,Private,Lincoln-Lemington-Belmar,RM-M,40.46628248507751,-79.89667671,42003561900
0030E00212000000,3223 JOSEPHINE ST,SINGLE FAMILY,RESIDENTIAL,Private,South Side Slopes,H,40.41930862741024,-79.96408577,42003160800
0175H00127000000,7933 TIOGA ST,SINGLE FAMILY,RESIDENTIAL,City,Homewood South,RM-M,40.44985772923596,-79.88556007,42003130800
0056F00163000000,229 GLEN CALADH ST,ROWHOUSE,RESIDENTIAL,Private,Hazelwood,R1A-H,40.40990956652334,-79.94115822,42003562300
0054G00005000000,741 NAYLOR ST,SINGLE FAMILY,RESIDENTIAL,Private,Squirrel Hill South,R1D-H,40.43010492789708,-79.94085513,42003980500
0014R00148000000,142 ROCHELLE ST,ROWHOUSE,RESIDENTIAL,Private,Knoxville,R1D-H,40.41491223070314,-79.99004592,42003300100
0083J00054000000,0 ROSETTA ST,VACANT LAND,RESIDENTIAL,City,Garfield,R2-H,40.466338210347516,-79.93232922,42003111400
0075H00190000000,3454 GASS AVE,SINGLE FAMILY,RESIDENTIAL,Private,Brighton Heights,R1D-M,40.478516087665305,-80.03477682,42003270300
0003G00061000000,911 E CARSON ST,COMM AUX BUILDING,COMMERCIAL,Private,South Side Flats,RIV-MU,40.428900994157175,-79.98923456,42003170200
0018E00009000000,1934 KEARNS AVE,SINGLE FAMILY,RESIDENTIAL,Private,Westwood,R1D-L,40.42906487997144,-80.04909701,42003563100
0124G00183000000,13 DICK ST,RES AUX BUILDING (NO HOUSE),RESIDENTIAL,Private,Lincoln-Lemington-Belmar,RM-M,40.46948735817169,-79.90723807,42003120300
0028A00359000000,238 CHESTERFIELD RD,ROWHOUSE,RESIDENTIAL,Private,West Oakland,R1A-VH,40.44094621,-79.96347245,42003040200
0087G00255000000,2361 SHERBROOK ST,THREE FAMILY,RESIDENTIAL,Private,Squirrel Hill South,RM-M,40.42997699671982,-79.92109019,42003140800
0016E00003000000,1078 BANKSVILLE AVE,SINGLE FAMILY,RESIDENTIAL,Private,Banksville,P,40.41906151222663,-80.03076986,42003202300
0174B00273000000,7257 KEDRON ST,ROWHOUSE,RESIDENTIAL,Private,Homewood North,R2-L,40.460521747456276,-79.89295057,42003130200
0094P00289000000,2614 BROWNSVILLE RD,"RESTAURANT, CAFET AND/OR BAR",COMMERCIAL,Private,Carrick,LNC,40.384990776259244,-79.97858845,42003290400
0083J00025000000,305 N FAIRMOUNT ST,SINGLE FAMILY,RESIDENTIAL,Private,Garfield,R2-H,40.46663755848367,-79.93161542,42003111400
0125D00165000000,0 KEDRON ST,VACANT LAND,RESIDENTIAL,City,Homewood West,R2-L,40.46191149184193,-79.90072132,42003130700
0006G00263000000,1325 GRANDVIEW AVE,RETL/STOR OVER,COMMERCIAL,Private,Duquesne Heights,AP,40.438612067283046,-80.02041711,42003191100
0124K00170000000,132 SHETLAND ST,SINGLE FAMILY,RESIDENTIAL,Private,Larimer,R1D-H,40.46521822986213,-79.91170544,42003120900
0059J00275000000,321 E AGNEW AVE,SINGLE FAMILY,RESIDENTIAL,Private,Carrick,R1D-H,40.397037685678555,-79.98148812,42003290200
0124P00084000000,526 PAULSON AVE,ROWHOUSE,RESIDENTIAL,City,Larimer,R1A-H,40.46368163203494,-79.91143052,42003120900
0004N00112000000,20 KUHN ST,SINGLE FAMILY,RESIDENTIAL,Private,Mount Washington,R1D-H,40.42450906956399,-80.0128398,42003191400
0004F00154000000,4 GASKEL ST,SINGLE FAMILY,RESIDENTIAL,Private,Mount Washington,R2-H,40.429675393000764,-80.00964364,42003191400
0061F00086000000,805 FERNHILL AVE,SINGLE FAMILY,RESIDENTIAL,Private,Brookline,R1D-M,40.40102588717989,-80.00922716,42003191700
0020F00094000000,1283 LAKEWOOD ST,SINGLE FAMILY,RESIDENTIAL,Private,Elliott,R1D-L,40.44901110097492,-80.04174713,42003562600
0011G00144000000,0 ALLEQUIPPA ST,VACANT LAND,RESIDENTIAL,Private,West Oakland,H,40.43873928611207,-79.97194058,42003040200
0125H00305000000,6919 BENNETT ST,ROWHOUSE,RESIDENTIAL,City,Homewood West,LNC,40.458034695296256,-79.90286598,42003130700
0013M00106000000,2834 SALISBURY ST,VACANT LAND,RESIDENTIAL,Private,South Side Slopes,R1D-H,40.41778443289063,-79.96710429,42003160800
0015D00054000000,86 LACLEDE ST,SINGLE FAMILY,RESIDENTIAL,Private,Mount Washington,R1D-H,40.42355979910108,-80.00315695,42003180700
0027B00186000000,816 ANAHEIM ST,ROWHOUSE,RESIDENTIAL,Private,Upper Hill,R2-L,40.45165024714784,-79.96010955,42003050600
0043R00188000000,200 OREGON ST,SINGLE FAMILY,RESIDENTIAL,Private,Esplen,R1D-H,40.46316136540634,-80.05476597,42003562500
0120N00289000000,5614 DONSON WAY,SINGLE FAMILY,RESIDENTIAL,Private,Upper Lawrenceville,R1D-H,40.48423750346389,-79.94697581,42003101100
0135H00197000000,662 BALDWIN RD,RES AUX BUILDING (NO HOUSE),RESIDENTIAL,Private,Hays,P,40.38118924,-79.93498724,42003565300
0231P00147000000,8218 ROLFE ST,SINGLE FAMILY,RESIDENTIAL,Private,East Hills,R2-L,40.45382218028357,-79.87708869,42003130600
0173A00133000000,6942 CHURCHLAND ST,TWO FAMILY,RESIDENTIAL,Private,Lincoln-Lemington-Belmar,RM-M,40.472084059186024,-79.89784849,42003561900
0004B00031000A00,337 FETZER ST,SINGLE FAMILY,RESIDENTIAL,Private,Mount Washington,R2-H,40.43318412814114,-80.01134892,42003190300
0056C00085000000,415 FLOWERS AVE,SINGLE FAMILY,RESIDENTIAL,City,Hazelwood,R1D-H,40.412231458596764,-79.93727418,42003562300
0174B00336000000,7225 HERMITAGE ST,SINGLE FAMILY,RESIDENTIAL,City,Homewood North,R2-L,40.460118615947216,-79.89396392,42003130200
0014D00108000000,28 SHARON ST,SINGLE FAMILY,RESIDENTIAL,Private,South Side Slopes,R1A-VH,40.421534540396024,-79.98652863,42003170600
0056B00344000000,166 HAZELWOOD AVE,SINGLE FAMILY,RESIDENTIAL,Private,Hazelwood,R1D-H,40.41159717832213,-79.94188775,42003562300
0039G00027000000,1802 CHESSLAND ST,SINGLE FAMILY,RESIDENTIAL,Private,Westwood,R1D-L,40.43045483234291,-80.05541171,42003563100
0014C00325000000,8 SHARON ST,SINGLE FAMILY,RESIDENTIAL,Private,South Side Slopes,R1A-VH,40.42146931505682,-79.98792976,42003170600
0056L00087000000,241 JOHNSTON AVE,SINGLE FAMILY,RESIDENTIAL,Private,Hazelwood,R1D-M,40.406979759174014,-79.94045175,42003562300
0060B00153000000,129 MINOOKA ST,SINGLE FAMILY,RESIDENTIAL,Private,Carrick,R2-L,40.403133507726146,-79.99346425,42003290100
0021K00022000000,2649 W CARSON ST,SINGLE FAMILY,RESIDENTIAL,Private,Esplen,RIV-MU,40.457092450197635,-80.04443707,42003562500
0022K00270000000,1609 MANHATTAN ST,SINGLE FAMILY,RESIDENTIAL,City,Manchester,R2-H,40.45618171,-80.02723011,42003565200
0019B00167000000,810 WYMORE ST,TWO FAMILY,RESIDENTIAL,Private,Elliott,H,40.44113612965177,-80.04224257,42003562600
0013C00052000000,2401 MISSION ST,SINGLE FAMILY,RESIDENTIAL,Private,South Side Slopes,R1D-H,40.423232423181254,-79.97249802,42003160800
0081F00212000000,1101 WOODBINE ST,TWO FAMILY,RESIDENTIAL,Private,Stanton Heights,R2-L,40.47811545218043,-79.94139709,42003100500
0121J00283000000,1653 DUFFIELD ST,SINGLE FAMILY,RESIDENTIAL,Private,Stanton Heights,R2-L,40.48454150803629,-79.93036244,42003101800
0015K00133000000,14 CLIMAX ST,SINGLE FAMILY,RESIDENTIAL,Private,Beltzhoover,R2-H,40.41769399767584,-80.00941955,42003562400
0014J00050000000,423 JUCUNDA ST,SINGLE FAMILY,RESIDENTIAL,Private,Knoxville,R1D-H,40.41736966642545,-79.99635607,42003300100
0049A00288000A00,162 ALMOND WAY,ROWHOUSE,RESIDENTIAL,Private,Central Lawrenceville,RIV-IMU,40.46993753615085,-79.9630837,42003090100
0060N00010000000,1800 WHITED ST,MOBILE HOMES/TRAILER PKS,COMMERCIAL,Private,Brookline,P,40.39510321933554,-79.99874791,42003320600
0174G00146000000,7433 MONTICELLO ST,ROWHOUSE,RESIDENTIAL,Private,Homewood North,RM-M,40.45835502483119,-79.88946115,42003130700
0081M00323000000,211 SCHENLEY MANOR DR,SINGLE FAMILY,RESIDENTIAL,Private,Stanton Heights,R1D-L,40.47519391875383,-79.93678519,42003100500
0002F00320000000,820 5TH AVE,OFFICE-ELEVATOR -3 + STORIES,COMMERCIAL,Private,Bluff,UPR-A,40.438608415137914,-79.99193969,42003010302
0045B00187000000,2722 MCDOWELL ST,SINGLE FAMILY,RESIDENTIAL,Private,Marshall-Shadeland,R1D-H,40.47047896232069,-80.02640683,42003271600
0033A00260000000,417 ARABELLA ST,SINGLE FAMILY,RESIDENTIAL,City,Knoxville,R1D-H,40.41284542121025,-79.99614404,42003300100
0162P00107000000,611 MONTVIEW ST,SINGLE FAMILY,RESIDENTIAL,Private,Perry North,H,40.49163161767203,-80.02616279,42003260200
0083M00178000000,30 MAYFLOWER ST,SINGLE FAMILY,RESIDENTIAL,Private,Larimer,R1D-H,40.465009101335646,-79.91713561,42003120900
0086E00056000000,1451 BENNINGTON AVE,SINGLE FAMILY,RESIDENTIAL,Private,Squirrel Hill North,R1D-VL,40.44037475886185,-79.9310238,42003140100
0046A00064000000,2622 NORWOOD AVE,SINGLE FAMILY,RESIDENTIAL,Private,Perry South,R1D-H,40.47113910131173,-80.01268497,42003261500
0076N00210000000,3118 FREDERICK ST,SINGLE FAMILY,RESIDENTIAL,Private,Marshall-Shadeland,R1A-VH,40.47398352,-80.0307802,42003271600
0036H00087000000,1027 CHAPPEL AVE,SINGLE FAMILY,RESIDENTIAL,Private,Banksville,P,40.409714583948585,-80.03350537,42003202300
0026J00225000000,3397 RIDGWAY ST,VACANT LAND,RESIDENTIAL,Private,Polish Hill,H,40.45676986904989,-79.9620512,42003060500
0044H00278000000,2825 CALIFORNIA AVE,SINGLE FAMILY,RESIDENTIAL,Private,Marshall-Shadeland,R1A-H,40.46950739183599,-80.03598844,42003271600
0014R00203000000,210 BAUSMAN ST,SINGLE FAMILY,RESIDENTIAL,Private,Knoxville,R1D-H,40.41413323,-79.99108633,42003300100
0174R00196000000,623 BRUSHTON AVE,RETL/STOR OVER,COMMERCIAL,Private,Homewood South,LNC,40.45363994609515,-79.88927484,42003130800
0013G00066000000,941 ELEANOR ST,SINGLE FAMILY,RESIDENTIAL,Private,South Side Slopes,R1D-H,40.42100365805668,-79.97234682,42003160800
0042D00205000000,118 SAGINAW ST,TWO FAMILY,RESIDENTIAL,Private,Esplen,RIV-RM,40.46058258986143,-80.05040688,42003562500
0012R00111000000,2524 JOSEPHINE ST,SINGLE FAMILY,RESIDENTIAL,Private,South Side Slopes,UI,40.42405720737732,-79.97054224,42003160800
0174A00105000000,0 MOUNT VERNON ST,VACANT LAND,RESIDENTIAL,City,Homewood North,R2-L,40.462219713917094,-79.89908258,42003130700
0003G00130000000,1013 E CARSON ST,RETL/APT'S OVER,COMMERCIAL,Private,South Side Flats,LNC,40.428918815226154,-79.98792923,42003170200
0076N00016000000,3155 SHADELAND AVE,SINGLE FAMILY,RESIDENTIAL,Private,Marshall-Shadeland,R2-H,40.474644911615535,-80.03214061,42003271600
0027A00151000000,3021 VANCROFT ST,SINGLE FAMILY,RESIDENTIAL,Private,Upper Hill,R2-L,40.450590802198214,-79.96437318,42003050600
0004N00145000000,288 WADE ST,SINGLE FAMILY,RESIDENTIAL,Private,Mount Washington,R1D-H,40.42415719516663,-80.01249444,42003191400
0013R00081000000,221 ROTHMAN ST,SINGLE FAMILY,RESIDENTIAL,Private,Arlington,R2-L,40.41531563612767,-79.97252564,42003161000
0042N00235000000,1226 MUTUAL ST,SINGLE FAMILY,RESIDENTIAL,Private,Sheraden,H,40.45332210067156,-80.06321928,42003202200
0174G00172000000,7406 HERMITAGE ST,SINGLE FAMILY,RESIDENTIAL,Private,Homewood North,RM-M,40.458927332830385,-79.89049403,42003130700
0173N00248000000,7042 CHAUCER ST,SINGLE FAMILY,RESIDENTIAL,Private,Homewood North,R2-L,40.46331901748432,-79.89752812,42003130700
0047H00175000000,1843 SPRING GARDEN AVE,SINGLE FAMILY,RESIDENTIAL,Private,Spring Garden,H,40.46858269448304,-79.98524327,42003241300
0083M00323000000,712 MOGA ST,ROWHOUSE,RESIDENTIAL,Private,East Liberty,R1A-H,40.46718772516254,-79.91725837,42003111300
0049E00076000000,197 38TH ST,ROWHOUSE,RESIDENTIAL,Private,Lower Lawrenceville,R1A-VH,40.46742621142282,-79.96463079,42003060300
0060M00144000000,241 SPRUCEWOOD ST,SINGLE FAMILY,RESIDENTIAL,Private,Carrick,R1D-H,40.39901840307941,-79.98402677,42003290200
0012K00072000A00,2110 CAREY WAY,VACANT LAND,RESIDENTIAL,Private,South Side Flats,R1A-VH,40.42771484525079,-79.97581875,42003160900
0174A00258000000,7147 HERMITAGE ST,SINGLE FAMILY,RESIDENTIAL,Private,Homewood North,R2-L,40.460492268293514,-79.89559572,42003130200
0013R00266000000,2431 SPRING ST,SINGLE FAMILY,RESIDENTIAL,Private,Arlington,R2-L,40.41612937948618,-79.97195517,42003161000
0015S00095000000,414 ALTHEA ST,SINGLE FAMILY,RESIDENTIAL,Private,Beltzhoover,R2-H,40.41410640357862,-79.99964963,42003562400
0083E00050000000,5521 BLACK ST,SINGLE FAMILY,RESIDENTIAL,Private,East Liberty,R3-L,40.46964062112298,-79.92910551,42003111300
0014G00290000000,11 E AMANDA AVE,MOBILE HOME,RESIDENTIAL,Private,Allentown,R1D-H,40.42123411470621,-79.98837385,42003180300
0006M00312110000,1 TRIMONT LN,CONDOMINIUM,RESIDENTIAL,Private,Duquesne Heights,AP,40.43851107517196,-80.02017113,42003191100
0125H00333000A00,7005 BENNETT ST,ROWHOUSE,RESIDENTIAL,Private,Homewood South,RM-M,40.457681164323056,-79.90115163,42003130800
0014A00240000000,75 BELTZHOOVER AVE,SINGLE FAMILY,RESIDENTIAL,Private,Allentown,R1D-H,40.42293216490162,-79.99704053,42003180300
0045S00052000000,723 CHAUTAUQUA CT,ROWHOUSE,RESIDENTIAL,Private,Perry South,R1A-VH,40.46364618962493,-80.01838146,42003261400
0014F00049000000,211 WALTER ST,SINGLE FAMILY,RESIDENTIAL,Private,Allentown,R1D-H,40.420461284173705,-79.99446208,42003180300
0085R00030000000,5817 SOLWAY ST,SINGLE FAMILY,RESIDENTIAL,Private,Squirrel Hill North,R1D-VL,40.44316652664252,-79.92285869,42003140300
0056P00281000000,214 JOHNSTON AVE,SINGLE FAMILY,RESIDENTIAL,Private,Hazelwood,R1A-H,40.40627279934785,-79.94120472,42003562300
0028M00255000000,18 OAKLAND SQ,THREE FAMILY,RESIDENTIAL,Private,Central Oakland,R1A-H,40.43729329898487,-79.95115333,42003040600
0012M00022000000,2511 CAREY WAY,ROWHOUSE,RESIDENTIAL,Private,South Side Flats,LNC,40.427334527291215,-79.96941154,42003160900
0173A00276000000,1361 MISSOURI ST,SINGLE FAMILY,RESIDENTIAL,Private,Lincoln-Lemington-Belmar,RM-M,40.47068927015957,-79.8987915,42003120300
0042C00086000000,230 OREGON ST,ROWHOUSE,RESIDENTIAL,Private,Esplen,R1D-H,40.46224635388991,-80.05423191,42003562500
0015C00043000000,45 PAUL ST,SINGLE FAMILY,RESIDENTIAL,Private,Mount Washington,R1D-H,40.42233115126822,-80.00743468,42003191500
0121J00140000000,1526 WINDCREST DR,SINGLE FAMILY,RESIDENTIAL,Private,Stanton Heights,R1D-L,40.484924249277505,-79.93184875,42003101800
0138B00116000000,737 MAYTIDE ST,TWO FAMILY,RESIDENTIAL,Private,Overbrook,R1D-H,40.38357079642684,-79.99303071,42003320400
0009R00138000000,1613 BEDFORD AVE,ROWHOUSE,RESIDENTIAL,Private,Crawford-Roberts,RM-M,40.444703617432246,-79.98712018,42003030500
0050M00121000000,5431 PENN AVE,RETL/APT'S OVER,COMMERCIAL,Private,Garfield,LNC,40.464912172843505,-79.93505496,42003111400
0012M00330000200,2655 E CARSON ST,CONDOMINIUM UNIT,COMMERCIAL,Private,South Side Flats,SP-5,40.42745881219264,-79.96703004,42003160900
0032F00044000000,565 BURR ST,SINGLE FAMILY,RESIDENTIAL,Private,Mt. Oliver,R1D-M,40.41038829,-79.97843907,42003161000
0057C00237000000,62 ALMEDA ST,SINGLE FAMILY,RESIDENTIAL,Private,Hazelwood,R1A-H,40.40316843092625,-79.9391741,42003562300
0175C00258000000,7710 ALSACE ST,ROWHOUSE,RESIDENTIAL,Private,Homewood South,R1A-VH,40.45129036129193,-79.8894542,42003130800
0005D00001000000,1214 VIRGINIA AVE,SINGLE FAMILY,RESIDENTIAL,Private,Duquesne Heights,R1D-M,40.43287108403144,-80.02027962,42003191100
0124L00200000000,6615 ROWAN ST,VACANT LAND,RESIDENTIAL,City,Lincoln-Lemington-Belmar,RM-M,40.46522309133403,-79.90384688,42003120300
0055C00060000000,4268 SHIELDS ST,SINGLE FAMILY,RESIDENTIAL,Private,Greenfield,R1D-M,40.42128761769552,-79.94078134,42003151600
0174E00059000000,7028 MONTICELLO ST,VACANT LAND,RESIDENTIAL,Private,Homewood North,R2-L,40.45989575689132,-79.89921327,42003130700
0014K00004000000,722 LILLIAN ST,SINGLE FAMILY,RESIDENTIAL,City,Allentown,R1D-H,40.418515861937585,-79.99481278,42003180300
0032D00111000000,330 DENGLER ST,SINGLE FAMILY,RESIDENTIAL,Private,Arlington,R2-L,40.41366646499487,-79.96788534,42003161000
0084P00282000500,6027 WALNUT ST,CONDOMINIUM,RESIDENTIAL,Private,Shadyside,RM-M,40.45492976255254,-79.92468558,42003070600
0015R00263000000,0 GEARING AVE,VACANT LAND,RESIDENTIAL,Private,Beltzhoover,R2-H,40.41605998752135,-80.00459708,42003562400
0096S00135000000,102 GLENBURY ST,SINGLE FAMILY,RESIDENTIAL,Private,Overbrook,R1D-M,40.38692704280885,-80.00177053,42003320700
0005C00094000000,444 ONEIDA ST,VACANT LAND,RESIDENTIAL,Private,Duquesne Heights,R1D-M,40.431454295601625,-80.02155135,42003191100
0019G00187000000,609 HARKER ST,SINGLE FAMILY,RESIDENTIAL,Private,Elliott,H,40.43950846346817,-80.03975889,42003562600
0048S00246000100,3513 BUTLER ST,CONDOMINIUM UNIT,COMMERCIAL,Private,Lower Lawrenceville,LNC,40.46445198989342,-79.96628814,42003060300
0056L00240000000,304 E ELIZABETH ST,SINGLE FAMILY,RESIDENTIAL,Private,Hazelwood,R1D-M,40.40751935946582,-79.93936829,42003562300
0061H00314000000,1600 SAW MILL RUN BLVD,SMALL DETACHED RET(UNDER 10000),COMMERCIAL,Private,Brookline,NDI,40.40014681532364,-80.0007652,42003320600
0174F00184000000,7332 MONTICELLO ST,TWO FAMILY,RESIDENTIAL,Private,Homewood North,R2-L,40.45852577413752,-79.89196318,42003130200
0014H00089000000,2601 S 18TH ST,SINGLE FAMILY,RESIDENTIAL,Private,South Side Slopes,R1A-VH,40.42093277,-79.98505337,42003170600
0049A00231000000,135 40TH ST,LIGHT MANUFACTURING,INDUSTRIAL,Private,Central Lawrenceville,RIV-IMU,40.47064532909101,-79.96362026,42003090100
0056R00143000000,235 MANSION ST,SINGLE FAMILY,RESIDENTIAL,Private,Hazelwood,R1A-H,40.404437093716965,-79.93995012,42003562300
0089N00012000000,905 JOHNSTON AVE,OWNED BY METRO HOUSING AU,GOVERNMENT,HACP,Glen Hazel,P,40.406442017653916,-79.93037599,42003562300
0023K00135000000,1234 PALO ALTO ST,VACANT LAND,RESIDENTIAL,Private,Central Northside,R1A-H,40.45641445,-80.01071852,42003565100
0028M00043000000,421 ATWOOD ST,SINGLE FAMILY,RESIDENTIAL,Private,Central Oakland,R-MU,40.43778848642137,-79.95315488,42003040600
0049A00012000000,0 43RD ST,VACANT LAND,RESIDENTIAL,Private,Central Lawrenceville,R1A-VH,40.47161440833047,-79.96206077,42003090100
0080D00320000B00,521 53RD ST,ROWHOUSE,RESIDENTIAL,Private,Upper Lawrenceville,R1A-VH,40.480715701185105,-79.95023609,42003101100
0044M00057000000,2622 CALIFORNIA AVE,SINGLE FAMILY,RESIDENTIAL,Private,Marshall-Shadeland,R1A-H,40.46639909693878,-80.03339078,42003271600
0013L00051000000,2322 ECCLES ST,SINGLE FAMILY,RESIDENTIAL,Private,South Side Slopes,R1D-H,40.417947135935826,-79.97329417,42003160800
0173L00021000000,7317 LEMINGTON AVE,SINGLE FAMILY,RESIDENTIAL,Private,Lincoln-Lemington-Belmar,R1D-L,40.46700387,-79.88932111,42003561900
0006R00255000000,254 PLYMOUTH ST,SINGLE FAMILY,RESIDENTIAL,Private,Duquesne Heights,R1D-M,40.43471497031106,-80.02169303,42003191100
0001C01662008300,320 FORT DUQUESNE BLVD,CONDOMINIUM,RESIDENTIAL,Private,Central Business District,GT-D,40.44202969556753,-80.00702387,42003020100
0042M00154000000,3013 MERWYN AVE,SINGLE FAMILY,RESIDENTIAL,Private,Sheraden,R1D-H,40.45734073712501,-80.05248286,42003562500
0173K00034000000,7231 LEMINGTON AVE,SINGLE FAMILY,RESIDENTIAL,Private,Lincoln-Lemington-Belmar,R1D-L,40.46721233073653,-79.89252008,42003561900
0060H00158000000,229 E MEYERS ST,SINGLE FAMILY,RESIDENTIAL,Private,Carrick,R1D-H,40.40087028677916,-79.98471975,42003290200
0056L00245000000,5041 GLENWOOD AVE,SINGLE FAMILY,RESIDENTIAL,Private,Hazelwood,R1D-M,40.407941341048314,-79.9396658,42003562300
0014G00181000000,929 CLIMAX ST,SINGLE FAMILY,RESIDENTIAL,Private,Allentown,R1D-H,40.420276195829345,-79.98903298,42003180300
0040L00022000000,1508 STRATMORE ST,SMALL DETACHED RET(UNDER 10000),COMMERCIAL,Private,Crafton Heights,LNC,40.438098252765215,-80.05561645,42003281500
0124S00036000000,6706 DEARY ST,SINGLE FAMILY,RESIDENTIAL,Private,Lincoln-Lemington-Belmar,RM-M,40.464784934737885,-79.90233504,42003120300
0012K00067000000,2118 CAREY WAY,SINGLE FAMILY,RESIDENTIAL,Private,South Side Flats,R1A-VH,40.42790485458203,-79.97551119,42003160900
0045M00114000000,2412 N CHARLES ST,SINGLE FAMILY,RESIDENTIAL,City,Perry South,R1D-H,40.46569000511741,-80.02030203,42003261400
0174C00170000000,7356 STRANAHAN ST,SMALL DETACHED RET(UNDER 10000),COMMERCIAL,Private,Homewood North,RM-M,40.461464760485256,-79.89009121,42003130700
0014J00116000000,0 LILLIAN ST,VACANT LAND,RESIDENTIAL,Private,Allentown,R1D-H,40.41848872,-79.99658677,42003180300
0042G00074000000,3241 STAFFORD ST,SINGLE FAMILY,RESIDENTIAL,Private,Sheraden,H,40.45965670795242,-80.05459693,42003562500
0080C00087000000,5158 BUTLER ST,CONDOMINIUM COMMON PROPERTY,RESIDENTIAL,Private,Upper Lawrenceville,LNC,40.47982580070922,-79.95446378,42003101100
0050L00034000B00,5308 BROWN WAY,ROWHOUSE,RESIDENTIAL,Private,Garfield,R1D-H,40.46682830318399,-79.93744064,42003101900
0011J00079000A00,119 VAN BRAAM ST,ROWHOUSE,RESIDENTIAL,Private,Bluff,UPR-B,40.437837332069186,-79.98243487,42003010302
0056D00179000000,449 KILBOURNE ST,SINGLE FAMILY,RESIDENTIAL,Private,Hazelwood,R1D-H,40.41222231,-79.93620128,42003562300
0070J00053000000,415 FAIRYWOOD ST,SINGLE FAMILY,RESIDENTIAL,Private,Fairywood,R1D-L,40.44740866745474,-80.08031246,42003563000
0026H00259000000,456 CEDARVILLE ST,SINGLE FAMILY,RESIDENTIAL,Private,Bloomfield,R2-VH,40.45918994068841,-79.95135438,42003080200
0014G00210000000,916 INDUSTRY ST,SINGLE FAMILY,RESIDENTIAL,Private,Allentown,R1D-H,40.420669584826456,-79.99099033,42003180300
0014C00057000000,1043 ARLINGTON AVE,VACANT LAND,RESIDENTIAL,Private,Allentown,H,40.42344017428349,-79.98862646,42003180300
0174N00216000000,7300 HAMILTON AVE,RETL/APT'S OVER,COMMERCIAL,Private,Homewood South,LNC,40.453997318275015,-79.89563683,42003130800
0080G00197000A00,5108 DRESDEN WAY,SINGLE FAMILY,RESIDENTIAL,Private,Upper Lawrenceville,R1A-VH,40.47831628740095,-79.95496214,42003101100
0081A00123000000,714 LEYDON ST,SINGLE FAMILY,RESIDENTIAL,Private,Upper Lawrenceville,H,40.48060714651353,-79.9478537,42003101100
0032N00333000000,626 LAUGHLIN AVE,SINGLE FAMILY,RESIDENTIAL,Private,Carrick,P,40.404317439270464,-79.97889835,42003290200
0231N00131000000,730 TOKAY ST,SINGLE FAMILY,RESIDENTIAL,Private,East Hills,R2-L,40.45405103257538,-79.87947434,42003130600
0060G00198000000,16 E MEYERS ST,SINGLE FAMILY,RESIDENTIAL,Private,Carrick,R1D-H,40.39966615209153,-79.98826315,42003290200
0124P00178000000,6431 WINSLOW ST,SINGLE FAMILY,RESIDENTIAL,Private,Larimer,R1D-H,40.463320322323845,-79.91038163,42003120900
0021J00071000000,2738 SACRAMENTO AVE,SINGLE FAMILY,RESIDENTIAL,Private,Sheraden,H,40.45600026419025,-80.04838515,42003562500
0012F00137000000,2009 E CARSON ST,MEDICAL CLINICS/OFFICES,COMMERCIAL,Private,South Side Flats,LNC,40.42881559,-79.97716165,42003170200
0011K00139000000,2005 TUSTIN ST,SINGLE FAMILY,RESIDENTIAL,Private,Bluff,UPR-B,40.43697044274432,-79.97755881,42003010302
0014N00023000000,845 ASHDALE ST,SINGLE FAMILY,RESIDENTIAL,Private,Beltzhoover,R2-H,40.41472473678789,-79.99935143,42003562400
0124H00147000A00,1313 PAULSON AVE,ROWHOUSE,RESIDENTIAL,Private,Lincoln-Lemington-Belmar,RM-M,40.46926430125964,-79.90080303,42003120300
0006S00002000000,1215 W SYCAMORE ST,SINGLE FAMILY,RESIDENTIAL,Private,Duquesne Heights,R1D-M,40.43362452003323,-80.02010363,42003191100
0042P00071000000,3122 CHARTIERS AVE,RETL/APT'S OVER,COMMERCIAL,Private,Sheraden,LNC,40.45364360029707,-80.06167084,42003202200
0174F00199000000,7341 RACE ST,SINGLE FAMILY,RESIDENTIAL,Private,Homewood North,R2-L,40.45810978574633,-79.89164586,42003130200
0014N00127000000,424 CHARLES ST,TWO FAMILY,RESIDENTIAL,Private,Knoxville,R1D-H,40.41620215040836,-79.99690773,42003300100
0033K00126000000,215 REIFERT ST,SINGLE FAMILY,RESIDENTIAL,Private,Knoxville,R1D-H,40.40842429924734,-79.99272973,42003300100
0013G00087000000,2514 WELLINGTON ST,SINGLE FAMILY,RESIDENTIAL,Private,South Side Slopes,R1D-H,40.42056076634241,-79.97087306,42003160800
0015S00192000000,827 ELDORA PL,SINGLE FAMILY,RESIDENTIAL,URA,Beltzhoover,R2-H,40.41505937563759,-80.00102772,42003562400
0050S00196000000,5438 PENN AVE,RETL/STOR OVER,COMMERCIAL,Private,Friendship,LNC,40.46450367745812,-79.93467977,42003080700
0014K00019000000,800 LILLIAN ST,SINGLE FAMILY,RESIDENTIAL,Private,Allentown,R1D-H,40.41853359606747,-79.99353359,42003180300
0049B00020000000,190 44TH ST,ROWHOUSE,RESIDENTIAL,Private,Central Lawrenceville,R1A-VH,40.471615555720206,-79.96029588,42003090100
0095E00054000000,2063 DARTMORE ST,SINGLE FAMILY,RESIDENTIAL,Private,Overbrook,R1D-H,40.38994450047926,-79.99589276,42003320400
0050B00171000000,4817 COLUMBO ST,SINGLE FAMILY,RESIDENTIAL,Private,Garfield,R1D-M,40.47169174449195,-79.94267005,42003101900
0020R00191000000,623 LORENZ AVE,SINGLE FAMILY,RESIDENTIAL,Private,Elliott,LNC,40.444906514313054,-80.03882515,42003562600
0014G00131000000,1437 ARLINGTON AVE,SINGLE FAMILY,RESIDENTIAL,Private,Allentown,R1D-H,40.41935873570882,-79.98926632,42003180300
0174F00313000000,7216 IDLEWILD ST,SINGLE FAMILY,RESIDENTIAL,Private,Homewood North,R2-L,40.457799214442815,-79.89526288,42003130200
0011E00186000000,214 WICK ST,SINGLE FAMILY,RESIDENTIAL,Private,Crawford-Roberts,RM-M,40.43949519943863,-79.97952325,42003030500
0057G00334000000,121 ALLUVIAN ST,TWO FAMILY,RESIDENTIAL,Private,Hazelwood,R1A-H,40.40078190981926,-79.93755157,42003562300
0049C00005000000,4408 DAVISON ST,ROWHOUSE,RESIDENTIAL,Private,Central Lawrenceville,R1A-H,40.47011978230717,-79.95746913,42003090200
0232A00313000000,533 SEAGIRT ST,SINGLE FAMILY,RESIDENTIAL,Private,East Hills,RM-M,40.45075133934794,-79.87907776,42003130600
0173C00004000000,1703 LAPORTE ST,SINGLE FAMILY,RESIDENTIAL,Private,Lincoln-Lemington-Belmar,R1D-L,40.47206713466492,-79.89031412,42003561900
0049F00294000000,4110 DAVISON ST,WAREHOUSE,INDUSTRIAL,Private,Central Lawrenceville,R1A-H,40.46905953605294,-79.95882426,42003090200
0035H00250000000,1659 SUBURBAN AVE,SINGLE FAMILY,RESIDENTIAL,Private,Beechview,R1D-H,40.40936491881951,-80.01931159,42003191600
0026N00176000A00,3341 MCNEIL PL,SINGLE FAMILY,RESIDENTIAL,Private,Upper Hill,R2-L,40.45431480277762,-79.96449503,42003050600
0124J00013000000,6128 MEADOW ST,TWO FAMILY,RESIDENTIAL,Private,Larimer,R2-H,40.46561941781784,-79.9152242,42003120900
0057C00110000000,5429 2ND AVE,SINGLE FAMILY,RESIDENTIAL,Private,Hazelwood,R1A-H,40.402330748624166,-79.94097966,42003562300
0173B00277000000,7141 ROSS GARDEN RD,SINGLE FAMILY,RESIDENTIAL,Private,Lincoln-Lemington-Belmar,R1D-L,40.471648141177276,-79.89412772,42003561900
0173N00206000000,7061 CHAUCER ST,ROWHOUSE,RESIDENTIAL,Private,Homewood North,R2-L,40.46353152725142,-79.89681259,42003130700
0097G00126000000,926 FORDHAM AVE,SINGLE FAMILY,RESIDENTIAL,Private,Brookline,R1D-M,40.389900384178375,-80.02152506,42003191800
0059A00161000000,335 PARALLEL AVE,SINGLE FAMILY,RESIDENTIAL,Private,Carrick,P,40.40296010314612,-79.98223757,42003290200
0015G00040000000,168 W WARRINGTON AVE,SINGLE FAMILY,RESIDENTIAL,Private,Beltzhoover,R2-H,40.420470265848905,-80.00568711,42003562400
0095N00030000000,19 SELDON ST,SINGLE FAMILY,RESIDENTIAL,Private,Overbrook,R1D-M,40.38492989271044,-79.99833696,42003320700
0014P00271000000,212 BAUSMAN ST,SINGLE FAMILY,RESIDENTIAL,Private,Knoxville,R1D-H,40.41413108,-79.99117798,42003300100
0062D00319000000,1937 PLAINVIEW AVE,SINGLE FAMILY,RESIDENTIAL,Private,Brookline,R1D-H,40.40338486320963,-80.01630912,42003191700
0056B00127000000,4701 SYLVAN AVE,SINGLE FAMILY,RESIDENTIAL,Private,Hazelwood,H,40.41382352840067,-79.94253158,42003562901
0012K00199003E00,130 S 22ND ST,CONDOMINIUM,RESIDENTIAL,Private,South Side Flats,NDI,40.42676697195902,-79.97493767,42003160900
0055P00170000000,4545 CHANCE ST,VACANT LAND,RESIDENTIAL,Private,Hazelwood,H,40.415311576134556,-79.94406597,42003562901
0023J00134000000,1417 BUENA VISTA ST,ROWHOUSE,RESIDENTIAL,Private,Central Northside,R1A-VH,40.456846977195696,-80.01472619,42003565100
0027B00250000000,811 CHEROKEE ST,ROWHOUSE,RESIDENTIAL,City,Upper Hill,R2-L,40.45150718087366,-79.96038097,42003050600
0042N00313000000,1321 JEFFERS ST,SINGLE FAMILY,RESIDENTIAL,Private,Sheraden,H,40.453198185877504,-80.06505835,42003202200
0023D00079000000,63 EDENVALE ST,SINGLE FAMILY,RESIDENTIAL,City,Fineview,R1D-H,40.46218655737075,-80.00337665,42003250900
0174B00341000000,7215 HERMITAGE ST,SINGLE FAMILY,RESIDENTIAL,Private,Homewood North,R2-L,40.46021846778638,-79.89440263,42003130200
0006M00312000000,1 TRIMONT LN,CONDOMINIUM COMMON PROPERTY,RESIDENTIAL,Private,Duquesne Heights,AP,40.43812710601292,-80.02003169,42003191100
0124R00027000000,6542 LADSON ST,SINGLE FAMILY,RESIDENTIAL,Private,Larimer,RM-H,40.46269212797669,-79.90757249,42003120900
0047P00066000000,1225 HASLAGE AVE,SINGLE FAMILY,RESIDENTIAL,Private,Spring Hill-City View,R1D-M,40.46262046332507,-79.99190726,42003262000
0174E00038000000,7108 MONTICELLO ST,SINGLE FAMILY,RESIDENTIAL,Private,Homewood North,R2-L,40.459728810769015,-79.89724309,42003130200
0049A00308000000,127 40TH ST,ROWHOUSE,RESIDENTIAL,Private,Central Lawrenceville,RIV-IMU,40.47069588935988,-79.96447228,42003090100
0014G00121000000,947 FREELAND ST,SINGLE FAMILY,RESIDENTIAL,Private,Allentown,R1D-H,40.41937970147136,-79.98881983,42003180300
0035P00112000000,120 PAULINE PL,SINGLE FAMILY,RESIDENTIAL,Private,Beechview,R1D-M,40.40568010436825,-80.02570256,42003192000
0129A00203000000,1039 SUMMERSET DR,SINGLE FAMILY,RESIDENTIAL,Private,Squirrel Hill South,RP,40.42331539395419,-79.9120827,42003141400
0047A00199000000,1108 FABYAN ST,SINGLE FAMILY,RESIDENTIAL,Private,Spring Hill-City View,R1D-L,40.470829561060704,-79.99643954,42003262000
0060G00254000000,1523 AMANDA ST,SINGLE FAMILY,RESIDENTIAL,Private,Carrick,R1D-H,40.400330594608086,-79.9878779,42003290200
0029G00281000000,3224 DAWSON ST,TWO FAMILY,RESIDENTIAL,Private,South Oakland,R1A-H,40.43027624264036,-79.95380333,42003040900
0036N00261000000,2541 ALLENDER AVE,SINGLE FAMILY,RESIDENTIAL,Private,Banksville,R1D-L,40.40607487200532,-80.0472586,42003202300
0049M00168000000,4406 PENN AVE,OFFICE-WALKUP -3 + STORIES,COMMERCIAL,Private,Bloomfield,LNC,40.46578226118451,-79.95313231,42003090300
0138B00110000000,723 MAYTIDE ST,SINGLE FAMILY,RESIDENTIAL,Private,Overbrook,R1D-H,40.38366707994059,-79.99237523,42003320400
0173F00132000000,1573 ELROD WAY,SINGLE FAMILY,RESIDENTIAL,Private,Lincoln-Lemington-Belmar,R1D-L,40.469614141788675,-79.89305381,42003561900
0027B00268000000,751 CHEROKEE ST,SINGLE FAMILY,RESIDENTIAL,Private,Upper Hill,R2-L,40.45185875,-79.96141997,42003050600
0173J00056000000,1230 POINTVIEW ST,SINGLE FAMILY,RESIDENTIAL,Private,Lincoln-Lemington-Belmar,RM-M,40.46602031565456,-79.89912573,42003120300
0175C00137000000,518 EL CT,APART: 5-19 UNITS,COMMERCIAL,Private,Homewood South,R1A-VH,40.4504688,-79.88992378,42003130800
0082F00286000000,5500 ELGIN ST,SINGLE FAMILY,RESIDENTIAL,Private,Highland Park,R1D-L,40.47868508599982,-79.92562037,42003110200
0004P00161000000,195 SOUTHERN AVE,SINGLE FAMILY,RESIDENTIAL,Private,Mount Washington,R2-H,40.42426804112205,-80.01038698,42003191500
0174K00342000B00,7310 BENNETT ST,ROWHOUSE,RESIDENTIAL,Private,Homewood South,RM-M,40.45567679150215,-79.89412551,42003130800
0047N00177000000,97 OVERBECK ST,SINGLE FAMILY,RESIDENTIAL,Private,Spring Hill-City View,H,40.46489584212645,-79.99786454,42003262000
0004F00237000000,40 SOUTHERN AVE,RETL/APT'S OVER,COMMERCIAL,Private,Mount Washington,LNC,40.42886569,-80.00819896,42003191400
0033J00229000000,818 GEORGIA AVE,SINGLE FAMILY,RESIDENTIAL,Private,Knoxville,R1D-H,40.408760570682524,-79.99590963,42003300100
0003H00366000000,1219 MURIEL ST,TWO FAMILY,RESIDENTIAL,Private,South Side Flats,R1A-VH,40.43024425,-79.98565823,42003170200
0127J00001000000,1717 BEECHWOOD BLVD,SINGLE FAMILY,RESIDENTIAL,Private,Squirrel Hill South,R1D-VL,40.437745258126604,-79.91552294,42003140800
0174E00160000000,0 IDLEWILD ST,VACANT LAND,RESIDENTIAL,City,Homewood North,R2-L,40.459212056279966,-79.89902442,42003130700
0050L00198000000,5208 BROAD ST,SINGLE FAMILY,RESIDENTIAL,Private,Garfield,R1D-H,40.46583154869268,-79.93932176,42003101900
0050P00203000000,5106 PENN AVE,RETL/APT'S OVER,COMMERCIAL,Private,Bloomfield,LNC,40.46464828529607,-79.94250993,42003080900
0027A00148000000,3023 VANCROFT ST,SINGLE FAMILY,RESIDENTIAL,Private,Upper Hill,R2-L,40.45059514138049,-79.96423452,42003050600
0124N00190000000,401 PAULSON AVE,"CHURCHES, PUBLIC WORSHIP",COMMERCIAL,Private,Larimer,R2-H,40.46301746440963,-79.91302919,42003120900
0013K00114000000,2122 ARLINGTON AVE,SINGLE FAMILY,RESIDENTIAL,Private,Arlington,R2-L,40.4170861,-79.97641527,42003161000
0124A00244000000,920 WELLESLEY RD,SINGLE FAMILY,RESIDENTIAL,Private,Highland Park,R1D-L,40.47110530521968,-79.91405734,42003110600
0124K00263000000,650 PAULSON AVE,SINGLE FAMILY,RESIDENTIAL,Private,Larimer,H,40.465524578182276,-79.9085293,42003120900
0004M00205000000,338 BIGBEE ST,SINGLE FAMILY,RESIDENTIAL,Private,Mount Washington,R1D-H,40.42745003832228,-80.00110549,42003180700
0003S00235000000,1224 BREED ST,ROWHOUSE,RESIDENTIAL,Private,South Side Flats,UI,40.42587972389086,-79.98517518,42003170200
0015S00141000000,814 ESTELLA AVE,SINGLE FAMILY,RESIDENTIAL,City,Beltzhoover,R2-H,40.41532919509259,-80.00061084,42003562400
0013P00195000000,2123 WENKE ST,SINGLE FAMILY,RESIDENTIAL,Private,Arlington,R2-L,40.41497553165134,-79.97686236,42003161000
0014G00262000000,929 INDUSTRY ST,SINGLE FAMILY,RESIDENTIAL,Private,Allentown,R1D-H,40.42099990249428,-79.9906512,42003180300
0015R00111000000,911 TAFT AVE,SINGLE FAMILY,RESIDENTIAL,Private,Beltzhoover,R2-H,40.41501334726154,-80.00649232,42003562400
0080D00506000000,5234 NATRONA WAY,ROWHOUSE,RESIDENTIAL,Private,Upper Lawrenceville,R1A-VH,40.48037434364931,-79.95247614,42003101100
0062D00300000000,2033 PLAINVIEW AVE,SINGLE FAMILY,RESIDENTIAL,Private,Brookline,R1D-H,40.402116303141725,-80.01709927,42003191700
0042G00124000000,3304 MOTOR ST,SINGLE FAMILY,RESIDENTIAL,Private,Sheraden,H,40.459468026779135,-80.05726735,42003562500
0126F00239000000,414 BUCKNELL ST,SINGLE FAMILY,RESIDENTIAL,Private,Point Breeze,R1D-L,40.448113670043426,-79.90977519,42003141200
0003F00077000000,423 CABOT WAY,SINGLE FAMILY,RESIDENTIAL,Private,South Side Flats,RIV-MU,40.42931076885446,-79.99521299,42003170200
0062D00202000000,1933 WOODWARD AVE,SINGLE FAMILY,RESIDENTIAL,Private,Brookline,R1D-H,40.403591807692244,-80.01719649,42003191700
0081C00178000000,1186 WOODBINE ST,SINGLE FAMILY,RESIDENTIAL,Private,Stanton Heights,R2-L,40.48017093925608,-79.93990868,42003100500
0014C00250000000,939 E WARRINGTON AVE,ROWHOUSE,RESIDENTIAL,Private,Allentown,H,40.42204382766532,-79.99011989,42003180300
0174M00389000000,7801 FRANKSTOWN AVE,SINGLE FAMILY,RESIDENTIAL,Private,Homewood North,LNC,40.45539856601305,-79.88631901,42003130700
0056J00058000000,5020 LYTLE ST,SINGLE FAMILY,RESIDENTIAL,Private,Hazelwood,R1A-VH,40.40738705228994,-79.94593973,42003562901
0005K00007000000,1459 WOODRUFF ST,VACANT LAND,RESIDENTIAL,Private,Duquesne Heights,UI,40.42812803308946,-80.02470995,42003191100
0115C00187000000,4036 VINCETON ST,SINGLE FAMILY,RESIDENTIAL,Private,Perry North,R1D-M,40.49140142730346,-80.02206376,42003260200
0080P00097000000,179 45TH ST,ROWHOUSE,RESIDENTIAL,Private,Central Lawrenceville,R1A-VH,40.47279859748131,-79.95983163,42003090100
0042M00236000000,3004 MERWYN AVE,SINGLE FAMILY,RESIDENTIAL,Private,Sheraden,R1D-H,40.45738802771405,-80.05191238,42003562500
0033B00129000000,306 MATHEWS AVE,SINGLE FAMILY,RESIDENTIAL,Private,Knoxville,R1D-H,40.41309732700144,-79.9933262,42003300100
0138E00225000000,2551 KINGWOOD ST,SINGLE FAMILY,RESIDENTIAL,Private,Overbrook,R1D-L,40.38013097849272,-79.99874553,42003320700
0033A00240000000,437 PARKLOW ST,SINGLE FAMILY,RESIDENTIAL,Private,Knoxville,R1D-H,40.41321233106808,-79.9967489,42003300100
0024D00041000000,1376 HERMAN ST,SINGLE FAMILY,RESIDENTIAL,Private,Troy Hill,R1D-H,40.46105502635824,-79.98637596,42003241300
0083F00320000000,531 N EUCLID AVE,SINGLE FAMILY,RESIDENTIAL,Private,East Liberty,R2-H,40.46779918083507,-79.92495709,42003111300
0056F00329000000,4828 CHATSWORTH AVE,SINGLE FAMILY,RESIDENTIAL,Private,Hazelwood,LNC,40.41067892644726,-79.94362825,42003562300
0034H00301000000,216 FORDYCE ST,SINGLE FAMILY,RESIDENTIAL,Private,Bon Air,R1D-L,40.40905399351867,-80.00084474,42003562400
0095D00243000000,10 E WOODFORD AVE,SINGLE FAMILY,RESIDENTIAL,Private,Carrick,RM-H,40.393081179938136,-79.98597577,42003290200
0015K00135000000,18 CLIMAX ST,SINGLE FAMILY,RESIDENTIAL,Private,Beltzhoover,R2-H,40.41775663,-80.0092872,42003562400
0033F00147000000,402 SUNCREST ST,SINGLE FAMILY,RESIDENTIAL,Private,Knoxville,R1D-H,40.41117502708576,-79.9950691,42003300100
0124N00006000000,146 AUBURN ST,SINGLE FAMILY,RESIDENTIAL,Private,Larimer,R2-H,40.46261453707812,-79.91573917,42003120900
0060D00106000000,318 LINNVIEW AVE,SINGLE FAMILY,RESIDENTIAL,Private,Carrick,R1D-H,40.40389760619774,-79.98374267,42003290200
0026E00205000000,3314 RUTHVEN ST,SINGLE FAMILY,RESIDENTIAL,Private,Polish Hill,H,40.45936733929827,-79.96496535,42003060500
0013A00143000000,1904 SAINT PAUL ST,SINGLE FAMILY,RESIDENTIAL,Private,South Side Slopes,R1A-VH,40.42166421330495,-79.98113789,42003170600
0114R00162000000,1545 COOPER AVE,VACANT LAND,RESIDENTIAL,Private,Brighton Heights,R1D-M,40.48294791762428,-80.04000136,42003270100
0033S00256000000,20 LACONA ST,SINGLE FAMILY,RESIDENTIAL,Private,Carrick,R1D-H,40.40475314212185,-79.98422989,42003290200
0075H00026000000,0 MCCLURE AVE,VACANT LAND,RESIDENTIAL,Private,Brighton Heights,R1D-M,40.478741798641835,-80.03566639,42003270300
0025D00204000000,3341 LIGONIER ST,SINGLE FAMILY,RESIDENTIAL,Private,Lower Lawrenceville,UI,40.461975801969494,-79.96709644,42003060300
0174H00156000000,1087 BLACKADORE ST,SINGLE FAMILY,RESIDENTIAL,Private,Homewood North,R2-L,40.458829847223136,-79.88385845,42003130700
0116J00006000000,305 RICHEY AVE,SINGLE FAMILY,RESIDENTIAL,Private,Perry North,R1D-M,40.486735439305036,-80.0130832,42003260700
0076K00104000000,3211 CENTRAL AVE,SINGLE FAMILY,RESIDENTIAL,Private,Marshall-Shadeland,R1D-H,40.475107953520485,-80.02803471,42003271600
0011F00056000000,2043 WYANDOTTE ST,VACANT LAND,RESIDENTIAL,Private,Crawford-Roberts,H,40.43913292552808,-79.97585827,42003030500
0027B00172000000,760 ANAHEIM ST,ROWHOUSE,RESIDENTIAL,City,Upper Hill,R2-L,40.452015665852514,-79.96118481,42003050600
0050H00243000000,425 WICKLOW ST,VACANT LAND,RESIDENTIAL,Private,Garfield,R1D-H,40.46858375906567,-79.93538232,42003101900
0097F00153000000,613 DORCHESTER AVE,SINGLE FAMILY,RESIDENTIAL,Private,Brookline,R1D-M,40.39150973527245,-80.02721124,42003191800
0015M00169000000,0 SYLVANIA AVE,SINGLE FAMILY,RESIDENTIAL,City,Beltzhoover,R2-H,40.41720310721679,-79.99988783,42003562400
0232B00156000000,0 CRESTLINE ST,VACANT LAND,RESIDENTIAL,Private,East Hills,R2-L,40.45071632349702,-79.87686175,42003130600
0014F00189000000,826 INDUSTRY ST,VACANT LAND,RESIDENTIAL,Private,Allentown,R1D-H,40.42071333873156,-79.9925691,42003180300
0049J00089000000,3725 BUTLER ST,CONDOMINIUM UNIT,COMMERCIAL,Private,Lower Lawrenceville,LNC,40.46684928043472,-79.96459234,42003060300
0026K00256000000,3450 WEBSTER AVE,ROWHOUSE,RESIDENTIAL,City,Upper Hill,R2-L,40.45568475789788,-79.96039198,42003050600
0076K00144000000,1024 GRAND AVE,SINGLE FAMILY,RESIDENTIAL,Private,Marshall-Shadeland,R1D-M,40.475053050339596,-80.02627155,42003271600
0049L00180000000,4227 KELLER WAY,SINGLE FAMILY,RESIDENTIAL,Private,Central Lawrenceville,R1A-H,40.46700254,-79.95450269,42003090200
0057B00130000000,5422 HERBERT WAY,LIGHT MANUFACTURING,INDUSTRIAL,Private,Hazelwood,UI,40.401785443879675,-79.94198233,42003562300
0050M00018000000,0 ROSETTA ST,VACANT LAND,RESIDENTIAL,Private,Garfield,R1D-H,40.46705260381814,-79.93649485,42003101900
0033B00244000000,326 ARABELLA ST,SINGLE FAMILY,RESIDENTIAL,Private,Knoxville,R1D-H,40.412494949901095,-79.99414426,42003300100
0173E00122000000,1333 OLIVANT ST,SINGLE FAMILY,RESIDENTIAL,Private,Lincoln-Lemington-Belmar,RM-M,40.46783056509975,-79.89935664,42003120300
0005C00083000000,463 ONEIDA ST,TWO FAMILY,RESIDENTIAL,Private,Duquesne Heights,R1D-M,40.43098632244446,-80.02091498,42003191100
0014A00263000000,44 MILLBRIDGE ST,SINGLE FAMILY,RESIDENTIAL,Private,Allentown,R1D-H,40.42291872,-79.99607689,42003180300
0004R00243000A00,65 CUSHMAN ST,SINGLE FAMILY,RESIDENTIAL,Private,Mount Washington,R1D-H,40.42467391864454,-80.00453322,42003180700
0040C00161000000,512 STRATMORE ST,ROWHOUSE,RESIDENTIAL,Private,Crafton Heights,R2-L,40.441780549412535,-80.05689909,42003281500
0012M00163000A00,96 S 26TH ST,ROWHOUSE,RESIDENTIAL,Private,South Side Flats,R2-VH,40.426397987559774,-79.96907746,42003160900
0026E00298000000,3363 FLAVIAN ST,SINGLE FAMILY,RESIDENTIAL,Private,Polish Hill,H,40.45951985300408,-79.96212605,42003060500
0001H00235000000,429 WOOD ST,OFFICE-ELEVATOR -3 + STORIES,COMMERCIAL,Private,Central Business District,GT-A,40.44027362841616,-80.00095953,42003020100
0014R00138000000,128 KNOX AVE,ROWHOUSE,RESIDENTIAL,Private,Knoxville,R1D-H,40.41467257171324,-79.99026651,42003300100
0014J00131000000,700 LILLIAN ST,SINGLE FAMILY,RESIDENTIAL,HACP,Allentown,R1D-H,40.41850413231409,-79.99560862,42003180300
0056B00214000000,4713 MONONGAHELA ST,TWO FAMILY,RESIDENTIAL,Private,Hazelwood,R1D-H,40.413125978067114,-79.94326057,42003562901
0033F00287000000,330 MCKINLEY ST,SINGLE FAMILY,RESIDENTIAL,Private,Knoxville,R1D-H,40.40981340187403,-79.99481566,42003300100
0174F00271000000,7326 RACE ST,SINGLE FAMILY,RESIDENTIAL,City,Homewood North,R2-L,40.457822262467865,-79.89212885,42003130200
0007D00172000000,917 WESTERN AVE,RETL/STOR OVER,COMMERCIAL,Private,Allegheny West,LNC,40.45156768029768,-80.01722049,42003562700
0032F00082000000,562 BURR ST,SINGLE FAMILY,RESIDENTIAL,Private,Mt. Oliver,R1D-M,40.41060144480999,-79.97788433,42003161000
0184N00004000000,5601 RODGERS ST,SINGLE FAMILY,RESIDENTIAL,Private,Lincoln Place,R1D-L,40.36767861938779,-79.91211152,42003310200
0174G00013000000,7419 RACE ST,SINGLE FAMILY,RESIDENTIAL,Private,Homewood North,RM-M,40.45782113867441,-79.89036521,42003130200
0060J00258000000,1517 CELTIC ST,SINGLE FAMILY,RESIDENTIAL,Private,Carrick,R2-L,40.398317346224204,-79.99587092,42003290100
0076K00316000000,3235 WARDWELL ST,SINGLE FAMILY,RESIDENTIAL,Private,Marshall-Shadeland,R1D-H,40.47665090895606,-80.02759357,42003271600
0013L00001000000,1509 STERLING ST,SINGLE FAMILY,RESIDENTIAL,Private,South Side Slopes,R1D-H,40.41851852533404,-79.97419062,42003160800
0042L00120000000,3013 BERGMAN ST,CHARITABLE EXEMPTION/HOS/HOMES,OTHER,Private,Sheraden,R1D-H,40.45558998282663,-80.05419565,42003562500
0014F00254000000,860 CLIMAX ST,SINGLE FAMILY,RESIDENTIAL,Private,Allentown,R1D-H,40.41990786263821,-79.99135251,42003180300
0026P00075000000,744 CLARISSA ST,ROWHOUSE,RESIDENTIAL,Private,Upper Hill,R2-L,40.45310401866206,-79.96031564,42003050600
0231J00088000000,1056 LAWNDALE ST,SINGLE FAMILY,RESIDENTIAL,Private,Homewood North,R2-L,40.457409902057115,-79.88143953,42003130700
0014P00269000000,214 BAUSMAN ST,SINGLE FAMILY,RESIDENTIAL,Private,Knoxville,R1D-H,40.41412849617068,-79.9912887,42003300100
0231N00152000000,651 TOKAY ST,SINGLE FAMILY,RESIDENTIAL,Private,East Hills,R2-L,40.452867658649176,-79.87862778,42003130600
0124S00129000000,809 LAXTON ST,SINGLE FAMILY,RESIDENTIAL,Private,Homewood West,R2-L,40.46254244726842,-79.90273648,42003130700
0124S00136000000,0 LYRIC ST,VACANT LAND,RESIDENTIAL,City,Homewood West,R2-L,40.46287698782751,-79.90268685,42003130700
0124J00050000000,557 LENORA ST,SINGLE FAMILY,RESIDENTIAL,City,Larimer,H,40.46711742038759,-79.91357546,42003120900
0049G00106000000,362 44TH ST,ROWHOUSE,RESIDENTIAL,Private,Central Lawrenceville,R1A-H,40.46868548218624,-79.95623224,42003090200
0125D00174000000,1215 N MURTLAND ST,VACANT LAND,RESIDENTIAL,City,Homewood West,R2-L,40.46183055074059,-79.90007963,42003130700
0076A00168000000,3516 DIPLOMA ST,SINGLE FAMILY,RESIDENTIAL,Private,Brighton Heights,R1D-M,40.47986964,-80.02992739,42003270800
0027A00358000000,3301 MILWAUKEE ST,SINGLE FAMILY,RESIDENTIAL,Private,Upper Hill,LNC,40.45261872022647,-79.96412158,42003050600
0024G00100000000,1126 BRABEC ST,SINGLE FAMILY,RESIDENTIAL,Private,Troy Hill,R1A-H,40.45880352707201,-79.99116106,42003241300
0010J00047000000,165 ERIN ST,SINGLE FAMILY,RESIDENTIAL,Private,Middle Hill,RP,40.44570553013239,-79.98019113,42003050100
0174L00009000000,7422 RACE ST,SINGLE FAMILY,RESIDENTIAL,Private,Homewood North,RM-M,40.457397124005794,-79.89024518,42003130200
0019D00213000001,213 STEUBEN ST,"CHURCHES, PUBLIC WORSHIP",COMMERCIAL,Private,West End,LNC,40.44108691174537,-80.03679151,42003562600
0174A00151000000,7129 KEDRON ST,SINGLE FAMILY,RESIDENTIAL,Private,Homewood North,R2-L,40.46131886,-79.89621443,42003130200
0080D00144000000,405 52ND ST,THREE FAMILY,RESIDENTIAL,Private,Upper Lawrenceville,R1A-VH,40.47976050407178,-79.95329024,42003101100
0015C00075000000,285 LELIA ST,TWO FAMILY,RESIDENTIAL,Private,Mount Washington,R1D-H,40.42167197457131,-80.00697042,42003191500
0174F00202000000,7329 RACE ST,SINGLE FAMILY,RESIDENTIAL,Private,Homewood North,R2-L,40.45817444470455,-79.89192767,42003130200
0184E00051000000,1252 MIFFLIN RD,SINGLE FAMILY,RESIDENTIAL,Private,Lincoln Place,R1D-L,40.37058806941777,-79.91469302,42003310200
0107S00192000000,2156 MAZETTE PL,SINGLE FAMILY,RESIDENTIAL,Private,Fairywood,P,40.445290971935805,-80.08487664,42003563000
0060L00008000000,1727 MOUNT JOSEPH ST,SINGLE FAMILY,RESIDENTIAL,Private,Carrick,R2-L,40.39685257706644,-79.99046726,42003290100
0048N00004000000,1716 HATTERAS ST,SINGLE FAMILY,RESIDENTIAL,Private,Troy Hill,R1D-H,40.46464780116066,-79.98275677,42003241300
0004K00025000000,308 PROSPECT ST,SINGLE FAMILY,RESIDENTIAL,Private,Mount Washington,R1D-H,40.426709133235256,-80.01190788,42003191400
0139B00056000000,1694 CREEDMOOR AVE,SINGLE FAMILY,RESIDENTIAL,Private,Brookline,R1D-L,40.38455027193895,-80.01040225,42003191800
0232B00263000000,0 CALISTOGA ST,SINGLE FAMILY,RESIDENTIAL,City,East Hills,R2-L,40.45199393726677,-79.87660674,42003130600
0041B00134000000,1216 HILLSBORO ST,SINGLE FAMILY,RESIDENTIAL,Private,Sheraden,H,40.45130443573336,-80.06057117,42003202200
0012J00210000000,132 S 18TH ST,ROWHOUSE,RESIDENTIAL,Private,South Side Flats,R1A-VH,40.426807813146354,-79.98097359,42003170200
0056N00126000000,401 W ELIZABETH ST,ROWHOUSE,RESIDENTIAL,Private,Hazelwood,R1A-VH,40.40633123,-79.94660516,42003562901
0014B00271000000,821 CARNIVAL WAY,SINGLE FAMILY,RESIDENTIAL,Private,Allentown,R1D-H,40.42245489889478,-79.99296824,42003180300
0231N00072000000,8305 BRICELYN ST,SINGLE FAMILY,RESIDENTIAL,Private,East Hills,R2-L,40.45497935885306,-79.87914388,42003130600
0081D00162000000,177 STANTON CT E,SINGLE FAMILY,RESIDENTIAL,Private,Stanton Heights,R1D-L,40.48135441774296,-79.93441994,42003101800
0124C00030000000,6341 DEAN ST,SINGLE FAMILY,RESIDENTIAL,Private,Lincoln-Lemington-Belmar,RM-M,40.46990220918073,-79.90641846,42003120300
8000T00173000000,1800 WHITED ST,MOBILE HOME (IN PARK),RESIDENTIAL,Private,Brookline,P,40.394547777186894,-79.9986721,42003320600
0004R00176000000,315 SMITH WAY,SINGLE FAMILY,RESIDENTIAL,Private,Mount Washington,R1D-H,40.42396596901329,-80.00686335,42003191500
0031F00106000000,983 BECKS RUN RD,SINGLE FAMILY,RESIDENTIAL,Private,Arlington,GI,40.41018747144509,-79.95790407,42003480300
0049A00102000000,127 BANNER WAY,ROWHOUSE,RESIDENTIAL,Private,Central Lawrenceville,R1A-VH,40.47139476889431,-79.96333436,42003090100
0014C00398000000,23 MOUNT OLIVER ST,TWO FAMILY,RESIDENTIAL,Private,South Side Slopes,R1A-VH,40.42114972365362,-79.987541,42003170600
0002F00368000000,20 CHATHAM SQ,OWNED BY COLLEGE/UNIV/ACADEMY,GOVERNMENT,Private,Bluff,UPR-A,40.43816894,-79.99118922,42003010302
0231F00003000000,8520 PERSHING ST,SINGLE FAMILY,RESIDENTIAL,Private,East Hills,R2-L,40.45981588696972,-79.87548973,42003130600
0036N00028000000,2558 ALLENDER AVE,SINGLE FAMILY,RESIDENTIAL,Private,Banksville,R1D-L,40.40640543771738,-80.04673099,42003202300
0010K00219000000,615 LAWSON ST,VACANT LAND,RESIDENTIAL,Private,Middle Hill,RM-M,40.446570768827755,-79.97640826,42003050100
0119S00099000000,5430 BUTLER ST,LODGE HALL/AMUSEMENT PARK,COMMERCIAL,Private,Upper Lawrenceville,LNC,40.48321118,-79.95009084,42003101100
0024B00320000000,1204 HIGH ST,SINGLE FAMILY,RESIDENTIAL,Private,Spring Garden,R1D-M,40.46078943744075,-79.99153859,42003241300
0033S00024000000,1010 WINGATE ST,SINGLE FAMILY,RESIDENTIAL,Private,Carrick,R1D-H,40.405556680019345,-79.9859181,42003290200
0173N00286000A00,1508 N MURTLAND ST,ROWHOUSE,RESIDENTIAL,Private,Homewood North,R2-L,40.46338456719027,-79.89898852,42003130700
0042H00123000000,3034 STAFFORD ST,SINGLE FAMILY,RESIDENTIAL,Private,Sheraden,R1D-H,40.45843205187834,-80.05179031,42003562500
0087A00328000000,5535 PHILLIPS AVE,SINGLE FAMILY,RESIDENTIAL,Private,Squirrel Hill South,RM-M,40.43113944166246,-79.92865843,42003141300
0049P00154000A00,302 38TH ST,ROWHOUSE,RESIDENTIAL,Private,Lower Lawrenceville,R1A-H,40.46400768860748,-79.96147198,42003060300
0049L00165000000,4232 POST ST,SINGLE FAMILY,RESIDENTIAL,Private,Central Lawrenceville,R1A-H,40.46728969695449,-79.95452047,42003090200
0049K00234000000,309 FISK ST,TWO FAMILY,RESIDENTIAL,Private,Central Lawrenceville,R1A-H,40.466839954475255,-79.9580381,42003090200
0137A00294000000,113 CLAUS AVE,SINGLE FAMILY,RESIDENTIAL,Private,Carrick,R2-L,40.382959688023355,-79.9801745,42003290400
0035P00099000000,1809 CROSBY AVE,SINGLE FAMILY,RESIDENTIAL,Private,Beechview,R1D-M,40.405901373099844,-80.02514257,42003192000
0029B00077000000,7 HODGE ST,SINGLE FAMILY,RESIDENTIAL,Private,South Oakland,H,40.43283707777585,-79.95930294,42003040900
0055F00058000000,4376 GLADSTONE ST,SINGLE FAMILY,RESIDENTIAL,Private,Hazelwood,R1D-M,40.41880687066752,-79.94383398,42003562901
0048E00262000000,2046 LEY ST,SINGLE FAMILY,RESIDENTIAL,City,Troy Hill,R1D-H,40.469171884300565,-79.97956557,42003241300
0012K00252000000,134 S 20TH ST,SINGLE FAMILY,RESIDENTIAL,Private,South Side Flats,R1A-VH,40.426913884959916,-79.97799254,42003170200
0009M00243000000,713 CASSATT ST,ROWHOUSE,RESIDENTIAL,Private,Crawford-Roberts,RM-M,40.44565888241464,-79.98541023,42003030500
0033F00050000000,319 SUNCREST ST,SINGLE FAMILY,RESIDENTIAL,Private,Knoxville,R1D-M,40.41129439268143,-79.9940842,42003300100
0086E00340001600,5535 FORBES AVE,CONDOMINIUM,RESIDENTIAL,Private,Squirrel Hill North,RP,40.438231941652106,-79.92885904,42003140100
0094E00307000000,2417 RURALTON ST,SINGLE FAMILY,RESIDENTIAL,Private,Carrick,R1D-L,40.391502963484946,-79.97939976,42003290400
0173E00199000000,1335 MANNING ST,SINGLE FAMILY,RESIDENTIAL,Private,Lincoln-Lemington-Belmar,RM-M,40.46800920263494,-79.89745758,42003120300
0003L00235000000,810 SELBY WAY,SINGLE FAMILY,RESIDENTIAL,Private,South Side Flats,R2-VH,40.42743427327668,-79.99037575,42003170200
0014E00324000000,125 MILLBRIDGE ST,SINGLE FAMILY,RESIDENTIAL,City,Allentown,R1D-H,40.42100701259671,-79.99552016,42003180300
0050G00002000000,5122 ROSETTA ST,SINGLE FAMILY,RESIDENTIAL,Private,Garfield,R1D-H,40.467626810413165,-79.94114984,42003101900
0014L00102000000,125 JUCUNDA ST,SINGLE FAMILY,RESIDENTIAL,Private,Knoxville,R1D-H,40.417570938078576,-79.98915585,42003300100
0041H00200000000,811 DUBOIS ST,ROWHOUSE,RESIDENTIAL,Private,Crafton Heights,P,40.449964225008536,-80.05081118,42003281400
0002M00207000000,1621 FORBES AVE,OFFICE/WAREHOUSE,COMMERCIAL,Private,Bluff,UPR-A,40.437799319654786,-79.98342142,42003010302
0041H00191000000,804 DUBOIS ST,SINGLE FAMILY,RESIDENTIAL,Private,Crafton Heights,P,40.45017510651389,-80.05129295,42003281400
0026P00166000000,0 ADELAIDE ST,VACANT LAND,RESIDENTIAL,Private,Upper Hill,R2-L,40.45375369,-79.95974654,42003050600
0137A00201000000,2722 BETHESDA ST,SINGLE FAMILY,RESIDENTIAL,Private,Carrick,R2-L,40.38327796508618,-79.98174628,42003290400
0002H00072000000,1425 5TH AVE,BANK,COMMERCIAL,Private,Crawford-Roberts,UPR-A,40.43876997834917,-79.98537678,42003030500
0231N00252000000,650 HAVERHILL ST,SINGLE FAMILY,RESIDENTIAL,Private,East Hills,R1D-L,40.453235408765806,-79.88152869,42003130600
0004A00299000000,435 BIGHAM ST,TWO FAMILY,RESIDENTIAL,Private,Mount Washington,RM-M,40.43090002452808,-80.015362,42003190300
0042S00122000000,2764 BERGMAN ST,SINGLE FAMILY,RESIDENTIAL,Private,Sheraden,R1D-H,40.45372201017473,-80.05183989,42003562500
0029C00066000000,3434 FRAZIER ST,SINGLE FAMILY,RESIDENTIAL,Private,South Oakland,R1A-H,40.4317745,-79.95733798,42003040900
0056B00355000000,202 HAZELWOOD AVE,SINGLE FAMILY,RESIDENTIAL,Private,Hazelwood,R1D-H,40.41184709211881,-79.94146235,42003562300
0050J00141000000,4606 PENN AVE,"RESTAURANT, CAFET AND/OR BAR",COMMERCIAL,Private,Bloomfield,LNC,40.46569771737687,-79.9493144,42003090300
0003L00432000000,1108 BRADISH ST,BUILDERS LOT,RESIDENTIAL,Private,South Side Flats,R1A-VH,40.42700412036199,-79.9870655,42003170200
0056P00088000000,5158 GLOSTER ST,ROWHOUSE,RESIDENTIAL,Private,Hazelwood,GI,40.40548438639562,-79.94424302,42003562901
0174G00394000000,7421 HERMITAGE ST,VACANT LAND,RESIDENTIAL,Private,Homewood North,RM-M,40.45917902181624,-79.89002638,42003130700
0044H00260000000,2810 CALIFORNIA AVE,ROWHOUSE,RESIDENTIAL,Private,Marshall-Shadeland,R1A-H,40.469085692039805,-80.03534392,42003271600
0010M00267000000,2568 BRACKENRIDGE ST,SINGLE FAMILY,RESIDENTIAL,City,Terrace Village,P,40.44563766816218,-79.96782369,42003051000
0126E00090000000,6736 REYNOLDS ST,"RESTAURANT, CAFET AND/OR BAR",COMMERCIAL,Private,Point Breeze,LNC,40.450281955554885,-79.91457046,42003140400
0035B00074000000,1511 BELASCO AVE,SINGLE FAMILY,RESIDENTIAL,Private,Beechview,H,40.41182861967694,-80.02724155,42003191600
0045E00188000000,1308 SUPERIOR AVE,SINGLE FAMILY,RESIDENTIAL,Private,Marshall-Shadeland,R1D-H,40.46814588957556,-80.03037079,42003271600
0124N00001000000,134 AUBURN ST,SINGLE FAMILY,RESIDENTIAL,Private,Larimer,R2-H,40.46292412,-79.91607987,42003120900
0020P00273000000,1115 CHARTIERS AVE,SINGLE FAMILY,RESIDENTIAL,Private,Crafton Heights,R2-L,40.44522593431961,-80.04218964,42003281400
0055S00221000000,246 BLACKSTONE ST,VACANT LAND,RESIDENTIAL,Private,Hazelwood,R2-L,40.41601365656755,-79.93429119,42003562300
0014J00249000000,609 CURTIN AVE,TWO FAMILY,RESIDENTIAL,Private,Beltzhoover,R2-H,40.417060459045175,-79.99850872,42003562400
0050F00141000000,5107 ROSETTA ST,SINGLE FAMILY,RESIDENTIAL,City,Garfield,R1D-H,40.46812363,-79.94163413,42003101900
0027B00059000000,744 BRYN MAWR RD,SINGLE FAMILY,RESIDENTIAL,Private,Upper Hill,R2-L,40.452685316308525,-79.96140979,42003050600
0080H00247000000,5237 WICKLIFF ST,VACANT LAND,RESIDENTIAL,Private,Upper Lawrenceville,R1A-VH,40.47880088236811,-79.95009793,42003101100
0052E00033004200,552 N NEVILLE ST,CONDOMINIUM,RESIDENTIAL,Private,North Oakland,RM-VH,40.44849370130944,-79.94857918,42003040400
0049P00124000000,324 39TH ST,ROWHOUSE,RESIDENTIAL,Private,Lower Lawrenceville,R1A-H,40.464056150596534,-79.96001188,42003060300
0075M00280000000,1439 WOODS RUN AVE,"RESTAURANT, CAFET AND/OR BAR",COMMERCIAL,Private,Marshall-Shadeland,UI,40.4750867,-80.03483835,42003271600
0025M00200000000,3065 PHELAN WAY,FOUR FAMILY,RESIDENTIAL,Private,Polish Hill,LNC,40.45630715169129,-79.96708522,42003060500
0013S00207000000,305 RINNE ST,VACANT LAND,RESIDENTIAL,Private,Arlington,R2-L,40.41426329141769,-79.96838866,42003161000
0015L00200000000,611 MONTOOTH ST,SINGLE FAMILY,RESIDENTIAL,Private,Beltzhoover,R2-H,40.41689102404037,-80.00561913,42003562400
0033E00211000000,430 SUNCREST ST,SINGLE FAMILY,RESIDENTIAL,Private,Knoxville,R1D-H,40.41118970388723,-79.996366,42003300100
0014B00388000000,903 E WARRINGTON AVE,THREE FAMILY,RESIDENTIAL,Private,Allentown,LNC,40.42189441716597,-79.99143798,42003180300
0076K00070000000,1025 GRAND AVE,SMALL SHOP,INDUSTRIAL,Private,Marshall-Shadeland,R1D-M,40.474631650479886,-80.0264062,42003271600
0031F00122000000,953 BECKS RUN RD,TWO FAMILY,RESIDENTIAL,Private,Arlington,UI,40.409890419521325,-79.95928703,42003161000
0080D00396000000,5262 DUNCAN ST,SINGLE FAMILY,RESIDENTIAL,Private,Upper Lawrenceville,R1A-VH,40.47954422774098,-79.94983631,42003101100
0082S00155000000,6025 HAMPTON ST,SINGLE FAMILY,RESIDENTIAL,Private,Highland Park,R1D-M,40.47353514573006,-79.91816986,42003110600
0049B00101000000,177 42ND ST,SINGLE FAMILY,RESIDENTIAL,Private,Central Lawrenceville,LNC,40.470792850595906,-79.96119509,42003090100
0083B00372000000,822 PORTLAND ST,SINGLE FAMILY,RESIDENTIAL,Private,Highland Park,R2-M,40.472093782310196,-79.92516542,42003110200
0139D00120000000,304 BERNARD ST,SINGLE FAMILY,RESIDENTIAL,Private,Overbrook,R1D-M,40.38328494993719,-80.00186102,42003320700
0174P00182000000,7331 HAMILTON AVE,ROWHOUSE,RESIDENTIAL,Private,Homewood South,RM-M,40.45406342,-79.89419473,42003130800
0049N00214000000,3467 DENNY ST,SINGLE FAMILY,RESIDENTIAL,Private,Lower Lawrenceville,R1A-H,40.463191717542635,-79.96451448,42003060300
0004F00219000000,130 PROSPECT ST,SINGLE FAMILY,RESIDENTIAL,Private,Mount Washington,R2-H,40.42872055411624,-80.00970736,42003191400
0014F00190000000,826 INDUSTRY ST,VACANT LAND,RESIDENTIAL,Private,Allentown,R1D-H,40.42071238,-79.99266079,42003180300
0052G00277000000,5200 PEMBROKE PL,SINGLE FAMILY,RESIDENTIAL,Private,Shadyside,R1D-VL,40.44989451,-79.93813306,42003070300
0054R00232000000,618 GREENFIELD AVE,SINGLE FAMILY,RESIDENTIAL,Private,Greenfield,R1D-H,40.425972428155504,-79.93902772,42003151700
0060G00143000000,1611 BROWNSVILLE RD,OFFICE/APARTMENTS OVER,COMMERCIAL,Private,Carrick,LNC,40.39946522160977,-79.98874193,42003290200
0042S00088000000,0 BERGMAN ST,VACANT LAND,RESIDENTIAL,City,Sheraden,R1D-H,40.45305374254433,-80.0518228,42003562500
0026K00324000000,3539 MILWAUKEE ST,SINGLE FAMILY,RESIDENTIAL,Private,Upper Hill,R2-L,40.455854389373265,-79.95947916,42003050600
0042C00021000000,455 STADIUM ST,SINGLE FAMILY,RESIDENTIAL,Private,Sheraden,H,40.46013956,-80.05623657,42003562500
0020B00148000000,1431 HERROD ST,SINGLE FAMILY,RESIDENTIAL,Private,Elliott,H,40.45059767024865,-80.04226103,42003562600
0014P00201000000,247 BAUSMAN ST,SINGLE FAMILY,RESIDENTIAL,Private,Knoxville,R1D-H,40.41450469,-79.99273593,42003300100
0025N00030010100,2419 SMALLMAN ST,CONDOMINIUM,RESIDENTIAL,Private,Strip District,RIV-IMU,40.45471767958804,-79.98118807,42003020300
0057C00112000A00,0 2ND AVE,VACANT LAND,RESIDENTIAL,City,Hazelwood,R1A-H,40.40224887817264,-79.94088359,42003562300
0027E00043000000,511 HERRON AVE,TWO FAMILY,RESIDENTIAL,Private,Middle Hill,RM-M,40.44915013521306,-79.96537311,42003050100
0174J00102000A00,7238 FLEURY WAY,"CHURCHES, PUBLIC WORSHIP",COMMERCIAL,Private,Homewood South,RM-M,40.45536204712792,-79.89520992,42003130800
0174M00082000000,909 BLACKADORE ST,SINGLE FAMILY,RESIDENTIAL,Private,Homewood North,LNC,40.45574878872191,-79.88348856,42003130700
0124K00178000A00,6346 SHETLAND ST,ROWHOUSE,RESIDENTIAL,Private,Larimer,R1D-H,40.46502669680333,-79.91121302,42003120900
0056L00312000000,5049 ORINOCO ST,SINGLE FAMILY,RESIDENTIAL,Private,Hazelwood,R1D-M,40.408241518608264,-79.9385237,42003562300
0056F00173000A00,207 GLEN CALADH ST,ROWHOUSE,RESIDENTIAL,Private,Hazelwood,R1A-H,40.40974286557374,-79.94192615,42003562300
0030A00085000000,3020 MARY ST,SINGLE FAMILY,RESIDENTIAL,Private,South Side Slopes,H,40.42231447672107,-79.9652621,42003160800
0071H00160000000,1137 OETTING ST,SINGLE FAMILY,RESIDENTIAL,Private,Sheraden,H,40.45863906531193,-80.06700748,42003202200
0174F00250000000,7232 RACE ST,SINGLE FAMILY,RESIDENTIAL,Private,Homewood North,R2-L,40.45833586811765,-79.89436092,42003130200
0006K00005000000,467 BRADLEY ST,SINGLE FAMILY,RESIDENTIAL,Private,Duquesne Heights,P,40.43649361689537,-80.02879417,42003191100
0231B00155000000,8611 PERSHING ST,SINGLE FAMILY,RESIDENTIAL,Private,East Hills,R2-L,40.46125620064403,-79.87598835,42003130600
0124H00203000000,0 PAULSON AVE,VACANT LAND,RESIDENTIAL,Private,Lincoln-Lemington-Belmar,RM-M,40.468093275671656,-79.90257798,42003120300
0014N00129000000,422 CHARLES ST,SINGLE FAMILY,RESIDENTIAL,Private,Knoxville,R1D-H,40.416206059495366,-79.99676797,42003300100
0004E00142000000,341 GRACE ST,SINGLE FAMILY,RESIDENTIAL,Private,Mount Washington,R1D-H,40.42999312786219,-80.01202699,42003191400
0173J00007000000,1306 OLIVANT ST,VACANT LAND,RESIDENTIAL,Private,Lincoln-Lemington-Belmar,RM-M,40.467060497770774,-79.89918126,42003120300
0081L00203000000,206 SCHENLEY MANOR DR,SINGLE FAMILY,RESIDENTIAL,Private,Stanton Heights,R1D-L,40.47490842082426,-79.9371966,42003100500
0019G00082000000,820 WALBRIDGE ST,SINGLE FAMILY,RESIDENTIAL,Private,Elliott,R1D-L,40.43824647720851,-80.03739254,42003562600
0051L00127000000,5242 BAUM BLVD,COMM AUX BUILDING,COMMERCIAL,Private,Bloomfield,LNC,40.456195969332924,-79.94035591,42003080400
0231K00173000000,8327 BRICELYN ST,SINGLE FAMILY,RESIDENTIAL,Private,East Hills,R2-L,40.455392849390414,-79.87854163,42003130600
0173P00143000000,7221 EVERTON ST,SINGLE FAMILY,RESIDENTIAL,Private,Lincoln-Lemington-Belmar,R1D-L,40.46310291559879,-79.89219887,42003561900
0024D00065000000,1363 HERMAN ST,SINGLE FAMILY,RESIDENTIAL,Private,Troy Hill,R1D-H,40.46056627531517,-79.9866018,42003241300
0012N00074000000,1823 EDWARDS WAY,SINGLE FAMILY,RESIDENTIAL,Private,South Side Flats,R1A-VH,40.425692841857675,-79.97996544,42003170200
0055M00020000000,628 HAZELWOOD AVE,SINGLE FAMILY,RESIDENTIAL,Private,Hazelwood,R1D-M,40.41869017324049,-79.93545652,42003562300
0056J00108000000,5001 BLAIR ST,ROWHOUSE,RESIDENTIAL,Private,Hazelwood,R1A-VH,40.40761685280839,-79.94673584,42003562901
0096C00115000000,1461 BELLAIRE PL,SINGLE FAMILY,RESIDENTIAL,Private,Brookline,R1D-H,40.39342118727265,-80.00609617,42003320600
0014R00072000000,118 ZARA ST,SINGLE FAMILY,RESIDENTIAL,Private,Knoxville,R1D-H,40.41568082,-79.98904301,42003300100
0014D00060000000,1112 E WARRINGTON AVE,SINGLE FAMILY,RESIDENTIAL,Private,South Side Slopes,R1A-VH,40.42233625748766,-79.98600884,42003170600
0049B00036000000,146 43RD HALF ST,ROWHOUSE,RESIDENTIAL,Private,Central Lawrenceville,R1A-VH,40.472050408196814,-79.96161868,42003090100
0125H00306000A00,6921 BENNETT ST,ROWHOUSE,RESIDENTIAL,City,Homewood West,RM-M,40.45804200616713,-79.90280518,42003130700
0002H00030000000,0 5TH AVE,RETL/STOR OVER,COMMERCIAL,Private,Bluff,UPR-A,40.43829752,-79.98472313,42003010302
0042H00074000000,3021 STAFFORD ST,RES AUX BUILDING (NO HOUSE),RESIDENTIAL,Private,Sheraden,R1D-H,40.4579539,-80.05195306,42003562500
0014K00084000000,319 ORCHARD PL,SINGLE FAMILY,RESIDENTIAL,Private,Knoxville,R1D-H,40.41817785366977,-79.9941315,42003300100
0014R00075000000,112 ZARA ST,SINGLE FAMILY,RESIDENTIAL,Private,Knoxville,R1D-H,40.41568962994809,-79.98877274,42003300100
0062D00330000000,2004 PIONEER AVE,SINGLE FAMILY,RESIDENTIAL,Private,Brookline,R1D-H,40.402570670017674,-80.01621382,42003191700
0080L00012000000,4830 BLACKBERRY WAY,SINGLE FAMILY,RESIDENTIAL,Private,Central Lawrenceville,LNC,40.47689361849075,-79.95760845,42003090100
0013P00229000000,2130 JONQUIL WAY,SINGLE FAMILY,RESIDENTIAL,Private,Arlington,R2-L,40.41586451424149,-79.97634336,42003161000
0050M00014000A00,5333 BROWN WAY,ROWHOUSE,RESIDENTIAL,Private,Garfield,R1D-H,40.46693403914663,-79.93675905,42003101900
0047N00232000000,1818 OVERBECK ST,SINGLE FAMILY,RESIDENTIAL,Private,Spring Hill-City View,H,40.46418803888489,-79.99696056,42003262000
0024C00143000000,1250 HIGH ST,ROWHOUSE,RESIDENTIAL,Private,Spring Garden,R1D-M,40.46140058,-79.98996381,42003241300
0004L00285000000,27 RUTH ST,SINGLE FAMILY,RESIDENTIAL,Private,Mount Washington,R1D-H,40.426004964614194,-80.00474968,42003180700
0084G00040000000,229 YARDLEY WAY,WAREHOUSE,INDUSTRIAL,Private,Shadyside,R1A-H,40.45802660957941,-79.92410342,42003070800
0051E00227030600,622 GROSS ST,CONDOMINIUM,RESIDENTIAL,Private,Bloomfield,R2-H,40.458156551328116,-79.94623051,42003080400
0174B00273000A00,7255 KEDRON ST,ROWHOUSE,RESIDENTIAL,Private,Homewood North,R2-L,40.46055630358536,-79.89299338,42003130200
0125H00338000000,7013 BENNETT ST,SINGLE FAMILY,RESIDENTIAL,Private,Homewood South,RM-M,40.45767219454131,-79.90074216,42003130800
0087S00235000000,2860 FERNWALD RD,SINGLE FAMILY,RESIDENTIAL,Private,Squirrel Hill South,R1D-L,40.42476595444339,-79.91652375,42003141400
0039H00009000000,1504 OVID ST,SINGLE FAMILY,RESIDENTIAL,Private,Westwood,R1D-L,40.42978654176926,-80.05002402,42003563100
0021N00173000000,2735 STAFFORD ST,SINGLE FAMILY,RESIDENTIAL,Private,Sheraden,H,40.45498554009389,-80.04916489,42003562500
0011F00085000000,1929 5TH AVE,APART: 5-19 UNITS,COMMERCIAL,Private,Crawford-Roberts,UPR-B,40.43860691815793,-79.97814857,42003030500
0019H00140000000,6 NOBLESTOWN RD,ROWHOUSE,RESIDENTIAL,Private,Elliott,H,40.440211984947155,-80.0357882,42003562600
0071G00348000000,1415 HARLOW ST,SINGLE FAMILY,RESIDENTIAL,Private,Chartiers City,R1D-L,40.45978796777091,-80.07167431,42003563000
0070D00117000000,3204 FARONIA ST,SINGLE FAMILY,RESIDENTIAL,Private,Sheraden,R1D-M,40.45169863524092,-80.06647037,42003202200
0028F00068000000,0 HALKET ST,ROWHOUSE,RESIDENTIAL,Private,Central Oakland,UC-E,40.43898445315781,-79.9616143,42003040500
0034J00190000000,521 SOUTHCREST DR,TOWNHOUSE,RESIDENTIAL,Private,Brookline,RM-M,40.40754465339522,-80.01489008,42003191700
0033B00053000000,109 ROMEYN ST,SINGLE FAMILY,RESIDENTIAL,Private,Knoxville,R1D-H,40.41367541588329,-79.99225538,42003300100
0015M00259000000,403 CHALFONT ST,VACANT LAND,RESIDENTIAL,Private,Beltzhoover,R2-H,40.416813361360035,-80.00014102,42003562400
0174P00180000000,7335 HAMILTON AVE,ROWHOUSE,RESIDENTIAL,Private,Homewood South,RM-M,40.454041629406085,-79.89409628,42003130800
0174J00135000000,710 N HOMEWOOD AVE,RETL/APT'S OVER,COMMERCIAL,City,Homewood South,LNC,40.455826421377196,-79.89658817,42003130800
0042M00217000000,2930 MERWYN AVE,SINGLE FAMILY,RESIDENTIAL,Private,Sheraden,R1D-H,40.45641306,-80.051,42003562500
0014A00102000000,109 CRAIGHEAD ST,SINGLE FAMILY,RESIDENTIAL,Private,Mount Washington,R1D-H,40.42187981599769,-79.99825544,42003180700
0071A00026000000,3842 MAYFAIR ST,SINGLE FAMILY,RESIDENTIAL,Private,Windgap,R1D-L,40.46015008714098,-80.07936688,42003563000
0019N00250000000,1805 HETHLON ST,SINGLE FAMILY,RESIDENTIAL,Private,Westwood,R1D-L,40.43444127483261,-80.04546516,42003563100
0055S00204000000,545 INDUS ST,SINGLE FAMILY,RESIDENTIAL,Private,Hazelwood,R2-L,40.41556741299818,-79.93454949,42003562300
0049J00360000000,268 39TH ST,SINGLE FAMILY,RESIDENTIAL,Private,Lower Lawrenceville,R1A-H,40.46581699056051,-79.96200576,42003060300
0049N00272000000,316 37TH ST,SINGLE FAMILY,RESIDENTIAL,Private,Lower Lawrenceville,R1A-H,40.46380997994691,-79.96251203,42003060300
0033E00146000000,118 TARRAGONNA ST,SINGLE FAMILY,RESIDENTIAL,Private,Bon Air,R1D-L,40.40955213180244,-79.99706932,42003562400
0055F00307000000,327 WINDERS ST,SINGLE FAMILY,RESIDENTIAL,Private,Hazelwood,R1D-M,40.41931682387884,-79.94271735,42003562901
0011G00143000000,12 ALLEQUIPPA ST,SINGLE FAMILY,RESIDENTIAL,Private,West Oakland,H,40.43869200309691,-79.9720618,42003040200
0014G00298000000,18 E AMANDA AVE,TOWNHOUSE,RESIDENTIAL,Private,South Side Slopes,R1A-VH,40.42092059068459,-79.98806039,42003170600
0006M00024000100,1104 GRANDVIEW AVE,CONDOMINIUM,RESIDENTIAL,Private,Mount Washington,GPRB,40.43752053345679,-80.01729883,42003190300
0015P00184000000,606 HARGROVE ST,OFFICE/WAREHOUSE,COMMERCIAL,Private,Mount Washington,UI,40.415456088599356,-80.01436156,42003191500
0173E00188000000,1362 MONTEZUMA ST,SINGLE FAMILY,RESIDENTIAL,Private,Lincoln-Lemington-Belmar,RM-M,40.468557973862225,-79.89793223,42003120300
0049P00269000000,326 38TH ST,SINGLE FAMILY,RESIDENTIAL,Private,Lower Lawrenceville,R1A-H,40.463170369923084,-79.96133266,42003060300
0080P00199000000,4607 BUTLER ST,RETL/APT'S OVER,COMMERCIAL,Private,Central Lawrenceville,LNC,40.473172207595134,-79.9588606,42003090100
0081A00011000000,5333 HOLMES ST,ROWHOUSE,RESIDENTIAL,Private,Upper Lawrenceville,R1A-VH,40.481187676182046,-79.94933231,42003101100
0097G00176000000,815 NORWICH AVE,SINGLE FAMILY,RESIDENTIAL,Private,Brookline,R1D-M,40.391066929753194,-80.02384866,42003191800
0049E00087000000,3817 BUTLER ST,CONVENIENCE STORE/GAS,COMMERCIAL,Private,Lower Lawrenceville,LNC,40.46740255790205,-79.96411151,42003060300
0014F00353000000,830 FREELAND ST,SINGLE FAMILY,RESIDENTIAL,Private,Allentown,R1D-H,40.41901883788461,-79.99241948,42003180300
0014J00137000000,414 BELTZHOOVER AVE,SINGLE FAMILY,RESIDENTIAL,Private,Beltzhoover,R2-H,40.41859271196018,-79.99757173,42003562400
0172N00157000000,6938 HARTMAN LN,SINGLE FAMILY,RESIDENTIAL,Private,Lincoln-Lemington-Belmar,R1D-L,40.473185702340615,-79.89639233,42003561900
0056C00225000000,0 FLOWERS AVE,VACANT LAND,RESIDENTIAL,Private,Hazelwood,R1A-H,40.41218653847046,-79.93853661,42003562300
0003G00126000000,1005 E CARSON ST,RETL/APT'S OVER,COMMERCIAL,Private,South Side Flats,LNC,40.428891231906505,-79.98818848,42003170200
0012G00165000000,2319 WHARTON ST,LIGHT MANUFACTURING,INDUSTRIAL,Private,South Side Flats,RIV-IMU,40.43022717820086,-79.97184509,42003160900
0015E00070000000,706 SOUTHERN AVE,SINGLE FAMILY,RESIDENTIAL,Private,Mount Washington,R1D-H,40.419608017474246,-80.01360863,42003191500
0030B00006000000,102 HANDLER ST,ROWHOUSE,RESIDENTIAL,Private,South Side Slopes,R2-L,40.42119387641638,-79.96187321,42003160800
0025H00109000000,318 HARMAR ST,TWO FAMILY,RESIDENTIAL,Private,Polish Hill,R2-H,40.457838896819034,-79.9681326,42003060500
0027G00242000000,4130 BIGELOW BLVD,SINGLE FAMILY,RESIDENTIAL,Private,North Oakland,R1D-VL,40.44826399712601,-79.95510993,42003562000
0035C00023000000,1428 FALLOWFIELD AVE,SINGLE FAMILY,RESIDENTIAL,Private,Beechview,R1D-M,40.413129203417505,-80.0241816,42003191600
0077S00184000000,218 ESSEN ST,SINGLE FAMILY,RESIDENTIAL,Private,Spring Hill-City View,R1D-L,40.47301766736332,-80.00184487,42003262000
0056K00065000A00,39 W ELIZABETH ST,ROWHOUSE,RESIDENTIAL,City,Hazelwood,R1A-VH,40.40663461220562,-79.94484706,42003562901
0095K00097000000,2236 FAIRLAND ST,SINGLE FAMILY,RESIDENTIAL,Private,Overbrook,R1D-H,40.387196378137446,-79.99423371,42003320400
0174A00158000000,7143 KEDRON ST,TWO FAMILY,RESIDENTIAL,Private,Homewood North,R2-L,40.46118165344081,-79.89560968,42003130200
0014L00146000000,134 JUCUNDA ST,SINGLE FAMILY,RESIDENTIAL,Private,Knoxville,R1D-H,40.41715287724584,-79.98950337,42003300100
0060E00054000000,1413 DENISE ST,SINGLE FAMILY,RESIDENTIAL,Private,Carrick,P,40.399492272781885,-79.99848065,42003290100
0006C00006000000,1633 GRANDVIEW AVE,TWO FAMILY,RESIDENTIAL,Private,Duquesne Heights,GPRB,40.44062696344919,-80.02429893,42003191100
0054N00080000000,18 YODER ST,SINGLE FAMILY,RESIDENTIAL,Private,Greenfield,H,40.42403120946406,-79.94816328,42003151600
0114S00009000000,1400 TERMON AVE,SINGLE FAMILY,RESIDENTIAL,Private,Brighton Heights,R1D-M,40.48305892,-80.03674497,42003270100
0033B00370000000,310 MOORE AVE,SINGLE FAMILY,RESIDENTIAL,Private,Knoxville,R1D-H,40.41147014746745,-79.99345128,42003300100
0137A00213000000,150 CLAUS AVE,SINGLE FAMILY,RESIDENTIAL,Private,Carrick,R2-L,40.38306555021352,-79.98184551,42003290400
0124N00194000000,169 CARVER ST,SINGLE FAMILY,RESIDENTIAL,Private,Larimer,R2-H,40.463288864978644,-79.91321066,42003120900
0172P00302000000,7007 ROSS GARDEN RD,SINGLE FAMILY,RESIDENTIAL,Private,Lincoln-Lemington-Belmar,R1D-L,40.472268933063496,-79.89504163,42003561900
0115B00131000000,469 DORNESTIC ST,SINGLE FAMILY,RESIDENTIAL,Private,Perry North,R1D-L,40.490382430868664,-80.02537715,42003260200
0049N00142000000,3506 PENN AVE,TOWNHOUSE,RESIDENTIAL,Private,Lower Lawrenceville,R1A-H,40.46388118158491,-79.96473239,42003060300
0075L00038000000,3403 CALIFORNIA AVE,"CHURCHES, PUBLIC WORSHIP",COMMERCIAL,Private,Brighton Heights,RM-M,40.47647979558863,-80.04037353,42003270300
0076J00105000000,3227 CENTRAL AVE,SINGLE FAMILY,RESIDENTIAL,Private,Marshall-Shadeland,R1D-H,40.475518864657914,-80.02871751,42003271600
0054R00114000000,4125 WINTERBURN AVE,SINGLE FAMILY,RESIDENTIAL,Private,Greenfield,R1D-H,40.424550781397826,-79.93950034,42003151700
0174F00174000000,0 MONTICELLO ST,SINGLE FAMILY,RESIDENTIAL,City,Homewood North,R2-L,40.45872133219732,-79.89282789,42003130200
0173E00054000000,1374 PAULSON AVE,SINGLE FAMILY,RESIDENTIAL,Private,Lincoln-Lemington-Belmar,RM-M,40.46958449428131,-79.8980741,42003120300
0014L00160000000,108 JUCUNDA ST,ROWHOUSE,RESIDENTIAL,Private,Knoxville,R1D-H,40.41717405861449,-79.98843222,42003300100
0049N00165000000,3447 LIGONIER ST,ROWHOUSE,RESIDENTIAL,Private,Lower Lawrenceville,R1A-H,40.46311513628814,-79.96530795,42003060300
0045N00181000000,1400 HALSEY PL,ROWHOUSE,RESIDENTIAL,Private,Marshall-Shadeland,H,40.464443451173004,-80.03013764,42003271600
0003S0021800C400,1 PIUS ST,CONDOMINIUM,RESIDENTIAL,Private,South Side Slopes,H,40.42500119093926,-79.98423721,42003170600
0044D00262000000,1529 FORSYTHE ST,SINGLE FAMILY,RESIDENTIAL,Private,Marshall-Shadeland,R1A-H,40.47060542914273,-80.03483739,42003271600
0050B00169000000,4807 COLUMBO ST,SINGLE FAMILY,RESIDENTIAL,Private,Garfield,R1D-M,40.47174254040359,-79.94308753,42003101900
0012K00072000000,2110 CAREY WAY,SINGLE FAMILY,RESIDENTIAL,Private,South Side Flats,R1A-VH,40.42788824327653,-79.9758011,42003160900
0081G00061000000,115 ELENA CT,VACANT LAND,RESIDENTIAL,Private,Stanton Heights,R1D-L,40.477834075481454,-79.93712663,42003100500
0026F00347000000,3630 RIDGWAY ST,VACANT LAND,RESIDENTIAL,Private,Upper Hill,R2-L,40.45825985470502,-79.95795371,42003050600
0033C00093000000,18 GRAPE ST,SINGLE FAMILY,RESIDENTIAL,Private,Knoxville,R1D-H,40.41378719427455,-79.98927137,42003300100
0125B00196000000,0 CARVER ST,VACANT LAND,RESIDENTIAL,Private,Larimer,R1D-M,40.46135506050629,-79.91157967,42003120900
0014C00059000000,1043 ARLINGTON AVE,SINGLE FAMILY,RESIDENTIAL,Private,Allentown,H,40.423434086433645,-79.98871875,42003180300
0061E00288000000,625 BEAUFORT AVE,SINGLE FAMILY,RESIDENTIAL,Private,Brookline,R1D-M,40.39980065271387,-80.013461,42003191700
0096B00191000000,1241 BROOKLINE BLVD,SINGLE FAMILY,RESIDENTIAL,Private,Brookline,R1D-H,40.39249911858069,-80.01089195,42003320600
0002J00049000000,310 ROSS ST,"RESTAURANT, CAFET AND/OR BAR",COMMERCIAL,Private,Central Business District,GT-B,40.43724869707612,-79.99645773,42003020100
0124K00143000000,6327 SHETLAND ST,TWO FAMILY,RESIDENTIAL,Private,Larimer,R1D-H,40.46565906415444,-79.91130025,42003120900
0015K00071000A00,0 BOGGSTON AVE,VACANT LAND,RESIDENTIAL,Private,Beltzhoover,R2-H,40.41760028637693,-80.01007964,42003562400
0003S00073000000,18 HACKSTOWN ST,SINGLE FAMILY,RESIDENTIAL,Private,South Side Slopes,H,40.42424785751693,-79.9852008,42003170600
0051S00356000000,5405 ELLSWORTH AVE,TOWNHOUSE,RESIDENTIAL,Private,Shadyside,R1A-H,40.453078484397444,-79.93652804,42003070900
0027A00250000000,721 SHAWNEE ST,VACANT LAND,RESIDENTIAL,Private,Upper Hill,R2-L,40.451451501616205,-79.96258704,42003050600
0231B00187000000,8525 PERSHING ST,SINGLE FAMILY,RESIDENTIAL,Private,East Hills,R2-L,40.46010031792872,-79.8758504,42003130600
0042N00316000000,1327 JEFFERS ST,TWO FAMILY,RESIDENTIAL,Private,Sheraden,H,40.45303016599624,-80.0651487,42003202200
0029J00160000000,2822 SIDNEY ST,PARKING GARAGE/LOTS,COMMERCIAL,URA,South Side Flats,SP-5,40.42651573069191,-79.96482038,42003160900
0080P00255000000,4611 PLUMMER ST,ROWHOUSE,RESIDENTIAL,Private,Central Lawrenceville,R1A-VH,40.47417286306482,-79.9601547,42003090100
0134E00014000000,24 WHEELING ST,SINGLE FAMILY,RESIDENTIAL,Private,Hays,P,40.38205111334945,-79.93226389,42003565300
0175D00297000000,618 SINGER PL,SINGLE FAMILY,RESIDENTIAL,Private,East Hills,RM-M,40.45180858965255,-79.8832071,42003130600
0009D00160000000,1814 PENN AVE,SMALL DETACHED RET(UNDER 10000),COMMERCIAL,Private,Strip District,UI,40.45051154557021,-79.98437343,42003020300
0060F00010000000,1404 BROWNSVILLE RD,CEMETERY/MONUMENTS,COMMERCIAL,Private,Carrick,P,40.40113153,-79.99322771,42003290100
0022D00036000000,1927 BRIGHTON RD,SINGLE FAMILY,RESIDENTIAL,Private,California-Kirkbride,P,40.46088747,-80.01907526,42003565200
0025N00240000A00,2512 PENN AVE,ROWHOUSE,RESIDENTIAL,Private,Strip District,RIV-IMU,40.45405987097831,-79.97934624,42003020300
0173G00246000000,7346 SOMERSET ST,SINGLE FAMILY,RESIDENTIAL,Private,Lincoln-Lemington-Belmar,R1D-L,40.467439524601204,-79.88949048,42003561900
0049L00026000000,4042 GENEVA ST,TWO FAMILY,RESIDENTIAL,Private,Central Lawrenceville,R1A-H,40.46613055163458,-79.95689488,42003090200
0014F00181000000,841 PROCTOR WAY,SINGLE FAMILY,RESIDENTIAL,Private,Allentown,R1D-H,40.42054747282391,-79.99211179,42003180300
0050M00075000000,5355 BROAD ST,SINGLE FAMILY,RESIDENTIAL,Private,Garfield,R1D-H,40.46579260446508,-79.93613053,42003101900
0138G00205000000,790 STEWART AVE,"CHURCHES, PUBLIC WORSHIP",COMMERCIAL,Private,Overbrook,P,40.38163174277506,-79.98742141,42003320400
0033G00197000000,528 BROWNSVILLE RD,RETL/APT'S OVER,COMMERCIAL,Private,Knoxville,LNC,40.41123933773808,-79.9901859,42003300100
0010C00078000000,2614 BEDFORD AVE,SINGLE FAMILY,RESIDENTIAL,Private,Bedford Dwellings,RM-M,40.451139053201736,-79.97086232,42003050900
0231L00054000000,0 PARK HILL DR,VACANT LAND,RESIDENTIAL,Private,East Hills,RP,40.455547852550474,-79.87438994,42003130600
0135H00200000000,662 BALDWIN RD,SINGLE FAMILY,RESIDENTIAL,Private,Hays,P,40.38105752912431,-79.93510145,42003565300
0173P00176000000,7201 STRANAHAN ST,SINGLE FAMILY,RESIDENTIAL,Private,Lincoln-Lemington-Belmar,RM-M,40.46272722399672,-79.89366642,42003561900
0027A00261000000,626 OSSIPEE ST,SINGLE FAMILY,RESIDENTIAL,Private,Upper Hill,R2-L,40.45157683,-79.96325675,42003050600
0097B00137000000,506 CLEMESHA AVE,SINGLE FAMILY,RESIDENTIAL,Private,Brookline,R1D-M,40.39347310007254,-80.02741001,42003191800
0032N00312000000,508 LAUGHLIN AVE,SINGLE FAMILY,RESIDENTIAL,Private,Carrick,R1D-H,40.40522138509498,-79.98058489,42003290200
0014L00049000000,127 ORCHARD PL,SINGLE FAMILY,RESIDENTIAL,Private,Knoxville,R1D-H,40.41830721947869,-79.98962353,42003300100
0026B00043000000,3830 LIBERTY AVE,SINGLE FAMILY,RESIDENTIAL,Private,Lower Lawrenceville,R1A-H,40.46218698764534,-79.95955666,42003060300
0080C00087000300,5158 BUTLER ST,CONDOMINIUM,RESIDENTIAL,Private,Upper Lawrenceville,LNC,40.47983499447607,-79.95447274,42003101100
0045B00056000000,2805 STAYTON ST,TWO FAMILY,RESIDENTIAL,Private,Marshall-Shadeland,R1D-H,40.470431181287594,-80.02786953,42003271600
0013M00250000000,119 RINNE ST,TWO FAMILY,RESIDENTIAL,Private,Arlington,R2-L,40.416705369992414,-79.96835095,42003161000
0060H00283000000,1624 LEOLYN ST,SINGLE FAMILY,RESIDENTIAL,Private,Carrick,R1D-H,40.39935639,-79.9865587,42003290200
0020R00157000000,723 LORENZ AVE,SINGLE FAMILY,RESIDENTIAL,Private,Elliott,LNC,40.44439479338668,-80.0395955,42003562600
0054P00052000000,503 GREENFIELD AVE,BANK,COMMERCIAL,Private,Greenfield,LNC,40.42577600588364,-79.9423082,42003151600
0081B00070000000,5538 CAMELIA ST,SINGLE FAMILY,RESIDENTIAL,City,Stanton Heights,R1D-L,40.48090867500964,-79.94446663,42003101800
0083R00163000000,342 N SHERIDAN AVE,CHARITABLE EXEMPTION/HOS/HOMES,OTHER,Private,East Liberty,R1A-H,40.46423487102909,-79.92133957,42003111500
0076A00276000000,3519 CORONA ST,SINGLE FAMILY,RESIDENTIAL,Private,Brighton Heights,R1D-M,40.47997698306684,-80.03209145,42003270300
0004H00229000000,0 WILLIAM ST,VACANT LAND,RESIDENTIAL,City,Allentown,H,40.42855536885041,-80.00095394,42003180300
0174N00289000000,7231 SUSQUEHANNA ST,SINGLE FAMILY,RESIDENTIAL,Private,Homewood South,R1A-VH,40.453359560763246,-79.89686026,42003130800
0059A00154000000,355 PARALLEL AVE,SINGLE FAMILY,RESIDENTIAL,Private,Carrick,P,40.403183593611686,-79.98163383,42003290200
0061M00024000000,1508 SAW MILL RUN BLVD,AUTO SALES & SERVICE,COMMERCIAL,Private,Brookline,NDI,40.39896467770531,-80.00034617,42003320600
0020F00262000000,1318 CHARTIERS AVE,SINGLE FAMILY,RESIDENTIAL,Private,Elliott,H,40.44825345757879,-80.04387332,42003562600
0014F00199000000,814 INDUSTRY ST,SINGLE FAMILY,RESIDENTIAL,Private,Allentown,R1D-H,40.420706140967084,-79.99308119,42003180300
0071S00174000000,1327 LADOGA ST,SINGLE FAMILY,RESIDENTIAL,Private,Sheraden,R1D-M,40.453923892920905,-80.06805503,42003202200
0025D00155000700,3149 SPRING WAY,ROWHOUSE,RESIDENTIAL,Private,Strip District,RIV-IMU,40.46030936,-79.97003433,42003020300
0080H00172000000,5203 DUNCAN ST,ROWHOUSE,RESIDENTIAL,Private,Upper Lawrenceville,R1A-VH,40.478509475370515,-79.95138583,42003101100
0019G00018000000,41 JONES WAY,TWO FAMILY,RESIDENTIAL,Private,Elliott,R1D-L,40.438296387712036,-80.04058638,42003562600
0013M00127000000,2915 ARLINGTON AVE,SINGLE FAMILY,RESIDENTIAL,Private,South Side Slopes,R1D-H,40.417324918718045,-79.96704045,42003160800
0049A00021000000,130 43RD ST,TWO FAMILY,RESIDENTIAL,Private,Central Lawrenceville,R1A-VH,40.47196790902319,-79.96250793,42003090100
0045E00302000000,2618 SHADELAND AVE,SINGLE FAMILY,RESIDENTIAL,Private,Marshall-Shadeland,R1D-H,40.46863512472942,-80.0297742,42003271600
0175C00239000000,7717 TIOGA ST,VACANT LAND,RESIDENTIAL,Private,Homewood South,R1A-VH,40.45105216696949,-79.88922406,42003130800
0075L00036000000,3417 CALIFORNIA AVE,SINGLE FAMILY,RESIDENTIAL,Private,Brighton Heights,RM-M,40.47666378282715,-80.04042886,42003270300
0060D00261000000,218 BIRMINGHAM AVE,SINGLE FAMILY,RESIDENTIAL,Private,Carrick,R1D-H,40.402242755824176,-79.98552835,42003290200
0001C01662061100,320 FORT DUQUESNE BLVD,CONDOMINIUM,RESIDENTIAL,Private,Central Business District,GT-D,40.44268823074062,-80.00700967,42003020100
0036H00076000000,1015 CHAPPEL AVE,SINGLE FAMILY,RESIDENTIAL,Private,Banksville,P,40.40931050118982,-80.03304341,42003202300
0004J00090000000,513 GRACE ST,SINGLE FAMILY,RESIDENTIAL,Private,Mount Washington,R1D-H,40.42759448558831,-80.01468757,42003191400
0015C00190000000,305 PAUR ST,SINGLE FAMILY,RESIDENTIAL,Private,Mount Washington,R1D-H,40.422110327589955,-80.00561765,42003191500
0023E00204000000,407 ARMANDALE ST,SINGLE FAMILY,RESIDENTIAL,Private,Central Northside,R1A-VH,40.45846662316558,-80.01204997,42003565100
0096B00171000000,1236 BELLAIRE PL,SINGLE FAMILY,RESIDENTIAL,Private,Brookline,R1D-H,40.39282985912654,-80.01112288,42003320600
0048S00254000000,3406 CHARLOTTE ST,TOWNHOUSE,RESIDENTIAL,Private,Lower Lawrenceville,UI,40.46313860369912,-79.96782868,42003060300
0013S00197000000,221 RINNE ST,SINGLE FAMILY,RESIDENTIAL,Private,Arlington,R2-L,40.41494609150191,-79.96844679,42003161000
0014P00149000000,326 ROCHELLE ST,SINGLE FAMILY,RESIDENTIAL,Private,Knoxville,R1D-H,40.414782467722354,-79.9946751,42003300100
0026D00178000000,425 TAYLOR ST,SINGLE FAMILY,RESIDENTIAL,Private,Bloomfield,R2-VH,40.46065889087612,-79.95212581,42003080200
0013M00120000000,2935 ARLINGTON AVE,SINGLE FAMILY,RESIDENTIAL,Private,South Side Slopes,R1D-H,40.41744075388711,-79.96646366,42003160800
0042S00313000000,2774 GLEN MAWR ST,SINGLE FAMILY,RESIDENTIAL,Private,Sheraden,R1D-H,40.45496047728725,-80.05077602,42003562500
0015C00015000000,273 ALBERT ST,SINGLE FAMILY,RESIDENTIAL,Private,Mount Washington,R1D-H,40.422769976877646,-80.00669365,42003191500
0050H00148000000,418 N AIKEN AVE,TWO FAMILY,RESIDENTIAL,City,Garfield,R2-H,40.468211007767934,-79.93397509,42003111400
0045B00069000000,1221 DICKSON ST,SINGLE FAMILY,RESIDENTIAL,Private,Marshall-Shadeland,R1A-VH,40.469921177109114,-80.02837007,42003271600
0014F00195000000,821 PROCTOR WAY,SINGLE FAMILY,RESIDENTIAL,Private,Allentown,R1D-H,40.42054045513408,-79.99283517,42003180300
0060M00033000000,0 CONCORDIA ST,VACANT COMMERCIAL LAND,COMMERCIAL,Private,Carrick,R1D-H,40.39713379831166,-79.98620018,42003290200
0035B00067000000,1522 BELASCO AVE,SINGLE FAMILY,RESIDENTIAL,Private,Beechview,R1D-H,40.41148173218944,-80.02776772,42003191600
0071L00014000000,1525 SUMMERDALE ST,TOWNHOUSE,RESIDENTIAL,Private,Windgap,R2-L,40.45611656122489,-80.07444784,42003563000
0174E00120000000,7138 RACE ST,SINGLE FAMILY,RESIDENTIAL,Private,Homewood North,R2-L,40.45882469489409,-79.89653189,42003130200
0174B00225000000,0 MOUNT VERNON ST,VACANT LAND,RESIDENTIAL,Private,Homewood North,R2-L,40.46064401107573,-79.8916609,42003130700
0014R00217000000,136 BAUSMAN ST,SINGLE FAMILY,RESIDENTIAL,Private,Knoxville,R1D-H,40.414170197758494,-79.98981837,42003300100
0024E00185000000,835 VISTA ST,ROWHOUSE,RESIDENTIAL,Private,East Allegheny,R1A-VH,40.45822372695438,-79.99702947,42003563202
0095F00145000000,2073 WALTON AVE,SINGLE FAMILY,RESIDENTIAL,HACP,Overbrook,R1D-H,40.391689508192854,-79.9939362,42003320400
0035N00161000000,2014 BROADWAY AVE,SINGLE FAMILY,RESIDENTIAL,Private,Beechview,R1D-H,40.40621452676762,-80.02936282,42003192000
0120S00262000000,11 FAIRFIELD CT,SINGLE FAMILY,RESIDENTIAL,Private,Stanton Heights,R1D-L,40.48312103800873,-79.9348972,42003101800
0045F00167000000,1111 HODGKISS ST,SINGLE FAMILY,RESIDENTIAL,City,Marshall-Shadeland,R1D-M,40.46748404807541,-80.02557673,42003271600
0021E00066000000,2821 W CARSON ST,SINGLE FAMILY,RESIDENTIAL,Private,Esplen,RIV-MU,40.458659227315856,-80.04634606,42003562500
0015M00162000000,423 SYLVANIA AVE,THREE FAMILY,RESIDENTIAL,City,Beltzhoover,R2-H,40.41766853365468,-79.99948961,42003562400
0013R00269000000,2437 SPRING ST,SINGLE FAMILY,RESIDENTIAL,Private,Arlington,R2-L,40.41613340353971,-79.97173147,42003161000
0033B00010000000,329 MATHEWS AVE,SINGLE FAMILY,RESIDENTIAL,Private,Knoxville,R1D-H,40.41369958093602,-79.99425367,42003300100
0138E00094000000,2541 LIBRARY RD,SINGLE FAMILY,RESIDENTIAL,Private,Overbrook,R1D-L,40.38103254622618,-79.99830694,42003320700
0027L00256000000,4201 BIGELOW BLVD,COUNTRY CLUBS,COMMERCIAL,Private,North Oakland,EMI,40.44612373544313,-79.9564952,42003562000
0128J00112000000,2714 MOUNT ROYAL RD,SINGLE FAMILY,RESIDENTIAL,Private,Squirrel Hill South,R1D-L,40.42603893267785,-79.91435987,42003141400
0094K00182000000,231 SPENCER AVE,SINGLE FAMILY,RESIDENTIAL,Private,Carrick,R1D-L,40.389262557708065,-79.97641599,42003290400
0014J00222000000,519 CEDARHURST ST,SINGLE FAMILY,RESIDENTIAL,City,Beltzhoover,R2-H,40.418491395783995,-79.9980158,42003562400
0033F00078000000,237 SUNCREST ST,SINGLE FAMILY,RESIDENTIAL,Private,Knoxville,R1D-M,40.410873456492226,-79.99232345,42003300100
0012F00068000000,1912 FOX WAY,SINGLE FAMILY,RESIDENTIAL,Private,South Side Flats,R1A-VH,40.42986662155567,-79.97841296,42003170200
0050H00244000000,427 WICKLOW ST,VACANT LAND,RESIDENTIAL,Private,Garfield,R1D-H,40.46863851377873,-79.93535699,42003101900
8000T00174000000,1800 WHITED ST,MOBILE HOME (IN PARK),RESIDENTIAL,Private,Brookline,P,40.395656326573075,-79.99901395,42003320600
0124N00016000000,159 AUBURN ST,SINGLE FAMILY,RESIDENTIAL,Private,Larimer,R2-H,40.462630823679646,-79.91504199,42003120900
0174S00114000000,7732 FRANKSTOWN AVE,RETL/STOR OVER,COMMERCIAL,Private,Homewood South,LNC,40.45498918237303,-79.88691698,42003130800
0006F00193000000,241 REPUBLIC ST,VACANT LAND,RESIDENTIAL,Private,Duquesne Heights,R1D-M,40.439291334224656,-80.02585058,42003191100
0091N00060000000,424 MIFFLIN RD,SINGLE FAMILY,RESIDENTIAL,Private,Hays,UI,40.38685249,-79.93217393,42003565300
0001C01662161100,320 FORT DUQUESNE BLVD,CONDOMINIUM,RESIDENTIAL,Private,Central Business District,GT-D,40.442634580524185,-80.00650501,42003020100
0083B00290000000,731 MELLON ST,SINGLE FAMILY,RESIDENTIAL,Private,East Liberty,R2-H,40.47026474551747,-79.92580708,42003111300
0087F00210000000,5706 POCUSSET ST,SINGLE FAMILY,RESIDENTIAL,Private,Squirrel Hill South,R2-L,40.42941378111913,-79.9248099,42003141300
0174A00152000000,7131 KEDRON ST,SINGLE FAMILY,RESIDENTIAL,Private,Homewood North,R2-L,40.46129898850325,-79.89612742,42003130200
0076L00163000000,923 SMITHTON AVE,SINGLE FAMILY,RESIDENTIAL,Private,Marshall-Shadeland,R1D-M,40.47465768492751,-80.02393209,42003271600
0121E00169000000,6517 ADELPHIA ST,SINGLE FAMILY,RESIDENTIAL,Private,Stanton Heights,R1D-L,40.48814595863191,-79.930449,42003101800
0080G00173000A00,5127 DRESDEN WAY,SINGLE FAMILY,RESIDENTIAL,Private,Upper Lawrenceville,LNC,40.47884870371493,-79.95490652,42003101100
0124R00256000000,6621 TENNIS ST,TWO FAMILY,RESIDENTIAL,Private,Lincoln-Lemington-Belmar,RM-M,40.46394232097298,-79.90464996,42003120300
0002H00050000000,1634 5TH AVE,FOUR FAMILY,RESIDENTIAL,Private,Bluff,UPR-A,40.43827427406742,-79.98283017,42003010302
0174L00305000000,7625 BAXTER ST,SINGLE FAMILY,RESIDENTIAL,Private,Homewood North,RM-M,40.45690463339318,-79.88861587,42003130200
0173P00045000000,1433 OAKDENE ST,SINGLE FAMILY,RESIDENTIAL,Private,Lincoln-Lemington-Belmar,R1D-L,40.46410183963019,-79.891063,42003561900
0084D00061000000,425 ENRIGHT CT,TOWNHOUSE,RESIDENTIAL,Private,East Liberty,RP,40.461206422770964,-79.91694694,42003111500
0022P00003000000,1508 CHATEAU ST,SINGLE FAMILY,RESIDENTIAL,Private,Manchester,R2-H,40.455005856009564,-80.02828335,42003565200
0019H00186000000,29 NOBLESTOWN RD,RETL/STOR OVER,COMMERCIAL,Private,West End,LNC,40.43965762,-80.03498152,42003562600
0026N00090000000,3364 WEBSTER AVE,SINGLE FAMILY,RESIDENTIAL,Private,Upper Hill,R2-L,40.454044400997496,-79.96279104,42003050600
0119S00182000000,5423 BUTLER ST,ROWHOUSE,RESIDENTIAL,Private,Upper Lawrenceville,RIV-MU,40.483436767551396,-79.95064562,42003101100
0075B00300000000,3621 MEXICO ST,WAREHOUSE,INDUSTRIAL,Private,Brighton Heights,LNC,40.48063407104982,-80.04232452,42003270100
0004A00261000000,304 MERRIMAC ST,SINGLE FAMILY,RESIDENTIAL,Private,Mount Washington,R1D-H,40.43152632290115,-80.01399286,42003190300
0116K00031000000,411 VENTURE ST,SINGLE FAMILY,RESIDENTIAL,Private,Perry North,R1D-M,40.484963580718286,-80.01150385,42003260700
0096D00262000000,1953 ALTMAR ST,SINGLE FAMILY,RESIDENTIAL,Private,Brookline,R1D-L,40.39289924052375,-79.99995866,42003320600
0124G00060000000,6403 CLIFFORD ST,SINGLE FAMILY,RESIDENTIAL,Private,Lincoln-Lemington-Belmar,RM-M,40.469731122674546,-79.90499143,42003120300
0125H00237000000,7015 FRANKSTOWN AVE,SINGLE FAMILY,RESIDENTIAL,Private,Homewood North,RM-M,40.458580877297514,-79.90027729,42003130700
0004L00290000000,37 CUSHMAN ST,SINGLE FAMILY,RESIDENTIAL,Private,Mount Washington,R1D-H,40.42640292182653,-80.00421116,42003180700
0003M00425000000,1115 FREYBURG ST,BUILDERS LOT,RESIDENTIAL,Private,South Side Flats,R1A-VH,40.42678495,-79.98684561,42003170200
0033J00214000000,828 GEORGIA AVE,SINGLE FAMILY,RESIDENTIAL,Private,Knoxville,R1D-H,40.408467,-79.99613859,42003300100
0243G00150000000,0 MIFFLIN RD,MUNICIPAL GOVERNMENT,GOVERNMENT,Other,Lincoln Place,R1D-L,40.36207309391314,-79.90662211,42003310200
0080P00086000000,187 LOCARNA WAY,VACANT LAND,RESIDENTIAL,Private,Central Lawrenceville,R1A-VH,40.472230230585836,-79.95996706,42003090100
0054F00099000000,529 SALINE ST,SINGLE FAMILY,RESIDENTIAL,Private,Greenfield,R1D-H,40.428627672319976,-79.94447393,42003151600
0055S00151000000,530 INDUS ST,SINGLE FAMILY,RESIDENTIAL,Private,Hazelwood,R2-L,40.415007587210965,-79.93484322,42003562300
0028R00006000000,3401 DAWSON ST,RES AUX BUILDING (NO HOUSE),RESIDENTIAL,Private,Central Oakland,UC-MU,40.43494241,-79.95369677,42003040600
0045N00307000000,2336 CALIFORNIA AVE,SINGLE FAMILY,RESIDENTIAL,Private,Marshall-Shadeland,R1A-VH,40.46341048135014,-80.03141204,42003271600
0126D00047000000,7131 MCPHERSON BLVD,SINGLE FAMILY,RESIDENTIAL,Private,Point Breeze North,R1D-L,40.45237785003698,-79.90048084,42003140500
0043S00018000000,0 SAGAMORE ST,VACANT LAND,RESIDENTIAL,City,Esplen,RIV-RM,40.46378251081684,-80.05333687,42003562500
0003G00134000000,1021 E CARSON ST,RETL/APT'S OVER,COMMERCIAL,Private,South Side Flats,LNC,40.42886218013709,-79.98766998,42003170200
0020R00255000000,314 MARLOW ST,SINGLE FAMILY,RESIDENTIAL,Private,Elliott,H,40.444325036375545,-80.03757403,42003562600
0024K00299000000,916 CONSTANCE ST,SINGLE FAMILY,RESIDENTIAL,City,East Allegheny,R1A-VH,40.456991337312324,-79.99410681,42003563202
0005K00018000000,1417 WOODRUFF ST,SINGLE FAMILY,RESIDENTIAL,Private,Duquesne Heights,UI,40.427607442222914,-80.02457872,42003191100
0076L00138000000,831 GRAND AVE,SINGLE FAMILY,RESIDENTIAL,Private,Marshall-Shadeland,R1D-M,40.475908146429184,-80.02250202,42003271600
0124L00202000000,6615 ROWAN ST,MUNICIPAL GOVERNMENT,GOVERNMENT,City,Lincoln-Lemington-Belmar,RM-M,40.46531255,-79.90400066,42003120300
0011L00078000000,2410 5TH AVE,COUNTY GOVERNMENT,GOVERNMENT,County,South Oakland,UPR-B,40.43676658735307,-79.97044478,42003040900
0115N00060000000,1104 DAVIS AVE,SINGLE FAMILY,RESIDENTIAL,Private,Brighton Heights,R1D-M,40.482067437222916,-80.03070341,42003270800
0173P00037000000,1509 OAKDENE ST,SINGLE FAMILY,RESIDENTIAL,Private,Lincoln-Lemington-Belmar,R1D-L,40.464633133669544,-79.89123372,42003561900
0014R00065000000,130 ZARA ST,ROWHOUSE,RESIDENTIAL,Private,Knoxville,R1D-H,40.41566630830336,-79.98961601,42003300100
0095S00068000000,2368 EDGAR ST,SINGLE FAMILY,RESIDENTIAL,Private,Carrick,R1D-L,40.38654581477408,-79.9851668,42003290400
0022R00207000000,1117 SHEFFIELD ST,ROWHOUSE,RESIDENTIAL,Private,Manchester,RM-M,40.453703966440386,-80.02172978,42003565200
0232B00097000000,1762 MAPLEWOOD AVE,SINGLE FAMILY,RESIDENTIAL,Private,East Hills,R2-L,40.45110790184338,-79.87740031,42003130600
0231E00312000000,1066 STONEVILLE ST,SINGLE FAMILY,RESIDENTIAL,Private,Homewood North,R2-L,40.458645634956135,-79.8795126,42003130700
0097C00233000000,703 BERKSHIRE AVE,SINGLE FAMILY,RESIDENTIAL,Private,Brookline,R1D-M,40.39428007047871,-80.02195861,42003191800
0013P00242000000,2113 BRENT ST,SINGLE FAMILY,RESIDENTIAL,Private,Arlington,R2-L,40.41586778420484,-79.97715717,42003161000
0014K00108000000,320 ORCHARD PL,SINGLE FAMILY,RESIDENTIAL,Private,Knoxville,R1D-H,40.41776108757641,-79.9941219,42003300100
0011F00057000000,2043 WYANDOTTE ST,SINGLE FAMILY,RESIDENTIAL,Private,Crawford-Roberts,H,40.43912828484645,-79.97576953,42003030500
0031F00112000000,975 BECKS RUN RD,SINGLE FAMILY,RESIDENTIAL,Private,Arlington,UI,40.41008705,-79.95834224,42003161000
0035L00079000000,1805 FALLOWFIELD AVE,SINGLE FAMILY,RESIDENTIAL,Private,Beechview,R1D-H,40.407288924407496,-80.02326404,42003192000
0022K00398000000,0 CHATEAU ST,VACANT LAND,RESIDENTIAL,Private,Manchester,R2-H,40.455219516339845,-80.028351,42003565200
0032B00004000000,522 PARKWOOD RD,SINGLE FAMILY,RESIDENTIAL,Private,Mt. Oliver,H,40.41399725527286,-79.9782589,42003161000
0231R00096000000,2208 PARK HILL DR,TOWNHOUSE,RESIDENTIAL,Private,East Hills,RP,40.453849909644205,-79.87387567,42003130600
0120L00009000000,6044 SAWYER ST,SINGLE FAMILY,RESIDENTIAL,Private,Stanton Heights,H,40.486617257052394,-79.94032456,42003101800
0049N00307000000,3610 MINTWOOD ST,ROWHOUSE,RESIDENTIAL,Private,Lower Lawrenceville,R1A-H,40.46317335376392,-79.96366689,42003060300
0173F00246000000,1556 BROADHEAD ST,TWO FAMILY,RESIDENTIAL,City,Lincoln-Lemington-Belmar,R1D-L,40.46850513,-79.89199044,42003561900
0076N00283000000,3043 WADLOW ST,SINGLE FAMILY,RESIDENTIAL,Private,Marshall-Shadeland,R1A-VH,40.47309041282946,-80.02998476,42003271600
0035S00291000000,1823 WOODWARD AVE,SINGLE FAMILY,RESIDENTIAL,Private,Brookline,R1D-H,40.40531728182947,-80.01674325,42003191700
0012R00162000000,29 ELEANOR ST,ROWHOUSE,RESIDENTIAL,Private,South Side Slopes,H,40.423983887449225,-79.97225194,42003160800
0015H00004000000,240 FREELAND ST,SINGLE FAMILY,RESIDENTIAL,Private,Beltzhoover,R2-H,40.41879764717697,-80.0025091,42003562400
0049S00308000A00,237 TAYLOR ST,ROWHOUSE,RESIDENTIAL,Private,Bloomfield,LNC,40.46293098705875,-79.95053969,42003090300
0002H00018000000,1420 5TH AVE,OFFICE/WAREHOUSE,COMMERCIAL,Private,Bluff,UPR-A,40.43837359641343,-79.98563107,42003010302
0033B00287000000,222 MARLAND ST,SINGLE FAMILY,RESIDENTIAL,Private,Knoxville,R1D-H,40.41181077369023,-79.99164818,42003300100
0049G00320000000,336 45TH ST,SINGLE FAMILY,RESIDENTIAL,Private,Central Lawrenceville,R1A-H,40.46935277693682,-79.95581857,42003090200
0047L00165000000,1450 DAMAS ST,SINGLE FAMILY,RESIDENTIAL,Private,Spring Hill-City View,H,40.466060108550714,-79.98785524,42003262000
0054J00370000000,0 ALEXIS ST,VACANT LAND,RESIDENTIAL,Private,Greenfield,R1D-H,40.426562567538866,-79.94926698,42003151600
0013K00126000000,2108 NORTE WAY,SINGLE FAMILY,RESIDENTIAL,Private,Arlington,R2-L,40.417154252769116,-79.9770709,42003161000
0054S00302000000,807 KENNEBEC ST,SINGLE FAMILY,RESIDENTIAL,Private,Greenfield,R1D-H,40.42582407307932,-79.93534828,42003151700
0055B00226000000,4210 HALDANE ST,SINGLE FAMILY,RESIDENTIAL,Private,Greenfield,R1D-H,40.42291015711032,-79.9430089,42003151600
0174L00010000000,7424 RACE ST,SINGLE FAMILY,RESIDENTIAL,Private,Homewood North,RM-M,40.45737810044285,-79.89015976,42003130200
0062A00070000000,2729 SHIRAS AVE,SINGLE FAMILY,RESIDENTIAL,Private,Beechview,R1D-M,40.40367640512742,-80.03165614,42003192000
0060S00175000000,101 E AGNEW AVE,TWO FAMILY,RESIDENTIAL,Private,Carrick,R1D-H,40.39560932953526,-79.9861196,42003290200
0057C00079000000,65 ALMEDA ST,SINGLE FAMILY,RESIDENTIAL,Private,Hazelwood,R1A-H,40.40374350183323,-79.9391717,42003562300
0128A00086000000,2329 BEECHWOOD BLVD,RETL/APT'S OVER,COMMERCIAL,Private,Squirrel Hill South,LNC,40.432812979010656,-79.91464867,42003140800
0032A00339000000,434 GORGAS ST,SINGLE FAMILY,RESIDENTIAL,Private,Mt. Oliver,R1D-M,40.41152860425467,-79.98140705,42003161000
0174P00099000000,7504 HAMILTON AVE,SINGLE FAMILY,RESIDENTIAL,City,Homewood South,R1A-VH,40.45330593,-79.89285879,42003130800
0033B00037000000,106 GRIMES AVE,SINGLE FAMILY,RESIDENTIAL,Private,Knoxville,R1D-H,40.41377298000985,-79.99269057,42003300100
0042L00166000000,3132 LANDIS ST,SINGLE FAMILY,RESIDENTIAL,Private,Sheraden,R1D-H,40.45729809358433,-80.05631363,42003562500
0050M00080000000,0 BROAD ST,VACANT LAND,RESIDENTIAL,Private,Garfield,R1D-H,40.46584512569949,-79.9365088,42003101900
0045N00164000000,2354 ATMORE ST,SINGLE FAMILY,RESIDENTIAL,Private,Marshall-Shadeland,R1A-VH,40.46376889481044,-80.03048405,42003271600
0124E00308000000,0 LENORA ST,VACANT LAND,RESIDENTIAL,Private,Larimer,H,40.46750418887057,-79.91292159,42003120900
0133N00065000000,4817 KINLEY AVE,SINGLE FAMILY,RESIDENTIAL,Private,Lincoln Place,R1D-L,40.37605200952719,-79.91264628,42003310200
0033C00044000000,175 KNOX AVE,SINGLE FAMILY,RESIDENTIAL,Private,Knoxville,R1D-H,40.41254582252378,-79.99069896,42003300100
0014H00165000000,2601 QUARRY ST,SINGLE FAMILY,RESIDENTIAL,Private,South Side Slopes,H,40.420687648672406,-79.98456467,42003170600
0049S00137000000,234 ELLA ST,SINGLE FAMILY,RESIDENTIAL,Private,Bloomfield,LNC,40.46378262281943,-79.95151368,42003090300
0010M00119000000,2529 CENTRE AVE,ROWHOUSE,RESIDENTIAL,Private,Middle Hill,RM-M,40.446047435787754,-79.96954037,42003050100
0013C00174000000,74 HOLT ST,ROWHOUSE,RESIDENTIAL,Private,South Side Slopes,R1D-H,40.42190076849406,-79.9710968,42003160800
0014R00108000000,106 KNOX AVE,ROWHOUSE,RESIDENTIAL,Private,Knoxville,R1D-H,40.415342234637095,-79.99034864,42003300100
0015R00070000000,924 TAFT AVE,SINGLE FAMILY,RESIDENTIAL,Private,Beltzhoover,R2-H,40.414300698090585,-80.00653607,42003562400
0045S00135000000,0 CHAUTAUQUA ST,VACANT LAND,RESIDENTIAL,Private,Perry South,R1A-VH,40.464084785130765,-80.01689238,42003261400
0004M00148000000,131 BAILEY AVE,TOWNHOUSE,RESIDENTIAL,Private,Mount Washington,R1D-H,40.427324279350124,-80.00349401,42003180700
0013G00237000000,2701 BERG ST,SINGLE FAMILY,RESIDENTIAL,Private,South Side Slopes,R1D-H,40.419506709848775,-79.97085803,42003160800
0085P00137000000,5632 WILKINS AVE,SINGLE FAMILY,RESIDENTIAL,Private,Squirrel Hill North,R2-L,40.443865465661965,-79.92654541,42003140300
0054R00025000000,552 GREENFIELD AVE,SINGLE FAMILY,RESIDENTIAL,Private,Greenfield,LNC,40.42582099017517,-79.94040027,42003151600
0139B00218000000,1859 SEATON ST,SINGLE FAMILY,RESIDENTIAL,Private,Brookline,R1D-L,40.38288243736595,-80.00865741,42003191800
0124H00138000000,1251 PAULSON AVE,SINGLE FAMILY,RESIDENTIAL,Private,Lincoln-Lemington-Belmar,RM-M,40.46894934262366,-79.90164004,42003120300
0095H00358000000,140 NUZUM AVE,SINGLE FAMILY,RESIDENTIAL,Private,Carrick,R1D-H,40.389892316884584,-79.98363674,42003290200
0050B00172000000,4811 COLUMBO ST,SINGLE FAMILY,RESIDENTIAL,City,Garfield,R1D-M,40.47180179362193,-79.94280228,42003101900
0124C00150000000,6386 OLIVANT ST,SINGLE FAMILY,RESIDENTIAL,Private,Lincoln-Lemington-Belmar,RM-M,40.47169058452887,-79.90413783,42003120300
0004F00075000000,309 NATCHEZ ST,ROWHOUSE,RESIDENTIAL,Private,Mount Washington,R1D-H,40.42879646995138,-80.01089891,42003191400
0049J00282000000,0 38TH ST,VACANT LAND,RESIDENTIAL,Private,Lower Lawrenceville,R1A-H,40.46591199,-79.96276137,42003060300
0056P00190000000,5258 2ND AVE,ROWHOUSE,RESIDENTIAL,Private,Hazelwood,R1A-VH,40.404466697921045,-79.94281929,42003562300
0047J00353000000,2104 LAPPE LN,SINGLE FAMILY,RESIDENTIAL,Private,Spring Hill-City View,R1A-H,40.46669246413516,-79.99541629,42003262000
0020L00215000000,514 LORENZ AVE,SINGLE FAMILY,RESIDENTIAL,Private,Elliott,R1D-H,40.44582943590102,-80.03832494,42003562600
0035E00085000000,1603 CANTON AVE,VACANT LAND,RESIDENTIAL,Private,Beechview,R1D-M,40.41028753078732,-80.02986765,42003191600
0062L00184000000,544 ROSSMORE AVE,SINGLE FAMILY,RESIDENTIAL,Private,Brookline,R1D-M,40.39694914578578,-80.02168157,42003191900
0020L00167000000,1013 VALONIA ST,SINGLE FAMILY,RESIDENTIAL,Private,Elliott,R1D-H,40.446665101367884,-80.03748383,42003562600
0049N00089000000,3521 PENN AVE,ROWHOUSE,RESIDENTIAL,Private,Lower Lawrenceville,LNC,40.46432204487624,-79.96417836,42003060300
0060C00361000000,108 LAUGHLIN AVE,SINGLE FAMILY,RESIDENTIAL,Private,Carrick,R1D-H,40.40393891290237,-79.98873611,42003290200
0025D00290000000,3340 LIBERTY AVE,VACANT COMMERCIAL LAND,COMMERCIAL,Private,Lower Lawrenceville,UI,40.46080832093194,-79.96740214,42003060300
0001D00259000000,301 5TH AVE,RETL/OFF OVER,COMMERCIAL,Private,Central Business District,GT-A,40.440907864229274,-79.99962867,42003020100
0116A00205000000,228 BONVUE ST,TWO FAMILY,RESIDENTIAL,Private,Perry North,R1D-M,40.49009994891139,-80.01437039,42003260200
0006M00312101000,1 TRIMONT LN,CONDOMINIUM,RESIDENTIAL,Private,Duquesne Heights,AP,40.438458239351455,-80.02035594,42003191100
0041H00198000000,807 DUBOIS ST,ROWHOUSE,RESIDENTIAL,Private,Crafton Heights,P,40.45002963367709,-80.05077095,42003281400
0020K00021000000,1217 CHARTIERS AVE,RES AUX BUILDING (NO HOUSE),RESIDENTIAL,Private,Crafton Heights,P,40.44569446002421,-80.04381581,42003281400
0014H00030000000,2614 S 18TH ST,SINGLE FAMILY,RESIDENTIAL,Private,South Side Slopes,R1A-VH,40.42116694565293,-79.98582384,42003170600
0014K00189000000,338 JUCUNDA ST,SINGLE FAMILY,RESIDENTIAL,Private,Knoxville,R1D-H,40.41699392553934,-79.995029,42003300100
0025K00177000000,2701 PENN AVE,"RESTAURANT, CAFET AND/OR BAR",COMMERCIAL,Private,Strip District,RIV-IMU,40.45617478318566,-79.97711698,42003020300
0014A00372000000,520 E WARRINGTON AVE,SINGLE FAMILY,RESIDENTIAL,Private,Beltzhoover,R2-H,40.42128325,-79.99820201,42003562400
0011J00219000000,300 GIST ST,VACANT LAND,RESIDENTIAL,Private,Bluff,UPR-B,40.43676119761493,-79.97970145,42003010302
0015G00183000000,64 INDUSTRY ST,SINGLE FAMILY,RESIDENTIAL,Private,Beltzhoover,R2-H,40.41926196420094,-80.00752814,42003562400
0040G00203000000,1310 ELMONT ST,SINGLE FAMILY,RESIDENTIAL,Private,Crafton Heights,R2-L,40.439249081446896,-80.05632057,42003281500
0097D00094000000,1009 BROOKLINE BLVD,RETL/APT'S OVER,COMMERCIAL,Private,Brookline,LNC,40.39222359621037,-80.01720296,42003191900
0003R00248000000,1031 ARLINGTON AVE,VACANT LAND,RESIDENTIAL,Private,Allentown,H,40.42374087,-79.98836457,42003180300
0231K00178000000,8336 BRICELYN ST,SINGLE FAMILY,RESIDENTIAL,Private,East Hills,R2-L,40.45528196892289,-79.87796345,42003130600
0046P00117000000,1926 LITHGOW AVE,SINGLE FAMILY,RESIDENTIAL,Private,Perry South,H,40.46263430307081,-80.00999386,42003261400
0014P00157000000,310 ROCHELLE ST,SINGLE FAMILY,RESIDENTIAL,Private,Knoxville,R1D-H,40.41480984306456,-79.99370537,42003300100
0011L00044000000,2325 5TH AVE,ROWHOUSE,RESIDENTIAL,Private,West Oakland,UPR-B,40.437703054935774,-79.97197397,42003040200
0004F00061000000,328 NATCHEZ ST,TWO FAMILY,RESIDENTIAL,Private,Mount Washington,R1D-H,40.42889273453153,-80.01184984,42003191400
0174P00185000000,7329 HAMILTON AVE,ROWHOUSE,RESIDENTIAL,Private,Homewood South,RM-M,40.45407582079981,-79.89424787,42003130800
0055S00223000000,246 BLACKSTONE ST,VACANT LAND,RESIDENTIAL,Private,Hazelwood,R2-L,40.41598892810643,-79.93439435,42003562300
0015C00087000000,277 JASPER ST,SINGLE FAMILY,RESIDENTIAL,Private,Mount Washington,R1D-H,40.42124874,-80.00746971,42003191500
0009N00079000000,806 PENN AVE,CONDOMINIUM COMMON PROPERTY,RESIDENTIAL,Private,Central Business District,GT-C,40.44332730508554,-79.9989072,42003020100
0042H00050000000,3050 MERWYN AVE,SINGLE FAMILY,RESIDENTIAL,Private,Sheraden,R1D-H,40.45845335916244,-80.05290677,42003562500
0026R00268000000,3897 BIGELOW BLVD,SINGLE FAMILY,RESIDENTIAL,Private,North Oakland,RM-VH,40.454178063104465,-79.95422492,42003562000
0124M00292000000,1215 ARBOR ST,SINGLE FAMILY,RESIDENTIAL,Private,Lincoln-Lemington-Belmar,RM-M,40.46549261773414,-79.89967398,42003120300
0088G00234000000,3169 BEECHWOOD BLVD,ROWHOUSE,RESIDENTIAL,Private,Squirrel Hill South,P,40.41932885707926,-79.92228556,42003141400
0001C01662014300,320 FORT DUQUESNE BLVD,CONDOMINIUM,RESIDENTIAL,Private,Central Business District,GT-D,40.44261750716615,-80.00718393,42003020100
0060J00219000000,1517 CLOVERDALE ST,SINGLE FAMILY,RESIDENTIAL,Private,Carrick,R2-L,40.39829200685076,-79.99674729,42003290100
0096D00020000000,1569 REAMER ST,SINGLE FAMILY,RESIDENTIAL,Private,Brookline,R1D-M,40.39206630859027,-80.00201917,42003320600
0033B00320000000,0 MOORE AVE,VACANT LAND,RESIDENTIAL,Private,Knoxville,R1D-H,40.411796306579625,-79.99307636,42003300100
0060B00104000000,27 MINOOKA ST,SINGLE FAMILY,RESIDENTIAL,Private,Carrick,R2-L,40.40393149085663,-79.99145508,42003290100
0005D00182000000,415 MERIDAN ST,SINGLE FAMILY,RESIDENTIAL,Private,Duquesne Heights,R1D-M,40.432053194568596,-80.01959517,42003191100
0033S00048000000,1019 THEONA ST,SINGLE FAMILY,RESIDENTIAL,Private,Carrick,R1D-H,40.40533534021352,-79.98633224,42003290200
0029C00350000000,7 DAWSON CT,ROWHOUSE,RESIDENTIAL,Private,South Oakland,R1A-VH,40.43122792020222,-79.95427411,42003040900
0004N00102000000,4 KUHN ST,SINGLE FAMILY,RESIDENTIAL,Private,Mount Washington,R1D-H,40.42527207093957,-80.01281195,42003191400
0045N00126000000,2336 MANNHEIM ST,SINGLE FAMILY,RESIDENTIAL,Private,Marshall-Shadeland,R1A-VH,40.463507206119125,-80.02996925,42003271600
0032R00163000000,560 BECKS RUN RD,SINGLE FAMILY,RESIDENTIAL,Private,St. Clair,P,40.405556030897976,-79.97146501,42003161000
0019H00122000000,42 NOBLESTOWN RD,SINGLE FAMILY,RESIDENTIAL,Private,Elliott,H,40.43930760116666,-80.03539265,42003562600
0028R00083000000,520 BELGREEN PL,ROWHOUSE,RESIDENTIAL,Private,South Oakland,R1A-VH,40.43340554502601,-79.95394982,42003040900
0175H00010000000,0 MADIERA ST,VACANT LAND,RESIDENTIAL,Private,Homewood South,RM-M,40.44829219418058,-79.88644053,42003130800
0014J00029000000,416 JUCUNDA ST,SINGLE FAMILY,RESIDENTIAL,Private,Knoxville,R1D-H,40.41696345,-79.99607344,42003300100
0174C00350000000,1294 FERRIS CT,OWNED BY METRO HOUSING AU,GOVERNMENT,HACP,Homewood North,RP,40.46035132571732,-79.88743039,42003130700
0095K00099000000,2236 FAIRLAND ST,VACANT LAND,RESIDENTIAL,Private,Overbrook,R1D-H,40.38727043353207,-79.99437933,42003320400
0080K00295000000,4737 BUTLER ST,SINGLE FAMILY,RESIDENTIAL,Private,Central Lawrenceville,LNC,40.47512477147454,-79.95799382,42003090100
0232E00023000000,534 KARL ST,SINGLE FAMILY,RESIDENTIAL,Private,East Hills,RM-M,40.45013267744202,-79.88271917,42003130600
0116P00029000000,3361 DELAWARE ST,SINGLE FAMILY,RESIDENTIAL,Private,Perry North,R1D-L,40.48201005,-80.0112648,42003260700
0096S00041000000,69 BRIGGS ST,SINGLE FAMILY,RESIDENTIAL,Private,Overbrook,R1D-M,40.386191355374145,-79.99991076,42003320700
0015D00220000000,426 WINTON ST,SINGLE FAMILY,RESIDENTIAL,Private,Mount Washington,R1D-H,40.422887723093794,-79.9996028,42003180700
0025G00173000000,3101 LIBERTY AVE,WAREHOUSE,INDUSTRIAL,Private,Strip District,RIV-IMU,40.459890984282964,-79.97078806,42003020300
0027F00154000000,3153 EWART DR,TWO FAMILY,RESIDENTIAL,Private,Upper Hill,R2-L,40.44893740322934,-79.96019535,42003050600
0006M00008000000,1204 GRANDVIEW AVE,RETL/APT'S OVER,COMMERCIAL,Private,Mount Washington,GPRC,40.43803863327782,-80.01827721,42003190300
0174G00144000A00,7439 MONTICELLO ST,SINGLE FAMILY,RESIDENTIAL,Private,Homewood North,RM-M,40.458319496194775,-79.889305,42003130700
0042H00044000000,3060 MERWYN AVE,VACANT LAND,RESIDENTIAL,Private,Sheraden,H,40.45867526521285,-80.05312071,42003562500
0014P00154000000,316 ROCHELLE ST,SINGLE FAMILY,RESIDENTIAL,Private,Knoxville,R1D-H,40.41479916905753,-79.99408289,42003300100
0006R00322000000,321 PLYMOUTH ST,SINGLE FAMILY,RESIDENTIAL,Private,Duquesne Heights,R1D-M,40.433333925437296,-80.02148707,42003191100
0174M00029000000,912 BLACKADORE ST,SINGLE FAMILY,RESIDENTIAL,Private,Homewood North,R2-L,40.455853297786284,-79.88299836,42003130700
0051A00008000000,333 STATE WAY,THREE FAMILY,RESIDENTIAL,Private,Bloomfield,R2-VH,40.460581540394344,-79.9493081,42003080200
0049C00118000000,302 46TH ST,TWO FAMILY,RESIDENTIAL,Private,Central Lawrenceville,R1A-H,40.47052586338516,-79.95603453,42003090200
0088G00232000000,3163 BEECHWOOD BLVD,ROWHOUSE,RESIDENTIAL,Private,Squirrel Hill South,P,40.41960485670222,-79.92233292,42003141400
0006L00334000000,143 PLYMOUTH ST,SINGLE FAMILY,RESIDENTIAL,Private,Duquesne Heights,R1D-M,40.437459337104364,-80.02034959,42003191100
0115D00288000000,22 MAIRDALE AVE,SINGLE FAMILY,RESIDENTIAL,Private,Perry North,LNC,40.490164257244615,-80.01917084,42003260200
0172R00276000000,162 BROADCREST DR,SINGLE FAMILY,RESIDENTIAL,Private,Lincoln-Lemington-Belmar,R1D-L,40.47404733525236,-79.89007559,42003561900
0012G00164000001,2319 WHARTON ST,COMM AUX BUILDING,COMMERCIAL,Private,South Side Flats,RIV-IMU,40.43029361640727,-79.97174447,42003160900
0049B00045000000,4312 FOSTER ST,SINGLE FAMILY,RESIDENTIAL,Private,Central Lawrenceville,R1A-VH,40.471736815601574,-79.96111331,42003090100
0062A00110000000,2314 BROADWAY AVE,RETL/APT'S OVER,COMMERCIAL,Private,Beechview,R1D-M,40.402094671066386,-80.03139024,42003192000
0026B00029000000,3820 LIBERTY AVE,AUTO SALES & SERVICE,COMMERCIAL,Private,Lower Lawrenceville,UI,40.46213419131245,-79.96008544,42003060300
0011J00069000B00,116 MILTENBERGER ST,ROWHOUSE,RESIDENTIAL,Private,Bluff,UPR-B,40.43786323844122,-79.98158863,42003010302
0047G00118000000,2149 HARBOR ST,SINGLE FAMILY,RESIDENTIAL,Private,Spring Hill-City View,R1D-M,40.46884304816119,-79.9899136,42003262000
0174G00035000000,7422 MONTICELLO ST,SINGLE FAMILY,RESIDENTIAL,Private,Homewood North,RM-M,40.45809674961332,-79.89006799,42003130200
0052J00329000000,4610 WINTHROP ST,SMALL DETACHED RET(UNDER 10000),COMMERCIAL,Private,North Oakland,OPR-B,40.44573567780153,-79.94827444,42003040400
0076P00076000000,1103 SMITHTON AVE,SINGLE FAMILY,RESIDENTIAL,Private,Marshall-Shadeland,R1D-M,40.47408214,-80.02773419,42003271600
0004L00169030000,6 NEFF ST,CONDOMINIUM,RESIDENTIAL,Private,Mount Washington,R2-H,40.42754543036767,-80.00573722,42003191400
0082R00097000000,910 N SAINT CLAIR ST,ROWHOUSE,RESIDENTIAL,Private,Highland Park,R2-M,40.47227515301322,-79.92275984,42003110200
0026H00060000000,4732 JUNIPER ST,SINGLE FAMILY,RESIDENTIAL,Private,Bloomfield,H,40.45785591478469,-79.95185088,42003080200
0174A00034000000,7101 MOUNT VERNON ST,SINGLE FAMILY,RESIDENTIAL,Private,Homewood North,R2-L,40.46224562517138,-79.89739751,42003130700
0004C00007001200,121 GRANDVIEW AVE,CONDOMINIUM,RESIDENTIAL,Private,Mount Washington,GPRA,40.431775191544425,-80.00759533,42003191400
0080C00107000000,5151 BUTLER ST,RETL/OFF OVER,COMMERCIAL,Private,Upper Lawrenceville,LNC,40.47984161284465,-79.95510504,42003101100
0048E00158000000,2051 VERONICA ST,SINGLE FAMILY,RESIDENTIAL,Private,Troy Hill,R1D-H,40.46959533245171,-79.98023303,42003241300
0138G00182000000,790 STEWART AVE,VACANT LAND,RESIDENTIAL,Private,Overbrook,P,40.381769365271516,-79.98779106,42003320400
0014N00016000000,910 BERND ST,SINGLE FAMILY,RESIDENTIAL,Private,Beltzhoover,R2-H,40.41423130181348,-79.99834045,42003562400
0014J00240000000,515 CURTIN AVE,SINGLE FAMILY,RESIDENTIAL,City,Beltzhoover,R2-H,40.41774211868607,-79.99853268,42003562400
0084R00058000300,501 S HIGHLAND AVE,CONDOMINIUM,RESIDENTIAL,Private,Shadyside,RM-M,40.45326340421328,-79.92442484,42003070600
0087G00160000000,5828 FORWARD AVE,RETL/APT'S OVER,COMMERCIAL,Private,Squirrel Hill South,LNC,40.42913795686101,-79.92204637,42003141400
0024K00359000000,906 VINIAL ST,COMMERCIAL GARAGE,COMMERCIAL,Private,Troy Hill,NDI,40.45757677103268,-79.99221803,42003241300
0049A00099000000,121 BANNER WAY,ROWHOUSE,RESIDENTIAL,Private,Central Lawrenceville,R1A-VH,40.47147066468613,-79.96342717,42003090100
0052E00116000000,537 N NEVILLE ST,CONDOMINIUM COMMON PROPERTY,RESIDENTIAL,Private,Shadyside,RM-M,40.44937107724143,-79.9475153,42003070900
0015S00040000000,716 ESTELLA AVE,SINGLE FAMILY,RESIDENTIAL,Private,Beltzhoover,R2-H,40.41615012359864,-80.0005559,42003562400
0125E00177000000,6526 HAMILTON AVE,WAREHOUSE,INDUSTRIAL,Private,Larimer,UI,40.45870986843189,-79.91359211,42003120900
0056J00162000000,5020 LADORA WAY,SINGLE FAMILY,RESIDENTIAL,Private,Hazelwood,R1A-VH,40.40707434759894,-79.9475041,42003562901
0124P00078000D00,6406 WINSLOW ST,ROWHOUSE,RESIDENTIAL,Private,Larimer,R1A-H,40.463596722679455,-79.91127912,42003120900
0013P00030000000,2228 SPRING ST,SINGLE FAMILY,RESIDENTIAL,Private,Arlington,R2-L,40.416130596346754,-79.9748199,42003161000
0027B00251000000,809 CHEROKEE ST,ROWHOUSE,RESIDENTIAL,City,Upper Hill,R2-L,40.45152382297353,-79.96043321,42003050600
0174F00116000000,7313 MONTICELLO ST,SINGLE FAMILY,RESIDENTIAL,Private,Homewood North,R2-L,40.45906034247137,-79.89257747,42003130200
0071S00135000000,1416 SWANTEK ST,SINGLE FAMILY,RESIDENTIAL,Private,Sheraden,R1D-M,40.45337928128698,-80.06924024,42003202200
0046N00286000000,18 DIVINITY ST,SINGLE FAMILY,RESIDENTIAL,Private,Perry South,R1D-H,40.46301284515404,-80.01206747,42003261400
0055F00016000000,4340 BRISTOL ST,SINGLE FAMILY,RESIDENTIAL,Private,Hazelwood,R1D-M,40.41942051708018,-79.9451371,42003562901
0014B00138000000,732 E WARRINGTON AVE,OFFICE/APARTMENTS OVER,COMMERCIAL,Private,Allentown,LNC,40.42162587,-79.99443549,42003180300
0019B00003000000,859 CRUCIBLE ST,SINGLE FAMILY,RESIDENTIAL,Private,Elliott,R1D-H,40.44292659,-80.04165191,42003562600
0076N00209000000,3116 FREDERICK ST,SINGLE FAMILY,RESIDENTIAL,Private,Marshall-Shadeland,R1A-VH,40.47391885,-80.03075926,42003271600
0056F00178000000,4927 GERTRUDE ST,SINGLE FAMILY,RESIDENTIAL,Private,Hazelwood,R1A-H,40.409612468954315,-79.94216044,42003562300
0030A00060000000,3103 JOSEPHINE ST,SINGLE FAMILY,RESIDENTIAL,Private,South Side Slopes,H,40.42185927306887,-79.96475265,42003160800
0042M00178000000,2921 MERWYN AVE,SINGLE FAMILY,RESIDENTIAL,City,Sheraden,R1D-H,40.45596332672394,-80.05118904,42003562500
0129J00100000000,2005 BEECHWOOD BLVD,VACANT COMMERCIAL LAND,COMMERCIAL,City,Swisshelm Park,RP,40.42076585235214,-79.91121353,42003141400
0083N00266000000,5501 PENN AVE,FAST FOOD/DRIVE THRU WINDOW,COMMERCIAL,Private,Garfield,LNC,40.464291817232606,-79.93212901,42003111400
0035L00141000000,1809 DAGMAR AVE,SINGLE FAMILY,RESIDENTIAL,Private,Beechview,R1D-M,40.40720684,-80.02227613,42003192000
0033B00076000000,103 REDLYN ST,SINGLE FAMILY,RESIDENTIAL,Private,Knoxville,R1D-H,40.41320021071467,-79.99116445,42003300100
0013P00235000000,2121 BRENT ST,SINGLE FAMILY,RESIDENTIAL,Private,Arlington,R2-L,40.415726226366075,-79.9768229,42003161000
0173G00027000000,1632 BROADHEAD ST,SINGLE FAMILY,RESIDENTIAL,Private,Lincoln-Lemington-Belmar,R1D-L,40.469122311160596,-79.89059924,42003561900
0025D00155000000,3146 PENN AVE,ROWHOUSE,RESIDENTIAL,Private,Strip District,RIV-IMU,40.460352294758046,-79.9701307,42003020300
0024E00260000000,916 VISTA ST,SINGLE FAMILY,RESIDENTIAL,Private,East Allegheny,H,40.45919873198502,-79.99574744,42003563202
0006G00088000000,221 SEWARD ST,SINGLE FAMILY,RESIDENTIAL,Private,Duquesne Heights,R1D-M,40.43945124114027,-80.02466127,42003191100
0075G00297000000,3444 SIPE ST,SINGLE FAMILY,RESIDENTIAL,Private,Brighton Heights,R1A-H,40.47795050934341,-80.03736826,42003270300
0231K00038000000,8401 FRANKSTOWN AVE,COMMERCIAL GARAGE,COMMERCIAL,Private,East Hills,LNC,40.45743285,-79.87759866,42003130600
0046N00155000000,2134 HOLYOKE ST,ROWHOUSE,RESIDENTIAL,Private,Perry South,R1D-H,40.463944638668494,-80.01398037,42003261400
0057C00335000000,256 RENOVA ST,SINGLE FAMILY,RESIDENTIAL,Private,Hazelwood,R1A-H,40.40231060705094,-79.93708148,42003562300
0006M00312486000,1 TRIMONT LN,CONDOMINIUM,RESIDENTIAL,Private,Duquesne Heights,AP,40.438234811198775,-80.01979985,42003191100
0006B00161020200,1700 GRANDVIEW AVE,CONDOMINIUM,RESIDENTIAL,Private,Duquesne Heights,GPRB,40.44098276865262,-80.02514271,42003191100
0011D00072000000,2534 ALLEQUIPPA ST,TWO FAMILY,RESIDENTIAL,Private,West Oakland,R1A-H,40.44171128688415,-79.9667623,42003040200
0139H00070000000,330 PINECASTLE AVE,SINGLE FAMILY,RESIDENTIAL,Private,Overbrook,R1D-M,40.38112972874627,-80.00198705,42003320700
0129D00214000000,1224 WINDERMERE DR,SINGLE FAMILY,RESIDENTIAL,Private,Swisshelm Park,R1D-L,40.422808413200926,-79.90250355,42003141100
0004S00279000000,65 HABERMAN AVE,SINGLE FAMILY,RESIDENTIAL,Private,Mount Washington,R1D-H,40.42438016,-80.00251967,42003180700
0056F00176000000,201 GLEN CALADH ST,ROWHOUSE,RESIDENTIAL,Private,Hazelwood,R1A-H,40.409708450043816,-79.94206888,42003562300
0023F00148000000,214 CARRINGTON ST,SINGLE FAMILY,RESIDENTIAL,Private,Central Northside,R1A-VH,40.458811906741694,-80.0104531,42003565100
0042J00265000000,1000 TWEED ST,SINGLE FAMILY,RESIDENTIAL,Private,Sheraden,R1D-H,40.45663174308342,-80.06252752,42003202200
0020K00028000000,1225 CHARTIERS AVE,MOBILE HOME,RESIDENTIAL,City,Crafton Heights,P,40.44604756179282,-80.04450445,42003281400
0070C00023000000,3408 CLEARFIELD ST,SINGLE FAMILY,RESIDENTIAL,City,Windgap,R2-L,40.45217588190175,-80.07149327,42003563000
0035S00196000000,110 STETSON ST,COMMERCIAL GARAGE,COMMERCIAL,Private,Brookline,LNC,40.40614921805443,-80.01796868,42003191700
0006F00260000000,250 SHALER ST,SINGLE FAMILY,RESIDENTIAL,Private,Duquesne Heights,R1D-M,40.43858482130569,-80.0250621,42003191100
0174K00329000000,7336 BENNETT ST,SINGLE FAMILY,RESIDENTIAL,Private,Homewood South,RM-M,40.45543449491666,-79.89317578,42003130800
0175H00196000000,8009 NIMICK PL,SINGLE FAMILY,RESIDENTIAL,Private,East Hills,RM-M,40.450132783212894,-79.88387155,42003130600
0014J00138000000,0 BELTZHOOVER AVE,VACANT LAND,RESIDENTIAL,Private,Beltzhoover,R2-H,40.41852370876106,-79.99756933,42003562400
0125B00076000000,6522 LLEWELLYN PL,SINGLE FAMILY,RESIDENTIAL,Private,Larimer,R1D-H,40.461778949775386,-79.90991088,42003120900
0076K00139000000,1032 GRAND AVE,SINGLE FAMILY,RESIDENTIAL,Private,Marshall-Shadeland,R1D-M,40.47526079680626,-80.02667495,42003271600
0042M00300000000,2934 STAFFORD ST,SINGLE FAMILY,RESIDENTIAL,Private,Sheraden,R1D-H,40.456951415397704,-80.05039247,42003562500
0042S00308000000,2760 GLEN MAWR ST,SINGLE FAMILY,RESIDENTIAL,Private,Sheraden,R1D-H,40.454682368623686,-80.0505089,42003562500
0013A00055000000,2010 GREGORY ST,SINGLE FAMILY,RESIDENTIAL,Private,South Side Slopes,R1A-VH,40.42359848066781,-79.97875374,42003170600
0174P00314000000,7591 KELLY ST,SINGLE FAMILY,RESIDENTIAL,Private,Homewood South,RM-M,40.45447103217993,-79.89120414,42003130800
0080P00026000000,167 44TH ST,SINGLE FAMILY,RESIDENTIAL,Private,Central Lawrenceville,R1A-VH,40.47237952315346,-79.96064306,42003090100
0243B00066000000,5849 INTERBORO AVE,SINGLE FAMILY,RESIDENTIAL,Private,Lincoln Place,R1D-L,40.36428785337205,-79.91112079,42003310200
0015R00021000000,15 FRAMPTON AVE,SINGLE FAMILY,RESIDENTIAL,Private,Beltzhoover,R2-H,40.41572829587409,-80.00756932,42003562400
0062K00161000000,2615 WEST LIBERTY AVE,AUTO SALES & SERVICE,COMMERCIAL,Private,Brookline,HC,40.39784494862654,-80.02690099,42003191900
0060P00333000000,212 NEWETT ST,SINGLE FAMILY,RESIDENTIAL,City,Carrick,R2-L,40.396645983091595,-79.99132126,42003290100
0175B00278000000,7614 SUSQUEHANNA ST,TWO FAMILY,RESIDENTIAL,Private,Homewood South,UI,40.45073460719975,-79.89198552,42003130800
0231P00182000000,636 DORNBUSH ST,SINGLE FAMILY,RESIDENTIAL,Private,East Hills,R2-L,40.45344714080066,-79.87714094,42003130600
0045N00231000A00,2318 COLORADO ST,ROWHOUSE,RESIDENTIAL,Private,Marshall-Shadeland,R1A-VH,40.46283893349275,-80.0307569,42003271600
0076P00100000000,3122 WESTBORN ST,SINGLE FAMILY,RESIDENTIAL,Private,Marshall-Shadeland,R1D-H,40.47456330055844,-80.02850491,42003271600
0032A00152000000,437 ORMSBY AVE,SINGLE FAMILY,RESIDENTIAL,Private,Mt. Oliver,R1D-M,40.41303037994437,-79.98000066,42003161000
0033C00038000000,181 KNOX AVE,SINGLE FAMILY,RESIDENTIAL,Private,Knoxville,R1D-H,40.412241901021204,-79.99068707,42003300100
0174K00145000000,7340 FRANKSTOWN AVE,COMMERCIAL GARAGE,COMMERCIAL,Private,Homewood South,RM-M,40.45625277788773,-79.89248758,42003130800
0041F00124000000,1339 OAKGLEN ST,SINGLE FAMILY,RESIDENTIAL,Private,Crafton Heights,R2-L,40.448999757278045,-80.06034526,42003281400
0174E00060000A00,7028 MONTICELLO ST,VACANT LAND,RESIDENTIAL,City,Homewood North,R2-L,40.459919629436584,-79.8993021,42003130700
0119S00223000000,5424 HARRISON ST,SINGLE FAMILY,RESIDENTIAL,Private,Upper Lawrenceville,RIV-MU,40.48367159401692,-79.95096172,42003101100
0049S00330000000,4508 LIBERTY AVE,RETL/APT'S OVER,COMMERCIAL,Private,Bloomfield,LNC,40.462718624852315,-79.95165719,42003080200
0004N00146000000,287 WADE ST,SINGLE FAMILY,RESIDENTIAL,Private,Mount Washington,R1D-H,40.42415936029483,-80.01258717,42003191400
0055G00011000000,428 CONNOR ST,SINGLE FAMILY,RESIDENTIAL,Private,Greenfield,R1D-M,40.42013569305045,-79.94108274,42003151600
0003R00085000000,10 INGRESS WAY,SINGLE FAMILY,RESIDENTIAL,Private,South Side Slopes,H,40.425556134848115,-79.98860404,42003170600
0032C00260000000,914 PARKWOOD RD,SINGLE FAMILY,RESIDENTIAL,Private,St. Clair,P,40.41189285665402,-79.97324097,42003161000
0003K00035000000,55 ROANOKE ST,TWO FAMILY,RESIDENTIAL,Private,Allentown,H,40.42627069787074,-79.99424462,42003180300
0174F00105000000,7333 MONTICELLO ST,VACANT LAND,RESIDENTIAL,Private,Homewood North,R2-L,40.45884797882787,-79.89163787,42003130200
0013E00133000000,2359 S 18TH ST,SINGLE FAMILY,RESIDENTIAL,Private,South Side Slopes,H,40.42102353737127,-79.98191785,42003170600
0004P00269000000,228 SMITH WAY,SINGLE FAMILY,RESIDENTIAL,Private,Mount Washington,R1D-H,40.42374139954094,-80.0081837,42003191500
0174P00165000000,7365 HAMILTON AVE,ROWHOUSE,RESIDENTIAL,City,Homewood South,RM-M,40.45384850241307,-79.89324475,42003130800
0042H00245000000,2952 SACRAMENTO AVE,SINGLE FAMILY,RESIDENTIAL,Private,Sheraden,R1D-H,40.45777100040483,-80.05005393,42003562500
0013R00150000000,305 CLOVER ST,SINGLE FAMILY,RESIDENTIAL,Private,Arlington,R2-L,40.41456972660811,-79.97168139,42003161000
0030N00125000000,329 BASSLER ST,SINGLE FAMILY,RESIDENTIAL,Private,Arlington,R2-L,40.41416886203843,-79.96441984,42003161000
0004L00231000A00,1 BIGBEE ST,ROWHOUSE,RESIDENTIAL,Private,Mount Washington,LNC,40.42745443571065,-80.00386962,42003180700
0033R00171000000,141 WYNOKA ST,SINGLE FAMILY,RESIDENTIAL,Private,Carrick,R1D-H,40.40568369957199,-79.98725161,42003290200
0076P00062000000,1061 SMITHTON AVE,SINGLE FAMILY,RESIDENTIAL,Private,Marshall-Shadeland,R1D-M,40.474022763305896,-80.02717885,42003271600
0011J00072000F00,1725 FORBES AVE,ROWHOUSE,RESIDENTIAL,Private,Bluff,UPR-B,40.43769088349141,-79.98188429,42003010302
0012S00121000B00,2828 LARKINS WAY,ROWHOUSE,RESIDENTIAL,Private,South Side Flats,R2-VH,40.42474558178302,-79.96623152,42003160900
0174L00322000000,7614 RACE ST,SINGLE FAMILY,RESIDENTIAL,Private,Homewood North,RM-M,40.457080261888365,-79.88876241,42003130200
0042G00039000000,0 GLEN MAWR ST,VACANT LAND,RESIDENTIAL,City,Sheraden,R1D-H,40.45803959544742,-80.05365708,42003562500
0015G00050000000,176 W WARRINGTON AVE,SINGLE FAMILY,RESIDENTIAL,Private,Beltzhoover,R2-H,40.420267008187416,-80.00625553,42003562400
0173F00304000000,1604 WORTHINGTON ST,SINGLE FAMILY,RESIDENTIAL,Private,Lincoln-Lemington-Belmar,R1D-L,40.46825238966019,-79.89137328,42003561900
0023J00199000000,614 N TAYLOR AVE,VACANT COMMERCIAL LAND,COMMERCIAL,Private,Central Northside,R1A-VH,40.456351593451075,-80.01396592,42003565100
0124L00264000000,6546 ROWAN ST,SINGLE FAMILY,RESIDENTIAL,City,Lincoln-Lemington-Belmar,RM-M,40.46577694104956,-79.90563918,42003120300
0014C00304000000,1004 E WARRINGTON AVE,SINGLE FAMILY,RESIDENTIAL,Private,South Side Slopes,R1A-VH,40.421775184840826,-79.9880277,42003170600
0087F00229000000,5624 POCUSSET ST,SINGLE FAMILY,RESIDENTIAL,Private,Squirrel Hill South,R2-L,40.429133165672035,-79.92639396,42003141300
0006R00358000000,202 ONEIDA ST,SINGLE FAMILY,RESIDENTIAL,Private,Duquesne Heights,R1D-M,40.43543971746412,-80.02046307,42003191100
0086C00034000000,5750 WOODMONT ST,SINGLE FAMILY,RESIDENTIAL,Private,Squirrel Hill North,R2-L,40.44194210943306,-79.92365856,42003140300
0033B00030000000,111 GRIMES AVE,SINGLE FAMILY,RESIDENTIAL,Private,Knoxville,R1D-H,40.413587582756826,-79.99318744,42003300100
0081F00218000000,1113 WOODBINE ST,TWO FAMILY,RESIDENTIAL,Private,Stanton Heights,R2-L,40.47851044,-79.9414501,42003100500
0175D00117000000,7924 TACOMA ST,SINGLE FAMILY,RESIDENTIAL,Private,Homewood South,RM-M,40.450333123569486,-79.88570899,42003130800
0077S00182000000,212 ESSEN ST,SINGLE FAMILY,RESIDENTIAL,Private,Spring Hill-City View,R1D-L,40.47300756071199,-80.00206655,42003262000
0185M00249000000,1130 RODGERS ST,SINGLE FAMILY,RESIDENTIAL,Private,Lincoln Place,R1D-L,40.36776787920693,-79.91620866,42003310200
0050L00151000000,223 N ATLANTIC AVE,SINGLE FAMILY,RESIDENTIAL,Private,Garfield,R1D-H,40.46608081125353,-79.9383672,42003101900
0050L00282000A00,116 N EVALINE ST,ROWHOUSE,RESIDENTIAL,Private,Garfield,R1D-H,40.46523923,-79.94079245,42003101900
0174B00193000000,7212 MOUNT VERNON ST,ROWHOUSE,RESIDENTIAL,City,Homewood North,R2-L,40.461073898212256,-79.89403841,42003130200
0012S00009000000,0 LARKINS WAY,VACANT LAND,RESIDENTIAL,Private,South Side Flats,R2-VH,40.42494684794598,-79.96614864,42003160900
0001C01662O01200,320 FORT DUQUESNE BLVD,CONDOMINIUM,RESIDENTIAL,Private,Central Business District,GT-D,40.442469724055705,-80.00659855,42003020100
0027B00258000000,3104 LYON ST,ROWHOUSE,RESIDENTIAL,Private,Upper Hill,R2-L,40.451667031928736,-79.96062225,42003050600
0035K00016000A00,1902 BROADWAY AVE,ROWHOUSE,RESIDENTIAL,Private,Beechview,R1D-H,40.407222741295236,-80.02734368,42003192000
0077S00177000000,204 ESSEN ST,SINGLE FAMILY,RESIDENTIAL,Private,Spring Hill-City View,R1D-L,40.472993601814984,-80.00235847,42003262000
0124L00034000000,1120 PAULSON AVE,ROWHOUSE,RESIDENTIAL,Private,Lincoln-Lemington-Belmar,RM-M,40.46732517238809,-79.90475404,42003120300
0003M00265000000,129 S 13TH ST,ROWHOUSE,RESIDENTIAL,Private,South Side Flats,R1A-VH,40.42631731563234,-79.98502575,42003170200
0015K00166000000,51 LAFFERTY AVE,SINGLE FAMILY,RESIDENTIAL,Private,Beltzhoover,R2-H,40.41771336798006,-80.00822861,42003562400
0025K00261000000,303 27TH ST,LIGHT MANUFACTURING,INDUSTRIAL,Private,Strip District,RIV-IMU,40.4558248,-79.9766975,42003020300
0014M00037000000,1715 ARLINGTON CT,SINGLE FAMILY,RESIDENTIAL,Private,South Side Slopes,R2-M,40.41806115423374,-79.98576979,42003170600
0060L00284000000,100 E CHERRYHILL ST,FOUR FAMILY,RESIDENTIAL,Private,Carrick,LNC,40.39851362456016,-79.98804436,42003290200
0071F00232000000,3751 MERLE ST,SINGLE FAMILY,RESIDENTIAL,Private,Windgap,R1D-L,40.45766076069967,-80.07859167,42003563000
0063B00173000000,2220 HAYSON AVE,SINGLE FAMILY,RESIDENTIAL,Private,Banksville,R1D-L,40.40288291564921,-80.04281835,42003202300
0080K00278000000,4746 PLUMMER ST,COMM AUX BUILDING,COMMERCIAL,Private,Central Lawrenceville,LNC,40.47561604,-79.95780985,42003090100
0056D00189000000,433 FLOWERS AVE,SINGLE FAMILY,RESIDENTIAL,Private,Hazelwood,R1D-H,40.41204546668528,-79.93659021,42003562300
0004J00093000000,511 GRACE ST,SINGLE FAMILY,RESIDENTIAL,Private,Mount Washington,R1D-H,40.42774289197239,-80.01459584,42003191400
0013H00338000000,2900 OAKLEY WAY,SINGLE FAMILY,RESIDENTIAL,Private,South Side Slopes,R1D-H,40.42098088350908,-79.96756302,42003160800
0091J00021000000,0 BALDWIN RD,VACANT LAND,RESIDENTIAL,Private,Hays,UI,40.387960811478735,-79.93223798,42003565300
0088G00233000000,3167 BEECHWOOD BLVD,ROWHOUSE,RESIDENTIAL,Private,Squirrel Hill South,P,40.41953416464888,-79.92231968,42003141400
0124K00113000000,631 THOMPSON ST,SINGLE FAMILY,RESIDENTIAL,Private,Larimer,R1D-H,40.46600379319262,-79.91034679,42003120900
0050M00012000A00,5329 BROWN WAY,ROWHOUSE,RESIDENTIAL,Private,Garfield,R1D-H,40.46694933235881,-79.93686738,42003101900
0014A00189000000,605 E WARRINGTON AVE,RETL/APT'S OVER,COMMERCIAL,Private,Allentown,LNC,40.42189097155763,-79.99707394,42003180300
0174B00109000000,0 N HOMEWOOD AVE,VACANT LAND,RESIDENTIAL,Private,Homewood North,R2-L,40.46186457347556,-79.89472798,42003130700
0012G00168000000,2329 WHARTON ST,WAREHOUSE,INDUSTRIAL,Private,South Side Flats,RIV-IMU,40.43038769471321,-79.97096011,42003160900
0001M00119000000,105 SMITHFIELD ST,"RESTAURANT, CAFET AND/OR BAR",COMMERCIAL,Private,Central Business District,GT-C,40.43747142077972,-80.0006146,42003020100
0028H00154000000,17 BOUNDARY ST,TWO FAMILY,RESIDENTIAL,Private,Central Oakland,R2-H,40.43947060221321,-79.95094132,42003040500
0071S00157000000,1305 NOKOMIS ST,VACANT LAND,RESIDENTIAL,Private,Sheraden,R1D-M,40.45456328587514,-80.06778164,42003202200
0014A00040000000,445 EDGEMONT ST,SINGLE FAMILY,RESIDENTIAL,Private,Mount Washington,R1D-H,40.42259673438862,-79.998752,42003180700
0035E00009000000,1406 HAMPSHIRE AVE,SINGLE FAMILY,RESIDENTIAL,Private,Beechview,R1D-H,40.410586048246614,-80.02874045,42003191600
0045B00015000000,2808 WADLOW ST,SINGLE FAMILY,RESIDENTIAL,Private,Marshall-Shadeland,R1D-H,40.47045060287084,-80.02834249,42003271600
0049J00323000000,212 39TH ST,SINGLE FAMILY,RESIDENTIAL,Private,Lower Lawrenceville,R1A-H,40.46712778041846,-79.96347884,42003060300
0128A00152000000,2214 IMPERIAL ST,SINGLE FAMILY,RESIDENTIAL,Private,Squirrel Hill South,R2-L,40.43217602891443,-79.91430646,42003140800
0042G00067000000,3252 STAFFORD ST,RES AUX BUILDING (NO HOUSE),RESIDENTIAL,Private,Sheraden,H,40.459960997761065,-80.0544181,42003562500
0116N00075000000,3426 PERRYSVILLE AVE,SINGLE FAMILY,RESIDENTIAL,Private,Perry North,R1D-L,40.48276925005654,-80.01283447,42003260700
0024A00285000000,938 YETTA AVE,SINGLE FAMILY,RESIDENTIAL,Private,Spring Hill-City View,R1D-M,40.46167532314328,-79.99569269,42003262000
0004G00105000000,3 E SYCAMORE ST,SINGLE FAMILY,RESIDENTIAL,Other,Mount Washington,R2-H,40.43024012141503,-80.00667918,42003191400
0019B00155000000,900 WYMORE ST,SINGLE FAMILY,RESIDENTIAL,Private,Elliott,R1D-L,40.44165935938698,-80.04287138,42003562600
0033G00040000000,630 BROWNSVILLE RD,FAST FOOD/DRIVE THRU WINDOW,COMMERCIAL,Private,Knoxville,LNC,40.40965992671488,-79.99092727,42003300100
0049F00034000000,4106 BUTLER ST,OFFICE/APARTMENTS OVER,COMMERCIAL,Private,Central Lawrenceville,LNC,40.46940539468348,-79.96075065,42003090200
0003P00176000000,725 MCLAIN ST,SINGLE FAMILY,RESIDENTIAL,Private,Allentown,R1D-M,40.42446934462678,-79.99488996,42003180300
0173A00207000000,1367 PAULSON AVE,SINGLE FAMILY,RESIDENTIAL,City,Lincoln-Lemington-Belmar,RM-M,40.46997057155867,-79.89851762,42003120300
0088E00173000000,743 HAZELWOOD AVE,SINGLE FAMILY,RESIDENTIAL,Private,Greenfield,R1D-H,40.42009035438176,-79.93147695,42003151700
0062E00235000000,8 WENZELL PL,SINGLE FAMILY,RESIDENTIAL,Private,Beechview,R1A-H,40.39960315367448,-80.03092171,42003192000
0057D00033000000,330 RENOVA ST,SINGLE FAMILY,RESIDENTIAL,Private,Hazelwood,R1A-H,40.40317597,-79.93650389,42003562300
0115C00065000000,4031 VINCETON ST,SINGLE FAMILY,RESIDENTIAL,Private,Perry North,R1D-L,40.49142196,-80.02269143,42003260200
0124M00195000000,6609 APPLE ST,SINGLE FAMILY,RESIDENTIAL,Private,Lincoln-Lemington-Belmar,RM-M,40.466545926548555,-79.9024924,42003120300
0010P00134000B00,2229 LAPLACE ST,SINGLE FAMILY,RESIDENTIAL,Private,Middle Hill,LNC,40.44488429389112,-79.97496103,42003050100
0027B00337000000,911 SHAWNEE ST,ROWHOUSE,RESIDENTIAL,Private,Upper Hill,R2-L,40.45050401721867,-79.95917367,42003050600
0184B00061000000,4827 INTERBORO AVE,SINGLE FAMILY,RESIDENTIAL,Private,Lincoln Place,R1D-L,40.37463407615325,-79.91069677,42003310200
0015D00175000000,63 ESTELLA AVE,SINGLE FAMILY,RESIDENTIAL,Private,Mount Washington,R1D-H,40.42349246687628,-80.00073998,42003180700
0049N00211000000,3460 LIGONIER ST,SINGLE FAMILY,RESIDENTIAL,Private,Lower Lawrenceville,R1A-H,40.463049980681504,-79.9646903,42003060300
0175C00338000000,7810 MULFORD ST,SINGLE FAMILY,RESIDENTIAL,Private,Homewood South,RM-M,40.45184930077612,-79.8873487,42003130800
0125A00207000000,228 MAYFLOWER ST,SINGLE FAMILY,RESIDENTIAL,Private,Larimer,R1D-H,40.46154988540315,-79.91323844,42003120900
0019B00096000000,901 NEIDEL ST,SINGLE FAMILY,RESIDENTIAL,City,Elliott,R1D-L,40.441932318525694,-80.04246469,42003562600
0096K00027000000,1601 CHELTON AVE,SINGLE FAMILY,RESIDENTIAL,Private,Brookline,R1D-M,40.38769007258609,-80.01130851,42003191800
0018A00186000000,1200 HIGHMAN ST,SINGLE FAMILY,RESIDENTIAL,Private,Westwood,R1D-L,40.43282467030604,-80.04664251,42003563100
0049B00177000000,4213 BUTLER ST,RETL/APT'S OVER,COMMERCIAL,Private,Central Lawrenceville,LNC,40.47067548271129,-79.9605783,42003090100
0091L00299000000,4662 MAPLEDALE DR,SINGLE FAMILY,RESIDENTIAL,Private,New Homestead,R1D-L,40.388388249558965,-79.92042588,42003565300
0004B00184000000,240 W SYCAMORE ST,SINGLE FAMILY,RESIDENTIAL,Private,Mount Washington,R2-H,40.43232875381745,-80.00997457,42003191400
0004N00130000000,496 NORTON ST,SINGLE FAMILY,RESIDENTIAL,Private,Mount Washington,R2-H,40.424929480552265,-80.01249287,42003191400
0080F00146000000,4843 HATFIELD ST,ROWHOUSE,RESIDENTIAL,Private,Central Lawrenceville,R1A-VH,40.47752659341272,-79.95809834,42003090100
0035F00172000000,1607 RUTHERFORD AVE,SINGLE FAMILY,RESIDENTIAL,Private,Beechview,R1D-H,40.410148656551485,-80.02625245,42003191600
0062D00340000000,2024 PIONEER AVE,SINGLE FAMILY,RESIDENTIAL,Private,Brookline,R1D-H,40.402073750690846,-80.01656312,42003191700
0120P00353000000,1030 PREMIER ST,SINGLE FAMILY,RESIDENTIAL,Private,Stanton Heights,R1D-L,40.48357988,-79.94137897,42003101800
0125B00075000000,6520 LLEWELLYN PL,SINGLE FAMILY,RESIDENTIAL,Private,Larimer,R1D-H,40.46182989966207,-79.90996756,42003120900
0060M00011000000,1736 CONCORDIA ST,SINGLE FAMILY,RESIDENTIAL,Private,Carrick,R1D-H,40.39763040329596,-79.9868814,42003290200
0090S00215000000,4455 WHITEBUSH ST,SINGLE FAMILY,RESIDENTIAL,Private,New Homestead,R1D-L,40.39526312157912,-79.91705151,42003565300
0050M00103000000,5350 WATERFORD ST,SINGLE FAMILY,RESIDENTIAL,Private,Garfield,R1D-H,40.46516621307821,-79.93666108,42003101900
0023G00083000000,0 BOYLE ST,VACANT LAND,RESIDENTIAL,City,Central Northside,R1A-VH,40.458410390317454,-80.00631045,42003565100
0086A00256000000,5536 WOODMONT ST,SINGLE FAMILY,RESIDENTIAL,Private,Squirrel Hill North,R1D-VL,40.44168834280354,-79.92926681,42003140100
0097G00010000000,830 WOODBOURNE AVE,SINGLE FAMILY,RESIDENTIAL,Private,Brookline,R1D-M,40.391738223121884,-80.02093154,42003191800
0124P00094000000,6424 MEADOW ST,SINGLE FAMILY,RESIDENTIAL,Private,Larimer,R1D-H,40.46260215640072,-79.91186199,42003120900
0050H00059000000,318 N GRAHAM ST,SINGLE FAMILY,RESIDENTIAL,City,Garfield,R2-H,40.46735489663663,-79.93344217,42003111400
0045K00253000000,2423 BRIGHTON RD,SINGLE FAMILY,RESIDENTIAL,Private,Marshall-Shadeland,R1D-M,40.46554084237837,-80.02504752,42003271600
0014F00202000000,812 INDUSTRY ST,COMMERCIAL GARAGE,COMMERCIAL,Private,Allentown,R1D-H,40.42070452031561,-79.99316936,42003180300
0082G00099140400,1404 N NEGLEY AVE,CONDOMINIUM,RESIDENTIAL,Private,Highland Park,R2-L,40.47889248186591,-79.92232431,42003110200
0057C00095000000,37 ALMEDA ST,SINGLE FAMILY,RESIDENTIAL,Private,Hazelwood,R1A-H,40.403459482458054,-79.94042686,42003562300
0035F00051000000,1607 ALVERADO AVE,SINGLE FAMILY,RESIDENTIAL,Private,Beechview,R1D-M,40.41009989,-80.02805356,42003191600
0022C00190000000,1911 B ST,SINGLE FAMILY,RESIDENTIAL,Private,California-Kirkbride,R1A-M,40.46010086196002,-80.02058752,42003565200
0089P00005000000,926 JOHNSTON AVE,OWNED BY METRO HOUSING AU,GOVERNMENT,HACP,Glen Hazel,P,40.40590569942083,-79.92859395,42003562300
0173P00094000000,7216 HILLIARDS ST,SINGLE FAMILY,RESIDENTIAL,Private,Lincoln-Lemington-Belmar,R1D-L,40.46411291253597,-79.8923993,42003561900
0174G00258000000,7433 HERMITAGE ST,ROWHOUSE,RESIDENTIAL,Private,Homewood North,RM-M,40.459070544717605,-79.88961429,42003130700
0086F00243000000,5616 MARLBOROUGH RD,SINGLE FAMILY,RESIDENTIAL,Private,Squirrel Hill North,R1D-L,40.43854629334392,-79.92697973,42003140300
0129J00029000000,127 MACFARREN ST,SINGLE FAMILY,RESIDENTIAL,Private,Swisshelm Park,R2-L,40.41700708,-79.91533013,42003141100
0124N00147000000,138 CARVER ST,SINGLE FAMILY,RESIDENTIAL,Private,Larimer,R2-H,40.46391245070602,-79.91455697,42003120900
0003N00113000000,18 BELTZHOOVER AVE,SINGLE FAMILY,RESIDENTIAL,Private,Mount Washington,R1D-H,40.42525558274032,-79.9978131,42003180700
0003E00014000000,322 ARLINGTON AVE,VACANT LAND,RESIDENTIAL,City,Mount Washington,P,40.42859168863653,-79.99782279,42003191400
0029M00268000000,3772 ORPWOOD ST,SINGLE FAMILY,RESIDENTIAL,Private,South Oakland,R1A-H,40.42836798510545,-79.951345,42003040900
0077P00357000000,2726 SHELTON AVE,SINGLE FAMILY,RESIDENTIAL,Private,Perry South,H,40.473187345486586,-80.01170323,42003261500
0184K00198000000,5323 MIFFLIN RD,SINGLE FAMILY,RESIDENTIAL,Private,Lincoln Place,R1D-L,40.36874437488909,-79.90988125,42003310200
0052E00011030900,128 N CRAIG ST,CONDOMINIUM,RESIDENTIAL,Private,North Oakland,RM-VH,40.44803714986703,-79.94904886,42003040400
0014G00186000000,923 CLIMAX ST,APART: 5-19 UNITS,COMMERCIAL,Private,Allentown,R1D-H,40.42027102832431,-79.98930193,42003180300
0045B00130000000,2811 MCDOWELL ST,SINGLE FAMILY,RESIDENTIAL,Private,Marshall-Shadeland,R1D-H,40.47081003777601,-80.02699533,42003271600
0052D00331000000,717 BELLEFONTE ST,CONDOMINIUM COMMON PROPERTY,RESIDENTIAL,Private,Shadyside,R2-M,40.45199533724428,-79.93405267,42003070300
0175C00354000000,7717 MULFORD ST,SINGLE FAMILY,RESIDENTIAL,Private,Homewood South,RM-M,40.45211233668405,-79.88844309,42003130800
0015D00102000000,84 PASADENA ST,SINGLE FAMILY,RESIDENTIAL,Private,Mount Washington,R1D-H,40.42277549460385,-80.00194256,42003180700
0026S00169000000,4631 CENTRE AVE,RETL/APT'S OVER,COMMERCIAL,Private,North Oakland,OPR-B,40.452694092974234,-79.95048914,42003562000
0023H00341000000,0 COMPROMISE ST,VACANT LAND,RESIDENTIAL,Private,Fineview,RM-M,40.45968084043025,-80.00123035,42003250900
0029C00317000400,3289 DAWSON ST,CONDOMINIUM,RESIDENTIAL,Private,South Oakland,R1A-VH,40.43273031507322,-79.95388113,42003040900
0095R00070000000,415 OVERBROOK BLVD,SINGLE FAMILY,RESIDENTIAL,Private,Carrick,R1D-L,40.386173474942915,-79.99048753,42003290400
0024B00189000000,1042 GOEHRING ST,SINGLE FAMILY,RESIDENTIAL,Private,Spring Hill-City View,H,40.46084150571335,-79.99401307,42003262000
0011E00153000000,238 LOMBARD ST,SINGLE FAMILY,RESIDENTIAL,Private,Crawford-Roberts,RM-M,40.44012456739177,-79.97878137,42003030500
0006L00237000000,311 SWEETBRIAR ST,SINGLE FAMILY,RESIDENTIAL,Private,Duquesne Heights,R1D-M,40.43692581449062,-80.02168953,42003191100
0175G00220000000,416 ROSEDALE ST,SINGLE FAMILY,RESIDENTIAL,Private,Homewood South,RM-M,40.448037994994046,-79.88766658,42003130800
0033B00240000000,334 ARABELLA ST,SINGLE FAMILY,RESIDENTIAL,Private,Knoxville,R1D-H,40.412596695579786,-79.99447947,42003300100
0013C00118000000,2412 MISSION ST,SINGLE FAMILY,RESIDENTIAL,Private,South Side Slopes,H,40.42277313945218,-79.97222811,42003160800
0010P00179000000,2101 ROSE ST,SINGLE FAMILY,RESIDENTIAL,Private,Middle Hill,RM-M,40.44373856475022,-79.97779602,42003050100
0123N00081000000,1013 HEBERTON ST,SINGLE FAMILY,RESIDENTIAL,Private,Highland Park,R1D-M,40.472937213880556,-79.91550119,42003110600
0174P00186000000,7327 HAMILTON AVE,ROWHOUSE,RESIDENTIAL,Private,Homewood South,RM-M,40.454087832584946,-79.894303,42003130800
0026B00134000000,3340 LIBERTY AVE,OTHER,INDUSTRIAL,Private,Lower Lawrenceville,UI,40.46109895776239,-79.96163676,42003060300
0087P00097000000,3589 BEECHWOOD BLVD,SINGLE FAMILY,RESIDENTIAL,Private,Greenfield,R2-M,40.42528401,-79.9271994,42003151700
0004N00171000000,24 MARNE WAY,SINGLE FAMILY,RESIDENTIAL,Private,Mount Washington,R1D-H,40.42383554166281,-80.01273703,42003191400
0081B00079000000,5552 CAMELIA ST,SINGLE FAMILY,RESIDENTIAL,Private,Stanton Heights,R1D-L,40.48126494,-79.94404185,42003101800
0139S00057000000,210 ELWYN AVE,SINGLE FAMILY,RESIDENTIAL,Private,Overbrook,R1D-M,40.37612111116779,-80.00329907,42003320700
0174H00057000000,1118 WHEELER ST,SINGLE FAMILY,RESIDENTIAL,Private,Homewood North,R2-L,40.45986093431713,-79.88446886,42003130700
0049E00019000000,168 38TH ST,ROWHOUSE,RESIDENTIAL,Private,Lower Lawrenceville,R1A-VH,40.46761393665237,-79.96559625,42003060300
0030A00222000000,3223 HARCUM WAY,SINGLE FAMILY,RESIDENTIAL,Private,South Side Slopes,R2-L,40.42121484669799,-79.9621956,42003160800
0009N00033000000,961 LIBERTY AVE,"RESTAURANT, CAFET AND/OR BAR",COMMERCIAL,Private,Central Business District,GT-C,40.44375236437821,-79.99590897,42003020100
0010K00152000000,635 KIRKPATRICK ST,ROWHOUSE,RESIDENTIAL,City,Middle Hill,RM-M,40.44671427,-79.97763142,42003050100
0034D00002000000,415 VANDALIA ST,SINGLE FAMILY,RESIDENTIAL,Private,Beltzhoover,R2-H,40.413754325308865,-79.99963358,42003562400
0035C00188000000,1425 KENBERMA AVE,SINGLE FAMILY,RESIDENTIAL,Private,Beechview,R1D-H,40.41240164682986,-80.02170518,42003191600
0012E00367000000,1732 E CARSON ST,RETL/APT'S OVER,COMMERCIAL,Private,South Side Flats,LNC,40.428472953832184,-79.9809168,42003170200
0042L00035000000,3027 ZEPHYR AVE,SINGLE FAMILY,RESIDENTIAL,Private,Sheraden,R1D-H,40.45688428606345,-80.05430173,42003562500
0047C00236000000,47 SCHUBERT ST,SINGLE FAMILY,RESIDENTIAL,City,Spring Garden,H,40.47108658692279,-79.98840479,42003241300
0172N00007000000,6954 LEMINGTON AVE,SINGLE FAMILY,RESIDENTIAL,Private,Lincoln-Lemington-Belmar,RM-M,40.472349321100786,-79.89922705,42003120300
0049L00262000000,361 FISK ST,SINGLE FAMILY,RESIDENTIAL,Private,Central Lawrenceville,LNC,40.46569816463067,-79.95679055,42003090200
0075C00228000000,1516 DAVIS AVE,ROWHOUSE,RESIDENTIAL,Private,Brighton Heights,R1D-M,40.480940166554774,-80.03849248,42003270100
0021J00083000000,2904 SACRAMENTO AVE,SINGLE FAMILY,RESIDENTIAL,Private,Sheraden,H,40.45666186441715,-80.04902568,42003562500
0124L00201000000,6615 ROWAN ST,VACANT LAND,RESIDENTIAL,City,Lincoln-Lemington-Belmar,RM-M,40.46526642077045,-79.90392288,42003120300
0173F00306000000,7305 SOMERSET ST,SINGLE FAMILY,RESIDENTIAL,Private,Lincoln-Lemington-Belmar,R1D-L,40.46794616022329,-79.89125248,42003561900
0119S00176000000,5411 BUTLER ST,SINGLE FAMILY,RESIDENTIAL,Private,Upper Lawrenceville,RIV-MU,40.48324599566214,-79.95098014,42003101100
0019D00247000000,14 WABASH ST,RETL/APT'S OVER,COMMERCIAL,Private,West End,LNC,40.441175161421754,-80.03525031,42003562600
0060C00149000000,1206 AMANDA ST,SINGLE FAMILY,RESIDENTIAL,City,Carrick,R1D-H,40.403878921655476,-79.98946393,42003290200
0077G00167000000,139 CHICAGO ST,SINGLE FAMILY,RESIDENTIAL,Private,Northview Heights,R1D-L,40.47745238,-80.00476185,42003261300
0174A00233000000,0 HERMITAGE ST,VACANT LAND,RESIDENTIAL,City,Homewood North,R2-L,40.461062907749984,-79.89804263,42003130700
0172R00172000000,124 BROADCREST DR,SINGLE FAMILY,RESIDENTIAL,Private,Lincoln-Lemington-Belmar,R1D-L,40.47458588329208,-79.88850409,42003561900
0047R00131000000,1454 FIRTH ST,VACANT LAND,RESIDENTIAL,Private,Spring Hill-City View,H,40.46372533388235,-79.98760827,42003262000
8000T00197000000,1800 WHITED ST,MOBILE HOME (IN PARK),RESIDENTIAL,Private,Brookline,P,40.395629756326635,-79.99886163,42003320600
0014P00220000000,331 BAUSMAN ST,SINGLE FAMILY,RESIDENTIAL,Private,Knoxville,R1D-H,40.414453444408565,-79.99446478,42003300100
0124G00186000000,7 DICK ST,SINGLE FAMILY,RESIDENTIAL,Private,Lincoln-Lemington-Belmar,RM-M,40.469227688430664,-79.90719991,42003120300
0062A00092000000,2809 NEELD AVE,FOUR FAMILY,RESIDENTIAL,Private,Beechview,R1D-M,40.40242906041745,-80.03151511,42003192000
0015C00142000000,89 WESTWOOD ST,SINGLE FAMILY,RESIDENTIAL,Private,Mount Washington,R1D-H,40.42327400182866,-80.00567692,42003191500
0128J00085000000,158 WESTLAND DR,SINGLE FAMILY,RESIDENTIAL,Private,Squirrel Hill South,R1D-L,40.427740285283456,-79.91508948,42003141400
0174F00243000000,7218 RACE ST,SINGLE FAMILY,RESIDENTIAL,Private,Homewood North,R2-L,40.45846064287643,-79.89490465,42003130200
0174R00083000000,0 KELLY ST,VACANT LAND,RESIDENTIAL,City,Homewood South,RM-M,40.45439534189535,-79.89082787,42003130800
0015L00201000000,120 SYLVANIA AVE,SINGLE FAMILY,RESIDENTIAL,Private,Beltzhoover,R2-H,40.41712261022188,-80.00503874,42003562400
0071F00257000000,3840 CHARTIERS AVE,SMALL DETACHED RET(UNDER 10000),COMMERCIAL,Private,Windgap,LNC,40.45884889998986,-80.07654026,42003563000
0013R00100000000,325 ROTHMAN ST,SINGLE FAMILY,RESIDENTIAL,Private,Arlington,R2-L,40.41398065732654,-79.97276846,42003161000
0023E00322000000,712 ARMANDALE ST,ROWHOUSE,RESIDENTIAL,Private,Central Northside,R1A-VH,40.458133410780285,-80.01545694,42003565100
0087P00094000000,3605 BEECHWOOD BLVD,TWO FAMILY,RESIDENTIAL,Private,Greenfield,R2-M,40.42547765879743,-79.9271323,42003151700
0054J00190000000,334 SALINE ST,SINGLE FAMILY,RESIDENTIAL,Private,Greenfield,R1D-H,40.427251296476925,-79.947098,42003151600
0029C00225000000,3233 WARD ST,ROWHOUSE,RESIDENTIAL,Private,South Oakland,R1A-H,40.43174773941248,-79.95562985,42003040900
0185S00003000000,924 BALTIMORE ST,SINGLE FAMILY,RESIDENTIAL,Private,Lincoln Place,R1D-L,40.36643336335122,-79.92026487,42003310200
0013R00175000000,2513 WIESE ST,SINGLE FAMILY,RESIDENTIAL,Private,Arlington,R2-L,40.41491321362837,-79.97109519,42003161000
0004J00242000000,119 BANGOR ST,SINGLE FAMILY,RESIDENTIAL,Private,Mount Washington,R1D-H,40.42607221297956,-80.01246731,42003191400
0060B00189000000,202 NOBLES LN,SINGLE FAMILY,RESIDENTIAL,Private,Carrick,R2-L,40.40281912755513,-79.994139,42003290100
0048A00286000000,2115 STRAUBS LN,SINGLE FAMILY,RESIDENTIAL,City,Troy Hill,R1D-H,40.469872490452545,-79.97894051,42003241300
0026E00189000000,1210 HERRON AVE,SINGLE FAMILY,RESIDENTIAL,Private,Polish Hill,H,40.458795056648185,-79.96542538,42003060500
0001G00151000000,34 BLVD OF THE ALLIES,OFFICE-ELEVATOR -3 + STORIES,COMMERCIAL,Private,Central Business District,GT-D,40.43966558219278,-80.00659085,42003020100
0049B00301002100,256 44TH ST,CONDO DEVELOPMENTAL LAND,RESIDENTIAL,Private,Central Lawrenceville,R1A-H,,,
0004J00082000000,604 ENNIS ST,SINGLE FAMILY,RESIDENTIAL,Private,Mount Washington,P,40.426835353884854,-80.01519125,42003191400
0015F00107000000,723 BOGGS AVE,SINGLE FAMILY,RESIDENTIAL,Private,Mount Washington,R1D-H,40.419082857982595,-80.01161768,42003191500
0076J00258000000,3144 FREDERICK ST,SINGLE FAMILY,RESIDENTIAL,Private,Marshall-Shadeland,R1A-VH,40.47494182518555,-80.0310714,42003271600
0035C00274000000,1424 ROCKLAND AVE,SINGLE FAMILY,RESIDENTIAL,Private,Beechview,R1D-H,40.41244065806979,-80.02044552,42003191600
0014A00070000000,424 KINGSBORO ST,SINGLE FAMILY,RESIDENTIAL,Private,Beltzhoover,R2-H,40.421562180933165,-79.99945924,42003562400
0133P00092000000,4812 PLAPORT ST,SINGLE FAMILY,RESIDENTIAL,Private,Lincoln Place,R1D-L,40.37552232933142,-79.91138829,42003310200
COMMON GROUND, ,,,Private,South Side Flats,RIV-MU,40.539822654495715,-80.15236925,42003563800
0050K00361000000,5139 PENN AVE,OFFICE/APARTMENTS OVER,COMMERCIAL,Private,Garfield,LNC,40.46500039564188,-79.94135553,42003101900
0026D00038000B00,4510 IDALINE ST,SINGLE FAMILY,RESIDENTIAL,Private,Bloomfield,R2-VH,40.46160799883998,-79.95250284,42003080200
0014F00273000000,828 CLIMAX ST,SINGLE FAMILY,RESIDENTIAL,Private,Allentown,R1D-H,40.41988393528033,-79.99254118,42003180300
0005C00095000000,444 ONEIDA ST,TWO FAMILY,RESIDENTIAL,Private,Duquesne Heights,R1D-M,40.431499483225565,-80.02141367,42003191100
0057G00283000000,216 GLENWOOD AVE,ROWHOUSE,RESIDENTIAL,Private,Hazelwood,R1A-H,40.40149337166786,-79.93860138,42003562300
0035K00214000000,1817 BROADWAY AVE,SINGLE FAMILY,RESIDENTIAL,Private,Beechview,R1D-H,40.40705342918746,-80.02652495,42003192000
0053D00194000000,5285 FORBES AVE,SINGLE FAMILY,RESIDENTIAL,Private,Squirrel Hill North,R1D-L,40.44110614691146,-79.93567693,42003140100
0028P00158000000,3221 NIAGARA ST,ROWHOUSE,RESIDENTIAL,Private,South Oakland,R1A-VH,40.43458880088745,-79.96027538,42003040900
0175D00296000000,620 SINGER PL,SINGLE FAMILY,RESIDENTIAL,Private,East Hills,RM-M,40.451878845285705,-79.88322963,42003130600
0081B00193000000,5604 MCCANDLESS AVE,SINGLE FAMILY,RESIDENTIAL,Private,Stanton Heights,R1D-L,40.48117110274518,-79.94272644,42003101800
0028G00095000000,226 MEYRAN AVE,RETL/APT'S OVER,COMMERCIAL,Private,Central Oakland,UC-E,40.439690174080596,-79.95756485,42003040500
0049G00186000000,4215 GENEVA ST,SINGLE FAMILY,RESIDENTIAL,Private,Central Lawrenceville,R1A-H,40.46757817950807,-79.95545869,42003090200
0051E00227020300,622 GROSS ST,CONDOMINIUM,RESIDENTIAL,Private,Bloomfield,R2-H,40.458101872443926,-79.94638404,42003080400
0015M00012000000,201 CEDARHURST ST,SINGLE FAMILY,RESIDENTIAL,Private,Beltzhoover,R2-H,40.41835445145267,-80.00351922,42003562400
0124R00353000000,6624 ROWAN ST,SINGLE FAMILY,RESIDENTIAL,Private,Lincoln-Lemington-Belmar,RM-M,40.46469943480709,-79.90395179,42003120300
0097M00080000000,2830 SUSSEX AVE,SINGLE FAMILY,RESIDENTIAL,Private,Brookline,H,40.38731490193338,-80.01763853,42003191800
0135H00132000000,618 CALERA ST,SINGLE FAMILY,RESIDENTIAL,Private,Hays,R2-L,40.38213570287385,-79.93351847,42003565300
0071F00317000000,3838 MERLE ST,SMALL DETACHED RET(UNDER 10000),COMMERCIAL,Private,Windgap,LNC,40.45844698949327,-80.07695889,42003563000
0025N00080041600,2434 SMALLMAN ST,CONDOMINIUM,RESIDENTIAL,Private,Strip District,RIV-IMU,40.454071550601135,-79.98081891,42003020300
0027H00244000000,144 N CRAIG ST,OWNED BY BOARD OF EDUCATION,GOVERNMENT,Private,North Oakland,RM-VH,40.44884320057308,-79.94954042,42003040400
0003M00270000000,133 S 13TH ST,ROWHOUSE,RESIDENTIAL,Private,South Side Flats,R1A-VH,40.426197261392424,-79.98501892,42003170200
0047G00312000000,1501 MANDLIN WAY,SINGLE FAMILY,RESIDENTIAL,Private,Spring Hill-City View,H,40.46920943339593,-79.98860293,42003262000
0010R00024000000,2424 REED ST,TWO FAMILY,RESIDENTIAL,Private,Terrace Village,RM-M,40.44502333,-79.9710173,42003051000
0015F00183000000,209 BOGGSTON AVE,SINGLE FAMILY,RESIDENTIAL,Private,Beltzhoover,H,40.41875350885773,-80.00889504,42003562400
0035B00157000000,1417 RUTHERFORD AVE,SINGLE FAMILY,RESIDENTIAL,Private,Beechview,R1D-H,40.413454843029996,-80.02642907,42003191600
0002H00262000000,23 VINE ST,SINGLE FAMILY,RESIDENTIAL,Private,Crawford-Roberts,RM-M,40.439496842727095,-79.98421495,42003030500
0175D00191000000,7900 HAMILTON AVE,SINGLE FAMILY,RESIDENTIAL,Private,Homewood South,RM-M,40.45167268103757,-79.88556789,42003130800
0054N00161000000,7 MUSGRAVE ST,SINGLE FAMILY,RESIDENTIAL,Private,Greenfield,H,40.424402460150866,-79.94683064,42003151600
0014G00118000000,953 FREELAND ST,SINGLE FAMILY,RESIDENTIAL,Private,Allentown,R1D-H,40.41940648203927,-79.98860039,42003180300
0021E00088000000,1007 POWELL AVE,SINGLE FAMILY,RESIDENTIAL,Private,Esplen,RIV-MU,40.457869360851745,-80.04585891,42003562500
0174H00121000000,1076 BLACKADORE ST,SINGLE FAMILY,RESIDENTIAL,Private,Homewood North,R2-L,40.458518453659046,-79.88289203,42003130700
0028A00150000000,234 DUNSEITH ST,SINGLE FAMILY,RESIDENTIAL,Private,West Oakland,R1A-VH,40.44157853640939,-79.964752,42003040200
0003M00391000000,1116 SARAH ST,THREE FAMILY,RESIDENTIAL,Private,South Side Flats,R1A-VH,40.42756187320767,-79.986822,42003170200
0076N00299000000,3011 VENSEL WAY,SINGLE FAMILY,RESIDENTIAL,Private,Marshall-Shadeland,R1D-H,40.47223042542088,-80.02914269,42003271600
0010H00154000000,566 FRANCIS ST,TWO FAMILY,RESIDENTIAL,Private,Middle Hill,RM-M,40.44903003269671,-79.96821791,42003050100
0001J00052000000,636 GRANDVIEW AVE,TOWNHOUSE,RESIDENTIAL,Private,Mount Washington,GPRA,40.43603636562849,-80.01432607,42003190300
0056R00302000000,343 JOHNSTON AVE,SINGLE FAMILY,RESIDENTIAL,Private,Hazelwood,R1D-M,40.406236186527785,-79.93838284,42003562300
0173R00062000000,1411 OBERLIN ST,SINGLE FAMILY,RESIDENTIAL,Private,Lincoln-Lemington-Belmar,R1D-L,40.463653632234774,-79.89027055,42003561900
0056P00207000000,5247 2ND AVE,SINGLE FAMILY,RESIDENTIAL,Private,Hazelwood,R1A-H,40.404794102784265,-79.94231752,42003562300
0047C00244000000,39 SCHUBERT ST,SINGLE FAMILY,RESIDENTIAL,City,Spring Garden,H,40.47112634723445,-79.98798392,42003241300
0012M00163000000,98 S 26TH ST,ROWHOUSE,RESIDENTIAL,Private,South Side Flats,R2-VH,40.426359045338614,-79.96909937,42003160900
0076A00151000000,3501 CAMPUS ST,SINGLE FAMILY,RESIDENTIAL,Private,Brighton Heights,R1D-M,40.47965807805368,-80.0295861,42003270800
0022G00115000000,1900 SAINT IVES ST,RETL/APT'S OVER,COMMERCIAL,Private,California-Kirkbride,R1A-M,40.45952861,-80.02254138,42003565200
0003H00082000000,84 S 16TH ST,SINGLE FAMILY,RESIDENTIAL,Private,South Side Flats,LNC,40.42918042582052,-79.98290562,42003170200
0019B00241000000,1004 HERSCHEL ST,SINGLE FAMILY,RESIDENTIAL,Private,Elliott,R1D-L,40.44188004104296,-80.04452395,42003562600
0042C00186000000,214 RADCLIFFE ST,SINGLE FAMILY,RESIDENTIAL,Private,Esplen,R1D-H,40.46240295037152,-80.05545943,42003562500
0027D00011000000,278 N BELLEFIELD AVE,SINGLE FAMILY,RESIDENTIAL,Private,North Oakland,RM-VH,40.45062813672183,-79.95345605,42003562000
0055C00128000000,4236 WINTERBURN AVE,SINGLE FAMILY,RESIDENTIAL,Private,Greenfield,R1D-M,40.422072207764934,-79.94016588,42003151600
0174F00091000000,7334 HERMITAGE ST,SINGLE FAMILY,RESIDENTIAL,Private,Homewood North,R2-L,40.45919648475725,-79.89168562,42003130200
0094K00158000000,153 SPENCER AVE,SINGLE FAMILY,RESIDENTIAL,Private,Carrick,R1D-L,40.387421280733605,-79.9767412,42003290400
0016K00095000000,1211 METHYL ST,SINGLE FAMILY,RESIDENTIAL,Private,Beechview,R1D-H,40.416751014574906,-80.02570038,42003191600
0040H00269000000,1482 ARNOLD ST,SINGLE FAMILY,RESIDENTIAL,Private,Crafton Heights,R2-L,40.44021829,-80.05045389,42003281500
0014F00046000000,203 WALTER ST,SINGLE FAMILY,RESIDENTIAL,Private,Allentown,R1D-H,40.42066384263143,-79.99447017,42003180300
0015R00202000000,712 GEARING AVE,SINGLE FAMILY,RESIDENTIAL,Private,Beltzhoover,R2-H,40.416052218389176,-80.00508886,42003562400
0035F00112000000,1609 BELASCO AVE,SINGLE FAMILY,RESIDENTIAL,Private,Beechview,R1D-H,40.41002677277735,-80.02715034,42003191600
0004S00208000000,402 EUREKA ST,SINGLE FAMILY,RESIDENTIAL,Private,Mount Washington,R1D-H,40.42362809081012,-80.00074759,42003180700
0119S00096000000,5424 BUTLER ST,"RESTAURANT, CAFET AND/OR BAR",COMMERCIAL,Private,Upper Lawrenceville,LNC,40.48313386644163,-79.95033356,42003101100
0006K00009000000,479 BRADLEY ST,SINGLE FAMILY,RESIDENTIAL,Private,Duquesne Heights,P,40.436315371469625,-80.02887378,42003191100
0062C00001000000,2119 SHIRAS AVE,SINGLE FAMILY,RESIDENTIAL,Private,Beechview,R1D-M,40.404024365309795,-80.02426098,42003192000
0015A00230000000,3 LELIA ST,SINGLE FAMILY,RESIDENTIAL,Private,Mount Washington,R1D-H,40.421973153830315,-80.0119613,42003191500
0119S00079000000,5433 CARNEGIE ST,ROWHOUSE,RESIDENTIAL,Private,Upper Lawrenceville,R1A-VH,40.48305741043629,-79.94963891,42003101100
0014R00104000000,139 ROCHELLE ST,SINGLE FAMILY,RESIDENTIAL,Private,Knoxville,R1D-H,40.41532442079636,-79.98997937,42003300100
0124P00277000000,532 LOWELL ST,SINGLE FAMILY,RESIDENTIAL,Private,Larimer,R1D-H,40.46302107213594,-79.90942176,42003120900
0014G00270000000,950 MANTON WAY,SINGLE FAMILY,RESIDENTIAL,Private,Allentown,R1D-H,40.42111554316736,-79.99012184,42003180300
0120G00103000000,6066 BUTLER ST,SINGLE FAMILY,RESIDENTIAL,Private,Stanton Heights,H,40.48636549152917,-79.93910405,42003101800
0020L00164000000,1019 VALONIA ST,SINGLE FAMILY,RESIDENTIAL,Private,Elliott,R1D-H,40.44681134334986,-80.0376561,42003562600
0086C00032000000,5744 WOODMONT ST,SINGLE FAMILY,RESIDENTIAL,Private,Squirrel Hill North,R2-L,40.44193180728416,-79.92380931,42003140300
0027E00138000000,518 LANDLEISS PL,SINGLE FAMILY,RESIDENTIAL,Private,Upper Hill,R2-L,40.44946752301648,-79.96418085,42003050600
0231J00308000000,8125 FRANKSTOWN AVE,SINGLE FAMILY,RESIDENTIAL,Private,Homewood North,R2-L,40.455551211971674,-79.88221419,42003130700
0014K00113000000,308 ORCHARD PL,SINGLE FAMILY,RESIDENTIAL,Private,Knoxville,R1D-H,40.41777293159621,-79.99367603,42003300100
0027B00140000000,809 ANAHEIM ST,VACANT LAND,RESIDENTIAL,Private,Upper Hill,R2-L,40.452039242451235,-79.9602046,42003050600
0124P00001000000,523 PAULSON AVE,SINGLE FAMILY,RESIDENTIAL,Private,Larimer,R1A-H,40.46386336891632,-79.91187443,42003120900
0094A00073000000,218 MADELINE ST,SINGLE FAMILY,RESIDENTIAL,Private,Carrick,R1D-H,40.393159451231845,-79.9817397,42003290200
0027B00174000000,772 ANAHEIM ST,SINGLE FAMILY,RESIDENTIAL,Private,Upper Hill,R2-L,40.45192394282903,-79.96090906,42003050600
0175D00178000000,7907 INGLENOOK PL,ROWHOUSE,RESIDENTIAL,Private,Homewood South,RM-M,40.451416508460014,-79.88545474,42003130800
0013N00253000000,0 PARKWOOD RD,VACANT LAND,RESIDENTIAL,City,Mt. Oliver,R1D-M,40.413986141152165,-79.98002323,42003161000
0004L00157000000,77 WYOMING ST,SINGLE FAMILY,RESIDENTIAL,Private,Mount Washington,R2-H,40.428104785453435,-80.00614259,42003191400
0033G00035000000,630 BROWNSVILLE RD,FAST FOOD/DRIVE THRU WINDOW,COMMERCIAL,Private,Knoxville,LNC,40.41016389946896,-79.99082063,42003300100
0174G00396000000,7425 HERMITAGE ST,VACANT LAND,RESIDENTIAL,Private,Homewood North,RM-M,40.45915971176634,-79.88994032,42003130700
0139H00307000000,2634 LIBRARY RD,SINGLE FAMILY,RESIDENTIAL,Private,Overbrook,HC,40.379951220921114,-80.00092678,42003320700
0052D00025000000,711 SAINT JAMES ST,SINGLE FAMILY,RESIDENTIAL,Private,Shadyside,R2-M,40.45126851787428,-79.93679694,42003070300
0004P00243000000,415 GRIFFIN ST,SINGLE FAMILY,RESIDENTIAL,Private,Mount Washington,R2-H,40.42401264049392,-80.0100349,42003191500
0030N00105000000,308 BASSLER ST,SINGLE FAMILY,RESIDENTIAL,Private,Arlington,R2-L,40.41477594417805,-79.96499841,42003161000
0049A00271000000,146 ALMOND WAY,ROWHOUSE,RESIDENTIAL,Private,Central Lawrenceville,RIV-IMU,40.470376390250486,-79.96366634,42003090100
0049N00034000A00,3512 LEECH ST,ROWHOUSE,RESIDENTIAL,Private,Lower Lawrenceville,R1A-H,40.46455146200548,-79.96497328,42003060300
0021J00030000000,328 HAMMOND ST,SINGLE FAMILY,RESIDENTIAL,Private,Sheraden,H,40.456330405953885,-80.04935199,42003562500
0012S00028000000,2722 SARAH ST,ROWHOUSE,RESIDENTIAL,Private,South Side Flats,R2-VH,40.42556247752615,-79.9668989,42003160900
0029C00334000000,20 DAWSON CT,ROWHOUSE,RESIDENTIAL,Private,South Oakland,R1A-VH,40.43148364700751,-79.95454723,42003040900
0049G00187000C00,4219 GARWOOD WAY,ROWHOUSE,RESIDENTIAL,Private,Central Lawrenceville,R1A-H,40.46772885,-79.95547984,42003090200
0045A00313000000,2817 BREKER ST,SINGLE FAMILY,RESIDENTIAL,Private,Marshall-Shadeland,R1D-H,40.47056155863142,-80.02950046,42003271600
0134N00150000000,74 LEBANON RD,SINGLE FAMILY,RESIDENTIAL,Private,Hays,P,40.37601027113596,-79.92868873,42003565300
0174H00080000000,8013 FERNDALE ST,TWO FAMILY,RESIDENTIAL,Private,Homewood North,R2-L,40.45943406800589,-79.88395576,42003130700
0024C00152000000,1234 HIGH ST,ROWHOUSE,RESIDENTIAL,Private,Spring Garden,R1D-M,40.461136526105854,-79.99053199,42003241300
0083R00201000000,208 N HIGHLAND AVE,RETL/APT'S OVER,COMMERCIAL,Private,East Liberty,UNC,40.462753042182655,-79.92394395,42003111500
0075L00279000000,3328 FLEMING AVE,SINGLE FAMILY,RESIDENTIAL,Private,Brighton Heights,R1A-H,40.476150877112566,-80.03769525,42003270300
0024F00131000000,1008 SALTER WAY,SINGLE FAMILY,RESIDENTIAL,Private,Spring Garden,R1A-VH,40.458574777675814,-79.99452787,42003241300
0035E00056000000,1602 NAPOLEON ST,SINGLE FAMILY,RESIDENTIAL,Private,Beechview,R1D-M,40.41029776505221,-80.02950799,42003191600
0033B00077000000,105 REDLYN ST,SINGLE FAMILY,RESIDENTIAL,Private,Knoxville,R1D-H,40.41314398055089,-79.99116189,42003300100
0033B00099000000,118 REDLYN ST,SINGLE FAMILY,RESIDENTIAL,Private,Knoxville,R1D-H,40.412804432482595,-79.9916793,42003300100
0049P00362000A00,353 MANION WAY,SINGLE FAMILY,RESIDENTIAL,Private,Lower Lawrenceville,R1A-H,40.462758434954225,-79.95980726,42003060300
0138K00061000000,192 PROVOST RD,RETL/OFF OVER,COMMERCIAL,Private,Overbrook,NDI,40.37842540890495,-79.99408968,42003320700
0056P00013000A00,5204 LYTLE ST,ROWHOUSE,RESIDENTIAL,City,Hazelwood,GI,40.40490742009261,-79.94524444,42003562901
0080D00133000000,5221 NATRONA WAY,SINGLE FAMILY,RESIDENTIAL,Private,Upper Lawrenceville,R1A-VH,40.48018287576717,-79.95292916,42003101100
0107M00021000000,2055 BROADHEAD FORDING RD,SINGLE FAMILY,RESIDENTIAL,Private,Fairywood,R1D-L,40.44697910723646,-80.08360354,42003563000
0232A00303000000,587 SEAGIRT ST,SINGLE FAMILY,RESIDENTIAL,Private,East Hills,RM-M,40.45150360999955,-79.8793176,42003130600
0056J00222000000,201 W ELIZABETH ST,TWO FAMILY,RESIDENTIAL,Private,Hazelwood,R1A-VH,40.40672122843628,-79.9463728,42003562901
0010H00249000000,520 MORGAN ST,SINGLE FAMILY,RESIDENTIAL,Private,Middle Hill,RM-M,40.44836981017596,-79.96686051,42003050100
0003S00062000000,33 HACKSTOWN ST,SINGLE FAMILY,RESIDENTIAL,Private,South Side Slopes,H,40.42422473991811,-79.98470458,42003170600
0012L00287000000,2420 CAREY WAY,ROWHOUSE,RESIDENTIAL,Private,South Side Flats,R1A-VH,40.427416676126214,-79.97046743,42003160900
0027B00166000000,748 ANAHEIM ST,SINGLE FAMILY,RESIDENTIAL,Private,Upper Hill,R2-L,40.45212385,-79.96150911,42003050600
0052E00243000000,618 CLYDE ST,APART: 5-19 UNITS,COMMERCIAL,Private,Shadyside,RM-H,40.44819036700436,-79.94646347,42003070900
0020P00065000A00,1020 STEUBEN ST,ROWHOUSE,RESIDENTIAL,Private,Elliott,R2-H,40.443429217844496,-80.04297113,42003562600
0077B00213000000,96 WATSON BLVD,SINGLE FAMILY,RESIDENTIAL,Private,Perry North,R1D-L,40.480119130251914,-80.00932036,42003260700
0133J00285000000,937 GOLDENROD ST,SINGLE FAMILY,RESIDENTIAL,Private,Lincoln Place,R1D-L,40.37969475966807,-79.9138864,42003310200
0045M00026000000,2448 SNYDER ST,SINGLE FAMILY,RESIDENTIAL,Private,Perry South,H,40.46646773597622,-80.02024303,42003261500
0056R00003000000,224 JOHNSTON AVE,SINGLE FAMILY,RESIDENTIAL,Private,Hazelwood,R1A-H,40.40634494149953,-79.94085345,42003562300
0080G00090000A00,4926 BLACKBERRY WAY,SINGLE FAMILY,RESIDENTIAL,Private,Central Lawrenceville,LNC,40.477890711836054,-79.95661278,42003090100
0172R00164000000,7139 VERONA BLVD,SINGLE FAMILY,RESIDENTIAL,Private,Lincoln-Lemington-Belmar,R1D-L,40.474588582452746,-79.88773631,42003561900
0115H00095000000,121 HEMPHILL ST,SINGLE FAMILY,RESIDENTIAL,Private,Perry North,R1D-M,40.48837903279621,-80.01819304,42003260200
0028M00111000000,3444 DAWSON ST,THREE FAMILY,RESIDENTIAL,Private,Central Oakland,R1A-H,40.435831636779035,-79.95256307,42003040600
0030A00307000000,3118 JANE ST,SINGLE FAMILY,RESIDENTIAL,Private,South Side Slopes,R2-L,40.42212068130313,-79.96337871,42003160800
0173N00202000000,7053 CHAUCER ST,SINGLE FAMILY,RESIDENTIAL,City,Homewood North,R2-L,40.46358170159699,-79.89703461,42003130700
0056C00076000000,417 FLOWERS AVE,SINGLE FAMILY,RESIDENTIAL,Private,Hazelwood,R1D-H,40.41217627773593,-79.93714582,42003562300
0095C00115000000,203 W WOODFORD AVE,SINGLE FAMILY,RESIDENTIAL,Private,Carrick,R2-L,40.39310425615486,-79.98918885,42003290100
0015B00141000000,618 BOGGS AVE,SINGLE FAMILY,RESIDENTIAL,Private,Mount Washington,R1D-H,40.42121060811074,-80.01079245,42003191500
0023D00183000000,11 CARRIE ST,BARS,COMMERCIAL,Private,Fineview,R1D-H,40.46143756289002,-80.00213624,42003250900
0015L00224000000,509 MONTOOTH ST,SINGLE FAMILY,RESIDENTIAL,Private,Beltzhoover,R2-H,40.418026069625384,-80.00578925,42003562400
0028A00159000000,216 DUNSEITH ST,SINGLE FAMILY,RESIDENTIAL,Private,West Oakland,R1A-VH,40.44099653365794,-79.96468819,42003040200
0014A00183000000,614 EDGEMONT ST,SINGLE FAMILY,RESIDENTIAL,Private,Allentown,R1D-H,40.422230204262824,-79.99676002,42003180300
0003S0021800C500,1 PIUS ST,CONDOMINIUM,RESIDENTIAL,Private,South Side Slopes,H,40.42502688709595,-79.98429389,42003170600
0080N00144000200,109 43RD HALF ST,ROWHOUSE,RESIDENTIAL,Private,Central Lawrenceville,R1A-VH,40.47318548602173,-79.96272336,42003090100
0023G00100000000,1448 LORAINE ST,ROWHOUSE,RESIDENTIAL,Private,Central Northside,R1A-VH,40.458772098390696,-80.00608897,42003565100
0026H00130000B00,728 EDMOND ST,SINGLE FAMILY,RESIDENTIAL,Private,Bloomfield,R2-VH,40.458194936243075,-79.95059766,42003080200
0025F0017700E400,2901 SMALLMAN ST,CONDOMINIUM,RESIDENTIAL,Private,Strip District,RIV-IMU,40.45881706184753,-79.97480498,42003020300
0051E00025000000,520 S MATHILDA ST,SINGLE FAMILY,RESIDENTIAL,Private,Bloomfield,R1A-H,40.459505605587616,-79.94786252,42003080200
0054N00099000000,10 TUNSTALL ST,SINGLE FAMILY,RESIDENTIAL,Private,Greenfield,H,40.42477421020468,-79.94840984,42003151600
0083J00037000000,5471 ROSETTA ST,SINGLE FAMILY,RESIDENTIAL,Private,Garfield,R2-H,40.46677008977208,-79.9321869,42003111400
0011A00209000000,0 WICK ST,VACANT LAND,RESIDENTIAL,City,Crawford-Roberts,RM-M,40.44079176501038,-79.97999984,42003030500
0050M00055000A00,5332 BROWN WAY,SINGLE FAMILY,RESIDENTIAL,Private,Garfield,R1D-H,40.466738582065055,-79.93680876,42003101900
0042D00335000000,317 STRICKLER ST,SINGLE FAMILY,RESIDENTIAL,Private,Sheraden,H,40.460409459070014,-80.0527919,42003562500
0014G00269000000,948 MANTON WAY,SINGLE FAMILY,RESIDENTIAL,Private,Allentown,R1D-H,40.42111391531933,-79.99021397,42003180300
0060S00216000000,239 E AGNEW AVE,SINGLE FAMILY,RESIDENTIAL,Private,Carrick,R1D-H,40.39656795637602,-79.98296855,42003290200
0096A00111000000,1063 BROOKLINE BLVD,COMM AUX BUILDING,COMMERCIAL,Private,Brookline,LNC,40.39209062875642,-80.01566563,42003191900
0088G00230000000,3159 BEECHWOOD BLVD,ROWHOUSE,RESIDENTIAL,Private,Squirrel Hill South,P,40.419709661534775,-79.92235063,42003141400
0052E00116001E00,537 N NEVILLE ST,CONDOMINIUM,RESIDENTIAL,Private,Shadyside,RM-M,40.449115538448396,-79.94791356,42003070900
0003N00044000000,440 RUXTON ST,SINGLE FAMILY,RESIDENTIAL,Private,Mount Washington,R1D-H,40.42482410418483,-79.99913958,42003180700
0014P00214000000,319 BAUSMAN ST,SINGLE FAMILY,RESIDENTIAL,Private,Knoxville,R1D-H,40.41446827792859,-79.99392449,42003300100
0031E00130000000,987 PARKWOOD RD,SINGLE FAMILY,RESIDENTIAL,Private,Arlington,P,40.41102554538241,-79.96592529,42003161000
0015K00165000000,53 LAFFERTY AVE,SINGLE FAMILY,RESIDENTIAL,Private,Beltzhoover,R2-H,40.41773810376236,-80.00815199,42003562400
0014F00162000000,913 INDUSTRY ST,SINGLE FAMILY,RESIDENTIAL,Private,Allentown,R1D-H,40.42098945319473,-79.99128711,42003180300
0174R00260000000,7713 KELLY ST,SINGLE FAMILY,RESIDENTIAL,Private,Homewood South,LNC,40.45370587834374,-79.8883006,42003130800
0127J00191000000,6648 BEACON ST,SINGLE FAMILY,RESIDENTIAL,Private,Squirrel Hill South,R2-L,40.43601881,-79.91335155,42003140800
0047J00245000000,94 OVERBECK ST,SINGLE FAMILY,RESIDENTIAL,Private,Spring Hill-City View,H,40.46492371310404,-79.99733379,42003262000
0050G00060000000,5197 ROSETTA ST,VACANT LAND,RESIDENTIAL,Private,Garfield,R1D-H,40.46781222117001,-79.93944018,42003101900
0012M00197000000,106 S 26TH ST,ROWHOUSE,RESIDENTIAL,Private,South Side Flats,R1A-VH,40.42611932,-79.96919592,42003160900
0055S00196000000,521 INDUS ST,SINGLE FAMILY,RESIDENTIAL,Private,Hazelwood,H,40.41523352861117,-79.93531713,42003562300
0026F00348000000,3630 RIDGWAY ST,SINGLE FAMILY,RESIDENTIAL,Private,Upper Hill,R2-L,40.45829345242065,-79.95789885,42003050600
0080G00241000000,5130 CARNEGIE ST,ROWHOUSE,RESIDENTIAL,Private,Upper Lawrenceville,R1A-VH,40.478512858646006,-79.9540939,42003101100
0175D00179000000,7905 INGLENOOK PL,ROWHOUSE,RESIDENTIAL,Private,Homewood South,RM-M,40.45143160225461,-79.88551462,42003130800
0014D00265000000,2427 S 18TH ST,SMALL DETACHED RET(UNDER 10000),COMMERCIAL,Private,South Side Slopes,LNC,40.421627102350485,-79.98364767,42003170600
0174B00287000000,7215 KEDRON ST,SINGLE FAMILY,RESIDENTIAL,Private,Homewood North,R2-L,40.46083784865488,-79.89415587,42003130200
0013L00068000000,2324 SALISBURY ST,SINGLE FAMILY,RESIDENTIAL,Private,South Side Slopes,R1D-H,40.41864281815631,-79.97299791,42003160800
0014K00100000000,336 ORCHARD PL,SINGLE FAMILY,RESIDENTIAL,Private,Knoxville,R1D-H,40.41774196934646,-79.99483677,42003300100
0006L00299000000,212 PLYMOUTH ST,SINGLE FAMILY,RESIDENTIAL,Private,Duquesne Heights,R1D-M,40.43591246695427,-80.02145926,42003191100
0014K00086000000,323 ORCHARD PL,SINGLE FAMILY,RESIDENTIAL,Private,Knoxville,R1D-H,40.418174041270134,-79.99426767,42003300100
0052A00297000000,4708 BAYARD ST,TOWNHOUSE,RESIDENTIAL,Private,Shadyside,RM-M,40.450284606928555,-79.94826308,42003070900
0081A00044000000,5308 DUNCAN ST,TOWNHOUSE,RESIDENTIAL,Private,Upper Lawrenceville,R1A-VH,40.48005245786336,-79.94902914,42003101100
0120K00184000000,5726 BUTLER ST,ROWHOUSE,RESIDENTIAL,Private,Stanton Heights,UI,40.48536526369699,-79.94508203,42003101800
0026P00162000000,732 ADELAIDE ST,SINGLE FAMILY,RESIDENTIAL,Private,Upper Hill,R2-L,40.453804770281636,-79.96004109,42003050600
0047R00132000000,1454 FIRTH ST,SINGLE FAMILY,RESIDENTIAL,Private,Spring Hill-City View,H,40.46365891726574,-79.98765978,42003262000
0013F00175000000,1404 FERNLEAF ST,SINGLE FAMILY,RESIDENTIAL,City,South Side Slopes,R1D-H,40.41905777336838,-79.97586182,42003160800
0035D00080000000,1411 WESTFIELD ST,SINGLE FAMILY,RESIDENTIAL,Private,Beechview,R1D-H,40.41273274534178,-80.01902991,42003191600
0232C00118000000,2060 SONNY ST,SINGLE FAMILY,RESIDENTIAL,Private,East Hills,R1D-L,40.45109353684278,-79.87208848,42003130600
0023K00124000100,1243 PALO ALTO ST,SINGLE FAMILY,RESIDENTIAL,Private,Central Northside,R1A-H,40.45641234036791,-80.01143314,42003565100
0013P00009000A00,2125 JONQUIL WAY,SINGLE FAMILY,RESIDENTIAL,Private,Arlington,R2-L,40.41611906711072,-79.9765678,42003161000
0014K00101000000,334 ORCHARD PL,SINGLE FAMILY,RESIDENTIAL,Private,Knoxville,R1D-H,40.41774427350721,-79.99474882,42003300100
0025P00012000000,2608 PENN AVE,MUNICIPAL GOVERNMENT,GOVERNMENT,City,Strip District,RIV-IMU,40.454918292281455,-79.97799381,42003020300
0046J00334000000,2222 WILSON AVE,SINGLE FAMILY,RESIDENTIAL,City,Perry South,R1D-H,40.46559099176593,-80.01260858,42003261400
0054J00109000000,321 FOUR MILE RUN RD,SINGLE FAMILY,RESIDENTIAL,Private,Greenfield,R1D-H,40.42780828245254,-79.94813746,42003151600
0003H00139000000,1317 E CARSON ST,SMALL DETACHED RET(UNDER 10000),COMMERCIAL,Private,South Side Flats,LNC,40.42914780736226,-79.98457085,42003170200
0027B00185000000,814 ANAHEIM ST,ROWHOUSE,RESIDENTIAL,Private,Upper Hill,R2-L,40.45166625,-79.96015895,42003050600
0173N00116000000,7069 SPIN WAY,SINGLE FAMILY,RESIDENTIAL,Private,Homewood North,R2-L,40.463816614467106,-79.89646731,42003130700
0033J00155000000,124 SCHUCHERT ST,SINGLE FAMILY,RESIDENTIAL,Private,Bon Air,R1D-L,40.40785179479566,-79.99704011,42003562400
0005K00003000000,1459 WOODRUFF ST,VACANT LAND,RESIDENTIAL,Private,Duquesne Heights,UI,40.428291850588266,-80.02475121,42003191100
0033J00163000000,119 SCHUCHERT ST,MOBILE HOME,RESIDENTIAL,Private,Bon Air,R1D-L,40.40817773910062,-79.99728029,42003562400
0059J00010000000,1719 ALPLAUS ST,SINGLE FAMILY,RESIDENTIAL,Private,Carrick,P,40.39897660668991,-79.9813462,42003290200
0049R00282000000,4069 LIBERTY AVE,SINGLE FAMILY,RESIDENTIAL,Private,Bloomfield,NDI,40.46351880191989,-79.95459102,42003090300
0062D00053000000,2031 FAIR AVE,VACANT LAND,RESIDENTIAL,Private,Brookline,H,40.40274040532772,-80.019813,42003191700
0033A00349000000,408 MOORE AVE,SINGLE FAMILY,RESIDENTIAL,Private,Knoxville,R1D-H,40.41182670115824,-79.99538718,42003300100
0095E00058000000,2067 DARTMORE ST,SINGLE FAMILY,RESIDENTIAL,Private,Overbrook,R1D-H,40.38977605611211,-79.99596782,42003320400
0095H00180000000,2218 LUTZ AVE,SINGLE FAMILY,RESIDENTIAL,Private,Carrick,R1D-H,40.39065976814052,-79.98513224,42003290200
0008S00062000000,119 6TH ST,BOWLING ALLEYS/REC FACILITY,COMMERCIAL,Private,Central Business District,GT-C,40.44355354888249,-80.00182298,42003020100
0049B00073000000,147 43RD ST,ROWHOUSE,RESIDENTIAL,Private,Central Lawrenceville,R1A-VH,40.471902981102744,-79.96176355,42003090100
0126M00008000000,303 LEROI RD,SINGLE FAMILY,RESIDENTIAL,Private,Point Breeze,R1D-L,40.4478706,-79.90341946,42003141200
0015F00201000000,192 BOGGSTON AVE,SINGLE FAMILY,RESIDENTIAL,Private,Beltzhoover,R2-H,40.41963431191653,-80.00792193,42003562400
0124F00292000000,1301 WASHINGTON BLVD,WAREHOUSE,INDUSTRIAL,Private,Larimer,UI,40.46729176142052,-79.90959526,42003120900
0011J00168000000,1710 TUSTIN ST,OFFICE - 1-2 STORIES,COMMERCIAL,Private,Bluff,UPR-B,40.43698076502193,-79.98216471,42003010302
0057C00164000000,256 GLENWOOD AVE,ROWHOUSE,RESIDENTIAL,Private,Hazelwood,R1A-H,40.40206212569097,-79.93808869,42003562300
0025C00258000000,3101 LIBERTY AVE,OTHER,INDUSTRIAL,Private,Strip District,RIV-IMU,40.46013903,-79.97038547,42003020300
0049B00377000000,260 45TH ST,ROWHOUSE,RESIDENTIAL,Private,Central Lawrenceville,R1A-H,40.47087403029347,-79.95784408,42003090200
0056R00208000000,326 WINSTON ST,SINGLE FAMILY,RESIDENTIAL,Private,Hazelwood,R1A-H,40.40515675,-79.93820808,42003562300
0014L00173000000,115 CHARLES ST,TWO FAMILY,RESIDENTIAL,Private,Knoxville,R1D-H,40.41682870488929,-79.9890366,42003300100
0003P00270000000,806 EUREKA ST,SINGLE FAMILY,RESIDENTIAL,Private,Allentown,R1D-H,40.423607943383395,-79.99341834,42003180300
0020M00203000000,320 LORENZ AVE,ROWHOUSE,RESIDENTIAL,Private,Elliott,R1D-H,40.44672202,-80.03687936,42003562600
0029M00039000000,4 ACORN ST,SINGLE FAMILY,RESIDENTIAL,Private,Greenfield,R1D-H,40.42659217406954,-79.95027414,42003151600
0057B00087000000,5417 2ND AVE,SINGLE FAMILY,RESIDENTIAL,Private,Hazelwood,R1A-H,40.40257447682455,-79.94123776,42003562300
0012R00166000000,0 ELEANOR ST,VACANT LAND,RESIDENTIAL,Private,South Side Slopes,H,40.423772293779095,-79.97273656,42003160800
0049N00088000A00,3523 PENN AVE,BARS,COMMERCIAL,Private,Lower Lawrenceville,LNC,40.46433000134672,-79.96409175,42003060300
0027B00285000000,758 CHEROKEE ST,ROWHOUSE,RESIDENTIAL,Private,Upper Hill,R2-L,40.45141900936129,-79.96130118,42003050600
0032E00082000000,511 WALDE ST,SINGLE FAMILY,RESIDENTIAL,Private,Mt. Oliver,R1D-M,40.41076101119095,-79.97903786,42003161000
0061S00050000000,2084 WHITED ST,SINGLE FAMILY,RESIDENTIAL,Private,Brookline,R1D-L,40.39634619326978,-80.00251883,42003320600
0032A00176000000,504 ORMSBY AVE,SINGLE FAMILY,RESIDENTIAL,Private,Mt. Oliver,R1D-M,40.41259166264217,-79.97891733,42003161000
0026A00300000000,3340 LIBERTY AVE,FOOD & DRINK PROCESSING,INDUSTRIAL,Private,Lower Lawrenceville,UI,40.46108808579865,-79.96576911,42003060300
0050M00279000000,5433 BROAD ST,GROUP HOME,COMMERCIAL,Private,Garfield,R2-H,40.465604277034686,-79.9343968,42003111400
0055S00056000000,4 TESLA ST,SINGLE FAMILY,RESIDENTIAL,Private,Hazelwood,H,40.41448757,-79.93309309,42003562300
0173G00213000000,7317 SOMERSET ST,VACANT LAND,RESIDENTIAL,Private,Lincoln-Lemington-Belmar,R1D-L,40.467979288674265,-79.89070779,42003561900
0055P00046000000,4614 MONONGAHELA ST,SINGLE FAMILY,RESIDENTIAL,Private,Hazelwood,R1D-H,40.414466757497614,-79.9445424,42003562901
0004P00148000000,221 SOUTHERN AVE,SINGLE FAMILY,RESIDENTIAL,Private,Mount Washington,R2-H,40.42362215064984,-80.01084571,42003191500
0015S00174000000,905 ELDORA PL,SINGLE FAMILY,RESIDENTIAL,Private,Beltzhoover,R2-H,40.41405286443697,-80.0009932,42003562400
0124L00085000000,6521 DEARY ST,SINGLE FAMILY,RESIDENTIAL,Private,Lincoln-Lemington-Belmar,RM-M,40.46686038360437,-79.90492073,42003120300
0075F00037000000,1804 FAIRLEE ST,SINGLE FAMILY,RESIDENTIAL,Private,Brighton Heights,R1A-H,40.479110045898594,-80.04183829,42003270300
0045N00228000000,2329 ATMORE ST,SINGLE FAMILY,RESIDENTIAL,Private,Marshall-Shadeland,R1A-VH,40.463044429837055,-80.03077844,42003271600
0124N00236000000,132 MEADOW ST,SINGLE FAMILY,RESIDENTIAL,Private,Larimer,R1A-H,40.46442932711172,-79.91393593,42003120900
0035E00086000000,1603 CANTON AVE,SINGLE FAMILY,RESIDENTIAL,Private,Beechview,R1D-M,40.41021001722201,-80.02986292,42003191600
0184F00102000000,1399 LEASIDE DR,SINGLE FAMILY,RESIDENTIAL,Private,Lincoln Place,R1D-L,40.370403338806994,-79.90993562,42003310200
0086G00298000100,5831 FORBES AVE,CONDOMINIUM UNIT,COMMERCIAL,Private,Squirrel Hill North,LNC,40.43824558600492,-79.92174594,42003140300
0025L00026000000,2828 LIBERTY AVE,COMM AUX BUILDING,COMMERCIAL,Private,Polish Hill,UI,40.456552151834444,-79.9733542,42003060500
0049B00083000000,168 43RD ST,ROWHOUSE,RESIDENTIAL,Private,Central Lawrenceville,R1A-VH,40.471211300679485,-79.961415,42003090100
0020P00240000000,1102 FREDONIA ST,SINGLE FAMILY,RESIDENTIAL,Private,Crafton Heights,R2-L,40.44474556483936,-80.04215897,42003281400
0050K00331000000,5007 PENN AVE,VACANT COMMERCIAL LAND,COMMERCIAL,Private,Garfield,LNC,40.465311312378645,-79.94367487,42003101900
0116K00316000000,427 DUNLAP ST,SINGLE FAMILY,RESIDENTIAL,Private,Perry North,R1D-M,40.48602381724188,-80.01095842,42003260700
0174L00003000000,7410 RACE ST,SINGLE FAMILY,RESIDENTIAL,City,Homewood North,RM-M,40.45752291472245,-79.89080184,42003130200
0001D00259000A00,301 5TH AVE,PARKING GARAGE/LOTS,COMMERCIAL,Other,Central Business District,GT-A,40.44091492524419,-79.99962748,42003020100
0015B00060000000,130 LELIA ST,TWO FAMILY,RESIDENTIAL,Private,Mount Washington,R1D-H,40.42169991551654,-80.01149913,42003191500
0094N00164000000,2507 EDGAR ST,SINGLE FAMILY,RESIDENTIAL,Private,Carrick,R2-L,40.38607895887903,-79.98129931,42003290400
0035G00233000000,749 HAMPSHIRE AVE,SINGLE FAMILY,RESIDENTIAL,Private,Beechview,R1D-H,40.41047061054285,-80.02225142,42003192000
0134B00309000000,27 SLATE ST,SINGLE FAMILY,RESIDENTIAL,Private,New Homestead,P,40.38237336544513,-79.92698311,42003565300
0175M00009000000,7936 MADIERA ST,SINGLE FAMILY,RESIDENTIAL,Private,Homewood South,RM-M,40.44767568990376,-79.88619822,42003130800
0014P00215000000,321 BAUSMAN ST,SINGLE FAMILY,RESIDENTIAL,Private,Knoxville,R1D-H,40.41446574530345,-79.99401478,42003300100
0056B00319000000,4741 IRVINE ST,RETL/APT'S OVER,COMMERCIAL,Private,Hazelwood,LNC,40.41173654853248,-79.94463136,42003562901
0011L00047000000,2319 5TH AVE,ROWHOUSE,RESIDENTIAL,Private,West Oakland,UPR-B,40.437722039703736,-79.9721802,42003040200
0049N00272000A00,329 37TH ST,ROWHOUSE,RESIDENTIAL,Private,Lower Lawrenceville,R1A-H,40.46361044108094,-79.96202966,42003060300
0062D00056000000,2031 FAIR AVE,SINGLE FAMILY,RESIDENTIAL,Private,Brookline,H,40.40267532651299,-80.0199563,42003191700
0015D00016000000,115 HARWOOD ST,SINGLE FAMILY,RESIDENTIAL,Private,Mount Washington,R1D-H,40.42252212721137,-80.00354983,42003180700
0081E00050000000,5256 WICKLIFF ST,SINGLE FAMILY,RESIDENTIAL,Private,Upper Lawrenceville,R1A-VH,40.479054644243696,-79.94924538,42003101100
0033K00216000000,750 BROWNSVILLE RD,OFFICE - 1-2 STORIES,COMMERCIAL,Private,Knoxville,LNC,40.408558791588774,-79.99155273,42003300100
0062D00177000000,2041 WOODWARD AVE,SINGLE FAMILY,RESIDENTIAL,Private,Brookline,R1D-H,40.40247762792277,-80.01856951,42003191700
0013D00093000000,2615 STROMBERG ST,SINGLE FAMILY,RESIDENTIAL,Private,South Side Slopes,R1D-H,40.42201887340568,-79.96981201,42003160800
0087A00205000000,5540 HOBART ST,TWO FAMILY,RESIDENTIAL,Private,Squirrel Hill South,RM-M,40.43227185367836,-79.92900517,42003141300
0174L00310000000,0 BAXTER ST,VACANT LAND,RESIDENTIAL,City,Homewood North,RM-M,40.45699177983825,-79.88910415,42003130200
0021E00072000000,950 POWELL AVE,VACANT LAND,RESIDENTIAL,Private,Esplen,RIV-MU,40.458295045595335,-80.04613035,42003562500
0049F00321000000,247 42ND ST,ROWHOUSE,RESIDENTIAL,Private,Central Lawrenceville,R1A-H,40.46959219,-79.95879295,42003090200
0128J00099000000,2642 MOUNT ROYAL RD,SINGLE FAMILY,RESIDENTIAL,Private,Squirrel Hill South,R1D-L,40.426851383949185,-79.91451266,42003141400
0062N00149000000,2734 AMMAN ST,SINGLE FAMILY,RESIDENTIAL,Private,Brookline,R1D-M,40.39661256,-80.02949878,42003191900
0088F00129000000,4344 SALINE ST,SINGLE FAMILY,RESIDENTIAL,Private,Greenfield,R1D-M,40.41971282092711,-79.92635721,42003151700
0003H00316000000,55 S 15TH ST,APART: 5-19 UNITS,COMMERCIAL,Private,South Side Flats,R1A-VH,40.42956278,-79.98321166,42003170200
0050F00046000000,4927 KINCAID ST,TOWNHOUSE,RESIDENTIAL,Private,Garfield,R1D-H,40.46750923674014,-79.94345316,42003101900
0004S00176000000,416 IBERIA ST,SINGLE FAMILY,RESIDENTIAL,Private,Mount Washington,R1D-H,40.42422148754927,-80.0002041,42003180700
0024B00319000000,1204 HIGH ST,VACANT LAND,RESIDENTIAL,Private,Spring Garden,R1D-M,40.46073462815483,-79.99142237,42003241300
0042R00174000000,2810 LANPARK ST,SINGLE FAMILY,RESIDENTIAL,Private,Sheraden,LNC,40.453369877860865,-80.05563837,42003202200
0029C00355000000,17 DAWSON CT,ROWHOUSE,RESIDENTIAL,Private,South Oakland,R1A-VH,40.43126339532166,-79.95453877,42003040900
0174M00020000000,8110 FRANKSTOWN AVE,SINGLE FAMILY,RESIDENTIAL,Private,East Hills,NDI,40.45519343077181,-79.88291968,42003130600
0075C00229000000,1516 DAVIS AVE,ROWHOUSE,RESIDENTIAL,Private,Brighton Heights,R1D-M,40.480952646472005,-80.03844056,42003270100
0077N00129000000,321 KENNEDY AVE,SINGLE FAMILY,RESIDENTIAL,Private,Perry South,R1D-H,40.47389116549073,-80.01436116,42003261500
0083F00162000000,535 MELLON ST,SINGLE FAMILY,RESIDENTIAL,Private,East Liberty,R2-H,40.46847071679059,-79.92683213,42003111300
0124N00086000000,157 MAYFLOWER ST,THREE FAMILY,RESIDENTIAL,Private,Larimer,R2-H,40.463168317590906,-79.91435722,42003120900
0006M00235000000,135 ONEIDA ST,SINGLE FAMILY,RESIDENTIAL,Private,Duquesne Heights,AP,40.437237657911716,-80.01943414,42003191100
0173L00072000000,1520 OAKDENE ST,SINGLE FAMILY,RESIDENTIAL,Private,Lincoln-Lemington-Belmar,R1D-L,40.466057573655746,-79.89068974,42003561900
0023A00153000000,1905 BUENA VISTA ST,SINGLE FAMILY,RESIDENTIAL,Private,Perry South,H,40.461316263653096,-80.01478214,42003261400
0128E00008000000,2450 BEECHWOOD BLVD,SINGLE FAMILY,RESIDENTIAL,Private,Squirrel Hill South,R2-L,40.43084669426257,-79.91552416,42003140800
0128E00002000000,6348 CROMBIE ST,SINGLE FAMILY,RESIDENTIAL,Private,Squirrel Hill South,R2-L,40.43077513535038,-79.91592918,42003140800
0010C00026000000,2526 BEDFORD AVE,SINGLE FAMILY,RESIDENTIAL,Private,Bedford Dwellings,RM-M,40.45049229222244,-79.97182141,42003050900
0081A00043000000,5306 DUNCAN ST,SINGLE FAMILY,RESIDENTIAL,Private,Upper Lawrenceville,R1A-VH,40.480019329556576,-79.94908524,42003101100
0124N00066000000,0 MAYFLOWER ST,VACANT LAND,RESIDENTIAL,City,Larimer,R2-H,40.46276248612037,-79.91462047,42003120900
0174G00174000000,7412 HERMITAGE ST,SINGLE FAMILY,RESIDENTIAL,Private,Homewood North,RM-M,40.458887961082695,-79.8903231,42003130700
0174G00251000000,0 HERMITAGE ST,VACANT LAND,RESIDENTIAL,City,Homewood North,RM-M,40.45900658635034,-79.88895009,42003130700
0049A00178000000,136 41ST ST,ROWHOUSE,RESIDENTIAL,Private,Central Lawrenceville,R1A-VH,40.470894598154054,-79.96359064,42003090100
0049F00109000000,248 FISK ST,SINGLE FAMILY,RESIDENTIAL,Private,Central Lawrenceville,R1A-H,40.468079064093324,-79.9604365,42003090200
0095N00133000000,58 BRIGGS ST,SINGLE FAMILY,RESIDENTIAL,Private,Overbrook,R1D-M,40.38642290776154,-79.99921767,42003320700
0174F00143000000,7203 MONTICELLO ST,SINGLE FAMILY,RESIDENTIAL,Private,Homewood North,R2-L,40.45964639183225,-79.89518571,42003130200
0138H00054000000,320 HORNING ST,SINGLE FAMILY,RESIDENTIAL,Private,Carrick,R2-L,40.38192785981589,-79.98513843,42003290400
0015F00123000000,642 CURTIS ST,ROWHOUSE,RESIDENTIAL,Private,Mount Washington,P,40.42072657548703,-80.00983128,42003191500
0174J00307000000,0 N HOMEWOOD AVE,MUNICIPAL GOVERNMENT,GOVERNMENT,City,Homewood South,LNC,40.45675011295926,-79.89686393,42003130800
0081H00108000000,5009 ROSECREST DR,SINGLE FAMILY,RESIDENTIAL,Private,Stanton Heights,R1D-L,40.47874309346653,-79.93480163,42003100500
0014E00118000000,216 BELTZHOOVER AVE,RETL/APT'S OVER,COMMERCIAL,Private,Beltzhoover,R2-H,40.42009621,-79.99762711,42003562400
0045D00105000000,2636 PALISADE LN,GROUP HOME,COMMERCIAL,Private,Perry South,EMI,40.47011930929528,-80.01961849,42003261500
0014A00220000000,0 EXCELSIOR ST,VACANT LAND,RESIDENTIAL,Private,Allentown,R1D-H,40.422571985202524,-79.99637043,42003180300
0014A00035000000,446 WINTON ST,SINGLE FAMILY,RESIDENTIAL,Private,Mount Washington,R1D-H,40.42292802939958,-79.99867152,42003180700
0114E00005000000,102 FARRAGUT AVE,SINGLE FAMILY,RESIDENTIAL,Private,Brighton Heights,H,40.48703302414329,-80.04630554,42003270100
0174A00192000000,7052 KEDRON ST,SINGLE FAMILY,RESIDENTIAL,Private,Homewood North,R2-L,40.46135709785552,-79.89800015,42003130700
0045B00016000000,2806 WADLOW ST,SINGLE FAMILY,RESIDENTIAL,Private,Marshall-Shadeland,R1D-H,40.470396585279175,-80.02832343,42003271600
0004J00249000000,6 BANGOR ST,SINGLE FAMILY,RESIDENTIAL,Private,Mount Washington,R1D-H,40.426168352145986,-80.01207526,42003191400
0003P00206000000,744 MCLAIN ST,SINGLE FAMILY,RESIDENTIAL,Private,Allentown,R1D-H,40.42408716,-79.99399049,42003180300
0081E00071000A00,926 53RD ST,SINGLE FAMILY,RESIDENTIAL,Private,Upper Lawrenceville,R1D-H,40.47827367,-79.94758319,42003101100
0006N00080000000,1935 WOODVILLE AVE,DISTRIBUTION WAREHOUSE,COMMERCIAL,Private,West End,UI,40.433594817986005,-80.03185257,42003562600
0042P00291000000,3026 ALLENDALE ST,SINGLE FAMILY,RESIDENTIAL,Private,Sheraden,H,40.453566480516805,-80.05911322,42003202200
0081D00202000000,126 STANTON CT W,SINGLE FAMILY,RESIDENTIAL,Private,Stanton Heights,R1D-L,40.481764837627416,-79.93523599,42003101800
0094F00155000000,245 SPENCER AVE,RETL/APT'S OVER,COMMERCIAL,Private,Carrick,R1D-L,40.38969264725402,-79.9765469,42003290400
0046K00152000000,2213 FEDERAL STREET EXT,SINGLE FAMILY,RESIDENTIAL,Private,Perry South,R1D-H,40.46546229955321,-80.01054895,42003261400
0083B00376000000,814 PORTLAND ST,ROWHOUSE,RESIDENTIAL,Private,Highland Park,R2-M,40.47193113135689,-79.92526122,42003110200
0049G00128000A00,4207 DUNKELD WAY,ROWHOUSE,RESIDENTIAL,Private,Central Lawrenceville,R1A-H,40.468064715682885,-79.95680179,42003090200
0075F00055000000,1815 FAIRLEE ST,SINGLE FAMILY,RESIDENTIAL,Private,Brighton Heights,R1A-H,40.47858007721777,-80.04203739,42003270300
0014N00197000000,415 ROCHELLE ST,SINGLE FAMILY,RESIDENTIAL,Private,Knoxville,R1D-H,40.41515552375762,-79.99599271,42003300100
0051B00156000000,5134 FRIENDSHIP AVE,SINGLE FAMILY,RESIDENTIAL,Private,Bloomfield,R1D-M,40.46201009539145,-79.94178252,42003080600
0012L00127000100,133 S 23RD ST,RETL/APT'S OVER,COMMERCIAL,Private,South Side Flats,R1A-VH,40.42661440585515,-79.97295211,42003160900
0175H00008000000,7923 MADIERA ST,TWO FAMILY,RESIDENTIAL,Private,Homewood South,RM-M,40.448346533130675,-79.88660356,42003130800
0044H00257000000,2804 CALIFORNIA AVE,SINGLE FAMILY,RESIDENTIAL,Private,Marshall-Shadeland,R1A-H,40.46893079094589,-80.03529457,42003271600
0026H00192000100,636 STATE WAY,SINGLE FAMILY,RESIDENTIAL,Private,Bloomfield,R2-VH,40.459090006275055,-79.95018504,42003080200
0124L00076000000,6501 DEARY ST,SINGLE FAMILY,RESIDENTIAL,Private,Lincoln-Lemington-Belmar,RM-M,40.46716588395824,-79.90540389,42003120300
0041B00074000000,1029 TYNDALL ST,SINGLE FAMILY,RESIDENTIAL,Private,Sheraden,H,40.45254608159257,-80.05930803,42003202200
0029C00223000000,3237 WARD ST,ROWHOUSE,RESIDENTIAL,Private,South Oakland,R1A-H,40.431835531512924,-79.95561825,42003040900
0013C00111000000,2510 MISSION ST,TWO FAMILY,RESIDENTIAL,Private,South Side Slopes,H,40.42266451379197,-79.97172019,42003160800
0026L00004000000,600 MELWOOD AVE,COMM AUX BUILDING,COMMERCIAL,Private,North Oakland,UI,40.45759519246686,-79.95420465,42003562000
0015C00143000000,91 WESTWOOD ST,SINGLE FAMILY,RESIDENTIAL,Private,Mount Washington,R1D-H,40.42320852,-80.00567671,42003191500
0190C00007000000,2909 HOMEHURST AVE,SINGLE FAMILY,RESIDENTIAL,Private,Overbrook,R1D-M,40.37461746095241,-80.00380302,42003320700
0125N00061000000,203 HASTINGS ST,SINGLE FAMILY,RESIDENTIAL,Private,Point Breeze,R1D-L,40.45290574171473,-79.91273959,42003140400
0174P00194000000,7311 HAMILTON AVE,ROWHOUSE,RESIDENTIAL,Private,Homewood South,RM-M,40.45419049529257,-79.89475604,42003130800
0045B00227000000,2709 BRIGHTON RD,SINGLE FAMILY,RESIDENTIAL,Private,Marshall-Shadeland,R1D-H,40.470175881463334,-80.02593342,42003271600
0094B00171000000,506 KIRK AVE,SINGLE FAMILY,RESIDENTIAL,Private,Carrick,R1D-L,40.39319453721702,-79.97688022,42003290400
0012J00201000000,1715 HARCUM WAY,SINGLE FAMILY,RESIDENTIAL,Private,South Side Flats,R1A-VH,40.42666820492361,-79.98162236,42003170200
0014L00150000000,126 JUCUNDA ST,SINGLE FAMILY,RESIDENTIAL,Private,Knoxville,R1D-H,40.417162237522405,-79.98914673,42003300100
0014P00112000000,227 ROCHELLE ST,SINGLE FAMILY,RESIDENTIAL,Private,Knoxville,R1D-H,40.415274607150415,-79.99193243,42003300100
0026A00094000000,3638 LIBERTY AVE,VACANT LAND,RESIDENTIAL,Private,Lower Lawrenceville,R1A-H,40.46174159555112,-79.96245601,42003060300
0020M00077000000,922 ELKTON ST,SINGLE FAMILY,RESIDENTIAL,City,Elliott,R1D-M,40.446619583157165,-80.03550525,42003562600
0085A00220000000,5716 WALNUT ST,SINGLE FAMILY,RESIDENTIAL,Private,Shadyside,R2-M,40.45217839635442,-79.92988811,42003070600
0086P00058000000,5552 BEACON ST,ROWHOUSE,RESIDENTIAL,Private,Squirrel Hill South,RM-M,40.43354643032473,-79.92847009,42003141300
0011J00221000000,300 GIST ST,COMMERCIAL GARAGE,COMMERCIAL,Private,Bluff,UPR-B,40.43687016441041,-79.97975052,42003010302
0045N00150000000,2332 ATMORE ST,ROWHOUSE,RESIDENTIAL,Private,Marshall-Shadeland,R1A-VH,40.46316604401033,-80.03029212,42003271600
0014J00219000000,522 CEDARHURST ST,SINGLE FAMILY,RESIDENTIAL,Private,Beltzhoover,R2-H,40.418101888032204,-79.99783014,42003562400
0056J00175000000,7 TECUMSEH ST,ROWHOUSE,RESIDENTIAL,Private,Hazelwood,R1A-VH,40.40757693331441,-79.94767924,42003562901
0010K00219000100,615 LAWSON ST,SINGLE FAMILY,RESIDENTIAL,Private,Middle Hill,RM-M,40.446618964874226,-79.97643938,42003050100
0062G00202000000,2136 PLAINVIEW AVE,SINGLE FAMILY,RESIDENTIAL,Private,Brookline,R1D-M,40.40091649565649,-80.02118744,42003191700
0046J00303000000,229 W BURGESS ST,TWO FAMILY,RESIDENTIAL,Private,Perry South,R1D-H,40.46637421721213,-80.01252453,42003261400
0033A00301000000,412 ARABELLA ST,SINGLE FAMILY,RESIDENTIAL,City,Knoxville,R1D-H,40.41268721446582,-79.99564226,42003300100
COMMON GROUND, ,,,Private,South Side Flats,RIV-MU,40.539822654495715,-80.15236925,42003563800
0056S00004000000,430 MANSION ST,SINGLE FAMILY,RESIDENTIAL,Private,Hazelwood,R1A-H,40.406274858271296,-79.93650454,42003562300
0050G00243000000,5143 HILLCREST ST,SINGLE FAMILY,RESIDENTIAL,Private,Garfield,R1D-H,40.468768479793425,-79.94081233,42003101900
0014L00214000000,128 CHARLES ST,SINGLE FAMILY,RESIDENTIAL,Private,Knoxville,R1D-H,40.41640518786112,-79.98944772,42003300100
0005K00009000000,1459 WOODRUFF ST,RES AUX BUILDING (NO HOUSE),RESIDENTIAL,Private,Duquesne Heights,UI,40.428009223235854,-80.02467999,42003191100
0049N00218000A00,3474 LIGONIER ST,ROWHOUSE,RESIDENTIAL,Private,Lower Lawrenceville,R1A-H,40.46342028740814,-79.96438718,42003060300
0014F00282000000,812 CLIMAX ST,SINGLE FAMILY,RESIDENTIAL,Private,Allentown,R1D-H,40.41979171776199,-79.99314294,42003180300
0034H00265000000,334 CAPERTON ST,SINGLE FAMILY,RESIDENTIAL,Private,Bon Air,R1D-L,40.409541961799796,-80.00082182,42003562400
0071G00133000000,0 MIDDLETOWN RD,VACANT LAND,RESIDENTIAL,Private,Windgap,R1D-L,40.45979190561956,-80.07347522,42003563000
0049B00020000D00,190 44TH ST,ROWHOUSE,RESIDENTIAL,Private,Central Lawrenceville,R1A-VH,40.471636638937696,-79.96034576,42003090100
0088A00174000000,925 DEELY ST,SINGLE FAMILY,RESIDENTIAL,Private,Greenfield,R1D-H,40.42331929767554,-79.93262127,42003151700
0029C00113000000,3215 JULIET ST,TWO FAMILY,RESIDENTIAL,Private,South Oakland,R1A-H,40.432208885082005,-79.9567999,42003040900
0067L00004000000,33 GARY ST,OFFICE/WAREHOUSE,COMMERCIAL,Private,East Carnegie,UI,40.417817782565585,-80.0743151,42003562800
0081C00208000000,4532 COLERIDGE ST,SINGLE FAMILY,RESIDENTIAL,Private,Stanton Heights,R2-L,40.48053501859435,-79.93861392,42003100500
0012M00031000000,2522 E CARSON ST,RETL/APT'S OVER,COMMERCIAL,Private,South Side Flats,LNC,40.42729576974613,-79.96888073,42003160900
0174B00023000000,7224 STRANAHAN ST,SINGLE FAMILY,RESIDENTIAL,Private,Homewood North,R2-L,40.462236556981885,-79.89333107,42003130700
0016F00069000000,969 TROPICAL AVE,SINGLE FAMILY,RESIDENTIAL,Private,Beechview,R1D-L,40.41961154250199,-80.02463677,42003191600
0004B00224000200,229 GRANDVIEW AVE,CONDOMINIUM,RESIDENTIAL,Private,Mount Washington,GPRA,,,
0175H00205000000,508 OAKWOOD ST,TWO FAMILY,RESIDENTIAL,Private,East Hills,RM-M,40.449406807171734,-79.88379763,42003130600
0006M00095000000,146 HALLOCK ST,SINGLE FAMILY,RESIDENTIAL,Private,Mount Washington,R1D-H,40.435950916082845,-80.0178942,42003190300
0174G00040000000,7432 MONTICELLO ST,SINGLE FAMILY,RESIDENTIAL,Private,Homewood North,RM-M,40.45799777191678,-79.88962887,42003130200
0004S00050000000,435 KATHLEEN ST,SINGLE FAMILY,RESIDENTIAL,Private,Mount Washington,R1D-H,40.425845981587905,-79.99951165,42003180700
0035F00036000000,1539 ALVERADO AVE,SINGLE FAMILY,RESIDENTIAL,Private,Beechview,R1D-H,40.41106257542147,-80.02810613,42003191600
0173B00187000000,7144 WILTSIE ST,SINGLE FAMILY,RESIDENTIAL,Private,Lincoln-Lemington-Belmar,R1D-L,40.47074914576922,-79.89499376,42003561900
0080D00390000000,5303 DUNCAN ST,SINGLE FAMILY,RESIDENTIAL,Private,Upper Lawrenceville,R1A-VH,40.480227120154936,-79.9495491,42003101100
0174A00220000000,7021 HERMITAGE ST,SINGLE FAMILY,RESIDENTIAL,City,Homewood North,R2-L,40.461247847079335,-79.89894175,42003130700
COMMON GROUND, ,,,Private,South Side Flats,RIV-MU,40.539822654495715,-80.15236925,42003563800
0084G00127000000,243 EMERSON ST,SINGLE FAMILY,RESIDENTIAL,Private,Shadyside,R1A-H,40.45805778940455,-79.92313105,42003070800
0124P00296000000,537 TURRETT ST,SINGLE FAMILY,RESIDENTIAL,Private,Larimer,R1D-H,40.462617778416735,-79.90934359,42003120900
0028E00253000000,127 ROBINSON ST,SINGLE FAMILY,RESIDENTIAL,Private,West Oakland,H,40.43844276912406,-79.96571671,42003040200
0048N00018000000,1800 LOWRIE ST,APART: 5-19 UNITS,COMMERCIAL,Private,Troy Hill,LNC,40.46472836,-79.98202408,42003241300
0004R00239000000,75 RUTH ST,SINGLE FAMILY,RESIDENTIAL,Private,Mount Washington,R1D-H,40.42439121582669,-80.00466701,42003180700
0174P00196000000,7307 HAMILTON AVE,ROWHOUSE,RESIDENTIAL,Private,Homewood South,RM-M,40.45420849607652,-79.89486749,42003130800
0042C00176000000,402 TABOR ST,SINGLE FAMILY,RESIDENTIAL,Private,Esplen,R1D-H,40.461883116663806,-80.05511548,42003562500
0032E00143000000,415 MCMANUS ST,SINGLE FAMILY,RESIDENTIAL,Private,Mt. Oliver,R1D-M,40.41007924,-79.98044374,42003161000
0125F00120000000,6615 HAMILTON AVE,SMALL DETACHED RET(UNDER 10000),COMMERCIAL,Private,Larimer,UI,40.45786590123643,-79.91013658,42003120900
0049A00236000000,135 40TH ST,WAREHOUSE,INDUSTRIAL,Private,Central Lawrenceville,RIV-IMU,40.470805307035924,-79.96385562,42003090100
0042M00191000000,0 MERWYN AVE,VACANT LAND,RESIDENTIAL,Private,Sheraden,R1D-H,40.45517366122284,-80.05043855,42003562500
0015H00082000000,317 FREELAND ST,SINGLE FAMILY,RESIDENTIAL,Private,Beltzhoover,R2-H,40.419291217911955,-80.001625,42003562400
0016K00033000000,1213 BELASCO AVE,VACANT LAND,RESIDENTIAL,Private,Beechview,R1D-H,40.41677563065043,-80.0275079,42003191600
0043R00174000000,3332 OREGON ST,SINGLE FAMILY,RESIDENTIAL,Private,Esplen,RIV-RM,40.462513337429804,-80.05378387,42003562500
0049N00282000000,3614 DENNY ST,ROWHOUSE,RESIDENTIAL,Private,Lower Lawrenceville,R1A-H,40.46386557217037,-79.96318931,42003060300
0175B00070000000,515 N BRADDOCK AVE,BARS,COMMERCIAL,Private,Homewood South,UI,40.45174397746071,-79.89195782,42003130800
0231F00135000000,271 CAIN WAY,SINGLE FAMILY,RESIDENTIAL,Private,East Hills,R2-L,40.45871719,-79.87731981,42003130600
0035H00237000000,1703 SUBURBAN AVE,SINGLE FAMILY,RESIDENTIAL,Private,Beechview,R1D-H,40.41012769,-80.02020571,42003191600
0003M00119030100,120 S 15TH ST,CONDOMINIUM,RESIDENTIAL,Private,South Side Flats,R1A-VH,40.42733715253436,-79.98365503,42003170200
0125B00025000000,6555 ARMSTRONG WAY,SINGLE FAMILY,RESIDENTIAL,Private,Larimer,RM-H,40.46199994124563,-79.90779041,42003120900
0049P00051000C00,298 38TH ST,ROWHOUSE,RESIDENTIAL,Private,Lower Lawrenceville,LNC,40.46414788153968,-79.96152625,42003060300
0231R00012000000,2319 PARK HILL DR,TOWNHOUSE,RESIDENTIAL,Private,East Hills,RP,40.454756740707396,-79.87490501,42003130600
0014J00001000000,400 CHARLES ST,TWO FAMILY,RESIDENTIAL,Private,Knoxville,R1D-H,40.416298853778976,-79.99529721,42003300100
0174E00052000000,7048 MONTICELLO ST,SINGLE FAMILY,RESIDENTIAL,Private,Homewood North,R2-L,40.45976249927732,-79.89860838,42003130700
0231F00168000000,8421 DERSAM ST,VACANT LAND,RESIDENTIAL,Private,East Hills,R2-L,40.458402048841045,-79.87776209,42003130600
0052D00331000300,717 BELLEFONTE ST,CONDOMINIUM,RESIDENTIAL,Private,Shadyside,R2-M,40.452024040815104,-79.93404225,42003070300
0033E00323000000,716 GEORGIA AVE,SINGLE FAMILY,RESIDENTIAL,Private,Knoxville,R1D-H,40.40952410877954,-79.99556973,42003300100
0076K00132000000,3102 CENTRAL AVE,SINGLE FAMILY,RESIDENTIAL,Private,Marshall-Shadeland,R1D-M,40.475181578908206,-80.02718961,42003271600
0022K00345000A00,1304 DECATUR ST,SINGLE FAMILY,RESIDENTIAL,Private,Manchester,R2-H,40.45579528457238,-80.02543944,42003565200
0015S00035000000,333 MICHIGAN ST,SINGLE FAMILY,RESIDENTIAL,Private,Beltzhoover,R2-H,40.41609719533006,-80.00076326,42003562400
0033B00247000000,320 ARABELLA ST,SINGLE FAMILY,RESIDENTIAL,Private,Knoxville,R1D-H,40.412415725267536,-79.99389319,42003300100
0033K00240000000,921 BROWNSVILLE RD,TWO FAMILY,RESIDENTIAL,Private,Carrick,R1D-H,40.40680783278052,-79.99182784,42003290200
0006M00312181000,1 TRIMONT LN,CONDOMINIUM,RESIDENTIAL,Private,Duquesne Heights,AP,40.43833224231508,-80.02012686,42003191100
0015D00258000000,415 KINGSBORO ST,SINGLE FAMILY,RESIDENTIAL,Private,Mount Washington,R1D-H,40.42194272629093,-79.99994138,42003180700
0023L00234000000,1208 LORAINE ST,SINGLE FAMILY,RESIDENTIAL,Private,Central Northside,R1A-VH,40.45638260229383,-80.00531181,42003565100
0056L00296000000,5038 ORINOCO ST,SINGLE FAMILY,RESIDENTIAL,Private,Hazelwood,R1D-M,40.40850746653367,-79.93910773,42003562300
0174A00044000000,0 MOUNT VERNON ST,SINGLE FAMILY,RESIDENTIAL,Private,Homewood North,R2-L,40.462050093948065,-79.8965051,42003130700
0011G00142000000,0 ALLEQUIPPA ST,VACANT LAND,RESIDENTIAL,City,West Oakland,H,40.43878030616314,-79.97222541,42003040200
0015B00034000000,0 GRIFFIN ST,VACANT LAND,RESIDENTIAL,Private,Mount Washington,R1D-H,40.423016027408345,-80.01106512,42003191500
0013D00001000000,66 BARRY ST,SINGLE FAMILY,RESIDENTIAL,Private,South Side Slopes,H,40.423327494070065,-79.97025847,42003160800
0050M00305000000,5466 BROAD ST,SINGLE FAMILY,RESIDENTIAL,City,Garfield,R2-H,40.465122843908176,-79.93343608,42003111400
0050G00070000000,5171 ROSETTA ST,VACANT LAND,RESIDENTIAL,URA,Garfield,R1D-H,40.46791473570087,-79.94014124,42003101900
COMMON GROUND, ,,,Private,South Side Flats,RIV-MU,40.539822654495715,-80.15236925,42003563800
0014J00147000000,512 BELTZHOOVER AVE,SINGLE FAMILY,RESIDENTIAL,Private,Beltzhoover,R2-H,40.41790510923197,-79.99753874,42003562400
0049C00032000000,290 45TH ST,ROWHOUSE,RESIDENTIAL,Private,Central Lawrenceville,R1A-H,40.470299134462884,-79.95712322,42003090200
0173L00016000000,7303 LEMINGTON AVE,SINGLE FAMILY,RESIDENTIAL,Private,Lincoln-Lemington-Belmar,R1D-L,40.46726223051217,-79.8897464,42003561900
0026C00101000000,4420 LORIGAN ST,WAREHOUSE,INDUSTRIAL,Private,Bloomfield,UI,40.46068459552789,-79.95493498,42003080200
0042N00331000000,1318 JEFFERS ST,SINGLE FAMILY,RESIDENTIAL,Private,Sheraden,R1D-H,40.45340211211632,-80.06565321,42003202200
0014K00037000000,838 LILLIAN ST,SINGLE FAMILY,RESIDENTIAL,Private,Allentown,R1D-H,40.418576228580115,-79.99211624,42003180300
0015R00281000000,814 DELMONT AVE,SINGLE FAMILY,RESIDENTIAL,Private,Beltzhoover,R2-H,40.41531048883938,-80.00414481,42003562400
0029N00053000000,2823 LARKINS WAY,ROWHOUSE,RESIDENTIAL,Private,South Side Flats,R2-VH,40.42488527,-79.96605547,42003160900
0014E00059000000,0 BELTZHOOVER AVE,VACANT LAND,RESIDENTIAL,Private,Beltzhoover,R2-H,40.419352887830634,-79.99759995,42003562400
0014A00173000000,114 BELTZHOOVER AVE,OFFICE - 1-2 STORIES,COMMERCIAL,Private,Mount Washington,R1D-H,40.421751508110155,-79.99762145,42003180700
0014K00077000000,305 ORCHARD PL,SINGLE FAMILY,RESIDENTIAL,Private,Knoxville,R1D-H,40.41819614382048,-79.99346376,42003300100
0004N00169000000,28 MARNE WAY,SINGLE FAMILY,RESIDENTIAL,City,Mount Washington,R1D-H,40.42384077967152,-80.01292609,42003191400
0002M00198000000,1621 FORBES AVE,COMM AUX BUILDING,COMMERCIAL,Private,Bluff,UPR-A,40.43793261883556,-79.98398538,42003010302
0023F00401000000,102 SAMPSONIA ST,ROWHOUSE,RESIDENTIAL,Private,Central Northside,R1A-VH,40.45762563756344,-80.00854655,42003565100
0048S00221000000,3437 BUTLER ST,RETL/APT'S OVER,COMMERCIAL,Private,Lower Lawrenceville,LNC,40.463336945111394,-79.96708391,42003060300
0056F00125000000,4915 2ND AVE,COMM AUX BUILDING,COMMERCIAL,Private,Hazelwood,LNC,40.40946735810633,-79.94362225,42003562300
0175M00010000000,7938 MADIERA ST,SINGLE FAMILY,RESIDENTIAL,Private,Homewood South,RM-M,40.44764277,-79.88608882,42003130800
0119S00227000000,5416 HARRISON ST,SINGLE FAMILY,RESIDENTIAL,Private,Upper Lawrenceville,RIV-MU,40.48357797724033,-79.95112732,42003101100
0042S00126000000,0 BERGMAN ST,VACANT LAND,RESIDENTIAL,Private,Sheraden,R1D-H,40.45393068883374,-80.05203633,42003562500
0049J00259000000,274 38TH ST,SINGLE FAMILY,RESIDENTIAL,Private,Lower Lawrenceville,R1A-H,40.46495309543259,-79.96224098,42003060300
0026N00338000000,2945 WEBSTER AVE,MUNICIPAL GOVERNMENT,GOVERNMENT,City,Middle Hill,RM-M,40.45276974070459,-79.96560392,42003050100
0008D00020000001,412 E COMMONS,COMM AUX BUILDING,COMMERCIAL,Private,Allegheny Center,UNC,40.451174764101964,-80.00283793,42003562700
0050M00159000000,5410 KINCAID ST,SINGLE FAMILY,RESIDENTIAL,City,Garfield,R2-H,40.466002097304695,-79.93504812,42003111400
0173F00225000000,1601 BROADHEAD ST,SINGLE FAMILY,RESIDENTIAL,Private,Lincoln-Lemington-Belmar,R1D-L,40.46907352388216,-79.89191504,42003561900
0124S00360000000,1104 LINCOLN AVE,SINGLE FAMILY,RESIDENTIAL,Private,Homewood North,R2-L,40.46423181104353,-79.89985649,42003130700
0184J00109000000,1221 MULDOWNEY AVE,SINGLE FAMILY,RESIDENTIAL,Private,Lincoln Place,R1D-L,40.36899874343164,-79.91472532,42003310200
0005C00118000000,1315 VIRGINIA AVE,SINGLE FAMILY,RESIDENTIAL,Private,Duquesne Heights,R1D-M,40.43264429025708,-80.02151461,42003191100
0062H00328000000,608 PERRILYN ST,SINGLE FAMILY,RESIDENTIAL,Private,Brookline,R1D-M,40.39924003756432,-80.01734201,42003191700
0014A00297000000,29 MILLBRIDGE ST,SINGLE FAMILY,RESIDENTIAL,Private,Allentown,R1D-H,40.42331446098257,-79.99561478,42003180300
0061B00195000000,711 CRYSLER ST,SINGLE FAMILY,RESIDENTIAL,Private,Brookline,R1D-M,40.40319780753849,-80.01142899,42003191700
0232H00058000000,1923 ROBINSON BLVD,SINGLE FAMILY,RESIDENTIAL,Private,East Hills,R1D-L,40.44972438093225,-79.86803443,42003130600
0003R00249000000,1031 ARLINGTON AVE,TWO FAMILY,RESIDENTIAL,Private,Allentown,H,40.42385184133138,-79.98841685,42003180300
0033A00333000000,429 MOORE AVE,SINGLE FAMILY,RESIDENTIAL,Private,Knoxville,R1D-H,40.41173511031401,-79.99604823,42003300100
0045A00182000B00,2805 FREDERICK ST,SINGLE FAMILY,RESIDENTIAL,Private,Marshall-Shadeland,LNC,40.47015397691431,-80.02993499,42003271600
0048J00293000000,1835 LOWRIE ST,SINGLE FAMILY,RESIDENTIAL,Private,Troy Hill,R1D-H,40.465421922326996,-79.98116512,42003241300
0025D00159000000,3138 PENN AVE,ROWHOUSE,RESIDENTIAL,Private,Strip District,RIV-IMU,40.46029316957493,-79.9703426,42003020300
0096H00149000000,1590 BROOKLINE BLVD,TWO FAMILY,RESIDENTIAL,Private,Brookline,R1D-L,40.39094899935253,-80.00274884,42003320600
0174A00092000000,7040 MOUNT VERNON ST,SINGLE FAMILY,RESIDENTIAL,Private,Homewood North,R2-L,40.46201021333251,-79.89818277,42003130700
0184A00254000000,4912 KINLEY AVE,SINGLE FAMILY,RESIDENTIAL,Private,Lincoln Place,R1D-L,40.374931757788794,-79.91426673,42003310200
0056L00229000000,330 E ELIZABETH ST,SINGLE FAMILY,RESIDENTIAL,Private,Hazelwood,R1D-M,40.407766235708635,-79.93847605,42003562300
0042G00139000000,0 PARSON ST,VACANT LAND,RESIDENTIAL,Private,Sheraden,H,40.45972897336238,-80.05620539,42003562500
0025A00113000000,74 WATERFRONT DR,TOWNHOUSE,RESIDENTIAL,Private,Troy Hill,RIV-RM,40.46083276330927,-79.98062616,42003241300
0003N00148000000,611 EUREKA ST,SINGLE FAMILY,RESIDENTIAL,Private,Allentown,R1D-H,40.42384310191333,-79.99690777,42003180300
0174M00359000000,918 TYSON ST,SINGLE FAMILY,RESIDENTIAL,Private,Homewood North,RM-M,40.455546411816684,-79.88553239,42003130700
0082G00099140600,1406 N NEGLEY AVE,CONDOMINIUM,RESIDENTIAL,Private,Highland Park,R2-L,40.47892988852551,-79.92230147,42003110200
0049R00138000A00,4006 CABINET WAY,ROWHOUSE,RESIDENTIAL,Private,Bloomfield,R1A-VH,40.463897388640696,-79.95707206,42003090300
0035L00005000000,1823 REALTY AVE,SINGLE FAMILY,RESIDENTIAL,Private,Beechview,R1D-H,40.40685707819019,-80.02426731,42003192000
0054K00242000000,434 IVONDALE ST,SINGLE FAMILY,RESIDENTIAL,Private,Greenfield,H,40.42717932992593,-79.94525944,42003151600
0097C00200000000,738 BERKSHIRE AVE,TWO FAMILY,RESIDENTIAL,Private,Brookline,R1D-M,40.39326916733919,-80.02145669,42003191800
0125H00197000000,916 N MURTLAND ST,FOUR FAMILY,RESIDENTIAL,Private,Homewood North,R2-L,40.459012447518724,-79.90067542,42003130700
0001D00259000C00,301 5TH AVE,CONDOMINIUM COMMON PROPERTY,RESIDENTIAL,Private,Central Business District,GT-A,40.44091492524419,-79.99962748,42003020100
0124E00307000000,0 LENORA ST,VACANT LAND,RESIDENTIAL,URA,Larimer,H,40.467472237791206,-79.91300035,42003120900
0173C00234000000,1712 LAPORTE ST,SINGLE FAMILY,RESIDENTIAL,Private,Lincoln-Lemington-Belmar,R1D-L,40.47198163301965,-79.88969522,42003561900
0049F00012000000,4019 BUTLER ST,RETL/APT'S OVER,COMMERCIAL,Private,Central Lawrenceville,LNC,40.4694243,-79.96189109,42003090100
0174K00362000000,718 STERRETT ST,ROWHOUSE,RESIDENTIAL,Private,Homewood South,RM-M,40.45561242425686,-79.89444447,42003130800
0033P00330000000,28 MINOOKA ST,SINGLE FAMILY,RESIDENTIAL,Private,Carrick,R2-L,40.40431690047508,-79.9918424,42003290100
0062S00114000000,620 GALLION AVE,SINGLE FAMILY,RESIDENTIAL,Private,Brookline,R1D-M,40.39659970940531,-80.01974179,42003191900
0046S00348000000,74 EDENVALE ST,SINGLE FAMILY,RESIDENTIAL,City,Fineview,H,40.46248374602575,-80.00291137,42003250900
0174S00358000A00,0 SINGER PL,VACANT LAND,RESIDENTIAL,Private,East Hills,RM-M,40.453224419467205,-79.88367984,42003130600
0048E00156000000,2047 VERONICA ST,SINGLE FAMILY,RESIDENTIAL,Private,Troy Hill,R1D-H,40.469502476687964,-79.98033621,42003241300
0042K00017000000,1016 FAIRDALE ST,SINGLE FAMILY,RESIDENTIAL,Private,Sheraden,R1D-H,40.455278328950925,-80.06184425,42003202200
0173F00270000000,7229 SOMERSET ST,SINGLE FAMILY,RESIDENTIAL,Private,Lincoln-Lemington-Belmar,R1D-L,40.46779023077007,-79.89302087,42003561900
0174S00085000000,7723 BENNETT ST,SINGLE FAMILY,RESIDENTIAL,Private,Homewood South,RM-M,40.454443020362085,-79.88684894,42003130800
0123N00172000000,1103 WINTERTON ST,SINGLE FAMILY,RESIDENTIAL,Private,Highland Park,R1D-M,40.47312765805056,-79.91390394,42003110600
0075B00238000000,1807 DAVIS AVE,SINGLE FAMILY,RESIDENTIAL,Private,Brighton Heights,R1A-H,40.47953863359515,-80.04218582,42003270300
0174P00170000000,7355 HAMILTON AVE,ROWHOUSE,RESIDENTIAL,Private,Homewood South,RM-M,40.453913208240834,-79.89352882,42003130800
0056P00214000000,5227 2ND AVE,SINGLE FAMILY,RESIDENTIAL,Private,Hazelwood,R1A-H,40.405199723886916,-79.9424121,42003562300
0060E00191000000,1421 NOBLES LN,SINGLE FAMILY,RESIDENTIAL,Private,Carrick,R2-L,40.39937925711793,-79.99741455,42003290100
0033S00025000000,1008 WINGATE ST,SINGLE FAMILY,RESIDENTIAL,Private,Carrick,R1D-H,40.405597365115675,-79.98578038,42003290200
0002H00074000000,1501 5TH AVE,RETL/STOR OVER,COMMERCIAL,Private,Crawford-Roberts,UPR-A,40.438746873552255,-79.98486089,42003030500
0019B00303000000,1001 HERSCHEL ST,SINGLE FAMILY,RESIDENTIAL,Private,Elliott,R1D-L,40.44154271779413,-80.04467078,42003562600
0173E00117000000,1335 OLIVANT ST,SINGLE FAMILY,RESIDENTIAL,Private,Lincoln-Lemington-Belmar,RM-M,40.46817202499533,-79.89934082,42003120300
0133P00057000000,4753 LOUGEAN AVE,SINGLE FAMILY,RESIDENTIAL,Private,Lincoln Place,R1D-L,40.37641908385226,-79.91095576,42003310200
0013H00063000000,2725 COBDEN ST,SINGLE FAMILY,RESIDENTIAL,Private,South Side Slopes,R1D-H,40.420006751936384,-79.96961344,42003160800
0062G00175000000,2215 WOODWARD AVE,SINGLE FAMILY,RESIDENTIAL,Private,Brookline,R1D-M,40.40090037057636,-80.02172337,42003191700
0020R00009000000,726 BUCYRUS ST,SINGLE FAMILY,RESIDENTIAL,Private,Elliott,R2-H,40.44527189122094,-80.04057893,42003562600
0124G00106000000,1161 PAULSON AVE,ROWHOUSE,RESIDENTIAL,Private,Lincoln-Lemington-Belmar,RM-M,40.46796042,-79.90400831,42003120300
0004E00092000000,377 WOODRUFF ST,TWO FAMILY,RESIDENTIAL,Private,Mount Washington,R1D-H,40.42954100985794,-80.01420671,42003191400
0013K00145000000,2010 SPRING ST,SINGLE FAMILY,RESIDENTIAL,Private,Arlington,R2-L,40.41746615263625,-79.97831365,42003161000
0051P00084000000,4922 CENTRE AVE,APART: 5-19 UNITS,COMMERCIAL,Private,Shadyside,RM-M,40.45358911955231,-79.94527637,42003070900
0033N00154000000,455 DRYCOVE ST,SINGLE FAMILY,RESIDENTIAL,Private,Bon Air,R1D-L,40.40401256675645,-79.99672464,42003562400
0014D00279000000,2517 S 18TH ST,SMALL DETACHED RET(UNDER 10000),COMMERCIAL,Private,South Side Slopes,LNC,40.421353069921416,-79.98421889,42003170600
0019H00123000000,0 NOBLESTOWN RD,VACANT LAND,RESIDENTIAL,Private,Elliott,H,40.43945775456427,-80.03541757,42003562600
0012E00311000000,1715 E CARSON ST,"RESTAURANT, CAFET AND/OR BAR",COMMERCIAL,Private,South Side Flats,LNC,40.4290911,-79.9812959,42003170200
0024D00135000000,1516 VALENTINE ST,SINGLE FAMILY,RESIDENTIAL,Private,Troy Hill,R1D-H,40.462028611242786,-79.98503274,42003241300
0020M00009000000,938 RUE GRANDE VUE ST,SINGLE FAMILY,RESIDENTIAL,Private,Elliott,R1D-H,40.447474092183484,-80.03507193,42003562600
0174P00203000000,618 STERRETT ST,ROWHOUSE,RESIDENTIAL,Private,Homewood South,LNC,40.45447508,-79.89488895,42003130800
0027C00009000A00,929 CLARISSA ST,ROWHOUSE,RESIDENTIAL,Private,Upper Hill,R2-L,40.452548321406525,-79.95730727,42003050600
0094N00129000000,2420 BROWNSVILLE RD,SMALL DETACHED RET(UNDER 10000),COMMERCIAL,Private,Carrick,LNC,40.386619435965294,-79.98206679,42003290400
0081B00083000000,5560 CAMELIA ST,SINGLE FAMILY,RESIDENTIAL,Private,Stanton Heights,R1D-L,40.48141969302804,-79.94383666,42003101800
0173F00154000000,1566 WESTMORELAND AVE,SINGLE FAMILY,RESIDENTIAL,Private,Lincoln-Lemington-Belmar,R1D-L,40.469215162376265,-79.89265525,42003561900
0049L00350000000,4018 PENN AVE,OFFICE - 1-2 STORIES,COMMERCIAL,Private,Bloomfield,LNC,40.46505139101885,-79.95709054,42003090300
0173L00005000000,7283 LEMINGTON AVE,SINGLE FAMILY,RESIDENTIAL,Private,Lincoln-Lemington-Belmar,R1D-L,40.46732142099141,-79.89072155,42003561900
0082J00146000000,1020 JANCEY ST,SINGLE FAMILY,RESIDENTIAL,Private,Morningside,R1D-H,40.47671168391934,-79.93041002,42003101400
0012N00237000000,68 GREGORY ST,SINGLE FAMILY,RESIDENTIAL,Private,South Side Slopes,R1A-VH,40.423636704062396,-79.97915528,42003170600
0004S00323000000,46 LACLEDE ST,SINGLE FAMILY,RESIDENTIAL,Private,Mount Washington,R1D-H,40.42504449054496,-80.00333731,42003180700
0174G00392000000,7417 HERMITAGE ST,VACANT LAND,RESIDENTIAL,Private,Homewood North,RM-M,40.45919870262608,-79.89011463,42003130700
0006E00250000000,1882 GREENLEAF ST,VACANT LAND,RESIDENTIAL,Private,Duquesne Heights,P,40.43830849674447,-80.03133897,42003191100
0062S00119000000,708 GALLION AVE,SINGLE FAMILY,RESIDENTIAL,Private,Brookline,R1D-M,40.39636231006972,-80.01941234,42003191900
0010D00257000000,0 HOLLACE ST,VACANT LAND,RESIDENTIAL,Private,Middle Hill,RM-M,40.450686248633055,-79.96810558,42003050100
0054J00372000000,3821 ACORN ST,SINGLE FAMILY,RESIDENTIAL,Private,Greenfield,R1D-H,40.42646388312612,-79.94937304,42003151600
0025C00256000000,3101 LIBERTY AVE,LIGHT MANUFACTURING,INDUSTRIAL,Private,Strip District,RIV-IMU,40.46006999769023,-79.97052974,42003020300
0027B00161000000,738 ANAHEIM ST,SINGLE FAMILY,RESIDENTIAL,Private,Upper Hill,R2-L,40.45207592835063,-79.96200974,42003050600
0026J00306000000,3362 AJAX ST,SINGLE FAMILY,RESIDENTIAL,Private,Upper Hill,R2-L,40.45579513525221,-79.96299513,42003050600
0056D00125000000,505 KILBOURNE ST,SINGLE FAMILY,RESIDENTIAL,Private,Hazelwood,R1D-H,40.412982317616404,-79.93504338,42003562300
0176E00211000000,7724 FORBES AVE,SINGLE FAMILY,RESIDENTIAL,Private,Regent Square,R1A-H,40.439289895414355,-79.89544921,42003141200
0060G00100000000,1617 WESTMONT AVE,SINGLE FAMILY,RESIDENTIAL,Private,Carrick,R2-L,40.39933828536892,-79.99013379,42003290100
0035H00033000000,1546 WESTFIELD ST,TWO FAMILY,RESIDENTIAL,Private,Beechview,R1D-H,40.410932383038656,-80.01946876,42003191600
0014R00062000000,132 ZARA ST,ROWHOUSE,RESIDENTIAL,Private,Knoxville,R1D-H,40.41566283199991,-79.98974691,42003300100
0047M00028000000,1704 SPRING GARDEN AVE,SINGLE FAMILY,RESIDENTIAL,Private,Spring Garden,R1D-L,40.46708359209967,-79.9854265,42003241300
0014H00022000000,216 WACHTER ST,SINGLE FAMILY,RESIDENTIAL,Private,South Side Slopes,H,40.42093734790665,-79.98657242,42003170600
0173A00256000000,1358 MISSOURI ST,SINGLE FAMILY,RESIDENTIAL,Private,Lincoln-Lemington-Belmar,RM-M,40.47029320896717,-79.89882249,42003120300
0024K00338000000,913 WETTACH ST,SINGLE FAMILY,RESIDENTIAL,Private,East Allegheny,R1A-H,40.457160757258066,-79.99291141,42003563202
0174P00334000000,7347 KELLY ST,APART: 5-19 UNITS,COMMERCIAL,Private,Homewood South,RM-M,40.45478672537548,-79.89295497,42003130800
0042P00186000000,3068 CHARTIERS AVE,TWO FAMILY,RESIDENTIAL,Private,Sheraden,LNC,40.45383378417985,-80.06069274,42003202200
0034F00044000000,1350 PIONEER AVE,SINGLE FAMILY,RESIDENTIAL,Private,Brookline,UI,40.41076888689879,-80.01089879,42003191700
0014J00310000000,410 CURTIN AVE,SINGLE FAMILY,RESIDENTIAL,Private,Beltzhoover,R2-H,40.41870594095174,-79.99910673,42003562400
0040G00273000000,4 ELMONT ST,SINGLE FAMILY,RESIDENTIAL,Private,Crafton Heights,R2-L,40.438853569011194,-80.05625676,42003281500
0014F00067000000,0 WALTER ST,VACANT LAND,RESIDENTIAL,Private,Allentown,R1D-H,40.41974261336953,-79.99444515,42003180300
0036H00078000000,1015 CHAPPEL AVE,SINGLE FAMILY,RESIDENTIAL,Private,Banksville,P,40.409467287723515,-80.03290996,42003202300
0077S00267000000,2530 SUNSET AVE,SINGLE FAMILY,RESIDENTIAL,Private,Spring Hill-City View,R1D-L,40.473005066101706,-80.00028917,42003262000
0015B00262000000,217 PAUL ST,SINGLE FAMILY,RESIDENTIAL,Private,Mount Washington,R1D-H,40.42254971004093,-80.00945803,42003191500
0014C00307000000,1014 E WARRINGTON AVE,SINGLE FAMILY,RESIDENTIAL,Private,South Side Slopes,R1A-VH,40.42181844986115,-79.98772489,42003170600
0091J00032000000,412 MIFFLIN RD,SINGLE FAMILY,RESIDENTIAL,Private,Hays,UI,40.38724708455591,-79.93216464,42003565300
0014H00072000000,2621 S 18TH ST,TWO FAMILY,RESIDENTIAL,Private,South Side Slopes,R1A-VH,40.420562271877934,-79.98577645,42003170600
0075L00289000000,3306 FLEMING AVE,SINGLE FAMILY,RESIDENTIAL,City,Brighton Heights,R1A-H,40.47560109977725,-80.03742656,42003270300
0003N00062000000,440 IBERIA ST,SINGLE FAMILY,RESIDENTIAL,Private,Mount Washington,R1D-H,40.424215876593614,-79.99909792,42003180700
0174P00390000000,7512 BENNETT ST,TWO FAMILY,RESIDENTIAL,City,Homewood South,RM-M,40.45508836,-79.89185442,42003130800
0173A00121000000,7014 CHURCHLAND ST,SINGLE FAMILY,RESIDENTIAL,Private,Lincoln-Lemington-Belmar,RM-M,40.47140941105761,-79.89728977,42003561900
0023H00300000000,101 FOUNTAIN ST,SINGLE FAMILY,RESIDENTIAL,Private,Fineview,RM-M,40.45888220917343,-80.00191806,42003250900
0024G00153000000,1318 TRUAX WAY,SINGLE FAMILY,RESIDENTIAL,Private,Troy Hill,R1D-H,40.45915304,-79.9876006,42003241300
0022B00064000000,1219 COLFAX ST,SINGLE FAMILY,RESIDENTIAL,Private,California-Kirkbride,P,40.462043270019684,-80.02548132,42003565200
0135H00078000000,677 CALERA ST,SINGLE FAMILY,RESIDENTIAL,Private,Hays,R2-L,40.38014910456955,-79.93428546,42003565300
0021N00163000000,2728 MERWYN AVE,SINGLE FAMILY,RESIDENTIAL,Private,Sheraden,H,40.45446429,-80.04918398,42003562500
0049F00026000000,4030 BUTLER ST,RETL/APT'S OVER,COMMERCIAL,Private,Central Lawrenceville,LNC,40.469283214193226,-79.96121949,42003090200
0174K00112000000,7301 FRANKSTOWN AVE,RETL/APT'S OVER,COMMERCIAL,Private,Homewood North,RM-M,40.457050880679276,-79.89392724,42003130200
0057C00004000000,130 MANSION ST,SINGLE FAMILY,RESIDENTIAL,City,Hazelwood,R1A-H,40.40374037,-79.94099694,42003562300
0125D00044000A00,1024 GERRITT ST,SINGLE FAMILY,RESIDENTIAL,City,Homewood West,R2-L,40.46046068049727,-79.90128424,42003130700
0023D00206000000,1730 WARREN ST,ROWHOUSE,RESIDENTIAL,Private,Fineview,R1D-H,40.462217171107085,-80.00233895,42003250900
0049C00263000000,345 46TH ST,ROWHOUSE,RESIDENTIAL,Private,Central Lawrenceville,R1A-H,40.470546001796905,-79.9553105,42003090200
0173A00002000000,7023 WILTSIE ST,SINGLE FAMILY,RESIDENTIAL,Private,Lincoln-Lemington-Belmar,R1D-L,40.472082132300926,-79.89595863,42003561900
0014G00145000000,1419 ARLINGTON AVE,SINGLE FAMILY,RESIDENTIAL,Private,Allentown,R1D-H,40.41973907388923,-79.98973486,42003180300
0175C00003000000,7632 HAMILTON AVE,SINGLE FAMILY,RESIDENTIAL,Private,Homewood South,RM-M,40.452707125022506,-79.88998002,42003130800
0087N00240000000,1044 MIRROR ST,SINGLE FAMILY,RESIDENTIAL,Private,Greenfield,R1D-H,40.42593514537131,-79.92957839,42003151700
0004N00055000000,248 DILWORTH ST,SINGLE FAMILY,RESIDENTIAL,Private,Mount Washington,R1D-H,40.42570554332079,-80.01496729,42003191400
0083M00326000000,7 MOGA ST,SINGLE FAMILY,RESIDENTIAL,Private,East Liberty,R1A-H,40.46728831360055,-79.91767394,42003111300
0024K00313000000,905 RICKENBACH ST,SINGLE FAMILY,RESIDENTIAL,Private,East Allegheny,R1A-H,40.45677150536798,-79.9934183,42003563202
0033A00304000000,406 ARABELLA ST,SINGLE FAMILY,RESIDENTIAL,Private,Knoxville,R1D-H,40.412755591750766,-79.99537311,42003300100
0014F00269000000,837 LOYAL WAY,SINGLE FAMILY,RESIDENTIAL,Private,Allentown,R1D-H,40.41971449622149,-79.99226565,42003180300
0015B00316000000,215 ALBERT ST,SINGLE FAMILY,RESIDENTIAL,Private,Mount Washington,R1D-H,40.423014008287055,-80.00926786,42003191500
0139H00147000000,296 GEORGETTE ST,SINGLE FAMILY,RESIDENTIAL,Private,Overbrook,R1D-M,40.38127010529872,-80.00265198,42003320700
0042D00051000000,312 SLOAN ST,SINGLE FAMILY,RESIDENTIAL,Private,Esplen,RIV-RM,40.46207817391295,-80.05234867,42003562500
0173L00084000000,1521 OBERLIN ST,SINGLE FAMILY,RESIDENTIAL,Private,Lincoln-Lemington-Belmar,R1D-L,40.46606159469996,-79.8903336,42003561900
0232A00182000000,546 HAVERHILL ST,SINGLE FAMILY,RESIDENTIAL,Private,East Hills,RM-M,40.451005143339586,-79.88063776,42003130600
0081F00140000000,967 WOODBINE ST,SINGLE FAMILY,RESIDENTIAL,Private,Stanton Heights,R2-L,40.477721295719476,-79.94262117,42003100500
0010C00036000000,2537 WEBSTER AVE,SINGLE FAMILY,RESIDENTIAL,Private,Bedford Dwellings,RM-M,40.450443062215975,-79.97149153,42003050900
0035K00118000000,1718 RUTHERFORD AVE,SINGLE FAMILY,RESIDENTIAL,Private,Beechview,R1D-H,40.40797380880904,-80.02667617,42003191600
0086E00340000000,5535 FORBES AVE,COMMON AREA,RESIDENTIAL,Private,Squirrel Hill North,RP,,,
0175D00214000000,594 OAKWOOD ST,SINGLE FAMILY,RESIDENTIAL,Private,East Hills,RM-M,40.45194012618448,-79.88430504,42003130600
0081C00209000000,4534 COLERIDGE ST,SINGLE FAMILY,RESIDENTIAL,Private,Stanton Heights,R2-L,40.48050374660903,-79.93850716,42003100500
0004E00098000000,375 WOODRUFF ST,SINGLE FAMILY,RESIDENTIAL,Private,Mount Washington,R1D-H,40.42965667606948,-80.01410892,42003191400
0042J00201000000,1101 STANHOPE ST,SINGLE FAMILY,RESIDENTIAL,Private,Sheraden,R1D-H,40.45632495757879,-80.06380618,42003202200
0061L00219000000,2175 LYNNBROOK AVE,SINGLE FAMILY,RESIDENTIAL,Private,Brookline,R1D-L,40.39746730585536,-80.00571191,42003320600
0015M00048000000,345 CEDARHURST ST,SINGLE FAMILY,RESIDENTIAL,Private,Beltzhoover,R2-H,40.418507054403285,-80.00069352,42003562400
0014A00217000000,628 EXCELSIOR ST,SINGLE FAMILY,RESIDENTIAL,Private,Allentown,R1D-H,40.422507794221005,-79.99611253,42003180300
0026F00164000000,3509 BETHOVEN ST,SINGLE FAMILY,RESIDENTIAL,Private,Polish Hill,R2-H,40.458684324459234,-79.96060447,42003060500
0174B00327000000,0 KEDRON ST,VACANT LAND,RESIDENTIAL,Private,Homewood North,R2-L,40.46023986826778,-79.89306549,42003130200
0014J00290000000,522 CURTIN AVE,SINGLE FAMILY,RESIDENTIAL,Private,Beltzhoover,R2-H,40.41758192197139,-79.99907082,42003562400
0014J00276000000,437 CHALFONT ST,RETL/APT'S OVER,COMMERCIAL,Private,Beltzhoover,R2-H,40.416893603859826,-79.99891173,42003562400
0129H00028000000,1231 LOVE ST,SINGLE FAMILY,RESIDENTIAL,Private,Swisshelm Park,R1D-L,40.42052977074197,-79.90309174,42003141100
0094P00285000000,2620 BROWNSVILLE RD,RETL/APT'S OVER,COMMERCIAL,Private,Carrick,LNC,40.38480523459608,-79.9784456,42003290400
0128N00147000000,2840 FERNWALD RD,SINGLE FAMILY,RESIDENTIAL,Private,Squirrel Hill South,R1D-L,40.425047730357896,-79.91573322,42003141400
0033R00130000000,15 WYNOKA ST,SINGLE FAMILY,RESIDENTIAL,Private,Carrick,R1D-H,40.405926282244785,-79.99060236,42003290200
0174E00086000000,7109 RACE ST,SINGLE FAMILY,RESIDENTIAL,City,Homewood North,R2-L,40.45942151115531,-79.89742231,42003130200
0083F00167000000,603 MELLON ST,SINGLE FAMILY,RESIDENTIAL,Private,East Liberty,R2-H,40.468741431781346,-79.92665045,42003111300
COMMON GROUND, ,,,Private,South Side Flats,RIV-MU,40.539822654495715,-80.15236925,42003563800
0062D00203000000,1931 WOODWARD AVE,SINGLE FAMILY,RESIDENTIAL,Private,Brookline,R1D-H,40.40367177817132,-80.01716345,42003191700
0033B00038000000,108 GRIMES AVE,SINGLE FAMILY,RESIDENTIAL,Private,Knoxville,R1D-H,40.41371278056592,-79.99268834,42003300100
0084G00010000000,6020 CENTRE AVE,RETL/APT'S OVER,COMMERCIAL,Private,Shadyside,UNC,40.45998819563548,-79.92411125,42003070800
0014D00059000000,1114 E WARRINGTON AVE,SINGLE FAMILY,RESIDENTIAL,Private,South Side Slopes,R1A-VH,40.42234097,-79.9859278,42003170600
0094E00154000000,134 CARRICK AVE,SINGLE FAMILY,RESIDENTIAL,Private,Carrick,R1D-L,40.39004273231895,-79.98139472,42003290400
0028L00311000A00,413 MCKEE PL,OFFICE/WAREHOUSE,COMMERCIAL,Private,Central Oakland,R-MU,40.436351223040226,-79.95499961,42003040600
0014F00240000000,854 PROCTOR WAY,SINGLE FAMILY,RESIDENTIAL,Private,Allentown,R1D-H,40.420331673433594,-79.99156683,42003180300
0010D00380000000,2924 WEBSTER AVE,ROWHOUSE,RESIDENTIAL,Private,Middle Hill,RM-M,40.45200951447833,-79.96630523,42003050100
0014F00164000000,915 INDUSTRY ST,TWO FAMILY,RESIDENTIAL,Private,Allentown,R1D-H,40.42099147338858,-79.99118064,42003180300
0084K00084000000,350 SPAHR ST,SINGLE FAMILY,RESIDENTIAL,Private,Shadyside,R2-M,40.45577610530625,-79.9278941,42003070500
0013K00237000000,2206 ELSIE ST,VACANT LAND,RESIDENTIAL,Private,Arlington,R2-L,40.41668695565766,-79.97555571,42003161000
0013L00013000000,2304 ECCLES ST,SINGLE FAMILY,RESIDENTIAL,Private,South Side Slopes,R1D-H,40.41803943194971,-79.97413071,42003160800
0025F00177000500,2901 SMALLMAN ST,CONDOMINIUM,RESIDENTIAL,Private,Strip District,RIV-IMU,40.45882165,-79.97514766,42003020300
0006M00248000000,157 ONEIDA ST,SINGLE FAMILY,RESIDENTIAL,Private,Duquesne Heights,R1D-M,40.43666130210653,-80.01967785,42003191100
0046J00273000000,212 CHESTER AVE,SINGLE FAMILY,RESIDENTIAL,City,Perry South,R1D-H,40.467305776111054,-80.01201256,42003261400
0004B00224000300,229 GRANDVIEW AVE,CONDOMINIUM,RESIDENTIAL,Private,Mount Washington,GPRA,40.432516484353876,-80.0092062,42003191400
0006F00092000000,309 FINGAL ST,SINGLE FAMILY,RESIDENTIAL,Private,Duquesne Heights,LNC,40.43866662665968,-80.02728989,42003191100
0011J00302000000,53 MILTENBERGER ST,ROWHOUSE,RESIDENTIAL,Private,Bluff,UPR-B,40.43635176,-79.98173733,42003010302
0174H00141000000,1059 BLACKADORE ST,SINGLE FAMILY,RESIDENTIAL,Private,Homewood North,R2-L,40.45797390852876,-79.88363149,42003130700
0046P00299000000,14 LETSCHE ST,SINGLE FAMILY,RESIDENTIAL,Private,Fineview,R1D-L,40.46248824569491,-80.00793479,42003250900
0231R00094000000,2210 PARK HILL DR,TOWNHOUSE,RESIDENTIAL,Private,East Hills,RP,40.45389707681033,-79.8738627,42003130600
0056K00066000000,37 W ELIZABETH ST,ROWHOUSE,RESIDENTIAL,Private,Hazelwood,R1A-VH,40.40664059725181,-79.94480788,42003562901
0175C00232000000,7727 TIOGA ST,SINGLE FAMILY,RESIDENTIAL,Private,Homewood South,R1A-VH,40.450901883810474,-79.88882787,42003130800
0176E00060000000,607 S BRADDOCK AVE,"RESTAURANT, CAFET AND/OR BAR",COMMERCIAL,Private,Regent Square,LNC,40.43935865275639,-79.89727945,42003141200
0033B00207000000,305 ARABELLA ST,SINGLE FAMILY,RESIDENTIAL,Private,Knoxville,R1D-H,40.412658198014945,-79.99315641,42003300100
0076A00250000000,3518 CORONA ST,SINGLE FAMILY,RESIDENTIAL,Private,Brighton Heights,R1D-M,40.48001035097648,-80.03164647,42003270300
0173L00101000000,1516 OBERLIN ST,TWO FAMILY,RESIDENTIAL,Private,Lincoln-Lemington-Belmar,R1D-L,40.46600891,-79.88982626,42003561900
0014K00080000000,311 ORCHARD PL,SINGLE FAMILY,RESIDENTIAL,Private,Knoxville,R1D-H,40.418187667995674,-79.99377413,42003300100
0011J00264000000,1833 BLVD OF THE ALLIES,ROWHOUSE,RESIDENTIAL,Private,Bluff,UPR-B,40.43613368548079,-79.98019661,42003010302
0054L00074000000,3915 NANTASKET ST,ROWHOUSE,RESIDENTIAL,Private,Greenfield,RM-M,40.42736740045266,-79.94036717,42003151600
0045N00326000000,2428 CALIFORNIA AVE,SINGLE FAMILY,RESIDENTIAL,Private,Marshall-Shadeland,R1A-H,40.464621698644294,-80.03227793,42003271600
0001C01662000000,320 FORT DUQUESNE BLVD,CONDOMINIUM COMMON PROPERTY,RESIDENTIAL,Private,Central Business District,GT-D,40.442585243897746,-80.00684024,42003020100
0021N00049000000,2705 MERWYN AVE,VACANT LAND,RESIDENTIAL,Private,Sheraden,H,40.45356406396535,-80.04893805,42003562500
0174A00048000000,7129 MOUNT VERNON ST,SINGLE FAMILY,RESIDENTIAL,Private,Homewood North,R2-L,40.461970742415815,-79.89615571,42003130700
0050M00128000000,5418 BROAD ST,SINGLE FAMILY,RESIDENTIAL,Private,Garfield,R2-H,40.46529430274211,-79.93512866,42003111400
0014G00259000000,923 INDUSTRY ST,SINGLE FAMILY,RESIDENTIAL,Private,Allentown,R1D-H,40.420998957921746,-79.99088155,42003180300
0041B00046000000,1226 TYNDALL ST,SINGLE FAMILY,RESIDENTIAL,Private,Sheraden,R1D-M,40.45174737735069,-80.06134187,42003202200
0055B00266000000,4253 HALDANE ST,SINGLE FAMILY,RESIDENTIAL,Private,Greenfield,R1D-H,40.42174726,-79.94223734,42003151600
0051H00160000000,401 ROUP AVE,FOUR FAMILY,RESIDENTIAL,Private,Friendship,R3-M,40.45926962109995,-79.93498662,42003080700
0056P00005000000,5138 LYTLE ST,ROWHOUSE,RESIDENTIAL,Private,Hazelwood,R1A-VH,40.40540859488634,-79.94525056,42003562901
0138B00013000000,469 ANTENOR AVE,TWO FAMILY,RESIDENTIAL,Private,Carrick,R1D-L,40.38442156505222,-79.99219918,42003290400
0124G00073000000,0 DEAN ST,VACANT LAND,RESIDENTIAL,Private,Lincoln-Lemington-Belmar,RM-M,40.469234524225776,-79.90526503,42003120300
0022L00105000000,1222 N FRANKLIN ST,SINGLE FAMILY,RESIDENTIAL,Private,Manchester,R1A-VH,40.45662977746679,-80.02394491,42003565200
0014F00151000000,1226 ARLINGTON AVE,"RESTAURANT, CAFET AND/OR BAR",COMMERCIAL,Private,Allentown,LNC,40.42104669329274,-79.99228268,42003180300
0045A00241000000,2807 FREDERICK ST,TWO FAMILY,RESIDENTIAL,Private,Marshall-Shadeland,LNC,40.47020543241504,-80.02996798,42003271600
0056K00319000000,5011 GERTRUDE ST,SINGLE FAMILY,RESIDENTIAL,Private,Hazelwood,R1D-M,40.408651156457566,-79.9416966,42003562300
0004A00104000000,204 MERRIMAC ST,SINGLE FAMILY,RESIDENTIAL,Private,Mount Washington,R1D-H,40.43265189097502,-80.01394023,42003190300
0014G00069000000,920 FREELAND ST,SINGLE FAMILY,RESIDENTIAL,Private,Allentown,R1D-H,40.41908671938674,-79.98987903,42003180300
0013P00095000000,222 STERLING ST,SINGLE FAMILY,RESIDENTIAL,Private,Arlington,R2-L,40.41546982260662,-79.97519597,42003161000
0175C00116000000,531 BRUSHTON AVE,WAREHOUSE,INDUSTRIAL,Private,Homewood South,UI,40.45080665088982,-79.89073384,42003130800
0035S00107000000,1826 WEST LIBERTY AVE,RETL/APT'S OVER,COMMERCIAL,Private,Beechview,UI,40.40563384943314,-80.01907877,42003192000
0014F00210000000,823 CLIMAX ST,OFFICE/WAREHOUSE,COMMERCIAL,Private,Allentown,R1D-H,40.42024130012553,-79.99268847,42003180300
0004R00168000000,243 SMITH WAY,SINGLE FAMILY,RESIDENTIAL,Private,Mount Washington,R1D-H,40.42401033568914,-80.00759566,42003191500
0027B00260000000,3108 LYON ST,ROWHOUSE,RESIDENTIAL,Private,Upper Hill,R2-L,40.45173600398878,-79.96055496,42003050600
0054M00127000000,812 MONTEIRO ST,SINGLE FAMILY,RESIDENTIAL,Private,Greenfield,H,40.42653085359625,-79.93542618,42003151700
0024A00120000000,1608 RADNER ST,SINGLE FAMILY,RESIDENTIAL,Private,Spring Hill-City View,H,40.46135213,-79.99828651,42003262000
0004K00324000000,7 WHITWORTH ST,SINGLE FAMILY,RESIDENTIAL,Private,Mount Washington,R2-H,40.425965632315744,-80.00864242,42003191400
0060G00147000000,1601 BROWNSVILLE RD,OFFICE/WAREHOUSE,COMMERCIAL,Private,Carrick,LNC,40.39968734840499,-79.98871909,42003290200
0010H00152000000,556 FRANCIS ST,SINGLE FAMILY,RESIDENTIAL,Private,Middle Hill,RM-M,40.44880809488563,-79.96819838,42003050100
0042M00018000000,2933 ZEPHYR AVE,SINGLE FAMILY,RESIDENTIAL,Private,Sheraden,R1D-H,40.455430707344746,-80.05284941,42003562500
0174R00197000000,623 BRUSHTON AVE,COMM AUX BUILDING,COMMERCIAL,Private,Homewood South,LNC,40.45348101455733,-79.88921164,42003130800
0026P00173000000,0 ADELAIDE ST,VACANT LAND,RESIDENTIAL,Private,Upper Hill,R2-L,40.45357509057229,-79.9593637,42003050600
0176N00104000000,946 MILTON ST,SINGLE FAMILY,RESIDENTIAL,Private,Regent Square,R1D-M,40.43413988758509,-79.89665471,42003141200
0055K00394000000,4515 PARADE ST,SINGLE FAMILY,RESIDENTIAL,Private,Hazelwood,R1D-M,40.41728977,-79.94127809,42003562901
0174R00039000000,7622 BENNETT ST,SINGLE FAMILY,RESIDENTIAL,Private,Homewood South,RM-M,40.45448777714134,-79.88920199,42003130800
0036H00088000000,1041 CHAPPEL AVE,SINGLE FAMILY,RESIDENTIAL,Private,Banksville,P,40.40973931574063,-80.03365026,42003202300
0045J00038000000,2428 COLORADO ST,SINGLE FAMILY,RESIDENTIAL,Private,Marshall-Shadeland,H,40.46492730803561,-80.0317994,42003271600
0077F00193000000,50 TRETOW ST,VACANT LAND,RESIDENTIAL,Private,Perry North,R1D-L,40.47850307030006,-80.00901237,42003260700
0026J00224000000,3397 RIDGWAY ST,SINGLE FAMILY,RESIDENTIAL,Private,Polish Hill,H,40.456745220054714,-79.96212144,42003060500
0049M00162000000,4418 PENN AVE,MEDICAL CLINICS/OFFICES,COMMERCIAL,Private,Bloomfield,LNC,40.46584157539912,-79.95278042,42003090300
0004P00012000000,82 DILWORTH ST,SINGLE FAMILY,RESIDENTIAL,Private,Mount Washington,R1D-H,40.425612873254074,-80.01149488,42003191400
0120L00170000000,1116 OGLETHORPE AVE,SINGLE FAMILY,RESIDENTIAL,Private,Stanton Heights,R1D-L,40.48476727127599,-79.93826437,42003101800
0006L00335000000,139 PLYMOUTH ST,SINGLE FAMILY,RESIDENTIAL,Private,Duquesne Heights,AP,40.43756547974985,-80.02044676,42003191100
0006M00283000000,172 ONEIDA ST,TWO FAMILY,RESIDENTIAL,Private,Duquesne Heights,R1D-M,40.43637767335574,-80.02025395,42003191100
0075S00293000000,3011 GEYER AVE,SINGLE FAMILY,RESIDENTIAL,Private,Marshall-Shadeland,H,40.47226026764391,-80.03547473,42003271600
0124P00092000A00,516 PAULSON AVE,ROWHOUSE,RESIDENTIAL,Private,Larimer,R1A-H,40.46346222095233,-79.91176328,42003120900
0175H00087000000,7940 TIOGA ST,SINGLE FAMILY,RESIDENTIAL,Private,Homewood South,RM-M,40.44933774,-79.88556283,42003130800
0095D00170000000,105 E WOODFORD AVE,SINGLE FAMILY,RESIDENTIAL,Private,Carrick,R1D-H,40.393557772032416,-79.98493535,42003290200
0175H00204000000,512 OAKWOOD ST,ROWHOUSE,RESIDENTIAL,Private,East Hills,RM-M,40.44947612698544,-79.88380861,42003130600
0004P00152000000,213 SOUTHERN AVE,SINGLE FAMILY,RESIDENTIAL,Private,Mount Washington,R2-H,40.42381920552538,-80.01071487,42003191500
0028H00031000000,3817 BATES ST,SINGLE FAMILY,RESIDENTIAL,Private,Central Oakland,R-MU,40.43931070515179,-79.95306894,42003040500
0124S00245000C00,6952 MOUNT VERNON ST,ROWHOUSE,RESIDENTIAL,Private,Homewood West,R2-L,40.46251694,-79.90013156,42003130700
0056B00008000100,0 BERWICK ST,VACANT LAND,RESIDENTIAL,City,Hazelwood,NDI,40.413308616407996,-79.94514787,42003562901
0003K00056000000,650 ARLINGTON AVE,SINGLE FAMILY,RESIDENTIAL,Private,Allentown,H,40.42616875090388,-79.99288882,42003180300
0075R00104000000,3146 MOUNT HOPE RD,VACANT LAND,RESIDENTIAL,Private,Marshall-Shadeland,H,40.47307832828916,-80.03709526,42003271600
0124N00184000000,404 PAULSON AVE,"CHURCHES, PUBLIC WORSHIP",COMMERCIAL,Private,Larimer,R1D-H,40.46274140923624,-79.91262245,42003120900
0024K00131000000,912 PHINEAS ST,ROWHOUSE,RESIDENTIAL,Private,East Allegheny,R1A-VH,40.455675484488715,-79.99411682,42003563202
0174B00321000000,7230 KEDRON ST,SINGLE FAMILY,RESIDENTIAL,Private,Homewood North,R2-L,40.46029916973614,-79.89361255,42003130200
0049J00326000000,218 39TH ST,SINGLE FAMILY,RESIDENTIAL,Private,Lower Lawrenceville,R1A-H,40.46697120875671,-79.96339701,42003060300
0081A00041000000,5302 DUNCAN ST,SINGLE FAMILY,RESIDENTIAL,Private,Upper Lawrenceville,R1A-VH,40.47995374093441,-79.94919724,42003101100
0035C00187000000,1413 KENBERMA AVE,SINGLE FAMILY,RESIDENTIAL,Private,Beechview,R1D-H,40.41248142390925,-80.02170943,42003191600
0175D00286000000,638 SINGER PL,SINGLE FAMILY,RESIDENTIAL,Private,East Hills,RM-M,40.45244004563302,-79.88340884,42003130600
0075B00339000000,3617 CALIFORNIA AVE,OFFICE - 1-2 STORIES,COMMERCIAL,Private,Brighton Heights,LNC,40.48064138514064,-80.04154773,42003270100
0021N00055000000,2657 MERWYN AVE,SINGLE FAMILY,RESIDENTIAL,Private,Sheraden,H,40.45338160583803,-80.04852182,42003562500
0014P00260000000,232 BAUSMAN ST,SINGLE FAMILY,RESIDENTIAL,Private,Knoxville,R1D-H,40.41410444592239,-79.99213054,42003300100
0050H00241000000,421 WICKLOW ST,VACANT LAND,RESIDENTIAL,Private,Garfield,R1D-H,40.46848348262264,-79.93544634,42003101900
0125H00154000000,7028 MONTICELLO ST,VACANT LAND,RESIDENTIAL,City,Homewood North,R2-L,40.459960832958075,-79.89946293,42003130700
0162P00099000000,149 MONTVIEW ST,SINGLE FAMILY,RESIDENTIAL,Private,Perry North,H,40.491861991885195,-80.02556195,42003260200
0243A00038000000,5815 LAUDER ST,SINGLE FAMILY,RESIDENTIAL,Private,Lincoln Place,R1D-L,40.36514508353006,-79.91310835,42003310200
0095H00096000000,2219 BROWNSVILLE RD,OFFICE/APARTMENTS OVER,COMMERCIAL,Private,Carrick,R1D-H,40.39082043453352,-79.9859264,42003290200
0011J00212000000,1843 LOCUST ST,ROWHOUSE,RESIDENTIAL,Private,Bluff,UPR-B,40.436784780189626,-79.97995267,42003010302
0014L00128000000,67 KNOX AVE,SINGLE FAMILY,RESIDENTIAL,Private,Knoxville,R1D-H,40.41708413867583,-79.99091343,42003300100
0050L00126000000,5320 KINCAID ST,ROWHOUSE,RESIDENTIAL,Private,Garfield,R1D-H,40.466314572612795,-79.93727126,42003101900
0004M00146000000,47 BAILEY AVE,RETL/OFF OVER,COMMERCIAL,Private,Mount Washington,LNC,40.427197098049774,-80.00361131,42003180700
0012P00141000000,0 S 18TH ST,VACANT LAND,RESIDENTIAL,Private,South Side Slopes,R1A-VH,40.42385759527382,-79.97793837,42003170600
0003P00186000000,717 EUREKA ST,SINGLE FAMILY,RESIDENTIAL,Private,Allentown,R1D-H,40.42386753739481,-79.99508101,42003180300
0035N00318000000,2130 LOS ANGELES AVE,SINGLE FAMILY,RESIDENTIAL,Private,Beechview,R1D-M,40.40418571523443,-80.02937023,42003192000
0084K00235000000,362 S HIGHLAND AVE,GROUP HOME,COMMERCIAL,Private,Shadyside,RM-H,40.45526405355407,-79.92563447,42003070500
0042R00156000000,0 CHARTIERS AVE,MUNICIPAL GOVERNMENT,GOVERNMENT,City,Sheraden,LNC,40.453686846649724,-80.05572727,42003202200
0014K00005000000,724 LILLIAN ST,SINGLE FAMILY,RESIDENTIAL,Private,Allentown,R1D-H,40.41851699001084,-79.99473288,42003180300
0014G00149000000,927 LOYAL WAY,SINGLE FAMILY,RESIDENTIAL,Private,Allentown,R1D-H,40.41974677399924,-79.98955016,42003180300
0049A00053000000,4122 FOSTER ST,ROWHOUSE,RESIDENTIAL,Private,Central Lawrenceville,R1A-VH,40.47093525028683,-79.96205232,42003090100
0046K00159000000,2201 FEDERAL STREET EXT,RETL/APT'S OVER,COMMERCIAL,Private,Perry South,R1D-H,40.46516555222216,-80.01028076,42003261400
0026H00212000000,4737 LORIGAN ST,SINGLE FAMILY,RESIDENTIAL,Private,Bloomfield,R2-VH,40.45865160317857,-79.95102004,42003080200
0009N00101000000,922 PENN AVE,RETL/OFF OVER,COMMERCIAL,Private,Central Business District,GT-C,40.44378911953185,-79.99716436,42003020100
0173G00033000000,1616 BROADHEAD ST,SINGLE FAMILY,RESIDENTIAL,Private,Lincoln-Lemington-Belmar,R1D-L,40.46880088444833,-79.89104602,42003561900
0173F00219000000,1559 BROADHEAD ST,SINGLE FAMILY,RESIDENTIAL,Private,Lincoln-Lemington-Belmar,R1D-L,40.46886501,-79.89243994,42003561900
0012S00029000000,2720 SARAH ST,ROWHOUSE,RESIDENTIAL,Private,South Side Flats,R2-VH,40.42558686348409,-79.9669859,42003160900
0014C00207000000,1022 SAINT MARTIN ST,SINGLE FAMILY,RESIDENTIAL,Private,South Side Slopes,H,40.42232314526207,-79.98736001,42003170600
0023F00221000000,208 ALPINE AVE,SINGLE FAMILY,RESIDENTIAL,Private,Central Northside,R1A-VH,40.45846259562825,-80.01001285,42003565100
0013S00213000000,313 RINNE ST,SINGLE FAMILY,RESIDENTIAL,Private,Arlington,P,40.41393198403228,-79.96836046,42003161000
0081C00060000000,4534 STANTON AVE,TWO FAMILY,RESIDENTIAL,Private,Stanton Heights,R2-L,40.48122167838635,-79.93816778,42003100500
0014J00241000000,517 CURTIN AVE,SINGLE FAMILY,RESIDENTIAL,Private,Beltzhoover,R2-H,40.41767241075461,-79.99853069,42003562400
0025D00227000000,307 34TH ST,TWO FAMILY,RESIDENTIAL,Private,Lower Lawrenceville,LNC,40.461932630330146,-79.96618011,42003060300
0097D00127000000,813 BROOKLINE BLVD,SMALL DETACHED RET(UNDER 10000),COMMERCIAL,Private,Brookline,LNC,40.39359986746281,-80.01927506,42003191900
0024K00312000000,903 RICKENBACH ST,SINGLE FAMILY,RESIDENTIAL,Private,East Allegheny,R1A-H,40.45668753102056,-79.99338926,42003563202
0042S00016000000,2791 BERGMAN ST,SINGLE FAMILY,RESIDENTIAL,Private,Sheraden,R1D-H,40.45416485797333,-80.05286056,42003562500
0174L00212000000,7643 FRANKSTOWN AVE,MEDICAL CLINICS/OFFICES,COMMERCIAL,Private,Homewood North,LNC,40.45580608311187,-79.88839232,42003130200
0231K00059000000,8418 FRANKSTOWN AVE,SINGLE FAMILY,RESIDENTIAL,Private,East Hills,NDI,40.45718738318706,-79.87684389,42003130600
0024J00280000000,1017 CHESTNUT ST,RETL/APT'S OVER,COMMERCIAL,Private,East Allegheny,R1A-VH,40.45748640880994,-79.99560448,42003563202
0011E00038000000,1705 5TH AVE,RETL/STOR OVER,COMMERCIAL,Private,Crawford-Roberts,UPR-A,40.43863234577276,-79.98231887,42003030500
0174G00185000000,7438 HERMITAGE ST,SINGLE FAMILY,RESIDENTIAL,Private,Homewood North,RM-M,40.45868376598054,-79.88942644,42003130700
0046K00023000000,201 W BURGESS ST,ROWHOUSE,RESIDENTIAL,Private,Perry South,R1D-H,40.46676643200766,-80.01142105,42003261400
0173G00214000000,7317 SOMERSET ST,SINGLE FAMILY,RESIDENTIAL,Private,Lincoln-Lemington-Belmar,R1D-L,40.46797513736941,-79.89077506,42003561900
0022H00029000000,857 KIRKBRIDE ST,SINGLE FAMILY,RESIDENTIAL,Private,California-Kirkbride,R1A-M,40.45991206404903,-80.0189151,42003565200
0087N00112000000,910 KENNEBEC ST,SINGLE FAMILY,RESIDENTIAL,Private,Greenfield,R1A-H,40.42487551965969,-79.93150511,42003151700
0095K00015000000,2159 FAIRLAND ST,SINGLE FAMILY,RESIDENTIAL,Private,Overbrook,R1D-H,40.38929404199118,-79.9942658,42003320400
0024K00268000000,914 SUISMON ST,SINGLE FAMILY,RESIDENTIAL,Private,East Allegheny,R1A-VH,40.456418269630575,-79.99441181,42003563202
0174K00007000000,7345 IDLEWILD ST,SINGLE FAMILY,RESIDENTIAL,Private,Homewood North,R2-L,40.457401413604494,-79.89175226,42003130200
0050F00068000000,4819 KINCAID ST,SINGLE FAMILY,RESIDENTIAL,Private,Garfield,R1A-H,40.467823079455506,-79.94516006,42003101900
0006B00170000000,1637 GRANDVIEW AVE,TWO FAMILY,RESIDENTIAL,Private,Duquesne Heights,GPRB,40.440677748898786,-80.02463402,42003191100
0049G00265000000,4410 SHERROD ST,SINGLE FAMILY,RESIDENTIAL,Private,Central Lawrenceville,R1A-H,40.468532574956015,-79.95498369,42003090200
0042L00041000000,3013 ZEPHYR AVE,SINGLE FAMILY,RESIDENTIAL,Private,Sheraden,R1D-H,40.45654792319343,-80.05398712,42003562500
0184J00377000000,1200 RODGERS ST,SINGLE FAMILY,RESIDENTIAL,City,Lincoln Place,R1D-L,40.36773587779237,-79.91555873,42003310200
0056F00208000000,4916 GERTRUDE ST,ROWHOUSE,RESIDENTIAL,Private,Hazelwood,R1A-H,40.409709295603854,-79.94266161,42003562300
0097G00005000000,910 WOODBOURNE AVE,SINGLE FAMILY,RESIDENTIAL,Private,Brookline,R1D-M,40.391434105705834,-80.02051064,42003191800
0060A00285000000,248 NOBLES LN,SINGLE FAMILY,RESIDENTIAL,Private,Carrick,P,40.402091861386026,-79.99622955,42003290100
0071M00083000000,3528 OLTMAN ST,SINGLE FAMILY,RESIDENTIAL,Private,Chartiers City,R1D-L,40.457387789148925,-80.06811462,42003563000
0050N00302000000,4815 FRIENDSHIP AVE,SINGLE FAMILY,RESIDENTIAL,Private,Bloomfield,R1A-H,40.46300808534768,-79.9461198,42003080900
0004J00094000000,511 GRACE ST,VACANT LAND,RESIDENTIAL,Private,Mount Washington,R1D-H,40.427840699451295,-80.01453307,42003191400
0076R00006000000,929 SMITHTON AVE,SINGLE FAMILY,RESIDENTIAL,Private,Marshall-Shadeland,R1D-M,40.47455806899866,-80.02413903,42003271600
0054N00345000000,4 ALEXIS ST,SINGLE FAMILY,RESIDENTIAL,Private,Greenfield,R1D-H,40.42578407555537,-79.94732115,42003151600
0174J00097000000,627 N HOMEWOOD AVE,RETL/APT'S OVER,COMMERCIAL,Private,Homewood South,LNC,40.45545566394647,-79.89737239,42003130800
0082N00252000000,745 CHISLETT ST,SINGLE FAMILY,RESIDENTIAL,Private,East Liberty,R2-M,40.472336674222454,-79.93103009,42003111300
0042H00214000000,3126 SACRAMENTO AVE,SINGLE FAMILY,RESIDENTIAL,Private,Sheraden,R1D-H,40.45928882417022,-80.05186791,42003562500
0001C01662H01400,320 FORT DUQUESNE BLVD,CONDOMINIUM,RESIDENTIAL,Private,Central Business District,GT-D,40.44224981559522,-80.00660427,42003020100
0026N00115000000,3375 WEBSTER AVE,TWO FAMILY,RESIDENTIAL,Private,Upper Hill,R2-L,40.454556818120444,-79.96302068,42003050600
0076J00199000000,3162 BRIGHTON RD,TWO FAMILY,RESIDENTIAL,Private,Marshall-Shadeland,LNC,40.47545573449118,-80.03013738,42003271600
0025H00142000000,325 DOWNING ST,SINGLE FAMILY,RESIDENTIAL,Private,Polish Hill,R2-H,40.45801470360725,-79.96683385,42003060500
0080D00173000A00,5237 KEYSTONE ST,ROWHOUSE,RESIDENTIAL,Private,Upper Lawrenceville,R1A-VH,40.48037371248982,-79.95225079,42003101100
0050L00100000000,5208 KINCAID ST,TWO FAMILY,RESIDENTIAL,Private,Garfield,R1D-H,40.466609599851715,-79.9391747,42003101900
0033B00317000000,243 MOORE AVE,SINGLE FAMILY,RESIDENTIAL,Private,Knoxville,R1D-H,40.41173488332775,-79.99273911,42003300100
0014C00266000000,917 E WARRINGTON AVE,SINGLE FAMILY,RESIDENTIAL,Private,Allentown,H,40.421955407677935,-79.99101706,42003180300
0014A00180000000,620 EDGEMONT ST,SINGLE FAMILY,RESIDENTIAL,Private,Allentown,R1D-H,40.42223778649038,-79.99653551,42003180300
0014H00025000000,205 WACHTER ST,SINGLE FAMILY,RESIDENTIAL,Private,South Side Slopes,H,40.42109090304695,-79.98647051,42003170600
0002H00031000000,1514 5TH AVE,RETL/STOR OVER,COMMERCIAL,Private,Bluff,UPR-A,40.438292230878304,-79.98458198,42003010302
0115N00154000000,3617 PURDUE ST,SINGLE FAMILY,RESIDENTIAL,Private,Brighton Heights,R1D-M,40.48304162909645,-80.02958965,42003270800
0015R00226000000,838 GEARING AVE,SINGLE FAMILY,RESIDENTIAL,Private,Beltzhoover,R2-H,40.414402222492505,-80.00509163,42003562400
0011E00185000000,212 WICK ST,SINGLE FAMILY,RESIDENTIAL,City,Crawford-Roberts,RM-M,40.439498604974524,-79.97934674,42003030500
0018B00147000000,0 OAKBROOK CIR,CONDOMINIUM COMMON PROPERTY,RESIDENTIAL,Private,Westwood,R1D-VL,40.43277082792203,-80.04099204,42003563100
0080P00204000000,4617 BUTLER ST,SINGLE FAMILY,RESIDENTIAL,Private,Central Lawrenceville,LNC,40.473423356915596,-79.95867627,42003090100
0014P00243000000,314 BAUSMAN ST,SINGLE FAMILY,RESIDENTIAL,Private,Knoxville,R1D-H,40.41406005147928,-79.99373211,42003300100
0014E00078000000,520 LOYAL WAY,SINGLE FAMILY,RESIDENTIAL,Private,Beltzhoover,R2-H,40.41943568157198,-79.99796425,42003562400
0014H00067000000,2627 QUARRY ST,SINGLE FAMILY,RESIDENTIAL,Private,South Side Slopes,H,40.420413025838606,-79.98590151,42003170600
0004N00133000000,245 WADE ST,SINGLE FAMILY,RESIDENTIAL,Private,Mount Washington,R1D-H,40.424560867389324,-80.01248465,42003191400
0024E00362000000,905 HASLAGE AVE,SINGLE FAMILY,RESIDENTIAL,Private,Spring Hill-City View,H,40.45993226401817,-79.99678969,42003262000
0062A00108000000,2318 BROADWAY AVE,RETL/APT'S OVER,COMMERCIAL,Private,Beechview,R1D-M,40.40198214954345,-80.0314062,42003192000
0003R00191000000,941 MCLAIN ST,SINGLE FAMILY,RESIDENTIAL,Private,Allentown,H,40.42444477899256,-79.99036667,42003180300
0004F00178000000,210 NATCHEZ ST,SINGLE FAMILY,RESIDENTIAL,Private,Mount Washington,R2-H,40.42939169080271,-80.00990086,42003191400
0094P00001000000,2551 CHURCHVIEW AVE,RETL/APT'S OVER,COMMERCIAL,Private,Carrick,R1D-L,40.38610390920353,-79.97858104,42003290400
0062B00122000000,2119 SARANAC AVE,SINGLE FAMILY,RESIDENTIAL,Private,Beechview,R1D-M,40.403965569647866,-80.02686744,42003192000
0033K00256000000,11 CALHOUN AVE,SINGLE FAMILY,RESIDENTIAL,Private,Carrick,R1D-H,40.406741519196444,-79.99154608,42003290200
0003H00347000000,29 S 12TH ST,SINGLE FAMILY,RESIDENTIAL,Private,South Side Flats,RIV-IMU,40.43023906967959,-79.98624758,42003170200
0094P00016000000,117 KIRK AVE,SINGLE FAMILY,RESIDENTIAL,Private,Carrick,R1D-L,40.38640364525332,-79.97818396,42003290400
0083K00075000000,333 N SAINT CLAIR ST,TOWNHOUSE,RESIDENTIAL,Private,East Liberty,R2-M,40.46587741391247,-79.92726629,42003111500
0013C00142000000,51 HOLT ST,SINGLE FAMILY,RESIDENTIAL,Private,South Side Slopes,H,40.42232820984769,-79.97176066,42003160800
0011J00209000100,1838 TUSTIN ST,SINGLE FAMILY,RESIDENTIAL,Private,Bluff,UPR-B,40.436868096987844,-79.98010425,42003010302
0056N00107000000,5145 BLAIR ST,ROWHOUSE,RESIDENTIAL,Private,Hazelwood,R1A-VH,40.405509741024396,-79.94599468,42003562901
0119S00219000000,5422 HARRISON ST,SINGLE FAMILY,RESIDENTIAL,Private,Upper Lawrenceville,RIV-MU,40.48364804554399,-79.95100311,42003101100
0003L00060000000,1110 FREYBURG ST,SINGLE FAMILY,RESIDENTIAL,Private,South Side Flats,R1A-VH,40.426465972983856,-79.98697141,42003170200
0014C00365000000,932 MANTON WAY,SINGLE FAMILY,RESIDENTIAL,Private,Allentown,R1D-H,40.42121168886448,-79.99092084,42003180300
0174E00027000000,7144 MONTICELLO ST,SINGLE FAMILY,RESIDENTIAL,Private,Homewood North,R2-L,40.45948681879602,-79.89618022,42003130200
0095P00084000000,607 OVERBROOK BLVD,SINGLE FAMILY,RESIDENTIAL,Private,Overbrook,R1D-H,40.384771110057855,-79.99384676,42003320400
0125S00161000000,7117 JONATHAN ST,ROWHOUSE,RESIDENTIAL,Private,Point Breeze North,R1A-H,40.45309884429105,-79.9007968,42003140500
0010H00175000000,545 MORGAN ST,SINGLE FAMILY,RESIDENTIAL,Private,Middle Hill,RM-M,40.448888594424005,-79.96777637,42003050100
0057D00042000000,312 RENOVA ST,SINGLE FAMILY,RESIDENTIAL,Private,Hazelwood,R1A-H,40.40270662568179,-79.93679041,42003562300
0056N00151000000,5150 BLAIR ST,ROWHOUSE,RESIDENTIAL,Private,Hazelwood,R1A-VH,40.40533721720663,-79.94645445,42003562901
0049P00097000000,3936 WOOLSLAYER WAY,TWO FAMILY,RESIDENTIAL,Private,Lower Lawrenceville,R1A-H,40.46450902776236,-79.95836084,42003060300
0012J00438000400,1912 JANE ST,CONDOMINIUM,RESIDENTIAL,Private,South Side Flats,R1A-VH,40.426621868787024,-79.97867159,42003170200
0139L00010000000,2740 LIBRARY RD,COMMERCIAL GARAGE,COMMERCIAL,Private,Overbrook,HC,40.37751803,-80.0044033,42003320700
0025H00108000000,316 HARMAR ST,VACANT LAND,RESIDENTIAL,Private,Polish Hill,R2-H,40.45787922564039,-79.96819092,42003060500
0080P00084000B00,180 45TH ST,VACANT LAND,RESIDENTIAL,Private,Central Lawrenceville,R1A-VH,40.472334421193736,-79.9601221,42003090100
0087N00245000000,4024 WINDSOR ST,TWO FAMILY,RESIDENTIAL,Private,Greenfield,R2-M,40.42581997863429,-79.92911693,42003151700
0124S00184000000,908 LAXTON ST,SINGLE FAMILY,RESIDENTIAL,Private,Homewood West,R2-L,40.46312033889341,-79.90172928,42003130700
0015H00292000000,246 E WARRINGTON AVE,SINGLE FAMILY,RESIDENTIAL,Private,Beltzhoover,R2-H,40.420780509611774,-80.00283799,42003562400
0095K00169000000,2231 FAIRLAND ST,SINGLE FAMILY,RESIDENTIAL,Private,Overbrook,R1D-H,40.38750897,-79.99389382,42003320400
0027B00061000000,750 BRYN MAWR RD,SINGLE FAMILY,RESIDENTIAL,Private,Upper Hill,R2-L,40.452627245863056,-79.96123572,42003050600
0138B00053000000,812 MAYTIDE ST,SINGLE FAMILY,RESIDENTIAL,Private,Overbrook,R1D-H,40.384514052309065,-79.99405727,42003320400
0011E00203000000,254 WICK ST,SINGLE FAMILY,RESIDENTIAL,Private,Crawford-Roberts,RM-M,40.440402566697095,-79.97990527,42003030500
0011J00072000C00,1727 FORBES AVE,ROWHOUSE,RESIDENTIAL,Private,Bluff,UPR-B,40.43768847519138,-79.98183258,42003010302
0174B00160000000,7221 MOUNT VERNON ST,TWO FAMILY,RESIDENTIAL,Private,Homewood North,R2-L,40.46139837165588,-79.89365619,42003130700
0014G00190000000,913 CLIMAX ST,SINGLE FAMILY,RESIDENTIAL,Private,Allentown,R1D-H,40.42018247,-79.98984678,42003180300
0014A00266000000,36 MILLBRIDGE ST,SINGLE FAMILY,RESIDENTIAL,Private,Allentown,R1D-H,40.42312573590536,-79.99607906,42003180300
0013H00211000000,2813 COBDEN ST,SINGLE FAMILY,RESIDENTIAL,Private,South Side Slopes,R1D-H,40.41983150653458,-79.96849505,42003160800
0124M00027000000,6700 DEARY ST,SINGLE FAMILY,RESIDENTIAL,Private,Lincoln-Lemington-Belmar,RM-M,40.46490541894641,-79.90253711,42003120300
0029C00270003400,201 HOLMES PL,CONDOMINIUM,RESIDENTIAL,Private,South Oakland,R1A-VH,40.432408537787154,-79.9544304,42003040900
0175D00155000000,7908 INGLENOOK PL,FOUR FAMILY,RESIDENTIAL,Private,Homewood South,RM-M,40.45103277375623,-79.88537863,42003130800
0124S00137000000,6824 LYRIC ST,SINGLE FAMILY,RESIDENTIAL,Private,Homewood West,R2-L,40.46291512360009,-79.90274934,42003130700
0006R00268000000,230 PLYMOUTH ST,SINGLE FAMILY,RESIDENTIAL,Private,Duquesne Heights,R1D-M,40.43536986901576,-80.02155572,42003191100
0076J00307000000,3157 SHADELAND AVE,TWO FAMILY,RESIDENTIAL,Private,Marshall-Shadeland,R2-H,40.474713666949455,-80.03214562,42003271600
0034D00001000000,417 VANDALIA ST,SINGLE FAMILY,RESIDENTIAL,City,Beltzhoover,R2-H,40.413755702757626,-79.99954736,42003562400
0014G00151000000,922 CLIMAX ST,SINGLE FAMILY,RESIDENTIAL,Private,Allentown,R1D-H,40.419921220421074,-79.98942604,42003180300
0175H00049000000,0 SUSQUEHANNA ST,VACANT LAND,RESIDENTIAL,URA,Homewood South,RM-M,40.44929551617492,-79.88683477,42003130800
0010D00338000A00,603 WANDLESS ST,ROWHOUSE,RESIDENTIAL,Private,Middle Hill,RM-M,40.45078758595134,-79.96685561,42003050100
0042H00090000000,3218 STAFFORD ST,SINGLE FAMILY,RESIDENTIAL,Private,Sheraden,H,40.45955137008364,-80.05363087,42003562500
0040G00337000000,1293 CLAIRHAVEN ST,SINGLE FAMILY,RESIDENTIAL,Private,Crafton Heights,LNC,40.43829707,-80.05547697,42003281500
0001D00259C70500,301 5TH AVE,CONDOMINIUM,RESIDENTIAL,Private,Central Business District,GT-A,40.440850823914495,-79.99987564,42003020100
0046F00176000000,109 MAYWOOD ST,SINGLE FAMILY,RESIDENTIAL,Private,Perry South,R1D-H,40.46762588128094,-80.01086428,42003261400
0057C00276000000,57 CUST ST,SINGLE FAMILY,RESIDENTIAL,Private,Hazelwood,R1A-H,40.402773689591555,-79.93921294,42003562300
0049B00347000000,227 44TH ST,ROWHOUSE,RESIDENTIAL,Private,Central Lawrenceville,R1A-H,40.47100231034457,-79.95875064,42003090200
0014K00277000000,327 CHARLES ST,SINGLE FAMILY,RESIDENTIAL,Private,Knoxville,R1D-H,40.41667635935636,-79.99441634,42003300100
0050M00206000000,5440 HILLCREST ST,SINGLE FAMILY,RESIDENTIAL,Private,Garfield,R2-H,40.46727109607001,-79.93297248,42003111400
0087M00049000000,6366 ALDERSON ST,SINGLE FAMILY,RESIDENTIAL,Private,Squirrel Hill South,R2-L,40.42748205990181,-79.91969303,42003141400
0055A00229000000,84 BIGELOW ST,SINGLE FAMILY,RESIDENTIAL,Private,Hazelwood,H,40.42281538424532,-79.94836054,42003562901
0050G00066000000,5183 ROSETTA ST,VACANT LAND,RESIDENTIAL,URA,Garfield,R1D-H,40.46787350938253,-79.93986097,42003101900
0015M00251000000,0 CHALFONT ST,VACANT LAND,RESIDENTIAL,City,Beltzhoover,R2-H,40.41684566207132,-80.0008862,42003562400
0013F00158000000,2111 SALISBURY ST,SINGLE FAMILY,RESIDENTIAL,Private,South Side Slopes,R1D-H,40.41957183938517,-79.97659059,42003160800
0173N00286000000,1508 N MURTLAND ST,ROWHOUSE,RESIDENTIAL,Private,Homewood North,R2-L,40.46341985,-79.89897591,42003130700
0014A00090000000,445 E WARRINGTON AVE,SINGLE FAMILY,RESIDENTIAL,Private,Beltzhoover,R2-H,40.42146671027343,-79.99871218,42003562400
0004B00264000000,121 W SYCAMORE ST,SINGLE FAMILY,RESIDENTIAL,Private,Mount Washington,R2-H,40.430909021265826,-80.00829596,42003191400
0012S00209000000,2810 EDWARDS WAY,ROWHOUSE,RESIDENTIAL,Private,South Side Slopes,R1A-VH,40.42372557235951,-79.96815449,42003160800
0175J00225000000,7527 TUSCARORA ST,SINGLE FAMILY,RESIDENTIAL,Private,Point Breeze,R1D-L,40.44661154603825,-79.89603293,42003141200
0015M00061000000,415 CEDARHURST ST,SINGLE FAMILY,RESIDENTIAL,City,Beltzhoover,R2-H,40.41851814612028,-79.99975113,42003562400
0124S00141000000,6820 LYRIC ST,SINGLE FAMILY,RESIDENTIAL,Private,Homewood West,R2-L,40.46299650618673,-79.90289107,42003130700
0018B00076000001,1019 JEROME ST,SINGLE FAMILY,RESIDENTIAL,Private,Westwood,R1D-L,40.43226491468161,-80.04387138,42003563100
0013K00233000000,2206 ELSIE ST,VACANT LAND,RESIDENTIAL,Private,Arlington,LNC,40.41655807611052,-79.97598165,42003161000
0178A00038000000,254 WHIPPLE ST,SINGLE FAMILY,RESIDENTIAL,Private,Swisshelm Park,R2-L,40.42252260212802,-79.89918276,42003141100
0080G00218000000,5146 DRESDEN WAY,SINGLE FAMILY,RESIDENTIAL,Private,Upper Lawrenceville,R1A-VH,40.47932962659022,-79.9543543,42003101100
0116N00111000000,261 WATSON BLVD,SINGLE FAMILY,RESIDENTIAL,Private,Perry North,R1D-M,40.48400966029494,-80.01271282,42003260700
0001N00241000000,160 MERRIMAC ST,SINGLE FAMILY,RESIDENTIAL,Private,Mount Washington,R1D-H,40.43362143839779,-80.01358888,42003190300
0042L00064000000,3032 BERGMAN ST,SINGLE FAMILY,RESIDENTIAL,Private,Sheraden,R1D-H,40.45628956094423,-80.05422556,42003562500
0040F00157000000,18 RIDENOUR AVE,SINGLE FAMILY,RESIDENTIAL,Private,Crafton Heights,R2-L,40.43824817031299,-80.05804862,42003281500
0174M00360000000,920 N TYSON ST,SINGLE FAMILY,RESIDENTIAL,Private,Homewood North,RM-M,40.45560001,-79.88542761,42003130700
0083F00107000000,608 N NEGLEY AVE,SINGLE FAMILY,RESIDENTIAL,Private,East Liberty,R2-H,40.46900751121769,-79.92702406,42003111300
0033F00293000000,318 MCKINLEY ST,SINGLE FAMILY,RESIDENTIAL,Private,Knoxville,R1D-H,40.40949673,-79.99446827,42003300100
0022L00097000000,1210 N FRANKLIN ST,SINGLE FAMILY,RESIDENTIAL,Private,Manchester,R1A-VH,40.45685574051464,-80.02354456,42003565200
0024F00147000000,1026 SALTER WAY,SINGLE FAMILY,RESIDENTIAL,City,Spring Garden,R1A-VH,40.459087438414336,-79.9942091,42003241300
0062M00191000000,2337 WOLFORD ST,OWNED BY METRO HOUSING AU,GOVERNMENT,HACP,Brookline,R1D-M,40.39763674400227,-80.01800673,42003191900
0014A00077000000,428 KINGSBORO ST,ROWHOUSE,RESIDENTIAL,Private,Beltzhoover,R2-H,40.421585738403316,-79.99931478,42003562400
0046B00073000002,2610 PERRYSVILLE AVE,"CHURCHES, PUBLIC WORSHIP",COMMERCIAL,Private,Perry South,LNC,40.471584857319755,-80.00834752,42003261500
0014K00110000000,314 ORCHARD PL,SINGLE FAMILY,RESIDENTIAL,Private,Knoxville,R1D-H,40.41776717957057,-79.99389431,42003300100
0125H00335000000,7007 BENNETT ST,ROWHOUSE,RESIDENTIAL,City,Homewood South,RM-M,40.45765683304759,-79.90104195,42003130800
0172R00258000000,131 BROADCREST DR,SINGLE FAMILY,RESIDENTIAL,Private,Lincoln-Lemington-Belmar,R1D-L,40.47438959700521,-79.88985863,42003561900
0013G00301000000,2324 PATTERSON ST,SINGLE FAMILY,RESIDENTIAL,Private,South Side Slopes,R1D-H,40.419234892026445,-79.97309861,42003160800
0175B00051000000,0 N BRADDOCK AVE,VACANT LAND,RESIDENTIAL,City,Homewood South,UI,40.452042134789146,-79.89141237,42003130800
0080G00022000A00,4912 PLUM WAY,SINGLE FAMILY,RESIDENTIAL,Private,Central Lawrenceville,R1A-VH,40.478031787868446,-79.95756941,42003090100
0006R00304000000,1324 W SYCAMORE ST,ROWHOUSE,RESIDENTIAL,Private,Duquesne Heights,R1D-M,40.434140578899715,-80.02135527,42003191100
0023L00175000A00,1207 LORAINE ST,ROWHOUSE,RESIDENTIAL,Private,Central Northside,R1A-VH,40.456306644140604,-80.00560614,42003565100
0005D00215000000,412 MERIDAN ST,SINGLE FAMILY,RESIDENTIAL,Private,Duquesne Heights,R1D-M,40.432217457358234,-80.02009943,42003191100
0049S00136000000,4401 LIBERTY AVE,COMM AUX BUILDING,COMMERCIAL,Private,Bloomfield,LNC,40.46371926769626,-79.95154651,42003090300
0003S00234000000,1218 BREED ST,ROWHOUSE,RESIDENTIAL,Private,South Side Flats,UI,40.425877106854585,-79.98534352,42003170200
0173J00028000000,1323 POINTVIEW ST,SINGLE FAMILY,RESIDENTIAL,Private,Lincoln-Lemington-Belmar,RM-M,40.46720516939541,-79.89859645,42003120300
0173C00056000000,1657 ELROD ST,VACANT LAND,RESIDENTIAL,Private,Lincoln-Lemington-Belmar,R1D-L,40.470882318328826,-79.89109372,42003561900
0231L00062000000,2405 PARK HILL DR,TOWNHOUSE,RESIDENTIAL,Private,East Hills,RP,40.45571510592096,-79.87423053,42003130600
0023D00186000000,7 CARRIE ST,ROWHOUSE,RESIDENTIAL,Private,Fineview,R1D-H,40.461463746630415,-80.00226274,42003250900
0125M00146000000,6937 KELLY ST,ROWHOUSE,RESIDENTIAL,Private,Homewood West,RM-M,40.45714555655844,-79.90286136,42003130700
0001C01661512600,320 FORT DUQUESNE BLVD,CONDOMINIUM COMMON PROPERTY,RESIDENTIAL,Private,Central Business District,GT-D,40.44214529762612,-80.00675145,42003020100
0019B00127000000,1016 WYMORE ST,SINGLE FAMILY,RESIDENTIAL,Private,Elliott,R1D-L,40.442546404478065,-80.04403302,42003562600
0174B00227000100,7331 MOUNT VERNON ST,SINGLE FAMILY,RESIDENTIAL,Private,Homewood North,R2-L,40.460606951963946,-79.89156004,42003130700
0025D00040000000,3220 SMALLMAN ST,WAREHOUSE,INDUSTRIAL,Private,Strip District,RIV-IMU,40.46183589120015,-79.96973763,42003020300
0071S00125000000,1428 SWANTEK ST,SINGLE FAMILY,RESIDENTIAL,Private,Sheraden,R1D-M,40.45294720079745,-80.06956906,42003202200
0012J00256000000,1812 HARCUM WAY,ROWHOUSE,RESIDENTIAL,Private,South Side Flats,R1A-VH,40.426365666018434,-79.9802283,42003170200
0080P00115000000,149 45TH ST,RETL/APT'S OVER,COMMERCIAL,Private,Central Lawrenceville,R1A-VH,40.47337257523964,-79.9606198,42003090100
0013K00196000000,2126 SPRING ST,WAREHOUSE,INDUSTRIAL,Private,Arlington,LNC,40.41632328295099,-79.9763504,42003161000
0081F00246000000,986 WOODBINE ST,SINGLE FAMILY,RESIDENTIAL,Private,Stanton Heights,R1D-L,40.47723300380724,-79.94198181,42003100500
0075L00302000000,1522 ANTRIM ST,SINGLE FAMILY,RESIDENTIAL,Private,Brighton Heights,H,40.47560592768052,-80.03709187,42003270300
0096F00239000000,1426 BREINING ST,SINGLE FAMILY,RESIDENTIAL,Private,Brookline,R1D-M,40.39005646820641,-80.00914931,42003191800
0174B00153000000,7235 MOUNT VERNON ST,SINGLE FAMILY,RESIDENTIAL,Private,Homewood North,R2-L,40.46125885,-79.89304941,42003130700
0004E00164000000,310 LOWEN ST,SINGLE FAMILY,RESIDENTIAL,Private,Mount Washington,R1D-H,40.42942524105711,-80.01288387,42003191400
0014J00042000000,405 JUCUNDA ST,RES AUX BUILDING (NO HOUSE),RESIDENTIAL,Private,Knoxville,R1D-H,40.41739311869536,-79.99550472,42003300100
0173C00305000000,257 TRAVELLA BLVD,SINGLE FAMILY,RESIDENTIAL,Private,Lincoln-Lemington-Belmar,R1D-L,40.47138617775796,-79.88814072,42003561900
0096A00068000000,2322 EDGEBROOK AVE,SINGLE FAMILY,RESIDENTIAL,Private,Brookline,R1D-M,40.39359764462257,-80.01510986,42003191700
0012M00183000000,2619 LARKINS WAY,SINGLE FAMILY,RESIDENTIAL,Private,South Side Flats,R2-VH,40.426012000652015,-79.96808958,42003160900
0174B00070000000,7233 UPLAND ST,SINGLE FAMILY,RESIDENTIAL,Private,Homewood North,R2-L,40.46196064347092,-79.89319198,42003130700
0015L00031000000,91 LAFFERTY AVE,SINGLE FAMILY,RESIDENTIAL,Private,Beltzhoover,R2-H,40.41827572988147,-80.00649573,42003562400
0028R00247000000,3408 BATES ST,ROWHOUSE,RESIDENTIAL,Private,Central Oakland,UC-MU,40.43540977695237,-79.95604166,42003040600
0050H00297000000,413 FANNEL ST,SINGLE FAMILY,RESIDENTIAL,Private,Garfield,R1D-H,40.46838989473371,-79.9365088,42003101900
0027B00278000000,742 CHEROKEE ST,ROWHOUSE,RESIDENTIAL,Private,Upper Hill,R2-L,40.45160861,-79.96185246,42003050600
0023K00184000000,1309 SHERMAN AVE,ROWHOUSE,RESIDENTIAL,Private,Central Northside,R1A-H,40.45655321697646,-80.01031105,42003565100
0086B00009000000,1408 WIGHTMAN ST,SINGLE FAMILY,RESIDENTIAL,Private,Squirrel Hill North,R2-L,40.442643651536386,-79.9282163,42003140100
0075C00235000000,1506 DAVIS AVE,ROWHOUSE,RESIDENTIAL,Private,Brighton Heights,R1D-M,40.481025832549854,-80.03813081,42003270100
0052C00133000000,520 SAINT JAMES PL,TWO FAMILY,RESIDENTIAL,Private,Shadyside,R2-M,40.45272626924161,-79.93850144,42003070900
0013D00139000000,2714 OAKLEY WAY,SINGLE FAMILY,RESIDENTIAL,Private,South Side Slopes,R1D-H,40.42156141757879,-79.96894761,42003160800
0027H00117110600,220 N DITHRIDGE ST,CONDOMINIUM,RESIDENTIAL,Private,North Oakland,RM-VH,40.44967859686091,-79.95160047,42003562000
0044D00182000000,0 FORSYTHE ST,VACANT LAND,RESIDENTIAL,Private,Marshall-Shadeland,R1A-H,40.47100328514223,-80.03506049,42003271600
0062G00237000000,2421 WOODWARD AVE,SINGLE FAMILY,RESIDENTIAL,Private,Brookline,R1D-M,40.39945955008451,-80.02266902,42003191900
0003M00016000000,95 S 15TH ST,SINGLE FAMILY,RESIDENTIAL,Private,South Side Flats,R1A-VH,40.428076165234216,-79.98326001,42003170200
0033B00354000000,342 MOORE AVE,SINGLE FAMILY,RESIDENTIAL,Private,Knoxville,R1D-H,40.41189615851024,-79.99477806,42003300100
0033B00112000000,224 MATHEWS AVE,SINGLE FAMILY,RESIDENTIAL,Private,Knoxville,R1D-H,40.41301774082667,-79.99212507,42003300100
0004J00248000000,113 BANGOR ST,SINGLE FAMILY,RESIDENTIAL,Private,Mount Washington,R1D-H,40.42617089942459,-80.01216433,42003191400
0083G00125000000,719 N BEATTY ST,SINGLE FAMILY,RESIDENTIAL,Private,East Liberty,R2-H,40.468991187178744,-79.92298637,42003111300
0044D00020000000,3113 OXFIELD ST,SINGLE FAMILY,RESIDENTIAL,Private,Marshall-Shadeland,R1D-H,40.47202966,-80.03473558,42003271600
0185L00058000000,5512 DELLAGLEN AVE,SINGLE FAMILY,RESIDENTIAL,Private,Lincoln Place,R1D-L,40.36802221066784,-79.92083777,42003310200
0095J00065000000,2231 SAW MILL RUN BLVD,WAREHOUSE,INDUSTRIAL,Private,Overbrook,HC,40.387746945438245,-79.99584115,42003320400
0056L00023000000,5018 GLENWOOD AVE,SINGLE FAMILY,RESIDENTIAL,Private,Hazelwood,R1D-M,40.40864214062805,-79.94034693,42003562300
0049R00083000000,420 FISK ST,ROWHOUSE,RESIDENTIAL,Private,Bloomfield,R1A-VH,40.464727569602395,-79.95666413,42003090300
0076L00152000000,902 SMITHTON AVE,SINGLE FAMILY,RESIDENTIAL,Private,Marshall-Shadeland,R1D-M,40.47540972,-80.02356907,42003271600
0012S00205000000,2717 JOSEPHINE ST,SINGLE FAMILY,RESIDENTIAL,Private,South Side Slopes,R1A-VH,40.42357814868782,-79.96794559,42003160800
0042G00013000000,3065 ZEPHYR AVE,SINGLE FAMILY,RESIDENTIAL,Private,Sheraden,R1D-H,40.45771354931218,-80.0550829,42003562500
0030A00129000000,3127 MARY ST,SINGLE FAMILY,RESIDENTIAL,Private,South Side Slopes,H,40.42175329633224,-79.96357161,42003160800
0006F00064000000,228 FINGAL ST,SINGLE FAMILY,RESIDENTIAL,Private,Duquesne Heights,R1D-M,40.439823025615375,-80.02738527,42003191100
0002E00152000000,428 FORBES AVE,OFFICE-ELEVATOR -3 + STORIES,COMMERCIAL,Private,Central Business District,GT-B,40.438812286993766,-79.99817681,42003020100
0081C00174000000,1176 WOODBINE ST,SINGLE FAMILY,RESIDENTIAL,Private,Stanton Heights,R2-L,40.47994362272106,-79.94013316,42003100500
0001N00112000300,145 BIGHAM ST,SINGLE FAMILY,RESIDENTIAL,Private,Mount Washington,R1D-H,40.43445497489847,-80.01455671,42003190300
0003G00044000000,809 E CARSON ST,CHARITABLE EXEMPTION/HOS/HOMES,OTHER,Private,South Side Flats,RIV-MU,40.42883371263848,-79.9902441,42003170200
0174P00201000000,614 STERRETT ST,ROWHOUSE,RESIDENTIAL,Private,Homewood South,LNC,40.45441195016547,-79.89491248,42003130800
0174G00091000000,7737 MONTICELLO ST,SINGLE FAMILY,RESIDENTIAL,Private,Homewood North,R2-L,40.458479832054785,-79.88706342,42003130700
0016B00086000000,1116 SHADYCREST PL,SINGLE FAMILY,RESIDENTIAL,Private,Beechview,R1D-L,40.42212857232686,-80.02616929,42003191600
0014E00020000000,436 CLIMAX ST,FOUR FAMILY,RESIDENTIAL,Private,Beltzhoover,R2-H,40.419853475564835,-79.99916232,42003562400
0014P00098000000,222 ZARA ST,SINGLE FAMILY,RESIDENTIAL,Private,Knoxville,R1D-H,40.41560954,-79.99169178,42003300100
0231E00049000000,8136 FERNDALE ST,SINGLE FAMILY,RESIDENTIAL,Private,Homewood North,R2-L,40.45913705706283,-79.88217771,42003130700
0081A00003000000,5405 KENT WAY,SINGLE FAMILY,RESIDENTIAL,Private,Upper Lawrenceville,R1A-VH,40.48173474327695,-79.94928466,42003101100
0042G00207000000,511 WYNCOTTE ST,SINGLE FAMILY,RESIDENTIAL,Private,Sheraden,R1D-H,40.458595881888485,-80.05503227,42003562500
0174S00030000000,7807 KELLY ST,SINGLE FAMILY,RESIDENTIAL,Private,Homewood South,RM-M,40.45343957108553,-79.88666697,42003130800
0003R00116000000,29 HARTFORD ST,ROWHOUSE,RESIDENTIAL,Private,South Side Slopes,H,40.42515376551274,-79.98883596,42003170600
0174K00332000000,7330 BENNETT ST,SINGLE FAMILY,RESIDENTIAL,Private,Homewood South,RM-M,40.45549497035453,-79.89340042,42003130800
0019F00045000000,733 WYMORE ST,SINGLE FAMILY,RESIDENTIAL,Private,Elliott,R1D-L,40.440188947867334,-80.04203549,42003562600
0175H00050000000,7909 SUSQUEHANNA ST,TWO FAMILY,RESIDENTIAL,Private,Homewood South,RM-M,40.449283211024564,-79.88670749,42003130800
0095J00305000000,110 AARON AVE,SINGLE FAMILY,RESIDENTIAL,Private,Overbrook,R1D-M,40.388180751007276,-79.99938534,42003320700
0054R00131000000,601 MINNESOTA ST,SINGLE FAMILY,RESIDENTIAL,Private,Greenfield,R1D-H,40.42557896570258,-79.93924214,42003151700
0004K00055000000,63 DILWORTH ST,SINGLE FAMILY,RESIDENTIAL,Private,Mount Washington,R1D-H,40.426133049876604,-80.01081564,42003191400
0087R00008000000,6328 CATON ST,SINGLE FAMILY,RESIDENTIAL,Private,Squirrel Hill South,R2-L,40.423659506666375,-79.9228999,42003141400
0046C00251000000,414 LAWTON AVE,SINGLE FAMILY,RESIDENTIAL,Private,Perry South,H,40.47046138073303,-80.00620941,42003261400
0033B00079000000,109 REDLYN ST,SINGLE FAMILY,RESIDENTIAL,Private,Knoxville,R1D-H,40.41303373228518,-79.99115667,42003300100
0086P00106000000,5648 BEACON ST,THREE FAMILY,RESIDENTIAL,Private,Squirrel Hill South,R2-L,40.43408701,-79.92562687,42003141300
0029N00149000000,2910 E CARSON ST,RETL/APT'S OVER,COMMERCIAL,Private,South Side Flats,LNC,40.424805994471335,-79.96412384,42003160900
0124E00030000000,6331 GLENVIEW PL,ROWHOUSE,RESIDENTIAL,Private,Highland Park,R1A-H,40.46973588,-79.91532602,42003110600
0014P00033000000,239 ZARA ST,SINGLE FAMILY,RESIDENTIAL,Private,Knoxville,R1D-H,40.416001608933996,-79.99250737,42003300100
0004F00191000000,33 NATCHEZ ST,SINGLE FAMILY,RESIDENTIAL,Private,Mount Washington,R2-H,40.42899413,-80.0098239,42003191400
0054F00101000000,523 SALINE ST,SINGLE FAMILY,RESIDENTIAL,Private,Greenfield,R1D-H,40.428548296448064,-79.94459161,42003151600
0014G00104000000,71 E AMANDA AVE,SINGLE FAMILY,RESIDENTIAL,Private,Allentown,R1D-H,40.418966390541044,-79.98830904,42003180300
0006L00325000000,163 PLYMOUTH ST,SINGLE FAMILY,RESIDENTIAL,Private,Duquesne Heights,R1D-M,40.43696414741995,-80.02070022,42003191100
0013C00190000000,2410 HOLT ST,SINGLE FAMILY,RESIDENTIAL,Private,South Side Slopes,R1D-H,40.422036106291166,-79.97234976,42003160800
0025N00080000000,2434 SMALLMAN ST,CONDOMINIUM COMMON PROPERTY,RESIDENTIAL,Private,Strip District,RIV-IMU,40.45417712472825,-79.98072656,42003020300
0085A00186000100,5715 WALNUT ST,TOWNHOUSE,RESIDENTIAL,Private,Shadyside,R2-M,40.45239216382833,-79.93032548,42003070500
0033C00092000000,16 GRAPE ST,SINGLE FAMILY,RESIDENTIAL,Private,Knoxville,R1D-H,40.413865448097546,-79.98927803,42003300100
0004B00022000000,12 FETZER ST,SINGLE FAMILY,RESIDENTIAL,Private,Mount Washington,R2-H,40.43297012051188,-80.01050928,42003190300
0125D00362000000,6742 ATWELL ST,SINGLE FAMILY,RESIDENTIAL,City,Homewood West,R2-L,40.46232718744373,-79.9034543,42003130700
0174P00195000000,7309 HAMILTON AVE,ROWHOUSE,RESIDENTIAL,Private,Homewood South,RM-M,40.45420355771518,-79.89481501,42003130800
0003N00162000000,8 MILLBRIDGE ST,SINGLE FAMILY,RESIDENTIAL,Private,Allentown,R1D-H,40.42385072524316,-79.99601688,42003180300
0014F00261000000,848 CLIMAX ST,SINGLE FAMILY,RESIDENTIAL,Private,Allentown,R1D-H,40.41989795698796,-79.99181469,42003180300
0049B00018000000,186 44TH ST,SINGLE FAMILY,RESIDENTIAL,Private,Central Lawrenceville,R1A-VH,40.471647439662924,-79.96054222,42003090100
0056F00082000000,4838 2ND AVE,SMALL DETACHED RET(UNDER 10000),COMMERCIAL,Private,Hazelwood,LNC,40.410347346892564,-79.94455101,42003562300
0042J00056000000,1018 FAUST ST,SINGLE FAMILY,RESIDENTIAL,Private,Sheraden,R1D-H,40.457474596852485,-80.06418108,42003202200
0049G00342000000,324 SERVICE WAY,SINGLE FAMILY,RESIDENTIAL,Private,Central Lawrenceville,R1A-H,40.469530718838215,-79.95621635,42003090200
0060R00293000000,1925 WESTMONT AVE,SINGLE FAMILY,RESIDENTIAL,Private,Carrick,R2-L,40.395100117712275,-79.98762497,42003290100
0125A00364000000,168 AUBURN ST,TWO FAMILY,RESIDENTIAL,Private,Larimer,R2-H,40.46203805315892,-79.91511246,42003120900
0080H00145000000,5231 LOTUS WAY,THREE FAMILY,RESIDENTIAL,Private,Upper Lawrenceville,R1A-VH,40.47940574148706,-79.95119985,42003101100
0013J00042000A00,1839 ARLINGTON AVE,SINGLE FAMILY,RESIDENTIAL,Private,South Side Slopes,R2-M,40.418031544217875,-79.98130535,42003170600
0025C00205000000,3120 SMALLMAN ST,COMMERCIAL GARAGE,COMMERCIAL,Private,Strip District,RIV-IMU,40.46076779343483,-79.97128113,42003020300
0005C00273000000,424 LUPTON ST,SINGLE FAMILY,RESIDENTIAL,Private,Duquesne Heights,P,40.43272385513543,-80.02358365,42003191100
0084R00033000000,421 STRATTON LN,SINGLE FAMILY,RESIDENTIAL,Private,Shadyside,R1A-H,40.45413411042209,-79.92397184,42003070600
0006L00101000000,338 AUGUSTA ST,SINGLE FAMILY,RESIDENTIAL,Private,Duquesne Heights,R1A-H,40.43650945619649,-80.02372322,42003191100
0076K00077000000,1047 GRAND AVE,SINGLE FAMILY,RESIDENTIAL,Private,Marshall-Shadeland,R1D-M,40.474617385169246,-80.02696744,42003271600
0050B00173000000,4815 COLUMBO ST,SINGLE FAMILY,RESIDENTIAL,Private,Garfield,R1D-M,40.47171527578734,-79.94276223,42003101900
0028F00069000000,0 HALKET ST,VACANT LAND,RESIDENTIAL,Private,Central Oakland,UC-E,40.43894529947672,-79.96156575,42003040500
0002H00021000000,1420 5TH AVE,COMM AUX BUILDING,COMMERCIAL,Private,Bluff,UPR-A,40.43821766003781,-79.98544617,42003010302
0045P00098000000,1233 ISLAND AVE,SINGLE FAMILY,RESIDENTIAL,Private,California-Kirkbride,RM-M,40.46286713561324,-80.02636096,42003565200
0172P00056000000,7109 CAMPANIA AVE,SINGLE FAMILY,RESIDENTIAL,Private,Lincoln-Lemington-Belmar,R1D-L,40.472757163338265,-79.89179977,42003561900
0174A00065000000,0 MOUNT VERNON ST,VACANT LAND,RESIDENTIAL,Private,Homewood North,R2-L,40.46149281267423,-79.89586152,42003130200
0174G00158000000,7409 MONTICELLO ST,SINGLE FAMILY,RESIDENTIAL,Private,Homewood North,RM-M,40.458596886177325,-79.89052627,42003130700
0026N00096000000,3376 WEBSTER AVE,SINGLE FAMILY,RESIDENTIAL,Private,Upper Hill,R2-L,40.454313483572015,-79.9624002,42003050600
0120K00010000000,205 57TH ST,SINGLE FAMILY,RESIDENTIAL,Private,Stanton Heights,H,40.48467614244241,-79.94538046,42003101800
0050K00094000000,5001 BROAD ST,SINGLE FAMILY,RESIDENTIAL,Private,Garfield,R1D-H,40.466845114179925,-79.94368791,42003101900
0021P00129000000,35 CONESTOGA ST,SINGLE FAMILY,RESIDENTIAL,Private,Sheraden,H,40.45363249379965,-80.04385509,42003562500
0080D00200000000,117 53RD ST,ROWHOUSE,RESIDENTIAL,Private,Upper Lawrenceville,R1A-VH,40.481353593481465,-79.95116614,42003101100
0010F00020000000,2306 WEBSTER AVE,COMM AUX BUILDING,COMMERCIAL,Private,Middle Hill,RM-M,40.448114784221936,-79.97550687,42003050100
0086P00150030700,5600 MUNHALL RD,CONDOMINIUM,RESIDENTIAL,Private,Squirrel Hill South,RM-H,40.43361719,-79.92617918,42003141300
0124L00198000000,6615 ROWAN ST,MUNICIPAL GOVERNMENT,GOVERNMENT,City,Lincoln-Lemington-Belmar,RM-M,40.465135905458034,-79.90369988,42003120300
0020R00053000000,708 LORENZ AVE,RETL/APT'S OVER,COMMERCIAL,Private,Elliott,LNC,40.44497828543091,-80.03957487,42003562600
0095A00260000000,1935 DARTMORE ST,SINGLE FAMILY,RESIDENTIAL,Private,Overbrook,R1D-H,40.39394020286989,-79.99607791,42003320400
0002F00327000000,906 5TH AVE,RETL/STOR OVER,COMMERCIAL,Private,Bluff,UPR-A,40.438580561802816,-79.99135872,42003010302
0027B00076000000,806 BRYN MAWR RD,ROWHOUSE,RESIDENTIAL,Private,Upper Hill,R2-L,40.45225280474875,-79.96012539,42003050600
0070D00117000A00,3202 FARONIA ST,SINGLE FAMILY,RESIDENTIAL,Private,Sheraden,R1D-M,40.45168310035846,-80.06641663,42003202200
8000T00192000000,1800 WHITED ST,MOBILE HOME (IN PARK),RESIDENTIAL,Private,Brookline,P,40.39508864359073,-79.99883645,42003320600
0045A00189000000,0 SHADELAND AVE,VACANT LAND,RESIDENTIAL,Private,Marshall-Shadeland,LNC,40.47058420002179,-80.03021237,42003271600
0185S00058000000,5622 DELLAGLEN AVE,SINGLE FAMILY,RESIDENTIAL,Private,Lincoln Place,R1D-L,40.36719189716947,-79.9199434,42003310200
0028P00165044100,3234 NIAGARA SQ,CONDOMINIUM,RESIDENTIAL,Private,South Oakland,R1A-VH,40.43433498,-79.95985056,42003040900
0095L00029000000,2285 VALERA AVE,SINGLE FAMILY,RESIDENTIAL,Private,Carrick,R1D-L,40.38867998373576,-79.98731099,42003290400
0003M00347000000,137 S 12TH ST,ROWHOUSE,RESIDENTIAL,Private,South Side Flats,R1A-VH,40.42631471,-79.98610732,42003170200
0076J00294000000,1222 COURTRIGHT ST,SINGLE FAMILY,RESIDENTIAL,Private,Marshall-Shadeland,R1A-VH,40.47523228978411,-80.03176866,42003271600
0040G00058000000,1551 CLAIRTONICA ST,SINGLE FAMILY,RESIDENTIAL,Private,Crafton Heights,R2-L,40.43914883286507,-80.05724555,42003281500
0016K00054000000,1213 BELASCO AVE,RES AUX BUILDING (NO HOUSE),RESIDENTIAL,Private,Beechview,R1D-H,40.416664325208885,-80.0271425,42003191600
0014D00264000000,2425 S 18TH ST,SINGLE FAMILY,RESIDENTIAL,Private,South Side Slopes,LNC,40.42158365697806,-79.98349899,42003170600
0175H00038000000,7930 SUSQUEHANNA ST,SINGLE FAMILY,RESIDENTIAL,Private,Homewood South,RM-M,40.44860450023093,-79.88621175,42003130800
0026N00160000000,3326 MCNEIL PL,ROWHOUSE,RESIDENTIAL,Private,Upper Hill,R2-L,40.45387397701758,-79.96442054,42003050600
0177J00024000000,1308 RICHMOND ST,SINGLE FAMILY,RESIDENTIAL,Private,Regent Square,R1D-H,40.42811573688349,-79.89739915,42003141200
0184J00203000000,1437 MULDOWNEY AVE,TWO FAMILY,RESIDENTIAL,Private,Lincoln Place,R1D-L,40.36862209675912,-79.9119934,42003310200
0174G00014000000,7417 RACE ST,SINGLE FAMILY,RESIDENTIAL,Private,Homewood North,RM-M,40.45783987619689,-79.89044692,42003130200
0174G00254000000,7443 HERMITAGE ST,SINGLE FAMILY,RESIDENTIAL,Private,Homewood North,RM-M,40.45910548314645,-79.88919782,42003130700
0031F00109000000,977 BECKS RUN RD,SINGLE FAMILY,RESIDENTIAL,Private,Arlington,GI,40.41011786469681,-79.95821126,42003161000
0032H00010000000,940 PARKWOOD RD,SINGLE FAMILY,RESIDENTIAL,Private,St. Clair,P,40.411353200933156,-79.96759961,42003161000
0055G00133000000,4365 WINTERBURN AVE,SINGLE FAMILY,RESIDENTIAL,Private,Greenfield,R1D-M,40.41938958122305,-79.93952459,42003151700
0012E00300000000,84 S 17TH ST,SINGLE FAMILY,RESIDENTIAL,Private,South Side Flats,R1A-VH,40.429275585686355,-79.9822017,42003170200
0042G00071000000,3247 STAFFORD ST,SINGLE FAMILY,RESIDENTIAL,Private,Sheraden,H,40.45981163234779,-80.05477856,42003562500
0014K00066000000,235 ORCHARD PL,SINGLE FAMILY,RESIDENTIAL,Private,Knoxville,R1D-H,40.41822882508143,-79.99238581,42003300100
0028P00223000000,22 MACKEY ST,SINGLE FAMILY,RESIDENTIAL,Private,South Oakland,H,40.43350698823229,-79.9589666,42003040900
0045A00390000000,3006 VENSEL WAY,SINGLE FAMILY,RESIDENTIAL,Private,Marshall-Shadeland,R1D-H,40.47211988288584,-80.02866544,42003271600
0014N00008000000,436 ALTHEA ST,SINGLE FAMILY,RESIDENTIAL,Private,Beltzhoover,R2-H,40.414122389564405,-79.99885196,42003562400
0174M00015000000,8036 FRANKSTOWN AVE,SMALL DETACHED RET(UNDER 10000),COMMERCIAL,Private,East Hills,NDI,40.455277741801375,-79.88339552,42003130600
0014E00248000000,613 FREELAND ST,SINGLE FAMILY,RESIDENTIAL,Private,Allentown,R1D-H,40.41922699459299,-79.99674069,42003180300
0056G00146000000,5018 ORINOCO ST,SINGLE FAMILY,RESIDENTIAL,Private,Hazelwood,R1D-M,40.409031990906584,-79.93916666,42003562300
0050L00156000000,5217 BROAD ST,VACANT LAND,RESIDENTIAL,Private,Garfield,R1D-H,40.46617273481933,-79.93883277,42003101900
0080P00143000000,142 46TH ST,SINGLE FAMILY,RESIDENTIAL,Private,Central Lawrenceville,R1A-VH,40.474085626038466,-79.96086272,42003090100
0030E00252000000,500 HANDLER ST,TWO FAMILY,RESIDENTIAL,Private,South Side Slopes,H,40.42025212836455,-79.96339446,42003160800
0011J00075000B00,1711 FORBES AVE,ROWHOUSE,RESIDENTIAL,Private,Bluff,UPR-B,40.43770745462981,-79.98226665,42003010302
0014G00304000000,45 MOUNT OLIVER ST,WAREHOUSE,INDUSTRIAL,Private,South Side Slopes,R1A-VH,40.420230379236976,-79.9880182,42003170600
0033B00345000000,403 MOORE AVE,SINGLE FAMILY,RESIDENTIAL,Private,Knoxville,R1D-H,40.41240710432112,-79.99519116,42003300100
0086G00298000200,5833 FORBES AVE,CONDOMINIUM UNIT,COMMERCIAL,Private,Squirrel Hill North,LNC,40.43824586,-79.92169354,42003140300
0076K00002000000,1118 SMITHTON AVE,SINGLE FAMILY,RESIDENTIAL,Private,Marshall-Shadeland,R1D-H,40.474697062584006,-80.02828832,42003271600
0134A00067000000,3 WHEELING ST,TWO FAMILY,RESIDENTIAL,Private,Hays,R2-L,40.38269125486215,-79.93144993,42003565300
0047H00174000000,1841 SPRING GARDEN AVE,SINGLE FAMILY,RESIDENTIAL,Private,Spring Garden,H,40.46843500074287,-79.98522442,42003241300
0042P00078000000,3104 CHARTIERS AVE,SMALL DETACHED RET(UNDER 10000),COMMERCIAL,Private,Sheraden,LNC,40.45381609870201,-80.06118861,42003202200
0080C00011000000,5167 CARNEGIE ST,ROWHOUSE,RESIDENTIAL,Private,Upper Lawrenceville,R1A-VH,40.479735578124995,-79.95394238,42003101100
0035P00022000000,1830 REALTY AVE,SINGLE FAMILY,RESIDENTIAL,Private,Beechview,R1D-H,40.406473311013315,-80.0246962,42003192000
0019A00105000000,1113 STEUBEN ST,VACANT LAND,RESIDENTIAL,Private,Crafton Heights,R2-L,40.44141294878206,-80.04560979,42003281500
0174G00145000000,7435 MONTICELLO ST,ROWHOUSE,RESIDENTIAL,Private,Homewood North,RM-M,40.458343092445375,-79.88940792,42003130700
0013R00119000000,230 CLOVER ST,SINGLE FAMILY,RESIDENTIAL,Private,Arlington,R2-L,40.41491800803562,-79.97209468,42003161000
0031E00167000000,738 BAJO ST,VACANT LAND,RESIDENTIAL,Private,Arlington,UI,40.40959530252022,-79.96426062,42003161000
0035L00128000000,1814 DAGMAR AVE,RES AUX BUILDING (NO HOUSE),RESIDENTIAL,Private,Beechview,R1D-H,40.407031728655085,-80.02280066,42003192000
0174F00073000000,7242 HERMITAGE ST,SINGLE FAMILY,RESIDENTIAL,Private,Homewood North,R2-L,40.45956659409604,-79.89332993,42003130200
0033B00045000000,231 MATHEWS AVE,SINGLE FAMILY,RESIDENTIAL,Private,Knoxville,R1D-H,40.41344997192363,-79.9925366,42003300100
0006L00041000000,337 EDITH ST,SINGLE FAMILY,RESIDENTIAL,Private,Duquesne Heights,R1A-H,40.43669417862557,-80.02406739,42003191100
0041C00210000000,2815 FRONTENAC ST,RES AUX BUILDING (NO HOUSE),RESIDENTIAL,Private,Crafton Heights,R2-L,40.45091877636812,-80.05602073,42003281400
0014N00168000000,433 ZARA ST,SINGLE FAMILY,RESIDENTIAL,City,Knoxville,R1D-H,40.41588324837821,-79.99675891,42003300100
0173F00221000000,0 BROADHEAD ST,VACANT LAND,RESIDENTIAL,City,Lincoln-Lemington-Belmar,R1D-L,40.468931521586725,-79.89226202,42003561900
0087C00249000000,5825 PHILLIPS AVE,TOWNHOUSE,RESIDENTIAL,Private,Squirrel Hill South,RM-M,40.43254370425625,-79.92212988,42003140800
0049N00311000000,3618 MINTWOOD ST,ROWHOUSE,RESIDENTIAL,Private,Lower Lawrenceville,R1A-H,40.46319700883911,-79.96339717,42003060300
0003F00016000000,729 E CARSON ST,ROWHOUSE,RESIDENTIAL,Private,South Side Flats,RIV-MU,40.42878831564154,-79.9911717,42003170200
0003L00097000000,1105 SARAH ST,TWO FAMILY,RESIDENTIAL,Private,South Side Flats,R1A-VH,40.42786023069243,-79.98725138,42003170200
0014R00026000000,119 ZARA ST,SINGLE FAMILY,RESIDENTIAL,Private,Knoxville,R1D-H,40.41609283580821,-79.98915137,42003300100
0014F00371000000,867 LILLIAN ST,SINGLE FAMILY,RESIDENTIAL,City,Allentown,R1D-H,40.418846902001654,-79.9911359,42003180300
0056P00216000000,5225 2ND AVE,SINGLE FAMILY,RESIDENTIAL,Private,Hazelwood,R1A-H,40.40526851,-79.94243175,42003562300
0013J00108000000,1914 ARLINGTON AVE,SINGLE FAMILY,RESIDENTIAL,Private,Arlington,RM-M,40.417575021168915,-79.97999476,42003161000
0076N00192000000,3038 FREDERICK ST,SINGLE FAMILY,RESIDENTIAL,Private,Marshall-Shadeland,R1A-VH,40.47278555376719,-80.03039237,42003271600
0174P00387000000,7506 BENNETT ST,ROWHOUSE,RESIDENTIAL,City,Homewood South,RM-M,40.45513326063701,-79.8920541,42003130800
0006L00327000000,159 PLYMOUTH ST,SINGLE FAMILY,RESIDENTIAL,Private,Duquesne Heights,R1D-M,40.437065797159796,-80.0206789,42003191100
0022L00298000000,1105 LIVERPOOL ST,TWO FAMILY,RESIDENTIAL,Private,Manchester,R1A-H,40.455662914634125,-80.02179465,42003565200
0056R00013000000,250 JOHNSTON AVE,SINGLE FAMILY,RESIDENTIAL,Private,Hazelwood,R1A-H,40.40637895576722,-79.94012531,42003562300
0096A00089000000,1040 BELLAIRE AVE,SINGLE FAMILY,RESIDENTIAL,Private,Brookline,R1D-M,40.39244393641406,-80.01585074,42003191900
0025G00007000000,2949 SMALLMAN ST,WAREHOUSE,INDUSTRIAL,Private,Strip District,RIV-IMU,40.45952049279943,-79.97403096,42003020300
0097D00293000000,905 ROSSMORE AVE,SINGLE FAMILY,RESIDENTIAL,Private,Brookline,R1D-M,40.394282208958195,-80.0172142,42003191900
0231E00316000000,1054 STONEVILLE ST,SINGLE FAMILY,RESIDENTIAL,Private,Homewood North,R2-L,40.45838900957874,-79.87950939,42003130700
0013D00270000000,2838 JOSEPHINE ST,TWO FAMILY,RESIDENTIAL,Private,South Side Slopes,H,40.422645823592795,-79.96768656,42003160800
0013L00041000000,2333 ARLINGTON AVE,SMALL DETACHED RET(UNDER 10000),COMMERCIAL,Private,South Side Slopes,LNC,40.41768156485472,-79.97303794,42003160800
0024A00289000000,930 YETTA AVE,SINGLE FAMILY,RESIDENTIAL,Private,Spring Hill-City View,R1D-M,40.46151798501451,-79.99593115,42003262000
0048S00180000000,3446 CHARLOTTE ST,OFFICE/WAREHOUSE,COMMERCIAL,Private,Lower Lawrenceville,UI,40.46380202079561,-79.96723992,42003060300
0060N00158000000,1725 PARKFIELD ST,SINGLE FAMILY,RESIDENTIAL,Private,Carrick,P,40.39519274275022,-79.9964417,42003290100
0174R00345000000,7706 BENNETT ST,SINGLE FAMILY,RESIDENTIAL,Private,Homewood South,RM-M,40.45423850651931,-79.88782121,42003130800
0033A00334000000,427 MOORE AVE,SINGLE FAMILY,RESIDENTIAL,Private,Knoxville,R1D-H,40.41183484516571,-79.99610223,42003300100
0012M00025000000,2512 E CARSON ST,RETL/APT'S OVER,COMMERCIAL,Private,South Side Flats,LNC,40.42749184535724,-79.96925343,42003160900
0124M00053000A00,6617 DEARY ST,ROWHOUSE,RESIDENTIAL,Private,Lincoln-Lemington-Belmar,RM-M,40.46584784701759,-79.90320173,42003120300
0046J00244000000,302 W BURGESS ST,SINGLE FAMILY,RESIDENTIAL,Private,Perry South,R1D-H,40.466520141219505,-80.01345774,42003261400
0041C00292000000,728 LITCHFIELD ST,SINGLE FAMILY,RESIDENTIAL,Private,Crafton Heights,R2-L,40.45146216985506,-80.05468061,42003281400
0076P00125000000,3027 BRIGHTON RD,COMMERCIAL GARAGE,COMMERCIAL,Private,Marshall-Shadeland,LNC,40.47253600188917,-80.02812376,42003271600
0083E00215000000,438 N FAIRMOUNT ST,TWO FAMILY,RESIDENTIAL,Private,Garfield,R2-H,40.468477486477894,-79.93103873,42003111400
0024C00195000000,1261 HIGH ST,SINGLE FAMILY,RESIDENTIAL,Private,Spring Garden,R1A-VH,40.460842913203685,-79.98940392,42003241300
0021N00005000000,2659 GLEN MAWR ST,SINGLE FAMILY,RESIDENTIAL,Private,Sheraden,H,40.452794614327885,-80.04904942,42003562500
0014F00338000000,401 ALLEN ST,SINGLE FAMILY,RESIDENTIAL,Private,Allentown,R1D-H,40.41908284928629,-79.99342941,42003180300
0049L00248000000,4220 CALVIN ST,ROWHOUSE,RESIDENTIAL,Private,Central Lawrenceville,R1A-H,40.46633565028852,-79.95430856,42003090200
0081A00101000000,0 WICKLIFF ST,VACANT LAND,RESIDENTIAL,Private,Upper Lawrenceville,H,40.48011276,-79.94776989,42003101100
0011G00160000000,5 BEELEN ST,THREE FAMILY,RESIDENTIAL,Private,West Oakland,H,40.438191760348694,-79.97218429,42003040200
0003P00269000000,838 EUREKA ST,SINGLE FAMILY,RESIDENTIAL,Private,Allentown,R1D-H,40.42361402308611,-79.99233351,42003180300
0026E00214000000,3326 RUTHVEN ST,SINGLE FAMILY,RESIDENTIAL,Private,Polish Hill,H,40.45945153753135,-79.9641996,42003060500
0033P00265000000,35 CEDRICTON ST,SINGLE FAMILY,RESIDENTIAL,City,Carrick,R2-L,40.404625625759266,-79.99231641,42003290100
0003L00034000A00,1004 FREYBURG ST,VACANT LAND,RESIDENTIAL,Private,South Side Flats,NDI,40.426456832052814,-79.98814156,42003170200
0046A00282000000,425 MARSHALL AVE,SINGLE FAMILY,RESIDENTIAL,Private,Perry South,R1D-H,40.471320913579554,-80.01530587,42003261500
0124N00085000000,159 MAYFLOWER ST,SINGLE FAMILY,RESIDENTIAL,Private,Larimer,R2-H,40.463116288331996,-79.91430208,42003120900
0080H00184000000,5167 STANTON AVE,SINGLE FAMILY,RESIDENTIAL,Private,Upper Lawrenceville,R1A-VH,40.477796990855026,-79.95209673,42003101100
0013P00159000000,621 PARKWOOD RD,SINGLE FAMILY,RESIDENTIAL,Private,Arlington,R2-L,40.41407404870332,-79.97698411,42003161000
0051C00012000000,5150 FRIENDSHIP AVE,SINGLE FAMILY,RESIDENTIAL,Private,Bloomfield,R1D-M,40.462017403285394,-79.94090271,42003080600
0015E00169000000,1 ARION ST,SINGLE FAMILY,RESIDENTIAL,Private,Mount Washington,R1D-H,40.420327282443836,-80.01260713,42003191500
0080P00235000000,4618 PLUMMER ST,ROWHOUSE,RESIDENTIAL,Private,Central Lawrenceville,R1A-VH,40.474030969292706,-79.95959231,42003090100
0026D00108000A00,4514 IDALINE ST,SINGLE FAMILY,RESIDENTIAL,Private,Bloomfield,R2-VH,40.461519872336936,-79.95225518,42003080200
0028S00057000000,3376 DAWSON ST,TWO FAMILY,RESIDENTIAL,Private,South Oakland,R1A-H,40.43410506400876,-79.95295353,42003040900
0014B00169000000,809 CERES WAY,SINGLE FAMILY,RESIDENTIAL,Private,Allentown,R1D-H,40.42340051332907,-79.99341222,42003180300
0031E00168000000,738 BAJO ST,SINGLE FAMILY,RESIDENTIAL,Private,Arlington,UI,40.409621055026136,-79.9641714,42003161000
0087R00145000000,0 MONITOR ST,VACANT LAND,RESIDENTIAL,Private,Squirrel Hill South,R2-L,40.425054236860156,-79.92266287,42003141400
0049K00148000000,281 40TH ST,SINGLE FAMILY,RESIDENTIAL,Private,Central Lawrenceville,R1A-H,40.46704097973397,-79.95975541,42003090200
0075M00030000000,3260 RICHARDSON AVE,SINGLE FAMILY,RESIDENTIAL,Private,Brighton Heights,R1A-H,40.47520432196862,-80.0369557,42003270300
0033B00197000000,0 ARABELLA ST,VACANT LAND,RESIDENTIAL,Private,Knoxville,R1D-H,40.41254569281278,-79.99249302,42003300100
0044H00110000000,1500 WOODLAND AVE,SINGLE FAMILY,RESIDENTIAL,Private,Marshall-Shadeland,R1A-H,40.46864443764855,-80.03341241,42003271600
0015S00136000000,806 ESTELLA AVE,SINGLE FAMILY,RESIDENTIAL,Private,Beltzhoover,R2-H,40.41559573987076,-80.00062018,42003562400
0026D00016000000,342 ELLA ST,TWO FAMILY,RESIDENTIAL,Private,Bloomfield,R2-VH,40.46210510059948,-79.9529591,42003080200
0015M00170000000,0 SYLVANIA AVE,VACANT LAND,RESIDENTIAL,City,Beltzhoover,R2-H,40.41720175339854,-79.99997493,42003562400
0076K00195000000,3138 MITCHELL ST,TWO FAMILY,RESIDENTIAL,Private,Marshall-Shadeland,R1D-M,40.475488920246626,-80.02693602,42003271600
0020L00004000000,704 BUCYRUS ST,SINGLE FAMILY,RESIDENTIAL,Private,Elliott,R2-H,40.44562423680556,-80.04004617,42003562600
0085N00194000000,1246 BELLEROCK ST,SINGLE FAMILY,RESIDENTIAL,Private,Squirrel Hill North,R2-L,40.44333805233903,-79.92960901,42003140100
0014J00173000000,706 BERND ST,SINGLE FAMILY,RESIDENTIAL,Private,Beltzhoover,R2-H,40.41643587728242,-79.9979059,42003562400
0014G00148000000,920 CLIMAX ST,SINGLE FAMILY,RESIDENTIAL,Private,Allentown,R1D-H,40.419919970707205,-79.98955963,42003180300
0084C00171000000,6015 PENN AVE,RETL/STOR OVER,COMMERCIAL,Private,East Liberty,UNC,40.46149916,-79.92396422,42003111500
0004J00186000000,211 WILBERT ST,SINGLE FAMILY,RESIDENTIAL,Private,Mount Washington,R1D-H,40.42683070995776,-80.01373358,42003191400
0056N00159000000,98 COURTLAND ST,SINGLE FAMILY,RESIDENTIAL,Private,Hazelwood,R1A-VH,40.405083775489395,-79.94668961,42003562901
0023K00237000000,1214 SHERMAN AVE,TWO FAMILY,RESIDENTIAL,Private,Central Northside,R1A-VH,40.45591036,-80.0097382,42003565100
0174R00273000000,7711 HAMILTON AVE,SINGLE FAMILY,RESIDENTIAL,Private,Homewood South,RM-M,40.45282157822531,-79.88839595,42003130800
0036S00200000000,701 WENZELL AVE,SINGLE FAMILY,RESIDENTIAL,Private,Beechview,R1D-M,40.40508827413611,-80.03386464,42003192000
0033B00319000000,0 MOORE AVE,VACANT LAND,RESIDENTIAL,City,Knoxville,R1D-H,40.41177610159249,-79.99297446,42003300100
0013S00104000000,2923 DEVLIN ST,SINGLE FAMILY,RESIDENTIAL,Private,Arlington,R2-L,40.41503011421208,-79.96668766,42003161000
0075R00105000000,3144 MOUNT HOPE RD,SINGLE FAMILY,RESIDENTIAL,Private,Marshall-Shadeland,H,40.47301514313123,-80.03709728,42003271600
0049C00146000000,256 46TH ST,ROWHOUSE,RESIDENTIAL,Private,Central Lawrenceville,R1A-H,40.47146334322807,-79.95728768,42003090200
0010H00171000000,553 MORGAN ST,SINGLE FAMILY,RESIDENTIAL,Private,Middle Hill,RM-M,40.44905280574725,-79.96788077,42003050100
0015D00204000000,401 WINTON ST,SINGLE FAMILY,RESIDENTIAL,Private,Mount Washington,R1D-H,40.42330068016578,-80.00072918,42003180700
0029S00096000000,23 FORRESTER ST,SINGLE FAMILY,RESIDENTIAL,Private,Hazelwood,H,40.42394674687261,-79.94948699,42003562901
0121L00033000000,6920 MANISTEE ST,ROWHOUSE,RESIDENTIAL,Private,Morningside,R1A-H,40.48639907313195,-79.92334506,42003101400
0010M00015000000,2516 HALLETT ST,SINGLE FAMILY,RESIDENTIAL,Private,Middle Hill,RM-M,40.44712003342505,-79.96992991,42003050100
0049L00382000000,0 MAIN ST,VACANT COMMERCIAL LAND,COMMERCIAL,Private,Bloomfield,R1A-VH,40.46504279837443,-79.95475891,42003090300
0174A00071000000,7124 MOUNT VERNON ST,SINGLE FAMILY,RESIDENTIAL,Private,Homewood North,R2-L,40.46160819582733,-79.89636856,42003130200
0173C00005000000,1701 LAPORTE ST,SINGLE FAMILY,RESIDENTIAL,Private,Lincoln-Lemington-Belmar,R1D-L,40.47203064216938,-79.89038263,42003561900
0049G00183000000,4213 GENEVA ST,SINGLE FAMILY,RESIDENTIAL,Private,Central Lawrenceville,R1A-H,40.46752130015268,-79.95561914,42003090200
0174A00062000000,7142 MOUNT VERNON ST,SINGLE FAMILY,RESIDENTIAL,Private,Homewood North,R2-L,40.4614352,-79.89560734,42003130200
0124S00151000000,816 LINCOLN AVE,ROWHOUSE,RESIDENTIAL,Private,Homewood West,R2-L,40.46330330922648,-79.90347844,42003130700
0013D00237000B00,2717 SHELLY ST,TOWNHOUSE,RESIDENTIAL,Private,South Side Slopes,H,40.42295082017635,-79.96836567,42003160800
0013H00220000000,2831 COBDEN ST,SINGLE FAMILY,RESIDENTIAL,Private,South Side Slopes,R1D-H,40.41971272529313,-79.96787023,42003160800
0124M00031000000,6719 DEARY ST,TWO FAMILY,RESIDENTIAL,Private,Lincoln-Lemington-Belmar,RM-M,40.46497615709073,-79.90172418,42003120300
0014N00099000000,425 MICHIGAN ST,SINGLE FAMILY,RESIDENTIAL,Private,Beltzhoover,R2-H,40.41612176114866,-79.99933747,42003562400
0049A00309000000,125 40TH ST,ROWHOUSE,RESIDENTIAL,Private,Central Lawrenceville,RIV-IMU,40.47071546738354,-79.96454016,42003090100
0009S00215000000,1844 WEBSTER AVE,SINGLE FAMILY,RESIDENTIAL,City,Crawford-Roberts,RM-M,40.44483113771001,-79.98325895,42003030500
0014L00178000000,125 CHARLES ST,SINGLE FAMILY,RESIDENTIAL,Private,Knoxville,R1D-H,40.41681897811767,-79.98940563,42003300100
0015F00216000A00,203 TAFT AVE,THREE FAMILY,RESIDENTIAL,Private,Beltzhoover,R2-H,40.418879197191984,-80.00848749,42003562400
0023L00251000000,1108 LORAINE ST,SINGLE FAMILY,RESIDENTIAL,Private,Central Northside,R1A-VH,40.456097764736455,-80.00536411,42003565100
0003R00030000000,25 WELSH WAY,SINGLE FAMILY,RESIDENTIAL,Private,South Side Slopes,H,40.42496281625972,-79.98703472,42003170600
0033R00246000000,127 LAUGHLIN AVE,SINGLE FAMILY,RESIDENTIAL,Private,Carrick,R1D-H,40.404559242645306,-79.9879813,42003290200
0014N00098000000,423 MICHIGAN ST,SINGLE FAMILY,RESIDENTIAL,Private,Beltzhoover,R2-H,40.41611976787551,-79.99942518,42003562400
0003F00061000000,513 E CARSON ST,SINGLE FAMILY,RESIDENTIAL,Private,South Side Flats,RIV-MU,40.428891191961384,-79.99450604,42003170200
0013M00301000000,2932 ARLINGTON AVE,VACANT LAND,RESIDENTIAL,Private,Arlington,R2-L,40.417065854065186,-79.96623277,42003161000
0033C00094000000,20 GRAPE ST,SINGLE FAMILY,RESIDENTIAL,Private,Knoxville,R1D-H,40.41372848504665,-79.98931343,42003300100
0049K00227000000,301 FISK ST,TWO FAMILY,RESIDENTIAL,Private,Central Lawrenceville,R1A-H,40.467051905270026,-79.95830151,42003090200
0114K00190000000,3917 CALIFORNIA AVE,TWO FAMILY,RESIDENTIAL,Private,Brighton Heights,NDO,40.485444946512715,-80.04268722,42003270100
0014G00132000000,1433 ARLINGTON AVE,SINGLE FAMILY,RESIDENTIAL,Private,Allentown,R1D-H,40.41950168278017,-79.98934891,42003180300
0095K00333000002,451 SINTON AVE,TWO FAMILY,RESIDENTIAL,Private,Carrick,R1D-L,40.387377074080185,-79.99164447,42003290400
0005C00186000000,549 SWEETBRIAR ST,SINGLE FAMILY,RESIDENTIAL,Private,Duquesne Heights,P,40.43171461,-80.02282445,42003191100
0029S00043000000,165 GREENFIELD AVE,SINGLE FAMILY,RESIDENTIAL,Private,Greenfield,UI,40.42575172,-79.95050236,42003151600
0174G00003000000,7439 RACE ST,SINGLE FAMILY,RESIDENTIAL,Private,Homewood North,RM-M,40.45760250573261,-79.88940679,42003130200
0006M00312191000,1 TRIMONT LN,CONDOMINIUM,RESIDENTIAL,Private,Duquesne Heights,AP,40.43835334710063,-80.02005298,42003191100
0054J00016000000,309 NAYLOR ST,SINGLE FAMILY,RESIDENTIAL,Private,Greenfield,UI,40.42848312900302,-79.94853501,42003151600
0231F00167000000,8421 DERSAM ST,SINGLE FAMILY,RESIDENTIAL,Private,East Hills,R2-L,40.458430932696466,-79.87765614,42003130600
0022L00167000000,1517 BIDWELL ST,ROWHOUSE,RESIDENTIAL,Private,Manchester,R1A-VH,40.45639673,-80.02202601,42003565200
0042C00093000000,301 TABOR ST,SINGLE FAMILY,RESIDENTIAL,Private,Esplen,R1D-H,40.46191437,-80.05390729,42003562500
0047M00129000000,1541 SPRING GARDEN AVE,LIGHT MANUFACTURING,INDUSTRIAL,Private,Troy Hill,UI,40.46494735618289,-79.98495476,42003241300
0002M00199000000,1621 FORBES AVE,COMM AUX BUILDING,COMMERCIAL,Private,Bluff,UPR-A,40.43788723810589,-79.98390937,42003010302
0004J00178000000,502 NATCHEZ ST,SINGLE FAMILY,RESIDENTIAL,Private,Mount Washington,R1D-H,40.42693464047195,-80.01338219,42003191400
0124S00359000000,1102 LINCOLN AVE,SINGLE FAMILY,RESIDENTIAL,Private,Homewood North,R2-L,40.464230965056494,-79.8999321,42003130700
0055B00360000000,4315 LYDIA ST,SINGLE FAMILY,RESIDENTIAL,Private,Greenfield,R1D-M,40.42120378112439,-79.94114846,42003151600
0003K00161000300,38 WINDOM HILL PL,CONDOMINIUM,RESIDENTIAL,Private,South Side Slopes,H,40.42756660930002,-79.99405234,42003170600
0006M00312394000,1 TRIMONT LN,CONDOMINIUM,RESIDENTIAL,Private,Duquesne Heights,AP,40.43824936840201,-80.01987538,42003191100
0004G00274000000,20 E SYCAMORE ST,SINGLE FAMILY,RESIDENTIAL,Private,Mount Washington,P,40.429979037730604,-80.00389472,42003191400
0012E00339000000,82 S 19TH ST,SINGLE FAMILY,RESIDENTIAL,Private,South Side Flats,LNC,40.42898679292525,-79.97930895,42003170200
0033F00098000000,212 SUNCREST ST,SINGLE FAMILY,RESIDENTIAL,Private,Knoxville,R1D-M,40.41027721,-79.99129118,42003300100
0042M00081000000,2953 GLEN MAWR ST,SINGLE FAMILY,RESIDENTIAL,Private,Sheraden,R1D-H,40.456282794663494,-80.05260977,42003562500
0040D00305000000,1053 RINGGOLD ST,SINGLE FAMILY,RESIDENTIAL,Private,Crafton Heights,R2-L,40.44252796057642,-80.04982159,42003281400
0125H00349000000,6916 BENNETT ST,SINGLE FAMILY,RESIDENTIAL,Private,Homewood West,RM-M,40.45769826167191,-79.90349591,42003130700
0033R00126000000,1 WYNOKA ST,SINGLE FAMILY,RESIDENTIAL,Private,Carrick,R1D-H,40.40598676388546,-79.99093892,42003290200
0173F00179000000,1502 WESTMORELAND AVE,SINGLE FAMILY,RESIDENTIAL,Private,Lincoln-Lemington-Belmar,R1D-L,40.468285656506346,-79.89450001,42003561900
0054L00081000000,3902 WINTERBURN AVE,SINGLE FAMILY,RESIDENTIAL,Private,Greenfield,RM-M,40.42770859311726,-79.94010536,42003151600
0080H00138000A00,5217 LOTUS WAY,SINGLE FAMILY,RESIDENTIAL,Private,Upper Lawrenceville,R1A-VH,40.47905529,-79.95148128,42003101100
0041H00195000000,801 DUBOIS ST,ROWHOUSE,RESIDENTIAL,Private,Crafton Heights,P,40.45013128959254,-80.05071408,42003281400
0014L00271000000,1613 ARLINGTON AVE,VACANT LAND,RESIDENTIAL,City,South Side Slopes,RM-M,40.41843009149312,-79.98758001,42003170600
0134H00180000000,807 BEECHLAND ST,VACANT LAND,RESIDENTIAL,Private,New Homestead,R1D-L,40.380915844009856,-79.91909112,42003565300
0045N00073000000,1312 MARSHALL AVE,SINGLE FAMILY,RESIDENTIAL,Private,Marshall-Shadeland,R1A-VH,40.46374378674123,-80.02888866,42003271600
0060B00087000000,108 MINOOKA ST,SINGLE FAMILY,RESIDENTIAL,Private,Carrick,R2-L,40.40361049883406,-79.99281258,42003290100
0062E00208000000,2511 WENZELL AVE,SINGLE FAMILY,RESIDENTIAL,Private,Beechview,R1D-M,40.39943750333959,-80.02898272,42003192000
0174E00051000000,7050 MONTICELLO ST,SINGLE FAMILY,RESIDENTIAL,Private,Homewood North,R2-L,40.45973052914568,-79.8984774,42003130700
0049L00265000000,0 GARDEN WAY,VACANT LAND,RESIDENTIAL,Private,Central Lawrenceville,LNC,40.46572075345345,-79.95663103,42003090200
0071H00096000000,3505 CHARTIERS AVE,SINGLE FAMILY,RESIDENTIAL,Private,Chartiers City,R1D-L,40.45760397299565,-80.0675652,42003563000
0014C00328000000,4 SHARON ST,SINGLE FAMILY,RESIDENTIAL,Private,South Side Slopes,R1A-VH,40.42146157368332,-79.98809307,42003170600
0174P00294000000,0 KELLY ST,VACANT LAND,RESIDENTIAL,City,Homewood South,RM-M,40.454304211069015,-79.89285863,42003130800
0006E00245000000,1882 GREENLEAF ST,VACANT LAND,RESIDENTIAL,Private,Duquesne Heights,R1D-M,40.43837366120406,-80.03104276,42003191100
0014F00323000A00,842 LOYAL WAY,SINGLE FAMILY,RESIDENTIAL,Private,Allentown,R1D-H,40.41948362525607,-79.99202102,42003180300
0138D00328000001,312 SUNNYLAND AVE,SINGLE FAMILY,RESIDENTIAL,Private,Carrick,R2-L,40.382966127781785,-79.98514842,42003290400
0025H00178000000,324 HANCOCK ST,SINGLE FAMILY,RESIDENTIAL,Private,Polish Hill,R2-H,40.458272499244394,-79.96642696,42003060500
0174K00113000000,7301 FRANKSTOWN AVE,COMMERCIAL GARAGE,COMMERCIAL,Private,Homewood North,RM-M,40.45703091393154,-79.89383597,42003130200
0124G00254000000,6413 APPLE ST,SINGLE FAMILY,RESIDENTIAL,Private,Lincoln-Lemington-Belmar,RM-M,40.468438296815854,-79.90572482,42003120300
0052M00112000000,1025 WILKINS HEIGHTS RD,SINGLE FAMILY,RESIDENTIAL,Private,Squirrel Hill North,R1D-VL,40.44658123,-79.93552401,42003140100
0045B00121000000,2717 MCDOWELL ST,SINGLE FAMILY,RESIDENTIAL,Private,Marshall-Shadeland,R1D-H,40.47028355787898,-80.02682043,42003271600
0126B00301000000,6852 MEADE ST,TWO FAMILY,RESIDENTIAL,Private,Point Breeze North,R1D-L,40.452291463387404,-79.90823587,42003140500
0173F00182000000,1400 WESTMORELAND AVE,SINGLE FAMILY,RESIDENTIAL,Private,Lincoln-Lemington-Belmar,R1D-L,40.46809647053017,-79.89438288,42003561900
0190D00002000000,2903 HOMEHURST AVE,SINGLE FAMILY,RESIDENTIAL,Private,Overbrook,R1D-M,40.37485869993488,-80.00355281,42003320700
0043R00145000000,215 SAGAMORE ST,SINGLE FAMILY,RESIDENTIAL,Private,Esplen,RIV-RM,40.46318877119755,-80.05368283,42003562500
0070C00011000000,3423 MIDDLETOWN RD,SINGLE FAMILY,RESIDENTIAL,Private,Windgap,R2-L,40.45263987,-80.07162281,42003563000
0055P00073000000,4603 MONONGAHELA ST,SINGLE FAMILY,RESIDENTIAL,Private,Hazelwood,R1D-H,40.41491290627851,-79.94424943,42003562901
0015F00039000000,624 MINDORA ST,SINGLE FAMILY,RESIDENTIAL,Private,Mount Washington,R1D-H,40.42107134248653,-80.01124623,42003191500
0095H00197000000,2154 HAZELDELL ST,SINGLE FAMILY,RESIDENTIAL,Private,Carrick,R1D-H,40.39150205345716,-79.98575521,42003290200
0024C00109000000,210 HOMER ST,SINGLE FAMILY,RESIDENTIAL,Private,Spring Garden,UI,40.46217588182222,-79.98820528,42003241300
0172L00114000000,128 BROADCREST DR,SINGLE FAMILY,RESIDENTIAL,Private,Lincoln-Lemington-Belmar,R1D-L,40.47489324783143,-79.88830632,42003561900
0004M00101000000,301 KAMBACH ST,TWO FAMILY,RESIDENTIAL,Private,Mount Washington,R1D-H,40.42645902,-80.00246477,42003180700
0012E00133000000,77 S 16TH ST,VACANT COMMERCIAL LAND,COMMERCIAL,Private,South Side Flats,R1A-VH,40.429597044747425,-79.98247405,42003170200
0174B00064000000,7249 UPLAND ST,SINGLE FAMILY,RESIDENTIAL,Private,Homewood North,R2-L,40.46184172751682,-79.89267365,42003130700
0028L00391000000,506 SEMPLE ST,TWO FAMILY,RESIDENTIAL,Private,Central Oakland,R-MU,40.43617697,-79.95392779,42003040600
0134A00062000000,7 WHEELING ST,TWO FAMILY,RESIDENTIAL,Private,Hays,P,40.382486289999925,-79.93146731,42003565300
0033K00210000000,758 BROWNSVILLE RD,SMALL DETACHED RET(UNDER 10000),COMMERCIAL,Private,Knoxville,LNC,40.408294925620375,-79.99167403,42003300100
0010L00109000100,2318 WYLIE AVE,SINGLE FAMILY,RESIDENTIAL,Private,Middle Hill,RM-M,40.44688982193799,-79.97403935,42003050100
0042N00096000000,1221 FAULKNER ST,SINGLE FAMILY,RESIDENTIAL,Private,Sheraden,R1D-H,40.45440519325142,-80.0640804,42003202200
0014E00249000000,615 FREELAND ST,SINGLE FAMILY,RESIDENTIAL,Private,Allentown,R1D-H,40.419228347720875,-79.99663352,42003180300
0006G00062000000,1534 RUTLEDGE ST,SINGLE FAMILY,RESIDENTIAL,Private,Duquesne Heights,R1A-H,40.43951835315506,-80.02279528,42003191100
0049J00189000000,247 37TH ST,SINGLE FAMILY,RESIDENTIAL,Private,Lower Lawrenceville,R1A-H,40.465157171310594,-79.96317979,42003060300
0056C00039000000,354 FLOWERS AVE,SINGLE FAMILY,RESIDENTIAL,Private,Hazelwood,R1A-H,40.41149625013632,-79.9389278,42003562300
0042H00094000000,3214 STAFFORD ST,SINGLE FAMILY,RESIDENTIAL,Private,Sheraden,H,40.45945528380795,-80.05349662,42003562500
0014D00175000000,19 MONASTERY ST,SINGLE FAMILY,RESIDENTIAL,Private,South Side Slopes,H,40.42354685135014,-79.98525013,42003170600
0129C00047000000,1103 OLIVIA ST,SINGLE FAMILY,RESIDENTIAL,Private,Swisshelm Park,R1D-L,40.42166963019252,-79.90688261,42003141100
0057B00197000000,5273 DYKE ST,SINGLE FAMILY,RESIDENTIAL,Private,Hazelwood,R1A-VH,40.40386738695932,-79.94304732,42003562300
0028A00145000L00,244 DUNSEITH ST,SINGLE FAMILY,RESIDENTIAL,Private,West Oakland,R1A-VH,40.44193229,-79.96479078,42003040200
0174F00191000000,7346 MONTICELLO ST,SINGLE FAMILY,RESIDENTIAL,Private,Homewood North,R2-L,40.458385478620876,-79.89134557,42003130200
0174M00362000000,0 N TYSON ST,VACANT LAND,RESIDENTIAL,Private,Homewood North,RM-M,40.45572792583467,-79.88517719,42003130700
0173N00221000000,7132 CHAUCER ST,SINGLE FAMILY,RESIDENTIAL,Private,Homewood North,R2-L,40.46288723357468,-79.89560087,42003130700
0025G00229000000,2908 PENN AVE,ROWHOUSE,RESIDENTIAL,Private,Strip District,RIV-IMU,40.45791251070766,-79.97378289,42003020300
0041R00075000000,1655 STEUBEN ST,SINGLE FAMILY,RESIDENTIAL,Private,Crafton Heights,R2-L,40.44312916095176,-80.05717787,42003281500
0231F00256000000,8509 FRANKSTOWN AVE,SINGLE FAMILY,RESIDENTIAL,Private,East Hills,R2-L,40.458982694169045,-79.87556553,42003130600
0042N00112000000,3200 CHARTIERS AVE,RETL/APT'S OVER,COMMERCIAL,Private,Sheraden,LNC,40.45396865026131,-80.06432497,42003202200
0050L00062000000,5173 KINCAID ST,SINGLE FAMILY,RESIDENTIAL,Private,Garfield,R1D-H,40.46709473,-79.93991535,42003101900
0174K00326000000,7342 BENNETT ST,SINGLE FAMILY,RESIDENTIAL,City,Homewood South,RM-M,40.455334571429255,-79.89292526,42003130800
0174B00131000000,7250 UPLAND ST,SINGLE FAMILY,RESIDENTIAL,Private,Homewood North,R2-L,40.46144289416842,-79.89270373,42003130700
0174B00190000000,7202 MOUNT VERNON ST,ROWHOUSE,RESIDENTIAL,Private,Homewood North,R2-L,40.46114622,-79.89436484,42003130200
0174P00057000000,564 DUNFERMLINE ST,SINGLE FAMILY,RESIDENTIAL,Private,Homewood South,R1A-VH,40.45343485161688,-79.89425978,42003130800
0013H00107000000,2718 BERG ST,SINGLE FAMILY,RESIDENTIAL,Private,South Side Slopes,R1D-H,40.41923111,-79.96998024,42003160800
0128N00133000000,2831 FERNWALD RD,SINGLE FAMILY,RESIDENTIAL,Private,Squirrel Hill South,R1D-L,40.424614648426896,-79.91554777,42003141400
0095R00116000000,426 OLIVET AVE,SINGLE FAMILY,RESIDENTIAL,Private,Carrick,R1D-L,40.385901457216555,-79.99037272,42003290400
0124G00223000000,1132 PAULSON AVE,APART: 5-19 UNITS,COMMERCIAL,Private,Lincoln-Lemington-Belmar,RM-M,40.467490059610604,-79.90413397,42003120300
0097M00049000000,1025 NORWICH AVE,SINGLE FAMILY,RESIDENTIAL,Private,Brookline,R1D-M,40.388186308077316,-80.01986356,42003191800
0128R00100000000,2005 BEECHWOOD BLVD,MUNICIPAL URBAN RENEWAL,GOVERNMENT,City,Swisshelm Park,P,40.42414068266668,-79.90340686,42003141100
0014L00043000000,113 ORCHARD PL,TWO FAMILY,RESIDENTIAL,Private,Knoxville,R1D-H,40.41832490628031,-79.98901628,42003300100
0027B00014000000,3315 CAMP ST,VACANT LAND,RESIDENTIAL,Private,Upper Hill,R2-L,40.45249772,-79.95876479,42003050600
0015E00153000000,19 SOFFEL ST,SINGLE FAMILY,RESIDENTIAL,Private,Mount Washington,R1D-H,40.41997245649391,-80.01241892,42003191500
0042M00229000000,2956 MERWYN AVE,SINGLE FAMILY,RESIDENTIAL,City,Sheraden,R1D-H,40.45702818739809,-80.05158194,42003562500
0057G00193000000,5518 2ND AVE,ROWHOUSE,RESIDENTIAL,Private,Hazelwood,UI,40.40111759303944,-79.93999444,42003562300
0045M00103000000,2438 N CHARLES ST,VACANT LAND,RESIDENTIAL,Private,Perry South,R1D-H,40.46614861095542,-80.01982798,42003261400
0083A00286000000,5402 BLACK ST,SINGLE FAMILY,RESIDENTIAL,Private,Garfield,R3-M,40.47040206760221,-79.93271029,42003111400
0002M00205000000,1621 FORBES AVE,COMM AUX BUILDING,COMMERCIAL,Private,Bluff,UPR-A,40.43793512022831,-79.98354648,42003010302
0055L00133000000,4553 WINTERBURN AVE,SINGLE FAMILY,RESIDENTIAL,Private,Hazelwood,R1D-M,40.41646503788341,-79.93970613,42003562901
0033S00006000000,1112 WINGATE ST,SINGLE FAMILY,RESIDENTIAL,Private,Carrick,R1D-H,40.40488499249179,-79.9864672,42003290200
0075C00234000000,1508 DAVIS AVE,ROWHOUSE,RESIDENTIAL,Private,Brighton Heights,R1D-M,40.48101382397646,-80.03818318,42003270100
0114G00219000000,3960 BRANDON RD,TWO FAMILY,RESIDENTIAL,Private,Brighton Heights,R1D-M,40.488407476221234,-80.03961819,42003270800
0056D00177000000,453 KILBOURNE ST,SINGLE FAMILY,RESIDENTIAL,Private,Hazelwood,R1D-H,40.41228707839536,-79.9360976,42003562300
0124S00245000B00,6952 MOUNT VERNON ST,ROWHOUSE,RESIDENTIAL,Private,Homewood West,R2-L,40.462457020297805,-79.90010902,42003130700
0025M00254000000,3032 PHELAN WAY,SINGLE FAMILY,RESIDENTIAL,Private,Polish Hill,R2-H,40.45604714192981,-79.96874113,42003060500
0013D00331000000,2834 MARY ST,SINGLE FAMILY,RESIDENTIAL,Private,South Side Slopes,R1A-VH,40.423514648053526,-79.96698992,42003160800
0014H00045000000,2665 S 18TH ST,TWO FAMILY,RESIDENTIAL,Private,South Side Slopes,H,40.41980599653784,-79.9867736,42003170600
0047E00195000000,84 LUELLA ST,SINGLE FAMILY,RESIDENTIAL,Private,Spring Hill-City View,H,40.468565412690836,-79.99785625,42003262000
0049F00353000000,4215 BESSEMER ST,SINGLE FAMILY,RESIDENTIAL,Private,Central Lawrenceville,R1A-H,40.46931407612481,-79.95782786,42003090200
0003H00087000000,1511 E CARSON ST,RETL/APT'S OVER,COMMERCIAL,Private,South Side Flats,LNC,40.42899865091229,-79.98294104,42003170200
0026N00183000A00,730 MCNEIL PL,SINGLE FAMILY,RESIDENTIAL,Private,Upper Hill,R2-L,40.45480411164125,-79.96366393,42003050600
0044H00261000000,2812 CALIFORNIA AVE,ROWHOUSE,RESIDENTIAL,Private,Marshall-Shadeland,R1A-H,40.46913302972754,-80.03536273,42003271600
0050M00035000000,231 N AIKEN AVE,VACANT LAND,RESIDENTIAL,Private,Garfield,R2-H,40.46661833765139,-79.93553345,42003101900
0173B00149000000,1545 LINCOLN AVE,TWO FAMILY,RESIDENTIAL,Private,Lincoln-Lemington-Belmar,LNC,40.469819980142496,-79.89491693,42003561900
0080P00031000000,157 LOCARNA WAY,SINGLE FAMILY,RESIDENTIAL,Private,Central Lawrenceville,R1A-VH,40.47264245773006,-79.96083241,42003090100
0175C00328000000,0 HALE ST,VACANT LAND,RESIDENTIAL,Private,Homewood South,RM-M,40.451417248533126,-79.88783727,42003130800
0042H00244000000,0 SACRAMENTO AVE,VACANT LAND,RESIDENTIAL,Private,Sheraden,R1D-H,40.45782883170948,-80.0501082,42003562500
0173F00328000000,7242 SOMERSET ST,SINGLE FAMILY,RESIDENTIAL,Private,Lincoln-Lemington-Belmar,R1D-L,40.46748165881132,-79.8925028,42003561900
0033B00036000000,104 GRIMES AVE,SINGLE FAMILY,RESIDENTIAL,Private,Knoxville,R1D-H,40.41382808,-79.99269256,42003300100
0003L00008000000,818 NEWTON ST,SINGLE FAMILY,RESIDENTIAL,Private,South Side Slopes,H,40.426106993009725,-79.99083054,42003170600
0013D00238000B00,2718 MCCORD ST,SINGLE FAMILY,RESIDENTIAL,Private,South Side Slopes,H,40.423059711209966,-79.96825226,42003160800
0014R00147000000,140 ROCHELLE ST,ROWHOUSE,RESIDENTIAL,Private,Knoxville,R1D-H,40.41491359376908,-79.98998916,42003300100
0025G00267000000,3101 LIBERTY AVE,OFFICE/WAREHOUSE,COMMERCIAL,Private,Strip District,UI,40.45968360877628,-79.97044731,42003020300
0050L00109000000,0 JORDAN WAY,VACANT LAND,RESIDENTIAL,City,Garfield,R1D-H,40.46644784979502,-79.93848739,42003101900
0004P00008000000,72 DILWORTH ST,SINGLE FAMILY,RESIDENTIAL,Private,Mount Washington,R1D-H,40.42583498590549,-80.01143386,42003191400
0080N00160000000,0 44TH ST,VACANT LAND,RESIDENTIAL,Private,Central Lawrenceville,R1A-VH,40.47379599082847,-79.96340143,42003090100
0003N00180000000,5 MILLBRIDGE ST,SINGLE FAMILY,RESIDENTIAL,Private,Allentown,R1D-H,40.42396219031616,-79.99563935,42003180300
0023G00302000000,1534 FEDERAL ST,SINGLE FAMILY,RESIDENTIAL,Private,Fineview,H,40.459183124800646,-80.00756355,42003250900
0015P00025000000,6 SYLVANIA AVE,SINGLE FAMILY,RESIDENTIAL,Private,Beltzhoover,R2-H,40.41584708540986,-80.00959479,42003562400
0174K00343000000,7308 BENNETT ST,SINGLE FAMILY,RESIDENTIAL,Private,Homewood South,RM-M,40.45568874201125,-79.89418069,42003130800
0010H00170000000,555 MORGAN ST,SINGLE FAMILY,RESIDENTIAL,Private,Middle Hill,RM-M,40.44909253420807,-79.96790139,42003050100
0174L00027000000,7419 IDLEWILD ST,SINGLE FAMILY,RESIDENTIAL,Private,Homewood North,RM-M,40.457146985247626,-79.89063175,42003130200
0021N00162000000,2726 MERWYN AVE,SINGLE FAMILY,RESIDENTIAL,Private,Sheraden,H,40.45440682359144,-80.04913107,42003562500
0174E00133000000,7106 RACE ST,SINGLE FAMILY,RESIDENTIAL,Private,Homewood North,R2-L,40.459083738048406,-79.89765284,42003130200
0185R00059000000,924 BALTIMORE ST,VACANT LAND,RESIDENTIAL,Private,Lincoln Place,R1D-L,40.36643197963105,-79.92036343,42003310200
0124M00002000000,6615 ROWAN ST,VACANT LAND,RESIDENTIAL,City,Lincoln-Lemington-Belmar,RM-M,40.46505758032334,-79.90356793,42003120300
0066C00014000000,439 NOBLESTOWN RD,SINGLE FAMILY,RESIDENTIAL,Private,East Carnegie,R2-L,40.413766859775755,-80.07381991,42003562800
0162H00115000000,115 IVORY AVE,SINGLE FAMILY,RESIDENTIAL,Private,Summer Hill,R1D-M,40.49757728946373,-80.0174393,42003261300
0042S00117000000,0 BERGMAN ST,VACANT LAND,RESIDENTIAL,Private,Sheraden,R1D-H,40.453488737232604,-80.05162192,42003562500
0076K00150000000,1008 GRAND AVE,SINGLE FAMILY,RESIDENTIAL,Private,Marshall-Shadeland,R1D-M,40.47520334638796,-80.02574416,42003271600
0124L00320000000,1130 WASHINGTON BLVD,COMMERCIAL GARAGE,COMMERCIAL,Private,Lincoln-Lemington-Belmar,UI,40.465460736995155,-79.90714784,42003120300
0020L00252000000,1038 LAKEWOOD ST,SINGLE FAMILY,RESIDENTIAL,Private,Elliott,R1D-H,40.44615112493788,-80.03984843,42003562600
0035K00206000000,1745 BROADWAY AVE,SINGLE FAMILY,RESIDENTIAL,Private,Beechview,R1D-H,40.40741259431361,-80.02579984,42003192000
0029S00053000000,205 OTTIS WAY,SINGLE FAMILY,RESIDENTIAL,Private,Greenfield,R1D-H,40.42590649433555,-79.94963407,42003151600
0231P00143000000,646 DORNBUSH ST,SINGLE FAMILY,RESIDENTIAL,Private,East Hills,R2-L,40.45362440557452,-79.87749819,42003130600
0027A00142000000,3028 VANCROFT ST,SINGLE FAMILY,RESIDENTIAL,Private,Upper Hill,R2-L,40.45030006004213,-79.96395073,42003050600
0012M00193000000,105 S 26TH ST,SINGLE FAMILY,RESIDENTIAL,Private,South Side Flats,R2-VH,40.42604664563202,-79.96880333,42003160900
0003P00229000000,825 EUREKA ST,SINGLE FAMILY,RESIDENTIAL,Private,Allentown,R1D-H,40.423898922532835,-79.99284714,42003180300
0027B00169000000,756 ANAHEIM ST,ROWHOUSE,RESIDENTIAL,Private,Upper Hill,R2-L,40.45205014443763,-79.96128433,42003050600
0026E00142000000,3326 MELWOOD AVE,SINGLE FAMILY,RESIDENTIAL,Private,Polish Hill,R2-H,40.45819657693653,-79.96283657,42003060500
0056N00061000000,5150 CHAPLAIN WAY,ROWHOUSE,RESIDENTIAL,Private,Hazelwood,R1A-VH,40.40545370043734,-79.9457696,42003562901
0025G00171000000,3101 LIBERTY AVE,WAREHOUSE,INDUSTRIAL,Private,Strip District,RIV-IMU,40.45998404213699,-79.97065543,42003020300
0035S00278000000,1903 WOODWARD AVE,SINGLE FAMILY,RESIDENTIAL,Private,Brookline,R1D-H,40.40450801875319,-80.01690285,42003191700
0015P00012000000,32 SYLVANIA AVE,SINGLE FAMILY,RESIDENTIAL,City,Beltzhoover,R2-H,40.41600776970299,-80.00841754,42003562400
0014B00310000A00,820 CARNIVAL WAY,SINGLE FAMILY,RESIDENTIAL,Private,Allentown,LNC,40.42222802733914,-79.99297788,42003180300
0057C00270000000,69 CUST ST,SINGLE FAMILY,RESIDENTIAL,Private,Hazelwood,R1A-H,40.402966453360705,-79.93874823,42003562300
0056L00251000000,5027 GLENWOOD AVE,SINGLE FAMILY,RESIDENTIAL,Private,Hazelwood,R1D-M,40.40838869772652,-79.93971584,42003562300
0050R00004000000,5169 PENN AVE,ROWHOUSE,RESIDENTIAL,Private,Garfield,LNC,40.464859933322366,-79.94023891,42003101900
0035M00038000000,1703 RINGWALT ST,SINGLE FAMILY,RESIDENTIAL,Private,Beechview,R1D-M,40.408301313336906,-80.01977384,42003192000
0042G00130000000,3330 GLEN MAWR ST,SINGLE FAMILY,RESIDENTIAL,Private,Sheraden,H,40.45952897302233,-80.05684268,42003562500
0014P00253000000,248 BAUSMAN ST,SINGLE FAMILY,RESIDENTIAL,Private,Knoxville,R1D-H,40.41409032613411,-79.99273349,42003300100
0091J00015000000,353 BALDWIN RD,SINGLE FAMILY,RESIDENTIAL,Private,Hays,UI,40.388371697691866,-79.93232754,42003565300
0014L00047000000,125 ORCHARD PL,SINGLE FAMILY,RESIDENTIAL,Private,Knoxville,R1D-H,40.41831108,-79.98949028,42003300100
0014G00008000000,869 FREELAND ST,SINGLE FAMILY,RESIDENTIAL,Private,Allentown,R1D-H,40.419279043706226,-79.99110848,42003180300
0050K00022000100,314 N WINEBIDDLE ST,ROWHOUSE,RESIDENTIAL,Private,Garfield,R1D-H,40.466911548323004,-79.94217825,42003101900
0173A00040000000,7022 WILTSIE ST,SINGLE FAMILY,RESIDENTIAL,Private,Lincoln-Lemington-Belmar,R1D-L,40.47178141,-79.89638197,42003561900
0013S00004000000,2638 ELSIE ST,SINGLE FAMILY,RESIDENTIAL,Private,Arlington,R2-L,40.415977167094255,-79.96989567,42003161000
0062L00021000000,2445 WOODWARD AVE,SINGLE FAMILY,RESIDENTIAL,Private,Brookline,R1D-M,40.39905300466857,-80.0232085,42003191900
0125A00177000000,233 MAYFLOWER ST,SINGLE FAMILY,RESIDENTIAL,Private,Larimer,R1D-H,40.46175578634473,-79.91276221,42003120900
0049F00155000000,265 FISK ST,SINGLE FAMILY,RESIDENTIAL,Private,Central Lawrenceville,R1A-H,40.467899456113265,-79.95937583,42003090200
0085J00046000000,5555 DUNMOYLE ST,SINGLE FAMILY,RESIDENTIAL,Private,Squirrel Hill North,R1D-L,40.44770656757802,-79.93002452,42003140200
0054L00059000000,583 NEEB ST,SINGLE FAMILY,RESIDENTIAL,Private,Greenfield,H,40.428057572044345,-79.9403058,42003151600
0124K00255000000,0 PAULSON AVE,VACANT LAND,RESIDENTIAL,Private,Larimer,H,40.465844119157865,-79.90895703,42003120900
0075R00087000000,3128 CALIFORNIA AVE,SINGLE FAMILY,RESIDENTIAL,Private,Marshall-Shadeland,R1A-H,40.47301126762625,-80.03759857,42003271600
0049J00006000000,170 37TH ST,SINGLE FAMILY,RESIDENTIAL,Private,Lower Lawrenceville,R1A-VH,40.46664256578859,-79.96613362,42003060300
0096E00223000000,1138 CREEDMOOR AVE,SINGLE FAMILY,RESIDENTIAL,Private,Brookline,R1D-M,40.390323176084344,-80.01429108,42003191800
0033A00299000000,416 ARABELLA ST,SINGLE FAMILY,RESIDENTIAL,Private,Knoxville,R1D-H,40.412624714962746,-79.99581387,42003300100
0028A00145000B00,244 DUNSEITH ST,SINGLE FAMILY,RESIDENTIAL,Private,West Oakland,R1A-VH,40.44193229,-79.96479078,42003040200
0067L00006000000,1009 BELL AVE,WAREHOUSE/MULTI-TENANT,INDUSTRIAL,Private,East Carnegie,UI,40.41806624337065,-80.07410594,42003562800
0083J00066000000,225 N FAIRMOUNT ST,SINGLE FAMILY,RESIDENTIAL,Private,Garfield,R2-H,40.46593133424384,-79.93166696,42003111400
0044H00251000000,2718 CALIFORNIA AVE,SINGLE FAMILY,RESIDENTIAL,Private,Marshall-Shadeland,R1A-H,40.468608543405594,-80.03518722,42003271600
0049M00189000000,4410 WOOLSLAYER WAY,ROWHOUSE,RESIDENTIAL,Private,Bloomfield,R1A-VH,40.46554220253905,-79.95299765,42003090300
0020P00098000000,1115 CRUCIBLE ST,SINGLE FAMILY,RESIDENTIAL,Private,Crafton Heights,R2-L,40.444229418789426,-80.04352821,42003281400
0033G00038000000,630 BROWNSVILLE RD,FAST FOOD/DRIVE THRU WINDOW,COMMERCIAL,Private,Knoxville,LNC,40.40991440520359,-79.99105924,42003300100
0046B00099000000,2512 PERRYSVILLE AVE,SINGLE FAMILY,RESIDENTIAL,Private,Perry South,R1D-H,40.46994001730276,-80.00807651,42003261400
0006R00060000000,458 WYOLA ST,SINGLE FAMILY,RESIDENTIAL,Private,Duquesne Heights,R1A-H,40.43439376626317,-80.02398332,42003191100
0184N00234000000,0 MARGRAY ST,VACANT LAND,RESIDENTIAL,Private,Lincoln Place,R1D-L,40.3673455,-79.91558184,42003310200
0174K00100000000,7223 FRANKSTOWN AVE,TWO FAMILY,RESIDENTIAL,Private,Homewood North,RM-M,40.45737725105628,-79.89512067,42003130200
0014P00155000000,314 ROCHELLE ST,SINGLE FAMILY,RESIDENTIAL,Private,Knoxville,R1D-H,40.41480274331453,-79.99395605,42003300100
0049M00180000000,4309 MILGATE ST,SINGLE FAMILY,RESIDENTIAL,Private,Bloomfield,R1A-VH,40.465406284475634,-79.95333078,42003090300
0015M00117000000,213 SYLVANIA AVE,SINGLE FAMILY,RESIDENTIAL,Private,Beltzhoover,R2-H,40.41759963027498,-80.00334368,42003562400
0035C00044000000,1427 FALLOWFIELD AVE,TWO FAMILY,RESIDENTIAL,Private,Beechview,R1D-H,40.41314902563994,-80.02361933,42003191600
0050M00264000000,5452 KINCAID ST,SINGLE FAMILY,RESIDENTIAL,City,Garfield,R2-H,40.46575601724425,-79.93306924,42003111400
0004F00172000000,222 NATCHEZ ST,SINGLE FAMILY,RESIDENTIAL,Private,Mount Washington,R2-H,40.42927030962458,-80.0104336,42003191400
0019D00198000000,179 STEUBEN ST,OFFICE/STORAGE OVER,COMMERCIAL,Private,West End,LNC,40.44140437,-80.03539946,42003562600
0004L00130000000,0 BOGGS AVE,VACANT COMMERCIAL LAND,COMMERCIAL,Private,Mount Washington,LNC,40.42719493352794,-80.0056289,42003191400
0051E00227020200,622 GROSS ST,CONDOMINIUM,RESIDENTIAL,Private,Bloomfield,R2-H,40.45806963763262,-79.94641237,42003080400
0176A00146000A00,2 FLOTILLA WAY,ROWHOUSE,RESIDENTIAL,Private,Point Breeze,R2-L,40.442484991307914,-79.89647656,42003141200
0124N00405000000,6271 CARVER ST,SINGLE FAMILY,RESIDENTIAL,Private,Larimer,R2-H,40.464097741581746,-79.91412403,42003120900
0051M00073000A00,5535 CENTRE AVE,RES AUX BUILDING (NO HOUSE),RESIDENTIAL,Private,Friendship,UNC,40.45727935285844,-79.93565026,42003080700
0014J00239000000,513 CURTIN AVE,SINGLE FAMILY,RESIDENTIAL,Private,Beltzhoover,R2-H,40.417809103324764,-79.99853459,42003562400
